{
  "status": "complete",
  "completed_checkpoint": 300,
  "cell": {
    "condition": "v0_stable",
    "dataset": "mquake",
    "order": 100,
    "realization": 0
  },
  "run_dir": "/home/derp/cap/pc_cap/results/R1/stage4_sealed_cells/v0_stable-mquake-0-100-992520d17eaa54f5778b",
  "attempt_dir": "/home/derp/cap/pc_cap/results/R1/stage4_sealed_cells/v0_stable-mquake-0-100-992520d17eaa54f5778b/attempt-0000",
  "last_receipt_sha256": "45f1b2b2ab7733d4155ad71d3769ad7689d20fa1b8c7d5b4474f26c0c8ae48d3",
  "banner": "sealed Stage 4; scientific admission also requires complete declared populations",
  "manifest_sha256": "ebe1a5e12d75534c5562e03e2018427beb45d546d8c8478bf0e69b31e31fc864",
  "integrity_profile": "full",
  "phase_timer_summary": {
    "edit": {
      "count": 300,
      "errors": 0,
      "wall_seconds": 185.60446377831977,
      "operation_seconds": 159.48497933900217
    },
    "immediate": {
      "count": 300,
      "errors": 0,
      "wall_seconds": 138.35233255190542,
      "operation_seconds": 106.48269747581799
    },
    "retention": {
      "count": 2,
      "errors": 0,
      "wall_seconds": 145.49636913195718,
      "operation_seconds": 145.2754149629618
    },
    "locality": {
      "count": 2,
      "errors": 0,
      "wall_seconds": 113.74933539301855,
      "operation_seconds": 113.53275696001947
    },
    "unseen": {
      "count": 2,
      "errors": 0,
      "wall_seconds": 328.812461029971,
      "operation_seconds": 328.5945642410079
    },
    "drift": {
      "count": 2,
      "errors": 0,
      "wall_seconds": 166.63915747898864,
      "operation_seconds": 166.0361697130138
    },
    "near_miss": {
      "count": 1,
      "errors": 0,
      "wall_seconds": 246.83295992697822,
      "operation_seconds": 246.7144004990114
    },
    "revision": {
      "count": 1,
      "errors": 0,
      "wall_seconds": 103.24559107603272,
      "operation_seconds": 103.13066272699507
    },
    "composition": {
      "count": 1,
      "errors": 0,
      "wall_seconds": 131.89907584094908,
      "operation_seconds": 131.78264297900023
    },
    "full_validation": {
      "count": 1,
      "errors": 0,
      "wall_seconds": 1287.4891339940368,
      "operation_seconds": 1287.3729970630375
    }
  },
  "phase_timer_scope": "this attempt, verification/clone/operation/restore; excludes phase-file writes and admission/resume",
  "attempt_wall_seconds": 2861.2345360549516,
  "prior_attempt_timer_summary": {},
  "detailed_phase_timers": [
    {
      "phase": "edit:1",
      "identity_check_kind": "in_memory_structure_and_configuration",
      "recipe_verification_seconds": 0.0,
      "identity_verification_seconds": 0.0,
      "identity_check_seconds": 0.0455213759560138,
      "state_hash_seconds": 0.07158178900135681,
      "clone_seconds": 0.005905540019739419,
      "restore_seconds": 0.0,
      "file_write_seconds": 0.047335282957646996,
      "operation_seconds": 3.077165467024315,
      "total_phase_seconds": 3.2476218399824575,
      "scope": "file writes include journal intent/add/flush; excludes this timing receipt and checkpoint writes",
      "mode": "stage4_sealed_cell",
      "banner": "sealed Stage 4; scientific admission also requires complete declared populations"
    },
    {
      "phase": "immediate:1",
      "identity_check_kind": "in_memory_structure_and_configuration",
      "recipe_verification_seconds": 0.0,
      "identity_verification_seconds": 0.0,
      "identity_check_seconds": 0.001719395979307592,
      "state_hash_seconds": 0.08583566104061902,
      "clone_seconds": 0.004618673003278673,
      "restore_seconds": 0.0026238400023430586,
      "file_write_seconds": 0.012145430024247617,
      "operation_seconds": 0.40238665702054277,
      "total_phase_seconds": 0.5094407289871015,
      "scope": "file writes include journal intent/add/flush; excludes this timing receipt and checkpoint writes",
      "mode": "stage4_sealed_cell",
      "banner": "sealed Stage 4; scientific admission also requires complete declared populations"
    },
    {
      "phase": "edit:2",
      "identity_check_kind": "in_memory_structure_and_configuration",
      "recipe_verification_seconds": 0.0,
      "identity_verification_seconds": 0.0,
      "identity_check_seconds": 0.001885794976260513,
      "state_hash_seconds": 0.07097862206865102,
      "clone_seconds": 0.003656048036646098,
      "restore_seconds": 0.0,
      "file_write_seconds": 0.012220064003486186,
      "operation_seconds": 0.30319743003929034,
      "total_phase_seconds": 0.3920349649852142,
      "scope": "file writes include journal intent/add/flush; excludes this timing receipt and checkpoint writes",
      "mode": "stage4_sealed_cell",
      "banner": "sealed Stage 4; scientific admission also requires complete declared populations"
    },
    {
      "phase": "immediate:2",
      "identity_check_kind": "in_memory_structure_and_configuration",
      "recipe_verification_seconds": 0.0,
      "identity_verification_seconds": 0.0,
      "identity_check_seconds": 0.0019302999717183411,
      "state_hash_seconds": 0.08632428693817928,
      "clone_seconds": 0.004491970990784466,
      "restore_seconds": 0.002132989000529051,
      "file_write_seconds": 0.012481254001613706,
      "operation_seconds": 0.2665950410300866,
      "total_phase_seconds": 0.37405969901010394,
      "scope": "file writes include journal intent/add/flush; excludes this timing receipt and checkpoint writes",
      "mode": "stage4_sealed_cell",
      "banner": "sealed Stage 4; scientific admission also requires complete declared populations"
    },
    {
      "phase": "edit:3",
      "identity_check_kind": "in_memory_structure_and_configuration",
      "recipe_verification_seconds": 0.0,
      "identity_verification_seconds": 0.0,
      "identity_check_seconds": 0.0017420990043319762,
      "state_hash_seconds": 0.07039764802902937,
      "clone_seconds": 0.004786374978721142,
      "restore_seconds": 0.0,
      "file_write_seconds": 0.012221365992445499,
      "operation_seconds": 0.6361242169514298,
      "total_phase_seconds": 0.7253632399952039,
      "scope": "file writes include journal intent/add/flush; excludes this timing receipt and checkpoint writes",
      "mode": "stage4_sealed_cell",
      "banner": "sealed Stage 4; scientific admission also requires complete declared populations"
    },
    {
      "phase": "immediate:3",
      "identity_check_kind": "in_memory_structure_and_configuration",
      "recipe_verification_seconds": 0.0,
      "identity_verification_seconds": 0.0,
      "identity_check_seconds": 0.001765224034897983,
      "state_hash_seconds": 0.08744985499652103,
      "clone_seconds": 0.004520383954513818,
      "restore_seconds": 0.001971398014575243,
      "file_write_seconds": 0.012200205004774034,
      "operation_seconds": 0.3927171219838783,
      "total_phase_seconds": 0.500731433974579,
      "scope": "file writes include journal intent/add/flush; excludes this timing receipt and checkpoint writes",
      "mode": "stage4_sealed_cell",
      "banner": "sealed Stage 4; scientific admission also requires complete declared populations"
    },
    {
      "phase": "edit:4",
      "identity_check_kind": "in_memory_structure_and_configuration",
      "recipe_verification_seconds": 0.0,
      "identity_verification_seconds": 0.0,
      "identity_check_seconds": 0.0017384219681844115,
      "state_hash_seconds": 0.07220863894326612,
      "clone_seconds": 0.0035326920333318412,
      "restore_seconds": 0.0,
      "file_write_seconds": 0.01223923999350518,
      "operation_seconds": 0.4503248849650845,
      "total_phase_seconds": 0.5401305650011636,
      "scope": "file writes include journal intent/add/flush; excludes this timing receipt and checkpoint writes",
      "mode": "stage4_sealed_cell",
      "banner": "sealed Stage 4; scientific admission also requires complete declared populations"
    },
    {
      "phase": "immediate:4",
      "identity_check_kind": "in_memory_structure_and_configuration",
      "recipe_verification_seconds": 0.0,
      "identity_verification_seconds": 0.0,
      "identity_check_seconds": 0.0018710969598032534,
      "state_hash_seconds": 0.08785546093713492,
      "clone_seconds": 0.0035186739987693727,
      "restore_seconds": 0.002223110990598798,
      "file_write_seconds": 0.012222237011883408,
      "operation_seconds": 0.31727447401499376,
      "total_phase_seconds": 0.425057943968568,
      "scope": "file writes include journal intent/add/flush; excludes this timing receipt and checkpoint writes",
      "mode": "stage4_sealed_cell",
      "banner": "sealed Stage 4; scientific admission also requires complete declared populations"
    },
    {
      "phase": "edit:5",
      "identity_check_kind": "in_memory_structure_and_configuration",
      "recipe_verification_seconds": 0.0,
      "identity_verification_seconds": 0.0,
      "identity_check_seconds": 0.001770624949131161,
      "state_hash_seconds": 0.07044581096852198,
      "clone_seconds": 0.0037005330086685717,
      "restore_seconds": 0.0,
      "file_write_seconds": 0.0013394270208664238,
      "operation_seconds": 0.6140725170262158,
      "total_phase_seconds": 0.6914121529553086,
      "scope": "file writes include journal intent/add/flush; excludes this timing receipt and checkpoint writes",
      "mode": "stage4_sealed_cell",
      "banner": "sealed Stage 4; scientific admission also requires complete declared populations"
    },
    {
      "phase": "immediate:5",
      "identity_check_kind": "in_memory_structure_and_configuration",
      "recipe_verification_seconds": 0.0,
      "identity_verification_seconds": 0.0,
      "identity_check_seconds": 0.0018560379394330084,
      "state_hash_seconds": 0.08803513686871156,
      "clone_seconds": 0.004373483010567725,
      "restore_seconds": 0.0019036580342799425,
      "file_write_seconds": 0.012328100041486323,
      "operation_seconds": 0.3548000829759985,
      "total_phase_seconds": 0.46339153102599084,
      "scope": "file writes include journal intent/add/flush; excludes this timing receipt and checkpoint writes",
      "mode": "stage4_sealed_cell",
      "banner": "sealed Stage 4; scientific admission also requires complete declared populations"
    },
    {
      "phase": "edit:6",
      "identity_check_kind": "in_memory_structure_and_configuration",
      "recipe_verification_seconds": 0.0,
      "identity_verification_seconds": 0.0,
      "identity_check_seconds": 0.0018543049809522927,
      "state_hash_seconds": 0.0711856780690141,
      "clone_seconds": 0.004009825992397964,
      "restore_seconds": 0.0,
      "file_write_seconds": 0.0122704699751921,
      "operation_seconds": 0.4328218949958682,
      "total_phase_seconds": 0.5222312860423699,
      "scope": "file writes include journal intent/add/flush; excludes this timing receipt and checkpoint writes",
      "mode": "stage4_sealed_cell",
      "banner": "sealed Stage 4; scientific admission also requires complete declared populations"
    },
    {
      "phase": "immediate:6",
      "identity_check_kind": "in_memory_structure_and_configuration",
      "recipe_verification_seconds": 0.0,
      "identity_verification_seconds": 0.0,
      "identity_check_seconds": 0.0018429519259370863,
      "state_hash_seconds": 0.08819918899098411,
      "clone_seconds": 0.004230138962157071,
      "restore_seconds": 0.0018463190062902868,
      "file_write_seconds": 0.01225739496294409,
      "operation_seconds": 0.31288371700793505,
      "total_phase_seconds": 0.4213691030163318,
      "scope": "file writes include journal intent/add/flush; excludes this timing receipt and checkpoint writes",
      "mode": "stage4_sealed_cell",
      "banner": "sealed Stage 4; scientific admission also requires complete declared populations"
    },
    {
      "phase": "edit:7",
      "identity_check_kind": "in_memory_structure_and_configuration",
      "recipe_verification_seconds": 0.0,
      "identity_verification_seconds": 0.0,
      "identity_check_seconds": 0.0017842710367403924,
      "state_hash_seconds": 0.07137302798219025,
      "clone_seconds": 0.00414888298837468,
      "restore_seconds": 0.0,
      "file_write_seconds": 0.012247676029801369,
      "operation_seconds": 0.5856255100225098,
      "total_phase_seconds": 0.6752661539940163,
      "scope": "file writes include journal intent/add/flush; excludes this timing receipt and checkpoint writes",
      "mode": "stage4_sealed_cell",
      "banner": "sealed Stage 4; scientific admission also requires complete declared populations"
    },
    {
      "phase": "immediate:7",
      "identity_check_kind": "in_memory_structure_and_configuration",
      "recipe_verification_seconds": 0.0,
      "identity_verification_seconds": 0.0,
      "identity_check_seconds": 0.001729123992845416,
      "state_hash_seconds": 0.0873025719774887,
      "clone_seconds": 0.005093292973469943,
      "restore_seconds": 0.0023149180342443287,
      "file_write_seconds": 0.012187962012831122,
      "operation_seconds": 0.3585012269904837,
      "total_phase_seconds": 0.4672238869825378,
      "scope": "file writes include journal intent/add/flush; excludes this timing receipt and checkpoint writes",
      "mode": "stage4_sealed_cell",
      "banner": "sealed Stage 4; scientific admission also requires complete declared populations"
    },
    {
      "phase": "edit:8",
      "identity_check_kind": "in_memory_structure_and_configuration",
      "recipe_verification_seconds": 0.0,
      "identity_verification_seconds": 0.0,
      "identity_check_seconds": 0.00258036598097533,
      "state_hash_seconds": 0.07047874294221401,
      "clone_seconds": 0.004125426989048719,
      "restore_seconds": 0.0,
      "file_write_seconds": 0.012359540967736393,
      "operation_seconds": 0.4395904690027237,
      "total_phase_seconds": 0.5292157439980656,
      "scope": "file writes include journal intent/add/flush; excludes this timing receipt and checkpoint writes",
      "mode": "stage4_sealed_cell",
      "banner": "sealed Stage 4; scientific admission also requires complete declared populations"
    },
    {
      "phase": "immediate:8",
      "identity_check_kind": "in_memory_structure_and_configuration",
      "recipe_verification_seconds": 0.0,
      "identity_verification_seconds": 0.0,
      "identity_check_seconds": 0.0017967940075322986,
      "state_hash_seconds": 0.0884359129704535,
      "clone_seconds": 0.004038882034365088,
      "restore_seconds": 0.001960928027983755,
      "file_write_seconds": 0.0013033689465373755,
      "operation_seconds": 0.31417990097543225,
      "total_phase_seconds": 0.4118131760042161,
      "scope": "file writes include journal intent/add/flush; excludes this timing receipt and checkpoint writes",
      "mode": "stage4_sealed_cell",
      "banner": "sealed Stage 4; scientific admission also requires complete declared populations"
    },
    {
      "phase": "edit:9",
      "identity_check_kind": "in_memory_structure_and_configuration",
      "recipe_verification_seconds": 0.0,
      "identity_verification_seconds": 0.0,
      "identity_check_seconds": 0.002250893972814083,
      "state_hash_seconds": 0.07010126003297046,
      "clone_seconds": 0.004092484014108777,
      "restore_seconds": 0.0,
      "file_write_seconds": 0.012174976989626884,
      "operation_seconds": 0.7697146130376495,
      "total_phase_seconds": 0.858436826034449,
      "scope": "file writes include journal intent/add/flush; excludes this timing receipt and checkpoint writes",
      "mode": "stage4_sealed_cell",
      "banner": "sealed Stage 4; scientific admission also requires complete declared populations"
    },
    {
      "phase": "immediate:9",
      "identity_check_kind": "in_memory_structure_and_configuration",
      "recipe_verification_seconds": 0.0,
      "identity_verification_seconds": 0.0,
      "identity_check_seconds": 0.0017261189641430974,
      "state_hash_seconds": 0.08541744895046577,
      "clone_seconds": 0.0039836359792388976,
      "restore_seconds": 0.0020200919825583696,
      "file_write_seconds": 0.01233370101545006,
      "operation_seconds": 0.35880581103265285,
      "total_phase_seconds": 0.4643806670210324,
      "scope": "file writes include journal intent/add/flush; excludes this timing receipt and checkpoint writes",
      "mode": "stage4_sealed_cell",
      "banner": "sealed Stage 4; scientific admission also requires complete declared populations"
    },
    {
      "phase": "edit:10",
      "identity_check_kind": "in_memory_structure_and_configuration",
      "recipe_verification_seconds": 0.0,
      "identity_verification_seconds": 0.0,
      "identity_check_seconds": 0.0017399850185029209,
      "state_hash_seconds": 0.06904593808576465,
      "clone_seconds": 0.004644753003958613,
      "restore_seconds": 0.0,
      "file_write_seconds": 0.012276751978788525,
      "operation_seconds": 0.29038768698228523,
      "total_phase_seconds": 0.37819387402851135,
      "scope": "file writes include journal intent/add/flush; excludes this timing receipt and checkpoint writes",
      "mode": "stage4_sealed_cell",
      "banner": "sealed Stage 4; scientific admission also requires complete declared populations"
    },
    {
      "phase": "immediate:10",
      "identity_check_kind": "in_memory_structure_and_configuration",
      "recipe_verification_seconds": 0.0,
      "identity_verification_seconds": 0.0,
      "identity_check_seconds": 0.0017818550113588572,
      "state_hash_seconds": 0.08740532002411783,
      "clone_seconds": 0.0037183670210652053,
      "restore_seconds": 0.0017982670105993748,
      "file_write_seconds": 0.01208816102007404,
      "operation_seconds": 0.2696506180218421,
      "total_phase_seconds": 0.37654849101090804,
      "scope": "file writes include journal intent/add/flush; excludes this timing receipt and checkpoint writes",
      "mode": "stage4_sealed_cell",
      "banner": "sealed Stage 4; scientific admission also requires complete declared populations"
    },
    {
      "phase": "edit:11",
      "identity_check_kind": "in_memory_structure_and_configuration",
      "recipe_verification_seconds": 0.0,
      "identity_verification_seconds": 0.0,
      "identity_check_seconds": 0.0019402779871597886,
      "state_hash_seconds": 0.07128710299730301,
      "clone_seconds": 0.004352283023763448,
      "restore_seconds": 0.0,
      "file_write_seconds": 0.012220023025292903,
      "operation_seconds": 0.7635095990262926,
      "total_phase_seconds": 0.8533984490204602,
      "scope": "file writes include journal intent/add/flush; excludes this timing receipt and checkpoint writes",
      "mode": "stage4_sealed_cell",
      "banner": "sealed Stage 4; scientific admission also requires complete declared populations"
    },
    {
      "phase": "immediate:11",
      "identity_check_kind": "in_memory_structure_and_configuration",
      "recipe_verification_seconds": 0.0,
      "identity_verification_seconds": 0.0,
      "identity_check_seconds": 0.0019287969917058945,
      "state_hash_seconds": 0.08802243100944906,
      "clone_seconds": 0.0042880600085482,
      "restore_seconds": 0.0018152599805034697,
      "file_write_seconds": 0.012252915999852121,
      "operation_seconds": 0.40479855000739917,
      "total_phase_seconds": 0.5132067769882269,
      "scope": "file writes include journal intent/add/flush; excludes this timing receipt and checkpoint writes",
      "mode": "stage4_sealed_cell",
      "banner": "sealed Stage 4; scientific admission also requires complete declared populations"
    },
    {
      "phase": "edit:12",
      "identity_check_kind": "in_memory_structure_and_configuration",
      "recipe_verification_seconds": 0.0,
      "identity_verification_seconds": 0.0,
      "identity_check_seconds": 0.0023085849825292826,
      "state_hash_seconds": 0.07092472800286487,
      "clone_seconds": 0.0038465539691969752,
      "restore_seconds": 0.0,
      "file_write_seconds": 0.01228586002252996,
      "operation_seconds": 0.7855766080319881,
      "total_phase_seconds": 0.875031063973438,
      "scope": "file writes include journal intent/add/flush; excludes this timing receipt and checkpoint writes",
      "mode": "stage4_sealed_cell",
      "banner": "sealed Stage 4; scientific admission also requires complete declared populations"
    },
    {
      "phase": "immediate:12",
      "identity_check_kind": "in_memory_structure_and_configuration",
      "recipe_verification_seconds": 0.0,
      "identity_verification_seconds": 0.0,
      "identity_check_seconds": 0.0018146689981222153,
      "state_hash_seconds": 0.08842178905615583,
      "clone_seconds": 0.004234766005538404,
      "restore_seconds": 0.0019083879888057709,
      "file_write_seconds": 0.001362641982268542,
      "operation_seconds": 0.35823764302767813,
      "total_phase_seconds": 0.45608628902118653,
      "scope": "file writes include journal intent/add/flush; excludes this timing receipt and checkpoint writes",
      "mode": "stage4_sealed_cell",
      "banner": "sealed Stage 4; scientific admission also requires complete declared populations"
    },
    {
      "phase": "edit:13",
      "identity_check_kind": "in_memory_structure_and_configuration",
      "recipe_verification_seconds": 0.0,
      "identity_verification_seconds": 0.0,
      "identity_check_seconds": 0.001836840994656086,
      "state_hash_seconds": 0.07085807994008064,
      "clone_seconds": 0.00422722299117595,
      "restore_seconds": 0.0,
      "file_write_seconds": 0.012221715995110571,
      "operation_seconds": 0.4771900500054471,
      "total_phase_seconds": 0.5664208480156958,
      "scope": "file writes include journal intent/add/flush; excludes this timing receipt and checkpoint writes",
      "mode": "stage4_sealed_cell",
      "banner": "sealed Stage 4; scientific admission also requires complete declared populations"
    },
    {
      "phase": "immediate:13",
      "identity_check_kind": "in_memory_structure_and_configuration",
      "recipe_verification_seconds": 0.0,
      "identity_verification_seconds": 0.0,
      "identity_check_seconds": 0.0018890509963966906,
      "state_hash_seconds": 0.0889168549911119,
      "clone_seconds": 0.004001380002591759,
      "restore_seconds": 0.0017973650246858597,
      "file_write_seconds": 0.012352666992228478,
      "operation_seconds": 0.3130733309662901,
      "total_phase_seconds": 0.4221322850207798,
      "scope": "file writes include journal intent/add/flush; excludes this timing receipt and checkpoint writes",
      "mode": "stage4_sealed_cell",
      "banner": "sealed Stage 4; scientific admission also requires complete declared populations"
    },
    {
      "phase": "edit:14",
      "identity_check_kind": "in_memory_structure_and_configuration",
      "recipe_verification_seconds": 0.0,
      "identity_verification_seconds": 0.0,
      "identity_check_seconds": 0.0020567630417644978,
      "state_hash_seconds": 0.07041332998778671,
      "clone_seconds": 0.004065272049047053,
      "restore_seconds": 0.0,
      "file_write_seconds": 0.012196437979582697,
      "operation_seconds": 0.29374349903082475,
      "total_phase_seconds": 0.3825720159802586,
      "scope": "file writes include journal intent/add/flush; excludes this timing receipt and checkpoint writes",
      "mode": "stage4_sealed_cell",
      "banner": "sealed Stage 4; scientific admission also requires complete declared populations"
    },
    {
      "phase": "immediate:14",
      "identity_check_kind": "in_memory_structure_and_configuration",
      "recipe_verification_seconds": 0.0,
      "identity_verification_seconds": 0.0,
      "identity_check_seconds": 0.001872077991720289,
      "state_hash_seconds": 0.08843171707121655,
      "clone_seconds": 0.003916898043826222,
      "restore_seconds": 0.0017988490290008485,
      "file_write_seconds": 0.012497685034759343,
      "operation_seconds": 0.26897003303747624,
      "total_phase_seconds": 0.37760718003846705,
      "scope": "file writes include journal intent/add/flush; excludes this timing receipt and checkpoint writes",
      "mode": "stage4_sealed_cell",
      "banner": "sealed Stage 4; scientific admission also requires complete declared populations"
    },
    {
      "phase": "edit:15",
      "identity_check_kind": "in_memory_structure_and_configuration",
      "recipe_verification_seconds": 0.0,
      "identity_verification_seconds": 0.0,
      "identity_check_seconds": 0.002163796918466687,
      "state_hash_seconds": 0.07135966198984534,
      "clone_seconds": 0.004106462001800537,
      "restore_seconds": 0.0,
      "file_write_seconds": 0.01229683100245893,
      "operation_seconds": 0.30107764701824635,
      "total_phase_seconds": 0.3911092809867114,
      "scope": "file writes include journal intent/add/flush; excludes this timing receipt and checkpoint writes",
      "mode": "stage4_sealed_cell",
      "banner": "sealed Stage 4; scientific admission also requires complete declared populations"
    },
    {
      "phase": "immediate:15",
      "identity_check_kind": "in_memory_structure_and_configuration",
      "recipe_verification_seconds": 0.0,
      "identity_verification_seconds": 0.0,
      "identity_check_seconds": 0.001867300015874207,
      "state_hash_seconds": 0.08776531898183748,
      "clone_seconds": 0.004545943986158818,
      "restore_seconds": 0.0018164920038543642,
      "file_write_seconds": 0.012275881017558277,
      "operation_seconds": 0.27268214896321297,
      "total_phase_seconds": 0.3810678629670292,
      "scope": "file writes include journal intent/add/flush; excludes this timing receipt and checkpoint writes",
      "mode": "stage4_sealed_cell",
      "banner": "sealed Stage 4; scientific admission also requires complete declared populations"
    },
    {
      "phase": "edit:16",
      "identity_check_kind": "in_memory_structure_and_configuration",
      "recipe_verification_seconds": 0.0,
      "identity_verification_seconds": 0.0,
      "identity_check_seconds": 0.0018197769531980157,
      "state_hash_seconds": 0.07327203982276842,
      "clone_seconds": 0.004412697977386415,
      "restore_seconds": 0.0,
      "file_write_seconds": 0.012452217983081937,
      "operation_seconds": 0.29824177199043334,
      "total_phase_seconds": 0.3902860719827004,
      "scope": "file writes include journal intent/add/flush; excludes this timing receipt and checkpoint writes",
      "mode": "stage4_sealed_cell",
      "banner": "sealed Stage 4; scientific admission also requires complete declared populations"
    },
    {
      "phase": "immediate:16",
      "identity_check_kind": "in_memory_structure_and_configuration",
      "recipe_verification_seconds": 0.0,
      "identity_verification_seconds": 0.0,
      "identity_check_seconds": 0.001738151942845434,
      "state_hash_seconds": 0.08670934493420646,
      "clone_seconds": 0.0037900549941696227,
      "restore_seconds": 0.0019217029912397265,
      "file_write_seconds": 0.012279557005967945,
      "operation_seconds": 0.2698879129602574,
      "total_phase_seconds": 0.3764212260139175,
      "scope": "file writes include journal intent/add/flush; excludes this timing receipt and checkpoint writes",
      "mode": "stage4_sealed_cell",
      "banner": "sealed Stage 4; scientific admission also requires complete declared populations"
    },
    {
      "phase": "edit:17",
      "identity_check_kind": "in_memory_structure_and_configuration",
      "recipe_verification_seconds": 0.0,
      "identity_verification_seconds": 0.0,
      "identity_check_seconds": 0.0019801760208792984,
      "state_hash_seconds": 0.06974473706213757,
      "clone_seconds": 0.003745029040146619,
      "restore_seconds": 0.0,
      "file_write_seconds": 0.013006881985347718,
      "operation_seconds": 0.29592248500557616,
      "total_phase_seconds": 0.3844927979516797,
      "scope": "file writes include journal intent/add/flush; excludes this timing receipt and checkpoint writes",
      "mode": "stage4_sealed_cell",
      "banner": "sealed Stage 4; scientific admission also requires complete declared populations"
    },
    {
      "phase": "immediate:17",
      "identity_check_kind": "in_memory_structure_and_configuration",
      "recipe_verification_seconds": 0.0,
      "identity_verification_seconds": 0.0,
      "identity_check_seconds": 0.0017500239773653448,
      "state_hash_seconds": 0.08840656804386526,
      "clone_seconds": 0.004522308998275548,
      "restore_seconds": 0.0024290060391649604,
      "file_write_seconds": 0.01238333701621741,
      "operation_seconds": 0.3099750020192005,
      "total_phase_seconds": 0.41956301004393026,
      "scope": "file writes include journal intent/add/flush; excludes this timing receipt and checkpoint writes",
      "mode": "stage4_sealed_cell",
      "banner": "sealed Stage 4; scientific admission also requires complete declared populations"
    },
    {
      "phase": "edit:18",
      "identity_check_kind": "in_memory_structure_and_configuration",
      "recipe_verification_seconds": 0.0,
      "identity_verification_seconds": 0.0,
      "identity_check_seconds": 0.0018735509947873652,
      "state_hash_seconds": 0.0711703080451116,
      "clone_seconds": 0.004098937031812966,
      "restore_seconds": 0.0,
      "file_write_seconds": 0.012227658997289836,
      "operation_seconds": 0.45194412901764736,
      "total_phase_seconds": 0.5414030439569615,
      "scope": "file writes include journal intent/add/flush; excludes this timing receipt and checkpoint writes",
      "mode": "stage4_sealed_cell",
      "banner": "sealed Stage 4; scientific admission also requires complete declared populations"
    },
    {
      "phase": "immediate:18",
      "identity_check_kind": "in_memory_structure_and_configuration",
      "recipe_verification_seconds": 0.0,
      "identity_verification_seconds": 0.0,
      "identity_check_seconds": 0.0017720260075293481,
      "state_hash_seconds": 0.08708012592978776,
      "clone_seconds": 0.004322566033806652,
      "restore_seconds": 0.0021092030219733715,
      "file_write_seconds": 0.012301940005272627,
      "operation_seconds": 0.3115614929702133,
      "total_phase_seconds": 0.4192418250022456,
      "scope": "file writes include journal intent/add/flush; excludes this timing receipt and checkpoint writes",
      "mode": "stage4_sealed_cell",
      "banner": "sealed Stage 4; scientific admission also requires complete declared populations"
    },
    {
      "phase": "edit:19",
      "identity_check_kind": "in_memory_structure_and_configuration",
      "recipe_verification_seconds": 0.0,
      "identity_verification_seconds": 0.0,
      "identity_check_seconds": 0.0018431729986332357,
      "state_hash_seconds": 0.07151108200196177,
      "clone_seconds": 0.004264333983883262,
      "restore_seconds": 0.0,
      "file_write_seconds": 0.012174325005616993,
      "operation_seconds": 0.4487848739954643,
      "total_phase_seconds": 0.53866709000431,
      "scope": "file writes include journal intent/add/flush; excludes this timing receipt and checkpoint writes",
      "mode": "stage4_sealed_cell",
      "banner": "sealed Stage 4; scientific admission also requires complete declared populations"
    },
    {
      "phase": "immediate:19",
      "identity_check_kind": "in_memory_structure_and_configuration",
      "recipe_verification_seconds": 0.0,
      "identity_verification_seconds": 0.0,
      "identity_check_seconds": 0.0019558180356398225,
      "state_hash_seconds": 0.08941290702205151,
      "clone_seconds": 0.00415444397367537,
      "restore_seconds": 0.0019353899988345802,
      "file_write_seconds": 0.012226585997268558,
      "operation_seconds": 0.31521796103334054,
      "total_phase_seconds": 0.425045819953084,
      "scope": "file writes include journal intent/add/flush; excludes this timing receipt and checkpoint writes",
      "mode": "stage4_sealed_cell",
      "banner": "sealed Stage 4; scientific admission also requires complete declared populations"
    },
    {
      "phase": "edit:20",
      "identity_check_kind": "in_memory_structure_and_configuration",
      "recipe_verification_seconds": 0.0,
      "identity_verification_seconds": 0.0,
      "identity_check_seconds": 0.0017234530532732606,
      "state_hash_seconds": 0.06980475306045264,
      "clone_seconds": 0.004091902985237539,
      "restore_seconds": 0.0,
      "file_write_seconds": 0.012191037996672094,
      "operation_seconds": 0.2918070779996924,
      "total_phase_seconds": 0.37970576202496886,
      "scope": "file writes include journal intent/add/flush; excludes this timing receipt and checkpoint writes",
      "mode": "stage4_sealed_cell",
      "banner": "sealed Stage 4; scientific admission also requires complete declared populations"
    },
    {
      "phase": "immediate:20",
      "identity_check_kind": "in_memory_structure_and_configuration",
      "recipe_verification_seconds": 0.0,
      "identity_verification_seconds": 0.0,
      "identity_check_seconds": 0.0017527989693917334,
      "state_hash_seconds": 0.08738325699232519,
      "clone_seconds": 0.004390123998746276,
      "restore_seconds": 0.0018742330139502883,
      "file_write_seconds": 0.012233609042596072,
      "operation_seconds": 0.2737987890141085,
      "total_phase_seconds": 0.38152320502558723,
      "scope": "file writes include journal intent/add/flush; excludes this timing receipt and checkpoint writes",
      "mode": "stage4_sealed_cell",
      "banner": "sealed Stage 4; scientific admission also requires complete declared populations"
    },
    {
      "phase": "edit:21",
      "identity_check_kind": "in_memory_structure_and_configuration",
      "recipe_verification_seconds": 0.0,
      "identity_verification_seconds": 0.0,
      "identity_check_seconds": 0.001855457026977092,
      "state_hash_seconds": 0.07330083200940862,
      "clone_seconds": 0.004284583032131195,
      "restore_seconds": 0.0,
      "file_write_seconds": 0.012176209012977779,
      "operation_seconds": 0.4497353250044398,
      "total_phase_seconds": 0.5414492529816926,
      "scope": "file writes include journal intent/add/flush; excludes this timing receipt and checkpoint writes",
      "mode": "stage4_sealed_cell",
      "banner": "sealed Stage 4; scientific admission also requires complete declared populations"
    },
    {
      "phase": "immediate:21",
      "identity_check_kind": "in_memory_structure_and_configuration",
      "recipe_verification_seconds": 0.0,
      "identity_verification_seconds": 0.0,
      "identity_check_seconds": 0.0017531399498693645,
      "state_hash_seconds": 0.08762211498105898,
      "clone_seconds": 0.006233318010345101,
      "restore_seconds": 0.00196170003619045,
      "file_write_seconds": 0.012244188983459026,
      "operation_seconds": 0.3152483390294947,
      "total_phase_seconds": 0.4251597090042196,
      "scope": "file writes include journal intent/add/flush; excludes this timing receipt and checkpoint writes",
      "mode": "stage4_sealed_cell",
      "banner": "sealed Stage 4; scientific admission also requires complete declared populations"
    },
    {
      "phase": "edit:22",
      "identity_check_kind": "in_memory_structure_and_configuration",
      "recipe_verification_seconds": 0.0,
      "identity_verification_seconds": 0.0,
      "identity_check_seconds": 0.001744894019793719,
      "state_hash_seconds": 0.06967772799544036,
      "clone_seconds": 0.004156627983320504,
      "restore_seconds": 0.0,
      "file_write_seconds": 0.012321697955485433,
      "operation_seconds": 0.7669633500045165,
      "total_phase_seconds": 0.8549435510067269,
      "scope": "file writes include journal intent/add/flush; excludes this timing receipt and checkpoint writes",
      "mode": "stage4_sealed_cell",
      "banner": "sealed Stage 4; scientific admission also requires complete declared populations"
    },
    {
      "phase": "immediate:22",
      "identity_check_kind": "in_memory_structure_and_configuration",
      "recipe_verification_seconds": 0.0,
      "identity_verification_seconds": 0.0,
      "identity_check_seconds": 0.0018584519857540727,
      "state_hash_seconds": 0.08817932195961475,
      "clone_seconds": 0.0045019599492661655,
      "restore_seconds": 0.0020988230244256556,
      "file_write_seconds": 0.012273686996195465,
      "operation_seconds": 0.44777370599331334,
      "total_phase_seconds": 0.5567929840181023,
      "scope": "file writes include journal intent/add/flush; excludes this timing receipt and checkpoint writes",
      "mode": "stage4_sealed_cell",
      "banner": "sealed Stage 4; scientific admission also requires complete declared populations"
    },
    {
      "phase": "edit:23",
      "identity_check_kind": "in_memory_structure_and_configuration",
      "recipe_verification_seconds": 0.0,
      "identity_verification_seconds": 0.0,
      "identity_check_seconds": 0.0017740699695423245,
      "state_hash_seconds": 0.07010321598500013,
      "clone_seconds": 0.004125728039070964,
      "restore_seconds": 0.0,
      "file_write_seconds": 0.012317420041654259,
      "operation_seconds": 0.4793451920268126,
      "total_phase_seconds": 0.5677744829445146,
      "scope": "file writes include journal intent/add/flush; excludes this timing receipt and checkpoint writes",
      "mode": "stage4_sealed_cell",
      "banner": "sealed Stage 4; scientific admission also requires complete declared populations"
    },
    {
      "phase": "immediate:23",
      "identity_check_kind": "in_memory_structure_and_configuration",
      "recipe_verification_seconds": 0.0,
      "identity_verification_seconds": 0.0,
      "identity_check_seconds": 0.0017628989880904555,
      "state_hash_seconds": 0.08990162302507088,
      "clone_seconds": 0.004254635015968233,
      "restore_seconds": 0.00197562703397125,
      "file_write_seconds": 0.012246283993590623,
      "operation_seconds": 0.3558089369907975,
      "total_phase_seconds": 0.46606082801008597,
      "scope": "file writes include journal intent/add/flush; excludes this timing receipt and checkpoint writes",
      "mode": "stage4_sealed_cell",
      "banner": "sealed Stage 4; scientific admission also requires complete declared populations"
    },
    {
      "phase": "edit:24",
      "identity_check_kind": "in_memory_structure_and_configuration",
      "recipe_verification_seconds": 0.0,
      "identity_verification_seconds": 0.0,
      "identity_check_seconds": 0.0019689840264618397,
      "state_hash_seconds": 0.0707344530383125,
      "clone_seconds": 0.005458722996991128,
      "restore_seconds": 0.0,
      "file_write_seconds": 0.012645650014746934,
      "operation_seconds": 0.4315550670144148,
      "total_phase_seconds": 0.522476356010884,
      "scope": "file writes include journal intent/add/flush; excludes this timing receipt and checkpoint writes",
      "mode": "stage4_sealed_cell",
      "banner": "sealed Stage 4; scientific admission also requires complete declared populations"
    },
    {
      "phase": "immediate:24",
      "identity_check_kind": "in_memory_structure_and_configuration",
      "recipe_verification_seconds": 0.0,
      "identity_verification_seconds": 0.0,
      "identity_check_seconds": 0.0018385539879091084,
      "state_hash_seconds": 0.08925739797996357,
      "clone_seconds": 0.004194920998997986,
      "restore_seconds": 0.0019546360126696527,
      "file_write_seconds": 0.012328651966527104,
      "operation_seconds": 0.3113676719949581,
      "total_phase_seconds": 0.4210510830162093,
      "scope": "file writes include journal intent/add/flush; excludes this timing receipt and checkpoint writes",
      "mode": "stage4_sealed_cell",
      "banner": "sealed Stage 4; scientific admission also requires complete declared populations"
    },
    {
      "phase": "edit:25",
      "identity_check_kind": "in_memory_structure_and_configuration",
      "recipe_verification_seconds": 0.0,
      "identity_verification_seconds": 0.0,
      "identity_check_seconds": 0.0018290559528395534,
      "state_hash_seconds": 0.07088101608678699,
      "clone_seconds": 0.004548708035144955,
      "restore_seconds": 0.0,
      "file_write_seconds": 0.012269478989765048,
      "operation_seconds": 0.30822352500399575,
      "total_phase_seconds": 0.39784136501839384,
      "scope": "file writes include journal intent/add/flush; excludes this timing receipt and checkpoint writes",
      "mode": "stage4_sealed_cell",
      "banner": "sealed Stage 4; scientific admission also requires complete declared populations"
    },
    {
      "phase": "immediate:25",
      "identity_check_kind": "in_memory_structure_and_configuration",
      "recipe_verification_seconds": 0.0,
      "identity_verification_seconds": 0.0,
      "identity_check_seconds": 0.0017723269411362708,
      "state_hash_seconds": 0.08958782197441906,
      "clone_seconds": 0.004332785028964281,
      "restore_seconds": 0.0019031779957003891,
      "file_write_seconds": 0.018582749005872756,
      "operation_seconds": 0.27080875798128545,
      "total_phase_seconds": 0.3870870099635795,
      "scope": "file writes include journal intent/add/flush; excludes this timing receipt and checkpoint writes",
      "mode": "stage4_sealed_cell",
      "banner": "sealed Stage 4; scientific admission also requires complete declared populations"
    },
    {
      "phase": "edit:26",
      "identity_check_kind": "in_memory_structure_and_configuration",
      "recipe_verification_seconds": 0.0,
      "identity_verification_seconds": 0.0,
      "identity_check_seconds": 0.0017362369690090418,
      "state_hash_seconds": 0.0706630059867166,
      "clone_seconds": 0.003973376995418221,
      "restore_seconds": 0.0,
      "file_write_seconds": 0.012178173987194896,
      "operation_seconds": 0.32628004503203556,
      "total_phase_seconds": 0.41491519199917093,
      "scope": "file writes include journal intent/add/flush; excludes this timing receipt and checkpoint writes",
      "mode": "stage4_sealed_cell",
      "banner": "sealed Stage 4; scientific admission also requires complete declared populations"
    },
    {
      "phase": "immediate:26",
      "identity_check_kind": "in_memory_structure_and_configuration",
      "recipe_verification_seconds": 0.0,
      "identity_verification_seconds": 0.0,
      "identity_check_seconds": 0.0017521590343676507,
      "state_hash_seconds": 0.08633532986277714,
      "clone_seconds": 0.004607581999152899,
      "restore_seconds": 0.002437501971144229,
      "file_write_seconds": 0.012303593975957483,
      "operation_seconds": 0.27418281498830765,
      "total_phase_seconds": 0.3817159649915993,
      "scope": "file writes include journal intent/add/flush; excludes this timing receipt and checkpoint writes",
      "mode": "stage4_sealed_cell",
      "banner": "sealed Stage 4; scientific admission also requires complete declared populations"
    },
    {
      "phase": "edit:27",
      "identity_check_kind": "in_memory_structure_and_configuration",
      "recipe_verification_seconds": 0.0,
      "identity_verification_seconds": 0.0,
      "identity_check_seconds": 0.0018012829823419452,
      "state_hash_seconds": 0.07213813404086977,
      "clone_seconds": 0.004339407954830676,
      "restore_seconds": 0.0,
      "file_write_seconds": 0.012271272018551826,
      "operation_seconds": 0.4382522940286435,
      "total_phase_seconds": 0.5288938769954257,
      "scope": "file writes include journal intent/add/flush; excludes this timing receipt and checkpoint writes",
      "mode": "stage4_sealed_cell",
      "banner": "sealed Stage 4; scientific admission also requires complete declared populations"
    },
    {
      "phase": "immediate:27",
      "identity_check_kind": "in_memory_structure_and_configuration",
      "recipe_verification_seconds": 0.0,
      "identity_verification_seconds": 0.0,
      "identity_check_seconds": 0.0018389649922028184,
      "state_hash_seconds": 0.08800198294920847,
      "clone_seconds": 0.004049793002195656,
      "restore_seconds": 0.002019561012275517,
      "file_write_seconds": 0.012278124981094152,
      "operation_seconds": 0.31444983900291845,
      "total_phase_seconds": 0.42274487001122907,
      "scope": "file writes include journal intent/add/flush; excludes this timing receipt and checkpoint writes",
      "mode": "stage4_sealed_cell",
      "banner": "sealed Stage 4; scientific admission also requires complete declared populations"
    },
    {
      "phase": "edit:28",
      "identity_check_kind": "in_memory_structure_and_configuration",
      "recipe_verification_seconds": 0.0,
      "identity_verification_seconds": 0.0,
      "identity_check_seconds": 0.0017538319807499647,
      "state_hash_seconds": 0.07218494499102235,
      "clone_seconds": 0.0054742429638281465,
      "restore_seconds": 0.0,
      "file_write_seconds": 0.012122826999984682,
      "operation_seconds": 2.975493523001205,
      "total_phase_seconds": 3.067131274030544,
      "scope": "file writes include journal intent/add/flush; excludes this timing receipt and checkpoint writes",
      "mode": "stage4_sealed_cell",
      "banner": "sealed Stage 4; scientific admission also requires complete declared populations"
    },
    {
      "phase": "immediate:28",
      "identity_check_kind": "in_memory_structure_and_configuration",
      "recipe_verification_seconds": 0.0,
      "identity_verification_seconds": 0.0,
      "identity_check_seconds": 0.0018140470492653549,
      "state_hash_seconds": 0.08645569800864905,
      "clone_seconds": 0.004445510974619538,
      "restore_seconds": 0.0018667580443434417,
      "file_write_seconds": 0.012138908030465245,
      "operation_seconds": 0.4086868229787797,
      "total_phase_seconds": 0.5155117860413156,
      "scope": "file writes include journal intent/add/flush; excludes this timing receipt and checkpoint writes",
      "mode": "stage4_sealed_cell",
      "banner": "sealed Stage 4; scientific admission also requires complete declared populations"
    },
    {
      "phase": "edit:29",
      "identity_check_kind": "in_memory_structure_and_configuration",
      "recipe_verification_seconds": 0.0,
      "identity_verification_seconds": 0.0,
      "identity_check_seconds": 0.0017704429337754846,
      "state_hash_seconds": 0.07122586597688496,
      "clone_seconds": 0.004725397971924394,
      "restore_seconds": 0.0,
      "file_write_seconds": 0.01223802799358964,
      "operation_seconds": 0.6049281990271993,
      "total_phase_seconds": 0.6949782079900615,
      "scope": "file writes include journal intent/add/flush; excludes this timing receipt and checkpoint writes",
      "mode": "stage4_sealed_cell",
      "banner": "sealed Stage 4; scientific admission also requires complete declared populations"
    },
    {
      "phase": "immediate:29",
      "identity_check_kind": "in_memory_structure_and_configuration",
      "recipe_verification_seconds": 0.0,
      "identity_verification_seconds": 0.0,
      "identity_check_seconds": 0.001739063998684287,
      "state_hash_seconds": 0.08887194795534015,
      "clone_seconds": 0.004454308014828712,
      "restore_seconds": 0.0033019889960996807,
      "file_write_seconds": 0.012143886997364461,
      "operation_seconds": 0.3999235149822198,
      "total_phase_seconds": 0.5105400459724478,
      "scope": "file writes include journal intent/add/flush; excludes this timing receipt and checkpoint writes",
      "mode": "stage4_sealed_cell",
      "banner": "sealed Stage 4; scientific admission also requires complete declared populations"
    },
    {
      "phase": "edit:30",
      "identity_check_kind": "in_memory_structure_and_configuration",
      "recipe_verification_seconds": 0.0,
      "identity_verification_seconds": 0.0,
      "identity_check_seconds": 0.0018401170382276177,
      "state_hash_seconds": 0.07246123399818316,
      "clone_seconds": 0.004135716997552663,
      "restore_seconds": 0.0,
      "file_write_seconds": 0.012241564982105047,
      "operation_seconds": 0.7402249380247667,
      "total_phase_seconds": 0.8309936639852822,
      "scope": "file writes include journal intent/add/flush; excludes this timing receipt and checkpoint writes",
      "mode": "stage4_sealed_cell",
      "banner": "sealed Stage 4; scientific admission also requires complete declared populations"
    },
    {
      "phase": "immediate:30",
      "identity_check_kind": "in_memory_structure_and_configuration",
      "recipe_verification_seconds": 0.0,
      "identity_verification_seconds": 0.0,
      "identity_check_seconds": 0.001724706031382084,
      "state_hash_seconds": 0.08648722898215055,
      "clone_seconds": 0.005263199040200561,
      "restore_seconds": 0.001833484973758459,
      "file_write_seconds": 0.01225290703587234,
      "operation_seconds": 0.44751333503518254,
      "total_phase_seconds": 0.5551707550184801,
      "scope": "file writes include journal intent/add/flush; excludes this timing receipt and checkpoint writes",
      "mode": "stage4_sealed_cell",
      "banner": "sealed Stage 4; scientific admission also requires complete declared populations"
    },
    {
      "phase": "edit:31",
      "identity_check_kind": "in_memory_structure_and_configuration",
      "recipe_verification_seconds": 0.0,
      "identity_verification_seconds": 0.0,
      "identity_check_seconds": 0.0018916959525085986,
      "state_hash_seconds": 0.07147382199764252,
      "clone_seconds": 0.004383230989333242,
      "restore_seconds": 0.0,
      "file_write_seconds": 0.012273676984477788,
      "operation_seconds": 0.44355228397762403,
      "total_phase_seconds": 0.5336745709646493,
      "scope": "file writes include journal intent/add/flush; excludes this timing receipt and checkpoint writes",
      "mode": "stage4_sealed_cell",
      "banner": "sealed Stage 4; scientific admission also requires complete declared populations"
    },
    {
      "phase": "immediate:31",
      "identity_check_kind": "in_memory_structure_and_configuration",
      "recipe_verification_seconds": 0.0,
      "identity_verification_seconds": 0.0,
      "identity_check_seconds": 0.0017429510480724275,
      "state_hash_seconds": 0.08787476806901395,
      "clone_seconds": 0.005385742988437414,
      "restore_seconds": 0.0020421850495040417,
      "file_write_seconds": 0.012455674994271249,
      "operation_seconds": 0.3157211960060522,
      "total_phase_seconds": 0.42532769101671875,
      "scope": "file writes include journal intent/add/flush; excludes this timing receipt and checkpoint writes",
      "mode": "stage4_sealed_cell",
      "banner": "sealed Stage 4; scientific admission also requires complete declared populations"
    },
    {
      "phase": "edit:32",
      "identity_check_kind": "in_memory_structure_and_configuration",
      "recipe_verification_seconds": 0.0,
      "identity_verification_seconds": 0.0,
      "identity_check_seconds": 0.0017672069952823222,
      "state_hash_seconds": 0.0717772240168415,
      "clone_seconds": 0.005758479004725814,
      "restore_seconds": 0.0,
      "file_write_seconds": 0.01218249200610444,
      "operation_seconds": 0.2889219070202671,
      "total_phase_seconds": 0.380494985030964,
      "scope": "file writes include journal intent/add/flush; excludes this timing receipt and checkpoint writes",
      "mode": "stage4_sealed_cell",
      "banner": "sealed Stage 4; scientific admission also requires complete declared populations"
    },
    {
      "phase": "immediate:32",
      "identity_check_kind": "in_memory_structure_and_configuration",
      "recipe_verification_seconds": 0.0,
      "identity_verification_seconds": 0.0,
      "identity_check_seconds": 0.0017374310409650207,
      "state_hash_seconds": 0.08676218899199739,
      "clone_seconds": 0.00443115399684757,
      "restore_seconds": 0.0018365700379945338,
      "file_write_seconds": 0.012235332978889346,
      "operation_seconds": 0.27586002001771703,
      "total_phase_seconds": 0.3829702590010129,
      "scope": "file writes include journal intent/add/flush; excludes this timing receipt and checkpoint writes",
      "mode": "stage4_sealed_cell",
      "banner": "sealed Stage 4; scientific admission also requires complete declared populations"
    },
    {
      "phase": "edit:33",
      "identity_check_kind": "in_memory_structure_and_configuration",
      "recipe_verification_seconds": 0.0,
      "identity_verification_seconds": 0.0,
      "identity_check_seconds": 0.0019457500311546028,
      "state_hash_seconds": 0.07283650292083621,
      "clone_seconds": 0.00461315200664103,
      "restore_seconds": 0.0,
      "file_write_seconds": 0.012379317951854318,
      "operation_seconds": 0.4384304960258305,
      "total_phase_seconds": 0.5303016139660031,
      "scope": "file writes include journal intent/add/flush; excludes this timing receipt and checkpoint writes",
      "mode": "stage4_sealed_cell",
      "banner": "sealed Stage 4; scientific admission also requires complete declared populations"
    },
    {
      "phase": "immediate:33",
      "identity_check_kind": "in_memory_structure_and_configuration",
      "recipe_verification_seconds": 0.0,
      "identity_verification_seconds": 0.0,
      "identity_check_seconds": 0.002022436005063355,
      "state_hash_seconds": 0.09154538402799517,
      "clone_seconds": 0.005671381019055843,
      "restore_seconds": 0.0020684649934992194,
      "file_write_seconds": 0.01238127303076908,
      "operation_seconds": 0.31758325500413775,
      "total_phase_seconds": 0.43138574197655544,
      "scope": "file writes include journal intent/add/flush; excludes this timing receipt and checkpoint writes",
      "mode": "stage4_sealed_cell",
      "banner": "sealed Stage 4; scientific admission also requires complete declared populations"
    },
    {
      "phase": "edit:34",
      "identity_check_kind": "in_memory_structure_and_configuration",
      "recipe_verification_seconds": 0.0,
      "identity_verification_seconds": 0.0,
      "identity_check_seconds": 0.0017465180135332048,
      "state_hash_seconds": 0.07001661800313741,
      "clone_seconds": 0.005710566008929163,
      "restore_seconds": 0.0,
      "file_write_seconds": 0.001281175995245576,
      "operation_seconds": 0.29658350301906466,
      "total_phase_seconds": 0.37543074699351564,
      "scope": "file writes include journal intent/add/flush; excludes this timing receipt and checkpoint writes",
      "mode": "stage4_sealed_cell",
      "banner": "sealed Stage 4; scientific admission also requires complete declared populations"
    },
    {
      "phase": "immediate:34",
      "identity_check_kind": "in_memory_structure_and_configuration",
      "recipe_verification_seconds": 0.0,
      "identity_verification_seconds": 0.0,
      "identity_check_seconds": 0.0018190770060755312,
      "state_hash_seconds": 0.08956984692486003,
      "clone_seconds": 0.004142710997257382,
      "restore_seconds": 0.002006947004701942,
      "file_write_seconds": 0.012246243946719915,
      "operation_seconds": 0.2705855390522629,
      "total_phase_seconds": 0.3804579639690928,
      "scope": "file writes include journal intent/add/flush; excludes this timing receipt and checkpoint writes",
      "mode": "stage4_sealed_cell",
      "banner": "sealed Stage 4; scientific admission also requires complete declared populations"
    },
    {
      "phase": "edit:35",
      "identity_check_kind": "in_memory_structure_and_configuration",
      "recipe_verification_seconds": 0.0,
      "identity_verification_seconds": 0.0,
      "identity_check_seconds": 0.001748813025187701,
      "state_hash_seconds": 0.07036631798837334,
      "clone_seconds": 0.004853833990637213,
      "restore_seconds": 0.0,
      "file_write_seconds": 0.012331917998380959,
      "operation_seconds": 0.44704791402909905,
      "total_phase_seconds": 0.5364405520376749,
      "scope": "file writes include journal intent/add/flush; excludes this timing receipt and checkpoint writes",
      "mode": "stage4_sealed_cell",
      "banner": "sealed Stage 4; scientific admission also requires complete declared populations"
    },
    {
      "phase": "immediate:35",
      "identity_check_kind": "in_memory_structure_and_configuration",
      "recipe_verification_seconds": 0.0,
      "identity_verification_seconds": 0.0,
      "identity_check_seconds": 0.0018550759996287525,
      "state_hash_seconds": 0.09008133894531056,
      "clone_seconds": 0.004170124011579901,
      "restore_seconds": 0.0019093400333076715,
      "file_write_seconds": 0.012256223009899259,
      "operation_seconds": 0.31467574200360104,
      "total_phase_seconds": 0.4250529130222276,
      "scope": "file writes include journal intent/add/flush; excludes this timing receipt and checkpoint writes",
      "mode": "stage4_sealed_cell",
      "banner": "sealed Stage 4; scientific admission also requires complete declared populations"
    },
    {
      "phase": "edit:36",
      "identity_check_kind": "in_memory_structure_and_configuration",
      "recipe_verification_seconds": 0.0,
      "identity_verification_seconds": 0.0,
      "identity_check_seconds": 0.00171647995011881,
      "state_hash_seconds": 0.06979461299488321,
      "clone_seconds": 0.005461569002363831,
      "restore_seconds": 0.0,
      "file_write_seconds": 0.012346506002359092,
      "operation_seconds": 0.2998857419588603,
      "total_phase_seconds": 0.3892899330239743,
      "scope": "file writes include journal intent/add/flush; excludes this timing receipt and checkpoint writes",
      "mode": "stage4_sealed_cell",
      "banner": "sealed Stage 4; scientific admission also requires complete declared populations"
    },
    {
      "phase": "immediate:36",
      "identity_check_kind": "in_memory_structure_and_configuration",
      "recipe_verification_seconds": 0.0,
      "identity_verification_seconds": 0.0,
      "identity_check_seconds": 0.0017772360006347299,
      "state_hash_seconds": 0.08848468901123852,
      "clone_seconds": 0.0040850809891708195,
      "restore_seconds": 0.0026133899809792638,
      "file_write_seconds": 0.012301990995183587,
      "operation_seconds": 0.27724108699476346,
      "total_phase_seconds": 0.386609846027568,
      "scope": "file writes include journal intent/add/flush; excludes this timing receipt and checkpoint writes",
      "mode": "stage4_sealed_cell",
      "banner": "sealed Stage 4; scientific admission also requires complete declared populations"
    },
    {
      "phase": "edit:37",
      "identity_check_kind": "in_memory_structure_and_configuration",
      "recipe_verification_seconds": 0.0,
      "identity_verification_seconds": 0.0,
      "identity_check_seconds": 0.0017534310463815928,
      "state_hash_seconds": 0.07053021294996142,
      "clone_seconds": 0.004348816000856459,
      "restore_seconds": 0.0,
      "file_write_seconds": 0.01213259604992345,
      "operation_seconds": 0.9217969460296445,
      "total_phase_seconds": 1.01064915797906,
      "scope": "file writes include journal intent/add/flush; excludes this timing receipt and checkpoint writes",
      "mode": "stage4_sealed_cell",
      "banner": "sealed Stage 4; scientific admission also requires complete declared populations"
    },
    {
      "phase": "immediate:37",
      "identity_check_kind": "in_memory_structure_and_configuration",
      "recipe_verification_seconds": 0.0,
      "identity_verification_seconds": 0.0,
      "identity_check_seconds": 0.0018243560334667563,
      "state_hash_seconds": 0.08950973197352141,
      "clone_seconds": 0.004496858979109675,
      "restore_seconds": 0.0024246880202554166,
      "file_write_seconds": 0.012117246049456298,
      "operation_seconds": 0.39969479700084776,
      "total_phase_seconds": 0.5101738850353286,
      "scope": "file writes include journal intent/add/flush; excludes this timing receipt and checkpoint writes",
      "mode": "stage4_sealed_cell",
      "banner": "sealed Stage 4; scientific admission also requires complete declared populations"
    },
    {
      "phase": "edit:38",
      "identity_check_kind": "in_memory_structure_and_configuration",
      "recipe_verification_seconds": 0.0,
      "identity_verification_seconds": 0.0,
      "identity_check_seconds": 0.0017192160012200475,
      "state_hash_seconds": 0.07275070098694414,
      "clone_seconds": 0.004316383972764015,
      "restore_seconds": 0.0,
      "file_write_seconds": 0.012201117002405226,
      "operation_seconds": 0.4474574689520523,
      "total_phase_seconds": 0.5385323420050554,
      "scope": "file writes include journal intent/add/flush; excludes this timing receipt and checkpoint writes",
      "mode": "stage4_sealed_cell",
      "banner": "sealed Stage 4; scientific admission also requires complete declared populations"
    },
    {
      "phase": "immediate:38",
      "identity_check_kind": "in_memory_structure_and_configuration",
      "recipe_verification_seconds": 0.0,
      "identity_verification_seconds": 0.0,
      "identity_check_seconds": 0.0017532219644635916,
      "state_hash_seconds": 0.08928650297457352,
      "clone_seconds": 0.004557755950372666,
      "restore_seconds": 0.0020753179560415447,
      "file_write_seconds": 0.012271371961105615,
      "operation_seconds": 0.3117255269899033,
      "total_phase_seconds": 0.42177618300775066,
      "scope": "file writes include journal intent/add/flush; excludes this timing receipt and checkpoint writes",
      "mode": "stage4_sealed_cell",
      "banner": "sealed Stage 4; scientific admission also requires complete declared populations"
    },
    {
      "phase": "edit:39",
      "identity_check_kind": "in_memory_structure_and_configuration",
      "recipe_verification_seconds": 0.0,
      "identity_verification_seconds": 0.0,
      "identity_check_seconds": 0.001784831052646041,
      "state_hash_seconds": 0.07155007001711056,
      "clone_seconds": 0.005222289997618645,
      "restore_seconds": 0.0,
      "file_write_seconds": 0.012136543984524906,
      "operation_seconds": 0.754145861021243,
      "total_phase_seconds": 0.8449271820136346,
      "scope": "file writes include journal intent/add/flush; excludes this timing receipt and checkpoint writes",
      "mode": "stage4_sealed_cell",
      "banner": "sealed Stage 4; scientific admission also requires complete declared populations"
    },
    {
      "phase": "immediate:39",
      "identity_check_kind": "in_memory_structure_and_configuration",
      "recipe_verification_seconds": 0.0,
      "identity_verification_seconds": 0.0,
      "identity_check_seconds": 0.0017901609535329044,
      "state_hash_seconds": 0.08857309602899477,
      "clone_seconds": 0.005494281998835504,
      "restore_seconds": 0.001991687051486224,
      "file_write_seconds": 0.012287632969673723,
      "operation_seconds": 0.44731717999093235,
      "total_phase_seconds": 0.5575635610148311,
      "scope": "file writes include journal intent/add/flush; excludes this timing receipt and checkpoint writes",
      "mode": "stage4_sealed_cell",
      "banner": "sealed Stage 4; scientific admission also requires complete declared populations"
    },
    {
      "phase": "edit:40",
      "identity_check_kind": "in_memory_structure_and_configuration",
      "recipe_verification_seconds": 0.0,
      "identity_verification_seconds": 0.0,
      "identity_check_seconds": 0.0019631729810498655,
      "state_hash_seconds": 0.07221838796976954,
      "clone_seconds": 0.004333677003160119,
      "restore_seconds": 0.0,
      "file_write_seconds": 0.01233442296506837,
      "operation_seconds": 0.29716462700162083,
      "total_phase_seconds": 0.3881128070061095,
      "scope": "file writes include journal intent/add/flush; excludes this timing receipt and checkpoint writes",
      "mode": "stage4_sealed_cell",
      "banner": "sealed Stage 4; scientific admission also requires complete declared populations"
    },
    {
      "phase": "immediate:40",
      "identity_check_kind": "in_memory_structure_and_configuration",
      "recipe_verification_seconds": 0.0,
      "identity_verification_seconds": 0.0,
      "identity_check_seconds": 0.0018033570377156138,
      "state_hash_seconds": 0.08918049099156633,
      "clone_seconds": 0.004440492019057274,
      "restore_seconds": 0.0019394269911572337,
      "file_write_seconds": 0.012252715008798987,
      "operation_seconds": 0.272032784007024,
      "total_phase_seconds": 0.381746685015969,
      "scope": "file writes include journal intent/add/flush; excludes this timing receipt and checkpoint writes",
      "mode": "stage4_sealed_cell",
      "banner": "sealed Stage 4; scientific admission also requires complete declared populations"
    },
    {
      "phase": "edit:41",
      "identity_check_kind": "in_memory_structure_and_configuration",
      "recipe_verification_seconds": 0.0,
      "identity_verification_seconds": 0.0,
      "identity_check_seconds": 0.0017444040859118104,
      "state_hash_seconds": 0.07183515396900475,
      "clone_seconds": 0.005535871023312211,
      "restore_seconds": 0.0,
      "file_write_seconds": 0.012309454963542521,
      "operation_seconds": 0.5854930159985088,
      "total_phase_seconds": 0.6770042749703862,
      "scope": "file writes include journal intent/add/flush; excludes this timing receipt and checkpoint writes",
      "mode": "stage4_sealed_cell",
      "banner": "sealed Stage 4; scientific admission also requires complete declared populations"
    },
    {
      "phase": "immediate:41",
      "identity_check_kind": "in_memory_structure_and_configuration",
      "recipe_verification_seconds": 0.0,
      "identity_verification_seconds": 0.0,
      "identity_check_seconds": 0.0018365010037086904,
      "state_hash_seconds": 0.08979196404106915,
      "clone_seconds": 0.005053286033216864,
      "restore_seconds": 0.0023102579871192575,
      "file_write_seconds": 0.012296770000830293,
      "operation_seconds": 0.3688422089908272,
      "total_phase_seconds": 0.4802387240342796,
      "scope": "file writes include journal intent/add/flush; excludes this timing receipt and checkpoint writes",
      "mode": "stage4_sealed_cell",
      "banner": "sealed Stage 4; scientific admission also requires complete declared populations"
    },
    {
      "phase": "edit:42",
      "identity_check_kind": "in_memory_structure_and_configuration",
      "recipe_verification_seconds": 0.0,
      "identity_verification_seconds": 0.0,
      "identity_check_seconds": 0.0018038469715975225,
      "state_hash_seconds": 0.0719484799192287,
      "clone_seconds": 0.004471822001505643,
      "restore_seconds": 0.0,
      "file_write_seconds": 0.01217845402425155,
      "operation_seconds": 1.0444460909930058,
      "total_phase_seconds": 1.134935610985849,
      "scope": "file writes include journal intent/add/flush; excludes this timing receipt and checkpoint writes",
      "mode": "stage4_sealed_cell",
      "banner": "sealed Stage 4; scientific admission also requires complete declared populations"
    },
    {
      "phase": "immediate:42",
      "identity_check_kind": "in_memory_structure_and_configuration",
      "recipe_verification_seconds": 0.0,
      "identity_verification_seconds": 0.0,
      "identity_check_seconds": 0.0017711049877107143,
      "state_hash_seconds": 0.0872907979064621,
      "clone_seconds": 0.004582542984280735,
      "restore_seconds": 0.0019719700212590396,
      "file_write_seconds": 0.012200296041555703,
      "operation_seconds": 0.4496079810196534,
      "total_phase_seconds": 0.5575212499825284,
      "scope": "file writes include journal intent/add/flush; excludes this timing receipt and checkpoint writes",
      "mode": "stage4_sealed_cell",
      "banner": "sealed Stage 4; scientific admission also requires complete declared populations"
    },
    {
      "phase": "edit:43",
      "identity_check_kind": "in_memory_structure_and_configuration",
      "recipe_verification_seconds": 0.0,
      "identity_verification_seconds": 0.0,
      "identity_check_seconds": 0.001833374029956758,
      "state_hash_seconds": 0.07173577405046672,
      "clone_seconds": 0.004441712982952595,
      "restore_seconds": 0.0,
      "file_write_seconds": 0.01229210098972544,
      "operation_seconds": 0.457857845001854,
      "total_phase_seconds": 0.5482580940006301,
      "scope": "file writes include journal intent/add/flush; excludes this timing receipt and checkpoint writes",
      "mode": "stage4_sealed_cell",
      "banner": "sealed Stage 4; scientific admission also requires complete declared populations"
    },
    {
      "phase": "immediate:43",
      "identity_check_kind": "in_memory_structure_and_configuration",
      "recipe_verification_seconds": 0.0,
      "identity_verification_seconds": 0.0,
      "identity_check_seconds": 0.0018520610174164176,
      "state_hash_seconds": 0.08895049005514011,
      "clone_seconds": 0.00473059801151976,
      "restore_seconds": 0.0020800670026801527,
      "file_write_seconds": 0.01228336401982233,
      "operation_seconds": 0.3148982989951037,
      "total_phase_seconds": 0.4248920049867593,
      "scope": "file writes include journal intent/add/flush; excludes this timing receipt and checkpoint writes",
      "mode": "stage4_sealed_cell",
      "banner": "sealed Stage 4; scientific admission also requires complete declared populations"
    },
    {
      "phase": "edit:44",
      "identity_check_kind": "in_memory_structure_and_configuration",
      "recipe_verification_seconds": 0.0,
      "identity_verification_seconds": 0.0,
      "identity_check_seconds": 0.0018016830435954034,
      "state_hash_seconds": 0.06989587697898969,
      "clone_seconds": 0.004563807975500822,
      "restore_seconds": 0.0,
      "file_write_seconds": 0.01229180203517899,
      "operation_seconds": 0.2959970089723356,
      "total_phase_seconds": 0.38463951903395355,
      "scope": "file writes include journal intent/add/flush; excludes this timing receipt and checkpoint writes",
      "mode": "stage4_sealed_cell",
      "banner": "sealed Stage 4; scientific admission also requires complete declared populations"
    },
    {
      "phase": "immediate:44",
      "identity_check_kind": "in_memory_structure_and_configuration",
      "recipe_verification_seconds": 0.0,
      "identity_verification_seconds": 0.0,
      "identity_check_seconds": 0.001760093029588461,
      "state_hash_seconds": 0.08928204601397738,
      "clone_seconds": 0.005796890996862203,
      "restore_seconds": 0.002612848998978734,
      "file_write_seconds": 0.012355662998743355,
      "operation_seconds": 0.3132779540028423,
      "total_phase_seconds": 0.42518695996841416,
      "scope": "file writes include journal intent/add/flush; excludes this timing receipt and checkpoint writes",
      "mode": "stage4_sealed_cell",
      "banner": "sealed Stage 4; scientific admission also requires complete declared populations"
    },
    {
      "phase": "edit:45",
      "identity_check_kind": "in_memory_structure_and_configuration",
      "recipe_verification_seconds": 0.0,
      "identity_verification_seconds": 0.0,
      "identity_check_seconds": 0.001805420033633709,
      "state_hash_seconds": 0.07082425703993067,
      "clone_seconds": 0.004384643980301917,
      "restore_seconds": 0.0,
      "file_write_seconds": 0.012191759014967829,
      "operation_seconds": 0.29535072995349765,
      "total_phase_seconds": 0.3846545980195515,
      "scope": "file writes include journal intent/add/flush; excludes this timing receipt and checkpoint writes",
      "mode": "stage4_sealed_cell",
      "banner": "sealed Stage 4; scientific admission also requires complete declared populations"
    },
    {
      "phase": "immediate:45",
      "identity_check_kind": "in_memory_structure_and_configuration",
      "recipe_verification_seconds": 0.0,
      "identity_verification_seconds": 0.0,
      "identity_check_seconds": 0.0018013719818554819,
      "state_hash_seconds": 0.0901121289934963,
      "clone_seconds": 0.004474106011912227,
      "restore_seconds": 0.0022021710174158216,
      "file_write_seconds": 0.012285809032619,
      "operation_seconds": 0.27213200298137963,
      "total_phase_seconds": 0.3831163690192625,
      "scope": "file writes include journal intent/add/flush; excludes this timing receipt and checkpoint writes",
      "mode": "stage4_sealed_cell",
      "banner": "sealed Stage 4; scientific admission also requires complete declared populations"
    },
    {
      "phase": "edit:46",
      "identity_check_kind": "in_memory_structure_and_configuration",
      "recipe_verification_seconds": 0.0,
      "identity_verification_seconds": 0.0,
      "identity_check_seconds": 0.0017683200421743095,
      "state_hash_seconds": 0.07227914495160803,
      "clone_seconds": 0.006182120006997138,
      "restore_seconds": 0.0,
      "file_write_seconds": 0.012173735012765974,
      "operation_seconds": 0.7371605730149895,
      "total_phase_seconds": 0.8296514910180122,
      "scope": "file writes include journal intent/add/flush; excludes this timing receipt and checkpoint writes",
      "mode": "stage4_sealed_cell",
      "banner": "sealed Stage 4; scientific admission also requires complete declared populations"
    },
    {
      "phase": "immediate:46",
      "identity_check_kind": "in_memory_structure_and_configuration",
      "recipe_verification_seconds": 0.0,
      "identity_verification_seconds": 0.0,
      "identity_check_seconds": 0.0017411179142072797,
      "state_hash_seconds": 0.08894597110338509,
      "clone_seconds": 0.0048576510162092745,
      "restore_seconds": 0.002043477026745677,
      "file_write_seconds": 0.012135411030612886,
      "operation_seconds": 0.40778174897423014,
      "total_phase_seconds": 0.5176061110105366,
      "scope": "file writes include journal intent/add/flush; excludes this timing receipt and checkpoint writes",
      "mode": "stage4_sealed_cell",
      "banner": "sealed Stage 4; scientific admission also requires complete declared populations"
    },
    {
      "phase": "edit:47",
      "identity_check_kind": "in_memory_structure_and_configuration",
      "recipe_verification_seconds": 0.0,
      "identity_verification_seconds": 0.0,
      "identity_check_seconds": 0.001742719963658601,
      "state_hash_seconds": 0.07288984605111182,
      "clone_seconds": 0.005810496979393065,
      "restore_seconds": 0.0,
      "file_write_seconds": 0.001328415994066745,
      "operation_seconds": 0.6194594129920006,
      "total_phase_seconds": 0.7013295629876666,
      "scope": "file writes include journal intent/add/flush; excludes this timing receipt and checkpoint writes",
      "mode": "stage4_sealed_cell",
      "banner": "sealed Stage 4; scientific admission also requires complete declared populations"
    },
    {
      "phase": "immediate:47",
      "identity_check_kind": "in_memory_structure_and_configuration",
      "recipe_verification_seconds": 0.0,
      "identity_verification_seconds": 0.0,
      "identity_check_seconds": 0.0018120839959010482,
      "state_hash_seconds": 0.08954276709118858,
      "clone_seconds": 0.004261156951542944,
      "restore_seconds": 0.002045139961410314,
      "file_write_seconds": 0.012246404017787427,
      "operation_seconds": 0.32202307600528,
      "total_phase_seconds": 0.4320390850189142,
      "scope": "file writes include journal intent/add/flush; excludes this timing receipt and checkpoint writes",
      "mode": "stage4_sealed_cell",
      "banner": "sealed Stage 4; scientific admission also requires complete declared populations"
    },
    {
      "phase": "edit:48",
      "identity_check_kind": "in_memory_structure_and_configuration",
      "recipe_verification_seconds": 0.0,
      "identity_verification_seconds": 0.0,
      "identity_check_seconds": 0.0017776470049284399,
      "state_hash_seconds": 0.07165579905267805,
      "clone_seconds": 0.004893328994512558,
      "restore_seconds": 0.0,
      "file_write_seconds": 0.012202468991745263,
      "operation_seconds": 0.8787428390351124,
      "total_phase_seconds": 0.9693645730149001,
      "scope": "file writes include journal intent/add/flush; excludes this timing receipt and checkpoint writes",
      "mode": "stage4_sealed_cell",
      "banner": "sealed Stage 4; scientific admission also requires complete declared populations"
    },
    {
      "phase": "immediate:48",
      "identity_check_kind": "in_memory_structure_and_configuration",
      "recipe_verification_seconds": 0.0,
      "identity_verification_seconds": 0.0,
      "identity_check_seconds": 0.0018711870070546865,
      "state_hash_seconds": 0.08884467801544815,
      "clone_seconds": 0.004825540003366768,
      "restore_seconds": 0.0018793220515362918,
      "file_write_seconds": 0.0015657410258427262,
      "operation_seconds": 0.4575025839731097,
      "total_phase_seconds": 0.5566209739772603,
      "scope": "file writes include journal intent/add/flush; excludes this timing receipt and checkpoint writes",
      "mode": "stage4_sealed_cell",
      "banner": "sealed Stage 4; scientific admission also requires complete declared populations"
    },
    {
      "phase": "edit:49",
      "identity_check_kind": "in_memory_structure_and_configuration",
      "recipe_verification_seconds": 0.0,
      "identity_verification_seconds": 0.0,
      "identity_check_seconds": 0.0018958339933305979,
      "state_hash_seconds": 0.07122661906760186,
      "clone_seconds": 0.00509181001689285,
      "restore_seconds": 0.0,
      "file_write_seconds": 0.0011946200393140316,
      "operation_seconds": 0.4600915559567511,
      "total_phase_seconds": 0.5395777350058779,
      "scope": "file writes include journal intent/add/flush; excludes this timing receipt and checkpoint writes",
      "mode": "stage4_sealed_cell",
      "banner": "sealed Stage 4; scientific admission also requires complete declared populations"
    },
    {
      "phase": "immediate:49",
      "identity_check_kind": "in_memory_structure_and_configuration",
      "recipe_verification_seconds": 0.0,
      "identity_verification_seconds": 0.0,
      "identity_check_seconds": 0.0017930259928107262,
      "state_hash_seconds": 0.08917541103437543,
      "clone_seconds": 0.004682905972003937,
      "restore_seconds": 0.0019667400047183037,
      "file_write_seconds": 0.012373276986181736,
      "operation_seconds": 0.31795192300342023,
      "total_phase_seconds": 0.4280504090129398,
      "scope": "file writes include journal intent/add/flush; excludes this timing receipt and checkpoint writes",
      "mode": "stage4_sealed_cell",
      "banner": "sealed Stage 4; scientific admission also requires complete declared populations"
    },
    {
      "phase": "edit:50",
      "identity_check_kind": "in_memory_structure_and_configuration",
      "recipe_verification_seconds": 0.0,
      "identity_verification_seconds": 0.0,
      "identity_check_seconds": 0.0018300269730389118,
      "state_hash_seconds": 0.0710480060079135,
      "clone_seconds": 0.00463802000740543,
      "restore_seconds": 0.0,
      "file_write_seconds": 0.012193352973554283,
      "operation_seconds": 0.3024975289590657,
      "total_phase_seconds": 0.3922894620336592,
      "scope": "file writes include journal intent/add/flush; excludes this timing receipt and checkpoint writes",
      "mode": "stage4_sealed_cell",
      "banner": "sealed Stage 4; scientific admission also requires complete declared populations"
    },
    {
      "phase": "immediate:50",
      "identity_check_kind": "in_memory_structure_and_configuration",
      "recipe_verification_seconds": 0.0,
      "identity_verification_seconds": 0.0,
      "identity_check_seconds": 0.0018291359883733094,
      "state_hash_seconds": 0.08929345605429262,
      "clone_seconds": 0.004789630998857319,
      "restore_seconds": 0.0025785930338315666,
      "file_write_seconds": 0.012280119000934064,
      "operation_seconds": 0.2730533400317654,
      "total_phase_seconds": 0.3839202609960921,
      "scope": "file writes include journal intent/add/flush; excludes this timing receipt and checkpoint writes",
      "mode": "stage4_sealed_cell",
      "banner": "sealed Stage 4; scientific admission also requires complete declared populations"
    },
    {
      "phase": "edit:51",
      "identity_check_kind": "in_memory_structure_and_configuration",
      "recipe_verification_seconds": 0.0,
      "identity_verification_seconds": 0.0,
      "identity_check_seconds": 0.0017839689971879125,
      "state_hash_seconds": 0.07158623699797317,
      "clone_seconds": 0.004487021011300385,
      "restore_seconds": 0.0,
      "file_write_seconds": 0.01229678001254797,
      "operation_seconds": 0.5914887590333819,
      "total_phase_seconds": 0.6817424269975163,
      "scope": "file writes include journal intent/add/flush; excludes this timing receipt and checkpoint writes",
      "mode": "stage4_sealed_cell",
      "banner": "sealed Stage 4; scientific admission also requires complete declared populations"
    },
    {
      "phase": "immediate:51",
      "identity_check_kind": "in_memory_structure_and_configuration",
      "recipe_verification_seconds": 0.0,
      "identity_verification_seconds": 0.0,
      "identity_check_seconds": 0.0017439930234104395,
      "state_hash_seconds": 0.08889884094242007,
      "clone_seconds": 0.0047924069804139435,
      "restore_seconds": 0.00202550197718665,
      "file_write_seconds": 0.012289447011426091,
      "operation_seconds": 0.40062339697033167,
      "total_phase_seconds": 0.510476395022124,
      "scope": "file writes include journal intent/add/flush; excludes this timing receipt and checkpoint writes",
      "mode": "stage4_sealed_cell",
      "banner": "sealed Stage 4; scientific admission also requires complete declared populations"
    },
    {
      "phase": "edit:52",
      "identity_check_kind": "in_memory_structure_and_configuration",
      "recipe_verification_seconds": 0.0,
      "identity_verification_seconds": 0.0,
      "identity_check_seconds": 0.0017396649345755577,
      "state_hash_seconds": 0.07176153303589672,
      "clone_seconds": 0.004653840034734458,
      "restore_seconds": 0.0,
      "file_write_seconds": 0.012372925993986428,
      "operation_seconds": 0.7401047570165247,
      "total_phase_seconds": 0.830716171010863,
      "scope": "file writes include journal intent/add/flush; excludes this timing receipt and checkpoint writes",
      "mode": "stage4_sealed_cell",
      "banner": "sealed Stage 4; scientific admission also requires complete declared populations"
    },
    {
      "phase": "immediate:52",
      "identity_check_kind": "in_memory_structure_and_configuration",
      "recipe_verification_seconds": 0.0,
      "identity_verification_seconds": 0.0,
      "identity_check_seconds": 0.0017262190231122077,
      "state_hash_seconds": 0.087812858982943,
      "clone_seconds": 0.004865697002969682,
      "restore_seconds": 0.0018842919962480664,
      "file_write_seconds": 0.012847876991145313,
      "operation_seconds": 0.4024485850241035,
      "total_phase_seconds": 0.5116919139982201,
      "scope": "file writes include journal intent/add/flush; excludes this timing receipt and checkpoint writes",
      "mode": "stage4_sealed_cell",
      "banner": "sealed Stage 4; scientific admission also requires complete declared populations"
    },
    {
      "phase": "edit:53",
      "identity_check_kind": "in_memory_structure_and_configuration",
      "recipe_verification_seconds": 0.0,
      "identity_verification_seconds": 0.0,
      "identity_check_seconds": 0.0017478200024925172,
      "state_hash_seconds": 0.07112567400326952,
      "clone_seconds": 0.004753852030262351,
      "restore_seconds": 0.0,
      "file_write_seconds": 0.012428693007677794,
      "operation_seconds": 0.7752967130509205,
      "total_phase_seconds": 0.8654523739824072,
      "scope": "file writes include journal intent/add/flush; excludes this timing receipt and checkpoint writes",
      "mode": "stage4_sealed_cell",
      "banner": "sealed Stage 4; scientific admission also requires complete declared populations"
    },
    {
      "phase": "immediate:53",
      "identity_check_kind": "in_memory_structure_and_configuration",
      "recipe_verification_seconds": 0.0,
      "identity_verification_seconds": 0.0,
      "identity_check_seconds": 0.0017713350243866444,
      "state_hash_seconds": 0.08959757105913013,
      "clone_seconds": 0.004901114967651665,
      "restore_seconds": 0.0025631930329836905,
      "file_write_seconds": 0.012222097953781486,
      "operation_seconds": 0.4044301339890808,
      "total_phase_seconds": 0.5155788749689236,
      "scope": "file writes include journal intent/add/flush; excludes this timing receipt and checkpoint writes",
      "mode": "stage4_sealed_cell",
      "banner": "sealed Stage 4; scientific admission also requires complete declared populations"
    },
    {
      "phase": "edit:54",
      "identity_check_kind": "in_memory_structure_and_configuration",
      "recipe_verification_seconds": 0.0,
      "identity_verification_seconds": 0.0,
      "identity_check_seconds": 0.0017872459720820189,
      "state_hash_seconds": 0.071905116958078,
      "clone_seconds": 0.0044753680122084916,
      "restore_seconds": 0.0,
      "file_write_seconds": 0.012238219031132758,
      "operation_seconds": 0.44832977099576965,
      "total_phase_seconds": 0.53881957300473,
      "scope": "file writes include journal intent/add/flush; excludes this timing receipt and checkpoint writes",
      "mode": "stage4_sealed_cell",
      "banner": "sealed Stage 4; scientific admission also requires complete declared populations"
    },
    {
      "phase": "immediate:54",
      "identity_check_kind": "in_memory_structure_and_configuration",
      "recipe_verification_seconds": 0.0,
      "identity_verification_seconds": 0.0,
      "identity_check_seconds": 0.0017367899417877197,
      "state_hash_seconds": 0.08955967903602868,
      "clone_seconds": 0.004798276990186423,
      "restore_seconds": 0.002263398957438767,
      "file_write_seconds": 0.01225970999803394,
      "operation_seconds": 0.32066368998494,
      "total_phase_seconds": 0.43137626396492124,
      "scope": "file writes include journal intent/add/flush; excludes this timing receipt and checkpoint writes",
      "mode": "stage4_sealed_cell",
      "banner": "sealed Stage 4; scientific admission also requires complete declared populations"
    },
    {
      "phase": "edit:55",
      "identity_check_kind": "in_memory_structure_and_configuration",
      "recipe_verification_seconds": 0.0,
      "identity_verification_seconds": 0.0,
      "identity_check_seconds": 0.0017674179980531335,
      "state_hash_seconds": 0.07204698101850227,
      "clone_seconds": 0.004940509970765561,
      "restore_seconds": 0.0,
      "file_write_seconds": 0.012132044008467346,
      "operation_seconds": 0.2890438799513504,
      "total_phase_seconds": 0.380023391044233,
      "scope": "file writes include journal intent/add/flush; excludes this timing receipt and checkpoint writes",
      "mode": "stage4_sealed_cell",
      "banner": "sealed Stage 4; scientific admission also requires complete declared populations"
    },
    {
      "phase": "immediate:55",
      "identity_check_kind": "in_memory_structure_and_configuration",
      "recipe_verification_seconds": 0.0,
      "identity_verification_seconds": 0.0,
      "identity_check_seconds": 0.0018720870139077306,
      "state_hash_seconds": 0.0896361650666222,
      "clone_seconds": 0.007507760950829834,
      "restore_seconds": 0.0019936109893023968,
      "file_write_seconds": 0.012229210988152772,
      "operation_seconds": 0.2718108880217187,
      "total_phase_seconds": 0.3851524419733323,
      "scope": "file writes include journal intent/add/flush; excludes this timing receipt and checkpoint writes",
      "mode": "stage4_sealed_cell",
      "banner": "sealed Stage 4; scientific admission also requires complete declared populations"
    },
    {
      "phase": "edit:56",
      "identity_check_kind": "in_memory_structure_and_configuration",
      "recipe_verification_seconds": 0.0,
      "identity_verification_seconds": 0.0,
      "identity_check_seconds": 0.0018272109446115792,
      "state_hash_seconds": 0.07139023201307282,
      "clone_seconds": 0.005546722037252039,
      "restore_seconds": 0.0,
      "file_write_seconds": 0.001307977014221251,
      "operation_seconds": 0.30581010796595365,
      "total_phase_seconds": 0.3859766719979234,
      "scope": "file writes include journal intent/add/flush; excludes this timing receipt and checkpoint writes",
      "mode": "stage4_sealed_cell",
      "banner": "sealed Stage 4; scientific admission also requires complete declared populations"
    },
    {
      "phase": "immediate:56",
      "identity_check_kind": "in_memory_structure_and_configuration",
      "recipe_verification_seconds": 0.0,
      "identity_verification_seconds": 0.0,
      "identity_check_seconds": 0.0018379230168648064,
      "state_hash_seconds": 0.08924276992911473,
      "clone_seconds": 0.005277876975014806,
      "restore_seconds": 0.0020984620205126703,
      "file_write_seconds": 0.012322771013714373,
      "operation_seconds": 0.27783666900359094,
      "total_phase_seconds": 0.388713497959543,
      "scope": "file writes include journal intent/add/flush; excludes this timing receipt and checkpoint writes",
      "mode": "stage4_sealed_cell",
      "banner": "sealed Stage 4; scientific admission also requires complete declared populations"
    },
    {
      "phase": "edit:57",
      "identity_check_kind": "in_memory_structure_and_configuration",
      "recipe_verification_seconds": 0.0,
      "identity_verification_seconds": 0.0,
      "identity_check_seconds": 0.0018109420198015869,
      "state_hash_seconds": 0.06968738604336977,
      "clone_seconds": 0.004683326988015324,
      "restore_seconds": 0.0,
      "file_write_seconds": 0.012216316012199968,
      "operation_seconds": 0.431561800010968,
      "total_phase_seconds": 0.5200544630060904,
      "scope": "file writes include journal intent/add/flush; excludes this timing receipt and checkpoint writes",
      "mode": "stage4_sealed_cell",
      "banner": "sealed Stage 4; scientific admission also requires complete declared populations"
    },
    {
      "phase": "immediate:57",
      "identity_check_kind": "in_memory_structure_and_configuration",
      "recipe_verification_seconds": 0.0,
      "identity_verification_seconds": 0.0,
      "identity_check_seconds": 0.0017683699843473732,
      "state_hash_seconds": 0.08785618405090645,
      "clone_seconds": 0.005048858001828194,
      "restore_seconds": 0.0019324040040373802,
      "file_write_seconds": 0.012396973033901304,
      "operation_seconds": 0.3174709000159055,
      "total_phase_seconds": 0.42656414001248777,
      "scope": "file writes include journal intent/add/flush; excludes this timing receipt and checkpoint writes",
      "mode": "stage4_sealed_cell",
      "banner": "sealed Stage 4; scientific admission also requires complete declared populations"
    },
    {
      "phase": "edit:58",
      "identity_check_kind": "in_memory_structure_and_configuration",
      "recipe_verification_seconds": 0.0,
      "identity_verification_seconds": 0.0,
      "identity_check_seconds": 0.001790332025848329,
      "state_hash_seconds": 0.07134852197486907,
      "clone_seconds": 0.005793886026367545,
      "restore_seconds": 0.0,
      "file_write_seconds": 0.012133887968957424,
      "operation_seconds": 0.29188773297937587,
      "total_phase_seconds": 0.38304308900842443,
      "scope": "file writes include journal intent/add/flush; excludes this timing receipt and checkpoint writes",
      "mode": "stage4_sealed_cell",
      "banner": "sealed Stage 4; scientific admission also requires complete declared populations"
    },
    {
      "phase": "immediate:58",
      "identity_check_kind": "in_memory_structure_and_configuration",
      "recipe_verification_seconds": 0.0,
      "identity_verification_seconds": 0.0,
      "identity_check_seconds": 0.0017568189650774002,
      "state_hash_seconds": 0.08964123501209542,
      "clone_seconds": 0.005931810999754816,
      "restore_seconds": 0.0020617719856090844,
      "file_write_seconds": 0.012155168980825692,
      "operation_seconds": 0.2709710080525838,
      "total_phase_seconds": 0.3826155290007591,
      "scope": "file writes include journal intent/add/flush; excludes this timing receipt and checkpoint writes",
      "mode": "stage4_sealed_cell",
      "banner": "sealed Stage 4; scientific admission also requires complete declared populations"
    },
    {
      "phase": "edit:59",
      "identity_check_kind": "in_memory_structure_and_configuration",
      "recipe_verification_seconds": 0.0,
      "identity_verification_seconds": 0.0,
      "identity_check_seconds": 0.0017562569701112807,
      "state_hash_seconds": 0.07024182000895962,
      "clone_seconds": 0.004777677997481078,
      "restore_seconds": 0.0,
      "file_write_seconds": 0.012181069003418088,
      "operation_seconds": 0.2949661929742433,
      "total_phase_seconds": 0.3840057349880226,
      "scope": "file writes include journal intent/add/flush; excludes this timing receipt and checkpoint writes",
      "mode": "stage4_sealed_cell",
      "banner": "sealed Stage 4; scientific admission also requires complete declared populations"
    },
    {
      "phase": "immediate:59",
      "identity_check_kind": "in_memory_structure_and_configuration",
      "recipe_verification_seconds": 0.0,
      "identity_verification_seconds": 0.0,
      "identity_check_seconds": 0.0018208710243925452,
      "state_hash_seconds": 0.09018731000833213,
      "clone_seconds": 0.004388492030557245,
      "restore_seconds": 0.0020704290363937616,
      "file_write_seconds": 0.012377255014143884,
      "operation_seconds": 0.2747548120096326,
      "total_phase_seconds": 0.38569229701533914,
      "scope": "file writes include journal intent/add/flush; excludes this timing receipt and checkpoint writes",
      "mode": "stage4_sealed_cell",
      "banner": "sealed Stage 4; scientific admission also requires complete declared populations"
    },
    {
      "phase": "edit:60",
      "identity_check_kind": "in_memory_structure_and_configuration",
      "recipe_verification_seconds": 0.0,
      "identity_verification_seconds": 0.0,
      "identity_check_seconds": 0.0022676560329273343,
      "state_hash_seconds": 0.07290266099153087,
      "clone_seconds": 0.004964304971508682,
      "restore_seconds": 0.0,
      "file_write_seconds": 0.012337417982053012,
      "operation_seconds": 0.7384476200095378,
      "total_phase_seconds": 0.8310124189592898,
      "scope": "file writes include journal intent/add/flush; excludes this timing receipt and checkpoint writes",
      "mode": "stage4_sealed_cell",
      "banner": "sealed Stage 4; scientific admission also requires complete declared populations"
    },
    {
      "phase": "immediate:60",
      "identity_check_kind": "in_memory_structure_and_configuration",
      "recipe_verification_seconds": 0.0,
      "identity_verification_seconds": 0.0,
      "identity_check_seconds": 0.0017710539977997541,
      "state_hash_seconds": 0.08965588599676266,
      "clone_seconds": 0.004804869997315109,
      "restore_seconds": 0.0020062749972566962,
      "file_write_seconds": 0.012296729953959584,
      "operation_seconds": 0.48978028300916776,
      "total_phase_seconds": 0.6004132759990171,
      "scope": "file writes include journal intent/add/flush; excludes this timing receipt and checkpoint writes",
      "mode": "stage4_sealed_cell",
      "banner": "sealed Stage 4; scientific admission also requires complete declared populations"
    },
    {
      "phase": "edit:61",
      "identity_check_kind": "in_memory_structure_and_configuration",
      "recipe_verification_seconds": 0.0,
      "identity_verification_seconds": 0.0,
      "identity_check_seconds": 0.0022685679723508656,
      "state_hash_seconds": 0.07210202602436766,
      "clone_seconds": 0.008304618007969111,
      "restore_seconds": 0.0,
      "file_write_seconds": 0.012125191977247596,
      "operation_seconds": 0.4341130999964662,
      "total_phase_seconds": 0.5290053400094621,
      "scope": "file writes include journal intent/add/flush; excludes this timing receipt and checkpoint writes",
      "mode": "stage4_sealed_cell",
      "banner": "sealed Stage 4; scientific admission also requires complete declared populations"
    },
    {
      "phase": "immediate:61",
      "identity_check_kind": "in_memory_structure_and_configuration",
      "recipe_verification_seconds": 0.0,
      "identity_verification_seconds": 0.0,
      "identity_check_seconds": 0.0017746610101312399,
      "state_hash_seconds": 0.08886119106318802,
      "clone_seconds": 0.0049048009677790105,
      "restore_seconds": 0.002038226986769587,
      "file_write_seconds": 0.012299936963245273,
      "operation_seconds": 0.3150373349781148,
      "total_phase_seconds": 0.4250161040108651,
      "scope": "file writes include journal intent/add/flush; excludes this timing receipt and checkpoint writes",
      "mode": "stage4_sealed_cell",
      "banner": "sealed Stage 4; scientific admission also requires complete declared populations"
    },
    {
      "phase": "edit:62",
      "identity_check_kind": "in_memory_structure_and_configuration",
      "recipe_verification_seconds": 0.0,
      "identity_verification_seconds": 0.0,
      "identity_check_seconds": 0.001748471986502409,
      "state_hash_seconds": 0.07132809306494892,
      "clone_seconds": 0.006130732013843954,
      "restore_seconds": 0.0,
      "file_write_seconds": 0.01220002502668649,
      "operation_seconds": 0.4368553159874864,
      "total_phase_seconds": 0.52834807097679,
      "scope": "file writes include journal intent/add/flush; excludes this timing receipt and checkpoint writes",
      "mode": "stage4_sealed_cell",
      "banner": "sealed Stage 4; scientific admission also requires complete declared populations"
    },
    {
      "phase": "immediate:62",
      "identity_check_kind": "in_memory_structure_and_configuration",
      "recipe_verification_seconds": 0.0,
      "identity_verification_seconds": 0.0,
      "identity_check_seconds": 0.0017759130569174886,
      "state_hash_seconds": 0.0888564110500738,
      "clone_seconds": 0.005644508986733854,
      "restore_seconds": 0.0019323739688843489,
      "file_write_seconds": 0.012187090003862977,
      "operation_seconds": 0.3240099129616283,
      "total_phase_seconds": 0.434496455010958,
      "scope": "file writes include journal intent/add/flush; excludes this timing receipt and checkpoint writes",
      "mode": "stage4_sealed_cell",
      "banner": "sealed Stage 4; scientific admission also requires complete declared populations"
    },
    {
      "phase": "edit:63",
      "identity_check_kind": "in_memory_structure_and_configuration",
      "recipe_verification_seconds": 0.0,
      "identity_verification_seconds": 0.0,
      "identity_check_seconds": 0.00174121797317639,
      "state_hash_seconds": 0.07087723800214007,
      "clone_seconds": 0.004962662991601974,
      "restore_seconds": 0.0,
      "file_write_seconds": 0.012218370044138283,
      "operation_seconds": 0.45761941699311137,
      "total_phase_seconds": 0.5474983589956537,
      "scope": "file writes include journal intent/add/flush; excludes this timing receipt and checkpoint writes",
      "mode": "stage4_sealed_cell",
      "banner": "sealed Stage 4; scientific admission also requires complete declared populations"
    },
    {
      "phase": "immediate:63",
      "identity_check_kind": "in_memory_structure_and_configuration",
      "recipe_verification_seconds": 0.0,
      "identity_verification_seconds": 0.0,
      "identity_check_seconds": 0.0017588109476491809,
      "state_hash_seconds": 0.08892984298290685,
      "clone_seconds": 0.005145933013409376,
      "restore_seconds": 0.0019406600040383637,
      "file_write_seconds": 0.012229911983013153,
      "operation_seconds": 0.5623910839785822,
      "total_phase_seconds": 0.6724867459852248,
      "scope": "file writes include journal intent/add/flush; excludes this timing receipt and checkpoint writes",
      "mode": "stage4_sealed_cell",
      "banner": "sealed Stage 4; scientific admission also requires complete declared populations"
    },
    {
      "phase": "edit:64",
      "identity_check_kind": "in_memory_structure_and_configuration",
      "recipe_verification_seconds": 0.0,
      "identity_verification_seconds": 0.0,
      "identity_check_seconds": 0.0017555539379827678,
      "state_hash_seconds": 0.07105749199399725,
      "clone_seconds": 0.005059588002040982,
      "restore_seconds": 0.0,
      "file_write_seconds": 0.012218791001942009,
      "operation_seconds": 0.4437039750046097,
      "total_phase_seconds": 0.5338884509983473,
      "scope": "file writes include journal intent/add/flush; excludes this timing receipt and checkpoint writes",
      "mode": "stage4_sealed_cell",
      "banner": "sealed Stage 4; scientific admission also requires complete declared populations"
    },
    {
      "phase": "immediate:64",
      "identity_check_kind": "in_memory_structure_and_configuration",
      "recipe_verification_seconds": 0.0,
      "identity_verification_seconds": 0.0,
      "identity_check_seconds": 0.001759232021868229,
      "state_hash_seconds": 0.08678173489170149,
      "clone_seconds": 0.004333265998866409,
      "restore_seconds": 0.001931261969730258,
      "file_write_seconds": 0.01219794002827257,
      "operation_seconds": 0.3554289379972033,
      "total_phase_seconds": 0.4625230259844102,
      "scope": "file writes include journal intent/add/flush; excludes this timing receipt and checkpoint writes",
      "mode": "stage4_sealed_cell",
      "banner": "sealed Stage 4; scientific admission also requires complete declared populations"
    },
    {
      "phase": "edit:65",
      "identity_check_kind": "in_memory_structure_and_configuration",
      "recipe_verification_seconds": 0.0,
      "identity_verification_seconds": 0.0,
      "identity_check_seconds": 0.0017336540040560067,
      "state_hash_seconds": 0.07141301402589306,
      "clone_seconds": 0.006169255007989705,
      "restore_seconds": 0.0,
      "file_write_seconds": 0.012126814981456846,
      "operation_seconds": 0.7416427949792705,
      "total_phase_seconds": 0.8331730010104366,
      "scope": "file writes include journal intent/add/flush; excludes this timing receipt and checkpoint writes",
      "mode": "stage4_sealed_cell",
      "banner": "sealed Stage 4; scientific admission also requires complete declared populations"
    },
    {
      "phase": "immediate:65",
      "identity_check_kind": "in_memory_structure_and_configuration",
      "recipe_verification_seconds": 0.0,
      "identity_verification_seconds": 0.0,
      "identity_check_seconds": 0.0018173440475948155,
      "state_hash_seconds": 0.08895801601465791,
      "clone_seconds": 0.0055797649547457695,
      "restore_seconds": 0.001969164004549384,
      "file_write_seconds": 0.012181038968265057,
      "operation_seconds": 0.404524575045798,
      "total_phase_seconds": 0.5151310570072383,
      "scope": "file writes include journal intent/add/flush; excludes this timing receipt and checkpoint writes",
      "mode": "stage4_sealed_cell",
      "banner": "sealed Stage 4; scientific admission also requires complete declared populations"
    },
    {
      "phase": "edit:66",
      "identity_check_kind": "in_memory_structure_and_configuration",
      "recipe_verification_seconds": 0.0,
      "identity_verification_seconds": 0.0,
      "identity_check_seconds": 0.0017654239782132208,
      "state_hash_seconds": 0.07151165301911533,
      "clone_seconds": 0.00503640400711447,
      "restore_seconds": 0.0,
      "file_write_seconds": 0.012138337013311684,
      "operation_seconds": 0.8859798510093242,
      "total_phase_seconds": 0.9765147790312767,
      "scope": "file writes include journal intent/add/flush; excludes this timing receipt and checkpoint writes",
      "mode": "stage4_sealed_cell",
      "banner": "sealed Stage 4; scientific admission also requires complete declared populations"
    },
    {
      "phase": "immediate:66",
      "identity_check_kind": "in_memory_structure_and_configuration",
      "recipe_verification_seconds": 0.0,
      "identity_verification_seconds": 0.0,
      "identity_check_seconds": 0.0017757340101525187,
      "state_hash_seconds": 0.08859126298921183,
      "clone_seconds": 0.00493679300416261,
      "restore_seconds": 0.0019372639944776893,
      "file_write_seconds": 0.01215683197369799,
      "operation_seconds": 0.45171914697857574,
      "total_phase_seconds": 0.5612445669830777,
      "scope": "file writes include journal intent/add/flush; excludes this timing receipt and checkpoint writes",
      "mode": "stage4_sealed_cell",
      "banner": "sealed Stage 4; scientific admission also requires complete declared populations"
    },
    {
      "phase": "edit:67",
      "identity_check_kind": "in_memory_structure_and_configuration",
      "recipe_verification_seconds": 0.0,
      "identity_verification_seconds": 0.0,
      "identity_check_seconds": 0.0017591119976714253,
      "state_hash_seconds": 0.07211515004746616,
      "clone_seconds": 0.004859886015765369,
      "restore_seconds": 0.0,
      "file_write_seconds": 0.012306088989134878,
      "operation_seconds": 0.4308551549911499,
      "total_phase_seconds": 0.5219873890164308,
      "scope": "file writes include journal intent/add/flush; excludes this timing receipt and checkpoint writes",
      "mode": "stage4_sealed_cell",
      "banner": "sealed Stage 4; scientific admission also requires complete declared populations"
    },
    {
      "phase": "immediate:67",
      "identity_check_kind": "in_memory_structure_and_configuration",
      "recipe_verification_seconds": 0.0,
      "identity_verification_seconds": 0.0,
      "identity_check_seconds": 0.001782556064426899,
      "state_hash_seconds": 0.09319918393157423,
      "clone_seconds": 0.005006184976082295,
      "restore_seconds": 0.0020516630029305816,
      "file_write_seconds": 0.0013869889662601054,
      "operation_seconds": 0.31788878102088347,
      "total_phase_seconds": 0.42141248600091785,
      "scope": "file writes include journal intent/add/flush; excludes this timing receipt and checkpoint writes",
      "mode": "stage4_sealed_cell",
      "banner": "sealed Stage 4; scientific admission also requires complete declared populations"
    },
    {
      "phase": "edit:68",
      "identity_check_kind": "in_memory_structure_and_configuration",
      "recipe_verification_seconds": 0.0,
      "identity_verification_seconds": 0.0,
      "identity_check_seconds": 0.0017978469841182232,
      "state_hash_seconds": 0.07270437997067347,
      "clone_seconds": 0.004807834979146719,
      "restore_seconds": 0.0,
      "file_write_seconds": 0.01218221097951755,
      "operation_seconds": 0.29785274498863146,
      "total_phase_seconds": 0.38943533098790795,
      "scope": "file writes include journal intent/add/flush; excludes this timing receipt and checkpoint writes",
      "mode": "stage4_sealed_cell",
      "banner": "sealed Stage 4; scientific admission also requires complete declared populations"
    },
    {
      "phase": "immediate:68",
      "identity_check_kind": "in_memory_structure_and_configuration",
      "recipe_verification_seconds": 0.0,
      "identity_verification_seconds": 0.0,
      "identity_check_seconds": 0.0018123539630323648,
      "state_hash_seconds": 0.08948223007610068,
      "clone_seconds": 0.005467990995384753,
      "restore_seconds": 0.002047233982011676,
      "file_write_seconds": 0.012372815981507301,
      "operation_seconds": 0.2779819579445757,
      "total_phase_seconds": 0.3892721990123391,
      "scope": "file writes include journal intent/add/flush; excludes this timing receipt and checkpoint writes",
      "mode": "stage4_sealed_cell",
      "banner": "sealed Stage 4; scientific admission also requires complete declared populations"
    },
    {
      "phase": "edit:69",
      "identity_check_kind": "in_memory_structure_and_configuration",
      "recipe_verification_seconds": 0.0,
      "identity_verification_seconds": 0.0,
      "identity_check_seconds": 0.0018121639732271433,
      "state_hash_seconds": 0.07186014304170385,
      "clone_seconds": 0.004600848013069481,
      "restore_seconds": 0.0,
      "file_write_seconds": 0.012251303007360548,
      "operation_seconds": 0.30353991698939353,
      "total_phase_seconds": 0.39414822502294555,
      "scope": "file writes include journal intent/add/flush; excludes this timing receipt and checkpoint writes",
      "mode": "stage4_sealed_cell",
      "banner": "sealed Stage 4; scientific admission also requires complete declared populations"
    },
    {
      "phase": "immediate:69",
      "identity_check_kind": "in_memory_structure_and_configuration",
      "recipe_verification_seconds": 0.0,
      "identity_verification_seconds": 0.0,
      "identity_check_seconds": 0.001815621042624116,
      "state_hash_seconds": 0.08837780304020271,
      "clone_seconds": 0.0051402729586698115,
      "restore_seconds": 0.002676821022760123,
      "file_write_seconds": 0.012596024025697261,
      "operation_seconds": 0.275283245020546,
      "total_phase_seconds": 0.38599465700099245,
      "scope": "file writes include journal intent/add/flush; excludes this timing receipt and checkpoint writes",
      "mode": "stage4_sealed_cell",
      "banner": "sealed Stage 4; scientific admission also requires complete declared populations"
    },
    {
      "phase": "edit:70",
      "identity_check_kind": "in_memory_structure_and_configuration",
      "recipe_verification_seconds": 0.0,
      "identity_verification_seconds": 0.0,
      "identity_check_seconds": 0.0017358080367557704,
      "state_hash_seconds": 0.07134271902032197,
      "clone_seconds": 0.004998641030397266,
      "restore_seconds": 0.0,
      "file_write_seconds": 0.012340273999143392,
      "operation_seconds": 0.3091590580297634,
      "total_phase_seconds": 0.3996578969527036,
      "scope": "file writes include journal intent/add/flush; excludes this timing receipt and checkpoint writes",
      "mode": "stage4_sealed_cell",
      "banner": "sealed Stage 4; scientific admission also requires complete declared populations"
    },
    {
      "phase": "immediate:70",
      "identity_check_kind": "in_memory_structure_and_configuration",
      "recipe_verification_seconds": 0.0,
      "identity_verification_seconds": 0.0,
      "identity_check_seconds": 0.001824136998038739,
      "state_hash_seconds": 0.09002759697614238,
      "clone_seconds": 0.006077038997318596,
      "restore_seconds": 0.00221022596815601,
      "file_write_seconds": 0.01222883997252211,
      "operation_seconds": 0.27500809699995443,
      "total_phase_seconds": 0.38746948301559314,
      "scope": "file writes include journal intent/add/flush; excludes this timing receipt and checkpoint writes",
      "mode": "stage4_sealed_cell",
      "banner": "sealed Stage 4; scientific admission also requires complete declared populations"
    },
    {
      "phase": "edit:71",
      "identity_check_kind": "in_memory_structure_and_configuration",
      "recipe_verification_seconds": 0.0,
      "identity_verification_seconds": 0.0,
      "identity_check_seconds": 0.0017674770206212997,
      "state_hash_seconds": 0.07052222703350708,
      "clone_seconds": 0.006191006978042424,
      "restore_seconds": 0.0,
      "file_write_seconds": 0.012225373007822782,
      "operation_seconds": 0.5842221799539402,
      "total_phase_seconds": 0.675030623038765,
      "scope": "file writes include journal intent/add/flush; excludes this timing receipt and checkpoint writes",
      "mode": "stage4_sealed_cell",
      "banner": "sealed Stage 4; scientific admission also requires complete declared populations"
    },
    {
      "phase": "immediate:71",
      "identity_check_kind": "in_memory_structure_and_configuration",
      "recipe_verification_seconds": 0.0,
      "identity_verification_seconds": 0.0,
      "identity_check_seconds": 0.0017403859528712928,
      "state_hash_seconds": 0.0885240639327094,
      "clone_seconds": 0.0059885489754378796,
      "restore_seconds": 0.002128699969034642,
      "file_write_seconds": 0.012327300035394728,
      "operation_seconds": 0.3630976679851301,
      "total_phase_seconds": 0.4739084810134955,
      "scope": "file writes include journal intent/add/flush; excludes this timing receipt and checkpoint writes",
      "mode": "stage4_sealed_cell",
      "banner": "sealed Stage 4; scientific admission also requires complete declared populations"
    },
    {
      "phase": "edit:72",
      "identity_check_kind": "in_memory_structure_and_configuration",
      "recipe_verification_seconds": 0.0,
      "identity_verification_seconds": 0.0,
      "identity_check_seconds": 0.0017457259818911552,
      "state_hash_seconds": 0.0730674960068427,
      "clone_seconds": 0.005288988002575934,
      "restore_seconds": 0.0,
      "file_write_seconds": 0.012289215985219926,
      "operation_seconds": 0.445189481950365,
      "total_phase_seconds": 0.5376618829905055,
      "scope": "file writes include journal intent/add/flush; excludes this timing receipt and checkpoint writes",
      "mode": "stage4_sealed_cell",
      "banner": "sealed Stage 4; scientific admission also requires complete declared populations"
    },
    {
      "phase": "immediate:72",
      "identity_check_kind": "in_memory_structure_and_configuration",
      "recipe_verification_seconds": 0.0,
      "identity_verification_seconds": 0.0,
      "identity_check_seconds": 0.0017219919827766716,
      "state_hash_seconds": 0.09161846502684057,
      "clone_seconds": 0.004837181011680514,
      "restore_seconds": 0.002318594022653997,
      "file_write_seconds": 0.012293604027945548,
      "operation_seconds": 0.2775873619830236,
      "total_phase_seconds": 0.3904748340137303,
      "scope": "file writes include journal intent/add/flush; excludes this timing receipt and checkpoint writes",
      "mode": "stage4_sealed_cell",
      "banner": "sealed Stage 4; scientific admission also requires complete declared populations"
    },
    {
      "phase": "edit:73",
      "identity_check_kind": "in_memory_structure_and_configuration",
      "recipe_verification_seconds": 0.0,
      "identity_verification_seconds": 0.0,
      "identity_check_seconds": 0.001758590980898589,
      "state_hash_seconds": 0.07061007601441815,
      "clone_seconds": 0.005597679992206395,
      "restore_seconds": 0.0,
      "file_write_seconds": 0.012232046981807798,
      "operation_seconds": 0.29895406699506566,
      "total_phase_seconds": 0.38923222199082375,
      "scope": "file writes include journal intent/add/flush; excludes this timing receipt and checkpoint writes",
      "mode": "stage4_sealed_cell",
      "banner": "sealed Stage 4; scientific admission also requires complete declared populations"
    },
    {
      "phase": "immediate:73",
      "identity_check_kind": "in_memory_structure_and_configuration",
      "recipe_verification_seconds": 0.0,
      "identity_verification_seconds": 0.0,
      "identity_check_seconds": 0.001812363974750042,
      "state_hash_seconds": 0.08835721504874527,
      "clone_seconds": 0.006547299970407039,
      "restore_seconds": 0.001944947987794876,
      "file_write_seconds": 0.012282843003049493,
      "operation_seconds": 0.27688509499421343,
      "total_phase_seconds": 0.38794162799604237,
      "scope": "file writes include journal intent/add/flush; excludes this timing receipt and checkpoint writes",
      "mode": "stage4_sealed_cell",
      "banner": "sealed Stage 4; scientific admission also requires complete declared populations"
    },
    {
      "phase": "edit:74",
      "identity_check_kind": "in_memory_structure_and_configuration",
      "recipe_verification_seconds": 0.0,
      "identity_verification_seconds": 0.0,
      "identity_check_seconds": 0.001724486006423831,
      "state_hash_seconds": 0.0711655699997209,
      "clone_seconds": 0.005791872041299939,
      "restore_seconds": 0.0,
      "file_write_seconds": 0.012440265039913356,
      "operation_seconds": 0.29554756701691076,
      "total_phase_seconds": 0.38676305999979377,
      "scope": "file writes include journal intent/add/flush; excludes this timing receipt and checkpoint writes",
      "mode": "stage4_sealed_cell",
      "banner": "sealed Stage 4; scientific admission also requires complete declared populations"
    },
    {
      "phase": "immediate:74",
      "identity_check_kind": "in_memory_structure_and_configuration",
      "recipe_verification_seconds": 0.0,
      "identity_verification_seconds": 0.0,
      "identity_check_seconds": 0.001975446008145809,
      "state_hash_seconds": 0.08966044196859002,
      "clone_seconds": 0.004887699033133686,
      "restore_seconds": 0.001992459991015494,
      "file_write_seconds": 0.012255722016561776,
      "operation_seconds": 0.2725811040145345,
      "total_phase_seconds": 0.38345718302298337,
      "scope": "file writes include journal intent/add/flush; excludes this timing receipt and checkpoint writes",
      "mode": "stage4_sealed_cell",
      "banner": "sealed Stage 4; scientific admission also requires complete declared populations"
    },
    {
      "phase": "edit:75",
      "identity_check_kind": "in_memory_structure_and_configuration",
      "recipe_verification_seconds": 0.0,
      "identity_verification_seconds": 0.0,
      "identity_check_seconds": 0.0017285129870288074,
      "state_hash_seconds": 0.07097983302082866,
      "clone_seconds": 0.005197902966756374,
      "restore_seconds": 0.0,
      "file_write_seconds": 0.012246173981111497,
      "operation_seconds": 0.4405841740081087,
      "total_phase_seconds": 0.5308328029932454,
      "scope": "file writes include journal intent/add/flush; excludes this timing receipt and checkpoint writes",
      "mode": "stage4_sealed_cell",
      "banner": "sealed Stage 4; scientific admission also requires complete declared populations"
    },
    {
      "phase": "immediate:75",
      "identity_check_kind": "in_memory_structure_and_configuration",
      "recipe_verification_seconds": 0.0,
      "identity_verification_seconds": 0.0,
      "identity_check_seconds": 0.0017193550011143088,
      "state_hash_seconds": 0.08786861598491669,
      "clone_seconds": 0.006364319007843733,
      "restore_seconds": 0.0019032779964618385,
      "file_write_seconds": 0.012213280017022043,
      "operation_seconds": 0.3210983330500312,
      "total_phase_seconds": 0.4312769640237093,
      "scope": "file writes include journal intent/add/flush; excludes this timing receipt and checkpoint writes",
      "mode": "stage4_sealed_cell",
      "banner": "sealed Stage 4; scientific admission also requires complete declared populations"
    },
    {
      "phase": "edit:76",
      "identity_check_kind": "in_memory_structure_and_configuration",
      "recipe_verification_seconds": 0.0,
      "identity_verification_seconds": 0.0,
      "identity_check_seconds": 0.0019154720357619226,
      "state_hash_seconds": 0.07120945397764444,
      "clone_seconds": 0.005046352976933122,
      "restore_seconds": 0.0,
      "file_write_seconds": 0.0012981279869563878,
      "operation_seconds": 0.6099473410286009,
      "total_phase_seconds": 0.6895023119868711,
      "scope": "file writes include journal intent/add/flush; excludes this timing receipt and checkpoint writes",
      "mode": "stage4_sealed_cell",
      "banner": "sealed Stage 4; scientific admission also requires complete declared populations"
    },
    {
      "phase": "immediate:76",
      "identity_check_kind": "in_memory_structure_and_configuration",
      "recipe_verification_seconds": 0.0,
      "identity_verification_seconds": 0.0,
      "identity_check_seconds": 0.0017450140439905226,
      "state_hash_seconds": 0.09045765793416649,
      "clone_seconds": 0.006048985000234097,
      "restore_seconds": 0.0020793459843844175,
      "file_write_seconds": 0.01229314401280135,
      "operation_seconds": 0.3726020949543454,
      "total_phase_seconds": 0.48532571498071775,
      "scope": "file writes include journal intent/add/flush; excludes this timing receipt and checkpoint writes",
      "mode": "stage4_sealed_cell",
      "banner": "sealed Stage 4; scientific admission also requires complete declared populations"
    },
    {
      "phase": "edit:77",
      "identity_check_kind": "in_memory_structure_and_configuration",
      "recipe_verification_seconds": 0.0,
      "identity_verification_seconds": 0.0,
      "identity_check_seconds": 0.0018995199934579432,
      "state_hash_seconds": 0.072320394043345,
      "clone_seconds": 0.005269360030069947,
      "restore_seconds": 0.0,
      "file_write_seconds": 0.012482506048399955,
      "operation_seconds": 0.9237443990423344,
      "total_phase_seconds": 1.015851017960813,
      "scope": "file writes include journal intent/add/flush; excludes this timing receipt and checkpoint writes",
      "mode": "stage4_sealed_cell",
      "banner": "sealed Stage 4; scientific admission also requires complete declared populations"
    },
    {
      "phase": "immediate:77",
      "identity_check_kind": "in_memory_structure_and_configuration",
      "recipe_verification_seconds": 0.0,
      "identity_verification_seconds": 0.0,
      "identity_check_seconds": 0.0018077149870805442,
      "state_hash_seconds": 0.0901190610602498,
      "clone_seconds": 0.005277155025396496,
      "restore_seconds": 0.002584623987786472,
      "file_write_seconds": 0.012350282981060445,
      "operation_seconds": 0.4078199020004831,
      "total_phase_seconds": 0.5200557250063866,
      "scope": "file writes include journal intent/add/flush; excludes this timing receipt and checkpoint writes",
      "mode": "stage4_sealed_cell",
      "banner": "sealed Stage 4; scientific admission also requires complete declared populations"
    },
    {
      "phase": "edit:78",
      "identity_check_kind": "in_memory_structure_and_configuration",
      "recipe_verification_seconds": 0.0,
      "identity_verification_seconds": 0.0,
      "identity_check_seconds": 0.0018728200229816139,
      "state_hash_seconds": 0.07197960105258971,
      "clone_seconds": 0.005041363008785993,
      "restore_seconds": 0.0,
      "file_write_seconds": 0.01222106599016115,
      "operation_seconds": 1.6589675190043636,
      "total_phase_seconds": 1.7501796950236894,
      "scope": "file writes include journal intent/add/flush; excludes this timing receipt and checkpoint writes",
      "mode": "stage4_sealed_cell",
      "banner": "sealed Stage 4; scientific admission also requires complete declared populations"
    },
    {
      "phase": "immediate:78",
      "identity_check_kind": "in_memory_structure_and_configuration",
      "recipe_verification_seconds": 0.0,
      "identity_verification_seconds": 0.0,
      "identity_check_seconds": 0.002306600974407047,
      "state_hash_seconds": 0.08916433999547735,
      "clone_seconds": 0.004835277970414609,
      "restore_seconds": 0.0019313220400363207,
      "file_write_seconds": 0.0013864479842595756,
      "operation_seconds": 0.5914202379644848,
      "total_phase_seconds": 0.6911615330027416,
      "scope": "file writes include journal intent/add/flush; excludes this timing receipt and checkpoint writes",
      "mode": "stage4_sealed_cell",
      "banner": "sealed Stage 4; scientific admission also requires complete declared populations"
    },
    {
      "phase": "edit:79",
      "identity_check_kind": "in_memory_structure_and_configuration",
      "recipe_verification_seconds": 0.0,
      "identity_verification_seconds": 0.0,
      "identity_check_seconds": 0.001730646938085556,
      "state_hash_seconds": 0.07025801105191931,
      "clone_seconds": 0.005897404975257814,
      "restore_seconds": 0.0,
      "file_write_seconds": 0.012278374982997775,
      "operation_seconds": 1.2132405459997244,
      "total_phase_seconds": 1.3034862499916926,
      "scope": "file writes include journal intent/add/flush; excludes this timing receipt and checkpoint writes",
      "mode": "stage4_sealed_cell",
      "banner": "sealed Stage 4; scientific admission also requires complete declared populations"
    },
    {
      "phase": "immediate:79",
      "identity_check_kind": "in_memory_structure_and_configuration",
      "recipe_verification_seconds": 0.0,
      "identity_verification_seconds": 0.0,
      "identity_check_seconds": 0.0018858159892261028,
      "state_hash_seconds": 0.08991972706280649,
      "clone_seconds": 0.005083824973553419,
      "restore_seconds": 0.002014209982007742,
      "file_write_seconds": 0.012260621006134897,
      "operation_seconds": 0.49837322399253026,
      "total_phase_seconds": 0.6096474250080064,
      "scope": "file writes include journal intent/add/flush; excludes this timing receipt and checkpoint writes",
      "mode": "stage4_sealed_cell",
      "banner": "sealed Stage 4; scientific admission also requires complete declared populations"
    },
    {
      "phase": "edit:80",
      "identity_check_kind": "in_memory_structure_and_configuration",
      "recipe_verification_seconds": 0.0,
      "identity_verification_seconds": 0.0,
      "identity_check_seconds": 0.0020484660053625703,
      "state_hash_seconds": 0.07264316297369078,
      "clone_seconds": 0.005240915983449668,
      "restore_seconds": 0.0,
      "file_write_seconds": 0.01231101801386103,
      "operation_seconds": 0.29375138401519507,
      "total_phase_seconds": 0.3860822250135243,
      "scope": "file writes include journal intent/add/flush; excludes this timing receipt and checkpoint writes",
      "mode": "stage4_sealed_cell",
      "banner": "sealed Stage 4; scientific admission also requires complete declared populations"
    },
    {
      "phase": "immediate:80",
      "identity_check_kind": "in_memory_structure_and_configuration",
      "recipe_verification_seconds": 0.0,
      "identity_verification_seconds": 0.0,
      "identity_check_seconds": 0.0017687000217847526,
      "state_hash_seconds": 0.0905661970609799,
      "clone_seconds": 0.005256736010778695,
      "restore_seconds": 0.0022016199654899538,
      "file_write_seconds": 0.012288475001696497,
      "operation_seconds": 0.2744667090009898,
      "total_phase_seconds": 0.3866443220176734,
      "scope": "file writes include journal intent/add/flush; excludes this timing receipt and checkpoint writes",
      "mode": "stage4_sealed_cell",
      "banner": "sealed Stage 4; scientific admission also requires complete declared populations"
    },
    {
      "phase": "edit:81",
      "identity_check_kind": "in_memory_structure_and_configuration",
      "recipe_verification_seconds": 0.0,
      "identity_verification_seconds": 0.0,
      "identity_check_seconds": 0.0017529299366287887,
      "state_hash_seconds": 0.07158613699721172,
      "clone_seconds": 0.00530732300831005,
      "restore_seconds": 0.0,
      "file_write_seconds": 0.012263857992365956,
      "operation_seconds": 0.7529239990399219,
      "total_phase_seconds": 0.8439211120130494,
      "scope": "file writes include journal intent/add/flush; excludes this timing receipt and checkpoint writes",
      "mode": "stage4_sealed_cell",
      "banner": "sealed Stage 4; scientific admission also requires complete declared populations"
    },
    {
      "phase": "immediate:81",
      "identity_check_kind": "in_memory_structure_and_configuration",
      "recipe_verification_seconds": 0.0,
      "identity_verification_seconds": 0.0,
      "identity_check_seconds": 0.0018162920023314655,
      "state_hash_seconds": 0.09072168689453974,
      "clone_seconds": 0.005457551975268871,
      "restore_seconds": 0.0020343990181572735,
      "file_write_seconds": 0.0122660209890455,
      "operation_seconds": 0.4073053649626672,
      "total_phase_seconds": 0.5197031000279821,
      "scope": "file writes include journal intent/add/flush; excludes this timing receipt and checkpoint writes",
      "mode": "stage4_sealed_cell",
      "banner": "sealed Stage 4; scientific admission also requires complete declared populations"
    },
    {
      "phase": "edit:82",
      "identity_check_kind": "in_memory_structure_and_configuration",
      "recipe_verification_seconds": 0.0,
      "identity_verification_seconds": 0.0,
      "identity_check_seconds": 0.0017315690056420863,
      "state_hash_seconds": 0.07084479491459206,
      "clone_seconds": 0.005194747995119542,
      "restore_seconds": 0.0,
      "file_write_seconds": 0.012188744032755494,
      "operation_seconds": 0.9152248280006461,
      "total_phase_seconds": 1.0052699469961226,
      "scope": "file writes include journal intent/add/flush; excludes this timing receipt and checkpoint writes",
      "mode": "stage4_sealed_cell",
      "banner": "sealed Stage 4; scientific admission also requires complete declared populations"
    },
    {
      "phase": "immediate:82",
      "identity_check_kind": "in_memory_structure_and_configuration",
      "recipe_verification_seconds": 0.0,
      "identity_verification_seconds": 0.0,
      "identity_check_seconds": 0.0017962729907594621,
      "state_hash_seconds": 0.08874184201704338,
      "clone_seconds": 0.005098182999063283,
      "restore_seconds": 0.00207374501042068,
      "file_write_seconds": 0.0013283860171213746,
      "operation_seconds": 0.41874418198131025,
      "total_phase_seconds": 0.5178924389765598,
      "scope": "file writes include journal intent/add/flush; excludes this timing receipt and checkpoint writes",
      "mode": "stage4_sealed_cell",
      "banner": "sealed Stage 4; scientific admission also requires complete declared populations"
    },
    {
      "phase": "edit:83",
      "identity_check_kind": "in_memory_structure_and_configuration",
      "recipe_verification_seconds": 0.0,
      "identity_verification_seconds": 0.0,
      "identity_check_seconds": 0.0018000209820456803,
      "state_hash_seconds": 0.07302880199858919,
      "clone_seconds": 0.06704500201158226,
      "restore_seconds": 0.0,
      "file_write_seconds": 0.012076437997166067,
      "operation_seconds": 0.7339600179693662,
      "total_phase_seconds": 0.8879971980350092,
      "scope": "file writes include journal intent/add/flush; excludes this timing receipt and checkpoint writes",
      "mode": "stage4_sealed_cell",
      "banner": "sealed Stage 4; scientific admission also requires complete declared populations"
    },
    {
      "phase": "immediate:83",
      "identity_check_kind": "in_memory_structure_and_configuration",
      "recipe_verification_seconds": 0.0,
      "identity_verification_seconds": 0.0,
      "identity_check_seconds": 0.0018341559334658086,
      "state_hash_seconds": 0.08967254299204797,
      "clone_seconds": 0.005049268016591668,
      "restore_seconds": 0.0019951650174334645,
      "file_write_seconds": 0.012148286041337997,
      "operation_seconds": 0.4511503370013088,
      "total_phase_seconds": 0.561944728018716,
      "scope": "file writes include journal intent/add/flush; excludes this timing receipt and checkpoint writes",
      "mode": "stage4_sealed_cell",
      "banner": "sealed Stage 4; scientific admission also requires complete declared populations"
    },
    {
      "phase": "edit:84",
      "identity_check_kind": "in_memory_structure_and_configuration",
      "recipe_verification_seconds": 0.0,
      "identity_verification_seconds": 0.0,
      "identity_check_seconds": 0.0017582010477781296,
      "state_hash_seconds": 0.07230504398467019,
      "clone_seconds": 0.005290400993544608,
      "restore_seconds": 0.0,
      "file_write_seconds": 0.012202599958982319,
      "operation_seconds": 0.6178118250099942,
      "total_phase_seconds": 0.7094552780035883,
      "scope": "file writes include journal intent/add/flush; excludes this timing receipt and checkpoint writes",
      "mode": "stage4_sealed_cell",
      "banner": "sealed Stage 4; scientific admission also requires complete declared populations"
    },
    {
      "phase": "immediate:84",
      "identity_check_kind": "in_memory_structure_and_configuration",
      "recipe_verification_seconds": 0.0,
      "identity_verification_seconds": 0.0,
      "identity_check_seconds": 0.001761586987413466,
      "state_hash_seconds": 0.09220025094691664,
      "clone_seconds": 0.005347339960280806,
      "restore_seconds": 0.0033330490114167333,
      "file_write_seconds": 0.012288063997402787,
      "operation_seconds": 0.40218496101442724,
      "total_phase_seconds": 0.5172296380042098,
      "scope": "file writes include journal intent/add/flush; excludes this timing receipt and checkpoint writes",
      "mode": "stage4_sealed_cell",
      "banner": "sealed Stage 4; scientific admission also requires complete declared populations"
    },
    {
      "phase": "edit:85",
      "identity_check_kind": "in_memory_structure_and_configuration",
      "recipe_verification_seconds": 0.0,
      "identity_verification_seconds": 0.0,
      "identity_check_seconds": 0.0017444540280848742,
      "state_hash_seconds": 0.07137315906584263,
      "clone_seconds": 0.005018119001761079,
      "restore_seconds": 0.0,
      "file_write_seconds": 0.012214963033329695,
      "operation_seconds": 0.29662202700274065,
      "total_phase_seconds": 0.38705882703652605,
      "scope": "file writes include journal intent/add/flush; excludes this timing receipt and checkpoint writes",
      "mode": "stage4_sealed_cell",
      "banner": "sealed Stage 4; scientific admission also requires complete declared populations"
    },
    {
      "phase": "immediate:85",
      "identity_check_kind": "in_memory_structure_and_configuration",
      "recipe_verification_seconds": 0.0,
      "identity_verification_seconds": 0.0,
      "identity_check_seconds": 0.001976839965209365,
      "state_hash_seconds": 0.09117263997904956,
      "clone_seconds": 0.005254932038951665,
      "restore_seconds": 0.002127588028088212,
      "file_write_seconds": 0.012216306000482291,
      "operation_seconds": 0.2768737029982731,
      "total_phase_seconds": 0.3897130640107207,
      "scope": "file writes include journal intent/add/flush; excludes this timing receipt and checkpoint writes",
      "mode": "stage4_sealed_cell",
      "banner": "sealed Stage 4; scientific admission also requires complete declared populations"
    },
    {
      "phase": "edit:86",
      "identity_check_kind": "in_memory_structure_and_configuration",
      "recipe_verification_seconds": 0.0,
      "identity_verification_seconds": 0.0,
      "identity_check_seconds": 0.0018728990107774734,
      "state_hash_seconds": 0.07529503596015275,
      "clone_seconds": 0.006084693013690412,
      "restore_seconds": 0.0,
      "file_write_seconds": 0.012210916029289365,
      "operation_seconds": 0.4404198889969848,
      "total_phase_seconds": 0.5359711829805747,
      "scope": "file writes include journal intent/add/flush; excludes this timing receipt and checkpoint writes",
      "mode": "stage4_sealed_cell",
      "banner": "sealed Stage 4; scientific admission also requires complete declared populations"
    },
    {
      "phase": "immediate:86",
      "identity_check_kind": "in_memory_structure_and_configuration",
      "recipe_verification_seconds": 0.0,
      "identity_verification_seconds": 0.0,
      "identity_check_seconds": 0.0018138159648515284,
      "state_hash_seconds": 0.08752770390128717,
      "clone_seconds": 0.006053722987417132,
      "restore_seconds": 0.002046772977337241,
      "file_write_seconds": 0.012231005006469786,
      "operation_seconds": 0.4096783439745195,
      "total_phase_seconds": 0.5194469190319069,
      "scope": "file writes include journal intent/add/flush; excludes this timing receipt and checkpoint writes",
      "mode": "stage4_sealed_cell",
      "banner": "sealed Stage 4; scientific admission also requires complete declared populations"
    },
    {
      "phase": "edit:87",
      "identity_check_kind": "in_memory_structure_and_configuration",
      "recipe_verification_seconds": 0.0,
      "identity_verification_seconds": 0.0,
      "identity_check_seconds": 0.0018347869627177715,
      "state_hash_seconds": 0.07380217500030994,
      "clone_seconds": 0.00559001398505643,
      "restore_seconds": 0.0,
      "file_write_seconds": 0.01226799498545006,
      "operation_seconds": 0.46104231901699677,
      "total_phase_seconds": 0.5546240760013461,
      "scope": "file writes include journal intent/add/flush; excludes this timing receipt and checkpoint writes",
      "mode": "stage4_sealed_cell",
      "banner": "sealed Stage 4; scientific admission also requires complete declared populations"
    },
    {
      "phase": "immediate:87",
      "identity_check_kind": "in_memory_structure_and_configuration",
      "recipe_verification_seconds": 0.0,
      "identity_verification_seconds": 0.0,
      "identity_check_seconds": 0.001764021988492459,
      "state_hash_seconds": 0.09039331594249234,
      "clone_seconds": 0.005087591998744756,
      "restore_seconds": 0.0021638880134560168,
      "file_write_seconds": 0.012590573984198272,
      "operation_seconds": 0.27463688503485173,
      "total_phase_seconds": 0.38674105698009953,
      "scope": "file writes include journal intent/add/flush; excludes this timing receipt and checkpoint writes",
      "mode": "stage4_sealed_cell",
      "banner": "sealed Stage 4; scientific admission also requires complete declared populations"
    },
    {
      "phase": "edit:88",
      "identity_check_kind": "in_memory_structure_and_configuration",
      "recipe_verification_seconds": 0.0,
      "identity_verification_seconds": 0.0,
      "identity_check_seconds": 0.0019094800227321684,
      "state_hash_seconds": 0.07332459901226684,
      "clone_seconds": 0.006197880022227764,
      "restore_seconds": 0.0,
      "file_write_seconds": 0.01248982100514695,
      "operation_seconds": 0.7542170679662377,
      "total_phase_seconds": 0.8482339599868283,
      "scope": "file writes include journal intent/add/flush; excludes this timing receipt and checkpoint writes",
      "mode": "stage4_sealed_cell",
      "banner": "sealed Stage 4; scientific admission also requires complete declared populations"
    },
    {
      "phase": "immediate:88",
      "identity_check_kind": "in_memory_structure_and_configuration",
      "recipe_verification_seconds": 0.0,
      "identity_verification_seconds": 0.0,
      "identity_check_seconds": 0.0017455859924666584,
      "state_hash_seconds": 0.09121131303254515,
      "clone_seconds": 0.005289209017064422,
      "restore_seconds": 0.002042565029114485,
      "file_write_seconds": 0.012399127008393407,
      "operation_seconds": 0.37262078101048246,
      "total_phase_seconds": 0.4854084239923395,
      "scope": "file writes include journal intent/add/flush; excludes this timing receipt and checkpoint writes",
      "mode": "stage4_sealed_cell",
      "banner": "sealed Stage 4; scientific admission also requires complete declared populations"
    },
    {
      "phase": "edit:89",
      "identity_check_kind": "in_memory_structure_and_configuration",
      "recipe_verification_seconds": 0.0,
      "identity_verification_seconds": 0.0,
      "identity_check_seconds": 0.0018197490135207772,
      "state_hash_seconds": 0.07460833003278822,
      "clone_seconds": 0.005208162998314947,
      "restore_seconds": 0.0,
      "file_write_seconds": 0.012389597948640585,
      "operation_seconds": 0.2974960620049387,
      "total_phase_seconds": 0.3916093289735727,
      "scope": "file writes include journal intent/add/flush; excludes this timing receipt and checkpoint writes",
      "mode": "stage4_sealed_cell",
      "banner": "sealed Stage 4; scientific admission also requires complete declared populations"
    },
    {
      "phase": "immediate:89",
      "identity_check_kind": "in_memory_structure_and_configuration",
      "recipe_verification_seconds": 0.0,
      "identity_verification_seconds": 0.0,
      "identity_check_seconds": 0.0017620470025576651,
      "state_hash_seconds": 0.09026428003562614,
      "clone_seconds": 0.006572478974703699,
      "restore_seconds": 0.0021367460140027106,
      "file_write_seconds": 0.01231665804516524,
      "operation_seconds": 0.2730676169740036,
      "total_phase_seconds": 0.3862343169748783,
      "scope": "file writes include journal intent/add/flush; excludes this timing receipt and checkpoint writes",
      "mode": "stage4_sealed_cell",
      "banner": "sealed Stage 4; scientific admission also requires complete declared populations"
    },
    {
      "phase": "edit:90",
      "identity_check_kind": "in_memory_structure_and_configuration",
      "recipe_verification_seconds": 0.0,
      "identity_verification_seconds": 0.0,
      "identity_check_seconds": 0.0017932979972101748,
      "state_hash_seconds": 0.07242767995921895,
      "clone_seconds": 0.005275591975077987,
      "restore_seconds": 0.0,
      "file_write_seconds": 0.012322480033617467,
      "operation_seconds": 0.4334610000369139,
      "total_phase_seconds": 0.5253629480139352,
      "scope": "file writes include journal intent/add/flush; excludes this timing receipt and checkpoint writes",
      "mode": "stage4_sealed_cell",
      "banner": "sealed Stage 4; scientific admission also requires complete declared populations"
    },
    {
      "phase": "immediate:90",
      "identity_check_kind": "in_memory_structure_and_configuration",
      "recipe_verification_seconds": 0.0,
      "identity_verification_seconds": 0.0,
      "identity_check_seconds": 0.001830078021157533,
      "state_hash_seconds": 0.09093761094845831,
      "clone_seconds": 0.005591888970229775,
      "restore_seconds": 0.002204566029831767,
      "file_write_seconds": 0.012206458020955324,
      "operation_seconds": 0.32040810998296365,
      "total_phase_seconds": 0.43327187799150124,
      "scope": "file writes include journal intent/add/flush; excludes this timing receipt and checkpoint writes",
      "mode": "stage4_sealed_cell",
      "banner": "sealed Stage 4; scientific admission also requires complete declared populations"
    },
    {
      "phase": "edit:91",
      "identity_check_kind": "in_memory_structure_and_configuration",
      "recipe_verification_seconds": 0.0,
      "identity_verification_seconds": 0.0,
      "identity_check_seconds": 0.0017592919757589698,
      "state_hash_seconds": 0.070906151086092,
      "clone_seconds": 0.0065415590070188046,
      "restore_seconds": 0.0,
      "file_write_seconds": 0.0012219129712320864,
      "operation_seconds": 0.4422814770368859,
      "total_phase_seconds": 0.5227894959971309,
      "scope": "file writes include journal intent/add/flush; excludes this timing receipt and checkpoint writes",
      "mode": "stage4_sealed_cell",
      "banner": "sealed Stage 4; scientific admission also requires complete declared populations"
    },
    {
      "phase": "immediate:91",
      "identity_check_kind": "in_memory_structure_and_configuration",
      "recipe_verification_seconds": 0.0,
      "identity_verification_seconds": 0.0,
      "identity_check_seconds": 0.0017848800052888691,
      "state_hash_seconds": 0.0902625959715806,
      "clone_seconds": 0.004975356045179069,
      "restore_seconds": 0.0020364929805509746,
      "file_write_seconds": 0.012187400949187577,
      "operation_seconds": 0.3218513860483654,
      "total_phase_seconds": 0.4331916849478148,
      "scope": "file writes include journal intent/add/flush; excludes this timing receipt and checkpoint writes",
      "mode": "stage4_sealed_cell",
      "banner": "sealed Stage 4; scientific admission also requires complete declared populations"
    },
    {
      "phase": "edit:92",
      "identity_check_kind": "in_memory_structure_and_configuration",
      "recipe_verification_seconds": 0.0,
      "identity_verification_seconds": 0.0,
      "identity_check_seconds": 0.0017412579618394375,
      "state_hash_seconds": 0.07469720096560195,
      "clone_seconds": 0.005557523050811142,
      "restore_seconds": 0.0,
      "file_write_seconds": 0.012114020006265491,
      "operation_seconds": 0.4420582290040329,
      "total_phase_seconds": 0.5362532130093314,
      "scope": "file writes include journal intent/add/flush; excludes this timing receipt and checkpoint writes",
      "mode": "stage4_sealed_cell",
      "banner": "sealed Stage 4; scientific admission also requires complete declared populations"
    },
    {
      "phase": "immediate:92",
      "identity_check_kind": "in_memory_structure_and_configuration",
      "recipe_verification_seconds": 0.0,
      "identity_verification_seconds": 0.0,
      "identity_check_seconds": 0.0017721170443110168,
      "state_hash_seconds": 0.09008468501269817,
      "clone_seconds": 0.005177895014639944,
      "restore_seconds": 0.0023909530136734247,
      "file_write_seconds": 0.012167612963821739,
      "operation_seconds": 0.32113969197962433,
      "total_phase_seconds": 0.43283407896524295,
      "scope": "file writes include journal intent/add/flush; excludes this timing receipt and checkpoint writes",
      "mode": "stage4_sealed_cell",
      "banner": "sealed Stage 4; scientific admission also requires complete declared populations"
    },
    {
      "phase": "edit:93",
      "identity_check_kind": "in_memory_structure_and_configuration",
      "recipe_verification_seconds": 0.0,
      "identity_verification_seconds": 0.0,
      "identity_check_seconds": 0.001734614954330027,
      "state_hash_seconds": 0.07508755795424804,
      "clone_seconds": 0.006183271994814277,
      "restore_seconds": 0.0,
      "file_write_seconds": 0.012227278028149158,
      "operation_seconds": 1.2052247720421292,
      "total_phase_seconds": 1.3005421970156021,
      "scope": "file writes include journal intent/add/flush; excludes this timing receipt and checkpoint writes",
      "mode": "stage4_sealed_cell",
      "banner": "sealed Stage 4; scientific admission also requires complete declared populations"
    },
    {
      "phase": "immediate:93",
      "identity_check_kind": "in_memory_structure_and_configuration",
      "recipe_verification_seconds": 0.0,
      "identity_verification_seconds": 0.0,
      "identity_check_seconds": 0.0017393839661963284,
      "state_hash_seconds": 0.0896625259774737,
      "clone_seconds": 0.005447992007248104,
      "restore_seconds": 0.0023465079721063375,
      "file_write_seconds": 0.012301369977649301,
      "operation_seconds": 0.5465114459511824,
      "total_phase_seconds": 0.6581079449970275,
      "scope": "file writes include journal intent/add/flush; excludes this timing receipt and checkpoint writes",
      "mode": "stage4_sealed_cell",
      "banner": "sealed Stage 4; scientific admission also requires complete declared populations"
    },
    {
      "phase": "edit:94",
      "identity_check_kind": "in_memory_structure_and_configuration",
      "recipe_verification_seconds": 0.0,
      "identity_verification_seconds": 0.0,
      "identity_check_seconds": 0.0017866850248537958,
      "state_hash_seconds": 0.07146753900451586,
      "clone_seconds": 0.0054194380063563585,
      "restore_seconds": 0.0,
      "file_write_seconds": 0.012259789044037461,
      "operation_seconds": 0.28376903099706396,
      "total_phase_seconds": 0.37479570996947587,
      "scope": "file writes include journal intent/add/flush; excludes this timing receipt and checkpoint writes",
      "mode": "stage4_sealed_cell",
      "banner": "sealed Stage 4; scientific admission also requires complete declared populations"
    },
    {
      "phase": "immediate:94",
      "identity_check_kind": "in_memory_structure_and_configuration",
      "recipe_verification_seconds": 0.0,
      "identity_verification_seconds": 0.0,
      "identity_check_seconds": 0.001739364000968635,
      "state_hash_seconds": 0.09119680692674592,
      "clone_seconds": 0.006521150004118681,
      "restore_seconds": 0.002400010998826474,
      "file_write_seconds": 0.012348218995612115,
      "operation_seconds": 0.27707307500531897,
      "total_phase_seconds": 0.3913726650062017,
      "scope": "file writes include journal intent/add/flush; excludes this timing receipt and checkpoint writes",
      "mode": "stage4_sealed_cell",
      "banner": "sealed Stage 4; scientific admission also requires complete declared populations"
    },
    {
      "phase": "edit:95",
      "identity_check_kind": "in_memory_structure_and_configuration",
      "recipe_verification_seconds": 0.0,
      "identity_verification_seconds": 0.0,
      "identity_check_seconds": 0.0019085779786109924,
      "state_hash_seconds": 0.07280598598299548,
      "clone_seconds": 0.0066506979637779295,
      "restore_seconds": 0.0,
      "file_write_seconds": 0.012188152002636343,
      "operation_seconds": 0.8922642469988205,
      "total_phase_seconds": 0.9859190850402229,
      "scope": "file writes include journal intent/add/flush; excludes this timing receipt and checkpoint writes",
      "mode": "stage4_sealed_cell",
      "banner": "sealed Stage 4; scientific admission also requires complete declared populations"
    },
    {
      "phase": "immediate:95",
      "identity_check_kind": "in_memory_structure_and_configuration",
      "recipe_verification_seconds": 0.0,
      "identity_verification_seconds": 0.0,
      "identity_check_seconds": 0.0018494949908927083,
      "state_hash_seconds": 0.08984081796370447,
      "clone_seconds": 0.005472871009260416,
      "restore_seconds": 0.0021556419669650495,
      "file_write_seconds": 0.012326929019764066,
      "operation_seconds": 0.5037654000334442,
      "total_phase_seconds": 0.6155251309974119,
      "scope": "file writes include journal intent/add/flush; excludes this timing receipt and checkpoint writes",
      "mode": "stage4_sealed_cell",
      "banner": "sealed Stage 4; scientific admission also requires complete declared populations"
    },
    {
      "phase": "edit:96",
      "identity_check_kind": "in_memory_structure_and_configuration",
      "recipe_verification_seconds": 0.0,
      "identity_verification_seconds": 0.0,
      "identity_check_seconds": 0.0017498739762231708,
      "state_hash_seconds": 0.07200803607702255,
      "clone_seconds": 0.00573245802661404,
      "restore_seconds": 0.0,
      "file_write_seconds": 0.012387935013975948,
      "operation_seconds": 0.4721229280112311,
      "total_phase_seconds": 0.5640835280064493,
      "scope": "file writes include journal intent/add/flush; excludes this timing receipt and checkpoint writes",
      "mode": "stage4_sealed_cell",
      "banner": "sealed Stage 4; scientific admission also requires complete declared populations"
    },
    {
      "phase": "immediate:96",
      "identity_check_kind": "in_memory_structure_and_configuration",
      "recipe_verification_seconds": 0.0,
      "identity_verification_seconds": 0.0,
      "identity_check_seconds": 0.0018278640345670283,
      "state_hash_seconds": 0.09179849090287462,
      "clone_seconds": 0.007212664990220219,
      "restore_seconds": 0.002030261035542935,
      "file_write_seconds": 0.01220651698531583,
      "operation_seconds": 0.3233217350207269,
      "total_phase_seconds": 0.4384976250003092,
      "scope": "file writes include journal intent/add/flush; excludes this timing receipt and checkpoint writes",
      "mode": "stage4_sealed_cell",
      "banner": "sealed Stage 4; scientific admission also requires complete declared populations"
    },
    {
      "phase": "edit:97",
      "identity_check_kind": "in_memory_structure_and_configuration",
      "recipe_verification_seconds": 0.0,
      "identity_verification_seconds": 0.0,
      "identity_check_seconds": 0.001767688023392111,
      "state_hash_seconds": 0.07282527192728594,
      "clone_seconds": 0.005682171031367034,
      "restore_seconds": 0.0,
      "file_write_seconds": 0.012280669005122036,
      "operation_seconds": 0.8829341329983436,
      "total_phase_seconds": 0.9755765500012785,
      "scope": "file writes include journal intent/add/flush; excludes this timing receipt and checkpoint writes",
      "mode": "stage4_sealed_cell",
      "banner": "sealed Stage 4; scientific admission also requires complete declared populations"
    },
    {
      "phase": "immediate:97",
      "identity_check_kind": "in_memory_structure_and_configuration",
      "recipe_verification_seconds": 0.0,
      "identity_verification_seconds": 0.0,
      "identity_check_seconds": 0.001766144996508956,
      "state_hash_seconds": 0.09014256589580327,
      "clone_seconds": 0.007500265957787633,
      "restore_seconds": 0.0028910519904457033,
      "file_write_seconds": 0.01224652398377657,
      "operation_seconds": 0.4560772510012612,
      "total_phase_seconds": 0.5707290570135228,
      "scope": "file writes include journal intent/add/flush; excludes this timing receipt and checkpoint writes",
      "mode": "stage4_sealed_cell",
      "banner": "sealed Stage 4; scientific admission also requires complete declared populations"
    },
    {
      "phase": "edit:98",
      "identity_check_kind": "in_memory_structure_and_configuration",
      "recipe_verification_seconds": 0.0,
      "identity_verification_seconds": 0.0,
      "identity_check_seconds": 0.001803476014174521,
      "state_hash_seconds": 0.07345354702556506,
      "clone_seconds": 0.007775414036586881,
      "restore_seconds": 0.0,
      "file_write_seconds": 0.012285517994314432,
      "operation_seconds": 0.29827010503504425,
      "total_phase_seconds": 0.39369064796483144,
      "scope": "file writes include journal intent/add/flush; excludes this timing receipt and checkpoint writes",
      "mode": "stage4_sealed_cell",
      "banner": "sealed Stage 4; scientific admission also requires complete declared populations"
    },
    {
      "phase": "immediate:98",
      "identity_check_kind": "in_memory_structure_and_configuration",
      "recipe_verification_seconds": 0.0,
      "identity_verification_seconds": 0.0,
      "identity_check_seconds": 0.0017880980158224702,
      "state_hash_seconds": 0.09014622197719291,
      "clone_seconds": 0.006648683978710324,
      "restore_seconds": 0.002627315989229828,
      "file_write_seconds": 0.012200054945424199,
      "operation_seconds": 0.32034951698733494,
      "total_phase_seconds": 0.43386520503554493,
      "scope": "file writes include journal intent/add/flush; excludes this timing receipt and checkpoint writes",
      "mode": "stage4_sealed_cell",
      "banner": "sealed Stage 4; scientific admission also requires complete declared populations"
    },
    {
      "phase": "edit:99",
      "identity_check_kind": "in_memory_structure_and_configuration",
      "recipe_verification_seconds": 0.0,
      "identity_verification_seconds": 0.0,
      "identity_check_seconds": 0.0018504970357753336,
      "state_hash_seconds": 0.07321780500933528,
      "clone_seconds": 0.005517496028915048,
      "restore_seconds": 0.0,
      "file_write_seconds": 0.012207779043819755,
      "operation_seconds": 0.45426944602513686,
      "total_phase_seconds": 0.5471522640436888,
      "scope": "file writes include journal intent/add/flush; excludes this timing receipt and checkpoint writes",
      "mode": "stage4_sealed_cell",
      "banner": "sealed Stage 4; scientific admission also requires complete declared populations"
    },
    {
      "phase": "immediate:99",
      "identity_check_kind": "in_memory_structure_and_configuration",
      "recipe_verification_seconds": 0.0,
      "identity_verification_seconds": 0.0,
      "identity_check_seconds": 0.0018861350254155695,
      "state_hash_seconds": 0.0930712689878419,
      "clone_seconds": 0.005395592015702277,
      "restore_seconds": 0.0021701999939978123,
      "file_write_seconds": 0.0012077449937351048,
      "operation_seconds": 0.27571983099915087,
      "total_phase_seconds": 0.3795482909772545,
      "scope": "file writes include journal intent/add/flush; excludes this timing receipt and checkpoint writes",
      "mode": "stage4_sealed_cell",
      "banner": "sealed Stage 4; scientific admission also requires complete declared populations"
    },
    {
      "phase": "edit:100",
      "identity_check_kind": "in_memory_structure_and_configuration",
      "recipe_verification_seconds": 0.0,
      "identity_verification_seconds": 0.0,
      "identity_check_seconds": 0.0017365780076943338,
      "state_hash_seconds": 0.07499868795275688,
      "clone_seconds": 0.005394149979110807,
      "restore_seconds": 0.0,
      "file_write_seconds": 0.012234551017172635,
      "operation_seconds": 0.4692712419782765,
      "total_phase_seconds": 0.5637218549964018,
      "scope": "file writes include journal intent/add/flush; excludes this timing receipt and checkpoint writes",
      "mode": "stage4_sealed_cell",
      "banner": "sealed Stage 4; scientific admission also requires complete declared populations"
    },
    {
      "phase": "immediate:100",
      "identity_check_kind": "in_memory_structure_and_configuration",
      "recipe_verification_seconds": 0.0,
      "identity_verification_seconds": 0.0,
      "identity_check_seconds": 0.0017295749858021736,
      "state_hash_seconds": 0.09012127411551774,
      "clone_seconds": 0.07052227697568014,
      "restore_seconds": 0.002899066952522844,
      "file_write_seconds": 0.012244689976796508,
      "operation_seconds": 0.32417385798180476,
      "total_phase_seconds": 0.5017925589927472,
      "scope": "file writes include journal intent/add/flush; excludes this timing receipt and checkpoint writes",
      "mode": "stage4_sealed_cell",
      "banner": "sealed Stage 4; scientific admission also requires complete declared populations"
    },
    {
      "phase": "retention:100",
      "identity_check_kind": "in_memory_structure_and_configuration",
      "recipe_verification_seconds": 0.0,
      "identity_verification_seconds": 0.0,
      "identity_check_seconds": 0.0017986579914577305,
      "state_hash_seconds": 0.0931609821273014,
      "clone_seconds": 0.0052700520027428865,
      "restore_seconds": 0.0021394710056483746,
      "file_write_seconds": 0.014499122044071555,
      "operation_seconds": 35.0741872159997,
      "total_phase_seconds": 35.193063678976614,
      "scope": "file writes include journal intent/add/flush; excludes this timing receipt and checkpoint writes",
      "mode": "stage4_sealed_cell",
      "banner": "sealed Stage 4; scientific admission also requires complete declared populations"
    },
    {
      "phase": "locality:100",
      "identity_check_kind": "in_memory_structure_and_configuration",
      "recipe_verification_seconds": 0.0,
      "identity_verification_seconds": 0.0,
      "identity_check_seconds": 0.001733041019178927,
      "state_hash_seconds": 0.0912647859659046,
      "clone_seconds": 0.005293736991006881,
      "restore_seconds": 0.0024064729805104434,
      "file_write_seconds": 0.01345704501727596,
      "operation_seconds": 55.697224345989525,
      "total_phase_seconds": 55.81249698199099,
      "scope": "file writes include journal intent/add/flush; excludes this timing receipt and checkpoint writes",
      "mode": "stage4_sealed_cell",
      "banner": "sealed Stage 4; scientific admission also requires complete declared populations"
    },
    {
      "phase": "unseen:100",
      "identity_check_kind": "in_memory_structure_and_configuration",
      "recipe_verification_seconds": 0.0,
      "identity_verification_seconds": 0.0,
      "identity_check_seconds": 0.0019354090327396989,
      "state_hash_seconds": 0.0922745720599778,
      "clone_seconds": 0.005227691028267145,
      "restore_seconds": 0.002171622996684164,
      "file_write_seconds": 0.04929444700246677,
      "operation_seconds": 159.9459435379831,
      "total_phase_seconds": 160.09887879400048,
      "scope": "file writes include journal intent/add/flush; excludes this timing receipt and checkpoint writes",
      "mode": "stage4_sealed_cell",
      "banner": "sealed Stage 4; scientific admission also requires complete declared populations"
    },
    {
      "phase": "drift:100",
      "identity_check_kind": "in_memory_structure_and_configuration",
      "recipe_verification_seconds": 0.0,
      "identity_verification_seconds": 0.0,
      "identity_check_seconds": 0.0018131060060113668,
      "state_hash_seconds": 0.09281599003588781,
      "clone_seconds": 0.007033923000562936,
      "restore_seconds": 0.0021606420050375164,
      "file_write_seconds": 0.20222502603428438,
      "operation_seconds": 83.18989214597968,
      "total_phase_seconds": 83.63499339798,
      "scope": "file writes include journal intent/add/flush; excludes this timing receipt and checkpoint writes",
      "mode": "stage4_sealed_cell",
      "banner": "sealed Stage 4; scientific admission also requires complete declared populations"
    },
    {
      "phase": "edit:101",
      "identity_check_kind": "in_memory_structure_and_configuration",
      "recipe_verification_seconds": 0.0,
      "identity_verification_seconds": 0.0,
      "identity_check_seconds": 0.0018089680233970284,
      "state_hash_seconds": 0.0733605389832519,
      "clone_seconds": 0.006916327984072268,
      "restore_seconds": 0.0,
      "file_write_seconds": 0.012364810972940177,
      "operation_seconds": 0.3074310849769972,
      "total_phase_seconds": 0.4081196259940043,
      "scope": "file writes include journal intent/add/flush; excludes this timing receipt and checkpoint writes",
      "mode": "stage4_sealed_cell",
      "banner": "sealed Stage 4; scientific admission also requires complete declared populations"
    },
    {
      "phase": "immediate:101",
      "identity_check_kind": "in_memory_structure_and_configuration",
      "recipe_verification_seconds": 0.0,
      "identity_verification_seconds": 0.0,
      "identity_check_seconds": 0.002190567960496992,
      "state_hash_seconds": 0.09159547393210232,
      "clone_seconds": 0.006554985011462122,
      "restore_seconds": 0.0020816799951717257,
      "file_write_seconds": 0.012339272012468427,
      "operation_seconds": 0.2788182300282642,
      "total_phase_seconds": 0.39369160996284336,
      "scope": "file writes include journal intent/add/flush; excludes this timing receipt and checkpoint writes",
      "mode": "stage4_sealed_cell",
      "banner": "sealed Stage 4; scientific admission also requires complete declared populations"
    },
    {
      "phase": "edit:102",
      "identity_check_kind": "in_memory_structure_and_configuration",
      "recipe_verification_seconds": 0.0,
      "identity_verification_seconds": 0.0,
      "identity_check_seconds": 0.0017747610691003501,
      "state_hash_seconds": 0.07440190395573154,
      "clone_seconds": 0.006617244041990489,
      "restore_seconds": 0.0,
      "file_write_seconds": 0.012228650040924549,
      "operation_seconds": 0.4479422179865651,
      "total_phase_seconds": 0.5430491690058261,
      "scope": "file writes include journal intent/add/flush; excludes this timing receipt and checkpoint writes",
      "mode": "stage4_sealed_cell",
      "banner": "sealed Stage 4; scientific admission also requires complete declared populations"
    },
    {
      "phase": "immediate:102",
      "identity_check_kind": "in_memory_structure_and_configuration",
      "recipe_verification_seconds": 0.0,
      "identity_verification_seconds": 0.0,
      "identity_check_seconds": 0.001745706016663462,
      "state_hash_seconds": 0.09463389508891851,
      "clone_seconds": 0.007391327002551407,
      "restore_seconds": 0.0021817320375703275,
      "file_write_seconds": 0.012267433980014175,
      "operation_seconds": 0.27510665595764294,
      "total_phase_seconds": 0.39342856500297785,
      "scope": "file writes include journal intent/add/flush; excludes this timing receipt and checkpoint writes",
      "mode": "stage4_sealed_cell",
      "banner": "sealed Stage 4; scientific admission also requires complete declared populations"
    },
    {
      "phase": "edit:103",
      "identity_check_kind": "in_memory_structure_and_configuration",
      "recipe_verification_seconds": 0.0,
      "identity_verification_seconds": 0.0,
      "identity_check_seconds": 0.0017561170388944447,
      "state_hash_seconds": 0.07478167297085747,
      "clone_seconds": 0.006702998012769967,
      "restore_seconds": 0.0,
      "file_write_seconds": 0.012313724029809237,
      "operation_seconds": 0.912274944013916,
      "total_phase_seconds": 1.0079184839851223,
      "scope": "file writes include journal intent/add/flush; excludes this timing receipt and checkpoint writes",
      "mode": "stage4_sealed_cell",
      "banner": "sealed Stage 4; scientific admission also requires complete declared populations"
    },
    {
      "phase": "immediate:103",
      "identity_check_kind": "in_memory_structure_and_configuration",
      "recipe_verification_seconds": 0.0,
      "identity_verification_seconds": 0.0,
      "identity_check_seconds": 0.0017350350972265005,
      "state_hash_seconds": 0.09208728309022263,
      "clone_seconds": 0.006760829011909664,
      "restore_seconds": 0.0021017889957875013,
      "file_write_seconds": 0.012291070015635341,
      "operation_seconds": 0.4628093960345723,
      "total_phase_seconds": 0.5778825180022977,
      "scope": "file writes include journal intent/add/flush; excludes this timing receipt and checkpoint writes",
      "mode": "stage4_sealed_cell",
      "banner": "sealed Stage 4; scientific admission also requires complete declared populations"
    },
    {
      "phase": "edit:104",
      "identity_check_kind": "in_memory_structure_and_configuration",
      "recipe_verification_seconds": 0.0,
      "identity_verification_seconds": 0.0,
      "identity_check_seconds": 0.0017915850039571524,
      "state_hash_seconds": 0.07733500591712072,
      "clone_seconds": 0.006702737999148667,
      "restore_seconds": 0.0,
      "file_write_seconds": 0.012203050020616502,
      "operation_seconds": 0.45240535301854834,
      "total_phase_seconds": 0.5505273540038615,
      "scope": "file writes include journal intent/add/flush; excludes this timing receipt and checkpoint writes",
      "mode": "stage4_sealed_cell",
      "banner": "sealed Stage 4; scientific admission also requires complete declared populations"
    },
    {
      "phase": "immediate:104",
      "identity_check_kind": "in_memory_structure_and_configuration",
      "recipe_verification_seconds": 0.0,
      "identity_verification_seconds": 0.0,
      "identity_check_seconds": 0.0018764979904517531,
      "state_hash_seconds": 0.0941503980429843,
      "clone_seconds": 0.007754703983664513,
      "restore_seconds": 0.0020679139997810125,
      "file_write_seconds": 0.012478088028728962,
      "operation_seconds": 0.3210703890072182,
      "total_phase_seconds": 0.4395237020216882,
      "scope": "file writes include journal intent/add/flush; excludes this timing receipt and checkpoint writes",
      "mode": "stage4_sealed_cell",
      "banner": "sealed Stage 4; scientific admission also requires complete declared populations"
    },
    {
      "phase": "edit:105",
      "identity_check_kind": "in_memory_structure_and_configuration",
      "recipe_verification_seconds": 0.0,
      "identity_verification_seconds": 0.0,
      "identity_check_seconds": 0.0017909429734572768,
      "state_hash_seconds": 0.07638172002043575,
      "clone_seconds": 0.008424296975135803,
      "restore_seconds": 0.0,
      "file_write_seconds": 0.012158054043538868,
      "operation_seconds": 0.45455929200397804,
      "total_phase_seconds": 0.5534043380175717,
      "scope": "file writes include journal intent/add/flush; excludes this timing receipt and checkpoint writes",
      "mode": "stage4_sealed_cell",
      "banner": "sealed Stage 4; scientific admission also requires complete declared populations"
    },
    {
      "phase": "immediate:105",
      "identity_check_kind": "in_memory_structure_and_configuration",
      "recipe_verification_seconds": 0.0,
      "identity_verification_seconds": 0.0,
      "identity_check_seconds": 0.001769060967490077,
      "state_hash_seconds": 0.09241142502287403,
      "clone_seconds": 0.0070891089853830636,
      "restore_seconds": 0.0021899070125073195,
      "file_write_seconds": 0.012249268998857588,
      "operation_seconds": 0.3204814199707471,
      "total_phase_seconds": 0.436288841010537,
      "scope": "file writes include journal intent/add/flush; excludes this timing receipt and checkpoint writes",
      "mode": "stage4_sealed_cell",
      "banner": "sealed Stage 4; scientific admission also requires complete declared populations"
    },
    {
      "phase": "edit:106",
      "identity_check_kind": "in_memory_structure_and_configuration",
      "recipe_verification_seconds": 0.0,
      "identity_verification_seconds": 0.0,
      "identity_check_seconds": 0.0017317290185019374,
      "state_hash_seconds": 0.07560895703500137,
      "clone_seconds": 0.007545093016233295,
      "restore_seconds": 0.0,
      "file_write_seconds": 0.012348690012004226,
      "operation_seconds": 0.4447644070023671,
      "total_phase_seconds": 0.5420864440384321,
      "scope": "file writes include journal intent/add/flush; excludes this timing receipt and checkpoint writes",
      "mode": "stage4_sealed_cell",
      "banner": "sealed Stage 4; scientific admission also requires complete declared populations"
    },
    {
      "phase": "immediate:106",
      "identity_check_kind": "in_memory_structure_and_configuration",
      "recipe_verification_seconds": 0.0,
      "identity_verification_seconds": 0.0,
      "identity_check_seconds": 0.0017377699841745198,
      "state_hash_seconds": 0.09172914695227519,
      "clone_seconds": 0.007070292020216584,
      "restore_seconds": 0.0024758860236033797,
      "file_write_seconds": 0.012130693008657545,
      "operation_seconds": 0.369573900999967,
      "total_phase_seconds": 0.48481844301568344,
      "scope": "file writes include journal intent/add/flush; excludes this timing receipt and checkpoint writes",
      "mode": "stage4_sealed_cell",
      "banner": "sealed Stage 4; scientific admission also requires complete declared populations"
    },
    {
      "phase": "edit:107",
      "identity_check_kind": "in_memory_structure_and_configuration",
      "recipe_verification_seconds": 0.0,
      "identity_verification_seconds": 0.0,
      "identity_check_seconds": 0.0018333030166104436,
      "state_hash_seconds": 0.07562794402474537,
      "clone_seconds": 0.007030716980807483,
      "restore_seconds": 0.0,
      "file_write_seconds": 0.012073082034476101,
      "operation_seconds": 0.44085788901429623,
      "total_phase_seconds": 0.5375083490507677,
      "scope": "file writes include journal intent/add/flush; excludes this timing receipt and checkpoint writes",
      "mode": "stage4_sealed_cell",
      "banner": "sealed Stage 4; scientific admission also requires complete declared populations"
    },
    {
      "phase": "immediate:107",
      "identity_check_kind": "in_memory_structure_and_configuration",
      "recipe_verification_seconds": 0.0,
      "identity_verification_seconds": 0.0,
      "identity_check_seconds": 0.001787666988093406,
      "state_hash_seconds": 0.09251280897296965,
      "clone_seconds": 0.007259685022290796,
      "restore_seconds": 0.0027237909962423146,
      "file_write_seconds": 0.012105041998438537,
      "operation_seconds": 0.3206171910278499,
      "total_phase_seconds": 0.4371049049659632,
      "scope": "file writes include journal intent/add/flush; excludes this timing receipt and checkpoint writes",
      "mode": "stage4_sealed_cell",
      "banner": "sealed Stage 4; scientific admission also requires complete declared populations"
    },
    {
      "phase": "edit:108",
      "identity_check_kind": "in_memory_structure_and_configuration",
      "recipe_verification_seconds": 0.0,
      "identity_verification_seconds": 0.0,
      "identity_check_seconds": 0.001848244050052017,
      "state_hash_seconds": 0.07561654294840991,
      "clone_seconds": 0.011253671022132039,
      "restore_seconds": 0.0,
      "file_write_seconds": 0.012152253999374807,
      "operation_seconds": 0.42966379201970994,
      "total_phase_seconds": 0.530643891019281,
      "scope": "file writes include journal intent/add/flush; excludes this timing receipt and checkpoint writes",
      "mode": "stage4_sealed_cell",
      "banner": "sealed Stage 4; scientific admission also requires complete declared populations"
    },
    {
      "phase": "immediate:108",
      "identity_check_kind": "in_memory_structure_and_configuration",
      "recipe_verification_seconds": 0.0,
      "identity_verification_seconds": 0.0,
      "identity_check_seconds": 0.0017294250428676605,
      "state_hash_seconds": 0.09273231908446178,
      "clone_seconds": 0.007087005011271685,
      "restore_seconds": 0.0022345540346577764,
      "file_write_seconds": 0.012088540999684483,
      "operation_seconds": 0.31998676201328635,
      "total_phase_seconds": 0.4359531070222147,
      "scope": "file writes include journal intent/add/flush; excludes this timing receipt and checkpoint writes",
      "mode": "stage4_sealed_cell",
      "banner": "sealed Stage 4; scientific admission also requires complete declared populations"
    },
    {
      "phase": "edit:109",
      "identity_check_kind": "in_memory_structure_and_configuration",
      "recipe_verification_seconds": 0.0,
      "identity_verification_seconds": 0.0,
      "identity_check_seconds": 0.0017499339883215725,
      "state_hash_seconds": 0.0759433190105483,
      "clone_seconds": 0.006983306026086211,
      "restore_seconds": 0.0,
      "file_write_seconds": 0.012156962999142706,
      "operation_seconds": 0.7348121820250526,
      "total_phase_seconds": 0.83173325099051,
      "scope": "file writes include journal intent/add/flush; excludes this timing receipt and checkpoint writes",
      "mode": "stage4_sealed_cell",
      "banner": "sealed Stage 4; scientific admission also requires complete declared populations"
    },
    {
      "phase": "immediate:109",
      "identity_check_kind": "in_memory_structure_and_configuration",
      "recipe_verification_seconds": 0.0,
      "identity_verification_seconds": 0.0,
      "identity_check_seconds": 0.0017540919943712652,
      "state_hash_seconds": 0.09310990391531959,
      "clone_seconds": 0.006642622989602387,
      "restore_seconds": 0.002050721028354019,
      "file_write_seconds": 0.012079694017302245,
      "operation_seconds": 0.41118529200321063,
      "total_phase_seconds": 0.5269241610076278,
      "scope": "file writes include journal intent/add/flush; excludes this timing receipt and checkpoint writes",
      "mode": "stage4_sealed_cell",
      "banner": "sealed Stage 4; scientific admission also requires complete declared populations"
    },
    {
      "phase": "edit:110",
      "identity_check_kind": "in_memory_structure_and_configuration",
      "recipe_verification_seconds": 0.0,
      "identity_verification_seconds": 0.0,
      "identity_check_seconds": 0.0018047679914161563,
      "state_hash_seconds": 0.07481828291201964,
      "clone_seconds": 0.008129261957947165,
      "restore_seconds": 0.0,
      "file_write_seconds": 0.04727392498170957,
      "operation_seconds": 1.8107296359958127,
      "total_phase_seconds": 1.9428440139745362,
      "scope": "file writes include journal intent/add/flush; excludes this timing receipt and checkpoint writes",
      "mode": "stage4_sealed_cell",
      "banner": "sealed Stage 4; scientific admission also requires complete declared populations"
    },
    {
      "phase": "immediate:110",
      "identity_check_kind": "in_memory_structure_and_configuration",
      "recipe_verification_seconds": 0.0,
      "identity_verification_seconds": 0.0,
      "identity_check_seconds": 0.001726099057123065,
      "state_hash_seconds": 0.09234295308124274,
      "clone_seconds": 0.007085943012498319,
      "restore_seconds": 0.002290541015099734,
      "file_write_seconds": 0.012375010992400348,
      "operation_seconds": 0.6376795580144972,
      "total_phase_seconds": 0.7536020489642397,
      "scope": "file writes include journal intent/add/flush; excludes this timing receipt and checkpoint writes",
      "mode": "stage4_sealed_cell",
      "banner": "sealed Stage 4; scientific admission also requires complete declared populations"
    },
    {
      "phase": "edit:111",
      "identity_check_kind": "in_memory_structure_and_configuration",
      "recipe_verification_seconds": 0.0,
      "identity_verification_seconds": 0.0,
      "identity_check_seconds": 0.001748621987644583,
      "state_hash_seconds": 0.07686748006381094,
      "clone_seconds": 0.00851801800308749,
      "restore_seconds": 0.0,
      "file_write_seconds": 0.012208872009068727,
      "operation_seconds": 0.45000179699854925,
      "total_phase_seconds": 0.5494407310034148,
      "scope": "file writes include journal intent/add/flush; excludes this timing receipt and checkpoint writes",
      "mode": "stage4_sealed_cell",
      "banner": "sealed Stage 4; scientific admission also requires complete declared populations"
    },
    {
      "phase": "immediate:111",
      "identity_check_kind": "in_memory_structure_and_configuration",
      "recipe_verification_seconds": 0.0,
      "identity_verification_seconds": 0.0,
      "identity_check_seconds": 0.0017550939810462296,
      "state_hash_seconds": 0.09285688702948391,
      "clone_seconds": 0.007347743958234787,
      "restore_seconds": 0.0022469870164059103,
      "file_write_seconds": 0.012267834972590208,
      "operation_seconds": 0.40977795503567904,
      "total_phase_seconds": 0.5263521249871701,
      "scope": "file writes include journal intent/add/flush; excludes this timing receipt and checkpoint writes",
      "mode": "stage4_sealed_cell",
      "banner": "sealed Stage 4; scientific admission also requires complete declared populations"
    },
    {
      "phase": "edit:112",
      "identity_check_kind": "in_memory_structure_and_configuration",
      "recipe_verification_seconds": 0.0,
      "identity_verification_seconds": 0.0,
      "identity_check_seconds": 0.0017335509764961898,
      "state_hash_seconds": 0.07354286889312789,
      "clone_seconds": 0.008212501998059452,
      "restore_seconds": 0.0,
      "file_write_seconds": 0.012242686003446579,
      "operation_seconds": 0.29397245799191296,
      "total_phase_seconds": 0.38980542100034654,
      "scope": "file writes include journal intent/add/flush; excludes this timing receipt and checkpoint writes",
      "mode": "stage4_sealed_cell",
      "banner": "sealed Stage 4; scientific admission also requires complete declared populations"
    },
    {
      "phase": "immediate:112",
      "identity_check_kind": "in_memory_structure_and_configuration",
      "recipe_verification_seconds": 0.0,
      "identity_verification_seconds": 0.0,
      "identity_check_seconds": 0.0017688610241748393,
      "state_hash_seconds": 0.09418819000711665,
      "clone_seconds": 0.007286067004315555,
      "restore_seconds": 0.0022511350107379258,
      "file_write_seconds": 0.012362856999970973,
      "operation_seconds": 0.27914434496778995,
      "total_phase_seconds": 0.39710461196955293,
      "scope": "file writes include journal intent/add/flush; excludes this timing receipt and checkpoint writes",
      "mode": "stage4_sealed_cell",
      "banner": "sealed Stage 4; scientific admission also requires complete declared populations"
    },
    {
      "phase": "edit:113",
      "identity_check_kind": "in_memory_structure_and_configuration",
      "recipe_verification_seconds": 0.0,
      "identity_verification_seconds": 0.0,
      "identity_check_seconds": 0.0017579100094735622,
      "state_hash_seconds": 0.07511992898071185,
      "clone_seconds": 0.007356862013693899,
      "restore_seconds": 0.0,
      "file_write_seconds": 0.012288455036468804,
      "operation_seconds": 0.29283861501608044,
      "total_phase_seconds": 0.3894472449901514,
      "scope": "file writes include journal intent/add/flush; excludes this timing receipt and checkpoint writes",
      "mode": "stage4_sealed_cell",
      "banner": "sealed Stage 4; scientific admission also requires complete declared populations"
    },
    {
      "phase": "immediate:113",
      "identity_check_kind": "in_memory_structure_and_configuration",
      "recipe_verification_seconds": 0.0,
      "identity_verification_seconds": 0.0,
      "identity_check_seconds": 0.0017653650720603764,
      "state_hash_seconds": 0.09313221496995538,
      "clone_seconds": 0.007228715985547751,
      "restore_seconds": 0.002148148021660745,
      "file_write_seconds": 0.012357197003439069,
      "operation_seconds": 0.2810855769785121,
      "total_phase_seconds": 0.397817077988293,
      "scope": "file writes include journal intent/add/flush; excludes this timing receipt and checkpoint writes",
      "mode": "stage4_sealed_cell",
      "banner": "sealed Stage 4; scientific admission also requires complete declared populations"
    },
    {
      "phase": "edit:114",
      "identity_check_kind": "in_memory_structure_and_configuration",
      "recipe_verification_seconds": 0.0,
      "identity_verification_seconds": 0.0,
      "identity_check_seconds": 0.0017504649586044252,
      "state_hash_seconds": 0.07414431008510292,
      "clone_seconds": 0.008075630001258105,
      "restore_seconds": 0.0,
      "file_write_seconds": 0.012434504053089768,
      "operation_seconds": 0.44421545503428206,
      "total_phase_seconds": 0.540707089996431,
      "scope": "file writes include journal intent/add/flush; excludes this timing receipt and checkpoint writes",
      "mode": "stage4_sealed_cell",
      "banner": "sealed Stage 4; scientific admission also requires complete declared populations"
    },
    {
      "phase": "immediate:114",
      "identity_check_kind": "in_memory_structure_and_configuration",
      "recipe_verification_seconds": 0.0,
      "identity_verification_seconds": 0.0,
      "identity_check_seconds": 0.0018669780110940337,
      "state_hash_seconds": 0.0914390510879457,
      "clone_seconds": 0.008218183007556945,
      "restore_seconds": 0.00211509398650378,
      "file_write_seconds": 0.01236019202042371,
      "operation_seconds": 0.32441863702842966,
      "total_phase_seconds": 0.44052611297229305,
      "scope": "file writes include journal intent/add/flush; excludes this timing receipt and checkpoint writes",
      "mode": "stage4_sealed_cell",
      "banner": "sealed Stage 4; scientific admission also requires complete declared populations"
    },
    {
      "phase": "edit:115",
      "identity_check_kind": "in_memory_structure_and_configuration",
      "recipe_verification_seconds": 0.0,
      "identity_verification_seconds": 0.0,
      "identity_check_seconds": 0.0017444529803469777,
      "state_hash_seconds": 0.07519687799504027,
      "clone_seconds": 0.007471462013199925,
      "restore_seconds": 0.0,
      "file_write_seconds": 0.012215033988468349,
      "operation_seconds": 0.6085445719654672,
      "total_phase_seconds": 0.7052618900197558,
      "scope": "file writes include journal intent/add/flush; excludes this timing receipt and checkpoint writes",
      "mode": "stage4_sealed_cell",
      "banner": "sealed Stage 4; scientific admission also requires complete declared populations"
    },
    {
      "phase": "immediate:115",
      "identity_check_kind": "in_memory_structure_and_configuration",
      "recipe_verification_seconds": 0.0,
      "identity_verification_seconds": 0.0,
      "identity_check_seconds": 0.0017377709154970944,
      "state_hash_seconds": 0.093775840010494,
      "clone_seconds": 0.007186534989159554,
      "restore_seconds": 0.0022278200485743582,
      "file_write_seconds": 0.012161771999672055,
      "operation_seconds": 0.32507925399113446,
      "total_phase_seconds": 0.442266489029862,
      "scope": "file writes include journal intent/add/flush; excludes this timing receipt and checkpoint writes",
      "mode": "stage4_sealed_cell",
      "banner": "sealed Stage 4; scientific admission also requires complete declared populations"
    },
    {
      "phase": "edit:116",
      "identity_check_kind": "in_memory_structure_and_configuration",
      "recipe_verification_seconds": 0.0,
      "identity_verification_seconds": 0.0,
      "identity_check_seconds": 0.0017562959692440927,
      "state_hash_seconds": 0.07556032401043922,
      "clone_seconds": 0.00734366598771885,
      "restore_seconds": 0.0,
      "file_write_seconds": 0.012225392973050475,
      "operation_seconds": 0.2888865499990061,
      "total_phase_seconds": 0.3858606700086966,
      "scope": "file writes include journal intent/add/flush; excludes this timing receipt and checkpoint writes",
      "mode": "stage4_sealed_cell",
      "banner": "sealed Stage 4; scientific admission also requires complete declared populations"
    },
    {
      "phase": "immediate:116",
      "identity_check_kind": "in_memory_structure_and_configuration",
      "recipe_verification_seconds": 0.0,
      "identity_verification_seconds": 0.0,
      "identity_check_seconds": 0.001849074033088982,
      "state_hash_seconds": 0.09354311507195234,
      "clone_seconds": 0.009134138002991676,
      "restore_seconds": 0.002157434995751828,
      "file_write_seconds": 0.012098420993424952,
      "operation_seconds": 0.27628473402000964,
      "total_phase_seconds": 0.39516554604051635,
      "scope": "file writes include journal intent/add/flush; excludes this timing receipt and checkpoint writes",
      "mode": "stage4_sealed_cell",
      "banner": "sealed Stage 4; scientific admission also requires complete declared populations"
    },
    {
      "phase": "edit:117",
      "identity_check_kind": "in_memory_structure_and_configuration",
      "recipe_verification_seconds": 0.0,
      "identity_verification_seconds": 0.0,
      "identity_check_seconds": 0.0019914780277758837,
      "state_hash_seconds": 0.0762961259461008,
      "clone_seconds": 0.007329498999752104,
      "restore_seconds": 0.0,
      "file_write_seconds": 0.012095044017769396,
      "operation_seconds": 0.6023961359751411,
      "total_phase_seconds": 0.7002032439922914,
      "scope": "file writes include journal intent/add/flush; excludes this timing receipt and checkpoint writes",
      "mode": "stage4_sealed_cell",
      "banner": "sealed Stage 4; scientific admission also requires complete declared populations"
    },
    {
      "phase": "immediate:117",
      "identity_check_kind": "in_memory_structure_and_configuration",
      "recipe_verification_seconds": 0.0,
      "identity_verification_seconds": 0.0,
      "identity_check_seconds": 0.0018228850094601512,
      "state_hash_seconds": 0.09727863501757383,
      "clone_seconds": 0.0075331899570301175,
      "restore_seconds": 0.0027483279700390995,
      "file_write_seconds": 0.012227608996909112,
      "operation_seconds": 0.37018103495938703,
      "total_phase_seconds": 0.4918978529749438,
      "scope": "file writes include journal intent/add/flush; excludes this timing receipt and checkpoint writes",
      "mode": "stage4_sealed_cell",
      "banner": "sealed Stage 4; scientific admission also requires complete declared populations"
    },
    {
      "phase": "edit:118",
      "identity_check_kind": "in_memory_structure_and_configuration",
      "recipe_verification_seconds": 0.0,
      "identity_verification_seconds": 0.0,
      "identity_check_seconds": 0.0017552949720993638,
      "state_hash_seconds": 0.07515763299306855,
      "clone_seconds": 0.007476671016775072,
      "restore_seconds": 0.0,
      "file_write_seconds": 0.01232381199952215,
      "operation_seconds": 0.4502983940183185,
      "total_phase_seconds": 0.5471128579811193,
      "scope": "file writes include journal intent/add/flush; excludes this timing receipt and checkpoint writes",
      "mode": "stage4_sealed_cell",
      "banner": "sealed Stage 4; scientific admission also requires complete declared populations"
    },
    {
      "phase": "immediate:118",
      "identity_check_kind": "in_memory_structure_and_configuration",
      "recipe_verification_seconds": 0.0,
      "identity_verification_seconds": 0.0,
      "identity_check_seconds": 0.0017261789762414992,
      "state_hash_seconds": 0.09275865001836792,
      "clone_seconds": 0.007542919018305838,
      "restore_seconds": 0.0022163789835758507,
      "file_write_seconds": 0.012299936031922698,
      "operation_seconds": 0.32412057602778077,
      "total_phase_seconds": 0.44076139299431816,
      "scope": "file writes include journal intent/add/flush; excludes this timing receipt and checkpoint writes",
      "mode": "stage4_sealed_cell",
      "banner": "sealed Stage 4; scientific admission also requires complete declared populations"
    },
    {
      "phase": "edit:119",
      "identity_check_kind": "in_memory_structure_and_configuration",
      "recipe_verification_seconds": 0.0,
      "identity_verification_seconds": 0.0,
      "identity_check_seconds": 0.0017712959670461714,
      "state_hash_seconds": 0.07628867001039907,
      "clone_seconds": 0.008105738030280918,
      "restore_seconds": 0.0,
      "file_write_seconds": 0.012353518977761269,
      "operation_seconds": 0.4576805849792436,
      "total_phase_seconds": 0.5563057099934667,
      "scope": "file writes include journal intent/add/flush; excludes this timing receipt and checkpoint writes",
      "mode": "stage4_sealed_cell",
      "banner": "sealed Stage 4; scientific admission also requires complete declared populations"
    },
    {
      "phase": "immediate:119",
      "identity_check_kind": "in_memory_structure_and_configuration",
      "recipe_verification_seconds": 0.0,
      "identity_verification_seconds": 0.0,
      "identity_check_seconds": 0.0017166610341519117,
      "state_hash_seconds": 0.09141949302284047,
      "clone_seconds": 0.0068746269680559635,
      "restore_seconds": 0.0020382259972393513,
      "file_write_seconds": 0.012295988970436156,
      "operation_seconds": 0.28231874003540725,
      "total_phase_seconds": 0.39675792801426724,
      "scope": "file writes include journal intent/add/flush; excludes this timing receipt and checkpoint writes",
      "mode": "stage4_sealed_cell",
      "banner": "sealed Stage 4; scientific admission also requires complete declared populations"
    },
    {
      "phase": "edit:120",
      "identity_check_kind": "in_memory_structure_and_configuration",
      "recipe_verification_seconds": 0.0,
      "identity_verification_seconds": 0.0,
      "identity_check_seconds": 0.0018457379774190485,
      "state_hash_seconds": 0.07562558905920014,
      "clone_seconds": 0.008453363960143179,
      "restore_seconds": 0.0,
      "file_write_seconds": 0.012216346978675574,
      "operation_seconds": 0.4538202550029382,
      "total_phase_seconds": 0.5520530480425805,
      "scope": "file writes include journal intent/add/flush; excludes this timing receipt and checkpoint writes",
      "mode": "stage4_sealed_cell",
      "banner": "sealed Stage 4; scientific admission also requires complete declared populations"
    },
    {
      "phase": "immediate:120",
      "identity_check_kind": "in_memory_structure_and_configuration",
      "recipe_verification_seconds": 0.0,
      "identity_verification_seconds": 0.0,
      "identity_check_seconds": 0.0018977979780174792,
      "state_hash_seconds": 0.09238974197069183,
      "clone_seconds": 0.00826351996511221,
      "restore_seconds": 0.002383788989391178,
      "file_write_seconds": 0.012224812991917133,
      "operation_seconds": 0.3209293290274218,
      "total_phase_seconds": 0.4381906859925948,
      "scope": "file writes include journal intent/add/flush; excludes this timing receipt and checkpoint writes",
      "mode": "stage4_sealed_cell",
      "banner": "sealed Stage 4; scientific admission also requires complete declared populations"
    },
    {
      "phase": "edit:121",
      "identity_check_kind": "in_memory_structure_and_configuration",
      "recipe_verification_seconds": 0.0,
      "identity_verification_seconds": 0.0,
      "identity_check_seconds": 0.001777367026079446,
      "state_hash_seconds": 0.07543682603863999,
      "clone_seconds": 0.0098164570517838,
      "restore_seconds": 0.0,
      "file_write_seconds": 0.012303052993956953,
      "operation_seconds": 0.298156809003558,
      "total_phase_seconds": 0.3975801239721477,
      "scope": "file writes include journal intent/add/flush; excludes this timing receipt and checkpoint writes",
      "mode": "stage4_sealed_cell",
      "banner": "sealed Stage 4; scientific admission also requires complete declared populations"
    },
    {
      "phase": "immediate:121",
      "identity_check_kind": "in_memory_structure_and_configuration",
      "recipe_verification_seconds": 0.0,
      "identity_verification_seconds": 0.0,
      "identity_check_seconds": 0.0017209980287589133,
      "state_hash_seconds": 0.09215947095071897,
      "clone_seconds": 0.008393659023568034,
      "restore_seconds": 0.002170249994378537,
      "file_write_seconds": 0.01217559800716117,
      "operation_seconds": 0.28097721899393946,
      "total_phase_seconds": 0.3976937609841116,
      "scope": "file writes include journal intent/add/flush; excludes this timing receipt and checkpoint writes",
      "mode": "stage4_sealed_cell",
      "banner": "sealed Stage 4; scientific admission also requires complete declared populations"
    },
    {
      "phase": "edit:122",
      "identity_check_kind": "in_memory_structure_and_configuration",
      "recipe_verification_seconds": 0.0,
      "identity_verification_seconds": 0.0,
      "identity_check_seconds": 0.001770444039721042,
      "state_hash_seconds": 0.0777823930257,
      "clone_seconds": 0.0070447130128741264,
      "restore_seconds": 0.0,
      "file_write_seconds": 0.012259728973731399,
      "operation_seconds": 0.2900821410003118,
      "total_phase_seconds": 0.38902623701142147,
      "scope": "file writes include journal intent/add/flush; excludes this timing receipt and checkpoint writes",
      "mode": "stage4_sealed_cell",
      "banner": "sealed Stage 4; scientific admission also requires complete declared populations"
    },
    {
      "phase": "immediate:122",
      "identity_check_kind": "in_memory_structure_and_configuration",
      "recipe_verification_seconds": 0.0,
      "identity_verification_seconds": 0.0,
      "identity_check_seconds": 0.0018479730351828039,
      "state_hash_seconds": 0.09347663697553799,
      "clone_seconds": 0.007643451041076332,
      "restore_seconds": 0.0020546690211631358,
      "file_write_seconds": 0.012208280037157238,
      "operation_seconds": 0.3200330010149628,
      "total_phase_seconds": 0.4373650339548476,
      "scope": "file writes include journal intent/add/flush; excludes this timing receipt and checkpoint writes",
      "mode": "stage4_sealed_cell",
      "banner": "sealed Stage 4; scientific admission also requires complete declared populations"
    },
    {
      "phase": "edit:123",
      "identity_check_kind": "in_memory_structure_and_configuration",
      "recipe_verification_seconds": 0.0,
      "identity_verification_seconds": 0.0,
      "identity_check_seconds": 0.0017373799346387386,
      "state_hash_seconds": 0.07626852090470493,
      "clone_seconds": 0.00722688197856769,
      "restore_seconds": 0.0,
      "file_write_seconds": 0.012204895028844476,
      "operation_seconds": 0.29348641604883596,
      "total_phase_seconds": 0.39101235498674214,
      "scope": "file writes include journal intent/add/flush; excludes this timing receipt and checkpoint writes",
      "mode": "stage4_sealed_cell",
      "banner": "sealed Stage 4; scientific admission also requires complete declared populations"
    },
    {
      "phase": "immediate:123",
      "identity_check_kind": "in_memory_structure_and_configuration",
      "recipe_verification_seconds": 0.0,
      "identity_verification_seconds": 0.0,
      "identity_check_seconds": 0.0018217309843748808,
      "state_hash_seconds": 0.09362484101438895,
      "clone_seconds": 0.007210822019260377,
      "restore_seconds": 0.002115253999363631,
      "file_write_seconds": 0.012188412016257644,
      "operation_seconds": 0.3750167340040207,
      "total_phase_seconds": 0.49207266699522734,
      "scope": "file writes include journal intent/add/flush; excludes this timing receipt and checkpoint writes",
      "mode": "stage4_sealed_cell",
      "banner": "sealed Stage 4; scientific admission also requires complete declared populations"
    },
    {
      "phase": "edit:124",
      "identity_check_kind": "in_memory_structure_and_configuration",
      "recipe_verification_seconds": 0.0,
      "identity_verification_seconds": 0.0,
      "identity_check_seconds": 0.0017445040284655988,
      "state_hash_seconds": 0.07911737193353474,
      "clone_seconds": 0.007334228022955358,
      "restore_seconds": 0.0,
      "file_write_seconds": 0.0017089959583245218,
      "operation_seconds": 0.6207621599896811,
      "total_phase_seconds": 0.710771611018572,
      "scope": "file writes include journal intent/add/flush; excludes this timing receipt and checkpoint writes",
      "mode": "stage4_sealed_cell",
      "banner": "sealed Stage 4; scientific admission also requires complete declared populations"
    },
    {
      "phase": "immediate:124",
      "identity_check_kind": "in_memory_structure_and_configuration",
      "recipe_verification_seconds": 0.0,
      "identity_verification_seconds": 0.0,
      "identity_check_seconds": 0.0021546289790421724,
      "state_hash_seconds": 0.09408715699100867,
      "clone_seconds": 0.00879326497670263,
      "restore_seconds": 0.0020667120115831494,
      "file_write_seconds": 0.012315717001911253,
      "operation_seconds": 0.37066665501333773,
      "total_phase_seconds": 0.4901884360006079,
      "scope": "file writes include journal intent/add/flush; excludes this timing receipt and checkpoint writes",
      "mode": "stage4_sealed_cell",
      "banner": "sealed Stage 4; scientific admission also requires complete declared populations"
    },
    {
      "phase": "edit:125",
      "identity_check_kind": "in_memory_structure_and_configuration",
      "recipe_verification_seconds": 0.0,
      "identity_verification_seconds": 0.0,
      "identity_check_seconds": 0.002041784056928009,
      "state_hash_seconds": 0.07654623396228999,
      "clone_seconds": 0.008698502962943166,
      "restore_seconds": 0.0,
      "file_write_seconds": 0.0048904140130616724,
      "operation_seconds": 0.6033180140075274,
      "total_phase_seconds": 0.695585832989309,
      "scope": "file writes include journal intent/add/flush; excludes this timing receipt and checkpoint writes",
      "mode": "stage4_sealed_cell",
      "banner": "sealed Stage 4; scientific admission also requires complete declared populations"
    },
    {
      "phase": "immediate:125",
      "identity_check_kind": "in_memory_structure_and_configuration",
      "recipe_verification_seconds": 0.0,
      "identity_verification_seconds": 0.0,
      "identity_check_seconds": 0.001764572982210666,
      "state_hash_seconds": 0.09253863891353831,
      "clone_seconds": 0.0071671680198051035,
      "restore_seconds": 0.0023068820009939373,
      "file_write_seconds": 0.012645269045606256,
      "operation_seconds": 0.3268768689595163,
      "total_phase_seconds": 0.44339879899052903,
      "scope": "file writes include journal intent/add/flush; excludes this timing receipt and checkpoint writes",
      "mode": "stage4_sealed_cell",
      "banner": "sealed Stage 4; scientific admission also requires complete declared populations"
    },
    {
      "phase": "edit:126",
      "identity_check_kind": "in_memory_structure_and_configuration",
      "recipe_verification_seconds": 0.0,
      "identity_verification_seconds": 0.0,
      "identity_check_seconds": 0.001737119979225099,
      "state_hash_seconds": 0.07544599688844755,
      "clone_seconds": 0.0076373599586077034,
      "restore_seconds": 0.0,
      "file_write_seconds": 0.012322099006269127,
      "operation_seconds": 0.2872847290127538,
      "total_phase_seconds": 0.3845320630352944,
      "scope": "file writes include journal intent/add/flush; excludes this timing receipt and checkpoint writes",
      "mode": "stage4_sealed_cell",
      "banner": "sealed Stage 4; scientific admission also requires complete declared populations"
    },
    {
      "phase": "immediate:126",
      "identity_check_kind": "in_memory_structure_and_configuration",
      "recipe_verification_seconds": 0.0,
      "identity_verification_seconds": 0.0,
      "identity_check_seconds": 0.0018470409559085965,
      "state_hash_seconds": 0.0928730679443106,
      "clone_seconds": 0.007118353969417512,
      "restore_seconds": 0.002180960029363632,
      "file_write_seconds": 0.012119902006816119,
      "operation_seconds": 0.3212614159565419,
      "total_phase_seconds": 0.4375049119698815,
      "scope": "file writes include journal intent/add/flush; excludes this timing receipt and checkpoint writes",
      "mode": "stage4_sealed_cell",
      "banner": "sealed Stage 4; scientific admission also requires complete declared populations"
    },
    {
      "phase": "edit:127",
      "identity_check_kind": "in_memory_structure_and_configuration",
      "recipe_verification_seconds": 0.0,
      "identity_verification_seconds": 0.0,
      "identity_check_seconds": 0.0017496629734523594,
      "state_hash_seconds": 0.0757654489716515,
      "clone_seconds": 0.007307137013413012,
      "restore_seconds": 0.0,
      "file_write_seconds": 0.012191188987344503,
      "operation_seconds": 0.43774830899201334,
      "total_phase_seconds": 0.5348506539594382,
      "scope": "file writes include journal intent/add/flush; excludes this timing receipt and checkpoint writes",
      "mode": "stage4_sealed_cell",
      "banner": "sealed Stage 4; scientific admission also requires complete declared populations"
    },
    {
      "phase": "immediate:127",
      "identity_check_kind": "in_memory_structure_and_configuration",
      "recipe_verification_seconds": 0.0,
      "identity_verification_seconds": 0.0,
      "identity_check_seconds": 0.0017304779612459242,
      "state_hash_seconds": 0.09267820598324761,
      "clone_seconds": 0.00724830396939069,
      "restore_seconds": 0.0020490369643084705,
      "file_write_seconds": 0.012149577960371971,
      "operation_seconds": 0.3260042170295492,
      "total_phase_seconds": 0.44195752701489255,
      "scope": "file writes include journal intent/add/flush; excludes this timing receipt and checkpoint writes",
      "mode": "stage4_sealed_cell",
      "banner": "sealed Stage 4; scientific admission also requires complete declared populations"
    },
    {
      "phase": "edit:128",
      "identity_check_kind": "in_memory_structure_and_configuration",
      "recipe_verification_seconds": 0.0,
      "identity_verification_seconds": 0.0,
      "identity_check_seconds": 0.0017195859691128135,
      "state_hash_seconds": 0.07522748707560822,
      "clone_seconds": 0.007642248994670808,
      "restore_seconds": 0.0,
      "file_write_seconds": 0.012143638043198735,
      "operation_seconds": 0.43532634602161124,
      "total_phase_seconds": 0.5321427939925343,
      "scope": "file writes include journal intent/add/flush; excludes this timing receipt and checkpoint writes",
      "mode": "stage4_sealed_cell",
      "banner": "sealed Stage 4; scientific admission also requires complete declared populations"
    },
    {
      "phase": "immediate:128",
      "identity_check_kind": "in_memory_structure_and_configuration",
      "recipe_verification_seconds": 0.0,
      "identity_verification_seconds": 0.0,
      "identity_check_seconds": 0.0017361979698762298,
      "state_hash_seconds": 0.0932554320897907,
      "clone_seconds": 0.00745433900738135,
      "restore_seconds": 0.0026699270238168538,
      "file_write_seconds": 0.001341451017651707,
      "operation_seconds": 0.32703346002381295,
      "total_phase_seconds": 0.4335950969834812,
      "scope": "file writes include journal intent/add/flush; excludes this timing receipt and checkpoint writes",
      "mode": "stage4_sealed_cell",
      "banner": "sealed Stage 4; scientific admission also requires complete declared populations"
    },
    {
      "phase": "edit:129",
      "identity_check_kind": "in_memory_structure_and_configuration",
      "recipe_verification_seconds": 0.0,
      "identity_verification_seconds": 0.0,
      "identity_check_seconds": 0.0017857729690149426,
      "state_hash_seconds": 0.07598262303508818,
      "clone_seconds": 0.007523100008256733,
      "restore_seconds": 0.0,
      "file_write_seconds": 0.012231355009134859,
      "operation_seconds": 0.729985440033488,
      "total_phase_seconds": 0.8276005890220404,
      "scope": "file writes include journal intent/add/flush; excludes this timing receipt and checkpoint writes",
      "mode": "stage4_sealed_cell",
      "banner": "sealed Stage 4; scientific admission also requires complete declared populations"
    },
    {
      "phase": "immediate:129",
      "identity_check_kind": "in_memory_structure_and_configuration",
      "recipe_verification_seconds": 0.0,
      "identity_verification_seconds": 0.0,
      "identity_check_seconds": 0.0017622880404815078,
      "state_hash_seconds": 0.09322229900863022,
      "clone_seconds": 0.0074932529823854566,
      "restore_seconds": 0.002086379041429609,
      "file_write_seconds": 0.01224343798821792,
      "operation_seconds": 0.3698247619904578,
      "total_phase_seconds": 0.48672572895884514,
      "scope": "file writes include journal intent/add/flush; excludes this timing receipt and checkpoint writes",
      "mode": "stage4_sealed_cell",
      "banner": "sealed Stage 4; scientific admission also requires complete declared populations"
    },
    {
      "phase": "edit:130",
      "identity_check_kind": "in_memory_structure_and_configuration",
      "recipe_verification_seconds": 0.0,
      "identity_verification_seconds": 0.0,
      "identity_check_seconds": 0.0017544740112498403,
      "state_hash_seconds": 0.07648345403140411,
      "clone_seconds": 0.007544160995166749,
      "restore_seconds": 0.0,
      "file_write_seconds": 0.012251312960870564,
      "operation_seconds": 0.2855177919846028,
      "total_phase_seconds": 0.3836397230043076,
      "scope": "file writes include journal intent/add/flush; excludes this timing receipt and checkpoint writes",
      "mode": "stage4_sealed_cell",
      "banner": "sealed Stage 4; scientific admission also requires complete declared populations"
    },
    {
      "phase": "immediate:130",
      "identity_check_kind": "in_memory_structure_and_configuration",
      "recipe_verification_seconds": 0.0,
      "identity_verification_seconds": 0.0,
      "identity_check_seconds": 0.0017411680310033262,
      "state_hash_seconds": 0.09284813096746802,
      "clone_seconds": 0.0069415049511007965,
      "restore_seconds": 0.002246405987534672,
      "file_write_seconds": 0.01230301201576367,
      "operation_seconds": 0.27813423896441236,
      "total_phase_seconds": 0.39431150897871703,
      "scope": "file writes include journal intent/add/flush; excludes this timing receipt and checkpoint writes",
      "mode": "stage4_sealed_cell",
      "banner": "sealed Stage 4; scientific admission also requires complete declared populations"
    },
    {
      "phase": "edit:131",
      "identity_check_kind": "in_memory_structure_and_configuration",
      "recipe_verification_seconds": 0.0,
      "identity_verification_seconds": 0.0,
      "identity_check_seconds": 0.0018538840231485665,
      "state_hash_seconds": 0.08053675497649238,
      "clone_seconds": 0.007532057003118098,
      "restore_seconds": 0.0,
      "file_write_seconds": 0.012296849978156388,
      "operation_seconds": 0.4502678560093045,
      "total_phase_seconds": 0.5525788060040213,
      "scope": "file writes include journal intent/add/flush; excludes this timing receipt and checkpoint writes",
      "mode": "stage4_sealed_cell",
      "banner": "sealed Stage 4; scientific admission also requires complete declared populations"
    },
    {
      "phase": "immediate:131",
      "identity_check_kind": "in_memory_structure_and_configuration",
      "recipe_verification_seconds": 0.0,
      "identity_verification_seconds": 0.0,
      "identity_check_seconds": 0.0018166729714721441,
      "state_hash_seconds": 0.09394508594414219,
      "clone_seconds": 0.008102270017843693,
      "restore_seconds": 0.0022293729707598686,
      "file_write_seconds": 0.012351765995845199,
      "operation_seconds": 0.32620408898219466,
      "total_phase_seconds": 0.44476656103506684,
      "scope": "file writes include journal intent/add/flush; excludes this timing receipt and checkpoint writes",
      "mode": "stage4_sealed_cell",
      "banner": "sealed Stage 4; scientific admission also requires complete declared populations"
    },
    {
      "phase": "edit:132",
      "identity_check_kind": "in_memory_structure_and_configuration",
      "recipe_verification_seconds": 0.0,
      "identity_verification_seconds": 0.0,
      "identity_check_seconds": 0.0018250580178573728,
      "state_hash_seconds": 0.07691099302610382,
      "clone_seconds": 0.007370287028606981,
      "restore_seconds": 0.0,
      "file_write_seconds": 0.012306710006669164,
      "operation_seconds": 0.29156320996116847,
      "total_phase_seconds": 0.39007284399122,
      "scope": "file writes include journal intent/add/flush; excludes this timing receipt and checkpoint writes",
      "mode": "stage4_sealed_cell",
      "banner": "sealed Stage 4; scientific admission also requires complete declared populations"
    },
    {
      "phase": "immediate:132",
      "identity_check_kind": "in_memory_structure_and_configuration",
      "recipe_verification_seconds": 0.0,
      "identity_verification_seconds": 0.0,
      "identity_check_seconds": 0.0017463969998061657,
      "state_hash_seconds": 0.09279920905828476,
      "clone_seconds": 0.007162469031754881,
      "restore_seconds": 0.002276263025123626,
      "file_write_seconds": 0.01230898400535807,
      "operation_seconds": 0.27643849898595363,
      "total_phase_seconds": 0.39283480803715065,
      "scope": "file writes include journal intent/add/flush; excludes this timing receipt and checkpoint writes",
      "mode": "stage4_sealed_cell",
      "banner": "sealed Stage 4; scientific admission also requires complete declared populations"
    },
    {
      "phase": "edit:133",
      "identity_check_kind": "in_memory_structure_and_configuration",
      "recipe_verification_seconds": 0.0,
      "identity_verification_seconds": 0.0,
      "identity_check_seconds": 0.0017677689902484417,
      "state_hash_seconds": 0.07489740301389247,
      "clone_seconds": 0.007152209000196308,
      "restore_seconds": 0.0,
      "file_write_seconds": 0.012302742048632354,
      "operation_seconds": 0.2945895309676416,
      "total_phase_seconds": 0.3907947880215943,
      "scope": "file writes include journal intent/add/flush; excludes this timing receipt and checkpoint writes",
      "mode": "stage4_sealed_cell",
      "banner": "sealed Stage 4; scientific admission also requires complete declared populations"
    },
    {
      "phase": "immediate:133",
      "identity_check_kind": "in_memory_structure_and_configuration",
      "recipe_verification_seconds": 0.0,
      "identity_verification_seconds": 0.0,
      "identity_check_seconds": 0.0017789300181902945,
      "state_hash_seconds": 0.09318884595995769,
      "clone_seconds": 0.007713154016528279,
      "restore_seconds": 0.003129399032332003,
      "file_write_seconds": 0.012305398005992174,
      "operation_seconds": 0.3197653479874134,
      "total_phase_seconds": 0.43797723698662594,
      "scope": "file writes include journal intent/add/flush; excludes this timing receipt and checkpoint writes",
      "mode": "stage4_sealed_cell",
      "banner": "sealed Stage 4; scientific admission also requires complete declared populations"
    },
    {
      "phase": "edit:134",
      "identity_check_kind": "in_memory_structure_and_configuration",
      "recipe_verification_seconds": 0.0,
      "identity_verification_seconds": 0.0,
      "identity_check_seconds": 0.0017606940236873925,
      "state_hash_seconds": 0.0750376830692403,
      "clone_seconds": 0.008715456002391875,
      "restore_seconds": 0.0,
      "file_write_seconds": 0.01238848699722439,
      "operation_seconds": 0.4413011990254745,
      "total_phase_seconds": 0.539295072958339,
      "scope": "file writes include journal intent/add/flush; excludes this timing receipt and checkpoint writes",
      "mode": "stage4_sealed_cell",
      "banner": "sealed Stage 4; scientific admission also requires complete declared populations"
    },
    {
      "phase": "immediate:134",
      "identity_check_kind": "in_memory_structure_and_configuration",
      "recipe_verification_seconds": 0.0,
      "identity_verification_seconds": 0.0,
      "identity_check_seconds": 0.0017558250110596418,
      "state_hash_seconds": 0.09282258310122415,
      "clone_seconds": 0.007420704001560807,
      "restore_seconds": 0.0021401220001280308,
      "file_write_seconds": 0.012254279979970306,
      "operation_seconds": 0.3246016789926216,
      "total_phase_seconds": 0.4410925190313719,
      "scope": "file writes include journal intent/add/flush; excludes this timing receipt and checkpoint writes",
      "mode": "stage4_sealed_cell",
      "banner": "sealed Stage 4; scientific admission also requires complete declared populations"
    },
    {
      "phase": "edit:135",
      "identity_check_kind": "in_memory_structure_and_configuration",
      "recipe_verification_seconds": 0.0,
      "identity_verification_seconds": 0.0,
      "identity_check_seconds": 0.001753381046000868,
      "state_hash_seconds": 0.07594452099874616,
      "clone_seconds": 0.007584537961520255,
      "restore_seconds": 0.0,
      "file_write_seconds": 0.01226853602565825,
      "operation_seconds": 0.622492145979777,
      "total_phase_seconds": 0.7201337759615853,
      "scope": "file writes include journal intent/add/flush; excludes this timing receipt and checkpoint writes",
      "mode": "stage4_sealed_cell",
      "banner": "sealed Stage 4; scientific admission also requires complete declared populations"
    },
    {
      "phase": "immediate:135",
      "identity_check_kind": "in_memory_structure_and_configuration",
      "recipe_verification_seconds": 0.0,
      "identity_verification_seconds": 0.0,
      "identity_check_seconds": 0.0017483209958299994,
      "state_hash_seconds": 0.0934272320009768,
      "clone_seconds": 0.007902887999080122,
      "restore_seconds": 0.002302333014085889,
      "file_write_seconds": 0.012157323013525456,
      "operation_seconds": 0.45393739896826446,
      "total_phase_seconds": 0.571578734961804,
      "scope": "file writes include journal intent/add/flush; excludes this timing receipt and checkpoint writes",
      "mode": "stage4_sealed_cell",
      "banner": "sealed Stage 4; scientific admission also requires complete declared populations"
    },
    {
      "phase": "edit:136",
      "identity_check_kind": "in_memory_structure_and_configuration",
      "recipe_verification_seconds": 0.0,
      "identity_verification_seconds": 0.0,
      "identity_check_seconds": 0.001831581990700215,
      "state_hash_seconds": 0.07670092099579051,
      "clone_seconds": 0.007486700022127479,
      "restore_seconds": 0.0,
      "file_write_seconds": 0.012560856994241476,
      "operation_seconds": 0.288873674988281,
      "total_phase_seconds": 0.38754367601359263,
      "scope": "file writes include journal intent/add/flush; excludes this timing receipt and checkpoint writes",
      "mode": "stage4_sealed_cell",
      "banner": "sealed Stage 4; scientific admission also requires complete declared populations"
    },
    {
      "phase": "immediate:136",
      "identity_check_kind": "in_memory_structure_and_configuration",
      "recipe_verification_seconds": 0.0,
      "identity_verification_seconds": 0.0,
      "identity_check_seconds": 0.001994232996366918,
      "state_hash_seconds": 0.0955866610747762,
      "clone_seconds": 0.009052082023117691,
      "restore_seconds": 0.0022441119654104114,
      "file_write_seconds": 0.012209794018417597,
      "operation_seconds": 0.28012736997334287,
      "total_phase_seconds": 0.40133254701504484,
      "scope": "file writes include journal intent/add/flush; excludes this timing receipt and checkpoint writes",
      "mode": "stage4_sealed_cell",
      "banner": "sealed Stage 4; scientific admission also requires complete declared populations"
    },
    {
      "phase": "edit:137",
      "identity_check_kind": "in_memory_structure_and_configuration",
      "recipe_verification_seconds": 0.0,
      "identity_verification_seconds": 0.0,
      "identity_check_seconds": 0.0018456079997122288,
      "state_hash_seconds": 0.07749498297926039,
      "clone_seconds": 0.007685883028898388,
      "restore_seconds": 0.0,
      "file_write_seconds": 0.01217779197031632,
      "operation_seconds": 0.2819312160136178,
      "total_phase_seconds": 0.38122108700918034,
      "scope": "file writes include journal intent/add/flush; excludes this timing receipt and checkpoint writes",
      "mode": "stage4_sealed_cell",
      "banner": "sealed Stage 4; scientific admission also requires complete declared populations"
    },
    {
      "phase": "immediate:137",
      "identity_check_kind": "in_memory_structure_and_configuration",
      "recipe_verification_seconds": 0.0,
      "identity_verification_seconds": 0.0,
      "identity_check_seconds": 0.0017486619763076305,
      "state_hash_seconds": 0.0950140850036405,
      "clone_seconds": 0.006948138005100191,
      "restore_seconds": 0.0022907209931872785,
      "file_write_seconds": 0.012394476972986013,
      "operation_seconds": 0.28002688696142286,
      "total_phase_seconds": 0.3985175709822215,
      "scope": "file writes include journal intent/add/flush; excludes this timing receipt and checkpoint writes",
      "mode": "stage4_sealed_cell",
      "banner": "sealed Stage 4; scientific admission also requires complete declared populations"
    },
    {
      "phase": "edit:138",
      "identity_check_kind": "in_memory_structure_and_configuration",
      "recipe_verification_seconds": 0.0,
      "identity_verification_seconds": 0.0,
      "identity_check_seconds": 0.0017770460108295083,
      "state_hash_seconds": 0.07557134499074891,
      "clone_seconds": 0.007387279998511076,
      "restore_seconds": 0.0,
      "file_write_seconds": 0.012332458980381489,
      "operation_seconds": 0.28930498100817204,
      "total_phase_seconds": 0.38647135999053717,
      "scope": "file writes include journal intent/add/flush; excludes this timing receipt and checkpoint writes",
      "mode": "stage4_sealed_cell",
      "banner": "sealed Stage 4; scientific admission also requires complete declared populations"
    },
    {
      "phase": "immediate:138",
      "identity_check_kind": "in_memory_structure_and_configuration",
      "recipe_verification_seconds": 0.0,
      "identity_verification_seconds": 0.0,
      "identity_check_seconds": 0.0017483909614384174,
      "state_hash_seconds": 0.0917339239967987,
      "clone_seconds": 0.007201824977528304,
      "restore_seconds": 0.0023210790241137147,
      "file_write_seconds": 0.012359541025944054,
      "operation_seconds": 0.28264837205642834,
      "total_phase_seconds": 0.39812453801278025,
      "scope": "file writes include journal intent/add/flush; excludes this timing receipt and checkpoint writes",
      "mode": "stage4_sealed_cell",
      "banner": "sealed Stage 4; scientific admission also requires complete declared populations"
    },
    {
      "phase": "edit:139",
      "identity_check_kind": "in_memory_structure_and_configuration",
      "recipe_verification_seconds": 0.0,
      "identity_verification_seconds": 0.0,
      "identity_check_seconds": 0.0017471089959144592,
      "state_hash_seconds": 0.07369452598504722,
      "clone_seconds": 0.007519283040892333,
      "restore_seconds": 0.0,
      "file_write_seconds": 0.012224633013829589,
      "operation_seconds": 0.29822416795650497,
      "total_phase_seconds": 0.39349533402128145,
      "scope": "file writes include journal intent/add/flush; excludes this timing receipt and checkpoint writes",
      "mode": "stage4_sealed_cell",
      "banner": "sealed Stage 4; scientific admission also requires complete declared populations"
    },
    {
      "phase": "immediate:139",
      "identity_check_kind": "in_memory_structure_and_configuration",
      "recipe_verification_seconds": 0.0,
      "identity_verification_seconds": 0.0,
      "identity_check_seconds": 0.0017536410014145076,
      "state_hash_seconds": 0.09308019699528813,
      "clone_seconds": 0.007476419967133552,
      "restore_seconds": 0.002612187003251165,
      "file_write_seconds": 0.012365131988190114,
      "operation_seconds": 0.2831919339951128,
      "total_phase_seconds": 0.4005802239989862,
      "scope": "file writes include journal intent/add/flush; excludes this timing receipt and checkpoint writes",
      "mode": "stage4_sealed_cell",
      "banner": "sealed Stage 4; scientific admission also requires complete declared populations"
    },
    {
      "phase": "edit:140",
      "identity_check_kind": "in_memory_structure_and_configuration",
      "recipe_verification_seconds": 0.0,
      "identity_verification_seconds": 0.0,
      "identity_check_seconds": 0.0018234840244986117,
      "state_hash_seconds": 0.07658421603264287,
      "clone_seconds": 0.00817410898162052,
      "restore_seconds": 0.0,
      "file_write_seconds": 0.012293344014324248,
      "operation_seconds": 0.2955204150057398,
      "total_phase_seconds": 0.3944880369817838,
      "scope": "file writes include journal intent/add/flush; excludes this timing receipt and checkpoint writes",
      "mode": "stage4_sealed_cell",
      "banner": "sealed Stage 4; scientific admission also requires complete declared populations"
    },
    {
      "phase": "immediate:140",
      "identity_check_kind": "in_memory_structure_and_configuration",
      "recipe_verification_seconds": 0.0,
      "identity_verification_seconds": 0.0,
      "identity_check_seconds": 0.001771865994669497,
      "state_hash_seconds": 0.09467551397392526,
      "clone_seconds": 0.007744895003270358,
      "restore_seconds": 0.00238266697851941,
      "file_write_seconds": 0.012290287995710969,
      "operation_seconds": 0.27762559498660266,
      "total_phase_seconds": 0.39659521501744166,
      "scope": "file writes include journal intent/add/flush; excludes this timing receipt and checkpoint writes",
      "mode": "stage4_sealed_cell",
      "banner": "sealed Stage 4; scientific admission also requires complete declared populations"
    },
    {
      "phase": "edit:141",
      "identity_check_kind": "in_memory_structure_and_configuration",
      "recipe_verification_seconds": 0.0,
      "identity_verification_seconds": 0.0,
      "identity_check_seconds": 0.0017677079886198044,
      "state_hash_seconds": 0.07549195300089195,
      "clone_seconds": 0.0074054349679499865,
      "restore_seconds": 0.0,
      "file_write_seconds": 0.01247947005322203,
      "operation_seconds": 0.43877692095702514,
      "total_phase_seconds": 0.536016219004523,
      "scope": "file writes include journal intent/add/flush; excludes this timing receipt and checkpoint writes",
      "mode": "stage4_sealed_cell",
      "banner": "sealed Stage 4; scientific admission also requires complete declared populations"
    },
    {
      "phase": "immediate:141",
      "identity_check_kind": "in_memory_structure_and_configuration",
      "recipe_verification_seconds": 0.0,
      "identity_verification_seconds": 0.0,
      "identity_check_seconds": 0.002084054984152317,
      "state_hash_seconds": 0.09475054003996775,
      "clone_seconds": 0.009213160024955869,
      "restore_seconds": 0.002590434974990785,
      "file_write_seconds": 0.012677089020144194,
      "operation_seconds": 0.41522147902287543,
      "total_phase_seconds": 0.5366441030055285,
      "scope": "file writes include journal intent/add/flush; excludes this timing receipt and checkpoint writes",
      "mode": "stage4_sealed_cell",
      "banner": "sealed Stage 4; scientific admission also requires complete declared populations"
    },
    {
      "phase": "edit:142",
      "identity_check_kind": "in_memory_structure_and_configuration",
      "recipe_verification_seconds": 0.0,
      "identity_verification_seconds": 0.0,
      "identity_check_seconds": 0.0019527529366314411,
      "state_hash_seconds": 0.07778052997309715,
      "clone_seconds": 0.008368329959921539,
      "restore_seconds": 0.0,
      "file_write_seconds": 0.012365302012767643,
      "operation_seconds": 0.6047876199590974,
      "total_phase_seconds": 0.7053577230544761,
      "scope": "file writes include journal intent/add/flush; excludes this timing receipt and checkpoint writes",
      "mode": "stage4_sealed_cell",
      "banner": "sealed Stage 4; scientific admission also requires complete declared populations"
    },
    {
      "phase": "immediate:142",
      "identity_check_kind": "in_memory_structure_and_configuration",
      "recipe_verification_seconds": 0.0,
      "identity_verification_seconds": 0.0,
      "identity_check_seconds": 0.002444114943500608,
      "state_hash_seconds": 0.09409419901203364,
      "clone_seconds": 0.008618890948127955,
      "restore_seconds": 0.0021252029691822827,
      "file_write_seconds": 0.012233749032020569,
      "operation_seconds": 0.32568864204222336,
      "total_phase_seconds": 0.44530910096364096,
      "scope": "file writes include journal intent/add/flush; excludes this timing receipt and checkpoint writes",
      "mode": "stage4_sealed_cell",
      "banner": "sealed Stage 4; scientific admission also requires complete declared populations"
    },
    {
      "phase": "edit:143",
      "identity_check_kind": "in_memory_structure_and_configuration",
      "recipe_verification_seconds": 0.0,
      "identity_verification_seconds": 0.0,
      "identity_check_seconds": 0.001758711936417967,
      "state_hash_seconds": 0.07649712101556361,
      "clone_seconds": 0.00762379402294755,
      "restore_seconds": 0.0,
      "file_write_seconds": 0.012224973004776984,
      "operation_seconds": 1.4825759689556435,
      "total_phase_seconds": 1.5807679240242578,
      "scope": "file writes include journal intent/add/flush; excludes this timing receipt and checkpoint writes",
      "mode": "stage4_sealed_cell",
      "banner": "sealed Stage 4; scientific admission also requires complete declared populations"
    },
    {
      "phase": "immediate:143",
      "identity_check_kind": "in_memory_structure_and_configuration",
      "recipe_verification_seconds": 0.0,
      "identity_verification_seconds": 0.0,
      "identity_check_seconds": 0.001786064065527171,
      "state_hash_seconds": 0.0946957120904699,
      "clone_seconds": 0.007631478016264737,
      "restore_seconds": 0.0029836089815944433,
      "file_write_seconds": 0.012224752979818732,
      "operation_seconds": 0.5963728610076942,
      "total_phase_seconds": 0.715798195975367,
      "scope": "file writes include journal intent/add/flush; excludes this timing receipt and checkpoint writes",
      "mode": "stage4_sealed_cell",
      "banner": "sealed Stage 4; scientific admission also requires complete declared populations"
    },
    {
      "phase": "edit:144",
      "identity_check_kind": "in_memory_structure_and_configuration",
      "recipe_verification_seconds": 0.0,
      "identity_verification_seconds": 0.0,
      "identity_check_seconds": 0.0018776090000756085,
      "state_hash_seconds": 0.07673593796789646,
      "clone_seconds": 0.00885535404086113,
      "restore_seconds": 0.0,
      "file_write_seconds": 0.01236537197837606,
      "operation_seconds": 0.2973458949709311,
      "total_phase_seconds": 0.39728367602219805,
      "scope": "file writes include journal intent/add/flush; excludes this timing receipt and checkpoint writes",
      "mode": "stage4_sealed_cell",
      "banner": "sealed Stage 4; scientific admission also requires complete declared populations"
    },
    {
      "phase": "immediate:144",
      "identity_check_kind": "in_memory_structure_and_configuration",
      "recipe_verification_seconds": 0.0,
      "identity_verification_seconds": 0.0,
      "identity_check_seconds": 0.001885014062281698,
      "state_hash_seconds": 0.09528561303159222,
      "clone_seconds": 0.008336028025951236,
      "restore_seconds": 0.002519138972274959,
      "file_write_seconds": 0.012298773974180222,
      "operation_seconds": 0.2809552760445513,
      "total_phase_seconds": 0.4013826629961841,
      "scope": "file writes include journal intent/add/flush; excludes this timing receipt and checkpoint writes",
      "mode": "stage4_sealed_cell",
      "banner": "sealed Stage 4; scientific admission also requires complete declared populations"
    },
    {
      "phase": "edit:145",
      "identity_check_kind": "in_memory_structure_and_configuration",
      "recipe_verification_seconds": 0.0,
      "identity_verification_seconds": 0.0,
      "identity_check_seconds": 0.0018130250973626971,
      "state_hash_seconds": 0.07605748693458736,
      "clone_seconds": 0.007831411028746516,
      "restore_seconds": 0.0,
      "file_write_seconds": 0.0122181799961254,
      "operation_seconds": 0.616014749975875,
      "total_phase_seconds": 0.7140263799810782,
      "scope": "file writes include journal intent/add/flush; excludes this timing receipt and checkpoint writes",
      "mode": "stage4_sealed_cell",
      "banner": "sealed Stage 4; scientific admission also requires complete declared populations"
    },
    {
      "phase": "immediate:145",
      "identity_check_kind": "in_memory_structure_and_configuration",
      "recipe_verification_seconds": 0.0,
      "identity_verification_seconds": 0.0,
      "identity_check_seconds": 0.0017478910158388317,
      "state_hash_seconds": 0.09527912299381569,
      "clone_seconds": 0.007501900021452457,
      "restore_seconds": 0.002264831040520221,
      "file_write_seconds": 0.012686417030636221,
      "operation_seconds": 0.3656382570043206,
      "total_phase_seconds": 0.4852317050099373,
      "scope": "file writes include journal intent/add/flush; excludes this timing receipt and checkpoint writes",
      "mode": "stage4_sealed_cell",
      "banner": "sealed Stage 4; scientific admission also requires complete declared populations"
    },
    {
      "phase": "edit:146",
      "identity_check_kind": "in_memory_structure_and_configuration",
      "recipe_verification_seconds": 0.0,
      "identity_verification_seconds": 0.0,
      "identity_check_seconds": 0.0018013730295933783,
      "state_hash_seconds": 0.07562501792563125,
      "clone_seconds": 0.007354788016527891,
      "restore_seconds": 0.0,
      "file_write_seconds": 0.012094512989278883,
      "operation_seconds": 0.2866271280217916,
      "total_phase_seconds": 0.3835890149930492,
      "scope": "file writes include journal intent/add/flush; excludes this timing receipt and checkpoint writes",
      "mode": "stage4_sealed_cell",
      "banner": "sealed Stage 4; scientific admission also requires complete declared populations"
    },
    {
      "phase": "immediate:146",
      "identity_check_kind": "in_memory_structure_and_configuration",
      "recipe_verification_seconds": 0.0,
      "identity_verification_seconds": 0.0,
      "identity_check_seconds": 0.0017626689514145255,
      "state_hash_seconds": 0.0919608700205572,
      "clone_seconds": 0.007966489996761084,
      "restore_seconds": 0.0021508719655685127,
      "file_write_seconds": 0.012192139984108508,
      "operation_seconds": 0.2770829439978115,
      "total_phase_seconds": 0.39321370399557054,
      "scope": "file writes include journal intent/add/flush; excludes this timing receipt and checkpoint writes",
      "mode": "stage4_sealed_cell",
      "banner": "sealed Stage 4; scientific admission also requires complete declared populations"
    },
    {
      "phase": "edit:147",
      "identity_check_kind": "in_memory_structure_and_configuration",
      "recipe_verification_seconds": 0.0,
      "identity_verification_seconds": 0.0,
      "identity_check_seconds": 0.0017912539769895375,
      "state_hash_seconds": 0.07513515994651243,
      "clone_seconds": 0.007439230044838041,
      "restore_seconds": 0.0,
      "file_write_seconds": 0.01221735798753798,
      "operation_seconds": 0.2946875790366903,
      "total_phase_seconds": 0.39135470101609826,
      "scope": "file writes include journal intent/add/flush; excludes this timing receipt and checkpoint writes",
      "mode": "stage4_sealed_cell",
      "banner": "sealed Stage 4; scientific admission also requires complete declared populations"
    },
    {
      "phase": "immediate:147",
      "identity_check_kind": "in_memory_structure_and_configuration",
      "recipe_verification_seconds": 0.0,
      "identity_verification_seconds": 0.0,
      "identity_check_seconds": 0.0017437019851058722,
      "state_hash_seconds": 0.09197309293085709,
      "clone_seconds": 0.007769372023176402,
      "restore_seconds": 0.0021594190038740635,
      "file_write_seconds": 0.012133738026022911,
      "operation_seconds": 0.28064814797835425,
      "total_phase_seconds": 0.3965248520253226,
      "scope": "file writes include journal intent/add/flush; excludes this timing receipt and checkpoint writes",
      "mode": "stage4_sealed_cell",
      "banner": "sealed Stage 4; scientific admission also requires complete declared populations"
    },
    {
      "phase": "edit:148",
      "identity_check_kind": "in_memory_structure_and_configuration",
      "recipe_verification_seconds": 0.0,
      "identity_verification_seconds": 0.0,
      "identity_check_seconds": 0.0017670770175755024,
      "state_hash_seconds": 0.07540681003592908,
      "clone_seconds": 0.007301375037059188,
      "restore_seconds": 0.0,
      "file_write_seconds": 0.012173544033430517,
      "operation_seconds": 0.29462640202837065,
      "total_phase_seconds": 0.3913611940224655,
      "scope": "file writes include journal intent/add/flush; excludes this timing receipt and checkpoint writes",
      "mode": "stage4_sealed_cell",
      "banner": "sealed Stage 4; scientific admission also requires complete declared populations"
    },
    {
      "phase": "immediate:148",
      "identity_check_kind": "in_memory_structure_and_configuration",
      "recipe_verification_seconds": 0.0,
      "identity_verification_seconds": 0.0,
      "identity_check_seconds": 0.0019978000200353563,
      "state_hash_seconds": 0.09166242805076763,
      "clone_seconds": 0.008142427017446607,
      "restore_seconds": 0.0021170179825276136,
      "file_write_seconds": 0.012365061033051461,
      "operation_seconds": 0.28142178000416607,
      "total_phase_seconds": 0.3978040629881434,
      "scope": "file writes include journal intent/add/flush; excludes this timing receipt and checkpoint writes",
      "mode": "stage4_sealed_cell",
      "banner": "sealed Stage 4; scientific admission also requires complete declared populations"
    },
    {
      "phase": "edit:149",
      "identity_check_kind": "in_memory_structure_and_configuration",
      "recipe_verification_seconds": 0.0,
      "identity_verification_seconds": 0.0,
      "identity_check_seconds": 0.0019463900243863463,
      "state_hash_seconds": 0.07678035105345771,
      "clone_seconds": 0.00831390602979809,
      "restore_seconds": 0.0,
      "file_write_seconds": 0.012287493038456887,
      "operation_seconds": 0.30290873697958887,
      "total_phase_seconds": 0.40232116100378335,
      "scope": "file writes include journal intent/add/flush; excludes this timing receipt and checkpoint writes",
      "mode": "stage4_sealed_cell",
      "banner": "sealed Stage 4; scientific admission also requires complete declared populations"
    },
    {
      "phase": "immediate:149",
      "identity_check_kind": "in_memory_structure_and_configuration",
      "recipe_verification_seconds": 0.0,
      "identity_verification_seconds": 0.0,
      "identity_check_seconds": 0.001788277004379779,
      "state_hash_seconds": 0.0937189519754611,
      "clone_seconds": 0.007754373014904559,
      "restore_seconds": 0.002173775981646031,
      "file_write_seconds": 0.012529437022749335,
      "operation_seconds": 0.2808931670151651,
      "total_phase_seconds": 0.39895513001829386,
      "scope": "file writes include journal intent/add/flush; excludes this timing receipt and checkpoint writes",
      "mode": "stage4_sealed_cell",
      "banner": "sealed Stage 4; scientific admission also requires complete declared populations"
    },
    {
      "phase": "edit:150",
      "identity_check_kind": "in_memory_structure_and_configuration",
      "recipe_verification_seconds": 0.0,
      "identity_verification_seconds": 0.0,
      "identity_check_seconds": 0.0018747230642475188,
      "state_hash_seconds": 0.07550305494805798,
      "clone_seconds": 0.008020805020350963,
      "restore_seconds": 0.0,
      "file_write_seconds": 0.012284105992875993,
      "operation_seconds": 0.7505871800240129,
      "total_phase_seconds": 0.8483592889970168,
      "scope": "file writes include journal intent/add/flush; excludes this timing receipt and checkpoint writes",
      "mode": "stage4_sealed_cell",
      "banner": "sealed Stage 4; scientific admission also requires complete declared populations"
    },
    {
      "phase": "immediate:150",
      "identity_check_kind": "in_memory_structure_and_configuration",
      "recipe_verification_seconds": 0.0,
      "identity_verification_seconds": 0.0,
      "identity_check_seconds": 0.0017654139664955437,
      "state_hash_seconds": 0.0962663539685309,
      "clone_seconds": 0.0076185729703865945,
      "restore_seconds": 0.0022641699761152267,
      "file_write_seconds": 0.012206417042762041,
      "operation_seconds": 0.4149734240490943,
      "total_phase_seconds": 0.5352043230086565,
      "scope": "file writes include journal intent/add/flush; excludes this timing receipt and checkpoint writes",
      "mode": "stage4_sealed_cell",
      "banner": "sealed Stage 4; scientific admission also requires complete declared populations"
    },
    {
      "phase": "edit:151",
      "identity_check_kind": "in_memory_structure_and_configuration",
      "recipe_verification_seconds": 0.0,
      "identity_verification_seconds": 0.0,
      "identity_check_seconds": 0.0018419100088067353,
      "state_hash_seconds": 0.07896502094808966,
      "clone_seconds": 0.007961862022057176,
      "restore_seconds": 0.0,
      "file_write_seconds": 0.012254058965481818,
      "operation_seconds": 0.5918075289810076,
      "total_phase_seconds": 0.6929240610334091,
      "scope": "file writes include journal intent/add/flush; excludes this timing receipt and checkpoint writes",
      "mode": "stage4_sealed_cell",
      "banner": "sealed Stage 4; scientific admission also requires complete declared populations"
    },
    {
      "phase": "immediate:151",
      "identity_check_kind": "in_memory_structure_and_configuration",
      "recipe_verification_seconds": 0.0,
      "identity_verification_seconds": 0.0,
      "identity_check_seconds": 0.0017593720112927258,
      "state_hash_seconds": 0.0940115709672682,
      "clone_seconds": 0.008126287022605538,
      "restore_seconds": 0.0024481129948981106,
      "file_write_seconds": 0.01232978398911655,
      "operation_seconds": 0.4149372139945626,
      "total_phase_seconds": 0.5337089669774286,
      "scope": "file writes include journal intent/add/flush; excludes this timing receipt and checkpoint writes",
      "mode": "stage4_sealed_cell",
      "banner": "sealed Stage 4; scientific admission also requires complete declared populations"
    },
    {
      "phase": "edit:152",
      "identity_check_kind": "in_memory_structure_and_configuration",
      "recipe_verification_seconds": 0.0,
      "identity_verification_seconds": 0.0,
      "identity_check_seconds": 0.0017652740352787077,
      "state_hash_seconds": 0.07695110095664859,
      "clone_seconds": 0.008102460007648915,
      "restore_seconds": 0.0,
      "file_write_seconds": 0.012328131007961929,
      "operation_seconds": 0.4521068609901704,
      "total_phase_seconds": 0.5513613119837828,
      "scope": "file writes include journal intent/add/flush; excludes this timing receipt and checkpoint writes",
      "mode": "stage4_sealed_cell",
      "banner": "sealed Stage 4; scientific admission also requires complete declared populations"
    },
    {
      "phase": "immediate:152",
      "identity_check_kind": "in_memory_structure_and_configuration",
      "recipe_verification_seconds": 0.0,
      "identity_verification_seconds": 0.0,
      "identity_check_seconds": 0.001744514040183276,
      "state_hash_seconds": 0.09375741495750844,
      "clone_seconds": 0.007889753032941371,
      "restore_seconds": 0.0028950399719178677,
      "file_write_seconds": 0.012333662016317248,
      "operation_seconds": 0.3260191750014201,
      "total_phase_seconds": 0.44474164297571406,
      "scope": "file writes include journal intent/add/flush; excludes this timing receipt and checkpoint writes",
      "mode": "stage4_sealed_cell",
      "banner": "sealed Stage 4; scientific admission also requires complete declared populations"
    },
    {
      "phase": "edit:153",
      "identity_check_kind": "in_memory_structure_and_configuration",
      "recipe_verification_seconds": 0.0,
      "identity_verification_seconds": 0.0,
      "identity_check_seconds": 0.0018781009712256491,
      "state_hash_seconds": 0.07894172600936145,
      "clone_seconds": 0.00888864800799638,
      "restore_seconds": 0.0,
      "file_write_seconds": 0.012275319022592157,
      "operation_seconds": 0.42982895800378174,
      "total_phase_seconds": 0.5319132849690504,
      "scope": "file writes include journal intent/add/flush; excludes this timing receipt and checkpoint writes",
      "mode": "stage4_sealed_cell",
      "banner": "sealed Stage 4; scientific admission also requires complete declared populations"
    },
    {
      "phase": "immediate:153",
      "identity_check_kind": "in_memory_structure_and_configuration",
      "recipe_verification_seconds": 0.0,
      "identity_verification_seconds": 0.0,
      "identity_check_seconds": 0.001744884008076042,
      "state_hash_seconds": 0.09309643798042089,
      "clone_seconds": 0.009434484003577381,
      "restore_seconds": 0.002145152015145868,
      "file_write_seconds": 0.012312180013395846,
      "operation_seconds": 0.32528511801501736,
      "total_phase_seconds": 0.444117376988288,
      "scope": "file writes include journal intent/add/flush; excludes this timing receipt and checkpoint writes",
      "mode": "stage4_sealed_cell",
      "banner": "sealed Stage 4; scientific admission also requires complete declared populations"
    },
    {
      "phase": "edit:154",
      "identity_check_kind": "in_memory_structure_and_configuration",
      "recipe_verification_seconds": 0.0,
      "identity_verification_seconds": 0.0,
      "identity_check_seconds": 0.0017661660094745457,
      "state_hash_seconds": 0.07525939703918993,
      "clone_seconds": 0.007800481049343944,
      "restore_seconds": 0.0,
      "file_write_seconds": 0.012246263038832694,
      "operation_seconds": 0.2962244949885644,
      "total_phase_seconds": 0.3933852629852481,
      "scope": "file writes include journal intent/add/flush; excludes this timing receipt and checkpoint writes",
      "mode": "stage4_sealed_cell",
      "banner": "sealed Stage 4; scientific admission also requires complete declared populations"
    },
    {
      "phase": "immediate:154",
      "identity_check_kind": "in_memory_structure_and_configuration",
      "recipe_verification_seconds": 0.0,
      "identity_verification_seconds": 0.0,
      "identity_check_seconds": 0.0017337830504402518,
      "state_hash_seconds": 0.0914582289988175,
      "clone_seconds": 0.008153308997862041,
      "restore_seconds": 0.0023161389981396496,
      "file_write_seconds": 0.012254117988049984,
      "operation_seconds": 0.2827320719952695,
      "total_phase_seconds": 0.3987476120237261,
      "scope": "file writes include journal intent/add/flush; excludes this timing receipt and checkpoint writes",
      "mode": "stage4_sealed_cell",
      "banner": "sealed Stage 4; scientific admission also requires complete declared populations"
    },
    {
      "phase": "edit:155",
      "identity_check_kind": "in_memory_structure_and_configuration",
      "recipe_verification_seconds": 0.0,
      "identity_verification_seconds": 0.0,
      "identity_check_seconds": 0.0017515569925308228,
      "state_hash_seconds": 0.07393341604620218,
      "clone_seconds": 0.007700350019149482,
      "restore_seconds": 0.0,
      "file_write_seconds": 0.012243688979651779,
      "operation_seconds": 0.43490174296312034,
      "total_phase_seconds": 0.5306158770108595,
      "scope": "file writes include journal intent/add/flush; excludes this timing receipt and checkpoint writes",
      "mode": "stage4_sealed_cell",
      "banner": "sealed Stage 4; scientific admission also requires complete declared populations"
    },
    {
      "phase": "immediate:155",
      "identity_check_kind": "in_memory_structure_and_configuration",
      "recipe_verification_seconds": 0.0,
      "identity_verification_seconds": 0.0,
      "identity_check_seconds": 0.0017442540265619755,
      "state_hash_seconds": 0.09317964798538014,
      "clone_seconds": 0.00806553999427706,
      "restore_seconds": 0.002111086039803922,
      "file_write_seconds": 0.012289837002754211,
      "operation_seconds": 0.3309917559963651,
      "total_phase_seconds": 0.44848261401057243,
      "scope": "file writes include journal intent/add/flush; excludes this timing receipt and checkpoint writes",
      "mode": "stage4_sealed_cell",
      "banner": "sealed Stage 4; scientific admission also requires complete declared populations"
    },
    {
      "phase": "edit:156",
      "identity_check_kind": "in_memory_structure_and_configuration",
      "recipe_verification_seconds": 0.0,
      "identity_verification_seconds": 0.0,
      "identity_check_seconds": 0.0018814069917425513,
      "state_hash_seconds": 0.0760404149768874,
      "clone_seconds": 0.008805949008092284,
      "restore_seconds": 0.0,
      "file_write_seconds": 0.01222006301395595,
      "operation_seconds": 0.4354918639874086,
      "total_phase_seconds": 0.5345348590053618,
      "scope": "file writes include journal intent/add/flush; excludes this timing receipt and checkpoint writes",
      "mode": "stage4_sealed_cell",
      "banner": "sealed Stage 4; scientific admission also requires complete declared populations"
    },
    {
      "phase": "immediate:156",
      "identity_check_kind": "in_memory_structure_and_configuration",
      "recipe_verification_seconds": 0.0,
      "identity_verification_seconds": 0.0,
      "identity_check_seconds": 0.0018157699960283935,
      "state_hash_seconds": 0.0937906390754506,
      "clone_seconds": 0.009111525025218725,
      "restore_seconds": 0.00229845498688519,
      "file_write_seconds": 0.012213360983878374,
      "operation_seconds": 0.33131021697772667,
      "total_phase_seconds": 0.4506448790198192,
      "scope": "file writes include journal intent/add/flush; excludes this timing receipt and checkpoint writes",
      "mode": "stage4_sealed_cell",
      "banner": "sealed Stage 4; scientific admission also requires complete declared populations"
    },
    {
      "phase": "edit:157",
      "identity_check_kind": "in_memory_structure_and_configuration",
      "recipe_verification_seconds": 0.0,
      "identity_verification_seconds": 0.0,
      "identity_check_seconds": 0.0017639720463193953,
      "state_hash_seconds": 0.07656331802718341,
      "clone_seconds": 0.09767205797834322,
      "restore_seconds": 0.0,
      "file_write_seconds": 0.012155239994172007,
      "operation_seconds": 0.6021723669837229,
      "total_phase_seconds": 0.7904168059467338,
      "scope": "file writes include journal intent/add/flush; excludes this timing receipt and checkpoint writes",
      "mode": "stage4_sealed_cell",
      "banner": "sealed Stage 4; scientific admission also requires complete declared populations"
    },
    {
      "phase": "immediate:157",
      "identity_check_kind": "in_memory_structure_and_configuration",
      "recipe_verification_seconds": 0.0,
      "identity_verification_seconds": 0.0,
      "identity_check_seconds": 0.0018378630629740655,
      "state_hash_seconds": 0.09181559295393527,
      "clone_seconds": 0.00864015199476853,
      "restore_seconds": 0.0021408640313893557,
      "file_write_seconds": 0.012124589993618429,
      "operation_seconds": 0.3297797940322198,
      "total_phase_seconds": 0.4464525119983591,
      "scope": "file writes include journal intent/add/flush; excludes this timing receipt and checkpoint writes",
      "mode": "stage4_sealed_cell",
      "banner": "sealed Stage 4; scientific admission also requires complete declared populations"
    },
    {
      "phase": "edit:158",
      "identity_check_kind": "in_memory_structure_and_configuration",
      "recipe_verification_seconds": 0.0,
      "identity_verification_seconds": 0.0,
      "identity_check_seconds": 0.001755687000695616,
      "state_hash_seconds": 0.0775022970046848,
      "clone_seconds": 0.007817164005246013,
      "restore_seconds": 0.0,
      "file_write_seconds": 0.012211326975375414,
      "operation_seconds": 0.45355201099300757,
      "total_phase_seconds": 0.5529480039840564,
      "scope": "file writes include journal intent/add/flush; excludes this timing receipt and checkpoint writes",
      "mode": "stage4_sealed_cell",
      "banner": "sealed Stage 4; scientific admission also requires complete declared populations"
    },
    {
      "phase": "immediate:158",
      "identity_check_kind": "in_memory_structure_and_configuration",
      "recipe_verification_seconds": 0.0,
      "identity_verification_seconds": 0.0,
      "identity_check_seconds": 0.001789018977433443,
      "state_hash_seconds": 0.0940353779005818,
      "clone_seconds": 0.007815691002178937,
      "restore_seconds": 0.002385383006185293,
      "file_write_seconds": 0.01215085102012381,
      "operation_seconds": 0.328188783954829,
      "total_phase_seconds": 0.4464634140022099,
      "scope": "file writes include journal intent/add/flush; excludes this timing receipt and checkpoint writes",
      "mode": "stage4_sealed_cell",
      "banner": "sealed Stage 4; scientific admission also requires complete declared populations"
    },
    {
      "phase": "edit:159",
      "identity_check_kind": "in_memory_structure_and_configuration",
      "recipe_verification_seconds": 0.0,
      "identity_verification_seconds": 0.0,
      "identity_check_seconds": 0.0017606850014999509,
      "state_hash_seconds": 0.0756985999760218,
      "clone_seconds": 0.007563448045402765,
      "restore_seconds": 0.0,
      "file_write_seconds": 0.012243818957358599,
      "operation_seconds": 0.29690160299651325,
      "total_phase_seconds": 0.39425531204324216,
      "scope": "file writes include journal intent/add/flush; excludes this timing receipt and checkpoint writes",
      "mode": "stage4_sealed_cell",
      "banner": "sealed Stage 4; scientific admission also requires complete declared populations"
    },
    {
      "phase": "immediate:159",
      "identity_check_kind": "in_memory_structure_and_configuration",
      "recipe_verification_seconds": 0.0,
      "identity_verification_seconds": 0.0,
      "identity_check_seconds": 0.0018123339395970106,
      "state_hash_seconds": 0.09409557195613161,
      "clone_seconds": 0.008671562012750655,
      "restore_seconds": 0.002466777979861945,
      "file_write_seconds": 0.012290278042200953,
      "operation_seconds": 0.27963345299940556,
      "total_phase_seconds": 0.3990693889791146,
      "scope": "file writes include journal intent/add/flush; excludes this timing receipt and checkpoint writes",
      "mode": "stage4_sealed_cell",
      "banner": "sealed Stage 4; scientific admission also requires complete declared populations"
    },
    {
      "phase": "edit:160",
      "identity_check_kind": "in_memory_structure_and_configuration",
      "recipe_verification_seconds": 0.0,
      "identity_verification_seconds": 0.0,
      "identity_check_seconds": 0.001757849007844925,
      "state_hash_seconds": 0.07579217804595828,
      "clone_seconds": 0.007695831009186804,
      "restore_seconds": 0.0,
      "file_write_seconds": 0.012186809966806322,
      "operation_seconds": 0.595270506979432,
      "total_phase_seconds": 0.692788421001751,
      "scope": "file writes include journal intent/add/flush; excludes this timing receipt and checkpoint writes",
      "mode": "stage4_sealed_cell",
      "banner": "sealed Stage 4; scientific admission also requires complete declared populations"
    },
    {
      "phase": "immediate:160",
      "identity_check_kind": "in_memory_structure_and_configuration",
      "recipe_verification_seconds": 0.0,
      "identity_verification_seconds": 0.0,
      "identity_check_seconds": 0.0017249059746973217,
      "state_hash_seconds": 0.09319031902123243,
      "clone_seconds": 0.007973513973411173,
      "restore_seconds": 0.0031068550306372344,
      "file_write_seconds": 0.012349591008387506,
      "operation_seconds": 0.3286514109931886,
      "total_phase_seconds": 0.4470973680145107,
      "scope": "file writes include journal intent/add/flush; excludes this timing receipt and checkpoint writes",
      "mode": "stage4_sealed_cell",
      "banner": "sealed Stage 4; scientific admission also requires complete declared populations"
    },
    {
      "phase": "edit:161",
      "identity_check_kind": "in_memory_structure_and_configuration",
      "recipe_verification_seconds": 0.0,
      "identity_verification_seconds": 0.0,
      "identity_check_seconds": 0.0017788100522011518,
      "state_hash_seconds": 0.07916605705395341,
      "clone_seconds": 0.009081186959519982,
      "restore_seconds": 0.0,
      "file_write_seconds": 0.012201778998132795,
      "operation_seconds": 0.5926977759809233,
      "total_phase_seconds": 0.6950222629820928,
      "scope": "file writes include journal intent/add/flush; excludes this timing receipt and checkpoint writes",
      "mode": "stage4_sealed_cell",
      "banner": "sealed Stage 4; scientific admission also requires complete declared populations"
    },
    {
      "phase": "immediate:161",
      "identity_check_kind": "in_memory_structure_and_configuration",
      "recipe_verification_seconds": 0.0,
      "identity_verification_seconds": 0.0,
      "identity_check_seconds": 0.0018417510436847806,
      "state_hash_seconds": 0.09385529189603403,
      "clone_seconds": 0.008902343979571015,
      "restore_seconds": 0.0024291169829666615,
      "file_write_seconds": 0.012310327030718327,
      "operation_seconds": 0.41501677699852735,
      "total_phase_seconds": 0.5344644350116141,
      "scope": "file writes include journal intent/add/flush; excludes this timing receipt and checkpoint writes",
      "mode": "stage4_sealed_cell",
      "banner": "sealed Stage 4; scientific admission also requires complete declared populations"
    },
    {
      "phase": "edit:162",
      "identity_check_kind": "in_memory_structure_and_configuration",
      "recipe_verification_seconds": 0.0,
      "identity_verification_seconds": 0.0,
      "identity_check_seconds": 0.0019774309475906193,
      "state_hash_seconds": 0.0770666099851951,
      "clone_seconds": 0.007791234995238483,
      "restore_seconds": 0.0,
      "file_write_seconds": 0.01224521204130724,
      "operation_seconds": 0.2888122269650921,
      "total_phase_seconds": 0.3879820459987968,
      "scope": "file writes include journal intent/add/flush; excludes this timing receipt and checkpoint writes",
      "mode": "stage4_sealed_cell",
      "banner": "sealed Stage 4; scientific admission also requires complete declared populations"
    },
    {
      "phase": "immediate:162",
      "identity_check_kind": "in_memory_structure_and_configuration",
      "recipe_verification_seconds": 0.0,
      "identity_verification_seconds": 0.0,
      "identity_check_seconds": 0.0017538920510560274,
      "state_hash_seconds": 0.09486288402695209,
      "clone_seconds": 0.00813904101960361,
      "restore_seconds": 0.002369822992477566,
      "file_write_seconds": 0.012204313010443002,
      "operation_seconds": 0.2820971149485558,
      "total_phase_seconds": 0.40152292198035866,
      "scope": "file writes include journal intent/add/flush; excludes this timing receipt and checkpoint writes",
      "mode": "stage4_sealed_cell",
      "banner": "sealed Stage 4; scientific admission also requires complete declared populations"
    },
    {
      "phase": "edit:163",
      "identity_check_kind": "in_memory_structure_and_configuration",
      "recipe_verification_seconds": 0.0,
      "identity_verification_seconds": 0.0,
      "identity_check_seconds": 0.0019332559895701706,
      "state_hash_seconds": 0.08450801688013598,
      "clone_seconds": 0.007945079007185996,
      "restore_seconds": 0.0,
      "file_write_seconds": 0.012159658013843,
      "operation_seconds": 0.42985404696082696,
      "total_phase_seconds": 0.5364875019877218,
      "scope": "file writes include journal intent/add/flush; excludes this timing receipt and checkpoint writes",
      "mode": "stage4_sealed_cell",
      "banner": "sealed Stage 4; scientific admission also requires complete declared populations"
    },
    {
      "phase": "immediate:163",
      "identity_check_kind": "in_memory_structure_and_configuration",
      "recipe_verification_seconds": 0.0,
      "identity_verification_seconds": 0.0,
      "identity_check_seconds": 0.0018342650146223605,
      "state_hash_seconds": 0.09631930605974048,
      "clone_seconds": 0.008857628039550036,
      "restore_seconds": 0.002455957990605384,
      "file_write_seconds": 0.012212620000354946,
      "operation_seconds": 0.32395661203190684,
      "total_phase_seconds": 0.4457352479803376,
      "scope": "file writes include journal intent/add/flush; excludes this timing receipt and checkpoint writes",
      "mode": "stage4_sealed_cell",
      "banner": "sealed Stage 4; scientific admission also requires complete declared populations"
    },
    {
      "phase": "edit:164",
      "identity_check_kind": "in_memory_structure_and_configuration",
      "recipe_verification_seconds": 0.0,
      "identity_verification_seconds": 0.0,
      "identity_check_seconds": 0.001810941961593926,
      "state_hash_seconds": 0.07672290201298892,
      "clone_seconds": 0.008130644971970469,
      "restore_seconds": 0.0,
      "file_write_seconds": 0.01239101099781692,
      "operation_seconds": 0.29072241904214025,
      "total_phase_seconds": 0.3898675810196437,
      "scope": "file writes include journal intent/add/flush; excludes this timing receipt and checkpoint writes",
      "mode": "stage4_sealed_cell",
      "banner": "sealed Stage 4; scientific admission also requires complete declared populations"
    },
    {
      "phase": "immediate:164",
      "identity_check_kind": "in_memory_structure_and_configuration",
      "recipe_verification_seconds": 0.0,
      "identity_verification_seconds": 0.0,
      "identity_check_seconds": 0.001834746974054724,
      "state_hash_seconds": 0.0925555499852635,
      "clone_seconds": 0.007973093015607446,
      "restore_seconds": 0.0021567739895544946,
      "file_write_seconds": 0.01224734599236399,
      "operation_seconds": 0.2813425589702092,
      "total_phase_seconds": 0.39820838801097125,
      "scope": "file writes include journal intent/add/flush; excludes this timing receipt and checkpoint writes",
      "mode": "stage4_sealed_cell",
      "banner": "sealed Stage 4; scientific admission also requires complete declared populations"
    },
    {
      "phase": "edit:165",
      "identity_check_kind": "in_memory_structure_and_configuration",
      "recipe_verification_seconds": 0.0,
      "identity_verification_seconds": 0.0,
      "identity_check_seconds": 0.0017316379817202687,
      "state_hash_seconds": 0.0769297699443996,
      "clone_seconds": 0.0077336939866654575,
      "restore_seconds": 0.0,
      "file_write_seconds": 0.012230282998643816,
      "operation_seconds": 0.29682482505450025,
      "total_phase_seconds": 0.39554456202313304,
      "scope": "file writes include journal intent/add/flush; excludes this timing receipt and checkpoint writes",
      "mode": "stage4_sealed_cell",
      "banner": "sealed Stage 4; scientific admission also requires complete declared populations"
    },
    {
      "phase": "immediate:165",
      "identity_check_kind": "in_memory_structure_and_configuration",
      "recipe_verification_seconds": 0.0,
      "identity_verification_seconds": 0.0,
      "identity_check_seconds": 0.0017667370266281068,
      "state_hash_seconds": 0.09427784295985475,
      "clone_seconds": 0.007870617031585425,
      "restore_seconds": 0.0021834049839526415,
      "file_write_seconds": 0.01650132000213489,
      "operation_seconds": 0.2881961560342461,
      "total_phase_seconds": 0.4108939740108326,
      "scope": "file writes include journal intent/add/flush; excludes this timing receipt and checkpoint writes",
      "mode": "stage4_sealed_cell",
      "banner": "sealed Stage 4; scientific admission also requires complete declared populations"
    },
    {
      "phase": "edit:166",
      "identity_check_kind": "in_memory_structure_and_configuration",
      "recipe_verification_seconds": 0.0,
      "identity_verification_seconds": 0.0,
      "identity_check_seconds": 0.0018499870784580708,
      "state_hash_seconds": 0.0798051708843559,
      "clone_seconds": 0.008071060990914702,
      "restore_seconds": 0.0,
      "file_write_seconds": 0.01215479796519503,
      "operation_seconds": 0.7262641060515307,
      "total_phase_seconds": 0.8282327610068023,
      "scope": "file writes include journal intent/add/flush; excludes this timing receipt and checkpoint writes",
      "mode": "stage4_sealed_cell",
      "banner": "sealed Stage 4; scientific admission also requires complete declared populations"
    },
    {
      "phase": "immediate:166",
      "identity_check_kind": "in_memory_structure_and_configuration",
      "recipe_verification_seconds": 0.0,
      "identity_verification_seconds": 0.0,
      "identity_check_seconds": 0.0018595349974930286,
      "state_hash_seconds": 0.09442671900615096,
      "clone_seconds": 0.008632878016214818,
      "restore_seconds": 0.0024779500090517104,
      "file_write_seconds": 0.012126845016609877,
      "operation_seconds": 0.4244795839767903,
      "total_phase_seconds": 0.5441062360187061,
      "scope": "file writes include journal intent/add/flush; excludes this timing receipt and checkpoint writes",
      "mode": "stage4_sealed_cell",
      "banner": "sealed Stage 4; scientific admission also requires complete declared populations"
    },
    {
      "phase": "edit:167",
      "identity_check_kind": "in_memory_structure_and_configuration",
      "recipe_verification_seconds": 0.0,
      "identity_verification_seconds": 0.0,
      "identity_check_seconds": 0.0018669389537535608,
      "state_hash_seconds": 0.07886777399107814,
      "clone_seconds": 0.007917576003819704,
      "restore_seconds": 0.0,
      "file_write_seconds": 0.01226125203538686,
      "operation_seconds": 0.44758035504492,
      "total_phase_seconds": 0.5485856120358221,
      "scope": "file writes include journal intent/add/flush; excludes this timing receipt and checkpoint writes",
      "mode": "stage4_sealed_cell",
      "banner": "sealed Stage 4; scientific admission also requires complete declared populations"
    },
    {
      "phase": "immediate:167",
      "identity_check_kind": "in_memory_structure_and_configuration",
      "recipe_verification_seconds": 0.0,
      "identity_verification_seconds": 0.0,
      "identity_check_seconds": 0.0019030369585379958,
      "state_hash_seconds": 0.09507749503245577,
      "clone_seconds": 0.00813798897434026,
      "restore_seconds": 0.002559535962063819,
      "file_write_seconds": 0.01217778300633654,
      "operation_seconds": 0.3345172049594112,
      "total_phase_seconds": 0.45448086195392534,
      "scope": "file writes include journal intent/add/flush; excludes this timing receipt and checkpoint writes",
      "mode": "stage4_sealed_cell",
      "banner": "sealed Stage 4; scientific admission also requires complete declared populations"
    },
    {
      "phase": "edit:168",
      "identity_check_kind": "in_memory_structure_and_configuration",
      "recipe_verification_seconds": 0.0,
      "identity_verification_seconds": 0.0,
      "identity_check_seconds": 0.0017472590552642941,
      "state_hash_seconds": 0.1695010990370065,
      "clone_seconds": 0.008219584997277707,
      "restore_seconds": 0.0,
      "file_write_seconds": 0.012215855997055769,
      "operation_seconds": 0.6061219779658131,
      "total_phase_seconds": 0.7978975250152871,
      "scope": "file writes include journal intent/add/flush; excludes this timing receipt and checkpoint writes",
      "mode": "stage4_sealed_cell",
      "banner": "sealed Stage 4; scientific admission also requires complete declared populations"
    },
    {
      "phase": "immediate:168",
      "identity_check_kind": "in_memory_structure_and_configuration",
      "recipe_verification_seconds": 0.0,
      "identity_verification_seconds": 0.0,
      "identity_check_seconds": 0.0017741909832693636,
      "state_hash_seconds": 0.09254349797265604,
      "clone_seconds": 0.008213082968723029,
      "restore_seconds": 0.0022827250068075955,
      "file_write_seconds": 0.012199193006381392,
      "operation_seconds": 0.3737214910215698,
      "total_phase_seconds": 0.49083807098213583,
      "scope": "file writes include journal intent/add/flush; excludes this timing receipt and checkpoint writes",
      "mode": "stage4_sealed_cell",
      "banner": "sealed Stage 4; scientific admission also requires complete declared populations"
    },
    {
      "phase": "edit:169",
      "identity_check_kind": "in_memory_structure_and_configuration",
      "recipe_verification_seconds": 0.0,
      "identity_verification_seconds": 0.0,
      "identity_check_seconds": 0.001769210968632251,
      "state_hash_seconds": 0.0758427869877778,
      "clone_seconds": 0.008155611983966082,
      "restore_seconds": 0.0,
      "file_write_seconds": 0.01227165199816227,
      "operation_seconds": 0.43233518296619877,
      "total_phase_seconds": 0.530461871996522,
      "scope": "file writes include journal intent/add/flush; excludes this timing receipt and checkpoint writes",
      "mode": "stage4_sealed_cell",
      "banner": "sealed Stage 4; scientific admission also requires complete declared populations"
    },
    {
      "phase": "immediate:169",
      "identity_check_kind": "in_memory_structure_and_configuration",
      "recipe_verification_seconds": 0.0,
      "identity_verification_seconds": 0.0,
      "identity_check_seconds": 0.0017633410170674324,
      "state_hash_seconds": 0.09658641793066636,
      "clone_seconds": 0.008560849993955344,
      "restore_seconds": 0.0023782679927535355,
      "file_write_seconds": 0.012369729985948652,
      "operation_seconds": 0.33977213699836284,
      "total_phase_seconds": 0.4615371669642627,
      "scope": "file writes include journal intent/add/flush; excludes this timing receipt and checkpoint writes",
      "mode": "stage4_sealed_cell",
      "banner": "sealed Stage 4; scientific admission also requires complete declared populations"
    },
    {
      "phase": "edit:170",
      "identity_check_kind": "in_memory_structure_and_configuration",
      "recipe_verification_seconds": 0.0,
      "identity_verification_seconds": 0.0,
      "identity_check_seconds": 0.002024640969466418,
      "state_hash_seconds": 0.07771732012042776,
      "clone_seconds": 0.0075413750018924475,
      "restore_seconds": 0.0,
      "file_write_seconds": 0.012245952966623008,
      "operation_seconds": 0.30057846003910527,
      "total_phase_seconds": 0.4002000149921514,
      "scope": "file writes include journal intent/add/flush; excludes this timing receipt and checkpoint writes",
      "mode": "stage4_sealed_cell",
      "banner": "sealed Stage 4; scientific admission also requires complete declared populations"
    },
    {
      "phase": "immediate:170",
      "identity_check_kind": "in_memory_structure_and_configuration",
      "recipe_verification_seconds": 0.0,
      "identity_verification_seconds": 0.0,
      "identity_check_seconds": 0.0019081079517491162,
      "state_hash_seconds": 0.09337452094769105,
      "clone_seconds": 0.008668104012031108,
      "restore_seconds": 0.0022282609716057777,
      "file_write_seconds": 0.012338900996837765,
      "operation_seconds": 0.2808179730200209,
      "total_phase_seconds": 0.39944248396204785,
      "scope": "file writes include journal intent/add/flush; excludes this timing receipt and checkpoint writes",
      "mode": "stage4_sealed_cell",
      "banner": "sealed Stage 4; scientific admission also requires complete declared populations"
    },
    {
      "phase": "edit:171",
      "identity_check_kind": "in_memory_structure_and_configuration",
      "recipe_verification_seconds": 0.0,
      "identity_verification_seconds": 0.0,
      "identity_check_seconds": 0.001866808976046741,
      "state_hash_seconds": 0.07779529900290072,
      "clone_seconds": 0.008980172977317125,
      "restore_seconds": 0.0,
      "file_write_seconds": 0.012324673996772617,
      "operation_seconds": 0.43813030095770955,
      "total_phase_seconds": 0.5391951620113105,
      "scope": "file writes include journal intent/add/flush; excludes this timing receipt and checkpoint writes",
      "mode": "stage4_sealed_cell",
      "banner": "sealed Stage 4; scientific admission also requires complete declared populations"
    },
    {
      "phase": "immediate:171",
      "identity_check_kind": "in_memory_structure_and_configuration",
      "recipe_verification_seconds": 0.0,
      "identity_verification_seconds": 0.0,
      "identity_check_seconds": 0.0018148989765904844,
      "state_hash_seconds": 0.09158649208256975,
      "clone_seconds": 0.007909640960860997,
      "restore_seconds": 0.0022336309775710106,
      "file_write_seconds": 0.012337077991105616,
      "operation_seconds": 0.3264377770246938,
      "total_phase_seconds": 0.4424196719774045,
      "scope": "file writes include journal intent/add/flush; excludes this timing receipt and checkpoint writes",
      "mode": "stage4_sealed_cell",
      "banner": "sealed Stage 4; scientific admission also requires complete declared populations"
    },
    {
      "phase": "edit:172",
      "identity_check_kind": "in_memory_structure_and_configuration",
      "recipe_verification_seconds": 0.0,
      "identity_verification_seconds": 0.0,
      "identity_check_seconds": 0.0018304300028830767,
      "state_hash_seconds": 0.07813720405101776,
      "clone_seconds": 0.008115916978567839,
      "restore_seconds": 0.0,
      "file_write_seconds": 0.012365552014671266,
      "operation_seconds": 0.771434900991153,
      "total_phase_seconds": 0.8719723009853624,
      "scope": "file writes include journal intent/add/flush; excludes this timing receipt and checkpoint writes",
      "mode": "stage4_sealed_cell",
      "banner": "sealed Stage 4; scientific admission also requires complete declared populations"
    },
    {
      "phase": "immediate:172",
      "identity_check_kind": "in_memory_structure_and_configuration",
      "recipe_verification_seconds": 0.0,
      "identity_verification_seconds": 0.0,
      "identity_check_seconds": 0.0017486719880253077,
      "state_hash_seconds": 0.09332242101663724,
      "clone_seconds": 0.008116809010971338,
      "restore_seconds": 0.002405910985544324,
      "file_write_seconds": 0.01219258998753503,
      "operation_seconds": 0.6795012410148047,
      "total_phase_seconds": 0.7973832589923404,
      "scope": "file writes include journal intent/add/flush; excludes this timing receipt and checkpoint writes",
      "mode": "stage4_sealed_cell",
      "banner": "sealed Stage 4; scientific admission also requires complete declared populations"
    },
    {
      "phase": "edit:173",
      "identity_check_kind": "in_memory_structure_and_configuration",
      "recipe_verification_seconds": 0.0,
      "identity_verification_seconds": 0.0,
      "identity_check_seconds": 0.0017811140278354287,
      "state_hash_seconds": 0.07512866699835286,
      "clone_seconds": 0.008177776006050408,
      "restore_seconds": 0.0,
      "file_write_seconds": 0.01220097701298073,
      "operation_seconds": 0.4253751310170628,
      "total_phase_seconds": 0.5227471149992198,
      "scope": "file writes include journal intent/add/flush; excludes this timing receipt and checkpoint writes",
      "mode": "stage4_sealed_cell",
      "banner": "sealed Stage 4; scientific admission also requires complete declared populations"
    },
    {
      "phase": "immediate:173",
      "identity_check_kind": "in_memory_structure_and_configuration",
      "recipe_verification_seconds": 0.0,
      "identity_verification_seconds": 0.0,
      "identity_check_seconds": 0.0017492819461040199,
      "state_hash_seconds": 0.09534941602032632,
      "clone_seconds": 0.007772257959004492,
      "restore_seconds": 0.0023108990280888975,
      "file_write_seconds": 0.01237355696503073,
      "operation_seconds": 0.3331044759834185,
      "total_phase_seconds": 0.45277869899291545,
      "scope": "file writes include journal intent/add/flush; excludes this timing receipt and checkpoint writes",
      "mode": "stage4_sealed_cell",
      "banner": "sealed Stage 4; scientific admission also requires complete declared populations"
    },
    {
      "phase": "edit:174",
      "identity_check_kind": "in_memory_structure_and_configuration",
      "recipe_verification_seconds": 0.0,
      "identity_verification_seconds": 0.0,
      "identity_check_seconds": 0.0017564870067872107,
      "state_hash_seconds": 0.07589158904738724,
      "clone_seconds": 0.008226738951634616,
      "restore_seconds": 0.0,
      "file_write_seconds": 0.012281502014957368,
      "operation_seconds": 0.2806726550334133,
      "total_phase_seconds": 0.37891299196053296,
      "scope": "file writes include journal intent/add/flush; excludes this timing receipt and checkpoint writes",
      "mode": "stage4_sealed_cell",
      "banner": "sealed Stage 4; scientific admission also requires complete declared populations"
    },
    {
      "phase": "immediate:174",
      "identity_check_kind": "in_memory_structure_and_configuration",
      "recipe_verification_seconds": 0.0,
      "identity_verification_seconds": 0.0,
      "identity_check_seconds": 0.0018651449936442077,
      "state_hash_seconds": 0.0971403099829331,
      "clone_seconds": 0.008552143000997603,
      "restore_seconds": 0.002483380027115345,
      "file_write_seconds": 0.0013475929736159742,
      "operation_seconds": 0.28538395499344915,
      "total_phase_seconds": 0.39687569299712777,
      "scope": "file writes include journal intent/add/flush; excludes this timing receipt and checkpoint writes",
      "mode": "stage4_sealed_cell",
      "banner": "sealed Stage 4; scientific admission also requires complete declared populations"
    },
    {
      "phase": "edit:175",
      "identity_check_kind": "in_memory_structure_and_configuration",
      "recipe_verification_seconds": 0.0,
      "identity_verification_seconds": 0.0,
      "identity_check_seconds": 0.0018240659846924245,
      "state_hash_seconds": 0.07796508498722687,
      "clone_seconds": 0.009000040998216718,
      "restore_seconds": 0.0,
      "file_write_seconds": 0.012131934985518456,
      "operation_seconds": 0.7462016129866242,
      "total_phase_seconds": 0.8472183629637584,
      "scope": "file writes include journal intent/add/flush; excludes this timing receipt and checkpoint writes",
      "mode": "stage4_sealed_cell",
      "banner": "sealed Stage 4; scientific admission also requires complete declared populations"
    },
    {
      "phase": "immediate:175",
      "identity_check_kind": "in_memory_structure_and_configuration",
      "recipe_verification_seconds": 0.0,
      "identity_verification_seconds": 0.0,
      "identity_check_seconds": 0.001822684018407017,
      "state_hash_seconds": 0.09610229800455272,
      "clone_seconds": 0.008106328023131937,
      "restore_seconds": 0.002390271984040737,
      "file_write_seconds": 0.01226032100385055,
      "operation_seconds": 0.5094113129889593,
      "total_phase_seconds": 0.6302202789811417,
      "scope": "file writes include journal intent/add/flush; excludes this timing receipt and checkpoint writes",
      "mode": "stage4_sealed_cell",
      "banner": "sealed Stage 4; scientific admission also requires complete declared populations"
    },
    {
      "phase": "edit:176",
      "identity_check_kind": "in_memory_structure_and_configuration",
      "recipe_verification_seconds": 0.0,
      "identity_verification_seconds": 0.0,
      "identity_check_seconds": 0.001839464996010065,
      "state_hash_seconds": 0.0787583839846775,
      "clone_seconds": 0.00839538301806897,
      "restore_seconds": 0.0,
      "file_write_seconds": 0.012173945957329124,
      "operation_seconds": 0.444729280017782,
      "total_phase_seconds": 0.5459864700096659,
      "scope": "file writes include journal intent/add/flush; excludes this timing receipt and checkpoint writes",
      "mode": "stage4_sealed_cell",
      "banner": "sealed Stage 4; scientific admission also requires complete declared populations"
    },
    {
      "phase": "immediate:176",
      "identity_check_kind": "in_memory_structure_and_configuration",
      "recipe_verification_seconds": 0.0,
      "identity_verification_seconds": 0.0,
      "identity_check_seconds": 0.0019000229658558965,
      "state_hash_seconds": 0.09588002291275188,
      "clone_seconds": 0.009308301960118115,
      "restore_seconds": 0.0023483620025217533,
      "file_write_seconds": 0.012155209027696401,
      "operation_seconds": 0.32545535400277004,
      "total_phase_seconds": 0.4471548079745844,
      "scope": "file writes include journal intent/add/flush; excludes this timing receipt and checkpoint writes",
      "mode": "stage4_sealed_cell",
      "banner": "sealed Stage 4; scientific admission also requires complete declared populations"
    },
    {
      "phase": "edit:177",
      "identity_check_kind": "in_memory_structure_and_configuration",
      "recipe_verification_seconds": 0.0,
      "identity_verification_seconds": 0.0,
      "identity_check_seconds": 0.0017532110214233398,
      "state_hash_seconds": 0.07685365190263838,
      "clone_seconds": 0.008535311033483595,
      "restore_seconds": 0.0,
      "file_write_seconds": 0.012115232995711267,
      "operation_seconds": 0.31393467099405825,
      "total_phase_seconds": 0.41328182100551203,
      "scope": "file writes include journal intent/add/flush; excludes this timing receipt and checkpoint writes",
      "mode": "stage4_sealed_cell",
      "banner": "sealed Stage 4; scientific admission also requires complete declared populations"
    },
    {
      "phase": "immediate:177",
      "identity_check_kind": "in_memory_structure_and_configuration",
      "recipe_verification_seconds": 0.0,
      "identity_verification_seconds": 0.0,
      "identity_check_seconds": 0.001838082040194422,
      "state_hash_seconds": 0.09426210192032158,
      "clone_seconds": 0.009585473977494985,
      "restore_seconds": 0.0025731820496730506,
      "file_write_seconds": 0.012125431967433542,
      "operation_seconds": 0.2817656000261195,
      "total_phase_seconds": 0.40226194803835824,
      "scope": "file writes include journal intent/add/flush; excludes this timing receipt and checkpoint writes",
      "mode": "stage4_sealed_cell",
      "banner": "sealed Stage 4; scientific admission also requires complete declared populations"
    },
    {
      "phase": "edit:178",
      "identity_check_kind": "in_memory_structure_and_configuration",
      "recipe_verification_seconds": 0.0,
      "identity_verification_seconds": 0.0,
      "identity_check_seconds": 0.0018809849862009287,
      "state_hash_seconds": 0.07883103407220915,
      "clone_seconds": 0.009757753985468298,
      "restore_seconds": 0.0,
      "file_write_seconds": 0.012159267032984644,
      "operation_seconds": 0.4410919770016335,
      "total_phase_seconds": 0.5438308379962109,
      "scope": "file writes include journal intent/add/flush; excludes this timing receipt and checkpoint writes",
      "mode": "stage4_sealed_cell",
      "banner": "sealed Stage 4; scientific admission also requires complete declared populations"
    },
    {
      "phase": "immediate:178",
      "identity_check_kind": "in_memory_structure_and_configuration",
      "recipe_verification_seconds": 0.0,
      "identity_verification_seconds": 0.0,
      "identity_check_seconds": 0.0017664359766058624,
      "state_hash_seconds": 0.09564635512651876,
      "clone_seconds": 0.008353492012247443,
      "restore_seconds": 0.003003306977916509,
      "file_write_seconds": 0.012328892014920712,
      "operation_seconds": 0.32646302599459887,
      "total_phase_seconds": 0.44766226096544415,
      "scope": "file writes include journal intent/add/flush; excludes this timing receipt and checkpoint writes",
      "mode": "stage4_sealed_cell",
      "banner": "sealed Stage 4; scientific admission also requires complete declared populations"
    },
    {
      "phase": "edit:179",
      "identity_check_kind": "in_memory_structure_and_configuration",
      "recipe_verification_seconds": 0.0,
      "identity_verification_seconds": 0.0,
      "identity_check_seconds": 0.0017377309850417078,
      "state_hash_seconds": 0.07610545796342194,
      "clone_seconds": 0.008292104990687221,
      "restore_seconds": 0.0,
      "file_write_seconds": 0.012346795992925763,
      "operation_seconds": 0.43047788296826184,
      "total_phase_seconds": 0.5290549549972638,
      "scope": "file writes include journal intent/add/flush; excludes this timing receipt and checkpoint writes",
      "mode": "stage4_sealed_cell",
      "banner": "sealed Stage 4; scientific admission also requires complete declared populations"
    },
    {
      "phase": "immediate:179",
      "identity_check_kind": "in_memory_structure_and_configuration",
      "recipe_verification_seconds": 0.0,
      "identity_verification_seconds": 0.0,
      "identity_check_seconds": 0.001805750944186002,
      "state_hash_seconds": 0.09589444193989038,
      "clone_seconds": 0.008235034998506308,
      "restore_seconds": 0.002364492043852806,
      "file_write_seconds": 0.012140592036303133,
      "operation_seconds": 0.3292912170290947,
      "total_phase_seconds": 0.4498301569838077,
      "scope": "file writes include journal intent/add/flush; excludes this timing receipt and checkpoint writes",
      "mode": "stage4_sealed_cell",
      "banner": "sealed Stage 4; scientific admission also requires complete declared populations"
    },
    {
      "phase": "edit:180",
      "identity_check_kind": "in_memory_structure_and_configuration",
      "recipe_verification_seconds": 0.0,
      "identity_verification_seconds": 0.0,
      "identity_check_seconds": 0.0018682010122574866,
      "state_hash_seconds": 0.07801412895787507,
      "clone_seconds": 0.00885718798963353,
      "restore_seconds": 0.0,
      "file_write_seconds": 0.012223900994285941,
      "operation_seconds": 0.30093354103155434,
      "total_phase_seconds": 0.40199019701685756,
      "scope": "file writes include journal intent/add/flush; excludes this timing receipt and checkpoint writes",
      "mode": "stage4_sealed_cell",
      "banner": "sealed Stage 4; scientific admission also requires complete declared populations"
    },
    {
      "phase": "immediate:180",
      "identity_check_kind": "in_memory_structure_and_configuration",
      "recipe_verification_seconds": 0.0,
      "identity_verification_seconds": 0.0,
      "identity_check_seconds": 0.0017409970168955624,
      "state_hash_seconds": 0.09495506092207506,
      "clone_seconds": 0.008243069984018803,
      "restore_seconds": 0.0024484729510731995,
      "file_write_seconds": 0.012263306009117514,
      "operation_seconds": 0.28580952098127455,
      "total_phase_seconds": 0.4055557419778779,
      "scope": "file writes include journal intent/add/flush; excludes this timing receipt and checkpoint writes",
      "mode": "stage4_sealed_cell",
      "banner": "sealed Stage 4; scientific admission also requires complete declared populations"
    },
    {
      "phase": "edit:181",
      "identity_check_kind": "in_memory_structure_and_configuration",
      "recipe_verification_seconds": 0.0,
      "identity_verification_seconds": 0.0,
      "identity_check_seconds": 0.001753751013893634,
      "state_hash_seconds": 0.07719779200851917,
      "clone_seconds": 0.00865663297008723,
      "restore_seconds": 0.0,
      "file_write_seconds": 0.012443290965165943,
      "operation_seconds": 0.43744429596699774,
      "total_phase_seconds": 0.5375902259838767,
      "scope": "file writes include journal intent/add/flush; excludes this timing receipt and checkpoint writes",
      "mode": "stage4_sealed_cell",
      "banner": "sealed Stage 4; scientific admission also requires complete declared populations"
    },
    {
      "phase": "immediate:181",
      "identity_check_kind": "in_memory_structure_and_configuration",
      "recipe_verification_seconds": 0.0,
      "identity_verification_seconds": 0.0,
      "identity_check_seconds": 0.0018493150128051639,
      "state_hash_seconds": 0.09578093298478052,
      "clone_seconds": 0.007981599017512053,
      "restore_seconds": 0.00240779499290511,
      "file_write_seconds": 0.012293494015466422,
      "operation_seconds": 0.33558485098183155,
      "total_phase_seconds": 0.4560049430001527,
      "scope": "file writes include journal intent/add/flush; excludes this timing receipt and checkpoint writes",
      "mode": "stage4_sealed_cell",
      "banner": "sealed Stage 4; scientific admission also requires complete declared populations"
    },
    {
      "phase": "edit:182",
      "identity_check_kind": "in_memory_structure_and_configuration",
      "recipe_verification_seconds": 0.0,
      "identity_verification_seconds": 0.0,
      "identity_check_seconds": 0.0017490820027887821,
      "state_hash_seconds": 0.07735612499527633,
      "clone_seconds": 0.00842916697729379,
      "restore_seconds": 0.0,
      "file_write_seconds": 0.012313904007896781,
      "operation_seconds": 0.5960368060041219,
      "total_phase_seconds": 0.6959771830006503,
      "scope": "file writes include journal intent/add/flush; excludes this timing receipt and checkpoint writes",
      "mode": "stage4_sealed_cell",
      "banner": "sealed Stage 4; scientific admission also requires complete declared populations"
    },
    {
      "phase": "immediate:182",
      "identity_check_kind": "in_memory_structure_and_configuration",
      "recipe_verification_seconds": 0.0,
      "identity_verification_seconds": 0.0,
      "identity_check_seconds": 0.0017971849883906543,
      "state_hash_seconds": 0.09452516690362245,
      "clone_seconds": 0.008483902958687395,
      "restore_seconds": 0.002606947033200413,
      "file_write_seconds": 0.012302672024816275,
      "operation_seconds": 0.37705650401767343,
      "total_phase_seconds": 0.49687800800893456,
      "scope": "file writes include journal intent/add/flush; excludes this timing receipt and checkpoint writes",
      "mode": "stage4_sealed_cell",
      "banner": "sealed Stage 4; scientific admission also requires complete declared populations"
    },
    {
      "phase": "edit:183",
      "identity_check_kind": "in_memory_structure_and_configuration",
      "recipe_verification_seconds": 0.0,
      "identity_verification_seconds": 0.0,
      "identity_check_seconds": 0.0017563269939273596,
      "state_hash_seconds": 0.07746327301720157,
      "clone_seconds": 0.008574405976105481,
      "restore_seconds": 0.0,
      "file_write_seconds": 0.01225185499060899,
      "operation_seconds": 1.0529816910275258,
      "total_phase_seconds": 1.153115388005972,
      "scope": "file writes include journal intent/add/flush; excludes this timing receipt and checkpoint writes",
      "mode": "stage4_sealed_cell",
      "banner": "sealed Stage 4; scientific admission also requires complete declared populations"
    },
    {
      "phase": "immediate:183",
      "identity_check_kind": "in_memory_structure_and_configuration",
      "recipe_verification_seconds": 0.0,
      "identity_verification_seconds": 0.0,
      "identity_check_seconds": 0.0018878779956139624,
      "state_hash_seconds": 0.0947129760752432,
      "clone_seconds": 0.008010774967260659,
      "restore_seconds": 0.0024382839910686016,
      "file_write_seconds": 0.0011945900041610003,
      "operation_seconds": 0.5570587129914202,
      "total_phase_seconds": 0.6654089589719661,
      "scope": "file writes include journal intent/add/flush; excludes this timing receipt and checkpoint writes",
      "mode": "stage4_sealed_cell",
      "banner": "sealed Stage 4; scientific admission also requires complete declared populations"
    },
    {
      "phase": "edit:184",
      "identity_check_kind": "in_memory_structure_and_configuration",
      "recipe_verification_seconds": 0.0,
      "identity_verification_seconds": 0.0,
      "identity_check_seconds": 0.0017876760102808475,
      "state_hash_seconds": 0.07669324608286843,
      "clone_seconds": 0.008129603054840118,
      "restore_seconds": 0.0,
      "file_write_seconds": 0.012297070992644876,
      "operation_seconds": 0.2902542899828404,
      "total_phase_seconds": 0.3892493959865533,
      "scope": "file writes include journal intent/add/flush; excludes this timing receipt and checkpoint writes",
      "mode": "stage4_sealed_cell",
      "banner": "sealed Stage 4; scientific admission also requires complete declared populations"
    },
    {
      "phase": "immediate:184",
      "identity_check_kind": "in_memory_structure_and_configuration",
      "recipe_verification_seconds": 0.0,
      "identity_verification_seconds": 0.0,
      "identity_check_seconds": 0.0017856330377981067,
      "state_hash_seconds": 0.09561566699994728,
      "clone_seconds": 0.008343121968209743,
      "restore_seconds": 0.002372948976699263,
      "file_write_seconds": 0.012234622030518949,
      "operation_seconds": 0.2792066549882293,
      "total_phase_seconds": 0.39966365694999695,
      "scope": "file writes include journal intent/add/flush; excludes this timing receipt and checkpoint writes",
      "mode": "stage4_sealed_cell",
      "banner": "sealed Stage 4; scientific admission also requires complete declared populations"
    },
    {
      "phase": "edit:185",
      "identity_check_kind": "in_memory_structure_and_configuration",
      "recipe_verification_seconds": 0.0,
      "identity_verification_seconds": 0.0,
      "identity_check_seconds": 0.0017649130313657224,
      "state_hash_seconds": 0.07808496308280155,
      "clone_seconds": 0.008485824975650758,
      "restore_seconds": 0.0,
      "file_write_seconds": 0.01210832898505032,
      "operation_seconds": 0.29010951396776363,
      "total_phase_seconds": 0.39063873898703605,
      "scope": "file writes include journal intent/add/flush; excludes this timing receipt and checkpoint writes",
      "mode": "stage4_sealed_cell",
      "banner": "sealed Stage 4; scientific admission also requires complete declared populations"
    },
    {
      "phase": "immediate:185",
      "identity_check_kind": "in_memory_structure_and_configuration",
      "recipe_verification_seconds": 0.0,
      "identity_verification_seconds": 0.0,
      "identity_check_seconds": 0.001866328064352274,
      "state_hash_seconds": 0.0953172849258408,
      "clone_seconds": 0.009028735978063196,
      "restore_seconds": 0.00222185900202021,
      "file_write_seconds": 0.012130452028941363,
      "operation_seconds": 0.2839503369759768,
      "total_phase_seconds": 0.4046161799924448,
      "scope": "file writes include journal intent/add/flush; excludes this timing receipt and checkpoint writes",
      "mode": "stage4_sealed_cell",
      "banner": "sealed Stage 4; scientific admission also requires complete declared populations"
    },
    {
      "phase": "edit:186",
      "identity_check_kind": "in_memory_structure_and_configuration",
      "recipe_verification_seconds": 0.0,
      "identity_verification_seconds": 0.0,
      "identity_check_seconds": 0.0018183650099672377,
      "state_hash_seconds": 0.07816312304930761,
      "clone_seconds": 0.00854512897785753,
      "restore_seconds": 0.0,
      "file_write_seconds": 0.0012807849561795592,
      "operation_seconds": 0.4371042840066366,
      "total_phase_seconds": 0.5270222789840773,
      "scope": "file writes include journal intent/add/flush; excludes this timing receipt and checkpoint writes",
      "mode": "stage4_sealed_cell",
      "banner": "sealed Stage 4; scientific admission also requires complete declared populations"
    },
    {
      "phase": "immediate:186",
      "identity_check_kind": "in_memory_structure_and_configuration",
      "recipe_verification_seconds": 0.0,
      "identity_verification_seconds": 0.0,
      "identity_check_seconds": 0.001730057003442198,
      "state_hash_seconds": 0.09442379209212959,
      "clone_seconds": 0.008219374984037131,
      "restore_seconds": 0.0023935780045576394,
      "file_write_seconds": 0.012162995000835508,
      "operation_seconds": 0.37180218199500814,
      "total_phase_seconds": 0.4908265599515289,
      "scope": "file writes include journal intent/add/flush; excludes this timing receipt and checkpoint writes",
      "mode": "stage4_sealed_cell",
      "banner": "sealed Stage 4; scientific admission also requires complete declared populations"
    },
    {
      "phase": "edit:187",
      "identity_check_kind": "in_memory_structure_and_configuration",
      "recipe_verification_seconds": 0.0,
      "identity_verification_seconds": 0.0,
      "identity_check_seconds": 0.001750234980136156,
      "state_hash_seconds": 0.0767996899667196,
      "clone_seconds": 0.008664679015055299,
      "restore_seconds": 0.0,
      "file_write_seconds": 0.012282162031624466,
      "operation_seconds": 0.7349025949952193,
      "total_phase_seconds": 0.8344858259661123,
      "scope": "file writes include journal intent/add/flush; excludes this timing receipt and checkpoint writes",
      "mode": "stage4_sealed_cell",
      "banner": "sealed Stage 4; scientific admission also requires complete declared populations"
    },
    {
      "phase": "immediate:187",
      "identity_check_kind": "in_memory_structure_and_configuration",
      "recipe_verification_seconds": 0.0,
      "identity_verification_seconds": 0.0,
      "identity_check_seconds": 0.0017520879628136754,
      "state_hash_seconds": 0.09499040798982605,
      "clone_seconds": 0.008123480016365647,
      "restore_seconds": 0.002318373997695744,
      "file_write_seconds": 0.012339852983132005,
      "operation_seconds": 0.4241285520256497,
      "total_phase_seconds": 0.5437582689919509,
      "scope": "file writes include journal intent/add/flush; excludes this timing receipt and checkpoint writes",
      "mode": "stage4_sealed_cell",
      "banner": "sealed Stage 4; scientific admission also requires complete declared populations"
    },
    {
      "phase": "edit:188",
      "identity_check_kind": "in_memory_structure_and_configuration",
      "recipe_verification_seconds": 0.0,
      "identity_verification_seconds": 0.0,
      "identity_check_seconds": 0.0018190451082773507,
      "state_hash_seconds": 0.07690015307161957,
      "clone_seconds": 0.00814967101905495,
      "restore_seconds": 0.0,
      "file_write_seconds": 0.01231897302204743,
      "operation_seconds": 0.7502916230005212,
      "total_phase_seconds": 0.8495660219923593,
      "scope": "file writes include journal intent/add/flush; excludes this timing receipt and checkpoint writes",
      "mode": "stage4_sealed_cell",
      "banner": "sealed Stage 4; scientific admission also requires complete declared populations"
    },
    {
      "phase": "immediate:188",
      "identity_check_kind": "in_memory_structure_and_configuration",
      "recipe_verification_seconds": 0.0,
      "identity_verification_seconds": 0.0,
      "identity_check_seconds": 0.0017632789677008986,
      "state_hash_seconds": 0.09796078107319772,
      "clone_seconds": 0.008519519993569702,
      "restore_seconds": 0.0024107409990392625,
      "file_write_seconds": 0.012657771992962807,
      "operation_seconds": 0.4222237509675324,
      "total_phase_seconds": 0.5456760749802925,
      "scope": "file writes include journal intent/add/flush; excludes this timing receipt and checkpoint writes",
      "mode": "stage4_sealed_cell",
      "banner": "sealed Stage 4; scientific admission also requires complete declared populations"
    },
    {
      "phase": "edit:189",
      "identity_check_kind": "in_memory_structure_and_configuration",
      "recipe_verification_seconds": 0.0,
      "identity_verification_seconds": 0.0,
      "identity_check_seconds": 0.0018181449850089848,
      "state_hash_seconds": 0.0794248310266994,
      "clone_seconds": 0.008395533019211143,
      "restore_seconds": 0.0,
      "file_write_seconds": 0.012283924967050552,
      "operation_seconds": 0.8912418879917823,
      "total_phase_seconds": 0.99325444502756,
      "scope": "file writes include journal intent/add/flush; excludes this timing receipt and checkpoint writes",
      "mode": "stage4_sealed_cell",
      "banner": "sealed Stage 4; scientific admission also requires complete declared populations"
    },
    {
      "phase": "immediate:189",
      "identity_check_kind": "in_memory_structure_and_configuration",
      "recipe_verification_seconds": 0.0,
      "identity_verification_seconds": 0.0,
      "identity_check_seconds": 0.0018817370291799307,
      "state_hash_seconds": 0.09551961102988571,
      "clone_seconds": 0.009963267017155886,
      "restore_seconds": 0.0024209609837271273,
      "file_write_seconds": 0.012310366961173713,
      "operation_seconds": 0.4675480789737776,
      "total_phase_seconds": 0.5897537230048329,
      "scope": "file writes include journal intent/add/flush; excludes this timing receipt and checkpoint writes",
      "mode": "stage4_sealed_cell",
      "banner": "sealed Stage 4; scientific admission also requires complete declared populations"
    },
    {
      "phase": "edit:190",
      "identity_check_kind": "in_memory_structure_and_configuration",
      "recipe_verification_seconds": 0.0,
      "identity_verification_seconds": 0.0,
      "identity_check_seconds": 0.0017526399460621178,
      "state_hash_seconds": 0.07944582198979333,
      "clone_seconds": 0.00840285699814558,
      "restore_seconds": 0.0,
      "file_write_seconds": 0.012203120975755155,
      "operation_seconds": 0.44265646603889763,
      "total_phase_seconds": 0.5445555569604039,
      "scope": "file writes include journal intent/add/flush; excludes this timing receipt and checkpoint writes",
      "mode": "stage4_sealed_cell",
      "banner": "sealed Stage 4; scientific admission also requires complete declared populations"
    },
    {
      "phase": "immediate:190",
      "identity_check_kind": "in_memory_structure_and_configuration",
      "recipe_verification_seconds": 0.0,
      "identity_verification_seconds": 0.0,
      "identity_check_seconds": 0.0017483910196460783,
      "state_hash_seconds": 0.09365758404601365,
      "clone_seconds": 0.00864671403542161,
      "restore_seconds": 0.0024013430229388177,
      "file_write_seconds": 0.012281581002753228,
      "operation_seconds": 0.41886213701218367,
      "total_phase_seconds": 0.5376960579887964,
      "scope": "file writes include journal intent/add/flush; excludes this timing receipt and checkpoint writes",
      "mode": "stage4_sealed_cell",
      "banner": "sealed Stage 4; scientific admission also requires complete declared populations"
    },
    {
      "phase": "edit:191",
      "identity_check_kind": "in_memory_structure_and_configuration",
      "recipe_verification_seconds": 0.0,
      "identity_verification_seconds": 0.0,
      "identity_check_seconds": 0.0020919190137647092,
      "state_hash_seconds": 0.079660143062938,
      "clone_seconds": 0.009080145042389631,
      "restore_seconds": 0.0,
      "file_write_seconds": 0.012326788040809333,
      "operation_seconds": 0.4441077679512091,
      "total_phase_seconds": 0.5473589210305363,
      "scope": "file writes include journal intent/add/flush; excludes this timing receipt and checkpoint writes",
      "mode": "stage4_sealed_cell",
      "banner": "sealed Stage 4; scientific admission also requires complete declared populations"
    },
    {
      "phase": "immediate:191",
      "identity_check_kind": "in_memory_structure_and_configuration",
      "recipe_verification_seconds": 0.0,
      "identity_verification_seconds": 0.0,
      "identity_check_seconds": 0.0017512560007162392,
      "state_hash_seconds": 0.09401548898313195,
      "clone_seconds": 0.008707461005542427,
      "restore_seconds": 0.0024493950186297297,
      "file_write_seconds": 0.012243607954587787,
      "operation_seconds": 0.33227369497762993,
      "total_phase_seconds": 0.45153880200814456,
      "scope": "file writes include journal intent/add/flush; excludes this timing receipt and checkpoint writes",
      "mode": "stage4_sealed_cell",
      "banner": "sealed Stage 4; scientific admission also requires complete declared populations"
    },
    {
      "phase": "edit:192",
      "identity_check_kind": "in_memory_structure_and_configuration",
      "recipe_verification_seconds": 0.0,
      "identity_verification_seconds": 0.0,
      "identity_check_seconds": 0.0017642320017330348,
      "state_hash_seconds": 0.07627395098097622,
      "clone_seconds": 0.008474132977426052,
      "restore_seconds": 0.0,
      "file_write_seconds": 0.012305887998081744,
      "operation_seconds": 0.29298174899304286,
      "total_phase_seconds": 0.3918903970043175,
      "scope": "file writes include journal intent/add/flush; excludes this timing receipt and checkpoint writes",
      "mode": "stage4_sealed_cell",
      "banner": "sealed Stage 4; scientific admission also requires complete declared populations"
    },
    {
      "phase": "immediate:192",
      "identity_check_kind": "in_memory_structure_and_configuration",
      "recipe_verification_seconds": 0.0,
      "identity_verification_seconds": 0.0,
      "identity_check_seconds": 0.0017672970425337553,
      "state_hash_seconds": 0.09340792614966631,
      "clone_seconds": 0.008398108009714633,
      "restore_seconds": 0.002332279982510954,
      "file_write_seconds": 0.0014050040044821799,
      "operation_seconds": 0.28622829396044835,
      "total_phase_seconds": 0.3936354930046946,
      "scope": "file writes include journal intent/add/flush; excludes this timing receipt and checkpoint writes",
      "mode": "stage4_sealed_cell",
      "banner": "sealed Stage 4; scientific admission also requires complete declared populations"
    },
    {
      "phase": "edit:193",
      "identity_check_kind": "in_memory_structure_and_configuration",
      "recipe_verification_seconds": 0.0,
      "identity_verification_seconds": 0.0,
      "identity_check_seconds": 0.0017792099388316274,
      "state_hash_seconds": 0.07473713799845427,
      "clone_seconds": 0.009245922963600606,
      "restore_seconds": 0.0,
      "file_write_seconds": 0.01211934001185,
      "operation_seconds": 0.3134406650206074,
      "total_phase_seconds": 0.4114030390046537,
      "scope": "file writes include journal intent/add/flush; excludes this timing receipt and checkpoint writes",
      "mode": "stage4_sealed_cell",
      "banner": "sealed Stage 4; scientific admission also requires complete declared populations"
    },
    {
      "phase": "immediate:193",
      "identity_check_kind": "in_memory_structure_and_configuration",
      "recipe_verification_seconds": 0.0,
      "identity_verification_seconds": 0.0,
      "identity_check_seconds": 0.0018063319730572402,
      "state_hash_seconds": 0.0950259969686158,
      "clone_seconds": 0.00875850796001032,
      "restore_seconds": 0.0023336129961535335,
      "file_write_seconds": 0.012197881005704403,
      "operation_seconds": 0.2827236260054633,
      "total_phase_seconds": 0.40294497698778287,
      "scope": "file writes include journal intent/add/flush; excludes this timing receipt and checkpoint writes",
      "mode": "stage4_sealed_cell",
      "banner": "sealed Stage 4; scientific admission also requires complete declared populations"
    },
    {
      "phase": "edit:194",
      "identity_check_kind": "in_memory_structure_and_configuration",
      "recipe_verification_seconds": 0.0,
      "identity_verification_seconds": 0.0,
      "identity_check_seconds": 0.0017598029808141291,
      "state_hash_seconds": 0.077064429060556,
      "clone_seconds": 0.009393004002049565,
      "restore_seconds": 0.0,
      "file_write_seconds": 0.012152994982898235,
      "operation_seconds": 0.4521757230395451,
      "total_phase_seconds": 0.5526345430407673,
      "scope": "file writes include journal intent/add/flush; excludes this timing receipt and checkpoint writes",
      "mode": "stage4_sealed_cell",
      "banner": "sealed Stage 4; scientific admission also requires complete declared populations"
    },
    {
      "phase": "immediate:194",
      "identity_check_kind": "in_memory_structure_and_configuration",
      "recipe_verification_seconds": 0.0,
      "identity_verification_seconds": 0.0,
      "identity_check_seconds": 0.001760774990543723,
      "state_hash_seconds": 0.0947869680239819,
      "clone_seconds": 0.008691238996107131,
      "restore_seconds": 0.0023530410253442824,
      "file_write_seconds": 0.012111535004805773,
      "operation_seconds": 0.3765019809943624,
      "total_phase_seconds": 0.49630241497652605,
      "scope": "file writes include journal intent/add/flush; excludes this timing receipt and checkpoint writes",
      "mode": "stage4_sealed_cell",
      "banner": "sealed Stage 4; scientific admission also requires complete declared populations"
    },
    {
      "phase": "edit:195",
      "identity_check_kind": "in_memory_structure_and_configuration",
      "recipe_verification_seconds": 0.0,
      "identity_verification_seconds": 0.0,
      "identity_check_seconds": 0.0017691819812171161,
      "state_hash_seconds": 0.07758394401753321,
      "clone_seconds": 0.008708090987056494,
      "restore_seconds": 0.0,
      "file_write_seconds": 0.012291289982385933,
      "operation_seconds": 0.7494875619886443,
      "total_phase_seconds": 0.8499288280145265,
      "scope": "file writes include journal intent/add/flush; excludes this timing receipt and checkpoint writes",
      "mode": "stage4_sealed_cell",
      "banner": "sealed Stage 4; scientific admission also requires complete declared populations"
    },
    {
      "phase": "immediate:195",
      "identity_check_kind": "in_memory_structure_and_configuration",
      "recipe_verification_seconds": 0.0,
      "identity_verification_seconds": 0.0,
      "identity_check_seconds": 0.002077020995784551,
      "state_hash_seconds": 0.09595891507342458,
      "clone_seconds": 0.009099702001549304,
      "restore_seconds": 0.0024636019952595234,
      "file_write_seconds": 0.012139458965975791,
      "operation_seconds": 0.3788058970239945,
      "total_phase_seconds": 0.5006451389635913,
      "scope": "file writes include journal intent/add/flush; excludes this timing receipt and checkpoint writes",
      "mode": "stage4_sealed_cell",
      "banner": "sealed Stage 4; scientific admission also requires complete declared populations"
    },
    {
      "phase": "edit:196",
      "identity_check_kind": "in_memory_structure_and_configuration",
      "recipe_verification_seconds": 0.0,
      "identity_verification_seconds": 0.0,
      "identity_check_seconds": 0.0017948599997907877,
      "state_hash_seconds": 0.07735416397918016,
      "clone_seconds": 0.008957900980021805,
      "restore_seconds": 0.0,
      "file_write_seconds": 0.012208761007059366,
      "operation_seconds": 0.2802451250026934,
      "total_phase_seconds": 0.38064872001996264,
      "scope": "file writes include journal intent/add/flush; excludes this timing receipt and checkpoint writes",
      "mode": "stage4_sealed_cell",
      "banner": "sealed Stage 4; scientific admission also requires complete declared populations"
    },
    {
      "phase": "immediate:196",
      "identity_check_kind": "in_memory_structure_and_configuration",
      "recipe_verification_seconds": 0.0,
      "identity_verification_seconds": 0.0,
      "identity_check_seconds": 0.0017505650175735354,
      "state_hash_seconds": 0.09523528697900474,
      "clone_seconds": 0.00835177901899442,
      "restore_seconds": 0.0029385529924184084,
      "file_write_seconds": 0.012320686946623027,
      "operation_seconds": 0.285476712975651,
      "total_phase_seconds": 0.40617246401961893,
      "scope": "file writes include journal intent/add/flush; excludes this timing receipt and checkpoint writes",
      "mode": "stage4_sealed_cell",
      "banner": "sealed Stage 4; scientific admission also requires complete declared populations"
    },
    {
      "phase": "edit:197",
      "identity_check_kind": "in_memory_structure_and_configuration",
      "recipe_verification_seconds": 0.0,
      "identity_verification_seconds": 0.0,
      "identity_check_seconds": 0.0017751430277712643,
      "state_hash_seconds": 0.07784663798520342,
      "clone_seconds": 0.008398878970183432,
      "restore_seconds": 0.0,
      "file_write_seconds": 0.012246303027495742,
      "operation_seconds": 0.4566074670292437,
      "total_phase_seconds": 0.5569641820038669,
      "scope": "file writes include journal intent/add/flush; excludes this timing receipt and checkpoint writes",
      "mode": "stage4_sealed_cell",
      "banner": "sealed Stage 4; scientific admission also requires complete declared populations"
    },
    {
      "phase": "immediate:197",
      "identity_check_kind": "in_memory_structure_and_configuration",
      "recipe_verification_seconds": 0.0,
      "identity_verification_seconds": 0.0,
      "identity_check_seconds": 0.0018481629667803645,
      "state_hash_seconds": 0.09505117399385199,
      "clone_seconds": 0.00891559902811423,
      "restore_seconds": 0.002594734018202871,
      "file_write_seconds": 0.01244069600943476,
      "operation_seconds": 0.3315466310014017,
      "total_phase_seconds": 0.45250017498619854,
      "scope": "file writes include journal intent/add/flush; excludes this timing receipt and checkpoint writes",
      "mode": "stage4_sealed_cell",
      "banner": "sealed Stage 4; scientific admission also requires complete declared populations"
    },
    {
      "phase": "edit:198",
      "identity_check_kind": "in_memory_structure_and_configuration",
      "recipe_verification_seconds": 0.0,
      "identity_verification_seconds": 0.0,
      "identity_check_seconds": 0.0018043189775198698,
      "state_hash_seconds": 0.07792521797819063,
      "clone_seconds": 0.00886822899337858,
      "restore_seconds": 0.0,
      "file_write_seconds": 0.012186558975372463,
      "operation_seconds": 0.2974192739930004,
      "total_phase_seconds": 0.3982913070358336,
      "scope": "file writes include journal intent/add/flush; excludes this timing receipt and checkpoint writes",
      "mode": "stage4_sealed_cell",
      "banner": "sealed Stage 4; scientific admission also requires complete declared populations"
    },
    {
      "phase": "immediate:198",
      "identity_check_kind": "in_memory_structure_and_configuration",
      "recipe_verification_seconds": 0.0,
      "identity_verification_seconds": 0.0,
      "identity_check_seconds": 0.0017790310666896403,
      "state_hash_seconds": 0.09680423402460292,
      "clone_seconds": 0.008782634977251291,
      "restore_seconds": 0.003135239996481687,
      "file_write_seconds": 0.012436358025297523,
      "operation_seconds": 0.37551378697389737,
      "total_phase_seconds": 0.4985603329841979,
      "scope": "file writes include journal intent/add/flush; excludes this timing receipt and checkpoint writes",
      "mode": "stage4_sealed_cell",
      "banner": "sealed Stage 4; scientific admission also requires complete declared populations"
    },
    {
      "phase": "edit:199",
      "identity_check_kind": "in_memory_structure_and_configuration",
      "recipe_verification_seconds": 0.0,
      "identity_verification_seconds": 0.0,
      "identity_check_seconds": 0.0017903210246004164,
      "state_hash_seconds": 0.07772024493897334,
      "clone_seconds": 0.009463199006859213,
      "restore_seconds": 0.0,
      "file_write_seconds": 0.012253927998244762,
      "operation_seconds": 1.175772356975358,
      "total_phase_seconds": 1.2770893419510685,
      "scope": "file writes include journal intent/add/flush; excludes this timing receipt and checkpoint writes",
      "mode": "stage4_sealed_cell",
      "banner": "sealed Stage 4; scientific admission also requires complete declared populations"
    },
    {
      "phase": "immediate:199",
      "identity_check_kind": "in_memory_structure_and_configuration",
      "recipe_verification_seconds": 0.0,
      "identity_verification_seconds": 0.0,
      "identity_check_seconds": 0.001741308020427823,
      "state_hash_seconds": 0.09589848993346095,
      "clone_seconds": 0.008503730001393706,
      "restore_seconds": 0.0033800280070863664,
      "file_write_seconds": 0.012326276977546513,
      "operation_seconds": 0.5578378369682468,
      "total_phase_seconds": 0.6797944330028258,
      "scope": "file writes include journal intent/add/flush; excludes this timing receipt and checkpoint writes",
      "mode": "stage4_sealed_cell",
      "banner": "sealed Stage 4; scientific admission also requires complete declared populations"
    },
    {
      "phase": "edit:200",
      "identity_check_kind": "in_memory_structure_and_configuration",
      "recipe_verification_seconds": 0.0,
      "identity_verification_seconds": 0.0,
      "identity_check_seconds": 0.0017687009531073272,
      "state_hash_seconds": 0.07681330596096814,
      "clone_seconds": 0.007969836995471269,
      "restore_seconds": 0.0,
      "file_write_seconds": 0.012189433968160301,
      "operation_seconds": 0.44566813798155636,
      "total_phase_seconds": 0.544500632036943,
      "scope": "file writes include journal intent/add/flush; excludes this timing receipt and checkpoint writes",
      "mode": "stage4_sealed_cell",
      "banner": "sealed Stage 4; scientific admission also requires complete declared populations"
    },
    {
      "phase": "immediate:200",
      "identity_check_kind": "in_memory_structure_and_configuration",
      "recipe_verification_seconds": 0.0,
      "identity_verification_seconds": 0.0,
      "identity_check_seconds": 0.0017787590040825307,
      "state_hash_seconds": 0.09458055411232635,
      "clone_seconds": 0.00870508496882394,
      "restore_seconds": 0.002532152982894331,
      "file_write_seconds": 0.012299315014388412,
      "operation_seconds": 0.33048230002168566,
      "total_phase_seconds": 0.45047647604951635,
      "scope": "file writes include journal intent/add/flush; excludes this timing receipt and checkpoint writes",
      "mode": "stage4_sealed_cell",
      "banner": "sealed Stage 4; scientific admission also requires complete declared populations"
    },
    {
      "phase": "edit:201",
      "identity_check_kind": "in_memory_structure_and_configuration",
      "recipe_verification_seconds": 0.0,
      "identity_verification_seconds": 0.0,
      "identity_check_seconds": 0.0017862640088424087,
      "state_hash_seconds": 0.0784737299545668,
      "clone_seconds": 0.009225292946211994,
      "restore_seconds": 0.0,
      "file_write_seconds": 0.001325802004430443,
      "operation_seconds": 1.3545199210057035,
      "total_phase_seconds": 1.4454233350115828,
      "scope": "file writes include journal intent/add/flush; excludes this timing receipt and checkpoint writes",
      "mode": "stage4_sealed_cell",
      "banner": "sealed Stage 4; scientific admission also requires complete declared populations"
    },
    {
      "phase": "immediate:201",
      "identity_check_kind": "in_memory_structure_and_configuration",
      "recipe_verification_seconds": 0.0,
      "identity_verification_seconds": 0.0,
      "identity_check_seconds": 0.0020246909698471427,
      "state_hash_seconds": 0.09623178804758936,
      "clone_seconds": 0.0092004049802199,
      "restore_seconds": 0.002350324997678399,
      "file_write_seconds": 0.012434053991455585,
      "operation_seconds": 0.6614985140040517,
      "total_phase_seconds": 0.7838728119968437,
      "scope": "file writes include journal intent/add/flush; excludes this timing receipt and checkpoint writes",
      "mode": "stage4_sealed_cell",
      "banner": "sealed Stage 4; scientific admission also requires complete declared populations"
    },
    {
      "phase": "edit:202",
      "identity_check_kind": "in_memory_structure_and_configuration",
      "recipe_verification_seconds": 0.0,
      "identity_verification_seconds": 0.0,
      "identity_check_seconds": 0.0019481940544210374,
      "state_hash_seconds": 0.07766133197583258,
      "clone_seconds": 0.008291802951134741,
      "restore_seconds": 0.0,
      "file_write_seconds": 0.01219554600538686,
      "operation_seconds": 0.4485023120068945,
      "total_phase_seconds": 0.5487075260025449,
      "scope": "file writes include journal intent/add/flush; excludes this timing receipt and checkpoint writes",
      "mode": "stage4_sealed_cell",
      "banner": "sealed Stage 4; scientific admission also requires complete declared populations"
    },
    {
      "phase": "immediate:202",
      "identity_check_kind": "in_memory_structure_and_configuration",
      "recipe_verification_seconds": 0.0,
      "identity_verification_seconds": 0.0,
      "identity_check_seconds": 0.0018263510428369045,
      "state_hash_seconds": 0.09396478207781911,
      "clone_seconds": 0.009717737033497542,
      "restore_seconds": 0.002463923010509461,
      "file_write_seconds": 0.012143225991167128,
      "operation_seconds": 0.33315378095721826,
      "total_phase_seconds": 0.45337405998725444,
      "scope": "file writes include journal intent/add/flush; excludes this timing receipt and checkpoint writes",
      "mode": "stage4_sealed_cell",
      "banner": "sealed Stage 4; scientific admission also requires complete declared populations"
    },
    {
      "phase": "edit:203",
      "identity_check_kind": "in_memory_structure_and_configuration",
      "recipe_verification_seconds": 0.0,
      "identity_verification_seconds": 0.0,
      "identity_check_seconds": 0.0018420809647068381,
      "state_hash_seconds": 0.07835810695542023,
      "clone_seconds": 0.009923271019943058,
      "restore_seconds": 0.0,
      "file_write_seconds": 0.012189253990072757,
      "operation_seconds": 0.46268524701008573,
      "total_phase_seconds": 0.5650887460215017,
      "scope": "file writes include journal intent/add/flush; excludes this timing receipt and checkpoint writes",
      "mode": "stage4_sealed_cell",
      "banner": "sealed Stage 4; scientific admission also requires complete declared populations"
    },
    {
      "phase": "immediate:203",
      "identity_check_kind": "in_memory_structure_and_configuration",
      "recipe_verification_seconds": 0.0,
      "identity_verification_seconds": 0.0,
      "identity_check_seconds": 0.0019232870545238256,
      "state_hash_seconds": 0.09644585696514696,
      "clone_seconds": 0.009438831999432296,
      "restore_seconds": 0.0025517609901726246,
      "file_write_seconds": 0.01221004402032122,
      "operation_seconds": 0.335466995020397,
      "total_phase_seconds": 0.45815039495937526,
      "scope": "file writes include journal intent/add/flush; excludes this timing receipt and checkpoint writes",
      "mode": "stage4_sealed_cell",
      "banner": "sealed Stage 4; scientific admission also requires complete declared populations"
    },
    {
      "phase": "edit:204",
      "identity_check_kind": "in_memory_structure_and_configuration",
      "recipe_verification_seconds": 0.0,
      "identity_verification_seconds": 0.0,
      "identity_check_seconds": 0.0018570789834484458,
      "state_hash_seconds": 0.07854236097773537,
      "clone_seconds": 0.009141041024122387,
      "restore_seconds": 0.0,
      "file_write_seconds": 0.01218345295637846,
      "operation_seconds": 0.612294889986515,
      "total_phase_seconds": 0.7141065330361016,
      "scope": "file writes include journal intent/add/flush; excludes this timing receipt and checkpoint writes",
      "mode": "stage4_sealed_cell",
      "banner": "sealed Stage 4; scientific admission also requires complete declared populations"
    },
    {
      "phase": "immediate:204",
      "identity_check_kind": "in_memory_structure_and_configuration",
      "recipe_verification_seconds": 0.0,
      "identity_verification_seconds": 0.0,
      "identity_check_seconds": 0.0019531850703060627,
      "state_hash_seconds": 0.10241301596397534,
      "clone_seconds": 0.009112767991609871,
      "restore_seconds": 0.002875090984161943,
      "file_write_seconds": 0.012197029951494187,
      "operation_seconds": 0.33356762398034334,
      "total_phase_seconds": 0.4622304360382259,
      "scope": "file writes include journal intent/add/flush; excludes this timing receipt and checkpoint writes",
      "mode": "stage4_sealed_cell",
      "banner": "sealed Stage 4; scientific admission also requires complete declared populations"
    },
    {
      "phase": "edit:205",
      "identity_check_kind": "in_memory_structure_and_configuration",
      "recipe_verification_seconds": 0.0,
      "identity_verification_seconds": 0.0,
      "identity_check_seconds": 0.001794869953300804,
      "state_hash_seconds": 0.16459331498481333,
      "clone_seconds": 0.00860240898327902,
      "restore_seconds": 0.0,
      "file_write_seconds": 0.012359159998595715,
      "operation_seconds": 1.0480749559937976,
      "total_phase_seconds": 1.2355102130095474,
      "scope": "file writes include journal intent/add/flush; excludes this timing receipt and checkpoint writes",
      "mode": "stage4_sealed_cell",
      "banner": "sealed Stage 4; scientific admission also requires complete declared populations"
    },
    {
      "phase": "immediate:205",
      "identity_check_kind": "in_memory_structure_and_configuration",
      "recipe_verification_seconds": 0.0,
      "identity_verification_seconds": 0.0,
      "identity_check_seconds": 0.0018152089905925095,
      "state_hash_seconds": 0.09510671201860532,
      "clone_seconds": 0.008268238976597786,
      "restore_seconds": 0.002421059994958341,
      "file_write_seconds": 0.01228134095435962,
      "operation_seconds": 0.5464548569871113,
      "total_phase_seconds": 0.6664488230017014,
      "scope": "file writes include journal intent/add/flush; excludes this timing receipt and checkpoint writes",
      "mode": "stage4_sealed_cell",
      "banner": "sealed Stage 4; scientific admission also requires complete declared populations"
    },
    {
      "phase": "edit:206",
      "identity_check_kind": "in_memory_structure_and_configuration",
      "recipe_verification_seconds": 0.0,
      "identity_verification_seconds": 0.0,
      "identity_check_seconds": 0.0017767149838618934,
      "state_hash_seconds": 0.07771678897552192,
      "clone_seconds": 0.007952944026328623,
      "restore_seconds": 0.0,
      "file_write_seconds": 0.012270701001398265,
      "operation_seconds": 0.4376032310537994,
      "total_phase_seconds": 0.5374103609938174,
      "scope": "file writes include journal intent/add/flush; excludes this timing receipt and checkpoint writes",
      "mode": "stage4_sealed_cell",
      "banner": "sealed Stage 4; scientific admission also requires complete declared populations"
    },
    {
      "phase": "immediate:206",
      "identity_check_kind": "in_memory_structure_and_configuration",
      "recipe_verification_seconds": 0.0,
      "identity_verification_seconds": 0.0,
      "identity_check_seconds": 0.0018834499642252922,
      "state_hash_seconds": 0.09563511499436572,
      "clone_seconds": 0.008636293991003186,
      "restore_seconds": 0.002447962004225701,
      "file_write_seconds": 0.012219271971844137,
      "operation_seconds": 0.33251611900050193,
      "total_phase_seconds": 0.45343629899434745,
      "scope": "file writes include journal intent/add/flush; excludes this timing receipt and checkpoint writes",
      "mode": "stage4_sealed_cell",
      "banner": "sealed Stage 4; scientific admission also requires complete declared populations"
    },
    {
      "phase": "edit:207",
      "identity_check_kind": "in_memory_structure_and_configuration",
      "recipe_verification_seconds": 0.0,
      "identity_verification_seconds": 0.0,
      "identity_check_seconds": 0.0019415009883232415,
      "state_hash_seconds": 0.07788681291276589,
      "clone_seconds": 0.009159516950603575,
      "restore_seconds": 0.0,
      "file_write_seconds": 0.012243598990608007,
      "operation_seconds": 0.46974246500758454,
      "total_phase_seconds": 0.5710706720128655,
      "scope": "file writes include journal intent/add/flush; excludes this timing receipt and checkpoint writes",
      "mode": "stage4_sealed_cell",
      "banner": "sealed Stage 4; scientific admission also requires complete declared populations"
    },
    {
      "phase": "immediate:207",
      "identity_check_kind": "in_memory_structure_and_configuration",
      "recipe_verification_seconds": 0.0,
      "identity_verification_seconds": 0.0,
      "identity_check_seconds": 0.00182342593325302,
      "state_hash_seconds": 0.09527763805817813,
      "clone_seconds": 0.009155951032880694,
      "restore_seconds": 0.0023062010295689106,
      "file_write_seconds": 0.012304375995881855,
      "operation_seconds": 0.372852555999998,
      "total_phase_seconds": 0.49382271198555827,
      "scope": "file writes include journal intent/add/flush; excludes this timing receipt and checkpoint writes",
      "mode": "stage4_sealed_cell",
      "banner": "sealed Stage 4; scientific admission also requires complete declared populations"
    },
    {
      "phase": "edit:208",
      "identity_check_kind": "in_memory_structure_and_configuration",
      "recipe_verification_seconds": 0.0,
      "identity_verification_seconds": 0.0,
      "identity_check_seconds": 0.001756315992679447,
      "state_hash_seconds": 0.07868681795662269,
      "clone_seconds": 0.00934658502228558,
      "restore_seconds": 0.0,
      "file_write_seconds": 0.012522412987891585,
      "operation_seconds": 0.2919676849851385,
      "total_phase_seconds": 0.39437159296358004,
      "scope": "file writes include journal intent/add/flush; excludes this timing receipt and checkpoint writes",
      "mode": "stage4_sealed_cell",
      "banner": "sealed Stage 4; scientific admission also requires complete declared populations"
    },
    {
      "phase": "immediate:208",
      "identity_check_kind": "in_memory_structure_and_configuration",
      "recipe_verification_seconds": 0.0,
      "identity_verification_seconds": 0.0,
      "identity_check_seconds": 0.0018335350323468447,
      "state_hash_seconds": 0.09711874899221584,
      "clone_seconds": 0.008356917998753488,
      "restore_seconds": 0.0025232670013792813,
      "file_write_seconds": 0.012313553015701473,
      "operation_seconds": 0.2879017720115371,
      "total_phase_seconds": 0.41014604101656005,
      "scope": "file writes include journal intent/add/flush; excludes this timing receipt and checkpoint writes",
      "mode": "stage4_sealed_cell",
      "banner": "sealed Stage 4; scientific admission also requires complete declared populations"
    },
    {
      "phase": "edit:209",
      "identity_check_kind": "in_memory_structure_and_configuration",
      "recipe_verification_seconds": 0.0,
      "identity_verification_seconds": 0.0,
      "identity_check_seconds": 0.0022927960380911827,
      "state_hash_seconds": 0.07743851590203121,
      "clone_seconds": 0.008943522989284247,
      "restore_seconds": 0.0,
      "file_write_seconds": 0.012369809963274747,
      "operation_seconds": 0.29940089298179373,
      "total_phase_seconds": 0.40053532802267,
      "scope": "file writes include journal intent/add/flush; excludes this timing receipt and checkpoint writes",
      "mode": "stage4_sealed_cell",
      "banner": "sealed Stage 4; scientific admission also requires complete declared populations"
    },
    {
      "phase": "immediate:209",
      "identity_check_kind": "in_memory_structure_and_configuration",
      "recipe_verification_seconds": 0.0,
      "identity_verification_seconds": 0.0,
      "identity_check_seconds": 0.0018268019775860012,
      "state_hash_seconds": 0.09553017298458144,
      "clone_seconds": 0.008716687967535108,
      "restore_seconds": 0.002910609997343272,
      "file_write_seconds": 0.012314986030105501,
      "operation_seconds": 0.2882007739972323,
      "total_phase_seconds": 0.409599051985424,
      "scope": "file writes include journal intent/add/flush; excludes this timing receipt and checkpoint writes",
      "mode": "stage4_sealed_cell",
      "banner": "sealed Stage 4; scientific admission also requires complete declared populations"
    },
    {
      "phase": "edit:210",
      "identity_check_kind": "in_memory_structure_and_configuration",
      "recipe_verification_seconds": 0.0,
      "identity_verification_seconds": 0.0,
      "identity_check_seconds": 0.00202714599436149,
      "state_hash_seconds": 0.07882338896160945,
      "clone_seconds": 0.010200110962614417,
      "restore_seconds": 0.0,
      "file_write_seconds": 0.012191729969345033,
      "operation_seconds": 0.6146961619961075,
      "total_phase_seconds": 0.7180326789966784,
      "scope": "file writes include journal intent/add/flush; excludes this timing receipt and checkpoint writes",
      "mode": "stage4_sealed_cell",
      "banner": "sealed Stage 4; scientific admission also requires complete declared populations"
    },
    {
      "phase": "immediate:210",
      "identity_check_kind": "in_memory_structure_and_configuration",
      "recipe_verification_seconds": 0.0,
      "identity_verification_seconds": 0.0,
      "identity_check_seconds": 0.0018369510071352124,
      "state_hash_seconds": 0.09538304194575176,
      "clone_seconds": 0.009310085035394877,
      "restore_seconds": 0.0023515679640695453,
      "file_write_seconds": 0.012101485976018012,
      "operation_seconds": 0.33008234400767833,
      "total_phase_seconds": 0.45116893301019445,
      "scope": "file writes include journal intent/add/flush; excludes this timing receipt and checkpoint writes",
      "mode": "stage4_sealed_cell",
      "banner": "sealed Stage 4; scientific admission also requires complete declared populations"
    },
    {
      "phase": "edit:211",
      "identity_check_kind": "in_memory_structure_and_configuration",
      "recipe_verification_seconds": 0.0,
      "identity_verification_seconds": 0.0,
      "identity_check_seconds": 0.0018306479905731976,
      "state_hash_seconds": 0.07826532796025276,
      "clone_seconds": 0.009685165015980601,
      "restore_seconds": 0.0,
      "file_write_seconds": 0.012142886000219733,
      "operation_seconds": 0.4496253440156579,
      "total_phase_seconds": 0.5516398460022174,
      "scope": "file writes include journal intent/add/flush; excludes this timing receipt and checkpoint writes",
      "mode": "stage4_sealed_cell",
      "banner": "sealed Stage 4; scientific admission also requires complete declared populations"
    },
    {
      "phase": "immediate:211",
      "identity_check_kind": "in_memory_structure_and_configuration",
      "recipe_verification_seconds": 0.0,
      "identity_verification_seconds": 0.0,
      "identity_check_seconds": 0.0018012419459410012,
      "state_hash_seconds": 0.18676368007436395,
      "clone_seconds": 0.009603638027328998,
      "restore_seconds": 0.0024284449755214155,
      "file_write_seconds": 0.012146122055128217,
      "operation_seconds": 0.3292133470531553,
      "total_phase_seconds": 0.5420571879949421,
      "scope": "file writes include journal intent/add/flush; excludes this timing receipt and checkpoint writes",
      "mode": "stage4_sealed_cell",
      "banner": "sealed Stage 4; scientific admission also requires complete declared populations"
    },
    {
      "phase": "edit:212",
      "identity_check_kind": "in_memory_structure_and_configuration",
      "recipe_verification_seconds": 0.0,
      "identity_verification_seconds": 0.0,
      "identity_check_seconds": 0.0018284940160810947,
      "state_hash_seconds": 0.07838695211103186,
      "clone_seconds": 0.008801591000519693,
      "restore_seconds": 0.0,
      "file_write_seconds": 0.012114360986743122,
      "operation_seconds": 0.4453386770328507,
      "total_phase_seconds": 0.5465622739866376,
      "scope": "file writes include journal intent/add/flush; excludes this timing receipt and checkpoint writes",
      "mode": "stage4_sealed_cell",
      "banner": "sealed Stage 4; scientific admission also requires complete declared populations"
    },
    {
      "phase": "immediate:212",
      "identity_check_kind": "in_memory_structure_and_configuration",
      "recipe_verification_seconds": 0.0,
      "identity_verification_seconds": 0.0,
      "identity_check_seconds": 0.0018762769759632647,
      "state_hash_seconds": 0.09603588102618232,
      "clone_seconds": 0.010075282014440745,
      "restore_seconds": 0.0029182840371504426,
      "file_write_seconds": 0.012143555970396847,
      "operation_seconds": 0.32883090496761724,
      "total_phase_seconds": 0.4519795970409177,
      "scope": "file writes include journal intent/add/flush; excludes this timing receipt and checkpoint writes",
      "mode": "stage4_sealed_cell",
      "banner": "sealed Stage 4; scientific admission also requires complete declared populations"
    },
    {
      "phase": "edit:213",
      "identity_check_kind": "in_memory_structure_and_configuration",
      "recipe_verification_seconds": 0.0,
      "identity_verification_seconds": 0.0,
      "identity_check_seconds": 0.0017995790112763643,
      "state_hash_seconds": 0.0778944690246135,
      "clone_seconds": 0.010271367966197431,
      "restore_seconds": 0.0,
      "file_write_seconds": 0.012223610014189035,
      "operation_seconds": 0.7438681899802759,
      "total_phase_seconds": 0.8461486930027604,
      "scope": "file writes include journal intent/add/flush; excludes this timing receipt and checkpoint writes",
      "mode": "stage4_sealed_cell",
      "banner": "sealed Stage 4; scientific admission also requires complete declared populations"
    },
    {
      "phase": "immediate:213",
      "identity_check_kind": "in_memory_structure_and_configuration",
      "recipe_verification_seconds": 0.0,
      "identity_verification_seconds": 0.0,
      "identity_check_seconds": 0.0018077349523082376,
      "state_hash_seconds": 0.09620868490310386,
      "clone_seconds": 0.009160429006442428,
      "restore_seconds": 0.0026808480033650994,
      "file_write_seconds": 0.012205886014271528,
      "operation_seconds": 0.3733643969753757,
      "total_phase_seconds": 0.4955240939743817,
      "scope": "file writes include journal intent/add/flush; excludes this timing receipt and checkpoint writes",
      "mode": "stage4_sealed_cell",
      "banner": "sealed Stage 4; scientific admission also requires complete declared populations"
    },
    {
      "phase": "edit:214",
      "identity_check_kind": "in_memory_structure_and_configuration",
      "recipe_verification_seconds": 0.0,
      "identity_verification_seconds": 0.0,
      "identity_check_seconds": 0.001741977990604937,
      "state_hash_seconds": 0.07787810813169926,
      "clone_seconds": 0.008646402973681688,
      "restore_seconds": 0.0,
      "file_write_seconds": 0.012212018016725779,
      "operation_seconds": 0.5964461009716615,
      "total_phase_seconds": 0.6970117960008793,
      "scope": "file writes include journal intent/add/flush; excludes this timing receipt and checkpoint writes",
      "mode": "stage4_sealed_cell",
      "banner": "sealed Stage 4; scientific admission also requires complete declared populations"
    },
    {
      "phase": "immediate:214",
      "identity_check_kind": "in_memory_structure_and_configuration",
      "recipe_verification_seconds": 0.0,
      "identity_verification_seconds": 0.0,
      "identity_check_seconds": 0.0017392230220139027,
      "state_hash_seconds": 0.09701645199675113,
      "clone_seconds": 0.008546261000446975,
      "restore_seconds": 0.002445436955895275,
      "file_write_seconds": 0.012402913009282202,
      "operation_seconds": 0.3376190100098029,
      "total_phase_seconds": 0.4598674060543999,
      "scope": "file writes include journal intent/add/flush; excludes this timing receipt and checkpoint writes",
      "mode": "stage4_sealed_cell",
      "banner": "sealed Stage 4; scientific admission also requires complete declared populations"
    },
    {
      "phase": "edit:215",
      "identity_check_kind": "in_memory_structure_and_configuration",
      "recipe_verification_seconds": 0.0,
      "identity_verification_seconds": 0.0,
      "identity_check_seconds": 0.0017466580029577017,
      "state_hash_seconds": 0.07787002105033025,
      "clone_seconds": 0.009021422010846436,
      "restore_seconds": 0.0,
      "file_write_seconds": 0.012409746996127069,
      "operation_seconds": 0.9138208180083893,
      "total_phase_seconds": 1.0149648810038343,
      "scope": "file writes include journal intent/add/flush; excludes this timing receipt and checkpoint writes",
      "mode": "stage4_sealed_cell",
      "banner": "sealed Stage 4; scientific admission also requires complete declared populations"
    },
    {
      "phase": "immediate:215",
      "identity_check_kind": "in_memory_structure_and_configuration",
      "recipe_verification_seconds": 0.0,
      "identity_verification_seconds": 0.0,
      "identity_check_seconds": 0.0018060519942082465,
      "state_hash_seconds": 0.09714388591237366,
      "clone_seconds": 0.009075105015654117,
      "restore_seconds": 0.003472125972621143,
      "file_write_seconds": 0.01238686399301514,
      "operation_seconds": 0.4647600749740377,
      "total_phase_seconds": 0.5887653389945626,
      "scope": "file writes include journal intent/add/flush; excludes this timing receipt and checkpoint writes",
      "mode": "stage4_sealed_cell",
      "banner": "sealed Stage 4; scientific admission also requires complete declared populations"
    },
    {
      "phase": "edit:216",
      "identity_check_kind": "in_memory_structure_and_configuration",
      "recipe_verification_seconds": 0.0,
      "identity_verification_seconds": 0.0,
      "identity_check_seconds": 0.0017484120326116681,
      "state_hash_seconds": 0.07945393805857748,
      "clone_seconds": 0.009970401995815337,
      "restore_seconds": 0.0,
      "file_write_seconds": 0.012425185996107757,
      "operation_seconds": 0.29381108796224,
      "total_phase_seconds": 0.3975148189929314,
      "scope": "file writes include journal intent/add/flush; excludes this timing receipt and checkpoint writes",
      "mode": "stage4_sealed_cell",
      "banner": "sealed Stage 4; scientific admission also requires complete declared populations"
    },
    {
      "phase": "immediate:216",
      "identity_check_kind": "in_memory_structure_and_configuration",
      "recipe_verification_seconds": 0.0,
      "identity_verification_seconds": 0.0,
      "identity_check_seconds": 0.0018066129996441305,
      "state_hash_seconds": 0.0944234419730492,
      "clone_seconds": 0.008524178992956877,
      "restore_seconds": 0.0024011320201680064,
      "file_write_seconds": 0.012293675041291863,
      "operation_seconds": 0.28634719201363623,
      "total_phase_seconds": 0.40590354800224304,
      "scope": "file writes include journal intent/add/flush; excludes this timing receipt and checkpoint writes",
      "mode": "stage4_sealed_cell",
      "banner": "sealed Stage 4; scientific admission also requires complete declared populations"
    },
    {
      "phase": "edit:217",
      "identity_check_kind": "in_memory_structure_and_configuration",
      "recipe_verification_seconds": 0.0,
      "identity_verification_seconds": 0.0,
      "identity_check_seconds": 0.0017356480238959193,
      "state_hash_seconds": 0.07711407303577289,
      "clone_seconds": 0.008674487005919218,
      "restore_seconds": 0.0,
      "file_write_seconds": 0.01234088500496,
      "operation_seconds": 0.29955957701895386,
      "total_phase_seconds": 0.3995068370131776,
      "scope": "file writes include journal intent/add/flush; excludes this timing receipt and checkpoint writes",
      "mode": "stage4_sealed_cell",
      "banner": "sealed Stage 4; scientific admission also requires complete declared populations"
    },
    {
      "phase": "immediate:217",
      "identity_check_kind": "in_memory_structure_and_configuration",
      "recipe_verification_seconds": 0.0,
      "identity_verification_seconds": 0.0,
      "identity_check_seconds": 0.001794429961591959,
      "state_hash_seconds": 0.09737279510591179,
      "clone_seconds": 0.008995501964818686,
      "restore_seconds": 0.0025735030067153275,
      "file_write_seconds": 0.012320787005592138,
      "operation_seconds": 0.28280881902901456,
      "total_phase_seconds": 0.4059648659895174,
      "scope": "file writes include journal intent/add/flush; excludes this timing receipt and checkpoint writes",
      "mode": "stage4_sealed_cell",
      "banner": "sealed Stage 4; scientific admission also requires complete declared populations"
    },
    {
      "phase": "edit:218",
      "identity_check_kind": "in_memory_structure_and_configuration",
      "recipe_verification_seconds": 0.0,
      "identity_verification_seconds": 0.0,
      "identity_check_seconds": 0.0018459880957379937,
      "state_hash_seconds": 0.07691888901172206,
      "clone_seconds": 0.010238194023258984,
      "restore_seconds": 0.0,
      "file_write_seconds": 0.01230234099784866,
      "operation_seconds": 0.29442505503538996,
      "total_phase_seconds": 0.39583423698786646,
      "scope": "file writes include journal intent/add/flush; excludes this timing receipt and checkpoint writes",
      "mode": "stage4_sealed_cell",
      "banner": "sealed Stage 4; scientific admission also requires complete declared populations"
    },
    {
      "phase": "immediate:218",
      "identity_check_kind": "in_memory_structure_and_configuration",
      "recipe_verification_seconds": 0.0,
      "identity_verification_seconds": 0.0,
      "identity_check_seconds": 0.0017510559991933405,
      "state_hash_seconds": 0.09418612800072879,
      "clone_seconds": 0.008843340969178826,
      "restore_seconds": 0.0024342560209333897,
      "file_write_seconds": 0.012276811990886927,
      "operation_seconds": 0.28626145800808445,
      "total_phase_seconds": 0.40585057699354365,
      "scope": "file writes include journal intent/add/flush; excludes this timing receipt and checkpoint writes",
      "mode": "stage4_sealed_cell",
      "banner": "sealed Stage 4; scientific admission also requires complete declared populations"
    },
    {
      "phase": "edit:219",
      "identity_check_kind": "in_memory_structure_and_configuration",
      "recipe_verification_seconds": 0.0,
      "identity_verification_seconds": 0.0,
      "identity_check_seconds": 0.0017750109545886517,
      "state_hash_seconds": 0.07708212197758257,
      "clone_seconds": 0.10164242901373655,
      "restore_seconds": 0.0,
      "file_write_seconds": 0.012209773005452007,
      "operation_seconds": 0.2934362100204453,
      "total_phase_seconds": 0.4862339859828353,
      "scope": "file writes include journal intent/add/flush; excludes this timing receipt and checkpoint writes",
      "mode": "stage4_sealed_cell",
      "banner": "sealed Stage 4; scientific admission also requires complete declared populations"
    },
    {
      "phase": "immediate:219",
      "identity_check_kind": "in_memory_structure_and_configuration",
      "recipe_verification_seconds": 0.0,
      "identity_verification_seconds": 0.0,
      "identity_check_seconds": 0.0018498060526326299,
      "state_hash_seconds": 0.09593144111568108,
      "clone_seconds": 0.008922933018766344,
      "restore_seconds": 0.0024872079957276583,
      "file_write_seconds": 0.012112476979382336,
      "operation_seconds": 0.3293914400273934,
      "total_phase_seconds": 0.45079039700794965,
      "scope": "file writes include journal intent/add/flush; excludes this timing receipt and checkpoint writes",
      "mode": "stage4_sealed_cell",
      "banner": "sealed Stage 4; scientific admission also requires complete declared populations"
    },
    {
      "phase": "edit:220",
      "identity_check_kind": "in_memory_structure_and_configuration",
      "recipe_verification_seconds": 0.0,
      "identity_verification_seconds": 0.0,
      "identity_check_seconds": 0.0018624900258146226,
      "state_hash_seconds": 0.07846650603460148,
      "clone_seconds": 0.010136940982192755,
      "restore_seconds": 0.0,
      "file_write_seconds": 0.012121865001972765,
      "operation_seconds": 0.7383364780107513,
      "total_phase_seconds": 0.8410265439888462,
      "scope": "file writes include journal intent/add/flush; excludes this timing receipt and checkpoint writes",
      "mode": "stage4_sealed_cell",
      "banner": "sealed Stage 4; scientific admission also requires complete declared populations"
    },
    {
      "phase": "immediate:220",
      "identity_check_kind": "in_memory_structure_and_configuration",
      "recipe_verification_seconds": 0.0,
      "identity_verification_seconds": 0.0,
      "identity_check_seconds": 0.0018456070101819932,
      "state_hash_seconds": 0.09783733601216227,
      "clone_seconds": 0.010378272971138358,
      "restore_seconds": 0.002723601006437093,
      "file_write_seconds": 0.01220141799421981,
      "operation_seconds": 0.4272709650103934,
      "total_phase_seconds": 0.5523658180027269,
      "scope": "file writes include journal intent/add/flush; excludes this timing receipt and checkpoint writes",
      "mode": "stage4_sealed_cell",
      "banner": "sealed Stage 4; scientific admission also requires complete declared populations"
    },
    {
      "phase": "edit:221",
      "identity_check_kind": "in_memory_structure_and_configuration",
      "recipe_verification_seconds": 0.0,
      "identity_verification_seconds": 0.0,
      "identity_check_seconds": 0.001814838033169508,
      "state_hash_seconds": 0.0770221269922331,
      "clone_seconds": 0.009036371018737555,
      "restore_seconds": 0.0,
      "file_write_seconds": 0.012256362999323756,
      "operation_seconds": 0.44985142804216594,
      "total_phase_seconds": 0.5500722319702618,
      "scope": "file writes include journal intent/add/flush; excludes this timing receipt and checkpoint writes",
      "mode": "stage4_sealed_cell",
      "banner": "sealed Stage 4; scientific admission also requires complete declared populations"
    },
    {
      "phase": "immediate:221",
      "identity_check_kind": "in_memory_structure_and_configuration",
      "recipe_verification_seconds": 0.0,
      "identity_verification_seconds": 0.0,
      "identity_check_seconds": 0.001786485023330897,
      "state_hash_seconds": 0.09515379194635898,
      "clone_seconds": 0.008523837954271585,
      "restore_seconds": 0.002336278965231031,
      "file_write_seconds": 0.012164437037426978,
      "operation_seconds": 0.3348188329837285,
      "total_phase_seconds": 0.45488135900814086,
      "scope": "file writes include journal intent/add/flush; excludes this timing receipt and checkpoint writes",
      "mode": "stage4_sealed_cell",
      "banner": "sealed Stage 4; scientific admission also requires complete declared populations"
    },
    {
      "phase": "edit:222",
      "identity_check_kind": "in_memory_structure_and_configuration",
      "recipe_verification_seconds": 0.0,
      "identity_verification_seconds": 0.0,
      "identity_check_seconds": 0.0017487320001237094,
      "state_hash_seconds": 0.07721100008348003,
      "clone_seconds": 0.009465643961448222,
      "restore_seconds": 0.0,
      "file_write_seconds": 0.01219165901420638,
      "operation_seconds": 0.3010594219667837,
      "total_phase_seconds": 0.40176471503218636,
      "scope": "file writes include journal intent/add/flush; excludes this timing receipt and checkpoint writes",
      "mode": "stage4_sealed_cell",
      "banner": "sealed Stage 4; scientific admission also requires complete declared populations"
    },
    {
      "phase": "immediate:222",
      "identity_check_kind": "in_memory_structure_and_configuration",
      "recipe_verification_seconds": 0.0,
      "identity_verification_seconds": 0.0,
      "identity_check_seconds": 0.0017564859590493143,
      "state_hash_seconds": 0.09610486403107643,
      "clone_seconds": 0.008600755012594163,
      "restore_seconds": 0.003321527037769556,
      "file_write_seconds": 0.012107287009712309,
      "operation_seconds": 0.28850698203314096,
      "total_phase_seconds": 0.4104966719751246,
      "scope": "file writes include journal intent/add/flush; excludes this timing receipt and checkpoint writes",
      "mode": "stage4_sealed_cell",
      "banner": "sealed Stage 4; scientific admission also requires complete declared populations"
    },
    {
      "phase": "edit:223",
      "identity_check_kind": "in_memory_structure_and_configuration",
      "recipe_verification_seconds": 0.0,
      "identity_verification_seconds": 0.0,
      "identity_check_seconds": 0.001756946963723749,
      "state_hash_seconds": 0.07623973704176024,
      "clone_seconds": 0.009847005014307797,
      "restore_seconds": 0.0,
      "file_write_seconds": 0.012408925977069885,
      "operation_seconds": 1.2189129789476283,
      "total_phase_seconds": 1.3192740610102192,
      "scope": "file writes include journal intent/add/flush; excludes this timing receipt and checkpoint writes",
      "mode": "stage4_sealed_cell",
      "banner": "sealed Stage 4; scientific admission also requires complete declared populations"
    },
    {
      "phase": "immediate:223",
      "identity_check_kind": "in_memory_structure_and_configuration",
      "recipe_verification_seconds": 0.0,
      "identity_verification_seconds": 0.0,
      "identity_check_seconds": 0.0017992390203289688,
      "state_hash_seconds": 0.09679373499238864,
      "clone_seconds": 0.010735136980656534,
      "restore_seconds": 0.0023561869747936726,
      "file_write_seconds": 0.012374710000585765,
      "operation_seconds": 0.5270772040239535,
      "total_phase_seconds": 0.6512361529748887,
      "scope": "file writes include journal intent/add/flush; excludes this timing receipt and checkpoint writes",
      "mode": "stage4_sealed_cell",
      "banner": "sealed Stage 4; scientific admission also requires complete declared populations"
    },
    {
      "phase": "edit:224",
      "identity_check_kind": "in_memory_structure_and_configuration",
      "recipe_verification_seconds": 0.0,
      "identity_verification_seconds": 0.0,
      "identity_check_seconds": 0.0018507569911889732,
      "state_hash_seconds": 0.07740364799974486,
      "clone_seconds": 0.010265126009471714,
      "restore_seconds": 0.0,
      "file_write_seconds": 0.012273886997718364,
      "operation_seconds": 0.4396937570418231,
      "total_phase_seconds": 0.5415880489745177,
      "scope": "file writes include journal intent/add/flush; excludes this timing receipt and checkpoint writes",
      "mode": "stage4_sealed_cell",
      "banner": "sealed Stage 4; scientific admission also requires complete declared populations"
    },
    {
      "phase": "immediate:224",
      "identity_check_kind": "in_memory_structure_and_configuration",
      "recipe_verification_seconds": 0.0,
      "identity_verification_seconds": 0.0,
      "identity_check_seconds": 0.0017896410427056253,
      "state_hash_seconds": 0.09555515897227451,
      "clone_seconds": 0.009631251043174416,
      "restore_seconds": 0.002497818029951304,
      "file_write_seconds": 0.01222147699445486,
      "operation_seconds": 0.32993205497041345,
      "total_phase_seconds": 0.45172936702147126,
      "scope": "file writes include journal intent/add/flush; excludes this timing receipt and checkpoint writes",
      "mode": "stage4_sealed_cell",
      "banner": "sealed Stage 4; scientific admission also requires complete declared populations"
    },
    {
      "phase": "edit:225",
      "identity_check_kind": "in_memory_structure_and_configuration",
      "recipe_verification_seconds": 0.0,
      "identity_verification_seconds": 0.0,
      "identity_check_seconds": 0.0020057240035384893,
      "state_hash_seconds": 0.07799811905715615,
      "clone_seconds": 0.009136293025221676,
      "restore_seconds": 0.0,
      "file_write_seconds": 0.01230800204211846,
      "operation_seconds": 0.4567084609880112,
      "total_phase_seconds": 0.5582412999938242,
      "scope": "file writes include journal intent/add/flush; excludes this timing receipt and checkpoint writes",
      "mode": "stage4_sealed_cell",
      "banner": "sealed Stage 4; scientific admission also requires complete declared populations"
    },
    {
      "phase": "immediate:225",
      "identity_check_kind": "in_memory_structure_and_configuration",
      "recipe_verification_seconds": 0.0,
      "identity_verification_seconds": 0.0,
      "identity_check_seconds": 0.00182074005715549,
      "state_hash_seconds": 0.09493186604231596,
      "clone_seconds": 0.008518928952980787,
      "restore_seconds": 0.0024690930149517953,
      "file_write_seconds": 0.012245913036167622,
      "operation_seconds": 0.38178387499647215,
      "total_phase_seconds": 0.5018702679662965,
      "scope": "file writes include journal intent/add/flush; excludes this timing receipt and checkpoint writes",
      "mode": "stage4_sealed_cell",
      "banner": "sealed Stage 4; scientific admission also requires complete declared populations"
    },
    {
      "phase": "edit:226",
      "identity_check_kind": "in_memory_structure_and_configuration",
      "recipe_verification_seconds": 0.0,
      "identity_verification_seconds": 0.0,
      "identity_check_seconds": 0.0017586899921298027,
      "state_hash_seconds": 0.0773127629654482,
      "clone_seconds": 0.00906085700262338,
      "restore_seconds": 0.0,
      "file_write_seconds": 0.012404045963194221,
      "operation_seconds": 1.267133227956947,
      "total_phase_seconds": 1.367756032035686,
      "scope": "file writes include journal intent/add/flush; excludes this timing receipt and checkpoint writes",
      "mode": "stage4_sealed_cell",
      "banner": "sealed Stage 4; scientific admission also requires complete declared populations"
    },
    {
      "phase": "immediate:226",
      "identity_check_kind": "in_memory_structure_and_configuration",
      "recipe_verification_seconds": 0.0,
      "identity_verification_seconds": 0.0,
      "identity_check_seconds": 0.001854446018114686,
      "state_hash_seconds": 0.09527174703544006,
      "clone_seconds": 0.008465616963803768,
      "restore_seconds": 0.002442541008349508,
      "file_write_seconds": 0.012250521976966411,
      "operation_seconds": 0.5087732989923097,
      "total_phase_seconds": 0.6291569210006855,
      "scope": "file writes include journal intent/add/flush; excludes this timing receipt and checkpoint writes",
      "mode": "stage4_sealed_cell",
      "banner": "sealed Stage 4; scientific admission also requires complete declared populations"
    },
    {
      "phase": "edit:227",
      "identity_check_kind": "in_memory_structure_and_configuration",
      "recipe_verification_seconds": 0.0,
      "identity_verification_seconds": 0.0,
      "identity_check_seconds": 0.0017908320296555758,
      "state_hash_seconds": 0.08001570485066622,
      "clone_seconds": 0.009473207988776267,
      "restore_seconds": 0.0,
      "file_write_seconds": 0.012340535002294928,
      "operation_seconds": 0.2819613750325516,
      "total_phase_seconds": 0.3856849829899147,
      "scope": "file writes include journal intent/add/flush; excludes this timing receipt and checkpoint writes",
      "mode": "stage4_sealed_cell",
      "banner": "sealed Stage 4; scientific admission also requires complete declared populations"
    },
    {
      "phase": "immediate:227",
      "identity_check_kind": "in_memory_structure_and_configuration",
      "recipe_verification_seconds": 0.0,
      "identity_verification_seconds": 0.0,
      "identity_check_seconds": 0.0017491320031695068,
      "state_hash_seconds": 0.0934745630947873,
      "clone_seconds": 0.008978119993116707,
      "restore_seconds": 0.002402885991614312,
      "file_write_seconds": 0.012137976998928934,
      "operation_seconds": 0.29207831696840003,
      "total_phase_seconds": 0.4109160660300404,
      "scope": "file writes include journal intent/add/flush; excludes this timing receipt and checkpoint writes",
      "mode": "stage4_sealed_cell",
      "banner": "sealed Stage 4; scientific admission also requires complete declared populations"
    },
    {
      "phase": "edit:228",
      "identity_check_kind": "in_memory_structure_and_configuration",
      "recipe_verification_seconds": 0.0,
      "identity_verification_seconds": 0.0,
      "identity_check_seconds": 0.0018359500099904835,
      "state_hash_seconds": 0.07699219998903573,
      "clone_seconds": 0.009468690026551485,
      "restore_seconds": 0.0,
      "file_write_seconds": 0.012195415969472378,
      "operation_seconds": 0.7538859620108269,
      "total_phase_seconds": 0.8544688510010019,
      "scope": "file writes include journal intent/add/flush; excludes this timing receipt and checkpoint writes",
      "mode": "stage4_sealed_cell",
      "banner": "sealed Stage 4; scientific admission also requires complete declared populations"
    },
    {
      "phase": "immediate:228",
      "identity_check_kind": "in_memory_structure_and_configuration",
      "recipe_verification_seconds": 0.0,
      "identity_verification_seconds": 0.0,
      "identity_check_seconds": 0.0017948009772226214,
      "state_hash_seconds": 0.09290532197337598,
      "clone_seconds": 0.010101161955390126,
      "restore_seconds": 0.002450466970913112,
      "file_write_seconds": 0.012125802983064204,
      "operation_seconds": 0.38532745803240687,
      "total_phase_seconds": 0.5048050429904833,
      "scope": "file writes include journal intent/add/flush; excludes this timing receipt and checkpoint writes",
      "mode": "stage4_sealed_cell",
      "banner": "sealed Stage 4; scientific admission also requires complete declared populations"
    },
    {
      "phase": "edit:229",
      "identity_check_kind": "in_memory_structure_and_configuration",
      "recipe_verification_seconds": 0.0,
      "identity_verification_seconds": 0.0,
      "identity_check_seconds": 0.001727099996060133,
      "state_hash_seconds": 0.0792466799612157,
      "clone_seconds": 0.008969513000920415,
      "restore_seconds": 0.0,
      "file_write_seconds": 0.012208933010697365,
      "operation_seconds": 0.2994403790216893,
      "total_phase_seconds": 0.401691003004089,
      "scope": "file writes include journal intent/add/flush; excludes this timing receipt and checkpoint writes",
      "mode": "stage4_sealed_cell",
      "banner": "sealed Stage 4; scientific admission also requires complete declared populations"
    },
    {
      "phase": "immediate:229",
      "identity_check_kind": "in_memory_structure_and_configuration",
      "recipe_verification_seconds": 0.0,
      "identity_verification_seconds": 0.0,
      "identity_check_seconds": 0.001771075010765344,
      "state_hash_seconds": 0.09671678597806022,
      "clone_seconds": 0.009285058011300862,
      "restore_seconds": 0.002611546020489186,
      "file_write_seconds": 0.012155920965597034,
      "operation_seconds": 0.2913553119869903,
      "total_phase_seconds": 0.4139953179983422,
      "scope": "file writes include journal intent/add/flush; excludes this timing receipt and checkpoint writes",
      "mode": "stage4_sealed_cell",
      "banner": "sealed Stage 4; scientific admission also requires complete declared populations"
    },
    {
      "phase": "edit:230",
      "identity_check_kind": "in_memory_structure_and_configuration",
      "recipe_verification_seconds": 0.0,
      "identity_verification_seconds": 0.0,
      "identity_check_seconds": 0.0018534319242462516,
      "state_hash_seconds": 0.08022952504688874,
      "clone_seconds": 0.009838409023359418,
      "restore_seconds": 0.0,
      "file_write_seconds": 0.01215595001121983,
      "operation_seconds": 0.4404689749935642,
      "total_phase_seconds": 0.5446404510294087,
      "scope": "file writes include journal intent/add/flush; excludes this timing receipt and checkpoint writes",
      "mode": "stage4_sealed_cell",
      "banner": "sealed Stage 4; scientific admission also requires complete declared populations"
    },
    {
      "phase": "immediate:230",
      "identity_check_kind": "in_memory_structure_and_configuration",
      "recipe_verification_seconds": 0.0,
      "identity_verification_seconds": 0.0,
      "identity_check_seconds": 0.0017843189416453242,
      "state_hash_seconds": 0.09716186003061011,
      "clone_seconds": 0.009109061036724597,
      "restore_seconds": 0.0024174239952117205,
      "file_write_seconds": 0.012172561953775585,
      "operation_seconds": 0.33513857499929145,
      "total_phase_seconds": 0.45788554701721296,
      "scope": "file writes include journal intent/add/flush; excludes this timing receipt and checkpoint writes",
      "mode": "stage4_sealed_cell",
      "banner": "sealed Stage 4; scientific admission also requires complete declared populations"
    },
    {
      "phase": "edit:231",
      "identity_check_kind": "in_memory_structure_and_configuration",
      "recipe_verification_seconds": 0.0,
      "identity_verification_seconds": 0.0,
      "identity_check_seconds": 0.0017503550043329597,
      "state_hash_seconds": 0.07583790802164003,
      "clone_seconds": 0.009251133014913648,
      "restore_seconds": 0.0,
      "file_write_seconds": 0.01222206698730588,
      "operation_seconds": 0.7466469869832508,
      "total_phase_seconds": 0.8457927710260265,
      "scope": "file writes include journal intent/add/flush; excludes this timing receipt and checkpoint writes",
      "mode": "stage4_sealed_cell",
      "banner": "sealed Stage 4; scientific admission also requires complete declared populations"
    },
    {
      "phase": "immediate:231",
      "identity_check_kind": "in_memory_structure_and_configuration",
      "recipe_verification_seconds": 0.0,
      "identity_verification_seconds": 0.0,
      "identity_check_seconds": 0.0017366990214213729,
      "state_hash_seconds": 0.0930302010383457,
      "clone_seconds": 0.008647877024486661,
      "restore_seconds": 0.002335386991035193,
      "file_write_seconds": 0.012329212971962988,
      "operation_seconds": 0.5101733740302734,
      "total_phase_seconds": 0.6283582509495318,
      "scope": "file writes include journal intent/add/flush; excludes this timing receipt and checkpoint writes",
      "mode": "stage4_sealed_cell",
      "banner": "sealed Stage 4; scientific admission also requires complete declared populations"
    },
    {
      "phase": "edit:232",
      "identity_check_kind": "in_memory_structure_and_configuration",
      "recipe_verification_seconds": 0.0,
      "identity_verification_seconds": 0.0,
      "identity_check_seconds": 0.0017988180043175817,
      "state_hash_seconds": 0.07754192303400487,
      "clone_seconds": 0.011043448990676552,
      "restore_seconds": 0.0,
      "file_write_seconds": 0.012346866016741842,
      "operation_seconds": 0.7366016819723882,
      "total_phase_seconds": 0.8394216179731302,
      "scope": "file writes include journal intent/add/flush; excludes this timing receipt and checkpoint writes",
      "mode": "stage4_sealed_cell",
      "banner": "sealed Stage 4; scientific admission also requires complete declared populations"
    },
    {
      "phase": "immediate:232",
      "identity_check_kind": "in_memory_structure_and_configuration",
      "recipe_verification_seconds": 0.0,
      "identity_verification_seconds": 0.0,
      "identity_check_seconds": 0.0017629089998081326,
      "state_hash_seconds": 0.09734405804192647,
      "clone_seconds": 0.008796552021522075,
      "restore_seconds": 0.002534858009312302,
      "file_write_seconds": 0.012268906983081251,
      "operation_seconds": 0.5156924219918437,
      "total_phase_seconds": 0.6385136569733731,
      "scope": "file writes include journal intent/add/flush; excludes this timing receipt and checkpoint writes",
      "mode": "stage4_sealed_cell",
      "banner": "sealed Stage 4; scientific admission also requires complete declared populations"
    },
    {
      "phase": "edit:233",
      "identity_check_kind": "in_memory_structure_and_configuration",
      "recipe_verification_seconds": 0.0,
      "identity_verification_seconds": 0.0,
      "identity_check_seconds": 0.002109914959874004,
      "state_hash_seconds": 0.07634920807322487,
      "clone_seconds": 0.008362499997019768,
      "restore_seconds": 0.0,
      "file_write_seconds": 0.012342998990789056,
      "operation_seconds": 0.4427733399788849,
      "total_phase_seconds": 0.5420566970133223,
      "scope": "file writes include journal intent/add/flush; excludes this timing receipt and checkpoint writes",
      "mode": "stage4_sealed_cell",
      "banner": "sealed Stage 4; scientific admission also requires complete declared populations"
    },
    {
      "phase": "immediate:233",
      "identity_check_kind": "in_memory_structure_and_configuration",
      "recipe_verification_seconds": 0.0,
      "identity_verification_seconds": 0.0,
      "identity_check_seconds": 0.0018303489778190851,
      "state_hash_seconds": 0.09649175498634577,
      "clone_seconds": 0.009005793021060526,
      "restore_seconds": 0.0025555180036462843,
      "file_write_seconds": 0.012286751007195562,
      "operation_seconds": 0.379037581034936,
      "total_phase_seconds": 0.5013097340124659,
      "scope": "file writes include journal intent/add/flush; excludes this timing receipt and checkpoint writes",
      "mode": "stage4_sealed_cell",
      "banner": "sealed Stage 4; scientific admission also requires complete declared populations"
    },
    {
      "phase": "edit:234",
      "identity_check_kind": "in_memory_structure_and_configuration",
      "recipe_verification_seconds": 0.0,
      "identity_verification_seconds": 0.0,
      "identity_check_seconds": 0.0018470900249667466,
      "state_hash_seconds": 0.07784766802797094,
      "clone_seconds": 0.009771961020305753,
      "restore_seconds": 0.0,
      "file_write_seconds": 0.01219961402239278,
      "operation_seconds": 0.2836233709822409,
      "total_phase_seconds": 0.3853847379796207,
      "scope": "file writes include journal intent/add/flush; excludes this timing receipt and checkpoint writes",
      "mode": "stage4_sealed_cell",
      "banner": "sealed Stage 4; scientific admission also requires complete declared populations"
    },
    {
      "phase": "immediate:234",
      "identity_check_kind": "in_memory_structure_and_configuration",
      "recipe_verification_seconds": 0.0,
      "identity_verification_seconds": 0.0,
      "identity_check_seconds": 0.0017513579805381596,
      "state_hash_seconds": 0.09523425495717674,
      "clone_seconds": 0.008651061973068863,
      "restore_seconds": 0.0025232069892808795,
      "file_write_seconds": 0.012223439989611506,
      "operation_seconds": 0.2853951579891145,
      "total_phase_seconds": 0.4058791410061531,
      "scope": "file writes include journal intent/add/flush; excludes this timing receipt and checkpoint writes",
      "mode": "stage4_sealed_cell",
      "banner": "sealed Stage 4; scientific admission also requires complete declared populations"
    },
    {
      "phase": "edit:235",
      "identity_check_kind": "in_memory_structure_and_configuration",
      "recipe_verification_seconds": 0.0,
      "identity_verification_seconds": 0.0,
      "identity_check_seconds": 0.0017836899496614933,
      "state_hash_seconds": 0.07693993899738416,
      "clone_seconds": 0.009146701951976866,
      "restore_seconds": 0.0,
      "file_write_seconds": 0.0016854910063557327,
      "operation_seconds": 1.2003676709719002,
      "total_phase_seconds": 1.2900254490086809,
      "scope": "file writes include journal intent/add/flush; excludes this timing receipt and checkpoint writes",
      "mode": "stage4_sealed_cell",
      "banner": "sealed Stage 4; scientific admission also requires complete declared populations"
    },
    {
      "phase": "immediate:235",
      "identity_check_kind": "in_memory_structure_and_configuration",
      "recipe_verification_seconds": 0.0,
      "identity_verification_seconds": 0.0,
      "identity_check_seconds": 0.0019148809951730072,
      "state_hash_seconds": 0.1002794568776153,
      "clone_seconds": 0.008418295998126268,
      "restore_seconds": 0.003121953981462866,
      "file_write_seconds": 0.012151070986874402,
      "operation_seconds": 0.5213893819600344,
      "total_phase_seconds": 0.6473892090143636,
      "scope": "file writes include journal intent/add/flush; excludes this timing receipt and checkpoint writes",
      "mode": "stage4_sealed_cell",
      "banner": "sealed Stage 4; scientific admission also requires complete declared populations"
    },
    {
      "phase": "edit:236",
      "identity_check_kind": "in_memory_structure_and_configuration",
      "recipe_verification_seconds": 0.0,
      "identity_verification_seconds": 0.0,
      "identity_check_seconds": 0.0017428810242563486,
      "state_hash_seconds": 0.07674987392965704,
      "clone_seconds": 0.010230730986222625,
      "restore_seconds": 0.0,
      "file_write_seconds": 0.01222402200801298,
      "operation_seconds": 0.29624692804645747,
      "total_phase_seconds": 0.3972914099576883,
      "scope": "file writes include journal intent/add/flush; excludes this timing receipt and checkpoint writes",
      "mode": "stage4_sealed_cell",
      "banner": "sealed Stage 4; scientific admission also requires complete declared populations"
    },
    {
      "phase": "immediate:236",
      "identity_check_kind": "in_memory_structure_and_configuration",
      "recipe_verification_seconds": 0.0,
      "identity_verification_seconds": 0.0,
      "identity_check_seconds": 0.0017665260238572955,
      "state_hash_seconds": 0.09411586401984096,
      "clone_seconds": 0.008744271006435156,
      "restore_seconds": 0.002491254999767989,
      "file_write_seconds": 0.01212168502388522,
      "operation_seconds": 0.28868398105259985,
      "total_phase_seconds": 0.4080206659855321,
      "scope": "file writes include journal intent/add/flush; excludes this timing receipt and checkpoint writes",
      "mode": "stage4_sealed_cell",
      "banner": "sealed Stage 4; scientific admission also requires complete declared populations"
    },
    {
      "phase": "edit:237",
      "identity_check_kind": "in_memory_structure_and_configuration",
      "recipe_verification_seconds": 0.0,
      "identity_verification_seconds": 0.0,
      "identity_check_seconds": 0.0018108399817720056,
      "state_hash_seconds": 0.07658207404892892,
      "clone_seconds": 0.00981586502166465,
      "restore_seconds": 0.0,
      "file_write_seconds": 0.012143958010710776,
      "operation_seconds": 0.44776552997063845,
      "total_phase_seconds": 0.5482052929583006,
      "scope": "file writes include journal intent/add/flush; excludes this timing receipt and checkpoint writes",
      "mode": "stage4_sealed_cell",
      "banner": "sealed Stage 4; scientific admission also requires complete declared populations"
    },
    {
      "phase": "immediate:237",
      "identity_check_kind": "in_memory_structure_and_configuration",
      "recipe_verification_seconds": 0.0,
      "identity_verification_seconds": 0.0,
      "identity_check_seconds": 0.001744925044476986,
      "state_hash_seconds": 0.09617554896976799,
      "clone_seconds": 0.009643003984820098,
      "restore_seconds": 0.002501484996173531,
      "file_write_seconds": 0.012180728022940457,
      "operation_seconds": 0.33765263395616785,
      "total_phase_seconds": 0.4599948610411957,
      "scope": "file writes include journal intent/add/flush; excludes this timing receipt and checkpoint writes",
      "mode": "stage4_sealed_cell",
      "banner": "sealed Stage 4; scientific admission also requires complete declared populations"
    },
    {
      "phase": "edit:238",
      "identity_check_kind": "in_memory_structure_and_configuration",
      "recipe_verification_seconds": 0.0,
      "identity_verification_seconds": 0.0,
      "identity_check_seconds": 0.00176670600194484,
      "state_hash_seconds": 0.07790760498028249,
      "clone_seconds": 0.00919753999914974,
      "restore_seconds": 0.0,
      "file_write_seconds": 0.012165779015049338,
      "operation_seconds": 0.29080456600058824,
      "total_phase_seconds": 0.3919255849905312,
      "scope": "file writes include journal intent/add/flush; excludes this timing receipt and checkpoint writes",
      "mode": "stage4_sealed_cell",
      "banner": "sealed Stage 4; scientific admission also requires complete declared populations"
    },
    {
      "phase": "immediate:238",
      "identity_check_kind": "in_memory_structure_and_configuration",
      "recipe_verification_seconds": 0.0,
      "identity_verification_seconds": 0.0,
      "identity_check_seconds": 0.001738091988954693,
      "state_hash_seconds": 0.1851718189427629,
      "clone_seconds": 0.009096885973121971,
      "restore_seconds": 0.0024837609962560236,
      "file_write_seconds": 0.012302952003665268,
      "operation_seconds": 0.29587722901487723,
      "total_phase_seconds": 0.506789706996642,
      "scope": "file writes include journal intent/add/flush; excludes this timing receipt and checkpoint writes",
      "mode": "stage4_sealed_cell",
      "banner": "sealed Stage 4; scientific admission also requires complete declared populations"
    },
    {
      "phase": "edit:239",
      "identity_check_kind": "in_memory_structure_and_configuration",
      "recipe_verification_seconds": 0.0,
      "identity_verification_seconds": 0.0,
      "identity_check_seconds": 0.0018244869424961507,
      "state_hash_seconds": 0.07747384294634685,
      "clone_seconds": 0.010100631043314934,
      "restore_seconds": 0.0,
      "file_write_seconds": 0.012337659019976854,
      "operation_seconds": 0.45007227099267766,
      "total_phase_seconds": 0.5519003360532224,
      "scope": "file writes include journal intent/add/flush; excludes this timing receipt and checkpoint writes",
      "mode": "stage4_sealed_cell",
      "banner": "sealed Stage 4; scientific admission also requires complete declared populations"
    },
    {
      "phase": "immediate:239",
      "identity_check_kind": "in_memory_structure_and_configuration",
      "recipe_verification_seconds": 0.0,
      "identity_verification_seconds": 0.0,
      "identity_check_seconds": 0.0017812949372455478,
      "state_hash_seconds": 0.09435879805823788,
      "clone_seconds": 0.009305145998951048,
      "restore_seconds": 0.0026516219950281084,
      "file_write_seconds": 0.01227168197510764,
      "operation_seconds": 0.33137195504968986,
      "total_phase_seconds": 0.4518446690053679,
      "scope": "file writes include journal intent/add/flush; excludes this timing receipt and checkpoint writes",
      "mode": "stage4_sealed_cell",
      "banner": "sealed Stage 4; scientific admission also requires complete declared populations"
    },
    {
      "phase": "edit:240",
      "identity_check_kind": "in_memory_structure_and_configuration",
      "recipe_verification_seconds": 0.0,
      "identity_verification_seconds": 0.0,
      "identity_check_seconds": 0.0017476099892519414,
      "state_hash_seconds": 0.08153517794562504,
      "clone_seconds": 0.008163157035596669,
      "restore_seconds": 0.0,
      "file_write_seconds": 0.01221923198318109,
      "operation_seconds": 0.5874659779947251,
      "total_phase_seconds": 0.6912251239991747,
      "scope": "file writes include journal intent/add/flush; excludes this timing receipt and checkpoint writes",
      "mode": "stage4_sealed_cell",
      "banner": "sealed Stage 4; scientific admission also requires complete declared populations"
    },
    {
      "phase": "immediate:240",
      "identity_check_kind": "in_memory_structure_and_configuration",
      "recipe_verification_seconds": 0.0,
      "identity_verification_seconds": 0.0,
      "identity_check_seconds": 0.001747870002873242,
      "state_hash_seconds": 0.09723639400908723,
      "clone_seconds": 0.009495812002569437,
      "restore_seconds": 0.0025903849746100605,
      "file_write_seconds": 0.012331727950368077,
      "operation_seconds": 0.37916983501054347,
      "total_phase_seconds": 0.5026732870028354,
      "scope": "file writes include journal intent/add/flush; excludes this timing receipt and checkpoint writes",
      "mode": "stage4_sealed_cell",
      "banner": "sealed Stage 4; scientific admission also requires complete declared populations"
    },
    {
      "phase": "edit:241",
      "identity_check_kind": "in_memory_structure_and_configuration",
      "recipe_verification_seconds": 0.0,
      "identity_verification_seconds": 0.0,
      "identity_check_seconds": 0.001747988979332149,
      "state_hash_seconds": 0.07788202504161745,
      "clone_seconds": 0.011060087010264397,
      "restore_seconds": 0.0,
      "file_write_seconds": 0.012232512992341071,
      "operation_seconds": 0.43718475999776274,
      "total_phase_seconds": 0.5401982699986547,
      "scope": "file writes include journal intent/add/flush; excludes this timing receipt and checkpoint writes",
      "mode": "stage4_sealed_cell",
      "banner": "sealed Stage 4; scientific admission also requires complete declared populations"
    },
    {
      "phase": "immediate:241",
      "identity_check_kind": "in_memory_structure_and_configuration",
      "recipe_verification_seconds": 0.0,
      "identity_verification_seconds": 0.0,
      "identity_check_seconds": 0.001769221038557589,
      "state_hash_seconds": 0.09288796805776656,
      "clone_seconds": 0.008712948008906096,
      "restore_seconds": 0.0024044280289672315,
      "file_write_seconds": 0.012383752968162298,
      "operation_seconds": 0.3347187649924308,
      "total_phase_seconds": 0.4529740000143647,
      "scope": "file writes include journal intent/add/flush; excludes this timing receipt and checkpoint writes",
      "mode": "stage4_sealed_cell",
      "banner": "sealed Stage 4; scientific admission also requires complete declared populations"
    },
    {
      "phase": "edit:242",
      "identity_check_kind": "in_memory_structure_and_configuration",
      "recipe_verification_seconds": 0.0,
      "identity_verification_seconds": 0.0,
      "identity_check_seconds": 0.0018379620159976184,
      "state_hash_seconds": 0.07793483097339049,
      "clone_seconds": 0.009604165970813483,
      "restore_seconds": 0.0,
      "file_write_seconds": 0.012231552042067051,
      "operation_seconds": 0.45250334800221026,
      "total_phase_seconds": 0.5541982040158473,
      "scope": "file writes include journal intent/add/flush; excludes this timing receipt and checkpoint writes",
      "mode": "stage4_sealed_cell",
      "banner": "sealed Stage 4; scientific admission also requires complete declared populations"
    },
    {
      "phase": "immediate:242",
      "identity_check_kind": "in_memory_structure_and_configuration",
      "recipe_verification_seconds": 0.0,
      "identity_verification_seconds": 0.0,
      "identity_check_seconds": 0.0017945790314115584,
      "state_hash_seconds": 0.09483122202800587,
      "clone_seconds": 0.009867851971648633,
      "restore_seconds": 0.0035308459773659706,
      "file_write_seconds": 0.012269233993720263,
      "operation_seconds": 0.3337215639767237,
      "total_phase_seconds": 0.45611756504513323,
      "scope": "file writes include journal intent/add/flush; excludes this timing receipt and checkpoint writes",
      "mode": "stage4_sealed_cell",
      "banner": "sealed Stage 4; scientific admission also requires complete declared populations"
    },
    {
      "phase": "edit:243",
      "identity_check_kind": "in_memory_structure_and_configuration",
      "recipe_verification_seconds": 0.0,
      "identity_verification_seconds": 0.0,
      "identity_check_seconds": 0.0017919630627147853,
      "state_hash_seconds": 0.07601243513636291,
      "clone_seconds": 0.010093945020344108,
      "restore_seconds": 0.0,
      "file_write_seconds": 0.012218646996188909,
      "operation_seconds": 0.5880778550053947,
      "total_phase_seconds": 0.6882800410385244,
      "scope": "file writes include journal intent/add/flush; excludes this timing receipt and checkpoint writes",
      "mode": "stage4_sealed_cell",
      "banner": "sealed Stage 4; scientific admission also requires complete declared populations"
    },
    {
      "phase": "immediate:243",
      "identity_check_kind": "in_memory_structure_and_configuration",
      "recipe_verification_seconds": 0.0,
      "identity_verification_seconds": 0.0,
      "identity_check_seconds": 0.001742939988616854,
      "state_hash_seconds": 0.09615805599605665,
      "clone_seconds": 0.008880359004251659,
      "restore_seconds": 0.002672942995559424,
      "file_write_seconds": 0.012204819999169558,
      "operation_seconds": 0.4757724230294116,
      "total_phase_seconds": 0.5975334860268049,
      "scope": "file writes include journal intent/add/flush; excludes this timing receipt and checkpoint writes",
      "mode": "stage4_sealed_cell",
      "banner": "sealed Stage 4; scientific admission also requires complete declared populations"
    },
    {
      "phase": "edit:244",
      "identity_check_kind": "in_memory_structure_and_configuration",
      "recipe_verification_seconds": 0.0,
      "identity_verification_seconds": 0.0,
      "identity_check_seconds": 0.0017819959321059287,
      "state_hash_seconds": 0.08018442301545292,
      "clone_seconds": 0.009568327979650348,
      "restore_seconds": 0.0,
      "file_write_seconds": 0.012236611975822598,
      "operation_seconds": 0.6067138410289772,
      "total_phase_seconds": 0.7105726050212979,
      "scope": "file writes include journal intent/add/flush; excludes this timing receipt and checkpoint writes",
      "mode": "stage4_sealed_cell",
      "banner": "sealed Stage 4; scientific admission also requires complete declared populations"
    },
    {
      "phase": "immediate:244",
      "identity_check_kind": "in_memory_structure_and_configuration",
      "recipe_verification_seconds": 0.0,
      "identity_verification_seconds": 0.0,
      "identity_check_seconds": 0.001772757968865335,
      "state_hash_seconds": 0.0949390699970536,
      "clone_seconds": 0.009223006025422364,
      "restore_seconds": 0.002558302949182689,
      "file_write_seconds": 0.012436443998012692,
      "operation_seconds": 0.3800716339610517,
      "total_phase_seconds": 0.5010992710012943,
      "scope": "file writes include journal intent/add/flush; excludes this timing receipt and checkpoint writes",
      "mode": "stage4_sealed_cell",
      "banner": "sealed Stage 4; scientific admission also requires complete declared populations"
    },
    {
      "phase": "edit:245",
      "identity_check_kind": "in_memory_structure_and_configuration",
      "recipe_verification_seconds": 0.0,
      "identity_verification_seconds": 0.0,
      "identity_check_seconds": 0.0017808639677241445,
      "state_hash_seconds": 0.07755955203901976,
      "clone_seconds": 0.00931525300256908,
      "restore_seconds": 0.0,
      "file_write_seconds": 0.0012692930176854134,
      "operation_seconds": 0.45683574001304805,
      "total_phase_seconds": 0.5468488600454293,
      "scope": "file writes include journal intent/add/flush; excludes this timing receipt and checkpoint writes",
      "mode": "stage4_sealed_cell",
      "banner": "sealed Stage 4; scientific admission also requires complete declared populations"
    },
    {
      "phase": "immediate:245",
      "identity_check_kind": "in_memory_structure_and_configuration",
      "recipe_verification_seconds": 0.0,
      "identity_verification_seconds": 0.0,
      "identity_check_seconds": 0.0018869360792450607,
      "state_hash_seconds": 0.09956838091602549,
      "clone_seconds": 0.008863207011017948,
      "restore_seconds": 0.0032573729986324906,
      "file_write_seconds": 0.01212797302287072,
      "operation_seconds": 0.2885910219629295,
      "total_phase_seconds": 0.414392939012032,
      "scope": "file writes include journal intent/add/flush; excludes this timing receipt and checkpoint writes",
      "mode": "stage4_sealed_cell",
      "banner": "sealed Stage 4; scientific admission also requires complete declared populations"
    },
    {
      "phase": "edit:246",
      "identity_check_kind": "in_memory_structure_and_configuration",
      "recipe_verification_seconds": 0.0,
      "identity_verification_seconds": 0.0,
      "identity_check_seconds": 0.0017595020472072065,
      "state_hash_seconds": 0.07974580302834511,
      "clone_seconds": 0.010685649001970887,
      "restore_seconds": 0.0,
      "file_write_seconds": 0.012326173018664122,
      "operation_seconds": 0.4538404999766499,
      "total_phase_seconds": 0.5584675669670105,
      "scope": "file writes include journal intent/add/flush; excludes this timing receipt and checkpoint writes",
      "mode": "stage4_sealed_cell",
      "banner": "sealed Stage 4; scientific admission also requires complete declared populations"
    },
    {
      "phase": "immediate:246",
      "identity_check_kind": "in_memory_structure_and_configuration",
      "recipe_verification_seconds": 0.0,
      "identity_verification_seconds": 0.0,
      "identity_check_seconds": 0.0017916429787874222,
      "state_hash_seconds": 0.09796623094007373,
      "clone_seconds": 0.009681985015049577,
      "restore_seconds": 0.0028070800472050905,
      "file_write_seconds": 0.012106753012631088,
      "operation_seconds": 0.37609329796396196,
      "total_phase_seconds": 0.5005421440000646,
      "scope": "file writes include journal intent/add/flush; excludes this timing receipt and checkpoint writes",
      "mode": "stage4_sealed_cell",
      "banner": "sealed Stage 4; scientific admission also requires complete declared populations"
    },
    {
      "phase": "edit:247",
      "identity_check_kind": "in_memory_structure_and_configuration",
      "recipe_verification_seconds": 0.0,
      "identity_verification_seconds": 0.0,
      "identity_check_seconds": 0.0017458670190535486,
      "state_hash_seconds": 0.0773530249716714,
      "clone_seconds": 0.00958190398523584,
      "restore_seconds": 0.0,
      "file_write_seconds": 0.012181745958514512,
      "operation_seconds": 0.6836407810333185,
      "total_phase_seconds": 0.7845973820076324,
      "scope": "file writes include journal intent/add/flush; excludes this timing receipt and checkpoint writes",
      "mode": "stage4_sealed_cell",
      "banner": "sealed Stage 4; scientific admission also requires complete declared populations"
    },
    {
      "phase": "immediate:247",
      "identity_check_kind": "in_memory_structure_and_configuration",
      "recipe_verification_seconds": 0.0,
      "identity_verification_seconds": 0.0,
      "identity_check_seconds": 0.0017415070324204862,
      "state_hash_seconds": 0.09622165688779205,
      "clone_seconds": 0.009193809994030744,
      "restore_seconds": 0.0024114809930324554,
      "file_write_seconds": 0.01235468703089282,
      "operation_seconds": 0.42245581198949367,
      "total_phase_seconds": 0.5444814920192584,
      "scope": "file writes include journal intent/add/flush; excludes this timing receipt and checkpoint writes",
      "mode": "stage4_sealed_cell",
      "banner": "sealed Stage 4; scientific admission also requires complete declared populations"
    },
    {
      "phase": "edit:248",
      "identity_check_kind": "in_memory_structure_and_configuration",
      "recipe_verification_seconds": 0.0,
      "identity_verification_seconds": 0.0,
      "identity_check_seconds": 0.0017806539544835687,
      "state_hash_seconds": 0.07801400299649686,
      "clone_seconds": 0.008941415988374501,
      "restore_seconds": 0.0,
      "file_write_seconds": 0.012174833042081445,
      "operation_seconds": 0.2871944449725561,
      "total_phase_seconds": 0.3882065740181133,
      "scope": "file writes include journal intent/add/flush; excludes this timing receipt and checkpoint writes",
      "mode": "stage4_sealed_cell",
      "banner": "sealed Stage 4; scientific admission also requires complete declared populations"
    },
    {
      "phase": "immediate:248",
      "identity_check_kind": "in_memory_structure_and_configuration",
      "recipe_verification_seconds": 0.0,
      "identity_verification_seconds": 0.0,
      "identity_check_seconds": 0.0017840900109149516,
      "state_hash_seconds": 0.0972472129506059,
      "clone_seconds": 0.00948293402325362,
      "restore_seconds": 0.0024440439883619547,
      "file_write_seconds": 0.012208267056848854,
      "operation_seconds": 0.291859675955493,
      "total_phase_seconds": 0.4151361039839685,
      "scope": "file writes include journal intent/add/flush; excludes this timing receipt and checkpoint writes",
      "mode": "stage4_sealed_cell",
      "banner": "sealed Stage 4; scientific admission also requires complete declared populations"
    },
    {
      "phase": "edit:249",
      "identity_check_kind": "in_memory_structure_and_configuration",
      "recipe_verification_seconds": 0.0,
      "identity_verification_seconds": 0.0,
      "identity_check_seconds": 0.0017336229793727398,
      "state_hash_seconds": 0.07943078898824751,
      "clone_seconds": 0.009200312022585422,
      "restore_seconds": 0.0,
      "file_write_seconds": 0.012244876998011023,
      "operation_seconds": 1.073318353970535,
      "total_phase_seconds": 1.1760125560103916,
      "scope": "file writes include journal intent/add/flush; excludes this timing receipt and checkpoint writes",
      "mode": "stage4_sealed_cell",
      "banner": "sealed Stage 4; scientific admission also requires complete declared populations"
    },
    {
      "phase": "immediate:249",
      "identity_check_kind": "in_memory_structure_and_configuration",
      "recipe_verification_seconds": 0.0,
      "identity_verification_seconds": 0.0,
      "identity_check_seconds": 0.0018957729917019606,
      "state_hash_seconds": 0.09524507605237886,
      "clone_seconds": 0.010492820001672953,
      "restore_seconds": 0.002449794963467866,
      "file_write_seconds": 0.012226441991515458,
      "operation_seconds": 0.5187695460044779,
      "total_phase_seconds": 0.6411869470030069,
      "scope": "file writes include journal intent/add/flush; excludes this timing receipt and checkpoint writes",
      "mode": "stage4_sealed_cell",
      "banner": "sealed Stage 4; scientific admission also requires complete declared populations"
    },
    {
      "phase": "edit:250",
      "identity_check_kind": "in_memory_structure_and_configuration",
      "recipe_verification_seconds": 0.0,
      "identity_verification_seconds": 0.0,
      "identity_check_seconds": 0.001768758986145258,
      "state_hash_seconds": 0.07831189490389079,
      "clone_seconds": 0.0095035340054892,
      "restore_seconds": 0.0,
      "file_write_seconds": 0.012418310041539371,
      "operation_seconds": 0.44624436198500916,
      "total_phase_seconds": 0.5483519309782423,
      "scope": "file writes include journal intent/add/flush; excludes this timing receipt and checkpoint writes",
      "mode": "stage4_sealed_cell",
      "banner": "sealed Stage 4; scientific admission also requires complete declared populations"
    },
    {
      "phase": "immediate:250",
      "identity_check_kind": "in_memory_structure_and_configuration",
      "recipe_verification_seconds": 0.0,
      "identity_verification_seconds": 0.0,
      "identity_check_seconds": 0.001754441938828677,
      "state_hash_seconds": 0.09556559001794085,
      "clone_seconds": 0.008849098987411708,
      "restore_seconds": 0.002742536016739905,
      "file_write_seconds": 0.012222433986607939,
      "operation_seconds": 0.428798928973265,
      "total_phase_seconds": 0.5500280240084976,
      "scope": "file writes include journal intent/add/flush; excludes this timing receipt and checkpoint writes",
      "mode": "stage4_sealed_cell",
      "banner": "sealed Stage 4; scientific admission also requires complete declared populations"
    },
    {
      "phase": "edit:251",
      "identity_check_kind": "in_memory_structure_and_configuration",
      "recipe_verification_seconds": 0.0,
      "identity_verification_seconds": 0.0,
      "identity_check_seconds": 0.0018042669398710132,
      "state_hash_seconds": 0.07933998299995437,
      "clone_seconds": 0.009388994018081576,
      "restore_seconds": 0.0,
      "file_write_seconds": 0.012308749021030962,
      "operation_seconds": 0.7653766860021278,
      "total_phase_seconds": 0.868311389000155,
      "scope": "file writes include journal intent/add/flush; excludes this timing receipt and checkpoint writes",
      "mode": "stage4_sealed_cell",
      "banner": "sealed Stage 4; scientific admission also requires complete declared populations"
    },
    {
      "phase": "immediate:251",
      "identity_check_kind": "in_memory_structure_and_configuration",
      "recipe_verification_seconds": 0.0,
      "identity_verification_seconds": 0.0,
      "identity_check_seconds": 0.0017685299972072244,
      "state_hash_seconds": 0.09868028003256768,
      "clone_seconds": 0.009240668965503573,
      "restore_seconds": 0.002772182982880622,
      "file_write_seconds": 0.012265516968909651,
      "operation_seconds": 0.38216155796544626,
      "total_phase_seconds": 0.5069876369670965,
      "scope": "file writes include journal intent/add/flush; excludes this timing receipt and checkpoint writes",
      "mode": "stage4_sealed_cell",
      "banner": "sealed Stage 4; scientific admission also requires complete declared populations"
    },
    {
      "phase": "edit:252",
      "identity_check_kind": "in_memory_structure_and_configuration",
      "recipe_verification_seconds": 0.0,
      "identity_verification_seconds": 0.0,
      "identity_check_seconds": 0.0017651920206844807,
      "state_hash_seconds": 0.07924375991569832,
      "clone_seconds": 0.009489305957686156,
      "restore_seconds": 0.0,
      "file_write_seconds": 0.012190011970233172,
      "operation_seconds": 0.4405723320087418,
      "total_phase_seconds": 0.543345114972908,
      "scope": "file writes include journal intent/add/flush; excludes this timing receipt and checkpoint writes",
      "mode": "stage4_sealed_cell",
      "banner": "sealed Stage 4; scientific admission also requires complete declared populations"
    },
    {
      "phase": "immediate:252",
      "identity_check_kind": "in_memory_structure_and_configuration",
      "recipe_verification_seconds": 0.0,
      "identity_verification_seconds": 0.0,
      "identity_check_seconds": 0.0017627470660954714,
      "state_hash_seconds": 0.0973768220283091,
      "clone_seconds": 0.0102363369660452,
      "restore_seconds": 0.0029605040326714516,
      "file_write_seconds": 0.012261409021448344,
      "operation_seconds": 0.335243780980818,
      "total_phase_seconds": 0.4599457810400054,
      "scope": "file writes include journal intent/add/flush; excludes this timing receipt and checkpoint writes",
      "mode": "stage4_sealed_cell",
      "banner": "sealed Stage 4; scientific admission also requires complete declared populations"
    },
    {
      "phase": "edit:253",
      "identity_check_kind": "in_memory_structure_and_configuration",
      "recipe_verification_seconds": 0.0,
      "identity_verification_seconds": 0.0,
      "identity_check_seconds": 0.0018073339597322047,
      "state_hash_seconds": 0.08013100101379678,
      "clone_seconds": 0.009953565953765064,
      "restore_seconds": 0.0,
      "file_write_seconds": 0.012275896966457367,
      "operation_seconds": 0.5848487459588796,
      "total_phase_seconds": 0.6891276160022244,
      "scope": "file writes include journal intent/add/flush; excludes this timing receipt and checkpoint writes",
      "mode": "stage4_sealed_cell",
      "banner": "sealed Stage 4; scientific admission also requires complete declared populations"
    },
    {
      "phase": "immediate:253",
      "identity_check_kind": "in_memory_structure_and_configuration",
      "recipe_verification_seconds": 0.0,
      "identity_verification_seconds": 0.0,
      "identity_check_seconds": 0.0017293050768785179,
      "state_hash_seconds": 0.09808045002864674,
      "clone_seconds": 0.009193167963530868,
      "restore_seconds": 0.0026885030092671514,
      "file_write_seconds": 0.019152825989294797,
      "operation_seconds": 0.38752177101559937,
      "total_phase_seconds": 0.5184671470196918,
      "scope": "file writes include journal intent/add/flush; excludes this timing receipt and checkpoint writes",
      "mode": "stage4_sealed_cell",
      "banner": "sealed Stage 4; scientific admission also requires complete declared populations"
    },
    {
      "phase": "edit:254",
      "identity_check_kind": "in_memory_structure_and_configuration",
      "recipe_verification_seconds": 0.0,
      "identity_verification_seconds": 0.0,
      "identity_check_seconds": 0.0017649619840085506,
      "state_hash_seconds": 0.07947762898402289,
      "clone_seconds": 0.009194851969368756,
      "restore_seconds": 0.0,
      "file_write_seconds": 0.0013238179963082075,
      "operation_seconds": 0.392489701975137,
      "total_phase_seconds": 0.4843407040461898,
      "scope": "file writes include journal intent/add/flush; excludes this timing receipt and checkpoint writes",
      "mode": "stage4_sealed_cell",
      "banner": "sealed Stage 4; scientific admission also requires complete declared populations"
    },
    {
      "phase": "immediate:254",
      "identity_check_kind": "in_memory_structure_and_configuration",
      "recipe_verification_seconds": 0.0,
      "identity_verification_seconds": 0.0,
      "identity_check_seconds": 0.001817782991565764,
      "state_hash_seconds": 0.09600605512969196,
      "clone_seconds": 0.00918724702205509,
      "restore_seconds": 0.0024893010267987847,
      "file_write_seconds": 0.012251520005520433,
      "operation_seconds": 0.2976868139812723,
      "total_phase_seconds": 0.4195399740128778,
      "scope": "file writes include journal intent/add/flush; excludes this timing receipt and checkpoint writes",
      "mode": "stage4_sealed_cell",
      "banner": "sealed Stage 4; scientific admission also requires complete declared populations"
    },
    {
      "phase": "edit:255",
      "identity_check_kind": "in_memory_structure_and_configuration",
      "recipe_verification_seconds": 0.0,
      "identity_verification_seconds": 0.0,
      "identity_check_seconds": 0.001927464036270976,
      "state_hash_seconds": 0.07852435205131769,
      "clone_seconds": 0.009055633971001953,
      "restore_seconds": 0.0,
      "file_write_seconds": 0.012130177987273782,
      "operation_seconds": 0.8878793719923124,
      "total_phase_seconds": 0.9896117299795151,
      "scope": "file writes include journal intent/add/flush; excludes this timing receipt and checkpoint writes",
      "mode": "stage4_sealed_cell",
      "banner": "sealed Stage 4; scientific admission also requires complete declared populations"
    },
    {
      "phase": "immediate:255",
      "identity_check_kind": "in_memory_structure_and_configuration",
      "recipe_verification_seconds": 0.0,
      "identity_verification_seconds": 0.0,
      "identity_check_seconds": 0.0017476590001024306,
      "state_hash_seconds": 0.09765390201937407,
      "clone_seconds": 0.009503111999947578,
      "restore_seconds": 0.002611864998470992,
      "file_write_seconds": 0.012210762011818588,
      "operation_seconds": 0.47168383694952354,
      "total_phase_seconds": 0.5955107700428925,
      "scope": "file writes include journal intent/add/flush; excludes this timing receipt and checkpoint writes",
      "mode": "stage4_sealed_cell",
      "banner": "sealed Stage 4; scientific admission also requires complete declared populations"
    },
    {
      "phase": "edit:256",
      "identity_check_kind": "in_memory_structure_and_configuration",
      "recipe_verification_seconds": 0.0,
      "identity_verification_seconds": 0.0,
      "identity_check_seconds": 0.0017506739823147655,
      "state_hash_seconds": 0.07983185700140893,
      "clone_seconds": 0.009391577972564846,
      "restore_seconds": 0.0,
      "file_write_seconds": 0.012193528993520886,
      "operation_seconds": 0.6049307140056044,
      "total_phase_seconds": 0.7081904599908739,
      "scope": "file writes include journal intent/add/flush; excludes this timing receipt and checkpoint writes",
      "mode": "stage4_sealed_cell",
      "banner": "sealed Stage 4; scientific admission also requires complete declared populations"
    },
    {
      "phase": "immediate:256",
      "identity_check_kind": "in_memory_structure_and_configuration",
      "recipe_verification_seconds": 0.0,
      "identity_verification_seconds": 0.0,
      "identity_check_seconds": 0.0017338620382361114,
      "state_hash_seconds": 0.09540699509670958,
      "clone_seconds": 0.008882673981133848,
      "restore_seconds": 0.0024877579999156296,
      "file_write_seconds": 0.012345769966486841,
      "operation_seconds": 0.3801967430044897,
      "total_phase_seconds": 0.5011552289943211,
      "scope": "file writes include journal intent/add/flush; excludes this timing receipt and checkpoint writes",
      "mode": "stage4_sealed_cell",
      "banner": "sealed Stage 4; scientific admission also requires complete declared populations"
    },
    {
      "phase": "edit:257",
      "identity_check_kind": "in_memory_structure_and_configuration",
      "recipe_verification_seconds": 0.0,
      "identity_verification_seconds": 0.0,
      "identity_check_seconds": 0.00176980096148327,
      "state_hash_seconds": 0.078747849969659,
      "clone_seconds": 0.010498319985345006,
      "restore_seconds": 0.0,
      "file_write_seconds": 0.012278261012397707,
      "operation_seconds": 0.44055804499657825,
      "total_phase_seconds": 0.5439420400070958,
      "scope": "file writes include journal intent/add/flush; excludes this timing receipt and checkpoint writes",
      "mode": "stage4_sealed_cell",
      "banner": "sealed Stage 4; scientific admission also requires complete declared populations"
    },
    {
      "phase": "immediate:257",
      "identity_check_kind": "in_memory_structure_and_configuration",
      "recipe_verification_seconds": 0.0,
      "identity_verification_seconds": 0.0,
      "identity_check_seconds": 0.001827200991101563,
      "state_hash_seconds": 0.09846325393300503,
      "clone_seconds": 0.00903288199333474,
      "restore_seconds": 0.002726083970628679,
      "file_write_seconds": 0.012271428015083075,
      "operation_seconds": 0.42634932399960235,
      "total_phase_seconds": 0.5507847230182961,
      "scope": "file writes include journal intent/add/flush; excludes this timing receipt and checkpoint writes",
      "mode": "stage4_sealed_cell",
      "banner": "sealed Stage 4; scientific admission also requires complete declared populations"
    },
    {
      "phase": "edit:258",
      "identity_check_kind": "in_memory_structure_and_configuration",
      "recipe_verification_seconds": 0.0,
      "identity_verification_seconds": 0.0,
      "identity_check_seconds": 0.0018374220235273242,
      "state_hash_seconds": 0.07871471595717594,
      "clone_seconds": 0.010636744962539524,
      "restore_seconds": 0.0,
      "file_write_seconds": 0.012253203021828085,
      "operation_seconds": 0.5837111359578557,
      "total_phase_seconds": 0.6872479940066114,
      "scope": "file writes include journal intent/add/flush; excludes this timing receipt and checkpoint writes",
      "mode": "stage4_sealed_cell",
      "banner": "sealed Stage 4; scientific admission also requires complete declared populations"
    },
    {
      "phase": "immediate:258",
      "identity_check_kind": "in_memory_structure_and_configuration",
      "recipe_verification_seconds": 0.0,
      "identity_verification_seconds": 0.0,
      "identity_check_seconds": 0.0017536909435875714,
      "state_hash_seconds": 0.09608206804841757,
      "clone_seconds": 0.008954841992817819,
      "restore_seconds": 0.002914585988037288,
      "file_write_seconds": 0.012561645009554923,
      "operation_seconds": 0.4281260999850929,
      "total_phase_seconds": 0.5504933950142004,
      "scope": "file writes include journal intent/add/flush; excludes this timing receipt and checkpoint writes",
      "mode": "stage4_sealed_cell",
      "banner": "sealed Stage 4; scientific admission also requires complete declared populations"
    },
    {
      "phase": "edit:259",
      "identity_check_kind": "in_memory_structure_and_configuration",
      "recipe_verification_seconds": 0.0,
      "identity_verification_seconds": 0.0,
      "identity_check_seconds": 0.0017824560054577887,
      "state_hash_seconds": 0.07909021497471258,
      "clone_seconds": 0.009726419986691326,
      "restore_seconds": 0.0,
      "file_write_seconds": 0.012247421953361481,
      "operation_seconds": 0.30335126898717135,
      "total_phase_seconds": 0.4062867349712178,
      "scope": "file writes include journal intent/add/flush; excludes this timing receipt and checkpoint writes",
      "mode": "stage4_sealed_cell",
      "banner": "sealed Stage 4; scientific admission also requires complete declared populations"
    },
    {
      "phase": "immediate:259",
      "identity_check_kind": "in_memory_structure_and_configuration",
      "recipe_verification_seconds": 0.0,
      "identity_verification_seconds": 0.0,
      "identity_check_seconds": 0.001745705958455801,
      "state_hash_seconds": 0.09710770699894056,
      "clone_seconds": 0.009354608017019928,
      "restore_seconds": 0.0025526320096105337,
      "file_write_seconds": 0.012398471008054912,
      "operation_seconds": 0.2878913009772077,
      "total_phase_seconds": 0.41117706696968526,
      "scope": "file writes include journal intent/add/flush; excludes this timing receipt and checkpoint writes",
      "mode": "stage4_sealed_cell",
      "banner": "sealed Stage 4; scientific admission also requires complete declared populations"
    },
    {
      "phase": "edit:260",
      "identity_check_kind": "in_memory_structure_and_configuration",
      "recipe_verification_seconds": 0.0,
      "identity_verification_seconds": 0.0,
      "identity_check_seconds": 0.001804378000088036,
      "state_hash_seconds": 0.07962358795339242,
      "clone_seconds": 0.00950392399681732,
      "restore_seconds": 0.0,
      "file_write_seconds": 0.012316874985117465,
      "operation_seconds": 0.44166873302310705,
      "total_phase_seconds": 0.5450082030147314,
      "scope": "file writes include journal intent/add/flush; excludes this timing receipt and checkpoint writes",
      "mode": "stage4_sealed_cell",
      "banner": "sealed Stage 4; scientific admission also requires complete declared populations"
    },
    {
      "phase": "immediate:260",
      "identity_check_kind": "in_memory_structure_and_configuration",
      "recipe_verification_seconds": 0.0,
      "identity_verification_seconds": 0.0,
      "identity_check_seconds": 0.001740597013849765,
      "state_hash_seconds": 0.09934684599284083,
      "clone_seconds": 0.009610497974790633,
      "restore_seconds": 0.0024708560085855424,
      "file_write_seconds": 0.012459668971132487,
      "operation_seconds": 0.3741012609680183,
      "total_phase_seconds": 0.49982885702047497,
      "scope": "file writes include journal intent/add/flush; excludes this timing receipt and checkpoint writes",
      "mode": "stage4_sealed_cell",
      "banner": "sealed Stage 4; scientific admission also requires complete declared populations"
    },
    {
      "phase": "edit:261",
      "identity_check_kind": "in_memory_structure_and_configuration",
      "recipe_verification_seconds": 0.0,
      "identity_verification_seconds": 0.0,
      "identity_check_seconds": 0.0017520380206406116,
      "state_hash_seconds": 0.07706679700640962,
      "clone_seconds": 0.009704999974928796,
      "restore_seconds": 0.0,
      "file_write_seconds": 0.01228149700909853,
      "operation_seconds": 0.5353935749735683,
      "total_phase_seconds": 0.6362862650421448,
      "scope": "file writes include journal intent/add/flush; excludes this timing receipt and checkpoint writes",
      "mode": "stage4_sealed_cell",
      "banner": "sealed Stage 4; scientific admission also requires complete declared populations"
    },
    {
      "phase": "immediate:261",
      "identity_check_kind": "in_memory_structure_and_configuration",
      "recipe_verification_seconds": 0.0,
      "identity_verification_seconds": 0.0,
      "identity_check_seconds": 0.0017334920703433454,
      "state_hash_seconds": 0.09731205698335543,
      "clone_seconds": 0.009120358969084918,
      "restore_seconds": 0.00316386396298185,
      "file_write_seconds": 0.012317536980845034,
      "operation_seconds": 0.38070553803117946,
      "total_phase_seconds": 0.5044498930219561,
      "scope": "file writes include journal intent/add/flush; excludes this timing receipt and checkpoint writes",
      "mode": "stage4_sealed_cell",
      "banner": "sealed Stage 4; scientific admission also requires complete declared populations"
    },
    {
      "phase": "edit:262",
      "identity_check_kind": "in_memory_structure_and_configuration",
      "recipe_verification_seconds": 0.0,
      "identity_verification_seconds": 0.0,
      "identity_check_seconds": 0.0018356280052103102,
      "state_hash_seconds": 0.07931211194954813,
      "clone_seconds": 0.010875451960600913,
      "restore_seconds": 0.0,
      "file_write_seconds": 0.012307125958614051,
      "operation_seconds": 0.2824659029720351,
      "total_phase_seconds": 0.3868898809887469,
      "scope": "file writes include journal intent/add/flush; excludes this timing receipt and checkpoint writes",
      "mode": "stage4_sealed_cell",
      "banner": "sealed Stage 4; scientific admission also requires complete declared populations"
    },
    {
      "phase": "immediate:262",
      "identity_check_kind": "in_memory_structure_and_configuration",
      "recipe_verification_seconds": 0.0,
      "identity_verification_seconds": 0.0,
      "identity_check_seconds": 0.00201849895529449,
      "state_hash_seconds": 0.09764706989517435,
      "clone_seconds": 0.010077242972329259,
      "restore_seconds": 0.003226953966077417,
      "file_write_seconds": 0.012269664963241667,
      "operation_seconds": 0.28857653302839026,
      "total_phase_seconds": 0.41392138600349426,
      "scope": "file writes include journal intent/add/flush; excludes this timing receipt and checkpoint writes",
      "mode": "stage4_sealed_cell",
      "banner": "sealed Stage 4; scientific admission also requires complete declared populations"
    },
    {
      "phase": "edit:263",
      "identity_check_kind": "in_memory_structure_and_configuration",
      "recipe_verification_seconds": 0.0,
      "identity_verification_seconds": 0.0,
      "identity_check_seconds": 0.0018230739515274763,
      "state_hash_seconds": 0.07888367999112234,
      "clone_seconds": 0.009511639014817774,
      "restore_seconds": 0.0,
      "file_write_seconds": 0.0121228740317747,
      "operation_seconds": 0.31041628000093624,
      "total_phase_seconds": 0.4128469270071946,
      "scope": "file writes include journal intent/add/flush; excludes this timing receipt and checkpoint writes",
      "mode": "stage4_sealed_cell",
      "banner": "sealed Stage 4; scientific admission also requires complete declared populations"
    },
    {
      "phase": "immediate:263",
      "identity_check_kind": "in_memory_structure_and_configuration",
      "recipe_verification_seconds": 0.0,
      "identity_verification_seconds": 0.0,
      "identity_check_seconds": 0.0017306670197285712,
      "state_hash_seconds": 0.09945231792517006,
      "clone_seconds": 0.010450950008817017,
      "restore_seconds": 0.00397662102477625,
      "file_write_seconds": 0.012239537027198821,
      "operation_seconds": 0.28723965195240453,
      "total_phase_seconds": 0.4151871909853071,
      "scope": "file writes include journal intent/add/flush; excludes this timing receipt and checkpoint writes",
      "mode": "stage4_sealed_cell",
      "banner": "sealed Stage 4; scientific admission also requires complete declared populations"
    },
    {
      "phase": "edit:264",
      "identity_check_kind": "in_memory_structure_and_configuration",
      "recipe_verification_seconds": 0.0,
      "identity_verification_seconds": 0.0,
      "identity_check_seconds": 0.0018220620113424957,
      "state_hash_seconds": 0.07847063697408885,
      "clone_seconds": 0.009510698029771447,
      "restore_seconds": 0.0,
      "file_write_seconds": 0.012200511991977692,
      "operation_seconds": 0.7537971850251779,
      "total_phase_seconds": 0.855889943020884,
      "scope": "file writes include journal intent/add/flush; excludes this timing receipt and checkpoint writes",
      "mode": "stage4_sealed_cell",
      "banner": "sealed Stage 4; scientific admission also requires complete declared populations"
    },
    {
      "phase": "immediate:264",
      "identity_check_kind": "in_memory_structure_and_configuration",
      "recipe_verification_seconds": 0.0,
      "identity_verification_seconds": 0.0,
      "identity_check_seconds": 0.00187025498598814,
      "state_hash_seconds": 0.09746170596918091,
      "clone_seconds": 0.010266024968586862,
      "restore_seconds": 0.002577038947492838,
      "file_write_seconds": 0.012116591969970614,
      "operation_seconds": 0.47818171000108123,
      "total_phase_seconds": 0.6025728849926963,
      "scope": "file writes include journal intent/add/flush; excludes this timing receipt and checkpoint writes",
      "mode": "stage4_sealed_cell",
      "banner": "sealed Stage 4; scientific admission also requires complete declared populations"
    },
    {
      "phase": "edit:265",
      "identity_check_kind": "in_memory_structure_and_configuration",
      "recipe_verification_seconds": 0.0,
      "identity_verification_seconds": 0.0,
      "identity_check_seconds": 0.0018120530294254422,
      "state_hash_seconds": 0.07876428100280464,
      "clone_seconds": 0.009791013959329575,
      "restore_seconds": 0.0,
      "file_write_seconds": 0.01224179205019027,
      "operation_seconds": 0.43697084998711944,
      "total_phase_seconds": 0.5396743799792603,
      "scope": "file writes include journal intent/add/flush; excludes this timing receipt and checkpoint writes",
      "mode": "stage4_sealed_cell",
      "banner": "sealed Stage 4; scientific admission also requires complete declared populations"
    },
    {
      "phase": "immediate:265",
      "identity_check_kind": "in_memory_structure_and_configuration",
      "recipe_verification_seconds": 0.0,
      "identity_verification_seconds": 0.0,
      "identity_check_seconds": 0.0017683290061540902,
      "state_hash_seconds": 0.09492802014574409,
      "clone_seconds": 0.009654493012931198,
      "restore_seconds": 0.0024892399669624865,
      "file_write_seconds": 0.012279101996682584,
      "operation_seconds": 0.34058019798249006,
      "total_phase_seconds": 0.4618120979866944,
      "scope": "file writes include journal intent/add/flush; excludes this timing receipt and checkpoint writes",
      "mode": "stage4_sealed_cell",
      "banner": "sealed Stage 4; scientific admission also requires complete declared populations"
    },
    {
      "phase": "edit:266",
      "identity_check_kind": "in_memory_structure_and_configuration",
      "recipe_verification_seconds": 0.0,
      "identity_verification_seconds": 0.0,
      "identity_check_seconds": 0.0017591320211067796,
      "state_hash_seconds": 0.07971988199278712,
      "clone_seconds": 0.009835410048253834,
      "restore_seconds": 0.0,
      "file_write_seconds": 0.012240308977197856,
      "operation_seconds": 0.45564376696711406,
      "total_phase_seconds": 0.5592833200353198,
      "scope": "file writes include journal intent/add/flush; excludes this timing receipt and checkpoint writes",
      "mode": "stage4_sealed_cell",
      "banner": "sealed Stage 4; scientific admission also requires complete declared populations"
    },
    {
      "phase": "immediate:266",
      "identity_check_kind": "in_memory_structure_and_configuration",
      "recipe_verification_seconds": 0.0,
      "identity_verification_seconds": 0.0,
      "identity_check_seconds": 0.001782656996510923,
      "state_hash_seconds": 0.09802700695581734,
      "clone_seconds": 0.009820559993386269,
      "restore_seconds": 0.003109288983978331,
      "file_write_seconds": 0.012323968985583633,
      "operation_seconds": 0.33326908602612093,
      "total_phase_seconds": 0.45842997601721436,
      "scope": "file writes include journal intent/add/flush; excludes this timing receipt and checkpoint writes",
      "mode": "stage4_sealed_cell",
      "banner": "sealed Stage 4; scientific admission also requires complete declared populations"
    },
    {
      "phase": "edit:267",
      "identity_check_kind": "in_memory_structure_and_configuration",
      "recipe_verification_seconds": 0.0,
      "identity_verification_seconds": 0.0,
      "identity_check_seconds": 0.0017597529804334044,
      "state_hash_seconds": 0.07877331704366952,
      "clone_seconds": 0.010469164000824094,
      "restore_seconds": 0.0,
      "file_write_seconds": 0.012261488998774439,
      "operation_seconds": 0.7423791619949043,
      "total_phase_seconds": 0.8457358630257659,
      "scope": "file writes include journal intent/add/flush; excludes this timing receipt and checkpoint writes",
      "mode": "stage4_sealed_cell",
      "banner": "sealed Stage 4; scientific admission also requires complete declared populations"
    },
    {
      "phase": "immediate:267",
      "identity_check_kind": "in_memory_structure_and_configuration",
      "recipe_verification_seconds": 0.0,
      "identity_verification_seconds": 0.0,
      "identity_check_seconds": 0.001911172003019601,
      "state_hash_seconds": 0.09725142293609679,
      "clone_seconds": 0.009824088017921895,
      "restore_seconds": 0.002883465960621834,
      "file_write_seconds": 0.012383973982650787,
      "operation_seconds": 0.38684411300346255,
      "total_phase_seconds": 0.511205951042939,
      "scope": "file writes include journal intent/add/flush; excludes this timing receipt and checkpoint writes",
      "mode": "stage4_sealed_cell",
      "banner": "sealed Stage 4; scientific admission also requires complete declared populations"
    },
    {
      "phase": "edit:268",
      "identity_check_kind": "in_memory_structure_and_configuration",
      "recipe_verification_seconds": 0.0,
      "identity_verification_seconds": 0.0,
      "identity_check_seconds": 0.0017728980747051537,
      "state_hash_seconds": 0.07790743903024122,
      "clone_seconds": 0.009538380021695048,
      "restore_seconds": 0.0,
      "file_write_seconds": 0.012182047008536756,
      "operation_seconds": 0.3843322690227069,
      "total_phase_seconds": 0.4858281240449287,
      "scope": "file writes include journal intent/add/flush; excludes this timing receipt and checkpoint writes",
      "mode": "stage4_sealed_cell",
      "banner": "sealed Stage 4; scientific admission also requires complete declared populations"
    },
    {
      "phase": "immediate:268",
      "identity_check_kind": "in_memory_structure_and_configuration",
      "recipe_verification_seconds": 0.0,
      "identity_verification_seconds": 0.0,
      "identity_check_seconds": 0.0017362290527671576,
      "state_hash_seconds": 0.09686479100491852,
      "clone_seconds": 0.008999929006677121,
      "restore_seconds": 0.0026106329751200974,
      "file_write_seconds": 0.012252191023435444,
      "operation_seconds": 0.29469286603853106,
      "total_phase_seconds": 0.4172617080039345,
      "scope": "file writes include journal intent/add/flush; excludes this timing receipt and checkpoint writes",
      "mode": "stage4_sealed_cell",
      "banner": "sealed Stage 4; scientific admission also requires complete declared populations"
    },
    {
      "phase": "edit:269",
      "identity_check_kind": "in_memory_structure_and_configuration",
      "recipe_verification_seconds": 0.0,
      "identity_verification_seconds": 0.0,
      "identity_check_seconds": 0.0017781169735826552,
      "state_hash_seconds": 0.07985458103939891,
      "clone_seconds": 0.008975120959803462,
      "restore_seconds": 0.0,
      "file_write_seconds": 0.012424241984263062,
      "operation_seconds": 0.2975860800361261,
      "total_phase_seconds": 0.40071001596516,
      "scope": "file writes include journal intent/add/flush; excludes this timing receipt and checkpoint writes",
      "mode": "stage4_sealed_cell",
      "banner": "sealed Stage 4; scientific admission also requires complete declared populations"
    },
    {
      "phase": "immediate:269",
      "identity_check_kind": "in_memory_structure_and_configuration",
      "recipe_verification_seconds": 0.0,
      "identity_verification_seconds": 0.0,
      "identity_check_seconds": 0.0017393540474586189,
      "state_hash_seconds": 0.09750359505414963,
      "clone_seconds": 0.009681224008090794,
      "restore_seconds": 0.0025384650216437876,
      "file_write_seconds": 0.012416627025231719,
      "operation_seconds": 0.2859002050245181,
      "total_phase_seconds": 0.4098847100394778,
      "scope": "file writes include journal intent/add/flush; excludes this timing receipt and checkpoint writes",
      "mode": "stage4_sealed_cell",
      "banner": "sealed Stage 4; scientific admission also requires complete declared populations"
    },
    {
      "phase": "edit:270",
      "identity_check_kind": "in_memory_structure_and_configuration",
      "recipe_verification_seconds": 0.0,
      "identity_verification_seconds": 0.0,
      "identity_check_seconds": 0.0018585009966045618,
      "state_hash_seconds": 0.07814566697925329,
      "clone_seconds": 0.00933376798639074,
      "restore_seconds": 0.0,
      "file_write_seconds": 0.012521166994702071,
      "operation_seconds": 0.5795864809770137,
      "total_phase_seconds": 0.6815390519914217,
      "scope": "file writes include journal intent/add/flush; excludes this timing receipt and checkpoint writes",
      "mode": "stage4_sealed_cell",
      "banner": "sealed Stage 4; scientific admission also requires complete declared populations"
    },
    {
      "phase": "immediate:270",
      "identity_check_kind": "in_memory_structure_and_configuration",
      "recipe_verification_seconds": 0.0,
      "identity_verification_seconds": 0.0,
      "identity_check_seconds": 0.0018394039361737669,
      "state_hash_seconds": 0.09853648394346237,
      "clone_seconds": 0.009741650021169335,
      "restore_seconds": 0.0027428260073065758,
      "file_write_seconds": 0.012233885994646698,
      "operation_seconds": 0.3869574500131421,
      "total_phase_seconds": 0.5121526850271039,
      "scope": "file writes include journal intent/add/flush; excludes this timing receipt and checkpoint writes",
      "mode": "stage4_sealed_cell",
      "banner": "sealed Stage 4; scientific admission also requires complete declared populations"
    },
    {
      "phase": "edit:271",
      "identity_check_kind": "in_memory_structure_and_configuration",
      "recipe_verification_seconds": 0.0,
      "identity_verification_seconds": 0.0,
      "identity_check_seconds": 0.0018260290380567312,
      "state_hash_seconds": 0.07999263500096276,
      "clone_seconds": 0.009982882009353489,
      "restore_seconds": 0.0,
      "file_write_seconds": 0.012380106025375426,
      "operation_seconds": 0.2986050139879808,
      "total_phase_seconds": 0.40288405399769545,
      "scope": "file writes include journal intent/add/flush; excludes this timing receipt and checkpoint writes",
      "mode": "stage4_sealed_cell",
      "banner": "sealed Stage 4; scientific admission also requires complete declared populations"
    },
    {
      "phase": "immediate:271",
      "identity_check_kind": "in_memory_structure_and_configuration",
      "recipe_verification_seconds": 0.0,
      "identity_verification_seconds": 0.0,
      "identity_check_seconds": 0.0017963140271604061,
      "state_hash_seconds": 0.09691139805363491,
      "clone_seconds": 0.009437105967663229,
      "restore_seconds": 0.003349549020640552,
      "file_write_seconds": 0.012368694005999714,
      "operation_seconds": 0.3827527610119432,
      "total_phase_seconds": 0.5067141519975848,
      "scope": "file writes include journal intent/add/flush; excludes this timing receipt and checkpoint writes",
      "mode": "stage4_sealed_cell",
      "banner": "sealed Stage 4; scientific admission also requires complete declared populations"
    },
    {
      "phase": "edit:272",
      "identity_check_kind": "in_memory_structure_and_configuration",
      "recipe_verification_seconds": 0.0,
      "identity_verification_seconds": 0.0,
      "identity_check_seconds": 0.002089003915898502,
      "state_hash_seconds": 0.0799623469938524,
      "clone_seconds": 0.010478170996066183,
      "restore_seconds": 0.0,
      "file_write_seconds": 0.012146208027843386,
      "operation_seconds": 0.7596564529812895,
      "total_phase_seconds": 0.8644282579771243,
      "scope": "file writes include journal intent/add/flush; excludes this timing receipt and checkpoint writes",
      "mode": "stage4_sealed_cell",
      "banner": "sealed Stage 4; scientific admission also requires complete declared populations"
    },
    {
      "phase": "immediate:272",
      "identity_check_kind": "in_memory_structure_and_configuration",
      "recipe_verification_seconds": 0.0,
      "identity_verification_seconds": 0.0,
      "identity_check_seconds": 0.001831528963521123,
      "state_hash_seconds": 0.0969149760203436,
      "clone_seconds": 0.011131463979836553,
      "restore_seconds": 0.002936628006864339,
      "file_write_seconds": 0.012252210988663137,
      "operation_seconds": 0.3837218099506572,
      "total_phase_seconds": 0.5088872680207714,
      "scope": "file writes include journal intent/add/flush; excludes this timing receipt and checkpoint writes",
      "mode": "stage4_sealed_cell",
      "banner": "sealed Stage 4; scientific admission also requires complete declared populations"
    },
    {
      "phase": "edit:273",
      "identity_check_kind": "in_memory_structure_and_configuration",
      "recipe_verification_seconds": 0.0,
      "identity_verification_seconds": 0.0,
      "identity_check_seconds": 0.0018007519538514316,
      "state_hash_seconds": 0.07976098102517426,
      "clone_seconds": 0.010390012990683317,
      "restore_seconds": 0.0,
      "file_write_seconds": 0.012096431979443878,
      "operation_seconds": 0.4512559669674374,
      "total_phase_seconds": 0.5554012609645724,
      "scope": "file writes include journal intent/add/flush; excludes this timing receipt and checkpoint writes",
      "mode": "stage4_sealed_cell",
      "banner": "sealed Stage 4; scientific admission also requires complete declared populations"
    },
    {
      "phase": "immediate:273",
      "identity_check_kind": "in_memory_structure_and_configuration",
      "recipe_verification_seconds": 0.0,
      "identity_verification_seconds": 0.0,
      "identity_check_seconds": 0.0017504050047136843,
      "state_hash_seconds": 0.09984563401667401,
      "clone_seconds": 0.009494405006989837,
      "restore_seconds": 0.003165787027683109,
      "file_write_seconds": 0.012527357961516827,
      "operation_seconds": 0.46396325097884983,
      "total_phase_seconds": 0.5908701959997416,
      "scope": "file writes include journal intent/add/flush; excludes this timing receipt and checkpoint writes",
      "mode": "stage4_sealed_cell",
      "banner": "sealed Stage 4; scientific admission also requires complete declared populations"
    },
    {
      "phase": "edit:274",
      "identity_check_kind": "in_memory_structure_and_configuration",
      "recipe_verification_seconds": 0.0,
      "identity_verification_seconds": 0.0,
      "identity_check_seconds": 0.0018778189551085234,
      "state_hash_seconds": 0.08163719699950889,
      "clone_seconds": 0.011020781006664038,
      "restore_seconds": 0.0,
      "file_write_seconds": 0.012119316030293703,
      "operation_seconds": 0.6145246400265023,
      "total_phase_seconds": 0.7212739330134355,
      "scope": "file writes include journal intent/add/flush; excludes this timing receipt and checkpoint writes",
      "mode": "stage4_sealed_cell",
      "banner": "sealed Stage 4; scientific admission also requires complete declared populations"
    },
    {
      "phase": "immediate:274",
      "identity_check_kind": "in_memory_structure_and_configuration",
      "recipe_verification_seconds": 0.0,
      "identity_verification_seconds": 0.0,
      "identity_check_seconds": 0.0017378509510308504,
      "state_hash_seconds": 0.0963993199984543,
      "clone_seconds": 0.009953084983862936,
      "restore_seconds": 0.002463370969053358,
      "file_write_seconds": 0.012109538016375154,
      "operation_seconds": 0.3821175940101966,
      "total_phase_seconds": 0.5048807580024004,
      "scope": "file writes include journal intent/add/flush; excludes this timing receipt and checkpoint writes",
      "mode": "stage4_sealed_cell",
      "banner": "sealed Stage 4; scientific admission also requires complete declared populations"
    },
    {
      "phase": "edit:275",
      "identity_check_kind": "in_memory_structure_and_configuration",
      "recipe_verification_seconds": 0.0,
      "identity_verification_seconds": 0.0,
      "identity_check_seconds": 0.0018037459813058376,
      "state_hash_seconds": 0.16896904696477577,
      "clone_seconds": 0.009658601018600166,
      "restore_seconds": 0.0,
      "file_write_seconds": 0.012091564014554024,
      "operation_seconds": 0.7353331389604136,
      "total_phase_seconds": 0.927954384998884,
      "scope": "file writes include journal intent/add/flush; excludes this timing receipt and checkpoint writes",
      "mode": "stage4_sealed_cell",
      "banner": "sealed Stage 4; scientific admission also requires complete declared populations"
    },
    {
      "phase": "immediate:275",
      "identity_check_kind": "in_memory_structure_and_configuration",
      "recipe_verification_seconds": 0.0,
      "identity_verification_seconds": 0.0,
      "identity_check_seconds": 0.0018153489800170064,
      "state_hash_seconds": 0.09662256599403918,
      "clone_seconds": 0.010411294002551585,
      "restore_seconds": 0.0025885910145007074,
      "file_write_seconds": 0.012224356993101537,
      "operation_seconds": 0.43121141102164984,
      "total_phase_seconds": 0.5550018049543723,
      "scope": "file writes include journal intent/add/flush; excludes this timing receipt and checkpoint writes",
      "mode": "stage4_sealed_cell",
      "banner": "sealed Stage 4; scientific admission also requires complete declared populations"
    },
    {
      "phase": "edit:276",
      "identity_check_kind": "in_memory_structure_and_configuration",
      "recipe_verification_seconds": 0.0,
      "identity_verification_seconds": 0.0,
      "identity_check_seconds": 0.0017481500399298966,
      "state_hash_seconds": 0.07794926903443411,
      "clone_seconds": 0.009629334032069892,
      "restore_seconds": 0.0,
      "file_write_seconds": 0.012213998008519411,
      "operation_seconds": 0.4433553050039336,
      "total_phase_seconds": 0.5449812110164203,
      "scope": "file writes include journal intent/add/flush; excludes this timing receipt and checkpoint writes",
      "mode": "stage4_sealed_cell",
      "banner": "sealed Stage 4; scientific admission also requires complete declared populations"
    },
    {
      "phase": "immediate:276",
      "identity_check_kind": "in_memory_structure_and_configuration",
      "recipe_verification_seconds": 0.0,
      "identity_verification_seconds": 0.0,
      "identity_check_seconds": 0.001775151991751045,
      "state_hash_seconds": 0.09760779386851937,
      "clone_seconds": 0.009267290006391704,
      "restore_seconds": 0.0026697359862737358,
      "file_write_seconds": 0.012278221023734659,
      "operation_seconds": 0.3404006650089286,
      "total_phase_seconds": 0.46410270797787234,
      "scope": "file writes include journal intent/add/flush; excludes this timing receipt and checkpoint writes",
      "mode": "stage4_sealed_cell",
      "banner": "sealed Stage 4; scientific admission also requires complete declared populations"
    },
    {
      "phase": "edit:277",
      "identity_check_kind": "in_memory_structure_and_configuration",
      "recipe_verification_seconds": 0.0,
      "identity_verification_seconds": 0.0,
      "identity_check_seconds": 0.0018349170568399131,
      "state_hash_seconds": 0.07867769501172006,
      "clone_seconds": 0.010171403002459556,
      "restore_seconds": 0.0,
      "file_write_seconds": 0.01259793300414458,
      "operation_seconds": 0.7715161120286211,
      "total_phase_seconds": 0.8748879230115563,
      "scope": "file writes include journal intent/add/flush; excludes this timing receipt and checkpoint writes",
      "mode": "stage4_sealed_cell",
      "banner": "sealed Stage 4; scientific admission also requires complete declared populations"
    },
    {
      "phase": "immediate:277",
      "identity_check_kind": "in_memory_structure_and_configuration",
      "recipe_verification_seconds": 0.0,
      "identity_verification_seconds": 0.0,
      "identity_check_seconds": 0.001710287993773818,
      "state_hash_seconds": 0.09703021595487371,
      "clone_seconds": 0.009763271023984998,
      "restore_seconds": 0.0025882000336423516,
      "file_write_seconds": 0.012259624956641346,
      "operation_seconds": 0.38478582800598815,
      "total_phase_seconds": 0.5082323820097372,
      "scope": "file writes include journal intent/add/flush; excludes this timing receipt and checkpoint writes",
      "mode": "stage4_sealed_cell",
      "banner": "sealed Stage 4; scientific admission also requires complete declared populations"
    },
    {
      "phase": "edit:278",
      "identity_check_kind": "in_memory_structure_and_configuration",
      "recipe_verification_seconds": 0.0,
      "identity_verification_seconds": 0.0,
      "identity_check_seconds": 0.0017765960074029863,
      "state_hash_seconds": 0.08107390801887959,
      "clone_seconds": 0.009737081010825932,
      "restore_seconds": 0.0,
      "file_write_seconds": 0.012252841959707439,
      "operation_seconds": 0.4293130839942023,
      "total_phase_seconds": 0.534247049014084,
      "scope": "file writes include journal intent/add/flush; excludes this timing receipt and checkpoint writes",
      "mode": "stage4_sealed_cell",
      "banner": "sealed Stage 4; scientific admission also requires complete declared populations"
    },
    {
      "phase": "immediate:278",
      "identity_check_kind": "in_memory_structure_and_configuration",
      "recipe_verification_seconds": 0.0,
      "identity_verification_seconds": 0.0,
      "identity_check_seconds": 0.0018279230571351945,
      "state_hash_seconds": 0.09904576890403405,
      "clone_seconds": 0.009706041018944234,
      "restore_seconds": 0.002653233997989446,
      "file_write_seconds": 0.012344988994300365,
      "operation_seconds": 0.43046525202225894,
      "total_phase_seconds": 0.5561444540508091,
      "scope": "file writes include journal intent/add/flush; excludes this timing receipt and checkpoint writes",
      "mode": "stage4_sealed_cell",
      "banner": "sealed Stage 4; scientific admission also requires complete declared populations"
    },
    {
      "phase": "edit:279",
      "identity_check_kind": "in_memory_structure_and_configuration",
      "recipe_verification_seconds": 0.0,
      "identity_verification_seconds": 0.0,
      "identity_check_seconds": 0.0017927970038726926,
      "state_hash_seconds": 0.07960790791548789,
      "clone_seconds": 0.009962643962353468,
      "restore_seconds": 0.0,
      "file_write_seconds": 0.012280324997846037,
      "operation_seconds": 0.5966181120020337,
      "total_phase_seconds": 0.7003505140310153,
      "scope": "file writes include journal intent/add/flush; excludes this timing receipt and checkpoint writes",
      "mode": "stage4_sealed_cell",
      "banner": "sealed Stage 4; scientific admission also requires complete declared populations"
    },
    {
      "phase": "immediate:279",
      "identity_check_kind": "in_memory_structure_and_configuration",
      "recipe_verification_seconds": 0.0,
      "identity_verification_seconds": 0.0,
      "identity_check_seconds": 0.001755395031068474,
      "state_hash_seconds": 0.09705357102211565,
      "clone_seconds": 0.009247623034752905,
      "restore_seconds": 0.002682340971659869,
      "file_write_seconds": 0.012243042991030961,
      "operation_seconds": 0.3857275429763831,
      "total_phase_seconds": 0.5088069330086,
      "scope": "file writes include journal intent/add/flush; excludes this timing receipt and checkpoint writes",
      "mode": "stage4_sealed_cell",
      "banner": "sealed Stage 4; scientific admission also requires complete declared populations"
    },
    {
      "phase": "edit:280",
      "identity_check_kind": "in_memory_structure_and_configuration",
      "recipe_verification_seconds": 0.0,
      "identity_verification_seconds": 0.0,
      "identity_check_seconds": 0.001762266969308257,
      "state_hash_seconds": 0.07934173702960834,
      "clone_seconds": 0.010420469974633306,
      "restore_seconds": 0.0,
      "file_write_seconds": 0.012553228007163852,
      "operation_seconds": 0.2889343899441883,
      "total_phase_seconds": 0.39312191400676966,
      "scope": "file writes include journal intent/add/flush; excludes this timing receipt and checkpoint writes",
      "mode": "stage4_sealed_cell",
      "banner": "sealed Stage 4; scientific admission also requires complete declared populations"
    },
    {
      "phase": "immediate:280",
      "identity_check_kind": "in_memory_structure_and_configuration",
      "recipe_verification_seconds": 0.0,
      "identity_verification_seconds": 0.0,
      "identity_check_seconds": 0.002249141049105674,
      "state_hash_seconds": 0.09783940901979804,
      "clone_seconds": 0.01028413901804015,
      "restore_seconds": 0.002990370965562761,
      "file_write_seconds": 0.0012357579544186592,
      "operation_seconds": 0.2928949099732563,
      "total_phase_seconds": 0.40759573300601915,
      "scope": "file writes include journal intent/add/flush; excludes this timing receipt and checkpoint writes",
      "mode": "stage4_sealed_cell",
      "banner": "sealed Stage 4; scientific admission also requires complete declared populations"
    },
    {
      "phase": "edit:281",
      "identity_check_kind": "in_memory_structure_and_configuration",
      "recipe_verification_seconds": 0.0,
      "identity_verification_seconds": 0.0,
      "identity_check_seconds": 0.0017238340224139392,
      "state_hash_seconds": 0.07827476301463321,
      "clone_seconds": 0.0099450689740479,
      "restore_seconds": 0.0,
      "file_write_seconds": 0.012213006033562124,
      "operation_seconds": 0.2910284330137074,
      "total_phase_seconds": 0.3932673130184412,
      "scope": "file writes include journal intent/add/flush; excludes this timing receipt and checkpoint writes",
      "mode": "stage4_sealed_cell",
      "banner": "sealed Stage 4; scientific admission also requires complete declared populations"
    },
    {
      "phase": "immediate:281",
      "identity_check_kind": "in_memory_structure_and_configuration",
      "recipe_verification_seconds": 0.0,
      "identity_verification_seconds": 0.0,
      "identity_check_seconds": 0.0019074069568887353,
      "state_hash_seconds": 0.09906108898576349,
      "clone_seconds": 0.010769549990072846,
      "restore_seconds": 0.0026504200068302453,
      "file_write_seconds": 0.012153021001722664,
      "operation_seconds": 0.2916967829805799,
      "total_phase_seconds": 0.4183364580385387,
      "scope": "file writes include journal intent/add/flush; excludes this timing receipt and checkpoint writes",
      "mode": "stage4_sealed_cell",
      "banner": "sealed Stage 4; scientific admission also requires complete declared populations"
    },
    {
      "phase": "edit:282",
      "identity_check_kind": "in_memory_structure_and_configuration",
      "recipe_verification_seconds": 0.0,
      "identity_verification_seconds": 0.0,
      "identity_check_seconds": 0.0017942090053111315,
      "state_hash_seconds": 0.07943978707771748,
      "clone_seconds": 0.009898350050207227,
      "restore_seconds": 0.0,
      "file_write_seconds": 0.012167118024080992,
      "operation_seconds": 0.2912301890319213,
      "total_phase_seconds": 0.39461657899664715,
      "scope": "file writes include journal intent/add/flush; excludes this timing receipt and checkpoint writes",
      "mode": "stage4_sealed_cell",
      "banner": "sealed Stage 4; scientific admission also requires complete declared populations"
    },
    {
      "phase": "immediate:282",
      "identity_check_kind": "in_memory_structure_and_configuration",
      "recipe_verification_seconds": 0.0,
      "identity_verification_seconds": 0.0,
      "identity_check_seconds": 0.0017539510736241937,
      "state_hash_seconds": 0.09967206098372117,
      "clone_seconds": 0.00964428303996101,
      "restore_seconds": 0.00322964001679793,
      "file_write_seconds": 0.012166296015493572,
      "operation_seconds": 0.3822790330159478,
      "total_phase_seconds": 0.5088435129728168,
      "scope": "file writes include journal intent/add/flush; excludes this timing receipt and checkpoint writes",
      "mode": "stage4_sealed_cell",
      "banner": "sealed Stage 4; scientific admission also requires complete declared populations"
    },
    {
      "phase": "edit:283",
      "identity_check_kind": "in_memory_structure_and_configuration",
      "recipe_verification_seconds": 0.0,
      "identity_verification_seconds": 0.0,
      "identity_check_seconds": 0.0018409090698696673,
      "state_hash_seconds": 0.07952297595329583,
      "clone_seconds": 0.009967844001948833,
      "restore_seconds": 0.0,
      "file_write_seconds": 0.012129415990784764,
      "operation_seconds": 0.45134130999213085,
      "total_phase_seconds": 0.5548995090066455,
      "scope": "file writes include journal intent/add/flush; excludes this timing receipt and checkpoint writes",
      "mode": "stage4_sealed_cell",
      "banner": "sealed Stage 4; scientific admission also requires complete declared populations"
    },
    {
      "phase": "immediate:283",
      "identity_check_kind": "in_memory_structure_and_configuration",
      "recipe_verification_seconds": 0.0,
      "identity_verification_seconds": 0.0,
      "identity_check_seconds": 0.00176150695187971,
      "state_hash_seconds": 0.0962877640267834,
      "clone_seconds": 0.008965663029812276,
      "restore_seconds": 0.0026991229970008135,
      "file_write_seconds": 0.01212672097608447,
      "operation_seconds": 0.379109931003768,
      "total_phase_seconds": 0.5010552769526839,
      "scope": "file writes include journal intent/add/flush; excludes this timing receipt and checkpoint writes",
      "mode": "stage4_sealed_cell",
      "banner": "sealed Stage 4; scientific admission also requires complete declared populations"
    },
    {
      "phase": "edit:284",
      "identity_check_kind": "in_memory_structure_and_configuration",
      "recipe_verification_seconds": 0.0,
      "identity_verification_seconds": 0.0,
      "identity_check_seconds": 0.0017995390226133168,
      "state_hash_seconds": 0.08109307306585833,
      "clone_seconds": 0.010138459969311953,
      "restore_seconds": 0.0,
      "file_write_seconds": 0.012239206989761442,
      "operation_seconds": 0.8824158899951726,
      "total_phase_seconds": 0.9877864019945264,
      "scope": "file writes include journal intent/add/flush; excludes this timing receipt and checkpoint writes",
      "mode": "stage4_sealed_cell",
      "banner": "sealed Stage 4; scientific admission also requires complete declared populations"
    },
    {
      "phase": "immediate:284",
      "identity_check_kind": "in_memory_structure_and_configuration",
      "recipe_verification_seconds": 0.0,
      "identity_verification_seconds": 0.0,
      "identity_check_seconds": 0.0017478489899076521,
      "state_hash_seconds": 0.09883421403355896,
      "clone_seconds": 0.009609105996787548,
      "restore_seconds": 0.0026510399766266346,
      "file_write_seconds": 0.012314240040723234,
      "operation_seconds": 0.5242908479995094,
      "total_phase_seconds": 0.6495486029889435,
      "scope": "file writes include journal intent/add/flush; excludes this timing receipt and checkpoint writes",
      "mode": "stage4_sealed_cell",
      "banner": "sealed Stage 4; scientific admission also requires complete declared populations"
    },
    {
      "phase": "edit:285",
      "identity_check_kind": "in_memory_structure_and_configuration",
      "recipe_verification_seconds": 0.0,
      "identity_verification_seconds": 0.0,
      "identity_check_seconds": 0.0017783079529181123,
      "state_hash_seconds": 0.0784348079469055,
      "clone_seconds": 0.009486010007094592,
      "restore_seconds": 0.0,
      "file_write_seconds": 0.012286918004974723,
      "operation_seconds": 0.455885118979495,
      "total_phase_seconds": 0.5579619780182838,
      "scope": "file writes include journal intent/add/flush; excludes this timing receipt and checkpoint writes",
      "mode": "stage4_sealed_cell",
      "banner": "sealed Stage 4; scientific admission also requires complete declared populations"
    },
    {
      "phase": "immediate:285",
      "identity_check_kind": "in_memory_structure_and_configuration",
      "recipe_verification_seconds": 0.0,
      "identity_verification_seconds": 0.0,
      "identity_check_seconds": 0.0017365990206599236,
      "state_hash_seconds": 0.0974652289878577,
      "clone_seconds": 0.010014151979703456,
      "restore_seconds": 0.0033681049826554954,
      "file_write_seconds": 0.012344417977146804,
      "operation_seconds": 0.3399623040459119,
      "total_phase_seconds": 0.46499042899813503,
      "scope": "file writes include journal intent/add/flush; excludes this timing receipt and checkpoint writes",
      "mode": "stage4_sealed_cell",
      "banner": "sealed Stage 4; scientific admission also requires complete declared populations"
    },
    {
      "phase": "edit:286",
      "identity_check_kind": "in_memory_structure_and_configuration",
      "recipe_verification_seconds": 0.0,
      "identity_verification_seconds": 0.0,
      "identity_check_seconds": 0.0018226629472337663,
      "state_hash_seconds": 0.08300760196289048,
      "clone_seconds": 0.010156214004382491,
      "restore_seconds": 0.0,
      "file_write_seconds": 0.01242165599251166,
      "operation_seconds": 0.3084572749794461,
      "total_phase_seconds": 0.41598187503404915,
      "scope": "file writes include journal intent/add/flush; excludes this timing receipt and checkpoint writes",
      "mode": "stage4_sealed_cell",
      "banner": "sealed Stage 4; scientific admission also requires complete declared populations"
    },
    {
      "phase": "immediate:286",
      "identity_check_kind": "in_memory_structure_and_configuration",
      "recipe_verification_seconds": 0.0,
      "identity_verification_seconds": 0.0,
      "identity_check_seconds": 0.0017612349474802613,
      "state_hash_seconds": 0.09714443702250719,
      "clone_seconds": 0.010028829972725362,
      "restore_seconds": 0.003316786023788154,
      "file_write_seconds": 0.012251268955878913,
      "operation_seconds": 0.378923433017917,
      "total_phase_seconds": 0.5035255620023236,
      "scope": "file writes include journal intent/add/flush; excludes this timing receipt and checkpoint writes",
      "mode": "stage4_sealed_cell",
      "banner": "sealed Stage 4; scientific admission also requires complete declared populations"
    },
    {
      "phase": "edit:287",
      "identity_check_kind": "in_memory_structure_and_configuration",
      "recipe_verification_seconds": 0.0,
      "identity_verification_seconds": 0.0,
      "identity_check_seconds": 0.0018850630731321871,
      "state_hash_seconds": 0.0808290580753237,
      "clone_seconds": 0.010059939988423139,
      "restore_seconds": 0.0,
      "file_write_seconds": 0.012298870016820729,
      "operation_seconds": 0.6087056070100516,
      "total_phase_seconds": 0.7138655860326253,
      "scope": "file writes include journal intent/add/flush; excludes this timing receipt and checkpoint writes",
      "mode": "stage4_sealed_cell",
      "banner": "sealed Stage 4; scientific admission also requires complete declared populations"
    },
    {
      "phase": "immediate:287",
      "identity_check_kind": "in_memory_structure_and_configuration",
      "recipe_verification_seconds": 0.0,
      "identity_verification_seconds": 0.0,
      "identity_check_seconds": 0.0018137560109607875,
      "state_hash_seconds": 0.09978044795570895,
      "clone_seconds": 0.010566350014414638,
      "restore_seconds": 0.004727891006041318,
      "file_write_seconds": 0.01226494600996375,
      "operation_seconds": 0.384601294004824,
      "total_phase_seconds": 0.5138678119983524,
      "scope": "file writes include journal intent/add/flush; excludes this timing receipt and checkpoint writes",
      "mode": "stage4_sealed_cell",
      "banner": "sealed Stage 4; scientific admission also requires complete declared populations"
    },
    {
      "phase": "edit:288",
      "identity_check_kind": "in_memory_structure_and_configuration",
      "recipe_verification_seconds": 0.0,
      "identity_verification_seconds": 0.0,
      "identity_check_seconds": 0.0018096579588018358,
      "state_hash_seconds": 0.08126695797545835,
      "clone_seconds": 0.009607301966752857,
      "restore_seconds": 0.0,
      "file_write_seconds": 0.012296757020521909,
      "operation_seconds": 0.4388201550464146,
      "total_phase_seconds": 0.5438923339825124,
      "scope": "file writes include journal intent/add/flush; excludes this timing receipt and checkpoint writes",
      "mode": "stage4_sealed_cell",
      "banner": "sealed Stage 4; scientific admission also requires complete declared populations"
    },
    {
      "phase": "immediate:288",
      "identity_check_kind": "in_memory_structure_and_configuration",
      "recipe_verification_seconds": 0.0,
      "identity_verification_seconds": 0.0,
      "identity_check_seconds": 0.001757026999257505,
      "state_hash_seconds": 0.09720598405692726,
      "clone_seconds": 0.009694197971839458,
      "restore_seconds": 0.0026072870241478086,
      "file_write_seconds": 0.012341823021415621,
      "operation_seconds": 0.33619427296798676,
      "total_phase_seconds": 0.45989671698771417,
      "scope": "file writes include journal intent/add/flush; excludes this timing receipt and checkpoint writes",
      "mode": "stage4_sealed_cell",
      "banner": "sealed Stage 4; scientific admission also requires complete declared populations"
    },
    {
      "phase": "edit:289",
      "identity_check_kind": "in_memory_structure_and_configuration",
      "recipe_verification_seconds": 0.0,
      "identity_verification_seconds": 0.0,
      "identity_check_seconds": 0.0017774580046534538,
      "state_hash_seconds": 0.07936662493739277,
      "clone_seconds": 0.009990115999244153,
      "restore_seconds": 0.0,
      "file_write_seconds": 0.0013006830122321844,
      "operation_seconds": 0.29518999898573384,
      "total_phase_seconds": 0.3877160840202123,
      "scope": "file writes include journal intent/add/flush; excludes this timing receipt and checkpoint writes",
      "mode": "stage4_sealed_cell",
      "banner": "sealed Stage 4; scientific admission also requires complete declared populations"
    },
    {
      "phase": "immediate:289",
      "identity_check_kind": "in_memory_structure_and_configuration",
      "recipe_verification_seconds": 0.0,
      "identity_verification_seconds": 0.0,
      "identity_check_seconds": 0.0017259679734706879,
      "state_hash_seconds": 0.09418099705362692,
      "clone_seconds": 0.009874796029180288,
      "restore_seconds": 0.002470966021064669,
      "file_write_seconds": 0.012311213999055326,
      "operation_seconds": 0.29290838597808033,
      "total_phase_seconds": 0.4135686500230804,
      "scope": "file writes include journal intent/add/flush; excludes this timing receipt and checkpoint writes",
      "mode": "stage4_sealed_cell",
      "banner": "sealed Stage 4; scientific admission also requires complete declared populations"
    },
    {
      "phase": "edit:290",
      "identity_check_kind": "in_memory_structure_and_configuration",
      "recipe_verification_seconds": 0.0,
      "identity_verification_seconds": 0.0,
      "identity_check_seconds": 0.0018348060548305511,
      "state_hash_seconds": 0.07795048085972667,
      "clone_seconds": 0.011039046046789736,
      "restore_seconds": 0.0,
      "file_write_seconds": 0.012393151002470404,
      "operation_seconds": 0.2956564329797402,
      "total_phase_seconds": 0.3989681680104695,
      "scope": "file writes include journal intent/add/flush; excludes this timing receipt and checkpoint writes",
      "mode": "stage4_sealed_cell",
      "banner": "sealed Stage 4; scientific admission also requires complete declared populations"
    },
    {
      "phase": "immediate:290",
      "identity_check_kind": "in_memory_structure_and_configuration",
      "recipe_verification_seconds": 0.0,
      "identity_verification_seconds": 0.0,
      "identity_check_seconds": 0.0017569169867783785,
      "state_hash_seconds": 0.18536284507717937,
      "clone_seconds": 0.009683709009550512,
      "restore_seconds": 0.002659386023879051,
      "file_write_seconds": 0.012148331967182457,
      "operation_seconds": 0.29890326503664255,
      "total_phase_seconds": 0.510617061983794,
      "scope": "file writes include journal intent/add/flush; excludes this timing receipt and checkpoint writes",
      "mode": "stage4_sealed_cell",
      "banner": "sealed Stage 4; scientific admission also requires complete declared populations"
    },
    {
      "phase": "edit:291",
      "identity_check_kind": "in_memory_structure_and_configuration",
      "recipe_verification_seconds": 0.0,
      "identity_verification_seconds": 0.0,
      "identity_check_seconds": 0.0017626880435273051,
      "state_hash_seconds": 0.07969397300621495,
      "clone_seconds": 0.010901472996920347,
      "restore_seconds": 0.0,
      "file_write_seconds": 0.01225531694944948,
      "operation_seconds": 0.44062788801966235,
      "total_phase_seconds": 0.545332473993767,
      "scope": "file writes include journal intent/add/flush; excludes this timing receipt and checkpoint writes",
      "mode": "stage4_sealed_cell",
      "banner": "sealed Stage 4; scientific admission also requires complete declared populations"
    },
    {
      "phase": "immediate:291",
      "identity_check_kind": "in_memory_structure_and_configuration",
      "recipe_verification_seconds": 0.0,
      "identity_verification_seconds": 0.0,
      "identity_check_seconds": 0.0017349260160699487,
      "state_hash_seconds": 0.09863448201213032,
      "clone_seconds": 0.010089796967804432,
      "restore_seconds": 0.002691368048544973,
      "file_write_seconds": 0.012248373008333147,
      "operation_seconds": 0.34086873196065426,
      "total_phase_seconds": 0.46638700598850846,
      "scope": "file writes include journal intent/add/flush; excludes this timing receipt and checkpoint writes",
      "mode": "stage4_sealed_cell",
      "banner": "sealed Stage 4; scientific admission also requires complete declared populations"
    },
    {
      "phase": "edit:292",
      "identity_check_kind": "in_memory_structure_and_configuration",
      "recipe_verification_seconds": 0.0,
      "identity_verification_seconds": 0.0,
      "identity_check_seconds": 0.0017289129900746047,
      "state_hash_seconds": 0.07841307809576392,
      "clone_seconds": 0.009818216960411519,
      "restore_seconds": 0.0,
      "file_write_seconds": 0.012238865019753575,
      "operation_seconds": 0.5873642869992182,
      "total_phase_seconds": 0.689658222021535,
      "scope": "file writes include journal intent/add/flush; excludes this timing receipt and checkpoint writes",
      "mode": "stage4_sealed_cell",
      "banner": "sealed Stage 4; scientific admission also requires complete declared populations"
    },
    {
      "phase": "immediate:292",
      "identity_check_kind": "in_memory_structure_and_configuration",
      "recipe_verification_seconds": 0.0,
      "identity_verification_seconds": 0.0,
      "identity_check_seconds": 0.0017948500462807715,
      "state_hash_seconds": 0.0987124100793153,
      "clone_seconds": 0.012625036004465073,
      "restore_seconds": 0.0033363139955326915,
      "file_write_seconds": 0.012123936030548066,
      "operation_seconds": 0.42825325299054384,
      "total_phase_seconds": 0.5569490269990638,
      "scope": "file writes include journal intent/add/flush; excludes this timing receipt and checkpoint writes",
      "mode": "stage4_sealed_cell",
      "banner": "sealed Stage 4; scientific admission also requires complete declared populations"
    },
    {
      "phase": "edit:293",
      "identity_check_kind": "in_memory_structure_and_configuration",
      "recipe_verification_seconds": 0.0,
      "identity_verification_seconds": 0.0,
      "identity_check_seconds": 0.0017924460116773844,
      "state_hash_seconds": 0.07802627701312304,
      "clone_seconds": 0.010329946991987526,
      "restore_seconds": 0.0,
      "file_write_seconds": 0.0120970539865084,
      "operation_seconds": 0.6112460260046646,
      "total_phase_seconds": 0.7135808999883011,
      "scope": "file writes include journal intent/add/flush; excludes this timing receipt and checkpoint writes",
      "mode": "stage4_sealed_cell",
      "banner": "sealed Stage 4; scientific admission also requires complete declared populations"
    },
    {
      "phase": "immediate:293",
      "identity_check_kind": "in_memory_structure_and_configuration",
      "recipe_verification_seconds": 0.0,
      "identity_verification_seconds": 0.0,
      "identity_check_seconds": 0.0017660649609752,
      "state_hash_seconds": 0.09912222804268822,
      "clone_seconds": 0.010048397991340607,
      "restore_seconds": 0.004058268037624657,
      "file_write_seconds": 0.012217384006362408,
      "operation_seconds": 0.38035778200719506,
      "total_phase_seconds": 0.5076710560242645,
      "scope": "file writes include journal intent/add/flush; excludes this timing receipt and checkpoint writes",
      "mode": "stage4_sealed_cell",
      "banner": "sealed Stage 4; scientific admission also requires complete declared populations"
    },
    {
      "phase": "edit:294",
      "identity_check_kind": "in_memory_structure_and_configuration",
      "recipe_verification_seconds": 0.0,
      "identity_verification_seconds": 0.0,
      "identity_check_seconds": 0.0017657239804975688,
      "state_hash_seconds": 0.07981372304493561,
      "clone_seconds": 0.010451990994624794,
      "restore_seconds": 0.0,
      "file_write_seconds": 0.012202716956380755,
      "operation_seconds": 0.29330412502167746,
      "total_phase_seconds": 0.39763466303702444,
      "scope": "file writes include journal intent/add/flush; excludes this timing receipt and checkpoint writes",
      "mode": "stage4_sealed_cell",
      "banner": "sealed Stage 4; scientific admission also requires complete declared populations"
    },
    {
      "phase": "immediate:294",
      "identity_check_kind": "in_memory_structure_and_configuration",
      "recipe_verification_seconds": 0.0,
      "identity_verification_seconds": 0.0,
      "identity_check_seconds": 0.0018532010144554079,
      "state_hash_seconds": 0.09851491393055767,
      "clone_seconds": 0.010581871028989553,
      "restore_seconds": 0.0026420929934829473,
      "file_write_seconds": 0.01219450100325048,
      "operation_seconds": 0.390893905016128,
      "total_phase_seconds": 0.5167798739857972,
      "scope": "file writes include journal intent/add/flush; excludes this timing receipt and checkpoint writes",
      "mode": "stage4_sealed_cell",
      "banner": "sealed Stage 4; scientific admission also requires complete declared populations"
    },
    {
      "phase": "edit:295",
      "identity_check_kind": "in_memory_structure_and_configuration",
      "recipe_verification_seconds": 0.0,
      "identity_verification_seconds": 0.0,
      "identity_check_seconds": 0.0018524010083638132,
      "state_hash_seconds": 0.08010956994257867,
      "clone_seconds": 0.010279030015226454,
      "restore_seconds": 0.0,
      "file_write_seconds": 0.012222154007758945,
      "operation_seconds": 0.8995883419993334,
      "total_phase_seconds": 1.0041454739985056,
      "scope": "file writes include journal intent/add/flush; excludes this timing receipt and checkpoint writes",
      "mode": "stage4_sealed_cell",
      "banner": "sealed Stage 4; scientific admission also requires complete declared populations"
    },
    {
      "phase": "immediate:295",
      "identity_check_kind": "in_memory_structure_and_configuration",
      "recipe_verification_seconds": 0.0,
      "identity_verification_seconds": 0.0,
      "identity_check_seconds": 0.0017354160081595182,
      "state_hash_seconds": 0.09698588104220107,
      "clone_seconds": 0.011211417033337057,
      "restore_seconds": 0.002485784003511071,
      "file_write_seconds": 0.012247952981851995,
      "operation_seconds": 0.4346047160215676,
      "total_phase_seconds": 0.5593721609911881,
      "scope": "file writes include journal intent/add/flush; excludes this timing receipt and checkpoint writes",
      "mode": "stage4_sealed_cell",
      "banner": "sealed Stage 4; scientific admission also requires complete declared populations"
    },
    {
      "phase": "edit:296",
      "identity_check_kind": "in_memory_structure_and_configuration",
      "recipe_verification_seconds": 0.0,
      "identity_verification_seconds": 0.0,
      "identity_check_seconds": 0.0017452460015192628,
      "state_hash_seconds": 0.08039515506243333,
      "clone_seconds": 0.011309604975394905,
      "restore_seconds": 0.0,
      "file_write_seconds": 0.012318639026489109,
      "operation_seconds": 0.6025541590061039,
      "total_phase_seconds": 0.708417535002809,
      "scope": "file writes include journal intent/add/flush; excludes this timing receipt and checkpoint writes",
      "mode": "stage4_sealed_cell",
      "banner": "sealed Stage 4; scientific admission also requires complete declared populations"
    },
    {
      "phase": "immediate:296",
      "identity_check_kind": "in_memory_structure_and_configuration",
      "recipe_verification_seconds": 0.0,
      "identity_verification_seconds": 0.0,
      "identity_check_seconds": 0.0017431409796699882,
      "state_hash_seconds": 0.09900676499819383,
      "clone_seconds": 0.010777415009215474,
      "restore_seconds": 0.003214480006136,
      "file_write_seconds": 0.012253653956577182,
      "operation_seconds": 0.34105378604726866,
      "total_phase_seconds": 0.468148211017251,
      "scope": "file writes include journal intent/add/flush; excludes this timing receipt and checkpoint writes",
      "mode": "stage4_sealed_cell",
      "banner": "sealed Stage 4; scientific admission also requires complete declared populations"
    },
    {
      "phase": "edit:297",
      "identity_check_kind": "in_memory_structure_and_configuration",
      "recipe_verification_seconds": 0.0,
      "identity_verification_seconds": 0.0,
      "identity_check_seconds": 0.001819016004446894,
      "state_hash_seconds": 0.07919885398587212,
      "clone_seconds": 0.010638518957421184,
      "restore_seconds": 0.0,
      "file_write_seconds": 0.012214830028824508,
      "operation_seconds": 0.29707937000785023,
      "total_phase_seconds": 0.4010482140001841,
      "scope": "file writes include journal intent/add/flush; excludes this timing receipt and checkpoint writes",
      "mode": "stage4_sealed_cell",
      "banner": "sealed Stage 4; scientific admission also requires complete declared populations"
    },
    {
      "phase": "immediate:297",
      "identity_check_kind": "in_memory_structure_and_configuration",
      "recipe_verification_seconds": 0.0,
      "identity_verification_seconds": 0.0,
      "identity_check_seconds": 0.0017675869748927653,
      "state_hash_seconds": 0.09654398402199149,
      "clone_seconds": 0.009955309971701354,
      "restore_seconds": 0.0024823480052873492,
      "file_write_seconds": 0.012457554985303432,
      "operation_seconds": 0.29142446198966354,
      "total_phase_seconds": 0.4147406159900129,
      "scope": "file writes include journal intent/add/flush; excludes this timing receipt and checkpoint writes",
      "mode": "stage4_sealed_cell",
      "banner": "sealed Stage 4; scientific admission also requires complete declared populations"
    },
    {
      "phase": "edit:298",
      "identity_check_kind": "in_memory_structure_and_configuration",
      "recipe_verification_seconds": 0.0,
      "identity_verification_seconds": 0.0,
      "identity_check_seconds": 0.0018150690011680126,
      "state_hash_seconds": 0.07913596398429945,
      "clone_seconds": 0.009998833003919572,
      "restore_seconds": 0.0,
      "file_write_seconds": 0.0013161419774405658,
      "operation_seconds": 0.5851267389953136,
      "total_phase_seconds": 0.6774791110074148,
      "scope": "file writes include journal intent/add/flush; excludes this timing receipt and checkpoint writes",
      "mode": "stage4_sealed_cell",
      "banner": "sealed Stage 4; scientific admission also requires complete declared populations"
    },
    {
      "phase": "immediate:298",
      "identity_check_kind": "in_memory_structure_and_configuration",
      "recipe_verification_seconds": 0.0,
      "identity_verification_seconds": 0.0,
      "identity_check_seconds": 0.001709276984911412,
      "state_hash_seconds": 0.09808020805940032,
      "clone_seconds": 0.01008172199362889,
      "restore_seconds": 0.0025737329851835966,
      "file_write_seconds": 0.012245507969055325,
      "operation_seconds": 0.561203811026644,
      "total_phase_seconds": 0.6859911649953574,
      "scope": "file writes include journal intent/add/flush; excludes this timing receipt and checkpoint writes",
      "mode": "stage4_sealed_cell",
      "banner": "sealed Stage 4; scientific admission also requires complete declared populations"
    },
    {
      "phase": "edit:299",
      "identity_check_kind": "in_memory_structure_and_configuration",
      "recipe_verification_seconds": 0.0,
      "identity_verification_seconds": 0.0,
      "identity_check_seconds": 0.001715737977065146,
      "state_hash_seconds": 0.07992460491368547,
      "clone_seconds": 0.010017347987741232,
      "restore_seconds": 0.0,
      "file_write_seconds": 0.012185833998955786,
      "operation_seconds": 0.6011646349797957,
      "total_phase_seconds": 0.7050999369821511,
      "scope": "file writes include journal intent/add/flush; excludes this timing receipt and checkpoint writes",
      "mode": "stage4_sealed_cell",
      "banner": "sealed Stage 4; scientific admission also requires complete declared populations"
    },
    {
      "phase": "immediate:299",
      "identity_check_kind": "in_memory_structure_and_configuration",
      "recipe_verification_seconds": 0.0,
      "identity_verification_seconds": 0.0,
      "identity_check_seconds": 0.0018246879917569458,
      "state_hash_seconds": 0.09845756203867495,
      "clone_seconds": 0.009997681016102433,
      "restore_seconds": 0.002983548038173467,
      "file_write_seconds": 0.012458776996936649,
      "operation_seconds": 0.3925842629978433,
      "total_phase_seconds": 0.518425467016641,
      "scope": "file writes include journal intent/add/flush; excludes this timing receipt and checkpoint writes",
      "mode": "stage4_sealed_cell",
      "banner": "sealed Stage 4; scientific admission also requires complete declared populations"
    },
    {
      "phase": "edit:300",
      "identity_check_kind": "in_memory_structure_and_configuration",
      "recipe_verification_seconds": 0.0,
      "identity_verification_seconds": 0.0,
      "identity_check_seconds": 0.001757668040227145,
      "state_hash_seconds": 0.08129675505915657,
      "clone_seconds": 0.00964928197208792,
      "restore_seconds": 0.0,
      "file_write_seconds": 0.012218075979035348,
      "operation_seconds": 0.4452391759841703,
      "total_phase_seconds": 0.5502550580422394,
      "scope": "file writes include journal intent/add/flush; excludes this timing receipt and checkpoint writes",
      "mode": "stage4_sealed_cell",
      "banner": "sealed Stage 4; scientific admission also requires complete declared populations"
    },
    {
      "phase": "immediate:300",
      "identity_check_kind": "in_memory_structure_and_configuration",
      "recipe_verification_seconds": 0.0,
      "identity_verification_seconds": 0.0,
      "identity_check_seconds": 0.0018611070117913187,
      "state_hash_seconds": 0.09726069000316784,
      "clone_seconds": 0.011587276996579021,
      "restore_seconds": 0.002705995982978493,
      "file_write_seconds": 0.01215163798769936,
      "operation_seconds": 0.34021982800913975,
      "total_phase_seconds": 0.46588517405325547,
      "scope": "file writes include journal intent/add/flush; excludes this timing receipt and checkpoint writes",
      "mode": "stage4_sealed_cell",
      "banner": "sealed Stage 4; scientific admission also requires complete declared populations"
    },
    {
      "phase": "retention:300",
      "identity_check_kind": "in_memory_structure_and_configuration",
      "recipe_verification_seconds": 0.0,
      "identity_verification_seconds": 0.0,
      "identity_check_seconds": 0.0017606240580789745,
      "state_hash_seconds": 0.09654829499777406,
      "clone_seconds": 0.009473596990574151,
      "restore_seconds": 0.0028520660125650465,
      "file_write_seconds": 0.019220996997319162,
      "operation_seconds": 110.2012277469621,
      "total_phase_seconds": 110.33703577198321,
      "scope": "file writes include journal intent/add/flush; excludes this timing receipt and checkpoint writes",
      "mode": "stage4_sealed_cell",
      "banner": "sealed Stage 4; scientific admission also requires complete declared populations"
    },
    {
      "phase": "locality:300",
      "identity_check_kind": "in_memory_structure_and_configuration",
      "recipe_verification_seconds": 0.0,
      "identity_verification_seconds": 0.0,
      "identity_check_seconds": 0.0017295250436291099,
      "state_hash_seconds": 0.09847746096784249,
      "clone_seconds": 0.010424258012790233,
      "restore_seconds": 0.0027319149812683463,
      "file_write_seconds": 0.013308927009347826,
      "operation_seconds": 57.835532614029944,
      "total_phase_seconds": 57.96361510199495,
      "scope": "file writes include journal intent/add/flush; excludes this timing receipt and checkpoint writes",
      "mode": "stage4_sealed_cell",
      "banner": "sealed Stage 4; scientific admission also requires complete declared populations"
    },
    {
      "phase": "unseen:300",
      "identity_check_kind": "in_memory_structure_and_configuration",
      "recipe_verification_seconds": 0.0,
      "identity_verification_seconds": 0.0,
      "identity_check_seconds": 0.0017522679991088808,
      "state_hash_seconds": 0.09743429295485839,
      "clone_seconds": 0.009747360018081963,
      "restore_seconds": 0.0032789440010674298,
      "file_write_seconds": 0.0033242509816773236,
      "operation_seconds": 168.6486207030248,
      "total_phase_seconds": 168.76620963099413,
      "scope": "file writes include journal intent/add/flush; excludes this timing receipt and checkpoint writes",
      "mode": "stage4_sealed_cell",
      "banner": "sealed Stage 4; scientific admission also requires complete declared populations"
    },
    {
      "phase": "near_miss:300",
      "identity_check_kind": "in_memory_structure_and_configuration",
      "recipe_verification_seconds": 0.0,
      "identity_verification_seconds": 0.0,
      "identity_check_seconds": 0.0019088690169155598,
      "state_hash_seconds": 0.09826793090905994,
      "clone_seconds": 0.01109952200204134,
      "restore_seconds": 0.0026921299868263304,
      "file_write_seconds": 0.05341467901598662,
      "operation_seconds": 246.7144004990114,
      "total_phase_seconds": 246.88638116797665,
      "scope": "file writes include journal intent/add/flush; excludes this timing receipt and checkpoint writes",
      "mode": "stage4_sealed_cell",
      "banner": "sealed Stage 4; scientific admission also requires complete declared populations"
    },
    {
      "phase": "revision:300",
      "identity_check_kind": "in_memory_structure_and_configuration",
      "recipe_verification_seconds": 0.0,
      "identity_verification_seconds": 0.0,
      "identity_check_seconds": 0.0017579699633643031,
      "state_hash_seconds": 0.09784136101370677,
      "clone_seconds": 0.009563158033415675,
      "restore_seconds": 0.003126962052192539,
      "file_write_seconds": 0.015073988994117826,
      "operation_seconds": 103.13066272699507,
      "total_phase_seconds": 103.26067015505396,
      "scope": "file writes include journal intent/add/flush; excludes this timing receipt and checkpoint writes",
      "mode": "stage4_sealed_cell",
      "banner": "sealed Stage 4; scientific admission also requires complete declared populations"
    },
    {
      "phase": "composition:300",
      "identity_check_kind": "in_memory_structure_and_configuration",
      "recipe_verification_seconds": 0.0,
      "identity_verification_seconds": 0.0,
      "identity_check_seconds": 0.0017788089462555945,
      "state_hash_seconds": 0.09807575191371143,
      "clone_seconds": 0.008374399971216917,
      "restore_seconds": 0.0026926500140689313,
      "file_write_seconds": 0.05334520596079528,
      "operation_seconds": 131.78264297900023,
      "total_phase_seconds": 131.95242610597052,
      "scope": "file writes include journal intent/add/flush; excludes this timing receipt and checkpoint writes",
      "mode": "stage4_sealed_cell",
      "banner": "sealed Stage 4; scientific admission also requires complete declared populations"
    },
    {
      "phase": "drift:300",
      "identity_check_kind": "in_memory_structure_and_configuration",
      "recipe_verification_seconds": 0.0,
      "identity_verification_seconds": 0.0,
      "identity_check_seconds": 0.0019624410197138786,
      "state_hash_seconds": 0.09845842403592542,
      "clone_seconds": 0.00837827700888738,
      "restore_seconds": 0.0032453889725729823,
      "file_write_seconds": 0.200654813030269,
      "operation_seconds": 82.84627756703412,
      "total_phase_seconds": 83.40706234500976,
      "scope": "file writes include journal intent/add/flush; excludes this timing receipt and checkpoint writes",
      "mode": "stage4_sealed_cell",
      "banner": "sealed Stage 4; scientific admission also requires complete declared populations"
    },
    {
      "phase": "full_validation:300",
      "identity_check_kind": "in_memory_structure_and_configuration",
      "recipe_verification_seconds": 0.0,
      "identity_verification_seconds": 0.0,
      "identity_check_seconds": 0.0019438359304331243,
      "state_hash_seconds": 0.09625012800097466,
      "clone_seconds": 0.009016309981234372,
      "restore_seconds": 0.003445312031544745,
      "file_write_seconds": 0.0013307700282894075,
      "operation_seconds": 1287.3729970630375,
      "total_phase_seconds": 1287.4904702850035,
      "scope": "file writes include journal intent/add/flush; excludes this timing receipt and checkpoint writes",
      "mode": "stage4_sealed_cell",
      "banner": "sealed Stage 4; scientific admission also requires complete declared populations"
    }
  ],
  "boundary_identity_checks": [
    {
      "boundary": "attempt_start",
      "kind": "full_recipe_and_adapter_rehash",
      "seconds": 1.1513707939884625
    },
    {
      "boundary": "checkpoint:100",
      "kind": "full_recipe_and_adapter_rehash",
      "seconds": 1.2434107870212756
    },
    {
      "boundary": "checkpoint:300",
      "kind": "full_recipe_and_adapter_rehash",
      "seconds": 1.1036077560274862
    },
    {
      "boundary": "completion",
      "kind": "full_recipe_and_adapter_rehash",
      "seconds": 1.1154865399585105
    }
  ],
  "boundary_identity_seconds": 4.613875876995735,
  "identity_policy": "full rehash at attempt start, resume after restore, every checkpoint before receipt, and completion; cheap immutable memory check each phase",
  "mode": "stage4_sealed_cell"
}
