{
  "status": "complete",
  "completed_checkpoint": 300,
  "cell": {
    "condition": "v0_stable",
    "dataset": "mquake",
    "order": 101,
    "realization": 1
  },
  "run_dir": "/home/derp/cap/pc_cap/results/R1/stage4_sealed_cells/v0_stable-mquake-1-101-30f9af1194ffbd6a9ed9",
  "attempt_dir": "/home/derp/cap/pc_cap/results/R1/stage4_sealed_cells/v0_stable-mquake-1-101-30f9af1194ffbd6a9ed9/attempt-0000",
  "last_receipt_sha256": "e80638aaed42b73f8208d82f66b84959f785efe7aea14c6c68a02a2eacc3d183",
  "banner": "sealed Stage 4; scientific admission also requires complete declared populations",
  "manifest_sha256": "734299c4ef08c05c970b813ec02d2dfb9f0513cce58aec04b112938cc6ae7a1c",
  "integrity_profile": "full",
  "phase_timer_summary": {
    "edit": {
      "count": 300,
      "errors": 0,
      "wall_seconds": 189.63948695739964,
      "operation_seconds": 162.99357671878533
    },
    "immediate": {
      "count": 300,
      "errors": 0,
      "wall_seconds": 140.8914131296915,
      "operation_seconds": 108.12269622297026
    },
    "retention": {
      "count": 2,
      "errors": 0,
      "wall_seconds": 146.72779152699513,
      "operation_seconds": 146.50343281502137
    },
    "locality": {
      "count": 2,
      "errors": 0,
      "wall_seconds": 121.57283614698099,
      "operation_seconds": 121.33991789200809
    },
    "unseen": {
      "count": 2,
      "errors": 0,
      "wall_seconds": 325.17378949403064,
      "operation_seconds": 324.94722603604896
    },
    "drift": {
      "count": 2,
      "errors": 0,
      "wall_seconds": 168.54822702502133,
      "operation_seconds": 167.9415349829942
    },
    "near_miss": {
      "count": 1,
      "errors": 0,
      "wall_seconds": 256.45647279999685,
      "operation_seconds": 256.2452009060071
    },
    "revision": {
      "count": 1,
      "errors": 0,
      "wall_seconds": 109.19618844997603,
      "operation_seconds": 109.07905696198577
    },
    "composition": {
      "count": 1,
      "errors": 0,
      "wall_seconds": 147.6209926479496,
      "operation_seconds": 147.5025249469909
    },
    "full_validation": {
      "count": 1,
      "errors": 0,
      "wall_seconds": 1372.5148103059619,
      "operation_seconds": 1372.3962588370196
    }
  },
  "phase_timer_scope": "this attempt, verification/clone/operation/restore; excludes phase-file writes and admission/resume",
  "attempt_wall_seconds": 2991.6819355440093,
  "prior_attempt_timer_summary": {},
  "detailed_phase_timers": [
    {
      "phase": "edit:1",
      "identity_check_kind": "in_memory_structure_and_configuration",
      "recipe_verification_seconds": 0.0,
      "identity_verification_seconds": 0.0,
      "identity_check_seconds": 0.04659058200195432,
      "state_hash_seconds": 0.0718773829867132,
      "clone_seconds": 0.005197152029722929,
      "restore_seconds": 0.0,
      "file_write_seconds": 0.04733609198592603,
      "operation_seconds": 2.62966045999201,
      "total_phase_seconds": 2.8007805939996615,
      "scope": "file writes include journal intent/add/flush; excludes this timing receipt and checkpoint writes",
      "mode": "stage4_sealed_cell",
      "banner": "sealed Stage 4; scientific admission also requires complete declared populations"
    },
    {
      "phase": "immediate:1",
      "identity_check_kind": "in_memory_structure_and_configuration",
      "recipe_verification_seconds": 0.0,
      "identity_verification_seconds": 0.0,
      "identity_check_seconds": 0.0017786300159059465,
      "state_hash_seconds": 0.08945952192880213,
      "clone_seconds": 0.005078845017123967,
      "restore_seconds": 0.0019159619696438313,
      "file_write_seconds": 0.012257144029717892,
      "operation_seconds": 0.31521135999355465,
      "total_phase_seconds": 0.4258153499686159,
      "scope": "file writes include journal intent/add/flush; excludes this timing receipt and checkpoint writes",
      "mode": "stage4_sealed_cell",
      "banner": "sealed Stage 4; scientific admission also requires complete declared populations"
    },
    {
      "phase": "edit:2",
      "identity_check_kind": "in_memory_structure_and_configuration",
      "recipe_verification_seconds": 0.0,
      "identity_verification_seconds": 0.0,
      "identity_check_seconds": 0.0017853109748102725,
      "state_hash_seconds": 0.07041505805682391,
      "clone_seconds": 0.004877008032053709,
      "restore_seconds": 0.0,
      "file_write_seconds": 0.012297401030082256,
      "operation_seconds": 1.029199072974734,
      "total_phase_seconds": 1.118670456984546,
      "scope": "file writes include journal intent/add/flush; excludes this timing receipt and checkpoint writes",
      "mode": "stage4_sealed_cell",
      "banner": "sealed Stage 4; scientific admission also requires complete declared populations"
    },
    {
      "phase": "immediate:2",
      "identity_check_kind": "in_memory_structure_and_configuration",
      "recipe_verification_seconds": 0.0,
      "identity_verification_seconds": 0.0,
      "identity_check_seconds": 0.0020235280389897525,
      "state_hash_seconds": 0.08784031704999506,
      "clone_seconds": 0.004452875000424683,
      "restore_seconds": 0.0024907049955800176,
      "file_write_seconds": 0.012351084034889936,
      "operation_seconds": 0.5670111360377632,
      "total_phase_seconds": 0.6762676119687967,
      "scope": "file writes include journal intent/add/flush; excludes this timing receipt and checkpoint writes",
      "mode": "stage4_sealed_cell",
      "banner": "sealed Stage 4; scientific admission also requires complete declared populations"
    },
    {
      "phase": "edit:3",
      "identity_check_kind": "in_memory_structure_and_configuration",
      "recipe_verification_seconds": 0.0,
      "identity_verification_seconds": 0.0,
      "identity_check_seconds": 0.001997318002395332,
      "state_hash_seconds": 0.07036128401523456,
      "clone_seconds": 0.003611923020798713,
      "restore_seconds": 0.0,
      "file_write_seconds": 0.012240280979312956,
      "operation_seconds": 0.2910382660338655,
      "total_phase_seconds": 0.3793534339638427,
      "scope": "file writes include journal intent/add/flush; excludes this timing receipt and checkpoint writes",
      "mode": "stage4_sealed_cell",
      "banner": "sealed Stage 4; scientific admission also requires complete declared populations"
    },
    {
      "phase": "immediate:3",
      "identity_check_kind": "in_memory_structure_and_configuration",
      "recipe_verification_seconds": 0.0,
      "identity_verification_seconds": 0.0,
      "identity_check_seconds": 0.0017524399445392191,
      "state_hash_seconds": 0.09041636600159109,
      "clone_seconds": 0.0038922210223972797,
      "restore_seconds": 0.0019642749684862792,
      "file_write_seconds": 0.005731605982873589,
      "operation_seconds": 0.2718892029952258,
      "total_phase_seconds": 0.37578287097858265,
      "scope": "file writes include journal intent/add/flush; excludes this timing receipt and checkpoint writes",
      "mode": "stage4_sealed_cell",
      "banner": "sealed Stage 4; scientific admission also requires complete declared populations"
    },
    {
      "phase": "edit:4",
      "identity_check_kind": "in_memory_structure_and_configuration",
      "recipe_verification_seconds": 0.0,
      "identity_verification_seconds": 0.0,
      "identity_check_seconds": 0.0017459469963796437,
      "state_hash_seconds": 0.07086726505076513,
      "clone_seconds": 0.005155891994945705,
      "restore_seconds": 0.0,
      "file_write_seconds": 0.012136561970692128,
      "operation_seconds": 0.2946061650291085,
      "total_phase_seconds": 0.38459473999682814,
      "scope": "file writes include journal intent/add/flush; excludes this timing receipt and checkpoint writes",
      "mode": "stage4_sealed_cell",
      "banner": "sealed Stage 4; scientific admission also requires complete declared populations"
    },
    {
      "phase": "immediate:4",
      "identity_check_kind": "in_memory_structure_and_configuration",
      "recipe_verification_seconds": 0.0,
      "identity_verification_seconds": 0.0,
      "identity_check_seconds": 0.0018477999838069081,
      "state_hash_seconds": 0.0861546280211769,
      "clone_seconds": 0.004077965975739062,
      "restore_seconds": 0.001992840028833598,
      "file_write_seconds": 0.012239098956342787,
      "operation_seconds": 0.26799839502200484,
      "total_phase_seconds": 0.3744093079585582,
      "scope": "file writes include journal intent/add/flush; excludes this timing receipt and checkpoint writes",
      "mode": "stage4_sealed_cell",
      "banner": "sealed Stage 4; scientific admission also requires complete declared populations"
    },
    {
      "phase": "edit:5",
      "identity_check_kind": "in_memory_structure_and_configuration",
      "recipe_verification_seconds": 0.0,
      "identity_verification_seconds": 0.0,
      "identity_check_seconds": 0.0017886280547827482,
      "state_hash_seconds": 0.07099482795456424,
      "clone_seconds": 0.0040771650383248925,
      "restore_seconds": 0.0,
      "file_write_seconds": 0.012278234993573278,
      "operation_seconds": 0.44945623294916004,
      "total_phase_seconds": 0.5386914240079932,
      "scope": "file writes include journal intent/add/flush; excludes this timing receipt and checkpoint writes",
      "mode": "stage4_sealed_cell",
      "banner": "sealed Stage 4; scientific admission also requires complete declared populations"
    },
    {
      "phase": "immediate:5",
      "identity_check_kind": "in_memory_structure_and_configuration",
      "recipe_verification_seconds": 0.0,
      "identity_verification_seconds": 0.0,
      "identity_check_seconds": 0.0018232139991596341,
      "state_hash_seconds": 0.08930027502356097,
      "clone_seconds": 0.004131659981794655,
      "restore_seconds": 0.002042995998635888,
      "file_write_seconds": 0.012257374997716397,
      "operation_seconds": 0.3541032359935343,
      "total_phase_seconds": 0.4637584470328875,
      "scope": "file writes include journal intent/add/flush; excludes this timing receipt and checkpoint writes",
      "mode": "stage4_sealed_cell",
      "banner": "sealed Stage 4; scientific admission also requires complete declared populations"
    },
    {
      "phase": "edit:6",
      "identity_check_kind": "in_memory_structure_and_configuration",
      "recipe_verification_seconds": 0.0,
      "identity_verification_seconds": 0.0,
      "identity_check_seconds": 0.0017948109889402986,
      "state_hash_seconds": 0.07025586190866306,
      "clone_seconds": 0.0046081930049695075,
      "restore_seconds": 0.0,
      "file_write_seconds": 0.012221013952512294,
      "operation_seconds": 0.7389956669649109,
      "total_phase_seconds": 0.8279750969959423,
      "scope": "file writes include journal intent/add/flush; excludes this timing receipt and checkpoint writes",
      "mode": "stage4_sealed_cell",
      "banner": "sealed Stage 4; scientific admission also requires complete declared populations"
    },
    {
      "phase": "immediate:6",
      "identity_check_kind": "in_memory_structure_and_configuration",
      "recipe_verification_seconds": 0.0,
      "identity_verification_seconds": 0.0,
      "identity_check_seconds": 0.001831611036323011,
      "state_hash_seconds": 0.08933233597781509,
      "clone_seconds": 0.004145906015764922,
      "restore_seconds": 0.002051773015409708,
      "file_write_seconds": 0.012250821979250759,
      "operation_seconds": 0.355948582990095,
      "total_phase_seconds": 0.46566630399320275,
      "scope": "file writes include journal intent/add/flush; excludes this timing receipt and checkpoint writes",
      "mode": "stage4_sealed_cell",
      "banner": "sealed Stage 4; scientific admission also requires complete declared populations"
    },
    {
      "phase": "edit:7",
      "identity_check_kind": "in_memory_structure_and_configuration",
      "recipe_verification_seconds": 0.0,
      "identity_verification_seconds": 0.0,
      "identity_check_seconds": 0.0017885180423036218,
      "state_hash_seconds": 0.07103278196882457,
      "clone_seconds": 0.00532205100171268,
      "restore_seconds": 0.0,
      "file_write_seconds": 0.012377484992612153,
      "operation_seconds": 0.7423969660303555,
      "total_phase_seconds": 0.8330052900128067,
      "scope": "file writes include journal intent/add/flush; excludes this timing receipt and checkpoint writes",
      "mode": "stage4_sealed_cell",
      "banner": "sealed Stage 4; scientific admission also requires complete declared populations"
    },
    {
      "phase": "immediate:7",
      "identity_check_kind": "in_memory_structure_and_configuration",
      "recipe_verification_seconds": 0.0,
      "identity_verification_seconds": 0.0,
      "identity_check_seconds": 0.0017988280160352588,
      "state_hash_seconds": 0.08888394804671407,
      "clone_seconds": 0.003910044033546001,
      "restore_seconds": 0.0018634209991432726,
      "file_write_seconds": 0.012269767990801483,
      "operation_seconds": 0.40259643498575315,
      "total_phase_seconds": 0.5114261729759164,
      "scope": "file writes include journal intent/add/flush; excludes this timing receipt and checkpoint writes",
      "mode": "stage4_sealed_cell",
      "banner": "sealed Stage 4; scientific admission also requires complete declared populations"
    },
    {
      "phase": "edit:8",
      "identity_check_kind": "in_memory_structure_and_configuration",
      "recipe_verification_seconds": 0.0,
      "identity_verification_seconds": 0.0,
      "identity_check_seconds": 0.0023652349482290447,
      "state_hash_seconds": 0.07088557799579576,
      "clone_seconds": 0.003871251014061272,
      "restore_seconds": 0.0,
      "file_write_seconds": 0.012156209966633469,
      "operation_seconds": 0.29532575397752225,
      "total_phase_seconds": 0.38469175598584116,
      "scope": "file writes include journal intent/add/flush; excludes this timing receipt and checkpoint writes",
      "mode": "stage4_sealed_cell",
      "banner": "sealed Stage 4; scientific admission also requires complete declared populations"
    },
    {
      "phase": "immediate:8",
      "identity_check_kind": "in_memory_structure_and_configuration",
      "recipe_verification_seconds": 0.0,
      "identity_verification_seconds": 0.0,
      "identity_check_seconds": 0.001847039966378361,
      "state_hash_seconds": 0.08983710507163778,
      "clone_seconds": 0.0038814899744465947,
      "restore_seconds": 0.0019978490308858454,
      "file_write_seconds": 0.01231096702395007,
      "operation_seconds": 0.27360113395843655,
      "total_phase_seconds": 0.3835765679832548,
      "scope": "file writes include journal intent/add/flush; excludes this timing receipt and checkpoint writes",
      "mode": "stage4_sealed_cell",
      "banner": "sealed Stage 4; scientific admission also requires complete declared populations"
    },
    {
      "phase": "edit:9",
      "identity_check_kind": "in_memory_structure_and_configuration",
      "recipe_verification_seconds": 0.0,
      "identity_verification_seconds": 0.0,
      "identity_check_seconds": 0.0019013950368389487,
      "state_hash_seconds": 0.07198145100846887,
      "clone_seconds": 0.003952786966692656,
      "restore_seconds": 0.0,
      "file_write_seconds": 0.012291117978747934,
      "operation_seconds": 0.2907501540030353,
      "total_phase_seconds": 0.3809958920464851,
      "scope": "file writes include journal intent/add/flush; excludes this timing receipt and checkpoint writes",
      "mode": "stage4_sealed_cell",
      "banner": "sealed Stage 4; scientific admission also requires complete declared populations"
    },
    {
      "phase": "immediate:9",
      "identity_check_kind": "in_memory_structure_and_configuration",
      "recipe_verification_seconds": 0.0,
      "identity_verification_seconds": 0.0,
      "identity_check_seconds": 0.0017328329849988222,
      "state_hash_seconds": 0.08756026095943525,
      "clone_seconds": 0.004179059993475676,
      "restore_seconds": 0.0026529949973337352,
      "file_write_seconds": 0.012283955002203584,
      "operation_seconds": 0.2711050790385343,
      "total_phase_seconds": 0.37960446503711864,
      "scope": "file writes include journal intent/add/flush; excludes this timing receipt and checkpoint writes",
      "mode": "stage4_sealed_cell",
      "banner": "sealed Stage 4; scientific admission also requires complete declared populations"
    },
    {
      "phase": "edit:10",
      "identity_check_kind": "in_memory_structure_and_configuration",
      "recipe_verification_seconds": 0.0,
      "identity_verification_seconds": 0.0,
      "identity_check_seconds": 0.001788788998965174,
      "state_hash_seconds": 0.0704476609826088,
      "clone_seconds": 0.004139034019317478,
      "restore_seconds": 0.0,
      "file_write_seconds": 0.012270910025108606,
      "operation_seconds": 0.30244181398302317,
      "total_phase_seconds": 0.3911812150035985,
      "scope": "file writes include journal intent/add/flush; excludes this timing receipt and checkpoint writes",
      "mode": "stage4_sealed_cell",
      "banner": "sealed Stage 4; scientific admission also requires complete declared populations"
    },
    {
      "phase": "immediate:10",
      "identity_check_kind": "in_memory_structure_and_configuration",
      "recipe_verification_seconds": 0.0,
      "identity_verification_seconds": 0.0,
      "identity_check_seconds": 0.0020324350334703922,
      "state_hash_seconds": 0.08776275895070285,
      "clone_seconds": 0.004008073010481894,
      "restore_seconds": 0.0019021360203623772,
      "file_write_seconds": 0.012453239993192255,
      "operation_seconds": 0.2729745319811627,
      "total_phase_seconds": 0.3812401599716395,
      "scope": "file writes include journal intent/add/flush; excludes this timing receipt and checkpoint writes",
      "mode": "stage4_sealed_cell",
      "banner": "sealed Stage 4; scientific admission also requires complete declared populations"
    },
    {
      "phase": "edit:11",
      "identity_check_kind": "in_memory_structure_and_configuration",
      "recipe_verification_seconds": 0.0,
      "identity_verification_seconds": 0.0,
      "identity_check_seconds": 0.0017529199249111116,
      "state_hash_seconds": 0.0697054680204019,
      "clone_seconds": 0.00539074296830222,
      "restore_seconds": 0.0,
      "file_write_seconds": 0.012253688008058816,
      "operation_seconds": 0.29861112200887874,
      "total_phase_seconds": 0.38780420197872445,
      "scope": "file writes include journal intent/add/flush; excludes this timing receipt and checkpoint writes",
      "mode": "stage4_sealed_cell",
      "banner": "sealed Stage 4; scientific admission also requires complete declared populations"
    },
    {
      "phase": "immediate:11",
      "identity_check_kind": "in_memory_structure_and_configuration",
      "recipe_verification_seconds": 0.0,
      "identity_verification_seconds": 0.0,
      "identity_check_seconds": 0.0017466679564677179,
      "state_hash_seconds": 0.08970169490203261,
      "clone_seconds": 0.005198885046411306,
      "restore_seconds": 0.002658775949385017,
      "file_write_seconds": 0.01223960000788793,
      "operation_seconds": 0.2721870439709164,
      "total_phase_seconds": 0.3838292530272156,
      "scope": "file writes include journal intent/add/flush; excludes this timing receipt and checkpoint writes",
      "mode": "stage4_sealed_cell",
      "banner": "sealed Stage 4; scientific admission also requires complete declared populations"
    },
    {
      "phase": "edit:12",
      "identity_check_kind": "in_memory_structure_and_configuration",
      "recipe_verification_seconds": 0.0,
      "identity_verification_seconds": 0.0,
      "identity_check_seconds": 0.001956850988790393,
      "state_hash_seconds": 0.07082359003834426,
      "clone_seconds": 0.004210078972391784,
      "restore_seconds": 0.0,
      "file_write_seconds": 0.012334122031461447,
      "operation_seconds": 0.4379704080056399,
      "total_phase_seconds": 0.527388168964535,
      "scope": "file writes include journal intent/add/flush; excludes this timing receipt and checkpoint writes",
      "mode": "stage4_sealed_cell",
      "banner": "sealed Stage 4; scientific admission also requires complete declared populations"
    },
    {
      "phase": "immediate:12",
      "identity_check_kind": "in_memory_structure_and_configuration",
      "recipe_verification_seconds": 0.0,
      "identity_verification_seconds": 0.0,
      "identity_check_seconds": 0.001855226990301162,
      "state_hash_seconds": 0.08807807287666947,
      "clone_seconds": 0.004181123978924006,
      "restore_seconds": 0.0019004420028068125,
      "file_write_seconds": 0.012228119012434036,
      "operation_seconds": 0.3174502120236866,
      "total_phase_seconds": 0.42579696397297084,
      "scope": "file writes include journal intent/add/flush; excludes this timing receipt and checkpoint writes",
      "mode": "stage4_sealed_cell",
      "banner": "sealed Stage 4; scientific admission also requires complete declared populations"
    },
    {
      "phase": "edit:13",
      "identity_check_kind": "in_memory_structure_and_configuration",
      "recipe_verification_seconds": 0.0,
      "identity_verification_seconds": 0.0,
      "identity_check_seconds": 0.0017603639862500131,
      "state_hash_seconds": 0.07174769102130085,
      "clone_seconds": 0.004240677983034402,
      "restore_seconds": 0.0,
      "file_write_seconds": 0.012234901019837707,
      "operation_seconds": 0.45420757099054754,
      "total_phase_seconds": 0.5442793850088492,
      "scope": "file writes include journal intent/add/flush; excludes this timing receipt and checkpoint writes",
      "mode": "stage4_sealed_cell",
      "banner": "sealed Stage 4; scientific admission also requires complete declared populations"
    },
    {
      "phase": "immediate:13",
      "identity_check_kind": "in_memory_structure_and_configuration",
      "recipe_verification_seconds": 0.0,
      "identity_verification_seconds": 0.0,
      "identity_check_seconds": 0.001849105057772249,
      "state_hash_seconds": 0.08815717604011297,
      "clone_seconds": 0.004719385993666947,
      "restore_seconds": 0.0018184860236942768,
      "file_write_seconds": 0.01221640600124374,
      "operation_seconds": 0.35782700299751014,
      "total_phase_seconds": 0.4666829530033283,
      "scope": "file writes include journal intent/add/flush; excludes this timing receipt and checkpoint writes",
      "mode": "stage4_sealed_cell",
      "banner": "sealed Stage 4; scientific admission also requires complete declared populations"
    },
    {
      "phase": "edit:14",
      "identity_check_kind": "in_memory_structure_and_configuration",
      "recipe_verification_seconds": 0.0,
      "identity_verification_seconds": 0.0,
      "identity_check_seconds": 0.0017528790049254894,
      "state_hash_seconds": 0.06938979204278439,
      "clone_seconds": 0.004506547993514687,
      "restore_seconds": 0.0,
      "file_write_seconds": 0.01228741102386266,
      "operation_seconds": 0.30089120200136676,
      "total_phase_seconds": 0.3889117849757895,
      "scope": "file writes include journal intent/add/flush; excludes this timing receipt and checkpoint writes",
      "mode": "stage4_sealed_cell",
      "banner": "sealed Stage 4; scientific admission also requires complete declared populations"
    },
    {
      "phase": "immediate:14",
      "identity_check_kind": "in_memory_structure_and_configuration",
      "recipe_verification_seconds": 0.0,
      "identity_verification_seconds": 0.0,
      "identity_check_seconds": 0.0017678790027275681,
      "state_hash_seconds": 0.08765340893296525,
      "clone_seconds": 0.004079027974512428,
      "restore_seconds": 0.0019064649823121727,
      "file_write_seconds": 0.01225944800535217,
      "operation_seconds": 0.27411764400312677,
      "total_phase_seconds": 0.3818841449683532,
      "scope": "file writes include journal intent/add/flush; excludes this timing receipt and checkpoint writes",
      "mode": "stage4_sealed_cell",
      "banner": "sealed Stage 4; scientific admission also requires complete declared populations"
    },
    {
      "phase": "edit:15",
      "identity_check_kind": "in_memory_structure_and_configuration",
      "recipe_verification_seconds": 0.0,
      "identity_verification_seconds": 0.0,
      "identity_check_seconds": 0.0017592929652892053,
      "state_hash_seconds": 0.06988151505356655,
      "clone_seconds": 0.003999436041340232,
      "restore_seconds": 0.0,
      "file_write_seconds": 0.01218978501856327,
      "operation_seconds": 0.3221658100374043,
      "total_phase_seconds": 0.41009794297860935,
      "scope": "file writes include journal intent/add/flush; excludes this timing receipt and checkpoint writes",
      "mode": "stage4_sealed_cell",
      "banner": "sealed Stage 4; scientific admission also requires complete declared populations"
    },
    {
      "phase": "immediate:15",
      "identity_check_kind": "in_memory_structure_and_configuration",
      "recipe_verification_seconds": 0.0,
      "identity_verification_seconds": 0.0,
      "identity_check_seconds": 0.0017808129778131843,
      "state_hash_seconds": 0.0893620050046593,
      "clone_seconds": 0.004014113976154476,
      "restore_seconds": 0.0018896720139309764,
      "file_write_seconds": 0.01215924700954929,
      "operation_seconds": 0.2742073650006205,
      "total_phase_seconds": 0.38351550098741427,
      "scope": "file writes include journal intent/add/flush; excludes this timing receipt and checkpoint writes",
      "mode": "stage4_sealed_cell",
      "banner": "sealed Stage 4; scientific admission also requires complete declared populations"
    },
    {
      "phase": "edit:16",
      "identity_check_kind": "in_memory_structure_and_configuration",
      "recipe_verification_seconds": 0.0,
      "identity_verification_seconds": 0.0,
      "identity_check_seconds": 0.0018341360264457762,
      "state_hash_seconds": 0.07132487901253626,
      "clone_seconds": 0.0038795259897597134,
      "restore_seconds": 0.0,
      "file_write_seconds": 0.012137874960899353,
      "operation_seconds": 1.210215804981999,
      "total_phase_seconds": 1.299480843998026,
      "scope": "file writes include journal intent/add/flush; excludes this timing receipt and checkpoint writes",
      "mode": "stage4_sealed_cell",
      "banner": "sealed Stage 4; scientific admission also requires complete declared populations"
    },
    {
      "phase": "immediate:16",
      "identity_check_kind": "in_memory_structure_and_configuration",
      "recipe_verification_seconds": 0.0,
      "identity_verification_seconds": 0.0,
      "identity_check_seconds": 0.0018025650060735643,
      "state_hash_seconds": 0.09037128899944946,
      "clone_seconds": 0.004250897967722267,
      "restore_seconds": 0.002612967975437641,
      "file_write_seconds": 0.01218944403808564,
      "operation_seconds": 0.492310824978631,
      "total_phase_seconds": 0.6036549829877913,
      "scope": "file writes include journal intent/add/flush; excludes this timing receipt and checkpoint writes",
      "mode": "stage4_sealed_cell",
      "banner": "sealed Stage 4; scientific admission also requires complete declared populations"
    },
    {
      "phase": "edit:17",
      "identity_check_kind": "in_memory_structure_and_configuration",
      "recipe_verification_seconds": 0.0,
      "identity_verification_seconds": 0.0,
      "identity_check_seconds": 0.0018230340210720897,
      "state_hash_seconds": 0.0705464199418202,
      "clone_seconds": 0.0037941719638183713,
      "restore_seconds": 0.0,
      "file_write_seconds": 0.01219668798148632,
      "operation_seconds": 0.4353001799900085,
      "total_phase_seconds": 0.5237466889666393,
      "scope": "file writes include journal intent/add/flush; excludes this timing receipt and checkpoint writes",
      "mode": "stage4_sealed_cell",
      "banner": "sealed Stage 4; scientific admission also requires complete declared populations"
    },
    {
      "phase": "immediate:17",
      "identity_check_kind": "in_memory_structure_and_configuration",
      "recipe_verification_seconds": 0.0,
      "identity_verification_seconds": 0.0,
      "identity_check_seconds": 0.0018279930227436125,
      "state_hash_seconds": 0.08954579808050767,
      "clone_seconds": 0.004266547970473766,
      "restore_seconds": 0.00265765399672091,
      "file_write_seconds": 0.012098368955776095,
      "operation_seconds": 0.313511470973026,
      "total_phase_seconds": 0.42400244501186535,
      "scope": "file writes include journal intent/add/flush; excludes this timing receipt and checkpoint writes",
      "mode": "stage4_sealed_cell",
      "banner": "sealed Stage 4; scientific admission also requires complete declared populations"
    },
    {
      "phase": "edit:18",
      "identity_check_kind": "in_memory_structure_and_configuration",
      "recipe_verification_seconds": 0.0,
      "identity_verification_seconds": 0.0,
      "identity_check_seconds": 0.0019266619347035885,
      "state_hash_seconds": 0.07074221596121788,
      "clone_seconds": 0.004138352000154555,
      "restore_seconds": 0.0,
      "file_write_seconds": 0.012291349994484335,
      "operation_seconds": 0.7492101149982773,
      "total_phase_seconds": 0.8384038060321473,
      "scope": "file writes include journal intent/add/flush; excludes this timing receipt and checkpoint writes",
      "mode": "stage4_sealed_cell",
      "banner": "sealed Stage 4; scientific admission also requires complete declared populations"
    },
    {
      "phase": "immediate:18",
      "identity_check_kind": "in_memory_structure_and_configuration",
      "recipe_verification_seconds": 0.0,
      "identity_verification_seconds": 0.0,
      "identity_check_seconds": 0.0018500150181353092,
      "state_hash_seconds": 0.08972820296185091,
      "clone_seconds": 0.00436705001629889,
      "restore_seconds": 0.0022146039991639555,
      "file_write_seconds": 0.012431748036760837,
      "operation_seconds": 0.35971790697658435,
      "total_phase_seconds": 0.4704089440056123,
      "scope": "file writes include journal intent/add/flush; excludes this timing receipt and checkpoint writes",
      "mode": "stage4_sealed_cell",
      "banner": "sealed Stage 4; scientific admission also requires complete declared populations"
    },
    {
      "phase": "edit:19",
      "identity_check_kind": "in_memory_structure_and_configuration",
      "recipe_verification_seconds": 0.0,
      "identity_verification_seconds": 0.0,
      "identity_check_seconds": 0.0017938890377990901,
      "state_hash_seconds": 0.07009290996938944,
      "clone_seconds": 0.004390063986647874,
      "restore_seconds": 0.0,
      "file_write_seconds": 0.012208129977807403,
      "operation_seconds": 0.5859957049833611,
      "total_phase_seconds": 0.674567845009733,
      "scope": "file writes include journal intent/add/flush; excludes this timing receipt and checkpoint writes",
      "mode": "stage4_sealed_cell",
      "banner": "sealed Stage 4; scientific admission also requires complete declared populations"
    },
    {
      "phase": "immediate:19",
      "identity_check_kind": "in_memory_structure_and_configuration",
      "recipe_verification_seconds": 0.0,
      "identity_verification_seconds": 0.0,
      "identity_check_seconds": 0.0018484829342924058,
      "state_hash_seconds": 0.08860812801867723,
      "clone_seconds": 0.003886830003466457,
      "restore_seconds": 0.0019116639741696417,
      "file_write_seconds": 0.012249789957422763,
      "operation_seconds": 0.40225436905166134,
      "total_phase_seconds": 0.5108651689952239,
      "scope": "file writes include journal intent/add/flush; excludes this timing receipt and checkpoint writes",
      "mode": "stage4_sealed_cell",
      "banner": "sealed Stage 4; scientific admission also requires complete declared populations"
    },
    {
      "phase": "edit:20",
      "identity_check_kind": "in_memory_structure_and_configuration",
      "recipe_verification_seconds": 0.0,
      "identity_verification_seconds": 0.0,
      "identity_check_seconds": 0.0017627489869482815,
      "state_hash_seconds": 0.07221350504551083,
      "clone_seconds": 0.004242330964189023,
      "restore_seconds": 0.0,
      "file_write_seconds": 0.01221843995153904,
      "operation_seconds": 0.285200766986236,
      "total_phase_seconds": 0.3757397180306725,
      "scope": "file writes include journal intent/add/flush; excludes this timing receipt and checkpoint writes",
      "mode": "stage4_sealed_cell",
      "banner": "sealed Stage 4; scientific admission also requires complete declared populations"
    },
    {
      "phase": "immediate:20",
      "identity_check_kind": "in_memory_structure_and_configuration",
      "recipe_verification_seconds": 0.0,
      "identity_verification_seconds": 0.0,
      "identity_check_seconds": 0.001759203034453094,
      "state_hash_seconds": 0.08845979697071016,
      "clone_seconds": 0.004430362023413181,
      "restore_seconds": 0.0018228639964945614,
      "file_write_seconds": 0.01232340099522844,
      "operation_seconds": 0.27094997197855264,
      "total_phase_seconds": 0.3798372109886259,
      "scope": "file writes include journal intent/add/flush; excludes this timing receipt and checkpoint writes",
      "mode": "stage4_sealed_cell",
      "banner": "sealed Stage 4; scientific admission also requires complete declared populations"
    },
    {
      "phase": "edit:21",
      "identity_check_kind": "in_memory_structure_and_configuration",
      "recipe_verification_seconds": 0.0,
      "identity_verification_seconds": 0.0,
      "identity_check_seconds": 0.0023315889993682504,
      "state_hash_seconds": 0.07248617801815271,
      "clone_seconds": 0.004329067014623433,
      "restore_seconds": 0.0,
      "file_write_seconds": 0.012215373979415745,
      "operation_seconds": 0.5869399450020865,
      "total_phase_seconds": 0.678399830008857,
      "scope": "file writes include journal intent/add/flush; excludes this timing receipt and checkpoint writes",
      "mode": "stage4_sealed_cell",
      "banner": "sealed Stage 4; scientific admission also requires complete declared populations"
    },
    {
      "phase": "immediate:21",
      "identity_check_kind": "in_memory_structure_and_configuration",
      "recipe_verification_seconds": 0.0,
      "identity_verification_seconds": 0.0,
      "identity_check_seconds": 0.001757618971168995,
      "state_hash_seconds": 0.08993064396781847,
      "clone_seconds": 0.005535920965485275,
      "restore_seconds": 0.00199251901358366,
      "file_write_seconds": 0.012258155969902873,
      "operation_seconds": 0.3603692559991032,
      "total_phase_seconds": 0.471943264012225,
      "scope": "file writes include journal intent/add/flush; excludes this timing receipt and checkpoint writes",
      "mode": "stage4_sealed_cell",
      "banner": "sealed Stage 4; scientific admission also requires complete declared populations"
    },
    {
      "phase": "edit:22",
      "identity_check_kind": "in_memory_structure_and_configuration",
      "recipe_verification_seconds": 0.0,
      "identity_verification_seconds": 0.0,
      "identity_check_seconds": 0.0018056819681078196,
      "state_hash_seconds": 0.07172571995761245,
      "clone_seconds": 0.0045600300072692335,
      "restore_seconds": 0.0,
      "file_write_seconds": 0.012202540005091578,
      "operation_seconds": 0.5898531979764812,
      "total_phase_seconds": 0.6802352080121636,
      "scope": "file writes include journal intent/add/flush; excludes this timing receipt and checkpoint writes",
      "mode": "stage4_sealed_cell",
      "banner": "sealed Stage 4; scientific admission also requires complete declared populations"
    },
    {
      "phase": "immediate:22",
      "identity_check_kind": "in_memory_structure_and_configuration",
      "recipe_verification_seconds": 0.0,
      "identity_verification_seconds": 0.0,
      "identity_check_seconds": 0.0020662000169977546,
      "state_hash_seconds": 0.0883259080001153,
      "clone_seconds": 0.00428746803663671,
      "restore_seconds": 0.0018270820146426558,
      "file_write_seconds": 0.012406159017700702,
      "operation_seconds": 0.4006569179473445,
      "total_phase_seconds": 0.5096739250002429,
      "scope": "file writes include journal intent/add/flush; excludes this timing receipt and checkpoint writes",
      "mode": "stage4_sealed_cell",
      "banner": "sealed Stage 4; scientific admission also requires complete declared populations"
    },
    {
      "phase": "edit:23",
      "identity_check_kind": "in_memory_structure_and_configuration",
      "recipe_verification_seconds": 0.0,
      "identity_verification_seconds": 0.0,
      "identity_check_seconds": 0.0019746950129047036,
      "state_hash_seconds": 0.07092071697115898,
      "clone_seconds": 0.005020422977395356,
      "restore_seconds": 0.0,
      "file_write_seconds": 0.012156140001025051,
      "operation_seconds": 0.46059118601260707,
      "total_phase_seconds": 0.5507522120024078,
      "scope": "file writes include journal intent/add/flush; excludes this timing receipt and checkpoint writes",
      "mode": "stage4_sealed_cell",
      "banner": "sealed Stage 4; scientific admission also requires complete declared populations"
    },
    {
      "phase": "immediate:23",
      "identity_check_kind": "in_memory_structure_and_configuration",
      "recipe_verification_seconds": 0.0,
      "identity_verification_seconds": 0.0,
      "identity_check_seconds": 0.0017606740002520382,
      "state_hash_seconds": 0.08804598107235506,
      "clone_seconds": 0.004599064996000379,
      "restore_seconds": 0.002804255986120552,
      "file_write_seconds": 0.012230883003212512,
      "operation_seconds": 0.317887329030782,
      "total_phase_seconds": 0.42744526400929317,
      "scope": "file writes include journal intent/add/flush; excludes this timing receipt and checkpoint writes",
      "mode": "stage4_sealed_cell",
      "banner": "sealed Stage 4; scientific admission also requires complete declared populations"
    },
    {
      "phase": "edit:24",
      "identity_check_kind": "in_memory_structure_and_configuration",
      "recipe_verification_seconds": 0.0,
      "identity_verification_seconds": 0.0,
      "identity_check_seconds": 0.0017502959817647934,
      "state_hash_seconds": 0.07122368802083656,
      "clone_seconds": 0.004581361019518226,
      "restore_seconds": 0.0,
      "file_write_seconds": 0.012348368996754289,
      "operation_seconds": 0.44821140804560855,
      "total_phase_seconds": 0.538203650037758,
      "scope": "file writes include journal intent/add/flush; excludes this timing receipt and checkpoint writes",
      "mode": "stage4_sealed_cell",
      "banner": "sealed Stage 4; scientific admission also requires complete declared populations"
    },
    {
      "phase": "immediate:24",
      "identity_check_kind": "in_memory_structure_and_configuration",
      "recipe_verification_seconds": 0.0,
      "identity_verification_seconds": 0.0,
      "identity_check_seconds": 0.0018190270639024675,
      "state_hash_seconds": 0.0894297729828395,
      "clone_seconds": 0.004473724984563887,
      "restore_seconds": 0.0021598999737761915,
      "file_write_seconds": 0.012091265991330147,
      "operation_seconds": 0.3187291019712575,
      "total_phase_seconds": 0.4288097490207292,
      "scope": "file writes include journal intent/add/flush; excludes this timing receipt and checkpoint writes",
      "mode": "stage4_sealed_cell",
      "banner": "sealed Stage 4; scientific admission also requires complete declared populations"
    },
    {
      "phase": "edit:25",
      "identity_check_kind": "in_memory_structure_and_configuration",
      "recipe_verification_seconds": 0.0,
      "identity_verification_seconds": 0.0,
      "identity_check_seconds": 0.0021210850100032985,
      "state_hash_seconds": 0.0702624240075238,
      "clone_seconds": 0.004168790008407086,
      "restore_seconds": 0.0,
      "file_write_seconds": 0.012218350020702928,
      "operation_seconds": 0.4357813820242882,
      "total_phase_seconds": 0.5246414639987051,
      "scope": "file writes include journal intent/add/flush; excludes this timing receipt and checkpoint writes",
      "mode": "stage4_sealed_cell",
      "banner": "sealed Stage 4; scientific admission also requires complete declared populations"
    },
    {
      "phase": "immediate:25",
      "identity_check_kind": "in_memory_structure_and_configuration",
      "recipe_verification_seconds": 0.0,
      "identity_verification_seconds": 0.0,
      "identity_check_seconds": 0.00181430799420923,
      "state_hash_seconds": 0.08913320704596117,
      "clone_seconds": 0.004529332043603063,
      "restore_seconds": 0.002392276015598327,
      "file_write_seconds": 0.012115663033910096,
      "operation_seconds": 0.3180208450066857,
      "total_phase_seconds": 0.4280988959944807,
      "scope": "file writes include journal intent/add/flush; excludes this timing receipt and checkpoint writes",
      "mode": "stage4_sealed_cell",
      "banner": "sealed Stage 4; scientific admission also requires complete declared populations"
    },
    {
      "phase": "edit:26",
      "identity_check_kind": "in_memory_structure_and_configuration",
      "recipe_verification_seconds": 0.0,
      "identity_verification_seconds": 0.0,
      "identity_check_seconds": 0.0019820990273728967,
      "state_hash_seconds": 0.07163591799326241,
      "clone_seconds": 0.0043368819751776755,
      "restore_seconds": 0.0,
      "file_write_seconds": 0.012187150015961379,
      "operation_seconds": 0.5946496719843708,
      "total_phase_seconds": 0.6848926449893042,
      "scope": "file writes include journal intent/add/flush; excludes this timing receipt and checkpoint writes",
      "mode": "stage4_sealed_cell",
      "banner": "sealed Stage 4; scientific admission also requires complete declared populations"
    },
    {
      "phase": "immediate:26",
      "identity_check_kind": "in_memory_structure_and_configuration",
      "recipe_verification_seconds": 0.0,
      "identity_verification_seconds": 0.0,
      "identity_check_seconds": 0.0018766269786283374,
      "state_hash_seconds": 0.08916594804031774,
      "clone_seconds": 0.005318733979947865,
      "restore_seconds": 0.0020831829751841724,
      "file_write_seconds": 0.012145139975473285,
      "operation_seconds": 0.3983335639932193,
      "total_phase_seconds": 0.5090297199785709,
      "scope": "file writes include journal intent/add/flush; excludes this timing receipt and checkpoint writes",
      "mode": "stage4_sealed_cell",
      "banner": "sealed Stage 4; scientific admission also requires complete declared populations"
    },
    {
      "phase": "edit:27",
      "identity_check_kind": "in_memory_structure_and_configuration",
      "recipe_verification_seconds": 0.0,
      "identity_verification_seconds": 0.0,
      "identity_check_seconds": 0.0018156910664401948,
      "state_hash_seconds": 0.07125199103029445,
      "clone_seconds": 0.005510893010068685,
      "restore_seconds": 0.0,
      "file_write_seconds": 0.012336676008999348,
      "operation_seconds": 0.4527073749923147,
      "total_phase_seconds": 0.5437136699911207,
      "scope": "file writes include journal intent/add/flush; excludes this timing receipt and checkpoint writes",
      "mode": "stage4_sealed_cell",
      "banner": "sealed Stage 4; scientific admission also requires complete declared populations"
    },
    {
      "phase": "immediate:27",
      "identity_check_kind": "in_memory_structure_and_configuration",
      "recipe_verification_seconds": 0.0,
      "identity_verification_seconds": 0.0,
      "identity_check_seconds": 0.0017533100326545537,
      "state_hash_seconds": 0.08778375107795,
      "clone_seconds": 0.0053154489723965526,
      "restore_seconds": 0.0019531130092218518,
      "file_write_seconds": 0.012336065003182739,
      "operation_seconds": 0.39660202496452257,
      "total_phase_seconds": 0.5058555160067044,
      "scope": "file writes include journal intent/add/flush; excludes this timing receipt and checkpoint writes",
      "mode": "stage4_sealed_cell",
      "banner": "sealed Stage 4; scientific admission also requires complete declared populations"
    },
    {
      "phase": "edit:28",
      "identity_check_kind": "in_memory_structure_and_configuration",
      "recipe_verification_seconds": 0.0,
      "identity_verification_seconds": 0.0,
      "identity_check_seconds": 0.0017516269581392407,
      "state_hash_seconds": 0.07181975996354595,
      "clone_seconds": 0.005360444018151611,
      "restore_seconds": 0.0,
      "file_write_seconds": 0.012438490986824036,
      "operation_seconds": 0.6086245789774694,
      "total_phase_seconds": 0.700079063011799,
      "scope": "file writes include journal intent/add/flush; excludes this timing receipt and checkpoint writes",
      "mode": "stage4_sealed_cell",
      "banner": "sealed Stage 4; scientific admission also requires complete declared populations"
    },
    {
      "phase": "immediate:28",
      "identity_check_kind": "in_memory_structure_and_configuration",
      "recipe_verification_seconds": 0.0,
      "identity_verification_seconds": 0.0,
      "identity_check_seconds": 0.0017824670067057014,
      "state_hash_seconds": 0.08870944293448702,
      "clone_seconds": 0.004868491960223764,
      "restore_seconds": 0.0019372340175323188,
      "file_write_seconds": 0.012304784962907434,
      "operation_seconds": 0.3998469949583523,
      "total_phase_seconds": 0.5095450280350633,
      "scope": "file writes include journal intent/add/flush; excludes this timing receipt and checkpoint writes",
      "mode": "stage4_sealed_cell",
      "banner": "sealed Stage 4; scientific admission also requires complete declared populations"
    },
    {
      "phase": "edit:29",
      "identity_check_kind": "in_memory_structure_and_configuration",
      "recipe_verification_seconds": 0.0,
      "identity_verification_seconds": 0.0,
      "identity_check_seconds": 0.0017609450151212513,
      "state_hash_seconds": 0.07345147698651999,
      "clone_seconds": 0.005390823003835976,
      "restore_seconds": 0.0,
      "file_write_seconds": 0.04722648102324456,
      "operation_seconds": 2.980757954996079,
      "total_phase_seconds": 3.1086769129615277,
      "scope": "file writes include journal intent/add/flush; excludes this timing receipt and checkpoint writes",
      "mode": "stage4_sealed_cell",
      "banner": "sealed Stage 4; scientific admission also requires complete declared populations"
    },
    {
      "phase": "immediate:29",
      "identity_check_kind": "in_memory_structure_and_configuration",
      "recipe_verification_seconds": 0.0,
      "identity_verification_seconds": 0.0,
      "identity_check_seconds": 0.0018496740376576781,
      "state_hash_seconds": 0.08890647999942303,
      "clone_seconds": 0.005175068974494934,
      "restore_seconds": 0.002362447965424508,
      "file_write_seconds": 0.0013489359989762306,
      "operation_seconds": 0.6587481530150399,
      "total_phase_seconds": 0.7585070349741727,
      "scope": "file writes include journal intent/add/flush; excludes this timing receipt and checkpoint writes",
      "mode": "stage4_sealed_cell",
      "banner": "sealed Stage 4; scientific admission also requires complete declared populations"
    },
    {
      "phase": "edit:30",
      "identity_check_kind": "in_memory_structure_and_configuration",
      "recipe_verification_seconds": 0.0,
      "identity_verification_seconds": 0.0,
      "identity_check_seconds": 0.0021958689321763813,
      "state_hash_seconds": 0.07529386901296675,
      "clone_seconds": 0.004582602996379137,
      "restore_seconds": 0.0,
      "file_write_seconds": 0.012172872957307845,
      "operation_seconds": 0.6032334249466658,
      "total_phase_seconds": 0.6975785300019197,
      "scope": "file writes include journal intent/add/flush; excludes this timing receipt and checkpoint writes",
      "mode": "stage4_sealed_cell",
      "banner": "sealed Stage 4; scientific admission also requires complete declared populations"
    },
    {
      "phase": "immediate:30",
      "identity_check_kind": "in_memory_structure_and_configuration",
      "recipe_verification_seconds": 0.0,
      "identity_verification_seconds": 0.0,
      "identity_check_seconds": 0.0019919080077670515,
      "state_hash_seconds": 0.0905981719843112,
      "clone_seconds": 0.006208950944710523,
      "restore_seconds": 0.0018784410203807056,
      "file_write_seconds": 0.012159296020399779,
      "operation_seconds": 0.3640608220011927,
      "total_phase_seconds": 0.47700513794552535,
      "scope": "file writes include journal intent/add/flush; excludes this timing receipt and checkpoint writes",
      "mode": "stage4_sealed_cell",
      "banner": "sealed Stage 4; scientific admission also requires complete declared populations"
    },
    {
      "phase": "edit:31",
      "identity_check_kind": "in_memory_structure_and_configuration",
      "recipe_verification_seconds": 0.0,
      "identity_verification_seconds": 0.0,
      "identity_check_seconds": 0.0017527100280858576,
      "state_hash_seconds": 0.0727224200963974,
      "clone_seconds": 0.005838732002303004,
      "restore_seconds": 0.0,
      "file_write_seconds": 0.012229350977577269,
      "operation_seconds": 0.596952635969501,
      "total_phase_seconds": 0.6895948079763912,
      "scope": "file writes include journal intent/add/flush; excludes this timing receipt and checkpoint writes",
      "mode": "stage4_sealed_cell",
      "banner": "sealed Stage 4; scientific admission also requires complete declared populations"
    },
    {
      "phase": "immediate:31",
      "identity_check_kind": "in_memory_structure_and_configuration",
      "recipe_verification_seconds": 0.0,
      "identity_verification_seconds": 0.0,
      "identity_check_seconds": 0.0018623990472406149,
      "state_hash_seconds": 0.08995203400263563,
      "clone_seconds": 0.00580449600238353,
      "restore_seconds": 0.0018482329905964434,
      "file_write_seconds": 0.01232374197570607,
      "operation_seconds": 0.3579744059825316,
      "total_phase_seconds": 0.46987253602128476,
      "scope": "file writes include journal intent/add/flush; excludes this timing receipt and checkpoint writes",
      "mode": "stage4_sealed_cell",
      "banner": "sealed Stage 4; scientific admission also requires complete declared populations"
    },
    {
      "phase": "edit:32",
      "identity_check_kind": "in_memory_structure_and_configuration",
      "recipe_verification_seconds": 0.0,
      "identity_verification_seconds": 0.0,
      "identity_check_seconds": 0.0018041279399767518,
      "state_hash_seconds": 0.07423824589932337,
      "clone_seconds": 0.005534527997951955,
      "restore_seconds": 0.0,
      "file_write_seconds": 0.0122285500401631,
      "operation_seconds": 0.44528946705395356,
      "total_phase_seconds": 0.5391820449731313,
      "scope": "file writes include journal intent/add/flush; excludes this timing receipt and checkpoint writes",
      "mode": "stage4_sealed_cell",
      "banner": "sealed Stage 4; scientific admission also requires complete declared populations"
    },
    {
      "phase": "immediate:32",
      "identity_check_kind": "in_memory_structure_and_configuration",
      "recipe_verification_seconds": 0.0,
      "identity_verification_seconds": 0.0,
      "identity_check_seconds": 0.0018523400067351758,
      "state_hash_seconds": 0.08966410503489897,
      "clone_seconds": 0.006235651962924749,
      "restore_seconds": 0.0018571799737401307,
      "file_write_seconds": 0.012221204990055412,
      "operation_seconds": 0.31718603504123166,
      "total_phase_seconds": 0.4291261259932071,
      "scope": "file writes include journal intent/add/flush; excludes this timing receipt and checkpoint writes",
      "mode": "stage4_sealed_cell",
      "banner": "sealed Stage 4; scientific admission also requires complete declared populations"
    },
    {
      "phase": "edit:33",
      "identity_check_kind": "in_memory_structure_and_configuration",
      "recipe_verification_seconds": 0.0,
      "identity_verification_seconds": 0.0,
      "identity_check_seconds": 0.0017664559418335557,
      "state_hash_seconds": 0.07368710910668597,
      "clone_seconds": 0.00716352101881057,
      "restore_seconds": 0.0,
      "file_write_seconds": 0.012214521993882954,
      "operation_seconds": 0.46310186898335814,
      "total_phase_seconds": 0.5580199820105918,
      "scope": "file writes include journal intent/add/flush; excludes this timing receipt and checkpoint writes",
      "mode": "stage4_sealed_cell",
      "banner": "sealed Stage 4; scientific admission also requires complete declared populations"
    },
    {
      "phase": "immediate:33",
      "identity_check_kind": "in_memory_structure_and_configuration",
      "recipe_verification_seconds": 0.0,
      "identity_verification_seconds": 0.0,
      "identity_check_seconds": 0.0017870450392365456,
      "state_hash_seconds": 0.09339945297688246,
      "clone_seconds": 0.006172210036311299,
      "restore_seconds": 0.0027563030016608536,
      "file_write_seconds": 0.012302199029363692,
      "operation_seconds": 0.3153186749550514,
      "total_phase_seconds": 0.4318456879700534,
      "scope": "file writes include journal intent/add/flush; excludes this timing receipt and checkpoint writes",
      "mode": "stage4_sealed_cell",
      "banner": "sealed Stage 4; scientific admission also requires complete declared populations"
    },
    {
      "phase": "edit:34",
      "identity_check_kind": "in_memory_structure_and_configuration",
      "recipe_verification_seconds": 0.0,
      "identity_verification_seconds": 0.0,
      "identity_check_seconds": 0.001794029027223587,
      "state_hash_seconds": 0.07114550692494959,
      "clone_seconds": 0.005672211991623044,
      "restore_seconds": 0.0,
      "file_write_seconds": 0.012275259010493755,
      "operation_seconds": 0.594665732991416,
      "total_phase_seconds": 0.6856385649880394,
      "scope": "file writes include journal intent/add/flush; excludes this timing receipt and checkpoint writes",
      "mode": "stage4_sealed_cell",
      "banner": "sealed Stage 4; scientific admission also requires complete declared populations"
    },
    {
      "phase": "immediate:34",
      "identity_check_kind": "in_memory_structure_and_configuration",
      "recipe_verification_seconds": 0.0,
      "identity_verification_seconds": 0.0,
      "identity_check_seconds": 0.0018431329517625272,
      "state_hash_seconds": 0.09160181600600481,
      "clone_seconds": 0.005543545004911721,
      "restore_seconds": 0.0019892730051651597,
      "file_write_seconds": 0.012245982943568379,
      "operation_seconds": 0.3660291960113682,
      "total_phase_seconds": 0.4793536700308323,
      "scope": "file writes include journal intent/add/flush; excludes this timing receipt and checkpoint writes",
      "mode": "stage4_sealed_cell",
      "banner": "sealed Stage 4; scientific admission also requires complete declared populations"
    },
    {
      "phase": "edit:35",
      "identity_check_kind": "in_memory_structure_and_configuration",
      "recipe_verification_seconds": 0.0,
      "identity_verification_seconds": 0.0,
      "identity_check_seconds": 0.0018196279997937381,
      "state_hash_seconds": 0.07332359097199515,
      "clone_seconds": 0.00586352898972109,
      "restore_seconds": 0.0,
      "file_write_seconds": 0.012309494020882994,
      "operation_seconds": 0.4509373820037581,
      "total_phase_seconds": 0.5443446999997832,
      "scope": "file writes include journal intent/add/flush; excludes this timing receipt and checkpoint writes",
      "mode": "stage4_sealed_cell",
      "banner": "sealed Stage 4; scientific admission also requires complete declared populations"
    },
    {
      "phase": "immediate:35",
      "identity_check_kind": "in_memory_structure_and_configuration",
      "recipe_verification_seconds": 0.0,
      "identity_verification_seconds": 0.0,
      "identity_check_seconds": 0.0017936969525180757,
      "state_hash_seconds": 0.08906277094502002,
      "clone_seconds": 0.005672944011166692,
      "restore_seconds": 0.0018610780243761837,
      "file_write_seconds": 0.01226405700435862,
      "operation_seconds": 0.31979298195801675,
      "total_phase_seconds": 0.43055431300308555,
      "scope": "file writes include journal intent/add/flush; excludes this timing receipt and checkpoint writes",
      "mode": "stage4_sealed_cell",
      "banner": "sealed Stage 4; scientific admission also requires complete declared populations"
    },
    {
      "phase": "edit:36",
      "identity_check_kind": "in_memory_structure_and_configuration",
      "recipe_verification_seconds": 0.0,
      "identity_verification_seconds": 0.0,
      "identity_check_seconds": 0.002078082994557917,
      "state_hash_seconds": 0.0742686539888382,
      "clone_seconds": 0.006308180978521705,
      "restore_seconds": 0.0,
      "file_write_seconds": 0.012303021969273686,
      "operation_seconds": 0.29245185595937073,
      "total_phase_seconds": 0.3875029050395824,
      "scope": "file writes include journal intent/add/flush; excludes this timing receipt and checkpoint writes",
      "mode": "stage4_sealed_cell",
      "banner": "sealed Stage 4; scientific admission also requires complete declared populations"
    },
    {
      "phase": "immediate:36",
      "identity_check_kind": "in_memory_structure_and_configuration",
      "recipe_verification_seconds": 0.0,
      "identity_verification_seconds": 0.0,
      "identity_check_seconds": 0.0017679290031082928,
      "state_hash_seconds": 0.08905616798438132,
      "clone_seconds": 0.006186888029333204,
      "restore_seconds": 0.0020255320123396814,
      "file_write_seconds": 0.01221924100536853,
      "operation_seconds": 0.2767820109729655,
      "total_phase_seconds": 0.3881423699785955,
      "scope": "file writes include journal intent/add/flush; excludes this timing receipt and checkpoint writes",
      "mode": "stage4_sealed_cell",
      "banner": "sealed Stage 4; scientific admission also requires complete declared populations"
    },
    {
      "phase": "edit:37",
      "identity_check_kind": "in_memory_structure_and_configuration",
      "recipe_verification_seconds": 0.0,
      "identity_verification_seconds": 0.0,
      "identity_check_seconds": 0.0018757159705273807,
      "state_hash_seconds": 0.0727267280453816,
      "clone_seconds": 0.008626163995359093,
      "restore_seconds": 0.0,
      "file_write_seconds": 0.01248024101369083,
      "operation_seconds": 0.45166125905234367,
      "total_phase_seconds": 0.5474554729880765,
      "scope": "file writes include journal intent/add/flush; excludes this timing receipt and checkpoint writes",
      "mode": "stage4_sealed_cell",
      "banner": "sealed Stage 4; scientific admission also requires complete declared populations"
    },
    {
      "phase": "immediate:37",
      "identity_check_kind": "in_memory_structure_and_configuration",
      "recipe_verification_seconds": 0.0,
      "identity_verification_seconds": 0.0,
      "identity_check_seconds": 0.0017900409875437617,
      "state_hash_seconds": 0.08954574598465115,
      "clone_seconds": 0.0062898260075598955,
      "restore_seconds": 0.00199375202646479,
      "file_write_seconds": 0.012290948012378067,
      "operation_seconds": 0.3208206709823571,
      "total_phase_seconds": 0.43282874301075935,
      "scope": "file writes include journal intent/add/flush; excludes this timing receipt and checkpoint writes",
      "mode": "stage4_sealed_cell",
      "banner": "sealed Stage 4; scientific admission also requires complete declared populations"
    },
    {
      "phase": "edit:38",
      "identity_check_kind": "in_memory_structure_and_configuration",
      "recipe_verification_seconds": 0.0,
      "identity_verification_seconds": 0.0,
      "identity_check_seconds": 0.001822823949623853,
      "state_hash_seconds": 0.07396514003630728,
      "clone_seconds": 0.006083560001570731,
      "restore_seconds": 0.0,
      "file_write_seconds": 0.012250710977241397,
      "operation_seconds": 0.3009950609994121,
      "total_phase_seconds": 0.3952382809948176,
      "scope": "file writes include journal intent/add/flush; excludes this timing receipt and checkpoint writes",
      "mode": "stage4_sealed_cell",
      "banner": "sealed Stage 4; scientific admission also requires complete declared populations"
    },
    {
      "phase": "immediate:38",
      "identity_check_kind": "in_memory_structure_and_configuration",
      "recipe_verification_seconds": 0.0,
      "identity_verification_seconds": 0.0,
      "identity_check_seconds": 0.002771572966594249,
      "state_hash_seconds": 0.09152397705474868,
      "clone_seconds": 0.005897474009543657,
      "restore_seconds": 0.0033570840023458004,
      "file_write_seconds": 0.012392472999636084,
      "operation_seconds": 0.27457076200516894,
      "total_phase_seconds": 0.3906257399939932,
      "scope": "file writes include journal intent/add/flush; excludes this timing receipt and checkpoint writes",
      "mode": "stage4_sealed_cell",
      "banner": "sealed Stage 4; scientific admission also requires complete declared populations"
    },
    {
      "phase": "edit:39",
      "identity_check_kind": "in_memory_structure_and_configuration",
      "recipe_verification_seconds": 0.0,
      "identity_verification_seconds": 0.0,
      "identity_check_seconds": 0.001948945049662143,
      "state_hash_seconds": 0.07482213497860357,
      "clone_seconds": 0.007387318997643888,
      "restore_seconds": 0.0,
      "file_write_seconds": 0.01232592499582097,
      "operation_seconds": 0.29166872397763655,
      "total_phase_seconds": 0.38825316197471693,
      "scope": "file writes include journal intent/add/flush; excludes this timing receipt and checkpoint writes",
      "mode": "stage4_sealed_cell",
      "banner": "sealed Stage 4; scientific admission also requires complete declared populations"
    },
    {
      "phase": "immediate:39",
      "identity_check_kind": "in_memory_structure_and_configuration",
      "recipe_verification_seconds": 0.0,
      "identity_verification_seconds": 0.0,
      "identity_check_seconds": 0.0017455549677833915,
      "state_hash_seconds": 0.08974290400510654,
      "clone_seconds": 0.005886453029233962,
      "restore_seconds": 0.0023140059784054756,
      "file_write_seconds": 0.012355792976450175,
      "operation_seconds": 0.27827669598627836,
      "total_phase_seconds": 0.39043499500257894,
      "scope": "file writes include journal intent/add/flush; excludes this timing receipt and checkpoint writes",
      "mode": "stage4_sealed_cell",
      "banner": "sealed Stage 4; scientific admission also requires complete declared populations"
    },
    {
      "phase": "edit:40",
      "identity_check_kind": "in_memory_structure_and_configuration",
      "recipe_verification_seconds": 0.0,
      "identity_verification_seconds": 0.0,
      "identity_check_seconds": 0.001848391955718398,
      "state_hash_seconds": 0.07557205198099837,
      "clone_seconds": 0.006598798034247011,
      "restore_seconds": 0.0,
      "file_write_seconds": 0.012267272977624089,
      "operation_seconds": 0.29723461298272014,
      "total_phase_seconds": 0.3936169139924459,
      "scope": "file writes include journal intent/add/flush; excludes this timing receipt and checkpoint writes",
      "mode": "stage4_sealed_cell",
      "banner": "sealed Stage 4; scientific admission also requires complete declared populations"
    },
    {
      "phase": "immediate:40",
      "identity_check_kind": "in_memory_structure_and_configuration",
      "recipe_verification_seconds": 0.0,
      "identity_verification_seconds": 0.0,
      "identity_check_seconds": 0.0017973450012505054,
      "state_hash_seconds": 0.08896732801804319,
      "clone_seconds": 0.006036892009433359,
      "restore_seconds": 0.0019462599884718657,
      "file_write_seconds": 0.012328709999565035,
      "operation_seconds": 0.2752886679954827,
      "total_phase_seconds": 0.38647019502241164,
      "scope": "file writes include journal intent/add/flush; excludes this timing receipt and checkpoint writes",
      "mode": "stage4_sealed_cell",
      "banner": "sealed Stage 4; scientific admission also requires complete declared populations"
    },
    {
      "phase": "edit:41",
      "identity_check_kind": "in_memory_structure_and_configuration",
      "recipe_verification_seconds": 0.0,
      "identity_verification_seconds": 0.0,
      "identity_check_seconds": 0.0018688529962673783,
      "state_hash_seconds": 0.07264531194232404,
      "clone_seconds": 0.006792939966544509,
      "restore_seconds": 0.0,
      "file_write_seconds": 0.0012259799987077713,
      "operation_seconds": 0.4548169290064834,
      "total_phase_seconds": 0.5374452259857208,
      "scope": "file writes include journal intent/add/flush; excludes this timing receipt and checkpoint writes",
      "mode": "stage4_sealed_cell",
      "banner": "sealed Stage 4; scientific admission also requires complete declared populations"
    },
    {
      "phase": "immediate:41",
      "identity_check_kind": "in_memory_structure_and_configuration",
      "recipe_verification_seconds": 0.0,
      "identity_verification_seconds": 0.0,
      "identity_check_seconds": 0.0017663759645074606,
      "state_hash_seconds": 0.09236158395651728,
      "clone_seconds": 0.005602718971204013,
      "restore_seconds": 0.0019344579777680337,
      "file_write_seconds": 0.012159877049271017,
      "operation_seconds": 0.3208696549991146,
      "total_phase_seconds": 0.4348020150209777,
      "scope": "file writes include journal intent/add/flush; excludes this timing receipt and checkpoint writes",
      "mode": "stage4_sealed_cell",
      "banner": "sealed Stage 4; scientific admission also requires complete declared populations"
    },
    {
      "phase": "edit:42",
      "identity_check_kind": "in_memory_structure_and_configuration",
      "recipe_verification_seconds": 0.0,
      "identity_verification_seconds": 0.0,
      "identity_check_seconds": 0.0017744210199452937,
      "state_hash_seconds": 0.07479419303126633,
      "clone_seconds": 0.006994897965341806,
      "restore_seconds": 0.0,
      "file_write_seconds": 0.012290527985896915,
      "operation_seconds": 0.2920146069955081,
      "total_phase_seconds": 0.3879590889555402,
      "scope": "file writes include journal intent/add/flush; excludes this timing receipt and checkpoint writes",
      "mode": "stage4_sealed_cell",
      "banner": "sealed Stage 4; scientific admission also requires complete declared populations"
    },
    {
      "phase": "immediate:42",
      "identity_check_kind": "in_memory_structure_and_configuration",
      "recipe_verification_seconds": 0.0,
      "identity_verification_seconds": 0.0,
      "identity_check_seconds": 0.0017940900288522243,
      "state_hash_seconds": 0.09042664599837735,
      "clone_seconds": 0.0064181910129264,
      "restore_seconds": 0.0018841809942387044,
      "file_write_seconds": 0.012128798000048846,
      "operation_seconds": 0.2736886820057407,
      "total_phase_seconds": 0.3864432529662736,
      "scope": "file writes include journal intent/add/flush; excludes this timing receipt and checkpoint writes",
      "mode": "stage4_sealed_cell",
      "banner": "sealed Stage 4; scientific admission also requires complete declared populations"
    },
    {
      "phase": "edit:43",
      "identity_check_kind": "in_memory_structure_and_configuration",
      "recipe_verification_seconds": 0.0,
      "identity_verification_seconds": 0.0,
      "identity_check_seconds": 0.0017980060074478388,
      "state_hash_seconds": 0.07308492390438914,
      "clone_seconds": 0.007153191021643579,
      "restore_seconds": 0.0,
      "file_write_seconds": 0.012148505949880928,
      "operation_seconds": 0.28798770997673273,
      "total_phase_seconds": 0.38225429400336,
      "scope": "file writes include journal intent/add/flush; excludes this timing receipt and checkpoint writes",
      "mode": "stage4_sealed_cell",
      "banner": "sealed Stage 4; scientific admission also requires complete declared populations"
    },
    {
      "phase": "immediate:43",
      "identity_check_kind": "in_memory_structure_and_configuration",
      "recipe_verification_seconds": 0.0,
      "identity_verification_seconds": 0.0,
      "identity_check_seconds": 0.0018563790363259614,
      "state_hash_seconds": 0.08896415203344077,
      "clone_seconds": 0.006634927005507052,
      "restore_seconds": 0.002116538002155721,
      "file_write_seconds": 0.01220301998546347,
      "operation_seconds": 0.27048556302906945,
      "total_phase_seconds": 0.38235587801318616,
      "scope": "file writes include journal intent/add/flush; excludes this timing receipt and checkpoint writes",
      "mode": "stage4_sealed_cell",
      "banner": "sealed Stage 4; scientific admission also requires complete declared populations"
    },
    {
      "phase": "edit:44",
      "identity_check_kind": "in_memory_structure_and_configuration",
      "recipe_verification_seconds": 0.0,
      "identity_verification_seconds": 0.0,
      "identity_check_seconds": 0.0021124890190549195,
      "state_hash_seconds": 0.07315723405918106,
      "clone_seconds": 0.007397809997200966,
      "restore_seconds": 0.0,
      "file_write_seconds": 0.012264407007023692,
      "operation_seconds": 0.7490504289744422,
      "total_phase_seconds": 0.8440788540174253,
      "scope": "file writes include journal intent/add/flush; excludes this timing receipt and checkpoint writes",
      "mode": "stage4_sealed_cell",
      "banner": "sealed Stage 4; scientific admission also requires complete declared populations"
    },
    {
      "phase": "immediate:44",
      "identity_check_kind": "in_memory_structure_and_configuration",
      "recipe_verification_seconds": 0.0,
      "identity_verification_seconds": 0.0,
      "identity_check_seconds": 0.0017868240247480571,
      "state_hash_seconds": 0.09154416708042845,
      "clone_seconds": 0.0062860590405762196,
      "restore_seconds": 0.0019576629856601357,
      "file_write_seconds": 0.012184114020783454,
      "operation_seconds": 0.40602049801964313,
      "total_phase_seconds": 0.5198770519928075,
      "scope": "file writes include journal intent/add/flush; excludes this timing receipt and checkpoint writes",
      "mode": "stage4_sealed_cell",
      "banner": "sealed Stage 4; scientific admission also requires complete declared populations"
    },
    {
      "phase": "edit:45",
      "identity_check_kind": "in_memory_structure_and_configuration",
      "recipe_verification_seconds": 0.0,
      "identity_verification_seconds": 0.0,
      "identity_check_seconds": 0.0018144580535590649,
      "state_hash_seconds": 0.07474538695532829,
      "clone_seconds": 0.006044985959306359,
      "restore_seconds": 0.0,
      "file_write_seconds": 0.012245851976331323,
      "operation_seconds": 0.45474034099606797,
      "total_phase_seconds": 0.5496912979870103,
      "scope": "file writes include journal intent/add/flush; excludes this timing receipt and checkpoint writes",
      "mode": "stage4_sealed_cell",
      "banner": "sealed Stage 4; scientific admission also requires complete declared populations"
    },
    {
      "phase": "immediate:45",
      "identity_check_kind": "in_memory_structure_and_configuration",
      "recipe_verification_seconds": 0.0,
      "identity_verification_seconds": 0.0,
      "identity_check_seconds": 0.0017956520314328372,
      "state_hash_seconds": 0.0907173510058783,
      "clone_seconds": 0.005888006009627134,
      "restore_seconds": 0.0020481059909798205,
      "file_write_seconds": 0.012327218020800501,
      "operation_seconds": 0.3182696119765751,
      "total_phase_seconds": 0.43115371197927743,
      "scope": "file writes include journal intent/add/flush; excludes this timing receipt and checkpoint writes",
      "mode": "stage4_sealed_cell",
      "banner": "sealed Stage 4; scientific admission also requires complete declared populations"
    },
    {
      "phase": "edit:46",
      "identity_check_kind": "in_memory_structure_and_configuration",
      "recipe_verification_seconds": 0.0,
      "identity_verification_seconds": 0.0,
      "identity_check_seconds": 0.0018098189611919224,
      "state_hash_seconds": 0.07309058599639684,
      "clone_seconds": 0.006176989991217852,
      "restore_seconds": 0.0,
      "file_write_seconds": 0.01222551305545494,
      "operation_seconds": 0.30396715697133914,
      "total_phase_seconds": 0.39735314494464546,
      "scope": "file writes include journal intent/add/flush; excludes this timing receipt and checkpoint writes",
      "mode": "stage4_sealed_cell",
      "banner": "sealed Stage 4; scientific admission also requires complete declared populations"
    },
    {
      "phase": "immediate:46",
      "identity_check_kind": "in_memory_structure_and_configuration",
      "recipe_verification_seconds": 0.0,
      "identity_verification_seconds": 0.0,
      "identity_check_seconds": 0.001912806008476764,
      "state_hash_seconds": 0.09369457903085276,
      "clone_seconds": 0.0064633890287950635,
      "restore_seconds": 0.0021153039997443557,
      "file_write_seconds": 0.01237334602046758,
      "operation_seconds": 0.2750575249665417,
      "total_phase_seconds": 0.3917257889988832,
      "scope": "file writes include journal intent/add/flush; excludes this timing receipt and checkpoint writes",
      "mode": "stage4_sealed_cell",
      "banner": "sealed Stage 4; scientific admission also requires complete declared populations"
    },
    {
      "phase": "edit:47",
      "identity_check_kind": "in_memory_structure_and_configuration",
      "recipe_verification_seconds": 0.0,
      "identity_verification_seconds": 0.0,
      "identity_check_seconds": 0.002562260953709483,
      "state_hash_seconds": 0.07553433993598446,
      "clone_seconds": 0.007577202981337905,
      "restore_seconds": 0.0,
      "file_write_seconds": 0.012187451007775962,
      "operation_seconds": 0.30339423898840323,
      "total_phase_seconds": 0.40135939401807263,
      "scope": "file writes include journal intent/add/flush; excludes this timing receipt and checkpoint writes",
      "mode": "stage4_sealed_cell",
      "banner": "sealed Stage 4; scientific admission also requires complete declared populations"
    },
    {
      "phase": "immediate:47",
      "identity_check_kind": "in_memory_structure_and_configuration",
      "recipe_verification_seconds": 0.0,
      "identity_verification_seconds": 0.0,
      "identity_check_seconds": 0.0018466899637132883,
      "state_hash_seconds": 0.0926618390949443,
      "clone_seconds": 0.0064491109806112945,
      "restore_seconds": 0.0018654560553841293,
      "file_write_seconds": 0.012215363967698067,
      "operation_seconds": 0.2784997539711185,
      "total_phase_seconds": 0.39364319399464875,
      "scope": "file writes include journal intent/add/flush; excludes this timing receipt and checkpoint writes",
      "mode": "stage4_sealed_cell",
      "banner": "sealed Stage 4; scientific admission also requires complete declared populations"
    },
    {
      "phase": "edit:48",
      "identity_check_kind": "in_memory_structure_and_configuration",
      "recipe_verification_seconds": 0.0,
      "identity_verification_seconds": 0.0,
      "identity_check_seconds": 0.001742900989484042,
      "state_hash_seconds": 0.07544796395814046,
      "clone_seconds": 0.006529384991154075,
      "restore_seconds": 0.0,
      "file_write_seconds": 0.012174625997431576,
      "operation_seconds": 0.6124860499985516,
      "total_phase_seconds": 0.7084759479621425,
      "scope": "file writes include journal intent/add/flush; excludes this timing receipt and checkpoint writes",
      "mode": "stage4_sealed_cell",
      "banner": "sealed Stage 4; scientific admission also requires complete declared populations"
    },
    {
      "phase": "immediate:48",
      "identity_check_kind": "in_memory_structure_and_configuration",
      "recipe_verification_seconds": 0.0,
      "identity_verification_seconds": 0.0,
      "identity_check_seconds": 0.001871216984000057,
      "state_hash_seconds": 0.09298314497573301,
      "clone_seconds": 0.006046770024113357,
      "restore_seconds": 0.0021717119961977005,
      "file_write_seconds": 0.01233233796665445,
      "operation_seconds": 0.32184584700735286,
      "total_phase_seconds": 0.4373559699743055,
      "scope": "file writes include journal intent/add/flush; excludes this timing receipt and checkpoint writes",
      "mode": "stage4_sealed_cell",
      "banner": "sealed Stage 4; scientific admission also requires complete declared populations"
    },
    {
      "phase": "edit:49",
      "identity_check_kind": "in_memory_structure_and_configuration",
      "recipe_verification_seconds": 0.0,
      "identity_verification_seconds": 0.0,
      "identity_check_seconds": 0.0017870760639198124,
      "state_hash_seconds": 0.07405522401677445,
      "clone_seconds": 0.006125390995293856,
      "restore_seconds": 0.0,
      "file_write_seconds": 0.01238305598963052,
      "operation_seconds": 0.7544957060017623,
      "total_phase_seconds": 0.8489348619477823,
      "scope": "file writes include journal intent/add/flush; excludes this timing receipt and checkpoint writes",
      "mode": "stage4_sealed_cell",
      "banner": "sealed Stage 4; scientific admission also requires complete declared populations"
    },
    {
      "phase": "immediate:49",
      "identity_check_kind": "in_memory_structure_and_configuration",
      "recipe_verification_seconds": 0.0,
      "identity_verification_seconds": 0.0,
      "identity_check_seconds": 0.001803778053727001,
      "state_hash_seconds": 0.09081271494505927,
      "clone_seconds": 0.0059445740189403296,
      "restore_seconds": 0.002351987990550697,
      "file_write_seconds": 0.012218118994496763,
      "operation_seconds": 0.3606718059745617,
      "total_phase_seconds": 0.47390798100968823,
      "scope": "file writes include journal intent/add/flush; excludes this timing receipt and checkpoint writes",
      "mode": "stage4_sealed_cell",
      "banner": "sealed Stage 4; scientific admission also requires complete declared populations"
    },
    {
      "phase": "edit:50",
      "identity_check_kind": "in_memory_structure_and_configuration",
      "recipe_verification_seconds": 0.0,
      "identity_verification_seconds": 0.0,
      "identity_check_seconds": 0.0018657460459508002,
      "state_hash_seconds": 0.07395517406985164,
      "clone_seconds": 0.006898122024722397,
      "restore_seconds": 0.0,
      "file_write_seconds": 0.012298022047616541,
      "operation_seconds": 0.28202400798909366,
      "total_phase_seconds": 0.3771275170147419,
      "scope": "file writes include journal intent/add/flush; excludes this timing receipt and checkpoint writes",
      "mode": "stage4_sealed_cell",
      "banner": "sealed Stage 4; scientific admission also requires complete declared populations"
    },
    {
      "phase": "immediate:50",
      "identity_check_kind": "in_memory_structure_and_configuration",
      "recipe_verification_seconds": 0.0,
      "identity_verification_seconds": 0.0,
      "identity_check_seconds": 0.0018216119497083127,
      "state_hash_seconds": 0.09069183201063424,
      "clone_seconds": 0.00669364002533257,
      "restore_seconds": 0.0019941829959861934,
      "file_write_seconds": 0.0013232060009613633,
      "operation_seconds": 0.2746656740200706,
      "total_phase_seconds": 0.37731221196008846,
      "scope": "file writes include journal intent/add/flush; excludes this timing receipt and checkpoint writes",
      "mode": "stage4_sealed_cell",
      "banner": "sealed Stage 4; scientific admission also requires complete declared populations"
    },
    {
      "phase": "edit:51",
      "identity_check_kind": "in_memory_structure_and_configuration",
      "recipe_verification_seconds": 0.0,
      "identity_verification_seconds": 0.0,
      "identity_check_seconds": 0.0019318520207889378,
      "state_hash_seconds": 0.0725722829811275,
      "clone_seconds": 0.005686610005795956,
      "restore_seconds": 0.0,
      "file_write_seconds": 0.012155087955761701,
      "operation_seconds": 0.45634865504689515,
      "total_phase_seconds": 0.5487910219817422,
      "scope": "file writes include journal intent/add/flush; excludes this timing receipt and checkpoint writes",
      "mode": "stage4_sealed_cell",
      "banner": "sealed Stage 4; scientific admission also requires complete declared populations"
    },
    {
      "phase": "immediate:51",
      "identity_check_kind": "in_memory_structure_and_configuration",
      "recipe_verification_seconds": 0.0,
      "identity_verification_seconds": 0.0,
      "identity_check_seconds": 0.0017546230228617787,
      "state_hash_seconds": 0.08974084304645658,
      "clone_seconds": 0.006621912005357444,
      "restore_seconds": 0.001903578988276422,
      "file_write_seconds": 0.012135079014115036,
      "operation_seconds": 0.3182679390301928,
      "total_phase_seconds": 0.430532771977596,
      "scope": "file writes include journal intent/add/flush; excludes this timing receipt and checkpoint writes",
      "mode": "stage4_sealed_cell",
      "banner": "sealed Stage 4; scientific admission also requires complete declared populations"
    },
    {
      "phase": "edit:52",
      "identity_check_kind": "in_memory_structure_and_configuration",
      "recipe_verification_seconds": 0.0,
      "identity_verification_seconds": 0.0,
      "identity_check_seconds": 0.0018061430309899151,
      "state_hash_seconds": 0.07292959600454196,
      "clone_seconds": 0.006144888000562787,
      "restore_seconds": 0.0,
      "file_write_seconds": 0.012196215975563973,
      "operation_seconds": 0.30256999999983236,
      "total_phase_seconds": 0.39573194697732106,
      "scope": "file writes include journal intent/add/flush; excludes this timing receipt and checkpoint writes",
      "mode": "stage4_sealed_cell",
      "banner": "sealed Stage 4; scientific admission also requires complete declared populations"
    },
    {
      "phase": "immediate:52",
      "identity_check_kind": "in_memory_structure_and_configuration",
      "recipe_verification_seconds": 0.0,
      "identity_verification_seconds": 0.0,
      "identity_check_seconds": 0.0017740410403348505,
      "state_hash_seconds": 0.0889059299370274,
      "clone_seconds": 0.007228495029266924,
      "restore_seconds": 0.0019313429947942495,
      "file_write_seconds": 0.012139006983488798,
      "operation_seconds": 0.2752733390079811,
      "total_phase_seconds": 0.38734726596158,
      "scope": "file writes include journal intent/add/flush; excludes this timing receipt and checkpoint writes",
      "mode": "stage4_sealed_cell",
      "banner": "sealed Stage 4; scientific admission also requires complete declared populations"
    },
    {
      "phase": "edit:53",
      "identity_check_kind": "in_memory_structure_and_configuration",
      "recipe_verification_seconds": 0.0,
      "identity_verification_seconds": 0.0,
      "identity_check_seconds": 0.0018229539855383337,
      "state_hash_seconds": 0.07295405399054289,
      "clone_seconds": 0.006112095026765019,
      "restore_seconds": 0.0,
      "file_write_seconds": 0.01216746203135699,
      "operation_seconds": 0.45582901895977557,
      "total_phase_seconds": 0.5489706769585609,
      "scope": "file writes include journal intent/add/flush; excludes this timing receipt and checkpoint writes",
      "mode": "stage4_sealed_cell",
      "banner": "sealed Stage 4; scientific admission also requires complete declared populations"
    },
    {
      "phase": "immediate:53",
      "identity_check_kind": "in_memory_structure_and_configuration",
      "recipe_verification_seconds": 0.0,
      "identity_verification_seconds": 0.0,
      "identity_check_seconds": 0.0017969440086744726,
      "state_hash_seconds": 0.09071992704411969,
      "clone_seconds": 0.006114199990406632,
      "restore_seconds": 0.0027448409819044173,
      "file_write_seconds": 0.01220618502702564,
      "operation_seconds": 0.31800238002324477,
      "total_phase_seconds": 0.43169079098151997,
      "scope": "file writes include journal intent/add/flush; excludes this timing receipt and checkpoint writes",
      "mode": "stage4_sealed_cell",
      "banner": "sealed Stage 4; scientific admission also requires complete declared populations"
    },
    {
      "phase": "edit:54",
      "identity_check_kind": "in_memory_structure_and_configuration",
      "recipe_verification_seconds": 0.0,
      "identity_verification_seconds": 0.0,
      "identity_check_seconds": 0.001794388983398676,
      "state_hash_seconds": 0.07214023295091465,
      "clone_seconds": 0.007101340976078063,
      "restore_seconds": 0.0,
      "file_write_seconds": 0.012216706993058324,
      "operation_seconds": 0.5921984740416519,
      "total_phase_seconds": 0.6855433020391501,
      "scope": "file writes include journal intent/add/flush; excludes this timing receipt and checkpoint writes",
      "mode": "stage4_sealed_cell",
      "banner": "sealed Stage 4; scientific admission also requires complete declared populations"
    },
    {
      "phase": "immediate:54",
      "identity_check_kind": "in_memory_structure_and_configuration",
      "recipe_verification_seconds": 0.0,
      "identity_verification_seconds": 0.0,
      "identity_check_seconds": 0.0017990890191867948,
      "state_hash_seconds": 0.09034145309124142,
      "clone_seconds": 0.006454912014305592,
      "restore_seconds": 0.002515501982998103,
      "file_write_seconds": 0.012181549041997641,
      "operation_seconds": 0.36395849601831287,
      "total_phase_seconds": 0.4773448489722796,
      "scope": "file writes include journal intent/add/flush; excludes this timing receipt and checkpoint writes",
      "mode": "stage4_sealed_cell",
      "banner": "sealed Stage 4; scientific admission also requires complete declared populations"
    },
    {
      "phase": "edit:55",
      "identity_check_kind": "in_memory_structure_and_configuration",
      "recipe_verification_seconds": 0.0,
      "identity_verification_seconds": 0.0,
      "identity_check_seconds": 0.0018473709933459759,
      "state_hash_seconds": 0.07258465699851513,
      "clone_seconds": 0.006642271997407079,
      "restore_seconds": 0.0,
      "file_write_seconds": 0.01233107497682795,
      "operation_seconds": 0.291379300004337,
      "total_phase_seconds": 0.38490430399542674,
      "scope": "file writes include journal intent/add/flush; excludes this timing receipt and checkpoint writes",
      "mode": "stage4_sealed_cell",
      "banner": "sealed Stage 4; scientific admission also requires complete declared populations"
    },
    {
      "phase": "immediate:55",
      "identity_check_kind": "in_memory_structure_and_configuration",
      "recipe_verification_seconds": 0.0,
      "identity_verification_seconds": 0.0,
      "identity_check_seconds": 0.0018571899854578078,
      "state_hash_seconds": 0.09178267396055162,
      "clone_seconds": 0.007277510012499988,
      "restore_seconds": 0.002066351007670164,
      "file_write_seconds": 0.0121828310075216,
      "operation_seconds": 0.27548826101701707,
      "total_phase_seconds": 0.3907592059695162,
      "scope": "file writes include journal intent/add/flush; excludes this timing receipt and checkpoint writes",
      "mode": "stage4_sealed_cell",
      "banner": "sealed Stage 4; scientific admission also requires complete declared populations"
    },
    {
      "phase": "edit:56",
      "identity_check_kind": "in_memory_structure_and_configuration",
      "recipe_verification_seconds": 0.0,
      "identity_verification_seconds": 0.0,
      "identity_check_seconds": 0.0018786099390126765,
      "state_hash_seconds": 0.074721252953168,
      "clone_seconds": 0.006739687989465892,
      "restore_seconds": 0.0,
      "file_write_seconds": 0.006328230025246739,
      "operation_seconds": 0.751911642961204,
      "total_phase_seconds": 0.8416713289916515,
      "scope": "file writes include journal intent/add/flush; excludes this timing receipt and checkpoint writes",
      "mode": "stage4_sealed_cell",
      "banner": "sealed Stage 4; scientific admission also requires complete declared populations"
    },
    {
      "phase": "immediate:56",
      "identity_check_kind": "in_memory_structure_and_configuration",
      "recipe_verification_seconds": 0.0,
      "identity_verification_seconds": 0.0,
      "identity_check_seconds": 0.001832733047194779,
      "state_hash_seconds": 0.090515194053296,
      "clone_seconds": 0.006567328004166484,
      "restore_seconds": 0.0018897320260293782,
      "file_write_seconds": 0.012287631980143487,
      "operation_seconds": 0.36350280203623697,
      "total_phase_seconds": 0.47670030302833766,
      "scope": "file writes include journal intent/add/flush; excludes this timing receipt and checkpoint writes",
      "mode": "stage4_sealed_cell",
      "banner": "sealed Stage 4; scientific admission also requires complete declared populations"
    },
    {
      "phase": "edit:57",
      "identity_check_kind": "in_memory_structure_and_configuration",
      "recipe_verification_seconds": 0.0,
      "identity_verification_seconds": 0.0,
      "identity_check_seconds": 0.0018101000459864736,
      "state_hash_seconds": 0.07284163899021223,
      "clone_seconds": 0.00713311304571107,
      "restore_seconds": 0.0,
      "file_write_seconds": 0.012273604981601238,
      "operation_seconds": 0.4677982410066761,
      "total_phase_seconds": 0.5619573389994912,
      "scope": "file writes include journal intent/add/flush; excludes this timing receipt and checkpoint writes",
      "mode": "stage4_sealed_cell",
      "banner": "sealed Stage 4; scientific admission also requires complete declared populations"
    },
    {
      "phase": "immediate:57",
      "identity_check_kind": "in_memory_structure_and_configuration",
      "recipe_verification_seconds": 0.0,
      "identity_verification_seconds": 0.0,
      "identity_check_seconds": 0.001793308008927852,
      "state_hash_seconds": 0.0900981550803408,
      "clone_seconds": 0.007468275027349591,
      "restore_seconds": 0.0026249809889122844,
      "file_write_seconds": 0.001353154017124325,
      "operation_seconds": 0.32002725097117946,
      "total_phase_seconds": 0.4234616990434006,
      "scope": "file writes include journal intent/add/flush; excludes this timing receipt and checkpoint writes",
      "mode": "stage4_sealed_cell",
      "banner": "sealed Stage 4; scientific admission also requires complete declared populations"
    },
    {
      "phase": "edit:58",
      "identity_check_kind": "in_memory_structure_and_configuration",
      "recipe_verification_seconds": 0.0,
      "identity_verification_seconds": 0.0,
      "identity_check_seconds": 0.0017888490110635757,
      "state_hash_seconds": 0.07392488402547315,
      "clone_seconds": 0.006110151007305831,
      "restore_seconds": 0.0,
      "file_write_seconds": 0.012200865952763706,
      "operation_seconds": 0.29045358597068116,
      "total_phase_seconds": 0.3845698020304553,
      "scope": "file writes include journal intent/add/flush; excludes this timing receipt and checkpoint writes",
      "mode": "stage4_sealed_cell",
      "banner": "sealed Stage 4; scientific admission also requires complete declared populations"
    },
    {
      "phase": "immediate:58",
      "identity_check_kind": "in_memory_structure_and_configuration",
      "recipe_verification_seconds": 0.0,
      "identity_verification_seconds": 0.0,
      "identity_check_seconds": 0.0018585830111987889,
      "state_hash_seconds": 0.08976920606801286,
      "clone_seconds": 0.00760984601220116,
      "restore_seconds": 0.0019067049724981189,
      "file_write_seconds": 0.012333068996667862,
      "operation_seconds": 0.27352300396887586,
      "total_phase_seconds": 0.3871115949586965,
      "scope": "file writes include journal intent/add/flush; excludes this timing receipt and checkpoint writes",
      "mode": "stage4_sealed_cell",
      "banner": "sealed Stage 4; scientific admission also requires complete declared populations"
    },
    {
      "phase": "edit:59",
      "identity_check_kind": "in_memory_structure_and_configuration",
      "recipe_verification_seconds": 0.0,
      "identity_verification_seconds": 0.0,
      "identity_check_seconds": 0.0017981059500016272,
      "state_hash_seconds": 0.07383388205198571,
      "clone_seconds": 0.006775807996746153,
      "restore_seconds": 0.0,
      "file_write_seconds": 0.012311036989558488,
      "operation_seconds": 0.6256137219606899,
      "total_phase_seconds": 0.7204216250102036,
      "scope": "file writes include journal intent/add/flush; excludes this timing receipt and checkpoint writes",
      "mode": "stage4_sealed_cell",
      "banner": "sealed Stage 4; scientific admission also requires complete declared populations"
    },
    {
      "phase": "immediate:59",
      "identity_check_kind": "in_memory_structure_and_configuration",
      "recipe_verification_seconds": 0.0,
      "identity_verification_seconds": 0.0,
      "identity_check_seconds": 0.0017515160143375397,
      "state_hash_seconds": 0.09234420099528506,
      "clone_seconds": 0.0059372789692133665,
      "restore_seconds": 0.002047574962489307,
      "file_write_seconds": 0.012292411003727466,
      "operation_seconds": 0.32078771898522973,
      "total_phase_seconds": 0.43527049297699705,
      "scope": "file writes include journal intent/add/flush; excludes this timing receipt and checkpoint writes",
      "mode": "stage4_sealed_cell",
      "banner": "sealed Stage 4; scientific admission also requires complete declared populations"
    },
    {
      "phase": "edit:60",
      "identity_check_kind": "in_memory_structure_and_configuration",
      "recipe_verification_seconds": 0.0,
      "identity_verification_seconds": 0.0,
      "identity_check_seconds": 0.0019765980541706085,
      "state_hash_seconds": 0.07275564398150891,
      "clone_seconds": 0.0065377409919165075,
      "restore_seconds": 0.0,
      "file_write_seconds": 0.012453089002519846,
      "operation_seconds": 0.44705364905530587,
      "total_phase_seconds": 0.5408659520326182,
      "scope": "file writes include journal intent/add/flush; excludes this timing receipt and checkpoint writes",
      "mode": "stage4_sealed_cell",
      "banner": "sealed Stage 4; scientific admission also requires complete declared populations"
    },
    {
      "phase": "immediate:60",
      "identity_check_kind": "in_memory_structure_and_configuration",
      "recipe_verification_seconds": 0.0,
      "identity_verification_seconds": 0.0,
      "identity_check_seconds": 0.001865976955741644,
      "state_hash_seconds": 0.09019522205926478,
      "clone_seconds": 0.008403486979659647,
      "restore_seconds": 0.001957051979843527,
      "file_write_seconds": 0.012254659028258175,
      "operation_seconds": 0.31833530799485743,
      "total_phase_seconds": 0.43312299699755386,
      "scope": "file writes include journal intent/add/flush; excludes this timing receipt and checkpoint writes",
      "mode": "stage4_sealed_cell",
      "banner": "sealed Stage 4; scientific admission also requires complete declared populations"
    },
    {
      "phase": "edit:61",
      "identity_check_kind": "in_memory_structure_and_configuration",
      "recipe_verification_seconds": 0.0,
      "identity_verification_seconds": 0.0,
      "identity_check_seconds": 0.0018423519795760512,
      "state_hash_seconds": 0.07477636897237971,
      "clone_seconds": 0.006246992968954146,
      "restore_seconds": 0.0,
      "file_write_seconds": 0.012183152022771537,
      "operation_seconds": 0.624071967031341,
      "total_phase_seconds": 0.7192179569974542,
      "scope": "file writes include journal intent/add/flush; excludes this timing receipt and checkpoint writes",
      "mode": "stage4_sealed_cell",
      "banner": "sealed Stage 4; scientific admission also requires complete declared populations"
    },
    {
      "phase": "immediate:61",
      "identity_check_kind": "in_memory_structure_and_configuration",
      "recipe_verification_seconds": 0.0,
      "identity_verification_seconds": 0.0,
      "identity_check_seconds": 0.0018045890610665083,
      "state_hash_seconds": 0.08980486303335056,
      "clone_seconds": 0.007063710014335811,
      "restore_seconds": 0.002091379021294415,
      "file_write_seconds": 0.014640523004345596,
      "operation_seconds": 0.3218956420314498,
      "total_phase_seconds": 0.4373965880367905,
      "scope": "file writes include journal intent/add/flush; excludes this timing receipt and checkpoint writes",
      "mode": "stage4_sealed_cell",
      "banner": "sealed Stage 4; scientific admission also requires complete declared populations"
    },
    {
      "phase": "edit:62",
      "identity_check_kind": "in_memory_structure_and_configuration",
      "recipe_verification_seconds": 0.0,
      "identity_verification_seconds": 0.0,
      "identity_check_seconds": 0.0018800339894369245,
      "state_hash_seconds": 0.07442695909412578,
      "clone_seconds": 0.006381623039487749,
      "restore_seconds": 0.0,
      "file_write_seconds": 0.012181177968159318,
      "operation_seconds": 0.4617712780018337,
      "total_phase_seconds": 0.5567240189993754,
      "scope": "file writes include journal intent/add/flush; excludes this timing receipt and checkpoint writes",
      "mode": "stage4_sealed_cell",
      "banner": "sealed Stage 4; scientific admission also requires complete declared populations"
    },
    {
      "phase": "immediate:62",
      "identity_check_kind": "in_memory_structure_and_configuration",
      "recipe_verification_seconds": 0.0,
      "identity_verification_seconds": 0.0,
      "identity_check_seconds": 0.0018725789850577712,
      "state_hash_seconds": 0.0904317440581508,
      "clone_seconds": 0.006948889989871532,
      "restore_seconds": 0.001968302996829152,
      "file_write_seconds": 0.012209472013637424,
      "operation_seconds": 0.3994558750418946,
      "total_phase_seconds": 0.5129967340035364,
      "scope": "file writes include journal intent/add/flush; excludes this timing receipt and checkpoint writes",
      "mode": "stage4_sealed_cell",
      "banner": "sealed Stage 4; scientific admission also requires complete declared populations"
    },
    {
      "phase": "edit:63",
      "identity_check_kind": "in_memory_structure_and_configuration",
      "recipe_verification_seconds": 0.0,
      "identity_verification_seconds": 0.0,
      "identity_check_seconds": 0.001776635937858373,
      "state_hash_seconds": 0.07247417489998043,
      "clone_seconds": 0.006298733002040535,
      "restore_seconds": 0.0,
      "file_write_seconds": 0.012227547005750239,
      "operation_seconds": 0.2900068689486943,
      "total_phase_seconds": 0.3828673490206711,
      "scope": "file writes include journal intent/add/flush; excludes this timing receipt and checkpoint writes",
      "mode": "stage4_sealed_cell",
      "banner": "sealed Stage 4; scientific admission also requires complete declared populations"
    },
    {
      "phase": "immediate:63",
      "identity_check_kind": "in_memory_structure_and_configuration",
      "recipe_verification_seconds": 0.0,
      "identity_verification_seconds": 0.0,
      "identity_check_seconds": 0.001767907990142703,
      "state_hash_seconds": 0.09067397098988295,
      "clone_seconds": 0.006264397001359612,
      "restore_seconds": 0.0026738850283436477,
      "file_write_seconds": 0.01224511000327766,
      "operation_seconds": 0.2755655890214257,
      "total_phase_seconds": 0.3892888779519126,
      "scope": "file writes include journal intent/add/flush; excludes this timing receipt and checkpoint writes",
      "mode": "stage4_sealed_cell",
      "banner": "sealed Stage 4; scientific admission also requires complete declared populations"
    },
    {
      "phase": "edit:64",
      "identity_check_kind": "in_memory_structure_and_configuration",
      "recipe_verification_seconds": 0.0,
      "identity_verification_seconds": 0.0,
      "identity_check_seconds": 0.0018526409985497594,
      "state_hash_seconds": 0.07424388593062758,
      "clone_seconds": 0.007497009995859116,
      "restore_seconds": 0.0,
      "file_write_seconds": 0.012199414020869881,
      "operation_seconds": 0.4370234030066058,
      "total_phase_seconds": 0.5329112559556961,
      "scope": "file writes include journal intent/add/flush; excludes this timing receipt and checkpoint writes",
      "mode": "stage4_sealed_cell",
      "banner": "sealed Stage 4; scientific admission also requires complete declared populations"
    },
    {
      "phase": "immediate:64",
      "identity_check_kind": "in_memory_structure_and_configuration",
      "recipe_verification_seconds": 0.0,
      "identity_verification_seconds": 0.0,
      "identity_check_seconds": 0.0018469099886715412,
      "state_hash_seconds": 0.08959846704965457,
      "clone_seconds": 0.006485111021902412,
      "restore_seconds": 0.001974604034330696,
      "file_write_seconds": 0.012246011989191175,
      "operation_seconds": 0.3225046999868937,
      "total_phase_seconds": 0.43475168803706765,
      "scope": "file writes include journal intent/add/flush; excludes this timing receipt and checkpoint writes",
      "mode": "stage4_sealed_cell",
      "banner": "sealed Stage 4; scientific admission also requires complete declared populations"
    },
    {
      "phase": "edit:65",
      "identity_check_kind": "in_memory_structure_and_configuration",
      "recipe_verification_seconds": 0.0,
      "identity_verification_seconds": 0.0,
      "identity_check_seconds": 0.001755826990120113,
      "state_hash_seconds": 0.07304360502166674,
      "clone_seconds": 0.007362131029367447,
      "restore_seconds": 0.0,
      "file_write_seconds": 0.01236922899261117,
      "operation_seconds": 0.7338281419943087,
      "total_phase_seconds": 0.8284488159697503,
      "scope": "file writes include journal intent/add/flush; excludes this timing receipt and checkpoint writes",
      "mode": "stage4_sealed_cell",
      "banner": "sealed Stage 4; scientific admission also requires complete declared populations"
    },
    {
      "phase": "immediate:65",
      "identity_check_kind": "in_memory_structure_and_configuration",
      "recipe_verification_seconds": 0.0,
      "identity_verification_seconds": 0.0,
      "identity_check_seconds": 0.0019898350001312792,
      "state_hash_seconds": 0.0905252430238761,
      "clone_seconds": 0.0065989079885184765,
      "restore_seconds": 0.0021180500043556094,
      "file_write_seconds": 0.012242154974956065,
      "operation_seconds": 0.40755416796309873,
      "total_phase_seconds": 0.5211358950473368,
      "scope": "file writes include journal intent/add/flush; excludes this timing receipt and checkpoint writes",
      "mode": "stage4_sealed_cell",
      "banner": "sealed Stage 4; scientific admission also requires complete declared populations"
    },
    {
      "phase": "edit:66",
      "identity_check_kind": "in_memory_structure_and_configuration",
      "recipe_verification_seconds": 0.0,
      "identity_verification_seconds": 0.0,
      "identity_check_seconds": 0.00176524295238778,
      "state_hash_seconds": 0.07339180394774303,
      "clone_seconds": 0.006505428988020867,
      "restore_seconds": 0.0,
      "file_write_seconds": 0.012219501018989831,
      "operation_seconds": 0.4522445279872045,
      "total_phase_seconds": 0.5462137130089104,
      "scope": "file writes include journal intent/add/flush; excludes this timing receipt and checkpoint writes",
      "mode": "stage4_sealed_cell",
      "banner": "sealed Stage 4; scientific admission also requires complete declared populations"
    },
    {
      "phase": "immediate:66",
      "identity_check_kind": "in_memory_structure_and_configuration",
      "recipe_verification_seconds": 0.0,
      "identity_verification_seconds": 0.0,
      "identity_check_seconds": 0.0017848909483291209,
      "state_hash_seconds": 0.08940972515847534,
      "clone_seconds": 0.006402241007890552,
      "restore_seconds": 0.002063616004306823,
      "file_write_seconds": 0.01244499400490895,
      "operation_seconds": 0.3220650069997646,
      "total_phase_seconds": 0.43427144800079986,
      "scope": "file writes include journal intent/add/flush; excludes this timing receipt and checkpoint writes",
      "mode": "stage4_sealed_cell",
      "banner": "sealed Stage 4; scientific admission also requires complete declared populations"
    },
    {
      "phase": "edit:67",
      "identity_check_kind": "in_memory_structure_and_configuration",
      "recipe_verification_seconds": 0.0,
      "identity_verification_seconds": 0.0,
      "identity_check_seconds": 0.0018107000505551696,
      "state_hash_seconds": 0.0733546910341829,
      "clone_seconds": 0.0062432659906335175,
      "restore_seconds": 0.0,
      "file_write_seconds": 0.012298212968744338,
      "operation_seconds": 0.5881833480088972,
      "total_phase_seconds": 0.6819850419997238,
      "scope": "file writes include journal intent/add/flush; excludes this timing receipt and checkpoint writes",
      "mode": "stage4_sealed_cell",
      "banner": "sealed Stage 4; scientific admission also requires complete declared populations"
    },
    {
      "phase": "immediate:67",
      "identity_check_kind": "in_memory_structure_and_configuration",
      "recipe_verification_seconds": 0.0,
      "identity_verification_seconds": 0.0,
      "identity_check_seconds": 0.0018418499967083335,
      "state_hash_seconds": 0.09107536799274385,
      "clone_seconds": 0.006290216988418251,
      "restore_seconds": 0.0019966569961979985,
      "file_write_seconds": 0.01236084196716547,
      "operation_seconds": 0.3616395110148005,
      "total_phase_seconds": 0.4753035350004211,
      "scope": "file writes include journal intent/add/flush; excludes this timing receipt and checkpoint writes",
      "mode": "stage4_sealed_cell",
      "banner": "sealed Stage 4; scientific admission also requires complete declared populations"
    },
    {
      "phase": "edit:68",
      "identity_check_kind": "in_memory_structure_and_configuration",
      "recipe_verification_seconds": 0.0,
      "identity_verification_seconds": 0.0,
      "identity_check_seconds": 0.0017478899681009352,
      "state_hash_seconds": 0.07322601601481438,
      "clone_seconds": 0.006218498980160803,
      "restore_seconds": 0.0,
      "file_write_seconds": 0.012430525966919959,
      "operation_seconds": 1.0395025020116009,
      "total_phase_seconds": 1.1332138819852844,
      "scope": "file writes include journal intent/add/flush; excludes this timing receipt and checkpoint writes",
      "mode": "stage4_sealed_cell",
      "banner": "sealed Stage 4; scientific admission also requires complete declared populations"
    },
    {
      "phase": "immediate:68",
      "identity_check_kind": "in_memory_structure_and_configuration",
      "recipe_verification_seconds": 0.0,
      "identity_verification_seconds": 0.0,
      "identity_check_seconds": 0.0018611970008350909,
      "state_hash_seconds": 0.09190800390206277,
      "clone_seconds": 0.006301178014837205,
      "restore_seconds": 0.0020468930015340447,
      "file_write_seconds": 0.018724769994150847,
      "operation_seconds": 0.5009148259996437,
      "total_phase_seconds": 0.621873723983299,
      "scope": "file writes include journal intent/add/flush; excludes this timing receipt and checkpoint writes",
      "mode": "stage4_sealed_cell",
      "banner": "sealed Stage 4; scientific admission also requires complete declared populations"
    },
    {
      "phase": "edit:69",
      "identity_check_kind": "in_memory_structure_and_configuration",
      "recipe_verification_seconds": 0.0,
      "identity_verification_seconds": 0.0,
      "identity_check_seconds": 0.0018019640119746327,
      "state_hash_seconds": 0.07376754301367328,
      "clone_seconds": 0.0076805720455013216,
      "restore_seconds": 0.0,
      "file_write_seconds": 0.0014157230034470558,
      "operation_seconds": 0.44774991302983835,
      "total_phase_seconds": 0.5324990050285123,
      "scope": "file writes include journal intent/add/flush; excludes this timing receipt and checkpoint writes",
      "mode": "stage4_sealed_cell",
      "banner": "sealed Stage 4; scientific admission also requires complete declared populations"
    },
    {
      "phase": "immediate:69",
      "identity_check_kind": "in_memory_structure_and_configuration",
      "recipe_verification_seconds": 0.0,
      "identity_verification_seconds": 0.0,
      "identity_check_seconds": 0.0017675379640422761,
      "state_hash_seconds": 0.08993988198926672,
      "clone_seconds": 0.006550406047608703,
      "restore_seconds": 0.0020353819709271193,
      "file_write_seconds": 0.012237937015015632,
      "operation_seconds": 0.3240554219810292,
      "total_phase_seconds": 0.43669163703452796,
      "scope": "file writes include journal intent/add/flush; excludes this timing receipt and checkpoint writes",
      "mode": "stage4_sealed_cell",
      "banner": "sealed Stage 4; scientific admission also requires complete declared populations"
    },
    {
      "phase": "edit:70",
      "identity_check_kind": "in_memory_structure_and_configuration",
      "recipe_verification_seconds": 0.0,
      "identity_verification_seconds": 0.0,
      "identity_check_seconds": 0.0017820470384322107,
      "state_hash_seconds": 0.073973246908281,
      "clone_seconds": 0.006517782981973141,
      "restore_seconds": 0.0,
      "file_write_seconds": 0.012236114009283483,
      "operation_seconds": 0.30511110997758806,
      "total_phase_seconds": 0.39971453096950427,
      "scope": "file writes include journal intent/add/flush; excludes this timing receipt and checkpoint writes",
      "mode": "stage4_sealed_cell",
      "banner": "sealed Stage 4; scientific admission also requires complete declared populations"
    },
    {
      "phase": "immediate:70",
      "identity_check_kind": "in_memory_structure_and_configuration",
      "recipe_verification_seconds": 0.0,
      "identity_verification_seconds": 0.0,
      "identity_check_seconds": 0.0017953919596038759,
      "state_hash_seconds": 0.09166830399772152,
      "clone_seconds": 0.006571836012881249,
      "restore_seconds": 0.0020540080149658024,
      "file_write_seconds": 0.012213320005685091,
      "operation_seconds": 0.27280682197306305,
      "total_phase_seconds": 0.387211816967465,
      "scope": "file writes include journal intent/add/flush; excludes this timing receipt and checkpoint writes",
      "mode": "stage4_sealed_cell",
      "banner": "sealed Stage 4; scientific admission also requires complete declared populations"
    },
    {
      "phase": "edit:71",
      "identity_check_kind": "in_memory_structure_and_configuration",
      "recipe_verification_seconds": 0.0,
      "identity_verification_seconds": 0.0,
      "identity_check_seconds": 0.0018710550502873957,
      "state_hash_seconds": 0.07659454399254173,
      "clone_seconds": 0.00713754101889208,
      "restore_seconds": 0.0,
      "file_write_seconds": 0.012129137990996242,
      "operation_seconds": 0.30074177501956,
      "total_phase_seconds": 0.3985652079572901,
      "scope": "file writes include journal intent/add/flush; excludes this timing receipt and checkpoint writes",
      "mode": "stage4_sealed_cell",
      "banner": "sealed Stage 4; scientific admission also requires complete declared populations"
    },
    {
      "phase": "immediate:71",
      "identity_check_kind": "in_memory_structure_and_configuration",
      "recipe_verification_seconds": 0.0,
      "identity_verification_seconds": 0.0,
      "identity_check_seconds": 0.0017719959723763168,
      "state_hash_seconds": 0.09145167894894257,
      "clone_seconds": 0.006402752012945712,
      "restore_seconds": 0.0022522369981743395,
      "file_write_seconds": 0.012194654031191021,
      "operation_seconds": 0.2741839810041711,
      "total_phase_seconds": 0.3883663290180266,
      "scope": "file writes include journal intent/add/flush; excludes this timing receipt and checkpoint writes",
      "mode": "stage4_sealed_cell",
      "banner": "sealed Stage 4; scientific admission also requires complete declared populations"
    },
    {
      "phase": "edit:72",
      "identity_check_kind": "in_memory_structure_and_configuration",
      "recipe_verification_seconds": 0.0,
      "identity_verification_seconds": 0.0,
      "identity_check_seconds": 0.0017524290014989674,
      "state_hash_seconds": 0.07374416099628434,
      "clone_seconds": 0.006638284015934914,
      "restore_seconds": 0.0,
      "file_write_seconds": 0.012110803974792361,
      "operation_seconds": 0.7805949919857085,
      "total_phase_seconds": 0.8749262310448103,
      "scope": "file writes include journal intent/add/flush; excludes this timing receipt and checkpoint writes",
      "mode": "stage4_sealed_cell",
      "banner": "sealed Stage 4; scientific admission also requires complete declared populations"
    },
    {
      "phase": "immediate:72",
      "identity_check_kind": "in_memory_structure_and_configuration",
      "recipe_verification_seconds": 0.0,
      "identity_verification_seconds": 0.0,
      "identity_check_seconds": 0.0017399559146724641,
      "state_hash_seconds": 0.09208400105126202,
      "clone_seconds": 0.006210253981407732,
      "restore_seconds": 0.0026368339895270765,
      "file_write_seconds": 0.01229964499361813,
      "operation_seconds": 0.36143816402181983,
      "total_phase_seconds": 0.4765144970151596,
      "scope": "file writes include journal intent/add/flush; excludes this timing receipt and checkpoint writes",
      "mode": "stage4_sealed_cell",
      "banner": "sealed Stage 4; scientific admission also requires complete declared populations"
    },
    {
      "phase": "edit:73",
      "identity_check_kind": "in_memory_structure_and_configuration",
      "recipe_verification_seconds": 0.0,
      "identity_verification_seconds": 0.0,
      "identity_check_seconds": 0.0017722369520924985,
      "state_hash_seconds": 0.07365267199929804,
      "clone_seconds": 0.006592505960725248,
      "restore_seconds": 0.0,
      "file_write_seconds": 0.012150338967330754,
      "operation_seconds": 0.29838161199586466,
      "total_phase_seconds": 0.39264328696299344,
      "scope": "file writes include journal intent/add/flush; excludes this timing receipt and checkpoint writes",
      "mode": "stage4_sealed_cell",
      "banner": "sealed Stage 4; scientific admission also requires complete declared populations"
    },
    {
      "phase": "immediate:73",
      "identity_check_kind": "in_memory_structure_and_configuration",
      "recipe_verification_seconds": 0.0,
      "identity_verification_seconds": 0.0,
      "identity_check_seconds": 0.0018056310364045203,
      "state_hash_seconds": 0.09110433398745954,
      "clone_seconds": 0.006064283021260053,
      "restore_seconds": 0.0031021860195323825,
      "file_write_seconds": 0.01214300497667864,
      "operation_seconds": 0.27869011799339205,
      "total_phase_seconds": 0.3930093690287322,
      "scope": "file writes include journal intent/add/flush; excludes this timing receipt and checkpoint writes",
      "mode": "stage4_sealed_cell",
      "banner": "sealed Stage 4; scientific admission also requires complete declared populations"
    },
    {
      "phase": "edit:74",
      "identity_check_kind": "in_memory_structure_and_configuration",
      "recipe_verification_seconds": 0.0,
      "identity_verification_seconds": 0.0,
      "identity_check_seconds": 0.0018284439574927092,
      "state_hash_seconds": 0.07488485501380637,
      "clone_seconds": 0.006392433017026633,
      "restore_seconds": 0.0,
      "file_write_seconds": 0.0122187509550713,
      "operation_seconds": 0.7573793129995465,
      "total_phase_seconds": 0.852791643992532,
      "scope": "file writes include journal intent/add/flush; excludes this timing receipt and checkpoint writes",
      "mode": "stage4_sealed_cell",
      "banner": "sealed Stage 4; scientific admission also requires complete declared populations"
    },
    {
      "phase": "immediate:74",
      "identity_check_kind": "in_memory_structure_and_configuration",
      "recipe_verification_seconds": 0.0,
      "identity_verification_seconds": 0.0,
      "identity_check_seconds": 0.001773388939909637,
      "state_hash_seconds": 0.09527991700451821,
      "clone_seconds": 0.0065538519993424416,
      "restore_seconds": 0.0022129809949547052,
      "file_write_seconds": 0.012404214998241514,
      "operation_seconds": 0.3626611990039237,
      "total_phase_seconds": 0.48098782100714743,
      "scope": "file writes include journal intent/add/flush; excludes this timing receipt and checkpoint writes",
      "mode": "stage4_sealed_cell",
      "banner": "sealed Stage 4; scientific admission also requires complete declared populations"
    },
    {
      "phase": "edit:75",
      "identity_check_kind": "in_memory_structure_and_configuration",
      "recipe_verification_seconds": 0.0,
      "identity_verification_seconds": 0.0,
      "identity_check_seconds": 0.0018211809801869094,
      "state_hash_seconds": 0.07651868602260947,
      "clone_seconds": 0.0068343899911269546,
      "restore_seconds": 0.0,
      "file_write_seconds": 0.012506862985901535,
      "operation_seconds": 0.30640596203738824,
      "total_phase_seconds": 0.40421665098983794,
      "scope": "file writes include journal intent/add/flush; excludes this timing receipt and checkpoint writes",
      "mode": "stage4_sealed_cell",
      "banner": "sealed Stage 4; scientific admission also requires complete declared populations"
    },
    {
      "phase": "immediate:75",
      "identity_check_kind": "in_memory_structure_and_configuration",
      "recipe_verification_seconds": 0.0,
      "identity_verification_seconds": 0.0,
      "identity_check_seconds": 0.0022358049754984677,
      "state_hash_seconds": 0.09515558904968202,
      "clone_seconds": 0.007062086020596325,
      "restore_seconds": 0.002121665980666876,
      "file_write_seconds": 0.0014181589940562844,
      "operation_seconds": 0.2776984279626049,
      "total_phase_seconds": 0.3858042280189693,
      "scope": "file writes include journal intent/add/flush; excludes this timing receipt and checkpoint writes",
      "mode": "stage4_sealed_cell",
      "banner": "sealed Stage 4; scientific admission also requires complete declared populations"
    },
    {
      "phase": "edit:76",
      "identity_check_kind": "in_memory_structure_and_configuration",
      "recipe_verification_seconds": 0.0,
      "identity_verification_seconds": 0.0,
      "identity_check_seconds": 0.0018945109914056957,
      "state_hash_seconds": 0.07563747698441148,
      "clone_seconds": 0.006978566001635045,
      "restore_seconds": 0.0,
      "file_write_seconds": 0.012241263990290463,
      "operation_seconds": 0.44833630602806807,
      "total_phase_seconds": 0.5451755920075811,
      "scope": "file writes include journal intent/add/flush; excludes this timing receipt and checkpoint writes",
      "mode": "stage4_sealed_cell",
      "banner": "sealed Stage 4; scientific admission also requires complete declared populations"
    },
    {
      "phase": "immediate:76",
      "identity_check_kind": "in_memory_structure_and_configuration",
      "recipe_verification_seconds": 0.0,
      "identity_verification_seconds": 0.0,
      "identity_check_seconds": 0.0018705260008573532,
      "state_hash_seconds": 0.09233420103555545,
      "clone_seconds": 0.007276848016772419,
      "restore_seconds": 0.0021977729629725218,
      "file_write_seconds": 0.012304343981668353,
      "operation_seconds": 0.32358432898763567,
      "total_phase_seconds": 0.43967873201472685,
      "scope": "file writes include journal intent/add/flush; excludes this timing receipt and checkpoint writes",
      "mode": "stage4_sealed_cell",
      "banner": "sealed Stage 4; scientific admission also requires complete declared populations"
    },
    {
      "phase": "edit:77",
      "identity_check_kind": "in_memory_structure_and_configuration",
      "recipe_verification_seconds": 0.0,
      "identity_verification_seconds": 0.0,
      "identity_check_seconds": 0.0017701539909467101,
      "state_hash_seconds": 0.074703878024593,
      "clone_seconds": 0.006875439023133367,
      "restore_seconds": 0.0,
      "file_write_seconds": 0.012373607023619115,
      "operation_seconds": 0.8894551490084268,
      "total_phase_seconds": 0.9852653830312192,
      "scope": "file writes include journal intent/add/flush; excludes this timing receipt and checkpoint writes",
      "mode": "stage4_sealed_cell",
      "banner": "sealed Stage 4; scientific admission also requires complete declared populations"
    },
    {
      "phase": "immediate:77",
      "identity_check_kind": "in_memory_structure_and_configuration",
      "recipe_verification_seconds": 0.0,
      "identity_verification_seconds": 0.0,
      "identity_check_seconds": 0.0017681479803286493,
      "state_hash_seconds": 0.09331106505123898,
      "clone_seconds": 0.006511771003715694,
      "restore_seconds": 0.002138459007255733,
      "file_write_seconds": 0.012268785969354212,
      "operation_seconds": 0.5075397050241008,
      "total_phase_seconds": 0.623638866993133,
      "scope": "file writes include journal intent/add/flush; excludes this timing receipt and checkpoint writes",
      "mode": "stage4_sealed_cell",
      "banner": "sealed Stage 4; scientific admission also requires complete declared populations"
    },
    {
      "phase": "edit:78",
      "identity_check_kind": "in_memory_structure_and_configuration",
      "recipe_verification_seconds": 0.0,
      "identity_verification_seconds": 0.0,
      "identity_check_seconds": 0.0019248599419370294,
      "state_hash_seconds": 0.08706118195550516,
      "clone_seconds": 0.007768059964291751,
      "restore_seconds": 0.0,
      "file_write_seconds": 0.001736628997605294,
      "operation_seconds": 0.3071803069906309,
      "total_phase_seconds": 0.4058180399588309,
      "scope": "file writes include journal intent/add/flush; excludes this timing receipt and checkpoint writes",
      "mode": "stage4_sealed_cell",
      "banner": "sealed Stage 4; scientific admission also requires complete declared populations"
    },
    {
      "phase": "immediate:78",
      "identity_check_kind": "in_memory_structure_and_configuration",
      "recipe_verification_seconds": 0.0,
      "identity_verification_seconds": 0.0,
      "identity_check_seconds": 0.0024397269589826465,
      "state_hash_seconds": 0.10891283897217363,
      "clone_seconds": 0.009599048993550241,
      "restore_seconds": 0.0030232139979489148,
      "file_write_seconds": 0.0015954779810272157,
      "operation_seconds": 0.39895615802379325,
      "total_phase_seconds": 0.5246545699774288,
      "scope": "file writes include journal intent/add/flush; excludes this timing receipt and checkpoint writes",
      "mode": "stage4_sealed_cell",
      "banner": "sealed Stage 4; scientific admission also requires complete declared populations"
    },
    {
      "phase": "edit:79",
      "identity_check_kind": "in_memory_structure_and_configuration",
      "recipe_verification_seconds": 0.0,
      "identity_verification_seconds": 0.0,
      "identity_check_seconds": 0.002305877977050841,
      "state_hash_seconds": 0.07945549598662183,
      "clone_seconds": 0.010217164002824575,
      "restore_seconds": 0.0,
      "file_write_seconds": 0.012253316002897918,
      "operation_seconds": 1.1507411390193738,
      "total_phase_seconds": 1.2550721039879136,
      "scope": "file writes include journal intent/add/flush; excludes this timing receipt and checkpoint writes",
      "mode": "stage4_sealed_cell",
      "banner": "sealed Stage 4; scientific admission also requires complete declared populations"
    },
    {
      "phase": "immediate:79",
      "identity_check_kind": "in_memory_structure_and_configuration",
      "recipe_verification_seconds": 0.0,
      "identity_verification_seconds": 0.0,
      "identity_check_seconds": 0.0018045490141957998,
      "state_hash_seconds": 0.09001198201440275,
      "clone_seconds": 0.006247645011171699,
      "restore_seconds": 0.0021604010253213346,
      "file_write_seconds": 0.012273464992176741,
      "operation_seconds": 0.655180373985786,
      "total_phase_seconds": 0.7677882139687426,
      "scope": "file writes include journal intent/add/flush; excludes this timing receipt and checkpoint writes",
      "mode": "stage4_sealed_cell",
      "banner": "sealed Stage 4; scientific admission also requires complete declared populations"
    },
    {
      "phase": "edit:80",
      "identity_check_kind": "in_memory_structure_and_configuration",
      "recipe_verification_seconds": 0.0,
      "identity_verification_seconds": 0.0,
      "identity_check_seconds": 0.001875774993095547,
      "state_hash_seconds": 0.07489102595718578,
      "clone_seconds": 0.006511831015814096,
      "restore_seconds": 0.0,
      "file_write_seconds": 0.012382684973999858,
      "operation_seconds": 1.0601690139737912,
      "total_phase_seconds": 1.1559158660238609,
      "scope": "file writes include journal intent/add/flush; excludes this timing receipt and checkpoint writes",
      "mode": "stage4_sealed_cell",
      "banner": "sealed Stage 4; scientific admission also requires complete declared populations"
    },
    {
      "phase": "immediate:80",
      "identity_check_kind": "in_memory_structure_and_configuration",
      "recipe_verification_seconds": 0.0,
      "identity_verification_seconds": 0.0,
      "identity_check_seconds": 0.0018559269956313074,
      "state_hash_seconds": 0.09079102304531261,
      "clone_seconds": 0.007397279026918113,
      "restore_seconds": 0.0025657679652795196,
      "file_write_seconds": 0.01214405702194199,
      "operation_seconds": 0.45399362000171095,
      "total_phase_seconds": 0.5688521949923597,
      "scope": "file writes include journal intent/add/flush; excludes this timing receipt and checkpoint writes",
      "mode": "stage4_sealed_cell",
      "banner": "sealed Stage 4; scientific admission also requires complete declared populations"
    },
    {
      "phase": "edit:81",
      "identity_check_kind": "in_memory_structure_and_configuration",
      "recipe_verification_seconds": 0.0,
      "identity_verification_seconds": 0.0,
      "identity_check_seconds": 0.001857029041275382,
      "state_hash_seconds": 0.07394096406642348,
      "clone_seconds": 0.0069229890359565616,
      "restore_seconds": 0.0,
      "file_write_seconds": 0.012117756996303797,
      "operation_seconds": 0.3001287299557589,
      "total_phase_seconds": 0.39506430795881897,
      "scope": "file writes include journal intent/add/flush; excludes this timing receipt and checkpoint writes",
      "mode": "stage4_sealed_cell",
      "banner": "sealed Stage 4; scientific admission also requires complete declared populations"
    },
    {
      "phase": "immediate:81",
      "identity_check_kind": "in_memory_structure_and_configuration",
      "recipe_verification_seconds": 0.0,
      "identity_verification_seconds": 0.0,
      "identity_check_seconds": 0.0017566269962117076,
      "state_hash_seconds": 0.09064920298988,
      "clone_seconds": 0.006766249018255621,
      "restore_seconds": 0.002129892003722489,
      "file_write_seconds": 0.012138948019128293,
      "operation_seconds": 0.27495282399468124,
      "total_phase_seconds": 0.3884952759835869,
      "scope": "file writes include journal intent/add/flush; excludes this timing receipt and checkpoint writes",
      "mode": "stage4_sealed_cell",
      "banner": "sealed Stage 4; scientific admission also requires complete declared populations"
    },
    {
      "phase": "edit:82",
      "identity_check_kind": "in_memory_structure_and_configuration",
      "recipe_verification_seconds": 0.0,
      "identity_verification_seconds": 0.0,
      "identity_check_seconds": 0.0018061019945889711,
      "state_hash_seconds": 0.07356917503057048,
      "clone_seconds": 0.0066407989943400025,
      "restore_seconds": 0.0,
      "file_write_seconds": 0.012258615985047072,
      "operation_seconds": 0.44220260001020506,
      "total_phase_seconds": 0.5365634760237299,
      "scope": "file writes include journal intent/add/flush; excludes this timing receipt and checkpoint writes",
      "mode": "stage4_sealed_cell",
      "banner": "sealed Stage 4; scientific admission also requires complete declared populations"
    },
    {
      "phase": "immediate:82",
      "identity_check_kind": "in_memory_structure_and_configuration",
      "recipe_verification_seconds": 0.0,
      "identity_verification_seconds": 0.0,
      "identity_check_seconds": 0.00179255596594885,
      "state_hash_seconds": 0.09008687402820215,
      "clone_seconds": 0.007646475976798683,
      "restore_seconds": 0.002744329976849258,
      "file_write_seconds": 0.012309513986110687,
      "operation_seconds": 0.3197180890128948,
      "total_phase_seconds": 0.43440118699800223,
      "scope": "file writes include journal intent/add/flush; excludes this timing receipt and checkpoint writes",
      "mode": "stage4_sealed_cell",
      "banner": "sealed Stage 4; scientific admission also requires complete declared populations"
    },
    {
      "phase": "edit:83",
      "identity_check_kind": "in_memory_structure_and_configuration",
      "recipe_verification_seconds": 0.0,
      "identity_verification_seconds": 0.0,
      "identity_check_seconds": 0.001964725961443037,
      "state_hash_seconds": 0.07496063993312418,
      "clone_seconds": 0.07332890300313011,
      "restore_seconds": 0.0,
      "file_write_seconds": 0.012316997977904975,
      "operation_seconds": 0.625286033959128,
      "total_phase_seconds": 0.7879472650238313,
      "scope": "file writes include journal intent/add/flush; excludes this timing receipt and checkpoint writes",
      "mode": "stage4_sealed_cell",
      "banner": "sealed Stage 4; scientific admission also requires complete declared populations"
    },
    {
      "phase": "immediate:83",
      "identity_check_kind": "in_memory_structure_and_configuration",
      "recipe_verification_seconds": 0.0,
      "identity_verification_seconds": 0.0,
      "identity_check_seconds": 0.001779309008270502,
      "state_hash_seconds": 0.09084737102966756,
      "clone_seconds": 0.0075638380367308855,
      "restore_seconds": 0.0019636439974419773,
      "file_write_seconds": 0.012241494026966393,
      "operation_seconds": 0.6054778369725682,
      "total_phase_seconds": 0.719970709993504,
      "scope": "file writes include journal intent/add/flush; excludes this timing receipt and checkpoint writes",
      "mode": "stage4_sealed_cell",
      "banner": "sealed Stage 4; scientific admission also requires complete declared populations"
    },
    {
      "phase": "edit:84",
      "identity_check_kind": "in_memory_structure_and_configuration",
      "recipe_verification_seconds": 0.0,
      "identity_verification_seconds": 0.0,
      "identity_check_seconds": 0.001999352010898292,
      "state_hash_seconds": 0.07432360906386748,
      "clone_seconds": 0.006676787976175547,
      "restore_seconds": 0.0,
      "file_write_seconds": 0.012275248009245843,
      "operation_seconds": 0.4449583719833754,
      "total_phase_seconds": 0.5403210980002768,
      "scope": "file writes include journal intent/add/flush; excludes this timing receipt and checkpoint writes",
      "mode": "stage4_sealed_cell",
      "banner": "sealed Stage 4; scientific admission also requires complete declared populations"
    },
    {
      "phase": "immediate:84",
      "identity_check_kind": "in_memory_structure_and_configuration",
      "recipe_verification_seconds": 0.0,
      "identity_verification_seconds": 0.0,
      "identity_check_seconds": 0.001809197012335062,
      "state_hash_seconds": 0.09083487902535126,
      "clone_seconds": 0.006480060983449221,
      "restore_seconds": 0.001966007985174656,
      "file_write_seconds": 0.012195175979286432,
      "operation_seconds": 0.3247459150152281,
      "total_phase_seconds": 0.43812543497188017,
      "scope": "file writes include journal intent/add/flush; excludes this timing receipt and checkpoint writes",
      "mode": "stage4_sealed_cell",
      "banner": "sealed Stage 4; scientific admission also requires complete declared populations"
    },
    {
      "phase": "edit:85",
      "identity_check_kind": "in_memory_structure_and_configuration",
      "recipe_verification_seconds": 0.0,
      "identity_verification_seconds": 0.0,
      "identity_check_seconds": 0.001854844973422587,
      "state_hash_seconds": 0.07409061398357153,
      "clone_seconds": 0.006724287988618016,
      "restore_seconds": 0.0,
      "file_write_seconds": 0.012344571005087346,
      "operation_seconds": 0.4555554940016009,
      "total_phase_seconds": 0.5506754950038157,
      "scope": "file writes include journal intent/add/flush; excludes this timing receipt and checkpoint writes",
      "mode": "stage4_sealed_cell",
      "banner": "sealed Stage 4; scientific admission also requires complete declared populations"
    },
    {
      "phase": "immediate:85",
      "identity_check_kind": "in_memory_structure_and_configuration",
      "recipe_verification_seconds": 0.0,
      "identity_verification_seconds": 0.0,
      "identity_check_seconds": 0.0017935779760591686,
      "state_hash_seconds": 0.09194359194952995,
      "clone_seconds": 0.006743826030287892,
      "restore_seconds": 0.002199966984335333,
      "file_write_seconds": 0.012339662003796548,
      "operation_seconds": 0.3191989629995078,
      "total_phase_seconds": 0.4343384769745171,
      "scope": "file writes include journal intent/add/flush; excludes this timing receipt and checkpoint writes",
      "mode": "stage4_sealed_cell",
      "banner": "sealed Stage 4; scientific admission also requires complete declared populations"
    },
    {
      "phase": "edit:86",
      "identity_check_kind": "in_memory_structure_and_configuration",
      "recipe_verification_seconds": 0.0,
      "identity_verification_seconds": 0.0,
      "identity_check_seconds": 0.0017651930102147162,
      "state_hash_seconds": 0.0733673659269698,
      "clone_seconds": 0.006456765986513346,
      "restore_seconds": 0.0,
      "file_write_seconds": 0.012283844989724457,
      "operation_seconds": 0.3077297799754888,
      "total_phase_seconds": 0.40168971801176667,
      "scope": "file writes include journal intent/add/flush; excludes this timing receipt and checkpoint writes",
      "mode": "stage4_sealed_cell",
      "banner": "sealed Stage 4; scientific admission also requires complete declared populations"
    },
    {
      "phase": "immediate:86",
      "identity_check_kind": "in_memory_structure_and_configuration",
      "recipe_verification_seconds": 0.0,
      "identity_verification_seconds": 0.0,
      "identity_check_seconds": 0.0018246470717713237,
      "state_hash_seconds": 0.09168237302219495,
      "clone_seconds": 0.006580422981642187,
      "restore_seconds": 0.0020933020277880132,
      "file_write_seconds": 0.012260749994311482,
      "operation_seconds": 0.27475258096819744,
      "total_phase_seconds": 0.38931040902389213,
      "scope": "file writes include journal intent/add/flush; excludes this timing receipt and checkpoint writes",
      "mode": "stage4_sealed_cell",
      "banner": "sealed Stage 4; scientific admission also requires complete declared populations"
    },
    {
      "phase": "edit:87",
      "identity_check_kind": "in_memory_structure_and_configuration",
      "recipe_verification_seconds": 0.0,
      "identity_verification_seconds": 0.0,
      "identity_check_seconds": 0.0018008709885179996,
      "state_hash_seconds": 0.07641722104744986,
      "clone_seconds": 0.006736841984093189,
      "restore_seconds": 0.0,
      "file_write_seconds": 0.0013791439705528319,
      "operation_seconds": 0.2975685129640624,
      "total_phase_seconds": 0.3839926669606939,
      "scope": "file writes include journal intent/add/flush; excludes this timing receipt and checkpoint writes",
      "mode": "stage4_sealed_cell",
      "banner": "sealed Stage 4; scientific admission also requires complete declared populations"
    },
    {
      "phase": "immediate:87",
      "identity_check_kind": "in_memory_structure_and_configuration",
      "recipe_verification_seconds": 0.0,
      "identity_verification_seconds": 0.0,
      "identity_check_seconds": 0.0017892700270749629,
      "state_hash_seconds": 0.09035587997641414,
      "clone_seconds": 0.006639325991272926,
      "restore_seconds": 0.0021463040029630065,
      "file_write_seconds": 0.012356584018561989,
      "operation_seconds": 0.2811183930025436,
      "total_phase_seconds": 0.3945073609938845,
      "scope": "file writes include journal intent/add/flush; excludes this timing receipt and checkpoint writes",
      "mode": "stage4_sealed_cell",
      "banner": "sealed Stage 4; scientific admission also requires complete declared populations"
    },
    {
      "phase": "edit:88",
      "identity_check_kind": "in_memory_structure_and_configuration",
      "recipe_verification_seconds": 0.0,
      "identity_verification_seconds": 0.0,
      "identity_check_seconds": 0.001846369996201247,
      "state_hash_seconds": 0.07319811196066439,
      "clone_seconds": 0.006505469034891576,
      "restore_seconds": 0.0,
      "file_write_seconds": 0.0012547249789349735,
      "operation_seconds": 0.6067753540119156,
      "total_phase_seconds": 0.689669331011828,
      "scope": "file writes include journal intent/add/flush; excludes this timing receipt and checkpoint writes",
      "mode": "stage4_sealed_cell",
      "banner": "sealed Stage 4; scientific admission also requires complete declared populations"
    },
    {
      "phase": "immediate:88",
      "identity_check_kind": "in_memory_structure_and_configuration",
      "recipe_verification_seconds": 0.0,
      "identity_verification_seconds": 0.0,
      "identity_check_seconds": 0.0018473909585736692,
      "state_hash_seconds": 0.09123896295204759,
      "clone_seconds": 0.006485751015134156,
      "restore_seconds": 0.002092360984534025,
      "file_write_seconds": 0.012133125972468406,
      "operation_seconds": 0.3701880659791641,
      "total_phase_seconds": 0.48408430599374697,
      "scope": "file writes include journal intent/add/flush; excludes this timing receipt and checkpoint writes",
      "mode": "stage4_sealed_cell",
      "banner": "sealed Stage 4; scientific admission also requires complete declared populations"
    },
    {
      "phase": "edit:89",
      "identity_check_kind": "in_memory_structure_and_configuration",
      "recipe_verification_seconds": 0.0,
      "identity_verification_seconds": 0.0,
      "identity_check_seconds": 0.0018203200306743383,
      "state_hash_seconds": 0.07534284394932911,
      "clone_seconds": 0.006937136990018189,
      "restore_seconds": 0.0,
      "file_write_seconds": 0.01227880601072684,
      "operation_seconds": 0.4483327000052668,
      "total_phase_seconds": 0.5447992820409127,
      "scope": "file writes include journal intent/add/flush; excludes this timing receipt and checkpoint writes",
      "mode": "stage4_sealed_cell",
      "banner": "sealed Stage 4; scientific admission also requires complete declared populations"
    },
    {
      "phase": "immediate:89",
      "identity_check_kind": "in_memory_structure_and_configuration",
      "recipe_verification_seconds": 0.0,
      "identity_verification_seconds": 0.0,
      "identity_check_seconds": 0.0018538429867476225,
      "state_hash_seconds": 0.09407590894261375,
      "clone_seconds": 0.006469069980084896,
      "restore_seconds": 0.0027416449738666415,
      "file_write_seconds": 0.013547918002586812,
      "operation_seconds": 0.40216446603881195,
      "total_phase_seconds": 0.5209650970064104,
      "scope": "file writes include journal intent/add/flush; excludes this timing receipt and checkpoint writes",
      "mode": "stage4_sealed_cell",
      "banner": "sealed Stage 4; scientific admission also requires complete declared populations"
    },
    {
      "phase": "edit:90",
      "identity_check_kind": "in_memory_structure_and_configuration",
      "recipe_verification_seconds": 0.0,
      "identity_verification_seconds": 0.0,
      "identity_check_seconds": 0.0037088600220158696,
      "state_hash_seconds": 0.07662384794093668,
      "clone_seconds": 0.007171946985181421,
      "restore_seconds": 0.0,
      "file_write_seconds": 0.012451055983547121,
      "operation_seconds": 0.8349907239899039,
      "total_phase_seconds": 0.9350416470551863,
      "scope": "file writes include journal intent/add/flush; excludes this timing receipt and checkpoint writes",
      "mode": "stage4_sealed_cell",
      "banner": "sealed Stage 4; scientific admission also requires complete declared populations"
    },
    {
      "phase": "immediate:90",
      "identity_check_kind": "in_memory_structure_and_configuration",
      "recipe_verification_seconds": 0.0,
      "identity_verification_seconds": 0.0,
      "identity_check_seconds": 0.0019209529855288565,
      "state_hash_seconds": 0.0914861360215582,
      "clone_seconds": 0.008364523004274815,
      "restore_seconds": 0.002107198000885546,
      "file_write_seconds": 0.012289685953874141,
      "operation_seconds": 0.4120700330240652,
      "total_phase_seconds": 0.5283498520147987,
      "scope": "file writes include journal intent/add/flush; excludes this timing receipt and checkpoint writes",
      "mode": "stage4_sealed_cell",
      "banner": "sealed Stage 4; scientific admission also requires complete declared populations"
    },
    {
      "phase": "edit:91",
      "identity_check_kind": "in_memory_structure_and_configuration",
      "recipe_verification_seconds": 0.0,
      "identity_verification_seconds": 0.0,
      "identity_check_seconds": 0.0018253489979542792,
      "state_hash_seconds": 0.07555880601285025,
      "clone_seconds": 0.00760405499022454,
      "restore_seconds": 0.0,
      "file_write_seconds": 0.012092007033061236,
      "operation_seconds": 0.29800056101521477,
      "total_phase_seconds": 0.39517475001048297,
      "scope": "file writes include journal intent/add/flush; excludes this timing receipt and checkpoint writes",
      "mode": "stage4_sealed_cell",
      "banner": "sealed Stage 4; scientific admission also requires complete declared populations"
    },
    {
      "phase": "immediate:91",
      "identity_check_kind": "in_memory_structure_and_configuration",
      "recipe_verification_seconds": 0.0,
      "identity_verification_seconds": 0.0,
      "identity_check_seconds": 0.0018355179927311838,
      "state_hash_seconds": 0.09179288108134642,
      "clone_seconds": 0.0067292379681020975,
      "restore_seconds": 0.002445157035253942,
      "file_write_seconds": 0.012431928014848381,
      "operation_seconds": 0.2778183580376208,
      "total_phase_seconds": 0.3931502890191041,
      "scope": "file writes include journal intent/add/flush; excludes this timing receipt and checkpoint writes",
      "mode": "stage4_sealed_cell",
      "banner": "sealed Stage 4; scientific admission also requires complete declared populations"
    },
    {
      "phase": "edit:92",
      "identity_check_kind": "in_memory_structure_and_configuration",
      "recipe_verification_seconds": 0.0,
      "identity_verification_seconds": 0.0,
      "identity_check_seconds": 0.0018379420507699251,
      "state_hash_seconds": 0.07431955100037158,
      "clone_seconds": 0.006843417009804398,
      "restore_seconds": 0.0,
      "file_write_seconds": 0.012425456021446735,
      "operation_seconds": 0.4727098750299774,
      "total_phase_seconds": 0.5682265149662271,
      "scope": "file writes include journal intent/add/flush; excludes this timing receipt and checkpoint writes",
      "mode": "stage4_sealed_cell",
      "banner": "sealed Stage 4; scientific admission also requires complete declared populations"
    },
    {
      "phase": "immediate:92",
      "identity_check_kind": "in_memory_structure_and_configuration",
      "recipe_verification_seconds": 0.0,
      "identity_verification_seconds": 0.0,
      "identity_check_seconds": 0.0019270240445621312,
      "state_hash_seconds": 0.09102607303066179,
      "clone_seconds": 0.007972080959007144,
      "restore_seconds": 0.0024217820027843118,
      "file_write_seconds": 0.012248236045707017,
      "operation_seconds": 0.325675908010453,
      "total_phase_seconds": 0.44137652596691623,
      "scope": "file writes include journal intent/add/flush; excludes this timing receipt and checkpoint writes",
      "mode": "stage4_sealed_cell",
      "banner": "sealed Stage 4; scientific admission also requires complete declared populations"
    },
    {
      "phase": "edit:93",
      "identity_check_kind": "in_memory_structure_and_configuration",
      "recipe_verification_seconds": 0.0,
      "identity_verification_seconds": 0.0,
      "identity_check_seconds": 0.0017532799975015223,
      "state_hash_seconds": 0.07498343498446047,
      "clone_seconds": 0.006531118007842451,
      "restore_seconds": 0.0,
      "file_write_seconds": 0.01227060001110658,
      "operation_seconds": 0.6243332080193795,
      "total_phase_seconds": 0.7199668330140412,
      "scope": "file writes include journal intent/add/flush; excludes this timing receipt and checkpoint writes",
      "mode": "stage4_sealed_cell",
      "banner": "sealed Stage 4; scientific admission also requires complete declared populations"
    },
    {
      "phase": "immediate:93",
      "identity_check_kind": "in_memory_structure_and_configuration",
      "recipe_verification_seconds": 0.0,
      "identity_verification_seconds": 0.0,
      "identity_check_seconds": 0.0018403979483991861,
      "state_hash_seconds": 0.09167771297506988,
      "clone_seconds": 0.007126259966753423,
      "restore_seconds": 0.0021432380308397114,
      "file_write_seconds": 0.012207198014948517,
      "operation_seconds": 0.32542690000263974,
      "total_phase_seconds": 0.4405249039991759,
      "scope": "file writes include journal intent/add/flush; excludes this timing receipt and checkpoint writes",
      "mode": "stage4_sealed_cell",
      "banner": "sealed Stage 4; scientific admission also requires complete declared populations"
    },
    {
      "phase": "edit:94",
      "identity_check_kind": "in_memory_structure_and_configuration",
      "recipe_verification_seconds": 0.0,
      "identity_verification_seconds": 0.0,
      "identity_check_seconds": 0.0017281619948334992,
      "state_hash_seconds": 0.07537958398461342,
      "clone_seconds": 0.006968036002945155,
      "restore_seconds": 0.0,
      "file_write_seconds": 0.01228908501798287,
      "operation_seconds": 0.44650527701014653,
      "total_phase_seconds": 0.5429615790490061,
      "scope": "file writes include journal intent/add/flush; excludes this timing receipt and checkpoint writes",
      "mode": "stage4_sealed_cell",
      "banner": "sealed Stage 4; scientific admission also requires complete declared populations"
    },
    {
      "phase": "immediate:94",
      "identity_check_kind": "in_memory_structure_and_configuration",
      "recipe_verification_seconds": 0.0,
      "identity_verification_seconds": 0.0,
      "identity_check_seconds": 0.0017512369668111205,
      "state_hash_seconds": 0.09107300406321883,
      "clone_seconds": 0.006944450957234949,
      "restore_seconds": 0.0027801779797300696,
      "file_write_seconds": 0.012194192968308926,
      "operation_seconds": 0.3260307479649782,
      "total_phase_seconds": 0.44086986500769854,
      "scope": "file writes include journal intent/add/flush; excludes this timing receipt and checkpoint writes",
      "mode": "stage4_sealed_cell",
      "banner": "sealed Stage 4; scientific admission also requires complete declared populations"
    },
    {
      "phase": "edit:95",
      "identity_check_kind": "in_memory_structure_and_configuration",
      "recipe_verification_seconds": 0.0,
      "identity_verification_seconds": 0.0,
      "identity_check_seconds": 0.0017712840344756842,
      "state_hash_seconds": 0.07511102000717074,
      "clone_seconds": 0.0072357290191575885,
      "restore_seconds": 0.0,
      "file_write_seconds": 0.012276761000975966,
      "operation_seconds": 0.7626355190295726,
      "total_phase_seconds": 0.8591225889977068,
      "scope": "file writes include journal intent/add/flush; excludes this timing receipt and checkpoint writes",
      "mode": "stage4_sealed_cell",
      "banner": "sealed Stage 4; scientific admission also requires complete declared populations"
    },
    {
      "phase": "immediate:95",
      "identity_check_kind": "in_memory_structure_and_configuration",
      "recipe_verification_seconds": 0.0,
      "identity_verification_seconds": 0.0,
      "identity_check_seconds": 0.0018338150111958385,
      "state_hash_seconds": 0.09321198292309418,
      "clone_seconds": 0.00667446298757568,
      "restore_seconds": 0.002140332944691181,
      "file_write_seconds": 0.012226285005453974,
      "operation_seconds": 0.4158298500115052,
      "total_phase_seconds": 0.5320174119551666,
      "scope": "file writes include journal intent/add/flush; excludes this timing receipt and checkpoint writes",
      "mode": "stage4_sealed_cell",
      "banner": "sealed Stage 4; scientific admission also requires complete declared populations"
    },
    {
      "phase": "edit:96",
      "identity_check_kind": "in_memory_structure_and_configuration",
      "recipe_verification_seconds": 0.0,
      "identity_verification_seconds": 0.0,
      "identity_check_seconds": 0.0018179140170104802,
      "state_hash_seconds": 0.07615942804841325,
      "clone_seconds": 0.006888584000989795,
      "restore_seconds": 0.0,
      "file_write_seconds": 0.013211191981099546,
      "operation_seconds": 0.4484036359935999,
      "total_phase_seconds": 0.5465693050064147,
      "scope": "file writes include journal intent/add/flush; excludes this timing receipt and checkpoint writes",
      "mode": "stage4_sealed_cell",
      "banner": "sealed Stage 4; scientific admission also requires complete declared populations"
    },
    {
      "phase": "immediate:96",
      "identity_check_kind": "in_memory_structure_and_configuration",
      "recipe_verification_seconds": 0.0,
      "identity_verification_seconds": 0.0,
      "identity_check_seconds": 0.0018326129647903144,
      "state_hash_seconds": 0.0943426689482294,
      "clone_seconds": 0.00692432199139148,
      "restore_seconds": 0.0033459339756518602,
      "file_write_seconds": 0.012201737030409276,
      "operation_seconds": 0.32016638800268993,
      "total_phase_seconds": 0.43891310499748215,
      "scope": "file writes include journal intent/add/flush; excludes this timing receipt and checkpoint writes",
      "mode": "stage4_sealed_cell",
      "banner": "sealed Stage 4; scientific admission also requires complete declared populations"
    },
    {
      "phase": "edit:97",
      "identity_check_kind": "in_memory_structure_and_configuration",
      "recipe_verification_seconds": 0.0,
      "identity_verification_seconds": 0.0,
      "identity_check_seconds": 0.0017442629905417562,
      "state_hash_seconds": 0.07493527099722996,
      "clone_seconds": 0.008057092956732959,
      "restore_seconds": 0.0,
      "file_write_seconds": 0.012121774954721332,
      "operation_seconds": 0.7409803210175596,
      "total_phase_seconds": 0.8379309510346502,
      "scope": "file writes include journal intent/add/flush; excludes this timing receipt and checkpoint writes",
      "mode": "stage4_sealed_cell",
      "banner": "sealed Stage 4; scientific admission also requires complete declared populations"
    },
    {
      "phase": "immediate:97",
      "identity_check_kind": "in_memory_structure_and_configuration",
      "recipe_verification_seconds": 0.0,
      "identity_verification_seconds": 0.0,
      "identity_check_seconds": 0.0018062419258058071,
      "state_hash_seconds": 0.0921702379710041,
      "clone_seconds": 0.006725270999595523,
      "restore_seconds": 0.002235835010651499,
      "file_write_seconds": 0.0012815770460292697,
      "operation_seconds": 0.3658387800096534,
      "total_phase_seconds": 0.4701546569704078,
      "scope": "file writes include journal intent/add/flush; excludes this timing receipt and checkpoint writes",
      "mode": "stage4_sealed_cell",
      "banner": "sealed Stage 4; scientific admission also requires complete declared populations"
    },
    {
      "phase": "edit:98",
      "identity_check_kind": "in_memory_structure_and_configuration",
      "recipe_verification_seconds": 0.0,
      "identity_verification_seconds": 0.0,
      "identity_check_seconds": 0.0018749730079434812,
      "state_hash_seconds": 0.07547928503481671,
      "clone_seconds": 0.007741128036286682,
      "restore_seconds": 0.0,
      "file_write_seconds": 0.012175366980955005,
      "operation_seconds": 0.29517131799366325,
      "total_phase_seconds": 0.39254333602730185,
      "scope": "file writes include journal intent/add/flush; excludes this timing receipt and checkpoint writes",
      "mode": "stage4_sealed_cell",
      "banner": "sealed Stage 4; scientific admission also requires complete declared populations"
    },
    {
      "phase": "immediate:98",
      "identity_check_kind": "in_memory_structure_and_configuration",
      "recipe_verification_seconds": 0.0,
      "identity_verification_seconds": 0.0,
      "identity_check_seconds": 0.0018141670152544975,
      "state_hash_seconds": 0.09411291196011007,
      "clone_seconds": 0.008111427014227957,
      "restore_seconds": 0.0021497909910976887,
      "file_write_seconds": 0.012133987038396299,
      "operation_seconds": 0.27884879196062684,
      "total_phase_seconds": 0.39727044600294903,
      "scope": "file writes include journal intent/add/flush; excludes this timing receipt and checkpoint writes",
      "mode": "stage4_sealed_cell",
      "banner": "sealed Stage 4; scientific admission also requires complete declared populations"
    },
    {
      "phase": "edit:99",
      "identity_check_kind": "in_memory_structure_and_configuration",
      "recipe_verification_seconds": 0.0,
      "identity_verification_seconds": 0.0,
      "identity_check_seconds": 0.0017768749967217445,
      "state_hash_seconds": 0.07506319595267996,
      "clone_seconds": 0.007164712995290756,
      "restore_seconds": 0.0,
      "file_write_seconds": 0.01217477599857375,
      "operation_seconds": 0.44656331796431914,
      "total_phase_seconds": 0.5428304280503653,
      "scope": "file writes include journal intent/add/flush; excludes this timing receipt and checkpoint writes",
      "mode": "stage4_sealed_cell",
      "banner": "sealed Stage 4; scientific admission also requires complete declared populations"
    },
    {
      "phase": "immediate:99",
      "identity_check_kind": "in_memory_structure_and_configuration",
      "recipe_verification_seconds": 0.0,
      "identity_verification_seconds": 0.0,
      "identity_check_seconds": 0.0017526380252093077,
      "state_hash_seconds": 0.16363546793581918,
      "clone_seconds": 0.007286025967914611,
      "restore_seconds": 0.0021278979838825762,
      "file_write_seconds": 0.012129268958233297,
      "operation_seconds": 0.32144536898704246,
      "total_phase_seconds": 0.5084832030115649,
      "scope": "file writes include journal intent/add/flush; excludes this timing receipt and checkpoint writes",
      "mode": "stage4_sealed_cell",
      "banner": "sealed Stage 4; scientific admission also requires complete declared populations"
    },
    {
      "phase": "edit:100",
      "identity_check_kind": "in_memory_structure_and_configuration",
      "recipe_verification_seconds": 0.0,
      "identity_verification_seconds": 0.0,
      "identity_check_seconds": 0.0018481230363249779,
      "state_hash_seconds": 0.07381455198628828,
      "clone_seconds": 0.007016258023213595,
      "restore_seconds": 0.0,
      "file_write_seconds": 0.01228965597692877,
      "operation_seconds": 0.7334464300074615,
      "total_phase_seconds": 0.8285014670109376,
      "scope": "file writes include journal intent/add/flush; excludes this timing receipt and checkpoint writes",
      "mode": "stage4_sealed_cell",
      "banner": "sealed Stage 4; scientific admission also requires complete declared populations"
    },
    {
      "phase": "immediate:100",
      "identity_check_kind": "in_memory_structure_and_configuration",
      "recipe_verification_seconds": 0.0,
      "identity_verification_seconds": 0.0,
      "identity_check_seconds": 0.0017636209959164262,
      "state_hash_seconds": 0.09077043406432495,
      "clone_seconds": 0.0071279319818131626,
      "restore_seconds": 0.0020640059956349432,
      "file_write_seconds": 0.01231326098786667,
      "operation_seconds": 0.41781694896053523,
      "total_phase_seconds": 0.5319526780513115,
      "scope": "file writes include journal intent/add/flush; excludes this timing receipt and checkpoint writes",
      "mode": "stage4_sealed_cell",
      "banner": "sealed Stage 4; scientific admission also requires complete declared populations"
    },
    {
      "phase": "retention:100",
      "identity_check_kind": "in_memory_structure_and_configuration",
      "recipe_verification_seconds": 0.0,
      "identity_verification_seconds": 0.0,
      "identity_check_seconds": 0.0017895400524139404,
      "state_hash_seconds": 0.09122297406429425,
      "clone_seconds": 0.007078989001456648,
      "restore_seconds": 0.002191259991377592,
      "file_write_seconds": 0.049382533004973084,
      "operation_seconds": 34.477427807985805,
      "total_phase_seconds": 34.63110012898687,
      "scope": "file writes include journal intent/add/flush; excludes this timing receipt and checkpoint writes",
      "mode": "stage4_sealed_cell",
      "banner": "sealed Stage 4; scientific admission also requires complete declared populations"
    },
    {
      "phase": "locality:100",
      "identity_check_kind": "in_memory_structure_and_configuration",
      "recipe_verification_seconds": 0.0,
      "identity_verification_seconds": 0.0,
      "identity_check_seconds": 0.0018286239937879145,
      "state_hash_seconds": 0.09133527491940185,
      "clone_seconds": 0.007387651014141738,
      "restore_seconds": 0.002975344017613679,
      "file_write_seconds": 0.04824579501291737,
      "operation_seconds": 59.487444775004406,
      "total_phase_seconds": 59.64031022897689,
      "scope": "file writes include journal intent/add/flush; excludes this timing receipt and checkpoint writes",
      "mode": "stage4_sealed_cell",
      "banner": "sealed Stage 4; scientific admission also requires complete declared populations"
    },
    {
      "phase": "unseen:100",
      "identity_check_kind": "in_memory_structure_and_configuration",
      "recipe_verification_seconds": 0.0,
      "identity_verification_seconds": 0.0,
      "identity_check_seconds": 0.0017279419698752463,
      "state_hash_seconds": 0.0910084018833004,
      "clone_seconds": 0.006095843971706927,
      "restore_seconds": 0.002163306053262204,
      "file_write_seconds": 0.04947905900189653,
      "operation_seconds": 158.27671735105105,
      "total_phase_seconds": 158.42926480498863,
      "scope": "file writes include journal intent/add/flush; excludes this timing receipt and checkpoint writes",
      "mode": "stage4_sealed_cell",
      "banner": "sealed Stage 4; scientific admission also requires complete declared populations"
    },
    {
      "phase": "drift:100",
      "identity_check_kind": "in_memory_structure_and_configuration",
      "recipe_verification_seconds": 0.0,
      "identity_verification_seconds": 0.0,
      "identity_check_seconds": 0.0018395870574750006,
      "state_hash_seconds": 0.09360573900630698,
      "clone_seconds": 0.0073387459851801395,
      "restore_seconds": 0.002065048029180616,
      "file_write_seconds": 0.16487802902702242,
      "operation_seconds": 82.95839296100894,
      "total_phase_seconds": 83.36602664098609,
      "scope": "file writes include journal intent/add/flush; excludes this timing receipt and checkpoint writes",
      "mode": "stage4_sealed_cell",
      "banner": "sealed Stage 4; scientific admission also requires complete declared populations"
    },
    {
      "phase": "edit:101",
      "identity_check_kind": "in_memory_structure_and_configuration",
      "recipe_verification_seconds": 0.0,
      "identity_verification_seconds": 0.0,
      "identity_check_seconds": 0.0018805740401148796,
      "state_hash_seconds": 0.07371311995666474,
      "clone_seconds": 0.007329077983740717,
      "restore_seconds": 0.0,
      "file_write_seconds": 0.012258206028491259,
      "operation_seconds": 0.4526957419584505,
      "total_phase_seconds": 0.5531568109872751,
      "scope": "file writes include journal intent/add/flush; excludes this timing receipt and checkpoint writes",
      "mode": "stage4_sealed_cell",
      "banner": "sealed Stage 4; scientific admission also requires complete declared populations"
    },
    {
      "phase": "immediate:101",
      "identity_check_kind": "in_memory_structure_and_configuration",
      "recipe_verification_seconds": 0.0,
      "identity_verification_seconds": 0.0,
      "identity_check_seconds": 0.0017889489536173642,
      "state_hash_seconds": 0.09151833801297471,
      "clone_seconds": 0.00706986099248752,
      "restore_seconds": 0.0023766550002619624,
      "file_write_seconds": 0.012194613984320313,
      "operation_seconds": 0.27794768498279154,
      "total_phase_seconds": 0.392994349997025,
      "scope": "file writes include journal intent/add/flush; excludes this timing receipt and checkpoint writes",
      "mode": "stage4_sealed_cell",
      "banner": "sealed Stage 4; scientific admission also requires complete declared populations"
    },
    {
      "phase": "edit:102",
      "identity_check_kind": "in_memory_structure_and_configuration",
      "recipe_verification_seconds": 0.0,
      "identity_verification_seconds": 0.0,
      "identity_check_seconds": 0.0018218810437247157,
      "state_hash_seconds": 0.07542381907114759,
      "clone_seconds": 0.006989505956880748,
      "restore_seconds": 0.0,
      "file_write_seconds": 0.012249499035533518,
      "operation_seconds": 0.4278018880286254,
      "total_phase_seconds": 0.5243818170274608,
      "scope": "file writes include journal intent/add/flush; excludes this timing receipt and checkpoint writes",
      "mode": "stage4_sealed_cell",
      "banner": "sealed Stage 4; scientific admission also requires complete declared populations"
    },
    {
      "phase": "immediate:102",
      "identity_check_kind": "in_memory_structure_and_configuration",
      "recipe_verification_seconds": 0.0,
      "identity_verification_seconds": 0.0,
      "identity_check_seconds": 0.0017925470019690692,
      "state_hash_seconds": 0.09124233707552776,
      "clone_seconds": 0.01159655803348869,
      "restore_seconds": 0.0020730430260300636,
      "file_write_seconds": 0.01220785902114585,
      "operation_seconds": 0.32381728396285325,
      "total_phase_seconds": 0.44282623298931867,
      "scope": "file writes include journal intent/add/flush; excludes this timing receipt and checkpoint writes",
      "mode": "stage4_sealed_cell",
      "banner": "sealed Stage 4; scientific admission also requires complete declared populations"
    },
    {
      "phase": "edit:103",
      "identity_check_kind": "in_memory_structure_and_configuration",
      "recipe_verification_seconds": 0.0,
      "identity_verification_seconds": 0.0,
      "identity_check_seconds": 0.001818485965486616,
      "state_hash_seconds": 0.07554882706608623,
      "clone_seconds": 0.006982552993576974,
      "restore_seconds": 0.0,
      "file_write_seconds": 0.047158420959021896,
      "operation_seconds": 1.9327553799957968,
      "total_phase_seconds": 2.0643484509782866,
      "scope": "file writes include journal intent/add/flush; excludes this timing receipt and checkpoint writes",
      "mode": "stage4_sealed_cell",
      "banner": "sealed Stage 4; scientific admission also requires complete declared populations"
    },
    {
      "phase": "immediate:103",
      "identity_check_kind": "in_memory_structure_and_configuration",
      "recipe_verification_seconds": 0.0,
      "identity_verification_seconds": 0.0,
      "identity_check_seconds": 0.001782586972694844,
      "state_hash_seconds": 0.09222589299315587,
      "clone_seconds": 0.006996711017563939,
      "restore_seconds": 0.0027162759797647595,
      "file_write_seconds": 0.012200745986774564,
      "operation_seconds": 0.7664157039835118,
      "total_phase_seconds": 0.8824402940226719,
      "scope": "file writes include journal intent/add/flush; excludes this timing receipt and checkpoint writes",
      "mode": "stage4_sealed_cell",
      "banner": "sealed Stage 4; scientific admission also requires complete declared populations"
    },
    {
      "phase": "edit:104",
      "identity_check_kind": "in_memory_structure_and_configuration",
      "recipe_verification_seconds": 0.0,
      "identity_verification_seconds": 0.0,
      "identity_check_seconds": 0.0018361889524385333,
      "state_hash_seconds": 0.07521601003827527,
      "clone_seconds": 0.007774932018946856,
      "restore_seconds": 0.0,
      "file_write_seconds": 0.012112095952033997,
      "operation_seconds": 0.7278739089961164,
      "total_phase_seconds": 0.8249139200197533,
      "scope": "file writes include journal intent/add/flush; excludes this timing receipt and checkpoint writes",
      "mode": "stage4_sealed_cell",
      "banner": "sealed Stage 4; scientific admission also requires complete declared populations"
    },
    {
      "phase": "immediate:104",
      "identity_check_kind": "in_memory_structure_and_configuration",
      "recipe_verification_seconds": 0.0,
      "identity_verification_seconds": 0.0,
      "identity_check_seconds": 0.001798997982405126,
      "state_hash_seconds": 0.09192006703233346,
      "clone_seconds": 0.0075957090011797845,
      "restore_seconds": 0.0026302310288883746,
      "file_write_seconds": 0.01210719597293064,
      "operation_seconds": 0.40715059405192733,
      "total_phase_seconds": 0.5233007839997299,
      "scope": "file writes include journal intent/add/flush; excludes this timing receipt and checkpoint writes",
      "mode": "stage4_sealed_cell",
      "banner": "sealed Stage 4; scientific admission also requires complete declared populations"
    },
    {
      "phase": "edit:105",
      "identity_check_kind": "in_memory_structure_and_configuration",
      "recipe_verification_seconds": 0.0,
      "identity_verification_seconds": 0.0,
      "identity_check_seconds": 0.0018062429735437036,
      "state_hash_seconds": 0.07592314400244504,
      "clone_seconds": 0.006705762993078679,
      "restore_seconds": 0.0,
      "file_write_seconds": 0.012172541988547891,
      "operation_seconds": 0.4345300240092911,
      "total_phase_seconds": 0.531223330006469,
      "scope": "file writes include journal intent/add/flush; excludes this timing receipt and checkpoint writes",
      "mode": "stage4_sealed_cell",
      "banner": "sealed Stage 4; scientific admission also requires complete declared populations"
    },
    {
      "phase": "immediate:105",
      "identity_check_kind": "in_memory_structure_and_configuration",
      "recipe_verification_seconds": 0.0,
      "identity_verification_seconds": 0.0,
      "identity_check_seconds": 0.0019094590097665787,
      "state_hash_seconds": 0.09348953503649682,
      "clone_seconds": 0.01070157199865207,
      "restore_seconds": 0.002129873028025031,
      "file_write_seconds": 0.012137143989093602,
      "operation_seconds": 0.35935283795697615,
      "total_phase_seconds": 0.4798302330309525,
      "scope": "file writes include journal intent/add/flush; excludes this timing receipt and checkpoint writes",
      "mode": "stage4_sealed_cell",
      "banner": "sealed Stage 4; scientific admission also requires complete declared populations"
    },
    {
      "phase": "edit:106",
      "identity_check_kind": "in_memory_structure_and_configuration",
      "recipe_verification_seconds": 0.0,
      "identity_verification_seconds": 0.0,
      "identity_check_seconds": 0.001784942054655403,
      "state_hash_seconds": 0.07594707101816311,
      "clone_seconds": 0.006943507993128151,
      "restore_seconds": 0.0,
      "file_write_seconds": 0.01214500900823623,
      "operation_seconds": 0.28371528995921835,
      "total_phase_seconds": 0.38062109402380884,
      "scope": "file writes include journal intent/add/flush; excludes this timing receipt and checkpoint writes",
      "mode": "stage4_sealed_cell",
      "banner": "sealed Stage 4; scientific admission also requires complete declared populations"
    },
    {
      "phase": "immediate:106",
      "identity_check_kind": "in_memory_structure_and_configuration",
      "recipe_verification_seconds": 0.0,
      "identity_verification_seconds": 0.0,
      "identity_check_seconds": 0.0017491730395704508,
      "state_hash_seconds": 0.09211420099018142,
      "clone_seconds": 0.007307687017600983,
      "restore_seconds": 0.002136295021045953,
      "file_write_seconds": 0.012241543969139457,
      "operation_seconds": 0.36739986296743155,
      "total_phase_seconds": 0.48304598598042503,
      "scope": "file writes include journal intent/add/flush; excludes this timing receipt and checkpoint writes",
      "mode": "stage4_sealed_cell",
      "banner": "sealed Stage 4; scientific admission also requires complete declared populations"
    },
    {
      "phase": "edit:107",
      "identity_check_kind": "in_memory_structure_and_configuration",
      "recipe_verification_seconds": 0.0,
      "identity_verification_seconds": 0.0,
      "identity_check_seconds": 0.0017542929854243994,
      "state_hash_seconds": 0.07478607504162937,
      "clone_seconds": 0.007003143022302538,
      "restore_seconds": 0.0,
      "file_write_seconds": 0.012340333021711558,
      "operation_seconds": 0.45345355599420145,
      "total_phase_seconds": 0.54942791396752,
      "scope": "file writes include journal intent/add/flush; excludes this timing receipt and checkpoint writes",
      "mode": "stage4_sealed_cell",
      "banner": "sealed Stage 4; scientific admission also requires complete declared populations"
    },
    {
      "phase": "immediate:107",
      "identity_check_kind": "in_memory_structure_and_configuration",
      "recipe_verification_seconds": 0.0,
      "identity_verification_seconds": 0.0,
      "identity_check_seconds": 0.0017593320226296782,
      "state_hash_seconds": 0.09217056800844148,
      "clone_seconds": 0.007160003995522857,
      "restore_seconds": 0.0020922200055792928,
      "file_write_seconds": 0.012200866010971367,
      "operation_seconds": 0.3246247229981236,
      "total_phase_seconds": 0.44010706298286095,
      "scope": "file writes include journal intent/add/flush; excludes this timing receipt and checkpoint writes",
      "mode": "stage4_sealed_cell",
      "banner": "sealed Stage 4; scientific admission also requires complete declared populations"
    },
    {
      "phase": "edit:108",
      "identity_check_kind": "in_memory_structure_and_configuration",
      "recipe_verification_seconds": 0.0,
      "identity_verification_seconds": 0.0,
      "identity_check_seconds": 0.0017676280112937093,
      "state_hash_seconds": 0.0755416129832156,
      "clone_seconds": 0.006932798016350716,
      "restore_seconds": 0.0,
      "file_write_seconds": 0.012262554024346173,
      "operation_seconds": 0.4282703049830161,
      "total_phase_seconds": 0.5248627089895308,
      "scope": "file writes include journal intent/add/flush; excludes this timing receipt and checkpoint writes",
      "mode": "stage4_sealed_cell",
      "banner": "sealed Stage 4; scientific admission also requires complete declared populations"
    },
    {
      "phase": "immediate:108",
      "identity_check_kind": "in_memory_structure_and_configuration",
      "recipe_verification_seconds": 0.0,
      "identity_verification_seconds": 0.0,
      "identity_check_seconds": 0.0017888889415189624,
      "state_hash_seconds": 0.09326475503621623,
      "clone_seconds": 0.00972138304496184,
      "restore_seconds": 0.002412453992292285,
      "file_write_seconds": 0.012334120983723551,
      "operation_seconds": 0.324697722971905,
      "total_phase_seconds": 0.44431927701225504,
      "scope": "file writes include journal intent/add/flush; excludes this timing receipt and checkpoint writes",
      "mode": "stage4_sealed_cell",
      "banner": "sealed Stage 4; scientific admission also requires complete declared populations"
    },
    {
      "phase": "edit:109",
      "identity_check_kind": "in_memory_structure_and_configuration",
      "recipe_verification_seconds": 0.0,
      "identity_verification_seconds": 0.0,
      "identity_check_seconds": 0.001849705004133284,
      "state_hash_seconds": 0.07610801898408681,
      "clone_seconds": 0.0072833309532143176,
      "restore_seconds": 0.0,
      "file_write_seconds": 0.012388685951009393,
      "operation_seconds": 0.5924152900115587,
      "total_phase_seconds": 0.6901360749616288,
      "scope": "file writes include journal intent/add/flush; excludes this timing receipt and checkpoint writes",
      "mode": "stage4_sealed_cell",
      "banner": "sealed Stage 4; scientific admission also requires complete declared populations"
    },
    {
      "phase": "immediate:109",
      "identity_check_kind": "in_memory_structure_and_configuration",
      "recipe_verification_seconds": 0.0,
      "identity_verification_seconds": 0.0,
      "identity_check_seconds": 0.0018411899800412357,
      "state_hash_seconds": 0.09192602796247229,
      "clone_seconds": 0.007513701973948628,
      "restore_seconds": 0.002089845947921276,
      "file_write_seconds": 0.012335634033661336,
      "operation_seconds": 0.37181349203456193,
      "total_phase_seconds": 0.4876248319633305,
      "scope": "file writes include journal intent/add/flush; excludes this timing receipt and checkpoint writes",
      "mode": "stage4_sealed_cell",
      "banner": "sealed Stage 4; scientific admission also requires complete declared populations"
    },
    {
      "phase": "edit:110",
      "identity_check_kind": "in_memory_structure_and_configuration",
      "recipe_verification_seconds": 0.0,
      "identity_verification_seconds": 0.0,
      "identity_check_seconds": 0.0017510760808363557,
      "state_hash_seconds": 0.07550761796301231,
      "clone_seconds": 0.007289051020052284,
      "restore_seconds": 0.0,
      "file_write_seconds": 0.012360121007077396,
      "operation_seconds": 0.6132821760256775,
      "total_phase_seconds": 0.7102918589953333,
      "scope": "file writes include journal intent/add/flush; excludes this timing receipt and checkpoint writes",
      "mode": "stage4_sealed_cell",
      "banner": "sealed Stage 4; scientific admission also requires complete declared populations"
    },
    {
      "phase": "immediate:110",
      "identity_check_kind": "in_memory_structure_and_configuration",
      "recipe_verification_seconds": 0.0,
      "identity_verification_seconds": 0.0,
      "identity_check_seconds": 0.001764281012583524,
      "state_hash_seconds": 0.09135485399747267,
      "clone_seconds": 0.007106921984814107,
      "restore_seconds": 0.0020940130343660712,
      "file_write_seconds": 0.012275339046027511,
      "operation_seconds": 0.44907518196851015,
      "total_phase_seconds": 0.563770184002351,
      "scope": "file writes include journal intent/add/flush; excludes this timing receipt and checkpoint writes",
      "mode": "stage4_sealed_cell",
      "banner": "sealed Stage 4; scientific admission also requires complete declared populations"
    },
    {
      "phase": "edit:111",
      "identity_check_kind": "in_memory_structure_and_configuration",
      "recipe_verification_seconds": 0.0,
      "identity_verification_seconds": 0.0,
      "identity_check_seconds": 0.0017949310131371021,
      "state_hash_seconds": 0.07659972104011104,
      "clone_seconds": 0.007015587005298585,
      "restore_seconds": 0.0,
      "file_write_seconds": 0.012127435998991132,
      "operation_seconds": 0.44526659295661375,
      "total_phase_seconds": 0.5429083369672298,
      "scope": "file writes include journal intent/add/flush; excludes this timing receipt and checkpoint writes",
      "mode": "stage4_sealed_cell",
      "banner": "sealed Stage 4; scientific admission also requires complete declared populations"
    },
    {
      "phase": "immediate:111",
      "identity_check_kind": "in_memory_structure_and_configuration",
      "recipe_verification_seconds": 0.0,
      "identity_verification_seconds": 0.0,
      "identity_check_seconds": 0.0017586310277692974,
      "state_hash_seconds": 0.09263755101710558,
      "clone_seconds": 0.0070261069922707975,
      "restore_seconds": 0.0023368799593299627,
      "file_write_seconds": 0.001230639056302607,
      "operation_seconds": 0.36122316296678036,
      "total_phase_seconds": 0.4663083640043624,
      "scope": "file writes include journal intent/add/flush; excludes this timing receipt and checkpoint writes",
      "mode": "stage4_sealed_cell",
      "banner": "sealed Stage 4; scientific admission also requires complete declared populations"
    },
    {
      "phase": "edit:112",
      "identity_check_kind": "in_memory_structure_and_configuration",
      "recipe_verification_seconds": 0.0,
      "identity_verification_seconds": 0.0,
      "identity_check_seconds": 0.001853283029049635,
      "state_hash_seconds": 0.07521049899514765,
      "clone_seconds": 0.007677606015931815,
      "restore_seconds": 0.0,
      "file_write_seconds": 0.012281870993319899,
      "operation_seconds": 0.7321943800197914,
      "total_phase_seconds": 0.8293049859930761,
      "scope": "file writes include journal intent/add/flush; excludes this timing receipt and checkpoint writes",
      "mode": "stage4_sealed_cell",
      "banner": "sealed Stage 4; scientific admission also requires complete declared populations"
    },
    {
      "phase": "immediate:112",
      "identity_check_kind": "in_memory_structure_and_configuration",
      "recipe_verification_seconds": 0.0,
      "identity_verification_seconds": 0.0,
      "identity_check_seconds": 0.0018581420299597085,
      "state_hash_seconds": 0.09291776898317039,
      "clone_seconds": 0.006813200016040355,
      "restore_seconds": 0.0021850289776921272,
      "file_write_seconds": 0.012156841054093093,
      "operation_seconds": 0.3657699380419217,
      "total_phase_seconds": 0.4817991569871083,
      "scope": "file writes include journal intent/add/flush; excludes this timing receipt and checkpoint writes",
      "mode": "stage4_sealed_cell",
      "banner": "sealed Stage 4; scientific admission also requires complete declared populations"
    },
    {
      "phase": "edit:113",
      "identity_check_kind": "in_memory_structure_and_configuration",
      "recipe_verification_seconds": 0.0,
      "identity_verification_seconds": 0.0,
      "identity_check_seconds": 0.0017663959879428148,
      "state_hash_seconds": 0.076223301992286,
      "clone_seconds": 0.009908512991387397,
      "restore_seconds": 0.0,
      "file_write_seconds": 0.012237636954523623,
      "operation_seconds": 0.430904264037963,
      "total_phase_seconds": 0.5311292600235902,
      "scope": "file writes include journal intent/add/flush; excludes this timing receipt and checkpoint writes",
      "mode": "stage4_sealed_cell",
      "banner": "sealed Stage 4; scientific admission also requires complete declared populations"
    },
    {
      "phase": "immediate:113",
      "identity_check_kind": "in_memory_structure_and_configuration",
      "recipe_verification_seconds": 0.0,
      "identity_verification_seconds": 0.0,
      "identity_check_seconds": 0.001990013988688588,
      "state_hash_seconds": 0.09323471802053973,
      "clone_seconds": 0.007219837978482246,
      "restore_seconds": 0.0027296720072627068,
      "file_write_seconds": 0.012170768983196467,
      "operation_seconds": 0.3204865009756759,
      "total_phase_seconds": 0.4379366229986772,
      "scope": "file writes include journal intent/add/flush; excludes this timing receipt and checkpoint writes",
      "mode": "stage4_sealed_cell",
      "banner": "sealed Stage 4; scientific admission also requires complete declared populations"
    },
    {
      "phase": "edit:114",
      "identity_check_kind": "in_memory_structure_and_configuration",
      "recipe_verification_seconds": 0.0,
      "identity_verification_seconds": 0.0,
      "identity_check_seconds": 0.0017802519723773003,
      "state_hash_seconds": 0.07554811594309285,
      "clone_seconds": 0.00830121198669076,
      "restore_seconds": 0.0,
      "file_write_seconds": 0.012237004993949085,
      "operation_seconds": 0.29021815402666107,
      "total_phase_seconds": 0.3881781289819628,
      "scope": "file writes include journal intent/add/flush; excludes this timing receipt and checkpoint writes",
      "mode": "stage4_sealed_cell",
      "banner": "sealed Stage 4; scientific admission also requires complete declared populations"
    },
    {
      "phase": "immediate:114",
      "identity_check_kind": "in_memory_structure_and_configuration",
      "recipe_verification_seconds": 0.0,
      "identity_verification_seconds": 0.0,
      "identity_check_seconds": 0.0017494640778750181,
      "state_hash_seconds": 0.09324522700626403,
      "clone_seconds": 0.007305842998903245,
      "restore_seconds": 0.002140693017281592,
      "file_write_seconds": 0.012382914021145552,
      "operation_seconds": 0.27873254899168387,
      "total_phase_seconds": 0.3956572750466876,
      "scope": "file writes include journal intent/add/flush; excludes this timing receipt and checkpoint writes",
      "mode": "stage4_sealed_cell",
      "banner": "sealed Stage 4; scientific admission also requires complete declared populations"
    },
    {
      "phase": "edit:115",
      "identity_check_kind": "in_memory_structure_and_configuration",
      "recipe_verification_seconds": 0.0,
      "identity_verification_seconds": 0.0,
      "identity_check_seconds": 0.001825789047870785,
      "state_hash_seconds": 0.07582933403318748,
      "clone_seconds": 0.0071159000508487225,
      "restore_seconds": 0.0,
      "file_write_seconds": 0.012308061006478965,
      "operation_seconds": 0.29845924000255764,
      "total_phase_seconds": 0.3956265260349028,
      "scope": "file writes include journal intent/add/flush; excludes this timing receipt and checkpoint writes",
      "mode": "stage4_sealed_cell",
      "banner": "sealed Stage 4; scientific admission also requires complete declared populations"
    },
    {
      "phase": "immediate:115",
      "identity_check_kind": "in_memory_structure_and_configuration",
      "recipe_verification_seconds": 0.0,
      "identity_verification_seconds": 0.0,
      "identity_check_seconds": 0.0017749229446053505,
      "state_hash_seconds": 0.09185672597959638,
      "clone_seconds": 0.0075383890070952475,
      "restore_seconds": 0.0021309549920260906,
      "file_write_seconds": 0.01233771798433736,
      "operation_seconds": 0.27982404100475833,
      "total_phase_seconds": 0.3955645660171285,
      "scope": "file writes include journal intent/add/flush; excludes this timing receipt and checkpoint writes",
      "mode": "stage4_sealed_cell",
      "banner": "sealed Stage 4; scientific admission also requires complete declared populations"
    },
    {
      "phase": "edit:116",
      "identity_check_kind": "in_memory_structure_and_configuration",
      "recipe_verification_seconds": 0.0,
      "identity_verification_seconds": 0.0,
      "identity_check_seconds": 0.0018145879730582237,
      "state_hash_seconds": 0.07590389903634787,
      "clone_seconds": 0.0075165670132264495,
      "restore_seconds": 0.0,
      "file_write_seconds": 0.012274506967514753,
      "operation_seconds": 1.3380340309813619,
      "total_phase_seconds": 1.4356359890080057,
      "scope": "file writes include journal intent/add/flush; excludes this timing receipt and checkpoint writes",
      "mode": "stage4_sealed_cell",
      "banner": "sealed Stage 4; scientific admission also requires complete declared populations"
    },
    {
      "phase": "immediate:116",
      "identity_check_kind": "in_memory_structure_and_configuration",
      "recipe_verification_seconds": 0.0,
      "identity_verification_seconds": 0.0,
      "identity_check_seconds": 0.0017754330183379352,
      "state_hash_seconds": 0.09231155703309923,
      "clone_seconds": 0.006885076989419758,
      "restore_seconds": 0.0023382719955407083,
      "file_write_seconds": 0.012191617977805436,
      "operation_seconds": 0.554546944971662,
      "total_phase_seconds": 0.6701525220414624,
      "scope": "file writes include journal intent/add/flush; excludes this timing receipt and checkpoint writes",
      "mode": "stage4_sealed_cell",
      "banner": "sealed Stage 4; scientific admission also requires complete declared populations"
    },
    {
      "phase": "edit:117",
      "identity_check_kind": "in_memory_structure_and_configuration",
      "recipe_verification_seconds": 0.0,
      "identity_verification_seconds": 0.0,
      "identity_check_seconds": 0.0018521299934946,
      "state_hash_seconds": 0.07697239809203893,
      "clone_seconds": 0.008241676958277822,
      "restore_seconds": 0.0,
      "file_write_seconds": 0.012207277992274612,
      "operation_seconds": 0.7470665859873407,
      "total_phase_seconds": 0.846456011000555,
      "scope": "file writes include journal intent/add/flush; excludes this timing receipt and checkpoint writes",
      "mode": "stage4_sealed_cell",
      "banner": "sealed Stage 4; scientific admission also requires complete declared populations"
    },
    {
      "phase": "immediate:117",
      "identity_check_kind": "in_memory_structure_and_configuration",
      "recipe_verification_seconds": 0.0,
      "identity_verification_seconds": 0.0,
      "identity_check_seconds": 0.001785051019396633,
      "state_hash_seconds": 0.09352821105858311,
      "clone_seconds": 0.0072153700166381896,
      "restore_seconds": 0.0020838339696638286,
      "file_write_seconds": 0.012419375008903444,
      "operation_seconds": 0.3672551449853927,
      "total_phase_seconds": 0.48438925005029887,
      "scope": "file writes include journal intent/add/flush; excludes this timing receipt and checkpoint writes",
      "mode": "stage4_sealed_cell",
      "banner": "sealed Stage 4; scientific admission also requires complete declared populations"
    },
    {
      "phase": "edit:118",
      "identity_check_kind": "in_memory_structure_and_configuration",
      "recipe_verification_seconds": 0.0,
      "identity_verification_seconds": 0.0,
      "identity_check_seconds": 0.0018664380186237395,
      "state_hash_seconds": 0.07660493307048455,
      "clone_seconds": 0.0072099100216291845,
      "restore_seconds": 0.0,
      "file_write_seconds": 0.01224472001194954,
      "operation_seconds": 0.5966687320033088,
      "total_phase_seconds": 0.6946837110444903,
      "scope": "file writes include journal intent/add/flush; excludes this timing receipt and checkpoint writes",
      "mode": "stage4_sealed_cell",
      "banner": "sealed Stage 4; scientific admission also requires complete declared populations"
    },
    {
      "phase": "immediate:118",
      "identity_check_kind": "in_memory_structure_and_configuration",
      "recipe_verification_seconds": 0.0,
      "identity_verification_seconds": 0.0,
      "identity_check_seconds": 0.0017655739793553948,
      "state_hash_seconds": 0.09212524205213413,
      "clone_seconds": 0.009994667023420334,
      "restore_seconds": 0.002390301029663533,
      "file_write_seconds": 0.01231691800057888,
      "operation_seconds": 0.9518068420002237,
      "total_phase_seconds": 1.0704970699734986,
      "scope": "file writes include journal intent/add/flush; excludes this timing receipt and checkpoint writes",
      "mode": "stage4_sealed_cell",
      "banner": "sealed Stage 4; scientific admission also requires complete declared populations"
    },
    {
      "phase": "edit:119",
      "identity_check_kind": "in_memory_structure_and_configuration",
      "recipe_verification_seconds": 0.0,
      "identity_verification_seconds": 0.0,
      "identity_check_seconds": 0.0017867349670268595,
      "state_hash_seconds": 0.07597665803041309,
      "clone_seconds": 0.007246178982313722,
      "restore_seconds": 0.0,
      "file_write_seconds": 0.012110923998989165,
      "operation_seconds": 0.5733589330338873,
      "total_phase_seconds": 0.6705667049973272,
      "scope": "file writes include journal intent/add/flush; excludes this timing receipt and checkpoint writes",
      "mode": "stage4_sealed_cell",
      "banner": "sealed Stage 4; scientific admission also requires complete declared populations"
    },
    {
      "phase": "immediate:119",
      "identity_check_kind": "in_memory_structure_and_configuration",
      "recipe_verification_seconds": 0.0,
      "identity_verification_seconds": 0.0,
      "identity_check_seconds": 0.001795060990843922,
      "state_hash_seconds": 0.0949458769755438,
      "clone_seconds": 0.007381027040537447,
      "restore_seconds": 0.002421231009066105,
      "file_write_seconds": 0.012155880045611411,
      "operation_seconds": 0.3683273400529288,
      "total_phase_seconds": 0.487130806024652,
      "scope": "file writes include journal intent/add/flush; excludes this timing receipt and checkpoint writes",
      "mode": "stage4_sealed_cell",
      "banner": "sealed Stage 4; scientific admission also requires complete declared populations"
    },
    {
      "phase": "edit:120",
      "identity_check_kind": "in_memory_structure_and_configuration",
      "recipe_verification_seconds": 0.0,
      "identity_verification_seconds": 0.0,
      "identity_check_seconds": 0.0017825759714469314,
      "state_hash_seconds": 0.07533683197107166,
      "clone_seconds": 0.007279954035766423,
      "restore_seconds": 0.0,
      "file_write_seconds": 0.012360872991848737,
      "operation_seconds": 0.2885899629909545,
      "total_phase_seconds": 0.385439638979733,
      "scope": "file writes include journal intent/add/flush; excludes this timing receipt and checkpoint writes",
      "mode": "stage4_sealed_cell",
      "banner": "sealed Stage 4; scientific admission also requires complete declared populations"
    },
    {
      "phase": "immediate:120",
      "identity_check_kind": "in_memory_structure_and_configuration",
      "recipe_verification_seconds": 0.0,
      "identity_verification_seconds": 0.0,
      "identity_check_seconds": 0.0017786789685487747,
      "state_hash_seconds": 0.0931962929898873,
      "clone_seconds": 0.011407495010644197,
      "restore_seconds": 0.002197691996116191,
      "file_write_seconds": 0.012194373994134367,
      "operation_seconds": 0.28105673397658393,
      "total_phase_seconds": 0.4019343659747392,
      "scope": "file writes include journal intent/add/flush; excludes this timing receipt and checkpoint writes",
      "mode": "stage4_sealed_cell",
      "banner": "sealed Stage 4; scientific admission also requires complete declared populations"
    },
    {
      "phase": "edit:121",
      "identity_check_kind": "in_memory_structure_and_configuration",
      "recipe_verification_seconds": 0.0,
      "identity_verification_seconds": 0.0,
      "identity_check_seconds": 0.0018188869580626488,
      "state_hash_seconds": 0.07655771309509873,
      "clone_seconds": 0.00799319997895509,
      "restore_seconds": 0.0,
      "file_write_seconds": 0.012355422019027174,
      "operation_seconds": 0.7333505560527556,
      "total_phase_seconds": 0.8321659409557469,
      "scope": "file writes include journal intent/add/flush; excludes this timing receipt and checkpoint writes",
      "mode": "stage4_sealed_cell",
      "banner": "sealed Stage 4; scientific admission also requires complete declared populations"
    },
    {
      "phase": "immediate:121",
      "identity_check_kind": "in_memory_structure_and_configuration",
      "recipe_verification_seconds": 0.0,
      "identity_verification_seconds": 0.0,
      "identity_check_seconds": 0.0017767860554158688,
      "state_hash_seconds": 0.09330828703241423,
      "clone_seconds": 0.007448185991961509,
      "restore_seconds": 0.0028369780047796667,
      "file_write_seconds": 0.012255961948540062,
      "operation_seconds": 0.4169079160201363,
      "total_phase_seconds": 0.5346312319743447,
      "scope": "file writes include journal intent/add/flush; excludes this timing receipt and checkpoint writes",
      "mode": "stage4_sealed_cell",
      "banner": "sealed Stage 4; scientific admission also requires complete declared populations"
    },
    {
      "phase": "edit:122",
      "identity_check_kind": "in_memory_structure_and_configuration",
      "recipe_verification_seconds": 0.0,
      "identity_verification_seconds": 0.0,
      "identity_check_seconds": 0.0018764869892038405,
      "state_hash_seconds": 0.07546669093426317,
      "clone_seconds": 0.008075598976574838,
      "restore_seconds": 0.0,
      "file_write_seconds": 0.012325505027547479,
      "operation_seconds": 0.3026046159793623,
      "total_phase_seconds": 0.4004451720393263,
      "scope": "file writes include journal intent/add/flush; excludes this timing receipt and checkpoint writes",
      "mode": "stage4_sealed_cell",
      "banner": "sealed Stage 4; scientific admission also requires complete declared populations"
    },
    {
      "phase": "immediate:122",
      "identity_check_kind": "in_memory_structure_and_configuration",
      "recipe_verification_seconds": 0.0,
      "identity_verification_seconds": 0.0,
      "identity_check_seconds": 0.0018040169379673898,
      "state_hash_seconds": 0.09278052602894604,
      "clone_seconds": 0.008919396961573511,
      "restore_seconds": 0.0022421080502681434,
      "file_write_seconds": 0.01233853999292478,
      "operation_seconds": 0.27881740196608007,
      "total_phase_seconds": 0.39700158103369176,
      "scope": "file writes include journal intent/add/flush; excludes this timing receipt and checkpoint writes",
      "mode": "stage4_sealed_cell",
      "banner": "sealed Stage 4; scientific admission also requires complete declared populations"
    },
    {
      "phase": "edit:123",
      "identity_check_kind": "in_memory_structure_and_configuration",
      "recipe_verification_seconds": 0.0,
      "identity_verification_seconds": 0.0,
      "identity_check_seconds": 0.0017736699664965272,
      "state_hash_seconds": 0.07526109495665878,
      "clone_seconds": 0.007532226969487965,
      "restore_seconds": 0.0,
      "file_write_seconds": 0.01227855501929298,
      "operation_seconds": 0.8907207759912126,
      "total_phase_seconds": 0.987655695003923,
      "scope": "file writes include journal intent/add/flush; excludes this timing receipt and checkpoint writes",
      "mode": "stage4_sealed_cell",
      "banner": "sealed Stage 4; scientific admission also requires complete declared populations"
    },
    {
      "phase": "immediate:123",
      "identity_check_kind": "in_memory_structure_and_configuration",
      "recipe_verification_seconds": 0.0,
      "identity_verification_seconds": 0.0,
      "identity_check_seconds": 0.0017739699687808752,
      "state_hash_seconds": 0.0928522139438428,
      "clone_seconds": 0.007866928994189948,
      "restore_seconds": 0.002316520025487989,
      "file_write_seconds": 0.012313211045693606,
      "operation_seconds": 0.458416979003232,
      "total_phase_seconds": 0.5756492229993455,
      "scope": "file writes include journal intent/add/flush; excludes this timing receipt and checkpoint writes",
      "mode": "stage4_sealed_cell",
      "banner": "sealed Stage 4; scientific admission also requires complete declared populations"
    },
    {
      "phase": "edit:124",
      "identity_check_kind": "in_memory_structure_and_configuration",
      "recipe_verification_seconds": 0.0,
      "identity_verification_seconds": 0.0,
      "identity_check_seconds": 0.0017353760194964707,
      "state_hash_seconds": 0.07569287397200242,
      "clone_seconds": 0.007244225009344518,
      "restore_seconds": 0.0,
      "file_write_seconds": 0.012299004010856152,
      "operation_seconds": 0.29984310298459604,
      "total_phase_seconds": 0.39690802100813016,
      "scope": "file writes include journal intent/add/flush; excludes this timing receipt and checkpoint writes",
      "mode": "stage4_sealed_cell",
      "banner": "sealed Stage 4; scientific admission also requires complete declared populations"
    },
    {
      "phase": "immediate:124",
      "identity_check_kind": "in_memory_structure_and_configuration",
      "recipe_verification_seconds": 0.0,
      "identity_verification_seconds": 0.0,
      "identity_check_seconds": 0.0018887800397351384,
      "state_hash_seconds": 0.09386228997027501,
      "clone_seconds": 0.007747098978143185,
      "restore_seconds": 0.0023308079689741135,
      "file_write_seconds": 0.012457577977329493,
      "operation_seconds": 0.4105279970099218,
      "total_phase_seconds": 0.5289137219660915,
      "scope": "file writes include journal intent/add/flush; excludes this timing receipt and checkpoint writes",
      "mode": "stage4_sealed_cell",
      "banner": "sealed Stage 4; scientific admission also requires complete declared populations"
    },
    {
      "phase": "edit:125",
      "identity_check_kind": "in_memory_structure_and_configuration",
      "recipe_verification_seconds": 0.0,
      "identity_verification_seconds": 0.0,
      "identity_check_seconds": 0.002102890983223915,
      "state_hash_seconds": 0.0772212750161998,
      "clone_seconds": 0.00826512201456353,
      "restore_seconds": 0.0,
      "file_write_seconds": 0.012353578000329435,
      "operation_seconds": 0.9018809060216881,
      "total_phase_seconds": 1.0019172299653292,
      "scope": "file writes include journal intent/add/flush; excludes this timing receipt and checkpoint writes",
      "mode": "stage4_sealed_cell",
      "banner": "sealed Stage 4; scientific admission also requires complete declared populations"
    },
    {
      "phase": "immediate:125",
      "identity_check_kind": "in_memory_structure_and_configuration",
      "recipe_verification_seconds": 0.0,
      "identity_verification_seconds": 0.0,
      "identity_check_seconds": 0.0019030480179935694,
      "state_hash_seconds": 0.09312357392627746,
      "clone_seconds": 0.00849831901723519,
      "restore_seconds": 0.0023728180094622076,
      "file_write_seconds": 0.012276901979930699,
      "operation_seconds": 0.4146302519948222,
      "total_phase_seconds": 0.5329066360136494,
      "scope": "file writes include journal intent/add/flush; excludes this timing receipt and checkpoint writes",
      "mode": "stage4_sealed_cell",
      "banner": "sealed Stage 4; scientific admission also requires complete declared populations"
    },
    {
      "phase": "edit:126",
      "identity_check_kind": "in_memory_structure_and_configuration",
      "recipe_verification_seconds": 0.0,
      "identity_verification_seconds": 0.0,
      "identity_check_seconds": 0.0017602640436962247,
      "state_hash_seconds": 0.07514848100254312,
      "clone_seconds": 0.008484462974593043,
      "restore_seconds": 0.0,
      "file_write_seconds": 0.012222847959492356,
      "operation_seconds": 0.2828234210028313,
      "total_phase_seconds": 0.3805254310136661,
      "scope": "file writes include journal intent/add/flush; excludes this timing receipt and checkpoint writes",
      "mode": "stage4_sealed_cell",
      "banner": "sealed Stage 4; scientific admission also requires complete declared populations"
    },
    {
      "phase": "immediate:126",
      "identity_check_kind": "in_memory_structure_and_configuration",
      "recipe_verification_seconds": 0.0,
      "identity_verification_seconds": 0.0,
      "identity_check_seconds": 0.00181647198041901,
      "state_hash_seconds": 0.09375347202876583,
      "clone_seconds": 0.008666412031743675,
      "restore_seconds": 0.00211725797271356,
      "file_write_seconds": 0.012273165048100054,
      "operation_seconds": 0.2781956900143996,
      "total_phase_seconds": 0.39692040503723547,
      "scope": "file writes include journal intent/add/flush; excludes this timing receipt and checkpoint writes",
      "mode": "stage4_sealed_cell",
      "banner": "sealed Stage 4; scientific admission also requires complete declared populations"
    },
    {
      "phase": "edit:127",
      "identity_check_kind": "in_memory_structure_and_configuration",
      "recipe_verification_seconds": 0.0,
      "identity_verification_seconds": 0.0,
      "identity_check_seconds": 0.001870104984845966,
      "state_hash_seconds": 0.07668319105869159,
      "clone_seconds": 0.008267507015261799,
      "restore_seconds": 0.0,
      "file_write_seconds": 0.012197058997116983,
      "operation_seconds": 0.2850903049693443,
      "total_phase_seconds": 0.3842014370020479,
      "scope": "file writes include journal intent/add/flush; excludes this timing receipt and checkpoint writes",
      "mode": "stage4_sealed_cell",
      "banner": "sealed Stage 4; scientific admission also requires complete declared populations"
    },
    {
      "phase": "immediate:127",
      "identity_check_kind": "in_memory_structure_and_configuration",
      "recipe_verification_seconds": 0.0,
      "identity_verification_seconds": 0.0,
      "identity_check_seconds": 0.0017857629572972655,
      "state_hash_seconds": 0.09397165011614561,
      "clone_seconds": 0.008422423037700355,
      "restore_seconds": 0.0023142860154621303,
      "file_write_seconds": 0.0032799370237626135,
      "operation_seconds": 0.278539790015202,
      "total_phase_seconds": 0.38841328996932134,
      "scope": "file writes include journal intent/add/flush; excludes this timing receipt and checkpoint writes",
      "mode": "stage4_sealed_cell",
      "banner": "sealed Stage 4; scientific admission also requires complete declared populations"
    },
    {
      "phase": "edit:128",
      "identity_check_kind": "in_memory_structure_and_configuration",
      "recipe_verification_seconds": 0.0,
      "identity_verification_seconds": 0.0,
      "identity_check_seconds": 0.0019526130054146051,
      "state_hash_seconds": 0.07678383507300168,
      "clone_seconds": 0.011407465965021402,
      "restore_seconds": 0.0,
      "file_write_seconds": 0.012157241988461465,
      "operation_seconds": 0.7619538109865971,
      "total_phase_seconds": 0.8643552290159278,
      "scope": "file writes include journal intent/add/flush; excludes this timing receipt and checkpoint writes",
      "mode": "stage4_sealed_cell",
      "banner": "sealed Stage 4; scientific admission also requires complete declared populations"
    },
    {
      "phase": "immediate:128",
      "identity_check_kind": "in_memory_structure_and_configuration",
      "recipe_verification_seconds": 0.0,
      "identity_verification_seconds": 0.0,
      "identity_check_seconds": 0.0018060510628856719,
      "state_hash_seconds": 0.09222837793640792,
      "clone_seconds": 0.009678391041234136,
      "restore_seconds": 0.002153658017050475,
      "file_write_seconds": 0.012319572968408465,
      "operation_seconds": 0.36867901298683137,
      "total_phase_seconds": 0.48697730200365186,
      "scope": "file writes include journal intent/add/flush; excludes this timing receipt and checkpoint writes",
      "mode": "stage4_sealed_cell",
      "banner": "sealed Stage 4; scientific admission also requires complete declared populations"
    },
    {
      "phase": "edit:129",
      "identity_check_kind": "in_memory_structure_and_configuration",
      "recipe_verification_seconds": 0.0,
      "identity_verification_seconds": 0.0,
      "identity_check_seconds": 0.0017545130103826523,
      "state_hash_seconds": 0.07590984896523878,
      "clone_seconds": 0.008905188005883247,
      "restore_seconds": 0.0,
      "file_write_seconds": 0.012141562008764595,
      "operation_seconds": 0.42848563799634576,
      "total_phase_seconds": 0.5272848610184155,
      "scope": "file writes include journal intent/add/flush; excludes this timing receipt and checkpoint writes",
      "mode": "stage4_sealed_cell",
      "banner": "sealed Stage 4; scientific admission also requires complete declared populations"
    },
    {
      "phase": "immediate:129",
      "identity_check_kind": "in_memory_structure_and_configuration",
      "recipe_verification_seconds": 0.0,
      "identity_verification_seconds": 0.0,
      "identity_check_seconds": 0.00181793502997607,
      "state_hash_seconds": 0.0923782650497742,
      "clone_seconds": 0.009091596002690494,
      "restore_seconds": 0.0022042649798095226,
      "file_write_seconds": 0.012229300977196544,
      "operation_seconds": 0.3259535299730487,
      "total_phase_seconds": 0.44377238902961835,
      "scope": "file writes include journal intent/add/flush; excludes this timing receipt and checkpoint writes",
      "mode": "stage4_sealed_cell",
      "banner": "sealed Stage 4; scientific admission also requires complete declared populations"
    },
    {
      "phase": "edit:130",
      "identity_check_kind": "in_memory_structure_and_configuration",
      "recipe_verification_seconds": 0.0,
      "identity_verification_seconds": 0.0,
      "identity_check_seconds": 0.001837552001234144,
      "state_hash_seconds": 0.0759741339716129,
      "clone_seconds": 0.007597702962812036,
      "restore_seconds": 0.0,
      "file_write_seconds": 0.012153284973464906,
      "operation_seconds": 0.2971393909538165,
      "total_phase_seconds": 0.39478915999643505,
      "scope": "file writes include journal intent/add/flush; excludes this timing receipt and checkpoint writes",
      "mode": "stage4_sealed_cell",
      "banner": "sealed Stage 4; scientific admission also requires complete declared populations"
    },
    {
      "phase": "immediate:130",
      "identity_check_kind": "in_memory_structure_and_configuration",
      "recipe_verification_seconds": 0.0,
      "identity_verification_seconds": 0.0,
      "identity_check_seconds": 0.0017653729883022606,
      "state_hash_seconds": 0.09287828305969015,
      "clone_seconds": 0.007423869974445552,
      "restore_seconds": 0.0028389820363372564,
      "file_write_seconds": 0.012147644010838121,
      "operation_seconds": 0.2798555720364675,
      "total_phase_seconds": 0.3970078830025159,
      "scope": "file writes include journal intent/add/flush; excludes this timing receipt and checkpoint writes",
      "mode": "stage4_sealed_cell",
      "banner": "sealed Stage 4; scientific admission also requires complete declared populations"
    },
    {
      "phase": "edit:131",
      "identity_check_kind": "in_memory_structure_and_configuration",
      "recipe_verification_seconds": 0.0,
      "identity_verification_seconds": 0.0,
      "identity_check_seconds": 0.001870986947324127,
      "state_hash_seconds": 0.07569216197589412,
      "clone_seconds": 0.009566365974023938,
      "restore_seconds": 0.0,
      "file_write_seconds": 0.012246944010257721,
      "operation_seconds": 0.2936695290263742,
      "total_phase_seconds": 0.3931349199847318,
      "scope": "file writes include journal intent/add/flush; excludes this timing receipt and checkpoint writes",
      "mode": "stage4_sealed_cell",
      "banner": "sealed Stage 4; scientific admission also requires complete declared populations"
    },
    {
      "phase": "immediate:131",
      "identity_check_kind": "in_memory_structure_and_configuration",
      "recipe_verification_seconds": 0.0,
      "identity_verification_seconds": 0.0,
      "identity_check_seconds": 0.0018360780086368322,
      "state_hash_seconds": 0.09368302597431466,
      "clone_seconds": 0.009272602968849242,
      "restore_seconds": 0.0023310279939323664,
      "file_write_seconds": 0.012285778997465968,
      "operation_seconds": 0.28445923601975664,
      "total_phase_seconds": 0.40396956697804853,
      "scope": "file writes include journal intent/add/flush; excludes this timing receipt and checkpoint writes",
      "mode": "stage4_sealed_cell",
      "banner": "sealed Stage 4; scientific admission also requires complete declared populations"
    },
    {
      "phase": "edit:132",
      "identity_check_kind": "in_memory_structure_and_configuration",
      "recipe_verification_seconds": 0.0,
      "identity_verification_seconds": 0.0,
      "identity_check_seconds": 0.001819095981772989,
      "state_hash_seconds": 0.0758730199886486,
      "clone_seconds": 0.007688967976719141,
      "restore_seconds": 0.0,
      "file_write_seconds": 0.012306148011703044,
      "operation_seconds": 0.8995859770220704,
      "total_phase_seconds": 0.9973626499995589,
      "scope": "file writes include journal intent/add/flush; excludes this timing receipt and checkpoint writes",
      "mode": "stage4_sealed_cell",
      "banner": "sealed Stage 4; scientific admission also requires complete declared populations"
    },
    {
      "phase": "immediate:132",
      "identity_check_kind": "in_memory_structure_and_configuration",
      "recipe_verification_seconds": 0.0,
      "identity_verification_seconds": 0.0,
      "identity_check_seconds": 0.0019662879640236497,
      "state_hash_seconds": 0.09353868896141648,
      "clone_seconds": 0.009280347963795066,
      "restore_seconds": 0.0021860600099898875,
      "file_write_seconds": 0.012234780995640904,
      "operation_seconds": 0.41278669697931036,
      "total_phase_seconds": 0.5320885080145672,
      "scope": "file writes include journal intent/add/flush; excludes this timing receipt and checkpoint writes",
      "mode": "stage4_sealed_cell",
      "banner": "sealed Stage 4; scientific admission also requires complete declared populations"
    },
    {
      "phase": "edit:133",
      "identity_check_kind": "in_memory_structure_and_configuration",
      "recipe_verification_seconds": 0.0,
      "identity_verification_seconds": 0.0,
      "identity_check_seconds": 0.0017477900255471468,
      "state_hash_seconds": 0.07809668203117326,
      "clone_seconds": 0.007700840011239052,
      "restore_seconds": 0.0,
      "file_write_seconds": 0.012223700003232807,
      "operation_seconds": 1.0485473190201446,
      "total_phase_seconds": 1.1484035979956388,
      "scope": "file writes include journal intent/add/flush; excludes this timing receipt and checkpoint writes",
      "mode": "stage4_sealed_cell",
      "banner": "sealed Stage 4; scientific admission also requires complete declared populations"
    },
    {
      "phase": "immediate:133",
      "identity_check_kind": "in_memory_structure_and_configuration",
      "recipe_verification_seconds": 0.0,
      "identity_verification_seconds": 0.0,
      "identity_check_seconds": 0.0017724580247886479,
      "state_hash_seconds": 0.09164650301681831,
      "clone_seconds": 0.00808794202748686,
      "restore_seconds": 0.0021055759862065315,
      "file_write_seconds": 0.012213790963869542,
      "operation_seconds": 0.45412679604487494,
      "total_phase_seconds": 0.570054299023468,
      "scope": "file writes include journal intent/add/flush; excludes this timing receipt and checkpoint writes",
      "mode": "stage4_sealed_cell",
      "banner": "sealed Stage 4; scientific admission also requires complete declared populations"
    },
    {
      "phase": "edit:134",
      "identity_check_kind": "in_memory_structure_and_configuration",
      "recipe_verification_seconds": 0.0,
      "identity_verification_seconds": 0.0,
      "identity_check_seconds": 0.0017705030040815473,
      "state_hash_seconds": 0.07618254201952368,
      "clone_seconds": 0.008845544012729079,
      "restore_seconds": 0.0,
      "file_write_seconds": 0.012229991960339248,
      "operation_seconds": 0.29403124301461503,
      "total_phase_seconds": 0.3931465519708581,
      "scope": "file writes include journal intent/add/flush; excludes this timing receipt and checkpoint writes",
      "mode": "stage4_sealed_cell",
      "banner": "sealed Stage 4; scientific admission also requires complete declared populations"
    },
    {
      "phase": "immediate:134",
      "identity_check_kind": "in_memory_structure_and_configuration",
      "recipe_verification_seconds": 0.0,
      "identity_verification_seconds": 0.0,
      "identity_check_seconds": 0.0017800219939090312,
      "state_hash_seconds": 0.09237932896940038,
      "clone_seconds": 0.008071279968135059,
      "restore_seconds": 0.002287774987053126,
      "file_write_seconds": 0.012742563965730369,
      "operation_seconds": 0.2828843370079994,
      "total_phase_seconds": 0.4002441060147248,
      "scope": "file writes include journal intent/add/flush; excludes this timing receipt and checkpoint writes",
      "mode": "stage4_sealed_cell",
      "banner": "sealed Stage 4; scientific admission also requires complete declared populations"
    },
    {
      "phase": "edit:135",
      "identity_check_kind": "in_memory_structure_and_configuration",
      "recipe_verification_seconds": 0.0,
      "identity_verification_seconds": 0.0,
      "identity_check_seconds": 0.0017773759900592268,
      "state_hash_seconds": 0.07544527994468808,
      "clone_seconds": 0.007867930980864912,
      "restore_seconds": 0.0,
      "file_write_seconds": 0.012312831007875502,
      "operation_seconds": 0.2969797250116244,
      "total_phase_seconds": 0.3944919610512443,
      "scope": "file writes include journal intent/add/flush; excludes this timing receipt and checkpoint writes",
      "mode": "stage4_sealed_cell",
      "banner": "sealed Stage 4; scientific admission also requires complete declared populations"
    },
    {
      "phase": "immediate:135",
      "identity_check_kind": "in_memory_structure_and_configuration",
      "recipe_verification_seconds": 0.0,
      "identity_verification_seconds": 0.0,
      "identity_check_seconds": 0.0017649439978413284,
      "state_hash_seconds": 0.09306191600626335,
      "clone_seconds": 0.007455790997482836,
      "restore_seconds": 0.0022048859973438084,
      "file_write_seconds": 0.01235854800324887,
      "operation_seconds": 0.2807535029714927,
      "total_phase_seconds": 0.39769752603024244,
      "scope": "file writes include journal intent/add/flush; excludes this timing receipt and checkpoint writes",
      "mode": "stage4_sealed_cell",
      "banner": "sealed Stage 4; scientific admission also requires complete declared populations"
    },
    {
      "phase": "edit:136",
      "identity_check_kind": "in_memory_structure_and_configuration",
      "recipe_verification_seconds": 0.0,
      "identity_verification_seconds": 0.0,
      "identity_check_seconds": 0.001764090033248067,
      "state_hash_seconds": 0.0763717659865506,
      "clone_seconds": 0.008370032999664545,
      "restore_seconds": 0.0,
      "file_write_seconds": 0.01231086702318862,
      "operation_seconds": 0.9010410559712909,
      "total_phase_seconds": 0.999951722973492,
      "scope": "file writes include journal intent/add/flush; excludes this timing receipt and checkpoint writes",
      "mode": "stage4_sealed_cell",
      "banner": "sealed Stage 4; scientific admission also requires complete declared populations"
    },
    {
      "phase": "immediate:136",
      "identity_check_kind": "in_memory_structure_and_configuration",
      "recipe_verification_seconds": 0.0,
      "identity_verification_seconds": 0.0,
      "identity_check_seconds": 0.001964436029084027,
      "state_hash_seconds": 0.09207283996511251,
      "clone_seconds": 0.009218399005476385,
      "restore_seconds": 0.0021437890245579183,
      "file_write_seconds": 0.012296228960622102,
      "operation_seconds": 0.4174299979931675,
      "total_phase_seconds": 0.535225932020694,
      "scope": "file writes include journal intent/add/flush; excludes this timing receipt and checkpoint writes",
      "mode": "stage4_sealed_cell",
      "banner": "sealed Stage 4; scientific admission also requires complete declared populations"
    },
    {
      "phase": "edit:137",
      "identity_check_kind": "in_memory_structure_and_configuration",
      "recipe_verification_seconds": 0.0,
      "identity_verification_seconds": 0.0,
      "identity_check_seconds": 0.001916722976602614,
      "state_hash_seconds": 0.07855473196832463,
      "clone_seconds": 0.007664180011488497,
      "restore_seconds": 0.0,
      "file_write_seconds": 0.007637028000317514,
      "operation_seconds": 0.6101240530260839,
      "total_phase_seconds": 0.7059887209907174,
      "scope": "file writes include journal intent/add/flush; excludes this timing receipt and checkpoint writes",
      "mode": "stage4_sealed_cell",
      "banner": "sealed Stage 4; scientific admission also requires complete declared populations"
    },
    {
      "phase": "immediate:137",
      "identity_check_kind": "in_memory_structure_and_configuration",
      "recipe_verification_seconds": 0.0,
      "identity_verification_seconds": 0.0,
      "identity_check_seconds": 0.0020076180226169527,
      "state_hash_seconds": 0.09374079701956362,
      "clone_seconds": 0.011684796016197652,
      "restore_seconds": 0.0021938150166533887,
      "file_write_seconds": 0.012174315983429551,
      "operation_seconds": 0.3433308980311267,
      "total_phase_seconds": 0.465245897998102,
      "scope": "file writes include journal intent/add/flush; excludes this timing receipt and checkpoint writes",
      "mode": "stage4_sealed_cell",
      "banner": "sealed Stage 4; scientific admission also requires complete declared populations"
    },
    {
      "phase": "edit:138",
      "identity_check_kind": "in_memory_structure_and_configuration",
      "recipe_verification_seconds": 0.0,
      "identity_verification_seconds": 0.0,
      "identity_check_seconds": 0.0017951710615307093,
      "state_hash_seconds": 0.0769718469819054,
      "clone_seconds": 0.011280602018814534,
      "restore_seconds": 0.0,
      "file_write_seconds": 0.01228444604203105,
      "operation_seconds": 0.29251290298998356,
      "total_phase_seconds": 0.3949408609769307,
      "scope": "file writes include journal intent/add/flush; excludes this timing receipt and checkpoint writes",
      "mode": "stage4_sealed_cell",
      "banner": "sealed Stage 4; scientific admission also requires complete declared populations"
    },
    {
      "phase": "immediate:138",
      "identity_check_kind": "in_memory_structure_and_configuration",
      "recipe_verification_seconds": 0.0,
      "identity_verification_seconds": 0.0,
      "identity_check_seconds": 0.0017690110253170133,
      "state_hash_seconds": 0.09174743707990274,
      "clone_seconds": 0.010718033998273313,
      "restore_seconds": 0.0022569160209968686,
      "file_write_seconds": 0.012289555976167321,
      "operation_seconds": 0.2802646459895186,
      "total_phase_seconds": 0.39914007001789287,
      "scope": "file writes include journal intent/add/flush; excludes this timing receipt and checkpoint writes",
      "mode": "stage4_sealed_cell",
      "banner": "sealed Stage 4; scientific admission also requires complete declared populations"
    },
    {
      "phase": "edit:139",
      "identity_check_kind": "in_memory_structure_and_configuration",
      "recipe_verification_seconds": 0.0,
      "identity_verification_seconds": 0.0,
      "identity_check_seconds": 0.0017958719981834292,
      "state_hash_seconds": 0.07540208596037701,
      "clone_seconds": 0.00782145099947229,
      "restore_seconds": 0.0,
      "file_write_seconds": 0.012145771004725248,
      "operation_seconds": 0.46825593698304147,
      "total_phase_seconds": 0.5655079050338827,
      "scope": "file writes include journal intent/add/flush; excludes this timing receipt and checkpoint writes",
      "mode": "stage4_sealed_cell",
      "banner": "sealed Stage 4; scientific admission also requires complete declared populations"
    },
    {
      "phase": "immediate:139",
      "identity_check_kind": "in_memory_structure_and_configuration",
      "recipe_verification_seconds": 0.0,
      "identity_verification_seconds": 0.0,
      "identity_check_seconds": 0.0018297979841008782,
      "state_hash_seconds": 0.09383500705007464,
      "clone_seconds": 0.007950439001433551,
      "restore_seconds": 0.0029858130146749318,
      "file_write_seconds": 0.012243368022609502,
      "operation_seconds": 0.32830323395319283,
      "total_phase_seconds": 0.44725146697601303,
      "scope": "file writes include journal intent/add/flush; excludes this timing receipt and checkpoint writes",
      "mode": "stage4_sealed_cell",
      "banner": "sealed Stage 4; scientific admission also requires complete declared populations"
    },
    {
      "phase": "edit:140",
      "identity_check_kind": "in_memory_structure_and_configuration",
      "recipe_verification_seconds": 0.0,
      "identity_verification_seconds": 0.0,
      "identity_check_seconds": 0.0018634219886735082,
      "state_hash_seconds": 0.07586778001859784,
      "clone_seconds": 0.008890199998859316,
      "restore_seconds": 0.0,
      "file_write_seconds": 0.012338509957771748,
      "operation_seconds": 0.28529626998351887,
      "total_phase_seconds": 0.38434286799747497,
      "scope": "file writes include journal intent/add/flush; excludes this timing receipt and checkpoint writes",
      "mode": "stage4_sealed_cell",
      "banner": "sealed Stage 4; scientific admission also requires complete declared populations"
    },
    {
      "phase": "immediate:140",
      "identity_check_kind": "in_memory_structure_and_configuration",
      "recipe_verification_seconds": 0.0,
      "identity_verification_seconds": 0.0,
      "identity_check_seconds": 0.0017758330213837326,
      "state_hash_seconds": 0.0944647949654609,
      "clone_seconds": 0.016626528988126665,
      "restore_seconds": 0.0029179929988458753,
      "file_write_seconds": 0.012349019991233945,
      "operation_seconds": 0.2903067140141502,
      "total_phase_seconds": 0.41854195803171024,
      "scope": "file writes include journal intent/add/flush; excludes this timing receipt and checkpoint writes",
      "mode": "stage4_sealed_cell",
      "banner": "sealed Stage 4; scientific admission also requires complete declared populations"
    },
    {
      "phase": "edit:141",
      "identity_check_kind": "in_memory_structure_and_configuration",
      "recipe_verification_seconds": 0.0,
      "identity_verification_seconds": 0.0,
      "identity_check_seconds": 0.0023037759819999337,
      "state_hash_seconds": 0.07540276803774759,
      "clone_seconds": 0.008174407994374633,
      "restore_seconds": 0.0,
      "file_write_seconds": 0.012292340979911387,
      "operation_seconds": 0.3007855489850044,
      "total_phase_seconds": 0.3990554080228321,
      "scope": "file writes include journal intent/add/flush; excludes this timing receipt and checkpoint writes",
      "mode": "stage4_sealed_cell",
      "banner": "sealed Stage 4; scientific admission also requires complete declared populations"
    },
    {
      "phase": "immediate:141",
      "identity_check_kind": "in_memory_structure_and_configuration",
      "recipe_verification_seconds": 0.0,
      "identity_verification_seconds": 0.0,
      "identity_check_seconds": 0.0018044880125671625,
      "state_hash_seconds": 0.1849109879694879,
      "clone_seconds": 0.008995632000733167,
      "restore_seconds": 0.002106326981447637,
      "file_write_seconds": 0.012441897997632623,
      "operation_seconds": 0.2827696879976429,
      "total_phase_seconds": 0.49315755802672356,
      "scope": "file writes include journal intent/add/flush; excludes this timing receipt and checkpoint writes",
      "mode": "stage4_sealed_cell",
      "banner": "sealed Stage 4; scientific admission also requires complete declared populations"
    },
    {
      "phase": "edit:142",
      "identity_check_kind": "in_memory_structure_and_configuration",
      "recipe_verification_seconds": 0.0,
      "identity_verification_seconds": 0.0,
      "identity_check_seconds": 0.001793207018636167,
      "state_hash_seconds": 0.07629191293381155,
      "clone_seconds": 0.010295925021637231,
      "restore_seconds": 0.0,
      "file_write_seconds": 0.012258967035450041,
      "operation_seconds": 0.4433250720030628,
      "total_phase_seconds": 0.5440592530067079,
      "scope": "file writes include journal intent/add/flush; excludes this timing receipt and checkpoint writes",
      "mode": "stage4_sealed_cell",
      "banner": "sealed Stage 4; scientific admission also requires complete declared populations"
    },
    {
      "phase": "immediate:142",
      "identity_check_kind": "in_memory_structure_and_configuration",
      "recipe_verification_seconds": 0.0,
      "identity_verification_seconds": 0.0,
      "identity_check_seconds": 0.0017790600541047752,
      "state_hash_seconds": 0.09379625198198482,
      "clone_seconds": 0.009069813997484744,
      "restore_seconds": 0.0025524430093355477,
      "file_write_seconds": 0.012336455984041095,
      "operation_seconds": 0.32255193998571485,
      "total_phase_seconds": 0.4421871509985067,
      "scope": "file writes include journal intent/add/flush; excludes this timing receipt and checkpoint writes",
      "mode": "stage4_sealed_cell",
      "banner": "sealed Stage 4; scientific admission also requires complete declared populations"
    },
    {
      "phase": "edit:143",
      "identity_check_kind": "in_memory_structure_and_configuration",
      "recipe_verification_seconds": 0.0,
      "identity_verification_seconds": 0.0,
      "identity_check_seconds": 0.0017962029669433832,
      "state_hash_seconds": 0.07643296191236004,
      "clone_seconds": 0.009221324988175184,
      "restore_seconds": 0.0,
      "file_write_seconds": 0.012282120995223522,
      "operation_seconds": 0.2934307319810614,
      "total_phase_seconds": 0.39325511996867135,
      "scope": "file writes include journal intent/add/flush; excludes this timing receipt and checkpoint writes",
      "mode": "stage4_sealed_cell",
      "banner": "sealed Stage 4; scientific admission also requires complete declared populations"
    },
    {
      "phase": "immediate:143",
      "identity_check_kind": "in_memory_structure_and_configuration",
      "recipe_verification_seconds": 0.0,
      "identity_verification_seconds": 0.0,
      "identity_check_seconds": 0.0017887380672618747,
      "state_hash_seconds": 0.0941836250713095,
      "clone_seconds": 0.00849849998485297,
      "restore_seconds": 0.0023658350110054016,
      "file_write_seconds": 0.012330133991781622,
      "operation_seconds": 0.2807302190340124,
      "total_phase_seconds": 0.3999932449660264,
      "scope": "file writes include journal intent/add/flush; excludes this timing receipt and checkpoint writes",
      "mode": "stage4_sealed_cell",
      "banner": "sealed Stage 4; scientific admission also requires complete declared populations"
    },
    {
      "phase": "edit:144",
      "identity_check_kind": "in_memory_structure_and_configuration",
      "recipe_verification_seconds": 0.0,
      "identity_verification_seconds": 0.0,
      "identity_check_seconds": 0.0017567279865033925,
      "state_hash_seconds": 0.07560762105276808,
      "clone_seconds": 0.007626859005540609,
      "restore_seconds": 0.0,
      "file_write_seconds": 0.012247806007508188,
      "operation_seconds": 0.4523834940046072,
      "total_phase_seconds": 0.5497106550028548,
      "scope": "file writes include journal intent/add/flush; excludes this timing receipt and checkpoint writes",
      "mode": "stage4_sealed_cell",
      "banner": "sealed Stage 4; scientific admission also requires complete declared populations"
    },
    {
      "phase": "immediate:144",
      "identity_check_kind": "in_memory_structure_and_configuration",
      "recipe_verification_seconds": 0.0,
      "identity_verification_seconds": 0.0,
      "identity_check_seconds": 0.0019949430134147406,
      "state_hash_seconds": 0.09396929497597739,
      "clone_seconds": 0.009260290011297911,
      "restore_seconds": 0.002362819039262831,
      "file_write_seconds": 0.012242475990206003,
      "operation_seconds": 0.3657805579714477,
      "total_phase_seconds": 0.4857067149714567,
      "scope": "file writes include journal intent/add/flush; excludes this timing receipt and checkpoint writes",
      "mode": "stage4_sealed_cell",
      "banner": "sealed Stage 4; scientific admission also requires complete declared populations"
    },
    {
      "phase": "edit:145",
      "identity_check_kind": "in_memory_structure_and_configuration",
      "recipe_verification_seconds": 0.0,
      "identity_verification_seconds": 0.0,
      "identity_check_seconds": 0.0018340239766985178,
      "state_hash_seconds": 0.07683661597548053,
      "clone_seconds": 0.007289021043106914,
      "restore_seconds": 0.0,
      "file_write_seconds": 0.012230071006342769,
      "operation_seconds": 0.30156563501805067,
      "total_phase_seconds": 0.3998396199895069,
      "scope": "file writes include journal intent/add/flush; excludes this timing receipt and checkpoint writes",
      "mode": "stage4_sealed_cell",
      "banner": "sealed Stage 4; scientific admission also requires complete declared populations"
    },
    {
      "phase": "immediate:145",
      "identity_check_kind": "in_memory_structure_and_configuration",
      "recipe_verification_seconds": 0.0,
      "identity_verification_seconds": 0.0,
      "identity_check_seconds": 0.001912325038574636,
      "state_hash_seconds": 0.09340217791032046,
      "clone_seconds": 0.009483217028900981,
      "restore_seconds": 0.002150151995010674,
      "file_write_seconds": 0.012368156982120126,
      "operation_seconds": 0.2814541560364887,
      "total_phase_seconds": 0.40087159897666425,
      "scope": "file writes include journal intent/add/flush; excludes this timing receipt and checkpoint writes",
      "mode": "stage4_sealed_cell",
      "banner": "sealed Stage 4; scientific admission also requires complete declared populations"
    },
    {
      "phase": "edit:146",
      "identity_check_kind": "in_memory_structure_and_configuration",
      "recipe_verification_seconds": 0.0,
      "identity_verification_seconds": 0.0,
      "identity_check_seconds": 0.0017923959530889988,
      "state_hash_seconds": 0.07774261303711683,
      "clone_seconds": 0.009335243026725948,
      "restore_seconds": 0.0,
      "file_write_seconds": 0.012411489966325462,
      "operation_seconds": 0.4328769749845378,
      "total_phase_seconds": 0.5342525860178284,
      "scope": "file writes include journal intent/add/flush; excludes this timing receipt and checkpoint writes",
      "mode": "stage4_sealed_cell",
      "banner": "sealed Stage 4; scientific admission also requires complete declared populations"
    },
    {
      "phase": "immediate:146",
      "identity_check_kind": "in_memory_structure_and_configuration",
      "recipe_verification_seconds": 0.0,
      "identity_verification_seconds": 0.0,
      "identity_check_seconds": 0.001804077997803688,
      "state_hash_seconds": 0.09262312401551753,
      "clone_seconds": 0.008772814995609224,
      "restore_seconds": 0.0021256249747239053,
      "file_write_seconds": 0.01244229800067842,
      "operation_seconds": 0.32296730601228774,
      "total_phase_seconds": 0.4408349880250171,
      "scope": "file writes include journal intent/add/flush; excludes this timing receipt and checkpoint writes",
      "mode": "stage4_sealed_cell",
      "banner": "sealed Stage 4; scientific admission also requires complete declared populations"
    },
    {
      "phase": "edit:147",
      "identity_check_kind": "in_memory_structure_and_configuration",
      "recipe_verification_seconds": 0.0,
      "identity_verification_seconds": 0.0,
      "identity_check_seconds": 0.001902987016364932,
      "state_hash_seconds": 0.07668947399361059,
      "clone_seconds": 0.009046338964253664,
      "restore_seconds": 0.0,
      "file_write_seconds": 0.012198591022752225,
      "operation_seconds": 1.0528468200354837,
      "total_phase_seconds": 1.1527770899701864,
      "scope": "file writes include journal intent/add/flush; excludes this timing receipt and checkpoint writes",
      "mode": "stage4_sealed_cell",
      "banner": "sealed Stage 4; scientific admission also requires complete declared populations"
    },
    {
      "phase": "immediate:147",
      "identity_check_kind": "in_memory_structure_and_configuration",
      "recipe_verification_seconds": 0.0,
      "identity_verification_seconds": 0.0,
      "identity_check_seconds": 0.0018777690129354596,
      "state_hash_seconds": 0.09445947397034615,
      "clone_seconds": 0.009959048999007791,
      "restore_seconds": 0.0026352109853178263,
      "file_write_seconds": 0.012160799989942461,
      "operation_seconds": 0.5059854949940927,
      "total_phase_seconds": 0.627179483009968,
      "scope": "file writes include journal intent/add/flush; excludes this timing receipt and checkpoint writes",
      "mode": "stage4_sealed_cell",
      "banner": "sealed Stage 4; scientific admission also requires complete declared populations"
    },
    {
      "phase": "edit:148",
      "identity_check_kind": "in_memory_structure_and_configuration",
      "recipe_verification_seconds": 0.0,
      "identity_verification_seconds": 0.0,
      "identity_check_seconds": 0.0022958999616093934,
      "state_hash_seconds": 0.0790045020985417,
      "clone_seconds": 0.011063366022426635,
      "restore_seconds": 0.0,
      "file_write_seconds": 0.012161088990978897,
      "operation_seconds": 0.4359899709816091,
      "total_phase_seconds": 0.5406118460232392,
      "scope": "file writes include journal intent/add/flush; excludes this timing receipt and checkpoint writes",
      "mode": "stage4_sealed_cell",
      "banner": "sealed Stage 4; scientific admission also requires complete declared populations"
    },
    {
      "phase": "immediate:148",
      "identity_check_kind": "in_memory_structure_and_configuration",
      "recipe_verification_seconds": 0.0,
      "identity_verification_seconds": 0.0,
      "identity_check_seconds": 0.0017885679262690246,
      "state_hash_seconds": 0.0932217329973355,
      "clone_seconds": 0.009558240999467671,
      "restore_seconds": 0.0021611120318993926,
      "file_write_seconds": 0.012345173046924174,
      "operation_seconds": 0.32584376900922507,
      "total_phase_seconds": 0.44502172397915274,
      "scope": "file writes include journal intent/add/flush; excludes this timing receipt and checkpoint writes",
      "mode": "stage4_sealed_cell",
      "banner": "sealed Stage 4; scientific admission also requires complete declared populations"
    },
    {
      "phase": "edit:149",
      "identity_check_kind": "in_memory_structure_and_configuration",
      "recipe_verification_seconds": 0.0,
      "identity_verification_seconds": 0.0,
      "identity_check_seconds": 0.0017591420328244567,
      "state_hash_seconds": 0.07749919698107988,
      "clone_seconds": 0.0091654880088754,
      "restore_seconds": 0.0,
      "file_write_seconds": 0.012232706998474896,
      "operation_seconds": 0.4518209859961644,
      "total_phase_seconds": 0.5525703959865496,
      "scope": "file writes include journal intent/add/flush; excludes this timing receipt and checkpoint writes",
      "mode": "stage4_sealed_cell",
      "banner": "sealed Stage 4; scientific admission also requires complete declared populations"
    },
    {
      "phase": "immediate:149",
      "identity_check_kind": "in_memory_structure_and_configuration",
      "recipe_verification_seconds": 0.0,
      "identity_verification_seconds": 0.0,
      "identity_check_seconds": 0.001835728995501995,
      "state_hash_seconds": 0.09290782001335174,
      "clone_seconds": 0.010425743996165693,
      "restore_seconds": 0.0023604140151292086,
      "file_write_seconds": 0.012145188986323774,
      "operation_seconds": 0.4103015239816159,
      "total_phase_seconds": 0.5300807599560358,
      "scope": "file writes include journal intent/add/flush; excludes this timing receipt and checkpoint writes",
      "mode": "stage4_sealed_cell",
      "banner": "sealed Stage 4; scientific admission also requires complete declared populations"
    },
    {
      "phase": "edit:150",
      "identity_check_kind": "in_memory_structure_and_configuration",
      "recipe_verification_seconds": 0.0,
      "identity_verification_seconds": 0.0,
      "identity_check_seconds": 0.0017712959670461714,
      "state_hash_seconds": 0.07665788306621835,
      "clone_seconds": 0.008864631003234535,
      "restore_seconds": 0.0,
      "file_write_seconds": 0.012255630979780108,
      "operation_seconds": 0.6036665249848738,
      "total_phase_seconds": 0.7033051569596864,
      "scope": "file writes include journal intent/add/flush; excludes this timing receipt and checkpoint writes",
      "mode": "stage4_sealed_cell",
      "banner": "sealed Stage 4; scientific admission also requires complete declared populations"
    },
    {
      "phase": "immediate:150",
      "identity_check_kind": "in_memory_structure_and_configuration",
      "recipe_verification_seconds": 0.0,
      "identity_verification_seconds": 0.0,
      "identity_check_seconds": 0.0018325620330870152,
      "state_hash_seconds": 0.09540899511193857,
      "clone_seconds": 0.008236276975367218,
      "restore_seconds": 0.0022658329689875245,
      "file_write_seconds": 0.012164176034275442,
      "operation_seconds": 0.3754759409930557,
      "total_phase_seconds": 0.49547985900426283,
      "scope": "file writes include journal intent/add/flush; excludes this timing receipt and checkpoint writes",
      "mode": "stage4_sealed_cell",
      "banner": "sealed Stage 4; scientific admission also requires complete declared populations"
    },
    {
      "phase": "edit:151",
      "identity_check_kind": "in_memory_structure_and_configuration",
      "recipe_verification_seconds": 0.0,
      "identity_verification_seconds": 0.0,
      "identity_check_seconds": 0.001825078041292727,
      "state_hash_seconds": 0.07690150005510077,
      "clone_seconds": 0.008319607004523277,
      "restore_seconds": 0.0,
      "file_write_seconds": 0.012378755956888199,
      "operation_seconds": 0.5908121160464361,
      "total_phase_seconds": 0.6903239960083738,
      "scope": "file writes include journal intent/add/flush; excludes this timing receipt and checkpoint writes",
      "mode": "stage4_sealed_cell",
      "banner": "sealed Stage 4; scientific admission also requires complete declared populations"
    },
    {
      "phase": "immediate:151",
      "identity_check_kind": "in_memory_structure_and_configuration",
      "recipe_verification_seconds": 0.0,
      "identity_verification_seconds": 0.0,
      "identity_check_seconds": 0.001822534017264843,
      "state_hash_seconds": 0.09234289696905762,
      "clone_seconds": 0.009569051035214216,
      "restore_seconds": 0.0022653620108030736,
      "file_write_seconds": 0.01242440496571362,
      "operation_seconds": 0.3701931060058996,
      "total_phase_seconds": 0.4887338879634626,
      "scope": "file writes include journal intent/add/flush; excludes this timing receipt and checkpoint writes",
      "mode": "stage4_sealed_cell",
      "banner": "sealed Stage 4; scientific admission also requires complete declared populations"
    },
    {
      "phase": "edit:152",
      "identity_check_kind": "in_memory_structure_and_configuration",
      "recipe_verification_seconds": 0.0,
      "identity_verification_seconds": 0.0,
      "identity_check_seconds": 0.0017844409449025989,
      "state_hash_seconds": 0.07706405204953626,
      "clone_seconds": 0.008054709003772587,
      "restore_seconds": 0.0,
      "file_write_seconds": 0.012174966977909207,
      "operation_seconds": 0.2892731830361299,
      "total_phase_seconds": 0.38843756599817425,
      "scope": "file writes include journal intent/add/flush; excludes this timing receipt and checkpoint writes",
      "mode": "stage4_sealed_cell",
      "banner": "sealed Stage 4; scientific admission also requires complete declared populations"
    },
    {
      "phase": "immediate:152",
      "identity_check_kind": "in_memory_structure_and_configuration",
      "recipe_verification_seconds": 0.0,
      "identity_verification_seconds": 0.0,
      "identity_check_seconds": 0.0017577589605934918,
      "state_hash_seconds": 0.09390334005001932,
      "clone_seconds": 0.008505112025886774,
      "restore_seconds": 0.002181100018788129,
      "file_write_seconds": 0.012277512985747308,
      "operation_seconds": 0.3240519450046122,
      "total_phase_seconds": 0.4427723020198755,
      "scope": "file writes include journal intent/add/flush; excludes this timing receipt and checkpoint writes",
      "mode": "stage4_sealed_cell",
      "banner": "sealed Stage 4; scientific admission also requires complete declared populations"
    },
    {
      "phase": "edit:153",
      "identity_check_kind": "in_memory_structure_and_configuration",
      "recipe_verification_seconds": 0.0,
      "identity_verification_seconds": 0.0,
      "identity_check_seconds": 0.0018238869961351156,
      "state_hash_seconds": 0.07688057096675038,
      "clone_seconds": 0.007338346040342003,
      "restore_seconds": 0.0,
      "file_write_seconds": 0.012319042987655848,
      "operation_seconds": 0.2923629950382747,
      "total_phase_seconds": 0.3908100230037235,
      "scope": "file writes include journal intent/add/flush; excludes this timing receipt and checkpoint writes",
      "mode": "stage4_sealed_cell",
      "banner": "sealed Stage 4; scientific admission also requires complete declared populations"
    },
    {
      "phase": "immediate:153",
      "identity_check_kind": "in_memory_structure_and_configuration",
      "recipe_verification_seconds": 0.0,
      "identity_verification_seconds": 0.0,
      "identity_check_seconds": 0.0017953009228222072,
      "state_hash_seconds": 0.09353153599658981,
      "clone_seconds": 0.008252458006609231,
      "restore_seconds": 0.0023375710006803274,
      "file_write_seconds": 0.012385980982799083,
      "operation_seconds": 0.2834337110398337,
      "total_phase_seconds": 0.40183973498642445,
      "scope": "file writes include journal intent/add/flush; excludes this timing receipt and checkpoint writes",
      "mode": "stage4_sealed_cell",
      "banner": "sealed Stage 4; scientific admission also requires complete declared populations"
    },
    {
      "phase": "edit:154",
      "identity_check_kind": "in_memory_structure_and_configuration",
      "recipe_verification_seconds": 0.0,
      "identity_verification_seconds": 0.0,
      "identity_check_seconds": 0.0018035569810308516,
      "state_hash_seconds": 0.07620182796381414,
      "clone_seconds": 0.00780687399674207,
      "restore_seconds": 0.0,
      "file_write_seconds": 0.012274307024199516,
      "operation_seconds": 0.4346919840318151,
      "total_phase_seconds": 0.5328650469891727,
      "scope": "file writes include journal intent/add/flush; excludes this timing receipt and checkpoint writes",
      "mode": "stage4_sealed_cell",
      "banner": "sealed Stage 4; scientific admission also requires complete declared populations"
    },
    {
      "phase": "immediate:154",
      "identity_check_kind": "in_memory_structure_and_configuration",
      "recipe_verification_seconds": 0.0,
      "identity_verification_seconds": 0.0,
      "identity_check_seconds": 0.0018177939928136766,
      "state_hash_seconds": 0.09441032895119861,
      "clone_seconds": 0.008004342031199485,
      "restore_seconds": 0.002420278964564204,
      "file_write_seconds": 0.01233418204355985,
      "operation_seconds": 0.328256013977807,
      "total_phase_seconds": 0.44734527700347826,
      "scope": "file writes include journal intent/add/flush; excludes this timing receipt and checkpoint writes",
      "mode": "stage4_sealed_cell",
      "banner": "sealed Stage 4; scientific admission also requires complete declared populations"
    },
    {
      "phase": "edit:155",
      "identity_check_kind": "in_memory_structure_and_configuration",
      "recipe_verification_seconds": 0.0,
      "identity_verification_seconds": 0.0,
      "identity_check_seconds": 0.0017757630557753146,
      "state_hash_seconds": 0.07537210796726868,
      "clone_seconds": 0.008023919945117086,
      "restore_seconds": 0.0,
      "file_write_seconds": 0.012325704970862716,
      "operation_seconds": 0.4549105479964055,
      "total_phase_seconds": 0.5525009239790961,
      "scope": "file writes include journal intent/add/flush; excludes this timing receipt and checkpoint writes",
      "mode": "stage4_sealed_cell",
      "banner": "sealed Stage 4; scientific admission also requires complete declared populations"
    },
    {
      "phase": "immediate:155",
      "identity_check_kind": "in_memory_structure_and_configuration",
      "recipe_verification_seconds": 0.0,
      "identity_verification_seconds": 0.0,
      "identity_check_seconds": 0.0017682689358480275,
      "state_hash_seconds": 0.09404227504273877,
      "clone_seconds": 0.008105886983685195,
      "restore_seconds": 0.0027684259694069624,
      "file_write_seconds": 0.012293913983739913,
      "operation_seconds": 0.36874871799955145,
      "total_phase_seconds": 0.48782660998404026,
      "scope": "file writes include journal intent/add/flush; excludes this timing receipt and checkpoint writes",
      "mode": "stage4_sealed_cell",
      "banner": "sealed Stage 4; scientific admission also requires complete declared populations"
    },
    {
      "phase": "edit:156",
      "identity_check_kind": "in_memory_structure_and_configuration",
      "recipe_verification_seconds": 0.0,
      "identity_verification_seconds": 0.0,
      "identity_check_seconds": 0.00182511901948601,
      "state_hash_seconds": 0.07628805399872363,
      "clone_seconds": 0.009621422039344907,
      "restore_seconds": 0.0,
      "file_write_seconds": 0.012358898995444179,
      "operation_seconds": 0.2869956270442344,
      "total_phase_seconds": 0.38717496598837897,
      "scope": "file writes include journal intent/add/flush; excludes this timing receipt and checkpoint writes",
      "mode": "stage4_sealed_cell",
      "banner": "sealed Stage 4; scientific admission also requires complete declared populations"
    },
    {
      "phase": "immediate:156",
      "identity_check_kind": "in_memory_structure_and_configuration",
      "recipe_verification_seconds": 0.0,
      "identity_verification_seconds": 0.0,
      "identity_check_seconds": 0.001766636036336422,
      "state_hash_seconds": 0.09423503401922062,
      "clone_seconds": 0.09789314598310739,
      "restore_seconds": 0.0028626680141314864,
      "file_write_seconds": 0.012236423965077847,
      "operation_seconds": 0.2838989620213397,
      "total_phase_seconds": 0.49299899401376024,
      "scope": "file writes include journal intent/add/flush; excludes this timing receipt and checkpoint writes",
      "mode": "stage4_sealed_cell",
      "banner": "sealed Stage 4; scientific admission also requires complete declared populations"
    },
    {
      "phase": "edit:157",
      "identity_check_kind": "in_memory_structure_and_configuration",
      "recipe_verification_seconds": 0.0,
      "identity_verification_seconds": 0.0,
      "identity_check_seconds": 0.0017477410146966577,
      "state_hash_seconds": 0.07609665812924504,
      "clone_seconds": 0.009698740032035857,
      "restore_seconds": 0.0,
      "file_write_seconds": 0.012146931956522167,
      "operation_seconds": 0.30017467902507633,
      "total_phase_seconds": 0.3999552020104602,
      "scope": "file writes include journal intent/add/flush; excludes this timing receipt and checkpoint writes",
      "mode": "stage4_sealed_cell",
      "banner": "sealed Stage 4; scientific admission also requires complete declared populations"
    },
    {
      "phase": "immediate:157",
      "identity_check_kind": "in_memory_structure_and_configuration",
      "recipe_verification_seconds": 0.0,
      "identity_verification_seconds": 0.0,
      "identity_check_seconds": 0.001764622051268816,
      "state_hash_seconds": 0.09280968201346695,
      "clone_seconds": 0.007963775016833097,
      "restore_seconds": 0.0021906790207140148,
      "file_write_seconds": 0.012139999016653746,
      "operation_seconds": 0.3214998539770022,
      "total_phase_seconds": 0.4384632729925215,
      "scope": "file writes include journal intent/add/flush; excludes this timing receipt and checkpoint writes",
      "mode": "stage4_sealed_cell",
      "banner": "sealed Stage 4; scientific admission also requires complete declared populations"
    },
    {
      "phase": "edit:158",
      "identity_check_kind": "in_memory_structure_and_configuration",
      "recipe_verification_seconds": 0.0,
      "identity_verification_seconds": 0.0,
      "identity_check_seconds": 0.0017477000365033746,
      "state_hash_seconds": 0.07869313505943865,
      "clone_seconds": 0.011198855005204678,
      "restore_seconds": 0.0,
      "file_write_seconds": 0.0015294210170395672,
      "operation_seconds": 0.4401273830444552,
      "total_phase_seconds": 0.5333994310349226,
      "scope": "file writes include journal intent/add/flush; excludes this timing receipt and checkpoint writes",
      "mode": "stage4_sealed_cell",
      "banner": "sealed Stage 4; scientific admission also requires complete declared populations"
    },
    {
      "phase": "immediate:158",
      "identity_check_kind": "in_memory_structure_and_configuration",
      "recipe_verification_seconds": 0.0,
      "identity_verification_seconds": 0.0,
      "identity_check_seconds": 0.0018191469716839492,
      "state_hash_seconds": 0.09528056997805834,
      "clone_seconds": 0.010969866008963436,
      "restore_seconds": 0.0024787819711491466,
      "file_write_seconds": 0.0013118150527589023,
      "operation_seconds": 0.3257540779886767,
      "total_phase_seconds": 0.4377169520012103,
      "scope": "file writes include journal intent/add/flush; excludes this timing receipt and checkpoint writes",
      "mode": "stage4_sealed_cell",
      "banner": "sealed Stage 4; scientific admission also requires complete declared populations"
    },
    {
      "phase": "edit:159",
      "identity_check_kind": "in_memory_structure_and_configuration",
      "recipe_verification_seconds": 0.0,
      "identity_verification_seconds": 0.0,
      "identity_check_seconds": 0.0017745809745974839,
      "state_hash_seconds": 0.07715502608334646,
      "clone_seconds": 0.00897237699246034,
      "restore_seconds": 0.0,
      "file_write_seconds": 0.012188061024062335,
      "operation_seconds": 0.2930631170165725,
      "total_phase_seconds": 0.3932398310280405,
      "scope": "file writes include journal intent/add/flush; excludes this timing receipt and checkpoint writes",
      "mode": "stage4_sealed_cell",
      "banner": "sealed Stage 4; scientific admission also requires complete declared populations"
    },
    {
      "phase": "immediate:159",
      "identity_check_kind": "in_memory_structure_and_configuration",
      "recipe_verification_seconds": 0.0,
      "identity_verification_seconds": 0.0,
      "identity_check_seconds": 0.0017762350616976619,
      "state_hash_seconds": 0.09484507498564199,
      "clone_seconds": 0.008117099001538008,
      "restore_seconds": 0.0022566349944099784,
      "file_write_seconds": 0.012115161982364953,
      "operation_seconds": 0.28603705001296476,
      "total_phase_seconds": 0.4052474760101177,
      "scope": "file writes include journal intent/add/flush; excludes this timing receipt and checkpoint writes",
      "mode": "stage4_sealed_cell",
      "banner": "sealed Stage 4; scientific admission also requires complete declared populations"
    },
    {
      "phase": "edit:160",
      "identity_check_kind": "in_memory_structure_and_configuration",
      "recipe_verification_seconds": 0.0,
      "identity_verification_seconds": 0.0,
      "identity_check_seconds": 0.0018623890355229378,
      "state_hash_seconds": 0.07762409601127729,
      "clone_seconds": 0.008852367987856269,
      "restore_seconds": 0.0,
      "file_write_seconds": 0.012240251991897821,
      "operation_seconds": 1.0481807549949735,
      "total_phase_seconds": 1.1488499430124648,
      "scope": "file writes include journal intent/add/flush; excludes this timing receipt and checkpoint writes",
      "mode": "stage4_sealed_cell",
      "banner": "sealed Stage 4; scientific admission also requires complete declared populations"
    },
    {
      "phase": "immediate:160",
      "identity_check_kind": "in_memory_structure_and_configuration",
      "recipe_verification_seconds": 0.0,
      "identity_verification_seconds": 0.0,
      "identity_check_seconds": 0.0018539040465839207,
      "state_hash_seconds": 0.09593617497012019,
      "clone_seconds": 0.009285987995099276,
      "restore_seconds": 0.002737577015068382,
      "file_write_seconds": 0.012285558972507715,
      "operation_seconds": 0.5092020310112275,
      "total_phase_seconds": 0.6314040609868243,
      "scope": "file writes include journal intent/add/flush; excludes this timing receipt and checkpoint writes",
      "mode": "stage4_sealed_cell",
      "banner": "sealed Stage 4; scientific admission also requires complete declared populations"
    },
    {
      "phase": "edit:161",
      "identity_check_kind": "in_memory_structure_and_configuration",
      "recipe_verification_seconds": 0.0,
      "identity_verification_seconds": 0.0,
      "identity_check_seconds": 0.001751607982441783,
      "state_hash_seconds": 0.07733667397405952,
      "clone_seconds": 0.009842375002335757,
      "restore_seconds": 0.0,
      "file_write_seconds": 0.012309143028687686,
      "operation_seconds": 0.44267060700803995,
      "total_phase_seconds": 0.5439977860078216,
      "scope": "file writes include journal intent/add/flush; excludes this timing receipt and checkpoint writes",
      "mode": "stage4_sealed_cell",
      "banner": "sealed Stage 4; scientific admission also requires complete declared populations"
    },
    {
      "phase": "immediate:161",
      "identity_check_kind": "in_memory_structure_and_configuration",
      "recipe_verification_seconds": 0.0,
      "identity_verification_seconds": 0.0,
      "identity_check_seconds": 0.0017769269761629403,
      "state_hash_seconds": 0.09400673792697489,
      "clone_seconds": 0.008048295974731445,
      "restore_seconds": 0.0023254879633896053,
      "file_write_seconds": 0.012417851015925407,
      "operation_seconds": 0.33650116698117927,
      "total_phase_seconds": 0.4551824390073307,
      "scope": "file writes include journal intent/add/flush; excludes this timing receipt and checkpoint writes",
      "mode": "stage4_sealed_cell",
      "banner": "sealed Stage 4; scientific admission also requires complete declared populations"
    },
    {
      "phase": "edit:162",
      "identity_check_kind": "in_memory_structure_and_configuration",
      "recipe_verification_seconds": 0.0,
      "identity_verification_seconds": 0.0,
      "identity_check_seconds": 0.002186831959988922,
      "state_hash_seconds": 0.08005647803656757,
      "clone_seconds": 0.010859906033147126,
      "restore_seconds": 0.0,
      "file_write_seconds": 0.012183962971903384,
      "operation_seconds": 0.28630442201392725,
      "total_phase_seconds": 0.39168794598663226,
      "scope": "file writes include journal intent/add/flush; excludes this timing receipt and checkpoint writes",
      "mode": "stage4_sealed_cell",
      "banner": "sealed Stage 4; scientific admission also requires complete declared populations"
    },
    {
      "phase": "immediate:162",
      "identity_check_kind": "in_memory_structure_and_configuration",
      "recipe_verification_seconds": 0.0,
      "identity_verification_seconds": 0.0,
      "identity_check_seconds": 0.0017623879830352962,
      "state_hash_seconds": 0.09454458713298663,
      "clone_seconds": 0.008793856017291546,
      "restore_seconds": 0.0022920139599591494,
      "file_write_seconds": 0.01234894001390785,
      "operation_seconds": 0.2819414790137671,
      "total_phase_seconds": 0.40178416803246364,
      "scope": "file writes include journal intent/add/flush; excludes this timing receipt and checkpoint writes",
      "mode": "stage4_sealed_cell",
      "banner": "sealed Stage 4; scientific admission also requires complete declared populations"
    },
    {
      "phase": "edit:163",
      "identity_check_kind": "in_memory_structure_and_configuration",
      "recipe_verification_seconds": 0.0,
      "identity_verification_seconds": 0.0,
      "identity_check_seconds": 0.0018972460529766977,
      "state_hash_seconds": 0.07791261991951615,
      "clone_seconds": 0.007726248994003981,
      "restore_seconds": 0.0,
      "file_write_seconds": 0.012329052027780563,
      "operation_seconds": 0.4520339139853604,
      "total_phase_seconds": 0.5519916680059396,
      "scope": "file writes include journal intent/add/flush; excludes this timing receipt and checkpoint writes",
      "mode": "stage4_sealed_cell",
      "banner": "sealed Stage 4; scientific admission also requires complete declared populations"
    },
    {
      "phase": "immediate:163",
      "identity_check_kind": "in_memory_structure_and_configuration",
      "recipe_verification_seconds": 0.0,
      "identity_verification_seconds": 0.0,
      "identity_check_seconds": 0.0020927120349369943,
      "state_hash_seconds": 0.0939794639707543,
      "clone_seconds": 0.00932091602589935,
      "restore_seconds": 0.0031190490117296576,
      "file_write_seconds": 0.012423512991517782,
      "operation_seconds": 0.3278051899978891,
      "total_phase_seconds": 0.44885067199356854,
      "scope": "file writes include journal intent/add/flush; excludes this timing receipt and checkpoint writes",
      "mode": "stage4_sealed_cell",
      "banner": "sealed Stage 4; scientific admission also requires complete declared populations"
    },
    {
      "phase": "edit:164",
      "identity_check_kind": "in_memory_structure_and_configuration",
      "recipe_verification_seconds": 0.0,
      "identity_verification_seconds": 0.0,
      "identity_check_seconds": 0.0017835680046118796,
      "state_hash_seconds": 0.07723688404075801,
      "clone_seconds": 0.00820335396565497,
      "restore_seconds": 0.0,
      "file_write_seconds": 0.012291299004573375,
      "operation_seconds": 0.4477991770254448,
      "total_phase_seconds": 0.54741122800624,
      "scope": "file writes include journal intent/add/flush; excludes this timing receipt and checkpoint writes",
      "mode": "stage4_sealed_cell",
      "banner": "sealed Stage 4; scientific admission also requires complete declared populations"
    },
    {
      "phase": "immediate:164",
      "identity_check_kind": "in_memory_structure_and_configuration",
      "recipe_verification_seconds": 0.0,
      "identity_verification_seconds": 0.0,
      "identity_check_seconds": 0.0018548460211604834,
      "state_hash_seconds": 0.09446342097362503,
      "clone_seconds": 0.008280942973215133,
      "restore_seconds": 0.0024117829743772745,
      "file_write_seconds": 0.01223815797129646,
      "operation_seconds": 0.32939310203073546,
      "total_phase_seconds": 0.44874700397485867,
      "scope": "file writes include journal intent/add/flush; excludes this timing receipt and checkpoint writes",
      "mode": "stage4_sealed_cell",
      "banner": "sealed Stage 4; scientific admission also requires complete declared populations"
    },
    {
      "phase": "edit:165",
      "identity_check_kind": "in_memory_structure_and_configuration",
      "recipe_verification_seconds": 0.0,
      "identity_verification_seconds": 0.0,
      "identity_check_seconds": 0.001786143984645605,
      "state_hash_seconds": 0.07792266912292689,
      "clone_seconds": 0.00787751900497824,
      "restore_seconds": 0.0,
      "file_write_seconds": 0.01221305999206379,
      "operation_seconds": 0.2911574249737896,
      "total_phase_seconds": 0.3910408859956078,
      "scope": "file writes include journal intent/add/flush; excludes this timing receipt and checkpoint writes",
      "mode": "stage4_sealed_cell",
      "banner": "sealed Stage 4; scientific admission also requires complete declared populations"
    },
    {
      "phase": "immediate:165",
      "identity_check_kind": "in_memory_structure_and_configuration",
      "recipe_verification_seconds": 0.0,
      "identity_verification_seconds": 0.0,
      "identity_check_seconds": 0.0018077039858326316,
      "state_hash_seconds": 0.0939612599904649,
      "clone_seconds": 0.008757625997532159,
      "restore_seconds": 0.0022512860014103353,
      "file_write_seconds": 0.012206417042762041,
      "operation_seconds": 0.283870758023113,
      "total_phase_seconds": 0.40295494202291593,
      "scope": "file writes include journal intent/add/flush; excludes this timing receipt and checkpoint writes",
      "mode": "stage4_sealed_cell",
      "banner": "sealed Stage 4; scientific admission also requires complete declared populations"
    },
    {
      "phase": "edit:166",
      "identity_check_kind": "in_memory_structure_and_configuration",
      "recipe_verification_seconds": 0.0,
      "identity_verification_seconds": 0.0,
      "identity_check_seconds": 0.0017919950187206268,
      "state_hash_seconds": 0.07654393697157502,
      "clone_seconds": 0.011692109983414412,
      "restore_seconds": 0.0,
      "file_write_seconds": 0.012257263995707035,
      "operation_seconds": 0.29855586600024253,
      "total_phase_seconds": 0.4009334580041468,
      "scope": "file writes include journal intent/add/flush; excludes this timing receipt and checkpoint writes",
      "mode": "stage4_sealed_cell",
      "banner": "sealed Stage 4; scientific admission also requires complete declared populations"
    },
    {
      "phase": "immediate:166",
      "identity_check_kind": "in_memory_structure_and_configuration",
      "recipe_verification_seconds": 0.0,
      "identity_verification_seconds": 0.0,
      "identity_check_seconds": 0.0018205189844593406,
      "state_hash_seconds": 0.09298040997236967,
      "clone_seconds": 0.00833017600234598,
      "restore_seconds": 0.0022665950236842036,
      "file_write_seconds": 0.012270910025108606,
      "operation_seconds": 0.28663153998786584,
      "total_phase_seconds": 0.4044043300091289,
      "scope": "file writes include journal intent/add/flush; excludes this timing receipt and checkpoint writes",
      "mode": "stage4_sealed_cell",
      "banner": "sealed Stage 4; scientific admission also requires complete declared populations"
    },
    {
      "phase": "edit:167",
      "identity_check_kind": "in_memory_structure_and_configuration",
      "recipe_verification_seconds": 0.0,
      "identity_verification_seconds": 0.0,
      "identity_check_seconds": 0.0017630989896133542,
      "state_hash_seconds": 0.07750727201346308,
      "clone_seconds": 0.008047965995501727,
      "restore_seconds": 0.0,
      "file_write_seconds": 0.012248527025803924,
      "operation_seconds": 0.9197676010080613,
      "total_phase_seconds": 1.0194224640144967,
      "scope": "file writes include journal intent/add/flush; excludes this timing receipt and checkpoint writes",
      "mode": "stage4_sealed_cell",
      "banner": "sealed Stage 4; scientific admission also requires complete declared populations"
    },
    {
      "phase": "immediate:167",
      "identity_check_kind": "in_memory_structure_and_configuration",
      "recipe_verification_seconds": 0.0,
      "identity_verification_seconds": 0.0,
      "identity_check_seconds": 0.001765583991073072,
      "state_hash_seconds": 0.0951489259605296,
      "clone_seconds": 0.007886756036896259,
      "restore_seconds": 0.0023703229962848127,
      "file_write_seconds": 0.012281850969884545,
      "operation_seconds": 0.5474728660192341,
      "total_phase_seconds": 0.6670245460118167,
      "scope": "file writes include journal intent/add/flush; excludes this timing receipt and checkpoint writes",
      "mode": "stage4_sealed_cell",
      "banner": "sealed Stage 4; scientific admission also requires complete declared populations"
    },
    {
      "phase": "edit:168",
      "identity_check_kind": "in_memory_structure_and_configuration",
      "recipe_verification_seconds": 0.0,
      "identity_verification_seconds": 0.0,
      "identity_check_seconds": 0.0017753230058588088,
      "state_hash_seconds": 0.07743187696905807,
      "clone_seconds": 0.008452611975371838,
      "restore_seconds": 0.0,
      "file_write_seconds": 0.012210764980409294,
      "operation_seconds": 0.28926613001385704,
      "total_phase_seconds": 0.38922912400448695,
      "scope": "file writes include journal intent/add/flush; excludes this timing receipt and checkpoint writes",
      "mode": "stage4_sealed_cell",
      "banner": "sealed Stage 4; scientific admission also requires complete declared populations"
    },
    {
      "phase": "immediate:168",
      "identity_check_kind": "in_memory_structure_and_configuration",
      "recipe_verification_seconds": 0.0,
      "identity_verification_seconds": 0.0,
      "identity_check_seconds": 0.0018940409645438194,
      "state_hash_seconds": 0.09448623703792691,
      "clone_seconds": 0.009337117022369057,
      "restore_seconds": 0.002288246003445238,
      "file_write_seconds": 0.01221383095253259,
      "operation_seconds": 0.2831326730083674,
      "total_phase_seconds": 0.40345850796438754,
      "scope": "file writes include journal intent/add/flush; excludes this timing receipt and checkpoint writes",
      "mode": "stage4_sealed_cell",
      "banner": "sealed Stage 4; scientific admission also requires complete declared populations"
    },
    {
      "phase": "edit:169",
      "identity_check_kind": "in_memory_structure_and_configuration",
      "recipe_verification_seconds": 0.0,
      "identity_verification_seconds": 0.0,
      "identity_check_seconds": 0.0017911940230987966,
      "state_hash_seconds": 0.07903652201639488,
      "clone_seconds": 0.008462260011583567,
      "restore_seconds": 0.0,
      "file_write_seconds": 0.012204943981487304,
      "operation_seconds": 0.30461859598290175,
      "total_phase_seconds": 0.40620858798502013,
      "scope": "file writes include journal intent/add/flush; excludes this timing receipt and checkpoint writes",
      "mode": "stage4_sealed_cell",
      "banner": "sealed Stage 4; scientific admission also requires complete declared populations"
    },
    {
      "phase": "immediate:169",
      "identity_check_kind": "in_memory_structure_and_configuration",
      "recipe_verification_seconds": 0.0,
      "identity_verification_seconds": 0.0,
      "identity_check_seconds": 0.0019721100106835365,
      "state_hash_seconds": 0.09410003497032449,
      "clone_seconds": 0.007844895997550339,
      "restore_seconds": 0.002339183003641665,
      "file_write_seconds": 0.012110221956390887,
      "operation_seconds": 0.2837562680360861,
      "total_phase_seconds": 0.4022254039882682,
      "scope": "file writes include journal intent/add/flush; excludes this timing receipt and checkpoint writes",
      "mode": "stage4_sealed_cell",
      "banner": "sealed Stage 4; scientific admission also requires complete declared populations"
    },
    {
      "phase": "edit:170",
      "identity_check_kind": "in_memory_structure_and_configuration",
      "recipe_verification_seconds": 0.0,
      "identity_verification_seconds": 0.0,
      "identity_check_seconds": 0.0018057709676213562,
      "state_hash_seconds": 0.0769863529712893,
      "clone_seconds": 0.011016466014552861,
      "restore_seconds": 0.0,
      "file_write_seconds": 0.01223489100812003,
      "operation_seconds": 0.44586669298587367,
      "total_phase_seconds": 0.5479937649797648,
      "scope": "file writes include journal intent/add/flush; excludes this timing receipt and checkpoint writes",
      "mode": "stage4_sealed_cell",
      "banner": "sealed Stage 4; scientific admission also requires complete declared populations"
    },
    {
      "phase": "immediate:170",
      "identity_check_kind": "in_memory_structure_and_configuration",
      "recipe_verification_seconds": 0.0,
      "identity_verification_seconds": 0.0,
      "identity_check_seconds": 0.001787977002095431,
      "state_hash_seconds": 0.09338091692188755,
      "clone_seconds": 0.008003389986697584,
      "restore_seconds": 0.0024407790042459965,
      "file_write_seconds": 0.0123058469616808,
      "operation_seconds": 0.332900426001288,
      "total_phase_seconds": 0.45091659197350964,
      "scope": "file writes include journal intent/add/flush; excludes this timing receipt and checkpoint writes",
      "mode": "stage4_sealed_cell",
      "banner": "sealed Stage 4; scientific admission also requires complete declared populations"
    },
    {
      "phase": "edit:171",
      "identity_check_kind": "in_memory_structure_and_configuration",
      "recipe_verification_seconds": 0.0,
      "identity_verification_seconds": 0.0,
      "identity_check_seconds": 0.0017669969820417464,
      "state_hash_seconds": 0.0782697219401598,
      "clone_seconds": 0.009534875978715718,
      "restore_seconds": 0.0,
      "file_write_seconds": 0.0013099199859425426,
      "operation_seconds": 0.4318628520122729,
      "total_phase_seconds": 0.5228320260066539,
      "scope": "file writes include journal intent/add/flush; excludes this timing receipt and checkpoint writes",
      "mode": "stage4_sealed_cell",
      "banner": "sealed Stage 4; scientific admission also requires complete declared populations"
    },
    {
      "phase": "immediate:171",
      "identity_check_kind": "in_memory_structure_and_configuration",
      "recipe_verification_seconds": 0.0,
      "identity_verification_seconds": 0.0,
      "identity_check_seconds": 0.0017869350267574191,
      "state_hash_seconds": 0.09249975002603605,
      "clone_seconds": 0.008208574028685689,
      "restore_seconds": 0.0022442509653046727,
      "file_write_seconds": 0.012266571982763708,
      "operation_seconds": 0.33066781604429707,
      "total_phase_seconds": 0.4477824150235392,
      "scope": "file writes include journal intent/add/flush; excludes this timing receipt and checkpoint writes",
      "mode": "stage4_sealed_cell",
      "banner": "sealed Stage 4; scientific admission also requires complete declared populations"
    },
    {
      "phase": "edit:172",
      "identity_check_kind": "in_memory_structure_and_configuration",
      "recipe_verification_seconds": 0.0,
      "identity_verification_seconds": 0.0,
      "identity_check_seconds": 0.0018728499999269843,
      "state_hash_seconds": 0.07851542410207912,
      "clone_seconds": 0.009761711000464857,
      "restore_seconds": 0.0,
      "file_write_seconds": 0.012295697000809014,
      "operation_seconds": 0.29471035400638357,
      "total_phase_seconds": 0.3972412599832751,
      "scope": "file writes include journal intent/add/flush; excludes this timing receipt and checkpoint writes",
      "mode": "stage4_sealed_cell",
      "banner": "sealed Stage 4; scientific admission also requires complete declared populations"
    },
    {
      "phase": "immediate:172",
      "identity_check_kind": "in_memory_structure_and_configuration",
      "recipe_verification_seconds": 0.0,
      "identity_verification_seconds": 0.0,
      "identity_check_seconds": 0.0018073340179398656,
      "state_hash_seconds": 0.09544739907141775,
      "clone_seconds": 0.008912182005587965,
      "restore_seconds": 0.0033512429799884558,
      "file_write_seconds": 0.012291368970181793,
      "operation_seconds": 0.28211127599934116,
      "total_phase_seconds": 0.40401993301929906,
      "scope": "file writes include journal intent/add/flush; excludes this timing receipt and checkpoint writes",
      "mode": "stage4_sealed_cell",
      "banner": "sealed Stage 4; scientific admission also requires complete declared populations"
    },
    {
      "phase": "edit:173",
      "identity_check_kind": "in_memory_structure_and_configuration",
      "recipe_verification_seconds": 0.0,
      "identity_verification_seconds": 0.0,
      "identity_check_seconds": 0.00179296697024256,
      "state_hash_seconds": 0.08048309606965631,
      "clone_seconds": 0.010728303983341902,
      "restore_seconds": 0.0,
      "file_write_seconds": 0.012355012004263699,
      "operation_seconds": 0.9008231590269133,
      "total_phase_seconds": 1.006276065018028,
      "scope": "file writes include journal intent/add/flush; excludes this timing receipt and checkpoint writes",
      "mode": "stage4_sealed_cell",
      "banner": "sealed Stage 4; scientific admission also requires complete declared populations"
    },
    {
      "phase": "immediate:173",
      "identity_check_kind": "in_memory_structure_and_configuration",
      "recipe_verification_seconds": 0.0,
      "identity_verification_seconds": 0.0,
      "identity_check_seconds": 0.0017676279530860484,
      "state_hash_seconds": 0.09313635807484388,
      "clone_seconds": 0.009459541994147003,
      "restore_seconds": 0.002282214001752436,
      "file_write_seconds": 0.012326255964580923,
      "operation_seconds": 0.5460614410112612,
      "total_phase_seconds": 0.6651319190277718,
      "scope": "file writes include journal intent/add/flush; excludes this timing receipt and checkpoint writes",
      "mode": "stage4_sealed_cell",
      "banner": "sealed Stage 4; scientific admission also requires complete declared populations"
    },
    {
      "phase": "edit:174",
      "identity_check_kind": "in_memory_structure_and_configuration",
      "recipe_verification_seconds": 0.0,
      "identity_verification_seconds": 0.0,
      "identity_check_seconds": 0.0017934769857674837,
      "state_hash_seconds": 0.07645882200449705,
      "clone_seconds": 0.007930200023110956,
      "restore_seconds": 0.0,
      "file_write_seconds": 0.012224180973134935,
      "operation_seconds": 0.30684265901800245,
      "total_phase_seconds": 0.4053389119799249,
      "scope": "file writes include journal intent/add/flush; excludes this timing receipt and checkpoint writes",
      "mode": "stage4_sealed_cell",
      "banner": "sealed Stage 4; scientific admission also requires complete declared populations"
    },
    {
      "phase": "immediate:174",
      "identity_check_kind": "in_memory_structure_and_configuration",
      "recipe_verification_seconds": 0.0,
      "identity_verification_seconds": 0.0,
      "identity_check_seconds": 0.001876677037216723,
      "state_hash_seconds": 0.0933067049481906,
      "clone_seconds": 0.0085448480094783,
      "restore_seconds": 0.002376756048761308,
      "file_write_seconds": 0.012352486024610698,
      "operation_seconds": 0.3233461120398715,
      "total_phase_seconds": 0.44190312596037984,
      "scope": "file writes include journal intent/add/flush; excludes this timing receipt and checkpoint writes",
      "mode": "stage4_sealed_cell",
      "banner": "sealed Stage 4; scientific admission also requires complete declared populations"
    },
    {
      "phase": "edit:175",
      "identity_check_kind": "in_memory_structure_and_configuration",
      "recipe_verification_seconds": 0.0,
      "identity_verification_seconds": 0.0,
      "identity_check_seconds": 0.0017462660325691104,
      "state_hash_seconds": 0.0767798280576244,
      "clone_seconds": 0.011591057002078742,
      "restore_seconds": 0.0,
      "file_write_seconds": 0.012240441981703043,
      "operation_seconds": 0.5904961709748022,
      "total_phase_seconds": 0.6929443289991468,
      "scope": "file writes include journal intent/add/flush; excludes this timing receipt and checkpoint writes",
      "mode": "stage4_sealed_cell",
      "banner": "sealed Stage 4; scientific admission also requires complete declared populations"
    },
    {
      "phase": "immediate:175",
      "identity_check_kind": "in_memory_structure_and_configuration",
      "recipe_verification_seconds": 0.0,
      "identity_verification_seconds": 0.0,
      "identity_check_seconds": 0.0017650939989835024,
      "state_hash_seconds": 0.18425275600748137,
      "clone_seconds": 0.008364633016753942,
      "restore_seconds": 0.0023440629593096673,
      "file_write_seconds": 0.01233663596212864,
      "operation_seconds": 0.3291509289992973,
      "total_phase_seconds": 0.5383134700241499,
      "scope": "file writes include journal intent/add/flush; excludes this timing receipt and checkpoint writes",
      "mode": "stage4_sealed_cell",
      "banner": "sealed Stage 4; scientific admission also requires complete declared populations"
    },
    {
      "phase": "edit:176",
      "identity_check_kind": "in_memory_structure_and_configuration",
      "recipe_verification_seconds": 0.0,
      "identity_verification_seconds": 0.0,
      "identity_check_seconds": 0.001901684037875384,
      "state_hash_seconds": 0.07693832094082609,
      "clone_seconds": 0.008057214028667659,
      "restore_seconds": 0.0,
      "file_write_seconds": 0.012216315953992307,
      "operation_seconds": 0.6049531510216184,
      "total_phase_seconds": 0.7041565399849787,
      "scope": "file writes include journal intent/add/flush; excludes this timing receipt and checkpoint writes",
      "mode": "stage4_sealed_cell",
      "banner": "sealed Stage 4; scientific admission also requires complete declared populations"
    },
    {
      "phase": "immediate:176",
      "identity_check_kind": "in_memory_structure_and_configuration",
      "recipe_verification_seconds": 0.0,
      "identity_verification_seconds": 0.0,
      "identity_check_seconds": 0.0018414989463053644,
      "state_hash_seconds": 0.09389694506535307,
      "clone_seconds": 0.008612609002739191,
      "restore_seconds": 0.0031430639792233706,
      "file_write_seconds": 0.01218033698387444,
      "operation_seconds": 0.37643815600313246,
      "total_phase_seconds": 0.49621109099825844,
      "scope": "file writes include journal intent/add/flush; excludes this timing receipt and checkpoint writes",
      "mode": "stage4_sealed_cell",
      "banner": "sealed Stage 4; scientific admission also requires complete declared populations"
    },
    {
      "phase": "edit:177",
      "identity_check_kind": "in_memory_structure_and_configuration",
      "recipe_verification_seconds": 0.0,
      "identity_verification_seconds": 0.0,
      "identity_check_seconds": 0.0018049899954348803,
      "state_hash_seconds": 0.07718501298222691,
      "clone_seconds": 0.00862522196257487,
      "restore_seconds": 0.0,
      "file_write_seconds": 0.012083370005711913,
      "operation_seconds": 1.3584330910234712,
      "total_phase_seconds": 1.4582189449574798,
      "scope": "file writes include journal intent/add/flush; excludes this timing receipt and checkpoint writes",
      "mode": "stage4_sealed_cell",
      "banner": "sealed Stage 4; scientific admission also requires complete declared populations"
    },
    {
      "phase": "immediate:177",
      "identity_check_kind": "in_memory_structure_and_configuration",
      "recipe_verification_seconds": 0.0,
      "identity_verification_seconds": 0.0,
      "identity_check_seconds": 0.0018814170034602284,
      "state_hash_seconds": 0.0943538019200787,
      "clone_seconds": 0.009549924987368286,
      "restore_seconds": 0.002322210988495499,
      "file_write_seconds": 0.012183021986857057,
      "operation_seconds": 0.5542383040301502,
      "total_phase_seconds": 0.6746303450199775,
      "scope": "file writes include journal intent/add/flush; excludes this timing receipt and checkpoint writes",
      "mode": "stage4_sealed_cell",
      "banner": "sealed Stage 4; scientific admission also requires complete declared populations"
    },
    {
      "phase": "edit:178",
      "identity_check_kind": "in_memory_structure_and_configuration",
      "recipe_verification_seconds": 0.0,
      "identity_verification_seconds": 0.0,
      "identity_check_seconds": 0.0017829869757406414,
      "state_hash_seconds": 0.07704548700712621,
      "clone_seconds": 0.008190929947886616,
      "restore_seconds": 0.0,
      "file_write_seconds": 0.012298252957407385,
      "operation_seconds": 0.2988563720136881,
      "total_phase_seconds": 0.39826974202878773,
      "scope": "file writes include journal intent/add/flush; excludes this timing receipt and checkpoint writes",
      "mode": "stage4_sealed_cell",
      "banner": "sealed Stage 4; scientific admission also requires complete declared populations"
    },
    {
      "phase": "immediate:178",
      "identity_check_kind": "in_memory_structure_and_configuration",
      "recipe_verification_seconds": 0.0,
      "identity_verification_seconds": 0.0,
      "identity_check_seconds": 0.0017792099970392883,
      "state_hash_seconds": 0.09288354404270649,
      "clone_seconds": 0.00875407998682931,
      "restore_seconds": 0.0022714140359312296,
      "file_write_seconds": 0.012112216034438461,
      "operation_seconds": 0.3262043609865941,
      "total_phase_seconds": 0.4441074010101147,
      "scope": "file writes include journal intent/add/flush; excludes this timing receipt and checkpoint writes",
      "mode": "stage4_sealed_cell",
      "banner": "sealed Stage 4; scientific admission also requires complete declared populations"
    },
    {
      "phase": "edit:179",
      "identity_check_kind": "in_memory_structure_and_configuration",
      "recipe_verification_seconds": 0.0,
      "identity_verification_seconds": 0.0,
      "identity_check_seconds": 0.0018820370314642787,
      "state_hash_seconds": 0.07875807903474197,
      "clone_seconds": 0.008880171983037144,
      "restore_seconds": 0.0,
      "file_write_seconds": 0.012174736009910703,
      "operation_seconds": 0.3075060909613967,
      "total_phase_seconds": 0.40929297101683915,
      "scope": "file writes include journal intent/add/flush; excludes this timing receipt and checkpoint writes",
      "mode": "stage4_sealed_cell",
      "banner": "sealed Stage 4; scientific admission also requires complete declared populations"
    },
    {
      "phase": "immediate:179",
      "identity_check_kind": "in_memory_structure_and_configuration",
      "recipe_verification_seconds": 0.0,
      "identity_verification_seconds": 0.0,
      "identity_check_seconds": 0.0017737900489009917,
      "state_hash_seconds": 0.09518844191916287,
      "clone_seconds": 0.008428414992522448,
      "restore_seconds": 0.002449886000249535,
      "file_write_seconds": 0.0013327539782039821,
      "operation_seconds": 0.2805764339864254,
      "total_phase_seconds": 0.38984355103457347,
      "scope": "file writes include journal intent/add/flush; excludes this timing receipt and checkpoint writes",
      "mode": "stage4_sealed_cell",
      "banner": "sealed Stage 4; scientific admission also requires complete declared populations"
    },
    {
      "phase": "edit:180",
      "identity_check_kind": "in_memory_structure_and_configuration",
      "recipe_verification_seconds": 0.0,
      "identity_verification_seconds": 0.0,
      "identity_check_seconds": 0.0017705620266497135,
      "state_hash_seconds": 0.07889504201011732,
      "clone_seconds": 0.008368149981833994,
      "restore_seconds": 0.0,
      "file_write_seconds": 0.012392072996590286,
      "operation_seconds": 0.4372137179598212,
      "total_phase_seconds": 0.538729758001864,
      "scope": "file writes include journal intent/add/flush; excludes this timing receipt and checkpoint writes",
      "mode": "stage4_sealed_cell",
      "banner": "sealed Stage 4; scientific admission also requires complete declared populations"
    },
    {
      "phase": "immediate:180",
      "identity_check_kind": "in_memory_structure_and_configuration",
      "recipe_verification_seconds": 0.0,
      "identity_verification_seconds": 0.0,
      "identity_check_seconds": 0.001762187050189823,
      "state_hash_seconds": 0.0955262710340321,
      "clone_seconds": 0.008274830994196236,
      "restore_seconds": 0.0024950520019046962,
      "file_write_seconds": 0.012185605999547988,
      "operation_seconds": 0.32590814301511273,
      "total_phase_seconds": 0.4462523820111528,
      "scope": "file writes include journal intent/add/flush; excludes this timing receipt and checkpoint writes",
      "mode": "stage4_sealed_cell",
      "banner": "sealed Stage 4; scientific admission also requires complete declared populations"
    },
    {
      "phase": "edit:181",
      "identity_check_kind": "in_memory_structure_and_configuration",
      "recipe_verification_seconds": 0.0,
      "identity_verification_seconds": 0.0,
      "identity_check_seconds": 0.001850105938501656,
      "state_hash_seconds": 0.07758085191017017,
      "clone_seconds": 0.008086610003374517,
      "restore_seconds": 0.0,
      "file_write_seconds": 0.012348439020570368,
      "operation_seconds": 1.0195973790250719,
      "total_phase_seconds": 1.119576824014075,
      "scope": "file writes include journal intent/add/flush; excludes this timing receipt and checkpoint writes",
      "mode": "stage4_sealed_cell",
      "banner": "sealed Stage 4; scientific admission also requires complete declared populations"
    },
    {
      "phase": "immediate:181",
      "identity_check_kind": "in_memory_structure_and_configuration",
      "recipe_verification_seconds": 0.0,
      "identity_verification_seconds": 0.0,
      "identity_check_seconds": 0.0017714040004648268,
      "state_hash_seconds": 0.09557285998016596,
      "clone_seconds": 0.008271133992820978,
      "restore_seconds": 0.002579184016212821,
      "file_write_seconds": 0.012343999987933785,
      "operation_seconds": 0.47528481000335887,
      "total_phase_seconds": 0.5959322309936397,
      "scope": "file writes include journal intent/add/flush; excludes this timing receipt and checkpoint writes",
      "mode": "stage4_sealed_cell",
      "banner": "sealed Stage 4; scientific admission also requires complete declared populations"
    },
    {
      "phase": "edit:182",
      "identity_check_kind": "in_memory_structure_and_configuration",
      "recipe_verification_seconds": 0.0,
      "identity_verification_seconds": 0.0,
      "identity_check_seconds": 0.0018312310567125678,
      "state_hash_seconds": 0.07860848295968026,
      "clone_seconds": 0.008320799039211124,
      "restore_seconds": 0.0,
      "file_write_seconds": 0.012441196013242006,
      "operation_seconds": 1.0732852449873462,
      "total_phase_seconds": 1.1745796910254285,
      "scope": "file writes include journal intent/add/flush; excludes this timing receipt and checkpoint writes",
      "mode": "stage4_sealed_cell",
      "banner": "sealed Stage 4; scientific admission also requires complete declared populations"
    },
    {
      "phase": "immediate:182",
      "identity_check_kind": "in_memory_structure_and_configuration",
      "recipe_verification_seconds": 0.0,
      "identity_verification_seconds": 0.0,
      "identity_check_seconds": 0.0017964140279218554,
      "state_hash_seconds": 0.0936016000341624,
      "clone_seconds": 0.0082947289920412,
      "restore_seconds": 0.0023711540270596743,
      "file_write_seconds": 0.012427831010427326,
      "operation_seconds": 0.5084227669867687,
      "total_phase_seconds": 0.6270158700062893,
      "scope": "file writes include journal intent/add/flush; excludes this timing receipt and checkpoint writes",
      "mode": "stage4_sealed_cell",
      "banner": "sealed Stage 4; scientific admission also requires complete declared populations"
    },
    {
      "phase": "edit:183",
      "identity_check_kind": "in_memory_structure_and_configuration",
      "recipe_verification_seconds": 0.0,
      "identity_verification_seconds": 0.0,
      "identity_check_seconds": 0.00187061500037089,
      "state_hash_seconds": 0.07734634407097474,
      "clone_seconds": 0.008751774963457137,
      "restore_seconds": 0.0,
      "file_write_seconds": 0.01227778400061652,
      "operation_seconds": 0.44750309898518026,
      "total_phase_seconds": 0.5478415230172686,
      "scope": "file writes include journal intent/add/flush; excludes this timing receipt and checkpoint writes",
      "mode": "stage4_sealed_cell",
      "banner": "sealed Stage 4; scientific admission also requires complete declared populations"
    },
    {
      "phase": "immediate:183",
      "identity_check_kind": "in_memory_structure_and_configuration",
      "recipe_verification_seconds": 0.0,
      "identity_verification_seconds": 0.0,
      "identity_check_seconds": 0.0017364579834975302,
      "state_hash_seconds": 0.09485886007314548,
      "clone_seconds": 0.009677078982349485,
      "restore_seconds": 0.0024306190316565335,
      "file_write_seconds": 0.01220635703066364,
      "operation_seconds": 0.42060222796862945,
      "total_phase_seconds": 0.5416158199659549,
      "scope": "file writes include journal intent/add/flush; excludes this timing receipt and checkpoint writes",
      "mode": "stage4_sealed_cell",
      "banner": "sealed Stage 4; scientific admission also requires complete declared populations"
    },
    {
      "phase": "edit:184",
      "identity_check_kind": "in_memory_structure_and_configuration",
      "recipe_verification_seconds": 0.0,
      "identity_verification_seconds": 0.0,
      "identity_check_seconds": 0.0017606749897822738,
      "state_hash_seconds": 0.07725893496535718,
      "clone_seconds": 0.008241796982474625,
      "restore_seconds": 0.0,
      "file_write_seconds": 0.012110072013456374,
      "operation_seconds": 0.8828344290377572,
      "total_phase_seconds": 0.9822912820382044,
      "scope": "file writes include journal intent/add/flush; excludes this timing receipt and checkpoint writes",
      "mode": "stage4_sealed_cell",
      "banner": "sealed Stage 4; scientific admission also requires complete declared populations"
    },
    {
      "phase": "immediate:184",
      "identity_check_kind": "in_memory_structure_and_configuration",
      "recipe_verification_seconds": 0.0,
      "identity_verification_seconds": 0.0,
      "identity_check_seconds": 0.0017744909855537117,
      "state_hash_seconds": 0.09419975604396313,
      "clone_seconds": 0.010941733024083078,
      "restore_seconds": 0.002417001989670098,
      "file_write_seconds": 0.01216257200576365,
      "operation_seconds": 0.5106423309771344,
      "total_phase_seconds": 0.6322338310419582,
      "scope": "file writes include journal intent/add/flush; excludes this timing receipt and checkpoint writes",
      "mode": "stage4_sealed_cell",
      "banner": "sealed Stage 4; scientific admission also requires complete declared populations"
    },
    {
      "phase": "edit:185",
      "identity_check_kind": "in_memory_structure_and_configuration",
      "recipe_verification_seconds": 0.0,
      "identity_verification_seconds": 0.0,
      "identity_check_seconds": 0.001780653023160994,
      "state_hash_seconds": 0.07566688407678157,
      "clone_seconds": 0.009842304978519678,
      "restore_seconds": 0.0,
      "file_write_seconds": 0.01220912201097235,
      "operation_seconds": 0.5808835360221565,
      "total_phase_seconds": 0.6804716610349715,
      "scope": "file writes include journal intent/add/flush; excludes this timing receipt and checkpoint writes",
      "mode": "stage4_sealed_cell",
      "banner": "sealed Stage 4; scientific admission also requires complete declared populations"
    },
    {
      "phase": "immediate:185",
      "identity_check_kind": "in_memory_structure_and_configuration",
      "recipe_verification_seconds": 0.0,
      "identity_verification_seconds": 0.0,
      "identity_check_seconds": 0.0017825569957494736,
      "state_hash_seconds": 0.0931114909471944,
      "clone_seconds": 0.00823139795102179,
      "restore_seconds": 0.0024466290487907827,
      "file_write_seconds": 0.012135059980209917,
      "operation_seconds": 0.4187570700305514,
      "total_phase_seconds": 0.5365560219506733,
      "scope": "file writes include journal intent/add/flush; excludes this timing receipt and checkpoint writes",
      "mode": "stage4_sealed_cell",
      "banner": "sealed Stage 4; scientific admission also requires complete declared populations"
    },
    {
      "phase": "edit:186",
      "identity_check_kind": "in_memory_structure_and_configuration",
      "recipe_verification_seconds": 0.0,
      "identity_verification_seconds": 0.0,
      "identity_check_seconds": 0.0022385800257325172,
      "state_hash_seconds": 0.07793400902301073,
      "clone_seconds": 0.008003119961358607,
      "restore_seconds": 0.0,
      "file_write_seconds": 0.01254865201190114,
      "operation_seconds": 0.29938458395190537,
      "total_phase_seconds": 0.4002034779987298,
      "scope": "file writes include journal intent/add/flush; excludes this timing receipt and checkpoint writes",
      "mode": "stage4_sealed_cell",
      "banner": "sealed Stage 4; scientific admission also requires complete declared populations"
    },
    {
      "phase": "immediate:186",
      "identity_check_kind": "in_memory_structure_and_configuration",
      "recipe_verification_seconds": 0.0,
      "identity_verification_seconds": 0.0,
      "identity_check_seconds": 0.0017615670221857727,
      "state_hash_seconds": 0.09579184005269781,
      "clone_seconds": 0.008750551962293684,
      "restore_seconds": 0.003005411010235548,
      "file_write_seconds": 0.012291921011637896,
      "operation_seconds": 0.28512084402609617,
      "total_phase_seconds": 0.4068240280030295,
      "scope": "file writes include journal intent/add/flush; excludes this timing receipt and checkpoint writes",
      "mode": "stage4_sealed_cell",
      "banner": "sealed Stage 4; scientific admission also requires complete declared populations"
    },
    {
      "phase": "edit:187",
      "identity_check_kind": "in_memory_structure_and_configuration",
      "recipe_verification_seconds": 0.0,
      "identity_verification_seconds": 0.0,
      "identity_check_seconds": 0.0022864729980938137,
      "state_hash_seconds": 0.07918618904659525,
      "clone_seconds": 0.008910640026442707,
      "restore_seconds": 0.0,
      "file_write_seconds": 0.012225492973811924,
      "operation_seconds": 0.44521185802295804,
      "total_phase_seconds": 0.5479111669701524,
      "scope": "file writes include journal intent/add/flush; excludes this timing receipt and checkpoint writes",
      "mode": "stage4_sealed_cell",
      "banner": "sealed Stage 4; scientific admission also requires complete declared populations"
    },
    {
      "phase": "immediate:187",
      "identity_check_kind": "in_memory_structure_and_configuration",
      "recipe_verification_seconds": 0.0,
      "identity_verification_seconds": 0.0,
      "identity_check_seconds": 0.0018096589483320713,
      "state_hash_seconds": 0.094290892011486,
      "clone_seconds": 0.007853302988223732,
      "restore_seconds": 0.0023610059870406985,
      "file_write_seconds": 0.012256422953214496,
      "operation_seconds": 0.33165059896418825,
      "total_phase_seconds": 0.4503170929965563,
      "scope": "file writes include journal intent/add/flush; excludes this timing receipt and checkpoint writes",
      "mode": "stage4_sealed_cell",
      "banner": "sealed Stage 4; scientific admission also requires complete declared populations"
    },
    {
      "phase": "edit:188",
      "identity_check_kind": "in_memory_structure_and_configuration",
      "recipe_verification_seconds": 0.0,
      "identity_verification_seconds": 0.0,
      "identity_check_seconds": 0.0018749129376374185,
      "state_hash_seconds": 0.07725016894983128,
      "clone_seconds": 0.008261855982709676,
      "restore_seconds": 0.0,
      "file_write_seconds": 0.0123048159875907,
      "operation_seconds": 0.44586319295922294,
      "total_phase_seconds": 0.5456499200081453,
      "scope": "file writes include journal intent/add/flush; excludes this timing receipt and checkpoint writes",
      "mode": "stage4_sealed_cell",
      "banner": "sealed Stage 4; scientific admission also requires complete declared populations"
    },
    {
      "phase": "immediate:188",
      "identity_check_kind": "in_memory_structure_and_configuration",
      "recipe_verification_seconds": 0.0,
      "identity_verification_seconds": 0.0,
      "identity_check_seconds": 0.0019763890304602683,
      "state_hash_seconds": 0.09404957899823785,
      "clone_seconds": 0.008168716973159462,
      "restore_seconds": 0.0028743500006385148,
      "file_write_seconds": 0.012379467952996492,
      "operation_seconds": 0.33147461200132966,
      "total_phase_seconds": 0.45102677401155233,
      "scope": "file writes include journal intent/add/flush; excludes this timing receipt and checkpoint writes",
      "mode": "stage4_sealed_cell",
      "banner": "sealed Stage 4; scientific admission also requires complete declared populations"
    },
    {
      "phase": "edit:189",
      "identity_check_kind": "in_memory_structure_and_configuration",
      "recipe_verification_seconds": 0.0,
      "identity_verification_seconds": 0.0,
      "identity_check_seconds": 0.0019000409520231187,
      "state_hash_seconds": 0.0774077009409666,
      "clone_seconds": 0.008537575020454824,
      "restore_seconds": 0.0,
      "file_write_seconds": 0.012278804962988943,
      "operation_seconds": 0.2955170209752396,
      "total_phase_seconds": 0.3957362049841322,
      "scope": "file writes include journal intent/add/flush; excludes this timing receipt and checkpoint writes",
      "mode": "stage4_sealed_cell",
      "banner": "sealed Stage 4; scientific admission also requires complete declared populations"
    },
    {
      "phase": "immediate:189",
      "identity_check_kind": "in_memory_structure_and_configuration",
      "recipe_verification_seconds": 0.0,
      "identity_verification_seconds": 0.0,
      "identity_check_seconds": 0.001799248973838985,
      "state_hash_seconds": 0.09508730797097087,
      "clone_seconds": 0.008571740007027984,
      "restore_seconds": 0.00236103602219373,
      "file_write_seconds": 0.01226377597777173,
      "operation_seconds": 0.28281855094246566,
      "total_phase_seconds": 0.40299793501617387,
      "scope": "file writes include journal intent/add/flush; excludes this timing receipt and checkpoint writes",
      "mode": "stage4_sealed_cell",
      "banner": "sealed Stage 4; scientific admission also requires complete declared populations"
    },
    {
      "phase": "edit:190",
      "identity_check_kind": "in_memory_structure_and_configuration",
      "recipe_verification_seconds": 0.0,
      "identity_verification_seconds": 0.0,
      "identity_check_seconds": 0.0017411770531907678,
      "state_hash_seconds": 0.0761790070682764,
      "clone_seconds": 0.008088072994723916,
      "restore_seconds": 0.0,
      "file_write_seconds": 0.012278384005185217,
      "operation_seconds": 0.45160188601585105,
      "total_phase_seconds": 0.5499785600113682,
      "scope": "file writes include journal intent/add/flush; excludes this timing receipt and checkpoint writes",
      "mode": "stage4_sealed_cell",
      "banner": "sealed Stage 4; scientific admission also requires complete declared populations"
    },
    {
      "phase": "immediate:190",
      "identity_check_kind": "in_memory_structure_and_configuration",
      "recipe_verification_seconds": 0.0,
      "identity_verification_seconds": 0.0,
      "identity_check_seconds": 0.0018111210083588958,
      "state_hash_seconds": 0.09964183805277571,
      "clone_seconds": 0.008400561986491084,
      "restore_seconds": 0.003382914001122117,
      "file_write_seconds": 0.012756309995893389,
      "operation_seconds": 0.28399768099188805,
      "total_phase_seconds": 0.4100972020532936,
      "scope": "file writes include journal intent/add/flush; excludes this timing receipt and checkpoint writes",
      "mode": "stage4_sealed_cell",
      "banner": "sealed Stage 4; scientific admission also requires complete declared populations"
    },
    {
      "phase": "edit:191",
      "identity_check_kind": "in_memory_structure_and_configuration",
      "recipe_verification_seconds": 0.0,
      "identity_verification_seconds": 0.0,
      "identity_check_seconds": 0.0023375710006803274,
      "state_hash_seconds": 0.0776295349933207,
      "clone_seconds": 0.008324165013618767,
      "restore_seconds": 0.0,
      "file_write_seconds": 0.012275709013920277,
      "operation_seconds": 0.7479711510241032,
      "total_phase_seconds": 0.8486341959796846,
      "scope": "file writes include journal intent/add/flush; excludes this timing receipt and checkpoint writes",
      "mode": "stage4_sealed_cell",
      "banner": "sealed Stage 4; scientific admission also requires complete declared populations"
    },
    {
      "phase": "immediate:191",
      "identity_check_kind": "in_memory_structure_and_configuration",
      "recipe_verification_seconds": 0.0,
      "identity_verification_seconds": 0.0,
      "identity_check_seconds": 0.001776245015207678,
      "state_hash_seconds": 0.09412522200727835,
      "clone_seconds": 0.008219765033572912,
      "restore_seconds": 0.0025544859818182886,
      "file_write_seconds": 0.01225613197311759,
      "operation_seconds": 0.4673962200176902,
      "total_phase_seconds": 0.5864274019841105,
      "scope": "file writes include journal intent/add/flush; excludes this timing receipt and checkpoint writes",
      "mode": "stage4_sealed_cell",
      "banner": "sealed Stage 4; scientific admission also requires complete declared populations"
    },
    {
      "phase": "edit:192",
      "identity_check_kind": "in_memory_structure_and_configuration",
      "recipe_verification_seconds": 0.0,
      "identity_verification_seconds": 0.0,
      "identity_check_seconds": 0.0018795619835145772,
      "state_hash_seconds": 0.07855176489101723,
      "clone_seconds": 0.008469222986605018,
      "restore_seconds": 0.0,
      "file_write_seconds": 0.012353027006611228,
      "operation_seconds": 0.29485593404388055,
      "total_phase_seconds": 0.39620565494988114,
      "scope": "file writes include journal intent/add/flush; excludes this timing receipt and checkpoint writes",
      "mode": "stage4_sealed_cell",
      "banner": "sealed Stage 4; scientific admission also requires complete declared populations"
    },
    {
      "phase": "immediate:192",
      "identity_check_kind": "in_memory_structure_and_configuration",
      "recipe_verification_seconds": 0.0,
      "identity_verification_seconds": 0.0,
      "identity_check_seconds": 0.0017904419801197946,
      "state_hash_seconds": 0.09547744592418894,
      "clone_seconds": 0.008434205956291407,
      "restore_seconds": 0.0024204690125770867,
      "file_write_seconds": 0.01224624301539734,
      "operation_seconds": 0.29023492702981457,
      "total_phase_seconds": 0.41070684004807845,
      "scope": "file writes include journal intent/add/flush; excludes this timing receipt and checkpoint writes",
      "mode": "stage4_sealed_cell",
      "banner": "sealed Stage 4; scientific admission also requires complete declared populations"
    },
    {
      "phase": "edit:193",
      "identity_check_kind": "in_memory_structure_and_configuration",
      "recipe_verification_seconds": 0.0,
      "identity_verification_seconds": 0.0,
      "identity_check_seconds": 0.0019993320456705987,
      "state_hash_seconds": 0.0774798389757052,
      "clone_seconds": 0.008290551020763814,
      "restore_seconds": 0.0,
      "file_write_seconds": 0.012278734997380525,
      "operation_seconds": 0.6116984600084834,
      "total_phase_seconds": 0.7118515880429186,
      "scope": "file writes include journal intent/add/flush; excludes this timing receipt and checkpoint writes",
      "mode": "stage4_sealed_cell",
      "banner": "sealed Stage 4; scientific admission also requires complete declared populations"
    },
    {
      "phase": "immediate:193",
      "identity_check_kind": "in_memory_structure_and_configuration",
      "recipe_verification_seconds": 0.0,
      "identity_verification_seconds": 0.0,
      "identity_check_seconds": 0.00179301796015352,
      "state_hash_seconds": 0.09263681207085028,
      "clone_seconds": 0.008464202983304858,
      "restore_seconds": 0.0023475499474443495,
      "file_write_seconds": 0.012247756007127464,
      "operation_seconds": 0.4231577960308641,
      "total_phase_seconds": 0.540757353999652,
      "scope": "file writes include journal intent/add/flush; excludes this timing receipt and checkpoint writes",
      "mode": "stage4_sealed_cell",
      "banner": "sealed Stage 4; scientific admission also requires complete declared populations"
    },
    {
      "phase": "edit:194",
      "identity_check_kind": "in_memory_structure_and_configuration",
      "recipe_verification_seconds": 0.0,
      "identity_verification_seconds": 0.0,
      "identity_check_seconds": 0.0018063820316456258,
      "state_hash_seconds": 0.07719633501255885,
      "clone_seconds": 0.008530389983206987,
      "restore_seconds": 0.0,
      "file_write_seconds": 0.012116274039726704,
      "operation_seconds": 0.7492567549925297,
      "total_phase_seconds": 0.8489965999615379,
      "scope": "file writes include journal intent/add/flush; excludes this timing receipt and checkpoint writes",
      "mode": "stage4_sealed_cell",
      "banner": "sealed Stage 4; scientific admission also requires complete declared populations"
    },
    {
      "phase": "immediate:194",
      "identity_check_kind": "in_memory_structure_and_configuration",
      "recipe_verification_seconds": 0.0,
      "identity_verification_seconds": 0.0,
      "identity_check_seconds": 0.001775053038727492,
      "state_hash_seconds": 0.09614847309421748,
      "clone_seconds": 0.008516383997630328,
      "restore_seconds": 0.0024306789855472744,
      "file_write_seconds": 0.012138044985476881,
      "operation_seconds": 0.3789210050017573,
      "total_phase_seconds": 0.5000281669781543,
      "scope": "file writes include journal intent/add/flush; excludes this timing receipt and checkpoint writes",
      "mode": "stage4_sealed_cell",
      "banner": "sealed Stage 4; scientific admission also requires complete declared populations"
    },
    {
      "phase": "edit:195",
      "identity_check_kind": "in_memory_structure_and_configuration",
      "recipe_verification_seconds": 0.0,
      "identity_verification_seconds": 0.0,
      "identity_check_seconds": 0.001748141017742455,
      "state_hash_seconds": 0.0762921420391649,
      "clone_seconds": 0.008164288999978453,
      "restore_seconds": 0.0,
      "file_write_seconds": 0.012173814990092069,
      "operation_seconds": 0.4390461799921468,
      "total_phase_seconds": 0.5375076860073023,
      "scope": "file writes include journal intent/add/flush; excludes this timing receipt and checkpoint writes",
      "mode": "stage4_sealed_cell",
      "banner": "sealed Stage 4; scientific admission also requires complete declared populations"
    },
    {
      "phase": "immediate:195",
      "identity_check_kind": "in_memory_structure_and_configuration",
      "recipe_verification_seconds": 0.0,
      "identity_verification_seconds": 0.0,
      "identity_check_seconds": 0.0017571779899299145,
      "state_hash_seconds": 0.09479917609132826,
      "clone_seconds": 0.008585756993852556,
      "restore_seconds": 0.002472028019838035,
      "file_write_seconds": 0.01227165199816227,
      "operation_seconds": 0.3243003109819256,
      "total_phase_seconds": 0.4442830479820259,
      "scope": "file writes include journal intent/add/flush; excludes this timing receipt and checkpoint writes",
      "mode": "stage4_sealed_cell",
      "banner": "sealed Stage 4; scientific admission also requires complete declared populations"
    },
    {
      "phase": "edit:196",
      "identity_check_kind": "in_memory_structure_and_configuration",
      "recipe_verification_seconds": 0.0,
      "identity_verification_seconds": 0.0,
      "identity_check_seconds": 0.00191983999684453,
      "state_hash_seconds": 0.07850952399894595,
      "clone_seconds": 0.008313063997775316,
      "restore_seconds": 0.0,
      "file_write_seconds": 0.012124038010369986,
      "operation_seconds": 0.44126181601313874,
      "total_phase_seconds": 0.5422195369610563,
      "scope": "file writes include journal intent/add/flush; excludes this timing receipt and checkpoint writes",
      "mode": "stage4_sealed_cell",
      "banner": "sealed Stage 4; scientific admission also requires complete declared populations"
    },
    {
      "phase": "immediate:196",
      "identity_check_kind": "in_memory_structure_and_configuration",
      "recipe_verification_seconds": 0.0,
      "identity_verification_seconds": 0.0,
      "identity_check_seconds": 0.001753360964357853,
      "state_hash_seconds": 0.09526147093856707,
      "clone_seconds": 0.008372458047233522,
      "restore_seconds": 0.0023035950143821537,
      "file_write_seconds": 0.0122412140481174,
      "operation_seconds": 0.32877425698097795,
      "total_phase_seconds": 0.4488029310014099,
      "scope": "file writes include journal intent/add/flush; excludes this timing receipt and checkpoint writes",
      "mode": "stage4_sealed_cell",
      "banner": "sealed Stage 4; scientific admission also requires complete declared populations"
    },
    {
      "phase": "edit:197",
      "identity_check_kind": "in_memory_structure_and_configuration",
      "recipe_verification_seconds": 0.0,
      "identity_verification_seconds": 0.0,
      "identity_check_seconds": 0.0017723669880069792,
      "state_hash_seconds": 0.07770960009656847,
      "clone_seconds": 0.008667633985169232,
      "restore_seconds": 0.0,
      "file_write_seconds": 0.012192399997729808,
      "operation_seconds": 0.2919764749822207,
      "total_phase_seconds": 0.3924047000473365,
      "scope": "file writes include journal intent/add/flush; excludes this timing receipt and checkpoint writes",
      "mode": "stage4_sealed_cell",
      "banner": "sealed Stage 4; scientific admission also requires complete declared populations"
    },
    {
      "phase": "immediate:197",
      "identity_check_kind": "in_memory_structure_and_configuration",
      "recipe_verification_seconds": 0.0,
      "identity_verification_seconds": 0.0,
      "identity_check_seconds": 0.0017696619615890086,
      "state_hash_seconds": 0.09523005195660517,
      "clone_seconds": 0.00957487296545878,
      "restore_seconds": 0.00248803902650252,
      "file_write_seconds": 0.012230883992742747,
      "operation_seconds": 0.2849844520096667,
      "total_phase_seconds": 0.4063732940121554,
      "scope": "file writes include journal intent/add/flush; excludes this timing receipt and checkpoint writes",
      "mode": "stage4_sealed_cell",
      "banner": "sealed Stage 4; scientific admission also requires complete declared populations"
    },
    {
      "phase": "edit:198",
      "identity_check_kind": "in_memory_structure_and_configuration",
      "recipe_verification_seconds": 0.0,
      "identity_verification_seconds": 0.0,
      "identity_check_seconds": 0.0017843489767983556,
      "state_hash_seconds": 0.07825872302055359,
      "clone_seconds": 0.00868118996731937,
      "restore_seconds": 0.0,
      "file_write_seconds": 0.012273655971512198,
      "operation_seconds": 0.4415252319886349,
      "total_phase_seconds": 0.5426174799795263,
      "scope": "file writes include journal intent/add/flush; excludes this timing receipt and checkpoint writes",
      "mode": "stage4_sealed_cell",
      "banner": "sealed Stage 4; scientific admission also requires complete declared populations"
    },
    {
      "phase": "immediate:198",
      "identity_check_kind": "in_memory_structure_and_configuration",
      "recipe_verification_seconds": 0.0,
      "identity_verification_seconds": 0.0,
      "identity_check_seconds": 0.0017780980560928583,
      "state_hash_seconds": 0.09531115810386837,
      "clone_seconds": 0.009860160003881902,
      "restore_seconds": 0.0025454690330661833,
      "file_write_seconds": 0.012300135975237936,
      "operation_seconds": 0.33016875002067536,
      "total_phase_seconds": 0.45206230803159997,
      "scope": "file writes include journal intent/add/flush; excludes this timing receipt and checkpoint writes",
      "mode": "stage4_sealed_cell",
      "banner": "sealed Stage 4; scientific admission also requires complete declared populations"
    },
    {
      "phase": "edit:199",
      "identity_check_kind": "in_memory_structure_and_configuration",
      "recipe_verification_seconds": 0.0,
      "identity_verification_seconds": 0.0,
      "identity_check_seconds": 0.0017755129956640303,
      "state_hash_seconds": 0.07959280989598483,
      "clone_seconds": 0.008714012976270169,
      "restore_seconds": 0.0,
      "file_write_seconds": 0.012263887037988752,
      "operation_seconds": 1.0551365080173127,
      "total_phase_seconds": 1.1575726619921625,
      "scope": "file writes include journal intent/add/flush; excludes this timing receipt and checkpoint writes",
      "mode": "stage4_sealed_cell",
      "banner": "sealed Stage 4; scientific admission also requires complete declared populations"
    },
    {
      "phase": "immediate:199",
      "identity_check_kind": "in_memory_structure_and_configuration",
      "recipe_verification_seconds": 0.0,
      "identity_verification_seconds": 0.0,
      "identity_check_seconds": 0.001811771944630891,
      "state_hash_seconds": 0.09358072007307783,
      "clone_seconds": 0.008961166022345424,
      "restore_seconds": 0.0025362209999002516,
      "file_write_seconds": 0.012308752979151905,
      "operation_seconds": 0.6474926990340464,
      "total_phase_seconds": 0.7667860930087045,
      "scope": "file writes include journal intent/add/flush; excludes this timing receipt and checkpoint writes",
      "mode": "stage4_sealed_cell",
      "banner": "sealed Stage 4; scientific admission also requires complete declared populations"
    },
    {
      "phase": "edit:200",
      "identity_check_kind": "in_memory_structure_and_configuration",
      "recipe_verification_seconds": 0.0,
      "identity_verification_seconds": 0.0,
      "identity_check_seconds": 0.0017843510140664876,
      "state_hash_seconds": 0.07786343392217532,
      "clone_seconds": 0.008446739986538887,
      "restore_seconds": 0.0,
      "file_write_seconds": 0.012495259987190366,
      "operation_seconds": 0.7401636849972419,
      "total_phase_seconds": 0.8408655850216746,
      "scope": "file writes include journal intent/add/flush; excludes this timing receipt and checkpoint writes",
      "mode": "stage4_sealed_cell",
      "banner": "sealed Stage 4; scientific admission also requires complete declared populations"
    },
    {
      "phase": "immediate:200",
      "identity_check_kind": "in_memory_structure_and_configuration",
      "recipe_verification_seconds": 0.0,
      "identity_verification_seconds": 0.0,
      "identity_check_seconds": 0.0020133789512328804,
      "state_hash_seconds": 0.09491187211824581,
      "clone_seconds": 0.00919414300005883,
      "restore_seconds": 0.0024554459960199893,
      "file_write_seconds": 0.012238658033311367,
      "operation_seconds": 0.46322089596651495,
      "total_phase_seconds": 0.5841324630309828,
      "scope": "file writes include journal intent/add/flush; excludes this timing receipt and checkpoint writes",
      "mode": "stage4_sealed_cell",
      "banner": "sealed Stage 4; scientific admission also requires complete declared populations"
    },
    {
      "phase": "edit:201",
      "identity_check_kind": "in_memory_structure_and_configuration",
      "recipe_verification_seconds": 0.0,
      "identity_verification_seconds": 0.0,
      "identity_check_seconds": 0.0017270789830945432,
      "state_hash_seconds": 0.07682237803237513,
      "clone_seconds": 0.008719672972802073,
      "restore_seconds": 0.0,
      "file_write_seconds": 0.012203861027956009,
      "operation_seconds": 0.2954728869954124,
      "total_phase_seconds": 0.39503654500003904,
      "scope": "file writes include journal intent/add/flush; excludes this timing receipt and checkpoint writes",
      "mode": "stage4_sealed_cell",
      "banner": "sealed Stage 4; scientific admission also requires complete declared populations"
    },
    {
      "phase": "immediate:201",
      "identity_check_kind": "in_memory_structure_and_configuration",
      "recipe_verification_seconds": 0.0,
      "identity_verification_seconds": 0.0,
      "identity_check_seconds": 0.001841600053012371,
      "state_hash_seconds": 0.09608837799169123,
      "clone_seconds": 0.009922559023834765,
      "restore_seconds": 0.0029629989876411855,
      "file_write_seconds": 0.01221434201579541,
      "operation_seconds": 0.28904635802609846,
      "total_phase_seconds": 0.41218053502961993,
      "scope": "file writes include journal intent/add/flush; excludes this timing receipt and checkpoint writes",
      "mode": "stage4_sealed_cell",
      "banner": "sealed Stage 4; scientific admission also requires complete declared populations"
    },
    {
      "phase": "edit:202",
      "identity_check_kind": "in_memory_structure_and_configuration",
      "recipe_verification_seconds": 0.0,
      "identity_verification_seconds": 0.0,
      "identity_check_seconds": 0.0018468000344000757,
      "state_hash_seconds": 0.07872988603776321,
      "clone_seconds": 0.009819100028835237,
      "restore_seconds": 0.0,
      "file_write_seconds": 0.012662099965382367,
      "operation_seconds": 0.3062837879988365,
      "total_phase_seconds": 0.40943424199940637,
      "scope": "file writes include journal intent/add/flush; excludes this timing receipt and checkpoint writes",
      "mode": "stage4_sealed_cell",
      "banner": "sealed Stage 4; scientific admission also requires complete declared populations"
    },
    {
      "phase": "immediate:202",
      "identity_check_kind": "in_memory_structure_and_configuration",
      "recipe_verification_seconds": 0.0,
      "identity_verification_seconds": 0.0,
      "identity_check_seconds": 0.001825709012337029,
      "state_hash_seconds": 0.10036635602591559,
      "clone_seconds": 0.008454786031506956,
      "restore_seconds": 0.0029301170143298805,
      "file_write_seconds": 0.012248997983988374,
      "operation_seconds": 0.29321678198175505,
      "total_phase_seconds": 0.41915477300062776,
      "scope": "file writes include journal intent/add/flush; excludes this timing receipt and checkpoint writes",
      "mode": "stage4_sealed_cell",
      "banner": "sealed Stage 4; scientific admission also requires complete declared populations"
    },
    {
      "phase": "edit:203",
      "identity_check_kind": "in_memory_structure_and_configuration",
      "recipe_verification_seconds": 0.0,
      "identity_verification_seconds": 0.0,
      "identity_check_seconds": 0.001989223062992096,
      "state_hash_seconds": 0.07883956498699263,
      "clone_seconds": 0.01057534001301974,
      "restore_seconds": 0.0,
      "file_write_seconds": 0.0012059519649483263,
      "operation_seconds": 0.7485860799788497,
      "total_phase_seconds": 0.8412958200206049,
      "scope": "file writes include journal intent/add/flush; excludes this timing receipt and checkpoint writes",
      "mode": "stage4_sealed_cell",
      "banner": "sealed Stage 4; scientific admission also requires complete declared populations"
    },
    {
      "phase": "immediate:203",
      "identity_check_kind": "in_memory_structure_and_configuration",
      "recipe_verification_seconds": 0.0,
      "identity_verification_seconds": 0.0,
      "identity_check_seconds": 0.0018119930173270404,
      "state_hash_seconds": 0.09423346095718443,
      "clone_seconds": 0.008650049974676222,
      "restore_seconds": 0.0025008840020745993,
      "file_write_seconds": 0.012241213000379503,
      "operation_seconds": 0.4310949790524319,
      "total_phase_seconds": 0.5506339560379274,
      "scope": "file writes include journal intent/add/flush; excludes this timing receipt and checkpoint writes",
      "mode": "stage4_sealed_cell",
      "banner": "sealed Stage 4; scientific admission also requires complete declared populations"
    },
    {
      "phase": "edit:204",
      "identity_check_kind": "in_memory_structure_and_configuration",
      "recipe_verification_seconds": 0.0,
      "identity_verification_seconds": 0.0,
      "identity_check_seconds": 0.0017802930087782443,
      "state_hash_seconds": 0.0777527330792509,
      "clone_seconds": 0.00918714003637433,
      "restore_seconds": 0.0,
      "file_write_seconds": 0.012247334991116077,
      "operation_seconds": 1.037885632016696,
      "total_phase_seconds": 1.1389415609883144,
      "scope": "file writes include journal intent/add/flush; excludes this timing receipt and checkpoint writes",
      "mode": "stage4_sealed_cell",
      "banner": "sealed Stage 4; scientific admission also requires complete declared populations"
    },
    {
      "phase": "immediate:204",
      "identity_check_kind": "in_memory_structure_and_configuration",
      "recipe_verification_seconds": 0.0,
      "identity_verification_seconds": 0.0,
      "identity_check_seconds": 0.0017979060066863894,
      "state_hash_seconds": 0.09539225295884535,
      "clone_seconds": 0.009607394982594997,
      "restore_seconds": 0.0032034399919211864,
      "file_write_seconds": 0.01236042199889198,
      "operation_seconds": 0.5136194480000995,
      "total_phase_seconds": 0.6360833800281398,
      "scope": "file writes include journal intent/add/flush; excludes this timing receipt and checkpoint writes",
      "mode": "stage4_sealed_cell",
      "banner": "sealed Stage 4; scientific admission also requires complete declared populations"
    },
    {
      "phase": "edit:205",
      "identity_check_kind": "in_memory_structure_and_configuration",
      "recipe_verification_seconds": 0.0,
      "identity_verification_seconds": 0.0,
      "identity_check_seconds": 0.0020513819763436913,
      "state_hash_seconds": 0.0779800500604324,
      "clone_seconds": 0.008773405977990478,
      "restore_seconds": 0.0,
      "file_write_seconds": 0.01229649898596108,
      "operation_seconds": 0.5846057499875315,
      "total_phase_seconds": 0.6857951150159352,
      "scope": "file writes include journal intent/add/flush; excludes this timing receipt and checkpoint writes",
      "mode": "stage4_sealed_cell",
      "banner": "sealed Stage 4; scientific admission also requires complete declared populations"
    },
    {
      "phase": "immediate:205",
      "identity_check_kind": "in_memory_structure_and_configuration",
      "recipe_verification_seconds": 0.0,
      "identity_verification_seconds": 0.0,
      "identity_check_seconds": 0.0020312039996497333,
      "state_hash_seconds": 0.0947378680575639,
      "clone_seconds": 0.009391942003276199,
      "restore_seconds": 0.002528706972952932,
      "file_write_seconds": 0.012241352989804,
      "operation_seconds": 0.3788619419792667,
      "total_phase_seconds": 0.49990367802092806,
      "scope": "file writes include journal intent/add/flush; excludes this timing receipt and checkpoint writes",
      "mode": "stage4_sealed_cell",
      "banner": "sealed Stage 4; scientific admission also requires complete declared populations"
    },
    {
      "phase": "edit:206",
      "identity_check_kind": "in_memory_structure_and_configuration",
      "recipe_verification_seconds": 0.0,
      "identity_verification_seconds": 0.0,
      "identity_check_seconds": 0.001752399024553597,
      "state_hash_seconds": 0.07768660591682419,
      "clone_seconds": 0.008801480988040566,
      "restore_seconds": 0.0,
      "file_write_seconds": 0.012265659985132515,
      "operation_seconds": 0.8383858819724992,
      "total_phase_seconds": 0.9389819100033492,
      "scope": "file writes include journal intent/add/flush; excludes this timing receipt and checkpoint writes",
      "mode": "stage4_sealed_cell",
      "banner": "sealed Stage 4; scientific admission also requires complete declared populations"
    },
    {
      "phase": "immediate:206",
      "identity_check_kind": "in_memory_structure_and_configuration",
      "recipe_verification_seconds": 0.0,
      "identity_verification_seconds": 0.0,
      "identity_check_seconds": 0.0017410970758646727,
      "state_hash_seconds": 0.09497626405209303,
      "clone_seconds": 0.008782063028775156,
      "restore_seconds": 0.0024498350103385746,
      "file_write_seconds": 0.012355933955404907,
      "operation_seconds": 0.3750805140007287,
      "total_phase_seconds": 0.4954935249988921,
      "scope": "file writes include journal intent/add/flush; excludes this timing receipt and checkpoint writes",
      "mode": "stage4_sealed_cell",
      "banner": "sealed Stage 4; scientific admission also requires complete declared populations"
    },
    {
      "phase": "edit:207",
      "identity_check_kind": "in_memory_structure_and_configuration",
      "recipe_verification_seconds": 0.0,
      "identity_verification_seconds": 0.0,
      "identity_check_seconds": 0.002016083977650851,
      "state_hash_seconds": 0.07777568500023335,
      "clone_seconds": 0.00853632198413834,
      "restore_seconds": 0.0,
      "file_write_seconds": 0.012351062963716686,
      "operation_seconds": 1.3381623969762586,
      "total_phase_seconds": 1.438936204998754,
      "scope": "file writes include journal intent/add/flush; excludes this timing receipt and checkpoint writes",
      "mode": "stage4_sealed_cell",
      "banner": "sealed Stage 4; scientific admission also requires complete declared populations"
    },
    {
      "phase": "immediate:207",
      "identity_check_kind": "in_memory_structure_and_configuration",
      "recipe_verification_seconds": 0.0,
      "identity_verification_seconds": 0.0,
      "identity_check_seconds": 0.0018367809825576842,
      "state_hash_seconds": 0.09505579801043496,
      "clone_seconds": 0.008567982993554324,
      "restore_seconds": 0.0025140679790638387,
      "file_write_seconds": 0.012309354031458497,
      "operation_seconds": 0.5576303150155582,
      "total_phase_seconds": 0.6780162049690261,
      "scope": "file writes include journal intent/add/flush; excludes this timing receipt and checkpoint writes",
      "mode": "stage4_sealed_cell",
      "banner": "sealed Stage 4; scientific admission also requires complete declared populations"
    },
    {
      "phase": "edit:208",
      "identity_check_kind": "in_memory_structure_and_configuration",
      "recipe_verification_seconds": 0.0,
      "identity_verification_seconds": 0.0,
      "identity_check_seconds": 0.001828635053243488,
      "state_hash_seconds": 0.07788681995589286,
      "clone_seconds": 0.008158667013049126,
      "restore_seconds": 0.0,
      "file_write_seconds": 0.01231465395539999,
      "operation_seconds": 0.7562541769584641,
      "total_phase_seconds": 0.8565379159990698,
      "scope": "file writes include journal intent/add/flush; excludes this timing receipt and checkpoint writes",
      "mode": "stage4_sealed_cell",
      "banner": "sealed Stage 4; scientific admission also requires complete declared populations"
    },
    {
      "phase": "immediate:208",
      "identity_check_kind": "in_memory_structure_and_configuration",
      "recipe_verification_seconds": 0.0,
      "identity_verification_seconds": 0.0,
      "identity_check_seconds": 0.0017678189906291664,
      "state_hash_seconds": 0.09445550694363192,
      "clone_seconds": 0.00963225297164172,
      "restore_seconds": 0.002458391012623906,
      "file_write_seconds": 0.012200374039821327,
      "operation_seconds": 0.5145342609612271,
      "total_phase_seconds": 0.6351512639666907,
      "scope": "file writes include journal intent/add/flush; excludes this timing receipt and checkpoint writes",
      "mode": "stage4_sealed_cell",
      "banner": "sealed Stage 4; scientific admission also requires complete declared populations"
    },
    {
      "phase": "edit:209",
      "identity_check_kind": "in_memory_structure_and_configuration",
      "recipe_verification_seconds": 0.0,
      "identity_verification_seconds": 0.0,
      "identity_check_seconds": 0.0017812740406952798,
      "state_hash_seconds": 0.07900041394168511,
      "clone_seconds": 0.0098239800427109,
      "restore_seconds": 0.0,
      "file_write_seconds": 0.012179094017483294,
      "operation_seconds": 0.2923232890316285,
      "total_phase_seconds": 0.39519593998556957,
      "scope": "file writes include journal intent/add/flush; excludes this timing receipt and checkpoint writes",
      "mode": "stage4_sealed_cell",
      "banner": "sealed Stage 4; scientific admission also requires complete declared populations"
    },
    {
      "phase": "immediate:209",
      "identity_check_kind": "in_memory_structure_and_configuration",
      "recipe_verification_seconds": 0.0,
      "identity_verification_seconds": 0.0,
      "identity_check_seconds": 0.0018350669997744262,
      "state_hash_seconds": 0.09541633597109467,
      "clone_seconds": 0.008964172040577978,
      "restore_seconds": 0.0024862660211510956,
      "file_write_seconds": 0.012445815955288708,
      "operation_seconds": 0.32517702103359625,
      "total_phase_seconds": 0.4464523349888623,
      "scope": "file writes include journal intent/add/flush; excludes this timing receipt and checkpoint writes",
      "mode": "stage4_sealed_cell",
      "banner": "sealed Stage 4; scientific admission also requires complete declared populations"
    },
    {
      "phase": "edit:210",
      "identity_check_kind": "in_memory_structure_and_configuration",
      "recipe_verification_seconds": 0.0,
      "identity_verification_seconds": 0.0,
      "identity_check_seconds": 0.001888380036689341,
      "state_hash_seconds": 0.07863295904826373,
      "clone_seconds": 0.009319592965766788,
      "restore_seconds": 0.0,
      "file_write_seconds": 0.012281290022656322,
      "operation_seconds": 0.2915716989664361,
      "total_phase_seconds": 0.39378286100691184,
      "scope": "file writes include journal intent/add/flush; excludes this timing receipt and checkpoint writes",
      "mode": "stage4_sealed_cell",
      "banner": "sealed Stage 4; scientific admission also requires complete declared populations"
    },
    {
      "phase": "immediate:210",
      "identity_check_kind": "in_memory_structure_and_configuration",
      "recipe_verification_seconds": 0.0,
      "identity_verification_seconds": 0.0,
      "identity_check_seconds": 0.001834495982620865,
      "state_hash_seconds": 0.09657027997309342,
      "clone_seconds": 0.008600684988778085,
      "restore_seconds": 0.002623117994517088,
      "file_write_seconds": 0.012240772019140422,
      "operation_seconds": 0.28359579999232665,
      "total_phase_seconds": 0.4055650250520557,
      "scope": "file writes include journal intent/add/flush; excludes this timing receipt and checkpoint writes",
      "mode": "stage4_sealed_cell",
      "banner": "sealed Stage 4; scientific admission also requires complete declared populations"
    },
    {
      "phase": "edit:211",
      "identity_check_kind": "in_memory_structure_and_configuration",
      "recipe_verification_seconds": 0.0,
      "identity_verification_seconds": 0.0,
      "identity_check_seconds": 0.0018244570237584412,
      "state_hash_seconds": 0.07792243803851306,
      "clone_seconds": 0.009718136978335679,
      "restore_seconds": 0.0,
      "file_write_seconds": 0.012246293015778065,
      "operation_seconds": 0.5906160600134172,
      "total_phase_seconds": 0.6924155440065078,
      "scope": "file writes include journal intent/add/flush; excludes this timing receipt and checkpoint writes",
      "mode": "stage4_sealed_cell",
      "banner": "sealed Stage 4; scientific admission also requires complete declared populations"
    },
    {
      "phase": "immediate:211",
      "identity_check_kind": "in_memory_structure_and_configuration",
      "recipe_verification_seconds": 0.0,
      "identity_verification_seconds": 0.0,
      "identity_check_seconds": 0.0021032420336268842,
      "state_hash_seconds": 0.09451915201498196,
      "clone_seconds": 0.008973109012003988,
      "restore_seconds": 0.002453111985232681,
      "file_write_seconds": 0.01214864500798285,
      "operation_seconds": 0.4196398729691282,
      "total_phase_seconds": 0.5399522310472094,
      "scope": "file writes include journal intent/add/flush; excludes this timing receipt and checkpoint writes",
      "mode": "stage4_sealed_cell",
      "banner": "sealed Stage 4; scientific admission also requires complete declared populations"
    },
    {
      "phase": "edit:212",
      "identity_check_kind": "in_memory_structure_and_configuration",
      "recipe_verification_seconds": 0.0,
      "identity_verification_seconds": 0.0,
      "identity_check_seconds": 0.0017691819812171161,
      "state_hash_seconds": 0.07702374499058351,
      "clone_seconds": 0.01122237095842138,
      "restore_seconds": 0.0,
      "file_write_seconds": 0.01224446902051568,
      "operation_seconds": 0.2983322570216842,
      "total_phase_seconds": 0.40068387897918,
      "scope": "file writes include journal intent/add/flush; excludes this timing receipt and checkpoint writes",
      "mode": "stage4_sealed_cell",
      "banner": "sealed Stage 4; scientific admission also requires complete declared populations"
    },
    {
      "phase": "immediate:212",
      "identity_check_kind": "in_memory_structure_and_configuration",
      "recipe_verification_seconds": 0.0,
      "identity_verification_seconds": 0.0,
      "identity_check_seconds": 0.001879132934845984,
      "state_hash_seconds": 0.09573232603725046,
      "clone_seconds": 0.008660971012432128,
      "restore_seconds": 0.0029177929973229766,
      "file_write_seconds": 0.012375040038023144,
      "operation_seconds": 0.2869813200086355,
      "total_phase_seconds": 0.4086486550513655,
      "scope": "file writes include journal intent/add/flush; excludes this timing receipt and checkpoint writes",
      "mode": "stage4_sealed_cell",
      "banner": "sealed Stage 4; scientific admission also requires complete declared populations"
    },
    {
      "phase": "edit:213",
      "identity_check_kind": "in_memory_structure_and_configuration",
      "recipe_verification_seconds": 0.0,
      "identity_verification_seconds": 0.0,
      "identity_check_seconds": 0.001924467971548438,
      "state_hash_seconds": 0.07820518995868042,
      "clone_seconds": 0.010735085990745574,
      "restore_seconds": 0.0,
      "file_write_seconds": 0.012292961997445673,
      "operation_seconds": 1.1422114889719523,
      "total_phase_seconds": 1.2454594390001148,
      "scope": "file writes include journal intent/add/flush; excludes this timing receipt and checkpoint writes",
      "mode": "stage4_sealed_cell",
      "banner": "sealed Stage 4; scientific admission also requires complete declared populations"
    },
    {
      "phase": "immediate:213",
      "identity_check_kind": "in_memory_structure_and_configuration",
      "recipe_verification_seconds": 0.0,
      "identity_verification_seconds": 0.0,
      "identity_check_seconds": 0.001805009029339999,
      "state_hash_seconds": 0.0960223299334757,
      "clone_seconds": 0.00917143898550421,
      "restore_seconds": 0.0025153920287266374,
      "file_write_seconds": 0.012281631003133953,
      "operation_seconds": 0.47050766297616065,
      "total_phase_seconds": 0.5924029260058887,
      "scope": "file writes include journal intent/add/flush; excludes this timing receipt and checkpoint writes",
      "mode": "stage4_sealed_cell",
      "banner": "sealed Stage 4; scientific admission also requires complete declared populations"
    },
    {
      "phase": "edit:214",
      "identity_check_kind": "in_memory_structure_and_configuration",
      "recipe_verification_seconds": 0.0,
      "identity_verification_seconds": 0.0,
      "identity_check_seconds": 0.0019223340204916894,
      "state_hash_seconds": 0.07859798305435106,
      "clone_seconds": 0.009458279004320502,
      "restore_seconds": 0.0,
      "file_write_seconds": 0.012217738025356084,
      "operation_seconds": 0.30252327997004613,
      "total_phase_seconds": 0.4048073720186949,
      "scope": "file writes include journal intent/add/flush; excludes this timing receipt and checkpoint writes",
      "mode": "stage4_sealed_cell",
      "banner": "sealed Stage 4; scientific admission also requires complete declared populations"
    },
    {
      "phase": "immediate:214",
      "identity_check_kind": "in_memory_structure_and_configuration",
      "recipe_verification_seconds": 0.0,
      "identity_verification_seconds": 0.0,
      "identity_check_seconds": 0.001857499941252172,
      "state_hash_seconds": 0.09526629204628989,
      "clone_seconds": 0.010158250981476158,
      "restore_seconds": 0.002479101996868849,
      "file_write_seconds": 0.012303411960601807,
      "operation_seconds": 0.28483308298746124,
      "total_phase_seconds": 0.40699796099215746,
      "scope": "file writes include journal intent/add/flush; excludes this timing receipt and checkpoint writes",
      "mode": "stage4_sealed_cell",
      "banner": "sealed Stage 4; scientific admission also requires complete declared populations"
    },
    {
      "phase": "edit:215",
      "identity_check_kind": "in_memory_structure_and_configuration",
      "recipe_verification_seconds": 0.0,
      "identity_verification_seconds": 0.0,
      "identity_check_seconds": 0.0020053129992447793,
      "state_hash_seconds": 0.07738790300209075,
      "clone_seconds": 0.00971813703654334,
      "restore_seconds": 0.0,
      "file_write_seconds": 0.0077270109904929996,
      "operation_seconds": 0.7542113709496334,
      "total_phase_seconds": 0.8511469720397145,
      "scope": "file writes include journal intent/add/flush; excludes this timing receipt and checkpoint writes",
      "mode": "stage4_sealed_cell",
      "banner": "sealed Stage 4; scientific admission also requires complete declared populations"
    },
    {
      "phase": "immediate:215",
      "identity_check_kind": "in_memory_structure_and_configuration",
      "recipe_verification_seconds": 0.0,
      "identity_verification_seconds": 0.0,
      "identity_check_seconds": 0.001866638078354299,
      "state_hash_seconds": 0.09603378199972212,
      "clone_seconds": 0.012424796004779637,
      "restore_seconds": 0.002406242012511939,
      "file_write_seconds": 0.01225070102373138,
      "operation_seconds": 0.3788601380074397,
      "total_phase_seconds": 0.5039364480180666,
      "scope": "file writes include journal intent/add/flush; excludes this timing receipt and checkpoint writes",
      "mode": "stage4_sealed_cell",
      "banner": "sealed Stage 4; scientific admission also requires complete declared populations"
    },
    {
      "phase": "edit:216",
      "identity_check_kind": "in_memory_structure_and_configuration",
      "recipe_verification_seconds": 0.0,
      "identity_verification_seconds": 0.0,
      "identity_check_seconds": 0.001769782043993473,
      "state_hash_seconds": 0.07899595593335107,
      "clone_seconds": 0.009218979976139963,
      "restore_seconds": 0.0,
      "file_write_seconds": 0.012279906950425357,
      "operation_seconds": 0.728640498011373,
      "total_phase_seconds": 0.83099437400233,
      "scope": "file writes include journal intent/add/flush; excludes this timing receipt and checkpoint writes",
      "mode": "stage4_sealed_cell",
      "banner": "sealed Stage 4; scientific admission also requires complete declared populations"
    },
    {
      "phase": "immediate:216",
      "identity_check_kind": "in_memory_structure_and_configuration",
      "recipe_verification_seconds": 0.0,
      "identity_verification_seconds": 0.0,
      "identity_check_seconds": 0.0017768059624359012,
      "state_hash_seconds": 0.0966211780323647,
      "clone_seconds": 0.00915115000680089,
      "restore_seconds": 0.0024684519739821553,
      "file_write_seconds": 0.012281139963306487,
      "operation_seconds": 0.42128288198728114,
      "total_phase_seconds": 0.5436882119975053,
      "scope": "file writes include journal intent/add/flush; excludes this timing receipt and checkpoint writes",
      "mode": "stage4_sealed_cell",
      "banner": "sealed Stage 4; scientific admission also requires complete declared populations"
    },
    {
      "phase": "edit:217",
      "identity_check_kind": "in_memory_structure_and_configuration",
      "recipe_verification_seconds": 0.0,
      "identity_verification_seconds": 0.0,
      "identity_check_seconds": 0.001859384006820619,
      "state_hash_seconds": 0.08091379003599286,
      "clone_seconds": 0.010194731003139168,
      "restore_seconds": 0.0,
      "file_write_seconds": 0.01219119702000171,
      "operation_seconds": 0.294578812958207,
      "total_phase_seconds": 0.3998275179765187,
      "scope": "file writes include journal intent/add/flush; excludes this timing receipt and checkpoint writes",
      "mode": "stage4_sealed_cell",
      "banner": "sealed Stage 4; scientific admission also requires complete declared populations"
    },
    {
      "phase": "immediate:217",
      "identity_check_kind": "in_memory_structure_and_configuration",
      "recipe_verification_seconds": 0.0,
      "identity_verification_seconds": 0.0,
      "identity_check_seconds": 0.001824558014050126,
      "state_hash_seconds": 0.09669135307194665,
      "clone_seconds": 0.009783132001757622,
      "restore_seconds": 0.0023496439680457115,
      "file_write_seconds": 0.012161340040620416,
      "operation_seconds": 0.2854370609857142,
      "total_phase_seconds": 0.4083770149736665,
      "scope": "file writes include journal intent/add/flush; excludes this timing receipt and checkpoint writes",
      "mode": "stage4_sealed_cell",
      "banner": "sealed Stage 4; scientific admission also requires complete declared populations"
    },
    {
      "phase": "edit:218",
      "identity_check_kind": "in_memory_structure_and_configuration",
      "recipe_verification_seconds": 0.0,
      "identity_verification_seconds": 0.0,
      "identity_check_seconds": 0.0018215820891782641,
      "state_hash_seconds": 0.0782852919655852,
      "clone_seconds": 0.008991463982965797,
      "restore_seconds": 0.0,
      "file_write_seconds": 0.012106325011700392,
      "operation_seconds": 0.30001591402105987,
      "total_phase_seconds": 0.4013041579746641,
      "scope": "file writes include journal intent/add/flush; excludes this timing receipt and checkpoint writes",
      "mode": "stage4_sealed_cell",
      "banner": "sealed Stage 4; scientific admission also requires complete declared populations"
    },
    {
      "phase": "immediate:218",
      "identity_check_kind": "in_memory_structure_and_configuration",
      "recipe_verification_seconds": 0.0,
      "identity_verification_seconds": 0.0,
      "identity_check_seconds": 0.0018044579192064703,
      "state_hash_seconds": 0.09683385596144944,
      "clone_seconds": 0.009243337030056864,
      "restore_seconds": 0.002733981003984809,
      "file_write_seconds": 0.012167753011453897,
      "operation_seconds": 0.33557479101000354,
      "total_phase_seconds": 0.45845923898741603,
      "scope": "file writes include journal intent/add/flush; excludes this timing receipt and checkpoint writes",
      "mode": "stage4_sealed_cell",
      "banner": "sealed Stage 4; scientific admission also requires complete declared populations"
    },
    {
      "phase": "edit:219",
      "identity_check_kind": "in_memory_structure_and_configuration",
      "recipe_verification_seconds": 0.0,
      "identity_verification_seconds": 0.0,
      "identity_check_seconds": 0.0018099889857694507,
      "state_hash_seconds": 0.07904043106827885,
      "clone_seconds": 0.008913194993510842,
      "restore_seconds": 0.0,
      "file_write_seconds": 0.012294756015762687,
      "operation_seconds": 0.6148341500083916,
      "total_phase_seconds": 0.7169830140192062,
      "scope": "file writes include journal intent/add/flush; excludes this timing receipt and checkpoint writes",
      "mode": "stage4_sealed_cell",
      "banner": "sealed Stage 4; scientific admission also requires complete declared populations"
    },
    {
      "phase": "immediate:219",
      "identity_check_kind": "in_memory_structure_and_configuration",
      "recipe_verification_seconds": 0.0,
      "identity_verification_seconds": 0.0,
      "identity_check_seconds": 0.001785432978067547,
      "state_hash_seconds": 0.09592237608740106,
      "clone_seconds": 0.008636984042823315,
      "restore_seconds": 0.002844311995431781,
      "file_write_seconds": 0.01216769200982526,
      "operation_seconds": 0.41811760497512296,
      "total_phase_seconds": 0.539573804999236,
      "scope": "file writes include journal intent/add/flush; excludes this timing receipt and checkpoint writes",
      "mode": "stage4_sealed_cell",
      "banner": "sealed Stage 4; scientific admission also requires complete declared populations"
    },
    {
      "phase": "edit:220",
      "identity_check_kind": "in_memory_structure_and_configuration",
      "recipe_verification_seconds": 0.0,
      "identity_verification_seconds": 0.0,
      "identity_check_seconds": 0.001789440051652491,
      "state_hash_seconds": 0.07825216901255772,
      "clone_seconds": 0.009035609022248536,
      "restore_seconds": 0.0,
      "file_write_seconds": 0.012227247003465891,
      "operation_seconds": 0.30738779401872307,
      "total_phase_seconds": 0.40877893497236073,
      "scope": "file writes include journal intent/add/flush; excludes this timing receipt and checkpoint writes",
      "mode": "stage4_sealed_cell",
      "banner": "sealed Stage 4; scientific admission also requires complete declared populations"
    },
    {
      "phase": "immediate:220",
      "identity_check_kind": "in_memory_structure_and_configuration",
      "recipe_verification_seconds": 0.0,
      "identity_verification_seconds": 0.0,
      "identity_check_seconds": 0.0017600849969312549,
      "state_hash_seconds": 0.09390600601909682,
      "clone_seconds": 0.008833130996208638,
      "restore_seconds": 0.0025218739756383,
      "file_write_seconds": 0.012208090047352016,
      "operation_seconds": 0.28648865601280704,
      "total_phase_seconds": 0.4058149939519353,
      "scope": "file writes include journal intent/add/flush; excludes this timing receipt and checkpoint writes",
      "mode": "stage4_sealed_cell",
      "banner": "sealed Stage 4; scientific admission also requires complete declared populations"
    },
    {
      "phase": "edit:221",
      "identity_check_kind": "in_memory_structure_and_configuration",
      "recipe_verification_seconds": 0.0,
      "identity_verification_seconds": 0.0,
      "identity_check_seconds": 0.0020185390021651983,
      "state_hash_seconds": 0.07877245603594929,
      "clone_seconds": 0.008892944955732673,
      "restore_seconds": 0.0,
      "file_write_seconds": 0.012352145975455642,
      "operation_seconds": 0.44617412198567763,
      "total_phase_seconds": 0.548302014998626,
      "scope": "file writes include journal intent/add/flush; excludes this timing receipt and checkpoint writes",
      "mode": "stage4_sealed_cell",
      "banner": "sealed Stage 4; scientific admission also requires complete declared populations"
    },
    {
      "phase": "immediate:221",
      "identity_check_kind": "in_memory_structure_and_configuration",
      "recipe_verification_seconds": 0.0,
      "identity_verification_seconds": 0.0,
      "identity_check_seconds": 0.0018135450081899762,
      "state_hash_seconds": 0.09661718894494697,
      "clone_seconds": 0.009148294979240745,
      "restore_seconds": 0.003599849995225668,
      "file_write_seconds": 0.001319218019489199,
      "operation_seconds": 0.3418194110272452,
      "total_phase_seconds": 0.4544200869859196,
      "scope": "file writes include journal intent/add/flush; excludes this timing receipt and checkpoint writes",
      "mode": "stage4_sealed_cell",
      "banner": "sealed Stage 4; scientific admission also requires complete declared populations"
    },
    {
      "phase": "edit:222",
      "identity_check_kind": "in_memory_structure_and_configuration",
      "recipe_verification_seconds": 0.0,
      "identity_verification_seconds": 0.0,
      "identity_check_seconds": 0.0017525189905427396,
      "state_hash_seconds": 0.07822209200821817,
      "clone_seconds": 0.008853179053403437,
      "restore_seconds": 0.0,
      "file_write_seconds": 0.012275398999918252,
      "operation_seconds": 0.3028003009967506,
      "total_phase_seconds": 0.4039912589942105,
      "scope": "file writes include journal intent/add/flush; excludes this timing receipt and checkpoint writes",
      "mode": "stage4_sealed_cell",
      "banner": "sealed Stage 4; scientific admission also requires complete declared populations"
    },
    {
      "phase": "immediate:222",
      "identity_check_kind": "in_memory_structure_and_configuration",
      "recipe_verification_seconds": 0.0,
      "identity_verification_seconds": 0.0,
      "identity_check_seconds": 0.0018410690245218575,
      "state_hash_seconds": 0.09482104703783989,
      "clone_seconds": 0.008194456982892007,
      "restore_seconds": 0.002476888010278344,
      "file_write_seconds": 0.0013054320006631315,
      "operation_seconds": 0.2821280679781921,
      "total_phase_seconds": 0.39085935801267624,
      "scope": "file writes include journal intent/add/flush; excludes this timing receipt and checkpoint writes",
      "mode": "stage4_sealed_cell",
      "banner": "sealed Stage 4; scientific admission also requires complete declared populations"
    },
    {
      "phase": "edit:223",
      "identity_check_kind": "in_memory_structure_and_configuration",
      "recipe_verification_seconds": 0.0,
      "identity_verification_seconds": 0.0,
      "identity_check_seconds": 0.0017715360154397786,
      "state_hash_seconds": 0.077454931975808,
      "clone_seconds": 0.009180026012472808,
      "restore_seconds": 0.0,
      "file_write_seconds": 0.012239149014931172,
      "operation_seconds": 0.44093594199512154,
      "total_phase_seconds": 0.5416666170349345,
      "scope": "file writes include journal intent/add/flush; excludes this timing receipt and checkpoint writes",
      "mode": "stage4_sealed_cell",
      "banner": "sealed Stage 4; scientific admission also requires complete declared populations"
    },
    {
      "phase": "immediate:223",
      "identity_check_kind": "in_memory_structure_and_configuration",
      "recipe_verification_seconds": 0.0,
      "identity_verification_seconds": 0.0,
      "identity_check_seconds": 0.0017973550129681826,
      "state_hash_seconds": 0.09442858304828405,
      "clone_seconds": 0.008789727988187224,
      "restore_seconds": 0.0025438659940846264,
      "file_write_seconds": 0.012369428994134068,
      "operation_seconds": 0.38025416003074497,
      "total_phase_seconds": 0.5002837569918483,
      "scope": "file writes include journal intent/add/flush; excludes this timing receipt and checkpoint writes",
      "mode": "stage4_sealed_cell",
      "banner": "sealed Stage 4; scientific admission also requires complete declared populations"
    },
    {
      "phase": "edit:224",
      "identity_check_kind": "in_memory_structure_and_configuration",
      "recipe_verification_seconds": 0.0,
      "identity_verification_seconds": 0.0,
      "identity_check_seconds": 0.001799520046915859,
      "state_hash_seconds": 0.07833688205573708,
      "clone_seconds": 0.008805037010461092,
      "restore_seconds": 0.0,
      "file_write_seconds": 0.012186508974991739,
      "operation_seconds": 0.2947127789957449,
      "total_phase_seconds": 0.3959284540032968,
      "scope": "file writes include journal intent/add/flush; excludes this timing receipt and checkpoint writes",
      "mode": "stage4_sealed_cell",
      "banner": "sealed Stage 4; scientific admission also requires complete declared populations"
    },
    {
      "phase": "immediate:224",
      "identity_check_kind": "in_memory_structure_and_configuration",
      "recipe_verification_seconds": 0.0,
      "identity_verification_seconds": 0.0,
      "identity_check_seconds": 0.0017411269946023822,
      "state_hash_seconds": 0.09877470700303093,
      "clone_seconds": 0.009863525978289545,
      "restore_seconds": 0.0025545869721099734,
      "file_write_seconds": 0.0123299440019764,
      "operation_seconds": 0.3294760219869204,
      "total_phase_seconds": 0.454849490954075,
      "scope": "file writes include journal intent/add/flush; excludes this timing receipt and checkpoint writes",
      "mode": "stage4_sealed_cell",
      "banner": "sealed Stage 4; scientific admission also requires complete declared populations"
    },
    {
      "phase": "edit:225",
      "identity_check_kind": "in_memory_structure_and_configuration",
      "recipe_verification_seconds": 0.0,
      "identity_verification_seconds": 0.0,
      "identity_check_seconds": 0.0017822469817474484,
      "state_hash_seconds": 0.07939249492483214,
      "clone_seconds": 0.009222737979143858,
      "restore_seconds": 0.0,
      "file_write_seconds": 0.01227734301937744,
      "operation_seconds": 0.2928667509695515,
      "total_phase_seconds": 0.3956299219862558,
      "scope": "file writes include journal intent/add/flush; excludes this timing receipt and checkpoint writes",
      "mode": "stage4_sealed_cell",
      "banner": "sealed Stage 4; scientific admission also requires complete declared populations"
    },
    {
      "phase": "immediate:225",
      "identity_check_kind": "in_memory_structure_and_configuration",
      "recipe_verification_seconds": 0.0,
      "identity_verification_seconds": 0.0,
      "identity_check_seconds": 0.0018869059858843684,
      "state_hash_seconds": 0.09747879207134247,
      "clone_seconds": 0.010001459973864257,
      "restore_seconds": 0.0024443449801765382,
      "file_write_seconds": 0.01229500601766631,
      "operation_seconds": 0.28472587699070573,
      "total_phase_seconds": 0.4089425790007226,
      "scope": "file writes include journal intent/add/flush; excludes this timing receipt and checkpoint writes",
      "mode": "stage4_sealed_cell",
      "banner": "sealed Stage 4; scientific admission also requires complete declared populations"
    },
    {
      "phase": "edit:226",
      "identity_check_kind": "in_memory_structure_and_configuration",
      "recipe_verification_seconds": 0.0,
      "identity_verification_seconds": 0.0,
      "identity_check_seconds": 0.0018358990200795233,
      "state_hash_seconds": 0.07792180497199297,
      "clone_seconds": 0.013390495965722948,
      "restore_seconds": 0.0,
      "file_write_seconds": 0.012376593018416315,
      "operation_seconds": 0.45088764699175954,
      "total_phase_seconds": 0.5565078440122306,
      "scope": "file writes include journal intent/add/flush; excludes this timing receipt and checkpoint writes",
      "mode": "stage4_sealed_cell",
      "banner": "sealed Stage 4; scientific admission also requires complete declared populations"
    },
    {
      "phase": "immediate:226",
      "identity_check_kind": "in_memory_structure_and_configuration",
      "recipe_verification_seconds": 0.0,
      "identity_verification_seconds": 0.0,
      "identity_check_seconds": 0.0017681080498732626,
      "state_hash_seconds": 0.09470534604042768,
      "clone_seconds": 0.009902831981889904,
      "restore_seconds": 0.0024612570414319634,
      "file_write_seconds": 0.012294153973925859,
      "operation_seconds": 0.4246540039894171,
      "total_phase_seconds": 0.5458850620198064,
      "scope": "file writes include journal intent/add/flush; excludes this timing receipt and checkpoint writes",
      "mode": "stage4_sealed_cell",
      "banner": "sealed Stage 4; scientific admission also requires complete declared populations"
    },
    {
      "phase": "edit:227",
      "identity_check_kind": "in_memory_structure_and_configuration",
      "recipe_verification_seconds": 0.0,
      "identity_verification_seconds": 0.0,
      "identity_check_seconds": 0.001800751022528857,
      "state_hash_seconds": 0.07673782698111609,
      "clone_seconds": 0.011140093032736331,
      "restore_seconds": 0.0,
      "file_write_seconds": 0.012257805035915226,
      "operation_seconds": 0.46137596998596564,
      "total_phase_seconds": 0.563403901993297,
      "scope": "file writes include journal intent/add/flush; excludes this timing receipt and checkpoint writes",
      "mode": "stage4_sealed_cell",
      "banner": "sealed Stage 4; scientific admission also requires complete declared populations"
    },
    {
      "phase": "immediate:227",
      "identity_check_kind": "in_memory_structure_and_configuration",
      "recipe_verification_seconds": 0.0,
      "identity_verification_seconds": 0.0,
      "identity_check_seconds": 0.0018049799837172031,
      "state_hash_seconds": 0.09642294805962592,
      "clone_seconds": 0.010372050979640335,
      "restore_seconds": 0.002614961995277554,
      "file_write_seconds": 0.012375581020023674,
      "operation_seconds": 0.3342897080001421,
      "total_phase_seconds": 0.4579873050097376,
      "scope": "file writes include journal intent/add/flush; excludes this timing receipt and checkpoint writes",
      "mode": "stage4_sealed_cell",
      "banner": "sealed Stage 4; scientific admission also requires complete declared populations"
    },
    {
      "phase": "edit:228",
      "identity_check_kind": "in_memory_structure_and_configuration",
      "recipe_verification_seconds": 0.0,
      "identity_verification_seconds": 0.0,
      "identity_check_seconds": 0.001976498053409159,
      "state_hash_seconds": 0.07764381403103471,
      "clone_seconds": 0.009135279979091138,
      "restore_seconds": 0.0,
      "file_write_seconds": 0.012198049982544035,
      "operation_seconds": 0.30822972796158865,
      "total_phase_seconds": 0.4092765189707279,
      "scope": "file writes include journal intent/add/flush; excludes this timing receipt and checkpoint writes",
      "mode": "stage4_sealed_cell",
      "banner": "sealed Stage 4; scientific admission also requires complete declared populations"
    },
    {
      "phase": "immediate:228",
      "identity_check_kind": "in_memory_structure_and_configuration",
      "recipe_verification_seconds": 0.0,
      "identity_verification_seconds": 0.0,
      "identity_check_seconds": 0.001766405999660492,
      "state_hash_seconds": 0.09621155296918005,
      "clone_seconds": 0.00891905598109588,
      "restore_seconds": 0.002453252032864839,
      "file_write_seconds": 0.012340323009993881,
      "operation_seconds": 0.2963054120191373,
      "total_phase_seconds": 0.41810253699077293,
      "scope": "file writes include journal intent/add/flush; excludes this timing receipt and checkpoint writes",
      "mode": "stage4_sealed_cell",
      "banner": "sealed Stage 4; scientific admission also requires complete declared populations"
    },
    {
      "phase": "edit:229",
      "identity_check_kind": "in_memory_structure_and_configuration",
      "recipe_verification_seconds": 0.0,
      "identity_verification_seconds": 0.0,
      "identity_check_seconds": 0.001760354032739997,
      "state_hash_seconds": 0.07844132190803066,
      "clone_seconds": 0.01137352001387626,
      "restore_seconds": 0.0,
      "file_write_seconds": 0.012170045985840261,
      "operation_seconds": 0.6184400519705378,
      "total_phase_seconds": 0.7222764199832454,
      "scope": "file writes include journal intent/add/flush; excludes this timing receipt and checkpoint writes",
      "mode": "stage4_sealed_cell",
      "banner": "sealed Stage 4; scientific admission also requires complete declared populations"
    },
    {
      "phase": "immediate:229",
      "identity_check_kind": "in_memory_structure_and_configuration",
      "recipe_verification_seconds": 0.0,
      "identity_verification_seconds": 0.0,
      "identity_check_seconds": 0.0017780979978851974,
      "state_hash_seconds": 0.09344820596743375,
      "clone_seconds": 0.008889228047337383,
      "restore_seconds": 0.0025182460085488856,
      "file_write_seconds": 0.01250030001392588,
      "operation_seconds": 0.4247877100133337,
      "total_phase_seconds": 0.5440158299752511,
      "scope": "file writes include journal intent/add/flush; excludes this timing receipt and checkpoint writes",
      "mode": "stage4_sealed_cell",
      "banner": "sealed Stage 4; scientific admission also requires complete declared populations"
    },
    {
      "phase": "edit:230",
      "identity_check_kind": "in_memory_structure_and_configuration",
      "recipe_verification_seconds": 0.0,
      "identity_verification_seconds": 0.0,
      "identity_check_seconds": 0.0017259280430153012,
      "state_hash_seconds": 0.07745194499148056,
      "clone_seconds": 0.009089191036764532,
      "restore_seconds": 0.0,
      "file_write_seconds": 0.012212769011966884,
      "operation_seconds": 1.20803599600913,
      "total_phase_seconds": 1.3086012239800766,
      "scope": "file writes include journal intent/add/flush; excludes this timing receipt and checkpoint writes",
      "mode": "stage4_sealed_cell",
      "banner": "sealed Stage 4; scientific admission also requires complete declared populations"
    },
    {
      "phase": "immediate:230",
      "identity_check_kind": "in_memory_structure_and_configuration",
      "recipe_verification_seconds": 0.0,
      "identity_verification_seconds": 0.0,
      "identity_check_seconds": 0.001790440990589559,
      "state_hash_seconds": 0.09815524914301932,
      "clone_seconds": 0.009159938024822623,
      "restore_seconds": 0.0029188150074332952,
      "file_write_seconds": 0.01231799100060016,
      "operation_seconds": 0.5190583019866608,
      "total_phase_seconds": 0.6435034720343538,
      "scope": "file writes include journal intent/add/flush; excludes this timing receipt and checkpoint writes",
      "mode": "stage4_sealed_cell",
      "banner": "sealed Stage 4; scientific admission also requires complete declared populations"
    },
    {
      "phase": "edit:231",
      "identity_check_kind": "in_memory_structure_and_configuration",
      "recipe_verification_seconds": 0.0,
      "identity_verification_seconds": 0.0,
      "identity_check_seconds": 0.0018959040171466768,
      "state_hash_seconds": 0.07866340701002628,
      "clone_seconds": 0.01026489504147321,
      "restore_seconds": 0.0,
      "file_write_seconds": 0.01230854302411899,
      "operation_seconds": 0.4409174870233983,
      "total_phase_seconds": 0.5441439549904317,
      "scope": "file writes include journal intent/add/flush; excludes this timing receipt and checkpoint writes",
      "mode": "stage4_sealed_cell",
      "banner": "sealed Stage 4; scientific admission also requires complete declared populations"
    },
    {
      "phase": "immediate:231",
      "identity_check_kind": "in_memory_structure_and_configuration",
      "recipe_verification_seconds": 0.0,
      "identity_verification_seconds": 0.0,
      "identity_check_seconds": 0.001821340003516525,
      "state_hash_seconds": 0.09531344199785963,
      "clone_seconds": 0.009195475024171174,
      "restore_seconds": 0.0024440049892291427,
      "file_write_seconds": 0.01230778096942231,
      "operation_seconds": 0.33704539999598637,
      "total_phase_seconds": 0.4582304410287179,
      "scope": "file writes include journal intent/add/flush; excludes this timing receipt and checkpoint writes",
      "mode": "stage4_sealed_cell",
      "banner": "sealed Stage 4; scientific admission also requires complete declared populations"
    },
    {
      "phase": "edit:232",
      "identity_check_kind": "in_memory_structure_and_configuration",
      "recipe_verification_seconds": 0.0,
      "identity_verification_seconds": 0.0,
      "identity_check_seconds": 0.0019184169941581786,
      "state_hash_seconds": 0.07884478598134592,
      "clone_seconds": 0.010651124990545213,
      "restore_seconds": 0.0,
      "file_write_seconds": 0.012321587011683732,
      "operation_seconds": 0.6103041479946114,
      "total_phase_seconds": 0.7141334220068529,
      "scope": "file writes include journal intent/add/flush; excludes this timing receipt and checkpoint writes",
      "mode": "stage4_sealed_cell",
      "banner": "sealed Stage 4; scientific admission also requires complete declared populations"
    },
    {
      "phase": "immediate:232",
      "identity_check_kind": "in_memory_structure_and_configuration",
      "recipe_verification_seconds": 0.0,
      "identity_verification_seconds": 0.0,
      "identity_check_seconds": 0.0017575299716554582,
      "state_hash_seconds": 0.0975360120064579,
      "clone_seconds": 0.009032222966197878,
      "restore_seconds": 0.0026157129905186594,
      "file_write_seconds": 0.012268585036508739,
      "operation_seconds": 0.3304127070005052,
      "total_phase_seconds": 0.4537257369956933,
      "scope": "file writes include journal intent/add/flush; excludes this timing receipt and checkpoint writes",
      "mode": "stage4_sealed_cell",
      "banner": "sealed Stage 4; scientific admission also requires complete declared populations"
    },
    {
      "phase": "edit:233",
      "identity_check_kind": "in_memory_structure_and_configuration",
      "recipe_verification_seconds": 0.0,
      "identity_verification_seconds": 0.0,
      "identity_check_seconds": 0.0017718870076350868,
      "state_hash_seconds": 0.0775277900393121,
      "clone_seconds": 0.009242255997378379,
      "restore_seconds": 0.0,
      "file_write_seconds": 0.012297471985220909,
      "operation_seconds": 0.5927017779904418,
      "total_phase_seconds": 0.6936490290099755,
      "scope": "file writes include journal intent/add/flush; excludes this timing receipt and checkpoint writes",
      "mode": "stage4_sealed_cell",
      "banner": "sealed Stage 4; scientific admission also requires complete declared populations"
    },
    {
      "phase": "immediate:233",
      "identity_check_kind": "in_memory_structure_and_configuration",
      "recipe_verification_seconds": 0.0,
      "identity_verification_seconds": 0.0,
      "identity_check_seconds": 0.0017799109918996692,
      "state_hash_seconds": 0.09610335505567491,
      "clone_seconds": 0.013115037989336997,
      "restore_seconds": 0.0024744929978623986,
      "file_write_seconds": 0.012191888003144413,
      "operation_seconds": 0.47632396197877824,
      "total_phase_seconds": 0.6020881900331005,
      "scope": "file writes include journal intent/add/flush; excludes this timing receipt and checkpoint writes",
      "mode": "stage4_sealed_cell",
      "banner": "sealed Stage 4; scientific admission also requires complete declared populations"
    },
    {
      "phase": "edit:234",
      "identity_check_kind": "in_memory_structure_and_configuration",
      "recipe_verification_seconds": 0.0,
      "identity_verification_seconds": 0.0,
      "identity_check_seconds": 0.0018334350897930562,
      "state_hash_seconds": 0.07893930695718154,
      "clone_seconds": 0.00918905297294259,
      "restore_seconds": 0.0,
      "file_write_seconds": 0.012528052960988134,
      "operation_seconds": 0.7541139439563267,
      "total_phase_seconds": 0.8566957269795239,
      "scope": "file writes include journal intent/add/flush; excludes this timing receipt and checkpoint writes",
      "mode": "stage4_sealed_cell",
      "banner": "sealed Stage 4; scientific admission also requires complete declared populations"
    },
    {
      "phase": "immediate:234",
      "identity_check_kind": "in_memory_structure_and_configuration",
      "recipe_verification_seconds": 0.0,
      "identity_verification_seconds": 0.0,
      "identity_check_seconds": 0.0018467709887772799,
      "state_hash_seconds": 0.10024906293256208,
      "clone_seconds": 0.00913487997604534,
      "restore_seconds": 0.0032508609583601356,
      "file_write_seconds": 0.012440564983990043,
      "operation_seconds": 0.38255563197890297,
      "total_phase_seconds": 0.5095866380142979,
      "scope": "file writes include journal intent/add/flush; excludes this timing receipt and checkpoint writes",
      "mode": "stage4_sealed_cell",
      "banner": "sealed Stage 4; scientific admission also requires complete declared populations"
    },
    {
      "phase": "edit:235",
      "identity_check_kind": "in_memory_structure_and_configuration",
      "recipe_verification_seconds": 0.0,
      "identity_verification_seconds": 0.0,
      "identity_check_seconds": 0.002351376984734088,
      "state_hash_seconds": 0.0816828150418587,
      "clone_seconds": 0.011511615011841059,
      "restore_seconds": 0.0,
      "file_write_seconds": 0.012379518011584878,
      "operation_seconds": 0.4532959029893391,
      "total_phase_seconds": 0.5613311189808883,
      "scope": "file writes include journal intent/add/flush; excludes this timing receipt and checkpoint writes",
      "mode": "stage4_sealed_cell",
      "banner": "sealed Stage 4; scientific admission also requires complete declared populations"
    },
    {
      "phase": "immediate:235",
      "identity_check_kind": "in_memory_structure_and_configuration",
      "recipe_verification_seconds": 0.0,
      "identity_verification_seconds": 0.0,
      "identity_check_seconds": 0.0018026349716819823,
      "state_hash_seconds": 0.09621895605232567,
      "clone_seconds": 0.009982794988900423,
      "restore_seconds": 0.002641382976435125,
      "file_write_seconds": 0.01223445002688095,
      "operation_seconds": 0.2904768000007607,
      "total_phase_seconds": 0.41345762205310166,
      "scope": "file writes include journal intent/add/flush; excludes this timing receipt and checkpoint writes",
      "mode": "stage4_sealed_cell",
      "banner": "sealed Stage 4; scientific admission also requires complete declared populations"
    },
    {
      "phase": "edit:236",
      "identity_check_kind": "in_memory_structure_and_configuration",
      "recipe_verification_seconds": 0.0,
      "identity_verification_seconds": 0.0,
      "identity_check_seconds": 0.0017703030025586486,
      "state_hash_seconds": 0.07851391105214134,
      "clone_seconds": 0.009077149035874754,
      "restore_seconds": 0.0,
      "file_write_seconds": 0.0012628900003619492,
      "operation_seconds": 0.30571946600684896,
      "total_phase_seconds": 0.39643021603114903,
      "scope": "file writes include journal intent/add/flush; excludes this timing receipt and checkpoint writes",
      "mode": "stage4_sealed_cell",
      "banner": "sealed Stage 4; scientific admission also requires complete declared populations"
    },
    {
      "phase": "immediate:236",
      "identity_check_kind": "in_memory_structure_and_configuration",
      "recipe_verification_seconds": 0.0,
      "identity_verification_seconds": 0.0,
      "identity_check_seconds": 0.001782778010237962,
      "state_hash_seconds": 0.0949747918639332,
      "clone_seconds": 0.010400393977761269,
      "restore_seconds": 0.0023554950021207333,
      "file_write_seconds": 0.012083440960850567,
      "operation_seconds": 0.28894148801919073,
      "total_phase_seconds": 0.4106357939890586,
      "scope": "file writes include journal intent/add/flush; excludes this timing receipt and checkpoint writes",
      "mode": "stage4_sealed_cell",
      "banner": "sealed Stage 4; scientific admission also requires complete declared populations"
    },
    {
      "phase": "edit:237",
      "identity_check_kind": "in_memory_structure_and_configuration",
      "recipe_verification_seconds": 0.0,
      "identity_verification_seconds": 0.0,
      "identity_check_seconds": 0.0018438839470036328,
      "state_hash_seconds": 0.0782948910491541,
      "clone_seconds": 0.009177691012155265,
      "restore_seconds": 0.0,
      "file_write_seconds": 0.012145499989856035,
      "operation_seconds": 0.28915883298031986,
      "total_phase_seconds": 0.3907055730232969,
      "scope": "file writes include journal intent/add/flush; excludes this timing receipt and checkpoint writes",
      "mode": "stage4_sealed_cell",
      "banner": "sealed Stage 4; scientific admission also requires complete declared populations"
    },
    {
      "phase": "immediate:237",
      "identity_check_kind": "in_memory_structure_and_configuration",
      "recipe_verification_seconds": 0.0,
      "identity_verification_seconds": 0.0,
      "identity_check_seconds": 0.0018793009803630412,
      "state_hash_seconds": 0.09750660497229546,
      "clone_seconds": 0.011991585022769868,
      "restore_seconds": 0.002533264982048422,
      "file_write_seconds": 0.012451106042135507,
      "operation_seconds": 0.2920397460111417,
      "total_phase_seconds": 0.418509405979421,
      "scope": "file writes include journal intent/add/flush; excludes this timing receipt and checkpoint writes",
      "mode": "stage4_sealed_cell",
      "banner": "sealed Stage 4; scientific admission also requires complete declared populations"
    },
    {
      "phase": "edit:238",
      "identity_check_kind": "in_memory_structure_and_configuration",
      "recipe_verification_seconds": 0.0,
      "identity_verification_seconds": 0.0,
      "identity_check_seconds": 0.0018470709910616279,
      "state_hash_seconds": 0.07946018397342414,
      "clone_seconds": 0.009586383996065706,
      "restore_seconds": 0.0,
      "file_write_seconds": 0.01212150399805978,
      "operation_seconds": 0.9020759499981068,
      "total_phase_seconds": 1.0051904839929193,
      "scope": "file writes include journal intent/add/flush; excludes this timing receipt and checkpoint writes",
      "mode": "stage4_sealed_cell",
      "banner": "sealed Stage 4; scientific admission also requires complete declared populations"
    },
    {
      "phase": "immediate:238",
      "identity_check_kind": "in_memory_structure_and_configuration",
      "recipe_verification_seconds": 0.0,
      "identity_verification_seconds": 0.0,
      "identity_check_seconds": 0.00174711795989424,
      "state_hash_seconds": 0.09497686696704477,
      "clone_seconds": 0.012065267015714198,
      "restore_seconds": 0.0027069280040450394,
      "file_write_seconds": 0.012186399020720273,
      "operation_seconds": 0.4284059359924868,
      "total_phase_seconds": 0.5521871829987504,
      "scope": "file writes include journal intent/add/flush; excludes this timing receipt and checkpoint writes",
      "mode": "stage4_sealed_cell",
      "banner": "sealed Stage 4; scientific admission also requires complete declared populations"
    },
    {
      "phase": "edit:239",
      "identity_check_kind": "in_memory_structure_and_configuration",
      "recipe_verification_seconds": 0.0,
      "identity_verification_seconds": 0.0,
      "identity_check_seconds": 0.0017489020247012377,
      "state_hash_seconds": 0.1687578759738244,
      "clone_seconds": 0.009733596991281956,
      "restore_seconds": 0.0,
      "file_write_seconds": 0.012173653987701982,
      "operation_seconds": 0.29271274601342157,
      "total_phase_seconds": 0.4852195219718851,
      "scope": "file writes include journal intent/add/flush; excludes this timing receipt and checkpoint writes",
      "mode": "stage4_sealed_cell",
      "banner": "sealed Stage 4; scientific admission also requires complete declared populations"
    },
    {
      "phase": "immediate:239",
      "identity_check_kind": "in_memory_structure_and_configuration",
      "recipe_verification_seconds": 0.0,
      "identity_verification_seconds": 0.0,
      "identity_check_seconds": 0.0019692250061780214,
      "state_hash_seconds": 0.09678387106396258,
      "clone_seconds": 0.011781843029893935,
      "restore_seconds": 0.0030159909510985017,
      "file_write_seconds": 0.01236771501135081,
      "operation_seconds": 0.28548231697641313,
      "total_phase_seconds": 0.4115083370124921,
      "scope": "file writes include journal intent/add/flush; excludes this timing receipt and checkpoint writes",
      "mode": "stage4_sealed_cell",
      "banner": "sealed Stage 4; scientific admission also requires complete declared populations"
    },
    {
      "phase": "edit:240",
      "identity_check_kind": "in_memory_structure_and_configuration",
      "recipe_verification_seconds": 0.0,
      "identity_verification_seconds": 0.0,
      "identity_check_seconds": 0.0017999999690800905,
      "state_hash_seconds": 0.07955472700996324,
      "clone_seconds": 0.012970561976544559,
      "restore_seconds": 0.0,
      "file_write_seconds": 0.01232079602777958,
      "operation_seconds": 0.4395317399757914,
      "total_phase_seconds": 0.5462680559721775,
      "scope": "file writes include journal intent/add/flush; excludes this timing receipt and checkpoint writes",
      "mode": "stage4_sealed_cell",
      "banner": "sealed Stage 4; scientific admission also requires complete declared populations"
    },
    {
      "phase": "immediate:240",
      "identity_check_kind": "in_memory_structure_and_configuration",
      "recipe_verification_seconds": 0.0,
      "identity_verification_seconds": 0.0,
      "identity_check_seconds": 0.0021447610342875123,
      "state_hash_seconds": 0.09708953596418723,
      "clone_seconds": 0.009859298006631434,
      "restore_seconds": 0.0024339749943464994,
      "file_write_seconds": 0.012170237023383379,
      "operation_seconds": 0.3343490620027296,
      "total_phase_seconds": 0.458155878004618,
      "scope": "file writes include journal intent/add/flush; excludes this timing receipt and checkpoint writes",
      "mode": "stage4_sealed_cell",
      "banner": "sealed Stage 4; scientific admission also requires complete declared populations"
    },
    {
      "phase": "edit:241",
      "identity_check_kind": "in_memory_structure_and_configuration",
      "recipe_verification_seconds": 0.0,
      "identity_verification_seconds": 0.0,
      "identity_check_seconds": 0.0017476599896326661,
      "state_hash_seconds": 0.07865561405196786,
      "clone_seconds": 0.010620796994771808,
      "restore_seconds": 0.0,
      "file_write_seconds": 0.012724899977911264,
      "operation_seconds": 0.58609295100905,
      "total_phase_seconds": 0.6899297999916598,
      "scope": "file writes include journal intent/add/flush; excludes this timing receipt and checkpoint writes",
      "mode": "stage4_sealed_cell",
      "banner": "sealed Stage 4; scientific admission also requires complete declared populations"
    },
    {
      "phase": "immediate:241",
      "identity_check_kind": "in_memory_structure_and_configuration",
      "recipe_verification_seconds": 0.0,
      "identity_verification_seconds": 0.0,
      "identity_check_seconds": 0.0017849309369921684,
      "state_hash_seconds": 0.09730746201239526,
      "clone_seconds": 0.010938736028037965,
      "restore_seconds": 0.002580194966867566,
      "file_write_seconds": 0.01239716203417629,
      "operation_seconds": 0.38323704805225134,
      "total_phase_seconds": 0.5083704459830187,
      "scope": "file writes include journal intent/add/flush; excludes this timing receipt and checkpoint writes",
      "mode": "stage4_sealed_cell",
      "banner": "sealed Stage 4; scientific admission also requires complete declared populations"
    },
    {
      "phase": "edit:242",
      "identity_check_kind": "in_memory_structure_and_configuration",
      "recipe_verification_seconds": 0.0,
      "identity_verification_seconds": 0.0,
      "identity_check_seconds": 0.0017806229880079627,
      "state_hash_seconds": 0.07900545309530571,
      "clone_seconds": 0.009438270993996412,
      "restore_seconds": 0.0,
      "file_write_seconds": 0.012224250996951014,
      "operation_seconds": 0.29322889604372904,
      "total_phase_seconds": 0.3957653210381977,
      "scope": "file writes include journal intent/add/flush; excludes this timing receipt and checkpoint writes",
      "mode": "stage4_sealed_cell",
      "banner": "sealed Stage 4; scientific admission also requires complete declared populations"
    },
    {
      "phase": "immediate:242",
      "identity_check_kind": "in_memory_structure_and_configuration",
      "recipe_verification_seconds": 0.0,
      "identity_verification_seconds": 0.0,
      "identity_check_seconds": 0.001793207018636167,
      "state_hash_seconds": 0.09693193412385881,
      "clone_seconds": 0.00920701801078394,
      "restore_seconds": 0.00252439797623083,
      "file_write_seconds": 0.012199754011817276,
      "operation_seconds": 0.2904292889870703,
      "total_phase_seconds": 0.4131837679888122,
      "scope": "file writes include journal intent/add/flush; excludes this timing receipt and checkpoint writes",
      "mode": "stage4_sealed_cell",
      "banner": "sealed Stage 4; scientific admission also requires complete declared populations"
    },
    {
      "phase": "edit:243",
      "identity_check_kind": "in_memory_structure_and_configuration",
      "recipe_verification_seconds": 0.0,
      "identity_verification_seconds": 0.0,
      "identity_check_seconds": 0.0017657040152698755,
      "state_hash_seconds": 0.07846722303656861,
      "clone_seconds": 0.009539714956190437,
      "restore_seconds": 0.0,
      "file_write_seconds": 0.012235641945153475,
      "operation_seconds": 0.3164964829920791,
      "total_phase_seconds": 0.4185905609629117,
      "scope": "file writes include journal intent/add/flush; excludes this timing receipt and checkpoint writes",
      "mode": "stage4_sealed_cell",
      "banner": "sealed Stage 4; scientific admission also requires complete declared populations"
    },
    {
      "phase": "immediate:243",
      "identity_check_kind": "in_memory_structure_and_configuration",
      "recipe_verification_seconds": 0.0,
      "identity_verification_seconds": 0.0,
      "identity_check_seconds": 0.001933296036440879,
      "state_hash_seconds": 0.19198952504666522,
      "clone_seconds": 0.00987894501304254,
      "restore_seconds": 0.0025192589964717627,
      "file_write_seconds": 0.012285017990507185,
      "operation_seconds": 0.29544846899807453,
      "total_phase_seconds": 0.5141588419792242,
      "scope": "file writes include journal intent/add/flush; excludes this timing receipt and checkpoint writes",
      "mode": "stage4_sealed_cell",
      "banner": "sealed Stage 4; scientific admission also requires complete declared populations"
    },
    {
      "phase": "edit:244",
      "identity_check_kind": "in_memory_structure_and_configuration",
      "recipe_verification_seconds": 0.0,
      "identity_verification_seconds": 0.0,
      "identity_check_seconds": 0.0021091329399496317,
      "state_hash_seconds": 0.07923662505345419,
      "clone_seconds": 0.009692348015960306,
      "restore_seconds": 0.0,
      "file_write_seconds": 0.012335053994320333,
      "operation_seconds": 0.4503340660012327,
      "total_phase_seconds": 0.5538102029822767,
      "scope": "file writes include journal intent/add/flush; excludes this timing receipt and checkpoint writes",
      "mode": "stage4_sealed_cell",
      "banner": "sealed Stage 4; scientific admission also requires complete declared populations"
    },
    {
      "phase": "immediate:244",
      "identity_check_kind": "in_memory_structure_and_configuration",
      "recipe_verification_seconds": 0.0,
      "identity_verification_seconds": 0.0,
      "identity_check_seconds": 0.0018534729606471956,
      "state_hash_seconds": 0.09591901110252365,
      "clone_seconds": 0.01127625402295962,
      "restore_seconds": 0.0024108110228553414,
      "file_write_seconds": 0.012283273972570896,
      "operation_seconds": 0.34000283799832687,
      "total_phase_seconds": 0.46384677599417046,
      "scope": "file writes include journal intent/add/flush; excludes this timing receipt and checkpoint writes",
      "mode": "stage4_sealed_cell",
      "banner": "sealed Stage 4; scientific admission also requires complete declared populations"
    },
    {
      "phase": "edit:245",
      "identity_check_kind": "in_memory_structure_and_configuration",
      "recipe_verification_seconds": 0.0,
      "identity_verification_seconds": 0.0,
      "identity_check_seconds": 0.0017631800146773458,
      "state_hash_seconds": 0.07751487602945417,
      "clone_seconds": 0.0090076660271734,
      "restore_seconds": 0.0,
      "file_write_seconds": 0.01241500600008294,
      "operation_seconds": 0.44502039096551016,
      "total_phase_seconds": 0.5458097590017132,
      "scope": "file writes include journal intent/add/flush; excludes this timing receipt and checkpoint writes",
      "mode": "stage4_sealed_cell",
      "banner": "sealed Stage 4; scientific admission also requires complete declared populations"
    },
    {
      "phase": "immediate:245",
      "identity_check_kind": "in_memory_structure_and_configuration",
      "recipe_verification_seconds": 0.0,
      "identity_verification_seconds": 0.0,
      "identity_check_seconds": 0.0017558559775352478,
      "state_hash_seconds": 0.09528848400805146,
      "clone_seconds": 0.010630444972775877,
      "restore_seconds": 0.0026675930130295455,
      "file_write_seconds": 0.012302479997742921,
      "operation_seconds": 0.33229933300754055,
      "total_phase_seconds": 0.4550455170101486,
      "scope": "file writes include journal intent/add/flush; excludes this timing receipt and checkpoint writes",
      "mode": "stage4_sealed_cell",
      "banner": "sealed Stage 4; scientific admission also requires complete declared populations"
    },
    {
      "phase": "edit:246",
      "identity_check_kind": "in_memory_structure_and_configuration",
      "recipe_verification_seconds": 0.0,
      "identity_verification_seconds": 0.0,
      "identity_check_seconds": 0.001880454015918076,
      "state_hash_seconds": 0.0795655469992198,
      "clone_seconds": 0.010321062989532948,
      "restore_seconds": 0.0,
      "file_write_seconds": 0.012158885016106069,
      "operation_seconds": 0.5900975170079619,
      "total_phase_seconds": 0.6941114750225097,
      "scope": "file writes include journal intent/add/flush; excludes this timing receipt and checkpoint writes",
      "mode": "stage4_sealed_cell",
      "banner": "sealed Stage 4; scientific admission also requires complete declared populations"
    },
    {
      "phase": "immediate:246",
      "identity_check_kind": "in_memory_structure_and_configuration",
      "recipe_verification_seconds": 0.0,
      "identity_verification_seconds": 0.0,
      "identity_check_seconds": 0.001786775013897568,
      "state_hash_seconds": 0.09536570298951119,
      "clone_seconds": 0.011851686052978039,
      "restore_seconds": 0.0024595639551989734,
      "file_write_seconds": 0.012289737001992762,
      "operation_seconds": 0.3822345960070379,
      "total_phase_seconds": 0.5060880520031787,
      "scope": "file writes include journal intent/add/flush; excludes this timing receipt and checkpoint writes",
      "mode": "stage4_sealed_cell",
      "banner": "sealed Stage 4; scientific admission also requires complete declared populations"
    },
    {
      "phase": "edit:247",
      "identity_check_kind": "in_memory_structure_and_configuration",
      "recipe_verification_seconds": 0.0,
      "identity_verification_seconds": 0.0,
      "identity_check_seconds": 0.0018304369878023863,
      "state_hash_seconds": 0.07948843797203153,
      "clone_seconds": 0.009407261037267745,
      "restore_seconds": 0.0,
      "file_write_seconds": 0.012291799997910857,
      "operation_seconds": 0.44876549899345264,
      "total_phase_seconds": 0.5518715879879892,
      "scope": "file writes include journal intent/add/flush; excludes this timing receipt and checkpoint writes",
      "mode": "stage4_sealed_cell",
      "banner": "sealed Stage 4; scientific admission also requires complete declared populations"
    },
    {
      "phase": "immediate:247",
      "identity_check_kind": "in_memory_structure_and_configuration",
      "recipe_verification_seconds": 0.0,
      "identity_verification_seconds": 0.0,
      "identity_check_seconds": 0.001953314000274986,
      "state_hash_seconds": 0.09541057801106945,
      "clone_seconds": 0.010880424990318716,
      "restore_seconds": 0.002639048034325242,
      "file_write_seconds": 0.012222857971210033,
      "operation_seconds": 0.4681817560340278,
      "total_phase_seconds": 0.5913839730201289,
      "scope": "file writes include journal intent/add/flush; excludes this timing receipt and checkpoint writes",
      "mode": "stage4_sealed_cell",
      "banner": "sealed Stage 4; scientific admission also requires complete declared populations"
    },
    {
      "phase": "edit:248",
      "identity_check_kind": "in_memory_structure_and_configuration",
      "recipe_verification_seconds": 0.0,
      "identity_verification_seconds": 0.0,
      "identity_check_seconds": 0.0017539620166644454,
      "state_hash_seconds": 0.07741862104739994,
      "clone_seconds": 0.009392042004037648,
      "restore_seconds": 0.0,
      "file_write_seconds": 0.012136182049289346,
      "operation_seconds": 0.4353214899892919,
      "total_phase_seconds": 0.5361036150134169,
      "scope": "file writes include journal intent/add/flush; excludes this timing receipt and checkpoint writes",
      "mode": "stage4_sealed_cell",
      "banner": "sealed Stage 4; scientific admission also requires complete declared populations"
    },
    {
      "phase": "immediate:248",
      "identity_check_kind": "in_memory_structure_and_configuration",
      "recipe_verification_seconds": 0.0,
      "identity_verification_seconds": 0.0,
      "identity_check_seconds": 0.0019169540028087795,
      "state_hash_seconds": 0.09687026595929638,
      "clone_seconds": 0.008909046009648591,
      "restore_seconds": 0.0026120670372620225,
      "file_write_seconds": 0.012243336997926235,
      "operation_seconds": 0.33907843800261617,
      "total_phase_seconds": 0.46172939700772986,
      "scope": "file writes include journal intent/add/flush; excludes this timing receipt and checkpoint writes",
      "mode": "stage4_sealed_cell",
      "banner": "sealed Stage 4; scientific admission also requires complete declared populations"
    },
    {
      "phase": "edit:249",
      "identity_check_kind": "in_memory_structure_and_configuration",
      "recipe_verification_seconds": 0.0,
      "identity_verification_seconds": 0.0,
      "identity_check_seconds": 0.001842792029492557,
      "state_hash_seconds": 0.07910576602444053,
      "clone_seconds": 0.011474764032755047,
      "restore_seconds": 0.0,
      "file_write_seconds": 0.012268043996300548,
      "operation_seconds": 0.5876181949861348,
      "total_phase_seconds": 0.6924026689957827,
      "scope": "file writes include journal intent/add/flush; excludes this timing receipt and checkpoint writes",
      "mode": "stage4_sealed_cell",
      "banner": "sealed Stage 4; scientific admission also requires complete declared populations"
    },
    {
      "phase": "immediate:249",
      "identity_check_kind": "in_memory_structure_and_configuration",
      "recipe_verification_seconds": 0.0,
      "identity_verification_seconds": 0.0,
      "identity_check_seconds": 0.0019022959750145674,
      "state_hash_seconds": 0.09819722996326163,
      "clone_seconds": 0.010797786002513021,
      "restore_seconds": 0.0036500459536910057,
      "file_write_seconds": 0.012253105989657342,
      "operation_seconds": 0.38252840901259333,
      "total_phase_seconds": 0.509442260954529,
      "scope": "file writes include journal intent/add/flush; excludes this timing receipt and checkpoint writes",
      "mode": "stage4_sealed_cell",
      "banner": "sealed Stage 4; scientific admission also requires complete declared populations"
    },
    {
      "phase": "edit:250",
      "identity_check_kind": "in_memory_structure_and_configuration",
      "recipe_verification_seconds": 0.0,
      "identity_verification_seconds": 0.0,
      "identity_check_seconds": 0.0017624879837967455,
      "state_hash_seconds": 0.07829202595166862,
      "clone_seconds": 0.009459881985094398,
      "restore_seconds": 0.0,
      "file_write_seconds": 0.012192279973533005,
      "operation_seconds": 0.603298679983709,
      "total_phase_seconds": 0.7050961499917321,
      "scope": "file writes include journal intent/add/flush; excludes this timing receipt and checkpoint writes",
      "mode": "stage4_sealed_cell",
      "banner": "sealed Stage 4; scientific admission also requires complete declared populations"
    },
    {
      "phase": "immediate:250",
      "identity_check_kind": "in_memory_structure_and_configuration",
      "recipe_verification_seconds": 0.0,
      "identity_verification_seconds": 0.0,
      "identity_check_seconds": 0.0018282040255144238,
      "state_hash_seconds": 0.09820703696459532,
      "clone_seconds": 0.00951938598882407,
      "restore_seconds": 0.002576889004558325,
      "file_write_seconds": 0.012213128968141973,
      "operation_seconds": 0.3833890790119767,
      "total_phase_seconds": 0.5078337879967876,
      "scope": "file writes include journal intent/add/flush; excludes this timing receipt and checkpoint writes",
      "mode": "stage4_sealed_cell",
      "banner": "sealed Stage 4; scientific admission also requires complete declared populations"
    },
    {
      "phase": "edit:251",
      "identity_check_kind": "in_memory_structure_and_configuration",
      "recipe_verification_seconds": 0.0,
      "identity_verification_seconds": 0.0,
      "identity_check_seconds": 0.0018386539886705577,
      "state_hash_seconds": 0.0807093700277619,
      "clone_seconds": 0.012751101050525904,
      "restore_seconds": 0.0,
      "file_write_seconds": 0.01224866701522842,
      "operation_seconds": 0.558010253997054,
      "total_phase_seconds": 0.6656486290157773,
      "scope": "file writes include journal intent/add/flush; excludes this timing receipt and checkpoint writes",
      "mode": "stage4_sealed_cell",
      "banner": "sealed Stage 4; scientific admission also requires complete declared populations"
    },
    {
      "phase": "immediate:251",
      "identity_check_kind": "in_memory_structure_and_configuration",
      "recipe_verification_seconds": 0.0,
      "identity_verification_seconds": 0.0,
      "identity_check_seconds": 0.0018406580784358084,
      "state_hash_seconds": 0.09816396603127941,
      "clone_seconds": 0.009849538968410343,
      "restore_seconds": 0.002458351955283433,
      "file_write_seconds": 0.01228632900165394,
      "operation_seconds": 0.3353099739761092,
      "total_phase_seconds": 0.46000721701420844,
      "scope": "file writes include journal intent/add/flush; excludes this timing receipt and checkpoint writes",
      "mode": "stage4_sealed_cell",
      "banner": "sealed Stage 4; scientific admission also requires complete declared populations"
    },
    {
      "phase": "edit:252",
      "identity_check_kind": "in_memory_structure_and_configuration",
      "recipe_verification_seconds": 0.0,
      "identity_verification_seconds": 0.0,
      "identity_check_seconds": 0.0018719179788604379,
      "state_hash_seconds": 0.07942062901565805,
      "clone_seconds": 0.01238126098178327,
      "restore_seconds": 0.0,
      "file_write_seconds": 0.012263666023500264,
      "operation_seconds": 0.607417906052433,
      "total_phase_seconds": 0.713451454997994,
      "scope": "file writes include journal intent/add/flush; excludes this timing receipt and checkpoint writes",
      "mode": "stage4_sealed_cell",
      "banner": "sealed Stage 4; scientific admission also requires complete declared populations"
    },
    {
      "phase": "immediate:252",
      "identity_check_kind": "in_memory_structure_and_configuration",
      "recipe_verification_seconds": 0.0,
      "identity_verification_seconds": 0.0,
      "identity_check_seconds": 0.0018726489506661892,
      "state_hash_seconds": 0.09677125496091321,
      "clone_seconds": 0.010466722014825791,
      "restore_seconds": 0.003477174963336438,
      "file_write_seconds": 0.012245230958797038,
      "operation_seconds": 0.4291287509840913,
      "total_phase_seconds": 0.5540653329808265,
      "scope": "file writes include journal intent/add/flush; excludes this timing receipt and checkpoint writes",
      "mode": "stage4_sealed_cell",
      "banner": "sealed Stage 4; scientific admission also requires complete declared populations"
    },
    {
      "phase": "edit:253",
      "identity_check_kind": "in_memory_structure_and_configuration",
      "recipe_verification_seconds": 0.0,
      "identity_verification_seconds": 0.0,
      "identity_check_seconds": 0.0017902610707096756,
      "state_hash_seconds": 0.07921323203481734,
      "clone_seconds": 0.009483626985456795,
      "restore_seconds": 0.0,
      "file_write_seconds": 0.012344892020337284,
      "operation_seconds": 0.4494062469457276,
      "total_phase_seconds": 0.5523279620101675,
      "scope": "file writes include journal intent/add/flush; excludes this timing receipt and checkpoint writes",
      "mode": "stage4_sealed_cell",
      "banner": "sealed Stage 4; scientific admission also requires complete declared populations"
    },
    {
      "phase": "immediate:253",
      "identity_check_kind": "in_memory_structure_and_configuration",
      "recipe_verification_seconds": 0.0,
      "identity_verification_seconds": 0.0,
      "identity_check_seconds": 0.001780643011443317,
      "state_hash_seconds": 0.095912889984902,
      "clone_seconds": 0.009525477944407612,
      "restore_seconds": 0.0025309710181318223,
      "file_write_seconds": 0.012256451998837292,
      "operation_seconds": 0.33283455902710557,
      "total_phase_seconds": 0.4549401240074076,
      "scope": "file writes include journal intent/add/flush; excludes this timing receipt and checkpoint writes",
      "mode": "stage4_sealed_cell",
      "banner": "sealed Stage 4; scientific admission also requires complete declared populations"
    },
    {
      "phase": "edit:254",
      "identity_check_kind": "in_memory_structure_and_configuration",
      "recipe_verification_seconds": 0.0,
      "identity_verification_seconds": 0.0,
      "identity_check_seconds": 0.001836771087255329,
      "state_hash_seconds": 0.07754948298679665,
      "clone_seconds": 0.011644019046798348,
      "restore_seconds": 0.0,
      "file_write_seconds": 0.012269908969756216,
      "operation_seconds": 0.2894266670336947,
      "total_phase_seconds": 0.39281133899930865,
      "scope": "file writes include journal intent/add/flush; excludes this timing receipt and checkpoint writes",
      "mode": "stage4_sealed_cell",
      "banner": "sealed Stage 4; scientific admission also requires complete declared populations"
    },
    {
      "phase": "immediate:254",
      "identity_check_kind": "in_memory_structure_and_configuration",
      "recipe_verification_seconds": 0.0,
      "identity_verification_seconds": 0.0,
      "identity_check_seconds": 0.0017338729812763631,
      "state_hash_seconds": 0.09514208300970495,
      "clone_seconds": 0.008829574042465538,
      "restore_seconds": 0.002465244964696467,
      "file_write_seconds": 0.012338579981587827,
      "operation_seconds": 0.38075701403431594,
      "total_phase_seconds": 0.501361561997328,
      "scope": "file writes include journal intent/add/flush; excludes this timing receipt and checkpoint writes",
      "mode": "stage4_sealed_cell",
      "banner": "sealed Stage 4; scientific admission also requires complete declared populations"
    },
    {
      "phase": "edit:255",
      "identity_check_kind": "in_memory_structure_and_configuration",
      "recipe_verification_seconds": 0.0,
      "identity_verification_seconds": 0.0,
      "identity_check_seconds": 0.002015743055380881,
      "state_hash_seconds": 0.0807481050142087,
      "clone_seconds": 0.010900192020926625,
      "restore_seconds": 0.0,
      "file_write_seconds": 0.012339642038568854,
      "operation_seconds": 0.45519786898512393,
      "total_phase_seconds": 0.5613125530071557,
      "scope": "file writes include journal intent/add/flush; excludes this timing receipt and checkpoint writes",
      "mode": "stage4_sealed_cell",
      "banner": "sealed Stage 4; scientific admission also requires complete declared populations"
    },
    {
      "phase": "immediate:255",
      "identity_check_kind": "in_memory_structure_and_configuration",
      "recipe_verification_seconds": 0.0,
      "identity_verification_seconds": 0.0,
      "identity_check_seconds": 0.001979844004381448,
      "state_hash_seconds": 0.0973613680107519,
      "clone_seconds": 0.01264842296950519,
      "restore_seconds": 0.00258397200377658,
      "file_write_seconds": 0.01214439800241962,
      "operation_seconds": 0.33644883695524186,
      "total_phase_seconds": 0.4632735369959846,
      "scope": "file writes include journal intent/add/flush; excludes this timing receipt and checkpoint writes",
      "mode": "stage4_sealed_cell",
      "banner": "sealed Stage 4; scientific admission also requires complete declared populations"
    },
    {
      "phase": "edit:256",
      "identity_check_kind": "in_memory_structure_and_configuration",
      "recipe_verification_seconds": 0.0,
      "identity_verification_seconds": 0.0,
      "identity_check_seconds": 0.0017635599942877889,
      "state_hash_seconds": 0.0782943909871392,
      "clone_seconds": 0.009578499011695385,
      "restore_seconds": 0.0,
      "file_write_seconds": 0.012115101038943976,
      "operation_seconds": 0.5931733620236628,
      "total_phase_seconds": 0.6950155179947615,
      "scope": "file writes include journal intent/add/flush; excludes this timing receipt and checkpoint writes",
      "mode": "stage4_sealed_cell",
      "banner": "sealed Stage 4; scientific admission also requires complete declared populations"
    },
    {
      "phase": "immediate:256",
      "identity_check_kind": "in_memory_structure_and_configuration",
      "recipe_verification_seconds": 0.0,
      "identity_verification_seconds": 0.0,
      "identity_check_seconds": 0.0018456880352459848,
      "state_hash_seconds": 0.09735825093230233,
      "clone_seconds": 0.009179074026178569,
      "restore_seconds": 0.003901057003531605,
      "file_write_seconds": 0.012167412030976266,
      "operation_seconds": 0.46259636897593737,
      "total_phase_seconds": 0.5871521410299465,
      "scope": "file writes include journal intent/add/flush; excludes this timing receipt and checkpoint writes",
      "mode": "stage4_sealed_cell",
      "banner": "sealed Stage 4; scientific admission also requires complete declared populations"
    },
    {
      "phase": "edit:257",
      "identity_check_kind": "in_memory_structure_and_configuration",
      "recipe_verification_seconds": 0.0,
      "identity_verification_seconds": 0.0,
      "identity_check_seconds": 0.0017553649959154427,
      "state_hash_seconds": 0.07954031700501218,
      "clone_seconds": 0.01060975604923442,
      "restore_seconds": 0.0,
      "file_write_seconds": 0.01241150900023058,
      "operation_seconds": 0.9001452589873224,
      "total_phase_seconds": 1.0045791330048814,
      "scope": "file writes include journal intent/add/flush; excludes this timing receipt and checkpoint writes",
      "mode": "stage4_sealed_cell",
      "banner": "sealed Stage 4; scientific admission also requires complete declared populations"
    },
    {
      "phase": "immediate:257",
      "identity_check_kind": "in_memory_structure_and_configuration",
      "recipe_verification_seconds": 0.0,
      "identity_verification_seconds": 0.0,
      "identity_check_seconds": 0.0018063620082102716,
      "state_hash_seconds": 0.18984350108075887,
      "clone_seconds": 0.011269761016592383,
      "restore_seconds": 0.0025147899868898094,
      "file_write_seconds": 0.012238467985298485,
      "operation_seconds": 0.5162600089679472,
      "total_phase_seconds": 0.7340320729999803,
      "scope": "file writes include journal intent/add/flush; excludes this timing receipt and checkpoint writes",
      "mode": "stage4_sealed_cell",
      "banner": "sealed Stage 4; scientific admission also requires complete declared populations"
    },
    {
      "phase": "edit:258",
      "identity_check_kind": "in_memory_structure_and_configuration",
      "recipe_verification_seconds": 0.0,
      "identity_verification_seconds": 0.0,
      "identity_check_seconds": 0.0017539520049467683,
      "state_hash_seconds": 0.07779575401218608,
      "clone_seconds": 0.009862132952548563,
      "restore_seconds": 0.0,
      "file_write_seconds": 0.012215983995702118,
      "operation_seconds": 0.42633089795708656,
      "total_phase_seconds": 0.5280503979884088,
      "scope": "file writes include journal intent/add/flush; excludes this timing receipt and checkpoint writes",
      "mode": "stage4_sealed_cell",
      "banner": "sealed Stage 4; scientific admission also requires complete declared populations"
    },
    {
      "phase": "immediate:258",
      "identity_check_kind": "in_memory_structure_and_configuration",
      "recipe_verification_seconds": 0.0,
      "identity_verification_seconds": 0.0,
      "identity_check_seconds": 0.0018099989974871278,
      "state_hash_seconds": 0.0966358159785159,
      "clone_seconds": 0.013396007008850574,
      "restore_seconds": 0.0026558800018392503,
      "file_write_seconds": 0.012323421018663794,
      "operation_seconds": 0.33180333295604214,
      "total_phase_seconds": 0.4587383040343411,
      "scope": "file writes include journal intent/add/flush; excludes this timing receipt and checkpoint writes",
      "mode": "stage4_sealed_cell",
      "banner": "sealed Stage 4; scientific admission also requires complete declared populations"
    },
    {
      "phase": "edit:259",
      "identity_check_kind": "in_memory_structure_and_configuration",
      "recipe_verification_seconds": 0.0,
      "identity_verification_seconds": 0.0,
      "identity_check_seconds": 0.001780423044692725,
      "state_hash_seconds": 0.08039827406173572,
      "clone_seconds": 0.010346471040975302,
      "restore_seconds": 0.0,
      "file_write_seconds": 0.012360201042611152,
      "operation_seconds": 0.607642246002797,
      "total_phase_seconds": 0.7126242090016603,
      "scope": "file writes include journal intent/add/flush; excludes this timing receipt and checkpoint writes",
      "mode": "stage4_sealed_cell",
      "banner": "sealed Stage 4; scientific admission also requires complete declared populations"
    },
    {
      "phase": "immediate:259",
      "identity_check_kind": "in_memory_structure_and_configuration",
      "recipe_verification_seconds": 0.0,
      "identity_verification_seconds": 0.0,
      "identity_check_seconds": 0.0019961560028605163,
      "state_hash_seconds": 0.09610676404554397,
      "clone_seconds": 0.01148871099576354,
      "restore_seconds": 0.002582780027296394,
      "file_write_seconds": 0.012297922046855092,
      "operation_seconds": 0.38120735704433173,
      "total_phase_seconds": 0.5057897399528883,
      "scope": "file writes include journal intent/add/flush; excludes this timing receipt and checkpoint writes",
      "mode": "stage4_sealed_cell",
      "banner": "sealed Stage 4; scientific admission also requires complete declared populations"
    },
    {
      "phase": "edit:260",
      "identity_check_kind": "in_memory_structure_and_configuration",
      "recipe_verification_seconds": 0.0,
      "identity_verification_seconds": 0.0,
      "identity_check_seconds": 0.0017866060370579362,
      "state_hash_seconds": 0.07828578300541267,
      "clone_seconds": 0.010811193031258881,
      "restore_seconds": 0.0,
      "file_write_seconds": 0.012253747030626982,
      "operation_seconds": 0.44403167598647997,
      "total_phase_seconds": 0.5472574339946732,
      "scope": "file writes include journal intent/add/flush; excludes this timing receipt and checkpoint writes",
      "mode": "stage4_sealed_cell",
      "banner": "sealed Stage 4; scientific admission also requires complete declared populations"
    },
    {
      "phase": "immediate:260",
      "identity_check_kind": "in_memory_structure_and_configuration",
      "recipe_verification_seconds": 0.0,
      "identity_verification_seconds": 0.0,
      "identity_check_seconds": 0.0017745310324244201,
      "state_hash_seconds": 0.10070406296290457,
      "clone_seconds": 0.010446874017361552,
      "restore_seconds": 0.0030205899965949357,
      "file_write_seconds": 0.012739128025714308,
      "operation_seconds": 0.3345509589998983,
      "total_phase_seconds": 0.463340004964266,
      "scope": "file writes include journal intent/add/flush; excludes this timing receipt and checkpoint writes",
      "mode": "stage4_sealed_cell",
      "banner": "sealed Stage 4; scientific admission also requires complete declared populations"
    },
    {
      "phase": "edit:261",
      "identity_check_kind": "in_memory_structure_and_configuration",
      "recipe_verification_seconds": 0.0,
      "identity_verification_seconds": 0.0,
      "identity_check_seconds": 0.0017391040455549955,
      "state_hash_seconds": 0.17174518085084856,
      "clone_seconds": 0.01087290997384116,
      "restore_seconds": 0.0,
      "file_write_seconds": 0.01234564301557839,
      "operation_seconds": 0.559851112018805,
      "total_phase_seconds": 0.7566497549996711,
      "scope": "file writes include journal intent/add/flush; excludes this timing receipt and checkpoint writes",
      "mode": "stage4_sealed_cell",
      "banner": "sealed Stage 4; scientific admission also requires complete declared populations"
    },
    {
      "phase": "immediate:261",
      "identity_check_kind": "in_memory_structure_and_configuration",
      "recipe_verification_seconds": 0.0,
      "identity_verification_seconds": 0.0,
      "identity_check_seconds": 0.0018013830413110554,
      "state_hash_seconds": 0.09737014590064064,
      "clone_seconds": 0.01209717697929591,
      "restore_seconds": 0.002835274033714086,
      "file_write_seconds": 0.012294165033381432,
      "operation_seconds": 0.3783901979913935,
      "total_phase_seconds": 0.5048928909818642,
      "scope": "file writes include journal intent/add/flush; excludes this timing receipt and checkpoint writes",
      "mode": "stage4_sealed_cell",
      "banner": "sealed Stage 4; scientific admission also requires complete declared populations"
    },
    {
      "phase": "edit:262",
      "identity_check_kind": "in_memory_structure_and_configuration",
      "recipe_verification_seconds": 0.0,
      "identity_verification_seconds": 0.0,
      "identity_check_seconds": 0.001753040007315576,
      "state_hash_seconds": 0.07917633099714294,
      "clone_seconds": 0.015140179952140898,
      "restore_seconds": 0.0,
      "file_write_seconds": 0.012294756015762687,
      "operation_seconds": 0.7495734720141627,
      "total_phase_seconds": 0.8580461060046218,
      "scope": "file writes include journal intent/add/flush; excludes this timing receipt and checkpoint writes",
      "mode": "stage4_sealed_cell",
      "banner": "sealed Stage 4; scientific admission also requires complete declared populations"
    },
    {
      "phase": "immediate:262",
      "identity_check_kind": "in_memory_structure_and_configuration",
      "recipe_verification_seconds": 0.0,
      "identity_verification_seconds": 0.0,
      "identity_check_seconds": 0.001768318994436413,
      "state_hash_seconds": 0.0958870510221459,
      "clone_seconds": 0.01320752501487732,
      "restore_seconds": 0.0025866880314424634,
      "file_write_seconds": 0.01217925501987338,
      "operation_seconds": 0.4293328720377758,
      "total_phase_seconds": 0.5550604489981197,
      "scope": "file writes include journal intent/add/flush; excludes this timing receipt and checkpoint writes",
      "mode": "stage4_sealed_cell",
      "banner": "sealed Stage 4; scientific admission also requires complete declared populations"
    },
    {
      "phase": "edit:263",
      "identity_check_kind": "in_memory_structure_and_configuration",
      "recipe_verification_seconds": 0.0,
      "identity_verification_seconds": 0.0,
      "identity_check_seconds": 0.0018356289947405457,
      "state_hash_seconds": 0.07871528598479927,
      "clone_seconds": 0.013503463007509708,
      "restore_seconds": 0.0,
      "file_write_seconds": 0.015512091980781406,
      "operation_seconds": 0.4644209969555959,
      "total_phase_seconds": 0.5740767089882866,
      "scope": "file writes include journal intent/add/flush; excludes this timing receipt and checkpoint writes",
      "mode": "stage4_sealed_cell",
      "banner": "sealed Stage 4; scientific admission also requires complete declared populations"
    },
    {
      "phase": "immediate:263",
      "identity_check_kind": "in_memory_structure_and_configuration",
      "recipe_verification_seconds": 0.0,
      "identity_verification_seconds": 0.0,
      "identity_check_seconds": 0.001843464036937803,
      "state_hash_seconds": 0.09374063805444166,
      "clone_seconds": 0.014384210982825607,
      "restore_seconds": 0.00238809798611328,
      "file_write_seconds": 0.012121874024160206,
      "operation_seconds": 0.33638572599738836,
      "total_phase_seconds": 0.4609584099962376,
      "scope": "file writes include journal intent/add/flush; excludes this timing receipt and checkpoint writes",
      "mode": "stage4_sealed_cell",
      "banner": "sealed Stage 4; scientific admission also requires complete declared populations"
    },
    {
      "phase": "edit:264",
      "identity_check_kind": "in_memory_structure_and_configuration",
      "recipe_verification_seconds": 0.0,
      "identity_verification_seconds": 0.0,
      "identity_check_seconds": 0.001761185994837433,
      "state_hash_seconds": 0.07862704695435241,
      "clone_seconds": 0.014235475973691791,
      "restore_seconds": 0.0,
      "file_write_seconds": 0.01212871796451509,
      "operation_seconds": 1.4642292649950832,
      "total_phase_seconds": 1.5710706129902974,
      "scope": "file writes include journal intent/add/flush; excludes this timing receipt and checkpoint writes",
      "mode": "stage4_sealed_cell",
      "banner": "sealed Stage 4; scientific admission also requires complete declared populations"
    },
    {
      "phase": "immediate:264",
      "identity_check_kind": "in_memory_structure_and_configuration",
      "recipe_verification_seconds": 0.0,
      "identity_verification_seconds": 0.0,
      "identity_check_seconds": 0.001819357043132186,
      "state_hash_seconds": 0.09912828297819942,
      "clone_seconds": 0.011012227972969413,
      "restore_seconds": 0.002592258038930595,
      "file_write_seconds": 0.012143806961830705,
      "operation_seconds": 0.7005529419984668,
      "total_phase_seconds": 0.8273551990278065,
      "scope": "file writes include journal intent/add/flush; excludes this timing receipt and checkpoint writes",
      "mode": "stage4_sealed_cell",
      "banner": "sealed Stage 4; scientific admission also requires complete declared populations"
    },
    {
      "phase": "edit:265",
      "identity_check_kind": "in_memory_structure_and_configuration",
      "recipe_verification_seconds": 0.0,
      "identity_verification_seconds": 0.0,
      "identity_check_seconds": 0.0018096289713867009,
      "state_hash_seconds": 0.0803902160259895,
      "clone_seconds": 0.011467871023342013,
      "restore_seconds": 0.0,
      "file_write_seconds": 0.012147554021794349,
      "operation_seconds": 0.4347261890070513,
      "total_phase_seconds": 0.5406433460302651,
      "scope": "file writes include journal intent/add/flush; excludes this timing receipt and checkpoint writes",
      "mode": "stage4_sealed_cell",
      "banner": "sealed Stage 4; scientific admission also requires complete declared populations"
    },
    {
      "phase": "immediate:265",
      "identity_check_kind": "in_memory_structure_and_configuration",
      "recipe_verification_seconds": 0.0,
      "identity_verification_seconds": 0.0,
      "identity_check_seconds": 0.001723364053759724,
      "state_hash_seconds": 0.09291167801711708,
      "clone_seconds": 0.011798063991591334,
      "restore_seconds": 0.0025346589973196387,
      "file_write_seconds": 0.012539004033897072,
      "operation_seconds": 0.33425163599895313,
      "total_phase_seconds": 0.455855138017796,
      "scope": "file writes include journal intent/add/flush; excludes this timing receipt and checkpoint writes",
      "mode": "stage4_sealed_cell",
      "banner": "sealed Stage 4; scientific admission also requires complete declared populations"
    },
    {
      "phase": "edit:266",
      "identity_check_kind": "in_memory_structure_and_configuration",
      "recipe_verification_seconds": 0.0,
      "identity_verification_seconds": 0.0,
      "identity_check_seconds": 0.0017710549873299897,
      "state_hash_seconds": 0.0796558300498873,
      "clone_seconds": 0.01264447596622631,
      "restore_seconds": 0.0,
      "file_write_seconds": 0.012170327012427151,
      "operation_seconds": 0.4354424019693397,
      "total_phase_seconds": 0.5417706869775429,
      "scope": "file writes include journal intent/add/flush; excludes this timing receipt and checkpoint writes",
      "mode": "stage4_sealed_cell",
      "banner": "sealed Stage 4; scientific admission also requires complete declared populations"
    },
    {
      "phase": "immediate:266",
      "identity_check_kind": "in_memory_structure_and_configuration",
      "recipe_verification_seconds": 0.0,
      "identity_verification_seconds": 0.0,
      "identity_check_seconds": 0.0018053710227832198,
      "state_hash_seconds": 0.09687156800646335,
      "clone_seconds": 0.011915077979210764,
      "restore_seconds": 0.002562862995546311,
      "file_write_seconds": 0.015475472959224135,
      "operation_seconds": 0.33077311801025644,
      "total_phase_seconds": 0.45951867097755894,
      "scope": "file writes include journal intent/add/flush; excludes this timing receipt and checkpoint writes",
      "mode": "stage4_sealed_cell",
      "banner": "sealed Stage 4; scientific admission also requires complete declared populations"
    },
    {
      "phase": "edit:267",
      "identity_check_kind": "in_memory_structure_and_configuration",
      "recipe_verification_seconds": 0.0,
      "identity_verification_seconds": 0.0,
      "identity_check_seconds": 0.0017766159726306796,
      "state_hash_seconds": 0.0790703390375711,
      "clone_seconds": 0.012355272017885,
      "restore_seconds": 0.0,
      "file_write_seconds": 0.01225608104141429,
      "operation_seconds": 0.4564453799976036,
      "total_phase_seconds": 0.5619955930160359,
      "scope": "file writes include journal intent/add/flush; excludes this timing receipt and checkpoint writes",
      "mode": "stage4_sealed_cell",
      "banner": "sealed Stage 4; scientific admission also requires complete declared populations"
    },
    {
      "phase": "immediate:267",
      "identity_check_kind": "in_memory_structure_and_configuration",
      "recipe_verification_seconds": 0.0,
      "identity_verification_seconds": 0.0,
      "identity_check_seconds": 0.0018646839307621121,
      "state_hash_seconds": 0.09748827002476901,
      "clone_seconds": 0.01275865500792861,
      "restore_seconds": 0.0029157690005376935,
      "file_write_seconds": 0.01240834395866841,
      "operation_seconds": 0.2900788980186917,
      "total_phase_seconds": 0.4176150719868019,
      "scope": "file writes include journal intent/add/flush; excludes this timing receipt and checkpoint writes",
      "mode": "stage4_sealed_cell",
      "banner": "sealed Stage 4; scientific admission also requires complete declared populations"
    },
    {
      "phase": "edit:268",
      "identity_check_kind": "in_memory_structure_and_configuration",
      "recipe_verification_seconds": 0.0,
      "identity_verification_seconds": 0.0,
      "identity_check_seconds": 0.001777346944436431,
      "state_hash_seconds": 0.07835036696633324,
      "clone_seconds": 0.011091780033893883,
      "restore_seconds": 0.0,
      "file_write_seconds": 0.012324854033067822,
      "operation_seconds": 0.5511805830174126,
      "total_phase_seconds": 0.6548116269987077,
      "scope": "file writes include journal intent/add/flush; excludes this timing receipt and checkpoint writes",
      "mode": "stage4_sealed_cell",
      "banner": "sealed Stage 4; scientific admission also requires complete declared populations"
    },
    {
      "phase": "immediate:268",
      "identity_check_kind": "in_memory_structure_and_configuration",
      "recipe_verification_seconds": 0.0,
      "identity_verification_seconds": 0.0,
      "identity_check_seconds": 0.0017744200304150581,
      "state_hash_seconds": 0.09697876393329352,
      "clone_seconds": 0.01111020497046411,
      "restore_seconds": 0.002552491961978376,
      "file_write_seconds": 0.012511110980995,
      "operation_seconds": 0.38063010096084327,
      "total_phase_seconds": 0.505671754013747,
      "scope": "file writes include journal intent/add/flush; excludes this timing receipt and checkpoint writes",
      "mode": "stage4_sealed_cell",
      "banner": "sealed Stage 4; scientific admission also requires complete declared populations"
    },
    {
      "phase": "edit:269",
      "identity_check_kind": "in_memory_structure_and_configuration",
      "recipe_verification_seconds": 0.0,
      "identity_verification_seconds": 0.0,
      "identity_check_seconds": 0.001777325989678502,
      "state_hash_seconds": 0.07880448800278828,
      "clone_seconds": 0.011240485007874668,
      "restore_seconds": 0.0,
      "file_write_seconds": 0.012235082045663148,
      "operation_seconds": 0.2783640529960394,
      "total_phase_seconds": 0.38250716897891834,
      "scope": "file writes include journal intent/add/flush; excludes this timing receipt and checkpoint writes",
      "mode": "stage4_sealed_cell",
      "banner": "sealed Stage 4; scientific admission also requires complete declared populations"
    },
    {
      "phase": "immediate:269",
      "identity_check_kind": "in_memory_structure_and_configuration",
      "recipe_verification_seconds": 0.0,
      "identity_verification_seconds": 0.0,
      "identity_check_seconds": 0.0017707039951346815,
      "state_hash_seconds": 0.09645480097969994,
      "clone_seconds": 0.016987932031042874,
      "restore_seconds": 0.002693423011805862,
      "file_write_seconds": 0.0124324900098145,
      "operation_seconds": 0.28689766000024974,
      "total_phase_seconds": 0.4173298950190656,
      "scope": "file writes include journal intent/add/flush; excludes this timing receipt and checkpoint writes",
      "mode": "stage4_sealed_cell",
      "banner": "sealed Stage 4; scientific admission also requires complete declared populations"
    },
    {
      "phase": "edit:270",
      "identity_check_kind": "in_memory_structure_and_configuration",
      "recipe_verification_seconds": 0.0,
      "identity_verification_seconds": 0.0,
      "identity_check_seconds": 0.0017330109840258956,
      "state_hash_seconds": 0.0784271860611625,
      "clone_seconds": 0.00978788995416835,
      "restore_seconds": 0.0,
      "file_write_seconds": 0.01226982899243012,
      "operation_seconds": 0.29083359404467046,
      "total_phase_seconds": 0.39313486899482086,
      "scope": "file writes include journal intent/add/flush; excludes this timing receipt and checkpoint writes",
      "mode": "stage4_sealed_cell",
      "banner": "sealed Stage 4; scientific admission also requires complete declared populations"
    },
    {
      "phase": "immediate:270",
      "identity_check_kind": "in_memory_structure_and_configuration",
      "recipe_verification_seconds": 0.0,
      "identity_verification_seconds": 0.0,
      "identity_check_seconds": 0.0017832779558375478,
      "state_hash_seconds": 0.09777227399172261,
      "clone_seconds": 0.01145336398622021,
      "restore_seconds": 0.0025118649937212467,
      "file_write_seconds": 0.01230187900364399,
      "operation_seconds": 0.3334770010551438,
      "total_phase_seconds": 0.45939637505216524,
      "scope": "file writes include journal intent/add/flush; excludes this timing receipt and checkpoint writes",
      "mode": "stage4_sealed_cell",
      "banner": "sealed Stage 4; scientific admission also requires complete declared populations"
    },
    {
      "phase": "edit:271",
      "identity_check_kind": "in_memory_structure_and_configuration",
      "recipe_verification_seconds": 0.0,
      "identity_verification_seconds": 0.0,
      "identity_check_seconds": 0.001848693995270878,
      "state_hash_seconds": 0.08057871903292835,
      "clone_seconds": 0.012048182950820774,
      "restore_seconds": 0.0,
      "file_write_seconds": 0.01238545001251623,
      "operation_seconds": 1.646282305009663,
      "total_phase_seconds": 1.7532316889846697,
      "scope": "file writes include journal intent/add/flush; excludes this timing receipt and checkpoint writes",
      "mode": "stage4_sealed_cell",
      "banner": "sealed Stage 4; scientific admission also requires complete declared populations"
    },
    {
      "phase": "immediate:271",
      "identity_check_kind": "in_memory_structure_and_configuration",
      "recipe_verification_seconds": 0.0,
      "identity_verification_seconds": 0.0,
      "identity_check_seconds": 0.0021440190030261874,
      "state_hash_seconds": 0.09678234811872244,
      "clone_seconds": 0.017320339975412935,
      "restore_seconds": 0.0027625649818219244,
      "file_write_seconds": 0.012157071963883936,
      "operation_seconds": 0.7511276209843345,
      "total_phase_seconds": 0.8824018909945153,
      "scope": "file writes include journal intent/add/flush; excludes this timing receipt and checkpoint writes",
      "mode": "stage4_sealed_cell",
      "banner": "sealed Stage 4; scientific admission also requires complete declared populations"
    },
    {
      "phase": "edit:272",
      "identity_check_kind": "in_memory_structure_and_configuration",
      "recipe_verification_seconds": 0.0,
      "identity_verification_seconds": 0.0,
      "identity_check_seconds": 0.001734053948894143,
      "state_hash_seconds": 0.07968364405678585,
      "clone_seconds": 0.01126748597016558,
      "restore_seconds": 0.0,
      "file_write_seconds": 0.012177089985925704,
      "operation_seconds": 0.2973952310276218,
      "total_phase_seconds": 0.4023549620178528,
      "scope": "file writes include journal intent/add/flush; excludes this timing receipt and checkpoint writes",
      "mode": "stage4_sealed_cell",
      "banner": "sealed Stage 4; scientific admission also requires complete declared populations"
    },
    {
      "phase": "immediate:272",
      "identity_check_kind": "in_memory_structure_and_configuration",
      "recipe_verification_seconds": 0.0,
      "identity_verification_seconds": 0.0,
      "identity_check_seconds": 0.0017940779216587543,
      "state_hash_seconds": 0.09541600994998589,
      "clone_seconds": 0.00954814103897661,
      "restore_seconds": 0.0024815269862301648,
      "file_write_seconds": 0.012201196979731321,
      "operation_seconds": 0.29008212400367483,
      "total_phase_seconds": 0.41162493999581784,
      "scope": "file writes include journal intent/add/flush; excludes this timing receipt and checkpoint writes",
      "mode": "stage4_sealed_cell",
      "banner": "sealed Stage 4; scientific admission also requires complete declared populations"
    },
    {
      "phase": "edit:273",
      "identity_check_kind": "in_memory_structure_and_configuration",
      "recipe_verification_seconds": 0.0,
      "identity_verification_seconds": 0.0,
      "identity_check_seconds": 0.0017787979450076818,
      "state_hash_seconds": 0.07887280994327739,
      "clone_seconds": 0.01009371696272865,
      "restore_seconds": 0.0,
      "file_write_seconds": 0.01228635897859931,
      "operation_seconds": 0.28183015604736283,
      "total_phase_seconds": 0.38496582000516355,
      "scope": "file writes include journal intent/add/flush; excludes this timing receipt and checkpoint writes",
      "mode": "stage4_sealed_cell",
      "banner": "sealed Stage 4; scientific admission also requires complete declared populations"
    },
    {
      "phase": "immediate:273",
      "identity_check_kind": "in_memory_structure_and_configuration",
      "recipe_verification_seconds": 0.0,
      "identity_verification_seconds": 0.0,
      "identity_check_seconds": 0.002352559007704258,
      "state_hash_seconds": 0.0975904570077546,
      "clone_seconds": 0.019196995999664068,
      "restore_seconds": 0.0026361719937995076,
      "file_write_seconds": 0.012204081984236836,
      "operation_seconds": 0.28597397002158687,
      "total_phase_seconds": 0.420061290031299,
      "scope": "file writes include journal intent/add/flush; excludes this timing receipt and checkpoint writes",
      "mode": "stage4_sealed_cell",
      "banner": "sealed Stage 4; scientific admission also requires complete declared populations"
    },
    {
      "phase": "edit:274",
      "identity_check_kind": "in_memory_structure_and_configuration",
      "recipe_verification_seconds": 0.0,
      "identity_verification_seconds": 0.0,
      "identity_check_seconds": 0.0017664559418335557,
      "state_hash_seconds": 0.079653984925244,
      "clone_seconds": 0.009836264012847096,
      "restore_seconds": 0.0,
      "file_write_seconds": 0.012120000959839672,
      "operation_seconds": 0.2855065430048853,
      "total_phase_seconds": 0.3889736329438165,
      "scope": "file writes include journal intent/add/flush; excludes this timing receipt and checkpoint writes",
      "mode": "stage4_sealed_cell",
      "banner": "sealed Stage 4; scientific admission also requires complete declared populations"
    },
    {
      "phase": "immediate:274",
      "identity_check_kind": "in_memory_structure_and_configuration",
      "recipe_verification_seconds": 0.0,
      "identity_verification_seconds": 0.0,
      "identity_check_seconds": 0.0017709549865685403,
      "state_hash_seconds": 0.0965477770077996,
      "clone_seconds": 0.009793972014449537,
      "restore_seconds": 0.002763827971648425,
      "file_write_seconds": 0.0013163629919290543,
      "operation_seconds": 0.2996823950088583,
      "total_phase_seconds": 0.4119706130004488,
      "scope": "file writes include journal intent/add/flush; excludes this timing receipt and checkpoint writes",
      "mode": "stage4_sealed_cell",
      "banner": "sealed Stage 4; scientific admission also requires complete declared populations"
    },
    {
      "phase": "edit:275",
      "identity_check_kind": "in_memory_structure_and_configuration",
      "recipe_verification_seconds": 0.0,
      "identity_verification_seconds": 0.0,
      "identity_check_seconds": 0.0017682500183582306,
      "state_hash_seconds": 0.17171153699746355,
      "clone_seconds": 0.00994029303546995,
      "restore_seconds": 0.0,
      "file_write_seconds": 0.012327478965744376,
      "operation_seconds": 0.46673602401278913,
      "total_phase_seconds": 0.6625697079580277,
      "scope": "file writes include journal intent/add/flush; excludes this timing receipt and checkpoint writes",
      "mode": "stage4_sealed_cell",
      "banner": "sealed Stage 4; scientific admission also requires complete declared populations"
    },
    {
      "phase": "immediate:275",
      "identity_check_kind": "in_memory_structure_and_configuration",
      "recipe_verification_seconds": 0.0,
      "identity_verification_seconds": 0.0,
      "identity_check_seconds": 0.0018259689677506685,
      "state_hash_seconds": 0.09754548099590465,
      "clone_seconds": 0.010206343024037778,
      "restore_seconds": 0.002615884004626423,
      "file_write_seconds": 0.012281430012080818,
      "operation_seconds": 0.3797039560158737,
      "total_phase_seconds": 0.5042987719643861,
      "scope": "file writes include journal intent/add/flush; excludes this timing receipt and checkpoint writes",
      "mode": "stage4_sealed_cell",
      "banner": "sealed Stage 4; scientific admission also requires complete declared populations"
    },
    {
      "phase": "edit:276",
      "identity_check_kind": "in_memory_structure_and_configuration",
      "recipe_verification_seconds": 0.0,
      "identity_verification_seconds": 0.0,
      "identity_check_seconds": 0.0018091080128215253,
      "state_hash_seconds": 0.07889166608219966,
      "clone_seconds": 0.01511794701218605,
      "restore_seconds": 0.0,
      "file_write_seconds": 0.012449242000002414,
      "operation_seconds": 0.8900878619751893,
      "total_phase_seconds": 0.9984472690266557,
      "scope": "file writes include journal intent/add/flush; excludes this timing receipt and checkpoint writes",
      "mode": "stage4_sealed_cell",
      "banner": "sealed Stage 4; scientific admission also requires complete declared populations"
    },
    {
      "phase": "immediate:276",
      "identity_check_kind": "in_memory_structure_and_configuration",
      "recipe_verification_seconds": 0.0,
      "identity_verification_seconds": 0.0,
      "identity_check_seconds": 0.0018530810484662652,
      "state_hash_seconds": 0.09864942508284003,
      "clone_seconds": 0.009533773991279304,
      "restore_seconds": 0.003344660042785108,
      "file_write_seconds": 0.012353618978522718,
      "operation_seconds": 0.4720576250110753,
      "total_phase_seconds": 0.597896485007368,
      "scope": "file writes include journal intent/add/flush; excludes this timing receipt and checkpoint writes",
      "mode": "stage4_sealed_cell",
      "banner": "sealed Stage 4; scientific admission also requires complete declared populations"
    },
    {
      "phase": "edit:277",
      "identity_check_kind": "in_memory_structure_and_configuration",
      "recipe_verification_seconds": 0.0,
      "identity_verification_seconds": 0.0,
      "identity_check_seconds": 0.0020297799492254853,
      "state_hash_seconds": 0.07858143199700862,
      "clone_seconds": 0.011919345997739583,
      "restore_seconds": 0.0,
      "file_write_seconds": 0.01224948902381584,
      "operation_seconds": 0.2879732910078019,
      "total_phase_seconds": 0.3928463559714146,
      "scope": "file writes include journal intent/add/flush; excludes this timing receipt and checkpoint writes",
      "mode": "stage4_sealed_cell",
      "banner": "sealed Stage 4; scientific admission also requires complete declared populations"
    },
    {
      "phase": "immediate:277",
      "identity_check_kind": "in_memory_structure_and_configuration",
      "recipe_verification_seconds": 0.0,
      "identity_verification_seconds": 0.0,
      "identity_check_seconds": 0.0017364079831168056,
      "state_hash_seconds": 0.09577198995975778,
      "clone_seconds": 0.010060283006168902,
      "restore_seconds": 0.0027457629912532866,
      "file_write_seconds": 0.012544904951937497,
      "operation_seconds": 0.29305482195923105,
      "total_phase_seconds": 0.4160087229683995,
      "scope": "file writes include journal intent/add/flush; excludes this timing receipt and checkpoint writes",
      "mode": "stage4_sealed_cell",
      "banner": "sealed Stage 4; scientific admission also requires complete declared populations"
    },
    {
      "phase": "edit:278",
      "identity_check_kind": "in_memory_structure_and_configuration",
      "recipe_verification_seconds": 0.0,
      "identity_verification_seconds": 0.0,
      "identity_check_seconds": 0.001760584011208266,
      "state_hash_seconds": 0.08020307903643698,
      "clone_seconds": 0.014144852000754327,
      "restore_seconds": 0.0,
      "file_write_seconds": 0.012279626971576363,
      "operation_seconds": 0.45203599700471386,
      "total_phase_seconds": 0.5605209060013294,
      "scope": "file writes include journal intent/add/flush; excludes this timing receipt and checkpoint writes",
      "mode": "stage4_sealed_cell",
      "banner": "sealed Stage 4; scientific admission also requires complete declared populations"
    },
    {
      "phase": "immediate:278",
      "identity_check_kind": "in_memory_structure_and_configuration",
      "recipe_verification_seconds": 0.0,
      "identity_verification_seconds": 0.0,
      "identity_check_seconds": 0.0019252499914728105,
      "state_hash_seconds": 0.19038248603465036,
      "clone_seconds": 0.009715593012515455,
      "restore_seconds": 0.0032614109804853797,
      "file_write_seconds": 0.01225149299716577,
      "operation_seconds": 0.33730978704988956,
      "total_phase_seconds": 0.5549485760275275,
      "scope": "file writes include journal intent/add/flush; excludes this timing receipt and checkpoint writes",
      "mode": "stage4_sealed_cell",
      "banner": "sealed Stage 4; scientific admission also requires complete declared populations"
    },
    {
      "phase": "edit:279",
      "identity_check_kind": "in_memory_structure_and_configuration",
      "recipe_verification_seconds": 0.0,
      "identity_verification_seconds": 0.0,
      "identity_check_seconds": 0.00186482397839427,
      "state_hash_seconds": 0.08061700098915026,
      "clone_seconds": 0.014285251032561064,
      "restore_seconds": 0.0,
      "file_write_seconds": 0.012235342001076788,
      "operation_seconds": 0.3109430289478041,
      "total_phase_seconds": 0.4200398400425911,
      "scope": "file writes include journal intent/add/flush; excludes this timing receipt and checkpoint writes",
      "mode": "stage4_sealed_cell",
      "banner": "sealed Stage 4; scientific admission also requires complete declared populations"
    },
    {
      "phase": "immediate:279",
      "identity_check_kind": "in_memory_structure_and_configuration",
      "recipe_verification_seconds": 0.0,
      "identity_verification_seconds": 0.0,
      "identity_check_seconds": 0.0017472290201112628,
      "state_hash_seconds": 0.09766866394784302,
      "clone_seconds": 0.010162709979340434,
      "restore_seconds": 0.002575707039795816,
      "file_write_seconds": 0.012197479023598135,
      "operation_seconds": 0.3322181669645943,
      "total_phase_seconds": 0.45666784700006247,
      "scope": "file writes include journal intent/add/flush; excludes this timing receipt and checkpoint writes",
      "mode": "stage4_sealed_cell",
      "banner": "sealed Stage 4; scientific admission also requires complete declared populations"
    },
    {
      "phase": "edit:280",
      "identity_check_kind": "in_memory_structure_and_configuration",
      "recipe_verification_seconds": 0.0,
      "identity_verification_seconds": 0.0,
      "identity_check_seconds": 0.0018914859974756837,
      "state_hash_seconds": 0.07961536303628236,
      "clone_seconds": 0.00956052599940449,
      "restore_seconds": 0.0,
      "file_write_seconds": 0.012349922035355121,
      "operation_seconds": 0.4228084260248579,
      "total_phase_seconds": 0.526313750015106,
      "scope": "file writes include journal intent/add/flush; excludes this timing receipt and checkpoint writes",
      "mode": "stage4_sealed_cell",
      "banner": "sealed Stage 4; scientific admission also requires complete declared populations"
    },
    {
      "phase": "immediate:280",
      "identity_check_kind": "in_memory_structure_and_configuration",
      "recipe_verification_seconds": 0.0,
      "identity_verification_seconds": 0.0,
      "identity_check_seconds": 0.0017677590367384255,
      "state_hash_seconds": 0.09706010902300477,
      "clone_seconds": 0.01667384000029415,
      "restore_seconds": 0.0025500879855826497,
      "file_write_seconds": 0.012192378984764218,
      "operation_seconds": 0.34534421702846885,
      "total_phase_seconds": 0.4756889939890243,
      "scope": "file writes include journal intent/add/flush; excludes this timing receipt and checkpoint writes",
      "mode": "stage4_sealed_cell",
      "banner": "sealed Stage 4; scientific admission also requires complete declared populations"
    },
    {
      "phase": "edit:281",
      "identity_check_kind": "in_memory_structure_and_configuration",
      "recipe_verification_seconds": 0.0,
      "identity_verification_seconds": 0.0,
      "identity_check_seconds": 0.0023321709595620632,
      "state_hash_seconds": 0.08154320804169402,
      "clone_seconds": 0.013491159013938159,
      "restore_seconds": 0.0,
      "file_write_seconds": 0.012193582020699978,
      "operation_seconds": 0.44331098400289193,
      "total_phase_seconds": 0.552961625973694,
      "scope": "file writes include journal intent/add/flush; excludes this timing receipt and checkpoint writes",
      "mode": "stage4_sealed_cell",
      "banner": "sealed Stage 4; scientific admission also requires complete declared populations"
    },
    {
      "phase": "immediate:281",
      "identity_check_kind": "in_memory_structure_and_configuration",
      "recipe_verification_seconds": 0.0,
      "identity_verification_seconds": 0.0,
      "identity_check_seconds": 0.0017976959934458137,
      "state_hash_seconds": 0.0984377499553375,
      "clone_seconds": 0.012040858971886337,
      "restore_seconds": 0.0027342609828338027,
      "file_write_seconds": 0.012281841016374528,
      "operation_seconds": 0.3370810379856266,
      "total_phase_seconds": 0.4645148270064965,
      "scope": "file writes include journal intent/add/flush; excludes this timing receipt and checkpoint writes",
      "mode": "stage4_sealed_cell",
      "banner": "sealed Stage 4; scientific admission also requires complete declared populations"
    },
    {
      "phase": "edit:282",
      "identity_check_kind": "in_memory_structure_and_configuration",
      "recipe_verification_seconds": 0.0,
      "identity_verification_seconds": 0.0,
      "identity_check_seconds": 0.0018048789934255183,
      "state_hash_seconds": 0.08038394496543333,
      "clone_seconds": 0.0121420529903844,
      "restore_seconds": 0.0,
      "file_write_seconds": 0.012179365032352507,
      "operation_seconds": 0.6021670409827493,
      "total_phase_seconds": 0.7087699719704688,
      "scope": "file writes include journal intent/add/flush; excludes this timing receipt and checkpoint writes",
      "mode": "stage4_sealed_cell",
      "banner": "sealed Stage 4; scientific admission also requires complete declared populations"
    },
    {
      "phase": "immediate:282",
      "identity_check_kind": "in_memory_structure_and_configuration",
      "recipe_verification_seconds": 0.0,
      "identity_verification_seconds": 0.0,
      "identity_check_seconds": 0.0019150410080328584,
      "state_hash_seconds": 0.09890981501666829,
      "clone_seconds": 0.012854980013798922,
      "restore_seconds": 0.0026219459832645953,
      "file_write_seconds": 0.012651589000597596,
      "operation_seconds": 0.3856116190436296,
      "total_phase_seconds": 0.5146766940015368,
      "scope": "file writes include journal intent/add/flush; excludes this timing receipt and checkpoint writes",
      "mode": "stage4_sealed_cell",
      "banner": "sealed Stage 4; scientific admission also requires complete declared populations"
    },
    {
      "phase": "edit:283",
      "identity_check_kind": "in_memory_structure_and_configuration",
      "recipe_verification_seconds": 0.0,
      "identity_verification_seconds": 0.0,
      "identity_check_seconds": 0.0017970750341191888,
      "state_hash_seconds": 0.07898380095139146,
      "clone_seconds": 0.1101729329675436,
      "restore_seconds": 0.0,
      "file_write_seconds": 0.012279415968805552,
      "operation_seconds": 0.6098698350251652,
      "total_phase_seconds": 0.813192573026754,
      "scope": "file writes include journal intent/add/flush; excludes this timing receipt and checkpoint writes",
      "mode": "stage4_sealed_cell",
      "banner": "sealed Stage 4; scientific admission also requires complete declared populations"
    },
    {
      "phase": "immediate:283",
      "identity_check_kind": "in_memory_structure_and_configuration",
      "recipe_verification_seconds": 0.0,
      "identity_verification_seconds": 0.0,
      "identity_check_seconds": 0.0017807840486057103,
      "state_hash_seconds": 0.09915108804125339,
      "clone_seconds": 0.010059380962047726,
      "restore_seconds": 0.0026987330056726933,
      "file_write_seconds": 0.012303663010243326,
      "operation_seconds": 0.336925711017102,
      "total_phase_seconds": 0.4630163350375369,
      "scope": "file writes include journal intent/add/flush; excludes this timing receipt and checkpoint writes",
      "mode": "stage4_sealed_cell",
      "banner": "sealed Stage 4; scientific admission also requires complete declared populations"
    },
    {
      "phase": "edit:284",
      "identity_check_kind": "in_memory_structure_and_configuration",
      "recipe_verification_seconds": 0.0,
      "identity_verification_seconds": 0.0,
      "identity_check_seconds": 0.0018866059836000204,
      "state_hash_seconds": 0.07956338301301003,
      "clone_seconds": 0.010812163993250579,
      "restore_seconds": 0.0,
      "file_write_seconds": 0.012299575028009713,
      "operation_seconds": 0.2970041820080951,
      "total_phase_seconds": 0.4016683859517798,
      "scope": "file writes include journal intent/add/flush; excludes this timing receipt and checkpoint writes",
      "mode": "stage4_sealed_cell",
      "banner": "sealed Stage 4; scientific admission also requires complete declared populations"
    },
    {
      "phase": "immediate:284",
      "identity_check_kind": "in_memory_structure_and_configuration",
      "recipe_verification_seconds": 0.0,
      "identity_verification_seconds": 0.0,
      "identity_check_seconds": 0.0017303670174442232,
      "state_hash_seconds": 0.09913718997268006,
      "clone_seconds": 0.010309711971785873,
      "restore_seconds": 0.0036390050081536174,
      "file_write_seconds": 0.012286300014238805,
      "operation_seconds": 0.29109735996462405,
      "total_phase_seconds": 0.41829897300340235,
      "scope": "file writes include journal intent/add/flush; excludes this timing receipt and checkpoint writes",
      "mode": "stage4_sealed_cell",
      "banner": "sealed Stage 4; scientific admission also requires complete declared populations"
    },
    {
      "phase": "edit:285",
      "identity_check_kind": "in_memory_structure_and_configuration",
      "recipe_verification_seconds": 0.0,
      "identity_verification_seconds": 0.0,
      "identity_check_seconds": 0.0019119549542665482,
      "state_hash_seconds": 0.07978319399990141,
      "clone_seconds": 0.010840960021596402,
      "restore_seconds": 0.0,
      "file_write_seconds": 0.01289366401033476,
      "operation_seconds": 0.29478442698018625,
      "total_phase_seconds": 0.40030730701982975,
      "scope": "file writes include journal intent/add/flush; excludes this timing receipt and checkpoint writes",
      "mode": "stage4_sealed_cell",
      "banner": "sealed Stage 4; scientific admission also requires complete declared populations"
    },
    {
      "phase": "immediate:285",
      "identity_check_kind": "in_memory_structure_and_configuration",
      "recipe_verification_seconds": 0.0,
      "identity_verification_seconds": 0.0,
      "identity_check_seconds": 0.0017608749913051724,
      "state_hash_seconds": 0.09434587700525299,
      "clone_seconds": 0.009231904987245798,
      "restore_seconds": 0.0026817810139618814,
      "file_write_seconds": 0.012475852970965207,
      "operation_seconds": 0.2876809810404666,
      "total_phase_seconds": 0.4082776340073906,
      "scope": "file writes include journal intent/add/flush; excludes this timing receipt and checkpoint writes",
      "mode": "stage4_sealed_cell",
      "banner": "sealed Stage 4; scientific admission also requires complete declared populations"
    },
    {
      "phase": "edit:286",
      "identity_check_kind": "in_memory_structure_and_configuration",
      "recipe_verification_seconds": 0.0,
      "identity_verification_seconds": 0.0,
      "identity_check_seconds": 0.0017410269938409328,
      "state_hash_seconds": 0.07824528694618493,
      "clone_seconds": 0.015068551991134882,
      "restore_seconds": 0.0,
      "file_write_seconds": 0.012274656968656927,
      "operation_seconds": 0.7265426969970576,
      "total_phase_seconds": 0.8339655289892107,
      "scope": "file writes include journal intent/add/flush; excludes this timing receipt and checkpoint writes",
      "mode": "stage4_sealed_cell",
      "banner": "sealed Stage 4; scientific admission also requires complete declared populations"
    },
    {
      "phase": "immediate:286",
      "identity_check_kind": "in_memory_structure_and_configuration",
      "recipe_verification_seconds": 0.0,
      "identity_verification_seconds": 0.0,
      "identity_check_seconds": 0.0017202070448547602,
      "state_hash_seconds": 0.18700406909920275,
      "clone_seconds": 0.010612973012030125,
      "restore_seconds": 0.002500572009012103,
      "file_write_seconds": 0.012341465975623578,
      "operation_seconds": 0.4278985530254431,
      "total_phase_seconds": 0.6421772710164078,
      "scope": "file writes include journal intent/add/flush; excludes this timing receipt and checkpoint writes",
      "mode": "stage4_sealed_cell",
      "banner": "sealed Stage 4; scientific admission also requires complete declared populations"
    },
    {
      "phase": "edit:287",
      "identity_check_kind": "in_memory_structure_and_configuration",
      "recipe_verification_seconds": 0.0,
      "identity_verification_seconds": 0.0,
      "identity_check_seconds": 0.0022457350278273225,
      "state_hash_seconds": 0.07973852887516841,
      "clone_seconds": 0.013174020976293832,
      "restore_seconds": 0.0,
      "file_write_seconds": 0.01233841897919774,
      "operation_seconds": 1.1707992250449024,
      "total_phase_seconds": 1.2783891769940965,
      "scope": "file writes include journal intent/add/flush; excludes this timing receipt and checkpoint writes",
      "mode": "stage4_sealed_cell",
      "banner": "sealed Stage 4; scientific admission also requires complete declared populations"
    },
    {
      "phase": "immediate:287",
      "identity_check_kind": "in_memory_structure_and_configuration",
      "recipe_verification_seconds": 0.0,
      "identity_verification_seconds": 0.0,
      "identity_check_seconds": 0.001928265963215381,
      "state_hash_seconds": 0.09797321993391961,
      "clone_seconds": 0.013111440988723189,
      "restore_seconds": 0.0026007649721577764,
      "file_write_seconds": 0.01236624299781397,
      "operation_seconds": 0.573535521980375,
      "total_phase_seconds": 0.7016198570490815,
      "scope": "file writes include journal intent/add/flush; excludes this timing receipt and checkpoint writes",
      "mode": "stage4_sealed_cell",
      "banner": "sealed Stage 4; scientific admission also requires complete declared populations"
    },
    {
      "phase": "edit:288",
      "identity_check_kind": "in_memory_structure_and_configuration",
      "recipe_verification_seconds": 0.0,
      "identity_verification_seconds": 0.0,
      "identity_check_seconds": 0.0019933709409087896,
      "state_hash_seconds": 0.07807437796145678,
      "clone_seconds": 0.011684236000292003,
      "restore_seconds": 0.0,
      "file_write_seconds": 0.012269898958038539,
      "operation_seconds": 0.5875472080078907,
      "total_phase_seconds": 0.6916640849667601,
      "scope": "file writes include journal intent/add/flush; excludes this timing receipt and checkpoint writes",
      "mode": "stage4_sealed_cell",
      "banner": "sealed Stage 4; scientific admission also requires complete declared populations"
    },
    {
      "phase": "immediate:288",
      "identity_check_kind": "in_memory_structure_and_configuration",
      "recipe_verification_seconds": 0.0,
      "identity_verification_seconds": 0.0,
      "identity_check_seconds": 0.00176781794289127,
      "state_hash_seconds": 0.09845126705477014,
      "clone_seconds": 0.009687227953691036,
      "restore_seconds": 0.0027087119524367154,
      "file_write_seconds": 0.0014080289984121919,
      "operation_seconds": 0.3850279310136102,
      "total_phase_seconds": 0.49917352898046374,
      "scope": "file writes include journal intent/add/flush; excludes this timing receipt and checkpoint writes",
      "mode": "stage4_sealed_cell",
      "banner": "sealed Stage 4; scientific admission also requires complete declared populations"
    },
    {
      "phase": "edit:289",
      "identity_check_kind": "in_memory_structure_and_configuration",
      "recipe_verification_seconds": 0.0,
      "identity_verification_seconds": 0.0,
      "identity_check_seconds": 0.001756246027071029,
      "state_hash_seconds": 0.079888396023307,
      "clone_seconds": 0.012164435000158846,
      "restore_seconds": 0.0,
      "file_write_seconds": 0.012125020963139832,
      "operation_seconds": 1.3667376280063763,
      "total_phase_seconds": 1.4727606069645844,
      "scope": "file writes include journal intent/add/flush; excludes this timing receipt and checkpoint writes",
      "mode": "stage4_sealed_cell",
      "banner": "sealed Stage 4; scientific admission also requires complete declared populations"
    },
    {
      "phase": "immediate:289",
      "identity_check_kind": "in_memory_structure_and_configuration",
      "recipe_verification_seconds": 0.0,
      "identity_verification_seconds": 0.0,
      "identity_check_seconds": 0.0017542529967613518,
      "state_hash_seconds": 0.09691199503140524,
      "clone_seconds": 0.01345111196860671,
      "restore_seconds": 0.002897865022532642,
      "file_write_seconds": 0.012169455003459007,
      "operation_seconds": 0.5696401050081477,
      "total_phase_seconds": 0.6969249279936776,
      "scope": "file writes include journal intent/add/flush; excludes this timing receipt and checkpoint writes",
      "mode": "stage4_sealed_cell",
      "banner": "sealed Stage 4; scientific admission also requires complete declared populations"
    },
    {
      "phase": "edit:290",
      "identity_check_kind": "in_memory_structure_and_configuration",
      "recipe_verification_seconds": 0.0,
      "identity_verification_seconds": 0.0,
      "identity_check_seconds": 0.0017789500416256487,
      "state_hash_seconds": 0.07959372102050111,
      "clone_seconds": 0.010745034960564226,
      "restore_seconds": 0.0,
      "file_write_seconds": 0.0012560880277305841,
      "operation_seconds": 1.2695815250044689,
      "total_phase_seconds": 1.3630451309727505,
      "scope": "file writes include journal intent/add/flush; excludes this timing receipt and checkpoint writes",
      "mode": "stage4_sealed_cell",
      "banner": "sealed Stage 4; scientific admission also requires complete declared populations"
    },
    {
      "phase": "immediate:290",
      "identity_check_kind": "in_memory_structure_and_configuration",
      "recipe_verification_seconds": 0.0,
      "identity_verification_seconds": 0.0,
      "identity_check_seconds": 0.0017701120232231915,
      "state_hash_seconds": 0.09721139806788415,
      "clone_seconds": 0.011082402023021132,
      "restore_seconds": 0.0027666730456985533,
      "file_write_seconds": 0.012222566991113126,
      "operation_seconds": 0.5262832810403779,
      "total_phase_seconds": 0.6514317490509711,
      "scope": "file writes include journal intent/add/flush; excludes this timing receipt and checkpoint writes",
      "mode": "stage4_sealed_cell",
      "banner": "sealed Stage 4; scientific admission also requires complete declared populations"
    },
    {
      "phase": "edit:291",
      "identity_check_kind": "in_memory_structure_and_configuration",
      "recipe_verification_seconds": 0.0,
      "identity_verification_seconds": 0.0,
      "identity_check_seconds": 0.0020201519364491105,
      "state_hash_seconds": 0.08086665003793314,
      "clone_seconds": 0.018021091993432492,
      "restore_seconds": 0.0,
      "file_write_seconds": 0.012249569001141936,
      "operation_seconds": 0.9056605809601024,
      "total_phase_seconds": 1.018909148988314,
      "scope": "file writes include journal intent/add/flush; excludes this timing receipt and checkpoint writes",
      "mode": "stage4_sealed_cell",
      "banner": "sealed Stage 4; scientific admission also requires complete declared populations"
    },
    {
      "phase": "immediate:291",
      "identity_check_kind": "in_memory_structure_and_configuration",
      "recipe_verification_seconds": 0.0,
      "identity_verification_seconds": 0.0,
      "identity_check_seconds": 0.0018475099932402372,
      "state_hash_seconds": 0.09743856400018558,
      "clone_seconds": 0.011883358005434275,
      "restore_seconds": 0.0032877519843168557,
      "file_write_seconds": 0.01227183302398771,
      "operation_seconds": 0.42873564799083397,
      "total_phase_seconds": 0.5555768400081433,
      "scope": "file writes include journal intent/add/flush; excludes this timing receipt and checkpoint writes",
      "mode": "stage4_sealed_cell",
      "banner": "sealed Stage 4; scientific admission also requires complete declared populations"
    },
    {
      "phase": "edit:292",
      "identity_check_kind": "in_memory_structure_and_configuration",
      "recipe_verification_seconds": 0.0,
      "identity_verification_seconds": 0.0,
      "identity_check_seconds": 0.0017502940027043223,
      "state_hash_seconds": 0.07794376800302416,
      "clone_seconds": 0.014704135013744235,
      "restore_seconds": 0.0,
      "file_write_seconds": 0.012250921980012208,
      "operation_seconds": 0.2899848369997926,
      "total_phase_seconds": 0.39672269695438445,
      "scope": "file writes include journal intent/add/flush; excludes this timing receipt and checkpoint writes",
      "mode": "stage4_sealed_cell",
      "banner": "sealed Stage 4; scientific admission also requires complete declared populations"
    },
    {
      "phase": "immediate:292",
      "identity_check_kind": "in_memory_structure_and_configuration",
      "recipe_verification_seconds": 0.0,
      "identity_verification_seconds": 0.0,
      "identity_check_seconds": 0.0017422600067220628,
      "state_hash_seconds": 0.09680370788555592,
      "clone_seconds": 0.010086853988468647,
      "restore_seconds": 0.002576669037807733,
      "file_write_seconds": 0.012325895018875599,
      "operation_seconds": 0.2915621400461532,
      "total_phase_seconds": 0.4151998520246707,
      "scope": "file writes include journal intent/add/flush; excludes this timing receipt and checkpoint writes",
      "mode": "stage4_sealed_cell",
      "banner": "sealed Stage 4; scientific admission also requires complete declared populations"
    },
    {
      "phase": "edit:293",
      "identity_check_kind": "in_memory_structure_and_configuration",
      "recipe_verification_seconds": 0.0,
      "identity_verification_seconds": 0.0,
      "identity_check_seconds": 0.0020266049541532993,
      "state_hash_seconds": 0.08004035596968606,
      "clone_seconds": 0.013185804011300206,
      "restore_seconds": 0.0,
      "file_write_seconds": 0.012243397999554873,
      "operation_seconds": 0.2982741660089232,
      "total_phase_seconds": 0.4058737169834785,
      "scope": "file writes include journal intent/add/flush; excludes this timing receipt and checkpoint writes",
      "mode": "stage4_sealed_cell",
      "banner": "sealed Stage 4; scientific admission also requires complete declared populations"
    },
    {
      "phase": "immediate:293",
      "identity_check_kind": "in_memory_structure_and_configuration",
      "recipe_verification_seconds": 0.0,
      "identity_verification_seconds": 0.0,
      "identity_check_seconds": 0.0018953229300677776,
      "state_hash_seconds": 0.09961906395619735,
      "clone_seconds": 0.01091160497162491,
      "restore_seconds": 0.002924936998169869,
      "file_write_seconds": 0.012311158003285527,
      "operation_seconds": 0.28930628596572205,
      "total_phase_seconds": 0.4170779419946484,
      "scope": "file writes include journal intent/add/flush; excludes this timing receipt and checkpoint writes",
      "mode": "stage4_sealed_cell",
      "banner": "sealed Stage 4; scientific admission also requires complete declared populations"
    },
    {
      "phase": "edit:294",
      "identity_check_kind": "in_memory_structure_and_configuration",
      "recipe_verification_seconds": 0.0,
      "identity_verification_seconds": 0.0,
      "identity_check_seconds": 0.0018332839827053249,
      "state_hash_seconds": 0.08073548803804442,
      "clone_seconds": 0.010734656010754406,
      "restore_seconds": 0.0,
      "file_write_seconds": 0.012271991989109665,
      "operation_seconds": 0.30270028999075294,
      "total_phase_seconds": 0.40836909995414317,
      "scope": "file writes include journal intent/add/flush; excludes this timing receipt and checkpoint writes",
      "mode": "stage4_sealed_cell",
      "banner": "sealed Stage 4; scientific admission also requires complete declared populations"
    },
    {
      "phase": "immediate:294",
      "identity_check_kind": "in_memory_structure_and_configuration",
      "recipe_verification_seconds": 0.0,
      "identity_verification_seconds": 0.0,
      "identity_check_seconds": 0.0018093869439326227,
      "state_hash_seconds": 0.09678368893219158,
      "clone_seconds": 0.09538381604943424,
      "restore_seconds": 0.0027233900036662817,
      "file_write_seconds": 0.012339490989688784,
      "operation_seconds": 0.33283106301678345,
      "total_phase_seconds": 0.5419704000232741,
      "scope": "file writes include journal intent/add/flush; excludes this timing receipt and checkpoint writes",
      "mode": "stage4_sealed_cell",
      "banner": "sealed Stage 4; scientific admission also requires complete declared populations"
    },
    {
      "phase": "edit:295",
      "identity_check_kind": "in_memory_structure_and_configuration",
      "recipe_verification_seconds": 0.0,
      "identity_verification_seconds": 0.0,
      "identity_check_seconds": 0.0017741610063239932,
      "state_hash_seconds": 0.07913860795088112,
      "clone_seconds": 0.011943342979066074,
      "restore_seconds": 0.0,
      "file_write_seconds": 0.012201456993352622,
      "operation_seconds": 0.28935455897590145,
      "total_phase_seconds": 0.3944968600408174,
      "scope": "file writes include journal intent/add/flush; excludes this timing receipt and checkpoint writes",
      "mode": "stage4_sealed_cell",
      "banner": "sealed Stage 4; scientific admission also requires complete declared populations"
    },
    {
      "phase": "immediate:295",
      "identity_check_kind": "in_memory_structure_and_configuration",
      "recipe_verification_seconds": 0.0,
      "identity_verification_seconds": 0.0,
      "identity_check_seconds": 0.0017395040486007929,
      "state_hash_seconds": 0.09757322497898713,
      "clone_seconds": 0.019176136003807187,
      "restore_seconds": 0.0026589660556055605,
      "file_write_seconds": 0.01251773297553882,
      "operation_seconds": 0.28872278798371553,
      "total_phase_seconds": 0.4224853769992478,
      "scope": "file writes include journal intent/add/flush; excludes this timing receipt and checkpoint writes",
      "mode": "stage4_sealed_cell",
      "banner": "sealed Stage 4; scientific admission also requires complete declared populations"
    },
    {
      "phase": "edit:296",
      "identity_check_kind": "in_memory_structure_and_configuration",
      "recipe_verification_seconds": 0.0,
      "identity_verification_seconds": 0.0,
      "identity_check_seconds": 0.0017775569576770067,
      "state_hash_seconds": 0.0787789580062963,
      "clone_seconds": 0.012925455055665225,
      "restore_seconds": 0.0,
      "file_write_seconds": 0.01215793302981183,
      "operation_seconds": 0.9095234150299802,
      "total_phase_seconds": 1.0152539029950276,
      "scope": "file writes include journal intent/add/flush; excludes this timing receipt and checkpoint writes",
      "mode": "stage4_sealed_cell",
      "banner": "sealed Stage 4; scientific admission also requires complete declared populations"
    },
    {
      "phase": "immediate:296",
      "identity_check_kind": "in_memory_structure_and_configuration",
      "recipe_verification_seconds": 0.0,
      "identity_verification_seconds": 0.0,
      "identity_check_seconds": 0.001817493000999093,
      "state_hash_seconds": 0.1008373080403544,
      "clone_seconds": 0.010836570989340544,
      "restore_seconds": 0.0027290410362184048,
      "file_write_seconds": 0.012156941986177117,
      "operation_seconds": 0.526213546982035,
      "total_phase_seconds": 0.6546929799951613,
      "scope": "file writes include journal intent/add/flush; excludes this timing receipt and checkpoint writes",
      "mode": "stage4_sealed_cell",
      "banner": "sealed Stage 4; scientific admission also requires complete declared populations"
    },
    {
      "phase": "edit:297",
      "identity_check_kind": "in_memory_structure_and_configuration",
      "recipe_verification_seconds": 0.0,
      "identity_verification_seconds": 0.0,
      "identity_check_seconds": 0.0017774070147424936,
      "state_hash_seconds": 0.07856770401122048,
      "clone_seconds": 0.0159702209639363,
      "restore_seconds": 0.0,
      "file_write_seconds": 0.01220731798093766,
      "operation_seconds": 0.2896037470200099,
      "total_phase_seconds": 0.39821581804426387,
      "scope": "file writes include journal intent/add/flush; excludes this timing receipt and checkpoint writes",
      "mode": "stage4_sealed_cell",
      "banner": "sealed Stage 4; scientific admission also requires complete declared populations"
    },
    {
      "phase": "immediate:297",
      "identity_check_kind": "in_memory_structure_and_configuration",
      "recipe_verification_seconds": 0.0,
      "identity_verification_seconds": 0.0,
      "identity_check_seconds": 0.0017692620167508721,
      "state_hash_seconds": 0.09549727506237105,
      "clone_seconds": 0.016412849014159292,
      "restore_seconds": 0.0025178460055030882,
      "file_write_seconds": 0.012131972995121032,
      "operation_seconds": 0.29237311496399343,
      "total_phase_seconds": 0.42080120800528675,
      "scope": "file writes include journal intent/add/flush; excludes this timing receipt and checkpoint writes",
      "mode": "stage4_sealed_cell",
      "banner": "sealed Stage 4; scientific admission also requires complete declared populations"
    },
    {
      "phase": "edit:298",
      "identity_check_kind": "in_memory_structure_and_configuration",
      "recipe_verification_seconds": 0.0,
      "identity_verification_seconds": 0.0,
      "identity_check_seconds": 0.0017590110073797405,
      "state_hash_seconds": 0.1707310369820334,
      "clone_seconds": 0.012693190015852451,
      "restore_seconds": 0.0,
      "file_write_seconds": 0.01217057800386101,
      "operation_seconds": 0.44412044604541734,
      "total_phase_seconds": 0.6415637049940415,
      "scope": "file writes include journal intent/add/flush; excludes this timing receipt and checkpoint writes",
      "mode": "stage4_sealed_cell",
      "banner": "sealed Stage 4; scientific admission also requires complete declared populations"
    },
    {
      "phase": "immediate:298",
      "identity_check_kind": "in_memory_structure_and_configuration",
      "recipe_verification_seconds": 0.0,
      "identity_verification_seconds": 0.0,
      "identity_check_seconds": 0.0017647629720158875,
      "state_hash_seconds": 0.09523576201172546,
      "clone_seconds": 0.010367441980633885,
      "restore_seconds": 0.0025568309938535094,
      "file_write_seconds": 0.01212397898780182,
      "operation_seconds": 0.33579906198428944,
      "total_phase_seconds": 0.45794497401220724,
      "scope": "file writes include journal intent/add/flush; excludes this timing receipt and checkpoint writes",
      "mode": "stage4_sealed_cell",
      "banner": "sealed Stage 4; scientific admission also requires complete declared populations"
    },
    {
      "phase": "edit:299",
      "identity_check_kind": "in_memory_structure_and_configuration",
      "recipe_verification_seconds": 0.0,
      "identity_verification_seconds": 0.0,
      "identity_check_seconds": 0.0018493160023353994,
      "state_hash_seconds": 0.08208460599416867,
      "clone_seconds": 0.01733257301384583,
      "restore_seconds": 0.0,
      "file_write_seconds": 0.012245590973179787,
      "operation_seconds": 0.29635040898574516,
      "total_phase_seconds": 0.409953937982209,
      "scope": "file writes include journal intent/add/flush; excludes this timing receipt and checkpoint writes",
      "mode": "stage4_sealed_cell",
      "banner": "sealed Stage 4; scientific admission also requires complete declared populations"
    },
    {
      "phase": "immediate:299",
      "identity_check_kind": "in_memory_structure_and_configuration",
      "recipe_verification_seconds": 0.0,
      "identity_verification_seconds": 0.0,
      "identity_check_seconds": 0.0018020349671132863,
      "state_hash_seconds": 0.09724577597808093,
      "clone_seconds": 0.011365343991201371,
      "restore_seconds": 0.002836677012965083,
      "file_write_seconds": 0.012244731013197452,
      "operation_seconds": 0.2940882520051673,
      "total_phase_seconds": 0.41969050001353025,
      "scope": "file writes include journal intent/add/flush; excludes this timing receipt and checkpoint writes",
      "mode": "stage4_sealed_cell",
      "banner": "sealed Stage 4; scientific admission also requires complete declared populations"
    },
    {
      "phase": "edit:300",
      "identity_check_kind": "in_memory_structure_and_configuration",
      "recipe_verification_seconds": 0.0,
      "identity_verification_seconds": 0.0,
      "identity_check_seconds": 0.001776204037014395,
      "state_hash_seconds": 0.07948203705018386,
      "clone_seconds": 0.009854108036961406,
      "restore_seconds": 0.0,
      "file_write_seconds": 0.012257204041816294,
      "operation_seconds": 0.45573715202044696,
      "total_phase_seconds": 0.5591926400084049,
      "scope": "file writes include journal intent/add/flush; excludes this timing receipt and checkpoint writes",
      "mode": "stage4_sealed_cell",
      "banner": "sealed Stage 4; scientific admission also requires complete declared populations"
    },
    {
      "phase": "immediate:300",
      "identity_check_kind": "in_memory_structure_and_configuration",
      "recipe_verification_seconds": 0.0,
      "identity_verification_seconds": 0.0,
      "identity_check_seconds": 0.001832621986977756,
      "state_hash_seconds": 0.09980744495987892,
      "clone_seconds": 0.010506668011657894,
      "restore_seconds": 0.002787422970868647,
      "file_write_seconds": 0.01235795795219019,
      "operation_seconds": 0.3359789759851992,
      "total_phase_seconds": 0.4633700620033778,
      "scope": "file writes include journal intent/add/flush; excludes this timing receipt and checkpoint writes",
      "mode": "stage4_sealed_cell",
      "banner": "sealed Stage 4; scientific admission also requires complete declared populations"
    },
    {
      "phase": "retention:300",
      "identity_check_kind": "in_memory_structure_and_configuration",
      "recipe_verification_seconds": 0.0,
      "identity_verification_seconds": 0.0,
      "identity_check_seconds": 0.0017739809700287879,
      "state_hash_seconds": 0.09806948696495965,
      "clone_seconds": 0.011534188000950962,
      "restore_seconds": 0.003033738990779966,
      "file_write_seconds": 0.05362023500492796,
      "operation_seconds": 112.02600500703556,
      "total_phase_seconds": 112.19970519799972,
      "scope": "file writes include journal intent/add/flush; excludes this timing receipt and checkpoint writes",
      "mode": "stage4_sealed_cell",
      "banner": "sealed Stage 4; scientific admission also requires complete declared populations"
    },
    {
      "phase": "locality:300",
      "identity_check_kind": "in_memory_structure_and_configuration",
      "recipe_verification_seconds": 0.0,
      "identity_verification_seconds": 0.0,
      "identity_check_seconds": 0.0017237549764104187,
      "state_hash_seconds": 0.1007253429852426,
      "clone_seconds": 0.021826851007062942,
      "restore_seconds": 0.0027772070025093853,
      "file_write_seconds": 0.04839628597255796,
      "operation_seconds": 61.85247311700368,
      "total_phase_seconds": 62.029178158030845,
      "scope": "file writes include journal intent/add/flush; excludes this timing receipt and checkpoint writes",
      "mode": "stage4_sealed_cell",
      "banner": "sealed Stage 4; scientific admission also requires complete declared populations"
    },
    {
      "phase": "unseen:300",
      "identity_check_kind": "in_memory_structure_and_configuration",
      "recipe_verification_seconds": 0.0,
      "identity_verification_seconds": 0.0,
      "identity_check_seconds": 0.0017495259526185691,
      "state_hash_seconds": 0.09535880398470908,
      "clone_seconds": 0.021674317016731948,
      "restore_seconds": 0.0026980050024576485,
      "file_write_seconds": 0.04947496502427384,
      "operation_seconds": 166.6705086849979,
      "total_phase_seconds": 166.84348860103637,
      "scope": "file writes include journal intent/add/flush; excludes this timing receipt and checkpoint writes",
      "mode": "stage4_sealed_cell",
      "banner": "sealed Stage 4; scientific admission also requires complete declared populations"
    },
    {
      "phase": "near_miss:300",
      "identity_check_kind": "in_memory_structure_and_configuration",
      "recipe_verification_seconds": 0.0,
      "identity_verification_seconds": 0.0,
      "identity_check_seconds": 0.0018067339551635087,
      "state_hash_seconds": 0.1918922780896537,
      "clone_seconds": 0.010851872037164867,
      "restore_seconds": 0.0026231409865431488,
      "file_write_seconds": 0.051725952012930065,
      "operation_seconds": 256.2452009060071,
      "total_phase_seconds": 256.50820419203956,
      "scope": "file writes include journal intent/add/flush; excludes this timing receipt and checkpoint writes",
      "mode": "stage4_sealed_cell",
      "banner": "sealed Stage 4; scientific admission also requires complete declared populations"
    },
    {
      "phase": "revision:300",
      "identity_check_kind": "in_memory_structure_and_configuration",
      "recipe_verification_seconds": 0.0,
      "identity_verification_seconds": 0.0,
      "identity_check_seconds": 0.0017894920310936868,
      "state_hash_seconds": 0.09765775210689753,
      "clone_seconds": 0.012199705990497023,
      "restore_seconds": 0.002872048004064709,
      "file_write_seconds": 0.04996773001039401,
      "operation_seconds": 109.07905696198577,
      "total_phase_seconds": 109.24616146000335,
      "scope": "file writes include journal intent/add/flush; excludes this timing receipt and checkpoint writes",
      "mode": "stage4_sealed_cell",
      "banner": "sealed Stage 4; scientific admission also requires complete declared populations"
    },
    {
      "phase": "composition:300",
      "identity_check_kind": "in_memory_structure_and_configuration",
      "recipe_verification_seconds": 0.0,
      "identity_verification_seconds": 0.0,
      "identity_check_seconds": 0.0018153120181523263,
      "state_hash_seconds": 0.09792616608319804,
      "clone_seconds": 0.010117303987499326,
      "restore_seconds": 0.002700518991332501,
      "file_write_seconds": 0.019050817005336285,
      "operation_seconds": 147.5025249469909,
      "total_phase_seconds": 147.6400499069714,
      "scope": "file writes include journal intent/add/flush; excludes this timing receipt and checkpoint writes",
      "mode": "stage4_sealed_cell",
      "banner": "sealed Stage 4; scientific admission also requires complete declared populations"
    },
    {
      "phase": "drift:300",
      "identity_check_kind": "in_memory_structure_and_configuration",
      "recipe_verification_seconds": 0.0,
      "identity_verification_seconds": 0.0,
      "identity_check_seconds": 0.0018328959704376757,
      "state_hash_seconds": 0.09930402797181159,
      "clone_seconds": 0.009085063997190446,
      "restore_seconds": 0.0034298879909329116,
      "file_write_seconds": 0.16931641101837158,
      "operation_seconds": 84.98314202198526,
      "total_phase_seconds": 85.51640831900295,
      "scope": "file writes include journal intent/add/flush; excludes this timing receipt and checkpoint writes",
      "mode": "stage4_sealed_cell",
      "banner": "sealed Stage 4; scientific admission also requires complete declared populations"
    },
    {
      "phase": "full_validation:300",
      "identity_check_kind": "in_memory_structure_and_configuration",
      "recipe_verification_seconds": 0.0,
      "identity_verification_seconds": 0.0,
      "identity_check_seconds": 0.0017514280043542385,
      "state_hash_seconds": 0.09744783997302875,
      "clone_seconds": 0.00993550504790619,
      "restore_seconds": 0.0032219970016740263,
      "file_write_seconds": 0.0012218219926580787,
      "operation_seconds": 1372.3962588370196,
      "total_phase_seconds": 1372.516036055982,
      "scope": "file writes include journal intent/add/flush; excludes this timing receipt and checkpoint writes",
      "mode": "stage4_sealed_cell",
      "banner": "sealed Stage 4; scientific admission also requires complete declared populations"
    }
  ],
  "boundary_identity_checks": [
    {
      "boundary": "attempt_start",
      "kind": "full_recipe_and_adapter_rehash",
      "seconds": 1.1179942300077528
    },
    {
      "boundary": "checkpoint:100",
      "kind": "full_recipe_and_adapter_rehash",
      "seconds": 1.1008757689851336
    },
    {
      "boundary": "checkpoint:300",
      "kind": "full_recipe_and_adapter_rehash",
      "seconds": 1.1017694890033454
    },
    {
      "boundary": "completion",
      "kind": "full_recipe_and_adapter_rehash",
      "seconds": 1.105238929972984
    }
  ],
  "boundary_identity_seconds": 4.425878417969216,
  "identity_policy": "full rehash at attempt start, resume after restore, every checkpoint before receipt, and completion; cheap immutable memory check each phase",
  "mode": "stage4_sealed_cell"
}
