{
  "status": "complete",
  "completed_checkpoint": 300,
  "cell": {
    "condition": "R1_learned_ff",
    "dataset": "mquake",
    "order": 102,
    "realization": 1
  },
  "run_dir": "/home/derp/cap/pc_cap/results/R1/stage4_sealed_cells/R1_learned_ff-mquake-1-102-5be6e9247bb2d3f89b01",
  "attempt_dir": "/home/derp/cap/pc_cap/results/R1/stage4_sealed_cells/R1_learned_ff-mquake-1-102-5be6e9247bb2d3f89b01/attempt-0000",
  "last_receipt_sha256": "8ef1b4dd181973ad0c5135eaaf56ca58b6ee1cc3d97b18c91389edb8cac78403",
  "banner": "sealed Stage 4; scientific admission also requires complete declared populations",
  "manifest_sha256": "06eb90b9844ee1bef29a82fdcf5484a06af913f8b9da44b08089f6497878b9a2",
  "integrity_profile": "incremental",
  "phase_timer_summary": {
    "edit": {
      "count": 300,
      "errors": 0,
      "wall_seconds": 49.07609125319868,
      "operation_seconds": 48.30034996831091
    },
    "immediate": {
      "count": 300,
      "errors": 0,
      "wall_seconds": 23.728189337882213,
      "operation_seconds": 19.579240729217418
    },
    "retention": {
      "count": 2,
      "errors": 0,
      "wall_seconds": 34.23345371801406,
      "operation_seconds": 34.18732471007388
    },
    "locality": {
      "count": 2,
      "errors": 0,
      "wall_seconds": 16.480946907016914,
      "operation_seconds": 16.44135377294151
    },
    "unseen": {
      "count": 2,
      "errors": 0,
      "wall_seconds": 122.43145278299926,
      "operation_seconds": 122.39194467198104
    },
    "drift": {
      "count": 2,
      "errors": 0,
      "wall_seconds": 156.75473354401765,
      "operation_seconds": 156.43734634196153
    },
    "near_miss": {
      "count": 1,
      "errors": 0,
      "wall_seconds": 80.85426706599537,
      "operation_seconds": 80.80176983296406
    },
    "revision": {
      "count": 1,
      "errors": 0,
      "wall_seconds": 43.91528007702436,
      "operation_seconds": 43.86178919998929
    },
    "composition": {
      "count": 1,
      "errors": 0,
      "wall_seconds": 56.31638728402322,
      "operation_seconds": 56.26057797501562
    },
    "full_validation": {
      "count": 1,
      "errors": 0,
      "wall_seconds": 1517.486874040973,
      "operation_seconds": 1517.4571423750021
    }
  },
  "phase_timer_scope": "this attempt, verification/clone/operation/restore; excludes phase-file writes and admission/resume",
  "attempt_wall_seconds": 2109.8528814860038,
  "prior_attempt_timer_summary": {},
  "detailed_phase_timers": [
    {
      "phase": "edit:1",
      "identity_check_kind": "in_memory_structure_and_configuration",
      "recipe_verification_seconds": 0.0,
      "identity_verification_seconds": 0.0,
      "identity_check_seconds": 0.002012467011809349,
      "state_hash_seconds": 4.959403304383159e-05,
      "clone_seconds": 0.0,
      "restore_seconds": 0.0,
      "file_write_seconds": 0.0011390530271455646,
      "operation_seconds": 4.264916001004167,
      "total_phase_seconds": 4.268198019999545,
      "scope": "file writes include journal intent/add/flush; excludes this timing receipt and checkpoint writes",
      "mode": "stage4_sealed_cell",
      "banner": "sealed Stage 4; scientific admission also requires complete declared populations"
    },
    {
      "phase": "immediate:1",
      "identity_check_kind": "in_memory_structure_and_configuration",
      "recipe_verification_seconds": 0.0,
      "identity_verification_seconds": 0.0,
      "identity_check_seconds": 0.002543906040955335,
      "state_hash_seconds": 0.00038731296081095934,
      "clone_seconds": 0.0,
      "restore_seconds": 0.0,
      "file_write_seconds": 5.947396857663989e-05,
      "operation_seconds": 0.5541032660403289,
      "total_phase_seconds": 0.5571786690270528,
      "scope": "file writes include journal intent/add/flush; excludes this timing receipt and checkpoint writes",
      "mode": "stage4_sealed_cell",
      "banner": "sealed Stage 4; scientific admission also requires complete declared populations"
    },
    {
      "phase": "edit:2",
      "identity_check_kind": "in_memory_structure_and_configuration",
      "recipe_verification_seconds": 0.0,
      "identity_verification_seconds": 0.0,
      "identity_check_seconds": 0.002105715044308454,
      "state_hash_seconds": 6.0545047745108604e-05,
      "clone_seconds": 0.0,
      "restore_seconds": 0.0,
      "file_write_seconds": 6.0134974773973227e-05,
      "operation_seconds": 0.12606316100573167,
      "total_phase_seconds": 0.12835309002548456,
      "scope": "file writes include journal intent/add/flush; excludes this timing receipt and checkpoint writes",
      "mode": "stage4_sealed_cell",
      "banner": "sealed Stage 4; scientific admission also requires complete declared populations"
    },
    {
      "phase": "immediate:2",
      "identity_check_kind": "in_memory_structure_and_configuration",
      "recipe_verification_seconds": 0.0,
      "identity_verification_seconds": 0.0,
      "identity_check_seconds": 0.0023238330031745136,
      "state_hash_seconds": 0.0004932640586048365,
      "clone_seconds": 0.0,
      "restore_seconds": 0.0,
      "file_write_seconds": 6.191799184307456e-05,
      "operation_seconds": 0.03741571097634733,
      "total_phase_seconds": 0.04037731699645519,
      "scope": "file writes include journal intent/add/flush; excludes this timing receipt and checkpoint writes",
      "mode": "stage4_sealed_cell",
      "banner": "sealed Stage 4; scientific admission also requires complete declared populations"
    },
    {
      "phase": "edit:3",
      "identity_check_kind": "in_memory_structure_and_configuration",
      "recipe_verification_seconds": 0.0,
      "identity_verification_seconds": 0.0,
      "identity_check_seconds": 0.0019743930315598845,
      "state_hash_seconds": 5.318201147019863e-05,
      "clone_seconds": 0.0,
      "restore_seconds": 0.0,
      "file_write_seconds": 5.82720385864377e-05,
      "operation_seconds": 0.2189773670397699,
      "total_phase_seconds": 0.22112137597287074,
      "scope": "file writes include journal intent/add/flush; excludes this timing receipt and checkpoint writes",
      "mode": "stage4_sealed_cell",
      "banner": "sealed Stage 4; scientific admission also requires complete declared populations"
    },
    {
      "phase": "immediate:3",
      "identity_check_kind": "in_memory_structure_and_configuration",
      "recipe_verification_seconds": 0.0,
      "identity_verification_seconds": 0.0,
      "identity_check_seconds": 0.002001676009967923,
      "state_hash_seconds": 0.0004879250191152096,
      "clone_seconds": 0.0,
      "restore_seconds": 0.0,
      "file_write_seconds": 5.864299600943923e-05,
      "operation_seconds": 0.03160818200558424,
      "total_phase_seconds": 0.03423612896585837,
      "scope": "file writes include journal intent/add/flush; excludes this timing receipt and checkpoint writes",
      "mode": "stage4_sealed_cell",
      "banner": "sealed Stage 4; scientific admission also requires complete declared populations"
    },
    {
      "phase": "edit:4",
      "identity_check_kind": "in_memory_structure_and_configuration",
      "recipe_verification_seconds": 0.0,
      "identity_verification_seconds": 0.0,
      "identity_check_seconds": 0.0021946559427306056,
      "state_hash_seconds": 6.523594493046403e-05,
      "clone_seconds": 0.0,
      "restore_seconds": 0.0,
      "file_write_seconds": 5.947396857663989e-05,
      "operation_seconds": 0.6208833399577998,
      "total_phase_seconds": 0.6232638820074499,
      "scope": "file writes include journal intent/add/flush; excludes this timing receipt and checkpoint writes",
      "mode": "stage4_sealed_cell",
      "banner": "sealed Stage 4; scientific admission also requires complete declared populations"
    },
    {
      "phase": "immediate:4",
      "identity_check_kind": "in_memory_structure_and_configuration",
      "recipe_verification_seconds": 0.0,
      "identity_verification_seconds": 0.0,
      "identity_check_seconds": 0.001992799050640315,
      "state_hash_seconds": 0.0005714960279874504,
      "clone_seconds": 0.0,
      "restore_seconds": 0.0,
      "file_write_seconds": 5.5635988246649504e-05,
      "operation_seconds": 0.03235540399327874,
      "total_phase_seconds": 0.03504559997236356,
      "scope": "file writes include journal intent/add/flush; excludes this timing receipt and checkpoint writes",
      "mode": "stage4_sealed_cell",
      "banner": "sealed Stage 4; scientific admission also requires complete declared populations"
    },
    {
      "phase": "edit:5",
      "identity_check_kind": "in_memory_structure_and_configuration",
      "recipe_verification_seconds": 0.0,
      "identity_verification_seconds": 0.0,
      "identity_check_seconds": 0.0019463609787635505,
      "state_hash_seconds": 6.738991942256689e-05,
      "clone_seconds": 0.0,
      "restore_seconds": 0.0,
      "file_write_seconds": 5.934399086982012e-05,
      "operation_seconds": 0.19534756400389597,
      "total_phase_seconds": 0.19747981103137136,
      "scope": "file writes include journal intent/add/flush; excludes this timing receipt and checkpoint writes",
      "mode": "stage4_sealed_cell",
      "banner": "sealed Stage 4; scientific admission also requires complete declared populations"
    },
    {
      "phase": "immediate:5",
      "identity_check_kind": "in_memory_structure_and_configuration",
      "recipe_verification_seconds": 0.0,
      "identity_verification_seconds": 0.0,
      "identity_check_seconds": 0.001957840984687209,
      "state_hash_seconds": 0.0006555760628543794,
      "clone_seconds": 0.0,
      "restore_seconds": 0.0,
      "file_write_seconds": 7.950293365865946e-05,
      "operation_seconds": 0.06640770100057125,
      "total_phase_seconds": 0.06916918198112398,
      "scope": "file writes include journal intent/add/flush; excludes this timing receipt and checkpoint writes",
      "mode": "stage4_sealed_cell",
      "banner": "sealed Stage 4; scientific admission also requires complete declared populations"
    },
    {
      "phase": "edit:6",
      "identity_check_kind": "in_memory_structure_and_configuration",
      "recipe_verification_seconds": 0.0,
      "identity_verification_seconds": 0.0,
      "identity_check_seconds": 0.0026366629754193127,
      "state_hash_seconds": 8.136598626151681e-05,
      "clone_seconds": 0.0,
      "restore_seconds": 0.0,
      "file_write_seconds": 6.022502202540636e-05,
      "operation_seconds": 0.15315416699741036,
      "total_phase_seconds": 0.1559982069884427,
      "scope": "file writes include journal intent/add/flush; excludes this timing receipt and checkpoint writes",
      "mode": "stage4_sealed_cell",
      "banner": "sealed Stage 4; scientific admission also requires complete declared populations"
    },
    {
      "phase": "immediate:6",
      "identity_check_kind": "in_memory_structure_and_configuration",
      "recipe_verification_seconds": 0.0,
      "identity_verification_seconds": 0.0,
      "identity_check_seconds": 0.0020422639790922403,
      "state_hash_seconds": 0.0007414510473608971,
      "clone_seconds": 0.0,
      "restore_seconds": 0.0,
      "file_write_seconds": 5.7241006288677454e-05,
      "operation_seconds": 0.0579894480179064,
      "total_phase_seconds": 0.06090011599007994,
      "scope": "file writes include journal intent/add/flush; excludes this timing receipt and checkpoint writes",
      "mode": "stage4_sealed_cell",
      "banner": "sealed Stage 4; scientific admission also requires complete declared populations"
    },
    {
      "phase": "edit:7",
      "identity_check_kind": "in_memory_structure_and_configuration",
      "recipe_verification_seconds": 0.0,
      "identity_verification_seconds": 0.0,
      "identity_check_seconds": 0.0019696749513968825,
      "state_hash_seconds": 6.365106673911214e-05,
      "clone_seconds": 0.0,
      "restore_seconds": 0.0,
      "file_write_seconds": 5.767104448750615e-05,
      "operation_seconds": 0.08551655901828781,
      "total_phase_seconds": 0.08766888501122594,
      "scope": "file writes include journal intent/add/flush; excludes this timing receipt and checkpoint writes",
      "mode": "stage4_sealed_cell",
      "banner": "sealed Stage 4; scientific admission also requires complete declared populations"
    },
    {
      "phase": "immediate:7",
      "identity_check_kind": "in_memory_structure_and_configuration",
      "recipe_verification_seconds": 0.0,
      "identity_verification_seconds": 0.0,
      "identity_check_seconds": 0.001957561995368451,
      "state_hash_seconds": 0.0008149120258167386,
      "clone_seconds": 0.0,
      "restore_seconds": 0.0,
      "file_write_seconds": 5.659798625856638e-05,
      "operation_seconds": 0.024576177005656064,
      "total_phase_seconds": 0.027476353978272527,
      "scope": "file writes include journal intent/add/flush; excludes this timing receipt and checkpoint writes",
      "mode": "stage4_sealed_cell",
      "banner": "sealed Stage 4; scientific admission also requires complete declared populations"
    },
    {
      "phase": "edit:8",
      "identity_check_kind": "in_memory_structure_and_configuration",
      "recipe_verification_seconds": 0.0,
      "identity_verification_seconds": 0.0,
      "identity_check_seconds": 0.002003528003115207,
      "state_hash_seconds": 6.368197500705719e-05,
      "clone_seconds": 0.0,
      "restore_seconds": 0.0,
      "file_write_seconds": 6.100698374211788e-05,
      "operation_seconds": 0.11632250499678776,
      "total_phase_seconds": 0.11851084802765399,
      "scope": "file writes include journal intent/add/flush; excludes this timing receipt and checkpoint writes",
      "mode": "stage4_sealed_cell",
      "banner": "sealed Stage 4; scientific admission also requires complete declared populations"
    },
    {
      "phase": "immediate:8",
      "identity_check_kind": "in_memory_structure_and_configuration",
      "recipe_verification_seconds": 0.0,
      "identity_verification_seconds": 0.0,
      "identity_check_seconds": 0.0019609780283644795,
      "state_hash_seconds": 0.0008475329959765077,
      "clone_seconds": 0.0,
      "restore_seconds": 0.0,
      "file_write_seconds": 5.7169992942363024e-05,
      "operation_seconds": 0.03128150600241497,
      "total_phase_seconds": 0.03422364400466904,
      "scope": "file writes include journal intent/add/flush; excludes this timing receipt and checkpoint writes",
      "mode": "stage4_sealed_cell",
      "banner": "sealed Stage 4; scientific admission also requires complete declared populations"
    },
    {
      "phase": "edit:9",
      "identity_check_kind": "in_memory_structure_and_configuration",
      "recipe_verification_seconds": 0.0,
      "identity_verification_seconds": 0.0,
      "identity_check_seconds": 0.00199344998691231,
      "state_hash_seconds": 9.06040077097714e-05,
      "clone_seconds": 0.0,
      "restore_seconds": 0.0,
      "file_write_seconds": 7.508497219532728e-05,
      "operation_seconds": 0.16412063199095428,
      "total_phase_seconds": 0.16636104602366686,
      "scope": "file writes include journal intent/add/flush; excludes this timing receipt and checkpoint writes",
      "mode": "stage4_sealed_cell",
      "banner": "sealed Stage 4; scientific admission also requires complete declared populations"
    },
    {
      "phase": "immediate:9",
      "identity_check_kind": "in_memory_structure_and_configuration",
      "recipe_verification_seconds": 0.0,
      "identity_verification_seconds": 0.0,
      "identity_check_seconds": 0.0020257820142433047,
      "state_hash_seconds": 0.0009314249618910253,
      "clone_seconds": 0.0,
      "restore_seconds": 0.0,
      "file_write_seconds": 5.700899055227637e-05,
      "operation_seconds": 0.0399305610335432,
      "total_phase_seconds": 0.043015151983127,
      "scope": "file writes include journal intent/add/flush; excludes this timing receipt and checkpoint writes",
      "mode": "stage4_sealed_cell",
      "banner": "sealed Stage 4; scientific admission also requires complete declared populations"
    },
    {
      "phase": "edit:10",
      "identity_check_kind": "in_memory_structure_and_configuration",
      "recipe_verification_seconds": 0.0,
      "identity_verification_seconds": 0.0,
      "identity_check_seconds": 0.001904670032672584,
      "state_hash_seconds": 7.177796214818954e-05,
      "clone_seconds": 0.0,
      "restore_seconds": 0.0,
      "file_write_seconds": 5.752005381509662e-05,
      "operation_seconds": 0.11687936203088611,
      "total_phase_seconds": 0.11897212197072804,
      "scope": "file writes include journal intent/add/flush; excludes this timing receipt and checkpoint writes",
      "mode": "stage4_sealed_cell",
      "banner": "sealed Stage 4; scientific admission also requires complete declared populations"
    },
    {
      "phase": "immediate:10",
      "identity_check_kind": "in_memory_structure_and_configuration",
      "recipe_verification_seconds": 0.0,
      "identity_verification_seconds": 0.0,
      "identity_check_seconds": 0.0020642559975385666,
      "state_hash_seconds": 0.0011002690298482776,
      "clone_seconds": 0.0,
      "restore_seconds": 0.0,
      "file_write_seconds": 5.973502993583679e-05,
      "operation_seconds": 0.050020686991047114,
      "total_phase_seconds": 0.05331792600918561,
      "scope": "file writes include journal intent/add/flush; excludes this timing receipt and checkpoint writes",
      "mode": "stage4_sealed_cell",
      "banner": "sealed Stage 4; scientific admission also requires complete declared populations"
    },
    {
      "phase": "edit:11",
      "identity_check_kind": "in_memory_structure_and_configuration",
      "recipe_verification_seconds": 0.0,
      "identity_verification_seconds": 0.0,
      "identity_check_seconds": 0.002000332053285092,
      "state_hash_seconds": 7.220794213935733e-05,
      "clone_seconds": 0.0,
      "restore_seconds": 0.0,
      "file_write_seconds": 5.8301957324147224e-05,
      "operation_seconds": 0.14835214498452842,
      "total_phase_seconds": 0.15054384403629228,
      "scope": "file writes include journal intent/add/flush; excludes this timing receipt and checkpoint writes",
      "mode": "stage4_sealed_cell",
      "banner": "sealed Stage 4; scientific admission also requires complete declared populations"
    },
    {
      "phase": "immediate:11",
      "identity_check_kind": "in_memory_structure_and_configuration",
      "recipe_verification_seconds": 0.0,
      "identity_verification_seconds": 0.0,
      "identity_check_seconds": 0.00225062295794487,
      "state_hash_seconds": 0.0011630600201897323,
      "clone_seconds": 0.0,
      "restore_seconds": 0.0,
      "file_write_seconds": 5.6698976550251245e-05,
      "operation_seconds": 0.026020123972557485,
      "total_phase_seconds": 0.02958528499584645,
      "scope": "file writes include journal intent/add/flush; excludes this timing receipt and checkpoint writes",
      "mode": "stage4_sealed_cell",
      "banner": "sealed Stage 4; scientific admission also requires complete declared populations"
    },
    {
      "phase": "edit:12",
      "identity_check_kind": "in_memory_structure_and_configuration",
      "recipe_verification_seconds": 0.0,
      "identity_verification_seconds": 0.0,
      "identity_check_seconds": 0.0021895859972573817,
      "state_hash_seconds": 8.622597670182586e-05,
      "clone_seconds": 0.0,
      "restore_seconds": 0.0,
      "file_write_seconds": 5.951302591711283e-05,
      "operation_seconds": 0.2109780180035159,
      "total_phase_seconds": 0.21339184296084568,
      "scope": "file writes include journal intent/add/flush; excludes this timing receipt and checkpoint writes",
      "mode": "stage4_sealed_cell",
      "banner": "sealed Stage 4; scientific admission also requires complete declared populations"
    },
    {
      "phase": "immediate:12",
      "identity_check_kind": "in_memory_structure_and_configuration",
      "recipe_verification_seconds": 0.0,
      "identity_verification_seconds": 0.0,
      "identity_check_seconds": 0.0022561830119229853,
      "state_hash_seconds": 0.001269963977392763,
      "clone_seconds": 0.0,
      "restore_seconds": 0.0,
      "file_write_seconds": 6.439397111535072e-05,
      "operation_seconds": 0.05991491803433746,
      "total_phase_seconds": 0.0635976759949699,
      "scope": "file writes include journal intent/add/flush; excludes this timing receipt and checkpoint writes",
      "mode": "stage4_sealed_cell",
      "banner": "sealed Stage 4; scientific admission also requires complete declared populations"
    },
    {
      "phase": "edit:13",
      "identity_check_kind": "in_memory_structure_and_configuration",
      "recipe_verification_seconds": 0.0,
      "identity_verification_seconds": 0.0,
      "identity_check_seconds": 0.001988098956644535,
      "state_hash_seconds": 7.653795182704926e-05,
      "clone_seconds": 0.0,
      "restore_seconds": 0.0,
      "file_write_seconds": 5.7710043620318174e-05,
      "operation_seconds": 0.1376053299754858,
      "total_phase_seconds": 0.13979181100148708,
      "scope": "file writes include journal intent/add/flush; excludes this timing receipt and checkpoint writes",
      "mode": "stage4_sealed_cell",
      "banner": "sealed Stage 4; scientific admission also requires complete declared populations"
    },
    {
      "phase": "immediate:13",
      "identity_check_kind": "in_memory_structure_and_configuration",
      "recipe_verification_seconds": 0.0,
      "identity_verification_seconds": 0.0,
      "identity_check_seconds": 0.0024660060298629105,
      "state_hash_seconds": 0.0013862259802408516,
      "clone_seconds": 0.0,
      "restore_seconds": 0.0,
      "file_write_seconds": 5.634804256260395e-05,
      "operation_seconds": 0.04760709195397794,
      "total_phase_seconds": 0.0516012660227716,
      "scope": "file writes include journal intent/add/flush; excludes this timing receipt and checkpoint writes",
      "mode": "stage4_sealed_cell",
      "banner": "sealed Stage 4; scientific admission also requires complete declared populations"
    },
    {
      "phase": "edit:14",
      "identity_check_kind": "in_memory_structure_and_configuration",
      "recipe_verification_seconds": 0.0,
      "identity_verification_seconds": 0.0,
      "identity_check_seconds": 0.0018730390584096313,
      "state_hash_seconds": 6.612599827349186e-05,
      "clone_seconds": 0.0,
      "restore_seconds": 0.0,
      "file_write_seconds": 5.931302439421415e-05,
      "operation_seconds": 0.10503230901667848,
      "total_phase_seconds": 0.10708854900440201,
      "scope": "file writes include journal intent/add/flush; excludes this timing receipt and checkpoint writes",
      "mode": "stage4_sealed_cell",
      "banner": "sealed Stage 4; scientific admission also requires complete declared populations"
    },
    {
      "phase": "immediate:14",
      "identity_check_kind": "in_memory_structure_and_configuration",
      "recipe_verification_seconds": 0.0,
      "identity_verification_seconds": 0.0,
      "identity_check_seconds": 0.0019843929912894964,
      "state_hash_seconds": 0.0013167729484848678,
      "clone_seconds": 0.0,
      "restore_seconds": 0.0,
      "file_write_seconds": 5.538697587326169e-05,
      "operation_seconds": 0.02441196102881804,
      "total_phase_seconds": 0.02783815801376477,
      "scope": "file writes include journal intent/add/flush; excludes this timing receipt and checkpoint writes",
      "mode": "stage4_sealed_cell",
      "banner": "sealed Stage 4; scientific admission also requires complete declared populations"
    },
    {
      "phase": "edit:15",
      "identity_check_kind": "in_memory_structure_and_configuration",
      "recipe_verification_seconds": 0.0,
      "identity_verification_seconds": 0.0,
      "identity_check_seconds": 0.0019695449736900628,
      "state_hash_seconds": 7.921201176941395e-05,
      "clone_seconds": 0.0,
      "restore_seconds": 0.0,
      "file_write_seconds": 6.407295586541295e-05,
      "operation_seconds": 0.15038304700283334,
      "total_phase_seconds": 0.15255535999312997,
      "scope": "file writes include journal intent/add/flush; excludes this timing receipt and checkpoint writes",
      "mode": "stage4_sealed_cell",
      "banner": "sealed Stage 4; scientific admission also requires complete declared populations"
    },
    {
      "phase": "immediate:15",
      "identity_check_kind": "in_memory_structure_and_configuration",
      "recipe_verification_seconds": 0.0,
      "identity_verification_seconds": 0.0,
      "identity_check_seconds": 0.002106397005263716,
      "state_hash_seconds": 0.0014423940447159111,
      "clone_seconds": 0.0,
      "restore_seconds": 0.0,
      "file_write_seconds": 6.713898619636893e-05,
      "operation_seconds": 0.03877693001413718,
      "total_phase_seconds": 0.04247487703105435,
      "scope": "file writes include journal intent/add/flush; excludes this timing receipt and checkpoint writes",
      "mode": "stage4_sealed_cell",
      "banner": "sealed Stage 4; scientific admission also requires complete declared populations"
    },
    {
      "phase": "edit:16",
      "identity_check_kind": "in_memory_structure_and_configuration",
      "recipe_verification_seconds": 0.0,
      "identity_verification_seconds": 0.0,
      "identity_check_seconds": 0.0019781800219789147,
      "state_hash_seconds": 9.390997001901269e-05,
      "clone_seconds": 0.0,
      "restore_seconds": 0.0,
      "file_write_seconds": 6.510497769340873e-05,
      "operation_seconds": 0.17462608497589827,
      "total_phase_seconds": 0.17683005798608065,
      "scope": "file writes include journal intent/add/flush; excludes this timing receipt and checkpoint writes",
      "mode": "stage4_sealed_cell",
      "banner": "sealed Stage 4; scientific admission also requires complete declared populations"
    },
    {
      "phase": "immediate:16",
      "identity_check_kind": "in_memory_structure_and_configuration",
      "recipe_verification_seconds": 0.0,
      "identity_verification_seconds": 0.0,
      "identity_check_seconds": 0.002508956997189671,
      "state_hash_seconds": 0.001630396000109613,
      "clone_seconds": 0.0,
      "restore_seconds": 0.0,
      "file_write_seconds": 0.004557704029139131,
      "operation_seconds": 0.06683532998431474,
      "total_phase_seconds": 0.07562757900450379,
      "scope": "file writes include journal intent/add/flush; excludes this timing receipt and checkpoint writes",
      "mode": "stage4_sealed_cell",
      "banner": "sealed Stage 4; scientific admission also requires complete declared populations"
    },
    {
      "phase": "edit:17",
      "identity_check_kind": "in_memory_structure_and_configuration",
      "recipe_verification_seconds": 0.0,
      "identity_verification_seconds": 0.0,
      "identity_check_seconds": 0.002121285011526197,
      "state_hash_seconds": 7.758807623758912e-05,
      "clone_seconds": 0.0,
      "restore_seconds": 0.0,
      "file_write_seconds": 0.001085007970687002,
      "operation_seconds": 0.08753401500871405,
      "total_phase_seconds": 0.09087799297412857,
      "scope": "file writes include journal intent/add/flush; excludes this timing receipt and checkpoint writes",
      "mode": "stage4_sealed_cell",
      "banner": "sealed Stage 4; scientific admission also requires complete declared populations"
    },
    {
      "phase": "immediate:17",
      "identity_check_kind": "in_memory_structure_and_configuration",
      "recipe_verification_seconds": 0.0,
      "identity_verification_seconds": 0.0,
      "identity_check_seconds": 0.0019204489653930068,
      "state_hash_seconds": 0.0015501920715905726,
      "clone_seconds": 0.0,
      "restore_seconds": 0.0,
      "file_write_seconds": 5.867198342457414e-05,
      "operation_seconds": 0.0259943840210326,
      "total_phase_seconds": 0.029597137996461242,
      "scope": "file writes include journal intent/add/flush; excludes this timing receipt and checkpoint writes",
      "mode": "stage4_sealed_cell",
      "banner": "sealed Stage 4; scientific admission also requires complete declared populations"
    },
    {
      "phase": "edit:18",
      "identity_check_kind": "in_memory_structure_and_configuration",
      "recipe_verification_seconds": 0.0,
      "identity_verification_seconds": 0.0,
      "identity_check_seconds": 0.0019050200353376567,
      "state_hash_seconds": 8.043303387239575e-05,
      "clone_seconds": 0.0,
      "restore_seconds": 0.0,
      "file_write_seconds": 5.725002847611904e-05,
      "operation_seconds": 0.11614272004226223,
      "total_phase_seconds": 0.11824379704194143,
      "scope": "file writes include journal intent/add/flush; excludes this timing receipt and checkpoint writes",
      "mode": "stage4_sealed_cell",
      "banner": "sealed Stage 4; scientific admission also requires complete declared populations"
    },
    {
      "phase": "immediate:18",
      "identity_check_kind": "in_memory_structure_and_configuration",
      "recipe_verification_seconds": 0.0,
      "identity_verification_seconds": 0.0,
      "identity_check_seconds": 0.0033607599907554686,
      "state_hash_seconds": 0.0017363769584335387,
      "clone_seconds": 0.0,
      "restore_seconds": 0.0,
      "file_write_seconds": 5.676801083609462e-05,
      "operation_seconds": 0.05116634303703904,
      "total_phase_seconds": 0.05641674401704222,
      "scope": "file writes include journal intent/add/flush; excludes this timing receipt and checkpoint writes",
      "mode": "stage4_sealed_cell",
      "banner": "sealed Stage 4; scientific admission also requires complete declared populations"
    },
    {
      "phase": "edit:19",
      "identity_check_kind": "in_memory_structure_and_configuration",
      "recipe_verification_seconds": 0.0,
      "identity_verification_seconds": 0.0,
      "identity_check_seconds": 0.0020448090508580208,
      "state_hash_seconds": 7.956201443448663e-05,
      "clone_seconds": 0.0,
      "restore_seconds": 0.0,
      "file_write_seconds": 5.8772973716259e-05,
      "operation_seconds": 0.10096844099462032,
      "total_phase_seconds": 0.10321178002050146,
      "scope": "file writes include journal intent/add/flush; excludes this timing receipt and checkpoint writes",
      "mode": "stage4_sealed_cell",
      "banner": "sealed Stage 4; scientific admission also requires complete declared populations"
    },
    {
      "phase": "immediate:19",
      "identity_check_kind": "in_memory_structure_and_configuration",
      "recipe_verification_seconds": 0.0,
      "identity_verification_seconds": 0.0,
      "identity_check_seconds": 0.0021204830263741314,
      "state_hash_seconds": 0.0017956819501705468,
      "clone_seconds": 0.0,
      "restore_seconds": 0.0,
      "file_write_seconds": 8.628604700788856e-05,
      "operation_seconds": 0.020314289024099708,
      "total_phase_seconds": 0.024427641998045146,
      "scope": "file writes include journal intent/add/flush; excludes this timing receipt and checkpoint writes",
      "mode": "stage4_sealed_cell",
      "banner": "sealed Stage 4; scientific admission also requires complete declared populations"
    },
    {
      "phase": "edit:20",
      "identity_check_kind": "in_memory_structure_and_configuration",
      "recipe_verification_seconds": 0.0,
      "identity_verification_seconds": 0.0,
      "identity_check_seconds": 0.002115494047757238,
      "state_hash_seconds": 8.05240124464035e-05,
      "clone_seconds": 0.0,
      "restore_seconds": 0.0,
      "file_write_seconds": 5.8031000662595034e-05,
      "operation_seconds": 0.17789269500644878,
      "total_phase_seconds": 0.18022127699805424,
      "scope": "file writes include journal intent/add/flush; excludes this timing receipt and checkpoint writes",
      "mode": "stage4_sealed_cell",
      "banner": "sealed Stage 4; scientific admission also requires complete declared populations"
    },
    {
      "phase": "immediate:20",
      "identity_check_kind": "in_memory_structure_and_configuration",
      "recipe_verification_seconds": 0.0,
      "identity_verification_seconds": 0.0,
      "identity_check_seconds": 0.00204841501545161,
      "state_hash_seconds": 0.001733152021188289,
      "clone_seconds": 0.0,
      "restore_seconds": 0.0,
      "file_write_seconds": 5.614798283204436e-05,
      "operation_seconds": 0.03021002298919484,
      "total_phase_seconds": 0.0341207169694826,
      "scope": "file writes include journal intent/add/flush; excludes this timing receipt and checkpoint writes",
      "mode": "stage4_sealed_cell",
      "banner": "sealed Stage 4; scientific admission also requires complete declared populations"
    },
    {
      "phase": "edit:21",
      "identity_check_kind": "in_memory_structure_and_configuration",
      "recipe_verification_seconds": 0.0,
      "identity_verification_seconds": 0.0,
      "identity_check_seconds": 0.0020252710673958063,
      "state_hash_seconds": 8.871807949617505e-05,
      "clone_seconds": 0.0,
      "restore_seconds": 0.0,
      "file_write_seconds": 5.792098818346858e-05,
      "operation_seconds": 0.246849260001909,
      "total_phase_seconds": 0.24908132699783891,
      "scope": "file writes include journal intent/add/flush; excludes this timing receipt and checkpoint writes",
      "mode": "stage4_sealed_cell",
      "banner": "sealed Stage 4; scientific admission also requires complete declared populations"
    },
    {
      "phase": "immediate:21",
      "identity_check_kind": "in_memory_structure_and_configuration",
      "recipe_verification_seconds": 0.0,
      "identity_verification_seconds": 0.0,
      "identity_check_seconds": 0.0019771589431911707,
      "state_hash_seconds": 0.001925060001667589,
      "clone_seconds": 0.0,
      "restore_seconds": 0.0,
      "file_write_seconds": 5.745998350903392e-05,
      "operation_seconds": 0.05506833002436906,
      "total_phase_seconds": 0.05911773000843823,
      "scope": "file writes include journal intent/add/flush; excludes this timing receipt and checkpoint writes",
      "mode": "stage4_sealed_cell",
      "banner": "sealed Stage 4; scientific admission also requires complete declared populations"
    },
    {
      "phase": "edit:22",
      "identity_check_kind": "in_memory_structure_and_configuration",
      "recipe_verification_seconds": 0.0,
      "identity_verification_seconds": 0.0,
      "identity_check_seconds": 0.001944785995874554,
      "state_hash_seconds": 8.3880964666605e-05,
      "clone_seconds": 0.0,
      "restore_seconds": 0.0,
      "file_write_seconds": 5.680904723703861e-05,
      "operation_seconds": 0.07796866598073393,
      "total_phase_seconds": 0.08011438703397289,
      "scope": "file writes include journal intent/add/flush; excludes this timing receipt and checkpoint writes",
      "mode": "stage4_sealed_cell",
      "banner": "sealed Stage 4; scientific admission also requires complete declared populations"
    },
    {
      "phase": "immediate:22",
      "identity_check_kind": "in_memory_structure_and_configuration",
      "recipe_verification_seconds": 0.0,
      "identity_verification_seconds": 0.0,
      "identity_check_seconds": 0.0018796130316331983,
      "state_hash_seconds": 0.0018904410535469651,
      "clone_seconds": 0.0,
      "restore_seconds": 0.0,
      "file_write_seconds": 5.608703941106796e-05,
      "operation_seconds": 0.03425338101806119,
      "total_phase_seconds": 0.038147232960909605,
      "scope": "file writes include journal intent/add/flush; excludes this timing receipt and checkpoint writes",
      "mode": "stage4_sealed_cell",
      "banner": "sealed Stage 4; scientific admission also requires complete declared populations"
    },
    {
      "phase": "edit:23",
      "identity_check_kind": "in_memory_structure_and_configuration",
      "recipe_verification_seconds": 0.0,
      "identity_verification_seconds": 0.0,
      "identity_check_seconds": 0.001955617975909263,
      "state_hash_seconds": 9.227794362232089e-05,
      "clone_seconds": 0.0,
      "restore_seconds": 0.0,
      "file_write_seconds": 5.751103162765503e-05,
      "operation_seconds": 0.155213704041671,
      "total_phase_seconds": 0.157381538010668,
      "scope": "file writes include journal intent/add/flush; excludes this timing receipt and checkpoint writes",
      "mode": "stage4_sealed_cell",
      "banner": "sealed Stage 4; scientific admission also requires complete declared populations"
    },
    {
      "phase": "immediate:23",
      "identity_check_kind": "in_memory_structure_and_configuration",
      "recipe_verification_seconds": 0.0,
      "identity_verification_seconds": 0.0,
      "identity_check_seconds": 0.0020244999323040247,
      "state_hash_seconds": 0.001952781982254237,
      "clone_seconds": 0.0,
      "restore_seconds": 0.0,
      "file_write_seconds": 5.578697891905904e-05,
      "operation_seconds": 0.040392835973761976,
      "total_phase_seconds": 0.04450160003034398,
      "scope": "file writes include journal intent/add/flush; excludes this timing receipt and checkpoint writes",
      "mode": "stage4_sealed_cell",
      "banner": "sealed Stage 4; scientific admission also requires complete declared populations"
    },
    {
      "phase": "edit:24",
      "identity_check_kind": "in_memory_structure_and_configuration",
      "recipe_verification_seconds": 0.0,
      "identity_verification_seconds": 0.0,
      "identity_check_seconds": 0.002147065009921789,
      "state_hash_seconds": 0.00010312901576980948,
      "clone_seconds": 0.0,
      "restore_seconds": 0.0,
      "file_write_seconds": 5.7680008467286825e-05,
      "operation_seconds": 0.1280700970091857,
      "total_phase_seconds": 0.13043884601211175,
      "scope": "file writes include journal intent/add/flush; excludes this timing receipt and checkpoint writes",
      "mode": "stage4_sealed_cell",
      "banner": "sealed Stage 4; scientific admission also requires complete declared populations"
    },
    {
      "phase": "immediate:24",
      "identity_check_kind": "in_memory_structure_and_configuration",
      "recipe_verification_seconds": 0.0,
      "identity_verification_seconds": 0.0,
      "identity_check_seconds": 0.0020137489773333073,
      "state_hash_seconds": 0.0020799260237254202,
      "clone_seconds": 0.0,
      "restore_seconds": 0.0,
      "file_write_seconds": 5.623896140605211e-05,
      "operation_seconds": 0.03496771096251905,
      "total_phase_seconds": 0.03918903903104365,
      "scope": "file writes include journal intent/add/flush; excludes this timing receipt and checkpoint writes",
      "mode": "stage4_sealed_cell",
      "banner": "sealed Stage 4; scientific admission also requires complete declared populations"
    },
    {
      "phase": "edit:25",
      "identity_check_kind": "in_memory_structure_and_configuration",
      "recipe_verification_seconds": 0.0,
      "identity_verification_seconds": 0.0,
      "identity_check_seconds": 0.0023296239669434726,
      "state_hash_seconds": 9.570404654368758e-05,
      "clone_seconds": 0.0,
      "restore_seconds": 0.0,
      "file_write_seconds": 5.90629642829299e-05,
      "operation_seconds": 0.2457956009893678,
      "total_phase_seconds": 0.2483429919811897,
      "scope": "file writes include journal intent/add/flush; excludes this timing receipt and checkpoint writes",
      "mode": "stage4_sealed_cell",
      "banner": "sealed Stage 4; scientific admission also requires complete declared populations"
    },
    {
      "phase": "immediate:25",
      "identity_check_kind": "in_memory_structure_and_configuration",
      "recipe_verification_seconds": 0.0,
      "identity_verification_seconds": 0.0,
      "identity_check_seconds": 0.0020081790280528367,
      "state_hash_seconds": 0.002165550016798079,
      "clone_seconds": 0.0,
      "restore_seconds": 0.0,
      "file_write_seconds": 5.648902151733637e-05,
      "operation_seconds": 0.07793842803221196,
      "total_phase_seconds": 0.08224066096590832,
      "scope": "file writes include journal intent/add/flush; excludes this timing receipt and checkpoint writes",
      "mode": "stage4_sealed_cell",
      "banner": "sealed Stage 4; scientific admission also requires complete declared populations"
    },
    {
      "phase": "edit:26",
      "identity_check_kind": "in_memory_structure_and_configuration",
      "recipe_verification_seconds": 0.0,
      "identity_verification_seconds": 0.0,
      "identity_check_seconds": 0.0022749589406885207,
      "state_hash_seconds": 9.422196308150887e-05,
      "clone_seconds": 0.0,
      "restore_seconds": 0.0,
      "file_write_seconds": 5.96939935348928e-05,
      "operation_seconds": 0.11199789796955884,
      "total_phase_seconds": 0.11448696703882888,
      "scope": "file writes include journal intent/add/flush; excludes this timing receipt and checkpoint writes",
      "mode": "stage4_sealed_cell",
      "banner": "sealed Stage 4; scientific admission also requires complete declared populations"
    },
    {
      "phase": "immediate:26",
      "identity_check_kind": "in_memory_structure_and_configuration",
      "recipe_verification_seconds": 0.0,
      "identity_verification_seconds": 0.0,
      "identity_check_seconds": 0.0021015580277889967,
      "state_hash_seconds": 0.002323162043467164,
      "clone_seconds": 0.0,
      "restore_seconds": 0.0,
      "file_write_seconds": 5.715899169445038e-05,
      "operation_seconds": 0.05315546505153179,
      "total_phase_seconds": 0.05771979101700708,
      "scope": "file writes include journal intent/add/flush; excludes this timing receipt and checkpoint writes",
      "mode": "stage4_sealed_cell",
      "banner": "sealed Stage 4; scientific admission also requires complete declared populations"
    },
    {
      "phase": "edit:27",
      "identity_check_kind": "in_memory_structure_and_configuration",
      "recipe_verification_seconds": 0.0,
      "identity_verification_seconds": 0.0,
      "identity_check_seconds": 0.0021137709845788777,
      "state_hash_seconds": 0.0001419010222889483,
      "clone_seconds": 0.0,
      "restore_seconds": 0.0,
      "file_write_seconds": 5.8702018577605486e-05,
      "operation_seconds": 0.18622933997539803,
      "total_phase_seconds": 0.1886163749732077,
      "scope": "file writes include journal intent/add/flush; excludes this timing receipt and checkpoint writes",
      "mode": "stage4_sealed_cell",
      "banner": "sealed Stage 4; scientific admission also requires complete declared populations"
    },
    {
      "phase": "immediate:27",
      "identity_check_kind": "in_memory_structure_and_configuration",
      "recipe_verification_seconds": 0.0,
      "identity_verification_seconds": 0.0,
      "identity_check_seconds": 0.002132777008228004,
      "state_hash_seconds": 0.0023720760364085436,
      "clone_seconds": 0.0,
      "restore_seconds": 0.0,
      "file_write_seconds": 5.53170102648437e-05,
      "operation_seconds": 0.0632872210117057,
      "total_phase_seconds": 0.0679356480250135,
      "scope": "file writes include journal intent/add/flush; excludes this timing receipt and checkpoint writes",
      "mode": "stage4_sealed_cell",
      "banner": "sealed Stage 4; scientific admission also requires complete declared populations"
    },
    {
      "phase": "edit:28",
      "identity_check_kind": "in_memory_structure_and_configuration",
      "recipe_verification_seconds": 0.0,
      "identity_verification_seconds": 0.0,
      "identity_check_seconds": 0.0019337969715707004,
      "state_hash_seconds": 0.00010080396896228194,
      "clone_seconds": 0.0,
      "restore_seconds": 0.0,
      "file_write_seconds": 5.737005267292261e-05,
      "operation_seconds": 0.12379336199956015,
      "total_phase_seconds": 0.12594553601229563,
      "scope": "file writes include journal intent/add/flush; excludes this timing receipt and checkpoint writes",
      "mode": "stage4_sealed_cell",
      "banner": "sealed Stage 4; scientific admission also requires complete declared populations"
    },
    {
      "phase": "immediate:28",
      "identity_check_kind": "in_memory_structure_and_configuration",
      "recipe_verification_seconds": 0.0,
      "identity_verification_seconds": 0.0,
      "identity_check_seconds": 0.002262695983517915,
      "state_hash_seconds": 0.002494879998266697,
      "clone_seconds": 0.0,
      "restore_seconds": 0.0,
      "file_write_seconds": 5.7009048759937286e-05,
      "operation_seconds": 0.05241480498807505,
      "total_phase_seconds": 0.05731195904081687,
      "scope": "file writes include journal intent/add/flush; excludes this timing receipt and checkpoint writes",
      "mode": "stage4_sealed_cell",
      "banner": "sealed Stage 4; scientific admission also requires complete declared populations"
    },
    {
      "phase": "edit:29",
      "identity_check_kind": "in_memory_structure_and_configuration",
      "recipe_verification_seconds": 0.0,
      "identity_verification_seconds": 0.0,
      "identity_check_seconds": 0.0020947440061718225,
      "state_hash_seconds": 0.00011124304728582501,
      "clone_seconds": 0.0,
      "restore_seconds": 0.0,
      "file_write_seconds": 8.195702685043216e-05,
      "operation_seconds": 0.09208533796481788,
      "total_phase_seconds": 0.09443314798409119,
      "scope": "file writes include journal intent/add/flush; excludes this timing receipt and checkpoint writes",
      "mode": "stage4_sealed_cell",
      "banner": "sealed Stage 4; scientific admission also requires complete declared populations"
    },
    {
      "phase": "immediate:29",
      "identity_check_kind": "in_memory_structure_and_configuration",
      "recipe_verification_seconds": 0.0,
      "identity_verification_seconds": 0.0,
      "identity_check_seconds": 0.002170027990359813,
      "state_hash_seconds": 0.002545077004469931,
      "clone_seconds": 0.0,
      "restore_seconds": 0.0,
      "file_write_seconds": 5.7241006288677454e-05,
      "operation_seconds": 0.028136638982687145,
      "total_phase_seconds": 0.032981063006445765,
      "scope": "file writes include journal intent/add/flush; excludes this timing receipt and checkpoint writes",
      "mode": "stage4_sealed_cell",
      "banner": "sealed Stage 4; scientific admission also requires complete declared populations"
    },
    {
      "phase": "edit:30",
      "identity_check_kind": "in_memory_structure_and_configuration",
      "recipe_verification_seconds": 0.0,
      "identity_verification_seconds": 0.0,
      "identity_check_seconds": 0.0020964969880878925,
      "state_hash_seconds": 0.00011894694762304425,
      "clone_seconds": 0.0,
      "restore_seconds": 0.0,
      "file_write_seconds": 5.7641067542135715e-05,
      "operation_seconds": 0.10030782496323809,
      "total_phase_seconds": 0.10264747799374163,
      "scope": "file writes include journal intent/add/flush; excludes this timing receipt and checkpoint writes",
      "mode": "stage4_sealed_cell",
      "banner": "sealed Stage 4; scientific admission also requires complete declared populations"
    },
    {
      "phase": "immediate:30",
      "identity_check_kind": "in_memory_structure_and_configuration",
      "recipe_verification_seconds": 0.0,
      "identity_verification_seconds": 0.0,
      "identity_check_seconds": 0.002086117980070412,
      "state_hash_seconds": 0.0024730899604037404,
      "clone_seconds": 0.0,
      "restore_seconds": 0.0,
      "file_write_seconds": 5.6578952353447676e-05,
      "operation_seconds": 0.028110439016018063,
      "total_phase_seconds": 0.03280164900934324,
      "scope": "file writes include journal intent/add/flush; excludes this timing receipt and checkpoint writes",
      "mode": "stage4_sealed_cell",
      "banner": "sealed Stage 4; scientific admission also requires complete declared populations"
    },
    {
      "phase": "edit:31",
      "identity_check_kind": "in_memory_structure_and_configuration",
      "recipe_verification_seconds": 0.0,
      "identity_verification_seconds": 0.0,
      "identity_check_seconds": 0.0022828139481134713,
      "state_hash_seconds": 0.00013712397776544094,
      "clone_seconds": 0.0,
      "restore_seconds": 0.0,
      "file_write_seconds": 5.973398219794035e-05,
      "operation_seconds": 0.1280597670120187,
      "total_phase_seconds": 0.13060904300073162,
      "scope": "file writes include journal intent/add/flush; excludes this timing receipt and checkpoint writes",
      "mode": "stage4_sealed_cell",
      "banner": "sealed Stage 4; scientific admission also requires complete declared populations"
    },
    {
      "phase": "immediate:31",
      "identity_check_kind": "in_memory_structure_and_configuration",
      "recipe_verification_seconds": 0.0,
      "identity_verification_seconds": 0.0,
      "identity_check_seconds": 0.002004951995331794,
      "state_hash_seconds": 0.0025352879310958087,
      "clone_seconds": 0.0,
      "restore_seconds": 0.0,
      "file_write_seconds": 5.625700578093529e-05,
      "operation_seconds": 0.04015881801024079,
      "total_phase_seconds": 0.04483522003283724,
      "scope": "file writes include journal intent/add/flush; excludes this timing receipt and checkpoint writes",
      "mode": "stage4_sealed_cell",
      "banner": "sealed Stage 4; scientific admission also requires complete declared populations"
    },
    {
      "phase": "edit:32",
      "identity_check_kind": "in_memory_structure_and_configuration",
      "recipe_verification_seconds": 0.0,
      "identity_verification_seconds": 0.0,
      "identity_check_seconds": 0.001969273027498275,
      "state_hash_seconds": 0.00010902807116508484,
      "clone_seconds": 0.0,
      "restore_seconds": 0.0,
      "file_write_seconds": 5.676894215866923e-05,
      "operation_seconds": 0.12817462801467627,
      "total_phase_seconds": 0.1303668480250053,
      "scope": "file writes include journal intent/add/flush; excludes this timing receipt and checkpoint writes",
      "mode": "stage4_sealed_cell",
      "banner": "sealed Stage 4; scientific admission also requires complete declared populations"
    },
    {
      "phase": "immediate:32",
      "identity_check_kind": "in_memory_structure_and_configuration",
      "recipe_verification_seconds": 0.0,
      "identity_verification_seconds": 0.0,
      "identity_check_seconds": 0.0020808970439247787,
      "state_hash_seconds": 0.0025449960376136005,
      "clone_seconds": 0.0,
      "restore_seconds": 0.0,
      "file_write_seconds": 0.004459606017917395,
      "operation_seconds": 0.03769235097570345,
      "total_phase_seconds": 0.04685048200190067,
      "scope": "file writes include journal intent/add/flush; excludes this timing receipt and checkpoint writes",
      "mode": "stage4_sealed_cell",
      "banner": "sealed Stage 4; scientific admission also requires complete declared populations"
    },
    {
      "phase": "edit:33",
      "identity_check_kind": "in_memory_structure_and_configuration",
      "recipe_verification_seconds": 0.0,
      "identity_verification_seconds": 0.0,
      "identity_check_seconds": 0.0019406899809837341,
      "state_hash_seconds": 9.93009889498353e-05,
      "clone_seconds": 0.0,
      "restore_seconds": 0.0,
      "file_write_seconds": 0.0011066499864682555,
      "operation_seconds": 0.10701774299377576,
      "total_phase_seconds": 0.11022241500904784,
      "scope": "file writes include journal intent/add/flush; excludes this timing receipt and checkpoint writes",
      "mode": "stage4_sealed_cell",
      "banner": "sealed Stage 4; scientific admission also requires complete declared populations"
    },
    {
      "phase": "immediate:33",
      "identity_check_kind": "in_memory_structure_and_configuration",
      "recipe_verification_seconds": 0.0,
      "identity_verification_seconds": 0.0,
      "identity_check_seconds": 0.0020254910341463983,
      "state_hash_seconds": 0.0026973889907822013,
      "clone_seconds": 0.0,
      "restore_seconds": 0.0,
      "file_write_seconds": 5.826196866109967e-05,
      "operation_seconds": 0.03643743699649349,
      "total_phase_seconds": 0.04129164997721091,
      "scope": "file writes include journal intent/add/flush; excludes this timing receipt and checkpoint writes",
      "mode": "stage4_sealed_cell",
      "banner": "sealed Stage 4; scientific admission also requires complete declared populations"
    },
    {
      "phase": "edit:34",
      "identity_check_kind": "in_memory_structure_and_configuration",
      "recipe_verification_seconds": 0.0,
      "identity_verification_seconds": 0.0,
      "identity_check_seconds": 0.0020767389214597642,
      "state_hash_seconds": 0.00011633208487182856,
      "clone_seconds": 0.0,
      "restore_seconds": 0.0,
      "file_write_seconds": 5.8542005717754364e-05,
      "operation_seconds": 0.09216825600015,
      "total_phase_seconds": 0.09448098903521895,
      "scope": "file writes include journal intent/add/flush; excludes this timing receipt and checkpoint writes",
      "mode": "stage4_sealed_cell",
      "banner": "sealed Stage 4; scientific admission also requires complete declared populations"
    },
    {
      "phase": "immediate:34",
      "identity_check_kind": "in_memory_structure_and_configuration",
      "recipe_verification_seconds": 0.0,
      "identity_verification_seconds": 0.0,
      "identity_check_seconds": 0.0018696030019782484,
      "state_hash_seconds": 0.002715964976232499,
      "clone_seconds": 0.0,
      "restore_seconds": 0.0,
      "file_write_seconds": 5.673797568306327e-05,
      "operation_seconds": 0.028412307961843908,
      "total_phase_seconds": 0.033134266966953874,
      "scope": "file writes include journal intent/add/flush; excludes this timing receipt and checkpoint writes",
      "mode": "stage4_sealed_cell",
      "banner": "sealed Stage 4; scientific admission also requires complete declared populations"
    },
    {
      "phase": "edit:35",
      "identity_check_kind": "in_memory_structure_and_configuration",
      "recipe_verification_seconds": 0.0,
      "identity_verification_seconds": 0.0,
      "identity_check_seconds": 0.001895622001029551,
      "state_hash_seconds": 0.00011635402915999293,
      "clone_seconds": 0.0,
      "restore_seconds": 0.0,
      "file_write_seconds": 5.911302287131548e-05,
      "operation_seconds": 0.1221123089781031,
      "total_phase_seconds": 0.12424248200841248,
      "scope": "file writes include journal intent/add/flush; excludes this timing receipt and checkpoint writes",
      "mode": "stage4_sealed_cell",
      "banner": "sealed Stage 4; scientific admission also requires complete declared populations"
    },
    {
      "phase": "immediate:35",
      "identity_check_kind": "in_memory_structure_and_configuration",
      "recipe_verification_seconds": 0.0,
      "identity_verification_seconds": 0.0,
      "identity_check_seconds": 0.002573631005361676,
      "state_hash_seconds": 0.003249345056246966,
      "clone_seconds": 0.0,
      "restore_seconds": 0.0,
      "file_write_seconds": 9.906903142109513e-05,
      "operation_seconds": 0.04598018398974091,
      "total_phase_seconds": 0.05200209398753941,
      "scope": "file writes include journal intent/add/flush; excludes this timing receipt and checkpoint writes",
      "mode": "stage4_sealed_cell",
      "banner": "sealed Stage 4; scientific admission also requires complete declared populations"
    },
    {
      "phase": "edit:36",
      "identity_check_kind": "in_memory_structure_and_configuration",
      "recipe_verification_seconds": 0.0,
      "identity_verification_seconds": 0.0,
      "identity_check_seconds": 0.002090627036523074,
      "state_hash_seconds": 0.00011354801245033741,
      "clone_seconds": 0.0,
      "restore_seconds": 0.0,
      "file_write_seconds": 6.271002348512411e-05,
      "operation_seconds": 0.2698316119494848,
      "total_phase_seconds": 0.2721629100269638,
      "scope": "file writes include journal intent/add/flush; excludes this timing receipt and checkpoint writes",
      "mode": "stage4_sealed_cell",
      "banner": "sealed Stage 4; scientific admission also requires complete declared populations"
    },
    {
      "phase": "immediate:36",
      "identity_check_kind": "in_memory_structure_and_configuration",
      "recipe_verification_seconds": 0.0,
      "identity_verification_seconds": 0.0,
      "identity_check_seconds": 0.0019339059945195913,
      "state_hash_seconds": 0.002868106006644666,
      "clone_seconds": 0.0,
      "restore_seconds": 0.0,
      "file_write_seconds": 5.784106906503439e-05,
      "operation_seconds": 0.0886248960159719,
      "total_phase_seconds": 0.09356511401711032,
      "scope": "file writes include journal intent/add/flush; excludes this timing receipt and checkpoint writes",
      "mode": "stage4_sealed_cell",
      "banner": "sealed Stage 4; scientific admission also requires complete declared populations"
    },
    {
      "phase": "edit:37",
      "identity_check_kind": "in_memory_structure_and_configuration",
      "recipe_verification_seconds": 0.0,
      "identity_verification_seconds": 0.0,
      "identity_check_seconds": 0.001948794990312308,
      "state_hash_seconds": 0.00011467002332210541,
      "clone_seconds": 0.0,
      "restore_seconds": 0.0,
      "file_write_seconds": 5.8011035434901714e-05,
      "operation_seconds": 0.12478120398009196,
      "total_phase_seconds": 0.12696287600556388,
      "scope": "file writes include journal intent/add/flush; excludes this timing receipt and checkpoint writes",
      "mode": "stage4_sealed_cell",
      "banner": "sealed Stage 4; scientific admission also requires complete declared populations"
    },
    {
      "phase": "immediate:37",
      "identity_check_kind": "in_memory_structure_and_configuration",
      "recipe_verification_seconds": 0.0,
      "identity_verification_seconds": 0.0,
      "identity_check_seconds": 0.002226606011390686,
      "state_hash_seconds": 0.0030457579996436834,
      "clone_seconds": 0.0,
      "restore_seconds": 0.0,
      "file_write_seconds": 5.748099647462368e-05,
      "operation_seconds": 0.05331917805597186,
      "total_phase_seconds": 0.058726219984237105,
      "scope": "file writes include journal intent/add/flush; excludes this timing receipt and checkpoint writes",
      "mode": "stage4_sealed_cell",
      "banner": "sealed Stage 4; scientific admission also requires complete declared populations"
    },
    {
      "phase": "edit:38",
      "identity_check_kind": "in_memory_structure_and_configuration",
      "recipe_verification_seconds": 0.0,
      "identity_verification_seconds": 0.0,
      "identity_check_seconds": 0.0020004420075565577,
      "state_hash_seconds": 0.00010909908451139927,
      "clone_seconds": 0.0,
      "restore_seconds": 0.0,
      "file_write_seconds": 5.779002094641328e-05,
      "operation_seconds": 0.08462969999527559,
      "total_phase_seconds": 0.08685612701810896,
      "scope": "file writes include journal intent/add/flush; excludes this timing receipt and checkpoint writes",
      "mode": "stage4_sealed_cell",
      "banner": "sealed Stage 4; scientific admission also requires complete declared populations"
    },
    {
      "phase": "immediate:38",
      "identity_check_kind": "in_memory_structure_and_configuration",
      "recipe_verification_seconds": 0.0,
      "identity_verification_seconds": 0.0,
      "identity_check_seconds": 0.0018446350586600602,
      "state_hash_seconds": 0.002950746042188257,
      "clone_seconds": 0.0,
      "restore_seconds": 0.0,
      "file_write_seconds": 5.533598596230149e-05,
      "operation_seconds": 0.030679442977998406,
      "total_phase_seconds": 0.035601173993200064,
      "scope": "file writes include journal intent/add/flush; excludes this timing receipt and checkpoint writes",
      "mode": "stage4_sealed_cell",
      "banner": "sealed Stage 4; scientific admission also requires complete declared populations"
    },
    {
      "phase": "edit:39",
      "identity_check_kind": "in_memory_structure_and_configuration",
      "recipe_verification_seconds": 0.0,
      "identity_verification_seconds": 0.0,
      "identity_check_seconds": 0.0021030200296081603,
      "state_hash_seconds": 0.00011912803165614605,
      "clone_seconds": 0.0,
      "restore_seconds": 0.0,
      "file_write_seconds": 5.6429009418934584e-05,
      "operation_seconds": 0.150325516005978,
      "total_phase_seconds": 0.15266727400012314,
      "scope": "file writes include journal intent/add/flush; excludes this timing receipt and checkpoint writes",
      "mode": "stage4_sealed_cell",
      "banner": "sealed Stage 4; scientific admission also requires complete declared populations"
    },
    {
      "phase": "immediate:39",
      "identity_check_kind": "in_memory_structure_and_configuration",
      "recipe_verification_seconds": 0.0,
      "identity_verification_seconds": 0.0,
      "identity_check_seconds": 0.0020551090128719807,
      "state_hash_seconds": 0.0031702969572506845,
      "clone_seconds": 0.0,
      "restore_seconds": 0.0,
      "file_write_seconds": 5.5656011682003736e-05,
      "operation_seconds": 0.061349006020464,
      "total_phase_seconds": 0.06670444901101291,
      "scope": "file writes include journal intent/add/flush; excludes this timing receipt and checkpoint writes",
      "mode": "stage4_sealed_cell",
      "banner": "sealed Stage 4; scientific admission also requires complete declared populations"
    },
    {
      "phase": "edit:40",
      "identity_check_kind": "in_memory_structure_and_configuration",
      "recipe_verification_seconds": 0.0,
      "identity_verification_seconds": 0.0,
      "identity_check_seconds": 0.0019485049997456372,
      "state_hash_seconds": 0.000116321025416255,
      "clone_seconds": 0.0,
      "restore_seconds": 0.0,
      "file_write_seconds": 5.69300027564168e-05,
      "operation_seconds": 0.0976150649948977,
      "total_phase_seconds": 0.09979550400748849,
      "scope": "file writes include journal intent/add/flush; excludes this timing receipt and checkpoint writes",
      "mode": "stage4_sealed_cell",
      "banner": "sealed Stage 4; scientific admission also requires complete declared populations"
    },
    {
      "phase": "immediate:40",
      "identity_check_kind": "in_memory_structure_and_configuration",
      "recipe_verification_seconds": 0.0,
      "identity_verification_seconds": 0.0,
      "identity_check_seconds": 0.0021501800511032343,
      "state_hash_seconds": 0.003204812004696578,
      "clone_seconds": 0.0,
      "restore_seconds": 0.0,
      "file_write_seconds": 7.036497117951512e-05,
      "operation_seconds": 0.02904828602913767,
      "total_phase_seconds": 0.03454538097139448,
      "scope": "file writes include journal intent/add/flush; excludes this timing receipt and checkpoint writes",
      "mode": "stage4_sealed_cell",
      "banner": "sealed Stage 4; scientific admission also requires complete declared populations"
    },
    {
      "phase": "edit:41",
      "identity_check_kind": "in_memory_structure_and_configuration",
      "recipe_verification_seconds": 0.0,
      "identity_verification_seconds": 0.0,
      "identity_check_seconds": 0.0019342059968039393,
      "state_hash_seconds": 0.00013214291539043188,
      "clone_seconds": 0.0,
      "restore_seconds": 0.0,
      "file_write_seconds": 5.8331002946943045e-05,
      "operation_seconds": 0.09446667099837214,
      "total_phase_seconds": 0.09665209904778749,
      "scope": "file writes include journal intent/add/flush; excludes this timing receipt and checkpoint writes",
      "mode": "stage4_sealed_cell",
      "banner": "sealed Stage 4; scientific admission also requires complete declared populations"
    },
    {
      "phase": "immediate:41",
      "identity_check_kind": "in_memory_structure_and_configuration",
      "recipe_verification_seconds": 0.0,
      "identity_verification_seconds": 0.0,
      "identity_check_seconds": 0.002262966998387128,
      "state_hash_seconds": 0.00343504297779873,
      "clone_seconds": 0.0,
      "restore_seconds": 0.0,
      "file_write_seconds": 5.590601358562708e-05,
      "operation_seconds": 0.03006963396910578,
      "total_phase_seconds": 0.03589724202174693,
      "scope": "file writes include journal intent/add/flush; excludes this timing receipt and checkpoint writes",
      "mode": "stage4_sealed_cell",
      "banner": "sealed Stage 4; scientific admission also requires complete declared populations"
    },
    {
      "phase": "edit:42",
      "identity_check_kind": "in_memory_structure_and_configuration",
      "recipe_verification_seconds": 0.0,
      "identity_verification_seconds": 0.0,
      "identity_check_seconds": 0.002000944979954511,
      "state_hash_seconds": 0.00014363497029989958,
      "clone_seconds": 0.0,
      "restore_seconds": 0.0,
      "file_write_seconds": 5.8601959608495235e-05,
      "operation_seconds": 0.08972240902949125,
      "total_phase_seconds": 0.0919893030077219,
      "scope": "file writes include journal intent/add/flush; excludes this timing receipt and checkpoint writes",
      "mode": "stage4_sealed_cell",
      "banner": "sealed Stage 4; scientific admission also requires complete declared populations"
    },
    {
      "phase": "immediate:42",
      "identity_check_kind": "in_memory_structure_and_configuration",
      "recipe_verification_seconds": 0.0,
      "identity_verification_seconds": 0.0,
      "identity_check_seconds": 0.0019207809818908572,
      "state_hash_seconds": 0.003345601900946349,
      "clone_seconds": 0.0,
      "restore_seconds": 0.0,
      "file_write_seconds": 5.6307995691895485e-05,
      "operation_seconds": 0.0291308939922601,
      "total_phase_seconds": 0.03452356898924336,
      "scope": "file writes include journal intent/add/flush; excludes this timing receipt and checkpoint writes",
      "mode": "stage4_sealed_cell",
      "banner": "sealed Stage 4; scientific admission also requires complete declared populations"
    },
    {
      "phase": "edit:43",
      "identity_check_kind": "in_memory_structure_and_configuration",
      "recipe_verification_seconds": 0.0,
      "identity_verification_seconds": 0.0,
      "identity_check_seconds": 0.0019563999958336353,
      "state_hash_seconds": 0.00013484800001606345,
      "clone_seconds": 0.0,
      "restore_seconds": 0.0,
      "file_write_seconds": 5.8031000662595034e-05,
      "operation_seconds": 0.09057268901960924,
      "total_phase_seconds": 0.09278291504597291,
      "scope": "file writes include journal intent/add/flush; excludes this timing receipt and checkpoint writes",
      "mode": "stage4_sealed_cell",
      "banner": "sealed Stage 4; scientific admission also requires complete declared populations"
    },
    {
      "phase": "immediate:43",
      "identity_check_kind": "in_memory_structure_and_configuration",
      "recipe_verification_seconds": 0.0,
      "identity_verification_seconds": 0.0,
      "identity_check_seconds": 0.0019428229425102472,
      "state_hash_seconds": 0.0033452000352554023,
      "clone_seconds": 0.0,
      "restore_seconds": 0.0,
      "file_write_seconds": 5.621899617835879e-05,
      "operation_seconds": 0.023104066029191017,
      "total_phase_seconds": 0.028520935971755534,
      "scope": "file writes include journal intent/add/flush; excludes this timing receipt and checkpoint writes",
      "mode": "stage4_sealed_cell",
      "banner": "sealed Stage 4; scientific admission also requires complete declared populations"
    },
    {
      "phase": "edit:44",
      "identity_check_kind": "in_memory_structure_and_configuration",
      "recipe_verification_seconds": 0.0,
      "identity_verification_seconds": 0.0,
      "identity_check_seconds": 0.002565958013292402,
      "state_hash_seconds": 0.00015058903954923153,
      "clone_seconds": 0.0,
      "restore_seconds": 0.0,
      "file_write_seconds": 5.8653007727116346e-05,
      "operation_seconds": 0.3070056299911812,
      "total_phase_seconds": 0.3098473559948616,
      "scope": "file writes include journal intent/add/flush; excludes this timing receipt and checkpoint writes",
      "mode": "stage4_sealed_cell",
      "banner": "sealed Stage 4; scientific admission also requires complete declared populations"
    },
    {
      "phase": "immediate:44",
      "identity_check_kind": "in_memory_structure_and_configuration",
      "recipe_verification_seconds": 0.0,
      "identity_verification_seconds": 0.0,
      "identity_check_seconds": 0.002234932966530323,
      "state_hash_seconds": 0.0038017159677110612,
      "clone_seconds": 0.0,
      "restore_seconds": 0.0,
      "file_write_seconds": 6.223900709301233e-05,
      "operation_seconds": 0.07469202601350844,
      "total_phase_seconds": 0.08087820099899545,
      "scope": "file writes include journal intent/add/flush; excludes this timing receipt and checkpoint writes",
      "mode": "stage4_sealed_cell",
      "banner": "sealed Stage 4; scientific admission also requires complete declared populations"
    },
    {
      "phase": "edit:45",
      "identity_check_kind": "in_memory_structure_and_configuration",
      "recipe_verification_seconds": 0.0,
      "identity_verification_seconds": 0.0,
      "identity_check_seconds": 0.0020065849530510604,
      "state_hash_seconds": 0.00012399803381413221,
      "clone_seconds": 0.0,
      "restore_seconds": 0.0,
      "file_write_seconds": 5.7409924920648336e-05,
      "operation_seconds": 2.1715125470072962,
      "total_phase_seconds": 2.173763721017167,
      "scope": "file writes include journal intent/add/flush; excludes this timing receipt and checkpoint writes",
      "mode": "stage4_sealed_cell",
      "banner": "sealed Stage 4; scientific admission also requires complete declared populations"
    },
    {
      "phase": "immediate:45",
      "identity_check_kind": "in_memory_structure_and_configuration",
      "recipe_verification_seconds": 0.0,
      "identity_verification_seconds": 0.0,
      "identity_check_seconds": 0.0018743819673545659,
      "state_hash_seconds": 0.0035435300087556243,
      "clone_seconds": 0.0,
      "restore_seconds": 0.0,
      "file_write_seconds": 5.715998122468591e-05,
      "operation_seconds": 0.4302249909960665,
      "total_phase_seconds": 0.43576889601536095,
      "scope": "file writes include journal intent/add/flush; excludes this timing receipt and checkpoint writes",
      "mode": "stage4_sealed_cell",
      "banner": "sealed Stage 4; scientific admission also requires complete declared populations"
    },
    {
      "phase": "edit:46",
      "identity_check_kind": "in_memory_structure_and_configuration",
      "recipe_verification_seconds": 0.0,
      "identity_verification_seconds": 0.0,
      "identity_check_seconds": 0.0020978800021111965,
      "state_hash_seconds": 0.00013231392949819565,
      "clone_seconds": 0.0,
      "restore_seconds": 0.0,
      "file_write_seconds": 5.775108002126217e-05,
      "operation_seconds": 0.3056383400107734,
      "total_phase_seconds": 0.3079913390101865,
      "scope": "file writes include journal intent/add/flush; excludes this timing receipt and checkpoint writes",
      "mode": "stage4_sealed_cell",
      "banner": "sealed Stage 4; scientific admission also requires complete declared populations"
    },
    {
      "phase": "immediate:46",
      "identity_check_kind": "in_memory_structure_and_configuration",
      "recipe_verification_seconds": 0.0,
      "identity_verification_seconds": 0.0,
      "identity_check_seconds": 0.0027982720057480037,
      "state_hash_seconds": 0.004090139060281217,
      "clone_seconds": 0.0,
      "restore_seconds": 0.0,
      "file_write_seconds": 9.20869642868638e-05,
      "operation_seconds": 0.06901555799413472,
      "total_phase_seconds": 0.07611277903197333,
      "scope": "file writes include journal intent/add/flush; excludes this timing receipt and checkpoint writes",
      "mode": "stage4_sealed_cell",
      "banner": "sealed Stage 4; scientific admission also requires complete declared populations"
    },
    {
      "phase": "edit:47",
      "identity_check_kind": "in_memory_structure_and_configuration",
      "recipe_verification_seconds": 0.0,
      "identity_verification_seconds": 0.0,
      "identity_check_seconds": 0.002376332995481789,
      "state_hash_seconds": 0.00013316492550075054,
      "clone_seconds": 0.0,
      "restore_seconds": 0.0,
      "file_write_seconds": 6.024702452123165e-05,
      "operation_seconds": 0.16162552102468908,
      "total_phase_seconds": 0.16426765400683507,
      "scope": "file writes include journal intent/add/flush; excludes this timing receipt and checkpoint writes",
      "mode": "stage4_sealed_cell",
      "banner": "sealed Stage 4; scientific admission also requires complete declared populations"
    },
    {
      "phase": "immediate:47",
      "identity_check_kind": "in_memory_structure_and_configuration",
      "recipe_verification_seconds": 0.0,
      "identity_verification_seconds": 0.0,
      "identity_check_seconds": 0.0021229289704933763,
      "state_hash_seconds": 0.003907467005774379,
      "clone_seconds": 0.0,
      "restore_seconds": 0.0,
      "file_write_seconds": 5.622697062790394e-05,
      "operation_seconds": 0.05360306199872866,
      "total_phase_seconds": 0.059769618965219706,
      "scope": "file writes include journal intent/add/flush; excludes this timing receipt and checkpoint writes",
      "mode": "stage4_sealed_cell",
      "banner": "sealed Stage 4; scientific admission also requires complete declared populations"
    },
    {
      "phase": "edit:48",
      "identity_check_kind": "in_memory_structure_and_configuration",
      "recipe_verification_seconds": 0.0,
      "identity_verification_seconds": 0.0,
      "identity_check_seconds": 0.001986297022085637,
      "state_hash_seconds": 0.000124728016089648,
      "clone_seconds": 0.0,
      "restore_seconds": 0.0,
      "file_write_seconds": 5.658803274855018e-05,
      "operation_seconds": 0.1818033389863558,
      "total_phase_seconds": 0.18403109797509387,
      "scope": "file writes include journal intent/add/flush; excludes this timing receipt and checkpoint writes",
      "mode": "stage4_sealed_cell",
      "banner": "sealed Stage 4; scientific admission also requires complete declared populations"
    },
    {
      "phase": "immediate:48",
      "identity_check_kind": "in_memory_structure_and_configuration",
      "recipe_verification_seconds": 0.0,
      "identity_verification_seconds": 0.0,
      "identity_check_seconds": 0.0021805979777127504,
      "state_hash_seconds": 0.003988423966802657,
      "clone_seconds": 0.0,
      "restore_seconds": 0.0,
      "file_write_seconds": 0.004633328993804753,
      "operation_seconds": 0.05716348602436483,
      "total_phase_seconds": 0.06804546900093555,
      "scope": "file writes include journal intent/add/flush; excludes this timing receipt and checkpoint writes",
      "mode": "stage4_sealed_cell",
      "banner": "sealed Stage 4; scientific admission also requires complete declared populations"
    },
    {
      "phase": "edit:49",
      "identity_check_kind": "in_memory_structure_and_configuration",
      "recipe_verification_seconds": 0.0,
      "identity_verification_seconds": 0.0,
      "identity_check_seconds": 0.002112508052960038,
      "state_hash_seconds": 0.00014384498354047537,
      "clone_seconds": 0.0,
      "restore_seconds": 0.0,
      "file_write_seconds": 0.0013110109721310437,
      "operation_seconds": 0.12727524398360401,
      "total_phase_seconds": 0.13091303600231186,
      "scope": "file writes include journal intent/add/flush; excludes this timing receipt and checkpoint writes",
      "mode": "stage4_sealed_cell",
      "banner": "sealed Stage 4; scientific admission also requires complete declared populations"
    },
    {
      "phase": "immediate:49",
      "identity_check_kind": "in_memory_structure_and_configuration",
      "recipe_verification_seconds": 0.0,
      "identity_verification_seconds": 0.0,
      "identity_check_seconds": 0.0019435249851085246,
      "state_hash_seconds": 0.003977401996962726,
      "clone_seconds": 0.0,
      "restore_seconds": 0.0,
      "file_write_seconds": 6.0816004406660795e-05,
      "operation_seconds": 0.030901217949576676,
      "total_phase_seconds": 0.036974515998736024,
      "scope": "file writes include journal intent/add/flush; excludes this timing receipt and checkpoint writes",
      "mode": "stage4_sealed_cell",
      "banner": "sealed Stage 4; scientific admission also requires complete declared populations"
    },
    {
      "phase": "edit:50",
      "identity_check_kind": "in_memory_structure_and_configuration",
      "recipe_verification_seconds": 0.0,
      "identity_verification_seconds": 0.0,
      "identity_check_seconds": 0.002060558064840734,
      "state_hash_seconds": 0.00014168297639116645,
      "clone_seconds": 0.0,
      "restore_seconds": 0.0,
      "file_write_seconds": 5.897303344681859e-05,
      "operation_seconds": 0.11662721901666373,
      "total_phase_seconds": 0.11895229300716892,
      "scope": "file writes include journal intent/add/flush; excludes this timing receipt and checkpoint writes",
      "mode": "stage4_sealed_cell",
      "banner": "sealed Stage 4; scientific admission also requires complete declared populations"
    },
    {
      "phase": "immediate:50",
      "identity_check_kind": "in_memory_structure_and_configuration",
      "recipe_verification_seconds": 0.0,
      "identity_verification_seconds": 0.0,
      "identity_check_seconds": 0.0020445780246518552,
      "state_hash_seconds": 0.004125685023609549,
      "clone_seconds": 0.0,
      "restore_seconds": 0.0,
      "file_write_seconds": 6.008497439324856e-05,
      "operation_seconds": 0.03155670297564939,
      "total_phase_seconds": 0.03787906904472038,
      "scope": "file writes include journal intent/add/flush; excludes this timing receipt and checkpoint writes",
      "mode": "stage4_sealed_cell",
      "banner": "sealed Stage 4; scientific admission also requires complete declared populations"
    },
    {
      "phase": "edit:51",
      "identity_check_kind": "in_memory_structure_and_configuration",
      "recipe_verification_seconds": 0.0,
      "identity_verification_seconds": 0.0,
      "identity_check_seconds": 0.0023335920413956046,
      "state_hash_seconds": 0.00016893300926312804,
      "clone_seconds": 0.0,
      "restore_seconds": 0.0,
      "file_write_seconds": 5.974603118374944e-05,
      "operation_seconds": 0.10467059601796791,
      "total_phase_seconds": 0.10731812898302451,
      "scope": "file writes include journal intent/add/flush; excludes this timing receipt and checkpoint writes",
      "mode": "stage4_sealed_cell",
      "banner": "sealed Stage 4; scientific admission also requires complete declared populations"
    },
    {
      "phase": "immediate:51",
      "identity_check_kind": "in_memory_structure_and_configuration",
      "recipe_verification_seconds": 0.0,
      "identity_verification_seconds": 0.0,
      "identity_check_seconds": 0.0021863600704818964,
      "state_hash_seconds": 0.004391396010760218,
      "clone_seconds": 0.0,
      "restore_seconds": 0.0,
      "file_write_seconds": 7.110694423317909e-05,
      "operation_seconds": 0.03615681000519544,
      "total_phase_seconds": 0.042896855040453374,
      "scope": "file writes include journal intent/add/flush; excludes this timing receipt and checkpoint writes",
      "mode": "stage4_sealed_cell",
      "banner": "sealed Stage 4; scientific admission also requires complete declared populations"
    },
    {
      "phase": "edit:52",
      "identity_check_kind": "in_memory_structure_and_configuration",
      "recipe_verification_seconds": 0.0,
      "identity_verification_seconds": 0.0,
      "identity_check_seconds": 0.0020841140067204833,
      "state_hash_seconds": 0.0001638249959796667,
      "clone_seconds": 0.0,
      "restore_seconds": 0.0,
      "file_write_seconds": 5.781097570434213e-05,
      "operation_seconds": 0.11887253099121153,
      "total_phase_seconds": 0.12124023900832981,
      "scope": "file writes include journal intent/add/flush; excludes this timing receipt and checkpoint writes",
      "mode": "stage4_sealed_cell",
      "banner": "sealed Stage 4; scientific admission also requires complete declared populations"
    },
    {
      "phase": "immediate:52",
      "identity_check_kind": "in_memory_structure_and_configuration",
      "recipe_verification_seconds": 0.0,
      "identity_verification_seconds": 0.0,
      "identity_check_seconds": 0.002029087976552546,
      "state_hash_seconds": 0.004170600965153426,
      "clone_seconds": 0.0,
      "restore_seconds": 0.0,
      "file_write_seconds": 5.642796168103814e-05,
      "operation_seconds": 0.04452856199350208,
      "total_phase_seconds": 0.05085892300121486,
      "scope": "file writes include journal intent/add/flush; excludes this timing receipt and checkpoint writes",
      "mode": "stage4_sealed_cell",
      "banner": "sealed Stage 4; scientific admission also requires complete declared populations"
    },
    {
      "phase": "edit:53",
      "identity_check_kind": "in_memory_structure_and_configuration",
      "recipe_verification_seconds": 0.0,
      "identity_verification_seconds": 0.0,
      "identity_check_seconds": 0.00204725400544703,
      "state_hash_seconds": 0.00015449599595740438,
      "clone_seconds": 0.0,
      "restore_seconds": 0.0,
      "file_write_seconds": 6.381195271387696e-05,
      "operation_seconds": 0.1972656599828042,
      "total_phase_seconds": 0.1995970270363614,
      "scope": "file writes include journal intent/add/flush; excludes this timing receipt and checkpoint writes",
      "mode": "stage4_sealed_cell",
      "banner": "sealed Stage 4; scientific admission also requires complete declared populations"
    },
    {
      "phase": "immediate:53",
      "identity_check_kind": "in_memory_structure_and_configuration",
      "recipe_verification_seconds": 0.0,
      "identity_verification_seconds": 0.0,
      "identity_check_seconds": 0.0021390279289335012,
      "state_hash_seconds": 0.004315940022934228,
      "clone_seconds": 0.0,
      "restore_seconds": 0.0,
      "file_write_seconds": 5.763000808656216e-05,
      "operation_seconds": 0.05514503800077364,
      "total_phase_seconds": 0.06173817196395248,
      "scope": "file writes include journal intent/add/flush; excludes this timing receipt and checkpoint writes",
      "mode": "stage4_sealed_cell",
      "banner": "sealed Stage 4; scientific admission also requires complete declared populations"
    },
    {
      "phase": "edit:54",
      "identity_check_kind": "in_memory_structure_and_configuration",
      "recipe_verification_seconds": 0.0,
      "identity_verification_seconds": 0.0,
      "identity_check_seconds": 0.0020297400769777596,
      "state_hash_seconds": 0.00014283298514783382,
      "clone_seconds": 0.0,
      "restore_seconds": 0.0,
      "file_write_seconds": 5.8102014008909464e-05,
      "operation_seconds": 0.09724882198497653,
      "total_phase_seconds": 0.0995406840229407,
      "scope": "file writes include journal intent/add/flush; excludes this timing receipt and checkpoint writes",
      "mode": "stage4_sealed_cell",
      "banner": "sealed Stage 4; scientific admission also requires complete declared populations"
    },
    {
      "phase": "immediate:54",
      "identity_check_kind": "in_memory_structure_and_configuration",
      "recipe_verification_seconds": 0.0,
      "identity_verification_seconds": 0.0,
      "identity_check_seconds": 0.0019287560135126114,
      "state_hash_seconds": 0.004393548937514424,
      "clone_seconds": 0.0,
      "restore_seconds": 0.0,
      "file_write_seconds": 5.9673970099538565e-05,
      "operation_seconds": 0.03231426596175879,
      "total_phase_seconds": 0.038770397019106895,
      "scope": "file writes include journal intent/add/flush; excludes this timing receipt and checkpoint writes",
      "mode": "stage4_sealed_cell",
      "banner": "sealed Stage 4; scientific admission also requires complete declared populations"
    },
    {
      "phase": "edit:55",
      "identity_check_kind": "in_memory_structure_and_configuration",
      "recipe_verification_seconds": 0.0,
      "identity_verification_seconds": 0.0,
      "identity_check_seconds": 0.001985785027500242,
      "state_hash_seconds": 0.00014311494305729866,
      "clone_seconds": 0.0,
      "restore_seconds": 0.0,
      "file_write_seconds": 5.838100332766771e-05,
      "operation_seconds": 0.0950345799792558,
      "total_phase_seconds": 0.0972832590341568,
      "scope": "file writes include journal intent/add/flush; excludes this timing receipt and checkpoint writes",
      "mode": "stage4_sealed_cell",
      "banner": "sealed Stage 4; scientific admission also requires complete declared populations"
    },
    {
      "phase": "immediate:55",
      "identity_check_kind": "in_memory_structure_and_configuration",
      "recipe_verification_seconds": 0.0,
      "identity_verification_seconds": 0.0,
      "identity_check_seconds": 0.002130042004864663,
      "state_hash_seconds": 0.0043414689716883,
      "clone_seconds": 0.0,
      "restore_seconds": 0.0,
      "file_write_seconds": 5.635694833472371e-05,
      "operation_seconds": 0.0322502629715018,
      "total_phase_seconds": 0.03885834600077942,
      "scope": "file writes include journal intent/add/flush; excludes this timing receipt and checkpoint writes",
      "mode": "stage4_sealed_cell",
      "banner": "sealed Stage 4; scientific admission also requires complete declared populations"
    },
    {
      "phase": "edit:56",
      "identity_check_kind": "in_memory_structure_and_configuration",
      "recipe_verification_seconds": 0.0,
      "identity_verification_seconds": 0.0,
      "identity_check_seconds": 0.0020294189453125,
      "state_hash_seconds": 0.00015068805078044534,
      "clone_seconds": 0.0,
      "restore_seconds": 0.0,
      "file_write_seconds": 5.955406231805682e-05,
      "operation_seconds": 0.11187819798942655,
      "total_phase_seconds": 0.11418000899720937,
      "scope": "file writes include journal intent/add/flush; excludes this timing receipt and checkpoint writes",
      "mode": "stage4_sealed_cell",
      "banner": "sealed Stage 4; scientific admission also requires complete declared populations"
    },
    {
      "phase": "immediate:56",
      "identity_check_kind": "in_memory_structure_and_configuration",
      "recipe_verification_seconds": 0.0,
      "identity_verification_seconds": 0.0,
      "identity_check_seconds": 0.0021817800006829202,
      "state_hash_seconds": 0.004685359017457813,
      "clone_seconds": 0.0,
      "restore_seconds": 0.0,
      "file_write_seconds": 5.659903399646282e-05,
      "operation_seconds": 0.05664099397836253,
      "total_phase_seconds": 0.06365402397932485,
      "scope": "file writes include journal intent/add/flush; excludes this timing receipt and checkpoint writes",
      "mode": "stage4_sealed_cell",
      "banner": "sealed Stage 4; scientific admission also requires complete declared populations"
    },
    {
      "phase": "edit:57",
      "identity_check_kind": "in_memory_structure_and_configuration",
      "recipe_verification_seconds": 0.0,
      "identity_verification_seconds": 0.0,
      "identity_check_seconds": 0.002490021928679198,
      "state_hash_seconds": 0.0001434760633856058,
      "clone_seconds": 0.0,
      "restore_seconds": 0.0,
      "file_write_seconds": 5.8613019064068794e-05,
      "operation_seconds": 0.1540759730269201,
      "total_phase_seconds": 0.15683033195091411,
      "scope": "file writes include journal intent/add/flush; excludes this timing receipt and checkpoint writes",
      "mode": "stage4_sealed_cell",
      "banner": "sealed Stage 4; scientific admission also requires complete declared populations"
    },
    {
      "phase": "immediate:57",
      "identity_check_kind": "in_memory_structure_and_configuration",
      "recipe_verification_seconds": 0.0,
      "identity_verification_seconds": 0.0,
      "identity_check_seconds": 0.002138508018106222,
      "state_hash_seconds": 0.004503732023295015,
      "clone_seconds": 0.0,
      "restore_seconds": 0.0,
      "file_write_seconds": 5.689996760338545e-05,
      "operation_seconds": 0.06718140299199149,
      "total_phase_seconds": 0.0739532999577932,
      "scope": "file writes include journal intent/add/flush; excludes this timing receipt and checkpoint writes",
      "mode": "stage4_sealed_cell",
      "banner": "sealed Stage 4; scientific admission also requires complete declared populations"
    },
    {
      "phase": "edit:58",
      "identity_check_kind": "in_memory_structure_and_configuration",
      "recipe_verification_seconds": 0.0,
      "identity_verification_seconds": 0.0,
      "identity_check_seconds": 0.001949767058249563,
      "state_hash_seconds": 0.00015226192772388458,
      "clone_seconds": 0.0,
      "restore_seconds": 0.0,
      "file_write_seconds": 5.8771984186023474e-05,
      "operation_seconds": 0.12706286599859595,
      "total_phase_seconds": 0.1292856670334004,
      "scope": "file writes include journal intent/add/flush; excludes this timing receipt and checkpoint writes",
      "mode": "stage4_sealed_cell",
      "banner": "sealed Stage 4; scientific admission also requires complete declared populations"
    },
    {
      "phase": "immediate:58",
      "identity_check_kind": "in_memory_structure_and_configuration",
      "recipe_verification_seconds": 0.0,
      "identity_verification_seconds": 0.0,
      "identity_check_seconds": 0.002014910976868123,
      "state_hash_seconds": 0.004615595971699804,
      "clone_seconds": 0.0,
      "restore_seconds": 0.0,
      "file_write_seconds": 5.688000237569213e-05,
      "operation_seconds": 0.05589694797527045,
      "total_phase_seconds": 0.06265802501002327,
      "scope": "file writes include journal intent/add/flush; excludes this timing receipt and checkpoint writes",
      "mode": "stage4_sealed_cell",
      "banner": "sealed Stage 4; scientific admission also requires complete declared populations"
    },
    {
      "phase": "edit:59",
      "identity_check_kind": "in_memory_structure_and_configuration",
      "recipe_verification_seconds": 0.0,
      "identity_verification_seconds": 0.0,
      "identity_check_seconds": 0.0020878210198134184,
      "state_hash_seconds": 0.0001381740439683199,
      "clone_seconds": 0.0,
      "restore_seconds": 0.0,
      "file_write_seconds": 5.851202877238393e-05,
      "operation_seconds": 0.15922100300667807,
      "total_phase_seconds": 0.16157193895196542,
      "scope": "file writes include journal intent/add/flush; excludes this timing receipt and checkpoint writes",
      "mode": "stage4_sealed_cell",
      "banner": "sealed Stage 4; scientific admission also requires complete declared populations"
    },
    {
      "phase": "immediate:59",
      "identity_check_kind": "in_memory_structure_and_configuration",
      "recipe_verification_seconds": 0.0,
      "identity_verification_seconds": 0.0,
      "identity_check_seconds": 0.0019711359636858106,
      "state_hash_seconds": 0.004711929999757558,
      "clone_seconds": 0.0,
      "restore_seconds": 0.0,
      "file_write_seconds": 5.649798549711704e-05,
      "operation_seconds": 0.07104354497278109,
      "total_phase_seconds": 0.07786325400229543,
      "scope": "file writes include journal intent/add/flush; excludes this timing receipt and checkpoint writes",
      "mode": "stage4_sealed_cell",
      "banner": "sealed Stage 4; scientific admission also requires complete declared populations"
    },
    {
      "phase": "edit:60",
      "identity_check_kind": "in_memory_structure_and_configuration",
      "recipe_verification_seconds": 0.0,
      "identity_verification_seconds": 0.0,
      "identity_check_seconds": 0.002108971937559545,
      "state_hash_seconds": 0.00017179892165586352,
      "clone_seconds": 0.0,
      "restore_seconds": 0.0,
      "file_write_seconds": 5.90629642829299e-05,
      "operation_seconds": 0.285210873989854,
      "total_phase_seconds": 0.2876174550037831,
      "scope": "file writes include journal intent/add/flush; excludes this timing receipt and checkpoint writes",
      "mode": "stage4_sealed_cell",
      "banner": "sealed Stage 4; scientific admission also requires complete declared populations"
    },
    {
      "phase": "immediate:60",
      "identity_check_kind": "in_memory_structure_and_configuration",
      "recipe_verification_seconds": 0.0,
      "identity_verification_seconds": 0.0,
      "identity_check_seconds": 0.0021995839779265225,
      "state_hash_seconds": 0.005024357989896089,
      "clone_seconds": 0.0,
      "restore_seconds": 0.0,
      "file_write_seconds": 5.6608987506479025e-05,
      "operation_seconds": 0.08494013495510444,
      "total_phase_seconds": 0.09230719303013757,
      "scope": "file writes include journal intent/add/flush; excludes this timing receipt and checkpoint writes",
      "mode": "stage4_sealed_cell",
      "banner": "sealed Stage 4; scientific admission also requires complete declared populations"
    },
    {
      "phase": "edit:61",
      "identity_check_kind": "in_memory_structure_and_configuration",
      "recipe_verification_seconds": 0.0,
      "identity_verification_seconds": 0.0,
      "identity_check_seconds": 0.002160560979973525,
      "state_hash_seconds": 0.0001982700196094811,
      "clone_seconds": 0.0,
      "restore_seconds": 0.0,
      "file_write_seconds": 5.9213023632764816e-05,
      "operation_seconds": 0.1304577330010943,
      "total_phase_seconds": 0.1329508200287819,
      "scope": "file writes include journal intent/add/flush; excludes this timing receipt and checkpoint writes",
      "mode": "stage4_sealed_cell",
      "banner": "sealed Stage 4; scientific admission also requires complete declared populations"
    },
    {
      "phase": "immediate:61",
      "identity_check_kind": "in_memory_structure_and_configuration",
      "recipe_verification_seconds": 0.0,
      "identity_verification_seconds": 0.0,
      "identity_check_seconds": 0.0020698970183730125,
      "state_hash_seconds": 0.004853993013966829,
      "clone_seconds": 0.0,
      "restore_seconds": 0.0,
      "file_write_seconds": 6.60859514027834e-05,
      "operation_seconds": 0.031875865010078996,
      "total_phase_seconds": 0.038946835964452475,
      "scope": "file writes include journal intent/add/flush; excludes this timing receipt and checkpoint writes",
      "mode": "stage4_sealed_cell",
      "banner": "sealed Stage 4; scientific admission also requires complete declared populations"
    },
    {
      "phase": "edit:62",
      "identity_check_kind": "in_memory_structure_and_configuration",
      "recipe_verification_seconds": 0.0,
      "identity_verification_seconds": 0.0,
      "identity_check_seconds": 0.002003499015700072,
      "state_hash_seconds": 0.00017171894432976842,
      "clone_seconds": 0.0,
      "restore_seconds": 0.0,
      "file_write_seconds": 5.779101047664881e-05,
      "operation_seconds": 0.09713251900393516,
      "total_phase_seconds": 0.09942843997851014,
      "scope": "file writes include journal intent/add/flush; excludes this timing receipt and checkpoint writes",
      "mode": "stage4_sealed_cell",
      "banner": "sealed Stage 4; scientific admission also requires complete declared populations"
    },
    {
      "phase": "immediate:62",
      "identity_check_kind": "in_memory_structure_and_configuration",
      "recipe_verification_seconds": 0.0,
      "identity_verification_seconds": 0.0,
      "identity_check_seconds": 0.001889269973617047,
      "state_hash_seconds": 0.005036602029576898,
      "clone_seconds": 0.0,
      "restore_seconds": 0.0,
      "file_write_seconds": 5.553604569286108e-05,
      "operation_seconds": 0.033616942004300654,
      "total_phase_seconds": 0.040670207992661744,
      "scope": "file writes include journal intent/add/flush; excludes this timing receipt and checkpoint writes",
      "mode": "stage4_sealed_cell",
      "banner": "sealed Stage 4; scientific admission also requires complete declared populations"
    },
    {
      "phase": "edit:63",
      "identity_check_kind": "in_memory_structure_and_configuration",
      "recipe_verification_seconds": 0.0,
      "identity_verification_seconds": 0.0,
      "identity_check_seconds": 0.0019673900096677244,
      "state_hash_seconds": 0.00013821502216160297,
      "clone_seconds": 0.0,
      "restore_seconds": 0.0,
      "file_write_seconds": 5.634798435494304e-05,
      "operation_seconds": 0.12038280599517748,
      "total_phase_seconds": 0.1226098129991442,
      "scope": "file writes include journal intent/add/flush; excludes this timing receipt and checkpoint writes",
      "mode": "stage4_sealed_cell",
      "banner": "sealed Stage 4; scientific admission also requires complete declared populations"
    },
    {
      "phase": "immediate:63",
      "identity_check_kind": "in_memory_structure_and_configuration",
      "recipe_verification_seconds": 0.0,
      "identity_verification_seconds": 0.0,
      "identity_check_seconds": 0.002400781027972698,
      "state_hash_seconds": 0.005135760933626443,
      "clone_seconds": 0.0,
      "restore_seconds": 0.0,
      "file_write_seconds": 5.770998541265726e-05,
      "operation_seconds": 0.05665120296180248,
      "total_phase_seconds": 0.0643290369771421,
      "scope": "file writes include journal intent/add/flush; excludes this timing receipt and checkpoint writes",
      "mode": "stage4_sealed_cell",
      "banner": "sealed Stage 4; scientific admission also requires complete declared populations"
    },
    {
      "phase": "edit:64",
      "identity_check_kind": "in_memory_structure_and_configuration",
      "recipe_verification_seconds": 0.0,
      "identity_verification_seconds": 0.0,
      "identity_check_seconds": 0.002206988981924951,
      "state_hash_seconds": 0.00018000596901401877,
      "clone_seconds": 0.0,
      "restore_seconds": 0.0,
      "file_write_seconds": 6.16579782217741e-05,
      "operation_seconds": 0.2646620849845931,
      "total_phase_seconds": 0.26718006998999044,
      "scope": "file writes include journal intent/add/flush; excludes this timing receipt and checkpoint writes",
      "mode": "stage4_sealed_cell",
      "banner": "sealed Stage 4; scientific admission also requires complete declared populations"
    },
    {
      "phase": "immediate:64",
      "identity_check_kind": "in_memory_structure_and_configuration",
      "recipe_verification_seconds": 0.0,
      "identity_verification_seconds": 0.0,
      "identity_check_seconds": 0.002004510082770139,
      "state_hash_seconds": 0.005159666936378926,
      "clone_seconds": 0.0,
      "restore_seconds": 0.0,
      "file_write_seconds": 0.021232379018329084,
      "operation_seconds": 0.09574689401779324,
      "total_phase_seconds": 0.1242282249731943,
      "scope": "file writes include journal intent/add/flush; excludes this timing receipt and checkpoint writes",
      "mode": "stage4_sealed_cell",
      "banner": "sealed Stage 4; scientific admission also requires complete declared populations"
    },
    {
      "phase": "edit:65",
      "identity_check_kind": "in_memory_structure_and_configuration",
      "recipe_verification_seconds": 0.0,
      "identity_verification_seconds": 0.0,
      "identity_check_seconds": 0.0022125710383988917,
      "state_hash_seconds": 0.0001796430442482233,
      "clone_seconds": 0.0,
      "restore_seconds": 0.0,
      "file_write_seconds": 0.0012459870195016265,
      "operation_seconds": 0.12601823499426246,
      "total_phase_seconds": 0.12973700201837346,
      "scope": "file writes include journal intent/add/flush; excludes this timing receipt and checkpoint writes",
      "mode": "stage4_sealed_cell",
      "banner": "sealed Stage 4; scientific admission also requires complete declared populations"
    },
    {
      "phase": "immediate:65",
      "identity_check_kind": "in_memory_structure_and_configuration",
      "recipe_verification_seconds": 0.0,
      "identity_verification_seconds": 0.0,
      "identity_check_seconds": 0.0021814999636262655,
      "state_hash_seconds": 0.00525882700458169,
      "clone_seconds": 0.0,
      "restore_seconds": 0.0,
      "file_write_seconds": 5.534599767997861e-05,
      "operation_seconds": 0.04530497099040076,
      "total_phase_seconds": 0.0528777819708921,
      "scope": "file writes include journal intent/add/flush; excludes this timing receipt and checkpoint writes",
      "mode": "stage4_sealed_cell",
      "banner": "sealed Stage 4; scientific admission also requires complete declared populations"
    },
    {
      "phase": "edit:66",
      "identity_check_kind": "in_memory_structure_and_configuration",
      "recipe_verification_seconds": 0.0,
      "identity_verification_seconds": 0.0,
      "identity_check_seconds": 0.0021659309859387577,
      "state_hash_seconds": 0.00015514896949753165,
      "clone_seconds": 0.0,
      "restore_seconds": 0.0,
      "file_write_seconds": 5.721999332308769e-05,
      "operation_seconds": 0.08870554104214534,
      "total_phase_seconds": 0.09114419401157647,
      "scope": "file writes include journal intent/add/flush; excludes this timing receipt and checkpoint writes",
      "mode": "stage4_sealed_cell",
      "banner": "sealed Stage 4; scientific admission also requires complete declared populations"
    },
    {
      "phase": "immediate:66",
      "identity_check_kind": "in_memory_structure_and_configuration",
      "recipe_verification_seconds": 0.0,
      "identity_verification_seconds": 0.0,
      "identity_check_seconds": 0.002031363022979349,
      "state_hash_seconds": 0.00598296505631879,
      "clone_seconds": 0.0,
      "restore_seconds": 0.0,
      "file_write_seconds": 5.8963021729141474e-05,
      "operation_seconds": 0.03528641100274399,
      "total_phase_seconds": 0.043455976992845535,
      "scope": "file writes include journal intent/add/flush; excludes this timing receipt and checkpoint writes",
      "mode": "stage4_sealed_cell",
      "banner": "sealed Stage 4; scientific admission also requires complete declared populations"
    },
    {
      "phase": "edit:67",
      "identity_check_kind": "in_memory_structure_and_configuration",
      "recipe_verification_seconds": 0.0,
      "identity_verification_seconds": 0.0,
      "identity_check_seconds": 0.0022163669345900416,
      "state_hash_seconds": 0.00016366399358958006,
      "clone_seconds": 0.0,
      "restore_seconds": 0.0,
      "file_write_seconds": 6.029603537172079e-05,
      "operation_seconds": 0.12086371699115261,
      "total_phase_seconds": 0.12337615201249719,
      "scope": "file writes include journal intent/add/flush; excludes this timing receipt and checkpoint writes",
      "mode": "stage4_sealed_cell",
      "banner": "sealed Stage 4; scientific admission also requires complete declared populations"
    },
    {
      "phase": "immediate:67",
      "identity_check_kind": "in_memory_structure_and_configuration",
      "recipe_verification_seconds": 0.0,
      "identity_verification_seconds": 0.0,
      "identity_check_seconds": 0.0019673090428113937,
      "state_hash_seconds": 0.005310826993081719,
      "clone_seconds": 0.0,
      "restore_seconds": 0.0,
      "file_write_seconds": 5.809101276099682e-05,
      "operation_seconds": 0.06217360700247809,
      "total_phase_seconds": 0.06959087098948658,
      "scope": "file writes include journal intent/add/flush; excludes this timing receipt and checkpoint writes",
      "mode": "stage4_sealed_cell",
      "banner": "sealed Stage 4; scientific admission also requires complete declared populations"
    },
    {
      "phase": "edit:68",
      "identity_check_kind": "in_memory_structure_and_configuration",
      "recipe_verification_seconds": 0.0,
      "identity_verification_seconds": 0.0,
      "identity_check_seconds": 0.002065317996311933,
      "state_hash_seconds": 0.00016596686327829957,
      "clone_seconds": 0.0,
      "restore_seconds": 0.0,
      "file_write_seconds": 5.788198905065656e-05,
      "operation_seconds": 0.09662928601028398,
      "total_phase_seconds": 0.0989812120096758,
      "scope": "file writes include journal intent/add/flush; excludes this timing receipt and checkpoint writes",
      "mode": "stage4_sealed_cell",
      "banner": "sealed Stage 4; scientific admission also requires complete declared populations"
    },
    {
      "phase": "immediate:68",
      "identity_check_kind": "in_memory_structure_and_configuration",
      "recipe_verification_seconds": 0.0,
      "identity_verification_seconds": 0.0,
      "identity_check_seconds": 0.002020021027419716,
      "state_hash_seconds": 0.005293083027936518,
      "clone_seconds": 0.0,
      "restore_seconds": 0.0,
      "file_write_seconds": 5.6747987400740385e-05,
      "operation_seconds": 0.034919307043310255,
      "total_phase_seconds": 0.04236539703560993,
      "scope": "file writes include journal intent/add/flush; excludes this timing receipt and checkpoint writes",
      "mode": "stage4_sealed_cell",
      "banner": "sealed Stage 4; scientific admission also requires complete declared populations"
    },
    {
      "phase": "edit:69",
      "identity_check_kind": "in_memory_structure_and_configuration",
      "recipe_verification_seconds": 0.0,
      "identity_verification_seconds": 0.0,
      "identity_check_seconds": 0.002136393974069506,
      "state_hash_seconds": 0.0001786619541235268,
      "clone_seconds": 0.0,
      "restore_seconds": 0.0,
      "file_write_seconds": 5.7169992942363024e-05,
      "operation_seconds": 0.1773861629772,
      "total_phase_seconds": 0.1798256789916195,
      "scope": "file writes include journal intent/add/flush; excludes this timing receipt and checkpoint writes",
      "mode": "stage4_sealed_cell",
      "banner": "sealed Stage 4; scientific admission also requires complete declared populations"
    },
    {
      "phase": "immediate:69",
      "identity_check_kind": "in_memory_structure_and_configuration",
      "recipe_verification_seconds": 0.0,
      "identity_verification_seconds": 0.0,
      "identity_check_seconds": 0.0020264439517632127,
      "state_hash_seconds": 0.005406872020103037,
      "clone_seconds": 0.0,
      "restore_seconds": 0.0,
      "file_write_seconds": 5.701900226995349e-05,
      "operation_seconds": 0.038490240985993296,
      "total_phase_seconds": 0.04605733201606199,
      "scope": "file writes include journal intent/add/flush; excludes this timing receipt and checkpoint writes",
      "mode": "stage4_sealed_cell",
      "banner": "sealed Stage 4; scientific admission also requires complete declared populations"
    },
    {
      "phase": "edit:70",
      "identity_check_kind": "in_memory_structure_and_configuration",
      "recipe_verification_seconds": 0.0,
      "identity_verification_seconds": 0.0,
      "identity_check_seconds": 0.0020834619645029306,
      "state_hash_seconds": 0.00020366994431242347,
      "clone_seconds": 0.0,
      "restore_seconds": 0.0,
      "file_write_seconds": 5.9635029174387455e-05,
      "operation_seconds": 0.12593665800523013,
      "total_phase_seconds": 0.12835903000086546,
      "scope": "file writes include journal intent/add/flush; excludes this timing receipt and checkpoint writes",
      "mode": "stage4_sealed_cell",
      "banner": "sealed Stage 4; scientific admission also requires complete declared populations"
    },
    {
      "phase": "immediate:70",
      "identity_check_kind": "in_memory_structure_and_configuration",
      "recipe_verification_seconds": 0.0,
      "identity_verification_seconds": 0.0,
      "identity_check_seconds": 0.0022740879794582725,
      "state_hash_seconds": 0.005556327931117266,
      "clone_seconds": 0.0,
      "restore_seconds": 0.0,
      "file_write_seconds": 5.676900036633015e-05,
      "operation_seconds": 0.03589927504071966,
      "total_phase_seconds": 0.04387739498633891,
      "scope": "file writes include journal intent/add/flush; excludes this timing receipt and checkpoint writes",
      "mode": "stage4_sealed_cell",
      "banner": "sealed Stage 4; scientific admission also requires complete declared populations"
    },
    {
      "phase": "edit:71",
      "identity_check_kind": "in_memory_structure_and_configuration",
      "recipe_verification_seconds": 0.0,
      "identity_verification_seconds": 0.0,
      "identity_check_seconds": 0.00211427197791636,
      "state_hash_seconds": 0.00019184802658855915,
      "clone_seconds": 0.0,
      "restore_seconds": 0.0,
      "file_write_seconds": 5.823106039315462e-05,
      "operation_seconds": 0.20184213999891654,
      "total_phase_seconds": 0.20428452000487596,
      "scope": "file writes include journal intent/add/flush; excludes this timing receipt and checkpoint writes",
      "mode": "stage4_sealed_cell",
      "banner": "sealed Stage 4; scientific admission also requires complete declared populations"
    },
    {
      "phase": "immediate:71",
      "identity_check_kind": "in_memory_structure_and_configuration",
      "recipe_verification_seconds": 0.0,
      "identity_verification_seconds": 0.0,
      "identity_check_seconds": 0.0020201309816911817,
      "state_hash_seconds": 0.0056794940028339624,
      "clone_seconds": 0.0,
      "restore_seconds": 0.0,
      "file_write_seconds": 5.513499490916729e-05,
      "operation_seconds": 0.05974797799717635,
      "total_phase_seconds": 0.06759807199705392,
      "scope": "file writes include journal intent/add/flush; excludes this timing receipt and checkpoint writes",
      "mode": "stage4_sealed_cell",
      "banner": "sealed Stage 4; scientific admission also requires complete declared populations"
    },
    {
      "phase": "edit:72",
      "identity_check_kind": "in_memory_structure_and_configuration",
      "recipe_verification_seconds": 0.0,
      "identity_verification_seconds": 0.0,
      "identity_check_seconds": 0.0020118560059927404,
      "state_hash_seconds": 0.000183640921022743,
      "clone_seconds": 0.0,
      "restore_seconds": 0.0,
      "file_write_seconds": 5.904305726289749e-05,
      "operation_seconds": 0.12467637297231704,
      "total_phase_seconds": 0.12700112903257832,
      "scope": "file writes include journal intent/add/flush; excludes this timing receipt and checkpoint writes",
      "mode": "stage4_sealed_cell",
      "banner": "sealed Stage 4; scientific admission also requires complete declared populations"
    },
    {
      "phase": "immediate:72",
      "identity_check_kind": "in_memory_structure_and_configuration",
      "recipe_verification_seconds": 0.0,
      "identity_verification_seconds": 0.0,
      "identity_check_seconds": 0.0021008969633840024,
      "state_hash_seconds": 0.005806678091175854,
      "clone_seconds": 0.0,
      "restore_seconds": 0.0,
      "file_write_seconds": 5.543598672375083e-05,
      "operation_seconds": 0.04814082395751029,
      "total_phase_seconds": 0.05618964903987944,
      "scope": "file writes include journal intent/add/flush; excludes this timing receipt and checkpoint writes",
      "mode": "stage4_sealed_cell",
      "banner": "sealed Stage 4; scientific admission also requires complete declared populations"
    },
    {
      "phase": "edit:73",
      "identity_check_kind": "in_memory_structure_and_configuration",
      "recipe_verification_seconds": 0.0,
      "identity_verification_seconds": 0.0,
      "identity_check_seconds": 0.0021777430083602667,
      "state_hash_seconds": 0.0001673310180194676,
      "clone_seconds": 0.0,
      "restore_seconds": 0.0,
      "file_write_seconds": 5.8451027143746614e-05,
      "operation_seconds": 0.09315069997683167,
      "total_phase_seconds": 0.09561725601088256,
      "scope": "file writes include journal intent/add/flush; excludes this timing receipt and checkpoint writes",
      "mode": "stage4_sealed_cell",
      "banner": "sealed Stage 4; scientific admission also requires complete declared populations"
    },
    {
      "phase": "immediate:73",
      "identity_check_kind": "in_memory_structure_and_configuration",
      "recipe_verification_seconds": 0.0,
      "identity_verification_seconds": 0.0,
      "identity_check_seconds": 0.0018772780895233154,
      "state_hash_seconds": 0.005731673969421536,
      "clone_seconds": 0.0,
      "restore_seconds": 0.0,
      "file_write_seconds": 5.640898598358035e-05,
      "operation_seconds": 0.035244630998931825,
      "total_phase_seconds": 0.04298259998904541,
      "scope": "file writes include journal intent/add/flush; excludes this timing receipt and checkpoint writes",
      "mode": "stage4_sealed_cell",
      "banner": "sealed Stage 4; scientific admission also requires complete declared populations"
    },
    {
      "phase": "edit:74",
      "identity_check_kind": "in_memory_structure_and_configuration",
      "recipe_verification_seconds": 0.0,
      "identity_verification_seconds": 0.0,
      "identity_check_seconds": 0.0019427119987085462,
      "state_hash_seconds": 0.0001678729895502329,
      "clone_seconds": 0.0,
      "restore_seconds": 0.0,
      "file_write_seconds": 5.763006629422307e-05,
      "operation_seconds": 0.2001853350084275,
      "total_phase_seconds": 0.20241340500069782,
      "scope": "file writes include journal intent/add/flush; excludes this timing receipt and checkpoint writes",
      "mode": "stage4_sealed_cell",
      "banner": "sealed Stage 4; scientific admission also requires complete declared populations"
    },
    {
      "phase": "immediate:74",
      "identity_check_kind": "in_memory_structure_and_configuration",
      "recipe_verification_seconds": 0.0,
      "identity_verification_seconds": 0.0,
      "identity_check_seconds": 0.0022064370568841696,
      "state_hash_seconds": 0.006295533035881817,
      "clone_seconds": 0.0,
      "restore_seconds": 0.0,
      "file_write_seconds": 5.7969940826296806e-05,
      "operation_seconds": 0.08135208900785074,
      "total_phase_seconds": 0.09000143397133797,
      "scope": "file writes include journal intent/add/flush; excludes this timing receipt and checkpoint writes",
      "mode": "stage4_sealed_cell",
      "banner": "sealed Stage 4; scientific admission also requires complete declared populations"
    },
    {
      "phase": "edit:75",
      "identity_check_kind": "in_memory_structure_and_configuration",
      "recipe_verification_seconds": 0.0,
      "identity_verification_seconds": 0.0,
      "identity_check_seconds": 0.0020644660107791424,
      "state_hash_seconds": 0.00017553498037159443,
      "clone_seconds": 0.0,
      "restore_seconds": 0.0,
      "file_write_seconds": 5.811202572658658e-05,
      "operation_seconds": 0.09927386400522664,
      "total_phase_seconds": 0.10163358499994501,
      "scope": "file writes include journal intent/add/flush; excludes this timing receipt and checkpoint writes",
      "mode": "stage4_sealed_cell",
      "banner": "sealed Stage 4; scientific admission also requires complete declared populations"
    },
    {
      "phase": "immediate:75",
      "identity_check_kind": "in_memory_structure_and_configuration",
      "recipe_verification_seconds": 0.0,
      "identity_verification_seconds": 0.0,
      "identity_check_seconds": 0.0019538739579729736,
      "state_hash_seconds": 0.0060636590351350605,
      "clone_seconds": 0.0,
      "restore_seconds": 0.0,
      "file_write_seconds": 5.7649973314255476e-05,
      "operation_seconds": 0.03629307000664994,
      "total_phase_seconds": 0.04445016197860241,
      "scope": "file writes include journal intent/add/flush; excludes this timing receipt and checkpoint writes",
      "mode": "stage4_sealed_cell",
      "banner": "sealed Stage 4; scientific admission also requires complete declared populations"
    },
    {
      "phase": "edit:76",
      "identity_check_kind": "in_memory_structure_and_configuration",
      "recipe_verification_seconds": 0.0,
      "identity_verification_seconds": 0.0,
      "identity_check_seconds": 0.002250763005577028,
      "state_hash_seconds": 0.00017820106586441398,
      "clone_seconds": 0.0,
      "restore_seconds": 0.0,
      "file_write_seconds": 5.899305688217282e-05,
      "operation_seconds": 0.11653906997526065,
      "total_phase_seconds": 0.11909449700033292,
      "scope": "file writes include journal intent/add/flush; excludes this timing receipt and checkpoint writes",
      "mode": "stage4_sealed_cell",
      "banner": "sealed Stage 4; scientific admission also requires complete declared populations"
    },
    {
      "phase": "immediate:76",
      "identity_check_kind": "in_memory_structure_and_configuration",
      "recipe_verification_seconds": 0.0,
      "identity_verification_seconds": 0.0,
      "identity_check_seconds": 0.0020795249729417264,
      "state_hash_seconds": 0.006023563037160784,
      "clone_seconds": 0.0,
      "restore_seconds": 0.0,
      "file_write_seconds": 5.563691956922412e-05,
      "operation_seconds": 0.048986825975589454,
      "total_phase_seconds": 0.0572248530224897,
      "scope": "file writes include journal intent/add/flush; excludes this timing receipt and checkpoint writes",
      "mode": "stage4_sealed_cell",
      "banner": "sealed Stage 4; scientific admission also requires complete declared populations"
    },
    {
      "phase": "edit:77",
      "identity_check_kind": "in_memory_structure_and_configuration",
      "recipe_verification_seconds": 0.0,
      "identity_verification_seconds": 0.0,
      "identity_check_seconds": 0.001955056970473379,
      "state_hash_seconds": 0.00016686890739947557,
      "clone_seconds": 0.0,
      "restore_seconds": 0.0,
      "file_write_seconds": 5.873193731531501e-05,
      "operation_seconds": 0.1239582669804804,
      "total_phase_seconds": 0.1262007449986413,
      "scope": "file writes include journal intent/add/flush; excludes this timing receipt and checkpoint writes",
      "mode": "stage4_sealed_cell",
      "banner": "sealed Stage 4; scientific admission also requires complete declared populations"
    },
    {
      "phase": "immediate:77",
      "identity_check_kind": "in_memory_structure_and_configuration",
      "recipe_verification_seconds": 0.0,
      "identity_verification_seconds": 0.0,
      "identity_check_seconds": 0.0020362830255180597,
      "state_hash_seconds": 0.0060877479263581336,
      "clone_seconds": 0.0,
      "restore_seconds": 0.0,
      "file_write_seconds": 5.7119003031402826e-05,
      "operation_seconds": 0.03591357299592346,
      "total_phase_seconds": 0.04417696798918769,
      "scope": "file writes include journal intent/add/flush; excludes this timing receipt and checkpoint writes",
      "mode": "stage4_sealed_cell",
      "banner": "sealed Stage 4; scientific admission also requires complete declared populations"
    },
    {
      "phase": "edit:78",
      "identity_check_kind": "in_memory_structure_and_configuration",
      "recipe_verification_seconds": 0.0,
      "identity_verification_seconds": 0.0,
      "identity_check_seconds": 0.0020576940150931478,
      "state_hash_seconds": 0.000183790922164917,
      "clone_seconds": 0.0,
      "restore_seconds": 0.0,
      "file_write_seconds": 5.867308937013149e-05,
      "operation_seconds": 0.0909402230172418,
      "total_phase_seconds": 0.09330434404546395,
      "scope": "file writes include journal intent/add/flush; excludes this timing receipt and checkpoint writes",
      "mode": "stage4_sealed_cell",
      "banner": "sealed Stage 4; scientific admission also requires complete declared populations"
    },
    {
      "phase": "immediate:78",
      "identity_check_kind": "in_memory_structure_and_configuration",
      "recipe_verification_seconds": 0.0,
      "identity_verification_seconds": 0.0,
      "identity_check_seconds": 0.0018591719563119113,
      "state_hash_seconds": 0.00605961203109473,
      "clone_seconds": 0.0,
      "restore_seconds": 0.0,
      "file_write_seconds": 5.769002018496394e-05,
      "operation_seconds": 0.04822270100703463,
      "total_phase_seconds": 0.056271106004714966,
      "scope": "file writes include journal intent/add/flush; excludes this timing receipt and checkpoint writes",
      "mode": "stage4_sealed_cell",
      "banner": "sealed Stage 4; scientific admission also requires complete declared populations"
    },
    {
      "phase": "edit:79",
      "identity_check_kind": "in_memory_structure_and_configuration",
      "recipe_verification_seconds": 0.0,
      "identity_verification_seconds": 0.0,
      "identity_check_seconds": 0.0019705159938894212,
      "state_hash_seconds": 0.00018164701759815216,
      "clone_seconds": 0.0,
      "restore_seconds": 0.0,
      "file_write_seconds": 5.7529949117451906e-05,
      "operation_seconds": 0.07930356397992,
      "total_phase_seconds": 0.08157395501621068,
      "scope": "file writes include journal intent/add/flush; excludes this timing receipt and checkpoint writes",
      "mode": "stage4_sealed_cell",
      "banner": "sealed Stage 4; scientific admission also requires complete declared populations"
    },
    {
      "phase": "immediate:79",
      "identity_check_kind": "in_memory_structure_and_configuration",
      "recipe_verification_seconds": 0.0,
      "identity_verification_seconds": 0.0,
      "identity_check_seconds": 0.0018562169861979783,
      "state_hash_seconds": 0.00609771505696699,
      "clone_seconds": 0.0,
      "restore_seconds": 0.0,
      "file_write_seconds": 5.5938027799129486e-05,
      "operation_seconds": 0.04288066504523158,
      "total_phase_seconds": 0.050960809050593525,
      "scope": "file writes include journal intent/add/flush; excludes this timing receipt and checkpoint writes",
      "mode": "stage4_sealed_cell",
      "banner": "sealed Stage 4; scientific admission also requires complete declared populations"
    },
    {
      "phase": "edit:80",
      "identity_check_kind": "in_memory_structure_and_configuration",
      "recipe_verification_seconds": 0.0,
      "identity_verification_seconds": 0.0,
      "identity_check_seconds": 0.0019572810269892216,
      "state_hash_seconds": 0.0001799240126274526,
      "clone_seconds": 0.0,
      "restore_seconds": 0.0,
      "file_write_seconds": 5.790096474811435e-05,
      "operation_seconds": 0.09546644799411297,
      "total_phase_seconds": 0.09772295196307823,
      "scope": "file writes include journal intent/add/flush; excludes this timing receipt and checkpoint writes",
      "mode": "stage4_sealed_cell",
      "banner": "sealed Stage 4; scientific admission also requires complete declared populations"
    },
    {
      "phase": "immediate:80",
      "identity_check_kind": "in_memory_structure_and_configuration",
      "recipe_verification_seconds": 0.0,
      "identity_verification_seconds": 0.0,
      "identity_check_seconds": 0.001965576026123017,
      "state_hash_seconds": 0.006207755068317056,
      "clone_seconds": 0.0,
      "restore_seconds": 0.0,
      "file_write_seconds": 0.004595866950694472,
      "operation_seconds": 0.037257418036460876,
      "total_phase_seconds": 0.05010222300188616,
      "scope": "file writes include journal intent/add/flush; excludes this timing receipt and checkpoint writes",
      "mode": "stage4_sealed_cell",
      "banner": "sealed Stage 4; scientific admission also requires complete declared populations"
    },
    {
      "phase": "edit:81",
      "identity_check_kind": "in_memory_structure_and_configuration",
      "recipe_verification_seconds": 0.0,
      "identity_verification_seconds": 0.0,
      "identity_check_seconds": 0.00225401803618297,
      "state_hash_seconds": 0.000198368972633034,
      "clone_seconds": 0.0,
      "restore_seconds": 0.0,
      "file_write_seconds": 0.0011638010037131608,
      "operation_seconds": 0.09630355099216104,
      "total_phase_seconds": 0.09998628898756579,
      "scope": "file writes include journal intent/add/flush; excludes this timing receipt and checkpoint writes",
      "mode": "stage4_sealed_cell",
      "banner": "sealed Stage 4; scientific admission also requires complete declared populations"
    },
    {
      "phase": "immediate:81",
      "identity_check_kind": "in_memory_structure_and_configuration",
      "recipe_verification_seconds": 0.0,
      "identity_verification_seconds": 0.0,
      "identity_check_seconds": 0.0020182979642413557,
      "state_hash_seconds": 0.007072565029375255,
      "clone_seconds": 0.0,
      "restore_seconds": 0.0,
      "file_write_seconds": 7.499399362131953e-05,
      "operation_seconds": 0.04970297799445689,
      "total_phase_seconds": 0.05899356200825423,
      "scope": "file writes include journal intent/add/flush; excludes this timing receipt and checkpoint writes",
      "mode": "stage4_sealed_cell",
      "banner": "sealed Stage 4; scientific admission also requires complete declared populations"
    },
    {
      "phase": "edit:82",
      "identity_check_kind": "in_memory_structure_and_configuration",
      "recipe_verification_seconds": 0.0,
      "identity_verification_seconds": 0.0,
      "identity_check_seconds": 0.002790738013572991,
      "state_hash_seconds": 0.00021964008919894695,
      "clone_seconds": 0.0,
      "restore_seconds": 0.0,
      "file_write_seconds": 5.945400334894657e-05,
      "operation_seconds": 0.12904649798292667,
      "total_phase_seconds": 0.13219035300426185,
      "scope": "file writes include journal intent/add/flush; excludes this timing receipt and checkpoint writes",
      "mode": "stage4_sealed_cell",
      "banner": "sealed Stage 4; scientific admission also requires complete declared populations"
    },
    {
      "phase": "immediate:82",
      "identity_check_kind": "in_memory_structure_and_configuration",
      "recipe_verification_seconds": 0.0,
      "identity_verification_seconds": 0.0,
      "identity_check_seconds": 0.002378528006374836,
      "state_hash_seconds": 0.006865496980026364,
      "clone_seconds": 0.0,
      "restore_seconds": 0.0,
      "file_write_seconds": 5.918298847973347e-05,
      "operation_seconds": 0.0333042920101434,
      "total_phase_seconds": 0.04270667099626735,
      "scope": "file writes include journal intent/add/flush; excludes this timing receipt and checkpoint writes",
      "mode": "stage4_sealed_cell",
      "banner": "sealed Stage 4; scientific admission also requires complete declared populations"
    },
    {
      "phase": "edit:83",
      "identity_check_kind": "in_memory_structure_and_configuration",
      "recipe_verification_seconds": 0.0,
      "identity_verification_seconds": 0.0,
      "identity_check_seconds": 0.0026418729685246944,
      "state_hash_seconds": 0.00023790396517142653,
      "clone_seconds": 0.0,
      "restore_seconds": 0.0,
      "file_write_seconds": 6.174802547320724e-05,
      "operation_seconds": 0.18601400800980628,
      "total_phase_seconds": 0.18905003601685166,
      "scope": "file writes include journal intent/add/flush; excludes this timing receipt and checkpoint writes",
      "mode": "stage4_sealed_cell",
      "banner": "sealed Stage 4; scientific admission also requires complete declared populations"
    },
    {
      "phase": "immediate:83",
      "identity_check_kind": "in_memory_structure_and_configuration",
      "recipe_verification_seconds": 0.0,
      "identity_verification_seconds": 0.0,
      "identity_check_seconds": 0.001983060035854578,
      "state_hash_seconds": 0.006344107969198376,
      "clone_seconds": 0.0,
      "restore_seconds": 0.0,
      "file_write_seconds": 5.565595347434282e-05,
      "operation_seconds": 0.07426198199391365,
      "total_phase_seconds": 0.0827241389779374,
      "scope": "file writes include journal intent/add/flush; excludes this timing receipt and checkpoint writes",
      "mode": "stage4_sealed_cell",
      "banner": "sealed Stage 4; scientific admission also requires complete declared populations"
    },
    {
      "phase": "edit:84",
      "identity_check_kind": "in_memory_structure_and_configuration",
      "recipe_verification_seconds": 0.0,
      "identity_verification_seconds": 0.0,
      "identity_check_seconds": 0.0020043510012328625,
      "state_hash_seconds": 0.00019835098646581173,
      "clone_seconds": 0.0,
      "restore_seconds": 0.0,
      "file_write_seconds": 5.723896902054548e-05,
      "operation_seconds": 0.10253904003184289,
      "total_phase_seconds": 0.1048606300028041,
      "scope": "file writes include journal intent/add/flush; excludes this timing receipt and checkpoint writes",
      "mode": "stage4_sealed_cell",
      "banner": "sealed Stage 4; scientific admission also requires complete declared populations"
    },
    {
      "phase": "immediate:84",
      "identity_check_kind": "in_memory_structure_and_configuration",
      "recipe_verification_seconds": 0.0,
      "identity_verification_seconds": 0.0,
      "identity_check_seconds": 0.0019994110334664583,
      "state_hash_seconds": 0.006625717040151358,
      "clone_seconds": 0.0,
      "restore_seconds": 0.0,
      "file_write_seconds": 6.129697430878878e-05,
      "operation_seconds": 0.03768953704275191,
      "total_phase_seconds": 0.046462899015750736,
      "scope": "file writes include journal intent/add/flush; excludes this timing receipt and checkpoint writes",
      "mode": "stage4_sealed_cell",
      "banner": "sealed Stage 4; scientific admission also requires complete declared populations"
    },
    {
      "phase": "edit:85",
      "identity_check_kind": "in_memory_structure_and_configuration",
      "recipe_verification_seconds": 0.0,
      "identity_verification_seconds": 0.0,
      "identity_check_seconds": 0.002153508015908301,
      "state_hash_seconds": 0.0002075769007205963,
      "clone_seconds": 0.0,
      "restore_seconds": 0.0,
      "file_write_seconds": 5.832099122926593e-05,
      "operation_seconds": 0.1864346240181476,
      "total_phase_seconds": 0.18892435502493754,
      "scope": "file writes include journal intent/add/flush; excludes this timing receipt and checkpoint writes",
      "mode": "stage4_sealed_cell",
      "banner": "sealed Stage 4; scientific admission also requires complete declared populations"
    },
    {
      "phase": "immediate:85",
      "identity_check_kind": "in_memory_structure_and_configuration",
      "recipe_verification_seconds": 0.0,
      "identity_verification_seconds": 0.0,
      "identity_check_seconds": 0.002084543986711651,
      "state_hash_seconds": 0.0064871220383793116,
      "clone_seconds": 0.0,
      "restore_seconds": 0.0,
      "file_write_seconds": 5.603698082268238e-05,
      "operation_seconds": 0.06861143396236002,
      "total_phase_seconds": 0.07731687603518367,
      "scope": "file writes include journal intent/add/flush; excludes this timing receipt and checkpoint writes",
      "mode": "stage4_sealed_cell",
      "banner": "sealed Stage 4; scientific admission also requires complete declared populations"
    },
    {
      "phase": "edit:86",
      "identity_check_kind": "in_memory_structure_and_configuration",
      "recipe_verification_seconds": 0.0,
      "identity_verification_seconds": 0.0,
      "identity_check_seconds": 0.0019801140297204256,
      "state_hash_seconds": 0.0001889929990284145,
      "clone_seconds": 0.0,
      "restore_seconds": 0.0,
      "file_write_seconds": 5.907396553084254e-05,
      "operation_seconds": 0.07944365200819448,
      "total_phase_seconds": 0.08173314901068807,
      "scope": "file writes include journal intent/add/flush; excludes this timing receipt and checkpoint writes",
      "mode": "stage4_sealed_cell",
      "banner": "sealed Stage 4; scientific admission also requires complete declared populations"
    },
    {
      "phase": "immediate:86",
      "identity_check_kind": "in_memory_structure_and_configuration",
      "recipe_verification_seconds": 0.0,
      "identity_verification_seconds": 0.0,
      "identity_check_seconds": 0.0018529719673097134,
      "state_hash_seconds": 0.006618302024435252,
      "clone_seconds": 0.0,
      "restore_seconds": 0.0,
      "file_write_seconds": 5.566596519201994e-05,
      "operation_seconds": 0.04097604501293972,
      "total_phase_seconds": 0.04958061402430758,
      "scope": "file writes include journal intent/add/flush; excludes this timing receipt and checkpoint writes",
      "mode": "stage4_sealed_cell",
      "banner": "sealed Stage 4; scientific admission also requires complete declared populations"
    },
    {
      "phase": "edit:87",
      "identity_check_kind": "in_memory_structure_and_configuration",
      "recipe_verification_seconds": 0.0,
      "identity_verification_seconds": 0.0,
      "identity_check_seconds": 0.0020618110429495573,
      "state_hash_seconds": 0.0001788620720617473,
      "clone_seconds": 0.0,
      "restore_seconds": 0.0,
      "file_write_seconds": 5.805096589028835e-05,
      "operation_seconds": 0.1845062579959631,
      "total_phase_seconds": 0.18686385598266497,
      "scope": "file writes include journal intent/add/flush; excludes this timing receipt and checkpoint writes",
      "mode": "stage4_sealed_cell",
      "banner": "sealed Stage 4; scientific admission also requires complete declared populations"
    },
    {
      "phase": "immediate:87",
      "identity_check_kind": "in_memory_structure_and_configuration",
      "recipe_verification_seconds": 0.0,
      "identity_verification_seconds": 0.0,
      "identity_check_seconds": 0.0020368630066514015,
      "state_hash_seconds": 0.006609066040255129,
      "clone_seconds": 0.0,
      "restore_seconds": 0.0,
      "file_write_seconds": 5.6868011597543955e-05,
      "operation_seconds": 0.03920031199231744,
      "total_phase_seconds": 0.04798904398921877,
      "scope": "file writes include journal intent/add/flush; excludes this timing receipt and checkpoint writes",
      "mode": "stage4_sealed_cell",
      "banner": "sealed Stage 4; scientific admission also requires complete declared populations"
    },
    {
      "phase": "edit:88",
      "identity_check_kind": "in_memory_structure_and_configuration",
      "recipe_verification_seconds": 0.0,
      "identity_verification_seconds": 0.0,
      "identity_check_seconds": 0.0027748969732783735,
      "state_hash_seconds": 0.00025598908541724086,
      "clone_seconds": 0.0,
      "restore_seconds": 0.0,
      "file_write_seconds": 5.8180943597108126e-05,
      "operation_seconds": 0.1690912379999645,
      "total_phase_seconds": 0.172251152980607,
      "scope": "file writes include journal intent/add/flush; excludes this timing receipt and checkpoint writes",
      "mode": "stage4_sealed_cell",
      "banner": "sealed Stage 4; scientific admission also requires complete declared populations"
    },
    {
      "phase": "immediate:88",
      "identity_check_kind": "in_memory_structure_and_configuration",
      "recipe_verification_seconds": 0.0,
      "identity_verification_seconds": 0.0,
      "identity_check_seconds": 0.0019810969824902713,
      "state_hash_seconds": 0.006667739013209939,
      "clone_seconds": 0.0,
      "restore_seconds": 0.0,
      "file_write_seconds": 5.587702617049217e-05,
      "operation_seconds": 0.038559033011551946,
      "total_phase_seconds": 0.047342175035737455,
      "scope": "file writes include journal intent/add/flush; excludes this timing receipt and checkpoint writes",
      "mode": "stage4_sealed_cell",
      "banner": "sealed Stage 4; scientific admission also requires complete declared populations"
    },
    {
      "phase": "edit:89",
      "identity_check_kind": "in_memory_structure_and_configuration",
      "recipe_verification_seconds": 0.0,
      "identity_verification_seconds": 0.0,
      "identity_check_seconds": 0.002405259001534432,
      "state_hash_seconds": 0.0002182680182158947,
      "clone_seconds": 0.0,
      "restore_seconds": 0.0,
      "file_write_seconds": 5.8352015912532806e-05,
      "operation_seconds": 0.15854326396947727,
      "total_phase_seconds": 0.16129058902151883,
      "scope": "file writes include journal intent/add/flush; excludes this timing receipt and checkpoint writes",
      "mode": "stage4_sealed_cell",
      "banner": "sealed Stage 4; scientific admission also requires complete declared populations"
    },
    {
      "phase": "immediate:89",
      "identity_check_kind": "in_memory_structure_and_configuration",
      "recipe_verification_seconds": 0.0,
      "identity_verification_seconds": 0.0,
      "identity_check_seconds": 0.0020842949743382633,
      "state_hash_seconds": 0.006778720999136567,
      "clone_seconds": 0.0,
      "restore_seconds": 0.0,
      "file_write_seconds": 5.6688033509999514e-05,
      "operation_seconds": 0.05533235700568184,
      "total_phase_seconds": 0.06433553900569677,
      "scope": "file writes include journal intent/add/flush; excludes this timing receipt and checkpoint writes",
      "mode": "stage4_sealed_cell",
      "banner": "sealed Stage 4; scientific admission also requires complete declared populations"
    },
    {
      "phase": "edit:90",
      "identity_check_kind": "in_memory_structure_and_configuration",
      "recipe_verification_seconds": 0.0,
      "identity_verification_seconds": 0.0,
      "identity_check_seconds": 0.0020762290223501623,
      "state_hash_seconds": 0.00018694897880777717,
      "clone_seconds": 0.0,
      "restore_seconds": 0.0,
      "file_write_seconds": 5.6397984735667706e-05,
      "operation_seconds": 0.3203742289915681,
      "total_phase_seconds": 0.3227526469854638,
      "scope": "file writes include journal intent/add/flush; excludes this timing receipt and checkpoint writes",
      "mode": "stage4_sealed_cell",
      "banner": "sealed Stage 4; scientific admission also requires complete declared populations"
    },
    {
      "phase": "immediate:90",
      "identity_check_kind": "in_memory_structure_and_configuration",
      "recipe_verification_seconds": 0.0,
      "identity_verification_seconds": 0.0,
      "identity_check_seconds": 0.002115264011081308,
      "state_hash_seconds": 0.007045312086120248,
      "clone_seconds": 0.0,
      "restore_seconds": 0.0,
      "file_write_seconds": 5.7360040955245495e-05,
      "operation_seconds": 0.1084278550115414,
      "total_phase_seconds": 0.11772512301104143,
      "scope": "file writes include journal intent/add/flush; excludes this timing receipt and checkpoint writes",
      "mode": "stage4_sealed_cell",
      "banner": "sealed Stage 4; scientific admission also requires complete declared populations"
    },
    {
      "phase": "edit:91",
      "identity_check_kind": "in_memory_structure_and_configuration",
      "recipe_verification_seconds": 0.0,
      "identity_verification_seconds": 0.0,
      "identity_check_seconds": 0.002225375035777688,
      "state_hash_seconds": 0.00026936602080240846,
      "clone_seconds": 0.0,
      "restore_seconds": 0.0,
      "file_write_seconds": 5.915394285693765e-05,
      "operation_seconds": 0.18063557101413608,
      "total_phase_seconds": 0.18326430796878412,
      "scope": "file writes include journal intent/add/flush; excludes this timing receipt and checkpoint writes",
      "mode": "stage4_sealed_cell",
      "banner": "sealed Stage 4; scientific admission also requires complete declared populations"
    },
    {
      "phase": "immediate:91",
      "identity_check_kind": "in_memory_structure_and_configuration",
      "recipe_verification_seconds": 0.0,
      "identity_verification_seconds": 0.0,
      "identity_check_seconds": 0.0021360540413297713,
      "state_hash_seconds": 0.007040540978778154,
      "clone_seconds": 0.0,
      "restore_seconds": 0.0,
      "file_write_seconds": 5.572702502831817e-05,
      "operation_seconds": 0.039365658012684435,
      "total_phase_seconds": 0.04868136998265982,
      "scope": "file writes include journal intent/add/flush; excludes this timing receipt and checkpoint writes",
      "mode": "stage4_sealed_cell",
      "banner": "sealed Stage 4; scientific admission also requires complete declared populations"
    },
    {
      "phase": "edit:92",
      "identity_check_kind": "in_memory_structure_and_configuration",
      "recipe_verification_seconds": 0.0,
      "identity_verification_seconds": 0.0,
      "identity_check_seconds": 0.002306009060703218,
      "state_hash_seconds": 0.00024202396161854267,
      "clone_seconds": 0.0,
      "restore_seconds": 0.0,
      "file_write_seconds": 5.940295523032546e-05,
      "operation_seconds": 0.09698598901741207,
      "total_phase_seconds": 0.09966215799795464,
      "scope": "file writes include journal intent/add/flush; excludes this timing receipt and checkpoint writes",
      "mode": "stage4_sealed_cell",
      "banner": "sealed Stage 4; scientific admission also requires complete declared populations"
    },
    {
      "phase": "immediate:92",
      "identity_check_kind": "in_memory_structure_and_configuration",
      "recipe_verification_seconds": 0.0,
      "identity_verification_seconds": 0.0,
      "identity_check_seconds": 0.0019460690673440695,
      "state_hash_seconds": 0.007238872000016272,
      "clone_seconds": 0.0,
      "restore_seconds": 0.0,
      "file_write_seconds": 6.405403837561607e-05,
      "operation_seconds": 0.049433813022915274,
      "total_phase_seconds": 0.05879335798090324,
      "scope": "file writes include journal intent/add/flush; excludes this timing receipt and checkpoint writes",
      "mode": "stage4_sealed_cell",
      "banner": "sealed Stage 4; scientific admission also requires complete declared populations"
    },
    {
      "phase": "edit:93",
      "identity_check_kind": "in_memory_structure_and_configuration",
      "recipe_verification_seconds": 0.0,
      "identity_verification_seconds": 0.0,
      "identity_check_seconds": 0.0021598890307359397,
      "state_hash_seconds": 0.0002519339323043823,
      "clone_seconds": 0.0,
      "restore_seconds": 0.0,
      "file_write_seconds": 7.790903327986598e-05,
      "operation_seconds": 0.17042056599166244,
      "total_phase_seconds": 0.17299508000724018,
      "scope": "file writes include journal intent/add/flush; excludes this timing receipt and checkpoint writes",
      "mode": "stage4_sealed_cell",
      "banner": "sealed Stage 4; scientific admission also requires complete declared populations"
    },
    {
      "phase": "immediate:93",
      "identity_check_kind": "in_memory_structure_and_configuration",
      "recipe_verification_seconds": 0.0,
      "identity_verification_seconds": 0.0,
      "identity_check_seconds": 0.002173996064811945,
      "state_hash_seconds": 0.007367369020357728,
      "clone_seconds": 0.0,
      "restore_seconds": 0.0,
      "file_write_seconds": 5.700899055227637e-05,
      "operation_seconds": 0.07708825799636543,
      "total_phase_seconds": 0.08677227701991796,
      "scope": "file writes include journal intent/add/flush; excludes this timing receipt and checkpoint writes",
      "mode": "stage4_sealed_cell",
      "banner": "sealed Stage 4; scientific admission also requires complete declared populations"
    },
    {
      "phase": "edit:94",
      "identity_check_kind": "in_memory_structure_and_configuration",
      "recipe_verification_seconds": 0.0,
      "identity_verification_seconds": 0.0,
      "identity_check_seconds": 0.002117306983564049,
      "state_hash_seconds": 0.00022447999799624085,
      "clone_seconds": 0.0,
      "restore_seconds": 0.0,
      "file_write_seconds": 5.874299677088857e-05,
      "operation_seconds": 0.11209099600091577,
      "total_phase_seconds": 0.11455562902847305,
      "scope": "file writes include journal intent/add/flush; excludes this timing receipt and checkpoint writes",
      "mode": "stage4_sealed_cell",
      "banner": "sealed Stage 4; scientific admission also requires complete declared populations"
    },
    {
      "phase": "immediate:94",
      "identity_check_kind": "in_memory_structure_and_configuration",
      "recipe_verification_seconds": 0.0,
      "identity_verification_seconds": 0.0,
      "identity_check_seconds": 0.0020632939995266497,
      "state_hash_seconds": 0.00743469811277464,
      "clone_seconds": 0.0,
      "restore_seconds": 0.0,
      "file_write_seconds": 5.622697062790394e-05,
      "operation_seconds": 0.06489221600349993,
      "total_phase_seconds": 0.07453028601594269,
      "scope": "file writes include journal intent/add/flush; excludes this timing receipt and checkpoint writes",
      "mode": "stage4_sealed_cell",
      "banner": "sealed Stage 4; scientific admission also requires complete declared populations"
    },
    {
      "phase": "edit:95",
      "identity_check_kind": "in_memory_structure_and_configuration",
      "recipe_verification_seconds": 0.0,
      "identity_verification_seconds": 0.0,
      "identity_check_seconds": 0.0020285880309529603,
      "state_hash_seconds": 0.00018612592248246074,
      "clone_seconds": 0.0,
      "restore_seconds": 0.0,
      "file_write_seconds": 8.753797737881541e-05,
      "operation_seconds": 0.3103556599817239,
      "total_phase_seconds": 0.31273714400595054,
      "scope": "file writes include journal intent/add/flush; excludes this timing receipt and checkpoint writes",
      "mode": "stage4_sealed_cell",
      "banner": "sealed Stage 4; scientific admission also requires complete declared populations"
    },
    {
      "phase": "immediate:95",
      "identity_check_kind": "in_memory_structure_and_configuration",
      "recipe_verification_seconds": 0.0,
      "identity_verification_seconds": 0.0,
      "identity_check_seconds": 0.002521091024391353,
      "state_hash_seconds": 0.007738740940112621,
      "clone_seconds": 0.0,
      "restore_seconds": 0.0,
      "file_write_seconds": 5.6037039030343294e-05,
      "operation_seconds": 0.10802469303598627,
      "total_phase_seconds": 0.11842573498142883,
      "scope": "file writes include journal intent/add/flush; excludes this timing receipt and checkpoint writes",
      "mode": "stage4_sealed_cell",
      "banner": "sealed Stage 4; scientific admission also requires complete declared populations"
    },
    {
      "phase": "edit:96",
      "identity_check_kind": "in_memory_structure_and_configuration",
      "recipe_verification_seconds": 0.0,
      "identity_verification_seconds": 0.0,
      "identity_check_seconds": 0.0020885629928670824,
      "state_hash_seconds": 0.00020951201440766454,
      "clone_seconds": 0.0,
      "restore_seconds": 0.0,
      "file_write_seconds": 5.6046934332698584e-05,
      "operation_seconds": 0.30080286401789635,
      "total_phase_seconds": 0.30321999499574304,
      "scope": "file writes include journal intent/add/flush; excludes this timing receipt and checkpoint writes",
      "mode": "stage4_sealed_cell",
      "banner": "sealed Stage 4; scientific admission also requires complete declared populations"
    },
    {
      "phase": "immediate:96",
      "identity_check_kind": "in_memory_structure_and_configuration",
      "recipe_verification_seconds": 0.0,
      "identity_verification_seconds": 0.0,
      "identity_check_seconds": 0.0020969670149497688,
      "state_hash_seconds": 0.0075411919970065355,
      "clone_seconds": 0.0,
      "restore_seconds": 0.0,
      "file_write_seconds": 0.004670280031859875,
      "operation_seconds": 0.07011441397480667,
      "total_phase_seconds": 0.08450862800236791,
      "scope": "file writes include journal intent/add/flush; excludes this timing receipt and checkpoint writes",
      "mode": "stage4_sealed_cell",
      "banner": "sealed Stage 4; scientific admission also requires complete declared populations"
    },
    {
      "phase": "edit:97",
      "identity_check_kind": "in_memory_structure_and_configuration",
      "recipe_verification_seconds": 0.0,
      "identity_verification_seconds": 0.0,
      "identity_check_seconds": 0.0020520429825410247,
      "state_hash_seconds": 0.0002024369896389544,
      "clone_seconds": 0.0,
      "restore_seconds": 0.0,
      "file_write_seconds": 0.0012441640137694776,
      "operation_seconds": 0.11313954502111301,
      "total_phase_seconds": 0.11670037900330499,
      "scope": "file writes include journal intent/add/flush; excludes this timing receipt and checkpoint writes",
      "mode": "stage4_sealed_cell",
      "banner": "sealed Stage 4; scientific admission also requires complete declared populations"
    },
    {
      "phase": "immediate:97",
      "identity_check_kind": "in_memory_structure_and_configuration",
      "recipe_verification_seconds": 0.0,
      "identity_verification_seconds": 0.0,
      "identity_check_seconds": 0.0021637260797433555,
      "state_hash_seconds": 0.007604124024510384,
      "clone_seconds": 0.0,
      "restore_seconds": 0.0,
      "file_write_seconds": 5.6237971875816584e-05,
      "operation_seconds": 0.05864462401950732,
      "total_phase_seconds": 0.06855402397923172,
      "scope": "file writes include journal intent/add/flush; excludes this timing receipt and checkpoint writes",
      "mode": "stage4_sealed_cell",
      "banner": "sealed Stage 4; scientific admission also requires complete declared populations"
    },
    {
      "phase": "edit:98",
      "identity_check_kind": "in_memory_structure_and_configuration",
      "recipe_verification_seconds": 0.0,
      "identity_verification_seconds": 0.0,
      "identity_check_seconds": 0.0021298120263963938,
      "state_hash_seconds": 0.0002474859356880188,
      "clone_seconds": 0.0,
      "restore_seconds": 0.0,
      "file_write_seconds": 6.147805834189057e-05,
      "operation_seconds": 0.277396488992963,
      "total_phase_seconds": 0.27990734996274114,
      "scope": "file writes include journal intent/add/flush; excludes this timing receipt and checkpoint writes",
      "mode": "stage4_sealed_cell",
      "banner": "sealed Stage 4; scientific admission also requires complete declared populations"
    },
    {
      "phase": "immediate:98",
      "identity_check_kind": "in_memory_structure_and_configuration",
      "recipe_verification_seconds": 0.0,
      "identity_verification_seconds": 0.0,
      "identity_check_seconds": 0.002236064989119768,
      "state_hash_seconds": 0.0078051070449873805,
      "clone_seconds": 0.0,
      "restore_seconds": 0.0,
      "file_write_seconds": 5.644804332405329e-05,
      "operation_seconds": 0.0702026030048728,
      "total_phase_seconds": 0.08038071799091995,
      "scope": "file writes include journal intent/add/flush; excludes this timing receipt and checkpoint writes",
      "mode": "stage4_sealed_cell",
      "banner": "sealed Stage 4; scientific admission also requires complete declared populations"
    },
    {
      "phase": "edit:99",
      "identity_check_kind": "in_memory_structure_and_configuration",
      "recipe_verification_seconds": 0.0,
      "identity_verification_seconds": 0.0,
      "identity_check_seconds": 0.0019850939861498773,
      "state_hash_seconds": 0.00021098600700497627,
      "clone_seconds": 0.0,
      "restore_seconds": 0.0,
      "file_write_seconds": 5.6819990277290344e-05,
      "operation_seconds": 0.18748204200528562,
      "total_phase_seconds": 0.18979656702140346,
      "scope": "file writes include journal intent/add/flush; excludes this timing receipt and checkpoint writes",
      "mode": "stage4_sealed_cell",
      "banner": "sealed Stage 4; scientific admission also requires complete declared populations"
    },
    {
      "phase": "immediate:99",
      "identity_check_kind": "in_memory_structure_and_configuration",
      "recipe_verification_seconds": 0.0,
      "identity_verification_seconds": 0.0,
      "identity_check_seconds": 0.002011724980548024,
      "state_hash_seconds": 0.00809841911541298,
      "clone_seconds": 0.0,
      "restore_seconds": 0.0,
      "file_write_seconds": 6.118806777521968e-05,
      "operation_seconds": 0.04629475704859942,
      "total_phase_seconds": 0.05656161200022325,
      "scope": "file writes include journal intent/add/flush; excludes this timing receipt and checkpoint writes",
      "mode": "stage4_sealed_cell",
      "banner": "sealed Stage 4; scientific admission also requires complete declared populations"
    },
    {
      "phase": "edit:100",
      "identity_check_kind": "in_memory_structure_and_configuration",
      "recipe_verification_seconds": 0.0,
      "identity_verification_seconds": 0.0,
      "identity_check_seconds": 0.0021593589917756617,
      "state_hash_seconds": 0.00023221498122438788,
      "clone_seconds": 0.0,
      "restore_seconds": 0.0,
      "file_write_seconds": 6.015499820932746e-05,
      "operation_seconds": 0.09214984101708978,
      "total_phase_seconds": 0.09466973098460585,
      "scope": "file writes include journal intent/add/flush; excludes this timing receipt and checkpoint writes",
      "mode": "stage4_sealed_cell",
      "banner": "sealed Stage 4; scientific admission also requires complete declared populations"
    },
    {
      "phase": "immediate:100",
      "identity_check_kind": "in_memory_structure_and_configuration",
      "recipe_verification_seconds": 0.0,
      "identity_verification_seconds": 0.0,
      "identity_check_seconds": 0.0025807550409808755,
      "state_hash_seconds": 0.008318260021042079,
      "clone_seconds": 0.0,
      "restore_seconds": 0.0,
      "file_write_seconds": 5.66780217923224e-05,
      "operation_seconds": 0.05192537698894739,
      "total_phase_seconds": 0.06295836996287107,
      "scope": "file writes include journal intent/add/flush; excludes this timing receipt and checkpoint writes",
      "mode": "stage4_sealed_cell",
      "banner": "sealed Stage 4; scientific admission also requires complete declared populations"
    },
    {
      "phase": "retention:100",
      "identity_check_kind": "in_memory_structure_and_configuration",
      "recipe_verification_seconds": 0.0,
      "identity_verification_seconds": 0.0,
      "identity_check_seconds": 0.0022780559957027435,
      "state_hash_seconds": 0.007889079046435654,
      "clone_seconds": 0.0,
      "restore_seconds": 0.0,
      "file_write_seconds": 0.0029740490135736763,
      "operation_seconds": 5.627839970053174,
      "total_phase_seconds": 5.643133858044166,
      "scope": "file writes include journal intent/add/flush; excludes this timing receipt and checkpoint writes",
      "mode": "stage4_sealed_cell",
      "banner": "sealed Stage 4; scientific admission also requires complete declared populations"
    },
    {
      "phase": "locality:100",
      "identity_check_kind": "in_memory_structure_and_configuration",
      "recipe_verification_seconds": 0.0,
      "identity_verification_seconds": 0.0,
      "identity_check_seconds": 0.0022225279826670885,
      "state_hash_seconds": 0.008337278035469353,
      "clone_seconds": 0.0,
      "restore_seconds": 0.0,
      "file_write_seconds": 0.0009594690054655075,
      "operation_seconds": 8.365111147984862,
      "total_phase_seconds": 8.377784774987958,
      "scope": "file writes include journal intent/add/flush; excludes this timing receipt and checkpoint writes",
      "mode": "stage4_sealed_cell",
      "banner": "sealed Stage 4; scientific admission also requires complete declared populations"
    },
    {
      "phase": "unseen:100",
      "identity_check_kind": "in_memory_structure_and_configuration",
      "recipe_verification_seconds": 0.0,
      "identity_verification_seconds": 0.0,
      "identity_check_seconds": 0.0022197540383785963,
      "state_hash_seconds": 0.00796395301586017,
      "clone_seconds": 0.0,
      "restore_seconds": 0.0,
      "file_write_seconds": 0.0021352310432121158,
      "operation_seconds": 58.78877296001883,
      "total_phase_seconds": 58.80312336998759,
      "scope": "file writes include journal intent/add/flush; excludes this timing receipt and checkpoint writes",
      "mode": "stage4_sealed_cell",
      "banner": "sealed Stage 4; scientific admission also requires complete declared populations"
    },
    {
      "phase": "drift:100",
      "identity_check_kind": "in_memory_structure_and_configuration",
      "recipe_verification_seconds": 0.0,
      "identity_verification_seconds": 0.0,
      "identity_check_seconds": 0.0021332480246201158,
      "state_hash_seconds": 0.008177671057637781,
      "clone_seconds": 0.0,
      "restore_seconds": 0.0,
      "file_write_seconds": 0.07936924899695441,
      "operation_seconds": 68.10724630096229,
      "total_phase_seconds": 68.38983489904786,
      "scope": "file writes include journal intent/add/flush; excludes this timing receipt and checkpoint writes",
      "mode": "stage4_sealed_cell",
      "banner": "sealed Stage 4; scientific admission also requires complete declared populations"
    },
    {
      "phase": "edit:101",
      "identity_check_kind": "in_memory_structure_and_configuration",
      "recipe_verification_seconds": 0.0,
      "identity_verification_seconds": 0.0,
      "identity_check_seconds": 0.002036452991887927,
      "state_hash_seconds": 0.0001991020399145782,
      "clone_seconds": 0.0,
      "restore_seconds": 0.0,
      "file_write_seconds": 0.0011482209665700793,
      "operation_seconds": 0.08171995403245091,
      "total_phase_seconds": 0.08835802495013922,
      "scope": "file writes include journal intent/add/flush; excludes this timing receipt and checkpoint writes",
      "mode": "stage4_sealed_cell",
      "banner": "sealed Stage 4; scientific admission also requires complete declared populations"
    },
    {
      "phase": "immediate:101",
      "identity_check_kind": "in_memory_structure_and_configuration",
      "recipe_verification_seconds": 0.0,
      "identity_verification_seconds": 0.0,
      "identity_check_seconds": 0.0020033789915032685,
      "state_hash_seconds": 0.007603069010656327,
      "clone_seconds": 0.0,
      "restore_seconds": 0.0,
      "file_write_seconds": 5.827099084854126e-05,
      "operation_seconds": 0.035077751032076776,
      "total_phase_seconds": 0.044815933040808886,
      "scope": "file writes include journal intent/add/flush; excludes this timing receipt and checkpoint writes",
      "mode": "stage4_sealed_cell",
      "banner": "sealed Stage 4; scientific admission also requires complete declared populations"
    },
    {
      "phase": "edit:102",
      "identity_check_kind": "in_memory_structure_and_configuration",
      "recipe_verification_seconds": 0.0,
      "identity_verification_seconds": 0.0,
      "identity_check_seconds": 0.0020963780116289854,
      "state_hash_seconds": 0.00020267808577045798,
      "clone_seconds": 0.0,
      "restore_seconds": 0.0,
      "file_write_seconds": 5.9315061662346125e-05,
      "operation_seconds": 0.0820031970506534,
      "total_phase_seconds": 0.08442718198057264,
      "scope": "file writes include journal intent/add/flush; excludes this timing receipt and checkpoint writes",
      "mode": "stage4_sealed_cell",
      "banner": "sealed Stage 4; scientific admission also requires complete declared populations"
    },
    {
      "phase": "immediate:102",
      "identity_check_kind": "in_memory_structure_and_configuration",
      "recipe_verification_seconds": 0.0,
      "identity_verification_seconds": 0.0,
      "identity_check_seconds": 0.002000523963943124,
      "state_hash_seconds": 0.007824883970897645,
      "clone_seconds": 0.0,
      "restore_seconds": 0.0,
      "file_write_seconds": 5.6439079344272614e-05,
      "operation_seconds": 0.0411740550189279,
      "total_phase_seconds": 0.05113017401890829,
      "scope": "file writes include journal intent/add/flush; excludes this timing receipt and checkpoint writes",
      "mode": "stage4_sealed_cell",
      "banner": "sealed Stage 4; scientific admission also requires complete declared populations"
    },
    {
      "phase": "edit:103",
      "identity_check_kind": "in_memory_structure_and_configuration",
      "recipe_verification_seconds": 0.0,
      "identity_verification_seconds": 0.0,
      "identity_check_seconds": 0.001981979003176093,
      "state_hash_seconds": 0.0001928189303725958,
      "clone_seconds": 0.0,
      "restore_seconds": 0.0,
      "file_write_seconds": 5.850201705470681e-05,
      "operation_seconds": 0.07495276600820944,
      "total_phase_seconds": 0.07724725297885016,
      "scope": "file writes include journal intent/add/flush; excludes this timing receipt and checkpoint writes",
      "mode": "stage4_sealed_cell",
      "banner": "sealed Stage 4; scientific admission also requires complete declared populations"
    },
    {
      "phase": "immediate:103",
      "identity_check_kind": "in_memory_structure_and_configuration",
      "recipe_verification_seconds": 0.0,
      "identity_verification_seconds": 0.0,
      "identity_check_seconds": 0.0018845030572265387,
      "state_hash_seconds": 0.0077653409680351615,
      "clone_seconds": 0.0,
      "restore_seconds": 0.0,
      "file_write_seconds": 5.6357996072620153e-05,
      "operation_seconds": 0.03967081295559183,
      "total_phase_seconds": 0.049448831006884575,
      "scope": "file writes include journal intent/add/flush; excludes this timing receipt and checkpoint writes",
      "mode": "stage4_sealed_cell",
      "banner": "sealed Stage 4; scientific admission also requires complete declared populations"
    },
    {
      "phase": "edit:104",
      "identity_check_kind": "in_memory_structure_and_configuration",
      "recipe_verification_seconds": 0.0,
      "identity_verification_seconds": 0.0,
      "identity_check_seconds": 0.002142194949556142,
      "state_hash_seconds": 0.00021284696413204074,
      "clone_seconds": 0.0,
      "restore_seconds": 0.0,
      "file_write_seconds": 5.9033045545220375e-05,
      "operation_seconds": 0.10562271001981571,
      "total_phase_seconds": 0.10810696997214109,
      "scope": "file writes include journal intent/add/flush; excludes this timing receipt and checkpoint writes",
      "mode": "stage4_sealed_cell",
      "banner": "sealed Stage 4; scientific admission also requires complete declared populations"
    },
    {
      "phase": "immediate:104",
      "identity_check_kind": "in_memory_structure_and_configuration",
      "recipe_verification_seconds": 0.0,
      "identity_verification_seconds": 0.0,
      "identity_check_seconds": 0.0021402420243248343,
      "state_hash_seconds": 0.007857737015001476,
      "clone_seconds": 0.0,
      "restore_seconds": 0.0,
      "file_write_seconds": 5.5435055401176214e-05,
      "operation_seconds": 0.03945532999932766,
      "total_phase_seconds": 0.0495970249758102,
      "scope": "file writes include journal intent/add/flush; excludes this timing receipt and checkpoint writes",
      "mode": "stage4_sealed_cell",
      "banner": "sealed Stage 4; scientific admission also requires complete declared populations"
    },
    {
      "phase": "edit:105",
      "identity_check_kind": "in_memory_structure_and_configuration",
      "recipe_verification_seconds": 0.0,
      "identity_verification_seconds": 0.0,
      "identity_check_seconds": 0.001975997060071677,
      "state_hash_seconds": 0.00018520501907914877,
      "clone_seconds": 0.0,
      "restore_seconds": 0.0,
      "file_write_seconds": 5.605799378827214e-05,
      "operation_seconds": 0.19664043199736625,
      "total_phase_seconds": 0.19891558098606765,
      "scope": "file writes include journal intent/add/flush; excludes this timing receipt and checkpoint writes",
      "mode": "stage4_sealed_cell",
      "banner": "sealed Stage 4; scientific admission also requires complete declared populations"
    },
    {
      "phase": "immediate:105",
      "identity_check_kind": "in_memory_structure_and_configuration",
      "recipe_verification_seconds": 0.0,
      "identity_verification_seconds": 0.0,
      "identity_check_seconds": 0.0024737100466154516,
      "state_hash_seconds": 0.007951837964355946,
      "clone_seconds": 0.0,
      "restore_seconds": 0.0,
      "file_write_seconds": 5.734991282224655e-05,
      "operation_seconds": 0.06403866095934063,
      "total_phase_seconds": 0.0745990970171988,
      "scope": "file writes include journal intent/add/flush; excludes this timing receipt and checkpoint writes",
      "mode": "stage4_sealed_cell",
      "banner": "sealed Stage 4; scientific admission also requires complete declared populations"
    },
    {
      "phase": "edit:106",
      "identity_check_kind": "in_memory_structure_and_configuration",
      "recipe_verification_seconds": 0.0,
      "identity_verification_seconds": 0.0,
      "identity_check_seconds": 0.001971948950085789,
      "state_hash_seconds": 0.00020246696658432484,
      "clone_seconds": 0.0,
      "restore_seconds": 0.0,
      "file_write_seconds": 5.717901512980461e-05,
      "operation_seconds": 0.07757993001723662,
      "total_phase_seconds": 0.0798750189715065,
      "scope": "file writes include journal intent/add/flush; excludes this timing receipt and checkpoint writes",
      "mode": "stage4_sealed_cell",
      "banner": "sealed Stage 4; scientific admission also requires complete declared populations"
    },
    {
      "phase": "immediate:106",
      "identity_check_kind": "in_memory_structure_and_configuration",
      "recipe_verification_seconds": 0.0,
      "identity_verification_seconds": 0.0,
      "identity_check_seconds": 0.0019705970189534128,
      "state_hash_seconds": 0.008129078953061253,
      "clone_seconds": 0.0,
      "restore_seconds": 0.0,
      "file_write_seconds": 5.6288030464202166e-05,
      "operation_seconds": 0.04003484995337203,
      "total_phase_seconds": 0.05026483500842005,
      "scope": "file writes include journal intent/add/flush; excludes this timing receipt and checkpoint writes",
      "mode": "stage4_sealed_cell",
      "banner": "sealed Stage 4; scientific admission also requires complete declared populations"
    },
    {
      "phase": "edit:107",
      "identity_check_kind": "in_memory_structure_and_configuration",
      "recipe_verification_seconds": 0.0,
      "identity_verification_seconds": 0.0,
      "identity_check_seconds": 0.001979613967705518,
      "state_hash_seconds": 0.00018444203305989504,
      "clone_seconds": 0.0,
      "restore_seconds": 0.0,
      "file_write_seconds": 5.866296123713255e-05,
      "operation_seconds": 0.10924753698054701,
      "total_phase_seconds": 0.11152873799437657,
      "scope": "file writes include journal intent/add/flush; excludes this timing receipt and checkpoint writes",
      "mode": "stage4_sealed_cell",
      "banner": "sealed Stage 4; scientific admission also requires complete declared populations"
    },
    {
      "phase": "immediate:107",
      "identity_check_kind": "in_memory_structure_and_configuration",
      "recipe_verification_seconds": 0.0,
      "identity_verification_seconds": 0.0,
      "identity_check_seconds": 0.0023755719885230064,
      "state_hash_seconds": 0.008117023040540516,
      "clone_seconds": 0.0,
      "restore_seconds": 0.0,
      "file_write_seconds": 5.587696796283126e-05,
      "operation_seconds": 0.049410809006076306,
      "total_phase_seconds": 0.06004041800042614,
      "scope": "file writes include journal intent/add/flush; excludes this timing receipt and checkpoint writes",
      "mode": "stage4_sealed_cell",
      "banner": "sealed Stage 4; scientific admission also requires complete declared populations"
    },
    {
      "phase": "edit:108",
      "identity_check_kind": "in_memory_structure_and_configuration",
      "recipe_verification_seconds": 0.0,
      "identity_verification_seconds": 0.0,
      "identity_check_seconds": 0.002005203044973314,
      "state_hash_seconds": 0.00021299702348187566,
      "clone_seconds": 0.0,
      "restore_seconds": 0.0,
      "file_write_seconds": 5.8432051446288824e-05,
      "operation_seconds": 0.5002673669951037,
      "total_phase_seconds": 0.5026083730044775,
      "scope": "file writes include journal intent/add/flush; excludes this timing receipt and checkpoint writes",
      "mode": "stage4_sealed_cell",
      "banner": "sealed Stage 4; scientific admission also requires complete declared populations"
    },
    {
      "phase": "immediate:108",
      "identity_check_kind": "in_memory_structure_and_configuration",
      "recipe_verification_seconds": 0.0,
      "identity_verification_seconds": 0.0,
      "identity_check_seconds": 0.0020899850060231984,
      "state_hash_seconds": 0.008185306040104479,
      "clone_seconds": 0.0,
      "restore_seconds": 0.0,
      "file_write_seconds": 5.7850033044815063e-05,
      "operation_seconds": 0.09224263904616237,
      "total_phase_seconds": 0.1026546320063062,
      "scope": "file writes include journal intent/add/flush; excludes this timing receipt and checkpoint writes",
      "mode": "stage4_sealed_cell",
      "banner": "sealed Stage 4; scientific admission also requires complete declared populations"
    },
    {
      "phase": "edit:109",
      "identity_check_kind": "in_memory_structure_and_configuration",
      "recipe_verification_seconds": 0.0,
      "identity_verification_seconds": 0.0,
      "identity_check_seconds": 0.0019940909696742892,
      "state_hash_seconds": 0.0002059050602838397,
      "clone_seconds": 0.0,
      "restore_seconds": 0.0,
      "file_write_seconds": 5.73699944652617e-05,
      "operation_seconds": 0.19137457996839657,
      "total_phase_seconds": 0.1936926629859954,
      "scope": "file writes include journal intent/add/flush; excludes this timing receipt and checkpoint writes",
      "mode": "stage4_sealed_cell",
      "banner": "sealed Stage 4; scientific admission also requires complete declared populations"
    },
    {
      "phase": "immediate:109",
      "identity_check_kind": "in_memory_structure_and_configuration",
      "recipe_verification_seconds": 0.0,
      "identity_verification_seconds": 0.0,
      "identity_check_seconds": 0.0023304250207729638,
      "state_hash_seconds": 0.008417400997132063,
      "clone_seconds": 0.0,
      "restore_seconds": 0.0,
      "file_write_seconds": 5.4785050451755524e-05,
      "operation_seconds": 0.0418356719892472,
      "total_phase_seconds": 0.05272769398288801,
      "scope": "file writes include journal intent/add/flush; excludes this timing receipt and checkpoint writes",
      "mode": "stage4_sealed_cell",
      "banner": "sealed Stage 4; scientific admission also requires complete declared populations"
    },
    {
      "phase": "edit:110",
      "identity_check_kind": "in_memory_structure_and_configuration",
      "recipe_verification_seconds": 0.0,
      "identity_verification_seconds": 0.0,
      "identity_check_seconds": 0.002199575013946742,
      "state_hash_seconds": 0.0001996440114453435,
      "clone_seconds": 0.0,
      "restore_seconds": 0.0,
      "file_write_seconds": 6.088597001507878e-05,
      "operation_seconds": 0.11457350198179483,
      "total_phase_seconds": 0.11709466500906274,
      "scope": "file writes include journal intent/add/flush; excludes this timing receipt and checkpoint writes",
      "mode": "stage4_sealed_cell",
      "banner": "sealed Stage 4; scientific admission also requires complete declared populations"
    },
    {
      "phase": "immediate:110",
      "identity_check_kind": "in_memory_structure_and_configuration",
      "recipe_verification_seconds": 0.0,
      "identity_verification_seconds": 0.0,
      "identity_check_seconds": 0.002092059003189206,
      "state_hash_seconds": 0.008352315053343773,
      "clone_seconds": 0.0,
      "restore_seconds": 0.0,
      "file_write_seconds": 5.5266020353883505e-05,
      "operation_seconds": 0.0376148329814896,
      "total_phase_seconds": 0.04819619096815586,
      "scope": "file writes include journal intent/add/flush; excludes this timing receipt and checkpoint writes",
      "mode": "stage4_sealed_cell",
      "banner": "sealed Stage 4; scientific admission also requires complete declared populations"
    },
    {
      "phase": "edit:111",
      "identity_check_kind": "in_memory_structure_and_configuration",
      "recipe_verification_seconds": 0.0,
      "identity_verification_seconds": 0.0,
      "identity_check_seconds": 0.002034108038060367,
      "state_hash_seconds": 0.00020150496857240796,
      "clone_seconds": 0.0,
      "restore_seconds": 0.0,
      "file_write_seconds": 5.780201172456145e-05,
      "operation_seconds": 0.10686378803802654,
      "total_phase_seconds": 0.10921604599570855,
      "scope": "file writes include journal intent/add/flush; excludes this timing receipt and checkpoint writes",
      "mode": "stage4_sealed_cell",
      "banner": "sealed Stage 4; scientific admission also requires complete declared populations"
    },
    {
      "phase": "immediate:111",
      "identity_check_kind": "in_memory_structure_and_configuration",
      "recipe_verification_seconds": 0.0,
      "identity_verification_seconds": 0.0,
      "identity_check_seconds": 0.0019758170237764716,
      "state_hash_seconds": 0.008255481952801347,
      "clone_seconds": 0.0,
      "restore_seconds": 0.0,
      "file_write_seconds": 5.832099122926593e-05,
      "operation_seconds": 0.06717407901305705,
      "total_phase_seconds": 0.07753580599091947,
      "scope": "file writes include journal intent/add/flush; excludes this timing receipt and checkpoint writes",
      "mode": "stage4_sealed_cell",
      "banner": "sealed Stage 4; scientific admission also requires complete declared populations"
    },
    {
      "phase": "edit:112",
      "identity_check_kind": "in_memory_structure_and_configuration",
      "recipe_verification_seconds": 0.0,
      "identity_verification_seconds": 0.0,
      "identity_check_seconds": 0.002100896032061428,
      "state_hash_seconds": 0.00020012393360957503,
      "clone_seconds": 0.0,
      "restore_seconds": 0.0,
      "file_write_seconds": 5.9354002587497234e-05,
      "operation_seconds": 0.09377405396662652,
      "total_phase_seconds": 0.09619428199948743,
      "scope": "file writes include journal intent/add/flush; excludes this timing receipt and checkpoint writes",
      "mode": "stage4_sealed_cell",
      "banner": "sealed Stage 4; scientific admission also requires complete declared populations"
    },
    {
      "phase": "immediate:112",
      "identity_check_kind": "in_memory_structure_and_configuration",
      "recipe_verification_seconds": 0.0,
      "identity_verification_seconds": 0.0,
      "identity_check_seconds": 0.001980214030481875,
      "state_hash_seconds": 0.008398764010053128,
      "clone_seconds": 0.0,
      "restore_seconds": 0.0,
      "file_write_seconds": 6.007496267557144e-05,
      "operation_seconds": 0.042991946975234896,
      "total_phase_seconds": 0.053506427037063986,
      "scope": "file writes include journal intent/add/flush; excludes this timing receipt and checkpoint writes",
      "mode": "stage4_sealed_cell",
      "banner": "sealed Stage 4; scientific admission also requires complete declared populations"
    },
    {
      "phase": "edit:113",
      "identity_check_kind": "in_memory_structure_and_configuration",
      "recipe_verification_seconds": 0.0,
      "identity_verification_seconds": 0.0,
      "identity_check_seconds": 0.002144058991689235,
      "state_hash_seconds": 0.000257674022577703,
      "clone_seconds": 0.0,
      "restore_seconds": 0.0,
      "file_write_seconds": 6.297096842899919e-05,
      "operation_seconds": 0.07622470299247652,
      "total_phase_seconds": 0.07875243702437729,
      "scope": "file writes include journal intent/add/flush; excludes this timing receipt and checkpoint writes",
      "mode": "stage4_sealed_cell",
      "banner": "sealed Stage 4; scientific admission also requires complete declared populations"
    },
    {
      "phase": "immediate:113",
      "identity_check_kind": "in_memory_structure_and_configuration",
      "recipe_verification_seconds": 0.0,
      "identity_verification_seconds": 0.0,
      "identity_check_seconds": 0.0020783120417036116,
      "state_hash_seconds": 0.00892166601261124,
      "clone_seconds": 0.0,
      "restore_seconds": 0.0,
      "file_write_seconds": 6.428302731364965e-05,
      "operation_seconds": 0.041207769012544304,
      "total_phase_seconds": 0.052388553973287344,
      "scope": "file writes include journal intent/add/flush; excludes this timing receipt and checkpoint writes",
      "mode": "stage4_sealed_cell",
      "banner": "sealed Stage 4; scientific admission also requires complete declared populations"
    },
    {
      "phase": "edit:114",
      "identity_check_kind": "in_memory_structure_and_configuration",
      "recipe_verification_seconds": 0.0,
      "identity_verification_seconds": 0.0,
      "identity_check_seconds": 0.0023582790163345635,
      "state_hash_seconds": 0.00022244697902351618,
      "clone_seconds": 0.0,
      "restore_seconds": 0.0,
      "file_write_seconds": 5.6980003137141466e-05,
      "operation_seconds": 0.14264878502581269,
      "total_phase_seconds": 0.1453584880218841,
      "scope": "file writes include journal intent/add/flush; excludes this timing receipt and checkpoint writes",
      "mode": "stage4_sealed_cell",
      "banner": "sealed Stage 4; scientific admission also requires complete declared populations"
    },
    {
      "phase": "immediate:114",
      "identity_check_kind": "in_memory_structure_and_configuration",
      "recipe_verification_seconds": 0.0,
      "identity_verification_seconds": 0.0,
      "identity_check_seconds": 0.0020691549289040267,
      "state_hash_seconds": 0.008581184956710786,
      "clone_seconds": 0.0,
      "restore_seconds": 0.0,
      "file_write_seconds": 5.6518008932471275e-05,
      "operation_seconds": 0.05687435099389404,
      "total_phase_seconds": 0.06765820703003556,
      "scope": "file writes include journal intent/add/flush; excludes this timing receipt and checkpoint writes",
      "mode": "stage4_sealed_cell",
      "banner": "sealed Stage 4; scientific admission also requires complete declared populations"
    },
    {
      "phase": "edit:115",
      "identity_check_kind": "in_memory_structure_and_configuration",
      "recipe_verification_seconds": 0.0,
      "identity_verification_seconds": 0.0,
      "identity_check_seconds": 0.001972730038687587,
      "state_hash_seconds": 0.00020222709281370044,
      "clone_seconds": 0.0,
      "restore_seconds": 0.0,
      "file_write_seconds": 5.782104562968016e-05,
      "operation_seconds": 0.12163618695922196,
      "total_phase_seconds": 0.12392759800422937,
      "scope": "file writes include journal intent/add/flush; excludes this timing receipt and checkpoint writes",
      "mode": "stage4_sealed_cell",
      "banner": "sealed Stage 4; scientific admission also requires complete declared populations"
    },
    {
      "phase": "immediate:115",
      "identity_check_kind": "in_memory_structure_and_configuration",
      "recipe_verification_seconds": 0.0,
      "identity_verification_seconds": 0.0,
      "identity_check_seconds": 0.0019415910355746746,
      "state_hash_seconds": 0.008645397960208356,
      "clone_seconds": 0.0,
      "restore_seconds": 0.0,
      "file_write_seconds": 5.955499364063144e-05,
      "operation_seconds": 0.0647347949561663,
      "total_phase_seconds": 0.07545618998119608,
      "scope": "file writes include journal intent/add/flush; excludes this timing receipt and checkpoint writes",
      "mode": "stage4_sealed_cell",
      "banner": "sealed Stage 4; scientific admission also requires complete declared populations"
    },
    {
      "phase": "edit:116",
      "identity_check_kind": "in_memory_structure_and_configuration",
      "recipe_verification_seconds": 0.0,
      "identity_verification_seconds": 0.0,
      "identity_check_seconds": 0.002134309965185821,
      "state_hash_seconds": 0.00023642403539270163,
      "clone_seconds": 0.0,
      "restore_seconds": 0.0,
      "file_write_seconds": 6.848102202638984e-05,
      "operation_seconds": 0.16887095605488867,
      "total_phase_seconds": 0.17139453202253208,
      "scope": "file writes include journal intent/add/flush; excludes this timing receipt and checkpoint writes",
      "mode": "stage4_sealed_cell",
      "banner": "sealed Stage 4; scientific admission also requires complete declared populations"
    },
    {
      "phase": "immediate:116",
      "identity_check_kind": "in_memory_structure_and_configuration",
      "recipe_verification_seconds": 0.0,
      "identity_verification_seconds": 0.0,
      "identity_check_seconds": 0.0020940119866281748,
      "state_hash_seconds": 0.009513579949270934,
      "clone_seconds": 0.0,
      "restore_seconds": 0.0,
      "file_write_seconds": 0.004716087016277015,
      "operation_seconds": 0.06647737399907783,
      "total_phase_seconds": 0.08289478596998379,
      "scope": "file writes include journal intent/add/flush; excludes this timing receipt and checkpoint writes",
      "mode": "stage4_sealed_cell",
      "banner": "sealed Stage 4; scientific admission also requires complete declared populations"
    },
    {
      "phase": "edit:117",
      "identity_check_kind": "in_memory_structure_and_configuration",
      "recipe_verification_seconds": 0.0,
      "identity_verification_seconds": 0.0,
      "identity_check_seconds": 0.0021340599632821977,
      "state_hash_seconds": 0.00021506194025278091,
      "clone_seconds": 0.0,
      "restore_seconds": 0.0,
      "file_write_seconds": 0.00113735900959,
      "operation_seconds": 0.11322235298575833,
      "total_phase_seconds": 0.11677291803061962,
      "scope": "file writes include journal intent/add/flush; excludes this timing receipt and checkpoint writes",
      "mode": "stage4_sealed_cell",
      "banner": "sealed Stage 4; scientific admission also requires complete declared populations"
    },
    {
      "phase": "immediate:117",
      "identity_check_kind": "in_memory_structure_and_configuration",
      "recipe_verification_seconds": 0.0,
      "identity_verification_seconds": 0.0,
      "identity_check_seconds": 0.002062893006950617,
      "state_hash_seconds": 0.00878701894544065,
      "clone_seconds": 0.0,
      "restore_seconds": 0.0,
      "file_write_seconds": 5.7680008467286825e-05,
      "operation_seconds": 0.049773143022321165,
      "total_phase_seconds": 0.0607594060129486,
      "scope": "file writes include journal intent/add/flush; excludes this timing receipt and checkpoint writes",
      "mode": "stage4_sealed_cell",
      "banner": "sealed Stage 4; scientific admission also requires complete declared populations"
    },
    {
      "phase": "edit:118",
      "identity_check_kind": "in_memory_structure_and_configuration",
      "recipe_verification_seconds": 0.0,
      "identity_verification_seconds": 0.0,
      "identity_check_seconds": 0.002018687955569476,
      "state_hash_seconds": 0.0002066959859803319,
      "clone_seconds": 0.0,
      "restore_seconds": 0.0,
      "file_write_seconds": 5.9193000197410583e-05,
      "operation_seconds": 0.08344366698293015,
      "total_phase_seconds": 0.0857948319753632,
      "scope": "file writes include journal intent/add/flush; excludes this timing receipt and checkpoint writes",
      "mode": "stage4_sealed_cell",
      "banner": "sealed Stage 4; scientific admission also requires complete declared populations"
    },
    {
      "phase": "immediate:118",
      "identity_check_kind": "in_memory_structure_and_configuration",
      "recipe_verification_seconds": 0.0,
      "identity_verification_seconds": 0.0,
      "identity_check_seconds": 0.001909698999952525,
      "state_hash_seconds": 0.008800105017144233,
      "clone_seconds": 0.0,
      "restore_seconds": 0.0,
      "file_write_seconds": 5.8511970564723015e-05,
      "operation_seconds": 0.04157476202817634,
      "total_phase_seconds": 0.052417168975807726,
      "scope": "file writes include journal intent/add/flush; excludes this timing receipt and checkpoint writes",
      "mode": "stage4_sealed_cell",
      "banner": "sealed Stage 4; scientific admission also requires complete declared populations"
    },
    {
      "phase": "edit:119",
      "identity_check_kind": "in_memory_structure_and_configuration",
      "recipe_verification_seconds": 0.0,
      "identity_verification_seconds": 0.0,
      "identity_check_seconds": 0.002105714986100793,
      "state_hash_seconds": 0.00022835703566670418,
      "clone_seconds": 0.0,
      "restore_seconds": 0.0,
      "file_write_seconds": 6.039603613317013e-05,
      "operation_seconds": 0.10934791900217533,
      "total_phase_seconds": 0.11180462600896135,
      "scope": "file writes include journal intent/add/flush; excludes this timing receipt and checkpoint writes",
      "mode": "stage4_sealed_cell",
      "banner": "sealed Stage 4; scientific admission also requires complete declared populations"
    },
    {
      "phase": "immediate:119",
      "identity_check_kind": "in_memory_structure_and_configuration",
      "recipe_verification_seconds": 0.0,
      "identity_verification_seconds": 0.0,
      "identity_check_seconds": 0.0021081389277242124,
      "state_hash_seconds": 0.00886641099350527,
      "clone_seconds": 0.0,
      "restore_seconds": 0.0,
      "file_write_seconds": 5.8040954172611237e-05,
      "operation_seconds": 0.052646378986537457,
      "total_phase_seconds": 0.06375869404291734,
      "scope": "file writes include journal intent/add/flush; excludes this timing receipt and checkpoint writes",
      "mode": "stage4_sealed_cell",
      "banner": "sealed Stage 4; scientific admission also requires complete declared populations"
    },
    {
      "phase": "edit:120",
      "identity_check_kind": "in_memory_structure_and_configuration",
      "recipe_verification_seconds": 0.0,
      "identity_verification_seconds": 0.0,
      "identity_check_seconds": 0.002033466997090727,
      "state_hash_seconds": 0.00022028194507583976,
      "clone_seconds": 0.0,
      "restore_seconds": 0.0,
      "file_write_seconds": 5.68189425393939e-05,
      "operation_seconds": 0.0757958620088175,
      "total_phase_seconds": 0.07816733600338921,
      "scope": "file writes include journal intent/add/flush; excludes this timing receipt and checkpoint writes",
      "mode": "stage4_sealed_cell",
      "banner": "sealed Stage 4; scientific admission also requires complete declared populations"
    },
    {
      "phase": "immediate:120",
      "identity_check_kind": "in_memory_structure_and_configuration",
      "recipe_verification_seconds": 0.0,
      "identity_verification_seconds": 0.0,
      "identity_check_seconds": 0.0019878000020980835,
      "state_hash_seconds": 0.008952295931521803,
      "clone_seconds": 0.0,
      "restore_seconds": 0.0,
      "file_write_seconds": 5.778000922873616e-05,
      "operation_seconds": 0.04314252600306645,
      "total_phase_seconds": 0.0542153159622103,
      "scope": "file writes include journal intent/add/flush; excludes this timing receipt and checkpoint writes",
      "mode": "stage4_sealed_cell",
      "banner": "sealed Stage 4; scientific admission also requires complete declared populations"
    },
    {
      "phase": "edit:121",
      "identity_check_kind": "in_memory_structure_and_configuration",
      "recipe_verification_seconds": 0.0,
      "identity_verification_seconds": 0.0,
      "identity_check_seconds": 0.001963693997822702,
      "state_hash_seconds": 0.00022056297166272998,
      "clone_seconds": 0.0,
      "restore_seconds": 0.0,
      "file_write_seconds": 5.8702018577605486e-05,
      "operation_seconds": 0.08944487798726186,
      "total_phase_seconds": 0.09174582699779421,
      "scope": "file writes include journal intent/add/flush; excludes this timing receipt and checkpoint writes",
      "mode": "stage4_sealed_cell",
      "banner": "sealed Stage 4; scientific admission also requires complete declared populations"
    },
    {
      "phase": "immediate:121",
      "identity_check_kind": "in_memory_structure_and_configuration",
      "recipe_verification_seconds": 0.0,
      "identity_verification_seconds": 0.0,
      "identity_check_seconds": 0.0019031470292247832,
      "state_hash_seconds": 0.008886070980224758,
      "clone_seconds": 0.0,
      "restore_seconds": 0.0,
      "file_write_seconds": 5.6558987125754356e-05,
      "operation_seconds": 0.05441285402048379,
      "total_phase_seconds": 0.06532900297315791,
      "scope": "file writes include journal intent/add/flush; excludes this timing receipt and checkpoint writes",
      "mode": "stage4_sealed_cell",
      "banner": "sealed Stage 4; scientific admission also requires complete declared populations"
    },
    {
      "phase": "edit:122",
      "identity_check_kind": "in_memory_structure_and_configuration",
      "recipe_verification_seconds": 0.0,
      "identity_verification_seconds": 0.0,
      "identity_check_seconds": 0.00197802996262908,
      "state_hash_seconds": 0.00021503301104530692,
      "clone_seconds": 0.0,
      "restore_seconds": 0.0,
      "file_write_seconds": 5.715899169445038e-05,
      "operation_seconds": 0.23807033599587157,
      "total_phase_seconds": 0.24038022302556783,
      "scope": "file writes include journal intent/add/flush; excludes this timing receipt and checkpoint writes",
      "mode": "stage4_sealed_cell",
      "banner": "sealed Stage 4; scientific admission also requires complete declared populations"
    },
    {
      "phase": "immediate:122",
      "identity_check_kind": "in_memory_structure_and_configuration",
      "recipe_verification_seconds": 0.0,
      "identity_verification_seconds": 0.0,
      "identity_check_seconds": 0.0020269349333830178,
      "state_hash_seconds": 0.00916258996585384,
      "clone_seconds": 0.0,
      "restore_seconds": 0.0,
      "file_write_seconds": 5.4844014812260866e-05,
      "operation_seconds": 0.08936006500152871,
      "total_phase_seconds": 0.10068810399388894,
      "scope": "file writes include journal intent/add/flush; excludes this timing receipt and checkpoint writes",
      "mode": "stage4_sealed_cell",
      "banner": "sealed Stage 4; scientific admission also requires complete declared populations"
    },
    {
      "phase": "edit:123",
      "identity_check_kind": "in_memory_structure_and_configuration",
      "recipe_verification_seconds": 0.0,
      "identity_verification_seconds": 0.0,
      "identity_check_seconds": 0.0020168150076642632,
      "state_hash_seconds": 0.000210072030313313,
      "clone_seconds": 0.0,
      "restore_seconds": 0.0,
      "file_write_seconds": 5.7150027714669704e-05,
      "operation_seconds": 0.10342731297714636,
      "total_phase_seconds": 0.10577263694722205,
      "scope": "file writes include journal intent/add/flush; excludes this timing receipt and checkpoint writes",
      "mode": "stage4_sealed_cell",
      "banner": "sealed Stage 4; scientific admission also requires complete declared populations"
    },
    {
      "phase": "immediate:123",
      "identity_check_kind": "in_memory_structure_and_configuration",
      "recipe_verification_seconds": 0.0,
      "identity_verification_seconds": 0.0,
      "identity_check_seconds": 0.0023302739718928933,
      "state_hash_seconds": 0.00940165703650564,
      "clone_seconds": 0.0,
      "restore_seconds": 0.0,
      "file_write_seconds": 5.6608987506479025e-05,
      "operation_seconds": 0.044126873021014035,
      "total_phase_seconds": 0.055996449023950845,
      "scope": "file writes include journal intent/add/flush; excludes this timing receipt and checkpoint writes",
      "mode": "stage4_sealed_cell",
      "banner": "sealed Stage 4; scientific admission also requires complete declared populations"
    },
    {
      "phase": "edit:124",
      "identity_check_kind": "in_memory_structure_and_configuration",
      "recipe_verification_seconds": 0.0,
      "identity_verification_seconds": 0.0,
      "identity_check_seconds": 0.0021548490040004253,
      "state_hash_seconds": 0.0002482860581949353,
      "clone_seconds": 0.0,
      "restore_seconds": 0.0,
      "file_write_seconds": 7.779896259307861e-05,
      "operation_seconds": 0.2512091640383005,
      "total_phase_seconds": 0.2537630379665643,
      "scope": "file writes include journal intent/add/flush; excludes this timing receipt and checkpoint writes",
      "mode": "stage4_sealed_cell",
      "banner": "sealed Stage 4; scientific admission also requires complete declared populations"
    },
    {
      "phase": "immediate:124",
      "identity_check_kind": "in_memory_structure_and_configuration",
      "recipe_verification_seconds": 0.0,
      "identity_verification_seconds": 0.0,
      "identity_check_seconds": 0.0021137010189704597,
      "state_hash_seconds": 0.009629933047108352,
      "clone_seconds": 0.0,
      "restore_seconds": 0.0,
      "file_write_seconds": 5.706900265067816e-05,
      "operation_seconds": 0.08438241598196328,
      "total_phase_seconds": 0.09627415495924652,
      "scope": "file writes include journal intent/add/flush; excludes this timing receipt and checkpoint writes",
      "mode": "stage4_sealed_cell",
      "banner": "sealed Stage 4; scientific admission also requires complete declared populations"
    },
    {
      "phase": "edit:125",
      "identity_check_kind": "in_memory_structure_and_configuration",
      "recipe_verification_seconds": 0.0,
      "identity_verification_seconds": 0.0,
      "identity_check_seconds": 0.001996395003516227,
      "state_hash_seconds": 0.00022400903981179,
      "clone_seconds": 0.0,
      "restore_seconds": 0.0,
      "file_write_seconds": 5.9634039644151926e-05,
      "operation_seconds": 0.14236787596018985,
      "total_phase_seconds": 0.1447089039720595,
      "scope": "file writes include journal intent/add/flush; excludes this timing receipt and checkpoint writes",
      "mode": "stage4_sealed_cell",
      "banner": "sealed Stage 4; scientific admission also requires complete declared populations"
    },
    {
      "phase": "immediate:125",
      "identity_check_kind": "in_memory_structure_and_configuration",
      "recipe_verification_seconds": 0.0,
      "identity_verification_seconds": 0.0,
      "identity_check_seconds": 0.0021806300501339138,
      "state_hash_seconds": 0.00954068498685956,
      "clone_seconds": 0.0,
      "restore_seconds": 0.0,
      "file_write_seconds": 5.841196980327368e-05,
      "operation_seconds": 0.07628655200824142,
      "total_phase_seconds": 0.08814701996743679,
      "scope": "file writes include journal intent/add/flush; excludes this timing receipt and checkpoint writes",
      "mode": "stage4_sealed_cell",
      "banner": "sealed Stage 4; scientific admission also requires complete declared populations"
    },
    {
      "phase": "edit:126",
      "identity_check_kind": "in_memory_structure_and_configuration",
      "recipe_verification_seconds": 0.0,
      "identity_verification_seconds": 0.0,
      "identity_check_seconds": 0.0023433309979736805,
      "state_hash_seconds": 0.000223256996832788,
      "clone_seconds": 0.0,
      "restore_seconds": 0.0,
      "file_write_seconds": 5.7540019042789936e-05,
      "operation_seconds": 0.09771371399983764,
      "total_phase_seconds": 0.10040054196724668,
      "scope": "file writes include journal intent/add/flush; excludes this timing receipt and checkpoint writes",
      "mode": "stage4_sealed_cell",
      "banner": "sealed Stage 4; scientific admission also requires complete declared populations"
    },
    {
      "phase": "immediate:126",
      "identity_check_kind": "in_memory_structure_and_configuration",
      "recipe_verification_seconds": 0.0,
      "identity_verification_seconds": 0.0,
      "identity_check_seconds": 0.002043936983682215,
      "state_hash_seconds": 0.009907778003253043,
      "clone_seconds": 0.0,
      "restore_seconds": 0.0,
      "file_write_seconds": 5.498493555933237e-05,
      "operation_seconds": 0.04851443995721638,
      "total_phase_seconds": 0.060604178986977786,
      "scope": "file writes include journal intent/add/flush; excludes this timing receipt and checkpoint writes",
      "mode": "stage4_sealed_cell",
      "banner": "sealed Stage 4; scientific admission also requires complete declared populations"
    },
    {
      "phase": "edit:127",
      "identity_check_kind": "in_memory_structure_and_configuration",
      "recipe_verification_seconds": 0.0,
      "identity_verification_seconds": 0.0,
      "identity_check_seconds": 0.0020122159621678293,
      "state_hash_seconds": 0.00023046298883855343,
      "clone_seconds": 0.0,
      "restore_seconds": 0.0,
      "file_write_seconds": 7.278897101059556e-05,
      "operation_seconds": 0.22466373397037387,
      "total_phase_seconds": 0.22703912598080933,
      "scope": "file writes include journal intent/add/flush; excludes this timing receipt and checkpoint writes",
      "mode": "stage4_sealed_cell",
      "banner": "sealed Stage 4; scientific admission also requires complete declared populations"
    },
    {
      "phase": "immediate:127",
      "identity_check_kind": "in_memory_structure_and_configuration",
      "recipe_verification_seconds": 0.0,
      "identity_verification_seconds": 0.0,
      "identity_check_seconds": 0.0023039960069581866,
      "state_hash_seconds": 0.00966917903861031,
      "clone_seconds": 0.0,
      "restore_seconds": 0.0,
      "file_write_seconds": 5.812104791402817e-05,
      "operation_seconds": 0.05639042402617633,
      "total_phase_seconds": 0.06851087097311392,
      "scope": "file writes include journal intent/add/flush; excludes this timing receipt and checkpoint writes",
      "mode": "stage4_sealed_cell",
      "banner": "sealed Stage 4; scientific admission also requires complete declared populations"
    },
    {
      "phase": "edit:128",
      "identity_check_kind": "in_memory_structure_and_configuration",
      "recipe_verification_seconds": 0.0,
      "identity_verification_seconds": 0.0,
      "identity_check_seconds": 0.0021887249895371497,
      "state_hash_seconds": 0.000251511053647846,
      "clone_seconds": 0.0,
      "restore_seconds": 0.0,
      "file_write_seconds": 5.9232988860458136e-05,
      "operation_seconds": 0.07467127603013068,
      "total_phase_seconds": 0.07723269501002505,
      "scope": "file writes include journal intent/add/flush; excludes this timing receipt and checkpoint writes",
      "mode": "stage4_sealed_cell",
      "banner": "sealed Stage 4; scientific admission also requires complete declared populations"
    },
    {
      "phase": "immediate:128",
      "identity_check_kind": "in_memory_structure_and_configuration",
      "recipe_verification_seconds": 0.0,
      "identity_verification_seconds": 0.0,
      "identity_check_seconds": 0.0019855350255966187,
      "state_hash_seconds": 0.009461890964303166,
      "clone_seconds": 0.0,
      "restore_seconds": 0.0,
      "file_write_seconds": 5.705899093300104e-05,
      "operation_seconds": 0.04935485101304948,
      "total_phase_seconds": 0.06093228800455108,
      "scope": "file writes include journal intent/add/flush; excludes this timing receipt and checkpoint writes",
      "mode": "stage4_sealed_cell",
      "banner": "sealed Stage 4; scientific admission also requires complete declared populations"
    },
    {
      "phase": "edit:129",
      "identity_check_kind": "in_memory_structure_and_configuration",
      "recipe_verification_seconds": 0.0,
      "identity_verification_seconds": 0.0,
      "identity_check_seconds": 0.0022160670487210155,
      "state_hash_seconds": 0.00025801395531743765,
      "clone_seconds": 0.0,
      "restore_seconds": 0.0,
      "file_write_seconds": 5.78800099901855e-05,
      "operation_seconds": 0.07928688102401793,
      "total_phase_seconds": 0.0818857119884342,
      "scope": "file writes include journal intent/add/flush; excludes this timing receipt and checkpoint writes",
      "mode": "stage4_sealed_cell",
      "banner": "sealed Stage 4; scientific admission also requires complete declared populations"
    },
    {
      "phase": "immediate:129",
      "identity_check_kind": "in_memory_structure_and_configuration",
      "recipe_verification_seconds": 0.0,
      "identity_verification_seconds": 0.0,
      "identity_check_seconds": 0.0019290370400995016,
      "state_hash_seconds": 0.01029517810093239,
      "clone_seconds": 0.0,
      "restore_seconds": 0.0,
      "file_write_seconds": 5.678797606378794e-05,
      "operation_seconds": 0.045039460994303226,
      "total_phase_seconds": 0.05740268301451579,
      "scope": "file writes include journal intent/add/flush; excludes this timing receipt and checkpoint writes",
      "mode": "stage4_sealed_cell",
      "banner": "sealed Stage 4; scientific admission also requires complete declared populations"
    },
    {
      "phase": "edit:130",
      "identity_check_kind": "in_memory_structure_and_configuration",
      "recipe_verification_seconds": 0.0,
      "identity_verification_seconds": 0.0,
      "identity_check_seconds": 0.0020793150179088116,
      "state_hash_seconds": 0.0002353909076191485,
      "clone_seconds": 0.0,
      "restore_seconds": 0.0,
      "file_write_seconds": 5.873199552297592e-05,
      "operation_seconds": 0.13516121602151543,
      "total_phase_seconds": 0.1375992780085653,
      "scope": "file writes include journal intent/add/flush; excludes this timing receipt and checkpoint writes",
      "mode": "stage4_sealed_cell",
      "banner": "sealed Stage 4; scientific admission also requires complete declared populations"
    },
    {
      "phase": "immediate:130",
      "identity_check_kind": "in_memory_structure_and_configuration",
      "recipe_verification_seconds": 0.0,
      "identity_verification_seconds": 0.0,
      "identity_check_seconds": 0.002141254022717476,
      "state_hash_seconds": 0.00983887497568503,
      "clone_seconds": 0.0,
      "restore_seconds": 0.0,
      "file_write_seconds": 5.712994607165456e-05,
      "operation_seconds": 0.060314253030810505,
      "total_phase_seconds": 0.07243231602478772,
      "scope": "file writes include journal intent/add/flush; excludes this timing receipt and checkpoint writes",
      "mode": "stage4_sealed_cell",
      "banner": "sealed Stage 4; scientific admission also requires complete declared populations"
    },
    {
      "phase": "edit:131",
      "identity_check_kind": "in_memory_structure_and_configuration",
      "recipe_verification_seconds": 0.0,
      "identity_verification_seconds": 0.0,
      "identity_check_seconds": 0.0020931210019625723,
      "state_hash_seconds": 0.00025478797033429146,
      "clone_seconds": 0.0,
      "restore_seconds": 0.0,
      "file_write_seconds": 5.852198228240013e-05,
      "operation_seconds": 0.07391654001548886,
      "total_phase_seconds": 0.07638668303843588,
      "scope": "file writes include journal intent/add/flush; excludes this timing receipt and checkpoint writes",
      "mode": "stage4_sealed_cell",
      "banner": "sealed Stage 4; scientific admission also requires complete declared populations"
    },
    {
      "phase": "immediate:131",
      "identity_check_kind": "in_memory_structure_and_configuration",
      "recipe_verification_seconds": 0.0,
      "identity_verification_seconds": 0.0,
      "identity_check_seconds": 0.0019406690262258053,
      "state_hash_seconds": 0.009778187959454954,
      "clone_seconds": 0.0,
      "restore_seconds": 0.0,
      "file_write_seconds": 5.6047982070595026e-05,
      "operation_seconds": 0.0479804269853048,
      "total_phase_seconds": 0.059826428012456745,
      "scope": "file writes include journal intent/add/flush; excludes this timing receipt and checkpoint writes",
      "mode": "stage4_sealed_cell",
      "banner": "sealed Stage 4; scientific admission also requires complete declared populations"
    },
    {
      "phase": "edit:132",
      "identity_check_kind": "in_memory_structure_and_configuration",
      "recipe_verification_seconds": 0.0,
      "identity_verification_seconds": 0.0,
      "identity_check_seconds": 0.00202596205053851,
      "state_hash_seconds": 0.00025863596238195896,
      "clone_seconds": 0.0,
      "restore_seconds": 0.0,
      "file_write_seconds": 5.83709916099906e-05,
      "operation_seconds": 0.1438198599498719,
      "total_phase_seconds": 0.14622853498440236,
      "scope": "file writes include journal intent/add/flush; excludes this timing receipt and checkpoint writes",
      "mode": "stage4_sealed_cell",
      "banner": "sealed Stage 4; scientific admission also requires complete declared populations"
    },
    {
      "phase": "immediate:132",
      "identity_check_kind": "in_memory_structure_and_configuration",
      "recipe_verification_seconds": 0.0,
      "identity_verification_seconds": 0.0,
      "identity_check_seconds": 0.0020410820143297315,
      "state_hash_seconds": 0.009751737990882248,
      "clone_seconds": 0.0,
      "restore_seconds": 0.0,
      "file_write_seconds": 0.00460769998608157,
      "operation_seconds": 0.04535128903808072,
      "total_phase_seconds": 0.06182732299203053,
      "scope": "file writes include journal intent/add/flush; excludes this timing receipt and checkpoint writes",
      "mode": "stage4_sealed_cell",
      "banner": "sealed Stage 4; scientific admission also requires complete declared populations"
    },
    {
      "phase": "edit:133",
      "identity_check_kind": "in_memory_structure_and_configuration",
      "recipe_verification_seconds": 0.0,
      "identity_verification_seconds": 0.0,
      "identity_check_seconds": 0.002076158009003848,
      "state_hash_seconds": 0.0002406509593129158,
      "clone_seconds": 0.0,
      "restore_seconds": 0.0,
      "file_write_seconds": 0.001147570030298084,
      "operation_seconds": 0.10616490000393242,
      "total_phase_seconds": 0.1096912770299241,
      "scope": "file writes include journal intent/add/flush; excludes this timing receipt and checkpoint writes",
      "mode": "stage4_sealed_cell",
      "banner": "sealed Stage 4; scientific admission also requires complete declared populations"
    },
    {
      "phase": "immediate:133",
      "identity_check_kind": "in_memory_structure_and_configuration",
      "recipe_verification_seconds": 0.0,
      "identity_verification_seconds": 0.0,
      "identity_check_seconds": 0.002240233065094799,
      "state_hash_seconds": 0.010399618884548545,
      "clone_seconds": 0.0,
      "restore_seconds": 0.0,
      "file_write_seconds": 5.769095150753856e-05,
      "operation_seconds": 0.05326698801945895,
      "total_phase_seconds": 0.06605764903360978,
      "scope": "file writes include journal intent/add/flush; excludes this timing receipt and checkpoint writes",
      "mode": "stage4_sealed_cell",
      "banner": "sealed Stage 4; scientific admission also requires complete declared populations"
    },
    {
      "phase": "edit:134",
      "identity_check_kind": "in_memory_structure_and_configuration",
      "recipe_verification_seconds": 0.0,
      "identity_verification_seconds": 0.0,
      "identity_check_seconds": 0.001995463971979916,
      "state_hash_seconds": 0.00023302703630179167,
      "clone_seconds": 0.0,
      "restore_seconds": 0.0,
      "file_write_seconds": 5.830102600157261e-05,
      "operation_seconds": 0.11403276596684009,
      "total_phase_seconds": 0.11637902300572023,
      "scope": "file writes include journal intent/add/flush; excludes this timing receipt and checkpoint writes",
      "mode": "stage4_sealed_cell",
      "banner": "sealed Stage 4; scientific admission also requires complete declared populations"
    },
    {
      "phase": "immediate:134",
      "identity_check_kind": "in_memory_structure_and_configuration",
      "recipe_verification_seconds": 0.0,
      "identity_verification_seconds": 0.0,
      "identity_check_seconds": 0.0019554769969545305,
      "state_hash_seconds": 0.009932856017258018,
      "clone_seconds": 0.0,
      "restore_seconds": 0.0,
      "file_write_seconds": 5.682901246473193e-05,
      "operation_seconds": 0.047067897976376116,
      "total_phase_seconds": 0.0590886150021106,
      "scope": "file writes include journal intent/add/flush; excludes this timing receipt and checkpoint writes",
      "mode": "stage4_sealed_cell",
      "banner": "sealed Stage 4; scientific admission also requires complete declared populations"
    },
    {
      "phase": "edit:135",
      "identity_check_kind": "in_memory_structure_and_configuration",
      "recipe_verification_seconds": 0.0,
      "identity_verification_seconds": 0.0,
      "identity_check_seconds": 0.0021037409896962345,
      "state_hash_seconds": 0.0002570321084931493,
      "clone_seconds": 0.0,
      "restore_seconds": 0.0,
      "file_write_seconds": 5.7591008953750134e-05,
      "operation_seconds": 0.2649666389916092,
      "total_phase_seconds": 0.2674488649936393,
      "scope": "file writes include journal intent/add/flush; excludes this timing receipt and checkpoint writes",
      "mode": "stage4_sealed_cell",
      "banner": "sealed Stage 4; scientific admission also requires complete declared populations"
    },
    {
      "phase": "immediate:135",
      "identity_check_kind": "in_memory_structure_and_configuration",
      "recipe_verification_seconds": 0.0,
      "identity_verification_seconds": 0.0,
      "identity_check_seconds": 0.002355434000492096,
      "state_hash_seconds": 0.010528115031775087,
      "clone_seconds": 0.0,
      "restore_seconds": 0.0,
      "file_write_seconds": 6.023503374308348e-05,
      "operation_seconds": 0.09451296995393932,
      "total_phase_seconds": 0.1075410459889099,
      "scope": "file writes include journal intent/add/flush; excludes this timing receipt and checkpoint writes",
      "mode": "stage4_sealed_cell",
      "banner": "sealed Stage 4; scientific admission also requires complete declared populations"
    },
    {
      "phase": "edit:136",
      "identity_check_kind": "in_memory_structure_and_configuration",
      "recipe_verification_seconds": 0.0,
      "identity_verification_seconds": 0.0,
      "identity_check_seconds": 0.002044197986833751,
      "state_hash_seconds": 0.00024276605108752847,
      "clone_seconds": 0.0,
      "restore_seconds": 0.0,
      "file_write_seconds": 5.735998274758458e-05,
      "operation_seconds": 0.17355789704015478,
      "total_phase_seconds": 0.17596491100266576,
      "scope": "file writes include journal intent/add/flush; excludes this timing receipt and checkpoint writes",
      "mode": "stage4_sealed_cell",
      "banner": "sealed Stage 4; scientific admission also requires complete declared populations"
    },
    {
      "phase": "immediate:136",
      "identity_check_kind": "in_memory_structure_and_configuration",
      "recipe_verification_seconds": 0.0,
      "identity_verification_seconds": 0.0,
      "identity_check_seconds": 0.0028107360121794045,
      "state_hash_seconds": 0.010805979021824896,
      "clone_seconds": 0.0,
      "restore_seconds": 0.0,
      "file_write_seconds": 5.689793033525348e-05,
      "operation_seconds": 0.06510313000762835,
      "total_phase_seconds": 0.07886857999255881,
      "scope": "file writes include journal intent/add/flush; excludes this timing receipt and checkpoint writes",
      "mode": "stage4_sealed_cell",
      "banner": "sealed Stage 4; scientific admission also requires complete declared populations"
    },
    {
      "phase": "edit:137",
      "identity_check_kind": "in_memory_structure_and_configuration",
      "recipe_verification_seconds": 0.0,
      "identity_verification_seconds": 0.0,
      "identity_check_seconds": 0.0020274549606256187,
      "state_hash_seconds": 0.00023825600510463119,
      "clone_seconds": 0.0,
      "restore_seconds": 0.0,
      "file_write_seconds": 5.9373967815190554e-05,
      "operation_seconds": 0.07728199998382479,
      "total_phase_seconds": 0.07967241003643721,
      "scope": "file writes include journal intent/add/flush; excludes this timing receipt and checkpoint writes",
      "mode": "stage4_sealed_cell",
      "banner": "sealed Stage 4; scientific admission also requires complete declared populations"
    },
    {
      "phase": "immediate:137",
      "identity_check_kind": "in_memory_structure_and_configuration",
      "recipe_verification_seconds": 0.0,
      "identity_verification_seconds": 0.0,
      "identity_check_seconds": 0.0019428330124355853,
      "state_hash_seconds": 0.010527764912694693,
      "clone_seconds": 0.0,
      "restore_seconds": 0.0,
      "file_write_seconds": 5.9074023738503456e-05,
      "operation_seconds": 0.046215654991101474,
      "total_phase_seconds": 0.0588236769544892,
      "scope": "file writes include journal intent/add/flush; excludes this timing receipt and checkpoint writes",
      "mode": "stage4_sealed_cell",
      "banner": "sealed Stage 4; scientific admission also requires complete declared populations"
    },
    {
      "phase": "edit:138",
      "identity_check_kind": "in_memory_structure_and_configuration",
      "recipe_verification_seconds": 0.0,
      "identity_verification_seconds": 0.0,
      "identity_check_seconds": 0.0020659990259446204,
      "state_hash_seconds": 0.00028043787460774183,
      "clone_seconds": 0.0,
      "restore_seconds": 0.0,
      "file_write_seconds": 5.8231991715729237e-05,
      "operation_seconds": 0.09941486403113231,
      "total_phase_seconds": 0.10188232205109671,
      "scope": "file writes include journal intent/add/flush; excludes this timing receipt and checkpoint writes",
      "mode": "stage4_sealed_cell",
      "banner": "sealed Stage 4; scientific admission also requires complete declared populations"
    },
    {
      "phase": "immediate:138",
      "identity_check_kind": "in_memory_structure_and_configuration",
      "recipe_verification_seconds": 0.0,
      "identity_verification_seconds": 0.0,
      "identity_check_seconds": 0.0018948210054077208,
      "state_hash_seconds": 0.010219733987469226,
      "clone_seconds": 0.0,
      "restore_seconds": 0.0,
      "file_write_seconds": 5.6759046856313944e-05,
      "operation_seconds": 0.04248126898892224,
      "total_phase_seconds": 0.05472613399615511,
      "scope": "file writes include journal intent/add/flush; excludes this timing receipt and checkpoint writes",
      "mode": "stage4_sealed_cell",
      "banner": "sealed Stage 4; scientific admission also requires complete declared populations"
    },
    {
      "phase": "edit:139",
      "identity_check_kind": "in_memory_structure_and_configuration",
      "recipe_verification_seconds": 0.0,
      "identity_verification_seconds": 0.0,
      "identity_check_seconds": 0.0023642610176466405,
      "state_hash_seconds": 0.00025684305001050234,
      "clone_seconds": 0.0,
      "restore_seconds": 0.0,
      "file_write_seconds": 6.057496648281813e-05,
      "operation_seconds": 0.16731786000309512,
      "total_phase_seconds": 0.17007200798252597,
      "scope": "file writes include journal intent/add/flush; excludes this timing receipt and checkpoint writes",
      "mode": "stage4_sealed_cell",
      "banner": "sealed Stage 4; scientific admission also requires complete declared populations"
    },
    {
      "phase": "immediate:139",
      "identity_check_kind": "in_memory_structure_and_configuration",
      "recipe_verification_seconds": 0.0,
      "identity_verification_seconds": 0.0,
      "identity_check_seconds": 0.0020856860210187733,
      "state_hash_seconds": 0.011117505957372487,
      "clone_seconds": 0.0,
      "restore_seconds": 0.0,
      "file_write_seconds": 5.99650084041059e-05,
      "operation_seconds": 0.07482648303266615,
      "total_phase_seconds": 0.08818021399201825,
      "scope": "file writes include journal intent/add/flush; excludes this timing receipt and checkpoint writes",
      "mode": "stage4_sealed_cell",
      "banner": "sealed Stage 4; scientific admission also requires complete declared populations"
    },
    {
      "phase": "edit:140",
      "identity_check_kind": "in_memory_structure_and_configuration",
      "recipe_verification_seconds": 0.0,
      "identity_verification_seconds": 0.0,
      "identity_check_seconds": 0.002084934967570007,
      "state_hash_seconds": 0.00024354702327400446,
      "clone_seconds": 0.0,
      "restore_seconds": 0.0,
      "file_write_seconds": 5.893292836844921e-05,
      "operation_seconds": 0.1439875410287641,
      "total_phase_seconds": 0.14643432898446918,
      "scope": "file writes include journal intent/add/flush; excludes this timing receipt and checkpoint writes",
      "mode": "stage4_sealed_cell",
      "banner": "sealed Stage 4; scientific admission also requires complete declared populations"
    },
    {
      "phase": "immediate:140",
      "identity_check_kind": "in_memory_structure_and_configuration",
      "recipe_verification_seconds": 0.0,
      "identity_verification_seconds": 0.0,
      "identity_check_seconds": 0.0025376119883731008,
      "state_hash_seconds": 0.011865719046909362,
      "clone_seconds": 0.0,
      "restore_seconds": 0.0,
      "file_write_seconds": 6.331101758405566e-05,
      "operation_seconds": 0.06601773400325328,
      "total_phase_seconds": 0.08057705301325768,
      "scope": "file writes include journal intent/add/flush; excludes this timing receipt and checkpoint writes",
      "mode": "stage4_sealed_cell",
      "banner": "sealed Stage 4; scientific admission also requires complete declared populations"
    },
    {
      "phase": "edit:141",
      "identity_check_kind": "in_memory_structure_and_configuration",
      "recipe_verification_seconds": 0.0,
      "identity_verification_seconds": 0.0,
      "identity_check_seconds": 0.002167793980333954,
      "state_hash_seconds": 0.00027747207786887884,
      "clone_seconds": 0.0,
      "restore_seconds": 0.0,
      "file_write_seconds": 5.861197132617235e-05,
      "operation_seconds": 0.3685996749554761,
      "total_phase_seconds": 0.3711755819967948,
      "scope": "file writes include journal intent/add/flush; excludes this timing receipt and checkpoint writes",
      "mode": "stage4_sealed_cell",
      "banner": "sealed Stage 4; scientific admission also requires complete declared populations"
    },
    {
      "phase": "immediate:141",
      "identity_check_kind": "in_memory_structure_and_configuration",
      "recipe_verification_seconds": 0.0,
      "identity_verification_seconds": 0.0,
      "identity_check_seconds": 0.002088623063173145,
      "state_hash_seconds": 0.010716618038713932,
      "clone_seconds": 0.0,
      "restore_seconds": 0.0,
      "file_write_seconds": 5.684897769242525e-05,
      "operation_seconds": 0.11192569899139926,
      "total_phase_seconds": 0.1248681009747088,
      "scope": "file writes include journal intent/add/flush; excludes this timing receipt and checkpoint writes",
      "mode": "stage4_sealed_cell",
      "banner": "sealed Stage 4; scientific admission also requires complete declared populations"
    },
    {
      "phase": "edit:142",
      "identity_check_kind": "in_memory_structure_and_configuration",
      "recipe_verification_seconds": 0.0,
      "identity_verification_seconds": 0.0,
      "identity_check_seconds": 0.0022211860050447285,
      "state_hash_seconds": 0.0002749369596131146,
      "clone_seconds": 0.0,
      "restore_seconds": 0.0,
      "file_write_seconds": 5.8771984186023474e-05,
      "operation_seconds": 0.07731753698317334,
      "total_phase_seconds": 0.07994774699909613,
      "scope": "file writes include journal intent/add/flush; excludes this timing receipt and checkpoint writes",
      "mode": "stage4_sealed_cell",
      "banner": "sealed Stage 4; scientific admission also requires complete declared populations"
    },
    {
      "phase": "immediate:142",
      "identity_check_kind": "in_memory_structure_and_configuration",
      "recipe_verification_seconds": 0.0,
      "identity_verification_seconds": 0.0,
      "identity_check_seconds": 0.002006714988965541,
      "state_hash_seconds": 0.01071478397352621,
      "clone_seconds": 0.0,
      "restore_seconds": 0.0,
      "file_write_seconds": 5.63180074095726e-05,
      "operation_seconds": 0.04103398503502831,
      "total_phase_seconds": 0.0538857439532876,
      "scope": "file writes include journal intent/add/flush; excludes this timing receipt and checkpoint writes",
      "mode": "stage4_sealed_cell",
      "banner": "sealed Stage 4; scientific admission also requires complete declared populations"
    },
    {
      "phase": "edit:143",
      "identity_check_kind": "in_memory_structure_and_configuration",
      "recipe_verification_seconds": 0.0,
      "identity_verification_seconds": 0.0,
      "identity_check_seconds": 0.0019590140436775982,
      "state_hash_seconds": 0.000247555086389184,
      "clone_seconds": 0.0,
      "restore_seconds": 0.0,
      "file_write_seconds": 6.073596887290478e-05,
      "operation_seconds": 0.07764925301307812,
      "total_phase_seconds": 0.07997635303763673,
      "scope": "file writes include journal intent/add/flush; excludes this timing receipt and checkpoint writes",
      "mode": "stage4_sealed_cell",
      "banner": "sealed Stage 4; scientific admission also requires complete declared populations"
    },
    {
      "phase": "immediate:143",
      "identity_check_kind": "in_memory_structure_and_configuration",
      "recipe_verification_seconds": 0.0,
      "identity_verification_seconds": 0.0,
      "identity_check_seconds": 0.001967308984603733,
      "state_hash_seconds": 0.010708392015658319,
      "clone_seconds": 0.0,
      "restore_seconds": 0.0,
      "file_write_seconds": 5.692901322618127e-05,
      "operation_seconds": 0.045794107019901276,
      "total_phase_seconds": 0.05860296403989196,
      "scope": "file writes include journal intent/add/flush; excludes this timing receipt and checkpoint writes",
      "mode": "stage4_sealed_cell",
      "banner": "sealed Stage 4; scientific admission also requires complete declared populations"
    },
    {
      "phase": "edit:144",
      "identity_check_kind": "in_memory_structure_and_configuration",
      "recipe_verification_seconds": 0.0,
      "identity_verification_seconds": 0.0,
      "identity_check_seconds": 0.002003297966439277,
      "state_hash_seconds": 0.00024024001322686672,
      "clone_seconds": 0.0,
      "restore_seconds": 0.0,
      "file_write_seconds": 5.772104486823082e-05,
      "operation_seconds": 0.25411071500275284,
      "total_phase_seconds": 0.25646912498632446,
      "scope": "file writes include journal intent/add/flush; excludes this timing receipt and checkpoint writes",
      "mode": "stage4_sealed_cell",
      "banner": "sealed Stage 4; scientific admission also requires complete declared populations"
    },
    {
      "phase": "immediate:144",
      "identity_check_kind": "in_memory_structure_and_configuration",
      "recipe_verification_seconds": 0.0,
      "identity_verification_seconds": 0.0,
      "identity_check_seconds": 0.002155619964469224,
      "state_hash_seconds": 0.010940655949525535,
      "clone_seconds": 0.0,
      "restore_seconds": 0.0,
      "file_write_seconds": 5.789095303043723e-05,
      "operation_seconds": 0.08624523598700762,
      "total_phase_seconds": 0.09947908704634756,
      "scope": "file writes include journal intent/add/flush; excludes this timing receipt and checkpoint writes",
      "mode": "stage4_sealed_cell",
      "banner": "sealed Stage 4; scientific admission also requires complete declared populations"
    },
    {
      "phase": "edit:145",
      "identity_check_kind": "in_memory_structure_and_configuration",
      "recipe_verification_seconds": 0.0,
      "identity_verification_seconds": 0.0,
      "identity_check_seconds": 0.002030972042120993,
      "state_hash_seconds": 0.00024964800104498863,
      "clone_seconds": 0.0,
      "restore_seconds": 0.0,
      "file_write_seconds": 5.86929963901639e-05,
      "operation_seconds": 0.07765074603958055,
      "total_phase_seconds": 0.08005095599219203,
      "scope": "file writes include journal intent/add/flush; excludes this timing receipt and checkpoint writes",
      "mode": "stage4_sealed_cell",
      "banner": "sealed Stage 4; scientific admission also requires complete declared populations"
    },
    {
      "phase": "immediate:145",
      "identity_check_kind": "in_memory_structure_and_configuration",
      "recipe_verification_seconds": 0.0,
      "identity_verification_seconds": 0.0,
      "identity_check_seconds": 0.0019174240296706557,
      "state_hash_seconds": 0.010875852080062032,
      "clone_seconds": 0.0,
      "restore_seconds": 0.0,
      "file_write_seconds": 5.8350968174636364e-05,
      "operation_seconds": 0.045411063998471946,
      "total_phase_seconds": 0.05833828600589186,
      "scope": "file writes include journal intent/add/flush; excludes this timing receipt and checkpoint writes",
      "mode": "stage4_sealed_cell",
      "banner": "sealed Stage 4; scientific admission also requires complete declared populations"
    },
    {
      "phase": "edit:146",
      "identity_check_kind": "in_memory_structure_and_configuration",
      "recipe_verification_seconds": 0.0,
      "identity_verification_seconds": 0.0,
      "identity_check_seconds": 0.0022108160192146897,
      "state_hash_seconds": 0.00028753001242876053,
      "clone_seconds": 0.0,
      "restore_seconds": 0.0,
      "file_write_seconds": 5.9936020988970995e-05,
      "operation_seconds": 0.0793414160143584,
      "total_phase_seconds": 0.08196150697767735,
      "scope": "file writes include journal intent/add/flush; excludes this timing receipt and checkpoint writes",
      "mode": "stage4_sealed_cell",
      "banner": "sealed Stage 4; scientific admission also requires complete declared populations"
    },
    {
      "phase": "immediate:146",
      "identity_check_kind": "in_memory_structure_and_configuration",
      "recipe_verification_seconds": 0.0,
      "identity_verification_seconds": 0.0,
      "identity_check_seconds": 0.001943826035130769,
      "state_hash_seconds": 0.0110214909655042,
      "clone_seconds": 0.0,
      "restore_seconds": 0.0,
      "file_write_seconds": 5.7169003412127495e-05,
      "operation_seconds": 0.04765802901238203,
      "total_phase_seconds": 0.06075608002720401,
      "scope": "file writes include journal intent/add/flush; excludes this timing receipt and checkpoint writes",
      "mode": "stage4_sealed_cell",
      "banner": "sealed Stage 4; scientific admission also requires complete declared populations"
    },
    {
      "phase": "edit:147",
      "identity_check_kind": "in_memory_structure_and_configuration",
      "recipe_verification_seconds": 0.0,
      "identity_verification_seconds": 0.0,
      "identity_check_seconds": 0.0019372030510567129,
      "state_hash_seconds": 0.0002491690102033317,
      "clone_seconds": 0.0,
      "restore_seconds": 0.0,
      "file_write_seconds": 5.859200609847903e-05,
      "operation_seconds": 0.14267779095098376,
      "total_phase_seconds": 0.14498424995690584,
      "scope": "file writes include journal intent/add/flush; excludes this timing receipt and checkpoint writes",
      "mode": "stage4_sealed_cell",
      "banner": "sealed Stage 4; scientific admission also requires complete declared populations"
    },
    {
      "phase": "immediate:147",
      "identity_check_kind": "in_memory_structure_and_configuration",
      "recipe_verification_seconds": 0.0,
      "identity_verification_seconds": 0.0,
      "identity_check_seconds": 0.0021100440062582493,
      "state_hash_seconds": 0.01097237499197945,
      "clone_seconds": 0.0,
      "restore_seconds": 0.0,
      "file_write_seconds": 5.718995817005634e-05,
      "operation_seconds": 0.0482680190471001,
      "total_phase_seconds": 0.06148810300510377,
      "scope": "file writes include journal intent/add/flush; excludes this timing receipt and checkpoint writes",
      "mode": "stage4_sealed_cell",
      "banner": "sealed Stage 4; scientific admission also requires complete declared populations"
    },
    {
      "phase": "edit:148",
      "identity_check_kind": "in_memory_structure_and_configuration",
      "recipe_verification_seconds": 0.0,
      "identity_verification_seconds": 0.0,
      "identity_check_seconds": 0.0019797630375251174,
      "state_hash_seconds": 0.00025056098820641637,
      "clone_seconds": 0.0,
      "restore_seconds": 0.0,
      "file_write_seconds": 5.79309999011457e-05,
      "operation_seconds": 0.1402948839822784,
      "total_phase_seconds": 0.14264103001914918,
      "scope": "file writes include journal intent/add/flush; excludes this timing receipt and checkpoint writes",
      "mode": "stage4_sealed_cell",
      "banner": "sealed Stage 4; scientific admission also requires complete declared populations"
    },
    {
      "phase": "immediate:148",
      "identity_check_kind": "in_memory_structure_and_configuration",
      "recipe_verification_seconds": 0.0,
      "identity_verification_seconds": 0.0,
      "identity_check_seconds": 0.0020625119796022773,
      "state_hash_seconds": 0.011533992947079241,
      "clone_seconds": 0.0,
      "restore_seconds": 0.0,
      "file_write_seconds": 0.004671200993470848,
      "operation_seconds": 0.06336057098815218,
      "total_phase_seconds": 0.0817117280093953,
      "scope": "file writes include journal intent/add/flush; excludes this timing receipt and checkpoint writes",
      "mode": "stage4_sealed_cell",
      "banner": "sealed Stage 4; scientific admission also requires complete declared populations"
    },
    {
      "phase": "edit:149",
      "identity_check_kind": "in_memory_structure_and_configuration",
      "recipe_verification_seconds": 0.0,
      "identity_verification_seconds": 0.0,
      "identity_check_seconds": 0.0021909390343353152,
      "state_hash_seconds": 0.0002777010085992515,
      "clone_seconds": 0.0,
      "restore_seconds": 0.0,
      "file_write_seconds": 0.0011390639701858163,
      "operation_seconds": 0.1606801199959591,
      "total_phase_seconds": 0.16435674502281472,
      "scope": "file writes include journal intent/add/flush; excludes this timing receipt and checkpoint writes",
      "mode": "stage4_sealed_cell",
      "banner": "sealed Stage 4; scientific admission also requires complete declared populations"
    },
    {
      "phase": "immediate:149",
      "identity_check_kind": "in_memory_structure_and_configuration",
      "recipe_verification_seconds": 0.0,
      "identity_verification_seconds": 0.0,
      "identity_check_seconds": 0.0022747889743186533,
      "state_hash_seconds": 0.011442257964517921,
      "clone_seconds": 0.0,
      "restore_seconds": 0.0,
      "file_write_seconds": 5.8542005717754364e-05,
      "operation_seconds": 0.06256213103188202,
      "total_phase_seconds": 0.07643390499288216,
      "scope": "file writes include journal intent/add/flush; excludes this timing receipt and checkpoint writes",
      "mode": "stage4_sealed_cell",
      "banner": "sealed Stage 4; scientific admission also requires complete declared populations"
    },
    {
      "phase": "edit:150",
      "identity_check_kind": "in_memory_structure_and_configuration",
      "recipe_verification_seconds": 0.0,
      "identity_verification_seconds": 0.0,
      "identity_check_seconds": 0.002080387028399855,
      "state_hash_seconds": 0.0002629029331728816,
      "clone_seconds": 0.0,
      "restore_seconds": 0.0,
      "file_write_seconds": 5.829200381413102e-05,
      "operation_seconds": 0.07594188203802332,
      "total_phase_seconds": 0.07840435998514295,
      "scope": "file writes include journal intent/add/flush; excludes this timing receipt and checkpoint writes",
      "mode": "stage4_sealed_cell",
      "banner": "sealed Stage 4; scientific admission also requires complete declared populations"
    },
    {
      "phase": "immediate:150",
      "identity_check_kind": "in_memory_structure_and_configuration",
      "recipe_verification_seconds": 0.0,
      "identity_verification_seconds": 0.0,
      "identity_check_seconds": 0.0019221630063839257,
      "state_hash_seconds": 0.011144877003971487,
      "clone_seconds": 0.0,
      "restore_seconds": 0.0,
      "file_write_seconds": 5.7158933486789465e-05,
      "operation_seconds": 0.039841438992880285,
      "total_phase_seconds": 0.05304237798554823,
      "scope": "file writes include journal intent/add/flush; excludes this timing receipt and checkpoint writes",
      "mode": "stage4_sealed_cell",
      "banner": "sealed Stage 4; scientific admission also requires complete declared populations"
    },
    {
      "phase": "edit:151",
      "identity_check_kind": "in_memory_structure_and_configuration",
      "recipe_verification_seconds": 0.0,
      "identity_verification_seconds": 0.0,
      "identity_check_seconds": 0.0021103640319779515,
      "state_hash_seconds": 0.0002888139570131898,
      "clone_seconds": 0.0,
      "restore_seconds": 0.0,
      "file_write_seconds": 5.761999636888504e-05,
      "operation_seconds": 0.10297631897265092,
      "total_phase_seconds": 0.10549539601197466,
      "scope": "file writes include journal intent/add/flush; excludes this timing receipt and checkpoint writes",
      "mode": "stage4_sealed_cell",
      "banner": "sealed Stage 4; scientific admission also requires complete declared populations"
    },
    {
      "phase": "immediate:151",
      "identity_check_kind": "in_memory_structure_and_configuration",
      "recipe_verification_seconds": 0.0,
      "identity_verification_seconds": 0.0,
      "identity_check_seconds": 0.0021890559582971036,
      "state_hash_seconds": 0.01156979298684746,
      "clone_seconds": 0.0,
      "restore_seconds": 0.0,
      "file_write_seconds": 6.28210254944861e-05,
      "operation_seconds": 0.05555278802057728,
      "total_phase_seconds": 0.06948375498177484,
      "scope": "file writes include journal intent/add/flush; excludes this timing receipt and checkpoint writes",
      "mode": "stage4_sealed_cell",
      "banner": "sealed Stage 4; scientific admission also requires complete declared populations"
    },
    {
      "phase": "edit:152",
      "identity_check_kind": "in_memory_structure_and_configuration",
      "recipe_verification_seconds": 0.0,
      "identity_verification_seconds": 0.0,
      "identity_check_seconds": 0.002435538044665009,
      "state_hash_seconds": 0.00030751898884773254,
      "clone_seconds": 0.0,
      "restore_seconds": 0.0,
      "file_write_seconds": 5.9123034588992596e-05,
      "operation_seconds": 0.1323908279882744,
      "total_phase_seconds": 0.13526832102797925,
      "scope": "file writes include journal intent/add/flush; excludes this timing receipt and checkpoint writes",
      "mode": "stage4_sealed_cell",
      "banner": "sealed Stage 4; scientific admission also requires complete declared populations"
    },
    {
      "phase": "immediate:152",
      "identity_check_kind": "in_memory_structure_and_configuration",
      "recipe_verification_seconds": 0.0,
      "identity_verification_seconds": 0.0,
      "identity_check_seconds": 0.0020272249821573496,
      "state_hash_seconds": 0.01159352803369984,
      "clone_seconds": 0.0,
      "restore_seconds": 0.0,
      "file_write_seconds": 5.947297904640436e-05,
      "operation_seconds": 0.05367221496999264,
      "total_phase_seconds": 0.06744199199602008,
      "scope": "file writes include journal intent/add/flush; excludes this timing receipt and checkpoint writes",
      "mode": "stage4_sealed_cell",
      "banner": "sealed Stage 4; scientific admission also requires complete declared populations"
    },
    {
      "phase": "edit:153",
      "identity_check_kind": "in_memory_structure_and_configuration",
      "recipe_verification_seconds": 0.0,
      "identity_verification_seconds": 0.0,
      "identity_check_seconds": 0.0023579589906148612,
      "state_hash_seconds": 0.0003075689892284572,
      "clone_seconds": 0.0,
      "restore_seconds": 0.0,
      "file_write_seconds": 6.0886028222739697e-05,
      "operation_seconds": 0.2214217419968918,
      "total_phase_seconds": 0.22421903198119253,
      "scope": "file writes include journal intent/add/flush; excludes this timing receipt and checkpoint writes",
      "mode": "stage4_sealed_cell",
      "banner": "sealed Stage 4; scientific admission also requires complete declared populations"
    },
    {
      "phase": "immediate:153",
      "identity_check_kind": "in_memory_structure_and_configuration",
      "recipe_verification_seconds": 0.0,
      "identity_verification_seconds": 0.0,
      "identity_check_seconds": 0.0022889660322107375,
      "state_hash_seconds": 0.01165215001674369,
      "clone_seconds": 0.0,
      "restore_seconds": 0.0,
      "file_write_seconds": 5.7689903769642115e-05,
      "operation_seconds": 0.06012814602581784,
      "total_phase_seconds": 0.07421790802618489,
      "scope": "file writes include journal intent/add/flush; excludes this timing receipt and checkpoint writes",
      "mode": "stage4_sealed_cell",
      "banner": "sealed Stage 4; scientific admission also requires complete declared populations"
    },
    {
      "phase": "edit:154",
      "identity_check_kind": "in_memory_structure_and_configuration",
      "recipe_verification_seconds": 0.0,
      "identity_verification_seconds": 0.0,
      "identity_check_seconds": 0.002109902969095856,
      "state_hash_seconds": 0.0003221179358661175,
      "clone_seconds": 0.0,
      "restore_seconds": 0.0,
      "file_write_seconds": 5.836196942254901e-05,
      "operation_seconds": 0.27964376501040533,
      "total_phase_seconds": 0.28219820000231266,
      "scope": "file writes include journal intent/add/flush; excludes this timing receipt and checkpoint writes",
      "mode": "stage4_sealed_cell",
      "banner": "sealed Stage 4; scientific admission also requires complete declared populations"
    },
    {
      "phase": "immediate:154",
      "identity_check_kind": "in_memory_structure_and_configuration",
      "recipe_verification_seconds": 0.0,
      "identity_verification_seconds": 0.0,
      "identity_check_seconds": 0.0022164880065247416,
      "state_hash_seconds": 0.011544462002348155,
      "clone_seconds": 0.0,
      "restore_seconds": 0.0,
      "file_write_seconds": 5.620799493044615e-05,
      "operation_seconds": 0.06268645898671821,
      "total_phase_seconds": 0.07657953299349174,
      "scope": "file writes include journal intent/add/flush; excludes this timing receipt and checkpoint writes",
      "mode": "stage4_sealed_cell",
      "banner": "sealed Stage 4; scientific admission also requires complete declared populations"
    },
    {
      "phase": "edit:155",
      "identity_check_kind": "in_memory_structure_and_configuration",
      "recipe_verification_seconds": 0.0,
      "identity_verification_seconds": 0.0,
      "identity_check_seconds": 0.0020414110040292144,
      "state_hash_seconds": 0.0002636350691318512,
      "clone_seconds": 0.0,
      "restore_seconds": 0.0,
      "file_write_seconds": 5.87630202062428e-05,
      "operation_seconds": 0.07695147598860785,
      "total_phase_seconds": 0.07937433902407065,
      "scope": "file writes include journal intent/add/flush; excludes this timing receipt and checkpoint writes",
      "mode": "stage4_sealed_cell",
      "banner": "sealed Stage 4; scientific admission also requires complete declared populations"
    },
    {
      "phase": "immediate:155",
      "identity_check_kind": "in_memory_structure_and_configuration",
      "recipe_verification_seconds": 0.0,
      "identity_verification_seconds": 0.0,
      "identity_check_seconds": 0.0019164530094712973,
      "state_hash_seconds": 0.01160708290990442,
      "clone_seconds": 0.0,
      "restore_seconds": 0.0,
      "file_write_seconds": 5.67480456084013e-05,
      "operation_seconds": 0.04792193497996777,
      "total_phase_seconds": 0.06157486804295331,
      "scope": "file writes include journal intent/add/flush; excludes this timing receipt and checkpoint writes",
      "mode": "stage4_sealed_cell",
      "banner": "sealed Stage 4; scientific admission also requires complete declared populations"
    },
    {
      "phase": "edit:156",
      "identity_check_kind": "in_memory_structure_and_configuration",
      "recipe_verification_seconds": 0.0,
      "identity_verification_seconds": 0.0,
      "identity_check_seconds": 0.002078422054182738,
      "state_hash_seconds": 0.0002913490170612931,
      "clone_seconds": 0.0,
      "restore_seconds": 0.0,
      "file_write_seconds": 5.8792007621377707e-05,
      "operation_seconds": 0.07645752897951752,
      "total_phase_seconds": 0.07895261095836759,
      "scope": "file writes include journal intent/add/flush; excludes this timing receipt and checkpoint writes",
      "mode": "stage4_sealed_cell",
      "banner": "sealed Stage 4; scientific admission also requires complete declared populations"
    },
    {
      "phase": "immediate:156",
      "identity_check_kind": "in_memory_structure_and_configuration",
      "recipe_verification_seconds": 0.0,
      "identity_verification_seconds": 0.0,
      "identity_check_seconds": 0.00197808095254004,
      "state_hash_seconds": 0.011831624957267195,
      "clone_seconds": 0.0,
      "restore_seconds": 0.0,
      "file_write_seconds": 5.6378950830549e-05,
      "operation_seconds": 0.04805905802641064,
      "total_phase_seconds": 0.062006635998841375,
      "scope": "file writes include journal intent/add/flush; excludes this timing receipt and checkpoint writes",
      "mode": "stage4_sealed_cell",
      "banner": "sealed Stage 4; scientific admission also requires complete declared populations"
    },
    {
      "phase": "edit:157",
      "identity_check_kind": "in_memory_structure_and_configuration",
      "recipe_verification_seconds": 0.0,
      "identity_verification_seconds": 0.0,
      "identity_check_seconds": 0.0020626839832402766,
      "state_hash_seconds": 0.00027307297568768263,
      "clone_seconds": 0.0,
      "restore_seconds": 0.0,
      "file_write_seconds": 5.952402716502547e-05,
      "operation_seconds": 0.1124446929898113,
      "total_phase_seconds": 0.11489988805260509,
      "scope": "file writes include journal intent/add/flush; excludes this timing receipt and checkpoint writes",
      "mode": "stage4_sealed_cell",
      "banner": "sealed Stage 4; scientific admission also requires complete declared populations"
    },
    {
      "phase": "immediate:157",
      "identity_check_kind": "in_memory_structure_and_configuration",
      "recipe_verification_seconds": 0.0,
      "identity_verification_seconds": 0.0,
      "identity_check_seconds": 0.0019696150557138026,
      "state_hash_seconds": 0.011671144980937243,
      "clone_seconds": 0.0,
      "restore_seconds": 0.0,
      "file_write_seconds": 5.7160970754921436e-05,
      "operation_seconds": 0.05464542901609093,
      "total_phase_seconds": 0.06841825298033655,
      "scope": "file writes include journal intent/add/flush; excludes this timing receipt and checkpoint writes",
      "mode": "stage4_sealed_cell",
      "banner": "sealed Stage 4; scientific admission also requires complete declared populations"
    },
    {
      "phase": "edit:158",
      "identity_check_kind": "in_memory_structure_and_configuration",
      "recipe_verification_seconds": 0.0,
      "identity_verification_seconds": 0.0,
      "identity_check_seconds": 0.001956778985913843,
      "state_hash_seconds": 0.00026146991876885295,
      "clone_seconds": 0.0,
      "restore_seconds": 0.0,
      "file_write_seconds": 5.797104677185416e-05,
      "operation_seconds": 0.14819835004163906,
      "total_phase_seconds": 0.1505320820142515,
      "scope": "file writes include journal intent/add/flush; excludes this timing receipt and checkpoint writes",
      "mode": "stage4_sealed_cell",
      "banner": "sealed Stage 4; scientific admission also requires complete declared populations"
    },
    {
      "phase": "immediate:158",
      "identity_check_kind": "in_memory_structure_and_configuration",
      "recipe_verification_seconds": 0.0,
      "identity_verification_seconds": 0.0,
      "identity_check_seconds": 0.0020988809992559254,
      "state_hash_seconds": 0.012107522052247077,
      "clone_seconds": 0.0,
      "restore_seconds": 0.0,
      "file_write_seconds": 5.795201286673546e-05,
      "operation_seconds": 0.06742699298774824,
      "total_phase_seconds": 0.08177996904123574,
      "scope": "file writes include journal intent/add/flush; excludes this timing receipt and checkpoint writes",
      "mode": "stage4_sealed_cell",
      "banner": "sealed Stage 4; scientific admission also requires complete declared populations"
    },
    {
      "phase": "edit:159",
      "identity_check_kind": "in_memory_structure_and_configuration",
      "recipe_verification_seconds": 0.0,
      "identity_verification_seconds": 0.0,
      "identity_check_seconds": 0.00200918095652014,
      "state_hash_seconds": 0.00027570792008191347,
      "clone_seconds": 0.0,
      "restore_seconds": 0.0,
      "file_write_seconds": 5.762203363701701e-05,
      "operation_seconds": 0.113127872988116,
      "total_phase_seconds": 0.11553046701010317,
      "scope": "file writes include journal intent/add/flush; excludes this timing receipt and checkpoint writes",
      "mode": "stage4_sealed_cell",
      "banner": "sealed Stage 4; scientific admission also requires complete declared populations"
    },
    {
      "phase": "immediate:159",
      "identity_check_kind": "in_memory_structure_and_configuration",
      "recipe_verification_seconds": 0.0,
      "identity_verification_seconds": 0.0,
      "identity_check_seconds": 0.0022710530320182443,
      "state_hash_seconds": 0.012410391995217651,
      "clone_seconds": 0.0,
      "restore_seconds": 0.0,
      "file_write_seconds": 5.589699139818549e-05,
      "operation_seconds": 0.05847753398120403,
      "total_phase_seconds": 0.07330274401465431,
      "scope": "file writes include journal intent/add/flush; excludes this timing receipt and checkpoint writes",
      "mode": "stage4_sealed_cell",
      "banner": "sealed Stage 4; scientific admission also requires complete declared populations"
    },
    {
      "phase": "edit:160",
      "identity_check_kind": "in_memory_structure_and_configuration",
      "recipe_verification_seconds": 0.0,
      "identity_verification_seconds": 0.0,
      "identity_check_seconds": 0.002073142968583852,
      "state_hash_seconds": 0.00029022700618952513,
      "clone_seconds": 0.0,
      "restore_seconds": 0.0,
      "file_write_seconds": 5.880300886929035e-05,
      "operation_seconds": 0.0753444159636274,
      "total_phase_seconds": 0.07783098198706284,
      "scope": "file writes include journal intent/add/flush; excludes this timing receipt and checkpoint writes",
      "mode": "stage4_sealed_cell",
      "banner": "sealed Stage 4; scientific admission also requires complete declared populations"
    },
    {
      "phase": "immediate:160",
      "identity_check_kind": "in_memory_structure_and_configuration",
      "recipe_verification_seconds": 0.0,
      "identity_verification_seconds": 0.0,
      "identity_check_seconds": 0.0019744239980354905,
      "state_hash_seconds": 0.011851702001877129,
      "clone_seconds": 0.0,
      "restore_seconds": 0.0,
      "file_write_seconds": 5.6638033129274845e-05,
      "operation_seconds": 0.055043953005224466,
      "total_phase_seconds": 0.06899843597784638,
      "scope": "file writes include journal intent/add/flush; excludes this timing receipt and checkpoint writes",
      "mode": "stage4_sealed_cell",
      "banner": "sealed Stage 4; scientific admission also requires complete declared populations"
    },
    {
      "phase": "edit:161",
      "identity_check_kind": "in_memory_structure_and_configuration",
      "recipe_verification_seconds": 0.0,
      "identity_verification_seconds": 0.0,
      "identity_check_seconds": 0.0019396260613575578,
      "state_hash_seconds": 0.00026958691887557507,
      "clone_seconds": 0.0,
      "restore_seconds": 0.0,
      "file_write_seconds": 5.770003190264106e-05,
      "operation_seconds": 0.07739769102772698,
      "total_phase_seconds": 0.07972302695270628,
      "scope": "file writes include journal intent/add/flush; excludes this timing receipt and checkpoint writes",
      "mode": "stage4_sealed_cell",
      "banner": "sealed Stage 4; scientific admission also requires complete declared populations"
    },
    {
      "phase": "immediate:161",
      "identity_check_kind": "in_memory_structure_and_configuration",
      "recipe_verification_seconds": 0.0,
      "identity_verification_seconds": 0.0,
      "identity_check_seconds": 0.0019041989580728114,
      "state_hash_seconds": 0.012059008062351495,
      "clone_seconds": 0.0,
      "restore_seconds": 0.0,
      "file_write_seconds": 5.714897997677326e-05,
      "operation_seconds": 0.04430520394816995,
      "total_phase_seconds": 0.05840278003597632,
      "scope": "file writes include journal intent/add/flush; excludes this timing receipt and checkpoint writes",
      "mode": "stage4_sealed_cell",
      "banner": "sealed Stage 4; scientific admission also requires complete declared populations"
    },
    {
      "phase": "edit:162",
      "identity_check_kind": "in_memory_structure_and_configuration",
      "recipe_verification_seconds": 0.0,
      "identity_verification_seconds": 0.0,
      "identity_check_seconds": 0.0020710089593194425,
      "state_hash_seconds": 0.00027379393577575684,
      "clone_seconds": 0.0,
      "restore_seconds": 0.0,
      "file_write_seconds": 5.840195808559656e-05,
      "operation_seconds": 0.17350235098274425,
      "total_phase_seconds": 0.1759634479531087,
      "scope": "file writes include journal intent/add/flush; excludes this timing receipt and checkpoint writes",
      "mode": "stage4_sealed_cell",
      "banner": "sealed Stage 4; scientific admission also requires complete declared populations"
    },
    {
      "phase": "immediate:162",
      "identity_check_kind": "in_memory_structure_and_configuration",
      "recipe_verification_seconds": 0.0,
      "identity_verification_seconds": 0.0,
      "identity_check_seconds": 0.0020423439564183354,
      "state_hash_seconds": 0.012687494046986103,
      "clone_seconds": 0.0,
      "restore_seconds": 0.0,
      "file_write_seconds": 5.6558987125754356e-05,
      "operation_seconds": 0.07517630397342145,
      "total_phase_seconds": 0.09004665102111176,
      "scope": "file writes include journal intent/add/flush; excludes this timing receipt and checkpoint writes",
      "mode": "stage4_sealed_cell",
      "banner": "sealed Stage 4; scientific admission also requires complete declared populations"
    },
    {
      "phase": "edit:163",
      "identity_check_kind": "in_memory_structure_and_configuration",
      "recipe_verification_seconds": 0.0,
      "identity_verification_seconds": 0.0,
      "identity_check_seconds": 0.0021419439581222832,
      "state_hash_seconds": 0.0003013369860127568,
      "clone_seconds": 0.0,
      "restore_seconds": 0.0,
      "file_write_seconds": 5.9985031839460135e-05,
      "operation_seconds": 0.12348886800464243,
      "total_phase_seconds": 0.12605712900403887,
      "scope": "file writes include journal intent/add/flush; excludes this timing receipt and checkpoint writes",
      "mode": "stage4_sealed_cell",
      "banner": "sealed Stage 4; scientific admission also requires complete declared populations"
    },
    {
      "phase": "immediate:163",
      "identity_check_kind": "in_memory_structure_and_configuration",
      "recipe_verification_seconds": 0.0,
      "identity_verification_seconds": 0.0,
      "identity_check_seconds": 0.001976007013581693,
      "state_hash_seconds": 0.012386386981233954,
      "clone_seconds": 0.0,
      "restore_seconds": 0.0,
      "file_write_seconds": 5.651795072481036e-05,
      "operation_seconds": 0.060528172994963825,
      "total_phase_seconds": 0.07502738799666986,
      "scope": "file writes include journal intent/add/flush; excludes this timing receipt and checkpoint writes",
      "mode": "stage4_sealed_cell",
      "banner": "sealed Stage 4; scientific admission also requires complete declared populations"
    },
    {
      "phase": "edit:164",
      "identity_check_kind": "in_memory_structure_and_configuration",
      "recipe_verification_seconds": 0.0,
      "identity_verification_seconds": 0.0,
      "identity_check_seconds": 0.002015290956478566,
      "state_hash_seconds": 0.0002742161159403622,
      "clone_seconds": 0.0,
      "restore_seconds": 0.0,
      "file_write_seconds": 5.951395723968744e-05,
      "operation_seconds": 0.08584146201610565,
      "total_phase_seconds": 0.08824990800349042,
      "scope": "file writes include journal intent/add/flush; excludes this timing receipt and checkpoint writes",
      "mode": "stage4_sealed_cell",
      "banner": "sealed Stage 4; scientific admission also requires complete declared populations"
    },
    {
      "phase": "immediate:164",
      "identity_check_kind": "in_memory_structure_and_configuration",
      "recipe_verification_seconds": 0.0,
      "identity_verification_seconds": 0.0,
      "identity_check_seconds": 0.0019855659920722246,
      "state_hash_seconds": 0.012370505020953715,
      "clone_seconds": 0.0,
      "restore_seconds": 0.0,
      "file_write_seconds": 0.004633068980183452,
      "operation_seconds": 0.05003475397825241,
      "total_phase_seconds": 0.06910526001593098,
      "scope": "file writes include journal intent/add/flush; excludes this timing receipt and checkpoint writes",
      "mode": "stage4_sealed_cell",
      "banner": "sealed Stage 4; scientific admission also requires complete declared populations"
    },
    {
      "phase": "edit:165",
      "identity_check_kind": "in_memory_structure_and_configuration",
      "recipe_verification_seconds": 0.0,
      "identity_verification_seconds": 0.0,
      "identity_check_seconds": 0.0020512500195764005,
      "state_hash_seconds": 0.00027858500834554434,
      "clone_seconds": 0.0,
      "restore_seconds": 0.0,
      "file_write_seconds": 0.001187023997772485,
      "operation_seconds": 0.11953413899755105,
      "total_phase_seconds": 0.12311325798509642,
      "scope": "file writes include journal intent/add/flush; excludes this timing receipt and checkpoint writes",
      "mode": "stage4_sealed_cell",
      "banner": "sealed Stage 4; scientific admission also requires complete declared populations"
    },
    {
      "phase": "immediate:165",
      "identity_check_kind": "in_memory_structure_and_configuration",
      "recipe_verification_seconds": 0.0,
      "identity_verification_seconds": 0.0,
      "identity_check_seconds": 0.002107707958202809,
      "state_hash_seconds": 0.012364754977170378,
      "clone_seconds": 0.0,
      "restore_seconds": 0.0,
      "file_write_seconds": 5.790102295577526e-05,
      "operation_seconds": 0.05800514901056886,
      "total_phase_seconds": 0.07262147800065577,
      "scope": "file writes include journal intent/add/flush; excludes this timing receipt and checkpoint writes",
      "mode": "stage4_sealed_cell",
      "banner": "sealed Stage 4; scientific admission also requires complete declared populations"
    },
    {
      "phase": "edit:166",
      "identity_check_kind": "in_memory_structure_and_configuration",
      "recipe_verification_seconds": 0.0,
      "identity_verification_seconds": 0.0,
      "identity_check_seconds": 0.002058965968899429,
      "state_hash_seconds": 0.0002781940856948495,
      "clone_seconds": 0.0,
      "restore_seconds": 0.0,
      "file_write_seconds": 5.7138968259096146e-05,
      "operation_seconds": 0.18345719698118046,
      "total_phase_seconds": 0.1859112909878604,
      "scope": "file writes include journal intent/add/flush; excludes this timing receipt and checkpoint writes",
      "mode": "stage4_sealed_cell",
      "banner": "sealed Stage 4; scientific admission also requires complete declared populations"
    },
    {
      "phase": "immediate:166",
      "identity_check_kind": "in_memory_structure_and_configuration",
      "recipe_verification_seconds": 0.0,
      "identity_verification_seconds": 0.0,
      "identity_check_seconds": 0.0019422429613769054,
      "state_hash_seconds": 0.012325580057222396,
      "clone_seconds": 0.0,
      "restore_seconds": 0.0,
      "file_write_seconds": 5.8001955039799213e-05,
      "operation_seconds": 0.05988871696172282,
      "total_phase_seconds": 0.07429417298408225,
      "scope": "file writes include journal intent/add/flush; excludes this timing receipt and checkpoint writes",
      "mode": "stage4_sealed_cell",
      "banner": "sealed Stage 4; scientific admission also requires complete declared populations"
    },
    {
      "phase": "edit:167",
      "identity_check_kind": "in_memory_structure_and_configuration",
      "recipe_verification_seconds": 0.0,
      "identity_verification_seconds": 0.0,
      "identity_check_seconds": 0.0020818390185013413,
      "state_hash_seconds": 0.00030513503588736057,
      "clone_seconds": 0.0,
      "restore_seconds": 0.0,
      "file_write_seconds": 6.050599040463567e-05,
      "operation_seconds": 0.11689750698860735,
      "total_phase_seconds": 0.11941085301805288,
      "scope": "file writes include journal intent/add/flush; excludes this timing receipt and checkpoint writes",
      "mode": "stage4_sealed_cell",
      "banner": "sealed Stage 4; scientific admission also requires complete declared populations"
    },
    {
      "phase": "immediate:167",
      "identity_check_kind": "in_memory_structure_and_configuration",
      "recipe_verification_seconds": 0.0,
      "identity_verification_seconds": 0.0,
      "identity_check_seconds": 0.002262365014757961,
      "state_hash_seconds": 0.0129916449659504,
      "clone_seconds": 0.0,
      "restore_seconds": 0.0,
      "file_write_seconds": 5.9353013057261705e-05,
      "operation_seconds": 0.04834410501644015,
      "total_phase_seconds": 0.06376008701045066,
      "scope": "file writes include journal intent/add/flush; excludes this timing receipt and checkpoint writes",
      "mode": "stage4_sealed_cell",
      "banner": "sealed Stage 4; scientific admission also requires complete declared populations"
    },
    {
      "phase": "edit:168",
      "identity_check_kind": "in_memory_structure_and_configuration",
      "recipe_verification_seconds": 0.0,
      "identity_verification_seconds": 0.0,
      "identity_check_seconds": 0.002491384046152234,
      "state_hash_seconds": 0.0003727549337781966,
      "clone_seconds": 0.0,
      "restore_seconds": 0.0,
      "file_write_seconds": 9.115500142797828e-05,
      "operation_seconds": 0.08072596997953951,
      "total_phase_seconds": 0.08376788801979274,
      "scope": "file writes include journal intent/add/flush; excludes this timing receipt and checkpoint writes",
      "mode": "stage4_sealed_cell",
      "banner": "sealed Stage 4; scientific admission also requires complete declared populations"
    },
    {
      "phase": "immediate:168",
      "identity_check_kind": "in_memory_structure_and_configuration",
      "recipe_verification_seconds": 0.0,
      "identity_verification_seconds": 0.0,
      "identity_check_seconds": 0.0019238769891671836,
      "state_hash_seconds": 0.013283915934152901,
      "clone_seconds": 0.0,
      "restore_seconds": 0.0,
      "file_write_seconds": 7.92809296399355e-05,
      "operation_seconds": 0.051696899987291545,
      "total_phase_seconds": 0.06706650299020112,
      "scope": "file writes include journal intent/add/flush; excludes this timing receipt and checkpoint writes",
      "mode": "stage4_sealed_cell",
      "banner": "sealed Stage 4; scientific admission also requires complete declared populations"
    },
    {
      "phase": "edit:169",
      "identity_check_kind": "in_memory_structure_and_configuration",
      "recipe_verification_seconds": 0.0,
      "identity_verification_seconds": 0.0,
      "identity_check_seconds": 0.0021788160083815455,
      "state_hash_seconds": 0.00029853201704099774,
      "clone_seconds": 0.0,
      "restore_seconds": 0.0,
      "file_write_seconds": 6.0045975260436535e-05,
      "operation_seconds": 0.2003189210081473,
      "total_phase_seconds": 0.2029261879506521,
      "scope": "file writes include journal intent/add/flush; excludes this timing receipt and checkpoint writes",
      "mode": "stage4_sealed_cell",
      "banner": "sealed Stage 4; scientific admission also requires complete declared populations"
    },
    {
      "phase": "immediate:169",
      "identity_check_kind": "in_memory_structure_and_configuration",
      "recipe_verification_seconds": 0.0,
      "identity_verification_seconds": 0.0,
      "identity_check_seconds": 0.002269058022648096,
      "state_hash_seconds": 0.01280711404979229,
      "clone_seconds": 0.0,
      "restore_seconds": 0.0,
      "file_write_seconds": 5.734903970733285e-05,
      "operation_seconds": 0.05808174499543384,
      "total_phase_seconds": 0.07330348499817774,
      "scope": "file writes include journal intent/add/flush; excludes this timing receipt and checkpoint writes",
      "mode": "stage4_sealed_cell",
      "banner": "sealed Stage 4; scientific admission also requires complete declared populations"
    },
    {
      "phase": "edit:170",
      "identity_check_kind": "in_memory_structure_and_configuration",
      "recipe_verification_seconds": 0.0,
      "identity_verification_seconds": 0.0,
      "identity_check_seconds": 0.002038495964370668,
      "state_hash_seconds": 0.00028842297615483403,
      "clone_seconds": 0.0,
      "restore_seconds": 0.0,
      "file_write_seconds": 5.8502075262367725e-05,
      "operation_seconds": 0.0799164570053108,
      "total_phase_seconds": 0.08236562099773437,
      "scope": "file writes include journal intent/add/flush; excludes this timing receipt and checkpoint writes",
      "mode": "stage4_sealed_cell",
      "banner": "sealed Stage 4; scientific admission also requires complete declared populations"
    },
    {
      "phase": "immediate:170",
      "identity_check_kind": "in_memory_structure_and_configuration",
      "recipe_verification_seconds": 0.0,
      "identity_verification_seconds": 0.0,
      "identity_check_seconds": 0.0019806650234386325,
      "state_hash_seconds": 0.012797052913811058,
      "clone_seconds": 0.0,
      "restore_seconds": 0.0,
      "file_write_seconds": 5.898397648707032e-05,
      "operation_seconds": 0.04986556898802519,
      "total_phase_seconds": 0.06478270597290248,
      "scope": "file writes include journal intent/add/flush; excludes this timing receipt and checkpoint writes",
      "mode": "stage4_sealed_cell",
      "banner": "sealed Stage 4; scientific admission also requires complete declared populations"
    },
    {
      "phase": "edit:171",
      "identity_check_kind": "in_memory_structure_and_configuration",
      "recipe_verification_seconds": 0.0,
      "identity_verification_seconds": 0.0,
      "identity_check_seconds": 0.002136875002179295,
      "state_hash_seconds": 0.0002948749461211264,
      "clone_seconds": 0.0,
      "restore_seconds": 0.0,
      "file_write_seconds": 5.887297447770834e-05,
      "operation_seconds": 0.3364655150217004,
      "total_phase_seconds": 0.3390187789918855,
      "scope": "file writes include journal intent/add/flush; excludes this timing receipt and checkpoint writes",
      "mode": "stage4_sealed_cell",
      "banner": "sealed Stage 4; scientific admission also requires complete declared populations"
    },
    {
      "phase": "immediate:171",
      "identity_check_kind": "in_memory_structure_and_configuration",
      "recipe_verification_seconds": 0.0,
      "identity_verification_seconds": 0.0,
      "identity_check_seconds": 0.001969083969015628,
      "state_hash_seconds": 0.012981596984900534,
      "clone_seconds": 0.0,
      "restore_seconds": 0.0,
      "file_write_seconds": 5.756004247814417e-05,
      "operation_seconds": 0.14067418000195175,
      "total_phase_seconds": 0.155764329014346,
      "scope": "file writes include journal intent/add/flush; excludes this timing receipt and checkpoint writes",
      "mode": "stage4_sealed_cell",
      "banner": "sealed Stage 4; scientific admission also requires complete declared populations"
    },
    {
      "phase": "edit:172",
      "identity_check_kind": "in_memory_structure_and_configuration",
      "recipe_verification_seconds": 0.0,
      "identity_verification_seconds": 0.0,
      "identity_check_seconds": 0.002150131040252745,
      "state_hash_seconds": 0.0003045530174858868,
      "clone_seconds": 0.0,
      "restore_seconds": 0.0,
      "file_write_seconds": 5.814206087961793e-05,
      "operation_seconds": 0.07634362095268443,
      "total_phase_seconds": 0.07892200199421495,
      "scope": "file writes include journal intent/add/flush; excludes this timing receipt and checkpoint writes",
      "mode": "stage4_sealed_cell",
      "banner": "sealed Stage 4; scientific admission also requires complete declared populations"
    },
    {
      "phase": "immediate:172",
      "identity_check_kind": "in_memory_structure_and_configuration",
      "recipe_verification_seconds": 0.0,
      "identity_verification_seconds": 0.0,
      "identity_check_seconds": 0.00206221203552559,
      "state_hash_seconds": 0.013462496979627758,
      "clone_seconds": 0.0,
      "restore_seconds": 0.0,
      "file_write_seconds": 5.6338030844926834e-05,
      "operation_seconds": 0.053460598981473595,
      "total_phase_seconds": 0.06913203099975362,
      "scope": "file writes include journal intent/add/flush; excludes this timing receipt and checkpoint writes",
      "mode": "stage4_sealed_cell",
      "banner": "sealed Stage 4; scientific admission also requires complete declared populations"
    },
    {
      "phase": "edit:173",
      "identity_check_kind": "in_memory_structure_and_configuration",
      "recipe_verification_seconds": 0.0,
      "identity_verification_seconds": 0.0,
      "identity_check_seconds": 0.0021295810001902282,
      "state_hash_seconds": 0.0002942140563391149,
      "clone_seconds": 0.0,
      "restore_seconds": 0.0,
      "file_write_seconds": 5.898298695683479e-05,
      "operation_seconds": 0.07639360701432452,
      "total_phase_seconds": 0.07894106802996248,
      "scope": "file writes include journal intent/add/flush; excludes this timing receipt and checkpoint writes",
      "mode": "stage4_sealed_cell",
      "banner": "sealed Stage 4; scientific admission also requires complete declared populations"
    },
    {
      "phase": "immediate:173",
      "identity_check_kind": "in_memory_structure_and_configuration",
      "recipe_verification_seconds": 0.0,
      "identity_verification_seconds": 0.0,
      "identity_check_seconds": 0.0019688529428094625,
      "state_hash_seconds": 0.013022686936892569,
      "clone_seconds": 0.0,
      "restore_seconds": 0.0,
      "file_write_seconds": 5.634798435494304e-05,
      "operation_seconds": 0.05211224500089884,
      "total_phase_seconds": 0.06723988498561084,
      "scope": "file writes include journal intent/add/flush; excludes this timing receipt and checkpoint writes",
      "mode": "stage4_sealed_cell",
      "banner": "sealed Stage 4; scientific admission also requires complete declared populations"
    },
    {
      "phase": "edit:174",
      "identity_check_kind": "in_memory_structure_and_configuration",
      "recipe_verification_seconds": 0.0,
      "identity_verification_seconds": 0.0,
      "identity_check_seconds": 0.0020969680626876652,
      "state_hash_seconds": 0.00031473301351070404,
      "clone_seconds": 0.0,
      "restore_seconds": 0.0,
      "file_write_seconds": 5.740002961829305e-05,
      "operation_seconds": 0.21087262604851276,
      "total_phase_seconds": 0.2134023539838381,
      "scope": "file writes include journal intent/add/flush; excludes this timing receipt and checkpoint writes",
      "mode": "stage4_sealed_cell",
      "banner": "sealed Stage 4; scientific admission also requires complete declared populations"
    },
    {
      "phase": "immediate:174",
      "identity_check_kind": "in_memory_structure_and_configuration",
      "recipe_verification_seconds": 0.0,
      "identity_verification_seconds": 0.0,
      "identity_check_seconds": 0.0021382069680839777,
      "state_hash_seconds": 0.013168454926926643,
      "clone_seconds": 0.0,
      "restore_seconds": 0.0,
      "file_write_seconds": 5.773006705567241e-05,
      "operation_seconds": 0.08509765699272975,
      "total_phase_seconds": 0.10054834600305185,
      "scope": "file writes include journal intent/add/flush; excludes this timing receipt and checkpoint writes",
      "mode": "stage4_sealed_cell",
      "banner": "sealed Stage 4; scientific admission also requires complete declared populations"
    },
    {
      "phase": "edit:175",
      "identity_check_kind": "in_memory_structure_and_configuration",
      "recipe_verification_seconds": 0.0,
      "identity_verification_seconds": 0.0,
      "identity_check_seconds": 0.002027564973104745,
      "state_hash_seconds": 0.000294625002425164,
      "clone_seconds": 0.0,
      "restore_seconds": 0.0,
      "file_write_seconds": 5.760003114119172e-05,
      "operation_seconds": 0.09856350196059793,
      "total_phase_seconds": 0.10100223601330072,
      "scope": "file writes include journal intent/add/flush; excludes this timing receipt and checkpoint writes",
      "mode": "stage4_sealed_cell",
      "banner": "sealed Stage 4; scientific admission also requires complete declared populations"
    },
    {
      "phase": "immediate:175",
      "identity_check_kind": "in_memory_structure_and_configuration",
      "recipe_verification_seconds": 0.0,
      "identity_verification_seconds": 0.0,
      "identity_check_seconds": 0.0019440259784460068,
      "state_hash_seconds": 0.01316380494972691,
      "clone_seconds": 0.0,
      "restore_seconds": 0.0,
      "file_write_seconds": 5.654798587784171e-05,
      "operation_seconds": 0.05612301197834313,
      "total_phase_seconds": 0.07136379805160686,
      "scope": "file writes include journal intent/add/flush; excludes this timing receipt and checkpoint writes",
      "mode": "stage4_sealed_cell",
      "banner": "sealed Stage 4; scientific admission also requires complete declared populations"
    },
    {
      "phase": "edit:176",
      "identity_check_kind": "in_memory_structure_and_configuration",
      "recipe_verification_seconds": 0.0,
      "identity_verification_seconds": 0.0,
      "identity_check_seconds": 0.0021259639761410654,
      "state_hash_seconds": 0.00033507292391732335,
      "clone_seconds": 0.0,
      "restore_seconds": 0.0,
      "file_write_seconds": 6.138801109045744e-05,
      "operation_seconds": 0.1426939409575425,
      "total_phase_seconds": 0.1452869499917142,
      "scope": "file writes include journal intent/add/flush; excludes this timing receipt and checkpoint writes",
      "mode": "stage4_sealed_cell",
      "banner": "sealed Stage 4; scientific admission also requires complete declared populations"
    },
    {
      "phase": "immediate:176",
      "identity_check_kind": "in_memory_structure_and_configuration",
      "recipe_verification_seconds": 0.0,
      "identity_verification_seconds": 0.0,
      "identity_check_seconds": 0.002269918972160667,
      "state_hash_seconds": 0.014654885046184063,
      "clone_seconds": 0.0,
      "restore_seconds": 0.0,
      "file_write_seconds": 5.880300886929035e-05,
      "operation_seconds": 0.06809193798108026,
      "total_phase_seconds": 0.085176637978293,
      "scope": "file writes include journal intent/add/flush; excludes this timing receipt and checkpoint writes",
      "mode": "stage4_sealed_cell",
      "banner": "sealed Stage 4; scientific admission also requires complete declared populations"
    },
    {
      "phase": "edit:177",
      "identity_check_kind": "in_memory_structure_and_configuration",
      "recipe_verification_seconds": 0.0,
      "identity_verification_seconds": 0.0,
      "identity_check_seconds": 0.0022135519539006054,
      "state_hash_seconds": 0.0003379370318725705,
      "clone_seconds": 0.0,
      "restore_seconds": 0.0,
      "file_write_seconds": 5.8322970289736986e-05,
      "operation_seconds": 0.14653163601178676,
      "total_phase_seconds": 0.1492057609721087,
      "scope": "file writes include journal intent/add/flush; excludes this timing receipt and checkpoint writes",
      "mode": "stage4_sealed_cell",
      "banner": "sealed Stage 4; scientific admission also requires complete declared populations"
    },
    {
      "phase": "immediate:177",
      "identity_check_kind": "in_memory_structure_and_configuration",
      "recipe_verification_seconds": 0.0,
      "identity_verification_seconds": 0.0,
      "identity_check_seconds": 0.0020827920525334775,
      "state_hash_seconds": 0.01353528699837625,
      "clone_seconds": 0.0,
      "restore_seconds": 0.0,
      "file_write_seconds": 5.7590019423514605e-05,
      "operation_seconds": 0.05757154803723097,
      "total_phase_seconds": 0.07333235000260174,
      "scope": "file writes include journal intent/add/flush; excludes this timing receipt and checkpoint writes",
      "mode": "stage4_sealed_cell",
      "banner": "sealed Stage 4; scientific admission also requires complete declared populations"
    },
    {
      "phase": "edit:178",
      "identity_check_kind": "in_memory_structure_and_configuration",
      "recipe_verification_seconds": 0.0,
      "identity_verification_seconds": 0.0,
      "identity_check_seconds": 0.0021063670283183455,
      "state_hash_seconds": 0.00032717594876885414,
      "clone_seconds": 0.0,
      "restore_seconds": 0.0,
      "file_write_seconds": 5.7308992836624384e-05,
      "operation_seconds": 0.07722135301446542,
      "total_phase_seconds": 0.07977492699865252,
      "scope": "file writes include journal intent/add/flush; excludes this timing receipt and checkpoint writes",
      "mode": "stage4_sealed_cell",
      "banner": "sealed Stage 4; scientific admission also requires complete declared populations"
    },
    {
      "phase": "immediate:178",
      "identity_check_kind": "in_memory_structure_and_configuration",
      "recipe_verification_seconds": 0.0,
      "identity_verification_seconds": 0.0,
      "identity_check_seconds": 0.0020247799693606794,
      "state_hash_seconds": 0.013569684990216047,
      "clone_seconds": 0.0,
      "restore_seconds": 0.0,
      "file_write_seconds": 5.56070008315146e-05,
      "operation_seconds": 0.05653854802949354,
      "total_phase_seconds": 0.07226609700592235,
      "scope": "file writes include journal intent/add/flush; excludes this timing receipt and checkpoint writes",
      "mode": "stage4_sealed_cell",
      "banner": "sealed Stage 4; scientific admission also requires complete declared populations"
    },
    {
      "phase": "edit:179",
      "identity_check_kind": "in_memory_structure_and_configuration",
      "recipe_verification_seconds": 0.0,
      "identity_verification_seconds": 0.0,
      "identity_check_seconds": 0.0020470019662752748,
      "state_hash_seconds": 0.0002944439183920622,
      "clone_seconds": 0.0,
      "restore_seconds": 0.0,
      "file_write_seconds": 5.8000965509563684e-05,
      "operation_seconds": 0.07877453998662531,
      "total_phase_seconds": 0.0812338319956325,
      "scope": "file writes include journal intent/add/flush; excludes this timing receipt and checkpoint writes",
      "mode": "stage4_sealed_cell",
      "banner": "sealed Stage 4; scientific admission also requires complete declared populations"
    },
    {
      "phase": "immediate:179",
      "identity_check_kind": "in_memory_structure_and_configuration",
      "recipe_verification_seconds": 0.0,
      "identity_verification_seconds": 0.0,
      "identity_check_seconds": 0.0019343559979461133,
      "state_hash_seconds": 0.013563682965468615,
      "clone_seconds": 0.0,
      "restore_seconds": 0.0,
      "file_write_seconds": 5.806097760796547e-05,
      "operation_seconds": 0.05373618705198169,
      "total_phase_seconds": 0.06938018696382642,
      "scope": "file writes include journal intent/add/flush; excludes this timing receipt and checkpoint writes",
      "mode": "stage4_sealed_cell",
      "banner": "sealed Stage 4; scientific admission also requires complete declared populations"
    },
    {
      "phase": "edit:180",
      "identity_check_kind": "in_memory_structure_and_configuration",
      "recipe_verification_seconds": 0.0,
      "identity_verification_seconds": 0.0,
      "identity_check_seconds": 0.0023935569915920496,
      "state_hash_seconds": 0.0003491489915177226,
      "clone_seconds": 0.0,
      "restore_seconds": 0.0,
      "file_write_seconds": 5.7891011238098145e-05,
      "operation_seconds": 0.11331699398579076,
      "total_phase_seconds": 0.11618422996252775,
      "scope": "file writes include journal intent/add/flush; excludes this timing receipt and checkpoint writes",
      "mode": "stage4_sealed_cell",
      "banner": "sealed Stage 4; scientific admission also requires complete declared populations"
    },
    {
      "phase": "immediate:180",
      "identity_check_kind": "in_memory_structure_and_configuration",
      "recipe_verification_seconds": 0.0,
      "identity_verification_seconds": 0.0,
      "identity_check_seconds": 0.0021318059880286455,
      "state_hash_seconds": 0.013605002022814006,
      "clone_seconds": 0.0,
      "restore_seconds": 0.0,
      "file_write_seconds": 0.0047458140179514885,
      "operation_seconds": 0.06168853596318513,
      "total_phase_seconds": 0.08225852600298822,
      "scope": "file writes include journal intent/add/flush; excludes this timing receipt and checkpoint writes",
      "mode": "stage4_sealed_cell",
      "banner": "sealed Stage 4; scientific admission also requires complete declared populations"
    },
    {
      "phase": "edit:181",
      "identity_check_kind": "in_memory_structure_and_configuration",
      "recipe_verification_seconds": 0.0,
      "identity_verification_seconds": 0.0,
      "identity_check_seconds": 0.0021672830334864557,
      "state_hash_seconds": 0.00031122693326324224,
      "clone_seconds": 0.0,
      "restore_seconds": 0.0,
      "file_write_seconds": 0.001132730976678431,
      "operation_seconds": 0.12360296602128074,
      "total_phase_seconds": 0.1272785799810663,
      "scope": "file writes include journal intent/add/flush; excludes this timing receipt and checkpoint writes",
      "mode": "stage4_sealed_cell",
      "banner": "sealed Stage 4; scientific admission also requires complete declared populations"
    },
    {
      "phase": "immediate:181",
      "identity_check_kind": "in_memory_structure_and_configuration",
      "recipe_verification_seconds": 0.0,
      "identity_verification_seconds": 0.0,
      "identity_check_seconds": 0.001964966009836644,
      "state_hash_seconds": 0.013545266934670508,
      "clone_seconds": 0.0,
      "restore_seconds": 0.0,
      "file_write_seconds": 5.7870929595083e-05,
      "operation_seconds": 0.06341022596461698,
      "total_phase_seconds": 0.07906467601424083,
      "scope": "file writes include journal intent/add/flush; excludes this timing receipt and checkpoint writes",
      "mode": "stage4_sealed_cell",
      "banner": "sealed Stage 4; scientific admission also requires complete declared populations"
    },
    {
      "phase": "edit:182",
      "identity_check_kind": "in_memory_structure_and_configuration",
      "recipe_verification_seconds": 0.0,
      "identity_verification_seconds": 0.0,
      "identity_check_seconds": 0.002034649020060897,
      "state_hash_seconds": 0.0003038030699826777,
      "clone_seconds": 0.0,
      "restore_seconds": 0.0,
      "file_write_seconds": 5.987600889056921e-05,
      "operation_seconds": 0.10694344999501482,
      "total_phase_seconds": 0.10940194199793041,
      "scope": "file writes include journal intent/add/flush; excludes this timing receipt and checkpoint writes",
      "mode": "stage4_sealed_cell",
      "banner": "sealed Stage 4; scientific admission also requires complete declared populations"
    },
    {
      "phase": "immediate:182",
      "identity_check_kind": "in_memory_structure_and_configuration",
      "recipe_verification_seconds": 0.0,
      "identity_verification_seconds": 0.0,
      "identity_check_seconds": 0.002056390978395939,
      "state_hash_seconds": 0.014071406912989914,
      "clone_seconds": 0.0,
      "restore_seconds": 0.0,
      "file_write_seconds": 5.786004476249218e-05,
      "operation_seconds": 0.05669045902322978,
      "total_phase_seconds": 0.07296170998597518,
      "scope": "file writes include journal intent/add/flush; excludes this timing receipt and checkpoint writes",
      "mode": "stage4_sealed_cell",
      "banner": "sealed Stage 4; scientific admission also requires complete declared populations"
    },
    {
      "phase": "edit:183",
      "identity_check_kind": "in_memory_structure_and_configuration",
      "recipe_verification_seconds": 0.0,
      "identity_verification_seconds": 0.0,
      "identity_check_seconds": 0.0020705070346593857,
      "state_hash_seconds": 0.0003191499272361398,
      "clone_seconds": 0.0,
      "restore_seconds": 0.0,
      "file_write_seconds": 5.6928955018520355e-05,
      "operation_seconds": 0.1119107500417158,
      "total_phase_seconds": 0.11441859602928162,
      "scope": "file writes include journal intent/add/flush; excludes this timing receipt and checkpoint writes",
      "mode": "stage4_sealed_cell",
      "banner": "sealed Stage 4; scientific admission also requires complete declared populations"
    },
    {
      "phase": "immediate:183",
      "identity_check_kind": "in_memory_structure_and_configuration",
      "recipe_verification_seconds": 0.0,
      "identity_verification_seconds": 0.0,
      "identity_check_seconds": 0.0019736919784918427,
      "state_hash_seconds": 0.013550026051234454,
      "clone_seconds": 0.0,
      "restore_seconds": 0.0,
      "file_write_seconds": 5.7359051425009966e-05,
      "operation_seconds": 0.04959004098782316,
      "total_phase_seconds": 0.06524800800252706,
      "scope": "file writes include journal intent/add/flush; excludes this timing receipt and checkpoint writes",
      "mode": "stage4_sealed_cell",
      "banner": "sealed Stage 4; scientific admission also requires complete declared populations"
    },
    {
      "phase": "edit:184",
      "identity_check_kind": "in_memory_structure_and_configuration",
      "recipe_verification_seconds": 0.0,
      "identity_verification_seconds": 0.0,
      "identity_check_seconds": 0.002031223033554852,
      "state_hash_seconds": 0.0003168679540976882,
      "clone_seconds": 0.0,
      "restore_seconds": 0.0,
      "file_write_seconds": 5.805096589028835e-05,
      "operation_seconds": 0.18720361799933016,
      "total_phase_seconds": 0.1896714169997722,
      "scope": "file writes include journal intent/add/flush; excludes this timing receipt and checkpoint writes",
      "mode": "stage4_sealed_cell",
      "banner": "sealed Stage 4; scientific admission also requires complete declared populations"
    },
    {
      "phase": "immediate:184",
      "identity_check_kind": "in_memory_structure_and_configuration",
      "recipe_verification_seconds": 0.0,
      "identity_verification_seconds": 0.0,
      "identity_check_seconds": 0.001977609994355589,
      "state_hash_seconds": 0.014063649985473603,
      "clone_seconds": 0.0,
      "restore_seconds": 0.0,
      "file_write_seconds": 5.823100218549371e-05,
      "operation_seconds": 0.08581300801597536,
      "total_phase_seconds": 0.1020139140309766,
      "scope": "file writes include journal intent/add/flush; excludes this timing receipt and checkpoint writes",
      "mode": "stage4_sealed_cell",
      "banner": "sealed Stage 4; scientific admission also requires complete declared populations"
    },
    {
      "phase": "edit:185",
      "identity_check_kind": "in_memory_structure_and_configuration",
      "recipe_verification_seconds": 0.0,
      "identity_verification_seconds": 0.0,
      "identity_check_seconds": 0.0023497839574702084,
      "state_hash_seconds": 0.0003850980428978801,
      "clone_seconds": 0.0,
      "restore_seconds": 0.0,
      "file_write_seconds": 5.885300925001502e-05,
      "operation_seconds": 0.08104831702075899,
      "total_phase_seconds": 0.08391582302283496,
      "scope": "file writes include journal intent/add/flush; excludes this timing receipt and checkpoint writes",
      "mode": "stage4_sealed_cell",
      "banner": "sealed Stage 4; scientific admission also requires complete declared populations"
    },
    {
      "phase": "immediate:185",
      "identity_check_kind": "in_memory_structure_and_configuration",
      "recipe_verification_seconds": 0.0,
      "identity_verification_seconds": 0.0,
      "identity_check_seconds": 0.0019814069964922965,
      "state_hash_seconds": 0.01390753104351461,
      "clone_seconds": 0.0,
      "restore_seconds": 0.0,
      "file_write_seconds": 6.068602669984102e-05,
      "operation_seconds": 0.05432324204593897,
      "total_phase_seconds": 0.07035559503128752,
      "scope": "file writes include journal intent/add/flush; excludes this timing receipt and checkpoint writes",
      "mode": "stage4_sealed_cell",
      "banner": "sealed Stage 4; scientific admission also requires complete declared populations"
    },
    {
      "phase": "edit:186",
      "identity_check_kind": "in_memory_structure_and_configuration",
      "recipe_verification_seconds": 0.0,
      "identity_verification_seconds": 0.0,
      "identity_check_seconds": 0.00202235602773726,
      "state_hash_seconds": 0.00030149705708026886,
      "clone_seconds": 0.0,
      "restore_seconds": 0.0,
      "file_write_seconds": 5.7289027608931065e-05,
      "operation_seconds": 0.11408904503332451,
      "total_phase_seconds": 0.11653000197838992,
      "scope": "file writes include journal intent/add/flush; excludes this timing receipt and checkpoint writes",
      "mode": "stage4_sealed_cell",
      "banner": "sealed Stage 4; scientific admission also requires complete declared populations"
    },
    {
      "phase": "immediate:186",
      "identity_check_kind": "in_memory_structure_and_configuration",
      "recipe_verification_seconds": 0.0,
      "identity_verification_seconds": 0.0,
      "identity_check_seconds": 0.0023412270238623023,
      "state_hash_seconds": 0.014225127990357578,
      "clone_seconds": 0.0,
      "restore_seconds": 0.0,
      "file_write_seconds": 5.972397048026323e-05,
      "operation_seconds": 0.06324054102879018,
      "total_phase_seconds": 0.07996054203249514,
      "scope": "file writes include journal intent/add/flush; excludes this timing receipt and checkpoint writes",
      "mode": "stage4_sealed_cell",
      "banner": "sealed Stage 4; scientific admission also requires complete declared populations"
    },
    {
      "phase": "edit:187",
      "identity_check_kind": "in_memory_structure_and_configuration",
      "recipe_verification_seconds": 0.0,
      "identity_verification_seconds": 0.0,
      "identity_check_seconds": 0.0021820419933646917,
      "state_hash_seconds": 0.0003486680216155946,
      "clone_seconds": 0.0,
      "restore_seconds": 0.0,
      "file_write_seconds": 6.879295688122511e-05,
      "operation_seconds": 0.14319464098662138,
      "total_phase_seconds": 0.14586094999685884,
      "scope": "file writes include journal intent/add/flush; excludes this timing receipt and checkpoint writes",
      "mode": "stage4_sealed_cell",
      "banner": "sealed Stage 4; scientific admission also requires complete declared populations"
    },
    {
      "phase": "immediate:187",
      "identity_check_kind": "in_memory_structure_and_configuration",
      "recipe_verification_seconds": 0.0,
      "identity_verification_seconds": 0.0,
      "identity_check_seconds": 0.00228167197201401,
      "state_hash_seconds": 0.014496882038656622,
      "clone_seconds": 0.0,
      "restore_seconds": 0.0,
      "file_write_seconds": 5.828193388879299e-05,
      "operation_seconds": 0.0744178100139834,
      "total_phase_seconds": 0.09134954801993445,
      "scope": "file writes include journal intent/add/flush; excludes this timing receipt and checkpoint writes",
      "mode": "stage4_sealed_cell",
      "banner": "sealed Stage 4; scientific admission also requires complete declared populations"
    },
    {
      "phase": "edit:188",
      "identity_check_kind": "in_memory_structure_and_configuration",
      "recipe_verification_seconds": 0.0,
      "identity_verification_seconds": 0.0,
      "identity_check_seconds": 0.0021046429756097496,
      "state_hash_seconds": 0.00030668696854263544,
      "clone_seconds": 0.0,
      "restore_seconds": 0.0,
      "file_write_seconds": 5.6668941397219896e-05,
      "operation_seconds": 0.0980411609634757,
      "total_phase_seconds": 0.1005670620361343,
      "scope": "file writes include journal intent/add/flush; excludes this timing receipt and checkpoint writes",
      "mode": "stage4_sealed_cell",
      "banner": "sealed Stage 4; scientific admission also requires complete declared populations"
    },
    {
      "phase": "immediate:188",
      "identity_check_kind": "in_memory_structure_and_configuration",
      "recipe_verification_seconds": 0.0,
      "identity_verification_seconds": 0.0,
      "identity_check_seconds": 0.001884712022729218,
      "state_hash_seconds": 0.013680505973752588,
      "clone_seconds": 0.0,
      "restore_seconds": 0.0,
      "file_write_seconds": 5.810096627101302e-05,
      "operation_seconds": 0.06314793397905305,
      "total_phase_seconds": 0.07884254003874958,
      "scope": "file writes include journal intent/add/flush; excludes this timing receipt and checkpoint writes",
      "mode": "stage4_sealed_cell",
      "banner": "sealed Stage 4; scientific admission also requires complete declared populations"
    },
    {
      "phase": "edit:189",
      "identity_check_kind": "in_memory_structure_and_configuration",
      "recipe_verification_seconds": 0.0,
      "identity_verification_seconds": 0.0,
      "identity_check_seconds": 0.0021308130235411227,
      "state_hash_seconds": 0.0003571349661797285,
      "clone_seconds": 0.0,
      "restore_seconds": 0.0,
      "file_write_seconds": 5.856197094544768e-05,
      "operation_seconds": 0.11981265305075794,
      "total_phase_seconds": 0.12242868600878865,
      "scope": "file writes include journal intent/add/flush; excludes this timing receipt and checkpoint writes",
      "mode": "stage4_sealed_cell",
      "banner": "sealed Stage 4; scientific admission also requires complete declared populations"
    },
    {
      "phase": "immediate:189",
      "identity_check_kind": "in_memory_structure_and_configuration",
      "recipe_verification_seconds": 0.0,
      "identity_verification_seconds": 0.0,
      "identity_check_seconds": 0.0023287319927476346,
      "state_hash_seconds": 0.01463128806790337,
      "clone_seconds": 0.0,
      "restore_seconds": 0.0,
      "file_write_seconds": 5.822197999805212e-05,
      "operation_seconds": 0.062299588054884225,
      "total_phase_seconds": 0.07941016700351611,
      "scope": "file writes include journal intent/add/flush; excludes this timing receipt and checkpoint writes",
      "mode": "stage4_sealed_cell",
      "banner": "sealed Stage 4; scientific admission also requires complete declared populations"
    },
    {
      "phase": "edit:190",
      "identity_check_kind": "in_memory_structure_and_configuration",
      "recipe_verification_seconds": 0.0,
      "identity_verification_seconds": 0.0,
      "identity_check_seconds": 0.0020294489804655313,
      "state_hash_seconds": 0.00029881205409765244,
      "clone_seconds": 0.0,
      "restore_seconds": 0.0,
      "file_write_seconds": 5.878304364159703e-05,
      "operation_seconds": 0.1411710429820232,
      "total_phase_seconds": 0.14361865300452337,
      "scope": "file writes include journal intent/add/flush; excludes this timing receipt and checkpoint writes",
      "mode": "stage4_sealed_cell",
      "banner": "sealed Stage 4; scientific admission also requires complete declared populations"
    },
    {
      "phase": "immediate:190",
      "identity_check_kind": "in_memory_structure_and_configuration",
      "recipe_verification_seconds": 0.0,
      "identity_verification_seconds": 0.0,
      "identity_check_seconds": 0.002341427025385201,
      "state_hash_seconds": 0.01473028800683096,
      "clone_seconds": 0.0,
      "restore_seconds": 0.0,
      "file_write_seconds": 5.589693319052458e-05,
      "operation_seconds": 0.07016793597722426,
      "total_phase_seconds": 0.08738821599399671,
      "scope": "file writes include journal intent/add/flush; excludes this timing receipt and checkpoint writes",
      "mode": "stage4_sealed_cell",
      "banner": "sealed Stage 4; scientific admission also requires complete declared populations"
    },
    {
      "phase": "edit:191",
      "identity_check_kind": "in_memory_structure_and_configuration",
      "recipe_verification_seconds": 0.0,
      "identity_verification_seconds": 0.0,
      "identity_check_seconds": 0.0020696360152214766,
      "state_hash_seconds": 0.00030189903918653727,
      "clone_seconds": 0.0,
      "restore_seconds": 0.0,
      "file_write_seconds": 5.7800032664090395e-05,
      "operation_seconds": 0.14396952604874969,
      "total_phase_seconds": 0.14645633200416341,
      "scope": "file writes include journal intent/add/flush; excludes this timing receipt and checkpoint writes",
      "mode": "stage4_sealed_cell",
      "banner": "sealed Stage 4; scientific admission also requires complete declared populations"
    },
    {
      "phase": "immediate:191",
      "identity_check_kind": "in_memory_structure_and_configuration",
      "recipe_verification_seconds": 0.0,
      "identity_verification_seconds": 0.0,
      "identity_check_seconds": 0.0023040249943733215,
      "state_hash_seconds": 0.014823016070295125,
      "clone_seconds": 0.0,
      "restore_seconds": 0.0,
      "file_write_seconds": 5.760102067142725e-05,
      "operation_seconds": 0.0734068329911679,
      "total_phase_seconds": 0.09068460302660242,
      "scope": "file writes include journal intent/add/flush; excludes this timing receipt and checkpoint writes",
      "mode": "stage4_sealed_cell",
      "banner": "sealed Stage 4; scientific admission also requires complete declared populations"
    },
    {
      "phase": "edit:192",
      "identity_check_kind": "in_memory_structure_and_configuration",
      "recipe_verification_seconds": 0.0,
      "identity_verification_seconds": 0.0,
      "identity_check_seconds": 0.002041972998995334,
      "state_hash_seconds": 0.0003118379972875118,
      "clone_seconds": 0.0,
      "restore_seconds": 0.0,
      "file_write_seconds": 6.103800842538476e-05,
      "operation_seconds": 0.07784612098475918,
      "total_phase_seconds": 0.08031776698771864,
      "scope": "file writes include journal intent/add/flush; excludes this timing receipt and checkpoint writes",
      "mode": "stage4_sealed_cell",
      "banner": "sealed Stage 4; scientific admission also requires complete declared populations"
    },
    {
      "phase": "immediate:192",
      "identity_check_kind": "in_memory_structure_and_configuration",
      "recipe_verification_seconds": 0.0,
      "identity_verification_seconds": 0.0,
      "identity_check_seconds": 0.0021089210058562458,
      "state_hash_seconds": 0.014740558923222125,
      "clone_seconds": 0.0,
      "restore_seconds": 0.0,
      "file_write_seconds": 5.8913021348416805e-05,
      "operation_seconds": 0.05727483896771446,
      "total_phase_seconds": 0.0742761890287511,
      "scope": "file writes include journal intent/add/flush; excludes this timing receipt and checkpoint writes",
      "mode": "stage4_sealed_cell",
      "banner": "sealed Stage 4; scientific admission also requires complete declared populations"
    },
    {
      "phase": "edit:193",
      "identity_check_kind": "in_memory_structure_and_configuration",
      "recipe_verification_seconds": 0.0,
      "identity_verification_seconds": 0.0,
      "identity_check_seconds": 0.0021517229615710676,
      "state_hash_seconds": 0.0003197820042259991,
      "clone_seconds": 0.0,
      "restore_seconds": 0.0,
      "file_write_seconds": 5.9252954088151455e-05,
      "operation_seconds": 0.13869633997092023,
      "total_phase_seconds": 0.14129009103635326,
      "scope": "file writes include journal intent/add/flush; excludes this timing receipt and checkpoint writes",
      "mode": "stage4_sealed_cell",
      "banner": "sealed Stage 4; scientific admission also requires complete declared populations"
    },
    {
      "phase": "immediate:193",
      "identity_check_kind": "in_memory_structure_and_configuration",
      "recipe_verification_seconds": 0.0,
      "identity_verification_seconds": 0.0,
      "identity_check_seconds": 0.0019912960124202073,
      "state_hash_seconds": 0.014111443015281111,
      "clone_seconds": 0.0,
      "restore_seconds": 0.0,
      "file_write_seconds": 5.917297676205635e-05,
      "operation_seconds": 0.05543206795118749,
      "total_phase_seconds": 0.07167822995688766,
      "scope": "file writes include journal intent/add/flush; excludes this timing receipt and checkpoint writes",
      "mode": "stage4_sealed_cell",
      "banner": "sealed Stage 4; scientific admission also requires complete declared populations"
    },
    {
      "phase": "edit:194",
      "identity_check_kind": "in_memory_structure_and_configuration",
      "recipe_verification_seconds": 0.0,
      "identity_verification_seconds": 0.0,
      "identity_check_seconds": 0.0019458890310488641,
      "state_hash_seconds": 0.0003114769933745265,
      "clone_seconds": 0.0,
      "restore_seconds": 0.0,
      "file_write_seconds": 5.7771976571530104e-05,
      "operation_seconds": 0.17485923098865896,
      "total_phase_seconds": 0.1772321590106003,
      "scope": "file writes include journal intent/add/flush; excludes this timing receipt and checkpoint writes",
      "mode": "stage4_sealed_cell",
      "banner": "sealed Stage 4; scientific admission also requires complete declared populations"
    },
    {
      "phase": "immediate:194",
      "identity_check_kind": "in_memory_structure_and_configuration",
      "recipe_verification_seconds": 0.0,
      "identity_verification_seconds": 0.0,
      "identity_check_seconds": 0.0019695739611051977,
      "state_hash_seconds": 0.014714236953295767,
      "clone_seconds": 0.0,
      "restore_seconds": 0.0,
      "file_write_seconds": 5.6307995691895485e-05,
      "operation_seconds": 0.07843280403176323,
      "total_phase_seconds": 0.09525383001891896,
      "scope": "file writes include journal intent/add/flush; excludes this timing receipt and checkpoint writes",
      "mode": "stage4_sealed_cell",
      "banner": "sealed Stage 4; scientific admission also requires complete declared populations"
    },
    {
      "phase": "edit:195",
      "identity_check_kind": "in_memory_structure_and_configuration",
      "recipe_verification_seconds": 0.0,
      "identity_verification_seconds": 0.0,
      "identity_check_seconds": 0.0021842860733158886,
      "state_hash_seconds": 0.00037092104321345687,
      "clone_seconds": 0.0,
      "restore_seconds": 0.0,
      "file_write_seconds": 5.9493992011994123e-05,
      "operation_seconds": 0.08677914901636541,
      "total_phase_seconds": 0.08946137997554615,
      "scope": "file writes include journal intent/add/flush; excludes this timing receipt and checkpoint writes",
      "mode": "stage4_sealed_cell",
      "banner": "sealed Stage 4; scientific admission also requires complete declared populations"
    },
    {
      "phase": "immediate:195",
      "identity_check_kind": "in_memory_structure_and_configuration",
      "recipe_verification_seconds": 0.0,
      "identity_verification_seconds": 0.0,
      "identity_check_seconds": 0.002033728000242263,
      "state_hash_seconds": 0.014659832930192351,
      "clone_seconds": 0.0,
      "restore_seconds": 0.0,
      "file_write_seconds": 5.809101276099682e-05,
      "operation_seconds": 0.05535607202909887,
      "total_phase_seconds": 0.0721845609950833,
      "scope": "file writes include journal intent/add/flush; excludes this timing receipt and checkpoint writes",
      "mode": "stage4_sealed_cell",
      "banner": "sealed Stage 4; scientific admission also requires complete declared populations"
    },
    {
      "phase": "edit:196",
      "identity_check_kind": "in_memory_structure_and_configuration",
      "recipe_verification_seconds": 0.0,
      "identity_verification_seconds": 0.0,
      "identity_check_seconds": 0.0022409549565054476,
      "state_hash_seconds": 0.0003630068968050182,
      "clone_seconds": 0.0,
      "restore_seconds": 0.0,
      "file_write_seconds": 5.78800099901855e-05,
      "operation_seconds": 0.11269560502842069,
      "total_phase_seconds": 0.11541836202377453,
      "scope": "file writes include journal intent/add/flush; excludes this timing receipt and checkpoint writes",
      "mode": "stage4_sealed_cell",
      "banner": "sealed Stage 4; scientific admission also requires complete declared populations"
    },
    {
      "phase": "immediate:196",
      "identity_check_kind": "in_memory_structure_and_configuration",
      "recipe_verification_seconds": 0.0,
      "identity_verification_seconds": 0.0,
      "identity_check_seconds": 0.0021262449445202947,
      "state_hash_seconds": 0.014575142005924135,
      "clone_seconds": 0.0,
      "restore_seconds": 0.0,
      "file_write_seconds": 0.0046192220179364085,
      "operation_seconds": 0.05805682699428871,
      "total_phase_seconds": 0.0794702130369842,
      "scope": "file writes include journal intent/add/flush; excludes this timing receipt and checkpoint writes",
      "mode": "stage4_sealed_cell",
      "banner": "sealed Stage 4; scientific admission also requires complete declared populations"
    },
    {
      "phase": "edit:197",
      "identity_check_kind": "in_memory_structure_and_configuration",
      "recipe_verification_seconds": 0.0,
      "identity_verification_seconds": 0.0,
      "identity_check_seconds": 0.0028247020090930164,
      "state_hash_seconds": 0.0004742200253531337,
      "clone_seconds": 0.0,
      "restore_seconds": 0.0,
      "file_write_seconds": 0.001196733966935426,
      "operation_seconds": 0.08958845300367102,
      "total_phase_seconds": 0.09416874998714775,
      "scope": "file writes include journal intent/add/flush; excludes this timing receipt and checkpoint writes",
      "mode": "stage4_sealed_cell",
      "banner": "sealed Stage 4; scientific admission also requires complete declared populations"
    },
    {
      "phase": "immediate:197",
      "identity_check_kind": "in_memory_structure_and_configuration",
      "recipe_verification_seconds": 0.0,
      "identity_verification_seconds": 0.0,
      "identity_check_seconds": 0.001973100006580353,
      "state_hash_seconds": 0.014866317971609533,
      "clone_seconds": 0.0,
      "restore_seconds": 0.0,
      "file_write_seconds": 5.8452016673982143e-05,
      "operation_seconds": 0.056469584989827126,
      "total_phase_seconds": 0.07345078804064542,
      "scope": "file writes include journal intent/add/flush; excludes this timing receipt and checkpoint writes",
      "mode": "stage4_sealed_cell",
      "banner": "sealed Stage 4; scientific admission also requires complete declared populations"
    },
    {
      "phase": "edit:198",
      "identity_check_kind": "in_memory_structure_and_configuration",
      "recipe_verification_seconds": 0.0,
      "identity_verification_seconds": 0.0,
      "identity_check_seconds": 0.0026945139979943633,
      "state_hash_seconds": 0.00040020799497142434,
      "clone_seconds": 0.0,
      "restore_seconds": 0.0,
      "file_write_seconds": 6.039603613317013e-05,
      "operation_seconds": 0.11144922499079257,
      "total_phase_seconds": 0.11467922502197325,
      "scope": "file writes include journal intent/add/flush; excludes this timing receipt and checkpoint writes",
      "mode": "stage4_sealed_cell",
      "banner": "sealed Stage 4; scientific admission also requires complete declared populations"
    },
    {
      "phase": "immediate:198",
      "identity_check_kind": "in_memory_structure_and_configuration",
      "recipe_verification_seconds": 0.0,
      "identity_verification_seconds": 0.0,
      "identity_check_seconds": 0.002219222020357847,
      "state_hash_seconds": 0.015006366884335876,
      "clone_seconds": 0.0,
      "restore_seconds": 0.0,
      "file_write_seconds": 5.696003790944815e-05,
      "operation_seconds": 0.053100268996786326,
      "total_phase_seconds": 0.0704739429638721,
      "scope": "file writes include journal intent/add/flush; excludes this timing receipt and checkpoint writes",
      "mode": "stage4_sealed_cell",
      "banner": "sealed Stage 4; scientific admission also requires complete declared populations"
    },
    {
      "phase": "edit:199",
      "identity_check_kind": "in_memory_structure_and_configuration",
      "recipe_verification_seconds": 0.0,
      "identity_verification_seconds": 0.0,
      "identity_check_seconds": 0.002144741010852158,
      "state_hash_seconds": 0.00033577403519302607,
      "clone_seconds": 0.0,
      "restore_seconds": 0.0,
      "file_write_seconds": 5.957501707598567e-05,
      "operation_seconds": 0.1025594900129363,
      "total_phase_seconds": 0.10516046499833465,
      "scope": "file writes include journal intent/add/flush; excludes this timing receipt and checkpoint writes",
      "mode": "stage4_sealed_cell",
      "banner": "sealed Stage 4; scientific admission also requires complete declared populations"
    },
    {
      "phase": "immediate:199",
      "identity_check_kind": "in_memory_structure_and_configuration",
      "recipe_verification_seconds": 0.0,
      "identity_verification_seconds": 0.0,
      "identity_check_seconds": 0.002157915965653956,
      "state_hash_seconds": 0.015588052978273481,
      "clone_seconds": 0.0,
      "restore_seconds": 0.0,
      "file_write_seconds": 5.887198494747281e-05,
      "operation_seconds": 0.0644621120300144,
      "total_phase_seconds": 0.08235493098618463,
      "scope": "file writes include journal intent/add/flush; excludes this timing receipt and checkpoint writes",
      "mode": "stage4_sealed_cell",
      "banner": "sealed Stage 4; scientific admission also requires complete declared populations"
    },
    {
      "phase": "edit:200",
      "identity_check_kind": "in_memory_structure_and_configuration",
      "recipe_verification_seconds": 0.0,
      "identity_verification_seconds": 0.0,
      "identity_check_seconds": 0.002136895025614649,
      "state_hash_seconds": 0.0003487889771349728,
      "clone_seconds": 0.0,
      "restore_seconds": 0.0,
      "file_write_seconds": 5.9154059272259474e-05,
      "operation_seconds": 0.09656501200515777,
      "total_phase_seconds": 0.0991724890191108,
      "scope": "file writes include journal intent/add/flush; excludes this timing receipt and checkpoint writes",
      "mode": "stage4_sealed_cell",
      "banner": "sealed Stage 4; scientific admission also requires complete declared populations"
    },
    {
      "phase": "immediate:200",
      "identity_check_kind": "in_memory_structure_and_configuration",
      "recipe_verification_seconds": 0.0,
      "identity_verification_seconds": 0.0,
      "identity_check_seconds": 0.0019765590550377965,
      "state_hash_seconds": 0.01476116810226813,
      "clone_seconds": 0.0,
      "restore_seconds": 0.0,
      "file_write_seconds": 5.817197961732745e-05,
      "operation_seconds": 0.06276690302183852,
      "total_phase_seconds": 0.07964174199150875,
      "scope": "file writes include journal intent/add/flush; excludes this timing receipt and checkpoint writes",
      "mode": "stage4_sealed_cell",
      "banner": "sealed Stage 4; scientific admission also requires complete declared populations"
    },
    {
      "phase": "edit:201",
      "identity_check_kind": "in_memory_structure_and_configuration",
      "recipe_verification_seconds": 0.0,
      "identity_verification_seconds": 0.0,
      "identity_check_seconds": 0.002039449056610465,
      "state_hash_seconds": 0.00033066398464143276,
      "clone_seconds": 0.0,
      "restore_seconds": 0.0,
      "file_write_seconds": 5.885300925001502e-05,
      "operation_seconds": 0.07995258702430874,
      "total_phase_seconds": 0.0824395630043,
      "scope": "file writes include journal intent/add/flush; excludes this timing receipt and checkpoint writes",
      "mode": "stage4_sealed_cell",
      "banner": "sealed Stage 4; scientific admission also requires complete declared populations"
    },
    {
      "phase": "immediate:201",
      "identity_check_kind": "in_memory_structure_and_configuration",
      "recipe_verification_seconds": 0.0,
      "identity_verification_seconds": 0.0,
      "identity_check_seconds": 0.002028005023021251,
      "state_hash_seconds": 0.014904142008163035,
      "clone_seconds": 0.0,
      "restore_seconds": 0.0,
      "file_write_seconds": 5.5616023018956184e-05,
      "operation_seconds": 0.0515720599796623,
      "total_phase_seconds": 0.0686460500000976,
      "scope": "file writes include journal intent/add/flush; excludes this timing receipt and checkpoint writes",
      "mode": "stage4_sealed_cell",
      "banner": "sealed Stage 4; scientific admission also requires complete declared populations"
    },
    {
      "phase": "edit:202",
      "identity_check_kind": "in_memory_structure_and_configuration",
      "recipe_verification_seconds": 0.0,
      "identity_verification_seconds": 0.0,
      "identity_check_seconds": 0.0021544789778999984,
      "state_hash_seconds": 0.0003286499995738268,
      "clone_seconds": 0.0,
      "restore_seconds": 0.0,
      "file_write_seconds": 5.758996121585369e-05,
      "operation_seconds": 0.25865235802484676,
      "total_phase_seconds": 0.26126126799499616,
      "scope": "file writes include journal intent/add/flush; excludes this timing receipt and checkpoint writes",
      "mode": "stage4_sealed_cell",
      "banner": "sealed Stage 4; scientific admission also requires complete declared populations"
    },
    {
      "phase": "immediate:202",
      "identity_check_kind": "in_memory_structure_and_configuration",
      "recipe_verification_seconds": 0.0,
      "identity_verification_seconds": 0.0,
      "identity_check_seconds": 0.00192061101552099,
      "state_hash_seconds": 0.014869505946990103,
      "clone_seconds": 0.0,
      "restore_seconds": 0.0,
      "file_write_seconds": 5.762901855632663e-05,
      "operation_seconds": 0.09390815102960914,
      "total_phase_seconds": 0.11083692201646045,
      "scope": "file writes include journal intent/add/flush; excludes this timing receipt and checkpoint writes",
      "mode": "stage4_sealed_cell",
      "banner": "sealed Stage 4; scientific admission also requires complete declared populations"
    },
    {
      "phase": "edit:203",
      "identity_check_kind": "in_memory_structure_and_configuration",
      "recipe_verification_seconds": 0.0,
      "identity_verification_seconds": 0.0,
      "identity_check_seconds": 0.0021295309998095036,
      "state_hash_seconds": 0.00034358800621703267,
      "clone_seconds": 0.0,
      "restore_seconds": 0.0,
      "file_write_seconds": 5.8401026763021946e-05,
      "operation_seconds": 0.14475161500740796,
      "total_phase_seconds": 0.14734644803684205,
      "scope": "file writes include journal intent/add/flush; excludes this timing receipt and checkpoint writes",
      "mode": "stage4_sealed_cell",
      "banner": "sealed Stage 4; scientific admission also requires complete declared populations"
    },
    {
      "phase": "immediate:203",
      "identity_check_kind": "in_memory_structure_and_configuration",
      "recipe_verification_seconds": 0.0,
      "identity_verification_seconds": 0.0,
      "identity_check_seconds": 0.0021443700534291565,
      "state_hash_seconds": 0.01515034498879686,
      "clone_seconds": 0.0,
      "restore_seconds": 0.0,
      "file_write_seconds": 5.704903742298484e-05,
      "operation_seconds": 0.07396454102126881,
      "total_phase_seconds": 0.09140226902673021,
      "scope": "file writes include journal intent/add/flush; excludes this timing receipt and checkpoint writes",
      "mode": "stage4_sealed_cell",
      "banner": "sealed Stage 4; scientific admission also requires complete declared populations"
    },
    {
      "phase": "edit:204",
      "identity_check_kind": "in_memory_structure_and_configuration",
      "recipe_verification_seconds": 0.0,
      "identity_verification_seconds": 0.0,
      "identity_check_seconds": 0.0020690850215032697,
      "state_hash_seconds": 0.0003334799548611045,
      "clone_seconds": 0.0,
      "restore_seconds": 0.0,
      "file_write_seconds": 5.844200495630503e-05,
      "operation_seconds": 0.2583088600076735,
      "total_phase_seconds": 0.260831865016371,
      "scope": "file writes include journal intent/add/flush; excludes this timing receipt and checkpoint writes",
      "mode": "stage4_sealed_cell",
      "banner": "sealed Stage 4; scientific admission also requires complete declared populations"
    },
    {
      "phase": "immediate:204",
      "identity_check_kind": "in_memory_structure_and_configuration",
      "recipe_verification_seconds": 0.0,
      "identity_verification_seconds": 0.0,
      "identity_check_seconds": 0.0019661079859361053,
      "state_hash_seconds": 0.015472681145183742,
      "clone_seconds": 0.0,
      "restore_seconds": 0.0,
      "file_write_seconds": 5.777104524895549e-05,
      "operation_seconds": 0.1086132709751837,
      "total_phase_seconds": 0.1262005840544589,
      "scope": "file writes include journal intent/add/flush; excludes this timing receipt and checkpoint writes",
      "mode": "stage4_sealed_cell",
      "banner": "sealed Stage 4; scientific admission also requires complete declared populations"
    },
    {
      "phase": "edit:205",
      "identity_check_kind": "in_memory_structure_and_configuration",
      "recipe_verification_seconds": 0.0,
      "identity_verification_seconds": 0.0,
      "identity_check_seconds": 0.0022650500177405775,
      "state_hash_seconds": 0.00037792499642819166,
      "clone_seconds": 0.0,
      "restore_seconds": 0.0,
      "file_write_seconds": 5.9252954088151455e-05,
      "operation_seconds": 0.16512192197842523,
      "total_phase_seconds": 0.16789788100868464,
      "scope": "file writes include journal intent/add/flush; excludes this timing receipt and checkpoint writes",
      "mode": "stage4_sealed_cell",
      "banner": "sealed Stage 4; scientific admission also requires complete declared populations"
    },
    {
      "phase": "immediate:205",
      "identity_check_kind": "in_memory_structure_and_configuration",
      "recipe_verification_seconds": 0.0,
      "identity_verification_seconds": 0.0,
      "identity_check_seconds": 0.002226066018920392,
      "state_hash_seconds": 0.015409490093588829,
      "clone_seconds": 0.0,
      "restore_seconds": 0.0,
      "file_write_seconds": 6.068701623007655e-05,
      "operation_seconds": 0.09133938804734498,
      "total_phase_seconds": 0.10912329895654693,
      "scope": "file writes include journal intent/add/flush; excludes this timing receipt and checkpoint writes",
      "mode": "stage4_sealed_cell",
      "banner": "sealed Stage 4; scientific admission also requires complete declared populations"
    },
    {
      "phase": "edit:206",
      "identity_check_kind": "in_memory_structure_and_configuration",
      "recipe_verification_seconds": 0.0,
      "identity_verification_seconds": 0.0,
      "identity_check_seconds": 0.0019766890327446163,
      "state_hash_seconds": 0.00033571303356438875,
      "clone_seconds": 0.0,
      "restore_seconds": 0.0,
      "file_write_seconds": 5.652901018038392e-05,
      "operation_seconds": 0.0924505980219692,
      "total_phase_seconds": 0.09487917099613696,
      "scope": "file writes include journal intent/add/flush; excludes this timing receipt and checkpoint writes",
      "mode": "stage4_sealed_cell",
      "banner": "sealed Stage 4; scientific admission also requires complete declared populations"
    },
    {
      "phase": "immediate:206",
      "identity_check_kind": "in_memory_structure_and_configuration",
      "recipe_verification_seconds": 0.0,
      "identity_verification_seconds": 0.0,
      "identity_check_seconds": 0.0019247480086050928,
      "state_hash_seconds": 0.015305790933780372,
      "clone_seconds": 0.0,
      "restore_seconds": 0.0,
      "file_write_seconds": 5.8241013903170824e-05,
      "operation_seconds": 0.05846228398149833,
      "total_phase_seconds": 0.07582984701730311,
      "scope": "file writes include journal intent/add/flush; excludes this timing receipt and checkpoint writes",
      "mode": "stage4_sealed_cell",
      "banner": "sealed Stage 4; scientific admission also requires complete declared populations"
    },
    {
      "phase": "edit:207",
      "identity_check_kind": "in_memory_structure_and_configuration",
      "recipe_verification_seconds": 0.0,
      "identity_verification_seconds": 0.0,
      "identity_check_seconds": 0.0020657379645854235,
      "state_hash_seconds": 0.0003332379274070263,
      "clone_seconds": 0.0,
      "restore_seconds": 0.0,
      "file_write_seconds": 5.966395838186145e-05,
      "operation_seconds": 0.0786866609705612,
      "total_phase_seconds": 0.08121072896756232,
      "scope": "file writes include journal intent/add/flush; excludes this timing receipt and checkpoint writes",
      "mode": "stage4_sealed_cell",
      "banner": "sealed Stage 4; scientific admission also requires complete declared populations"
    },
    {
      "phase": "immediate:207",
      "identity_check_kind": "in_memory_structure_and_configuration",
      "recipe_verification_seconds": 0.0,
      "identity_verification_seconds": 0.0,
      "identity_check_seconds": 0.001991576049476862,
      "state_hash_seconds": 0.015481107111554593,
      "clone_seconds": 0.0,
      "restore_seconds": 0.0,
      "file_write_seconds": 5.543598672375083e-05,
      "operation_seconds": 0.05615004297578707,
      "total_phase_seconds": 0.07375757599947974,
      "scope": "file writes include journal intent/add/flush; excludes this timing receipt and checkpoint writes",
      "mode": "stage4_sealed_cell",
      "banner": "sealed Stage 4; scientific admission also requires complete declared populations"
    },
    {
      "phase": "edit:208",
      "identity_check_kind": "in_memory_structure_and_configuration",
      "recipe_verification_seconds": 0.0,
      "identity_verification_seconds": 0.0,
      "identity_check_seconds": 0.002017756982240826,
      "state_hash_seconds": 0.000334602955263108,
      "clone_seconds": 0.0,
      "restore_seconds": 0.0,
      "file_write_seconds": 5.866296123713255e-05,
      "operation_seconds": 0.15056847198866308,
      "total_phase_seconds": 0.15303928696084768,
      "scope": "file writes include journal intent/add/flush; excludes this timing receipt and checkpoint writes",
      "mode": "stage4_sealed_cell",
      "banner": "sealed Stage 4; scientific admission also requires complete declared populations"
    },
    {
      "phase": "immediate:208",
      "identity_check_kind": "in_memory_structure_and_configuration",
      "recipe_verification_seconds": 0.0,
      "identity_verification_seconds": 0.0,
      "identity_check_seconds": 0.00197048595873639,
      "state_hash_seconds": 0.015496276027988642,
      "clone_seconds": 0.0,
      "restore_seconds": 0.0,
      "file_write_seconds": 5.617702845484018e-05,
      "operation_seconds": 0.061679640028160065,
      "total_phase_seconds": 0.07928100001299754,
      "scope": "file writes include journal intent/add/flush; excludes this timing receipt and checkpoint writes",
      "mode": "stage4_sealed_cell",
      "banner": "sealed Stage 4; scientific admission also requires complete declared populations"
    },
    {
      "phase": "edit:209",
      "identity_check_kind": "in_memory_structure_and_configuration",
      "recipe_verification_seconds": 0.0,
      "identity_verification_seconds": 0.0,
      "identity_check_seconds": 0.0020645669428631663,
      "state_hash_seconds": 0.00034075294388458133,
      "clone_seconds": 0.0,
      "restore_seconds": 0.0,
      "file_write_seconds": 5.7279947213828564e-05,
      "operation_seconds": 0.09432192303938791,
      "total_phase_seconds": 0.09684574999846518,
      "scope": "file writes include journal intent/add/flush; excludes this timing receipt and checkpoint writes",
      "mode": "stage4_sealed_cell",
      "banner": "sealed Stage 4; scientific admission also requires complete declared populations"
    },
    {
      "phase": "immediate:209",
      "identity_check_kind": "in_memory_structure_and_configuration",
      "recipe_verification_seconds": 0.0,
      "identity_verification_seconds": 0.0,
      "identity_check_seconds": 0.002180869982112199,
      "state_hash_seconds": 0.017455661960411817,
      "clone_seconds": 0.0,
      "restore_seconds": 0.0,
      "file_write_seconds": 5.8943929616361856e-05,
      "operation_seconds": 0.06360539002344012,
      "total_phase_seconds": 0.08340341004077345,
      "scope": "file writes include journal intent/add/flush; excludes this timing receipt and checkpoint writes",
      "mode": "stage4_sealed_cell",
      "banner": "sealed Stage 4; scientific admission also requires complete declared populations"
    },
    {
      "phase": "edit:210",
      "identity_check_kind": "in_memory_structure_and_configuration",
      "recipe_verification_seconds": 0.0,
      "identity_verification_seconds": 0.0,
      "identity_check_seconds": 0.0022356240078806877,
      "state_hash_seconds": 0.0004385800566524267,
      "clone_seconds": 0.0,
      "restore_seconds": 0.0,
      "file_write_seconds": 5.946401506662369e-05,
      "operation_seconds": 0.08079329796601087,
      "total_phase_seconds": 0.08360060799168423,
      "scope": "file writes include journal intent/add/flush; excludes this timing receipt and checkpoint writes",
      "mode": "stage4_sealed_cell",
      "banner": "sealed Stage 4; scientific admission also requires complete declared populations"
    },
    {
      "phase": "immediate:210",
      "identity_check_kind": "in_memory_structure_and_configuration",
      "recipe_verification_seconds": 0.0,
      "identity_verification_seconds": 0.0,
      "identity_check_seconds": 0.002030672039836645,
      "state_hash_seconds": 0.0161090309266001,
      "clone_seconds": 0.0,
      "restore_seconds": 0.0,
      "file_write_seconds": 5.737098399549723e-05,
      "operation_seconds": 0.06003441696520895,
      "total_phase_seconds": 0.07831647095736116,
      "scope": "file writes include journal intent/add/flush; excludes this timing receipt and checkpoint writes",
      "mode": "stage4_sealed_cell",
      "banner": "sealed Stage 4; scientific admission also requires complete declared populations"
    },
    {
      "phase": "edit:211",
      "identity_check_kind": "in_memory_structure_and_configuration",
      "recipe_verification_seconds": 0.0,
      "identity_verification_seconds": 0.0,
      "identity_check_seconds": 0.0021034199744462967,
      "state_hash_seconds": 0.0003716430510394275,
      "clone_seconds": 0.0,
      "restore_seconds": 0.0,
      "file_write_seconds": 5.99650084041059e-05,
      "operation_seconds": 0.12111114198341966,
      "total_phase_seconds": 0.12371116399299353,
      "scope": "file writes include journal intent/add/flush; excludes this timing receipt and checkpoint writes",
      "mode": "stage4_sealed_cell",
      "banner": "sealed Stage 4; scientific admission also requires complete declared populations"
    },
    {
      "phase": "immediate:211",
      "identity_check_kind": "in_memory_structure_and_configuration",
      "recipe_verification_seconds": 0.0,
      "identity_verification_seconds": 0.0,
      "identity_check_seconds": 0.002357077959459275,
      "state_hash_seconds": 0.01649934792658314,
      "clone_seconds": 0.0,
      "restore_seconds": 0.0,
      "file_write_seconds": 5.818204954266548e-05,
      "operation_seconds": 0.07303396798670292,
      "total_phase_seconds": 0.09204428904922679,
      "scope": "file writes include journal intent/add/flush; excludes this timing receipt and checkpoint writes",
      "mode": "stage4_sealed_cell",
      "banner": "sealed Stage 4; scientific admission also requires complete declared populations"
    },
    {
      "phase": "edit:212",
      "identity_check_kind": "in_memory_structure_and_configuration",
      "recipe_verification_seconds": 0.0,
      "identity_verification_seconds": 0.0,
      "identity_check_seconds": 0.0024040970019996166,
      "state_hash_seconds": 0.00034751498606055975,
      "clone_seconds": 0.0,
      "restore_seconds": 0.0,
      "file_write_seconds": 6.174802547320724e-05,
      "operation_seconds": 0.13321627903496847,
      "total_phase_seconds": 0.13610001397319138,
      "scope": "file writes include journal intent/add/flush; excludes this timing receipt and checkpoint writes",
      "mode": "stage4_sealed_cell",
      "banner": "sealed Stage 4; scientific admission also requires complete declared populations"
    },
    {
      "phase": "immediate:212",
      "identity_check_kind": "in_memory_structure_and_configuration",
      "recipe_verification_seconds": 0.0,
      "identity_verification_seconds": 0.0,
      "identity_check_seconds": 0.0023468879517167807,
      "state_hash_seconds": 0.016845261096023023,
      "clone_seconds": 0.0,
      "restore_seconds": 0.0,
      "file_write_seconds": 0.004732730041723698,
      "operation_seconds": 0.06793669098988175,
      "total_phase_seconds": 0.09195219300454482,
      "scope": "file writes include journal intent/add/flush; excludes this timing receipt and checkpoint writes",
      "mode": "stage4_sealed_cell",
      "banner": "sealed Stage 4; scientific admission also requires complete declared populations"
    },
    {
      "phase": "edit:213",
      "identity_check_kind": "in_memory_structure_and_configuration",
      "recipe_verification_seconds": 0.0,
      "identity_verification_seconds": 0.0,
      "identity_check_seconds": 0.002155571011826396,
      "state_hash_seconds": 0.000368045992217958,
      "clone_seconds": 0.0,
      "restore_seconds": 0.0,
      "file_write_seconds": 0.0011646520579233766,
      "operation_seconds": 0.10783210396766663,
      "total_phase_seconds": 0.11158533697016537,
      "scope": "file writes include journal intent/add/flush; excludes this timing receipt and checkpoint writes",
      "mode": "stage4_sealed_cell",
      "banner": "sealed Stage 4; scientific admission also requires complete declared populations"
    },
    {
      "phase": "immediate:213",
      "identity_check_kind": "in_memory_structure_and_configuration",
      "recipe_verification_seconds": 0.0,
      "identity_verification_seconds": 0.0,
      "identity_check_seconds": 0.002380673016887158,
      "state_hash_seconds": 0.01601451903115958,
      "clone_seconds": 0.0,
      "restore_seconds": 0.0,
      "file_write_seconds": 6.010499782860279e-05,
      "operation_seconds": 0.0577015369781293,
      "total_phase_seconds": 0.07625443994766101,
      "scope": "file writes include journal intent/add/flush; excludes this timing receipt and checkpoint writes",
      "mode": "stage4_sealed_cell",
      "banner": "sealed Stage 4; scientific admission also requires complete declared populations"
    },
    {
      "phase": "edit:214",
      "identity_check_kind": "in_memory_structure_and_configuration",
      "recipe_verification_seconds": 0.0,
      "identity_verification_seconds": 0.0,
      "identity_check_seconds": 0.002207960933446884,
      "state_hash_seconds": 0.0003662229864858091,
      "clone_seconds": 0.0,
      "restore_seconds": 0.0,
      "file_write_seconds": 5.795102333649993e-05,
      "operation_seconds": 0.17213719501160085,
      "total_phase_seconds": 0.17483724001795053,
      "scope": "file writes include journal intent/add/flush; excludes this timing receipt and checkpoint writes",
      "mode": "stage4_sealed_cell",
      "banner": "sealed Stage 4; scientific admission also requires complete declared populations"
    },
    {
      "phase": "immediate:214",
      "identity_check_kind": "in_memory_structure_and_configuration",
      "recipe_verification_seconds": 0.0,
      "identity_verification_seconds": 0.0,
      "identity_check_seconds": 0.002213591942563653,
      "state_hash_seconds": 0.01681186893256381,
      "clone_seconds": 0.0,
      "restore_seconds": 0.0,
      "file_write_seconds": 6.178900366649032e-05,
      "operation_seconds": 0.08528850198490545,
      "total_phase_seconds": 0.10448512999573722,
      "scope": "file writes include journal intent/add/flush; excludes this timing receipt and checkpoint writes",
      "mode": "stage4_sealed_cell",
      "banner": "sealed Stage 4; scientific admission also requires complete declared populations"
    },
    {
      "phase": "edit:215",
      "identity_check_kind": "in_memory_structure_and_configuration",
      "recipe_verification_seconds": 0.0,
      "identity_verification_seconds": 0.0,
      "identity_check_seconds": 0.0021765700657851994,
      "state_hash_seconds": 0.0003738270024769008,
      "clone_seconds": 0.0,
      "restore_seconds": 0.0,
      "file_write_seconds": 5.92639553360641e-05,
      "operation_seconds": 0.1780614479794167,
      "total_phase_seconds": 0.18074087298009545,
      "scope": "file writes include journal intent/add/flush; excludes this timing receipt and checkpoint writes",
      "mode": "stage4_sealed_cell",
      "banner": "sealed Stage 4; scientific admission also requires complete declared populations"
    },
    {
      "phase": "immediate:215",
      "identity_check_kind": "in_memory_structure_and_configuration",
      "recipe_verification_seconds": 0.0,
      "identity_verification_seconds": 0.0,
      "identity_check_seconds": 0.0021557409781962633,
      "state_hash_seconds": 0.016592757951002568,
      "clone_seconds": 0.0,
      "restore_seconds": 0.0,
      "file_write_seconds": 5.9063080698251724e-05,
      "operation_seconds": 0.0830719749792479,
      "total_phase_seconds": 0.10196657397318631,
      "scope": "file writes include journal intent/add/flush; excludes this timing receipt and checkpoint writes",
      "mode": "stage4_sealed_cell",
      "banner": "sealed Stage 4; scientific admission also requires complete declared populations"
    },
    {
      "phase": "edit:216",
      "identity_check_kind": "in_memory_structure_and_configuration",
      "recipe_verification_seconds": 0.0,
      "identity_verification_seconds": 0.0,
      "identity_check_seconds": 0.0020656090346165,
      "state_hash_seconds": 0.0003442299785092473,
      "clone_seconds": 0.0,
      "restore_seconds": 0.0,
      "file_write_seconds": 5.706900265067816e-05,
      "operation_seconds": 0.10562250000657514,
      "total_phase_seconds": 0.10814759798813611,
      "scope": "file writes include journal intent/add/flush; excludes this timing receipt and checkpoint writes",
      "mode": "stage4_sealed_cell",
      "banner": "sealed Stage 4; scientific admission also requires complete declared populations"
    },
    {
      "phase": "immediate:216",
      "identity_check_kind": "in_memory_structure_and_configuration",
      "recipe_verification_seconds": 0.0,
      "identity_verification_seconds": 0.0,
      "identity_check_seconds": 0.002081809041555971,
      "state_hash_seconds": 0.01593501796014607,
      "clone_seconds": 0.0,
      "restore_seconds": 0.0,
      "file_write_seconds": 5.7029013987630606e-05,
      "operation_seconds": 0.05634645000100136,
      "total_phase_seconds": 0.0745024629868567,
      "scope": "file writes include journal intent/add/flush; excludes this timing receipt and checkpoint writes",
      "mode": "stage4_sealed_cell",
      "banner": "sealed Stage 4; scientific admission also requires complete declared populations"
    },
    {
      "phase": "edit:217",
      "identity_check_kind": "in_memory_structure_and_configuration",
      "recipe_verification_seconds": 0.0,
      "identity_verification_seconds": 0.0,
      "identity_check_seconds": 0.0022005069768056273,
      "state_hash_seconds": 0.0003760899999178946,
      "clone_seconds": 0.0,
      "restore_seconds": 0.0,
      "file_write_seconds": 5.890399916097522e-05,
      "operation_seconds": 0.08000277302926406,
      "total_phase_seconds": 0.08270576299401,
      "scope": "file writes include journal intent/add/flush; excludes this timing receipt and checkpoint writes",
      "mode": "stage4_sealed_cell",
      "banner": "sealed Stage 4; scientific admission also requires complete declared populations"
    },
    {
      "phase": "immediate:217",
      "identity_check_kind": "in_memory_structure_and_configuration",
      "recipe_verification_seconds": 0.0,
      "identity_verification_seconds": 0.0,
      "identity_check_seconds": 0.001998530060518533,
      "state_hash_seconds": 0.01613681297749281,
      "clone_seconds": 0.0,
      "restore_seconds": 0.0,
      "file_write_seconds": 5.770003190264106e-05,
      "operation_seconds": 0.059577861975412816,
      "total_phase_seconds": 0.07785090000834316,
      "scope": "file writes include journal intent/add/flush; excludes this timing receipt and checkpoint writes",
      "mode": "stage4_sealed_cell",
      "banner": "sealed Stage 4; scientific admission also requires complete declared populations"
    },
    {
      "phase": "edit:218",
      "identity_check_kind": "in_memory_structure_and_configuration",
      "recipe_verification_seconds": 0.0,
      "identity_verification_seconds": 0.0,
      "identity_check_seconds": 0.0021733249886892736,
      "state_hash_seconds": 0.0003603388904593885,
      "clone_seconds": 0.0,
      "restore_seconds": 0.0,
      "file_write_seconds": 6.040494190528989e-05,
      "operation_seconds": 0.13769806799245998,
      "total_phase_seconds": 0.14036001899512485,
      "scope": "file writes include journal intent/add/flush; excludes this timing receipt and checkpoint writes",
      "mode": "stage4_sealed_cell",
      "banner": "sealed Stage 4; scientific admission also requires complete declared populations"
    },
    {
      "phase": "immediate:218",
      "identity_check_kind": "in_memory_structure_and_configuration",
      "recipe_verification_seconds": 0.0,
      "identity_verification_seconds": 0.0,
      "identity_check_seconds": 0.0020658389548771083,
      "state_hash_seconds": 0.016111283970531076,
      "clone_seconds": 0.0,
      "restore_seconds": 0.0,
      "file_write_seconds": 5.866296123713255e-05,
      "operation_seconds": 0.05879344802815467,
      "total_phase_seconds": 0.07711531996028498,
      "scope": "file writes include journal intent/add/flush; excludes this timing receipt and checkpoint writes",
      "mode": "stage4_sealed_cell",
      "banner": "sealed Stage 4; scientific admission also requires complete declared populations"
    },
    {
      "phase": "edit:219",
      "identity_check_kind": "in_memory_structure_and_configuration",
      "recipe_verification_seconds": 0.0,
      "identity_verification_seconds": 0.0,
      "identity_check_seconds": 0.0020285160280764103,
      "state_hash_seconds": 0.0003686969866976142,
      "clone_seconds": 0.0,
      "restore_seconds": 0.0,
      "file_write_seconds": 5.728000542148948e-05,
      "operation_seconds": 0.11093116295523942,
      "total_phase_seconds": 0.11344587203348055,
      "scope": "file writes include journal intent/add/flush; excludes this timing receipt and checkpoint writes",
      "mode": "stage4_sealed_cell",
      "banner": "sealed Stage 4; scientific admission also requires complete declared populations"
    },
    {
      "phase": "immediate:219",
      "identity_check_kind": "in_memory_structure_and_configuration",
      "recipe_verification_seconds": 0.0,
      "identity_verification_seconds": 0.0,
      "identity_check_seconds": 0.002323563036043197,
      "state_hash_seconds": 0.016910335049033165,
      "clone_seconds": 0.0,
      "restore_seconds": 0.0,
      "file_write_seconds": 5.7730008848011494e-05,
      "operation_seconds": 0.058997960994020104,
      "total_phase_seconds": 0.07838915096363053,
      "scope": "file writes include journal intent/add/flush; excludes this timing receipt and checkpoint writes",
      "mode": "stage4_sealed_cell",
      "banner": "sealed Stage 4; scientific admission also requires complete declared populations"
    },
    {
      "phase": "edit:220",
      "identity_check_kind": "in_memory_structure_and_configuration",
      "recipe_verification_seconds": 0.0,
      "identity_verification_seconds": 0.0,
      "identity_check_seconds": 0.0020891239983029664,
      "state_hash_seconds": 0.00037176196929067373,
      "clone_seconds": 0.0,
      "restore_seconds": 0.0,
      "file_write_seconds": 5.9123034588992596e-05,
      "operation_seconds": 0.08411237900145352,
      "total_phase_seconds": 0.0866935049998574,
      "scope": "file writes include journal intent/add/flush; excludes this timing receipt and checkpoint writes",
      "mode": "stage4_sealed_cell",
      "banner": "sealed Stage 4; scientific admission also requires complete declared populations"
    },
    {
      "phase": "immediate:220",
      "identity_check_kind": "in_memory_structure_and_configuration",
      "recipe_verification_seconds": 0.0,
      "identity_verification_seconds": 0.0,
      "identity_check_seconds": 0.0021105039631947875,
      "state_hash_seconds": 0.01708059204975143,
      "clone_seconds": 0.0,
      "restore_seconds": 0.0,
      "file_write_seconds": 5.826097913086414e-05,
      "operation_seconds": 0.057912711054086685,
      "total_phase_seconds": 0.07725092000328004,
      "scope": "file writes include journal intent/add/flush; excludes this timing receipt and checkpoint writes",
      "mode": "stage4_sealed_cell",
      "banner": "sealed Stage 4; scientific admission also requires complete declared populations"
    },
    {
      "phase": "edit:221",
      "identity_check_kind": "in_memory_structure_and_configuration",
      "recipe_verification_seconds": 0.0,
      "identity_verification_seconds": 0.0,
      "identity_check_seconds": 0.0021418550168164074,
      "state_hash_seconds": 0.0003738459781743586,
      "clone_seconds": 0.0,
      "restore_seconds": 0.0,
      "file_write_seconds": 6.0586025938391685e-05,
      "operation_seconds": 0.07969178701750934,
      "total_phase_seconds": 0.0823284100042656,
      "scope": "file writes include journal intent/add/flush; excludes this timing receipt and checkpoint writes",
      "mode": "stage4_sealed_cell",
      "banner": "sealed Stage 4; scientific admission also requires complete declared populations"
    },
    {
      "phase": "immediate:221",
      "identity_check_kind": "in_memory_structure_and_configuration",
      "recipe_verification_seconds": 0.0,
      "identity_verification_seconds": 0.0,
      "identity_check_seconds": 0.0019807349890470505,
      "state_hash_seconds": 0.01676878402940929,
      "clone_seconds": 0.0,
      "restore_seconds": 0.0,
      "file_write_seconds": 6.0356047470122576e-05,
      "operation_seconds": 0.05383729096502066,
      "total_phase_seconds": 0.07272858294891194,
      "scope": "file writes include journal intent/add/flush; excludes this timing receipt and checkpoint writes",
      "mode": "stage4_sealed_cell",
      "banner": "sealed Stage 4; scientific admission also requires complete declared populations"
    },
    {
      "phase": "edit:222",
      "identity_check_kind": "in_memory_structure_and_configuration",
      "recipe_verification_seconds": 0.0,
      "identity_verification_seconds": 0.0,
      "identity_check_seconds": 0.002051330986432731,
      "state_hash_seconds": 0.00036031100898981094,
      "clone_seconds": 0.0,
      "restore_seconds": 0.0,
      "file_write_seconds": 5.87029499001801e-05,
      "operation_seconds": 0.13254438200965524,
      "total_phase_seconds": 0.13507393904728815,
      "scope": "file writes include journal intent/add/flush; excludes this timing receipt and checkpoint writes",
      "mode": "stage4_sealed_cell",
      "banner": "sealed Stage 4; scientific admission also requires complete declared populations"
    },
    {
      "phase": "immediate:222",
      "identity_check_kind": "in_memory_structure_and_configuration",
      "recipe_verification_seconds": 0.0,
      "identity_verification_seconds": 0.0,
      "identity_check_seconds": 0.0020826509571634233,
      "state_hash_seconds": 0.017274102952796966,
      "clone_seconds": 0.0,
      "restore_seconds": 0.0,
      "file_write_seconds": 0.00010084296809509397,
      "operation_seconds": 0.0761876130127348,
      "total_phase_seconds": 0.09577358601382002,
      "scope": "file writes include journal intent/add/flush; excludes this timing receipt and checkpoint writes",
      "mode": "stage4_sealed_cell",
      "banner": "sealed Stage 4; scientific admission also requires complete declared populations"
    },
    {
      "phase": "edit:223",
      "identity_check_kind": "in_memory_structure_and_configuration",
      "recipe_verification_seconds": 0.0,
      "identity_verification_seconds": 0.0,
      "identity_check_seconds": 0.0023516970104537904,
      "state_hash_seconds": 0.000440053001511842,
      "clone_seconds": 0.0,
      "restore_seconds": 0.0,
      "file_write_seconds": 5.809101276099682e-05,
      "operation_seconds": 0.07823574700159952,
      "total_phase_seconds": 0.08116116299061105,
      "scope": "file writes include journal intent/add/flush; excludes this timing receipt and checkpoint writes",
      "mode": "stage4_sealed_cell",
      "banner": "sealed Stage 4; scientific admission also requires complete declared populations"
    },
    {
      "phase": "immediate:223",
      "identity_check_kind": "in_memory_structure_and_configuration",
      "recipe_verification_seconds": 0.0,
      "identity_verification_seconds": 0.0,
      "identity_check_seconds": 0.001990905962884426,
      "state_hash_seconds": 0.016353027953300625,
      "clone_seconds": 0.0,
      "restore_seconds": 0.0,
      "file_write_seconds": 5.705998046323657e-05,
      "operation_seconds": 0.061814657994545996,
      "total_phase_seconds": 0.08029260899638757,
      "scope": "file writes include journal intent/add/flush; excludes this timing receipt and checkpoint writes",
      "mode": "stage4_sealed_cell",
      "banner": "sealed Stage 4; scientific admission also requires complete declared populations"
    },
    {
      "phase": "edit:224",
      "identity_check_kind": "in_memory_structure_and_configuration",
      "recipe_verification_seconds": 0.0,
      "identity_verification_seconds": 0.0,
      "identity_check_seconds": 0.002052843978162855,
      "state_hash_seconds": 0.000340582977514714,
      "clone_seconds": 0.0,
      "restore_seconds": 0.0,
      "file_write_seconds": 5.712895654141903e-05,
      "operation_seconds": 0.17254848399898037,
      "total_phase_seconds": 0.17506243096431717,
      "scope": "file writes include journal intent/add/flush; excludes this timing receipt and checkpoint writes",
      "mode": "stage4_sealed_cell",
      "banner": "sealed Stage 4; scientific admission also requires complete declared populations"
    },
    {
      "phase": "immediate:224",
      "identity_check_kind": "in_memory_structure_and_configuration",
      "recipe_verification_seconds": 0.0,
      "identity_verification_seconds": 0.0,
      "identity_check_seconds": 0.0019036480225622654,
      "state_hash_seconds": 0.016232857073191553,
      "clone_seconds": 0.0,
      "restore_seconds": 0.0,
      "file_write_seconds": 5.675898864865303e-05,
      "operation_seconds": 0.10003510199021548,
      "total_phase_seconds": 0.11830332997487858,
      "scope": "file writes include journal intent/add/flush; excludes this timing receipt and checkpoint writes",
      "mode": "stage4_sealed_cell",
      "banner": "sealed Stage 4; scientific admission also requires complete declared populations"
    },
    {
      "phase": "edit:225",
      "identity_check_kind": "in_memory_structure_and_configuration",
      "recipe_verification_seconds": 0.0,
      "identity_verification_seconds": 0.0,
      "identity_check_seconds": 0.0022655210341326892,
      "state_hash_seconds": 0.0003971719997934997,
      "clone_seconds": 0.0,
      "restore_seconds": 0.0,
      "file_write_seconds": 5.782104562968016e-05,
      "operation_seconds": 0.10984294797526672,
      "total_phase_seconds": 0.11263402597978711,
      "scope": "file writes include journal intent/add/flush; excludes this timing receipt and checkpoint writes",
      "mode": "stage4_sealed_cell",
      "banner": "sealed Stage 4; scientific admission also requires complete declared populations"
    },
    {
      "phase": "immediate:225",
      "identity_check_kind": "in_memory_structure_and_configuration",
      "recipe_verification_seconds": 0.0,
      "identity_verification_seconds": 0.0,
      "identity_check_seconds": 0.0020379849593155086,
      "state_hash_seconds": 0.017107614025007933,
      "clone_seconds": 0.0,
      "restore_seconds": 0.0,
      "file_write_seconds": 5.668896483257413e-05,
      "operation_seconds": 0.06793947605183348,
      "total_phase_seconds": 0.08722862997092307,
      "scope": "file writes include journal intent/add/flush; excludes this timing receipt and checkpoint writes",
      "mode": "stage4_sealed_cell",
      "banner": "sealed Stage 4; scientific admission also requires complete declared populations"
    },
    {
      "phase": "edit:226",
      "identity_check_kind": "in_memory_structure_and_configuration",
      "recipe_verification_seconds": 0.0,
      "identity_verification_seconds": 0.0,
      "identity_check_seconds": 0.002147134975530207,
      "state_hash_seconds": 0.00039224204374477267,
      "clone_seconds": 0.0,
      "restore_seconds": 0.0,
      "file_write_seconds": 5.7981000281870365e-05,
      "operation_seconds": 0.10548169998219237,
      "total_phase_seconds": 0.108145895996131,
      "scope": "file writes include journal intent/add/flush; excludes this timing receipt and checkpoint writes",
      "mode": "stage4_sealed_cell",
      "banner": "sealed Stage 4; scientific admission also requires complete declared populations"
    },
    {
      "phase": "immediate:226",
      "identity_check_kind": "in_memory_structure_and_configuration",
      "recipe_verification_seconds": 0.0,
      "identity_verification_seconds": 0.0,
      "identity_check_seconds": 0.0021496290573850274,
      "state_hash_seconds": 0.01683371898252517,
      "clone_seconds": 0.0,
      "restore_seconds": 0.0,
      "file_write_seconds": 5.801999941468239e-05,
      "operation_seconds": 0.06900154094910249,
      "total_phase_seconds": 0.08812849503010511,
      "scope": "file writes include journal intent/add/flush; excludes this timing receipt and checkpoint writes",
      "mode": "stage4_sealed_cell",
      "banner": "sealed Stage 4; scientific admission also requires complete declared populations"
    },
    {
      "phase": "edit:227",
      "identity_check_kind": "in_memory_structure_and_configuration",
      "recipe_verification_seconds": 0.0,
      "identity_verification_seconds": 0.0,
      "identity_check_seconds": 0.0020503189880400896,
      "state_hash_seconds": 0.0003548489767126739,
      "clone_seconds": 0.0,
      "restore_seconds": 0.0,
      "file_write_seconds": 5.776004400104284e-05,
      "operation_seconds": 0.12457741401158273,
      "total_phase_seconds": 0.12709967698901892,
      "scope": "file writes include journal intent/add/flush; excludes this timing receipt and checkpoint writes",
      "mode": "stage4_sealed_cell",
      "banner": "sealed Stage 4; scientific admission also requires complete declared populations"
    },
    {
      "phase": "immediate:227",
      "identity_check_kind": "in_memory_structure_and_configuration",
      "recipe_verification_seconds": 0.0,
      "identity_verification_seconds": 0.0,
      "identity_check_seconds": 0.002087119035422802,
      "state_hash_seconds": 0.018479584075976163,
      "clone_seconds": 0.0,
      "restore_seconds": 0.0,
      "file_write_seconds": 5.693797720596194e-05,
      "operation_seconds": 0.06893395102815703,
      "total_phase_seconds": 0.08965044200886041,
      "scope": "file writes include journal intent/add/flush; excludes this timing receipt and checkpoint writes",
      "mode": "stage4_sealed_cell",
      "banner": "sealed Stage 4; scientific admission also requires complete declared populations"
    },
    {
      "phase": "edit:228",
      "identity_check_kind": "in_memory_structure_and_configuration",
      "recipe_verification_seconds": 0.0,
      "identity_verification_seconds": 0.0,
      "identity_check_seconds": 0.002128709980752319,
      "state_hash_seconds": 0.00037982797948643565,
      "clone_seconds": 0.0,
      "restore_seconds": 0.0,
      "file_write_seconds": 5.560705903917551e-05,
      "operation_seconds": 0.07725860498612747,
      "total_phase_seconds": 0.0798842859803699,
      "scope": "file writes include journal intent/add/flush; excludes this timing receipt and checkpoint writes",
      "mode": "stage4_sealed_cell",
      "banner": "sealed Stage 4; scientific admission also requires complete declared populations"
    },
    {
      "phase": "immediate:228",
      "identity_check_kind": "in_memory_structure_and_configuration",
      "recipe_verification_seconds": 0.0,
      "identity_verification_seconds": 0.0,
      "identity_check_seconds": 0.001957301050424576,
      "state_hash_seconds": 0.017280525935348123,
      "clone_seconds": 0.0,
      "restore_seconds": 0.0,
      "file_write_seconds": 0.004660591017454863,
      "operation_seconds": 0.062087191035971045,
      "total_phase_seconds": 0.086064059054479,
      "scope": "file writes include journal intent/add/flush; excludes this timing receipt and checkpoint writes",
      "mode": "stage4_sealed_cell",
      "banner": "sealed Stage 4; scientific admission also requires complete declared populations"
    },
    {
      "phase": "edit:229",
      "identity_check_kind": "in_memory_structure_and_configuration",
      "recipe_verification_seconds": 0.0,
      "identity_verification_seconds": 0.0,
      "identity_check_seconds": 0.0020831419387832284,
      "state_hash_seconds": 0.00036711408756673336,
      "clone_seconds": 0.0,
      "restore_seconds": 0.0,
      "file_write_seconds": 0.0011195249389857054,
      "operation_seconds": 0.10794802597956732,
      "total_phase_seconds": 0.11158065695781261,
      "scope": "file writes include journal intent/add/flush; excludes this timing receipt and checkpoint writes",
      "mode": "stage4_sealed_cell",
      "banner": "sealed Stage 4; scientific admission also requires complete declared populations"
    },
    {
      "phase": "immediate:229",
      "identity_check_kind": "in_memory_structure_and_configuration",
      "recipe_verification_seconds": 0.0,
      "identity_verification_seconds": 0.0,
      "identity_check_seconds": 0.0021576459985226393,
      "state_hash_seconds": 0.017813427024520934,
      "clone_seconds": 0.0,
      "restore_seconds": 0.0,
      "file_write_seconds": 5.9112964663654566e-05,
      "operation_seconds": 0.07003292703302577,
      "total_phase_seconds": 0.09016242297366261,
      "scope": "file writes include journal intent/add/flush; excludes this timing receipt and checkpoint writes",
      "mode": "stage4_sealed_cell",
      "banner": "sealed Stage 4; scientific admission also requires complete declared populations"
    },
    {
      "phase": "edit:230",
      "identity_check_kind": "in_memory_structure_and_configuration",
      "recipe_verification_seconds": 0.0,
      "identity_verification_seconds": 0.0,
      "identity_check_seconds": 0.002088301000185311,
      "state_hash_seconds": 0.0003624160308390856,
      "clone_seconds": 0.0,
      "restore_seconds": 0.0,
      "file_write_seconds": 5.7469995226711035e-05,
      "operation_seconds": 0.09515784500399604,
      "total_phase_seconds": 0.09772623697062954,
      "scope": "file writes include journal intent/add/flush; excludes this timing receipt and checkpoint writes",
      "mode": "stage4_sealed_cell",
      "banner": "sealed Stage 4; scientific admission also requires complete declared populations"
    },
    {
      "phase": "immediate:230",
      "identity_check_kind": "in_memory_structure_and_configuration",
      "recipe_verification_seconds": 0.0,
      "identity_verification_seconds": 0.0,
      "identity_check_seconds": 0.001964994997251779,
      "state_hash_seconds": 0.01672367798164487,
      "clone_seconds": 0.0,
      "restore_seconds": 0.0,
      "file_write_seconds": 5.650799721479416e-05,
      "operation_seconds": 0.06715649500256404,
      "total_phase_seconds": 0.08597732300404459,
      "scope": "file writes include journal intent/add/flush; excludes this timing receipt and checkpoint writes",
      "mode": "stage4_sealed_cell",
      "banner": "sealed Stage 4; scientific admission also requires complete declared populations"
    },
    {
      "phase": "edit:231",
      "identity_check_kind": "in_memory_structure_and_configuration",
      "recipe_verification_seconds": 0.0,
      "identity_verification_seconds": 0.0,
      "identity_check_seconds": 0.0019975079922005534,
      "state_hash_seconds": 0.00038367509841918945,
      "clone_seconds": 0.0,
      "restore_seconds": 0.0,
      "file_write_seconds": 5.856197094544768e-05,
      "operation_seconds": 0.15231789404060692,
      "total_phase_seconds": 0.15481942798942327,
      "scope": "file writes include journal intent/add/flush; excludes this timing receipt and checkpoint writes",
      "mode": "stage4_sealed_cell",
      "banner": "sealed Stage 4; scientific admission also requires complete declared populations"
    },
    {
      "phase": "immediate:231",
      "identity_check_kind": "in_memory_structure_and_configuration",
      "recipe_verification_seconds": 0.0,
      "identity_verification_seconds": 0.0,
      "identity_check_seconds": 0.0022953489678911865,
      "state_hash_seconds": 0.018338211928494275,
      "clone_seconds": 0.0,
      "restore_seconds": 0.0,
      "file_write_seconds": 5.987402983009815e-05,
      "operation_seconds": 0.0847711709793657,
      "total_phase_seconds": 0.10557421698467806,
      "scope": "file writes include journal intent/add/flush; excludes this timing receipt and checkpoint writes",
      "mode": "stage4_sealed_cell",
      "banner": "sealed Stage 4; scientific admission also requires complete declared populations"
    },
    {
      "phase": "edit:232",
      "identity_check_kind": "in_memory_structure_and_configuration",
      "recipe_verification_seconds": 0.0,
      "identity_verification_seconds": 0.0,
      "identity_check_seconds": 0.0021487180492840707,
      "state_hash_seconds": 0.00038639100966975093,
      "clone_seconds": 0.0,
      "restore_seconds": 0.0,
      "file_write_seconds": 5.878298543393612e-05,
      "operation_seconds": 0.11252485698787495,
      "total_phase_seconds": 0.11518670798977837,
      "scope": "file writes include journal intent/add/flush; excludes this timing receipt and checkpoint writes",
      "mode": "stage4_sealed_cell",
      "banner": "sealed Stage 4; scientific admission also requires complete declared populations"
    },
    {
      "phase": "immediate:232",
      "identity_check_kind": "in_memory_structure_and_configuration",
      "recipe_verification_seconds": 0.0,
      "identity_verification_seconds": 0.0,
      "identity_check_seconds": 0.0021473750239238143,
      "state_hash_seconds": 0.017013403004966676,
      "clone_seconds": 0.0,
      "restore_seconds": 0.0,
      "file_write_seconds": 6.772094639018178e-05,
      "operation_seconds": 0.07418057601898909,
      "total_phase_seconds": 0.093486562022008,
      "scope": "file writes include journal intent/add/flush; excludes this timing receipt and checkpoint writes",
      "mode": "stage4_sealed_cell",
      "banner": "sealed Stage 4; scientific admission also requires complete declared populations"
    },
    {
      "phase": "edit:233",
      "identity_check_kind": "in_memory_structure_and_configuration",
      "recipe_verification_seconds": 0.0,
      "identity_verification_seconds": 0.0,
      "identity_check_seconds": 0.0020326150115579367,
      "state_hash_seconds": 0.00039067899342626333,
      "clone_seconds": 0.0,
      "restore_seconds": 0.0,
      "file_write_seconds": 5.8581994380801916e-05,
      "operation_seconds": 0.24851644498994574,
      "total_phase_seconds": 0.25107309402665123,
      "scope": "file writes include journal intent/add/flush; excludes this timing receipt and checkpoint writes",
      "mode": "stage4_sealed_cell",
      "banner": "sealed Stage 4; scientific admission also requires complete declared populations"
    },
    {
      "phase": "immediate:233",
      "identity_check_kind": "in_memory_structure_and_configuration",
      "recipe_verification_seconds": 0.0,
      "identity_verification_seconds": 0.0,
      "identity_check_seconds": 0.002198574016802013,
      "state_hash_seconds": 0.017793838982470334,
      "clone_seconds": 0.0,
      "restore_seconds": 0.0,
      "file_write_seconds": 6.13679876551032e-05,
      "operation_seconds": 0.10476551804458722,
      "total_phase_seconds": 0.12491424998734146,
      "scope": "file writes include journal intent/add/flush; excludes this timing receipt and checkpoint writes",
      "mode": "stage4_sealed_cell",
      "banner": "sealed Stage 4; scientific admission also requires complete declared populations"
    },
    {
      "phase": "edit:234",
      "identity_check_kind": "in_memory_structure_and_configuration",
      "recipe_verification_seconds": 0.0,
      "identity_verification_seconds": 0.0,
      "identity_check_seconds": 0.0020947150187566876,
      "state_hash_seconds": 0.00038386491360142827,
      "clone_seconds": 0.0,
      "restore_seconds": 0.0,
      "file_write_seconds": 5.692907143384218e-05,
      "operation_seconds": 0.11500695301219821,
      "total_phase_seconds": 0.11760785797378048,
      "scope": "file writes include journal intent/add/flush; excludes this timing receipt and checkpoint writes",
      "mode": "stage4_sealed_cell",
      "banner": "sealed Stage 4; scientific admission also requires complete declared populations"
    },
    {
      "phase": "immediate:234",
      "identity_check_kind": "in_memory_structure_and_configuration",
      "recipe_verification_seconds": 0.0,
      "identity_verification_seconds": 0.0,
      "identity_check_seconds": 0.0020759290200658143,
      "state_hash_seconds": 0.018128780997358263,
      "clone_seconds": 0.0,
      "restore_seconds": 0.0,
      "file_write_seconds": 5.8512960094958544e-05,
      "operation_seconds": 0.07995258696610108,
      "total_phase_seconds": 0.10030296602053568,
      "scope": "file writes include journal intent/add/flush; excludes this timing receipt and checkpoint writes",
      "mode": "stage4_sealed_cell",
      "banner": "sealed Stage 4; scientific admission also requires complete declared populations"
    },
    {
      "phase": "edit:235",
      "identity_check_kind": "in_memory_structure_and_configuration",
      "recipe_verification_seconds": 0.0,
      "identity_verification_seconds": 0.0,
      "identity_check_seconds": 0.002303876040969044,
      "state_hash_seconds": 0.00041522399988025427,
      "clone_seconds": 0.0,
      "restore_seconds": 0.0,
      "file_write_seconds": 6.0126069001853466e-05,
      "operation_seconds": 0.17224312794860452,
      "total_phase_seconds": 0.17508841102244332,
      "scope": "file writes include journal intent/add/flush; excludes this timing receipt and checkpoint writes",
      "mode": "stage4_sealed_cell",
      "banner": "sealed Stage 4; scientific admission also requires complete declared populations"
    },
    {
      "phase": "immediate:235",
      "identity_check_kind": "in_memory_structure_and_configuration",
      "recipe_verification_seconds": 0.0,
      "identity_verification_seconds": 0.0,
      "identity_check_seconds": 0.0021271660225465894,
      "state_hash_seconds": 0.0174708099802956,
      "clone_seconds": 0.0,
      "restore_seconds": 0.0,
      "file_write_seconds": 5.7500961702317e-05,
      "operation_seconds": 0.08493898302549496,
      "total_phase_seconds": 0.10468194796703756,
      "scope": "file writes include journal intent/add/flush; excludes this timing receipt and checkpoint writes",
      "mode": "stage4_sealed_cell",
      "banner": "sealed Stage 4; scientific admission also requires complete declared populations"
    },
    {
      "phase": "edit:236",
      "identity_check_kind": "in_memory_structure_and_configuration",
      "recipe_verification_seconds": 0.0,
      "identity_verification_seconds": 0.0,
      "identity_check_seconds": 0.002269149001222104,
      "state_hash_seconds": 0.0004233419895172119,
      "clone_seconds": 0.0,
      "restore_seconds": 0.0,
      "file_write_seconds": 5.801999941468239e-05,
      "operation_seconds": 0.1482864690478891,
      "total_phase_seconds": 0.1511028250097297,
      "scope": "file writes include journal intent/add/flush; excludes this timing receipt and checkpoint writes",
      "mode": "stage4_sealed_cell",
      "banner": "sealed Stage 4; scientific admission also requires complete declared populations"
    },
    {
      "phase": "immediate:236",
      "identity_check_kind": "in_memory_structure_and_configuration",
      "recipe_verification_seconds": 0.0,
      "identity_verification_seconds": 0.0,
      "identity_check_seconds": 0.0019882110063917935,
      "state_hash_seconds": 0.017398663971107453,
      "clone_seconds": 0.0,
      "restore_seconds": 0.0,
      "file_write_seconds": 5.952396895736456e-05,
      "operation_seconds": 0.08521795796696097,
      "total_phase_seconds": 0.10474239394534379,
      "scope": "file writes include journal intent/add/flush; excludes this timing receipt and checkpoint writes",
      "mode": "stage4_sealed_cell",
      "banner": "sealed Stage 4; scientific admission also requires complete declared populations"
    },
    {
      "phase": "edit:237",
      "identity_check_kind": "in_memory_structure_and_configuration",
      "recipe_verification_seconds": 0.0,
      "identity_verification_seconds": 0.0,
      "identity_check_seconds": 0.002313293924089521,
      "state_hash_seconds": 0.0004012589924968779,
      "clone_seconds": 0.0,
      "restore_seconds": 0.0,
      "file_write_seconds": 6.412295624613762e-05,
      "operation_seconds": 0.19045309501234442,
      "total_phase_seconds": 0.1933050099760294,
      "scope": "file writes include journal intent/add/flush; excludes this timing receipt and checkpoint writes",
      "mode": "stage4_sealed_cell",
      "banner": "sealed Stage 4; scientific admission also requires complete declared populations"
    },
    {
      "phase": "immediate:237",
      "identity_check_kind": "in_memory_structure_and_configuration",
      "recipe_verification_seconds": 0.0,
      "identity_verification_seconds": 0.0,
      "identity_check_seconds": 0.002104662999045104,
      "state_hash_seconds": 0.01831003004917875,
      "clone_seconds": 0.0,
      "restore_seconds": 0.0,
      "file_write_seconds": 5.813100142404437e-05,
      "operation_seconds": 0.08592258702265099,
      "total_phase_seconds": 0.10648902005050331,
      "scope": "file writes include journal intent/add/flush; excludes this timing receipt and checkpoint writes",
      "mode": "stage4_sealed_cell",
      "banner": "sealed Stage 4; scientific admission also requires complete declared populations"
    },
    {
      "phase": "edit:238",
      "identity_check_kind": "in_memory_structure_and_configuration",
      "recipe_verification_seconds": 0.0,
      "identity_verification_seconds": 0.0,
      "identity_check_seconds": 0.003185696026775986,
      "state_hash_seconds": 0.0005522780702449381,
      "clone_seconds": 0.0,
      "restore_seconds": 0.0,
      "file_write_seconds": 5.855201743543148e-05,
      "operation_seconds": 0.1199886699905619,
      "total_phase_seconds": 0.12387445697095245,
      "scope": "file writes include journal intent/add/flush; excludes this timing receipt and checkpoint writes",
      "mode": "stage4_sealed_cell",
      "banner": "sealed Stage 4; scientific admission also requires complete declared populations"
    },
    {
      "phase": "immediate:238",
      "identity_check_kind": "in_memory_structure_and_configuration",
      "recipe_verification_seconds": 0.0,
      "identity_verification_seconds": 0.0,
      "identity_check_seconds": 0.0022142530069686472,
      "state_hash_seconds": 0.018427333037834615,
      "clone_seconds": 0.0,
      "restore_seconds": 0.0,
      "file_write_seconds": 6.443401798605919e-05,
      "operation_seconds": 0.06916756898863241,
      "total_phase_seconds": 0.08996546600246802,
      "scope": "file writes include journal intent/add/flush; excludes this timing receipt and checkpoint writes",
      "mode": "stage4_sealed_cell",
      "banner": "sealed Stage 4; scientific admission also requires complete declared populations"
    },
    {
      "phase": "edit:239",
      "identity_check_kind": "in_memory_structure_and_configuration",
      "recipe_verification_seconds": 0.0,
      "identity_verification_seconds": 0.0,
      "identity_check_seconds": 0.002140031021554023,
      "state_hash_seconds": 0.00040941504994407296,
      "clone_seconds": 0.0,
      "restore_seconds": 0.0,
      "file_write_seconds": 5.97640173509717e-05,
      "operation_seconds": 0.19521258503664285,
      "total_phase_seconds": 0.19788621901534498,
      "scope": "file writes include journal intent/add/flush; excludes this timing receipt and checkpoint writes",
      "mode": "stage4_sealed_cell",
      "banner": "sealed Stage 4; scientific admission also requires complete declared populations"
    },
    {
      "phase": "immediate:239",
      "identity_check_kind": "in_memory_structure_and_configuration",
      "recipe_verification_seconds": 0.0,
      "identity_verification_seconds": 0.0,
      "identity_check_seconds": 0.00228360592154786,
      "state_hash_seconds": 0.018763767962809652,
      "clone_seconds": 0.0,
      "restore_seconds": 0.0,
      "file_write_seconds": 6.142701022326946e-05,
      "operation_seconds": 0.09899903699988499,
      "total_phase_seconds": 0.1202055859612301,
      "scope": "file writes include journal intent/add/flush; excludes this timing receipt and checkpoint writes",
      "mode": "stage4_sealed_cell",
      "banner": "sealed Stage 4; scientific admission also requires complete declared populations"
    },
    {
      "phase": "edit:240",
      "identity_check_kind": "in_memory_structure_and_configuration",
      "recipe_verification_seconds": 0.0,
      "identity_verification_seconds": 0.0,
      "identity_check_seconds": 0.0022852090187370777,
      "state_hash_seconds": 0.00047061394434422255,
      "clone_seconds": 0.0,
      "restore_seconds": 0.0,
      "file_write_seconds": 5.865294951945543e-05,
      "operation_seconds": 0.1145787329878658,
      "total_phase_seconds": 0.11746514396509156,
      "scope": "file writes include journal intent/add/flush; excludes this timing receipt and checkpoint writes",
      "mode": "stage4_sealed_cell",
      "banner": "sealed Stage 4; scientific admission also requires complete declared populations"
    },
    {
      "phase": "immediate:240",
      "identity_check_kind": "in_memory_structure_and_configuration",
      "recipe_verification_seconds": 0.0,
      "identity_verification_seconds": 0.0,
      "identity_check_seconds": 0.0022595000336878,
      "state_hash_seconds": 0.019158355076797307,
      "clone_seconds": 0.0,
      "restore_seconds": 0.0,
      "file_write_seconds": 5.8011035434901714e-05,
      "operation_seconds": 0.06629180797608569,
      "total_phase_seconds": 0.08786353695904836,
      "scope": "file writes include journal intent/add/flush; excludes this timing receipt and checkpoint writes",
      "mode": "stage4_sealed_cell",
      "banner": "sealed Stage 4; scientific admission also requires complete declared populations"
    },
    {
      "phase": "edit:241",
      "identity_check_kind": "in_memory_structure_and_configuration",
      "recipe_verification_seconds": 0.0,
      "identity_verification_seconds": 0.0,
      "identity_check_seconds": 0.002430047024972737,
      "state_hash_seconds": 0.0004657730460166931,
      "clone_seconds": 0.0,
      "restore_seconds": 0.0,
      "file_write_seconds": 6.0695980209857225e-05,
      "operation_seconds": 0.1229856539866887,
      "total_phase_seconds": 0.1260161810205318,
      "scope": "file writes include journal intent/add/flush; excludes this timing receipt and checkpoint writes",
      "mode": "stage4_sealed_cell",
      "banner": "sealed Stage 4; scientific admission also requires complete declared populations"
    },
    {
      "phase": "immediate:241",
      "identity_check_kind": "in_memory_structure_and_configuration",
      "recipe_verification_seconds": 0.0,
      "identity_verification_seconds": 0.0,
      "identity_check_seconds": 0.002202790987212211,
      "state_hash_seconds": 0.018949363962747157,
      "clone_seconds": 0.0,
      "restore_seconds": 0.0,
      "file_write_seconds": 5.697907181456685e-05,
      "operation_seconds": 0.0648391839931719,
      "total_phase_seconds": 0.08614473399939016,
      "scope": "file writes include journal intent/add/flush; excludes this timing receipt and checkpoint writes",
      "mode": "stage4_sealed_cell",
      "banner": "sealed Stage 4; scientific admission also requires complete declared populations"
    },
    {
      "phase": "edit:242",
      "identity_check_kind": "in_memory_structure_and_configuration",
      "recipe_verification_seconds": 0.0,
      "identity_verification_seconds": 0.0,
      "identity_check_seconds": 0.0021633549476973712,
      "state_hash_seconds": 0.0004267080221325159,
      "clone_seconds": 0.0,
      "restore_seconds": 0.0,
      "file_write_seconds": 0.00013283605221658945,
      "operation_seconds": 0.11766296304995194,
      "total_phase_seconds": 0.12045446300180629,
      "scope": "file writes include journal intent/add/flush; excludes this timing receipt and checkpoint writes",
      "mode": "stage4_sealed_cell",
      "banner": "sealed Stage 4; scientific admission also requires complete declared populations"
    },
    {
      "phase": "immediate:242",
      "identity_check_kind": "in_memory_structure_and_configuration",
      "recipe_verification_seconds": 0.0,
      "identity_verification_seconds": 0.0,
      "identity_check_seconds": 0.002171270956750959,
      "state_hash_seconds": 0.018855062953662127,
      "clone_seconds": 0.0,
      "restore_seconds": 0.0,
      "file_write_seconds": 6.547506200149655e-05,
      "operation_seconds": 0.07565147400600836,
      "total_phase_seconds": 0.09684050001669675,
      "scope": "file writes include journal intent/add/flush; excludes this timing receipt and checkpoint writes",
      "mode": "stage4_sealed_cell",
      "banner": "sealed Stage 4; scientific admission also requires complete declared populations"
    },
    {
      "phase": "edit:243",
      "identity_check_kind": "in_memory_structure_and_configuration",
      "recipe_verification_seconds": 0.0,
      "identity_verification_seconds": 0.0,
      "identity_check_seconds": 0.0022556729963980615,
      "state_hash_seconds": 0.0004560940433293581,
      "clone_seconds": 0.0,
      "restore_seconds": 0.0,
      "file_write_seconds": 5.87630202062428e-05,
      "operation_seconds": 0.08829072600929067,
      "total_phase_seconds": 0.09112919599283487,
      "scope": "file writes include journal intent/add/flush; excludes this timing receipt and checkpoint writes",
      "mode": "stage4_sealed_cell",
      "banner": "sealed Stage 4; scientific admission also requires complete declared populations"
    },
    {
      "phase": "immediate:243",
      "identity_check_kind": "in_memory_structure_and_configuration",
      "recipe_verification_seconds": 0.0,
      "identity_verification_seconds": 0.0,
      "identity_check_seconds": 0.002068052999675274,
      "state_hash_seconds": 0.01892901404062286,
      "clone_seconds": 0.0,
      "restore_seconds": 0.0,
      "file_write_seconds": 5.910301115363836e-05,
      "operation_seconds": 0.07200142997317016,
      "total_phase_seconds": 0.0931477330159396,
      "scope": "file writes include journal intent/add/flush; excludes this timing receipt and checkpoint writes",
      "mode": "stage4_sealed_cell",
      "banner": "sealed Stage 4; scientific admission also requires complete declared populations"
    },
    {
      "phase": "edit:244",
      "identity_check_kind": "in_memory_structure_and_configuration",
      "recipe_verification_seconds": 0.0,
      "identity_verification_seconds": 0.0,
      "identity_check_seconds": 0.0022083219955675304,
      "state_hash_seconds": 0.00045475090155377984,
      "clone_seconds": 0.0,
      "restore_seconds": 0.0,
      "file_write_seconds": 5.960400449112058e-05,
      "operation_seconds": 0.08544838899979368,
      "total_phase_seconds": 0.08823746396228671,
      "scope": "file writes include journal intent/add/flush; excludes this timing receipt and checkpoint writes",
      "mode": "stage4_sealed_cell",
      "banner": "sealed Stage 4; scientific admission also requires complete declared populations"
    },
    {
      "phase": "immediate:244",
      "identity_check_kind": "in_memory_structure_and_configuration",
      "recipe_verification_seconds": 0.0,
      "identity_verification_seconds": 0.0,
      "identity_check_seconds": 0.0020393480081111193,
      "state_hash_seconds": 0.01865842705592513,
      "clone_seconds": 0.0,
      "restore_seconds": 0.0,
      "file_write_seconds": 0.005054585984908044,
      "operation_seconds": 0.05899641802534461,
      "total_phase_seconds": 0.08484794799005613,
      "scope": "file writes include journal intent/add/flush; excludes this timing receipt and checkpoint writes",
      "mode": "stage4_sealed_cell",
      "banner": "sealed Stage 4; scientific admission also requires complete declared populations"
    },
    {
      "phase": "edit:245",
      "identity_check_kind": "in_memory_structure_and_configuration",
      "recipe_verification_seconds": 0.0,
      "identity_verification_seconds": 0.0,
      "identity_check_seconds": 0.002263147966004908,
      "state_hash_seconds": 0.0004523169482126832,
      "clone_seconds": 0.0,
      "restore_seconds": 0.0,
      "file_write_seconds": 0.0012014120002277195,
      "operation_seconds": 0.12023385002976283,
      "total_phase_seconds": 0.12422913702903315,
      "scope": "file writes include journal intent/add/flush; excludes this timing receipt and checkpoint writes",
      "mode": "stage4_sealed_cell",
      "banner": "sealed Stage 4; scientific admission also requires complete declared populations"
    },
    {
      "phase": "immediate:245",
      "identity_check_kind": "in_memory_structure_and_configuration",
      "recipe_verification_seconds": 0.0,
      "identity_verification_seconds": 0.0,
      "identity_check_seconds": 0.0022935550077818334,
      "state_hash_seconds": 0.019579301064368337,
      "clone_seconds": 0.0,
      "restore_seconds": 0.0,
      "file_write_seconds": 6.0234975535422564e-05,
      "operation_seconds": 0.08292969298781827,
      "total_phase_seconds": 0.1049614729708992,
      "scope": "file writes include journal intent/add/flush; excludes this timing receipt and checkpoint writes",
      "mode": "stage4_sealed_cell",
      "banner": "sealed Stage 4; scientific admission also requires complete declared populations"
    },
    {
      "phase": "edit:246",
      "identity_check_kind": "in_memory_structure_and_configuration",
      "recipe_verification_seconds": 0.0,
      "identity_verification_seconds": 0.0,
      "identity_check_seconds": 0.0027472240035422146,
      "state_hash_seconds": 0.0005457870429381728,
      "clone_seconds": 0.0,
      "restore_seconds": 0.0,
      "file_write_seconds": 9.886902989819646e-05,
      "operation_seconds": 0.08997339999768883,
      "total_phase_seconds": 0.09345253702485934,
      "scope": "file writes include journal intent/add/flush; excludes this timing receipt and checkpoint writes",
      "mode": "stage4_sealed_cell",
      "banner": "sealed Stage 4; scientific admission also requires complete declared populations"
    },
    {
      "phase": "immediate:246",
      "identity_check_kind": "in_memory_structure_and_configuration",
      "recipe_verification_seconds": 0.0,
      "identity_verification_seconds": 0.0,
      "identity_check_seconds": 0.0022174289915710688,
      "state_hash_seconds": 0.019130641012452543,
      "clone_seconds": 0.0,
      "restore_seconds": 0.0,
      "file_write_seconds": 5.871197208762169e-05,
      "operation_seconds": 0.07475127000361681,
      "total_phase_seconds": 0.09624915599124506,
      "scope": "file writes include journal intent/add/flush; excludes this timing receipt and checkpoint writes",
      "mode": "stage4_sealed_cell",
      "banner": "sealed Stage 4; scientific admission also requires complete declared populations"
    },
    {
      "phase": "edit:247",
      "identity_check_kind": "in_memory_structure_and_configuration",
      "recipe_verification_seconds": 0.0,
      "identity_verification_seconds": 0.0,
      "identity_check_seconds": 0.0022115380852483213,
      "state_hash_seconds": 0.0004979539662599564,
      "clone_seconds": 0.0,
      "restore_seconds": 0.0,
      "file_write_seconds": 6.117700831964612e-05,
      "operation_seconds": 0.1500893640331924,
      "total_phase_seconds": 0.1529343849979341,
      "scope": "file writes include journal intent/add/flush; excludes this timing receipt and checkpoint writes",
      "mode": "stage4_sealed_cell",
      "banner": "sealed Stage 4; scientific admission also requires complete declared populations"
    },
    {
      "phase": "immediate:247",
      "identity_check_kind": "in_memory_structure_and_configuration",
      "recipe_verification_seconds": 0.0,
      "identity_verification_seconds": 0.0,
      "identity_check_seconds": 0.002171650994569063,
      "state_hash_seconds": 0.019431586901191622,
      "clone_seconds": 0.0,
      "restore_seconds": 0.0,
      "file_write_seconds": 5.9444981161504984e-05,
      "operation_seconds": 0.06752363900886849,
      "total_phase_seconds": 0.08928737603127956,
      "scope": "file writes include journal intent/add/flush; excludes this timing receipt and checkpoint writes",
      "mode": "stage4_sealed_cell",
      "banner": "sealed Stage 4; scientific admission also requires complete declared populations"
    },
    {
      "phase": "edit:248",
      "identity_check_kind": "in_memory_structure_and_configuration",
      "recipe_verification_seconds": 0.0,
      "identity_verification_seconds": 0.0,
      "identity_check_seconds": 0.0021615130244754255,
      "state_hash_seconds": 0.00044917099876329303,
      "clone_seconds": 0.0,
      "restore_seconds": 0.0,
      "file_write_seconds": 5.985598545521498e-05,
      "operation_seconds": 0.11963667499367148,
      "total_phase_seconds": 0.12237432203255594,
      "scope": "file writes include journal intent/add/flush; excludes this timing receipt and checkpoint writes",
      "mode": "stage4_sealed_cell",
      "banner": "sealed Stage 4; scientific admission also requires complete declared populations"
    },
    {
      "phase": "immediate:248",
      "identity_check_kind": "in_memory_structure_and_configuration",
      "recipe_verification_seconds": 0.0,
      "identity_verification_seconds": 0.0,
      "identity_check_seconds": 0.002144190017133951,
      "state_hash_seconds": 0.01921257597859949,
      "clone_seconds": 0.0,
      "restore_seconds": 0.0,
      "file_write_seconds": 5.853100446984172e-05,
      "operation_seconds": 0.06402405200060457,
      "total_phase_seconds": 0.08553685899823904,
      "scope": "file writes include journal intent/add/flush; excludes this timing receipt and checkpoint writes",
      "mode": "stage4_sealed_cell",
      "banner": "sealed Stage 4; scientific admission also requires complete declared populations"
    },
    {
      "phase": "edit:249",
      "identity_check_kind": "in_memory_structure_and_configuration",
      "recipe_verification_seconds": 0.0,
      "identity_verification_seconds": 0.0,
      "identity_check_seconds": 0.002269027929287404,
      "state_hash_seconds": 0.0004285699687898159,
      "clone_seconds": 0.0,
      "restore_seconds": 0.0,
      "file_write_seconds": 6.092700641602278e-05,
      "operation_seconds": 0.09266359603498131,
      "total_phase_seconds": 0.09549169498495758,
      "scope": "file writes include journal intent/add/flush; excludes this timing receipt and checkpoint writes",
      "mode": "stage4_sealed_cell",
      "banner": "sealed Stage 4; scientific admission also requires complete declared populations"
    },
    {
      "phase": "immediate:249",
      "identity_check_kind": "in_memory_structure_and_configuration",
      "recipe_verification_seconds": 0.0,
      "identity_verification_seconds": 0.0,
      "identity_check_seconds": 0.0021291510201990604,
      "state_hash_seconds": 0.01979936403222382,
      "clone_seconds": 0.0,
      "restore_seconds": 0.0,
      "file_write_seconds": 6.699800724163651e-05,
      "operation_seconds": 0.06750342098530382,
      "total_phase_seconds": 0.08959748002234846,
      "scope": "file writes include journal intent/add/flush; excludes this timing receipt and checkpoint writes",
      "mode": "stage4_sealed_cell",
      "banner": "sealed Stage 4; scientific admission also requires complete declared populations"
    },
    {
      "phase": "edit:250",
      "identity_check_kind": "in_memory_structure_and_configuration",
      "recipe_verification_seconds": 0.0,
      "identity_verification_seconds": 0.0,
      "identity_check_seconds": 0.002260932989884168,
      "state_hash_seconds": 0.00045119598507881165,
      "clone_seconds": 0.0,
      "restore_seconds": 0.0,
      "file_write_seconds": 5.878298543393612e-05,
      "operation_seconds": 0.10084262897726148,
      "total_phase_seconds": 0.10368330299388617,
      "scope": "file writes include journal intent/add/flush; excludes this timing receipt and checkpoint writes",
      "mode": "stage4_sealed_cell",
      "banner": "sealed Stage 4; scientific admission also requires complete declared populations"
    },
    {
      "phase": "immediate:250",
      "identity_check_kind": "in_memory_structure_and_configuration",
      "recipe_verification_seconds": 0.0,
      "identity_verification_seconds": 0.0,
      "identity_check_seconds": 0.0022608930012211204,
      "state_hash_seconds": 0.019476752961054444,
      "clone_seconds": 0.0,
      "restore_seconds": 0.0,
      "file_write_seconds": 5.731999408453703e-05,
      "operation_seconds": 0.06645024195313454,
      "total_phase_seconds": 0.08833960897754878,
      "scope": "file writes include journal intent/add/flush; excludes this timing receipt and checkpoint writes",
      "mode": "stage4_sealed_cell",
      "banner": "sealed Stage 4; scientific admission also requires complete declared populations"
    },
    {
      "phase": "edit:251",
      "identity_check_kind": "in_memory_structure_and_configuration",
      "recipe_verification_seconds": 0.0,
      "identity_verification_seconds": 0.0,
      "identity_check_seconds": 0.002204854041337967,
      "state_hash_seconds": 0.0004912299918942153,
      "clone_seconds": 0.0,
      "restore_seconds": 0.0,
      "file_write_seconds": 5.836196942254901e-05,
      "operation_seconds": 0.23424023599363863,
      "total_phase_seconds": 0.23706289497204125,
      "scope": "file writes include journal intent/add/flush; excludes this timing receipt and checkpoint writes",
      "mode": "stage4_sealed_cell",
      "banner": "sealed Stage 4; scientific admission also requires complete declared populations"
    },
    {
      "phase": "immediate:251",
      "identity_check_kind": "in_memory_structure_and_configuration",
      "recipe_verification_seconds": 0.0,
      "identity_verification_seconds": 0.0,
      "identity_check_seconds": 0.0021319349762052298,
      "state_hash_seconds": 0.01924657099880278,
      "clone_seconds": 0.0,
      "restore_seconds": 0.0,
      "file_write_seconds": 5.9322977904230356e-05,
      "operation_seconds": 0.07837264001136646,
      "total_phase_seconds": 0.09989870100980625,
      "scope": "file writes include journal intent/add/flush; excludes this timing receipt and checkpoint writes",
      "mode": "stage4_sealed_cell",
      "banner": "sealed Stage 4; scientific admission also requires complete declared populations"
    },
    {
      "phase": "edit:252",
      "identity_check_kind": "in_memory_structure_and_configuration",
      "recipe_verification_seconds": 0.0,
      "identity_verification_seconds": 0.0,
      "identity_check_seconds": 0.002277434046845883,
      "state_hash_seconds": 0.00043273100163787603,
      "clone_seconds": 0.0,
      "restore_seconds": 0.0,
      "file_write_seconds": 5.932501517236233e-05,
      "operation_seconds": 0.15382921003038064,
      "total_phase_seconds": 0.15666413301369175,
      "scope": "file writes include journal intent/add/flush; excludes this timing receipt and checkpoint writes",
      "mode": "stage4_sealed_cell",
      "banner": "sealed Stage 4; scientific admission also requires complete declared populations"
    },
    {
      "phase": "immediate:252",
      "identity_check_kind": "in_memory_structure_and_configuration",
      "recipe_verification_seconds": 0.0,
      "identity_verification_seconds": 0.0,
      "identity_check_seconds": 0.0021824619616381824,
      "state_hash_seconds": 0.01951549999648705,
      "clone_seconds": 0.0,
      "restore_seconds": 0.0,
      "file_write_seconds": 5.756999598816037e-05,
      "operation_seconds": 0.08666551194619387,
      "total_phase_seconds": 0.10852209600852802,
      "scope": "file writes include journal intent/add/flush; excludes this timing receipt and checkpoint writes",
      "mode": "stage4_sealed_cell",
      "banner": "sealed Stage 4; scientific admission also requires complete declared populations"
    },
    {
      "phase": "edit:253",
      "identity_check_kind": "in_memory_structure_and_configuration",
      "recipe_verification_seconds": 0.0,
      "identity_verification_seconds": 0.0,
      "identity_check_seconds": 0.002234110957942903,
      "state_hash_seconds": 0.0004644010332413018,
      "clone_seconds": 0.0,
      "restore_seconds": 0.0,
      "file_write_seconds": 5.909294122830033e-05,
      "operation_seconds": 0.12820437405025586,
      "total_phase_seconds": 0.13103312498424202,
      "scope": "file writes include journal intent/add/flush; excludes this timing receipt and checkpoint writes",
      "mode": "stage4_sealed_cell",
      "banner": "sealed Stage 4; scientific admission also requires complete declared populations"
    },
    {
      "phase": "immediate:253",
      "identity_check_kind": "in_memory_structure_and_configuration",
      "recipe_verification_seconds": 0.0,
      "identity_verification_seconds": 0.0,
      "identity_check_seconds": 0.0020901859970763326,
      "state_hash_seconds": 0.019440144998952746,
      "clone_seconds": 0.0,
      "restore_seconds": 0.0,
      "file_write_seconds": 5.7600962463766336e-05,
      "operation_seconds": 0.07689128100173548,
      "total_phase_seconds": 0.09857123700203374,
      "scope": "file writes include journal intent/add/flush; excludes this timing receipt and checkpoint writes",
      "mode": "stage4_sealed_cell",
      "banner": "sealed Stage 4; scientific admission also requires complete declared populations"
    },
    {
      "phase": "edit:254",
      "identity_check_kind": "in_memory_structure_and_configuration",
      "recipe_verification_seconds": 0.0,
      "identity_verification_seconds": 0.0,
      "identity_check_seconds": 0.0022618340444751084,
      "state_hash_seconds": 0.000440383970271796,
      "clone_seconds": 0.0,
      "restore_seconds": 0.0,
      "file_write_seconds": 8.333002915605903e-05,
      "operation_seconds": 0.08530282997526228,
      "total_phase_seconds": 0.08815140998922288,
      "scope": "file writes include journal intent/add/flush; excludes this timing receipt and checkpoint writes",
      "mode": "stage4_sealed_cell",
      "banner": "sealed Stage 4; scientific admission also requires complete declared populations"
    },
    {
      "phase": "immediate:254",
      "identity_check_kind": "in_memory_structure_and_configuration",
      "recipe_verification_seconds": 0.0,
      "identity_verification_seconds": 0.0,
      "identity_check_seconds": 0.002254860009998083,
      "state_hash_seconds": 0.01969552307855338,
      "clone_seconds": 0.0,
      "restore_seconds": 0.0,
      "file_write_seconds": 5.7921046391129494e-05,
      "operation_seconds": 0.05990696302615106,
      "total_phase_seconds": 0.08200928795849904,
      "scope": "file writes include journal intent/add/flush; excludes this timing receipt and checkpoint writes",
      "mode": "stage4_sealed_cell",
      "banner": "sealed Stage 4; scientific admission also requires complete declared populations"
    },
    {
      "phase": "edit:255",
      "identity_check_kind": "in_memory_structure_and_configuration",
      "recipe_verification_seconds": 0.0,
      "identity_verification_seconds": 0.0,
      "identity_check_seconds": 0.0025191670283675194,
      "state_hash_seconds": 0.0005721370107494295,
      "clone_seconds": 0.0,
      "restore_seconds": 0.0,
      "file_write_seconds": 0.00010478001786395907,
      "operation_seconds": 0.11835048097418621,
      "total_phase_seconds": 0.12163575703743845,
      "scope": "file writes include journal intent/add/flush; excludes this timing receipt and checkpoint writes",
      "mode": "stage4_sealed_cell",
      "banner": "sealed Stage 4; scientific admission also requires complete declared populations"
    },
    {
      "phase": "immediate:255",
      "identity_check_kind": "in_memory_structure_and_configuration",
      "recipe_verification_seconds": 0.0,
      "identity_verification_seconds": 0.0,
      "identity_check_seconds": 0.0022091330611146986,
      "state_hash_seconds": 0.01958222599932924,
      "clone_seconds": 0.0,
      "restore_seconds": 0.0,
      "file_write_seconds": 6.183801451697946e-05,
      "operation_seconds": 0.08276312297675759,
      "total_phase_seconds": 0.1047068850020878,
      "scope": "file writes include journal intent/add/flush; excludes this timing receipt and checkpoint writes",
      "mode": "stage4_sealed_cell",
      "banner": "sealed Stage 4; scientific admission also requires complete declared populations"
    },
    {
      "phase": "edit:256",
      "identity_check_kind": "in_memory_structure_and_configuration",
      "recipe_verification_seconds": 0.0,
      "identity_verification_seconds": 0.0,
      "identity_check_seconds": 0.002697659016121179,
      "state_hash_seconds": 0.000496770953759551,
      "clone_seconds": 0.0,
      "restore_seconds": 0.0,
      "file_write_seconds": 5.840096855536103e-05,
      "operation_seconds": 0.11990153300575912,
      "total_phase_seconds": 0.12322892004158348,
      "scope": "file writes include journal intent/add/flush; excludes this timing receipt and checkpoint writes",
      "mode": "stage4_sealed_cell",
      "banner": "sealed Stage 4; scientific admission also requires complete declared populations"
    },
    {
      "phase": "immediate:256",
      "identity_check_kind": "in_memory_structure_and_configuration",
      "recipe_verification_seconds": 0.0,
      "identity_verification_seconds": 0.0,
      "identity_check_seconds": 0.0021801069960929453,
      "state_hash_seconds": 0.02004351106006652,
      "clone_seconds": 0.0,
      "restore_seconds": 0.0,
      "file_write_seconds": 5.820096703246236e-05,
      "operation_seconds": 0.06557224900461733,
      "total_phase_seconds": 0.0879589100368321,
      "scope": "file writes include journal intent/add/flush; excludes this timing receipt and checkpoint writes",
      "mode": "stage4_sealed_cell",
      "banner": "sealed Stage 4; scientific admission also requires complete declared populations"
    },
    {
      "phase": "edit:257",
      "identity_check_kind": "in_memory_structure_and_configuration",
      "recipe_verification_seconds": 0.0,
      "identity_verification_seconds": 0.0,
      "identity_check_seconds": 0.0023967529996298254,
      "state_hash_seconds": 0.0005580889992415905,
      "clone_seconds": 0.0,
      "restore_seconds": 0.0,
      "file_write_seconds": 6.774102803319693e-05,
      "operation_seconds": 0.15810380200855434,
      "total_phase_seconds": 0.16121377097442746,
      "scope": "file writes include journal intent/add/flush; excludes this timing receipt and checkpoint writes",
      "mode": "stage4_sealed_cell",
      "banner": "sealed Stage 4; scientific admission also requires complete declared populations"
    },
    {
      "phase": "immediate:257",
      "identity_check_kind": "in_memory_structure_and_configuration",
      "recipe_verification_seconds": 0.0,
      "identity_verification_seconds": 0.0,
      "identity_check_seconds": 0.0023778260219842196,
      "state_hash_seconds": 0.0199196029570885,
      "clone_seconds": 0.0,
      "restore_seconds": 0.0,
      "file_write_seconds": 5.818001227453351e-05,
      "operation_seconds": 0.08540222101146355,
      "total_phase_seconds": 0.10786287300288677,
      "scope": "file writes include journal intent/add/flush; excludes this timing receipt and checkpoint writes",
      "mode": "stage4_sealed_cell",
      "banner": "sealed Stage 4; scientific admission also requires complete declared populations"
    },
    {
      "phase": "edit:258",
      "identity_check_kind": "in_memory_structure_and_configuration",
      "recipe_verification_seconds": 0.0,
      "identity_verification_seconds": 0.0,
      "identity_check_seconds": 0.0021737359929829836,
      "state_hash_seconds": 0.0004845889052376151,
      "clone_seconds": 0.0,
      "restore_seconds": 0.0,
      "file_write_seconds": 5.732005229219794e-05,
      "operation_seconds": 0.0849828069913201,
      "total_phase_seconds": 0.08776708296500146,
      "scope": "file writes include journal intent/add/flush; excludes this timing receipt and checkpoint writes",
      "mode": "stage4_sealed_cell",
      "banner": "sealed Stage 4; scientific admission also requires complete declared populations"
    },
    {
      "phase": "immediate:258",
      "identity_check_kind": "in_memory_structure_and_configuration",
      "recipe_verification_seconds": 0.0,
      "identity_verification_seconds": 0.0,
      "identity_check_seconds": 0.0021728139836341143,
      "state_hash_seconds": 0.020005316007882357,
      "clone_seconds": 0.0,
      "restore_seconds": 0.0,
      "file_write_seconds": 7.649598410353065e-05,
      "operation_seconds": 0.06761598598677665,
      "total_phase_seconds": 0.0899726789793931,
      "scope": "file writes include journal intent/add/flush; excludes this timing receipt and checkpoint writes",
      "mode": "stage4_sealed_cell",
      "banner": "sealed Stage 4; scientific admission also requires complete declared populations"
    },
    {
      "phase": "edit:259",
      "identity_check_kind": "in_memory_structure_and_configuration",
      "recipe_verification_seconds": 0.0,
      "identity_verification_seconds": 0.0,
      "identity_check_seconds": 0.0022043039789423347,
      "state_hash_seconds": 0.0004377990262582898,
      "clone_seconds": 0.0,
      "restore_seconds": 0.0,
      "file_write_seconds": 8.202705066651106e-05,
      "operation_seconds": 0.16804000397678465,
      "total_phase_seconds": 0.17082774604205042,
      "scope": "file writes include journal intent/add/flush; excludes this timing receipt and checkpoint writes",
      "mode": "stage4_sealed_cell",
      "banner": "sealed Stage 4; scientific admission also requires complete declared populations"
    },
    {
      "phase": "immediate:259",
      "identity_check_kind": "in_memory_structure_and_configuration",
      "recipe_verification_seconds": 0.0,
      "identity_verification_seconds": 0.0,
      "identity_check_seconds": 0.002703521982766688,
      "state_hash_seconds": 0.020583665987942368,
      "clone_seconds": 0.0,
      "restore_seconds": 0.0,
      "file_write_seconds": 5.9194047935307026e-05,
      "operation_seconds": 0.09323981002671644,
      "total_phase_seconds": 0.1166799790225923,
      "scope": "file writes include journal intent/add/flush; excludes this timing receipt and checkpoint writes",
      "mode": "stage4_sealed_cell",
      "banner": "sealed Stage 4; scientific admission also requires complete declared populations"
    },
    {
      "phase": "edit:260",
      "identity_check_kind": "in_memory_structure_and_configuration",
      "recipe_verification_seconds": 0.0,
      "identity_verification_seconds": 0.0,
      "identity_check_seconds": 0.0022129910648800433,
      "state_hash_seconds": 0.0004406649386510253,
      "clone_seconds": 0.0,
      "restore_seconds": 0.0,
      "file_write_seconds": 5.8812962379306555e-05,
      "operation_seconds": 0.3221063279779628,
      "total_phase_seconds": 0.32488665595883504,
      "scope": "file writes include journal intent/add/flush; excludes this timing receipt and checkpoint writes",
      "mode": "stage4_sealed_cell",
      "banner": "sealed Stage 4; scientific admission also requires complete declared populations"
    },
    {
      "phase": "immediate:260",
      "identity_check_kind": "in_memory_structure_and_configuration",
      "recipe_verification_seconds": 0.0,
      "identity_verification_seconds": 0.0,
      "identity_check_seconds": 0.0020115040242671967,
      "state_hash_seconds": 0.0205796179943718,
      "clone_seconds": 0.0,
      "restore_seconds": 0.0,
      "file_write_seconds": 0.015608531073667109,
      "operation_seconds": 0.1559188250103034,
      "total_phase_seconds": 0.1942063180031255,
      "scope": "file writes include journal intent/add/flush; excludes this timing receipt and checkpoint writes",
      "mode": "stage4_sealed_cell",
      "banner": "sealed Stage 4; scientific admission also requires complete declared populations"
    },
    {
      "phase": "edit:261",
      "identity_check_kind": "in_memory_structure_and_configuration",
      "recipe_verification_seconds": 0.0,
      "identity_verification_seconds": 0.0,
      "identity_check_seconds": 0.0022127789561636746,
      "state_hash_seconds": 0.00045091501669958234,
      "clone_seconds": 0.0,
      "restore_seconds": 0.0,
      "file_write_seconds": 0.0012267599813640118,
      "operation_seconds": 0.08670809300383553,
      "total_phase_seconds": 0.0906668989919126,
      "scope": "file writes include journal intent/add/flush; excludes this timing receipt and checkpoint writes",
      "mode": "stage4_sealed_cell",
      "banner": "sealed Stage 4; scientific admission also requires complete declared populations"
    },
    {
      "phase": "immediate:261",
      "identity_check_kind": "in_memory_structure_and_configuration",
      "recipe_verification_seconds": 0.0,
      "identity_verification_seconds": 0.0,
      "identity_check_seconds": 0.0020041699754074216,
      "state_hash_seconds": 0.020139174070209265,
      "clone_seconds": 0.0,
      "restore_seconds": 0.0,
      "file_write_seconds": 7.430202094838023e-05,
      "operation_seconds": 0.0691126849851571,
      "total_phase_seconds": 0.09143414004938677,
      "scope": "file writes include journal intent/add/flush; excludes this timing receipt and checkpoint writes",
      "mode": "stage4_sealed_cell",
      "banner": "sealed Stage 4; scientific admission also requires complete declared populations"
    },
    {
      "phase": "edit:262",
      "identity_check_kind": "in_memory_structure_and_configuration",
      "recipe_verification_seconds": 0.0,
      "identity_verification_seconds": 0.0,
      "identity_check_seconds": 0.0022680460242554545,
      "state_hash_seconds": 0.0004642200656235218,
      "clone_seconds": 0.0,
      "restore_seconds": 0.0,
      "file_write_seconds": 5.871296161785722e-05,
      "operation_seconds": 0.1749686910188757,
      "total_phase_seconds": 0.17782471398822963,
      "scope": "file writes include journal intent/add/flush; excludes this timing receipt and checkpoint writes",
      "mode": "stage4_sealed_cell",
      "banner": "sealed Stage 4; scientific admission also requires complete declared populations"
    },
    {
      "phase": "immediate:262",
      "identity_check_kind": "in_memory_structure_and_configuration",
      "recipe_verification_seconds": 0.0,
      "identity_verification_seconds": 0.0,
      "identity_check_seconds": 0.001968472031876445,
      "state_hash_seconds": 0.019236683030612767,
      "clone_seconds": 0.0,
      "restore_seconds": 0.0,
      "file_write_seconds": 5.793996388092637e-05,
      "operation_seconds": 0.08822602196596563,
      "total_phase_seconds": 0.10956689901649952,
      "scope": "file writes include journal intent/add/flush; excludes this timing receipt and checkpoint writes",
      "mode": "stage4_sealed_cell",
      "banner": "sealed Stage 4; scientific admission also requires complete declared populations"
    },
    {
      "phase": "edit:263",
      "identity_check_kind": "in_memory_structure_and_configuration",
      "recipe_verification_seconds": 0.0,
      "identity_verification_seconds": 0.0,
      "identity_check_seconds": 0.001974753919057548,
      "state_hash_seconds": 0.0004045460373163223,
      "clone_seconds": 0.0,
      "restore_seconds": 0.0,
      "file_write_seconds": 5.822197999805212e-05,
      "operation_seconds": 0.13400747498963028,
      "total_phase_seconds": 0.1365059029776603,
      "scope": "file writes include journal intent/add/flush; excludes this timing receipt and checkpoint writes",
      "mode": "stage4_sealed_cell",
      "banner": "sealed Stage 4; scientific admission also requires complete declared populations"
    },
    {
      "phase": "immediate:263",
      "identity_check_kind": "in_memory_structure_and_configuration",
      "recipe_verification_seconds": 0.0,
      "identity_verification_seconds": 0.0,
      "identity_check_seconds": 0.0019432539702393115,
      "state_hash_seconds": 0.02113738708430901,
      "clone_seconds": 0.0,
      "restore_seconds": 0.0,
      "file_write_seconds": 6.745895370841026e-05,
      "operation_seconds": 0.09592155902646482,
      "total_phase_seconds": 0.11916109395679086,
      "scope": "file writes include journal intent/add/flush; excludes this timing receipt and checkpoint writes",
      "mode": "stage4_sealed_cell",
      "banner": "sealed Stage 4; scientific admission also requires complete declared populations"
    },
    {
      "phase": "edit:264",
      "identity_check_kind": "in_memory_structure_and_configuration",
      "recipe_verification_seconds": 0.0,
      "identity_verification_seconds": 0.0,
      "identity_check_seconds": 0.002336107019800693,
      "state_hash_seconds": 0.0004286719486117363,
      "clone_seconds": 0.0,
      "restore_seconds": 0.0,
      "file_write_seconds": 9.936100104823709e-05,
      "operation_seconds": 0.11293826001929119,
      "total_phase_seconds": 0.11589117796393111,
      "scope": "file writes include journal intent/add/flush; excludes this timing receipt and checkpoint writes",
      "mode": "stage4_sealed_cell",
      "banner": "sealed Stage 4; scientific admission also requires complete declared populations"
    },
    {
      "phase": "immediate:264",
      "identity_check_kind": "in_memory_structure_and_configuration",
      "recipe_verification_seconds": 0.0,
      "identity_verification_seconds": 0.0,
      "identity_check_seconds": 0.0024923469754867256,
      "state_hash_seconds": 0.020067909033969045,
      "clone_seconds": 0.0,
      "restore_seconds": 0.0,
      "file_write_seconds": 6.0004007536917925e-05,
      "operation_seconds": 0.10819854598958045,
      "total_phase_seconds": 0.13092882500495762,
      "scope": "file writes include journal intent/add/flush; excludes this timing receipt and checkpoint writes",
      "mode": "stage4_sealed_cell",
      "banner": "sealed Stage 4; scientific admission also requires complete declared populations"
    },
    {
      "phase": "edit:265",
      "identity_check_kind": "in_memory_structure_and_configuration",
      "recipe_verification_seconds": 0.0,
      "identity_verification_seconds": 0.0,
      "identity_check_seconds": 0.0022088639670982957,
      "state_hash_seconds": 0.00045145495096221566,
      "clone_seconds": 0.0,
      "restore_seconds": 0.0,
      "file_write_seconds": 5.886203143745661e-05,
      "operation_seconds": 0.12792982801329345,
      "total_phase_seconds": 0.13072225003270432,
      "scope": "file writes include journal intent/add/flush; excludes this timing receipt and checkpoint writes",
      "mode": "stage4_sealed_cell",
      "banner": "sealed Stage 4; scientific admission also requires complete declared populations"
    },
    {
      "phase": "immediate:265",
      "identity_check_kind": "in_memory_structure_and_configuration",
      "recipe_verification_seconds": 0.0,
      "identity_verification_seconds": 0.0,
      "identity_check_seconds": 0.0021051140502095222,
      "state_hash_seconds": 0.021115164970979095,
      "clone_seconds": 0.0,
      "restore_seconds": 0.0,
      "file_write_seconds": 5.782995140179992e-05,
      "operation_seconds": 0.06969420902896672,
      "total_phase_seconds": 0.09306812100112438,
      "scope": "file writes include journal intent/add/flush; excludes this timing receipt and checkpoint writes",
      "mode": "stage4_sealed_cell",
      "banner": "sealed Stage 4; scientific admission also requires complete declared populations"
    },
    {
      "phase": "edit:266",
      "identity_check_kind": "in_memory_structure_and_configuration",
      "recipe_verification_seconds": 0.0,
      "identity_verification_seconds": 0.0,
      "identity_check_seconds": 0.0023216389818117023,
      "state_hash_seconds": 0.0004785270430147648,
      "clone_seconds": 0.0,
      "restore_seconds": 0.0,
      "file_write_seconds": 5.829299334436655e-05,
      "operation_seconds": 0.12468972901115194,
      "total_phase_seconds": 0.1276153849903494,
      "scope": "file writes include journal intent/add/flush; excludes this timing receipt and checkpoint writes",
      "mode": "stage4_sealed_cell",
      "banner": "sealed Stage 4; scientific admission also requires complete declared populations"
    },
    {
      "phase": "immediate:266",
      "identity_check_kind": "in_memory_structure_and_configuration",
      "recipe_verification_seconds": 0.0,
      "identity_verification_seconds": 0.0,
      "identity_check_seconds": 0.0021001650020480156,
      "state_hash_seconds": 0.020672254962846637,
      "clone_seconds": 0.0,
      "restore_seconds": 0.0,
      "file_write_seconds": 5.761097418144345e-05,
      "operation_seconds": 0.07804917899193242,
      "total_phase_seconds": 0.10097019403474405,
      "scope": "file writes include journal intent/add/flush; excludes this timing receipt and checkpoint writes",
      "mode": "stage4_sealed_cell",
      "banner": "sealed Stage 4; scientific admission also requires complete declared populations"
    },
    {
      "phase": "edit:267",
      "identity_check_kind": "in_memory_structure_and_configuration",
      "recipe_verification_seconds": 0.0,
      "identity_verification_seconds": 0.0,
      "identity_check_seconds": 0.002176281064748764,
      "state_hash_seconds": 0.0004971910384483635,
      "clone_seconds": 0.0,
      "restore_seconds": 0.0,
      "file_write_seconds": 5.927297752350569e-05,
      "operation_seconds": 0.0869056720403023,
      "total_phase_seconds": 0.08970525598851964,
      "scope": "file writes include journal intent/add/flush; excludes this timing receipt and checkpoint writes",
      "mode": "stage4_sealed_cell",
      "banner": "sealed Stage 4; scientific admission also requires complete declared populations"
    },
    {
      "phase": "immediate:267",
      "identity_check_kind": "in_memory_structure_and_configuration",
      "recipe_verification_seconds": 0.0,
      "identity_verification_seconds": 0.0,
      "identity_check_seconds": 0.002283536014147103,
      "state_hash_seconds": 0.02036001702072099,
      "clone_seconds": 0.0,
      "restore_seconds": 0.0,
      "file_write_seconds": 5.7489960454404354e-05,
      "operation_seconds": 0.07275492395274341,
      "total_phase_seconds": 0.09554365504300222,
      "scope": "file writes include journal intent/add/flush; excludes this timing receipt and checkpoint writes",
      "mode": "stage4_sealed_cell",
      "banner": "sealed Stage 4; scientific admission also requires complete declared populations"
    },
    {
      "phase": "edit:268",
      "identity_check_kind": "in_memory_structure_and_configuration",
      "recipe_verification_seconds": 0.0,
      "identity_verification_seconds": 0.0,
      "identity_check_seconds": 0.0021210249979048967,
      "state_hash_seconds": 0.00046799698611721396,
      "clone_seconds": 0.0,
      "restore_seconds": 0.0,
      "file_write_seconds": 6.184796802699566e-05,
      "operation_seconds": 0.08190534898312762,
      "total_phase_seconds": 0.08461856900248677,
      "scope": "file writes include journal intent/add/flush; excludes this timing receipt and checkpoint writes",
      "mode": "stage4_sealed_cell",
      "banner": "sealed Stage 4; scientific admission also requires complete declared populations"
    },
    {
      "phase": "immediate:268",
      "identity_check_kind": "in_memory_structure_and_configuration",
      "recipe_verification_seconds": 0.0,
      "identity_verification_seconds": 0.0,
      "identity_check_seconds": 0.0022015090216882527,
      "state_hash_seconds": 0.020744504930917174,
      "clone_seconds": 0.0,
      "restore_seconds": 0.0,
      "file_write_seconds": 5.8352015912532806e-05,
      "operation_seconds": 0.07404127897461876,
      "total_phase_seconds": 0.0971334510250017,
      "scope": "file writes include journal intent/add/flush; excludes this timing receipt and checkpoint writes",
      "mode": "stage4_sealed_cell",
      "banner": "sealed Stage 4; scientific admission also requires complete declared populations"
    },
    {
      "phase": "edit:269",
      "identity_check_kind": "in_memory_structure_and_configuration",
      "recipe_verification_seconds": 0.0,
      "identity_verification_seconds": 0.0,
      "identity_check_seconds": 0.002165359037462622,
      "state_hash_seconds": 0.0004599109524860978,
      "clone_seconds": 0.0,
      "restore_seconds": 0.0,
      "file_write_seconds": 5.871197208762169e-05,
      "operation_seconds": 0.08937257900834084,
      "total_phase_seconds": 0.09211919299559668,
      "scope": "file writes include journal intent/add/flush; excludes this timing receipt and checkpoint writes",
      "mode": "stage4_sealed_cell",
      "banner": "sealed Stage 4; scientific admission also requires complete declared populations"
    },
    {
      "phase": "immediate:269",
      "identity_check_kind": "in_memory_structure_and_configuration",
      "recipe_verification_seconds": 0.0,
      "identity_verification_seconds": 0.0,
      "identity_check_seconds": 0.00206209096359089,
      "state_hash_seconds": 0.02083186199888587,
      "clone_seconds": 0.0,
      "restore_seconds": 0.0,
      "file_write_seconds": 5.960301496088505e-05,
      "operation_seconds": 0.07560071698389947,
      "total_phase_seconds": 0.09864386596018448,
      "scope": "file writes include journal intent/add/flush; excludes this timing receipt and checkpoint writes",
      "mode": "stage4_sealed_cell",
      "banner": "sealed Stage 4; scientific admission also requires complete declared populations"
    },
    {
      "phase": "edit:270",
      "identity_check_kind": "in_memory_structure_and_configuration",
      "recipe_verification_seconds": 0.0,
      "identity_verification_seconds": 0.0,
      "identity_check_seconds": 0.0021138309966772795,
      "state_hash_seconds": 0.0004367980291135609,
      "clone_seconds": 0.0,
      "restore_seconds": 0.0,
      "file_write_seconds": 5.684798816218972e-05,
      "operation_seconds": 0.2268024529912509,
      "total_phase_seconds": 0.2294702649815008,
      "scope": "file writes include journal intent/add/flush; excludes this timing receipt and checkpoint writes",
      "mode": "stage4_sealed_cell",
      "banner": "sealed Stage 4; scientific admission also requires complete declared populations"
    },
    {
      "phase": "immediate:270",
      "identity_check_kind": "in_memory_structure_and_configuration",
      "recipe_verification_seconds": 0.0,
      "identity_verification_seconds": 0.0,
      "identity_check_seconds": 0.002191309060435742,
      "state_hash_seconds": 0.02003619505558163,
      "clone_seconds": 0.0,
      "restore_seconds": 0.0,
      "file_write_seconds": 5.809101276099682e-05,
      "operation_seconds": 0.10101066197967157,
      "total_phase_seconds": 0.12338168197311461,
      "scope": "file writes include journal intent/add/flush; excludes this timing receipt and checkpoint writes",
      "mode": "stage4_sealed_cell",
      "banner": "sealed Stage 4; scientific admission also requires complete declared populations"
    },
    {
      "phase": "edit:271",
      "identity_check_kind": "in_memory_structure_and_configuration",
      "recipe_verification_seconds": 0.0,
      "identity_verification_seconds": 0.0,
      "identity_check_seconds": 0.002080996986478567,
      "state_hash_seconds": 0.0004127419670112431,
      "clone_seconds": 0.0,
      "restore_seconds": 0.0,
      "file_write_seconds": 5.7789962738752365e-05,
      "operation_seconds": 0.09500893001677468,
      "total_phase_seconds": 0.09762188699096441,
      "scope": "file writes include journal intent/add/flush; excludes this timing receipt and checkpoint writes",
      "mode": "stage4_sealed_cell",
      "banner": "sealed Stage 4; scientific admission also requires complete declared populations"
    },
    {
      "phase": "immediate:271",
      "identity_check_kind": "in_memory_structure_and_configuration",
      "recipe_verification_seconds": 0.0,
      "identity_verification_seconds": 0.0,
      "identity_check_seconds": 0.0019224749994464219,
      "state_hash_seconds": 0.019620119070168585,
      "clone_seconds": 0.0,
      "restore_seconds": 0.0,
      "file_write_seconds": 5.839200457558036e-05,
      "operation_seconds": 0.07318688201485202,
      "total_phase_seconds": 0.09486022498458624,
      "scope": "file writes include journal intent/add/flush; excludes this timing receipt and checkpoint writes",
      "mode": "stage4_sealed_cell",
      "banner": "sealed Stage 4; scientific admission also requires complete declared populations"
    },
    {
      "phase": "edit:272",
      "identity_check_kind": "in_memory_structure_and_configuration",
      "recipe_verification_seconds": 0.0,
      "identity_verification_seconds": 0.0,
      "identity_check_seconds": 0.0022186319692991674,
      "state_hash_seconds": 0.0004449819098226726,
      "clone_seconds": 0.0,
      "restore_seconds": 0.0,
      "file_write_seconds": 5.850201705470681e-05,
      "operation_seconds": 0.16081983700860292,
      "total_phase_seconds": 0.16360627702670172,
      "scope": "file writes include journal intent/add/flush; excludes this timing receipt and checkpoint writes",
      "mode": "stage4_sealed_cell",
      "banner": "sealed Stage 4; scientific admission also requires complete declared populations"
    },
    {
      "phase": "immediate:272",
      "identity_check_kind": "in_memory_structure_and_configuration",
      "recipe_verification_seconds": 0.0,
      "identity_verification_seconds": 0.0,
      "identity_check_seconds": 0.002088142035063356,
      "state_hash_seconds": 0.020761205989401788,
      "clone_seconds": 0.0,
      "restore_seconds": 0.0,
      "file_write_seconds": 5.83709916099906e-05,
      "operation_seconds": 0.09719582099933177,
      "total_phase_seconds": 0.12020215898519382,
      "scope": "file writes include journal intent/add/flush; excludes this timing receipt and checkpoint writes",
      "mode": "stage4_sealed_cell",
      "banner": "sealed Stage 4; scientific admission also requires complete declared populations"
    },
    {
      "phase": "edit:273",
      "identity_check_kind": "in_memory_structure_and_configuration",
      "recipe_verification_seconds": 0.0,
      "identity_verification_seconds": 0.0,
      "identity_check_seconds": 0.002206658013164997,
      "state_hash_seconds": 0.00046895904233679175,
      "clone_seconds": 0.0,
      "restore_seconds": 0.0,
      "file_write_seconds": 5.896296352148056e-05,
      "operation_seconds": 0.140501520014368,
      "total_phase_seconds": 0.143302227021195,
      "scope": "file writes include journal intent/add/flush; excludes this timing receipt and checkpoint writes",
      "mode": "stage4_sealed_cell",
      "banner": "sealed Stage 4; scientific admission also requires complete declared populations"
    },
    {
      "phase": "immediate:273",
      "identity_check_kind": "in_memory_structure_and_configuration",
      "recipe_verification_seconds": 0.0,
      "identity_verification_seconds": 0.0,
      "identity_check_seconds": 0.0021568029769696295,
      "state_hash_seconds": 0.021050430077593774,
      "clone_seconds": 0.0,
      "restore_seconds": 0.0,
      "file_write_seconds": 5.732005229219794e-05,
      "operation_seconds": 0.0998264430090785,
      "total_phase_seconds": 0.12318859301740304,
      "scope": "file writes include journal intent/add/flush; excludes this timing receipt and checkpoint writes",
      "mode": "stage4_sealed_cell",
      "banner": "sealed Stage 4; scientific admission also requires complete declared populations"
    },
    {
      "phase": "edit:274",
      "identity_check_kind": "in_memory_structure_and_configuration",
      "recipe_verification_seconds": 0.0,
      "identity_verification_seconds": 0.0,
      "identity_check_seconds": 0.00223815900972113,
      "state_hash_seconds": 0.0005048070452176034,
      "clone_seconds": 0.0,
      "restore_seconds": 0.0,
      "file_write_seconds": 5.841196980327368e-05,
      "operation_seconds": 0.3416582570062019,
      "total_phase_seconds": 0.3445306409848854,
      "scope": "file writes include journal intent/add/flush; excludes this timing receipt and checkpoint writes",
      "mode": "stage4_sealed_cell",
      "banner": "sealed Stage 4; scientific admission also requires complete declared populations"
    },
    {
      "phase": "immediate:274",
      "identity_check_kind": "in_memory_structure_and_configuration",
      "recipe_verification_seconds": 0.0,
      "identity_verification_seconds": 0.0,
      "identity_check_seconds": 0.0021204130025580525,
      "state_hash_seconds": 0.021277604973874986,
      "clone_seconds": 0.0,
      "restore_seconds": 0.0,
      "file_write_seconds": 6.682804087176919e-05,
      "operation_seconds": 0.14704613195499405,
      "total_phase_seconds": 0.1706079849973321,
      "scope": "file writes include journal intent/add/flush; excludes this timing receipt and checkpoint writes",
      "mode": "stage4_sealed_cell",
      "banner": "sealed Stage 4; scientific admission also requires complete declared populations"
    },
    {
      "phase": "edit:275",
      "identity_check_kind": "in_memory_structure_and_configuration",
      "recipe_verification_seconds": 0.0,
      "identity_verification_seconds": 0.0,
      "identity_check_seconds": 0.002316268044523895,
      "state_hash_seconds": 0.0005080029368400574,
      "clone_seconds": 0.0,
      "restore_seconds": 0.0,
      "file_write_seconds": 5.906197475269437e-05,
      "operation_seconds": 0.1544039620202966,
      "total_phase_seconds": 0.15736016596201807,
      "scope": "file writes include journal intent/add/flush; excludes this timing receipt and checkpoint writes",
      "mode": "stage4_sealed_cell",
      "banner": "sealed Stage 4; scientific admission also requires complete declared populations"
    },
    {
      "phase": "immediate:275",
      "identity_check_kind": "in_memory_structure_and_configuration",
      "recipe_verification_seconds": 0.0,
      "identity_verification_seconds": 0.0,
      "identity_check_seconds": 0.002157394017558545,
      "state_hash_seconds": 0.021648605994414538,
      "clone_seconds": 0.0,
      "restore_seconds": 0.0,
      "file_write_seconds": 5.813100142404437e-05,
      "operation_seconds": 0.09894524404080585,
      "total_phase_seconds": 0.12290460802614689,
      "scope": "file writes include journal intent/add/flush; excludes this timing receipt and checkpoint writes",
      "mode": "stage4_sealed_cell",
      "banner": "sealed Stage 4; scientific admission also requires complete declared populations"
    },
    {
      "phase": "edit:276",
      "identity_check_kind": "in_memory_structure_and_configuration",
      "recipe_verification_seconds": 0.0,
      "identity_verification_seconds": 0.0,
      "identity_check_seconds": 0.0027178379823453724,
      "state_hash_seconds": 0.0005384419928304851,
      "clone_seconds": 0.0,
      "restore_seconds": 0.0,
      "file_write_seconds": 5.641800817102194e-05,
      "operation_seconds": 0.08913445199141279,
      "total_phase_seconds": 0.09251895901979879,
      "scope": "file writes include journal intent/add/flush; excludes this timing receipt and checkpoint writes",
      "mode": "stage4_sealed_cell",
      "banner": "sealed Stage 4; scientific admission also requires complete declared populations"
    },
    {
      "phase": "immediate:276",
      "identity_check_kind": "in_memory_structure_and_configuration",
      "recipe_verification_seconds": 0.0,
      "identity_verification_seconds": 0.0,
      "identity_check_seconds": 0.0019448769744485617,
      "state_hash_seconds": 0.021616225014440715,
      "clone_seconds": 0.0,
      "restore_seconds": 0.0,
      "file_write_seconds": 0.004730564949568361,
      "operation_seconds": 0.06613947701407596,
      "total_phase_seconds": 0.09451876097591594,
      "scope": "file writes include journal intent/add/flush; excludes this timing receipt and checkpoint writes",
      "mode": "stage4_sealed_cell",
      "banner": "sealed Stage 4; scientific admission also requires complete declared populations"
    },
    {
      "phase": "edit:277",
      "identity_check_kind": "in_memory_structure_and_configuration",
      "recipe_verification_seconds": 0.0,
      "identity_verification_seconds": 0.0,
      "identity_check_seconds": 0.0021698690252378583,
      "state_hash_seconds": 0.000537538027856499,
      "clone_seconds": 0.0,
      "restore_seconds": 0.0,
      "file_write_seconds": 0.001101420959457755,
      "operation_seconds": 0.2682336790021509,
      "total_phase_seconds": 0.2721119119669311,
      "scope": "file writes include journal intent/add/flush; excludes this timing receipt and checkpoint writes",
      "mode": "stage4_sealed_cell",
      "banner": "sealed Stage 4; scientific admission also requires complete declared populations"
    },
    {
      "phase": "immediate:277",
      "identity_check_kind": "in_memory_structure_and_configuration",
      "recipe_verification_seconds": 0.0,
      "identity_verification_seconds": 0.0,
      "identity_check_seconds": 0.0021238300250843167,
      "state_hash_seconds": 0.021397243021056056,
      "clone_seconds": 0.0,
      "restore_seconds": 0.0,
      "file_write_seconds": 6.647699046880007e-05,
      "operation_seconds": 0.12175242998637259,
      "total_phase_seconds": 0.14542750001419336,
      "scope": "file writes include journal intent/add/flush; excludes this timing receipt and checkpoint writes",
      "mode": "stage4_sealed_cell",
      "banner": "sealed Stage 4; scientific admission also requires complete declared populations"
    },
    {
      "phase": "edit:278",
      "identity_check_kind": "in_memory_structure_and_configuration",
      "recipe_verification_seconds": 0.0,
      "identity_verification_seconds": 0.0,
      "identity_check_seconds": 0.0021683149971067905,
      "state_hash_seconds": 0.0004877349128946662,
      "clone_seconds": 0.0,
      "restore_seconds": 0.0,
      "file_write_seconds": 5.862198304384947e-05,
      "operation_seconds": 0.16490434401202947,
      "total_phase_seconds": 0.1676878790021874,
      "scope": "file writes include journal intent/add/flush; excludes this timing receipt and checkpoint writes",
      "mode": "stage4_sealed_cell",
      "banner": "sealed Stage 4; scientific admission also requires complete declared populations"
    },
    {
      "phase": "immediate:278",
      "identity_check_kind": "in_memory_structure_and_configuration",
      "recipe_verification_seconds": 0.0,
      "identity_verification_seconds": 0.0,
      "identity_check_seconds": 0.0022546910331584513,
      "state_hash_seconds": 0.023098845034837723,
      "clone_seconds": 0.0,
      "restore_seconds": 0.0,
      "file_write_seconds": 6.037496495991945e-05,
      "operation_seconds": 0.07363489997806028,
      "total_phase_seconds": 0.09916479495586827,
      "scope": "file writes include journal intent/add/flush; excludes this timing receipt and checkpoint writes",
      "mode": "stage4_sealed_cell",
      "banner": "sealed Stage 4; scientific admission also requires complete declared populations"
    },
    {
      "phase": "edit:279",
      "identity_check_kind": "in_memory_structure_and_configuration",
      "recipe_verification_seconds": 0.0,
      "identity_verification_seconds": 0.0,
      "identity_check_seconds": 0.0023175409878604114,
      "state_hash_seconds": 0.000588025024626404,
      "clone_seconds": 0.0,
      "restore_seconds": 0.0,
      "file_write_seconds": 5.9162965044379234e-05,
      "operation_seconds": 0.0823186410125345,
      "total_phase_seconds": 0.08535509003559127,
      "scope": "file writes include journal intent/add/flush; excludes this timing receipt and checkpoint writes",
      "mode": "stage4_sealed_cell",
      "banner": "sealed Stage 4; scientific admission also requires complete declared populations"
    },
    {
      "phase": "immediate:279",
      "identity_check_kind": "in_memory_structure_and_configuration",
      "recipe_verification_seconds": 0.0,
      "identity_verification_seconds": 0.0,
      "identity_check_seconds": 0.0020066850120201707,
      "state_hash_seconds": 0.021628859103657305,
      "clone_seconds": 0.0,
      "restore_seconds": 0.0,
      "file_write_seconds": 5.861307727172971e-05,
      "operation_seconds": 0.07594693201826885,
      "total_phase_seconds": 0.0997312199906446,
      "scope": "file writes include journal intent/add/flush; excludes this timing receipt and checkpoint writes",
      "mode": "stage4_sealed_cell",
      "banner": "sealed Stage 4; scientific admission also requires complete declared populations"
    },
    {
      "phase": "edit:280",
      "identity_check_kind": "in_memory_structure_and_configuration",
      "recipe_verification_seconds": 0.0,
      "identity_verification_seconds": 0.0,
      "identity_check_seconds": 0.002151233027689159,
      "state_hash_seconds": 0.0004898190381936729,
      "clone_seconds": 0.0,
      "restore_seconds": 0.0,
      "file_write_seconds": 5.904299905523658e-05,
      "operation_seconds": 0.09166003298014402,
      "total_phase_seconds": 0.09442589298123494,
      "scope": "file writes include journal intent/add/flush; excludes this timing receipt and checkpoint writes",
      "mode": "stage4_sealed_cell",
      "banner": "sealed Stage 4; scientific admission also requires complete declared populations"
    },
    {
      "phase": "immediate:280",
      "identity_check_kind": "in_memory_structure_and_configuration",
      "recipe_verification_seconds": 0.0,
      "identity_verification_seconds": 0.0,
      "identity_check_seconds": 0.0023427499691024423,
      "state_hash_seconds": 0.02174964005826041,
      "clone_seconds": 0.0,
      "restore_seconds": 0.0,
      "file_write_seconds": 5.720899207517505e-05,
      "operation_seconds": 0.07303176401183009,
      "total_phase_seconds": 0.09727598499739543,
      "scope": "file writes include journal intent/add/flush; excludes this timing receipt and checkpoint writes",
      "mode": "stage4_sealed_cell",
      "banner": "sealed Stage 4; scientific admission also requires complete declared populations"
    },
    {
      "phase": "edit:281",
      "identity_check_kind": "in_memory_structure_and_configuration",
      "recipe_verification_seconds": 0.0,
      "identity_verification_seconds": 0.0,
      "identity_check_seconds": 0.002185878052841872,
      "state_hash_seconds": 0.0004890880663879216,
      "clone_seconds": 0.0,
      "restore_seconds": 0.0,
      "file_write_seconds": 5.958403926342726e-05,
      "operation_seconds": 0.14390363002894446,
      "total_phase_seconds": 0.14670164202107117,
      "scope": "file writes include journal intent/add/flush; excludes this timing receipt and checkpoint writes",
      "mode": "stage4_sealed_cell",
      "banner": "sealed Stage 4; scientific admission also requires complete declared populations"
    },
    {
      "phase": "immediate:281",
      "identity_check_kind": "in_memory_structure_and_configuration",
      "recipe_verification_seconds": 0.0,
      "identity_verification_seconds": 0.0,
      "identity_check_seconds": 0.0022688169847242534,
      "state_hash_seconds": 0.022079855029005557,
      "clone_seconds": 0.0,
      "restore_seconds": 0.0,
      "file_write_seconds": 5.841202801093459e-05,
      "operation_seconds": 0.0815462910104543,
      "total_phase_seconds": 0.1060576940071769,
      "scope": "file writes include journal intent/add/flush; excludes this timing receipt and checkpoint writes",
      "mode": "stage4_sealed_cell",
      "banner": "sealed Stage 4; scientific admission also requires complete declared populations"
    },
    {
      "phase": "edit:282",
      "identity_check_kind": "in_memory_structure_and_configuration",
      "recipe_verification_seconds": 0.0,
      "identity_verification_seconds": 0.0,
      "identity_check_seconds": 0.002647452987730503,
      "state_hash_seconds": 0.0005620879819616675,
      "clone_seconds": 0.0,
      "restore_seconds": 0.0,
      "file_write_seconds": 5.772104486823082e-05,
      "operation_seconds": 0.25991247402271256,
      "total_phase_seconds": 0.2632516320445575,
      "scope": "file writes include journal intent/add/flush; excludes this timing receipt and checkpoint writes",
      "mode": "stage4_sealed_cell",
      "banner": "sealed Stage 4; scientific admission also requires complete declared populations"
    },
    {
      "phase": "immediate:282",
      "identity_check_kind": "in_memory_structure_and_configuration",
      "recipe_verification_seconds": 0.0,
      "identity_verification_seconds": 0.0,
      "identity_check_seconds": 0.00247978197876364,
      "state_hash_seconds": 0.022356382047291845,
      "clone_seconds": 0.0,
      "restore_seconds": 0.0,
      "file_write_seconds": 7.058604387566447e-05,
      "operation_seconds": 0.11700864002341405,
      "total_phase_seconds": 0.14202147198375314,
      "scope": "file writes include journal intent/add/flush; excludes this timing receipt and checkpoint writes",
      "mode": "stage4_sealed_cell",
      "banner": "sealed Stage 4; scientific admission also requires complete declared populations"
    },
    {
      "phase": "edit:283",
      "identity_check_kind": "in_memory_structure_and_configuration",
      "recipe_verification_seconds": 0.0,
      "identity_verification_seconds": 0.0,
      "identity_check_seconds": 0.0022816620185039937,
      "state_hash_seconds": 0.000499686982948333,
      "clone_seconds": 0.0,
      "restore_seconds": 0.0,
      "file_write_seconds": 6.020505679771304e-05,
      "operation_seconds": 0.11243852198822424,
      "total_phase_seconds": 0.11534715601010248,
      "scope": "file writes include journal intent/add/flush; excludes this timing receipt and checkpoint writes",
      "mode": "stage4_sealed_cell",
      "banner": "sealed Stage 4; scientific admission also requires complete declared populations"
    },
    {
      "phase": "immediate:283",
      "identity_check_kind": "in_memory_structure_and_configuration",
      "recipe_verification_seconds": 0.0,
      "identity_verification_seconds": 0.0,
      "identity_check_seconds": 0.002166751946788281,
      "state_hash_seconds": 0.021593199984636158,
      "clone_seconds": 0.0,
      "restore_seconds": 0.0,
      "file_write_seconds": 5.768198752775788e-05,
      "operation_seconds": 0.07079571904614568,
      "total_phase_seconds": 0.09470491798128933,
      "scope": "file writes include journal intent/add/flush; excludes this timing receipt and checkpoint writes",
      "mode": "stage4_sealed_cell",
      "banner": "sealed Stage 4; scientific admission also requires complete declared populations"
    },
    {
      "phase": "edit:284",
      "identity_check_kind": "in_memory_structure_and_configuration",
      "recipe_verification_seconds": 0.0,
      "identity_verification_seconds": 0.0,
      "identity_check_seconds": 0.0021260850480757654,
      "state_hash_seconds": 0.00048438902013003826,
      "clone_seconds": 0.0,
      "restore_seconds": 0.0,
      "file_write_seconds": 6.156793097034097e-05,
      "operation_seconds": 0.1327173929894343,
      "total_phase_seconds": 0.13545164198148996,
      "scope": "file writes include journal intent/add/flush; excludes this timing receipt and checkpoint writes",
      "mode": "stage4_sealed_cell",
      "banner": "sealed Stage 4; scientific admission also requires complete declared populations"
    },
    {
      "phase": "immediate:284",
      "identity_check_kind": "in_memory_structure_and_configuration",
      "recipe_verification_seconds": 0.0,
      "identity_verification_seconds": 0.0,
      "identity_check_seconds": 0.0021663520019501448,
      "state_hash_seconds": 0.021634518925566226,
      "clone_seconds": 0.0,
      "restore_seconds": 0.0,
      "file_write_seconds": 5.786999827250838e-05,
      "operation_seconds": 0.08548131200950593,
      "total_phase_seconds": 0.10943105799378827,
      "scope": "file writes include journal intent/add/flush; excludes this timing receipt and checkpoint writes",
      "mode": "stage4_sealed_cell",
      "banner": "sealed Stage 4; scientific admission also requires complete declared populations"
    },
    {
      "phase": "edit:285",
      "identity_check_kind": "in_memory_structure_and_configuration",
      "recipe_verification_seconds": 0.0,
      "identity_verification_seconds": 0.0,
      "identity_check_seconds": 0.002443001954816282,
      "state_hash_seconds": 0.0005750030977651477,
      "clone_seconds": 0.0,
      "restore_seconds": 0.0,
      "file_write_seconds": 5.8752018958330154e-05,
      "operation_seconds": 0.12590361502952874,
      "total_phase_seconds": 0.12906181695871055,
      "scope": "file writes include journal intent/add/flush; excludes this timing receipt and checkpoint writes",
      "mode": "stage4_sealed_cell",
      "banner": "sealed Stage 4; scientific admission also requires complete declared populations"
    },
    {
      "phase": "immediate:285",
      "identity_check_kind": "in_memory_structure_and_configuration",
      "recipe_verification_seconds": 0.0,
      "identity_verification_seconds": 0.0,
      "identity_check_seconds": 0.0021584060159511864,
      "state_hash_seconds": 0.02358262293273583,
      "clone_seconds": 0.0,
      "restore_seconds": 0.0,
      "file_write_seconds": 0.00010268698679283261,
      "operation_seconds": 0.07788172800792381,
      "total_phase_seconds": 0.10385857900837436,
      "scope": "file writes include journal intent/add/flush; excludes this timing receipt and checkpoint writes",
      "mode": "stage4_sealed_cell",
      "banner": "sealed Stage 4; scientific admission also requires complete declared populations"
    },
    {
      "phase": "edit:286",
      "identity_check_kind": "in_memory_structure_and_configuration",
      "recipe_verification_seconds": 0.0,
      "identity_verification_seconds": 0.0,
      "identity_check_seconds": 0.0022119279601611197,
      "state_hash_seconds": 0.0005434820195659995,
      "clone_seconds": 0.0,
      "restore_seconds": 0.0,
      "file_write_seconds": 5.813303869217634e-05,
      "operation_seconds": 0.2235551300109364,
      "total_phase_seconds": 0.2264418019913137,
      "scope": "file writes include journal intent/add/flush; excludes this timing receipt and checkpoint writes",
      "mode": "stage4_sealed_cell",
      "banner": "sealed Stage 4; scientific admission also requires complete declared populations"
    },
    {
      "phase": "immediate:286",
      "identity_check_kind": "in_memory_structure_and_configuration",
      "recipe_verification_seconds": 0.0,
      "identity_verification_seconds": 0.0,
      "identity_check_seconds": 0.0021043629967607558,
      "state_hash_seconds": 0.02357173099881038,
      "clone_seconds": 0.0,
      "restore_seconds": 0.0,
      "file_write_seconds": 6.275001214817166e-05,
      "operation_seconds": 0.12257721100468189,
      "total_phase_seconds": 0.14842060598311946,
      "scope": "file writes include journal intent/add/flush; excludes this timing receipt and checkpoint writes",
      "mode": "stage4_sealed_cell",
      "banner": "sealed Stage 4; scientific admission also requires complete declared populations"
    },
    {
      "phase": "edit:287",
      "identity_check_kind": "in_memory_structure_and_configuration",
      "recipe_verification_seconds": 0.0,
      "identity_verification_seconds": 0.0,
      "identity_check_seconds": 0.0022490399423986673,
      "state_hash_seconds": 0.0005420080269686878,
      "clone_seconds": 0.0,
      "restore_seconds": 0.0,
      "file_write_seconds": 5.73699944652617e-05,
      "operation_seconds": 0.11912084696814418,
      "total_phase_seconds": 0.12204513099277392,
      "scope": "file writes include journal intent/add/flush; excludes this timing receipt and checkpoint writes",
      "mode": "stage4_sealed_cell",
      "banner": "sealed Stage 4; scientific admission also requires complete declared populations"
    },
    {
      "phase": "immediate:287",
      "identity_check_kind": "in_memory_structure_and_configuration",
      "recipe_verification_seconds": 0.0,
      "identity_verification_seconds": 0.0,
      "identity_check_seconds": 0.0020972799975425005,
      "state_hash_seconds": 0.022576213930733502,
      "clone_seconds": 0.0,
      "restore_seconds": 0.0,
      "file_write_seconds": 8.235801942646503e-05,
      "operation_seconds": 0.07420470099896193,
      "total_phase_seconds": 0.09905998397152871,
      "scope": "file writes include journal intent/add/flush; excludes this timing receipt and checkpoint writes",
      "mode": "stage4_sealed_cell",
      "banner": "sealed Stage 4; scientific admission also requires complete declared populations"
    },
    {
      "phase": "edit:288",
      "identity_check_kind": "in_memory_structure_and_configuration",
      "recipe_verification_seconds": 0.0,
      "identity_verification_seconds": 0.0,
      "identity_check_seconds": 0.002175417961552739,
      "state_hash_seconds": 0.0005085450829938054,
      "clone_seconds": 0.0,
      "restore_seconds": 0.0,
      "file_write_seconds": 5.8090954553335905e-05,
      "operation_seconds": 0.130493100034073,
      "total_phase_seconds": 0.1332972439704463,
      "scope": "file writes include journal intent/add/flush; excludes this timing receipt and checkpoint writes",
      "mode": "stage4_sealed_cell",
      "banner": "sealed Stage 4; scientific admission also requires complete declared populations"
    },
    {
      "phase": "immediate:288",
      "identity_check_kind": "in_memory_structure_and_configuration",
      "recipe_verification_seconds": 0.0,
      "identity_verification_seconds": 0.0,
      "identity_check_seconds": 0.0020849750144407153,
      "state_hash_seconds": 0.02263188094366342,
      "clone_seconds": 0.0,
      "restore_seconds": 0.0,
      "file_write_seconds": 7.3720992077142e-05,
      "operation_seconds": 0.0825787489884533,
      "total_phase_seconds": 0.10748182301176712,
      "scope": "file writes include journal intent/add/flush; excludes this timing receipt and checkpoint writes",
      "mode": "stage4_sealed_cell",
      "banner": "sealed Stage 4; scientific admission also requires complete declared populations"
    },
    {
      "phase": "edit:289",
      "identity_check_kind": "in_memory_structure_and_configuration",
      "recipe_verification_seconds": 0.0,
      "identity_verification_seconds": 0.0,
      "identity_check_seconds": 0.002270249999128282,
      "state_hash_seconds": 0.0005331219872459769,
      "clone_seconds": 0.0,
      "restore_seconds": 0.0,
      "file_write_seconds": 5.7590019423514605e-05,
      "operation_seconds": 0.19119499600492418,
      "total_phase_seconds": 0.19412342796567827,
      "scope": "file writes include journal intent/add/flush; excludes this timing receipt and checkpoint writes",
      "mode": "stage4_sealed_cell",
      "banner": "sealed Stage 4; scientific admission also requires complete declared populations"
    },
    {
      "phase": "immediate:289",
      "identity_check_kind": "in_memory_structure_and_configuration",
      "recipe_verification_seconds": 0.0,
      "identity_verification_seconds": 0.0,
      "identity_check_seconds": 0.002065528999082744,
      "state_hash_seconds": 0.022399595007300377,
      "clone_seconds": 0.0,
      "restore_seconds": 0.0,
      "file_write_seconds": 6.857200060039759e-05,
      "operation_seconds": 0.09792707301676273,
      "total_phase_seconds": 0.12255739298416302,
      "scope": "file writes include journal intent/add/flush; excludes this timing receipt and checkpoint writes",
      "mode": "stage4_sealed_cell",
      "banner": "sealed Stage 4; scientific admission also requires complete declared populations"
    },
    {
      "phase": "edit:290",
      "identity_check_kind": "in_memory_structure_and_configuration",
      "recipe_verification_seconds": 0.0,
      "identity_verification_seconds": 0.0,
      "identity_check_seconds": 0.0024984279880300164,
      "state_hash_seconds": 0.00047295790864154696,
      "clone_seconds": 0.0,
      "restore_seconds": 0.0,
      "file_write_seconds": 5.7719938922673464e-05,
      "operation_seconds": 0.08249949797755107,
      "total_phase_seconds": 0.08559720503399149,
      "scope": "file writes include journal intent/add/flush; excludes this timing receipt and checkpoint writes",
      "mode": "stage4_sealed_cell",
      "banner": "sealed Stage 4; scientific admission also requires complete declared populations"
    },
    {
      "phase": "immediate:290",
      "identity_check_kind": "in_memory_structure_and_configuration",
      "recipe_verification_seconds": 0.0,
      "identity_verification_seconds": 0.0,
      "identity_check_seconds": 0.0019368419889360666,
      "state_hash_seconds": 0.022243856044951826,
      "clone_seconds": 0.0,
      "restore_seconds": 0.0,
      "file_write_seconds": 5.626794882118702e-05,
      "operation_seconds": 0.07425757398596033,
      "total_phase_seconds": 0.098580845980905,
      "scope": "file writes include journal intent/add/flush; excludes this timing receipt and checkpoint writes",
      "mode": "stage4_sealed_cell",
      "banner": "sealed Stage 4; scientific admission also requires complete declared populations"
    },
    {
      "phase": "edit:291",
      "identity_check_kind": "in_memory_structure_and_configuration",
      "recipe_verification_seconds": 0.0,
      "identity_verification_seconds": 0.0,
      "identity_check_seconds": 0.0020358110195957124,
      "state_hash_seconds": 0.0004492499865591526,
      "clone_seconds": 0.0,
      "restore_seconds": 0.0,
      "file_write_seconds": 5.8581994380801916e-05,
      "operation_seconds": 0.07379638904239982,
      "total_phase_seconds": 0.07640143198659644,
      "scope": "file writes include journal intent/add/flush; excludes this timing receipt and checkpoint writes",
      "mode": "stage4_sealed_cell",
      "banner": "sealed Stage 4; scientific admission also requires complete declared populations"
    },
    {
      "phase": "immediate:291",
      "identity_check_kind": "in_memory_structure_and_configuration",
      "recipe_verification_seconds": 0.0,
      "identity_verification_seconds": 0.0,
      "identity_check_seconds": 0.0018911640509031713,
      "state_hash_seconds": 0.02113936998648569,
      "clone_seconds": 0.0,
      "restore_seconds": 0.0,
      "file_write_seconds": 5.755096208304167e-05,
      "operation_seconds": 0.06526950903935358,
      "total_phase_seconds": 0.08843131497269496,
      "scope": "file writes include journal intent/add/flush; excludes this timing receipt and checkpoint writes",
      "mode": "stage4_sealed_cell",
      "banner": "sealed Stage 4; scientific admission also requires complete declared populations"
    },
    {
      "phase": "edit:292",
      "identity_check_kind": "in_memory_structure_and_configuration",
      "recipe_verification_seconds": 0.0,
      "identity_verification_seconds": 0.0,
      "identity_check_seconds": 0.0019345680484548211,
      "state_hash_seconds": 0.00044363999040797353,
      "clone_seconds": 0.0,
      "restore_seconds": 0.0,
      "file_write_seconds": 5.80710475333035e-05,
      "operation_seconds": 0.13010631903307512,
      "total_phase_seconds": 0.1326023029978387,
      "scope": "file writes include journal intent/add/flush; excludes this timing receipt and checkpoint writes",
      "mode": "stage4_sealed_cell",
      "banner": "sealed Stage 4; scientific admission also requires complete declared populations"
    },
    {
      "phase": "immediate:292",
      "identity_check_kind": "in_memory_structure_and_configuration",
      "recipe_verification_seconds": 0.0,
      "identity_verification_seconds": 0.0,
      "identity_check_seconds": 0.0019880299805663526,
      "state_hash_seconds": 0.021289928001351655,
      "clone_seconds": 0.0,
      "restore_seconds": 0.0,
      "file_write_seconds": 0.015497909975238144,
      "operation_seconds": 0.08695266197901219,
      "total_phase_seconds": 0.12580342398723587,
      "scope": "file writes include journal intent/add/flush; excludes this timing receipt and checkpoint writes",
      "mode": "stage4_sealed_cell",
      "banner": "sealed Stage 4; scientific admission also requires complete declared populations"
    },
    {
      "phase": "edit:293",
      "identity_check_kind": "in_memory_structure_and_configuration",
      "recipe_verification_seconds": 0.0,
      "identity_verification_seconds": 0.0,
      "identity_check_seconds": 0.0019910559640266,
      "state_hash_seconds": 0.00044706702465191483,
      "clone_seconds": 0.0,
      "restore_seconds": 0.0,
      "file_write_seconds": 0.0011260980390943587,
      "operation_seconds": 0.16712442901916802,
      "total_phase_seconds": 0.1707479429896921,
      "scope": "file writes include journal intent/add/flush; excludes this timing receipt and checkpoint writes",
      "mode": "stage4_sealed_cell",
      "banner": "sealed Stage 4; scientific admission also requires complete declared populations"
    },
    {
      "phase": "immediate:293",
      "identity_check_kind": "in_memory_structure_and_configuration",
      "recipe_verification_seconds": 0.0,
      "identity_verification_seconds": 0.0,
      "identity_check_seconds": 0.0019182360265403986,
      "state_hash_seconds": 0.0216246519703418,
      "clone_seconds": 0.0,
      "restore_seconds": 0.0,
      "file_write_seconds": 5.82020147703588e-05,
      "operation_seconds": 0.0890903880354017,
      "total_phase_seconds": 0.1127728819847107,
      "scope": "file writes include journal intent/add/flush; excludes this timing receipt and checkpoint writes",
      "mode": "stage4_sealed_cell",
      "banner": "sealed Stage 4; scientific admission also requires complete declared populations"
    },
    {
      "phase": "edit:294",
      "identity_check_kind": "in_memory_structure_and_configuration",
      "recipe_verification_seconds": 0.0,
      "identity_verification_seconds": 0.0,
      "identity_check_seconds": 0.0029615949606522918,
      "state_hash_seconds": 0.0006139770848676562,
      "clone_seconds": 0.0,
      "restore_seconds": 0.0,
      "file_write_seconds": 5.804200191050768e-05,
      "operation_seconds": 0.10196835699025542,
      "total_phase_seconds": 0.10568427800899372,
      "scope": "file writes include journal intent/add/flush; excludes this timing receipt and checkpoint writes",
      "mode": "stage4_sealed_cell",
      "banner": "sealed Stage 4; scientific admission also requires complete declared populations"
    },
    {
      "phase": "immediate:294",
      "identity_check_kind": "in_memory_structure_and_configuration",
      "recipe_verification_seconds": 0.0,
      "identity_verification_seconds": 0.0,
      "identity_check_seconds": 0.002375722979195416,
      "state_hash_seconds": 0.022987882024608552,
      "clone_seconds": 0.0,
      "restore_seconds": 0.0,
      "file_write_seconds": 5.886302096769214e-05,
      "operation_seconds": 0.08778775297105312,
      "total_phase_seconds": 0.11331322800833732,
      "scope": "file writes include journal intent/add/flush; excludes this timing receipt and checkpoint writes",
      "mode": "stage4_sealed_cell",
      "banner": "sealed Stage 4; scientific admission also requires complete declared populations"
    },
    {
      "phase": "edit:295",
      "identity_check_kind": "in_memory_structure_and_configuration",
      "recipe_verification_seconds": 0.0,
      "identity_verification_seconds": 0.0,
      "identity_check_seconds": 0.0022879339521750808,
      "state_hash_seconds": 0.0005412379978224635,
      "clone_seconds": 0.0,
      "restore_seconds": 0.0,
      "file_write_seconds": 5.8331992477178574e-05,
      "operation_seconds": 0.2251636820146814,
      "total_phase_seconds": 0.22812900395365432,
      "scope": "file writes include journal intent/add/flush; excludes this timing receipt and checkpoint writes",
      "mode": "stage4_sealed_cell",
      "banner": "sealed Stage 4; scientific admission also requires complete declared populations"
    },
    {
      "phase": "immediate:295",
      "identity_check_kind": "in_memory_structure_and_configuration",
      "recipe_verification_seconds": 0.0,
      "identity_verification_seconds": 0.0,
      "identity_check_seconds": 0.0022163069806993008,
      "state_hash_seconds": 0.02225489792181179,
      "clone_seconds": 0.0,
      "restore_seconds": 0.0,
      "file_write_seconds": 5.952402716502547e-05,
      "operation_seconds": 0.1060018070274964,
      "total_phase_seconds": 0.13062310998793691,
      "scope": "file writes include journal intent/add/flush; excludes this timing receipt and checkpoint writes",
      "mode": "stage4_sealed_cell",
      "banner": "sealed Stage 4; scientific admission also requires complete declared populations"
    },
    {
      "phase": "edit:296",
      "identity_check_kind": "in_memory_structure_and_configuration",
      "recipe_verification_seconds": 0.0,
      "identity_verification_seconds": 0.0,
      "identity_check_seconds": 0.002383378043305129,
      "state_hash_seconds": 0.0005976350512355566,
      "clone_seconds": 0.0,
      "restore_seconds": 0.0,
      "file_write_seconds": 5.8383040595799685e-05,
      "operation_seconds": 0.17565631895558909,
      "total_phase_seconds": 0.17876449500909075,
      "scope": "file writes include journal intent/add/flush; excludes this timing receipt and checkpoint writes",
      "mode": "stage4_sealed_cell",
      "banner": "sealed Stage 4; scientific admission also requires complete declared populations"
    },
    {
      "phase": "immediate:296",
      "identity_check_kind": "in_memory_structure_and_configuration",
      "recipe_verification_seconds": 0.0,
      "identity_verification_seconds": 0.0,
      "identity_check_seconds": 0.002562751993536949,
      "state_hash_seconds": 0.023318437044508755,
      "clone_seconds": 0.0,
      "restore_seconds": 0.0,
      "file_write_seconds": 5.839299410581589e-05,
      "operation_seconds": 0.09756120096426457,
      "total_phase_seconds": 0.12360506999539211,
      "scope": "file writes include journal intent/add/flush; excludes this timing receipt and checkpoint writes",
      "mode": "stage4_sealed_cell",
      "banner": "sealed Stage 4; scientific admission also requires complete declared populations"
    },
    {
      "phase": "edit:297",
      "identity_check_kind": "in_memory_structure_and_configuration",
      "recipe_verification_seconds": 0.0,
      "identity_verification_seconds": 0.0,
      "identity_check_seconds": 0.0023281809990294278,
      "state_hash_seconds": 0.0005239250604063272,
      "clone_seconds": 0.0,
      "restore_seconds": 0.0,
      "file_write_seconds": 6.442295853048563e-05,
      "operation_seconds": 0.13149680400965735,
      "total_phase_seconds": 0.13448545202845708,
      "scope": "file writes include journal intent/add/flush; excludes this timing receipt and checkpoint writes",
      "mode": "stage4_sealed_cell",
      "banner": "sealed Stage 4; scientific admission also requires complete declared populations"
    },
    {
      "phase": "immediate:297",
      "identity_check_kind": "in_memory_structure_and_configuration",
      "recipe_verification_seconds": 0.0,
      "identity_verification_seconds": 0.0,
      "identity_check_seconds": 0.002147916005924344,
      "state_hash_seconds": 0.023188357008621097,
      "clone_seconds": 0.0,
      "restore_seconds": 0.0,
      "file_write_seconds": 5.959399277344346e-05,
      "operation_seconds": 0.07757240498904139,
      "total_phase_seconds": 0.10305965802399442,
      "scope": "file writes include journal intent/add/flush; excludes this timing receipt and checkpoint writes",
      "mode": "stage4_sealed_cell",
      "banner": "sealed Stage 4; scientific admission also requires complete declared populations"
    },
    {
      "phase": "edit:298",
      "identity_check_kind": "in_memory_structure_and_configuration",
      "recipe_verification_seconds": 0.0,
      "identity_verification_seconds": 0.0,
      "identity_check_seconds": 0.0022464749636128545,
      "state_hash_seconds": 0.0005350059946067631,
      "clone_seconds": 0.0,
      "restore_seconds": 0.0,
      "file_write_seconds": 5.962402792647481e-05,
      "operation_seconds": 0.2213479700149037,
      "total_phase_seconds": 0.22426292701857165,
      "scope": "file writes include journal intent/add/flush; excludes this timing receipt and checkpoint writes",
      "mode": "stage4_sealed_cell",
      "banner": "sealed Stage 4; scientific admission also requires complete declared populations"
    },
    {
      "phase": "immediate:298",
      "identity_check_kind": "in_memory_structure_and_configuration",
      "recipe_verification_seconds": 0.0,
      "identity_verification_seconds": 0.0,
      "identity_check_seconds": 0.002365572960115969,
      "state_hash_seconds": 0.0244029660243541,
      "clone_seconds": 0.0,
      "restore_seconds": 0.0,
      "file_write_seconds": 5.8470992371439934e-05,
      "operation_seconds": 0.12581261101877317,
      "total_phase_seconds": 0.15273791999788955,
      "scope": "file writes include journal intent/add/flush; excludes this timing receipt and checkpoint writes",
      "mode": "stage4_sealed_cell",
      "banner": "sealed Stage 4; scientific admission also requires complete declared populations"
    },
    {
      "phase": "edit:299",
      "identity_check_kind": "in_memory_structure_and_configuration",
      "recipe_verification_seconds": 0.0,
      "identity_verification_seconds": 0.0,
      "identity_check_seconds": 0.0022348329657688737,
      "state_hash_seconds": 0.0006275330088101327,
      "clone_seconds": 0.0,
      "restore_seconds": 0.0,
      "file_write_seconds": 5.788099952042103e-05,
      "operation_seconds": 0.1305024679750204,
      "total_phase_seconds": 0.13350371998967603,
      "scope": "file writes include journal intent/add/flush; excludes this timing receipt and checkpoint writes",
      "mode": "stage4_sealed_cell",
      "banner": "sealed Stage 4; scientific admission also requires complete declared populations"
    },
    {
      "phase": "immediate:299",
      "identity_check_kind": "in_memory_structure_and_configuration",
      "recipe_verification_seconds": 0.0,
      "identity_verification_seconds": 0.0,
      "identity_check_seconds": 0.0021814809879288077,
      "state_hash_seconds": 0.022846962965559214,
      "clone_seconds": 0.0,
      "restore_seconds": 0.0,
      "file_write_seconds": 5.8953999541699886e-05,
      "operation_seconds": 0.08478998695500195,
      "total_phase_seconds": 0.10996749700279906,
      "scope": "file writes include journal intent/add/flush; excludes this timing receipt and checkpoint writes",
      "mode": "stage4_sealed_cell",
      "banner": "sealed Stage 4; scientific admission also requires complete declared populations"
    },
    {
      "phase": "edit:300",
      "identity_check_kind": "in_memory_structure_and_configuration",
      "recipe_verification_seconds": 0.0,
      "identity_verification_seconds": 0.0,
      "identity_check_seconds": 0.002256853971630335,
      "state_hash_seconds": 0.0005580379511229694,
      "clone_seconds": 0.0,
      "restore_seconds": 0.0,
      "file_write_seconds": 5.874200724065304e-05,
      "operation_seconds": 0.090366352989804,
      "total_phase_seconds": 0.09331643703626469,
      "scope": "file writes include journal intent/add/flush; excludes this timing receipt and checkpoint writes",
      "mode": "stage4_sealed_cell",
      "banner": "sealed Stage 4; scientific admission also requires complete declared populations"
    },
    {
      "phase": "immediate:300",
      "identity_check_kind": "in_memory_structure_and_configuration",
      "recipe_verification_seconds": 0.0,
      "identity_verification_seconds": 0.0,
      "identity_check_seconds": 0.002098832977935672,
      "state_hash_seconds": 0.023176183982286602,
      "clone_seconds": 0.0,
      "restore_seconds": 0.0,
      "file_write_seconds": 5.81419444642961e-05,
      "operation_seconds": 0.07784678199095652,
      "total_phase_seconds": 0.10326877899933606,
      "scope": "file writes include journal intent/add/flush; excludes this timing receipt and checkpoint writes",
      "mode": "stage4_sealed_cell",
      "banner": "sealed Stage 4; scientific admission also requires complete declared populations"
    },
    {
      "phase": "retention:300",
      "identity_check_kind": "in_memory_structure_and_configuration",
      "recipe_verification_seconds": 0.0,
      "identity_verification_seconds": 0.0,
      "identity_check_seconds": 0.002185127988923341,
      "state_hash_seconds": 0.023155764036346227,
      "clone_seconds": 0.0,
      "restore_seconds": 0.0,
      "file_write_seconds": 0.0070180699694901705,
      "operation_seconds": 28.559484740020707,
      "total_phase_seconds": 28.59785370802274,
      "scope": "file writes include journal intent/add/flush; excludes this timing receipt and checkpoint writes",
      "mode": "stage4_sealed_cell",
      "banner": "sealed Stage 4; scientific admission also requires complete declared populations"
    },
    {
      "phase": "locality:300",
      "identity_check_kind": "in_memory_structure_and_configuration",
      "recipe_verification_seconds": 0.0,
      "identity_verification_seconds": 0.0,
      "identity_check_seconds": 0.0026727819931693375,
      "state_hash_seconds": 0.023902865999843925,
      "clone_seconds": 0.0,
      "restore_seconds": 0.0,
      "file_write_seconds": 0.000935032032430172,
      "operation_seconds": 8.076242624956649,
      "total_phase_seconds": 8.105062664020807,
      "scope": "file writes include journal intent/add/flush; excludes this timing receipt and checkpoint writes",
      "mode": "stage4_sealed_cell",
      "banner": "sealed Stage 4; scientific admission also requires complete declared populations"
    },
    {
      "phase": "unseen:300",
      "identity_check_kind": "in_memory_structure_and_configuration",
      "recipe_verification_seconds": 0.0,
      "identity_verification_seconds": 0.0,
      "identity_check_seconds": 0.0022214779746718705,
      "state_hash_seconds": 0.023050010961014777,
      "clone_seconds": 0.0,
      "restore_seconds": 0.0,
      "file_write_seconds": 0.0020806179963983595,
      "operation_seconds": 63.603171711962204,
      "total_phase_seconds": 63.63255232502706,
      "scope": "file writes include journal intent/add/flush; excludes this timing receipt and checkpoint writes",
      "mode": "stage4_sealed_cell",
      "banner": "sealed Stage 4; scientific admission also requires complete declared populations"
    },
    {
      "phase": "near_miss:300",
      "identity_check_kind": "in_memory_structure_and_configuration",
      "recipe_verification_seconds": 0.0,
      "identity_verification_seconds": 0.0,
      "identity_check_seconds": 0.002136825060006231,
      "state_hash_seconds": 0.02797053102403879,
      "clone_seconds": 0.0011889080051332712,
      "restore_seconds": 0.0170631289947778,
      "file_write_seconds": 0.004963571031112224,
      "operation_seconds": 80.80176983296406,
      "total_phase_seconds": 80.8592358379974,
      "scope": "file writes include journal intent/add/flush; excludes this timing receipt and checkpoint writes",
      "mode": "stage4_sealed_cell",
      "banner": "sealed Stage 4; scientific admission also requires complete declared populations"
    },
    {
      "phase": "revision:300",
      "identity_check_kind": "in_memory_structure_and_configuration",
      "recipe_verification_seconds": 0.0,
      "identity_verification_seconds": 0.0,
      "identity_check_seconds": 0.0022199349477887154,
      "state_hash_seconds": 0.028583404957316816,
      "clone_seconds": 0.001211350958328694,
      "restore_seconds": 0.01877497899113223,
      "file_write_seconds": 0.0034526779782027006,
      "operation_seconds": 43.86178919998929,
      "total_phase_seconds": 43.91873773402767,
      "scope": "file writes include journal intent/add/flush; excludes this timing receipt and checkpoint writes",
      "mode": "stage4_sealed_cell",
      "banner": "sealed Stage 4; scientific admission also requires complete declared populations"
    },
    {
      "phase": "composition:300",
      "identity_check_kind": "in_memory_structure_and_configuration",
      "recipe_verification_seconds": 0.0,
      "identity_verification_seconds": 0.0,
      "identity_check_seconds": 0.0023016109480522573,
      "state_hash_seconds": 0.028541043982841074,
      "clone_seconds": 0.0013256900128908455,
      "restore_seconds": 0.01742653496330604,
      "file_write_seconds": 0.0071782159502618015,
      "operation_seconds": 56.26057797501562,
      "total_phase_seconds": 56.32357409602264,
      "scope": "file writes include journal intent/add/flush; excludes this timing receipt and checkpoint writes",
      "mode": "stage4_sealed_cell",
      "banner": "sealed Stage 4; scientific admission also requires complete declared populations"
    },
    {
      "phase": "drift:300",
      "identity_check_kind": "in_memory_structure_and_configuration",
      "recipe_verification_seconds": 0.0,
      "identity_verification_seconds": 0.0,
      "identity_check_seconds": 0.002597767917905003,
      "state_hash_seconds": 0.024450274067930877,
      "clone_seconds": 0.0,
      "restore_seconds": 0.0,
      "file_write_seconds": 0.22593749297084287,
      "operation_seconds": 88.33010004099924,
      "total_phase_seconds": 88.67022158700274,
      "scope": "file writes include journal intent/add/flush; excludes this timing receipt and checkpoint writes",
      "mode": "stage4_sealed_cell",
      "banner": "sealed Stage 4; scientific admission also requires complete declared populations"
    },
    {
      "phase": "full_validation:300",
      "identity_check_kind": "in_memory_structure_and_configuration",
      "recipe_verification_seconds": 0.0,
      "identity_verification_seconds": 0.0,
      "identity_check_seconds": 0.002239641034975648,
      "state_hash_seconds": 0.024123008945025504,
      "clone_seconds": 0.0,
      "restore_seconds": 0.0,
      "file_write_seconds": 6.206805119290948e-05,
      "operation_seconds": 1517.4571423750021,
      "total_phase_seconds": 1517.4869390259846,
      "scope": "file writes include journal intent/add/flush; excludes this timing receipt and checkpoint writes",
      "mode": "stage4_sealed_cell",
      "banner": "sealed Stage 4; scientific admission also requires complete declared populations"
    }
  ],
  "boundary_identity_checks": [
    {
      "boundary": "attempt_start",
      "kind": "full_recipe_and_adapter_rehash",
      "seconds": 1.1679263149853796
    },
    {
      "boundary": "checkpoint:100",
      "kind": "full_recipe_and_adapter_rehash",
      "seconds": 1.0902728540240787
    },
    {
      "boundary": "checkpoint:300",
      "kind": "full_recipe_and_adapter_rehash",
      "seconds": 1.126837938965764
    },
    {
      "boundary": "completion",
      "kind": "full_recipe_and_adapter_rehash",
      "seconds": 1.111693978018593
    }
  ],
  "boundary_identity_seconds": 4.496731085993815,
  "identity_policy": "full rehash at attempt start, resume after restore, every checkpoint before receipt, and completion; cheap immutable memory check each phase",
  "mode": "stage4_sealed_cell"
}
