{
  "status": "complete",
  "completed_checkpoint": 300,
  "cell": {
    "condition": "R1_nonlearned",
    "dataset": "mquake",
    "order": 104,
    "realization": 0
  },
  "run_dir": "/home/derp/cap/pc_cap/results/R1/stage4_sealed_cells/R1_nonlearned-mquake-0-104-15d5c10c812a758f12fc",
  "attempt_dir": "/home/derp/cap/pc_cap/results/R1/stage4_sealed_cells/R1_nonlearned-mquake-0-104-15d5c10c812a758f12fc/attempt-0000",
  "last_receipt_sha256": "7580f29dca59636b6b6554d0ced31c967fd0885e5a9ae0fcc2a0649a6d340f34",
  "banner": "sealed Stage 4; scientific admission also requires complete declared populations",
  "manifest_sha256": "8a42425b083db73a39da9cab7c621228817440baef3164395c5eb54832d22012",
  "integrity_profile": "incremental",
  "phase_timer_summary": {
    "edit": {
      "count": 300,
      "errors": 0,
      "wall_seconds": 52.39397309272317,
      "operation_seconds": 51.61312133265892
    },
    "immediate": {
      "count": 300,
      "errors": 0,
      "wall_seconds": 20.744934657705016,
      "operation_seconds": 16.48732712806668
    },
    "retention": {
      "count": 2,
      "errors": 0,
      "wall_seconds": 29.07243020401802,
      "operation_seconds": 29.02489177096868
    },
    "locality": {
      "count": 2,
      "errors": 0,
      "wall_seconds": 12.339445021993015,
      "operation_seconds": 12.300443680025637
    },
    "unseen": {
      "count": 2,
      "errors": 0,
      "wall_seconds": 118.8566546299844,
      "operation_seconds": 118.81738099700306
    },
    "drift": {
      "count": 2,
      "errors": 0,
      "wall_seconds": 118.72116853197804,
      "operation_seconds": 118.37492663104786
    },
    "near_miss": {
      "count": 1,
      "errors": 0,
      "wall_seconds": 84.75122039701091,
      "operation_seconds": 84.69544002099428
    },
    "revision": {
      "count": 1,
      "errors": 0,
      "wall_seconds": 48.13603090599645,
      "operation_seconds": 48.0837348709465
    },
    "composition": {
      "count": 1,
      "errors": 0,
      "wall_seconds": 56.54702002595877,
      "operation_seconds": 56.49143011402339
    },
    "full_validation": {
      "count": 1,
      "errors": 0,
      "wall_seconds": 797.0945594660006,
      "operation_seconds": 797.0656969169504
    }
  },
  "phase_timer_scope": "this attempt, verification/clone/operation/restore; excludes phase-file writes and admission/resume",
  "attempt_wall_seconds": 1346.8796355339582,
  "prior_attempt_timer_summary": {},
  "detailed_phase_timers": [
    {
      "phase": "edit:1",
      "identity_check_kind": "in_memory_structure_and_configuration",
      "recipe_verification_seconds": 0.0,
      "identity_verification_seconds": 0.0,
      "identity_check_seconds": 0.0024029979831539094,
      "state_hash_seconds": 7.089501013979316e-05,
      "clone_seconds": 0.0,
      "restore_seconds": 0.0,
      "file_write_seconds": 0.001308059028815478,
      "operation_seconds": 4.292397853045259,
      "total_phase_seconds": 4.296271370956674,
      "scope": "file writes include journal intent/add/flush; excludes this timing receipt and checkpoint writes",
      "mode": "stage4_sealed_cell",
      "banner": "sealed Stage 4; scientific admission also requires complete declared populations"
    },
    {
      "phase": "immediate:1",
      "identity_check_kind": "in_memory_structure_and_configuration",
      "recipe_verification_seconds": 0.0,
      "identity_verification_seconds": 0.0,
      "identity_check_seconds": 0.002123582933563739,
      "state_hash_seconds": 0.0002990539651364088,
      "clone_seconds": 0.0,
      "restore_seconds": 0.0,
      "file_write_seconds": 6.48040440864861e-05,
      "operation_seconds": 0.47974056500243023,
      "total_phase_seconds": 0.48231433099135756,
      "scope": "file writes include journal intent/add/flush; excludes this timing receipt and checkpoint writes",
      "mode": "stage4_sealed_cell",
      "banner": "sealed Stage 4; scientific admission also requires complete declared populations"
    },
    {
      "phase": "edit:2",
      "identity_check_kind": "in_memory_structure_and_configuration",
      "recipe_verification_seconds": 0.0,
      "identity_verification_seconds": 0.0,
      "identity_check_seconds": 0.0024059429997578263,
      "state_hash_seconds": 5.268305540084839e-05,
      "clone_seconds": 0.0,
      "restore_seconds": 0.0,
      "file_write_seconds": 6.33310410194099e-05,
      "operation_seconds": 0.2903524050489068,
      "total_phase_seconds": 0.2929462289903313,
      "scope": "file writes include journal intent/add/flush; excludes this timing receipt and checkpoint writes",
      "mode": "stage4_sealed_cell",
      "banner": "sealed Stage 4; scientific admission also requires complete declared populations"
    },
    {
      "phase": "immediate:2",
      "identity_check_kind": "in_memory_structure_and_configuration",
      "recipe_verification_seconds": 0.0,
      "identity_verification_seconds": 0.0,
      "identity_check_seconds": 0.0024960770388133824,
      "state_hash_seconds": 0.0005426510469987988,
      "clone_seconds": 0.0,
      "restore_seconds": 0.0,
      "file_write_seconds": 6.519496673718095e-05,
      "operation_seconds": 0.02923983201617375,
      "total_phase_seconds": 0.03245070896809921,
      "scope": "file writes include journal intent/add/flush; excludes this timing receipt and checkpoint writes",
      "mode": "stage4_sealed_cell",
      "banner": "sealed Stage 4; scientific admission also requires complete declared populations"
    },
    {
      "phase": "edit:3",
      "identity_check_kind": "in_memory_structure_and_configuration",
      "recipe_verification_seconds": 0.0,
      "identity_verification_seconds": 0.0,
      "identity_check_seconds": 0.0024070460349321365,
      "state_hash_seconds": 6.813101936131716e-05,
      "clone_seconds": 0.0,
      "restore_seconds": 0.0,
      "file_write_seconds": 5.9302954468876123e-05,
      "operation_seconds": 0.12643908598693088,
      "total_phase_seconds": 0.12903812096919864,
      "scope": "file writes include journal intent/add/flush; excludes this timing receipt and checkpoint writes",
      "mode": "stage4_sealed_cell",
      "banner": "sealed Stage 4; scientific admission also requires complete declared populations"
    },
    {
      "phase": "immediate:3",
      "identity_check_kind": "in_memory_structure_and_configuration",
      "recipe_verification_seconds": 0.0,
      "identity_verification_seconds": 0.0,
      "identity_check_seconds": 0.003363590920343995,
      "state_hash_seconds": 0.0006875890539959073,
      "clone_seconds": 0.0,
      "restore_seconds": 0.0,
      "file_write_seconds": 6.13679876551032e-05,
      "operation_seconds": 0.026576274016406387,
      "total_phase_seconds": 0.030794392980169505,
      "scope": "file writes include journal intent/add/flush; excludes this timing receipt and checkpoint writes",
      "mode": "stage4_sealed_cell",
      "banner": "sealed Stage 4; scientific admission also requires complete declared populations"
    },
    {
      "phase": "edit:4",
      "identity_check_kind": "in_memory_structure_and_configuration",
      "recipe_verification_seconds": 0.0,
      "identity_verification_seconds": 0.0,
      "identity_check_seconds": 0.001916214998345822,
      "state_hash_seconds": 7.380201714113355e-05,
      "clone_seconds": 0.0,
      "restore_seconds": 0.0,
      "file_write_seconds": 5.883199628442526e-05,
      "operation_seconds": 2.67656585999066,
      "total_phase_seconds": 2.6786779609974474,
      "scope": "file writes include journal intent/add/flush; excludes this timing receipt and checkpoint writes",
      "mode": "stage4_sealed_cell",
      "banner": "sealed Stage 4; scientific admission also requires complete declared populations"
    },
    {
      "phase": "immediate:4",
      "identity_check_kind": "in_memory_structure_and_configuration",
      "recipe_verification_seconds": 0.0,
      "identity_verification_seconds": 0.0,
      "identity_check_seconds": 0.002010985976085067,
      "state_hash_seconds": 0.00063619005959481,
      "clone_seconds": 0.0,
      "restore_seconds": 0.0,
      "file_write_seconds": 5.878298543393612e-05,
      "operation_seconds": 0.4220877369516529,
      "total_phase_seconds": 0.4248768760007806,
      "scope": "file writes include journal intent/add/flush; excludes this timing receipt and checkpoint writes",
      "mode": "stage4_sealed_cell",
      "banner": "sealed Stage 4; scientific admission also requires complete declared populations"
    },
    {
      "phase": "edit:5",
      "identity_check_kind": "in_memory_structure_and_configuration",
      "recipe_verification_seconds": 0.0,
      "identity_verification_seconds": 0.0,
      "identity_check_seconds": 0.0021498019923456013,
      "state_hash_seconds": 6.081606261432171e-05,
      "clone_seconds": 0.0,
      "restore_seconds": 0.0,
      "file_write_seconds": 6.744900019839406e-05,
      "operation_seconds": 0.095242842042353,
      "total_phase_seconds": 0.09758630598662421,
      "scope": "file writes include journal intent/add/flush; excludes this timing receipt and checkpoint writes",
      "mode": "stage4_sealed_cell",
      "banner": "sealed Stage 4; scientific admission also requires complete declared populations"
    },
    {
      "phase": "immediate:5",
      "identity_check_kind": "in_memory_structure_and_configuration",
      "recipe_verification_seconds": 0.0,
      "identity_verification_seconds": 0.0,
      "identity_check_seconds": 0.0018978690495714545,
      "state_hash_seconds": 0.0006683020037598908,
      "clone_seconds": 0.0,
      "restore_seconds": 0.0,
      "file_write_seconds": 5.791999865323305e-05,
      "operation_seconds": 0.028328693995717913,
      "total_phase_seconds": 0.03103735897457227,
      "scope": "file writes include journal intent/add/flush; excludes this timing receipt and checkpoint writes",
      "mode": "stage4_sealed_cell",
      "banner": "sealed Stage 4; scientific admission also requires complete declared populations"
    },
    {
      "phase": "edit:6",
      "identity_check_kind": "in_memory_structure_and_configuration",
      "recipe_verification_seconds": 0.0,
      "identity_verification_seconds": 0.0,
      "identity_check_seconds": 0.0019167959108017385,
      "state_hash_seconds": 5.610613152384758e-05,
      "clone_seconds": 0.0,
      "restore_seconds": 0.0,
      "file_write_seconds": 6.514595588669181e-05,
      "operation_seconds": 0.09447056095814332,
      "total_phase_seconds": 0.09657013800460845,
      "scope": "file writes include journal intent/add/flush; excludes this timing receipt and checkpoint writes",
      "mode": "stage4_sealed_cell",
      "banner": "sealed Stage 4; scientific admission also requires complete declared populations"
    },
    {
      "phase": "immediate:6",
      "identity_check_kind": "in_memory_structure_and_configuration",
      "recipe_verification_seconds": 0.0,
      "identity_verification_seconds": 0.0,
      "identity_check_seconds": 0.0019928720430471003,
      "state_hash_seconds": 0.0007138189976103604,
      "clone_seconds": 0.0,
      "restore_seconds": 0.0,
      "file_write_seconds": 5.753000732511282e-05,
      "operation_seconds": 0.020788395020645112,
      "total_phase_seconds": 0.023622931039426476,
      "scope": "file writes include journal intent/add/flush; excludes this timing receipt and checkpoint writes",
      "mode": "stage4_sealed_cell",
      "banner": "sealed Stage 4; scientific admission also requires complete declared populations"
    },
    {
      "phase": "edit:7",
      "identity_check_kind": "in_memory_structure_and_configuration",
      "recipe_verification_seconds": 0.0,
      "identity_verification_seconds": 0.0,
      "identity_check_seconds": 0.0019200120586901903,
      "state_hash_seconds": 7.464207010343671e-05,
      "clone_seconds": 0.0,
      "restore_seconds": 0.0,
      "file_write_seconds": 5.906401202082634e-05,
      "operation_seconds": 0.2873944629682228,
      "total_phase_seconds": 0.28952215297613293,
      "scope": "file writes include journal intent/add/flush; excludes this timing receipt and checkpoint writes",
      "mode": "stage4_sealed_cell",
      "banner": "sealed Stage 4; scientific admission also requires complete declared populations"
    },
    {
      "phase": "immediate:7",
      "identity_check_kind": "in_memory_structure_and_configuration",
      "recipe_verification_seconds": 0.0,
      "identity_verification_seconds": 0.0,
      "identity_check_seconds": 0.0021245440002530813,
      "state_hash_seconds": 0.000863053894136101,
      "clone_seconds": 0.0,
      "restore_seconds": 0.0,
      "file_write_seconds": 5.963497096672654e-05,
      "operation_seconds": 0.03059479995863512,
      "total_phase_seconds": 0.03372626501368359,
      "scope": "file writes include journal intent/add/flush; excludes this timing receipt and checkpoint writes",
      "mode": "stage4_sealed_cell",
      "banner": "sealed Stage 4; scientific admission also requires complete declared populations"
    },
    {
      "phase": "edit:8",
      "identity_check_kind": "in_memory_structure_and_configuration",
      "recipe_verification_seconds": 0.0,
      "identity_verification_seconds": 0.0,
      "identity_check_seconds": 0.0023150190245360136,
      "state_hash_seconds": 8.907006122171879e-05,
      "clone_seconds": 0.0,
      "restore_seconds": 0.0,
      "file_write_seconds": 6.18490157648921e-05,
      "operation_seconds": 0.1677811960107647,
      "total_phase_seconds": 0.17033005296252668,
      "scope": "file writes include journal intent/add/flush; excludes this timing receipt and checkpoint writes",
      "mode": "stage4_sealed_cell",
      "banner": "sealed Stage 4; scientific admission also requires complete declared populations"
    },
    {
      "phase": "immediate:8",
      "identity_check_kind": "in_memory_structure_and_configuration",
      "recipe_verification_seconds": 0.0,
      "identity_verification_seconds": 0.0,
      "identity_check_seconds": 0.0024518119753338397,
      "state_hash_seconds": 0.0011838810751214623,
      "clone_seconds": 0.0,
      "restore_seconds": 0.0,
      "file_write_seconds": 5.883199628442526e-05,
      "operation_seconds": 0.021683721977751702,
      "total_phase_seconds": 0.025472027016803622,
      "scope": "file writes include journal intent/add/flush; excludes this timing receipt and checkpoint writes",
      "mode": "stage4_sealed_cell",
      "banner": "sealed Stage 4; scientific admission also requires complete declared populations"
    },
    {
      "phase": "edit:9",
      "identity_check_kind": "in_memory_structure_and_configuration",
      "recipe_verification_seconds": 0.0,
      "identity_verification_seconds": 0.0,
      "identity_check_seconds": 0.001920362061355263,
      "state_hash_seconds": 6.175896851345897e-05,
      "clone_seconds": 0.0,
      "restore_seconds": 0.0,
      "file_write_seconds": 5.8470992371439934e-05,
      "operation_seconds": 0.09141582396114245,
      "total_phase_seconds": 0.09351363696623594,
      "scope": "file writes include journal intent/add/flush; excludes this timing receipt and checkpoint writes",
      "mode": "stage4_sealed_cell",
      "banner": "sealed Stage 4; scientific admission also requires complete declared populations"
    },
    {
      "phase": "immediate:9",
      "identity_check_kind": "in_memory_structure_and_configuration",
      "recipe_verification_seconds": 0.0,
      "identity_verification_seconds": 0.0,
      "identity_check_seconds": 0.00213655800325796,
      "state_hash_seconds": 0.0011710060643963516,
      "clone_seconds": 0.0,
      "restore_seconds": 0.0,
      "file_write_seconds": 5.667895311489701e-05,
      "operation_seconds": 0.024010003020521253,
      "total_phase_seconds": 0.027450359950307757,
      "scope": "file writes include journal intent/add/flush; excludes this timing receipt and checkpoint writes",
      "mode": "stage4_sealed_cell",
      "banner": "sealed Stage 4; scientific admission also requires complete declared populations"
    },
    {
      "phase": "edit:10",
      "identity_check_kind": "in_memory_structure_and_configuration",
      "recipe_verification_seconds": 0.0,
      "identity_verification_seconds": 0.0,
      "identity_check_seconds": 0.0019443390192463994,
      "state_hash_seconds": 6.752909393981099e-05,
      "clone_seconds": 0.0,
      "restore_seconds": 0.0,
      "file_write_seconds": 5.866301944479346e-05,
      "operation_seconds": 0.08553273195866495,
      "total_phase_seconds": 0.08766972000012174,
      "scope": "file writes include journal intent/add/flush; excludes this timing receipt and checkpoint writes",
      "mode": "stage4_sealed_cell",
      "banner": "sealed Stage 4; scientific admission also requires complete declared populations"
    },
    {
      "phase": "immediate:10",
      "identity_check_kind": "in_memory_structure_and_configuration",
      "recipe_verification_seconds": 0.0,
      "identity_verification_seconds": 0.0,
      "identity_check_seconds": 0.0019801059970632195,
      "state_hash_seconds": 0.0010033929720520973,
      "clone_seconds": 0.0,
      "restore_seconds": 0.0,
      "file_write_seconds": 6.276002386584878e-05,
      "operation_seconds": 0.024639128998387605,
      "total_phase_seconds": 0.027763149002566934,
      "scope": "file writes include journal intent/add/flush; excludes this timing receipt and checkpoint writes",
      "mode": "stage4_sealed_cell",
      "banner": "sealed Stage 4; scientific admission also requires complete declared populations"
    },
    {
      "phase": "edit:11",
      "identity_check_kind": "in_memory_structure_and_configuration",
      "recipe_verification_seconds": 0.0,
      "identity_verification_seconds": 0.0,
      "identity_check_seconds": 0.0020180600113235414,
      "state_hash_seconds": 7.239903789013624e-05,
      "clone_seconds": 0.0,
      "restore_seconds": 0.0,
      "file_write_seconds": 5.980400601401925e-05,
      "operation_seconds": 0.17972798499977216,
      "total_phase_seconds": 0.18194331403356045,
      "scope": "file writes include journal intent/add/flush; excludes this timing receipt and checkpoint writes",
      "mode": "stage4_sealed_cell",
      "banner": "sealed Stage 4; scientific admission also requires complete declared populations"
    },
    {
      "phase": "immediate:11",
      "identity_check_kind": "in_memory_structure_and_configuration",
      "recipe_verification_seconds": 0.0,
      "identity_verification_seconds": 0.0,
      "identity_check_seconds": 0.0020724639762192965,
      "state_hash_seconds": 0.0010801409953273833,
      "clone_seconds": 0.0,
      "restore_seconds": 0.0,
      "file_write_seconds": 5.908397724851966e-05,
      "operation_seconds": 0.03178220696281642,
      "total_phase_seconds": 0.03508797602262348,
      "scope": "file writes include journal intent/add/flush; excludes this timing receipt and checkpoint writes",
      "mode": "stage4_sealed_cell",
      "banner": "sealed Stage 4; scientific admission also requires complete declared populations"
    },
    {
      "phase": "edit:12",
      "identity_check_kind": "in_memory_structure_and_configuration",
      "recipe_verification_seconds": 0.0,
      "identity_verification_seconds": 0.0,
      "identity_check_seconds": 0.0018497470300644636,
      "state_hash_seconds": 7.15689966455102e-05,
      "clone_seconds": 0.0,
      "restore_seconds": 0.0,
      "file_write_seconds": 5.98249607719481e-05,
      "operation_seconds": 0.12886244297260419,
      "total_phase_seconds": 0.1309157300274819,
      "scope": "file writes include journal intent/add/flush; excludes this timing receipt and checkpoint writes",
      "mode": "stage4_sealed_cell",
      "banner": "sealed Stage 4; scientific admission also requires complete declared populations"
    },
    {
      "phase": "immediate:12",
      "identity_check_kind": "in_memory_structure_and_configuration",
      "recipe_verification_seconds": 0.0,
      "identity_verification_seconds": 0.0,
      "identity_check_seconds": 0.0021899600396864116,
      "state_hash_seconds": 0.0011694029672071338,
      "clone_seconds": 0.0,
      "restore_seconds": 0.0,
      "file_write_seconds": 5.633692489936948e-05,
      "operation_seconds": 0.024262396967969835,
      "total_phase_seconds": 0.027760464989114553,
      "scope": "file writes include journal intent/add/flush; excludes this timing receipt and checkpoint writes",
      "mode": "stage4_sealed_cell",
      "banner": "sealed Stage 4; scientific admission also requires complete declared populations"
    },
    {
      "phase": "edit:13",
      "identity_check_kind": "in_memory_structure_and_configuration",
      "recipe_verification_seconds": 0.0,
      "identity_verification_seconds": 0.0,
      "identity_check_seconds": 0.002283648937009275,
      "state_hash_seconds": 0.00011880905367434025,
      "clone_seconds": 0.0,
      "restore_seconds": 0.0,
      "file_write_seconds": 6.786995800212026e-05,
      "operation_seconds": 0.15700440004002303,
      "total_phase_seconds": 0.15954838797915727,
      "scope": "file writes include journal intent/add/flush; excludes this timing receipt and checkpoint writes",
      "mode": "stage4_sealed_cell",
      "banner": "sealed Stage 4; scientific admission also requires complete declared populations"
    },
    {
      "phase": "immediate:13",
      "identity_check_kind": "in_memory_structure_and_configuration",
      "recipe_verification_seconds": 0.0,
      "identity_verification_seconds": 0.0,
      "identity_check_seconds": 0.0020559129770845175,
      "state_hash_seconds": 0.0013357719872146845,
      "clone_seconds": 0.0,
      "restore_seconds": 0.0,
      "file_write_seconds": 5.7290017139166594e-05,
      "operation_seconds": 0.027184720966033638,
      "total_phase_seconds": 0.03071403899230063,
      "scope": "file writes include journal intent/add/flush; excludes this timing receipt and checkpoint writes",
      "mode": "stage4_sealed_cell",
      "banner": "sealed Stage 4; scientific admission also requires complete declared populations"
    },
    {
      "phase": "edit:14",
      "identity_check_kind": "in_memory_structure_and_configuration",
      "recipe_verification_seconds": 0.0,
      "identity_verification_seconds": 0.0,
      "identity_check_seconds": 0.002093133982270956,
      "state_hash_seconds": 8.247705409303308e-05,
      "clone_seconds": 0.0,
      "restore_seconds": 0.0,
      "file_write_seconds": 6.430200301110744e-05,
      "operation_seconds": 0.3023045450099744,
      "total_phase_seconds": 0.304618101043161,
      "scope": "file writes include journal intent/add/flush; excludes this timing receipt and checkpoint writes",
      "mode": "stage4_sealed_cell",
      "banner": "sealed Stage 4; scientific admission also requires complete declared populations"
    },
    {
      "phase": "immediate:14",
      "identity_check_kind": "in_memory_structure_and_configuration",
      "recipe_verification_seconds": 0.0,
      "identity_verification_seconds": 0.0,
      "identity_check_seconds": 0.0022202180116437376,
      "state_hash_seconds": 0.0014589869533665478,
      "clone_seconds": 0.0,
      "restore_seconds": 0.0,
      "file_write_seconds": 6.051699165254831e-05,
      "operation_seconds": 0.04984308104030788,
      "total_phase_seconds": 0.053682784957345575,
      "scope": "file writes include journal intent/add/flush; excludes this timing receipt and checkpoint writes",
      "mode": "stage4_sealed_cell",
      "banner": "sealed Stage 4; scientific admission also requires complete declared populations"
    },
    {
      "phase": "edit:15",
      "identity_check_kind": "in_memory_structure_and_configuration",
      "recipe_verification_seconds": 0.0,
      "identity_verification_seconds": 0.0,
      "identity_check_seconds": 0.0020660129957832396,
      "state_hash_seconds": 7.54239154048264e-05,
      "clone_seconds": 0.0,
      "restore_seconds": 0.0,
      "file_write_seconds": 5.7691941037774086e-05,
      "operation_seconds": 0.12528929102700204,
      "total_phase_seconds": 0.12755122897215188,
      "scope": "file writes include journal intent/add/flush; excludes this timing receipt and checkpoint writes",
      "mode": "stage4_sealed_cell",
      "banner": "sealed Stage 4; scientific admission also requires complete declared populations"
    },
    {
      "phase": "immediate:15",
      "identity_check_kind": "in_memory_structure_and_configuration",
      "recipe_verification_seconds": 0.0,
      "identity_verification_seconds": 0.0,
      "identity_check_seconds": 0.0021194039727561176,
      "state_hash_seconds": 0.0014769220724701881,
      "clone_seconds": 0.0,
      "restore_seconds": 0.0,
      "file_write_seconds": 6.878096610307693e-05,
      "operation_seconds": 0.027794470021035522,
      "total_phase_seconds": 0.03154176601674408,
      "scope": "file writes include journal intent/add/flush; excludes this timing receipt and checkpoint writes",
      "mode": "stage4_sealed_cell",
      "banner": "sealed Stage 4; scientific admission also requires complete declared populations"
    },
    {
      "phase": "edit:16",
      "identity_check_kind": "in_memory_structure_and_configuration",
      "recipe_verification_seconds": 0.0,
      "identity_verification_seconds": 0.0,
      "identity_check_seconds": 0.0024327560095116496,
      "state_hash_seconds": 8.985202293843031e-05,
      "clone_seconds": 0.0,
      "restore_seconds": 0.0,
      "file_write_seconds": 6.353104254230857e-05,
      "operation_seconds": 0.09003760095220059,
      "total_phase_seconds": 0.09269038803176954,
      "scope": "file writes include journal intent/add/flush; excludes this timing receipt and checkpoint writes",
      "mode": "stage4_sealed_cell",
      "banner": "sealed Stage 4; scientific admission also requires complete declared populations"
    },
    {
      "phase": "immediate:16",
      "identity_check_kind": "in_memory_structure_and_configuration",
      "recipe_verification_seconds": 0.0,
      "identity_verification_seconds": 0.0,
      "identity_check_seconds": 0.0019663309794850647,
      "state_hash_seconds": 0.0014855790068395436,
      "clone_seconds": 0.0,
      "restore_seconds": 0.0,
      "file_write_seconds": 0.00459256605245173,
      "operation_seconds": 0.0280745470081456,
      "total_phase_seconds": 0.03618999902391806,
      "scope": "file writes include journal intent/add/flush; excludes this timing receipt and checkpoint writes",
      "mode": "stage4_sealed_cell",
      "banner": "sealed Stage 4; scientific admission also requires complete declared populations"
    },
    {
      "phase": "edit:17",
      "identity_check_kind": "in_memory_structure_and_configuration",
      "recipe_verification_seconds": 0.0,
      "identity_verification_seconds": 0.0,
      "identity_check_seconds": 0.0020702300244010985,
      "state_hash_seconds": 8.671701652929187e-05,
      "clone_seconds": 0.0,
      "restore_seconds": 0.0,
      "file_write_seconds": 0.0011781900539062917,
      "operation_seconds": 0.24589051201473922,
      "total_phase_seconds": 0.24929313705069944,
      "scope": "file writes include journal intent/add/flush; excludes this timing receipt and checkpoint writes",
      "mode": "stage4_sealed_cell",
      "banner": "sealed Stage 4; scientific admission also requires complete declared populations"
    },
    {
      "phase": "immediate:17",
      "identity_check_kind": "in_memory_structure_and_configuration",
      "recipe_verification_seconds": 0.0,
      "identity_verification_seconds": 0.0,
      "identity_check_seconds": 0.0020898680086247623,
      "state_hash_seconds": 0.001660744019318372,
      "clone_seconds": 0.0,
      "restore_seconds": 0.0,
      "file_write_seconds": 5.9123034588992596e-05,
      "operation_seconds": 0.04449395398842171,
      "total_phase_seconds": 0.04839002504013479,
      "scope": "file writes include journal intent/add/flush; excludes this timing receipt and checkpoint writes",
      "mode": "stage4_sealed_cell",
      "banner": "sealed Stage 4; scientific admission also requires complete declared populations"
    },
    {
      "phase": "edit:18",
      "identity_check_kind": "in_memory_structure_and_configuration",
      "recipe_verification_seconds": 0.0,
      "identity_verification_seconds": 0.0,
      "identity_check_seconds": 0.00219551200279966,
      "state_hash_seconds": 0.00010066304821521044,
      "clone_seconds": 0.0,
      "restore_seconds": 0.0,
      "file_write_seconds": 5.857297219336033e-05,
      "operation_seconds": 0.12211339100031182,
      "total_phase_seconds": 0.1245437219622545,
      "scope": "file writes include journal intent/add/flush; excludes this timing receipt and checkpoint writes",
      "mode": "stage4_sealed_cell",
      "banner": "sealed Stage 4; scientific admission also requires complete declared populations"
    },
    {
      "phase": "immediate:18",
      "identity_check_kind": "in_memory_structure_and_configuration",
      "recipe_verification_seconds": 0.0,
      "identity_verification_seconds": 0.0,
      "identity_check_seconds": 0.0020123590365983546,
      "state_hash_seconds": 0.0016874849679879844,
      "clone_seconds": 0.0,
      "restore_seconds": 0.0,
      "file_write_seconds": 5.625805351883173e-05,
      "operation_seconds": 0.026217274949885905,
      "total_phase_seconds": 0.03005269099958241,
      "scope": "file writes include journal intent/add/flush; excludes this timing receipt and checkpoint writes",
      "mode": "stage4_sealed_cell",
      "banner": "sealed Stage 4; scientific admission also requires complete declared populations"
    },
    {
      "phase": "edit:19",
      "identity_check_kind": "in_memory_structure_and_configuration",
      "recipe_verification_seconds": 0.0,
      "identity_verification_seconds": 0.0,
      "identity_check_seconds": 0.0019545579561963677,
      "state_hash_seconds": 8.41009896248579e-05,
      "clone_seconds": 0.0,
      "restore_seconds": 0.0,
      "file_write_seconds": 7.131602615118027e-05,
      "operation_seconds": 0.17221084103221074,
      "total_phase_seconds": 0.1743964109919034,
      "scope": "file writes include journal intent/add/flush; excludes this timing receipt and checkpoint writes",
      "mode": "stage4_sealed_cell",
      "banner": "sealed Stage 4; scientific admission also requires complete declared populations"
    },
    {
      "phase": "immediate:19",
      "identity_check_kind": "in_memory_structure_and_configuration",
      "recipe_verification_seconds": 0.0,
      "identity_verification_seconds": 0.0,
      "identity_check_seconds": 0.0020861310185864568,
      "state_hash_seconds": 0.0020185019820928574,
      "clone_seconds": 0.0,
      "restore_seconds": 0.0,
      "file_write_seconds": 5.948398029431701e-05,
      "operation_seconds": 0.044898309046402574,
      "total_phase_seconds": 0.04915160598466173,
      "scope": "file writes include journal intent/add/flush; excludes this timing receipt and checkpoint writes",
      "mode": "stage4_sealed_cell",
      "banner": "sealed Stage 4; scientific admission also requires complete declared populations"
    },
    {
      "phase": "edit:20",
      "identity_check_kind": "in_memory_structure_and_configuration",
      "recipe_verification_seconds": 0.0,
      "identity_verification_seconds": 0.0,
      "identity_check_seconds": 0.002082252991385758,
      "state_hash_seconds": 8.830905426293612e-05,
      "clone_seconds": 0.0,
      "restore_seconds": 0.0,
      "file_write_seconds": 5.845207488164306e-05,
      "operation_seconds": 0.08861018298193812,
      "total_phase_seconds": 0.09090815996751189,
      "scope": "file writes include journal intent/add/flush; excludes this timing receipt and checkpoint writes",
      "mode": "stage4_sealed_cell",
      "banner": "sealed Stage 4; scientific admission also requires complete declared populations"
    },
    {
      "phase": "immediate:20",
      "identity_check_kind": "in_memory_structure_and_configuration",
      "recipe_verification_seconds": 0.0,
      "identity_verification_seconds": 0.0,
      "identity_check_seconds": 0.0019318139529787004,
      "state_hash_seconds": 0.0018274829490110278,
      "clone_seconds": 0.0,
      "restore_seconds": 0.0,
      "file_write_seconds": 5.6537974160164595e-05,
      "operation_seconds": 0.025359229010064155,
      "total_phase_seconds": 0.029243860044516623,
      "scope": "file writes include journal intent/add/flush; excludes this timing receipt and checkpoint writes",
      "mode": "stage4_sealed_cell",
      "banner": "sealed Stage 4; scientific admission also requires complete declared populations"
    },
    {
      "phase": "edit:21",
      "identity_check_kind": "in_memory_structure_and_configuration",
      "recipe_verification_seconds": 0.0,
      "identity_verification_seconds": 0.0,
      "identity_check_seconds": 0.0023556179949082434,
      "state_hash_seconds": 0.00010228488827124238,
      "clone_seconds": 0.0,
      "restore_seconds": 0.0,
      "file_write_seconds": 6.115605356171727e-05,
      "operation_seconds": 0.22484249901026487,
      "total_phase_seconds": 0.22742966102669016,
      "scope": "file writes include journal intent/add/flush; excludes this timing receipt and checkpoint writes",
      "mode": "stage4_sealed_cell",
      "banner": "sealed Stage 4; scientific admission also requires complete declared populations"
    },
    {
      "phase": "immediate:21",
      "identity_check_kind": "in_memory_structure_and_configuration",
      "recipe_verification_seconds": 0.0,
      "identity_verification_seconds": 0.0,
      "identity_check_seconds": 0.002234364044852555,
      "state_hash_seconds": 0.0019929310074076056,
      "clone_seconds": 0.0,
      "restore_seconds": 0.0,
      "file_write_seconds": 5.6206947192549706e-05,
      "operation_seconds": 0.03919711598427966,
      "total_phase_seconds": 0.04356800904497504,
      "scope": "file writes include journal intent/add/flush; excludes this timing receipt and checkpoint writes",
      "mode": "stage4_sealed_cell",
      "banner": "sealed Stage 4; scientific admission also requires complete declared populations"
    },
    {
      "phase": "edit:22",
      "identity_check_kind": "in_memory_structure_and_configuration",
      "recipe_verification_seconds": 0.0,
      "identity_verification_seconds": 0.0,
      "identity_check_seconds": 0.0019333180389367044,
      "state_hash_seconds": 9.508297080174088e-05,
      "clone_seconds": 0.0,
      "restore_seconds": 0.0,
      "file_write_seconds": 6.158894393593073e-05,
      "operation_seconds": 0.09812034002970904,
      "total_phase_seconds": 0.1002730280160904,
      "scope": "file writes include journal intent/add/flush; excludes this timing receipt and checkpoint writes",
      "mode": "stage4_sealed_cell",
      "banner": "sealed Stage 4; scientific admission also requires complete declared populations"
    },
    {
      "phase": "immediate:22",
      "identity_check_kind": "in_memory_structure_and_configuration",
      "recipe_verification_seconds": 0.0,
      "identity_verification_seconds": 0.0,
      "identity_check_seconds": 0.0019148129504173994,
      "state_hash_seconds": 0.001991500030271709,
      "clone_seconds": 0.0,
      "restore_seconds": 0.0,
      "file_write_seconds": 6.617692997679114e-05,
      "operation_seconds": 0.020589793974068016,
      "total_phase_seconds": 0.024635592999402434,
      "scope": "file writes include journal intent/add/flush; excludes this timing receipt and checkpoint writes",
      "mode": "stage4_sealed_cell",
      "banner": "sealed Stage 4; scientific admission also requires complete declared populations"
    },
    {
      "phase": "edit:23",
      "identity_check_kind": "in_memory_structure_and_configuration",
      "recipe_verification_seconds": 0.0,
      "identity_verification_seconds": 0.0,
      "identity_check_seconds": 0.0018577120499685407,
      "state_hash_seconds": 8.512299973517656e-05,
      "clone_seconds": 0.0,
      "restore_seconds": 0.0,
      "file_write_seconds": 5.760003114119172e-05,
      "operation_seconds": 0.1630167390103452,
      "total_phase_seconds": 0.16507461498258635,
      "scope": "file writes include journal intent/add/flush; excludes this timing receipt and checkpoint writes",
      "mode": "stage4_sealed_cell",
      "banner": "sealed Stage 4; scientific admission also requires complete declared populations"
    },
    {
      "phase": "immediate:23",
      "identity_check_kind": "in_memory_structure_and_configuration",
      "recipe_verification_seconds": 0.0,
      "identity_verification_seconds": 0.0,
      "identity_check_seconds": 0.002198175003286451,
      "state_hash_seconds": 0.0022046089870855212,
      "clone_seconds": 0.0,
      "restore_seconds": 0.0,
      "file_write_seconds": 0.0001313909888267517,
      "operation_seconds": 0.03280573897063732,
      "total_phase_seconds": 0.037427622999530286,
      "scope": "file writes include journal intent/add/flush; excludes this timing receipt and checkpoint writes",
      "mode": "stage4_sealed_cell",
      "banner": "sealed Stage 4; scientific admission also requires complete declared populations"
    },
    {
      "phase": "edit:24",
      "identity_check_kind": "in_memory_structure_and_configuration",
      "recipe_verification_seconds": 0.0,
      "identity_verification_seconds": 0.0,
      "identity_check_seconds": 0.002083454979583621,
      "state_hash_seconds": 0.00011395802721381187,
      "clone_seconds": 0.0,
      "restore_seconds": 0.0,
      "file_write_seconds": 5.9654004871845245e-05,
      "operation_seconds": 0.09138599602738395,
      "total_phase_seconds": 0.09371520299464464,
      "scope": "file writes include journal intent/add/flush; excludes this timing receipt and checkpoint writes",
      "mode": "stage4_sealed_cell",
      "banner": "sealed Stage 4; scientific admission also requires complete declared populations"
    },
    {
      "phase": "immediate:24",
      "identity_check_kind": "in_memory_structure_and_configuration",
      "recipe_verification_seconds": 0.0,
      "identity_verification_seconds": 0.0,
      "identity_check_seconds": 0.0020346720120869577,
      "state_hash_seconds": 0.00211889308411628,
      "clone_seconds": 0.0,
      "restore_seconds": 0.0,
      "file_write_seconds": 5.643797339871526e-05,
      "operation_seconds": 0.025680626975372434,
      "total_phase_seconds": 0.029966896050609648,
      "scope": "file writes include journal intent/add/flush; excludes this timing receipt and checkpoint writes",
      "mode": "stage4_sealed_cell",
      "banner": "sealed Stage 4; scientific admission also requires complete declared populations"
    },
    {
      "phase": "edit:25",
      "identity_check_kind": "in_memory_structure_and_configuration",
      "recipe_verification_seconds": 0.0,
      "identity_verification_seconds": 0.0,
      "identity_check_seconds": 0.0020226589986123145,
      "state_hash_seconds": 9.62249469012022e-05,
      "clone_seconds": 0.0,
      "restore_seconds": 0.0,
      "file_write_seconds": 6.272998871281743e-05,
      "operation_seconds": 0.18934849498327821,
      "total_phase_seconds": 0.19159939099336043,
      "scope": "file writes include journal intent/add/flush; excludes this timing receipt and checkpoint writes",
      "mode": "stage4_sealed_cell",
      "banner": "sealed Stage 4; scientific admission also requires complete declared populations"
    },
    {
      "phase": "immediate:25",
      "identity_check_kind": "in_memory_structure_and_configuration",
      "recipe_verification_seconds": 0.0,
      "identity_verification_seconds": 0.0,
      "identity_check_seconds": 0.002499934984371066,
      "state_hash_seconds": 0.0025229989551007748,
      "clone_seconds": 0.0,
      "restore_seconds": 0.0,
      "file_write_seconds": 6.264104740694165e-05,
      "operation_seconds": 0.03036276501370594,
      "total_phase_seconds": 0.03556170500814915,
      "scope": "file writes include journal intent/add/flush; excludes this timing receipt and checkpoint writes",
      "mode": "stage4_sealed_cell",
      "banner": "sealed Stage 4; scientific admission also requires complete declared populations"
    },
    {
      "phase": "edit:26",
      "identity_check_kind": "in_memory_structure_and_configuration",
      "recipe_verification_seconds": 0.0,
      "identity_verification_seconds": 0.0,
      "identity_check_seconds": 0.0023930600145831704,
      "state_hash_seconds": 0.00011940911645069718,
      "clone_seconds": 0.0,
      "restore_seconds": 0.0,
      "file_write_seconds": 5.923403659835458e-05,
      "operation_seconds": 0.08799793903017417,
      "total_phase_seconds": 0.09064634802052751,
      "scope": "file writes include journal intent/add/flush; excludes this timing receipt and checkpoint writes",
      "mode": "stage4_sealed_cell",
      "banner": "sealed Stage 4; scientific admission also requires complete declared populations"
    },
    {
      "phase": "immediate:26",
      "identity_check_kind": "in_memory_structure_and_configuration",
      "recipe_verification_seconds": 0.0,
      "identity_verification_seconds": 0.0,
      "identity_check_seconds": 0.001970588054973632,
      "state_hash_seconds": 0.002282116038259119,
      "clone_seconds": 0.0,
      "restore_seconds": 0.0,
      "file_write_seconds": 6.879097782075405e-05,
      "operation_seconds": 0.02870250097475946,
      "total_phase_seconds": 0.03309998399345204,
      "scope": "file writes include journal intent/add/flush; excludes this timing receipt and checkpoint writes",
      "mode": "stage4_sealed_cell",
      "banner": "sealed Stage 4; scientific admission also requires complete declared populations"
    },
    {
      "phase": "edit:27",
      "identity_check_kind": "in_memory_structure_and_configuration",
      "recipe_verification_seconds": 0.0,
      "identity_verification_seconds": 0.0,
      "identity_check_seconds": 0.002058838028460741,
      "state_hash_seconds": 0.00010459998156875372,
      "clone_seconds": 0.0,
      "restore_seconds": 0.0,
      "file_write_seconds": 5.9974961914122105e-05,
      "operation_seconds": 0.0833075949922204,
      "total_phase_seconds": 0.08560229500290006,
      "scope": "file writes include journal intent/add/flush; excludes this timing receipt and checkpoint writes",
      "mode": "stage4_sealed_cell",
      "banner": "sealed Stage 4; scientific admission also requires complete declared populations"
    },
    {
      "phase": "immediate:27",
      "identity_check_kind": "in_memory_structure_and_configuration",
      "recipe_verification_seconds": 0.0,
      "identity_verification_seconds": 0.0,
      "identity_check_seconds": 0.0020540879922918975,
      "state_hash_seconds": 0.0022899211035110056,
      "clone_seconds": 0.0,
      "restore_seconds": 0.0,
      "file_write_seconds": 5.700899055227637e-05,
      "operation_seconds": 0.023699487966950983,
      "total_phase_seconds": 0.02817956800572574,
      "scope": "file writes include journal intent/add/flush; excludes this timing receipt and checkpoint writes",
      "mode": "stage4_sealed_cell",
      "banner": "sealed Stage 4; scientific admission also requires complete declared populations"
    },
    {
      "phase": "edit:28",
      "identity_check_kind": "in_memory_structure_and_configuration",
      "recipe_verification_seconds": 0.0,
      "identity_verification_seconds": 0.0,
      "identity_check_seconds": 0.0019436069997027516,
      "state_hash_seconds": 9.823904838413e-05,
      "clone_seconds": 0.0,
      "restore_seconds": 0.0,
      "file_write_seconds": 7.247895700857043e-05,
      "operation_seconds": 0.2410305929952301,
      "total_phase_seconds": 0.2432067859917879,
      "scope": "file writes include journal intent/add/flush; excludes this timing receipt and checkpoint writes",
      "mode": "stage4_sealed_cell",
      "banner": "sealed Stage 4; scientific admission also requires complete declared populations"
    },
    {
      "phase": "immediate:28",
      "identity_check_kind": "in_memory_structure_and_configuration",
      "recipe_verification_seconds": 0.0,
      "identity_verification_seconds": 0.0,
      "identity_check_seconds": 0.0029260809533298016,
      "state_hash_seconds": 0.002581029024440795,
      "clone_seconds": 0.0,
      "restore_seconds": 0.0,
      "file_write_seconds": 5.771999713033438e-05,
      "operation_seconds": 0.042451187036931515,
      "total_phase_seconds": 0.048120488005224615,
      "scope": "file writes include journal intent/add/flush; excludes this timing receipt and checkpoint writes",
      "mode": "stage4_sealed_cell",
      "banner": "sealed Stage 4; scientific admission also requires complete declared populations"
    },
    {
      "phase": "edit:29",
      "identity_check_kind": "in_memory_structure_and_configuration",
      "recipe_verification_seconds": 0.0,
      "identity_verification_seconds": 0.0,
      "identity_check_seconds": 0.0020936859655193985,
      "state_hash_seconds": 9.952002437785268e-05,
      "clone_seconds": 0.0,
      "restore_seconds": 0.0,
      "file_write_seconds": 5.793094169348478e-05,
      "operation_seconds": 0.20220527902711183,
      "total_phase_seconds": 0.20452166203176603,
      "scope": "file writes include journal intent/add/flush; excludes this timing receipt and checkpoint writes",
      "mode": "stage4_sealed_cell",
      "banner": "sealed Stage 4; scientific admission also requires complete declared populations"
    },
    {
      "phase": "immediate:29",
      "identity_check_kind": "in_memory_structure_and_configuration",
      "recipe_verification_seconds": 0.0,
      "identity_verification_seconds": 0.0,
      "identity_check_seconds": 0.002013100020121783,
      "state_hash_seconds": 0.0025375569821335375,
      "clone_seconds": 0.0,
      "restore_seconds": 0.0,
      "file_write_seconds": 5.9685029555112123e-05,
      "operation_seconds": 0.04043326701503247,
      "total_phase_seconds": 0.045126056007575244,
      "scope": "file writes include journal intent/add/flush; excludes this timing receipt and checkpoint writes",
      "mode": "stage4_sealed_cell",
      "banner": "sealed Stage 4; scientific admission also requires complete declared populations"
    },
    {
      "phase": "edit:30",
      "identity_check_kind": "in_memory_structure_and_configuration",
      "recipe_verification_seconds": 0.0,
      "identity_verification_seconds": 0.0,
      "identity_check_seconds": 0.0019499200279824436,
      "state_hash_seconds": 0.00010599306551739573,
      "clone_seconds": 0.0,
      "restore_seconds": 0.0,
      "file_write_seconds": 7.261900464072824e-05,
      "operation_seconds": 0.19585348904365674,
      "total_phase_seconds": 0.198055271001067,
      "scope": "file writes include journal intent/add/flush; excludes this timing receipt and checkpoint writes",
      "mode": "stage4_sealed_cell",
      "banner": "sealed Stage 4; scientific admission also requires complete declared populations"
    },
    {
      "phase": "immediate:30",
      "identity_check_kind": "in_memory_structure_and_configuration",
      "recipe_verification_seconds": 0.0,
      "identity_verification_seconds": 0.0,
      "identity_check_seconds": 0.002185091027058661,
      "state_hash_seconds": 0.0026564140571281314,
      "clone_seconds": 0.0,
      "restore_seconds": 0.0,
      "file_write_seconds": 5.596701521426439e-05,
      "operation_seconds": 0.03611788200214505,
      "total_phase_seconds": 0.041097932029515505,
      "scope": "file writes include journal intent/add/flush; excludes this timing receipt and checkpoint writes",
      "mode": "stage4_sealed_cell",
      "banner": "sealed Stage 4; scientific admission also requires complete declared populations"
    },
    {
      "phase": "edit:31",
      "identity_check_kind": "in_memory_structure_and_configuration",
      "recipe_verification_seconds": 0.0,
      "identity_verification_seconds": 0.0,
      "identity_check_seconds": 0.0018467219779267907,
      "state_hash_seconds": 9.926996426656842e-05,
      "clone_seconds": 0.0,
      "restore_seconds": 0.0,
      "file_write_seconds": 5.7570054195821285e-05,
      "operation_seconds": 0.12604856700636446,
      "total_phase_seconds": 0.12811271601822227,
      "scope": "file writes include journal intent/add/flush; excludes this timing receipt and checkpoint writes",
      "mode": "stage4_sealed_cell",
      "banner": "sealed Stage 4; scientific admission also requires complete declared populations"
    },
    {
      "phase": "immediate:31",
      "identity_check_kind": "in_memory_structure_and_configuration",
      "recipe_verification_seconds": 0.0,
      "identity_verification_seconds": 0.0,
      "identity_check_seconds": 0.00200773001415655,
      "state_hash_seconds": 0.0026631870423443615,
      "clone_seconds": 0.0,
      "restore_seconds": 0.0,
      "file_write_seconds": 6.21489598415792e-05,
      "operation_seconds": 0.02813077496830374,
      "total_phase_seconds": 0.03294379502767697,
      "scope": "file writes include journal intent/add/flush; excludes this timing receipt and checkpoint writes",
      "mode": "stage4_sealed_cell",
      "banner": "sealed Stage 4; scientific admission also requires complete declared populations"
    },
    {
      "phase": "edit:32",
      "identity_check_kind": "in_memory_structure_and_configuration",
      "recipe_verification_seconds": 0.0,
      "identity_verification_seconds": 0.0,
      "identity_check_seconds": 0.002023369015660137,
      "state_hash_seconds": 0.00010621402179822326,
      "clone_seconds": 0.0,
      "restore_seconds": 0.0,
      "file_write_seconds": 5.881203105673194e-05,
      "operation_seconds": 0.08956933300942183,
      "total_phase_seconds": 0.09183309396030381,
      "scope": "file writes include journal intent/add/flush; excludes this timing receipt and checkpoint writes",
      "mode": "stage4_sealed_cell",
      "banner": "sealed Stage 4; scientific admission also requires complete declared populations"
    },
    {
      "phase": "immediate:32",
      "identity_check_kind": "in_memory_structure_and_configuration",
      "recipe_verification_seconds": 0.0,
      "identity_verification_seconds": 0.0,
      "identity_check_seconds": 0.002055040968116373,
      "state_hash_seconds": 0.002813794882968068,
      "clone_seconds": 0.0,
      "restore_seconds": 0.0,
      "file_write_seconds": 0.004792701045516878,
      "operation_seconds": 0.02766051300568506,
      "total_phase_seconds": 0.03740109200589359,
      "scope": "file writes include journal intent/add/flush; excludes this timing receipt and checkpoint writes",
      "mode": "stage4_sealed_cell",
      "banner": "sealed Stage 4; scientific admission also requires complete declared populations"
    },
    {
      "phase": "edit:33",
      "identity_check_kind": "in_memory_structure_and_configuration",
      "recipe_verification_seconds": 0.0,
      "identity_verification_seconds": 0.0,
      "identity_check_seconds": 0.0021065400214865804,
      "state_hash_seconds": 0.00010916998144239187,
      "clone_seconds": 0.0,
      "restore_seconds": 0.0,
      "file_write_seconds": 0.0013345389743335545,
      "operation_seconds": 0.1571677930187434,
      "total_phase_seconds": 0.16079068003455177,
      "scope": "file writes include journal intent/add/flush; excludes this timing receipt and checkpoint writes",
      "mode": "stage4_sealed_cell",
      "banner": "sealed Stage 4; scientific admission also requires complete declared populations"
    },
    {
      "phase": "immediate:33",
      "identity_check_kind": "in_memory_structure_and_configuration",
      "recipe_verification_seconds": 0.0,
      "identity_verification_seconds": 0.0,
      "identity_check_seconds": 0.0020086320000700653,
      "state_hash_seconds": 0.002854362945072353,
      "clone_seconds": 0.0,
      "restore_seconds": 0.0,
      "file_write_seconds": 5.8281992096453905e-05,
      "operation_seconds": 0.03773067402653396,
      "total_phase_seconds": 0.04272958100773394,
      "scope": "file writes include journal intent/add/flush; excludes this timing receipt and checkpoint writes",
      "mode": "stage4_sealed_cell",
      "banner": "sealed Stage 4; scientific admission also requires complete declared populations"
    },
    {
      "phase": "edit:34",
      "identity_check_kind": "in_memory_structure_and_configuration",
      "recipe_verification_seconds": 0.0,
      "identity_verification_seconds": 0.0,
      "identity_check_seconds": 0.001995787024497986,
      "state_hash_seconds": 0.00010304799070581794,
      "clone_seconds": 0.0,
      "restore_seconds": 0.0,
      "file_write_seconds": 5.790992872789502e-05,
      "operation_seconds": 0.13928954902803525,
      "total_phase_seconds": 0.14151036803377792,
      "scope": "file writes include journal intent/add/flush; excludes this timing receipt and checkpoint writes",
      "mode": "stage4_sealed_cell",
      "banner": "sealed Stage 4; scientific admission also requires complete declared populations"
    },
    {
      "phase": "immediate:34",
      "identity_check_kind": "in_memory_structure_and_configuration",
      "recipe_verification_seconds": 0.0,
      "identity_verification_seconds": 0.0,
      "identity_check_seconds": 0.0020888550207018852,
      "state_hash_seconds": 0.002909598988480866,
      "clone_seconds": 0.0,
      "restore_seconds": 0.0,
      "file_write_seconds": 5.694897845387459e-05,
      "operation_seconds": 0.028578212950378656,
      "total_phase_seconds": 0.03371779900044203,
      "scope": "file writes include journal intent/add/flush; excludes this timing receipt and checkpoint writes",
      "mode": "stage4_sealed_cell",
      "banner": "sealed Stage 4; scientific admission also requires complete declared populations"
    },
    {
      "phase": "edit:35",
      "identity_check_kind": "in_memory_structure_and_configuration",
      "recipe_verification_seconds": 0.0,
      "identity_verification_seconds": 0.0,
      "identity_check_seconds": 0.0020637070410884917,
      "state_hash_seconds": 0.00018002395518124104,
      "clone_seconds": 0.0,
      "restore_seconds": 0.0,
      "file_write_seconds": 5.871197208762169e-05,
      "operation_seconds": 0.08916666102595627,
      "total_phase_seconds": 0.09154599299654365,
      "scope": "file writes include journal intent/add/flush; excludes this timing receipt and checkpoint writes",
      "mode": "stage4_sealed_cell",
      "banner": "sealed Stage 4; scientific admission also requires complete declared populations"
    },
    {
      "phase": "immediate:35",
      "identity_check_kind": "in_memory_structure_and_configuration",
      "recipe_verification_seconds": 0.0,
      "identity_verification_seconds": 0.0,
      "identity_check_seconds": 0.0018948949873447418,
      "state_hash_seconds": 0.002919037011452019,
      "clone_seconds": 0.0,
      "restore_seconds": 0.0,
      "file_write_seconds": 6.153900176286697e-05,
      "operation_seconds": 0.02870904398150742,
      "total_phase_seconds": 0.03365682199364528,
      "scope": "file writes include journal intent/add/flush; excludes this timing receipt and checkpoint writes",
      "mode": "stage4_sealed_cell",
      "banner": "sealed Stage 4; scientific admission also requires complete declared populations"
    },
    {
      "phase": "edit:36",
      "identity_check_kind": "in_memory_structure_and_configuration",
      "recipe_verification_seconds": 0.0,
      "identity_verification_seconds": 0.0,
      "identity_check_seconds": 0.0020087810116820037,
      "state_hash_seconds": 0.00011534197255969048,
      "clone_seconds": 0.0,
      "restore_seconds": 0.0,
      "file_write_seconds": 7.612601621076465e-05,
      "operation_seconds": 0.088169056980405,
      "total_phase_seconds": 0.09043294901493937,
      "scope": "file writes include journal intent/add/flush; excludes this timing receipt and checkpoint writes",
      "mode": "stage4_sealed_cell",
      "banner": "sealed Stage 4; scientific admission also requires complete declared populations"
    },
    {
      "phase": "immediate:36",
      "identity_check_kind": "in_memory_structure_and_configuration",
      "recipe_verification_seconds": 0.0,
      "identity_verification_seconds": 0.0,
      "identity_check_seconds": 0.0018881010473705828,
      "state_hash_seconds": 0.003086931013967842,
      "clone_seconds": 0.0,
      "restore_seconds": 0.0,
      "file_write_seconds": 5.6819990277290344e-05,
      "operation_seconds": 0.028951328014954925,
      "total_phase_seconds": 0.034058632038068026,
      "scope": "file writes include journal intent/add/flush; excludes this timing receipt and checkpoint writes",
      "mode": "stage4_sealed_cell",
      "banner": "sealed Stage 4; scientific admission also requires complete declared populations"
    },
    {
      "phase": "edit:37",
      "identity_check_kind": "in_memory_structure_and_configuration",
      "recipe_verification_seconds": 0.0,
      "identity_verification_seconds": 0.0,
      "identity_check_seconds": 0.001989243959542364,
      "state_hash_seconds": 0.00012667395640164614,
      "clone_seconds": 0.0,
      "restore_seconds": 0.0,
      "file_write_seconds": 5.8733043260872364e-05,
      "operation_seconds": 0.20399418997112662,
      "total_phase_seconds": 0.2062400360009633,
      "scope": "file writes include journal intent/add/flush; excludes this timing receipt and checkpoint writes",
      "mode": "stage4_sealed_cell",
      "banner": "sealed Stage 4; scientific admission also requires complete declared populations"
    },
    {
      "phase": "immediate:37",
      "identity_check_kind": "in_memory_structure_and_configuration",
      "recipe_verification_seconds": 0.0,
      "identity_verification_seconds": 0.0,
      "identity_check_seconds": 0.0020331089617684484,
      "state_hash_seconds": 0.0030374350026249886,
      "clone_seconds": 0.0,
      "restore_seconds": 0.0,
      "file_write_seconds": 5.7842000387609005e-05,
      "operation_seconds": 0.04012533597415313,
      "total_phase_seconds": 0.04533253196859732,
      "scope": "file writes include journal intent/add/flush; excludes this timing receipt and checkpoint writes",
      "mode": "stage4_sealed_cell",
      "banner": "sealed Stage 4; scientific admission also requires complete declared populations"
    },
    {
      "phase": "edit:38",
      "identity_check_kind": "in_memory_structure_and_configuration",
      "recipe_verification_seconds": 0.0,
      "identity_verification_seconds": 0.0,
      "identity_check_seconds": 0.0018300600349903107,
      "state_hash_seconds": 0.00012165395310148597,
      "clone_seconds": 0.0,
      "restore_seconds": 0.0,
      "file_write_seconds": 5.908298771828413e-05,
      "operation_seconds": 0.1204832149669528,
      "total_phase_seconds": 0.12255464697955176,
      "scope": "file writes include journal intent/add/flush; excludes this timing receipt and checkpoint writes",
      "mode": "stage4_sealed_cell",
      "banner": "sealed Stage 4; scientific admission also requires complete declared populations"
    },
    {
      "phase": "immediate:38",
      "identity_check_kind": "in_memory_structure_and_configuration",
      "recipe_verification_seconds": 0.0,
      "identity_verification_seconds": 0.0,
      "identity_check_seconds": 0.0020614529494196177,
      "state_hash_seconds": 0.003351647115778178,
      "clone_seconds": 0.0,
      "restore_seconds": 0.0,
      "file_write_seconds": 9.399000555276871e-05,
      "operation_seconds": 0.032513279002159834,
      "total_phase_seconds": 0.03812444000504911,
      "scope": "file writes include journal intent/add/flush; excludes this timing receipt and checkpoint writes",
      "mode": "stage4_sealed_cell",
      "banner": "sealed Stage 4; scientific admission also requires complete declared populations"
    },
    {
      "phase": "edit:39",
      "identity_check_kind": "in_memory_structure_and_configuration",
      "recipe_verification_seconds": 0.0,
      "identity_verification_seconds": 0.0,
      "identity_check_seconds": 0.002319418010301888,
      "state_hash_seconds": 0.0001321840099990368,
      "clone_seconds": 0.0,
      "restore_seconds": 0.0,
      "file_write_seconds": 5.898193921893835e-05,
      "operation_seconds": 0.1957414239877835,
      "total_phase_seconds": 0.19832098099868745,
      "scope": "file writes include journal intent/add/flush; excludes this timing receipt and checkpoint writes",
      "mode": "stage4_sealed_cell",
      "banner": "sealed Stage 4; scientific admission also requires complete declared populations"
    },
    {
      "phase": "immediate:39",
      "identity_check_kind": "in_memory_structure_and_configuration",
      "recipe_verification_seconds": 0.0,
      "identity_verification_seconds": 0.0,
      "identity_check_seconds": 0.0020708710653707385,
      "state_hash_seconds": 0.0033913239603862166,
      "clone_seconds": 0.0,
      "restore_seconds": 0.0,
      "file_write_seconds": 5.952297942712903e-05,
      "operation_seconds": 0.03730744303902611,
      "total_phase_seconds": 0.04293131799204275,
      "scope": "file writes include journal intent/add/flush; excludes this timing receipt and checkpoint writes",
      "mode": "stage4_sealed_cell",
      "banner": "sealed Stage 4; scientific admission also requires complete declared populations"
    },
    {
      "phase": "edit:40",
      "identity_check_kind": "in_memory_structure_and_configuration",
      "recipe_verification_seconds": 0.0,
      "identity_verification_seconds": 0.0,
      "identity_check_seconds": 0.002051914983894676,
      "state_hash_seconds": 0.00010796700371429324,
      "clone_seconds": 0.0,
      "restore_seconds": 0.0,
      "file_write_seconds": 5.878298543393612e-05,
      "operation_seconds": 0.127470423001796,
      "total_phase_seconds": 0.1297518290230073,
      "scope": "file writes include journal intent/add/flush; excludes this timing receipt and checkpoint writes",
      "mode": "stage4_sealed_cell",
      "banner": "sealed Stage 4; scientific admission also requires complete declared populations"
    },
    {
      "phase": "immediate:40",
      "identity_check_kind": "in_memory_structure_and_configuration",
      "recipe_verification_seconds": 0.0,
      "identity_verification_seconds": 0.0,
      "identity_check_seconds": 0.002038207952864468,
      "state_hash_seconds": 0.0032703610486350954,
      "clone_seconds": 0.0,
      "restore_seconds": 0.0,
      "file_write_seconds": 6.355205550789833e-05,
      "operation_seconds": 0.027483604033477604,
      "total_phase_seconds": 0.03294070903211832,
      "scope": "file writes include journal intent/add/flush; excludes this timing receipt and checkpoint writes",
      "mode": "stage4_sealed_cell",
      "banner": "sealed Stage 4; scientific admission also requires complete declared populations"
    },
    {
      "phase": "edit:41",
      "identity_check_kind": "in_memory_structure_and_configuration",
      "recipe_verification_seconds": 0.0,
      "identity_verification_seconds": 0.0,
      "identity_check_seconds": 0.002158629009500146,
      "state_hash_seconds": 0.0001353500410914421,
      "clone_seconds": 0.0,
      "restore_seconds": 0.0,
      "file_write_seconds": 7.934204768389463e-05,
      "operation_seconds": 0.17303523002192378,
      "total_phase_seconds": 0.1754813720472157,
      "scope": "file writes include journal intent/add/flush; excludes this timing receipt and checkpoint writes",
      "mode": "stage4_sealed_cell",
      "banner": "sealed Stage 4; scientific admission also requires complete declared populations"
    },
    {
      "phase": "immediate:41",
      "identity_check_kind": "in_memory_structure_and_configuration",
      "recipe_verification_seconds": 0.0,
      "identity_verification_seconds": 0.0,
      "identity_check_seconds": 0.002082173014059663,
      "state_hash_seconds": 0.003391292062588036,
      "clone_seconds": 0.0,
      "restore_seconds": 0.0,
      "file_write_seconds": 5.931302439421415e-05,
      "operation_seconds": 0.031405796005856246,
      "total_phase_seconds": 0.037034389039035887,
      "scope": "file writes include journal intent/add/flush; excludes this timing receipt and checkpoint writes",
      "mode": "stage4_sealed_cell",
      "banner": "sealed Stage 4; scientific admission also requires complete declared populations"
    },
    {
      "phase": "edit:42",
      "identity_check_kind": "in_memory_structure_and_configuration",
      "recipe_verification_seconds": 0.0,
      "identity_verification_seconds": 0.0,
      "identity_check_seconds": 0.0021545420167967677,
      "state_hash_seconds": 0.00013167300494387746,
      "clone_seconds": 0.0,
      "restore_seconds": 0.0,
      "file_write_seconds": 5.9775018598884344e-05,
      "operation_seconds": 0.16656887100543827,
      "total_phase_seconds": 0.16898524499265477,
      "scope": "file writes include journal intent/add/flush; excludes this timing receipt and checkpoint writes",
      "mode": "stage4_sealed_cell",
      "banner": "sealed Stage 4; scientific admission also requires complete declared populations"
    },
    {
      "phase": "immediate:42",
      "identity_check_kind": "in_memory_structure_and_configuration",
      "recipe_verification_seconds": 0.0,
      "identity_verification_seconds": 0.0,
      "identity_check_seconds": 0.00212304200977087,
      "state_hash_seconds": 0.0035075759515166283,
      "clone_seconds": 0.0,
      "restore_seconds": 0.0,
      "file_write_seconds": 5.746894748881459e-05,
      "operation_seconds": 0.037308955972548574,
      "total_phase_seconds": 0.04308739700354636,
      "scope": "file writes include journal intent/add/flush; excludes this timing receipt and checkpoint writes",
      "mode": "stage4_sealed_cell",
      "banner": "sealed Stage 4; scientific admission also requires complete declared populations"
    },
    {
      "phase": "edit:43",
      "identity_check_kind": "in_memory_structure_and_configuration",
      "recipe_verification_seconds": 0.0,
      "identity_verification_seconds": 0.0,
      "identity_check_seconds": 0.0021219790214672685,
      "state_hash_seconds": 0.00013598200166597962,
      "clone_seconds": 0.0,
      "restore_seconds": 0.0,
      "file_write_seconds": 5.941401468589902e-05,
      "operation_seconds": 0.09364917600760236,
      "total_phase_seconds": 0.09603806800441816,
      "scope": "file writes include journal intent/add/flush; excludes this timing receipt and checkpoint writes",
      "mode": "stage4_sealed_cell",
      "banner": "sealed Stage 4; scientific admission also requires complete declared populations"
    },
    {
      "phase": "immediate:43",
      "identity_check_kind": "in_memory_structure_and_configuration",
      "recipe_verification_seconds": 0.0,
      "identity_verification_seconds": 0.0,
      "identity_check_seconds": 0.002002069028094411,
      "state_hash_seconds": 0.003586036036722362,
      "clone_seconds": 0.0,
      "restore_seconds": 0.0,
      "file_write_seconds": 5.683890776708722e-05,
      "operation_seconds": 0.02836798003409058,
      "total_phase_seconds": 0.03408984199631959,
      "scope": "file writes include journal intent/add/flush; excludes this timing receipt and checkpoint writes",
      "mode": "stage4_sealed_cell",
      "banner": "sealed Stage 4; scientific admission also requires complete declared populations"
    },
    {
      "phase": "edit:44",
      "identity_check_kind": "in_memory_structure_and_configuration",
      "recipe_verification_seconds": 0.0,
      "identity_verification_seconds": 0.0,
      "identity_check_seconds": 0.001973554026335478,
      "state_hash_seconds": 0.00013378699077293277,
      "clone_seconds": 0.0,
      "restore_seconds": 0.0,
      "file_write_seconds": 6.407196633517742e-05,
      "operation_seconds": 0.1300466440152377,
      "total_phase_seconds": 0.13229079800657928,
      "scope": "file writes include journal intent/add/flush; excludes this timing receipt and checkpoint writes",
      "mode": "stage4_sealed_cell",
      "banner": "sealed Stage 4; scientific admission also requires complete declared populations"
    },
    {
      "phase": "immediate:44",
      "identity_check_kind": "in_memory_structure_and_configuration",
      "recipe_verification_seconds": 0.0,
      "identity_verification_seconds": 0.0,
      "identity_check_seconds": 0.002064207918010652,
      "state_hash_seconds": 0.0038934159674681723,
      "clone_seconds": 0.0,
      "restore_seconds": 0.0,
      "file_write_seconds": 5.6907942052930593e-05,
      "operation_seconds": 0.03365181299159303,
      "total_phase_seconds": 0.039741309999953955,
      "scope": "file writes include journal intent/add/flush; excludes this timing receipt and checkpoint writes",
      "mode": "stage4_sealed_cell",
      "banner": "sealed Stage 4; scientific admission also requires complete declared populations"
    },
    {
      "phase": "edit:45",
      "identity_check_kind": "in_memory_structure_and_configuration",
      "recipe_verification_seconds": 0.0,
      "identity_verification_seconds": 0.0,
      "identity_check_seconds": 0.0020174189703539014,
      "state_hash_seconds": 0.00012733496259897947,
      "clone_seconds": 0.0,
      "restore_seconds": 0.0,
      "file_write_seconds": 5.8842008002102375e-05,
      "operation_seconds": 0.09328366600675508,
      "total_phase_seconds": 0.09555022203130648,
      "scope": "file writes include journal intent/add/flush; excludes this timing receipt and checkpoint writes",
      "mode": "stage4_sealed_cell",
      "banner": "sealed Stage 4; scientific admission also requires complete declared populations"
    },
    {
      "phase": "immediate:45",
      "identity_check_kind": "in_memory_structure_and_configuration",
      "recipe_verification_seconds": 0.0,
      "identity_verification_seconds": 0.0,
      "identity_check_seconds": 0.003033587010577321,
      "state_hash_seconds": 0.003923194017261267,
      "clone_seconds": 0.0,
      "restore_seconds": 0.0,
      "file_write_seconds": 5.813100142404437e-05,
      "operation_seconds": 0.030131231003906578,
      "total_phase_seconds": 0.03723152697784826,
      "scope": "file writes include journal intent/add/flush; excludes this timing receipt and checkpoint writes",
      "mode": "stage4_sealed_cell",
      "banner": "sealed Stage 4; scientific admission also requires complete declared populations"
    },
    {
      "phase": "edit:46",
      "identity_check_kind": "in_memory_structure_and_configuration",
      "recipe_verification_seconds": 0.0,
      "identity_verification_seconds": 0.0,
      "identity_check_seconds": 0.0023297480074688792,
      "state_hash_seconds": 0.00013654306530952454,
      "clone_seconds": 0.0,
      "restore_seconds": 0.0,
      "file_write_seconds": 6.229901919141412e-05,
      "operation_seconds": 0.1385822519659996,
      "total_phase_seconds": 0.14118040504399687,
      "scope": "file writes include journal intent/add/flush; excludes this timing receipt and checkpoint writes",
      "mode": "stage4_sealed_cell",
      "banner": "sealed Stage 4; scientific admission also requires complete declared populations"
    },
    {
      "phase": "immediate:46",
      "identity_check_kind": "in_memory_structure_and_configuration",
      "recipe_verification_seconds": 0.0,
      "identity_verification_seconds": 0.0,
      "identity_check_seconds": 0.002150924992747605,
      "state_hash_seconds": 0.0038549029268324375,
      "clone_seconds": 0.0,
      "restore_seconds": 0.0,
      "file_write_seconds": 5.8120989706367254e-05,
      "operation_seconds": 0.030770156008657068,
      "total_phase_seconds": 0.03693131101317704,
      "scope": "file writes include journal intent/add/flush; excludes this timing receipt and checkpoint writes",
      "mode": "stage4_sealed_cell",
      "banner": "sealed Stage 4; scientific admission also requires complete declared populations"
    },
    {
      "phase": "edit:47",
      "identity_check_kind": "in_memory_structure_and_configuration",
      "recipe_verification_seconds": 0.0,
      "identity_verification_seconds": 0.0,
      "identity_check_seconds": 0.002314477984327823,
      "state_hash_seconds": 0.00019447290105745196,
      "clone_seconds": 0.0,
      "restore_seconds": 0.0,
      "file_write_seconds": 6.280001252889633e-05,
      "operation_seconds": 0.15103016298962757,
      "total_phase_seconds": 0.15368588600540534,
      "scope": "file writes include journal intent/add/flush; excludes this timing receipt and checkpoint writes",
      "mode": "stage4_sealed_cell",
      "banner": "sealed Stage 4; scientific admission also requires complete declared populations"
    },
    {
      "phase": "immediate:47",
      "identity_check_kind": "in_memory_structure_and_configuration",
      "recipe_verification_seconds": 0.0,
      "identity_verification_seconds": 0.0,
      "identity_check_seconds": 0.0018952750251628458,
      "state_hash_seconds": 0.003888988052494824,
      "clone_seconds": 0.0,
      "restore_seconds": 0.0,
      "file_write_seconds": 9.335001232102513e-05,
      "operation_seconds": 0.03917600604472682,
      "total_phase_seconds": 0.04514549399027601,
      "scope": "file writes include journal intent/add/flush; excludes this timing receipt and checkpoint writes",
      "mode": "stage4_sealed_cell",
      "banner": "sealed Stage 4; scientific admission also requires complete declared populations"
    },
    {
      "phase": "edit:48",
      "identity_check_kind": "in_memory_structure_and_configuration",
      "recipe_verification_seconds": 0.0,
      "identity_verification_seconds": 0.0,
      "identity_check_seconds": 0.001962564012501389,
      "state_hash_seconds": 0.00012643099762499332,
      "clone_seconds": 0.0,
      "restore_seconds": 0.0,
      "file_write_seconds": 5.7699973694980145e-05,
      "operation_seconds": 0.11910593300126493,
      "total_phase_seconds": 0.12131391803268343,
      "scope": "file writes include journal intent/add/flush; excludes this timing receipt and checkpoint writes",
      "mode": "stage4_sealed_cell",
      "banner": "sealed Stage 4; scientific admission also requires complete declared populations"
    },
    {
      "phase": "immediate:48",
      "identity_check_kind": "in_memory_structure_and_configuration",
      "recipe_verification_seconds": 0.0,
      "identity_verification_seconds": 0.0,
      "identity_check_seconds": 0.0027993680560030043,
      "state_hash_seconds": 0.004439223965164274,
      "clone_seconds": 0.0,
      "restore_seconds": 0.0,
      "file_write_seconds": 0.004593169025611132,
      "operation_seconds": 0.027720247977413237,
      "total_phase_seconds": 0.03965018497547135,
      "scope": "file writes include journal intent/add/flush; excludes this timing receipt and checkpoint writes",
      "mode": "stage4_sealed_cell",
      "banner": "sealed Stage 4; scientific admission also requires complete declared populations"
    },
    {
      "phase": "edit:49",
      "identity_check_kind": "in_memory_structure_and_configuration",
      "recipe_verification_seconds": 0.0,
      "identity_verification_seconds": 0.0,
      "identity_check_seconds": 0.00210620800498873,
      "state_hash_seconds": 0.0001393380225636065,
      "clone_seconds": 0.0,
      "restore_seconds": 0.0,
      "file_write_seconds": 0.0011304579675197601,
      "operation_seconds": 0.12329196103382856,
      "total_phase_seconds": 0.12673347000963986,
      "scope": "file writes include journal intent/add/flush; excludes this timing receipt and checkpoint writes",
      "mode": "stage4_sealed_cell",
      "banner": "sealed Stage 4; scientific admission also requires complete declared populations"
    },
    {
      "phase": "immediate:49",
      "identity_check_kind": "in_memory_structure_and_configuration",
      "recipe_verification_seconds": 0.0,
      "identity_verification_seconds": 0.0,
      "identity_check_seconds": 0.0022472799755632877,
      "state_hash_seconds": 0.00411182502284646,
      "clone_seconds": 0.0,
      "restore_seconds": 0.0,
      "file_write_seconds": 5.886296276003122e-05,
      "operation_seconds": 0.03157648298656568,
      "total_phase_seconds": 0.03809447103412822,
      "scope": "file writes include journal intent/add/flush; excludes this timing receipt and checkpoint writes",
      "mode": "stage4_sealed_cell",
      "banner": "sealed Stage 4; scientific admission also requires complete declared populations"
    },
    {
      "phase": "edit:50",
      "identity_check_kind": "in_memory_structure_and_configuration",
      "recipe_verification_seconds": 0.0,
      "identity_verification_seconds": 0.0,
      "identity_check_seconds": 0.002276916988193989,
      "state_hash_seconds": 0.00017919403035193682,
      "clone_seconds": 0.0,
      "restore_seconds": 0.0,
      "file_write_seconds": 5.823100218549371e-05,
      "operation_seconds": 0.15749910799786448,
      "total_phase_seconds": 0.16008963604690507,
      "scope": "file writes include journal intent/add/flush; excludes this timing receipt and checkpoint writes",
      "mode": "stage4_sealed_cell",
      "banner": "sealed Stage 4; scientific admission also requires complete declared populations"
    },
    {
      "phase": "immediate:50",
      "identity_check_kind": "in_memory_structure_and_configuration",
      "recipe_verification_seconds": 0.0,
      "identity_verification_seconds": 0.0,
      "identity_check_seconds": 0.0019970599678345025,
      "state_hash_seconds": 0.004054063057992607,
      "clone_seconds": 0.0,
      "restore_seconds": 0.0,
      "file_write_seconds": 5.6558987125754356e-05,
      "operation_seconds": 0.03891791100613773,
      "total_phase_seconds": 0.045104123011697084,
      "scope": "file writes include journal intent/add/flush; excludes this timing receipt and checkpoint writes",
      "mode": "stage4_sealed_cell",
      "banner": "sealed Stage 4; scientific admission also requires complete declared populations"
    },
    {
      "phase": "edit:51",
      "identity_check_kind": "in_memory_structure_and_configuration",
      "recipe_verification_seconds": 0.0,
      "identity_verification_seconds": 0.0,
      "identity_check_seconds": 0.0020610529463738203,
      "state_hash_seconds": 0.00014843296958133578,
      "clone_seconds": 0.0,
      "restore_seconds": 0.0,
      "file_write_seconds": 5.73190045543015e-05,
      "operation_seconds": 0.08716778695816174,
      "total_phase_seconds": 0.08949591201962903,
      "scope": "file writes include journal intent/add/flush; excludes this timing receipt and checkpoint writes",
      "mode": "stage4_sealed_cell",
      "banner": "sealed Stage 4; scientific admission also requires complete declared populations"
    },
    {
      "phase": "immediate:51",
      "identity_check_kind": "in_memory_structure_and_configuration",
      "recipe_verification_seconds": 0.0,
      "identity_verification_seconds": 0.0,
      "identity_check_seconds": 0.0018055929685942829,
      "state_hash_seconds": 0.0038785660290159285,
      "clone_seconds": 0.0,
      "restore_seconds": 0.0,
      "file_write_seconds": 5.626893835142255e-05,
      "operation_seconds": 0.02533038501860574,
      "total_phase_seconds": 0.031139153987169266,
      "scope": "file writes include journal intent/add/flush; excludes this timing receipt and checkpoint writes",
      "mode": "stage4_sealed_cell",
      "banner": "sealed Stage 4; scientific admission also requires complete declared populations"
    },
    {
      "phase": "edit:52",
      "identity_check_kind": "in_memory_structure_and_configuration",
      "recipe_verification_seconds": 0.0,
      "identity_verification_seconds": 0.0,
      "identity_check_seconds": 0.0019509320263750851,
      "state_hash_seconds": 0.0001446070964448154,
      "clone_seconds": 0.0,
      "restore_seconds": 0.0,
      "file_write_seconds": 5.710998084396124e-05,
      "operation_seconds": 0.11182871798519045,
      "total_phase_seconds": 0.11404002900235355,
      "scope": "file writes include journal intent/add/flush; excludes this timing receipt and checkpoint writes",
      "mode": "stage4_sealed_cell",
      "banner": "sealed Stage 4; scientific admission also requires complete declared populations"
    },
    {
      "phase": "immediate:52",
      "identity_check_kind": "in_memory_structure_and_configuration",
      "recipe_verification_seconds": 0.0,
      "identity_verification_seconds": 0.0,
      "identity_check_seconds": 0.0019656590302474797,
      "state_hash_seconds": 0.0042051729978993535,
      "clone_seconds": 0.0,
      "restore_seconds": 0.0,
      "file_write_seconds": 5.5225042160600424e-05,
      "operation_seconds": 0.03554382000584155,
      "total_phase_seconds": 0.04184541502036154,
      "scope": "file writes include journal intent/add/flush; excludes this timing receipt and checkpoint writes",
      "mode": "stage4_sealed_cell",
      "banner": "sealed Stage 4; scientific admission also requires complete declared populations"
    },
    {
      "phase": "edit:53",
      "identity_check_kind": "in_memory_structure_and_configuration",
      "recipe_verification_seconds": 0.0,
      "identity_verification_seconds": 0.0,
      "identity_check_seconds": 0.0020986450253985822,
      "state_hash_seconds": 0.00016480498015880585,
      "clone_seconds": 0.0,
      "restore_seconds": 0.0,
      "file_write_seconds": 5.7841010857373476e-05,
      "operation_seconds": 0.1274114009574987,
      "total_phase_seconds": 0.12980818701907992,
      "scope": "file writes include journal intent/add/flush; excludes this timing receipt and checkpoint writes",
      "mode": "stage4_sealed_cell",
      "banner": "sealed Stage 4; scientific admission also requires complete declared populations"
    },
    {
      "phase": "immediate:53",
      "identity_check_kind": "in_memory_structure_and_configuration",
      "recipe_verification_seconds": 0.0,
      "identity_verification_seconds": 0.0,
      "identity_check_seconds": 0.0020291300606913865,
      "state_hash_seconds": 0.004104739869944751,
      "clone_seconds": 0.0,
      "restore_seconds": 0.0,
      "file_write_seconds": 5.891307955607772e-05,
      "operation_seconds": 0.03218679298879579,
      "total_phase_seconds": 0.03847060300176963,
      "scope": "file writes include journal intent/add/flush; excludes this timing receipt and checkpoint writes",
      "mode": "stage4_sealed_cell",
      "banner": "sealed Stage 4; scientific admission also requires complete declared populations"
    },
    {
      "phase": "edit:54",
      "identity_check_kind": "in_memory_structure_and_configuration",
      "recipe_verification_seconds": 0.0,
      "identity_verification_seconds": 0.0,
      "identity_check_seconds": 0.002092332055326551,
      "state_hash_seconds": 0.00015249097486957908,
      "clone_seconds": 0.0,
      "restore_seconds": 0.0,
      "file_write_seconds": 6.451399531215429e-05,
      "operation_seconds": 0.12929722596891224,
      "total_phase_seconds": 0.13167060900013894,
      "scope": "file writes include journal intent/add/flush; excludes this timing receipt and checkpoint writes",
      "mode": "stage4_sealed_cell",
      "banner": "sealed Stage 4; scientific admission also requires complete declared populations"
    },
    {
      "phase": "immediate:54",
      "identity_check_kind": "in_memory_structure_and_configuration",
      "recipe_verification_seconds": 0.0,
      "identity_verification_seconds": 0.0,
      "identity_check_seconds": 0.001988834934309125,
      "state_hash_seconds": 0.004236504959408194,
      "clone_seconds": 0.0,
      "restore_seconds": 0.0,
      "file_write_seconds": 8.147599874064326e-05,
      "operation_seconds": 0.02893596899230033,
      "total_phase_seconds": 0.035341333015821874,
      "scope": "file writes include journal intent/add/flush; excludes this timing receipt and checkpoint writes",
      "mode": "stage4_sealed_cell",
      "banner": "sealed Stage 4; scientific admission also requires complete declared populations"
    },
    {
      "phase": "edit:55",
      "identity_check_kind": "in_memory_structure_and_configuration",
      "recipe_verification_seconds": 0.0,
      "identity_verification_seconds": 0.0,
      "identity_check_seconds": 0.002082482969854027,
      "state_hash_seconds": 0.00022501207422465086,
      "clone_seconds": 0.0,
      "restore_seconds": 0.0,
      "file_write_seconds": 5.883403355255723e-05,
      "operation_seconds": 0.28862196602858603,
      "total_phase_seconds": 0.2910678260377608,
      "scope": "file writes include journal intent/add/flush; excludes this timing receipt and checkpoint writes",
      "mode": "stage4_sealed_cell",
      "banner": "sealed Stage 4; scientific admission also requires complete declared populations"
    },
    {
      "phase": "immediate:55",
      "identity_check_kind": "in_memory_structure_and_configuration",
      "recipe_verification_seconds": 0.0,
      "identity_verification_seconds": 0.0,
      "identity_check_seconds": 0.0019459719769656658,
      "state_hash_seconds": 0.004263075068593025,
      "clone_seconds": 0.0,
      "restore_seconds": 0.0,
      "file_write_seconds": 5.821202648803592e-05,
      "operation_seconds": 0.055468819045927376,
      "total_phase_seconds": 0.061812735977582633,
      "scope": "file writes include journal intent/add/flush; excludes this timing receipt and checkpoint writes",
      "mode": "stage4_sealed_cell",
      "banner": "sealed Stage 4; scientific admission also requires complete declared populations"
    },
    {
      "phase": "edit:56",
      "identity_check_kind": "in_memory_structure_and_configuration",
      "recipe_verification_seconds": 0.0,
      "identity_verification_seconds": 0.0,
      "identity_check_seconds": 0.0019736140384338796,
      "state_hash_seconds": 0.00014256295980885625,
      "clone_seconds": 0.0,
      "restore_seconds": 0.0,
      "file_write_seconds": 6.936304271221161e-05,
      "operation_seconds": 0.1953864639508538,
      "total_phase_seconds": 0.19763116800459102,
      "scope": "file writes include journal intent/add/flush; excludes this timing receipt and checkpoint writes",
      "mode": "stage4_sealed_cell",
      "banner": "sealed Stage 4; scientific admission also requires complete declared populations"
    },
    {
      "phase": "immediate:56",
      "identity_check_kind": "in_memory_structure_and_configuration",
      "recipe_verification_seconds": 0.0,
      "identity_verification_seconds": 0.0,
      "identity_check_seconds": 0.0019591659074649215,
      "state_hash_seconds": 0.004589290940202773,
      "clone_seconds": 0.0,
      "restore_seconds": 0.0,
      "file_write_seconds": 5.774101009592414e-05,
      "operation_seconds": 0.04701397701865062,
      "total_phase_seconds": 0.05370409495662898,
      "scope": "file writes include journal intent/add/flush; excludes this timing receipt and checkpoint writes",
      "mode": "stage4_sealed_cell",
      "banner": "sealed Stage 4; scientific admission also requires complete declared populations"
    },
    {
      "phase": "edit:57",
      "identity_check_kind": "in_memory_structure_and_configuration",
      "recipe_verification_seconds": 0.0,
      "identity_verification_seconds": 0.0,
      "identity_check_seconds": 0.0024175859289243817,
      "state_hash_seconds": 0.00019944296218454838,
      "clone_seconds": 0.0,
      "restore_seconds": 0.0,
      "file_write_seconds": 5.871301982551813e-05,
      "operation_seconds": 0.1615774590172805,
      "total_phase_seconds": 0.16433260298799723,
      "scope": "file writes include journal intent/add/flush; excludes this timing receipt and checkpoint writes",
      "mode": "stage4_sealed_cell",
      "banner": "sealed Stage 4; scientific admission also requires complete declared populations"
    },
    {
      "phase": "immediate:57",
      "identity_check_kind": "in_memory_structure_and_configuration",
      "recipe_verification_seconds": 0.0,
      "identity_verification_seconds": 0.0,
      "identity_check_seconds": 0.0021862320136278868,
      "state_hash_seconds": 0.00464666000334546,
      "clone_seconds": 0.0,
      "restore_seconds": 0.0,
      "file_write_seconds": 5.92030119150877e-05,
      "operation_seconds": 0.04125032405136153,
      "total_phase_seconds": 0.04822824499569833,
      "scope": "file writes include journal intent/add/flush; excludes this timing receipt and checkpoint writes",
      "mode": "stage4_sealed_cell",
      "banner": "sealed Stage 4; scientific admission also requires complete declared populations"
    },
    {
      "phase": "edit:58",
      "identity_check_kind": "in_memory_structure_and_configuration",
      "recipe_verification_seconds": 0.0,
      "identity_verification_seconds": 0.0,
      "identity_check_seconds": 0.0019396999850869179,
      "state_hash_seconds": 0.00014372594887390733,
      "clone_seconds": 0.0,
      "restore_seconds": 0.0,
      "file_write_seconds": 5.747994873672724e-05,
      "operation_seconds": 0.2614310329663567,
      "total_phase_seconds": 0.2636309319641441,
      "scope": "file writes include journal intent/add/flush; excludes this timing receipt and checkpoint writes",
      "mode": "stage4_sealed_cell",
      "banner": "sealed Stage 4; scientific admission also requires complete declared populations"
    },
    {
      "phase": "immediate:58",
      "identity_check_kind": "in_memory_structure_and_configuration",
      "recipe_verification_seconds": 0.0,
      "identity_verification_seconds": 0.0,
      "identity_check_seconds": 0.002194207045249641,
      "state_hash_seconds": 0.004908581962808967,
      "clone_seconds": 0.0,
      "restore_seconds": 0.0,
      "file_write_seconds": 5.6518998462706804e-05,
      "operation_seconds": 0.05818460800219327,
      "total_phase_seconds": 0.06542974099284038,
      "scope": "file writes include journal intent/add/flush; excludes this timing receipt and checkpoint writes",
      "mode": "stage4_sealed_cell",
      "banner": "sealed Stage 4; scientific admission also requires complete declared populations"
    },
    {
      "phase": "edit:59",
      "identity_check_kind": "in_memory_structure_and_configuration",
      "recipe_verification_seconds": 0.0,
      "identity_verification_seconds": 0.0,
      "identity_check_seconds": 0.001958706008736044,
      "state_hash_seconds": 0.00014453596668317914,
      "clone_seconds": 0.0,
      "restore_seconds": 0.0,
      "file_write_seconds": 5.790096474811435e-05,
      "operation_seconds": 0.17878804297652096,
      "total_phase_seconds": 0.1810078900307417,
      "scope": "file writes include journal intent/add/flush; excludes this timing receipt and checkpoint writes",
      "mode": "stage4_sealed_cell",
      "banner": "sealed Stage 4; scientific admission also requires complete declared populations"
    },
    {
      "phase": "immediate:59",
      "identity_check_kind": "in_memory_structure_and_configuration",
      "recipe_verification_seconds": 0.0,
      "identity_verification_seconds": 0.0,
      "identity_check_seconds": 0.001963485963642597,
      "state_hash_seconds": 0.0048563419841229916,
      "clone_seconds": 0.0,
      "restore_seconds": 0.0,
      "file_write_seconds": 5.8844045270234346e-05,
      "operation_seconds": 0.046126073983032256,
      "total_phase_seconds": 0.05309095000848174,
      "scope": "file writes include journal intent/add/flush; excludes this timing receipt and checkpoint writes",
      "mode": "stage4_sealed_cell",
      "banner": "sealed Stage 4; scientific admission also requires complete declared populations"
    },
    {
      "phase": "edit:60",
      "identity_check_kind": "in_memory_structure_and_configuration",
      "recipe_verification_seconds": 0.0,
      "identity_verification_seconds": 0.0,
      "identity_check_seconds": 0.002227171033155173,
      "state_hash_seconds": 0.0001620299881324172,
      "clone_seconds": 0.0,
      "restore_seconds": 0.0,
      "file_write_seconds": 5.823100218549371e-05,
      "operation_seconds": 0.12245441495906562,
      "total_phase_seconds": 0.12497653200989589,
      "scope": "file writes include journal intent/add/flush; excludes this timing receipt and checkpoint writes",
      "mode": "stage4_sealed_cell",
      "banner": "sealed Stage 4; scientific admission also requires complete declared populations"
    },
    {
      "phase": "immediate:60",
      "identity_check_kind": "in_memory_structure_and_configuration",
      "recipe_verification_seconds": 0.0,
      "identity_verification_seconds": 0.0,
      "identity_check_seconds": 0.0018492270028218627,
      "state_hash_seconds": 0.004776287998538464,
      "clone_seconds": 0.0,
      "restore_seconds": 0.0,
      "file_write_seconds": 5.7992059737443924e-05,
      "operation_seconds": 0.03707871399819851,
      "total_phase_seconds": 0.04383636300917715,
      "scope": "file writes include journal intent/add/flush; excludes this timing receipt and checkpoint writes",
      "mode": "stage4_sealed_cell",
      "banner": "sealed Stage 4; scientific admission also requires complete declared populations"
    },
    {
      "phase": "edit:61",
      "identity_check_kind": "in_memory_structure_and_configuration",
      "recipe_verification_seconds": 0.0,
      "identity_verification_seconds": 0.0,
      "identity_check_seconds": 0.0030127979698590934,
      "state_hash_seconds": 0.000220451969653368,
      "clone_seconds": 0.0,
      "restore_seconds": 0.0,
      "file_write_seconds": 5.887303268536925e-05,
      "operation_seconds": 0.22329917002934963,
      "total_phase_seconds": 0.22667003399692476,
      "scope": "file writes include journal intent/add/flush; excludes this timing receipt and checkpoint writes",
      "mode": "stage4_sealed_cell",
      "banner": "sealed Stage 4; scientific admission also requires complete declared populations"
    },
    {
      "phase": "immediate:61",
      "identity_check_kind": "in_memory_structure_and_configuration",
      "recipe_verification_seconds": 0.0,
      "identity_verification_seconds": 0.0,
      "identity_check_seconds": 0.0020476459176279604,
      "state_hash_seconds": 0.004946325032506138,
      "clone_seconds": 0.0,
      "restore_seconds": 0.0,
      "file_write_seconds": 5.6697987020015717e-05,
      "operation_seconds": 0.0493971059913747,
      "total_phase_seconds": 0.05654217803385109,
      "scope": "file writes include journal intent/add/flush; excludes this timing receipt and checkpoint writes",
      "mode": "stage4_sealed_cell",
      "banner": "sealed Stage 4; scientific admission also requires complete declared populations"
    },
    {
      "phase": "edit:62",
      "identity_check_kind": "in_memory_structure_and_configuration",
      "recipe_verification_seconds": 0.0,
      "identity_verification_seconds": 0.0,
      "identity_check_seconds": 0.0019399489974603057,
      "state_hash_seconds": 0.00015893590170890093,
      "clone_seconds": 0.0,
      "restore_seconds": 0.0,
      "file_write_seconds": 5.959399277344346e-05,
      "operation_seconds": 0.09376578003866598,
      "total_phase_seconds": 0.09598841203842312,
      "scope": "file writes include journal intent/add/flush; excludes this timing receipt and checkpoint writes",
      "mode": "stage4_sealed_cell",
      "banner": "sealed Stage 4; scientific admission also requires complete declared populations"
    },
    {
      "phase": "immediate:62",
      "identity_check_kind": "in_memory_structure_and_configuration",
      "recipe_verification_seconds": 0.0,
      "identity_verification_seconds": 0.0,
      "identity_check_seconds": 0.0019622729741968215,
      "state_hash_seconds": 0.00510711403330788,
      "clone_seconds": 0.0,
      "restore_seconds": 0.0,
      "file_write_seconds": 5.7439960073679686e-05,
      "operation_seconds": 0.029155639989767224,
      "total_phase_seconds": 0.036356068041641265,
      "scope": "file writes include journal intent/add/flush; excludes this timing receipt and checkpoint writes",
      "mode": "stage4_sealed_cell",
      "banner": "sealed Stage 4; scientific admission also requires complete declared populations"
    },
    {
      "phase": "edit:63",
      "identity_check_kind": "in_memory_structure_and_configuration",
      "recipe_verification_seconds": 0.0,
      "identity_verification_seconds": 0.0,
      "identity_check_seconds": 0.001883711025584489,
      "state_hash_seconds": 0.00015507795615121722,
      "clone_seconds": 0.0,
      "restore_seconds": 0.0,
      "file_write_seconds": 5.739001790061593e-05,
      "operation_seconds": 0.08512221497949213,
      "total_phase_seconds": 0.08727941202232614,
      "scope": "file writes include journal intent/add/flush; excludes this timing receipt and checkpoint writes",
      "mode": "stage4_sealed_cell",
      "banner": "sealed Stage 4; scientific admission also requires complete declared populations"
    },
    {
      "phase": "immediate:63",
      "identity_check_kind": "in_memory_structure_and_configuration",
      "recipe_verification_seconds": 0.0,
      "identity_verification_seconds": 0.0,
      "identity_check_seconds": 0.0019210139871574938,
      "state_hash_seconds": 0.005081043986137956,
      "clone_seconds": 0.0,
      "restore_seconds": 0.0,
      "file_write_seconds": 5.758099723607302e-05,
      "operation_seconds": 0.03340146300615743,
      "total_phase_seconds": 0.04054512199945748,
      "scope": "file writes include journal intent/add/flush; excludes this timing receipt and checkpoint writes",
      "mode": "stage4_sealed_cell",
      "banner": "sealed Stage 4; scientific admission also requires complete declared populations"
    },
    {
      "phase": "edit:64",
      "identity_check_kind": "in_memory_structure_and_configuration",
      "recipe_verification_seconds": 0.0,
      "identity_verification_seconds": 0.0,
      "identity_check_seconds": 0.002172314969357103,
      "state_hash_seconds": 0.00016127002891153097,
      "clone_seconds": 0.0,
      "restore_seconds": 0.0,
      "file_write_seconds": 5.927402526140213e-05,
      "operation_seconds": 0.09215161501197144,
      "total_phase_seconds": 0.09460915700765327,
      "scope": "file writes include journal intent/add/flush; excludes this timing receipt and checkpoint writes",
      "mode": "stage4_sealed_cell",
      "banner": "sealed Stage 4; scientific admission also requires complete declared populations"
    },
    {
      "phase": "immediate:64",
      "identity_check_kind": "in_memory_structure_and_configuration",
      "recipe_verification_seconds": 0.0,
      "identity_verification_seconds": 0.0,
      "identity_check_seconds": 0.001908330013975501,
      "state_hash_seconds": 0.0050372100668028,
      "clone_seconds": 0.0,
      "restore_seconds": 0.0,
      "file_write_seconds": 0.004790375998709351,
      "operation_seconds": 0.03280482901027426,
      "total_phase_seconds": 0.04461831203661859,
      "scope": "file writes include journal intent/add/flush; excludes this timing receipt and checkpoint writes",
      "mode": "stage4_sealed_cell",
      "banner": "sealed Stage 4; scientific admission also requires complete declared populations"
    },
    {
      "phase": "edit:65",
      "identity_check_kind": "in_memory_structure_and_configuration",
      "recipe_verification_seconds": 0.0,
      "identity_verification_seconds": 0.0,
      "identity_check_seconds": 0.00239453196991235,
      "state_hash_seconds": 0.00022721599088981748,
      "clone_seconds": 0.0,
      "restore_seconds": 0.0,
      "file_write_seconds": 0.0013842550106346607,
      "operation_seconds": 0.28704619500786066,
      "total_phase_seconds": 0.291147580021061,
      "scope": "file writes include journal intent/add/flush; excludes this timing receipt and checkpoint writes",
      "mode": "stage4_sealed_cell",
      "banner": "sealed Stage 4; scientific admission also requires complete declared populations"
    },
    {
      "phase": "immediate:65",
      "identity_check_kind": "in_memory_structure_and_configuration",
      "recipe_verification_seconds": 0.0,
      "identity_verification_seconds": 0.0,
      "identity_check_seconds": 0.002187774982303381,
      "state_hash_seconds": 0.00564833206590265,
      "clone_seconds": 0.0,
      "restore_seconds": 0.0,
      "file_write_seconds": 5.655904533341527e-05,
      "operation_seconds": 0.0631262440001592,
      "total_phase_seconds": 0.07110776903573424,
      "scope": "file writes include journal intent/add/flush; excludes this timing receipt and checkpoint writes",
      "mode": "stage4_sealed_cell",
      "banner": "sealed Stage 4; scientific admission also requires complete declared populations"
    },
    {
      "phase": "edit:66",
      "identity_check_kind": "in_memory_structure_and_configuration",
      "recipe_verification_seconds": 0.0,
      "identity_verification_seconds": 0.0,
      "identity_check_seconds": 0.002064399013761431,
      "state_hash_seconds": 0.0001539649092592299,
      "clone_seconds": 0.0,
      "restore_seconds": 0.0,
      "file_write_seconds": 5.8882986195385456e-05,
      "operation_seconds": 0.09469127497868612,
      "total_phase_seconds": 0.09703134302981198,
      "scope": "file writes include journal intent/add/flush; excludes this timing receipt and checkpoint writes",
      "mode": "stage4_sealed_cell",
      "banner": "sealed Stage 4; scientific admission also requires complete declared populations"
    },
    {
      "phase": "immediate:66",
      "identity_check_kind": "in_memory_structure_and_configuration",
      "recipe_verification_seconds": 0.0,
      "identity_verification_seconds": 0.0,
      "identity_check_seconds": 0.001986630028113723,
      "state_hash_seconds": 0.005343966942746192,
      "clone_seconds": 0.0,
      "restore_seconds": 0.0,
      "file_write_seconds": 5.660793976858258e-05,
      "operation_seconds": 0.03223576699383557,
      "total_phase_seconds": 0.039701221976429224,
      "scope": "file writes include journal intent/add/flush; excludes this timing receipt and checkpoint writes",
      "mode": "stage4_sealed_cell",
      "banner": "sealed Stage 4; scientific admission also requires complete declared populations"
    },
    {
      "phase": "edit:67",
      "identity_check_kind": "in_memory_structure_and_configuration",
      "recipe_verification_seconds": 0.0,
      "identity_verification_seconds": 0.0,
      "identity_check_seconds": 0.001980968052521348,
      "state_hash_seconds": 0.00016380491433665156,
      "clone_seconds": 0.0,
      "restore_seconds": 0.0,
      "file_write_seconds": 6.790994666516781e-05,
      "operation_seconds": 0.11650852300226688,
      "total_phase_seconds": 0.11878657102352008,
      "scope": "file writes include journal intent/add/flush; excludes this timing receipt and checkpoint writes",
      "mode": "stage4_sealed_cell",
      "banner": "sealed Stage 4; scientific admission also requires complete declared populations"
    },
    {
      "phase": "immediate:67",
      "identity_check_kind": "in_memory_structure_and_configuration",
      "recipe_verification_seconds": 0.0,
      "identity_verification_seconds": 0.0,
      "identity_check_seconds": 0.001992671051993966,
      "state_hash_seconds": 0.005247453926131129,
      "clone_seconds": 0.0,
      "restore_seconds": 0.0,
      "file_write_seconds": 9.968096856027842e-05,
      "operation_seconds": 0.033934384991880506,
      "total_phase_seconds": 0.0413803729461506,
      "scope": "file writes include journal intent/add/flush; excludes this timing receipt and checkpoint writes",
      "mode": "stage4_sealed_cell",
      "banner": "sealed Stage 4; scientific admission also requires complete declared populations"
    },
    {
      "phase": "edit:68",
      "identity_check_kind": "in_memory_structure_and_configuration",
      "recipe_verification_seconds": 0.0,
      "identity_verification_seconds": 0.0,
      "identity_check_seconds": 0.0021632679854519665,
      "state_hash_seconds": 0.00018235103925690055,
      "clone_seconds": 0.0,
      "restore_seconds": 0.0,
      "file_write_seconds": 5.833193426951766e-05,
      "operation_seconds": 0.16889477102085948,
      "total_phase_seconds": 0.17136898601893336,
      "scope": "file writes include journal intent/add/flush; excludes this timing receipt and checkpoint writes",
      "mode": "stage4_sealed_cell",
      "banner": "sealed Stage 4; scientific admission also requires complete declared populations"
    },
    {
      "phase": "immediate:68",
      "identity_check_kind": "in_memory_structure_and_configuration",
      "recipe_verification_seconds": 0.0,
      "identity_verification_seconds": 0.0,
      "identity_check_seconds": 0.0019885340007022023,
      "state_hash_seconds": 0.005652742111124098,
      "clone_seconds": 0.0,
      "restore_seconds": 0.0,
      "file_write_seconds": 6.056600250303745e-05,
      "operation_seconds": 0.04168601898709312,
      "total_phase_seconds": 0.0494835419813171,
      "scope": "file writes include journal intent/add/flush; excludes this timing receipt and checkpoint writes",
      "mode": "stage4_sealed_cell",
      "banner": "sealed Stage 4; scientific admission also requires complete declared populations"
    },
    {
      "phase": "edit:69",
      "identity_check_kind": "in_memory_structure_and_configuration",
      "recipe_verification_seconds": 0.0,
      "identity_verification_seconds": 0.0,
      "identity_check_seconds": 0.0020574850495904684,
      "state_hash_seconds": 0.00017039693193510175,
      "clone_seconds": 0.0,
      "restore_seconds": 0.0,
      "file_write_seconds": 5.830102600157261e-05,
      "operation_seconds": 0.08730602299328893,
      "total_phase_seconds": 0.08966049796435982,
      "scope": "file writes include journal intent/add/flush; excludes this timing receipt and checkpoint writes",
      "mode": "stage4_sealed_cell",
      "banner": "sealed Stage 4; scientific admission also requires complete declared populations"
    },
    {
      "phase": "immediate:69",
      "identity_check_kind": "in_memory_structure_and_configuration",
      "recipe_verification_seconds": 0.0,
      "identity_verification_seconds": 0.0,
      "identity_check_seconds": 0.0019469429971650243,
      "state_hash_seconds": 0.005379416048526764,
      "clone_seconds": 0.0,
      "restore_seconds": 0.0,
      "file_write_seconds": 5.7650962844491005e-05,
      "operation_seconds": 0.033470684953499585,
      "total_phase_seconds": 0.04093583003850654,
      "scope": "file writes include journal intent/add/flush; excludes this timing receipt and checkpoint writes",
      "mode": "stage4_sealed_cell",
      "banner": "sealed Stage 4; scientific admission also requires complete declared populations"
    },
    {
      "phase": "edit:70",
      "identity_check_kind": "in_memory_structure_and_configuration",
      "recipe_verification_seconds": 0.0,
      "identity_verification_seconds": 0.0,
      "identity_check_seconds": 0.0018757360521703959,
      "state_hash_seconds": 0.0001550769666209817,
      "clone_seconds": 0.0,
      "restore_seconds": 0.0,
      "file_write_seconds": 5.741103086620569e-05,
      "operation_seconds": 0.17220602103043348,
      "total_phase_seconds": 0.1743553220294416,
      "scope": "file writes include journal intent/add/flush; excludes this timing receipt and checkpoint writes",
      "mode": "stage4_sealed_cell",
      "banner": "sealed Stage 4; scientific admission also requires complete declared populations"
    },
    {
      "phase": "immediate:70",
      "identity_check_kind": "in_memory_structure_and_configuration",
      "recipe_verification_seconds": 0.0,
      "identity_verification_seconds": 0.0,
      "identity_check_seconds": 0.0021365280263125896,
      "state_hash_seconds": 0.005701553018298,
      "clone_seconds": 0.0,
      "restore_seconds": 0.0,
      "file_write_seconds": 5.786004476249218e-05,
      "operation_seconds": 0.043746239971369505,
      "total_phase_seconds": 0.051739597984123975,
      "scope": "file writes include journal intent/add/flush; excludes this timing receipt and checkpoint writes",
      "mode": "stage4_sealed_cell",
      "banner": "sealed Stage 4; scientific admission also requires complete declared populations"
    },
    {
      "phase": "edit:71",
      "identity_check_kind": "in_memory_structure_and_configuration",
      "recipe_verification_seconds": 0.0,
      "identity_verification_seconds": 0.0,
      "identity_check_seconds": 0.0021711330045945942,
      "state_hash_seconds": 0.00017992500215768814,
      "clone_seconds": 0.0,
      "restore_seconds": 0.0,
      "file_write_seconds": 6.383302388712764e-05,
      "operation_seconds": 0.13086576503701508,
      "total_phase_seconds": 0.13336304400581867,
      "scope": "file writes include journal intent/add/flush; excludes this timing receipt and checkpoint writes",
      "mode": "stage4_sealed_cell",
      "banner": "sealed Stage 4; scientific admission also requires complete declared populations"
    },
    {
      "phase": "immediate:71",
      "identity_check_kind": "in_memory_structure_and_configuration",
      "recipe_verification_seconds": 0.0,
      "identity_verification_seconds": 0.0,
      "identity_check_seconds": 0.0020740869804285467,
      "state_hash_seconds": 0.005531756905838847,
      "clone_seconds": 0.0,
      "restore_seconds": 0.0,
      "file_write_seconds": 5.6007993407547474e-05,
      "operation_seconds": 0.03814900602446869,
      "total_phase_seconds": 0.0458930570166558,
      "scope": "file writes include journal intent/add/flush; excludes this timing receipt and checkpoint writes",
      "mode": "stage4_sealed_cell",
      "banner": "sealed Stage 4; scientific admission also requires complete declared populations"
    },
    {
      "phase": "edit:72",
      "identity_check_kind": "in_memory_structure_and_configuration",
      "recipe_verification_seconds": 0.0,
      "identity_verification_seconds": 0.0,
      "identity_check_seconds": 0.002026336034759879,
      "state_hash_seconds": 0.00017670902889221907,
      "clone_seconds": 0.0,
      "restore_seconds": 0.0,
      "file_write_seconds": 5.8993929997086525e-05,
      "operation_seconds": 0.09572936501353979,
      "total_phase_seconds": 0.0980564879719168,
      "scope": "file writes include journal intent/add/flush; excludes this timing receipt and checkpoint writes",
      "mode": "stage4_sealed_cell",
      "banner": "sealed Stage 4; scientific admission also requires complete declared populations"
    },
    {
      "phase": "immediate:72",
      "identity_check_kind": "in_memory_structure_and_configuration",
      "recipe_verification_seconds": 0.0,
      "identity_verification_seconds": 0.0,
      "identity_check_seconds": 0.002028419985435903,
      "state_hash_seconds": 0.005879664036910981,
      "clone_seconds": 0.0,
      "restore_seconds": 0.0,
      "file_write_seconds": 5.75610320083797e-05,
      "operation_seconds": 0.03093032300239429,
      "total_phase_seconds": 0.03899205301422626,
      "scope": "file writes include journal intent/add/flush; excludes this timing receipt and checkpoint writes",
      "mode": "stage4_sealed_cell",
      "banner": "sealed Stage 4; scientific admission also requires complete declared populations"
    },
    {
      "phase": "edit:73",
      "identity_check_kind": "in_memory_structure_and_configuration",
      "recipe_verification_seconds": 0.0,
      "identity_verification_seconds": 0.0,
      "identity_check_seconds": 0.0021631179843097925,
      "state_hash_seconds": 0.00019993394380435348,
      "clone_seconds": 0.0,
      "restore_seconds": 0.0,
      "file_write_seconds": 5.886296276003122e-05,
      "operation_seconds": 0.09341844398295507,
      "total_phase_seconds": 0.09592704498209059,
      "scope": "file writes include journal intent/add/flush; excludes this timing receipt and checkpoint writes",
      "mode": "stage4_sealed_cell",
      "banner": "sealed Stage 4; scientific admission also requires complete declared populations"
    },
    {
      "phase": "immediate:73",
      "identity_check_kind": "in_memory_structure_and_configuration",
      "recipe_verification_seconds": 0.0,
      "identity_verification_seconds": 0.0,
      "identity_check_seconds": 0.002051123941782862,
      "state_hash_seconds": 0.005926044948864728,
      "clone_seconds": 0.0,
      "restore_seconds": 0.0,
      "file_write_seconds": 5.871296161785722e-05,
      "operation_seconds": 0.029329114011488855,
      "total_phase_seconds": 0.037463281012605876,
      "scope": "file writes include journal intent/add/flush; excludes this timing receipt and checkpoint writes",
      "mode": "stage4_sealed_cell",
      "banner": "sealed Stage 4; scientific admission also requires complete declared populations"
    },
    {
      "phase": "edit:74",
      "identity_check_kind": "in_memory_structure_and_configuration",
      "recipe_verification_seconds": 0.0,
      "identity_verification_seconds": 0.0,
      "identity_check_seconds": 0.002113443042617291,
      "state_hash_seconds": 0.00019509490812197328,
      "clone_seconds": 0.0,
      "restore_seconds": 0.0,
      "file_write_seconds": 8.055398939177394e-05,
      "operation_seconds": 0.08821193902986124,
      "total_phase_seconds": 0.09068583301268518,
      "scope": "file writes include journal intent/add/flush; excludes this timing receipt and checkpoint writes",
      "mode": "stage4_sealed_cell",
      "banner": "sealed Stage 4; scientific admission also requires complete declared populations"
    },
    {
      "phase": "immediate:74",
      "identity_check_kind": "in_memory_structure_and_configuration",
      "recipe_verification_seconds": 0.0,
      "identity_verification_seconds": 0.0,
      "identity_check_seconds": 0.002067754976451397,
      "state_hash_seconds": 0.005724169022869319,
      "clone_seconds": 0.0,
      "restore_seconds": 0.0,
      "file_write_seconds": 5.7279947213828564e-05,
      "operation_seconds": 0.034131513035390526,
      "total_phase_seconds": 0.04205964598804712,
      "scope": "file writes include journal intent/add/flush; excludes this timing receipt and checkpoint writes",
      "mode": "stage4_sealed_cell",
      "banner": "sealed Stage 4; scientific admission also requires complete declared populations"
    },
    {
      "phase": "edit:75",
      "identity_check_kind": "in_memory_structure_and_configuration",
      "recipe_verification_seconds": 0.0,
      "identity_verification_seconds": 0.0,
      "identity_check_seconds": 0.0019436480361036956,
      "state_hash_seconds": 0.00017258099978789687,
      "clone_seconds": 0.0,
      "restore_seconds": 0.0,
      "file_write_seconds": 5.809206049889326e-05,
      "operation_seconds": 0.10019900696352124,
      "total_phase_seconds": 0.10243491397704929,
      "scope": "file writes include journal intent/add/flush; excludes this timing receipt and checkpoint writes",
      "mode": "stage4_sealed_cell",
      "banner": "sealed Stage 4; scientific admission also requires complete declared populations"
    },
    {
      "phase": "immediate:75",
      "identity_check_kind": "in_memory_structure_and_configuration",
      "recipe_verification_seconds": 0.0,
      "identity_verification_seconds": 0.0,
      "identity_check_seconds": 0.001872191030997783,
      "state_hash_seconds": 0.005972963059321046,
      "clone_seconds": 0.0,
      "restore_seconds": 0.0,
      "file_write_seconds": 5.843199323862791e-05,
      "operation_seconds": 0.034861942986026406,
      "total_phase_seconds": 0.04285329801496118,
      "scope": "file writes include journal intent/add/flush; excludes this timing receipt and checkpoint writes",
      "mode": "stage4_sealed_cell",
      "banner": "sealed Stage 4; scientific admission also requires complete declared populations"
    },
    {
      "phase": "edit:76",
      "identity_check_kind": "in_memory_structure_and_configuration",
      "recipe_verification_seconds": 0.0,
      "identity_verification_seconds": 0.0,
      "identity_check_seconds": 0.0021743200486525893,
      "state_hash_seconds": 0.00021473097149282694,
      "clone_seconds": 0.0,
      "restore_seconds": 0.0,
      "file_write_seconds": 5.8312027249485254e-05,
      "operation_seconds": 0.18455290899146348,
      "total_phase_seconds": 0.18707182904472575,
      "scope": "file writes include journal intent/add/flush; excludes this timing receipt and checkpoint writes",
      "mode": "stage4_sealed_cell",
      "banner": "sealed Stage 4; scientific admission also requires complete declared populations"
    },
    {
      "phase": "immediate:76",
      "identity_check_kind": "in_memory_structure_and_configuration",
      "recipe_verification_seconds": 0.0,
      "identity_verification_seconds": 0.0,
      "identity_check_seconds": 0.002052876981906593,
      "state_hash_seconds": 0.005850378074683249,
      "clone_seconds": 0.0,
      "restore_seconds": 0.0,
      "file_write_seconds": 6.223894888535142e-05,
      "operation_seconds": 0.04269000404747203,
      "total_phase_seconds": 0.050776171032339334,
      "scope": "file writes include journal intent/add/flush; excludes this timing receipt and checkpoint writes",
      "mode": "stage4_sealed_cell",
      "banner": "sealed Stage 4; scientific admission also requires complete declared populations"
    },
    {
      "phase": "edit:77",
      "identity_check_kind": "in_memory_structure_and_configuration",
      "recipe_verification_seconds": 0.0,
      "identity_verification_seconds": 0.0,
      "identity_check_seconds": 0.001986528979614377,
      "state_hash_seconds": 0.00019270996563136578,
      "clone_seconds": 0.0,
      "restore_seconds": 0.0,
      "file_write_seconds": 5.770102143287659e-05,
      "operation_seconds": 0.08971250703325495,
      "total_phase_seconds": 0.0920111250015907,
      "scope": "file writes include journal intent/add/flush; excludes this timing receipt and checkpoint writes",
      "mode": "stage4_sealed_cell",
      "banner": "sealed Stage 4; scientific admission also requires complete declared populations"
    },
    {
      "phase": "immediate:77",
      "identity_check_kind": "in_memory_structure_and_configuration",
      "recipe_verification_seconds": 0.0,
      "identity_verification_seconds": 0.0,
      "identity_check_seconds": 0.001898421032819897,
      "state_hash_seconds": 0.00637466402258724,
      "clone_seconds": 0.0,
      "restore_seconds": 0.0,
      "file_write_seconds": 5.681003676727414e-05,
      "operation_seconds": 0.028997696994338185,
      "total_phase_seconds": 0.03740871598711237,
      "scope": "file writes include journal intent/add/flush; excludes this timing receipt and checkpoint writes",
      "mode": "stage4_sealed_cell",
      "banner": "sealed Stage 4; scientific admission also requires complete declared populations"
    },
    {
      "phase": "edit:78",
      "identity_check_kind": "in_memory_structure_and_configuration",
      "recipe_verification_seconds": 0.0,
      "identity_verification_seconds": 0.0,
      "identity_check_seconds": 0.0020785460365004838,
      "state_hash_seconds": 0.00019781995797529817,
      "clone_seconds": 0.0,
      "restore_seconds": 0.0,
      "file_write_seconds": 5.782098742201924e-05,
      "operation_seconds": 0.09387121198233217,
      "total_phase_seconds": 0.09626521298196167,
      "scope": "file writes include journal intent/add/flush; excludes this timing receipt and checkpoint writes",
      "mode": "stage4_sealed_cell",
      "banner": "sealed Stage 4; scientific admission also requires complete declared populations"
    },
    {
      "phase": "immediate:78",
      "identity_check_kind": "in_memory_structure_and_configuration",
      "recipe_verification_seconds": 0.0,
      "identity_verification_seconds": 0.0,
      "identity_check_seconds": 0.001975507999304682,
      "state_hash_seconds": 0.006006229028571397,
      "clone_seconds": 0.0,
      "restore_seconds": 0.0,
      "file_write_seconds": 5.6357996072620153e-05,
      "operation_seconds": 0.0292905590031296,
      "total_phase_seconds": 0.03740668296813965,
      "scope": "file writes include journal intent/add/flush; excludes this timing receipt and checkpoint writes",
      "mode": "stage4_sealed_cell",
      "banner": "sealed Stage 4; scientific admission also requires complete declared populations"
    },
    {
      "phase": "edit:79",
      "identity_check_kind": "in_memory_structure_and_configuration",
      "recipe_verification_seconds": 0.0,
      "identity_verification_seconds": 0.0,
      "identity_check_seconds": 0.0019261529669165611,
      "state_hash_seconds": 0.00017831195145845413,
      "clone_seconds": 0.0,
      "restore_seconds": 0.0,
      "file_write_seconds": 5.802104715257883e-05,
      "operation_seconds": 0.11671220295829698,
      "total_phase_seconds": 0.11893526703352109,
      "scope": "file writes include journal intent/add/flush; excludes this timing receipt and checkpoint writes",
      "mode": "stage4_sealed_cell",
      "banner": "sealed Stage 4; scientific admission also requires complete declared populations"
    },
    {
      "phase": "immediate:79",
      "identity_check_kind": "in_memory_structure_and_configuration",
      "recipe_verification_seconds": 0.0,
      "identity_verification_seconds": 0.0,
      "identity_check_seconds": 0.0020046940189786255,
      "state_hash_seconds": 0.006018369982484728,
      "clone_seconds": 0.0,
      "restore_seconds": 0.0,
      "file_write_seconds": 5.825306288897991e-05,
      "operation_seconds": 0.03488326398655772,
      "total_phase_seconds": 0.04305576701881364,
      "scope": "file writes include journal intent/add/flush; excludes this timing receipt and checkpoint writes",
      "mode": "stage4_sealed_cell",
      "banner": "sealed Stage 4; scientific admission also requires complete declared populations"
    },
    {
      "phase": "edit:80",
      "identity_check_kind": "in_memory_structure_and_configuration",
      "recipe_verification_seconds": 0.0,
      "identity_verification_seconds": 0.0,
      "identity_check_seconds": 0.0020990140037611127,
      "state_hash_seconds": 0.0002037720405496657,
      "clone_seconds": 0.0,
      "restore_seconds": 0.0,
      "file_write_seconds": 6.718904478475451e-05,
      "operation_seconds": 0.12941751797916368,
      "total_phase_seconds": 0.13185297802556306,
      "scope": "file writes include journal intent/add/flush; excludes this timing receipt and checkpoint writes",
      "mode": "stage4_sealed_cell",
      "banner": "sealed Stage 4; scientific admission also requires complete declared populations"
    },
    {
      "phase": "immediate:80",
      "identity_check_kind": "in_memory_structure_and_configuration",
      "recipe_verification_seconds": 0.0,
      "identity_verification_seconds": 0.0,
      "identity_check_seconds": 0.0020822339574806392,
      "state_hash_seconds": 0.006136798008810729,
      "clone_seconds": 0.0,
      "restore_seconds": 0.0,
      "file_write_seconds": 0.004793553031049669,
      "operation_seconds": 0.03518509300192818,
      "total_phase_seconds": 0.04828330100281164,
      "scope": "file writes include journal intent/add/flush; excludes this timing receipt and checkpoint writes",
      "mode": "stage4_sealed_cell",
      "banner": "sealed Stage 4; scientific admission also requires complete declared populations"
    },
    {
      "phase": "edit:81",
      "identity_check_kind": "in_memory_structure_and_configuration",
      "recipe_verification_seconds": 0.0,
      "identity_verification_seconds": 0.0,
      "identity_check_seconds": 0.0020711730467155576,
      "state_hash_seconds": 0.00020509399473667145,
      "clone_seconds": 0.0,
      "restore_seconds": 0.0,
      "file_write_seconds": 0.0012048400240018964,
      "operation_seconds": 0.22551490896148607,
      "total_phase_seconds": 0.22906995500670746,
      "scope": "file writes include journal intent/add/flush; excludes this timing receipt and checkpoint writes",
      "mode": "stage4_sealed_cell",
      "banner": "sealed Stage 4; scientific admission also requires complete declared populations"
    },
    {
      "phase": "immediate:81",
      "identity_check_kind": "in_memory_structure_and_configuration",
      "recipe_verification_seconds": 0.0,
      "identity_verification_seconds": 0.0,
      "identity_check_seconds": 0.002101339981891215,
      "state_hash_seconds": 0.006346859969198704,
      "clone_seconds": 0.0,
      "restore_seconds": 0.0,
      "file_write_seconds": 6.0436956118792295e-05,
      "operation_seconds": 0.054912131978198886,
      "total_phase_seconds": 0.06352235400117934,
      "scope": "file writes include journal intent/add/flush; excludes this timing receipt and checkpoint writes",
      "mode": "stage4_sealed_cell",
      "banner": "sealed Stage 4; scientific admission also requires complete declared populations"
    },
    {
      "phase": "edit:82",
      "identity_check_kind": "in_memory_structure_and_configuration",
      "recipe_verification_seconds": 0.0,
      "identity_verification_seconds": 0.0,
      "identity_check_seconds": 0.002038058009929955,
      "state_hash_seconds": 0.0001951339654624462,
      "clone_seconds": 0.0,
      "restore_seconds": 0.0,
      "file_write_seconds": 5.802104715257883e-05,
      "operation_seconds": 0.12174480402609333,
      "total_phase_seconds": 0.12410223501501605,
      "scope": "file writes include journal intent/add/flush; excludes this timing receipt and checkpoint writes",
      "mode": "stage4_sealed_cell",
      "banner": "sealed Stage 4; scientific admission also requires complete declared populations"
    },
    {
      "phase": "immediate:82",
      "identity_check_kind": "in_memory_structure_and_configuration",
      "recipe_verification_seconds": 0.0,
      "identity_verification_seconds": 0.0,
      "identity_check_seconds": 0.0020912609761580825,
      "state_hash_seconds": 0.006842361006420106,
      "clone_seconds": 0.0,
      "restore_seconds": 0.0,
      "file_write_seconds": 5.897303344681859e-05,
      "operation_seconds": 0.03424498002277687,
      "total_phase_seconds": 0.043336214032024145,
      "scope": "file writes include journal intent/add/flush; excludes this timing receipt and checkpoint writes",
      "mode": "stage4_sealed_cell",
      "banner": "sealed Stage 4; scientific admission also requires complete declared populations"
    },
    {
      "phase": "edit:83",
      "identity_check_kind": "in_memory_structure_and_configuration",
      "recipe_verification_seconds": 0.0,
      "identity_verification_seconds": 0.0,
      "identity_check_seconds": 0.002013070974498987,
      "state_hash_seconds": 0.00019836000865325332,
      "clone_seconds": 0.0,
      "restore_seconds": 0.0,
      "file_write_seconds": 5.917396629229188e-05,
      "operation_seconds": 0.09361528197769076,
      "total_phase_seconds": 0.09594976797234267,
      "scope": "file writes include journal intent/add/flush; excludes this timing receipt and checkpoint writes",
      "mode": "stage4_sealed_cell",
      "banner": "sealed Stage 4; scientific admission also requires complete declared populations"
    },
    {
      "phase": "immediate:83",
      "identity_check_kind": "in_memory_structure_and_configuration",
      "recipe_verification_seconds": 0.0,
      "identity_verification_seconds": 0.0,
      "identity_check_seconds": 0.0020491699688136578,
      "state_hash_seconds": 0.006638671038672328,
      "clone_seconds": 0.0,
      "restore_seconds": 0.0,
      "file_write_seconds": 5.9034035075455904e-05,
      "operation_seconds": 0.031141990039031953,
      "total_phase_seconds": 0.03998981701442972,
      "scope": "file writes include journal intent/add/flush; excludes this timing receipt and checkpoint writes",
      "mode": "stage4_sealed_cell",
      "banner": "sealed Stage 4; scientific admission also requires complete declared populations"
    },
    {
      "phase": "edit:84",
      "identity_check_kind": "in_memory_structure_and_configuration",
      "recipe_verification_seconds": 0.0,
      "identity_verification_seconds": 0.0,
      "identity_check_seconds": 0.0020748890237882733,
      "state_hash_seconds": 0.00020854006288573146,
      "clone_seconds": 0.0,
      "restore_seconds": 0.0,
      "file_write_seconds": 5.828106077387929e-05,
      "operation_seconds": 0.08937217498896644,
      "total_phase_seconds": 0.09178795700427145,
      "scope": "file writes include journal intent/add/flush; excludes this timing receipt and checkpoint writes",
      "mode": "stage4_sealed_cell",
      "banner": "sealed Stage 4; scientific admission also requires complete declared populations"
    },
    {
      "phase": "immediate:84",
      "identity_check_kind": "in_memory_structure_and_configuration",
      "recipe_verification_seconds": 0.0,
      "identity_verification_seconds": 0.0,
      "identity_check_seconds": 0.0019144319812767208,
      "state_hash_seconds": 0.006506477948278189,
      "clone_seconds": 0.0,
      "restore_seconds": 0.0,
      "file_write_seconds": 5.597702693194151e-05,
      "operation_seconds": 0.03511031897505745,
      "total_phase_seconds": 0.043670726008713245,
      "scope": "file writes include journal intent/add/flush; excludes this timing receipt and checkpoint writes",
      "mode": "stage4_sealed_cell",
      "banner": "sealed Stage 4; scientific admission also requires complete declared populations"
    },
    {
      "phase": "edit:85",
      "identity_check_kind": "in_memory_structure_and_configuration",
      "recipe_verification_seconds": 0.0,
      "identity_verification_seconds": 0.0,
      "identity_check_seconds": 0.002142920042388141,
      "state_hash_seconds": 0.0002211440005339682,
      "clone_seconds": 0.0,
      "restore_seconds": 0.0,
      "file_write_seconds": 5.814101314172149e-05,
      "operation_seconds": 0.08800567500293255,
      "total_phase_seconds": 0.09050598996691406,
      "scope": "file writes include journal intent/add/flush; excludes this timing receipt and checkpoint writes",
      "mode": "stage4_sealed_cell",
      "banner": "sealed Stage 4; scientific admission also requires complete declared populations"
    },
    {
      "phase": "immediate:85",
      "identity_check_kind": "in_memory_structure_and_configuration",
      "recipe_verification_seconds": 0.0,
      "identity_verification_seconds": 0.0,
      "identity_check_seconds": 0.002151084947399795,
      "state_hash_seconds": 0.007367037993390113,
      "clone_seconds": 0.0,
      "restore_seconds": 0.0,
      "file_write_seconds": 6.0555990785360336e-05,
      "operation_seconds": 0.034302951011341065,
      "total_phase_seconds": 0.04398221301380545,
      "scope": "file writes include journal intent/add/flush; excludes this timing receipt and checkpoint writes",
      "mode": "stage4_sealed_cell",
      "banner": "sealed Stage 4; scientific admission also requires complete declared populations"
    },
    {
      "phase": "edit:86",
      "identity_check_kind": "in_memory_structure_and_configuration",
      "recipe_verification_seconds": 0.0,
      "identity_verification_seconds": 0.0,
      "identity_check_seconds": 0.002120074990671128,
      "state_hash_seconds": 0.00021736789494752884,
      "clone_seconds": 0.0,
      "restore_seconds": 0.0,
      "file_write_seconds": 5.8772973716259e-05,
      "operation_seconds": 0.13498419302050024,
      "total_phase_seconds": 0.1374534269561991,
      "scope": "file writes include journal intent/add/flush; excludes this timing receipt and checkpoint writes",
      "mode": "stage4_sealed_cell",
      "banner": "sealed Stage 4; scientific admission also requires complete declared populations"
    },
    {
      "phase": "immediate:86",
      "identity_check_kind": "in_memory_structure_and_configuration",
      "recipe_verification_seconds": 0.0,
      "identity_verification_seconds": 0.0,
      "identity_check_seconds": 0.0022869459935463965,
      "state_hash_seconds": 0.0066344430088065565,
      "clone_seconds": 0.0,
      "restore_seconds": 0.0,
      "file_write_seconds": 5.653803236782551e-05,
      "operation_seconds": 0.036149050982203335,
      "total_phase_seconds": 0.04521938500693068,
      "scope": "file writes include journal intent/add/flush; excludes this timing receipt and checkpoint writes",
      "mode": "stage4_sealed_cell",
      "banner": "sealed Stage 4; scientific admission also requires complete declared populations"
    },
    {
      "phase": "edit:87",
      "identity_check_kind": "in_memory_structure_and_configuration",
      "recipe_verification_seconds": 0.0,
      "identity_verification_seconds": 0.0,
      "identity_check_seconds": 0.0020864400430582464,
      "state_hash_seconds": 0.0001953340251930058,
      "clone_seconds": 0.0,
      "restore_seconds": 0.0,
      "file_write_seconds": 5.8452016673982143e-05,
      "operation_seconds": 0.18990085303084925,
      "total_phase_seconds": 0.19230072596110404,
      "scope": "file writes include journal intent/add/flush; excludes this timing receipt and checkpoint writes",
      "mode": "stage4_sealed_cell",
      "banner": "sealed Stage 4; scientific admission also requires complete declared populations"
    },
    {
      "phase": "immediate:87",
      "identity_check_kind": "in_memory_structure_and_configuration",
      "recipe_verification_seconds": 0.0,
      "identity_verification_seconds": 0.0,
      "identity_check_seconds": 0.0019666809821501374,
      "state_hash_seconds": 0.0069601680734194815,
      "clone_seconds": 0.0,
      "restore_seconds": 0.0,
      "file_write_seconds": 5.6267017498612404e-05,
      "operation_seconds": 0.049983841949142516,
      "total_phase_seconds": 0.059052582015283406,
      "scope": "file writes include journal intent/add/flush; excludes this timing receipt and checkpoint writes",
      "mode": "stage4_sealed_cell",
      "banner": "sealed Stage 4; scientific admission also requires complete declared populations"
    },
    {
      "phase": "edit:88",
      "identity_check_kind": "in_memory_structure_and_configuration",
      "recipe_verification_seconds": 0.0,
      "identity_verification_seconds": 0.0,
      "identity_check_seconds": 0.0019581959932111204,
      "state_hash_seconds": 0.0002529849880374968,
      "clone_seconds": 0.0,
      "restore_seconds": 0.0,
      "file_write_seconds": 5.7191005907952785e-05,
      "operation_seconds": 0.12981767498422414,
      "total_phase_seconds": 0.1321577220223844,
      "scope": "file writes include journal intent/add/flush; excludes this timing receipt and checkpoint writes",
      "mode": "stage4_sealed_cell",
      "banner": "sealed Stage 4; scientific admission also requires complete declared populations"
    },
    {
      "phase": "immediate:88",
      "identity_check_kind": "in_memory_structure_and_configuration",
      "recipe_verification_seconds": 0.0,
      "identity_verification_seconds": 0.0,
      "identity_check_seconds": 0.002097541932016611,
      "state_hash_seconds": 0.006923336943145841,
      "clone_seconds": 0.0,
      "restore_seconds": 0.0,
      "file_write_seconds": 5.669903475791216e-05,
      "operation_seconds": 0.04057121102232486,
      "total_phase_seconds": 0.04974278900772333,
      "scope": "file writes include journal intent/add/flush; excludes this timing receipt and checkpoint writes",
      "mode": "stage4_sealed_cell",
      "banner": "sealed Stage 4; scientific admission also requires complete declared populations"
    },
    {
      "phase": "edit:89",
      "identity_check_kind": "in_memory_structure_and_configuration",
      "recipe_verification_seconds": 0.0,
      "identity_verification_seconds": 0.0,
      "identity_check_seconds": 0.0019307219772599638,
      "state_hash_seconds": 0.0001993729965761304,
      "clone_seconds": 0.0,
      "restore_seconds": 0.0,
      "file_write_seconds": 5.827198037877679e-05,
      "operation_seconds": 0.14865827496396378,
      "total_phase_seconds": 0.15091081499122083,
      "scope": "file writes include journal intent/add/flush; excludes this timing receipt and checkpoint writes",
      "mode": "stage4_sealed_cell",
      "banner": "sealed Stage 4; scientific admission also requires complete declared populations"
    },
    {
      "phase": "immediate:89",
      "identity_check_kind": "in_memory_structure_and_configuration",
      "recipe_verification_seconds": 0.0,
      "identity_verification_seconds": 0.0,
      "identity_check_seconds": 0.0021640799823217094,
      "state_hash_seconds": 0.007988549943547696,
      "clone_seconds": 0.0,
      "restore_seconds": 0.0,
      "file_write_seconds": 5.992403021082282e-05,
      "operation_seconds": 0.041295179980807006,
      "total_phase_seconds": 0.0516182059654966,
      "scope": "file writes include journal intent/add/flush; excludes this timing receipt and checkpoint writes",
      "mode": "stage4_sealed_cell",
      "banner": "sealed Stage 4; scientific admission also requires complete declared populations"
    },
    {
      "phase": "edit:90",
      "identity_check_kind": "in_memory_structure_and_configuration",
      "recipe_verification_seconds": 0.0,
      "identity_verification_seconds": 0.0,
      "identity_check_seconds": 0.0021831770427525043,
      "state_hash_seconds": 0.0002264640061184764,
      "clone_seconds": 0.0,
      "restore_seconds": 0.0,
      "file_write_seconds": 7.529399590566754e-05,
      "operation_seconds": 0.09936061903135851,
      "total_phase_seconds": 0.10191742202732712,
      "scope": "file writes include journal intent/add/flush; excludes this timing receipt and checkpoint writes",
      "mode": "stage4_sealed_cell",
      "banner": "sealed Stage 4; scientific admission also requires complete declared populations"
    },
    {
      "phase": "immediate:90",
      "identity_check_kind": "in_memory_structure_and_configuration",
      "recipe_verification_seconds": 0.0,
      "identity_verification_seconds": 0.0,
      "identity_check_seconds": 0.0019652200280688703,
      "state_hash_seconds": 0.007108371006324887,
      "clone_seconds": 0.0,
      "restore_seconds": 0.0,
      "file_write_seconds": 5.767098627984524e-05,
      "operation_seconds": 0.035973935038782656,
      "total_phase_seconds": 0.045189597993157804,
      "scope": "file writes include journal intent/add/flush; excludes this timing receipt and checkpoint writes",
      "mode": "stage4_sealed_cell",
      "banner": "sealed Stage 4; scientific admission also requires complete declared populations"
    },
    {
      "phase": "edit:91",
      "identity_check_kind": "in_memory_structure_and_configuration",
      "recipe_verification_seconds": 0.0,
      "identity_verification_seconds": 0.0,
      "identity_check_seconds": 0.0023455890477634966,
      "state_hash_seconds": 0.00019541505025699735,
      "clone_seconds": 0.0,
      "restore_seconds": 0.0,
      "file_write_seconds": 5.68889663554728e-05,
      "operation_seconds": 0.08781017898581922,
      "total_phase_seconds": 0.0904728050227277,
      "scope": "file writes include journal intent/add/flush; excludes this timing receipt and checkpoint writes",
      "mode": "stage4_sealed_cell",
      "banner": "sealed Stage 4; scientific admission also requires complete declared populations"
    },
    {
      "phase": "immediate:91",
      "identity_check_kind": "in_memory_structure_and_configuration",
      "recipe_verification_seconds": 0.0,
      "identity_verification_seconds": 0.0,
      "identity_check_seconds": 0.0018709379946812987,
      "state_hash_seconds": 0.00693807506468147,
      "clone_seconds": 0.0,
      "restore_seconds": 0.0,
      "file_write_seconds": 5.9304002206772566e-05,
      "operation_seconds": 0.03677340899594128,
      "total_phase_seconds": 0.04572648700559512,
      "scope": "file writes include journal intent/add/flush; excludes this timing receipt and checkpoint writes",
      "mode": "stage4_sealed_cell",
      "banner": "sealed Stage 4; scientific admission also requires complete declared populations"
    },
    {
      "phase": "edit:92",
      "identity_check_kind": "in_memory_structure_and_configuration",
      "recipe_verification_seconds": 0.0,
      "identity_verification_seconds": 0.0,
      "identity_check_seconds": 0.00217368797166273,
      "state_hash_seconds": 0.00021667603868991137,
      "clone_seconds": 0.0,
      "restore_seconds": 0.0,
      "file_write_seconds": 6.492494139820337e-05,
      "operation_seconds": 0.12392923299921677,
      "total_phase_seconds": 0.12645869399420917,
      "scope": "file writes include journal intent/add/flush; excludes this timing receipt and checkpoint writes",
      "mode": "stage4_sealed_cell",
      "banner": "sealed Stage 4; scientific admission also requires complete declared populations"
    },
    {
      "phase": "immediate:92",
      "identity_check_kind": "in_memory_structure_and_configuration",
      "recipe_verification_seconds": 0.0,
      "identity_verification_seconds": 0.0,
      "identity_check_seconds": 0.0021725560072809458,
      "state_hash_seconds": 0.007890130917076021,
      "clone_seconds": 0.0,
      "restore_seconds": 0.0,
      "file_write_seconds": 5.788099952042103e-05,
      "operation_seconds": 0.04137487197294831,
      "total_phase_seconds": 0.05159828800242394,
      "scope": "file writes include journal intent/add/flush; excludes this timing receipt and checkpoint writes",
      "mode": "stage4_sealed_cell",
      "banner": "sealed Stage 4; scientific admission also requires complete declared populations"
    },
    {
      "phase": "edit:93",
      "identity_check_kind": "in_memory_structure_and_configuration",
      "recipe_verification_seconds": 0.0,
      "identity_verification_seconds": 0.0,
      "identity_check_seconds": 0.002026066998951137,
      "state_hash_seconds": 0.000205816060770303,
      "clone_seconds": 0.0,
      "restore_seconds": 0.0,
      "file_write_seconds": 6.086699431762099e-05,
      "operation_seconds": 0.2146072220057249,
      "total_phase_seconds": 0.21696299995528534,
      "scope": "file writes include journal intent/add/flush; excludes this timing receipt and checkpoint writes",
      "mode": "stage4_sealed_cell",
      "banner": "sealed Stage 4; scientific admission also requires complete declared populations"
    },
    {
      "phase": "immediate:93",
      "identity_check_kind": "in_memory_structure_and_configuration",
      "recipe_verification_seconds": 0.0,
      "identity_verification_seconds": 0.0,
      "identity_check_seconds": 0.002063907973933965,
      "state_hash_seconds": 0.007081499963533133,
      "clone_seconds": 0.0,
      "restore_seconds": 0.0,
      "file_write_seconds": 5.650799721479416e-05,
      "operation_seconds": 0.049654609989374876,
      "total_phase_seconds": 0.05894572695251554,
      "scope": "file writes include journal intent/add/flush; excludes this timing receipt and checkpoint writes",
      "mode": "stage4_sealed_cell",
      "banner": "sealed Stage 4; scientific admission also requires complete declared populations"
    },
    {
      "phase": "edit:94",
      "identity_check_kind": "in_memory_structure_and_configuration",
      "recipe_verification_seconds": 0.0,
      "identity_verification_seconds": 0.0,
      "identity_check_seconds": 0.0020578360417857766,
      "state_hash_seconds": 0.00019612692994996905,
      "clone_seconds": 0.0,
      "restore_seconds": 0.0,
      "file_write_seconds": 7.91720231063664e-05,
      "operation_seconds": 0.16687055997317657,
      "total_phase_seconds": 0.16927781596314162,
      "scope": "file writes include journal intent/add/flush; excludes this timing receipt and checkpoint writes",
      "mode": "stage4_sealed_cell",
      "banner": "sealed Stage 4; scientific admission also requires complete declared populations"
    },
    {
      "phase": "immediate:94",
      "identity_check_kind": "in_memory_structure_and_configuration",
      "recipe_verification_seconds": 0.0,
      "identity_verification_seconds": 0.0,
      "identity_check_seconds": 0.002045852947048843,
      "state_hash_seconds": 0.007249832968227565,
      "clone_seconds": 0.0,
      "restore_seconds": 0.0,
      "file_write_seconds": 6.306101568043232e-05,
      "operation_seconds": 0.042117887001950294,
      "total_phase_seconds": 0.051567118032835424,
      "scope": "file writes include journal intent/add/flush; excludes this timing receipt and checkpoint writes",
      "mode": "stage4_sealed_cell",
      "banner": "sealed Stage 4; scientific admission also requires complete declared populations"
    },
    {
      "phase": "edit:95",
      "identity_check_kind": "in_memory_structure_and_configuration",
      "recipe_verification_seconds": 0.0,
      "identity_verification_seconds": 0.0,
      "identity_check_seconds": 0.001982381974812597,
      "state_hash_seconds": 0.0001993630430661142,
      "clone_seconds": 0.0,
      "restore_seconds": 0.0,
      "file_write_seconds": 6.20689825154841e-05,
      "operation_seconds": 0.35713833704357967,
      "total_phase_seconds": 0.3594446890056133,
      "scope": "file writes include journal intent/add/flush; excludes this timing receipt and checkpoint writes",
      "mode": "stage4_sealed_cell",
      "banner": "sealed Stage 4; scientific admission also requires complete declared populations"
    },
    {
      "phase": "immediate:95",
      "identity_check_kind": "in_memory_structure_and_configuration",
      "recipe_verification_seconds": 0.0,
      "identity_verification_seconds": 0.0,
      "identity_check_seconds": 0.002187195001170039,
      "state_hash_seconds": 0.007576547970529646,
      "clone_seconds": 0.0,
      "restore_seconds": 0.0,
      "file_write_seconds": 6.315100472420454e-05,
      "operation_seconds": 0.06870740704471245,
      "total_phase_seconds": 0.07862819102592766,
      "scope": "file writes include journal intent/add/flush; excludes this timing receipt and checkpoint writes",
      "mode": "stage4_sealed_cell",
      "banner": "sealed Stage 4; scientific admission also requires complete declared populations"
    },
    {
      "phase": "edit:96",
      "identity_check_kind": "in_memory_structure_and_configuration",
      "recipe_verification_seconds": 0.0,
      "identity_verification_seconds": 0.0,
      "identity_check_seconds": 0.002008632058277726,
      "state_hash_seconds": 0.00020630506332963705,
      "clone_seconds": 0.0,
      "restore_seconds": 0.0,
      "file_write_seconds": 5.7541008573025465e-05,
      "operation_seconds": 0.0986396360094659,
      "total_phase_seconds": 0.10097463399870321,
      "scope": "file writes include journal intent/add/flush; excludes this timing receipt and checkpoint writes",
      "mode": "stage4_sealed_cell",
      "banner": "sealed Stage 4; scientific admission also requires complete declared populations"
    },
    {
      "phase": "immediate:96",
      "identity_check_kind": "in_memory_structure_and_configuration",
      "recipe_verification_seconds": 0.0,
      "identity_verification_seconds": 0.0,
      "identity_check_seconds": 0.001998061081394553,
      "state_hash_seconds": 0.007988167053554207,
      "clone_seconds": 0.0,
      "restore_seconds": 0.0,
      "file_write_seconds": 0.004435927025042474,
      "operation_seconds": 0.03709455399075523,
      "total_phase_seconds": 0.05161365697858855,
      "scope": "file writes include journal intent/add/flush; excludes this timing receipt and checkpoint writes",
      "mode": "stage4_sealed_cell",
      "banner": "sealed Stage 4; scientific admission also requires complete declared populations"
    },
    {
      "phase": "edit:97",
      "identity_check_kind": "in_memory_structure_and_configuration",
      "recipe_verification_seconds": 0.0,
      "identity_verification_seconds": 0.0,
      "identity_check_seconds": 0.0020626449258998036,
      "state_hash_seconds": 0.00023429899010807276,
      "clone_seconds": 0.0,
      "restore_seconds": 0.0,
      "file_write_seconds": 0.0012611379497684538,
      "operation_seconds": 0.19051444000797346,
      "total_phase_seconds": 0.19414389098528773,
      "scope": "file writes include journal intent/add/flush; excludes this timing receipt and checkpoint writes",
      "mode": "stage4_sealed_cell",
      "banner": "sealed Stage 4; scientific admission also requires complete declared populations"
    },
    {
      "phase": "immediate:97",
      "identity_check_kind": "in_memory_structure_and_configuration",
      "recipe_verification_seconds": 0.0,
      "identity_verification_seconds": 0.0,
      "identity_check_seconds": 0.002095148025546223,
      "state_hash_seconds": 0.007773166988044977,
      "clone_seconds": 0.0,
      "restore_seconds": 0.0,
      "file_write_seconds": 6.588600808754563e-05,
      "operation_seconds": 0.05039739498170093,
      "total_phase_seconds": 0.060427518968936056,
      "scope": "file writes include journal intent/add/flush; excludes this timing receipt and checkpoint writes",
      "mode": "stage4_sealed_cell",
      "banner": "sealed Stage 4; scientific admission also requires complete declared populations"
    },
    {
      "phase": "edit:98",
      "identity_check_kind": "in_memory_structure_and_configuration",
      "recipe_verification_seconds": 0.0,
      "identity_verification_seconds": 0.0,
      "identity_check_seconds": 0.0020071400213055313,
      "state_hash_seconds": 0.0002108940971083939,
      "clone_seconds": 0.0,
      "restore_seconds": 0.0,
      "file_write_seconds": 5.8721983805298805e-05,
      "operation_seconds": 0.19971858098870143,
      "total_phase_seconds": 0.20206109300488606,
      "scope": "file writes include journal intent/add/flush; excludes this timing receipt and checkpoint writes",
      "mode": "stage4_sealed_cell",
      "banner": "sealed Stage 4; scientific admission also requires complete declared populations"
    },
    {
      "phase": "immediate:98",
      "identity_check_kind": "in_memory_structure_and_configuration",
      "recipe_verification_seconds": 0.0,
      "identity_verification_seconds": 0.0,
      "identity_check_seconds": 0.001983444031793624,
      "state_hash_seconds": 0.007893586065620184,
      "clone_seconds": 0.0,
      "restore_seconds": 0.0,
      "file_write_seconds": 5.6327960919588804e-05,
      "operation_seconds": 0.054891964013222605,
      "total_phase_seconds": 0.06490448396652937,
      "scope": "file writes include journal intent/add/flush; excludes this timing receipt and checkpoint writes",
      "mode": "stage4_sealed_cell",
      "banner": "sealed Stage 4; scientific admission also requires complete declared populations"
    },
    {
      "phase": "edit:99",
      "identity_check_kind": "in_memory_structure_and_configuration",
      "recipe_verification_seconds": 0.0,
      "identity_verification_seconds": 0.0,
      "identity_check_seconds": 0.0019849370000883937,
      "state_hash_seconds": 0.0002599590225145221,
      "clone_seconds": 0.0,
      "restore_seconds": 0.0,
      "file_write_seconds": 6.266997661441565e-05,
      "operation_seconds": 0.10243052599253133,
      "total_phase_seconds": 0.1048071039840579,
      "scope": "file writes include journal intent/add/flush; excludes this timing receipt and checkpoint writes",
      "mode": "stage4_sealed_cell",
      "banner": "sealed Stage 4; scientific admission also requires complete declared populations"
    },
    {
      "phase": "immediate:99",
      "identity_check_kind": "in_memory_structure_and_configuration",
      "recipe_verification_seconds": 0.0,
      "identity_verification_seconds": 0.0,
      "identity_check_seconds": 0.0021381209371611476,
      "state_hash_seconds": 0.008066829934250563,
      "clone_seconds": 0.0,
      "restore_seconds": 0.0,
      "file_write_seconds": 5.890399916097522e-05,
      "operation_seconds": 0.03134797397069633,
      "total_phase_seconds": 0.041706327989231795,
      "scope": "file writes include journal intent/add/flush; excludes this timing receipt and checkpoint writes",
      "mode": "stage4_sealed_cell",
      "banner": "sealed Stage 4; scientific admission also requires complete declared populations"
    },
    {
      "phase": "edit:100",
      "identity_check_kind": "in_memory_structure_and_configuration",
      "recipe_verification_seconds": 0.0,
      "identity_verification_seconds": 0.0,
      "identity_check_seconds": 0.0020706009818241,
      "state_hash_seconds": 0.0002201009774580598,
      "clone_seconds": 0.0,
      "restore_seconds": 0.0,
      "file_write_seconds": 5.889299791306257e-05,
      "operation_seconds": 0.12801043898798525,
      "total_phase_seconds": 0.1304335460299626,
      "scope": "file writes include journal intent/add/flush; excludes this timing receipt and checkpoint writes",
      "mode": "stage4_sealed_cell",
      "banner": "sealed Stage 4; scientific admission also requires complete declared populations"
    },
    {
      "phase": "immediate:100",
      "identity_check_kind": "in_memory_structure_and_configuration",
      "recipe_verification_seconds": 0.0,
      "identity_verification_seconds": 0.0,
      "identity_check_seconds": 0.002074789023026824,
      "state_hash_seconds": 0.008327539020683616,
      "clone_seconds": 0.0,
      "restore_seconds": 0.0,
      "file_write_seconds": 5.68889663554728e-05,
      "operation_seconds": 0.03693418699549511,
      "total_phase_seconds": 0.047490470984485,
      "scope": "file writes include journal intent/add/flush; excludes this timing receipt and checkpoint writes",
      "mode": "stage4_sealed_cell",
      "banner": "sealed Stage 4; scientific admission also requires complete declared populations"
    },
    {
      "phase": "retention:100",
      "identity_check_kind": "in_memory_structure_and_configuration",
      "recipe_verification_seconds": 0.0,
      "identity_verification_seconds": 0.0,
      "identity_check_seconds": 0.0024854770163074136,
      "state_hash_seconds": 0.008155988936778158,
      "clone_seconds": 0.0,
      "restore_seconds": 0.0,
      "file_write_seconds": 0.0033462170395068824,
      "operation_seconds": 4.399938277958427,
      "total_phase_seconds": 4.4161057120072655,
      "scope": "file writes include journal intent/add/flush; excludes this timing receipt and checkpoint writes",
      "mode": "stage4_sealed_cell",
      "banner": "sealed Stage 4; scientific admission also requires complete declared populations"
    },
    {
      "phase": "locality:100",
      "identity_check_kind": "in_memory_structure_and_configuration",
      "recipe_verification_seconds": 0.0,
      "identity_verification_seconds": 0.0,
      "identity_check_seconds": 0.0021896690013818443,
      "state_hash_seconds": 0.007942881959024817,
      "clone_seconds": 0.0,
      "restore_seconds": 0.0,
      "file_write_seconds": 0.0009802900021895766,
      "operation_seconds": 6.178682779020164,
      "total_phase_seconds": 6.19100381800672,
      "scope": "file writes include journal intent/add/flush; excludes this timing receipt and checkpoint writes",
      "mode": "stage4_sealed_cell",
      "banner": "sealed Stage 4; scientific admission also requires complete declared populations"
    },
    {
      "phase": "unseen:100",
      "identity_check_kind": "in_memory_structure_and_configuration",
      "recipe_verification_seconds": 0.0,
      "identity_verification_seconds": 0.0,
      "identity_check_seconds": 0.0020993149373680353,
      "state_hash_seconds": 0.008156860945746303,
      "clone_seconds": 0.0,
      "restore_seconds": 0.0,
      "file_write_seconds": 0.0022302769939415157,
      "operation_seconds": 56.94402923999587,
      "total_phase_seconds": 56.958665988000575,
      "scope": "file writes include journal intent/add/flush; excludes this timing receipt and checkpoint writes",
      "mode": "stage4_sealed_cell",
      "banner": "sealed Stage 4; scientific admission also requires complete declared populations"
    },
    {
      "phase": "drift:100",
      "identity_check_kind": "in_memory_structure_and_configuration",
      "recipe_verification_seconds": 0.0,
      "identity_verification_seconds": 0.0,
      "identity_check_seconds": 0.002220646943897009,
      "state_hash_seconds": 0.008167261956259608,
      "clone_seconds": 0.0,
      "restore_seconds": 0.0,
      "file_write_seconds": 0.20414041099138558,
      "operation_seconds": 57.61493810202228,
      "total_phase_seconds": 57.916852038004436,
      "scope": "file writes include journal intent/add/flush; excludes this timing receipt and checkpoint writes",
      "mode": "stage4_sealed_cell",
      "banner": "sealed Stage 4; scientific admission also requires complete declared populations"
    },
    {
      "phase": "edit:101",
      "identity_check_kind": "in_memory_structure_and_configuration",
      "recipe_verification_seconds": 0.0,
      "identity_verification_seconds": 0.0,
      "identity_check_seconds": 0.002165092038922012,
      "state_hash_seconds": 0.00021102494793012738,
      "clone_seconds": 0.0,
      "restore_seconds": 0.0,
      "file_write_seconds": 0.001292088010814041,
      "operation_seconds": 0.30688521900447085,
      "total_phase_seconds": 0.3138294260133989,
      "scope": "file writes include journal intent/add/flush; excludes this timing receipt and checkpoint writes",
      "mode": "stage4_sealed_cell",
      "banner": "sealed Stage 4; scientific admission also requires complete declared populations"
    },
    {
      "phase": "immediate:101",
      "identity_check_kind": "in_memory_structure_and_configuration",
      "recipe_verification_seconds": 0.0,
      "identity_verification_seconds": 0.0,
      "identity_check_seconds": 0.0021000269916839898,
      "state_hash_seconds": 0.007763918023556471,
      "clone_seconds": 0.0,
      "restore_seconds": 0.0,
      "file_write_seconds": 5.928304744884372e-05,
      "operation_seconds": 0.0689947169739753,
      "total_phase_seconds": 0.07900352199794725,
      "scope": "file writes include journal intent/add/flush; excludes this timing receipt and checkpoint writes",
      "mode": "stage4_sealed_cell",
      "banner": "sealed Stage 4; scientific admission also requires complete declared populations"
    },
    {
      "phase": "edit:102",
      "identity_check_kind": "in_memory_structure_and_configuration",
      "recipe_verification_seconds": 0.0,
      "identity_verification_seconds": 0.0,
      "identity_check_seconds": 0.00201885198475793,
      "state_hash_seconds": 0.0002220360329374671,
      "clone_seconds": 0.0,
      "restore_seconds": 0.0,
      "file_write_seconds": 6.077601574361324e-05,
      "operation_seconds": 0.12234287097817287,
      "total_phase_seconds": 0.1247235459741205,
      "scope": "file writes include journal intent/add/flush; excludes this timing receipt and checkpoint writes",
      "mode": "stage4_sealed_cell",
      "banner": "sealed Stage 4; scientific admission also requires complete declared populations"
    },
    {
      "phase": "immediate:102",
      "identity_check_kind": "in_memory_structure_and_configuration",
      "recipe_verification_seconds": 0.0,
      "identity_verification_seconds": 0.0,
      "identity_check_seconds": 0.0022381320013664663,
      "state_hash_seconds": 0.007982506998814642,
      "clone_seconds": 0.0,
      "restore_seconds": 0.0,
      "file_write_seconds": 6.895296974107623e-05,
      "operation_seconds": 0.04512488399632275,
      "total_phase_seconds": 0.055506621953099966,
      "scope": "file writes include journal intent/add/flush; excludes this timing receipt and checkpoint writes",
      "mode": "stage4_sealed_cell",
      "banner": "sealed Stage 4; scientific admission also requires complete declared populations"
    },
    {
      "phase": "edit:103",
      "identity_check_kind": "in_memory_structure_and_configuration",
      "recipe_verification_seconds": 0.0,
      "identity_verification_seconds": 0.0,
      "identity_check_seconds": 0.002041244995780289,
      "state_hash_seconds": 0.00019181706011295319,
      "clone_seconds": 0.0,
      "restore_seconds": 0.0,
      "file_write_seconds": 5.897297523915768e-05,
      "operation_seconds": 0.09329540800536051,
      "total_phase_seconds": 0.09565198700875044,
      "scope": "file writes include journal intent/add/flush; excludes this timing receipt and checkpoint writes",
      "mode": "stage4_sealed_cell",
      "banner": "sealed Stage 4; scientific admission also requires complete declared populations"
    },
    {
      "phase": "immediate:103",
      "identity_check_kind": "in_memory_structure_and_configuration",
      "recipe_verification_seconds": 0.0,
      "identity_verification_seconds": 0.0,
      "identity_check_seconds": 0.0019102230435237288,
      "state_hash_seconds": 0.007940014940686524,
      "clone_seconds": 0.0,
      "restore_seconds": 0.0,
      "file_write_seconds": 6.216898327693343e-05,
      "operation_seconds": 0.04126734600868076,
      "total_phase_seconds": 0.05127946694847196,
      "scope": "file writes include journal intent/add/flush; excludes this timing receipt and checkpoint writes",
      "mode": "stage4_sealed_cell",
      "banner": "sealed Stage 4; scientific admission also requires complete declared populations"
    },
    {
      "phase": "edit:104",
      "identity_check_kind": "in_memory_structure_and_configuration",
      "recipe_verification_seconds": 0.0,
      "identity_verification_seconds": 0.0,
      "identity_check_seconds": 0.0023789519909769297,
      "state_hash_seconds": 0.0002625620109029114,
      "clone_seconds": 0.0,
      "restore_seconds": 0.0,
      "file_write_seconds": 7.098598871380091e-05,
      "operation_seconds": 0.25006146100349724,
      "total_phase_seconds": 0.25285833404632285,
      "scope": "file writes include journal intent/add/flush; excludes this timing receipt and checkpoint writes",
      "mode": "stage4_sealed_cell",
      "banner": "sealed Stage 4; scientific admission also requires complete declared populations"
    },
    {
      "phase": "immediate:104",
      "identity_check_kind": "in_memory_structure_and_configuration",
      "recipe_verification_seconds": 0.0,
      "identity_verification_seconds": 0.0,
      "identity_check_seconds": 0.002114656032063067,
      "state_hash_seconds": 0.008021061948966235,
      "clone_seconds": 0.0,
      "restore_seconds": 0.0,
      "file_write_seconds": 5.9955986216664314e-05,
      "operation_seconds": 0.060129877005238086,
      "total_phase_seconds": 0.07041419995948672,
      "scope": "file writes include journal intent/add/flush; excludes this timing receipt and checkpoint writes",
      "mode": "stage4_sealed_cell",
      "banner": "sealed Stage 4; scientific admission also requires complete declared populations"
    },
    {
      "phase": "edit:105",
      "identity_check_kind": "in_memory_structure_and_configuration",
      "recipe_verification_seconds": 0.0,
      "identity_verification_seconds": 0.0,
      "identity_check_seconds": 0.0020367869874462485,
      "state_hash_seconds": 0.00022214598720893264,
      "clone_seconds": 0.0,
      "restore_seconds": 0.0,
      "file_write_seconds": 5.937402602285147e-05,
      "operation_seconds": 0.10025147697888315,
      "total_phase_seconds": 0.102634496986866,
      "scope": "file writes include journal intent/add/flush; excludes this timing receipt and checkpoint writes",
      "mode": "stage4_sealed_cell",
      "banner": "sealed Stage 4; scientific admission also requires complete declared populations"
    },
    {
      "phase": "immediate:105",
      "identity_check_kind": "in_memory_structure_and_configuration",
      "recipe_verification_seconds": 0.0,
      "identity_verification_seconds": 0.0,
      "identity_check_seconds": 0.0021043159649707377,
      "state_hash_seconds": 0.008110994065646082,
      "clone_seconds": 0.0,
      "restore_seconds": 0.0,
      "file_write_seconds": 5.689897807314992e-05,
      "operation_seconds": 0.03326182399177924,
      "total_phase_seconds": 0.04361919697839767,
      "scope": "file writes include journal intent/add/flush; excludes this timing receipt and checkpoint writes",
      "mode": "stage4_sealed_cell",
      "banner": "sealed Stage 4; scientific admission also requires complete declared populations"
    },
    {
      "phase": "edit:106",
      "identity_check_kind": "in_memory_structure_and_configuration",
      "recipe_verification_seconds": 0.0,
      "identity_verification_seconds": 0.0,
      "identity_check_seconds": 0.0019247910240665078,
      "state_hash_seconds": 0.0002129380009137094,
      "clone_seconds": 0.0,
      "restore_seconds": 0.0,
      "file_write_seconds": 5.849194712936878e-05,
      "operation_seconds": 0.09092051303014159,
      "total_phase_seconds": 0.0931825220468454,
      "scope": "file writes include journal intent/add/flush; excludes this timing receipt and checkpoint writes",
      "mode": "stage4_sealed_cell",
      "banner": "sealed Stage 4; scientific admission also requires complete declared populations"
    },
    {
      "phase": "immediate:106",
      "identity_check_kind": "in_memory_structure_and_configuration",
      "recipe_verification_seconds": 0.0,
      "identity_verification_seconds": 0.0,
      "identity_check_seconds": 0.0023235059925355017,
      "state_hash_seconds": 0.008518545015249401,
      "clone_seconds": 0.0,
      "restore_seconds": 0.0,
      "file_write_seconds": 5.743000656366348e-05,
      "operation_seconds": 0.03606806695461273,
      "total_phase_seconds": 0.047061838035006076,
      "scope": "file writes include journal intent/add/flush; excludes this timing receipt and checkpoint writes",
      "mode": "stage4_sealed_cell",
      "banner": "sealed Stage 4; scientific admission also requires complete declared populations"
    },
    {
      "phase": "edit:107",
      "identity_check_kind": "in_memory_structure_and_configuration",
      "recipe_verification_seconds": 0.0,
      "identity_verification_seconds": 0.0,
      "identity_check_seconds": 0.0021073109819553792,
      "state_hash_seconds": 0.0002071770140901208,
      "clone_seconds": 0.0,
      "restore_seconds": 0.0,
      "file_write_seconds": 5.829101428389549e-05,
      "operation_seconds": 0.13078832597238943,
      "total_phase_seconds": 0.1332220240146853,
      "scope": "file writes include journal intent/add/flush; excludes this timing receipt and checkpoint writes",
      "mode": "stage4_sealed_cell",
      "banner": "sealed Stage 4; scientific admission also requires complete declared populations"
    },
    {
      "phase": "immediate:107",
      "identity_check_kind": "in_memory_structure_and_configuration",
      "recipe_verification_seconds": 0.0,
      "identity_verification_seconds": 0.0,
      "identity_check_seconds": 0.0020620349678210914,
      "state_hash_seconds": 0.00788023101631552,
      "clone_seconds": 0.0,
      "restore_seconds": 0.0,
      "file_write_seconds": 5.9333979152143e-05,
      "operation_seconds": 0.039075172040611506,
      "total_phase_seconds": 0.04916984000010416,
      "scope": "file writes include journal intent/add/flush; excludes this timing receipt and checkpoint writes",
      "mode": "stage4_sealed_cell",
      "banner": "sealed Stage 4; scientific admission also requires complete declared populations"
    },
    {
      "phase": "edit:108",
      "identity_check_kind": "in_memory_structure_and_configuration",
      "recipe_verification_seconds": 0.0,
      "identity_verification_seconds": 0.0,
      "identity_check_seconds": 0.002173478016629815,
      "state_hash_seconds": 0.00021261704387143254,
      "clone_seconds": 0.0,
      "restore_seconds": 0.0,
      "file_write_seconds": 5.716894520446658e-05,
      "operation_seconds": 0.129087665991392,
      "total_phase_seconds": 0.13159446202917024,
      "scope": "file writes include journal intent/add/flush; excludes this timing receipt and checkpoint writes",
      "mode": "stage4_sealed_cell",
      "banner": "sealed Stage 4; scientific admission also requires complete declared populations"
    },
    {
      "phase": "immediate:108",
      "identity_check_kind": "in_memory_structure_and_configuration",
      "recipe_verification_seconds": 0.0,
      "identity_verification_seconds": 0.0,
      "identity_check_seconds": 0.0020705799688585103,
      "state_hash_seconds": 0.008222076983656734,
      "clone_seconds": 0.0,
      "restore_seconds": 0.0,
      "file_write_seconds": 5.9794983826577663e-05,
      "operation_seconds": 0.03896837797947228,
      "total_phase_seconds": 0.04941837699152529,
      "scope": "file writes include journal intent/add/flush; excludes this timing receipt and checkpoint writes",
      "mode": "stage4_sealed_cell",
      "banner": "sealed Stage 4; scientific admission also requires complete declared populations"
    },
    {
      "phase": "edit:109",
      "identity_check_kind": "in_memory_structure_and_configuration",
      "recipe_verification_seconds": 0.0,
      "identity_verification_seconds": 0.0,
      "identity_check_seconds": 0.002091438975185156,
      "state_hash_seconds": 0.00022261706180870533,
      "clone_seconds": 0.0,
      "restore_seconds": 0.0,
      "file_write_seconds": 5.897297523915768e-05,
      "operation_seconds": 0.08849124499829486,
      "total_phase_seconds": 0.09092748700641096,
      "scope": "file writes include journal intent/add/flush; excludes this timing receipt and checkpoint writes",
      "mode": "stage4_sealed_cell",
      "banner": "sealed Stage 4; scientific admission also requires complete declared populations"
    },
    {
      "phase": "immediate:109",
      "identity_check_kind": "in_memory_structure_and_configuration",
      "recipe_verification_seconds": 0.0,
      "identity_verification_seconds": 0.0,
      "identity_check_seconds": 0.0018436459940858185,
      "state_hash_seconds": 0.008388305956032127,
      "clone_seconds": 0.0,
      "restore_seconds": 0.0,
      "file_write_seconds": 5.657802103087306e-05,
      "operation_seconds": 0.03373093402478844,
      "total_phase_seconds": 0.04409378697164357,
      "scope": "file writes include journal intent/add/flush; excludes this timing receipt and checkpoint writes",
      "mode": "stage4_sealed_cell",
      "banner": "sealed Stage 4; scientific admission also requires complete declared populations"
    },
    {
      "phase": "edit:110",
      "identity_check_kind": "in_memory_structure_and_configuration",
      "recipe_verification_seconds": 0.0,
      "identity_verification_seconds": 0.0,
      "identity_check_seconds": 0.0018665799289010465,
      "state_hash_seconds": 0.0002077990211546421,
      "clone_seconds": 0.0,
      "restore_seconds": 0.0,
      "file_write_seconds": 5.799101199954748e-05,
      "operation_seconds": 0.1953343329951167,
      "total_phase_seconds": 0.19752678700024262,
      "scope": "file writes include journal intent/add/flush; excludes this timing receipt and checkpoint writes",
      "mode": "stage4_sealed_cell",
      "banner": "sealed Stage 4; scientific admission also requires complete declared populations"
    },
    {
      "phase": "immediate:110",
      "identity_check_kind": "in_memory_structure_and_configuration",
      "recipe_verification_seconds": 0.0,
      "identity_verification_seconds": 0.0,
      "identity_check_seconds": 0.0022286850726231933,
      "state_hash_seconds": 0.009152290993370116,
      "clone_seconds": 0.0,
      "restore_seconds": 0.0,
      "file_write_seconds": 5.8210978750139475e-05,
      "operation_seconds": 0.044486079015769064,
      "total_phase_seconds": 0.0560225120279938,
      "scope": "file writes include journal intent/add/flush; excludes this timing receipt and checkpoint writes",
      "mode": "stage4_sealed_cell",
      "banner": "sealed Stage 4; scientific admission also requires complete declared populations"
    },
    {
      "phase": "edit:111",
      "identity_check_kind": "in_memory_structure_and_configuration",
      "recipe_verification_seconds": 0.0,
      "identity_verification_seconds": 0.0,
      "identity_check_seconds": 0.0019522629445418715,
      "state_hash_seconds": 0.0002159440773539245,
      "clone_seconds": 0.0,
      "restore_seconds": 0.0,
      "file_write_seconds": 6.058497820049524e-05,
      "operation_seconds": 0.0842350940220058,
      "total_phase_seconds": 0.08653052500449121,
      "scope": "file writes include journal intent/add/flush; excludes this timing receipt and checkpoint writes",
      "mode": "stage4_sealed_cell",
      "banner": "sealed Stage 4; scientific admission also requires complete declared populations"
    },
    {
      "phase": "immediate:111",
      "identity_check_kind": "in_memory_structure_and_configuration",
      "recipe_verification_seconds": 0.0,
      "identity_verification_seconds": 0.0,
      "identity_check_seconds": 0.002158519986551255,
      "state_hash_seconds": 0.00905273895477876,
      "clone_seconds": 0.0,
      "restore_seconds": 0.0,
      "file_write_seconds": 6.0955993831157684e-05,
      "operation_seconds": 0.03938270203070715,
      "total_phase_seconds": 0.05074694397626445,
      "scope": "file writes include journal intent/add/flush; excludes this timing receipt and checkpoint writes",
      "mode": "stage4_sealed_cell",
      "banner": "sealed Stage 4; scientific admission also requires complete declared populations"
    },
    {
      "phase": "edit:112",
      "identity_check_kind": "in_memory_structure_and_configuration",
      "recipe_verification_seconds": 0.0,
      "identity_verification_seconds": 0.0,
      "identity_check_seconds": 0.0021299440413713455,
      "state_hash_seconds": 0.0002539370325393975,
      "clone_seconds": 0.0,
      "restore_seconds": 0.0,
      "file_write_seconds": 5.906302249059081e-05,
      "operation_seconds": 0.13766875100554898,
      "total_phase_seconds": 0.1401829620008357,
      "scope": "file writes include journal intent/add/flush; excludes this timing receipt and checkpoint writes",
      "mode": "stage4_sealed_cell",
      "banner": "sealed Stage 4; scientific admission also requires complete declared populations"
    },
    {
      "phase": "immediate:112",
      "identity_check_kind": "in_memory_structure_and_configuration",
      "recipe_verification_seconds": 0.0,
      "identity_verification_seconds": 0.0,
      "identity_check_seconds": 0.002193775959312916,
      "state_hash_seconds": 0.008628285955637693,
      "clone_seconds": 0.0,
      "restore_seconds": 0.0,
      "file_write_seconds": 5.898409290239215e-05,
      "operation_seconds": 0.044649291958194226,
      "total_phase_seconds": 0.05562417797045782,
      "scope": "file writes include journal intent/add/flush; excludes this timing receipt and checkpoint writes",
      "mode": "stage4_sealed_cell",
      "banner": "sealed Stage 4; scientific admission also requires complete declared populations"
    },
    {
      "phase": "edit:113",
      "identity_check_kind": "in_memory_structure_and_configuration",
      "recipe_verification_seconds": 0.0,
      "identity_verification_seconds": 0.0,
      "identity_check_seconds": 0.002085207961499691,
      "state_hash_seconds": 0.0002473040367476642,
      "clone_seconds": 0.0,
      "restore_seconds": 0.0,
      "file_write_seconds": 6.292096804827452e-05,
      "operation_seconds": 0.17034111497923732,
      "total_phase_seconds": 0.17281081096734852,
      "scope": "file writes include journal intent/add/flush; excludes this timing receipt and checkpoint writes",
      "mode": "stage4_sealed_cell",
      "banner": "sealed Stage 4; scientific admission also requires complete declared populations"
    },
    {
      "phase": "immediate:113",
      "identity_check_kind": "in_memory_structure_and_configuration",
      "recipe_verification_seconds": 0.0,
      "identity_verification_seconds": 0.0,
      "identity_check_seconds": 0.0021367769804783165,
      "state_hash_seconds": 0.008749287982936949,
      "clone_seconds": 0.0,
      "restore_seconds": 0.0,
      "file_write_seconds": 5.720899207517505e-05,
      "operation_seconds": 0.05081343196798116,
      "total_phase_seconds": 0.06184430600842461,
      "scope": "file writes include journal intent/add/flush; excludes this timing receipt and checkpoint writes",
      "mode": "stage4_sealed_cell",
      "banner": "sealed Stage 4; scientific admission also requires complete declared populations"
    },
    {
      "phase": "edit:114",
      "identity_check_kind": "in_memory_structure_and_configuration",
      "recipe_verification_seconds": 0.0,
      "identity_verification_seconds": 0.0,
      "identity_check_seconds": 0.002034901990555227,
      "state_hash_seconds": 0.00023807602701708674,
      "clone_seconds": 0.0,
      "restore_seconds": 0.0,
      "file_write_seconds": 6.031501106917858e-05,
      "operation_seconds": 0.34735031600575894,
      "total_phase_seconds": 0.34975444700103253,
      "scope": "file writes include journal intent/add/flush; excludes this timing receipt and checkpoint writes",
      "mode": "stage4_sealed_cell",
      "banner": "sealed Stage 4; scientific admission also requires complete declared populations"
    },
    {
      "phase": "immediate:114",
      "identity_check_kind": "in_memory_structure_and_configuration",
      "recipe_verification_seconds": 0.0,
      "identity_verification_seconds": 0.0,
      "identity_check_seconds": 0.002135506016202271,
      "state_hash_seconds": 0.008706054999493062,
      "clone_seconds": 0.0,
      "restore_seconds": 0.0,
      "file_write_seconds": 5.9684040024876595e-05,
      "operation_seconds": 0.05967934400541708,
      "total_phase_seconds": 0.07067033095518127,
      "scope": "file writes include journal intent/add/flush; excludes this timing receipt and checkpoint writes",
      "mode": "stage4_sealed_cell",
      "banner": "sealed Stage 4; scientific admission also requires complete declared populations"
    },
    {
      "phase": "edit:115",
      "identity_check_kind": "in_memory_structure_and_configuration",
      "recipe_verification_seconds": 0.0,
      "identity_verification_seconds": 0.0,
      "identity_check_seconds": 0.0020486880093812943,
      "state_hash_seconds": 0.00022732600336894393,
      "clone_seconds": 0.0,
      "restore_seconds": 0.0,
      "file_write_seconds": 6.395194213837385e-05,
      "operation_seconds": 0.24178699299227446,
      "total_phase_seconds": 0.24419132398907095,
      "scope": "file writes include journal intent/add/flush; excludes this timing receipt and checkpoint writes",
      "mode": "stage4_sealed_cell",
      "banner": "sealed Stage 4; scientific admission also requires complete declared populations"
    },
    {
      "phase": "immediate:115",
      "identity_check_kind": "in_memory_structure_and_configuration",
      "recipe_verification_seconds": 0.0,
      "identity_verification_seconds": 0.0,
      "identity_check_seconds": 0.001959657936822623,
      "state_hash_seconds": 0.008972504991106689,
      "clone_seconds": 0.0,
      "restore_seconds": 0.0,
      "file_write_seconds": 6.131699774414301e-05,
      "operation_seconds": 0.06151179800508544,
      "total_phase_seconds": 0.07261089200619608,
      "scope": "file writes include journal intent/add/flush; excludes this timing receipt and checkpoint writes",
      "mode": "stage4_sealed_cell",
      "banner": "sealed Stage 4; scientific admission also requires complete declared populations"
    },
    {
      "phase": "edit:116",
      "identity_check_kind": "in_memory_structure_and_configuration",
      "recipe_verification_seconds": 0.0,
      "identity_verification_seconds": 0.0,
      "identity_check_seconds": 0.002177415939513594,
      "state_hash_seconds": 0.000248706026468426,
      "clone_seconds": 0.0,
      "restore_seconds": 0.0,
      "file_write_seconds": 6.230903090909123e-05,
      "operation_seconds": 0.18910746200708672,
      "total_phase_seconds": 0.19166786200366914,
      "scope": "file writes include journal intent/add/flush; excludes this timing receipt and checkpoint writes",
      "mode": "stage4_sealed_cell",
      "banner": "sealed Stage 4; scientific admission also requires complete declared populations"
    },
    {
      "phase": "immediate:116",
      "identity_check_kind": "in_memory_structure_and_configuration",
      "recipe_verification_seconds": 0.0,
      "identity_verification_seconds": 0.0,
      "identity_check_seconds": 0.0022083649528212845,
      "state_hash_seconds": 0.008871292928233743,
      "clone_seconds": 0.0,
      "restore_seconds": 0.0,
      "file_write_seconds": 0.004776089044753462,
      "operation_seconds": 0.05096337996656075,
      "total_phase_seconds": 0.06690862798132002,
      "scope": "file writes include journal intent/add/flush; excludes this timing receipt and checkpoint writes",
      "mode": "stage4_sealed_cell",
      "banner": "sealed Stage 4; scientific admission also requires complete declared populations"
    },
    {
      "phase": "edit:117",
      "identity_check_kind": "in_memory_structure_and_configuration",
      "recipe_verification_seconds": 0.0,
      "identity_verification_seconds": 0.0,
      "identity_check_seconds": 0.0022406960488297045,
      "state_hash_seconds": 0.00023536296794191003,
      "clone_seconds": 0.0,
      "restore_seconds": 0.0,
      "file_write_seconds": 0.0012527520884759724,
      "operation_seconds": 0.21049907500855625,
      "total_phase_seconds": 0.21429835900198668,
      "scope": "file writes include journal intent/add/flush; excludes this timing receipt and checkpoint writes",
      "mode": "stage4_sealed_cell",
      "banner": "sealed Stage 4; scientific admission also requires complete declared populations"
    },
    {
      "phase": "immediate:117",
      "identity_check_kind": "in_memory_structure_and_configuration",
      "recipe_verification_seconds": 0.0,
      "identity_verification_seconds": 0.0,
      "identity_check_seconds": 0.00209088996052742,
      "state_hash_seconds": 0.009207667026203126,
      "clone_seconds": 0.0,
      "restore_seconds": 0.0,
      "file_write_seconds": 6.623700028285384e-05,
      "operation_seconds": 0.05559824901865795,
      "total_phase_seconds": 0.06705817399779335,
      "scope": "file writes include journal intent/add/flush; excludes this timing receipt and checkpoint writes",
      "mode": "stage4_sealed_cell",
      "banner": "sealed Stage 4; scientific admission also requires complete declared populations"
    },
    {
      "phase": "edit:118",
      "identity_check_kind": "in_memory_structure_and_configuration",
      "recipe_verification_seconds": 0.0,
      "identity_verification_seconds": 0.0,
      "identity_check_seconds": 0.002170652966015041,
      "state_hash_seconds": 0.00023186509497463703,
      "clone_seconds": 0.0,
      "restore_seconds": 0.0,
      "file_write_seconds": 6.193900480866432e-05,
      "operation_seconds": 0.10477825795533136,
      "total_phase_seconds": 0.10731433099135756,
      "scope": "file writes include journal intent/add/flush; excludes this timing receipt and checkpoint writes",
      "mode": "stage4_sealed_cell",
      "banner": "sealed Stage 4; scientific admission also requires complete declared populations"
    },
    {
      "phase": "immediate:118",
      "identity_check_kind": "in_memory_structure_and_configuration",
      "recipe_verification_seconds": 0.0,
      "identity_verification_seconds": 0.0,
      "identity_check_seconds": 0.0021431100321933627,
      "state_hash_seconds": 0.009369127044919878,
      "clone_seconds": 0.0,
      "restore_seconds": 0.0,
      "file_write_seconds": 5.9343932662159204e-05,
      "operation_seconds": 0.042308253003284335,
      "total_phase_seconds": 0.05397645803168416,
      "scope": "file writes include journal intent/add/flush; excludes this timing receipt and checkpoint writes",
      "mode": "stage4_sealed_cell",
      "banner": "sealed Stage 4; scientific admission also requires complete declared populations"
    },
    {
      "phase": "edit:119",
      "identity_check_kind": "in_memory_structure_and_configuration",
      "recipe_verification_seconds": 0.0,
      "identity_verification_seconds": 0.0,
      "identity_check_seconds": 0.0020859299693256617,
      "state_hash_seconds": 0.0002827129792422056,
      "clone_seconds": 0.0,
      "restore_seconds": 0.0,
      "file_write_seconds": 6.0006044805049896e-05,
      "operation_seconds": 0.22106700902804732,
      "total_phase_seconds": 0.2235733059933409,
      "scope": "file writes include journal intent/add/flush; excludes this timing receipt and checkpoint writes",
      "mode": "stage4_sealed_cell",
      "banner": "sealed Stage 4; scientific admission also requires complete declared populations"
    },
    {
      "phase": "immediate:119",
      "identity_check_kind": "in_memory_structure_and_configuration",
      "recipe_verification_seconds": 0.0,
      "identity_verification_seconds": 0.0,
      "identity_check_seconds": 0.0022475490113720298,
      "state_hash_seconds": 0.009935532929375768,
      "clone_seconds": 0.0,
      "restore_seconds": 0.0,
      "file_write_seconds": 5.841202801093459e-05,
      "operation_seconds": 0.06355489604175091,
      "total_phase_seconds": 0.0758987269946374,
      "scope": "file writes include journal intent/add/flush; excludes this timing receipt and checkpoint writes",
      "mode": "stage4_sealed_cell",
      "banner": "sealed Stage 4; scientific admission also requires complete declared populations"
    },
    {
      "phase": "edit:120",
      "identity_check_kind": "in_memory_structure_and_configuration",
      "recipe_verification_seconds": 0.0,
      "identity_verification_seconds": 0.0,
      "identity_check_seconds": 0.002109695051331073,
      "state_hash_seconds": 0.00023843697272241116,
      "clone_seconds": 0.0,
      "restore_seconds": 0.0,
      "file_write_seconds": 6.280106026679277e-05,
      "operation_seconds": 0.12369073601439595,
      "total_phase_seconds": 0.12616789701860398,
      "scope": "file writes include journal intent/add/flush; excludes this timing receipt and checkpoint writes",
      "mode": "stage4_sealed_cell",
      "banner": "sealed Stage 4; scientific admission also requires complete declared populations"
    },
    {
      "phase": "immediate:120",
      "identity_check_kind": "in_memory_structure_and_configuration",
      "recipe_verification_seconds": 0.0,
      "identity_verification_seconds": 0.0,
      "identity_check_seconds": 0.0021313769393600523,
      "state_hash_seconds": 0.00921339902561158,
      "clone_seconds": 0.0,
      "restore_seconds": 0.0,
      "file_write_seconds": 5.7350960560142994e-05,
      "operation_seconds": 0.0402191859902814,
      "total_phase_seconds": 0.05171044199960306,
      "scope": "file writes include journal intent/add/flush; excludes this timing receipt and checkpoint writes",
      "mode": "stage4_sealed_cell",
      "banner": "sealed Stage 4; scientific admission also requires complete declared populations"
    },
    {
      "phase": "edit:121",
      "identity_check_kind": "in_memory_structure_and_configuration",
      "recipe_verification_seconds": 0.0,
      "identity_verification_seconds": 0.0,
      "identity_check_seconds": 0.0020070589962415397,
      "state_hash_seconds": 0.00021553406259045005,
      "clone_seconds": 0.0,
      "restore_seconds": 0.0,
      "file_write_seconds": 8.672598050907254e-05,
      "operation_seconds": 0.12583633000031114,
      "total_phase_seconds": 0.12821031297789887,
      "scope": "file writes include journal intent/add/flush; excludes this timing receipt and checkpoint writes",
      "mode": "stage4_sealed_cell",
      "banner": "sealed Stage 4; scientific admission also requires complete declared populations"
    },
    {
      "phase": "immediate:121",
      "identity_check_kind": "in_memory_structure_and_configuration",
      "recipe_verification_seconds": 0.0,
      "identity_verification_seconds": 0.0,
      "identity_check_seconds": 0.0021838879911229014,
      "state_hash_seconds": 0.0096553839975968,
      "clone_seconds": 0.0,
      "restore_seconds": 0.0,
      "file_write_seconds": 6.766000296920538e-05,
      "operation_seconds": 0.04627936804899946,
      "total_phase_seconds": 0.05829017999349162,
      "scope": "file writes include journal intent/add/flush; excludes this timing receipt and checkpoint writes",
      "mode": "stage4_sealed_cell",
      "banner": "sealed Stage 4; scientific admission also requires complete declared populations"
    },
    {
      "phase": "edit:122",
      "identity_check_kind": "in_memory_structure_and_configuration",
      "recipe_verification_seconds": 0.0,
      "identity_verification_seconds": 0.0,
      "identity_check_seconds": 0.001985197013709694,
      "state_hash_seconds": 0.00022934004664421082,
      "clone_seconds": 0.0,
      "restore_seconds": 0.0,
      "file_write_seconds": 5.850096931681037e-05,
      "operation_seconds": 0.17738305794773623,
      "total_phase_seconds": 0.1797221649903804,
      "scope": "file writes include journal intent/add/flush; excludes this timing receipt and checkpoint writes",
      "mode": "stage4_sealed_cell",
      "banner": "sealed Stage 4; scientific admission also requires complete declared populations"
    },
    {
      "phase": "immediate:122",
      "identity_check_kind": "in_memory_structure_and_configuration",
      "recipe_verification_seconds": 0.0,
      "identity_verification_seconds": 0.0,
      "identity_check_seconds": 0.0022734790109097958,
      "state_hash_seconds": 0.01008666306734085,
      "clone_seconds": 0.0,
      "restore_seconds": 0.0,
      "file_write_seconds": 5.755003076046705e-05,
      "operation_seconds": 0.05604274105280638,
      "total_phase_seconds": 0.06855703803012148,
      "scope": "file writes include journal intent/add/flush; excludes this timing receipt and checkpoint writes",
      "mode": "stage4_sealed_cell",
      "banner": "sealed Stage 4; scientific admission also requires complete declared populations"
    },
    {
      "phase": "edit:123",
      "identity_check_kind": "in_memory_structure_and_configuration",
      "recipe_verification_seconds": 0.0,
      "identity_verification_seconds": 0.0,
      "identity_check_seconds": 0.0022566280094906688,
      "state_hash_seconds": 0.0002472050255164504,
      "clone_seconds": 0.0,
      "restore_seconds": 0.0,
      "file_write_seconds": 6.066600326448679e-05,
      "operation_seconds": 0.17229664500337094,
      "total_phase_seconds": 0.17492671904619783,
      "scope": "file writes include journal intent/add/flush; excludes this timing receipt and checkpoint writes",
      "mode": "stage4_sealed_cell",
      "banner": "sealed Stage 4; scientific admission also requires complete declared populations"
    },
    {
      "phase": "immediate:123",
      "identity_check_kind": "in_memory_structure_and_configuration",
      "recipe_verification_seconds": 0.0,
      "identity_verification_seconds": 0.0,
      "identity_check_seconds": 0.002076060976833105,
      "state_hash_seconds": 0.009291979018598795,
      "clone_seconds": 0.0,
      "restore_seconds": 0.0,
      "file_write_seconds": 5.797104677185416e-05,
      "operation_seconds": 0.04643566702725366,
      "total_phase_seconds": 0.05794639099622145,
      "scope": "file writes include journal intent/add/flush; excludes this timing receipt and checkpoint writes",
      "mode": "stage4_sealed_cell",
      "banner": "sealed Stage 4; scientific admission also requires complete declared populations"
    },
    {
      "phase": "edit:124",
      "identity_check_kind": "in_memory_structure_and_configuration",
      "recipe_verification_seconds": 0.0,
      "identity_verification_seconds": 0.0,
      "identity_check_seconds": 0.0021767839789390564,
      "state_hash_seconds": 0.00023754604626446962,
      "clone_seconds": 0.0,
      "restore_seconds": 0.0,
      "file_write_seconds": 5.955499364063144e-05,
      "operation_seconds": 0.10256075602956116,
      "total_phase_seconds": 0.10510060604428872,
      "scope": "file writes include journal intent/add/flush; excludes this timing receipt and checkpoint writes",
      "mode": "stage4_sealed_cell",
      "banner": "sealed Stage 4; scientific admission also requires complete declared populations"
    },
    {
      "phase": "immediate:124",
      "identity_check_kind": "in_memory_structure_and_configuration",
      "recipe_verification_seconds": 0.0,
      "identity_verification_seconds": 0.0,
      "identity_check_seconds": 0.002142629004083574,
      "state_hash_seconds": 0.010033039085101336,
      "clone_seconds": 0.0,
      "restore_seconds": 0.0,
      "file_write_seconds": 5.645799683406949e-05,
      "operation_seconds": 0.04013043700251728,
      "total_phase_seconds": 0.05245483003091067,
      "scope": "file writes include journal intent/add/flush; excludes this timing receipt and checkpoint writes",
      "mode": "stage4_sealed_cell",
      "banner": "sealed Stage 4; scientific admission also requires complete declared populations"
    },
    {
      "phase": "edit:125",
      "identity_check_kind": "in_memory_structure_and_configuration",
      "recipe_verification_seconds": 0.0,
      "identity_verification_seconds": 0.0,
      "identity_check_seconds": 0.0019473849679343402,
      "state_hash_seconds": 0.0002222979674115777,
      "clone_seconds": 0.0,
      "restore_seconds": 0.0,
      "file_write_seconds": 6.370199844241142e-05,
      "operation_seconds": 0.12524790200404823,
      "total_phase_seconds": 0.12754422600846738,
      "scope": "file writes include journal intent/add/flush; excludes this timing receipt and checkpoint writes",
      "mode": "stage4_sealed_cell",
      "banner": "sealed Stage 4; scientific admission also requires complete declared populations"
    },
    {
      "phase": "immediate:125",
      "identity_check_kind": "in_memory_structure_and_configuration",
      "recipe_verification_seconds": 0.0,
      "identity_verification_seconds": 0.0,
      "identity_check_seconds": 0.0020634179818443954,
      "state_hash_seconds": 0.009503824985586107,
      "clone_seconds": 0.0,
      "restore_seconds": 0.0,
      "file_write_seconds": 5.8030011132359505e-05,
      "operation_seconds": 0.042233619024045765,
      "total_phase_seconds": 0.053942402999382466,
      "scope": "file writes include journal intent/add/flush; excludes this timing receipt and checkpoint writes",
      "mode": "stage4_sealed_cell",
      "banner": "sealed Stage 4; scientific admission also requires complete declared populations"
    },
    {
      "phase": "edit:126",
      "identity_check_kind": "in_memory_structure_and_configuration",
      "recipe_verification_seconds": 0.0,
      "identity_verification_seconds": 0.0,
      "identity_check_seconds": 0.0019908169633708894,
      "state_hash_seconds": 0.00024217501049861312,
      "clone_seconds": 0.0,
      "restore_seconds": 0.0,
      "file_write_seconds": 5.9443991631269455e-05,
      "operation_seconds": 0.09182070096721873,
      "total_phase_seconds": 0.09418017498683184,
      "scope": "file writes include journal intent/add/flush; excludes this timing receipt and checkpoint writes",
      "mode": "stage4_sealed_cell",
      "banner": "sealed Stage 4; scientific admission also requires complete declared populations"
    },
    {
      "phase": "immediate:126",
      "identity_check_kind": "in_memory_structure_and_configuration",
      "recipe_verification_seconds": 0.0,
      "identity_verification_seconds": 0.0,
      "identity_check_seconds": 0.0018466210458427668,
      "state_hash_seconds": 0.009260248043574393,
      "clone_seconds": 0.0,
      "restore_seconds": 0.0,
      "file_write_seconds": 6.254896288737655e-05,
      "operation_seconds": 0.03720181999960914,
      "total_phase_seconds": 0.04845136299263686,
      "scope": "file writes include journal intent/add/flush; excludes this timing receipt and checkpoint writes",
      "mode": "stage4_sealed_cell",
      "banner": "sealed Stage 4; scientific admission also requires complete declared populations"
    },
    {
      "phase": "edit:127",
      "identity_check_kind": "in_memory_structure_and_configuration",
      "recipe_verification_seconds": 0.0,
      "identity_verification_seconds": 0.0,
      "identity_check_seconds": 0.0021659430349245667,
      "state_hash_seconds": 0.00023528101155534387,
      "clone_seconds": 0.0,
      "restore_seconds": 0.0,
      "file_write_seconds": 5.9393991250544786e-05,
      "operation_seconds": 0.08944352105027065,
      "total_phase_seconds": 0.0919671609881334,
      "scope": "file writes include journal intent/add/flush; excludes this timing receipt and checkpoint writes",
      "mode": "stage4_sealed_cell",
      "banner": "sealed Stage 4; scientific admission also requires complete declared populations"
    },
    {
      "phase": "immediate:127",
      "identity_check_kind": "in_memory_structure_and_configuration",
      "recipe_verification_seconds": 0.0,
      "identity_verification_seconds": 0.0,
      "identity_check_seconds": 0.0018411509809084237,
      "state_hash_seconds": 0.009337615978438407,
      "clone_seconds": 0.0,
      "restore_seconds": 0.0,
      "file_write_seconds": 5.9143989346921444e-05,
      "operation_seconds": 0.036933917028363794,
      "total_phase_seconds": 0.04824894398916513,
      "scope": "file writes include journal intent/add/flush; excludes this timing receipt and checkpoint writes",
      "mode": "stage4_sealed_cell",
      "banner": "sealed Stage 4; scientific admission also requires complete declared populations"
    },
    {
      "phase": "edit:128",
      "identity_check_kind": "in_memory_structure_and_configuration",
      "recipe_verification_seconds": 0.0,
      "identity_verification_seconds": 0.0,
      "identity_check_seconds": 0.0025040420587174594,
      "state_hash_seconds": 0.0002820399822667241,
      "clone_seconds": 0.0,
      "restore_seconds": 0.0,
      "file_write_seconds": 6.035598926246166e-05,
      "operation_seconds": 0.13505192199954763,
      "total_phase_seconds": 0.13797440601047128,
      "scope": "file writes include journal intent/add/flush; excludes this timing receipt and checkpoint writes",
      "mode": "stage4_sealed_cell",
      "banner": "sealed Stage 4; scientific admission also requires complete declared populations"
    },
    {
      "phase": "immediate:128",
      "identity_check_kind": "in_memory_structure_and_configuration",
      "recipe_verification_seconds": 0.0,
      "identity_verification_seconds": 0.0,
      "identity_check_seconds": 0.002080740057863295,
      "state_hash_seconds": 0.010045634000562131,
      "clone_seconds": 0.0,
      "restore_seconds": 0.0,
      "file_write_seconds": 6.17089681327343e-05,
      "operation_seconds": 0.049183776951394975,
      "total_phase_seconds": 0.06146278401138261,
      "scope": "file writes include journal intent/add/flush; excludes this timing receipt and checkpoint writes",
      "mode": "stage4_sealed_cell",
      "banner": "sealed Stage 4; scientific admission also requires complete declared populations"
    },
    {
      "phase": "edit:129",
      "identity_check_kind": "in_memory_structure_and_configuration",
      "recipe_verification_seconds": 0.0,
      "identity_verification_seconds": 0.0,
      "identity_check_seconds": 0.0024135279818437994,
      "state_hash_seconds": 0.00027500803116708994,
      "clone_seconds": 0.0,
      "restore_seconds": 0.0,
      "file_write_seconds": 5.946401506662369e-05,
      "operation_seconds": 0.49551971402252093,
      "total_phase_seconds": 0.49834724597167224,
      "scope": "file writes include journal intent/add/flush; excludes this timing receipt and checkpoint writes",
      "mode": "stage4_sealed_cell",
      "banner": "sealed Stage 4; scientific admission also requires complete declared populations"
    },
    {
      "phase": "immediate:129",
      "identity_check_kind": "in_memory_structure_and_configuration",
      "recipe_verification_seconds": 0.0,
      "identity_verification_seconds": 0.0,
      "identity_check_seconds": 0.0021009300253354013,
      "state_hash_seconds": 0.010141789040062577,
      "clone_seconds": 0.0,
      "restore_seconds": 0.0,
      "file_write_seconds": 5.829293513670564e-05,
      "operation_seconds": 0.08633746497798711,
      "total_phase_seconds": 0.0987221950199455,
      "scope": "file writes include journal intent/add/flush; excludes this timing receipt and checkpoint writes",
      "mode": "stage4_sealed_cell",
      "banner": "sealed Stage 4; scientific admission also requires complete declared populations"
    },
    {
      "phase": "edit:130",
      "identity_check_kind": "in_memory_structure_and_configuration",
      "recipe_verification_seconds": 0.0,
      "identity_verification_seconds": 0.0,
      "identity_check_seconds": 0.002067305031232536,
      "state_hash_seconds": 0.00024225504603236914,
      "clone_seconds": 0.0,
      "restore_seconds": 0.0,
      "file_write_seconds": 6.159901386126876e-05,
      "operation_seconds": 0.22339201800059527,
      "total_phase_seconds": 0.22583746700547636,
      "scope": "file writes include journal intent/add/flush; excludes this timing receipt and checkpoint writes",
      "mode": "stage4_sealed_cell",
      "banner": "sealed Stage 4; scientific admission also requires complete declared populations"
    },
    {
      "phase": "immediate:130",
      "identity_check_kind": "in_memory_structure_and_configuration",
      "recipe_verification_seconds": 0.0,
      "identity_verification_seconds": 0.0,
      "identity_check_seconds": 0.002240035042632371,
      "state_hash_seconds": 0.010404940985608846,
      "clone_seconds": 0.0,
      "restore_seconds": 0.0,
      "file_write_seconds": 5.7860976085066795e-05,
      "operation_seconds": 0.053325360000599176,
      "total_phase_seconds": 0.06611953402170911,
      "scope": "file writes include journal intent/add/flush; excludes this timing receipt and checkpoint writes",
      "mode": "stage4_sealed_cell",
      "banner": "sealed Stage 4; scientific admission also requires complete declared populations"
    },
    {
      "phase": "edit:131",
      "identity_check_kind": "in_memory_structure_and_configuration",
      "recipe_verification_seconds": 0.0,
      "identity_verification_seconds": 0.0,
      "identity_check_seconds": 0.002172304957639426,
      "state_hash_seconds": 0.00021969096269458532,
      "clone_seconds": 0.0,
      "restore_seconds": 0.0,
      "file_write_seconds": 6.015499820932746e-05,
      "operation_seconds": 0.17716505099087954,
      "total_phase_seconds": 0.17967937304638326,
      "scope": "file writes include journal intent/add/flush; excludes this timing receipt and checkpoint writes",
      "mode": "stage4_sealed_cell",
      "banner": "sealed Stage 4; scientific admission also requires complete declared populations"
    },
    {
      "phase": "immediate:131",
      "identity_check_kind": "in_memory_structure_and_configuration",
      "recipe_verification_seconds": 0.0,
      "identity_verification_seconds": 0.0,
      "identity_check_seconds": 0.0020517039811238647,
      "state_hash_seconds": 0.010678097023628652,
      "clone_seconds": 0.0,
      "restore_seconds": 0.0,
      "file_write_seconds": 5.73190045543015e-05,
      "operation_seconds": 0.05390934902243316,
      "total_phase_seconds": 0.06678364798426628,
      "scope": "file writes include journal intent/add/flush; excludes this timing receipt and checkpoint writes",
      "mode": "stage4_sealed_cell",
      "banner": "sealed Stage 4; scientific admission also requires complete declared populations"
    },
    {
      "phase": "edit:132",
      "identity_check_kind": "in_memory_structure_and_configuration",
      "recipe_verification_seconds": 0.0,
      "identity_verification_seconds": 0.0,
      "identity_check_seconds": 0.002092102076858282,
      "state_hash_seconds": 0.00029326300136744976,
      "clone_seconds": 0.0,
      "restore_seconds": 0.0,
      "file_write_seconds": 6.0006044805049896e-05,
      "operation_seconds": 0.16041101299924776,
      "total_phase_seconds": 0.1629278790205717,
      "scope": "file writes include journal intent/add/flush; excludes this timing receipt and checkpoint writes",
      "mode": "stage4_sealed_cell",
      "banner": "sealed Stage 4; scientific admission also requires complete declared populations"
    },
    {
      "phase": "immediate:132",
      "identity_check_kind": "in_memory_structure_and_configuration",
      "recipe_verification_seconds": 0.0,
      "identity_verification_seconds": 0.0,
      "identity_check_seconds": 0.0021243530209176242,
      "state_hash_seconds": 0.010118583973962814,
      "clone_seconds": 0.0,
      "restore_seconds": 0.0,
      "file_write_seconds": 0.0050651339697651565,
      "operation_seconds": 0.05156719795195386,
      "total_phase_seconds": 0.06895966996671632,
      "scope": "file writes include journal intent/add/flush; excludes this timing receipt and checkpoint writes",
      "mode": "stage4_sealed_cell",
      "banner": "sealed Stage 4; scientific admission also requires complete declared populations"
    },
    {
      "phase": "edit:133",
      "identity_check_kind": "in_memory_structure_and_configuration",
      "recipe_verification_seconds": 0.0,
      "identity_verification_seconds": 0.0,
      "identity_check_seconds": 0.0024424539878964424,
      "state_hash_seconds": 0.00028978503542020917,
      "clone_seconds": 0.0,
      "restore_seconds": 0.0,
      "file_write_seconds": 0.0012651759898290038,
      "operation_seconds": 0.24563676601974294,
      "total_phase_seconds": 0.24971122900024056,
      "scope": "file writes include journal intent/add/flush; excludes this timing receipt and checkpoint writes",
      "mode": "stage4_sealed_cell",
      "banner": "sealed Stage 4; scientific admission also requires complete declared populations"
    },
    {
      "phase": "immediate:133",
      "identity_check_kind": "in_memory_structure_and_configuration",
      "recipe_verification_seconds": 0.0,
      "identity_verification_seconds": 0.0,
      "identity_check_seconds": 0.002249184006359428,
      "state_hash_seconds": 0.010855015949346125,
      "clone_seconds": 0.0,
      "restore_seconds": 0.0,
      "file_write_seconds": 5.9545040130615234e-05,
      "operation_seconds": 0.06664482096675783,
      "total_phase_seconds": 0.07990859600249678,
      "scope": "file writes include journal intent/add/flush; excludes this timing receipt and checkpoint writes",
      "mode": "stage4_sealed_cell",
      "banner": "sealed Stage 4; scientific admission also requires complete declared populations"
    },
    {
      "phase": "edit:134",
      "identity_check_kind": "in_memory_structure_and_configuration",
      "recipe_verification_seconds": 0.0,
      "identity_verification_seconds": 0.0,
      "identity_check_seconds": 0.002133642032276839,
      "state_hash_seconds": 0.00026370398700237274,
      "clone_seconds": 0.0,
      "restore_seconds": 0.0,
      "file_write_seconds": 6.384198786690831e-05,
      "operation_seconds": 0.1298567099729553,
      "total_phase_seconds": 0.13238479802384973,
      "scope": "file writes include journal intent/add/flush; excludes this timing receipt and checkpoint writes",
      "mode": "stage4_sealed_cell",
      "banner": "sealed Stage 4; scientific admission also requires complete declared populations"
    },
    {
      "phase": "immediate:134",
      "identity_check_kind": "in_memory_structure_and_configuration",
      "recipe_verification_seconds": 0.0,
      "identity_verification_seconds": 0.0,
      "identity_check_seconds": 0.0021619459730573,
      "state_hash_seconds": 0.010443667997606099,
      "clone_seconds": 0.0,
      "restore_seconds": 0.0,
      "file_write_seconds": 5.76310558244586e-05,
      "operation_seconds": 0.048712813993915915,
      "total_phase_seconds": 0.06146892497781664,
      "scope": "file writes include journal intent/add/flush; excludes this timing receipt and checkpoint writes",
      "mode": "stage4_sealed_cell",
      "banner": "sealed Stage 4; scientific admission also requires complete declared populations"
    },
    {
      "phase": "edit:135",
      "identity_check_kind": "in_memory_structure_and_configuration",
      "recipe_verification_seconds": 0.0,
      "identity_verification_seconds": 0.0,
      "identity_check_seconds": 0.002003904024604708,
      "state_hash_seconds": 0.0002678920282050967,
      "clone_seconds": 0.0,
      "restore_seconds": 0.0,
      "file_write_seconds": 6.036699051037431e-05,
      "operation_seconds": 0.11159871704876423,
      "total_phase_seconds": 0.11399550299393013,
      "scope": "file writes include journal intent/add/flush; excludes this timing receipt and checkpoint writes",
      "mode": "stage4_sealed_cell",
      "banner": "sealed Stage 4; scientific admission also requires complete declared populations"
    },
    {
      "phase": "immediate:135",
      "identity_check_kind": "in_memory_structure_and_configuration",
      "recipe_verification_seconds": 0.0,
      "identity_verification_seconds": 0.0,
      "identity_check_seconds": 0.0021255650208331645,
      "state_hash_seconds": 0.010495065012946725,
      "clone_seconds": 0.0,
      "restore_seconds": 0.0,
      "file_write_seconds": 5.973502993583679e-05,
      "operation_seconds": 0.04733608401147649,
      "total_phase_seconds": 0.06010281603084877,
      "scope": "file writes include journal intent/add/flush; excludes this timing receipt and checkpoint writes",
      "mode": "stage4_sealed_cell",
      "banner": "sealed Stage 4; scientific admission also requires complete declared populations"
    },
    {
      "phase": "edit:136",
      "identity_check_kind": "in_memory_structure_and_configuration",
      "recipe_verification_seconds": 0.0,
      "identity_verification_seconds": 0.0,
      "identity_check_seconds": 0.0023658170248381793,
      "state_hash_seconds": 0.0003195839817635715,
      "clone_seconds": 0.0,
      "restore_seconds": 0.0,
      "file_write_seconds": 6.167805986478925e-05,
      "operation_seconds": 0.12538657803088427,
      "total_phase_seconds": 0.12821230600820854,
      "scope": "file writes include journal intent/add/flush; excludes this timing receipt and checkpoint writes",
      "mode": "stage4_sealed_cell",
      "banner": "sealed Stage 4; scientific admission also requires complete declared populations"
    },
    {
      "phase": "immediate:136",
      "identity_check_kind": "in_memory_structure_and_configuration",
      "recipe_verification_seconds": 0.0,
      "identity_verification_seconds": 0.0,
      "identity_check_seconds": 0.0021430309861898422,
      "state_hash_seconds": 0.010792456043418497,
      "clone_seconds": 0.0,
      "restore_seconds": 0.0,
      "file_write_seconds": 6.635801400989294e-05,
      "operation_seconds": 0.05048656597500667,
      "total_phase_seconds": 0.06357944302726537,
      "scope": "file writes include journal intent/add/flush; excludes this timing receipt and checkpoint writes",
      "mode": "stage4_sealed_cell",
      "banner": "sealed Stage 4; scientific admission also requires complete declared populations"
    },
    {
      "phase": "edit:137",
      "identity_check_kind": "in_memory_structure_and_configuration",
      "recipe_verification_seconds": 0.0,
      "identity_verification_seconds": 0.0,
      "identity_check_seconds": 0.0020697199506685138,
      "state_hash_seconds": 0.00024352699983865023,
      "clone_seconds": 0.0,
      "restore_seconds": 0.0,
      "file_write_seconds": 6.09469716437161e-05,
      "operation_seconds": 0.09113524603890255,
      "total_phase_seconds": 0.09357283997815102,
      "scope": "file writes include journal intent/add/flush; excludes this timing receipt and checkpoint writes",
      "mode": "stage4_sealed_cell",
      "banner": "sealed Stage 4; scientific admission also requires complete declared populations"
    },
    {
      "phase": "immediate:137",
      "identity_check_kind": "in_memory_structure_and_configuration",
      "recipe_verification_seconds": 0.0,
      "identity_verification_seconds": 0.0,
      "identity_check_seconds": 0.0020357350585982203,
      "state_hash_seconds": 0.011052594985812902,
      "clone_seconds": 0.0,
      "restore_seconds": 0.0,
      "file_write_seconds": 5.9342943131923676e-05,
      "operation_seconds": 0.04648116399766877,
      "total_phase_seconds": 0.05971594498259947,
      "scope": "file writes include journal intent/add/flush; excludes this timing receipt and checkpoint writes",
      "mode": "stage4_sealed_cell",
      "banner": "sealed Stage 4; scientific admission also requires complete declared populations"
    },
    {
      "phase": "edit:138",
      "identity_check_kind": "in_memory_structure_and_configuration",
      "recipe_verification_seconds": 0.0,
      "identity_verification_seconds": 0.0,
      "identity_check_seconds": 0.0021517850109376013,
      "state_hash_seconds": 0.00028483703499659896,
      "clone_seconds": 0.0,
      "restore_seconds": 0.0,
      "file_write_seconds": 5.952402716502547e-05,
      "operation_seconds": 0.09022904699668288,
      "total_phase_seconds": 0.09278911602450535,
      "scope": "file writes include journal intent/add/flush; excludes this timing receipt and checkpoint writes",
      "mode": "stage4_sealed_cell",
      "banner": "sealed Stage 4; scientific admission also requires complete declared populations"
    },
    {
      "phase": "immediate:138",
      "identity_check_kind": "in_memory_structure_and_configuration",
      "recipe_verification_seconds": 0.0,
      "identity_verification_seconds": 0.0,
      "identity_check_seconds": 0.0018856669194065034,
      "state_hash_seconds": 0.010458566073793918,
      "clone_seconds": 0.0,
      "restore_seconds": 0.0,
      "file_write_seconds": 5.7792000006884336e-05,
      "operation_seconds": 0.038642673986032605,
      "total_phase_seconds": 0.05111864802893251,
      "scope": "file writes include journal intent/add/flush; excludes this timing receipt and checkpoint writes",
      "mode": "stage4_sealed_cell",
      "banner": "sealed Stage 4; scientific admission also requires complete declared populations"
    },
    {
      "phase": "edit:139",
      "identity_check_kind": "in_memory_structure_and_configuration",
      "recipe_verification_seconds": 0.0,
      "identity_verification_seconds": 0.0,
      "identity_check_seconds": 0.0022188049624674022,
      "state_hash_seconds": 0.0002862600376829505,
      "clone_seconds": 0.0,
      "restore_seconds": 0.0,
      "file_write_seconds": 6.062502507120371e-05,
      "operation_seconds": 0.13362613797653466,
      "total_phase_seconds": 0.136267292953562,
      "scope": "file writes include journal intent/add/flush; excludes this timing receipt and checkpoint writes",
      "mode": "stage4_sealed_cell",
      "banner": "sealed Stage 4; scientific admission also requires complete declared populations"
    },
    {
      "phase": "immediate:139",
      "identity_check_kind": "in_memory_structure_and_configuration",
      "recipe_verification_seconds": 0.0,
      "identity_verification_seconds": 0.0,
      "identity_check_seconds": 0.00262299895985052,
      "state_hash_seconds": 0.01139469089685008,
      "clone_seconds": 0.0,
      "restore_seconds": 0.0,
      "file_write_seconds": 6.532500265166163e-05,
      "operation_seconds": 0.04998056503245607,
      "total_phase_seconds": 0.06416739098494872,
      "scope": "file writes include journal intent/add/flush; excludes this timing receipt and checkpoint writes",
      "mode": "stage4_sealed_cell",
      "banner": "sealed Stage 4; scientific admission also requires complete declared populations"
    },
    {
      "phase": "edit:140",
      "identity_check_kind": "in_memory_structure_and_configuration",
      "recipe_verification_seconds": 0.0,
      "identity_verification_seconds": 0.0,
      "identity_check_seconds": 0.002112401998601854,
      "state_hash_seconds": 0.000267353025265038,
      "clone_seconds": 0.0,
      "restore_seconds": 0.0,
      "file_write_seconds": 5.9264013543725014e-05,
      "operation_seconds": 0.14755459799198434,
      "total_phase_seconds": 0.1500610249931924,
      "scope": "file writes include journal intent/add/flush; excludes this timing receipt and checkpoint writes",
      "mode": "stage4_sealed_cell",
      "banner": "sealed Stage 4; scientific admission also requires complete declared populations"
    },
    {
      "phase": "immediate:140",
      "identity_check_kind": "in_memory_structure_and_configuration",
      "recipe_verification_seconds": 0.0,
      "identity_verification_seconds": 0.0,
      "identity_check_seconds": 0.0021041050204075873,
      "state_hash_seconds": 0.010707602021284401,
      "clone_seconds": 0.0,
      "restore_seconds": 0.0,
      "file_write_seconds": 7.499393541365862e-05,
      "operation_seconds": 0.04638872802024707,
      "total_phase_seconds": 0.059375081036705524,
      "scope": "file writes include journal intent/add/flush; excludes this timing receipt and checkpoint writes",
      "mode": "stage4_sealed_cell",
      "banner": "sealed Stage 4; scientific admission also requires complete declared populations"
    },
    {
      "phase": "edit:141",
      "identity_check_kind": "in_memory_structure_and_configuration",
      "recipe_verification_seconds": 0.0,
      "identity_verification_seconds": 0.0,
      "identity_check_seconds": 0.002452604006975889,
      "state_hash_seconds": 0.0002490180195309222,
      "clone_seconds": 0.0,
      "restore_seconds": 0.0,
      "file_write_seconds": 6.334198405966163e-05,
      "operation_seconds": 0.1660881789866835,
      "total_phase_seconds": 0.1689274839591235,
      "scope": "file writes include journal intent/add/flush; excludes this timing receipt and checkpoint writes",
      "mode": "stage4_sealed_cell",
      "banner": "sealed Stage 4; scientific admission also requires complete declared populations"
    },
    {
      "phase": "immediate:141",
      "identity_check_kind": "in_memory_structure_and_configuration",
      "recipe_verification_seconds": 0.0,
      "identity_verification_seconds": 0.0,
      "identity_check_seconds": 0.0029653770034201443,
      "state_hash_seconds": 0.010956920974422246,
      "clone_seconds": 0.0,
      "restore_seconds": 0.0,
      "file_write_seconds": 5.730998236685991e-05,
      "operation_seconds": 0.05038002203218639,
      "total_phase_seconds": 0.06446742604020983,
      "scope": "file writes include journal intent/add/flush; excludes this timing receipt and checkpoint writes",
      "mode": "stage4_sealed_cell",
      "banner": "sealed Stage 4; scientific admission also requires complete declared populations"
    },
    {
      "phase": "edit:142",
      "identity_check_kind": "in_memory_structure_and_configuration",
      "recipe_verification_seconds": 0.0,
      "identity_verification_seconds": 0.0,
      "identity_check_seconds": 0.0020880940137431026,
      "state_hash_seconds": 0.00031318998662754893,
      "clone_seconds": 0.0,
      "restore_seconds": 0.0,
      "file_write_seconds": 6.012601079419255e-05,
      "operation_seconds": 0.2654431880218908,
      "total_phase_seconds": 0.2679766159853898,
      "scope": "file writes include journal intent/add/flush; excludes this timing receipt and checkpoint writes",
      "mode": "stage4_sealed_cell",
      "banner": "sealed Stage 4; scientific admission also requires complete declared populations"
    },
    {
      "phase": "immediate:142",
      "identity_check_kind": "in_memory_structure_and_configuration",
      "recipe_verification_seconds": 0.0,
      "identity_verification_seconds": 0.0,
      "identity_check_seconds": 0.0022507659741677344,
      "state_hash_seconds": 0.011887294938787818,
      "clone_seconds": 0.0,
      "restore_seconds": 0.0,
      "file_write_seconds": 6.052496610209346e-05,
      "operation_seconds": 0.07081116200424731,
      "total_phase_seconds": 0.08510905900038779,
      "scope": "file writes include journal intent/add/flush; excludes this timing receipt and checkpoint writes",
      "mode": "stage4_sealed_cell",
      "banner": "sealed Stage 4; scientific admission also requires complete declared populations"
    },
    {
      "phase": "edit:143",
      "identity_check_kind": "in_memory_structure_and_configuration",
      "recipe_verification_seconds": 0.0,
      "identity_verification_seconds": 0.0,
      "identity_check_seconds": 0.0020632959785871208,
      "state_hash_seconds": 0.0003036119742318988,
      "clone_seconds": 0.0,
      "restore_seconds": 0.0,
      "file_write_seconds": 5.840306403115392e-05,
      "operation_seconds": 0.13493082096101716,
      "total_phase_seconds": 0.13742819003527984,
      "scope": "file writes include journal intent/add/flush; excludes this timing receipt and checkpoint writes",
      "mode": "stage4_sealed_cell",
      "banner": "sealed Stage 4; scientific admission also requires complete declared populations"
    },
    {
      "phase": "immediate:143",
      "identity_check_kind": "in_memory_structure_and_configuration",
      "recipe_verification_seconds": 0.0,
      "identity_verification_seconds": 0.0,
      "identity_check_seconds": 0.002089276968035847,
      "state_hash_seconds": 0.010953315999358892,
      "clone_seconds": 0.0,
      "restore_seconds": 0.0,
      "file_write_seconds": 6.20080390945077e-05,
      "operation_seconds": 0.04431587300496176,
      "total_phase_seconds": 0.057513201027177274,
      "scope": "file writes include journal intent/add/flush; excludes this timing receipt and checkpoint writes",
      "mode": "stage4_sealed_cell",
      "banner": "sealed Stage 4; scientific admission also requires complete declared populations"
    },
    {
      "phase": "edit:144",
      "identity_check_kind": "in_memory_structure_and_configuration",
      "recipe_verification_seconds": 0.0,
      "identity_verification_seconds": 0.0,
      "identity_check_seconds": 0.0021254050079733133,
      "state_hash_seconds": 0.0002670219400897622,
      "clone_seconds": 0.0,
      "restore_seconds": 0.0,
      "file_write_seconds": 6.316101644188166e-05,
      "operation_seconds": 0.1258054010104388,
      "total_phase_seconds": 0.12832493201131,
      "scope": "file writes include journal intent/add/flush; excludes this timing receipt and checkpoint writes",
      "mode": "stage4_sealed_cell",
      "banner": "sealed Stage 4; scientific admission also requires complete declared populations"
    },
    {
      "phase": "immediate:144",
      "identity_check_kind": "in_memory_structure_and_configuration",
      "recipe_verification_seconds": 0.0,
      "identity_verification_seconds": 0.0,
      "identity_check_seconds": 0.002057706005871296,
      "state_hash_seconds": 0.010967754002194852,
      "clone_seconds": 0.0,
      "restore_seconds": 0.0,
      "file_write_seconds": 6.024597678333521e-05,
      "operation_seconds": 0.04664341500028968,
      "total_phase_seconds": 0.05981205898569897,
      "scope": "file writes include journal intent/add/flush; excludes this timing receipt and checkpoint writes",
      "mode": "stage4_sealed_cell",
      "banner": "sealed Stage 4; scientific admission also requires complete declared populations"
    },
    {
      "phase": "edit:145",
      "identity_check_kind": "in_memory_structure_and_configuration",
      "recipe_verification_seconds": 0.0,
      "identity_verification_seconds": 0.0,
      "identity_check_seconds": 0.0019381859456188977,
      "state_hash_seconds": 0.00026704202173277736,
      "clone_seconds": 0.0,
      "restore_seconds": 0.0,
      "file_write_seconds": 5.7910976465791464e-05,
      "operation_seconds": 0.15837637102231383,
      "total_phase_seconds": 0.1607005470432341,
      "scope": "file writes include journal intent/add/flush; excludes this timing receipt and checkpoint writes",
      "mode": "stage4_sealed_cell",
      "banner": "sealed Stage 4; scientific admission also requires complete declared populations"
    },
    {
      "phase": "immediate:145",
      "identity_check_kind": "in_memory_structure_and_configuration",
      "recipe_verification_seconds": 0.0,
      "identity_verification_seconds": 0.0,
      "identity_check_seconds": 0.0021755819907411933,
      "state_hash_seconds": 0.011405311000999063,
      "clone_seconds": 0.0,
      "restore_seconds": 0.0,
      "file_write_seconds": 5.74400182813406e-05,
      "operation_seconds": 0.056334890017751604,
      "total_phase_seconds": 0.07007037097355351,
      "scope": "file writes include journal intent/add/flush; excludes this timing receipt and checkpoint writes",
      "mode": "stage4_sealed_cell",
      "banner": "sealed Stage 4; scientific admission also requires complete declared populations"
    },
    {
      "phase": "edit:146",
      "identity_check_kind": "in_memory_structure_and_configuration",
      "recipe_verification_seconds": 0.0,
      "identity_verification_seconds": 0.0,
      "identity_check_seconds": 0.002161484968382865,
      "state_hash_seconds": 0.0002896460355259478,
      "clone_seconds": 0.0,
      "restore_seconds": 0.0,
      "file_write_seconds": 8.542294381186366e-05,
      "operation_seconds": 0.20365627098362893,
      "total_phase_seconds": 0.2062609459972009,
      "scope": "file writes include journal intent/add/flush; excludes this timing receipt and checkpoint writes",
      "mode": "stage4_sealed_cell",
      "banner": "sealed Stage 4; scientific admission also requires complete declared populations"
    },
    {
      "phase": "immediate:146",
      "identity_check_kind": "in_memory_structure_and_configuration",
      "recipe_verification_seconds": 0.0,
      "identity_verification_seconds": 0.0,
      "identity_check_seconds": 0.002123401965945959,
      "state_hash_seconds": 0.011332450900226831,
      "clone_seconds": 0.0,
      "restore_seconds": 0.0,
      "file_write_seconds": 5.9173034969717264e-05,
      "operation_seconds": 0.060169715026859194,
      "total_phase_seconds": 0.0737706670188345,
      "scope": "file writes include journal intent/add/flush; excludes this timing receipt and checkpoint writes",
      "mode": "stage4_sealed_cell",
      "banner": "sealed Stage 4; scientific admission also requires complete declared populations"
    },
    {
      "phase": "edit:147",
      "identity_check_kind": "in_memory_structure_and_configuration",
      "recipe_verification_seconds": 0.0,
      "identity_verification_seconds": 0.0,
      "identity_check_seconds": 0.002020956017076969,
      "state_hash_seconds": 0.00025383697357028723,
      "clone_seconds": 0.0,
      "restore_seconds": 0.0,
      "file_write_seconds": 5.821202648803592e-05,
      "operation_seconds": 0.14358189003542066,
      "total_phase_seconds": 0.14597563102142885,
      "scope": "file writes include journal intent/add/flush; excludes this timing receipt and checkpoint writes",
      "mode": "stage4_sealed_cell",
      "banner": "sealed Stage 4; scientific admission also requires complete declared populations"
    },
    {
      "phase": "immediate:147",
      "identity_check_kind": "in_memory_structure_and_configuration",
      "recipe_verification_seconds": 0.0,
      "identity_verification_seconds": 0.0,
      "identity_check_seconds": 0.002086120017338544,
      "state_hash_seconds": 0.011307343025691807,
      "clone_seconds": 0.0,
      "restore_seconds": 0.0,
      "file_write_seconds": 6.236997433006763e-05,
      "operation_seconds": 0.04496172099607065,
      "total_phase_seconds": 0.0585113349952735,
      "scope": "file writes include journal intent/add/flush; excludes this timing receipt and checkpoint writes",
      "mode": "stage4_sealed_cell",
      "banner": "sealed Stage 4; scientific admission also requires complete declared populations"
    },
    {
      "phase": "edit:148",
      "identity_check_kind": "in_memory_structure_and_configuration",
      "recipe_verification_seconds": 0.0,
      "identity_verification_seconds": 0.0,
      "identity_check_seconds": 0.002529329969547689,
      "state_hash_seconds": 0.0002651080721989274,
      "clone_seconds": 0.0,
      "restore_seconds": 0.0,
      "file_write_seconds": 6.743002450093627e-05,
      "operation_seconds": 0.10066501999972388,
      "total_phase_seconds": 0.10359481902560219,
      "scope": "file writes include journal intent/add/flush; excludes this timing receipt and checkpoint writes",
      "mode": "stage4_sealed_cell",
      "banner": "sealed Stage 4; scientific admission also requires complete declared populations"
    },
    {
      "phase": "immediate:148",
      "identity_check_kind": "in_memory_structure_and_configuration",
      "recipe_verification_seconds": 0.0,
      "identity_verification_seconds": 0.0,
      "identity_check_seconds": 0.002091440954245627,
      "state_hash_seconds": 0.011588363035116345,
      "clone_seconds": 0.0,
      "restore_seconds": 0.0,
      "file_write_seconds": 0.004887924005743116,
      "operation_seconds": 0.042712246999144554,
      "total_phase_seconds": 0.06138257996644825,
      "scope": "file writes include journal intent/add/flush; excludes this timing receipt and checkpoint writes",
      "mode": "stage4_sealed_cell",
      "banner": "sealed Stage 4; scientific admission also requires complete declared populations"
    },
    {
      "phase": "edit:149",
      "identity_check_kind": "in_memory_structure_and_configuration",
      "recipe_verification_seconds": 0.0,
      "identity_verification_seconds": 0.0,
      "identity_check_seconds": 0.0022089650155976415,
      "state_hash_seconds": 0.00030794995836913586,
      "clone_seconds": 0.0,
      "restore_seconds": 0.0,
      "file_write_seconds": 0.0012061630259267986,
      "operation_seconds": 0.25003250502049923,
      "total_phase_seconds": 0.25383050803793594,
      "scope": "file writes include journal intent/add/flush; excludes this timing receipt and checkpoint writes",
      "mode": "stage4_sealed_cell",
      "banner": "sealed Stage 4; scientific admission also requires complete declared populations"
    },
    {
      "phase": "immediate:149",
      "identity_check_kind": "in_memory_structure_and_configuration",
      "recipe_verification_seconds": 0.0,
      "identity_verification_seconds": 0.0,
      "identity_check_seconds": 0.0021468469640240073,
      "state_hash_seconds": 0.011830907023977488,
      "clone_seconds": 0.0,
      "restore_seconds": 0.0,
      "file_write_seconds": 5.947297904640436e-05,
      "operation_seconds": 0.06816593901021406,
      "total_phase_seconds": 0.08229836000828072,
      "scope": "file writes include journal intent/add/flush; excludes this timing receipt and checkpoint writes",
      "mode": "stage4_sealed_cell",
      "banner": "sealed Stage 4; scientific admission also requires complete declared populations"
    },
    {
      "phase": "edit:150",
      "identity_check_kind": "in_memory_structure_and_configuration",
      "recipe_verification_seconds": 0.0,
      "identity_verification_seconds": 0.0,
      "identity_check_seconds": 0.0023901229724287987,
      "state_hash_seconds": 0.0003654321189969778,
      "clone_seconds": 0.0,
      "restore_seconds": 0.0,
      "file_write_seconds": 6.084702908992767e-05,
      "operation_seconds": 0.1690613310202025,
      "total_phase_seconds": 0.171948175993748,
      "scope": "file writes include journal intent/add/flush; excludes this timing receipt and checkpoint writes",
      "mode": "stage4_sealed_cell",
      "banner": "sealed Stage 4; scientific admission also requires complete declared populations"
    },
    {
      "phase": "immediate:150",
      "identity_check_kind": "in_memory_structure_and_configuration",
      "recipe_verification_seconds": 0.0,
      "identity_verification_seconds": 0.0,
      "identity_check_seconds": 0.002415732014924288,
      "state_hash_seconds": 0.012174926931038499,
      "clone_seconds": 0.0,
      "restore_seconds": 0.0,
      "file_write_seconds": 6.0485966969281435e-05,
      "operation_seconds": 0.05694417899940163,
      "total_phase_seconds": 0.07169557601446286,
      "scope": "file writes include journal intent/add/flush; excludes this timing receipt and checkpoint writes",
      "mode": "stage4_sealed_cell",
      "banner": "sealed Stage 4; scientific admission also requires complete declared populations"
    },
    {
      "phase": "edit:151",
      "identity_check_kind": "in_memory_structure_and_configuration",
      "recipe_verification_seconds": 0.0,
      "identity_verification_seconds": 0.0,
      "identity_check_seconds": 0.0020725340000353754,
      "state_hash_seconds": 0.0002644280903041363,
      "clone_seconds": 0.0,
      "restore_seconds": 0.0,
      "file_write_seconds": 6.071600364521146e-05,
      "operation_seconds": 0.08916476601734757,
      "total_phase_seconds": 0.09162810101406649,
      "scope": "file writes include journal intent/add/flush; excludes this timing receipt and checkpoint writes",
      "mode": "stage4_sealed_cell",
      "banner": "sealed Stage 4; scientific admission also requires complete declared populations"
    },
    {
      "phase": "immediate:151",
      "identity_check_kind": "in_memory_structure_and_configuration",
      "recipe_verification_seconds": 0.0,
      "identity_verification_seconds": 0.0,
      "identity_check_seconds": 0.002103373990394175,
      "state_hash_seconds": 0.011660820979159325,
      "clone_seconds": 0.0,
      "restore_seconds": 0.0,
      "file_write_seconds": 5.865201819688082e-05,
      "operation_seconds": 0.04455743503058329,
      "total_phase_seconds": 0.058477198996115476,
      "scope": "file writes include journal intent/add/flush; excludes this timing receipt and checkpoint writes",
      "mode": "stage4_sealed_cell",
      "banner": "sealed Stage 4; scientific admission also requires complete declared populations"
    },
    {
      "phase": "edit:152",
      "identity_check_kind": "in_memory_structure_and_configuration",
      "recipe_verification_seconds": 0.0,
      "identity_verification_seconds": 0.0,
      "identity_check_seconds": 0.002191402018070221,
      "state_hash_seconds": 0.0003051149542443454,
      "clone_seconds": 0.0,
      "restore_seconds": 0.0,
      "file_write_seconds": 6.181898061186075e-05,
      "operation_seconds": 0.24927033396670595,
      "total_phase_seconds": 0.2519017499871552,
      "scope": "file writes include journal intent/add/flush; excludes this timing receipt and checkpoint writes",
      "mode": "stage4_sealed_cell",
      "banner": "sealed Stage 4; scientific admission also requires complete declared populations"
    },
    {
      "phase": "immediate:152",
      "identity_check_kind": "in_memory_structure_and_configuration",
      "recipe_verification_seconds": 0.0,
      "identity_verification_seconds": 0.0,
      "identity_check_seconds": 0.0022163399844430387,
      "state_hash_seconds": 0.012193784059491009,
      "clone_seconds": 0.0,
      "restore_seconds": 0.0,
      "file_write_seconds": 5.9071986470371485e-05,
      "operation_seconds": 0.06824165396392345,
      "total_phase_seconds": 0.08280241600004956,
      "scope": "file writes include journal intent/add/flush; excludes this timing receipt and checkpoint writes",
      "mode": "stage4_sealed_cell",
      "banner": "sealed Stage 4; scientific admission also requires complete declared populations"
    },
    {
      "phase": "edit:153",
      "identity_check_kind": "in_memory_structure_and_configuration",
      "recipe_verification_seconds": 0.0,
      "identity_verification_seconds": 0.0,
      "identity_check_seconds": 0.002032838005106896,
      "state_hash_seconds": 0.00029217993142083287,
      "clone_seconds": 0.0,
      "restore_seconds": 0.0,
      "file_write_seconds": 5.899299867451191e-05,
      "operation_seconds": 0.17162655998254195,
      "total_phase_seconds": 0.17407372302841395,
      "scope": "file writes include journal intent/add/flush; excludes this timing receipt and checkpoint writes",
      "mode": "stage4_sealed_cell",
      "banner": "sealed Stage 4; scientific admission also requires complete declared populations"
    },
    {
      "phase": "immediate:153",
      "identity_check_kind": "in_memory_structure_and_configuration",
      "recipe_verification_seconds": 0.0,
      "identity_verification_seconds": 0.0,
      "identity_check_seconds": 0.002165472018532455,
      "state_hash_seconds": 0.011971607978921384,
      "clone_seconds": 0.0,
      "restore_seconds": 0.0,
      "file_write_seconds": 5.690904799848795e-05,
      "operation_seconds": 0.05749608698533848,
      "total_phase_seconds": 0.07178735302295536,
      "scope": "file writes include journal intent/add/flush; excludes this timing receipt and checkpoint writes",
      "mode": "stage4_sealed_cell",
      "banner": "sealed Stage 4; scientific admission also requires complete declared populations"
    },
    {
      "phase": "edit:154",
      "identity_check_kind": "in_memory_structure_and_configuration",
      "recipe_verification_seconds": 0.0,
      "identity_verification_seconds": 0.0,
      "identity_check_seconds": 0.002243941999040544,
      "state_hash_seconds": 0.0002908090245909989,
      "clone_seconds": 0.0,
      "restore_seconds": 0.0,
      "file_write_seconds": 5.9252954088151455e-05,
      "operation_seconds": 0.2872906730044633,
      "total_phase_seconds": 0.28994995303219184,
      "scope": "file writes include journal intent/add/flush; excludes this timing receipt and checkpoint writes",
      "mode": "stage4_sealed_cell",
      "banner": "sealed Stage 4; scientific admission also requires complete declared populations"
    },
    {
      "phase": "immediate:154",
      "identity_check_kind": "in_memory_structure_and_configuration",
      "recipe_verification_seconds": 0.0,
      "identity_verification_seconds": 0.0,
      "identity_check_seconds": 0.0021768950391560793,
      "state_hash_seconds": 0.012252796965185553,
      "clone_seconds": 0.0,
      "restore_seconds": 0.0,
      "file_write_seconds": 5.9193000197410583e-05,
      "operation_seconds": 0.0752698210417293,
      "total_phase_seconds": 0.08985262596979737,
      "scope": "file writes include journal intent/add/flush; excludes this timing receipt and checkpoint writes",
      "mode": "stage4_sealed_cell",
      "banner": "sealed Stage 4; scientific admission also requires complete declared populations"
    },
    {
      "phase": "edit:155",
      "identity_check_kind": "in_memory_structure_and_configuration",
      "recipe_verification_seconds": 0.0,
      "identity_verification_seconds": 0.0,
      "identity_check_seconds": 0.002085730026010424,
      "state_hash_seconds": 0.00030908192275092006,
      "clone_seconds": 0.0,
      "restore_seconds": 0.0,
      "file_write_seconds": 6.091600516811013e-05,
      "operation_seconds": 0.21115660504437983,
      "total_phase_seconds": 0.2136893619899638,
      "scope": "file writes include journal intent/add/flush; excludes this timing receipt and checkpoint writes",
      "mode": "stage4_sealed_cell",
      "banner": "sealed Stage 4; scientific admission also requires complete declared populations"
    },
    {
      "phase": "immediate:155",
      "identity_check_kind": "in_memory_structure_and_configuration",
      "recipe_verification_seconds": 0.0,
      "identity_verification_seconds": 0.0,
      "identity_check_seconds": 0.002224886033218354,
      "state_hash_seconds": 0.012817278038710356,
      "clone_seconds": 0.0,
      "restore_seconds": 0.0,
      "file_write_seconds": 5.931401392444968e-05,
      "operation_seconds": 0.05581419199006632,
      "total_phase_seconds": 0.07101888000033796,
      "scope": "file writes include journal intent/add/flush; excludes this timing receipt and checkpoint writes",
      "mode": "stage4_sealed_cell",
      "banner": "sealed Stage 4; scientific admission also requires complete declared populations"
    },
    {
      "phase": "edit:156",
      "identity_check_kind": "in_memory_structure_and_configuration",
      "recipe_verification_seconds": 0.0,
      "identity_verification_seconds": 0.0,
      "identity_check_seconds": 0.0021675670286640525,
      "state_hash_seconds": 0.0002979410346597433,
      "clone_seconds": 0.0,
      "restore_seconds": 0.0,
      "file_write_seconds": 6.0406047850847244e-05,
      "operation_seconds": 0.09619243402266875,
      "total_phase_seconds": 0.09878428402589634,
      "scope": "file writes include journal intent/add/flush; excludes this timing receipt and checkpoint writes",
      "mode": "stage4_sealed_cell",
      "banner": "sealed Stage 4; scientific admission also requires complete declared populations"
    },
    {
      "phase": "immediate:156",
      "identity_check_kind": "in_memory_structure_and_configuration",
      "recipe_verification_seconds": 0.0,
      "identity_verification_seconds": 0.0,
      "identity_check_seconds": 0.002045263012405485,
      "state_hash_seconds": 0.012703139975201339,
      "clone_seconds": 0.0,
      "restore_seconds": 0.0,
      "file_write_seconds": 5.729898111894727e-05,
      "operation_seconds": 0.047373174980748445,
      "total_phase_seconds": 0.06226551398867741,
      "scope": "file writes include journal intent/add/flush; excludes this timing receipt and checkpoint writes",
      "mode": "stage4_sealed_cell",
      "banner": "sealed Stage 4; scientific admission also requires complete declared populations"
    },
    {
      "phase": "edit:157",
      "identity_check_kind": "in_memory_structure_and_configuration",
      "recipe_verification_seconds": 0.0,
      "identity_verification_seconds": 0.0,
      "identity_check_seconds": 0.0021320689702406526,
      "state_hash_seconds": 0.00029937393264845014,
      "clone_seconds": 0.0,
      "restore_seconds": 0.0,
      "file_write_seconds": 6.095704156905413e-05,
      "operation_seconds": 0.1305937329889275,
      "total_phase_seconds": 0.13315825100289658,
      "scope": "file writes include journal intent/add/flush; excludes this timing receipt and checkpoint writes",
      "mode": "stage4_sealed_cell",
      "banner": "sealed Stage 4; scientific admission also requires complete declared populations"
    },
    {
      "phase": "immediate:157",
      "identity_check_kind": "in_memory_structure_and_configuration",
      "recipe_verification_seconds": 0.0,
      "identity_verification_seconds": 0.0,
      "identity_check_seconds": 0.0026119479443877935,
      "state_hash_seconds": 0.012498177005909383,
      "clone_seconds": 0.0,
      "restore_seconds": 0.0,
      "file_write_seconds": 5.8000965509563684e-05,
      "operation_seconds": 0.04978256596950814,
      "total_phase_seconds": 0.06504211795981973,
      "scope": "file writes include journal intent/add/flush; excludes this timing receipt and checkpoint writes",
      "mode": "stage4_sealed_cell",
      "banner": "sealed Stage 4; scientific admission also requires complete declared populations"
    },
    {
      "phase": "edit:158",
      "identity_check_kind": "in_memory_structure_and_configuration",
      "recipe_verification_seconds": 0.0,
      "identity_verification_seconds": 0.0,
      "identity_check_seconds": 0.0020172889926470816,
      "state_hash_seconds": 0.00028476602165028453,
      "clone_seconds": 0.0,
      "restore_seconds": 0.0,
      "file_write_seconds": 5.969405174255371e-05,
      "operation_seconds": 0.10074231796897948,
      "total_phase_seconds": 0.10316796996630728,
      "scope": "file writes include journal intent/add/flush; excludes this timing receipt and checkpoint writes",
      "mode": "stage4_sealed_cell",
      "banner": "sealed Stage 4; scientific admission also requires complete declared populations"
    },
    {
      "phase": "immediate:158",
      "identity_check_kind": "in_memory_structure_and_configuration",
      "recipe_verification_seconds": 0.0,
      "identity_verification_seconds": 0.0,
      "identity_check_seconds": 0.002128420921508223,
      "state_hash_seconds": 0.012279727030545473,
      "clone_seconds": 0.0,
      "restore_seconds": 0.0,
      "file_write_seconds": 7.815897697582841e-05,
      "operation_seconds": 0.05006258201319724,
      "total_phase_seconds": 0.06463896401692182,
      "scope": "file writes include journal intent/add/flush; excludes this timing receipt and checkpoint writes",
      "mode": "stage4_sealed_cell",
      "banner": "sealed Stage 4; scientific admission also requires complete declared populations"
    },
    {
      "phase": "edit:159",
      "identity_check_kind": "in_memory_structure_and_configuration",
      "recipe_verification_seconds": 0.0,
      "identity_verification_seconds": 0.0,
      "identity_check_seconds": 0.0024595269933342934,
      "state_hash_seconds": 0.00032734894193708897,
      "clone_seconds": 0.0,
      "restore_seconds": 0.0,
      "file_write_seconds": 5.9623969718813896e-05,
      "operation_seconds": 0.20222295296844095,
      "total_phase_seconds": 0.20514053798979148,
      "scope": "file writes include journal intent/add/flush; excludes this timing receipt and checkpoint writes",
      "mode": "stage4_sealed_cell",
      "banner": "sealed Stage 4; scientific admission also requires complete declared populations"
    },
    {
      "phase": "immediate:159",
      "identity_check_kind": "in_memory_structure_and_configuration",
      "recipe_verification_seconds": 0.0,
      "identity_verification_seconds": 0.0,
      "identity_check_seconds": 0.002146635961253196,
      "state_hash_seconds": 0.012390710995532572,
      "clone_seconds": 0.0,
      "restore_seconds": 0.0,
      "file_write_seconds": 5.908298771828413e-05,
      "operation_seconds": 0.05973255599383265,
      "total_phase_seconds": 0.0744215750019066,
      "scope": "file writes include journal intent/add/flush; excludes this timing receipt and checkpoint writes",
      "mode": "stage4_sealed_cell",
      "banner": "sealed Stage 4; scientific admission also requires complete declared populations"
    },
    {
      "phase": "edit:160",
      "identity_check_kind": "in_memory_structure_and_configuration",
      "recipe_verification_seconds": 0.0,
      "identity_verification_seconds": 0.0,
      "identity_check_seconds": 0.0020212249946780503,
      "state_hash_seconds": 0.0002831520396284759,
      "clone_seconds": 0.0,
      "restore_seconds": 0.0,
      "file_write_seconds": 5.958304973319173e-05,
      "operation_seconds": 0.09672618698095903,
      "total_phase_seconds": 0.09915045596426353,
      "scope": "file writes include journal intent/add/flush; excludes this timing receipt and checkpoint writes",
      "mode": "stage4_sealed_cell",
      "banner": "sealed Stage 4; scientific admission also requires complete declared populations"
    },
    {
      "phase": "immediate:160",
      "identity_check_kind": "in_memory_structure_and_configuration",
      "recipe_verification_seconds": 0.0,
      "identity_verification_seconds": 0.0,
      "identity_check_seconds": 0.0019407410291023552,
      "state_hash_seconds": 0.012165378022473305,
      "clone_seconds": 0.0,
      "restore_seconds": 0.0,
      "file_write_seconds": 6.015598773956299e-05,
      "operation_seconds": 0.04926925100153312,
      "total_phase_seconds": 0.06351517996517941,
      "scope": "file writes include journal intent/add/flush; excludes this timing receipt and checkpoint writes",
      "mode": "stage4_sealed_cell",
      "banner": "sealed Stage 4; scientific admission also requires complete declared populations"
    },
    {
      "phase": "edit:161",
      "identity_check_kind": "in_memory_structure_and_configuration",
      "recipe_verification_seconds": 0.0,
      "identity_verification_seconds": 0.0,
      "identity_check_seconds": 0.0022515770397149026,
      "state_hash_seconds": 0.0003551710397005081,
      "clone_seconds": 0.0,
      "restore_seconds": 0.0,
      "file_write_seconds": 6.126705557107925e-05,
      "operation_seconds": 0.12920966901583597,
      "total_phase_seconds": 0.13195896102115512,
      "scope": "file writes include journal intent/add/flush; excludes this timing receipt and checkpoint writes",
      "mode": "stage4_sealed_cell",
      "banner": "sealed Stage 4; scientific admission also requires complete declared populations"
    },
    {
      "phase": "immediate:161",
      "identity_check_kind": "in_memory_structure_and_configuration",
      "recipe_verification_seconds": 0.0,
      "identity_verification_seconds": 0.0,
      "identity_check_seconds": 0.002122019068337977,
      "state_hash_seconds": 0.012831296015065163,
      "clone_seconds": 0.0,
      "restore_seconds": 0.0,
      "file_write_seconds": 5.8872043155133724e-05,
      "operation_seconds": 0.05140061798738316,
      "total_phase_seconds": 0.06650262902257964,
      "scope": "file writes include journal intent/add/flush; excludes this timing receipt and checkpoint writes",
      "mode": "stage4_sealed_cell",
      "banner": "sealed Stage 4; scientific admission also requires complete declared populations"
    },
    {
      "phase": "edit:162",
      "identity_check_kind": "in_memory_structure_and_configuration",
      "recipe_verification_seconds": 0.0,
      "identity_verification_seconds": 0.0,
      "identity_check_seconds": 0.002120496006682515,
      "state_hash_seconds": 0.00030134798726066947,
      "clone_seconds": 0.0,
      "restore_seconds": 0.0,
      "file_write_seconds": 5.861191311851144e-05,
      "operation_seconds": 0.12543786596506834,
      "total_phase_seconds": 0.12798230501357466,
      "scope": "file writes include journal intent/add/flush; excludes this timing receipt and checkpoint writes",
      "mode": "stage4_sealed_cell",
      "banner": "sealed Stage 4; scientific admission also requires complete declared populations"
    },
    {
      "phase": "immediate:162",
      "identity_check_kind": "in_memory_structure_and_configuration",
      "recipe_verification_seconds": 0.0,
      "identity_verification_seconds": 0.0,
      "identity_check_seconds": 0.002035645011346787,
      "state_hash_seconds": 0.013223608140833676,
      "clone_seconds": 0.0,
      "restore_seconds": 0.0,
      "file_write_seconds": 6.163702346384525e-05,
      "operation_seconds": 0.05510384001536295,
      "total_phase_seconds": 0.07052618399029598,
      "scope": "file writes include journal intent/add/flush; excludes this timing receipt and checkpoint writes",
      "mode": "stage4_sealed_cell",
      "banner": "sealed Stage 4; scientific admission also requires complete declared populations"
    },
    {
      "phase": "edit:163",
      "identity_check_kind": "in_memory_structure_and_configuration",
      "recipe_verification_seconds": 0.0,
      "identity_verification_seconds": 0.0,
      "identity_check_seconds": 0.002194327942561358,
      "state_hash_seconds": 0.0003184900269843638,
      "clone_seconds": 0.0,
      "restore_seconds": 0.0,
      "file_write_seconds": 6.059696897864342e-05,
      "operation_seconds": 0.1290049569797702,
      "total_phase_seconds": 0.13164611102547497,
      "scope": "file writes include journal intent/add/flush; excludes this timing receipt and checkpoint writes",
      "mode": "stage4_sealed_cell",
      "banner": "sealed Stage 4; scientific admission also requires complete declared populations"
    },
    {
      "phase": "immediate:163",
      "identity_check_kind": "in_memory_structure_and_configuration",
      "recipe_verification_seconds": 0.0,
      "identity_verification_seconds": 0.0,
      "identity_check_seconds": 0.0020804490195587277,
      "state_hash_seconds": 0.012749829038511962,
      "clone_seconds": 0.0,
      "restore_seconds": 0.0,
      "file_write_seconds": 5.685898941010237e-05,
      "operation_seconds": 0.05175596004119143,
      "total_phase_seconds": 0.06672808103030547,
      "scope": "file writes include journal intent/add/flush; excludes this timing receipt and checkpoint writes",
      "mode": "stage4_sealed_cell",
      "banner": "sealed Stage 4; scientific admission also requires complete declared populations"
    },
    {
      "phase": "edit:164",
      "identity_check_kind": "in_memory_structure_and_configuration",
      "recipe_verification_seconds": 0.0,
      "identity_verification_seconds": 0.0,
      "identity_check_seconds": 0.0020186519832350314,
      "state_hash_seconds": 0.0002901970874518156,
      "clone_seconds": 0.0,
      "restore_seconds": 0.0,
      "file_write_seconds": 6.022700108587742e-05,
      "operation_seconds": 0.28541681001661345,
      "total_phase_seconds": 0.2878485730034299,
      "scope": "file writes include journal intent/add/flush; excludes this timing receipt and checkpoint writes",
      "mode": "stage4_sealed_cell",
      "banner": "sealed Stage 4; scientific admission also requires complete declared populations"
    },
    {
      "phase": "immediate:164",
      "identity_check_kind": "in_memory_structure_and_configuration",
      "recipe_verification_seconds": 0.0,
      "identity_verification_seconds": 0.0,
      "identity_check_seconds": 0.0023688439978286624,
      "state_hash_seconds": 0.013531088014133275,
      "clone_seconds": 0.0,
      "restore_seconds": 0.0,
      "file_write_seconds": 0.0049214469618164,
      "operation_seconds": 0.07117456797277555,
      "total_phase_seconds": 0.09209407400339842,
      "scope": "file writes include journal intent/add/flush; excludes this timing receipt and checkpoint writes",
      "mode": "stage4_sealed_cell",
      "banner": "sealed Stage 4; scientific admission also requires complete declared populations"
    },
    {
      "phase": "edit:165",
      "identity_check_kind": "in_memory_structure_and_configuration",
      "recipe_verification_seconds": 0.0,
      "identity_verification_seconds": 0.0,
      "identity_check_seconds": 0.002220958995167166,
      "state_hash_seconds": 0.000364087987691164,
      "clone_seconds": 0.0,
      "restore_seconds": 0.0,
      "file_write_seconds": 0.0012498669675551355,
      "operation_seconds": 0.13509991497267038,
      "total_phase_seconds": 0.13901325897313654,
      "scope": "file writes include journal intent/add/flush; excludes this timing receipt and checkpoint writes",
      "mode": "stage4_sealed_cell",
      "banner": "sealed Stage 4; scientific admission also requires complete declared populations"
    },
    {
      "phase": "immediate:165",
      "identity_check_kind": "in_memory_structure_and_configuration",
      "recipe_verification_seconds": 0.0,
      "identity_verification_seconds": 0.0,
      "identity_check_seconds": 0.002130025008227676,
      "state_hash_seconds": 0.012887314020190388,
      "clone_seconds": 0.0,
      "restore_seconds": 0.0,
      "file_write_seconds": 5.9554935432970524e-05,
      "operation_seconds": 0.05277916102204472,
      "total_phase_seconds": 0.06794407300185412,
      "scope": "file writes include journal intent/add/flush; excludes this timing receipt and checkpoint writes",
      "mode": "stage4_sealed_cell",
      "banner": "sealed Stage 4; scientific admission also requires complete declared populations"
    },
    {
      "phase": "edit:166",
      "identity_check_kind": "in_memory_structure_and_configuration",
      "recipe_verification_seconds": 0.0,
      "identity_verification_seconds": 0.0,
      "identity_check_seconds": 0.002052364987321198,
      "state_hash_seconds": 0.00029259209986776114,
      "clone_seconds": 0.0,
      "restore_seconds": 0.0,
      "file_write_seconds": 5.998497363179922e-05,
      "operation_seconds": 0.14702250703703612,
      "total_phase_seconds": 0.14949240401620045,
      "scope": "file writes include journal intent/add/flush; excludes this timing receipt and checkpoint writes",
      "mode": "stage4_sealed_cell",
      "banner": "sealed Stage 4; scientific admission also requires complete declared populations"
    },
    {
      "phase": "immediate:166",
      "identity_check_kind": "in_memory_structure_and_configuration",
      "recipe_verification_seconds": 0.0,
      "identity_verification_seconds": 0.0,
      "identity_check_seconds": 0.0021481389994733036,
      "state_hash_seconds": 0.012972638010978699,
      "clone_seconds": 0.0,
      "restore_seconds": 0.0,
      "file_write_seconds": 5.984498420730233e-05,
      "operation_seconds": 0.05320394696900621,
      "total_phase_seconds": 0.06847490096697584,
      "scope": "file writes include journal intent/add/flush; excludes this timing receipt and checkpoint writes",
      "mode": "stage4_sealed_cell",
      "banner": "sealed Stage 4; scientific admission also requires complete declared populations"
    },
    {
      "phase": "edit:167",
      "identity_check_kind": "in_memory_structure_and_configuration",
      "recipe_verification_seconds": 0.0,
      "identity_verification_seconds": 0.0,
      "identity_check_seconds": 0.0021179619943723083,
      "state_hash_seconds": 0.00031152699375525117,
      "clone_seconds": 0.0,
      "restore_seconds": 0.0,
      "file_write_seconds": 6.063596811145544e-05,
      "operation_seconds": 0.14096930000232533,
      "total_phase_seconds": 0.14352812594734132,
      "scope": "file writes include journal intent/add/flush; excludes this timing receipt and checkpoint writes",
      "mode": "stage4_sealed_cell",
      "banner": "sealed Stage 4; scientific admission also requires complete declared populations"
    },
    {
      "phase": "immediate:167",
      "identity_check_kind": "in_memory_structure_and_configuration",
      "recipe_verification_seconds": 0.0,
      "identity_verification_seconds": 0.0,
      "identity_check_seconds": 0.002311303047463298,
      "state_hash_seconds": 0.013446215016301721,
      "clone_seconds": 0.0,
      "restore_seconds": 0.0,
      "file_write_seconds": 5.915295332670212e-05,
      "operation_seconds": 0.0502636480377987,
      "total_phase_seconds": 0.06617518101120368,
      "scope": "file writes include journal intent/add/flush; excludes this timing receipt and checkpoint writes",
      "mode": "stage4_sealed_cell",
      "banner": "sealed Stage 4; scientific admission also requires complete declared populations"
    },
    {
      "phase": "edit:168",
      "identity_check_kind": "in_memory_structure_and_configuration",
      "recipe_verification_seconds": 0.0,
      "identity_verification_seconds": 0.0,
      "identity_check_seconds": 0.0020860100630670786,
      "state_hash_seconds": 0.00032695598201826215,
      "clone_seconds": 0.0,
      "restore_seconds": 0.0,
      "file_write_seconds": 6.38130004517734e-05,
      "operation_seconds": 0.12537905399221927,
      "total_phase_seconds": 0.12793297099415213,
      "scope": "file writes include journal intent/add/flush; excludes this timing receipt and checkpoint writes",
      "mode": "stage4_sealed_cell",
      "banner": "sealed Stage 4; scientific admission also requires complete declared populations"
    },
    {
      "phase": "immediate:168",
      "identity_check_kind": "in_memory_structure_and_configuration",
      "recipe_verification_seconds": 0.0,
      "identity_verification_seconds": 0.0,
      "identity_check_seconds": 0.0024310320150107145,
      "state_hash_seconds": 0.013151640014257282,
      "clone_seconds": 0.0,
      "restore_seconds": 0.0,
      "file_write_seconds": 6.260001100599766e-05,
      "operation_seconds": 0.04800069803604856,
      "total_phase_seconds": 0.06375332700554281,
      "scope": "file writes include journal intent/add/flush; excludes this timing receipt and checkpoint writes",
      "mode": "stage4_sealed_cell",
      "banner": "sealed Stage 4; scientific admission also requires complete declared populations"
    },
    {
      "phase": "edit:169",
      "identity_check_kind": "in_memory_structure_and_configuration",
      "recipe_verification_seconds": 0.0,
      "identity_verification_seconds": 0.0,
      "identity_check_seconds": 0.0022297970135696232,
      "state_hash_seconds": 0.0003480069572106004,
      "clone_seconds": 0.0,
      "restore_seconds": 0.0,
      "file_write_seconds": 7.682701107114553e-05,
      "operation_seconds": 0.13409915601368994,
      "total_phase_seconds": 0.13682866998715326,
      "scope": "file writes include journal intent/add/flush; excludes this timing receipt and checkpoint writes",
      "mode": "stage4_sealed_cell",
      "banner": "sealed Stage 4; scientific admission also requires complete declared populations"
    },
    {
      "phase": "immediate:169",
      "identity_check_kind": "in_memory_structure_and_configuration",
      "recipe_verification_seconds": 0.0,
      "identity_verification_seconds": 0.0,
      "identity_check_seconds": 0.0021204559598118067,
      "state_hash_seconds": 0.013892801012843847,
      "clone_seconds": 0.0,
      "restore_seconds": 0.0,
      "file_write_seconds": 5.82020147703588e-05,
      "operation_seconds": 0.05824486300116405,
      "total_phase_seconds": 0.0744187489617616,
      "scope": "file writes include journal intent/add/flush; excludes this timing receipt and checkpoint writes",
      "mode": "stage4_sealed_cell",
      "banner": "sealed Stage 4; scientific admission also requires complete declared populations"
    },
    {
      "phase": "edit:170",
      "identity_check_kind": "in_memory_structure_and_configuration",
      "recipe_verification_seconds": 0.0,
      "identity_verification_seconds": 0.0,
      "identity_check_seconds": 0.0021240729838609695,
      "state_hash_seconds": 0.00030953390523791313,
      "clone_seconds": 0.0,
      "restore_seconds": 0.0,
      "file_write_seconds": 5.971395876258612e-05,
      "operation_seconds": 0.1475180079578422,
      "total_phase_seconds": 0.15007714496459812,
      "scope": "file writes include journal intent/add/flush; excludes this timing receipt and checkpoint writes",
      "mode": "stage4_sealed_cell",
      "banner": "sealed Stage 4; scientific admission also requires complete declared populations"
    },
    {
      "phase": "immediate:170",
      "identity_check_kind": "in_memory_structure_and_configuration",
      "recipe_verification_seconds": 0.0,
      "identity_verification_seconds": 0.0,
      "identity_check_seconds": 0.002079959027469158,
      "state_hash_seconds": 0.013002325023990124,
      "clone_seconds": 0.0,
      "restore_seconds": 0.0,
      "file_write_seconds": 7.004395592957735e-05,
      "operation_seconds": 0.05115478701191023,
      "total_phase_seconds": 0.06640787702053785,
      "scope": "file writes include journal intent/add/flush; excludes this timing receipt and checkpoint writes",
      "mode": "stage4_sealed_cell",
      "banner": "sealed Stage 4; scientific admission also requires complete declared populations"
    },
    {
      "phase": "edit:171",
      "identity_check_kind": "in_memory_structure_and_configuration",
      "recipe_verification_seconds": 0.0,
      "identity_verification_seconds": 0.0,
      "identity_check_seconds": 0.002142429002560675,
      "state_hash_seconds": 0.0002968990011140704,
      "clone_seconds": 0.0,
      "restore_seconds": 0.0,
      "file_write_seconds": 5.9003010392189026e-05,
      "operation_seconds": 0.08864073303993791,
      "total_phase_seconds": 0.09120407700538635,
      "scope": "file writes include journal intent/add/flush; excludes this timing receipt and checkpoint writes",
      "mode": "stage4_sealed_cell",
      "banner": "sealed Stage 4; scientific admission also requires complete declared populations"
    },
    {
      "phase": "immediate:171",
      "identity_check_kind": "in_memory_structure_and_configuration",
      "recipe_verification_seconds": 0.0,
      "identity_verification_seconds": 0.0,
      "identity_check_seconds": 0.0019816900021396577,
      "state_hash_seconds": 0.013330763031262904,
      "clone_seconds": 0.0,
      "restore_seconds": 0.0,
      "file_write_seconds": 6.870104698464274e-05,
      "operation_seconds": 0.05023177701514214,
      "total_phase_seconds": 0.06569858797593042,
      "scope": "file writes include journal intent/add/flush; excludes this timing receipt and checkpoint writes",
      "mode": "stage4_sealed_cell",
      "banner": "sealed Stage 4; scientific admission also requires complete declared populations"
    },
    {
      "phase": "edit:172",
      "identity_check_kind": "in_memory_structure_and_configuration",
      "recipe_verification_seconds": 0.0,
      "identity_verification_seconds": 0.0,
      "identity_check_seconds": 0.002142969926353544,
      "state_hash_seconds": 0.0003430189681239426,
      "clone_seconds": 0.0,
      "restore_seconds": 0.0,
      "file_write_seconds": 5.9474026784300804e-05,
      "operation_seconds": 0.09526902303332463,
      "total_phase_seconds": 0.09788413799833506,
      "scope": "file writes include journal intent/add/flush; excludes this timing receipt and checkpoint writes",
      "mode": "stage4_sealed_cell",
      "banner": "sealed Stage 4; scientific admission also requires complete declared populations"
    },
    {
      "phase": "immediate:172",
      "identity_check_kind": "in_memory_structure_and_configuration",
      "recipe_verification_seconds": 0.0,
      "identity_verification_seconds": 0.0,
      "identity_check_seconds": 0.0022441530018113554,
      "state_hash_seconds": 0.013406379090156406,
      "clone_seconds": 0.0,
      "restore_seconds": 0.0,
      "file_write_seconds": 5.72589342482388e-05,
      "operation_seconds": 0.049234595033340156,
      "total_phase_seconds": 0.06503208901267499,
      "scope": "file writes include journal intent/add/flush; excludes this timing receipt and checkpoint writes",
      "mode": "stage4_sealed_cell",
      "banner": "sealed Stage 4; scientific admission also requires complete declared populations"
    },
    {
      "phase": "edit:173",
      "identity_check_kind": "in_memory_structure_and_configuration",
      "recipe_verification_seconds": 0.0,
      "identity_verification_seconds": 0.0,
      "identity_check_seconds": 0.0020756900194101036,
      "state_hash_seconds": 0.00030618696473538876,
      "clone_seconds": 0.0,
      "restore_seconds": 0.0,
      "file_write_seconds": 5.892297485843301e-05,
      "operation_seconds": 0.36546687700320035,
      "total_phase_seconds": 0.3679678529733792,
      "scope": "file writes include journal intent/add/flush; excludes this timing receipt and checkpoint writes",
      "mode": "stage4_sealed_cell",
      "banner": "sealed Stage 4; scientific admission also requires complete declared populations"
    },
    {
      "phase": "immediate:173",
      "identity_check_kind": "in_memory_structure_and_configuration",
      "recipe_verification_seconds": 0.0,
      "identity_verification_seconds": 0.0,
      "identity_check_seconds": 0.0032388099934905767,
      "state_hash_seconds": 0.014106823015026748,
      "clone_seconds": 0.0,
      "restore_seconds": 0.0,
      "file_write_seconds": 5.7360040955245495e-05,
      "operation_seconds": 0.08308768301503733,
      "total_phase_seconds": 0.10060608695494011,
      "scope": "file writes include journal intent/add/flush; excludes this timing receipt and checkpoint writes",
      "mode": "stage4_sealed_cell",
      "banner": "sealed Stage 4; scientific admission also requires complete declared populations"
    },
    {
      "phase": "edit:174",
      "identity_check_kind": "in_memory_structure_and_configuration",
      "recipe_verification_seconds": 0.0,
      "identity_verification_seconds": 0.0,
      "identity_check_seconds": 0.002096970973070711,
      "state_hash_seconds": 0.0003342099371366203,
      "clone_seconds": 0.0,
      "restore_seconds": 0.0,
      "file_write_seconds": 5.852198228240013e-05,
      "operation_seconds": 0.13681816996540874,
      "total_phase_seconds": 0.13937230699229985,
      "scope": "file writes include journal intent/add/flush; excludes this timing receipt and checkpoint writes",
      "mode": "stage4_sealed_cell",
      "banner": "sealed Stage 4; scientific admission also requires complete declared populations"
    },
    {
      "phase": "immediate:174",
      "identity_check_kind": "in_memory_structure_and_configuration",
      "recipe_verification_seconds": 0.0,
      "identity_verification_seconds": 0.0,
      "identity_check_seconds": 0.0030895540257915854,
      "state_hash_seconds": 0.01498654787428677,
      "clone_seconds": 0.0,
      "restore_seconds": 0.0,
      "file_write_seconds": 5.703896749764681e-05,
      "operation_seconds": 0.052719418017659336,
      "total_phase_seconds": 0.07095010799821466,
      "scope": "file writes include journal intent/add/flush; excludes this timing receipt and checkpoint writes",
      "mode": "stage4_sealed_cell",
      "banner": "sealed Stage 4; scientific admission also requires complete declared populations"
    },
    {
      "phase": "edit:175",
      "identity_check_kind": "in_memory_structure_and_configuration",
      "recipe_verification_seconds": 0.0,
      "identity_verification_seconds": 0.0,
      "identity_check_seconds": 0.0020863210665993392,
      "state_hash_seconds": 0.0003247619024477899,
      "clone_seconds": 0.0,
      "restore_seconds": 0.0,
      "file_write_seconds": 6.216898327693343e-05,
      "operation_seconds": 0.1618994270102121,
      "total_phase_seconds": 0.164439938031137,
      "scope": "file writes include journal intent/add/flush; excludes this timing receipt and checkpoint writes",
      "mode": "stage4_sealed_cell",
      "banner": "sealed Stage 4; scientific admission also requires complete declared populations"
    },
    {
      "phase": "immediate:175",
      "identity_check_kind": "in_memory_structure_and_configuration",
      "recipe_verification_seconds": 0.0,
      "identity_verification_seconds": 0.0,
      "identity_check_seconds": 0.0021255360334180295,
      "state_hash_seconds": 0.013598528050351888,
      "clone_seconds": 0.0,
      "restore_seconds": 0.0,
      "file_write_seconds": 7.68169411458075e-05,
      "operation_seconds": 0.06226110499119386,
      "total_phase_seconds": 0.07816765899769962,
      "scope": "file writes include journal intent/add/flush; excludes this timing receipt and checkpoint writes",
      "mode": "stage4_sealed_cell",
      "banner": "sealed Stage 4; scientific admission also requires complete declared populations"
    },
    {
      "phase": "edit:176",
      "identity_check_kind": "in_memory_structure_and_configuration",
      "recipe_verification_seconds": 0.0,
      "identity_verification_seconds": 0.0,
      "identity_check_seconds": 0.0021257749758660793,
      "state_hash_seconds": 0.00038610101910308003,
      "clone_seconds": 0.0,
      "restore_seconds": 0.0,
      "file_write_seconds": 6.020499859005213e-05,
      "operation_seconds": 0.10534586699213833,
      "total_phase_seconds": 0.10800668998854235,
      "scope": "file writes include journal intent/add/flush; excludes this timing receipt and checkpoint writes",
      "mode": "stage4_sealed_cell",
      "banner": "sealed Stage 4; scientific admission also requires complete declared populations"
    },
    {
      "phase": "immediate:176",
      "identity_check_kind": "in_memory_structure_and_configuration",
      "recipe_verification_seconds": 0.0,
      "identity_verification_seconds": 0.0,
      "identity_check_seconds": 0.002298097067978233,
      "state_hash_seconds": 0.013912710011936724,
      "clone_seconds": 0.0,
      "restore_seconds": 0.0,
      "file_write_seconds": 6.186799146234989e-05,
      "operation_seconds": 0.04648770799394697,
      "total_phase_seconds": 0.06286750797880813,
      "scope": "file writes include journal intent/add/flush; excludes this timing receipt and checkpoint writes",
      "mode": "stage4_sealed_cell",
      "banner": "sealed Stage 4; scientific admission also requires complete declared populations"
    },
    {
      "phase": "edit:177",
      "identity_check_kind": "in_memory_structure_and_configuration",
      "recipe_verification_seconds": 0.0,
      "identity_verification_seconds": 0.0,
      "identity_check_seconds": 0.002240544999949634,
      "state_hash_seconds": 0.0003496519639156759,
      "clone_seconds": 0.0,
      "restore_seconds": 0.0,
      "file_write_seconds": 6.107799708843231e-05,
      "operation_seconds": 0.09423236502334476,
      "total_phase_seconds": 0.09697098698234186,
      "scope": "file writes include journal intent/add/flush; excludes this timing receipt and checkpoint writes",
      "mode": "stage4_sealed_cell",
      "banner": "sealed Stage 4; scientific admission also requires complete declared populations"
    },
    {
      "phase": "immediate:177",
      "identity_check_kind": "in_memory_structure_and_configuration",
      "recipe_verification_seconds": 0.0,
      "identity_verification_seconds": 0.0,
      "identity_check_seconds": 0.002619974024128169,
      "state_hash_seconds": 0.013969890074804425,
      "clone_seconds": 0.0,
      "restore_seconds": 0.0,
      "file_write_seconds": 5.8371981140226126e-05,
      "operation_seconds": 0.04562054498819634,
      "total_phase_seconds": 0.06236744998022914,
      "scope": "file writes include journal intent/add/flush; excludes this timing receipt and checkpoint writes",
      "mode": "stage4_sealed_cell",
      "banner": "sealed Stage 4; scientific admission also requires complete declared populations"
    },
    {
      "phase": "edit:178",
      "identity_check_kind": "in_memory_structure_and_configuration",
      "recipe_verification_seconds": 0.0,
      "identity_verification_seconds": 0.0,
      "identity_check_seconds": 0.0021373589988797903,
      "state_hash_seconds": 0.000338227953761816,
      "clone_seconds": 0.0,
      "restore_seconds": 0.0,
      "file_write_seconds": 6.010598735883832e-05,
      "operation_seconds": 0.18472873599966988,
      "total_phase_seconds": 0.18733133596833795,
      "scope": "file writes include journal intent/add/flush; excludes this timing receipt and checkpoint writes",
      "mode": "stage4_sealed_cell",
      "banner": "sealed Stage 4; scientific admission also requires complete declared populations"
    },
    {
      "phase": "immediate:178",
      "identity_check_kind": "in_memory_structure_and_configuration",
      "recipe_verification_seconds": 0.0,
      "identity_verification_seconds": 0.0,
      "identity_check_seconds": 0.0023481440148316324,
      "state_hash_seconds": 0.014031978964339942,
      "clone_seconds": 0.0,
      "restore_seconds": 0.0,
      "file_write_seconds": 5.777104524895549e-05,
      "operation_seconds": 0.06932042294647545,
      "total_phase_seconds": 0.08585263596614823,
      "scope": "file writes include journal intent/add/flush; excludes this timing receipt and checkpoint writes",
      "mode": "stage4_sealed_cell",
      "banner": "sealed Stage 4; scientific admission also requires complete declared populations"
    },
    {
      "phase": "edit:179",
      "identity_check_kind": "in_memory_structure_and_configuration",
      "recipe_verification_seconds": 0.0,
      "identity_verification_seconds": 0.0,
      "identity_check_seconds": 0.0021298739593476057,
      "state_hash_seconds": 0.0003732070326805115,
      "clone_seconds": 0.0,
      "restore_seconds": 0.0,
      "file_write_seconds": 6.304099224507809e-05,
      "operation_seconds": 0.13656603603158146,
      "total_phase_seconds": 0.13920138898538426,
      "scope": "file writes include journal intent/add/flush; excludes this timing receipt and checkpoint writes",
      "mode": "stage4_sealed_cell",
      "banner": "sealed Stage 4; scientific admission also requires complete declared populations"
    },
    {
      "phase": "immediate:179",
      "identity_check_kind": "in_memory_structure_and_configuration",
      "recipe_verification_seconds": 0.0,
      "identity_verification_seconds": 0.0,
      "identity_check_seconds": 0.0021283510141074657,
      "state_hash_seconds": 0.014166477019898593,
      "clone_seconds": 0.0,
      "restore_seconds": 0.0,
      "file_write_seconds": 6.198900518938899e-05,
      "operation_seconds": 0.051398203999269754,
      "total_phase_seconds": 0.06785703601781279,
      "scope": "file writes include journal intent/add/flush; excludes this timing receipt and checkpoint writes",
      "mode": "stage4_sealed_cell",
      "banner": "sealed Stage 4; scientific admission also requires complete declared populations"
    },
    {
      "phase": "edit:180",
      "identity_check_kind": "in_memory_structure_and_configuration",
      "recipe_verification_seconds": 0.0,
      "identity_verification_seconds": 0.0,
      "identity_check_seconds": 0.002220066962763667,
      "state_hash_seconds": 0.0003457029815763235,
      "clone_seconds": 0.0,
      "restore_seconds": 0.0,
      "file_write_seconds": 5.9704005252569914e-05,
      "operation_seconds": 0.13322255498496816,
      "total_phase_seconds": 0.135924324975349,
      "scope": "file writes include journal intent/add/flush; excludes this timing receipt and checkpoint writes",
      "mode": "stage4_sealed_cell",
      "banner": "sealed Stage 4; scientific admission also requires complete declared populations"
    },
    {
      "phase": "immediate:180",
      "identity_check_kind": "in_memory_structure_and_configuration",
      "recipe_verification_seconds": 0.0,
      "identity_verification_seconds": 0.0,
      "identity_check_seconds": 0.0022378810099326074,
      "state_hash_seconds": 0.01386446796823293,
      "clone_seconds": 0.0,
      "restore_seconds": 0.0,
      "file_write_seconds": 0.004655507975257933,
      "operation_seconds": 0.056454811012372375,
      "total_phase_seconds": 0.07731050497386605,
      "scope": "file writes include journal intent/add/flush; excludes this timing receipt and checkpoint writes",
      "mode": "stage4_sealed_cell",
      "banner": "sealed Stage 4; scientific admission also requires complete declared populations"
    },
    {
      "phase": "edit:181",
      "identity_check_kind": "in_memory_structure_and_configuration",
      "recipe_verification_seconds": 0.0,
      "identity_verification_seconds": 0.0,
      "identity_check_seconds": 0.002200068032834679,
      "state_hash_seconds": 0.00033333798637613654,
      "clone_seconds": 0.0,
      "restore_seconds": 0.0,
      "file_write_seconds": 0.0012028070050291717,
      "operation_seconds": 0.09293551801238209,
      "total_phase_seconds": 0.09674439200898632,
      "scope": "file writes include journal intent/add/flush; excludes this timing receipt and checkpoint writes",
      "mode": "stage4_sealed_cell",
      "banner": "sealed Stage 4; scientific admission also requires complete declared populations"
    },
    {
      "phase": "immediate:181",
      "identity_check_kind": "in_memory_structure_and_configuration",
      "recipe_verification_seconds": 0.0,
      "identity_verification_seconds": 0.0,
      "identity_check_seconds": 0.0020518639939837158,
      "state_hash_seconds": 0.013928198954090476,
      "clone_seconds": 0.0,
      "restore_seconds": 0.0,
      "file_write_seconds": 6.992404814809561e-05,
      "operation_seconds": 0.048784743004944175,
      "total_phase_seconds": 0.06492683698888868,
      "scope": "file writes include journal intent/add/flush; excludes this timing receipt and checkpoint writes",
      "mode": "stage4_sealed_cell",
      "banner": "sealed Stage 4; scientific admission also requires complete declared populations"
    },
    {
      "phase": "edit:182",
      "identity_check_kind": "in_memory_structure_and_configuration",
      "recipe_verification_seconds": 0.0,
      "identity_verification_seconds": 0.0,
      "identity_check_seconds": 0.0023321229964494705,
      "state_hash_seconds": 0.0003339109825901687,
      "clone_seconds": 0.0,
      "restore_seconds": 0.0,
      "file_write_seconds": 5.9944926761090755e-05,
      "operation_seconds": 0.20934569201199338,
      "total_phase_seconds": 0.21213917899876833,
      "scope": "file writes include journal intent/add/flush; excludes this timing receipt and checkpoint writes",
      "mode": "stage4_sealed_cell",
      "banner": "sealed Stage 4; scientific admission also requires complete declared populations"
    },
    {
      "phase": "immediate:182",
      "identity_check_kind": "in_memory_structure_and_configuration",
      "recipe_verification_seconds": 0.0,
      "identity_verification_seconds": 0.0,
      "identity_check_seconds": 0.002198976988438517,
      "state_hash_seconds": 0.015123572084121406,
      "clone_seconds": 0.0,
      "restore_seconds": 0.0,
      "file_write_seconds": 6.079598097130656e-05,
      "operation_seconds": 0.07413381297374144,
      "total_phase_seconds": 0.091617631027475,
      "scope": "file writes include journal intent/add/flush; excludes this timing receipt and checkpoint writes",
      "mode": "stage4_sealed_cell",
      "banner": "sealed Stage 4; scientific admission also requires complete declared populations"
    },
    {
      "phase": "edit:183",
      "identity_check_kind": "in_memory_structure_and_configuration",
      "recipe_verification_seconds": 0.0,
      "identity_verification_seconds": 0.0,
      "identity_check_seconds": 0.002210739010479301,
      "state_hash_seconds": 0.00034754705848172307,
      "clone_seconds": 0.0,
      "restore_seconds": 0.0,
      "file_write_seconds": 6.027502240613103e-05,
      "operation_seconds": 0.09834495204268023,
      "total_phase_seconds": 0.1010326249524951,
      "scope": "file writes include journal intent/add/flush; excludes this timing receipt and checkpoint writes",
      "mode": "stage4_sealed_cell",
      "banner": "sealed Stage 4; scientific admission also requires complete declared populations"
    },
    {
      "phase": "immediate:183",
      "identity_check_kind": "in_memory_structure_and_configuration",
      "recipe_verification_seconds": 0.0,
      "identity_verification_seconds": 0.0,
      "identity_check_seconds": 0.0021313780453056097,
      "state_hash_seconds": 0.014143201056867838,
      "clone_seconds": 0.0,
      "restore_seconds": 0.0,
      "file_write_seconds": 5.903298733755946e-05,
      "operation_seconds": 0.049307344015687704,
      "total_phase_seconds": 0.06574359303340316,
      "scope": "file writes include journal intent/add/flush; excludes this timing receipt and checkpoint writes",
      "mode": "stage4_sealed_cell",
      "banner": "sealed Stage 4; scientific admission also requires complete declared populations"
    },
    {
      "phase": "edit:184",
      "identity_check_kind": "in_memory_structure_and_configuration",
      "recipe_verification_seconds": 0.0,
      "identity_verification_seconds": 0.0,
      "identity_check_seconds": 0.0021350040333345532,
      "state_hash_seconds": 0.000390728993806988,
      "clone_seconds": 0.0,
      "restore_seconds": 0.0,
      "file_write_seconds": 6.15970348007977e-05,
      "operation_seconds": 0.13320133299566805,
      "total_phase_seconds": 0.13586113398196176,
      "scope": "file writes include journal intent/add/flush; excludes this timing receipt and checkpoint writes",
      "mode": "stage4_sealed_cell",
      "banner": "sealed Stage 4; scientific admission also requires complete declared populations"
    },
    {
      "phase": "immediate:184",
      "identity_check_kind": "in_memory_structure_and_configuration",
      "recipe_verification_seconds": 0.0,
      "identity_verification_seconds": 0.0,
      "identity_check_seconds": 0.002407106978353113,
      "state_hash_seconds": 0.014942526002414525,
      "clone_seconds": 0.0,
      "restore_seconds": 0.0,
      "file_write_seconds": 5.820096703246236e-05,
      "operation_seconds": 0.05661912600044161,
      "total_phase_seconds": 0.07413581700529903,
      "scope": "file writes include journal intent/add/flush; excludes this timing receipt and checkpoint writes",
      "mode": "stage4_sealed_cell",
      "banner": "sealed Stage 4; scientific admission also requires complete declared populations"
    },
    {
      "phase": "edit:185",
      "identity_check_kind": "in_memory_structure_and_configuration",
      "recipe_verification_seconds": 0.0,
      "identity_verification_seconds": 0.0,
      "identity_check_seconds": 0.002109585970174521,
      "state_hash_seconds": 0.0003604720113798976,
      "clone_seconds": 0.0,
      "restore_seconds": 0.0,
      "file_write_seconds": 6.400200072675943e-05,
      "operation_seconds": 0.12803650897694752,
      "total_phase_seconds": 0.1306476070312783,
      "scope": "file writes include journal intent/add/flush; excludes this timing receipt and checkpoint writes",
      "mode": "stage4_sealed_cell",
      "banner": "sealed Stage 4; scientific admission also requires complete declared populations"
    },
    {
      "phase": "immediate:185",
      "identity_check_kind": "in_memory_structure_and_configuration",
      "recipe_verification_seconds": 0.0,
      "identity_verification_seconds": 0.0,
      "identity_check_seconds": 0.0022009910317137837,
      "state_hash_seconds": 0.015061694022733718,
      "clone_seconds": 0.0,
      "restore_seconds": 0.0,
      "file_write_seconds": 6.147800013422966e-05,
      "operation_seconds": 0.05405319499550387,
      "total_phase_seconds": 0.07148633600445464,
      "scope": "file writes include journal intent/add/flush; excludes this timing receipt and checkpoint writes",
      "mode": "stage4_sealed_cell",
      "banner": "sealed Stage 4; scientific admission also requires complete declared populations"
    },
    {
      "phase": "edit:186",
      "identity_check_kind": "in_memory_structure_and_configuration",
      "recipe_verification_seconds": 0.0,
      "identity_verification_seconds": 0.0,
      "identity_check_seconds": 0.002148137951735407,
      "state_hash_seconds": 0.00035348901292309165,
      "clone_seconds": 0.0,
      "restore_seconds": 0.0,
      "file_write_seconds": 6.522506009787321e-05,
      "operation_seconds": 0.18088296003406867,
      "total_phase_seconds": 0.18351978698046878,
      "scope": "file writes include journal intent/add/flush; excludes this timing receipt and checkpoint writes",
      "mode": "stage4_sealed_cell",
      "banner": "sealed Stage 4; scientific admission also requires complete declared populations"
    },
    {
      "phase": "immediate:186",
      "identity_check_kind": "in_memory_structure_and_configuration",
      "recipe_verification_seconds": 0.0,
      "identity_verification_seconds": 0.0,
      "identity_check_seconds": 0.002169230079744011,
      "state_hash_seconds": 0.015788114978931844,
      "clone_seconds": 0.0,
      "restore_seconds": 0.0,
      "file_write_seconds": 7.809000089764595e-05,
      "operation_seconds": 0.06734933197731152,
      "total_phase_seconds": 0.08548252598848194,
      "scope": "file writes include journal intent/add/flush; excludes this timing receipt and checkpoint writes",
      "mode": "stage4_sealed_cell",
      "banner": "sealed Stage 4; scientific admission also requires complete declared populations"
    },
    {
      "phase": "edit:187",
      "identity_check_kind": "in_memory_structure_and_configuration",
      "recipe_verification_seconds": 0.0,
      "identity_verification_seconds": 0.0,
      "identity_check_seconds": 0.002168598002754152,
      "state_hash_seconds": 0.0003562740166671574,
      "clone_seconds": 0.0,
      "restore_seconds": 0.0,
      "file_write_seconds": 6.382295396178961e-05,
      "operation_seconds": 0.147208223992493,
      "total_phase_seconds": 0.14986830501584336,
      "scope": "file writes include journal intent/add/flush; excludes this timing receipt and checkpoint writes",
      "mode": "stage4_sealed_cell",
      "banner": "sealed Stage 4; scientific admission also requires complete declared populations"
    },
    {
      "phase": "immediate:187",
      "identity_check_kind": "in_memory_structure_and_configuration",
      "recipe_verification_seconds": 0.0,
      "identity_verification_seconds": 0.0,
      "identity_check_seconds": 0.0021151870023459196,
      "state_hash_seconds": 0.014735717966686934,
      "clone_seconds": 0.0,
      "restore_seconds": 0.0,
      "file_write_seconds": 8.947000605985522e-05,
      "operation_seconds": 0.0582415770040825,
      "total_phase_seconds": 0.0752985060098581,
      "scope": "file writes include journal intent/add/flush; excludes this timing receipt and checkpoint writes",
      "mode": "stage4_sealed_cell",
      "banner": "sealed Stage 4; scientific admission also requires complete declared populations"
    },
    {
      "phase": "edit:188",
      "identity_check_kind": "in_memory_structure_and_configuration",
      "recipe_verification_seconds": 0.0,
      "identity_verification_seconds": 0.0,
      "identity_check_seconds": 0.0021928849746473134,
      "state_hash_seconds": 0.0003795879893004894,
      "clone_seconds": 0.0,
      "restore_seconds": 0.0,
      "file_write_seconds": 5.865201819688082e-05,
      "operation_seconds": 0.0950524170184508,
      "total_phase_seconds": 0.09776203299406916,
      "scope": "file writes include journal intent/add/flush; excludes this timing receipt and checkpoint writes",
      "mode": "stage4_sealed_cell",
      "banner": "sealed Stage 4; scientific admission also requires complete declared populations"
    },
    {
      "phase": "immediate:188",
      "identity_check_kind": "in_memory_structure_and_configuration",
      "recipe_verification_seconds": 0.0,
      "identity_verification_seconds": 0.0,
      "identity_check_seconds": 0.0021481100120581686,
      "state_hash_seconds": 0.014628480945248157,
      "clone_seconds": 0.0,
      "restore_seconds": 0.0,
      "file_write_seconds": 5.828106077387929e-05,
      "operation_seconds": 0.048991449002642184,
      "total_phase_seconds": 0.0659217860084027,
      "scope": "file writes include journal intent/add/flush; excludes this timing receipt and checkpoint writes",
      "mode": "stage4_sealed_cell",
      "banner": "sealed Stage 4; scientific admission also requires complete declared populations"
    },
    {
      "phase": "edit:189",
      "identity_check_kind": "in_memory_structure_and_configuration",
      "recipe_verification_seconds": 0.0,
      "identity_verification_seconds": 0.0,
      "identity_check_seconds": 0.002032908028922975,
      "state_hash_seconds": 0.0002981420257128775,
      "clone_seconds": 0.0,
      "restore_seconds": 0.0,
      "file_write_seconds": 5.792092997580767e-05,
      "operation_seconds": 0.09418783901492134,
      "total_phase_seconds": 0.09663727600127459,
      "scope": "file writes include journal intent/add/flush; excludes this timing receipt and checkpoint writes",
      "mode": "stage4_sealed_cell",
      "banner": "sealed Stage 4; scientific admission also requires complete declared populations"
    },
    {
      "phase": "immediate:189",
      "identity_check_kind": "in_memory_structure_and_configuration",
      "recipe_verification_seconds": 0.0,
      "identity_verification_seconds": 0.0,
      "identity_check_seconds": 0.0018875600071623921,
      "state_hash_seconds": 0.014474216965027153,
      "clone_seconds": 0.0,
      "restore_seconds": 0.0,
      "file_write_seconds": 5.799200152978301e-05,
      "operation_seconds": 0.05576698202639818,
      "total_phase_seconds": 0.0722722330247052,
      "scope": "file writes include journal intent/add/flush; excludes this timing receipt and checkpoint writes",
      "mode": "stage4_sealed_cell",
      "banner": "sealed Stage 4; scientific admission also requires complete declared populations"
    },
    {
      "phase": "edit:190",
      "identity_check_kind": "in_memory_structure_and_configuration",
      "recipe_verification_seconds": 0.0,
      "identity_verification_seconds": 0.0,
      "identity_check_seconds": 0.002197224006522447,
      "state_hash_seconds": 0.0003329389146529138,
      "clone_seconds": 0.0,
      "restore_seconds": 0.0,
      "file_write_seconds": 5.963497096672654e-05,
      "operation_seconds": 0.10237027000403032,
      "total_phase_seconds": 0.10502256703330204,
      "scope": "file writes include journal intent/add/flush; excludes this timing receipt and checkpoint writes",
      "mode": "stage4_sealed_cell",
      "banner": "sealed Stage 4; scientific admission also requires complete declared populations"
    },
    {
      "phase": "immediate:190",
      "identity_check_kind": "in_memory_structure_and_configuration",
      "recipe_verification_seconds": 0.0,
      "identity_verification_seconds": 0.0,
      "identity_check_seconds": 0.0025071980198845267,
      "state_hash_seconds": 0.015162735944613814,
      "clone_seconds": 0.0,
      "restore_seconds": 0.0,
      "file_write_seconds": 5.961395800113678e-05,
      "operation_seconds": 0.051742423966061324,
      "total_phase_seconds": 0.06956954003544524,
      "scope": "file writes include journal intent/add/flush; excludes this timing receipt and checkpoint writes",
      "mode": "stage4_sealed_cell",
      "banner": "sealed Stage 4; scientific admission also requires complete declared populations"
    },
    {
      "phase": "edit:191",
      "identity_check_kind": "in_memory_structure_and_configuration",
      "recipe_verification_seconds": 0.0,
      "identity_verification_seconds": 0.0,
      "identity_check_seconds": 0.0021507430355995893,
      "state_hash_seconds": 0.00033838796662166715,
      "clone_seconds": 0.0,
      "restore_seconds": 0.0,
      "file_write_seconds": 5.883298581466079e-05,
      "operation_seconds": 0.13494786398950964,
      "total_phase_seconds": 0.13756100396858528,
      "scope": "file writes include journal intent/add/flush; excludes this timing receipt and checkpoint writes",
      "mode": "stage4_sealed_cell",
      "banner": "sealed Stage 4; scientific admission also requires complete declared populations"
    },
    {
      "phase": "immediate:191",
      "identity_check_kind": "in_memory_structure_and_configuration",
      "recipe_verification_seconds": 0.0,
      "identity_verification_seconds": 0.0,
      "identity_check_seconds": 0.0022159989457577467,
      "state_hash_seconds": 0.015522077039349824,
      "clone_seconds": 0.0,
      "restore_seconds": 0.0,
      "file_write_seconds": 5.835195770487189e-05,
      "operation_seconds": 0.059578119951765984,
      "total_phase_seconds": 0.0774686390068382,
      "scope": "file writes include journal intent/add/flush; excludes this timing receipt and checkpoint writes",
      "mode": "stage4_sealed_cell",
      "banner": "sealed Stage 4; scientific admission also requires complete declared populations"
    },
    {
      "phase": "edit:192",
      "identity_check_kind": "in_memory_structure_and_configuration",
      "recipe_verification_seconds": 0.0,
      "identity_verification_seconds": 0.0,
      "identity_check_seconds": 0.0021434110240079463,
      "state_hash_seconds": 0.0003584268852137029,
      "clone_seconds": 0.0,
      "restore_seconds": 0.0,
      "file_write_seconds": 5.9854937717318535e-05,
      "operation_seconds": 0.20754969801055267,
      "total_phase_seconds": 0.21017882000887766,
      "scope": "file writes include journal intent/add/flush; excludes this timing receipt and checkpoint writes",
      "mode": "stage4_sealed_cell",
      "banner": "sealed Stage 4; scientific admission also requires complete declared populations"
    },
    {
      "phase": "immediate:192",
      "identity_check_kind": "in_memory_structure_and_configuration",
      "recipe_verification_seconds": 0.0,
      "identity_verification_seconds": 0.0,
      "identity_check_seconds": 0.0022319589625112712,
      "state_hash_seconds": 0.01519740402000025,
      "clone_seconds": 0.0,
      "restore_seconds": 0.0,
      "file_write_seconds": 6.310100434347987e-05,
      "operation_seconds": 0.06025712197879329,
      "total_phase_seconds": 0.07785614102613181,
      "scope": "file writes include journal intent/add/flush; excludes this timing receipt and checkpoint writes",
      "mode": "stage4_sealed_cell",
      "banner": "sealed Stage 4; scientific admission also requires complete declared populations"
    },
    {
      "phase": "edit:193",
      "identity_check_kind": "in_memory_structure_and_configuration",
      "recipe_verification_seconds": 0.0,
      "identity_verification_seconds": 0.0,
      "identity_check_seconds": 0.00211083801696077,
      "state_hash_seconds": 0.00033785798586905,
      "clone_seconds": 0.0,
      "restore_seconds": 0.0,
      "file_write_seconds": 5.877204239368439e-05,
      "operation_seconds": 0.13928541098721325,
      "total_phase_seconds": 0.14186432701535523,
      "scope": "file writes include journal intent/add/flush; excludes this timing receipt and checkpoint writes",
      "mode": "stage4_sealed_cell",
      "banner": "sealed Stage 4; scientific admission also requires complete declared populations"
    },
    {
      "phase": "immediate:193",
      "identity_check_kind": "in_memory_structure_and_configuration",
      "recipe_verification_seconds": 0.0,
      "identity_verification_seconds": 0.0,
      "identity_check_seconds": 0.002156294009182602,
      "state_hash_seconds": 0.015090346918441355,
      "clone_seconds": 0.0,
      "restore_seconds": 0.0,
      "file_write_seconds": 6.1386963352561e-05,
      "operation_seconds": 0.05767037201439962,
      "total_phase_seconds": 0.07508841302478686,
      "scope": "file writes include journal intent/add/flush; excludes this timing receipt and checkpoint writes",
      "mode": "stage4_sealed_cell",
      "banner": "sealed Stage 4; scientific admission also requires complete declared populations"
    },
    {
      "phase": "edit:194",
      "identity_check_kind": "in_memory_structure_and_configuration",
      "recipe_verification_seconds": 0.0,
      "identity_verification_seconds": 0.0,
      "identity_check_seconds": 0.0021570060052908957,
      "state_hash_seconds": 0.00035346904769539833,
      "clone_seconds": 0.0,
      "restore_seconds": 0.0,
      "file_write_seconds": 5.825201515108347e-05,
      "operation_seconds": 0.09469031298067421,
      "total_phase_seconds": 0.09732691902900115,
      "scope": "file writes include journal intent/add/flush; excludes this timing receipt and checkpoint writes",
      "mode": "stage4_sealed_cell",
      "banner": "sealed Stage 4; scientific admission also requires complete declared populations"
    },
    {
      "phase": "immediate:194",
      "identity_check_kind": "in_memory_structure_and_configuration",
      "recipe_verification_seconds": 0.0,
      "identity_verification_seconds": 0.0,
      "identity_check_seconds": 0.0021632080315612257,
      "state_hash_seconds": 0.014964397007133812,
      "clone_seconds": 0.0,
      "restore_seconds": 0.0,
      "file_write_seconds": 7.650599582120776e-05,
      "operation_seconds": 0.0561724990257062,
      "total_phase_seconds": 0.0734667939832434,
      "scope": "file writes include journal intent/add/flush; excludes this timing receipt and checkpoint writes",
      "mode": "stage4_sealed_cell",
      "banner": "sealed Stage 4; scientific admission also requires complete declared populations"
    },
    {
      "phase": "edit:195",
      "identity_check_kind": "in_memory_structure_and_configuration",
      "recipe_verification_seconds": 0.0,
      "identity_verification_seconds": 0.0,
      "identity_check_seconds": 0.002045733039267361,
      "state_hash_seconds": 0.00030405307188630104,
      "clone_seconds": 0.0,
      "restore_seconds": 0.0,
      "file_write_seconds": 6.422301521524787e-05,
      "operation_seconds": 0.19638652104185894,
      "total_phase_seconds": 0.19886011397466063,
      "scope": "file writes include journal intent/add/flush; excludes this timing receipt and checkpoint writes",
      "mode": "stage4_sealed_cell",
      "banner": "sealed Stage 4; scientific admission also requires complete declared populations"
    },
    {
      "phase": "immediate:195",
      "identity_check_kind": "in_memory_structure_and_configuration",
      "recipe_verification_seconds": 0.0,
      "identity_verification_seconds": 0.0,
      "identity_check_seconds": 0.0021631779964081943,
      "state_hash_seconds": 0.015124255034606904,
      "clone_seconds": 0.0,
      "restore_seconds": 0.0,
      "file_write_seconds": 6.001500878483057e-05,
      "operation_seconds": 0.07631202001357451,
      "total_phase_seconds": 0.09374651301186532,
      "scope": "file writes include journal intent/add/flush; excludes this timing receipt and checkpoint writes",
      "mode": "stage4_sealed_cell",
      "banner": "sealed Stage 4; scientific admission also requires complete declared populations"
    },
    {
      "phase": "edit:196",
      "identity_check_kind": "in_memory_structure_and_configuration",
      "recipe_verification_seconds": 0.0,
      "identity_verification_seconds": 0.0,
      "identity_check_seconds": 0.0021082640741951764,
      "state_hash_seconds": 0.00036652403650805354,
      "clone_seconds": 0.0,
      "restore_seconds": 0.0,
      "file_write_seconds": 5.8131932746618986e-05,
      "operation_seconds": 0.14715409005293623,
      "total_phase_seconds": 0.14975814399076626,
      "scope": "file writes include journal intent/add/flush; excludes this timing receipt and checkpoint writes",
      "mode": "stage4_sealed_cell",
      "banner": "sealed Stage 4; scientific admission also requires complete declared populations"
    },
    {
      "phase": "immediate:196",
      "identity_check_kind": "in_memory_structure_and_configuration",
      "recipe_verification_seconds": 0.0,
      "identity_verification_seconds": 0.0,
      "identity_check_seconds": 0.002126879000570625,
      "state_hash_seconds": 0.015288097027223557,
      "clone_seconds": 0.0,
      "restore_seconds": 0.0,
      "file_write_seconds": 0.005006179970223457,
      "operation_seconds": 0.05549699399853125,
      "total_phase_seconds": 0.07802285096840933,
      "scope": "file writes include journal intent/add/flush; excludes this timing receipt and checkpoint writes",
      "mode": "stage4_sealed_cell",
      "banner": "sealed Stage 4; scientific admission also requires complete declared populations"
    },
    {
      "phase": "edit:197",
      "identity_check_kind": "in_memory_structure_and_configuration",
      "recipe_verification_seconds": 0.0,
      "identity_verification_seconds": 0.0,
      "identity_check_seconds": 0.002221219940111041,
      "state_hash_seconds": 0.00039661896880716085,
      "clone_seconds": 0.0,
      "restore_seconds": 0.0,
      "file_write_seconds": 0.0013169749872758985,
      "operation_seconds": 0.17642634501680732,
      "total_phase_seconds": 0.1804341400275007,
      "scope": "file writes include journal intent/add/flush; excludes this timing receipt and checkpoint writes",
      "mode": "stage4_sealed_cell",
      "banner": "sealed Stage 4; scientific admission also requires complete declared populations"
    },
    {
      "phase": "immediate:197",
      "identity_check_kind": "in_memory_structure_and_configuration",
      "recipe_verification_seconds": 0.0,
      "identity_verification_seconds": 0.0,
      "identity_check_seconds": 0.0025479470496065915,
      "state_hash_seconds": 0.015748811012599617,
      "clone_seconds": 0.0,
      "restore_seconds": 0.0,
      "file_write_seconds": 6.75300252623856e-05,
      "operation_seconds": 0.06686888099648058,
      "total_phase_seconds": 0.0853300429880619,
      "scope": "file writes include journal intent/add/flush; excludes this timing receipt and checkpoint writes",
      "mode": "stage4_sealed_cell",
      "banner": "sealed Stage 4; scientific admission also requires complete declared populations"
    },
    {
      "phase": "edit:198",
      "identity_check_kind": "in_memory_structure_and_configuration",
      "recipe_verification_seconds": 0.0,
      "identity_verification_seconds": 0.0,
      "identity_check_seconds": 0.0020593490335159004,
      "state_hash_seconds": 0.0003482779720798135,
      "clone_seconds": 0.0,
      "restore_seconds": 0.0,
      "file_write_seconds": 5.894200876355171e-05,
      "operation_seconds": 0.19137559196678922,
      "total_phase_seconds": 0.19391081301728263,
      "scope": "file writes include journal intent/add/flush; excludes this timing receipt and checkpoint writes",
      "mode": "stage4_sealed_cell",
      "banner": "sealed Stage 4; scientific admission also requires complete declared populations"
    },
    {
      "phase": "immediate:198",
      "identity_check_kind": "in_memory_structure_and_configuration",
      "recipe_verification_seconds": 0.0,
      "identity_verification_seconds": 0.0,
      "identity_check_seconds": 0.0021565260249190032,
      "state_hash_seconds": 0.014922648028004915,
      "clone_seconds": 0.0,
      "restore_seconds": 0.0,
      "file_write_seconds": 5.9193000197410583e-05,
      "operation_seconds": 0.06966425199061632,
      "total_phase_seconds": 0.08689105702796951,
      "scope": "file writes include journal intent/add/flush; excludes this timing receipt and checkpoint writes",
      "mode": "stage4_sealed_cell",
      "banner": "sealed Stage 4; scientific admission also requires complete declared populations"
    },
    {
      "phase": "edit:199",
      "identity_check_kind": "in_memory_structure_and_configuration",
      "recipe_verification_seconds": 0.0,
      "identity_verification_seconds": 0.0,
      "identity_check_seconds": 0.002116768970154226,
      "state_hash_seconds": 0.0003751690383069217,
      "clone_seconds": 0.0,
      "restore_seconds": 0.0,
      "file_write_seconds": 6.168795516714454e-05,
      "operation_seconds": 0.19397667900193483,
      "total_phase_seconds": 0.19661988801090047,
      "scope": "file writes include journal intent/add/flush; excludes this timing receipt and checkpoint writes",
      "mode": "stage4_sealed_cell",
      "banner": "sealed Stage 4; scientific admission also requires complete declared populations"
    },
    {
      "phase": "immediate:199",
      "identity_check_kind": "in_memory_structure_and_configuration",
      "recipe_verification_seconds": 0.0,
      "identity_verification_seconds": 0.0,
      "identity_check_seconds": 0.002446733007673174,
      "state_hash_seconds": 0.015588744019623846,
      "clone_seconds": 0.0,
      "restore_seconds": 0.0,
      "file_write_seconds": 5.8741949032992125e-05,
      "operation_seconds": 0.07536341098602861,
      "total_phase_seconds": 0.09354600898222998,
      "scope": "file writes include journal intent/add/flush; excludes this timing receipt and checkpoint writes",
      "mode": "stage4_sealed_cell",
      "banner": "sealed Stage 4; scientific admission also requires complete declared populations"
    },
    {
      "phase": "edit:200",
      "identity_check_kind": "in_memory_structure_and_configuration",
      "recipe_verification_seconds": 0.0,
      "identity_verification_seconds": 0.0,
      "identity_check_seconds": 0.00210661900928244,
      "state_hash_seconds": 0.00036361697129905224,
      "clone_seconds": 0.0,
      "restore_seconds": 0.0,
      "file_write_seconds": 6.729998858645558e-05,
      "operation_seconds": 0.09926709003048018,
      "total_phase_seconds": 0.10187692398903891,
      "scope": "file writes include journal intent/add/flush; excludes this timing receipt and checkpoint writes",
      "mode": "stage4_sealed_cell",
      "banner": "sealed Stage 4; scientific admission also requires complete declared populations"
    },
    {
      "phase": "immediate:200",
      "identity_check_kind": "in_memory_structure_and_configuration",
      "recipe_verification_seconds": 0.0,
      "identity_verification_seconds": 0.0,
      "identity_check_seconds": 0.002632638963405043,
      "state_hash_seconds": 0.016606755962129682,
      "clone_seconds": 0.0,
      "restore_seconds": 0.0,
      "file_write_seconds": 6.0905993450433016e-05,
      "operation_seconds": 0.04988654499175027,
      "total_phase_seconds": 0.06930452201049775,
      "scope": "file writes include journal intent/add/flush; excludes this timing receipt and checkpoint writes",
      "mode": "stage4_sealed_cell",
      "banner": "sealed Stage 4; scientific admission also requires complete declared populations"
    },
    {
      "phase": "edit:201",
      "identity_check_kind": "in_memory_structure_and_configuration",
      "recipe_verification_seconds": 0.0,
      "identity_verification_seconds": 0.0,
      "identity_check_seconds": 0.002112261950969696,
      "state_hash_seconds": 0.00037501996848732233,
      "clone_seconds": 0.0,
      "restore_seconds": 0.0,
      "file_write_seconds": 9.991199476644397e-05,
      "operation_seconds": 0.18905280699254945,
      "total_phase_seconds": 0.19170853000832722,
      "scope": "file writes include journal intent/add/flush; excludes this timing receipt and checkpoint writes",
      "mode": "stage4_sealed_cell",
      "banner": "sealed Stage 4; scientific admission also requires complete declared populations"
    },
    {
      "phase": "immediate:201",
      "identity_check_kind": "in_memory_structure_and_configuration",
      "recipe_verification_seconds": 0.0,
      "identity_verification_seconds": 0.0,
      "identity_check_seconds": 0.002076732984278351,
      "state_hash_seconds": 0.015771973878145218,
      "clone_seconds": 0.0,
      "restore_seconds": 0.0,
      "file_write_seconds": 6.09059352427721e-05,
      "operation_seconds": 0.06260839098831639,
      "total_phase_seconds": 0.08062047202838585,
      "scope": "file writes include journal intent/add/flush; excludes this timing receipt and checkpoint writes",
      "mode": "stage4_sealed_cell",
      "banner": "sealed Stage 4; scientific admission also requires complete declared populations"
    },
    {
      "phase": "edit:202",
      "identity_check_kind": "in_memory_structure_and_configuration",
      "recipe_verification_seconds": 0.0,
      "identity_verification_seconds": 0.0,
      "identity_check_seconds": 0.002128722961060703,
      "state_hash_seconds": 0.00035941891837865114,
      "clone_seconds": 0.0,
      "restore_seconds": 0.0,
      "file_write_seconds": 6.465299520641565e-05,
      "operation_seconds": 0.14314627402927727,
      "total_phase_seconds": 0.14577057695714757,
      "scope": "file writes include journal intent/add/flush; excludes this timing receipt and checkpoint writes",
      "mode": "stage4_sealed_cell",
      "banner": "sealed Stage 4; scientific admission also requires complete declared populations"
    },
    {
      "phase": "immediate:202",
      "identity_check_kind": "in_memory_structure_and_configuration",
      "recipe_verification_seconds": 0.0,
      "identity_verification_seconds": 0.0,
      "identity_check_seconds": 0.00229139399016276,
      "state_hash_seconds": 0.01612736692186445,
      "clone_seconds": 0.0,
      "restore_seconds": 0.0,
      "file_write_seconds": 6.197899347171187e-05,
      "operation_seconds": 0.05427944898838177,
      "total_phase_seconds": 0.07286542002111673,
      "scope": "file writes include journal intent/add/flush; excludes this timing receipt and checkpoint writes",
      "mode": "stage4_sealed_cell",
      "banner": "sealed Stage 4; scientific admission also requires complete declared populations"
    },
    {
      "phase": "edit:203",
      "identity_check_kind": "in_memory_structure_and_configuration",
      "recipe_verification_seconds": 0.0,
      "identity_verification_seconds": 0.0,
      "identity_check_seconds": 0.0026348629617132246,
      "state_hash_seconds": 0.00045271601993590593,
      "clone_seconds": 0.0,
      "restore_seconds": 0.0,
      "file_write_seconds": 6.158801261335611e-05,
      "operation_seconds": 0.1333187689888291,
      "total_phase_seconds": 0.13655252003809437,
      "scope": "file writes include journal intent/add/flush; excludes this timing receipt and checkpoint writes",
      "mode": "stage4_sealed_cell",
      "banner": "sealed Stage 4; scientific admission also requires complete declared populations"
    },
    {
      "phase": "immediate:203",
      "identity_check_kind": "in_memory_structure_and_configuration",
      "recipe_verification_seconds": 0.0,
      "identity_verification_seconds": 0.0,
      "identity_check_seconds": 0.002133970963768661,
      "state_hash_seconds": 0.015722621988970786,
      "clone_seconds": 0.0,
      "restore_seconds": 0.0,
      "file_write_seconds": 6.177800241857767e-05,
      "operation_seconds": 0.05905498703941703,
      "total_phase_seconds": 0.07707508298335597,
      "scope": "file writes include journal intent/add/flush; excludes this timing receipt and checkpoint writes",
      "mode": "stage4_sealed_cell",
      "banner": "sealed Stage 4; scientific admission also requires complete declared populations"
    },
    {
      "phase": "edit:204",
      "identity_check_kind": "in_memory_structure_and_configuration",
      "recipe_verification_seconds": 0.0,
      "identity_verification_seconds": 0.0,
      "identity_check_seconds": 0.0022601549862883985,
      "state_hash_seconds": 0.00039130094228312373,
      "clone_seconds": 0.0,
      "restore_seconds": 0.0,
      "file_write_seconds": 6.0215010307729244e-05,
      "operation_seconds": 0.09319129900541157,
      "total_phase_seconds": 0.09598744101822376,
      "scope": "file writes include journal intent/add/flush; excludes this timing receipt and checkpoint writes",
      "mode": "stage4_sealed_cell",
      "banner": "sealed Stage 4; scientific admission also requires complete declared populations"
    },
    {
      "phase": "immediate:204",
      "identity_check_kind": "in_memory_structure_and_configuration",
      "recipe_verification_seconds": 0.0,
      "identity_verification_seconds": 0.0,
      "identity_check_seconds": 0.002100087993312627,
      "state_hash_seconds": 0.015858139959163964,
      "clone_seconds": 0.0,
      "restore_seconds": 0.0,
      "file_write_seconds": 5.748000694438815e-05,
      "operation_seconds": 0.0501978819957003,
      "total_phase_seconds": 0.0683051660307683,
      "scope": "file writes include journal intent/add/flush; excludes this timing receipt and checkpoint writes",
      "mode": "stage4_sealed_cell",
      "banner": "sealed Stage 4; scientific admission also requires complete declared populations"
    },
    {
      "phase": "edit:205",
      "identity_check_kind": "in_memory_structure_and_configuration",
      "recipe_verification_seconds": 0.0,
      "identity_verification_seconds": 0.0,
      "identity_check_seconds": 0.0021255859755910933,
      "state_hash_seconds": 0.000362296006642282,
      "clone_seconds": 0.0,
      "restore_seconds": 0.0,
      "file_write_seconds": 5.8461970183998346e-05,
      "operation_seconds": 0.14674007595749572,
      "total_phase_seconds": 0.14935028098989278,
      "scope": "file writes include journal intent/add/flush; excludes this timing receipt and checkpoint writes",
      "mode": "stage4_sealed_cell",
      "banner": "sealed Stage 4; scientific admission also requires complete declared populations"
    },
    {
      "phase": "immediate:205",
      "identity_check_kind": "in_memory_structure_and_configuration",
      "recipe_verification_seconds": 0.0,
      "identity_verification_seconds": 0.0,
      "identity_check_seconds": 0.002159300958737731,
      "state_hash_seconds": 0.015711249958258122,
      "clone_seconds": 0.0,
      "restore_seconds": 0.0,
      "file_write_seconds": 6.151804700493813e-05,
      "operation_seconds": 0.06105112499790266,
      "total_phase_seconds": 0.07909573800861835,
      "scope": "file writes include journal intent/add/flush; excludes this timing receipt and checkpoint writes",
      "mode": "stage4_sealed_cell",
      "banner": "sealed Stage 4; scientific admission also requires complete declared populations"
    },
    {
      "phase": "edit:206",
      "identity_check_kind": "in_memory_structure_and_configuration",
      "recipe_verification_seconds": 0.0,
      "identity_verification_seconds": 0.0,
      "identity_check_seconds": 0.0022319499403238297,
      "state_hash_seconds": 0.00037586194230243564,
      "clone_seconds": 0.0,
      "restore_seconds": 0.0,
      "file_write_seconds": 6.125704385340214e-05,
      "operation_seconds": 0.09567818697541952,
      "total_phase_seconds": 0.09842210897477344,
      "scope": "file writes include journal intent/add/flush; excludes this timing receipt and checkpoint writes",
      "mode": "stage4_sealed_cell",
      "banner": "sealed Stage 4; scientific admission also requires complete declared populations"
    },
    {
      "phase": "immediate:206",
      "identity_check_kind": "in_memory_structure_and_configuration",
      "recipe_verification_seconds": 0.0,
      "identity_verification_seconds": 0.0,
      "identity_check_seconds": 0.0033564770128577948,
      "state_hash_seconds": 0.016439265105873346,
      "clone_seconds": 0.0,
      "restore_seconds": 0.0,
      "file_write_seconds": 5.953502841293812e-05,
      "operation_seconds": 0.05449290800606832,
      "total_phase_seconds": 0.07444703398505226,
      "scope": "file writes include journal intent/add/flush; excludes this timing receipt and checkpoint writes",
      "mode": "stage4_sealed_cell",
      "banner": "sealed Stage 4; scientific admission also requires complete declared populations"
    },
    {
      "phase": "edit:207",
      "identity_check_kind": "in_memory_structure_and_configuration",
      "recipe_verification_seconds": 0.0,
      "identity_verification_seconds": 0.0,
      "identity_check_seconds": 0.0020742079941555858,
      "state_hash_seconds": 0.0003685980336740613,
      "clone_seconds": 0.0,
      "restore_seconds": 0.0,
      "file_write_seconds": 8.299894398078322e-05,
      "operation_seconds": 0.09591009200084955,
      "total_phase_seconds": 0.09851079998770729,
      "scope": "file writes include journal intent/add/flush; excludes this timing receipt and checkpoint writes",
      "mode": "stage4_sealed_cell",
      "banner": "sealed Stage 4; scientific admission also requires complete declared populations"
    },
    {
      "phase": "immediate:207",
      "identity_check_kind": "in_memory_structure_and_configuration",
      "recipe_verification_seconds": 0.0,
      "identity_verification_seconds": 0.0,
      "identity_check_seconds": 0.0019797770073637366,
      "state_hash_seconds": 0.016523608996067196,
      "clone_seconds": 0.0,
      "restore_seconds": 0.0,
      "file_write_seconds": 6.368197500705719e-05,
      "operation_seconds": 0.05837705702288076,
      "total_phase_seconds": 0.07703324203612283,
      "scope": "file writes include journal intent/add/flush; excludes this timing receipt and checkpoint writes",
      "mode": "stage4_sealed_cell",
      "banner": "sealed Stage 4; scientific admission also requires complete declared populations"
    },
    {
      "phase": "edit:208",
      "identity_check_kind": "in_memory_structure_and_configuration",
      "recipe_verification_seconds": 0.0,
      "identity_verification_seconds": 0.0,
      "identity_check_seconds": 0.00205049104988575,
      "state_hash_seconds": 0.0003910899977199733,
      "clone_seconds": 0.0,
      "restore_seconds": 0.0,
      "file_write_seconds": 5.919294198974967e-05,
      "operation_seconds": 0.15837023901985958,
      "total_phase_seconds": 0.16093856398947537,
      "scope": "file writes include journal intent/add/flush; excludes this timing receipt and checkpoint writes",
      "mode": "stage4_sealed_cell",
      "banner": "sealed Stage 4; scientific admission also requires complete declared populations"
    },
    {
      "phase": "immediate:208",
      "identity_check_kind": "in_memory_structure_and_configuration",
      "recipe_verification_seconds": 0.0,
      "identity_verification_seconds": 0.0,
      "identity_check_seconds": 0.0024738239590078592,
      "state_hash_seconds": 0.016155419987626374,
      "clone_seconds": 0.0,
      "restore_seconds": 0.0,
      "file_write_seconds": 5.851301830261946e-05,
      "operation_seconds": 0.06836636294610798,
      "total_phase_seconds": 0.08714566502021626,
      "scope": "file writes include journal intent/add/flush; excludes this timing receipt and checkpoint writes",
      "mode": "stage4_sealed_cell",
      "banner": "sealed Stage 4; scientific admission also requires complete declared populations"
    },
    {
      "phase": "edit:209",
      "identity_check_kind": "in_memory_structure_and_configuration",
      "recipe_verification_seconds": 0.0,
      "identity_verification_seconds": 0.0,
      "identity_check_seconds": 0.0022153370082378387,
      "state_hash_seconds": 0.00039104995084926486,
      "clone_seconds": 0.0,
      "restore_seconds": 0.0,
      "file_write_seconds": 5.986494943499565e-05,
      "operation_seconds": 0.12736217596102506,
      "total_phase_seconds": 0.13010512600885704,
      "scope": "file writes include journal intent/add/flush; excludes this timing receipt and checkpoint writes",
      "mode": "stage4_sealed_cell",
      "banner": "sealed Stage 4; scientific admission also requires complete declared populations"
    },
    {
      "phase": "immediate:209",
      "identity_check_kind": "in_memory_structure_and_configuration",
      "recipe_verification_seconds": 0.0,
      "identity_verification_seconds": 0.0,
      "identity_check_seconds": 0.002425650949589908,
      "state_hash_seconds": 0.01727061002748087,
      "clone_seconds": 0.0,
      "restore_seconds": 0.0,
      "file_write_seconds": 5.9924088418483734e-05,
      "operation_seconds": 0.055384817998856306,
      "total_phase_seconds": 0.0752390919951722,
      "scope": "file writes include journal intent/add/flush; excludes this timing receipt and checkpoint writes",
      "mode": "stage4_sealed_cell",
      "banner": "sealed Stage 4; scientific admission also requires complete declared populations"
    },
    {
      "phase": "edit:210",
      "identity_check_kind": "in_memory_structure_and_configuration",
      "recipe_verification_seconds": 0.0,
      "identity_verification_seconds": 0.0,
      "identity_check_seconds": 0.002082322956994176,
      "state_hash_seconds": 0.0003710620221681893,
      "clone_seconds": 0.0,
      "restore_seconds": 0.0,
      "file_write_seconds": 6.036605918779969e-05,
      "operation_seconds": 0.08931242098333314,
      "total_phase_seconds": 0.09189176600193605,
      "scope": "file writes include journal intent/add/flush; excludes this timing receipt and checkpoint writes",
      "mode": "stage4_sealed_cell",
      "banner": "sealed Stage 4; scientific admission also requires complete declared populations"
    },
    {
      "phase": "immediate:210",
      "identity_check_kind": "in_memory_structure_and_configuration",
      "recipe_verification_seconds": 0.0,
      "identity_verification_seconds": 0.0,
      "identity_check_seconds": 0.003154718957375735,
      "state_hash_seconds": 0.01677208300679922,
      "clone_seconds": 0.0,
      "restore_seconds": 0.0,
      "file_write_seconds": 7.278897101059556e-05,
      "operation_seconds": 0.056460431951563805,
      "total_phase_seconds": 0.07657434302382171,
      "scope": "file writes include journal intent/add/flush; excludes this timing receipt and checkpoint writes",
      "mode": "stage4_sealed_cell",
      "banner": "sealed Stage 4; scientific admission also requires complete declared populations"
    },
    {
      "phase": "edit:211",
      "identity_check_kind": "in_memory_structure_and_configuration",
      "recipe_verification_seconds": 0.0,
      "identity_verification_seconds": 0.0,
      "identity_check_seconds": 0.0020827139960601926,
      "state_hash_seconds": 0.0004255949752405286,
      "clone_seconds": 0.0,
      "restore_seconds": 0.0,
      "file_write_seconds": 5.902291741222143e-05,
      "operation_seconds": 0.13672058196971193,
      "total_phase_seconds": 0.13936233799904585,
      "scope": "file writes include journal intent/add/flush; excludes this timing receipt and checkpoint writes",
      "mode": "stage4_sealed_cell",
      "banner": "sealed Stage 4; scientific admission also requires complete declared populations"
    },
    {
      "phase": "immediate:211",
      "identity_check_kind": "in_memory_structure_and_configuration",
      "recipe_verification_seconds": 0.0,
      "identity_verification_seconds": 0.0,
      "identity_check_seconds": 0.002157517010346055,
      "state_hash_seconds": 0.01674444996751845,
      "clone_seconds": 0.0,
      "restore_seconds": 0.0,
      "file_write_seconds": 6.133702117949724e-05,
      "operation_seconds": 0.05930943496059626,
      "total_phase_seconds": 0.07837792101781815,
      "scope": "file writes include journal intent/add/flush; excludes this timing receipt and checkpoint writes",
      "mode": "stage4_sealed_cell",
      "banner": "sealed Stage 4; scientific admission also requires complete declared populations"
    },
    {
      "phase": "edit:212",
      "identity_check_kind": "in_memory_structure_and_configuration",
      "recipe_verification_seconds": 0.0,
      "identity_verification_seconds": 0.0,
      "identity_check_seconds": 0.00206323602469638,
      "state_hash_seconds": 0.0003493910189718008,
      "clone_seconds": 0.0,
      "restore_seconds": 0.0,
      "file_write_seconds": 5.9815007261931896e-05,
      "operation_seconds": 0.16420748201198876,
      "total_phase_seconds": 0.1667497269809246,
      "scope": "file writes include journal intent/add/flush; excludes this timing receipt and checkpoint writes",
      "mode": "stage4_sealed_cell",
      "banner": "sealed Stage 4; scientific admission also requires complete declared populations"
    },
    {
      "phase": "immediate:212",
      "identity_check_kind": "in_memory_structure_and_configuration",
      "recipe_verification_seconds": 0.0,
      "identity_verification_seconds": 0.0,
      "identity_check_seconds": 0.002120514982379973,
      "state_hash_seconds": 0.015907455002889037,
      "clone_seconds": 0.0,
      "restore_seconds": 0.0,
      "file_write_seconds": 0.0048394809709861875,
      "operation_seconds": 0.06958538998151198,
      "total_phase_seconds": 0.09254017000785097,
      "scope": "file writes include journal intent/add/flush; excludes this timing receipt and checkpoint writes",
      "mode": "stage4_sealed_cell",
      "banner": "sealed Stage 4; scientific admission also requires complete declared populations"
    },
    {
      "phase": "edit:213",
      "identity_check_kind": "in_memory_structure_and_configuration",
      "recipe_verification_seconds": 0.0,
      "identity_verification_seconds": 0.0,
      "identity_check_seconds": 0.0023906230344437063,
      "state_hash_seconds": 0.00047316704876720905,
      "clone_seconds": 0.0,
      "restore_seconds": 0.0,
      "file_write_seconds": 0.0013295289827510715,
      "operation_seconds": 0.11556563398335129,
      "total_phase_seconds": 0.11984378797933459,
      "scope": "file writes include journal intent/add/flush; excludes this timing receipt and checkpoint writes",
      "mode": "stage4_sealed_cell",
      "banner": "sealed Stage 4; scientific admission also requires complete declared populations"
    },
    {
      "phase": "immediate:213",
      "identity_check_kind": "in_memory_structure_and_configuration",
      "recipe_verification_seconds": 0.0,
      "identity_verification_seconds": 0.0,
      "identity_check_seconds": 0.0021441810531541705,
      "state_hash_seconds": 0.017120721051469445,
      "clone_seconds": 0.0,
      "restore_seconds": 0.0,
      "file_write_seconds": 6.006506737321615e-05,
      "operation_seconds": 0.05422716896282509,
      "total_phase_seconds": 0.07365200901404023,
      "scope": "file writes include journal intent/add/flush; excludes this timing receipt and checkpoint writes",
      "mode": "stage4_sealed_cell",
      "banner": "sealed Stage 4; scientific admission also requires complete declared populations"
    },
    {
      "phase": "edit:214",
      "identity_check_kind": "in_memory_structure_and_configuration",
      "recipe_verification_seconds": 0.0,
      "identity_verification_seconds": 0.0,
      "identity_check_seconds": 0.002174781053327024,
      "state_hash_seconds": 0.00042734999442473054,
      "clone_seconds": 0.0,
      "restore_seconds": 0.0,
      "file_write_seconds": 6.043602479621768e-05,
      "operation_seconds": 0.20015944499755278,
      "total_phase_seconds": 0.20289126399438828,
      "scope": "file writes include journal intent/add/flush; excludes this timing receipt and checkpoint writes",
      "mode": "stage4_sealed_cell",
      "banner": "sealed Stage 4; scientific admission also requires complete declared populations"
    },
    {
      "phase": "immediate:214",
      "identity_check_kind": "in_memory_structure_and_configuration",
      "recipe_verification_seconds": 0.0,
      "identity_verification_seconds": 0.0,
      "identity_check_seconds": 0.0023026459384709597,
      "state_hash_seconds": 0.017010759038385004,
      "clone_seconds": 0.0,
      "restore_seconds": 0.0,
      "file_write_seconds": 6.031501106917858e-05,
      "operation_seconds": 0.07485877303406596,
      "total_phase_seconds": 0.0943500809953548,
      "scope": "file writes include journal intent/add/flush; excludes this timing receipt and checkpoint writes",
      "mode": "stage4_sealed_cell",
      "banner": "sealed Stage 4; scientific admission also requires complete declared populations"
    },
    {
      "phase": "edit:215",
      "identity_check_kind": "in_memory_structure_and_configuration",
      "recipe_verification_seconds": 0.0,
      "identity_verification_seconds": 0.0,
      "identity_check_seconds": 0.0022404459887184203,
      "state_hash_seconds": 0.0003938050358556211,
      "clone_seconds": 0.0,
      "restore_seconds": 0.0,
      "file_write_seconds": 6.001500878483057e-05,
      "operation_seconds": 0.09771116601768881,
      "total_phase_seconds": 0.10047552600735798,
      "scope": "file writes include journal intent/add/flush; excludes this timing receipt and checkpoint writes",
      "mode": "stage4_sealed_cell",
      "banner": "sealed Stage 4; scientific admission also requires complete declared populations"
    },
    {
      "phase": "immediate:215",
      "identity_check_kind": "in_memory_structure_and_configuration",
      "recipe_verification_seconds": 0.0,
      "identity_verification_seconds": 0.0,
      "identity_check_seconds": 0.0020566739840433,
      "state_hash_seconds": 0.016823292011395097,
      "clone_seconds": 0.0,
      "restore_seconds": 0.0,
      "file_write_seconds": 6.432295776903629e-05,
      "operation_seconds": 0.05802210600813851,
      "total_phase_seconds": 0.0770564170088619,
      "scope": "file writes include journal intent/add/flush; excludes this timing receipt and checkpoint writes",
      "mode": "stage4_sealed_cell",
      "banner": "sealed Stage 4; scientific admission also requires complete declared populations"
    },
    {
      "phase": "edit:216",
      "identity_check_kind": "in_memory_structure_and_configuration",
      "recipe_verification_seconds": 0.0,
      "identity_verification_seconds": 0.0,
      "identity_check_seconds": 0.0021496819681487978,
      "state_hash_seconds": 0.00039505702443420887,
      "clone_seconds": 0.0,
      "restore_seconds": 0.0,
      "file_write_seconds": 7.022498175501823e-05,
      "operation_seconds": 0.16737699101213366,
      "total_phase_seconds": 0.17007166799157858,
      "scope": "file writes include journal intent/add/flush; excludes this timing receipt and checkpoint writes",
      "mode": "stage4_sealed_cell",
      "banner": "sealed Stage 4; scientific admission also requires complete declared populations"
    },
    {
      "phase": "immediate:216",
      "identity_check_kind": "in_memory_structure_and_configuration",
      "recipe_verification_seconds": 0.0,
      "identity_verification_seconds": 0.0,
      "identity_check_seconds": 0.002098785014823079,
      "state_hash_seconds": 0.016815394978038967,
      "clone_seconds": 0.0,
      "restore_seconds": 0.0,
      "file_write_seconds": 5.9515004977583885e-05,
      "operation_seconds": 0.06092645600438118,
      "total_phase_seconds": 0.07999112503603101,
      "scope": "file writes include journal intent/add/flush; excludes this timing receipt and checkpoint writes",
      "mode": "stage4_sealed_cell",
      "banner": "sealed Stage 4; scientific admission also requires complete declared populations"
    },
    {
      "phase": "edit:217",
      "identity_check_kind": "in_memory_structure_and_configuration",
      "recipe_verification_seconds": 0.0,
      "identity_verification_seconds": 0.0,
      "identity_check_seconds": 0.002016455982811749,
      "state_hash_seconds": 0.00034753710497170687,
      "clone_seconds": 0.0,
      "restore_seconds": 0.0,
      "file_write_seconds": 5.9003010392189026e-05,
      "operation_seconds": 0.17192744702333584,
      "total_phase_seconds": 0.1744122719974257,
      "scope": "file writes include journal intent/add/flush; excludes this timing receipt and checkpoint writes",
      "mode": "stage4_sealed_cell",
      "banner": "sealed Stage 4; scientific admission also requires complete declared populations"
    },
    {
      "phase": "immediate:217",
      "identity_check_kind": "in_memory_structure_and_configuration",
      "recipe_verification_seconds": 0.0,
      "identity_verification_seconds": 0.0,
      "identity_check_seconds": 0.002132579975295812,
      "state_hash_seconds": 0.016879059025086462,
      "clone_seconds": 0.0,
      "restore_seconds": 0.0,
      "file_write_seconds": 6.305199349299073e-05,
      "operation_seconds": 0.061723534017801285,
      "total_phase_seconds": 0.08092195104109123,
      "scope": "file writes include journal intent/add/flush; excludes this timing receipt and checkpoint writes",
      "mode": "stage4_sealed_cell",
      "banner": "sealed Stage 4; scientific admission also requires complete declared populations"
    },
    {
      "phase": "edit:218",
      "identity_check_kind": "in_memory_structure_and_configuration",
      "recipe_verification_seconds": 0.0,
      "identity_verification_seconds": 0.0,
      "identity_check_seconds": 0.002080830978229642,
      "state_hash_seconds": 0.00039820297388359904,
      "clone_seconds": 0.0,
      "restore_seconds": 0.0,
      "file_write_seconds": 5.8814010117203e-05,
      "operation_seconds": 0.1300817509763874,
      "total_phase_seconds": 0.1326858450192958,
      "scope": "file writes include journal intent/add/flush; excludes this timing receipt and checkpoint writes",
      "mode": "stage4_sealed_cell",
      "banner": "sealed Stage 4; scientific admission also requires complete declared populations"
    },
    {
      "phase": "immediate:218",
      "identity_check_kind": "in_memory_structure_and_configuration",
      "recipe_verification_seconds": 0.0,
      "identity_verification_seconds": 0.0,
      "identity_check_seconds": 0.0021840480039827526,
      "state_hash_seconds": 0.018262250057887286,
      "clone_seconds": 0.0,
      "restore_seconds": 0.0,
      "file_write_seconds": 7.778906729072332e-05,
      "operation_seconds": 0.06026533804833889,
      "total_phase_seconds": 0.08091474598040804,
      "scope": "file writes include journal intent/add/flush; excludes this timing receipt and checkpoint writes",
      "mode": "stage4_sealed_cell",
      "banner": "sealed Stage 4; scientific admission also requires complete declared populations"
    },
    {
      "phase": "edit:219",
      "identity_check_kind": "in_memory_structure_and_configuration",
      "recipe_verification_seconds": 0.0,
      "identity_verification_seconds": 0.0,
      "identity_check_seconds": 0.0022955219610594213,
      "state_hash_seconds": 0.000452648033387959,
      "clone_seconds": 0.0,
      "restore_seconds": 0.0,
      "file_write_seconds": 6.78009819239378e-05,
      "operation_seconds": 0.09330186003353447,
      "total_phase_seconds": 0.09619444701820612,
      "scope": "file writes include journal intent/add/flush; excludes this timing receipt and checkpoint writes",
      "mode": "stage4_sealed_cell",
      "banner": "sealed Stage 4; scientific admission also requires complete declared populations"
    },
    {
      "phase": "immediate:219",
      "identity_check_kind": "in_memory_structure_and_configuration",
      "recipe_verification_seconds": 0.0,
      "identity_verification_seconds": 0.0,
      "identity_check_seconds": 0.0021303239627741277,
      "state_hash_seconds": 0.017037472047377378,
      "clone_seconds": 0.0,
      "restore_seconds": 0.0,
      "file_write_seconds": 5.934399086982012e-05,
      "operation_seconds": 0.058851166046224535,
      "total_phase_seconds": 0.07817272801185027,
      "scope": "file writes include journal intent/add/flush; excludes this timing receipt and checkpoint writes",
      "mode": "stage4_sealed_cell",
      "banner": "sealed Stage 4; scientific admission also requires complete declared populations"
    },
    {
      "phase": "edit:220",
      "identity_check_kind": "in_memory_structure_and_configuration",
      "recipe_verification_seconds": 0.0,
      "identity_verification_seconds": 0.0,
      "identity_check_seconds": 0.0033206079970113933,
      "state_hash_seconds": 0.0004754510009661317,
      "clone_seconds": 0.0,
      "restore_seconds": 0.0,
      "file_write_seconds": 6.017502164468169e-05,
      "operation_seconds": 0.09656939696287736,
      "total_phase_seconds": 0.10051257797749713,
      "scope": "file writes include journal intent/add/flush; excludes this timing receipt and checkpoint writes",
      "mode": "stage4_sealed_cell",
      "banner": "sealed Stage 4; scientific admission also requires complete declared populations"
    },
    {
      "phase": "immediate:220",
      "identity_check_kind": "in_memory_structure_and_configuration",
      "recipe_verification_seconds": 0.0,
      "identity_verification_seconds": 0.0,
      "identity_check_seconds": 0.00216742604970932,
      "state_hash_seconds": 0.01717959309462458,
      "clone_seconds": 0.0,
      "restore_seconds": 0.0,
      "file_write_seconds": 6.897194543853402e-05,
      "operation_seconds": 0.060511290037538856,
      "total_phase_seconds": 0.08003943803487346,
      "scope": "file writes include journal intent/add/flush; excludes this timing receipt and checkpoint writes",
      "mode": "stage4_sealed_cell",
      "banner": "sealed Stage 4; scientific admission also requires complete declared populations"
    },
    {
      "phase": "edit:221",
      "identity_check_kind": "in_memory_structure_and_configuration",
      "recipe_verification_seconds": 0.0,
      "identity_verification_seconds": 0.0,
      "identity_check_seconds": 0.002426785009447485,
      "state_hash_seconds": 0.0005683699855580926,
      "clone_seconds": 0.0,
      "restore_seconds": 0.0,
      "file_write_seconds": 5.872192559763789e-05,
      "operation_seconds": 0.2926671829773113,
      "total_phase_seconds": 0.2957968449918553,
      "scope": "file writes include journal intent/add/flush; excludes this timing receipt and checkpoint writes",
      "mode": "stage4_sealed_cell",
      "banner": "sealed Stage 4; scientific admission also requires complete declared populations"
    },
    {
      "phase": "immediate:221",
      "identity_check_kind": "in_memory_structure_and_configuration",
      "recipe_verification_seconds": 0.0,
      "identity_verification_seconds": 0.0,
      "identity_check_seconds": 0.0020930939936079085,
      "state_hash_seconds": 0.018154905003029853,
      "clone_seconds": 0.0,
      "restore_seconds": 0.0,
      "file_write_seconds": 5.998392589390278e-05,
      "operation_seconds": 0.08586578100221232,
      "total_phase_seconds": 0.10629104904364794,
      "scope": "file writes include journal intent/add/flush; excludes this timing receipt and checkpoint writes",
      "mode": "stage4_sealed_cell",
      "banner": "sealed Stage 4; scientific admission also requires complete declared populations"
    },
    {
      "phase": "edit:222",
      "identity_check_kind": "in_memory_structure_and_configuration",
      "recipe_verification_seconds": 0.0,
      "identity_verification_seconds": 0.0,
      "identity_check_seconds": 0.002185621007811278,
      "state_hash_seconds": 0.00039977702545002103,
      "clone_seconds": 0.0,
      "restore_seconds": 0.0,
      "file_write_seconds": 6.878201384097338e-05,
      "operation_seconds": 0.1590979450265877,
      "total_phase_seconds": 0.16181818098993972,
      "scope": "file writes include journal intent/add/flush; excludes this timing receipt and checkpoint writes",
      "mode": "stage4_sealed_cell",
      "banner": "sealed Stage 4; scientific admission also requires complete declared populations"
    },
    {
      "phase": "immediate:222",
      "identity_check_kind": "in_memory_structure_and_configuration",
      "recipe_verification_seconds": 0.0,
      "identity_verification_seconds": 0.0,
      "identity_check_seconds": 0.0022362489835359156,
      "state_hash_seconds": 0.01795688591664657,
      "clone_seconds": 0.0,
      "restore_seconds": 0.0,
      "file_write_seconds": 6.280001252889633e-05,
      "operation_seconds": 0.06277604203205556,
      "total_phase_seconds": 0.08315146603854373,
      "scope": "file writes include journal intent/add/flush; excludes this timing receipt and checkpoint writes",
      "mode": "stage4_sealed_cell",
      "banner": "sealed Stage 4; scientific admission also requires complete declared populations"
    },
    {
      "phase": "edit:223",
      "identity_check_kind": "in_memory_structure_and_configuration",
      "recipe_verification_seconds": 0.0,
      "identity_verification_seconds": 0.0,
      "identity_check_seconds": 0.0021635680459439754,
      "state_hash_seconds": 0.00045840995153412223,
      "clone_seconds": 0.0,
      "restore_seconds": 0.0,
      "file_write_seconds": 5.969492485746741e-05,
      "operation_seconds": 0.13484732003416866,
      "total_phase_seconds": 0.1376021229662001,
      "scope": "file writes include journal intent/add/flush; excludes this timing receipt and checkpoint writes",
      "mode": "stage4_sealed_cell",
      "banner": "sealed Stage 4; scientific admission also requires complete declared populations"
    },
    {
      "phase": "immediate:223",
      "identity_check_kind": "in_memory_structure_and_configuration",
      "recipe_verification_seconds": 0.0,
      "identity_verification_seconds": 0.0,
      "identity_check_seconds": 0.0021401040139608085,
      "state_hash_seconds": 0.017540084023494273,
      "clone_seconds": 0.0,
      "restore_seconds": 0.0,
      "file_write_seconds": 6.990402471274137e-05,
      "operation_seconds": 0.060534814023412764,
      "total_phase_seconds": 0.08040132198948413,
      "scope": "file writes include journal intent/add/flush; excludes this timing receipt and checkpoint writes",
      "mode": "stage4_sealed_cell",
      "banner": "sealed Stage 4; scientific admission also requires complete declared populations"
    },
    {
      "phase": "edit:224",
      "identity_check_kind": "in_memory_structure_and_configuration",
      "recipe_verification_seconds": 0.0,
      "identity_verification_seconds": 0.0,
      "identity_check_seconds": 0.0021147759980522096,
      "state_hash_seconds": 0.00040327192982658744,
      "clone_seconds": 0.0,
      "restore_seconds": 0.0,
      "file_write_seconds": 6.0004997067153454e-05,
      "operation_seconds": 0.16875964199425653,
      "total_phase_seconds": 0.17140717897564173,
      "scope": "file writes include journal intent/add/flush; excludes this timing receipt and checkpoint writes",
      "mode": "stage4_sealed_cell",
      "banner": "sealed Stage 4; scientific admission also requires complete declared populations"
    },
    {
      "phase": "immediate:224",
      "identity_check_kind": "in_memory_structure_and_configuration",
      "recipe_verification_seconds": 0.0,
      "identity_verification_seconds": 0.0,
      "identity_check_seconds": 0.0021395119838416576,
      "state_hash_seconds": 0.017087286978494376,
      "clone_seconds": 0.0,
      "restore_seconds": 0.0,
      "file_write_seconds": 6.129697430878878e-05,
      "operation_seconds": 0.07560192799428478,
      "total_phase_seconds": 0.09497561998432502,
      "scope": "file writes include journal intent/add/flush; excludes this timing receipt and checkpoint writes",
      "mode": "stage4_sealed_cell",
      "banner": "sealed Stage 4; scientific admission also requires complete declared populations"
    },
    {
      "phase": "edit:225",
      "identity_check_kind": "in_memory_structure_and_configuration",
      "recipe_verification_seconds": 0.0,
      "identity_verification_seconds": 0.0,
      "identity_check_seconds": 0.002150244021322578,
      "state_hash_seconds": 0.00041124806739389896,
      "clone_seconds": 0.0,
      "restore_seconds": 0.0,
      "file_write_seconds": 5.895301001146436e-05,
      "operation_seconds": 0.18883730401284993,
      "total_phase_seconds": 0.19152661098632962,
      "scope": "file writes include journal intent/add/flush; excludes this timing receipt and checkpoint writes",
      "mode": "stage4_sealed_cell",
      "banner": "sealed Stage 4; scientific admission also requires complete declared populations"
    },
    {
      "phase": "immediate:225",
      "identity_check_kind": "in_memory_structure_and_configuration",
      "recipe_verification_seconds": 0.0,
      "identity_verification_seconds": 0.0,
      "identity_check_seconds": 0.0021320179803296924,
      "state_hash_seconds": 0.01767991401720792,
      "clone_seconds": 0.0,
      "restore_seconds": 0.0,
      "file_write_seconds": 6.180896889418364e-05,
      "operation_seconds": 0.06158265395788476,
      "total_phase_seconds": 0.08155660703778267,
      "scope": "file writes include journal intent/add/flush; excludes this timing receipt and checkpoint writes",
      "mode": "stage4_sealed_cell",
      "banner": "sealed Stage 4; scientific admission also requires complete declared populations"
    },
    {
      "phase": "edit:226",
      "identity_check_kind": "in_memory_structure_and_configuration",
      "recipe_verification_seconds": 0.0,
      "identity_verification_seconds": 0.0,
      "identity_check_seconds": 0.002188966958783567,
      "state_hash_seconds": 0.00040805310709401965,
      "clone_seconds": 0.0,
      "restore_seconds": 0.0,
      "file_write_seconds": 5.7600962463766336e-05,
      "operation_seconds": 0.12903240002924576,
      "total_phase_seconds": 0.1317497700219974,
      "scope": "file writes include journal intent/add/flush; excludes this timing receipt and checkpoint writes",
      "mode": "stage4_sealed_cell",
      "banner": "sealed Stage 4; scientific admission also requires complete declared populations"
    },
    {
      "phase": "immediate:226",
      "identity_check_kind": "in_memory_structure_and_configuration",
      "recipe_verification_seconds": 0.0,
      "identity_verification_seconds": 0.0,
      "identity_check_seconds": 0.002105747989844531,
      "state_hash_seconds": 0.01754508604062721,
      "clone_seconds": 0.0,
      "restore_seconds": 0.0,
      "file_write_seconds": 6.57959608361125e-05,
      "operation_seconds": 0.05965605896199122,
      "total_phase_seconds": 0.0795112350024283,
      "scope": "file writes include journal intent/add/flush; excludes this timing receipt and checkpoint writes",
      "mode": "stage4_sealed_cell",
      "banner": "sealed Stage 4; scientific admission also requires complete declared populations"
    },
    {
      "phase": "edit:227",
      "identity_check_kind": "in_memory_structure_and_configuration",
      "recipe_verification_seconds": 0.0,
      "identity_verification_seconds": 0.0,
      "identity_check_seconds": 0.002154663030523807,
      "state_hash_seconds": 0.00041502597741782665,
      "clone_seconds": 0.0,
      "restore_seconds": 0.0,
      "file_write_seconds": 6.117799784988165e-05,
      "operation_seconds": 0.1696353509905748,
      "total_phase_seconds": 0.17233924701577052,
      "scope": "file writes include journal intent/add/flush; excludes this timing receipt and checkpoint writes",
      "mode": "stage4_sealed_cell",
      "banner": "sealed Stage 4; scientific admission also requires complete declared populations"
    },
    {
      "phase": "immediate:227",
      "identity_check_kind": "in_memory_structure_and_configuration",
      "recipe_verification_seconds": 0.0,
      "identity_verification_seconds": 0.0,
      "identity_check_seconds": 0.002113472030032426,
      "state_hash_seconds": 0.01776732300641015,
      "clone_seconds": 0.0,
      "restore_seconds": 0.0,
      "file_write_seconds": 6.0555990785360336e-05,
      "operation_seconds": 0.07002986303996295,
      "total_phase_seconds": 0.09006367000984028,
      "scope": "file writes include journal intent/add/flush; excludes this timing receipt and checkpoint writes",
      "mode": "stage4_sealed_cell",
      "banner": "sealed Stage 4; scientific admission also requires complete declared populations"
    },
    {
      "phase": "edit:228",
      "identity_check_kind": "in_memory_structure_and_configuration",
      "recipe_verification_seconds": 0.0,
      "identity_verification_seconds": 0.0,
      "identity_check_seconds": 0.0021204259828664362,
      "state_hash_seconds": 0.00045296800090000033,
      "clone_seconds": 0.0,
      "restore_seconds": 0.0,
      "file_write_seconds": 5.984498420730233e-05,
      "operation_seconds": 0.10008613998070359,
      "total_phase_seconds": 0.10279333201469854,
      "scope": "file writes include journal intent/add/flush; excludes this timing receipt and checkpoint writes",
      "mode": "stage4_sealed_cell",
      "banner": "sealed Stage 4; scientific admission also requires complete declared populations"
    },
    {
      "phase": "immediate:228",
      "identity_check_kind": "in_memory_structure_and_configuration",
      "recipe_verification_seconds": 0.0,
      "identity_verification_seconds": 0.0,
      "identity_check_seconds": 0.002179979986976832,
      "state_hash_seconds": 0.018947485950775445,
      "clone_seconds": 0.0,
      "restore_seconds": 0.0,
      "file_write_seconds": 0.004467256017960608,
      "operation_seconds": 0.055246462987270206,
      "total_phase_seconds": 0.08094804099528119,
      "scope": "file writes include journal intent/add/flush; excludes this timing receipt and checkpoint writes",
      "mode": "stage4_sealed_cell",
      "banner": "sealed Stage 4; scientific admission also requires complete declared populations"
    },
    {
      "phase": "edit:229",
      "identity_check_kind": "in_memory_structure_and_configuration",
      "recipe_verification_seconds": 0.0,
      "identity_verification_seconds": 0.0,
      "identity_check_seconds": 0.0020988350152038038,
      "state_hash_seconds": 0.0004159579984843731,
      "clone_seconds": 0.0,
      "restore_seconds": 0.0,
      "file_write_seconds": 0.0010597319342195988,
      "operation_seconds": 0.1830455070012249,
      "total_phase_seconds": 0.1866876520216465,
      "scope": "file writes include journal intent/add/flush; excludes this timing receipt and checkpoint writes",
      "mode": "stage4_sealed_cell",
      "banner": "sealed Stage 4; scientific admission also requires complete declared populations"
    },
    {
      "phase": "immediate:229",
      "identity_check_kind": "in_memory_structure_and_configuration",
      "recipe_verification_seconds": 0.0,
      "identity_verification_seconds": 0.0,
      "identity_check_seconds": 0.002149311942048371,
      "state_hash_seconds": 0.018087735050357878,
      "clone_seconds": 0.0,
      "restore_seconds": 0.0,
      "file_write_seconds": 6.422394653782248e-05,
      "operation_seconds": 0.061633781995624304,
      "total_phase_seconds": 0.08204252802534029,
      "scope": "file writes include journal intent/add/flush; excludes this timing receipt and checkpoint writes",
      "mode": "stage4_sealed_cell",
      "banner": "sealed Stage 4; scientific admission also requires complete declared populations"
    },
    {
      "phase": "edit:230",
      "identity_check_kind": "in_memory_structure_and_configuration",
      "recipe_verification_seconds": 0.0,
      "identity_verification_seconds": 0.0,
      "identity_check_seconds": 0.0021127909421920776,
      "state_hash_seconds": 0.00040858308784663677,
      "clone_seconds": 0.0,
      "restore_seconds": 0.0,
      "file_write_seconds": 5.913403583690524e-05,
      "operation_seconds": 0.13428449095226824,
      "total_phase_seconds": 0.13692736899247393,
      "scope": "file writes include journal intent/add/flush; excludes this timing receipt and checkpoint writes",
      "mode": "stage4_sealed_cell",
      "banner": "sealed Stage 4; scientific admission also requires complete declared populations"
    },
    {
      "phase": "immediate:230",
      "identity_check_kind": "in_memory_structure_and_configuration",
      "recipe_verification_seconds": 0.0,
      "identity_verification_seconds": 0.0,
      "identity_check_seconds": 0.00201640697196126,
      "state_hash_seconds": 0.017548252013511956,
      "clone_seconds": 0.0,
      "restore_seconds": 0.0,
      "file_write_seconds": 6.3561019487679e-05,
      "operation_seconds": 0.07275886600837111,
      "total_phase_seconds": 0.09248243999900296,
      "scope": "file writes include journal intent/add/flush; excludes this timing receipt and checkpoint writes",
      "mode": "stage4_sealed_cell",
      "banner": "sealed Stage 4; scientific admission also requires complete declared populations"
    },
    {
      "phase": "edit:231",
      "identity_check_kind": "in_memory_structure_and_configuration",
      "recipe_verification_seconds": 0.0,
      "identity_verification_seconds": 0.0,
      "identity_check_seconds": 0.0022403750335797668,
      "state_hash_seconds": 0.0004080939688719809,
      "clone_seconds": 0.0,
      "restore_seconds": 0.0,
      "file_write_seconds": 7.058493793010712e-05,
      "operation_seconds": 0.14343424700200558,
      "total_phase_seconds": 0.1462282949942164,
      "scope": "file writes include journal intent/add/flush; excludes this timing receipt and checkpoint writes",
      "mode": "stage4_sealed_cell",
      "banner": "sealed Stage 4; scientific admission also requires complete declared populations"
    },
    {
      "phase": "immediate:231",
      "identity_check_kind": "in_memory_structure_and_configuration",
      "recipe_verification_seconds": 0.0,
      "identity_verification_seconds": 0.0,
      "identity_check_seconds": 0.00210422498639673,
      "state_hash_seconds": 0.01804549602093175,
      "clone_seconds": 0.0,
      "restore_seconds": 0.0,
      "file_write_seconds": 6.200798088684678e-05,
      "operation_seconds": 0.05727773898979649,
      "total_phase_seconds": 0.07759428897406906,
      "scope": "file writes include journal intent/add/flush; excludes this timing receipt and checkpoint writes",
      "mode": "stage4_sealed_cell",
      "banner": "sealed Stage 4; scientific admission also requires complete declared populations"
    },
    {
      "phase": "edit:232",
      "identity_check_kind": "in_memory_structure_and_configuration",
      "recipe_verification_seconds": 0.0,
      "identity_verification_seconds": 0.0,
      "identity_check_seconds": 0.0021073819953016937,
      "state_hash_seconds": 0.0003967609372921288,
      "clone_seconds": 0.0,
      "restore_seconds": 0.0,
      "file_write_seconds": 6.168801337480545e-05,
      "operation_seconds": 0.09319930302444845,
      "total_phase_seconds": 0.09582821500953287,
      "scope": "file writes include journal intent/add/flush; excludes this timing receipt and checkpoint writes",
      "mode": "stage4_sealed_cell",
      "banner": "sealed Stage 4; scientific admission also requires complete declared populations"
    },
    {
      "phase": "immediate:232",
      "identity_check_kind": "in_memory_structure_and_configuration",
      "recipe_verification_seconds": 0.0,
      "identity_verification_seconds": 0.0,
      "identity_check_seconds": 0.002101078978739679,
      "state_hash_seconds": 0.017919583071488887,
      "clone_seconds": 0.0,
      "restore_seconds": 0.0,
      "file_write_seconds": 6.113597191870213e-05,
      "operation_seconds": 0.05958189704688266,
      "total_phase_seconds": 0.07976112404139712,
      "scope": "file writes include journal intent/add/flush; excludes this timing receipt and checkpoint writes",
      "mode": "stage4_sealed_cell",
      "banner": "sealed Stage 4; scientific admission also requires complete declared populations"
    },
    {
      "phase": "edit:233",
      "identity_check_kind": "in_memory_structure_and_configuration",
      "recipe_verification_seconds": 0.0,
      "identity_verification_seconds": 0.0,
      "identity_check_seconds": 0.0022179530351422727,
      "state_hash_seconds": 0.0004062789957970381,
      "clone_seconds": 0.0,
      "restore_seconds": 0.0,
      "file_write_seconds": 7.201801054179668e-05,
      "operation_seconds": 0.09503317001508549,
      "total_phase_seconds": 0.09780631796456873,
      "scope": "file writes include journal intent/add/flush; excludes this timing receipt and checkpoint writes",
      "mode": "stage4_sealed_cell",
      "banner": "sealed Stage 4; scientific admission also requires complete declared populations"
    },
    {
      "phase": "immediate:233",
      "identity_check_kind": "in_memory_structure_and_configuration",
      "recipe_verification_seconds": 0.0,
      "identity_verification_seconds": 0.0,
      "identity_check_seconds": 0.002096190059091896,
      "state_hash_seconds": 0.01822510897181928,
      "clone_seconds": 0.0,
      "restore_seconds": 0.0,
      "file_write_seconds": 6.610597483813763e-05,
      "operation_seconds": 0.06158732296898961,
      "total_phase_seconds": 0.08209023100789636,
      "scope": "file writes include journal intent/add/flush; excludes this timing receipt and checkpoint writes",
      "mode": "stage4_sealed_cell",
      "banner": "sealed Stage 4; scientific admission also requires complete declared populations"
    },
    {
      "phase": "edit:234",
      "identity_check_kind": "in_memory_structure_and_configuration",
      "recipe_verification_seconds": 0.0,
      "identity_verification_seconds": 0.0,
      "identity_check_seconds": 0.002197102934587747,
      "state_hash_seconds": 0.00040570797864347696,
      "clone_seconds": 0.0,
      "restore_seconds": 0.0,
      "file_write_seconds": 6.1016995459795e-05,
      "operation_seconds": 0.13203893403988332,
      "total_phase_seconds": 0.13477311801398173,
      "scope": "file writes include journal intent/add/flush; excludes this timing receipt and checkpoint writes",
      "mode": "stage4_sealed_cell",
      "banner": "sealed Stage 4; scientific admission also requires complete declared populations"
    },
    {
      "phase": "immediate:234",
      "identity_check_kind": "in_memory_structure_and_configuration",
      "recipe_verification_seconds": 0.0,
      "identity_verification_seconds": 0.0,
      "identity_check_seconds": 0.0021500620059669018,
      "state_hash_seconds": 0.01848190202144906,
      "clone_seconds": 0.0,
      "restore_seconds": 0.0,
      "file_write_seconds": 6.14890013821423e-05,
      "operation_seconds": 0.0609882150311023,
      "total_phase_seconds": 0.08178606600267813,
      "scope": "file writes include journal intent/add/flush; excludes this timing receipt and checkpoint writes",
      "mode": "stage4_sealed_cell",
      "banner": "sealed Stage 4; scientific admission also requires complete declared populations"
    },
    {
      "phase": "edit:235",
      "identity_check_kind": "in_memory_structure_and_configuration",
      "recipe_verification_seconds": 0.0,
      "identity_verification_seconds": 0.0,
      "identity_check_seconds": 0.0021360560785979033,
      "state_hash_seconds": 0.00041285197949036956,
      "clone_seconds": 0.0,
      "restore_seconds": 0.0,
      "file_write_seconds": 5.785102257505059e-05,
      "operation_seconds": 0.13321563100907952,
      "total_phase_seconds": 0.13589784497162327,
      "scope": "file writes include journal intent/add/flush; excludes this timing receipt and checkpoint writes",
      "mode": "stage4_sealed_cell",
      "banner": "sealed Stage 4; scientific admission also requires complete declared populations"
    },
    {
      "phase": "immediate:235",
      "identity_check_kind": "in_memory_structure_and_configuration",
      "recipe_verification_seconds": 0.0,
      "identity_verification_seconds": 0.0,
      "identity_check_seconds": 0.0021565650240518153,
      "state_hash_seconds": 0.01837936701485887,
      "clone_seconds": 0.0,
      "restore_seconds": 0.0,
      "file_write_seconds": 6.847101030871272e-05,
      "operation_seconds": 0.05990693997591734,
      "total_phase_seconds": 0.08063809596933424,
      "scope": "file writes include journal intent/add/flush; excludes this timing receipt and checkpoint writes",
      "mode": "stage4_sealed_cell",
      "banner": "sealed Stage 4; scientific admission also requires complete declared populations"
    },
    {
      "phase": "edit:236",
      "identity_check_kind": "in_memory_structure_and_configuration",
      "recipe_verification_seconds": 0.0,
      "identity_verification_seconds": 0.0,
      "identity_check_seconds": 0.002420491015072912,
      "state_hash_seconds": 0.00047339696902781725,
      "clone_seconds": 0.0,
      "restore_seconds": 0.0,
      "file_write_seconds": 5.956395762041211e-05,
      "operation_seconds": 0.1457400590297766,
      "total_phase_seconds": 0.14877234300365672,
      "scope": "file writes include journal intent/add/flush; excludes this timing receipt and checkpoint writes",
      "mode": "stage4_sealed_cell",
      "banner": "sealed Stage 4; scientific admission also requires complete declared populations"
    },
    {
      "phase": "immediate:236",
      "identity_check_kind": "in_memory_structure_and_configuration",
      "recipe_verification_seconds": 0.0,
      "identity_verification_seconds": 0.0,
      "identity_check_seconds": 0.002188066951930523,
      "state_hash_seconds": 0.01787594991037622,
      "clone_seconds": 0.0,
      "restore_seconds": 0.0,
      "file_write_seconds": 6.225903052836657e-05,
      "operation_seconds": 0.06244393502129242,
      "total_phase_seconds": 0.08268667402444407,
      "scope": "file writes include journal intent/add/flush; excludes this timing receipt and checkpoint writes",
      "mode": "stage4_sealed_cell",
      "banner": "sealed Stage 4; scientific admission also requires complete declared populations"
    },
    {
      "phase": "edit:237",
      "identity_check_kind": "in_memory_structure_and_configuration",
      "recipe_verification_seconds": 0.0,
      "identity_verification_seconds": 0.0,
      "identity_check_seconds": 0.0021464049932546914,
      "state_hash_seconds": 0.00042349303839728236,
      "clone_seconds": 0.0,
      "restore_seconds": 0.0,
      "file_write_seconds": 7.40429968573153e-05,
      "operation_seconds": 0.1725481660105288,
      "total_phase_seconds": 0.1752627600217238,
      "scope": "file writes include journal intent/add/flush; excludes this timing receipt and checkpoint writes",
      "mode": "stage4_sealed_cell",
      "banner": "sealed Stage 4; scientific admission also requires complete declared populations"
    },
    {
      "phase": "immediate:237",
      "identity_check_kind": "in_memory_structure_and_configuration",
      "recipe_verification_seconds": 0.0,
      "identity_verification_seconds": 0.0,
      "identity_check_seconds": 0.001998113002628088,
      "state_hash_seconds": 0.018519754987210035,
      "clone_seconds": 0.0,
      "restore_seconds": 0.0,
      "file_write_seconds": 6.006506737321615e-05,
      "operation_seconds": 0.0719521589926444,
      "total_phase_seconds": 0.09263188496697694,
      "scope": "file writes include journal intent/add/flush; excludes this timing receipt and checkpoint writes",
      "mode": "stage4_sealed_cell",
      "banner": "sealed Stage 4; scientific admission also requires complete declared populations"
    },
    {
      "phase": "edit:238",
      "identity_check_kind": "in_memory_structure_and_configuration",
      "recipe_verification_seconds": 0.0,
      "identity_verification_seconds": 0.0,
      "identity_check_seconds": 0.0020969610195606947,
      "state_hash_seconds": 0.0004126519779674709,
      "clone_seconds": 0.0,
      "restore_seconds": 0.0,
      "file_write_seconds": 5.822093226015568e-05,
      "operation_seconds": 0.12414602900389582,
      "total_phase_seconds": 0.1267900500097312,
      "scope": "file writes include journal intent/add/flush; excludes this timing receipt and checkpoint writes",
      "mode": "stage4_sealed_cell",
      "banner": "sealed Stage 4; scientific admission also requires complete declared populations"
    },
    {
      "phase": "immediate:238",
      "identity_check_kind": "in_memory_structure_and_configuration",
      "recipe_verification_seconds": 0.0,
      "identity_verification_seconds": 0.0,
      "identity_check_seconds": 0.0022315490059554577,
      "state_hash_seconds": 0.0185538909281604,
      "clone_seconds": 0.0,
      "restore_seconds": 0.0,
      "file_write_seconds": 6.376201054081321e-05,
      "operation_seconds": 0.06460908701410517,
      "total_phase_seconds": 0.08558277797419578,
      "scope": "file writes include journal intent/add/flush; excludes this timing receipt and checkpoint writes",
      "mode": "stage4_sealed_cell",
      "banner": "sealed Stage 4; scientific admission also requires complete declared populations"
    },
    {
      "phase": "edit:239",
      "identity_check_kind": "in_memory_structure_and_configuration",
      "recipe_verification_seconds": 0.0,
      "identity_verification_seconds": 0.0,
      "identity_check_seconds": 0.0021531980019062757,
      "state_hash_seconds": 0.0004406559164635837,
      "clone_seconds": 0.0,
      "restore_seconds": 0.0,
      "file_write_seconds": 5.973596125841141e-05,
      "operation_seconds": 0.24332124600186944,
      "total_phase_seconds": 0.2460486560012214,
      "scope": "file writes include journal intent/add/flush; excludes this timing receipt and checkpoint writes",
      "mode": "stage4_sealed_cell",
      "banner": "sealed Stage 4; scientific admission also requires complete declared populations"
    },
    {
      "phase": "immediate:239",
      "identity_check_kind": "in_memory_structure_and_configuration",
      "recipe_verification_seconds": 0.0,
      "identity_verification_seconds": 0.0,
      "identity_check_seconds": 0.002065960958134383,
      "state_hash_seconds": 0.018767900997772813,
      "clone_seconds": 0.0,
      "restore_seconds": 0.0,
      "file_write_seconds": 6.724899867549539e-05,
      "operation_seconds": 0.08379072102252394,
      "total_phase_seconds": 0.10481328499736264,
      "scope": "file writes include journal intent/add/flush; excludes this timing receipt and checkpoint writes",
      "mode": "stage4_sealed_cell",
      "banner": "sealed Stage 4; scientific admission also requires complete declared populations"
    },
    {
      "phase": "edit:240",
      "identity_check_kind": "in_memory_structure_and_configuration",
      "recipe_verification_seconds": 0.0,
      "identity_verification_seconds": 0.0,
      "identity_check_seconds": 0.002194266999140382,
      "state_hash_seconds": 0.0004742300370708108,
      "clone_seconds": 0.0,
      "restore_seconds": 0.0,
      "file_write_seconds": 5.9053010772913694e-05,
      "operation_seconds": 0.13677275297231972,
      "total_phase_seconds": 0.13957287202356383,
      "scope": "file writes include journal intent/add/flush; excludes this timing receipt and checkpoint writes",
      "mode": "stage4_sealed_cell",
      "banner": "sealed Stage 4; scientific admission also requires complete declared populations"
    },
    {
      "phase": "immediate:240",
      "identity_check_kind": "in_memory_structure_and_configuration",
      "recipe_verification_seconds": 0.0,
      "identity_verification_seconds": 0.0,
      "identity_check_seconds": 0.0021883169538341463,
      "state_hash_seconds": 0.018814880051650107,
      "clone_seconds": 0.0,
      "restore_seconds": 0.0,
      "file_write_seconds": 6.136792944744229e-05,
      "operation_seconds": 0.060114428983069956,
      "total_phase_seconds": 0.08127884502755478,
      "scope": "file writes include journal intent/add/flush; excludes this timing receipt and checkpoint writes",
      "mode": "stage4_sealed_cell",
      "banner": "sealed Stage 4; scientific admission also requires complete declared populations"
    },
    {
      "phase": "edit:241",
      "identity_check_kind": "in_memory_structure_and_configuration",
      "recipe_verification_seconds": 0.0,
      "identity_verification_seconds": 0.0,
      "identity_check_seconds": 0.0021352749899961054,
      "state_hash_seconds": 0.00042928196489810944,
      "clone_seconds": 0.0,
      "restore_seconds": 0.0,
      "file_write_seconds": 5.916395457461476e-05,
      "operation_seconds": 0.17358087794855237,
      "total_phase_seconds": 0.17626663798000664,
      "scope": "file writes include journal intent/add/flush; excludes this timing receipt and checkpoint writes",
      "mode": "stage4_sealed_cell",
      "banner": "sealed Stage 4; scientific admission also requires complete declared populations"
    },
    {
      "phase": "immediate:241",
      "identity_check_kind": "in_memory_structure_and_configuration",
      "recipe_verification_seconds": 0.0,
      "identity_verification_seconds": 0.0,
      "identity_check_seconds": 0.0021562959300354123,
      "state_hash_seconds": 0.01905289600836113,
      "clone_seconds": 0.0,
      "restore_seconds": 0.0,
      "file_write_seconds": 6.047595525160432e-05,
      "operation_seconds": 0.06598406401462853,
      "total_phase_seconds": 0.08735461597098038,
      "scope": "file writes include journal intent/add/flush; excludes this timing receipt and checkpoint writes",
      "mode": "stage4_sealed_cell",
      "banner": "sealed Stage 4; scientific admission also requires complete declared populations"
    },
    {
      "phase": "edit:242",
      "identity_check_kind": "in_memory_structure_and_configuration",
      "recipe_verification_seconds": 0.0,
      "identity_verification_seconds": 0.0,
      "identity_check_seconds": 0.0021203759824857116,
      "state_hash_seconds": 0.00044791807886213064,
      "clone_seconds": 0.0,
      "restore_seconds": 0.0,
      "file_write_seconds": 6.09560520388186e-05,
      "operation_seconds": 0.0911469379789196,
      "total_phase_seconds": 0.09385090303840116,
      "scope": "file writes include journal intent/add/flush; excludes this timing receipt and checkpoint writes",
      "mode": "stage4_sealed_cell",
      "banner": "sealed Stage 4; scientific admission also requires complete declared populations"
    },
    {
      "phase": "immediate:242",
      "identity_check_kind": "in_memory_structure_and_configuration",
      "recipe_verification_seconds": 0.0,
      "identity_verification_seconds": 0.0,
      "identity_check_seconds": 0.0021422579884529114,
      "state_hash_seconds": 0.019103854952845722,
      "clone_seconds": 0.0,
      "restore_seconds": 0.0,
      "file_write_seconds": 6.05260138399899e-05,
      "operation_seconds": 0.0614294899860397,
      "total_phase_seconds": 0.08283856499474496,
      "scope": "file writes include journal intent/add/flush; excludes this timing receipt and checkpoint writes",
      "mode": "stage4_sealed_cell",
      "banner": "sealed Stage 4; scientific admission also requires complete declared populations"
    },
    {
      "phase": "edit:243",
      "identity_check_kind": "in_memory_structure_and_configuration",
      "recipe_verification_seconds": 0.0,
      "identity_verification_seconds": 0.0,
      "identity_check_seconds": 0.0021510939695872366,
      "state_hash_seconds": 0.0004866539966315031,
      "clone_seconds": 0.0,
      "restore_seconds": 0.0,
      "file_write_seconds": 5.957396933808923e-05,
      "operation_seconds": 0.09723664599005133,
      "total_phase_seconds": 0.10000394302187487,
      "scope": "file writes include journal intent/add/flush; excludes this timing receipt and checkpoint writes",
      "mode": "stage4_sealed_cell",
      "banner": "sealed Stage 4; scientific admission also requires complete declared populations"
    },
    {
      "phase": "immediate:243",
      "identity_check_kind": "in_memory_structure_and_configuration",
      "recipe_verification_seconds": 0.0,
      "identity_verification_seconds": 0.0,
      "identity_check_seconds": 0.0021634400472976267,
      "state_hash_seconds": 0.019624612934421748,
      "clone_seconds": 0.0,
      "restore_seconds": 0.0,
      "file_write_seconds": 5.941296694800258e-05,
      "operation_seconds": 0.05941243201959878,
      "total_phase_seconds": 0.08137027901830152,
      "scope": "file writes include journal intent/add/flush; excludes this timing receipt and checkpoint writes",
      "mode": "stage4_sealed_cell",
      "banner": "sealed Stage 4; scientific admission also requires complete declared populations"
    },
    {
      "phase": "edit:244",
      "identity_check_kind": "in_memory_structure_and_configuration",
      "recipe_verification_seconds": 0.0,
      "identity_verification_seconds": 0.0,
      "identity_check_seconds": 0.0022072329884395003,
      "state_hash_seconds": 0.00046200602082535625,
      "clone_seconds": 0.0,
      "restore_seconds": 0.0,
      "file_write_seconds": 7.975404150784016e-05,
      "operation_seconds": 0.130392036982812,
      "total_phase_seconds": 0.13320651301182806,
      "scope": "file writes include journal intent/add/flush; excludes this timing receipt and checkpoint writes",
      "mode": "stage4_sealed_cell",
      "banner": "sealed Stage 4; scientific admission also requires complete declared populations"
    },
    {
      "phase": "immediate:244",
      "identity_check_kind": "in_memory_structure_and_configuration",
      "recipe_verification_seconds": 0.0,
      "identity_verification_seconds": 0.0,
      "identity_check_seconds": 0.0024585749488323927,
      "state_hash_seconds": 0.019810150028206408,
      "clone_seconds": 0.0,
      "restore_seconds": 0.0,
      "file_write_seconds": 0.004804131982382387,
      "operation_seconds": 0.06086477800272405,
      "total_phase_seconds": 0.08804713300196454,
      "scope": "file writes include journal intent/add/flush; excludes this timing receipt and checkpoint writes",
      "mode": "stage4_sealed_cell",
      "banner": "sealed Stage 4; scientific admission also requires complete declared populations"
    },
    {
      "phase": "edit:245",
      "identity_check_kind": "in_memory_structure_and_configuration",
      "recipe_verification_seconds": 0.0,
      "identity_verification_seconds": 0.0,
      "identity_check_seconds": 0.002103734004776925,
      "state_hash_seconds": 0.0004394730203785002,
      "clone_seconds": 0.0,
      "restore_seconds": 0.0,
      "file_write_seconds": 0.0011765850358642638,
      "operation_seconds": 0.25749125803122297,
      "total_phase_seconds": 0.2612829090212472,
      "scope": "file writes include journal intent/add/flush; excludes this timing receipt and checkpoint writes",
      "mode": "stage4_sealed_cell",
      "banner": "sealed Stage 4; scientific admission also requires complete declared populations"
    },
    {
      "phase": "immediate:245",
      "identity_check_kind": "in_memory_structure_and_configuration",
      "recipe_verification_seconds": 0.0,
      "identity_verification_seconds": 0.0,
      "identity_check_seconds": 0.0021569670061580837,
      "state_hash_seconds": 0.019369734975043684,
      "clone_seconds": 0.0,
      "restore_seconds": 0.0,
      "file_write_seconds": 6.248900899663568e-05,
      "operation_seconds": 0.08775503397919238,
      "total_phase_seconds": 0.1094400979927741,
      "scope": "file writes include journal intent/add/flush; excludes this timing receipt and checkpoint writes",
      "mode": "stage4_sealed_cell",
      "banner": "sealed Stage 4; scientific admission also requires complete declared populations"
    },
    {
      "phase": "edit:246",
      "identity_check_kind": "in_memory_structure_and_configuration",
      "recipe_verification_seconds": 0.0,
      "identity_verification_seconds": 0.0,
      "identity_check_seconds": 0.0023060529492795467,
      "state_hash_seconds": 0.0004644909640774131,
      "clone_seconds": 0.0,
      "restore_seconds": 0.0,
      "file_write_seconds": 6.357306847348809e-05,
      "operation_seconds": 0.10155909403692931,
      "total_phase_seconds": 0.104466560005676,
      "scope": "file writes include journal intent/add/flush; excludes this timing receipt and checkpoint writes",
      "mode": "stage4_sealed_cell",
      "banner": "sealed Stage 4; scientific admission also requires complete declared populations"
    },
    {
      "phase": "immediate:246",
      "identity_check_kind": "in_memory_structure_and_configuration",
      "recipe_verification_seconds": 0.0,
      "identity_verification_seconds": 0.0,
      "identity_check_seconds": 0.0021248249686323106,
      "state_hash_seconds": 0.019534911960363388,
      "clone_seconds": 0.0,
      "restore_seconds": 0.0,
      "file_write_seconds": 6.177800241857767e-05,
      "operation_seconds": 0.05940006801392883,
      "total_phase_seconds": 0.08122398896375671,
      "scope": "file writes include journal intent/add/flush; excludes this timing receipt and checkpoint writes",
      "mode": "stage4_sealed_cell",
      "banner": "sealed Stage 4; scientific admission also requires complete declared populations"
    },
    {
      "phase": "edit:247",
      "identity_check_kind": "in_memory_structure_and_configuration",
      "recipe_verification_seconds": 0.0,
      "identity_verification_seconds": 0.0,
      "identity_check_seconds": 0.002164170960895717,
      "state_hash_seconds": 0.0005335230380296707,
      "clone_seconds": 0.0,
      "restore_seconds": 0.0,
      "file_write_seconds": 6.020598812028766e-05,
      "operation_seconds": 0.12623437395086512,
      "total_phase_seconds": 0.12906076398212463,
      "scope": "file writes include journal intent/add/flush; excludes this timing receipt and checkpoint writes",
      "mode": "stage4_sealed_cell",
      "banner": "sealed Stage 4; scientific admission also requires complete declared populations"
    },
    {
      "phase": "immediate:247",
      "identity_check_kind": "in_memory_structure_and_configuration",
      "recipe_verification_seconds": 0.0,
      "identity_verification_seconds": 0.0,
      "identity_check_seconds": 0.002132939058355987,
      "state_hash_seconds": 0.019358302000910044,
      "clone_seconds": 0.0,
      "restore_seconds": 0.0,
      "file_write_seconds": 6.068695802241564e-05,
      "operation_seconds": 0.05999078101012856,
      "total_phase_seconds": 0.08164959499845281,
      "scope": "file writes include journal intent/add/flush; excludes this timing receipt and checkpoint writes",
      "mode": "stage4_sealed_cell",
      "banner": "sealed Stage 4; scientific admission also requires complete declared populations"
    },
    {
      "phase": "edit:248",
      "identity_check_kind": "in_memory_structure_and_configuration",
      "recipe_verification_seconds": 0.0,
      "identity_verification_seconds": 0.0,
      "identity_check_seconds": 0.00212177901994437,
      "state_hash_seconds": 0.0004896189784631133,
      "clone_seconds": 0.0,
      "restore_seconds": 0.0,
      "file_write_seconds": 6.059597944840789e-05,
      "operation_seconds": 0.09069839800940827,
      "total_phase_seconds": 0.09344085596967489,
      "scope": "file writes include journal intent/add/flush; excludes this timing receipt and checkpoint writes",
      "mode": "stage4_sealed_cell",
      "banner": "sealed Stage 4; scientific admission also requires complete declared populations"
    },
    {
      "phase": "immediate:248",
      "identity_check_kind": "in_memory_structure_and_configuration",
      "recipe_verification_seconds": 0.0,
      "identity_verification_seconds": 0.0,
      "identity_check_seconds": 0.002156996983103454,
      "state_hash_seconds": 0.01961969496915117,
      "clone_seconds": 0.0,
      "restore_seconds": 0.0,
      "file_write_seconds": 6.019609281793237e-05,
      "operation_seconds": 0.060581554018426687,
      "total_phase_seconds": 0.08252380200428888,
      "scope": "file writes include journal intent/add/flush; excludes this timing receipt and checkpoint writes",
      "mode": "stage4_sealed_cell",
      "banner": "sealed Stage 4; scientific admission also requires complete declared populations"
    },
    {
      "phase": "edit:249",
      "identity_check_kind": "in_memory_structure_and_configuration",
      "recipe_verification_seconds": 0.0,
      "identity_verification_seconds": 0.0,
      "identity_check_seconds": 0.0021033940138295293,
      "state_hash_seconds": 0.00041831197449937463,
      "clone_seconds": 0.0,
      "restore_seconds": 0.0,
      "file_write_seconds": 6.095704156905413e-05,
      "operation_seconds": 0.13155678001930937,
      "total_phase_seconds": 0.13420143100665882,
      "scope": "file writes include journal intent/add/flush; excludes this timing receipt and checkpoint writes",
      "mode": "stage4_sealed_cell",
      "banner": "sealed Stage 4; scientific admission also requires complete declared populations"
    },
    {
      "phase": "immediate:249",
      "identity_check_kind": "in_memory_structure_and_configuration",
      "recipe_verification_seconds": 0.0,
      "identity_verification_seconds": 0.0,
      "identity_check_seconds": 0.0022130439756438136,
      "state_hash_seconds": 0.020046361139975488,
      "clone_seconds": 0.0,
      "restore_seconds": 0.0,
      "file_write_seconds": 6.019498687237501e-05,
      "operation_seconds": 0.06105976097751409,
      "total_phase_seconds": 0.08348720899084583,
      "scope": "file writes include journal intent/add/flush; excludes this timing receipt and checkpoint writes",
      "mode": "stage4_sealed_cell",
      "banner": "sealed Stage 4; scientific admission also requires complete declared populations"
    },
    {
      "phase": "edit:250",
      "identity_check_kind": "in_memory_structure_and_configuration",
      "recipe_verification_seconds": 0.0,
      "identity_verification_seconds": 0.0,
      "identity_check_seconds": 0.0021053680684417486,
      "state_hash_seconds": 0.00042553606908768415,
      "clone_seconds": 0.0,
      "restore_seconds": 0.0,
      "file_write_seconds": 5.9623969718813896e-05,
      "operation_seconds": 0.08809528598794714,
      "total_phase_seconds": 0.09074961597798392,
      "scope": "file writes include journal intent/add/flush; excludes this timing receipt and checkpoint writes",
      "mode": "stage4_sealed_cell",
      "banner": "sealed Stage 4; scientific admission also requires complete declared populations"
    },
    {
      "phase": "immediate:250",
      "identity_check_kind": "in_memory_structure_and_configuration",
      "recipe_verification_seconds": 0.0,
      "identity_verification_seconds": 0.0,
      "identity_check_seconds": 0.00216750695835799,
      "state_hash_seconds": 0.019831028068438172,
      "clone_seconds": 0.0,
      "restore_seconds": 0.0,
      "file_write_seconds": 5.9743993915617466e-05,
      "operation_seconds": 0.06231234304141253,
      "total_phase_seconds": 0.08446711802389473,
      "scope": "file writes include journal intent/add/flush; excludes this timing receipt and checkpoint writes",
      "mode": "stage4_sealed_cell",
      "banner": "sealed Stage 4; scientific admission also requires complete declared populations"
    },
    {
      "phase": "edit:251",
      "identity_check_kind": "in_memory_structure_and_configuration",
      "recipe_verification_seconds": 0.0,
      "identity_verification_seconds": 0.0,
      "identity_check_seconds": 0.0021558349835686386,
      "state_hash_seconds": 0.00046871701488271356,
      "clone_seconds": 0.0,
      "restore_seconds": 0.0,
      "file_write_seconds": 5.8792007621377707e-05,
      "operation_seconds": 0.13035172899253666,
      "total_phase_seconds": 0.1330997790209949,
      "scope": "file writes include journal intent/add/flush; excludes this timing receipt and checkpoint writes",
      "mode": "stage4_sealed_cell",
      "banner": "sealed Stage 4; scientific admission also requires complete declared populations"
    },
    {
      "phase": "immediate:251",
      "identity_check_kind": "in_memory_structure_and_configuration",
      "recipe_verification_seconds": 0.0,
      "identity_verification_seconds": 0.0,
      "identity_check_seconds": 0.0021264090319164097,
      "state_hash_seconds": 0.019688836997374892,
      "clone_seconds": 0.0,
      "restore_seconds": 0.0,
      "file_write_seconds": 6.076600402593613e-05,
      "operation_seconds": 0.06139497400727123,
      "total_phase_seconds": 0.08337280998239294,
      "scope": "file writes include journal intent/add/flush; excludes this timing receipt and checkpoint writes",
      "mode": "stage4_sealed_cell",
      "banner": "sealed Stage 4; scientific admission also requires complete declared populations"
    },
    {
      "phase": "edit:252",
      "identity_check_kind": "in_memory_structure_and_configuration",
      "recipe_verification_seconds": 0.0,
      "identity_verification_seconds": 0.0,
      "identity_check_seconds": 0.002083977044094354,
      "state_hash_seconds": 0.0004565659910440445,
      "clone_seconds": 0.0,
      "restore_seconds": 0.0,
      "file_write_seconds": 6.175803719088435e-05,
      "operation_seconds": 0.13500819902401417,
      "total_phase_seconds": 0.13767435197951272,
      "scope": "file writes include journal intent/add/flush; excludes this timing receipt and checkpoint writes",
      "mode": "stage4_sealed_cell",
      "banner": "sealed Stage 4; scientific admission also requires complete declared populations"
    },
    {
      "phase": "immediate:252",
      "identity_check_kind": "in_memory_structure_and_configuration",
      "recipe_verification_seconds": 0.0,
      "identity_verification_seconds": 0.0,
      "identity_check_seconds": 0.002164209960028529,
      "state_hash_seconds": 0.0201170279760845,
      "clone_seconds": 0.0,
      "restore_seconds": 0.0,
      "file_write_seconds": 5.7831930462270975e-05,
      "operation_seconds": 0.060743405018001795,
      "total_phase_seconds": 0.08318896702257916,
      "scope": "file writes include journal intent/add/flush; excludes this timing receipt and checkpoint writes",
      "mode": "stage4_sealed_cell",
      "banner": "sealed Stage 4; scientific admission also requires complete declared populations"
    },
    {
      "phase": "edit:253",
      "identity_check_kind": "in_memory_structure_and_configuration",
      "recipe_verification_seconds": 0.0,
      "identity_verification_seconds": 0.0,
      "identity_check_seconds": 0.0021245849202387035,
      "state_hash_seconds": 0.00042427401058375835,
      "clone_seconds": 0.0,
      "restore_seconds": 0.0,
      "file_write_seconds": 6.007496267557144e-05,
      "operation_seconds": 0.13076169503619894,
      "total_phase_seconds": 0.13344434002647176,
      "scope": "file writes include journal intent/add/flush; excludes this timing receipt and checkpoint writes",
      "mode": "stage4_sealed_cell",
      "banner": "sealed Stage 4; scientific admission also requires complete declared populations"
    },
    {
      "phase": "immediate:253",
      "identity_check_kind": "in_memory_structure_and_configuration",
      "recipe_verification_seconds": 0.0,
      "identity_verification_seconds": 0.0,
      "identity_check_seconds": 0.0022556559997610748,
      "state_hash_seconds": 0.019960758043453097,
      "clone_seconds": 0.0,
      "restore_seconds": 0.0,
      "file_write_seconds": 5.86420064792037e-05,
      "operation_seconds": 0.062462532019708306,
      "total_phase_seconds": 0.08483334997436032,
      "scope": "file writes include journal intent/add/flush; excludes this timing receipt and checkpoint writes",
      "mode": "stage4_sealed_cell",
      "banner": "sealed Stage 4; scientific admission also requires complete declared populations"
    },
    {
      "phase": "edit:254",
      "identity_check_kind": "in_memory_structure_and_configuration",
      "recipe_verification_seconds": 0.0,
      "identity_verification_seconds": 0.0,
      "identity_check_seconds": 0.0022374200052581728,
      "state_hash_seconds": 0.00045636610593646765,
      "clone_seconds": 0.0,
      "restore_seconds": 0.0,
      "file_write_seconds": 6.91620516590774e-05,
      "operation_seconds": 0.18492762703681365,
      "total_phase_seconds": 0.18779127794550732,
      "scope": "file writes include journal intent/add/flush; excludes this timing receipt and checkpoint writes",
      "mode": "stage4_sealed_cell",
      "banner": "sealed Stage 4; scientific admission also requires complete declared populations"
    },
    {
      "phase": "immediate:254",
      "identity_check_kind": "in_memory_structure_and_configuration",
      "recipe_verification_seconds": 0.0,
      "identity_verification_seconds": 0.0,
      "identity_check_seconds": 0.002214275998994708,
      "state_hash_seconds": 0.020003759942483157,
      "clone_seconds": 0.0,
      "restore_seconds": 0.0,
      "file_write_seconds": 6.006599869579077e-05,
      "operation_seconds": 0.06541665602708235,
      "total_phase_seconds": 0.08780216402374208,
      "scope": "file writes include journal intent/add/flush; excludes this timing receipt and checkpoint writes",
      "mode": "stage4_sealed_cell",
      "banner": "sealed Stage 4; scientific admission also requires complete declared populations"
    },
    {
      "phase": "edit:255",
      "identity_check_kind": "in_memory_structure_and_configuration",
      "recipe_verification_seconds": 0.0,
      "identity_verification_seconds": 0.0,
      "identity_check_seconds": 0.0021108270157128572,
      "state_hash_seconds": 0.00048485095612704754,
      "clone_seconds": 0.0,
      "restore_seconds": 0.0,
      "file_write_seconds": 5.906302249059081e-05,
      "operation_seconds": 0.18632315302966163,
      "total_phase_seconds": 0.189045934996102,
      "scope": "file writes include journal intent/add/flush; excludes this timing receipt and checkpoint writes",
      "mode": "stage4_sealed_cell",
      "banner": "sealed Stage 4; scientific admission also requires complete declared populations"
    },
    {
      "phase": "immediate:255",
      "identity_check_kind": "in_memory_structure_and_configuration",
      "recipe_verification_seconds": 0.0,
      "identity_verification_seconds": 0.0,
      "identity_check_seconds": 0.0021141539909876883,
      "state_hash_seconds": 0.02029172208858654,
      "clone_seconds": 0.0,
      "restore_seconds": 0.0,
      "file_write_seconds": 6.317096995189786e-05,
      "operation_seconds": 0.08750016504200175,
      "total_phase_seconds": 0.11008436296833679,
      "scope": "file writes include journal intent/add/flush; excludes this timing receipt and checkpoint writes",
      "mode": "stage4_sealed_cell",
      "banner": "sealed Stage 4; scientific admission also requires complete declared populations"
    },
    {
      "phase": "edit:256",
      "identity_check_kind": "in_memory_structure_and_configuration",
      "recipe_verification_seconds": 0.0,
      "identity_verification_seconds": 0.0,
      "identity_check_seconds": 0.0022703330614604056,
      "state_hash_seconds": 0.0005434629856608808,
      "clone_seconds": 0.0,
      "restore_seconds": 0.0,
      "file_write_seconds": 6.091699469834566e-05,
      "operation_seconds": 0.24383905803551897,
      "total_phase_seconds": 0.24679759104037657,
      "scope": "file writes include journal intent/add/flush; excludes this timing receipt and checkpoint writes",
      "mode": "stage4_sealed_cell",
      "banner": "sealed Stage 4; scientific admission also requires complete declared populations"
    },
    {
      "phase": "immediate:256",
      "identity_check_kind": "in_memory_structure_and_configuration",
      "recipe_verification_seconds": 0.0,
      "identity_verification_seconds": 0.0,
      "identity_check_seconds": 0.0022099079797044396,
      "state_hash_seconds": 0.021069512993562967,
      "clone_seconds": 0.0,
      "restore_seconds": 0.0,
      "file_write_seconds": 6.0745980590581894e-05,
      "operation_seconds": 0.09319439501268789,
      "total_phase_seconds": 0.11664050602121279,
      "scope": "file writes include journal intent/add/flush; excludes this timing receipt and checkpoint writes",
      "mode": "stage4_sealed_cell",
      "banner": "sealed Stage 4; scientific admission also requires complete declared populations"
    },
    {
      "phase": "edit:257",
      "identity_check_kind": "in_memory_structure_and_configuration",
      "recipe_verification_seconds": 0.0,
      "identity_verification_seconds": 0.0,
      "identity_check_seconds": 0.0021663749357685447,
      "state_hash_seconds": 0.000433922978118062,
      "clone_seconds": 0.0,
      "restore_seconds": 0.0,
      "file_write_seconds": 5.956395762041211e-05,
      "operation_seconds": 0.0930418010102585,
      "total_phase_seconds": 0.09577084501506761,
      "scope": "file writes include journal intent/add/flush; excludes this timing receipt and checkpoint writes",
      "mode": "stage4_sealed_cell",
      "banner": "sealed Stage 4; scientific admission also requires complete declared populations"
    },
    {
      "phase": "immediate:257",
      "identity_check_kind": "in_memory_structure_and_configuration",
      "recipe_verification_seconds": 0.0,
      "identity_verification_seconds": 0.0,
      "identity_check_seconds": 0.002191161969676614,
      "state_hash_seconds": 0.019755696004722267,
      "clone_seconds": 0.0,
      "restore_seconds": 0.0,
      "file_write_seconds": 6.264098919928074e-05,
      "operation_seconds": 0.056999245018232614,
      "total_phase_seconds": 0.07911609701113775,
      "scope": "file writes include journal intent/add/flush; excludes this timing receipt and checkpoint writes",
      "mode": "stage4_sealed_cell",
      "banner": "sealed Stage 4; scientific admission also requires complete declared populations"
    },
    {
      "phase": "edit:258",
      "identity_check_kind": "in_memory_structure_and_configuration",
      "recipe_verification_seconds": 0.0,
      "identity_verification_seconds": 0.0,
      "identity_check_seconds": 0.002098092983942479,
      "state_hash_seconds": 0.00046808691695332527,
      "clone_seconds": 0.0,
      "restore_seconds": 0.0,
      "file_write_seconds": 5.90629642829299e-05,
      "operation_seconds": 0.09049118001712486,
      "total_phase_seconds": 0.09318078798241913,
      "scope": "file writes include journal intent/add/flush; excludes this timing receipt and checkpoint writes",
      "mode": "stage4_sealed_cell",
      "banner": "sealed Stage 4; scientific admission also requires complete declared populations"
    },
    {
      "phase": "immediate:258",
      "identity_check_kind": "in_memory_structure_and_configuration",
      "recipe_verification_seconds": 0.0,
      "identity_verification_seconds": 0.0,
      "identity_check_seconds": 0.001938136003445834,
      "state_hash_seconds": 0.02036832895828411,
      "clone_seconds": 0.0,
      "restore_seconds": 0.0,
      "file_write_seconds": 5.8221048675477505e-05,
      "operation_seconds": 0.05958385101985186,
      "total_phase_seconds": 0.0820434510242194,
      "scope": "file writes include journal intent/add/flush; excludes this timing receipt and checkpoint writes",
      "mode": "stage4_sealed_cell",
      "banner": "sealed Stage 4; scientific admission also requires complete declared populations"
    },
    {
      "phase": "edit:259",
      "identity_check_kind": "in_memory_structure_and_configuration",
      "recipe_verification_seconds": 0.0,
      "identity_verification_seconds": 0.0,
      "identity_check_seconds": 0.002158449962735176,
      "state_hash_seconds": 0.00043909100349992514,
      "clone_seconds": 0.0,
      "restore_seconds": 0.0,
      "file_write_seconds": 6.764900172129273e-05,
      "operation_seconds": 0.13523150695255026,
      "total_phase_seconds": 0.1379619839717634,
      "scope": "file writes include journal intent/add/flush; excludes this timing receipt and checkpoint writes",
      "mode": "stage4_sealed_cell",
      "banner": "sealed Stage 4; scientific admission also requires complete declared populations"
    },
    {
      "phase": "immediate:259",
      "identity_check_kind": "in_memory_structure_and_configuration",
      "recipe_verification_seconds": 0.0,
      "identity_verification_seconds": 0.0,
      "identity_check_seconds": 0.00215883000055328,
      "state_hash_seconds": 0.020153858000412583,
      "clone_seconds": 0.0,
      "restore_seconds": 0.0,
      "file_write_seconds": 5.8421981520950794e-05,
      "operation_seconds": 0.06209892395418137,
      "total_phase_seconds": 0.08456620899960399,
      "scope": "file writes include journal intent/add/flush; excludes this timing receipt and checkpoint writes",
      "mode": "stage4_sealed_cell",
      "banner": "sealed Stage 4; scientific admission also requires complete declared populations"
    },
    {
      "phase": "edit:260",
      "identity_check_kind": "in_memory_structure_and_configuration",
      "recipe_verification_seconds": 0.0,
      "identity_verification_seconds": 0.0,
      "identity_check_seconds": 0.0020525060244835913,
      "state_hash_seconds": 0.0004065289977006614,
      "clone_seconds": 0.0,
      "restore_seconds": 0.0,
      "file_write_seconds": 6.385298911482096e-05,
      "operation_seconds": 0.12386327603599057,
      "total_phase_seconds": 0.1264464799896814,
      "scope": "file writes include journal intent/add/flush; excludes this timing receipt and checkpoint writes",
      "mode": "stage4_sealed_cell",
      "banner": "sealed Stage 4; scientific admission also requires complete declared populations"
    },
    {
      "phase": "immediate:260",
      "identity_check_kind": "in_memory_structure_and_configuration",
      "recipe_verification_seconds": 0.0,
      "identity_verification_seconds": 0.0,
      "identity_check_seconds": 0.002179610019084066,
      "state_hash_seconds": 0.020243348961230367,
      "clone_seconds": 0.0,
      "restore_seconds": 0.0,
      "file_write_seconds": 0.00484309799503535,
      "operation_seconds": 0.06268699199426919,
      "total_phase_seconds": 0.09005284000886604,
      "scope": "file writes include journal intent/add/flush; excludes this timing receipt and checkpoint writes",
      "mode": "stage4_sealed_cell",
      "banner": "sealed Stage 4; scientific admission also requires complete declared populations"
    },
    {
      "phase": "edit:261",
      "identity_check_kind": "in_memory_structure_and_configuration",
      "recipe_verification_seconds": 0.0,
      "identity_verification_seconds": 0.0,
      "identity_check_seconds": 0.0022369600483216345,
      "state_hash_seconds": 0.0005170509684830904,
      "clone_seconds": 0.0,
      "restore_seconds": 0.0,
      "file_write_seconds": 0.0011676489957608283,
      "operation_seconds": 0.12777530896710232,
      "total_phase_seconds": 0.13176888599991798,
      "scope": "file writes include journal intent/add/flush; excludes this timing receipt and checkpoint writes",
      "mode": "stage4_sealed_cell",
      "banner": "sealed Stage 4; scientific admission also requires complete declared populations"
    },
    {
      "phase": "immediate:261",
      "identity_check_kind": "in_memory_structure_and_configuration",
      "recipe_verification_seconds": 0.0,
      "identity_verification_seconds": 0.0,
      "identity_check_seconds": 0.002411915047559887,
      "state_hash_seconds": 0.02098749706055969,
      "clone_seconds": 0.0,
      "restore_seconds": 0.0,
      "file_write_seconds": 6.243900861591101e-05,
      "operation_seconds": 0.06200195802375674,
      "total_phase_seconds": 0.08556369098369032,
      "scope": "file writes include journal intent/add/flush; excludes this timing receipt and checkpoint writes",
      "mode": "stage4_sealed_cell",
      "banner": "sealed Stage 4; scientific admission also requires complete declared populations"
    },
    {
      "phase": "edit:262",
      "identity_check_kind": "in_memory_structure_and_configuration",
      "recipe_verification_seconds": 0.0,
      "identity_verification_seconds": 0.0,
      "identity_check_seconds": 0.0025714400107972324,
      "state_hash_seconds": 0.000512082944624126,
      "clone_seconds": 0.0,
      "restore_seconds": 0.0,
      "file_write_seconds": 6.001500878483057e-05,
      "operation_seconds": 0.10367599502205849,
      "total_phase_seconds": 0.10689012799412012,
      "scope": "file writes include journal intent/add/flush; excludes this timing receipt and checkpoint writes",
      "mode": "stage4_sealed_cell",
      "banner": "sealed Stage 4; scientific admission also requires complete declared populations"
    },
    {
      "phase": "immediate:262",
      "identity_check_kind": "in_memory_structure_and_configuration",
      "recipe_verification_seconds": 0.0,
      "identity_verification_seconds": 0.0,
      "identity_check_seconds": 0.002235196065157652,
      "state_hash_seconds": 0.020763585984241217,
      "clone_seconds": 0.0,
      "restore_seconds": 0.0,
      "file_write_seconds": 6.225897232070565e-05,
      "operation_seconds": 0.0627554229577072,
      "total_phase_seconds": 0.08592030499130487,
      "scope": "file writes include journal intent/add/flush; excludes this timing receipt and checkpoint writes",
      "mode": "stage4_sealed_cell",
      "banner": "sealed Stage 4; scientific admission also requires complete declared populations"
    },
    {
      "phase": "edit:263",
      "identity_check_kind": "in_memory_structure_and_configuration",
      "recipe_verification_seconds": 0.0,
      "identity_verification_seconds": 0.0,
      "identity_check_seconds": 0.0021347629954107106,
      "state_hash_seconds": 0.0005106889875605702,
      "clone_seconds": 0.0,
      "restore_seconds": 0.0,
      "file_write_seconds": 6.372202187776566e-05,
      "operation_seconds": 0.10123046400258318,
      "total_phase_seconds": 0.10402043501380831,
      "scope": "file writes include journal intent/add/flush; excludes this timing receipt and checkpoint writes",
      "mode": "stage4_sealed_cell",
      "banner": "sealed Stage 4; scientific admission also requires complete declared populations"
    },
    {
      "phase": "immediate:263",
      "identity_check_kind": "in_memory_structure_and_configuration",
      "recipe_verification_seconds": 0.0,
      "identity_verification_seconds": 0.0,
      "identity_check_seconds": 0.0020565849845297635,
      "state_hash_seconds": 0.02082969300681725,
      "clone_seconds": 0.0,
      "restore_seconds": 0.0,
      "file_write_seconds": 6.049597868695855e-05,
      "operation_seconds": 0.060530637041665614,
      "total_phase_seconds": 0.08357548800995573,
      "scope": "file writes include journal intent/add/flush; excludes this timing receipt and checkpoint writes",
      "mode": "stage4_sealed_cell",
      "banner": "sealed Stage 4; scientific admission also requires complete declared populations"
    },
    {
      "phase": "edit:264",
      "identity_check_kind": "in_memory_structure_and_configuration",
      "recipe_verification_seconds": 0.0,
      "identity_verification_seconds": 0.0,
      "identity_check_seconds": 0.0021430199849419296,
      "state_hash_seconds": 0.00048626301577314734,
      "clone_seconds": 0.0,
      "restore_seconds": 0.0,
      "file_write_seconds": 6.0695980209857225e-05,
      "operation_seconds": 0.08864868700038642,
      "total_phase_seconds": 0.09140882000792772,
      "scope": "file writes include journal intent/add/flush; excludes this timing receipt and checkpoint writes",
      "mode": "stage4_sealed_cell",
      "banner": "sealed Stage 4; scientific admission also requires complete declared populations"
    },
    {
      "phase": "immediate:264",
      "identity_check_kind": "in_memory_structure_and_configuration",
      "recipe_verification_seconds": 0.0,
      "identity_verification_seconds": 0.0,
      "identity_check_seconds": 0.002103423001244664,
      "state_hash_seconds": 0.02084580500377342,
      "clone_seconds": 0.0,
      "restore_seconds": 0.0,
      "file_write_seconds": 6.025505717843771e-05,
      "operation_seconds": 0.06280791299650446,
      "total_phase_seconds": 0.08591894200071692,
      "scope": "file writes include journal intent/add/flush; excludes this timing receipt and checkpoint writes",
      "mode": "stage4_sealed_cell",
      "banner": "sealed Stage 4; scientific admission also requires complete declared populations"
    },
    {
      "phase": "edit:265",
      "identity_check_kind": "in_memory_structure_and_configuration",
      "recipe_verification_seconds": 0.0,
      "identity_verification_seconds": 0.0,
      "identity_check_seconds": 0.002336750039830804,
      "state_hash_seconds": 0.0005084259901195765,
      "clone_seconds": 0.0,
      "restore_seconds": 0.0,
      "file_write_seconds": 7.038394687697291e-05,
      "operation_seconds": 0.12182745203608647,
      "total_phase_seconds": 0.12481089396169409,
      "scope": "file writes include journal intent/add/flush; excludes this timing receipt and checkpoint writes",
      "mode": "stage4_sealed_cell",
      "banner": "sealed Stage 4; scientific admission also requires complete declared populations"
    },
    {
      "phase": "immediate:265",
      "identity_check_kind": "in_memory_structure_and_configuration",
      "recipe_verification_seconds": 0.0,
      "identity_verification_seconds": 0.0,
      "identity_check_seconds": 0.0026423270464874804,
      "state_hash_seconds": 0.022972243081312627,
      "clone_seconds": 0.0,
      "restore_seconds": 0.0,
      "file_write_seconds": 6.035499973222613e-05,
      "operation_seconds": 0.07320316799450666,
      "total_phase_seconds": 0.09898551000514999,
      "scope": "file writes include journal intent/add/flush; excludes this timing receipt and checkpoint writes",
      "mode": "stage4_sealed_cell",
      "banner": "sealed Stage 4; scientific admission also requires complete declared populations"
    },
    {
      "phase": "edit:266",
      "identity_check_kind": "in_memory_structure_and_configuration",
      "recipe_verification_seconds": 0.0,
      "identity_verification_seconds": 0.0,
      "identity_check_seconds": 0.0021842390997335315,
      "state_hash_seconds": 0.00047753500984981656,
      "clone_seconds": 0.0,
      "restore_seconds": 0.0,
      "file_write_seconds": 5.904404679313302e-05,
      "operation_seconds": 0.2429233220173046,
      "total_phase_seconds": 0.24571305100107566,
      "scope": "file writes include journal intent/add/flush; excludes this timing receipt and checkpoint writes",
      "mode": "stage4_sealed_cell",
      "banner": "sealed Stage 4; scientific admission also requires complete declared populations"
    },
    {
      "phase": "immediate:266",
      "identity_check_kind": "in_memory_structure_and_configuration",
      "recipe_verification_seconds": 0.0,
      "identity_verification_seconds": 0.0,
      "identity_check_seconds": 0.0023923470289446414,
      "state_hash_seconds": 0.020916759967803955,
      "clone_seconds": 0.0,
      "restore_seconds": 0.0,
      "file_write_seconds": 6.126804510131478e-05,
      "operation_seconds": 0.09336348803481087,
      "total_phase_seconds": 0.11683916702168062,
      "scope": "file writes include journal intent/add/flush; excludes this timing receipt and checkpoint writes",
      "mode": "stage4_sealed_cell",
      "banner": "sealed Stage 4; scientific admission also requires complete declared populations"
    },
    {
      "phase": "edit:267",
      "identity_check_kind": "in_memory_structure_and_configuration",
      "recipe_verification_seconds": 0.0,
      "identity_verification_seconds": 0.0,
      "identity_check_seconds": 0.0022503859945572913,
      "state_hash_seconds": 0.0004931450239382684,
      "clone_seconds": 0.0,
      "restore_seconds": 0.0,
      "file_write_seconds": 6.273004692047834e-05,
      "operation_seconds": 0.4042375870049,
      "total_phase_seconds": 0.40712516399798915,
      "scope": "file writes include journal intent/add/flush; excludes this timing receipt and checkpoint writes",
      "mode": "stage4_sealed_cell",
      "banner": "sealed Stage 4; scientific admission also requires complete declared populations"
    },
    {
      "phase": "immediate:267",
      "identity_check_kind": "in_memory_structure_and_configuration",
      "recipe_verification_seconds": 0.0,
      "identity_verification_seconds": 0.0,
      "identity_check_seconds": 0.002112290996592492,
      "state_hash_seconds": 0.020990231016185135,
      "clone_seconds": 0.0,
      "restore_seconds": 0.0,
      "file_write_seconds": 5.967402830719948e-05,
      "operation_seconds": 0.10380195605102926,
      "total_phase_seconds": 0.12706210097530857,
      "scope": "file writes include journal intent/add/flush; excludes this timing receipt and checkpoint writes",
      "mode": "stage4_sealed_cell",
      "banner": "sealed Stage 4; scientific admission also requires complete declared populations"
    },
    {
      "phase": "edit:268",
      "identity_check_kind": "in_memory_structure_and_configuration",
      "recipe_verification_seconds": 0.0,
      "identity_verification_seconds": 0.0,
      "identity_check_seconds": 0.002230627986136824,
      "state_hash_seconds": 0.00048298598267138004,
      "clone_seconds": 0.0,
      "restore_seconds": 0.0,
      "file_write_seconds": 6.297096842899919e-05,
      "operation_seconds": 0.31526991800637916,
      "total_phase_seconds": 0.31811971199931577,
      "scope": "file writes include journal intent/add/flush; excludes this timing receipt and checkpoint writes",
      "mode": "stage4_sealed_cell",
      "banner": "sealed Stage 4; scientific admission also requires complete declared populations"
    },
    {
      "phase": "immediate:268",
      "identity_check_kind": "in_memory_structure_and_configuration",
      "recipe_verification_seconds": 0.0,
      "identity_verification_seconds": 0.0,
      "identity_check_seconds": 0.0021037639817222953,
      "state_hash_seconds": 0.02088769496185705,
      "clone_seconds": 0.0,
      "restore_seconds": 0.0,
      "file_write_seconds": 6.406300235539675e-05,
      "operation_seconds": 0.10216451599262655,
      "total_phase_seconds": 0.12531636300263926,
      "scope": "file writes include journal intent/add/flush; excludes this timing receipt and checkpoint writes",
      "mode": "stage4_sealed_cell",
      "banner": "sealed Stage 4; scientific admission also requires complete declared populations"
    },
    {
      "phase": "edit:269",
      "identity_check_kind": "in_memory_structure_and_configuration",
      "recipe_verification_seconds": 0.0,
      "identity_verification_seconds": 0.0,
      "identity_check_seconds": 0.002288548042997718,
      "state_hash_seconds": 0.0004914419841952622,
      "clone_seconds": 0.0,
      "restore_seconds": 0.0,
      "file_write_seconds": 5.99650084041059e-05,
      "operation_seconds": 0.28330558096058667,
      "total_phase_seconds": 0.2862156109767966,
      "scope": "file writes include journal intent/add/flush; excludes this timing receipt and checkpoint writes",
      "mode": "stage4_sealed_cell",
      "banner": "sealed Stage 4; scientific admission also requires complete declared populations"
    },
    {
      "phase": "immediate:269",
      "identity_check_kind": "in_memory_structure_and_configuration",
      "recipe_verification_seconds": 0.0,
      "identity_verification_seconds": 0.0,
      "identity_check_seconds": 0.002256868057884276,
      "state_hash_seconds": 0.020762006053701043,
      "clone_seconds": 0.0,
      "restore_seconds": 0.0,
      "file_write_seconds": 5.820102524012327e-05,
      "operation_seconds": 0.08871196798281744,
      "total_phase_seconds": 0.11188307299744338,
      "scope": "file writes include journal intent/add/flush; excludes this timing receipt and checkpoint writes",
      "mode": "stage4_sealed_cell",
      "banner": "sealed Stage 4; scientific admission also requires complete declared populations"
    },
    {
      "phase": "edit:270",
      "identity_check_kind": "in_memory_structure_and_configuration",
      "recipe_verification_seconds": 0.0,
      "identity_verification_seconds": 0.0,
      "identity_check_seconds": 0.0021657029865309596,
      "state_hash_seconds": 0.0004851710400544107,
      "clone_seconds": 0.0,
      "restore_seconds": 0.0,
      "file_write_seconds": 5.9083045925945044e-05,
      "operation_seconds": 0.1850720139918849,
      "total_phase_seconds": 0.187854279007297,
      "scope": "file writes include journal intent/add/flush; excludes this timing receipt and checkpoint writes",
      "mode": "stage4_sealed_cell",
      "banner": "sealed Stage 4; scientific admission also requires complete declared populations"
    },
    {
      "phase": "immediate:270",
      "identity_check_kind": "in_memory_structure_and_configuration",
      "recipe_verification_seconds": 0.0,
      "identity_verification_seconds": 0.0,
      "identity_check_seconds": 0.002173540007788688,
      "state_hash_seconds": 0.021088769077323377,
      "clone_seconds": 0.0,
      "restore_seconds": 0.0,
      "file_write_seconds": 6.03859662078321e-05,
      "operation_seconds": 0.06789869599742815,
      "total_phase_seconds": 0.09131390799302608,
      "scope": "file writes include journal intent/add/flush; excludes this timing receipt and checkpoint writes",
      "mode": "stage4_sealed_cell",
      "banner": "sealed Stage 4; scientific admission also requires complete declared populations"
    },
    {
      "phase": "edit:271",
      "identity_check_kind": "in_memory_structure_and_configuration",
      "recipe_verification_seconds": 0.0,
      "identity_verification_seconds": 0.0,
      "identity_check_seconds": 0.0023069939925335348,
      "state_hash_seconds": 0.0004702009609900415,
      "clone_seconds": 0.0,
      "restore_seconds": 0.0,
      "file_write_seconds": 5.9304002206772566e-05,
      "operation_seconds": 0.1386324490304105,
      "total_phase_seconds": 0.14153156901011243,
      "scope": "file writes include journal intent/add/flush; excludes this timing receipt and checkpoint writes",
      "mode": "stage4_sealed_cell",
      "banner": "sealed Stage 4; scientific admission also requires complete declared populations"
    },
    {
      "phase": "immediate:271",
      "identity_check_kind": "in_memory_structure_and_configuration",
      "recipe_verification_seconds": 0.0,
      "identity_verification_seconds": 0.0,
      "identity_check_seconds": 0.0021757619688287377,
      "state_hash_seconds": 0.021384317020419985,
      "clone_seconds": 0.0,
      "restore_seconds": 0.0,
      "file_write_seconds": 5.867303116247058e-05,
      "operation_seconds": 0.0640294459881261,
      "total_phase_seconds": 0.08774251997238025,
      "scope": "file writes include journal intent/add/flush; excludes this timing receipt and checkpoint writes",
      "mode": "stage4_sealed_cell",
      "banner": "sealed Stage 4; scientific admission also requires complete declared populations"
    },
    {
      "phase": "edit:272",
      "identity_check_kind": "in_memory_structure_and_configuration",
      "recipe_verification_seconds": 0.0,
      "identity_verification_seconds": 0.0,
      "identity_check_seconds": 0.002245325013063848,
      "state_hash_seconds": 0.00046973995631560683,
      "clone_seconds": 0.0,
      "restore_seconds": 0.0,
      "file_write_seconds": 6.020499859005213e-05,
      "operation_seconds": 0.09058862703386694,
      "total_phase_seconds": 0.09342974500032142,
      "scope": "file writes include journal intent/add/flush; excludes this timing receipt and checkpoint writes",
      "mode": "stage4_sealed_cell",
      "banner": "sealed Stage 4; scientific admission also requires complete declared populations"
    },
    {
      "phase": "immediate:272",
      "identity_check_kind": "in_memory_structure_and_configuration",
      "recipe_verification_seconds": 0.0,
      "identity_verification_seconds": 0.0,
      "identity_check_seconds": 0.001976661034859717,
      "state_hash_seconds": 0.02124178397934884,
      "clone_seconds": 0.0,
      "restore_seconds": 0.0,
      "file_write_seconds": 5.813204916194081e-05,
      "operation_seconds": 0.05935619497904554,
      "total_phase_seconds": 0.08272340503754094,
      "scope": "file writes include journal intent/add/flush; excludes this timing receipt and checkpoint writes",
      "mode": "stage4_sealed_cell",
      "banner": "sealed Stage 4; scientific admission also requires complete declared populations"
    },
    {
      "phase": "edit:273",
      "identity_check_kind": "in_memory_structure_and_configuration",
      "recipe_verification_seconds": 0.0,
      "identity_verification_seconds": 0.0,
      "identity_check_seconds": 0.002227161021437496,
      "state_hash_seconds": 0.0004778070724569261,
      "clone_seconds": 0.0,
      "restore_seconds": 0.0,
      "file_write_seconds": 6.694800686091185e-05,
      "operation_seconds": 0.17285246099345386,
      "total_phase_seconds": 0.17569155496312305,
      "scope": "file writes include journal intent/add/flush; excludes this timing receipt and checkpoint writes",
      "mode": "stage4_sealed_cell",
      "banner": "sealed Stage 4; scientific admission also requires complete declared populations"
    },
    {
      "phase": "immediate:273",
      "identity_check_kind": "in_memory_structure_and_configuration",
      "recipe_verification_seconds": 0.0,
      "identity_verification_seconds": 0.0,
      "identity_check_seconds": 0.002177865942940116,
      "state_hash_seconds": 0.02119831199524924,
      "clone_seconds": 0.0,
      "restore_seconds": 0.0,
      "file_write_seconds": 6.29010028205812e-05,
      "operation_seconds": 0.07078984996769577,
      "total_phase_seconds": 0.09433721599634737,
      "scope": "file writes include journal intent/add/flush; excludes this timing receipt and checkpoint writes",
      "mode": "stage4_sealed_cell",
      "banner": "sealed Stage 4; scientific admission also requires complete declared populations"
    },
    {
      "phase": "edit:274",
      "identity_check_kind": "in_memory_structure_and_configuration",
      "recipe_verification_seconds": 0.0,
      "identity_verification_seconds": 0.0,
      "identity_check_seconds": 0.002037939033471048,
      "state_hash_seconds": 0.000433431938290596,
      "clone_seconds": 0.0,
      "restore_seconds": 0.0,
      "file_write_seconds": 5.841301754117012e-05,
      "operation_seconds": 0.0906485720188357,
      "total_phase_seconds": 0.09324150503380224,
      "scope": "file writes include journal intent/add/flush; excludes this timing receipt and checkpoint writes",
      "mode": "stage4_sealed_cell",
      "banner": "sealed Stage 4; scientific admission also requires complete declared populations"
    },
    {
      "phase": "immediate:274",
      "identity_check_kind": "in_memory_structure_and_configuration",
      "recipe_verification_seconds": 0.0,
      "identity_verification_seconds": 0.0,
      "identity_check_seconds": 0.0019665919826366007,
      "state_hash_seconds": 0.02132323000114411,
      "clone_seconds": 0.0,
      "restore_seconds": 0.0,
      "file_write_seconds": 5.978503031656146e-05,
      "operation_seconds": 0.05952569900546223,
      "total_phase_seconds": 0.0829646970378235,
      "scope": "file writes include journal intent/add/flush; excludes this timing receipt and checkpoint writes",
      "mode": "stage4_sealed_cell",
      "banner": "sealed Stage 4; scientific admission also requires complete declared populations"
    },
    {
      "phase": "edit:275",
      "identity_check_kind": "in_memory_structure_and_configuration",
      "recipe_verification_seconds": 0.0,
      "identity_verification_seconds": 0.0,
      "identity_check_seconds": 0.0022667459561489522,
      "state_hash_seconds": 0.0005583500023931265,
      "clone_seconds": 0.0,
      "restore_seconds": 0.0,
      "file_write_seconds": 6.049498915672302e-05,
      "operation_seconds": 0.165931177965831,
      "total_phase_seconds": 0.16889178502606228,
      "scope": "file writes include journal intent/add/flush; excludes this timing receipt and checkpoint writes",
      "mode": "stage4_sealed_cell",
      "banner": "sealed Stage 4; scientific admission also requires complete declared populations"
    },
    {
      "phase": "immediate:275",
      "identity_check_kind": "in_memory_structure_and_configuration",
      "recipe_verification_seconds": 0.0,
      "identity_verification_seconds": 0.0,
      "identity_check_seconds": 0.0023645140463486314,
      "state_hash_seconds": 0.02173921902431175,
      "clone_seconds": 0.0,
      "restore_seconds": 0.0,
      "file_write_seconds": 6.697903154417872e-05,
      "operation_seconds": 0.07077025197213516,
      "total_phase_seconds": 0.09504999301861972,
      "scope": "file writes include journal intent/add/flush; excludes this timing receipt and checkpoint writes",
      "mode": "stage4_sealed_cell",
      "banner": "sealed Stage 4; scientific admission also requires complete declared populations"
    },
    {
      "phase": "edit:276",
      "identity_check_kind": "in_memory_structure_and_configuration",
      "recipe_verification_seconds": 0.0,
      "identity_verification_seconds": 0.0,
      "identity_check_seconds": 0.00218426896026358,
      "state_hash_seconds": 0.0005500850384123623,
      "clone_seconds": 0.0,
      "restore_seconds": 0.0,
      "file_write_seconds": 6.0105056036263704e-05,
      "operation_seconds": 0.24293573602335528,
      "total_phase_seconds": 0.2458063710364513,
      "scope": "file writes include journal intent/add/flush; excludes this timing receipt and checkpoint writes",
      "mode": "stage4_sealed_cell",
      "banner": "sealed Stage 4; scientific admission also requires complete declared populations"
    },
    {
      "phase": "immediate:276",
      "identity_check_kind": "in_memory_structure_and_configuration",
      "recipe_verification_seconds": 0.0,
      "identity_verification_seconds": 0.0,
      "identity_check_seconds": 0.002170391962863505,
      "state_hash_seconds": 0.021886809961870313,
      "clone_seconds": 0.0,
      "restore_seconds": 0.0,
      "file_write_seconds": 0.01574820902897045,
      "operation_seconds": 0.0910151059506461,
      "total_phase_seconds": 0.13092004897771403,
      "scope": "file writes include journal intent/add/flush; excludes this timing receipt and checkpoint writes",
      "mode": "stage4_sealed_cell",
      "banner": "sealed Stage 4; scientific admission also requires complete declared populations"
    },
    {
      "phase": "edit:277",
      "identity_check_kind": "in_memory_structure_and_configuration",
      "recipe_verification_seconds": 0.0,
      "identity_verification_seconds": 0.0,
      "identity_check_seconds": 0.002267959003802389,
      "state_hash_seconds": 0.0005382110248319805,
      "clone_seconds": 0.0,
      "restore_seconds": 0.0,
      "file_write_seconds": 0.0012138680322095752,
      "operation_seconds": 0.16559961199527606,
      "total_phase_seconds": 0.1696935020154342,
      "scope": "file writes include journal intent/add/flush; excludes this timing receipt and checkpoint writes",
      "mode": "stage4_sealed_cell",
      "banner": "sealed Stage 4; scientific admission also requires complete declared populations"
    },
    {
      "phase": "immediate:277",
      "identity_check_kind": "in_memory_structure_and_configuration",
      "recipe_verification_seconds": 0.0,
      "identity_verification_seconds": 0.0,
      "identity_check_seconds": 0.0021159989992156625,
      "state_hash_seconds": 0.02156291005667299,
      "clone_seconds": 0.0,
      "restore_seconds": 0.0,
      "file_write_seconds": 6.43039820715785e-05,
      "operation_seconds": 0.08038923796266317,
      "total_phase_seconds": 0.10422895499505103,
      "scope": "file writes include journal intent/add/flush; excludes this timing receipt and checkpoint writes",
      "mode": "stage4_sealed_cell",
      "banner": "sealed Stage 4; scientific admission also requires complete declared populations"
    },
    {
      "phase": "edit:278",
      "identity_check_kind": "in_memory_structure_and_configuration",
      "recipe_verification_seconds": 0.0,
      "identity_verification_seconds": 0.0,
      "identity_check_seconds": 0.002133061003405601,
      "state_hash_seconds": 0.0004978940123692155,
      "clone_seconds": 0.0,
      "restore_seconds": 0.0,
      "file_write_seconds": 6.117700831964612e-05,
      "operation_seconds": 0.12625970202498138,
      "total_phase_seconds": 0.1290219590300694,
      "scope": "file writes include journal intent/add/flush; excludes this timing receipt and checkpoint writes",
      "mode": "stage4_sealed_cell",
      "banner": "sealed Stage 4; scientific admission also requires complete declared populations"
    },
    {
      "phase": "immediate:278",
      "identity_check_kind": "in_memory_structure_and_configuration",
      "recipe_verification_seconds": 0.0,
      "identity_verification_seconds": 0.0,
      "identity_check_seconds": 0.0021148050436750054,
      "state_hash_seconds": 0.02200482797343284,
      "clone_seconds": 0.0,
      "restore_seconds": 0.0,
      "file_write_seconds": 7.53050553612411e-05,
      "operation_seconds": 0.06583306496031582,
      "total_phase_seconds": 0.09013824403518811,
      "scope": "file writes include journal intent/add/flush; excludes this timing receipt and checkpoint writes",
      "mode": "stage4_sealed_cell",
      "banner": "sealed Stage 4; scientific admission also requires complete declared populations"
    },
    {
      "phase": "edit:279",
      "identity_check_kind": "in_memory_structure_and_configuration",
      "recipe_verification_seconds": 0.0,
      "identity_verification_seconds": 0.0,
      "identity_check_seconds": 0.0022655139910057187,
      "state_hash_seconds": 0.0005690900143235922,
      "clone_seconds": 0.0,
      "restore_seconds": 0.0,
      "file_write_seconds": 6.244896212592721e-05,
      "operation_seconds": 0.12922426802106202,
      "total_phase_seconds": 0.132201366010122,
      "scope": "file writes include journal intent/add/flush; excludes this timing receipt and checkpoint writes",
      "mode": "stage4_sealed_cell",
      "banner": "sealed Stage 4; scientific admission also requires complete declared populations"
    },
    {
      "phase": "immediate:279",
      "identity_check_kind": "in_memory_structure_and_configuration",
      "recipe_verification_seconds": 0.0,
      "identity_verification_seconds": 0.0,
      "identity_check_seconds": 0.0021392119815573096,
      "state_hash_seconds": 0.02200088102836162,
      "clone_seconds": 0.0,
      "restore_seconds": 0.0,
      "file_write_seconds": 5.9924961533397436e-05,
      "operation_seconds": 0.06491451297188178,
      "total_phase_seconds": 0.08920787996612489,
      "scope": "file writes include journal intent/add/flush; excludes this timing receipt and checkpoint writes",
      "mode": "stage4_sealed_cell",
      "banner": "sealed Stage 4; scientific admission also requires complete declared populations"
    },
    {
      "phase": "edit:280",
      "identity_check_kind": "in_memory_structure_and_configuration",
      "recipe_verification_seconds": 0.0,
      "identity_verification_seconds": 0.0,
      "identity_check_seconds": 0.0021134239505045116,
      "state_hash_seconds": 0.00046488206135109067,
      "clone_seconds": 0.0,
      "restore_seconds": 0.0,
      "file_write_seconds": 5.936401430517435e-05,
      "operation_seconds": 0.2080154109862633,
      "total_phase_seconds": 0.2107144669862464,
      "scope": "file writes include journal intent/add/flush; excludes this timing receipt and checkpoint writes",
      "mode": "stage4_sealed_cell",
      "banner": "sealed Stage 4; scientific admission also requires complete declared populations"
    },
    {
      "phase": "immediate:280",
      "identity_check_kind": "in_memory_structure_and_configuration",
      "recipe_verification_seconds": 0.0,
      "identity_verification_seconds": 0.0,
      "identity_check_seconds": 0.002135185000952333,
      "state_hash_seconds": 0.022061355062760413,
      "clone_seconds": 0.0,
      "restore_seconds": 0.0,
      "file_write_seconds": 6.0134974773973227e-05,
      "operation_seconds": 0.08102279400918633,
      "total_phase_seconds": 0.10537429200485349,
      "scope": "file writes include journal intent/add/flush; excludes this timing receipt and checkpoint writes",
      "mode": "stage4_sealed_cell",
      "banner": "sealed Stage 4; scientific admission also requires complete declared populations"
    },
    {
      "phase": "edit:281",
      "identity_check_kind": "in_memory_structure_and_configuration",
      "recipe_verification_seconds": 0.0,
      "identity_verification_seconds": 0.0,
      "identity_check_seconds": 0.0023116720258258283,
      "state_hash_seconds": 0.000559731968678534,
      "clone_seconds": 0.0,
      "restore_seconds": 0.0,
      "file_write_seconds": 6.03349762968719e-05,
      "operation_seconds": 0.09944447001907974,
      "total_phase_seconds": 0.10245148598914966,
      "scope": "file writes include journal intent/add/flush; excludes this timing receipt and checkpoint writes",
      "mode": "stage4_sealed_cell",
      "banner": "sealed Stage 4; scientific admission also requires complete declared populations"
    },
    {
      "phase": "immediate:281",
      "identity_check_kind": "in_memory_structure_and_configuration",
      "recipe_verification_seconds": 0.0,
      "identity_verification_seconds": 0.0,
      "identity_check_seconds": 0.0020150330383330584,
      "state_hash_seconds": 0.0221582519588992,
      "clone_seconds": 0.0,
      "restore_seconds": 0.0,
      "file_write_seconds": 6.008503260090947e-05,
      "operation_seconds": 0.06604932999471202,
      "total_phase_seconds": 0.09037670097313821,
      "scope": "file writes include journal intent/add/flush; excludes this timing receipt and checkpoint writes",
      "mode": "stage4_sealed_cell",
      "banner": "sealed Stage 4; scientific admission also requires complete declared populations"
    },
    {
      "phase": "edit:282",
      "identity_check_kind": "in_memory_structure_and_configuration",
      "recipe_verification_seconds": 0.0,
      "identity_verification_seconds": 0.0,
      "identity_check_seconds": 0.002109805936925113,
      "state_hash_seconds": 0.0005044260178692639,
      "clone_seconds": 0.0,
      "restore_seconds": 0.0,
      "file_write_seconds": 6.024603499099612e-05,
      "operation_seconds": 0.09178630396490917,
      "total_phase_seconds": 0.09452555701136589,
      "scope": "file writes include journal intent/add/flush; excludes this timing receipt and checkpoint writes",
      "mode": "stage4_sealed_cell",
      "banner": "sealed Stage 4; scientific admission also requires complete declared populations"
    },
    {
      "phase": "immediate:282",
      "identity_check_kind": "in_memory_structure_and_configuration",
      "recipe_verification_seconds": 0.0,
      "identity_verification_seconds": 0.0,
      "identity_check_seconds": 0.0020068089943379164,
      "state_hash_seconds": 0.021942346065770835,
      "clone_seconds": 0.0,
      "restore_seconds": 0.0,
      "file_write_seconds": 6.0255988501012325e-05,
      "operation_seconds": 0.060998474014922976,
      "total_phase_seconds": 0.08509697701083496,
      "scope": "file writes include journal intent/add/flush; excludes this timing receipt and checkpoint writes",
      "mode": "stage4_sealed_cell",
      "banner": "sealed Stage 4; scientific admission also requires complete declared populations"
    },
    {
      "phase": "edit:283",
      "identity_check_kind": "in_memory_structure_and_configuration",
      "recipe_verification_seconds": 0.0,
      "identity_verification_seconds": 0.0,
      "identity_check_seconds": 0.002167367027141154,
      "state_hash_seconds": 0.0004940179642289877,
      "clone_seconds": 0.0,
      "restore_seconds": 0.0,
      "file_write_seconds": 5.88840339332819e-05,
      "operation_seconds": 0.08844366401899606,
      "total_phase_seconds": 0.09123008698225021,
      "scope": "file writes include journal intent/add/flush; excludes this timing receipt and checkpoint writes",
      "mode": "stage4_sealed_cell",
      "banner": "sealed Stage 4; scientific admission also requires complete declared populations"
    },
    {
      "phase": "immediate:283",
      "identity_check_kind": "in_memory_structure_and_configuration",
      "recipe_verification_seconds": 0.0,
      "identity_verification_seconds": 0.0,
      "identity_check_seconds": 0.0020014590700156987,
      "state_hash_seconds": 0.022481220948975533,
      "clone_seconds": 0.0,
      "restore_seconds": 0.0,
      "file_write_seconds": 5.759095074608922e-05,
      "operation_seconds": 0.06304159201681614,
      "total_phase_seconds": 0.08767829596763477,
      "scope": "file writes include journal intent/add/flush; excludes this timing receipt and checkpoint writes",
      "mode": "stage4_sealed_cell",
      "banner": "sealed Stage 4; scientific admission also requires complete declared populations"
    },
    {
      "phase": "edit:284",
      "identity_check_kind": "in_memory_structure_and_configuration",
      "recipe_verification_seconds": 0.0,
      "identity_verification_seconds": 0.0,
      "identity_check_seconds": 0.002225407981313765,
      "state_hash_seconds": 0.00047450006240978837,
      "clone_seconds": 0.0,
      "restore_seconds": 0.0,
      "file_write_seconds": 6.656895857304335e-05,
      "operation_seconds": 0.2786151060136035,
      "total_phase_seconds": 0.28144587500719354,
      "scope": "file writes include journal intent/add/flush; excludes this timing receipt and checkpoint writes",
      "mode": "stage4_sealed_cell",
      "banner": "sealed Stage 4; scientific admission also requires complete declared populations"
    },
    {
      "phase": "immediate:284",
      "identity_check_kind": "in_memory_structure_and_configuration",
      "recipe_verification_seconds": 0.0,
      "identity_verification_seconds": 0.0,
      "identity_check_seconds": 0.0021138740121386945,
      "state_hash_seconds": 0.022359598020557314,
      "clone_seconds": 0.0,
      "restore_seconds": 0.0,
      "file_write_seconds": 6.006506737321615e-05,
      "operation_seconds": 0.10075130598852411,
      "total_phase_seconds": 0.12538368202513084,
      "scope": "file writes include journal intent/add/flush; excludes this timing receipt and checkpoint writes",
      "mode": "stage4_sealed_cell",
      "banner": "sealed Stage 4; scientific admission also requires complete declared populations"
    },
    {
      "phase": "edit:285",
      "identity_check_kind": "in_memory_structure_and_configuration",
      "recipe_verification_seconds": 0.0,
      "identity_verification_seconds": 0.0,
      "identity_check_seconds": 0.0021712039597332478,
      "state_hash_seconds": 0.0005431409226730466,
      "clone_seconds": 0.0,
      "restore_seconds": 0.0,
      "file_write_seconds": 6.741896504536271e-05,
      "operation_seconds": 0.21128214499913156,
      "total_phase_seconds": 0.21415332099422812,
      "scope": "file writes include journal intent/add/flush; excludes this timing receipt and checkpoint writes",
      "mode": "stage4_sealed_cell",
      "banner": "sealed Stage 4; scientific admission also requires complete declared populations"
    },
    {
      "phase": "immediate:285",
      "identity_check_kind": "in_memory_structure_and_configuration",
      "recipe_verification_seconds": 0.0,
      "identity_verification_seconds": 0.0,
      "identity_check_seconds": 0.002112050075083971,
      "state_hash_seconds": 0.022550023975782096,
      "clone_seconds": 0.0,
      "restore_seconds": 0.0,
      "file_write_seconds": 5.9864018112421036e-05,
      "operation_seconds": 0.07579355494817719,
      "total_phase_seconds": 0.10061396297533065,
      "scope": "file writes include journal intent/add/flush; excludes this timing receipt and checkpoint writes",
      "mode": "stage4_sealed_cell",
      "banner": "sealed Stage 4; scientific admission also requires complete declared populations"
    },
    {
      "phase": "edit:286",
      "identity_check_kind": "in_memory_structure_and_configuration",
      "recipe_verification_seconds": 0.0,
      "identity_verification_seconds": 0.0,
      "identity_check_seconds": 0.0021368079469539225,
      "state_hash_seconds": 0.0005294649745337665,
      "clone_seconds": 0.0,
      "restore_seconds": 0.0,
      "file_write_seconds": 6.139796460047364e-05,
      "operation_seconds": 0.12956963904434815,
      "total_phase_seconds": 0.13237146200845018,
      "scope": "file writes include journal intent/add/flush; excludes this timing receipt and checkpoint writes",
      "mode": "stage4_sealed_cell",
      "banner": "sealed Stage 4; scientific admission also requires complete declared populations"
    },
    {
      "phase": "immediate:286",
      "identity_check_kind": "in_memory_structure_and_configuration",
      "recipe_verification_seconds": 0.0,
      "identity_verification_seconds": 0.0,
      "identity_check_seconds": 0.002150141983292997,
      "state_hash_seconds": 0.02310665004188195,
      "clone_seconds": 0.0,
      "restore_seconds": 0.0,
      "file_write_seconds": 6.112700793892145e-05,
      "operation_seconds": 0.06760479201329872,
      "total_phase_seconds": 0.093020029948093,
      "scope": "file writes include journal intent/add/flush; excludes this timing receipt and checkpoint writes",
      "mode": "stage4_sealed_cell",
      "banner": "sealed Stage 4; scientific admission also requires complete declared populations"
    },
    {
      "phase": "edit:287",
      "identity_check_kind": "in_memory_structure_and_configuration",
      "recipe_verification_seconds": 0.0,
      "identity_verification_seconds": 0.0,
      "identity_check_seconds": 0.0021901109721511602,
      "state_hash_seconds": 0.0005521390121430159,
      "clone_seconds": 0.0,
      "restore_seconds": 0.0,
      "file_write_seconds": 6.054597906768322e-05,
      "operation_seconds": 0.12524209101684391,
      "total_phase_seconds": 0.1281276550143957,
      "scope": "file writes include journal intent/add/flush; excludes this timing receipt and checkpoint writes",
      "mode": "stage4_sealed_cell",
      "banner": "sealed Stage 4; scientific admission also requires complete declared populations"
    },
    {
      "phase": "immediate:287",
      "identity_check_kind": "in_memory_structure_and_configuration",
      "recipe_verification_seconds": 0.0,
      "identity_verification_seconds": 0.0,
      "identity_check_seconds": 0.0023439539945684373,
      "state_hash_seconds": 0.023095128941349685,
      "clone_seconds": 0.0,
      "restore_seconds": 0.0,
      "file_write_seconds": 7.948197890073061e-05,
      "operation_seconds": 0.08391535002738237,
      "total_phase_seconds": 0.10954159300308675,
      "scope": "file writes include journal intent/add/flush; excludes this timing receipt and checkpoint writes",
      "mode": "stage4_sealed_cell",
      "banner": "sealed Stage 4; scientific admission also requires complete declared populations"
    },
    {
      "phase": "edit:288",
      "identity_check_kind": "in_memory_structure_and_configuration",
      "recipe_verification_seconds": 0.0,
      "identity_verification_seconds": 0.0,
      "identity_check_seconds": 0.0022547030239365995,
      "state_hash_seconds": 0.0005140569992363453,
      "clone_seconds": 0.0,
      "restore_seconds": 0.0,
      "file_write_seconds": 6.293103797361255e-05,
      "operation_seconds": 0.09594570100307465,
      "total_phase_seconds": 0.09884776500985026,
      "scope": "file writes include journal intent/add/flush; excludes this timing receipt and checkpoint writes",
      "mode": "stage4_sealed_cell",
      "banner": "sealed Stage 4; scientific admission also requires complete declared populations"
    },
    {
      "phase": "immediate:288",
      "identity_check_kind": "in_memory_structure_and_configuration",
      "recipe_verification_seconds": 0.0,
      "identity_verification_seconds": 0.0,
      "identity_check_seconds": 0.0022080239723436534,
      "state_hash_seconds": 0.02356466802302748,
      "clone_seconds": 0.0,
      "restore_seconds": 0.0,
      "file_write_seconds": 5.8773031923919916e-05,
      "operation_seconds": 0.08188135997625068,
      "total_phase_seconds": 0.10781174601288512,
      "scope": "file writes include journal intent/add/flush; excludes this timing receipt and checkpoint writes",
      "mode": "stage4_sealed_cell",
      "banner": "sealed Stage 4; scientific admission also requires complete declared populations"
    },
    {
      "phase": "edit:289",
      "identity_check_kind": "in_memory_structure_and_configuration",
      "recipe_verification_seconds": 0.0,
      "identity_verification_seconds": 0.0,
      "identity_check_seconds": 0.0022597829229198396,
      "state_hash_seconds": 0.0005797509802505374,
      "clone_seconds": 0.0,
      "restore_seconds": 0.0,
      "file_write_seconds": 5.7500030379742384e-05,
      "operation_seconds": 0.12907547201029956,
      "total_phase_seconds": 0.13204634003341198,
      "scope": "file writes include journal intent/add/flush; excludes this timing receipt and checkpoint writes",
      "mode": "stage4_sealed_cell",
      "banner": "sealed Stage 4; scientific admission also requires complete declared populations"
    },
    {
      "phase": "immediate:289",
      "identity_check_kind": "in_memory_structure_and_configuration",
      "recipe_verification_seconds": 0.0,
      "identity_verification_seconds": 0.0,
      "identity_check_seconds": 0.0026231000665575266,
      "state_hash_seconds": 0.02295042999321595,
      "clone_seconds": 0.0,
      "restore_seconds": 0.0,
      "file_write_seconds": 6.006500916555524e-05,
      "operation_seconds": 0.08405982702970505,
      "total_phase_seconds": 0.10979648097418249,
      "scope": "file writes include journal intent/add/flush; excludes this timing receipt and checkpoint writes",
      "mode": "stage4_sealed_cell",
      "banner": "sealed Stage 4; scientific admission also requires complete declared populations"
    },
    {
      "phase": "edit:290",
      "identity_check_kind": "in_memory_structure_and_configuration",
      "recipe_verification_seconds": 0.0,
      "identity_verification_seconds": 0.0,
      "identity_check_seconds": 0.002204997988883406,
      "state_hash_seconds": 0.0005394650506787002,
      "clone_seconds": 0.0,
      "restore_seconds": 0.0,
      "file_write_seconds": 7.136602653190494e-05,
      "operation_seconds": 0.09687628503888845,
      "total_phase_seconds": 0.09977151599014178,
      "scope": "file writes include journal intent/add/flush; excludes this timing receipt and checkpoint writes",
      "mode": "stage4_sealed_cell",
      "banner": "sealed Stage 4; scientific admission also requires complete declared populations"
    },
    {
      "phase": "immediate:290",
      "identity_check_kind": "in_memory_structure_and_configuration",
      "recipe_verification_seconds": 0.0,
      "identity_verification_seconds": 0.0,
      "identity_check_seconds": 0.0019752169610001147,
      "state_hash_seconds": 0.022818939934950322,
      "clone_seconds": 0.0,
      "restore_seconds": 0.0,
      "file_write_seconds": 5.973497172817588e-05,
      "operation_seconds": 0.07595367298927158,
      "total_phase_seconds": 0.10090798698365688,
      "scope": "file writes include journal intent/add/flush; excludes this timing receipt and checkpoint writes",
      "mode": "stage4_sealed_cell",
      "banner": "sealed Stage 4; scientific admission also requires complete declared populations"
    },
    {
      "phase": "edit:291",
      "identity_check_kind": "in_memory_structure_and_configuration",
      "recipe_verification_seconds": 0.0,
      "identity_verification_seconds": 0.0,
      "identity_check_seconds": 0.002101288002450019,
      "state_hash_seconds": 0.0004877158789895475,
      "clone_seconds": 0.0,
      "restore_seconds": 0.0,
      "file_write_seconds": 5.832198075950146e-05,
      "operation_seconds": 0.17859567399136722,
      "total_phase_seconds": 0.1813026750460267,
      "scope": "file writes include journal intent/add/flush; excludes this timing receipt and checkpoint writes",
      "mode": "stage4_sealed_cell",
      "banner": "sealed Stage 4; scientific admission also requires complete declared populations"
    },
    {
      "phase": "immediate:291",
      "identity_check_kind": "in_memory_structure_and_configuration",
      "recipe_verification_seconds": 0.0,
      "identity_verification_seconds": 0.0,
      "identity_check_seconds": 0.002103353035636246,
      "state_hash_seconds": 0.022664283053018153,
      "clone_seconds": 0.0,
      "restore_seconds": 0.0,
      "file_write_seconds": 5.846202839165926e-05,
      "operation_seconds": 0.07046890497440472,
      "total_phase_seconds": 0.09538891300326213,
      "scope": "file writes include journal intent/add/flush; excludes this timing receipt and checkpoint writes",
      "mode": "stage4_sealed_cell",
      "banner": "sealed Stage 4; scientific admission also requires complete declared populations"
    },
    {
      "phase": "edit:292",
      "identity_check_kind": "in_memory_structure_and_configuration",
      "recipe_verification_seconds": 0.0,
      "identity_verification_seconds": 0.0,
      "identity_check_seconds": 0.0024050220381468534,
      "state_hash_seconds": 0.0005466080619953573,
      "clone_seconds": 0.0,
      "restore_seconds": 0.0,
      "file_write_seconds": 5.926407175138593e-05,
      "operation_seconds": 0.10208856995450333,
      "total_phase_seconds": 0.10517276503378525,
      "scope": "file writes include journal intent/add/flush; excludes this timing receipt and checkpoint writes",
      "mode": "stage4_sealed_cell",
      "banner": "sealed Stage 4; scientific admission also requires complete declared populations"
    },
    {
      "phase": "immediate:292",
      "identity_check_kind": "in_memory_structure_and_configuration",
      "recipe_verification_seconds": 0.0,
      "identity_verification_seconds": 0.0,
      "identity_check_seconds": 0.002277467050589621,
      "state_hash_seconds": 0.02272050903411582,
      "clone_seconds": 0.0,
      "restore_seconds": 0.0,
      "file_write_seconds": 0.004984167986549437,
      "operation_seconds": 0.06486371596110985,
      "total_phase_seconds": 0.0949585170019418,
      "scope": "file writes include journal intent/add/flush; excludes this timing receipt and checkpoint writes",
      "mode": "stage4_sealed_cell",
      "banner": "sealed Stage 4; scientific admission also requires complete declared populations"
    },
    {
      "phase": "edit:293",
      "identity_check_kind": "in_memory_structure_and_configuration",
      "recipe_verification_seconds": 0.0,
      "identity_verification_seconds": 0.0,
      "identity_check_seconds": 0.0022004300262778997,
      "state_hash_seconds": 0.0005419699591584504,
      "clone_seconds": 0.0,
      "restore_seconds": 0.0,
      "file_write_seconds": 0.0012307500001043081,
      "operation_seconds": 0.09251827700063586,
      "total_phase_seconds": 0.09657107997918501,
      "scope": "file writes include journal intent/add/flush; excludes this timing receipt and checkpoint writes",
      "mode": "stage4_sealed_cell",
      "banner": "sealed Stage 4; scientific admission also requires complete declared populations"
    },
    {
      "phase": "immediate:293",
      "identity_check_kind": "in_memory_structure_and_configuration",
      "recipe_verification_seconds": 0.0,
      "identity_verification_seconds": 0.0,
      "identity_check_seconds": 0.0020421859808266163,
      "state_hash_seconds": 0.022546575986780226,
      "clone_seconds": 0.0,
      "restore_seconds": 0.0,
      "file_write_seconds": 6.068602669984102e-05,
      "operation_seconds": 0.07625776599161327,
      "total_phase_seconds": 0.10100334900198504,
      "scope": "file writes include journal intent/add/flush; excludes this timing receipt and checkpoint writes",
      "mode": "stage4_sealed_cell",
      "banner": "sealed Stage 4; scientific admission also requires complete declared populations"
    },
    {
      "phase": "edit:294",
      "identity_check_kind": "in_memory_structure_and_configuration",
      "recipe_verification_seconds": 0.0,
      "identity_verification_seconds": 0.0,
      "identity_check_seconds": 0.002122079022228718,
      "state_hash_seconds": 0.0005134859820827842,
      "clone_seconds": 0.0,
      "restore_seconds": 0.0,
      "file_write_seconds": 6.0594931710511446e-05,
      "operation_seconds": 0.09118853800464422,
      "total_phase_seconds": 0.09396313800243661,
      "scope": "file writes include journal intent/add/flush; excludes this timing receipt and checkpoint writes",
      "mode": "stage4_sealed_cell",
      "banner": "sealed Stage 4; scientific admission also requires complete declared populations"
    },
    {
      "phase": "immediate:294",
      "identity_check_kind": "in_memory_structure_and_configuration",
      "recipe_verification_seconds": 0.0,
      "identity_verification_seconds": 0.0,
      "identity_check_seconds": 0.0021709129796363413,
      "state_hash_seconds": 0.022923990967683494,
      "clone_seconds": 0.0,
      "restore_seconds": 0.0,
      "file_write_seconds": 5.874299677088857e-05,
      "operation_seconds": 0.06293081998592243,
      "total_phase_seconds": 0.0881775839952752,
      "scope": "file writes include journal intent/add/flush; excludes this timing receipt and checkpoint writes",
      "mode": "stage4_sealed_cell",
      "banner": "sealed Stage 4; scientific admission also requires complete declared populations"
    },
    {
      "phase": "edit:295",
      "identity_check_kind": "in_memory_structure_and_configuration",
      "recipe_verification_seconds": 0.0,
      "identity_verification_seconds": 0.0,
      "identity_check_seconds": 0.0020694989943876863,
      "state_hash_seconds": 0.000498717010486871,
      "clone_seconds": 0.0,
      "restore_seconds": 0.0,
      "file_write_seconds": 6.06980174779892e-05,
      "operation_seconds": 0.09121756302192807,
      "total_phase_seconds": 0.0939120709663257,
      "scope": "file writes include journal intent/add/flush; excludes this timing receipt and checkpoint writes",
      "mode": "stage4_sealed_cell",
      "banner": "sealed Stage 4; scientific admission also requires complete declared populations"
    },
    {
      "phase": "immediate:295",
      "identity_check_kind": "in_memory_structure_and_configuration",
      "recipe_verification_seconds": 0.0,
      "identity_verification_seconds": 0.0,
      "identity_check_seconds": 0.0020491000032052398,
      "state_hash_seconds": 0.02290652703959495,
      "clone_seconds": 0.0,
      "restore_seconds": 0.0,
      "file_write_seconds": 7.304997416213155e-05,
      "operation_seconds": 0.06535448698559776,
      "total_phase_seconds": 0.0904810709762387,
      "scope": "file writes include journal intent/add/flush; excludes this timing receipt and checkpoint writes",
      "mode": "stage4_sealed_cell",
      "banner": "sealed Stage 4; scientific admission also requires complete declared populations"
    },
    {
      "phase": "edit:296",
      "identity_check_kind": "in_memory_structure_and_configuration",
      "recipe_verification_seconds": 0.0,
      "identity_verification_seconds": 0.0,
      "identity_check_seconds": 0.0028780990396626294,
      "state_hash_seconds": 0.0006027969648130238,
      "clone_seconds": 0.0,
      "restore_seconds": 0.0,
      "file_write_seconds": 6.316095823422074e-05,
      "operation_seconds": 0.21251255500828847,
      "total_phase_seconds": 0.21614084299653769,
      "scope": "file writes include journal intent/add/flush; excludes this timing receipt and checkpoint writes",
      "mode": "stage4_sealed_cell",
      "banner": "sealed Stage 4; scientific admission also requires complete declared populations"
    },
    {
      "phase": "immediate:296",
      "identity_check_kind": "in_memory_structure_and_configuration",
      "recipe_verification_seconds": 0.0,
      "identity_verification_seconds": 0.0,
      "identity_check_seconds": 0.002118834003340453,
      "state_hash_seconds": 0.023217973939608783,
      "clone_seconds": 0.0,
      "restore_seconds": 0.0,
      "file_write_seconds": 5.9774029068648815e-05,
      "operation_seconds": 0.07542038999963552,
      "total_phase_seconds": 0.1009107920108363,
      "scope": "file writes include journal intent/add/flush; excludes this timing receipt and checkpoint writes",
      "mode": "stage4_sealed_cell",
      "banner": "sealed Stage 4; scientific admission also requires complete declared populations"
    },
    {
      "phase": "edit:297",
      "identity_check_kind": "in_memory_structure_and_configuration",
      "recipe_verification_seconds": 0.0,
      "identity_verification_seconds": 0.0,
      "identity_check_seconds": 0.0021046370384283364,
      "state_hash_seconds": 0.0004828959354199469,
      "clone_seconds": 0.0,
      "restore_seconds": 0.0,
      "file_write_seconds": 6.237899651750922e-05,
      "operation_seconds": 0.17125472699990496,
      "total_phase_seconds": 0.17396763898432255,
      "scope": "file writes include journal intent/add/flush; excludes this timing receipt and checkpoint writes",
      "mode": "stage4_sealed_cell",
      "banner": "sealed Stage 4; scientific admission also requires complete declared populations"
    },
    {
      "phase": "immediate:297",
      "identity_check_kind": "in_memory_structure_and_configuration",
      "recipe_verification_seconds": 0.0,
      "identity_verification_seconds": 0.0,
      "identity_check_seconds": 0.0026212060474790633,
      "state_hash_seconds": 0.023997337964829057,
      "clone_seconds": 0.0,
      "restore_seconds": 0.0,
      "file_write_seconds": 5.8703008107841015e-05,
      "operation_seconds": 0.07325925602344796,
      "total_phase_seconds": 0.100036003976129,
      "scope": "file writes include journal intent/add/flush; excludes this timing receipt and checkpoint writes",
      "mode": "stage4_sealed_cell",
      "banner": "sealed Stage 4; scientific admission also requires complete declared populations"
    },
    {
      "phase": "edit:298",
      "identity_check_kind": "in_memory_structure_and_configuration",
      "recipe_verification_seconds": 0.0,
      "identity_verification_seconds": 0.0,
      "identity_check_seconds": 0.0020723030320368707,
      "state_hash_seconds": 0.000502442941069603,
      "clone_seconds": 0.0,
      "restore_seconds": 0.0,
      "file_write_seconds": 5.8071978855878115e-05,
      "operation_seconds": 0.0888500030268915,
      "total_phase_seconds": 0.09154356899671257,
      "scope": "file writes include journal intent/add/flush; excludes this timing receipt and checkpoint writes",
      "mode": "stage4_sealed_cell",
      "banner": "sealed Stage 4; scientific admission also requires complete declared populations"
    },
    {
      "phase": "immediate:298",
      "identity_check_kind": "in_memory_structure_and_configuration",
      "recipe_verification_seconds": 0.0,
      "identity_verification_seconds": 0.0,
      "identity_check_seconds": 0.001971881021745503,
      "state_hash_seconds": 0.022918170026969165,
      "clone_seconds": 0.0,
      "restore_seconds": 0.0,
      "file_write_seconds": 6.142794154584408e-05,
      "operation_seconds": 0.06268294400069863,
      "total_phase_seconds": 0.08774240897037089,
      "scope": "file writes include journal intent/add/flush; excludes this timing receipt and checkpoint writes",
      "mode": "stage4_sealed_cell",
      "banner": "sealed Stage 4; scientific admission also requires complete declared populations"
    },
    {
      "phase": "edit:299",
      "identity_check_kind": "in_memory_structure_and_configuration",
      "recipe_verification_seconds": 0.0,
      "identity_verification_seconds": 0.0,
      "identity_check_seconds": 0.0022360479924827814,
      "state_hash_seconds": 0.0004908819100819528,
      "clone_seconds": 0.0,
      "restore_seconds": 0.0,
      "file_write_seconds": 6.139802280813456e-05,
      "operation_seconds": 0.126441631000489,
      "total_phase_seconds": 0.12930546200368553,
      "scope": "file writes include journal intent/add/flush; excludes this timing receipt and checkpoint writes",
      "mode": "stage4_sealed_cell",
      "banner": "sealed Stage 4; scientific admission also requires complete declared populations"
    },
    {
      "phase": "immediate:299",
      "identity_check_kind": "in_memory_structure_and_configuration",
      "recipe_verification_seconds": 0.0,
      "identity_verification_seconds": 0.0,
      "identity_check_seconds": 0.002159821044187993,
      "state_hash_seconds": 0.023254734987858683,
      "clone_seconds": 0.0,
      "restore_seconds": 0.0,
      "file_write_seconds": 6.237998604774475e-05,
      "operation_seconds": 0.0750866910093464,
      "total_phase_seconds": 0.10066134395310655,
      "scope": "file writes include journal intent/add/flush; excludes this timing receipt and checkpoint writes",
      "mode": "stage4_sealed_cell",
      "banner": "sealed Stage 4; scientific admission also requires complete declared populations"
    },
    {
      "phase": "edit:300",
      "identity_check_kind": "in_memory_structure_and_configuration",
      "recipe_verification_seconds": 0.0,
      "identity_verification_seconds": 0.0,
      "identity_check_seconds": 0.002137479023076594,
      "state_hash_seconds": 0.0005091859493404627,
      "clone_seconds": 0.0,
      "restore_seconds": 0.0,
      "file_write_seconds": 6.511603714898229e-05,
      "operation_seconds": 0.15626831899862736,
      "total_phase_seconds": 0.1590470970259048,
      "scope": "file writes include journal intent/add/flush; excludes this timing receipt and checkpoint writes",
      "mode": "stage4_sealed_cell",
      "banner": "sealed Stage 4; scientific admission also requires complete declared populations"
    },
    {
      "phase": "immediate:300",
      "identity_check_kind": "in_memory_structure_and_configuration",
      "recipe_verification_seconds": 0.0,
      "identity_verification_seconds": 0.0,
      "identity_check_seconds": 0.0021468569757416844,
      "state_hash_seconds": 0.02351601596456021,
      "clone_seconds": 0.0,
      "restore_seconds": 0.0,
      "file_write_seconds": 5.916302325204015e-05,
      "operation_seconds": 0.06810109398793429,
      "total_phase_seconds": 0.09391324297757819,
      "scope": "file writes include journal intent/add/flush; excludes this timing receipt and checkpoint writes",
      "mode": "stage4_sealed_cell",
      "banner": "sealed Stage 4; scientific admission also requires complete declared populations"
    },
    {
      "phase": "retention:300",
      "identity_check_kind": "in_memory_structure_and_configuration",
      "recipe_verification_seconds": 0.0,
      "identity_verification_seconds": 0.0,
      "identity_check_seconds": 0.0022281130077317357,
      "state_hash_seconds": 0.023926423047669232,
      "clone_seconds": 0.0,
      "restore_seconds": 0.0,
      "file_write_seconds": 0.007250775001011789,
      "operation_seconds": 24.624953493010253,
      "total_phase_seconds": 24.664281371049583,
      "scope": "file writes include journal intent/add/flush; excludes this timing receipt and checkpoint writes",
      "mode": "stage4_sealed_cell",
      "banner": "sealed Stage 4; scientific admission also requires complete declared populations"
    },
    {
      "phase": "locality:300",
      "identity_check_kind": "in_memory_structure_and_configuration",
      "recipe_verification_seconds": 0.0,
      "identity_verification_seconds": 0.0,
      "identity_check_seconds": 0.0021559239248745143,
      "state_hash_seconds": 0.024095538014080375,
      "clone_seconds": 0.0,
      "restore_seconds": 0.0,
      "file_write_seconds": 0.000992013025097549,
      "operation_seconds": 6.121760901005473,
      "total_phase_seconds": 6.150423965998925,
      "scope": "file writes include journal intent/add/flush; excludes this timing receipt and checkpoint writes",
      "mode": "stage4_sealed_cell",
      "banner": "sealed Stage 4; scientific admission also requires complete declared populations"
    },
    {
      "phase": "unseen:300",
      "identity_check_kind": "in_memory_structure_and_configuration",
      "recipe_verification_seconds": 0.0,
      "identity_verification_seconds": 0.0,
      "identity_check_seconds": 0.002095588017255068,
      "state_hash_seconds": 0.0226475489907898,
      "clone_seconds": 0.0,
      "restore_seconds": 0.0,
      "file_write_seconds": 0.0021587699884548783,
      "operation_seconds": 61.873351757007185,
      "total_phase_seconds": 61.90238630399108,
      "scope": "file writes include journal intent/add/flush; excludes this timing receipt and checkpoint writes",
      "mode": "stage4_sealed_cell",
      "banner": "sealed Stage 4; scientific admission also requires complete declared populations"
    },
    {
      "phase": "near_miss:300",
      "identity_check_kind": "in_memory_structure_and_configuration",
      "recipe_verification_seconds": 0.0,
      "identity_verification_seconds": 0.0,
      "identity_check_seconds": 0.002155903959646821,
      "state_hash_seconds": 0.029695824021473527,
      "clone_seconds": 0.0014351930003613234,
      "restore_seconds": 0.018071133992634714,
      "file_write_seconds": 0.005012060923036188,
      "operation_seconds": 84.69544002099428,
      "total_phase_seconds": 84.75624222803162,
      "scope": "file writes include journal intent/add/flush; excludes this timing receipt and checkpoint writes",
      "mode": "stage4_sealed_cell",
      "banner": "sealed Stage 4; scientific admission also requires complete declared populations"
    },
    {
      "phase": "revision:300",
      "identity_check_kind": "in_memory_structure_and_configuration",
      "recipe_verification_seconds": 0.0,
      "identity_verification_seconds": 0.0,
      "identity_check_seconds": 0.002150594023987651,
      "state_hash_seconds": 0.02888253697892651,
      "clone_seconds": 0.001092444988898933,
      "restore_seconds": 0.01735414902213961,
      "file_write_seconds": 0.0036460119881667197,
      "operation_seconds": 48.0837348709465,
      "total_phase_seconds": 48.139685444999486,
      "scope": "file writes include journal intent/add/flush; excludes this timing receipt and checkpoint writes",
      "mode": "stage4_sealed_cell",
      "banner": "sealed Stage 4; scientific admission also requires complete declared populations"
    },
    {
      "phase": "composition:300",
      "identity_check_kind": "in_memory_structure_and_configuration",
      "recipe_verification_seconds": 0.0,
      "identity_verification_seconds": 0.0,
      "identity_check_seconds": 0.002138359996024519,
      "state_hash_seconds": 0.029135451943147928,
      "clone_seconds": 0.001190903945825994,
      "restore_seconds": 0.017136251961346716,
      "file_write_seconds": 0.006889000942464918,
      "operation_seconds": 56.49143011402339,
      "total_phase_seconds": 56.55391705199145,
      "scope": "file writes include journal intent/add/flush; excludes this timing receipt and checkpoint writes",
      "mode": "stage4_sealed_cell",
      "banner": "sealed Stage 4; scientific admission also requires complete declared populations"
    },
    {
      "phase": "drift:300",
      "identity_check_kind": "in_memory_structure_and_configuration",
      "recipe_verification_seconds": 0.0,
      "identity_verification_seconds": 0.0,
      "identity_check_seconds": 0.002040272986050695,
      "state_hash_seconds": 0.022706852992996573,
      "clone_seconds": 0.0,
      "restore_seconds": 0.0,
      "file_write_seconds": 0.08083347207866609,
      "operation_seconds": 60.75998852902558,
      "total_phase_seconds": 61.08930737798801,
      "scope": "file writes include journal intent/add/flush; excludes this timing receipt and checkpoint writes",
      "mode": "stage4_sealed_cell",
      "banner": "sealed Stage 4; scientific admission also requires complete declared populations"
    },
    {
      "phase": "full_validation:300",
      "identity_check_kind": "in_memory_structure_and_configuration",
      "recipe_verification_seconds": 0.0,
      "identity_verification_seconds": 0.0,
      "identity_check_seconds": 0.002260743989609182,
      "state_hash_seconds": 0.02334739192156121,
      "clone_seconds": 0.0,
      "restore_seconds": 0.0,
      "file_write_seconds": 6.246997509151697e-05,
      "operation_seconds": 797.0656969169504,
      "total_phase_seconds": 797.0946244199877,
      "scope": "file writes include journal intent/add/flush; excludes this timing receipt and checkpoint writes",
      "mode": "stage4_sealed_cell",
      "banner": "sealed Stage 4; scientific admission also requires complete declared populations"
    }
  ],
  "boundary_identity_checks": [
    {
      "boundary": "attempt_start",
      "kind": "full_recipe_and_adapter_rehash",
      "seconds": 1.1642617079778574
    },
    {
      "boundary": "checkpoint:100",
      "kind": "full_recipe_and_adapter_rehash",
      "seconds": 1.1323335510096513
    },
    {
      "boundary": "checkpoint:300",
      "kind": "full_recipe_and_adapter_rehash",
      "seconds": 1.1127613889984787
    },
    {
      "boundary": "completion",
      "kind": "full_recipe_and_adapter_rehash",
      "seconds": 1.1012765040504746
    }
  ],
  "boundary_identity_seconds": 4.510633152036462,
  "identity_policy": "full rehash at attempt start, resume after restore, every checkpoint before receipt, and completion; cheap immutable memory check each phase",
  "mode": "stage4_sealed_cell"
}
