{
  "status": "complete",
  "completed_checkpoint": 300,
  "cell": {
    "condition": "R1_nonlearned",
    "dataset": "mquake",
    "order": 101,
    "realization": 2
  },
  "run_dir": "/home/derp/cap/pc_cap/results/R1/stage4_sealed_cells/R1_nonlearned-mquake-2-101-2f555b740c6f25bc6b17",
  "attempt_dir": "/home/derp/cap/pc_cap/results/R1/stage4_sealed_cells/R1_nonlearned-mquake-2-101-2f555b740c6f25bc6b17/attempt-0000",
  "last_receipt_sha256": "da171c6e4a8da99168aeb8e7feab460f17310b545f59d90ac44f787f26f985cf",
  "banner": "sealed Stage 4; scientific admission also requires complete declared populations",
  "manifest_sha256": "efba1fc4f74222da718b21165d6c325733bb075fa27c304484ac60f0236d0b4f",
  "integrity_profile": "incremental",
  "phase_timer_summary": {
    "edit": {
      "count": 300,
      "errors": 0,
      "wall_seconds": 52.683994001941755,
      "operation_seconds": 51.89940700412262
    },
    "immediate": {
      "count": 300,
      "errors": 0,
      "wall_seconds": 21.332491037726868,
      "operation_seconds": 17.06916345190257
    },
    "retention": {
      "count": 2,
      "errors": 0,
      "wall_seconds": 27.90911078103818,
      "operation_seconds": 27.86268464301247
    },
    "locality": {
      "count": 2,
      "errors": 0,
      "wall_seconds": 12.890732311003376,
      "operation_seconds": 12.850923641002737
    },
    "unseen": {
      "count": 2,
      "errors": 0,
      "wall_seconds": 120.22227803297574,
      "operation_seconds": 120.18318210099824
    },
    "drift": {
      "count": 2,
      "errors": 0,
      "wall_seconds": 111.68595023604576,
      "operation_seconds": 111.33669784496306
    },
    "near_miss": {
      "count": 1,
      "errors": 0,
      "wall_seconds": 83.44493372901343,
      "operation_seconds": 83.38926338800229
    },
    "revision": {
      "count": 1,
      "errors": 0,
      "wall_seconds": 48.34132315602619,
      "operation_seconds": 48.2872166329762
    },
    "composition": {
      "count": 1,
      "errors": 0,
      "wall_seconds": 63.0311980569968,
      "operation_seconds": 62.97476535401074
    },
    "full_validation": {
      "count": 1,
      "errors": 0,
      "wall_seconds": 812.9789318870171,
      "operation_seconds": 812.950336245005
    }
  },
  "phase_timer_scope": "this attempt, verification/clone/operation/restore; excludes phase-file writes and admission/resume",
  "attempt_wall_seconds": 1363.025209187006,
  "prior_attempt_timer_summary": {},
  "detailed_phase_timers": [
    {
      "phase": "edit:1",
      "identity_check_kind": "in_memory_structure_and_configuration",
      "recipe_verification_seconds": 0.0,
      "identity_verification_seconds": 0.0,
      "identity_check_seconds": 0.0021318680373951793,
      "state_hash_seconds": 5.477404920384288e-05,
      "clone_seconds": 0.0,
      "restore_seconds": 0.0,
      "file_write_seconds": 0.0011712859268300235,
      "operation_seconds": 4.147658830974251,
      "total_phase_seconds": 4.151098466012627,
      "scope": "file writes include journal intent/add/flush; excludes this timing receipt and checkpoint writes",
      "mode": "stage4_sealed_cell",
      "banner": "sealed Stage 4; scientific admission also requires complete declared populations"
    },
    {
      "phase": "immediate:1",
      "identity_check_kind": "in_memory_structure_and_configuration",
      "recipe_verification_seconds": 0.0,
      "identity_verification_seconds": 0.0,
      "identity_check_seconds": 0.0020037319627590477,
      "state_hash_seconds": 0.00027283397503197193,
      "clone_seconds": 0.0,
      "restore_seconds": 0.0,
      "file_write_seconds": 5.869200685992837e-05,
      "operation_seconds": 0.47194345301249996,
      "total_phase_seconds": 0.47436163999373093,
      "scope": "file writes include journal intent/add/flush; excludes this timing receipt and checkpoint writes",
      "mode": "stage4_sealed_cell",
      "banner": "sealed Stage 4; scientific admission also requires complete declared populations"
    },
    {
      "phase": "edit:2",
      "identity_check_kind": "in_memory_structure_and_configuration",
      "recipe_verification_seconds": 0.0,
      "identity_verification_seconds": 0.0,
      "identity_check_seconds": 0.0020931640174239874,
      "state_hash_seconds": 6.637704791501164e-05,
      "clone_seconds": 0.0,
      "restore_seconds": 0.0,
      "file_write_seconds": 6.056600250303745e-05,
      "operation_seconds": 0.1429036019835621,
      "total_phase_seconds": 0.1451930109760724,
      "scope": "file writes include journal intent/add/flush; excludes this timing receipt and checkpoint writes",
      "mode": "stage4_sealed_cell",
      "banner": "sealed Stage 4; scientific admission also requires complete declared populations"
    },
    {
      "phase": "immediate:2",
      "identity_check_kind": "in_memory_structure_and_configuration",
      "recipe_verification_seconds": 0.0,
      "identity_verification_seconds": 0.0,
      "identity_check_seconds": 0.0025085799861699343,
      "state_hash_seconds": 0.0003876819973811507,
      "clone_seconds": 0.0,
      "restore_seconds": 0.0,
      "file_write_seconds": 6.098794983699918e-05,
      "operation_seconds": 0.0244333180016838,
      "total_phase_seconds": 0.02746729605132714,
      "scope": "file writes include journal intent/add/flush; excludes this timing receipt and checkpoint writes",
      "mode": "stage4_sealed_cell",
      "banner": "sealed Stage 4; scientific admission also requires complete declared populations"
    },
    {
      "phase": "edit:3",
      "identity_check_kind": "in_memory_structure_and_configuration",
      "recipe_verification_seconds": 0.0,
      "identity_verification_seconds": 0.0,
      "identity_check_seconds": 0.0019368240027688444,
      "state_hash_seconds": 5.8342062402516603e-05,
      "clone_seconds": 0.0,
      "restore_seconds": 0.0,
      "file_write_seconds": 5.980499554425478e-05,
      "operation_seconds": 0.5037579080089927,
      "total_phase_seconds": 0.5058768009766936,
      "scope": "file writes include journal intent/add/flush; excludes this timing receipt and checkpoint writes",
      "mode": "stage4_sealed_cell",
      "banner": "sealed Stage 4; scientific admission also requires complete declared populations"
    },
    {
      "phase": "immediate:3",
      "identity_check_kind": "in_memory_structure_and_configuration",
      "recipe_verification_seconds": 0.0,
      "identity_verification_seconds": 0.0,
      "identity_check_seconds": 0.0020560320117510855,
      "state_hash_seconds": 0.0005174839170649648,
      "clone_seconds": 0.0,
      "restore_seconds": 0.0,
      "file_write_seconds": 7.45240249671042e-05,
      "operation_seconds": 0.0544476070208475,
      "total_phase_seconds": 0.0571719299769029,
      "scope": "file writes include journal intent/add/flush; excludes this timing receipt and checkpoint writes",
      "mode": "stage4_sealed_cell",
      "banner": "sealed Stage 4; scientific admission also requires complete declared populations"
    },
    {
      "phase": "edit:4",
      "identity_check_kind": "in_memory_structure_and_configuration",
      "recipe_verification_seconds": 0.0,
      "identity_verification_seconds": 0.0,
      "identity_check_seconds": 0.0019767299527302384,
      "state_hash_seconds": 6.158696487545967e-05,
      "clone_seconds": 0.0,
      "restore_seconds": 0.0,
      "file_write_seconds": 5.819095531478524e-05,
      "operation_seconds": 0.39077728101983666,
      "total_phase_seconds": 0.39293630997417495,
      "scope": "file writes include journal intent/add/flush; excludes this timing receipt and checkpoint writes",
      "mode": "stage4_sealed_cell",
      "banner": "sealed Stage 4; scientific admission also requires complete declared populations"
    },
    {
      "phase": "immediate:4",
      "identity_check_kind": "in_memory_structure_and_configuration",
      "recipe_verification_seconds": 0.0,
      "identity_verification_seconds": 0.0,
      "identity_check_seconds": 0.002394721086602658,
      "state_hash_seconds": 0.0006186059908941388,
      "clone_seconds": 0.0,
      "restore_seconds": 0.0,
      "file_write_seconds": 5.7349971029907465e-05,
      "operation_seconds": 0.05286013404838741,
      "total_phase_seconds": 0.05600552400574088,
      "scope": "file writes include journal intent/add/flush; excludes this timing receipt and checkpoint writes",
      "mode": "stage4_sealed_cell",
      "banner": "sealed Stage 4; scientific admission also requires complete declared populations"
    },
    {
      "phase": "edit:5",
      "identity_check_kind": "in_memory_structure_and_configuration",
      "recipe_verification_seconds": 0.0,
      "identity_verification_seconds": 0.0,
      "identity_check_seconds": 0.0019484760123305023,
      "state_hash_seconds": 6.0585036408156157e-05,
      "clone_seconds": 0.0,
      "restore_seconds": 0.0,
      "file_write_seconds": 5.90629642829299e-05,
      "operation_seconds": 0.08809338900027797,
      "total_phase_seconds": 0.09022262203507125,
      "scope": "file writes include journal intent/add/flush; excludes this timing receipt and checkpoint writes",
      "mode": "stage4_sealed_cell",
      "banner": "sealed Stage 4; scientific admission also requires complete declared populations"
    },
    {
      "phase": "immediate:5",
      "identity_check_kind": "in_memory_structure_and_configuration",
      "recipe_verification_seconds": 0.0,
      "identity_verification_seconds": 0.0,
      "identity_check_seconds": 0.0018830610206350684,
      "state_hash_seconds": 0.0006345589645206928,
      "clone_seconds": 0.0,
      "restore_seconds": 0.0,
      "file_write_seconds": 6.043602479621768e-05,
      "operation_seconds": 0.01887340797111392,
      "total_phase_seconds": 0.021527034987229854,
      "scope": "file writes include journal intent/add/flush; excludes this timing receipt and checkpoint writes",
      "mode": "stage4_sealed_cell",
      "banner": "sealed Stage 4; scientific admission also requires complete declared populations"
    },
    {
      "phase": "edit:6",
      "identity_check_kind": "in_memory_structure_and_configuration",
      "recipe_verification_seconds": 0.0,
      "identity_verification_seconds": 0.0,
      "identity_check_seconds": 0.002093963965307921,
      "state_hash_seconds": 5.983299342915416e-05,
      "clone_seconds": 0.0,
      "restore_seconds": 0.0,
      "file_write_seconds": 5.915301153436303e-05,
      "operation_seconds": 0.17997243598802015,
      "total_phase_seconds": 0.18225256900768727,
      "scope": "file writes include journal intent/add/flush; excludes this timing receipt and checkpoint writes",
      "mode": "stage4_sealed_cell",
      "banner": "sealed Stage 4; scientific admission also requires complete declared populations"
    },
    {
      "phase": "immediate:6",
      "identity_check_kind": "in_memory_structure_and_configuration",
      "recipe_verification_seconds": 0.0,
      "identity_verification_seconds": 0.0,
      "identity_check_seconds": 0.002050211012829095,
      "state_hash_seconds": 0.0007421630434691906,
      "clone_seconds": 0.0,
      "restore_seconds": 0.0,
      "file_write_seconds": 5.7521043345332146e-05,
      "operation_seconds": 0.0314022499951534,
      "total_phase_seconds": 0.034328951966017485,
      "scope": "file writes include journal intent/add/flush; excludes this timing receipt and checkpoint writes",
      "mode": "stage4_sealed_cell",
      "banner": "sealed Stage 4; scientific admission also requires complete declared populations"
    },
    {
      "phase": "edit:7",
      "identity_check_kind": "in_memory_structure_and_configuration",
      "recipe_verification_seconds": 0.0,
      "identity_verification_seconds": 0.0,
      "identity_check_seconds": 0.0019668620661832392,
      "state_hash_seconds": 7.833004929125309e-05,
      "clone_seconds": 0.0,
      "restore_seconds": 0.0,
      "file_write_seconds": 7.628597086295485e-05,
      "operation_seconds": 0.12178473803214729,
      "total_phase_seconds": 0.12400174903450534,
      "scope": "file writes include journal intent/add/flush; excludes this timing receipt and checkpoint writes",
      "mode": "stage4_sealed_cell",
      "banner": "sealed Stage 4; scientific admission also requires complete declared populations"
    },
    {
      "phase": "immediate:7",
      "identity_check_kind": "in_memory_structure_and_configuration",
      "recipe_verification_seconds": 0.0,
      "identity_verification_seconds": 0.0,
      "identity_check_seconds": 0.0020170180359855294,
      "state_hash_seconds": 0.0008085200097411871,
      "clone_seconds": 0.0,
      "restore_seconds": 0.0,
      "file_write_seconds": 5.661800969392061e-05,
      "operation_seconds": 0.028286796994507313,
      "total_phase_seconds": 0.031248495972249657,
      "scope": "file writes include journal intent/add/flush; excludes this timing receipt and checkpoint writes",
      "mode": "stage4_sealed_cell",
      "banner": "sealed Stage 4; scientific admission also requires complete declared populations"
    },
    {
      "phase": "edit:8",
      "identity_check_kind": "in_memory_structure_and_configuration",
      "recipe_verification_seconds": 0.0,
      "identity_verification_seconds": 0.0,
      "identity_check_seconds": 0.0019115659524686635,
      "state_hash_seconds": 6.709899753332138e-05,
      "clone_seconds": 0.0,
      "restore_seconds": 0.0,
      "file_write_seconds": 6.0636026319116354e-05,
      "operation_seconds": 0.1161181729985401,
      "total_phase_seconds": 0.11821560503449291,
      "scope": "file writes include journal intent/add/flush; excludes this timing receipt and checkpoint writes",
      "mode": "stage4_sealed_cell",
      "banner": "sealed Stage 4; scientific admission also requires complete declared populations"
    },
    {
      "phase": "immediate:8",
      "identity_check_kind": "in_memory_structure_and_configuration",
      "recipe_verification_seconds": 0.0,
      "identity_verification_seconds": 0.0,
      "identity_check_seconds": 0.001973222941160202,
      "state_hash_seconds": 0.000880930048879236,
      "clone_seconds": 0.0,
      "restore_seconds": 0.0,
      "file_write_seconds": 7.135700434446335e-05,
      "operation_seconds": 0.021937723038718104,
      "total_phase_seconds": 0.024938375980127603,
      "scope": "file writes include journal intent/add/flush; excludes this timing receipt and checkpoint writes",
      "mode": "stage4_sealed_cell",
      "banner": "sealed Stage 4; scientific admission also requires complete declared populations"
    },
    {
      "phase": "edit:9",
      "identity_check_kind": "in_memory_structure_and_configuration",
      "recipe_verification_seconds": 0.0,
      "identity_verification_seconds": 0.0,
      "identity_check_seconds": 0.0021951679955236614,
      "state_hash_seconds": 6.43519451841712e-05,
      "clone_seconds": 0.0,
      "restore_seconds": 0.0,
      "file_write_seconds": 6.62769889459014e-05,
      "operation_seconds": 0.09343985101440921,
      "total_phase_seconds": 0.09585069300374016,
      "scope": "file writes include journal intent/add/flush; excludes this timing receipt and checkpoint writes",
      "mode": "stage4_sealed_cell",
      "banner": "sealed Stage 4; scientific admission also requires complete declared populations"
    },
    {
      "phase": "immediate:9",
      "identity_check_kind": "in_memory_structure_and_configuration",
      "recipe_verification_seconds": 0.0,
      "identity_verification_seconds": 0.0,
      "identity_check_seconds": 0.0019434770219959319,
      "state_hash_seconds": 0.0009131009574048221,
      "clone_seconds": 0.0,
      "restore_seconds": 0.0,
      "file_write_seconds": 5.6869001127779484e-05,
      "operation_seconds": 0.46495321398833767,
      "total_phase_seconds": 0.4679491790011525,
      "scope": "file writes include journal intent/add/flush; excludes this timing receipt and checkpoint writes",
      "mode": "stage4_sealed_cell",
      "banner": "sealed Stage 4; scientific admission also requires complete declared populations"
    },
    {
      "phase": "edit:10",
      "identity_check_kind": "in_memory_structure_and_configuration",
      "recipe_verification_seconds": 0.0,
      "identity_verification_seconds": 0.0,
      "identity_check_seconds": 0.002185419958550483,
      "state_hash_seconds": 8.783902740105987e-05,
      "clone_seconds": 0.0,
      "restore_seconds": 0.0,
      "file_write_seconds": 5.86420064792037e-05,
      "operation_seconds": 0.12432745302794501,
      "total_phase_seconds": 0.12672664399724454,
      "scope": "file writes include journal intent/add/flush; excludes this timing receipt and checkpoint writes",
      "mode": "stage4_sealed_cell",
      "banner": "sealed Stage 4; scientific admission also requires complete declared populations"
    },
    {
      "phase": "immediate:10",
      "identity_check_kind": "in_memory_structure_and_configuration",
      "recipe_verification_seconds": 0.0,
      "identity_verification_seconds": 0.0,
      "identity_check_seconds": 0.0020698289736174047,
      "state_hash_seconds": 0.001181454979814589,
      "clone_seconds": 0.0,
      "restore_seconds": 0.0,
      "file_write_seconds": 6.456294795498252e-05,
      "operation_seconds": 0.028903489001095295,
      "total_phase_seconds": 0.032305492029991,
      "scope": "file writes include journal intent/add/flush; excludes this timing receipt and checkpoint writes",
      "mode": "stage4_sealed_cell",
      "banner": "sealed Stage 4; scientific admission also requires complete declared populations"
    },
    {
      "phase": "edit:11",
      "identity_check_kind": "in_memory_structure_and_configuration",
      "recipe_verification_seconds": 0.0,
      "identity_verification_seconds": 0.0,
      "identity_check_seconds": 0.0018872680375352502,
      "state_hash_seconds": 7.341097807511687e-05,
      "clone_seconds": 0.0,
      "restore_seconds": 0.0,
      "file_write_seconds": 6.49250578135252e-05,
      "operation_seconds": 0.12462381197838113,
      "total_phase_seconds": 0.12671366898575798,
      "scope": "file writes include journal intent/add/flush; excludes this timing receipt and checkpoint writes",
      "mode": "stage4_sealed_cell",
      "banner": "sealed Stage 4; scientific admission also requires complete declared populations"
    },
    {
      "phase": "immediate:11",
      "identity_check_kind": "in_memory_structure_and_configuration",
      "recipe_verification_seconds": 0.0,
      "identity_verification_seconds": 0.0,
      "identity_check_seconds": 0.002094134979415685,
      "state_hash_seconds": 0.0011336529860273004,
      "clone_seconds": 0.0,
      "restore_seconds": 0.0,
      "file_write_seconds": 6.0745980590581894e-05,
      "operation_seconds": 0.03245773399248719,
      "total_phase_seconds": 0.0358257619664073,
      "scope": "file writes include journal intent/add/flush; excludes this timing receipt and checkpoint writes",
      "mode": "stage4_sealed_cell",
      "banner": "sealed Stage 4; scientific admission also requires complete declared populations"
    },
    {
      "phase": "edit:12",
      "identity_check_kind": "in_memory_structure_and_configuration",
      "recipe_verification_seconds": 0.0,
      "identity_verification_seconds": 0.0,
      "identity_check_seconds": 0.0019866699585691094,
      "state_hash_seconds": 8.038204396143556e-05,
      "clone_seconds": 0.0,
      "restore_seconds": 0.0,
      "file_write_seconds": 6.188999395817518e-05,
      "operation_seconds": 2.117303045990411,
      "total_phase_seconds": 2.1195010700030252,
      "scope": "file writes include journal intent/add/flush; excludes this timing receipt and checkpoint writes",
      "mode": "stage4_sealed_cell",
      "banner": "sealed Stage 4; scientific admission also requires complete declared populations"
    },
    {
      "phase": "immediate:12",
      "identity_check_kind": "in_memory_structure_and_configuration",
      "recipe_verification_seconds": 0.0,
      "identity_verification_seconds": 0.0,
      "identity_check_seconds": 0.002015123958699405,
      "state_hash_seconds": 0.0011900709941983223,
      "clone_seconds": 0.0,
      "restore_seconds": 0.0,
      "file_write_seconds": 5.799101199954748e-05,
      "operation_seconds": 0.4002172510372475,
      "total_phase_seconds": 0.40355806599836797,
      "scope": "file writes include journal intent/add/flush; excludes this timing receipt and checkpoint writes",
      "mode": "stage4_sealed_cell",
      "banner": "sealed Stage 4; scientific admission also requires complete declared populations"
    },
    {
      "phase": "edit:13",
      "identity_check_kind": "in_memory_structure_and_configuration",
      "recipe_verification_seconds": 0.0,
      "identity_verification_seconds": 0.0,
      "identity_check_seconds": 0.0023417809861712158,
      "state_hash_seconds": 8.490291656926274e-05,
      "clone_seconds": 0.0,
      "restore_seconds": 0.0,
      "file_write_seconds": 5.833205068483949e-05,
      "operation_seconds": 0.0892131759901531,
      "total_phase_seconds": 0.09176368702901527,
      "scope": "file writes include journal intent/add/flush; excludes this timing receipt and checkpoint writes",
      "mode": "stage4_sealed_cell",
      "banner": "sealed Stage 4; scientific admission also requires complete declared populations"
    },
    {
      "phase": "immediate:13",
      "identity_check_kind": "in_memory_structure_and_configuration",
      "recipe_verification_seconds": 0.0,
      "identity_verification_seconds": 0.0,
      "identity_check_seconds": 0.0018228850094601512,
      "state_hash_seconds": 0.0011589720379561186,
      "clone_seconds": 0.0,
      "restore_seconds": 0.0,
      "file_write_seconds": 5.895202048122883e-05,
      "operation_seconds": 0.020243064034730196,
      "total_phase_seconds": 0.023352135031018406,
      "scope": "file writes include journal intent/add/flush; excludes this timing receipt and checkpoint writes",
      "mode": "stage4_sealed_cell",
      "banner": "sealed Stage 4; scientific admission also requires complete declared populations"
    },
    {
      "phase": "edit:14",
      "identity_check_kind": "in_memory_structure_and_configuration",
      "recipe_verification_seconds": 0.0,
      "identity_verification_seconds": 0.0,
      "identity_check_seconds": 0.001956330961547792,
      "state_hash_seconds": 9.535305434837937e-05,
      "clone_seconds": 0.0,
      "restore_seconds": 0.0,
      "file_write_seconds": 5.690904799848795e-05,
      "operation_seconds": 0.09703524498036131,
      "total_phase_seconds": 0.09921104501700029,
      "scope": "file writes include journal intent/add/flush; excludes this timing receipt and checkpoint writes",
      "mode": "stage4_sealed_cell",
      "banner": "sealed Stage 4; scientific admission also requires complete declared populations"
    },
    {
      "phase": "immediate:14",
      "identity_check_kind": "in_memory_structure_and_configuration",
      "recipe_verification_seconds": 0.0,
      "identity_verification_seconds": 0.0,
      "identity_check_seconds": 0.0018452680669724941,
      "state_hash_seconds": 0.0013633650378324091,
      "clone_seconds": 0.0,
      "restore_seconds": 0.0,
      "file_write_seconds": 9.20960446819663e-05,
      "operation_seconds": 0.020717844017781317,
      "total_phase_seconds": 0.024109026009682566,
      "scope": "file writes include journal intent/add/flush; excludes this timing receipt and checkpoint writes",
      "mode": "stage4_sealed_cell",
      "banner": "sealed Stage 4; scientific admission also requires complete declared populations"
    },
    {
      "phase": "edit:15",
      "identity_check_kind": "in_memory_structure_and_configuration",
      "recipe_verification_seconds": 0.0,
      "identity_verification_seconds": 0.0,
      "identity_check_seconds": 0.0020300940377637744,
      "state_hash_seconds": 9.110599057748914e-05,
      "clone_seconds": 0.0,
      "restore_seconds": 0.0,
      "file_write_seconds": 6.061594467610121e-05,
      "operation_seconds": 0.12326653901254758,
      "total_phase_seconds": 0.12551978998817503,
      "scope": "file writes include journal intent/add/flush; excludes this timing receipt and checkpoint writes",
      "mode": "stage4_sealed_cell",
      "banner": "sealed Stage 4; scientific admission also requires complete declared populations"
    },
    {
      "phase": "immediate:15",
      "identity_check_kind": "in_memory_structure_and_configuration",
      "recipe_verification_seconds": 0.0,
      "identity_verification_seconds": 0.0,
      "identity_check_seconds": 0.0020075690117664635,
      "state_hash_seconds": 0.0013786650379188359,
      "clone_seconds": 0.0,
      "restore_seconds": 0.0,
      "file_write_seconds": 5.62380300834775e-05,
      "operation_seconds": 0.03093833103775978,
      "total_phase_seconds": 0.0344566970015876,
      "scope": "file writes include journal intent/add/flush; excludes this timing receipt and checkpoint writes",
      "mode": "stage4_sealed_cell",
      "banner": "sealed Stage 4; scientific admission also requires complete declared populations"
    },
    {
      "phase": "edit:16",
      "identity_check_kind": "in_memory_structure_and_configuration",
      "recipe_verification_seconds": 0.0,
      "identity_verification_seconds": 0.0,
      "identity_check_seconds": 0.0022585499682463706,
      "state_hash_seconds": 0.0001050900318659842,
      "clone_seconds": 0.0,
      "restore_seconds": 0.0,
      "file_write_seconds": 6.389297777786851e-05,
      "operation_seconds": 0.13598468503914773,
      "total_phase_seconds": 0.13848075101850554,
      "scope": "file writes include journal intent/add/flush; excludes this timing receipt and checkpoint writes",
      "mode": "stage4_sealed_cell",
      "banner": "sealed Stage 4; scientific admission also requires complete declared populations"
    },
    {
      "phase": "immediate:16",
      "identity_check_kind": "in_memory_structure_and_configuration",
      "recipe_verification_seconds": 0.0,
      "identity_verification_seconds": 0.0,
      "identity_check_seconds": 0.0019635350327007473,
      "state_hash_seconds": 0.0013734529493376613,
      "clone_seconds": 0.0,
      "restore_seconds": 0.0,
      "file_write_seconds": 0.004720411030575633,
      "operation_seconds": 0.03337765799369663,
      "total_phase_seconds": 0.04150912899058312,
      "scope": "file writes include journal intent/add/flush; excludes this timing receipt and checkpoint writes",
      "mode": "stage4_sealed_cell",
      "banner": "sealed Stage 4; scientific admission also requires complete declared populations"
    },
    {
      "phase": "edit:17",
      "identity_check_kind": "in_memory_structure_and_configuration",
      "recipe_verification_seconds": 0.0,
      "identity_verification_seconds": 0.0,
      "identity_check_seconds": 0.002136256021913141,
      "state_hash_seconds": 0.00010193604975938797,
      "clone_seconds": 0.0,
      "restore_seconds": 0.0,
      "file_write_seconds": 0.0012520000454969704,
      "operation_seconds": 0.14705367904389277,
      "total_phase_seconds": 0.15061189100379124,
      "scope": "file writes include journal intent/add/flush; excludes this timing receipt and checkpoint writes",
      "mode": "stage4_sealed_cell",
      "banner": "sealed Stage 4; scientific admission also requires complete declared populations"
    },
    {
      "phase": "immediate:17",
      "identity_check_kind": "in_memory_structure_and_configuration",
      "recipe_verification_seconds": 0.0,
      "identity_verification_seconds": 0.0,
      "identity_check_seconds": 0.0020966899464838207,
      "state_hash_seconds": 0.0015780950197950006,
      "clone_seconds": 0.0,
      "restore_seconds": 0.0,
      "file_write_seconds": 5.617894930765033e-05,
      "operation_seconds": 0.03060337802162394,
      "total_phase_seconds": 0.03441331401700154,
      "scope": "file writes include journal intent/add/flush; excludes this timing receipt and checkpoint writes",
      "mode": "stage4_sealed_cell",
      "banner": "sealed Stage 4; scientific admission also requires complete declared populations"
    },
    {
      "phase": "edit:18",
      "identity_check_kind": "in_memory_structure_and_configuration",
      "recipe_verification_seconds": 0.0,
      "identity_verification_seconds": 0.0,
      "identity_check_seconds": 0.0019531149882823229,
      "state_hash_seconds": 8.42319568619132e-05,
      "clone_seconds": 0.0,
      "restore_seconds": 0.0,
      "file_write_seconds": 6.041501183062792e-05,
      "operation_seconds": 0.24011169600998983,
      "total_phase_seconds": 0.24227002495899796,
      "scope": "file writes include journal intent/add/flush; excludes this timing receipt and checkpoint writes",
      "mode": "stage4_sealed_cell",
      "banner": "sealed Stage 4; scientific admission also requires complete declared populations"
    },
    {
      "phase": "immediate:18",
      "identity_check_kind": "in_memory_structure_and_configuration",
      "recipe_verification_seconds": 0.0,
      "identity_verification_seconds": 0.0,
      "identity_check_seconds": 0.002017037011682987,
      "state_hash_seconds": 0.0015657119802199304,
      "clone_seconds": 0.0,
      "restore_seconds": 0.0,
      "file_write_seconds": 5.674903513863683e-05,
      "operation_seconds": 0.038703529979102314,
      "total_phase_seconds": 0.042421078018378466,
      "scope": "file writes include journal intent/add/flush; excludes this timing receipt and checkpoint writes",
      "mode": "stage4_sealed_cell",
      "banner": "sealed Stage 4; scientific admission also requires complete declared populations"
    },
    {
      "phase": "edit:19",
      "identity_check_kind": "in_memory_structure_and_configuration",
      "recipe_verification_seconds": 0.0,
      "identity_verification_seconds": 0.0,
      "identity_check_seconds": 0.0019244899740442634,
      "state_hash_seconds": 9.240699000656605e-05,
      "clone_seconds": 0.0,
      "restore_seconds": 0.0,
      "file_write_seconds": 5.783000960946083e-05,
      "operation_seconds": 0.09383314504520968,
      "total_phase_seconds": 0.09596963098738343,
      "scope": "file writes include journal intent/add/flush; excludes this timing receipt and checkpoint writes",
      "mode": "stage4_sealed_cell",
      "banner": "sealed Stage 4; scientific admission also requires complete declared populations"
    },
    {
      "phase": "immediate:19",
      "identity_check_kind": "in_memory_structure_and_configuration",
      "recipe_verification_seconds": 0.0,
      "identity_verification_seconds": 0.0,
      "identity_check_seconds": 0.0019937040051445365,
      "state_hash_seconds": 0.0016508439439348876,
      "clone_seconds": 0.0,
      "restore_seconds": 0.0,
      "file_write_seconds": 5.73890283703804e-05,
      "operation_seconds": 0.021876265993341804,
      "total_phase_seconds": 0.025657574995420873,
      "scope": "file writes include journal intent/add/flush; excludes this timing receipt and checkpoint writes",
      "mode": "stage4_sealed_cell",
      "banner": "sealed Stage 4; scientific admission also requires complete declared populations"
    },
    {
      "phase": "edit:20",
      "identity_check_kind": "in_memory_structure_and_configuration",
      "recipe_verification_seconds": 0.0,
      "identity_verification_seconds": 0.0,
      "identity_check_seconds": 0.0018579920288175344,
      "state_hash_seconds": 8.056405931711197e-05,
      "clone_seconds": 0.0,
      "restore_seconds": 0.0,
      "file_write_seconds": 5.8842997532337904e-05,
      "operation_seconds": 0.0890299350139685,
      "total_phase_seconds": 0.0910885109915398,
      "scope": "file writes include journal intent/add/flush; excludes this timing receipt and checkpoint writes",
      "mode": "stage4_sealed_cell",
      "banner": "sealed Stage 4; scientific admission also requires complete declared populations"
    },
    {
      "phase": "immediate:20",
      "identity_check_kind": "in_memory_structure_and_configuration",
      "recipe_verification_seconds": 0.0,
      "identity_verification_seconds": 0.0,
      "identity_check_seconds": 0.001886916987132281,
      "state_hash_seconds": 0.0016531400615349412,
      "clone_seconds": 0.0,
      "restore_seconds": 0.0,
      "file_write_seconds": 5.762203363701701e-05,
      "operation_seconds": 0.022072691994253546,
      "total_phase_seconds": 0.025747237028554082,
      "scope": "file writes include journal intent/add/flush; excludes this timing receipt and checkpoint writes",
      "mode": "stage4_sealed_cell",
      "banner": "sealed Stage 4; scientific admission also requires complete declared populations"
    },
    {
      "phase": "edit:21",
      "identity_check_kind": "in_memory_structure_and_configuration",
      "recipe_verification_seconds": 0.0,
      "identity_verification_seconds": 0.0,
      "identity_check_seconds": 0.002147337014321238,
      "state_hash_seconds": 9.368103928864002e-05,
      "clone_seconds": 0.0,
      "restore_seconds": 0.0,
      "file_write_seconds": 6.109802052378654e-05,
      "operation_seconds": 0.09322768298443407,
      "total_phase_seconds": 0.09559577400796115,
      "scope": "file writes include journal intent/add/flush; excludes this timing receipt and checkpoint writes",
      "mode": "stage4_sealed_cell",
      "banner": "sealed Stage 4; scientific admission also requires complete declared populations"
    },
    {
      "phase": "immediate:21",
      "identity_check_kind": "in_memory_structure_and_configuration",
      "recipe_verification_seconds": 0.0,
      "identity_verification_seconds": 0.0,
      "identity_check_seconds": 0.0018776189535856247,
      "state_hash_seconds": 0.00171297398628667,
      "clone_seconds": 0.0,
      "restore_seconds": 0.0,
      "file_write_seconds": 5.6819000747054815e-05,
      "operation_seconds": 0.021964655024930835,
      "total_phase_seconds": 0.025688164052553475,
      "scope": "file writes include journal intent/add/flush; excludes this timing receipt and checkpoint writes",
      "mode": "stage4_sealed_cell",
      "banner": "sealed Stage 4; scientific admission also requires complete declared populations"
    },
    {
      "phase": "edit:22",
      "identity_check_kind": "in_memory_structure_and_configuration",
      "recipe_verification_seconds": 0.0,
      "identity_verification_seconds": 0.0,
      "identity_check_seconds": 0.0021021220018155873,
      "state_hash_seconds": 9.585398947820067e-05,
      "clone_seconds": 0.0,
      "restore_seconds": 0.0,
      "file_write_seconds": 5.6239019613713026e-05,
      "operation_seconds": 0.09513412899104878,
      "total_phase_seconds": 0.09745332598686218,
      "scope": "file writes include journal intent/add/flush; excludes this timing receipt and checkpoint writes",
      "mode": "stage4_sealed_cell",
      "banner": "sealed Stage 4; scientific admission also requires complete declared populations"
    },
    {
      "phase": "immediate:22",
      "identity_check_kind": "in_memory_structure_and_configuration",
      "recipe_verification_seconds": 0.0,
      "identity_verification_seconds": 0.0,
      "identity_check_seconds": 0.0023831590660847723,
      "state_hash_seconds": 0.0018860960844904184,
      "clone_seconds": 0.0,
      "restore_seconds": 0.0,
      "file_write_seconds": 9.18760197237134e-05,
      "operation_seconds": 0.023965350992511958,
      "total_phase_seconds": 0.02841776702553034,
      "scope": "file writes include journal intent/add/flush; excludes this timing receipt and checkpoint writes",
      "mode": "stage4_sealed_cell",
      "banner": "sealed Stage 4; scientific admission also requires complete declared populations"
    },
    {
      "phase": "edit:23",
      "identity_check_kind": "in_memory_structure_and_configuration",
      "recipe_verification_seconds": 0.0,
      "identity_verification_seconds": 0.0,
      "identity_check_seconds": 0.0021776549983769655,
      "state_hash_seconds": 0.00011628400534391403,
      "clone_seconds": 0.0,
      "restore_seconds": 0.0,
      "file_write_seconds": 6.0215010307729244e-05,
      "operation_seconds": 0.18939234799472615,
      "total_phase_seconds": 0.19182383100269362,
      "scope": "file writes include journal intent/add/flush; excludes this timing receipt and checkpoint writes",
      "mode": "stage4_sealed_cell",
      "banner": "sealed Stage 4; scientific admission also requires complete declared populations"
    },
    {
      "phase": "immediate:23",
      "identity_check_kind": "in_memory_structure_and_configuration",
      "recipe_verification_seconds": 0.0,
      "identity_verification_seconds": 0.0,
      "identity_check_seconds": 0.002112611022312194,
      "state_hash_seconds": 0.001860317075625062,
      "clone_seconds": 0.0,
      "restore_seconds": 0.0,
      "file_write_seconds": 5.6146993301808834e-05,
      "operation_seconds": 0.03390883601969108,
      "total_phase_seconds": 0.03803546802373603,
      "scope": "file writes include journal intent/add/flush; excludes this timing receipt and checkpoint writes",
      "mode": "stage4_sealed_cell",
      "banner": "sealed Stage 4; scientific admission also requires complete declared populations"
    },
    {
      "phase": "edit:24",
      "identity_check_kind": "in_memory_structure_and_configuration",
      "recipe_verification_seconds": 0.0,
      "identity_verification_seconds": 0.0,
      "identity_check_seconds": 0.0020214859978295863,
      "state_hash_seconds": 9.401899296790361e-05,
      "clone_seconds": 0.0,
      "restore_seconds": 0.0,
      "file_write_seconds": 5.675898864865303e-05,
      "operation_seconds": 0.24076338700251654,
      "total_phase_seconds": 0.2430008560186252,
      "scope": "file writes include journal intent/add/flush; excludes this timing receipt and checkpoint writes",
      "mode": "stage4_sealed_cell",
      "banner": "sealed Stage 4; scientific admission also requires complete declared populations"
    },
    {
      "phase": "immediate:24",
      "identity_check_kind": "in_memory_structure_and_configuration",
      "recipe_verification_seconds": 0.0,
      "identity_verification_seconds": 0.0,
      "identity_check_seconds": 0.00202621502103284,
      "state_hash_seconds": 0.002120897057466209,
      "clone_seconds": 0.0,
      "restore_seconds": 0.0,
      "file_write_seconds": 5.5216019973158836e-05,
      "operation_seconds": 0.04163600195897743,
      "total_phase_seconds": 0.0459198160097003,
      "scope": "file writes include journal intent/add/flush; excludes this timing receipt and checkpoint writes",
      "mode": "stage4_sealed_cell",
      "banner": "sealed Stage 4; scientific admission also requires complete declared populations"
    },
    {
      "phase": "edit:25",
      "identity_check_kind": "in_memory_structure_and_configuration",
      "recipe_verification_seconds": 0.0,
      "identity_verification_seconds": 0.0,
      "identity_check_seconds": 0.0020132989739067852,
      "state_hash_seconds": 0.00010221597040072083,
      "clone_seconds": 0.0,
      "restore_seconds": 0.0,
      "file_write_seconds": 5.8492005337029696e-05,
      "operation_seconds": 0.18225660600000992,
      "total_phase_seconds": 0.18449473701184615,
      "scope": "file writes include journal intent/add/flush; excludes this timing receipt and checkpoint writes",
      "mode": "stage4_sealed_cell",
      "banner": "sealed Stage 4; scientific admission also requires complete declared populations"
    },
    {
      "phase": "immediate:25",
      "identity_check_kind": "in_memory_structure_and_configuration",
      "recipe_verification_seconds": 0.0,
      "identity_verification_seconds": 0.0,
      "identity_check_seconds": 0.0029719890444539487,
      "state_hash_seconds": 0.0024083079188130796,
      "clone_seconds": 0.0,
      "restore_seconds": 0.0,
      "file_write_seconds": 5.571602378040552e-05,
      "operation_seconds": 0.03553936298703775,
      "total_phase_seconds": 0.041068585007451475,
      "scope": "file writes include journal intent/add/flush; excludes this timing receipt and checkpoint writes",
      "mode": "stage4_sealed_cell",
      "banner": "sealed Stage 4; scientific admission also requires complete declared populations"
    },
    {
      "phase": "edit:26",
      "identity_check_kind": "in_memory_structure_and_configuration",
      "recipe_verification_seconds": 0.0,
      "identity_verification_seconds": 0.0,
      "identity_check_seconds": 0.001902358082588762,
      "state_hash_seconds": 8.517300011590123e-05,
      "clone_seconds": 0.0,
      "restore_seconds": 0.0,
      "file_write_seconds": 6.139703327789903e-05,
      "operation_seconds": 0.08371396298753098,
      "total_phase_seconds": 0.08582174399634823,
      "scope": "file writes include journal intent/add/flush; excludes this timing receipt and checkpoint writes",
      "mode": "stage4_sealed_cell",
      "banner": "sealed Stage 4; scientific admission also requires complete declared populations"
    },
    {
      "phase": "immediate:26",
      "identity_check_kind": "in_memory_structure_and_configuration",
      "recipe_verification_seconds": 0.0,
      "identity_verification_seconds": 0.0,
      "identity_check_seconds": 0.0019555100006982684,
      "state_hash_seconds": 0.002193956112023443,
      "clone_seconds": 0.0,
      "restore_seconds": 0.0,
      "file_write_seconds": 6.388197652995586e-05,
      "operation_seconds": 0.026495522004552186,
      "total_phase_seconds": 0.030787622032221407,
      "scope": "file writes include journal intent/add/flush; excludes this timing receipt and checkpoint writes",
      "mode": "stage4_sealed_cell",
      "banner": "sealed Stage 4; scientific admission also requires complete declared populations"
    },
    {
      "phase": "edit:27",
      "identity_check_kind": "in_memory_structure_and_configuration",
      "recipe_verification_seconds": 0.0,
      "identity_verification_seconds": 0.0,
      "identity_check_seconds": 0.002101759018842131,
      "state_hash_seconds": 0.00010066293179988861,
      "clone_seconds": 0.0,
      "restore_seconds": 0.0,
      "file_write_seconds": 5.901302210986614e-05,
      "operation_seconds": 0.13066311099100858,
      "total_phase_seconds": 0.1329865870065987,
      "scope": "file writes include journal intent/add/flush; excludes this timing receipt and checkpoint writes",
      "mode": "stage4_sealed_cell",
      "banner": "sealed Stage 4; scientific admission also requires complete declared populations"
    },
    {
      "phase": "immediate:27",
      "identity_check_kind": "in_memory_structure_and_configuration",
      "recipe_verification_seconds": 0.0,
      "identity_verification_seconds": 0.0,
      "identity_check_seconds": 0.0027393019990995526,
      "state_hash_seconds": 0.0022521379869431257,
      "clone_seconds": 0.0,
      "restore_seconds": 0.0,
      "file_write_seconds": 5.989399505779147e-05,
      "operation_seconds": 0.03106850100448355,
      "total_phase_seconds": 0.036251128010917455,
      "scope": "file writes include journal intent/add/flush; excludes this timing receipt and checkpoint writes",
      "mode": "stage4_sealed_cell",
      "banner": "sealed Stage 4; scientific admission also requires complete declared populations"
    },
    {
      "phase": "edit:28",
      "identity_check_kind": "in_memory_structure_and_configuration",
      "recipe_verification_seconds": 0.0,
      "identity_verification_seconds": 0.0,
      "identity_check_seconds": 0.001983483030926436,
      "state_hash_seconds": 9.971094550564885e-05,
      "clone_seconds": 0.0,
      "restore_seconds": 0.0,
      "file_write_seconds": 5.770998541265726e-05,
      "operation_seconds": 0.1261193900136277,
      "total_phase_seconds": 0.1283221030025743,
      "scope": "file writes include journal intent/add/flush; excludes this timing receipt and checkpoint writes",
      "mode": "stage4_sealed_cell",
      "banner": "sealed Stage 4; scientific admission also requires complete declared populations"
    },
    {
      "phase": "immediate:28",
      "identity_check_kind": "in_memory_structure_and_configuration",
      "recipe_verification_seconds": 0.0,
      "identity_verification_seconds": 0.0,
      "identity_check_seconds": 0.002909949980676174,
      "state_hash_seconds": 0.0024701569927856326,
      "clone_seconds": 0.0,
      "restore_seconds": 0.0,
      "file_write_seconds": 5.697901360690594e-05,
      "operation_seconds": 0.031541237025521696,
      "total_phase_seconds": 0.03706593898823485,
      "scope": "file writes include journal intent/add/flush; excludes this timing receipt and checkpoint writes",
      "mode": "stage4_sealed_cell",
      "banner": "sealed Stage 4; scientific admission also requires complete declared populations"
    },
    {
      "phase": "edit:29",
      "identity_check_kind": "in_memory_structure_and_configuration",
      "recipe_verification_seconds": 0.0,
      "identity_verification_seconds": 0.0,
      "identity_check_seconds": 0.002458564005792141,
      "state_hash_seconds": 0.00013160199159756303,
      "clone_seconds": 0.0,
      "restore_seconds": 0.0,
      "file_write_seconds": 8.709699613973498e-05,
      "operation_seconds": 0.184167861007154,
      "total_phase_seconds": 0.18692493700655177,
      "scope": "file writes include journal intent/add/flush; excludes this timing receipt and checkpoint writes",
      "mode": "stage4_sealed_cell",
      "banner": "sealed Stage 4; scientific admission also requires complete declared populations"
    },
    {
      "phase": "immediate:29",
      "identity_check_kind": "in_memory_structure_and_configuration",
      "recipe_verification_seconds": 0.0,
      "identity_verification_seconds": 0.0,
      "identity_check_seconds": 0.001935852982569486,
      "state_hash_seconds": 0.00233582902001217,
      "clone_seconds": 0.0,
      "restore_seconds": 0.0,
      "file_write_seconds": 5.569698987528682e-05,
      "operation_seconds": 0.04644352995092049,
      "total_phase_seconds": 0.05084601097041741,
      "scope": "file writes include journal intent/add/flush; excludes this timing receipt and checkpoint writes",
      "mode": "stage4_sealed_cell",
      "banner": "sealed Stage 4; scientific admission also requires complete declared populations"
    },
    {
      "phase": "edit:30",
      "identity_check_kind": "in_memory_structure_and_configuration",
      "recipe_verification_seconds": 0.0,
      "identity_verification_seconds": 0.0,
      "identity_check_seconds": 0.0019417739822529256,
      "state_hash_seconds": 9.319896344095469e-05,
      "clone_seconds": 0.0,
      "restore_seconds": 0.0,
      "file_write_seconds": 5.87120302952826e-05,
      "operation_seconds": 0.08507753600133583,
      "total_phase_seconds": 0.08723320002900437,
      "scope": "file writes include journal intent/add/flush; excludes this timing receipt and checkpoint writes",
      "mode": "stage4_sealed_cell",
      "banner": "sealed Stage 4; scientific admission also requires complete declared populations"
    },
    {
      "phase": "immediate:30",
      "identity_check_kind": "in_memory_structure_and_configuration",
      "recipe_verification_seconds": 0.0,
      "identity_verification_seconds": 0.0,
      "identity_check_seconds": 0.0018917769775725901,
      "state_hash_seconds": 0.002422135032247752,
      "clone_seconds": 0.0,
      "restore_seconds": 0.0,
      "file_write_seconds": 5.530694033950567e-05,
      "operation_seconds": 0.027543071017134935,
      "total_phase_seconds": 0.03198449598858133,
      "scope": "file writes include journal intent/add/flush; excludes this timing receipt and checkpoint writes",
      "mode": "stage4_sealed_cell",
      "banner": "sealed Stage 4; scientific admission also requires complete declared populations"
    },
    {
      "phase": "edit:31",
      "identity_check_kind": "in_memory_structure_and_configuration",
      "recipe_verification_seconds": 0.0,
      "identity_verification_seconds": 0.0,
      "identity_check_seconds": 0.0019435060094110668,
      "state_hash_seconds": 0.00010532198939472437,
      "clone_seconds": 0.0,
      "restore_seconds": 0.0,
      "file_write_seconds": 5.897303344681859e-05,
      "operation_seconds": 0.16100893600378186,
      "total_phase_seconds": 0.1631812209961936,
      "scope": "file writes include journal intent/add/flush; excludes this timing receipt and checkpoint writes",
      "mode": "stage4_sealed_cell",
      "banner": "sealed Stage 4; scientific admission also requires complete declared populations"
    },
    {
      "phase": "immediate:31",
      "identity_check_kind": "in_memory_structure_and_configuration",
      "recipe_verification_seconds": 0.0,
      "identity_verification_seconds": 0.0,
      "identity_check_seconds": 0.0020088309538550675,
      "state_hash_seconds": 0.0025076690362766385,
      "clone_seconds": 0.0,
      "restore_seconds": 0.0,
      "file_write_seconds": 5.743000656366348e-05,
      "operation_seconds": 0.030561778985429555,
      "total_phase_seconds": 0.035215292009525,
      "scope": "file writes include journal intent/add/flush; excludes this timing receipt and checkpoint writes",
      "mode": "stage4_sealed_cell",
      "banner": "sealed Stage 4; scientific admission also requires complete declared populations"
    },
    {
      "phase": "edit:32",
      "identity_check_kind": "in_memory_structure_and_configuration",
      "recipe_verification_seconds": 0.0,
      "identity_verification_seconds": 0.0,
      "identity_check_seconds": 0.0019870289834216237,
      "state_hash_seconds": 0.00010562397073954344,
      "clone_seconds": 0.0,
      "restore_seconds": 0.0,
      "file_write_seconds": 5.793001037091017e-05,
      "operation_seconds": 0.12319370999466628,
      "total_phase_seconds": 0.12540527997771278,
      "scope": "file writes include journal intent/add/flush; excludes this timing receipt and checkpoint writes",
      "mode": "stage4_sealed_cell",
      "banner": "sealed Stage 4; scientific admission also requires complete declared populations"
    },
    {
      "phase": "immediate:32",
      "identity_check_kind": "in_memory_structure_and_configuration",
      "recipe_verification_seconds": 0.0,
      "identity_verification_seconds": 0.0,
      "identity_check_seconds": 0.002053146017715335,
      "state_hash_seconds": 0.002565088972914964,
      "clone_seconds": 0.0,
      "restore_seconds": 0.0,
      "file_write_seconds": 0.004595160949975252,
      "operation_seconds": 0.032148801954463124,
      "total_phase_seconds": 0.04144057701341808,
      "scope": "file writes include journal intent/add/flush; excludes this timing receipt and checkpoint writes",
      "mode": "stage4_sealed_cell",
      "banner": "sealed Stage 4; scientific admission also requires complete declared populations"
    },
    {
      "phase": "edit:33",
      "identity_check_kind": "in_memory_structure_and_configuration",
      "recipe_verification_seconds": 0.0,
      "identity_verification_seconds": 0.0,
      "identity_check_seconds": 0.002026183996349573,
      "state_hash_seconds": 9.341898839920759e-05,
      "clone_seconds": 0.0,
      "restore_seconds": 0.0,
      "file_write_seconds": 0.0012731710448861122,
      "operation_seconds": 0.08303471998078749,
      "total_phase_seconds": 0.08649205800611526,
      "scope": "file writes include journal intent/add/flush; excludes this timing receipt and checkpoint writes",
      "mode": "stage4_sealed_cell",
      "banner": "sealed Stage 4; scientific admission also requires complete declared populations"
    },
    {
      "phase": "immediate:33",
      "identity_check_kind": "in_memory_structure_and_configuration",
      "recipe_verification_seconds": 0.0,
      "identity_verification_seconds": 0.0,
      "identity_check_seconds": 0.0019836940336972475,
      "state_hash_seconds": 0.0026951980544254184,
      "clone_seconds": 0.0,
      "restore_seconds": 0.0,
      "file_write_seconds": 6.184802623465657e-05,
      "operation_seconds": 0.027149996953085065,
      "total_phase_seconds": 0.03196943801594898,
      "scope": "file writes include journal intent/add/flush; excludes this timing receipt and checkpoint writes",
      "mode": "stage4_sealed_cell",
      "banner": "sealed Stage 4; scientific admission also requires complete declared populations"
    },
    {
      "phase": "edit:34",
      "identity_check_kind": "in_memory_structure_and_configuration",
      "recipe_verification_seconds": 0.0,
      "identity_verification_seconds": 0.0,
      "identity_check_seconds": 0.002078995981719345,
      "state_hash_seconds": 0.00012727302964776754,
      "clone_seconds": 0.0,
      "restore_seconds": 0.0,
      "file_write_seconds": 5.8542005717754364e-05,
      "operation_seconds": 0.19862295599887148,
      "total_phase_seconds": 0.200956160959322,
      "scope": "file writes include journal intent/add/flush; excludes this timing receipt and checkpoint writes",
      "mode": "stage4_sealed_cell",
      "banner": "sealed Stage 4; scientific admission also requires complete declared populations"
    },
    {
      "phase": "immediate:34",
      "identity_check_kind": "in_memory_structure_and_configuration",
      "recipe_verification_seconds": 0.0,
      "identity_verification_seconds": 0.0,
      "identity_check_seconds": 0.0020161360152997077,
      "state_hash_seconds": 0.0028091460117138922,
      "clone_seconds": 0.0,
      "restore_seconds": 0.0,
      "file_write_seconds": 5.558604607358575e-05,
      "operation_seconds": 0.04537986102513969,
      "total_phase_seconds": 0.05034322798019275,
      "scope": "file writes include journal intent/add/flush; excludes this timing receipt and checkpoint writes",
      "mode": "stage4_sealed_cell",
      "banner": "sealed Stage 4; scientific admission also requires complete declared populations"
    },
    {
      "phase": "edit:35",
      "identity_check_kind": "in_memory_structure_and_configuration",
      "recipe_verification_seconds": 0.0,
      "identity_verification_seconds": 0.0,
      "identity_check_seconds": 0.002015835023485124,
      "state_hash_seconds": 0.00011458882363513112,
      "clone_seconds": 0.0,
      "restore_seconds": 0.0,
      "file_write_seconds": 6.396300159394741e-05,
      "operation_seconds": 0.13098094100132585,
      "total_phase_seconds": 0.1332594989798963,
      "scope": "file writes include journal intent/add/flush; excludes this timing receipt and checkpoint writes",
      "mode": "stage4_sealed_cell",
      "banner": "sealed Stage 4; scientific admission also requires complete declared populations"
    },
    {
      "phase": "immediate:35",
      "identity_check_kind": "in_memory_structure_and_configuration",
      "recipe_verification_seconds": 0.0,
      "identity_verification_seconds": 0.0,
      "identity_check_seconds": 0.0021550320088863373,
      "state_hash_seconds": 0.0029402790241874754,
      "clone_seconds": 0.0,
      "restore_seconds": 0.0,
      "file_write_seconds": 7.670599734410644e-05,
      "operation_seconds": 0.03285561699885875,
      "total_phase_seconds": 0.038110952998977154,
      "scope": "file writes include journal intent/add/flush; excludes this timing receipt and checkpoint writes",
      "mode": "stage4_sealed_cell",
      "banner": "sealed Stage 4; scientific admission also requires complete declared populations"
    },
    {
      "phase": "edit:36",
      "identity_check_kind": "in_memory_structure_and_configuration",
      "recipe_verification_seconds": 0.0,
      "identity_verification_seconds": 0.0,
      "identity_check_seconds": 0.002101150050293654,
      "state_hash_seconds": 0.00012207299005240202,
      "clone_seconds": 0.0,
      "restore_seconds": 0.0,
      "file_write_seconds": 5.753996083512902e-05,
      "operation_seconds": 0.12708359799580649,
      "total_phase_seconds": 0.12942925601964816,
      "scope": "file writes include journal intent/add/flush; excludes this timing receipt and checkpoint writes",
      "mode": "stage4_sealed_cell",
      "banner": "sealed Stage 4; scientific admission also requires complete declared populations"
    },
    {
      "phase": "immediate:36",
      "identity_check_kind": "in_memory_structure_and_configuration",
      "recipe_verification_seconds": 0.0,
      "identity_verification_seconds": 0.0,
      "identity_check_seconds": 0.0020400320063345134,
      "state_hash_seconds": 0.0028506459784694016,
      "clone_seconds": 0.0,
      "restore_seconds": 0.0,
      "file_write_seconds": 5.724997026845813e-05,
      "operation_seconds": 0.03378538996912539,
      "total_phase_seconds": 0.038807839970104396,
      "scope": "file writes include journal intent/add/flush; excludes this timing receipt and checkpoint writes",
      "mode": "stage4_sealed_cell",
      "banner": "sealed Stage 4; scientific admission also requires complete declared populations"
    },
    {
      "phase": "edit:37",
      "identity_check_kind": "in_memory_structure_and_configuration",
      "recipe_verification_seconds": 0.0,
      "identity_verification_seconds": 0.0,
      "identity_check_seconds": 0.0020285199279896915,
      "state_hash_seconds": 0.00012797501403838396,
      "clone_seconds": 0.0,
      "restore_seconds": 0.0,
      "file_write_seconds": 5.841202801093459e-05,
      "operation_seconds": 0.20891485002357513,
      "total_phase_seconds": 0.21119236800586805,
      "scope": "file writes include journal intent/add/flush; excludes this timing receipt and checkpoint writes",
      "mode": "stage4_sealed_cell",
      "banner": "sealed Stage 4; scientific admission also requires complete declared populations"
    },
    {
      "phase": "immediate:37",
      "identity_check_kind": "in_memory_structure_and_configuration",
      "recipe_verification_seconds": 0.0,
      "identity_verification_seconds": 0.0,
      "identity_check_seconds": 0.0020583259756676853,
      "state_hash_seconds": 0.003023977973498404,
      "clone_seconds": 0.0,
      "restore_seconds": 0.0,
      "file_write_seconds": 5.8402016293257475e-05,
      "operation_seconds": 0.040158568997867405,
      "total_phase_seconds": 0.04538547096308321,
      "scope": "file writes include journal intent/add/flush; excludes this timing receipt and checkpoint writes",
      "mode": "stage4_sealed_cell",
      "banner": "sealed Stage 4; scientific admission also requires complete declared populations"
    },
    {
      "phase": "edit:38",
      "identity_check_kind": "in_memory_structure_and_configuration",
      "recipe_verification_seconds": 0.0,
      "identity_verification_seconds": 0.0,
      "identity_check_seconds": 0.0021045049652457237,
      "state_hash_seconds": 0.00012520106974989176,
      "clone_seconds": 0.0,
      "restore_seconds": 0.0,
      "file_write_seconds": 5.830102600157261e-05,
      "operation_seconds": 0.13324850902426988,
      "total_phase_seconds": 0.1355979440268129,
      "scope": "file writes include journal intent/add/flush; excludes this timing receipt and checkpoint writes",
      "mode": "stage4_sealed_cell",
      "banner": "sealed Stage 4; scientific admission also requires complete declared populations"
    },
    {
      "phase": "immediate:38",
      "identity_check_kind": "in_memory_structure_and_configuration",
      "recipe_verification_seconds": 0.0,
      "identity_verification_seconds": 0.0,
      "identity_check_seconds": 0.0021698999335058033,
      "state_hash_seconds": 0.003169465926475823,
      "clone_seconds": 0.0,
      "restore_seconds": 0.0,
      "file_write_seconds": 5.61079359613359e-05,
      "operation_seconds": 0.029305459989700466,
      "total_phase_seconds": 0.03477973700501025,
      "scope": "file writes include journal intent/add/flush; excludes this timing receipt and checkpoint writes",
      "mode": "stage4_sealed_cell",
      "banner": "sealed Stage 4; scientific admission also requires complete declared populations"
    },
    {
      "phase": "edit:39",
      "identity_check_kind": "in_memory_structure_and_configuration",
      "recipe_verification_seconds": 0.0,
      "identity_verification_seconds": 0.0,
      "identity_check_seconds": 0.00187313201604411,
      "state_hash_seconds": 0.00012191192945465446,
      "clone_seconds": 0.0,
      "restore_seconds": 0.0,
      "file_write_seconds": 7.552606984972954e-05,
      "operation_seconds": 0.21036806603660807,
      "total_phase_seconds": 0.2125056650256738,
      "scope": "file writes include journal intent/add/flush; excludes this timing receipt and checkpoint writes",
      "mode": "stage4_sealed_cell",
      "banner": "sealed Stage 4; scientific admission also requires complete declared populations"
    },
    {
      "phase": "immediate:39",
      "identity_check_kind": "in_memory_structure_and_configuration",
      "recipe_verification_seconds": 0.0,
      "identity_verification_seconds": 0.0,
      "identity_check_seconds": 0.002042456006165594,
      "state_hash_seconds": 0.003166890994179994,
      "clone_seconds": 0.0,
      "restore_seconds": 0.0,
      "file_write_seconds": 5.794997559860349e-05,
      "operation_seconds": 0.04782052000518888,
      "total_phase_seconds": 0.0531688749906607,
      "scope": "file writes include journal intent/add/flush; excludes this timing receipt and checkpoint writes",
      "mode": "stage4_sealed_cell",
      "banner": "sealed Stage 4; scientific admission also requires complete declared populations"
    },
    {
      "phase": "edit:40",
      "identity_check_kind": "in_memory_structure_and_configuration",
      "recipe_verification_seconds": 0.0,
      "identity_verification_seconds": 0.0,
      "identity_check_seconds": 0.0022382710012607276,
      "state_hash_seconds": 0.00011535000521689653,
      "clone_seconds": 0.0,
      "restore_seconds": 0.0,
      "file_write_seconds": 5.7910976465791464e-05,
      "operation_seconds": 0.08397642499767244,
      "total_phase_seconds": 0.08645553898531944,
      "scope": "file writes include journal intent/add/flush; excludes this timing receipt and checkpoint writes",
      "mode": "stage4_sealed_cell",
      "banner": "sealed Stage 4; scientific admission also requires complete declared populations"
    },
    {
      "phase": "immediate:40",
      "identity_check_kind": "in_memory_structure_and_configuration",
      "recipe_verification_seconds": 0.0,
      "identity_verification_seconds": 0.0,
      "identity_check_seconds": 0.0019324650056660175,
      "state_hash_seconds": 0.003166280104778707,
      "clone_seconds": 0.0,
      "restore_seconds": 0.0,
      "file_write_seconds": 5.5366079322993755e-05,
      "operation_seconds": 0.02834074996644631,
      "total_phase_seconds": 0.033570706960745156,
      "scope": "file writes include journal intent/add/flush; excludes this timing receipt and checkpoint writes",
      "mode": "stage4_sealed_cell",
      "banner": "sealed Stage 4; scientific admission also requires complete declared populations"
    },
    {
      "phase": "edit:41",
      "identity_check_kind": "in_memory_structure_and_configuration",
      "recipe_verification_seconds": 0.0,
      "identity_verification_seconds": 0.0,
      "identity_check_seconds": 0.002002308960072696,
      "state_hash_seconds": 0.0001094000181183219,
      "clone_seconds": 0.0,
      "restore_seconds": 0.0,
      "file_write_seconds": 5.7089957408607006e-05,
      "operation_seconds": 0.1606445179786533,
      "total_phase_seconds": 0.1628734310506843,
      "scope": "file writes include journal intent/add/flush; excludes this timing receipt and checkpoint writes",
      "mode": "stage4_sealed_cell",
      "banner": "sealed Stage 4; scientific admission also requires complete declared populations"
    },
    {
      "phase": "immediate:41",
      "identity_check_kind": "in_memory_structure_and_configuration",
      "recipe_verification_seconds": 0.0,
      "identity_verification_seconds": 0.0,
      "identity_check_seconds": 0.001993843005038798,
      "state_hash_seconds": 0.0033139949664473534,
      "clone_seconds": 0.0,
      "restore_seconds": 0.0,
      "file_write_seconds": 5.7730008848011494e-05,
      "operation_seconds": 0.03284699999494478,
      "total_phase_seconds": 0.03829242096981034,
      "scope": "file writes include journal intent/add/flush; excludes this timing receipt and checkpoint writes",
      "mode": "stage4_sealed_cell",
      "banner": "sealed Stage 4; scientific admission also requires complete declared populations"
    },
    {
      "phase": "edit:42",
      "identity_check_kind": "in_memory_structure_and_configuration",
      "recipe_verification_seconds": 0.0,
      "identity_verification_seconds": 0.0,
      "identity_check_seconds": 0.002162095974199474,
      "state_hash_seconds": 0.0001454880111850798,
      "clone_seconds": 0.0,
      "restore_seconds": 0.0,
      "file_write_seconds": 7.157702930271626e-05,
      "operation_seconds": 0.1253642219817266,
      "total_phase_seconds": 0.12781311705475673,
      "scope": "file writes include journal intent/add/flush; excludes this timing receipt and checkpoint writes",
      "mode": "stage4_sealed_cell",
      "banner": "sealed Stage 4; scientific admission also requires complete declared populations"
    },
    {
      "phase": "immediate:42",
      "identity_check_kind": "in_memory_structure_and_configuration",
      "recipe_verification_seconds": 0.0,
      "identity_verification_seconds": 0.0,
      "identity_check_seconds": 0.0020372759317979217,
      "state_hash_seconds": 0.0035689909709617496,
      "clone_seconds": 0.0,
      "restore_seconds": 0.0,
      "file_write_seconds": 5.637702997773886e-05,
      "operation_seconds": 0.032901705999393016,
      "total_phase_seconds": 0.03864700102712959,
      "scope": "file writes include journal intent/add/flush; excludes this timing receipt and checkpoint writes",
      "mode": "stage4_sealed_cell",
      "banner": "sealed Stage 4; scientific admission also requires complete declared populations"
    },
    {
      "phase": "edit:43",
      "identity_check_kind": "in_memory_structure_and_configuration",
      "recipe_verification_seconds": 0.0,
      "identity_verification_seconds": 0.0,
      "identity_check_seconds": 0.00202119501773268,
      "state_hash_seconds": 0.00014844408724457026,
      "clone_seconds": 0.0,
      "restore_seconds": 0.0,
      "file_write_seconds": 5.896296352148056e-05,
      "operation_seconds": 0.16279685404151678,
      "total_phase_seconds": 0.16509346797829494,
      "scope": "file writes include journal intent/add/flush; excludes this timing receipt and checkpoint writes",
      "mode": "stage4_sealed_cell",
      "banner": "sealed Stage 4; scientific admission also requires complete declared populations"
    },
    {
      "phase": "immediate:43",
      "identity_check_kind": "in_memory_structure_and_configuration",
      "recipe_verification_seconds": 0.0,
      "identity_verification_seconds": 0.0,
      "identity_check_seconds": 0.0019775519613176584,
      "state_hash_seconds": 0.0033823950216174126,
      "clone_seconds": 0.0,
      "restore_seconds": 0.0,
      "file_write_seconds": 6.195902824401855e-05,
      "operation_seconds": 0.03265525202732533,
      "total_phase_seconds": 0.03815828397637233,
      "scope": "file writes include journal intent/add/flush; excludes this timing receipt and checkpoint writes",
      "mode": "stage4_sealed_cell",
      "banner": "sealed Stage 4; scientific admission also requires complete declared populations"
    },
    {
      "phase": "edit:44",
      "identity_check_kind": "in_memory_structure_and_configuration",
      "recipe_verification_seconds": 0.0,
      "identity_verification_seconds": 0.0,
      "identity_check_seconds": 0.002326220041140914,
      "state_hash_seconds": 0.00012518884614109993,
      "clone_seconds": 0.0,
      "restore_seconds": 0.0,
      "file_write_seconds": 5.814101314172149e-05,
      "operation_seconds": 0.0983510670484975,
      "total_phase_seconds": 0.10092484200140461,
      "scope": "file writes include journal intent/add/flush; excludes this timing receipt and checkpoint writes",
      "mode": "stage4_sealed_cell",
      "banner": "sealed Stage 4; scientific admission also requires complete declared populations"
    },
    {
      "phase": "immediate:44",
      "identity_check_kind": "in_memory_structure_and_configuration",
      "recipe_verification_seconds": 0.0,
      "identity_verification_seconds": 0.0,
      "identity_check_seconds": 0.001859045005403459,
      "state_hash_seconds": 0.0034517479361966252,
      "clone_seconds": 0.0,
      "restore_seconds": 0.0,
      "file_write_seconds": 5.63270878046751e-05,
      "operation_seconds": 0.0244770220015198,
      "total_phase_seconds": 0.029920108965598047,
      "scope": "file writes include journal intent/add/flush; excludes this timing receipt and checkpoint writes",
      "mode": "stage4_sealed_cell",
      "banner": "sealed Stage 4; scientific admission also requires complete declared populations"
    },
    {
      "phase": "edit:45",
      "identity_check_kind": "in_memory_structure_and_configuration",
      "recipe_verification_seconds": 0.0,
      "identity_verification_seconds": 0.0,
      "identity_check_seconds": 0.001959404966328293,
      "state_hash_seconds": 0.00012513995170593262,
      "clone_seconds": 0.0,
      "restore_seconds": 0.0,
      "file_write_seconds": 7.229897892102599e-05,
      "operation_seconds": 0.0859731730306521,
      "total_phase_seconds": 0.08819285000208765,
      "scope": "file writes include journal intent/add/flush; excludes this timing receipt and checkpoint writes",
      "mode": "stage4_sealed_cell",
      "banner": "sealed Stage 4; scientific admission also requires complete declared populations"
    },
    {
      "phase": "immediate:45",
      "identity_check_kind": "in_memory_structure_and_configuration",
      "recipe_verification_seconds": 0.0,
      "identity_verification_seconds": 0.0,
      "identity_check_seconds": 0.00191283697495237,
      "state_hash_seconds": 0.0034465689677745104,
      "clone_seconds": 0.0,
      "restore_seconds": 0.0,
      "file_write_seconds": 5.633797263726592e-05,
      "operation_seconds": 0.029688014008570462,
      "total_phase_seconds": 0.035177950048819184,
      "scope": "file writes include journal intent/add/flush; excludes this timing receipt and checkpoint writes",
      "mode": "stage4_sealed_cell",
      "banner": "sealed Stage 4; scientific admission also requires complete declared populations"
    },
    {
      "phase": "edit:46",
      "identity_check_kind": "in_memory_structure_and_configuration",
      "recipe_verification_seconds": 0.0,
      "identity_verification_seconds": 0.0,
      "identity_check_seconds": 0.0021075200056657195,
      "state_hash_seconds": 0.00012886588228866458,
      "clone_seconds": 0.0,
      "restore_seconds": 0.0,
      "file_write_seconds": 5.80810010433197e-05,
      "operation_seconds": 0.09134529397124425,
      "total_phase_seconds": 0.09370612999191508,
      "scope": "file writes include journal intent/add/flush; excludes this timing receipt and checkpoint writes",
      "mode": "stage4_sealed_cell",
      "banner": "sealed Stage 4; scientific admission also requires complete declared populations"
    },
    {
      "phase": "immediate:46",
      "identity_check_kind": "in_memory_structure_and_configuration",
      "recipe_verification_seconds": 0.0,
      "identity_verification_seconds": 0.0,
      "identity_check_seconds": 0.0020142319845035672,
      "state_hash_seconds": 0.003564272017683834,
      "clone_seconds": 0.0,
      "restore_seconds": 0.0,
      "file_write_seconds": 5.740998312830925e-05,
      "operation_seconds": 0.029433986986987293,
      "total_phase_seconds": 0.03515154903288931,
      "scope": "file writes include journal intent/add/flush; excludes this timing receipt and checkpoint writes",
      "mode": "stage4_sealed_cell",
      "banner": "sealed Stage 4; scientific admission also requires complete declared populations"
    },
    {
      "phase": "edit:47",
      "identity_check_kind": "in_memory_structure_and_configuration",
      "recipe_verification_seconds": 0.0,
      "identity_verification_seconds": 0.0,
      "identity_check_seconds": 0.0019966079853475094,
      "state_hash_seconds": 0.00012956903083249927,
      "clone_seconds": 0.0,
      "restore_seconds": 0.0,
      "file_write_seconds": 5.856197094544768e-05,
      "operation_seconds": 0.15391105698654428,
      "total_phase_seconds": 0.15616371599026024,
      "scope": "file writes include journal intent/add/flush; excludes this timing receipt and checkpoint writes",
      "mode": "stage4_sealed_cell",
      "banner": "sealed Stage 4; scientific admission also requires complete declared populations"
    },
    {
      "phase": "immediate:47",
      "identity_check_kind": "in_memory_structure_and_configuration",
      "recipe_verification_seconds": 0.0,
      "identity_verification_seconds": 0.0,
      "identity_check_seconds": 0.0019720509881153703,
      "state_hash_seconds": 0.00374894798733294,
      "clone_seconds": 0.0,
      "restore_seconds": 0.0,
      "file_write_seconds": 5.7529949117451906e-05,
      "operation_seconds": 0.032893159019295126,
      "total_phase_seconds": 0.03876086900709197,
      "scope": "file writes include journal intent/add/flush; excludes this timing receipt and checkpoint writes",
      "mode": "stage4_sealed_cell",
      "banner": "sealed Stage 4; scientific admission also requires complete declared populations"
    },
    {
      "phase": "edit:48",
      "identity_check_kind": "in_memory_structure_and_configuration",
      "recipe_verification_seconds": 0.0,
      "identity_verification_seconds": 0.0,
      "identity_check_seconds": 0.002103783015627414,
      "state_hash_seconds": 0.00014352391008287668,
      "clone_seconds": 0.0,
      "restore_seconds": 0.0,
      "file_write_seconds": 5.92630822211504e-05,
      "operation_seconds": 0.22741329902783036,
      "total_phase_seconds": 0.2297841549734585,
      "scope": "file writes include journal intent/add/flush; excludes this timing receipt and checkpoint writes",
      "mode": "stage4_sealed_cell",
      "banner": "sealed Stage 4; scientific admission also requires complete declared populations"
    },
    {
      "phase": "immediate:48",
      "identity_check_kind": "in_memory_structure_and_configuration",
      "recipe_verification_seconds": 0.0,
      "identity_verification_seconds": 0.0,
      "identity_check_seconds": 0.0019631730392575264,
      "state_hash_seconds": 0.0038723870529793203,
      "clone_seconds": 0.0,
      "restore_seconds": 0.0,
      "file_write_seconds": 0.004555915016680956,
      "operation_seconds": 0.04803189600352198,
      "total_phase_seconds": 0.05850881402147934,
      "scope": "file writes include journal intent/add/flush; excludes this timing receipt and checkpoint writes",
      "mode": "stage4_sealed_cell",
      "banner": "sealed Stage 4; scientific admission also requires complete declared populations"
    },
    {
      "phase": "edit:49",
      "identity_check_kind": "in_memory_structure_and_configuration",
      "recipe_verification_seconds": 0.0,
      "identity_verification_seconds": 0.0,
      "identity_check_seconds": 0.002095457981340587,
      "state_hash_seconds": 0.00015487702330574393,
      "clone_seconds": 0.0,
      "restore_seconds": 0.0,
      "file_write_seconds": 0.0012718180660158396,
      "operation_seconds": 0.24804832402151078,
      "total_phase_seconds": 0.25164063199190423,
      "scope": "file writes include journal intent/add/flush; excludes this timing receipt and checkpoint writes",
      "mode": "stage4_sealed_cell",
      "banner": "sealed Stage 4; scientific admission also requires complete declared populations"
    },
    {
      "phase": "immediate:49",
      "identity_check_kind": "in_memory_structure_and_configuration",
      "recipe_verification_seconds": 0.0,
      "identity_verification_seconds": 0.0,
      "identity_check_seconds": 0.0021595199941657484,
      "state_hash_seconds": 0.0040389440837316215,
      "clone_seconds": 0.0,
      "restore_seconds": 0.0,
      "file_write_seconds": 5.5917014833539724e-05,
      "operation_seconds": 0.04493232298409566,
      "total_phase_seconds": 0.051276155980303884,
      "scope": "file writes include journal intent/add/flush; excludes this timing receipt and checkpoint writes",
      "mode": "stage4_sealed_cell",
      "banner": "sealed Stage 4; scientific admission also requires complete declared populations"
    },
    {
      "phase": "edit:50",
      "identity_check_kind": "in_memory_structure_and_configuration",
      "recipe_verification_seconds": 0.0,
      "identity_verification_seconds": 0.0,
      "identity_check_seconds": 0.0020739760366268456,
      "state_hash_seconds": 0.00019433395937085152,
      "clone_seconds": 0.0,
      "restore_seconds": 0.0,
      "file_write_seconds": 6.091600516811013e-05,
      "operation_seconds": 0.13340827502543107,
      "total_phase_seconds": 0.13580925803398713,
      "scope": "file writes include journal intent/add/flush; excludes this timing receipt and checkpoint writes",
      "mode": "stage4_sealed_cell",
      "banner": "sealed Stage 4; scientific admission also requires complete declared populations"
    },
    {
      "phase": "immediate:50",
      "identity_check_kind": "in_memory_structure_and_configuration",
      "recipe_verification_seconds": 0.0,
      "identity_verification_seconds": 0.0,
      "identity_check_seconds": 0.0021220080088824034,
      "state_hash_seconds": 0.00409370003035292,
      "clone_seconds": 0.0,
      "restore_seconds": 0.0,
      "file_write_seconds": 6.528495578095317e-05,
      "operation_seconds": 0.028894822055008262,
      "total_phase_seconds": 0.03529582603368908,
      "scope": "file writes include journal intent/add/flush; excludes this timing receipt and checkpoint writes",
      "mode": "stage4_sealed_cell",
      "banner": "sealed Stage 4; scientific admission also requires complete declared populations"
    },
    {
      "phase": "edit:51",
      "identity_check_kind": "in_memory_structure_and_configuration",
      "recipe_verification_seconds": 0.0,
      "identity_verification_seconds": 0.0,
      "identity_check_seconds": 0.001971692021470517,
      "state_hash_seconds": 0.00014066998846828938,
      "clone_seconds": 0.0,
      "restore_seconds": 0.0,
      "file_write_seconds": 5.7330005802214146e-05,
      "operation_seconds": 0.13385970098897815,
      "total_phase_seconds": 0.13609139900654554,
      "scope": "file writes include journal intent/add/flush; excludes this timing receipt and checkpoint writes",
      "mode": "stage4_sealed_cell",
      "banner": "sealed Stage 4; scientific admission also requires complete declared populations"
    },
    {
      "phase": "immediate:51",
      "identity_check_kind": "in_memory_structure_and_configuration",
      "recipe_verification_seconds": 0.0,
      "identity_verification_seconds": 0.0,
      "identity_check_seconds": 0.0020954679930582643,
      "state_hash_seconds": 0.00401059997966513,
      "clone_seconds": 0.0,
      "restore_seconds": 0.0,
      "file_write_seconds": 5.8281002566218376e-05,
      "operation_seconds": 0.030522172979544848,
      "total_phase_seconds": 0.036772546998690814,
      "scope": "file writes include journal intent/add/flush; excludes this timing receipt and checkpoint writes",
      "mode": "stage4_sealed_cell",
      "banner": "sealed Stage 4; scientific admission also requires complete declared populations"
    },
    {
      "phase": "edit:52",
      "identity_check_kind": "in_memory_structure_and_configuration",
      "recipe_verification_seconds": 0.0,
      "identity_verification_seconds": 0.0,
      "identity_check_seconds": 0.0019020680338144302,
      "state_hash_seconds": 0.00014363398076966405,
      "clone_seconds": 0.0,
      "restore_seconds": 0.0,
      "file_write_seconds": 5.8011035434901714e-05,
      "operation_seconds": 0.16464005800662562,
      "total_phase_seconds": 0.16680487000849098,
      "scope": "file writes include journal intent/add/flush; excludes this timing receipt and checkpoint writes",
      "mode": "stage4_sealed_cell",
      "banner": "sealed Stage 4; scientific admission also requires complete declared populations"
    },
    {
      "phase": "immediate:52",
      "identity_check_kind": "in_memory_structure_and_configuration",
      "recipe_verification_seconds": 0.0,
      "identity_verification_seconds": 0.0,
      "identity_check_seconds": 0.0020892960019409657,
      "state_hash_seconds": 0.00406352209392935,
      "clone_seconds": 0.0,
      "restore_seconds": 0.0,
      "file_write_seconds": 5.570705980062485e-05,
      "operation_seconds": 0.033752235991414636,
      "total_phase_seconds": 0.04004258697386831,
      "scope": "file writes include journal intent/add/flush; excludes this timing receipt and checkpoint writes",
      "mode": "stage4_sealed_cell",
      "banner": "sealed Stage 4; scientific admission also requires complete declared populations"
    },
    {
      "phase": "edit:53",
      "identity_check_kind": "in_memory_structure_and_configuration",
      "recipe_verification_seconds": 0.0,
      "identity_verification_seconds": 0.0,
      "identity_check_seconds": 0.0019647279987111688,
      "state_hash_seconds": 0.00013584899716079235,
      "clone_seconds": 0.0,
      "restore_seconds": 0.0,
      "file_write_seconds": 5.737098399549723e-05,
      "operation_seconds": 0.1991308499709703,
      "total_phase_seconds": 0.20135023596230894,
      "scope": "file writes include journal intent/add/flush; excludes this timing receipt and checkpoint writes",
      "mode": "stage4_sealed_cell",
      "banner": "sealed Stage 4; scientific admission also requires complete declared populations"
    },
    {
      "phase": "immediate:53",
      "identity_check_kind": "in_memory_structure_and_configuration",
      "recipe_verification_seconds": 0.0,
      "identity_verification_seconds": 0.0,
      "identity_check_seconds": 0.0023185359896160662,
      "state_hash_seconds": 0.0040120730409398675,
      "clone_seconds": 0.0,
      "restore_seconds": 0.0,
      "file_write_seconds": 5.527498433366418e-05,
      "operation_seconds": 0.044185640988871455,
      "total_phase_seconds": 0.05064569797832519,
      "scope": "file writes include journal intent/add/flush; excludes this timing receipt and checkpoint writes",
      "mode": "stage4_sealed_cell",
      "banner": "sealed Stage 4; scientific admission also requires complete declared populations"
    },
    {
      "phase": "edit:54",
      "identity_check_kind": "in_memory_structure_and_configuration",
      "recipe_verification_seconds": 0.0,
      "identity_verification_seconds": 0.0,
      "identity_check_seconds": 0.002115154988132417,
      "state_hash_seconds": 0.00016341399168595672,
      "clone_seconds": 0.0,
      "restore_seconds": 0.0,
      "file_write_seconds": 5.833205068483949e-05,
      "operation_seconds": 0.1616064219851978,
      "total_phase_seconds": 0.16400547203375027,
      "scope": "file writes include journal intent/add/flush; excludes this timing receipt and checkpoint writes",
      "mode": "stage4_sealed_cell",
      "banner": "sealed Stage 4; scientific admission also requires complete declared populations"
    },
    {
      "phase": "immediate:54",
      "identity_check_kind": "in_memory_structure_and_configuration",
      "recipe_verification_seconds": 0.0,
      "identity_verification_seconds": 0.0,
      "identity_check_seconds": 0.002043428015895188,
      "state_hash_seconds": 0.004426618048455566,
      "clone_seconds": 0.0,
      "restore_seconds": 0.0,
      "file_write_seconds": 5.62380300834775e-05,
      "operation_seconds": 0.041564624989405274,
      "total_phase_seconds": 0.04817826597718522,
      "scope": "file writes include journal intent/add/flush; excludes this timing receipt and checkpoint writes",
      "mode": "stage4_sealed_cell",
      "banner": "sealed Stage 4; scientific admission also requires complete declared populations"
    },
    {
      "phase": "edit:55",
      "identity_check_kind": "in_memory_structure_and_configuration",
      "recipe_verification_seconds": 0.0,
      "identity_verification_seconds": 0.0,
      "identity_check_seconds": 0.0019821510068140924,
      "state_hash_seconds": 0.00015432504005730152,
      "clone_seconds": 0.0,
      "restore_seconds": 0.0,
      "file_write_seconds": 6.097601726651192e-05,
      "operation_seconds": 0.08704943698830903,
      "total_phase_seconds": 0.0893100620014593,
      "scope": "file writes include journal intent/add/flush; excludes this timing receipt and checkpoint writes",
      "mode": "stage4_sealed_cell",
      "banner": "sealed Stage 4; scientific admission also requires complete declared populations"
    },
    {
      "phase": "immediate:55",
      "identity_check_kind": "in_memory_structure_and_configuration",
      "recipe_verification_seconds": 0.0,
      "identity_verification_seconds": 0.0,
      "identity_check_seconds": 0.0019076180178672075,
      "state_hash_seconds": 0.004232244042214006,
      "clone_seconds": 0.0,
      "restore_seconds": 0.0,
      "file_write_seconds": 5.66780217923224e-05,
      "operation_seconds": 0.028300984005909413,
      "total_phase_seconds": 0.034572277974803,
      "scope": "file writes include journal intent/add/flush; excludes this timing receipt and checkpoint writes",
      "mode": "stage4_sealed_cell",
      "banner": "sealed Stage 4; scientific admission also requires complete declared populations"
    },
    {
      "phase": "edit:56",
      "identity_check_kind": "in_memory_structure_and_configuration",
      "recipe_verification_seconds": 0.0,
      "identity_verification_seconds": 0.0,
      "identity_check_seconds": 0.002227841003332287,
      "state_hash_seconds": 0.0001521020312793553,
      "clone_seconds": 0.0,
      "restore_seconds": 0.0,
      "file_write_seconds": 5.8472040109336376e-05,
      "operation_seconds": 0.17992009699810296,
      "total_phase_seconds": 0.18241958902217448,
      "scope": "file writes include journal intent/add/flush; excludes this timing receipt and checkpoint writes",
      "mode": "stage4_sealed_cell",
      "banner": "sealed Stage 4; scientific admission also requires complete declared populations"
    },
    {
      "phase": "immediate:56",
      "identity_check_kind": "in_memory_structure_and_configuration",
      "recipe_verification_seconds": 0.0,
      "identity_verification_seconds": 0.0,
      "identity_check_seconds": 0.002024201035965234,
      "state_hash_seconds": 0.0045391039457172155,
      "clone_seconds": 0.0,
      "restore_seconds": 0.0,
      "file_write_seconds": 5.4915028158575296e-05,
      "operation_seconds": 0.03087218396831304,
      "total_phase_seconds": 0.03757432498969138,
      "scope": "file writes include journal intent/add/flush; excludes this timing receipt and checkpoint writes",
      "mode": "stage4_sealed_cell",
      "banner": "sealed Stage 4; scientific admission also requires complete declared populations"
    },
    {
      "phase": "edit:57",
      "identity_check_kind": "in_memory_structure_and_configuration",
      "recipe_verification_seconds": 0.0,
      "identity_verification_seconds": 0.0,
      "identity_check_seconds": 0.001938766974490136,
      "state_hash_seconds": 0.00015651009744033217,
      "clone_seconds": 0.0,
      "restore_seconds": 0.0,
      "file_write_seconds": 5.811103619635105e-05,
      "operation_seconds": 0.2529198349802755,
      "total_phase_seconds": 0.2551361249643378,
      "scope": "file writes include journal intent/add/flush; excludes this timing receipt and checkpoint writes",
      "mode": "stage4_sealed_cell",
      "banner": "sealed Stage 4; scientific admission also requires complete declared populations"
    },
    {
      "phase": "immediate:57",
      "identity_check_kind": "in_memory_structure_and_configuration",
      "recipe_verification_seconds": 0.0,
      "identity_verification_seconds": 0.0,
      "identity_check_seconds": 0.0020647889468818903,
      "state_hash_seconds": 0.004831475031096488,
      "clone_seconds": 0.0,
      "restore_seconds": 0.0,
      "file_write_seconds": 5.85719826631248e-05,
      "operation_seconds": 0.03464222198817879,
      "total_phase_seconds": 0.04170318099204451,
      "scope": "file writes include journal intent/add/flush; excludes this timing receipt and checkpoint writes",
      "mode": "stage4_sealed_cell",
      "banner": "sealed Stage 4; scientific admission also requires complete declared populations"
    },
    {
      "phase": "edit:58",
      "identity_check_kind": "in_memory_structure_and_configuration",
      "recipe_verification_seconds": 0.0,
      "identity_verification_seconds": 0.0,
      "identity_check_seconds": 0.0020013280445709825,
      "state_hash_seconds": 0.00015851407079026103,
      "clone_seconds": 0.0,
      "restore_seconds": 0.0,
      "file_write_seconds": 5.903397686779499e-05,
      "operation_seconds": 0.28637473098933697,
      "total_phase_seconds": 0.28865936101647094,
      "scope": "file writes include journal intent/add/flush; excludes this timing receipt and checkpoint writes",
      "mode": "stage4_sealed_cell",
      "banner": "sealed Stage 4; scientific admission also requires complete declared populations"
    },
    {
      "phase": "immediate:58",
      "identity_check_kind": "in_memory_structure_and_configuration",
      "recipe_verification_seconds": 0.0,
      "identity_verification_seconds": 0.0,
      "identity_check_seconds": 0.0020191920339129865,
      "state_hash_seconds": 0.004629146016668528,
      "clone_seconds": 0.0,
      "restore_seconds": 0.0,
      "file_write_seconds": 6.124697392806411e-05,
      "operation_seconds": 0.05774323595687747,
      "total_phase_seconds": 0.06453892594436184,
      "scope": "file writes include journal intent/add/flush; excludes this timing receipt and checkpoint writes",
      "mode": "stage4_sealed_cell",
      "banner": "sealed Stage 4; scientific admission also requires complete declared populations"
    },
    {
      "phase": "edit:59",
      "identity_check_kind": "in_memory_structure_and_configuration",
      "recipe_verification_seconds": 0.0,
      "identity_verification_seconds": 0.0,
      "identity_check_seconds": 0.002276084036566317,
      "state_hash_seconds": 0.0001847340608946979,
      "clone_seconds": 0.0,
      "restore_seconds": 0.0,
      "file_write_seconds": 5.735998274758458e-05,
      "operation_seconds": 0.18108899699291214,
      "total_phase_seconds": 0.1836810570093803,
      "scope": "file writes include journal intent/add/flush; excludes this timing receipt and checkpoint writes",
      "mode": "stage4_sealed_cell",
      "banner": "sealed Stage 4; scientific admission also requires complete declared populations"
    },
    {
      "phase": "immediate:59",
      "identity_check_kind": "in_memory_structure_and_configuration",
      "recipe_verification_seconds": 0.0,
      "identity_verification_seconds": 0.0,
      "identity_check_seconds": 0.0019875210127793252,
      "state_hash_seconds": 0.004777220019605011,
      "clone_seconds": 0.0,
      "restore_seconds": 0.0,
      "file_write_seconds": 6.407301407307386e-05,
      "operation_seconds": 0.03501554799731821,
      "total_phase_seconds": 0.041968470031861216,
      "scope": "file writes include journal intent/add/flush; excludes this timing receipt and checkpoint writes",
      "mode": "stage4_sealed_cell",
      "banner": "sealed Stage 4; scientific admission also requires complete declared populations"
    },
    {
      "phase": "edit:60",
      "identity_check_kind": "in_memory_structure_and_configuration",
      "recipe_verification_seconds": 0.0,
      "identity_verification_seconds": 0.0,
      "identity_check_seconds": 0.001959407003596425,
      "state_hash_seconds": 0.00014578003901988268,
      "clone_seconds": 0.0,
      "restore_seconds": 0.0,
      "file_write_seconds": 5.8142002671957016e-05,
      "operation_seconds": 0.1025052519980818,
      "total_phase_seconds": 0.10473042796365917,
      "scope": "file writes include journal intent/add/flush; excludes this timing receipt and checkpoint writes",
      "mode": "stage4_sealed_cell",
      "banner": "sealed Stage 4; scientific admission also requires complete declared populations"
    },
    {
      "phase": "immediate:60",
      "identity_check_kind": "in_memory_structure_and_configuration",
      "recipe_verification_seconds": 0.0,
      "identity_verification_seconds": 0.0,
      "identity_check_seconds": 0.0023641230072826147,
      "state_hash_seconds": 0.00491920200875029,
      "clone_seconds": 0.0,
      "restore_seconds": 0.0,
      "file_write_seconds": 9.105505887418985e-05,
      "operation_seconds": 0.030164828000124544,
      "total_phase_seconds": 0.03762520203599706,
      "scope": "file writes include journal intent/add/flush; excludes this timing receipt and checkpoint writes",
      "mode": "stage4_sealed_cell",
      "banner": "sealed Stage 4; scientific admission also requires complete declared populations"
    },
    {
      "phase": "edit:61",
      "identity_check_kind": "in_memory_structure_and_configuration",
      "recipe_verification_seconds": 0.0,
      "identity_verification_seconds": 0.0,
      "identity_check_seconds": 0.0019309929921291769,
      "state_hash_seconds": 0.0001388660166412592,
      "clone_seconds": 0.0,
      "restore_seconds": 0.0,
      "file_write_seconds": 5.871301982551813e-05,
      "operation_seconds": 0.17763706803089008,
      "total_phase_seconds": 0.17982773896073923,
      "scope": "file writes include journal intent/add/flush; excludes this timing receipt and checkpoint writes",
      "mode": "stage4_sealed_cell",
      "banner": "sealed Stage 4; scientific admission also requires complete declared populations"
    },
    {
      "phase": "immediate:61",
      "identity_check_kind": "in_memory_structure_and_configuration",
      "recipe_verification_seconds": 0.0,
      "identity_verification_seconds": 0.0,
      "identity_check_seconds": 0.0020174970268271863,
      "state_hash_seconds": 0.004840682027861476,
      "clone_seconds": 0.0,
      "restore_seconds": 0.0,
      "file_write_seconds": 6.835098611190915e-05,
      "operation_seconds": 0.03652340895496309,
      "total_phase_seconds": 0.04354995198082179,
      "scope": "file writes include journal intent/add/flush; excludes this timing receipt and checkpoint writes",
      "mode": "stage4_sealed_cell",
      "banner": "sealed Stage 4; scientific admission also requires complete declared populations"
    },
    {
      "phase": "edit:62",
      "identity_check_kind": "in_memory_structure_and_configuration",
      "recipe_verification_seconds": 0.0,
      "identity_verification_seconds": 0.0,
      "identity_check_seconds": 0.0021479480201378465,
      "state_hash_seconds": 0.00016098999185487628,
      "clone_seconds": 0.0,
      "restore_seconds": 0.0,
      "file_write_seconds": 5.6869001127779484e-05,
      "operation_seconds": 0.09715698700165376,
      "total_phase_seconds": 0.09958864899817854,
      "scope": "file writes include journal intent/add/flush; excludes this timing receipt and checkpoint writes",
      "mode": "stage4_sealed_cell",
      "banner": "sealed Stage 4; scientific admission also requires complete declared populations"
    },
    {
      "phase": "immediate:62",
      "identity_check_kind": "in_memory_structure_and_configuration",
      "recipe_verification_seconds": 0.0,
      "identity_verification_seconds": 0.0,
      "identity_check_seconds": 0.00187429302604869,
      "state_hash_seconds": 0.004939040052704513,
      "clone_seconds": 0.0,
      "restore_seconds": 0.0,
      "file_write_seconds": 5.9794983826577663e-05,
      "operation_seconds": 0.031474529998376966,
      "total_phase_seconds": 0.0384269300266169,
      "scope": "file writes include journal intent/add/flush; excludes this timing receipt and checkpoint writes",
      "mode": "stage4_sealed_cell",
      "banner": "sealed Stage 4; scientific admission also requires complete declared populations"
    },
    {
      "phase": "edit:63",
      "identity_check_kind": "in_memory_structure_and_configuration",
      "recipe_verification_seconds": 0.0,
      "identity_verification_seconds": 0.0,
      "identity_check_seconds": 0.002151385007891804,
      "state_hash_seconds": 0.00014228204963728786,
      "clone_seconds": 0.0,
      "restore_seconds": 0.0,
      "file_write_seconds": 5.836097989231348e-05,
      "operation_seconds": 0.12063634698279202,
      "total_phase_seconds": 0.12304843199672177,
      "scope": "file writes include journal intent/add/flush; excludes this timing receipt and checkpoint writes",
      "mode": "stage4_sealed_cell",
      "banner": "sealed Stage 4; scientific admission also requires complete declared populations"
    },
    {
      "phase": "immediate:63",
      "identity_check_kind": "in_memory_structure_and_configuration",
      "recipe_verification_seconds": 0.0,
      "identity_verification_seconds": 0.0,
      "identity_check_seconds": 0.002015985024627298,
      "state_hash_seconds": 0.004984917992260307,
      "clone_seconds": 0.0,
      "restore_seconds": 0.0,
      "file_write_seconds": 5.54159632883966e-05,
      "operation_seconds": 0.03889305400662124,
      "total_phase_seconds": 0.04604408401064575,
      "scope": "file writes include journal intent/add/flush; excludes this timing receipt and checkpoint writes",
      "mode": "stage4_sealed_cell",
      "banner": "sealed Stage 4; scientific admission also requires complete declared populations"
    },
    {
      "phase": "edit:64",
      "identity_check_kind": "in_memory_structure_and_configuration",
      "recipe_verification_seconds": 0.0,
      "identity_verification_seconds": 0.0,
      "identity_check_seconds": 0.002266024937853217,
      "state_hash_seconds": 0.0001736530102789402,
      "clone_seconds": 0.0,
      "restore_seconds": 0.0,
      "file_write_seconds": 5.841202801093459e-05,
      "operation_seconds": 0.0834542439552024,
      "total_phase_seconds": 0.08601382101187482,
      "scope": "file writes include journal intent/add/flush; excludes this timing receipt and checkpoint writes",
      "mode": "stage4_sealed_cell",
      "banner": "sealed Stage 4; scientific admission also requires complete declared populations"
    },
    {
      "phase": "immediate:64",
      "identity_check_kind": "in_memory_structure_and_configuration",
      "recipe_verification_seconds": 0.0,
      "identity_verification_seconds": 0.0,
      "identity_check_seconds": 0.0024030979839153588,
      "state_hash_seconds": 0.004918119986541569,
      "clone_seconds": 0.0,
      "restore_seconds": 0.0,
      "file_write_seconds": 0.004607192939147353,
      "operation_seconds": 0.03581788600422442,
      "total_phase_seconds": 0.0478334259823896,
      "scope": "file writes include journal intent/add/flush; excludes this timing receipt and checkpoint writes",
      "mode": "stage4_sealed_cell",
      "banner": "sealed Stage 4; scientific admission also requires complete declared populations"
    },
    {
      "phase": "edit:65",
      "identity_check_kind": "in_memory_structure_and_configuration",
      "recipe_verification_seconds": 0.0,
      "identity_verification_seconds": 0.0,
      "identity_check_seconds": 0.002012679004110396,
      "state_hash_seconds": 0.0001612900523468852,
      "clone_seconds": 0.0,
      "restore_seconds": 0.0,
      "file_write_seconds": 0.0011904419516213238,
      "operation_seconds": 0.1326344520202838,
      "total_phase_seconds": 0.1360693580354564,
      "scope": "file writes include journal intent/add/flush; excludes this timing receipt and checkpoint writes",
      "mode": "stage4_sealed_cell",
      "banner": "sealed Stage 4; scientific admission also requires complete declared populations"
    },
    {
      "phase": "immediate:65",
      "identity_check_kind": "in_memory_structure_and_configuration",
      "recipe_verification_seconds": 0.0,
      "identity_verification_seconds": 0.0,
      "identity_check_seconds": 0.002150713000446558,
      "state_hash_seconds": 0.005364617041777819,
      "clone_seconds": 0.0,
      "restore_seconds": 0.0,
      "file_write_seconds": 5.803105887025595e-05,
      "operation_seconds": 0.030318241973873228,
      "total_phase_seconds": 0.037980272027198225,
      "scope": "file writes include journal intent/add/flush; excludes this timing receipt and checkpoint writes",
      "mode": "stage4_sealed_cell",
      "banner": "sealed Stage 4; scientific admission also requires complete declared populations"
    },
    {
      "phase": "edit:66",
      "identity_check_kind": "in_memory_structure_and_configuration",
      "recipe_verification_seconds": 0.0,
      "identity_verification_seconds": 0.0,
      "identity_check_seconds": 0.002002467925194651,
      "state_hash_seconds": 0.0001516719930805266,
      "clone_seconds": 0.0,
      "restore_seconds": 0.0,
      "file_write_seconds": 5.745998350903392e-05,
      "operation_seconds": 0.18906708498252556,
      "total_phase_seconds": 0.19134239800041541,
      "scope": "file writes include journal intent/add/flush; excludes this timing receipt and checkpoint writes",
      "mode": "stage4_sealed_cell",
      "banner": "sealed Stage 4; scientific admission also requires complete declared populations"
    },
    {
      "phase": "immediate:66",
      "identity_check_kind": "in_memory_structure_and_configuration",
      "recipe_verification_seconds": 0.0,
      "identity_verification_seconds": 0.0,
      "identity_check_seconds": 0.0020482770050875843,
      "state_hash_seconds": 0.005140147055499256,
      "clone_seconds": 0.0,
      "restore_seconds": 0.0,
      "file_write_seconds": 5.597801646217704e-05,
      "operation_seconds": 0.04232496296754107,
      "total_phase_seconds": 0.04965323500800878,
      "scope": "file writes include journal intent/add/flush; excludes this timing receipt and checkpoint writes",
      "mode": "stage4_sealed_cell",
      "banner": "sealed Stage 4; scientific admission also requires complete declared populations"
    },
    {
      "phase": "edit:67",
      "identity_check_kind": "in_memory_structure_and_configuration",
      "recipe_verification_seconds": 0.0,
      "identity_verification_seconds": 0.0,
      "identity_check_seconds": 0.002035843033809215,
      "state_hash_seconds": 0.0001608979655429721,
      "clone_seconds": 0.0,
      "restore_seconds": 0.0,
      "file_write_seconds": 5.848298314958811e-05,
      "operation_seconds": 0.1341748950071633,
      "total_phase_seconds": 0.13649384101154283,
      "scope": "file writes include journal intent/add/flush; excludes this timing receipt and checkpoint writes",
      "mode": "stage4_sealed_cell",
      "banner": "sealed Stage 4; scientific admission also requires complete declared populations"
    },
    {
      "phase": "immediate:67",
      "identity_check_kind": "in_memory_structure_and_configuration",
      "recipe_verification_seconds": 0.0,
      "identity_verification_seconds": 0.0,
      "identity_check_seconds": 0.0022569859866052866,
      "state_hash_seconds": 0.0056564860278740525,
      "clone_seconds": 0.0,
      "restore_seconds": 0.0,
      "file_write_seconds": 5.730002885684371e-05,
      "operation_seconds": 0.03164770099101588,
      "total_phase_seconds": 0.03971310501219705,
      "scope": "file writes include journal intent/add/flush; excludes this timing receipt and checkpoint writes",
      "mode": "stage4_sealed_cell",
      "banner": "sealed Stage 4; scientific admission also requires complete declared populations"
    },
    {
      "phase": "edit:68",
      "identity_check_kind": "in_memory_structure_and_configuration",
      "recipe_verification_seconds": 0.0,
      "identity_verification_seconds": 0.0,
      "identity_check_seconds": 0.0019715100061148405,
      "state_hash_seconds": 0.0002313130535185337,
      "clone_seconds": 0.0,
      "restore_seconds": 0.0,
      "file_write_seconds": 5.775096360594034e-05,
      "operation_seconds": 0.14146447199163958,
      "total_phase_seconds": 0.1437880570301786,
      "scope": "file writes include journal intent/add/flush; excludes this timing receipt and checkpoint writes",
      "mode": "stage4_sealed_cell",
      "banner": "sealed Stage 4; scientific admission also requires complete declared populations"
    },
    {
      "phase": "immediate:68",
      "identity_check_kind": "in_memory_structure_and_configuration",
      "recipe_verification_seconds": 0.0,
      "identity_verification_seconds": 0.0,
      "identity_check_seconds": 0.0020602410077117383,
      "state_hash_seconds": 0.00537992495810613,
      "clone_seconds": 0.0,
      "restore_seconds": 0.0,
      "file_write_seconds": 6.844097515568137e-05,
      "operation_seconds": 0.03568973095389083,
      "total_phase_seconds": 0.04329124599462375,
      "scope": "file writes include journal intent/add/flush; excludes this timing receipt and checkpoint writes",
      "mode": "stage4_sealed_cell",
      "banner": "sealed Stage 4; scientific admission also requires complete declared populations"
    },
    {
      "phase": "edit:69",
      "identity_check_kind": "in_memory_structure_and_configuration",
      "recipe_verification_seconds": 0.0,
      "identity_verification_seconds": 0.0,
      "identity_check_seconds": 0.002038538979832083,
      "state_hash_seconds": 0.00021929899230599403,
      "clone_seconds": 0.0,
      "restore_seconds": 0.0,
      "file_write_seconds": 5.938299000263214e-05,
      "operation_seconds": 0.09081496699946001,
      "total_phase_seconds": 0.09320481005124748,
      "scope": "file writes include journal intent/add/flush; excludes this timing receipt and checkpoint writes",
      "mode": "stage4_sealed_cell",
      "banner": "sealed Stage 4; scientific admission also requires complete declared populations"
    },
    {
      "phase": "immediate:69",
      "identity_check_kind": "in_memory_structure_and_configuration",
      "recipe_verification_seconds": 0.0,
      "identity_verification_seconds": 0.0,
      "identity_check_seconds": 0.002066040993668139,
      "state_hash_seconds": 0.0054622539319098,
      "clone_seconds": 0.0,
      "restore_seconds": 0.0,
      "file_write_seconds": 5.6307006161659956e-05,
      "operation_seconds": 0.033371405967045575,
      "total_phase_seconds": 0.04104011005256325,
      "scope": "file writes include journal intent/add/flush; excludes this timing receipt and checkpoint writes",
      "mode": "stage4_sealed_cell",
      "banner": "sealed Stage 4; scientific admission also requires complete declared populations"
    },
    {
      "phase": "edit:70",
      "identity_check_kind": "in_memory_structure_and_configuration",
      "recipe_verification_seconds": 0.0,
      "identity_verification_seconds": 0.0,
      "identity_check_seconds": 0.002184799057431519,
      "state_hash_seconds": 0.0001878199982456863,
      "clone_seconds": 0.0,
      "restore_seconds": 0.0,
      "file_write_seconds": 5.8882986195385456e-05,
      "operation_seconds": 0.09092740202322602,
      "total_phase_seconds": 0.09343444998376071,
      "scope": "file writes include journal intent/add/flush; excludes this timing receipt and checkpoint writes",
      "mode": "stage4_sealed_cell",
      "banner": "sealed Stage 4; scientific admission also requires complete declared populations"
    },
    {
      "phase": "immediate:70",
      "identity_check_kind": "in_memory_structure_and_configuration",
      "recipe_verification_seconds": 0.0,
      "identity_verification_seconds": 0.0,
      "identity_check_seconds": 0.0024023360456340015,
      "state_hash_seconds": 0.0057247469667345285,
      "clone_seconds": 0.0,
      "restore_seconds": 0.0,
      "file_write_seconds": 6.947299698367715e-05,
      "operation_seconds": 0.03548446798231453,
      "total_phase_seconds": 0.043775234022177756,
      "scope": "file writes include journal intent/add/flush; excludes this timing receipt and checkpoint writes",
      "mode": "stage4_sealed_cell",
      "banner": "sealed Stage 4; scientific admission also requires complete declared populations"
    },
    {
      "phase": "edit:71",
      "identity_check_kind": "in_memory_structure_and_configuration",
      "recipe_verification_seconds": 0.0,
      "identity_verification_seconds": 0.0,
      "identity_check_seconds": 0.002098632976412773,
      "state_hash_seconds": 0.00019379303557798266,
      "clone_seconds": 0.0,
      "restore_seconds": 0.0,
      "file_write_seconds": 9.001296712085605e-05,
      "operation_seconds": 0.20938461099285632,
      "total_phase_seconds": 0.21184995700605214,
      "scope": "file writes include journal intent/add/flush; excludes this timing receipt and checkpoint writes",
      "mode": "stage4_sealed_cell",
      "banner": "sealed Stage 4; scientific admission also requires complete declared populations"
    },
    {
      "phase": "immediate:71",
      "identity_check_kind": "in_memory_structure_and_configuration",
      "recipe_verification_seconds": 0.0,
      "identity_verification_seconds": 0.0,
      "identity_check_seconds": 0.0020187110640108585,
      "state_hash_seconds": 0.005592203000560403,
      "clone_seconds": 0.0,
      "restore_seconds": 0.0,
      "file_write_seconds": 5.608901847153902e-05,
      "operation_seconds": 0.05206691299099475,
      "total_phase_seconds": 0.05981422698823735,
      "scope": "file writes include journal intent/add/flush; excludes this timing receipt and checkpoint writes",
      "mode": "stage4_sealed_cell",
      "banner": "sealed Stage 4; scientific admission also requires complete declared populations"
    },
    {
      "phase": "edit:72",
      "identity_check_kind": "in_memory_structure_and_configuration",
      "recipe_verification_seconds": 0.0,
      "identity_verification_seconds": 0.0,
      "identity_check_seconds": 0.001934299012646079,
      "state_hash_seconds": 0.00016919185873121023,
      "clone_seconds": 0.0,
      "restore_seconds": 0.0,
      "file_write_seconds": 5.8651959989219904e-05,
      "operation_seconds": 0.15095802501309663,
      "total_phase_seconds": 0.15318476397078484,
      "scope": "file writes include journal intent/add/flush; excludes this timing receipt and checkpoint writes",
      "mode": "stage4_sealed_cell",
      "banner": "sealed Stage 4; scientific admission also requires complete declared populations"
    },
    {
      "phase": "immediate:72",
      "identity_check_kind": "in_memory_structure_and_configuration",
      "recipe_verification_seconds": 0.0,
      "identity_verification_seconds": 0.0,
      "identity_check_seconds": 0.0020676140557043254,
      "state_hash_seconds": 0.005762589047662914,
      "clone_seconds": 0.0,
      "restore_seconds": 0.0,
      "file_write_seconds": 5.909294122830033e-05,
      "operation_seconds": 0.03743741201469675,
      "total_phase_seconds": 0.04542587895411998,
      "scope": "file writes include journal intent/add/flush; excludes this timing receipt and checkpoint writes",
      "mode": "stage4_sealed_cell",
      "banner": "sealed Stage 4; scientific admission also requires complete declared populations"
    },
    {
      "phase": "edit:73",
      "identity_check_kind": "in_memory_structure_and_configuration",
      "recipe_verification_seconds": 0.0,
      "identity_verification_seconds": 0.0,
      "identity_check_seconds": 0.0020581860444508493,
      "state_hash_seconds": 0.0001947029959410429,
      "clone_seconds": 0.0,
      "restore_seconds": 0.0,
      "file_write_seconds": 5.8771984186023474e-05,
      "operation_seconds": 0.1406330880126916,
      "total_phase_seconds": 0.14301504503237084,
      "scope": "file writes include journal intent/add/flush; excludes this timing receipt and checkpoint writes",
      "mode": "stage4_sealed_cell",
      "banner": "sealed Stage 4; scientific admission also requires complete declared populations"
    },
    {
      "phase": "immediate:73",
      "identity_check_kind": "in_memory_structure_and_configuration",
      "recipe_verification_seconds": 0.0,
      "identity_verification_seconds": 0.0,
      "identity_check_seconds": 0.0020231690141372383,
      "state_hash_seconds": 0.0057042380212806165,
      "clone_seconds": 0.0,
      "restore_seconds": 0.0,
      "file_write_seconds": 5.666899960488081e-05,
      "operation_seconds": 0.03663437202339992,
      "total_phase_seconds": 0.0445010059629567,
      "scope": "file writes include journal intent/add/flush; excludes this timing receipt and checkpoint writes",
      "mode": "stage4_sealed_cell",
      "banner": "sealed Stage 4; scientific admission also requires complete declared populations"
    },
    {
      "phase": "edit:74",
      "identity_check_kind": "in_memory_structure_and_configuration",
      "recipe_verification_seconds": 0.0,
      "identity_verification_seconds": 0.0,
      "identity_check_seconds": 0.001961090019904077,
      "state_hash_seconds": 0.00021427200408652425,
      "clone_seconds": 0.0,
      "restore_seconds": 0.0,
      "file_write_seconds": 5.917297676205635e-05,
      "operation_seconds": 0.12676203198498115,
      "total_phase_seconds": 0.12906513694906607,
      "scope": "file writes include journal intent/add/flush; excludes this timing receipt and checkpoint writes",
      "mode": "stage4_sealed_cell",
      "banner": "sealed Stage 4; scientific admission also requires complete declared populations"
    },
    {
      "phase": "immediate:74",
      "identity_check_kind": "in_memory_structure_and_configuration",
      "recipe_verification_seconds": 0.0,
      "identity_verification_seconds": 0.0,
      "identity_check_seconds": 0.00222865300020203,
      "state_hash_seconds": 0.006046043999958783,
      "clone_seconds": 0.0,
      "restore_seconds": 0.0,
      "file_write_seconds": 5.669903475791216e-05,
      "operation_seconds": 0.04309226403711364,
      "total_phase_seconds": 0.051513992017135024,
      "scope": "file writes include journal intent/add/flush; excludes this timing receipt and checkpoint writes",
      "mode": "stage4_sealed_cell",
      "banner": "sealed Stage 4; scientific admission also requires complete declared populations"
    },
    {
      "phase": "edit:75",
      "identity_check_kind": "in_memory_structure_and_configuration",
      "recipe_verification_seconds": 0.0,
      "identity_verification_seconds": 0.0,
      "identity_check_seconds": 0.002118531963787973,
      "state_hash_seconds": 0.0002407520660199225,
      "clone_seconds": 0.0,
      "restore_seconds": 0.0,
      "file_write_seconds": 5.7921046391129494e-05,
      "operation_seconds": 0.08532649400876835,
      "total_phase_seconds": 0.0878176600090228,
      "scope": "file writes include journal intent/add/flush; excludes this timing receipt and checkpoint writes",
      "mode": "stage4_sealed_cell",
      "banner": "sealed Stage 4; scientific admission also requires complete declared populations"
    },
    {
      "phase": "immediate:75",
      "identity_check_kind": "in_memory_structure_and_configuration",
      "recipe_verification_seconds": 0.0,
      "identity_verification_seconds": 0.0,
      "identity_check_seconds": 0.0019329660572111607,
      "state_hash_seconds": 0.005805260967463255,
      "clone_seconds": 0.0,
      "restore_seconds": 0.0,
      "file_write_seconds": 5.670898826792836e-05,
      "operation_seconds": 0.03216230700490996,
      "total_phase_seconds": 0.04004089400405064,
      "scope": "file writes include journal intent/add/flush; excludes this timing receipt and checkpoint writes",
      "mode": "stage4_sealed_cell",
      "banner": "sealed Stage 4; scientific admission also requires complete declared populations"
    },
    {
      "phase": "edit:76",
      "identity_check_kind": "in_memory_structure_and_configuration",
      "recipe_verification_seconds": 0.0,
      "identity_verification_seconds": 0.0,
      "identity_check_seconds": 0.0020914400229230523,
      "state_hash_seconds": 0.00019124802201986313,
      "clone_seconds": 0.0,
      "restore_seconds": 0.0,
      "file_write_seconds": 5.885201971977949e-05,
      "operation_seconds": 0.14516544801881537,
      "total_phase_seconds": 0.14757214300334454,
      "scope": "file writes include journal intent/add/flush; excludes this timing receipt and checkpoint writes",
      "mode": "stage4_sealed_cell",
      "banner": "sealed Stage 4; scientific admission also requires complete declared populations"
    },
    {
      "phase": "immediate:76",
      "identity_check_kind": "in_memory_structure_and_configuration",
      "recipe_verification_seconds": 0.0,
      "identity_verification_seconds": 0.0,
      "identity_check_seconds": 0.001971170015167445,
      "state_hash_seconds": 0.005844347062520683,
      "clone_seconds": 0.0,
      "restore_seconds": 0.0,
      "file_write_seconds": 5.953502841293812e-05,
      "operation_seconds": 0.037381565023679286,
      "total_phase_seconds": 0.04534904100000858,
      "scope": "file writes include journal intent/add/flush; excludes this timing receipt and checkpoint writes",
      "mode": "stage4_sealed_cell",
      "banner": "sealed Stage 4; scientific admission also requires complete declared populations"
    },
    {
      "phase": "edit:77",
      "identity_check_kind": "in_memory_structure_and_configuration",
      "recipe_verification_seconds": 0.0,
      "identity_verification_seconds": 0.0,
      "identity_check_seconds": 0.0019207929726690054,
      "state_hash_seconds": 0.00018183898646384478,
      "clone_seconds": 0.0,
      "restore_seconds": 0.0,
      "file_write_seconds": 5.8312027249485254e-05,
      "operation_seconds": 0.1366661119973287,
      "total_phase_seconds": 0.13889153901254758,
      "scope": "file writes include journal intent/add/flush; excludes this timing receipt and checkpoint writes",
      "mode": "stage4_sealed_cell",
      "banner": "sealed Stage 4; scientific admission also requires complete declared populations"
    },
    {
      "phase": "immediate:77",
      "identity_check_kind": "in_memory_structure_and_configuration",
      "recipe_verification_seconds": 0.0,
      "identity_verification_seconds": 0.0,
      "identity_check_seconds": 0.002178116061259061,
      "state_hash_seconds": 0.005936702946200967,
      "clone_seconds": 0.0,
      "restore_seconds": 0.0,
      "file_write_seconds": 5.734903970733285e-05,
      "operation_seconds": 0.03558011999120936,
      "total_phase_seconds": 0.0438498470466584,
      "scope": "file writes include journal intent/add/flush; excludes this timing receipt and checkpoint writes",
      "mode": "stage4_sealed_cell",
      "banner": "sealed Stage 4; scientific admission also requires complete declared populations"
    },
    {
      "phase": "edit:78",
      "identity_check_kind": "in_memory_structure_and_configuration",
      "recipe_verification_seconds": 0.0,
      "identity_verification_seconds": 0.0,
      "identity_check_seconds": 0.0021170289837755263,
      "state_hash_seconds": 0.00019220798276364803,
      "clone_seconds": 0.0,
      "restore_seconds": 0.0,
      "file_write_seconds": 5.6998978834599257e-05,
      "operation_seconds": 0.3740646460209973,
      "total_phase_seconds": 0.37649850198067725,
      "scope": "file writes include journal intent/add/flush; excludes this timing receipt and checkpoint writes",
      "mode": "stage4_sealed_cell",
      "banner": "sealed Stage 4; scientific admission also requires complete declared populations"
    },
    {
      "phase": "immediate:78",
      "identity_check_kind": "in_memory_structure_and_configuration",
      "recipe_verification_seconds": 0.0,
      "identity_verification_seconds": 0.0,
      "identity_check_seconds": 0.0020764520158991218,
      "state_hash_seconds": 0.006538126966916025,
      "clone_seconds": 0.0,
      "restore_seconds": 0.0,
      "file_write_seconds": 5.8682053349912167e-05,
      "operation_seconds": 0.08003850502427667,
      "total_phase_seconds": 0.08880177803803235,
      "scope": "file writes include journal intent/add/flush; excludes this timing receipt and checkpoint writes",
      "mode": "stage4_sealed_cell",
      "banner": "sealed Stage 4; scientific admission also requires complete declared populations"
    },
    {
      "phase": "edit:79",
      "identity_check_kind": "in_memory_structure_and_configuration",
      "recipe_verification_seconds": 0.0,
      "identity_verification_seconds": 0.0,
      "identity_check_seconds": 0.001981627952773124,
      "state_hash_seconds": 0.0001832009293138981,
      "clone_seconds": 0.0,
      "restore_seconds": 0.0,
      "file_write_seconds": 5.9333979152143e-05,
      "operation_seconds": 0.09111724700778723,
      "total_phase_seconds": 0.09339975303737447,
      "scope": "file writes include journal intent/add/flush; excludes this timing receipt and checkpoint writes",
      "mode": "stage4_sealed_cell",
      "banner": "sealed Stage 4; scientific admission also requires complete declared populations"
    },
    {
      "phase": "immediate:79",
      "identity_check_kind": "in_memory_structure_and_configuration",
      "recipe_verification_seconds": 0.0,
      "identity_verification_seconds": 0.0,
      "identity_check_seconds": 0.0020124890143051744,
      "state_hash_seconds": 0.006361206062138081,
      "clone_seconds": 0.0,
      "restore_seconds": 0.0,
      "file_write_seconds": 5.734001751989126e-05,
      "operation_seconds": 0.03176966495811939,
      "total_phase_seconds": 0.040286774979904294,
      "scope": "file writes include journal intent/add/flush; excludes this timing receipt and checkpoint writes",
      "mode": "stage4_sealed_cell",
      "banner": "sealed Stage 4; scientific admission also requires complete declared populations"
    },
    {
      "phase": "edit:80",
      "identity_check_kind": "in_memory_structure_and_configuration",
      "recipe_verification_seconds": 0.0,
      "identity_verification_seconds": 0.0,
      "identity_check_seconds": 0.0020498509984463453,
      "state_hash_seconds": 0.00021462206495925784,
      "clone_seconds": 0.0,
      "restore_seconds": 0.0,
      "file_write_seconds": 6.643706001341343e-05,
      "operation_seconds": 0.13340152200544253,
      "total_phase_seconds": 0.13579945999663323,
      "scope": "file writes include journal intent/add/flush; excludes this timing receipt and checkpoint writes",
      "mode": "stage4_sealed_cell",
      "banner": "sealed Stage 4; scientific admission also requires complete declared populations"
    },
    {
      "phase": "immediate:80",
      "identity_check_kind": "in_memory_structure_and_configuration",
      "recipe_verification_seconds": 0.0,
      "identity_verification_seconds": 0.0,
      "identity_check_seconds": 0.0020416239858604968,
      "state_hash_seconds": 0.006328544986899942,
      "clone_seconds": 0.0,
      "restore_seconds": 0.0,
      "file_write_seconds": 0.004709199944045395,
      "operation_seconds": 0.041898796043824404,
      "total_phase_seconds": 0.05506087304092944,
      "scope": "file writes include journal intent/add/flush; excludes this timing receipt and checkpoint writes",
      "mode": "stage4_sealed_cell",
      "banner": "sealed Stage 4; scientific admission also requires complete declared populations"
    },
    {
      "phase": "edit:81",
      "identity_check_kind": "in_memory_structure_and_configuration",
      "recipe_verification_seconds": 0.0,
      "identity_verification_seconds": 0.0,
      "identity_check_seconds": 0.0020293319830670953,
      "state_hash_seconds": 0.0001840330078266561,
      "clone_seconds": 0.0,
      "restore_seconds": 0.0,
      "file_write_seconds": 0.0012342159752734005,
      "operation_seconds": 0.13265049195615575,
      "total_phase_seconds": 0.1361660830443725,
      "scope": "file writes include journal intent/add/flush; excludes this timing receipt and checkpoint writes",
      "mode": "stage4_sealed_cell",
      "banner": "sealed Stage 4; scientific admission also requires complete declared populations"
    },
    {
      "phase": "immediate:81",
      "identity_check_kind": "in_memory_structure_and_configuration",
      "recipe_verification_seconds": 0.0,
      "identity_verification_seconds": 0.0,
      "identity_check_seconds": 0.0018483650055713952,
      "state_hash_seconds": 0.006440007942728698,
      "clone_seconds": 0.0,
      "restore_seconds": 0.0,
      "file_write_seconds": 5.809200229123235e-05,
      "operation_seconds": 0.033993699005804956,
      "total_phase_seconds": 0.04243251000298187,
      "scope": "file writes include journal intent/add/flush; excludes this timing receipt and checkpoint writes",
      "mode": "stage4_sealed_cell",
      "banner": "sealed Stage 4; scientific admission also requires complete declared populations"
    },
    {
      "phase": "edit:82",
      "identity_check_kind": "in_memory_structure_and_configuration",
      "recipe_verification_seconds": 0.0,
      "identity_verification_seconds": 0.0,
      "identity_check_seconds": 0.0022050670231692493,
      "state_hash_seconds": 0.000222297094296664,
      "clone_seconds": 0.0,
      "restore_seconds": 0.0,
      "file_write_seconds": 6.61369995214045e-05,
      "operation_seconds": 0.09759419597685337,
      "total_phase_seconds": 0.10016296000685543,
      "scope": "file writes include journal intent/add/flush; excludes this timing receipt and checkpoint writes",
      "mode": "stage4_sealed_cell",
      "banner": "sealed Stage 4; scientific admission also requires complete declared populations"
    },
    {
      "phase": "immediate:82",
      "identity_check_kind": "in_memory_structure_and_configuration",
      "recipe_verification_seconds": 0.0,
      "identity_verification_seconds": 0.0,
      "identity_check_seconds": 0.0018713779863901436,
      "state_hash_seconds": 0.0063280429458245635,
      "clone_seconds": 0.0,
      "restore_seconds": 0.0,
      "file_write_seconds": 5.740899359807372e-05,
      "operation_seconds": 0.03213927400065586,
      "total_phase_seconds": 0.04047782201087102,
      "scope": "file writes include journal intent/add/flush; excludes this timing receipt and checkpoint writes",
      "mode": "stage4_sealed_cell",
      "banner": "sealed Stage 4; scientific admission also requires complete declared populations"
    },
    {
      "phase": "edit:83",
      "identity_check_kind": "in_memory_structure_and_configuration",
      "recipe_verification_seconds": 0.0,
      "identity_verification_seconds": 0.0,
      "identity_check_seconds": 0.0020500910468399525,
      "state_hash_seconds": 0.00021753692999482155,
      "clone_seconds": 0.0,
      "restore_seconds": 0.0,
      "file_write_seconds": 6.262899842113256e-05,
      "operation_seconds": 0.13547304400708526,
      "total_phase_seconds": 0.1378771840245463,
      "scope": "file writes include journal intent/add/flush; excludes this timing receipt and checkpoint writes",
      "mode": "stage4_sealed_cell",
      "banner": "sealed Stage 4; scientific admission also requires complete declared populations"
    },
    {
      "phase": "immediate:83",
      "identity_check_kind": "in_memory_structure_and_configuration",
      "recipe_verification_seconds": 0.0,
      "identity_verification_seconds": 0.0,
      "identity_check_seconds": 0.002138009003829211,
      "state_hash_seconds": 0.006439267017412931,
      "clone_seconds": 0.0,
      "restore_seconds": 0.0,
      "file_write_seconds": 6.272003520280123e-05,
      "operation_seconds": 0.04320362798171118,
      "total_phase_seconds": 0.051922635990194976,
      "scope": "file writes include journal intent/add/flush; excludes this timing receipt and checkpoint writes",
      "mode": "stage4_sealed_cell",
      "banner": "sealed Stage 4; scientific admission also requires complete declared populations"
    },
    {
      "phase": "edit:84",
      "identity_check_kind": "in_memory_structure_and_configuration",
      "recipe_verification_seconds": 0.0,
      "identity_verification_seconds": 0.0,
      "identity_check_seconds": 0.0023704649647697806,
      "state_hash_seconds": 0.00024421699345111847,
      "clone_seconds": 0.0,
      "restore_seconds": 0.0,
      "file_write_seconds": 5.799101199954748e-05,
      "operation_seconds": 0.19292571302503347,
      "total_phase_seconds": 0.19566972402390093,
      "scope": "file writes include journal intent/add/flush; excludes this timing receipt and checkpoint writes",
      "mode": "stage4_sealed_cell",
      "banner": "sealed Stage 4; scientific admission also requires complete declared populations"
    },
    {
      "phase": "immediate:84",
      "identity_check_kind": "in_memory_structure_and_configuration",
      "recipe_verification_seconds": 0.0,
      "identity_verification_seconds": 0.0,
      "identity_check_seconds": 0.0020917209913022816,
      "state_hash_seconds": 0.0070350770256482065,
      "clone_seconds": 0.0,
      "restore_seconds": 0.0,
      "file_write_seconds": 5.90629642829299e-05,
      "operation_seconds": 0.0516199849662371,
      "total_phase_seconds": 0.060904196987394243,
      "scope": "file writes include journal intent/add/flush; excludes this timing receipt and checkpoint writes",
      "mode": "stage4_sealed_cell",
      "banner": "sealed Stage 4; scientific admission also requires complete declared populations"
    },
    {
      "phase": "edit:85",
      "identity_check_kind": "in_memory_structure_and_configuration",
      "recipe_verification_seconds": 0.0,
      "identity_verification_seconds": 0.0,
      "identity_check_seconds": 0.0020371449645608664,
      "state_hash_seconds": 0.0002000239910557866,
      "clone_seconds": 0.0,
      "restore_seconds": 0.0,
      "file_write_seconds": 5.953403888270259e-05,
      "operation_seconds": 0.12787610798841342,
      "total_phase_seconds": 0.13024123199284077,
      "scope": "file writes include journal intent/add/flush; excludes this timing receipt and checkpoint writes",
      "mode": "stage4_sealed_cell",
      "banner": "sealed Stage 4; scientific admission also requires complete declared populations"
    },
    {
      "phase": "immediate:85",
      "identity_check_kind": "in_memory_structure_and_configuration",
      "recipe_verification_seconds": 0.0,
      "identity_verification_seconds": 0.0,
      "identity_check_seconds": 0.0021989759989082813,
      "state_hash_seconds": 0.0068705620360560715,
      "clone_seconds": 0.0,
      "restore_seconds": 0.0,
      "file_write_seconds": 5.833094473928213e-05,
      "operation_seconds": 0.03487003897316754,
      "total_phase_seconds": 0.04408462799619883,
      "scope": "file writes include journal intent/add/flush; excludes this timing receipt and checkpoint writes",
      "mode": "stage4_sealed_cell",
      "banner": "sealed Stage 4; scientific admission also requires complete declared populations"
    },
    {
      "phase": "edit:86",
      "identity_check_kind": "in_memory_structure_and_configuration",
      "recipe_verification_seconds": 0.0,
      "identity_verification_seconds": 0.0,
      "identity_check_seconds": 0.0019099319470115006,
      "state_hash_seconds": 0.0001950539881363511,
      "clone_seconds": 0.0,
      "restore_seconds": 0.0,
      "file_write_seconds": 5.5638025514781475e-05,
      "operation_seconds": 0.6896116110146977,
      "total_phase_seconds": 0.6918328200117685,
      "scope": "file writes include journal intent/add/flush; excludes this timing receipt and checkpoint writes",
      "mode": "stage4_sealed_cell",
      "banner": "sealed Stage 4; scientific admission also requires complete declared populations"
    },
    {
      "phase": "immediate:86",
      "identity_check_kind": "in_memory_structure_and_configuration",
      "recipe_verification_seconds": 0.0,
      "identity_verification_seconds": 0.0,
      "identity_check_seconds": 0.0019515210296958685,
      "state_hash_seconds": 0.006776201946195215,
      "clone_seconds": 0.0,
      "restore_seconds": 0.0,
      "file_write_seconds": 5.652796244248748e-05,
      "operation_seconds": 0.10877186700236052,
      "total_phase_seconds": 0.11763911001617089,
      "scope": "file writes include journal intent/add/flush; excludes this timing receipt and checkpoint writes",
      "mode": "stage4_sealed_cell",
      "banner": "sealed Stage 4; scientific admission also requires complete declared populations"
    },
    {
      "phase": "edit:87",
      "identity_check_kind": "in_memory_structure_and_configuration",
      "recipe_verification_seconds": 0.0,
      "identity_verification_seconds": 0.0,
      "identity_check_seconds": 0.0020765219815075397,
      "state_hash_seconds": 0.00020644499454647303,
      "clone_seconds": 0.0,
      "restore_seconds": 0.0,
      "file_write_seconds": 5.798297934234142e-05,
      "operation_seconds": 0.18383986200205982,
      "total_phase_seconds": 0.186249220976606,
      "scope": "file writes include journal intent/add/flush; excludes this timing receipt and checkpoint writes",
      "mode": "stage4_sealed_cell",
      "banner": "sealed Stage 4; scientific admission also requires complete declared populations"
    },
    {
      "phase": "immediate:87",
      "identity_check_kind": "in_memory_structure_and_configuration",
      "recipe_verification_seconds": 0.0,
      "identity_verification_seconds": 0.0,
      "identity_check_seconds": 0.002113443042617291,
      "state_hash_seconds": 0.00712836702587083,
      "clone_seconds": 0.0,
      "restore_seconds": 0.0,
      "file_write_seconds": 6.0286023654043674e-05,
      "operation_seconds": 0.04174096399219707,
      "total_phase_seconds": 0.05114196898648515,
      "scope": "file writes include journal intent/add/flush; excludes this timing receipt and checkpoint writes",
      "mode": "stage4_sealed_cell",
      "banner": "sealed Stage 4; scientific admission also requires complete declared populations"
    },
    {
      "phase": "edit:88",
      "identity_check_kind": "in_memory_structure_and_configuration",
      "recipe_verification_seconds": 0.0,
      "identity_verification_seconds": 0.0,
      "identity_check_seconds": 0.002103622944559902,
      "state_hash_seconds": 0.00021243694936856627,
      "clone_seconds": 0.0,
      "restore_seconds": 0.0,
      "file_write_seconds": 8.435093332082033e-05,
      "operation_seconds": 0.17894025798887014,
      "total_phase_seconds": 0.18140831997152418,
      "scope": "file writes include journal intent/add/flush; excludes this timing receipt and checkpoint writes",
      "mode": "stage4_sealed_cell",
      "banner": "sealed Stage 4; scientific admission also requires complete declared populations"
    },
    {
      "phase": "immediate:88",
      "identity_check_kind": "in_memory_structure_and_configuration",
      "recipe_verification_seconds": 0.0,
      "identity_verification_seconds": 0.0,
      "identity_check_seconds": 0.0020817220211029053,
      "state_hash_seconds": 0.007377265021204948,
      "clone_seconds": 0.0,
      "restore_seconds": 0.0,
      "file_write_seconds": 5.895301001146436e-05,
      "operation_seconds": 0.03948150103678927,
      "total_phase_seconds": 0.04911118501331657,
      "scope": "file writes include journal intent/add/flush; excludes this timing receipt and checkpoint writes",
      "mode": "stage4_sealed_cell",
      "banner": "sealed Stage 4; scientific admission also requires complete declared populations"
    },
    {
      "phase": "edit:89",
      "identity_check_kind": "in_memory_structure_and_configuration",
      "recipe_verification_seconds": 0.0,
      "identity_verification_seconds": 0.0,
      "identity_check_seconds": 0.002030612959060818,
      "state_hash_seconds": 0.00019999401411041617,
      "clone_seconds": 0.0,
      "restore_seconds": 0.0,
      "file_write_seconds": 5.799200152978301e-05,
      "operation_seconds": 0.0937629189575091,
      "total_phase_seconds": 0.09611437894636765,
      "scope": "file writes include journal intent/add/flush; excludes this timing receipt and checkpoint writes",
      "mode": "stage4_sealed_cell",
      "banner": "sealed Stage 4; scientific admission also requires complete declared populations"
    },
    {
      "phase": "immediate:89",
      "identity_check_kind": "in_memory_structure_and_configuration",
      "recipe_verification_seconds": 0.0,
      "identity_verification_seconds": 0.0,
      "identity_check_seconds": 0.0020165859605185688,
      "state_hash_seconds": 0.007177390973083675,
      "clone_seconds": 0.0,
      "restore_seconds": 0.0,
      "file_write_seconds": 5.6818011216819286e-05,
      "operation_seconds": 0.03546959802042693,
      "total_phase_seconds": 0.04480700200656429,
      "scope": "file writes include journal intent/add/flush; excludes this timing receipt and checkpoint writes",
      "mode": "stage4_sealed_cell",
      "banner": "sealed Stage 4; scientific admission also requires complete declared populations"
    },
    {
      "phase": "edit:90",
      "identity_check_kind": "in_memory_structure_and_configuration",
      "recipe_verification_seconds": 0.0,
      "identity_verification_seconds": 0.0,
      "identity_check_seconds": 0.002060389961116016,
      "state_hash_seconds": 0.00021231698337942362,
      "clone_seconds": 0.0,
      "restore_seconds": 0.0,
      "file_write_seconds": 5.718000466004014e-05,
      "operation_seconds": 0.08800044102827087,
      "total_phase_seconds": 0.09039964101975784,
      "scope": "file writes include journal intent/add/flush; excludes this timing receipt and checkpoint writes",
      "mode": "stage4_sealed_cell",
      "banner": "sealed Stage 4; scientific admission also requires complete declared populations"
    },
    {
      "phase": "immediate:90",
      "identity_check_kind": "in_memory_structure_and_configuration",
      "recipe_verification_seconds": 0.0,
      "identity_verification_seconds": 0.0,
      "identity_check_seconds": 0.0019198700319975615,
      "state_hash_seconds": 0.007255573000293225,
      "clone_seconds": 0.0,
      "restore_seconds": 0.0,
      "file_write_seconds": 5.574600072577596e-05,
      "operation_seconds": 0.03261903300881386,
      "total_phase_seconds": 0.04192976502235979,
      "scope": "file writes include journal intent/add/flush; excludes this timing receipt and checkpoint writes",
      "mode": "stage4_sealed_cell",
      "banner": "sealed Stage 4; scientific admission also requires complete declared populations"
    },
    {
      "phase": "edit:91",
      "identity_check_kind": "in_memory_structure_and_configuration",
      "recipe_verification_seconds": 0.0,
      "identity_verification_seconds": 0.0,
      "identity_check_seconds": 0.0020396600011736155,
      "state_hash_seconds": 0.0002082710270769894,
      "clone_seconds": 0.0,
      "restore_seconds": 0.0,
      "file_write_seconds": 5.8101024478673935e-05,
      "operation_seconds": 0.10635764902690426,
      "total_phase_seconds": 0.10872643097536638,
      "scope": "file writes include journal intent/add/flush; excludes this timing receipt and checkpoint writes",
      "mode": "stage4_sealed_cell",
      "banner": "sealed Stage 4; scientific admission also requires complete declared populations"
    },
    {
      "phase": "immediate:91",
      "identity_check_kind": "in_memory_structure_and_configuration",
      "recipe_verification_seconds": 0.0,
      "identity_verification_seconds": 0.0,
      "identity_check_seconds": 0.002523939998354763,
      "state_hash_seconds": 0.008171229041181505,
      "clone_seconds": 0.0,
      "restore_seconds": 0.0,
      "file_write_seconds": 6.990402471274137e-05,
      "operation_seconds": 0.04308503097854555,
      "total_phase_seconds": 0.05394995299866423,
      "scope": "file writes include journal intent/add/flush; excludes this timing receipt and checkpoint writes",
      "mode": "stage4_sealed_cell",
      "banner": "sealed Stage 4; scientific admission also requires complete declared populations"
    },
    {
      "phase": "edit:92",
      "identity_check_kind": "in_memory_structure_and_configuration",
      "recipe_verification_seconds": 0.0,
      "identity_verification_seconds": 0.0,
      "identity_check_seconds": 0.002018470026087016,
      "state_hash_seconds": 0.00019756890833377838,
      "clone_seconds": 0.0,
      "restore_seconds": 0.0,
      "file_write_seconds": 5.7879951782524586e-05,
      "operation_seconds": 0.2583100000047125,
      "total_phase_seconds": 0.2606477320077829,
      "scope": "file writes include journal intent/add/flush; excludes this timing receipt and checkpoint writes",
      "mode": "stage4_sealed_cell",
      "banner": "sealed Stage 4; scientific admission also requires complete declared populations"
    },
    {
      "phase": "immediate:92",
      "identity_check_kind": "in_memory_structure_and_configuration",
      "recipe_verification_seconds": 0.0,
      "identity_verification_seconds": 0.0,
      "identity_check_seconds": 0.00211282103555277,
      "state_hash_seconds": 0.007785807887557894,
      "clone_seconds": 0.0,
      "restore_seconds": 0.0,
      "file_write_seconds": 6.003602175042033e-05,
      "operation_seconds": 0.057429915003012866,
      "total_phase_seconds": 0.06748293101554736,
      "scope": "file writes include journal intent/add/flush; excludes this timing receipt and checkpoint writes",
      "mode": "stage4_sealed_cell",
      "banner": "sealed Stage 4; scientific admission also requires complete declared populations"
    },
    {
      "phase": "edit:93",
      "identity_check_kind": "in_memory_structure_and_configuration",
      "recipe_verification_seconds": 0.0,
      "identity_verification_seconds": 0.0,
      "identity_check_seconds": 0.002046943991445005,
      "state_hash_seconds": 0.00021105498308315873,
      "clone_seconds": 0.0,
      "restore_seconds": 0.0,
      "file_write_seconds": 5.922297714278102e-05,
      "operation_seconds": 0.19388428097590804,
      "total_phase_seconds": 0.19626685901312158,
      "scope": "file writes include journal intent/add/flush; excludes this timing receipt and checkpoint writes",
      "mode": "stage4_sealed_cell",
      "banner": "sealed Stage 4; scientific admission also requires complete declared populations"
    },
    {
      "phase": "immediate:93",
      "identity_check_kind": "in_memory_structure_and_configuration",
      "recipe_verification_seconds": 0.0,
      "identity_verification_seconds": 0.0,
      "identity_check_seconds": 0.0023255490814335644,
      "state_hash_seconds": 0.007634918903931975,
      "clone_seconds": 0.0,
      "restore_seconds": 0.0,
      "file_write_seconds": 5.478603998199105e-05,
      "operation_seconds": 0.05020988202886656,
      "total_phase_seconds": 0.06031172099756077,
      "scope": "file writes include journal intent/add/flush; excludes this timing receipt and checkpoint writes",
      "mode": "stage4_sealed_cell",
      "banner": "sealed Stage 4; scientific admission also requires complete declared populations"
    },
    {
      "phase": "edit:94",
      "identity_check_kind": "in_memory_structure_and_configuration",
      "recipe_verification_seconds": 0.0,
      "identity_verification_seconds": 0.0,
      "identity_check_seconds": 0.0019118559430353343,
      "state_hash_seconds": 0.00022166507551446557,
      "clone_seconds": 0.0,
      "restore_seconds": 0.0,
      "file_write_seconds": 5.99650084041059e-05,
      "operation_seconds": 0.17943561798892915,
      "total_phase_seconds": 0.18169647204922512,
      "scope": "file writes include journal intent/add/flush; excludes this timing receipt and checkpoint writes",
      "mode": "stage4_sealed_cell",
      "banner": "sealed Stage 4; scientific admission also requires complete declared populations"
    },
    {
      "phase": "immediate:94",
      "identity_check_kind": "in_memory_structure_and_configuration",
      "recipe_verification_seconds": 0.0,
      "identity_verification_seconds": 0.0,
      "identity_check_seconds": 0.002167995960917324,
      "state_hash_seconds": 0.0073092239908874035,
      "clone_seconds": 0.0,
      "restore_seconds": 0.0,
      "file_write_seconds": 6.061594467610121e-05,
      "operation_seconds": 0.039958465029485524,
      "total_phase_seconds": 0.04959852999309078,
      "scope": "file writes include journal intent/add/flush; excludes this timing receipt and checkpoint writes",
      "mode": "stage4_sealed_cell",
      "banner": "sealed Stage 4; scientific admission also requires complete declared populations"
    },
    {
      "phase": "edit:95",
      "identity_check_kind": "in_memory_structure_and_configuration",
      "recipe_verification_seconds": 0.0,
      "identity_verification_seconds": 0.0,
      "identity_check_seconds": 0.0021028119954280555,
      "state_hash_seconds": 0.00023372902069240808,
      "clone_seconds": 0.0,
      "restore_seconds": 0.0,
      "file_write_seconds": 5.689897807314992e-05,
      "operation_seconds": 0.09796476602787152,
      "total_phase_seconds": 0.1004265560186468,
      "scope": "file writes include journal intent/add/flush; excludes this timing receipt and checkpoint writes",
      "mode": "stage4_sealed_cell",
      "banner": "sealed Stage 4; scientific admission also requires complete declared populations"
    },
    {
      "phase": "immediate:95",
      "identity_check_kind": "in_memory_structure_and_configuration",
      "recipe_verification_seconds": 0.0,
      "identity_verification_seconds": 0.0,
      "identity_check_seconds": 0.0020567739848047495,
      "state_hash_seconds": 0.008343658060766757,
      "clone_seconds": 0.0,
      "restore_seconds": 0.0,
      "file_write_seconds": 6.434298120439053e-05,
      "operation_seconds": 0.04425779904704541,
      "total_phase_seconds": 0.054823426995426416,
      "scope": "file writes include journal intent/add/flush; excludes this timing receipt and checkpoint writes",
      "mode": "stage4_sealed_cell",
      "banner": "sealed Stage 4; scientific admission also requires complete declared populations"
    },
    {
      "phase": "edit:96",
      "identity_check_kind": "in_memory_structure_and_configuration",
      "recipe_verification_seconds": 0.0,
      "identity_verification_seconds": 0.0,
      "identity_check_seconds": 0.002165370970033109,
      "state_hash_seconds": 0.00022476102458313107,
      "clone_seconds": 0.0,
      "restore_seconds": 0.0,
      "file_write_seconds": 5.7890021707862616e-05,
      "operation_seconds": 0.14644369902089238,
      "total_phase_seconds": 0.14895807998254895,
      "scope": "file writes include journal intent/add/flush; excludes this timing receipt and checkpoint writes",
      "mode": "stage4_sealed_cell",
      "banner": "sealed Stage 4; scientific admission also requires complete declared populations"
    },
    {
      "phase": "immediate:96",
      "identity_check_kind": "in_memory_structure_and_configuration",
      "recipe_verification_seconds": 0.0,
      "identity_verification_seconds": 0.0,
      "identity_check_seconds": 0.0020432870369404554,
      "state_hash_seconds": 0.007872965012211353,
      "clone_seconds": 0.0,
      "restore_seconds": 0.0,
      "file_write_seconds": 0.0049071889952756464,
      "operation_seconds": 0.04645474097924307,
      "total_phase_seconds": 0.06137303600553423,
      "scope": "file writes include journal intent/add/flush; excludes this timing receipt and checkpoint writes",
      "mode": "stage4_sealed_cell",
      "banner": "sealed Stage 4; scientific admission also requires complete declared populations"
    },
    {
      "phase": "edit:97",
      "identity_check_kind": "in_memory_structure_and_configuration",
      "recipe_verification_seconds": 0.0,
      "identity_verification_seconds": 0.0,
      "identity_check_seconds": 0.002259492001030594,
      "state_hash_seconds": 0.0002513820072636008,
      "clone_seconds": 0.0,
      "restore_seconds": 0.0,
      "file_write_seconds": 0.001254094997420907,
      "operation_seconds": 0.09704749699449167,
      "total_phase_seconds": 0.10088718996848911,
      "scope": "file writes include journal intent/add/flush; excludes this timing receipt and checkpoint writes",
      "mode": "stage4_sealed_cell",
      "banner": "sealed Stage 4; scientific admission also requires complete declared populations"
    },
    {
      "phase": "immediate:97",
      "identity_check_kind": "in_memory_structure_and_configuration",
      "recipe_verification_seconds": 0.0,
      "identity_verification_seconds": 0.0,
      "identity_check_seconds": 0.0018781110411509871,
      "state_hash_seconds": 0.007810915994923562,
      "clone_seconds": 0.0,
      "restore_seconds": 0.0,
      "file_write_seconds": 6.560696056112647e-05,
      "operation_seconds": 0.03889291302766651,
      "total_phase_seconds": 0.04872959299245849,
      "scope": "file writes include journal intent/add/flush; excludes this timing receipt and checkpoint writes",
      "mode": "stage4_sealed_cell",
      "banner": "sealed Stage 4; scientific admission also requires complete declared populations"
    },
    {
      "phase": "edit:98",
      "identity_check_kind": "in_memory_structure_and_configuration",
      "recipe_verification_seconds": 0.0,
      "identity_verification_seconds": 0.0,
      "identity_check_seconds": 0.0020041019888594747,
      "state_hash_seconds": 0.00022016302682459354,
      "clone_seconds": 0.0,
      "restore_seconds": 0.0,
      "file_write_seconds": 5.847198190167546e-05,
      "operation_seconds": 0.12079024303238839,
      "total_phase_seconds": 0.12313774303765967,
      "scope": "file writes include journal intent/add/flush; excludes this timing receipt and checkpoint writes",
      "mode": "stage4_sealed_cell",
      "banner": "sealed Stage 4; scientific admission also requires complete declared populations"
    },
    {
      "phase": "immediate:98",
      "identity_check_kind": "in_memory_structure_and_configuration",
      "recipe_verification_seconds": 0.0,
      "identity_verification_seconds": 0.0,
      "identity_check_seconds": 0.002102820959407836,
      "state_hash_seconds": 0.008081175037659705,
      "clone_seconds": 0.0,
      "restore_seconds": 0.0,
      "file_write_seconds": 6.0586025938391685e-05,
      "operation_seconds": 0.041660058952402323,
      "total_phase_seconds": 0.052014972956385463,
      "scope": "file writes include journal intent/add/flush; excludes this timing receipt and checkpoint writes",
      "mode": "stage4_sealed_cell",
      "banner": "sealed Stage 4; scientific admission also requires complete declared populations"
    },
    {
      "phase": "edit:99",
      "identity_check_kind": "in_memory_structure_and_configuration",
      "recipe_verification_seconds": 0.0,
      "identity_verification_seconds": 0.0,
      "identity_check_seconds": 0.002119894023053348,
      "state_hash_seconds": 0.000249749980866909,
      "clone_seconds": 0.0,
      "restore_seconds": 0.0,
      "file_write_seconds": 5.734001751989126e-05,
      "operation_seconds": 0.10523278202163056,
      "total_phase_seconds": 0.10773817502195016,
      "scope": "file writes include journal intent/add/flush; excludes this timing receipt and checkpoint writes",
      "mode": "stage4_sealed_cell",
      "banner": "sealed Stage 4; scientific admission also requires complete declared populations"
    },
    {
      "phase": "immediate:99",
      "identity_check_kind": "in_memory_structure_and_configuration",
      "recipe_verification_seconds": 0.0,
      "identity_verification_seconds": 0.0,
      "identity_check_seconds": 0.001995344995521009,
      "state_hash_seconds": 0.007660457049496472,
      "clone_seconds": 0.0,
      "restore_seconds": 0.0,
      "file_write_seconds": 5.835102638229728e-05,
      "operation_seconds": 0.032832132012117654,
      "total_phase_seconds": 0.04263984702993184,
      "scope": "file writes include journal intent/add/flush; excludes this timing receipt and checkpoint writes",
      "mode": "stage4_sealed_cell",
      "banner": "sealed Stage 4; scientific admission also requires complete declared populations"
    },
    {
      "phase": "edit:100",
      "identity_check_kind": "in_memory_structure_and_configuration",
      "recipe_verification_seconds": 0.0,
      "identity_verification_seconds": 0.0,
      "identity_check_seconds": 0.002149631967768073,
      "state_hash_seconds": 0.0002544678864069283,
      "clone_seconds": 0.0,
      "restore_seconds": 0.0,
      "file_write_seconds": 5.92030119150877e-05,
      "operation_seconds": 0.1725424990290776,
      "total_phase_seconds": 0.17507953400490806,
      "scope": "file writes include journal intent/add/flush; excludes this timing receipt and checkpoint writes",
      "mode": "stage4_sealed_cell",
      "banner": "sealed Stage 4; scientific admission also requires complete declared populations"
    },
    {
      "phase": "immediate:100",
      "identity_check_kind": "in_memory_structure_and_configuration",
      "recipe_verification_seconds": 0.0,
      "identity_verification_seconds": 0.0,
      "identity_check_seconds": 0.001961250032763928,
      "state_hash_seconds": 0.0078100849641487,
      "clone_seconds": 0.0,
      "restore_seconds": 0.0,
      "file_write_seconds": 6.769003812223673e-05,
      "operation_seconds": 0.05061918596038595,
      "total_phase_seconds": 0.060550979047548026,
      "scope": "file writes include journal intent/add/flush; excludes this timing receipt and checkpoint writes",
      "mode": "stage4_sealed_cell",
      "banner": "sealed Stage 4; scientific admission also requires complete declared populations"
    },
    {
      "phase": "retention:100",
      "identity_check_kind": "in_memory_structure_and_configuration",
      "recipe_verification_seconds": 0.0,
      "identity_verification_seconds": 0.0,
      "identity_check_seconds": 0.002081480051856488,
      "state_hash_seconds": 0.007854691066313535,
      "clone_seconds": 0.0,
      "restore_seconds": 0.0,
      "file_write_seconds": 0.0031690069590695202,
      "operation_seconds": 4.588325969001744,
      "total_phase_seconds": 4.603576932044234,
      "scope": "file writes include journal intent/add/flush; excludes this timing receipt and checkpoint writes",
      "mode": "stage4_sealed_cell",
      "banner": "sealed Stage 4; scientific admission also requires complete declared populations"
    },
    {
      "phase": "locality:100",
      "identity_check_kind": "in_memory_structure_and_configuration",
      "recipe_verification_seconds": 0.0,
      "identity_verification_seconds": 0.0,
      "identity_check_seconds": 0.0021371369948610663,
      "state_hash_seconds": 0.008570281963329762,
      "clone_seconds": 0.0,
      "restore_seconds": 0.0,
      "file_write_seconds": 0.0009406430181115866,
      "operation_seconds": 6.524452478974126,
      "total_phase_seconds": 6.537266528990585,
      "scope": "file writes include journal intent/add/flush; excludes this timing receipt and checkpoint writes",
      "mode": "stage4_sealed_cell",
      "banner": "sealed Stage 4; scientific admission also requires complete declared populations"
    },
    {
      "phase": "unseen:100",
      "identity_check_kind": "in_memory_structure_and_configuration",
      "recipe_verification_seconds": 0.0,
      "identity_verification_seconds": 0.0,
      "identity_check_seconds": 0.0022853220580145717,
      "state_hash_seconds": 0.007966153032612056,
      "clone_seconds": 0.0,
      "restore_seconds": 0.0,
      "file_write_seconds": 0.002158868999686092,
      "operation_seconds": 57.64539246697677,
      "total_phase_seconds": 57.659902387997136,
      "scope": "file writes include journal intent/add/flush; excludes this timing receipt and checkpoint writes",
      "mode": "stage4_sealed_cell",
      "banner": "sealed Stage 4; scientific admission also requires complete declared populations"
    },
    {
      "phase": "drift:100",
      "identity_check_kind": "in_memory_structure_and_configuration",
      "recipe_verification_seconds": 0.0,
      "identity_verification_seconds": 0.0,
      "identity_check_seconds": 0.0021168889943510294,
      "state_hash_seconds": 0.008163092017639428,
      "clone_seconds": 0.0,
      "restore_seconds": 0.0,
      "file_write_seconds": 0.20730167697183788,
      "operation_seconds": 54.49333214497892,
      "total_phase_seconds": 54.79754309298005,
      "scope": "file writes include journal intent/add/flush; excludes this timing receipt and checkpoint writes",
      "mode": "stage4_sealed_cell",
      "banner": "sealed Stage 4; scientific admission also requires complete declared populations"
    },
    {
      "phase": "edit:101",
      "identity_check_kind": "in_memory_structure_and_configuration",
      "recipe_verification_seconds": 0.0,
      "identity_verification_seconds": 0.0,
      "identity_check_seconds": 0.0020951260230503976,
      "state_hash_seconds": 0.00022807804634794593,
      "clone_seconds": 0.0,
      "restore_seconds": 0.0,
      "file_write_seconds": 0.0011866259737871587,
      "operation_seconds": 0.1864361499901861,
      "total_phase_seconds": 0.19324202998541296,
      "scope": "file writes include journal intent/add/flush; excludes this timing receipt and checkpoint writes",
      "mode": "stage4_sealed_cell",
      "banner": "sealed Stage 4; scientific admission also requires complete declared populations"
    },
    {
      "phase": "immediate:101",
      "identity_check_kind": "in_memory_structure_and_configuration",
      "recipe_verification_seconds": 0.0,
      "identity_verification_seconds": 0.0,
      "identity_check_seconds": 0.002299960993696004,
      "state_hash_seconds": 0.008307469135615975,
      "clone_seconds": 0.0,
      "restore_seconds": 0.0,
      "file_write_seconds": 6.165704689919949e-05,
      "operation_seconds": 0.04722810396924615,
      "total_phase_seconds": 0.05799836601363495,
      "scope": "file writes include journal intent/add/flush; excludes this timing receipt and checkpoint writes",
      "mode": "stage4_sealed_cell",
      "banner": "sealed Stage 4; scientific admission also requires complete declared populations"
    },
    {
      "phase": "edit:102",
      "identity_check_kind": "in_memory_structure_and_configuration",
      "recipe_verification_seconds": 0.0,
      "identity_verification_seconds": 0.0,
      "identity_check_seconds": 0.0021475169924087822,
      "state_hash_seconds": 0.0003170180134475231,
      "clone_seconds": 0.0,
      "restore_seconds": 0.0,
      "file_write_seconds": 8.259800961241126e-05,
      "operation_seconds": 0.13365379604510963,
      "total_phase_seconds": 0.13630030996864662,
      "scope": "file writes include journal intent/add/flush; excludes this timing receipt and checkpoint writes",
      "mode": "stage4_sealed_cell",
      "banner": "sealed Stage 4; scientific admission also requires complete declared populations"
    },
    {
      "phase": "immediate:102",
      "identity_check_kind": "in_memory_structure_and_configuration",
      "recipe_verification_seconds": 0.0,
      "identity_verification_seconds": 0.0,
      "identity_check_seconds": 0.002667676017154008,
      "state_hash_seconds": 0.00834291597129777,
      "clone_seconds": 0.0,
      "restore_seconds": 0.0,
      "file_write_seconds": 5.784095264971256e-05,
      "operation_seconds": 0.03723206795984879,
      "total_phase_seconds": 0.04839357902528718,
      "scope": "file writes include journal intent/add/flush; excludes this timing receipt and checkpoint writes",
      "mode": "stage4_sealed_cell",
      "banner": "sealed Stage 4; scientific admission also requires complete declared populations"
    },
    {
      "phase": "edit:103",
      "identity_check_kind": "in_memory_structure_and_configuration",
      "recipe_verification_seconds": 0.0,
      "identity_verification_seconds": 0.0,
      "identity_check_seconds": 0.001949417986907065,
      "state_hash_seconds": 0.00022182398242875934,
      "clone_seconds": 0.0,
      "restore_seconds": 0.0,
      "file_write_seconds": 6.665702676400542e-05,
      "operation_seconds": 0.1212510850164108,
      "total_phase_seconds": 0.1235548320109956,
      "scope": "file writes include journal intent/add/flush; excludes this timing receipt and checkpoint writes",
      "mode": "stage4_sealed_cell",
      "banner": "sealed Stage 4; scientific admission also requires complete declared populations"
    },
    {
      "phase": "immediate:103",
      "identity_check_kind": "in_memory_structure_and_configuration",
      "recipe_verification_seconds": 0.0,
      "identity_verification_seconds": 0.0,
      "identity_check_seconds": 0.00209492800058797,
      "state_hash_seconds": 0.008417811011895537,
      "clone_seconds": 0.0,
      "restore_seconds": 0.0,
      "file_write_seconds": 5.764095112681389e-05,
      "operation_seconds": 0.041294016991741955,
      "total_phase_seconds": 0.05195338500197977,
      "scope": "file writes include journal intent/add/flush; excludes this timing receipt and checkpoint writes",
      "mode": "stage4_sealed_cell",
      "banner": "sealed Stage 4; scientific admission also requires complete declared populations"
    },
    {
      "phase": "edit:104",
      "identity_check_kind": "in_memory_structure_and_configuration",
      "recipe_verification_seconds": 0.0,
      "identity_verification_seconds": 0.0,
      "identity_check_seconds": 0.002184538054279983,
      "state_hash_seconds": 0.00021903793094679713,
      "clone_seconds": 0.0,
      "restore_seconds": 0.0,
      "file_write_seconds": 5.792098818346858e-05,
      "operation_seconds": 0.16801917797420174,
      "total_phase_seconds": 0.17054637300316244,
      "scope": "file writes include journal intent/add/flush; excludes this timing receipt and checkpoint writes",
      "mode": "stage4_sealed_cell",
      "banner": "sealed Stage 4; scientific admission also requires complete declared populations"
    },
    {
      "phase": "immediate:104",
      "identity_check_kind": "in_memory_structure_and_configuration",
      "recipe_verification_seconds": 0.0,
      "identity_verification_seconds": 0.0,
      "identity_check_seconds": 0.002697611053008586,
      "state_hash_seconds": 0.008769685053266585,
      "clone_seconds": 0.0,
      "restore_seconds": 0.0,
      "file_write_seconds": 6.0086022131145e-05,
      "operation_seconds": 0.04802347900113091,
      "total_phase_seconds": 0.059653858945239335,
      "scope": "file writes include journal intent/add/flush; excludes this timing receipt and checkpoint writes",
      "mode": "stage4_sealed_cell",
      "banner": "sealed Stage 4; scientific admission also requires complete declared populations"
    },
    {
      "phase": "edit:105",
      "identity_check_kind": "in_memory_structure_and_configuration",
      "recipe_verification_seconds": 0.0,
      "identity_verification_seconds": 0.0,
      "identity_check_seconds": 0.0023120829719118774,
      "state_hash_seconds": 0.00023620197316631675,
      "clone_seconds": 0.0,
      "restore_seconds": 0.0,
      "file_write_seconds": 5.811190931126475e-05,
      "operation_seconds": 0.17235525202704594,
      "total_phase_seconds": 0.17503928794758394,
      "scope": "file writes include journal intent/add/flush; excludes this timing receipt and checkpoint writes",
      "mode": "stage4_sealed_cell",
      "banner": "sealed Stage 4; scientific admission also requires complete declared populations"
    },
    {
      "phase": "immediate:105",
      "identity_check_kind": "in_memory_structure_and_configuration",
      "recipe_verification_seconds": 0.0,
      "identity_verification_seconds": 0.0,
      "identity_check_seconds": 0.0021297740167938173,
      "state_hash_seconds": 0.008771437162067741,
      "clone_seconds": 0.0,
      "restore_seconds": 0.0,
      "file_write_seconds": 6.099708843976259e-05,
      "operation_seconds": 0.04302211001049727,
      "total_phase_seconds": 0.05408213601913303,
      "scope": "file writes include journal intent/add/flush; excludes this timing receipt and checkpoint writes",
      "mode": "stage4_sealed_cell",
      "banner": "sealed Stage 4; scientific admission also requires complete declared populations"
    },
    {
      "phase": "edit:106",
      "identity_check_kind": "in_memory_structure_and_configuration",
      "recipe_verification_seconds": 0.0,
      "identity_verification_seconds": 0.0,
      "identity_check_seconds": 0.002152928034774959,
      "state_hash_seconds": 0.00024050089996308088,
      "clone_seconds": 0.0,
      "restore_seconds": 0.0,
      "file_write_seconds": 5.9804937336593866e-05,
      "operation_seconds": 0.09858198900474235,
      "total_phase_seconds": 0.10109927604207769,
      "scope": "file writes include journal intent/add/flush; excludes this timing receipt and checkpoint writes",
      "mode": "stage4_sealed_cell",
      "banner": "sealed Stage 4; scientific admission also requires complete declared populations"
    },
    {
      "phase": "immediate:106",
      "identity_check_kind": "in_memory_structure_and_configuration",
      "recipe_verification_seconds": 0.0,
      "identity_verification_seconds": 0.0,
      "identity_check_seconds": 0.0019065660308115184,
      "state_hash_seconds": 0.008259718015324324,
      "clone_seconds": 0.0,
      "restore_seconds": 0.0,
      "file_write_seconds": 5.657901056110859e-05,
      "operation_seconds": 0.04300751199480146,
      "total_phase_seconds": 0.05330976494587958,
      "scope": "file writes include journal intent/add/flush; excludes this timing receipt and checkpoint writes",
      "mode": "stage4_sealed_cell",
      "banner": "sealed Stage 4; scientific admission also requires complete declared populations"
    },
    {
      "phase": "edit:107",
      "identity_check_kind": "in_memory_structure_and_configuration",
      "recipe_verification_seconds": 0.0,
      "identity_verification_seconds": 0.0,
      "identity_check_seconds": 0.002115025999955833,
      "state_hash_seconds": 0.00023279601009562612,
      "clone_seconds": 0.0,
      "restore_seconds": 0.0,
      "file_write_seconds": 5.869305459782481e-05,
      "operation_seconds": 0.14690393098862842,
      "total_phase_seconds": 0.1493767430074513,
      "scope": "file writes include journal intent/add/flush; excludes this timing receipt and checkpoint writes",
      "mode": "stage4_sealed_cell",
      "banner": "sealed Stage 4; scientific admission also requires complete declared populations"
    },
    {
      "phase": "immediate:107",
      "identity_check_kind": "in_memory_structure_and_configuration",
      "recipe_verification_seconds": 0.0,
      "identity_verification_seconds": 0.0,
      "identity_check_seconds": 0.0021611739648506045,
      "state_hash_seconds": 0.008359718951396644,
      "clone_seconds": 0.0,
      "restore_seconds": 0.0,
      "file_write_seconds": 5.590700311586261e-05,
      "operation_seconds": 0.04702059703413397,
      "total_phase_seconds": 0.05768823099788278,
      "scope": "file writes include journal intent/add/flush; excludes this timing receipt and checkpoint writes",
      "mode": "stage4_sealed_cell",
      "banner": "sealed Stage 4; scientific admission also requires complete declared populations"
    },
    {
      "phase": "edit:108",
      "identity_check_kind": "in_memory_structure_and_configuration",
      "recipe_verification_seconds": 0.0,
      "identity_verification_seconds": 0.0,
      "identity_check_seconds": 0.0019757479894906282,
      "state_hash_seconds": 0.00022672500927001238,
      "clone_seconds": 0.0,
      "restore_seconds": 0.0,
      "file_write_seconds": 5.852297181263566e-05,
      "operation_seconds": 0.14032422500895336,
      "total_phase_seconds": 0.1426507569849491,
      "scope": "file writes include journal intent/add/flush; excludes this timing receipt and checkpoint writes",
      "mode": "stage4_sealed_cell",
      "banner": "sealed Stage 4; scientific admission also requires complete declared populations"
    },
    {
      "phase": "immediate:108",
      "identity_check_kind": "in_memory_structure_and_configuration",
      "recipe_verification_seconds": 0.0,
      "identity_verification_seconds": 0.0,
      "identity_check_seconds": 0.0019728720071725547,
      "state_hash_seconds": 0.008485060010571033,
      "clone_seconds": 0.0,
      "restore_seconds": 0.0,
      "file_write_seconds": 5.842203972861171e-05,
      "operation_seconds": 0.04681133496342227,
      "total_phase_seconds": 0.057422470999881625,
      "scope": "file writes include journal intent/add/flush; excludes this timing receipt and checkpoint writes",
      "mode": "stage4_sealed_cell",
      "banner": "sealed Stage 4; scientific admission also requires complete declared populations"
    },
    {
      "phase": "edit:109",
      "identity_check_kind": "in_memory_structure_and_configuration",
      "recipe_verification_seconds": 0.0,
      "identity_verification_seconds": 0.0,
      "identity_check_seconds": 0.0021747309947386384,
      "state_hash_seconds": 0.00022122496739029884,
      "clone_seconds": 0.0,
      "restore_seconds": 0.0,
      "file_write_seconds": 5.9474026784300804e-05,
      "operation_seconds": 0.1389242709847167,
      "total_phase_seconds": 0.14144793001469225,
      "scope": "file writes include journal intent/add/flush; excludes this timing receipt and checkpoint writes",
      "mode": "stage4_sealed_cell",
      "banner": "sealed Stage 4; scientific admission also requires complete declared populations"
    },
    {
      "phase": "immediate:109",
      "identity_check_kind": "in_memory_structure_and_configuration",
      "recipe_verification_seconds": 0.0,
      "identity_verification_seconds": 0.0,
      "identity_check_seconds": 0.002134802984073758,
      "state_hash_seconds": 0.008604426984675229,
      "clone_seconds": 0.0,
      "restore_seconds": 0.0,
      "file_write_seconds": 6.044597830623388e-05,
      "operation_seconds": 0.04107195005053654,
      "total_phase_seconds": 0.05197603802662343,
      "scope": "file writes include journal intent/add/flush; excludes this timing receipt and checkpoint writes",
      "mode": "stage4_sealed_cell",
      "banner": "sealed Stage 4; scientific admission also requires complete declared populations"
    },
    {
      "phase": "edit:110",
      "identity_check_kind": "in_memory_structure_and_configuration",
      "recipe_verification_seconds": 0.0,
      "identity_verification_seconds": 0.0,
      "identity_check_seconds": 0.002324135974049568,
      "state_hash_seconds": 0.00022553198505192995,
      "clone_seconds": 0.0,
      "restore_seconds": 0.0,
      "file_write_seconds": 5.797197809442878e-05,
      "operation_seconds": 0.17660821601748466,
      "total_phase_seconds": 0.1792850590427406,
      "scope": "file writes include journal intent/add/flush; excludes this timing receipt and checkpoint writes",
      "mode": "stage4_sealed_cell",
      "banner": "sealed Stage 4; scientific admission also requires complete declared populations"
    },
    {
      "phase": "immediate:110",
      "identity_check_kind": "in_memory_structure_and_configuration",
      "recipe_verification_seconds": 0.0,
      "identity_verification_seconds": 0.0,
      "identity_check_seconds": 0.0022052390268072486,
      "state_hash_seconds": 0.009255074022803456,
      "clone_seconds": 0.0,
      "restore_seconds": 0.0,
      "file_write_seconds": 8.895102655515075e-05,
      "operation_seconds": 0.04568730999017134,
      "total_phase_seconds": 0.057337327976711094,
      "scope": "file writes include journal intent/add/flush; excludes this timing receipt and checkpoint writes",
      "mode": "stage4_sealed_cell",
      "banner": "sealed Stage 4; scientific admission also requires complete declared populations"
    },
    {
      "phase": "edit:111",
      "identity_check_kind": "in_memory_structure_and_configuration",
      "recipe_verification_seconds": 0.0,
      "identity_verification_seconds": 0.0,
      "identity_check_seconds": 0.002156094938982278,
      "state_hash_seconds": 0.00019283901201561093,
      "clone_seconds": 0.0,
      "restore_seconds": 0.0,
      "file_write_seconds": 5.863304249942303e-05,
      "operation_seconds": 0.13610806199721992,
      "total_phase_seconds": 0.13857927097706124,
      "scope": "file writes include journal intent/add/flush; excludes this timing receipt and checkpoint writes",
      "mode": "stage4_sealed_cell",
      "banner": "sealed Stage 4; scientific admission also requires complete declared populations"
    },
    {
      "phase": "immediate:111",
      "identity_check_kind": "in_memory_structure_and_configuration",
      "recipe_verification_seconds": 0.0,
      "identity_verification_seconds": 0.0,
      "identity_check_seconds": 0.0020058160298503935,
      "state_hash_seconds": 0.008713936957065016,
      "clone_seconds": 0.0,
      "restore_seconds": 0.0,
      "file_write_seconds": 5.9293059166520834e-05,
      "operation_seconds": 0.04586114396806806,
      "total_phase_seconds": 0.05673340102657676,
      "scope": "file writes include journal intent/add/flush; excludes this timing receipt and checkpoint writes",
      "mode": "stage4_sealed_cell",
      "banner": "sealed Stage 4; scientific admission also requires complete declared populations"
    },
    {
      "phase": "edit:112",
      "identity_check_kind": "in_memory_structure_and_configuration",
      "recipe_verification_seconds": 0.0,
      "identity_verification_seconds": 0.0,
      "identity_check_seconds": 0.0025344190071336925,
      "state_hash_seconds": 0.0002462809788994491,
      "clone_seconds": 0.0,
      "restore_seconds": 0.0,
      "file_write_seconds": 6.027601193636656e-05,
      "operation_seconds": 0.08413425798062235,
      "total_phase_seconds": 0.08704498800216243,
      "scope": "file writes include journal intent/add/flush; excludes this timing receipt and checkpoint writes",
      "mode": "stage4_sealed_cell",
      "banner": "sealed Stage 4; scientific admission also requires complete declared populations"
    },
    {
      "phase": "immediate:112",
      "identity_check_kind": "in_memory_structure_and_configuration",
      "recipe_verification_seconds": 0.0,
      "identity_verification_seconds": 0.0,
      "identity_check_seconds": 0.0019918299512937665,
      "state_hash_seconds": 0.009086631936952472,
      "clone_seconds": 0.0,
      "restore_seconds": 0.0,
      "file_write_seconds": 6.001500878483057e-05,
      "operation_seconds": 0.03491739003220573,
      "total_phase_seconds": 0.04614776297239587,
      "scope": "file writes include journal intent/add/flush; excludes this timing receipt and checkpoint writes",
      "mode": "stage4_sealed_cell",
      "banner": "sealed Stage 4; scientific admission also requires complete declared populations"
    },
    {
      "phase": "edit:113",
      "identity_check_kind": "in_memory_structure_and_configuration",
      "recipe_verification_seconds": 0.0,
      "identity_verification_seconds": 0.0,
      "identity_check_seconds": 0.0020611220388673246,
      "state_hash_seconds": 0.00022351904772222042,
      "clone_seconds": 0.0,
      "restore_seconds": 0.0,
      "file_write_seconds": 6.12370204180479e-05,
      "operation_seconds": 0.281508460000623,
      "total_phase_seconds": 0.2839197139837779,
      "scope": "file writes include journal intent/add/flush; excludes this timing receipt and checkpoint writes",
      "mode": "stage4_sealed_cell",
      "banner": "sealed Stage 4; scientific admission also requires complete declared populations"
    },
    {
      "phase": "immediate:113",
      "identity_check_kind": "in_memory_structure_and_configuration",
      "recipe_verification_seconds": 0.0,
      "identity_verification_seconds": 0.0,
      "identity_check_seconds": 0.0022653029300272465,
      "state_hash_seconds": 0.00935716088861227,
      "clone_seconds": 0.0,
      "restore_seconds": 0.0,
      "file_write_seconds": 5.946401506662369e-05,
      "operation_seconds": 0.06634646200109273,
      "total_phase_seconds": 0.07812403398565948,
      "scope": "file writes include journal intent/add/flush; excludes this timing receipt and checkpoint writes",
      "mode": "stage4_sealed_cell",
      "banner": "sealed Stage 4; scientific admission also requires complete declared populations"
    },
    {
      "phase": "edit:114",
      "identity_check_kind": "in_memory_structure_and_configuration",
      "recipe_verification_seconds": 0.0,
      "identity_verification_seconds": 0.0,
      "identity_check_seconds": 0.0021012279321439564,
      "state_hash_seconds": 0.0002164450124837458,
      "clone_seconds": 0.0,
      "restore_seconds": 0.0,
      "file_write_seconds": 5.9113954193890095e-05,
      "operation_seconds": 0.17647970002144575,
      "total_phase_seconds": 0.17891919700196013,
      "scope": "file writes include journal intent/add/flush; excludes this timing receipt and checkpoint writes",
      "mode": "stage4_sealed_cell",
      "banner": "sealed Stage 4; scientific admission also requires complete declared populations"
    },
    {
      "phase": "immediate:114",
      "identity_check_kind": "in_memory_structure_and_configuration",
      "recipe_verification_seconds": 0.0,
      "identity_verification_seconds": 0.0,
      "identity_check_seconds": 0.0020883729448542,
      "state_hash_seconds": 0.008850931946653873,
      "clone_seconds": 0.0,
      "restore_seconds": 0.0,
      "file_write_seconds": 5.8061967138201e-05,
      "operation_seconds": 0.04423452401533723,
      "total_phase_seconds": 0.05531673296354711,
      "scope": "file writes include journal intent/add/flush; excludes this timing receipt and checkpoint writes",
      "mode": "stage4_sealed_cell",
      "banner": "sealed Stage 4; scientific admission also requires complete declared populations"
    },
    {
      "phase": "edit:115",
      "identity_check_kind": "in_memory_structure_and_configuration",
      "recipe_verification_seconds": 0.0,
      "identity_verification_seconds": 0.0,
      "identity_check_seconds": 0.0019763290183618665,
      "state_hash_seconds": 0.00021251803264021873,
      "clone_seconds": 0.0,
      "restore_seconds": 0.0,
      "file_write_seconds": 6.03349762968719e-05,
      "operation_seconds": 0.09535976202460006,
      "total_phase_seconds": 0.0976710639661178,
      "scope": "file writes include journal intent/add/flush; excludes this timing receipt and checkpoint writes",
      "mode": "stage4_sealed_cell",
      "banner": "sealed Stage 4; scientific admission also requires complete declared populations"
    },
    {
      "phase": "immediate:115",
      "identity_check_kind": "in_memory_structure_and_configuration",
      "recipe_verification_seconds": 0.0,
      "identity_verification_seconds": 0.0,
      "identity_check_seconds": 0.001962253008969128,
      "state_hash_seconds": 0.009110357030294836,
      "clone_seconds": 0.0,
      "restore_seconds": 0.0,
      "file_write_seconds": 5.6570046581327915e-05,
      "operation_seconds": 0.03858502203365788,
      "total_phase_seconds": 0.049802319961600006,
      "scope": "file writes include journal intent/add/flush; excludes this timing receipt and checkpoint writes",
      "mode": "stage4_sealed_cell",
      "banner": "sealed Stage 4; scientific admission also requires complete declared populations"
    },
    {
      "phase": "edit:116",
      "identity_check_kind": "in_memory_structure_and_configuration",
      "recipe_verification_seconds": 0.0,
      "identity_verification_seconds": 0.0,
      "identity_check_seconds": 0.0025608910364098847,
      "state_hash_seconds": 0.0002534851082600653,
      "clone_seconds": 0.0,
      "restore_seconds": 0.0,
      "file_write_seconds": 7.638696115463972e-05,
      "operation_seconds": 0.12743558298097923,
      "total_phase_seconds": 0.13040090899448842,
      "scope": "file writes include journal intent/add/flush; excludes this timing receipt and checkpoint writes",
      "mode": "stage4_sealed_cell",
      "banner": "sealed Stage 4; scientific admission also requires complete declared populations"
    },
    {
      "phase": "immediate:116",
      "identity_check_kind": "in_memory_structure_and_configuration",
      "recipe_verification_seconds": 0.0,
      "identity_verification_seconds": 0.0,
      "identity_check_seconds": 0.002178276947233826,
      "state_hash_seconds": 0.009860775957349688,
      "clone_seconds": 0.0,
      "restore_seconds": 0.0,
      "file_write_seconds": 0.005029444000683725,
      "operation_seconds": 0.040405152016319335,
      "total_phase_seconds": 0.05757638596696779,
      "scope": "file writes include journal intent/add/flush; excludes this timing receipt and checkpoint writes",
      "mode": "stage4_sealed_cell",
      "banner": "sealed Stage 4; scientific admission also requires complete declared populations"
    },
    {
      "phase": "edit:117",
      "identity_check_kind": "in_memory_structure_and_configuration",
      "recipe_verification_seconds": 0.0,
      "identity_verification_seconds": 0.0,
      "identity_check_seconds": 0.0021005870075896382,
      "state_hash_seconds": 0.000235221057664603,
      "clone_seconds": 0.0,
      "restore_seconds": 0.0,
      "file_write_seconds": 0.0011349259875714779,
      "operation_seconds": 0.13763448898680508,
      "total_phase_seconds": 0.14117049798369408,
      "scope": "file writes include journal intent/add/flush; excludes this timing receipt and checkpoint writes",
      "mode": "stage4_sealed_cell",
      "banner": "sealed Stage 4; scientific admission also requires complete declared populations"
    },
    {
      "phase": "immediate:117",
      "identity_check_kind": "in_memory_structure_and_configuration",
      "recipe_verification_seconds": 0.0,
      "identity_verification_seconds": 0.0,
      "identity_check_seconds": 0.0021257349872030318,
      "state_hash_seconds": 0.009318558091763407,
      "clone_seconds": 0.0,
      "restore_seconds": 0.0,
      "file_write_seconds": 6.645702524110675e-05,
      "operation_seconds": 0.04831418697722256,
      "total_phase_seconds": 0.059923466003965586,
      "scope": "file writes include journal intent/add/flush; excludes this timing receipt and checkpoint writes",
      "mode": "stage4_sealed_cell",
      "banner": "sealed Stage 4; scientific admission also requires complete declared populations"
    },
    {
      "phase": "edit:118",
      "identity_check_kind": "in_memory_structure_and_configuration",
      "recipe_verification_seconds": 0.0,
      "identity_verification_seconds": 0.0,
      "identity_check_seconds": 0.0022290750057436526,
      "state_hash_seconds": 0.00024475896498188376,
      "clone_seconds": 0.0,
      "restore_seconds": 0.0,
      "file_write_seconds": 8.358003105968237e-05,
      "operation_seconds": 0.12730702699627727,
      "total_phase_seconds": 0.12993820197880268,
      "scope": "file writes include journal intent/add/flush; excludes this timing receipt and checkpoint writes",
      "mode": "stage4_sealed_cell",
      "banner": "sealed Stage 4; scientific admission also requires complete declared populations"
    },
    {
      "phase": "immediate:118",
      "identity_check_kind": "in_memory_structure_and_configuration",
      "recipe_verification_seconds": 0.0,
      "identity_verification_seconds": 0.0,
      "identity_check_seconds": 0.0021397029631771147,
      "state_hash_seconds": 0.00963476306060329,
      "clone_seconds": 0.0,
      "restore_seconds": 0.0,
      "file_write_seconds": 6.566592492163181e-05,
      "operation_seconds": 0.03972820396302268,
      "total_phase_seconds": 0.05167068197624758,
      "scope": "file writes include journal intent/add/flush; excludes this timing receipt and checkpoint writes",
      "mode": "stage4_sealed_cell",
      "banner": "sealed Stage 4; scientific admission also requires complete declared populations"
    },
    {
      "phase": "edit:119",
      "identity_check_kind": "in_memory_structure_and_configuration",
      "recipe_verification_seconds": 0.0,
      "identity_verification_seconds": 0.0,
      "identity_check_seconds": 0.002062535029835999,
      "state_hash_seconds": 0.0002144110039807856,
      "clone_seconds": 0.0,
      "restore_seconds": 0.0,
      "file_write_seconds": 6.0006044805049896e-05,
      "operation_seconds": 0.20208233001176268,
      "total_phase_seconds": 0.20447845401940867,
      "scope": "file writes include journal intent/add/flush; excludes this timing receipt and checkpoint writes",
      "mode": "stage4_sealed_cell",
      "banner": "sealed Stage 4; scientific admission also requires complete declared populations"
    },
    {
      "phase": "immediate:119",
      "identity_check_kind": "in_memory_structure_and_configuration",
      "recipe_verification_seconds": 0.0,
      "identity_verification_seconds": 0.0,
      "identity_check_seconds": 0.0021014100057072937,
      "state_hash_seconds": 0.009172204998321831,
      "clone_seconds": 0.0,
      "restore_seconds": 0.0,
      "file_write_seconds": 5.7931989431381226e-05,
      "operation_seconds": 0.06442114996025339,
      "total_phase_seconds": 0.07583599700592458,
      "scope": "file writes include journal intent/add/flush; excludes this timing receipt and checkpoint writes",
      "mode": "stage4_sealed_cell",
      "banner": "sealed Stage 4; scientific admission also requires complete declared populations"
    },
    {
      "phase": "edit:120",
      "identity_check_kind": "in_memory_structure_and_configuration",
      "recipe_verification_seconds": 0.0,
      "identity_verification_seconds": 0.0,
      "identity_check_seconds": 0.0021552719408646226,
      "state_hash_seconds": 0.0002365540130995214,
      "clone_seconds": 0.0,
      "restore_seconds": 0.0,
      "file_write_seconds": 5.982501897960901e-05,
      "operation_seconds": 0.10109775298042223,
      "total_phase_seconds": 0.10362120100762695,
      "scope": "file writes include journal intent/add/flush; excludes this timing receipt and checkpoint writes",
      "mode": "stage4_sealed_cell",
      "banner": "sealed Stage 4; scientific admission also requires complete declared populations"
    },
    {
      "phase": "immediate:120",
      "identity_check_kind": "in_memory_structure_and_configuration",
      "recipe_verification_seconds": 0.0,
      "identity_verification_seconds": 0.0,
      "identity_check_seconds": 0.002226819982752204,
      "state_hash_seconds": 0.009663709090091288,
      "clone_seconds": 0.0,
      "restore_seconds": 0.0,
      "file_write_seconds": 6.115692667663097e-05,
      "operation_seconds": 0.036112722009420395,
      "total_phase_seconds": 0.04817082197405398,
      "scope": "file writes include journal intent/add/flush; excludes this timing receipt and checkpoint writes",
      "mode": "stage4_sealed_cell",
      "banner": "sealed Stage 4; scientific admission also requires complete declared populations"
    },
    {
      "phase": "edit:121",
      "identity_check_kind": "in_memory_structure_and_configuration",
      "recipe_verification_seconds": 0.0,
      "identity_verification_seconds": 0.0,
      "identity_check_seconds": 0.002038737991824746,
      "state_hash_seconds": 0.00021382991690188646,
      "clone_seconds": 0.0,
      "restore_seconds": 0.0,
      "file_write_seconds": 5.843100370839238e-05,
      "operation_seconds": 0.12775911402422935,
      "total_phase_seconds": 0.13013170298654586,
      "scope": "file writes include journal intent/add/flush; excludes this timing receipt and checkpoint writes",
      "mode": "stage4_sealed_cell",
      "banner": "sealed Stage 4; scientific admission also requires complete declared populations"
    },
    {
      "phase": "immediate:121",
      "identity_check_kind": "in_memory_structure_and_configuration",
      "recipe_verification_seconds": 0.0,
      "identity_verification_seconds": 0.0,
      "identity_check_seconds": 0.0021393719944171607,
      "state_hash_seconds": 0.009428057004697621,
      "clone_seconds": 0.0,
      "restore_seconds": 0.0,
      "file_write_seconds": 5.7349971029907465e-05,
      "operation_seconds": 0.0469481679610908,
      "total_phase_seconds": 0.0586762250168249,
      "scope": "file writes include journal intent/add/flush; excludes this timing receipt and checkpoint writes",
      "mode": "stage4_sealed_cell",
      "banner": "sealed Stage 4; scientific admission also requires complete declared populations"
    },
    {
      "phase": "edit:122",
      "identity_check_kind": "in_memory_structure_and_configuration",
      "recipe_verification_seconds": 0.0,
      "identity_verification_seconds": 0.0,
      "identity_check_seconds": 0.002179238013923168,
      "state_hash_seconds": 0.0002783730160444975,
      "clone_seconds": 0.0,
      "restore_seconds": 0.0,
      "file_write_seconds": 5.9092999435961246e-05,
      "operation_seconds": 0.21581190498545766,
      "total_phase_seconds": 0.21840082801645622,
      "scope": "file writes include journal intent/add/flush; excludes this timing receipt and checkpoint writes",
      "mode": "stage4_sealed_cell",
      "banner": "sealed Stage 4; scientific admission also requires complete declared populations"
    },
    {
      "phase": "immediate:122",
      "identity_check_kind": "in_memory_structure_and_configuration",
      "recipe_verification_seconds": 0.0,
      "identity_verification_seconds": 0.0,
      "identity_check_seconds": 0.0020844470127485693,
      "state_hash_seconds": 0.009621257951948792,
      "clone_seconds": 0.0,
      "restore_seconds": 0.0,
      "file_write_seconds": 5.698995664715767e-05,
      "operation_seconds": 0.05366011802107096,
      "total_phase_seconds": 0.065508815983776,
      "scope": "file writes include journal intent/add/flush; excludes this timing receipt and checkpoint writes",
      "mode": "stage4_sealed_cell",
      "banner": "sealed Stage 4; scientific admission also requires complete declared populations"
    },
    {
      "phase": "edit:123",
      "identity_check_kind": "in_memory_structure_and_configuration",
      "recipe_verification_seconds": 0.0,
      "identity_verification_seconds": 0.0,
      "identity_check_seconds": 0.0020282589830458164,
      "state_hash_seconds": 0.00022740592248737812,
      "clone_seconds": 0.0,
      "restore_seconds": 0.0,
      "file_write_seconds": 5.873292684555054e-05,
      "operation_seconds": 0.09109160798834637,
      "total_phase_seconds": 0.09347113000694662,
      "scope": "file writes include journal intent/add/flush; excludes this timing receipt and checkpoint writes",
      "mode": "stage4_sealed_cell",
      "banner": "sealed Stage 4; scientific admission also requires complete declared populations"
    },
    {
      "phase": "immediate:123",
      "identity_check_kind": "in_memory_structure_and_configuration",
      "recipe_verification_seconds": 0.0,
      "identity_verification_seconds": 0.0,
      "identity_check_seconds": 0.001924539974424988,
      "state_hash_seconds": 0.009518480917904526,
      "clone_seconds": 0.0,
      "restore_seconds": 0.0,
      "file_write_seconds": 6.107601802796125e-05,
      "operation_seconds": 0.045239682018291205,
      "total_phase_seconds": 0.05683088704245165,
      "scope": "file writes include journal intent/add/flush; excludes this timing receipt and checkpoint writes",
      "mode": "stage4_sealed_cell",
      "banner": "sealed Stage 4; scientific admission also requires complete declared populations"
    },
    {
      "phase": "edit:124",
      "identity_check_kind": "in_memory_structure_and_configuration",
      "recipe_verification_seconds": 0.0,
      "identity_verification_seconds": 0.0,
      "identity_check_seconds": 0.0022855440038256347,
      "state_hash_seconds": 0.00027280300855636597,
      "clone_seconds": 0.0,
      "restore_seconds": 0.0,
      "file_write_seconds": 6.966397631913424e-05,
      "operation_seconds": 0.235275583982002,
      "total_phase_seconds": 0.23798408696893603,
      "scope": "file writes include journal intent/add/flush; excludes this timing receipt and checkpoint writes",
      "mode": "stage4_sealed_cell",
      "banner": "sealed Stage 4; scientific admission also requires complete declared populations"
    },
    {
      "phase": "immediate:124",
      "identity_check_kind": "in_memory_structure_and_configuration",
      "recipe_verification_seconds": 0.0,
      "identity_verification_seconds": 0.0,
      "identity_check_seconds": 0.00210497691296041,
      "state_hash_seconds": 0.009470388002227992,
      "clone_seconds": 0.0,
      "restore_seconds": 0.0,
      "file_write_seconds": 5.8823032304644585e-05,
      "operation_seconds": 0.05719571601366624,
      "total_phase_seconds": 0.0689412770443596,
      "scope": "file writes include journal intent/add/flush; excludes this timing receipt and checkpoint writes",
      "mode": "stage4_sealed_cell",
      "banner": "sealed Stage 4; scientific admission also requires complete declared populations"
    },
    {
      "phase": "edit:125",
      "identity_check_kind": "in_memory_structure_and_configuration",
      "recipe_verification_seconds": 0.0,
      "identity_verification_seconds": 0.0,
      "identity_check_seconds": 0.002137918956577778,
      "state_hash_seconds": 0.00029641803121194243,
      "clone_seconds": 0.0,
      "restore_seconds": 0.0,
      "file_write_seconds": 5.9373967815190554e-05,
      "operation_seconds": 0.1711838649935089,
      "total_phase_seconds": 0.1737507869838737,
      "scope": "file writes include journal intent/add/flush; excludes this timing receipt and checkpoint writes",
      "mode": "stage4_sealed_cell",
      "banner": "sealed Stage 4; scientific admission also requires complete declared populations"
    },
    {
      "phase": "immediate:125",
      "identity_check_kind": "in_memory_structure_and_configuration",
      "recipe_verification_seconds": 0.0,
      "identity_verification_seconds": 0.0,
      "identity_check_seconds": 0.002086510939989239,
      "state_hash_seconds": 0.009628052124753594,
      "clone_seconds": 0.0,
      "restore_seconds": 0.0,
      "file_write_seconds": 5.686894292011857e-05,
      "operation_seconds": 0.04517379601020366,
      "total_phase_seconds": 0.0570356699754484,
      "scope": "file writes include journal intent/add/flush; excludes this timing receipt and checkpoint writes",
      "mode": "stage4_sealed_cell",
      "banner": "sealed Stage 4; scientific admission also requires complete declared populations"
    },
    {
      "phase": "edit:126",
      "identity_check_kind": "in_memory_structure_and_configuration",
      "recipe_verification_seconds": 0.0,
      "identity_verification_seconds": 0.0,
      "identity_check_seconds": 0.0018596959416754544,
      "state_hash_seconds": 0.00021986098727211356,
      "clone_seconds": 0.0,
      "restore_seconds": 0.0,
      "file_write_seconds": 5.887297447770834e-05,
      "operation_seconds": 0.20479466003598645,
      "total_phase_seconds": 0.20699305599555373,
      "scope": "file writes include journal intent/add/flush; excludes this timing receipt and checkpoint writes",
      "mode": "stage4_sealed_cell",
      "banner": "sealed Stage 4; scientific admission also requires complete declared populations"
    },
    {
      "phase": "immediate:126",
      "identity_check_kind": "in_memory_structure_and_configuration",
      "recipe_verification_seconds": 0.0,
      "identity_verification_seconds": 0.0,
      "identity_check_seconds": 0.002112298971042037,
      "state_hash_seconds": 0.009842161962296814,
      "clone_seconds": 0.0,
      "restore_seconds": 0.0,
      "file_write_seconds": 5.9142999816685915e-05,
      "operation_seconds": 0.060252557042986155,
      "total_phase_seconds": 0.07236160500906408,
      "scope": "file writes include journal intent/add/flush; excludes this timing receipt and checkpoint writes",
      "mode": "stage4_sealed_cell",
      "banner": "sealed Stage 4; scientific admission also requires complete declared populations"
    },
    {
      "phase": "edit:127",
      "identity_check_kind": "in_memory_structure_and_configuration",
      "recipe_verification_seconds": 0.0,
      "identity_verification_seconds": 0.0,
      "identity_check_seconds": 0.0022392639657482505,
      "state_hash_seconds": 0.0002458219532854855,
      "clone_seconds": 0.0,
      "restore_seconds": 0.0,
      "file_write_seconds": 6.146699888631701e-05,
      "operation_seconds": 0.11842583795078099,
      "total_phase_seconds": 0.12104322697268799,
      "scope": "file writes include journal intent/add/flush; excludes this timing receipt and checkpoint writes",
      "mode": "stage4_sealed_cell",
      "banner": "sealed Stage 4; scientific admission also requires complete declared populations"
    },
    {
      "phase": "immediate:127",
      "identity_check_kind": "in_memory_structure_and_configuration",
      "recipe_verification_seconds": 0.0,
      "identity_verification_seconds": 0.0,
      "identity_check_seconds": 0.0021020510466769338,
      "state_hash_seconds": 0.009782315988559276,
      "clone_seconds": 0.0,
      "restore_seconds": 0.0,
      "file_write_seconds": 5.9112964663654566e-05,
      "operation_seconds": 0.04451107501517981,
      "total_phase_seconds": 0.0565487359999679,
      "scope": "file writes include journal intent/add/flush; excludes this timing receipt and checkpoint writes",
      "mode": "stage4_sealed_cell",
      "banner": "sealed Stage 4; scientific admission also requires complete declared populations"
    },
    {
      "phase": "edit:128",
      "identity_check_kind": "in_memory_structure_and_configuration",
      "recipe_verification_seconds": 0.0,
      "identity_verification_seconds": 0.0,
      "identity_check_seconds": 0.0021252849837765098,
      "state_hash_seconds": 0.00025158305652439594,
      "clone_seconds": 0.0,
      "restore_seconds": 0.0,
      "file_write_seconds": 5.890399916097522e-05,
      "operation_seconds": 0.1361777950078249,
      "total_phase_seconds": 0.13868273800471798,
      "scope": "file writes include journal intent/add/flush; excludes this timing receipt and checkpoint writes",
      "mode": "stage4_sealed_cell",
      "banner": "sealed Stage 4; scientific admission also requires complete declared populations"
    },
    {
      "phase": "immediate:128",
      "identity_check_kind": "in_memory_structure_and_configuration",
      "recipe_verification_seconds": 0.0,
      "identity_verification_seconds": 0.0,
      "identity_check_seconds": 0.0021355749922804534,
      "state_hash_seconds": 0.010019843059126288,
      "clone_seconds": 0.0,
      "restore_seconds": 0.0,
      "file_write_seconds": 5.646795034408569e-05,
      "operation_seconds": 0.048409330018330365,
      "total_phase_seconds": 0.06071235897252336,
      "scope": "file writes include journal intent/add/flush; excludes this timing receipt and checkpoint writes",
      "mode": "stage4_sealed_cell",
      "banner": "sealed Stage 4; scientific admission also requires complete declared populations"
    },
    {
      "phase": "edit:129",
      "identity_check_kind": "in_memory_structure_and_configuration",
      "recipe_verification_seconds": 0.0,
      "identity_verification_seconds": 0.0,
      "identity_check_seconds": 0.0019960079807788134,
      "state_hash_seconds": 0.00022814900148659945,
      "clone_seconds": 0.0,
      "restore_seconds": 0.0,
      "file_write_seconds": 6.048590876162052e-05,
      "operation_seconds": 0.1295767990523018,
      "total_phase_seconds": 0.13192245602840558,
      "scope": "file writes include journal intent/add/flush; excludes this timing receipt and checkpoint writes",
      "mode": "stage4_sealed_cell",
      "banner": "sealed Stage 4; scientific admission also requires complete declared populations"
    },
    {
      "phase": "immediate:129",
      "identity_check_kind": "in_memory_structure_and_configuration",
      "recipe_verification_seconds": 0.0,
      "identity_verification_seconds": 0.0,
      "identity_check_seconds": 0.002217590983491391,
      "state_hash_seconds": 0.01050369901349768,
      "clone_seconds": 0.0,
      "restore_seconds": 0.0,
      "file_write_seconds": 6.0236023273319006e-05,
      "operation_seconds": 0.04676318302517757,
      "total_phase_seconds": 0.059643740009050816,
      "scope": "file writes include journal intent/add/flush; excludes this timing receipt and checkpoint writes",
      "mode": "stage4_sealed_cell",
      "banner": "sealed Stage 4; scientific admission also requires complete declared populations"
    },
    {
      "phase": "edit:130",
      "identity_check_kind": "in_memory_structure_and_configuration",
      "recipe_verification_seconds": 0.0,
      "identity_verification_seconds": 0.0,
      "identity_check_seconds": 0.002068025933112949,
      "state_hash_seconds": 0.000227395910769701,
      "clone_seconds": 0.0,
      "restore_seconds": 0.0,
      "file_write_seconds": 5.827198037877679e-05,
      "operation_seconds": 0.19568919198354706,
      "total_phase_seconds": 0.19810264999978244,
      "scope": "file writes include journal intent/add/flush; excludes this timing receipt and checkpoint writes",
      "mode": "stage4_sealed_cell",
      "banner": "sealed Stage 4; scientific admission also requires complete declared populations"
    },
    {
      "phase": "immediate:130",
      "identity_check_kind": "in_memory_structure_and_configuration",
      "recipe_verification_seconds": 0.0,
      "identity_verification_seconds": 0.0,
      "identity_check_seconds": 0.002123350976034999,
      "state_hash_seconds": 0.010148447996471077,
      "clone_seconds": 0.0,
      "restore_seconds": 0.0,
      "file_write_seconds": 5.9213023632764816e-05,
      "operation_seconds": 0.056448212009854615,
      "total_phase_seconds": 0.06886707502417266,
      "scope": "file writes include journal intent/add/flush; excludes this timing receipt and checkpoint writes",
      "mode": "stage4_sealed_cell",
      "banner": "sealed Stage 4; scientific admission also requires complete declared populations"
    },
    {
      "phase": "edit:131",
      "identity_check_kind": "in_memory_structure_and_configuration",
      "recipe_verification_seconds": 0.0,
      "identity_verification_seconds": 0.0,
      "identity_check_seconds": 0.00203131593298167,
      "state_hash_seconds": 0.00023021106608211994,
      "clone_seconds": 0.0,
      "restore_seconds": 0.0,
      "file_write_seconds": 5.9894984588027e-05,
      "operation_seconds": 0.08594971901038662,
      "total_phase_seconds": 0.08833464101189747,
      "scope": "file writes include journal intent/add/flush; excludes this timing receipt and checkpoint writes",
      "mode": "stage4_sealed_cell",
      "banner": "sealed Stage 4; scientific admission also requires complete declared populations"
    },
    {
      "phase": "immediate:131",
      "identity_check_kind": "in_memory_structure_and_configuration",
      "recipe_verification_seconds": 0.0,
      "identity_verification_seconds": 0.0,
      "identity_check_seconds": 0.0018638740293681622,
      "state_hash_seconds": 0.01031699200393632,
      "clone_seconds": 0.0,
      "restore_seconds": 0.0,
      "file_write_seconds": 5.753000732511282e-05,
      "operation_seconds": 0.03810594399692491,
      "total_phase_seconds": 0.05042357195634395,
      "scope": "file writes include journal intent/add/flush; excludes this timing receipt and checkpoint writes",
      "mode": "stage4_sealed_cell",
      "banner": "sealed Stage 4; scientific admission also requires complete declared populations"
    },
    {
      "phase": "edit:132",
      "identity_check_kind": "in_memory_structure_and_configuration",
      "recipe_verification_seconds": 0.0,
      "identity_verification_seconds": 0.0,
      "identity_check_seconds": 0.0024489459465257823,
      "state_hash_seconds": 0.00030949298525229096,
      "clone_seconds": 0.0,
      "restore_seconds": 0.0,
      "file_write_seconds": 9.840796701610088e-05,
      "operation_seconds": 0.13250020396662876,
      "total_phase_seconds": 0.1354429969796911,
      "scope": "file writes include journal intent/add/flush; excludes this timing receipt and checkpoint writes",
      "mode": "stage4_sealed_cell",
      "banner": "sealed Stage 4; scientific admission also requires complete declared populations"
    },
    {
      "phase": "immediate:132",
      "identity_check_kind": "in_memory_structure_and_configuration",
      "recipe_verification_seconds": 0.0,
      "identity_verification_seconds": 0.0,
      "identity_check_seconds": 0.002173517015762627,
      "state_hash_seconds": 0.010850674996618181,
      "clone_seconds": 0.0,
      "restore_seconds": 0.0,
      "file_write_seconds": 0.004945661989040673,
      "operation_seconds": 0.051633921975735575,
      "total_phase_seconds": 0.06970313796773553,
      "scope": "file writes include journal intent/add/flush; excludes this timing receipt and checkpoint writes",
      "mode": "stage4_sealed_cell",
      "banner": "sealed Stage 4; scientific admission also requires complete declared populations"
    },
    {
      "phase": "edit:133",
      "identity_check_kind": "in_memory_structure_and_configuration",
      "recipe_verification_seconds": 0.0,
      "identity_verification_seconds": 0.0,
      "identity_check_seconds": 0.002168315986637026,
      "state_hash_seconds": 0.00038163200952112675,
      "clone_seconds": 0.0,
      "restore_seconds": 0.0,
      "file_write_seconds": 0.001171475974842906,
      "operation_seconds": 0.20755454199388623,
      "total_phase_seconds": 0.21135659195715562,
      "scope": "file writes include journal intent/add/flush; excludes this timing receipt and checkpoint writes",
      "mode": "stage4_sealed_cell",
      "banner": "sealed Stage 4; scientific admission also requires complete declared populations"
    },
    {
      "phase": "immediate:133",
      "identity_check_kind": "in_memory_structure_and_configuration",
      "recipe_verification_seconds": 0.0,
      "identity_verification_seconds": 0.0,
      "identity_check_seconds": 0.0021189330727793276,
      "state_hash_seconds": 0.011060344986617565,
      "clone_seconds": 0.0,
      "restore_seconds": 0.0,
      "file_write_seconds": 5.816202610731125e-05,
      "operation_seconds": 0.059207703976426274,
      "total_phase_seconds": 0.07254041801206768,
      "scope": "file writes include journal intent/add/flush; excludes this timing receipt and checkpoint writes",
      "mode": "stage4_sealed_cell",
      "banner": "sealed Stage 4; scientific admission also requires complete declared populations"
    },
    {
      "phase": "edit:134",
      "identity_check_kind": "in_memory_structure_and_configuration",
      "recipe_verification_seconds": 0.0,
      "identity_verification_seconds": 0.0,
      "identity_check_seconds": 0.0019856980070471764,
      "state_hash_seconds": 0.00024914799723774195,
      "clone_seconds": 0.0,
      "restore_seconds": 0.0,
      "file_write_seconds": 5.957501707598567e-05,
      "operation_seconds": 0.09134823904605582,
      "total_phase_seconds": 0.09371359494980425,
      "scope": "file writes include journal intent/add/flush; excludes this timing receipt and checkpoint writes",
      "mode": "stage4_sealed_cell",
      "banner": "sealed Stage 4; scientific admission also requires complete declared populations"
    },
    {
      "phase": "immediate:134",
      "identity_check_kind": "in_memory_structure_and_configuration",
      "recipe_verification_seconds": 0.0,
      "identity_verification_seconds": 0.0,
      "identity_check_seconds": 0.0022606439306400716,
      "state_hash_seconds": 0.011708359001204371,
      "clone_seconds": 0.0,
      "restore_seconds": 0.0,
      "file_write_seconds": 6.302999099716544e-05,
      "operation_seconds": 0.049967026978265494,
      "total_phase_seconds": 0.06410116603365168,
      "scope": "file writes include journal intent/add/flush; excludes this timing receipt and checkpoint writes",
      "mode": "stage4_sealed_cell",
      "banner": "sealed Stage 4; scientific admission also requires complete declared populations"
    },
    {
      "phase": "edit:135",
      "identity_check_kind": "in_memory_structure_and_configuration",
      "recipe_verification_seconds": 0.0,
      "identity_verification_seconds": 0.0,
      "identity_check_seconds": 0.0021756819915026426,
      "state_hash_seconds": 0.00027862394927069545,
      "clone_seconds": 0.0,
      "restore_seconds": 0.0,
      "file_write_seconds": 9.089399827644229e-05,
      "operation_seconds": 0.19183229701593518,
      "total_phase_seconds": 0.19446997402701527,
      "scope": "file writes include journal intent/add/flush; excludes this timing receipt and checkpoint writes",
      "mode": "stage4_sealed_cell",
      "banner": "sealed Stage 4; scientific admission also requires complete declared populations"
    },
    {
      "phase": "immediate:135",
      "identity_check_kind": "in_memory_structure_and_configuration",
      "recipe_verification_seconds": 0.0,
      "identity_verification_seconds": 0.0,
      "identity_check_seconds": 0.002205207943916321,
      "state_hash_seconds": 0.01109000394353643,
      "clone_seconds": 0.0,
      "restore_seconds": 0.0,
      "file_write_seconds": 5.87630202062428e-05,
      "operation_seconds": 0.0474213240086101,
      "total_phase_seconds": 0.06087512103840709,
      "scope": "file writes include journal intent/add/flush; excludes this timing receipt and checkpoint writes",
      "mode": "stage4_sealed_cell",
      "banner": "sealed Stage 4; scientific admission also requires complete declared populations"
    },
    {
      "phase": "edit:136",
      "identity_check_kind": "in_memory_structure_and_configuration",
      "recipe_verification_seconds": 0.0,
      "identity_verification_seconds": 0.0,
      "identity_check_seconds": 0.002041044004727155,
      "state_hash_seconds": 0.0002540649729780853,
      "clone_seconds": 0.0,
      "restore_seconds": 0.0,
      "file_write_seconds": 5.9895042795687914e-05,
      "operation_seconds": 0.15747749496949837,
      "total_phase_seconds": 0.15989563096081838,
      "scope": "file writes include journal intent/add/flush; excludes this timing receipt and checkpoint writes",
      "mode": "stage4_sealed_cell",
      "banner": "sealed Stage 4; scientific admission also requires complete declared populations"
    },
    {
      "phase": "immediate:136",
      "identity_check_kind": "in_memory_structure_and_configuration",
      "recipe_verification_seconds": 0.0,
      "identity_verification_seconds": 0.0,
      "identity_check_seconds": 0.0024225160013884306,
      "state_hash_seconds": 0.010531794046983123,
      "clone_seconds": 0.0,
      "restore_seconds": 0.0,
      "file_write_seconds": 5.928397877141833e-05,
      "operation_seconds": 0.054062056995462626,
      "total_phase_seconds": 0.06718590098898858,
      "scope": "file writes include journal intent/add/flush; excludes this timing receipt and checkpoint writes",
      "mode": "stage4_sealed_cell",
      "banner": "sealed Stage 4; scientific admission also requires complete declared populations"
    },
    {
      "phase": "edit:137",
      "identity_check_kind": "in_memory_structure_and_configuration",
      "recipe_verification_seconds": 0.0,
      "identity_verification_seconds": 0.0,
      "identity_check_seconds": 0.0021439389674924314,
      "state_hash_seconds": 0.00025994802126660943,
      "clone_seconds": 0.0,
      "restore_seconds": 0.0,
      "file_write_seconds": 5.916395457461476e-05,
      "operation_seconds": 0.10759309801505879,
      "total_phase_seconds": 0.11012386996299028,
      "scope": "file writes include journal intent/add/flush; excludes this timing receipt and checkpoint writes",
      "mode": "stage4_sealed_cell",
      "banner": "sealed Stage 4; scientific admission also requires complete declared populations"
    },
    {
      "phase": "immediate:137",
      "identity_check_kind": "in_memory_structure_and_configuration",
      "recipe_verification_seconds": 0.0,
      "identity_verification_seconds": 0.0,
      "identity_check_seconds": 0.002027046983130276,
      "state_hash_seconds": 0.011218258936423808,
      "clone_seconds": 0.0,
      "restore_seconds": 0.0,
      "file_write_seconds": 6.150803528726101e-05,
      "operation_seconds": 0.046994645963422954,
      "total_phase_seconds": 0.060404669027775526,
      "scope": "file writes include journal intent/add/flush; excludes this timing receipt and checkpoint writes",
      "mode": "stage4_sealed_cell",
      "banner": "sealed Stage 4; scientific admission also requires complete declared populations"
    },
    {
      "phase": "edit:138",
      "identity_check_kind": "in_memory_structure_and_configuration",
      "recipe_verification_seconds": 0.0,
      "identity_verification_seconds": 0.0,
      "identity_check_seconds": 0.002153158013243228,
      "state_hash_seconds": 0.00027994700940325856,
      "clone_seconds": 0.0,
      "restore_seconds": 0.0,
      "file_write_seconds": 5.8622972574085e-05,
      "operation_seconds": 0.18140490300720558,
      "total_phase_seconds": 0.18396935996133834,
      "scope": "file writes include journal intent/add/flush; excludes this timing receipt and checkpoint writes",
      "mode": "stage4_sealed_cell",
      "banner": "sealed Stage 4; scientific admission also requires complete declared populations"
    },
    {
      "phase": "immediate:138",
      "identity_check_kind": "in_memory_structure_and_configuration",
      "recipe_verification_seconds": 0.0,
      "identity_verification_seconds": 0.0,
      "identity_check_seconds": 0.0020702589536085725,
      "state_hash_seconds": 0.010271025006659329,
      "clone_seconds": 0.0,
      "restore_seconds": 0.0,
      "file_write_seconds": 5.755003076046705e-05,
      "operation_seconds": 0.04888512199977413,
      "total_phase_seconds": 0.06136973999673501,
      "scope": "file writes include journal intent/add/flush; excludes this timing receipt and checkpoint writes",
      "mode": "stage4_sealed_cell",
      "banner": "sealed Stage 4; scientific admission also requires complete declared populations"
    },
    {
      "phase": "edit:139",
      "identity_check_kind": "in_memory_structure_and_configuration",
      "recipe_verification_seconds": 0.0,
      "identity_verification_seconds": 0.0,
      "identity_check_seconds": 0.0020123879658058286,
      "state_hash_seconds": 0.0002841950044967234,
      "clone_seconds": 0.0,
      "restore_seconds": 0.0,
      "file_write_seconds": 5.7981000281870365e-05,
      "operation_seconds": 0.27725352195557207,
      "total_phase_seconds": 0.27967282000463456,
      "scope": "file writes include journal intent/add/flush; excludes this timing receipt and checkpoint writes",
      "mode": "stage4_sealed_cell",
      "banner": "sealed Stage 4; scientific admission also requires complete declared populations"
    },
    {
      "phase": "immediate:139",
      "identity_check_kind": "in_memory_structure_and_configuration",
      "recipe_verification_seconds": 0.0,
      "identity_verification_seconds": 0.0,
      "identity_check_seconds": 0.002401926030870527,
      "state_hash_seconds": 0.010838210873771459,
      "clone_seconds": 0.0,
      "restore_seconds": 0.0,
      "file_write_seconds": 5.6747987400740385e-05,
      "operation_seconds": 0.07085061800898984,
      "total_phase_seconds": 0.08424486999865621,
      "scope": "file writes include journal intent/add/flush; excludes this timing receipt and checkpoint writes",
      "mode": "stage4_sealed_cell",
      "banner": "sealed Stage 4; scientific admission also requires complete declared populations"
    },
    {
      "phase": "edit:140",
      "identity_check_kind": "in_memory_structure_and_configuration",
      "recipe_verification_seconds": 0.0,
      "identity_verification_seconds": 0.0,
      "identity_check_seconds": 0.0020871409797109663,
      "state_hash_seconds": 0.00032790895784273744,
      "clone_seconds": 0.0,
      "restore_seconds": 0.0,
      "file_write_seconds": 5.9545040130615234e-05,
      "operation_seconds": 0.09009112999774516,
      "total_phase_seconds": 0.09265013597905636,
      "scope": "file writes include journal intent/add/flush; excludes this timing receipt and checkpoint writes",
      "mode": "stage4_sealed_cell",
      "banner": "sealed Stage 4; scientific admission also requires complete declared populations"
    },
    {
      "phase": "immediate:140",
      "identity_check_kind": "in_memory_structure_and_configuration",
      "recipe_verification_seconds": 0.0,
      "identity_verification_seconds": 0.0,
      "identity_check_seconds": 0.0023099100217223167,
      "state_hash_seconds": 0.011625850980635732,
      "clone_seconds": 0.0,
      "restore_seconds": 0.0,
      "file_write_seconds": 6.854202365502715e-05,
      "operation_seconds": 0.040032128046732396,
      "total_phase_seconds": 0.05414534802548587,
      "scope": "file writes include journal intent/add/flush; excludes this timing receipt and checkpoint writes",
      "mode": "stage4_sealed_cell",
      "banner": "sealed Stage 4; scientific admission also requires complete declared populations"
    },
    {
      "phase": "edit:141",
      "identity_check_kind": "in_memory_structure_and_configuration",
      "recipe_verification_seconds": 0.0,
      "identity_verification_seconds": 0.0,
      "identity_check_seconds": 0.0023139159893617034,
      "state_hash_seconds": 0.0002869909512810409,
      "clone_seconds": 0.0,
      "restore_seconds": 0.0,
      "file_write_seconds": 5.8000965509563684e-05,
      "operation_seconds": 0.1411458409857005,
      "total_phase_seconds": 0.14387615595478565,
      "scope": "file writes include journal intent/add/flush; excludes this timing receipt and checkpoint writes",
      "mode": "stage4_sealed_cell",
      "banner": "sealed Stage 4; scientific admission also requires complete declared populations"
    },
    {
      "phase": "immediate:141",
      "identity_check_kind": "in_memory_structure_and_configuration",
      "recipe_verification_seconds": 0.0,
      "identity_verification_seconds": 0.0,
      "identity_check_seconds": 0.002056754019577056,
      "state_hash_seconds": 0.011249409930314869,
      "clone_seconds": 0.0,
      "restore_seconds": 0.0,
      "file_write_seconds": 5.9032056014984846e-05,
      "operation_seconds": 0.05306785204447806,
      "total_phase_seconds": 0.06653092498891056,
      "scope": "file writes include journal intent/add/flush; excludes this timing receipt and checkpoint writes",
      "mode": "stage4_sealed_cell",
      "banner": "sealed Stage 4; scientific admission also requires complete declared populations"
    },
    {
      "phase": "edit:142",
      "identity_check_kind": "in_memory_structure_and_configuration",
      "recipe_verification_seconds": 0.0,
      "identity_verification_seconds": 0.0,
      "identity_check_seconds": 0.0021667939727194607,
      "state_hash_seconds": 0.00032995297806337476,
      "clone_seconds": 0.0,
      "restore_seconds": 0.0,
      "file_write_seconds": 5.964399315416813e-05,
      "operation_seconds": 0.2653481850284152,
      "total_phase_seconds": 0.2679789190297015,
      "scope": "file writes include journal intent/add/flush; excludes this timing receipt and checkpoint writes",
      "mode": "stage4_sealed_cell",
      "banner": "sealed Stage 4; scientific admission also requires complete declared populations"
    },
    {
      "phase": "immediate:142",
      "identity_check_kind": "in_memory_structure_and_configuration",
      "recipe_verification_seconds": 0.0,
      "identity_verification_seconds": 0.0,
      "identity_check_seconds": 0.0020933739724569023,
      "state_hash_seconds": 0.01161738607333973,
      "clone_seconds": 0.0,
      "restore_seconds": 0.0,
      "file_write_seconds": 5.7850033044815063e-05,
      "operation_seconds": 0.06697065901244059,
      "total_phase_seconds": 0.08083568303845823,
      "scope": "file writes include journal intent/add/flush; excludes this timing receipt and checkpoint writes",
      "mode": "stage4_sealed_cell",
      "banner": "sealed Stage 4; scientific admission also requires complete declared populations"
    },
    {
      "phase": "edit:143",
      "identity_check_kind": "in_memory_structure_and_configuration",
      "recipe_verification_seconds": 0.0,
      "identity_verification_seconds": 0.0,
      "identity_check_seconds": 0.0021096349810250103,
      "state_hash_seconds": 0.0003061270108446479,
      "clone_seconds": 0.0,
      "restore_seconds": 0.0,
      "file_write_seconds": 5.80810010433197e-05,
      "operation_seconds": 0.17310640204232186,
      "total_phase_seconds": 0.1756505100056529,
      "scope": "file writes include journal intent/add/flush; excludes this timing receipt and checkpoint writes",
      "mode": "stage4_sealed_cell",
      "banner": "sealed Stage 4; scientific admission also requires complete declared populations"
    },
    {
      "phase": "immediate:143",
      "identity_check_kind": "in_memory_structure_and_configuration",
      "recipe_verification_seconds": 0.0,
      "identity_verification_seconds": 0.0,
      "identity_check_seconds": 0.002062535029835999,
      "state_hash_seconds": 0.010884078976232558,
      "clone_seconds": 0.0,
      "restore_seconds": 0.0,
      "file_write_seconds": 5.5416952818632126e-05,
      "operation_seconds": 0.04824946302687749,
      "total_phase_seconds": 0.06133551400853321,
      "scope": "file writes include journal intent/add/flush; excludes this timing receipt and checkpoint writes",
      "mode": "stage4_sealed_cell",
      "banner": "sealed Stage 4; scientific admission also requires complete declared populations"
    },
    {
      "phase": "edit:144",
      "identity_check_kind": "in_memory_structure_and_configuration",
      "recipe_verification_seconds": 0.0,
      "identity_verification_seconds": 0.0,
      "identity_check_seconds": 0.0019575440092012286,
      "state_hash_seconds": 0.00027357303770259023,
      "clone_seconds": 0.0,
      "restore_seconds": 0.0,
      "file_write_seconds": 5.878403317183256e-05,
      "operation_seconds": 0.11831979401176795,
      "total_phase_seconds": 0.1206746389507316,
      "scope": "file writes include journal intent/add/flush; excludes this timing receipt and checkpoint writes",
      "mode": "stage4_sealed_cell",
      "banner": "sealed Stage 4; scientific admission also requires complete declared populations"
    },
    {
      "phase": "immediate:144",
      "identity_check_kind": "in_memory_structure_and_configuration",
      "recipe_verification_seconds": 0.0,
      "identity_verification_seconds": 0.0,
      "identity_check_seconds": 0.0021515440312214196,
      "state_hash_seconds": 0.011319493991322815,
      "clone_seconds": 0.0,
      "restore_seconds": 0.0,
      "file_write_seconds": 5.7912024203687906e-05,
      "operation_seconds": 0.053702428995165974,
      "total_phase_seconds": 0.06731687200954184,
      "scope": "file writes include journal intent/add/flush; excludes this timing receipt and checkpoint writes",
      "mode": "stage4_sealed_cell",
      "banner": "sealed Stage 4; scientific admission also requires complete declared populations"
    },
    {
      "phase": "edit:145",
      "identity_check_kind": "in_memory_structure_and_configuration",
      "recipe_verification_seconds": 0.0,
      "identity_verification_seconds": 0.0,
      "identity_check_seconds": 0.0021031330106779933,
      "state_hash_seconds": 0.0002756379544734955,
      "clone_seconds": 0.0,
      "restore_seconds": 0.0,
      "file_write_seconds": 5.904299905523658e-05,
      "operation_seconds": 0.1343585669528693,
      "total_phase_seconds": 0.13686217699432746,
      "scope": "file writes include journal intent/add/flush; excludes this timing receipt and checkpoint writes",
      "mode": "stage4_sealed_cell",
      "banner": "sealed Stage 4; scientific admission also requires complete declared populations"
    },
    {
      "phase": "immediate:145",
      "identity_check_kind": "in_memory_structure_and_configuration",
      "recipe_verification_seconds": 0.0,
      "identity_verification_seconds": 0.0,
      "identity_check_seconds": 0.001974417013116181,
      "state_hash_seconds": 0.01137649198062718,
      "clone_seconds": 0.0,
      "restore_seconds": 0.0,
      "file_write_seconds": 5.9565005358308554e-05,
      "operation_seconds": 0.05926644697319716,
      "total_phase_seconds": 0.07276521902531385,
      "scope": "file writes include journal intent/add/flush; excludes this timing receipt and checkpoint writes",
      "mode": "stage4_sealed_cell",
      "banner": "sealed Stage 4; scientific admission also requires complete declared populations"
    },
    {
      "phase": "edit:146",
      "identity_check_kind": "in_memory_structure_and_configuration",
      "recipe_verification_seconds": 0.0,
      "identity_verification_seconds": 0.0,
      "identity_check_seconds": 0.0021490000071935356,
      "state_hash_seconds": 0.00029727001674473286,
      "clone_seconds": 0.0,
      "restore_seconds": 0.0,
      "file_write_seconds": 6.010598735883832e-05,
      "operation_seconds": 0.10650536196772009,
      "total_phase_seconds": 0.10907903703628108,
      "scope": "file writes include journal intent/add/flush; excludes this timing receipt and checkpoint writes",
      "mode": "stage4_sealed_cell",
      "banner": "sealed Stage 4; scientific admission also requires complete declared populations"
    },
    {
      "phase": "immediate:146",
      "identity_check_kind": "in_memory_structure_and_configuration",
      "recipe_verification_seconds": 0.0,
      "identity_verification_seconds": 0.0,
      "identity_check_seconds": 0.002080179052427411,
      "state_hash_seconds": 0.012214599060826004,
      "clone_seconds": 0.0,
      "restore_seconds": 0.0,
      "file_write_seconds": 5.9865007642656565e-05,
      "operation_seconds": 0.04889873694628477,
      "total_phase_seconds": 0.06335774203762412,
      "scope": "file writes include journal intent/add/flush; excludes this timing receipt and checkpoint writes",
      "mode": "stage4_sealed_cell",
      "banner": "sealed Stage 4; scientific admission also requires complete declared populations"
    },
    {
      "phase": "edit:147",
      "identity_check_kind": "in_memory_structure_and_configuration",
      "recipe_verification_seconds": 0.0,
      "identity_verification_seconds": 0.0,
      "identity_check_seconds": 0.002417776035144925,
      "state_hash_seconds": 0.0002920110709965229,
      "clone_seconds": 0.0,
      "restore_seconds": 0.0,
      "file_write_seconds": 5.9003010392189026e-05,
      "operation_seconds": 0.10421298601431772,
      "total_phase_seconds": 0.10704735101899132,
      "scope": "file writes include journal intent/add/flush; excludes this timing receipt and checkpoint writes",
      "mode": "stage4_sealed_cell",
      "banner": "sealed Stage 4; scientific admission also requires complete declared populations"
    },
    {
      "phase": "immediate:147",
      "identity_check_kind": "in_memory_structure_and_configuration",
      "recipe_verification_seconds": 0.0,
      "identity_verification_seconds": 0.0,
      "identity_check_seconds": 0.0021497219568118453,
      "state_hash_seconds": 0.011890869063790888,
      "clone_seconds": 0.0,
      "restore_seconds": 0.0,
      "file_write_seconds": 5.8020930737257004e-05,
      "operation_seconds": 0.04038872104138136,
      "total_phase_seconds": 0.05458103300770745,
      "scope": "file writes include journal intent/add/flush; excludes this timing receipt and checkpoint writes",
      "mode": "stage4_sealed_cell",
      "banner": "sealed Stage 4; scientific admission also requires complete declared populations"
    },
    {
      "phase": "edit:148",
      "identity_check_kind": "in_memory_structure_and_configuration",
      "recipe_verification_seconds": 0.0,
      "identity_verification_seconds": 0.0,
      "identity_check_seconds": 0.001980989007279277,
      "state_hash_seconds": 0.0002743660588748753,
      "clone_seconds": 0.0,
      "restore_seconds": 0.0,
      "file_write_seconds": 5.831196904182434e-05,
      "operation_seconds": 0.22159294900484383,
      "total_phase_seconds": 0.22397015703609213,
      "scope": "file writes include journal intent/add/flush; excludes this timing receipt and checkpoint writes",
      "mode": "stage4_sealed_cell",
      "banner": "sealed Stage 4; scientific admission also requires complete declared populations"
    },
    {
      "phase": "immediate:148",
      "identity_check_kind": "in_memory_structure_and_configuration",
      "recipe_verification_seconds": 0.0,
      "identity_verification_seconds": 0.0,
      "identity_check_seconds": 0.0021243829978629947,
      "state_hash_seconds": 0.0111742650042288,
      "clone_seconds": 0.0,
      "restore_seconds": 0.0,
      "file_write_seconds": 0.00489513500360772,
      "operation_seconds": 0.05536148900864646,
      "total_phase_seconds": 0.07365330099128187,
      "scope": "file writes include journal intent/add/flush; excludes this timing receipt and checkpoint writes",
      "mode": "stage4_sealed_cell",
      "banner": "sealed Stage 4; scientific admission also requires complete declared populations"
    },
    {
      "phase": "edit:149",
      "identity_check_kind": "in_memory_structure_and_configuration",
      "recipe_verification_seconds": 0.0,
      "identity_verification_seconds": 0.0,
      "identity_check_seconds": 0.0021709519787691534,
      "state_hash_seconds": 0.0003357029054313898,
      "clone_seconds": 0.0,
      "restore_seconds": 0.0,
      "file_write_seconds": 0.001238886034116149,
      "operation_seconds": 0.09308750403579324,
      "total_phase_seconds": 0.09692153602372855,
      "scope": "file writes include journal intent/add/flush; excludes this timing receipt and checkpoint writes",
      "mode": "stage4_sealed_cell",
      "banner": "sealed Stage 4; scientific admission also requires complete declared populations"
    },
    {
      "phase": "immediate:149",
      "identity_check_kind": "in_memory_structure_and_configuration",
      "recipe_verification_seconds": 0.0,
      "identity_verification_seconds": 0.0,
      "identity_check_seconds": 0.002110726956743747,
      "state_hash_seconds": 0.011960360978264362,
      "clone_seconds": 0.0,
      "restore_seconds": 0.0,
      "file_write_seconds": 6.126693915575743e-05,
      "operation_seconds": 0.04150046198628843,
      "total_phase_seconds": 0.055720878997817636,
      "scope": "file writes include journal intent/add/flush; excludes this timing receipt and checkpoint writes",
      "mode": "stage4_sealed_cell",
      "banner": "sealed Stage 4; scientific admission also requires complete declared populations"
    },
    {
      "phase": "edit:150",
      "identity_check_kind": "in_memory_structure_and_configuration",
      "recipe_verification_seconds": 0.0,
      "identity_verification_seconds": 0.0,
      "identity_check_seconds": 0.002256845938973129,
      "state_hash_seconds": 0.00029678898863494396,
      "clone_seconds": 0.0,
      "restore_seconds": 0.0,
      "file_write_seconds": 6.512505933642387e-05,
      "operation_seconds": 0.13334563496755436,
      "total_phase_seconds": 0.13603212602902204,
      "scope": "file writes include journal intent/add/flush; excludes this timing receipt and checkpoint writes",
      "mode": "stage4_sealed_cell",
      "banner": "sealed Stage 4; scientific admission also requires complete declared populations"
    },
    {
      "phase": "immediate:150",
      "identity_check_kind": "in_memory_structure_and_configuration",
      "recipe_verification_seconds": 0.0,
      "identity_verification_seconds": 0.0,
      "identity_check_seconds": 0.0025748980115167797,
      "state_hash_seconds": 0.012259827053640038,
      "clone_seconds": 0.0,
      "restore_seconds": 0.0,
      "file_write_seconds": 6.285100243985653e-05,
      "operation_seconds": 0.05964245699578896,
      "total_phase_seconds": 0.07467896799789742,
      "scope": "file writes include journal intent/add/flush; excludes this timing receipt and checkpoint writes",
      "mode": "stage4_sealed_cell",
      "banner": "sealed Stage 4; scientific admission also requires complete declared populations"
    },
    {
      "phase": "edit:151",
      "identity_check_kind": "in_memory_structure_and_configuration",
      "recipe_verification_seconds": 0.0,
      "identity_verification_seconds": 0.0,
      "identity_check_seconds": 0.002154702029656619,
      "state_hash_seconds": 0.0003243210376240313,
      "clone_seconds": 0.0,
      "restore_seconds": 0.0,
      "file_write_seconds": 6.206805119290948e-05,
      "operation_seconds": 0.19349588599288836,
      "total_phase_seconds": 0.19612200203118846,
      "scope": "file writes include journal intent/add/flush; excludes this timing receipt and checkpoint writes",
      "mode": "stage4_sealed_cell",
      "banner": "sealed Stage 4; scientific admission also requires complete declared populations"
    },
    {
      "phase": "immediate:151",
      "identity_check_kind": "in_memory_structure_and_configuration",
      "recipe_verification_seconds": 0.0,
      "identity_verification_seconds": 0.0,
      "identity_check_seconds": 0.0021442020079120994,
      "state_hash_seconds": 0.012657478044275194,
      "clone_seconds": 0.0,
      "restore_seconds": 0.0,
      "file_write_seconds": 5.931401392444968e-05,
      "operation_seconds": 0.06450097297783941,
      "total_phase_seconds": 0.07946934399660677,
      "scope": "file writes include journal intent/add/flush; excludes this timing receipt and checkpoint writes",
      "mode": "stage4_sealed_cell",
      "banner": "sealed Stage 4; scientific admission also requires complete declared populations"
    },
    {
      "phase": "edit:152",
      "identity_check_kind": "in_memory_structure_and_configuration",
      "recipe_verification_seconds": 0.0,
      "identity_verification_seconds": 0.0,
      "identity_check_seconds": 0.0020347210811451077,
      "state_hash_seconds": 0.00026500708190724254,
      "clone_seconds": 0.0,
      "restore_seconds": 0.0,
      "file_write_seconds": 5.85719826631248e-05,
      "operation_seconds": 0.2735176380374469,
      "total_phase_seconds": 0.2759365270030685,
      "scope": "file writes include journal intent/add/flush; excludes this timing receipt and checkpoint writes",
      "mode": "stage4_sealed_cell",
      "banner": "sealed Stage 4; scientific admission also requires complete declared populations"
    },
    {
      "phase": "immediate:152",
      "identity_check_kind": "in_memory_structure_and_configuration",
      "recipe_verification_seconds": 0.0,
      "identity_verification_seconds": 0.0,
      "identity_check_seconds": 0.00206854596035555,
      "state_hash_seconds": 0.011842237028758973,
      "clone_seconds": 0.0,
      "restore_seconds": 0.0,
      "file_write_seconds": 5.745998350903392e-05,
      "operation_seconds": 0.07635310903424397,
      "total_phase_seconds": 0.09040700498735532,
      "scope": "file writes include journal intent/add/flush; excludes this timing receipt and checkpoint writes",
      "mode": "stage4_sealed_cell",
      "banner": "sealed Stage 4; scientific admission also requires complete declared populations"
    },
    {
      "phase": "edit:153",
      "identity_check_kind": "in_memory_structure_and_configuration",
      "recipe_verification_seconds": 0.0,
      "identity_verification_seconds": 0.0,
      "identity_check_seconds": 0.002103403036016971,
      "state_hash_seconds": 0.0002796160406433046,
      "clone_seconds": 0.0,
      "restore_seconds": 0.0,
      "file_write_seconds": 6.006605690345168e-05,
      "operation_seconds": 0.35380628297571093,
      "total_phase_seconds": 0.3563172770082019,
      "scope": "file writes include journal intent/add/flush; excludes this timing receipt and checkpoint writes",
      "mode": "stage4_sealed_cell",
      "banner": "sealed Stage 4; scientific admission also requires complete declared populations"
    },
    {
      "phase": "immediate:153",
      "identity_check_kind": "in_memory_structure_and_configuration",
      "recipe_verification_seconds": 0.0,
      "identity_verification_seconds": 0.0,
      "identity_check_seconds": 0.0021693900343962014,
      "state_hash_seconds": 0.01213487604400143,
      "clone_seconds": 0.0,
      "restore_seconds": 0.0,
      "file_write_seconds": 5.774205783382058e-05,
      "operation_seconds": 0.08321904297918081,
      "total_phase_seconds": 0.09767785598523915,
      "scope": "file writes include journal intent/add/flush; excludes this timing receipt and checkpoint writes",
      "mode": "stage4_sealed_cell",
      "banner": "sealed Stage 4; scientific admission also requires complete declared populations"
    },
    {
      "phase": "edit:154",
      "identity_check_kind": "in_memory_structure_and_configuration",
      "recipe_verification_seconds": 0.0,
      "identity_verification_seconds": 0.0,
      "identity_check_seconds": 0.0021483799791894853,
      "state_hash_seconds": 0.00028582796221598983,
      "clone_seconds": 0.0,
      "restore_seconds": 0.0,
      "file_write_seconds": 6.125797517597675e-05,
      "operation_seconds": 0.12523009401047602,
      "total_phase_seconds": 0.12778952199732885,
      "scope": "file writes include journal intent/add/flush; excludes this timing receipt and checkpoint writes",
      "mode": "stage4_sealed_cell",
      "banner": "sealed Stage 4; scientific admission also requires complete declared populations"
    },
    {
      "phase": "immediate:154",
      "identity_check_kind": "in_memory_structure_and_configuration",
      "recipe_verification_seconds": 0.0,
      "identity_verification_seconds": 0.0,
      "identity_check_seconds": 0.0021074909600429237,
      "state_hash_seconds": 0.01228325197007507,
      "clone_seconds": 0.0,
      "restore_seconds": 0.0,
      "file_write_seconds": 5.6788965594023466e-05,
      "operation_seconds": 0.04494133999105543,
      "total_phase_seconds": 0.059479916002601385,
      "scope": "file writes include journal intent/add/flush; excludes this timing receipt and checkpoint writes",
      "mode": "stage4_sealed_cell",
      "banner": "sealed Stage 4; scientific admission also requires complete declared populations"
    },
    {
      "phase": "edit:155",
      "identity_check_kind": "in_memory_structure_and_configuration",
      "recipe_verification_seconds": 0.0,
      "identity_verification_seconds": 0.0,
      "identity_check_seconds": 0.002007539034821093,
      "state_hash_seconds": 0.0002726730308495462,
      "clone_seconds": 0.0,
      "restore_seconds": 0.0,
      "file_write_seconds": 5.895306821912527e-05,
      "operation_seconds": 0.08728550898376852,
      "total_phase_seconds": 0.08969397796317935,
      "scope": "file writes include journal intent/add/flush; excludes this timing receipt and checkpoint writes",
      "mode": "stage4_sealed_cell",
      "banner": "sealed Stage 4; scientific admission also requires complete declared populations"
    },
    {
      "phase": "immediate:155",
      "identity_check_kind": "in_memory_structure_and_configuration",
      "recipe_verification_seconds": 0.0,
      "identity_verification_seconds": 0.0,
      "identity_check_seconds": 0.002035222016274929,
      "state_hash_seconds": 0.012305626063607633,
      "clone_seconds": 0.0,
      "restore_seconds": 0.0,
      "file_write_seconds": 6.0798018239438534e-05,
      "operation_seconds": 0.04982892097905278,
      "total_phase_seconds": 0.06432705896440893,
      "scope": "file writes include journal intent/add/flush; excludes this timing receipt and checkpoint writes",
      "mode": "stage4_sealed_cell",
      "banner": "sealed Stage 4; scientific admission also requires complete declared populations"
    },
    {
      "phase": "edit:156",
      "identity_check_kind": "in_memory_structure_and_configuration",
      "recipe_verification_seconds": 0.0,
      "identity_verification_seconds": 0.0,
      "identity_check_seconds": 0.0022399650188162923,
      "state_hash_seconds": 0.000324562075547874,
      "clone_seconds": 0.0,
      "restore_seconds": 0.0,
      "file_write_seconds": 6.0044985730201006e-05,
      "operation_seconds": 0.20339469600003213,
      "total_phase_seconds": 0.20610387000488117,
      "scope": "file writes include journal intent/add/flush; excludes this timing receipt and checkpoint writes",
      "mode": "stage4_sealed_cell",
      "banner": "sealed Stage 4; scientific admission also requires complete declared populations"
    },
    {
      "phase": "immediate:156",
      "identity_check_kind": "in_memory_structure_and_configuration",
      "recipe_verification_seconds": 0.0,
      "identity_verification_seconds": 0.0,
      "identity_check_seconds": 0.0025512310094200075,
      "state_hash_seconds": 0.012288643047213554,
      "clone_seconds": 0.0,
      "restore_seconds": 0.0,
      "file_write_seconds": 6.252998718991876e-05,
      "operation_seconds": 0.057962707011029124,
      "total_phase_seconds": 0.07295202801469713,
      "scope": "file writes include journal intent/add/flush; excludes this timing receipt and checkpoint writes",
      "mode": "stage4_sealed_cell",
      "banner": "sealed Stage 4; scientific admission also requires complete declared populations"
    },
    {
      "phase": "edit:157",
      "identity_check_kind": "in_memory_structure_and_configuration",
      "recipe_verification_seconds": 0.0,
      "identity_verification_seconds": 0.0,
      "identity_check_seconds": 0.002095075964462012,
      "state_hash_seconds": 0.0003602610086090863,
      "clone_seconds": 0.0,
      "restore_seconds": 0.0,
      "file_write_seconds": 5.99650084041059e-05,
      "operation_seconds": 0.1777142370119691,
      "total_phase_seconds": 0.18030415195971727,
      "scope": "file writes include journal intent/add/flush; excludes this timing receipt and checkpoint writes",
      "mode": "stage4_sealed_cell",
      "banner": "sealed Stage 4; scientific admission also requires complete declared populations"
    },
    {
      "phase": "immediate:157",
      "identity_check_kind": "in_memory_structure_and_configuration",
      "recipe_verification_seconds": 0.0,
      "identity_verification_seconds": 0.0,
      "identity_check_seconds": 0.002242819988168776,
      "state_hash_seconds": 0.012606341042555869,
      "clone_seconds": 0.0,
      "restore_seconds": 0.0,
      "file_write_seconds": 5.7491008192300797e-05,
      "operation_seconds": 0.05805868102470413,
      "total_phase_seconds": 0.07308223599102348,
      "scope": "file writes include journal intent/add/flush; excludes this timing receipt and checkpoint writes",
      "mode": "stage4_sealed_cell",
      "banner": "sealed Stage 4; scientific admission also requires complete declared populations"
    },
    {
      "phase": "edit:158",
      "identity_check_kind": "in_memory_structure_and_configuration",
      "recipe_verification_seconds": 0.0,
      "identity_verification_seconds": 0.0,
      "identity_check_seconds": 0.0020385599927976727,
      "state_hash_seconds": 0.0002848160220310092,
      "clone_seconds": 0.0,
      "restore_seconds": 0.0,
      "file_write_seconds": 5.8973964769393206e-05,
      "operation_seconds": 0.12214930803747848,
      "total_phase_seconds": 0.1245939249638468,
      "scope": "file writes include journal intent/add/flush; excludes this timing receipt and checkpoint writes",
      "mode": "stage4_sealed_cell",
      "banner": "sealed Stage 4; scientific admission also requires complete declared populations"
    },
    {
      "phase": "immediate:158",
      "identity_check_kind": "in_memory_structure_and_configuration",
      "recipe_verification_seconds": 0.0,
      "identity_verification_seconds": 0.0,
      "identity_check_seconds": 0.0020791259594261646,
      "state_hash_seconds": 0.012418941885698587,
      "clone_seconds": 0.0,
      "restore_seconds": 0.0,
      "file_write_seconds": 5.796097684651613e-05,
      "operation_seconds": 0.04867228399962187,
      "total_phase_seconds": 0.06331780401524156,
      "scope": "file writes include journal intent/add/flush; excludes this timing receipt and checkpoint writes",
      "mode": "stage4_sealed_cell",
      "banner": "sealed Stage 4; scientific admission also requires complete declared populations"
    },
    {
      "phase": "edit:159",
      "identity_check_kind": "in_memory_structure_and_configuration",
      "recipe_verification_seconds": 0.0,
      "identity_verification_seconds": 0.0,
      "identity_check_seconds": 0.0022814039839431643,
      "state_hash_seconds": 0.0003547689993865788,
      "clone_seconds": 0.0,
      "restore_seconds": 0.0,
      "file_write_seconds": 5.87029499001801e-05,
      "operation_seconds": 0.23736742499750108,
      "total_phase_seconds": 0.2401331280125305,
      "scope": "file writes include journal intent/add/flush; excludes this timing receipt and checkpoint writes",
      "mode": "stage4_sealed_cell",
      "banner": "sealed Stage 4; scientific admission also requires complete declared populations"
    },
    {
      "phase": "immediate:159",
      "identity_check_kind": "in_memory_structure_and_configuration",
      "recipe_verification_seconds": 0.0,
      "identity_verification_seconds": 0.0,
      "identity_check_seconds": 0.0021358850644901395,
      "state_hash_seconds": 0.01237261394271627,
      "clone_seconds": 0.0,
      "restore_seconds": 0.0,
      "file_write_seconds": 5.896296352148056e-05,
      "operation_seconds": 0.06176274304743856,
      "total_phase_seconds": 0.07642426498932764,
      "scope": "file writes include journal intent/add/flush; excludes this timing receipt and checkpoint writes",
      "mode": "stage4_sealed_cell",
      "banner": "sealed Stage 4; scientific admission also requires complete declared populations"
    },
    {
      "phase": "edit:160",
      "identity_check_kind": "in_memory_structure_and_configuration",
      "recipe_verification_seconds": 0.0,
      "identity_verification_seconds": 0.0,
      "identity_check_seconds": 0.0024615000002086163,
      "state_hash_seconds": 0.0003658501082099974,
      "clone_seconds": 0.0,
      "restore_seconds": 0.0,
      "file_write_seconds": 8.833897300064564e-05,
      "operation_seconds": 0.09778769698459655,
      "total_phase_seconds": 0.1007817669888027,
      "scope": "file writes include journal intent/add/flush; excludes this timing receipt and checkpoint writes",
      "mode": "stage4_sealed_cell",
      "banner": "sealed Stage 4; scientific admission also requires complete declared populations"
    },
    {
      "phase": "immediate:160",
      "identity_check_kind": "in_memory_structure_and_configuration",
      "recipe_verification_seconds": 0.0,
      "identity_verification_seconds": 0.0,
      "identity_check_seconds": 0.002012839016970247,
      "state_hash_seconds": 0.013071454013697803,
      "clone_seconds": 0.0,
      "restore_seconds": 0.0,
      "file_write_seconds": 5.8031000662595034e-05,
      "operation_seconds": 0.05062807397916913,
      "total_phase_seconds": 0.06586385698756203,
      "scope": "file writes include journal intent/add/flush; excludes this timing receipt and checkpoint writes",
      "mode": "stage4_sealed_cell",
      "banner": "sealed Stage 4; scientific admission also requires complete declared populations"
    },
    {
      "phase": "edit:161",
      "identity_check_kind": "in_memory_structure_and_configuration",
      "recipe_verification_seconds": 0.0,
      "identity_verification_seconds": 0.0,
      "identity_check_seconds": 0.002097991993650794,
      "state_hash_seconds": 0.00031729997135698795,
      "clone_seconds": 0.0,
      "restore_seconds": 0.0,
      "file_write_seconds": 5.98340411670506e-05,
      "operation_seconds": 0.19706530001712963,
      "total_phase_seconds": 0.19960557104786858,
      "scope": "file writes include journal intent/add/flush; excludes this timing receipt and checkpoint writes",
      "mode": "stage4_sealed_cell",
      "banner": "sealed Stage 4; scientific admission also requires complete declared populations"
    },
    {
      "phase": "immediate:161",
      "identity_check_kind": "in_memory_structure_and_configuration",
      "recipe_verification_seconds": 0.0,
      "identity_verification_seconds": 0.0,
      "identity_check_seconds": 0.0020572749781422317,
      "state_hash_seconds": 0.012719088001176715,
      "clone_seconds": 0.0,
      "restore_seconds": 0.0,
      "file_write_seconds": 5.8653007727116346e-05,
      "operation_seconds": 0.05773555097403005,
      "total_phase_seconds": 0.0726622010115534,
      "scope": "file writes include journal intent/add/flush; excludes this timing receipt and checkpoint writes",
      "mode": "stage4_sealed_cell",
      "banner": "sealed Stage 4; scientific admission also requires complete declared populations"
    },
    {
      "phase": "edit:162",
      "identity_check_kind": "in_memory_structure_and_configuration",
      "recipe_verification_seconds": 0.0,
      "identity_verification_seconds": 0.0,
      "identity_check_seconds": 0.0020800980273634195,
      "state_hash_seconds": 0.0003309830208308995,
      "clone_seconds": 0.0,
      "restore_seconds": 0.0,
      "file_write_seconds": 5.783099913969636e-05,
      "operation_seconds": 0.16793993598548695,
      "total_phase_seconds": 0.17047881404869258,
      "scope": "file writes include journal intent/add/flush; excludes this timing receipt and checkpoint writes",
      "mode": "stage4_sealed_cell",
      "banner": "sealed Stage 4; scientific admission also requires complete declared populations"
    },
    {
      "phase": "immediate:162",
      "identity_check_kind": "in_memory_structure_and_configuration",
      "recipe_verification_seconds": 0.0,
      "identity_verification_seconds": 0.0,
      "identity_check_seconds": 0.002402787038590759,
      "state_hash_seconds": 0.01317975902929902,
      "clone_seconds": 0.0,
      "restore_seconds": 0.0,
      "file_write_seconds": 5.892303306609392e-05,
      "operation_seconds": 0.052776983997318894,
      "total_phase_seconds": 0.0685243170009926,
      "scope": "file writes include journal intent/add/flush; excludes this timing receipt and checkpoint writes",
      "mode": "stage4_sealed_cell",
      "banner": "sealed Stage 4; scientific admission also requires complete declared populations"
    },
    {
      "phase": "edit:163",
      "identity_check_kind": "in_memory_structure_and_configuration",
      "recipe_verification_seconds": 0.0,
      "identity_verification_seconds": 0.0,
      "identity_check_seconds": 0.002072845003567636,
      "state_hash_seconds": 0.0003204739768989384,
      "clone_seconds": 0.0,
      "restore_seconds": 0.0,
      "file_write_seconds": 5.983503069728613e-05,
      "operation_seconds": 0.1395406230003573,
      "total_phase_seconds": 0.1420571079943329,
      "scope": "file writes include journal intent/add/flush; excludes this timing receipt and checkpoint writes",
      "mode": "stage4_sealed_cell",
      "banner": "sealed Stage 4; scientific admission also requires complete declared populations"
    },
    {
      "phase": "immediate:163",
      "identity_check_kind": "in_memory_structure_and_configuration",
      "recipe_verification_seconds": 0.0,
      "identity_verification_seconds": 0.0,
      "identity_check_seconds": 0.0021583480411209166,
      "state_hash_seconds": 0.012892189959529787,
      "clone_seconds": 0.0,
      "restore_seconds": 0.0,
      "file_write_seconds": 5.657796282321215e-05,
      "operation_seconds": 0.057850571000017226,
      "total_phase_seconds": 0.0730467889807187,
      "scope": "file writes include journal intent/add/flush; excludes this timing receipt and checkpoint writes",
      "mode": "stage4_sealed_cell",
      "banner": "sealed Stage 4; scientific admission also requires complete declared populations"
    },
    {
      "phase": "edit:164",
      "identity_check_kind": "in_memory_structure_and_configuration",
      "recipe_verification_seconds": 0.0,
      "identity_verification_seconds": 0.0,
      "identity_check_seconds": 0.0021378990495577455,
      "state_hash_seconds": 0.00032553396886214614,
      "clone_seconds": 0.0,
      "restore_seconds": 0.0,
      "file_write_seconds": 6.397301331162453e-05,
      "operation_seconds": 0.10531863698270172,
      "total_phase_seconds": 0.10791741899447516,
      "scope": "file writes include journal intent/add/flush; excludes this timing receipt and checkpoint writes",
      "mode": "stage4_sealed_cell",
      "banner": "sealed Stage 4; scientific admission also requires complete declared populations"
    },
    {
      "phase": "immediate:164",
      "identity_check_kind": "in_memory_structure_and_configuration",
      "recipe_verification_seconds": 0.0,
      "identity_verification_seconds": 0.0,
      "identity_check_seconds": 0.002076201024465263,
      "state_hash_seconds": 0.013260265986900777,
      "clone_seconds": 0.0,
      "restore_seconds": 0.0,
      "file_write_seconds": 0.004663100000470877,
      "operation_seconds": 0.054262552002910525,
      "total_phase_seconds": 0.0743536840309389,
      "scope": "file writes include journal intent/add/flush; excludes this timing receipt and checkpoint writes",
      "mode": "stage4_sealed_cell",
      "banner": "sealed Stage 4; scientific admission also requires complete declared populations"
    },
    {
      "phase": "edit:165",
      "identity_check_kind": "in_memory_structure_and_configuration",
      "recipe_verification_seconds": 0.0,
      "identity_verification_seconds": 0.0,
      "identity_check_seconds": 0.002391685906331986,
      "state_hash_seconds": 0.0004161871038377285,
      "clone_seconds": 0.0,
      "restore_seconds": 0.0,
      "file_write_seconds": 0.0011945099686272442,
      "operation_seconds": 0.13453463499899954,
      "total_phase_seconds": 0.13861306401668116,
      "scope": "file writes include journal intent/add/flush; excludes this timing receipt and checkpoint writes",
      "mode": "stage4_sealed_cell",
      "banner": "sealed Stage 4; scientific admission also requires complete declared populations"
    },
    {
      "phase": "immediate:165",
      "identity_check_kind": "in_memory_structure_and_configuration",
      "recipe_verification_seconds": 0.0,
      "identity_verification_seconds": 0.0,
      "identity_check_seconds": 0.002284710993990302,
      "state_hash_seconds": 0.013416875095572323,
      "clone_seconds": 0.0,
      "restore_seconds": 0.0,
      "file_write_seconds": 5.809200229123235e-05,
      "operation_seconds": 0.05440882296534255,
      "total_phase_seconds": 0.07026459398912266,
      "scope": "file writes include journal intent/add/flush; excludes this timing receipt and checkpoint writes",
      "mode": "stage4_sealed_cell",
      "banner": "sealed Stage 4; scientific admission also requires complete declared populations"
    },
    {
      "phase": "edit:166",
      "identity_check_kind": "in_memory_structure_and_configuration",
      "recipe_verification_seconds": 0.0,
      "identity_verification_seconds": 0.0,
      "identity_check_seconds": 0.002079245983622968,
      "state_hash_seconds": 0.00030376302311196923,
      "clone_seconds": 0.0,
      "restore_seconds": 0.0,
      "file_write_seconds": 5.992403021082282e-05,
      "operation_seconds": 0.2566590950009413,
      "total_phase_seconds": 0.2591668730019592,
      "scope": "file writes include journal intent/add/flush; excludes this timing receipt and checkpoint writes",
      "mode": "stage4_sealed_cell",
      "banner": "sealed Stage 4; scientific admission also requires complete declared populations"
    },
    {
      "phase": "immediate:166",
      "identity_check_kind": "in_memory_structure_and_configuration",
      "recipe_verification_seconds": 0.0,
      "identity_verification_seconds": 0.0,
      "identity_check_seconds": 0.0021537389839068055,
      "state_hash_seconds": 0.013372360961511731,
      "clone_seconds": 0.0,
      "restore_seconds": 0.0,
      "file_write_seconds": 5.8861973229795694e-05,
      "operation_seconds": 0.06996903696563095,
      "total_phase_seconds": 0.08565544401062652,
      "scope": "file writes include journal intent/add/flush; excludes this timing receipt and checkpoint writes",
      "mode": "stage4_sealed_cell",
      "banner": "sealed Stage 4; scientific admission also requires complete declared populations"
    },
    {
      "phase": "edit:167",
      "identity_check_kind": "in_memory_structure_and_configuration",
      "recipe_verification_seconds": 0.0,
      "identity_verification_seconds": 0.0,
      "identity_check_seconds": 0.0023518800153397024,
      "state_hash_seconds": 0.0003393590450286865,
      "clone_seconds": 0.0,
      "restore_seconds": 0.0,
      "file_write_seconds": 6.044597830623388e-05,
      "operation_seconds": 0.13164934201631695,
      "total_phase_seconds": 0.1344719349872321,
      "scope": "file writes include journal intent/add/flush; excludes this timing receipt and checkpoint writes",
      "mode": "stage4_sealed_cell",
      "banner": "sealed Stage 4; scientific admission also requires complete declared populations"
    },
    {
      "phase": "immediate:167",
      "identity_check_kind": "in_memory_structure_and_configuration",
      "recipe_verification_seconds": 0.0,
      "identity_verification_seconds": 0.0,
      "identity_check_seconds": 0.0021139640011824667,
      "state_hash_seconds": 0.013287147041410208,
      "clone_seconds": 0.0,
      "restore_seconds": 0.0,
      "file_write_seconds": 6.460398435592651e-05,
      "operation_seconds": 0.052508678985759616,
      "total_phase_seconds": 0.06808183895191178,
      "scope": "file writes include journal intent/add/flush; excludes this timing receipt and checkpoint writes",
      "mode": "stage4_sealed_cell",
      "banner": "sealed Stage 4; scientific admission also requires complete declared populations"
    },
    {
      "phase": "edit:168",
      "identity_check_kind": "in_memory_structure_and_configuration",
      "recipe_verification_seconds": 0.0,
      "identity_verification_seconds": 0.0,
      "identity_check_seconds": 0.002134082023985684,
      "state_hash_seconds": 0.0003488200600259006,
      "clone_seconds": 0.0,
      "restore_seconds": 0.0,
      "file_write_seconds": 6.273103645071387e-05,
      "operation_seconds": 0.11970570200355724,
      "total_phase_seconds": 0.12233632599236444,
      "scope": "file writes include journal intent/add/flush; excludes this timing receipt and checkpoint writes",
      "mode": "stage4_sealed_cell",
      "banner": "sealed Stage 4; scientific admission also requires complete declared populations"
    },
    {
      "phase": "immediate:168",
      "identity_check_kind": "in_memory_structure_and_configuration",
      "recipe_verification_seconds": 0.0,
      "identity_verification_seconds": 0.0,
      "identity_check_seconds": 0.002211711020208895,
      "state_hash_seconds": 0.013486618991009891,
      "clone_seconds": 0.0,
      "restore_seconds": 0.0,
      "file_write_seconds": 5.959399277344346e-05,
      "operation_seconds": 0.05646911298390478,
      "total_phase_seconds": 0.07231987500563264,
      "scope": "file writes include journal intent/add/flush; excludes this timing receipt and checkpoint writes",
      "mode": "stage4_sealed_cell",
      "banner": "sealed Stage 4; scientific admission also requires complete declared populations"
    },
    {
      "phase": "edit:169",
      "identity_check_kind": "in_memory_structure_and_configuration",
      "recipe_verification_seconds": 0.0,
      "identity_verification_seconds": 0.0,
      "identity_check_seconds": 0.0021035639801993966,
      "state_hash_seconds": 0.000306809030007571,
      "clone_seconds": 0.0,
      "restore_seconds": 0.0,
      "file_write_seconds": 6.009504431858659e-05,
      "operation_seconds": 0.1256066359928809,
      "total_phase_seconds": 0.12814812001306564,
      "scope": "file writes include journal intent/add/flush; excludes this timing receipt and checkpoint writes",
      "mode": "stage4_sealed_cell",
      "banner": "sealed Stage 4; scientific admission also requires complete declared populations"
    },
    {
      "phase": "immediate:169",
      "identity_check_kind": "in_memory_structure_and_configuration",
      "recipe_verification_seconds": 0.0,
      "identity_verification_seconds": 0.0,
      "identity_check_seconds": 0.0021590000251308084,
      "state_hash_seconds": 0.01331931701861322,
      "clone_seconds": 0.0,
      "restore_seconds": 0.0,
      "file_write_seconds": 5.9623969718813896e-05,
      "operation_seconds": 0.04901312699075788,
      "total_phase_seconds": 0.06465041899355128,
      "scope": "file writes include journal intent/add/flush; excludes this timing receipt and checkpoint writes",
      "mode": "stage4_sealed_cell",
      "banner": "sealed Stage 4; scientific admission also requires complete declared populations"
    },
    {
      "phase": "edit:170",
      "identity_check_kind": "in_memory_structure_and_configuration",
      "recipe_verification_seconds": 0.0,
      "identity_verification_seconds": 0.0,
      "identity_check_seconds": 0.0020464039989747107,
      "state_hash_seconds": 0.00031578593188896775,
      "clone_seconds": 0.0,
      "restore_seconds": 0.0,
      "file_write_seconds": 5.808199057355523e-05,
      "operation_seconds": 0.19563635002123192,
      "total_phase_seconds": 0.19811828900128603,
      "scope": "file writes include journal intent/add/flush; excludes this timing receipt and checkpoint writes",
      "mode": "stage4_sealed_cell",
      "banner": "sealed Stage 4; scientific admission also requires complete declared populations"
    },
    {
      "phase": "immediate:170",
      "identity_check_kind": "in_memory_structure_and_configuration",
      "recipe_verification_seconds": 0.0,
      "identity_verification_seconds": 0.0,
      "identity_check_seconds": 0.0022216200013644993,
      "state_hash_seconds": 0.013293378928210586,
      "clone_seconds": 0.0,
      "restore_seconds": 0.0,
      "file_write_seconds": 5.817099008709192e-05,
      "operation_seconds": 0.05813816498266533,
      "total_phase_seconds": 0.07380976295098662,
      "scope": "file writes include journal intent/add/flush; excludes this timing receipt and checkpoint writes",
      "mode": "stage4_sealed_cell",
      "banner": "sealed Stage 4; scientific admission also requires complete declared populations"
    },
    {
      "phase": "edit:171",
      "identity_check_kind": "in_memory_structure_and_configuration",
      "recipe_verification_seconds": 0.0,
      "identity_verification_seconds": 0.0,
      "identity_check_seconds": 0.002047083922661841,
      "state_hash_seconds": 0.0003200140199624002,
      "clone_seconds": 0.0,
      "restore_seconds": 0.0,
      "file_write_seconds": 6.0094986110925674e-05,
      "operation_seconds": 0.14058100699912757,
      "total_phase_seconds": 0.14307521999580786,
      "scope": "file writes include journal intent/add/flush; excludes this timing receipt and checkpoint writes",
      "mode": "stage4_sealed_cell",
      "banner": "sealed Stage 4; scientific admission also requires complete declared populations"
    },
    {
      "phase": "immediate:171",
      "identity_check_kind": "in_memory_structure_and_configuration",
      "recipe_verification_seconds": 0.0,
      "identity_verification_seconds": 0.0,
      "identity_check_seconds": 0.002495243970770389,
      "state_hash_seconds": 0.013928233995102346,
      "clone_seconds": 0.0,
      "restore_seconds": 0.0,
      "file_write_seconds": 5.622801836580038e-05,
      "operation_seconds": 0.05419445096049458,
      "total_phase_seconds": 0.07077394000953063,
      "scope": "file writes include journal intent/add/flush; excludes this timing receipt and checkpoint writes",
      "mode": "stage4_sealed_cell",
      "banner": "sealed Stage 4; scientific admission also requires complete declared populations"
    },
    {
      "phase": "edit:172",
      "identity_check_kind": "in_memory_structure_and_configuration",
      "recipe_verification_seconds": 0.0,
      "identity_verification_seconds": 0.0,
      "identity_check_seconds": 0.002083183964714408,
      "state_hash_seconds": 0.0003271769965067506,
      "clone_seconds": 0.0,
      "restore_seconds": 0.0,
      "file_write_seconds": 5.955400411039591e-05,
      "operation_seconds": 0.11940539698116481,
      "total_phase_seconds": 0.1219397250097245,
      "scope": "file writes include journal intent/add/flush; excludes this timing receipt and checkpoint writes",
      "mode": "stage4_sealed_cell",
      "banner": "sealed Stage 4; scientific admission also requires complete declared populations"
    },
    {
      "phase": "immediate:172",
      "identity_check_kind": "in_memory_structure_and_configuration",
      "recipe_verification_seconds": 0.0,
      "identity_verification_seconds": 0.0,
      "identity_check_seconds": 0.0020971919875591993,
      "state_hash_seconds": 0.013751136022619903,
      "clone_seconds": 0.0,
      "restore_seconds": 0.0,
      "file_write_seconds": 5.8021978475153446e-05,
      "operation_seconds": 0.052356869040522724,
      "total_phase_seconds": 0.06836153496988118,
      "scope": "file writes include journal intent/add/flush; excludes this timing receipt and checkpoint writes",
      "mode": "stage4_sealed_cell",
      "banner": "sealed Stage 4; scientific admission also requires complete declared populations"
    },
    {
      "phase": "edit:173",
      "identity_check_kind": "in_memory_structure_and_configuration",
      "recipe_verification_seconds": 0.0,
      "identity_verification_seconds": 0.0,
      "identity_check_seconds": 0.0022734779631718993,
      "state_hash_seconds": 0.00030519504798576236,
      "clone_seconds": 0.0,
      "restore_seconds": 0.0,
      "file_write_seconds": 5.919398972764611e-05,
      "operation_seconds": 0.08450038899900392,
      "total_phase_seconds": 0.08720521599752828,
      "scope": "file writes include journal intent/add/flush; excludes this timing receipt and checkpoint writes",
      "mode": "stage4_sealed_cell",
      "banner": "sealed Stage 4; scientific admission also requires complete declared populations"
    },
    {
      "phase": "immediate:173",
      "identity_check_kind": "in_memory_structure_and_configuration",
      "recipe_verification_seconds": 0.0,
      "identity_verification_seconds": 0.0,
      "identity_check_seconds": 0.002025583991780877,
      "state_hash_seconds": 0.014758015982806683,
      "clone_seconds": 0.0,
      "restore_seconds": 0.0,
      "file_write_seconds": 5.7591008953750134e-05,
      "operation_seconds": 0.04953833395848051,
      "total_phase_seconds": 0.06647556001553312,
      "scope": "file writes include journal intent/add/flush; excludes this timing receipt and checkpoint writes",
      "mode": "stage4_sealed_cell",
      "banner": "sealed Stage 4; scientific admission also requires complete declared populations"
    },
    {
      "phase": "edit:174",
      "identity_check_kind": "in_memory_structure_and_configuration",
      "recipe_verification_seconds": 0.0,
      "identity_verification_seconds": 0.0,
      "identity_check_seconds": 0.0021369170281104743,
      "state_hash_seconds": 0.00030383304692804813,
      "clone_seconds": 0.0,
      "restore_seconds": 0.0,
      "file_write_seconds": 5.938397953286767e-05,
      "operation_seconds": 0.10167474899208173,
      "total_phase_seconds": 0.10424033901654184,
      "scope": "file writes include journal intent/add/flush; excludes this timing receipt and checkpoint writes",
      "mode": "stage4_sealed_cell",
      "banner": "sealed Stage 4; scientific admission also requires complete declared populations"
    },
    {
      "phase": "immediate:174",
      "identity_check_kind": "in_memory_structure_and_configuration",
      "recipe_verification_seconds": 0.0,
      "identity_verification_seconds": 0.0,
      "identity_check_seconds": 0.0021156870061531663,
      "state_hash_seconds": 0.013844828004948795,
      "clone_seconds": 0.0,
      "restore_seconds": 0.0,
      "file_write_seconds": 5.7782046496868134e-05,
      "operation_seconds": 0.04706887999782339,
      "total_phase_seconds": 0.0631814639782533,
      "scope": "file writes include journal intent/add/flush; excludes this timing receipt and checkpoint writes",
      "mode": "stage4_sealed_cell",
      "banner": "sealed Stage 4; scientific admission also requires complete declared populations"
    },
    {
      "phase": "edit:175",
      "identity_check_kind": "in_memory_structure_and_configuration",
      "recipe_verification_seconds": 0.0,
      "identity_verification_seconds": 0.0,
      "identity_check_seconds": 0.0020442690001800656,
      "state_hash_seconds": 0.00031930411932989955,
      "clone_seconds": 0.0,
      "restore_seconds": 0.0,
      "file_write_seconds": 5.945400334894657e-05,
      "operation_seconds": 0.09140045999083668,
      "total_phase_seconds": 0.0938934400328435,
      "scope": "file writes include journal intent/add/flush; excludes this timing receipt and checkpoint writes",
      "mode": "stage4_sealed_cell",
      "banner": "sealed Stage 4; scientific admission also requires complete declared populations"
    },
    {
      "phase": "immediate:175",
      "identity_check_kind": "in_memory_structure_and_configuration",
      "recipe_verification_seconds": 0.0,
      "identity_verification_seconds": 0.0,
      "identity_check_seconds": 0.001997120038140565,
      "state_hash_seconds": 0.014262698008678854,
      "clone_seconds": 0.0,
      "restore_seconds": 0.0,
      "file_write_seconds": 5.8390956837683916e-05,
      "operation_seconds": 0.05178255698410794,
      "total_phase_seconds": 0.06819181999890134,
      "scope": "file writes include journal intent/add/flush; excludes this timing receipt and checkpoint writes",
      "mode": "stage4_sealed_cell",
      "banner": "sealed Stage 4; scientific admission also requires complete declared populations"
    },
    {
      "phase": "edit:176",
      "identity_check_kind": "in_memory_structure_and_configuration",
      "recipe_verification_seconds": 0.0,
      "identity_verification_seconds": 0.0,
      "identity_check_seconds": 0.002132439985871315,
      "state_hash_seconds": 0.00032372091664001346,
      "clone_seconds": 0.0,
      "restore_seconds": 0.0,
      "file_write_seconds": 6.071699317544699e-05,
      "operation_seconds": 0.12064539396669716,
      "total_phase_seconds": 0.1232303399592638,
      "scope": "file writes include journal intent/add/flush; excludes this timing receipt and checkpoint writes",
      "mode": "stage4_sealed_cell",
      "banner": "sealed Stage 4; scientific admission also requires complete declared populations"
    },
    {
      "phase": "immediate:176",
      "identity_check_kind": "in_memory_structure_and_configuration",
      "recipe_verification_seconds": 0.0,
      "identity_verification_seconds": 0.0,
      "identity_check_seconds": 0.002241005946416408,
      "state_hash_seconds": 0.013657366042025387,
      "clone_seconds": 0.0,
      "restore_seconds": 0.0,
      "file_write_seconds": 5.928397877141833e-05,
      "operation_seconds": 0.05234531598398462,
      "total_phase_seconds": 0.06839973904425278,
      "scope": "file writes include journal intent/add/flush; excludes this timing receipt and checkpoint writes",
      "mode": "stage4_sealed_cell",
      "banner": "sealed Stage 4; scientific admission also requires complete declared populations"
    },
    {
      "phase": "edit:177",
      "identity_check_kind": "in_memory_structure_and_configuration",
      "recipe_verification_seconds": 0.0,
      "identity_verification_seconds": 0.0,
      "identity_check_seconds": 0.002193645981606096,
      "state_hash_seconds": 0.00034982210490852594,
      "clone_seconds": 0.0,
      "restore_seconds": 0.0,
      "file_write_seconds": 9.269797010347247e-05,
      "operation_seconds": 0.13134635100141168,
      "total_phase_seconds": 0.1340526010026224,
      "scope": "file writes include journal intent/add/flush; excludes this timing receipt and checkpoint writes",
      "mode": "stage4_sealed_cell",
      "banner": "sealed Stage 4; scientific admission also requires complete declared populations"
    },
    {
      "phase": "immediate:177",
      "identity_check_kind": "in_memory_structure_and_configuration",
      "recipe_verification_seconds": 0.0,
      "identity_verification_seconds": 0.0,
      "identity_check_seconds": 0.0022535009775310755,
      "state_hash_seconds": 0.013839835010003299,
      "clone_seconds": 0.0,
      "restore_seconds": 0.0,
      "file_write_seconds": 5.8151024859398603e-05,
      "operation_seconds": 0.04972866899333894,
      "total_phase_seconds": 0.06597952800802886,
      "scope": "file writes include journal intent/add/flush; excludes this timing receipt and checkpoint writes",
      "mode": "stage4_sealed_cell",
      "banner": "sealed Stage 4; scientific admission also requires complete declared populations"
    },
    {
      "phase": "edit:178",
      "identity_check_kind": "in_memory_structure_and_configuration",
      "recipe_verification_seconds": 0.0,
      "identity_verification_seconds": 0.0,
      "identity_check_seconds": 0.002111688954755664,
      "state_hash_seconds": 0.00033083499874919653,
      "clone_seconds": 0.0,
      "restore_seconds": 0.0,
      "file_write_seconds": 6.921298336237669e-05,
      "operation_seconds": 0.133721215010155,
      "total_phase_seconds": 0.1362981770071201,
      "scope": "file writes include journal intent/add/flush; excludes this timing receipt and checkpoint writes",
      "mode": "stage4_sealed_cell",
      "banner": "sealed Stage 4; scientific admission also requires complete declared populations"
    },
    {
      "phase": "immediate:178",
      "identity_check_kind": "in_memory_structure_and_configuration",
      "recipe_verification_seconds": 0.0,
      "identity_verification_seconds": 0.0,
      "identity_check_seconds": 0.002240155008621514,
      "state_hash_seconds": 0.01461644598748535,
      "clone_seconds": 0.0,
      "restore_seconds": 0.0,
      "file_write_seconds": 5.895301001146436e-05,
      "operation_seconds": 0.05265265598427504,
      "total_phase_seconds": 0.06967220903607085,
      "scope": "file writes include journal intent/add/flush; excludes this timing receipt and checkpoint writes",
      "mode": "stage4_sealed_cell",
      "banner": "sealed Stage 4; scientific admission also requires complete declared populations"
    },
    {
      "phase": "edit:179",
      "identity_check_kind": "in_memory_structure_and_configuration",
      "recipe_verification_seconds": 0.0,
      "identity_verification_seconds": 0.0,
      "identity_check_seconds": 0.0022542730439454317,
      "state_hash_seconds": 0.00037009897641837597,
      "clone_seconds": 0.0,
      "restore_seconds": 0.0,
      "file_write_seconds": 8.454301860183477e-05,
      "operation_seconds": 0.12375370401423424,
      "total_phase_seconds": 0.1265458669513464,
      "scope": "file writes include journal intent/add/flush; excludes this timing receipt and checkpoint writes",
      "mode": "stage4_sealed_cell",
      "banner": "sealed Stage 4; scientific admission also requires complete declared populations"
    },
    {
      "phase": "immediate:179",
      "identity_check_kind": "in_memory_structure_and_configuration",
      "recipe_verification_seconds": 0.0,
      "identity_verification_seconds": 0.0,
      "identity_check_seconds": 0.0022779370192438364,
      "state_hash_seconds": 0.013996596913784742,
      "clone_seconds": 0.0,
      "restore_seconds": 0.0,
      "file_write_seconds": 5.8672972954809666e-05,
      "operation_seconds": 0.050470801012124866,
      "total_phase_seconds": 0.06689750897930935,
      "scope": "file writes include journal intent/add/flush; excludes this timing receipt and checkpoint writes",
      "mode": "stage4_sealed_cell",
      "banner": "sealed Stage 4; scientific admission also requires complete declared populations"
    },
    {
      "phase": "edit:180",
      "identity_check_kind": "in_memory_structure_and_configuration",
      "recipe_verification_seconds": 0.0,
      "identity_verification_seconds": 0.0,
      "identity_check_seconds": 0.0023465679842047393,
      "state_hash_seconds": 0.0003903689794242382,
      "clone_seconds": 0.0,
      "restore_seconds": 0.0,
      "file_write_seconds": 9.970203973352909e-05,
      "operation_seconds": 0.1246555529651232,
      "total_phase_seconds": 0.12757888803025708,
      "scope": "file writes include journal intent/add/flush; excludes this timing receipt and checkpoint writes",
      "mode": "stage4_sealed_cell",
      "banner": "sealed Stage 4; scientific admission also requires complete declared populations"
    },
    {
      "phase": "immediate:180",
      "identity_check_kind": "in_memory_structure_and_configuration",
      "recipe_verification_seconds": 0.0,
      "identity_verification_seconds": 0.0,
      "identity_check_seconds": 0.002284812042489648,
      "state_hash_seconds": 0.014679757005069405,
      "clone_seconds": 0.0,
      "restore_seconds": 0.0,
      "file_write_seconds": 0.0048152030212804675,
      "operation_seconds": 0.05951438198098913,
      "total_phase_seconds": 0.0813927809940651,
      "scope": "file writes include journal intent/add/flush; excludes this timing receipt and checkpoint writes",
      "mode": "stage4_sealed_cell",
      "banner": "sealed Stage 4; scientific admission also requires complete declared populations"
    },
    {
      "phase": "edit:181",
      "identity_check_kind": "in_memory_structure_and_configuration",
      "recipe_verification_seconds": 0.0,
      "identity_verification_seconds": 0.0,
      "identity_check_seconds": 0.0023938890080899,
      "state_hash_seconds": 0.00036394799826666713,
      "clone_seconds": 0.0,
      "restore_seconds": 0.0,
      "file_write_seconds": 0.0012104909983463585,
      "operation_seconds": 0.22063723701285198,
      "total_phase_seconds": 0.22469093900872394,
      "scope": "file writes include journal intent/add/flush; excludes this timing receipt and checkpoint writes",
      "mode": "stage4_sealed_cell",
      "banner": "sealed Stage 4; scientific admission also requires complete declared populations"
    },
    {
      "phase": "immediate:181",
      "identity_check_kind": "in_memory_structure_and_configuration",
      "recipe_verification_seconds": 0.0,
      "identity_verification_seconds": 0.0,
      "identity_check_seconds": 0.002071493014227599,
      "state_hash_seconds": 0.013501627021469176,
      "clone_seconds": 0.0,
      "restore_seconds": 0.0,
      "file_write_seconds": 6.0576945543289185e-05,
      "operation_seconds": 0.06009740999434143,
      "total_phase_seconds": 0.07582600798923522,
      "scope": "file writes include journal intent/add/flush; excludes this timing receipt and checkpoint writes",
      "mode": "stage4_sealed_cell",
      "banner": "sealed Stage 4; scientific admission also requires complete declared populations"
    },
    {
      "phase": "edit:182",
      "identity_check_kind": "in_memory_structure_and_configuration",
      "recipe_verification_seconds": 0.0,
      "identity_verification_seconds": 0.0,
      "identity_check_seconds": 0.0022674779756926,
      "state_hash_seconds": 0.0003810799680650234,
      "clone_seconds": 0.0,
      "restore_seconds": 0.0,
      "file_write_seconds": 6.259896326810122e-05,
      "operation_seconds": 0.08508066198555753,
      "total_phase_seconds": 0.0878705820068717,
      "scope": "file writes include journal intent/add/flush; excludes this timing receipt and checkpoint writes",
      "mode": "stage4_sealed_cell",
      "banner": "sealed Stage 4; scientific admission also requires complete declared populations"
    },
    {
      "phase": "immediate:182",
      "identity_check_kind": "in_memory_structure_and_configuration",
      "recipe_verification_seconds": 0.0,
      "identity_verification_seconds": 0.0,
      "identity_check_seconds": 0.0021833660430274904,
      "state_hash_seconds": 0.0146823909599334,
      "clone_seconds": 0.0,
      "restore_seconds": 0.0,
      "file_write_seconds": 6.11769501119852e-05,
      "operation_seconds": 0.055169080034829676,
      "total_phase_seconds": 0.07219801098108292,
      "scope": "file writes include journal intent/add/flush; excludes this timing receipt and checkpoint writes",
      "mode": "stage4_sealed_cell",
      "banner": "sealed Stage 4; scientific admission also requires complete declared populations"
    },
    {
      "phase": "edit:183",
      "identity_check_kind": "in_memory_structure_and_configuration",
      "recipe_verification_seconds": 0.0,
      "identity_verification_seconds": 0.0,
      "identity_check_seconds": 0.002156855014618486,
      "state_hash_seconds": 0.0003966399235650897,
      "clone_seconds": 0.0,
      "restore_seconds": 0.0,
      "file_write_seconds": 6.048503564670682e-05,
      "operation_seconds": 0.10248224798124284,
      "total_phase_seconds": 0.10517634300049394,
      "scope": "file writes include journal intent/add/flush; excludes this timing receipt and checkpoint writes",
      "mode": "stage4_sealed_cell",
      "banner": "sealed Stage 4; scientific admission also requires complete declared populations"
    },
    {
      "phase": "immediate:183",
      "identity_check_kind": "in_memory_structure_and_configuration",
      "recipe_verification_seconds": 0.0,
      "identity_verification_seconds": 0.0,
      "identity_check_seconds": 0.0021255959873087704,
      "state_hash_seconds": 0.01517736999085173,
      "clone_seconds": 0.0,
      "restore_seconds": 0.0,
      "file_write_seconds": 6.385205779224634e-05,
      "operation_seconds": 0.04770394699880853,
      "total_phase_seconds": 0.06517623801482841,
      "scope": "file writes include journal intent/add/flush; excludes this timing receipt and checkpoint writes",
      "mode": "stage4_sealed_cell",
      "banner": "sealed Stage 4; scientific admission also requires complete declared populations"
    },
    {
      "phase": "edit:184",
      "identity_check_kind": "in_memory_structure_and_configuration",
      "recipe_verification_seconds": 0.0,
      "identity_verification_seconds": 0.0,
      "identity_check_seconds": 0.002041403960902244,
      "state_hash_seconds": 0.00032259791623800993,
      "clone_seconds": 0.0,
      "restore_seconds": 0.0,
      "file_write_seconds": 6.080599268898368e-05,
      "operation_seconds": 0.13613641599658877,
      "total_phase_seconds": 0.13862312398850918,
      "scope": "file writes include journal intent/add/flush; excludes this timing receipt and checkpoint writes",
      "mode": "stage4_sealed_cell",
      "banner": "sealed Stage 4; scientific admission also requires complete declared populations"
    },
    {
      "phase": "immediate:184",
      "identity_check_kind": "in_memory_structure_and_configuration",
      "recipe_verification_seconds": 0.0,
      "identity_verification_seconds": 0.0,
      "identity_check_seconds": 0.0021073909592814744,
      "state_hash_seconds": 0.014724121952895075,
      "clone_seconds": 0.0,
      "restore_seconds": 0.0,
      "file_write_seconds": 6.14470336586237e-05,
      "operation_seconds": 0.05923646903829649,
      "total_phase_seconds": 0.07622922101290897,
      "scope": "file writes include journal intent/add/flush; excludes this timing receipt and checkpoint writes",
      "mode": "stage4_sealed_cell",
      "banner": "sealed Stage 4; scientific admission also requires complete declared populations"
    },
    {
      "phase": "edit:185",
      "identity_check_kind": "in_memory_structure_and_configuration",
      "recipe_verification_seconds": 0.0,
      "identity_verification_seconds": 0.0,
      "identity_check_seconds": 0.002109755005221814,
      "state_hash_seconds": 0.00036280497442930937,
      "clone_seconds": 0.0,
      "restore_seconds": 0.0,
      "file_write_seconds": 6.11980794928968e-05,
      "operation_seconds": 0.24050390999764204,
      "total_phase_seconds": 0.24309981596888974,
      "scope": "file writes include journal intent/add/flush; excludes this timing receipt and checkpoint writes",
      "mode": "stage4_sealed_cell",
      "banner": "sealed Stage 4; scientific admission also requires complete declared populations"
    },
    {
      "phase": "immediate:185",
      "identity_check_kind": "in_memory_structure_and_configuration",
      "recipe_verification_seconds": 0.0,
      "identity_verification_seconds": 0.0,
      "identity_check_seconds": 0.0021516860579140484,
      "state_hash_seconds": 0.014593040978070349,
      "clone_seconds": 0.0,
      "restore_seconds": 0.0,
      "file_write_seconds": 5.97739708609879e-05,
      "operation_seconds": 0.06925033900188282,
      "total_phase_seconds": 0.08615621400531381,
      "scope": "file writes include journal intent/add/flush; excludes this timing receipt and checkpoint writes",
      "mode": "stage4_sealed_cell",
      "banner": "sealed Stage 4; scientific admission also requires complete declared populations"
    },
    {
      "phase": "edit:186",
      "identity_check_kind": "in_memory_structure_and_configuration",
      "recipe_verification_seconds": 0.0,
      "identity_verification_seconds": 0.0,
      "identity_check_seconds": 0.0027822150150313973,
      "state_hash_seconds": 0.0004196539521217346,
      "clone_seconds": 0.0,
      "restore_seconds": 0.0,
      "file_write_seconds": 5.879293894395232e-05,
      "operation_seconds": 0.21635435504140332,
      "total_phase_seconds": 0.21969121298752725,
      "scope": "file writes include journal intent/add/flush; excludes this timing receipt and checkpoint writes",
      "mode": "stage4_sealed_cell",
      "banner": "sealed Stage 4; scientific admission also requires complete declared populations"
    },
    {
      "phase": "immediate:186",
      "identity_check_kind": "in_memory_structure_and_configuration",
      "recipe_verification_seconds": 0.0,
      "identity_verification_seconds": 0.0,
      "identity_check_seconds": 0.0021052969968877733,
      "state_hash_seconds": 0.014654598024208099,
      "clone_seconds": 0.0,
      "restore_seconds": 0.0,
      "file_write_seconds": 5.8262026868760586e-05,
      "operation_seconds": 0.06626253097783774,
      "total_phase_seconds": 0.08318285300629213,
      "scope": "file writes include journal intent/add/flush; excludes this timing receipt and checkpoint writes",
      "mode": "stage4_sealed_cell",
      "banner": "sealed Stage 4; scientific admission also requires complete declared populations"
    },
    {
      "phase": "edit:187",
      "identity_check_kind": "in_memory_structure_and_configuration",
      "recipe_verification_seconds": 0.0,
      "identity_verification_seconds": 0.0,
      "identity_check_seconds": 0.0021756410133093596,
      "state_hash_seconds": 0.0003898160648532212,
      "clone_seconds": 0.0,
      "restore_seconds": 0.0,
      "file_write_seconds": 6.202899385243654e-05,
      "operation_seconds": 0.2110617269645445,
      "total_phase_seconds": 0.21376501000486314,
      "scope": "file writes include journal intent/add/flush; excludes this timing receipt and checkpoint writes",
      "mode": "stage4_sealed_cell",
      "banner": "sealed Stage 4; scientific admission also requires complete declared populations"
    },
    {
      "phase": "immediate:187",
      "identity_check_kind": "in_memory_structure_and_configuration",
      "recipe_verification_seconds": 0.0,
      "identity_verification_seconds": 0.0,
      "identity_check_seconds": 0.002108001965098083,
      "state_hash_seconds": 0.014713581011164933,
      "clone_seconds": 0.0,
      "restore_seconds": 0.0,
      "file_write_seconds": 5.963497096672654e-05,
      "operation_seconds": 0.06633640301879495,
      "total_phase_seconds": 0.08330966701032594,
      "scope": "file writes include journal intent/add/flush; excludes this timing receipt and checkpoint writes",
      "mode": "stage4_sealed_cell",
      "banner": "sealed Stage 4; scientific admission also requires complete declared populations"
    },
    {
      "phase": "edit:188",
      "identity_check_kind": "in_memory_structure_and_configuration",
      "recipe_verification_seconds": 0.0,
      "identity_verification_seconds": 0.0,
      "identity_check_seconds": 0.002575077989604324,
      "state_hash_seconds": 0.000402652018237859,
      "clone_seconds": 0.0,
      "restore_seconds": 0.0,
      "file_write_seconds": 5.867303116247058e-05,
      "operation_seconds": 0.29802082997048274,
      "total_phase_seconds": 0.30113407998578623,
      "scope": "file writes include journal intent/add/flush; excludes this timing receipt and checkpoint writes",
      "mode": "stage4_sealed_cell",
      "banner": "sealed Stage 4; scientific admission also requires complete declared populations"
    },
    {
      "phase": "immediate:188",
      "identity_check_kind": "in_memory_structure_and_configuration",
      "recipe_verification_seconds": 0.0,
      "identity_verification_seconds": 0.0,
      "identity_check_seconds": 0.002115607960149646,
      "state_hash_seconds": 0.014860575029160827,
      "clone_seconds": 0.0,
      "restore_seconds": 0.0,
      "file_write_seconds": 5.834200419485569e-05,
      "operation_seconds": 0.07656799996038899,
      "total_phase_seconds": 0.09369730402249843,
      "scope": "file writes include journal intent/add/flush; excludes this timing receipt and checkpoint writes",
      "mode": "stage4_sealed_cell",
      "banner": "sealed Stage 4; scientific admission also requires complete declared populations"
    },
    {
      "phase": "edit:189",
      "identity_check_kind": "in_memory_structure_and_configuration",
      "recipe_verification_seconds": 0.0,
      "identity_verification_seconds": 0.0,
      "identity_check_seconds": 0.0020721330656670034,
      "state_hash_seconds": 0.0003313350025564432,
      "clone_seconds": 0.0,
      "restore_seconds": 0.0,
      "file_write_seconds": 6.020598812028766e-05,
      "operation_seconds": 0.08919760602293536,
      "total_phase_seconds": 0.09172850899631158,
      "scope": "file writes include journal intent/add/flush; excludes this timing receipt and checkpoint writes",
      "mode": "stage4_sealed_cell",
      "banner": "sealed Stage 4; scientific admission also requires complete declared populations"
    },
    {
      "phase": "immediate:189",
      "identity_check_kind": "in_memory_structure_and_configuration",
      "recipe_verification_seconds": 0.0,
      "identity_verification_seconds": 0.0,
      "identity_check_seconds": 0.0018659079796634614,
      "state_hash_seconds": 0.014565076038707048,
      "clone_seconds": 0.0,
      "restore_seconds": 0.0,
      "file_write_seconds": 5.627900827676058e-05,
      "operation_seconds": 0.05012160202022642,
      "total_phase_seconds": 0.0666893390007317,
      "scope": "file writes include journal intent/add/flush; excludes this timing receipt and checkpoint writes",
      "mode": "stage4_sealed_cell",
      "banner": "sealed Stage 4; scientific admission also requires complete declared populations"
    },
    {
      "phase": "edit:190",
      "identity_check_kind": "in_memory_structure_and_configuration",
      "recipe_verification_seconds": 0.0,
      "identity_verification_seconds": 0.0,
      "identity_check_seconds": 0.002414129034150392,
      "state_hash_seconds": 0.00039959599962458014,
      "clone_seconds": 0.0,
      "restore_seconds": 0.0,
      "file_write_seconds": 6.216898327693343e-05,
      "operation_seconds": 0.1659319860045798,
      "total_phase_seconds": 0.16888847498921677,
      "scope": "file writes include journal intent/add/flush; excludes this timing receipt and checkpoint writes",
      "mode": "stage4_sealed_cell",
      "banner": "sealed Stage 4; scientific admission also requires complete declared populations"
    },
    {
      "phase": "immediate:190",
      "identity_check_kind": "in_memory_structure_and_configuration",
      "recipe_verification_seconds": 0.0,
      "identity_verification_seconds": 0.0,
      "identity_check_seconds": 0.002342018997296691,
      "state_hash_seconds": 0.015088899992406368,
      "clone_seconds": 0.0,
      "restore_seconds": 0.0,
      "file_write_seconds": 9.837804827839136e-05,
      "operation_seconds": 0.05805314000463113,
      "total_phase_seconds": 0.07570476498221979,
      "scope": "file writes include journal intent/add/flush; excludes this timing receipt and checkpoint writes",
      "mode": "stage4_sealed_cell",
      "banner": "sealed Stage 4; scientific admission also requires complete declared populations"
    },
    {
      "phase": "edit:191",
      "identity_check_kind": "in_memory_structure_and_configuration",
      "recipe_verification_seconds": 0.0,
      "identity_verification_seconds": 0.0,
      "identity_check_seconds": 0.002095657982863486,
      "state_hash_seconds": 0.00034446100471541286,
      "clone_seconds": 0.0,
      "restore_seconds": 0.0,
      "file_write_seconds": 5.907303420826793e-05,
      "operation_seconds": 0.19502595998346806,
      "total_phase_seconds": 0.19759624899597839,
      "scope": "file writes include journal intent/add/flush; excludes this timing receipt and checkpoint writes",
      "mode": "stage4_sealed_cell",
      "banner": "sealed Stage 4; scientific admission also requires complete declared populations"
    },
    {
      "phase": "immediate:191",
      "identity_check_kind": "in_memory_structure_and_configuration",
      "recipe_verification_seconds": 0.0,
      "identity_verification_seconds": 0.0,
      "identity_check_seconds": 0.00246138998772949,
      "state_hash_seconds": 0.014942190086003393,
      "clone_seconds": 0.0,
      "restore_seconds": 0.0,
      "file_write_seconds": 5.7590019423514605e-05,
      "operation_seconds": 0.06105770100839436,
      "total_phase_seconds": 0.07862326200120151,
      "scope": "file writes include journal intent/add/flush; excludes this timing receipt and checkpoint writes",
      "mode": "stage4_sealed_cell",
      "banner": "sealed Stage 4; scientific admission also requires complete declared populations"
    },
    {
      "phase": "edit:192",
      "identity_check_kind": "in_memory_structure_and_configuration",
      "recipe_verification_seconds": 0.0,
      "identity_verification_seconds": 0.0,
      "identity_check_seconds": 0.002535710984375328,
      "state_hash_seconds": 0.00041411496931687,
      "clone_seconds": 0.0,
      "restore_seconds": 0.0,
      "file_write_seconds": 6.012595258653164e-05,
      "operation_seconds": 0.0922318029915914,
      "total_phase_seconds": 0.0953196240006946,
      "scope": "file writes include journal intent/add/flush; excludes this timing receipt and checkpoint writes",
      "mode": "stage4_sealed_cell",
      "banner": "sealed Stage 4; scientific admission also requires complete declared populations"
    },
    {
      "phase": "immediate:192",
      "identity_check_kind": "in_memory_structure_and_configuration",
      "recipe_verification_seconds": 0.0,
      "identity_verification_seconds": 0.0,
      "identity_check_seconds": 0.0021906589390709996,
      "state_hash_seconds": 0.01564296503784135,
      "clone_seconds": 0.0,
      "restore_seconds": 0.0,
      "file_write_seconds": 6.44029350951314e-05,
      "operation_seconds": 0.04704633599612862,
      "total_phase_seconds": 0.06504814204527065,
      "scope": "file writes include journal intent/add/flush; excludes this timing receipt and checkpoint writes",
      "mode": "stage4_sealed_cell",
      "banner": "sealed Stage 4; scientific admission also requires complete declared populations"
    },
    {
      "phase": "edit:193",
      "identity_check_kind": "in_memory_structure_and_configuration",
      "recipe_verification_seconds": 0.0,
      "identity_verification_seconds": 0.0,
      "identity_check_seconds": 0.002143209974747151,
      "state_hash_seconds": 0.00037014897679910064,
      "clone_seconds": 0.0,
      "restore_seconds": 0.0,
      "file_write_seconds": 5.950406193733215e-05,
      "operation_seconds": 0.10317607899196446,
      "total_phase_seconds": 0.10581474704667926,
      "scope": "file writes include journal intent/add/flush; excludes this timing receipt and checkpoint writes",
      "mode": "stage4_sealed_cell",
      "banner": "sealed Stage 4; scientific admission also requires complete declared populations"
    },
    {
      "phase": "immediate:193",
      "identity_check_kind": "in_memory_structure_and_configuration",
      "recipe_verification_seconds": 0.0,
      "identity_verification_seconds": 0.0,
      "identity_check_seconds": 0.0019622520194388926,
      "state_hash_seconds": 0.015627041982952505,
      "clone_seconds": 0.0,
      "restore_seconds": 0.0,
      "file_write_seconds": 5.73699944652617e-05,
      "operation_seconds": 0.05479509296128526,
      "total_phase_seconds": 0.07253078900976107,
      "scope": "file writes include journal intent/add/flush; excludes this timing receipt and checkpoint writes",
      "mode": "stage4_sealed_cell",
      "banner": "sealed Stage 4; scientific admission also requires complete declared populations"
    },
    {
      "phase": "edit:194",
      "identity_check_kind": "in_memory_structure_and_configuration",
      "recipe_verification_seconds": 0.0,
      "identity_verification_seconds": 0.0,
      "identity_check_seconds": 0.0024210920091718435,
      "state_hash_seconds": 0.00045010296162217855,
      "clone_seconds": 0.0,
      "restore_seconds": 0.0,
      "file_write_seconds": 6.387301255017519e-05,
      "operation_seconds": 0.13107762701110914,
      "total_phase_seconds": 0.13408405001973733,
      "scope": "file writes include journal intent/add/flush; excludes this timing receipt and checkpoint writes",
      "mode": "stage4_sealed_cell",
      "banner": "sealed Stage 4; scientific admission also requires complete declared populations"
    },
    {
      "phase": "immediate:194",
      "identity_check_kind": "in_memory_structure_and_configuration",
      "recipe_verification_seconds": 0.0,
      "identity_verification_seconds": 0.0,
      "identity_check_seconds": 0.002207451965659857,
      "state_hash_seconds": 0.015767131000757217,
      "clone_seconds": 0.0,
      "restore_seconds": 0.0,
      "file_write_seconds": 5.868199514225125e-05,
      "operation_seconds": 0.06799979199422523,
      "total_phase_seconds": 0.0861263980041258,
      "scope": "file writes include journal intent/add/flush; excludes this timing receipt and checkpoint writes",
      "mode": "stage4_sealed_cell",
      "banner": "sealed Stage 4; scientific admission also requires complete declared populations"
    },
    {
      "phase": "edit:195",
      "identity_check_kind": "in_memory_structure_and_configuration",
      "recipe_verification_seconds": 0.0,
      "identity_verification_seconds": 0.0,
      "identity_check_seconds": 0.002037277037743479,
      "state_hash_seconds": 0.0003517339355312288,
      "clone_seconds": 0.0,
      "restore_seconds": 0.0,
      "file_write_seconds": 5.741004133597016e-05,
      "operation_seconds": 0.12286512000719085,
      "total_phase_seconds": 0.1253741499967873,
      "scope": "file writes include journal intent/add/flush; excludes this timing receipt and checkpoint writes",
      "mode": "stage4_sealed_cell",
      "banner": "sealed Stage 4; scientific admission also requires complete declared populations"
    },
    {
      "phase": "immediate:195",
      "identity_check_kind": "in_memory_structure_and_configuration",
      "recipe_verification_seconds": 0.0,
      "identity_verification_seconds": 0.0,
      "identity_check_seconds": 0.0020906280260533094,
      "state_hash_seconds": 0.015364649007096887,
      "clone_seconds": 0.0,
      "restore_seconds": 0.0,
      "file_write_seconds": 5.634798435494304e-05,
      "operation_seconds": 0.05375560000538826,
      "total_phase_seconds": 0.07136229000752792,
      "scope": "file writes include journal intent/add/flush; excludes this timing receipt and checkpoint writes",
      "mode": "stage4_sealed_cell",
      "banner": "sealed Stage 4; scientific admission also requires complete declared populations"
    },
    {
      "phase": "edit:196",
      "identity_check_kind": "in_memory_structure_and_configuration",
      "recipe_verification_seconds": 0.0,
      "identity_verification_seconds": 0.0,
      "identity_check_seconds": 0.002138009003829211,
      "state_hash_seconds": 0.0004272880614735186,
      "clone_seconds": 0.0,
      "restore_seconds": 0.0,
      "file_write_seconds": 6.149802356958389e-05,
      "operation_seconds": 0.08958114101551473,
      "total_phase_seconds": 0.09228231100132689,
      "scope": "file writes include journal intent/add/flush; excludes this timing receipt and checkpoint writes",
      "mode": "stage4_sealed_cell",
      "banner": "sealed Stage 4; scientific admission also requires complete declared populations"
    },
    {
      "phase": "immediate:196",
      "identity_check_kind": "in_memory_structure_and_configuration",
      "recipe_verification_seconds": 0.0,
      "identity_verification_seconds": 0.0,
      "identity_check_seconds": 0.0021849590120837092,
      "state_hash_seconds": 0.015469159930944443,
      "clone_seconds": 0.0,
      "restore_seconds": 0.0,
      "file_write_seconds": 0.004880387976299971,
      "operation_seconds": 0.05749066197313368,
      "total_phase_seconds": 0.08010967198060825,
      "scope": "file writes include journal intent/add/flush; excludes this timing receipt and checkpoint writes",
      "mode": "stage4_sealed_cell",
      "banner": "sealed Stage 4; scientific admission also requires complete declared populations"
    },
    {
      "phase": "edit:197",
      "identity_check_kind": "in_memory_structure_and_configuration",
      "recipe_verification_seconds": 0.0,
      "identity_verification_seconds": 0.0,
      "identity_check_seconds": 0.002182324999012053,
      "state_hash_seconds": 0.00042121706064790487,
      "clone_seconds": 0.0,
      "restore_seconds": 0.0,
      "file_write_seconds": 0.001150336000137031,
      "operation_seconds": 0.1702763349749148,
      "total_phase_seconds": 0.1741074210149236,
      "scope": "file writes include journal intent/add/flush; excludes this timing receipt and checkpoint writes",
      "mode": "stage4_sealed_cell",
      "banner": "sealed Stage 4; scientific admission also requires complete declared populations"
    },
    {
      "phase": "immediate:197",
      "identity_check_kind": "in_memory_structure_and_configuration",
      "recipe_verification_seconds": 0.0,
      "identity_verification_seconds": 0.0,
      "identity_check_seconds": 0.002721738943364471,
      "state_hash_seconds": 0.015974849986378103,
      "clone_seconds": 0.0,
      "restore_seconds": 0.0,
      "file_write_seconds": 5.846103886142373e-05,
      "operation_seconds": 0.06275802198797464,
      "total_phase_seconds": 0.08161178097361699,
      "scope": "file writes include journal intent/add/flush; excludes this timing receipt and checkpoint writes",
      "mode": "stage4_sealed_cell",
      "banner": "sealed Stage 4; scientific admission also requires complete declared populations"
    },
    {
      "phase": "edit:198",
      "identity_check_kind": "in_memory_structure_and_configuration",
      "recipe_verification_seconds": 0.0,
      "identity_verification_seconds": 0.0,
      "identity_check_seconds": 0.0021131420508027077,
      "state_hash_seconds": 0.0003715409548021853,
      "clone_seconds": 0.0,
      "restore_seconds": 0.0,
      "file_write_seconds": 5.9924961533397436e-05,
      "operation_seconds": 0.13950573600595817,
      "total_phase_seconds": 0.14211976900696754,
      "scope": "file writes include journal intent/add/flush; excludes this timing receipt and checkpoint writes",
      "mode": "stage4_sealed_cell",
      "banner": "sealed Stage 4; scientific admission also requires complete declared populations"
    },
    {
      "phase": "immediate:198",
      "identity_check_kind": "in_memory_structure_and_configuration",
      "recipe_verification_seconds": 0.0,
      "identity_verification_seconds": 0.0,
      "identity_check_seconds": 0.0021777759538963437,
      "state_hash_seconds": 0.015614348987583071,
      "clone_seconds": 0.0,
      "restore_seconds": 0.0,
      "file_write_seconds": 6.4122024923563e-05,
      "operation_seconds": 0.061011822952423245,
      "total_phase_seconds": 0.07896523701492697,
      "scope": "file writes include journal intent/add/flush; excludes this timing receipt and checkpoint writes",
      "mode": "stage4_sealed_cell",
      "banner": "sealed Stage 4; scientific admission also requires complete declared populations"
    },
    {
      "phase": "edit:199",
      "identity_check_kind": "in_memory_structure_and_configuration",
      "recipe_verification_seconds": 0.0,
      "identity_verification_seconds": 0.0,
      "identity_check_seconds": 0.0020683350157923996,
      "state_hash_seconds": 0.0003238209756091237,
      "clone_seconds": 0.0,
      "restore_seconds": 0.0,
      "file_write_seconds": 5.8372970670461655e-05,
      "operation_seconds": 0.20391240902245045,
      "total_phase_seconds": 0.20642535702791065,
      "scope": "file writes include journal intent/add/flush; excludes this timing receipt and checkpoint writes",
      "mode": "stage4_sealed_cell",
      "banner": "sealed Stage 4; scientific admission also requires complete declared populations"
    },
    {
      "phase": "immediate:199",
      "identity_check_kind": "in_memory_structure_and_configuration",
      "recipe_verification_seconds": 0.0,
      "identity_verification_seconds": 0.0,
      "identity_check_seconds": 0.0022248459863476455,
      "state_hash_seconds": 0.015980011026840657,
      "clone_seconds": 0.0,
      "restore_seconds": 0.0,
      "file_write_seconds": 5.840294761583209e-05,
      "operation_seconds": 0.07246799900894985,
      "total_phase_seconds": 0.0908232830115594,
      "scope": "file writes include journal intent/add/flush; excludes this timing receipt and checkpoint writes",
      "mode": "stage4_sealed_cell",
      "banner": "sealed Stage 4; scientific admission also requires complete declared populations"
    },
    {
      "phase": "edit:200",
      "identity_check_kind": "in_memory_structure_and_configuration",
      "recipe_verification_seconds": 0.0,
      "identity_verification_seconds": 0.0,
      "identity_check_seconds": 0.0020843660458922386,
      "state_hash_seconds": 0.00037660286761820316,
      "clone_seconds": 0.0,
      "restore_seconds": 0.0,
      "file_write_seconds": 6.370095070451498e-05,
      "operation_seconds": 0.1257851090049371,
      "total_phase_seconds": 0.12838294001994655,
      "scope": "file writes include journal intent/add/flush; excludes this timing receipt and checkpoint writes",
      "mode": "stage4_sealed_cell",
      "banner": "sealed Stage 4; scientific admission also requires complete declared populations"
    },
    {
      "phase": "immediate:200",
      "identity_check_kind": "in_memory_structure_and_configuration",
      "recipe_verification_seconds": 0.0,
      "identity_verification_seconds": 0.0,
      "identity_check_seconds": 0.0021476479596458375,
      "state_hash_seconds": 0.01592988398624584,
      "clone_seconds": 0.0,
      "restore_seconds": 0.0,
      "file_write_seconds": 5.825201515108347e-05,
      "operation_seconds": 0.05502923205494881,
      "total_phase_seconds": 0.07325829396722838,
      "scope": "file writes include journal intent/add/flush; excludes this timing receipt and checkpoint writes",
      "mode": "stage4_sealed_cell",
      "banner": "sealed Stage 4; scientific admission also requires complete declared populations"
    },
    {
      "phase": "edit:201",
      "identity_check_kind": "in_memory_structure_and_configuration",
      "recipe_verification_seconds": 0.0,
      "identity_verification_seconds": 0.0,
      "identity_check_seconds": 0.0022337829577736557,
      "state_hash_seconds": 0.00041990604950115085,
      "clone_seconds": 0.0,
      "restore_seconds": 0.0,
      "file_write_seconds": 5.958392284810543e-05,
      "operation_seconds": 0.17757840600097552,
      "total_phase_seconds": 0.18036679201759398,
      "scope": "file writes include journal intent/add/flush; excludes this timing receipt and checkpoint writes",
      "mode": "stage4_sealed_cell",
      "banner": "sealed Stage 4; scientific admission also requires complete declared populations"
    },
    {
      "phase": "immediate:201",
      "identity_check_kind": "in_memory_structure_and_configuration",
      "recipe_verification_seconds": 0.0,
      "identity_verification_seconds": 0.0,
      "identity_check_seconds": 0.0021481990115717053,
      "state_hash_seconds": 0.01585249596973881,
      "clone_seconds": 0.0,
      "restore_seconds": 0.0,
      "file_write_seconds": 5.92030119150877e-05,
      "operation_seconds": 0.0589690359774977,
      "total_phase_seconds": 0.07712251297198236,
      "scope": "file writes include journal intent/add/flush; excludes this timing receipt and checkpoint writes",
      "mode": "stage4_sealed_cell",
      "banner": "sealed Stage 4; scientific admission also requires complete declared populations"
    },
    {
      "phase": "edit:202",
      "identity_check_kind": "in_memory_structure_and_configuration",
      "recipe_verification_seconds": 0.0,
      "identity_verification_seconds": 0.0,
      "identity_check_seconds": 0.002250614983495325,
      "state_hash_seconds": 0.00043635600013658404,
      "clone_seconds": 0.0,
      "restore_seconds": 0.0,
      "file_write_seconds": 6.0695980209857225e-05,
      "operation_seconds": 0.15562033402966335,
      "total_phase_seconds": 0.15843781700823456,
      "scope": "file writes include journal intent/add/flush; excludes this timing receipt and checkpoint writes",
      "mode": "stage4_sealed_cell",
      "banner": "sealed Stage 4; scientific admission also requires complete declared populations"
    },
    {
      "phase": "immediate:202",
      "identity_check_kind": "in_memory_structure_and_configuration",
      "recipe_verification_seconds": 0.0,
      "identity_verification_seconds": 0.0,
      "identity_check_seconds": 0.002100076002534479,
      "state_hash_seconds": 0.015357757976744324,
      "clone_seconds": 0.0,
      "restore_seconds": 0.0,
      "file_write_seconds": 5.963398143649101e-05,
      "operation_seconds": 0.06006872502621263,
      "total_phase_seconds": 0.07768669497454539,
      "scope": "file writes include journal intent/add/flush; excludes this timing receipt and checkpoint writes",
      "mode": "stage4_sealed_cell",
      "banner": "sealed Stage 4; scientific admission also requires complete declared populations"
    },
    {
      "phase": "edit:203",
      "identity_check_kind": "in_memory_structure_and_configuration",
      "recipe_verification_seconds": 0.0,
      "identity_verification_seconds": 0.0,
      "identity_check_seconds": 0.002584776026196778,
      "state_hash_seconds": 0.000441325013525784,
      "clone_seconds": 0.0,
      "restore_seconds": 0.0,
      "file_write_seconds": 5.829101428389549e-05,
      "operation_seconds": 0.28145407600095496,
      "total_phase_seconds": 0.2846085649798624,
      "scope": "file writes include journal intent/add/flush; excludes this timing receipt and checkpoint writes",
      "mode": "stage4_sealed_cell",
      "banner": "sealed Stage 4; scientific admission also requires complete declared populations"
    },
    {
      "phase": "immediate:203",
      "identity_check_kind": "in_memory_structure_and_configuration",
      "recipe_verification_seconds": 0.0,
      "identity_verification_seconds": 0.0,
      "identity_check_seconds": 0.002277126011904329,
      "state_hash_seconds": 0.01689298002747819,
      "clone_seconds": 0.0,
      "restore_seconds": 0.0,
      "file_write_seconds": 5.7169003412127495e-05,
      "operation_seconds": 0.07237949001137167,
      "total_phase_seconds": 0.09170188696589321,
      "scope": "file writes include journal intent/add/flush; excludes this timing receipt and checkpoint writes",
      "mode": "stage4_sealed_cell",
      "banner": "sealed Stage 4; scientific admission also requires complete declared populations"
    },
    {
      "phase": "edit:204",
      "identity_check_kind": "in_memory_structure_and_configuration",
      "recipe_verification_seconds": 0.0,
      "identity_verification_seconds": 0.0,
      "identity_check_seconds": 0.002256056002806872,
      "state_hash_seconds": 0.0004043859662488103,
      "clone_seconds": 0.0,
      "restore_seconds": 0.0,
      "file_write_seconds": 5.8943929616361856e-05,
      "operation_seconds": 0.10581015900243074,
      "total_phase_seconds": 0.10860489698825404,
      "scope": "file writes include journal intent/add/flush; excludes this timing receipt and checkpoint writes",
      "mode": "stage4_sealed_cell",
      "banner": "sealed Stage 4; scientific admission also requires complete declared populations"
    },
    {
      "phase": "immediate:204",
      "identity_check_kind": "in_memory_structure_and_configuration",
      "recipe_verification_seconds": 0.0,
      "identity_verification_seconds": 0.0,
      "identity_check_seconds": 0.002015703998040408,
      "state_hash_seconds": 0.01580120500875637,
      "clone_seconds": 0.0,
      "restore_seconds": 0.0,
      "file_write_seconds": 6.007496267557144e-05,
      "operation_seconds": 0.05885087000206113,
      "total_phase_seconds": 0.0768429180025123,
      "scope": "file writes include journal intent/add/flush; excludes this timing receipt and checkpoint writes",
      "mode": "stage4_sealed_cell",
      "banner": "sealed Stage 4; scientific admission also requires complete declared populations"
    },
    {
      "phase": "edit:205",
      "identity_check_kind": "in_memory_structure_and_configuration",
      "recipe_verification_seconds": 0.0,
      "identity_verification_seconds": 0.0,
      "identity_check_seconds": 0.0021510550286620855,
      "state_hash_seconds": 0.0004025020753033459,
      "clone_seconds": 0.0,
      "restore_seconds": 0.0,
      "file_write_seconds": 5.9142941609025e-05,
      "operation_seconds": 0.135950869997032,
      "total_phase_seconds": 0.13862880499800667,
      "scope": "file writes include journal intent/add/flush; excludes this timing receipt and checkpoint writes",
      "mode": "stage4_sealed_cell",
      "banner": "sealed Stage 4; scientific admission also requires complete declared populations"
    },
    {
      "phase": "immediate:205",
      "identity_check_kind": "in_memory_structure_and_configuration",
      "recipe_verification_seconds": 0.0,
      "identity_verification_seconds": 0.0,
      "identity_check_seconds": 0.0022889290121383965,
      "state_hash_seconds": 0.01651437400141731,
      "clone_seconds": 0.0,
      "restore_seconds": 0.0,
      "file_write_seconds": 5.922402488067746e-05,
      "operation_seconds": 0.05541271698893979,
      "total_phase_seconds": 0.07437363296048716,
      "scope": "file writes include journal intent/add/flush; excludes this timing receipt and checkpoint writes",
      "mode": "stage4_sealed_cell",
      "banner": "sealed Stage 4; scientific admission also requires complete declared populations"
    },
    {
      "phase": "edit:206",
      "identity_check_kind": "in_memory_structure_and_configuration",
      "recipe_verification_seconds": 0.0,
      "identity_verification_seconds": 0.0,
      "identity_check_seconds": 0.00213246897328645,
      "state_hash_seconds": 0.00041221105493605137,
      "clone_seconds": 0.0,
      "restore_seconds": 0.0,
      "file_write_seconds": 5.7540019042789936e-05,
      "operation_seconds": 0.09855217201402411,
      "total_phase_seconds": 0.10122415603836998,
      "scope": "file writes include journal intent/add/flush; excludes this timing receipt and checkpoint writes",
      "mode": "stage4_sealed_cell",
      "banner": "sealed Stage 4; scientific admission also requires complete declared populations"
    },
    {
      "phase": "immediate:206",
      "identity_check_kind": "in_memory_structure_and_configuration",
      "recipe_verification_seconds": 0.0,
      "identity_verification_seconds": 0.0,
      "identity_check_seconds": 0.002354934986215085,
      "state_hash_seconds": 0.016255225986242294,
      "clone_seconds": 0.0,
      "restore_seconds": 0.0,
      "file_write_seconds": 5.680799949914217e-05,
      "operation_seconds": 0.0512404179899022,
      "total_phase_seconds": 0.07000387500738725,
      "scope": "file writes include journal intent/add/flush; excludes this timing receipt and checkpoint writes",
      "mode": "stage4_sealed_cell",
      "banner": "sealed Stage 4; scientific admission also requires complete declared populations"
    },
    {
      "phase": "edit:207",
      "identity_check_kind": "in_memory_structure_and_configuration",
      "recipe_verification_seconds": 0.0,
      "identity_verification_seconds": 0.0,
      "identity_check_seconds": 0.0021362359984777868,
      "state_hash_seconds": 0.000431196007411927,
      "clone_seconds": 0.0,
      "restore_seconds": 0.0,
      "file_write_seconds": 5.9034035075455904e-05,
      "operation_seconds": 0.09050862002186477,
      "total_phase_seconds": 0.09320962900528684,
      "scope": "file writes include journal intent/add/flush; excludes this timing receipt and checkpoint writes",
      "mode": "stage4_sealed_cell",
      "banner": "sealed Stage 4; scientific admission also requires complete declared populations"
    },
    {
      "phase": "immediate:207",
      "identity_check_kind": "in_memory_structure_and_configuration",
      "recipe_verification_seconds": 0.0,
      "identity_verification_seconds": 0.0,
      "identity_check_seconds": 0.0022125919931568205,
      "state_hash_seconds": 0.015650668006855994,
      "clone_seconds": 0.0,
      "restore_seconds": 0.0,
      "file_write_seconds": 7.4131996370852e-05,
      "operation_seconds": 0.048887225973885506,
      "total_phase_seconds": 0.06691913999384269,
      "scope": "file writes include journal intent/add/flush; excludes this timing receipt and checkpoint writes",
      "mode": "stage4_sealed_cell",
      "banner": "sealed Stage 4; scientific admission also requires complete declared populations"
    },
    {
      "phase": "edit:208",
      "identity_check_kind": "in_memory_structure_and_configuration",
      "recipe_verification_seconds": 0.0,
      "identity_verification_seconds": 0.0,
      "identity_check_seconds": 0.002208102960139513,
      "state_hash_seconds": 0.000431537046097219,
      "clone_seconds": 0.0,
      "restore_seconds": 0.0,
      "file_write_seconds": 6.284099072217941e-05,
      "operation_seconds": 0.3592482269741595,
      "total_phase_seconds": 0.3620264750206843,
      "scope": "file writes include journal intent/add/flush; excludes this timing receipt and checkpoint writes",
      "mode": "stage4_sealed_cell",
      "banner": "sealed Stage 4; scientific admission also requires complete declared populations"
    },
    {
      "phase": "immediate:208",
      "identity_check_kind": "in_memory_structure_and_configuration",
      "recipe_verification_seconds": 0.0,
      "identity_verification_seconds": 0.0,
      "identity_check_seconds": 0.002401174046099186,
      "state_hash_seconds": 0.016673420032020658,
      "clone_seconds": 0.0,
      "restore_seconds": 0.0,
      "file_write_seconds": 5.754997255280614e-05,
      "operation_seconds": 0.09818097000243142,
      "total_phase_seconds": 0.11741138302022591,
      "scope": "file writes include journal intent/add/flush; excludes this timing receipt and checkpoint writes",
      "mode": "stage4_sealed_cell",
      "banner": "sealed Stage 4; scientific admission also requires complete declared populations"
    },
    {
      "phase": "edit:209",
      "identity_check_kind": "in_memory_structure_and_configuration",
      "recipe_verification_seconds": 0.0,
      "identity_verification_seconds": 0.0,
      "identity_check_seconds": 0.002054649987258017,
      "state_hash_seconds": 0.0003813820658251643,
      "clone_seconds": 0.0,
      "restore_seconds": 0.0,
      "file_write_seconds": 5.874200724065304e-05,
      "operation_seconds": 0.13920789503026754,
      "total_phase_seconds": 0.1417707490036264,
      "scope": "file writes include journal intent/add/flush; excludes this timing receipt and checkpoint writes",
      "mode": "stage4_sealed_cell",
      "banner": "sealed Stage 4; scientific admission also requires complete declared populations"
    },
    {
      "phase": "immediate:209",
      "identity_check_kind": "in_memory_structure_and_configuration",
      "recipe_verification_seconds": 0.0,
      "identity_verification_seconds": 0.0,
      "identity_check_seconds": 0.002047925954684615,
      "state_hash_seconds": 0.016540743119549006,
      "clone_seconds": 0.0,
      "restore_seconds": 0.0,
      "file_write_seconds": 5.927396705374122e-05,
      "operation_seconds": 0.0613857900025323,
      "total_phase_seconds": 0.0801276849815622,
      "scope": "file writes include journal intent/add/flush; excludes this timing receipt and checkpoint writes",
      "mode": "stage4_sealed_cell",
      "banner": "sealed Stage 4; scientific admission also requires complete declared populations"
    },
    {
      "phase": "edit:210",
      "identity_check_kind": "in_memory_structure_and_configuration",
      "recipe_verification_seconds": 0.0,
      "identity_verification_seconds": 0.0,
      "identity_check_seconds": 0.0021373580675572157,
      "state_hash_seconds": 0.0004138130461797118,
      "clone_seconds": 0.0,
      "restore_seconds": 0.0,
      "file_write_seconds": 6.0657039284706116e-05,
      "operation_seconds": 0.09119090798776597,
      "total_phase_seconds": 0.09387012501247227,
      "scope": "file writes include journal intent/add/flush; excludes this timing receipt and checkpoint writes",
      "mode": "stage4_sealed_cell",
      "banner": "sealed Stage 4; scientific admission also requires complete declared populations"
    },
    {
      "phase": "immediate:210",
      "identity_check_kind": "in_memory_structure_and_configuration",
      "recipe_verification_seconds": 0.0,
      "identity_verification_seconds": 0.0,
      "identity_check_seconds": 0.0022410480305552483,
      "state_hash_seconds": 0.017267418035771698,
      "clone_seconds": 0.0,
      "restore_seconds": 0.0,
      "file_write_seconds": 5.8582983911037445e-05,
      "operation_seconds": 0.058779612998478115,
      "total_phase_seconds": 0.07844953803578392,
      "scope": "file writes include journal intent/add/flush; excludes this timing receipt and checkpoint writes",
      "mode": "stage4_sealed_cell",
      "banner": "sealed Stage 4; scientific admission also requires complete declared populations"
    },
    {
      "phase": "edit:211",
      "identity_check_kind": "in_memory_structure_and_configuration",
      "recipe_verification_seconds": 0.0,
      "identity_verification_seconds": 0.0,
      "identity_check_seconds": 0.0021299729705788195,
      "state_hash_seconds": 0.000406868988648057,
      "clone_seconds": 0.0,
      "restore_seconds": 0.0,
      "file_write_seconds": 6.010598735883832e-05,
      "operation_seconds": 0.1340315300039947,
      "total_phase_seconds": 0.13669645000481978,
      "scope": "file writes include journal intent/add/flush; excludes this timing receipt and checkpoint writes",
      "mode": "stage4_sealed_cell",
      "banner": "sealed Stage 4; scientific admission also requires complete declared populations"
    },
    {
      "phase": "immediate:211",
      "identity_check_kind": "in_memory_structure_and_configuration",
      "recipe_verification_seconds": 0.0,
      "identity_verification_seconds": 0.0,
      "identity_check_seconds": 0.0022118110791780055,
      "state_hash_seconds": 0.01666985306655988,
      "clone_seconds": 0.0,
      "restore_seconds": 0.0,
      "file_write_seconds": 6.187899271026254e-05,
      "operation_seconds": 0.058475971047300845,
      "total_phase_seconds": 0.07752927299588919,
      "scope": "file writes include journal intent/add/flush; excludes this timing receipt and checkpoint writes",
      "mode": "stage4_sealed_cell",
      "banner": "sealed Stage 4; scientific admission also requires complete declared populations"
    },
    {
      "phase": "edit:212",
      "identity_check_kind": "in_memory_structure_and_configuration",
      "recipe_verification_seconds": 0.0,
      "identity_verification_seconds": 0.0,
      "identity_check_seconds": 0.0026959690148942173,
      "state_hash_seconds": 0.0005154490936547518,
      "clone_seconds": 0.0,
      "restore_seconds": 0.0,
      "file_write_seconds": 9.480200242251158e-05,
      "operation_seconds": 0.18138954398455098,
      "total_phase_seconds": 0.18478324101306498,
      "scope": "file writes include journal intent/add/flush; excludes this timing receipt and checkpoint writes",
      "mode": "stage4_sealed_cell",
      "banner": "sealed Stage 4; scientific admission also requires complete declared populations"
    },
    {
      "phase": "immediate:212",
      "identity_check_kind": "in_memory_structure_and_configuration",
      "recipe_verification_seconds": 0.0,
      "identity_verification_seconds": 0.0,
      "identity_check_seconds": 0.0023891020100563765,
      "state_hash_seconds": 0.016735660028643906,
      "clone_seconds": 0.0,
      "restore_seconds": 0.0,
      "file_write_seconds": 0.00542414904339239,
      "operation_seconds": 0.06596808601170778,
      "total_phase_seconds": 0.09061819995986298,
      "scope": "file writes include journal intent/add/flush; excludes this timing receipt and checkpoint writes",
      "mode": "stage4_sealed_cell",
      "banner": "sealed Stage 4; scientific admission also requires complete declared populations"
    },
    {
      "phase": "edit:213",
      "identity_check_kind": "in_memory_structure_and_configuration",
      "recipe_verification_seconds": 0.0,
      "identity_verification_seconds": 0.0,
      "identity_check_seconds": 0.002235405961982906,
      "state_hash_seconds": 0.00039651902625337243,
      "clone_seconds": 0.0,
      "restore_seconds": 0.0,
      "file_write_seconds": 0.0013287480105645955,
      "operation_seconds": 0.25070989795494825,
      "total_phase_seconds": 0.25474256998859346,
      "scope": "file writes include journal intent/add/flush; excludes this timing receipt and checkpoint writes",
      "mode": "stage4_sealed_cell",
      "banner": "sealed Stage 4; scientific admission also requires complete declared populations"
    },
    {
      "phase": "immediate:213",
      "identity_check_kind": "in_memory_structure_and_configuration",
      "recipe_verification_seconds": 0.0,
      "identity_verification_seconds": 0.0,
      "identity_check_seconds": 0.0022006790386512876,
      "state_hash_seconds": 0.01659505895804614,
      "clone_seconds": 0.0,
      "restore_seconds": 0.0,
      "file_write_seconds": 5.9914018493145704e-05,
      "operation_seconds": 0.07283362001180649,
      "total_phase_seconds": 0.09178459597751498,
      "scope": "file writes include journal intent/add/flush; excludes this timing receipt and checkpoint writes",
      "mode": "stage4_sealed_cell",
      "banner": "sealed Stage 4; scientific admission also requires complete declared populations"
    },
    {
      "phase": "edit:214",
      "identity_check_kind": "in_memory_structure_and_configuration",
      "recipe_verification_seconds": 0.0,
      "identity_verification_seconds": 0.0,
      "identity_check_seconds": 0.0021059189457446337,
      "state_hash_seconds": 0.0003881339216604829,
      "clone_seconds": 0.0,
      "restore_seconds": 0.0,
      "file_write_seconds": 6.026698974892497e-05,
      "operation_seconds": 0.13797575299395248,
      "total_phase_seconds": 0.14059959299629554,
      "scope": "file writes include journal intent/add/flush; excludes this timing receipt and checkpoint writes",
      "mode": "stage4_sealed_cell",
      "banner": "sealed Stage 4; scientific admission also requires complete declared populations"
    },
    {
      "phase": "immediate:214",
      "identity_check_kind": "in_memory_structure_and_configuration",
      "recipe_verification_seconds": 0.0,
      "identity_verification_seconds": 0.0,
      "identity_check_seconds": 0.0021987149957567453,
      "state_hash_seconds": 0.016868542996235192,
      "clone_seconds": 0.0,
      "restore_seconds": 0.0,
      "file_write_seconds": 6.032595410943031e-05,
      "operation_seconds": 0.06340644398005679,
      "total_phase_seconds": 0.08263174700550735,
      "scope": "file writes include journal intent/add/flush; excludes this timing receipt and checkpoint writes",
      "mode": "stage4_sealed_cell",
      "banner": "sealed Stage 4; scientific admission also requires complete declared populations"
    },
    {
      "phase": "edit:215",
      "identity_check_kind": "in_memory_structure_and_configuration",
      "recipe_verification_seconds": 0.0,
      "identity_verification_seconds": 0.0,
      "identity_check_seconds": 0.0021883760346099734,
      "state_hash_seconds": 0.0004126009880565107,
      "clone_seconds": 0.0,
      "restore_seconds": 0.0,
      "file_write_seconds": 5.937303649261594e-05,
      "operation_seconds": 0.1367886170046404,
      "total_phase_seconds": 0.13951388199348003,
      "scope": "file writes include journal intent/add/flush; excludes this timing receipt and checkpoint writes",
      "mode": "stage4_sealed_cell",
      "banner": "sealed Stage 4; scientific admission also requires complete declared populations"
    },
    {
      "phase": "immediate:215",
      "identity_check_kind": "in_memory_structure_and_configuration",
      "recipe_verification_seconds": 0.0,
      "identity_verification_seconds": 0.0,
      "identity_check_seconds": 0.0021507740020751953,
      "state_hash_seconds": 0.01707155298208818,
      "clone_seconds": 0.0,
      "restore_seconds": 0.0,
      "file_write_seconds": 5.899299867451191e-05,
      "operation_seconds": 0.062018672993872315,
      "total_phase_seconds": 0.08139480499085039,
      "scope": "file writes include journal intent/add/flush; excludes this timing receipt and checkpoint writes",
      "mode": "stage4_sealed_cell",
      "banner": "sealed Stage 4; scientific admission also requires complete declared populations"
    },
    {
      "phase": "edit:216",
      "identity_check_kind": "in_memory_structure_and_configuration",
      "recipe_verification_seconds": 0.0,
      "identity_verification_seconds": 0.0,
      "identity_check_seconds": 0.0021557830623351038,
      "state_hash_seconds": 0.0003971109981648624,
      "clone_seconds": 0.0,
      "restore_seconds": 0.0,
      "file_write_seconds": 6.0535967350006104e-05,
      "operation_seconds": 0.38292913301847875,
      "total_phase_seconds": 0.385610263037961,
      "scope": "file writes include journal intent/add/flush; excludes this timing receipt and checkpoint writes",
      "mode": "stage4_sealed_cell",
      "banner": "sealed Stage 4; scientific admission also requires complete declared populations"
    },
    {
      "phase": "immediate:216",
      "identity_check_kind": "in_memory_structure_and_configuration",
      "recipe_verification_seconds": 0.0,
      "identity_verification_seconds": 0.0,
      "identity_check_seconds": 0.0021074910182505846,
      "state_hash_seconds": 0.017704074969515204,
      "clone_seconds": 0.0,
      "restore_seconds": 0.0,
      "file_write_seconds": 5.776004400104284e-05,
      "operation_seconds": 0.09867875499185175,
      "total_phase_seconds": 0.11863862600876018,
      "scope": "file writes include journal intent/add/flush; excludes this timing receipt and checkpoint writes",
      "mode": "stage4_sealed_cell",
      "banner": "sealed Stage 4; scientific admission also requires complete declared populations"
    },
    {
      "phase": "edit:217",
      "identity_check_kind": "in_memory_structure_and_configuration",
      "recipe_verification_seconds": 0.0,
      "identity_verification_seconds": 0.0,
      "identity_check_seconds": 0.002216699009295553,
      "state_hash_seconds": 0.000423682969994843,
      "clone_seconds": 0.0,
      "restore_seconds": 0.0,
      "file_write_seconds": 6.040598964318633e-05,
      "operation_seconds": 0.09652183001162484,
      "total_phase_seconds": 0.09930097899632528,
      "scope": "file writes include journal intent/add/flush; excludes this timing receipt and checkpoint writes",
      "mode": "stage4_sealed_cell",
      "banner": "sealed Stage 4; scientific admission also requires complete declared populations"
    },
    {
      "phase": "immediate:217",
      "identity_check_kind": "in_memory_structure_and_configuration",
      "recipe_verification_seconds": 0.0,
      "identity_verification_seconds": 0.0,
      "identity_check_seconds": 0.002180099952965975,
      "state_hash_seconds": 0.017062035971321166,
      "clone_seconds": 0.0,
      "restore_seconds": 0.0,
      "file_write_seconds": 5.782104562968016e-05,
      "operation_seconds": 0.0540915839956142,
      "total_phase_seconds": 0.07349519804120064,
      "scope": "file writes include journal intent/add/flush; excludes this timing receipt and checkpoint writes",
      "mode": "stage4_sealed_cell",
      "banner": "sealed Stage 4; scientific admission also requires complete declared populations"
    },
    {
      "phase": "edit:218",
      "identity_check_kind": "in_memory_structure_and_configuration",
      "recipe_verification_seconds": 0.0,
      "identity_verification_seconds": 0.0,
      "identity_check_seconds": 0.0022635310306213796,
      "state_hash_seconds": 0.0003742889384739101,
      "clone_seconds": 0.0,
      "restore_seconds": 0.0,
      "file_write_seconds": 6.59360084682703e-05,
      "operation_seconds": 0.09396720101358369,
      "total_phase_seconds": 0.0967365310061723,
      "scope": "file writes include journal intent/add/flush; excludes this timing receipt and checkpoint writes",
      "mode": "stage4_sealed_cell",
      "banner": "sealed Stage 4; scientific admission also requires complete declared populations"
    },
    {
      "phase": "immediate:218",
      "identity_check_kind": "in_memory_structure_and_configuration",
      "recipe_verification_seconds": 0.0,
      "identity_verification_seconds": 0.0,
      "identity_check_seconds": 0.0018733820179477334,
      "state_hash_seconds": 0.017160603078082204,
      "clone_seconds": 0.0,
      "restore_seconds": 0.0,
      "file_write_seconds": 5.944404983893037e-05,
      "operation_seconds": 0.05615863803541288,
      "total_phase_seconds": 0.07533933501690626,
      "scope": "file writes include journal intent/add/flush; excludes this timing receipt and checkpoint writes",
      "mode": "stage4_sealed_cell",
      "banner": "sealed Stage 4; scientific admission also requires complete declared populations"
    },
    {
      "phase": "edit:219",
      "identity_check_kind": "in_memory_structure_and_configuration",
      "recipe_verification_seconds": 0.0,
      "identity_verification_seconds": 0.0,
      "identity_check_seconds": 0.002155922935344279,
      "state_hash_seconds": 0.0003940659807994962,
      "clone_seconds": 0.0,
      "restore_seconds": 0.0,
      "file_write_seconds": 6.26299879513681e-05,
      "operation_seconds": 0.29377745499368757,
      "total_phase_seconds": 0.2964581150445156,
      "scope": "file writes include journal intent/add/flush; excludes this timing receipt and checkpoint writes",
      "mode": "stage4_sealed_cell",
      "banner": "sealed Stage 4; scientific admission also requires complete declared populations"
    },
    {
      "phase": "immediate:219",
      "identity_check_kind": "in_memory_structure_and_configuration",
      "recipe_verification_seconds": 0.0,
      "identity_verification_seconds": 0.0,
      "identity_check_seconds": 0.0020608310005627573,
      "state_hash_seconds": 0.01730146200861782,
      "clone_seconds": 0.0,
      "restore_seconds": 0.0,
      "file_write_seconds": 5.799101199954748e-05,
      "operation_seconds": 0.08654443902196363,
      "total_phase_seconds": 0.10606127005303279,
      "scope": "file writes include journal intent/add/flush; excludes this timing receipt and checkpoint writes",
      "mode": "stage4_sealed_cell",
      "banner": "sealed Stage 4; scientific admission also requires complete declared populations"
    },
    {
      "phase": "edit:220",
      "identity_check_kind": "in_memory_structure_and_configuration",
      "recipe_verification_seconds": 0.0,
      "identity_verification_seconds": 0.0,
      "identity_check_seconds": 0.0020899070077575743,
      "state_hash_seconds": 0.00040094892028719187,
      "clone_seconds": 0.0,
      "restore_seconds": 0.0,
      "file_write_seconds": 5.9335026890039444e-05,
      "operation_seconds": 0.12187782698310912,
      "total_phase_seconds": 0.12449732003733516,
      "scope": "file writes include journal intent/add/flush; excludes this timing receipt and checkpoint writes",
      "mode": "stage4_sealed_cell",
      "banner": "sealed Stage 4; scientific admission also requires complete declared populations"
    },
    {
      "phase": "immediate:220",
      "identity_check_kind": "in_memory_structure_and_configuration",
      "recipe_verification_seconds": 0.0,
      "identity_verification_seconds": 0.0,
      "identity_check_seconds": 0.002174370049033314,
      "state_hash_seconds": 0.017371778027154505,
      "clone_seconds": 0.0,
      "restore_seconds": 0.0,
      "file_write_seconds": 5.9443991631269455e-05,
      "operation_seconds": 0.05661760695511475,
      "total_phase_seconds": 0.07632178801577538,
      "scope": "file writes include journal intent/add/flush; excludes this timing receipt and checkpoint writes",
      "mode": "stage4_sealed_cell",
      "banner": "sealed Stage 4; scientific admission also requires complete declared populations"
    },
    {
      "phase": "edit:221",
      "identity_check_kind": "in_memory_structure_and_configuration",
      "recipe_verification_seconds": 0.0,
      "identity_verification_seconds": 0.0,
      "identity_check_seconds": 0.0022629890008829534,
      "state_hash_seconds": 0.0004431600100360811,
      "clone_seconds": 0.0,
      "restore_seconds": 0.0,
      "file_write_seconds": 5.991396028548479e-05,
      "operation_seconds": 0.09953854401828721,
      "total_phase_seconds": 0.10237039299681783,
      "scope": "file writes include journal intent/add/flush; excludes this timing receipt and checkpoint writes",
      "mode": "stage4_sealed_cell",
      "banner": "sealed Stage 4; scientific admission also requires complete declared populations"
    },
    {
      "phase": "immediate:221",
      "identity_check_kind": "in_memory_structure_and_configuration",
      "recipe_verification_seconds": 0.0,
      "identity_verification_seconds": 0.0,
      "identity_check_seconds": 0.0023097589728422463,
      "state_hash_seconds": 0.017826761002652347,
      "clone_seconds": 0.0,
      "restore_seconds": 0.0,
      "file_write_seconds": 6.73800241202116e-05,
      "operation_seconds": 0.06165994598995894,
      "total_phase_seconds": 0.08196843502810225,
      "scope": "file writes include journal intent/add/flush; excludes this timing receipt and checkpoint writes",
      "mode": "stage4_sealed_cell",
      "banner": "sealed Stage 4; scientific admission also requires complete declared populations"
    },
    {
      "phase": "edit:222",
      "identity_check_kind": "in_memory_structure_and_configuration",
      "recipe_verification_seconds": 0.0,
      "identity_verification_seconds": 0.0,
      "identity_check_seconds": 0.0023354270379059017,
      "state_hash_seconds": 0.000425735954195261,
      "clone_seconds": 0.0,
      "restore_seconds": 0.0,
      "file_write_seconds": 6.126798689365387e-05,
      "operation_seconds": 0.15961536503164098,
      "total_phase_seconds": 0.16251845000078902,
      "scope": "file writes include journal intent/add/flush; excludes this timing receipt and checkpoint writes",
      "mode": "stage4_sealed_cell",
      "banner": "sealed Stage 4; scientific admission also requires complete declared populations"
    },
    {
      "phase": "immediate:222",
      "identity_check_kind": "in_memory_structure_and_configuration",
      "recipe_verification_seconds": 0.0,
      "identity_verification_seconds": 0.0,
      "identity_check_seconds": 0.0021912710508331656,
      "state_hash_seconds": 0.017238713044207543,
      "clone_seconds": 0.0,
      "restore_seconds": 0.0,
      "file_write_seconds": 5.7630997616797686e-05,
      "operation_seconds": 0.06386704801116139,
      "total_phase_seconds": 0.0834505470120348,
      "scope": "file writes include journal intent/add/flush; excludes this timing receipt and checkpoint writes",
      "mode": "stage4_sealed_cell",
      "banner": "sealed Stage 4; scientific admission also requires complete declared populations"
    },
    {
      "phase": "edit:223",
      "identity_check_kind": "in_memory_structure_and_configuration",
      "recipe_verification_seconds": 0.0,
      "identity_verification_seconds": 0.0,
      "identity_check_seconds": 0.0021568159572780132,
      "state_hash_seconds": 0.0004056480247527361,
      "clone_seconds": 0.0,
      "restore_seconds": 0.0,
      "file_write_seconds": 5.958392284810543e-05,
      "operation_seconds": 0.23858336603734642,
      "total_phase_seconds": 0.2412738649873063,
      "scope": "file writes include journal intent/add/flush; excludes this timing receipt and checkpoint writes",
      "mode": "stage4_sealed_cell",
      "banner": "sealed Stage 4; scientific admission also requires complete declared populations"
    },
    {
      "phase": "immediate:223",
      "identity_check_kind": "in_memory_structure_and_configuration",
      "recipe_verification_seconds": 0.0,
      "identity_verification_seconds": 0.0,
      "identity_check_seconds": 0.0021650309790857136,
      "state_hash_seconds": 0.018235574883874506,
      "clone_seconds": 0.0,
      "restore_seconds": 0.0,
      "file_write_seconds": 5.7341065257787704e-05,
      "operation_seconds": 0.08081292995484546,
      "total_phase_seconds": 0.10136705898912624,
      "scope": "file writes include journal intent/add/flush; excludes this timing receipt and checkpoint writes",
      "mode": "stage4_sealed_cell",
      "banner": "sealed Stage 4; scientific admission also requires complete declared populations"
    },
    {
      "phase": "edit:224",
      "identity_check_kind": "in_memory_structure_and_configuration",
      "recipe_verification_seconds": 0.0,
      "identity_verification_seconds": 0.0,
      "identity_check_seconds": 0.002096990996506065,
      "state_hash_seconds": 0.00038891599979251623,
      "clone_seconds": 0.0,
      "restore_seconds": 0.0,
      "file_write_seconds": 6.388407200574875e-05,
      "operation_seconds": 0.1738383249612525,
      "total_phase_seconds": 0.1764565350022167,
      "scope": "file writes include journal intent/add/flush; excludes this timing receipt and checkpoint writes",
      "mode": "stage4_sealed_cell",
      "banner": "sealed Stage 4; scientific admission also requires complete declared populations"
    },
    {
      "phase": "immediate:224",
      "identity_check_kind": "in_memory_structure_and_configuration",
      "recipe_verification_seconds": 0.0,
      "identity_verification_seconds": 0.0,
      "identity_check_seconds": 0.0022028630482964218,
      "state_hash_seconds": 0.017867678951006383,
      "clone_seconds": 0.0,
      "restore_seconds": 0.0,
      "file_write_seconds": 5.7150027714669704e-05,
      "operation_seconds": 0.07069822598714381,
      "total_phase_seconds": 0.09091874602017924,
      "scope": "file writes include journal intent/add/flush; excludes this timing receipt and checkpoint writes",
      "mode": "stage4_sealed_cell",
      "banner": "sealed Stage 4; scientific admission also requires complete declared populations"
    },
    {
      "phase": "edit:225",
      "identity_check_kind": "in_memory_structure_and_configuration",
      "recipe_verification_seconds": 0.0,
      "identity_verification_seconds": 0.0,
      "identity_check_seconds": 0.002137447998393327,
      "state_hash_seconds": 0.0005338519695214927,
      "clone_seconds": 0.0,
      "restore_seconds": 0.0,
      "file_write_seconds": 6.799999391660094e-05,
      "operation_seconds": 0.12873426295118406,
      "total_phase_seconds": 0.13155472197104245,
      "scope": "file writes include journal intent/add/flush; excludes this timing receipt and checkpoint writes",
      "mode": "stage4_sealed_cell",
      "banner": "sealed Stage 4; scientific admission also requires complete declared populations"
    },
    {
      "phase": "immediate:225",
      "identity_check_kind": "in_memory_structure_and_configuration",
      "recipe_verification_seconds": 0.0,
      "identity_verification_seconds": 0.0,
      "identity_check_seconds": 0.002219035930465907,
      "state_hash_seconds": 0.018983469053637236,
      "clone_seconds": 0.0,
      "restore_seconds": 0.0,
      "file_write_seconds": 6.0676014982163906e-05,
      "operation_seconds": 0.0600288090063259,
      "total_phase_seconds": 0.08140715898480266,
      "scope": "file writes include journal intent/add/flush; excludes this timing receipt and checkpoint writes",
      "mode": "stage4_sealed_cell",
      "banner": "sealed Stage 4; scientific admission also requires complete declared populations"
    },
    {
      "phase": "edit:226",
      "identity_check_kind": "in_memory_structure_and_configuration",
      "recipe_verification_seconds": 0.0,
      "identity_verification_seconds": 0.0,
      "identity_check_seconds": 0.002505322976503521,
      "state_hash_seconds": 0.0004463649820536375,
      "clone_seconds": 0.0,
      "restore_seconds": 0.0,
      "file_write_seconds": 5.9443991631269455e-05,
      "operation_seconds": 0.14906136802164838,
      "total_phase_seconds": 0.15214586298679933,
      "scope": "file writes include journal intent/add/flush; excludes this timing receipt and checkpoint writes",
      "mode": "stage4_sealed_cell",
      "banner": "sealed Stage 4; scientific admission also requires complete declared populations"
    },
    {
      "phase": "immediate:226",
      "identity_check_kind": "in_memory_structure_and_configuration",
      "recipe_verification_seconds": 0.0,
      "identity_verification_seconds": 0.0,
      "identity_check_seconds": 0.002044309047050774,
      "state_hash_seconds": 0.01792183192446828,
      "clone_seconds": 0.0,
      "restore_seconds": 0.0,
      "file_write_seconds": 5.813100142404437e-05,
      "operation_seconds": 0.06746305304113775,
      "total_phase_seconds": 0.087580484978389,
      "scope": "file writes include journal intent/add/flush; excludes this timing receipt and checkpoint writes",
      "mode": "stage4_sealed_cell",
      "banner": "sealed Stage 4; scientific admission also requires complete declared populations"
    },
    {
      "phase": "edit:227",
      "identity_check_kind": "in_memory_structure_and_configuration",
      "recipe_verification_seconds": 0.0,
      "identity_verification_seconds": 0.0,
      "identity_check_seconds": 0.002633988973684609,
      "state_hash_seconds": 0.0005673490231856704,
      "clone_seconds": 0.0,
      "restore_seconds": 0.0,
      "file_write_seconds": 5.8963021729141474e-05,
      "operation_seconds": 0.1309198240051046,
      "total_phase_seconds": 0.13426374504342675,
      "scope": "file writes include journal intent/add/flush; excludes this timing receipt and checkpoint writes",
      "mode": "stage4_sealed_cell",
      "banner": "sealed Stage 4; scientific admission also requires complete declared populations"
    },
    {
      "phase": "immediate:227",
      "identity_check_kind": "in_memory_structure_and_configuration",
      "recipe_verification_seconds": 0.0,
      "identity_verification_seconds": 0.0,
      "identity_check_seconds": 0.0021677559707313776,
      "state_hash_seconds": 0.017824456037487835,
      "clone_seconds": 0.0,
      "restore_seconds": 0.0,
      "file_write_seconds": 5.786103429272771e-05,
      "operation_seconds": 0.06274071801453829,
      "total_phase_seconds": 0.08288754802197218,
      "scope": "file writes include journal intent/add/flush; excludes this timing receipt and checkpoint writes",
      "mode": "stage4_sealed_cell",
      "banner": "sealed Stage 4; scientific admission also requires complete declared populations"
    },
    {
      "phase": "edit:228",
      "identity_check_kind": "in_memory_structure_and_configuration",
      "recipe_verification_seconds": 0.0,
      "identity_verification_seconds": 0.0,
      "identity_check_seconds": 0.0021672540460713208,
      "state_hash_seconds": 0.000423202000092715,
      "clone_seconds": 0.0,
      "restore_seconds": 0.0,
      "file_write_seconds": 5.999498534947634e-05,
      "operation_seconds": 0.08358985400991514,
      "total_phase_seconds": 0.08631532004801556,
      "scope": "file writes include journal intent/add/flush; excludes this timing receipt and checkpoint writes",
      "mode": "stage4_sealed_cell",
      "banner": "sealed Stage 4; scientific admission also requires complete declared populations"
    },
    {
      "phase": "immediate:228",
      "identity_check_kind": "in_memory_structure_and_configuration",
      "recipe_verification_seconds": 0.0,
      "identity_verification_seconds": 0.0,
      "identity_check_seconds": 0.0019320040009915829,
      "state_hash_seconds": 0.01762270089238882,
      "clone_seconds": 0.0,
      "restore_seconds": 0.0,
      "file_write_seconds": 0.004810884012840688,
      "operation_seconds": 0.06100956903537735,
      "total_phase_seconds": 0.08546472899615765,
      "scope": "file writes include journal intent/add/flush; excludes this timing receipt and checkpoint writes",
      "mode": "stage4_sealed_cell",
      "banner": "sealed Stage 4; scientific admission also requires complete declared populations"
    },
    {
      "phase": "edit:229",
      "identity_check_kind": "in_memory_structure_and_configuration",
      "recipe_verification_seconds": 0.0,
      "identity_verification_seconds": 0.0,
      "identity_check_seconds": 0.0023900819942355156,
      "state_hash_seconds": 0.000492073071654886,
      "clone_seconds": 0.0,
      "restore_seconds": 0.0,
      "file_write_seconds": 0.0012241359800100327,
      "operation_seconds": 0.08848945802310482,
      "total_phase_seconds": 0.09267153701512143,
      "scope": "file writes include journal intent/add/flush; excludes this timing receipt and checkpoint writes",
      "mode": "stage4_sealed_cell",
      "banner": "sealed Stage 4; scientific admission also requires complete declared populations"
    },
    {
      "phase": "immediate:229",
      "identity_check_kind": "in_memory_structure_and_configuration",
      "recipe_verification_seconds": 0.0,
      "identity_verification_seconds": 0.0,
      "identity_check_seconds": 0.002060309983789921,
      "state_hash_seconds": 0.017685640952549875,
      "clone_seconds": 0.0,
      "restore_seconds": 0.0,
      "file_write_seconds": 5.859200609847903e-05,
      "operation_seconds": 0.05787482904270291,
      "total_phase_seconds": 0.07777249999344349,
      "scope": "file writes include journal intent/add/flush; excludes this timing receipt and checkpoint writes",
      "mode": "stage4_sealed_cell",
      "banner": "sealed Stage 4; scientific admission also requires complete declared populations"
    },
    {
      "phase": "edit:230",
      "identity_check_kind": "in_memory_structure_and_configuration",
      "recipe_verification_seconds": 0.0,
      "identity_verification_seconds": 0.0,
      "identity_check_seconds": 0.002094616007525474,
      "state_hash_seconds": 0.000379788049031049,
      "clone_seconds": 0.0,
      "restore_seconds": 0.0,
      "file_write_seconds": 5.945400334894657e-05,
      "operation_seconds": 0.16722669801674783,
      "total_phase_seconds": 0.16982260497752577,
      "scope": "file writes include journal intent/add/flush; excludes this timing receipt and checkpoint writes",
      "mode": "stage4_sealed_cell",
      "banner": "sealed Stage 4; scientific admission also requires complete declared populations"
    },
    {
      "phase": "immediate:230",
      "identity_check_kind": "in_memory_structure_and_configuration",
      "recipe_verification_seconds": 0.0,
      "identity_verification_seconds": 0.0,
      "identity_check_seconds": 0.002305249043274671,
      "state_hash_seconds": 0.018607056990731508,
      "clone_seconds": 0.0,
      "restore_seconds": 0.0,
      "file_write_seconds": 6.567599484696984e-05,
      "operation_seconds": 0.0747321110102348,
      "total_phase_seconds": 0.09583100501913577,
      "scope": "file writes include journal intent/add/flush; excludes this timing receipt and checkpoint writes",
      "mode": "stage4_sealed_cell",
      "banner": "sealed Stage 4; scientific admission also requires complete declared populations"
    },
    {
      "phase": "edit:231",
      "identity_check_kind": "in_memory_structure_and_configuration",
      "recipe_verification_seconds": 0.0,
      "identity_verification_seconds": 0.0,
      "identity_check_seconds": 0.0022453749552369118,
      "state_hash_seconds": 0.0004829360404983163,
      "clone_seconds": 0.0,
      "restore_seconds": 0.0,
      "file_write_seconds": 6.257998757064342e-05,
      "operation_seconds": 0.10001959698274732,
      "total_phase_seconds": 0.10288555099396035,
      "scope": "file writes include journal intent/add/flush; excludes this timing receipt and checkpoint writes",
      "mode": "stage4_sealed_cell",
      "banner": "sealed Stage 4; scientific admission also requires complete declared populations"
    },
    {
      "phase": "immediate:231",
      "identity_check_kind": "in_memory_structure_and_configuration",
      "recipe_verification_seconds": 0.0,
      "identity_verification_seconds": 0.0,
      "identity_check_seconds": 0.0022357970010489225,
      "state_hash_seconds": 0.01906180800870061,
      "clone_seconds": 0.0,
      "restore_seconds": 0.0,
      "file_write_seconds": 8.067401358857751e-05,
      "operation_seconds": 0.055694206967018545,
      "total_phase_seconds": 0.0771805850090459,
      "scope": "file writes include journal intent/add/flush; excludes this timing receipt and checkpoint writes",
      "mode": "stage4_sealed_cell",
      "banner": "sealed Stage 4; scientific admission also requires complete declared populations"
    },
    {
      "phase": "edit:232",
      "identity_check_kind": "in_memory_structure_and_configuration",
      "recipe_verification_seconds": 0.0,
      "identity_verification_seconds": 0.0,
      "identity_check_seconds": 0.0021757520153187215,
      "state_hash_seconds": 0.0003984440118074417,
      "clone_seconds": 0.0,
      "restore_seconds": 0.0,
      "file_write_seconds": 6.068602669984102e-05,
      "operation_seconds": 0.1399402089882642,
      "total_phase_seconds": 0.1426388340187259,
      "scope": "file writes include journal intent/add/flush; excludes this timing receipt and checkpoint writes",
      "mode": "stage4_sealed_cell",
      "banner": "sealed Stage 4; scientific admission also requires complete declared populations"
    },
    {
      "phase": "immediate:232",
      "identity_check_kind": "in_memory_structure_and_configuration",
      "recipe_verification_seconds": 0.0,
      "identity_verification_seconds": 0.0,
      "identity_check_seconds": 0.002016375947277993,
      "state_hash_seconds": 0.019843437941744924,
      "clone_seconds": 0.0,
      "restore_seconds": 0.0,
      "file_write_seconds": 0.00011731602717190981,
      "operation_seconds": 0.06574116100091487,
      "total_phase_seconds": 0.0878242029575631,
      "scope": "file writes include journal intent/add/flush; excludes this timing receipt and checkpoint writes",
      "mode": "stage4_sealed_cell",
      "banner": "sealed Stage 4; scientific admission also requires complete declared populations"
    },
    {
      "phase": "edit:233",
      "identity_check_kind": "in_memory_structure_and_configuration",
      "recipe_verification_seconds": 0.0,
      "identity_verification_seconds": 0.0,
      "identity_check_seconds": 0.0021303140092641115,
      "state_hash_seconds": 0.0005151368677616119,
      "clone_seconds": 0.0,
      "restore_seconds": 0.0,
      "file_write_seconds": 5.9704005252569914e-05,
      "operation_seconds": 0.11224564799340442,
      "total_phase_seconds": 0.11502412601839751,
      "scope": "file writes include journal intent/add/flush; excludes this timing receipt and checkpoint writes",
      "mode": "stage4_sealed_cell",
      "banner": "sealed Stage 4; scientific admission also requires complete declared populations"
    },
    {
      "phase": "immediate:233",
      "identity_check_kind": "in_memory_structure_and_configuration",
      "recipe_verification_seconds": 0.0,
      "identity_verification_seconds": 0.0,
      "identity_check_seconds": 0.0022216590004973114,
      "state_hash_seconds": 0.01887840696144849,
      "clone_seconds": 0.0,
      "restore_seconds": 0.0,
      "file_write_seconds": 5.8061967138201e-05,
      "operation_seconds": 0.06452019000425935,
      "total_phase_seconds": 0.08577636594418436,
      "scope": "file writes include journal intent/add/flush; excludes this timing receipt and checkpoint writes",
      "mode": "stage4_sealed_cell",
      "banner": "sealed Stage 4; scientific admission also requires complete declared populations"
    },
    {
      "phase": "edit:234",
      "identity_check_kind": "in_memory_structure_and_configuration",
      "recipe_verification_seconds": 0.0,
      "identity_verification_seconds": 0.0,
      "identity_check_seconds": 0.0022298970143310726,
      "state_hash_seconds": 0.0004613039782270789,
      "clone_seconds": 0.0,
      "restore_seconds": 0.0,
      "file_write_seconds": 6.050703814253211e-05,
      "operation_seconds": 0.1747593809850514,
      "total_phase_seconds": 0.17758366599446163,
      "scope": "file writes include journal intent/add/flush; excludes this timing receipt and checkpoint writes",
      "mode": "stage4_sealed_cell",
      "banner": "sealed Stage 4; scientific admission also requires complete declared populations"
    },
    {
      "phase": "immediate:234",
      "identity_check_kind": "in_memory_structure_and_configuration",
      "recipe_verification_seconds": 0.0,
      "identity_verification_seconds": 0.0,
      "identity_check_seconds": 0.002197042980697006,
      "state_hash_seconds": 0.018930676975287497,
      "clone_seconds": 0.0,
      "restore_seconds": 0.0,
      "file_write_seconds": 7.432198617607355e-05,
      "operation_seconds": 0.0640854659723118,
      "total_phase_seconds": 0.08539121702779084,
      "scope": "file writes include journal intent/add/flush; excludes this timing receipt and checkpoint writes",
      "mode": "stage4_sealed_cell",
      "banner": "sealed Stage 4; scientific admission also requires complete declared populations"
    },
    {
      "phase": "edit:235",
      "identity_check_kind": "in_memory_structure_and_configuration",
      "recipe_verification_seconds": 0.0,
      "identity_verification_seconds": 0.0,
      "identity_check_seconds": 0.002208143938332796,
      "state_hash_seconds": 0.0004788790247403085,
      "clone_seconds": 0.0,
      "restore_seconds": 0.0,
      "file_write_seconds": 6.0345977544784546e-05,
      "operation_seconds": 0.12515242595691234,
      "total_phase_seconds": 0.12797307298751548,
      "scope": "file writes include journal intent/add/flush; excludes this timing receipt and checkpoint writes",
      "mode": "stage4_sealed_cell",
      "banner": "sealed Stage 4; scientific admission also requires complete declared populations"
    },
    {
      "phase": "immediate:235",
      "identity_check_kind": "in_memory_structure_and_configuration",
      "recipe_verification_seconds": 0.0,
      "identity_verification_seconds": 0.0,
      "identity_check_seconds": 0.0022308469633571804,
      "state_hash_seconds": 0.01901319599710405,
      "clone_seconds": 0.0,
      "restore_seconds": 0.0,
      "file_write_seconds": 6.202899385243654e-05,
      "operation_seconds": 0.06115280301310122,
      "total_phase_seconds": 0.08256790495943278,
      "scope": "file writes include journal intent/add/flush; excludes this timing receipt and checkpoint writes",
      "mode": "stage4_sealed_cell",
      "banner": "sealed Stage 4; scientific admission also requires complete declared populations"
    },
    {
      "phase": "edit:236",
      "identity_check_kind": "in_memory_structure_and_configuration",
      "recipe_verification_seconds": 0.0,
      "identity_verification_seconds": 0.0,
      "identity_check_seconds": 0.002306010981556028,
      "state_hash_seconds": 0.0004725349135696888,
      "clone_seconds": 0.0,
      "restore_seconds": 0.0,
      "file_write_seconds": 5.8882986195385456e-05,
      "operation_seconds": 0.11153271101647988,
      "total_phase_seconds": 0.11445259000174701,
      "scope": "file writes include journal intent/add/flush; excludes this timing receipt and checkpoint writes",
      "mode": "stage4_sealed_cell",
      "banner": "sealed Stage 4; scientific admission also requires complete declared populations"
    },
    {
      "phase": "immediate:236",
      "identity_check_kind": "in_memory_structure_and_configuration",
      "recipe_verification_seconds": 0.0,
      "identity_verification_seconds": 0.0,
      "identity_check_seconds": 0.0021410760236904025,
      "state_hash_seconds": 0.018661780923139304,
      "clone_seconds": 0.0,
      "restore_seconds": 0.0,
      "file_write_seconds": 5.6637043599039316e-05,
      "operation_seconds": 0.0608612650539726,
      "total_phase_seconds": 0.08181782602332532,
      "scope": "file writes include journal intent/add/flush; excludes this timing receipt and checkpoint writes",
      "mode": "stage4_sealed_cell",
      "banner": "sealed Stage 4; scientific admission also requires complete declared populations"
    },
    {
      "phase": "edit:237",
      "identity_check_kind": "in_memory_structure_and_configuration",
      "recipe_verification_seconds": 0.0,
      "identity_verification_seconds": 0.0,
      "identity_check_seconds": 0.002190289960708469,
      "state_hash_seconds": 0.0004663660074584186,
      "clone_seconds": 0.0,
      "restore_seconds": 0.0,
      "file_write_seconds": 6.0304999351501465e-05,
      "operation_seconds": 0.17671478097327054,
      "total_phase_seconds": 0.17950893798843026,
      "scope": "file writes include journal intent/add/flush; excludes this timing receipt and checkpoint writes",
      "mode": "stage4_sealed_cell",
      "banner": "sealed Stage 4; scientific admission also requires complete declared populations"
    },
    {
      "phase": "immediate:237",
      "identity_check_kind": "in_memory_structure_and_configuration",
      "recipe_verification_seconds": 0.0,
      "identity_verification_seconds": 0.0,
      "identity_check_seconds": 0.0023762760683894157,
      "state_hash_seconds": 0.019049436028581113,
      "clone_seconds": 0.0,
      "restore_seconds": 0.0,
      "file_write_seconds": 6.043602479621768e-05,
      "operation_seconds": 0.06562721298541874,
      "total_phase_seconds": 0.0872242629993707,
      "scope": "file writes include journal intent/add/flush; excludes this timing receipt and checkpoint writes",
      "mode": "stage4_sealed_cell",
      "banner": "sealed Stage 4; scientific admission also requires complete declared populations"
    },
    {
      "phase": "edit:238",
      "identity_check_kind": "in_memory_structure_and_configuration",
      "recipe_verification_seconds": 0.0,
      "identity_verification_seconds": 0.0,
      "identity_check_seconds": 0.0021733769681304693,
      "state_hash_seconds": 0.000452456995844841,
      "clone_seconds": 0.0,
      "restore_seconds": 0.0,
      "file_write_seconds": 5.99040649831295e-05,
      "operation_seconds": 0.0997862889780663,
      "total_phase_seconds": 0.10254900605650619,
      "scope": "file writes include journal intent/add/flush; excludes this timing receipt and checkpoint writes",
      "mode": "stage4_sealed_cell",
      "banner": "sealed Stage 4; scientific admission also requires complete declared populations"
    },
    {
      "phase": "immediate:238",
      "identity_check_kind": "in_memory_structure_and_configuration",
      "recipe_verification_seconds": 0.0,
      "identity_verification_seconds": 0.0,
      "identity_check_seconds": 0.0020909080049023032,
      "state_hash_seconds": 0.01859401195542887,
      "clone_seconds": 0.0,
      "restore_seconds": 0.0,
      "file_write_seconds": 6.071600364521146e-05,
      "operation_seconds": 0.05691151099745184,
      "total_phase_seconds": 0.07776475499849766,
      "scope": "file writes include journal intent/add/flush; excludes this timing receipt and checkpoint writes",
      "mode": "stage4_sealed_cell",
      "banner": "sealed Stage 4; scientific admission also requires complete declared populations"
    },
    {
      "phase": "edit:239",
      "identity_check_kind": "in_memory_structure_and_configuration",
      "recipe_verification_seconds": 0.0,
      "identity_verification_seconds": 0.0,
      "identity_check_seconds": 0.00214590405812487,
      "state_hash_seconds": 0.00041817198507487774,
      "clone_seconds": 0.0,
      "restore_seconds": 0.0,
      "file_write_seconds": 9.086396312341094e-05,
      "operation_seconds": 0.12369616300566122,
      "total_phase_seconds": 0.12643105699680746,
      "scope": "file writes include journal intent/add/flush; excludes this timing receipt and checkpoint writes",
      "mode": "stage4_sealed_cell",
      "banner": "sealed Stage 4; scientific admission also requires complete declared populations"
    },
    {
      "phase": "immediate:239",
      "identity_check_kind": "in_memory_structure_and_configuration",
      "recipe_verification_seconds": 0.0,
      "identity_verification_seconds": 0.0,
      "identity_check_seconds": 0.0021115679992362857,
      "state_hash_seconds": 0.018605031946208328,
      "clone_seconds": 0.0,
      "restore_seconds": 0.0,
      "file_write_seconds": 5.769002018496394e-05,
      "operation_seconds": 0.06819144997280091,
      "total_phase_seconds": 0.08905901003163308,
      "scope": "file writes include journal intent/add/flush; excludes this timing receipt and checkpoint writes",
      "mode": "stage4_sealed_cell",
      "banner": "sealed Stage 4; scientific admission also requires complete declared populations"
    },
    {
      "phase": "edit:240",
      "identity_check_kind": "in_memory_structure_and_configuration",
      "recipe_verification_seconds": 0.0,
      "identity_verification_seconds": 0.0,
      "identity_check_seconds": 0.002139921998605132,
      "state_hash_seconds": 0.0004512648447416723,
      "clone_seconds": 0.0,
      "restore_seconds": 0.0,
      "file_write_seconds": 6.0094986110925674e-05,
      "operation_seconds": 0.09946955199120566,
      "total_phase_seconds": 0.10219149995828047,
      "scope": "file writes include journal intent/add/flush; excludes this timing receipt and checkpoint writes",
      "mode": "stage4_sealed_cell",
      "banner": "sealed Stage 4; scientific admission also requires complete declared populations"
    },
    {
      "phase": "immediate:240",
      "identity_check_kind": "in_memory_structure_and_configuration",
      "recipe_verification_seconds": 0.0,
      "identity_verification_seconds": 0.0,
      "identity_check_seconds": 0.0019809279474429786,
      "state_hash_seconds": 0.018820977944415063,
      "clone_seconds": 0.0,
      "restore_seconds": 0.0,
      "file_write_seconds": 5.804101238027215e-05,
      "operation_seconds": 0.06087841803673655,
      "total_phase_seconds": 0.08182447002036497,
      "scope": "file writes include journal intent/add/flush; excludes this timing receipt and checkpoint writes",
      "mode": "stage4_sealed_cell",
      "banner": "sealed Stage 4; scientific admission also requires complete declared populations"
    },
    {
      "phase": "edit:241",
      "identity_check_kind": "in_memory_structure_and_configuration",
      "recipe_verification_seconds": 0.0,
      "identity_verification_seconds": 0.0,
      "identity_check_seconds": 0.0022139149950817227,
      "state_hash_seconds": 0.0004829369718208909,
      "clone_seconds": 0.0,
      "restore_seconds": 0.0,
      "file_write_seconds": 6.004504393786192e-05,
      "operation_seconds": 0.09073951200116426,
      "total_phase_seconds": 0.09357196296332404,
      "scope": "file writes include journal intent/add/flush; excludes this timing receipt and checkpoint writes",
      "mode": "stage4_sealed_cell",
      "banner": "sealed Stage 4; scientific admission also requires complete declared populations"
    },
    {
      "phase": "immediate:241",
      "identity_check_kind": "in_memory_structure_and_configuration",
      "recipe_verification_seconds": 0.0,
      "identity_verification_seconds": 0.0,
      "identity_check_seconds": 0.002081079059280455,
      "state_hash_seconds": 0.018468320020474494,
      "clone_seconds": 0.0,
      "restore_seconds": 0.0,
      "file_write_seconds": 5.883205449208617e-05,
      "operation_seconds": 0.0604901029728353,
      "total_phase_seconds": 0.08119009301299229,
      "scope": "file writes include journal intent/add/flush; excludes this timing receipt and checkpoint writes",
      "mode": "stage4_sealed_cell",
      "banner": "sealed Stage 4; scientific admission also requires complete declared populations"
    },
    {
      "phase": "edit:242",
      "identity_check_kind": "in_memory_structure_and_configuration",
      "recipe_verification_seconds": 0.0,
      "identity_verification_seconds": 0.0,
      "identity_check_seconds": 0.002150333020836115,
      "state_hash_seconds": 0.0004284009337425232,
      "clone_seconds": 0.0,
      "restore_seconds": 0.0,
      "file_write_seconds": 6.89519802108407e-05,
      "operation_seconds": 0.10058494994882494,
      "total_phase_seconds": 0.10329901496879756,
      "scope": "file writes include journal intent/add/flush; excludes this timing receipt and checkpoint writes",
      "mode": "stage4_sealed_cell",
      "banner": "sealed Stage 4; scientific admission also requires complete declared populations"
    },
    {
      "phase": "immediate:242",
      "identity_check_kind": "in_memory_structure_and_configuration",
      "recipe_verification_seconds": 0.0,
      "identity_verification_seconds": 0.0,
      "identity_check_seconds": 0.0022234939970076084,
      "state_hash_seconds": 0.018705907044932246,
      "clone_seconds": 0.0,
      "restore_seconds": 0.0,
      "file_write_seconds": 5.7841010857373476e-05,
      "operation_seconds": 0.05591232603183016,
      "total_phase_seconds": 0.07699172297725454,
      "scope": "file writes include journal intent/add/flush; excludes this timing receipt and checkpoint writes",
      "mode": "stage4_sealed_cell",
      "banner": "sealed Stage 4; scientific admission also requires complete declared populations"
    },
    {
      "phase": "edit:243",
      "identity_check_kind": "in_memory_structure_and_configuration",
      "recipe_verification_seconds": 0.0,
      "identity_verification_seconds": 0.0,
      "identity_check_seconds": 0.0023217619745992124,
      "state_hash_seconds": 0.0004574370104819536,
      "clone_seconds": 0.0,
      "restore_seconds": 0.0,
      "file_write_seconds": 5.866301944479346e-05,
      "operation_seconds": 0.22009612899273634,
      "total_phase_seconds": 0.22300573700340465,
      "scope": "file writes include journal intent/add/flush; excludes this timing receipt and checkpoint writes",
      "mode": "stage4_sealed_cell",
      "banner": "sealed Stage 4; scientific admission also requires complete declared populations"
    },
    {
      "phase": "immediate:243",
      "identity_check_kind": "in_memory_structure_and_configuration",
      "recipe_verification_seconds": 0.0,
      "identity_verification_seconds": 0.0,
      "identity_check_seconds": 0.0021979640005156398,
      "state_hash_seconds": 0.019447248021606356,
      "clone_seconds": 0.0,
      "restore_seconds": 0.0,
      "file_write_seconds": 5.9552956372499466e-05,
      "operation_seconds": 0.07309703499777243,
      "total_phase_seconds": 0.09490927698789164,
      "scope": "file writes include journal intent/add/flush; excludes this timing receipt and checkpoint writes",
      "mode": "stage4_sealed_cell",
      "banner": "sealed Stage 4; scientific admission also requires complete declared populations"
    },
    {
      "phase": "edit:244",
      "identity_check_kind": "in_memory_structure_and_configuration",
      "recipe_verification_seconds": 0.0,
      "identity_verification_seconds": 0.0,
      "identity_check_seconds": 0.002672704984433949,
      "state_hash_seconds": 0.0004712429363280535,
      "clone_seconds": 0.0,
      "restore_seconds": 0.0,
      "file_write_seconds": 5.86929963901639e-05,
      "operation_seconds": 0.15123174904147163,
      "total_phase_seconds": 0.15450944501208141,
      "scope": "file writes include journal intent/add/flush; excludes this timing receipt and checkpoint writes",
      "mode": "stage4_sealed_cell",
      "banner": "sealed Stage 4; scientific admission also requires complete declared populations"
    },
    {
      "phase": "immediate:244",
      "identity_check_kind": "in_memory_structure_and_configuration",
      "recipe_verification_seconds": 0.0,
      "identity_verification_seconds": 0.0,
      "identity_check_seconds": 0.002144733036402613,
      "state_hash_seconds": 0.01891419501043856,
      "clone_seconds": 0.0,
      "restore_seconds": 0.0,
      "file_write_seconds": 0.004828407021705061,
      "operation_seconds": 0.06913252401864156,
      "total_phase_seconds": 0.09512158494908363,
      "scope": "file writes include journal intent/add/flush; excludes this timing receipt and checkpoint writes",
      "mode": "stage4_sealed_cell",
      "banner": "sealed Stage 4; scientific admission also requires complete declared populations"
    },
    {
      "phase": "edit:245",
      "identity_check_kind": "in_memory_structure_and_configuration",
      "recipe_verification_seconds": 0.0,
      "identity_verification_seconds": 0.0,
      "identity_check_seconds": 0.0021972929826006293,
      "state_hash_seconds": 0.00048792490269988775,
      "clone_seconds": 0.0,
      "restore_seconds": 0.0,
      "file_write_seconds": 0.0012032969971187413,
      "operation_seconds": 0.09051347995409742,
      "total_phase_seconds": 0.09447406401159242,
      "scope": "file writes include journal intent/add/flush; excludes this timing receipt and checkpoint writes",
      "mode": "stage4_sealed_cell",
      "banner": "sealed Stage 4; scientific admission also requires complete declared populations"
    },
    {
      "phase": "immediate:245",
      "identity_check_kind": "in_memory_structure_and_configuration",
      "recipe_verification_seconds": 0.0,
      "identity_verification_seconds": 0.0,
      "identity_check_seconds": 0.001968594966456294,
      "state_hash_seconds": 0.018737056117970496,
      "clone_seconds": 0.0,
      "restore_seconds": 0.0,
      "file_write_seconds": 6.196903996169567e-05,
      "operation_seconds": 0.06017160200281069,
      "total_phase_seconds": 0.08102515601785854,
      "scope": "file writes include journal intent/add/flush; excludes this timing receipt and checkpoint writes",
      "mode": "stage4_sealed_cell",
      "banner": "sealed Stage 4; scientific admission also requires complete declared populations"
    },
    {
      "phase": "edit:246",
      "identity_check_kind": "in_memory_structure_and_configuration",
      "recipe_verification_seconds": 0.0,
      "identity_verification_seconds": 0.0,
      "identity_check_seconds": 0.002085459011141211,
      "state_hash_seconds": 0.00042316201142966747,
      "clone_seconds": 0.0,
      "restore_seconds": 0.0,
      "file_write_seconds": 5.826103733852506e-05,
      "operation_seconds": 0.1782978160190396,
      "total_phase_seconds": 0.18092883098870516,
      "scope": "file writes include journal intent/add/flush; excludes this timing receipt and checkpoint writes",
      "mode": "stage4_sealed_cell",
      "banner": "sealed Stage 4; scientific admission also requires complete declared populations"
    },
    {
      "phase": "immediate:246",
      "identity_check_kind": "in_memory_structure_and_configuration",
      "recipe_verification_seconds": 0.0,
      "identity_verification_seconds": 0.0,
      "identity_check_seconds": 0.002041103958617896,
      "state_hash_seconds": 0.019120291981380433,
      "clone_seconds": 0.0,
      "restore_seconds": 0.0,
      "file_write_seconds": 6.318103987723589e-05,
      "operation_seconds": 0.07367503398563713,
      "total_phase_seconds": 0.0949996110284701,
      "scope": "file writes include journal intent/add/flush; excludes this timing receipt and checkpoint writes",
      "mode": "stage4_sealed_cell",
      "banner": "sealed Stage 4; scientific admission also requires complete declared populations"
    },
    {
      "phase": "edit:247",
      "identity_check_kind": "in_memory_structure_and_configuration",
      "recipe_verification_seconds": 0.0,
      "identity_verification_seconds": 0.0,
      "identity_check_seconds": 0.0021872440120205283,
      "state_hash_seconds": 0.0004543119575828314,
      "clone_seconds": 0.0,
      "restore_seconds": 0.0,
      "file_write_seconds": 5.9654004871845245e-05,
      "operation_seconds": 0.09323515801224858,
      "total_phase_seconds": 0.096005370025523,
      "scope": "file writes include journal intent/add/flush; excludes this timing receipt and checkpoint writes",
      "mode": "stage4_sealed_cell",
      "banner": "sealed Stage 4; scientific admission also requires complete declared populations"
    },
    {
      "phase": "immediate:247",
      "identity_check_kind": "in_memory_structure_and_configuration",
      "recipe_verification_seconds": 0.0,
      "identity_verification_seconds": 0.0,
      "identity_check_seconds": 0.0019527129479683936,
      "state_hash_seconds": 0.01910706504713744,
      "clone_seconds": 0.0,
      "restore_seconds": 0.0,
      "file_write_seconds": 5.890300963073969e-05,
      "operation_seconds": 0.0623481459915638,
      "total_phase_seconds": 0.0835590049973689,
      "scope": "file writes include journal intent/add/flush; excludes this timing receipt and checkpoint writes",
      "mode": "stage4_sealed_cell",
      "banner": "sealed Stage 4; scientific admission also requires complete declared populations"
    },
    {
      "phase": "edit:248",
      "identity_check_kind": "in_memory_structure_and_configuration",
      "recipe_verification_seconds": 0.0,
      "identity_verification_seconds": 0.0,
      "identity_check_seconds": 0.002163939003366977,
      "state_hash_seconds": 0.0005578710115514696,
      "clone_seconds": 0.0,
      "restore_seconds": 0.0,
      "file_write_seconds": 5.978497210890055e-05,
      "operation_seconds": 0.09520900202915072,
      "total_phase_seconds": 0.09807603998342529,
      "scope": "file writes include journal intent/add/flush; excludes this timing receipt and checkpoint writes",
      "mode": "stage4_sealed_cell",
      "banner": "sealed Stage 4; scientific admission also requires complete declared populations"
    },
    {
      "phase": "immediate:248",
      "identity_check_kind": "in_memory_structure_and_configuration",
      "recipe_verification_seconds": 0.0,
      "identity_verification_seconds": 0.0,
      "identity_check_seconds": 0.002404821978416294,
      "state_hash_seconds": 0.01978594606043771,
      "clone_seconds": 0.0,
      "restore_seconds": 0.0,
      "file_write_seconds": 5.8452016673982143e-05,
      "operation_seconds": 0.0592076139873825,
      "total_phase_seconds": 0.08156023296760395,
      "scope": "file writes include journal intent/add/flush; excludes this timing receipt and checkpoint writes",
      "mode": "stage4_sealed_cell",
      "banner": "sealed Stage 4; scientific admission also requires complete declared populations"
    },
    {
      "phase": "edit:249",
      "identity_check_kind": "in_memory_structure_and_configuration",
      "recipe_verification_seconds": 0.0,
      "identity_verification_seconds": 0.0,
      "identity_check_seconds": 0.002162706048693508,
      "state_hash_seconds": 0.0004531999584287405,
      "clone_seconds": 0.0,
      "restore_seconds": 0.0,
      "file_write_seconds": 6.122799823060632e-05,
      "operation_seconds": 0.12406221497803926,
      "total_phase_seconds": 0.12680628598900512,
      "scope": "file writes include journal intent/add/flush; excludes this timing receipt and checkpoint writes",
      "mode": "stage4_sealed_cell",
      "banner": "sealed Stage 4; scientific admission also requires complete declared populations"
    },
    {
      "phase": "immediate:249",
      "identity_check_kind": "in_memory_structure_and_configuration",
      "recipe_verification_seconds": 0.0,
      "identity_verification_seconds": 0.0,
      "identity_check_seconds": 0.00224322103895247,
      "state_hash_seconds": 0.018863458011765033,
      "clone_seconds": 0.0,
      "restore_seconds": 0.0,
      "file_write_seconds": 5.911302287131548e-05,
      "operation_seconds": 0.061912059027235955,
      "total_phase_seconds": 0.08317737298784778,
      "scope": "file writes include journal intent/add/flush; excludes this timing receipt and checkpoint writes",
      "mode": "stage4_sealed_cell",
      "banner": "sealed Stage 4; scientific admission also requires complete declared populations"
    },
    {
      "phase": "edit:250",
      "identity_check_kind": "in_memory_structure_and_configuration",
      "recipe_verification_seconds": 0.0,
      "identity_verification_seconds": 0.0,
      "identity_check_seconds": 0.002352059993427247,
      "state_hash_seconds": 0.0004762829630635679,
      "clone_seconds": 0.0,
      "restore_seconds": 0.0,
      "file_write_seconds": 6.060703890398145e-05,
      "operation_seconds": 0.09250012802658603,
      "total_phase_seconds": 0.09547850000672042,
      "scope": "file writes include journal intent/add/flush; excludes this timing receipt and checkpoint writes",
      "mode": "stage4_sealed_cell",
      "banner": "sealed Stage 4; scientific admission also requires complete declared populations"
    },
    {
      "phase": "immediate:250",
      "identity_check_kind": "in_memory_structure_and_configuration",
      "recipe_verification_seconds": 0.0,
      "identity_verification_seconds": 0.0,
      "identity_check_seconds": 0.0019540769862942398,
      "state_hash_seconds": 0.019430466985795647,
      "clone_seconds": 0.0,
      "restore_seconds": 0.0,
      "file_write_seconds": 5.797098856419325e-05,
      "operation_seconds": 0.06379332602955401,
      "total_phase_seconds": 0.08532469999045134,
      "scope": "file writes include journal intent/add/flush; excludes this timing receipt and checkpoint writes",
      "mode": "stage4_sealed_cell",
      "banner": "sealed Stage 4; scientific admission also requires complete declared populations"
    },
    {
      "phase": "edit:251",
      "identity_check_kind": "in_memory_structure_and_configuration",
      "recipe_verification_seconds": 0.0,
      "identity_verification_seconds": 0.0,
      "identity_check_seconds": 0.002234574989415705,
      "state_hash_seconds": 0.0005040459800511599,
      "clone_seconds": 0.0,
      "restore_seconds": 0.0,
      "file_write_seconds": 6.151903653517365e-05,
      "operation_seconds": 0.17827680497430265,
      "total_phase_seconds": 0.18114824098302051,
      "scope": "file writes include journal intent/add/flush; excludes this timing receipt and checkpoint writes",
      "mode": "stage4_sealed_cell",
      "banner": "sealed Stage 4; scientific admission also requires complete declared populations"
    },
    {
      "phase": "immediate:251",
      "identity_check_kind": "in_memory_structure_and_configuration",
      "recipe_verification_seconds": 0.0,
      "identity_verification_seconds": 0.0,
      "identity_check_seconds": 0.002093723975121975,
      "state_hash_seconds": 0.019353709009010345,
      "clone_seconds": 0.0,
      "restore_seconds": 0.0,
      "file_write_seconds": 5.872303154319525e-05,
      "operation_seconds": 0.06922362797195092,
      "total_phase_seconds": 0.09082061797380447,
      "scope": "file writes include journal intent/add/flush; excludes this timing receipt and checkpoint writes",
      "mode": "stage4_sealed_cell",
      "banner": "sealed Stage 4; scientific admission also requires complete declared populations"
    },
    {
      "phase": "edit:252",
      "identity_check_kind": "in_memory_structure_and_configuration",
      "recipe_verification_seconds": 0.0,
      "identity_verification_seconds": 0.0,
      "identity_check_seconds": 0.002234485058579594,
      "state_hash_seconds": 0.00044706795597448945,
      "clone_seconds": 0.0,
      "restore_seconds": 0.0,
      "file_write_seconds": 5.8522040490061045e-05,
      "operation_seconds": 0.12331436102977023,
      "total_phase_seconds": 0.12612231500679627,
      "scope": "file writes include journal intent/add/flush; excludes this timing receipt and checkpoint writes",
      "mode": "stage4_sealed_cell",
      "banner": "sealed Stage 4; scientific admission also requires complete declared populations"
    },
    {
      "phase": "immediate:252",
      "identity_check_kind": "in_memory_structure_and_configuration",
      "recipe_verification_seconds": 0.0,
      "identity_verification_seconds": 0.0,
      "identity_check_seconds": 0.002644360007252544,
      "state_hash_seconds": 0.019553090969566256,
      "clone_seconds": 0.0,
      "restore_seconds": 0.0,
      "file_write_seconds": 5.873298505321145e-05,
      "operation_seconds": 0.0636655319831334,
      "total_phase_seconds": 0.08603182598017156,
      "scope": "file writes include journal intent/add/flush; excludes this timing receipt and checkpoint writes",
      "mode": "stage4_sealed_cell",
      "banner": "sealed Stage 4; scientific admission also requires complete declared populations"
    },
    {
      "phase": "edit:253",
      "identity_check_kind": "in_memory_structure_and_configuration",
      "recipe_verification_seconds": 0.0,
      "identity_verification_seconds": 0.0,
      "identity_check_seconds": 0.0021321779931895435,
      "state_hash_seconds": 0.0004752609529532492,
      "clone_seconds": 0.0,
      "restore_seconds": 0.0,
      "file_write_seconds": 5.906401202082634e-05,
      "operation_seconds": 0.08522827498381957,
      "total_phase_seconds": 0.08796081499895081,
      "scope": "file writes include journal intent/add/flush; excludes this timing receipt and checkpoint writes",
      "mode": "stage4_sealed_cell",
      "banner": "sealed Stage 4; scientific admission also requires complete declared populations"
    },
    {
      "phase": "immediate:253",
      "identity_check_kind": "in_memory_structure_and_configuration",
      "recipe_verification_seconds": 0.0,
      "identity_verification_seconds": 0.0,
      "identity_check_seconds": 0.0024539759615436196,
      "state_hash_seconds": 0.020328917948063463,
      "clone_seconds": 0.0,
      "restore_seconds": 0.0,
      "file_write_seconds": 5.7699973694980145e-05,
      "operation_seconds": 0.06657487899065018,
      "total_phase_seconds": 0.0895147540140897,
      "scope": "file writes include journal intent/add/flush; excludes this timing receipt and checkpoint writes",
      "mode": "stage4_sealed_cell",
      "banner": "sealed Stage 4; scientific admission also requires complete declared populations"
    },
    {
      "phase": "edit:254",
      "identity_check_kind": "in_memory_structure_and_configuration",
      "recipe_verification_seconds": 0.0,
      "identity_verification_seconds": 0.0,
      "identity_check_seconds": 0.0022877269657328725,
      "state_hash_seconds": 0.0004189540049992502,
      "clone_seconds": 0.0,
      "restore_seconds": 0.0,
      "file_write_seconds": 5.7330005802214146e-05,
      "operation_seconds": 0.08841791097074747,
      "total_phase_seconds": 0.09124444099143147,
      "scope": "file writes include journal intent/add/flush; excludes this timing receipt and checkpoint writes",
      "mode": "stage4_sealed_cell",
      "banner": "sealed Stage 4; scientific admission also requires complete declared populations"
    },
    {
      "phase": "immediate:254",
      "identity_check_kind": "in_memory_structure_and_configuration",
      "recipe_verification_seconds": 0.0,
      "identity_verification_seconds": 0.0,
      "identity_check_seconds": 0.001946884032804519,
      "state_hash_seconds": 0.019616102043073624,
      "clone_seconds": 0.0,
      "restore_seconds": 0.0,
      "file_write_seconds": 6.51839654892683e-05,
      "operation_seconds": 0.06522140401648358,
      "total_phase_seconds": 0.08694246195955202,
      "scope": "file writes include journal intent/add/flush; excludes this timing receipt and checkpoint writes",
      "mode": "stage4_sealed_cell",
      "banner": "sealed Stage 4; scientific admission also requires complete declared populations"
    },
    {
      "phase": "edit:255",
      "identity_check_kind": "in_memory_structure_and_configuration",
      "recipe_verification_seconds": 0.0,
      "identity_verification_seconds": 0.0,
      "identity_check_seconds": 0.002283698006067425,
      "state_hash_seconds": 0.0004606530419550836,
      "clone_seconds": 0.0,
      "restore_seconds": 0.0,
      "file_write_seconds": 5.837203934788704e-05,
      "operation_seconds": 0.09244589402806014,
      "total_phase_seconds": 0.09531109902309254,
      "scope": "file writes include journal intent/add/flush; excludes this timing receipt and checkpoint writes",
      "mode": "stage4_sealed_cell",
      "banner": "sealed Stage 4; scientific admission also requires complete declared populations"
    },
    {
      "phase": "immediate:255",
      "identity_check_kind": "in_memory_structure_and_configuration",
      "recipe_verification_seconds": 0.0,
      "identity_verification_seconds": 0.0,
      "identity_check_seconds": 0.0019250200130045414,
      "state_hash_seconds": 0.01998165197437629,
      "clone_seconds": 0.0,
      "restore_seconds": 0.0,
      "file_write_seconds": 6.226898403838277e-05,
      "operation_seconds": 0.05962741904659197,
      "total_phase_seconds": 0.08169787598308176,
      "scope": "file writes include journal intent/add/flush; excludes this timing receipt and checkpoint writes",
      "mode": "stage4_sealed_cell",
      "banner": "sealed Stage 4; scientific admission also requires complete declared populations"
    },
    {
      "phase": "edit:256",
      "identity_check_kind": "in_memory_structure_and_configuration",
      "recipe_verification_seconds": 0.0,
      "identity_verification_seconds": 0.0,
      "identity_check_seconds": 0.0021590589894913137,
      "state_hash_seconds": 0.0004729779902845621,
      "clone_seconds": 0.0,
      "restore_seconds": 0.0,
      "file_write_seconds": 5.9193000197410583e-05,
      "operation_seconds": 0.13759529299568385,
      "total_phase_seconds": 0.1403565970249474,
      "scope": "file writes include journal intent/add/flush; excludes this timing receipt and checkpoint writes",
      "mode": "stage4_sealed_cell",
      "banner": "sealed Stage 4; scientific admission also requires complete declared populations"
    },
    {
      "phase": "immediate:256",
      "identity_check_kind": "in_memory_structure_and_configuration",
      "recipe_verification_seconds": 0.0,
      "identity_verification_seconds": 0.0,
      "identity_check_seconds": 0.0020945759606547654,
      "state_hash_seconds": 0.01989052799763158,
      "clone_seconds": 0.0,
      "restore_seconds": 0.0,
      "file_write_seconds": 6.0625956393778324e-05,
      "operation_seconds": 0.0622527829837054,
      "total_phase_seconds": 0.08440355397760868,
      "scope": "file writes include journal intent/add/flush; excludes this timing receipt and checkpoint writes",
      "mode": "stage4_sealed_cell",
      "banner": "sealed Stage 4; scientific admission also requires complete declared populations"
    },
    {
      "phase": "edit:257",
      "identity_check_kind": "in_memory_structure_and_configuration",
      "recipe_verification_seconds": 0.0,
      "identity_verification_seconds": 0.0,
      "identity_check_seconds": 0.002170050051063299,
      "state_hash_seconds": 0.00047156400978565216,
      "clone_seconds": 0.0,
      "restore_seconds": 0.0,
      "file_write_seconds": 5.828094435855746e-05,
      "operation_seconds": 0.09791479102568701,
      "total_phase_seconds": 0.1006828979589045,
      "scope": "file writes include journal intent/add/flush; excludes this timing receipt and checkpoint writes",
      "mode": "stage4_sealed_cell",
      "banner": "sealed Stage 4; scientific admission also requires complete declared populations"
    },
    {
      "phase": "immediate:257",
      "identity_check_kind": "in_memory_structure_and_configuration",
      "recipe_verification_seconds": 0.0,
      "identity_verification_seconds": 0.0,
      "identity_check_seconds": 0.0019544470123946667,
      "state_hash_seconds": 0.01969269895926118,
      "clone_seconds": 0.0,
      "restore_seconds": 0.0,
      "file_write_seconds": 6.352202035486698e-05,
      "operation_seconds": 0.06533951096935198,
      "total_phase_seconds": 0.0871389289968647,
      "scope": "file writes include journal intent/add/flush; excludes this timing receipt and checkpoint writes",
      "mode": "stage4_sealed_cell",
      "banner": "sealed Stage 4; scientific admission also requires complete declared populations"
    },
    {
      "phase": "edit:258",
      "identity_check_kind": "in_memory_structure_and_configuration",
      "recipe_verification_seconds": 0.0,
      "identity_verification_seconds": 0.0,
      "identity_check_seconds": 0.002189047052524984,
      "state_hash_seconds": 0.0004797899746336043,
      "clone_seconds": 0.0,
      "restore_seconds": 0.0,
      "file_write_seconds": 6.0587015468627214e-05,
      "operation_seconds": 0.1293923250050284,
      "total_phase_seconds": 0.1321930349804461,
      "scope": "file writes include journal intent/add/flush; excludes this timing receipt and checkpoint writes",
      "mode": "stage4_sealed_cell",
      "banner": "sealed Stage 4; scientific admission also requires complete declared populations"
    },
    {
      "phase": "immediate:258",
      "identity_check_kind": "in_memory_structure_and_configuration",
      "recipe_verification_seconds": 0.0,
      "identity_verification_seconds": 0.0,
      "identity_check_seconds": 0.002219495945610106,
      "state_hash_seconds": 0.019982183061074466,
      "clone_seconds": 0.0,
      "restore_seconds": 0.0,
      "file_write_seconds": 5.8171048294752836e-05,
      "operation_seconds": 0.07143114099744707,
      "total_phase_seconds": 0.09379094297764823,
      "scope": "file writes include journal intent/add/flush; excludes this timing receipt and checkpoint writes",
      "mode": "stage4_sealed_cell",
      "banner": "sealed Stage 4; scientific admission also requires complete declared populations"
    },
    {
      "phase": "edit:259",
      "identity_check_kind": "in_memory_structure_and_configuration",
      "recipe_verification_seconds": 0.0,
      "identity_verification_seconds": 0.0,
      "identity_check_seconds": 0.002188275975640863,
      "state_hash_seconds": 0.00048784498358145356,
      "clone_seconds": 0.0,
      "restore_seconds": 0.0,
      "file_write_seconds": 6.406294414773583e-05,
      "operation_seconds": 0.2075860929908231,
      "total_phase_seconds": 0.2104035239899531,
      "scope": "file writes include journal intent/add/flush; excludes this timing receipt and checkpoint writes",
      "mode": "stage4_sealed_cell",
      "banner": "sealed Stage 4; scientific admission also requires complete declared populations"
    },
    {
      "phase": "immediate:259",
      "identity_check_kind": "in_memory_structure_and_configuration",
      "recipe_verification_seconds": 0.0,
      "identity_verification_seconds": 0.0,
      "identity_check_seconds": 0.0022862040204927325,
      "state_hash_seconds": 0.02058422693517059,
      "clone_seconds": 0.0,
      "restore_seconds": 0.0,
      "file_write_seconds": 5.8752018958330154e-05,
      "operation_seconds": 0.07220925303408876,
      "total_phase_seconds": 0.09524368803249672,
      "scope": "file writes include journal intent/add/flush; excludes this timing receipt and checkpoint writes",
      "mode": "stage4_sealed_cell",
      "banner": "sealed Stage 4; scientific admission also requires complete declared populations"
    },
    {
      "phase": "edit:260",
      "identity_check_kind": "in_memory_structure_and_configuration",
      "recipe_verification_seconds": 0.0,
      "identity_verification_seconds": 0.0,
      "identity_check_seconds": 0.002107291016727686,
      "state_hash_seconds": 0.00045749801211059093,
      "clone_seconds": 0.0,
      "restore_seconds": 0.0,
      "file_write_seconds": 5.919398972764611e-05,
      "operation_seconds": 0.11717338598100469,
      "total_phase_seconds": 0.11986525804968551,
      "scope": "file writes include journal intent/add/flush; excludes this timing receipt and checkpoint writes",
      "mode": "stage4_sealed_cell",
      "banner": "sealed Stage 4; scientific admission also requires complete declared populations"
    },
    {
      "phase": "immediate:260",
      "identity_check_kind": "in_memory_structure_and_configuration",
      "recipe_verification_seconds": 0.0,
      "identity_verification_seconds": 0.0,
      "identity_check_seconds": 0.0021071210503578186,
      "state_hash_seconds": 0.02046699298080057,
      "clone_seconds": 0.0,
      "restore_seconds": 0.0,
      "file_write_seconds": 0.0048637749860063195,
      "operation_seconds": 0.06985544000053778,
      "total_phase_seconds": 0.0973983199801296,
      "scope": "file writes include journal intent/add/flush; excludes this timing receipt and checkpoint writes",
      "mode": "stage4_sealed_cell",
      "banner": "sealed Stage 4; scientific admission also requires complete declared populations"
    },
    {
      "phase": "edit:261",
      "identity_check_kind": "in_memory_structure_and_configuration",
      "recipe_verification_seconds": 0.0,
      "identity_verification_seconds": 0.0,
      "identity_check_seconds": 0.0021770140156149864,
      "state_hash_seconds": 0.0004930130671709776,
      "clone_seconds": 0.0,
      "restore_seconds": 0.0,
      "file_write_seconds": 0.0013490159763023257,
      "operation_seconds": 0.24011228798190132,
      "total_phase_seconds": 0.24421681795502082,
      "scope": "file writes include journal intent/add/flush; excludes this timing receipt and checkpoint writes",
      "mode": "stage4_sealed_cell",
      "banner": "sealed Stage 4; scientific admission also requires complete declared populations"
    },
    {
      "phase": "immediate:261",
      "identity_check_kind": "in_memory_structure_and_configuration",
      "recipe_verification_seconds": 0.0,
      "identity_verification_seconds": 0.0,
      "identity_check_seconds": 0.0021803200361318886,
      "state_hash_seconds": 0.020519494079053402,
      "clone_seconds": 0.0,
      "restore_seconds": 0.0,
      "file_write_seconds": 6.267998833209276e-05,
      "operation_seconds": 0.07673188502667472,
      "total_phase_seconds": 0.09960252599557862,
      "scope": "file writes include journal intent/add/flush; excludes this timing receipt and checkpoint writes",
      "mode": "stage4_sealed_cell",
      "banner": "sealed Stage 4; scientific admission also requires complete declared populations"
    },
    {
      "phase": "edit:262",
      "identity_check_kind": "in_memory_structure_and_configuration",
      "recipe_verification_seconds": 0.0,
      "identity_verification_seconds": 0.0,
      "identity_check_seconds": 0.00248767901211977,
      "state_hash_seconds": 0.0005160600412636995,
      "clone_seconds": 0.0,
      "restore_seconds": 0.0,
      "file_write_seconds": 6.006500916555524e-05,
      "operation_seconds": 0.1085229609743692,
      "total_phase_seconds": 0.11167000397108495,
      "scope": "file writes include journal intent/add/flush; excludes this timing receipt and checkpoint writes",
      "mode": "stage4_sealed_cell",
      "banner": "sealed Stage 4; scientific admission also requires complete declared populations"
    },
    {
      "phase": "immediate:262",
      "identity_check_kind": "in_memory_structure_and_configuration",
      "recipe_verification_seconds": 0.0,
      "identity_verification_seconds": 0.0,
      "identity_check_seconds": 0.002603312022984028,
      "state_hash_seconds": 0.022116845997516066,
      "clone_seconds": 0.0,
      "restore_seconds": 0.0,
      "file_write_seconds": 6.050604861229658e-05,
      "operation_seconds": 0.06630418100394309,
      "total_phase_seconds": 0.09119692898821086,
      "scope": "file writes include journal intent/add/flush; excludes this timing receipt and checkpoint writes",
      "mode": "stage4_sealed_cell",
      "banner": "sealed Stage 4; scientific admission also requires complete declared populations"
    },
    {
      "phase": "edit:263",
      "identity_check_kind": "in_memory_structure_and_configuration",
      "recipe_verification_seconds": 0.0,
      "identity_verification_seconds": 0.0,
      "identity_check_seconds": 0.0024751059827394783,
      "state_hash_seconds": 0.0004810330574400723,
      "clone_seconds": 0.0,
      "restore_seconds": 0.0,
      "file_write_seconds": 5.880300886929035e-05,
      "operation_seconds": 0.2143561730044894,
      "total_phase_seconds": 0.21743718103971332,
      "scope": "file writes include journal intent/add/flush; excludes this timing receipt and checkpoint writes",
      "mode": "stage4_sealed_cell",
      "banner": "sealed Stage 4; scientific admission also requires complete declared populations"
    },
    {
      "phase": "immediate:263",
      "identity_check_kind": "in_memory_structure_and_configuration",
      "recipe_verification_seconds": 0.0,
      "identity_verification_seconds": 0.0,
      "identity_check_seconds": 0.0021906100446358323,
      "state_hash_seconds": 0.020614004926756024,
      "clone_seconds": 0.0,
      "restore_seconds": 0.0,
      "file_write_seconds": 6.148801185190678e-05,
      "operation_seconds": 0.07206254202174023,
      "total_phase_seconds": 0.09504935599397868,
      "scope": "file writes include journal intent/add/flush; excludes this timing receipt and checkpoint writes",
      "mode": "stage4_sealed_cell",
      "banner": "sealed Stage 4; scientific admission also requires complete declared populations"
    },
    {
      "phase": "edit:264",
      "identity_check_kind": "in_memory_structure_and_configuration",
      "recipe_verification_seconds": 0.0,
      "identity_verification_seconds": 0.0,
      "identity_check_seconds": 0.0021276299958117306,
      "state_hash_seconds": 0.0004948089481331408,
      "clone_seconds": 0.0,
      "restore_seconds": 0.0,
      "file_write_seconds": 5.954399239271879e-05,
      "operation_seconds": 0.10552842798642814,
      "total_phase_seconds": 0.10827906202757731,
      "scope": "file writes include journal intent/add/flush; excludes this timing receipt and checkpoint writes",
      "mode": "stage4_sealed_cell",
      "banner": "sealed Stage 4; scientific admission also requires complete declared populations"
    },
    {
      "phase": "immediate:264",
      "identity_check_kind": "in_memory_structure_and_configuration",
      "recipe_verification_seconds": 0.0,
      "identity_verification_seconds": 0.0,
      "identity_check_seconds": 0.0021343319676816463,
      "state_hash_seconds": 0.020287381019443274,
      "clone_seconds": 0.0,
      "restore_seconds": 0.0,
      "file_write_seconds": 5.882198456674814e-05,
      "operation_seconds": 0.06015716498950496,
      "total_phase_seconds": 0.08273138798540458,
      "scope": "file writes include journal intent/add/flush; excludes this timing receipt and checkpoint writes",
      "mode": "stage4_sealed_cell",
      "banner": "sealed Stage 4; scientific admission also requires complete declared populations"
    },
    {
      "phase": "edit:265",
      "identity_check_kind": "in_memory_structure_and_configuration",
      "recipe_verification_seconds": 0.0,
      "identity_verification_seconds": 0.0,
      "identity_check_seconds": 0.0021832570200785995,
      "state_hash_seconds": 0.00046935101272538304,
      "clone_seconds": 0.0,
      "restore_seconds": 0.0,
      "file_write_seconds": 5.998491542413831e-05,
      "operation_seconds": 0.27393702301196754,
      "total_phase_seconds": 0.27671627199742943,
      "scope": "file writes include journal intent/add/flush; excludes this timing receipt and checkpoint writes",
      "mode": "stage4_sealed_cell",
      "banner": "sealed Stage 4; scientific admission also requires complete declared populations"
    },
    {
      "phase": "immediate:265",
      "identity_check_kind": "in_memory_structure_and_configuration",
      "recipe_verification_seconds": 0.0,
      "identity_verification_seconds": 0.0,
      "identity_check_seconds": 0.0022347760386765003,
      "state_hash_seconds": 0.02086833299836144,
      "clone_seconds": 0.0,
      "restore_seconds": 0.0,
      "file_write_seconds": 6.076600402593613e-05,
      "operation_seconds": 0.08924775302875787,
      "total_phase_seconds": 0.11251680797431618,
      "scope": "file writes include journal intent/add/flush; excludes this timing receipt and checkpoint writes",
      "mode": "stage4_sealed_cell",
      "banner": "sealed Stage 4; scientific admission also requires complete declared populations"
    },
    {
      "phase": "edit:266",
      "identity_check_kind": "in_memory_structure_and_configuration",
      "recipe_verification_seconds": 0.0,
      "identity_verification_seconds": 0.0,
      "identity_check_seconds": 0.0023864269605837762,
      "state_hash_seconds": 0.0005064618890173733,
      "clone_seconds": 0.0,
      "restore_seconds": 0.0,
      "file_write_seconds": 6.435398245230317e-05,
      "operation_seconds": 0.22157711896579713,
      "total_phase_seconds": 0.22460785001749173,
      "scope": "file writes include journal intent/add/flush; excludes this timing receipt and checkpoint writes",
      "mode": "stage4_sealed_cell",
      "banner": "sealed Stage 4; scientific admission also requires complete declared populations"
    },
    {
      "phase": "immediate:266",
      "identity_check_kind": "in_memory_structure_and_configuration",
      "recipe_verification_seconds": 0.0,
      "identity_verification_seconds": 0.0,
      "identity_check_seconds": 0.002489584032446146,
      "state_hash_seconds": 0.021053438016679138,
      "clone_seconds": 0.0,
      "restore_seconds": 0.0,
      "file_write_seconds": 5.839200457558036e-05,
      "operation_seconds": 0.07968615996651351,
      "total_phase_seconds": 0.1033890669932589,
      "scope": "file writes include journal intent/add/flush; excludes this timing receipt and checkpoint writes",
      "mode": "stage4_sealed_cell",
      "banner": "sealed Stage 4; scientific admission also requires complete declared populations"
    },
    {
      "phase": "edit:267",
      "identity_check_kind": "in_memory_structure_and_configuration",
      "recipe_verification_seconds": 0.0,
      "identity_verification_seconds": 0.0,
      "identity_check_seconds": 0.002161695039831102,
      "state_hash_seconds": 0.0005166800692677498,
      "clone_seconds": 0.0,
      "restore_seconds": 0.0,
      "file_write_seconds": 5.898298695683479e-05,
      "operation_seconds": 0.09828159399330616,
      "total_phase_seconds": 0.10109233297407627,
      "scope": "file writes include journal intent/add/flush; excludes this timing receipt and checkpoint writes",
      "mode": "stage4_sealed_cell",
      "banner": "sealed Stage 4; scientific admission also requires complete declared populations"
    },
    {
      "phase": "immediate:267",
      "identity_check_kind": "in_memory_structure_and_configuration",
      "recipe_verification_seconds": 0.0,
      "identity_verification_seconds": 0.0,
      "identity_check_seconds": 0.002014591940678656,
      "state_hash_seconds": 0.020640797971282154,
      "clone_seconds": 0.0,
      "restore_seconds": 0.0,
      "file_write_seconds": 5.7491008192300797e-05,
      "operation_seconds": 0.06712017400423065,
      "total_phase_seconds": 0.08992867701454088,
      "scope": "file writes include journal intent/add/flush; excludes this timing receipt and checkpoint writes",
      "mode": "stage4_sealed_cell",
      "banner": "sealed Stage 4; scientific admission also requires complete declared populations"
    },
    {
      "phase": "edit:268",
      "identity_check_kind": "in_memory_structure_and_configuration",
      "recipe_verification_seconds": 0.0,
      "identity_verification_seconds": 0.0,
      "identity_check_seconds": 0.002541263005696237,
      "state_hash_seconds": 0.0005124229937791824,
      "clone_seconds": 0.0,
      "restore_seconds": 0.0,
      "file_write_seconds": 6.076594581827521e-05,
      "operation_seconds": 0.09322778502246365,
      "total_phase_seconds": 0.09642231900943443,
      "scope": "file writes include journal intent/add/flush; excludes this timing receipt and checkpoint writes",
      "mode": "stage4_sealed_cell",
      "banner": "sealed Stage 4; scientific admission also requires complete declared populations"
    },
    {
      "phase": "immediate:268",
      "identity_check_kind": "in_memory_structure_and_configuration",
      "recipe_verification_seconds": 0.0,
      "identity_verification_seconds": 0.0,
      "identity_check_seconds": 0.002076391945593059,
      "state_hash_seconds": 0.02050970500567928,
      "clone_seconds": 0.0,
      "restore_seconds": 0.0,
      "file_write_seconds": 5.893403431400657e-05,
      "operation_seconds": 0.06537577096605673,
      "total_phase_seconds": 0.08811219595372677,
      "scope": "file writes include journal intent/add/flush; excludes this timing receipt and checkpoint writes",
      "mode": "stage4_sealed_cell",
      "banner": "sealed Stage 4; scientific admission also requires complete declared populations"
    },
    {
      "phase": "edit:269",
      "identity_check_kind": "in_memory_structure_and_configuration",
      "recipe_verification_seconds": 0.0,
      "identity_verification_seconds": 0.0,
      "identity_check_seconds": 0.0022498949547298253,
      "state_hash_seconds": 0.0005747720133513212,
      "clone_seconds": 0.0,
      "restore_seconds": 0.0,
      "file_write_seconds": 6.0044985730201006e-05,
      "operation_seconds": 0.12527666403912008,
      "total_phase_seconds": 0.12823412398574874,
      "scope": "file writes include journal intent/add/flush; excludes this timing receipt and checkpoint writes",
      "mode": "stage4_sealed_cell",
      "banner": "sealed Stage 4; scientific admission also requires complete declared populations"
    },
    {
      "phase": "immediate:269",
      "identity_check_kind": "in_memory_structure_and_configuration",
      "recipe_verification_seconds": 0.0,
      "identity_verification_seconds": 0.0,
      "identity_check_seconds": 0.0021873649675399065,
      "state_hash_seconds": 0.021157126990146935,
      "clone_seconds": 0.0,
      "restore_seconds": 0.0,
      "file_write_seconds": 6.269005825743079e-05,
      "operation_seconds": 0.06596816697856411,
      "total_phase_seconds": 0.08947665203595534,
      "scope": "file writes include journal intent/add/flush; excludes this timing receipt and checkpoint writes",
      "mode": "stage4_sealed_cell",
      "banner": "sealed Stage 4; scientific admission also requires complete declared populations"
    },
    {
      "phase": "edit:270",
      "identity_check_kind": "in_memory_structure_and_configuration",
      "recipe_verification_seconds": 0.0,
      "identity_verification_seconds": 0.0,
      "identity_check_seconds": 0.0021658819750882685,
      "state_hash_seconds": 0.0005360380164347589,
      "clone_seconds": 0.0,
      "restore_seconds": 0.0,
      "file_write_seconds": 5.841202801093459e-05,
      "operation_seconds": 0.10750458796974272,
      "total_phase_seconds": 0.11033260001568124,
      "scope": "file writes include journal intent/add/flush; excludes this timing receipt and checkpoint writes",
      "mode": "stage4_sealed_cell",
      "banner": "sealed Stage 4; scientific admission also requires complete declared populations"
    },
    {
      "phase": "immediate:270",
      "identity_check_kind": "in_memory_structure_and_configuration",
      "recipe_verification_seconds": 0.0,
      "identity_verification_seconds": 0.0,
      "identity_check_seconds": 0.0023593739606440067,
      "state_hash_seconds": 0.021112370013725013,
      "clone_seconds": 0.0,
      "restore_seconds": 0.0,
      "file_write_seconds": 7.209798786789179e-05,
      "operation_seconds": 0.06099947000620887,
      "total_phase_seconds": 0.08464913500938565,
      "scope": "file writes include journal intent/add/flush; excludes this timing receipt and checkpoint writes",
      "mode": "stage4_sealed_cell",
      "banner": "sealed Stage 4; scientific admission also requires complete declared populations"
    },
    {
      "phase": "edit:271",
      "identity_check_kind": "in_memory_structure_and_configuration",
      "recipe_verification_seconds": 0.0,
      "identity_verification_seconds": 0.0,
      "identity_check_seconds": 0.002099636069033295,
      "state_hash_seconds": 0.0005306880339048803,
      "clone_seconds": 0.0,
      "restore_seconds": 0.0,
      "file_write_seconds": 5.9565005358308554e-05,
      "operation_seconds": 0.30926876701414585,
      "total_phase_seconds": 0.312022207013797,
      "scope": "file writes include journal intent/add/flush; excludes this timing receipt and checkpoint writes",
      "mode": "stage4_sealed_cell",
      "banner": "sealed Stage 4; scientific admission also requires complete declared populations"
    },
    {
      "phase": "immediate:271",
      "identity_check_kind": "in_memory_structure_and_configuration",
      "recipe_verification_seconds": 0.0,
      "identity_verification_seconds": 0.0,
      "identity_check_seconds": 0.0021996369468979537,
      "state_hash_seconds": 0.02174715796718374,
      "clone_seconds": 0.0,
      "restore_seconds": 0.0,
      "file_write_seconds": 5.9424026403576136e-05,
      "operation_seconds": 0.0873907920322381,
      "total_phase_seconds": 0.11150615103542805,
      "scope": "file writes include journal intent/add/flush; excludes this timing receipt and checkpoint writes",
      "mode": "stage4_sealed_cell",
      "banner": "sealed Stage 4; scientific admission also requires complete declared populations"
    },
    {
      "phase": "edit:272",
      "identity_check_kind": "in_memory_structure_and_configuration",
      "recipe_verification_seconds": 0.0,
      "identity_verification_seconds": 0.0,
      "identity_check_seconds": 0.0021543510956689715,
      "state_hash_seconds": 0.0004967330605722964,
      "clone_seconds": 0.0,
      "restore_seconds": 0.0,
      "file_write_seconds": 5.887402221560478e-05,
      "operation_seconds": 0.22034574701683596,
      "total_phase_seconds": 0.22313059697626159,
      "scope": "file writes include journal intent/add/flush; excludes this timing receipt and checkpoint writes",
      "mode": "stage4_sealed_cell",
      "banner": "sealed Stage 4; scientific admission also requires complete declared populations"
    },
    {
      "phase": "immediate:272",
      "identity_check_kind": "in_memory_structure_and_configuration",
      "recipe_verification_seconds": 0.0,
      "identity_verification_seconds": 0.0,
      "identity_check_seconds": 0.0022497129975818098,
      "state_hash_seconds": 0.02138837001984939,
      "clone_seconds": 0.0,
      "restore_seconds": 0.0,
      "file_write_seconds": 5.9854937717318535e-05,
      "operation_seconds": 0.07735374703770503,
      "total_phase_seconds": 0.10116221604403108,
      "scope": "file writes include journal intent/add/flush; excludes this timing receipt and checkpoint writes",
      "mode": "stage4_sealed_cell",
      "banner": "sealed Stage 4; scientific admission also requires complete declared populations"
    },
    {
      "phase": "edit:273",
      "identity_check_kind": "in_memory_structure_and_configuration",
      "recipe_verification_seconds": 0.0,
      "identity_verification_seconds": 0.0,
      "identity_check_seconds": 0.0021016100072301924,
      "state_hash_seconds": 0.00047345703933387995,
      "clone_seconds": 0.0,
      "restore_seconds": 0.0,
      "file_write_seconds": 5.920400144532323e-05,
      "operation_seconds": 0.11583915801020339,
      "total_phase_seconds": 0.11853808298474178,
      "scope": "file writes include journal intent/add/flush; excludes this timing receipt and checkpoint writes",
      "mode": "stage4_sealed_cell",
      "banner": "sealed Stage 4; scientific admission also requires complete declared populations"
    },
    {
      "phase": "immediate:273",
      "identity_check_kind": "in_memory_structure_and_configuration",
      "recipe_verification_seconds": 0.0,
      "identity_verification_seconds": 0.0,
      "identity_check_seconds": 0.002182994969189167,
      "state_hash_seconds": 0.021817714034114033,
      "clone_seconds": 0.0,
      "restore_seconds": 0.0,
      "file_write_seconds": 5.914404755458236e-05,
      "operation_seconds": 0.06452756398357451,
      "total_phase_seconds": 0.0886890820111148,
      "scope": "file writes include journal intent/add/flush; excludes this timing receipt and checkpoint writes",
      "mode": "stage4_sealed_cell",
      "banner": "sealed Stage 4; scientific admission also requires complete declared populations"
    },
    {
      "phase": "edit:274",
      "identity_check_kind": "in_memory_structure_and_configuration",
      "recipe_verification_seconds": 0.0,
      "identity_verification_seconds": 0.0,
      "identity_check_seconds": 0.002161956042982638,
      "state_hash_seconds": 0.0005305569502525032,
      "clone_seconds": 0.0,
      "restore_seconds": 0.0,
      "file_write_seconds": 6.056699203327298e-05,
      "operation_seconds": 0.13615478097926825,
      "total_phase_seconds": 0.13897562999045476,
      "scope": "file writes include journal intent/add/flush; excludes this timing receipt and checkpoint writes",
      "mode": "stage4_sealed_cell",
      "banner": "sealed Stage 4; scientific admission also requires complete declared populations"
    },
    {
      "phase": "immediate:274",
      "identity_check_kind": "in_memory_structure_and_configuration",
      "recipe_verification_seconds": 0.0,
      "identity_verification_seconds": 0.0,
      "identity_check_seconds": 0.0019340680446475744,
      "state_hash_seconds": 0.021316092053893954,
      "clone_seconds": 0.0,
      "restore_seconds": 0.0,
      "file_write_seconds": 6.123696221038699e-05,
      "operation_seconds": 0.06808746996102855,
      "total_phase_seconds": 0.09149463102221489,
      "scope": "file writes include journal intent/add/flush; excludes this timing receipt and checkpoint writes",
      "mode": "stage4_sealed_cell",
      "banner": "sealed Stage 4; scientific admission also requires complete declared populations"
    },
    {
      "phase": "edit:275",
      "identity_check_kind": "in_memory_structure_and_configuration",
      "recipe_verification_seconds": 0.0,
      "identity_verification_seconds": 0.0,
      "identity_check_seconds": 0.002744252036791295,
      "state_hash_seconds": 0.0005116810207255185,
      "clone_seconds": 0.0,
      "restore_seconds": 0.0,
      "file_write_seconds": 5.948403850197792e-05,
      "operation_seconds": 0.1297180789988488,
      "total_phase_seconds": 0.13311649597017094,
      "scope": "file writes include journal intent/add/flush; excludes this timing receipt and checkpoint writes",
      "mode": "stage4_sealed_cell",
      "banner": "sealed Stage 4; scientific admission also requires complete declared populations"
    },
    {
      "phase": "immediate:275",
      "identity_check_kind": "in_memory_structure_and_configuration",
      "recipe_verification_seconds": 0.0,
      "identity_verification_seconds": 0.0,
      "identity_check_seconds": 0.002290202013682574,
      "state_hash_seconds": 0.021726827952079475,
      "clone_seconds": 0.0,
      "restore_seconds": 0.0,
      "file_write_seconds": 5.8403005823493004e-05,
      "operation_seconds": 0.0728556930553168,
      "total_phase_seconds": 0.09702614694833755,
      "scope": "file writes include journal intent/add/flush; excludes this timing receipt and checkpoint writes",
      "mode": "stage4_sealed_cell",
      "banner": "sealed Stage 4; scientific admission also requires complete declared populations"
    },
    {
      "phase": "edit:276",
      "identity_check_kind": "in_memory_structure_and_configuration",
      "recipe_verification_seconds": 0.0,
      "identity_verification_seconds": 0.0,
      "identity_check_seconds": 0.002113704045768827,
      "state_hash_seconds": 0.0004824750358238816,
      "clone_seconds": 0.0,
      "restore_seconds": 0.0,
      "file_write_seconds": 5.896296352148056e-05,
      "operation_seconds": 0.12672385905170813,
      "total_phase_seconds": 0.1294443350052461,
      "scope": "file writes include journal intent/add/flush; excludes this timing receipt and checkpoint writes",
      "mode": "stage4_sealed_cell",
      "banner": "sealed Stage 4; scientific admission also requires complete declared populations"
    },
    {
      "phase": "immediate:276",
      "identity_check_kind": "in_memory_structure_and_configuration",
      "recipe_verification_seconds": 0.0,
      "identity_verification_seconds": 0.0,
      "identity_check_seconds": 0.0021641889470629394,
      "state_hash_seconds": 0.021541162976063788,
      "clone_seconds": 0.0,
      "restore_seconds": 0.0,
      "file_write_seconds": 0.004959069017786533,
      "operation_seconds": 0.06550358596723527,
      "total_phase_seconds": 0.0942731779650785,
      "scope": "file writes include journal intent/add/flush; excludes this timing receipt and checkpoint writes",
      "mode": "stage4_sealed_cell",
      "banner": "sealed Stage 4; scientific admission also requires complete declared populations"
    },
    {
      "phase": "edit:277",
      "identity_check_kind": "in_memory_structure_and_configuration",
      "recipe_verification_seconds": 0.0,
      "identity_verification_seconds": 0.0,
      "identity_check_seconds": 0.0021769239683635533,
      "state_hash_seconds": 0.0005077619571238756,
      "clone_seconds": 0.0,
      "restore_seconds": 0.0,
      "file_write_seconds": 0.001148381968960166,
      "operation_seconds": 0.09851847804384306,
      "total_phase_seconds": 0.10242978797759861,
      "scope": "file writes include journal intent/add/flush; excludes this timing receipt and checkpoint writes",
      "mode": "stage4_sealed_cell",
      "banner": "sealed Stage 4; scientific admission also requires complete declared populations"
    },
    {
      "phase": "immediate:277",
      "identity_check_kind": "in_memory_structure_and_configuration",
      "recipe_verification_seconds": 0.0,
      "identity_verification_seconds": 0.0,
      "identity_check_seconds": 0.0023363400250673294,
      "state_hash_seconds": 0.02140183508163318,
      "clone_seconds": 0.0,
      "restore_seconds": 0.0,
      "file_write_seconds": 6.601697532460093e-05,
      "operation_seconds": 0.06624526798259467,
      "total_phase_seconds": 0.09014864999335259,
      "scope": "file writes include journal intent/add/flush; excludes this timing receipt and checkpoint writes",
      "mode": "stage4_sealed_cell",
      "banner": "sealed Stage 4; scientific admission also requires complete declared populations"
    },
    {
      "phase": "edit:278",
      "identity_check_kind": "in_memory_structure_and_configuration",
      "recipe_verification_seconds": 0.0,
      "identity_verification_seconds": 0.0,
      "identity_check_seconds": 0.0021573270205408335,
      "state_hash_seconds": 0.00047448795521631837,
      "clone_seconds": 0.0,
      "restore_seconds": 0.0,
      "file_write_seconds": 5.889299791306257e-05,
      "operation_seconds": 0.12408219301141798,
      "total_phase_seconds": 0.12683932000072673,
      "scope": "file writes include journal intent/add/flush; excludes this timing receipt and checkpoint writes",
      "mode": "stage4_sealed_cell",
      "banner": "sealed Stage 4; scientific admission also requires complete declared populations"
    },
    {
      "phase": "immediate:278",
      "identity_check_kind": "in_memory_structure_and_configuration",
      "recipe_verification_seconds": 0.0,
      "identity_verification_seconds": 0.0,
      "identity_check_seconds": 0.002193025022279471,
      "state_hash_seconds": 0.021833362930919975,
      "clone_seconds": 0.0,
      "restore_seconds": 0.0,
      "file_write_seconds": 5.8371981140226126e-05,
      "operation_seconds": 0.06664606701815501,
      "total_phase_seconds": 0.0908300660084933,
      "scope": "file writes include journal intent/add/flush; excludes this timing receipt and checkpoint writes",
      "mode": "stage4_sealed_cell",
      "banner": "sealed Stage 4; scientific admission also requires complete declared populations"
    },
    {
      "phase": "edit:279",
      "identity_check_kind": "in_memory_structure_and_configuration",
      "recipe_verification_seconds": 0.0,
      "identity_verification_seconds": 0.0,
      "identity_check_seconds": 0.002172445005271584,
      "state_hash_seconds": 0.0006203410448506474,
      "clone_seconds": 0.0,
      "restore_seconds": 0.0,
      "file_write_seconds": 5.867198342457414e-05,
      "operation_seconds": 0.09233555296668783,
      "total_phase_seconds": 0.095261872978881,
      "scope": "file writes include journal intent/add/flush; excludes this timing receipt and checkpoint writes",
      "mode": "stage4_sealed_cell",
      "banner": "sealed Stage 4; scientific admission also requires complete declared populations"
    },
    {
      "phase": "immediate:279",
      "identity_check_kind": "in_memory_structure_and_configuration",
      "recipe_verification_seconds": 0.0,
      "identity_verification_seconds": 0.0,
      "identity_check_seconds": 0.0023481720127165318,
      "state_hash_seconds": 0.02208993601379916,
      "clone_seconds": 0.0,
      "restore_seconds": 0.0,
      "file_write_seconds": 6.010499782860279e-05,
      "operation_seconds": 0.060990663012489676,
      "total_phase_seconds": 0.08559070999035612,
      "scope": "file writes include journal intent/add/flush; excludes this timing receipt and checkpoint writes",
      "mode": "stage4_sealed_cell",
      "banner": "sealed Stage 4; scientific admission also requires complete declared populations"
    },
    {
      "phase": "edit:280",
      "identity_check_kind": "in_memory_structure_and_configuration",
      "recipe_verification_seconds": 0.0,
      "identity_verification_seconds": 0.0,
      "identity_check_seconds": 0.0021749510196968913,
      "state_hash_seconds": 0.00048738293116912246,
      "clone_seconds": 0.0,
      "restore_seconds": 0.0,
      "file_write_seconds": 5.75610320083797e-05,
      "operation_seconds": 0.3788747290382162,
      "total_phase_seconds": 0.3816640979493968,
      "scope": "file writes include journal intent/add/flush; excludes this timing receipt and checkpoint writes",
      "mode": "stage4_sealed_cell",
      "banner": "sealed Stage 4; scientific admission also requires complete declared populations"
    },
    {
      "phase": "immediate:280",
      "identity_check_kind": "in_memory_structure_and_configuration",
      "recipe_verification_seconds": 0.0,
      "identity_verification_seconds": 0.0,
      "identity_check_seconds": 0.002205558936111629,
      "state_hash_seconds": 0.021924277069047093,
      "clone_seconds": 0.0,
      "restore_seconds": 0.0,
      "file_write_seconds": 6.09059352427721e-05,
      "operation_seconds": 0.10656948498217389,
      "total_phase_seconds": 0.13086073100566864,
      "scope": "file writes include journal intent/add/flush; excludes this timing receipt and checkpoint writes",
      "mode": "stage4_sealed_cell",
      "banner": "sealed Stage 4; scientific admission also requires complete declared populations"
    },
    {
      "phase": "edit:281",
      "identity_check_kind": "in_memory_structure_and_configuration",
      "recipe_verification_seconds": 0.0,
      "identity_verification_seconds": 0.0,
      "identity_check_seconds": 0.00212597701465711,
      "state_hash_seconds": 0.0005664860946126282,
      "clone_seconds": 0.0,
      "restore_seconds": 0.0,
      "file_write_seconds": 5.638797301799059e-05,
      "operation_seconds": 0.13194161298451945,
      "total_phase_seconds": 0.13476489594904706,
      "scope": "file writes include journal intent/add/flush; excludes this timing receipt and checkpoint writes",
      "mode": "stage4_sealed_cell",
      "banner": "sealed Stage 4; scientific admission also requires complete declared populations"
    },
    {
      "phase": "immediate:281",
      "identity_check_kind": "in_memory_structure_and_configuration",
      "recipe_verification_seconds": 0.0,
      "identity_verification_seconds": 0.0,
      "identity_check_seconds": 0.0021045560715720057,
      "state_hash_seconds": 0.022611734981182963,
      "clone_seconds": 0.0,
      "restore_seconds": 0.0,
      "file_write_seconds": 6.1919039580971e-05,
      "operation_seconds": 0.07790002401452512,
      "total_phase_seconds": 0.10280023800441995,
      "scope": "file writes include journal intent/add/flush; excludes this timing receipt and checkpoint writes",
      "mode": "stage4_sealed_cell",
      "banner": "sealed Stage 4; scientific admission also requires complete declared populations"
    },
    {
      "phase": "edit:282",
      "identity_check_kind": "in_memory_structure_and_configuration",
      "recipe_verification_seconds": 0.0,
      "identity_verification_seconds": 0.0,
      "identity_check_seconds": 0.0020824939711019397,
      "state_hash_seconds": 0.0005251460243016481,
      "clone_seconds": 0.0,
      "restore_seconds": 0.0,
      "file_write_seconds": 7.739901775494218e-05,
      "operation_seconds": 0.09382811503019184,
      "total_phase_seconds": 0.09658929903525859,
      "scope": "file writes include journal intent/add/flush; excludes this timing receipt and checkpoint writes",
      "mode": "stage4_sealed_cell",
      "banner": "sealed Stage 4; scientific admission also requires complete declared populations"
    },
    {
      "phase": "immediate:282",
      "identity_check_kind": "in_memory_structure_and_configuration",
      "recipe_verification_seconds": 0.0,
      "identity_verification_seconds": 0.0,
      "identity_check_seconds": 0.0020701499888673425,
      "state_hash_seconds": 0.022169586969539523,
      "clone_seconds": 0.0,
      "restore_seconds": 0.0,
      "file_write_seconds": 6.00159983150661e-05,
      "operation_seconds": 0.06524776498554274,
      "total_phase_seconds": 0.08964537398424,
      "scope": "file writes include journal intent/add/flush; excludes this timing receipt and checkpoint writes",
      "mode": "stage4_sealed_cell",
      "banner": "sealed Stage 4; scientific admission also requires complete declared populations"
    },
    {
      "phase": "edit:283",
      "identity_check_kind": "in_memory_structure_and_configuration",
      "recipe_verification_seconds": 0.0,
      "identity_verification_seconds": 0.0,
      "identity_check_seconds": 0.0024330050218850374,
      "state_hash_seconds": 0.0005154770333319902,
      "clone_seconds": 0.0,
      "restore_seconds": 0.0,
      "file_write_seconds": 5.946401506662369e-05,
      "operation_seconds": 0.14103246299782768,
      "total_phase_seconds": 0.1441164769930765,
      "scope": "file writes include journal intent/add/flush; excludes this timing receipt and checkpoint writes",
      "mode": "stage4_sealed_cell",
      "banner": "sealed Stage 4; scientific admission also requires complete declared populations"
    },
    {
      "phase": "immediate:283",
      "identity_check_kind": "in_memory_structure_and_configuration",
      "recipe_verification_seconds": 0.0,
      "identity_verification_seconds": 0.0,
      "identity_check_seconds": 0.002026916015893221,
      "state_hash_seconds": 0.021897386119235307,
      "clone_seconds": 0.0,
      "restore_seconds": 0.0,
      "file_write_seconds": 5.660904571413994e-05,
      "operation_seconds": 0.07868000998860225,
      "total_phase_seconds": 0.10275733500020579,
      "scope": "file writes include journal intent/add/flush; excludes this timing receipt and checkpoint writes",
      "mode": "stage4_sealed_cell",
      "banner": "sealed Stage 4; scientific admission also requires complete declared populations"
    },
    {
      "phase": "edit:284",
      "identity_check_kind": "in_memory_structure_and_configuration",
      "recipe_verification_seconds": 0.0,
      "identity_verification_seconds": 0.0,
      "identity_check_seconds": 0.0021766640711575747,
      "state_hash_seconds": 0.0005712140118703246,
      "clone_seconds": 0.0,
      "restore_seconds": 0.0,
      "file_write_seconds": 7.784896297380328e-05,
      "operation_seconds": 0.10029805998783559,
      "total_phase_seconds": 0.10320031497394666,
      "scope": "file writes include journal intent/add/flush; excludes this timing receipt and checkpoint writes",
      "mode": "stage4_sealed_cell",
      "banner": "sealed Stage 4; scientific admission also requires complete declared populations"
    },
    {
      "phase": "immediate:284",
      "identity_check_kind": "in_memory_structure_and_configuration",
      "recipe_verification_seconds": 0.0,
      "identity_verification_seconds": 0.0,
      "identity_check_seconds": 0.002142809971701354,
      "state_hash_seconds": 0.022317251015920192,
      "clone_seconds": 0.0,
      "restore_seconds": 0.0,
      "file_write_seconds": 5.8331992477178574e-05,
      "operation_seconds": 0.06105349300196394,
      "total_phase_seconds": 0.08567005302757025,
      "scope": "file writes include journal intent/add/flush; excludes this timing receipt and checkpoint writes",
      "mode": "stage4_sealed_cell",
      "banner": "sealed Stage 4; scientific admission also requires complete declared populations"
    },
    {
      "phase": "edit:285",
      "identity_check_kind": "in_memory_structure_and_configuration",
      "recipe_verification_seconds": 0.0,
      "identity_verification_seconds": 0.0,
      "identity_check_seconds": 0.002182754979003221,
      "state_hash_seconds": 0.0004916939069516957,
      "clone_seconds": 0.0,
      "restore_seconds": 0.0,
      "file_write_seconds": 5.9493992011994123e-05,
      "operation_seconds": 0.1050232409616001,
      "total_phase_seconds": 0.10782375000417233,
      "scope": "file writes include journal intent/add/flush; excludes this timing receipt and checkpoint writes",
      "mode": "stage4_sealed_cell",
      "banner": "sealed Stage 4; scientific admission also requires complete declared populations"
    },
    {
      "phase": "immediate:285",
      "identity_check_kind": "in_memory_structure_and_configuration",
      "recipe_verification_seconds": 0.0,
      "identity_verification_seconds": 0.0,
      "identity_check_seconds": 0.002278199011925608,
      "state_hash_seconds": 0.023243825940880924,
      "clone_seconds": 0.0,
      "restore_seconds": 0.0,
      "file_write_seconds": 5.989399505779147e-05,
      "operation_seconds": 0.07007693499326706,
      "total_phase_seconds": 0.09576348500559106,
      "scope": "file writes include journal intent/add/flush; excludes this timing receipt and checkpoint writes",
      "mode": "stage4_sealed_cell",
      "banner": "sealed Stage 4; scientific admission also requires complete declared populations"
    },
    {
      "phase": "edit:286",
      "identity_check_kind": "in_memory_structure_and_configuration",
      "recipe_verification_seconds": 0.0,
      "identity_verification_seconds": 0.0,
      "identity_check_seconds": 0.002417284995317459,
      "state_hash_seconds": 0.0005417889915406704,
      "clone_seconds": 0.0,
      "restore_seconds": 0.0,
      "file_write_seconds": 5.886302096769214e-05,
      "operation_seconds": 0.2112439649645239,
      "total_phase_seconds": 0.21432895102771,
      "scope": "file writes include journal intent/add/flush; excludes this timing receipt and checkpoint writes",
      "mode": "stage4_sealed_cell",
      "banner": "sealed Stage 4; scientific admission also requires complete declared populations"
    },
    {
      "phase": "immediate:286",
      "identity_check_kind": "in_memory_structure_and_configuration",
      "recipe_verification_seconds": 0.0,
      "identity_verification_seconds": 0.0,
      "identity_check_seconds": 0.002540179993957281,
      "state_hash_seconds": 0.022031193075235933,
      "clone_seconds": 0.0,
      "restore_seconds": 0.0,
      "file_write_seconds": 6.525497883558273e-05,
      "operation_seconds": 0.08411008102120832,
      "total_phase_seconds": 0.10884818399790674,
      "scope": "file writes include journal intent/add/flush; excludes this timing receipt and checkpoint writes",
      "mode": "stage4_sealed_cell",
      "banner": "sealed Stage 4; scientific admission also requires complete declared populations"
    },
    {
      "phase": "edit:287",
      "identity_check_kind": "in_memory_structure_and_configuration",
      "recipe_verification_seconds": 0.0,
      "identity_verification_seconds": 0.0,
      "identity_check_seconds": 0.0020893949549645185,
      "state_hash_seconds": 0.0005361970397643745,
      "clone_seconds": 0.0,
      "restore_seconds": 0.0,
      "file_write_seconds": 5.859200609847903e-05,
      "operation_seconds": 0.12792933895252645,
      "total_phase_seconds": 0.13069492200156674,
      "scope": "file writes include journal intent/add/flush; excludes this timing receipt and checkpoint writes",
      "mode": "stage4_sealed_cell",
      "banner": "sealed Stage 4; scientific admission also requires complete declared populations"
    },
    {
      "phase": "immediate:287",
      "identity_check_kind": "in_memory_structure_and_configuration",
      "recipe_verification_seconds": 0.0,
      "identity_verification_seconds": 0.0,
      "identity_check_seconds": 0.0021981539903208613,
      "state_hash_seconds": 0.022624499921221286,
      "clone_seconds": 0.0,
      "restore_seconds": 0.0,
      "file_write_seconds": 6.134703289717436e-05,
      "operation_seconds": 0.0771302689681761,
      "total_phase_seconds": 0.10210655798437074,
      "scope": "file writes include journal intent/add/flush; excludes this timing receipt and checkpoint writes",
      "mode": "stage4_sealed_cell",
      "banner": "sealed Stage 4; scientific admission also requires complete declared populations"
    },
    {
      "phase": "edit:288",
      "identity_check_kind": "in_memory_structure_and_configuration",
      "recipe_verification_seconds": 0.0,
      "identity_verification_seconds": 0.0,
      "identity_check_seconds": 0.0022230619797483087,
      "state_hash_seconds": 0.000565755064599216,
      "clone_seconds": 0.0,
      "restore_seconds": 0.0,
      "file_write_seconds": 6.149901309981942e-05,
      "operation_seconds": 0.2558499529841356,
      "total_phase_seconds": 0.2587926749838516,
      "scope": "file writes include journal intent/add/flush; excludes this timing receipt and checkpoint writes",
      "mode": "stage4_sealed_cell",
      "banner": "sealed Stage 4; scientific admission also requires complete declared populations"
    },
    {
      "phase": "immediate:288",
      "identity_check_kind": "in_memory_structure_and_configuration",
      "recipe_verification_seconds": 0.0,
      "identity_verification_seconds": 0.0,
      "identity_check_seconds": 0.0022704240400344133,
      "state_hash_seconds": 0.022371774015482515,
      "clone_seconds": 0.0,
      "restore_seconds": 0.0,
      "file_write_seconds": 5.869200685992837e-05,
      "operation_seconds": 0.09325158904539421,
      "total_phase_seconds": 0.11804621998453513,
      "scope": "file writes include journal intent/add/flush; excludes this timing receipt and checkpoint writes",
      "mode": "stage4_sealed_cell",
      "banner": "sealed Stage 4; scientific admission also requires complete declared populations"
    },
    {
      "phase": "edit:289",
      "identity_check_kind": "in_memory_structure_and_configuration",
      "recipe_verification_seconds": 0.0,
      "identity_verification_seconds": 0.0,
      "identity_check_seconds": 0.002166825986932963,
      "state_hash_seconds": 0.0005311190616339445,
      "clone_seconds": 0.0,
      "restore_seconds": 0.0,
      "file_write_seconds": 7.236999226734042e-05,
      "operation_seconds": 0.17959481297293678,
      "total_phase_seconds": 0.1824327340000309,
      "scope": "file writes include journal intent/add/flush; excludes this timing receipt and checkpoint writes",
      "mode": "stage4_sealed_cell",
      "banner": "sealed Stage 4; scientific admission also requires complete declared populations"
    },
    {
      "phase": "immediate:289",
      "identity_check_kind": "in_memory_structure_and_configuration",
      "recipe_verification_seconds": 0.0,
      "identity_verification_seconds": 0.0,
      "identity_check_seconds": 0.002198254980612546,
      "state_hash_seconds": 0.02323405002243817,
      "clone_seconds": 0.0,
      "restore_seconds": 0.0,
      "file_write_seconds": 6.139796460047364e-05,
      "operation_seconds": 0.07199377001961693,
      "total_phase_seconds": 0.09758788294857368,
      "scope": "file writes include journal intent/add/flush; excludes this timing receipt and checkpoint writes",
      "mode": "stage4_sealed_cell",
      "banner": "sealed Stage 4; scientific admission also requires complete declared populations"
    },
    {
      "phase": "edit:290",
      "identity_check_kind": "in_memory_structure_and_configuration",
      "recipe_verification_seconds": 0.0,
      "identity_verification_seconds": 0.0,
      "identity_check_seconds": 0.0021053969394415617,
      "state_hash_seconds": 0.0005246070213615894,
      "clone_seconds": 0.0,
      "restore_seconds": 0.0,
      "file_write_seconds": 5.782098742201924e-05,
      "operation_seconds": 0.23690373601857573,
      "total_phase_seconds": 0.23965431901160628,
      "scope": "file writes include journal intent/add/flush; excludes this timing receipt and checkpoint writes",
      "mode": "stage4_sealed_cell",
      "banner": "sealed Stage 4; scientific admission also requires complete declared populations"
    },
    {
      "phase": "immediate:290",
      "identity_check_kind": "in_memory_structure_and_configuration",
      "recipe_verification_seconds": 0.0,
      "identity_verification_seconds": 0.0,
      "identity_check_seconds": 0.002152936940547079,
      "state_hash_seconds": 0.022879358963109553,
      "clone_seconds": 0.0,
      "restore_seconds": 0.0,
      "file_write_seconds": 6.179703632369637e-05,
      "operation_seconds": 0.08199913398129866,
      "total_phase_seconds": 0.1071979189873673,
      "scope": "file writes include journal intent/add/flush; excludes this timing receipt and checkpoint writes",
      "mode": "stage4_sealed_cell",
      "banner": "sealed Stage 4; scientific admission also requires complete declared populations"
    },
    {
      "phase": "edit:291",
      "identity_check_kind": "in_memory_structure_and_configuration",
      "recipe_verification_seconds": 0.0,
      "identity_verification_seconds": 0.0,
      "identity_check_seconds": 0.0022338629350997508,
      "state_hash_seconds": 0.0005496940575540066,
      "clone_seconds": 0.0,
      "restore_seconds": 0.0,
      "file_write_seconds": 5.860300734639168e-05,
      "operation_seconds": 0.08961381402332336,
      "total_phase_seconds": 0.09252840297995135,
      "scope": "file writes include journal intent/add/flush; excludes this timing receipt and checkpoint writes",
      "mode": "stage4_sealed_cell",
      "banner": "sealed Stage 4; scientific admission also requires complete declared populations"
    },
    {
      "phase": "immediate:291",
      "identity_check_kind": "in_memory_structure_and_configuration",
      "recipe_verification_seconds": 0.0,
      "identity_verification_seconds": 0.0,
      "identity_check_seconds": 0.0019797560526058078,
      "state_hash_seconds": 0.022541322046890855,
      "clone_seconds": 0.0,
      "restore_seconds": 0.0,
      "file_write_seconds": 6.976502481848001e-05,
      "operation_seconds": 0.07122479501413181,
      "total_phase_seconds": 0.09590110997669399,
      "scope": "file writes include journal intent/add/flush; excludes this timing receipt and checkpoint writes",
      "mode": "stage4_sealed_cell",
      "banner": "sealed Stage 4; scientific admission also requires complete declared populations"
    },
    {
      "phase": "edit:292",
      "identity_check_kind": "in_memory_structure_and_configuration",
      "recipe_verification_seconds": 0.0,
      "identity_verification_seconds": 0.0,
      "identity_check_seconds": 0.002149892970919609,
      "state_hash_seconds": 0.000528284115716815,
      "clone_seconds": 0.0,
      "restore_seconds": 0.0,
      "file_write_seconds": 5.8933976106345654e-05,
      "operation_seconds": 0.13528492400655523,
      "total_phase_seconds": 0.13808963098563254,
      "scope": "file writes include journal intent/add/flush; excludes this timing receipt and checkpoint writes",
      "mode": "stage4_sealed_cell",
      "banner": "sealed Stage 4; scientific admission also requires complete declared populations"
    },
    {
      "phase": "immediate:292",
      "identity_check_kind": "in_memory_structure_and_configuration",
      "recipe_verification_seconds": 0.0,
      "identity_verification_seconds": 0.0,
      "identity_check_seconds": 0.0021406550076790154,
      "state_hash_seconds": 0.023490710998885334,
      "clone_seconds": 0.0,
      "restore_seconds": 0.0,
      "file_write_seconds": 0.004973336006514728,
      "operation_seconds": 0.06958403898170218,
      "total_phase_seconds": 0.10029098700033501,
      "scope": "file writes include journal intent/add/flush; excludes this timing receipt and checkpoint writes",
      "mode": "stage4_sealed_cell",
      "banner": "sealed Stage 4; scientific admission also requires complete declared populations"
    },
    {
      "phase": "edit:293",
      "identity_check_kind": "in_memory_structure_and_configuration",
      "recipe_verification_seconds": 0.0,
      "identity_verification_seconds": 0.0,
      "identity_check_seconds": 0.002046423964202404,
      "state_hash_seconds": 0.0005185839836485684,
      "clone_seconds": 0.0,
      "restore_seconds": 0.0,
      "file_write_seconds": 0.0012015440152026713,
      "operation_seconds": 0.1303138509974815,
      "total_phase_seconds": 0.13414430699776858,
      "scope": "file writes include journal intent/add/flush; excludes this timing receipt and checkpoint writes",
      "mode": "stage4_sealed_cell",
      "banner": "sealed Stage 4; scientific admission also requires complete declared populations"
    },
    {
      "phase": "immediate:293",
      "identity_check_kind": "in_memory_structure_and_configuration",
      "recipe_verification_seconds": 0.0,
      "identity_verification_seconds": 0.0,
      "identity_check_seconds": 0.002186222991440445,
      "state_hash_seconds": 0.023014597012661397,
      "clone_seconds": 0.0,
      "restore_seconds": 0.0,
      "file_write_seconds": 5.848205182701349e-05,
      "operation_seconds": 0.07661953003844246,
      "total_phase_seconds": 0.10197497496847063,
      "scope": "file writes include journal intent/add/flush; excludes this timing receipt and checkpoint writes",
      "mode": "stage4_sealed_cell",
      "banner": "sealed Stage 4; scientific admission also requires complete declared populations"
    },
    {
      "phase": "edit:294",
      "identity_check_kind": "in_memory_structure_and_configuration",
      "recipe_verification_seconds": 0.0,
      "identity_verification_seconds": 0.0,
      "identity_check_seconds": 0.002290151023771614,
      "state_hash_seconds": 0.0005025130813010037,
      "clone_seconds": 0.0,
      "restore_seconds": 0.0,
      "file_write_seconds": 6.007595220580697e-05,
      "operation_seconds": 0.14596452994737774,
      "total_phase_seconds": 0.14888667303603142,
      "scope": "file writes include journal intent/add/flush; excludes this timing receipt and checkpoint writes",
      "mode": "stage4_sealed_cell",
      "banner": "sealed Stage 4; scientific admission also requires complete declared populations"
    },
    {
      "phase": "immediate:294",
      "identity_check_kind": "in_memory_structure_and_configuration",
      "recipe_verification_seconds": 0.0,
      "identity_verification_seconds": 0.0,
      "identity_check_seconds": 0.002136998053174466,
      "state_hash_seconds": 0.023267501965165138,
      "clone_seconds": 0.0,
      "restore_seconds": 0.0,
      "file_write_seconds": 7.963203825056553e-05,
      "operation_seconds": 0.07645123597467318,
      "total_phase_seconds": 0.10204178304411471,
      "scope": "file writes include journal intent/add/flush; excludes this timing receipt and checkpoint writes",
      "mode": "stage4_sealed_cell",
      "banner": "sealed Stage 4; scientific admission also requires complete declared populations"
    },
    {
      "phase": "edit:295",
      "identity_check_kind": "in_memory_structure_and_configuration",
      "recipe_verification_seconds": 0.0,
      "identity_verification_seconds": 0.0,
      "identity_check_seconds": 0.002204587042797357,
      "state_hash_seconds": 0.0005215299315750599,
      "clone_seconds": 0.0,
      "restore_seconds": 0.0,
      "file_write_seconds": 6.0094986110925674e-05,
      "operation_seconds": 0.2506937669822946,
      "total_phase_seconds": 0.25354823004454374,
      "scope": "file writes include journal intent/add/flush; excludes this timing receipt and checkpoint writes",
      "mode": "stage4_sealed_cell",
      "banner": "sealed Stage 4; scientific admission also requires complete declared populations"
    },
    {
      "phase": "immediate:295",
      "identity_check_kind": "in_memory_structure_and_configuration",
      "recipe_verification_seconds": 0.0,
      "identity_verification_seconds": 0.0,
      "identity_check_seconds": 0.0022205879795365036,
      "state_hash_seconds": 0.02340846403967589,
      "clone_seconds": 0.0,
      "restore_seconds": 0.0,
      "file_write_seconds": 6.367196328938007e-05,
      "operation_seconds": 0.08261162898270413,
      "total_phase_seconds": 0.10843910998664796,
      "scope": "file writes include journal intent/add/flush; excludes this timing receipt and checkpoint writes",
      "mode": "stage4_sealed_cell",
      "banner": "sealed Stage 4; scientific admission also requires complete declared populations"
    },
    {
      "phase": "edit:296",
      "identity_check_kind": "in_memory_structure_and_configuration",
      "recipe_verification_seconds": 0.0,
      "identity_verification_seconds": 0.0,
      "identity_check_seconds": 0.002353101968765259,
      "state_hash_seconds": 0.0006081259925849736,
      "clone_seconds": 0.0,
      "restore_seconds": 0.0,
      "file_write_seconds": 5.979608977213502e-05,
      "operation_seconds": 0.17639581899857149,
      "total_phase_seconds": 0.17948939005145803,
      "scope": "file writes include journal intent/add/flush; excludes this timing receipt and checkpoint writes",
      "mode": "stage4_sealed_cell",
      "banner": "sealed Stage 4; scientific admission also requires complete declared populations"
    },
    {
      "phase": "immediate:296",
      "identity_check_kind": "in_memory_structure_and_configuration",
      "recipe_verification_seconds": 0.0,
      "identity_verification_seconds": 0.0,
      "identity_check_seconds": 0.002558126056101173,
      "state_hash_seconds": 0.024894982925616205,
      "clone_seconds": 0.0,
      "restore_seconds": 0.0,
      "file_write_seconds": 6.130698602646589e-05,
      "operation_seconds": 0.08242687402525917,
      "total_phase_seconds": 0.11005767300957814,
      "scope": "file writes include journal intent/add/flush; excludes this timing receipt and checkpoint writes",
      "mode": "stage4_sealed_cell",
      "banner": "sealed Stage 4; scientific admission also requires complete declared populations"
    },
    {
      "phase": "edit:297",
      "identity_check_kind": "in_memory_structure_and_configuration",
      "recipe_verification_seconds": 0.0,
      "identity_verification_seconds": 0.0,
      "identity_check_seconds": 0.0021199349430389702,
      "state_hash_seconds": 0.000521580979693681,
      "clone_seconds": 0.0,
      "restore_seconds": 0.0,
      "file_write_seconds": 5.980499554425478e-05,
      "operation_seconds": 0.1599487829953432,
      "total_phase_seconds": 0.16272070800187066,
      "scope": "file writes include journal intent/add/flush; excludes this timing receipt and checkpoint writes",
      "mode": "stage4_sealed_cell",
      "banner": "sealed Stage 4; scientific admission also requires complete declared populations"
    },
    {
      "phase": "immediate:297",
      "identity_check_kind": "in_memory_structure_and_configuration",
      "recipe_verification_seconds": 0.0,
      "identity_verification_seconds": 0.0,
      "identity_check_seconds": 0.0021135410061106086,
      "state_hash_seconds": 0.023695172916632146,
      "clone_seconds": 0.0,
      "restore_seconds": 0.0,
      "file_write_seconds": 6.130797555670142e-05,
      "operation_seconds": 0.07209137704921886,
      "total_phase_seconds": 0.09806332498556003,
      "scope": "file writes include journal intent/add/flush; excludes this timing receipt and checkpoint writes",
      "mode": "stage4_sealed_cell",
      "banner": "sealed Stage 4; scientific admission also requires complete declared populations"
    },
    {
      "phase": "edit:298",
      "identity_check_kind": "in_memory_structure_and_configuration",
      "recipe_verification_seconds": 0.0,
      "identity_verification_seconds": 0.0,
      "identity_check_seconds": 0.0020359730115160346,
      "state_hash_seconds": 0.00046221603406593204,
      "clone_seconds": 0.0,
      "restore_seconds": 0.0,
      "file_write_seconds": 5.7139957789331675e-05,
      "operation_seconds": 0.12452157598454505,
      "total_phase_seconds": 0.12713722098851576,
      "scope": "file writes include journal intent/add/flush; excludes this timing receipt and checkpoint writes",
      "mode": "stage4_sealed_cell",
      "banner": "sealed Stage 4; scientific admission also requires complete declared populations"
    },
    {
      "phase": "immediate:298",
      "identity_check_kind": "in_memory_structure_and_configuration",
      "recipe_verification_seconds": 0.0,
      "identity_verification_seconds": 0.0,
      "identity_check_seconds": 0.0022742520086467266,
      "state_hash_seconds": 0.0231157909729518,
      "clone_seconds": 0.0,
      "restore_seconds": 0.0,
      "file_write_seconds": 6.007496267557144e-05,
      "operation_seconds": 0.0776925659738481,
      "total_phase_seconds": 0.1032437079702504,
      "scope": "file writes include journal intent/add/flush; excludes this timing receipt and checkpoint writes",
      "mode": "stage4_sealed_cell",
      "banner": "sealed Stage 4; scientific admission also requires complete declared populations"
    },
    {
      "phase": "edit:299",
      "identity_check_kind": "in_memory_structure_and_configuration",
      "recipe_verification_seconds": 0.0,
      "identity_verification_seconds": 0.0,
      "identity_check_seconds": 0.002163737954106182,
      "state_hash_seconds": 0.0005416289204731584,
      "clone_seconds": 0.0,
      "restore_seconds": 0.0,
      "file_write_seconds": 5.8552948758006096e-05,
      "operation_seconds": 0.09872582601383328,
      "total_phase_seconds": 0.10156398796243593,
      "scope": "file writes include journal intent/add/flush; excludes this timing receipt and checkpoint writes",
      "mode": "stage4_sealed_cell",
      "banner": "sealed Stage 4; scientific admission also requires complete declared populations"
    },
    {
      "phase": "immediate:299",
      "identity_check_kind": "in_memory_structure_and_configuration",
      "recipe_verification_seconds": 0.0,
      "identity_verification_seconds": 0.0,
      "identity_check_seconds": 0.002066322951577604,
      "state_hash_seconds": 0.024316064023878425,
      "clone_seconds": 0.0,
      "restore_seconds": 0.0,
      "file_write_seconds": 7.226900197565556e-05,
      "operation_seconds": 0.07120927597861737,
      "total_phase_seconds": 0.09777202602708712,
      "scope": "file writes include journal intent/add/flush; excludes this timing receipt and checkpoint writes",
      "mode": "stage4_sealed_cell",
      "banner": "sealed Stage 4; scientific admission also requires complete declared populations"
    },
    {
      "phase": "edit:300",
      "identity_check_kind": "in_memory_structure_and_configuration",
      "recipe_verification_seconds": 0.0,
      "identity_verification_seconds": 0.0,
      "identity_check_seconds": 0.0022582599776796997,
      "state_hash_seconds": 0.0006731401081196964,
      "clone_seconds": 0.0,
      "restore_seconds": 0.0,
      "file_write_seconds": 5.9373967815190554e-05,
      "operation_seconds": 0.17061987397028133,
      "total_phase_seconds": 0.17368517100112513,
      "scope": "file writes include journal intent/add/flush; excludes this timing receipt and checkpoint writes",
      "mode": "stage4_sealed_cell",
      "banner": "sealed Stage 4; scientific admission also requires complete declared populations"
    },
    {
      "phase": "immediate:300",
      "identity_check_kind": "in_memory_structure_and_configuration",
      "recipe_verification_seconds": 0.0,
      "identity_verification_seconds": 0.0,
      "identity_check_seconds": 0.0021043739980086684,
      "state_hash_seconds": 0.023429060995113105,
      "clone_seconds": 0.0,
      "restore_seconds": 0.0,
      "file_write_seconds": 6.038497667759657e-05,
      "operation_seconds": 0.08098721399437636,
      "total_phase_seconds": 0.10669203900033608,
      "scope": "file writes include journal intent/add/flush; excludes this timing receipt and checkpoint writes",
      "mode": "stage4_sealed_cell",
      "banner": "sealed Stage 4; scientific admission also requires complete declared populations"
    },
    {
      "phase": "retention:300",
      "identity_check_kind": "in_memory_structure_and_configuration",
      "recipe_verification_seconds": 0.0,
      "identity_verification_seconds": 0.0,
      "identity_check_seconds": 0.002244524017442018,
      "state_hash_seconds": 0.023435224080458283,
      "clone_seconds": 0.0,
      "restore_seconds": 0.0,
      "file_write_seconds": 0.007180188957136124,
      "operation_seconds": 23.274358674010728,
      "total_phase_seconds": 23.313268509984482,
      "scope": "file writes include journal intent/add/flush; excludes this timing receipt and checkpoint writes",
      "mode": "stage4_sealed_cell",
      "banner": "sealed Stage 4; scientific admission also requires complete declared populations"
    },
    {
      "phase": "locality:300",
      "identity_check_kind": "in_memory_structure_and_configuration",
      "recipe_verification_seconds": 0.0,
      "identity_verification_seconds": 0.0,
      "identity_check_seconds": 0.002221189031843096,
      "state_hash_seconds": 0.0243418519385159,
      "clone_seconds": 0.0,
      "restore_seconds": 0.0,
      "file_write_seconds": 0.0009659019997343421,
      "operation_seconds": 6.326471162028611,
      "total_phase_seconds": 6.355380834022071,
      "scope": "file writes include journal intent/add/flush; excludes this timing receipt and checkpoint writes",
      "mode": "stage4_sealed_cell",
      "banner": "sealed Stage 4; scientific admission also requires complete declared populations"
    },
    {
      "phase": "unseen:300",
      "identity_check_kind": "in_memory_structure_and_configuration",
      "recipe_verification_seconds": 0.0,
      "identity_verification_seconds": 0.0,
      "identity_check_seconds": 0.0020561619894579053,
      "state_hash_seconds": 0.022569252003449947,
      "clone_seconds": 0.0,
      "restore_seconds": 0.0,
      "file_write_seconds": 0.11663060507271439,
      "operation_seconds": 62.537789634021465,
      "total_phase_seconds": 62.681175270001404,
      "scope": "file writes include journal intent/add/flush; excludes this timing receipt and checkpoint writes",
      "mode": "stage4_sealed_cell",
      "banner": "sealed Stage 4; scientific admission also requires complete declared populations"
    },
    {
      "phase": "near_miss:300",
      "identity_check_kind": "in_memory_structure_and_configuration",
      "recipe_verification_seconds": 0.0,
      "identity_verification_seconds": 0.0,
      "identity_check_seconds": 0.002219044021330774,
      "state_hash_seconds": 0.029243580938782543,
      "clone_seconds": 0.0017668280052021146,
      "restore_seconds": 0.018143136985599995,
      "file_write_seconds": 0.0049059169832617044,
      "operation_seconds": 83.38926338800229,
      "total_phase_seconds": 83.4498472000123,
      "scope": "file writes include journal intent/add/flush; excludes this timing receipt and checkpoint writes",
      "mode": "stage4_sealed_cell",
      "banner": "sealed Stage 4; scientific admission also requires complete declared populations"
    },
    {
      "phase": "revision:300",
      "identity_check_kind": "in_memory_structure_and_configuration",
      "recipe_verification_seconds": 0.0,
      "identity_verification_seconds": 0.0,
      "identity_check_seconds": 0.0021112170652486384,
      "state_hash_seconds": 0.029955006029922515,
      "clone_seconds": 0.0015869030030444264,
      "restore_seconds": 0.01748691900866106,
      "file_write_seconds": 0.0038674050010740757,
      "operation_seconds": 48.2872166329762,
      "total_phase_seconds": 48.345198126044124,
      "scope": "file writes include journal intent/add/flush; excludes this timing receipt and checkpoint writes",
      "mode": "stage4_sealed_cell",
      "banner": "sealed Stage 4; scientific admission also requires complete declared populations"
    },
    {
      "phase": "composition:300",
      "identity_check_kind": "in_memory_structure_and_configuration",
      "recipe_verification_seconds": 0.0,
      "identity_verification_seconds": 0.0,
      "identity_check_seconds": 0.0021609030081890523,
      "state_hash_seconds": 0.028768479940481484,
      "clone_seconds": 0.0015711119631305337,
      "restore_seconds": 0.01737143797799945,
      "file_write_seconds": 0.007272464979905635,
      "operation_seconds": 62.97476535401074,
      "total_phase_seconds": 63.03847804601537,
      "scope": "file writes include journal intent/add/flush; excludes this timing receipt and checkpoint writes",
      "mode": "stage4_sealed_cell",
      "banner": "sealed Stage 4; scientific admission also requires complete declared populations"
    },
    {
      "phase": "drift:300",
      "identity_check_kind": "in_memory_structure_and_configuration",
      "recipe_verification_seconds": 0.0,
      "identity_verification_seconds": 0.0,
      "identity_check_seconds": 0.0020847470150329173,
      "state_hash_seconds": 0.02385071007302031,
      "clone_seconds": 0.0,
      "restore_seconds": 0.0,
      "file_write_seconds": 0.0866813919856213,
      "operation_seconds": 56.84336569998413,
      "total_phase_seconds": 57.18240833602613,
      "scope": "file writes include journal intent/add/flush; excludes this timing receipt and checkpoint writes",
      "mode": "stage4_sealed_cell",
      "banner": "sealed Stage 4; scientific admission also requires complete declared populations"
    },
    {
      "phase": "full_validation:300",
      "identity_check_kind": "in_memory_structure_and_configuration",
      "recipe_verification_seconds": 0.0,
      "identity_verification_seconds": 0.0,
      "identity_check_seconds": 0.0022087840479798615,
      "state_hash_seconds": 0.023060990031808615,
      "clone_seconds": 0.0,
      "restore_seconds": 0.0,
      "file_write_seconds": 6.431399378925562e-05,
      "operation_seconds": 812.950336245005,
      "total_phase_seconds": 812.9789993669838,
      "scope": "file writes include journal intent/add/flush; excludes this timing receipt and checkpoint writes",
      "mode": "stage4_sealed_cell",
      "banner": "sealed Stage 4; scientific admission also requires complete declared populations"
    }
  ],
  "boundary_identity_checks": [
    {
      "boundary": "attempt_start",
      "kind": "full_recipe_and_adapter_rehash",
      "seconds": 1.1347745300154202
    },
    {
      "boundary": "checkpoint:100",
      "kind": "full_recipe_and_adapter_rehash",
      "seconds": 1.1295119400019757
    },
    {
      "boundary": "checkpoint:300",
      "kind": "full_recipe_and_adapter_rehash",
      "seconds": 1.1250485339551233
    },
    {
      "boundary": "completion",
      "kind": "full_recipe_and_adapter_rehash",
      "seconds": 1.1237732289591804
    }
  ],
  "boundary_identity_seconds": 4.5131082329317,
  "identity_policy": "full rehash at attempt start, resume after restore, every checkpoint before receipt, and completion; cheap immutable memory check each phase",
  "mode": "stage4_sealed_cell"
}
