{
  "status": "complete",
  "completed_checkpoint": 300,
  "cell": {
    "condition": "R1_nonlearned",
    "dataset": "mquake",
    "order": 102,
    "realization": 1
  },
  "run_dir": "/home/derp/cap/pc_cap/results/R1/stage4_sealed_cells/R1_nonlearned-mquake-1-102-214a0ab1d36040de2a9c",
  "attempt_dir": "/home/derp/cap/pc_cap/results/R1/stage4_sealed_cells/R1_nonlearned-mquake-1-102-214a0ab1d36040de2a9c/attempt-0000",
  "last_receipt_sha256": "8058819d11ee5e9ca959ab42ab9702ed259b26daad3cf3587841d172f0b6ca78",
  "banner": "sealed Stage 4; scientific admission also requires complete declared populations",
  "manifest_sha256": "0baa8bc02eb442b04d299cff2a67fda1b75e00692ad712cef35a9fb468ff1407",
  "integrity_profile": "incremental",
  "phase_timer_summary": {
    "edit": {
      "count": 300,
      "errors": 0,
      "wall_seconds": 53.82156657066662,
      "operation_seconds": 53.03167273418512
    },
    "immediate": {
      "count": 300,
      "errors": 0,
      "wall_seconds": 21.248101093340665,
      "operation_seconds": 16.936133035167586
    },
    "retention": {
      "count": 2,
      "errors": 0,
      "wall_seconds": 29.618547070014756,
      "operation_seconds": 29.57081066898536
    },
    "locality": {
      "count": 2,
      "errors": 0,
      "wall_seconds": 12.563346672046464,
      "operation_seconds": 12.523333859979175
    },
    "unseen": {
      "count": 2,
      "errors": 0,
      "wall_seconds": 119.3453616470797,
      "operation_seconds": 119.30381194094662
    },
    "drift": {
      "count": 2,
      "errors": 0,
      "wall_seconds": 118.85677061101887,
      "operation_seconds": 118.52368647803087
    },
    "near_miss": {
      "count": 1,
      "errors": 0,
      "wall_seconds": 86.10550034797052,
      "operation_seconds": 86.04925791197456
    },
    "revision": {
      "count": 1,
      "errors": 0,
      "wall_seconds": 49.69435455900384,
      "operation_seconds": 49.640044908970594
    },
    "composition": {
      "count": 1,
      "errors": 0,
      "wall_seconds": 60.59266880498035,
      "operation_seconds": 60.53472498699557
    },
    "full_validation": {
      "count": 1,
      "errors": 0,
      "wall_seconds": 824.4842041940428,
      "operation_seconds": 824.4540161330369
    }
  },
  "phase_timer_scope": "this attempt, verification/clone/operation/restore; excludes phase-file writes and admission/resume",
  "attempt_wall_seconds": 1384.8550526190083,
  "prior_attempt_timer_summary": {},
  "detailed_phase_timers": [
    {
      "phase": "edit:1",
      "identity_check_kind": "in_memory_structure_and_configuration",
      "recipe_verification_seconds": 0.0,
      "identity_verification_seconds": 0.0,
      "identity_check_seconds": 0.0022209679591469467,
      "state_hash_seconds": 5.9022975619882345e-05,
      "clone_seconds": 0.0,
      "restore_seconds": 0.0,
      "file_write_seconds": 0.0011453949846327305,
      "operation_seconds": 4.482149335963186,
      "total_phase_seconds": 4.48566511599347,
      "scope": "file writes include journal intent/add/flush; excludes this timing receipt and checkpoint writes",
      "mode": "stage4_sealed_cell",
      "banner": "sealed Stage 4; scientific admission also requires complete declared populations"
    },
    {
      "phase": "immediate:1",
      "identity_check_kind": "in_memory_structure_and_configuration",
      "recipe_verification_seconds": 0.0,
      "identity_verification_seconds": 0.0,
      "identity_check_seconds": 0.002244451956357807,
      "state_hash_seconds": 0.0003604399971663952,
      "clone_seconds": 0.0,
      "restore_seconds": 0.0,
      "file_write_seconds": 7.322995224967599e-05,
      "operation_seconds": 0.505927822960075,
      "total_phase_seconds": 0.5086973709985614,
      "scope": "file writes include journal intent/add/flush; excludes this timing receipt and checkpoint writes",
      "mode": "stage4_sealed_cell",
      "banner": "sealed Stage 4; scientific admission also requires complete declared populations"
    },
    {
      "phase": "edit:2",
      "identity_check_kind": "in_memory_structure_and_configuration",
      "recipe_verification_seconds": 0.0,
      "identity_verification_seconds": 0.0,
      "identity_check_seconds": 0.0022352050291374326,
      "state_hash_seconds": 6.0515012592077255e-05,
      "clone_seconds": 0.0,
      "restore_seconds": 0.0,
      "file_write_seconds": 6.128696259111166e-05,
      "operation_seconds": 0.1365561509737745,
      "total_phase_seconds": 0.13898449501721188,
      "scope": "file writes include journal intent/add/flush; excludes this timing receipt and checkpoint writes",
      "mode": "stage4_sealed_cell",
      "banner": "sealed Stage 4; scientific admission also requires complete declared populations"
    },
    {
      "phase": "immediate:2",
      "identity_check_kind": "in_memory_structure_and_configuration",
      "recipe_verification_seconds": 0.0,
      "identity_verification_seconds": 0.0,
      "identity_check_seconds": 0.0020894649787805974,
      "state_hash_seconds": 0.00041853199945762753,
      "clone_seconds": 0.0,
      "restore_seconds": 0.0,
      "file_write_seconds": 6.596697494387627e-05,
      "operation_seconds": 0.021297322993632406,
      "total_phase_seconds": 0.02394969598390162,
      "scope": "file writes include journal intent/add/flush; excludes this timing receipt and checkpoint writes",
      "mode": "stage4_sealed_cell",
      "banner": "sealed Stage 4; scientific admission also requires complete declared populations"
    },
    {
      "phase": "edit:3",
      "identity_check_kind": "in_memory_structure_and_configuration",
      "recipe_verification_seconds": 0.0,
      "identity_verification_seconds": 0.0,
      "identity_check_seconds": 0.0020683350157923996,
      "state_hash_seconds": 7.079495117068291e-05,
      "clone_seconds": 0.0,
      "restore_seconds": 0.0,
      "file_write_seconds": 5.91329880990088e-05,
      "operation_seconds": 0.21572885900968686,
      "total_phase_seconds": 0.21799302898580208,
      "scope": "file writes include journal intent/add/flush; excludes this timing receipt and checkpoint writes",
      "mode": "stage4_sealed_cell",
      "banner": "sealed Stage 4; scientific admission also requires complete declared populations"
    },
    {
      "phase": "immediate:3",
      "identity_check_kind": "in_memory_structure_and_configuration",
      "recipe_verification_seconds": 0.0,
      "identity_verification_seconds": 0.0,
      "identity_check_seconds": 0.002141183940693736,
      "state_hash_seconds": 0.0004999481025151908,
      "clone_seconds": 0.0,
      "restore_seconds": 0.0,
      "file_write_seconds": 8.290901314467192e-05,
      "operation_seconds": 0.02489585999865085,
      "total_phase_seconds": 0.027720584999769926,
      "scope": "file writes include journal intent/add/flush; excludes this timing receipt and checkpoint writes",
      "mode": "stage4_sealed_cell",
      "banner": "sealed Stage 4; scientific admission also requires complete declared populations"
    },
    {
      "phase": "edit:4",
      "identity_check_kind": "in_memory_structure_and_configuration",
      "recipe_verification_seconds": 0.0,
      "identity_verification_seconds": 0.0,
      "identity_check_seconds": 0.0020104030845686793,
      "state_hash_seconds": 6.293097976595163e-05,
      "clone_seconds": 0.0,
      "restore_seconds": 0.0,
      "file_write_seconds": 5.950400372967124e-05,
      "operation_seconds": 0.6697572609991767,
      "total_phase_seconds": 0.6719575580209494,
      "scope": "file writes include journal intent/add/flush; excludes this timing receipt and checkpoint writes",
      "mode": "stage4_sealed_cell",
      "banner": "sealed Stage 4; scientific admission also requires complete declared populations"
    },
    {
      "phase": "immediate:4",
      "identity_check_kind": "in_memory_structure_and_configuration",
      "recipe_verification_seconds": 0.0,
      "identity_verification_seconds": 0.0,
      "identity_check_seconds": 0.0020972290076315403,
      "state_hash_seconds": 0.0005369579885154963,
      "clone_seconds": 0.0,
      "restore_seconds": 0.0,
      "file_write_seconds": 5.823100218549371e-05,
      "operation_seconds": 0.03021793201332912,
      "total_phase_seconds": 0.03298899397486821,
      "scope": "file writes include journal intent/add/flush; excludes this timing receipt and checkpoint writes",
      "mode": "stage4_sealed_cell",
      "banner": "sealed Stage 4; scientific admission also requires complete declared populations"
    },
    {
      "phase": "edit:5",
      "identity_check_kind": "in_memory_structure_and_configuration",
      "recipe_verification_seconds": 0.0,
      "identity_verification_seconds": 0.0,
      "identity_check_seconds": 0.002033247030340135,
      "state_hash_seconds": 7.491506403312087e-05,
      "clone_seconds": 0.0,
      "restore_seconds": 0.0,
      "file_write_seconds": 6.0405058320611715e-05,
      "operation_seconds": 0.18622139899525791,
      "total_phase_seconds": 0.18846031097928062,
      "scope": "file writes include journal intent/add/flush; excludes this timing receipt and checkpoint writes",
      "mode": "stage4_sealed_cell",
      "banner": "sealed Stage 4; scientific admission also requires complete declared populations"
    },
    {
      "phase": "immediate:5",
      "identity_check_kind": "in_memory_structure_and_configuration",
      "recipe_verification_seconds": 0.0,
      "identity_verification_seconds": 0.0,
      "identity_check_seconds": 0.0021978330332785845,
      "state_hash_seconds": 0.0007027669926173985,
      "clone_seconds": 0.0,
      "restore_seconds": 0.0,
      "file_write_seconds": 5.862198304384947e-05,
      "operation_seconds": 0.03307886503171176,
      "total_phase_seconds": 0.03612581599736586,
      "scope": "file writes include journal intent/add/flush; excludes this timing receipt and checkpoint writes",
      "mode": "stage4_sealed_cell",
      "banner": "sealed Stage 4; scientific admission also requires complete declared populations"
    },
    {
      "phase": "edit:6",
      "identity_check_kind": "in_memory_structure_and_configuration",
      "recipe_verification_seconds": 0.0,
      "identity_verification_seconds": 0.0,
      "identity_check_seconds": 0.0019037790480069816,
      "state_hash_seconds": 6.008596392348409e-05,
      "clone_seconds": 0.0,
      "restore_seconds": 0.0,
      "file_write_seconds": 6.077601574361324e-05,
      "operation_seconds": 0.1603573929751292,
      "total_phase_seconds": 0.16244097700109705,
      "scope": "file writes include journal intent/add/flush; excludes this timing receipt and checkpoint writes",
      "mode": "stage4_sealed_cell",
      "banner": "sealed Stage 4; scientific admission also requires complete declared populations"
    },
    {
      "phase": "immediate:6",
      "identity_check_kind": "in_memory_structure_and_configuration",
      "recipe_verification_seconds": 0.0,
      "identity_verification_seconds": 0.0,
      "identity_check_seconds": 0.0021718539646826684,
      "state_hash_seconds": 0.0007785609341226518,
      "clone_seconds": 0.0,
      "restore_seconds": 0.0,
      "file_write_seconds": 5.762098589912057e-05,
      "operation_seconds": 0.026930821011774242,
      "total_phase_seconds": 0.030021925980690867,
      "scope": "file writes include journal intent/add/flush; excludes this timing receipt and checkpoint writes",
      "mode": "stage4_sealed_cell",
      "banner": "sealed Stage 4; scientific admission also requires complete declared populations"
    },
    {
      "phase": "edit:7",
      "identity_check_kind": "in_memory_structure_and_configuration",
      "recipe_verification_seconds": 0.0,
      "identity_verification_seconds": 0.0,
      "identity_check_seconds": 0.001964415016118437,
      "state_hash_seconds": 7.66569864936173e-05,
      "clone_seconds": 0.0,
      "restore_seconds": 0.0,
      "file_write_seconds": 6.0466001741588116e-05,
      "operation_seconds": 0.09599499398609623,
      "total_phase_seconds": 0.09816333005437627,
      "scope": "file writes include journal intent/add/flush; excludes this timing receipt and checkpoint writes",
      "mode": "stage4_sealed_cell",
      "banner": "sealed Stage 4; scientific admission also requires complete declared populations"
    },
    {
      "phase": "immediate:7",
      "identity_check_kind": "in_memory_structure_and_configuration",
      "recipe_verification_seconds": 0.0,
      "identity_verification_seconds": 0.0,
      "identity_check_seconds": 0.0021129909437149763,
      "state_hash_seconds": 0.0008389479480683804,
      "clone_seconds": 0.0,
      "restore_seconds": 0.0,
      "file_write_seconds": 5.723896902054548e-05,
      "operation_seconds": 0.020759170991368592,
      "total_phase_seconds": 0.023848112032283098,
      "scope": "file writes include journal intent/add/flush; excludes this timing receipt and checkpoint writes",
      "mode": "stage4_sealed_cell",
      "banner": "sealed Stage 4; scientific admission also requires complete declared populations"
    },
    {
      "phase": "edit:8",
      "identity_check_kind": "in_memory_structure_and_configuration",
      "recipe_verification_seconds": 0.0,
      "identity_verification_seconds": 0.0,
      "identity_check_seconds": 0.0020989530021324754,
      "state_hash_seconds": 8.831004379317164e-05,
      "clone_seconds": 0.0,
      "restore_seconds": 0.0,
      "file_write_seconds": 5.869200685992837e-05,
      "operation_seconds": 0.11141764500644058,
      "total_phase_seconds": 0.11373158101923764,
      "scope": "file writes include journal intent/add/flush; excludes this timing receipt and checkpoint writes",
      "mode": "stage4_sealed_cell",
      "banner": "sealed Stage 4; scientific admission also requires complete declared populations"
    },
    {
      "phase": "immediate:8",
      "identity_check_kind": "in_memory_structure_and_configuration",
      "recipe_verification_seconds": 0.0,
      "identity_verification_seconds": 0.0,
      "identity_check_seconds": 0.0021752399625256658,
      "state_hash_seconds": 0.0009234009776264429,
      "clone_seconds": 0.0,
      "restore_seconds": 0.0,
      "file_write_seconds": 5.701999180018902e-05,
      "operation_seconds": 0.02354157401714474,
      "total_phase_seconds": 0.026784951973240823,
      "scope": "file writes include journal intent/add/flush; excludes this timing receipt and checkpoint writes",
      "mode": "stage4_sealed_cell",
      "banner": "sealed Stage 4; scientific admission also requires complete declared populations"
    },
    {
      "phase": "edit:9",
      "identity_check_kind": "in_memory_structure_and_configuration",
      "recipe_verification_seconds": 0.0,
      "identity_verification_seconds": 0.0,
      "identity_check_seconds": 0.0019131570006720722,
      "state_hash_seconds": 6.528501398861408e-05,
      "clone_seconds": 0.0,
      "restore_seconds": 0.0,
      "file_write_seconds": 5.942396819591522e-05,
      "operation_seconds": 0.15981353097595274,
      "total_phase_seconds": 0.1619138660025783,
      "scope": "file writes include journal intent/add/flush; excludes this timing receipt and checkpoint writes",
      "mode": "stage4_sealed_cell",
      "banner": "sealed Stage 4; scientific admission also requires complete declared populations"
    },
    {
      "phase": "immediate:9",
      "identity_check_kind": "in_memory_structure_and_configuration",
      "recipe_verification_seconds": 0.0,
      "identity_verification_seconds": 0.0,
      "identity_check_seconds": 0.002307893999386579,
      "state_hash_seconds": 0.0009809599141590297,
      "clone_seconds": 0.0,
      "restore_seconds": 0.0,
      "file_write_seconds": 6.015499820932746e-05,
      "operation_seconds": 0.026704367017373443,
      "total_phase_seconds": 0.030145012016873807,
      "scope": "file writes include journal intent/add/flush; excludes this timing receipt and checkpoint writes",
      "mode": "stage4_sealed_cell",
      "banner": "sealed Stage 4; scientific admission also requires complete declared populations"
    },
    {
      "phase": "edit:10",
      "identity_check_kind": "in_memory_structure_and_configuration",
      "recipe_verification_seconds": 0.0,
      "identity_verification_seconds": 0.0,
      "identity_check_seconds": 0.0020205630571581423,
      "state_hash_seconds": 8.553400402888656e-05,
      "clone_seconds": 0.0,
      "restore_seconds": 0.0,
      "file_write_seconds": 5.857303040102124e-05,
      "operation_seconds": 0.1231176020228304,
      "total_phase_seconds": 0.12534729595063254,
      "scope": "file writes include journal intent/add/flush; excludes this timing receipt and checkpoint writes",
      "mode": "stage4_sealed_cell",
      "banner": "sealed Stage 4; scientific admission also requires complete declared populations"
    },
    {
      "phase": "immediate:10",
      "identity_check_kind": "in_memory_structure_and_configuration",
      "recipe_verification_seconds": 0.0,
      "identity_verification_seconds": 0.0,
      "identity_check_seconds": 0.0020631449879147112,
      "state_hash_seconds": 0.0009961999021470547,
      "clone_seconds": 0.0,
      "restore_seconds": 0.0,
      "file_write_seconds": 6.679701618850231e-05,
      "operation_seconds": 0.022670224017929286,
      "total_phase_seconds": 0.025884114031214267,
      "scope": "file writes include journal intent/add/flush; excludes this timing receipt and checkpoint writes",
      "mode": "stage4_sealed_cell",
      "banner": "sealed Stage 4; scientific admission also requires complete declared populations"
    },
    {
      "phase": "edit:11",
      "identity_check_kind": "in_memory_structure_and_configuration",
      "recipe_verification_seconds": 0.0,
      "identity_verification_seconds": 0.0,
      "identity_check_seconds": 0.0019408000516705215,
      "state_hash_seconds": 7.105601252987981e-05,
      "clone_seconds": 0.0,
      "restore_seconds": 0.0,
      "file_write_seconds": 5.9354002587497234e-05,
      "operation_seconds": 0.15510901302332059,
      "total_phase_seconds": 0.15724224201403558,
      "scope": "file writes include journal intent/add/flush; excludes this timing receipt and checkpoint writes",
      "mode": "stage4_sealed_cell",
      "banner": "sealed Stage 4; scientific admission also requires complete declared populations"
    },
    {
      "phase": "immediate:11",
      "identity_check_kind": "in_memory_structure_and_configuration",
      "recipe_verification_seconds": 0.0,
      "identity_verification_seconds": 0.0,
      "identity_check_seconds": 0.0020661300513893366,
      "state_hash_seconds": 0.0011303579085506499,
      "clone_seconds": 0.0,
      "restore_seconds": 0.0,
      "file_write_seconds": 5.706906085833907e-05,
      "operation_seconds": 0.031174204021226615,
      "total_phase_seconds": 0.0345047379960306,
      "scope": "file writes include journal intent/add/flush; excludes this timing receipt and checkpoint writes",
      "mode": "stage4_sealed_cell",
      "banner": "sealed Stage 4; scientific admission also requires complete declared populations"
    },
    {
      "phase": "edit:12",
      "identity_check_kind": "in_memory_structure_and_configuration",
      "recipe_verification_seconds": 0.0,
      "identity_verification_seconds": 0.0,
      "identity_check_seconds": 0.00198405294213444,
      "state_hash_seconds": 6.960402242839336e-05,
      "clone_seconds": 0.0,
      "restore_seconds": 0.0,
      "file_write_seconds": 6.118702003732324e-05,
      "operation_seconds": 0.19908846297767013,
      "total_phase_seconds": 0.2012635720311664,
      "scope": "file writes include journal intent/add/flush; excludes this timing receipt and checkpoint writes",
      "mode": "stage4_sealed_cell",
      "banner": "sealed Stage 4; scientific admission also requires complete declared populations"
    },
    {
      "phase": "immediate:12",
      "identity_check_kind": "in_memory_structure_and_configuration",
      "recipe_verification_seconds": 0.0,
      "identity_verification_seconds": 0.0,
      "identity_check_seconds": 0.002035059966146946,
      "state_hash_seconds": 0.001332033018115908,
      "clone_seconds": 0.0,
      "restore_seconds": 0.0,
      "file_write_seconds": 6.142701022326946e-05,
      "operation_seconds": 0.03244103299221024,
      "total_phase_seconds": 0.03595206298632547,
      "scope": "file writes include journal intent/add/flush; excludes this timing receipt and checkpoint writes",
      "mode": "stage4_sealed_cell",
      "banner": "sealed Stage 4; scientific admission also requires complete declared populations"
    },
    {
      "phase": "edit:13",
      "identity_check_kind": "in_memory_structure_and_configuration",
      "recipe_verification_seconds": 0.0,
      "identity_verification_seconds": 0.0,
      "identity_check_seconds": 0.0022894080029800534,
      "state_hash_seconds": 9.121501352638006e-05,
      "clone_seconds": 0.0,
      "restore_seconds": 0.0,
      "file_write_seconds": 6.146804662421346e-05,
      "operation_seconds": 0.14499438501661643,
      "total_phase_seconds": 0.14750515797641128,
      "scope": "file writes include journal intent/add/flush; excludes this timing receipt and checkpoint writes",
      "mode": "stage4_sealed_cell",
      "banner": "sealed Stage 4; scientific admission also requires complete declared populations"
    },
    {
      "phase": "immediate:13",
      "identity_check_kind": "in_memory_structure_and_configuration",
      "recipe_verification_seconds": 0.0,
      "identity_verification_seconds": 0.0,
      "identity_check_seconds": 0.002196461020503193,
      "state_hash_seconds": 0.0013446969678625464,
      "clone_seconds": 0.0,
      "restore_seconds": 0.0,
      "file_write_seconds": 5.609804065898061e-05,
      "operation_seconds": 0.03189343400299549,
      "total_phase_seconds": 0.03557150304550305,
      "scope": "file writes include journal intent/add/flush; excludes this timing receipt and checkpoint writes",
      "mode": "stage4_sealed_cell",
      "banner": "sealed Stage 4; scientific admission also requires complete declared populations"
    },
    {
      "phase": "edit:14",
      "identity_check_kind": "in_memory_structure_and_configuration",
      "recipe_verification_seconds": 0.0,
      "identity_verification_seconds": 0.0,
      "identity_check_seconds": 0.0020092910272069275,
      "state_hash_seconds": 9.707699064165354e-05,
      "clone_seconds": 0.0,
      "restore_seconds": 0.0,
      "file_write_seconds": 6.203801603987813e-05,
      "operation_seconds": 0.12348592799389735,
      "total_phase_seconds": 0.12573112099198624,
      "scope": "file writes include journal intent/add/flush; excludes this timing receipt and checkpoint writes",
      "mode": "stage4_sealed_cell",
      "banner": "sealed Stage 4; scientific admission also requires complete declared populations"
    },
    {
      "phase": "immediate:14",
      "identity_check_kind": "in_memory_structure_and_configuration",
      "recipe_verification_seconds": 0.0,
      "identity_verification_seconds": 0.0,
      "identity_check_seconds": 0.002303385001141578,
      "state_hash_seconds": 0.0013568410649895668,
      "clone_seconds": 0.0,
      "restore_seconds": 0.0,
      "file_write_seconds": 5.652901018038392e-05,
      "operation_seconds": 0.02348244097083807,
      "total_phase_seconds": 0.02729299495695159,
      "scope": "file writes include journal intent/add/flush; excludes this timing receipt and checkpoint writes",
      "mode": "stage4_sealed_cell",
      "banner": "sealed Stage 4; scientific admission also requires complete declared populations"
    },
    {
      "phase": "edit:15",
      "identity_check_kind": "in_memory_structure_and_configuration",
      "recipe_verification_seconds": 0.0,
      "identity_verification_seconds": 0.0,
      "identity_check_seconds": 0.001975125982426107,
      "state_hash_seconds": 8.690700633451343e-05,
      "clone_seconds": 0.0,
      "restore_seconds": 0.0,
      "file_write_seconds": 5.9672980569303036e-05,
      "operation_seconds": 0.1485829139710404,
      "total_phase_seconds": 0.15077239100355655,
      "scope": "file writes include journal intent/add/flush; excludes this timing receipt and checkpoint writes",
      "mode": "stage4_sealed_cell",
      "banner": "sealed Stage 4; scientific admission also requires complete declared populations"
    },
    {
      "phase": "immediate:15",
      "identity_check_kind": "in_memory_structure_and_configuration",
      "recipe_verification_seconds": 0.0,
      "identity_verification_seconds": 0.0,
      "identity_check_seconds": 0.001944919058587402,
      "state_hash_seconds": 0.0014808389823883772,
      "clone_seconds": 0.0,
      "restore_seconds": 0.0,
      "file_write_seconds": 5.826196866109967e-05,
      "operation_seconds": 0.03267723601311445,
      "total_phase_seconds": 0.036236479005310684,
      "scope": "file writes include journal intent/add/flush; excludes this timing receipt and checkpoint writes",
      "mode": "stage4_sealed_cell",
      "banner": "sealed Stage 4; scientific admission also requires complete declared populations"
    },
    {
      "phase": "edit:16",
      "identity_check_kind": "in_memory_structure_and_configuration",
      "recipe_verification_seconds": 0.0,
      "identity_verification_seconds": 0.0,
      "identity_check_seconds": 0.0019046110101044178,
      "state_hash_seconds": 9.66260558925569e-05,
      "clone_seconds": 0.0,
      "restore_seconds": 0.0,
      "file_write_seconds": 5.935394437983632e-05,
      "operation_seconds": 0.1726175340008922,
      "total_phase_seconds": 0.1747418050072156,
      "scope": "file writes include journal intent/add/flush; excludes this timing receipt and checkpoint writes",
      "mode": "stage4_sealed_cell",
      "banner": "sealed Stage 4; scientific admission also requires complete declared populations"
    },
    {
      "phase": "immediate:16",
      "identity_check_kind": "in_memory_structure_and_configuration",
      "recipe_verification_seconds": 0.0,
      "identity_verification_seconds": 0.0,
      "identity_check_seconds": 0.0020850470173172653,
      "state_hash_seconds": 0.0015324989799410105,
      "clone_seconds": 0.0,
      "restore_seconds": 0.0,
      "file_write_seconds": 0.004487671016249806,
      "operation_seconds": 0.04021096701035276,
      "total_phase_seconds": 0.048399621970020235,
      "scope": "file writes include journal intent/add/flush; excludes this timing receipt and checkpoint writes",
      "mode": "stage4_sealed_cell",
      "banner": "sealed Stage 4; scientific admission also requires complete declared populations"
    },
    {
      "phase": "edit:17",
      "identity_check_kind": "in_memory_structure_and_configuration",
      "recipe_verification_seconds": 0.0,
      "identity_verification_seconds": 0.0,
      "identity_check_seconds": 0.002103973994962871,
      "state_hash_seconds": 8.192704990506172e-05,
      "clone_seconds": 0.0,
      "restore_seconds": 0.0,
      "file_write_seconds": 0.001207876019179821,
      "operation_seconds": 0.08525052899494767,
      "total_phase_seconds": 0.088712474971544,
      "scope": "file writes include journal intent/add/flush; excludes this timing receipt and checkpoint writes",
      "mode": "stage4_sealed_cell",
      "banner": "sealed Stage 4; scientific admission also requires complete declared populations"
    },
    {
      "phase": "immediate:17",
      "identity_check_kind": "in_memory_structure_and_configuration",
      "recipe_verification_seconds": 0.0,
      "identity_verification_seconds": 0.0,
      "identity_check_seconds": 0.0020380469504743814,
      "state_hash_seconds": 0.0015320369857363403,
      "clone_seconds": 0.0,
      "restore_seconds": 0.0,
      "file_write_seconds": 6.119697354733944e-05,
      "operation_seconds": 0.023140134988352656,
      "total_phase_seconds": 0.026850736991036683,
      "scope": "file writes include journal intent/add/flush; excludes this timing receipt and checkpoint writes",
      "mode": "stage4_sealed_cell",
      "banner": "sealed Stage 4; scientific admission also requires complete declared populations"
    },
    {
      "phase": "edit:18",
      "identity_check_kind": "in_memory_structure_and_configuration",
      "recipe_verification_seconds": 0.0,
      "identity_verification_seconds": 0.0,
      "identity_check_seconds": 0.002103562990669161,
      "state_hash_seconds": 8.389097638428211e-05,
      "clone_seconds": 0.0,
      "restore_seconds": 0.0,
      "file_write_seconds": 5.9193000197410583e-05,
      "operation_seconds": 0.12343443901045248,
      "total_phase_seconds": 0.1257436559535563,
      "scope": "file writes include journal intent/add/flush; excludes this timing receipt and checkpoint writes",
      "mode": "stage4_sealed_cell",
      "banner": "sealed Stage 4; scientific admission also requires complete declared populations"
    },
    {
      "phase": "immediate:18",
      "identity_check_kind": "in_memory_structure_and_configuration",
      "recipe_verification_seconds": 0.0,
      "identity_verification_seconds": 0.0,
      "identity_check_seconds": 0.0021161360200494528,
      "state_hash_seconds": 0.0015865509631112218,
      "clone_seconds": 0.0,
      "restore_seconds": 0.0,
      "file_write_seconds": 6.181903881952167e-05,
      "operation_seconds": 0.025034826016053557,
      "total_phase_seconds": 0.02887995698256418,
      "scope": "file writes include journal intent/add/flush; excludes this timing receipt and checkpoint writes",
      "mode": "stage4_sealed_cell",
      "banner": "sealed Stage 4; scientific admission also requires complete declared populations"
    },
    {
      "phase": "edit:19",
      "identity_check_kind": "in_memory_structure_and_configuration",
      "recipe_verification_seconds": 0.0,
      "identity_verification_seconds": 0.0,
      "identity_check_seconds": 0.0019575630431063473,
      "state_hash_seconds": 9.417801629751921e-05,
      "clone_seconds": 0.0,
      "restore_seconds": 0.0,
      "file_write_seconds": 6.283004768192768e-05,
      "operation_seconds": 0.09680899302475154,
      "total_phase_seconds": 0.09899613604648039,
      "scope": "file writes include journal intent/add/flush; excludes this timing receipt and checkpoint writes",
      "mode": "stage4_sealed_cell",
      "banner": "sealed Stage 4; scientific admission also requires complete declared populations"
    },
    {
      "phase": "immediate:19",
      "identity_check_kind": "in_memory_structure_and_configuration",
      "recipe_verification_seconds": 0.0,
      "identity_verification_seconds": 0.0,
      "identity_check_seconds": 0.002037766040302813,
      "state_hash_seconds": 0.001768921094480902,
      "clone_seconds": 0.0,
      "restore_seconds": 0.0,
      "file_write_seconds": 5.7419994845986366e-05,
      "operation_seconds": 0.022137143008876592,
      "total_phase_seconds": 0.02607998001622036,
      "scope": "file writes include journal intent/add/flush; excludes this timing receipt and checkpoint writes",
      "mode": "stage4_sealed_cell",
      "banner": "sealed Stage 4; scientific admission also requires complete declared populations"
    },
    {
      "phase": "edit:20",
      "identity_check_kind": "in_memory_structure_and_configuration",
      "recipe_verification_seconds": 0.0,
      "identity_verification_seconds": 0.0,
      "identity_check_seconds": 0.0019555179751478136,
      "state_hash_seconds": 0.00011510099284350872,
      "clone_seconds": 0.0,
      "restore_seconds": 0.0,
      "file_write_seconds": 5.927297752350569e-05,
      "operation_seconds": 0.16969144501490518,
      "total_phase_seconds": 0.17188811500091106,
      "scope": "file writes include journal intent/add/flush; excludes this timing receipt and checkpoint writes",
      "mode": "stage4_sealed_cell",
      "banner": "sealed Stage 4; scientific admission also requires complete declared populations"
    },
    {
      "phase": "immediate:20",
      "identity_check_kind": "in_memory_structure_and_configuration",
      "recipe_verification_seconds": 0.0,
      "identity_verification_seconds": 0.0,
      "identity_check_seconds": 0.001958342967554927,
      "state_hash_seconds": 0.0018441639840602875,
      "clone_seconds": 0.0,
      "restore_seconds": 0.0,
      "file_write_seconds": 5.6218006648123264e-05,
      "operation_seconds": 0.03265511296922341,
      "total_phase_seconds": 0.036587601993232965,
      "scope": "file writes include journal intent/add/flush; excludes this timing receipt and checkpoint writes",
      "mode": "stage4_sealed_cell",
      "banner": "sealed Stage 4; scientific admission also requires complete declared populations"
    },
    {
      "phase": "edit:21",
      "identity_check_kind": "in_memory_structure_and_configuration",
      "recipe_verification_seconds": 0.0,
      "identity_verification_seconds": 0.0,
      "identity_check_seconds": 0.0019564309623092413,
      "state_hash_seconds": 8.992297807708383e-05,
      "clone_seconds": 0.0,
      "restore_seconds": 0.0,
      "file_write_seconds": 5.851301830261946e-05,
      "operation_seconds": 0.2390406129998155,
      "total_phase_seconds": 0.24120785703416914,
      "scope": "file writes include journal intent/add/flush; excludes this timing receipt and checkpoint writes",
      "mode": "stage4_sealed_cell",
      "banner": "sealed Stage 4; scientific admission also requires complete declared populations"
    },
    {
      "phase": "immediate:21",
      "identity_check_kind": "in_memory_structure_and_configuration",
      "recipe_verification_seconds": 0.0,
      "identity_verification_seconds": 0.0,
      "identity_check_seconds": 0.0020237999851815403,
      "state_hash_seconds": 0.00194254401139915,
      "clone_seconds": 0.0,
      "restore_seconds": 0.0,
      "file_write_seconds": 5.602801684290171e-05,
      "operation_seconds": 0.0400193789973855,
      "total_phase_seconds": 0.04412740399129689,
      "scope": "file writes include journal intent/add/flush; excludes this timing receipt and checkpoint writes",
      "mode": "stage4_sealed_cell",
      "banner": "sealed Stage 4; scientific admission also requires complete declared populations"
    },
    {
      "phase": "edit:22",
      "identity_check_kind": "in_memory_structure_and_configuration",
      "recipe_verification_seconds": 0.0,
      "identity_verification_seconds": 0.0,
      "identity_check_seconds": 0.0018810760229825974,
      "state_hash_seconds": 0.00010012299753725529,
      "clone_seconds": 0.0,
      "restore_seconds": 0.0,
      "file_write_seconds": 5.8842997532337904e-05,
      "operation_seconds": 0.0870455780532211,
      "total_phase_seconds": 0.08914798899786547,
      "scope": "file writes include journal intent/add/flush; excludes this timing receipt and checkpoint writes",
      "mode": "stage4_sealed_cell",
      "banner": "sealed Stage 4; scientific admission also requires complete declared populations"
    },
    {
      "phase": "immediate:22",
      "identity_check_kind": "in_memory_structure_and_configuration",
      "recipe_verification_seconds": 0.0,
      "identity_verification_seconds": 0.0,
      "identity_check_seconds": 0.0019059929763898253,
      "state_hash_seconds": 0.0019324329914525151,
      "clone_seconds": 0.0,
      "restore_seconds": 0.0,
      "file_write_seconds": 7.38610397092998e-05,
      "operation_seconds": 0.020437375002074987,
      "total_phase_seconds": 0.024451769015286118,
      "scope": "file writes include journal intent/add/flush; excludes this timing receipt and checkpoint writes",
      "mode": "stage4_sealed_cell",
      "banner": "sealed Stage 4; scientific admission also requires complete declared populations"
    },
    {
      "phase": "edit:23",
      "identity_check_kind": "in_memory_structure_and_configuration",
      "recipe_verification_seconds": 0.0,
      "identity_verification_seconds": 0.0,
      "identity_check_seconds": 0.0019557380583137274,
      "state_hash_seconds": 0.00010302697774022818,
      "clone_seconds": 0.0,
      "restore_seconds": 0.0,
      "file_write_seconds": 6.205902900546789e-05,
      "operation_seconds": 0.16916852199938148,
      "total_phase_seconds": 0.1713538010371849,
      "scope": "file writes include journal intent/add/flush; excludes this timing receipt and checkpoint writes",
      "mode": "stage4_sealed_cell",
      "banner": "sealed Stage 4; scientific admission also requires complete declared populations"
    },
    {
      "phase": "immediate:23",
      "identity_check_kind": "in_memory_structure_and_configuration",
      "recipe_verification_seconds": 0.0,
      "identity_verification_seconds": 0.0,
      "identity_check_seconds": 0.0021286500268615782,
      "state_hash_seconds": 0.002018731029238552,
      "clone_seconds": 0.0,
      "restore_seconds": 0.0,
      "file_write_seconds": 6.0485966969281435e-05,
      "operation_seconds": 0.03095426404615864,
      "total_phase_seconds": 0.03524431603727862,
      "scope": "file writes include journal intent/add/flush; excludes this timing receipt and checkpoint writes",
      "mode": "stage4_sealed_cell",
      "banner": "sealed Stage 4; scientific admission also requires complete declared populations"
    },
    {
      "phase": "edit:24",
      "identity_check_kind": "in_memory_structure_and_configuration",
      "recipe_verification_seconds": 0.0,
      "identity_verification_seconds": 0.0,
      "identity_check_seconds": 0.0021909690112806857,
      "state_hash_seconds": 9.986193617805839e-05,
      "clone_seconds": 0.0,
      "restore_seconds": 0.0,
      "file_write_seconds": 5.825201515108347e-05,
      "operation_seconds": 0.12375005503417924,
      "total_phase_seconds": 0.126167798996903,
      "scope": "file writes include journal intent/add/flush; excludes this timing receipt and checkpoint writes",
      "mode": "stage4_sealed_cell",
      "banner": "sealed Stage 4; scientific admission also requires complete declared populations"
    },
    {
      "phase": "immediate:24",
      "identity_check_kind": "in_memory_structure_and_configuration",
      "recipe_verification_seconds": 0.0,
      "identity_verification_seconds": 0.0,
      "identity_check_seconds": 0.002094183932058513,
      "state_hash_seconds": 0.002234684012364596,
      "clone_seconds": 0.0,
      "restore_seconds": 0.0,
      "file_write_seconds": 5.856296047568321e-05,
      "operation_seconds": 0.025931595009751618,
      "total_phase_seconds": 0.030399820010643452,
      "scope": "file writes include journal intent/add/flush; excludes this timing receipt and checkpoint writes",
      "mode": "stage4_sealed_cell",
      "banner": "sealed Stage 4; scientific admission also requires complete declared populations"
    },
    {
      "phase": "edit:25",
      "identity_check_kind": "in_memory_structure_and_configuration",
      "recipe_verification_seconds": 0.0,
      "identity_verification_seconds": 0.0,
      "identity_check_seconds": 0.001999873958993703,
      "state_hash_seconds": 0.00010446103988215327,
      "clone_seconds": 0.0,
      "restore_seconds": 0.0,
      "file_write_seconds": 5.987501936033368e-05,
      "operation_seconds": 0.24924857000587508,
      "total_phase_seconds": 0.251483162981458,
      "scope": "file writes include journal intent/add/flush; excludes this timing receipt and checkpoint writes",
      "mode": "stage4_sealed_cell",
      "banner": "sealed Stage 4; scientific admission also requires complete declared populations"
    },
    {
      "phase": "immediate:25",
      "identity_check_kind": "in_memory_structure_and_configuration",
      "recipe_verification_seconds": 0.0,
      "identity_verification_seconds": 0.0,
      "identity_check_seconds": 0.0021345909917727113,
      "state_hash_seconds": 0.0022426869836635888,
      "clone_seconds": 0.0,
      "restore_seconds": 0.0,
      "file_write_seconds": 5.974405212327838e-05,
      "operation_seconds": 0.040193944005295634,
      "total_phase_seconds": 0.04473742301343009,
      "scope": "file writes include journal intent/add/flush; excludes this timing receipt and checkpoint writes",
      "mode": "stage4_sealed_cell",
      "banner": "sealed Stage 4; scientific admission also requires complete declared populations"
    },
    {
      "phase": "edit:26",
      "identity_check_kind": "in_memory_structure_and_configuration",
      "recipe_verification_seconds": 0.0,
      "identity_verification_seconds": 0.0,
      "identity_check_seconds": 0.0020312530105002224,
      "state_hash_seconds": 9.364000288769603e-05,
      "clone_seconds": 0.0,
      "restore_seconds": 0.0,
      "file_write_seconds": 5.9674959629774094e-05,
      "operation_seconds": 0.11167209304403514,
      "total_phase_seconds": 0.1139236279996112,
      "scope": "file writes include journal intent/add/flush; excludes this timing receipt and checkpoint writes",
      "mode": "stage4_sealed_cell",
      "banner": "sealed Stage 4; scientific admission also requires complete declared populations"
    },
    {
      "phase": "immediate:26",
      "identity_check_kind": "in_memory_structure_and_configuration",
      "recipe_verification_seconds": 0.0,
      "identity_verification_seconds": 0.0,
      "identity_check_seconds": 0.002102249942254275,
      "state_hash_seconds": 0.002354983997065574,
      "clone_seconds": 0.0,
      "restore_seconds": 0.0,
      "file_write_seconds": 5.959399277344346e-05,
      "operation_seconds": 0.027314034989103675,
      "total_phase_seconds": 0.031920876004733145,
      "scope": "file writes include journal intent/add/flush; excludes this timing receipt and checkpoint writes",
      "mode": "stage4_sealed_cell",
      "banner": "sealed Stage 4; scientific admission also requires complete declared populations"
    },
    {
      "phase": "edit:27",
      "identity_check_kind": "in_memory_structure_and_configuration",
      "recipe_verification_seconds": 0.0,
      "identity_verification_seconds": 0.0,
      "identity_check_seconds": 0.002042985986918211,
      "state_hash_seconds": 0.00010094197932630777,
      "clone_seconds": 0.0,
      "restore_seconds": 0.0,
      "file_write_seconds": 5.911401240155101e-05,
      "operation_seconds": 0.20472460601013154,
      "total_phase_seconds": 0.20699720201082528,
      "scope": "file writes include journal intent/add/flush; excludes this timing receipt and checkpoint writes",
      "mode": "stage4_sealed_cell",
      "banner": "sealed Stage 4; scientific admission also requires complete declared populations"
    },
    {
      "phase": "immediate:27",
      "identity_check_kind": "in_memory_structure_and_configuration",
      "recipe_verification_seconds": 0.0,
      "identity_verification_seconds": 0.0,
      "identity_check_seconds": 0.002221598057076335,
      "state_hash_seconds": 0.0025045519578270614,
      "clone_seconds": 0.0,
      "restore_seconds": 0.0,
      "file_write_seconds": 8.193799294531345e-05,
      "operation_seconds": 0.03643123194342479,
      "total_phase_seconds": 0.04135178396245465,
      "scope": "file writes include journal intent/add/flush; excludes this timing receipt and checkpoint writes",
      "mode": "stage4_sealed_cell",
      "banner": "sealed Stage 4; scientific admission also requires complete declared populations"
    },
    {
      "phase": "edit:28",
      "identity_check_kind": "in_memory_structure_and_configuration",
      "recipe_verification_seconds": 0.0,
      "identity_verification_seconds": 0.0,
      "identity_check_seconds": 0.002139690041076392,
      "state_hash_seconds": 0.0001296689733862877,
      "clone_seconds": 0.0,
      "restore_seconds": 0.0,
      "file_write_seconds": 5.985400639474392e-05,
      "operation_seconds": 0.13083004503278062,
      "total_phase_seconds": 0.13322897400939837,
      "scope": "file writes include journal intent/add/flush; excludes this timing receipt and checkpoint writes",
      "mode": "stage4_sealed_cell",
      "banner": "sealed Stage 4; scientific admission also requires complete declared populations"
    },
    {
      "phase": "immediate:28",
      "identity_check_kind": "in_memory_structure_and_configuration",
      "recipe_verification_seconds": 0.0,
      "identity_verification_seconds": 0.0,
      "identity_check_seconds": 0.0022159270592965186,
      "state_hash_seconds": 0.002698423049878329,
      "clone_seconds": 0.0,
      "restore_seconds": 0.0,
      "file_write_seconds": 5.919398972764611e-05,
      "operation_seconds": 0.028000600985251367,
      "total_phase_seconds": 0.03307614999357611,
      "scope": "file writes include journal intent/add/flush; excludes this timing receipt and checkpoint writes",
      "mode": "stage4_sealed_cell",
      "banner": "sealed Stage 4; scientific admission also requires complete declared populations"
    },
    {
      "phase": "edit:29",
      "identity_check_kind": "in_memory_structure_and_configuration",
      "recipe_verification_seconds": 0.0,
      "identity_verification_seconds": 0.0,
      "identity_check_seconds": 0.0020966590382158756,
      "state_hash_seconds": 0.00012143206549808383,
      "clone_seconds": 0.0,
      "restore_seconds": 0.0,
      "file_write_seconds": 6.165698869153857e-05,
      "operation_seconds": 0.0873480589943938,
      "total_phase_seconds": 0.0897087540361099,
      "scope": "file writes include journal intent/add/flush; excludes this timing receipt and checkpoint writes",
      "mode": "stage4_sealed_cell",
      "banner": "sealed Stage 4; scientific admission also requires complete declared populations"
    },
    {
      "phase": "immediate:29",
      "identity_check_kind": "in_memory_structure_and_configuration",
      "recipe_verification_seconds": 0.0,
      "identity_verification_seconds": 0.0,
      "identity_check_seconds": 0.0019475329900160432,
      "state_hash_seconds": 0.0023610159987583756,
      "clone_seconds": 0.0,
      "restore_seconds": 0.0,
      "file_write_seconds": 5.749001866206527e-05,
      "operation_seconds": 0.021714051021263003,
      "total_phase_seconds": 0.02615432202583179,
      "scope": "file writes include journal intent/add/flush; excludes this timing receipt and checkpoint writes",
      "mode": "stage4_sealed_cell",
      "banner": "sealed Stage 4; scientific admission also requires complete declared populations"
    },
    {
      "phase": "edit:30",
      "identity_check_kind": "in_memory_structure_and_configuration",
      "recipe_verification_seconds": 0.0,
      "identity_verification_seconds": 0.0,
      "identity_check_seconds": 0.0022161679808050394,
      "state_hash_seconds": 0.00010424788342788815,
      "clone_seconds": 0.0,
      "restore_seconds": 0.0,
      "file_write_seconds": 5.8140954934060574e-05,
      "operation_seconds": 0.08724145404994488,
      "total_phase_seconds": 0.0896857600309886,
      "scope": "file writes include journal intent/add/flush; excludes this timing receipt and checkpoint writes",
      "mode": "stage4_sealed_cell",
      "banner": "sealed Stage 4; scientific admission also requires complete declared populations"
    },
    {
      "phase": "immediate:30",
      "identity_check_kind": "in_memory_structure_and_configuration",
      "recipe_verification_seconds": 0.0,
      "identity_verification_seconds": 0.0,
      "identity_check_seconds": 0.001894802029710263,
      "state_hash_seconds": 0.002401691919658333,
      "clone_seconds": 0.0,
      "restore_seconds": 0.0,
      "file_write_seconds": 5.693006096407771e-05,
      "operation_seconds": 0.026593053014948964,
      "total_phase_seconds": 0.031024177034851164,
      "scope": "file writes include journal intent/add/flush; excludes this timing receipt and checkpoint writes",
      "mode": "stage4_sealed_cell",
      "banner": "sealed Stage 4; scientific admission also requires complete declared populations"
    },
    {
      "phase": "edit:31",
      "identity_check_kind": "in_memory_structure_and_configuration",
      "recipe_verification_seconds": 0.0,
      "identity_verification_seconds": 0.0,
      "identity_check_seconds": 0.0021416060626506805,
      "state_hash_seconds": 0.00013636198127642274,
      "clone_seconds": 0.0,
      "restore_seconds": 0.0,
      "file_write_seconds": 6.104796193540096e-05,
      "operation_seconds": 0.1209924989962019,
      "total_phase_seconds": 0.12340453203069046,
      "scope": "file writes include journal intent/add/flush; excludes this timing receipt and checkpoint writes",
      "mode": "stage4_sealed_cell",
      "banner": "sealed Stage 4; scientific admission also requires complete declared populations"
    },
    {
      "phase": "immediate:31",
      "identity_check_kind": "in_memory_structure_and_configuration",
      "recipe_verification_seconds": 0.0,
      "identity_verification_seconds": 0.0,
      "identity_check_seconds": 0.0019803260220214725,
      "state_hash_seconds": 0.002572902012616396,
      "clone_seconds": 0.0,
      "restore_seconds": 0.0,
      "file_write_seconds": 5.830201553180814e-05,
      "operation_seconds": 0.027036182989832014,
      "total_phase_seconds": 0.03172733495011926,
      "scope": "file writes include journal intent/add/flush; excludes this timing receipt and checkpoint writes",
      "mode": "stage4_sealed_cell",
      "banner": "sealed Stage 4; scientific admission also requires complete declared populations"
    },
    {
      "phase": "edit:32",
      "identity_check_kind": "in_memory_structure_and_configuration",
      "recipe_verification_seconds": 0.0,
      "identity_verification_seconds": 0.0,
      "identity_check_seconds": 0.0018948519718833268,
      "state_hash_seconds": 9.783694986253977e-05,
      "clone_seconds": 0.0,
      "restore_seconds": 0.0,
      "file_write_seconds": 5.945400334894657e-05,
      "operation_seconds": 0.12876516702817753,
      "total_phase_seconds": 0.13087770697893575,
      "scope": "file writes include journal intent/add/flush; excludes this timing receipt and checkpoint writes",
      "mode": "stage4_sealed_cell",
      "banner": "sealed Stage 4; scientific admission also requires complete declared populations"
    },
    {
      "phase": "immediate:32",
      "identity_check_kind": "in_memory_structure_and_configuration",
      "recipe_verification_seconds": 0.0,
      "identity_verification_seconds": 0.0,
      "identity_check_seconds": 0.0019739230046980083,
      "state_hash_seconds": 0.0027765720151364803,
      "clone_seconds": 0.0,
      "restore_seconds": 0.0,
      "file_write_seconds": 0.005145913048181683,
      "operation_seconds": 0.026159613044001162,
      "total_phase_seconds": 0.036141686025075614,
      "scope": "file writes include journal intent/add/flush; excludes this timing receipt and checkpoint writes",
      "mode": "stage4_sealed_cell",
      "banner": "sealed Stage 4; scientific admission also requires complete declared populations"
    },
    {
      "phase": "edit:33",
      "identity_check_kind": "in_memory_structure_and_configuration",
      "recipe_verification_seconds": 0.0,
      "identity_verification_seconds": 0.0,
      "identity_check_seconds": 0.00213105499278754,
      "state_hash_seconds": 0.00011791702127084136,
      "clone_seconds": 0.0,
      "restore_seconds": 0.0,
      "file_write_seconds": 0.0011886280262842774,
      "operation_seconds": 0.11540372599847615,
      "total_phase_seconds": 0.1189108089893125,
      "scope": "file writes include journal intent/add/flush; excludes this timing receipt and checkpoint writes",
      "mode": "stage4_sealed_cell",
      "banner": "sealed Stage 4; scientific admission also requires complete declared populations"
    },
    {
      "phase": "immediate:33",
      "identity_check_kind": "in_memory_structure_and_configuration",
      "recipe_verification_seconds": 0.0,
      "identity_verification_seconds": 0.0,
      "identity_check_seconds": 0.0022073209984228015,
      "state_hash_seconds": 0.0028373980312608182,
      "clone_seconds": 0.0,
      "restore_seconds": 0.0,
      "file_write_seconds": 6.031600059941411e-05,
      "operation_seconds": 0.02672141999937594,
      "total_phase_seconds": 0.03191926202271134,
      "scope": "file writes include journal intent/add/flush; excludes this timing receipt and checkpoint writes",
      "mode": "stage4_sealed_cell",
      "banner": "sealed Stage 4; scientific admission also requires complete declared populations"
    },
    {
      "phase": "edit:34",
      "identity_check_kind": "in_memory_structure_and_configuration",
      "recipe_verification_seconds": 0.0,
      "identity_verification_seconds": 0.0,
      "identity_check_seconds": 0.0021779449889436364,
      "state_hash_seconds": 0.0001266729668714106,
      "clone_seconds": 0.0,
      "restore_seconds": 0.0,
      "file_write_seconds": 6.084697088226676e-05,
      "operation_seconds": 0.08637258899398148,
      "total_phase_seconds": 0.08881152397952974,
      "scope": "file writes include journal intent/add/flush; excludes this timing receipt and checkpoint writes",
      "mode": "stage4_sealed_cell",
      "banner": "sealed Stage 4; scientific admission also requires complete declared populations"
    },
    {
      "phase": "immediate:34",
      "identity_check_kind": "in_memory_structure_and_configuration",
      "recipe_verification_seconds": 0.0,
      "identity_verification_seconds": 0.0,
      "identity_check_seconds": 0.001931631995830685,
      "state_hash_seconds": 0.002688893990125507,
      "clone_seconds": 0.0,
      "restore_seconds": 0.0,
      "file_write_seconds": 5.756999598816037e-05,
      "operation_seconds": 0.022107364959083498,
      "total_phase_seconds": 0.026861327001824975,
      "scope": "file writes include journal intent/add/flush; excludes this timing receipt and checkpoint writes",
      "mode": "stage4_sealed_cell",
      "banner": "sealed Stage 4; scientific admission also requires complete declared populations"
    },
    {
      "phase": "edit:35",
      "identity_check_kind": "in_memory_structure_and_configuration",
      "recipe_verification_seconds": 0.0,
      "identity_verification_seconds": 0.0,
      "identity_check_seconds": 0.002395642048213631,
      "state_hash_seconds": 0.00013167300494387746,
      "clone_seconds": 0.0,
      "restore_seconds": 0.0,
      "file_write_seconds": 5.9935031458735466e-05,
      "operation_seconds": 0.1235217570210807,
      "total_phase_seconds": 0.1261769359698519,
      "scope": "file writes include journal intent/add/flush; excludes this timing receipt and checkpoint writes",
      "mode": "stage4_sealed_cell",
      "banner": "sealed Stage 4; scientific admission also requires complete declared populations"
    },
    {
      "phase": "immediate:35",
      "identity_check_kind": "in_memory_structure_and_configuration",
      "recipe_verification_seconds": 0.0,
      "identity_verification_seconds": 0.0,
      "identity_check_seconds": 0.0022503529908135533,
      "state_hash_seconds": 0.0028808219940401614,
      "clone_seconds": 0.0,
      "restore_seconds": 0.0,
      "file_write_seconds": 5.938397953286767e-05,
      "operation_seconds": 0.03143284097313881,
      "total_phase_seconds": 0.036722089047543705,
      "scope": "file writes include journal intent/add/flush; excludes this timing receipt and checkpoint writes",
      "mode": "stage4_sealed_cell",
      "banner": "sealed Stage 4; scientific admission also requires complete declared populations"
    },
    {
      "phase": "edit:36",
      "identity_check_kind": "in_memory_structure_and_configuration",
      "recipe_verification_seconds": 0.0,
      "identity_verification_seconds": 0.0,
      "identity_check_seconds": 0.0022040550247766078,
      "state_hash_seconds": 0.0001452290453016758,
      "clone_seconds": 0.0,
      "restore_seconds": 0.0,
      "file_write_seconds": 6.000493885949254e-05,
      "operation_seconds": 0.26558890100568533,
      "total_phase_seconds": 0.2680741149815731,
      "scope": "file writes include journal intent/add/flush; excludes this timing receipt and checkpoint writes",
      "mode": "stage4_sealed_cell",
      "banner": "sealed Stage 4; scientific admission also requires complete declared populations"
    },
    {
      "phase": "immediate:36",
      "identity_check_kind": "in_memory_structure_and_configuration",
      "recipe_verification_seconds": 0.0,
      "identity_verification_seconds": 0.0,
      "identity_check_seconds": 0.002203963987994939,
      "state_hash_seconds": 0.00310959096532315,
      "clone_seconds": 0.0,
      "restore_seconds": 0.0,
      "file_write_seconds": 6.659800419583917e-05,
      "operation_seconds": 0.048416053992696106,
      "total_phase_seconds": 0.05389714997727424,
      "scope": "file writes include journal intent/add/flush; excludes this timing receipt and checkpoint writes",
      "mode": "stage4_sealed_cell",
      "banner": "sealed Stage 4; scientific admission also requires complete declared populations"
    },
    {
      "phase": "edit:37",
      "identity_check_kind": "in_memory_structure_and_configuration",
      "recipe_verification_seconds": 0.0,
      "identity_verification_seconds": 0.0,
      "identity_check_seconds": 0.0020086700096726418,
      "state_hash_seconds": 0.00011998903937637806,
      "clone_seconds": 0.0,
      "restore_seconds": 0.0,
      "file_write_seconds": 5.9142010286450386e-05,
      "operation_seconds": 0.13090433803154156,
      "total_phase_seconds": 0.13315669499570504,
      "scope": "file writes include journal intent/add/flush; excludes this timing receipt and checkpoint writes",
      "mode": "stage4_sealed_cell",
      "banner": "sealed Stage 4; scientific admission also requires complete declared populations"
    },
    {
      "phase": "immediate:37",
      "identity_check_kind": "in_memory_structure_and_configuration",
      "recipe_verification_seconds": 0.0,
      "identity_verification_seconds": 0.0,
      "identity_check_seconds": 0.0022010189131833613,
      "state_hash_seconds": 0.0031570010469295084,
      "clone_seconds": 0.0,
      "restore_seconds": 0.0,
      "file_write_seconds": 6.250001024454832e-05,
      "operation_seconds": 0.027591858990490437,
      "total_phase_seconds": 0.033107299997936934,
      "scope": "file writes include journal intent/add/flush; excludes this timing receipt and checkpoint writes",
      "mode": "stage4_sealed_cell",
      "banner": "sealed Stage 4; scientific admission also requires complete declared populations"
    },
    {
      "phase": "edit:38",
      "identity_check_kind": "in_memory_structure_and_configuration",
      "recipe_verification_seconds": 0.0,
      "identity_verification_seconds": 0.0,
      "identity_check_seconds": 0.002112239017151296,
      "state_hash_seconds": 0.00016597798094153404,
      "clone_seconds": 0.0,
      "restore_seconds": 0.0,
      "file_write_seconds": 6.0376012697815895e-05,
      "operation_seconds": 0.08626480301609263,
      "total_phase_seconds": 0.08868361898930743,
      "scope": "file writes include journal intent/add/flush; excludes this timing receipt and checkpoint writes",
      "mode": "stage4_sealed_cell",
      "banner": "sealed Stage 4; scientific admission also requires complete declared populations"
    },
    {
      "phase": "immediate:38",
      "identity_check_kind": "in_memory_structure_and_configuration",
      "recipe_verification_seconds": 0.0,
      "identity_verification_seconds": 0.0,
      "identity_check_seconds": 0.002099375007674098,
      "state_hash_seconds": 0.0030370119493454695,
      "clone_seconds": 0.0,
      "restore_seconds": 0.0,
      "file_write_seconds": 5.9053010772913694e-05,
      "operation_seconds": 0.022276108036749065,
      "total_phase_seconds": 0.027554506028536707,
      "scope": "file writes include journal intent/add/flush; excludes this timing receipt and checkpoint writes",
      "mode": "stage4_sealed_cell",
      "banner": "sealed Stage 4; scientific admission also requires complete declared populations"
    },
    {
      "phase": "edit:39",
      "identity_check_kind": "in_memory_structure_and_configuration",
      "recipe_verification_seconds": 0.0,
      "identity_verification_seconds": 0.0,
      "identity_check_seconds": 0.0019990819855593145,
      "state_hash_seconds": 0.00012218300253152847,
      "clone_seconds": 0.0,
      "restore_seconds": 0.0,
      "file_write_seconds": 5.9162965044379234e-05,
      "operation_seconds": 0.15471529902424663,
      "total_phase_seconds": 0.1569588590064086,
      "scope": "file writes include journal intent/add/flush; excludes this timing receipt and checkpoint writes",
      "mode": "stage4_sealed_cell",
      "banner": "sealed Stage 4; scientific admission also requires complete declared populations"
    },
    {
      "phase": "immediate:39",
      "identity_check_kind": "in_memory_structure_and_configuration",
      "recipe_verification_seconds": 0.0,
      "identity_verification_seconds": 0.0,
      "identity_check_seconds": 0.0019396060379222035,
      "state_hash_seconds": 0.003184074070304632,
      "clone_seconds": 0.0,
      "restore_seconds": 0.0,
      "file_write_seconds": 5.8612029533833265e-05,
      "operation_seconds": 0.0362980859936215,
      "total_phase_seconds": 0.041574219008907676,
      "scope": "file writes include journal intent/add/flush; excludes this timing receipt and checkpoint writes",
      "mode": "stage4_sealed_cell",
      "banner": "sealed Stage 4; scientific admission also requires complete declared populations"
    },
    {
      "phase": "edit:40",
      "identity_check_kind": "in_memory_structure_and_configuration",
      "recipe_verification_seconds": 0.0,
      "identity_verification_seconds": 0.0,
      "identity_check_seconds": 0.002055619901511818,
      "state_hash_seconds": 0.00013079203199595213,
      "clone_seconds": 0.0,
      "restore_seconds": 0.0,
      "file_write_seconds": 5.8041070587933064e-05,
      "operation_seconds": 0.09042754099937156,
      "total_phase_seconds": 0.0927386520197615,
      "scope": "file writes include journal intent/add/flush; excludes this timing receipt and checkpoint writes",
      "mode": "stage4_sealed_cell",
      "banner": "sealed Stage 4; scientific admission also requires complete declared populations"
    },
    {
      "phase": "immediate:40",
      "identity_check_kind": "in_memory_structure_and_configuration",
      "recipe_verification_seconds": 0.0,
      "identity_verification_seconds": 0.0,
      "identity_check_seconds": 0.002056713041383773,
      "state_hash_seconds": 0.003189884009771049,
      "clone_seconds": 0.0,
      "restore_seconds": 0.0,
      "file_write_seconds": 5.857303040102124e-05,
      "operation_seconds": 0.02659175102598965,
      "total_phase_seconds": 0.03198486898327246,
      "scope": "file writes include journal intent/add/flush; excludes this timing receipt and checkpoint writes",
      "mode": "stage4_sealed_cell",
      "banner": "sealed Stage 4; scientific admission also requires complete declared populations"
    },
    {
      "phase": "edit:41",
      "identity_check_kind": "in_memory_structure_and_configuration",
      "recipe_verification_seconds": 0.0,
      "identity_verification_seconds": 0.0,
      "identity_check_seconds": 0.0019189089653082192,
      "state_hash_seconds": 0.00013052904978394508,
      "clone_seconds": 0.0,
      "restore_seconds": 0.0,
      "file_write_seconds": 6.150698754936457e-05,
      "operation_seconds": 0.08686276897788048,
      "total_phase_seconds": 0.08904431003611535,
      "scope": "file writes include journal intent/add/flush; excludes this timing receipt and checkpoint writes",
      "mode": "stage4_sealed_cell",
      "banner": "sealed Stage 4; scientific admission also requires complete declared populations"
    },
    {
      "phase": "immediate:41",
      "identity_check_kind": "in_memory_structure_and_configuration",
      "recipe_verification_seconds": 0.0,
      "identity_verification_seconds": 0.0,
      "identity_check_seconds": 0.001910833001602441,
      "state_hash_seconds": 0.003246713022235781,
      "clone_seconds": 0.0,
      "restore_seconds": 0.0,
      "file_write_seconds": 5.533598596230149e-05,
      "operation_seconds": 0.026594666996970773,
      "total_phase_seconds": 0.03188406501431018,
      "scope": "file writes include journal intent/add/flush; excludes this timing receipt and checkpoint writes",
      "mode": "stage4_sealed_cell",
      "banner": "sealed Stage 4; scientific admission also requires complete declared populations"
    },
    {
      "phase": "edit:42",
      "identity_check_kind": "in_memory_structure_and_configuration",
      "recipe_verification_seconds": 0.0,
      "identity_verification_seconds": 0.0,
      "identity_check_seconds": 0.002019542036578059,
      "state_hash_seconds": 0.00012326805153861642,
      "clone_seconds": 0.0,
      "restore_seconds": 0.0,
      "file_write_seconds": 5.738995969295502e-05,
      "operation_seconds": 0.09070493298349902,
      "total_phase_seconds": 0.09296499501215294,
      "scope": "file writes include journal intent/add/flush; excludes this timing receipt and checkpoint writes",
      "mode": "stage4_sealed_cell",
      "banner": "sealed Stage 4; scientific admission also requires complete declared populations"
    },
    {
      "phase": "immediate:42",
      "identity_check_kind": "in_memory_structure_and_configuration",
      "recipe_verification_seconds": 0.0,
      "identity_verification_seconds": 0.0,
      "identity_check_seconds": 0.0018854139489121735,
      "state_hash_seconds": 0.00328754197107628,
      "clone_seconds": 0.0,
      "restore_seconds": 0.0,
      "file_write_seconds": 5.710998084396124e-05,
      "operation_seconds": 0.02662055700784549,
      "total_phase_seconds": 0.03192220797063783,
      "scope": "file writes include journal intent/add/flush; excludes this timing receipt and checkpoint writes",
      "mode": "stage4_sealed_cell",
      "banner": "sealed Stage 4; scientific admission also requires complete declared populations"
    },
    {
      "phase": "edit:43",
      "identity_check_kind": "in_memory_structure_and_configuration",
      "recipe_verification_seconds": 0.0,
      "identity_verification_seconds": 0.0,
      "identity_check_seconds": 0.0018972570542246103,
      "state_hash_seconds": 0.00012191303540021181,
      "clone_seconds": 0.0,
      "restore_seconds": 0.0,
      "file_write_seconds": 5.8262026868760586e-05,
      "operation_seconds": 0.08667934697587043,
      "total_phase_seconds": 0.08881677396129817,
      "scope": "file writes include journal intent/add/flush; excludes this timing receipt and checkpoint writes",
      "mode": "stage4_sealed_cell",
      "banner": "sealed Stage 4; scientific admission also requires complete declared populations"
    },
    {
      "phase": "immediate:43",
      "identity_check_kind": "in_memory_structure_and_configuration",
      "recipe_verification_seconds": 0.0,
      "identity_verification_seconds": 0.0,
      "identity_check_seconds": 0.0019202110124751925,
      "state_hash_seconds": 0.0032971290638670325,
      "clone_seconds": 0.0,
      "restore_seconds": 0.0,
      "file_write_seconds": 6.978306919336319e-05,
      "operation_seconds": 0.02501504897372797,
      "total_phase_seconds": 0.03038320899941027,
      "scope": "file writes include journal intent/add/flush; excludes this timing receipt and checkpoint writes",
      "mode": "stage4_sealed_cell",
      "banner": "sealed Stage 4; scientific admission also requires complete declared populations"
    },
    {
      "phase": "edit:44",
      "identity_check_kind": "in_memory_structure_and_configuration",
      "recipe_verification_seconds": 0.0,
      "identity_verification_seconds": 0.0,
      "identity_check_seconds": 0.002097932039760053,
      "state_hash_seconds": 0.00016478600446134806,
      "clone_seconds": 0.0,
      "restore_seconds": 0.0,
      "file_write_seconds": 6.280996603891253e-05,
      "operation_seconds": 0.23067686200374737,
      "total_phase_seconds": 0.23308030900079757,
      "scope": "file writes include journal intent/add/flush; excludes this timing receipt and checkpoint writes",
      "mode": "stage4_sealed_cell",
      "banner": "sealed Stage 4; scientific admission also requires complete declared populations"
    },
    {
      "phase": "immediate:44",
      "identity_check_kind": "in_memory_structure_and_configuration",
      "recipe_verification_seconds": 0.0,
      "identity_verification_seconds": 0.0,
      "identity_check_seconds": 0.0024927390622906387,
      "state_hash_seconds": 0.0037761080893687904,
      "clone_seconds": 0.0,
      "restore_seconds": 0.0,
      "file_write_seconds": 7.200695108622313e-05,
      "operation_seconds": 0.041600289987400174,
      "total_phase_seconds": 0.048038670036476105,
      "scope": "file writes include journal intent/add/flush; excludes this timing receipt and checkpoint writes",
      "mode": "stage4_sealed_cell",
      "banner": "sealed Stage 4; scientific admission also requires complete declared populations"
    },
    {
      "phase": "edit:45",
      "identity_check_kind": "in_memory_structure_and_configuration",
      "recipe_verification_seconds": 0.0,
      "identity_verification_seconds": 0.0,
      "identity_check_seconds": 0.002026603964623064,
      "state_hash_seconds": 0.00013493793085217476,
      "clone_seconds": 0.0,
      "restore_seconds": 0.0,
      "file_write_seconds": 6.006599869579077e-05,
      "operation_seconds": 2.345037660037633,
      "total_phase_seconds": 2.3473352340515703,
      "scope": "file writes include journal intent/add/flush; excludes this timing receipt and checkpoint writes",
      "mode": "stage4_sealed_cell",
      "banner": "sealed Stage 4; scientific admission also requires complete declared populations"
    },
    {
      "phase": "immediate:45",
      "identity_check_kind": "in_memory_structure_and_configuration",
      "recipe_verification_seconds": 0.0,
      "identity_verification_seconds": 0.0,
      "identity_check_seconds": 0.0021504610776901245,
      "state_hash_seconds": 0.0038044729735702276,
      "clone_seconds": 0.0,
      "restore_seconds": 0.0,
      "file_write_seconds": 6.241106893867254e-05,
      "operation_seconds": 0.45143244601786137,
      "total_phase_seconds": 0.457539981987793,
      "scope": "file writes include journal intent/add/flush; excludes this timing receipt and checkpoint writes",
      "mode": "stage4_sealed_cell",
      "banner": "sealed Stage 4; scientific admission also requires complete declared populations"
    },
    {
      "phase": "edit:46",
      "identity_check_kind": "in_memory_structure_and_configuration",
      "recipe_verification_seconds": 0.0,
      "identity_verification_seconds": 0.0,
      "identity_check_seconds": 0.002268768032081425,
      "state_hash_seconds": 0.00016987399430945516,
      "clone_seconds": 0.0,
      "restore_seconds": 0.0,
      "file_write_seconds": 7.635599467903376e-05,
      "operation_seconds": 0.30564261600375175,
      "total_phase_seconds": 0.30824778001988307,
      "scope": "file writes include journal intent/add/flush; excludes this timing receipt and checkpoint writes",
      "mode": "stage4_sealed_cell",
      "banner": "sealed Stage 4; scientific admission also requires complete declared populations"
    },
    {
      "phase": "immediate:46",
      "identity_check_kind": "in_memory_structure_and_configuration",
      "recipe_verification_seconds": 0.0,
      "identity_verification_seconds": 0.0,
      "identity_check_seconds": 0.0020800469792447984,
      "state_hash_seconds": 0.0038236489053815603,
      "clone_seconds": 0.0,
      "restore_seconds": 0.0,
      "file_write_seconds": 5.713902646675706e-05,
      "operation_seconds": 0.055480293987784535,
      "total_phase_seconds": 0.06154318602057174,
      "scope": "file writes include journal intent/add/flush; excludes this timing receipt and checkpoint writes",
      "mode": "stage4_sealed_cell",
      "banner": "sealed Stage 4; scientific admission also requires complete declared populations"
    },
    {
      "phase": "edit:47",
      "identity_check_kind": "in_memory_structure_and_configuration",
      "recipe_verification_seconds": 0.0,
      "identity_verification_seconds": 0.0,
      "identity_check_seconds": 0.0020314729772508144,
      "state_hash_seconds": 0.00016552797751501203,
      "clone_seconds": 0.0,
      "restore_seconds": 0.0,
      "file_write_seconds": 6.009393837302923e-05,
      "operation_seconds": 0.17266176803968847,
      "total_phase_seconds": 0.17499293701257557,
      "scope": "file writes include journal intent/add/flush; excludes this timing receipt and checkpoint writes",
      "mode": "stage4_sealed_cell",
      "banner": "sealed Stage 4; scientific admission also requires complete declared populations"
    },
    {
      "phase": "immediate:47",
      "identity_check_kind": "in_memory_structure_and_configuration",
      "recipe_verification_seconds": 0.0,
      "identity_verification_seconds": 0.0,
      "identity_check_seconds": 0.0022070810082368553,
      "state_hash_seconds": 0.003964067902415991,
      "clone_seconds": 0.0,
      "restore_seconds": 0.0,
      "file_write_seconds": 7.428298704326153e-05,
      "operation_seconds": 0.03818921104539186,
      "total_phase_seconds": 0.04454742802772671,
      "scope": "file writes include journal intent/add/flush; excludes this timing receipt and checkpoint writes",
      "mode": "stage4_sealed_cell",
      "banner": "sealed Stage 4; scientific admission also requires complete declared populations"
    },
    {
      "phase": "edit:48",
      "identity_check_kind": "in_memory_structure_and_configuration",
      "recipe_verification_seconds": 0.0,
      "identity_verification_seconds": 0.0,
      "identity_check_seconds": 0.0022499029291793704,
      "state_hash_seconds": 0.00015192106366157532,
      "clone_seconds": 0.0,
      "restore_seconds": 0.0,
      "file_write_seconds": 6.141798803582788e-05,
      "operation_seconds": 0.1813554730033502,
      "total_phase_seconds": 0.18389645300339907,
      "scope": "file writes include journal intent/add/flush; excludes this timing receipt and checkpoint writes",
      "mode": "stage4_sealed_cell",
      "banner": "sealed Stage 4; scientific admission also requires complete declared populations"
    },
    {
      "phase": "immediate:48",
      "identity_check_kind": "in_memory_structure_and_configuration",
      "recipe_verification_seconds": 0.0,
      "identity_verification_seconds": 0.0,
      "identity_check_seconds": 0.0020030890009365976,
      "state_hash_seconds": 0.00401938398135826,
      "clone_seconds": 0.0,
      "restore_seconds": 0.0,
      "file_write_seconds": 0.004797986999619752,
      "operation_seconds": 0.04328143200837076,
      "total_phase_seconds": 0.05418808700051159,
      "scope": "file writes include journal intent/add/flush; excludes this timing receipt and checkpoint writes",
      "mode": "stage4_sealed_cell",
      "banner": "sealed Stage 4; scientific admission also requires complete declared populations"
    },
    {
      "phase": "edit:49",
      "identity_check_kind": "in_memory_structure_and_configuration",
      "recipe_verification_seconds": 0.0,
      "identity_verification_seconds": 0.0,
      "identity_check_seconds": 0.0021442309371195734,
      "state_hash_seconds": 0.000175326073076576,
      "clone_seconds": 0.0,
      "restore_seconds": 0.0,
      "file_write_seconds": 0.001324488956015557,
      "operation_seconds": 0.12278881197562441,
      "total_phase_seconds": 0.12651844997890294,
      "scope": "file writes include journal intent/add/flush; excludes this timing receipt and checkpoint writes",
      "mode": "stage4_sealed_cell",
      "banner": "sealed Stage 4; scientific admission also requires complete declared populations"
    },
    {
      "phase": "immediate:49",
      "identity_check_kind": "in_memory_structure_and_configuration",
      "recipe_verification_seconds": 0.0,
      "identity_verification_seconds": 0.0,
      "identity_check_seconds": 0.0020834539900533855,
      "state_hash_seconds": 0.004240387876052409,
      "clone_seconds": 0.0,
      "restore_seconds": 0.0,
      "file_write_seconds": 8.510303450748324e-05,
      "operation_seconds": 0.03302647499367595,
      "total_phase_seconds": 0.039542695973068476,
      "scope": "file writes include journal intent/add/flush; excludes this timing receipt and checkpoint writes",
      "mode": "stage4_sealed_cell",
      "banner": "sealed Stage 4; scientific admission also requires complete declared populations"
    },
    {
      "phase": "edit:50",
      "identity_check_kind": "in_memory_structure_and_configuration",
      "recipe_verification_seconds": 0.0,
      "identity_verification_seconds": 0.0,
      "identity_check_seconds": 0.0020766499801538885,
      "state_hash_seconds": 0.0002030300092883408,
      "clone_seconds": 0.0,
      "restore_seconds": 0.0,
      "file_write_seconds": 9.484204929322004e-05,
      "operation_seconds": 0.12025333201745525,
      "total_phase_seconds": 0.12273793405620381,
      "scope": "file writes include journal intent/add/flush; excludes this timing receipt and checkpoint writes",
      "mode": "stage4_sealed_cell",
      "banner": "sealed Stage 4; scientific admission also requires complete declared populations"
    },
    {
      "phase": "immediate:50",
      "identity_check_kind": "in_memory_structure_and_configuration",
      "recipe_verification_seconds": 0.0,
      "identity_verification_seconds": 0.0,
      "identity_check_seconds": 0.0020709989476017654,
      "state_hash_seconds": 0.004114015959203243,
      "clone_seconds": 0.0,
      "restore_seconds": 0.0,
      "file_write_seconds": 5.796097684651613e-05,
      "operation_seconds": 0.030381965974811465,
      "total_phase_seconds": 0.03671515500172973,
      "scope": "file writes include journal intent/add/flush; excludes this timing receipt and checkpoint writes",
      "mode": "stage4_sealed_cell",
      "banner": "sealed Stage 4; scientific admission also requires complete declared populations"
    },
    {
      "phase": "edit:51",
      "identity_check_kind": "in_memory_structure_and_configuration",
      "recipe_verification_seconds": 0.0,
      "identity_verification_seconds": 0.0,
      "identity_check_seconds": 0.002036282035987824,
      "state_hash_seconds": 0.00015579804312437773,
      "clone_seconds": 0.0,
      "restore_seconds": 0.0,
      "file_write_seconds": 5.8823032304644585e-05,
      "operation_seconds": 0.0951991580077447,
      "total_phase_seconds": 0.09751431603217497,
      "scope": "file writes include journal intent/add/flush; excludes this timing receipt and checkpoint writes",
      "mode": "stage4_sealed_cell",
      "banner": "sealed Stage 4; scientific admission also requires complete declared populations"
    },
    {
      "phase": "immediate:51",
      "identity_check_kind": "in_memory_structure_and_configuration",
      "recipe_verification_seconds": 0.0,
      "identity_verification_seconds": 0.0,
      "identity_check_seconds": 0.002013379998970777,
      "state_hash_seconds": 0.0042235159780830145,
      "clone_seconds": 0.0,
      "restore_seconds": 0.0,
      "file_write_seconds": 5.7481054682284594e-05,
      "operation_seconds": 0.030593992036301643,
      "total_phase_seconds": 0.03696311096427962,
      "scope": "file writes include journal intent/add/flush; excludes this timing receipt and checkpoint writes",
      "mode": "stage4_sealed_cell",
      "banner": "sealed Stage 4; scientific admission also requires complete declared populations"
    },
    {
      "phase": "edit:52",
      "identity_check_kind": "in_memory_structure_and_configuration",
      "recipe_verification_seconds": 0.0,
      "identity_verification_seconds": 0.0,
      "identity_check_seconds": 0.0020377960172481835,
      "state_hash_seconds": 0.00014818296767771244,
      "clone_seconds": 0.0,
      "restore_seconds": 0.0,
      "file_write_seconds": 5.8964011259377e-05,
      "operation_seconds": 0.12417690199799836,
      "total_phase_seconds": 0.1264891040045768,
      "scope": "file writes include journal intent/add/flush; excludes this timing receipt and checkpoint writes",
      "mode": "stage4_sealed_cell",
      "banner": "sealed Stage 4; scientific admission also requires complete declared populations"
    },
    {
      "phase": "immediate:52",
      "identity_check_kind": "in_memory_structure_and_configuration",
      "recipe_verification_seconds": 0.0,
      "identity_verification_seconds": 0.0,
      "identity_check_seconds": 0.002052213007118553,
      "state_hash_seconds": 0.004175715090241283,
      "clone_seconds": 0.0,
      "restore_seconds": 0.0,
      "file_write_seconds": 5.742994835600257e-05,
      "operation_seconds": 0.029454056988470256,
      "total_phase_seconds": 0.03582215402275324,
      "scope": "file writes include journal intent/add/flush; excludes this timing receipt and checkpoint writes",
      "mode": "stage4_sealed_cell",
      "banner": "sealed Stage 4; scientific admission also requires complete declared populations"
    },
    {
      "phase": "edit:53",
      "identity_check_kind": "in_memory_structure_and_configuration",
      "recipe_verification_seconds": 0.0,
      "identity_verification_seconds": 0.0,
      "identity_check_seconds": 0.00208495301194489,
      "state_hash_seconds": 0.00014674296835437417,
      "clone_seconds": 0.0,
      "restore_seconds": 0.0,
      "file_write_seconds": 6.278103683143854e-05,
      "operation_seconds": 0.21163970400812104,
      "total_phase_seconds": 0.21399772097356617,
      "scope": "file writes include journal intent/add/flush; excludes this timing receipt and checkpoint writes",
      "mode": "stage4_sealed_cell",
      "banner": "sealed Stage 4; scientific admission also requires complete declared populations"
    },
    {
      "phase": "immediate:53",
      "identity_check_kind": "in_memory_structure_and_configuration",
      "recipe_verification_seconds": 0.0,
      "identity_verification_seconds": 0.0,
      "identity_check_seconds": 0.00209312402876094,
      "state_hash_seconds": 0.004437193099875003,
      "clone_seconds": 0.0,
      "restore_seconds": 0.0,
      "file_write_seconds": 5.8771984186023474e-05,
      "operation_seconds": 0.043756739993114024,
      "total_phase_seconds": 0.05043398798443377,
      "scope": "file writes include journal intent/add/flush; excludes this timing receipt and checkpoint writes",
      "mode": "stage4_sealed_cell",
      "banner": "sealed Stage 4; scientific admission also requires complete declared populations"
    },
    {
      "phase": "edit:54",
      "identity_check_kind": "in_memory_structure_and_configuration",
      "recipe_verification_seconds": 0.0,
      "identity_verification_seconds": 0.0,
      "identity_check_seconds": 0.002112941932864487,
      "state_hash_seconds": 0.00014969694893807173,
      "clone_seconds": 0.0,
      "restore_seconds": 0.0,
      "file_write_seconds": 7.078598719090223e-05,
      "operation_seconds": 0.09468698303680867,
      "total_phase_seconds": 0.09708957298425958,
      "scope": "file writes include journal intent/add/flush; excludes this timing receipt and checkpoint writes",
      "mode": "stage4_sealed_cell",
      "banner": "sealed Stage 4; scientific admission also requires complete declared populations"
    },
    {
      "phase": "immediate:54",
      "identity_check_kind": "in_memory_structure_and_configuration",
      "recipe_verification_seconds": 0.0,
      "identity_verification_seconds": 0.0,
      "identity_check_seconds": 0.0019163640099577606,
      "state_hash_seconds": 0.004352297924924642,
      "clone_seconds": 0.0,
      "restore_seconds": 0.0,
      "file_write_seconds": 6.589706754311919e-05,
      "operation_seconds": 0.031070047989487648,
      "total_phase_seconds": 0.037478239042684436,
      "scope": "file writes include journal intent/add/flush; excludes this timing receipt and checkpoint writes",
      "mode": "stage4_sealed_cell",
      "banner": "sealed Stage 4; scientific admission also requires complete declared populations"
    },
    {
      "phase": "edit:55",
      "identity_check_kind": "in_memory_structure_and_configuration",
      "recipe_verification_seconds": 0.0,
      "identity_verification_seconds": 0.0,
      "identity_check_seconds": 0.001991268014535308,
      "state_hash_seconds": 0.00015136098954826593,
      "clone_seconds": 0.0,
      "restore_seconds": 0.0,
      "file_write_seconds": 5.983602022752166e-05,
      "operation_seconds": 0.08856761700008065,
      "total_phase_seconds": 0.09083663899218664,
      "scope": "file writes include journal intent/add/flush; excludes this timing receipt and checkpoint writes",
      "mode": "stage4_sealed_cell",
      "banner": "sealed Stage 4; scientific admission also requires complete declared populations"
    },
    {
      "phase": "immediate:55",
      "identity_check_kind": "in_memory_structure_and_configuration",
      "recipe_verification_seconds": 0.0,
      "identity_verification_seconds": 0.0,
      "identity_check_seconds": 0.0019042110652662814,
      "state_hash_seconds": 0.004371214075945318,
      "clone_seconds": 0.0,
      "restore_seconds": 0.0,
      "file_write_seconds": 6.353098433464766e-05,
      "operation_seconds": 0.02953446499304846,
      "total_phase_seconds": 0.0359492190182209,
      "scope": "file writes include journal intent/add/flush; excludes this timing receipt and checkpoint writes",
      "mode": "stage4_sealed_cell",
      "banner": "sealed Stage 4; scientific admission also requires complete declared populations"
    },
    {
      "phase": "edit:56",
      "identity_check_kind": "in_memory_structure_and_configuration",
      "recipe_verification_seconds": 0.0,
      "identity_verification_seconds": 0.0,
      "identity_check_seconds": 0.00199498503934592,
      "state_hash_seconds": 0.00013243488501757383,
      "clone_seconds": 0.0,
      "restore_seconds": 0.0,
      "file_write_seconds": 7.018499309197068e-05,
      "operation_seconds": 0.11237245600204915,
      "total_phase_seconds": 0.11463132896460593,
      "scope": "file writes include journal intent/add/flush; excludes this timing receipt and checkpoint writes",
      "mode": "stage4_sealed_cell",
      "banner": "sealed Stage 4; scientific admission also requires complete declared populations"
    },
    {
      "phase": "immediate:56",
      "identity_check_kind": "in_memory_structure_and_configuration",
      "recipe_verification_seconds": 0.0,
      "identity_verification_seconds": 0.0,
      "identity_check_seconds": 0.0020456439815461636,
      "state_hash_seconds": 0.0050302810268476605,
      "clone_seconds": 0.0,
      "restore_seconds": 0.0,
      "file_write_seconds": 5.915499059483409e-05,
      "operation_seconds": 0.030284447013400495,
      "total_phase_seconds": 0.03751699300482869,
      "scope": "file writes include journal intent/add/flush; excludes this timing receipt and checkpoint writes",
      "mode": "stage4_sealed_cell",
      "banner": "sealed Stage 4; scientific admission also requires complete declared populations"
    },
    {
      "phase": "edit:57",
      "identity_check_kind": "in_memory_structure_and_configuration",
      "recipe_verification_seconds": 0.0,
      "identity_verification_seconds": 0.0,
      "identity_check_seconds": 0.002150725049432367,
      "state_hash_seconds": 0.00023146596504375339,
      "clone_seconds": 0.0,
      "restore_seconds": 0.0,
      "file_write_seconds": 6.509607192128897e-05,
      "operation_seconds": 0.16362779401242733,
      "total_phase_seconds": 0.1661480600014329,
      "scope": "file writes include journal intent/add/flush; excludes this timing receipt and checkpoint writes",
      "mode": "stage4_sealed_cell",
      "banner": "sealed Stage 4; scientific admission also requires complete declared populations"
    },
    {
      "phase": "immediate:57",
      "identity_check_kind": "in_memory_structure_and_configuration",
      "recipe_verification_seconds": 0.0,
      "identity_verification_seconds": 0.0,
      "identity_check_seconds": 0.002260707027744502,
      "state_hash_seconds": 0.00505334505578503,
      "clone_seconds": 0.0,
      "restore_seconds": 0.0,
      "file_write_seconds": 5.928397877141833e-05,
      "operation_seconds": 0.04023526998935267,
      "total_phase_seconds": 0.047726041986607015,
      "scope": "file writes include journal intent/add/flush; excludes this timing receipt and checkpoint writes",
      "mode": "stage4_sealed_cell",
      "banner": "sealed Stage 4; scientific admission also requires complete declared populations"
    },
    {
      "phase": "edit:58",
      "identity_check_kind": "in_memory_structure_and_configuration",
      "recipe_verification_seconds": 0.0,
      "identity_verification_seconds": 0.0,
      "identity_check_seconds": 0.0020576660172082484,
      "state_hash_seconds": 0.00014527898747473955,
      "clone_seconds": 0.0,
      "restore_seconds": 0.0,
      "file_write_seconds": 5.868298467248678e-05,
      "operation_seconds": 0.12169287703000009,
      "total_phase_seconds": 0.12401695502921939,
      "scope": "file writes include journal intent/add/flush; excludes this timing receipt and checkpoint writes",
      "mode": "stage4_sealed_cell",
      "banner": "sealed Stage 4; scientific admission also requires complete declared populations"
    },
    {
      "phase": "immediate:58",
      "identity_check_kind": "in_memory_structure_and_configuration",
      "recipe_verification_seconds": 0.0,
      "identity_verification_seconds": 0.0,
      "identity_check_seconds": 0.0022110510617494583,
      "state_hash_seconds": 0.004999582946766168,
      "clone_seconds": 0.0,
      "restore_seconds": 0.0,
      "file_write_seconds": 5.8914010878652334e-05,
      "operation_seconds": 0.030883609026204795,
      "total_phase_seconds": 0.038258337997831404,
      "scope": "file writes include journal intent/add/flush; excludes this timing receipt and checkpoint writes",
      "mode": "stage4_sealed_cell",
      "banner": "sealed Stage 4; scientific admission also requires complete declared populations"
    },
    {
      "phase": "edit:59",
      "identity_check_kind": "in_memory_structure_and_configuration",
      "recipe_verification_seconds": 0.0,
      "identity_verification_seconds": 0.0,
      "identity_check_seconds": 0.002075008989777416,
      "state_hash_seconds": 0.00015795300714671612,
      "clone_seconds": 0.0,
      "restore_seconds": 0.0,
      "file_write_seconds": 6.031699012964964e-05,
      "operation_seconds": 0.16679886099882424,
      "total_phase_seconds": 0.1691590590053238,
      "scope": "file writes include journal intent/add/flush; excludes this timing receipt and checkpoint writes",
      "mode": "stage4_sealed_cell",
      "banner": "sealed Stage 4; scientific admission also requires complete declared populations"
    },
    {
      "phase": "immediate:59",
      "identity_check_kind": "in_memory_structure_and_configuration",
      "recipe_verification_seconds": 0.0,
      "identity_verification_seconds": 0.0,
      "identity_check_seconds": 0.00224965502275154,
      "state_hash_seconds": 0.00482381391339004,
      "clone_seconds": 0.0,
      "restore_seconds": 0.0,
      "file_write_seconds": 5.715998122468591e-05,
      "operation_seconds": 0.04109261801932007,
      "total_phase_seconds": 0.048312959959730506,
      "scope": "file writes include journal intent/add/flush; excludes this timing receipt and checkpoint writes",
      "mode": "stage4_sealed_cell",
      "banner": "sealed Stage 4; scientific admission also requires complete declared populations"
    },
    {
      "phase": "edit:60",
      "identity_check_kind": "in_memory_structure_and_configuration",
      "recipe_verification_seconds": 0.0,
      "identity_verification_seconds": 0.0,
      "identity_check_seconds": 0.0019142510136589408,
      "state_hash_seconds": 0.0001404000213369727,
      "clone_seconds": 0.0,
      "restore_seconds": 0.0,
      "file_write_seconds": 5.8222038205713034e-05,
      "operation_seconds": 0.2882518559927121,
      "total_phase_seconds": 0.29042492498410866,
      "scope": "file writes include journal intent/add/flush; excludes this timing receipt and checkpoint writes",
      "mode": "stage4_sealed_cell",
      "banner": "sealed Stage 4; scientific admission also requires complete declared populations"
    },
    {
      "phase": "immediate:60",
      "identity_check_kind": "in_memory_structure_and_configuration",
      "recipe_verification_seconds": 0.0,
      "identity_verification_seconds": 0.0,
      "identity_check_seconds": 0.002225438947789371,
      "state_hash_seconds": 0.00483587896451354,
      "clone_seconds": 0.0,
      "restore_seconds": 0.0,
      "file_write_seconds": 6.089697126299143e-05,
      "operation_seconds": 0.05917848099488765,
      "total_phase_seconds": 0.06638380402000621,
      "scope": "file writes include journal intent/add/flush; excludes this timing receipt and checkpoint writes",
      "mode": "stage4_sealed_cell",
      "banner": "sealed Stage 4; scientific admission also requires complete declared populations"
    },
    {
      "phase": "edit:61",
      "identity_check_kind": "in_memory_structure_and_configuration",
      "recipe_verification_seconds": 0.0,
      "identity_verification_seconds": 0.0,
      "identity_check_seconds": 0.0019588860450312495,
      "state_hash_seconds": 0.00014424696564674377,
      "clone_seconds": 0.0,
      "restore_seconds": 0.0,
      "file_write_seconds": 6.0326012317091227e-05,
      "operation_seconds": 0.12427532201400027,
      "total_phase_seconds": 0.1265017429832369,
      "scope": "file writes include journal intent/add/flush; excludes this timing receipt and checkpoint writes",
      "mode": "stage4_sealed_cell",
      "banner": "sealed Stage 4; scientific admission also requires complete declared populations"
    },
    {
      "phase": "immediate:61",
      "identity_check_kind": "in_memory_structure_and_configuration",
      "recipe_verification_seconds": 0.0,
      "identity_verification_seconds": 0.0,
      "identity_check_seconds": 0.002099325996823609,
      "state_hash_seconds": 0.005507089023012668,
      "clone_seconds": 0.0,
      "restore_seconds": 0.0,
      "file_write_seconds": 5.962501745671034e-05,
      "operation_seconds": 0.03448298998409882,
      "total_phase_seconds": 0.042245215037837625,
      "scope": "file writes include journal intent/add/flush; excludes this timing receipt and checkpoint writes",
      "mode": "stage4_sealed_cell",
      "banner": "sealed Stage 4; scientific admission also requires complete declared populations"
    },
    {
      "phase": "edit:62",
      "identity_check_kind": "in_memory_structure_and_configuration",
      "recipe_verification_seconds": 0.0,
      "identity_verification_seconds": 0.0,
      "identity_check_seconds": 0.001975769002456218,
      "state_hash_seconds": 0.00013830402167513967,
      "clone_seconds": 0.0,
      "restore_seconds": 0.0,
      "file_write_seconds": 5.842302925884724e-05,
      "operation_seconds": 0.08597736700903624,
      "total_phase_seconds": 0.08820848696632311,
      "scope": "file writes include journal intent/add/flush; excludes this timing receipt and checkpoint writes",
      "mode": "stage4_sealed_cell",
      "banner": "sealed Stage 4; scientific admission also requires complete declared populations"
    },
    {
      "phase": "immediate:62",
      "identity_check_kind": "in_memory_structure_and_configuration",
      "recipe_verification_seconds": 0.0,
      "identity_verification_seconds": 0.0,
      "identity_check_seconds": 0.0019550889264792204,
      "state_hash_seconds": 0.005038406001403928,
      "clone_seconds": 0.0,
      "restore_seconds": 0.0,
      "file_write_seconds": 5.588703788816929e-05,
      "operation_seconds": 0.030380422016605735,
      "total_phase_seconds": 0.03750539995962754,
      "scope": "file writes include journal intent/add/flush; excludes this timing receipt and checkpoint writes",
      "mode": "stage4_sealed_cell",
      "banner": "sealed Stage 4; scientific admission also requires complete declared populations"
    },
    {
      "phase": "edit:63",
      "identity_check_kind": "in_memory_structure_and_configuration",
      "recipe_verification_seconds": 0.0,
      "identity_verification_seconds": 0.0,
      "identity_check_seconds": 0.00203193596098572,
      "state_hash_seconds": 0.00018123904010280967,
      "clone_seconds": 0.0,
      "restore_seconds": 0.0,
      "file_write_seconds": 6.40930375084281e-05,
      "operation_seconds": 0.12805829499848187,
      "total_phase_seconds": 0.13040118996286765,
      "scope": "file writes include journal intent/add/flush; excludes this timing receipt and checkpoint writes",
      "mode": "stage4_sealed_cell",
      "banner": "sealed Stage 4; scientific admission also requires complete declared populations"
    },
    {
      "phase": "immediate:63",
      "identity_check_kind": "in_memory_structure_and_configuration",
      "recipe_verification_seconds": 0.0,
      "identity_verification_seconds": 0.0,
      "identity_check_seconds": 0.0020715529681183398,
      "state_hash_seconds": 0.005312383989803493,
      "clone_seconds": 0.0,
      "restore_seconds": 0.0,
      "file_write_seconds": 5.7451019529253244e-05,
      "operation_seconds": 0.031089324969798326,
      "total_phase_seconds": 0.03862255800049752,
      "scope": "file writes include journal intent/add/flush; excludes this timing receipt and checkpoint writes",
      "mode": "stage4_sealed_cell",
      "banner": "sealed Stage 4; scientific admission also requires complete declared populations"
    },
    {
      "phase": "edit:64",
      "identity_check_kind": "in_memory_structure_and_configuration",
      "recipe_verification_seconds": 0.0,
      "identity_verification_seconds": 0.0,
      "identity_check_seconds": 0.002006668015383184,
      "state_hash_seconds": 0.00015266297850757837,
      "clone_seconds": 0.0,
      "restore_seconds": 0.0,
      "file_write_seconds": 5.9534970205277205e-05,
      "operation_seconds": 0.25812348898034543,
      "total_phase_seconds": 0.2604035020340234,
      "scope": "file writes include journal intent/add/flush; excludes this timing receipt and checkpoint writes",
      "mode": "stage4_sealed_cell",
      "banner": "sealed Stage 4; scientific admission also requires complete declared populations"
    },
    {
      "phase": "immediate:64",
      "identity_check_kind": "in_memory_structure_and_configuration",
      "recipe_verification_seconds": 0.0,
      "identity_verification_seconds": 0.0,
      "identity_check_seconds": 0.002138010982889682,
      "state_hash_seconds": 0.005160523054655641,
      "clone_seconds": 0.0,
      "restore_seconds": 0.0,
      "file_write_seconds": 0.0046574039733968675,
      "operation_seconds": 0.054470478964503855,
      "total_phase_seconds": 0.0665121009806171,
      "scope": "file writes include journal intent/add/flush; excludes this timing receipt and checkpoint writes",
      "mode": "stage4_sealed_cell",
      "banner": "sealed Stage 4; scientific admission also requires complete declared populations"
    },
    {
      "phase": "edit:65",
      "identity_check_kind": "in_memory_structure_and_configuration",
      "recipe_verification_seconds": 0.0,
      "identity_verification_seconds": 0.0,
      "identity_check_seconds": 0.002256198029499501,
      "state_hash_seconds": 0.00017878197832033038,
      "clone_seconds": 0.0,
      "restore_seconds": 0.0,
      "file_write_seconds": 0.0012219290365464985,
      "operation_seconds": 0.12143985001603141,
      "total_phase_seconds": 0.12516962102381513,
      "scope": "file writes include journal intent/add/flush; excludes this timing receipt and checkpoint writes",
      "mode": "stage4_sealed_cell",
      "banner": "sealed Stage 4; scientific admission also requires complete declared populations"
    },
    {
      "phase": "immediate:65",
      "identity_check_kind": "in_memory_structure_and_configuration",
      "recipe_verification_seconds": 0.0,
      "identity_verification_seconds": 0.0,
      "identity_check_seconds": 0.0021292740129865706,
      "state_hash_seconds": 0.0052377600222826,
      "clone_seconds": 0.0,
      "restore_seconds": 0.0,
      "file_write_seconds": 5.7591008953750134e-05,
      "operation_seconds": 0.034756364999338984,
      "total_phase_seconds": 0.04227615398121998,
      "scope": "file writes include journal intent/add/flush; excludes this timing receipt and checkpoint writes",
      "mode": "stage4_sealed_cell",
      "banner": "sealed Stage 4; scientific admission also requires complete declared populations"
    },
    {
      "phase": "edit:66",
      "identity_check_kind": "in_memory_structure_and_configuration",
      "recipe_verification_seconds": 0.0,
      "identity_verification_seconds": 0.0,
      "identity_check_seconds": 0.001969877048395574,
      "state_hash_seconds": 0.000159134971909225,
      "clone_seconds": 0.0,
      "restore_seconds": 0.0,
      "file_write_seconds": 5.994504317641258e-05,
      "operation_seconds": 0.08792712597642094,
      "total_phase_seconds": 0.09017753298394382,
      "scope": "file writes include journal intent/add/flush; excludes this timing receipt and checkpoint writes",
      "mode": "stage4_sealed_cell",
      "banner": "sealed Stage 4; scientific admission also requires complete declared populations"
    },
    {
      "phase": "immediate:66",
      "identity_check_kind": "in_memory_structure_and_configuration",
      "recipe_verification_seconds": 0.0,
      "identity_verification_seconds": 0.0,
      "identity_check_seconds": 0.0019087690161541104,
      "state_hash_seconds": 0.0052032050443813205,
      "clone_seconds": 0.0,
      "restore_seconds": 0.0,
      "file_write_seconds": 5.825201515108347e-05,
      "operation_seconds": 0.031139301019720733,
      "total_phase_seconds": 0.038390000991057605,
      "scope": "file writes include journal intent/add/flush; excludes this timing receipt and checkpoint writes",
      "mode": "stage4_sealed_cell",
      "banner": "sealed Stage 4; scientific admission also requires complete declared populations"
    },
    {
      "phase": "edit:67",
      "identity_check_kind": "in_memory_structure_and_configuration",
      "recipe_verification_seconds": 0.0,
      "identity_verification_seconds": 0.0,
      "identity_check_seconds": 0.0020951679907739162,
      "state_hash_seconds": 0.00016827404033392668,
      "clone_seconds": 0.0,
      "restore_seconds": 0.0,
      "file_write_seconds": 5.992606747895479e-05,
      "operation_seconds": 0.12176109699066728,
      "total_phase_seconds": 0.1241494599962607,
      "scope": "file writes include journal intent/add/flush; excludes this timing receipt and checkpoint writes",
      "mode": "stage4_sealed_cell",
      "banner": "sealed Stage 4; scientific admission also requires complete declared populations"
    },
    {
      "phase": "immediate:67",
      "identity_check_kind": "in_memory_structure_and_configuration",
      "recipe_verification_seconds": 0.0,
      "identity_verification_seconds": 0.0,
      "identity_check_seconds": 0.0028286989545449615,
      "state_hash_seconds": 0.005783880013041198,
      "clone_seconds": 0.0,
      "restore_seconds": 0.0,
      "file_write_seconds": 7.838103920221329e-05,
      "operation_seconds": 0.03814183495705947,
      "total_phase_seconds": 0.04693371901521459,
      "scope": "file writes include journal intent/add/flush; excludes this timing receipt and checkpoint writes",
      "mode": "stage4_sealed_cell",
      "banner": "sealed Stage 4; scientific admission also requires complete declared populations"
    },
    {
      "phase": "edit:68",
      "identity_check_kind": "in_memory_structure_and_configuration",
      "recipe_verification_seconds": 0.0,
      "identity_verification_seconds": 0.0,
      "identity_check_seconds": 0.0020441199303604662,
      "state_hash_seconds": 0.00016708107432350516,
      "clone_seconds": 0.0,
      "restore_seconds": 0.0,
      "file_write_seconds": 6.874301470816135e-05,
      "operation_seconds": 0.09372516395524144,
      "total_phase_seconds": 0.09606834896840155,
      "scope": "file writes include journal intent/add/flush; excludes this timing receipt and checkpoint writes",
      "mode": "stage4_sealed_cell",
      "banner": "sealed Stage 4; scientific admission also requires complete declared populations"
    },
    {
      "phase": "immediate:68",
      "identity_check_kind": "in_memory_structure_and_configuration",
      "recipe_verification_seconds": 0.0,
      "identity_verification_seconds": 0.0,
      "identity_check_seconds": 0.0021356160286813974,
      "state_hash_seconds": 0.0055561220506206155,
      "clone_seconds": 0.0,
      "restore_seconds": 0.0,
      "file_write_seconds": 5.6697987020015717e-05,
      "operation_seconds": 0.03233855700818822,
      "total_phase_seconds": 0.0401702540111728,
      "scope": "file writes include journal intent/add/flush; excludes this timing receipt and checkpoint writes",
      "mode": "stage4_sealed_cell",
      "banner": "sealed Stage 4; scientific admission also requires complete declared populations"
    },
    {
      "phase": "edit:69",
      "identity_check_kind": "in_memory_structure_and_configuration",
      "recipe_verification_seconds": 0.0,
      "identity_verification_seconds": 0.0,
      "identity_check_seconds": 0.001954727980773896,
      "state_hash_seconds": 0.00015683297533541918,
      "clone_seconds": 0.0,
      "restore_seconds": 0.0,
      "file_write_seconds": 5.774002056568861e-05,
      "operation_seconds": 0.1608858519466594,
      "total_phase_seconds": 0.16311921598389745,
      "scope": "file writes include journal intent/add/flush; excludes this timing receipt and checkpoint writes",
      "mode": "stage4_sealed_cell",
      "banner": "sealed Stage 4; scientific admission also requires complete declared populations"
    },
    {
      "phase": "immediate:69",
      "identity_check_kind": "in_memory_structure_and_configuration",
      "recipe_verification_seconds": 0.0,
      "identity_verification_seconds": 0.0,
      "identity_check_seconds": 0.002164703037124127,
      "state_hash_seconds": 0.005747902963776141,
      "clone_seconds": 0.0,
      "restore_seconds": 0.0,
      "file_write_seconds": 5.830201553180814e-05,
      "operation_seconds": 0.03758588503114879,
      "total_phase_seconds": 0.04565333703067154,
      "scope": "file writes include journal intent/add/flush; excludes this timing receipt and checkpoint writes",
      "mode": "stage4_sealed_cell",
      "banner": "sealed Stage 4; scientific admission also requires complete declared populations"
    },
    {
      "phase": "edit:70",
      "identity_check_kind": "in_memory_structure_and_configuration",
      "recipe_verification_seconds": 0.0,
      "identity_verification_seconds": 0.0,
      "identity_check_seconds": 0.002093193936161697,
      "state_hash_seconds": 0.00017329404363408685,
      "clone_seconds": 0.0,
      "restore_seconds": 0.0,
      "file_write_seconds": 5.83709916099906e-05,
      "operation_seconds": 0.13335342600475997,
      "total_phase_seconds": 0.13574588601477444,
      "scope": "file writes include journal intent/add/flush; excludes this timing receipt and checkpoint writes",
      "mode": "stage4_sealed_cell",
      "banner": "sealed Stage 4; scientific admission also requires complete declared populations"
    },
    {
      "phase": "immediate:70",
      "identity_check_kind": "in_memory_structure_and_configuration",
      "recipe_verification_seconds": 0.0,
      "identity_verification_seconds": 0.0,
      "identity_check_seconds": 0.0021638799807988107,
      "state_hash_seconds": 0.005734554957598448,
      "clone_seconds": 0.0,
      "restore_seconds": 0.0,
      "file_write_seconds": 5.740998312830925e-05,
      "operation_seconds": 0.040377031022217125,
      "total_phase_seconds": 0.04842231998918578,
      "scope": "file writes include journal intent/add/flush; excludes this timing receipt and checkpoint writes",
      "mode": "stage4_sealed_cell",
      "banner": "sealed Stage 4; scientific admission also requires complete declared populations"
    },
    {
      "phase": "edit:71",
      "identity_check_kind": "in_memory_structure_and_configuration",
      "recipe_verification_seconds": 0.0,
      "identity_verification_seconds": 0.0,
      "identity_check_seconds": 0.0020807000109925866,
      "state_hash_seconds": 0.00018868193728849292,
      "clone_seconds": 0.0,
      "restore_seconds": 0.0,
      "file_write_seconds": 6.26209657639265e-05,
      "operation_seconds": 0.20359988696873188,
      "total_phase_seconds": 0.20600287697743624,
      "scope": "file writes include journal intent/add/flush; excludes this timing receipt and checkpoint writes",
      "mode": "stage4_sealed_cell",
      "banner": "sealed Stage 4; scientific admission also requires complete declared populations"
    },
    {
      "phase": "immediate:71",
      "identity_check_kind": "in_memory_structure_and_configuration",
      "recipe_verification_seconds": 0.0,
      "identity_verification_seconds": 0.0,
      "identity_check_seconds": 0.00212932494468987,
      "state_hash_seconds": 0.005703415954485536,
      "clone_seconds": 0.0,
      "restore_seconds": 0.0,
      "file_write_seconds": 5.598698044195771e-05,
      "operation_seconds": 0.04666908999206498,
      "total_phase_seconds": 0.05464318097801879,
      "scope": "file writes include journal intent/add/flush; excludes this timing receipt and checkpoint writes",
      "mode": "stage4_sealed_cell",
      "banner": "sealed Stage 4; scientific admission also requires complete declared populations"
    },
    {
      "phase": "edit:72",
      "identity_check_kind": "in_memory_structure_and_configuration",
      "recipe_verification_seconds": 0.0,
      "identity_verification_seconds": 0.0,
      "identity_check_seconds": 0.00196773192146793,
      "state_hash_seconds": 0.00017503701383247972,
      "clone_seconds": 0.0,
      "restore_seconds": 0.0,
      "file_write_seconds": 5.841202801093459e-05,
      "operation_seconds": 0.12376904801931232,
      "total_phase_seconds": 0.1260310679790564,
      "scope": "file writes include journal intent/add/flush; excludes this timing receipt and checkpoint writes",
      "mode": "stage4_sealed_cell",
      "banner": "sealed Stage 4; scientific admission also requires complete declared populations"
    },
    {
      "phase": "immediate:72",
      "identity_check_kind": "in_memory_structure_and_configuration",
      "recipe_verification_seconds": 0.0,
      "identity_verification_seconds": 0.0,
      "identity_check_seconds": 0.002270595927257091,
      "state_hash_seconds": 0.006241360038984567,
      "clone_seconds": 0.0,
      "restore_seconds": 0.0,
      "file_write_seconds": 5.799101199954748e-05,
      "operation_seconds": 0.03346819803118706,
      "total_phase_seconds": 0.04213586397236213,
      "scope": "file writes include journal intent/add/flush; excludes this timing receipt and checkpoint writes",
      "mode": "stage4_sealed_cell",
      "banner": "sealed Stage 4; scientific admission also requires complete declared populations"
    },
    {
      "phase": "edit:73",
      "identity_check_kind": "in_memory_structure_and_configuration",
      "recipe_verification_seconds": 0.0,
      "identity_verification_seconds": 0.0,
      "identity_check_seconds": 0.002502480987459421,
      "state_hash_seconds": 0.00022215698845684528,
      "clone_seconds": 0.0,
      "restore_seconds": 0.0,
      "file_write_seconds": 5.88939874432981e-05,
      "operation_seconds": 0.08851179998600855,
      "total_phase_seconds": 0.09136954497080296,
      "scope": "file writes include journal intent/add/flush; excludes this timing receipt and checkpoint writes",
      "mode": "stage4_sealed_cell",
      "banner": "sealed Stage 4; scientific admission also requires complete declared populations"
    },
    {
      "phase": "immediate:73",
      "identity_check_kind": "in_memory_structure_and_configuration",
      "recipe_verification_seconds": 0.0,
      "identity_verification_seconds": 0.0,
      "identity_check_seconds": 0.001990315970033407,
      "state_hash_seconds": 0.005814137926790863,
      "clone_seconds": 0.0,
      "restore_seconds": 0.0,
      "file_write_seconds": 6.335199577733874e-05,
      "operation_seconds": 0.030848662019707263,
      "total_phase_seconds": 0.03879910800606012,
      "scope": "file writes include journal intent/add/flush; excludes this timing receipt and checkpoint writes",
      "mode": "stage4_sealed_cell",
      "banner": "sealed Stage 4; scientific admission also requires complete declared populations"
    },
    {
      "phase": "edit:74",
      "identity_check_kind": "in_memory_structure_and_configuration",
      "recipe_verification_seconds": 0.0,
      "identity_verification_seconds": 0.0,
      "identity_check_seconds": 0.002043789019808173,
      "state_hash_seconds": 0.00019022502237930894,
      "clone_seconds": 0.0,
      "restore_seconds": 0.0,
      "file_write_seconds": 5.992600927129388e-05,
      "operation_seconds": 0.18202716996893287,
      "total_phase_seconds": 0.18438979203347117,
      "scope": "file writes include journal intent/add/flush; excludes this timing receipt and checkpoint writes",
      "mode": "stage4_sealed_cell",
      "banner": "sealed Stage 4; scientific admission also requires complete declared populations"
    },
    {
      "phase": "immediate:74",
      "identity_check_kind": "in_memory_structure_and_configuration",
      "recipe_verification_seconds": 0.0,
      "identity_verification_seconds": 0.0,
      "identity_check_seconds": 0.0020389100536704063,
      "state_hash_seconds": 0.00614885101094842,
      "clone_seconds": 0.0,
      "restore_seconds": 0.0,
      "file_write_seconds": 5.992501974105835e-05,
      "operation_seconds": 0.04620062903268263,
      "total_phase_seconds": 0.05455276800785214,
      "scope": "file writes include journal intent/add/flush; excludes this timing receipt and checkpoint writes",
      "mode": "stage4_sealed_cell",
      "banner": "sealed Stage 4; scientific admission also requires complete declared populations"
    },
    {
      "phase": "edit:75",
      "identity_check_kind": "in_memory_structure_and_configuration",
      "recipe_verification_seconds": 0.0,
      "identity_verification_seconds": 0.0,
      "identity_check_seconds": 0.0020626159966923296,
      "state_hash_seconds": 0.00018085702322423458,
      "clone_seconds": 0.0,
      "restore_seconds": 0.0,
      "file_write_seconds": 7.855100557208061e-05,
      "operation_seconds": 0.08279475703602657,
      "total_phase_seconds": 0.08519540395354852,
      "scope": "file writes include journal intent/add/flush; excludes this timing receipt and checkpoint writes",
      "mode": "stage4_sealed_cell",
      "banner": "sealed Stage 4; scientific admission also requires complete declared populations"
    },
    {
      "phase": "immediate:75",
      "identity_check_kind": "in_memory_structure_and_configuration",
      "recipe_verification_seconds": 0.0,
      "identity_verification_seconds": 0.0,
      "identity_check_seconds": 0.0018311810563318431,
      "state_hash_seconds": 0.006177959032356739,
      "clone_seconds": 0.0,
      "restore_seconds": 0.0,
      "file_write_seconds": 5.936500383540988e-05,
      "operation_seconds": 0.03313339501619339,
      "total_phase_seconds": 0.04130079800961539,
      "scope": "file writes include journal intent/add/flush; excludes this timing receipt and checkpoint writes",
      "mode": "stage4_sealed_cell",
      "banner": "sealed Stage 4; scientific admission also requires complete declared populations"
    },
    {
      "phase": "edit:76",
      "identity_check_kind": "in_memory_structure_and_configuration",
      "recipe_verification_seconds": 0.0,
      "identity_verification_seconds": 0.0,
      "identity_check_seconds": 0.0022863559424877167,
      "state_hash_seconds": 0.00025524996453896165,
      "clone_seconds": 0.0,
      "restore_seconds": 0.0,
      "file_write_seconds": 6.316992221400142e-05,
      "operation_seconds": 0.12090684601571411,
      "total_phase_seconds": 0.12360787799116224,
      "scope": "file writes include journal intent/add/flush; excludes this timing receipt and checkpoint writes",
      "mode": "stage4_sealed_cell",
      "banner": "sealed Stage 4; scientific admission also requires complete declared populations"
    },
    {
      "phase": "immediate:76",
      "identity_check_kind": "in_memory_structure_and_configuration",
      "recipe_verification_seconds": 0.0,
      "identity_verification_seconds": 0.0,
      "identity_check_seconds": 0.0022239560494199395,
      "state_hash_seconds": 0.006045753951184452,
      "clone_seconds": 0.0,
      "restore_seconds": 0.0,
      "file_write_seconds": 6.336200749501586e-05,
      "operation_seconds": 0.03430644003674388,
      "total_phase_seconds": 0.04273915401427075,
      "scope": "file writes include journal intent/add/flush; excludes this timing receipt and checkpoint writes",
      "mode": "stage4_sealed_cell",
      "banner": "sealed Stage 4; scientific admission also requires complete declared populations"
    },
    {
      "phase": "edit:77",
      "identity_check_kind": "in_memory_structure_and_configuration",
      "recipe_verification_seconds": 0.0,
      "identity_verification_seconds": 0.0,
      "identity_check_seconds": 0.0019529350101947784,
      "state_hash_seconds": 0.00019231007900089025,
      "clone_seconds": 0.0,
      "restore_seconds": 0.0,
      "file_write_seconds": 5.960400449112058e-05,
      "operation_seconds": 0.11716832697857171,
      "total_phase_seconds": 0.1194424299756065,
      "scope": "file writes include journal intent/add/flush; excludes this timing receipt and checkpoint writes",
      "mode": "stage4_sealed_cell",
      "banner": "sealed Stage 4; scientific admission also requires complete declared populations"
    },
    {
      "phase": "immediate:77",
      "identity_check_kind": "in_memory_structure_and_configuration",
      "recipe_verification_seconds": 0.0,
      "identity_verification_seconds": 0.0,
      "identity_check_seconds": 0.0025064690271392465,
      "state_hash_seconds": 0.006156137038487941,
      "clone_seconds": 0.0,
      "restore_seconds": 0.0,
      "file_write_seconds": 5.675898864865303e-05,
      "operation_seconds": 0.034099281998351216,
      "total_phase_seconds": 0.04290720698190853,
      "scope": "file writes include journal intent/add/flush; excludes this timing receipt and checkpoint writes",
      "mode": "stage4_sealed_cell",
      "banner": "sealed Stage 4; scientific admission also requires complete declared populations"
    },
    {
      "phase": "edit:78",
      "identity_check_kind": "in_memory_structure_and_configuration",
      "recipe_verification_seconds": 0.0,
      "identity_verification_seconds": 0.0,
      "identity_check_seconds": 0.0018921989831142128,
      "state_hash_seconds": 0.00018478598212823272,
      "clone_seconds": 0.0,
      "restore_seconds": 0.0,
      "file_write_seconds": 5.934498040005565e-05,
      "operation_seconds": 0.09023338998667896,
      "total_phase_seconds": 0.09243345999857411,
      "scope": "file writes include journal intent/add/flush; excludes this timing receipt and checkpoint writes",
      "mode": "stage4_sealed_cell",
      "banner": "sealed Stage 4; scientific admission also requires complete declared populations"
    },
    {
      "phase": "immediate:78",
      "identity_check_kind": "in_memory_structure_and_configuration",
      "recipe_verification_seconds": 0.0,
      "identity_verification_seconds": 0.0,
      "identity_check_seconds": 0.0022623399854637682,
      "state_hash_seconds": 0.0063950850162655115,
      "clone_seconds": 0.0,
      "restore_seconds": 0.0,
      "file_write_seconds": 0.00010980194201692939,
      "operation_seconds": 0.03087204700568691,
      "total_phase_seconds": 0.03975197102408856,
      "scope": "file writes include journal intent/add/flush; excludes this timing receipt and checkpoint writes",
      "mode": "stage4_sealed_cell",
      "banner": "sealed Stage 4; scientific admission also requires complete declared populations"
    },
    {
      "phase": "edit:79",
      "identity_check_kind": "in_memory_structure_and_configuration",
      "recipe_verification_seconds": 0.0,
      "identity_verification_seconds": 0.0,
      "identity_check_seconds": 0.00210990704363212,
      "state_hash_seconds": 0.0002060260740108788,
      "clone_seconds": 0.0,
      "restore_seconds": 0.0,
      "file_write_seconds": 6.882305024191737e-05,
      "operation_seconds": 0.08749291999265552,
      "total_phase_seconds": 0.08994954405352473,
      "scope": "file writes include journal intent/add/flush; excludes this timing receipt and checkpoint writes",
      "mode": "stage4_sealed_cell",
      "banner": "sealed Stage 4; scientific admission also requires complete declared populations"
    },
    {
      "phase": "immediate:79",
      "identity_check_kind": "in_memory_structure_and_configuration",
      "recipe_verification_seconds": 0.0,
      "identity_verification_seconds": 0.0,
      "identity_check_seconds": 0.0023678120342083275,
      "state_hash_seconds": 0.0069631480146199465,
      "clone_seconds": 0.0,
      "restore_seconds": 0.0,
      "file_write_seconds": 5.8102014008909464e-05,
      "operation_seconds": 0.0318697759648785,
      "total_phase_seconds": 0.04136058298172429,
      "scope": "file writes include journal intent/add/flush; excludes this timing receipt and checkpoint writes",
      "mode": "stage4_sealed_cell",
      "banner": "sealed Stage 4; scientific admission also requires complete declared populations"
    },
    {
      "phase": "edit:80",
      "identity_check_kind": "in_memory_structure_and_configuration",
      "recipe_verification_seconds": 0.0,
      "identity_verification_seconds": 0.0,
      "identity_check_seconds": 0.002096801938023418,
      "state_hash_seconds": 0.00021368201123550534,
      "clone_seconds": 0.0,
      "restore_seconds": 0.0,
      "file_write_seconds": 5.978404078632593e-05,
      "operation_seconds": 0.08816326898522675,
      "total_phase_seconds": 0.09060208895243704,
      "scope": "file writes include journal intent/add/flush; excludes this timing receipt and checkpoint writes",
      "mode": "stage4_sealed_cell",
      "banner": "sealed Stage 4; scientific admission also requires complete declared populations"
    },
    {
      "phase": "immediate:80",
      "identity_check_kind": "in_memory_structure_and_configuration",
      "recipe_verification_seconds": 0.0,
      "identity_verification_seconds": 0.0,
      "identity_check_seconds": 0.001979344990104437,
      "state_hash_seconds": 0.0064387888996861875,
      "clone_seconds": 0.0,
      "restore_seconds": 0.0,
      "file_write_seconds": 0.0048321999493055046,
      "operation_seconds": 0.03009650600142777,
      "total_phase_seconds": 0.04342917102621868,
      "scope": "file writes include journal intent/add/flush; excludes this timing receipt and checkpoint writes",
      "mode": "stage4_sealed_cell",
      "banner": "sealed Stage 4; scientific admission also requires complete declared populations"
    },
    {
      "phase": "edit:81",
      "identity_check_kind": "in_memory_structure_and_configuration",
      "recipe_verification_seconds": 0.0,
      "identity_verification_seconds": 0.0,
      "identity_check_seconds": 0.0019964900566264987,
      "state_hash_seconds": 0.00017229095101356506,
      "clone_seconds": 0.0,
      "restore_seconds": 0.0,
      "file_write_seconds": 0.0012006880133412778,
      "operation_seconds": 0.0910440490115434,
      "total_phase_seconds": 0.09447854198515415,
      "scope": "file writes include journal intent/add/flush; excludes this timing receipt and checkpoint writes",
      "mode": "stage4_sealed_cell",
      "banner": "sealed Stage 4; scientific admission also requires complete declared populations"
    },
    {
      "phase": "immediate:81",
      "identity_check_kind": "in_memory_structure_and_configuration",
      "recipe_verification_seconds": 0.0,
      "identity_verification_seconds": 0.0,
      "identity_check_seconds": 0.0019640459795482457,
      "state_hash_seconds": 0.006160193996038288,
      "clone_seconds": 0.0,
      "restore_seconds": 0.0,
      "file_write_seconds": 5.812104791402817e-05,
      "operation_seconds": 0.035412707016803324,
      "total_phase_seconds": 0.043671787017956376,
      "scope": "file writes include journal intent/add/flush; excludes this timing receipt and checkpoint writes",
      "mode": "stage4_sealed_cell",
      "banner": "sealed Stage 4; scientific admission also requires complete declared populations"
    },
    {
      "phase": "edit:82",
      "identity_check_kind": "in_memory_structure_and_configuration",
      "recipe_verification_seconds": 0.0,
      "identity_verification_seconds": 0.0,
      "identity_check_seconds": 0.002142339013516903,
      "state_hash_seconds": 0.00020200799917802215,
      "clone_seconds": 0.0,
      "restore_seconds": 0.0,
      "file_write_seconds": 7.613701745867729e-05,
      "operation_seconds": 0.12336350901750848,
      "total_phase_seconds": 0.12585622200276703,
      "scope": "file writes include journal intent/add/flush; excludes this timing receipt and checkpoint writes",
      "mode": "stage4_sealed_cell",
      "banner": "sealed Stage 4; scientific admission also requires complete declared populations"
    },
    {
      "phase": "immediate:82",
      "identity_check_kind": "in_memory_structure_and_configuration",
      "recipe_verification_seconds": 0.0,
      "identity_verification_seconds": 0.0,
      "identity_check_seconds": 0.0021861629793420434,
      "state_hash_seconds": 0.006525616976432502,
      "clone_seconds": 0.0,
      "restore_seconds": 0.0,
      "file_write_seconds": 6.12370204180479e-05,
      "operation_seconds": 0.03880708402721211,
      "total_phase_seconds": 0.04766824096441269,
      "scope": "file writes include journal intent/add/flush; excludes this timing receipt and checkpoint writes",
      "mode": "stage4_sealed_cell",
      "banner": "sealed Stage 4; scientific admission also requires complete declared populations"
    },
    {
      "phase": "edit:83",
      "identity_check_kind": "in_memory_structure_and_configuration",
      "recipe_verification_seconds": 0.0,
      "identity_verification_seconds": 0.0,
      "identity_check_seconds": 0.0021895499667152762,
      "state_hash_seconds": 0.00022775906836614013,
      "clone_seconds": 0.0,
      "restore_seconds": 0.0,
      "file_write_seconds": 9.50419926084578e-05,
      "operation_seconds": 0.1896654560114257,
      "total_phase_seconds": 0.19226156699005514,
      "scope": "file writes include journal intent/add/flush; excludes this timing receipt and checkpoint writes",
      "mode": "stage4_sealed_cell",
      "banner": "sealed Stage 4; scientific admission also requires complete declared populations"
    },
    {
      "phase": "immediate:83",
      "identity_check_kind": "in_memory_structure_and_configuration",
      "recipe_verification_seconds": 0.0,
      "identity_verification_seconds": 0.0,
      "identity_check_seconds": 0.0021669959533028305,
      "state_hash_seconds": 0.00743543601129204,
      "clone_seconds": 0.0,
      "restore_seconds": 0.0,
      "file_write_seconds": 5.794200114905834e-05,
      "operation_seconds": 0.04418505297508091,
      "total_phase_seconds": 0.05395436700200662,
      "scope": "file writes include journal intent/add/flush; excludes this timing receipt and checkpoint writes",
      "mode": "stage4_sealed_cell",
      "banner": "sealed Stage 4; scientific admission also requires complete declared populations"
    },
    {
      "phase": "edit:84",
      "identity_check_kind": "in_memory_structure_and_configuration",
      "recipe_verification_seconds": 0.0,
      "identity_verification_seconds": 0.0,
      "identity_check_seconds": 0.0020861810189671814,
      "state_hash_seconds": 0.00022289907792583108,
      "clone_seconds": 0.0,
      "restore_seconds": 0.0,
      "file_write_seconds": 5.9864018112421036e-05,
      "operation_seconds": 0.09509277297183871,
      "total_phase_seconds": 0.09753347496734932,
      "scope": "file writes include journal intent/add/flush; excludes this timing receipt and checkpoint writes",
      "mode": "stage4_sealed_cell",
      "banner": "sealed Stage 4; scientific admission also requires complete declared populations"
    },
    {
      "phase": "immediate:84",
      "identity_check_kind": "in_memory_structure_and_configuration",
      "recipe_verification_seconds": 0.0,
      "identity_verification_seconds": 0.0,
      "identity_check_seconds": 0.0021900010178796947,
      "state_hash_seconds": 0.006875178951304406,
      "clone_seconds": 0.0,
      "restore_seconds": 0.0,
      "file_write_seconds": 5.816202610731125e-05,
      "operation_seconds": 0.029838479997124523,
      "total_phase_seconds": 0.039058858004864305,
      "scope": "file writes include journal intent/add/flush; excludes this timing receipt and checkpoint writes",
      "mode": "stage4_sealed_cell",
      "banner": "sealed Stage 4; scientific admission also requires complete declared populations"
    },
    {
      "phase": "edit:85",
      "identity_check_kind": "in_memory_structure_and_configuration",
      "recipe_verification_seconds": 0.0,
      "identity_verification_seconds": 0.0,
      "identity_check_seconds": 0.002205711032729596,
      "state_hash_seconds": 0.0002491300692781806,
      "clone_seconds": 0.0,
      "restore_seconds": 0.0,
      "file_write_seconds": 6.200995994731784e-05,
      "operation_seconds": 0.16983143199468032,
      "total_phase_seconds": 0.1724271129933186,
      "scope": "file writes include journal intent/add/flush; excludes this timing receipt and checkpoint writes",
      "mode": "stage4_sealed_cell",
      "banner": "sealed Stage 4; scientific admission also requires complete declared populations"
    },
    {
      "phase": "immediate:85",
      "identity_check_kind": "in_memory_structure_and_configuration",
      "recipe_verification_seconds": 0.0,
      "identity_verification_seconds": 0.0,
      "identity_check_seconds": 0.002081551996525377,
      "state_hash_seconds": 0.006591851997654885,
      "clone_seconds": 0.0,
      "restore_seconds": 0.0,
      "file_write_seconds": 5.841295933350921e-05,
      "operation_seconds": 0.042850707948673517,
      "total_phase_seconds": 0.051669022999703884,
      "scope": "file writes include journal intent/add/flush; excludes this timing receipt and checkpoint writes",
      "mode": "stage4_sealed_cell",
      "banner": "sealed Stage 4; scientific admission also requires complete declared populations"
    },
    {
      "phase": "edit:86",
      "identity_check_kind": "in_memory_structure_and_configuration",
      "recipe_verification_seconds": 0.0,
      "identity_verification_seconds": 0.0,
      "identity_check_seconds": 0.002067826979327947,
      "state_hash_seconds": 0.00025551102589815855,
      "clone_seconds": 0.0,
      "restore_seconds": 0.0,
      "file_write_seconds": 6.166798993945122e-05,
      "operation_seconds": 0.0940870990161784,
      "total_phase_seconds": 0.09656405198620632,
      "scope": "file writes include journal intent/add/flush; excludes this timing receipt and checkpoint writes",
      "mode": "stage4_sealed_cell",
      "banner": "sealed Stage 4; scientific admission also requires complete declared populations"
    },
    {
      "phase": "immediate:86",
      "identity_check_kind": "in_memory_structure_and_configuration",
      "recipe_verification_seconds": 0.0,
      "identity_verification_seconds": 0.0,
      "identity_check_seconds": 0.0023448989959433675,
      "state_hash_seconds": 0.007348288025241345,
      "clone_seconds": 0.0,
      "restore_seconds": 0.0,
      "file_write_seconds": 5.995493847876787e-05,
      "operation_seconds": 0.03340914600994438,
      "total_phase_seconds": 0.04326842102454975,
      "scope": "file writes include journal intent/add/flush; excludes this timing receipt and checkpoint writes",
      "mode": "stage4_sealed_cell",
      "banner": "sealed Stage 4; scientific admission also requires complete declared populations"
    },
    {
      "phase": "edit:87",
      "identity_check_kind": "in_memory_structure_and_configuration",
      "recipe_verification_seconds": 0.0,
      "identity_verification_seconds": 0.0,
      "identity_check_seconds": 0.0020805710228160024,
      "state_hash_seconds": 0.00020277808653190732,
      "clone_seconds": 0.0,
      "restore_seconds": 0.0,
      "file_write_seconds": 6.905302871018648e-05,
      "operation_seconds": 0.09111972397658974,
      "total_phase_seconds": 0.09353838500101119,
      "scope": "file writes include journal intent/add/flush; excludes this timing receipt and checkpoint writes",
      "mode": "stage4_sealed_cell",
      "banner": "sealed Stage 4; scientific admission also requires complete declared populations"
    },
    {
      "phase": "immediate:87",
      "identity_check_kind": "in_memory_structure_and_configuration",
      "recipe_verification_seconds": 0.0,
      "identity_verification_seconds": 0.0,
      "identity_check_seconds": 0.0019563609967008233,
      "state_hash_seconds": 0.006705061940010637,
      "clone_seconds": 0.0,
      "restore_seconds": 0.0,
      "file_write_seconds": 5.63880312256515e-05,
      "operation_seconds": 0.03285528102423996,
      "total_phase_seconds": 0.04164814599789679,
      "scope": "file writes include journal intent/add/flush; excludes this timing receipt and checkpoint writes",
      "mode": "stage4_sealed_cell",
      "banner": "sealed Stage 4; scientific admission also requires complete declared populations"
    },
    {
      "phase": "edit:88",
      "identity_check_kind": "in_memory_structure_and_configuration",
      "recipe_verification_seconds": 0.0,
      "identity_verification_seconds": 0.0,
      "identity_check_seconds": 0.002298518957104534,
      "state_hash_seconds": 0.00021919101709499955,
      "clone_seconds": 0.0,
      "restore_seconds": 0.0,
      "file_write_seconds": 8.986197644844651e-05,
      "operation_seconds": 0.1628693649545312,
      "total_phase_seconds": 0.16554525098763406,
      "scope": "file writes include journal intent/add/flush; excludes this timing receipt and checkpoint writes",
      "mode": "stage4_sealed_cell",
      "banner": "sealed Stage 4; scientific admission also requires complete declared populations"
    },
    {
      "phase": "immediate:88",
      "identity_check_kind": "in_memory_structure_and_configuration",
      "recipe_verification_seconds": 0.0,
      "identity_verification_seconds": 0.0,
      "identity_check_seconds": 0.002014712954405695,
      "state_hash_seconds": 0.007211365969851613,
      "clone_seconds": 0.0,
      "restore_seconds": 0.0,
      "file_write_seconds": 5.818100180476904e-05,
      "operation_seconds": 0.04406070499680936,
      "total_phase_seconds": 0.053434698027558625,
      "scope": "file writes include journal intent/add/flush; excludes this timing receipt and checkpoint writes",
      "mode": "stage4_sealed_cell",
      "banner": "sealed Stage 4; scientific admission also requires complete declared populations"
    },
    {
      "phase": "edit:89",
      "identity_check_kind": "in_memory_structure_and_configuration",
      "recipe_verification_seconds": 0.0,
      "identity_verification_seconds": 0.0,
      "identity_check_seconds": 0.0020372570143081248,
      "state_hash_seconds": 0.00021621695486828685,
      "clone_seconds": 0.0,
      "restore_seconds": 0.0,
      "file_write_seconds": 6.057601422071457e-05,
      "operation_seconds": 0.16598247096408159,
      "total_phase_seconds": 0.16836102399975061,
      "scope": "file writes include journal intent/add/flush; excludes this timing receipt and checkpoint writes",
      "mode": "stage4_sealed_cell",
      "banner": "sealed Stage 4; scientific admission also requires complete declared populations"
    },
    {
      "phase": "immediate:89",
      "identity_check_kind": "in_memory_structure_and_configuration",
      "recipe_verification_seconds": 0.0,
      "identity_verification_seconds": 0.0,
      "identity_check_seconds": 0.002086861990392208,
      "state_hash_seconds": 0.006898373016156256,
      "clone_seconds": 0.0,
      "restore_seconds": 0.0,
      "file_write_seconds": 5.7640078011900187e-05,
      "operation_seconds": 0.04090113000711426,
      "total_phase_seconds": 0.050037446024362,
      "scope": "file writes include journal intent/add/flush; excludes this timing receipt and checkpoint writes",
      "mode": "stage4_sealed_cell",
      "banner": "sealed Stage 4; scientific admission also requires complete declared populations"
    },
    {
      "phase": "edit:90",
      "identity_check_kind": "in_memory_structure_and_configuration",
      "recipe_verification_seconds": 0.0,
      "identity_verification_seconds": 0.0,
      "identity_check_seconds": 0.0022105100215412676,
      "state_hash_seconds": 0.00020969402976334095,
      "clone_seconds": 0.0,
      "restore_seconds": 0.0,
      "file_write_seconds": 6.111699622124434e-05,
      "operation_seconds": 0.38476061198161915,
      "total_phase_seconds": 0.3873145219986327,
      "scope": "file writes include journal intent/add/flush; excludes this timing receipt and checkpoint writes",
      "mode": "stage4_sealed_cell",
      "banner": "sealed Stage 4; scientific admission also requires complete declared populations"
    },
    {
      "phase": "immediate:90",
      "identity_check_kind": "in_memory_structure_and_configuration",
      "recipe_verification_seconds": 0.0,
      "identity_verification_seconds": 0.0,
      "identity_check_seconds": 0.0023434149916283786,
      "state_hash_seconds": 0.008083632972557098,
      "clone_seconds": 0.0,
      "restore_seconds": 0.0,
      "file_write_seconds": 6.26810360699892e-05,
      "operation_seconds": 0.06565948203206062,
      "total_phase_seconds": 0.07627324899658561,
      "scope": "file writes include journal intent/add/flush; excludes this timing receipt and checkpoint writes",
      "mode": "stage4_sealed_cell",
      "banner": "sealed Stage 4; scientific admission also requires complete declared populations"
    },
    {
      "phase": "edit:91",
      "identity_check_kind": "in_memory_structure_and_configuration",
      "recipe_verification_seconds": 0.0,
      "identity_verification_seconds": 0.0,
      "identity_check_seconds": 0.002457705035340041,
      "state_hash_seconds": 0.0002555510145612061,
      "clone_seconds": 0.0,
      "restore_seconds": 0.0,
      "file_write_seconds": 6.524601485580206e-05,
      "operation_seconds": 0.1708653389941901,
      "total_phase_seconds": 0.17372737202094868,
      "scope": "file writes include journal intent/add/flush; excludes this timing receipt and checkpoint writes",
      "mode": "stage4_sealed_cell",
      "banner": "sealed Stage 4; scientific admission also requires complete declared populations"
    },
    {
      "phase": "immediate:91",
      "identity_check_kind": "in_memory_structure_and_configuration",
      "recipe_verification_seconds": 0.0,
      "identity_verification_seconds": 0.0,
      "identity_check_seconds": 0.0021765040582977235,
      "state_hash_seconds": 0.007256431970745325,
      "clone_seconds": 0.0,
      "restore_seconds": 0.0,
      "file_write_seconds": 5.7579949498176575e-05,
      "operation_seconds": 0.04139688302529976,
      "total_phase_seconds": 0.050976070982869714,
      "scope": "file writes include journal intent/add/flush; excludes this timing receipt and checkpoint writes",
      "mode": "stage4_sealed_cell",
      "banner": "sealed Stage 4; scientific admission also requires complete declared populations"
    },
    {
      "phase": "edit:92",
      "identity_check_kind": "in_memory_structure_and_configuration",
      "recipe_verification_seconds": 0.0,
      "identity_verification_seconds": 0.0,
      "identity_check_seconds": 0.0022075139568187296,
      "state_hash_seconds": 0.0002983130398206413,
      "clone_seconds": 0.0,
      "restore_seconds": 0.0,
      "file_write_seconds": 6.082700565457344e-05,
      "operation_seconds": 0.09059277101187035,
      "total_phase_seconds": 0.0932307229959406,
      "scope": "file writes include journal intent/add/flush; excludes this timing receipt and checkpoint writes",
      "mode": "stage4_sealed_cell",
      "banner": "sealed Stage 4; scientific admission also requires complete declared populations"
    },
    {
      "phase": "immediate:92",
      "identity_check_kind": "in_memory_structure_and_configuration",
      "recipe_verification_seconds": 0.0,
      "identity_verification_seconds": 0.0,
      "identity_check_seconds": 0.0021412860369309783,
      "state_hash_seconds": 0.007510070048738271,
      "clone_seconds": 0.0,
      "restore_seconds": 0.0,
      "file_write_seconds": 6.452301749959588e-05,
      "operation_seconds": 0.031423698004800826,
      "total_phase_seconds": 0.04125030100112781,
      "scope": "file writes include journal intent/add/flush; excludes this timing receipt and checkpoint writes",
      "mode": "stage4_sealed_cell",
      "banner": "sealed Stage 4; scientific admission also requires complete declared populations"
    },
    {
      "phase": "edit:93",
      "identity_check_kind": "in_memory_structure_and_configuration",
      "recipe_verification_seconds": 0.0,
      "identity_verification_seconds": 0.0,
      "identity_check_seconds": 0.0023347189417108893,
      "state_hash_seconds": 0.00027547107310965657,
      "clone_seconds": 0.0,
      "restore_seconds": 0.0,
      "file_write_seconds": 5.946401506662369e-05,
      "operation_seconds": 0.18805057200370356,
      "total_phase_seconds": 0.19080277299508452,
      "scope": "file writes include journal intent/add/flush; excludes this timing receipt and checkpoint writes",
      "mode": "stage4_sealed_cell",
      "banner": "sealed Stage 4; scientific admission also requires complete declared populations"
    },
    {
      "phase": "immediate:93",
      "identity_check_kind": "in_memory_structure_and_configuration",
      "recipe_verification_seconds": 0.0,
      "identity_verification_seconds": 0.0,
      "identity_check_seconds": 0.0024571939720772207,
      "state_hash_seconds": 0.007824244035873562,
      "clone_seconds": 0.0,
      "restore_seconds": 0.0,
      "file_write_seconds": 5.6869001127779484e-05,
      "operation_seconds": 0.05044378701131791,
      "total_phase_seconds": 0.06090078304987401,
      "scope": "file writes include journal intent/add/flush; excludes this timing receipt and checkpoint writes",
      "mode": "stage4_sealed_cell",
      "banner": "sealed Stage 4; scientific admission also requires complete declared populations"
    },
    {
      "phase": "edit:94",
      "identity_check_kind": "in_memory_structure_and_configuration",
      "recipe_verification_seconds": 0.0,
      "identity_verification_seconds": 0.0,
      "identity_check_seconds": 0.002018200990278274,
      "state_hash_seconds": 0.00020603608572855592,
      "clone_seconds": 0.0,
      "restore_seconds": 0.0,
      "file_write_seconds": 5.954399239271879e-05,
      "operation_seconds": 0.11207450303481892,
      "total_phase_seconds": 0.11442254798021168,
      "scope": "file writes include journal intent/add/flush; excludes this timing receipt and checkpoint writes",
      "mode": "stage4_sealed_cell",
      "banner": "sealed Stage 4; scientific admission also requires complete declared populations"
    },
    {
      "phase": "immediate:94",
      "identity_check_kind": "in_memory_structure_and_configuration",
      "recipe_verification_seconds": 0.0,
      "identity_verification_seconds": 0.0,
      "identity_check_seconds": 0.0022875500144436955,
      "state_hash_seconds": 0.00733500299975276,
      "clone_seconds": 0.0,
      "restore_seconds": 0.0,
      "file_write_seconds": 5.726097151637077e-05,
      "operation_seconds": 0.040139715012628585,
      "total_phase_seconds": 0.0499049510108307,
      "scope": "file writes include journal intent/add/flush; excludes this timing receipt and checkpoint writes",
      "mode": "stage4_sealed_cell",
      "banner": "sealed Stage 4; scientific admission also requires complete declared populations"
    },
    {
      "phase": "edit:95",
      "identity_check_kind": "in_memory_structure_and_configuration",
      "recipe_verification_seconds": 0.0,
      "identity_verification_seconds": 0.0,
      "identity_check_seconds": 0.0020287399529479444,
      "state_hash_seconds": 0.00020589504856616259,
      "clone_seconds": 0.0,
      "restore_seconds": 0.0,
      "file_write_seconds": 5.924399010837078e-05,
      "operation_seconds": 0.3190506430109963,
      "total_phase_seconds": 0.32140817400068045,
      "scope": "file writes include journal intent/add/flush; excludes this timing receipt and checkpoint writes",
      "mode": "stage4_sealed_cell",
      "banner": "sealed Stage 4; scientific admission also requires complete declared populations"
    },
    {
      "phase": "immediate:95",
      "identity_check_kind": "in_memory_structure_and_configuration",
      "recipe_verification_seconds": 0.0,
      "identity_verification_seconds": 0.0,
      "identity_check_seconds": 0.0020700599998235703,
      "state_hash_seconds": 0.007585515035316348,
      "clone_seconds": 0.0,
      "restore_seconds": 0.0,
      "file_write_seconds": 5.735998274758458e-05,
      "operation_seconds": 0.06611439702101052,
      "total_phase_seconds": 0.07591127301566303,
      "scope": "file writes include journal intent/add/flush; excludes this timing receipt and checkpoint writes",
      "mode": "stage4_sealed_cell",
      "banner": "sealed Stage 4; scientific admission also requires complete declared populations"
    },
    {
      "phase": "edit:96",
      "identity_check_kind": "in_memory_structure_and_configuration",
      "recipe_verification_seconds": 0.0,
      "identity_verification_seconds": 0.0,
      "identity_check_seconds": 0.002067154971882701,
      "state_hash_seconds": 0.00023640500148758292,
      "clone_seconds": 0.0,
      "restore_seconds": 0.0,
      "file_write_seconds": 5.9393991250544786e-05,
      "operation_seconds": 0.3168943759519607,
      "total_phase_seconds": 0.3193284760345705,
      "scope": "file writes include journal intent/add/flush; excludes this timing receipt and checkpoint writes",
      "mode": "stage4_sealed_cell",
      "banner": "sealed Stage 4; scientific admission also requires complete declared populations"
    },
    {
      "phase": "immediate:96",
      "identity_check_kind": "in_memory_structure_and_configuration",
      "recipe_verification_seconds": 0.0,
      "identity_verification_seconds": 0.0,
      "identity_check_seconds": 0.0025009990204125643,
      "state_hash_seconds": 0.007879759941715747,
      "clone_seconds": 0.0,
      "restore_seconds": 0.0,
      "file_write_seconds": 0.004843091999646276,
      "operation_seconds": 0.06869938602903858,
      "total_phase_seconds": 0.08402639598352835,
      "scope": "file writes include journal intent/add/flush; excludes this timing receipt and checkpoint writes",
      "mode": "stage4_sealed_cell",
      "banner": "sealed Stage 4; scientific admission also requires complete declared populations"
    },
    {
      "phase": "edit:97",
      "identity_check_kind": "in_memory_structure_and_configuration",
      "recipe_verification_seconds": 0.0,
      "identity_verification_seconds": 0.0,
      "identity_check_seconds": 0.0021577689331024885,
      "state_hash_seconds": 0.00024015206145122647,
      "clone_seconds": 0.0,
      "restore_seconds": 0.0,
      "file_write_seconds": 0.0013106699916534126,
      "operation_seconds": 0.11808933800784871,
      "total_phase_seconds": 0.1218702369951643,
      "scope": "file writes include journal intent/add/flush; excludes this timing receipt and checkpoint writes",
      "mode": "stage4_sealed_cell",
      "banner": "sealed Stage 4; scientific admission also requires complete declared populations"
    },
    {
      "phase": "immediate:97",
      "identity_check_kind": "in_memory_structure_and_configuration",
      "recipe_verification_seconds": 0.0,
      "identity_verification_seconds": 0.0,
      "identity_check_seconds": 0.002205961965955794,
      "state_hash_seconds": 0.007726375944912434,
      "clone_seconds": 0.0,
      "restore_seconds": 0.0,
      "file_write_seconds": 6.842199945822358e-05,
      "operation_seconds": 0.037809785979334265,
      "total_phase_seconds": 0.047903792990837246,
      "scope": "file writes include journal intent/add/flush; excludes this timing receipt and checkpoint writes",
      "mode": "stage4_sealed_cell",
      "banner": "sealed Stage 4; scientific admission also requires complete declared populations"
    },
    {
      "phase": "edit:98",
      "identity_check_kind": "in_memory_structure_and_configuration",
      "recipe_verification_seconds": 0.0,
      "identity_verification_seconds": 0.0,
      "identity_check_seconds": 0.00204330898122862,
      "state_hash_seconds": 0.00022542296210303903,
      "clone_seconds": 0.0,
      "restore_seconds": 0.0,
      "file_write_seconds": 6.137898890301585e-05,
      "operation_seconds": 0.2771987439482473,
      "total_phase_seconds": 0.27959592296974733,
      "scope": "file writes include journal intent/add/flush; excludes this timing receipt and checkpoint writes",
      "mode": "stage4_sealed_cell",
      "banner": "sealed Stage 4; scientific admission also requires complete declared populations"
    },
    {
      "phase": "immediate:98",
      "identity_check_kind": "in_memory_structure_and_configuration",
      "recipe_verification_seconds": 0.0,
      "identity_verification_seconds": 0.0,
      "identity_check_seconds": 0.002188067010138184,
      "state_hash_seconds": 0.007893767033237964,
      "clone_seconds": 0.0,
      "restore_seconds": 0.0,
      "file_write_seconds": 8.470198372378945e-05,
      "operation_seconds": 0.057187744008842856,
      "total_phase_seconds": 0.0674439930007793,
      "scope": "file writes include journal intent/add/flush; excludes this timing receipt and checkpoint writes",
      "mode": "stage4_sealed_cell",
      "banner": "sealed Stage 4; scientific admission also requires complete declared populations"
    },
    {
      "phase": "edit:99",
      "identity_check_kind": "in_memory_structure_and_configuration",
      "recipe_verification_seconds": 0.0,
      "identity_verification_seconds": 0.0,
      "identity_check_seconds": 0.0021380609832704067,
      "state_hash_seconds": 0.0002494489890523255,
      "clone_seconds": 0.0,
      "restore_seconds": 0.0,
      "file_write_seconds": 5.8582983911037445e-05,
      "operation_seconds": 0.1852954539936036,
      "total_phase_seconds": 0.18780980800511315,
      "scope": "file writes include journal intent/add/flush; excludes this timing receipt and checkpoint writes",
      "mode": "stage4_sealed_cell",
      "banner": "sealed Stage 4; scientific admission also requires complete declared populations"
    },
    {
      "phase": "immediate:99",
      "identity_check_kind": "in_memory_structure_and_configuration",
      "recipe_verification_seconds": 0.0,
      "identity_verification_seconds": 0.0,
      "identity_check_seconds": 0.002087294007651508,
      "state_hash_seconds": 0.007818373094778508,
      "clone_seconds": 0.0,
      "restore_seconds": 0.0,
      "file_write_seconds": 5.8842997532337904e-05,
      "operation_seconds": 0.05261636502109468,
      "total_phase_seconds": 0.06266759999562055,
      "scope": "file writes include journal intent/add/flush; excludes this timing receipt and checkpoint writes",
      "mode": "stage4_sealed_cell",
      "banner": "sealed Stage 4; scientific admission also requires complete declared populations"
    },
    {
      "phase": "edit:100",
      "identity_check_kind": "in_memory_structure_and_configuration",
      "recipe_verification_seconds": 0.0,
      "identity_verification_seconds": 0.0,
      "identity_check_seconds": 0.002117561991326511,
      "state_hash_seconds": 0.0002418559743091464,
      "clone_seconds": 0.0,
      "restore_seconds": 0.0,
      "file_write_seconds": 6.077694706618786e-05,
      "operation_seconds": 0.08689527196111158,
      "total_phase_seconds": 0.0893887149868533,
      "scope": "file writes include journal intent/add/flush; excludes this timing receipt and checkpoint writes",
      "mode": "stage4_sealed_cell",
      "banner": "sealed Stage 4; scientific admission also requires complete declared populations"
    },
    {
      "phase": "immediate:100",
      "identity_check_kind": "in_memory_structure_and_configuration",
      "recipe_verification_seconds": 0.0,
      "identity_verification_seconds": 0.0,
      "identity_check_seconds": 0.0032010540016926825,
      "state_hash_seconds": 0.008800822019111365,
      "clone_seconds": 0.0,
      "restore_seconds": 0.0,
      "file_write_seconds": 5.811103619635105e-05,
      "operation_seconds": 0.03338100103428587,
      "total_phase_seconds": 0.045538565958850086,
      "scope": "file writes include journal intent/add/flush; excludes this timing receipt and checkpoint writes",
      "mode": "stage4_sealed_cell",
      "banner": "sealed Stage 4; scientific admission also requires complete declared populations"
    },
    {
      "phase": "retention:100",
      "identity_check_kind": "in_memory_structure_and_configuration",
      "recipe_verification_seconds": 0.0,
      "identity_verification_seconds": 0.0,
      "identity_check_seconds": 0.002243434020783752,
      "state_hash_seconds": 0.008377446967642754,
      "clone_seconds": 0.0,
      "restore_seconds": 0.0,
      "file_write_seconds": 0.003147271985653788,
      "operation_seconds": 4.340343520976603,
      "total_phase_seconds": 4.3563046990311705,
      "scope": "file writes include journal intent/add/flush; excludes this timing receipt and checkpoint writes",
      "mode": "stage4_sealed_cell",
      "banner": "sealed Stage 4; scientific admission also requires complete declared populations"
    },
    {
      "phase": "locality:100",
      "identity_check_kind": "in_memory_structure_and_configuration",
      "recipe_verification_seconds": 0.0,
      "identity_verification_seconds": 0.0,
      "identity_check_seconds": 0.002191742998547852,
      "state_hash_seconds": 0.00861038506263867,
      "clone_seconds": 0.0,
      "restore_seconds": 0.0,
      "file_write_seconds": 0.0010002930066548288,
      "operation_seconds": 6.196998874016572,
      "total_phase_seconds": 6.2099809650098905,
      "scope": "file writes include journal intent/add/flush; excludes this timing receipt and checkpoint writes",
      "mode": "stage4_sealed_cell",
      "banner": "sealed Stage 4; scientific admission also requires complete declared populations"
    },
    {
      "phase": "unseen:100",
      "identity_check_kind": "in_memory_structure_and_configuration",
      "recipe_verification_seconds": 0.0,
      "identity_verification_seconds": 0.0,
      "identity_check_seconds": 0.0025026610819622874,
      "state_hash_seconds": 0.008221916970796883,
      "clone_seconds": 0.0,
      "restore_seconds": 0.0,
      "file_write_seconds": 0.0022546149557456374,
      "operation_seconds": 56.80197988497093,
      "total_phase_seconds": 56.817100817046594,
      "scope": "file writes include journal intent/add/flush; excludes this timing receipt and checkpoint writes",
      "mode": "stage4_sealed_cell",
      "banner": "sealed Stage 4; scientific admission also requires complete declared populations"
    },
    {
      "phase": "drift:100",
      "identity_check_kind": "in_memory_structure_and_configuration",
      "recipe_verification_seconds": 0.0,
      "identity_verification_seconds": 0.0,
      "identity_check_seconds": 0.0022111819707788527,
      "state_hash_seconds": 0.008791834057774395,
      "clone_seconds": 0.0,
      "restore_seconds": 0.0,
      "file_write_seconds": 0.08395543799269944,
      "operation_seconds": 57.42678481398616,
      "total_phase_seconds": 57.72753940796247,
      "scope": "file writes include journal intent/add/flush; excludes this timing receipt and checkpoint writes",
      "mode": "stage4_sealed_cell",
      "banner": "sealed Stage 4; scientific admission also requires complete declared populations"
    },
    {
      "phase": "edit:101",
      "identity_check_kind": "in_memory_structure_and_configuration",
      "recipe_verification_seconds": 0.0,
      "identity_verification_seconds": 0.0,
      "identity_check_seconds": 0.0023649869835935533,
      "state_hash_seconds": 0.00029405602253973484,
      "clone_seconds": 0.0,
      "restore_seconds": 0.0,
      "file_write_seconds": 0.0012484900071285665,
      "operation_seconds": 0.09936199203366414,
      "total_phase_seconds": 0.10695975000271574,
      "scope": "file writes include journal intent/add/flush; excludes this timing receipt and checkpoint writes",
      "mode": "stage4_sealed_cell",
      "banner": "sealed Stage 4; scientific admission also requires complete declared populations"
    },
    {
      "phase": "immediate:101",
      "identity_check_kind": "in_memory_structure_and_configuration",
      "recipe_verification_seconds": 0.0,
      "identity_verification_seconds": 0.0,
      "identity_check_seconds": 0.0021887989132665098,
      "state_hash_seconds": 0.007919585914351046,
      "clone_seconds": 0.0,
      "restore_seconds": 0.0,
      "file_write_seconds": 5.758099723607302e-05,
      "operation_seconds": 0.04185186803806573,
      "total_phase_seconds": 0.05210623302264139,
      "scope": "file writes include journal intent/add/flush; excludes this timing receipt and checkpoint writes",
      "mode": "stage4_sealed_cell",
      "banner": "sealed Stage 4; scientific admission also requires complete declared populations"
    },
    {
      "phase": "edit:102",
      "identity_check_kind": "in_memory_structure_and_configuration",
      "recipe_verification_seconds": 0.0,
      "identity_verification_seconds": 0.0,
      "identity_check_seconds": 0.0020603419397957623,
      "state_hash_seconds": 0.00020044500706717372,
      "clone_seconds": 0.0,
      "restore_seconds": 0.0,
      "file_write_seconds": 6.077700527384877e-05,
      "operation_seconds": 0.09227253997232765,
      "total_phase_seconds": 0.09466428897576407,
      "scope": "file writes include journal intent/add/flush; excludes this timing receipt and checkpoint writes",
      "mode": "stage4_sealed_cell",
      "banner": "sealed Stage 4; scientific admission also requires complete declared populations"
    },
    {
      "phase": "immediate:102",
      "identity_check_kind": "in_memory_structure_and_configuration",
      "recipe_verification_seconds": 0.0,
      "identity_verification_seconds": 0.0,
      "identity_check_seconds": 0.001954789040610194,
      "state_hash_seconds": 0.008242587966378778,
      "clone_seconds": 0.0,
      "restore_seconds": 0.0,
      "file_write_seconds": 5.964498268440366e-05,
      "operation_seconds": 0.04171287000644952,
      "total_phase_seconds": 0.05205274000763893,
      "scope": "file writes include journal intent/add/flush; excludes this timing receipt and checkpoint writes",
      "mode": "stage4_sealed_cell",
      "banner": "sealed Stage 4; scientific admission also requires complete declared populations"
    },
    {
      "phase": "edit:103",
      "identity_check_kind": "in_memory_structure_and_configuration",
      "recipe_verification_seconds": 0.0,
      "identity_verification_seconds": 0.0,
      "identity_check_seconds": 0.0021994889830239117,
      "state_hash_seconds": 0.00021954101976007223,
      "clone_seconds": 0.0,
      "restore_seconds": 0.0,
      "file_write_seconds": 5.9074023738503456e-05,
      "operation_seconds": 0.09864045400172472,
      "total_phase_seconds": 0.10119424399454147,
      "scope": "file writes include journal intent/add/flush; excludes this timing receipt and checkpoint writes",
      "mode": "stage4_sealed_cell",
      "banner": "sealed Stage 4; scientific admission also requires complete declared populations"
    },
    {
      "phase": "immediate:103",
      "identity_check_kind": "in_memory_structure_and_configuration",
      "recipe_verification_seconds": 0.0,
      "identity_verification_seconds": 0.0,
      "identity_check_seconds": 0.002134252921678126,
      "state_hash_seconds": 0.008588342927396297,
      "clone_seconds": 0.0,
      "restore_seconds": 0.0,
      "file_write_seconds": 6.148795364424586e-05,
      "operation_seconds": 0.03780642000492662,
      "total_phase_seconds": 0.04868498502764851,
      "scope": "file writes include journal intent/add/flush; excludes this timing receipt and checkpoint writes",
      "mode": "stage4_sealed_cell",
      "banner": "sealed Stage 4; scientific admission also requires complete declared populations"
    },
    {
      "phase": "edit:104",
      "identity_check_kind": "in_memory_structure_and_configuration",
      "recipe_verification_seconds": 0.0,
      "identity_verification_seconds": 0.0,
      "identity_check_seconds": 0.0021670570131391287,
      "state_hash_seconds": 0.0002281280467286706,
      "clone_seconds": 0.0,
      "restore_seconds": 0.0,
      "file_write_seconds": 6.13770098425448e-05,
      "operation_seconds": 0.1321204059640877,
      "total_phase_seconds": 0.13464552001096308,
      "scope": "file writes include journal intent/add/flush; excludes this timing receipt and checkpoint writes",
      "mode": "stage4_sealed_cell",
      "banner": "sealed Stage 4; scientific admission also requires complete declared populations"
    },
    {
      "phase": "immediate:104",
      "identity_check_kind": "in_memory_structure_and_configuration",
      "recipe_verification_seconds": 0.0,
      "identity_verification_seconds": 0.0,
      "identity_check_seconds": 0.00221919605974108,
      "state_hash_seconds": 0.008412224007770419,
      "clone_seconds": 0.0,
      "restore_seconds": 0.0,
      "file_write_seconds": 5.8192003052681684e-05,
      "operation_seconds": 0.04182480601593852,
      "total_phase_seconds": 0.052608668978791684,
      "scope": "file writes include journal intent/add/flush; excludes this timing receipt and checkpoint writes",
      "mode": "stage4_sealed_cell",
      "banner": "sealed Stage 4; scientific admission also requires complete declared populations"
    },
    {
      "phase": "edit:105",
      "identity_check_kind": "in_memory_structure_and_configuration",
      "recipe_verification_seconds": 0.0,
      "identity_verification_seconds": 0.0,
      "identity_check_seconds": 0.0019316939287818968,
      "state_hash_seconds": 0.0002066869637928903,
      "clone_seconds": 0.0,
      "restore_seconds": 0.0,
      "file_write_seconds": 6.11190334893763e-05,
      "operation_seconds": 0.2188945240341127,
      "total_phase_seconds": 0.22116196400020272,
      "scope": "file writes include journal intent/add/flush; excludes this timing receipt and checkpoint writes",
      "mode": "stage4_sealed_cell",
      "banner": "sealed Stage 4; scientific admission also requires complete declared populations"
    },
    {
      "phase": "immediate:105",
      "identity_check_kind": "in_memory_structure_and_configuration",
      "recipe_verification_seconds": 0.0,
      "identity_verification_seconds": 0.0,
      "identity_check_seconds": 0.002072914969176054,
      "state_hash_seconds": 0.008252035942859948,
      "clone_seconds": 0.0,
      "restore_seconds": 0.0,
      "file_write_seconds": 5.779101047664881e-05,
      "operation_seconds": 0.057422615005634725,
      "total_phase_seconds": 0.0678914439631626,
      "scope": "file writes include journal intent/add/flush; excludes this timing receipt and checkpoint writes",
      "mode": "stage4_sealed_cell",
      "banner": "sealed Stage 4; scientific admission also requires complete declared populations"
    },
    {
      "phase": "edit:106",
      "identity_check_kind": "in_memory_structure_and_configuration",
      "recipe_verification_seconds": 0.0,
      "identity_verification_seconds": 0.0,
      "identity_check_seconds": 0.001857129973359406,
      "state_hash_seconds": 0.00019495509332045913,
      "clone_seconds": 0.0,
      "restore_seconds": 0.0,
      "file_write_seconds": 5.9053010772913694e-05,
      "operation_seconds": 0.09076130500761792,
      "total_phase_seconds": 0.092933782027103,
      "scope": "file writes include journal intent/add/flush; excludes this timing receipt and checkpoint writes",
      "mode": "stage4_sealed_cell",
      "banner": "sealed Stage 4; scientific admission also requires complete declared populations"
    },
    {
      "phase": "immediate:106",
      "identity_check_kind": "in_memory_structure_and_configuration",
      "recipe_verification_seconds": 0.0,
      "identity_verification_seconds": 0.0,
      "identity_check_seconds": 0.0018285259720869362,
      "state_hash_seconds": 0.008321108995005488,
      "clone_seconds": 0.0,
      "restore_seconds": 0.0,
      "file_write_seconds": 5.652901018038392e-05,
      "operation_seconds": 0.03430453600594774,
      "total_phase_seconds": 0.04459140496328473,
      "scope": "file writes include journal intent/add/flush; excludes this timing receipt and checkpoint writes",
      "mode": "stage4_sealed_cell",
      "banner": "sealed Stage 4; scientific admission also requires complete declared populations"
    },
    {
      "phase": "edit:107",
      "identity_check_kind": "in_memory_structure_and_configuration",
      "recipe_verification_seconds": 0.0,
      "identity_verification_seconds": 0.0,
      "identity_check_seconds": 0.0021648419206030667,
      "state_hash_seconds": 0.0002831140882335603,
      "clone_seconds": 0.0,
      "restore_seconds": 0.0,
      "file_write_seconds": 5.964399315416813e-05,
      "operation_seconds": 0.13413459795992821,
      "total_phase_seconds": 0.13671263499418274,
      "scope": "file writes include journal intent/add/flush; excludes this timing receipt and checkpoint writes",
      "mode": "stage4_sealed_cell",
      "banner": "sealed Stage 4; scientific admission also requires complete declared populations"
    },
    {
      "phase": "immediate:107",
      "identity_check_kind": "in_memory_structure_and_configuration",
      "recipe_verification_seconds": 0.0,
      "identity_verification_seconds": 0.0,
      "identity_check_seconds": 0.002164781966712326,
      "state_hash_seconds": 0.008067570975981653,
      "clone_seconds": 0.0,
      "restore_seconds": 0.0,
      "file_write_seconds": 7.687695324420929e-05,
      "operation_seconds": 0.041773648001253605,
      "total_phase_seconds": 0.052182951010763645,
      "scope": "file writes include journal intent/add/flush; excludes this timing receipt and checkpoint writes",
      "mode": "stage4_sealed_cell",
      "banner": "sealed Stage 4; scientific admission also requires complete declared populations"
    },
    {
      "phase": "edit:108",
      "identity_check_kind": "in_memory_structure_and_configuration",
      "recipe_verification_seconds": 0.0,
      "identity_verification_seconds": 0.0,
      "identity_check_seconds": 0.0022720289416611195,
      "state_hash_seconds": 0.00021572504192590714,
      "clone_seconds": 0.0,
      "restore_seconds": 0.0,
      "file_write_seconds": 6.18490157648921e-05,
      "operation_seconds": 0.5865845440421253,
      "total_phase_seconds": 0.5892055639997125,
      "scope": "file writes include journal intent/add/flush; excludes this timing receipt and checkpoint writes",
      "mode": "stage4_sealed_cell",
      "banner": "sealed Stage 4; scientific admission also requires complete declared populations"
    },
    {
      "phase": "immediate:108",
      "identity_check_kind": "in_memory_structure_and_configuration",
      "recipe_verification_seconds": 0.0,
      "identity_verification_seconds": 0.0,
      "identity_check_seconds": 0.0021816639928147197,
      "state_hash_seconds": 0.008661544998176396,
      "clone_seconds": 0.0,
      "restore_seconds": 0.0,
      "file_write_seconds": 5.814206087961793e-05,
      "operation_seconds": 0.0716171269887127,
      "total_phase_seconds": 0.08260644599795341,
      "scope": "file writes include journal intent/add/flush; excludes this timing receipt and checkpoint writes",
      "mode": "stage4_sealed_cell",
      "banner": "sealed Stage 4; scientific admission also requires complete declared populations"
    },
    {
      "phase": "edit:109",
      "identity_check_kind": "in_memory_structure_and_configuration",
      "recipe_verification_seconds": 0.0,
      "identity_verification_seconds": 0.0,
      "identity_check_seconds": 0.0019645070424303412,
      "state_hash_seconds": 0.0002295820158906281,
      "clone_seconds": 0.0,
      "restore_seconds": 0.0,
      "file_write_seconds": 5.918298847973347e-05,
      "operation_seconds": 0.09086085599847138,
      "total_phase_seconds": 0.09318211901700124,
      "scope": "file writes include journal intent/add/flush; excludes this timing receipt and checkpoint writes",
      "mode": "stage4_sealed_cell",
      "banner": "sealed Stage 4; scientific admission also requires complete declared populations"
    },
    {
      "phase": "immediate:109",
      "identity_check_kind": "in_memory_structure_and_configuration",
      "recipe_verification_seconds": 0.0,
      "identity_verification_seconds": 0.0,
      "identity_check_seconds": 0.0019391579553484917,
      "state_hash_seconds": 0.008826209930703044,
      "clone_seconds": 0.0,
      "restore_seconds": 0.0,
      "file_write_seconds": 6.094702985137701e-05,
      "operation_seconds": 0.03442856500623748,
      "total_phase_seconds": 0.04533592698862776,
      "scope": "file writes include journal intent/add/flush; excludes this timing receipt and checkpoint writes",
      "mode": "stage4_sealed_cell",
      "banner": "sealed Stage 4; scientific admission also requires complete declared populations"
    },
    {
      "phase": "edit:110",
      "identity_check_kind": "in_memory_structure_and_configuration",
      "recipe_verification_seconds": 0.0,
      "identity_verification_seconds": 0.0,
      "identity_check_seconds": 0.0020545609877444804,
      "state_hash_seconds": 0.00022661499679088593,
      "clone_seconds": 0.0,
      "restore_seconds": 0.0,
      "file_write_seconds": 6.0146034229546785e-05,
      "operation_seconds": 0.1404786659986712,
      "total_phase_seconds": 0.14289129397366196,
      "scope": "file writes include journal intent/add/flush; excludes this timing receipt and checkpoint writes",
      "mode": "stage4_sealed_cell",
      "banner": "sealed Stage 4; scientific admission also requires complete declared populations"
    },
    {
      "phase": "immediate:110",
      "identity_check_kind": "in_memory_structure_and_configuration",
      "recipe_verification_seconds": 0.0,
      "identity_verification_seconds": 0.0,
      "identity_check_seconds": 0.0021663549705408514,
      "state_hash_seconds": 0.008857539913151413,
      "clone_seconds": 0.0,
      "restore_seconds": 0.0,
      "file_write_seconds": 6.201997166499496e-05,
      "operation_seconds": 0.044669966970104724,
      "total_phase_seconds": 0.05585043301107362,
      "scope": "file writes include journal intent/add/flush; excludes this timing receipt and checkpoint writes",
      "mode": "stage4_sealed_cell",
      "banner": "sealed Stage 4; scientific admission also requires complete declared populations"
    },
    {
      "phase": "edit:111",
      "identity_check_kind": "in_memory_structure_and_configuration",
      "recipe_verification_seconds": 0.0,
      "identity_verification_seconds": 0.0,
      "identity_check_seconds": 0.0021000479464419186,
      "state_hash_seconds": 0.0002424649428576231,
      "clone_seconds": 0.0,
      "restore_seconds": 0.0,
      "file_write_seconds": 6.071600364521146e-05,
      "operation_seconds": 0.12043016799725592,
      "total_phase_seconds": 0.12290335400030017,
      "scope": "file writes include journal intent/add/flush; excludes this timing receipt and checkpoint writes",
      "mode": "stage4_sealed_cell",
      "banner": "sealed Stage 4; scientific admission also requires complete declared populations"
    },
    {
      "phase": "immediate:111",
      "identity_check_kind": "in_memory_structure_and_configuration",
      "recipe_verification_seconds": 0.0,
      "identity_verification_seconds": 0.0,
      "identity_check_seconds": 0.002281135006342083,
      "state_hash_seconds": 0.008641605032607913,
      "clone_seconds": 0.0,
      "restore_seconds": 0.0,
      "file_write_seconds": 5.7720986660569906e-05,
      "operation_seconds": 0.041967360011767596,
      "total_phase_seconds": 0.05304604099364951,
      "scope": "file writes include journal intent/add/flush; excludes this timing receipt and checkpoint writes",
      "mode": "stage4_sealed_cell",
      "banner": "sealed Stage 4; scientific admission also requires complete declared populations"
    },
    {
      "phase": "edit:112",
      "identity_check_kind": "in_memory_structure_and_configuration",
      "recipe_verification_seconds": 0.0,
      "identity_verification_seconds": 0.0,
      "identity_check_seconds": 0.0020581980352289975,
      "state_hash_seconds": 0.00024795596254989505,
      "clone_seconds": 0.0,
      "restore_seconds": 0.0,
      "file_write_seconds": 5.8933976106345654e-05,
      "operation_seconds": 0.10227241698885337,
      "total_phase_seconds": 0.1047045229934156,
      "scope": "file writes include journal intent/add/flush; excludes this timing receipt and checkpoint writes",
      "mode": "stage4_sealed_cell",
      "banner": "sealed Stage 4; scientific admission also requires complete declared populations"
    },
    {
      "phase": "immediate:112",
      "identity_check_kind": "in_memory_structure_and_configuration",
      "recipe_verification_seconds": 0.0,
      "identity_verification_seconds": 0.0,
      "identity_check_seconds": 0.0021006680326536298,
      "state_hash_seconds": 0.008951602037996054,
      "clone_seconds": 0.0,
      "restore_seconds": 0.0,
      "file_write_seconds": 5.759997293353081e-05,
      "operation_seconds": 0.03430270298849791,
      "total_phase_seconds": 0.04550166497938335,
      "scope": "file writes include journal intent/add/flush; excludes this timing receipt and checkpoint writes",
      "mode": "stage4_sealed_cell",
      "banner": "sealed Stage 4; scientific admission also requires complete declared populations"
    },
    {
      "phase": "edit:113",
      "identity_check_kind": "in_memory_structure_and_configuration",
      "recipe_verification_seconds": 0.0,
      "identity_verification_seconds": 0.0,
      "identity_check_seconds": 0.0019611409516073763,
      "state_hash_seconds": 0.0002100919373333454,
      "clone_seconds": 0.0,
      "restore_seconds": 0.0,
      "file_write_seconds": 6.039696745574474e-05,
      "operation_seconds": 0.09051721502328292,
      "total_phase_seconds": 0.0928134199930355,
      "scope": "file writes include journal intent/add/flush; excludes this timing receipt and checkpoint writes",
      "mode": "stage4_sealed_cell",
      "banner": "sealed Stage 4; scientific admission also requires complete declared populations"
    },
    {
      "phase": "immediate:113",
      "identity_check_kind": "in_memory_structure_and_configuration",
      "recipe_verification_seconds": 0.0,
      "identity_verification_seconds": 0.0,
      "identity_check_seconds": 0.0020294919377192855,
      "state_hash_seconds": 0.009063105913810432,
      "clone_seconds": 0.0,
      "restore_seconds": 0.0,
      "file_write_seconds": 5.608802894130349e-05,
      "operation_seconds": 0.034371995949186385,
      "total_phase_seconds": 0.04560275899711996,
      "scope": "file writes include journal intent/add/flush; excludes this timing receipt and checkpoint writes",
      "mode": "stage4_sealed_cell",
      "banner": "sealed Stage 4; scientific admission also requires complete declared populations"
    },
    {
      "phase": "edit:114",
      "identity_check_kind": "in_memory_structure_and_configuration",
      "recipe_verification_seconds": 0.0,
      "identity_verification_seconds": 0.0,
      "identity_check_seconds": 0.0018422529683448374,
      "state_hash_seconds": 0.00019293103832751513,
      "clone_seconds": 0.0,
      "restore_seconds": 0.0,
      "file_write_seconds": 5.9444981161504984e-05,
      "operation_seconds": 0.17063702002633363,
      "total_phase_seconds": 0.1727907209424302,
      "scope": "file writes include journal intent/add/flush; excludes this timing receipt and checkpoint writes",
      "mode": "stage4_sealed_cell",
      "banner": "sealed Stage 4; scientific admission also requires complete declared populations"
    },
    {
      "phase": "immediate:114",
      "identity_check_kind": "in_memory_structure_and_configuration",
      "recipe_verification_seconds": 0.0,
      "identity_verification_seconds": 0.0,
      "identity_check_seconds": 0.002316653961315751,
      "state_hash_seconds": 0.009199999971315265,
      "clone_seconds": 0.0,
      "restore_seconds": 0.0,
      "file_write_seconds": 5.927501479163766e-05,
      "operation_seconds": 0.05345758202020079,
      "total_phase_seconds": 0.06512415298493579,
      "scope": "file writes include journal intent/add/flush; excludes this timing receipt and checkpoint writes",
      "mode": "stage4_sealed_cell",
      "banner": "sealed Stage 4; scientific admission also requires complete declared populations"
    },
    {
      "phase": "edit:115",
      "identity_check_kind": "in_memory_structure_and_configuration",
      "recipe_verification_seconds": 0.0,
      "identity_verification_seconds": 0.0,
      "identity_check_seconds": 0.00207628303905949,
      "state_hash_seconds": 0.00022366002667695284,
      "clone_seconds": 0.0,
      "restore_seconds": 0.0,
      "file_write_seconds": 6.252096500247717e-05,
      "operation_seconds": 0.1276439480134286,
      "total_phase_seconds": 0.13007432100130245,
      "scope": "file writes include journal intent/add/flush; excludes this timing receipt and checkpoint writes",
      "mode": "stage4_sealed_cell",
      "banner": "sealed Stage 4; scientific admission also requires complete declared populations"
    },
    {
      "phase": "immediate:115",
      "identity_check_kind": "in_memory_structure_and_configuration",
      "recipe_verification_seconds": 0.0,
      "identity_verification_seconds": 0.0,
      "identity_check_seconds": 0.002262389927636832,
      "state_hash_seconds": 0.009250875969883054,
      "clone_seconds": 0.0,
      "restore_seconds": 0.0,
      "file_write_seconds": 5.836301716044545e-05,
      "operation_seconds": 0.04206033801892772,
      "total_phase_seconds": 0.05372890300350264,
      "scope": "file writes include journal intent/add/flush; excludes this timing receipt and checkpoint writes",
      "mode": "stage4_sealed_cell",
      "banner": "sealed Stage 4; scientific admission also requires complete declared populations"
    },
    {
      "phase": "edit:116",
      "identity_check_kind": "in_memory_structure_and_configuration",
      "recipe_verification_seconds": 0.0,
      "identity_verification_seconds": 0.0,
      "identity_check_seconds": 0.0019593469914980233,
      "state_hash_seconds": 0.00022036395967006683,
      "clone_seconds": 0.0,
      "restore_seconds": 0.0,
      "file_write_seconds": 5.931395571678877e-05,
      "operation_seconds": 0.20697036699857563,
      "total_phase_seconds": 0.2092779449885711,
      "scope": "file writes include journal intent/add/flush; excludes this timing receipt and checkpoint writes",
      "mode": "stage4_sealed_cell",
      "banner": "sealed Stage 4; scientific admission also requires complete declared populations"
    },
    {
      "phase": "immediate:116",
      "identity_check_kind": "in_memory_structure_and_configuration",
      "recipe_verification_seconds": 0.0,
      "identity_verification_seconds": 0.0,
      "identity_check_seconds": 0.0019201920367777348,
      "state_hash_seconds": 0.00890502193942666,
      "clone_seconds": 0.0,
      "restore_seconds": 0.0,
      "file_write_seconds": 0.004807523975614458,
      "operation_seconds": 0.05091300903586671,
      "total_phase_seconds": 0.06662996800150722,
      "scope": "file writes include journal intent/add/flush; excludes this timing receipt and checkpoint writes",
      "mode": "stage4_sealed_cell",
      "banner": "sealed Stage 4; scientific admission also requires complete declared populations"
    },
    {
      "phase": "edit:117",
      "identity_check_kind": "in_memory_structure_and_configuration",
      "recipe_verification_seconds": 0.0,
      "identity_verification_seconds": 0.0,
      "identity_check_seconds": 0.0021294740145094693,
      "state_hash_seconds": 0.00023096305085346103,
      "clone_seconds": 0.0,
      "restore_seconds": 0.0,
      "file_write_seconds": 0.0012585799559019506,
      "operation_seconds": 0.1300283030141145,
      "total_phase_seconds": 0.13371815695427358,
      "scope": "file writes include journal intent/add/flush; excludes this timing receipt and checkpoint writes",
      "mode": "stage4_sealed_cell",
      "banner": "sealed Stage 4; scientific admission also requires complete declared populations"
    },
    {
      "phase": "immediate:117",
      "identity_check_kind": "in_memory_structure_and_configuration",
      "recipe_verification_seconds": 0.0,
      "identity_verification_seconds": 0.0,
      "identity_check_seconds": 0.001875626971013844,
      "state_hash_seconds": 0.00905552098993212,
      "clone_seconds": 0.0,
      "restore_seconds": 0.0,
      "file_write_seconds": 5.8452016673982143e-05,
      "operation_seconds": 0.045838033023756,
      "total_phase_seconds": 0.05691174301318824,
      "scope": "file writes include journal intent/add/flush; excludes this timing receipt and checkpoint writes",
      "mode": "stage4_sealed_cell",
      "banner": "sealed Stage 4; scientific admission also requires complete declared populations"
    },
    {
      "phase": "edit:118",
      "identity_check_kind": "in_memory_structure_and_configuration",
      "recipe_verification_seconds": 0.0,
      "identity_verification_seconds": 0.0,
      "identity_check_seconds": 0.0020495110657066107,
      "state_hash_seconds": 0.0002628640504553914,
      "clone_seconds": 0.0,
      "restore_seconds": 0.0,
      "file_write_seconds": 6.717001087963581e-05,
      "operation_seconds": 0.09679444396169856,
      "total_phase_seconds": 0.09923995699500665,
      "scope": "file writes include journal intent/add/flush; excludes this timing receipt and checkpoint writes",
      "mode": "stage4_sealed_cell",
      "banner": "sealed Stage 4; scientific admission also requires complete declared populations"
    },
    {
      "phase": "immediate:118",
      "identity_check_kind": "in_memory_structure_and_configuration",
      "recipe_verification_seconds": 0.0,
      "identity_verification_seconds": 0.0,
      "identity_check_seconds": 0.0020295819849707186,
      "state_hash_seconds": 0.009306595020461828,
      "clone_seconds": 0.0,
      "restore_seconds": 0.0,
      "file_write_seconds": 6.330199539661407e-05,
      "operation_seconds": 0.043298328993842006,
      "total_phase_seconds": 0.05480098497355357,
      "scope": "file writes include journal intent/add/flush; excludes this timing receipt and checkpoint writes",
      "mode": "stage4_sealed_cell",
      "banner": "sealed Stage 4; scientific admission also requires complete declared populations"
    },
    {
      "phase": "edit:119",
      "identity_check_kind": "in_memory_structure_and_configuration",
      "recipe_verification_seconds": 0.0,
      "identity_verification_seconds": 0.0,
      "identity_check_seconds": 0.002158711024094373,
      "state_hash_seconds": 0.00023581297136843204,
      "clone_seconds": 0.0,
      "restore_seconds": 0.0,
      "file_write_seconds": 6.035499973222613e-05,
      "operation_seconds": 0.1396167580387555,
      "total_phase_seconds": 0.14214537100633606,
      "scope": "file writes include journal intent/add/flush; excludes this timing receipt and checkpoint writes",
      "mode": "stage4_sealed_cell",
      "banner": "sealed Stage 4; scientific admission also requires complete declared populations"
    },
    {
      "phase": "immediate:119",
      "identity_check_kind": "in_memory_structure_and_configuration",
      "recipe_verification_seconds": 0.0,
      "identity_verification_seconds": 0.0,
      "identity_check_seconds": 0.002057104022242129,
      "state_hash_seconds": 0.008872098987922072,
      "clone_seconds": 0.0,
      "restore_seconds": 0.0,
      "file_write_seconds": 5.691894330084324e-05,
      "operation_seconds": 0.0409508750308305,
      "total_phase_seconds": 0.05203234200598672,
      "scope": "file writes include journal intent/add/flush; excludes this timing receipt and checkpoint writes",
      "mode": "stage4_sealed_cell",
      "banner": "sealed Stage 4; scientific admission also requires complete declared populations"
    },
    {
      "phase": "edit:120",
      "identity_check_kind": "in_memory_structure_and_configuration",
      "recipe_verification_seconds": 0.0,
      "identity_verification_seconds": 0.0,
      "identity_check_seconds": 0.0021590720280073583,
      "state_hash_seconds": 0.00022090401034802198,
      "clone_seconds": 0.0,
      "restore_seconds": 0.0,
      "file_write_seconds": 6.035598926246166e-05,
      "operation_seconds": 0.08947966096457094,
      "total_phase_seconds": 0.09198666096199304,
      "scope": "file writes include journal intent/add/flush; excludes this timing receipt and checkpoint writes",
      "mode": "stage4_sealed_cell",
      "banner": "sealed Stage 4; scientific admission also requires complete declared populations"
    },
    {
      "phase": "immediate:120",
      "identity_check_kind": "in_memory_structure_and_configuration",
      "recipe_verification_seconds": 0.0,
      "identity_verification_seconds": 0.0,
      "identity_check_seconds": 0.001957061991561204,
      "state_hash_seconds": 0.009571262984536588,
      "clone_seconds": 0.0,
      "restore_seconds": 0.0,
      "file_write_seconds": 9.570393012836576e-05,
      "operation_seconds": 0.037321456999052316,
      "total_phase_seconds": 0.04907209996599704,
      "scope": "file writes include journal intent/add/flush; excludes this timing receipt and checkpoint writes",
      "mode": "stage4_sealed_cell",
      "banner": "sealed Stage 4; scientific admission also requires complete declared populations"
    },
    {
      "phase": "edit:121",
      "identity_check_kind": "in_memory_structure_and_configuration",
      "recipe_verification_seconds": 0.0,
      "identity_verification_seconds": 0.0,
      "identity_check_seconds": 0.002089837973471731,
      "state_hash_seconds": 0.00023481203243136406,
      "clone_seconds": 0.0,
      "restore_seconds": 0.0,
      "file_write_seconds": 6.566697265952826e-05,
      "operation_seconds": 0.10004325199406594,
      "total_phase_seconds": 0.10250012500910088,
      "scope": "file writes include journal intent/add/flush; excludes this timing receipt and checkpoint writes",
      "mode": "stage4_sealed_cell",
      "banner": "sealed Stage 4; scientific admission also requires complete declared populations"
    },
    {
      "phase": "immediate:121",
      "identity_check_kind": "in_memory_structure_and_configuration",
      "recipe_verification_seconds": 0.0,
      "identity_verification_seconds": 0.0,
      "identity_check_seconds": 0.002175513014663011,
      "state_hash_seconds": 0.009545181063003838,
      "clone_seconds": 0.0,
      "restore_seconds": 0.0,
      "file_write_seconds": 5.8331992477178574e-05,
      "operation_seconds": 0.038507066026795655,
      "total_phase_seconds": 0.05037668900331482,
      "scope": "file writes include journal intent/add/flush; excludes this timing receipt and checkpoint writes",
      "mode": "stage4_sealed_cell",
      "banner": "sealed Stage 4; scientific admission also requires complete declared populations"
    },
    {
      "phase": "edit:122",
      "identity_check_kind": "in_memory_structure_and_configuration",
      "recipe_verification_seconds": 0.0,
      "identity_verification_seconds": 0.0,
      "identity_check_seconds": 0.002034984005149454,
      "state_hash_seconds": 0.0002720930497162044,
      "clone_seconds": 0.0,
      "restore_seconds": 0.0,
      "file_write_seconds": 9.9320022854954e-05,
      "operation_seconds": 0.28265957394614816,
      "total_phase_seconds": 0.28515009296825156,
      "scope": "file writes include journal intent/add/flush; excludes this timing receipt and checkpoint writes",
      "mode": "stage4_sealed_cell",
      "banner": "sealed Stage 4; scientific admission also requires complete declared populations"
    },
    {
      "phase": "immediate:122",
      "identity_check_kind": "in_memory_structure_and_configuration",
      "recipe_verification_seconds": 0.0,
      "identity_verification_seconds": 0.0,
      "identity_check_seconds": 0.0026281740283593535,
      "state_hash_seconds": 0.009808186965528876,
      "clone_seconds": 0.0,
      "restore_seconds": 0.0,
      "file_write_seconds": 5.8592064306139946e-05,
      "operation_seconds": 0.06773585401242599,
      "total_phase_seconds": 0.0803336760145612,
      "scope": "file writes include journal intent/add/flush; excludes this timing receipt and checkpoint writes",
      "mode": "stage4_sealed_cell",
      "banner": "sealed Stage 4; scientific admission also requires complete declared populations"
    },
    {
      "phase": "edit:123",
      "identity_check_kind": "in_memory_structure_and_configuration",
      "recipe_verification_seconds": 0.0,
      "identity_verification_seconds": 0.0,
      "identity_check_seconds": 0.0021710750297643244,
      "state_hash_seconds": 0.0002609029761515558,
      "clone_seconds": 0.0,
      "restore_seconds": 0.0,
      "file_write_seconds": 6.126903463155031e-05,
      "operation_seconds": 0.1263215159997344,
      "total_phase_seconds": 0.12889039498986676,
      "scope": "file writes include journal intent/add/flush; excludes this timing receipt and checkpoint writes",
      "mode": "stage4_sealed_cell",
      "banner": "sealed Stage 4; scientific admission also requires complete declared populations"
    },
    {
      "phase": "immediate:123",
      "identity_check_kind": "in_memory_structure_and_configuration",
      "recipe_verification_seconds": 0.0,
      "identity_verification_seconds": 0.0,
      "identity_check_seconds": 0.00214480294380337,
      "state_hash_seconds": 0.009615667921025306,
      "clone_seconds": 0.0,
      "restore_seconds": 0.0,
      "file_write_seconds": 5.857303040102124e-05,
      "operation_seconds": 0.04203544999472797,
      "total_phase_seconds": 0.053940360026899725,
      "scope": "file writes include journal intent/add/flush; excludes this timing receipt and checkpoint writes",
      "mode": "stage4_sealed_cell",
      "banner": "sealed Stage 4; scientific admission also requires complete declared populations"
    },
    {
      "phase": "edit:124",
      "identity_check_kind": "in_memory_structure_and_configuration",
      "recipe_verification_seconds": 0.0,
      "identity_verification_seconds": 0.0,
      "identity_check_seconds": 0.001991909055504948,
      "state_hash_seconds": 0.0002361239749006927,
      "clone_seconds": 0.0,
      "restore_seconds": 0.0,
      "file_write_seconds": 5.972496001049876e-05,
      "operation_seconds": 0.2873368370346725,
      "total_phase_seconds": 0.2896932070143521,
      "scope": "file writes include journal intent/add/flush; excludes this timing receipt and checkpoint writes",
      "mode": "stage4_sealed_cell",
      "banner": "sealed Stage 4; scientific admission also requires complete declared populations"
    },
    {
      "phase": "immediate:124",
      "identity_check_kind": "in_memory_structure_and_configuration",
      "recipe_verification_seconds": 0.0,
      "identity_verification_seconds": 0.0,
      "identity_check_seconds": 0.0021138530573807657,
      "state_hash_seconds": 0.009659653005655855,
      "clone_seconds": 0.0,
      "restore_seconds": 0.0,
      "file_write_seconds": 5.7349971029907465e-05,
      "operation_seconds": 0.06512578600086272,
      "total_phase_seconds": 0.07704728801036254,
      "scope": "file writes include journal intent/add/flush; excludes this timing receipt and checkpoint writes",
      "mode": "stage4_sealed_cell",
      "banner": "sealed Stage 4; scientific admission also requires complete declared populations"
    },
    {
      "phase": "edit:125",
      "identity_check_kind": "in_memory_structure_and_configuration",
      "recipe_verification_seconds": 0.0,
      "identity_verification_seconds": 0.0,
      "identity_check_seconds": 0.002092865004669875,
      "state_hash_seconds": 0.00025222409749403596,
      "clone_seconds": 0.0,
      "restore_seconds": 0.0,
      "file_write_seconds": 5.934498040005565e-05,
      "operation_seconds": 0.1784718839917332,
      "total_phase_seconds": 0.18094641203060746,
      "scope": "file writes include journal intent/add/flush; excludes this timing receipt and checkpoint writes",
      "mode": "stage4_sealed_cell",
      "banner": "sealed Stage 4; scientific admission also requires complete declared populations"
    },
    {
      "phase": "immediate:125",
      "identity_check_kind": "in_memory_structure_and_configuration",
      "recipe_verification_seconds": 0.0,
      "identity_verification_seconds": 0.0,
      "identity_check_seconds": 0.0020560029661282897,
      "state_hash_seconds": 0.009790843992959708,
      "clone_seconds": 0.0,
      "restore_seconds": 0.0,
      "file_write_seconds": 6.262102397158742e-05,
      "operation_seconds": 0.046223732992075384,
      "total_phase_seconds": 0.05823073902865872,
      "scope": "file writes include journal intent/add/flush; excludes this timing receipt and checkpoint writes",
      "mode": "stage4_sealed_cell",
      "banner": "sealed Stage 4; scientific admission also requires complete declared populations"
    },
    {
      "phase": "edit:126",
      "identity_check_kind": "in_memory_structure_and_configuration",
      "recipe_verification_seconds": 0.0,
      "identity_verification_seconds": 0.0,
      "identity_check_seconds": 0.002103134000208229,
      "state_hash_seconds": 0.0002551110810600221,
      "clone_seconds": 0.0,
      "restore_seconds": 0.0,
      "file_write_seconds": 5.8883975725620985e-05,
      "operation_seconds": 0.09847697999794036,
      "total_phase_seconds": 0.10095898201689124,
      "scope": "file writes include journal intent/add/flush; excludes this timing receipt and checkpoint writes",
      "mode": "stage4_sealed_cell",
      "banner": "sealed Stage 4; scientific admission also requires complete declared populations"
    },
    {
      "phase": "immediate:126",
      "identity_check_kind": "in_memory_structure_and_configuration",
      "recipe_verification_seconds": 0.0,
      "identity_verification_seconds": 0.0,
      "identity_check_seconds": 0.002006117021664977,
      "state_hash_seconds": 0.010755589930340648,
      "clone_seconds": 0.0,
      "restore_seconds": 0.0,
      "file_write_seconds": 8.273794082924724e-05,
      "operation_seconds": 0.04601022304268554,
      "total_phase_seconds": 0.05896820698399097,
      "scope": "file writes include journal intent/add/flush; excludes this timing receipt and checkpoint writes",
      "mode": "stage4_sealed_cell",
      "banner": "sealed Stage 4; scientific admission also requires complete declared populations"
    },
    {
      "phase": "edit:127",
      "identity_check_kind": "in_memory_structure_and_configuration",
      "recipe_verification_seconds": 0.0,
      "identity_verification_seconds": 0.0,
      "identity_check_seconds": 0.0019605300039984286,
      "state_hash_seconds": 0.00023282697657123208,
      "clone_seconds": 0.0,
      "restore_seconds": 0.0,
      "file_write_seconds": 5.911401240155101e-05,
      "operation_seconds": 0.28958354698261246,
      "total_phase_seconds": 0.291896934970282,
      "scope": "file writes include journal intent/add/flush; excludes this timing receipt and checkpoint writes",
      "mode": "stage4_sealed_cell",
      "banner": "sealed Stage 4; scientific admission also requires complete declared populations"
    },
    {
      "phase": "immediate:127",
      "identity_check_kind": "in_memory_structure_and_configuration",
      "recipe_verification_seconds": 0.0,
      "identity_verification_seconds": 0.0,
      "identity_check_seconds": 0.002239685971289873,
      "state_hash_seconds": 0.010107442969456315,
      "clone_seconds": 0.0,
      "restore_seconds": 0.0,
      "file_write_seconds": 5.9093988966196775e-05,
      "operation_seconds": 0.06725927797378972,
      "total_phase_seconds": 0.07976457197219133,
      "scope": "file writes include journal intent/add/flush; excludes this timing receipt and checkpoint writes",
      "mode": "stage4_sealed_cell",
      "banner": "sealed Stage 4; scientific admission also requires complete declared populations"
    },
    {
      "phase": "edit:128",
      "identity_check_kind": "in_memory_structure_and_configuration",
      "recipe_verification_seconds": 0.0,
      "identity_verification_seconds": 0.0,
      "identity_check_seconds": 0.0020629059872590005,
      "state_hash_seconds": 0.00024192407727241516,
      "clone_seconds": 0.0,
      "restore_seconds": 0.0,
      "file_write_seconds": 6.1358034145087e-05,
      "operation_seconds": 0.09813499200390652,
      "total_phase_seconds": 0.10056627698941156,
      "scope": "file writes include journal intent/add/flush; excludes this timing receipt and checkpoint writes",
      "mode": "stage4_sealed_cell",
      "banner": "sealed Stage 4; scientific admission also requires complete declared populations"
    },
    {
      "phase": "immediate:128",
      "identity_check_kind": "in_memory_structure_and_configuration",
      "recipe_verification_seconds": 0.0,
      "identity_verification_seconds": 0.0,
      "identity_check_seconds": 0.0021033340017311275,
      "state_hash_seconds": 0.010686325025744736,
      "clone_seconds": 0.0,
      "restore_seconds": 0.0,
      "file_write_seconds": 5.967402830719948e-05,
      "operation_seconds": 0.045799708052072674,
      "total_phase_seconds": 0.05874821403995156,
      "scope": "file writes include journal intent/add/flush; excludes this timing receipt and checkpoint writes",
      "mode": "stage4_sealed_cell",
      "banner": "sealed Stage 4; scientific admission also requires complete declared populations"
    },
    {
      "phase": "edit:129",
      "identity_check_kind": "in_memory_structure_and_configuration",
      "recipe_verification_seconds": 0.0,
      "identity_verification_seconds": 0.0,
      "identity_check_seconds": 0.0021034650271758437,
      "state_hash_seconds": 0.00025283702416345477,
      "clone_seconds": 0.0,
      "restore_seconds": 0.0,
      "file_write_seconds": 7.052603177726269e-05,
      "operation_seconds": 0.0902067280258052,
      "total_phase_seconds": 0.09272074198815972,
      "scope": "file writes include journal intent/add/flush; excludes this timing receipt and checkpoint writes",
      "mode": "stage4_sealed_cell",
      "banner": "sealed Stage 4; scientific admission also requires complete declared populations"
    },
    {
      "phase": "immediate:129",
      "identity_check_kind": "in_memory_structure_and_configuration",
      "recipe_verification_seconds": 0.0,
      "identity_verification_seconds": 0.0,
      "identity_check_seconds": 0.0020850099972449243,
      "state_hash_seconds": 0.010567036981228739,
      "clone_seconds": 0.0,
      "restore_seconds": 0.0,
      "file_write_seconds": 5.8793986681848764e-05,
      "operation_seconds": 0.0434178079594858,
      "total_phase_seconds": 0.05621874995995313,
      "scope": "file writes include journal intent/add/flush; excludes this timing receipt and checkpoint writes",
      "mode": "stage4_sealed_cell",
      "banner": "sealed Stage 4; scientific admission also requires complete declared populations"
    },
    {
      "phase": "edit:130",
      "identity_check_kind": "in_memory_structure_and_configuration",
      "recipe_verification_seconds": 0.0,
      "identity_verification_seconds": 0.0,
      "identity_check_seconds": 0.002013941004406661,
      "state_hash_seconds": 0.0002430769964121282,
      "clone_seconds": 0.0,
      "restore_seconds": 0.0,
      "file_write_seconds": 6.440299330279231e-05,
      "operation_seconds": 0.17113134096143767,
      "total_phase_seconds": 0.17352957202820107,
      "scope": "file writes include journal intent/add/flush; excludes this timing receipt and checkpoint writes",
      "mode": "stage4_sealed_cell",
      "banner": "sealed Stage 4; scientific admission also requires complete declared populations"
    },
    {
      "phase": "immediate:130",
      "identity_check_kind": "in_memory_structure_and_configuration",
      "recipe_verification_seconds": 0.0,
      "identity_verification_seconds": 0.0,
      "identity_check_seconds": 0.00244366901461035,
      "state_hash_seconds": 0.00990157702472061,
      "clone_seconds": 0.0,
      "restore_seconds": 0.0,
      "file_write_seconds": 5.802104715257883e-05,
      "operation_seconds": 0.048215201997663826,
      "total_phase_seconds": 0.0607049569953233,
      "scope": "file writes include journal intent/add/flush; excludes this timing receipt and checkpoint writes",
      "mode": "stage4_sealed_cell",
      "banner": "sealed Stage 4; scientific admission also requires complete declared populations"
    },
    {
      "phase": "edit:131",
      "identity_check_kind": "in_memory_structure_and_configuration",
      "recipe_verification_seconds": 0.0,
      "identity_verification_seconds": 0.0,
      "identity_check_seconds": 0.0021117699798196554,
      "state_hash_seconds": 0.00024865695741027594,
      "clone_seconds": 0.0,
      "restore_seconds": 0.0,
      "file_write_seconds": 6.258004577830434e-05,
      "operation_seconds": 0.09442319598747417,
      "total_phase_seconds": 0.0969120710506104,
      "scope": "file writes include journal intent/add/flush; excludes this timing receipt and checkpoint writes",
      "mode": "stage4_sealed_cell",
      "banner": "sealed Stage 4; scientific admission also requires complete declared populations"
    },
    {
      "phase": "immediate:131",
      "identity_check_kind": "in_memory_structure_and_configuration",
      "recipe_verification_seconds": 0.0,
      "identity_verification_seconds": 0.0,
      "identity_check_seconds": 0.0019123880192637444,
      "state_hash_seconds": 0.01023671095026657,
      "clone_seconds": 0.0,
      "restore_seconds": 0.0,
      "file_write_seconds": 9.420199785381556e-05,
      "operation_seconds": 0.03965650702593848,
      "total_phase_seconds": 0.05198236502474174,
      "scope": "file writes include journal intent/add/flush; excludes this timing receipt and checkpoint writes",
      "mode": "stage4_sealed_cell",
      "banner": "sealed Stage 4; scientific admission also requires complete declared populations"
    },
    {
      "phase": "edit:132",
      "identity_check_kind": "in_memory_structure_and_configuration",
      "recipe_verification_seconds": 0.0,
      "identity_verification_seconds": 0.0,
      "identity_check_seconds": 0.0021285630646161735,
      "state_hash_seconds": 0.00027242302894592285,
      "clone_seconds": 0.0,
      "restore_seconds": 0.0,
      "file_write_seconds": 6.571697304025292e-05,
      "operation_seconds": 0.1856580110033974,
      "total_phase_seconds": 0.18819768400862813,
      "scope": "file writes include journal intent/add/flush; excludes this timing receipt and checkpoint writes",
      "mode": "stage4_sealed_cell",
      "banner": "sealed Stage 4; scientific admission also requires complete declared populations"
    },
    {
      "phase": "immediate:132",
      "identity_check_kind": "in_memory_structure_and_configuration",
      "recipe_verification_seconds": 0.0,
      "identity_verification_seconds": 0.0,
      "identity_check_seconds": 0.002217574045062065,
      "state_hash_seconds": 0.010426838940475136,
      "clone_seconds": 0.0,
      "restore_seconds": 0.0,
      "file_write_seconds": 0.005852041009347886,
      "operation_seconds": 0.05702576198382303,
      "total_phase_seconds": 0.07564364903373644,
      "scope": "file writes include journal intent/add/flush; excludes this timing receipt and checkpoint writes",
      "mode": "stage4_sealed_cell",
      "banner": "sealed Stage 4; scientific admission also requires complete declared populations"
    },
    {
      "phase": "edit:133",
      "identity_check_kind": "in_memory_structure_and_configuration",
      "recipe_verification_seconds": 0.0,
      "identity_verification_seconds": 0.0,
      "identity_check_seconds": 0.0021657139295712113,
      "state_hash_seconds": 0.0002948869951069355,
      "clone_seconds": 0.0,
      "restore_seconds": 0.0,
      "file_write_seconds": 0.0012783569982275367,
      "operation_seconds": 0.1308724459959194,
      "total_phase_seconds": 0.13470115698873997,
      "scope": "file writes include journal intent/add/flush; excludes this timing receipt and checkpoint writes",
      "mode": "stage4_sealed_cell",
      "banner": "sealed Stage 4; scientific admission also requires complete declared populations"
    },
    {
      "phase": "immediate:133",
      "identity_check_kind": "in_memory_structure_and_configuration",
      "recipe_verification_seconds": 0.0,
      "identity_verification_seconds": 0.0,
      "identity_check_seconds": 0.0021340519888326526,
      "state_hash_seconds": 0.010502514021936804,
      "clone_seconds": 0.0,
      "restore_seconds": 0.0,
      "file_write_seconds": 6.821006536483765e-05,
      "operation_seconds": 0.04651947203092277,
      "total_phase_seconds": 0.05933489202288911,
      "scope": "file writes include journal intent/add/flush; excludes this timing receipt and checkpoint writes",
      "mode": "stage4_sealed_cell",
      "banner": "sealed Stage 4; scientific admission also requires complete declared populations"
    },
    {
      "phase": "edit:134",
      "identity_check_kind": "in_memory_structure_and_configuration",
      "recipe_verification_seconds": 0.0,
      "identity_verification_seconds": 0.0,
      "identity_check_seconds": 0.0020699489978142083,
      "state_hash_seconds": 0.00027113291434943676,
      "clone_seconds": 0.0,
      "restore_seconds": 0.0,
      "file_write_seconds": 5.8872043155133724e-05,
      "operation_seconds": 0.13767980400007218,
      "total_phase_seconds": 0.14014659699751064,
      "scope": "file writes include journal intent/add/flush; excludes this timing receipt and checkpoint writes",
      "mode": "stage4_sealed_cell",
      "banner": "sealed Stage 4; scientific admission also requires complete declared populations"
    },
    {
      "phase": "immediate:134",
      "identity_check_kind": "in_memory_structure_and_configuration",
      "recipe_verification_seconds": 0.0,
      "identity_verification_seconds": 0.0,
      "identity_check_seconds": 0.0021467770566232502,
      "state_hash_seconds": 0.010446363885421306,
      "clone_seconds": 0.0,
      "restore_seconds": 0.0,
      "file_write_seconds": 5.9034035075455904e-05,
      "operation_seconds": 0.046212099958211184,
      "total_phase_seconds": 0.05895990098360926,
      "scope": "file writes include journal intent/add/flush; excludes this timing receipt and checkpoint writes",
      "mode": "stage4_sealed_cell",
      "banner": "sealed Stage 4; scientific admission also requires complete declared populations"
    },
    {
      "phase": "edit:135",
      "identity_check_kind": "in_memory_structure_and_configuration",
      "recipe_verification_seconds": 0.0,
      "identity_verification_seconds": 0.0,
      "identity_check_seconds": 0.002115657029207796,
      "state_hash_seconds": 0.00025914894649758935,
      "clone_seconds": 0.0,
      "restore_seconds": 0.0,
      "file_write_seconds": 6.0466001741588116e-05,
      "operation_seconds": 0.328797431953717,
      "total_phase_seconds": 0.33129726798506454,
      "scope": "file writes include journal intent/add/flush; excludes this timing receipt and checkpoint writes",
      "mode": "stage4_sealed_cell",
      "banner": "sealed Stage 4; scientific admission also requires complete declared populations"
    },
    {
      "phase": "immediate:135",
      "identity_check_kind": "in_memory_structure_and_configuration",
      "recipe_verification_seconds": 0.0,
      "identity_verification_seconds": 0.0,
      "identity_check_seconds": 0.0021643020445480943,
      "state_hash_seconds": 0.010635549027938396,
      "clone_seconds": 0.0,
      "restore_seconds": 0.0,
      "file_write_seconds": 5.992501974105835e-05,
      "operation_seconds": 0.08128507499350235,
      "total_phase_seconds": 0.09423207800136879,
      "scope": "file writes include journal intent/add/flush; excludes this timing receipt and checkpoint writes",
      "mode": "stage4_sealed_cell",
      "banner": "sealed Stage 4; scientific admission also requires complete declared populations"
    },
    {
      "phase": "edit:136",
      "identity_check_kind": "in_memory_structure_and_configuration",
      "recipe_verification_seconds": 0.0,
      "identity_verification_seconds": 0.0,
      "identity_check_seconds": 0.0022229739115573466,
      "state_hash_seconds": 0.0002968510380014777,
      "clone_seconds": 0.0,
      "restore_seconds": 0.0,
      "file_write_seconds": 8.935300866141915e-05,
      "operation_seconds": 0.1708062060060911,
      "total_phase_seconds": 0.17350577702745795,
      "scope": "file writes include journal intent/add/flush; excludes this timing receipt and checkpoint writes",
      "mode": "stage4_sealed_cell",
      "banner": "sealed Stage 4; scientific admission also requires complete declared populations"
    },
    {
      "phase": "immediate:136",
      "identity_check_kind": "in_memory_structure_and_configuration",
      "recipe_verification_seconds": 0.0,
      "identity_verification_seconds": 0.0,
      "identity_check_seconds": 0.0024611320113763213,
      "state_hash_seconds": 0.010996202938258648,
      "clone_seconds": 0.0,
      "restore_seconds": 0.0,
      "file_write_seconds": 8.249899838119745e-05,
      "operation_seconds": 0.050463716965168715,
      "total_phase_seconds": 0.0641199629753828,
      "scope": "file writes include journal intent/add/flush; excludes this timing receipt and checkpoint writes",
      "mode": "stage4_sealed_cell",
      "banner": "sealed Stage 4; scientific admission also requires complete declared populations"
    },
    {
      "phase": "edit:137",
      "identity_check_kind": "in_memory_structure_and_configuration",
      "recipe_verification_seconds": 0.0,
      "identity_verification_seconds": 0.0,
      "identity_check_seconds": 0.0021623469656333327,
      "state_hash_seconds": 0.0003189720446243882,
      "clone_seconds": 0.0,
      "restore_seconds": 0.0,
      "file_write_seconds": 6.0134974773973227e-05,
      "operation_seconds": 0.09690814296482131,
      "total_phase_seconds": 0.09952082700328901,
      "scope": "file writes include journal intent/add/flush; excludes this timing receipt and checkpoint writes",
      "mode": "stage4_sealed_cell",
      "banner": "sealed Stage 4; scientific admission also requires complete declared populations"
    },
    {
      "phase": "immediate:137",
      "identity_check_kind": "in_memory_structure_and_configuration",
      "recipe_verification_seconds": 0.0,
      "identity_verification_seconds": 0.0,
      "identity_check_seconds": 0.0019725620513781905,
      "state_hash_seconds": 0.010925264039542526,
      "clone_seconds": 0.0,
      "restore_seconds": 0.0,
      "file_write_seconds": 5.653803236782551e-05,
      "operation_seconds": 0.046908118994906545,
      "total_phase_seconds": 0.05994676798582077,
      "scope": "file writes include journal intent/add/flush; excludes this timing receipt and checkpoint writes",
      "mode": "stage4_sealed_cell",
      "banner": "sealed Stage 4; scientific admission also requires complete declared populations"
    },
    {
      "phase": "edit:138",
      "identity_check_kind": "in_memory_structure_and_configuration",
      "recipe_verification_seconds": 0.0,
      "identity_verification_seconds": 0.0,
      "identity_check_seconds": 0.002048619033303112,
      "state_hash_seconds": 0.00026581098791211843,
      "clone_seconds": 0.0,
      "restore_seconds": 0.0,
      "file_write_seconds": 6.234896136447787e-05,
      "operation_seconds": 0.12148087797686458,
      "total_phase_seconds": 0.12393407500348985,
      "scope": "file writes include journal intent/add/flush; excludes this timing receipt and checkpoint writes",
      "mode": "stage4_sealed_cell",
      "banner": "sealed Stage 4; scientific admission also requires complete declared populations"
    },
    {
      "phase": "immediate:138",
      "identity_check_kind": "in_memory_structure_and_configuration",
      "recipe_verification_seconds": 0.0,
      "identity_verification_seconds": 0.0,
      "identity_check_seconds": 0.002261037996504456,
      "state_hash_seconds": 0.011178594024386257,
      "clone_seconds": 0.0,
      "restore_seconds": 0.0,
      "file_write_seconds": 6.687897257506847e-05,
      "operation_seconds": 0.04877922701416537,
      "total_phase_seconds": 0.062379865965340286,
      "scope": "file writes include journal intent/add/flush; excludes this timing receipt and checkpoint writes",
      "mode": "stage4_sealed_cell",
      "banner": "sealed Stage 4; scientific admission also requires complete declared populations"
    },
    {
      "phase": "edit:139",
      "identity_check_kind": "in_memory_structure_and_configuration",
      "recipe_verification_seconds": 0.0,
      "identity_verification_seconds": 0.0,
      "identity_check_seconds": 0.0021339230588637292,
      "state_hash_seconds": 0.000269708049017936,
      "clone_seconds": 0.0,
      "restore_seconds": 0.0,
      "file_write_seconds": 6.544700590893626e-05,
      "operation_seconds": 0.16520136001054198,
      "total_phase_seconds": 0.16773622296750546,
      "scope": "file writes include journal intent/add/flush; excludes this timing receipt and checkpoint writes",
      "mode": "stage4_sealed_cell",
      "banner": "sealed Stage 4; scientific admission also requires complete declared populations"
    },
    {
      "phase": "immediate:139",
      "identity_check_kind": "in_memory_structure_and_configuration",
      "recipe_verification_seconds": 0.0,
      "identity_verification_seconds": 0.0,
      "identity_check_seconds": 0.0021983360056765378,
      "state_hash_seconds": 0.010940815962385386,
      "clone_seconds": 0.0,
      "restore_seconds": 0.0,
      "file_write_seconds": 5.7630997616797686e-05,
      "operation_seconds": 0.05252191302133724,
      "total_phase_seconds": 0.06580769701395184,
      "scope": "file writes include journal intent/add/flush; excludes this timing receipt and checkpoint writes",
      "mode": "stage4_sealed_cell",
      "banner": "sealed Stage 4; scientific admission also requires complete declared populations"
    },
    {
      "phase": "edit:140",
      "identity_check_kind": "in_memory_structure_and_configuration",
      "recipe_verification_seconds": 0.0,
      "identity_verification_seconds": 0.0,
      "identity_check_seconds": 0.0020916610374115407,
      "state_hash_seconds": 0.00031353288795799017,
      "clone_seconds": 0.0,
      "restore_seconds": 0.0,
      "file_write_seconds": 6.0287013184279203e-05,
      "operation_seconds": 0.18058364500757307,
      "total_phase_seconds": 0.1831219349987805,
      "scope": "file writes include journal intent/add/flush; excludes this timing receipt and checkpoint writes",
      "mode": "stage4_sealed_cell",
      "banner": "sealed Stage 4; scientific admission also requires complete declared populations"
    },
    {
      "phase": "immediate:140",
      "identity_check_kind": "in_memory_structure_and_configuration",
      "recipe_verification_seconds": 0.0,
      "identity_verification_seconds": 0.0,
      "identity_check_seconds": 0.002339859027415514,
      "state_hash_seconds": 0.011515972029883415,
      "clone_seconds": 0.0,
      "restore_seconds": 0.0,
      "file_write_seconds": 6.1027007177472115e-05,
      "operation_seconds": 0.04936608503339812,
      "total_phase_seconds": 0.06338736304314807,
      "scope": "file writes include journal intent/add/flush; excludes this timing receipt and checkpoint writes",
      "mode": "stage4_sealed_cell",
      "banner": "sealed Stage 4; scientific admission also requires complete declared populations"
    },
    {
      "phase": "edit:141",
      "identity_check_kind": "in_memory_structure_and_configuration",
      "recipe_verification_seconds": 0.0,
      "identity_verification_seconds": 0.0,
      "identity_check_seconds": 0.0022673789062537253,
      "state_hash_seconds": 0.00030317401979118586,
      "clone_seconds": 0.0,
      "restore_seconds": 0.0,
      "file_write_seconds": 5.812197923660278e-05,
      "operation_seconds": 0.39903645898448303,
      "total_phase_seconds": 0.4017404079786502,
      "scope": "file writes include journal intent/add/flush; excludes this timing receipt and checkpoint writes",
      "mode": "stage4_sealed_cell",
      "banner": "sealed Stage 4; scientific admission also requires complete declared populations"
    },
    {
      "phase": "immediate:141",
      "identity_check_kind": "in_memory_structure_and_configuration",
      "recipe_verification_seconds": 0.0,
      "identity_verification_seconds": 0.0,
      "identity_check_seconds": 0.002161065931431949,
      "state_hash_seconds": 0.011129588063340634,
      "clone_seconds": 0.0,
      "restore_seconds": 0.0,
      "file_write_seconds": 6.143900100141764e-05,
      "operation_seconds": 0.09053423901787028,
      "total_phase_seconds": 0.10397602198645473,
      "scope": "file writes include journal intent/add/flush; excludes this timing receipt and checkpoint writes",
      "mode": "stage4_sealed_cell",
      "banner": "sealed Stage 4; scientific admission also requires complete declared populations"
    },
    {
      "phase": "edit:142",
      "identity_check_kind": "in_memory_structure_and_configuration",
      "recipe_verification_seconds": 0.0,
      "identity_verification_seconds": 0.0,
      "identity_check_seconds": 0.002390987006947398,
      "state_hash_seconds": 0.0002790750586427748,
      "clone_seconds": 0.0,
      "restore_seconds": 0.0,
      "file_write_seconds": 6.179901538416743e-05,
      "operation_seconds": 0.0877106900443323,
      "total_phase_seconds": 0.09051420900505036,
      "scope": "file writes include journal intent/add/flush; excludes this timing receipt and checkpoint writes",
      "mode": "stage4_sealed_cell",
      "banner": "sealed Stage 4; scientific admission also requires complete declared populations"
    },
    {
      "phase": "immediate:142",
      "identity_check_kind": "in_memory_structure_and_configuration",
      "recipe_verification_seconds": 0.0,
      "identity_verification_seconds": 0.0,
      "identity_check_seconds": 0.0021168599487282336,
      "state_hash_seconds": 0.011419375892728567,
      "clone_seconds": 0.0,
      "restore_seconds": 0.0,
      "file_write_seconds": 5.77110331505537e-05,
      "operation_seconds": 0.04325017600785941,
      "total_phase_seconds": 0.05693181202514097,
      "scope": "file writes include journal intent/add/flush; excludes this timing receipt and checkpoint writes",
      "mode": "stage4_sealed_cell",
      "banner": "sealed Stage 4; scientific admission also requires complete declared populations"
    },
    {
      "phase": "edit:143",
      "identity_check_kind": "in_memory_structure_and_configuration",
      "recipe_verification_seconds": 0.0,
      "identity_verification_seconds": 0.0,
      "identity_check_seconds": 0.0019292909419164062,
      "state_hash_seconds": 0.00026924797566607594,
      "clone_seconds": 0.0,
      "restore_seconds": 0.0,
      "file_write_seconds": 5.99550548940897e-05,
      "operation_seconds": 0.09128290798980743,
      "total_phase_seconds": 0.09360477200243622,
      "scope": "file writes include journal intent/add/flush; excludes this timing receipt and checkpoint writes",
      "mode": "stage4_sealed_cell",
      "banner": "sealed Stage 4; scientific admission also requires complete declared populations"
    },
    {
      "phase": "immediate:143",
      "identity_check_kind": "in_memory_structure_and_configuration",
      "recipe_verification_seconds": 0.0,
      "identity_verification_seconds": 0.0,
      "identity_check_seconds": 0.0019178380025550723,
      "state_hash_seconds": 0.011679074028506875,
      "clone_seconds": 0.0,
      "restore_seconds": 0.0,
      "file_write_seconds": 5.7419994845986366e-05,
      "operation_seconds": 0.045405249984469265,
      "total_phase_seconds": 0.059150927991140634,
      "scope": "file writes include journal intent/add/flush; excludes this timing receipt and checkpoint writes",
      "mode": "stage4_sealed_cell",
      "banner": "sealed Stage 4; scientific admission also requires complete declared populations"
    },
    {
      "phase": "edit:144",
      "identity_check_kind": "in_memory_structure_and_configuration",
      "recipe_verification_seconds": 0.0,
      "identity_verification_seconds": 0.0,
      "identity_check_seconds": 0.0020834250608459115,
      "state_hash_seconds": 0.0002698389580473304,
      "clone_seconds": 0.0,
      "restore_seconds": 0.0,
      "file_write_seconds": 6.344297435134649e-05,
      "operation_seconds": 0.3043305100291036,
      "total_phase_seconds": 0.30681797198485583,
      "scope": "file writes include journal intent/add/flush; excludes this timing receipt and checkpoint writes",
      "mode": "stage4_sealed_cell",
      "banner": "sealed Stage 4; scientific admission also requires complete declared populations"
    },
    {
      "phase": "immediate:144",
      "identity_check_kind": "in_memory_structure_and_configuration",
      "recipe_verification_seconds": 0.0,
      "identity_verification_seconds": 0.0,
      "identity_check_seconds": 0.002217212982941419,
      "state_hash_seconds": 0.012062192021403462,
      "clone_seconds": 0.0,
      "restore_seconds": 0.0,
      "file_write_seconds": 5.728006362915039e-05,
      "operation_seconds": 0.07030950300395489,
      "total_phase_seconds": 0.08474550896789879,
      "scope": "file writes include journal intent/add/flush; excludes this timing receipt and checkpoint writes",
      "mode": "stage4_sealed_cell",
      "banner": "sealed Stage 4; scientific admission also requires complete declared populations"
    },
    {
      "phase": "edit:145",
      "identity_check_kind": "in_memory_structure_and_configuration",
      "recipe_verification_seconds": 0.0,
      "identity_verification_seconds": 0.0,
      "identity_check_seconds": 0.0021503849420696497,
      "state_hash_seconds": 0.00029540795367211103,
      "clone_seconds": 0.0,
      "restore_seconds": 0.0,
      "file_write_seconds": 5.963497096672654e-05,
      "operation_seconds": 0.09968034399207681,
      "total_phase_seconds": 0.10225202795118093,
      "scope": "file writes include journal intent/add/flush; excludes this timing receipt and checkpoint writes",
      "mode": "stage4_sealed_cell",
      "banner": "sealed Stage 4; scientific admission also requires complete declared populations"
    },
    {
      "phase": "immediate:145",
      "identity_check_kind": "in_memory_structure_and_configuration",
      "recipe_verification_seconds": 0.0,
      "identity_verification_seconds": 0.0,
      "identity_check_seconds": 0.002063888998236507,
      "state_hash_seconds": 0.0114376520505175,
      "clone_seconds": 0.0,
      "restore_seconds": 0.0,
      "file_write_seconds": 6.05260138399899e-05,
      "operation_seconds": 0.04806170699885115,
      "total_phase_seconds": 0.06171129096765071,
      "scope": "file writes include journal intent/add/flush; excludes this timing receipt and checkpoint writes",
      "mode": "stage4_sealed_cell",
      "banner": "sealed Stage 4; scientific admission also requires complete declared populations"
    },
    {
      "phase": "edit:146",
      "identity_check_kind": "in_memory_structure_and_configuration",
      "recipe_verification_seconds": 0.0,
      "identity_verification_seconds": 0.0,
      "identity_check_seconds": 0.002018550003413111,
      "state_hash_seconds": 0.0002543489099480212,
      "clone_seconds": 0.0,
      "restore_seconds": 0.0,
      "file_write_seconds": 6.068695802241564e-05,
      "operation_seconds": 0.09124378202250227,
      "total_phase_seconds": 0.09364202298456803,
      "scope": "file writes include journal intent/add/flush; excludes this timing receipt and checkpoint writes",
      "mode": "stage4_sealed_cell",
      "banner": "sealed Stage 4; scientific admission also requires complete declared populations"
    },
    {
      "phase": "immediate:146",
      "identity_check_kind": "in_memory_structure_and_configuration",
      "recipe_verification_seconds": 0.0,
      "identity_verification_seconds": 0.0,
      "identity_check_seconds": 0.0019591570016928017,
      "state_hash_seconds": 0.011060323973651975,
      "clone_seconds": 0.0,
      "restore_seconds": 0.0,
      "file_write_seconds": 6.562599446624517e-05,
      "operation_seconds": 0.040635249053593725,
      "total_phase_seconds": 0.05380503000924364,
      "scope": "file writes include journal intent/add/flush; excludes this timing receipt and checkpoint writes",
      "mode": "stage4_sealed_cell",
      "banner": "sealed Stage 4; scientific admission also requires complete declared populations"
    },
    {
      "phase": "edit:147",
      "identity_check_kind": "in_memory_structure_and_configuration",
      "recipe_verification_seconds": 0.0,
      "identity_verification_seconds": 0.0,
      "identity_check_seconds": 0.0020813029841519892,
      "state_hash_seconds": 0.0003106359508819878,
      "clone_seconds": 0.0,
      "restore_seconds": 0.0,
      "file_write_seconds": 5.994498496875167e-05,
      "operation_seconds": 0.1841963809565641,
      "total_phase_seconds": 0.18671888101380318,
      "scope": "file writes include journal intent/add/flush; excludes this timing receipt and checkpoint writes",
      "mode": "stage4_sealed_cell",
      "banner": "sealed Stage 4; scientific admission also requires complete declared populations"
    },
    {
      "phase": "immediate:147",
      "identity_check_kind": "in_memory_structure_and_configuration",
      "recipe_verification_seconds": 0.0,
      "identity_verification_seconds": 0.0,
      "identity_check_seconds": 0.002130836946889758,
      "state_hash_seconds": 0.011191728117410094,
      "clone_seconds": 0.0,
      "restore_seconds": 0.0,
      "file_write_seconds": 5.8864010497927666e-05,
      "operation_seconds": 0.05082315701292828,
      "total_phase_seconds": 0.06429447699338198,
      "scope": "file writes include journal intent/add/flush; excludes this timing receipt and checkpoint writes",
      "mode": "stage4_sealed_cell",
      "banner": "sealed Stage 4; scientific admission also requires complete declared populations"
    },
    {
      "phase": "edit:148",
      "identity_check_kind": "in_memory_structure_and_configuration",
      "recipe_verification_seconds": 0.0,
      "identity_verification_seconds": 0.0,
      "identity_check_seconds": 0.0021077929995954037,
      "state_hash_seconds": 0.00027378491358831525,
      "clone_seconds": 0.0,
      "restore_seconds": 0.0,
      "file_write_seconds": 5.796097684651613e-05,
      "operation_seconds": 0.1705611440120265,
      "total_phase_seconds": 0.17306630098028108,
      "scope": "file writes include journal intent/add/flush; excludes this timing receipt and checkpoint writes",
      "mode": "stage4_sealed_cell",
      "banner": "sealed Stage 4; scientific admission also requires complete declared populations"
    },
    {
      "phase": "immediate:148",
      "identity_check_kind": "in_memory_structure_and_configuration",
      "recipe_verification_seconds": 0.0,
      "identity_verification_seconds": 0.0,
      "identity_check_seconds": 0.0025291730416938663,
      "state_hash_seconds": 0.012683786975685507,
      "clone_seconds": 0.0,
      "restore_seconds": 0.0,
      "file_write_seconds": 0.004962730978149921,
      "operation_seconds": 0.05728682497283444,
      "total_phase_seconds": 0.07756676600547507,
      "scope": "file writes include journal intent/add/flush; excludes this timing receipt and checkpoint writes",
      "mode": "stage4_sealed_cell",
      "banner": "sealed Stage 4; scientific admission also requires complete declared populations"
    },
    {
      "phase": "edit:149",
      "identity_check_kind": "in_memory_structure_and_configuration",
      "recipe_verification_seconds": 0.0,
      "identity_verification_seconds": 0.0,
      "identity_check_seconds": 0.0021503239986486733,
      "state_hash_seconds": 0.0002913390635512769,
      "clone_seconds": 0.0,
      "restore_seconds": 0.0,
      "file_write_seconds": 0.0012865429162047803,
      "operation_seconds": 0.18796986603410915,
      "total_phase_seconds": 0.1917752730078064,
      "scope": "file writes include journal intent/add/flush; excludes this timing receipt and checkpoint writes",
      "mode": "stage4_sealed_cell",
      "banner": "sealed Stage 4; scientific admission also requires complete declared populations"
    },
    {
      "phase": "immediate:149",
      "identity_check_kind": "in_memory_structure_and_configuration",
      "recipe_verification_seconds": 0.0,
      "identity_verification_seconds": 0.0,
      "identity_check_seconds": 0.002277258026879281,
      "state_hash_seconds": 0.012226780003402382,
      "clone_seconds": 0.0,
      "restore_seconds": 0.0,
      "file_write_seconds": 7.195898797363043e-05,
      "operation_seconds": 0.059287640964612365,
      "total_phase_seconds": 0.07396792701911181,
      "scope": "file writes include journal intent/add/flush; excludes this timing receipt and checkpoint writes",
      "mode": "stage4_sealed_cell",
      "banner": "sealed Stage 4; scientific admission also requires complete declared populations"
    },
    {
      "phase": "edit:150",
      "identity_check_kind": "in_memory_structure_and_configuration",
      "recipe_verification_seconds": 0.0,
      "identity_verification_seconds": 0.0,
      "identity_check_seconds": 0.002211041981354356,
      "state_hash_seconds": 0.0002913190401159227,
      "clone_seconds": 0.0,
      "restore_seconds": 0.0,
      "file_write_seconds": 8.612597594037652e-05,
      "operation_seconds": 0.09617100702598691,
      "total_phase_seconds": 0.09883035899838433,
      "scope": "file writes include journal intent/add/flush; excludes this timing receipt and checkpoint writes",
      "mode": "stage4_sealed_cell",
      "banner": "sealed Stage 4; scientific admission also requires complete declared populations"
    },
    {
      "phase": "immediate:150",
      "identity_check_kind": "in_memory_structure_and_configuration",
      "recipe_verification_seconds": 0.0,
      "identity_verification_seconds": 0.0,
      "identity_check_seconds": 0.0019123870297335088,
      "state_hash_seconds": 0.011864641041029245,
      "clone_seconds": 0.0,
      "restore_seconds": 0.0,
      "file_write_seconds": 5.9525074902921915e-05,
      "operation_seconds": 0.05120811704546213,
      "total_phase_seconds": 0.06514088599942625,
      "scope": "file writes include journal intent/add/flush; excludes this timing receipt and checkpoint writes",
      "mode": "stage4_sealed_cell",
      "banner": "sealed Stage 4; scientific admission also requires complete declared populations"
    },
    {
      "phase": "edit:151",
      "identity_check_kind": "in_memory_structure_and_configuration",
      "recipe_verification_seconds": 0.0,
      "identity_verification_seconds": 0.0,
      "identity_check_seconds": 0.002191974956076592,
      "state_hash_seconds": 0.00027344602858647704,
      "clone_seconds": 0.0,
      "restore_seconds": 0.0,
      "file_write_seconds": 5.86929963901639e-05,
      "operation_seconds": 0.1278732090140693,
      "total_phase_seconds": 0.13046732696238905,
      "scope": "file writes include journal intent/add/flush; excludes this timing receipt and checkpoint writes",
      "mode": "stage4_sealed_cell",
      "banner": "sealed Stage 4; scientific admission also requires complete declared populations"
    },
    {
      "phase": "immediate:151",
      "identity_check_kind": "in_memory_structure_and_configuration",
      "recipe_verification_seconds": 0.0,
      "identity_verification_seconds": 0.0,
      "identity_check_seconds": 0.002301094005815685,
      "state_hash_seconds": 0.012106746959034353,
      "clone_seconds": 0.0,
      "restore_seconds": 0.0,
      "file_write_seconds": 5.8963021729141474e-05,
      "operation_seconds": 0.053198283014353365,
      "total_phase_seconds": 0.06775950000155717,
      "scope": "file writes include journal intent/add/flush; excludes this timing receipt and checkpoint writes",
      "mode": "stage4_sealed_cell",
      "banner": "sealed Stage 4; scientific admission also requires complete declared populations"
    },
    {
      "phase": "edit:152",
      "identity_check_kind": "in_memory_structure_and_configuration",
      "recipe_verification_seconds": 0.0,
      "identity_verification_seconds": 0.0,
      "identity_check_seconds": 0.00212919304613024,
      "state_hash_seconds": 0.00029453495517373085,
      "clone_seconds": 0.0,
      "restore_seconds": 0.0,
      "file_write_seconds": 6.97550131008029e-05,
      "operation_seconds": 0.14910958998370916,
      "total_phase_seconds": 0.1516725780093111,
      "scope": "file writes include journal intent/add/flush; excludes this timing receipt and checkpoint writes",
      "mode": "stage4_sealed_cell",
      "banner": "sealed Stage 4; scientific admission also requires complete declared populations"
    },
    {
      "phase": "immediate:152",
      "identity_check_kind": "in_memory_structure_and_configuration",
      "recipe_verification_seconds": 0.0,
      "identity_verification_seconds": 0.0,
      "identity_check_seconds": 0.0021365980501286685,
      "state_hash_seconds": 0.011920308985281736,
      "clone_seconds": 0.0,
      "restore_seconds": 0.0,
      "file_write_seconds": 6.730895256623626e-05,
      "operation_seconds": 0.051914474985096604,
      "total_phase_seconds": 0.0661323509993963,
      "scope": "file writes include journal intent/add/flush; excludes this timing receipt and checkpoint writes",
      "mode": "stage4_sealed_cell",
      "banner": "sealed Stage 4; scientific admission also requires complete declared populations"
    },
    {
      "phase": "edit:153",
      "identity_check_kind": "in_memory_structure_and_configuration",
      "recipe_verification_seconds": 0.0,
      "identity_verification_seconds": 0.0,
      "identity_check_seconds": 0.0021459050476551056,
      "state_hash_seconds": 0.00033832102781161666,
      "clone_seconds": 0.0,
      "restore_seconds": 0.0,
      "file_write_seconds": 6.005493924021721e-05,
      "operation_seconds": 0.28313065000111237,
      "total_phase_seconds": 0.2857492440380156,
      "scope": "file writes include journal intent/add/flush; excludes this timing receipt and checkpoint writes",
      "mode": "stage4_sealed_cell",
      "banner": "sealed Stage 4; scientific admission also requires complete declared populations"
    },
    {
      "phase": "immediate:153",
      "identity_check_kind": "in_memory_structure_and_configuration",
      "recipe_verification_seconds": 0.0,
      "identity_verification_seconds": 0.0,
      "identity_check_seconds": 0.0020537489908747375,
      "state_hash_seconds": 0.01210362307028845,
      "clone_seconds": 0.0,
      "restore_seconds": 0.0,
      "file_write_seconds": 6.002496229484677e-05,
      "operation_seconds": 0.06865542201558128,
      "total_phase_seconds": 0.08296406298177317,
      "scope": "file writes include journal intent/add/flush; excludes this timing receipt and checkpoint writes",
      "mode": "stage4_sealed_cell",
      "banner": "sealed Stage 4; scientific admission also requires complete declared populations"
    },
    {
      "phase": "edit:154",
      "identity_check_kind": "in_memory_structure_and_configuration",
      "recipe_verification_seconds": 0.0,
      "identity_verification_seconds": 0.0,
      "identity_check_seconds": 0.0023417429765686393,
      "state_hash_seconds": 0.00041580997640267015,
      "clone_seconds": 0.0,
      "restore_seconds": 0.0,
      "file_write_seconds": 6.163795478641987e-05,
      "operation_seconds": 0.3148194670211524,
      "total_phase_seconds": 0.3177338510286063,
      "scope": "file writes include journal intent/add/flush; excludes this timing receipt and checkpoint writes",
      "mode": "stage4_sealed_cell",
      "banner": "sealed Stage 4; scientific admission also requires complete declared populations"
    },
    {
      "phase": "immediate:154",
      "identity_check_kind": "in_memory_structure_and_configuration",
      "recipe_verification_seconds": 0.0,
      "identity_verification_seconds": 0.0,
      "identity_check_seconds": 0.002133041969500482,
      "state_hash_seconds": 0.01242615096271038,
      "clone_seconds": 0.0,
      "restore_seconds": 0.0,
      "file_write_seconds": 6.112799746915698e-05,
      "operation_seconds": 0.0686791279586032,
      "total_phase_seconds": 0.08340404002228752,
      "scope": "file writes include journal intent/add/flush; excludes this timing receipt and checkpoint writes",
      "mode": "stage4_sealed_cell",
      "banner": "sealed Stage 4; scientific admission also requires complete declared populations"
    },
    {
      "phase": "edit:155",
      "identity_check_kind": "in_memory_structure_and_configuration",
      "recipe_verification_seconds": 0.0,
      "identity_verification_seconds": 0.0,
      "identity_check_seconds": 0.0022379219881258905,
      "state_hash_seconds": 0.00033622694900259376,
      "clone_seconds": 0.0,
      "restore_seconds": 0.0,
      "file_write_seconds": 6.108800880610943e-05,
      "operation_seconds": 0.09624627098673955,
      "total_phase_seconds": 0.09896980703342706,
      "scope": "file writes include journal intent/add/flush; excludes this timing receipt and checkpoint writes",
      "mode": "stage4_sealed_cell",
      "banner": "sealed Stage 4; scientific admission also requires complete declared populations"
    },
    {
      "phase": "immediate:155",
      "identity_check_kind": "in_memory_structure_and_configuration",
      "recipe_verification_seconds": 0.0,
      "identity_verification_seconds": 0.0,
      "identity_check_seconds": 0.002138081006705761,
      "state_hash_seconds": 0.011881473998073488,
      "clone_seconds": 0.0,
      "restore_seconds": 0.0,
      "file_write_seconds": 7.902306970208883e-05,
      "operation_seconds": 0.04341903101885691,
      "total_phase_seconds": 0.05761700903531164,
      "scope": "file writes include journal intent/add/flush; excludes this timing receipt and checkpoint writes",
      "mode": "stage4_sealed_cell",
      "banner": "sealed Stage 4; scientific admission also requires complete declared populations"
    },
    {
      "phase": "edit:156",
      "identity_check_kind": "in_memory_structure_and_configuration",
      "recipe_verification_seconds": 0.0,
      "identity_verification_seconds": 0.0,
      "identity_check_seconds": 0.0020396820036694407,
      "state_hash_seconds": 0.0003088650410063565,
      "clone_seconds": 0.0,
      "restore_seconds": 0.0,
      "file_write_seconds": 6.105803186073899e-05,
      "operation_seconds": 0.09033764101332054,
      "total_phase_seconds": 0.0928148030070588,
      "scope": "file writes include journal intent/add/flush; excludes this timing receipt and checkpoint writes",
      "mode": "stage4_sealed_cell",
      "banner": "sealed Stage 4; scientific admission also requires complete declared populations"
    },
    {
      "phase": "immediate:156",
      "identity_check_kind": "in_memory_structure_and_configuration",
      "recipe_verification_seconds": 0.0,
      "identity_verification_seconds": 0.0,
      "identity_check_seconds": 0.0019318739650771022,
      "state_hash_seconds": 0.011920607939828187,
      "clone_seconds": 0.0,
      "restore_seconds": 0.0,
      "file_write_seconds": 5.9304002206772566e-05,
      "operation_seconds": 0.046666804992128164,
      "total_phase_seconds": 0.06065873702755198,
      "scope": "file writes include journal intent/add/flush; excludes this timing receipt and checkpoint writes",
      "mode": "stage4_sealed_cell",
      "banner": "sealed Stage 4; scientific admission also requires complete declared populations"
    },
    {
      "phase": "edit:157",
      "identity_check_kind": "in_memory_structure_and_configuration",
      "recipe_verification_seconds": 0.0,
      "identity_verification_seconds": 0.0,
      "identity_check_seconds": 0.002101099060382694,
      "state_hash_seconds": 0.0003463059547357261,
      "clone_seconds": 0.0,
      "restore_seconds": 0.0,
      "file_write_seconds": 9.963102638721466e-05,
      "operation_seconds": 0.14423953701043501,
      "total_phase_seconds": 0.14687638700706884,
      "scope": "file writes include journal intent/add/flush; excludes this timing receipt and checkpoint writes",
      "mode": "stage4_sealed_cell",
      "banner": "sealed Stage 4; scientific admission also requires complete declared populations"
    },
    {
      "phase": "immediate:157",
      "identity_check_kind": "in_memory_structure_and_configuration",
      "recipe_verification_seconds": 0.0,
      "identity_verification_seconds": 0.0,
      "identity_check_seconds": 0.0021492119994945824,
      "state_hash_seconds": 0.012204394908621907,
      "clone_seconds": 0.0,
      "restore_seconds": 0.0,
      "file_write_seconds": 5.8613019064068794e-05,
      "operation_seconds": 0.04885054397163913,
      "total_phase_seconds": 0.06336285604629666,
      "scope": "file writes include journal intent/add/flush; excludes this timing receipt and checkpoint writes",
      "mode": "stage4_sealed_cell",
      "banner": "sealed Stage 4; scientific admission also requires complete declared populations"
    },
    {
      "phase": "edit:158",
      "identity_check_kind": "in_memory_structure_and_configuration",
      "recipe_verification_seconds": 0.0,
      "identity_verification_seconds": 0.0,
      "identity_check_seconds": 0.0022112320293672383,
      "state_hash_seconds": 0.0002946770400740206,
      "clone_seconds": 0.0,
      "restore_seconds": 0.0,
      "file_write_seconds": 7.430400000885129e-05,
      "operation_seconds": 0.17694512801244855,
      "total_phase_seconds": 0.17959019396221265,
      "scope": "file writes include journal intent/add/flush; excludes this timing receipt and checkpoint writes",
      "mode": "stage4_sealed_cell",
      "banner": "sealed Stage 4; scientific admission also requires complete declared populations"
    },
    {
      "phase": "immediate:158",
      "identity_check_kind": "in_memory_structure_and_configuration",
      "recipe_verification_seconds": 0.0,
      "identity_verification_seconds": 0.0,
      "identity_check_seconds": 0.0021333819604478776,
      "state_hash_seconds": 0.012470287038013339,
      "clone_seconds": 0.0,
      "restore_seconds": 0.0,
      "file_write_seconds": 5.9865997172892094e-05,
      "operation_seconds": 0.05820197402499616,
      "total_phase_seconds": 0.0729599780170247,
      "scope": "file writes include journal intent/add/flush; excludes this timing receipt and checkpoint writes",
      "mode": "stage4_sealed_cell",
      "banner": "sealed Stage 4; scientific admission also requires complete declared populations"
    },
    {
      "phase": "edit:159",
      "identity_check_kind": "in_memory_structure_and_configuration",
      "recipe_verification_seconds": 0.0,
      "identity_verification_seconds": 0.0,
      "identity_check_seconds": 0.0022116629988886416,
      "state_hash_seconds": 0.000322801002766937,
      "clone_seconds": 0.0,
      "restore_seconds": 0.0,
      "file_write_seconds": 5.8492005337029696e-05,
      "operation_seconds": 0.14838307298487052,
      "total_phase_seconds": 0.15104395902017131,
      "scope": "file writes include journal intent/add/flush; excludes this timing receipt and checkpoint writes",
      "mode": "stage4_sealed_cell",
      "banner": "sealed Stage 4; scientific admission also requires complete declared populations"
    },
    {
      "phase": "immediate:159",
      "identity_check_kind": "in_memory_structure_and_configuration",
      "recipe_verification_seconds": 0.0,
      "identity_verification_seconds": 0.0,
      "identity_check_seconds": 0.002292939054314047,
      "state_hash_seconds": 0.013073156995233148,
      "clone_seconds": 0.0,
      "restore_seconds": 0.0,
      "file_write_seconds": 5.8403005823493004e-05,
      "operation_seconds": 0.052029535989277065,
      "total_phase_seconds": 0.06754945596912876,
      "scope": "file writes include journal intent/add/flush; excludes this timing receipt and checkpoint writes",
      "mode": "stage4_sealed_cell",
      "banner": "sealed Stage 4; scientific admission also requires complete declared populations"
    },
    {
      "phase": "edit:160",
      "identity_check_kind": "in_memory_structure_and_configuration",
      "recipe_verification_seconds": 0.0,
      "identity_verification_seconds": 0.0,
      "identity_check_seconds": 0.002099637989886105,
      "state_hash_seconds": 0.0003044350305572152,
      "clone_seconds": 0.0,
      "restore_seconds": 0.0,
      "file_write_seconds": 6.3000014051795e-05,
      "operation_seconds": 0.09205503202974796,
      "total_phase_seconds": 0.09459520597010851,
      "scope": "file writes include journal intent/add/flush; excludes this timing receipt and checkpoint writes",
      "mode": "stage4_sealed_cell",
      "banner": "sealed Stage 4; scientific admission also requires complete declared populations"
    },
    {
      "phase": "immediate:160",
      "identity_check_kind": "in_memory_structure_and_configuration",
      "recipe_verification_seconds": 0.0,
      "identity_verification_seconds": 0.0,
      "identity_check_seconds": 0.002263361995574087,
      "state_hash_seconds": 0.012820799020119011,
      "clone_seconds": 0.0,
      "restore_seconds": 0.0,
      "file_write_seconds": 5.709001561626792e-05,
      "operation_seconds": 0.05301864800276235,
      "total_phase_seconds": 0.06826278701191768,
      "scope": "file writes include journal intent/add/flush; excludes this timing receipt and checkpoint writes",
      "mode": "stage4_sealed_cell",
      "banner": "sealed Stage 4; scientific admission also requires complete declared populations"
    },
    {
      "phase": "edit:161",
      "identity_check_kind": "in_memory_structure_and_configuration",
      "recipe_verification_seconds": 0.0,
      "identity_verification_seconds": 0.0,
      "identity_check_seconds": 0.0021518480498343706,
      "state_hash_seconds": 0.00033277005422860384,
      "clone_seconds": 0.0,
      "restore_seconds": 0.0,
      "file_write_seconds": 6.092700641602278e-05,
      "operation_seconds": 0.09075303899589926,
      "total_phase_seconds": 0.09336797602009028,
      "scope": "file writes include journal intent/add/flush; excludes this timing receipt and checkpoint writes",
      "mode": "stage4_sealed_cell",
      "banner": "sealed Stage 4; scientific admission also requires complete declared populations"
    },
    {
      "phase": "immediate:161",
      "identity_check_kind": "in_memory_structure_and_configuration",
      "recipe_verification_seconds": 0.0,
      "identity_verification_seconds": 0.0,
      "identity_check_seconds": 0.0020891069434583187,
      "state_hash_seconds": 0.012393149023409933,
      "clone_seconds": 0.0,
      "restore_seconds": 0.0,
      "file_write_seconds": 5.745200905948877e-05,
      "operation_seconds": 0.05231612705392763,
      "total_phase_seconds": 0.06693874200573191,
      "scope": "file writes include journal intent/add/flush; excludes this timing receipt and checkpoint writes",
      "mode": "stage4_sealed_cell",
      "banner": "sealed Stage 4; scientific admission also requires complete declared populations"
    },
    {
      "phase": "edit:162",
      "identity_check_kind": "in_memory_structure_and_configuration",
      "recipe_verification_seconds": 0.0,
      "identity_verification_seconds": 0.0,
      "identity_check_seconds": 0.0025336520629934967,
      "state_hash_seconds": 0.0003766540321521461,
      "clone_seconds": 0.0,
      "restore_seconds": 0.0,
      "file_write_seconds": 6.049696821719408e-05,
      "operation_seconds": 0.2153774210019037,
      "total_phase_seconds": 0.21843011101009324,
      "scope": "file writes include journal intent/add/flush; excludes this timing receipt and checkpoint writes",
      "mode": "stage4_sealed_cell",
      "banner": "sealed Stage 4; scientific admission also requires complete declared populations"
    },
    {
      "phase": "immediate:162",
      "identity_check_kind": "in_memory_structure_and_configuration",
      "recipe_verification_seconds": 0.0,
      "identity_verification_seconds": 0.0,
      "identity_check_seconds": 0.0022809149813838303,
      "state_hash_seconds": 0.013246539980173111,
      "clone_seconds": 0.0,
      "restore_seconds": 0.0,
      "file_write_seconds": 5.8383040595799685e-05,
      "operation_seconds": 0.0655642289784737,
      "total_phase_seconds": 0.08124523801961914,
      "scope": "file writes include journal intent/add/flush; excludes this timing receipt and checkpoint writes",
      "mode": "stage4_sealed_cell",
      "banner": "sealed Stage 4; scientific admission also requires complete declared populations"
    },
    {
      "phase": "edit:163",
      "identity_check_kind": "in_memory_structure_and_configuration",
      "recipe_verification_seconds": 0.0,
      "identity_verification_seconds": 0.0,
      "identity_check_seconds": 0.002154373039957136,
      "state_hash_seconds": 0.000303854001685977,
      "clone_seconds": 0.0,
      "restore_seconds": 0.0,
      "file_write_seconds": 5.98850310780108e-05,
      "operation_seconds": 0.13269520999165252,
      "total_phase_seconds": 0.13528434903128073,
      "scope": "file writes include journal intent/add/flush; excludes this timing receipt and checkpoint writes",
      "mode": "stage4_sealed_cell",
      "banner": "sealed Stage 4; scientific admission also requires complete declared populations"
    },
    {
      "phase": "immediate:163",
      "identity_check_kind": "in_memory_structure_and_configuration",
      "recipe_verification_seconds": 0.0,
      "identity_verification_seconds": 0.0,
      "identity_check_seconds": 0.002171425032429397,
      "state_hash_seconds": 0.013165794021915644,
      "clone_seconds": 0.0,
      "restore_seconds": 0.0,
      "file_write_seconds": 6.119802128523588e-05,
      "operation_seconds": 0.05235193599946797,
      "total_phase_seconds": 0.06784514494938776,
      "scope": "file writes include journal intent/add/flush; excludes this timing receipt and checkpoint writes",
      "mode": "stage4_sealed_cell",
      "banner": "sealed Stage 4; scientific admission also requires complete declared populations"
    },
    {
      "phase": "edit:164",
      "identity_check_kind": "in_memory_structure_and_configuration",
      "recipe_verification_seconds": 0.0,
      "identity_verification_seconds": 0.0,
      "identity_check_seconds": 0.0022397450520657003,
      "state_hash_seconds": 0.00038579199463129044,
      "clone_seconds": 0.0,
      "restore_seconds": 0.0,
      "file_write_seconds": 6.3602055888623e-05,
      "operation_seconds": 0.10547349200351164,
      "total_phase_seconds": 0.10824188397964463,
      "scope": "file writes include journal intent/add/flush; excludes this timing receipt and checkpoint writes",
      "mode": "stage4_sealed_cell",
      "banner": "sealed Stage 4; scientific admission also requires complete declared populations"
    },
    {
      "phase": "immediate:164",
      "identity_check_kind": "in_memory_structure_and_configuration",
      "recipe_verification_seconds": 0.0,
      "identity_verification_seconds": 0.0,
      "identity_check_seconds": 0.0022949829581193626,
      "state_hash_seconds": 0.013064839993603528,
      "clone_seconds": 0.0,
      "restore_seconds": 0.0,
      "file_write_seconds": 0.004956078017130494,
      "operation_seconds": 0.04325954400701448,
      "total_phase_seconds": 0.06367547699483112,
      "scope": "file writes include journal intent/add/flush; excludes this timing receipt and checkpoint writes",
      "mode": "stage4_sealed_cell",
      "banner": "sealed Stage 4; scientific admission also requires complete declared populations"
    },
    {
      "phase": "edit:165",
      "identity_check_kind": "in_memory_structure_and_configuration",
      "recipe_verification_seconds": 0.0,
      "identity_verification_seconds": 0.0,
      "identity_check_seconds": 0.0021631689742207527,
      "state_hash_seconds": 0.0003282520920038223,
      "clone_seconds": 0.0,
      "restore_seconds": 0.0,
      "file_write_seconds": 0.0011996160028502345,
      "operation_seconds": 0.13857453397940844,
      "total_phase_seconds": 0.1423431800212711,
      "scope": "file writes include journal intent/add/flush; excludes this timing receipt and checkpoint writes",
      "mode": "stage4_sealed_cell",
      "banner": "sealed Stage 4; scientific admission also requires complete declared populations"
    },
    {
      "phase": "immediate:165",
      "identity_check_kind": "in_memory_structure_and_configuration",
      "recipe_verification_seconds": 0.0,
      "identity_verification_seconds": 0.0,
      "identity_check_seconds": 0.002106590021867305,
      "state_hash_seconds": 0.013315490970853716,
      "clone_seconds": 0.0,
      "restore_seconds": 0.0,
      "file_write_seconds": 5.905405851081014e-05,
      "operation_seconds": 0.056261823046952486,
      "total_phase_seconds": 0.07184359198436141,
      "scope": "file writes include journal intent/add/flush; excludes this timing receipt and checkpoint writes",
      "mode": "stage4_sealed_cell",
      "banner": "sealed Stage 4; scientific admission also requires complete declared populations"
    },
    {
      "phase": "edit:166",
      "identity_check_kind": "in_memory_structure_and_configuration",
      "recipe_verification_seconds": 0.0,
      "identity_verification_seconds": 0.0,
      "identity_check_seconds": 0.0021735079935751855,
      "state_hash_seconds": 0.00033993396209552884,
      "clone_seconds": 0.0,
      "restore_seconds": 0.0,
      "file_write_seconds": 6.428401684388518e-05,
      "operation_seconds": 0.20825413597049192,
      "total_phase_seconds": 0.21090386103605852,
      "scope": "file writes include journal intent/add/flush; excludes this timing receipt and checkpoint writes",
      "mode": "stage4_sealed_cell",
      "banner": "sealed Stage 4; scientific admission also requires complete declared populations"
    },
    {
      "phase": "immediate:166",
      "identity_check_kind": "in_memory_structure_and_configuration",
      "recipe_verification_seconds": 0.0,
      "identity_verification_seconds": 0.0,
      "identity_check_seconds": 0.002179150003939867,
      "state_hash_seconds": 0.01307285507209599,
      "clone_seconds": 0.0,
      "restore_seconds": 0.0,
      "file_write_seconds": 6.041600136086345e-05,
      "operation_seconds": 0.06908522901358083,
      "total_phase_seconds": 0.0844903489924036,
      "scope": "file writes include journal intent/add/flush; excludes this timing receipt and checkpoint writes",
      "mode": "stage4_sealed_cell",
      "banner": "sealed Stage 4; scientific admission also requires complete declared populations"
    },
    {
      "phase": "edit:167",
      "identity_check_kind": "in_memory_structure_and_configuration",
      "recipe_verification_seconds": 0.0,
      "identity_verification_seconds": 0.0,
      "identity_check_seconds": 0.002510195947252214,
      "state_hash_seconds": 0.00031497597228735685,
      "clone_seconds": 0.0,
      "restore_seconds": 0.0,
      "file_write_seconds": 6.409297930076718e-05,
      "operation_seconds": 0.14286899100989103,
      "total_phase_seconds": 0.14583015500102192,
      "scope": "file writes include journal intent/add/flush; excludes this timing receipt and checkpoint writes",
      "mode": "stage4_sealed_cell",
      "banner": "sealed Stage 4; scientific admission also requires complete declared populations"
    },
    {
      "phase": "immediate:167",
      "identity_check_kind": "in_memory_structure_and_configuration",
      "recipe_verification_seconds": 0.0,
      "identity_verification_seconds": 0.0,
      "identity_check_seconds": 0.0022047290694899857,
      "state_hash_seconds": 0.013412577973213047,
      "clone_seconds": 0.0,
      "restore_seconds": 0.0,
      "file_write_seconds": 8.16870597191155e-05,
      "operation_seconds": 0.05381900700740516,
      "total_phase_seconds": 0.0696262179990299,
      "scope": "file writes include journal intent/add/flush; excludes this timing receipt and checkpoint writes",
      "mode": "stage4_sealed_cell",
      "banner": "sealed Stage 4; scientific admission also requires complete declared populations"
    },
    {
      "phase": "edit:168",
      "identity_check_kind": "in_memory_structure_and_configuration",
      "recipe_verification_seconds": 0.0,
      "identity_verification_seconds": 0.0,
      "identity_check_seconds": 0.0021587220253422856,
      "state_hash_seconds": 0.0003099970635958016,
      "clone_seconds": 0.0,
      "restore_seconds": 0.0,
      "file_write_seconds": 6.012595258653164e-05,
      "operation_seconds": 0.09819114999845624,
      "total_phase_seconds": 0.10078819299815223,
      "scope": "file writes include journal intent/add/flush; excludes this timing receipt and checkpoint writes",
      "mode": "stage4_sealed_cell",
      "banner": "sealed Stage 4; scientific admission also requires complete declared populations"
    },
    {
      "phase": "immediate:168",
      "identity_check_kind": "in_memory_structure_and_configuration",
      "recipe_verification_seconds": 0.0,
      "identity_verification_seconds": 0.0,
      "identity_check_seconds": 0.0019053740543313324,
      "state_hash_seconds": 0.0130721140303649,
      "clone_seconds": 0.0,
      "restore_seconds": 0.0,
      "file_write_seconds": 5.932303611189127e-05,
      "operation_seconds": 0.048731325019616634,
      "total_phase_seconds": 0.06387926999013871,
      "scope": "file writes include journal intent/add/flush; excludes this timing receipt and checkpoint writes",
      "mode": "stage4_sealed_cell",
      "banner": "sealed Stage 4; scientific admission also requires complete declared populations"
    },
    {
      "phase": "edit:169",
      "identity_check_kind": "in_memory_structure_and_configuration",
      "recipe_verification_seconds": 0.0,
      "identity_verification_seconds": 0.0,
      "identity_check_seconds": 0.002194519038312137,
      "state_hash_seconds": 0.0003209259593859315,
      "clone_seconds": 0.0,
      "restore_seconds": 0.0,
      "file_write_seconds": 5.916401278227568e-05,
      "operation_seconds": 0.21100461500464007,
      "total_phase_seconds": 0.21364667400484905,
      "scope": "file writes include journal intent/add/flush; excludes this timing receipt and checkpoint writes",
      "mode": "stage4_sealed_cell",
      "banner": "sealed Stage 4; scientific admission also requires complete declared populations"
    },
    {
      "phase": "immediate:169",
      "identity_check_kind": "in_memory_structure_and_configuration",
      "recipe_verification_seconds": 0.0,
      "identity_verification_seconds": 0.0,
      "identity_check_seconds": 0.0019626529538072646,
      "state_hash_seconds": 0.013143660966306925,
      "clone_seconds": 0.0,
      "restore_seconds": 0.0,
      "file_write_seconds": 5.811202572658658e-05,
      "operation_seconds": 0.07220600999426097,
      "total_phase_seconds": 0.08747211104491726,
      "scope": "file writes include journal intent/add/flush; excludes this timing receipt and checkpoint writes",
      "mode": "stage4_sealed_cell",
      "banner": "sealed Stage 4; scientific admission also requires complete declared populations"
    },
    {
      "phase": "edit:170",
      "identity_check_kind": "in_memory_structure_and_configuration",
      "recipe_verification_seconds": 0.0,
      "identity_verification_seconds": 0.0,
      "identity_check_seconds": 0.0020685569616034627,
      "state_hash_seconds": 0.00031187996501103044,
      "clone_seconds": 0.0,
      "restore_seconds": 0.0,
      "file_write_seconds": 5.9123034588992596e-05,
      "operation_seconds": 0.10164243500912562,
      "total_phase_seconds": 0.10414721100823954,
      "scope": "file writes include journal intent/add/flush; excludes this timing receipt and checkpoint writes",
      "mode": "stage4_sealed_cell",
      "banner": "sealed Stage 4; scientific admission also requires complete declared populations"
    },
    {
      "phase": "immediate:170",
      "identity_check_kind": "in_memory_structure_and_configuration",
      "recipe_verification_seconds": 0.0,
      "identity_verification_seconds": 0.0,
      "identity_check_seconds": 0.002341391984373331,
      "state_hash_seconds": 0.014214169990736991,
      "clone_seconds": 0.0,
      "restore_seconds": 0.0,
      "file_write_seconds": 9.983201744034886e-05,
      "operation_seconds": 0.04889496002579108,
      "total_phase_seconds": 0.06568611296825111,
      "scope": "file writes include journal intent/add/flush; excludes this timing receipt and checkpoint writes",
      "mode": "stage4_sealed_cell",
      "banner": "sealed Stage 4; scientific admission also requires complete declared populations"
    },
    {
      "phase": "edit:171",
      "identity_check_kind": "in_memory_structure_and_configuration",
      "recipe_verification_seconds": 0.0,
      "identity_verification_seconds": 0.0,
      "identity_check_seconds": 0.002370607922784984,
      "state_hash_seconds": 0.00037844799226149917,
      "clone_seconds": 0.0,
      "restore_seconds": 0.0,
      "file_write_seconds": 6.928294897079468e-05,
      "operation_seconds": 0.40342330402927473,
      "total_phase_seconds": 0.40632208698662,
      "scope": "file writes include journal intent/add/flush; excludes this timing receipt and checkpoint writes",
      "mode": "stage4_sealed_cell",
      "banner": "sealed Stage 4; scientific admission also requires complete declared populations"
    },
    {
      "phase": "immediate:171",
      "identity_check_kind": "in_memory_structure_and_configuration",
      "recipe_verification_seconds": 0.0,
      "identity_verification_seconds": 0.0,
      "identity_check_seconds": 0.0023263940238393843,
      "state_hash_seconds": 0.013969669991638511,
      "clone_seconds": 0.0,
      "restore_seconds": 0.0,
      "file_write_seconds": 5.806103581562638e-05,
      "operation_seconds": 0.09709226700942963,
      "total_phase_seconds": 0.11354551097610965,
      "scope": "file writes include journal intent/add/flush; excludes this timing receipt and checkpoint writes",
      "mode": "stage4_sealed_cell",
      "banner": "sealed Stage 4; scientific admission also requires complete declared populations"
    },
    {
      "phase": "edit:172",
      "identity_check_kind": "in_memory_structure_and_configuration",
      "recipe_verification_seconds": 0.0,
      "identity_verification_seconds": 0.0,
      "identity_check_seconds": 0.0021099059958942235,
      "state_hash_seconds": 0.00033573596738278866,
      "clone_seconds": 0.0,
      "restore_seconds": 0.0,
      "file_write_seconds": 5.812197923660278e-05,
      "operation_seconds": 0.09654599701752886,
      "total_phase_seconds": 0.09912878304021433,
      "scope": "file writes include journal intent/add/flush; excludes this timing receipt and checkpoint writes",
      "mode": "stage4_sealed_cell",
      "banner": "sealed Stage 4; scientific admission also requires complete declared populations"
    },
    {
      "phase": "immediate:172",
      "identity_check_kind": "in_memory_structure_and_configuration",
      "recipe_verification_seconds": 0.0,
      "identity_verification_seconds": 0.0,
      "identity_check_seconds": 0.0019258829997852445,
      "state_hash_seconds": 0.013291775016114116,
      "clone_seconds": 0.0,
      "restore_seconds": 0.0,
      "file_write_seconds": 6.803096039220691e-05,
      "operation_seconds": 0.05366694403346628,
      "total_phase_seconds": 0.06904162495629862,
      "scope": "file writes include journal intent/add/flush; excludes this timing receipt and checkpoint writes",
      "mode": "stage4_sealed_cell",
      "banner": "sealed Stage 4; scientific admission also requires complete declared populations"
    },
    {
      "phase": "edit:173",
      "identity_check_kind": "in_memory_structure_and_configuration",
      "recipe_verification_seconds": 0.0,
      "identity_verification_seconds": 0.0,
      "identity_check_seconds": 0.0023457700153812766,
      "state_hash_seconds": 0.0003121200716122985,
      "clone_seconds": 0.0,
      "restore_seconds": 0.0,
      "file_write_seconds": 5.9124024119228125e-05,
      "operation_seconds": 0.0914446979877539,
      "total_phase_seconds": 0.09423274896107614,
      "scope": "file writes include journal intent/add/flush; excludes this timing receipt and checkpoint writes",
      "mode": "stage4_sealed_cell",
      "banner": "sealed Stage 4; scientific admission also requires complete declared populations"
    },
    {
      "phase": "immediate:173",
      "identity_check_kind": "in_memory_structure_and_configuration",
      "recipe_verification_seconds": 0.0,
      "identity_verification_seconds": 0.0,
      "identity_check_seconds": 0.0019455699948593974,
      "state_hash_seconds": 0.013532448967453092,
      "clone_seconds": 0.0,
      "restore_seconds": 0.0,
      "file_write_seconds": 7.050496060401201e-05,
      "operation_seconds": 0.049953474022913724,
      "total_phase_seconds": 0.06558045995188877,
      "scope": "file writes include journal intent/add/flush; excludes this timing receipt and checkpoint writes",
      "mode": "stage4_sealed_cell",
      "banner": "sealed Stage 4; scientific admission also requires complete declared populations"
    },
    {
      "phase": "edit:174",
      "identity_check_kind": "in_memory_structure_and_configuration",
      "recipe_verification_seconds": 0.0,
      "identity_verification_seconds": 0.0,
      "identity_check_seconds": 0.0021443029982037842,
      "state_hash_seconds": 0.0003554539871402085,
      "clone_seconds": 0.0,
      "restore_seconds": 0.0,
      "file_write_seconds": 6.0105929151177406e-05,
      "operation_seconds": 0.2596757230348885,
      "total_phase_seconds": 0.2622987659997307,
      "scope": "file writes include journal intent/add/flush; excludes this timing receipt and checkpoint writes",
      "mode": "stage4_sealed_cell",
      "banner": "sealed Stage 4; scientific admission also requires complete declared populations"
    },
    {
      "phase": "immediate:174",
      "identity_check_kind": "in_memory_structure_and_configuration",
      "recipe_verification_seconds": 0.0,
      "identity_verification_seconds": 0.0,
      "identity_check_seconds": 0.0021175099536776543,
      "state_hash_seconds": 0.013585088949184865,
      "clone_seconds": 0.0,
      "restore_seconds": 0.0,
      "file_write_seconds": 7.042597280815244e-05,
      "operation_seconds": 0.06458604900399223,
      "total_phase_seconds": 0.0804481660015881,
      "scope": "file writes include journal intent/add/flush; excludes this timing receipt and checkpoint writes",
      "mode": "stage4_sealed_cell",
      "banner": "sealed Stage 4; scientific admission also requires complete declared populations"
    },
    {
      "phase": "edit:175",
      "identity_check_kind": "in_memory_structure_and_configuration",
      "recipe_verification_seconds": 0.0,
      "identity_verification_seconds": 0.0,
      "identity_check_seconds": 0.003074651991482824,
      "state_hash_seconds": 0.00042134796967729926,
      "clone_seconds": 0.0,
      "restore_seconds": 0.0,
      "file_write_seconds": 0.00010970997391268611,
      "operation_seconds": 0.13146217999747023,
      "total_phase_seconds": 0.13514064298942685,
      "scope": "file writes include journal intent/add/flush; excludes this timing receipt and checkpoint writes",
      "mode": "stage4_sealed_cell",
      "banner": "sealed Stage 4; scientific admission also requires complete declared populations"
    },
    {
      "phase": "immediate:175",
      "identity_check_kind": "in_memory_structure_and_configuration",
      "recipe_verification_seconds": 0.0,
      "identity_verification_seconds": 0.0,
      "identity_check_seconds": 0.002214487991295755,
      "state_hash_seconds": 0.0135903189657256,
      "clone_seconds": 0.0,
      "restore_seconds": 0.0,
      "file_write_seconds": 6.0286023654043674e-05,
      "operation_seconds": 0.05047297402052209,
      "total_phase_seconds": 0.06643892003921792,
      "scope": "file writes include journal intent/add/flush; excludes this timing receipt and checkpoint writes",
      "mode": "stage4_sealed_cell",
      "banner": "sealed Stage 4; scientific admission also requires complete declared populations"
    },
    {
      "phase": "edit:176",
      "identity_check_kind": "in_memory_structure_and_configuration",
      "recipe_verification_seconds": 0.0,
      "identity_verification_seconds": 0.0,
      "identity_check_seconds": 0.002281546941958368,
      "state_hash_seconds": 0.0004077230114489794,
      "clone_seconds": 0.0,
      "restore_seconds": 0.0,
      "file_write_seconds": 6.208900595083833e-05,
      "operation_seconds": 0.1752368140150793,
      "total_phase_seconds": 0.17806935997214168,
      "scope": "file writes include journal intent/add/flush; excludes this timing receipt and checkpoint writes",
      "mode": "stage4_sealed_cell",
      "banner": "sealed Stage 4; scientific admission also requires complete declared populations"
    },
    {
      "phase": "immediate:176",
      "identity_check_kind": "in_memory_structure_and_configuration",
      "recipe_verification_seconds": 0.0,
      "identity_verification_seconds": 0.0,
      "identity_check_seconds": 0.002319269988220185,
      "state_hash_seconds": 0.014513624017126858,
      "clone_seconds": 0.0,
      "restore_seconds": 0.0,
      "file_write_seconds": 5.841196980327368e-05,
      "operation_seconds": 0.060612759029027075,
      "total_phase_seconds": 0.07760054100072011,
      "scope": "file writes include journal intent/add/flush; excludes this timing receipt and checkpoint writes",
      "mode": "stage4_sealed_cell",
      "banner": "sealed Stage 4; scientific admission also requires complete declared populations"
    },
    {
      "phase": "edit:177",
      "identity_check_kind": "in_memory_structure_and_configuration",
      "recipe_verification_seconds": 0.0,
      "identity_verification_seconds": 0.0,
      "identity_check_seconds": 0.002227592980489135,
      "state_hash_seconds": 0.00038896698970347643,
      "clone_seconds": 0.0,
      "restore_seconds": 0.0,
      "file_write_seconds": 7.390097016468644e-05,
      "operation_seconds": 0.18894000101136044,
      "total_phase_seconds": 0.1917067400063388,
      "scope": "file writes include journal intent/add/flush; excludes this timing receipt and checkpoint writes",
      "mode": "stage4_sealed_cell",
      "banner": "sealed Stage 4; scientific admission also requires complete declared populations"
    },
    {
      "phase": "immediate:177",
      "identity_check_kind": "in_memory_structure_and_configuration",
      "recipe_verification_seconds": 0.0,
      "identity_verification_seconds": 0.0,
      "identity_check_seconds": 0.002284371992573142,
      "state_hash_seconds": 0.014772552996873856,
      "clone_seconds": 0.0,
      "restore_seconds": 0.0,
      "file_write_seconds": 5.7241006288677454e-05,
      "operation_seconds": 0.06757919397205114,
      "total_phase_seconds": 0.0847925380221568,
      "scope": "file writes include journal intent/add/flush; excludes this timing receipt and checkpoint writes",
      "mode": "stage4_sealed_cell",
      "banner": "sealed Stage 4; scientific admission also requires complete declared populations"
    },
    {
      "phase": "edit:178",
      "identity_check_kind": "in_memory_structure_and_configuration",
      "recipe_verification_seconds": 0.0,
      "identity_verification_seconds": 0.0,
      "identity_check_seconds": 0.002265685994643718,
      "state_hash_seconds": 0.0005005720304325223,
      "clone_seconds": 0.0,
      "restore_seconds": 0.0,
      "file_write_seconds": 8.791900472715497e-05,
      "operation_seconds": 0.09011539298808202,
      "total_phase_seconds": 0.093059353006538,
      "scope": "file writes include journal intent/add/flush; excludes this timing receipt and checkpoint writes",
      "mode": "stage4_sealed_cell",
      "banner": "sealed Stage 4; scientific admission also requires complete declared populations"
    },
    {
      "phase": "immediate:178",
      "identity_check_kind": "in_memory_structure_and_configuration",
      "recipe_verification_seconds": 0.0,
      "identity_verification_seconds": 0.0,
      "identity_check_seconds": 0.0019986029947176576,
      "state_hash_seconds": 0.014657120977062732,
      "clone_seconds": 0.0,
      "restore_seconds": 0.0,
      "file_write_seconds": 6.074795965105295e-05,
      "operation_seconds": 0.051326505024917424,
      "total_phase_seconds": 0.06813693494768813,
      "scope": "file writes include journal intent/add/flush; excludes this timing receipt and checkpoint writes",
      "mode": "stage4_sealed_cell",
      "banner": "sealed Stage 4; scientific admission also requires complete declared populations"
    },
    {
      "phase": "edit:179",
      "identity_check_kind": "in_memory_structure_and_configuration",
      "recipe_verification_seconds": 0.0,
      "identity_verification_seconds": 0.0,
      "identity_check_seconds": 0.002226972079370171,
      "state_hash_seconds": 0.0003424790338613093,
      "clone_seconds": 0.0,
      "restore_seconds": 0.0,
      "file_write_seconds": 6.038503488525748e-05,
      "operation_seconds": 0.09738419798668474,
      "total_phase_seconds": 0.10009093297412619,
      "scope": "file writes include journal intent/add/flush; excludes this timing receipt and checkpoint writes",
      "mode": "stage4_sealed_cell",
      "banner": "sealed Stage 4; scientific admission also requires complete declared populations"
    },
    {
      "phase": "immediate:179",
      "identity_check_kind": "in_memory_structure_and_configuration",
      "recipe_verification_seconds": 0.0,
      "identity_verification_seconds": 0.0,
      "identity_check_seconds": 0.001973312988411635,
      "state_hash_seconds": 0.01397291396278888,
      "clone_seconds": 0.0,
      "restore_seconds": 0.0,
      "file_write_seconds": 5.936401430517435e-05,
      "operation_seconds": 0.050913671031594276,
      "total_phase_seconds": 0.06701206200523302,
      "scope": "file writes include journal intent/add/flush; excludes this timing receipt and checkpoint writes",
      "mode": "stage4_sealed_cell",
      "banner": "sealed Stage 4; scientific admission also requires complete declared populations"
    },
    {
      "phase": "edit:180",
      "identity_check_kind": "in_memory_structure_and_configuration",
      "recipe_verification_seconds": 0.0,
      "identity_verification_seconds": 0.0,
      "identity_check_seconds": 0.002168539969716221,
      "state_hash_seconds": 0.00035944004775956273,
      "clone_seconds": 0.0,
      "restore_seconds": 0.0,
      "file_write_seconds": 6.078701699152589e-05,
      "operation_seconds": 0.12892009201459587,
      "total_phase_seconds": 0.13158179901074618,
      "scope": "file writes include journal intent/add/flush; excludes this timing receipt and checkpoint writes",
      "mode": "stage4_sealed_cell",
      "banner": "sealed Stage 4; scientific admission also requires complete declared populations"
    },
    {
      "phase": "immediate:180",
      "identity_check_kind": "in_memory_structure_and_configuration",
      "recipe_verification_seconds": 0.0,
      "identity_verification_seconds": 0.0,
      "identity_check_seconds": 0.0021905109751969576,
      "state_hash_seconds": 0.014337467146106064,
      "clone_seconds": 0.0,
      "restore_seconds": 0.0,
      "file_write_seconds": 0.005123971961438656,
      "operation_seconds": 0.05321848200401291,
      "total_phase_seconds": 0.07498630398185924,
      "scope": "file writes include journal intent/add/flush; excludes this timing receipt and checkpoint writes",
      "mode": "stage4_sealed_cell",
      "banner": "sealed Stage 4; scientific admission also requires complete declared populations"
    },
    {
      "phase": "edit:181",
      "identity_check_kind": "in_memory_structure_and_configuration",
      "recipe_verification_seconds": 0.0,
      "identity_verification_seconds": 0.0,
      "identity_check_seconds": 0.002066492976155132,
      "state_hash_seconds": 0.0003449029754847288,
      "clone_seconds": 0.0,
      "restore_seconds": 0.0,
      "file_write_seconds": 0.0011873019975610077,
      "operation_seconds": 0.1383761930046603,
      "total_phase_seconds": 0.14204469695687294,
      "scope": "file writes include journal intent/add/flush; excludes this timing receipt and checkpoint writes",
      "mode": "stage4_sealed_cell",
      "banner": "sealed Stage 4; scientific admission also requires complete declared populations"
    },
    {
      "phase": "immediate:181",
      "identity_check_kind": "in_memory_structure_and_configuration",
      "recipe_verification_seconds": 0.0,
      "identity_verification_seconds": 0.0,
      "identity_check_seconds": 0.002122148987837136,
      "state_hash_seconds": 0.014372342033311725,
      "clone_seconds": 0.0,
      "restore_seconds": 0.0,
      "file_write_seconds": 5.997403059154749e-05,
      "operation_seconds": 0.053593672986608,
      "total_phase_seconds": 0.07024265400832519,
      "scope": "file writes include journal intent/add/flush; excludes this timing receipt and checkpoint writes",
      "mode": "stage4_sealed_cell",
      "banner": "sealed Stage 4; scientific admission also requires complete declared populations"
    },
    {
      "phase": "edit:182",
      "identity_check_kind": "in_memory_structure_and_configuration",
      "recipe_verification_seconds": 0.0,
      "identity_verification_seconds": 0.0,
      "identity_check_seconds": 0.0023649890208616853,
      "state_hash_seconds": 0.0003874830435961485,
      "clone_seconds": 0.0,
      "restore_seconds": 0.0,
      "file_write_seconds": 7.113697938621044e-05,
      "operation_seconds": 0.13545935502042994,
      "total_phase_seconds": 0.13836117403116077,
      "scope": "file writes include journal intent/add/flush; excludes this timing receipt and checkpoint writes",
      "mode": "stage4_sealed_cell",
      "banner": "sealed Stage 4; scientific admission also requires complete declared populations"
    },
    {
      "phase": "immediate:182",
      "identity_check_kind": "in_memory_structure_and_configuration",
      "recipe_verification_seconds": 0.0,
      "identity_verification_seconds": 0.0,
      "identity_check_seconds": 0.0021932770032435656,
      "state_hash_seconds": 0.014308690908364952,
      "clone_seconds": 0.0,
      "restore_seconds": 0.0,
      "file_write_seconds": 6.96629867888987e-05,
      "operation_seconds": 0.056432610959745944,
      "total_phase_seconds": 0.07311052799923345,
      "scope": "file writes include journal intent/add/flush; excludes this timing receipt and checkpoint writes",
      "mode": "stage4_sealed_cell",
      "banner": "sealed Stage 4; scientific admission also requires complete declared populations"
    },
    {
      "phase": "edit:183",
      "identity_check_kind": "in_memory_structure_and_configuration",
      "recipe_verification_seconds": 0.0,
      "identity_verification_seconds": 0.0,
      "identity_check_seconds": 0.002187976031564176,
      "state_hash_seconds": 0.00033615599386394024,
      "clone_seconds": 0.0,
      "restore_seconds": 0.0,
      "file_write_seconds": 6.0335907619446516e-05,
      "operation_seconds": 0.14077738003106788,
      "total_phase_seconds": 0.14342599199153483,
      "scope": "file writes include journal intent/add/flush; excludes this timing receipt and checkpoint writes",
      "mode": "stage4_sealed_cell",
      "banner": "sealed Stage 4; scientific admission also requires complete declared populations"
    },
    {
      "phase": "immediate:183",
      "identity_check_kind": "in_memory_structure_and_configuration",
      "recipe_verification_seconds": 0.0,
      "identity_verification_seconds": 0.0,
      "identity_check_seconds": 0.002109635970555246,
      "state_hash_seconds": 0.014329821045976132,
      "clone_seconds": 0.0,
      "restore_seconds": 0.0,
      "file_write_seconds": 5.992501974105835e-05,
      "operation_seconds": 0.05676600302103907,
      "total_phase_seconds": 0.07335896597942337,
      "scope": "file writes include journal intent/add/flush; excludes this timing receipt and checkpoint writes",
      "mode": "stage4_sealed_cell",
      "banner": "sealed Stage 4; scientific admission also requires complete declared populations"
    },
    {
      "phase": "edit:184",
      "identity_check_kind": "in_memory_structure_and_configuration",
      "recipe_verification_seconds": 0.0,
      "identity_verification_seconds": 0.0,
      "identity_check_seconds": 0.002963887993246317,
      "state_hash_seconds": 0.00045826099812984467,
      "clone_seconds": 0.0,
      "restore_seconds": 0.0,
      "file_write_seconds": 5.921395495533943e-05,
      "operation_seconds": 0.23946617601905018,
      "total_phase_seconds": 0.24302215402713045,
      "scope": "file writes include journal intent/add/flush; excludes this timing receipt and checkpoint writes",
      "mode": "stage4_sealed_cell",
      "banner": "sealed Stage 4; scientific admission also requires complete declared populations"
    },
    {
      "phase": "immediate:184",
      "identity_check_kind": "in_memory_structure_and_configuration",
      "recipe_verification_seconds": 0.0,
      "identity_verification_seconds": 0.0,
      "identity_check_seconds": 0.002080098958685994,
      "state_hash_seconds": 0.014427858870476484,
      "clone_seconds": 0.0,
      "restore_seconds": 0.0,
      "file_write_seconds": 6.190902786329389e-05,
      "operation_seconds": 0.06549854204058647,
      "total_phase_seconds": 0.08217004698235542,
      "scope": "file writes include journal intent/add/flush; excludes this timing receipt and checkpoint writes",
      "mode": "stage4_sealed_cell",
      "banner": "sealed Stage 4; scientific admission also requires complete declared populations"
    },
    {
      "phase": "edit:185",
      "identity_check_kind": "in_memory_structure_and_configuration",
      "recipe_verification_seconds": 0.0,
      "identity_verification_seconds": 0.0,
      "identity_check_seconds": 0.0021950899390503764,
      "state_hash_seconds": 0.0003756629885174334,
      "clone_seconds": 0.0,
      "restore_seconds": 0.0,
      "file_write_seconds": 6.294099148362875e-05,
      "operation_seconds": 0.09448967297794297,
      "total_phase_seconds": 0.09720162698067725,
      "scope": "file writes include journal intent/add/flush; excludes this timing receipt and checkpoint writes",
      "mode": "stage4_sealed_cell",
      "banner": "sealed Stage 4; scientific admission also requires complete declared populations"
    },
    {
      "phase": "immediate:185",
      "identity_check_kind": "in_memory_structure_and_configuration",
      "recipe_verification_seconds": 0.0,
      "identity_verification_seconds": 0.0,
      "identity_check_seconds": 0.0020430779550224543,
      "state_hash_seconds": 0.01458710600854829,
      "clone_seconds": 0.0,
      "restore_seconds": 0.0,
      "file_write_seconds": 6.565597141161561e-05,
      "operation_seconds": 0.05319649900775403,
      "total_phase_seconds": 0.06998425803612918,
      "scope": "file writes include journal intent/add/flush; excludes this timing receipt and checkpoint writes",
      "mode": "stage4_sealed_cell",
      "banner": "sealed Stage 4; scientific admission also requires complete declared populations"
    },
    {
      "phase": "edit:186",
      "identity_check_kind": "in_memory_structure_and_configuration",
      "recipe_verification_seconds": 0.0,
      "identity_verification_seconds": 0.0,
      "identity_check_seconds": 0.0021655629971064627,
      "state_hash_seconds": 0.00033919198904186487,
      "clone_seconds": 0.0,
      "restore_seconds": 0.0,
      "file_write_seconds": 6.024597678333521e-05,
      "operation_seconds": 0.13851530099054798,
      "total_phase_seconds": 0.14114575798157603,
      "scope": "file writes include journal intent/add/flush; excludes this timing receipt and checkpoint writes",
      "mode": "stage4_sealed_cell",
      "banner": "sealed Stage 4; scientific admission also requires complete declared populations"
    },
    {
      "phase": "immediate:186",
      "identity_check_kind": "in_memory_structure_and_configuration",
      "recipe_verification_seconds": 0.0,
      "identity_verification_seconds": 0.0,
      "identity_check_seconds": 0.002214637992437929,
      "state_hash_seconds": 0.014902933966368437,
      "clone_seconds": 0.0,
      "restore_seconds": 0.0,
      "file_write_seconds": 6.737903458997607e-05,
      "operation_seconds": 0.05634148704120889,
      "total_phase_seconds": 0.0736233139759861,
      "scope": "file writes include journal intent/add/flush; excludes this timing receipt and checkpoint writes",
      "mode": "stage4_sealed_cell",
      "banner": "sealed Stage 4; scientific admission also requires complete declared populations"
    },
    {
      "phase": "edit:187",
      "identity_check_kind": "in_memory_structure_and_configuration",
      "recipe_verification_seconds": 0.0,
      "identity_verification_seconds": 0.0,
      "identity_check_seconds": 0.0021920150029473007,
      "state_hash_seconds": 0.0003589899279177189,
      "clone_seconds": 0.0,
      "restore_seconds": 0.0,
      "file_write_seconds": 6.255105836316943e-05,
      "operation_seconds": 0.18582801800221205,
      "total_phase_seconds": 0.18851138703757897,
      "scope": "file writes include journal intent/add/flush; excludes this timing receipt and checkpoint writes",
      "mode": "stage4_sealed_cell",
      "banner": "sealed Stage 4; scientific admission also requires complete declared populations"
    },
    {
      "phase": "immediate:187",
      "identity_check_kind": "in_memory_structure_and_configuration",
      "recipe_verification_seconds": 0.0,
      "identity_verification_seconds": 0.0,
      "identity_check_seconds": 0.002243803988676518,
      "state_hash_seconds": 0.014475941949058324,
      "clone_seconds": 0.0,
      "restore_seconds": 0.0,
      "file_write_seconds": 5.8503064792603254e-05,
      "operation_seconds": 0.06821365299401805,
      "total_phase_seconds": 0.0850824469816871,
      "scope": "file writes include journal intent/add/flush; excludes this timing receipt and checkpoint writes",
      "mode": "stage4_sealed_cell",
      "banner": "sealed Stage 4; scientific admission also requires complete declared populations"
    },
    {
      "phase": "edit:188",
      "identity_check_kind": "in_memory_structure_and_configuration",
      "recipe_verification_seconds": 0.0,
      "identity_verification_seconds": 0.0,
      "identity_check_seconds": 0.0022331729996949434,
      "state_hash_seconds": 0.0003997579915449023,
      "clone_seconds": 0.0,
      "restore_seconds": 0.0,
      "file_write_seconds": 6.077700527384877e-05,
      "operation_seconds": 0.11456308903871104,
      "total_phase_seconds": 0.1173297879868187,
      "scope": "file writes include journal intent/add/flush; excludes this timing receipt and checkpoint writes",
      "mode": "stage4_sealed_cell",
      "banner": "sealed Stage 4; scientific admission also requires complete declared populations"
    },
    {
      "phase": "immediate:188",
      "identity_check_kind": "in_memory_structure_and_configuration",
      "recipe_verification_seconds": 0.0,
      "identity_verification_seconds": 0.0,
      "identity_check_seconds": 0.002215278975199908,
      "state_hash_seconds": 0.014983707922510803,
      "clone_seconds": 0.0,
      "restore_seconds": 0.0,
      "file_write_seconds": 6.059696897864342e-05,
      "operation_seconds": 0.05680018896237016,
      "total_phase_seconds": 0.07416302204364911,
      "scope": "file writes include journal intent/add/flush; excludes this timing receipt and checkpoint writes",
      "mode": "stage4_sealed_cell",
      "banner": "sealed Stage 4; scientific admission also requires complete declared populations"
    },
    {
      "phase": "edit:189",
      "identity_check_kind": "in_memory_structure_and_configuration",
      "recipe_verification_seconds": 0.0,
      "identity_verification_seconds": 0.0,
      "identity_check_seconds": 0.002336733043193817,
      "state_hash_seconds": 0.0003786170273087919,
      "clone_seconds": 0.0,
      "restore_seconds": 0.0,
      "file_write_seconds": 7.795001147314906e-05,
      "operation_seconds": 0.13395408098585904,
      "total_phase_seconds": 0.13683435798157007,
      "scope": "file writes include journal intent/add/flush; excludes this timing receipt and checkpoint writes",
      "mode": "stage4_sealed_cell",
      "banner": "sealed Stage 4; scientific admission also requires complete declared populations"
    },
    {
      "phase": "immediate:189",
      "identity_check_kind": "in_memory_structure_and_configuration",
      "recipe_verification_seconds": 0.0,
      "identity_verification_seconds": 0.0,
      "identity_check_seconds": 0.002094917988870293,
      "state_hash_seconds": 0.014621731999795884,
      "clone_seconds": 0.0,
      "restore_seconds": 0.0,
      "file_write_seconds": 5.8482924941927195e-05,
      "operation_seconds": 0.0593160759890452,
      "total_phase_seconds": 0.07618435798212886,
      "scope": "file writes include journal intent/add/flush; excludes this timing receipt and checkpoint writes",
      "mode": "stage4_sealed_cell",
      "banner": "sealed Stage 4; scientific admission also requires complete declared populations"
    },
    {
      "phase": "edit:190",
      "identity_check_kind": "in_memory_structure_and_configuration",
      "recipe_verification_seconds": 0.0,
      "identity_verification_seconds": 0.0,
      "identity_check_seconds": 0.0021799919777549803,
      "state_hash_seconds": 0.00039888801984488964,
      "clone_seconds": 0.0,
      "restore_seconds": 0.0,
      "file_write_seconds": 5.9403013437986374e-05,
      "operation_seconds": 0.1796744960010983,
      "total_phase_seconds": 0.18238919600844383,
      "scope": "file writes include journal intent/add/flush; excludes this timing receipt and checkpoint writes",
      "mode": "stage4_sealed_cell",
      "banner": "sealed Stage 4; scientific admission also requires complete declared populations"
    },
    {
      "phase": "immediate:190",
      "identity_check_kind": "in_memory_structure_and_configuration",
      "recipe_verification_seconds": 0.0,
      "identity_verification_seconds": 0.0,
      "identity_check_seconds": 0.0023693559924140573,
      "state_hash_seconds": 0.015268196002580225,
      "clone_seconds": 0.0,
      "restore_seconds": 0.0,
      "file_write_seconds": 6.316200597211719e-05,
      "operation_seconds": 0.08553814300103113,
      "total_phase_seconds": 0.1033448789967224,
      "scope": "file writes include journal intent/add/flush; excludes this timing receipt and checkpoint writes",
      "mode": "stage4_sealed_cell",
      "banner": "sealed Stage 4; scientific admission also requires complete declared populations"
    },
    {
      "phase": "edit:191",
      "identity_check_kind": "in_memory_structure_and_configuration",
      "recipe_verification_seconds": 0.0,
      "identity_verification_seconds": 0.0,
      "identity_check_seconds": 0.00227521505439654,
      "state_hash_seconds": 0.000390811066608876,
      "clone_seconds": 0.0,
      "restore_seconds": 0.0,
      "file_write_seconds": 5.987501936033368e-05,
      "operation_seconds": 0.16763709200313315,
      "total_phase_seconds": 0.1704395700362511,
      "scope": "file writes include journal intent/add/flush; excludes this timing receipt and checkpoint writes",
      "mode": "stage4_sealed_cell",
      "banner": "sealed Stage 4; scientific admission also requires complete declared populations"
    },
    {
      "phase": "immediate:191",
      "identity_check_kind": "in_memory_structure_and_configuration",
      "recipe_verification_seconds": 0.0,
      "identity_verification_seconds": 0.0,
      "identity_check_seconds": 0.0022189359879121184,
      "state_hash_seconds": 0.015256823971867561,
      "clone_seconds": 0.0,
      "restore_seconds": 0.0,
      "file_write_seconds": 5.885300925001502e-05,
      "operation_seconds": 0.08889015798922628,
      "total_phase_seconds": 0.10651953297201544,
      "scope": "file writes include journal intent/add/flush; excludes this timing receipt and checkpoint writes",
      "mode": "stage4_sealed_cell",
      "banner": "sealed Stage 4; scientific admission also requires complete declared populations"
    },
    {
      "phase": "edit:192",
      "identity_check_kind": "in_memory_structure_and_configuration",
      "recipe_verification_seconds": 0.0,
      "identity_verification_seconds": 0.0,
      "identity_check_seconds": 0.0020246229832991958,
      "state_hash_seconds": 0.0003222610685043037,
      "clone_seconds": 0.0,
      "restore_seconds": 0.0,
      "file_write_seconds": 6.041600136086345e-05,
      "operation_seconds": 0.09043931501219049,
      "total_phase_seconds": 0.09290857298765332,
      "scope": "file writes include journal intent/add/flush; excludes this timing receipt and checkpoint writes",
      "mode": "stage4_sealed_cell",
      "banner": "sealed Stage 4; scientific admission also requires complete declared populations"
    },
    {
      "phase": "immediate:192",
      "identity_check_kind": "in_memory_structure_and_configuration",
      "recipe_verification_seconds": 0.0,
      "identity_verification_seconds": 0.0,
      "identity_check_seconds": 0.0019241389236412942,
      "state_hash_seconds": 0.015258868923410773,
      "clone_seconds": 0.0,
      "restore_seconds": 0.0,
      "file_write_seconds": 6.106699584051967e-05,
      "operation_seconds": 0.05525776301510632,
      "total_phase_seconds": 0.07260402402607724,
      "scope": "file writes include journal intent/add/flush; excludes this timing receipt and checkpoint writes",
      "mode": "stage4_sealed_cell",
      "banner": "sealed Stage 4; scientific admission also requires complete declared populations"
    },
    {
      "phase": "edit:193",
      "identity_check_kind": "in_memory_structure_and_configuration",
      "recipe_verification_seconds": 0.0,
      "identity_verification_seconds": 0.0,
      "identity_check_seconds": 0.002145035017747432,
      "state_hash_seconds": 0.00035741698229685426,
      "clone_seconds": 0.0,
      "restore_seconds": 0.0,
      "file_write_seconds": 5.866301944479346e-05,
      "operation_seconds": 0.17153698997572064,
      "total_phase_seconds": 0.17416741797933355,
      "scope": "file writes include journal intent/add/flush; excludes this timing receipt and checkpoint writes",
      "mode": "stage4_sealed_cell",
      "banner": "sealed Stage 4; scientific admission also requires complete declared populations"
    },
    {
      "phase": "immediate:193",
      "identity_check_kind": "in_memory_structure_and_configuration",
      "recipe_verification_seconds": 0.0,
      "identity_verification_seconds": 0.0,
      "identity_check_seconds": 0.0021700310171581805,
      "state_hash_seconds": 0.014893855957780033,
      "clone_seconds": 0.0,
      "restore_seconds": 0.0,
      "file_write_seconds": 5.90629642829299e-05,
      "operation_seconds": 0.06698220502585173,
      "total_phase_seconds": 0.08419521996984258,
      "scope": "file writes include journal intent/add/flush; excludes this timing receipt and checkpoint writes",
      "mode": "stage4_sealed_cell",
      "banner": "sealed Stage 4; scientific admission also requires complete declared populations"
    },
    {
      "phase": "edit:194",
      "identity_check_kind": "in_memory_structure_and_configuration",
      "recipe_verification_seconds": 0.0,
      "identity_verification_seconds": 0.0,
      "identity_check_seconds": 0.0021523780305869877,
      "state_hash_seconds": 0.0003894379478879273,
      "clone_seconds": 0.0,
      "restore_seconds": 0.0,
      "file_write_seconds": 5.98249607719481e-05,
      "operation_seconds": 0.18517476198030636,
      "total_phase_seconds": 0.18784741003764793,
      "scope": "file writes include journal intent/add/flush; excludes this timing receipt and checkpoint writes",
      "mode": "stage4_sealed_cell",
      "banner": "sealed Stage 4; scientific admission also requires complete declared populations"
    },
    {
      "phase": "immediate:194",
      "identity_check_kind": "in_memory_structure_and_configuration",
      "recipe_verification_seconds": 0.0,
      "identity_verification_seconds": 0.0,
      "identity_check_seconds": 0.0021515259868465364,
      "state_hash_seconds": 0.01509936194634065,
      "clone_seconds": 0.0,
      "restore_seconds": 0.0,
      "file_write_seconds": 5.821202648803592e-05,
      "operation_seconds": 0.07121905102394521,
      "total_phase_seconds": 0.08862586895702407,
      "scope": "file writes include journal intent/add/flush; excludes this timing receipt and checkpoint writes",
      "mode": "stage4_sealed_cell",
      "banner": "sealed Stage 4; scientific admission also requires complete declared populations"
    },
    {
      "phase": "edit:195",
      "identity_check_kind": "in_memory_structure_and_configuration",
      "recipe_verification_seconds": 0.0,
      "identity_verification_seconds": 0.0,
      "identity_check_seconds": 0.0024616839946247637,
      "state_hash_seconds": 0.0004603050765581429,
      "clone_seconds": 0.0,
      "restore_seconds": 0.0,
      "file_write_seconds": 9.32089751586318e-05,
      "operation_seconds": 0.10721631301566958,
      "total_phase_seconds": 0.11032805504510179,
      "scope": "file writes include journal intent/add/flush; excludes this timing receipt and checkpoint writes",
      "mode": "stage4_sealed_cell",
      "banner": "sealed Stage 4; scientific admission also requires complete declared populations"
    },
    {
      "phase": "immediate:195",
      "identity_check_kind": "in_memory_structure_and_configuration",
      "recipe_verification_seconds": 0.0,
      "identity_verification_seconds": 0.0,
      "identity_check_seconds": 0.0026563569554127753,
      "state_hash_seconds": 0.015103257959708571,
      "clone_seconds": 0.0,
      "restore_seconds": 0.0,
      "file_write_seconds": 5.8932986576110125e-05,
      "operation_seconds": 0.05181137699401006,
      "total_phase_seconds": 0.06972879602108151,
      "scope": "file writes include journal intent/add/flush; excludes this timing receipt and checkpoint writes",
      "mode": "stage4_sealed_cell",
      "banner": "sealed Stage 4; scientific admission also requires complete declared populations"
    },
    {
      "phase": "edit:196",
      "identity_check_kind": "in_memory_structure_and_configuration",
      "recipe_verification_seconds": 0.0,
      "identity_verification_seconds": 0.0,
      "identity_check_seconds": 0.002131317974999547,
      "state_hash_seconds": 0.0003639310598373413,
      "clone_seconds": 0.0,
      "restore_seconds": 0.0,
      "file_write_seconds": 5.9514015447348356e-05,
      "operation_seconds": 0.147468094015494,
      "total_phase_seconds": 0.15008892299374565,
      "scope": "file writes include journal intent/add/flush; excludes this timing receipt and checkpoint writes",
      "mode": "stage4_sealed_cell",
      "banner": "sealed Stage 4; scientific admission also requires complete declared populations"
    },
    {
      "phase": "immediate:196",
      "identity_check_kind": "in_memory_structure_and_configuration",
      "recipe_verification_seconds": 0.0,
      "identity_verification_seconds": 0.0,
      "identity_check_seconds": 0.0021356260403990746,
      "state_hash_seconds": 0.015427492908202112,
      "clone_seconds": 0.0,
      "restore_seconds": 0.0,
      "file_write_seconds": 0.005251758033409715,
      "operation_seconds": 0.05983813002239913,
      "total_phase_seconds": 0.08275567198870704,
      "scope": "file writes include journal intent/add/flush; excludes this timing receipt and checkpoint writes",
      "mode": "stage4_sealed_cell",
      "banner": "sealed Stage 4; scientific admission also requires complete declared populations"
    },
    {
      "phase": "edit:197",
      "identity_check_kind": "in_memory_structure_and_configuration",
      "recipe_verification_seconds": 0.0,
      "identity_verification_seconds": 0.0,
      "identity_check_seconds": 0.0021316289785318077,
      "state_hash_seconds": 0.0003926039207726717,
      "clone_seconds": 0.0,
      "restore_seconds": 0.0,
      "file_write_seconds": 0.0012759629753418267,
      "operation_seconds": 0.10253473196644336,
      "total_phase_seconds": 0.10640911100199446,
      "scope": "file writes include journal intent/add/flush; excludes this timing receipt and checkpoint writes",
      "mode": "stage4_sealed_cell",
      "banner": "sealed Stage 4; scientific admission also requires complete declared populations"
    },
    {
      "phase": "immediate:197",
      "identity_check_kind": "in_memory_structure_and_configuration",
      "recipe_verification_seconds": 0.0,
      "identity_verification_seconds": 0.0,
      "identity_check_seconds": 0.00227110693231225,
      "state_hash_seconds": 0.01614075293764472,
      "clone_seconds": 0.0,
      "restore_seconds": 0.0,
      "file_write_seconds": 5.841295933350921e-05,
      "operation_seconds": 0.05084644100861624,
      "total_phase_seconds": 0.06941838999046013,
      "scope": "file writes include journal intent/add/flush; excludes this timing receipt and checkpoint writes",
      "mode": "stage4_sealed_cell",
      "banner": "sealed Stage 4; scientific admission also requires complete declared populations"
    },
    {
      "phase": "edit:198",
      "identity_check_kind": "in_memory_structure_and_configuration",
      "recipe_verification_seconds": 0.0,
      "identity_verification_seconds": 0.0,
      "identity_check_seconds": 0.002074438030831516,
      "state_hash_seconds": 0.0003431300283409655,
      "clone_seconds": 0.0,
      "restore_seconds": 0.0,
      "file_write_seconds": 6.0345977544784546e-05,
      "operation_seconds": 0.13193146203411743,
      "total_phase_seconds": 0.1344720870256424,
      "scope": "file writes include journal intent/add/flush; excludes this timing receipt and checkpoint writes",
      "mode": "stage4_sealed_cell",
      "banner": "sealed Stage 4; scientific admission also requires complete declared populations"
    },
    {
      "phase": "immediate:198",
      "identity_check_kind": "in_memory_structure_and_configuration",
      "recipe_verification_seconds": 0.0,
      "identity_verification_seconds": 0.0,
      "identity_check_seconds": 0.0024902879958972335,
      "state_hash_seconds": 0.015849703981075436,
      "clone_seconds": 0.0,
      "restore_seconds": 0.0,
      "file_write_seconds": 6.307096919044852e-05,
      "operation_seconds": 0.05548702395753935,
      "total_phase_seconds": 0.07399027002975345,
      "scope": "file writes include journal intent/add/flush; excludes this timing receipt and checkpoint writes",
      "mode": "stage4_sealed_cell",
      "banner": "sealed Stage 4; scientific admission also requires complete declared populations"
    },
    {
      "phase": "edit:199",
      "identity_check_kind": "in_memory_structure_and_configuration",
      "recipe_verification_seconds": 0.0,
      "identity_verification_seconds": 0.0,
      "identity_check_seconds": 0.0023395070456899703,
      "state_hash_seconds": 0.000399477023165673,
      "clone_seconds": 0.0,
      "restore_seconds": 0.0,
      "file_write_seconds": 6.138900062069297e-05,
      "operation_seconds": 0.13561830000253394,
      "total_phase_seconds": 0.13849479099735618,
      "scope": "file writes include journal intent/add/flush; excludes this timing receipt and checkpoint writes",
      "mode": "stage4_sealed_cell",
      "banner": "sealed Stage 4; scientific admission also requires complete declared populations"
    },
    {
      "phase": "immediate:199",
      "identity_check_kind": "in_memory_structure_and_configuration",
      "recipe_verification_seconds": 0.0,
      "identity_verification_seconds": 0.0,
      "identity_check_seconds": 0.002141237026080489,
      "state_hash_seconds": 0.01566522801294923,
      "clone_seconds": 0.0,
      "restore_seconds": 0.0,
      "file_write_seconds": 6.315199425444007e-05,
      "operation_seconds": 0.06047172797843814,
      "total_phase_seconds": 0.07844165799906477,
      "scope": "file writes include journal intent/add/flush; excludes this timing receipt and checkpoint writes",
      "mode": "stage4_sealed_cell",
      "banner": "sealed Stage 4; scientific admission also requires complete declared populations"
    },
    {
      "phase": "edit:200",
      "identity_check_kind": "in_memory_structure_and_configuration",
      "recipe_verification_seconds": 0.0,
      "identity_verification_seconds": 0.0,
      "identity_check_seconds": 0.0022285450249910355,
      "state_hash_seconds": 0.0003837081021629274,
      "clone_seconds": 0.0,
      "restore_seconds": 0.0,
      "file_write_seconds": 7.327098865061998e-05,
      "operation_seconds": 0.12869916699128225,
      "total_phase_seconds": 0.13146560604218394,
      "scope": "file writes include journal intent/add/flush; excludes this timing receipt and checkpoint writes",
      "mode": "stage4_sealed_cell",
      "banner": "sealed Stage 4; scientific admission also requires complete declared populations"
    },
    {
      "phase": "immediate:200",
      "identity_check_kind": "in_memory_structure_and_configuration",
      "recipe_verification_seconds": 0.0,
      "identity_verification_seconds": 0.0,
      "identity_check_seconds": 0.002184992015827447,
      "state_hash_seconds": 0.015631373040378094,
      "clone_seconds": 0.0,
      "restore_seconds": 0.0,
      "file_write_seconds": 6.012496305629611e-05,
      "operation_seconds": 0.06068251299438998,
      "total_phase_seconds": 0.07865276397205889,
      "scope": "file writes include journal intent/add/flush; excludes this timing receipt and checkpoint writes",
      "mode": "stage4_sealed_cell",
      "banner": "sealed Stage 4; scientific admission also requires complete declared populations"
    },
    {
      "phase": "edit:201",
      "identity_check_kind": "in_memory_structure_and_configuration",
      "recipe_verification_seconds": 0.0,
      "identity_verification_seconds": 0.0,
      "identity_check_seconds": 0.0022231140173971653,
      "state_hash_seconds": 0.0004036979516968131,
      "clone_seconds": 0.0,
      "restore_seconds": 0.0,
      "file_write_seconds": 6.0905993450433016e-05,
      "operation_seconds": 0.09678908402565867,
      "total_phase_seconds": 0.09956244600471109,
      "scope": "file writes include journal intent/add/flush; excludes this timing receipt and checkpoint writes",
      "mode": "stage4_sealed_cell",
      "banner": "sealed Stage 4; scientific admission also requires complete declared populations"
    },
    {
      "phase": "immediate:201",
      "identity_check_kind": "in_memory_structure_and_configuration",
      "recipe_verification_seconds": 0.0,
      "identity_verification_seconds": 0.0,
      "identity_check_seconds": 0.0022323009907267988,
      "state_hash_seconds": 0.016054737963713706,
      "clone_seconds": 0.0,
      "restore_seconds": 0.0,
      "file_write_seconds": 7.031497079879045e-05,
      "operation_seconds": 0.054616509994957596,
      "total_phase_seconds": 0.07306840701494366,
      "scope": "file writes include journal intent/add/flush; excludes this timing receipt and checkpoint writes",
      "mode": "stage4_sealed_cell",
      "banner": "sealed Stage 4; scientific admission also requires complete declared populations"
    },
    {
      "phase": "edit:202",
      "identity_check_kind": "in_memory_structure_and_configuration",
      "recipe_verification_seconds": 0.0,
      "identity_verification_seconds": 0.0,
      "identity_check_seconds": 0.002079067984595895,
      "state_hash_seconds": 0.0003588400431908667,
      "clone_seconds": 0.0,
      "restore_seconds": 0.0,
      "file_write_seconds": 5.950499325990677e-05,
      "operation_seconds": 0.28353425598470494,
      "total_phase_seconds": 0.2860977540258318,
      "scope": "file writes include journal intent/add/flush; excludes this timing receipt and checkpoint writes",
      "mode": "stage4_sealed_cell",
      "banner": "sealed Stage 4; scientific admission also requires complete declared populations"
    },
    {
      "phase": "immediate:202",
      "identity_check_kind": "in_memory_structure_and_configuration",
      "recipe_verification_seconds": 0.0,
      "identity_verification_seconds": 0.0,
      "identity_check_seconds": 0.0021679980563931167,
      "state_hash_seconds": 0.015814816986676306,
      "clone_seconds": 0.0,
      "restore_seconds": 0.0,
      "file_write_seconds": 6.207998376339674e-05,
      "operation_seconds": 0.08963433903409168,
      "total_phase_seconds": 0.10777705995133147,
      "scope": "file writes include journal intent/add/flush; excludes this timing receipt and checkpoint writes",
      "mode": "stage4_sealed_cell",
      "banner": "sealed Stage 4; scientific admission also requires complete declared populations"
    },
    {
      "phase": "edit:203",
      "identity_check_kind": "in_memory_structure_and_configuration",
      "recipe_verification_seconds": 0.0,
      "identity_verification_seconds": 0.0,
      "identity_check_seconds": 0.002328848000615835,
      "state_hash_seconds": 0.00040601001819595695,
      "clone_seconds": 0.0,
      "restore_seconds": 0.0,
      "file_write_seconds": 6.096804281696677e-05,
      "operation_seconds": 0.18002768501173705,
      "total_phase_seconds": 0.18290648102993146,
      "scope": "file writes include journal intent/add/flush; excludes this timing receipt and checkpoint writes",
      "mode": "stage4_sealed_cell",
      "banner": "sealed Stage 4; scientific admission also requires complete declared populations"
    },
    {
      "phase": "immediate:203",
      "identity_check_kind": "in_memory_structure_and_configuration",
      "recipe_verification_seconds": 0.0,
      "identity_verification_seconds": 0.0,
      "identity_check_seconds": 0.002215529966633767,
      "state_hash_seconds": 0.016363931994419545,
      "clone_seconds": 0.0,
      "restore_seconds": 0.0,
      "file_write_seconds": 6.0415943153202534e-05,
      "operation_seconds": 0.058797398989554495,
      "total_phase_seconds": 0.07754630700219423,
      "scope": "file writes include journal intent/add/flush; excludes this timing receipt and checkpoint writes",
      "mode": "stage4_sealed_cell",
      "banner": "sealed Stage 4; scientific admission also requires complete declared populations"
    },
    {
      "phase": "edit:204",
      "identity_check_kind": "in_memory_structure_and_configuration",
      "recipe_verification_seconds": 0.0,
      "identity_verification_seconds": 0.0,
      "identity_check_seconds": 0.0023290879325941205,
      "state_hash_seconds": 0.00048668700037524104,
      "clone_seconds": 0.0,
      "restore_seconds": 0.0,
      "file_write_seconds": 6.185902748256922e-05,
      "operation_seconds": 0.311902909015771,
      "total_phase_seconds": 0.31486452399985865,
      "scope": "file writes include journal intent/add/flush; excludes this timing receipt and checkpoint writes",
      "mode": "stage4_sealed_cell",
      "banner": "sealed Stage 4; scientific admission also requires complete declared populations"
    },
    {
      "phase": "immediate:204",
      "identity_check_kind": "in_memory_structure_and_configuration",
      "recipe_verification_seconds": 0.0,
      "identity_verification_seconds": 0.0,
      "identity_check_seconds": 0.0025035240105353296,
      "state_hash_seconds": 0.016112840094137937,
      "clone_seconds": 0.0,
      "restore_seconds": 0.0,
      "file_write_seconds": 6.179901538416743e-05,
      "operation_seconds": 0.09609669301426038,
      "total_phase_seconds": 0.11489111895207316,
      "scope": "file writes include journal intent/add/flush; excludes this timing receipt and checkpoint writes",
      "mode": "stage4_sealed_cell",
      "banner": "sealed Stage 4; scientific admission also requires complete declared populations"
    },
    {
      "phase": "edit:205",
      "identity_check_kind": "in_memory_structure_and_configuration",
      "recipe_verification_seconds": 0.0,
      "identity_verification_seconds": 0.0,
      "identity_check_seconds": 0.0021081339800730348,
      "state_hash_seconds": 0.0003720159875229001,
      "clone_seconds": 0.0,
      "restore_seconds": 0.0,
      "file_write_seconds": 5.843199323862791e-05,
      "operation_seconds": 0.20441570598632097,
      "total_phase_seconds": 0.20702601497760043,
      "scope": "file writes include journal intent/add/flush; excludes this timing receipt and checkpoint writes",
      "mode": "stage4_sealed_cell",
      "banner": "sealed Stage 4; scientific admission also requires complete declared populations"
    },
    {
      "phase": "immediate:205",
      "identity_check_kind": "in_memory_structure_and_configuration",
      "recipe_verification_seconds": 0.0,
      "identity_verification_seconds": 0.0,
      "identity_check_seconds": 0.002177697024308145,
      "state_hash_seconds": 0.016498721903190017,
      "clone_seconds": 0.0,
      "restore_seconds": 0.0,
      "file_write_seconds": 6.029597716405988e-05,
      "operation_seconds": 0.08106283703818917,
      "total_phase_seconds": 0.09991111699491739,
      "scope": "file writes include journal intent/add/flush; excludes this timing receipt and checkpoint writes",
      "mode": "stage4_sealed_cell",
      "banner": "sealed Stage 4; scientific admission also requires complete declared populations"
    },
    {
      "phase": "edit:206",
      "identity_check_kind": "in_memory_structure_and_configuration",
      "recipe_verification_seconds": 0.0,
      "identity_verification_seconds": 0.0,
      "identity_check_seconds": 0.0022882799967192113,
      "state_hash_seconds": 0.0004470790736377239,
      "clone_seconds": 0.0,
      "restore_seconds": 0.0,
      "file_write_seconds": 6.19289930909872e-05,
      "operation_seconds": 0.0936237089917995,
      "total_phase_seconds": 0.09650368598522618,
      "scope": "file writes include journal intent/add/flush; excludes this timing receipt and checkpoint writes",
      "mode": "stage4_sealed_cell",
      "banner": "sealed Stage 4; scientific admission also requires complete declared populations"
    },
    {
      "phase": "immediate:206",
      "identity_check_kind": "in_memory_structure_and_configuration",
      "recipe_verification_seconds": 0.0,
      "identity_verification_seconds": 0.0,
      "identity_check_seconds": 0.0021591909462586045,
      "state_hash_seconds": 0.016270002990495414,
      "clone_seconds": 0.0,
      "restore_seconds": 0.0,
      "file_write_seconds": 5.825201515108347e-05,
      "operation_seconds": 0.05511620099423453,
      "total_phase_seconds": 0.0736971860169433,
      "scope": "file writes include journal intent/add/flush; excludes this timing receipt and checkpoint writes",
      "mode": "stage4_sealed_cell",
      "banner": "sealed Stage 4; scientific admission also requires complete declared populations"
    },
    {
      "phase": "edit:207",
      "identity_check_kind": "in_memory_structure_and_configuration",
      "recipe_verification_seconds": 0.0,
      "identity_verification_seconds": 0.0,
      "identity_check_seconds": 0.0020606420002877712,
      "state_hash_seconds": 0.0003687299322336912,
      "clone_seconds": 0.0,
      "restore_seconds": 0.0,
      "file_write_seconds": 5.910400068387389e-05,
      "operation_seconds": 0.09864398103673011,
      "total_phase_seconds": 0.10119643900543451,
      "scope": "file writes include journal intent/add/flush; excludes this timing receipt and checkpoint writes",
      "mode": "stage4_sealed_cell",
      "banner": "sealed Stage 4; scientific admission also requires complete declared populations"
    },
    {
      "phase": "immediate:207",
      "identity_check_kind": "in_memory_structure_and_configuration",
      "recipe_verification_seconds": 0.0,
      "identity_verification_seconds": 0.0,
      "identity_check_seconds": 0.0022474720026366413,
      "state_hash_seconds": 0.016576911963056773,
      "clone_seconds": 0.0,
      "restore_seconds": 0.0,
      "file_write_seconds": 5.9834972489625216e-05,
      "operation_seconds": 0.05780486000003293,
      "total_phase_seconds": 0.07677973300451413,
      "scope": "file writes include journal intent/add/flush; excludes this timing receipt and checkpoint writes",
      "mode": "stage4_sealed_cell",
      "banner": "sealed Stage 4; scientific admission also requires complete declared populations"
    },
    {
      "phase": "edit:208",
      "identity_check_kind": "in_memory_structure_and_configuration",
      "recipe_verification_seconds": 0.0,
      "identity_verification_seconds": 0.0,
      "identity_check_seconds": 0.0025687890010885894,
      "state_hash_seconds": 0.0005177750717848539,
      "clone_seconds": 0.0,
      "restore_seconds": 0.0,
      "file_write_seconds": 6.131804548203945e-05,
      "operation_seconds": 0.19991103501524776,
      "total_phase_seconds": 0.2031480090226978,
      "scope": "file writes include journal intent/add/flush; excludes this timing receipt and checkpoint writes",
      "mode": "stage4_sealed_cell",
      "banner": "sealed Stage 4; scientific admission also requires complete declared populations"
    },
    {
      "phase": "immediate:208",
      "identity_check_kind": "in_memory_structure_and_configuration",
      "recipe_verification_seconds": 0.0,
      "identity_verification_seconds": 0.0,
      "identity_check_seconds": 0.0023401390062645078,
      "state_hash_seconds": 0.016352078993804753,
      "clone_seconds": 0.0,
      "restore_seconds": 0.0,
      "file_write_seconds": 5.901296390220523e-05,
      "operation_seconds": 0.07387905602809042,
      "total_phase_seconds": 0.09272412897553295,
      "scope": "file writes include journal intent/add/flush; excludes this timing receipt and checkpoint writes",
      "mode": "stage4_sealed_cell",
      "banner": "sealed Stage 4; scientific admission also requires complete declared populations"
    },
    {
      "phase": "edit:209",
      "identity_check_kind": "in_memory_structure_and_configuration",
      "recipe_verification_seconds": 0.0,
      "identity_verification_seconds": 0.0,
      "identity_check_seconds": 0.002524905023165047,
      "state_hash_seconds": 0.0004381720791570842,
      "clone_seconds": 0.0,
      "restore_seconds": 0.0,
      "file_write_seconds": 6.05260138399899e-05,
      "operation_seconds": 0.0924780560308136,
      "total_phase_seconds": 0.09557138301897794,
      "scope": "file writes include journal intent/add/flush; excludes this timing receipt and checkpoint writes",
      "mode": "stage4_sealed_cell",
      "banner": "sealed Stage 4; scientific admission also requires complete declared populations"
    },
    {
      "phase": "immediate:209",
      "identity_check_kind": "in_memory_structure_and_configuration",
      "recipe_verification_seconds": 0.0,
      "identity_verification_seconds": 0.0,
      "identity_check_seconds": 0.002364626037888229,
      "state_hash_seconds": 0.016458865022286773,
      "clone_seconds": 0.0,
      "restore_seconds": 0.0,
      "file_write_seconds": 5.9845042414963245e-05,
      "operation_seconds": 0.05969237897079438,
      "total_phase_seconds": 0.07867408503079787,
      "scope": "file writes include journal intent/add/flush; excludes this timing receipt and checkpoint writes",
      "mode": "stage4_sealed_cell",
      "banner": "sealed Stage 4; scientific admission also requires complete declared populations"
    },
    {
      "phase": "edit:210",
      "identity_check_kind": "in_memory_structure_and_configuration",
      "recipe_verification_seconds": 0.0,
      "identity_verification_seconds": 0.0,
      "identity_check_seconds": 0.0020868719439022243,
      "state_hash_seconds": 0.0004389340174384415,
      "clone_seconds": 0.0,
      "restore_seconds": 0.0,
      "file_write_seconds": 0.00010090507566928864,
      "operation_seconds": 0.09222082199994475,
      "total_phase_seconds": 0.09493488899897784,
      "scope": "file writes include journal intent/add/flush; excludes this timing receipt and checkpoint writes",
      "mode": "stage4_sealed_cell",
      "banner": "sealed Stage 4; scientific admission also requires complete declared populations"
    },
    {
      "phase": "immediate:210",
      "identity_check_kind": "in_memory_structure_and_configuration",
      "recipe_verification_seconds": 0.0,
      "identity_verification_seconds": 0.0,
      "identity_check_seconds": 0.002099756966345012,
      "state_hash_seconds": 0.016507288033608347,
      "clone_seconds": 0.0,
      "restore_seconds": 0.0,
      "file_write_seconds": 6.0767983086407185e-05,
      "operation_seconds": 0.06045649899169803,
      "total_phase_seconds": 0.07921809196704999,
      "scope": "file writes include journal intent/add/flush; excludes this timing receipt and checkpoint writes",
      "mode": "stage4_sealed_cell",
      "banner": "sealed Stage 4; scientific admission also requires complete declared populations"
    },
    {
      "phase": "edit:211",
      "identity_check_kind": "in_memory_structure_and_configuration",
      "recipe_verification_seconds": 0.0,
      "identity_verification_seconds": 0.0,
      "identity_check_seconds": 0.0021623069187626243,
      "state_hash_seconds": 0.00042347394628450274,
      "clone_seconds": 0.0,
      "restore_seconds": 0.0,
      "file_write_seconds": 6.843102164566517e-05,
      "operation_seconds": 0.12382158898981288,
      "total_phase_seconds": 0.12655025598360226,
      "scope": "file writes include journal intent/add/flush; excludes this timing receipt and checkpoint writes",
      "mode": "stage4_sealed_cell",
      "banner": "sealed Stage 4; scientific admission also requires complete declared populations"
    },
    {
      "phase": "immediate:211",
      "identity_check_kind": "in_memory_structure_and_configuration",
      "recipe_verification_seconds": 0.0,
      "identity_verification_seconds": 0.0,
      "identity_check_seconds": 0.002276466984767467,
      "state_hash_seconds": 0.01711265102494508,
      "clone_seconds": 0.0,
      "restore_seconds": 0.0,
      "file_write_seconds": 5.922402488067746e-05,
      "operation_seconds": 0.058629676001146436,
      "total_phase_seconds": 0.07818363199476153,
      "scope": "file writes include journal intent/add/flush; excludes this timing receipt and checkpoint writes",
      "mode": "stage4_sealed_cell",
      "banner": "sealed Stage 4; scientific admission also requires complete declared populations"
    },
    {
      "phase": "edit:212",
      "identity_check_kind": "in_memory_structure_and_configuration",
      "recipe_verification_seconds": 0.0,
      "identity_verification_seconds": 0.0,
      "identity_check_seconds": 0.002114385017193854,
      "state_hash_seconds": 0.00041610898915678263,
      "clone_seconds": 0.0,
      "restore_seconds": 0.0,
      "file_write_seconds": 6.0075020883232355e-05,
      "operation_seconds": 0.1329715609899722,
      "total_phase_seconds": 0.13563611498102546,
      "scope": "file writes include journal intent/add/flush; excludes this timing receipt and checkpoint writes",
      "mode": "stage4_sealed_cell",
      "banner": "sealed Stage 4; scientific admission also requires complete declared populations"
    },
    {
      "phase": "immediate:212",
      "identity_check_kind": "in_memory_structure_and_configuration",
      "recipe_verification_seconds": 0.0,
      "identity_verification_seconds": 0.0,
      "identity_check_seconds": 0.0021746709244325757,
      "state_hash_seconds": 0.017519242013804615,
      "clone_seconds": 0.0,
      "restore_seconds": 0.0,
      "file_write_seconds": 0.004655130032915622,
      "operation_seconds": 0.05858443898614496,
      "total_phase_seconds": 0.08304162201238796,
      "scope": "file writes include journal intent/add/flush; excludes this timing receipt and checkpoint writes",
      "mode": "stage4_sealed_cell",
      "banner": "sealed Stage 4; scientific admission also requires complete declared populations"
    },
    {
      "phase": "edit:213",
      "identity_check_kind": "in_memory_structure_and_configuration",
      "recipe_verification_seconds": 0.0,
      "identity_verification_seconds": 0.0,
      "identity_check_seconds": 0.0022287449683062732,
      "state_hash_seconds": 0.0004263310693204403,
      "clone_seconds": 0.0,
      "restore_seconds": 0.0,
      "file_write_seconds": 0.0014575219829566777,
      "operation_seconds": 0.13519227103097364,
      "total_phase_seconds": 0.13938444200903177,
      "scope": "file writes include journal intent/add/flush; excludes this timing receipt and checkpoint writes",
      "mode": "stage4_sealed_cell",
      "banner": "sealed Stage 4; scientific admission also requires complete declared populations"
    },
    {
      "phase": "immediate:213",
      "identity_check_kind": "in_memory_structure_and_configuration",
      "recipe_verification_seconds": 0.0,
      "identity_verification_seconds": 0.0,
      "identity_check_seconds": 0.0021116500138305128,
      "state_hash_seconds": 0.017238762986380607,
      "clone_seconds": 0.0,
      "restore_seconds": 0.0,
      "file_write_seconds": 6.096798460930586e-05,
      "operation_seconds": 0.05630960495909676,
      "total_phase_seconds": 0.07583433599211276,
      "scope": "file writes include journal intent/add/flush; excludes this timing receipt and checkpoint writes",
      "mode": "stage4_sealed_cell",
      "banner": "sealed Stage 4; scientific admission also requires complete declared populations"
    },
    {
      "phase": "edit:214",
      "identity_check_kind": "in_memory_structure_and_configuration",
      "recipe_verification_seconds": 0.0,
      "identity_verification_seconds": 0.0,
      "identity_check_seconds": 0.0021599530591629446,
      "state_hash_seconds": 0.0003661140217445791,
      "clone_seconds": 0.0,
      "restore_seconds": 0.0,
      "file_write_seconds": 6.916304118931293e-05,
      "operation_seconds": 0.21439511299831793,
      "total_phase_seconds": 0.21705397602636367,
      "scope": "file writes include journal intent/add/flush; excludes this timing receipt and checkpoint writes",
      "mode": "stage4_sealed_cell",
      "banner": "sealed Stage 4; scientific admission also requires complete declared populations"
    },
    {
      "phase": "immediate:214",
      "identity_check_kind": "in_memory_structure_and_configuration",
      "recipe_verification_seconds": 0.0,
      "identity_verification_seconds": 0.0,
      "identity_check_seconds": 0.0023076270008459687,
      "state_hash_seconds": 0.016813586000353098,
      "clone_seconds": 0.0,
      "restore_seconds": 0.0,
      "file_write_seconds": 6.175803719088435e-05,
      "operation_seconds": 0.0777863580151461,
      "total_phase_seconds": 0.09709364001173526,
      "scope": "file writes include journal intent/add/flush; excludes this timing receipt and checkpoint writes",
      "mode": "stage4_sealed_cell",
      "banner": "sealed Stage 4; scientific admission also requires complete declared populations"
    },
    {
      "phase": "edit:215",
      "identity_check_kind": "in_memory_structure_and_configuration",
      "recipe_verification_seconds": 0.0,
      "identity_verification_seconds": 0.0,
      "identity_check_seconds": 0.002152207016479224,
      "state_hash_seconds": 0.0004115510964766145,
      "clone_seconds": 0.0,
      "restore_seconds": 0.0,
      "file_write_seconds": 6.125797517597675e-05,
      "operation_seconds": 0.23199577402556315,
      "total_phase_seconds": 0.23470042395638302,
      "scope": "file writes include journal intent/add/flush; excludes this timing receipt and checkpoint writes",
      "mode": "stage4_sealed_cell",
      "banner": "sealed Stage 4; scientific admission also requires complete declared populations"
    },
    {
      "phase": "immediate:215",
      "identity_check_kind": "in_memory_structure_and_configuration",
      "recipe_verification_seconds": 0.0,
      "identity_verification_seconds": 0.0,
      "identity_check_seconds": 0.0022514279698953032,
      "state_hash_seconds": 0.01744515198515728,
      "clone_seconds": 0.0,
      "restore_seconds": 0.0,
      "file_write_seconds": 6.336200749501586e-05,
      "operation_seconds": 0.06843276403378695,
      "total_phase_seconds": 0.08830016298452392,
      "scope": "file writes include journal intent/add/flush; excludes this timing receipt and checkpoint writes",
      "mode": "stage4_sealed_cell",
      "banner": "sealed Stage 4; scientific admission also requires complete declared populations"
    },
    {
      "phase": "edit:216",
      "identity_check_kind": "in_memory_structure_and_configuration",
      "recipe_verification_seconds": 0.0,
      "identity_verification_seconds": 0.0,
      "identity_check_seconds": 0.0021892889635637403,
      "state_hash_seconds": 0.00042447494342923164,
      "clone_seconds": 0.0,
      "restore_seconds": 0.0,
      "file_write_seconds": 7.49229802750051e-05,
      "operation_seconds": 0.13525312900310382,
      "total_phase_seconds": 0.13802362600108609,
      "scope": "file writes include journal intent/add/flush; excludes this timing receipt and checkpoint writes",
      "mode": "stage4_sealed_cell",
      "banner": "sealed Stage 4; scientific admission also requires complete declared populations"
    },
    {
      "phase": "immediate:216",
      "identity_check_kind": "in_memory_structure_and_configuration",
      "recipe_verification_seconds": 0.0,
      "identity_verification_seconds": 0.0,
      "identity_check_seconds": 0.0021276010083965957,
      "state_hash_seconds": 0.016900033981073648,
      "clone_seconds": 0.0,
      "restore_seconds": 0.0,
      "file_write_seconds": 6.483501056209207e-05,
      "operation_seconds": 0.06018298299750313,
      "total_phase_seconds": 0.07938776700757444,
      "scope": "file writes include journal intent/add/flush; excludes this timing receipt and checkpoint writes",
      "mode": "stage4_sealed_cell",
      "banner": "sealed Stage 4; scientific admission also requires complete declared populations"
    },
    {
      "phase": "edit:217",
      "identity_check_kind": "in_memory_structure_and_configuration",
      "recipe_verification_seconds": 0.0,
      "identity_verification_seconds": 0.0,
      "identity_check_seconds": 0.0021378599922172725,
      "state_hash_seconds": 0.00041282299207523465,
      "clone_seconds": 0.0,
      "restore_seconds": 0.0,
      "file_write_seconds": 6.317195948213339e-05,
      "operation_seconds": 0.09500568499788642,
      "total_phase_seconds": 0.09769316203892231,
      "scope": "file writes include journal intent/add/flush; excludes this timing receipt and checkpoint writes",
      "mode": "stage4_sealed_cell",
      "banner": "sealed Stage 4; scientific admission also requires complete declared populations"
    },
    {
      "phase": "immediate:217",
      "identity_check_kind": "in_memory_structure_and_configuration",
      "recipe_verification_seconds": 0.0,
      "identity_verification_seconds": 0.0,
      "identity_check_seconds": 0.0028778630075976253,
      "state_hash_seconds": 0.017383553087711334,
      "clone_seconds": 0.0,
      "restore_seconds": 0.0,
      "file_write_seconds": 7.127696881070733e-05,
      "operation_seconds": 0.05798959598178044,
      "total_phase_seconds": 0.07841408503009006,
      "scope": "file writes include journal intent/add/flush; excludes this timing receipt and checkpoint writes",
      "mode": "stage4_sealed_cell",
      "banner": "sealed Stage 4; scientific admission also requires complete declared populations"
    },
    {
      "phase": "edit:218",
      "identity_check_kind": "in_memory_structure_and_configuration",
      "recipe_verification_seconds": 0.0,
      "identity_verification_seconds": 0.0,
      "identity_check_seconds": 0.0021203579963184893,
      "state_hash_seconds": 0.0004256180254742503,
      "clone_seconds": 0.0,
      "restore_seconds": 0.0,
      "file_write_seconds": 6.0187012422829866e-05,
      "operation_seconds": 0.166872552013956,
      "total_phase_seconds": 0.1695465529919602,
      "scope": "file writes include journal intent/add/flush; excludes this timing receipt and checkpoint writes",
      "mode": "stage4_sealed_cell",
      "banner": "sealed Stage 4; scientific admission also requires complete declared populations"
    },
    {
      "phase": "immediate:218",
      "identity_check_kind": "in_memory_structure_and_configuration",
      "recipe_verification_seconds": 0.0,
      "identity_verification_seconds": 0.0,
      "identity_check_seconds": 0.002218474925030023,
      "state_hash_seconds": 0.016931013960856944,
      "clone_seconds": 0.0,
      "restore_seconds": 0.0,
      "file_write_seconds": 5.86929963901639e-05,
      "operation_seconds": 0.07351007603574544,
      "total_phase_seconds": 0.09281185700092465,
      "scope": "file writes include journal intent/add/flush; excludes this timing receipt and checkpoint writes",
      "mode": "stage4_sealed_cell",
      "banner": "sealed Stage 4; scientific admission also requires complete declared populations"
    },
    {
      "phase": "edit:219",
      "identity_check_kind": "in_memory_structure_and_configuration",
      "recipe_verification_seconds": 0.0,
      "identity_verification_seconds": 0.0,
      "identity_check_seconds": 0.0024548599612899125,
      "state_hash_seconds": 0.0004300170694477856,
      "clone_seconds": 0.0,
      "restore_seconds": 0.0,
      "file_write_seconds": 6.026600021868944e-05,
      "operation_seconds": 0.1435218559927307,
      "total_phase_seconds": 0.14653919800184667,
      "scope": "file writes include journal intent/add/flush; excludes this timing receipt and checkpoint writes",
      "mode": "stage4_sealed_cell",
      "banner": "sealed Stage 4; scientific admission also requires complete declared populations"
    },
    {
      "phase": "immediate:219",
      "identity_check_kind": "in_memory_structure_and_configuration",
      "recipe_verification_seconds": 0.0,
      "identity_verification_seconds": 0.0,
      "identity_check_seconds": 0.002202766016125679,
      "state_hash_seconds": 0.01714564609574154,
      "clone_seconds": 0.0,
      "restore_seconds": 0.0,
      "file_write_seconds": 6.137799937278032e-05,
      "operation_seconds": 0.06305818998953328,
      "total_phase_seconds": 0.08256923395674676,
      "scope": "file writes include journal intent/add/flush; excludes this timing receipt and checkpoint writes",
      "mode": "stage4_sealed_cell",
      "banner": "sealed Stage 4; scientific admission also requires complete declared populations"
    },
    {
      "phase": "edit:220",
      "identity_check_kind": "in_memory_structure_and_configuration",
      "recipe_verification_seconds": 0.0,
      "identity_verification_seconds": 0.0,
      "identity_check_seconds": 0.0022206989815458655,
      "state_hash_seconds": 0.000418674957472831,
      "clone_seconds": 0.0,
      "restore_seconds": 0.0,
      "file_write_seconds": 5.778099875897169e-05,
      "operation_seconds": 0.0922350879991427,
      "total_phase_seconds": 0.0950030600070022,
      "scope": "file writes include journal intent/add/flush; excludes this timing receipt and checkpoint writes",
      "mode": "stage4_sealed_cell",
      "banner": "sealed Stage 4; scientific admission also requires complete declared populations"
    },
    {
      "phase": "immediate:220",
      "identity_check_kind": "in_memory_structure_and_configuration",
      "recipe_verification_seconds": 0.0,
      "identity_verification_seconds": 0.0,
      "identity_check_seconds": 0.002263110945932567,
      "state_hash_seconds": 0.018024135963059962,
      "clone_seconds": 0.0,
      "restore_seconds": 0.0,
      "file_write_seconds": 6.829097401350737e-05,
      "operation_seconds": 0.058858395961578935,
      "total_phase_seconds": 0.07932377402903512,
      "scope": "file writes include journal intent/add/flush; excludes this timing receipt and checkpoint writes",
      "mode": "stage4_sealed_cell",
      "banner": "sealed Stage 4; scientific admission also requires complete declared populations"
    },
    {
      "phase": "edit:221",
      "identity_check_kind": "in_memory_structure_and_configuration",
      "recipe_verification_seconds": 0.0,
      "identity_verification_seconds": 0.0,
      "identity_check_seconds": 0.0022182349930517375,
      "state_hash_seconds": 0.00045591610250994563,
      "clone_seconds": 0.0,
      "restore_seconds": 0.0,
      "file_write_seconds": 6.131699774414301e-05,
      "operation_seconds": 0.10697613097727299,
      "total_phase_seconds": 0.10979220498120412,
      "scope": "file writes include journal intent/add/flush; excludes this timing receipt and checkpoint writes",
      "mode": "stage4_sealed_cell",
      "banner": "sealed Stage 4; scientific admission also requires complete declared populations"
    },
    {
      "phase": "immediate:221",
      "identity_check_kind": "in_memory_structure_and_configuration",
      "recipe_verification_seconds": 0.0,
      "identity_verification_seconds": 0.0,
      "identity_check_seconds": 0.002203726035077125,
      "state_hash_seconds": 0.017745299031957984,
      "clone_seconds": 0.0,
      "restore_seconds": 0.0,
      "file_write_seconds": 5.8070989325642586e-05,
      "operation_seconds": 0.05257467401679605,
      "total_phase_seconds": 0.07267773599596694,
      "scope": "file writes include journal intent/add/flush; excludes this timing receipt and checkpoint writes",
      "mode": "stage4_sealed_cell",
      "banner": "sealed Stage 4; scientific admission also requires complete declared populations"
    },
    {
      "phase": "edit:222",
      "identity_check_kind": "in_memory_structure_and_configuration",
      "recipe_verification_seconds": 0.0,
      "identity_verification_seconds": 0.0,
      "identity_check_seconds": 0.0021316089550964534,
      "state_hash_seconds": 0.00040018896106630564,
      "clone_seconds": 0.0,
      "restore_seconds": 0.0,
      "file_write_seconds": 8.366105612367392e-05,
      "operation_seconds": 0.16560940304771066,
      "total_phase_seconds": 0.16829187102848664,
      "scope": "file writes include journal intent/add/flush; excludes this timing receipt and checkpoint writes",
      "mode": "stage4_sealed_cell",
      "banner": "sealed Stage 4; scientific admission also requires complete declared populations"
    },
    {
      "phase": "immediate:222",
      "identity_check_kind": "in_memory_structure_and_configuration",
      "recipe_verification_seconds": 0.0,
      "identity_verification_seconds": 0.0,
      "identity_check_seconds": 0.0024208039976656437,
      "state_hash_seconds": 0.01757863798411563,
      "clone_seconds": 0.0,
      "restore_seconds": 0.0,
      "file_write_seconds": 6.179796764627099e-05,
      "operation_seconds": 0.06347940996056423,
      "total_phase_seconds": 0.08365017204778269,
      "scope": "file writes include journal intent/add/flush; excludes this timing receipt and checkpoint writes",
      "mode": "stage4_sealed_cell",
      "banner": "sealed Stage 4; scientific admission also requires complete declared populations"
    },
    {
      "phase": "edit:223",
      "identity_check_kind": "in_memory_structure_and_configuration",
      "recipe_verification_seconds": 0.0,
      "identity_verification_seconds": 0.0,
      "identity_check_seconds": 0.002243783965241164,
      "state_hash_seconds": 0.0004280029679648578,
      "clone_seconds": 0.0,
      "restore_seconds": 0.0,
      "file_write_seconds": 8.222798351198435e-05,
      "operation_seconds": 0.09565242897951975,
      "total_phase_seconds": 0.09848022600635886,
      "scope": "file writes include journal intent/add/flush; excludes this timing receipt and checkpoint writes",
      "mode": "stage4_sealed_cell",
      "banner": "sealed Stage 4; scientific admission also requires complete declared populations"
    },
    {
      "phase": "immediate:223",
      "identity_check_kind": "in_memory_structure_and_configuration",
      "recipe_verification_seconds": 0.0,
      "identity_verification_seconds": 0.0,
      "identity_check_seconds": 0.002117782016284764,
      "state_hash_seconds": 0.018002853961661458,
      "clone_seconds": 0.0,
      "restore_seconds": 0.0,
      "file_write_seconds": 6.065599154680967e-05,
      "operation_seconds": 0.05940801295218989,
      "total_phase_seconds": 0.07968966697808355,
      "scope": "file writes include journal intent/add/flush; excludes this timing receipt and checkpoint writes",
      "mode": "stage4_sealed_cell",
      "banner": "sealed Stage 4; scientific admission also requires complete declared populations"
    },
    {
      "phase": "edit:224",
      "identity_check_kind": "in_memory_structure_and_configuration",
      "recipe_verification_seconds": 0.0,
      "identity_verification_seconds": 0.0,
      "identity_check_seconds": 0.0021571070537902415,
      "state_hash_seconds": 0.0004333740216679871,
      "clone_seconds": 0.0,
      "restore_seconds": 0.0,
      "file_write_seconds": 5.759997293353081e-05,
      "operation_seconds": 0.22421450295951217,
      "total_phase_seconds": 0.22694396000588313,
      "scope": "file writes include journal intent/add/flush; excludes this timing receipt and checkpoint writes",
      "mode": "stage4_sealed_cell",
      "banner": "sealed Stage 4; scientific admission also requires complete declared populations"
    },
    {
      "phase": "immediate:224",
      "identity_check_kind": "in_memory_structure_and_configuration",
      "recipe_verification_seconds": 0.0,
      "identity_verification_seconds": 0.0,
      "identity_check_seconds": 0.002137569012120366,
      "state_hash_seconds": 0.017583778069820255,
      "clone_seconds": 0.0,
      "restore_seconds": 0.0,
      "file_write_seconds": 6.0255988501012325e-05,
      "operation_seconds": 0.0795166949974373,
      "total_phase_seconds": 0.09939533501164988,
      "scope": "file writes include journal intent/add/flush; excludes this timing receipt and checkpoint writes",
      "mode": "stage4_sealed_cell",
      "banner": "sealed Stage 4; scientific admission also requires complete declared populations"
    },
    {
      "phase": "edit:225",
      "identity_check_kind": "in_memory_structure_and_configuration",
      "recipe_verification_seconds": 0.0,
      "identity_verification_seconds": 0.0,
      "identity_check_seconds": 0.0022012219415046275,
      "state_hash_seconds": 0.0004503369564190507,
      "clone_seconds": 0.0,
      "restore_seconds": 0.0,
      "file_write_seconds": 6.107694935053587e-05,
      "operation_seconds": 0.13336556003196165,
      "total_phase_seconds": 0.13615526299690828,
      "scope": "file writes include journal intent/add/flush; excludes this timing receipt and checkpoint writes",
      "mode": "stage4_sealed_cell",
      "banner": "sealed Stage 4; scientific admission also requires complete declared populations"
    },
    {
      "phase": "immediate:225",
      "identity_check_kind": "in_memory_structure_and_configuration",
      "recipe_verification_seconds": 0.0,
      "identity_verification_seconds": 0.0,
      "identity_check_seconds": 0.002184609998948872,
      "state_hash_seconds": 0.018014607951045036,
      "clone_seconds": 0.0,
      "restore_seconds": 0.0,
      "file_write_seconds": 6.199901690706611e-05,
      "operation_seconds": 0.06081458699190989,
      "total_phase_seconds": 0.08118762797676027,
      "scope": "file writes include journal intent/add/flush; excludes this timing receipt and checkpoint writes",
      "mode": "stage4_sealed_cell",
      "banner": "sealed Stage 4; scientific admission also requires complete declared populations"
    },
    {
      "phase": "edit:226",
      "identity_check_kind": "in_memory_structure_and_configuration",
      "recipe_verification_seconds": 0.0,
      "identity_verification_seconds": 0.0,
      "identity_check_seconds": 0.0021245739771984518,
      "state_hash_seconds": 0.0004879169864580035,
      "clone_seconds": 0.0,
      "restore_seconds": 0.0,
      "file_write_seconds": 6.165902595967054e-05,
      "operation_seconds": 0.13269437896087766,
      "total_phase_seconds": 0.13544339401414618,
      "scope": "file writes include journal intent/add/flush; excludes this timing receipt and checkpoint writes",
      "mode": "stage4_sealed_cell",
      "banner": "sealed Stage 4; scientific admission also requires complete declared populations"
    },
    {
      "phase": "immediate:226",
      "identity_check_kind": "in_memory_structure_and_configuration",
      "recipe_verification_seconds": 0.0,
      "identity_verification_seconds": 0.0,
      "identity_check_seconds": 0.0021968440269120038,
      "state_hash_seconds": 0.018137305043637753,
      "clone_seconds": 0.0,
      "restore_seconds": 0.0,
      "file_write_seconds": 6.284099072217941e-05,
      "operation_seconds": 0.061269201047252864,
      "total_phase_seconds": 0.08178487594705075,
      "scope": "file writes include journal intent/add/flush; excludes this timing receipt and checkpoint writes",
      "mode": "stage4_sealed_cell",
      "banner": "sealed Stage 4; scientific admission also requires complete declared populations"
    },
    {
      "phase": "edit:227",
      "identity_check_kind": "in_memory_structure_and_configuration",
      "recipe_verification_seconds": 0.0,
      "identity_verification_seconds": 0.0,
      "identity_check_seconds": 0.002369245979934931,
      "state_hash_seconds": 0.0004394759889692068,
      "clone_seconds": 0.0,
      "restore_seconds": 0.0,
      "file_write_seconds": 5.843298276886344e-05,
      "operation_seconds": 0.13288987497799098,
      "total_phase_seconds": 0.1358382540056482,
      "scope": "file writes include journal intent/add/flush; excludes this timing receipt and checkpoint writes",
      "mode": "stage4_sealed_cell",
      "banner": "sealed Stage 4; scientific admission also requires complete declared populations"
    },
    {
      "phase": "immediate:227",
      "identity_check_kind": "in_memory_structure_and_configuration",
      "recipe_verification_seconds": 0.0,
      "identity_verification_seconds": 0.0,
      "identity_check_seconds": 0.0022204180131666362,
      "state_hash_seconds": 0.017925575957633555,
      "clone_seconds": 0.0,
      "restore_seconds": 0.0,
      "file_write_seconds": 6.389198824763298e-05,
      "operation_seconds": 0.060959274997003376,
      "total_phase_seconds": 0.08128353202482685,
      "scope": "file writes include journal intent/add/flush; excludes this timing receipt and checkpoint writes",
      "mode": "stage4_sealed_cell",
      "banner": "sealed Stage 4; scientific admission also requires complete declared populations"
    },
    {
      "phase": "edit:228",
      "identity_check_kind": "in_memory_structure_and_configuration",
      "recipe_verification_seconds": 0.0,
      "identity_verification_seconds": 0.0,
      "identity_check_seconds": 0.002150505082681775,
      "state_hash_seconds": 0.0004367789370007813,
      "clone_seconds": 0.0,
      "restore_seconds": 0.0,
      "file_write_seconds": 6.111705442890525e-05,
      "operation_seconds": 0.09467212401796132,
      "total_phase_seconds": 0.0973875549971126,
      "scope": "file writes include journal intent/add/flush; excludes this timing receipt and checkpoint writes",
      "mode": "stage4_sealed_cell",
      "banner": "sealed Stage 4; scientific admission also requires complete declared populations"
    },
    {
      "phase": "immediate:228",
      "identity_check_kind": "in_memory_structure_and_configuration",
      "recipe_verification_seconds": 0.0,
      "identity_verification_seconds": 0.0,
      "identity_check_seconds": 0.0019878509920090437,
      "state_hash_seconds": 0.018334762135054916,
      "clone_seconds": 0.0,
      "restore_seconds": 0.0,
      "file_write_seconds": 0.005247609922662377,
      "operation_seconds": 0.06089592300122604,
      "total_phase_seconds": 0.08656099904328585,
      "scope": "file writes include journal intent/add/flush; excludes this timing receipt and checkpoint writes",
      "mode": "stage4_sealed_cell",
      "banner": "sealed Stage 4; scientific admission also requires complete declared populations"
    },
    {
      "phase": "edit:229",
      "identity_check_kind": "in_memory_structure_and_configuration",
      "recipe_verification_seconds": 0.0,
      "identity_verification_seconds": 0.0,
      "identity_check_seconds": 0.0022016330040059984,
      "state_hash_seconds": 0.0004646250163204968,
      "clone_seconds": 0.0,
      "restore_seconds": 0.0,
      "file_write_seconds": 0.0013439639587886631,
      "operation_seconds": 0.1382282580016181,
      "total_phase_seconds": 0.1423164490261115,
      "scope": "file writes include journal intent/add/flush; excludes this timing receipt and checkpoint writes",
      "mode": "stage4_sealed_cell",
      "banner": "sealed Stage 4; scientific admission also requires complete declared populations"
    },
    {
      "phase": "immediate:229",
      "identity_check_kind": "in_memory_structure_and_configuration",
      "recipe_verification_seconds": 0.0,
      "identity_verification_seconds": 0.0,
      "identity_check_seconds": 0.0021017909748479724,
      "state_hash_seconds": 0.018589930958114564,
      "clone_seconds": 0.0,
      "restore_seconds": 0.0,
      "file_write_seconds": 6.075599230825901e-05,
      "operation_seconds": 0.058024944039061666,
      "total_phase_seconds": 0.07888456003274769,
      "scope": "file writes include journal intent/add/flush; excludes this timing receipt and checkpoint writes",
      "mode": "stage4_sealed_cell",
      "banner": "sealed Stage 4; scientific admission also requires complete declared populations"
    },
    {
      "phase": "edit:230",
      "identity_check_kind": "in_memory_structure_and_configuration",
      "recipe_verification_seconds": 0.0,
      "identity_verification_seconds": 0.0,
      "identity_check_seconds": 0.0020996370003558695,
      "state_hash_seconds": 0.0004152790643274784,
      "clone_seconds": 0.0,
      "restore_seconds": 0.0,
      "file_write_seconds": 5.925406003370881e-05,
      "operation_seconds": 0.09029554895823821,
      "total_phase_seconds": 0.09294558397959918,
      "scope": "file writes include journal intent/add/flush; excludes this timing receipt and checkpoint writes",
      "mode": "stage4_sealed_cell",
      "banner": "sealed Stage 4; scientific admission also requires complete declared populations"
    },
    {
      "phase": "immediate:230",
      "identity_check_kind": "in_memory_structure_and_configuration",
      "recipe_verification_seconds": 0.0,
      "identity_verification_seconds": 0.0,
      "identity_check_seconds": 0.002176635025534779,
      "state_hash_seconds": 0.018106253060977906,
      "clone_seconds": 0.0,
      "restore_seconds": 0.0,
      "file_write_seconds": 6.45939726382494e-05,
      "operation_seconds": 0.06219254701863974,
      "total_phase_seconds": 0.0826510619954206,
      "scope": "file writes include journal intent/add/flush; excludes this timing receipt and checkpoint writes",
      "mode": "stage4_sealed_cell",
      "banner": "sealed Stage 4; scientific admission also requires complete declared populations"
    },
    {
      "phase": "edit:231",
      "identity_check_kind": "in_memory_structure_and_configuration",
      "recipe_verification_seconds": 0.0,
      "identity_verification_seconds": 0.0,
      "identity_check_seconds": 0.002150234009604901,
      "state_hash_seconds": 0.0004386440268717706,
      "clone_seconds": 0.0,
      "restore_seconds": 0.0,
      "file_write_seconds": 6.217998452484608e-05,
      "operation_seconds": 0.19259744399460033,
      "total_phase_seconds": 0.195331159979105,
      "scope": "file writes include journal intent/add/flush; excludes this timing receipt and checkpoint writes",
      "mode": "stage4_sealed_cell",
      "banner": "sealed Stage 4; scientific admission also requires complete declared populations"
    },
    {
      "phase": "immediate:231",
      "identity_check_kind": "in_memory_structure_and_configuration",
      "recipe_verification_seconds": 0.0,
      "identity_verification_seconds": 0.0,
      "identity_check_seconds": 0.002163760014809668,
      "state_hash_seconds": 0.01891177095239982,
      "clone_seconds": 0.0,
      "restore_seconds": 0.0,
      "file_write_seconds": 6.141798803582788e-05,
      "operation_seconds": 0.06677235197275877,
      "total_phase_seconds": 0.08801974402740598,
      "scope": "file writes include journal intent/add/flush; excludes this timing receipt and checkpoint writes",
      "mode": "stage4_sealed_cell",
      "banner": "sealed Stage 4; scientific admission also requires complete declared populations"
    },
    {
      "phase": "edit:232",
      "identity_check_kind": "in_memory_structure_and_configuration",
      "recipe_verification_seconds": 0.0,
      "identity_verification_seconds": 0.0,
      "identity_check_seconds": 0.0021324990084394813,
      "state_hash_seconds": 0.0004527720157057047,
      "clone_seconds": 0.0,
      "restore_seconds": 0.0,
      "file_write_seconds": 6.293103797361255e-05,
      "operation_seconds": 0.1435726840281859,
      "total_phase_seconds": 0.14630355400731787,
      "scope": "file writes include journal intent/add/flush; excludes this timing receipt and checkpoint writes",
      "mode": "stage4_sealed_cell",
      "banner": "sealed Stage 4; scientific admission also requires complete declared populations"
    },
    {
      "phase": "immediate:232",
      "identity_check_kind": "in_memory_structure_and_configuration",
      "recipe_verification_seconds": 0.0,
      "identity_verification_seconds": 0.0,
      "identity_check_seconds": 0.0025498619652353227,
      "state_hash_seconds": 0.01854615897173062,
      "clone_seconds": 0.0,
      "restore_seconds": 0.0,
      "file_write_seconds": 5.955499364063144e-05,
      "operation_seconds": 0.06895092100603506,
      "total_phase_seconds": 0.09021620702696964,
      "scope": "file writes include journal intent/add/flush; excludes this timing receipt and checkpoint writes",
      "mode": "stage4_sealed_cell",
      "banner": "sealed Stage 4; scientific admission also requires complete declared populations"
    },
    {
      "phase": "edit:233",
      "identity_check_kind": "in_memory_structure_and_configuration",
      "recipe_verification_seconds": 0.0,
      "identity_verification_seconds": 0.0,
      "identity_check_seconds": 0.0021286639384925365,
      "state_hash_seconds": 0.00040607003029435873,
      "clone_seconds": 0.0,
      "restore_seconds": 0.0,
      "file_write_seconds": 6.005598697811365e-05,
      "operation_seconds": 0.2879461089614779,
      "total_phase_seconds": 0.29060774500248954,
      "scope": "file writes include journal intent/add/flush; excludes this timing receipt and checkpoint writes",
      "mode": "stage4_sealed_cell",
      "banner": "sealed Stage 4; scientific admission also requires complete declared populations"
    },
    {
      "phase": "immediate:233",
      "identity_check_kind": "in_memory_structure_and_configuration",
      "recipe_verification_seconds": 0.0,
      "identity_verification_seconds": 0.0,
      "identity_check_seconds": 0.002163147961255163,
      "state_hash_seconds": 0.018284937017597258,
      "clone_seconds": 0.0,
      "restore_seconds": 0.0,
      "file_write_seconds": 6.696803029626608e-05,
      "operation_seconds": 0.09391529898857698,
      "total_phase_seconds": 0.11453656700905412,
      "scope": "file writes include journal intent/add/flush; excludes this timing receipt and checkpoint writes",
      "mode": "stage4_sealed_cell",
      "banner": "sealed Stage 4; scientific admission also requires complete declared populations"
    },
    {
      "phase": "edit:234",
      "identity_check_kind": "in_memory_structure_and_configuration",
      "recipe_verification_seconds": 0.0,
      "identity_verification_seconds": 0.0,
      "identity_check_seconds": 0.0022943420335650444,
      "state_hash_seconds": 0.0004630798939615488,
      "clone_seconds": 0.0,
      "restore_seconds": 0.0,
      "file_write_seconds": 6.179901538416743e-05,
      "operation_seconds": 0.13960865302942693,
      "total_phase_seconds": 0.14250685600563884,
      "scope": "file writes include journal intent/add/flush; excludes this timing receipt and checkpoint writes",
      "mode": "stage4_sealed_cell",
      "banner": "sealed Stage 4; scientific admission also requires complete declared populations"
    },
    {
      "phase": "immediate:234",
      "identity_check_kind": "in_memory_structure_and_configuration",
      "recipe_verification_seconds": 0.0,
      "identity_verification_seconds": 0.0,
      "identity_check_seconds": 0.0021825869916938245,
      "state_hash_seconds": 0.0189763949601911,
      "clone_seconds": 0.0,
      "restore_seconds": 0.0,
      "file_write_seconds": 5.812197923660278e-05,
      "operation_seconds": 0.059126141015440226,
      "total_phase_seconds": 0.08045243500964716,
      "scope": "file writes include journal intent/add/flush; excludes this timing receipt and checkpoint writes",
      "mode": "stage4_sealed_cell",
      "banner": "sealed Stage 4; scientific admission also requires complete declared populations"
    },
    {
      "phase": "edit:235",
      "identity_check_kind": "in_memory_structure_and_configuration",
      "recipe_verification_seconds": 0.0,
      "identity_verification_seconds": 0.0,
      "identity_check_seconds": 0.0021024630405008793,
      "state_hash_seconds": 0.0004165800055488944,
      "clone_seconds": 0.0,
      "restore_seconds": 0.0,
      "file_write_seconds": 5.85719826631248e-05,
      "operation_seconds": 0.20319375599501655,
      "total_phase_seconds": 0.2058360069640912,
      "scope": "file writes include journal intent/add/flush; excludes this timing receipt and checkpoint writes",
      "mode": "stage4_sealed_cell",
      "banner": "sealed Stage 4; scientific admission also requires complete declared populations"
    },
    {
      "phase": "immediate:235",
      "identity_check_kind": "in_memory_structure_and_configuration",
      "recipe_verification_seconds": 0.0,
      "identity_verification_seconds": 0.0,
      "identity_check_seconds": 0.0021107890061102808,
      "state_hash_seconds": 0.018565585021860898,
      "clone_seconds": 0.0,
      "restore_seconds": 0.0,
      "file_write_seconds": 6.334198405966163e-05,
      "operation_seconds": 0.08602568000787869,
      "total_phase_seconds": 0.10688666900387034,
      "scope": "file writes include journal intent/add/flush; excludes this timing receipt and checkpoint writes",
      "mode": "stage4_sealed_cell",
      "banner": "sealed Stage 4; scientific admission also requires complete declared populations"
    },
    {
      "phase": "edit:236",
      "identity_check_kind": "in_memory_structure_and_configuration",
      "recipe_verification_seconds": 0.0,
      "identity_verification_seconds": 0.0,
      "identity_check_seconds": 0.0021873050136491656,
      "state_hash_seconds": 0.0005198500002734363,
      "clone_seconds": 0.0,
      "restore_seconds": 0.0,
      "file_write_seconds": 6.084697088226676e-05,
      "operation_seconds": 0.18665674101794139,
      "total_phase_seconds": 0.1895108679891564,
      "scope": "file writes include journal intent/add/flush; excludes this timing receipt and checkpoint writes",
      "mode": "stage4_sealed_cell",
      "banner": "sealed Stage 4; scientific admission also requires complete declared populations"
    },
    {
      "phase": "immediate:236",
      "identity_check_kind": "in_memory_structure_and_configuration",
      "recipe_verification_seconds": 0.0,
      "identity_verification_seconds": 0.0,
      "identity_check_seconds": 0.0022666080039925873,
      "state_hash_seconds": 0.019373279064893723,
      "clone_seconds": 0.0,
      "restore_seconds": 0.0,
      "file_write_seconds": 6.139802280813456e-05,
      "operation_seconds": 0.084854738030117,
      "total_phase_seconds": 0.10668883798643947,
      "scope": "file writes include journal intent/add/flush; excludes this timing receipt and checkpoint writes",
      "mode": "stage4_sealed_cell",
      "banner": "sealed Stage 4; scientific admission also requires complete declared populations"
    },
    {
      "phase": "edit:237",
      "identity_check_kind": "in_memory_structure_and_configuration",
      "recipe_verification_seconds": 0.0,
      "identity_verification_seconds": 0.0,
      "identity_check_seconds": 0.002219578018411994,
      "state_hash_seconds": 0.0004292360390536487,
      "clone_seconds": 0.0,
      "restore_seconds": 0.0,
      "file_write_seconds": 5.9142941609025e-05,
      "operation_seconds": 0.23820206697564572,
      "total_phase_seconds": 0.24098244198830798,
      "scope": "file writes include journal intent/add/flush; excludes this timing receipt and checkpoint writes",
      "mode": "stage4_sealed_cell",
      "banner": "sealed Stage 4; scientific admission also requires complete declared populations"
    },
    {
      "phase": "immediate:237",
      "identity_check_kind": "in_memory_structure_and_configuration",
      "recipe_verification_seconds": 0.0,
      "identity_verification_seconds": 0.0,
      "identity_check_seconds": 0.0021424790611490607,
      "state_hash_seconds": 0.018679044034797698,
      "clone_seconds": 0.0,
      "restore_seconds": 0.0,
      "file_write_seconds": 5.74400182813406e-05,
      "operation_seconds": 0.07059870898956433,
      "total_phase_seconds": 0.09157520002918318,
      "scope": "file writes include journal intent/add/flush; excludes this timing receipt and checkpoint writes",
      "mode": "stage4_sealed_cell",
      "banner": "sealed Stage 4; scientific admission also requires complete declared populations"
    },
    {
      "phase": "edit:238",
      "identity_check_kind": "in_memory_structure_and_configuration",
      "recipe_verification_seconds": 0.0,
      "identity_verification_seconds": 0.0,
      "identity_check_seconds": 0.0021112500107847154,
      "state_hash_seconds": 0.00040907796937972307,
      "clone_seconds": 0.0,
      "restore_seconds": 0.0,
      "file_write_seconds": 5.818204954266548e-05,
      "operation_seconds": 0.13686304399743676,
      "total_phase_seconds": 0.13950574398040771,
      "scope": "file writes include journal intent/add/flush; excludes this timing receipt and checkpoint writes",
      "mode": "stage4_sealed_cell",
      "banner": "sealed Stage 4; scientific admission also requires complete declared populations"
    },
    {
      "phase": "immediate:238",
      "identity_check_kind": "in_memory_structure_and_configuration",
      "recipe_verification_seconds": 0.0,
      "identity_verification_seconds": 0.0,
      "identity_check_seconds": 0.0021904020104557276,
      "state_hash_seconds": 0.01869924209313467,
      "clone_seconds": 0.0,
      "restore_seconds": 0.0,
      "file_write_seconds": 6.091693649068475e-05,
      "operation_seconds": 0.06672079302370548,
      "total_phase_seconds": 0.08777891099452972,
      "scope": "file writes include journal intent/add/flush; excludes this timing receipt and checkpoint writes",
      "mode": "stage4_sealed_cell",
      "banner": "sealed Stage 4; scientific admission also requires complete declared populations"
    },
    {
      "phase": "edit:239",
      "identity_check_kind": "in_memory_structure_and_configuration",
      "recipe_verification_seconds": 0.0,
      "identity_verification_seconds": 0.0,
      "identity_check_seconds": 0.002042778010945767,
      "state_hash_seconds": 0.0004091369337402284,
      "clone_seconds": 0.0,
      "restore_seconds": 0.0,
      "file_write_seconds": 5.9895042795687914e-05,
      "operation_seconds": 0.2188738040276803,
      "total_phase_seconds": 0.2214516110252589,
      "scope": "file writes include journal intent/add/flush; excludes this timing receipt and checkpoint writes",
      "mode": "stage4_sealed_cell",
      "banner": "sealed Stage 4; scientific admission also requires complete declared populations"
    },
    {
      "phase": "immediate:239",
      "identity_check_kind": "in_memory_structure_and_configuration",
      "recipe_verification_seconds": 0.0,
      "identity_verification_seconds": 0.0,
      "identity_check_seconds": 0.002122861973475665,
      "state_hash_seconds": 0.019008687988389283,
      "clone_seconds": 0.0,
      "restore_seconds": 0.0,
      "file_write_seconds": 6.187893450260162e-05,
      "operation_seconds": 0.07986044598510489,
      "total_phase_seconds": 0.10115413804305717,
      "scope": "file writes include journal intent/add/flush; excludes this timing receipt and checkpoint writes",
      "mode": "stage4_sealed_cell",
      "banner": "sealed Stage 4; scientific admission also requires complete declared populations"
    },
    {
      "phase": "edit:240",
      "identity_check_kind": "in_memory_structure_and_configuration",
      "recipe_verification_seconds": 0.0,
      "identity_verification_seconds": 0.0,
      "identity_check_seconds": 0.002100659010466188,
      "state_hash_seconds": 0.00044333096593618393,
      "clone_seconds": 0.0,
      "restore_seconds": 0.0,
      "file_write_seconds": 6.033701356500387e-05,
      "operation_seconds": 0.13753964501665905,
      "total_phase_seconds": 0.14021044003311545,
      "scope": "file writes include journal intent/add/flush; excludes this timing receipt and checkpoint writes",
      "mode": "stage4_sealed_cell",
      "banner": "sealed Stage 4; scientific admission also requires complete declared populations"
    },
    {
      "phase": "immediate:240",
      "identity_check_kind": "in_memory_structure_and_configuration",
      "recipe_verification_seconds": 0.0,
      "identity_verification_seconds": 0.0,
      "identity_check_seconds": 0.0021852520294487476,
      "state_hash_seconds": 0.018947740027215332,
      "clone_seconds": 0.0,
      "restore_seconds": 0.0,
      "file_write_seconds": 5.937402602285147e-05,
      "operation_seconds": 0.06839873903663829,
      "total_phase_seconds": 0.08969843201339245,
      "scope": "file writes include journal intent/add/flush; excludes this timing receipt and checkpoint writes",
      "mode": "stage4_sealed_cell",
      "banner": "sealed Stage 4; scientific admission also requires complete declared populations"
    },
    {
      "phase": "edit:241",
      "identity_check_kind": "in_memory_structure_and_configuration",
      "recipe_verification_seconds": 0.0,
      "identity_verification_seconds": 0.0,
      "identity_check_seconds": 0.0021737899514846504,
      "state_hash_seconds": 0.00045228900853544474,
      "clone_seconds": 0.0,
      "restore_seconds": 0.0,
      "file_write_seconds": 7.578602526336908e-05,
      "operation_seconds": 0.13432099699275568,
      "total_phase_seconds": 0.13709465903230011,
      "scope": "file writes include journal intent/add/flush; excludes this timing receipt and checkpoint writes",
      "mode": "stage4_sealed_cell",
      "banner": "sealed Stage 4; scientific admission also requires complete declared populations"
    },
    {
      "phase": "immediate:241",
      "identity_check_kind": "in_memory_structure_and_configuration",
      "recipe_verification_seconds": 0.0,
      "identity_verification_seconds": 0.0,
      "identity_check_seconds": 0.0022286849562078714,
      "state_hash_seconds": 0.01919874403392896,
      "clone_seconds": 0.0,
      "restore_seconds": 0.0,
      "file_write_seconds": 6.039603613317013e-05,
      "operation_seconds": 0.06404426699737087,
      "total_phase_seconds": 0.08564002899220213,
      "scope": "file writes include journal intent/add/flush; excludes this timing receipt and checkpoint writes",
      "mode": "stage4_sealed_cell",
      "banner": "sealed Stage 4; scientific admission also requires complete declared populations"
    },
    {
      "phase": "edit:242",
      "identity_check_kind": "in_memory_structure_and_configuration",
      "recipe_verification_seconds": 0.0,
      "identity_verification_seconds": 0.0,
      "identity_check_seconds": 0.0020803690422326326,
      "state_hash_seconds": 0.00042640906758606434,
      "clone_seconds": 0.0,
      "restore_seconds": 0.0,
      "file_write_seconds": 6.0135964304208755e-05,
      "operation_seconds": 0.13111060403753072,
      "total_phase_seconds": 0.1337404900114052,
      "scope": "file writes include journal intent/add/flush; excludes this timing receipt and checkpoint writes",
      "mode": "stage4_sealed_cell",
      "banner": "sealed Stage 4; scientific admission also requires complete declared populations"
    },
    {
      "phase": "immediate:242",
      "identity_check_kind": "in_memory_structure_and_configuration",
      "recipe_verification_seconds": 0.0,
      "identity_verification_seconds": 0.0,
      "identity_check_seconds": 0.0021836489904671907,
      "state_hash_seconds": 0.01957887300522998,
      "clone_seconds": 0.0,
      "restore_seconds": 0.0,
      "file_write_seconds": 5.904398858547211e-05,
      "operation_seconds": 0.06059411296155304,
      "total_phase_seconds": 0.08251893700798973,
      "scope": "file writes include journal intent/add/flush; excludes this timing receipt and checkpoint writes",
      "mode": "stage4_sealed_cell",
      "banner": "sealed Stage 4; scientific admission also requires complete declared populations"
    },
    {
      "phase": "edit:243",
      "identity_check_kind": "in_memory_structure_and_configuration",
      "recipe_verification_seconds": 0.0,
      "identity_verification_seconds": 0.0,
      "identity_check_seconds": 0.0021462360164150596,
      "state_hash_seconds": 0.0004107399727217853,
      "clone_seconds": 0.0,
      "restore_seconds": 0.0,
      "file_write_seconds": 7.587496656924486e-05,
      "operation_seconds": 0.09654980397317559,
      "total_phase_seconds": 0.09925700898747891,
      "scope": "file writes include journal intent/add/flush; excludes this timing receipt and checkpoint writes",
      "mode": "stage4_sealed_cell",
      "banner": "sealed Stage 4; scientific admission also requires complete declared populations"
    },
    {
      "phase": "immediate:243",
      "identity_check_kind": "in_memory_structure_and_configuration",
      "recipe_verification_seconds": 0.0,
      "identity_verification_seconds": 0.0,
      "identity_check_seconds": 0.002013430988881737,
      "state_hash_seconds": 0.019044455024413764,
      "clone_seconds": 0.0,
      "restore_seconds": 0.0,
      "file_write_seconds": 6.10870192758739e-05,
      "operation_seconds": 0.06150976300705224,
      "total_phase_seconds": 0.0827186310198158,
      "scope": "file writes include journal intent/add/flush; excludes this timing receipt and checkpoint writes",
      "mode": "stage4_sealed_cell",
      "banner": "sealed Stage 4; scientific admission also requires complete declared populations"
    },
    {
      "phase": "edit:244",
      "identity_check_kind": "in_memory_structure_and_configuration",
      "recipe_verification_seconds": 0.0,
      "identity_verification_seconds": 0.0,
      "identity_check_seconds": 0.002261306974105537,
      "state_hash_seconds": 0.0005755459424108267,
      "clone_seconds": 0.0,
      "restore_seconds": 0.0,
      "file_write_seconds": 6.073800614103675e-05,
      "operation_seconds": 0.09424003300955519,
      "total_phase_seconds": 0.09721450199140236,
      "scope": "file writes include journal intent/add/flush; excludes this timing receipt and checkpoint writes",
      "mode": "stage4_sealed_cell",
      "banner": "sealed Stage 4; scientific admission also requires complete declared populations"
    },
    {
      "phase": "immediate:244",
      "identity_check_kind": "in_memory_structure_and_configuration",
      "recipe_verification_seconds": 0.0,
      "identity_verification_seconds": 0.0,
      "identity_check_seconds": 0.0020850590080954134,
      "state_hash_seconds": 0.019840668013785034,
      "clone_seconds": 0.0,
      "restore_seconds": 0.0,
      "file_write_seconds": 0.0049628320266492665,
      "operation_seconds": 0.06929789698915556,
      "total_phase_seconds": 0.09630112600279972,
      "scope": "file writes include journal intent/add/flush; excludes this timing receipt and checkpoint writes",
      "mode": "stage4_sealed_cell",
      "banner": "sealed Stage 4; scientific admission also requires complete declared populations"
    },
    {
      "phase": "edit:245",
      "identity_check_kind": "in_memory_structure_and_configuration",
      "recipe_verification_seconds": 0.0,
      "identity_verification_seconds": 0.0,
      "identity_check_seconds": 0.002297397004440427,
      "state_hash_seconds": 0.0006192310247570276,
      "clone_seconds": 0.0,
      "restore_seconds": 0.0,
      "file_write_seconds": 0.0011873019975610077,
      "operation_seconds": 0.13152849697507918,
      "total_phase_seconds": 0.13571206101914868,
      "scope": "file writes include journal intent/add/flush; excludes this timing receipt and checkpoint writes",
      "mode": "stage4_sealed_cell",
      "banner": "sealed Stage 4; scientific admission also requires complete declared populations"
    },
    {
      "phase": "immediate:245",
      "identity_check_kind": "in_memory_structure_and_configuration",
      "recipe_verification_seconds": 0.0,
      "identity_verification_seconds": 0.0,
      "identity_check_seconds": 0.002192233980167657,
      "state_hash_seconds": 0.019632025971077383,
      "clone_seconds": 0.0,
      "restore_seconds": 0.0,
      "file_write_seconds": 6.217998452484608e-05,
      "operation_seconds": 0.07214514201041311,
      "total_phase_seconds": 0.09413706499617547,
      "scope": "file writes include journal intent/add/flush; excludes this timing receipt and checkpoint writes",
      "mode": "stage4_sealed_cell",
      "banner": "sealed Stage 4; scientific admission also requires complete declared populations"
    },
    {
      "phase": "edit:246",
      "identity_check_kind": "in_memory_structure_and_configuration",
      "recipe_verification_seconds": 0.0,
      "identity_verification_seconds": 0.0,
      "identity_check_seconds": 0.0025148859713226557,
      "state_hash_seconds": 0.0005237569566816092,
      "clone_seconds": 0.0,
      "restore_seconds": 0.0,
      "file_write_seconds": 6.355298683047295e-05,
      "operation_seconds": 0.09034114703536034,
      "total_phase_seconds": 0.09352445800323039,
      "scope": "file writes include journal intent/add/flush; excludes this timing receipt and checkpoint writes",
      "mode": "stage4_sealed_cell",
      "banner": "sealed Stage 4; scientific admission also requires complete declared populations"
    },
    {
      "phase": "immediate:246",
      "identity_check_kind": "in_memory_structure_and_configuration",
      "recipe_verification_seconds": 0.0,
      "identity_verification_seconds": 0.0,
      "identity_check_seconds": 0.0034311669878661633,
      "state_hash_seconds": 0.02059873502003029,
      "clone_seconds": 0.0,
      "restore_seconds": 0.0,
      "file_write_seconds": 6.168900290504098e-05,
      "operation_seconds": 0.062394173990469426,
      "total_phase_seconds": 0.08659771003294736,
      "scope": "file writes include journal intent/add/flush; excludes this timing receipt and checkpoint writes",
      "mode": "stage4_sealed_cell",
      "banner": "sealed Stage 4; scientific admission also requires complete declared populations"
    },
    {
      "phase": "edit:247",
      "identity_check_kind": "in_memory_structure_and_configuration",
      "recipe_verification_seconds": 0.0,
      "identity_verification_seconds": 0.0,
      "identity_check_seconds": 0.002136617957148701,
      "state_hash_seconds": 0.00046747911255806684,
      "clone_seconds": 0.0,
      "restore_seconds": 0.0,
      "file_write_seconds": 6.1358034145087e-05,
      "operation_seconds": 0.1762900589965284,
      "total_phase_seconds": 0.17902404599590227,
      "scope": "file writes include journal intent/add/flush; excludes this timing receipt and checkpoint writes",
      "mode": "stage4_sealed_cell",
      "banner": "sealed Stage 4; scientific admission also requires complete declared populations"
    },
    {
      "phase": "immediate:247",
      "identity_check_kind": "in_memory_structure_and_configuration",
      "recipe_verification_seconds": 0.0,
      "identity_verification_seconds": 0.0,
      "identity_check_seconds": 0.002101931953802705,
      "state_hash_seconds": 0.01956330507528037,
      "clone_seconds": 0.0,
      "restore_seconds": 0.0,
      "file_write_seconds": 6.158801261335611e-05,
      "operation_seconds": 0.07080592698184773,
      "total_phase_seconds": 0.0926324530155398,
      "scope": "file writes include journal intent/add/flush; excludes this timing receipt and checkpoint writes",
      "mode": "stage4_sealed_cell",
      "banner": "sealed Stage 4; scientific admission also requires complete declared populations"
    },
    {
      "phase": "edit:248",
      "identity_check_kind": "in_memory_structure_and_configuration",
      "recipe_verification_seconds": 0.0,
      "identity_verification_seconds": 0.0,
      "identity_check_seconds": 0.0021564969792962074,
      "state_hash_seconds": 0.0005653969710692763,
      "clone_seconds": 0.0,
      "restore_seconds": 0.0,
      "file_write_seconds": 9.098503505811095e-05,
      "operation_seconds": 0.13041259202873334,
      "total_phase_seconds": 0.13331465201918036,
      "scope": "file writes include journal intent/add/flush; excludes this timing receipt and checkpoint writes",
      "mode": "stage4_sealed_cell",
      "banner": "sealed Stage 4; scientific admission also requires complete declared populations"
    },
    {
      "phase": "immediate:248",
      "identity_check_kind": "in_memory_structure_and_configuration",
      "recipe_verification_seconds": 0.0,
      "identity_verification_seconds": 0.0,
      "identity_check_seconds": 0.0023711789399385452,
      "state_hash_seconds": 0.01964342698920518,
      "clone_seconds": 0.0,
      "restore_seconds": 0.0,
      "file_write_seconds": 6.070599192753434e-05,
      "operation_seconds": 0.060920450021512806,
      "total_phase_seconds": 0.08310104702832177,
      "scope": "file writes include journal intent/add/flush; excludes this timing receipt and checkpoint writes",
      "mode": "stage4_sealed_cell",
      "banner": "sealed Stage 4; scientific admission also requires complete declared populations"
    },
    {
      "phase": "edit:249",
      "identity_check_kind": "in_memory_structure_and_configuration",
      "recipe_verification_seconds": 0.0,
      "identity_verification_seconds": 0.0,
      "identity_check_seconds": 0.0022062419448047876,
      "state_hash_seconds": 0.0005125949974171817,
      "clone_seconds": 0.0,
      "restore_seconds": 0.0,
      "file_write_seconds": 6.676901830360293e-05,
      "operation_seconds": 0.09536946500884369,
      "total_phase_seconds": 0.09824288001982495,
      "scope": "file writes include journal intent/add/flush; excludes this timing receipt and checkpoint writes",
      "mode": "stage4_sealed_cell",
      "banner": "sealed Stage 4; scientific admission also requires complete declared populations"
    },
    {
      "phase": "immediate:249",
      "identity_check_kind": "in_memory_structure_and_configuration",
      "recipe_verification_seconds": 0.0,
      "identity_verification_seconds": 0.0,
      "identity_check_seconds": 0.0022311590146273375,
      "state_hash_seconds": 0.02030920796096325,
      "clone_seconds": 0.0,
      "restore_seconds": 0.0,
      "file_write_seconds": 5.9213023632764816e-05,
      "operation_seconds": 0.061235866975039244,
      "total_phase_seconds": 0.08394459798000753,
      "scope": "file writes include journal intent/add/flush; excludes this timing receipt and checkpoint writes",
      "mode": "stage4_sealed_cell",
      "banner": "sealed Stage 4; scientific admission also requires complete declared populations"
    },
    {
      "phase": "edit:250",
      "identity_check_kind": "in_memory_structure_and_configuration",
      "recipe_verification_seconds": 0.0,
      "identity_verification_seconds": 0.0,
      "identity_check_seconds": 0.0021378600504249334,
      "state_hash_seconds": 0.0004707550979219377,
      "clone_seconds": 0.0,
      "restore_seconds": 0.0,
      "file_write_seconds": 5.9884972870349884e-05,
      "operation_seconds": 0.09967427200172096,
      "total_phase_seconds": 0.10241444001439959,
      "scope": "file writes include journal intent/add/flush; excludes this timing receipt and checkpoint writes",
      "mode": "stage4_sealed_cell",
      "banner": "sealed Stage 4; scientific admission also requires complete declared populations"
    },
    {
      "phase": "immediate:250",
      "identity_check_kind": "in_memory_structure_and_configuration",
      "recipe_verification_seconds": 0.0,
      "identity_verification_seconds": 0.0,
      "identity_check_seconds": 0.002250936988275498,
      "state_hash_seconds": 0.019675849995110184,
      "clone_seconds": 0.0,
      "restore_seconds": 0.0,
      "file_write_seconds": 5.898397648707032e-05,
      "operation_seconds": 0.06789006100734696,
      "total_phase_seconds": 0.08997236896539107,
      "scope": "file writes include journal intent/add/flush; excludes this timing receipt and checkpoint writes",
      "mode": "stage4_sealed_cell",
      "banner": "sealed Stage 4; scientific admission also requires complete declared populations"
    },
    {
      "phase": "edit:251",
      "identity_check_kind": "in_memory_structure_and_configuration",
      "recipe_verification_seconds": 0.0,
      "identity_verification_seconds": 0.0,
      "identity_check_seconds": 0.0022489040275104344,
      "state_hash_seconds": 0.0005298299947753549,
      "clone_seconds": 0.0,
      "restore_seconds": 0.0,
      "file_write_seconds": 5.838199285790324e-05,
      "operation_seconds": 0.26089781301561743,
      "total_phase_seconds": 0.2638161240029149,
      "scope": "file writes include journal intent/add/flush; excludes this timing receipt and checkpoint writes",
      "mode": "stage4_sealed_cell",
      "banner": "sealed Stage 4; scientific admission also requires complete declared populations"
    },
    {
      "phase": "immediate:251",
      "identity_check_kind": "in_memory_structure_and_configuration",
      "recipe_verification_seconds": 0.0,
      "identity_verification_seconds": 0.0,
      "identity_check_seconds": 0.0023258120054379106,
      "state_hash_seconds": 0.02017522999085486,
      "clone_seconds": 0.0,
      "restore_seconds": 0.0,
      "file_write_seconds": 5.94040029682219e-05,
      "operation_seconds": 0.07606782403308898,
      "total_phase_seconds": 0.0987301169661805,
      "scope": "file writes include journal intent/add/flush; excludes this timing receipt and checkpoint writes",
      "mode": "stage4_sealed_cell",
      "banner": "sealed Stage 4; scientific admission also requires complete declared populations"
    },
    {
      "phase": "edit:252",
      "identity_check_kind": "in_memory_structure_and_configuration",
      "recipe_verification_seconds": 0.0,
      "identity_verification_seconds": 0.0,
      "identity_check_seconds": 0.002067164983600378,
      "state_hash_seconds": 0.00040880602318793535,
      "clone_seconds": 0.0,
      "restore_seconds": 0.0,
      "file_write_seconds": 5.980505375191569e-05,
      "operation_seconds": 0.17737799097085372,
      "total_phase_seconds": 0.1799793330137618,
      "scope": "file writes include journal intent/add/flush; excludes this timing receipt and checkpoint writes",
      "mode": "stage4_sealed_cell",
      "banner": "sealed Stage 4; scientific admission also requires complete declared populations"
    },
    {
      "phase": "immediate:252",
      "identity_check_kind": "in_memory_structure_and_configuration",
      "recipe_verification_seconds": 0.0,
      "identity_verification_seconds": 0.0,
      "identity_check_seconds": 0.0021902010194025934,
      "state_hash_seconds": 0.020165212044958025,
      "clone_seconds": 0.0,
      "restore_seconds": 0.0,
      "file_write_seconds": 5.8864010497927666e-05,
      "operation_seconds": 0.06636914698174223,
      "total_phase_seconds": 0.08888404496246949,
      "scope": "file writes include journal intent/add/flush; excludes this timing receipt and checkpoint writes",
      "mode": "stage4_sealed_cell",
      "banner": "sealed Stage 4; scientific admission also requires complete declared populations"
    },
    {
      "phase": "edit:253",
      "identity_check_kind": "in_memory_structure_and_configuration",
      "recipe_verification_seconds": 0.0,
      "identity_verification_seconds": 0.0,
      "identity_check_seconds": 0.0021603929926641285,
      "state_hash_seconds": 0.0004903230001218617,
      "clone_seconds": 0.0,
      "restore_seconds": 0.0,
      "file_write_seconds": 6.122799823060632e-05,
      "operation_seconds": 0.1403194890008308,
      "total_phase_seconds": 0.14310661802301183,
      "scope": "file writes include journal intent/add/flush; excludes this timing receipt and checkpoint writes",
      "mode": "stage4_sealed_cell",
      "banner": "sealed Stage 4; scientific admission also requires complete declared populations"
    },
    {
      "phase": "immediate:253",
      "identity_check_kind": "in_memory_structure_and_configuration",
      "recipe_verification_seconds": 0.0,
      "identity_verification_seconds": 0.0,
      "identity_check_seconds": 0.0023242090246640146,
      "state_hash_seconds": 0.020500886952504516,
      "clone_seconds": 0.0,
      "restore_seconds": 0.0,
      "file_write_seconds": 5.941401468589902e-05,
      "operation_seconds": 0.07420741702662781,
      "total_phase_seconds": 0.09719596698414534,
      "scope": "file writes include journal intent/add/flush; excludes this timing receipt and checkpoint writes",
      "mode": "stage4_sealed_cell",
      "banner": "sealed Stage 4; scientific admission also requires complete declared populations"
    },
    {
      "phase": "edit:254",
      "identity_check_kind": "in_memory_structure_and_configuration",
      "recipe_verification_seconds": 0.0,
      "identity_verification_seconds": 0.0,
      "identity_check_seconds": 0.0021616159938275814,
      "state_hash_seconds": 0.0004566588904708624,
      "clone_seconds": 0.0,
      "restore_seconds": 0.0,
      "file_write_seconds": 6.020598812028766e-05,
      "operation_seconds": 0.10036958899581805,
      "total_phase_seconds": 0.10311796300811693,
      "scope": "file writes include journal intent/add/flush; excludes this timing receipt and checkpoint writes",
      "mode": "stage4_sealed_cell",
      "banner": "sealed Stage 4; scientific admission also requires complete declared populations"
    },
    {
      "phase": "immediate:254",
      "identity_check_kind": "in_memory_structure_and_configuration",
      "recipe_verification_seconds": 0.0,
      "identity_verification_seconds": 0.0,
      "identity_check_seconds": 0.002202373987529427,
      "state_hash_seconds": 0.02020531805464998,
      "clone_seconds": 0.0,
      "restore_seconds": 0.0,
      "file_write_seconds": 6.0677994042634964e-05,
      "operation_seconds": 0.05919769802130759,
      "total_phase_seconds": 0.08176079904660583,
      "scope": "file writes include journal intent/add/flush; excludes this timing receipt and checkpoint writes",
      "mode": "stage4_sealed_cell",
      "banner": "sealed Stage 4; scientific admission also requires complete declared populations"
    },
    {
      "phase": "edit:255",
      "identity_check_kind": "in_memory_structure_and_configuration",
      "recipe_verification_seconds": 0.0,
      "identity_verification_seconds": 0.0,
      "identity_check_seconds": 0.0022742129513062537,
      "state_hash_seconds": 0.0005445360438898206,
      "clone_seconds": 0.0,
      "restore_seconds": 0.0,
      "file_write_seconds": 6.054702680557966e-05,
      "operation_seconds": 0.2488018560106866,
      "total_phase_seconds": 0.2517496840446256,
      "scope": "file writes include journal intent/add/flush; excludes this timing receipt and checkpoint writes",
      "mode": "stage4_sealed_cell",
      "banner": "sealed Stage 4; scientific admission also requires complete declared populations"
    },
    {
      "phase": "immediate:255",
      "identity_check_kind": "in_memory_structure_and_configuration",
      "recipe_verification_seconds": 0.0,
      "identity_verification_seconds": 0.0,
      "identity_check_seconds": 0.0024068370112217963,
      "state_hash_seconds": 0.020508089044597,
      "clone_seconds": 0.0,
      "restore_seconds": 0.0,
      "file_write_seconds": 6.95129856467247e-05,
      "operation_seconds": 0.06212285201763734,
      "total_phase_seconds": 0.08521326800109819,
      "scope": "file writes include journal intent/add/flush; excludes this timing receipt and checkpoint writes",
      "mode": "stage4_sealed_cell",
      "banner": "sealed Stage 4; scientific admission also requires complete declared populations"
    },
    {
      "phase": "edit:256",
      "identity_check_kind": "in_memory_structure_and_configuration",
      "recipe_verification_seconds": 0.0,
      "identity_verification_seconds": 0.0,
      "identity_check_seconds": 0.0021861630375497043,
      "state_hash_seconds": 0.0004980569938197732,
      "clone_seconds": 0.0,
      "restore_seconds": 0.0,
      "file_write_seconds": 6.020691944286227e-05,
      "operation_seconds": 0.1313195149996318,
      "total_phase_seconds": 0.134145318006631,
      "scope": "file writes include journal intent/add/flush; excludes this timing receipt and checkpoint writes",
      "mode": "stage4_sealed_cell",
      "banner": "sealed Stage 4; scientific admission also requires complete declared populations"
    },
    {
      "phase": "immediate:256",
      "identity_check_kind": "in_memory_structure_and_configuration",
      "recipe_verification_seconds": 0.0,
      "identity_verification_seconds": 0.0,
      "identity_check_seconds": 0.0022332939552143216,
      "state_hash_seconds": 0.02042088203597814,
      "clone_seconds": 0.0,
      "restore_seconds": 0.0,
      "file_write_seconds": 5.762098589912057e-05,
      "operation_seconds": 0.06254125700797886,
      "total_phase_seconds": 0.08534782700007781,
      "scope": "file writes include journal intent/add/flush; excludes this timing receipt and checkpoint writes",
      "mode": "stage4_sealed_cell",
      "banner": "sealed Stage 4; scientific admission also requires complete declared populations"
    },
    {
      "phase": "edit:257",
      "identity_check_kind": "in_memory_structure_and_configuration",
      "recipe_verification_seconds": 0.0,
      "identity_verification_seconds": 0.0,
      "identity_check_seconds": 0.0022721600253134966,
      "state_hash_seconds": 0.0005677409935742617,
      "clone_seconds": 0.0,
      "restore_seconds": 0.0,
      "file_write_seconds": 6.281997775658965e-05,
      "operation_seconds": 0.1780172599828802,
      "total_phase_seconds": 0.18099323200294748,
      "scope": "file writes include journal intent/add/flush; excludes this timing receipt and checkpoint writes",
      "mode": "stage4_sealed_cell",
      "banner": "sealed Stage 4; scientific admission also requires complete declared populations"
    },
    {
      "phase": "immediate:257",
      "identity_check_kind": "in_memory_structure_and_configuration",
      "recipe_verification_seconds": 0.0,
      "identity_verification_seconds": 0.0,
      "identity_check_seconds": 0.00228656706167385,
      "state_hash_seconds": 0.020279731950722635,
      "clone_seconds": 0.0,
      "restore_seconds": 0.0,
      "file_write_seconds": 6.035697879269719e-05,
      "operation_seconds": 0.06847049703355879,
      "total_phase_seconds": 0.091202563024126,
      "scope": "file writes include journal intent/add/flush; excludes this timing receipt and checkpoint writes",
      "mode": "stage4_sealed_cell",
      "banner": "sealed Stage 4; scientific admission also requires complete declared populations"
    },
    {
      "phase": "edit:258",
      "identity_check_kind": "in_memory_structure_and_configuration",
      "recipe_verification_seconds": 0.0,
      "identity_verification_seconds": 0.0,
      "identity_check_seconds": 0.0022827189532108605,
      "state_hash_seconds": 0.0004604649147950113,
      "clone_seconds": 0.0,
      "restore_seconds": 0.0,
      "file_write_seconds": 6.205902900546789e-05,
      "operation_seconds": 0.08975855697644874,
      "total_phase_seconds": 0.09263517800718546,
      "scope": "file writes include journal intent/add/flush; excludes this timing receipt and checkpoint writes",
      "mode": "stage4_sealed_cell",
      "banner": "sealed Stage 4; scientific admission also requires complete declared populations"
    },
    {
      "phase": "immediate:258",
      "identity_check_kind": "in_memory_structure_and_configuration",
      "recipe_verification_seconds": 0.0,
      "identity_verification_seconds": 0.0,
      "identity_check_seconds": 0.0024758700164966285,
      "state_hash_seconds": 0.021444962010718882,
      "clone_seconds": 0.0,
      "restore_seconds": 0.0,
      "file_write_seconds": 6.542605115100741e-05,
      "operation_seconds": 0.05864809104241431,
      "total_phase_seconds": 0.08272324001882225,
      "scope": "file writes include journal intent/add/flush; excludes this timing receipt and checkpoint writes",
      "mode": "stage4_sealed_cell",
      "banner": "sealed Stage 4; scientific admission also requires complete declared populations"
    },
    {
      "phase": "edit:259",
      "identity_check_kind": "in_memory_structure_and_configuration",
      "recipe_verification_seconds": 0.0,
      "identity_verification_seconds": 0.0,
      "identity_check_seconds": 0.0021827169694006443,
      "state_hash_seconds": 0.0004939099890179932,
      "clone_seconds": 0.0,
      "restore_seconds": 0.0,
      "file_write_seconds": 6.060604937374592e-05,
      "operation_seconds": 0.19161016499856487,
      "total_phase_seconds": 0.1944200280122459,
      "scope": "file writes include journal intent/add/flush; excludes this timing receipt and checkpoint writes",
      "mode": "stage4_sealed_cell",
      "banner": "sealed Stage 4; scientific admission also requires complete declared populations"
    },
    {
      "phase": "immediate:259",
      "identity_check_kind": "in_memory_structure_and_configuration",
      "recipe_verification_seconds": 0.0,
      "identity_verification_seconds": 0.0,
      "identity_check_seconds": 0.002149523003026843,
      "state_hash_seconds": 0.020180159015581012,
      "clone_seconds": 0.0,
      "restore_seconds": 0.0,
      "file_write_seconds": 5.851301830261946e-05,
      "operation_seconds": 0.07718700601253659,
      "total_phase_seconds": 0.09967400197638199,
      "scope": "file writes include journal intent/add/flush; excludes this timing receipt and checkpoint writes",
      "mode": "stage4_sealed_cell",
      "banner": "sealed Stage 4; scientific admission also requires complete declared populations"
    },
    {
      "phase": "edit:260",
      "identity_check_kind": "in_memory_structure_and_configuration",
      "recipe_verification_seconds": 0.0,
      "identity_verification_seconds": 0.0,
      "identity_check_seconds": 0.002112802001647651,
      "state_hash_seconds": 0.000480182992760092,
      "clone_seconds": 0.0,
      "restore_seconds": 0.0,
      "file_write_seconds": 6.0816993936896324e-05,
      "operation_seconds": 0.3959444939973764,
      "total_phase_seconds": 0.39866839098976925,
      "scope": "file writes include journal intent/add/flush; excludes this timing receipt and checkpoint writes",
      "mode": "stage4_sealed_cell",
      "banner": "sealed Stage 4; scientific admission also requires complete declared populations"
    },
    {
      "phase": "immediate:260",
      "identity_check_kind": "in_memory_structure_and_configuration",
      "recipe_verification_seconds": 0.0,
      "identity_verification_seconds": 0.0,
      "identity_check_seconds": 0.002169791958294809,
      "state_hash_seconds": 0.020733363868203014,
      "clone_seconds": 0.0,
      "restore_seconds": 0.0,
      "file_write_seconds": 0.01579769403906539,
      "operation_seconds": 0.11514505697414279,
      "total_phase_seconds": 0.15395929396618158,
      "scope": "file writes include journal intent/add/flush; excludes this timing receipt and checkpoint writes",
      "mode": "stage4_sealed_cell",
      "banner": "sealed Stage 4; scientific admission also requires complete declared populations"
    },
    {
      "phase": "edit:261",
      "identity_check_kind": "in_memory_structure_and_configuration",
      "recipe_verification_seconds": 0.0,
      "identity_verification_seconds": 0.0,
      "identity_check_seconds": 0.0025915030273608863,
      "state_hash_seconds": 0.0005068940226919949,
      "clone_seconds": 0.0,
      "restore_seconds": 0.0,
      "file_write_seconds": 0.001325268007349223,
      "operation_seconds": 0.09774506196845323,
      "total_phase_seconds": 0.10224438301520422,
      "scope": "file writes include journal intent/add/flush; excludes this timing receipt and checkpoint writes",
      "mode": "stage4_sealed_cell",
      "banner": "sealed Stage 4; scientific admission also requires complete declared populations"
    },
    {
      "phase": "immediate:261",
      "identity_check_kind": "in_memory_structure_and_configuration",
      "recipe_verification_seconds": 0.0,
      "identity_verification_seconds": 0.0,
      "identity_check_seconds": 0.0019988739513792098,
      "state_hash_seconds": 0.02099374501267448,
      "clone_seconds": 0.0,
      "restore_seconds": 0.0,
      "file_write_seconds": 6.207899423316121e-05,
      "operation_seconds": 0.07199794898042455,
      "total_phase_seconds": 0.09515059401746839,
      "scope": "file writes include journal intent/add/flush; excludes this timing receipt and checkpoint writes",
      "mode": "stage4_sealed_cell",
      "banner": "sealed Stage 4; scientific admission also requires complete declared populations"
    },
    {
      "phase": "edit:262",
      "identity_check_kind": "in_memory_structure_and_configuration",
      "recipe_verification_seconds": 0.0,
      "identity_verification_seconds": 0.0,
      "identity_check_seconds": 0.0021335409837774932,
      "state_hash_seconds": 0.0005181370652280748,
      "clone_seconds": 0.0,
      "restore_seconds": 0.0,
      "file_write_seconds": 6.0967926401644945e-05,
      "operation_seconds": 0.20721476804465055,
      "total_phase_seconds": 0.20999758900143206,
      "scope": "file writes include journal intent/add/flush; excludes this timing receipt and checkpoint writes",
      "mode": "stage4_sealed_cell",
      "banner": "sealed Stage 4; scientific admission also requires complete declared populations"
    },
    {
      "phase": "immediate:262",
      "identity_check_kind": "in_memory_structure_and_configuration",
      "recipe_verification_seconds": 0.0,
      "identity_verification_seconds": 0.0,
      "identity_check_seconds": 0.0022327119950205088,
      "state_hash_seconds": 0.021184350945986807,
      "clone_seconds": 0.0,
      "restore_seconds": 0.0,
      "file_write_seconds": 6.05960376560688e-05,
      "operation_seconds": 0.08723803097382188,
      "total_phase_seconds": 0.11083074199268594,
      "scope": "file writes include journal intent/add/flush; excludes this timing receipt and checkpoint writes",
      "mode": "stage4_sealed_cell",
      "banner": "sealed Stage 4; scientific admission also requires complete declared populations"
    },
    {
      "phase": "edit:263",
      "identity_check_kind": "in_memory_structure_and_configuration",
      "recipe_verification_seconds": 0.0,
      "identity_verification_seconds": 0.0,
      "identity_check_seconds": 0.0027520310250110924,
      "state_hash_seconds": 0.0005241779144853354,
      "clone_seconds": 0.0,
      "restore_seconds": 0.0,
      "file_write_seconds": 6.090704118832946e-05,
      "operation_seconds": 0.17084509000414982,
      "total_phase_seconds": 0.17426133895060048,
      "scope": "file writes include journal intent/add/flush; excludes this timing receipt and checkpoint writes",
      "mode": "stage4_sealed_cell",
      "banner": "sealed Stage 4; scientific admission also requires complete declared populations"
    },
    {
      "phase": "immediate:263",
      "identity_check_kind": "in_memory_structure_and_configuration",
      "recipe_verification_seconds": 0.0,
      "identity_verification_seconds": 0.0,
      "identity_check_seconds": 0.002173829998355359,
      "state_hash_seconds": 0.020844288053922355,
      "clone_seconds": 0.0,
      "restore_seconds": 0.0,
      "file_write_seconds": 7.284997263923287e-05,
      "operation_seconds": 0.07756545301526785,
      "total_phase_seconds": 0.10075217398116365,
      "scope": "file writes include journal intent/add/flush; excludes this timing receipt and checkpoint writes",
      "mode": "stage4_sealed_cell",
      "banner": "sealed Stage 4; scientific admission also requires complete declared populations"
    },
    {
      "phase": "edit:264",
      "identity_check_kind": "in_memory_structure_and_configuration",
      "recipe_verification_seconds": 0.0,
      "identity_verification_seconds": 0.0,
      "identity_check_seconds": 0.0021584900096058846,
      "state_hash_seconds": 0.0005458590458147228,
      "clone_seconds": 0.0,
      "restore_seconds": 0.0,
      "file_write_seconds": 6.000505527481437e-05,
      "operation_seconds": 0.13877435796894133,
      "total_phase_seconds": 0.1416147889685817,
      "scope": "file writes include journal intent/add/flush; excludes this timing receipt and checkpoint writes",
      "mode": "stage4_sealed_cell",
      "banner": "sealed Stage 4; scientific admission also requires complete declared populations"
    },
    {
      "phase": "immediate:264",
      "identity_check_kind": "in_memory_structure_and_configuration",
      "recipe_verification_seconds": 0.0,
      "identity_verification_seconds": 0.0,
      "identity_check_seconds": 0.002793841063976288,
      "state_hash_seconds": 0.021506449964363128,
      "clone_seconds": 0.0,
      "restore_seconds": 0.0,
      "file_write_seconds": 6.17089681327343e-05,
      "operation_seconds": 0.06455561000620946,
      "total_phase_seconds": 0.08904214901849627,
      "scope": "file writes include journal intent/add/flush; excludes this timing receipt and checkpoint writes",
      "mode": "stage4_sealed_cell",
      "banner": "sealed Stage 4; scientific admission also requires complete declared populations"
    },
    {
      "phase": "edit:265",
      "identity_check_kind": "in_memory_structure_and_configuration",
      "recipe_verification_seconds": 0.0,
      "identity_verification_seconds": 0.0,
      "identity_check_seconds": 0.0025087830144912004,
      "state_hash_seconds": 0.0006312429904937744,
      "clone_seconds": 0.0,
      "restore_seconds": 0.0,
      "file_write_seconds": 9.611394489184022e-05,
      "operation_seconds": 0.14778330002445728,
      "total_phase_seconds": 0.15110609895782545,
      "scope": "file writes include journal intent/add/flush; excludes this timing receipt and checkpoint writes",
      "mode": "stage4_sealed_cell",
      "banner": "sealed Stage 4; scientific admission also requires complete declared populations"
    },
    {
      "phase": "immediate:265",
      "identity_check_kind": "in_memory_structure_and_configuration",
      "recipe_verification_seconds": 0.0,
      "identity_verification_seconds": 0.0,
      "identity_check_seconds": 0.002216952037997544,
      "state_hash_seconds": 0.02127228892641142,
      "clone_seconds": 0.0,
      "restore_seconds": 0.0,
      "file_write_seconds": 5.8512960094958544e-05,
      "operation_seconds": 0.06555356801254675,
      "total_phase_seconds": 0.08919772802619264,
      "scope": "file writes include journal intent/add/flush; excludes this timing receipt and checkpoint writes",
      "mode": "stage4_sealed_cell",
      "banner": "sealed Stage 4; scientific admission also requires complete declared populations"
    },
    {
      "phase": "edit:266",
      "identity_check_kind": "in_memory_structure_and_configuration",
      "recipe_verification_seconds": 0.0,
      "identity_verification_seconds": 0.0,
      "identity_check_seconds": 0.0021554240374825895,
      "state_hash_seconds": 0.0004834589781239629,
      "clone_seconds": 0.0,
      "restore_seconds": 0.0,
      "file_write_seconds": 6.193900480866432e-05,
      "operation_seconds": 0.13204316701740026,
      "total_phase_seconds": 0.13481704000150785,
      "scope": "file writes include journal intent/add/flush; excludes this timing receipt and checkpoint writes",
      "mode": "stage4_sealed_cell",
      "banner": "sealed Stage 4; scientific admission also requires complete declared populations"
    },
    {
      "phase": "immediate:266",
      "identity_check_kind": "in_memory_structure_and_configuration",
      "recipe_verification_seconds": 0.0,
      "identity_verification_seconds": 0.0,
      "identity_check_seconds": 0.002142959972843528,
      "state_hash_seconds": 0.021266918920446187,
      "clone_seconds": 0.0,
      "restore_seconds": 0.0,
      "file_write_seconds": 5.8703008107841015e-05,
      "operation_seconds": 0.06502540304791182,
      "total_phase_seconds": 0.08858674397924915,
      "scope": "file writes include journal intent/add/flush; excludes this timing receipt and checkpoint writes",
      "mode": "stage4_sealed_cell",
      "banner": "sealed Stage 4; scientific admission also requires complete declared populations"
    },
    {
      "phase": "edit:267",
      "identity_check_kind": "in_memory_structure_and_configuration",
      "recipe_verification_seconds": 0.0,
      "identity_verification_seconds": 0.0,
      "identity_check_seconds": 0.002314810990355909,
      "state_hash_seconds": 0.00043903494952246547,
      "clone_seconds": 0.0,
      "restore_seconds": 0.0,
      "file_write_seconds": 5.8542005717754364e-05,
      "operation_seconds": 0.0899478709907271,
      "total_phase_seconds": 0.09282472199993208,
      "scope": "file writes include journal intent/add/flush; excludes this timing receipt and checkpoint writes",
      "mode": "stage4_sealed_cell",
      "banner": "sealed Stage 4; scientific admission also requires complete declared populations"
    },
    {
      "phase": "immediate:267",
      "identity_check_kind": "in_memory_structure_and_configuration",
      "recipe_verification_seconds": 0.0,
      "identity_verification_seconds": 0.0,
      "identity_check_seconds": 0.001954657956957817,
      "state_hash_seconds": 0.021243785973638296,
      "clone_seconds": 0.0,
      "restore_seconds": 0.0,
      "file_write_seconds": 5.911407060921192e-05,
      "operation_seconds": 0.06489829899510369,
      "total_phase_seconds": 0.08824696997180581,
      "scope": "file writes include journal intent/add/flush; excludes this timing receipt and checkpoint writes",
      "mode": "stage4_sealed_cell",
      "banner": "sealed Stage 4; scientific admission also requires complete declared populations"
    },
    {
      "phase": "edit:268",
      "identity_check_kind": "in_memory_structure_and_configuration",
      "recipe_verification_seconds": 0.0,
      "identity_verification_seconds": 0.0,
      "identity_check_seconds": 0.0021083729807287455,
      "state_hash_seconds": 0.000447409984190017,
      "clone_seconds": 0.0,
      "restore_seconds": 0.0,
      "file_write_seconds": 5.8733043260872364e-05,
      "operation_seconds": 0.09073928301222622,
      "total_phase_seconds": 0.0934167200466618,
      "scope": "file writes include journal intent/add/flush; excludes this timing receipt and checkpoint writes",
      "mode": "stage4_sealed_cell",
      "banner": "sealed Stage 4; scientific admission also requires complete declared populations"
    },
    {
      "phase": "immediate:268",
      "identity_check_kind": "in_memory_structure_and_configuration",
      "recipe_verification_seconds": 0.0,
      "identity_verification_seconds": 0.0,
      "identity_check_seconds": 0.0020048950100317597,
      "state_hash_seconds": 0.021714799979235977,
      "clone_seconds": 0.0,
      "restore_seconds": 0.0,
      "file_write_seconds": 6.1007041949778795e-05,
      "operation_seconds": 0.07761455798754469,
      "total_phase_seconds": 0.10149494197685272,
      "scope": "file writes include journal intent/add/flush; excludes this timing receipt and checkpoint writes",
      "mode": "stage4_sealed_cell",
      "banner": "sealed Stage 4; scientific admission also requires complete declared populations"
    },
    {
      "phase": "edit:269",
      "identity_check_kind": "in_memory_structure_and_configuration",
      "recipe_verification_seconds": 0.0,
      "identity_verification_seconds": 0.0,
      "identity_check_seconds": 0.002170502964872867,
      "state_hash_seconds": 0.0005320430500432849,
      "clone_seconds": 0.0,
      "restore_seconds": 0.0,
      "file_write_seconds": 6.057601422071457e-05,
      "operation_seconds": 0.09215306100668386,
      "total_phase_seconds": 0.09498783102026209,
      "scope": "file writes include journal intent/add/flush; excludes this timing receipt and checkpoint writes",
      "mode": "stage4_sealed_cell",
      "banner": "sealed Stage 4; scientific admission also requires complete declared populations"
    },
    {
      "phase": "immediate:269",
      "identity_check_kind": "in_memory_structure_and_configuration",
      "recipe_verification_seconds": 0.0,
      "identity_verification_seconds": 0.0,
      "identity_check_seconds": 0.002293560013640672,
      "state_hash_seconds": 0.021919154038187116,
      "clone_seconds": 0.0,
      "restore_seconds": 0.0,
      "file_write_seconds": 5.9986021369695663e-05,
      "operation_seconds": 0.06272419798187912,
      "total_phase_seconds": 0.08710683800745755,
      "scope": "file writes include journal intent/add/flush; excludes this timing receipt and checkpoint writes",
      "mode": "stage4_sealed_cell",
      "banner": "sealed Stage 4; scientific admission also requires complete declared populations"
    },
    {
      "phase": "edit:270",
      "identity_check_kind": "in_memory_structure_and_configuration",
      "recipe_verification_seconds": 0.0,
      "identity_verification_seconds": 0.0,
      "identity_check_seconds": 0.0022152389865368605,
      "state_hash_seconds": 0.0005426750285550952,
      "clone_seconds": 0.0,
      "restore_seconds": 0.0,
      "file_write_seconds": 6.33919844403863e-05,
      "operation_seconds": 0.2532708289800212,
      "total_phase_seconds": 0.2561778480303474,
      "scope": "file writes include journal intent/add/flush; excludes this timing receipt and checkpoint writes",
      "mode": "stage4_sealed_cell",
      "banner": "sealed Stage 4; scientific admission also requires complete declared populations"
    },
    {
      "phase": "immediate:270",
      "identity_check_kind": "in_memory_structure_and_configuration",
      "recipe_verification_seconds": 0.0,
      "identity_verification_seconds": 0.0,
      "identity_check_seconds": 0.002066673943772912,
      "state_hash_seconds": 0.02217007800936699,
      "clone_seconds": 0.0,
      "restore_seconds": 0.0,
      "file_write_seconds": 7.994507905095816e-05,
      "operation_seconds": 0.07833173702238128,
      "total_phase_seconds": 0.10275275103049353,
      "scope": "file writes include journal intent/add/flush; excludes this timing receipt and checkpoint writes",
      "mode": "stage4_sealed_cell",
      "banner": "sealed Stage 4; scientific admission also requires complete declared populations"
    },
    {
      "phase": "edit:271",
      "identity_check_kind": "in_memory_structure_and_configuration",
      "recipe_verification_seconds": 0.0,
      "identity_verification_seconds": 0.0,
      "identity_check_seconds": 0.002287347975652665,
      "state_hash_seconds": 0.0005121760186739266,
      "clone_seconds": 0.0,
      "restore_seconds": 0.0,
      "file_write_seconds": 5.9744983445852995e-05,
      "operation_seconds": 0.12667951500043273,
      "total_phase_seconds": 0.129617522994522,
      "scope": "file writes include journal intent/add/flush; excludes this timing receipt and checkpoint writes",
      "mode": "stage4_sealed_cell",
      "banner": "sealed Stage 4; scientific admission also requires complete declared populations"
    },
    {
      "phase": "immediate:271",
      "identity_check_kind": "in_memory_structure_and_configuration",
      "recipe_verification_seconds": 0.0,
      "identity_verification_seconds": 0.0,
      "identity_check_seconds": 0.0022471509873867035,
      "state_hash_seconds": 0.021617453021463007,
      "clone_seconds": 0.0,
      "restore_seconds": 0.0,
      "file_write_seconds": 6.010604556649923e-05,
      "operation_seconds": 0.06505324598401785,
      "total_phase_seconds": 0.0890895000193268,
      "scope": "file writes include journal intent/add/flush; excludes this timing receipt and checkpoint writes",
      "mode": "stage4_sealed_cell",
      "banner": "sealed Stage 4; scientific admission also requires complete declared populations"
    },
    {
      "phase": "edit:272",
      "identity_check_kind": "in_memory_structure_and_configuration",
      "recipe_verification_seconds": 0.0,
      "identity_verification_seconds": 0.0,
      "identity_check_seconds": 0.0021038560080341995,
      "state_hash_seconds": 0.000475444074254483,
      "clone_seconds": 0.0,
      "restore_seconds": 0.0,
      "file_write_seconds": 7.64469732530415e-05,
      "operation_seconds": 0.1808840520097874,
      "total_phase_seconds": 0.18360427196603268,
      "scope": "file writes include journal intent/add/flush; excludes this timing receipt and checkpoint writes",
      "mode": "stage4_sealed_cell",
      "banner": "sealed Stage 4; scientific admission also requires complete declared populations"
    },
    {
      "phase": "immediate:272",
      "identity_check_kind": "in_memory_structure_and_configuration",
      "recipe_verification_seconds": 0.0,
      "identity_verification_seconds": 0.0,
      "identity_check_seconds": 0.0021860930137336254,
      "state_hash_seconds": 0.022119531000498682,
      "clone_seconds": 0.0,
      "restore_seconds": 0.0,
      "file_write_seconds": 6.222003139555454e-05,
      "operation_seconds": 0.0729532660334371,
      "total_phase_seconds": 0.0974258380010724,
      "scope": "file writes include journal intent/add/flush; excludes this timing receipt and checkpoint writes",
      "mode": "stage4_sealed_cell",
      "banner": "sealed Stage 4; scientific admission also requires complete declared populations"
    },
    {
      "phase": "edit:273",
      "identity_check_kind": "in_memory_structure_and_configuration",
      "recipe_verification_seconds": 0.0,
      "identity_verification_seconds": 0.0,
      "identity_check_seconds": 0.0022504469379782677,
      "state_hash_seconds": 0.000536409905180335,
      "clone_seconds": 0.0,
      "restore_seconds": 0.0,
      "file_write_seconds": 5.9533980675041676e-05,
      "operation_seconds": 0.1638711909763515,
      "total_phase_seconds": 0.16678592597600073,
      "scope": "file writes include journal intent/add/flush; excludes this timing receipt and checkpoint writes",
      "mode": "stage4_sealed_cell",
      "banner": "sealed Stage 4; scientific admission also requires complete declared populations"
    },
    {
      "phase": "immediate:273",
      "identity_check_kind": "in_memory_structure_and_configuration",
      "recipe_verification_seconds": 0.0,
      "identity_verification_seconds": 0.0,
      "identity_check_seconds": 0.0022423909977078438,
      "state_hash_seconds": 0.022272995091043413,
      "clone_seconds": 0.0,
      "restore_seconds": 0.0,
      "file_write_seconds": 5.7510973419994116e-05,
      "operation_seconds": 0.07058996200794354,
      "total_phase_seconds": 0.09526684798765928,
      "scope": "file writes include journal intent/add/flush; excludes this timing receipt and checkpoint writes",
      "mode": "stage4_sealed_cell",
      "banner": "sealed Stage 4; scientific admission also requires complete declared populations"
    },
    {
      "phase": "edit:274",
      "identity_check_kind": "in_memory_structure_and_configuration",
      "recipe_verification_seconds": 0.0,
      "identity_verification_seconds": 0.0,
      "identity_check_seconds": 0.0021542510366998613,
      "state_hash_seconds": 0.0005550579517148435,
      "clone_seconds": 0.0,
      "restore_seconds": 0.0,
      "file_write_seconds": 6.0427060816437006e-05,
      "operation_seconds": 0.364291325036902,
      "total_phase_seconds": 0.36713480297476053,
      "scope": "file writes include journal intent/add/flush; excludes this timing receipt and checkpoint writes",
      "mode": "stage4_sealed_cell",
      "banner": "sealed Stage 4; scientific admission also requires complete declared populations"
    },
    {
      "phase": "immediate:274",
      "identity_check_kind": "in_memory_structure_and_configuration",
      "recipe_verification_seconds": 0.0,
      "identity_verification_seconds": 0.0,
      "identity_check_seconds": 0.0023387669934891164,
      "state_hash_seconds": 0.022436849016230553,
      "clone_seconds": 0.0,
      "restore_seconds": 0.0,
      "file_write_seconds": 6.123696221038699e-05,
      "operation_seconds": 0.10254646401153877,
      "total_phase_seconds": 0.12748093396658078,
      "scope": "file writes include journal intent/add/flush; excludes this timing receipt and checkpoint writes",
      "mode": "stage4_sealed_cell",
      "banner": "sealed Stage 4; scientific admission also requires complete declared populations"
    },
    {
      "phase": "edit:275",
      "identity_check_kind": "in_memory_structure_and_configuration",
      "recipe_verification_seconds": 0.0,
      "identity_verification_seconds": 0.0,
      "identity_check_seconds": 0.0026724780327640474,
      "state_hash_seconds": 0.0005834030453115702,
      "clone_seconds": 0.0,
      "restore_seconds": 0.0,
      "file_write_seconds": 6.0166988987475634e-05,
      "operation_seconds": 0.16373830602969974,
      "total_phase_seconds": 0.1671412890427746,
      "scope": "file writes include journal intent/add/flush; excludes this timing receipt and checkpoint writes",
      "mode": "stage4_sealed_cell",
      "banner": "sealed Stage 4; scientific admission also requires complete declared populations"
    },
    {
      "phase": "immediate:275",
      "identity_check_kind": "in_memory_structure_and_configuration",
      "recipe_verification_seconds": 0.0,
      "identity_verification_seconds": 0.0,
      "identity_check_seconds": 0.0024180380278266966,
      "state_hash_seconds": 0.02300934900995344,
      "clone_seconds": 0.0,
      "restore_seconds": 0.0,
      "file_write_seconds": 6.023608148097992e-05,
      "operation_seconds": 0.07793436298379675,
      "total_phase_seconds": 0.10352658899500966,
      "scope": "file writes include journal intent/add/flush; excludes this timing receipt and checkpoint writes",
      "mode": "stage4_sealed_cell",
      "banner": "sealed Stage 4; scientific admission also requires complete declared populations"
    },
    {
      "phase": "edit:276",
      "identity_check_kind": "in_memory_structure_and_configuration",
      "recipe_verification_seconds": 0.0,
      "identity_verification_seconds": 0.0,
      "identity_check_seconds": 0.0022773389937356114,
      "state_hash_seconds": 0.0005928609753027558,
      "clone_seconds": 0.0,
      "restore_seconds": 0.0,
      "file_write_seconds": 5.890300963073969e-05,
      "operation_seconds": 0.09842781495535746,
      "total_phase_seconds": 0.10144346294691786,
      "scope": "file writes include journal intent/add/flush; excludes this timing receipt and checkpoint writes",
      "mode": "stage4_sealed_cell",
      "banner": "sealed Stage 4; scientific admission also requires complete declared populations"
    },
    {
      "phase": "immediate:276",
      "identity_check_kind": "in_memory_structure_and_configuration",
      "recipe_verification_seconds": 0.0,
      "identity_verification_seconds": 0.0,
      "identity_check_seconds": 0.0020140520064160228,
      "state_hash_seconds": 0.021878875966649503,
      "clone_seconds": 0.0,
      "restore_seconds": 0.0,
      "file_write_seconds": 0.004633900010958314,
      "operation_seconds": 0.07368819898692891,
      "total_phase_seconds": 0.10231372696580365,
      "scope": "file writes include journal intent/add/flush; excludes this timing receipt and checkpoint writes",
      "mode": "stage4_sealed_cell",
      "banner": "sealed Stage 4; scientific admission also requires complete declared populations"
    },
    {
      "phase": "edit:277",
      "identity_check_kind": "in_memory_structure_and_configuration",
      "recipe_verification_seconds": 0.0,
      "identity_verification_seconds": 0.0,
      "identity_check_seconds": 0.002158720977604389,
      "state_hash_seconds": 0.0005021450342610478,
      "clone_seconds": 0.0,
      "restore_seconds": 0.0,
      "file_write_seconds": 0.0012142550549469888,
      "operation_seconds": 0.28876523301005363,
      "total_phase_seconds": 0.29270832502515987,
      "scope": "file writes include journal intent/add/flush; excludes this timing receipt and checkpoint writes",
      "mode": "stage4_sealed_cell",
      "banner": "sealed Stage 4; scientific admission also requires complete declared populations"
    },
    {
      "phase": "immediate:277",
      "identity_check_kind": "in_memory_structure_and_configuration",
      "recipe_verification_seconds": 0.0,
      "identity_verification_seconds": 0.0,
      "identity_check_seconds": 0.0022070229751989245,
      "state_hash_seconds": 0.022156929946504533,
      "clone_seconds": 0.0,
      "restore_seconds": 0.0,
      "file_write_seconds": 6.272102473303676e-05,
      "operation_seconds": 0.10302930203033611,
      "total_phase_seconds": 0.12756179098505527,
      "scope": "file writes include journal intent/add/flush; excludes this timing receipt and checkpoint writes",
      "mode": "stage4_sealed_cell",
      "banner": "sealed Stage 4; scientific admission also requires complete declared populations"
    },
    {
      "phase": "edit:278",
      "identity_check_kind": "in_memory_structure_and_configuration",
      "recipe_verification_seconds": 0.0,
      "identity_verification_seconds": 0.0,
      "identity_check_seconds": 0.0023116740048862994,
      "state_hash_seconds": 0.0005031870095990598,
      "clone_seconds": 0.0,
      "restore_seconds": 0.0,
      "file_write_seconds": 6.024603499099612e-05,
      "operation_seconds": 0.17901466798502952,
      "total_phase_seconds": 0.18197026097914204,
      "scope": "file writes include journal intent/add/flush; excludes this timing receipt and checkpoint writes",
      "mode": "stage4_sealed_cell",
      "banner": "sealed Stage 4; scientific admission also requires complete declared populations"
    },
    {
      "phase": "immediate:278",
      "identity_check_kind": "in_memory_structure_and_configuration",
      "recipe_verification_seconds": 0.0,
      "identity_verification_seconds": 0.0,
      "identity_check_seconds": 0.0021418689866550267,
      "state_hash_seconds": 0.021911791001912206,
      "clone_seconds": 0.0,
      "restore_seconds": 0.0,
      "file_write_seconds": 6.098800804466009e-05,
      "operation_seconds": 0.08105937100481242,
      "total_phase_seconds": 0.10527194401947781,
      "scope": "file writes include journal intent/add/flush; excludes this timing receipt and checkpoint writes",
      "mode": "stage4_sealed_cell",
      "banner": "sealed Stage 4; scientific admission also requires complete declared populations"
    },
    {
      "phase": "edit:279",
      "identity_check_kind": "in_memory_structure_and_configuration",
      "recipe_verification_seconds": 0.0,
      "identity_verification_seconds": 0.0,
      "identity_check_seconds": 0.0021262579830363393,
      "state_hash_seconds": 0.0005218740552663803,
      "clone_seconds": 0.0,
      "restore_seconds": 0.0,
      "file_write_seconds": 6.153905997052789e-05,
      "operation_seconds": 0.094092950981576,
      "total_phase_seconds": 0.09687829599715769,
      "scope": "file writes include journal intent/add/flush; excludes this timing receipt and checkpoint writes",
      "mode": "stage4_sealed_cell",
      "banner": "sealed Stage 4; scientific admission also requires complete declared populations"
    },
    {
      "phase": "immediate:279",
      "identity_check_kind": "in_memory_structure_and_configuration",
      "recipe_verification_seconds": 0.0,
      "identity_verification_seconds": 0.0,
      "identity_check_seconds": 0.0019136799382977188,
      "state_hash_seconds": 0.02214411401655525,
      "clone_seconds": 0.0,
      "restore_seconds": 0.0,
      "file_write_seconds": 6.97550131008029e-05,
      "operation_seconds": 0.06315686099696904,
      "total_phase_seconds": 0.08739950100425631,
      "scope": "file writes include journal intent/add/flush; excludes this timing receipt and checkpoint writes",
      "mode": "stage4_sealed_cell",
      "banner": "sealed Stage 4; scientific admission also requires complete declared populations"
    },
    {
      "phase": "edit:280",
      "identity_check_kind": "in_memory_structure_and_configuration",
      "recipe_verification_seconds": 0.0,
      "identity_verification_seconds": 0.0,
      "identity_check_seconds": 0.002182815980631858,
      "state_hash_seconds": 0.00048278801841661334,
      "clone_seconds": 0.0,
      "restore_seconds": 0.0,
      "file_write_seconds": 5.90629642829299e-05,
      "operation_seconds": 0.10413946700282395,
      "total_phase_seconds": 0.1069355130312033,
      "scope": "file writes include journal intent/add/flush; excludes this timing receipt and checkpoint writes",
      "mode": "stage4_sealed_cell",
      "banner": "sealed Stage 4; scientific admission also requires complete declared populations"
    },
    {
      "phase": "immediate:280",
      "identity_check_kind": "in_memory_structure_and_configuration",
      "recipe_verification_seconds": 0.0,
      "identity_verification_seconds": 0.0,
      "identity_check_seconds": 0.0023511809995397925,
      "state_hash_seconds": 0.024929041974246502,
      "clone_seconds": 0.0,
      "restore_seconds": 0.0,
      "file_write_seconds": 6.628700066357851e-05,
      "operation_seconds": 0.07246772100916132,
      "total_phase_seconds": 0.0999461550381966,
      "scope": "file writes include journal intent/add/flush; excludes this timing receipt and checkpoint writes",
      "mode": "stage4_sealed_cell",
      "banner": "sealed Stage 4; scientific admission also requires complete declared populations"
    },
    {
      "phase": "edit:281",
      "identity_check_kind": "in_memory_structure_and_configuration",
      "recipe_verification_seconds": 0.0,
      "identity_verification_seconds": 0.0,
      "identity_check_seconds": 0.0022231139591895044,
      "state_hash_seconds": 0.0004955130279995501,
      "clone_seconds": 0.0,
      "restore_seconds": 0.0,
      "file_write_seconds": 6.206904072314501e-05,
      "operation_seconds": 0.1516020720009692,
      "total_phase_seconds": 0.1544522829935886,
      "scope": "file writes include journal intent/add/flush; excludes this timing receipt and checkpoint writes",
      "mode": "stage4_sealed_cell",
      "banner": "sealed Stage 4; scientific admission also requires complete declared populations"
    },
    {
      "phase": "immediate:281",
      "identity_check_kind": "in_memory_structure_and_configuration",
      "recipe_verification_seconds": 0.0,
      "identity_verification_seconds": 0.0,
      "identity_check_seconds": 0.0021730680018663406,
      "state_hash_seconds": 0.022896632959600538,
      "clone_seconds": 0.0,
      "restore_seconds": 0.0,
      "file_write_seconds": 5.970499478280544e-05,
      "operation_seconds": 0.08312234800541773,
      "total_phase_seconds": 0.10835240798769519,
      "scope": "file writes include journal intent/add/flush; excludes this timing receipt and checkpoint writes",
      "mode": "stage4_sealed_cell",
      "banner": "sealed Stage 4; scientific admission also requires complete declared populations"
    },
    {
      "phase": "edit:282",
      "identity_check_kind": "in_memory_structure_and_configuration",
      "recipe_verification_seconds": 0.0,
      "identity_verification_seconds": 0.0,
      "identity_check_seconds": 0.002097952994517982,
      "state_hash_seconds": 0.0005285059451125562,
      "clone_seconds": 0.0,
      "restore_seconds": 0.0,
      "file_write_seconds": 5.9894984588027e-05,
      "operation_seconds": 0.2826280940207653,
      "total_phase_seconds": 0.28538414201466367,
      "scope": "file writes include journal intent/add/flush; excludes this timing receipt and checkpoint writes",
      "mode": "stage4_sealed_cell",
      "banner": "sealed Stage 4; scientific admission also requires complete declared populations"
    },
    {
      "phase": "immediate:282",
      "identity_check_kind": "in_memory_structure_and_configuration",
      "recipe_verification_seconds": 0.0,
      "identity_verification_seconds": 0.0,
      "identity_check_seconds": 0.00214088597567752,
      "state_hash_seconds": 0.023635444056708366,
      "clone_seconds": 0.0,
      "restore_seconds": 0.0,
      "file_write_seconds": 5.839299410581589e-05,
      "operation_seconds": 0.08649070397950709,
      "total_phase_seconds": 0.11242374504217878,
      "scope": "file writes include journal intent/add/flush; excludes this timing receipt and checkpoint writes",
      "mode": "stage4_sealed_cell",
      "banner": "sealed Stage 4; scientific admission also requires complete declared populations"
    },
    {
      "phase": "edit:283",
      "identity_check_kind": "in_memory_structure_and_configuration",
      "recipe_verification_seconds": 0.0,
      "identity_verification_seconds": 0.0,
      "identity_check_seconds": 0.0022959139896556735,
      "state_hash_seconds": 0.0005868179141543806,
      "clone_seconds": 0.0,
      "restore_seconds": 0.0,
      "file_write_seconds": 6.859202403575182e-05,
      "operation_seconds": 0.11975881701800972,
      "total_phase_seconds": 0.12279415398370475,
      "scope": "file writes include journal intent/add/flush; excludes this timing receipt and checkpoint writes",
      "mode": "stage4_sealed_cell",
      "banner": "sealed Stage 4; scientific admission also requires complete declared populations"
    },
    {
      "phase": "immediate:283",
      "identity_check_kind": "in_memory_structure_and_configuration",
      "recipe_verification_seconds": 0.0,
      "identity_verification_seconds": 0.0,
      "identity_check_seconds": 0.002232292026747018,
      "state_hash_seconds": 0.02224652306176722,
      "clone_seconds": 0.0,
      "restore_seconds": 0.0,
      "file_write_seconds": 6.054603727534413e-05,
      "operation_seconds": 0.08108539099339396,
      "total_phase_seconds": 0.10572507599135861,
      "scope": "file writes include journal intent/add/flush; excludes this timing receipt and checkpoint writes",
      "mode": "stage4_sealed_cell",
      "banner": "sealed Stage 4; scientific admission also requires complete declared populations"
    },
    {
      "phase": "edit:284",
      "identity_check_kind": "in_memory_structure_and_configuration",
      "recipe_verification_seconds": 0.0,
      "identity_verification_seconds": 0.0,
      "identity_check_seconds": 0.0022511790739372373,
      "state_hash_seconds": 0.0006993639981374145,
      "clone_seconds": 0.0,
      "restore_seconds": 0.0,
      "file_write_seconds": 9.832996875047684e-05,
      "operation_seconds": 0.13827911601401865,
      "total_phase_seconds": 0.14144754799781367,
      "scope": "file writes include journal intent/add/flush; excludes this timing receipt and checkpoint writes",
      "mode": "stage4_sealed_cell",
      "banner": "sealed Stage 4; scientific admission also requires complete declared populations"
    },
    {
      "phase": "immediate:284",
      "identity_check_kind": "in_memory_structure_and_configuration",
      "recipe_verification_seconds": 0.0,
      "identity_verification_seconds": 0.0,
      "identity_check_seconds": 0.002448637969791889,
      "state_hash_seconds": 0.02308562508551404,
      "clone_seconds": 0.0,
      "restore_seconds": 0.0,
      "file_write_seconds": 6.124802166596055e-05,
      "operation_seconds": 0.08441590500297025,
      "total_phase_seconds": 0.11012885300442576,
      "scope": "file writes include journal intent/add/flush; excludes this timing receipt and checkpoint writes",
      "mode": "stage4_sealed_cell",
      "banner": "sealed Stage 4; scientific admission also requires complete declared populations"
    },
    {
      "phase": "edit:285",
      "identity_check_kind": "in_memory_structure_and_configuration",
      "recipe_verification_seconds": 0.0,
      "identity_verification_seconds": 0.0,
      "identity_check_seconds": 0.0021972840186208487,
      "state_hash_seconds": 0.0005520230042748153,
      "clone_seconds": 0.0,
      "restore_seconds": 0.0,
      "file_write_seconds": 6.308098090812564e-05,
      "operation_seconds": 0.13165473996195942,
      "total_phase_seconds": 0.13455955602694303,
      "scope": "file writes include journal intent/add/flush; excludes this timing receipt and checkpoint writes",
      "mode": "stage4_sealed_cell",
      "banner": "sealed Stage 4; scientific admission also requires complete declared populations"
    },
    {
      "phase": "immediate:285",
      "identity_check_kind": "in_memory_structure_and_configuration",
      "recipe_verification_seconds": 0.0,
      "identity_verification_seconds": 0.0,
      "identity_check_seconds": 0.0024612119887024164,
      "state_hash_seconds": 0.023436392017174512,
      "clone_seconds": 0.0,
      "restore_seconds": 0.0,
      "file_write_seconds": 8.587504271417856e-05,
      "operation_seconds": 0.08302979898871854,
      "total_phase_seconds": 0.1091207439894788,
      "scope": "file writes include journal intent/add/flush; excludes this timing receipt and checkpoint writes",
      "mode": "stage4_sealed_cell",
      "banner": "sealed Stage 4; scientific admission also requires complete declared populations"
    },
    {
      "phase": "edit:286",
      "identity_check_kind": "in_memory_structure_and_configuration",
      "recipe_verification_seconds": 0.0,
      "identity_verification_seconds": 0.0,
      "identity_check_seconds": 0.002229014993645251,
      "state_hash_seconds": 0.0005662589683197439,
      "clone_seconds": 0.0,
      "restore_seconds": 0.0,
      "file_write_seconds": 6.168801337480545e-05,
      "operation_seconds": 0.2408933499827981,
      "total_phase_seconds": 0.24383658997248858,
      "scope": "file writes include journal intent/add/flush; excludes this timing receipt and checkpoint writes",
      "mode": "stage4_sealed_cell",
      "banner": "sealed Stage 4; scientific admission also requires complete declared populations"
    },
    {
      "phase": "immediate:286",
      "identity_check_kind": "in_memory_structure_and_configuration",
      "recipe_verification_seconds": 0.0,
      "identity_verification_seconds": 0.0,
      "identity_check_seconds": 0.0022335550165735185,
      "state_hash_seconds": 0.02379249397199601,
      "clone_seconds": 0.0,
      "restore_seconds": 0.0,
      "file_write_seconds": 6.096804281696677e-05,
      "operation_seconds": 0.09483458596514538,
      "total_phase_seconds": 0.1210316950455308,
      "scope": "file writes include journal intent/add/flush; excludes this timing receipt and checkpoint writes",
      "mode": "stage4_sealed_cell",
      "banner": "sealed Stage 4; scientific admission also requires complete declared populations"
    },
    {
      "phase": "edit:287",
      "identity_check_kind": "in_memory_structure_and_configuration",
      "recipe_verification_seconds": 0.0,
      "identity_verification_seconds": 0.0,
      "identity_check_seconds": 0.0021708329441025853,
      "state_hash_seconds": 0.0005918770330026746,
      "clone_seconds": 0.0,
      "restore_seconds": 0.0,
      "file_write_seconds": 6.216904148459435e-05,
      "operation_seconds": 0.12459190998924896,
      "total_phase_seconds": 0.127494000014849,
      "scope": "file writes include journal intent/add/flush; excludes this timing receipt and checkpoint writes",
      "mode": "stage4_sealed_cell",
      "banner": "sealed Stage 4; scientific admission also requires complete declared populations"
    },
    {
      "phase": "immediate:287",
      "identity_check_kind": "in_memory_structure_and_configuration",
      "recipe_verification_seconds": 0.0,
      "identity_verification_seconds": 0.0,
      "identity_check_seconds": 0.0025259870453737676,
      "state_hash_seconds": 0.023574746039230376,
      "clone_seconds": 0.0,
      "restore_seconds": 0.0,
      "file_write_seconds": 6.084592314437032e-05,
      "operation_seconds": 0.08396621001884341,
      "total_phase_seconds": 0.11023348401067778,
      "scope": "file writes include journal intent/add/flush; excludes this timing receipt and checkpoint writes",
      "mode": "stage4_sealed_cell",
      "banner": "sealed Stage 4; scientific admission also requires complete declared populations"
    },
    {
      "phase": "edit:288",
      "identity_check_kind": "in_memory_structure_and_configuration",
      "recipe_verification_seconds": 0.0,
      "identity_verification_seconds": 0.0,
      "identity_check_seconds": 0.002221512026153505,
      "state_hash_seconds": 0.0005749469855800271,
      "clone_seconds": 0.0,
      "restore_seconds": 0.0,
      "file_write_seconds": 5.981401773169637e-05,
      "operation_seconds": 0.1382183600217104,
      "total_phase_seconds": 0.14114984596380964,
      "scope": "file writes include journal intent/add/flush; excludes this timing receipt and checkpoint writes",
      "mode": "stage4_sealed_cell",
      "banner": "sealed Stage 4; scientific admission also requires complete declared populations"
    },
    {
      "phase": "immediate:288",
      "identity_check_kind": "in_memory_structure_and_configuration",
      "recipe_verification_seconds": 0.0,
      "identity_verification_seconds": 0.0,
      "identity_check_seconds": 0.0021298350184224546,
      "state_hash_seconds": 0.023167312028817832,
      "clone_seconds": 0.0,
      "restore_seconds": 0.0,
      "file_write_seconds": 5.93240256421268e-05,
      "operation_seconds": 0.07410931802587584,
      "total_phase_seconds": 0.09956945001613349,
      "scope": "file writes include journal intent/add/flush; excludes this timing receipt and checkpoint writes",
      "mode": "stage4_sealed_cell",
      "banner": "sealed Stage 4; scientific admission also requires complete declared populations"
    },
    {
      "phase": "edit:289",
      "identity_check_kind": "in_memory_structure_and_configuration",
      "recipe_verification_seconds": 0.0,
      "identity_verification_seconds": 0.0,
      "identity_check_seconds": 0.0020634770044125617,
      "state_hash_seconds": 0.0004911440191790462,
      "clone_seconds": 0.0,
      "restore_seconds": 0.0,
      "file_write_seconds": 6.205897079780698e-05,
      "operation_seconds": 0.19687747198622674,
      "total_phase_seconds": 0.19956193398684263,
      "scope": "file writes include journal intent/add/flush; excludes this timing receipt and checkpoint writes",
      "mode": "stage4_sealed_cell",
      "banner": "sealed Stage 4; scientific admission also requires complete declared populations"
    },
    {
      "phase": "immediate:289",
      "identity_check_kind": "in_memory_structure_and_configuration",
      "recipe_verification_seconds": 0.0,
      "identity_verification_seconds": 0.0,
      "identity_check_seconds": 0.0023326449445448816,
      "state_hash_seconds": 0.023992308997549117,
      "clone_seconds": 0.0,
      "restore_seconds": 0.0,
      "file_write_seconds": 5.7860976085066795e-05,
      "operation_seconds": 0.0839197399909608,
      "total_phase_seconds": 0.11040661699371412,
      "scope": "file writes include journal intent/add/flush; excludes this timing receipt and checkpoint writes",
      "mode": "stage4_sealed_cell",
      "banner": "sealed Stage 4; scientific admission also requires complete declared populations"
    },
    {
      "phase": "edit:290",
      "identity_check_kind": "in_memory_structure_and_configuration",
      "recipe_verification_seconds": 0.0,
      "identity_verification_seconds": 0.0,
      "identity_check_seconds": 0.0026192559744231403,
      "state_hash_seconds": 0.0005710970144718885,
      "clone_seconds": 0.0,
      "restore_seconds": 0.0,
      "file_write_seconds": 6.403203587979078e-05,
      "operation_seconds": 0.09503322798991576,
      "total_phase_seconds": 0.09836964297574013,
      "scope": "file writes include journal intent/add/flush; excludes this timing receipt and checkpoint writes",
      "mode": "stage4_sealed_cell",
      "banner": "sealed Stage 4; scientific admission also requires complete declared populations"
    },
    {
      "phase": "immediate:290",
      "identity_check_kind": "in_memory_structure_and_configuration",
      "recipe_verification_seconds": 0.0,
      "identity_verification_seconds": 0.0,
      "identity_check_seconds": 0.0023733730195090175,
      "state_hash_seconds": 0.02344171010190621,
      "clone_seconds": 0.0,
      "restore_seconds": 0.0,
      "file_write_seconds": 5.941407289355993e-05,
      "operation_seconds": 0.07574988302076235,
      "total_phase_seconds": 0.1017169890110381,
      "scope": "file writes include journal intent/add/flush; excludes this timing receipt and checkpoint writes",
      "mode": "stage4_sealed_cell",
      "banner": "sealed Stage 4; scientific admission also requires complete declared populations"
    },
    {
      "phase": "edit:291",
      "identity_check_kind": "in_memory_structure_and_configuration",
      "recipe_verification_seconds": 0.0,
      "identity_verification_seconds": 0.0,
      "identity_check_seconds": 0.0021280409418977797,
      "state_hash_seconds": 0.00048171600792557,
      "clone_seconds": 0.0,
      "restore_seconds": 0.0,
      "file_write_seconds": 6.089697126299143e-05,
      "operation_seconds": 0.08559824898838997,
      "total_phase_seconds": 0.088330500992015,
      "scope": "file writes include journal intent/add/flush; excludes this timing receipt and checkpoint writes",
      "mode": "stage4_sealed_cell",
      "banner": "sealed Stage 4; scientific admission also requires complete declared populations"
    },
    {
      "phase": "immediate:291",
      "identity_check_kind": "in_memory_structure_and_configuration",
      "recipe_verification_seconds": 0.0,
      "identity_verification_seconds": 0.0,
      "identity_check_seconds": 0.0021958519937470555,
      "state_hash_seconds": 0.023377957986667752,
      "clone_seconds": 0.0,
      "restore_seconds": 0.0,
      "file_write_seconds": 5.901296390220523e-05,
      "operation_seconds": 0.06502284802263603,
      "total_phase_seconds": 0.09075519401812926,
      "scope": "file writes include journal intent/add/flush; excludes this timing receipt and checkpoint writes",
      "mode": "stage4_sealed_cell",
      "banner": "sealed Stage 4; scientific admission also requires complete declared populations"
    },
    {
      "phase": "edit:292",
      "identity_check_kind": "in_memory_structure_and_configuration",
      "recipe_verification_seconds": 0.0,
      "identity_verification_seconds": 0.0,
      "identity_check_seconds": 0.0021261180518195033,
      "state_hash_seconds": 0.0004859340260736644,
      "clone_seconds": 0.0,
      "restore_seconds": 0.0,
      "file_write_seconds": 5.93949225731194e-05,
      "operation_seconds": 0.16958936699666083,
      "total_phase_seconds": 0.17232621798757464,
      "scope": "file writes include journal intent/add/flush; excludes this timing receipt and checkpoint writes",
      "mode": "stage4_sealed_cell",
      "banner": "sealed Stage 4; scientific admission also requires complete declared populations"
    },
    {
      "phase": "immediate:292",
      "identity_check_kind": "in_memory_structure_and_configuration",
      "recipe_verification_seconds": 0.0,
      "identity_verification_seconds": 0.0,
      "identity_check_seconds": 0.0021770059829577804,
      "state_hash_seconds": 0.022931080020498484,
      "clone_seconds": 0.0,
      "restore_seconds": 0.0,
      "file_write_seconds": 0.0047639000113122165,
      "operation_seconds": 0.07194171100854874,
      "total_phase_seconds": 0.10194752196548507,
      "scope": "file writes include journal intent/add/flush; excludes this timing receipt and checkpoint writes",
      "mode": "stage4_sealed_cell",
      "banner": "sealed Stage 4; scientific admission also requires complete declared populations"
    },
    {
      "phase": "edit:293",
      "identity_check_kind": "in_memory_structure_and_configuration",
      "recipe_verification_seconds": 0.0,
      "identity_verification_seconds": 0.0,
      "identity_check_seconds": 0.0022244660067372024,
      "state_hash_seconds": 0.0005399290239438415,
      "clone_seconds": 0.0,
      "restore_seconds": 0.0,
      "file_write_seconds": 0.0012636099709197879,
      "operation_seconds": 0.16732595500070602,
      "total_phase_seconds": 0.1714245649636723,
      "scope": "file writes include journal intent/add/flush; excludes this timing receipt and checkpoint writes",
      "mode": "stage4_sealed_cell",
      "banner": "sealed Stage 4; scientific admission also requires complete declared populations"
    },
    {
      "phase": "immediate:293",
      "identity_check_kind": "in_memory_structure_and_configuration",
      "recipe_verification_seconds": 0.0,
      "identity_verification_seconds": 0.0,
      "identity_check_seconds": 0.0021252770093269646,
      "state_hash_seconds": 0.022899139032233506,
      "clone_seconds": 0.0,
      "restore_seconds": 0.0,
      "file_write_seconds": 6.915203994140029e-05,
      "operation_seconds": 0.08170595503179356,
      "total_phase_seconds": 0.10689753998303786,
      "scope": "file writes include journal intent/add/flush; excludes this timing receipt and checkpoint writes",
      "mode": "stage4_sealed_cell",
      "banner": "sealed Stage 4; scientific admission also requires complete declared populations"
    },
    {
      "phase": "edit:294",
      "identity_check_kind": "in_memory_structure_and_configuration",
      "recipe_verification_seconds": 0.0,
      "identity_verification_seconds": 0.0,
      "identity_check_seconds": 0.002109206048771739,
      "state_hash_seconds": 0.0005354079767130315,
      "clone_seconds": 0.0,
      "restore_seconds": 0.0,
      "file_write_seconds": 6.164796650409698e-05,
      "operation_seconds": 0.09524707001401111,
      "total_phase_seconds": 0.09802516200579703,
      "scope": "file writes include journal intent/add/flush; excludes this timing receipt and checkpoint writes",
      "mode": "stage4_sealed_cell",
      "banner": "sealed Stage 4; scientific admission also requires complete declared populations"
    },
    {
      "phase": "immediate:294",
      "identity_check_kind": "in_memory_structure_and_configuration",
      "recipe_verification_seconds": 0.0,
      "identity_verification_seconds": 0.0,
      "identity_check_seconds": 0.0019118659547530115,
      "state_hash_seconds": 0.0232814839691855,
      "clone_seconds": 0.0,
      "restore_seconds": 0.0,
      "file_write_seconds": 5.93149452470243e-05,
      "operation_seconds": 0.06460283102933317,
      "total_phase_seconds": 0.0899466989794746,
      "scope": "file writes include journal intent/add/flush; excludes this timing receipt and checkpoint writes",
      "mode": "stage4_sealed_cell",
      "banner": "sealed Stage 4; scientific admission also requires complete declared populations"
    },
    {
      "phase": "edit:295",
      "identity_check_kind": "in_memory_structure_and_configuration",
      "recipe_verification_seconds": 0.0,
      "identity_verification_seconds": 0.0,
      "identity_check_seconds": 0.002178799011744559,
      "state_hash_seconds": 0.0006219859351404011,
      "clone_seconds": 0.0,
      "restore_seconds": 0.0,
      "file_write_seconds": 5.9654004871845245e-05,
      "operation_seconds": 0.23627419903641567,
      "total_phase_seconds": 0.23920833104057238,
      "scope": "file writes include journal intent/add/flush; excludes this timing receipt and checkpoint writes",
      "mode": "stage4_sealed_cell",
      "banner": "sealed Stage 4; scientific admission also requires complete declared populations"
    },
    {
      "phase": "immediate:295",
      "identity_check_kind": "in_memory_structure_and_configuration",
      "recipe_verification_seconds": 0.0,
      "identity_verification_seconds": 0.0,
      "identity_check_seconds": 0.002187937032431364,
      "state_hash_seconds": 0.02328933699754998,
      "clone_seconds": 0.0,
      "restore_seconds": 0.0,
      "file_write_seconds": 5.7190016377717257e-05,
      "operation_seconds": 0.09642154799075797,
      "total_phase_seconds": 0.12205624498892576,
      "scope": "file writes include journal intent/add/flush; excludes this timing receipt and checkpoint writes",
      "mode": "stage4_sealed_cell",
      "banner": "sealed Stage 4; scientific admission also requires complete declared populations"
    },
    {
      "phase": "edit:296",
      "identity_check_kind": "in_memory_structure_and_configuration",
      "recipe_verification_seconds": 0.0,
      "identity_verification_seconds": 0.0,
      "identity_check_seconds": 0.0020732349948957562,
      "state_hash_seconds": 0.000480733928270638,
      "clone_seconds": 0.0,
      "restore_seconds": 0.0,
      "file_write_seconds": 6.211892468854785e-05,
      "operation_seconds": 0.17298190895235166,
      "total_phase_seconds": 0.17567002802388743,
      "scope": "file writes include journal intent/add/flush; excludes this timing receipt and checkpoint writes",
      "mode": "stage4_sealed_cell",
      "banner": "sealed Stage 4; scientific admission also requires complete declared populations"
    },
    {
      "phase": "immediate:296",
      "identity_check_kind": "in_memory_structure_and_configuration",
      "recipe_verification_seconds": 0.0,
      "identity_verification_seconds": 0.0,
      "identity_check_seconds": 0.002151086926460266,
      "state_hash_seconds": 0.023329425079282373,
      "clone_seconds": 0.0,
      "restore_seconds": 0.0,
      "file_write_seconds": 6.072799442335963e-05,
      "operation_seconds": 0.08054393995553255,
      "total_phase_seconds": 0.10618468001484871,
      "scope": "file writes include journal intent/add/flush; excludes this timing receipt and checkpoint writes",
      "mode": "stage4_sealed_cell",
      "banner": "sealed Stage 4; scientific admission also requires complete declared populations"
    },
    {
      "phase": "edit:297",
      "identity_check_kind": "in_memory_structure_and_configuration",
      "recipe_verification_seconds": 0.0,
      "identity_verification_seconds": 0.0,
      "identity_check_seconds": 0.0022620990057475865,
      "state_hash_seconds": 0.0006167861283756793,
      "clone_seconds": 0.0,
      "restore_seconds": 0.0,
      "file_write_seconds": 6.063695764169097e-05,
      "operation_seconds": 0.12068320502294227,
      "total_phase_seconds": 0.12370217900024727,
      "scope": "file writes include journal intent/add/flush; excludes this timing receipt and checkpoint writes",
      "mode": "stage4_sealed_cell",
      "banner": "sealed Stage 4; scientific admission also requires complete declared populations"
    },
    {
      "phase": "immediate:297",
      "identity_check_kind": "in_memory_structure_and_configuration",
      "recipe_verification_seconds": 0.0,
      "identity_verification_seconds": 0.0,
      "identity_check_seconds": 0.0023157320101745427,
      "state_hash_seconds": 0.02487147896317765,
      "clone_seconds": 0.0,
      "restore_seconds": 0.0,
      "file_write_seconds": 6.28309790045023e-05,
      "operation_seconds": 0.08529656799510121,
      "total_phase_seconds": 0.11265600100159645,
      "scope": "file writes include journal intent/add/flush; excludes this timing receipt and checkpoint writes",
      "mode": "stage4_sealed_cell",
      "banner": "sealed Stage 4; scientific admission also requires complete declared populations"
    },
    {
      "phase": "edit:298",
      "identity_check_kind": "in_memory_structure_and_configuration",
      "recipe_verification_seconds": 0.0,
      "identity_verification_seconds": 0.0,
      "identity_check_seconds": 0.0022771789808757603,
      "state_hash_seconds": 0.0005990210338495672,
      "clone_seconds": 0.0,
      "restore_seconds": 0.0,
      "file_write_seconds": 6.076594581827521e-05,
      "operation_seconds": 0.23782317695440724,
      "total_phase_seconds": 0.24083678104216233,
      "scope": "file writes include journal intent/add/flush; excludes this timing receipt and checkpoint writes",
      "mode": "stage4_sealed_cell",
      "banner": "sealed Stage 4; scientific admission also requires complete declared populations"
    },
    {
      "phase": "immediate:298",
      "identity_check_kind": "in_memory_structure_and_configuration",
      "recipe_verification_seconds": 0.0,
      "identity_verification_seconds": 0.0,
      "identity_check_seconds": 0.0022286949679255486,
      "state_hash_seconds": 0.024368663085624576,
      "clone_seconds": 0.0,
      "restore_seconds": 0.0,
      "file_write_seconds": 5.987501936033368e-05,
      "operation_seconds": 0.09315967600559816,
      "total_phase_seconds": 0.11991832498461008,
      "scope": "file writes include journal intent/add/flush; excludes this timing receipt and checkpoint writes",
      "mode": "stage4_sealed_cell",
      "banner": "sealed Stage 4; scientific admission also requires complete declared populations"
    },
    {
      "phase": "edit:299",
      "identity_check_kind": "in_memory_structure_and_configuration",
      "recipe_verification_seconds": 0.0,
      "identity_verification_seconds": 0.0,
      "identity_check_seconds": 0.0024344799458049238,
      "state_hash_seconds": 0.0005755960009992123,
      "clone_seconds": 0.0,
      "restore_seconds": 0.0,
      "file_write_seconds": 6.12780568189919e-05,
      "operation_seconds": 0.12493970897048712,
      "total_phase_seconds": 0.12809279200155288,
      "scope": "file writes include journal intent/add/flush; excludes this timing receipt and checkpoint writes",
      "mode": "stage4_sealed_cell",
      "banner": "sealed Stage 4; scientific admission also requires complete declared populations"
    },
    {
      "phase": "immediate:299",
      "identity_check_kind": "in_memory_structure_and_configuration",
      "recipe_verification_seconds": 0.0,
      "identity_verification_seconds": 0.0,
      "identity_check_seconds": 0.002139304007869214,
      "state_hash_seconds": 0.02443738403962925,
      "clone_seconds": 0.0,
      "restore_seconds": 0.0,
      "file_write_seconds": 5.981494905427098e-05,
      "operation_seconds": 0.0855339439585805,
      "total_phase_seconds": 0.11227468802826479,
      "scope": "file writes include journal intent/add/flush; excludes this timing receipt and checkpoint writes",
      "mode": "stage4_sealed_cell",
      "banner": "sealed Stage 4; scientific admission also requires complete declared populations"
    },
    {
      "phase": "edit:300",
      "identity_check_kind": "in_memory_structure_and_configuration",
      "recipe_verification_seconds": 0.0,
      "identity_verification_seconds": 0.0,
      "identity_check_seconds": 0.002160164003726095,
      "state_hash_seconds": 0.0005761070060543716,
      "clone_seconds": 0.0,
      "restore_seconds": 0.0,
      "file_write_seconds": 6.05260138399899e-05,
      "operation_seconds": 0.0966894329758361,
      "total_phase_seconds": 0.09957091300748289,
      "scope": "file writes include journal intent/add/flush; excludes this timing receipt and checkpoint writes",
      "mode": "stage4_sealed_cell",
      "banner": "sealed Stage 4; scientific admission also requires complete declared populations"
    },
    {
      "phase": "immediate:300",
      "identity_check_kind": "in_memory_structure_and_configuration",
      "recipe_verification_seconds": 0.0,
      "identity_verification_seconds": 0.0,
      "identity_check_seconds": 0.0020260559977032244,
      "state_hash_seconds": 0.024206340953242034,
      "clone_seconds": 0.0,
      "restore_seconds": 0.0,
      "file_write_seconds": 6.276997737586498e-05,
      "operation_seconds": 0.06573427602415904,
      "total_phase_seconds": 0.09213246102444828,
      "scope": "file writes include journal intent/add/flush; excludes this timing receipt and checkpoint writes",
      "mode": "stage4_sealed_cell",
      "banner": "sealed Stage 4; scientific admission also requires complete declared populations"
    },
    {
      "phase": "retention:300",
      "identity_check_kind": "in_memory_structure_and_configuration",
      "recipe_verification_seconds": 0.0,
      "identity_verification_seconds": 0.0,
      "identity_check_seconds": 0.0023845849791541696,
      "state_hash_seconds": 0.023936723009683192,
      "clone_seconds": 0.0,
      "restore_seconds": 0.0,
      "file_write_seconds": 0.007451235956978053,
      "operation_seconds": 25.230467148008756,
      "total_phase_seconds": 25.270292178960517,
      "scope": "file writes include journal intent/add/flush; excludes this timing receipt and checkpoint writes",
      "mode": "stage4_sealed_cell",
      "banner": "sealed Stage 4; scientific admission also requires complete declared populations"
    },
    {
      "phase": "locality:300",
      "identity_check_kind": "in_memory_structure_and_configuration",
      "recipe_verification_seconds": 0.0,
      "identity_verification_seconds": 0.0,
      "identity_check_seconds": 0.002178018039558083,
      "state_hash_seconds": 0.02437055594054982,
      "clone_seconds": 0.0,
      "restore_seconds": 0.0,
      "file_write_seconds": 0.0010570519953034818,
      "operation_seconds": 6.326334985962603,
      "total_phase_seconds": 6.355430497031193,
      "scope": "file writes include journal intent/add/flush; excludes this timing receipt and checkpoint writes",
      "mode": "stage4_sealed_cell",
      "banner": "sealed Stage 4; scientific admission also requires complete declared populations"
    },
    {
      "phase": "unseen:300",
      "identity_check_kind": "in_memory_structure_and_configuration",
      "recipe_verification_seconds": 0.0,
      "identity_verification_seconds": 0.0,
      "identity_check_seconds": 0.002299581072293222,
      "state_hash_seconds": 0.024240848026238382,
      "clone_seconds": 0.0,
      "restore_seconds": 0.0,
      "file_write_seconds": 0.002265745948534459,
      "operation_seconds": 62.50183205597568,
      "total_phase_seconds": 62.532790569006465,
      "scope": "file writes include journal intent/add/flush; excludes this timing receipt and checkpoint writes",
      "mode": "stage4_sealed_cell",
      "banner": "sealed Stage 4; scientific admission also requires complete declared populations"
    },
    {
      "phase": "near_miss:300",
      "identity_check_kind": "in_memory_structure_and_configuration",
      "recipe_verification_seconds": 0.0,
      "identity_verification_seconds": 0.0,
      "identity_check_seconds": 0.002209208032581955,
      "state_hash_seconds": 0.030286160996183753,
      "clone_seconds": 0.001914039021357894,
      "restore_seconds": 0.017438027949538082,
      "file_write_seconds": 0.0052811840432696044,
      "operation_seconds": 86.04925791197456,
      "total_phase_seconds": 86.11078878596891,
      "scope": "file writes include journal intent/add/flush; excludes this timing receipt and checkpoint writes",
      "mode": "stage4_sealed_cell",
      "banner": "sealed Stage 4; scientific admission also requires complete declared populations"
    },
    {
      "phase": "revision:300",
      "identity_check_kind": "in_memory_structure_and_configuration",
      "recipe_verification_seconds": 0.0,
      "identity_verification_seconds": 0.0,
      "identity_check_seconds": 0.0021989570232108235,
      "state_hash_seconds": 0.030032831942662597,
      "clone_seconds": 0.0014750559930689633,
      "restore_seconds": 0.017725440964568406,
      "file_write_seconds": 0.0037593069719150662,
      "operation_seconds": 49.640044908970594,
      "total_phase_seconds": 49.69812096998794,
      "scope": "file writes include journal intent/add/flush; excludes this timing receipt and checkpoint writes",
      "mode": "stage4_sealed_cell",
      "banner": "sealed Stage 4; scientific admission also requires complete declared populations"
    },
    {
      "phase": "composition:300",
      "identity_check_kind": "in_memory_structure_and_configuration",
      "recipe_verification_seconds": 0.0,
      "identity_verification_seconds": 0.0,
      "identity_check_seconds": 0.0021414970397017896,
      "state_hash_seconds": 0.02990985696669668,
      "clone_seconds": 0.0012232610024511814,
      "restore_seconds": 0.01800661999732256,
      "file_write_seconds": 0.006991682981606573,
      "operation_seconds": 60.53472498699557,
      "total_phase_seconds": 60.59966730995802,
      "scope": "file writes include journal intent/add/flush; excludes this timing receipt and checkpoint writes",
      "mode": "stage4_sealed_cell",
      "banner": "sealed Stage 4; scientific admission also requires complete declared populations"
    },
    {
      "phase": "drift:300",
      "identity_check_kind": "in_memory_structure_and_configuration",
      "recipe_verification_seconds": 0.0,
      "identity_verification_seconds": 0.0,
      "identity_check_seconds": 0.0021751419990323484,
      "state_hash_seconds": 0.024124834046233445,
      "clone_seconds": 0.0,
      "restore_seconds": 0.0,
      "file_write_seconds": 0.09006662992760539,
      "operation_seconds": 61.09690166404471,
      "total_phase_seconds": 61.30327334004687,
      "scope": "file writes include journal intent/add/flush; excludes this timing receipt and checkpoint writes",
      "mode": "stage4_sealed_cell",
      "banner": "sealed Stage 4; scientific admission also requires complete declared populations"
    },
    {
      "phase": "full_validation:300",
      "identity_check_kind": "in_memory_structure_and_configuration",
      "recipe_verification_seconds": 0.0,
      "identity_verification_seconds": 0.0,
      "identity_check_seconds": 0.002158485003747046,
      "state_hash_seconds": 0.024673594976775348,
      "clone_seconds": 0.0,
      "restore_seconds": 0.0,
      "file_write_seconds": 6.636697798967361e-05,
      "operation_seconds": 824.4540161330369,
      "total_phase_seconds": 824.4842745390488,
      "scope": "file writes include journal intent/add/flush; excludes this timing receipt and checkpoint writes",
      "mode": "stage4_sealed_cell",
      "banner": "sealed Stage 4; scientific admission also requires complete declared populations"
    }
  ],
  "boundary_identity_checks": [
    {
      "boundary": "attempt_start",
      "kind": "full_recipe_and_adapter_rehash",
      "seconds": 1.1634054969763383
    },
    {
      "boundary": "checkpoint:100",
      "kind": "full_recipe_and_adapter_rehash",
      "seconds": 1.148141247977037
    },
    {
      "boundary": "checkpoint:300",
      "kind": "full_recipe_and_adapter_rehash",
      "seconds": 1.3351254150038585
    },
    {
      "boundary": "completion",
      "kind": "full_recipe_and_adapter_rehash",
      "seconds": 1.1595916519872844
    }
  ],
  "boundary_identity_seconds": 4.806263811944518,
  "identity_policy": "full rehash at attempt start, resume after restore, every checkpoint before receipt, and completion; cheap immutable memory check each phase",
  "mode": "stage4_sealed_cell"
}
