cell_id,dataset,condition,realization,order,checkpoint,reference,near_zero_loss_change,loss_positive_positions,kl_positions,kl_windows,window_mean_kl
61348508e40d54351613ab14,zsre,R1_learned_ff,0,100,1000,capoff,"{""count"":244760,""denominator"":245237,""fraction"":0.9980549427696473}","{""fraction_for_half_mass"":0.00028136047986233723,""gini"":0.9992219819398575,""minimum_count_for_half_mass"":69,""n"":245237,""positive_count"":401,""top_shares"":{""0.001"":0.9207173842005372,""0.01"":1.0000000000000004},""total"":634.6886613573897,""zero_count"":244836}","{""fraction_for_half_mass"":0.00028136047986233723,""gini"":0.9991657436433359,""minimum_count_for_half_mass"":69,""n"":245237,""positive_count"":477,""top_shares"":{""0.001"":0.8906509468435647,""0.01"":1.0},""total"":584.0300568025491,""zero_count"":244760}","{""fraction_for_half_mass"":0.011393060590367685,""gini"":0.9640878437770195,""minimum_count_for_half_mass"":22,""n"":1931,""positive_count"":200,""top_shares"":{""0.01"":0.46822219851912195,""0.05"":0.92442636453417,""0.1"":0.9991619212587851},""total"":4.598661864587,""zero_count"":1731}","{""benchmark_pass_count"":1739,""n"":1931,""quantiles"":{""0.5"":0.0,""0.9"":0.0009306729334704421,""0.99"":0.061648771369203104,""1.0"":0.24254365308905304},""strict_exceedances"":{""0.01"":90,""0.1"":8}}"
61348508e40d54351613ab14,zsre,R1_learned_ff,0,100,1000,original,"{""count"":244760,""denominator"":245237,""fraction"":0.9980549427696473}","{""fraction_for_half_mass"":0.00028136047986233723,""gini"":0.9992219819398575,""minimum_count_for_half_mass"":69,""n"":245237,""positive_count"":401,""top_shares"":{""0.001"":0.9207173842005372,""0.01"":1.0000000000000004},""total"":634.6886613573897,""zero_count"":244836}","{""fraction_for_half_mass"":0.00028136047986233723,""gini"":0.9991657436433359,""minimum_count_for_half_mass"":69,""n"":245237,""positive_count"":477,""top_shares"":{""0.001"":0.8906509468435647,""0.01"":1.0},""total"":584.0300568025491,""zero_count"":244760}","{""fraction_for_half_mass"":0.011393060590367685,""gini"":0.9640878437770195,""minimum_count_for_half_mass"":22,""n"":1931,""positive_count"":200,""top_shares"":{""0.01"":0.46822219851912195,""0.05"":0.92442636453417,""0.1"":0.9991619212587851},""total"":4.598661864587,""zero_count"":1731}","{""benchmark_pass_count"":1739,""n"":1931,""quantiles"":{""0.5"":0.0,""0.9"":0.0009306729334704421,""0.99"":0.061648771369203104,""1.0"":0.24254365308905304},""strict_exceedances"":{""0.01"":90,""0.1"":8}}"
88af67fa5945b642e8ba7974,zsre,R1_learned_ff,0,101,1000,capoff,"{""count"":244760,""denominator"":245237,""fraction"":0.9980549427696473}","{""fraction_for_half_mass"":0.00028136047986233723,""gini"":0.9992219819398575,""minimum_count_for_half_mass"":69,""n"":245237,""positive_count"":401,""top_shares"":{""0.001"":0.9207173842005372,""0.01"":1.0000000000000004},""total"":634.6886613573897,""zero_count"":244836}","{""fraction_for_half_mass"":0.00028136047986233723,""gini"":0.9991657436433359,""minimum_count_for_half_mass"":69,""n"":245237,""positive_count"":477,""top_shares"":{""0.001"":0.8906509468435647,""0.01"":1.0},""total"":584.0300568025491,""zero_count"":244760}","{""fraction_for_half_mass"":0.011393060590367685,""gini"":0.9640878437770195,""minimum_count_for_half_mass"":22,""n"":1931,""positive_count"":200,""top_shares"":{""0.01"":0.46822219851912195,""0.05"":0.92442636453417,""0.1"":0.9991619212587851},""total"":4.598661864587,""zero_count"":1731}","{""benchmark_pass_count"":1739,""n"":1931,""quantiles"":{""0.5"":0.0,""0.9"":0.0009306729334704421,""0.99"":0.061648771369203104,""1.0"":0.24254365308905304},""strict_exceedances"":{""0.01"":90,""0.1"":8}}"
88af67fa5945b642e8ba7974,zsre,R1_learned_ff,0,101,1000,original,"{""count"":244760,""denominator"":245237,""fraction"":0.9980549427696473}","{""fraction_for_half_mass"":0.00028136047986233723,""gini"":0.9992219819398575,""minimum_count_for_half_mass"":69,""n"":245237,""positive_count"":401,""top_shares"":{""0.001"":0.9207173842005372,""0.01"":1.0000000000000004},""total"":634.6886613573897,""zero_count"":244836}","{""fraction_for_half_mass"":0.00028136047986233723,""gini"":0.9991657436433359,""minimum_count_for_half_mass"":69,""n"":245237,""positive_count"":477,""top_shares"":{""0.001"":0.8906509468435647,""0.01"":1.0},""total"":584.0300568025491,""zero_count"":244760}","{""fraction_for_half_mass"":0.011393060590367685,""gini"":0.9640878437770195,""minimum_count_for_half_mass"":22,""n"":1931,""positive_count"":200,""top_shares"":{""0.01"":0.46822219851912195,""0.05"":0.92442636453417,""0.1"":0.9991619212587851},""total"":4.598661864587,""zero_count"":1731}","{""benchmark_pass_count"":1739,""n"":1931,""quantiles"":{""0.5"":0.0,""0.9"":0.0009306729334704421,""0.99"":0.061648771369203104,""1.0"":0.24254365308905304},""strict_exceedances"":{""0.01"":90,""0.1"":8}}"
915f97b05f3fa2a81de09cdf,zsre,R1_learned_ff,0,102,1000,capoff,"{""count"":244760,""denominator"":245237,""fraction"":0.9980549427696473}","{""fraction_for_half_mass"":0.00028136047986233723,""gini"":0.9992219819398575,""minimum_count_for_half_mass"":69,""n"":245237,""positive_count"":401,""top_shares"":{""0.001"":0.9207173842005372,""0.01"":1.0000000000000004},""total"":634.6886613573897,""zero_count"":244836}","{""fraction_for_half_mass"":0.00028136047986233723,""gini"":0.9991657436433359,""minimum_count_for_half_mass"":69,""n"":245237,""positive_count"":477,""top_shares"":{""0.001"":0.8906509468435647,""0.01"":1.0},""total"":584.0300568025491,""zero_count"":244760}","{""fraction_for_half_mass"":0.011393060590367685,""gini"":0.9640878437770195,""minimum_count_for_half_mass"":22,""n"":1931,""positive_count"":200,""top_shares"":{""0.01"":0.46822219851912195,""0.05"":0.92442636453417,""0.1"":0.9991619212587851},""total"":4.598661864587,""zero_count"":1731}","{""benchmark_pass_count"":1739,""n"":1931,""quantiles"":{""0.5"":0.0,""0.9"":0.0009306729334704421,""0.99"":0.061648771369203104,""1.0"":0.24254365308905304},""strict_exceedances"":{""0.01"":90,""0.1"":8}}"
915f97b05f3fa2a81de09cdf,zsre,R1_learned_ff,0,102,1000,original,"{""count"":244760,""denominator"":245237,""fraction"":0.9980549427696473}","{""fraction_for_half_mass"":0.00028136047986233723,""gini"":0.9992219819398575,""minimum_count_for_half_mass"":69,""n"":245237,""positive_count"":401,""top_shares"":{""0.001"":0.9207173842005372,""0.01"":1.0000000000000004},""total"":634.6886613573897,""zero_count"":244836}","{""fraction_for_half_mass"":0.00028136047986233723,""gini"":0.9991657436433359,""minimum_count_for_half_mass"":69,""n"":245237,""positive_count"":477,""top_shares"":{""0.001"":0.8906509468435647,""0.01"":1.0},""total"":584.0300568025491,""zero_count"":244760}","{""fraction_for_half_mass"":0.011393060590367685,""gini"":0.9640878437770195,""minimum_count_for_half_mass"":22,""n"":1931,""positive_count"":200,""top_shares"":{""0.01"":0.46822219851912195,""0.05"":0.92442636453417,""0.1"":0.9991619212587851},""total"":4.598661864587,""zero_count"":1731}","{""benchmark_pass_count"":1739,""n"":1931,""quantiles"":{""0.5"":0.0,""0.9"":0.0009306729334704421,""0.99"":0.061648771369203104,""1.0"":0.24254365308905304},""strict_exceedances"":{""0.01"":90,""0.1"":8}}"
4aa4849ba414edab2504f56b,zsre,R1_learned_ff,0,103,1000,capoff,"{""count"":244760,""denominator"":245237,""fraction"":0.9980549427696473}","{""fraction_for_half_mass"":0.00028136047986233723,""gini"":0.9992219819398575,""minimum_count_for_half_mass"":69,""n"":245237,""positive_count"":401,""top_shares"":{""0.001"":0.9207173842005372,""0.01"":1.0000000000000004},""total"":634.6886613573897,""zero_count"":244836}","{""fraction_for_half_mass"":0.00028136047986233723,""gini"":0.9991657436433359,""minimum_count_for_half_mass"":69,""n"":245237,""positive_count"":477,""top_shares"":{""0.001"":0.8906509468435647,""0.01"":1.0},""total"":584.0300568025491,""zero_count"":244760}","{""fraction_for_half_mass"":0.011393060590367685,""gini"":0.9640878437770195,""minimum_count_for_half_mass"":22,""n"":1931,""positive_count"":200,""top_shares"":{""0.01"":0.46822219851912195,""0.05"":0.92442636453417,""0.1"":0.9991619212587851},""total"":4.598661864587,""zero_count"":1731}","{""benchmark_pass_count"":1739,""n"":1931,""quantiles"":{""0.5"":0.0,""0.9"":0.0009306729334704421,""0.99"":0.061648771369203104,""1.0"":0.24254365308905304},""strict_exceedances"":{""0.01"":90,""0.1"":8}}"
4aa4849ba414edab2504f56b,zsre,R1_learned_ff,0,103,1000,original,"{""count"":244760,""denominator"":245237,""fraction"":0.9980549427696473}","{""fraction_for_half_mass"":0.00028136047986233723,""gini"":0.9992219819398575,""minimum_count_for_half_mass"":69,""n"":245237,""positive_count"":401,""top_shares"":{""0.001"":0.9207173842005372,""0.01"":1.0000000000000004},""total"":634.6886613573897,""zero_count"":244836}","{""fraction_for_half_mass"":0.00028136047986233723,""gini"":0.9991657436433359,""minimum_count_for_half_mass"":69,""n"":245237,""positive_count"":477,""top_shares"":{""0.001"":0.8906509468435647,""0.01"":1.0},""total"":584.0300568025491,""zero_count"":244760}","{""fraction_for_half_mass"":0.011393060590367685,""gini"":0.9640878437770195,""minimum_count_for_half_mass"":22,""n"":1931,""positive_count"":200,""top_shares"":{""0.01"":0.46822219851912195,""0.05"":0.92442636453417,""0.1"":0.9991619212587851},""total"":4.598661864587,""zero_count"":1731}","{""benchmark_pass_count"":1739,""n"":1931,""quantiles"":{""0.5"":0.0,""0.9"":0.0009306729334704421,""0.99"":0.061648771369203104,""1.0"":0.24254365308905304},""strict_exceedances"":{""0.01"":90,""0.1"":8}}"
9ebc93cc7912bd5d1c929418,zsre,R1_learned_ff,0,104,1000,capoff,"{""count"":244760,""denominator"":245237,""fraction"":0.9980549427696473}","{""fraction_for_half_mass"":0.00028136047986233723,""gini"":0.9992219819398575,""minimum_count_for_half_mass"":69,""n"":245237,""positive_count"":401,""top_shares"":{""0.001"":0.9207173842005372,""0.01"":1.0000000000000004},""total"":634.6886613573897,""zero_count"":244836}","{""fraction_for_half_mass"":0.00028136047986233723,""gini"":0.9991657436433359,""minimum_count_for_half_mass"":69,""n"":245237,""positive_count"":477,""top_shares"":{""0.001"":0.8906509468435647,""0.01"":1.0},""total"":584.0300568025491,""zero_count"":244760}","{""fraction_for_half_mass"":0.011393060590367685,""gini"":0.9640878437770195,""minimum_count_for_half_mass"":22,""n"":1931,""positive_count"":200,""top_shares"":{""0.01"":0.46822219851912195,""0.05"":0.92442636453417,""0.1"":0.9991619212587851},""total"":4.598661864587,""zero_count"":1731}","{""benchmark_pass_count"":1739,""n"":1931,""quantiles"":{""0.5"":0.0,""0.9"":0.0009306729334704421,""0.99"":0.061648771369203104,""1.0"":0.24254365308905304},""strict_exceedances"":{""0.01"":90,""0.1"":8}}"
9ebc93cc7912bd5d1c929418,zsre,R1_learned_ff,0,104,1000,original,"{""count"":244760,""denominator"":245237,""fraction"":0.9980549427696473}","{""fraction_for_half_mass"":0.00028136047986233723,""gini"":0.9992219819398575,""minimum_count_for_half_mass"":69,""n"":245237,""positive_count"":401,""top_shares"":{""0.001"":0.9207173842005372,""0.01"":1.0000000000000004},""total"":634.6886613573897,""zero_count"":244836}","{""fraction_for_half_mass"":0.00028136047986233723,""gini"":0.9991657436433359,""minimum_count_for_half_mass"":69,""n"":245237,""positive_count"":477,""top_shares"":{""0.001"":0.8906509468435647,""0.01"":1.0},""total"":584.0300568025491,""zero_count"":244760}","{""fraction_for_half_mass"":0.011393060590367685,""gini"":0.9640878437770195,""minimum_count_for_half_mass"":22,""n"":1931,""positive_count"":200,""top_shares"":{""0.01"":0.46822219851912195,""0.05"":0.92442636453417,""0.1"":0.9991619212587851},""total"":4.598661864587,""zero_count"":1731}","{""benchmark_pass_count"":1739,""n"":1931,""quantiles"":{""0.5"":0.0,""0.9"":0.0009306729334704421,""0.99"":0.061648771369203104,""1.0"":0.24254365308905304},""strict_exceedances"":{""0.01"":90,""0.1"":8}}"
ce0d0ffc2a58a60e27c460d9,counterfact,R1_learned_ff,0,100,1000,capoff,"{""count"":244388,""denominator"":245237,""fraction"":0.996538042791259}","{""fraction_for_half_mass"":0.0005015556380154707,""gini"":0.9986001317126882,""minimum_count_for_half_mass"":123,""n"":245237,""positive_count"":739,""top_shares"":{""0.001"":0.7360659032518508,""0.01"":0.9999999999999999},""total"":1496.1173888109918,""zero_count"":244498}","{""fraction_for_half_mass"":0.00048524488555968306,""gini"":0.9986005628317627,""minimum_count_for_half_mass"":119,""n"":245237,""positive_count"":849,""top_shares"":{""0.001"":0.7507877687645002,""0.01"":1.0000000000000002},""total"":1413.8839817673452,""zero_count"":244388}","{""fraction_for_half_mass"":0.03210771620921802,""gini"":0.9102165120021284,""minimum_count_for_half_mass"":62,""n"":1931,""positive_count"":391,""top_shares"":{""0.01"":0.22955938618447919,""0.05"":0.6430781404130063,""0.1"":0.8783685862412328},""total"":11.132944738325554,""zero_count"":1540}","{""benchmark_pass_count"":1554,""n"":1931,""quantiles"":{""0.5"":0.0,""0.9"":0.018243115241404862,""0.99"":0.10131651157575347,""1.0"":0.21540587310670936},""strict_exceedances"":{""0.01"":248,""0.1"":20}}"
ce0d0ffc2a58a60e27c460d9,counterfact,R1_learned_ff,0,100,1000,original,"{""count"":244388,""denominator"":245237,""fraction"":0.996538042791259}","{""fraction_for_half_mass"":0.0005015556380154707,""gini"":0.9986001317126882,""minimum_count_for_half_mass"":123,""n"":245237,""positive_count"":739,""top_shares"":{""0.001"":0.7360659032518508,""0.01"":0.9999999999999999},""total"":1496.1173888109918,""zero_count"":244498}","{""fraction_for_half_mass"":0.00048524488555968306,""gini"":0.9986005628317627,""minimum_count_for_half_mass"":119,""n"":245237,""positive_count"":849,""top_shares"":{""0.001"":0.7507877687645002,""0.01"":1.0000000000000002},""total"":1413.8839817673452,""zero_count"":244388}","{""fraction_for_half_mass"":0.03210771620921802,""gini"":0.9102165120021284,""minimum_count_for_half_mass"":62,""n"":1931,""positive_count"":391,""top_shares"":{""0.01"":0.22955938618447919,""0.05"":0.6430781404130063,""0.1"":0.8783685862412328},""total"":11.132944738325554,""zero_count"":1540}","{""benchmark_pass_count"":1554,""n"":1931,""quantiles"":{""0.5"":0.0,""0.9"":0.018243115241404862,""0.99"":0.10131651157575347,""1.0"":0.21540587310670936},""strict_exceedances"":{""0.01"":248,""0.1"":20}}"
95dfb24c6361b2d38dd60e9b,counterfact,R1_learned_ff,0,101,1000,capoff,"{""count"":244388,""denominator"":245237,""fraction"":0.996538042791259}","{""fraction_for_half_mass"":0.0005015556380154707,""gini"":0.9986001317126882,""minimum_count_for_half_mass"":123,""n"":245237,""positive_count"":739,""top_shares"":{""0.001"":0.7360659032518508,""0.01"":0.9999999999999999},""total"":1496.1173888109918,""zero_count"":244498}","{""fraction_for_half_mass"":0.00048524488555968306,""gini"":0.9986005628317627,""minimum_count_for_half_mass"":119,""n"":245237,""positive_count"":849,""top_shares"":{""0.001"":0.7507877687645002,""0.01"":1.0000000000000002},""total"":1413.8839817673452,""zero_count"":244388}","{""fraction_for_half_mass"":0.03210771620921802,""gini"":0.9102165120021284,""minimum_count_for_half_mass"":62,""n"":1931,""positive_count"":391,""top_shares"":{""0.01"":0.22955938618447919,""0.05"":0.6430781404130063,""0.1"":0.8783685862412328},""total"":11.132944738325554,""zero_count"":1540}","{""benchmark_pass_count"":1554,""n"":1931,""quantiles"":{""0.5"":0.0,""0.9"":0.018243115241404862,""0.99"":0.10131651157575347,""1.0"":0.21540587310670936},""strict_exceedances"":{""0.01"":248,""0.1"":20}}"
95dfb24c6361b2d38dd60e9b,counterfact,R1_learned_ff,0,101,1000,original,"{""count"":244388,""denominator"":245237,""fraction"":0.996538042791259}","{""fraction_for_half_mass"":0.0005015556380154707,""gini"":0.9986001317126882,""minimum_count_for_half_mass"":123,""n"":245237,""positive_count"":739,""top_shares"":{""0.001"":0.7360659032518508,""0.01"":0.9999999999999999},""total"":1496.1173888109918,""zero_count"":244498}","{""fraction_for_half_mass"":0.00048524488555968306,""gini"":0.9986005628317627,""minimum_count_for_half_mass"":119,""n"":245237,""positive_count"":849,""top_shares"":{""0.001"":0.7507877687645002,""0.01"":1.0000000000000002},""total"":1413.8839817673452,""zero_count"":244388}","{""fraction_for_half_mass"":0.03210771620921802,""gini"":0.9102165120021284,""minimum_count_for_half_mass"":62,""n"":1931,""positive_count"":391,""top_shares"":{""0.01"":0.22955938618447919,""0.05"":0.6430781404130063,""0.1"":0.8783685862412328},""total"":11.132944738325554,""zero_count"":1540}","{""benchmark_pass_count"":1554,""n"":1931,""quantiles"":{""0.5"":0.0,""0.9"":0.018243115241404862,""0.99"":0.10131651157575347,""1.0"":0.21540587310670936},""strict_exceedances"":{""0.01"":248,""0.1"":20}}"
6d0915056b1e76d8ee8795ff,counterfact,R1_learned_ff,0,102,1000,capoff,"{""count"":244388,""denominator"":245237,""fraction"":0.996538042791259}","{""fraction_for_half_mass"":0.0005015556380154707,""gini"":0.9986001317126882,""minimum_count_for_half_mass"":123,""n"":245237,""positive_count"":739,""top_shares"":{""0.001"":0.7360659032518508,""0.01"":0.9999999999999999},""total"":1496.1173888109918,""zero_count"":244498}","{""fraction_for_half_mass"":0.00048524488555968306,""gini"":0.9986005628317627,""minimum_count_for_half_mass"":119,""n"":245237,""positive_count"":849,""top_shares"":{""0.001"":0.7507877687645002,""0.01"":1.0000000000000002},""total"":1413.8839817673452,""zero_count"":244388}","{""fraction_for_half_mass"":0.03210771620921802,""gini"":0.9102165120021284,""minimum_count_for_half_mass"":62,""n"":1931,""positive_count"":391,""top_shares"":{""0.01"":0.22955938618447919,""0.05"":0.6430781404130063,""0.1"":0.8783685862412328},""total"":11.132944738325554,""zero_count"":1540}","{""benchmark_pass_count"":1554,""n"":1931,""quantiles"":{""0.5"":0.0,""0.9"":0.018243115241404862,""0.99"":0.10131651157575347,""1.0"":0.21540587310670936},""strict_exceedances"":{""0.01"":248,""0.1"":20}}"
6d0915056b1e76d8ee8795ff,counterfact,R1_learned_ff,0,102,1000,original,"{""count"":244388,""denominator"":245237,""fraction"":0.996538042791259}","{""fraction_for_half_mass"":0.0005015556380154707,""gini"":0.9986001317126882,""minimum_count_for_half_mass"":123,""n"":245237,""positive_count"":739,""top_shares"":{""0.001"":0.7360659032518508,""0.01"":0.9999999999999999},""total"":1496.1173888109918,""zero_count"":244498}","{""fraction_for_half_mass"":0.00048524488555968306,""gini"":0.9986005628317627,""minimum_count_for_half_mass"":119,""n"":245237,""positive_count"":849,""top_shares"":{""0.001"":0.7507877687645002,""0.01"":1.0000000000000002},""total"":1413.8839817673452,""zero_count"":244388}","{""fraction_for_half_mass"":0.03210771620921802,""gini"":0.9102165120021284,""minimum_count_for_half_mass"":62,""n"":1931,""positive_count"":391,""top_shares"":{""0.01"":0.22955938618447919,""0.05"":0.6430781404130063,""0.1"":0.8783685862412328},""total"":11.132944738325554,""zero_count"":1540}","{""benchmark_pass_count"":1554,""n"":1931,""quantiles"":{""0.5"":0.0,""0.9"":0.018243115241404862,""0.99"":0.10131651157575347,""1.0"":0.21540587310670936},""strict_exceedances"":{""0.01"":248,""0.1"":20}}"
7c9675a69d832a772070cb2d,counterfact,R1_learned_ff,0,103,1000,capoff,"{""count"":244388,""denominator"":245237,""fraction"":0.996538042791259}","{""fraction_for_half_mass"":0.0005015556380154707,""gini"":0.9986001317126882,""minimum_count_for_half_mass"":123,""n"":245237,""positive_count"":739,""top_shares"":{""0.001"":0.7360659032518508,""0.01"":0.9999999999999999},""total"":1496.1173888109918,""zero_count"":244498}","{""fraction_for_half_mass"":0.00048524488555968306,""gini"":0.9986005628317627,""minimum_count_for_half_mass"":119,""n"":245237,""positive_count"":849,""top_shares"":{""0.001"":0.7507877687645002,""0.01"":1.0000000000000002},""total"":1413.8839817673452,""zero_count"":244388}","{""fraction_for_half_mass"":0.03210771620921802,""gini"":0.9102165120021284,""minimum_count_for_half_mass"":62,""n"":1931,""positive_count"":391,""top_shares"":{""0.01"":0.22955938618447919,""0.05"":0.6430781404130063,""0.1"":0.8783685862412328},""total"":11.132944738325554,""zero_count"":1540}","{""benchmark_pass_count"":1554,""n"":1931,""quantiles"":{""0.5"":0.0,""0.9"":0.018243115241404862,""0.99"":0.10131651157575347,""1.0"":0.21540587310670936},""strict_exceedances"":{""0.01"":248,""0.1"":20}}"
7c9675a69d832a772070cb2d,counterfact,R1_learned_ff,0,103,1000,original,"{""count"":244388,""denominator"":245237,""fraction"":0.996538042791259}","{""fraction_for_half_mass"":0.0005015556380154707,""gini"":0.9986001317126882,""minimum_count_for_half_mass"":123,""n"":245237,""positive_count"":739,""top_shares"":{""0.001"":0.7360659032518508,""0.01"":0.9999999999999999},""total"":1496.1173888109918,""zero_count"":244498}","{""fraction_for_half_mass"":0.00048524488555968306,""gini"":0.9986005628317627,""minimum_count_for_half_mass"":119,""n"":245237,""positive_count"":849,""top_shares"":{""0.001"":0.7507877687645002,""0.01"":1.0000000000000002},""total"":1413.8839817673452,""zero_count"":244388}","{""fraction_for_half_mass"":0.03210771620921802,""gini"":0.9102165120021284,""minimum_count_for_half_mass"":62,""n"":1931,""positive_count"":391,""top_shares"":{""0.01"":0.22955938618447919,""0.05"":0.6430781404130063,""0.1"":0.8783685862412328},""total"":11.132944738325554,""zero_count"":1540}","{""benchmark_pass_count"":1554,""n"":1931,""quantiles"":{""0.5"":0.0,""0.9"":0.018243115241404862,""0.99"":0.10131651157575347,""1.0"":0.21540587310670936},""strict_exceedances"":{""0.01"":248,""0.1"":20}}"
95016bc16e89cfcccccc40b8,counterfact,R1_learned_ff,0,104,1000,capoff,"{""count"":244388,""denominator"":245237,""fraction"":0.996538042791259}","{""fraction_for_half_mass"":0.0005015556380154707,""gini"":0.9986001317126882,""minimum_count_for_half_mass"":123,""n"":245237,""positive_count"":739,""top_shares"":{""0.001"":0.7360659032518508,""0.01"":0.9999999999999999},""total"":1496.1173888109918,""zero_count"":244498}","{""fraction_for_half_mass"":0.00048524488555968306,""gini"":0.9986005628317627,""minimum_count_for_half_mass"":119,""n"":245237,""positive_count"":849,""top_shares"":{""0.001"":0.7507877687645002,""0.01"":1.0000000000000002},""total"":1413.8839817673452,""zero_count"":244388}","{""fraction_for_half_mass"":0.03210771620921802,""gini"":0.9102165120021284,""minimum_count_for_half_mass"":62,""n"":1931,""positive_count"":391,""top_shares"":{""0.01"":0.22955938618447919,""0.05"":0.6430781404130063,""0.1"":0.8783685862412328},""total"":11.132944738325554,""zero_count"":1540}","{""benchmark_pass_count"":1554,""n"":1931,""quantiles"":{""0.5"":0.0,""0.9"":0.018243115241404862,""0.99"":0.10131651157575347,""1.0"":0.21540587310670936},""strict_exceedances"":{""0.01"":248,""0.1"":20}}"
95016bc16e89cfcccccc40b8,counterfact,R1_learned_ff,0,104,1000,original,"{""count"":244388,""denominator"":245237,""fraction"":0.996538042791259}","{""fraction_for_half_mass"":0.0005015556380154707,""gini"":0.9986001317126882,""minimum_count_for_half_mass"":123,""n"":245237,""positive_count"":739,""top_shares"":{""0.001"":0.7360659032518508,""0.01"":0.9999999999999999},""total"":1496.1173888109918,""zero_count"":244498}","{""fraction_for_half_mass"":0.00048524488555968306,""gini"":0.9986005628317627,""minimum_count_for_half_mass"":119,""n"":245237,""positive_count"":849,""top_shares"":{""0.001"":0.7507877687645002,""0.01"":1.0000000000000002},""total"":1413.8839817673452,""zero_count"":244388}","{""fraction_for_half_mass"":0.03210771620921802,""gini"":0.9102165120021284,""minimum_count_for_half_mass"":62,""n"":1931,""positive_count"":391,""top_shares"":{""0.01"":0.22955938618447919,""0.05"":0.6430781404130063,""0.1"":0.8783685862412328},""total"":11.132944738325554,""zero_count"":1540}","{""benchmark_pass_count"":1554,""n"":1931,""quantiles"":{""0.5"":0.0,""0.9"":0.018243115241404862,""0.99"":0.10131651157575347,""1.0"":0.21540587310670936},""strict_exceedances"":{""0.01"":248,""0.1"":20}}"
43925e53c31860219a85ef90,mquake,R1_learned_ff,0,100,300,capoff,"{""count"":244224,""denominator"":245237,""fraction"":0.9958693019405718}","{""fraction_for_half_mass"":0.0007543723010801796,""gini"":0.9980940852388837,""minimum_count_for_half_mass"":185,""n"":245237,""positive_count"":893,""top_shares"":{""0.001"":0.6057728458891797,""0.01"":0.9999999999999999},""total"":1791.7890758037233,""zero_count"":244344}","{""fraction_for_half_mass"":0.0007421392367383388,""gini"":0.998090813996161,""minimum_count_for_half_mass"":182,""n"":245237,""positive_count"":1013,""top_shares"":{""0.001"":0.6140246055096472,""0.01"":1.0},""total"":1746.906979260669,""zero_count"":244224}","{""fraction_for_half_mass"":0.02641118591403418,""gini"":0.9176575399767658,""minimum_count_for_half_mass"":51,""n"":1931,""positive_count"":398,""top_shares"":{""0.01"":0.3044571401623405,""0.05"":0.6781311421340276,""0.1"":0.8848968138794439},""total"":13.755173065044637,""zero_count"":1533}","{""benchmark_pass_count"":1548,""n"":1931,""quantiles"":{""0.5"":0.0,""0.9"":0.019760858964237727,""0.99"":0.1146512123892884,""1.0"":0.47348704111367634},""strict_exceedances"":{""0.01"":262,""0.1"":24}}"
43925e53c31860219a85ef90,mquake,R1_learned_ff,0,100,300,original,"{""count"":244224,""denominator"":245237,""fraction"":0.9958693019405718}","{""fraction_for_half_mass"":0.0007543723010801796,""gini"":0.9980940852388837,""minimum_count_for_half_mass"":185,""n"":245237,""positive_count"":893,""top_shares"":{""0.001"":0.6057728458891797,""0.01"":0.9999999999999999},""total"":1791.7890758037233,""zero_count"":244344}","{""fraction_for_half_mass"":0.0007421392367383388,""gini"":0.998090813996161,""minimum_count_for_half_mass"":182,""n"":245237,""positive_count"":1013,""top_shares"":{""0.001"":0.6140246055096472,""0.01"":1.0},""total"":1746.906979260669,""zero_count"":244224}","{""fraction_for_half_mass"":0.02641118591403418,""gini"":0.9176575399767658,""minimum_count_for_half_mass"":51,""n"":1931,""positive_count"":398,""top_shares"":{""0.01"":0.3044571401623405,""0.05"":0.6781311421340276,""0.1"":0.8848968138794439},""total"":13.755173065044637,""zero_count"":1533}","{""benchmark_pass_count"":1548,""n"":1931,""quantiles"":{""0.5"":0.0,""0.9"":0.019760858964237727,""0.99"":0.1146512123892884,""1.0"":0.47348704111367634},""strict_exceedances"":{""0.01"":262,""0.1"":24}}"
c29ee18fb21ba6b387ede6e8,mquake,R1_learned_ff,0,101,300,capoff,"{""count"":244224,""denominator"":245237,""fraction"":0.9958693019405718}","{""fraction_for_half_mass"":0.0007543723010801796,""gini"":0.9980940852388837,""minimum_count_for_half_mass"":185,""n"":245237,""positive_count"":893,""top_shares"":{""0.001"":0.6057728458891797,""0.01"":0.9999999999999999},""total"":1791.7890758037233,""zero_count"":244344}","{""fraction_for_half_mass"":0.0007421392367383388,""gini"":0.998090813996161,""minimum_count_for_half_mass"":182,""n"":245237,""positive_count"":1013,""top_shares"":{""0.001"":0.6140246055096472,""0.01"":1.0},""total"":1746.906979260669,""zero_count"":244224}","{""fraction_for_half_mass"":0.02641118591403418,""gini"":0.9176575399767658,""minimum_count_for_half_mass"":51,""n"":1931,""positive_count"":398,""top_shares"":{""0.01"":0.3044571401623405,""0.05"":0.6781311421340276,""0.1"":0.8848968138794439},""total"":13.755173065044637,""zero_count"":1533}","{""benchmark_pass_count"":1548,""n"":1931,""quantiles"":{""0.5"":0.0,""0.9"":0.019760858964237727,""0.99"":0.1146512123892884,""1.0"":0.47348704111367634},""strict_exceedances"":{""0.01"":262,""0.1"":24}}"
c29ee18fb21ba6b387ede6e8,mquake,R1_learned_ff,0,101,300,original,"{""count"":244224,""denominator"":245237,""fraction"":0.9958693019405718}","{""fraction_for_half_mass"":0.0007543723010801796,""gini"":0.9980940852388837,""minimum_count_for_half_mass"":185,""n"":245237,""positive_count"":893,""top_shares"":{""0.001"":0.6057728458891797,""0.01"":0.9999999999999999},""total"":1791.7890758037233,""zero_count"":244344}","{""fraction_for_half_mass"":0.0007421392367383388,""gini"":0.998090813996161,""minimum_count_for_half_mass"":182,""n"":245237,""positive_count"":1013,""top_shares"":{""0.001"":0.6140246055096472,""0.01"":1.0},""total"":1746.906979260669,""zero_count"":244224}","{""fraction_for_half_mass"":0.02641118591403418,""gini"":0.9176575399767658,""minimum_count_for_half_mass"":51,""n"":1931,""positive_count"":398,""top_shares"":{""0.01"":0.3044571401623405,""0.05"":0.6781311421340276,""0.1"":0.8848968138794439},""total"":13.755173065044637,""zero_count"":1533}","{""benchmark_pass_count"":1548,""n"":1931,""quantiles"":{""0.5"":0.0,""0.9"":0.019760858964237727,""0.99"":0.1146512123892884,""1.0"":0.47348704111367634},""strict_exceedances"":{""0.01"":262,""0.1"":24}}"
54879da4dcdb0f106f98080a,mquake,R1_learned_ff,0,102,300,capoff,"{""count"":244224,""denominator"":245237,""fraction"":0.9958693019405718}","{""fraction_for_half_mass"":0.0007543723010801796,""gini"":0.9980940852388837,""minimum_count_for_half_mass"":185,""n"":245237,""positive_count"":893,""top_shares"":{""0.001"":0.6057728458891797,""0.01"":0.9999999999999999},""total"":1791.7890758037233,""zero_count"":244344}","{""fraction_for_half_mass"":0.0007421392367383388,""gini"":0.998090813996161,""minimum_count_for_half_mass"":182,""n"":245237,""positive_count"":1013,""top_shares"":{""0.001"":0.6140246055096472,""0.01"":1.0},""total"":1746.906979260669,""zero_count"":244224}","{""fraction_for_half_mass"":0.02641118591403418,""gini"":0.9176575399767658,""minimum_count_for_half_mass"":51,""n"":1931,""positive_count"":398,""top_shares"":{""0.01"":0.3044571401623405,""0.05"":0.6781311421340276,""0.1"":0.8848968138794439},""total"":13.755173065044637,""zero_count"":1533}","{""benchmark_pass_count"":1548,""n"":1931,""quantiles"":{""0.5"":0.0,""0.9"":0.019760858964237727,""0.99"":0.1146512123892884,""1.0"":0.47348704111367634},""strict_exceedances"":{""0.01"":262,""0.1"":24}}"
54879da4dcdb0f106f98080a,mquake,R1_learned_ff,0,102,300,original,"{""count"":244224,""denominator"":245237,""fraction"":0.9958693019405718}","{""fraction_for_half_mass"":0.0007543723010801796,""gini"":0.9980940852388837,""minimum_count_for_half_mass"":185,""n"":245237,""positive_count"":893,""top_shares"":{""0.001"":0.6057728458891797,""0.01"":0.9999999999999999},""total"":1791.7890758037233,""zero_count"":244344}","{""fraction_for_half_mass"":0.0007421392367383388,""gini"":0.998090813996161,""minimum_count_for_half_mass"":182,""n"":245237,""positive_count"":1013,""top_shares"":{""0.001"":0.6140246055096472,""0.01"":1.0},""total"":1746.906979260669,""zero_count"":244224}","{""fraction_for_half_mass"":0.02641118591403418,""gini"":0.9176575399767658,""minimum_count_for_half_mass"":51,""n"":1931,""positive_count"":398,""top_shares"":{""0.01"":0.3044571401623405,""0.05"":0.6781311421340276,""0.1"":0.8848968138794439},""total"":13.755173065044637,""zero_count"":1533}","{""benchmark_pass_count"":1548,""n"":1931,""quantiles"":{""0.5"":0.0,""0.9"":0.019760858964237727,""0.99"":0.1146512123892884,""1.0"":0.47348704111367634},""strict_exceedances"":{""0.01"":262,""0.1"":24}}"
78ebbc03946239c1d637154c,mquake,R1_learned_ff,0,103,300,capoff,"{""count"":244224,""denominator"":245237,""fraction"":0.9958693019405718}","{""fraction_for_half_mass"":0.0007543723010801796,""gini"":0.9980940852388837,""minimum_count_for_half_mass"":185,""n"":245237,""positive_count"":893,""top_shares"":{""0.001"":0.6057728458891797,""0.01"":0.9999999999999999},""total"":1791.7890758037233,""zero_count"":244344}","{""fraction_for_half_mass"":0.0007421392367383388,""gini"":0.998090813996161,""minimum_count_for_half_mass"":182,""n"":245237,""positive_count"":1013,""top_shares"":{""0.001"":0.6140246055096472,""0.01"":1.0},""total"":1746.906979260669,""zero_count"":244224}","{""fraction_for_half_mass"":0.02641118591403418,""gini"":0.9176575399767658,""minimum_count_for_half_mass"":51,""n"":1931,""positive_count"":398,""top_shares"":{""0.01"":0.3044571401623405,""0.05"":0.6781311421340276,""0.1"":0.8848968138794439},""total"":13.755173065044637,""zero_count"":1533}","{""benchmark_pass_count"":1548,""n"":1931,""quantiles"":{""0.5"":0.0,""0.9"":0.019760858964237727,""0.99"":0.1146512123892884,""1.0"":0.47348704111367634},""strict_exceedances"":{""0.01"":262,""0.1"":24}}"
78ebbc03946239c1d637154c,mquake,R1_learned_ff,0,103,300,original,"{""count"":244224,""denominator"":245237,""fraction"":0.9958693019405718}","{""fraction_for_half_mass"":0.0007543723010801796,""gini"":0.9980940852388837,""minimum_count_for_half_mass"":185,""n"":245237,""positive_count"":893,""top_shares"":{""0.001"":0.6057728458891797,""0.01"":0.9999999999999999},""total"":1791.7890758037233,""zero_count"":244344}","{""fraction_for_half_mass"":0.0007421392367383388,""gini"":0.998090813996161,""minimum_count_for_half_mass"":182,""n"":245237,""positive_count"":1013,""top_shares"":{""0.001"":0.6140246055096472,""0.01"":1.0},""total"":1746.906979260669,""zero_count"":244224}","{""fraction_for_half_mass"":0.02641118591403418,""gini"":0.9176575399767658,""minimum_count_for_half_mass"":51,""n"":1931,""positive_count"":398,""top_shares"":{""0.01"":0.3044571401623405,""0.05"":0.6781311421340276,""0.1"":0.8848968138794439},""total"":13.755173065044637,""zero_count"":1533}","{""benchmark_pass_count"":1548,""n"":1931,""quantiles"":{""0.5"":0.0,""0.9"":0.019760858964237727,""0.99"":0.1146512123892884,""1.0"":0.47348704111367634},""strict_exceedances"":{""0.01"":262,""0.1"":24}}"
b1d1e53944241333ec5603d4,mquake,R1_learned_ff,0,104,300,capoff,"{""count"":244224,""denominator"":245237,""fraction"":0.9958693019405718}","{""fraction_for_half_mass"":0.0007543723010801796,""gini"":0.9980940852388837,""minimum_count_for_half_mass"":185,""n"":245237,""positive_count"":893,""top_shares"":{""0.001"":0.6057728458891797,""0.01"":0.9999999999999999},""total"":1791.7890758037233,""zero_count"":244344}","{""fraction_for_half_mass"":0.0007421392367383388,""gini"":0.998090813996161,""minimum_count_for_half_mass"":182,""n"":245237,""positive_count"":1013,""top_shares"":{""0.001"":0.6140246055096472,""0.01"":1.0},""total"":1746.906979260669,""zero_count"":244224}","{""fraction_for_half_mass"":0.02641118591403418,""gini"":0.9176575399767658,""minimum_count_for_half_mass"":51,""n"":1931,""positive_count"":398,""top_shares"":{""0.01"":0.3044571401623405,""0.05"":0.6781311421340276,""0.1"":0.8848968138794439},""total"":13.755173065044637,""zero_count"":1533}","{""benchmark_pass_count"":1548,""n"":1931,""quantiles"":{""0.5"":0.0,""0.9"":0.019760858964237727,""0.99"":0.1146512123892884,""1.0"":0.47348704111367634},""strict_exceedances"":{""0.01"":262,""0.1"":24}}"
b1d1e53944241333ec5603d4,mquake,R1_learned_ff,0,104,300,original,"{""count"":244224,""denominator"":245237,""fraction"":0.9958693019405718}","{""fraction_for_half_mass"":0.0007543723010801796,""gini"":0.9980940852388837,""minimum_count_for_half_mass"":185,""n"":245237,""positive_count"":893,""top_shares"":{""0.001"":0.6057728458891797,""0.01"":0.9999999999999999},""total"":1791.7890758037233,""zero_count"":244344}","{""fraction_for_half_mass"":0.0007421392367383388,""gini"":0.998090813996161,""minimum_count_for_half_mass"":182,""n"":245237,""positive_count"":1013,""top_shares"":{""0.001"":0.6140246055096472,""0.01"":1.0},""total"":1746.906979260669,""zero_count"":244224}","{""fraction_for_half_mass"":0.02641118591403418,""gini"":0.9176575399767658,""minimum_count_for_half_mass"":51,""n"":1931,""positive_count"":398,""top_shares"":{""0.01"":0.3044571401623405,""0.05"":0.6781311421340276,""0.1"":0.8848968138794439},""total"":13.755173065044637,""zero_count"":1533}","{""benchmark_pass_count"":1548,""n"":1931,""quantiles"":{""0.5"":0.0,""0.9"":0.019760858964237727,""0.99"":0.1146512123892884,""1.0"":0.47348704111367634},""strict_exceedances"":{""0.01"":262,""0.1"":24}}"
f3dbf1a3d5860a628e7d68ef,zsre,R1_nonlearned,0,100,1000,capoff,"{""count"":245179,""denominator"":245237,""fraction"":0.999763494089391}","{""fraction_for_half_mass"":4.8932257367363e-05,""gini"":0.9998863289023867,""minimum_count_for_half_mass"":12,""n"":245237,""positive_count"":54,""top_shares"":{""0.001"":1.0,""0.01"":1.0},""total"":79.61190882404618,""zero_count"":245183}","{""fraction_for_half_mass"":5.708763359525683e-05,""gini"":0.9998579631048381,""minimum_count_for_half_mass"":14,""n"":245237,""positive_count"":58,""top_shares"":{""0.001"":1.0,""0.01"":1.0},""total"":77.14775737390534,""zero_count"":245179}","{""fraction_for_half_mass"":0.0072501294665976174,""gini"":0.9819613143144336,""minimum_count_for_half_mass"":14,""n"":1931,""positive_count"":58,""top_shares"":{""0.01"":0.6318584791104552,""0.05"":1.0,""0.1"":1.0},""total"":0.6074626564874436,""zero_count"":1873}","{""benchmark_pass_count"":1875,""n"":1931,""quantiles"":{""0.5"":0.0,""0.9"":0.0,""0.99"":0.01147696018986467,""1.0"":0.029360291433757957},""strict_exceedances"":{""0.01"":24,""0.1"":0}}"
f3dbf1a3d5860a628e7d68ef,zsre,R1_nonlearned,0,100,1000,original,"{""count"":245179,""denominator"":245237,""fraction"":0.999763494089391}","{""fraction_for_half_mass"":4.8932257367363e-05,""gini"":0.9998863289023867,""minimum_count_for_half_mass"":12,""n"":245237,""positive_count"":54,""top_shares"":{""0.001"":1.0,""0.01"":1.0},""total"":79.61190882404618,""zero_count"":245183}","{""fraction_for_half_mass"":5.708763359525683e-05,""gini"":0.9998579631048381,""minimum_count_for_half_mass"":14,""n"":245237,""positive_count"":58,""top_shares"":{""0.001"":1.0,""0.01"":1.0},""total"":77.14775737390534,""zero_count"":245179}","{""fraction_for_half_mass"":0.0072501294665976174,""gini"":0.9819613143144336,""minimum_count_for_half_mass"":14,""n"":1931,""positive_count"":58,""top_shares"":{""0.01"":0.6318584791104552,""0.05"":1.0,""0.1"":1.0},""total"":0.6074626564874436,""zero_count"":1873}","{""benchmark_pass_count"":1875,""n"":1931,""quantiles"":{""0.5"":0.0,""0.9"":0.0,""0.99"":0.01147696018986467,""1.0"":0.029360291433757957},""strict_exceedances"":{""0.01"":24,""0.1"":0}}"
be44dfb501724b72adcbd747,zsre,R1_nonlearned,0,101,1000,capoff,"{""count"":245179,""denominator"":245237,""fraction"":0.999763494089391}","{""fraction_for_half_mass"":4.8932257367363e-05,""gini"":0.9998863289023867,""minimum_count_for_half_mass"":12,""n"":245237,""positive_count"":54,""top_shares"":{""0.001"":1.0,""0.01"":1.0},""total"":79.61190882404618,""zero_count"":245183}","{""fraction_for_half_mass"":5.708763359525683e-05,""gini"":0.9998579631048381,""minimum_count_for_half_mass"":14,""n"":245237,""positive_count"":58,""top_shares"":{""0.001"":1.0,""0.01"":1.0},""total"":77.14775737390534,""zero_count"":245179}","{""fraction_for_half_mass"":0.0072501294665976174,""gini"":0.9819613143144336,""minimum_count_for_half_mass"":14,""n"":1931,""positive_count"":58,""top_shares"":{""0.01"":0.6318584791104552,""0.05"":1.0,""0.1"":1.0},""total"":0.6074626564874436,""zero_count"":1873}","{""benchmark_pass_count"":1875,""n"":1931,""quantiles"":{""0.5"":0.0,""0.9"":0.0,""0.99"":0.01147696018986467,""1.0"":0.029360291433757957},""strict_exceedances"":{""0.01"":24,""0.1"":0}}"
be44dfb501724b72adcbd747,zsre,R1_nonlearned,0,101,1000,original,"{""count"":245179,""denominator"":245237,""fraction"":0.999763494089391}","{""fraction_for_half_mass"":4.8932257367363e-05,""gini"":0.9998863289023867,""minimum_count_for_half_mass"":12,""n"":245237,""positive_count"":54,""top_shares"":{""0.001"":1.0,""0.01"":1.0},""total"":79.61190882404618,""zero_count"":245183}","{""fraction_for_half_mass"":5.708763359525683e-05,""gini"":0.9998579631048381,""minimum_count_for_half_mass"":14,""n"":245237,""positive_count"":58,""top_shares"":{""0.001"":1.0,""0.01"":1.0},""total"":77.14775737390534,""zero_count"":245179}","{""fraction_for_half_mass"":0.0072501294665976174,""gini"":0.9819613143144336,""minimum_count_for_half_mass"":14,""n"":1931,""positive_count"":58,""top_shares"":{""0.01"":0.6318584791104552,""0.05"":1.0,""0.1"":1.0},""total"":0.6074626564874436,""zero_count"":1873}","{""benchmark_pass_count"":1875,""n"":1931,""quantiles"":{""0.5"":0.0,""0.9"":0.0,""0.99"":0.01147696018986467,""1.0"":0.029360291433757957},""strict_exceedances"":{""0.01"":24,""0.1"":0}}"
5263d61e569d7cb4ceb4e617,zsre,R1_nonlearned,0,102,1000,capoff,"{""count"":245179,""denominator"":245237,""fraction"":0.999763494089391}","{""fraction_for_half_mass"":4.8932257367363e-05,""gini"":0.9998863289023867,""minimum_count_for_half_mass"":12,""n"":245237,""positive_count"":54,""top_shares"":{""0.001"":1.0,""0.01"":1.0},""total"":79.61190882404618,""zero_count"":245183}","{""fraction_for_half_mass"":5.708763359525683e-05,""gini"":0.9998579631048381,""minimum_count_for_half_mass"":14,""n"":245237,""positive_count"":58,""top_shares"":{""0.001"":1.0,""0.01"":1.0},""total"":77.14775737390534,""zero_count"":245179}","{""fraction_for_half_mass"":0.0072501294665976174,""gini"":0.9819613143144336,""minimum_count_for_half_mass"":14,""n"":1931,""positive_count"":58,""top_shares"":{""0.01"":0.6318584791104552,""0.05"":1.0,""0.1"":1.0},""total"":0.6074626564874436,""zero_count"":1873}","{""benchmark_pass_count"":1875,""n"":1931,""quantiles"":{""0.5"":0.0,""0.9"":0.0,""0.99"":0.01147696018986467,""1.0"":0.029360291433757957},""strict_exceedances"":{""0.01"":24,""0.1"":0}}"
5263d61e569d7cb4ceb4e617,zsre,R1_nonlearned,0,102,1000,original,"{""count"":245179,""denominator"":245237,""fraction"":0.999763494089391}","{""fraction_for_half_mass"":4.8932257367363e-05,""gini"":0.9998863289023867,""minimum_count_for_half_mass"":12,""n"":245237,""positive_count"":54,""top_shares"":{""0.001"":1.0,""0.01"":1.0},""total"":79.61190882404618,""zero_count"":245183}","{""fraction_for_half_mass"":5.708763359525683e-05,""gini"":0.9998579631048381,""minimum_count_for_half_mass"":14,""n"":245237,""positive_count"":58,""top_shares"":{""0.001"":1.0,""0.01"":1.0},""total"":77.14775737390534,""zero_count"":245179}","{""fraction_for_half_mass"":0.0072501294665976174,""gini"":0.9819613143144336,""minimum_count_for_half_mass"":14,""n"":1931,""positive_count"":58,""top_shares"":{""0.01"":0.6318584791104552,""0.05"":1.0,""0.1"":1.0},""total"":0.6074626564874436,""zero_count"":1873}","{""benchmark_pass_count"":1875,""n"":1931,""quantiles"":{""0.5"":0.0,""0.9"":0.0,""0.99"":0.01147696018986467,""1.0"":0.029360291433757957},""strict_exceedances"":{""0.01"":24,""0.1"":0}}"
81b1e9cb4e216a6cd1cd565a,zsre,R1_nonlearned,0,103,1000,capoff,"{""count"":245179,""denominator"":245237,""fraction"":0.999763494089391}","{""fraction_for_half_mass"":4.8932257367363e-05,""gini"":0.9998863289023867,""minimum_count_for_half_mass"":12,""n"":245237,""positive_count"":54,""top_shares"":{""0.001"":1.0,""0.01"":1.0},""total"":79.61190882404618,""zero_count"":245183}","{""fraction_for_half_mass"":5.708763359525683e-05,""gini"":0.9998579631048381,""minimum_count_for_half_mass"":14,""n"":245237,""positive_count"":58,""top_shares"":{""0.001"":1.0,""0.01"":1.0},""total"":77.14775737390534,""zero_count"":245179}","{""fraction_for_half_mass"":0.0072501294665976174,""gini"":0.9819613143144336,""minimum_count_for_half_mass"":14,""n"":1931,""positive_count"":58,""top_shares"":{""0.01"":0.6318584791104552,""0.05"":1.0,""0.1"":1.0},""total"":0.6074626564874436,""zero_count"":1873}","{""benchmark_pass_count"":1875,""n"":1931,""quantiles"":{""0.5"":0.0,""0.9"":0.0,""0.99"":0.01147696018986467,""1.0"":0.029360291433757957},""strict_exceedances"":{""0.01"":24,""0.1"":0}}"
81b1e9cb4e216a6cd1cd565a,zsre,R1_nonlearned,0,103,1000,original,"{""count"":245179,""denominator"":245237,""fraction"":0.999763494089391}","{""fraction_for_half_mass"":4.8932257367363e-05,""gini"":0.9998863289023867,""minimum_count_for_half_mass"":12,""n"":245237,""positive_count"":54,""top_shares"":{""0.001"":1.0,""0.01"":1.0},""total"":79.61190882404618,""zero_count"":245183}","{""fraction_for_half_mass"":5.708763359525683e-05,""gini"":0.9998579631048381,""minimum_count_for_half_mass"":14,""n"":245237,""positive_count"":58,""top_shares"":{""0.001"":1.0,""0.01"":1.0},""total"":77.14775737390534,""zero_count"":245179}","{""fraction_for_half_mass"":0.0072501294665976174,""gini"":0.9819613143144336,""minimum_count_for_half_mass"":14,""n"":1931,""positive_count"":58,""top_shares"":{""0.01"":0.6318584791104552,""0.05"":1.0,""0.1"":1.0},""total"":0.6074626564874436,""zero_count"":1873}","{""benchmark_pass_count"":1875,""n"":1931,""quantiles"":{""0.5"":0.0,""0.9"":0.0,""0.99"":0.01147696018986467,""1.0"":0.029360291433757957},""strict_exceedances"":{""0.01"":24,""0.1"":0}}"
deb5f473d9ca2ed544926204,zsre,R1_nonlearned,0,104,1000,capoff,"{""count"":245179,""denominator"":245237,""fraction"":0.999763494089391}","{""fraction_for_half_mass"":4.8932257367363e-05,""gini"":0.9998863289023867,""minimum_count_for_half_mass"":12,""n"":245237,""positive_count"":54,""top_shares"":{""0.001"":1.0,""0.01"":1.0},""total"":79.61190882404618,""zero_count"":245183}","{""fraction_for_half_mass"":5.708763359525683e-05,""gini"":0.9998579631048381,""minimum_count_for_half_mass"":14,""n"":245237,""positive_count"":58,""top_shares"":{""0.001"":1.0,""0.01"":1.0},""total"":77.14775737390534,""zero_count"":245179}","{""fraction_for_half_mass"":0.0072501294665976174,""gini"":0.9819613143144336,""minimum_count_for_half_mass"":14,""n"":1931,""positive_count"":58,""top_shares"":{""0.01"":0.6318584791104552,""0.05"":1.0,""0.1"":1.0},""total"":0.6074626564874436,""zero_count"":1873}","{""benchmark_pass_count"":1875,""n"":1931,""quantiles"":{""0.5"":0.0,""0.9"":0.0,""0.99"":0.01147696018986467,""1.0"":0.029360291433757957},""strict_exceedances"":{""0.01"":24,""0.1"":0}}"
deb5f473d9ca2ed544926204,zsre,R1_nonlearned,0,104,1000,original,"{""count"":245179,""denominator"":245237,""fraction"":0.999763494089391}","{""fraction_for_half_mass"":4.8932257367363e-05,""gini"":0.9998863289023867,""minimum_count_for_half_mass"":12,""n"":245237,""positive_count"":54,""top_shares"":{""0.001"":1.0,""0.01"":1.0},""total"":79.61190882404618,""zero_count"":245183}","{""fraction_for_half_mass"":5.708763359525683e-05,""gini"":0.9998579631048381,""minimum_count_for_half_mass"":14,""n"":245237,""positive_count"":58,""top_shares"":{""0.001"":1.0,""0.01"":1.0},""total"":77.14775737390534,""zero_count"":245179}","{""fraction_for_half_mass"":0.0072501294665976174,""gini"":0.9819613143144336,""minimum_count_for_half_mass"":14,""n"":1931,""positive_count"":58,""top_shares"":{""0.01"":0.6318584791104552,""0.05"":1.0,""0.1"":1.0},""total"":0.6074626564874436,""zero_count"":1873}","{""benchmark_pass_count"":1875,""n"":1931,""quantiles"":{""0.5"":0.0,""0.9"":0.0,""0.99"":0.01147696018986467,""1.0"":0.029360291433757957},""strict_exceedances"":{""0.01"":24,""0.1"":0}}"
0b6ade77641a02c1c85574b0,counterfact,R1_nonlearned,0,100,1000,capoff,"{""count"":240530,""denominator"":245237,""fraction"":0.9808063220476518}","{""fraction_for_half_mass"":0.0043916700987208296,""gini"":0.9892932405478617,""minimum_count_for_half_mass"":1077,""n"":245237,""positive_count"":4433,""top_shares"":{""0.001"":0.1595824318344481,""0.01"":0.8350173873998603},""total"":14753.162572071136,""zero_count"":240804}","{""fraction_for_half_mass"":0.0045792437519623875,""gini"":0.9888629469240796,""minimum_count_for_half_mass"":1123,""n"":245237,""positive_count"":4707,""top_shares"":{""0.001"":0.15192142909281023,""0.01"":0.8213894009342435},""total"":14660.106297625429,""zero_count"":240530}","{""fraction_for_half_mass"":0.21336095287415846,""gini"":0.4708338467634167,""minimum_count_for_half_mass"":412,""n"":1931,""positive_count"":1720,""top_shares"":{""0.01"":0.04719546129808517,""0.05"":0.17317113511852175,""0.1"":0.29065614817211133},""total"":115.43390785531834,""zero_count"":211}","{""benchmark_pass_count"":216,""n"":1931,""quantiles"":{""0.5"":0.04837495825686026,""0.9"":0.12995996505609433,""0.99"":0.2361128093612281,""1.0"":0.4024039333799878},""strict_exceedances"":{""0.01"":1592,""0.1"":378}}"
0b6ade77641a02c1c85574b0,counterfact,R1_nonlearned,0,100,1000,original,"{""count"":240530,""denominator"":245237,""fraction"":0.9808063220476518}","{""fraction_for_half_mass"":0.0043916700987208296,""gini"":0.9892932405478617,""minimum_count_for_half_mass"":1077,""n"":245237,""positive_count"":4433,""top_shares"":{""0.001"":0.1595824318344481,""0.01"":0.8350173873998603},""total"":14753.162572071136,""zero_count"":240804}","{""fraction_for_half_mass"":0.0045792437519623875,""gini"":0.9888629469240796,""minimum_count_for_half_mass"":1123,""n"":245237,""positive_count"":4707,""top_shares"":{""0.001"":0.15192142909281023,""0.01"":0.8213894009342435},""total"":14660.106297625429,""zero_count"":240530}","{""fraction_for_half_mass"":0.21336095287415846,""gini"":0.4708338467634167,""minimum_count_for_half_mass"":412,""n"":1931,""positive_count"":1720,""top_shares"":{""0.01"":0.04719546129808517,""0.05"":0.17317113511852175,""0.1"":0.29065614817211133},""total"":115.43390785531834,""zero_count"":211}","{""benchmark_pass_count"":216,""n"":1931,""quantiles"":{""0.5"":0.04837495825686026,""0.9"":0.12995996505609433,""0.99"":0.2361128093612281,""1.0"":0.4024039333799878},""strict_exceedances"":{""0.01"":1592,""0.1"":378}}"
ee67c592789829e7dd808ede,counterfact,R1_nonlearned,0,101,1000,capoff,"{""count"":240530,""denominator"":245237,""fraction"":0.9808063220476518}","{""fraction_for_half_mass"":0.0043916700987208296,""gini"":0.9892929557285219,""minimum_count_for_half_mass"":1077,""n"":245237,""positive_count"":4434,""top_shares"":{""0.001"":0.15958061337549465,""0.01"":0.8350078722870314},""total"":14753.330687859161,""zero_count"":240803}","{""fraction_for_half_mass"":0.0045792437519623875,""gini"":0.9888624382495462,""minimum_count_for_half_mass"":1123,""n"":245237,""positive_count"":4707,""top_shares"":{""0.001"":0.1519182923753237,""0.01"":0.8213724417303145},""total"":14660.408990678774,""zero_count"":240530}","{""fraction_for_half_mass"":0.21336095287415846,""gini"":0.47082308024532693,""minimum_count_for_half_mass"":412,""n"":1931,""positive_count"":1720,""top_shares"":{""0.01"":0.047194486854719137,""0.05"":0.17316755965895078,""0.1"":0.2906501470027702},""total"":115.43629126518718,""zero_count"":211}","{""benchmark_pass_count"":216,""n"":1931,""quantiles"":{""0.5"":0.04837495825686026,""0.9"":0.12995996505609433,""0.99"":0.2361128093612281,""1.0"":0.4024039333799878},""strict_exceedances"":{""0.01"":1592,""0.1"":378}}"
ee67c592789829e7dd808ede,counterfact,R1_nonlearned,0,101,1000,original,"{""count"":240530,""denominator"":245237,""fraction"":0.9808063220476518}","{""fraction_for_half_mass"":0.0043916700987208296,""gini"":0.9892929557285219,""minimum_count_for_half_mass"":1077,""n"":245237,""positive_count"":4434,""top_shares"":{""0.001"":0.15958061337549465,""0.01"":0.8350078722870314},""total"":14753.330687859161,""zero_count"":240803}","{""fraction_for_half_mass"":0.0045792437519623875,""gini"":0.9888624382495462,""minimum_count_for_half_mass"":1123,""n"":245237,""positive_count"":4707,""top_shares"":{""0.001"":0.1519182923753237,""0.01"":0.8213724417303145},""total"":14660.408990678774,""zero_count"":240530}","{""fraction_for_half_mass"":0.21336095287415846,""gini"":0.47082308024532693,""minimum_count_for_half_mass"":412,""n"":1931,""positive_count"":1720,""top_shares"":{""0.01"":0.047194486854719137,""0.05"":0.17316755965895078,""0.1"":0.2906501470027702},""total"":115.43629126518718,""zero_count"":211}","{""benchmark_pass_count"":216,""n"":1931,""quantiles"":{""0.5"":0.04837495825686026,""0.9"":0.12995996505609433,""0.99"":0.2361128093612281,""1.0"":0.4024039333799878},""strict_exceedances"":{""0.01"":1592,""0.1"":378}}"
8be432675ed4dc57f9108bd4,counterfact,R1_nonlearned,0,102,1000,capoff,"{""count"":240530,""denominator"":245237,""fraction"":0.9808063220476518}","{""fraction_for_half_mass"":0.0043916700987208296,""gini"":0.9892932405478617,""minimum_count_for_half_mass"":1077,""n"":245237,""positive_count"":4433,""top_shares"":{""0.001"":0.1595824318344481,""0.01"":0.8350173873998603},""total"":14753.162572071136,""zero_count"":240804}","{""fraction_for_half_mass"":0.0045792437519623875,""gini"":0.9888629469240796,""minimum_count_for_half_mass"":1123,""n"":245237,""positive_count"":4707,""top_shares"":{""0.001"":0.15192142909281023,""0.01"":0.8213894009342435},""total"":14660.106297625429,""zero_count"":240530}","{""fraction_for_half_mass"":0.21336095287415846,""gini"":0.4708338467634167,""minimum_count_for_half_mass"":412,""n"":1931,""positive_count"":1720,""top_shares"":{""0.01"":0.04719546129808517,""0.05"":0.17317113511852175,""0.1"":0.29065614817211133},""total"":115.43390785531834,""zero_count"":211}","{""benchmark_pass_count"":216,""n"":1931,""quantiles"":{""0.5"":0.04837495825686026,""0.9"":0.12995996505609433,""0.99"":0.2361128093612281,""1.0"":0.4024039333799878},""strict_exceedances"":{""0.01"":1592,""0.1"":378}}"
8be432675ed4dc57f9108bd4,counterfact,R1_nonlearned,0,102,1000,original,"{""count"":240530,""denominator"":245237,""fraction"":0.9808063220476518}","{""fraction_for_half_mass"":0.0043916700987208296,""gini"":0.9892932405478617,""minimum_count_for_half_mass"":1077,""n"":245237,""positive_count"":4433,""top_shares"":{""0.001"":0.1595824318344481,""0.01"":0.8350173873998603},""total"":14753.162572071136,""zero_count"":240804}","{""fraction_for_half_mass"":0.0045792437519623875,""gini"":0.9888629469240796,""minimum_count_for_half_mass"":1123,""n"":245237,""positive_count"":4707,""top_shares"":{""0.001"":0.15192142909281023,""0.01"":0.8213894009342435},""total"":14660.106297625429,""zero_count"":240530}","{""fraction_for_half_mass"":0.21336095287415846,""gini"":0.4708338467634167,""minimum_count_for_half_mass"":412,""n"":1931,""positive_count"":1720,""top_shares"":{""0.01"":0.04719546129808517,""0.05"":0.17317113511852175,""0.1"":0.29065614817211133},""total"":115.43390785531834,""zero_count"":211}","{""benchmark_pass_count"":216,""n"":1931,""quantiles"":{""0.5"":0.04837495825686026,""0.9"":0.12995996505609433,""0.99"":0.2361128093612281,""1.0"":0.4024039333799878},""strict_exceedances"":{""0.01"":1592,""0.1"":378}}"
78928f2782d91d888ef24d52,counterfact,R1_nonlearned,0,103,1000,capoff,"{""count"":240530,""denominator"":245237,""fraction"":0.9808063220476518}","{""fraction_for_half_mass"":0.0043916700987208296,""gini"":0.9892932405478617,""minimum_count_for_half_mass"":1077,""n"":245237,""positive_count"":4433,""top_shares"":{""0.001"":0.1595824318344481,""0.01"":0.8350173873998603},""total"":14753.162572071136,""zero_count"":240804}","{""fraction_for_half_mass"":0.0045792437519623875,""gini"":0.9888629469240796,""minimum_count_for_half_mass"":1123,""n"":245237,""positive_count"":4707,""top_shares"":{""0.001"":0.15192142909281023,""0.01"":0.8213894009342435},""total"":14660.106297625429,""zero_count"":240530}","{""fraction_for_half_mass"":0.21336095287415846,""gini"":0.4708338467634167,""minimum_count_for_half_mass"":412,""n"":1931,""positive_count"":1720,""top_shares"":{""0.01"":0.04719546129808517,""0.05"":0.17317113511852175,""0.1"":0.29065614817211133},""total"":115.43390785531834,""zero_count"":211}","{""benchmark_pass_count"":216,""n"":1931,""quantiles"":{""0.5"":0.04837495825686026,""0.9"":0.12995996505609433,""0.99"":0.2361128093612281,""1.0"":0.4024039333799878},""strict_exceedances"":{""0.01"":1592,""0.1"":378}}"
78928f2782d91d888ef24d52,counterfact,R1_nonlearned,0,103,1000,original,"{""count"":240530,""denominator"":245237,""fraction"":0.9808063220476518}","{""fraction_for_half_mass"":0.0043916700987208296,""gini"":0.9892932405478617,""minimum_count_for_half_mass"":1077,""n"":245237,""positive_count"":4433,""top_shares"":{""0.001"":0.1595824318344481,""0.01"":0.8350173873998603},""total"":14753.162572071136,""zero_count"":240804}","{""fraction_for_half_mass"":0.0045792437519623875,""gini"":0.9888629469240796,""minimum_count_for_half_mass"":1123,""n"":245237,""positive_count"":4707,""top_shares"":{""0.001"":0.15192142909281023,""0.01"":0.8213894009342435},""total"":14660.106297625429,""zero_count"":240530}","{""fraction_for_half_mass"":0.21336095287415846,""gini"":0.4708338467634167,""minimum_count_for_half_mass"":412,""n"":1931,""positive_count"":1720,""top_shares"":{""0.01"":0.04719546129808517,""0.05"":0.17317113511852175,""0.1"":0.29065614817211133},""total"":115.43390785531834,""zero_count"":211}","{""benchmark_pass_count"":216,""n"":1931,""quantiles"":{""0.5"":0.04837495825686026,""0.9"":0.12995996505609433,""0.99"":0.2361128093612281,""1.0"":0.4024039333799878},""strict_exceedances"":{""0.01"":1592,""0.1"":378}}"
de785feed05c9f4c2a9e9273,counterfact,R1_nonlearned,0,104,1000,capoff,"{""count"":240530,""denominator"":245237,""fraction"":0.9808063220476518}","{""fraction_for_half_mass"":0.0043916700987208296,""gini"":0.9892932405478617,""minimum_count_for_half_mass"":1077,""n"":245237,""positive_count"":4433,""top_shares"":{""0.001"":0.1595824318344481,""0.01"":0.8350173873998603},""total"":14753.162572071136,""zero_count"":240804}","{""fraction_for_half_mass"":0.0045792437519623875,""gini"":0.9888629469240796,""minimum_count_for_half_mass"":1123,""n"":245237,""positive_count"":4707,""top_shares"":{""0.001"":0.15192142909281023,""0.01"":0.8213894009342435},""total"":14660.106297625429,""zero_count"":240530}","{""fraction_for_half_mass"":0.21336095287415846,""gini"":0.4708338467634167,""minimum_count_for_half_mass"":412,""n"":1931,""positive_count"":1720,""top_shares"":{""0.01"":0.04719546129808517,""0.05"":0.17317113511852175,""0.1"":0.29065614817211133},""total"":115.43390785531834,""zero_count"":211}","{""benchmark_pass_count"":216,""n"":1931,""quantiles"":{""0.5"":0.04837495825686026,""0.9"":0.12995996505609433,""0.99"":0.2361128093612281,""1.0"":0.4024039333799878},""strict_exceedances"":{""0.01"":1592,""0.1"":378}}"
de785feed05c9f4c2a9e9273,counterfact,R1_nonlearned,0,104,1000,original,"{""count"":240530,""denominator"":245237,""fraction"":0.9808063220476518}","{""fraction_for_half_mass"":0.0043916700987208296,""gini"":0.9892932405478617,""minimum_count_for_half_mass"":1077,""n"":245237,""positive_count"":4433,""top_shares"":{""0.001"":0.1595824318344481,""0.01"":0.8350173873998603},""total"":14753.162572071136,""zero_count"":240804}","{""fraction_for_half_mass"":0.0045792437519623875,""gini"":0.9888629469240796,""minimum_count_for_half_mass"":1123,""n"":245237,""positive_count"":4707,""top_shares"":{""0.001"":0.15192142909281023,""0.01"":0.8213894009342435},""total"":14660.106297625429,""zero_count"":240530}","{""fraction_for_half_mass"":0.21336095287415846,""gini"":0.4708338467634167,""minimum_count_for_half_mass"":412,""n"":1931,""positive_count"":1720,""top_shares"":{""0.01"":0.04719546129808517,""0.05"":0.17317113511852175,""0.1"":0.29065614817211133},""total"":115.43390785531834,""zero_count"":211}","{""benchmark_pass_count"":216,""n"":1931,""quantiles"":{""0.5"":0.04837495825686026,""0.9"":0.12995996505609433,""0.99"":0.2361128093612281,""1.0"":0.4024039333799878},""strict_exceedances"":{""0.01"":1592,""0.1"":378}}"
de0b9612418e6d573ed77679,mquake,R1_nonlearned,0,100,300,capoff,"{""count"":244161,""denominator"":245237,""fraction"":0.9956124075893931}","{""fraction_for_half_mass"":0.0010357327809425167,""gini"":0.9974796410819589,""minimum_count_for_half_mass"":254,""n"":245237,""positive_count"":1018,""top_shares"":{""0.001"":0.4887945350997601,""0.01"":0.9999999999999999},""total"":2989.6251823753923,""zero_count"":244219}","{""fraction_for_half_mass"":0.0010683542858540922,""gini"":0.9973893138527025,""minimum_count_for_half_mass"":262,""n"":245237,""positive_count"":1076,""top_shares"":{""0.001"":0.4769947411491519,""0.01"":1.0},""total"":2986.0671910481283,""zero_count"":244161}","{""fraction_for_half_mass"":0.092180217503884,""gini"":0.7703108884929174,""minimum_count_for_half_mass"":178,""n"":1931,""positive_count"":774,""top_shares"":{""0.01"":0.09508467898991614,""0.05"":0.32607849682042844,""0.1"":0.52861532498651},""total"":23.51234008699314,""zero_count"":1157}","{""benchmark_pass_count"":1162,""n"":1931,""quantiles"":{""0.5"":0.0,""0.9"":0.04347181123954815,""0.99"":0.0922683235930089,""1.0"":0.19709235802418398},""strict_exceedances"":{""0.01"":615,""0.1"":15}}"
de0b9612418e6d573ed77679,mquake,R1_nonlearned,0,100,300,original,"{""count"":244161,""denominator"":245237,""fraction"":0.9956124075893931}","{""fraction_for_half_mass"":0.0010357327809425167,""gini"":0.9974796410819589,""minimum_count_for_half_mass"":254,""n"":245237,""positive_count"":1018,""top_shares"":{""0.001"":0.4887945350997601,""0.01"":0.9999999999999999},""total"":2989.6251823753923,""zero_count"":244219}","{""fraction_for_half_mass"":0.0010683542858540922,""gini"":0.9973893138527025,""minimum_count_for_half_mass"":262,""n"":245237,""positive_count"":1076,""top_shares"":{""0.001"":0.4769947411491519,""0.01"":1.0},""total"":2986.0671910481283,""zero_count"":244161}","{""fraction_for_half_mass"":0.092180217503884,""gini"":0.7703108884929174,""minimum_count_for_half_mass"":178,""n"":1931,""positive_count"":774,""top_shares"":{""0.01"":0.09508467898991614,""0.05"":0.32607849682042844,""0.1"":0.52861532498651},""total"":23.51234008699314,""zero_count"":1157}","{""benchmark_pass_count"":1162,""n"":1931,""quantiles"":{""0.5"":0.0,""0.9"":0.04347181123954815,""0.99"":0.0922683235930089,""1.0"":0.19709235802418398},""strict_exceedances"":{""0.01"":615,""0.1"":15}}"
be37e2a1ff4a079e56efe268,mquake,R1_nonlearned,0,101,300,capoff,"{""count"":244161,""denominator"":245237,""fraction"":0.9956124075893931}","{""fraction_for_half_mass"":0.0010357327809425167,""gini"":0.9974796410819589,""minimum_count_for_half_mass"":254,""n"":245237,""positive_count"":1018,""top_shares"":{""0.001"":0.4887945350997601,""0.01"":0.9999999999999999},""total"":2989.6251823753923,""zero_count"":244219}","{""fraction_for_half_mass"":0.0010683542858540922,""gini"":0.9973893138527025,""minimum_count_for_half_mass"":262,""n"":245237,""positive_count"":1076,""top_shares"":{""0.001"":0.4769947411491519,""0.01"":1.0},""total"":2986.0671910481283,""zero_count"":244161}","{""fraction_for_half_mass"":0.092180217503884,""gini"":0.7703108884929174,""minimum_count_for_half_mass"":178,""n"":1931,""positive_count"":774,""top_shares"":{""0.01"":0.09508467898991614,""0.05"":0.32607849682042844,""0.1"":0.52861532498651},""total"":23.51234008699314,""zero_count"":1157}","{""benchmark_pass_count"":1162,""n"":1931,""quantiles"":{""0.5"":0.0,""0.9"":0.04347181123954815,""0.99"":0.0922683235930089,""1.0"":0.19709235802418398},""strict_exceedances"":{""0.01"":615,""0.1"":15}}"
be37e2a1ff4a079e56efe268,mquake,R1_nonlearned,0,101,300,original,"{""count"":244161,""denominator"":245237,""fraction"":0.9956124075893931}","{""fraction_for_half_mass"":0.0010357327809425167,""gini"":0.9974796410819589,""minimum_count_for_half_mass"":254,""n"":245237,""positive_count"":1018,""top_shares"":{""0.001"":0.4887945350997601,""0.01"":0.9999999999999999},""total"":2989.6251823753923,""zero_count"":244219}","{""fraction_for_half_mass"":0.0010683542858540922,""gini"":0.9973893138527025,""minimum_count_for_half_mass"":262,""n"":245237,""positive_count"":1076,""top_shares"":{""0.001"":0.4769947411491519,""0.01"":1.0},""total"":2986.0671910481283,""zero_count"":244161}","{""fraction_for_half_mass"":0.092180217503884,""gini"":0.7703108884929174,""minimum_count_for_half_mass"":178,""n"":1931,""positive_count"":774,""top_shares"":{""0.01"":0.09508467898991614,""0.05"":0.32607849682042844,""0.1"":0.52861532498651},""total"":23.51234008699314,""zero_count"":1157}","{""benchmark_pass_count"":1162,""n"":1931,""quantiles"":{""0.5"":0.0,""0.9"":0.04347181123954815,""0.99"":0.0922683235930089,""1.0"":0.19709235802418398},""strict_exceedances"":{""0.01"":615,""0.1"":15}}"
1e6b766c4139230c18547234,mquake,R1_nonlearned,0,102,300,capoff,"{""count"":244161,""denominator"":245237,""fraction"":0.9956124075893931}","{""fraction_for_half_mass"":0.0010357327809425167,""gini"":0.9974796410819589,""minimum_count_for_half_mass"":254,""n"":245237,""positive_count"":1018,""top_shares"":{""0.001"":0.4887945350997601,""0.01"":0.9999999999999999},""total"":2989.6251823753923,""zero_count"":244219}","{""fraction_for_half_mass"":0.0010683542858540922,""gini"":0.9973893138527025,""minimum_count_for_half_mass"":262,""n"":245237,""positive_count"":1076,""top_shares"":{""0.001"":0.4769947411491519,""0.01"":1.0},""total"":2986.0671910481283,""zero_count"":244161}","{""fraction_for_half_mass"":0.092180217503884,""gini"":0.7703108884929174,""minimum_count_for_half_mass"":178,""n"":1931,""positive_count"":774,""top_shares"":{""0.01"":0.09508467898991614,""0.05"":0.32607849682042844,""0.1"":0.52861532498651},""total"":23.51234008699314,""zero_count"":1157}","{""benchmark_pass_count"":1162,""n"":1931,""quantiles"":{""0.5"":0.0,""0.9"":0.04347181123954815,""0.99"":0.0922683235930089,""1.0"":0.19709235802418398},""strict_exceedances"":{""0.01"":615,""0.1"":15}}"
1e6b766c4139230c18547234,mquake,R1_nonlearned,0,102,300,original,"{""count"":244161,""denominator"":245237,""fraction"":0.9956124075893931}","{""fraction_for_half_mass"":0.0010357327809425167,""gini"":0.9974796410819589,""minimum_count_for_half_mass"":254,""n"":245237,""positive_count"":1018,""top_shares"":{""0.001"":0.4887945350997601,""0.01"":0.9999999999999999},""total"":2989.6251823753923,""zero_count"":244219}","{""fraction_for_half_mass"":0.0010683542858540922,""gini"":0.9973893138527025,""minimum_count_for_half_mass"":262,""n"":245237,""positive_count"":1076,""top_shares"":{""0.001"":0.4769947411491519,""0.01"":1.0},""total"":2986.0671910481283,""zero_count"":244161}","{""fraction_for_half_mass"":0.092180217503884,""gini"":0.7703108884929174,""minimum_count_for_half_mass"":178,""n"":1931,""positive_count"":774,""top_shares"":{""0.01"":0.09508467898991614,""0.05"":0.32607849682042844,""0.1"":0.52861532498651},""total"":23.51234008699314,""zero_count"":1157}","{""benchmark_pass_count"":1162,""n"":1931,""quantiles"":{""0.5"":0.0,""0.9"":0.04347181123954815,""0.99"":0.0922683235930089,""1.0"":0.19709235802418398},""strict_exceedances"":{""0.01"":615,""0.1"":15}}"
c0a54c5fbf1ce7776efc983e,mquake,R1_nonlearned,0,103,300,capoff,"{""count"":244161,""denominator"":245237,""fraction"":0.9956124075893931}","{""fraction_for_half_mass"":0.0010357327809425167,""gini"":0.9974796410819589,""minimum_count_for_half_mass"":254,""n"":245237,""positive_count"":1018,""top_shares"":{""0.001"":0.4887945350997601,""0.01"":0.9999999999999999},""total"":2989.6251823753923,""zero_count"":244219}","{""fraction_for_half_mass"":0.0010683542858540922,""gini"":0.9973893138527025,""minimum_count_for_half_mass"":262,""n"":245237,""positive_count"":1076,""top_shares"":{""0.001"":0.4769947411491519,""0.01"":1.0},""total"":2986.0671910481283,""zero_count"":244161}","{""fraction_for_half_mass"":0.092180217503884,""gini"":0.7703108884929174,""minimum_count_for_half_mass"":178,""n"":1931,""positive_count"":774,""top_shares"":{""0.01"":0.09508467898991614,""0.05"":0.32607849682042844,""0.1"":0.52861532498651},""total"":23.51234008699314,""zero_count"":1157}","{""benchmark_pass_count"":1162,""n"":1931,""quantiles"":{""0.5"":0.0,""0.9"":0.04347181123954815,""0.99"":0.0922683235930089,""1.0"":0.19709235802418398},""strict_exceedances"":{""0.01"":615,""0.1"":15}}"
c0a54c5fbf1ce7776efc983e,mquake,R1_nonlearned,0,103,300,original,"{""count"":244161,""denominator"":245237,""fraction"":0.9956124075893931}","{""fraction_for_half_mass"":0.0010357327809425167,""gini"":0.9974796410819589,""minimum_count_for_half_mass"":254,""n"":245237,""positive_count"":1018,""top_shares"":{""0.001"":0.4887945350997601,""0.01"":0.9999999999999999},""total"":2989.6251823753923,""zero_count"":244219}","{""fraction_for_half_mass"":0.0010683542858540922,""gini"":0.9973893138527025,""minimum_count_for_half_mass"":262,""n"":245237,""positive_count"":1076,""top_shares"":{""0.001"":0.4769947411491519,""0.01"":1.0},""total"":2986.0671910481283,""zero_count"":244161}","{""fraction_for_half_mass"":0.092180217503884,""gini"":0.7703108884929174,""minimum_count_for_half_mass"":178,""n"":1931,""positive_count"":774,""top_shares"":{""0.01"":0.09508467898991614,""0.05"":0.32607849682042844,""0.1"":0.52861532498651},""total"":23.51234008699314,""zero_count"":1157}","{""benchmark_pass_count"":1162,""n"":1931,""quantiles"":{""0.5"":0.0,""0.9"":0.04347181123954815,""0.99"":0.0922683235930089,""1.0"":0.19709235802418398},""strict_exceedances"":{""0.01"":615,""0.1"":15}}"
7499c19b813dcada2c67ae39,mquake,R1_nonlearned,0,104,300,capoff,"{""count"":244161,""denominator"":245237,""fraction"":0.9956124075893931}","{""fraction_for_half_mass"":0.0010357327809425167,""gini"":0.9974796410819589,""minimum_count_for_half_mass"":254,""n"":245237,""positive_count"":1018,""top_shares"":{""0.001"":0.4887945350997601,""0.01"":0.9999999999999999},""total"":2989.6251823753923,""zero_count"":244219}","{""fraction_for_half_mass"":0.0010683542858540922,""gini"":0.9973893138527025,""minimum_count_for_half_mass"":262,""n"":245237,""positive_count"":1076,""top_shares"":{""0.001"":0.4769947411491519,""0.01"":1.0},""total"":2986.0671910481283,""zero_count"":244161}","{""fraction_for_half_mass"":0.092180217503884,""gini"":0.7703108884929174,""minimum_count_for_half_mass"":178,""n"":1931,""positive_count"":774,""top_shares"":{""0.01"":0.09508467898991614,""0.05"":0.32607849682042844,""0.1"":0.52861532498651},""total"":23.51234008699314,""zero_count"":1157}","{""benchmark_pass_count"":1162,""n"":1931,""quantiles"":{""0.5"":0.0,""0.9"":0.04347181123954815,""0.99"":0.0922683235930089,""1.0"":0.19709235802418398},""strict_exceedances"":{""0.01"":615,""0.1"":15}}"
7499c19b813dcada2c67ae39,mquake,R1_nonlearned,0,104,300,original,"{""count"":244161,""denominator"":245237,""fraction"":0.9956124075893931}","{""fraction_for_half_mass"":0.0010357327809425167,""gini"":0.9974796410819589,""minimum_count_for_half_mass"":254,""n"":245237,""positive_count"":1018,""top_shares"":{""0.001"":0.4887945350997601,""0.01"":0.9999999999999999},""total"":2989.6251823753923,""zero_count"":244219}","{""fraction_for_half_mass"":0.0010683542858540922,""gini"":0.9973893138527025,""minimum_count_for_half_mass"":262,""n"":245237,""positive_count"":1076,""top_shares"":{""0.001"":0.4769947411491519,""0.01"":1.0},""total"":2986.0671910481283,""zero_count"":244161}","{""fraction_for_half_mass"":0.092180217503884,""gini"":0.7703108884929174,""minimum_count_for_half_mass"":178,""n"":1931,""positive_count"":774,""top_shares"":{""0.01"":0.09508467898991614,""0.05"":0.32607849682042844,""0.1"":0.52861532498651},""total"":23.51234008699314,""zero_count"":1157}","{""benchmark_pass_count"":1162,""n"":1931,""quantiles"":{""0.5"":0.0,""0.9"":0.04347181123954815,""0.99"":0.0922683235930089,""1.0"":0.19709235802418398},""strict_exceedances"":{""0.01"":615,""0.1"":15}}"
39c7fd4929721e8dcba56b94,zsre,v0_stable,0,100,1000,capoff,"{""count"":244914,""denominator"":245237,""fraction"":0.9986829067391951}","{""fraction_for_half_mass"":6.116532170920375e-05,""gini"":0.9997426596662135,""minimum_count_for_half_mass"":15,""n"":245237,""positive_count"":200,""top_shares"":{""0.001"":1.0,""0.01"":1.0},""total"":261.1942970683895,""zero_count"":245037}","{""fraction_for_half_mass"":5.3009945481309916e-05,""gini"":0.9997264134654142,""minimum_count_for_half_mass"":13,""n"":245237,""positive_count"":323,""top_shares"":{""0.001"":0.9903600136015872,""0.01"":0.9999999999999998},""total"":285.530246616142,""zero_count"":244914}","{""fraction_for_half_mass"":0.006214396685655101,""gini"":0.968520159633603,""minimum_count_for_half_mass"":12,""n"":1931,""positive_count"":288,""top_shares"":{""0.01"":0.6293781730947726,""0.05"":0.913186049939932,""0.1"":0.9840290540079962},""total"":2.2482696583948183,""zero_count"":1643}","{""benchmark_pass_count"":1758,""n"":1931,""quantiles"":{""0.5"":0.0,""0.9"":0.0006798581931623307,""0.99"":0.024985229280960253,""1.0"":0.2075919384937657},""strict_exceedances"":{""0.01"":44,""0.1"":4}}"
39c7fd4929721e8dcba56b94,zsre,v0_stable,0,100,1000,original,"{""count"":244914,""denominator"":245237,""fraction"":0.9986829067391951}","{""fraction_for_half_mass"":6.116532170920375e-05,""gini"":0.9997426596662135,""minimum_count_for_half_mass"":15,""n"":245237,""positive_count"":200,""top_shares"":{""0.001"":1.0,""0.01"":1.0},""total"":261.1942970683895,""zero_count"":245037}","{""fraction_for_half_mass"":5.3009945481309916e-05,""gini"":0.9997264134654142,""minimum_count_for_half_mass"":13,""n"":245237,""positive_count"":323,""top_shares"":{""0.001"":0.9903600136015872,""0.01"":0.9999999999999998},""total"":285.530246616142,""zero_count"":244914}","{""fraction_for_half_mass"":0.006214396685655101,""gini"":0.968520159633603,""minimum_count_for_half_mass"":12,""n"":1931,""positive_count"":288,""top_shares"":{""0.01"":0.6293781730947726,""0.05"":0.913186049939932,""0.1"":0.9840290540079962},""total"":2.2482696583948183,""zero_count"":1643}","{""benchmark_pass_count"":1758,""n"":1931,""quantiles"":{""0.5"":0.0,""0.9"":0.0006798581931623307,""0.99"":0.024985229280960253,""1.0"":0.2075919384937657},""strict_exceedances"":{""0.01"":44,""0.1"":4}}"
b887b1046cd563d990765e01,zsre,v0_stable,0,101,1000,capoff,"{""count"":244551,""denominator"":245237,""fraction"":0.9972027059538324}","{""fraction_for_half_mass"":7.33983860510445e-05,""gini"":0.9996266626643147,""minimum_count_for_half_mass"":18,""n"":245237,""positive_count"":396,""top_shares"":{""0.001"":0.9697752852346773,""0.01"":0.9999999999999999},""total"":465.5841286761708,""zero_count"":244841}","{""fraction_for_half_mass"":7.747607416499141e-05,""gini"":0.9996044635925583,""minimum_count_for_half_mass"":19,""n"":245237,""positive_count"":686,""top_shares"":{""0.001"":0.9592017616830905,""0.01"":0.9999999999999997},""total"":454.11081052848635,""zero_count"":244551}","{""fraction_for_half_mass"":0.009321595028482652,""gini"":0.9568451393697618,""minimum_count_for_half_mass"":18,""n"":1931,""positive_count"":581,""top_shares"":{""0.01"":0.5251911048460605,""0.05"":0.899902122129409,""0.1"":0.9584714700660325},""total"":3.575675673452648,""zero_count"":1350}","{""benchmark_pass_count"":1742,""n"":1931,""quantiles"":{""0.5"":0.0,""0.9"":0.0009449961592906369,""0.99"":0.044093720645512736,""1.0"":0.2068389251008094},""strict_exceedances"":{""0.01"":65,""0.1"":7}}"
b887b1046cd563d990765e01,zsre,v0_stable,0,101,1000,original,"{""count"":244551,""denominator"":245237,""fraction"":0.9972027059538324}","{""fraction_for_half_mass"":7.33983860510445e-05,""gini"":0.9996266626643147,""minimum_count_for_half_mass"":18,""n"":245237,""positive_count"":396,""top_shares"":{""0.001"":0.9697752852346773,""0.01"":0.9999999999999999},""total"":465.5841286761708,""zero_count"":244841}","{""fraction_for_half_mass"":7.747607416499141e-05,""gini"":0.9996044635925583,""minimum_count_for_half_mass"":19,""n"":245237,""positive_count"":686,""top_shares"":{""0.001"":0.9592017616830905,""0.01"":0.9999999999999997},""total"":454.11081052848635,""zero_count"":244551}","{""fraction_for_half_mass"":0.009321595028482652,""gini"":0.9568451393697618,""minimum_count_for_half_mass"":18,""n"":1931,""positive_count"":581,""top_shares"":{""0.01"":0.5251911048460605,""0.05"":0.899902122129409,""0.1"":0.9584714700660325},""total"":3.575675673452648,""zero_count"":1350}","{""benchmark_pass_count"":1742,""n"":1931,""quantiles"":{""0.5"":0.0,""0.9"":0.0009449961592906369,""0.99"":0.044093720645512736,""1.0"":0.2068389251008094},""strict_exceedances"":{""0.01"":65,""0.1"":7}}"
435235a6719279d1cc87ad66,zsre,v0_stable,0,102,1000,capoff,"{""count"":244897,""denominator"":245237,""fraction"":0.998613586041258}","{""fraction_for_half_mass"":8.155376227893833e-05,""gini"":0.9996992124320044,""minimum_count_for_half_mass"":20,""n"":245237,""positive_count"":208,""top_shares"":{""0.001"":0.9999999999999998,""0.01"":0.9999999999999998},""total"":205.89460709198232,""zero_count"":245029}","{""fraction_for_half_mass"":6.524300982315066e-05,""gini"":0.9996567333626696,""minimum_count_for_half_mass"":16,""n"":245237,""positive_count"":340,""top_shares"":{""0.001"":0.9812098231568227,""0.01"":1.0},""total"":196.53768225107888,""zero_count"":244897}","{""fraction_for_half_mass"":0.008285862247540134,""gini"":0.9612739193033779,""minimum_count_for_half_mass"":16,""n"":1931,""positive_count"":300,""top_shares"":{""0.01"":0.5522678810345759,""0.05"":0.8796497035017657,""0.1"":0.9701632906420293},""total"":1.5475408051266055,""zero_count"":1631}","{""benchmark_pass_count"":1757,""n"":1931,""quantiles"":{""0.5"":0.0,""0.9"":0.0008409489296395307,""0.99"":0.017555060933729983,""1.0"":0.2075919384937657},""strict_exceedances"":{""0.01"":37,""0.1"":2}}"
435235a6719279d1cc87ad66,zsre,v0_stable,0,102,1000,original,"{""count"":244897,""denominator"":245237,""fraction"":0.998613586041258}","{""fraction_for_half_mass"":8.155376227893833e-05,""gini"":0.9996992124320044,""minimum_count_for_half_mass"":20,""n"":245237,""positive_count"":208,""top_shares"":{""0.001"":0.9999999999999998,""0.01"":0.9999999999999998},""total"":205.89460709198232,""zero_count"":245029}","{""fraction_for_half_mass"":6.524300982315066e-05,""gini"":0.9996567333626696,""minimum_count_for_half_mass"":16,""n"":245237,""positive_count"":340,""top_shares"":{""0.001"":0.9812098231568227,""0.01"":1.0},""total"":196.53768225107888,""zero_count"":244897}","{""fraction_for_half_mass"":0.008285862247540134,""gini"":0.9612739193033779,""minimum_count_for_half_mass"":16,""n"":1931,""positive_count"":300,""top_shares"":{""0.01"":0.5522678810345759,""0.05"":0.8796497035017657,""0.1"":0.9701632906420293},""total"":1.5475408051266055,""zero_count"":1631}","{""benchmark_pass_count"":1757,""n"":1931,""quantiles"":{""0.5"":0.0,""0.9"":0.0008409489296395307,""0.99"":0.017555060933729983,""1.0"":0.2075919384937657},""strict_exceedances"":{""0.01"":37,""0.1"":2}}"
aaed1cf9e8ce7cf1cf3749fa,zsre,v0_stable,0,103,1000,capoff,"{""count"":244819,""denominator"":245237,""fraction"":0.9982955263683702}","{""fraction_for_half_mass"":4.8932257367363e-05,""gini"":0.9997492674506513,""minimum_count_for_half_mass"":12,""n"":245237,""positive_count"":247,""top_shares"":{""0.001"":0.9999951675773245,""0.01"":1.0000000000000002},""total"":353.95151310096514,""zero_count"":244990}","{""fraction_for_half_mass"":5.3009945481309916e-05,""gini"":0.9997090910874606,""minimum_count_for_half_mass"":13,""n"":245237,""positive_count"":418,""top_shares"":{""0.001"":0.9779487893480397,""0.01"":0.9999999999999999},""total"":356.4862922635204,""zero_count"":244819}","{""fraction_for_half_mass"":0.006214396685655101,""gini"":0.9685172089895048,""minimum_count_for_half_mass"":12,""n"":1931,""positive_count"":356,""top_shares"":{""0.01"":0.6090015101171805,""0.05"":0.9190797630830165,""0.1"":0.9746290639171308},""total"":2.8069786792403177,""zero_count"":1575}","{""benchmark_pass_count"":1748,""n"":1931,""quantiles"":{""0.5"":0.0,""0.9"":0.0008972294219846082,""0.99"":0.036468505755508994,""1.0"":0.2075919384937657},""strict_exceedances"":{""0.01"":51,""0.1"":6}}"
aaed1cf9e8ce7cf1cf3749fa,zsre,v0_stable,0,103,1000,original,"{""count"":244819,""denominator"":245237,""fraction"":0.9982955263683702}","{""fraction_for_half_mass"":4.8932257367363e-05,""gini"":0.9997492674506513,""minimum_count_for_half_mass"":12,""n"":245237,""positive_count"":247,""top_shares"":{""0.001"":0.9999951675773245,""0.01"":1.0000000000000002},""total"":353.95151310096514,""zero_count"":244990}","{""fraction_for_half_mass"":5.3009945481309916e-05,""gini"":0.9997090910874606,""minimum_count_for_half_mass"":13,""n"":245237,""positive_count"":418,""top_shares"":{""0.001"":0.9779487893480397,""0.01"":0.9999999999999999},""total"":356.4862922635204,""zero_count"":244819}","{""fraction_for_half_mass"":0.006214396685655101,""gini"":0.9685172089895048,""minimum_count_for_half_mass"":12,""n"":1931,""positive_count"":356,""top_shares"":{""0.01"":0.6090015101171805,""0.05"":0.9190797630830165,""0.1"":0.9746290639171308},""total"":2.8069786792403177,""zero_count"":1575}","{""benchmark_pass_count"":1748,""n"":1931,""quantiles"":{""0.5"":0.0,""0.9"":0.0008972294219846082,""0.99"":0.036468505755508994,""1.0"":0.2075919384937657},""strict_exceedances"":{""0.01"":51,""0.1"":6}}"
92a5ef6855124ffc5a8d6163,zsre,v0_stable,0,104,1000,capoff,"{""count"":244906,""denominator"":245237,""fraction"":0.9986502852342836}","{""fraction_for_half_mass"":4.0776881139469166e-05,""gini"":0.9997950600097212,""minimum_count_for_half_mass"":10,""n"":245237,""positive_count"":202,""top_shares"":{""0.001"":0.9999999999999998,""0.01"":1.0000000000000002},""total"":333.75133255433616,""zero_count"":245035}","{""fraction_for_half_mass"":4.485456925341608e-05,""gini"":0.999758255663628,""minimum_count_for_half_mass"":11,""n"":245237,""positive_count"":331,""top_shares"":{""0.001"":0.9906903510657512,""0.01"":1.0000000000000002},""total"":376.7259082821719,""zero_count"":244906}","{""fraction_for_half_mass"":0.005696530295183843,""gini"":0.9736776664078747,""minimum_count_for_half_mass"":11,""n"":1931,""positive_count"":282,""top_shares"":{""0.01"":0.6519417321350783,""0.05"":0.9406463033210096,""0.1"":0.9877989484650079},""total"":2.96634573450529,""zero_count"":1649}","{""benchmark_pass_count"":1764,""n"":1931,""quantiles"":{""0.5"":0.0,""0.9"":0.0007344897591809662,""0.99"":0.03695883881809112,""1.0"":0.2075919384937657},""strict_exceedances"":{""0.01"":52,""0.1"":9}}"
92a5ef6855124ffc5a8d6163,zsre,v0_stable,0,104,1000,original,"{""count"":244906,""denominator"":245237,""fraction"":0.9986502852342836}","{""fraction_for_half_mass"":4.0776881139469166e-05,""gini"":0.9997950600097212,""minimum_count_for_half_mass"":10,""n"":245237,""positive_count"":202,""top_shares"":{""0.001"":0.9999999999999998,""0.01"":1.0000000000000002},""total"":333.75133255433616,""zero_count"":245035}","{""fraction_for_half_mass"":4.485456925341608e-05,""gini"":0.999758255663628,""minimum_count_for_half_mass"":11,""n"":245237,""positive_count"":331,""top_shares"":{""0.001"":0.9906903510657512,""0.01"":1.0000000000000002},""total"":376.7259082821719,""zero_count"":244906}","{""fraction_for_half_mass"":0.005696530295183843,""gini"":0.9736776664078747,""minimum_count_for_half_mass"":11,""n"":1931,""positive_count"":282,""top_shares"":{""0.01"":0.6519417321350783,""0.05"":0.9406463033210096,""0.1"":0.9877989484650079},""total"":2.96634573450529,""zero_count"":1649}","{""benchmark_pass_count"":1764,""n"":1931,""quantiles"":{""0.5"":0.0,""0.9"":0.0007344897591809662,""0.99"":0.03695883881809112,""1.0"":0.2075919384937657},""strict_exceedances"":{""0.01"":52,""0.1"":9}}"
baa601113af675024e73bc30,counterfact,v0_stable,0,100,1000,capoff,"{""count"":245237,""denominator"":245237,""fraction"":1.0}","{""fraction_for_half_mass"":null,""gini"":null,""minimum_count_for_half_mass"":null,""n"":245237,""positive_count"":0,""top_shares"":{""0.001"":null,""0.01"":null},""total"":0.0,""zero_count"":245237}","{""fraction_for_half_mass"":null,""gini"":null,""minimum_count_for_half_mass"":null,""n"":245237,""positive_count"":0,""top_shares"":{""0.001"":null,""0.01"":null},""total"":0.0,""zero_count"":245237}","{""fraction_for_half_mass"":null,""gini"":null,""minimum_count_for_half_mass"":null,""n"":1931,""positive_count"":0,""top_shares"":{""0.01"":null,""0.05"":null,""0.1"":null},""total"":0.0,""zero_count"":1931}","{""benchmark_pass_count"":1931,""n"":1931,""quantiles"":{""0.5"":0.0,""0.9"":0.0,""0.99"":0.0,""1.0"":0.0},""strict_exceedances"":{""0.01"":0,""0.1"":0}}"
baa601113af675024e73bc30,counterfact,v0_stable,0,100,1000,original,"{""count"":245237,""denominator"":245237,""fraction"":1.0}","{""fraction_for_half_mass"":null,""gini"":null,""minimum_count_for_half_mass"":null,""n"":245237,""positive_count"":0,""top_shares"":{""0.001"":null,""0.01"":null},""total"":0.0,""zero_count"":245237}","{""fraction_for_half_mass"":null,""gini"":null,""minimum_count_for_half_mass"":null,""n"":245237,""positive_count"":0,""top_shares"":{""0.001"":null,""0.01"":null},""total"":0.0,""zero_count"":245237}","{""fraction_for_half_mass"":null,""gini"":null,""minimum_count_for_half_mass"":null,""n"":1931,""positive_count"":0,""top_shares"":{""0.01"":null,""0.05"":null,""0.1"":null},""total"":0.0,""zero_count"":1931}","{""benchmark_pass_count"":1931,""n"":1931,""quantiles"":{""0.5"":0.0,""0.9"":0.0,""0.99"":0.0,""1.0"":0.0},""strict_exceedances"":{""0.01"":0,""0.1"":0}}"
b6b271f3383f85fb19e49836,counterfact,v0_stable,0,101,1000,capoff,"{""count"":245237,""denominator"":245237,""fraction"":1.0}","{""fraction_for_half_mass"":null,""gini"":null,""minimum_count_for_half_mass"":null,""n"":245237,""positive_count"":0,""top_shares"":{""0.001"":null,""0.01"":null},""total"":0.0,""zero_count"":245237}","{""fraction_for_half_mass"":null,""gini"":null,""minimum_count_for_half_mass"":null,""n"":245237,""positive_count"":0,""top_shares"":{""0.001"":null,""0.01"":null},""total"":0.0,""zero_count"":245237}","{""fraction_for_half_mass"":null,""gini"":null,""minimum_count_for_half_mass"":null,""n"":1931,""positive_count"":0,""top_shares"":{""0.01"":null,""0.05"":null,""0.1"":null},""total"":0.0,""zero_count"":1931}","{""benchmark_pass_count"":1931,""n"":1931,""quantiles"":{""0.5"":0.0,""0.9"":0.0,""0.99"":0.0,""1.0"":0.0},""strict_exceedances"":{""0.01"":0,""0.1"":0}}"
b6b271f3383f85fb19e49836,counterfact,v0_stable,0,101,1000,original,"{""count"":245237,""denominator"":245237,""fraction"":1.0}","{""fraction_for_half_mass"":null,""gini"":null,""minimum_count_for_half_mass"":null,""n"":245237,""positive_count"":0,""top_shares"":{""0.001"":null,""0.01"":null},""total"":0.0,""zero_count"":245237}","{""fraction_for_half_mass"":null,""gini"":null,""minimum_count_for_half_mass"":null,""n"":245237,""positive_count"":0,""top_shares"":{""0.001"":null,""0.01"":null},""total"":0.0,""zero_count"":245237}","{""fraction_for_half_mass"":null,""gini"":null,""minimum_count_for_half_mass"":null,""n"":1931,""positive_count"":0,""top_shares"":{""0.01"":null,""0.05"":null,""0.1"":null},""total"":0.0,""zero_count"":1931}","{""benchmark_pass_count"":1931,""n"":1931,""quantiles"":{""0.5"":0.0,""0.9"":0.0,""0.99"":0.0,""1.0"":0.0},""strict_exceedances"":{""0.01"":0,""0.1"":0}}"
6c0124a2d35b8b4bf8d2a321,counterfact,v0_stable,0,102,1000,capoff,"{""count"":245237,""denominator"":245237,""fraction"":1.0}","{""fraction_for_half_mass"":null,""gini"":null,""minimum_count_for_half_mass"":null,""n"":245237,""positive_count"":0,""top_shares"":{""0.001"":null,""0.01"":null},""total"":0.0,""zero_count"":245237}","{""fraction_for_half_mass"":null,""gini"":null,""minimum_count_for_half_mass"":null,""n"":245237,""positive_count"":0,""top_shares"":{""0.001"":null,""0.01"":null},""total"":0.0,""zero_count"":245237}","{""fraction_for_half_mass"":null,""gini"":null,""minimum_count_for_half_mass"":null,""n"":1931,""positive_count"":0,""top_shares"":{""0.01"":null,""0.05"":null,""0.1"":null},""total"":0.0,""zero_count"":1931}","{""benchmark_pass_count"":1931,""n"":1931,""quantiles"":{""0.5"":0.0,""0.9"":0.0,""0.99"":0.0,""1.0"":0.0},""strict_exceedances"":{""0.01"":0,""0.1"":0}}"
6c0124a2d35b8b4bf8d2a321,counterfact,v0_stable,0,102,1000,original,"{""count"":245237,""denominator"":245237,""fraction"":1.0}","{""fraction_for_half_mass"":null,""gini"":null,""minimum_count_for_half_mass"":null,""n"":245237,""positive_count"":0,""top_shares"":{""0.001"":null,""0.01"":null},""total"":0.0,""zero_count"":245237}","{""fraction_for_half_mass"":null,""gini"":null,""minimum_count_for_half_mass"":null,""n"":245237,""positive_count"":0,""top_shares"":{""0.001"":null,""0.01"":null},""total"":0.0,""zero_count"":245237}","{""fraction_for_half_mass"":null,""gini"":null,""minimum_count_for_half_mass"":null,""n"":1931,""positive_count"":0,""top_shares"":{""0.01"":null,""0.05"":null,""0.1"":null},""total"":0.0,""zero_count"":1931}","{""benchmark_pass_count"":1931,""n"":1931,""quantiles"":{""0.5"":0.0,""0.9"":0.0,""0.99"":0.0,""1.0"":0.0},""strict_exceedances"":{""0.01"":0,""0.1"":0}}"
37c2ba2be995719ac8972cf1,counterfact,v0_stable,0,103,1000,capoff,"{""count"":245237,""denominator"":245237,""fraction"":1.0}","{""fraction_for_half_mass"":null,""gini"":null,""minimum_count_for_half_mass"":null,""n"":245237,""positive_count"":0,""top_shares"":{""0.001"":null,""0.01"":null},""total"":0.0,""zero_count"":245237}","{""fraction_for_half_mass"":null,""gini"":null,""minimum_count_for_half_mass"":null,""n"":245237,""positive_count"":0,""top_shares"":{""0.001"":null,""0.01"":null},""total"":0.0,""zero_count"":245237}","{""fraction_for_half_mass"":null,""gini"":null,""minimum_count_for_half_mass"":null,""n"":1931,""positive_count"":0,""top_shares"":{""0.01"":null,""0.05"":null,""0.1"":null},""total"":0.0,""zero_count"":1931}","{""benchmark_pass_count"":1931,""n"":1931,""quantiles"":{""0.5"":0.0,""0.9"":0.0,""0.99"":0.0,""1.0"":0.0},""strict_exceedances"":{""0.01"":0,""0.1"":0}}"
37c2ba2be995719ac8972cf1,counterfact,v0_stable,0,103,1000,original,"{""count"":245237,""denominator"":245237,""fraction"":1.0}","{""fraction_for_half_mass"":null,""gini"":null,""minimum_count_for_half_mass"":null,""n"":245237,""positive_count"":0,""top_shares"":{""0.001"":null,""0.01"":null},""total"":0.0,""zero_count"":245237}","{""fraction_for_half_mass"":null,""gini"":null,""minimum_count_for_half_mass"":null,""n"":245237,""positive_count"":0,""top_shares"":{""0.001"":null,""0.01"":null},""total"":0.0,""zero_count"":245237}","{""fraction_for_half_mass"":null,""gini"":null,""minimum_count_for_half_mass"":null,""n"":1931,""positive_count"":0,""top_shares"":{""0.01"":null,""0.05"":null,""0.1"":null},""total"":0.0,""zero_count"":1931}","{""benchmark_pass_count"":1931,""n"":1931,""quantiles"":{""0.5"":0.0,""0.9"":0.0,""0.99"":0.0,""1.0"":0.0},""strict_exceedances"":{""0.01"":0,""0.1"":0}}"
d93ed5de9d4401cb3345c7bd,counterfact,v0_stable,0,104,1000,capoff,"{""count"":245237,""denominator"":245237,""fraction"":1.0}","{""fraction_for_half_mass"":null,""gini"":null,""minimum_count_for_half_mass"":null,""n"":245237,""positive_count"":0,""top_shares"":{""0.001"":null,""0.01"":null},""total"":0.0,""zero_count"":245237}","{""fraction_for_half_mass"":null,""gini"":null,""minimum_count_for_half_mass"":null,""n"":245237,""positive_count"":0,""top_shares"":{""0.001"":null,""0.01"":null},""total"":0.0,""zero_count"":245237}","{""fraction_for_half_mass"":null,""gini"":null,""minimum_count_for_half_mass"":null,""n"":1931,""positive_count"":0,""top_shares"":{""0.01"":null,""0.05"":null,""0.1"":null},""total"":0.0,""zero_count"":1931}","{""benchmark_pass_count"":1931,""n"":1931,""quantiles"":{""0.5"":0.0,""0.9"":0.0,""0.99"":0.0,""1.0"":0.0},""strict_exceedances"":{""0.01"":0,""0.1"":0}}"
d93ed5de9d4401cb3345c7bd,counterfact,v0_stable,0,104,1000,original,"{""count"":245237,""denominator"":245237,""fraction"":1.0}","{""fraction_for_half_mass"":null,""gini"":null,""minimum_count_for_half_mass"":null,""n"":245237,""positive_count"":0,""top_shares"":{""0.001"":null,""0.01"":null},""total"":0.0,""zero_count"":245237}","{""fraction_for_half_mass"":null,""gini"":null,""minimum_count_for_half_mass"":null,""n"":245237,""positive_count"":0,""top_shares"":{""0.001"":null,""0.01"":null},""total"":0.0,""zero_count"":245237}","{""fraction_for_half_mass"":null,""gini"":null,""minimum_count_for_half_mass"":null,""n"":1931,""positive_count"":0,""top_shares"":{""0.01"":null,""0.05"":null,""0.1"":null},""total"":0.0,""zero_count"":1931}","{""benchmark_pass_count"":1931,""n"":1931,""quantiles"":{""0.5"":0.0,""0.9"":0.0,""0.99"":0.0,""1.0"":0.0},""strict_exceedances"":{""0.01"":0,""0.1"":0}}"
c2f9d3102987f746f4f31b8d,mquake,v0_stable,0,100,300,capoff,"{""count"":245237,""denominator"":245237,""fraction"":1.0}","{""fraction_for_half_mass"":null,""gini"":null,""minimum_count_for_half_mass"":null,""n"":245237,""positive_count"":0,""top_shares"":{""0.001"":null,""0.01"":null},""total"":0.0,""zero_count"":245237}","{""fraction_for_half_mass"":null,""gini"":null,""minimum_count_for_half_mass"":null,""n"":245237,""positive_count"":0,""top_shares"":{""0.001"":null,""0.01"":null},""total"":0.0,""zero_count"":245237}","{""fraction_for_half_mass"":null,""gini"":null,""minimum_count_for_half_mass"":null,""n"":1931,""positive_count"":0,""top_shares"":{""0.01"":null,""0.05"":null,""0.1"":null},""total"":0.0,""zero_count"":1931}","{""benchmark_pass_count"":1931,""n"":1931,""quantiles"":{""0.5"":0.0,""0.9"":0.0,""0.99"":0.0,""1.0"":0.0},""strict_exceedances"":{""0.01"":0,""0.1"":0}}"
c2f9d3102987f746f4f31b8d,mquake,v0_stable,0,100,300,original,"{""count"":245237,""denominator"":245237,""fraction"":1.0}","{""fraction_for_half_mass"":null,""gini"":null,""minimum_count_for_half_mass"":null,""n"":245237,""positive_count"":0,""top_shares"":{""0.001"":null,""0.01"":null},""total"":0.0,""zero_count"":245237}","{""fraction_for_half_mass"":null,""gini"":null,""minimum_count_for_half_mass"":null,""n"":245237,""positive_count"":0,""top_shares"":{""0.001"":null,""0.01"":null},""total"":0.0,""zero_count"":245237}","{""fraction_for_half_mass"":null,""gini"":null,""minimum_count_for_half_mass"":null,""n"":1931,""positive_count"":0,""top_shares"":{""0.01"":null,""0.05"":null,""0.1"":null},""total"":0.0,""zero_count"":1931}","{""benchmark_pass_count"":1931,""n"":1931,""quantiles"":{""0.5"":0.0,""0.9"":0.0,""0.99"":0.0,""1.0"":0.0},""strict_exceedances"":{""0.01"":0,""0.1"":0}}"
a23ae9063b37c21cfe657d47,mquake,v0_stable,0,101,300,capoff,"{""count"":245237,""denominator"":245237,""fraction"":1.0}","{""fraction_for_half_mass"":null,""gini"":null,""minimum_count_for_half_mass"":null,""n"":245237,""positive_count"":0,""top_shares"":{""0.001"":null,""0.01"":null},""total"":0.0,""zero_count"":245237}","{""fraction_for_half_mass"":null,""gini"":null,""minimum_count_for_half_mass"":null,""n"":245237,""positive_count"":0,""top_shares"":{""0.001"":null,""0.01"":null},""total"":0.0,""zero_count"":245237}","{""fraction_for_half_mass"":null,""gini"":null,""minimum_count_for_half_mass"":null,""n"":1931,""positive_count"":0,""top_shares"":{""0.01"":null,""0.05"":null,""0.1"":null},""total"":0.0,""zero_count"":1931}","{""benchmark_pass_count"":1931,""n"":1931,""quantiles"":{""0.5"":0.0,""0.9"":0.0,""0.99"":0.0,""1.0"":0.0},""strict_exceedances"":{""0.01"":0,""0.1"":0}}"
a23ae9063b37c21cfe657d47,mquake,v0_stable,0,101,300,original,"{""count"":245237,""denominator"":245237,""fraction"":1.0}","{""fraction_for_half_mass"":null,""gini"":null,""minimum_count_for_half_mass"":null,""n"":245237,""positive_count"":0,""top_shares"":{""0.001"":null,""0.01"":null},""total"":0.0,""zero_count"":245237}","{""fraction_for_half_mass"":null,""gini"":null,""minimum_count_for_half_mass"":null,""n"":245237,""positive_count"":0,""top_shares"":{""0.001"":null,""0.01"":null},""total"":0.0,""zero_count"":245237}","{""fraction_for_half_mass"":null,""gini"":null,""minimum_count_for_half_mass"":null,""n"":1931,""positive_count"":0,""top_shares"":{""0.01"":null,""0.05"":null,""0.1"":null},""total"":0.0,""zero_count"":1931}","{""benchmark_pass_count"":1931,""n"":1931,""quantiles"":{""0.5"":0.0,""0.9"":0.0,""0.99"":0.0,""1.0"":0.0},""strict_exceedances"":{""0.01"":0,""0.1"":0}}"
5a6f61e06de0bca53b4a7377,mquake,v0_stable,0,102,300,capoff,"{""count"":245237,""denominator"":245237,""fraction"":1.0}","{""fraction_for_half_mass"":null,""gini"":null,""minimum_count_for_half_mass"":null,""n"":245237,""positive_count"":0,""top_shares"":{""0.001"":null,""0.01"":null},""total"":0.0,""zero_count"":245237}","{""fraction_for_half_mass"":null,""gini"":null,""minimum_count_for_half_mass"":null,""n"":245237,""positive_count"":0,""top_shares"":{""0.001"":null,""0.01"":null},""total"":0.0,""zero_count"":245237}","{""fraction_for_half_mass"":null,""gini"":null,""minimum_count_for_half_mass"":null,""n"":1931,""positive_count"":0,""top_shares"":{""0.01"":null,""0.05"":null,""0.1"":null},""total"":0.0,""zero_count"":1931}","{""benchmark_pass_count"":1931,""n"":1931,""quantiles"":{""0.5"":0.0,""0.9"":0.0,""0.99"":0.0,""1.0"":0.0},""strict_exceedances"":{""0.01"":0,""0.1"":0}}"
5a6f61e06de0bca53b4a7377,mquake,v0_stable,0,102,300,original,"{""count"":245237,""denominator"":245237,""fraction"":1.0}","{""fraction_for_half_mass"":null,""gini"":null,""minimum_count_for_half_mass"":null,""n"":245237,""positive_count"":0,""top_shares"":{""0.001"":null,""0.01"":null},""total"":0.0,""zero_count"":245237}","{""fraction_for_half_mass"":null,""gini"":null,""minimum_count_for_half_mass"":null,""n"":245237,""positive_count"":0,""top_shares"":{""0.001"":null,""0.01"":null},""total"":0.0,""zero_count"":245237}","{""fraction_for_half_mass"":null,""gini"":null,""minimum_count_for_half_mass"":null,""n"":1931,""positive_count"":0,""top_shares"":{""0.01"":null,""0.05"":null,""0.1"":null},""total"":0.0,""zero_count"":1931}","{""benchmark_pass_count"":1931,""n"":1931,""quantiles"":{""0.5"":0.0,""0.9"":0.0,""0.99"":0.0,""1.0"":0.0},""strict_exceedances"":{""0.01"":0,""0.1"":0}}"
03426d6e61fb6b41145c5d8e,mquake,v0_stable,0,103,300,capoff,"{""count"":245237,""denominator"":245237,""fraction"":1.0}","{""fraction_for_half_mass"":null,""gini"":null,""minimum_count_for_half_mass"":null,""n"":245237,""positive_count"":0,""top_shares"":{""0.001"":null,""0.01"":null},""total"":0.0,""zero_count"":245237}","{""fraction_for_half_mass"":null,""gini"":null,""minimum_count_for_half_mass"":null,""n"":245237,""positive_count"":0,""top_shares"":{""0.001"":null,""0.01"":null},""total"":0.0,""zero_count"":245237}","{""fraction_for_half_mass"":null,""gini"":null,""minimum_count_for_half_mass"":null,""n"":1931,""positive_count"":0,""top_shares"":{""0.01"":null,""0.05"":null,""0.1"":null},""total"":0.0,""zero_count"":1931}","{""benchmark_pass_count"":1931,""n"":1931,""quantiles"":{""0.5"":0.0,""0.9"":0.0,""0.99"":0.0,""1.0"":0.0},""strict_exceedances"":{""0.01"":0,""0.1"":0}}"
03426d6e61fb6b41145c5d8e,mquake,v0_stable,0,103,300,original,"{""count"":245237,""denominator"":245237,""fraction"":1.0}","{""fraction_for_half_mass"":null,""gini"":null,""minimum_count_for_half_mass"":null,""n"":245237,""positive_count"":0,""top_shares"":{""0.001"":null,""0.01"":null},""total"":0.0,""zero_count"":245237}","{""fraction_for_half_mass"":null,""gini"":null,""minimum_count_for_half_mass"":null,""n"":245237,""positive_count"":0,""top_shares"":{""0.001"":null,""0.01"":null},""total"":0.0,""zero_count"":245237}","{""fraction_for_half_mass"":null,""gini"":null,""minimum_count_for_half_mass"":null,""n"":1931,""positive_count"":0,""top_shares"":{""0.01"":null,""0.05"":null,""0.1"":null},""total"":0.0,""zero_count"":1931}","{""benchmark_pass_count"":1931,""n"":1931,""quantiles"":{""0.5"":0.0,""0.9"":0.0,""0.99"":0.0,""1.0"":0.0},""strict_exceedances"":{""0.01"":0,""0.1"":0}}"
19f5d8535235334ffe1595e8,mquake,v0_stable,0,104,300,capoff,"{""count"":245237,""denominator"":245237,""fraction"":1.0}","{""fraction_for_half_mass"":null,""gini"":null,""minimum_count_for_half_mass"":null,""n"":245237,""positive_count"":0,""top_shares"":{""0.001"":null,""0.01"":null},""total"":0.0,""zero_count"":245237}","{""fraction_for_half_mass"":null,""gini"":null,""minimum_count_for_half_mass"":null,""n"":245237,""positive_count"":0,""top_shares"":{""0.001"":null,""0.01"":null},""total"":0.0,""zero_count"":245237}","{""fraction_for_half_mass"":null,""gini"":null,""minimum_count_for_half_mass"":null,""n"":1931,""positive_count"":0,""top_shares"":{""0.01"":null,""0.05"":null,""0.1"":null},""total"":0.0,""zero_count"":1931}","{""benchmark_pass_count"":1931,""n"":1931,""quantiles"":{""0.5"":0.0,""0.9"":0.0,""0.99"":0.0,""1.0"":0.0},""strict_exceedances"":{""0.01"":0,""0.1"":0}}"
19f5d8535235334ffe1595e8,mquake,v0_stable,0,104,300,original,"{""count"":245237,""denominator"":245237,""fraction"":1.0}","{""fraction_for_half_mass"":null,""gini"":null,""minimum_count_for_half_mass"":null,""n"":245237,""positive_count"":0,""top_shares"":{""0.001"":null,""0.01"":null},""total"":0.0,""zero_count"":245237}","{""fraction_for_half_mass"":null,""gini"":null,""minimum_count_for_half_mass"":null,""n"":245237,""positive_count"":0,""top_shares"":{""0.001"":null,""0.01"":null},""total"":0.0,""zero_count"":245237}","{""fraction_for_half_mass"":null,""gini"":null,""minimum_count_for_half_mass"":null,""n"":1931,""positive_count"":0,""top_shares"":{""0.01"":null,""0.05"":null,""0.1"":null},""total"":0.0,""zero_count"":1931}","{""benchmark_pass_count"":1931,""n"":1931,""quantiles"":{""0.5"":0.0,""0.9"":0.0,""0.99"":0.0,""1.0"":0.0},""strict_exceedances"":{""0.01"":0,""0.1"":0}}"
6b089d284c00a4418a1d3af4,zsre,R1_learned_ff,1,100,1000,capoff,"{""count"":244768,""denominator"":245237,""fraction"":0.9980875642745589}","{""fraction_for_half_mass"":0.00028543816797628414,""gini"":0.9991972428069694,""minimum_count_for_half_mass"":70,""n"":245237,""positive_count"":408,""top_shares"":{""0.001"":0.9052963429438955,""0.01"":1.0},""total"":653.1021159390326,""zero_count"":244829}","{""fraction_for_half_mass"":0.00028136047986233723,""gini"":0.9991768898669137,""minimum_count_for_half_mass"":69,""n"":245237,""positive_count"":469,""top_shares"":{""0.001"":0.8993898657959538,""0.01"":1.0000000000000002},""total"":600.3327270067736,""zero_count"":244768}","{""fraction_for_half_mass"":0.016571724495080268,""gini"":0.9524044896690929,""minimum_count_for_half_mass"":32,""n"":1931,""positive_count"":224,""top_shares"":{""0.01"":0.36790925913600275,""0.05"":0.8574623698437189,""0.1"":0.9922849038878288},""total"":4.727029346510029,""zero_count"":1707}","{""benchmark_pass_count"":1719,""n"":1931,""quantiles"":{""0.5"":0.0,""0.9"":0.0019095206897502374,""0.99"":0.05900714972404217,""1.0"":0.23018625679508267},""strict_exceedances"":{""0.01"":118,""0.1"":5}}"
6b089d284c00a4418a1d3af4,zsre,R1_learned_ff,1,100,1000,original,"{""count"":244768,""denominator"":245237,""fraction"":0.9980875642745589}","{""fraction_for_half_mass"":0.00028543816797628414,""gini"":0.9991972428069694,""minimum_count_for_half_mass"":70,""n"":245237,""positive_count"":408,""top_shares"":{""0.001"":0.9052963429438955,""0.01"":1.0},""total"":653.1021159390326,""zero_count"":244829}","{""fraction_for_half_mass"":0.00028136047986233723,""gini"":0.9991768898669137,""minimum_count_for_half_mass"":69,""n"":245237,""positive_count"":469,""top_shares"":{""0.001"":0.8993898657959538,""0.01"":1.0000000000000002},""total"":600.3327270067736,""zero_count"":244768}","{""fraction_for_half_mass"":0.016571724495080268,""gini"":0.9524044896690929,""minimum_count_for_half_mass"":32,""n"":1931,""positive_count"":224,""top_shares"":{""0.01"":0.36790925913600275,""0.05"":0.8574623698437189,""0.1"":0.9922849038878288},""total"":4.727029346510029,""zero_count"":1707}","{""benchmark_pass_count"":1719,""n"":1931,""quantiles"":{""0.5"":0.0,""0.9"":0.0019095206897502374,""0.99"":0.05900714972404217,""1.0"":0.23018625679508267},""strict_exceedances"":{""0.01"":118,""0.1"":5}}"
47dac9d968ffe594faac0a14,zsre,R1_learned_ff,1,101,1000,capoff,"{""count"":244768,""denominator"":245237,""fraction"":0.9980875642745589}","{""fraction_for_half_mass"":0.00028543816797628414,""gini"":0.9991972428069694,""minimum_count_for_half_mass"":70,""n"":245237,""positive_count"":408,""top_shares"":{""0.001"":0.9052963429438955,""0.01"":1.0},""total"":653.1021159390326,""zero_count"":244829}","{""fraction_for_half_mass"":0.00028136047986233723,""gini"":0.9991768898669137,""minimum_count_for_half_mass"":69,""n"":245237,""positive_count"":469,""top_shares"":{""0.001"":0.8993898657959538,""0.01"":1.0000000000000002},""total"":600.3327270067736,""zero_count"":244768}","{""fraction_for_half_mass"":0.016571724495080268,""gini"":0.9524044896690929,""minimum_count_for_half_mass"":32,""n"":1931,""positive_count"":224,""top_shares"":{""0.01"":0.36790925913600275,""0.05"":0.8574623698437189,""0.1"":0.9922849038878288},""total"":4.727029346510029,""zero_count"":1707}","{""benchmark_pass_count"":1719,""n"":1931,""quantiles"":{""0.5"":0.0,""0.9"":0.0019095206897502374,""0.99"":0.05900714972404217,""1.0"":0.23018625679508267},""strict_exceedances"":{""0.01"":118,""0.1"":5}}"
47dac9d968ffe594faac0a14,zsre,R1_learned_ff,1,101,1000,original,"{""count"":244768,""denominator"":245237,""fraction"":0.9980875642745589}","{""fraction_for_half_mass"":0.00028543816797628414,""gini"":0.9991972428069694,""minimum_count_for_half_mass"":70,""n"":245237,""positive_count"":408,""top_shares"":{""0.001"":0.9052963429438955,""0.01"":1.0},""total"":653.1021159390326,""zero_count"":244829}","{""fraction_for_half_mass"":0.00028136047986233723,""gini"":0.9991768898669137,""minimum_count_for_half_mass"":69,""n"":245237,""positive_count"":469,""top_shares"":{""0.001"":0.8993898657959538,""0.01"":1.0000000000000002},""total"":600.3327270067736,""zero_count"":244768}","{""fraction_for_half_mass"":0.016571724495080268,""gini"":0.9524044896690929,""minimum_count_for_half_mass"":32,""n"":1931,""positive_count"":224,""top_shares"":{""0.01"":0.36790925913600275,""0.05"":0.8574623698437189,""0.1"":0.9922849038878288},""total"":4.727029346510029,""zero_count"":1707}","{""benchmark_pass_count"":1719,""n"":1931,""quantiles"":{""0.5"":0.0,""0.9"":0.0019095206897502374,""0.99"":0.05900714972404217,""1.0"":0.23018625679508267},""strict_exceedances"":{""0.01"":118,""0.1"":5}}"
4eda9e6155b2755508e13091,zsre,R1_learned_ff,1,102,1000,capoff,"{""count"":244768,""denominator"":245237,""fraction"":0.9980875642745589}","{""fraction_for_half_mass"":0.00028543816797628414,""gini"":0.9991972428069694,""minimum_count_for_half_mass"":70,""n"":245237,""positive_count"":408,""top_shares"":{""0.001"":0.9052963429438955,""0.01"":1.0},""total"":653.1021159390326,""zero_count"":244829}","{""fraction_for_half_mass"":0.00028136047986233723,""gini"":0.9991768898669137,""minimum_count_for_half_mass"":69,""n"":245237,""positive_count"":469,""top_shares"":{""0.001"":0.8993898657959538,""0.01"":1.0000000000000002},""total"":600.3327270067736,""zero_count"":244768}","{""fraction_for_half_mass"":0.016571724495080268,""gini"":0.9524044896690929,""minimum_count_for_half_mass"":32,""n"":1931,""positive_count"":224,""top_shares"":{""0.01"":0.36790925913600275,""0.05"":0.8574623698437189,""0.1"":0.9922849038878288},""total"":4.727029346510029,""zero_count"":1707}","{""benchmark_pass_count"":1719,""n"":1931,""quantiles"":{""0.5"":0.0,""0.9"":0.0019095206897502374,""0.99"":0.05900714972404217,""1.0"":0.23018625679508267},""strict_exceedances"":{""0.01"":118,""0.1"":5}}"
4eda9e6155b2755508e13091,zsre,R1_learned_ff,1,102,1000,original,"{""count"":244768,""denominator"":245237,""fraction"":0.9980875642745589}","{""fraction_for_half_mass"":0.00028543816797628414,""gini"":0.9991972428069694,""minimum_count_for_half_mass"":70,""n"":245237,""positive_count"":408,""top_shares"":{""0.001"":0.9052963429438955,""0.01"":1.0},""total"":653.1021159390326,""zero_count"":244829}","{""fraction_for_half_mass"":0.00028136047986233723,""gini"":0.9991768898669137,""minimum_count_for_half_mass"":69,""n"":245237,""positive_count"":469,""top_shares"":{""0.001"":0.8993898657959538,""0.01"":1.0000000000000002},""total"":600.3327270067736,""zero_count"":244768}","{""fraction_for_half_mass"":0.016571724495080268,""gini"":0.9524044896690929,""minimum_count_for_half_mass"":32,""n"":1931,""positive_count"":224,""top_shares"":{""0.01"":0.36790925913600275,""0.05"":0.8574623698437189,""0.1"":0.9922849038878288},""total"":4.727029346510029,""zero_count"":1707}","{""benchmark_pass_count"":1719,""n"":1931,""quantiles"":{""0.5"":0.0,""0.9"":0.0019095206897502374,""0.99"":0.05900714972404217,""1.0"":0.23018625679508267},""strict_exceedances"":{""0.01"":118,""0.1"":5}}"
ab774e229a65298fdc117c96,zsre,R1_learned_ff,1,103,1000,capoff,"{""count"":244768,""denominator"":245237,""fraction"":0.9980875642745589}","{""fraction_for_half_mass"":0.00028543816797628414,""gini"":0.9991972428069694,""minimum_count_for_half_mass"":70,""n"":245237,""positive_count"":408,""top_shares"":{""0.001"":0.9052963429438955,""0.01"":1.0},""total"":653.1021159390326,""zero_count"":244829}","{""fraction_for_half_mass"":0.00028136047986233723,""gini"":0.9991768898669137,""minimum_count_for_half_mass"":69,""n"":245237,""positive_count"":469,""top_shares"":{""0.001"":0.8993898657959538,""0.01"":1.0000000000000002},""total"":600.3327270067736,""zero_count"":244768}","{""fraction_for_half_mass"":0.016571724495080268,""gini"":0.9524044896690929,""minimum_count_for_half_mass"":32,""n"":1931,""positive_count"":224,""top_shares"":{""0.01"":0.36790925913600275,""0.05"":0.8574623698437189,""0.1"":0.9922849038878288},""total"":4.727029346510029,""zero_count"":1707}","{""benchmark_pass_count"":1719,""n"":1931,""quantiles"":{""0.5"":0.0,""0.9"":0.0019095206897502374,""0.99"":0.05900714972404217,""1.0"":0.23018625679508267},""strict_exceedances"":{""0.01"":118,""0.1"":5}}"
ab774e229a65298fdc117c96,zsre,R1_learned_ff,1,103,1000,original,"{""count"":244768,""denominator"":245237,""fraction"":0.9980875642745589}","{""fraction_for_half_mass"":0.00028543816797628414,""gini"":0.9991972428069694,""minimum_count_for_half_mass"":70,""n"":245237,""positive_count"":408,""top_shares"":{""0.001"":0.9052963429438955,""0.01"":1.0},""total"":653.1021159390326,""zero_count"":244829}","{""fraction_for_half_mass"":0.00028136047986233723,""gini"":0.9991768898669137,""minimum_count_for_half_mass"":69,""n"":245237,""positive_count"":469,""top_shares"":{""0.001"":0.8993898657959538,""0.01"":1.0000000000000002},""total"":600.3327270067736,""zero_count"":244768}","{""fraction_for_half_mass"":0.016571724495080268,""gini"":0.9524044896690929,""minimum_count_for_half_mass"":32,""n"":1931,""positive_count"":224,""top_shares"":{""0.01"":0.36790925913600275,""0.05"":0.8574623698437189,""0.1"":0.9922849038878288},""total"":4.727029346510029,""zero_count"":1707}","{""benchmark_pass_count"":1719,""n"":1931,""quantiles"":{""0.5"":0.0,""0.9"":0.0019095206897502374,""0.99"":0.05900714972404217,""1.0"":0.23018625679508267},""strict_exceedances"":{""0.01"":118,""0.1"":5}}"
b4e7dc307a1f895a8fec997a,zsre,R1_learned_ff,1,104,1000,capoff,"{""count"":244768,""denominator"":245237,""fraction"":0.9980875642745589}","{""fraction_for_half_mass"":0.00028543816797628414,""gini"":0.9991972428069694,""minimum_count_for_half_mass"":70,""n"":245237,""positive_count"":408,""top_shares"":{""0.001"":0.9052963429438955,""0.01"":1.0},""total"":653.1021159390326,""zero_count"":244829}","{""fraction_for_half_mass"":0.00028136047986233723,""gini"":0.9991768898669137,""minimum_count_for_half_mass"":69,""n"":245237,""positive_count"":469,""top_shares"":{""0.001"":0.8993898657959538,""0.01"":1.0000000000000002},""total"":600.3327270067736,""zero_count"":244768}","{""fraction_for_half_mass"":0.016571724495080268,""gini"":0.9524044896690929,""minimum_count_for_half_mass"":32,""n"":1931,""positive_count"":224,""top_shares"":{""0.01"":0.36790925913600275,""0.05"":0.8574623698437189,""0.1"":0.9922849038878288},""total"":4.727029346510029,""zero_count"":1707}","{""benchmark_pass_count"":1719,""n"":1931,""quantiles"":{""0.5"":0.0,""0.9"":0.0019095206897502374,""0.99"":0.05900714972404217,""1.0"":0.23018625679508267},""strict_exceedances"":{""0.01"":118,""0.1"":5}}"
b4e7dc307a1f895a8fec997a,zsre,R1_learned_ff,1,104,1000,original,"{""count"":244768,""denominator"":245237,""fraction"":0.9980875642745589}","{""fraction_for_half_mass"":0.00028543816797628414,""gini"":0.9991972428069694,""minimum_count_for_half_mass"":70,""n"":245237,""positive_count"":408,""top_shares"":{""0.001"":0.9052963429438955,""0.01"":1.0},""total"":653.1021159390326,""zero_count"":244829}","{""fraction_for_half_mass"":0.00028136047986233723,""gini"":0.9991768898669137,""minimum_count_for_half_mass"":69,""n"":245237,""positive_count"":469,""top_shares"":{""0.001"":0.8993898657959538,""0.01"":1.0000000000000002},""total"":600.3327270067736,""zero_count"":244768}","{""fraction_for_half_mass"":0.016571724495080268,""gini"":0.9524044896690929,""minimum_count_for_half_mass"":32,""n"":1931,""positive_count"":224,""top_shares"":{""0.01"":0.36790925913600275,""0.05"":0.8574623698437189,""0.1"":0.9922849038878288},""total"":4.727029346510029,""zero_count"":1707}","{""benchmark_pass_count"":1719,""n"":1931,""quantiles"":{""0.5"":0.0,""0.9"":0.0019095206897502374,""0.99"":0.05900714972404217,""1.0"":0.23018625679508267},""strict_exceedances"":{""0.01"":118,""0.1"":5}}"
826332f387bd487a045d412f,counterfact,R1_learned_ff,1,100,1000,capoff,"{""count"":244492,""denominator"":245237,""fraction"":0.9969621223551095}","{""fraction_for_half_mass"":0.0004648564449899485,""gini"":0.9987140211809094,""minimum_count_for_half_mass"":114,""n"":245237,""positive_count"":650,""top_shares"":{""0.001"":0.7590916837512337,""0.01"":0.9999999999999998},""total"":1176.8342214069673,""zero_count"":244587}","{""fraction_for_half_mass"":0.00047301182121784233,""gini"":0.9986371682286858,""minimum_count_for_half_mass"":116,""n"":245237,""positive_count"":745,""top_shares"":{""0.001"":0.7487848117818389,""0.01"":1.0000000000000002},""total"":1159.4467814571324,""zero_count"":244492}","{""fraction_for_half_mass"":0.031071983428275506,""gini"":0.9125496797059761,""minimum_count_for_half_mass"":60,""n"":1931,""positive_count"":377,""top_shares"":{""0.01"":0.2341540350435884,""0.05"":0.6519836532434983,""0.1"":0.88641057466744},""total"":9.129502216197894,""zero_count"":1554}","{""benchmark_pass_count"":1569,""n"":1931,""quantiles"":{""0.5"":0.0,""0.9"":0.013572319460858013,""0.99"":0.0817991997665465,""1.0"":0.18435620562997576},""strict_exceedances"":{""0.01"":223,""0.1"":13}}"
826332f387bd487a045d412f,counterfact,R1_learned_ff,1,100,1000,original,"{""count"":244492,""denominator"":245237,""fraction"":0.9969621223551095}","{""fraction_for_half_mass"":0.0004648564449899485,""gini"":0.9987140211809094,""minimum_count_for_half_mass"":114,""n"":245237,""positive_count"":650,""top_shares"":{""0.001"":0.7590916837512337,""0.01"":0.9999999999999998},""total"":1176.8342214069673,""zero_count"":244587}","{""fraction_for_half_mass"":0.00047301182121784233,""gini"":0.9986371682286858,""minimum_count_for_half_mass"":116,""n"":245237,""positive_count"":745,""top_shares"":{""0.001"":0.7487848117818389,""0.01"":1.0000000000000002},""total"":1159.4467814571324,""zero_count"":244492}","{""fraction_for_half_mass"":0.031071983428275506,""gini"":0.9125496797059761,""minimum_count_for_half_mass"":60,""n"":1931,""positive_count"":377,""top_shares"":{""0.01"":0.2341540350435884,""0.05"":0.6519836532434983,""0.1"":0.88641057466744},""total"":9.129502216197894,""zero_count"":1554}","{""benchmark_pass_count"":1569,""n"":1931,""quantiles"":{""0.5"":0.0,""0.9"":0.013572319460858013,""0.99"":0.0817991997665465,""1.0"":0.18435620562997576},""strict_exceedances"":{""0.01"":223,""0.1"":13}}"
14d45f0e87126104057518af,counterfact,R1_learned_ff,1,101,1000,capoff,"{""count"":244492,""denominator"":245237,""fraction"":0.9969621223551095}","{""fraction_for_half_mass"":0.0004648564449899485,""gini"":0.9987140211809094,""minimum_count_for_half_mass"":114,""n"":245237,""positive_count"":650,""top_shares"":{""0.001"":0.7590916837512337,""0.01"":0.9999999999999998},""total"":1176.8342214069673,""zero_count"":244587}","{""fraction_for_half_mass"":0.00047301182121784233,""gini"":0.9986371682286858,""minimum_count_for_half_mass"":116,""n"":245237,""positive_count"":745,""top_shares"":{""0.001"":0.7487848117818389,""0.01"":1.0000000000000002},""total"":1159.4467814571324,""zero_count"":244492}","{""fraction_for_half_mass"":0.031071983428275506,""gini"":0.9125496797059761,""minimum_count_for_half_mass"":60,""n"":1931,""positive_count"":377,""top_shares"":{""0.01"":0.2341540350435884,""0.05"":0.6519836532434983,""0.1"":0.88641057466744},""total"":9.129502216197894,""zero_count"":1554}","{""benchmark_pass_count"":1569,""n"":1931,""quantiles"":{""0.5"":0.0,""0.9"":0.013572319460858013,""0.99"":0.0817991997665465,""1.0"":0.18435620562997576},""strict_exceedances"":{""0.01"":223,""0.1"":13}}"
14d45f0e87126104057518af,counterfact,R1_learned_ff,1,101,1000,original,"{""count"":244492,""denominator"":245237,""fraction"":0.9969621223551095}","{""fraction_for_half_mass"":0.0004648564449899485,""gini"":0.9987140211809094,""minimum_count_for_half_mass"":114,""n"":245237,""positive_count"":650,""top_shares"":{""0.001"":0.7590916837512337,""0.01"":0.9999999999999998},""total"":1176.8342214069673,""zero_count"":244587}","{""fraction_for_half_mass"":0.00047301182121784233,""gini"":0.9986371682286858,""minimum_count_for_half_mass"":116,""n"":245237,""positive_count"":745,""top_shares"":{""0.001"":0.7487848117818389,""0.01"":1.0000000000000002},""total"":1159.4467814571324,""zero_count"":244492}","{""fraction_for_half_mass"":0.031071983428275506,""gini"":0.9125496797059761,""minimum_count_for_half_mass"":60,""n"":1931,""positive_count"":377,""top_shares"":{""0.01"":0.2341540350435884,""0.05"":0.6519836532434983,""0.1"":0.88641057466744},""total"":9.129502216197894,""zero_count"":1554}","{""benchmark_pass_count"":1569,""n"":1931,""quantiles"":{""0.5"":0.0,""0.9"":0.013572319460858013,""0.99"":0.0817991997665465,""1.0"":0.18435620562997576},""strict_exceedances"":{""0.01"":223,""0.1"":13}}"
960d0adeb6cacfcfce93d546,counterfact,R1_learned_ff,1,102,1000,capoff,"{""count"":244492,""denominator"":245237,""fraction"":0.9969621223551095}","{""fraction_for_half_mass"":0.0004648564449899485,""gini"":0.9987140211809094,""minimum_count_for_half_mass"":114,""n"":245237,""positive_count"":650,""top_shares"":{""0.001"":0.7590916837512337,""0.01"":0.9999999999999998},""total"":1176.8342214069673,""zero_count"":244587}","{""fraction_for_half_mass"":0.00047301182121784233,""gini"":0.9986371682286858,""minimum_count_for_half_mass"":116,""n"":245237,""positive_count"":745,""top_shares"":{""0.001"":0.7487848117818389,""0.01"":1.0000000000000002},""total"":1159.4467814571324,""zero_count"":244492}","{""fraction_for_half_mass"":0.031071983428275506,""gini"":0.9125496797059761,""minimum_count_for_half_mass"":60,""n"":1931,""positive_count"":377,""top_shares"":{""0.01"":0.2341540350435884,""0.05"":0.6519836532434983,""0.1"":0.88641057466744},""total"":9.129502216197894,""zero_count"":1554}","{""benchmark_pass_count"":1569,""n"":1931,""quantiles"":{""0.5"":0.0,""0.9"":0.013572319460858013,""0.99"":0.0817991997665465,""1.0"":0.18435620562997576},""strict_exceedances"":{""0.01"":223,""0.1"":13}}"
960d0adeb6cacfcfce93d546,counterfact,R1_learned_ff,1,102,1000,original,"{""count"":244492,""denominator"":245237,""fraction"":0.9969621223551095}","{""fraction_for_half_mass"":0.0004648564449899485,""gini"":0.9987140211809094,""minimum_count_for_half_mass"":114,""n"":245237,""positive_count"":650,""top_shares"":{""0.001"":0.7590916837512337,""0.01"":0.9999999999999998},""total"":1176.8342214069673,""zero_count"":244587}","{""fraction_for_half_mass"":0.00047301182121784233,""gini"":0.9986371682286858,""minimum_count_for_half_mass"":116,""n"":245237,""positive_count"":745,""top_shares"":{""0.001"":0.7487848117818389,""0.01"":1.0000000000000002},""total"":1159.4467814571324,""zero_count"":244492}","{""fraction_for_half_mass"":0.031071983428275506,""gini"":0.9125496797059761,""minimum_count_for_half_mass"":60,""n"":1931,""positive_count"":377,""top_shares"":{""0.01"":0.2341540350435884,""0.05"":0.6519836532434983,""0.1"":0.88641057466744},""total"":9.129502216197894,""zero_count"":1554}","{""benchmark_pass_count"":1569,""n"":1931,""quantiles"":{""0.5"":0.0,""0.9"":0.013572319460858013,""0.99"":0.0817991997665465,""1.0"":0.18435620562997576},""strict_exceedances"":{""0.01"":223,""0.1"":13}}"
6840a40e6e5c90bdc40b89b0,counterfact,R1_learned_ff,1,103,1000,capoff,"{""count"":244492,""denominator"":245237,""fraction"":0.9969621223551095}","{""fraction_for_half_mass"":0.0004648564449899485,""gini"":0.9987140211809094,""minimum_count_for_half_mass"":114,""n"":245237,""positive_count"":650,""top_shares"":{""0.001"":0.7590916837512337,""0.01"":0.9999999999999998},""total"":1176.8342214069673,""zero_count"":244587}","{""fraction_for_half_mass"":0.00047301182121784233,""gini"":0.9986371682286858,""minimum_count_for_half_mass"":116,""n"":245237,""positive_count"":745,""top_shares"":{""0.001"":0.7487848117818389,""0.01"":1.0000000000000002},""total"":1159.4467814571324,""zero_count"":244492}","{""fraction_for_half_mass"":0.031071983428275506,""gini"":0.9125496797059761,""minimum_count_for_half_mass"":60,""n"":1931,""positive_count"":377,""top_shares"":{""0.01"":0.2341540350435884,""0.05"":0.6519836532434983,""0.1"":0.88641057466744},""total"":9.129502216197894,""zero_count"":1554}","{""benchmark_pass_count"":1569,""n"":1931,""quantiles"":{""0.5"":0.0,""0.9"":0.013572319460858013,""0.99"":0.0817991997665465,""1.0"":0.18435620562997576},""strict_exceedances"":{""0.01"":223,""0.1"":13}}"
6840a40e6e5c90bdc40b89b0,counterfact,R1_learned_ff,1,103,1000,original,"{""count"":244492,""denominator"":245237,""fraction"":0.9969621223551095}","{""fraction_for_half_mass"":0.0004648564449899485,""gini"":0.9987140211809094,""minimum_count_for_half_mass"":114,""n"":245237,""positive_count"":650,""top_shares"":{""0.001"":0.7590916837512337,""0.01"":0.9999999999999998},""total"":1176.8342214069673,""zero_count"":244587}","{""fraction_for_half_mass"":0.00047301182121784233,""gini"":0.9986371682286858,""minimum_count_for_half_mass"":116,""n"":245237,""positive_count"":745,""top_shares"":{""0.001"":0.7487848117818389,""0.01"":1.0000000000000002},""total"":1159.4467814571324,""zero_count"":244492}","{""fraction_for_half_mass"":0.031071983428275506,""gini"":0.9125496797059761,""minimum_count_for_half_mass"":60,""n"":1931,""positive_count"":377,""top_shares"":{""0.01"":0.2341540350435884,""0.05"":0.6519836532434983,""0.1"":0.88641057466744},""total"":9.129502216197894,""zero_count"":1554}","{""benchmark_pass_count"":1569,""n"":1931,""quantiles"":{""0.5"":0.0,""0.9"":0.013572319460858013,""0.99"":0.0817991997665465,""1.0"":0.18435620562997576},""strict_exceedances"":{""0.01"":223,""0.1"":13}}"
42ba32e4f07423bee03296b3,counterfact,R1_learned_ff,1,104,1000,capoff,"{""count"":244492,""denominator"":245237,""fraction"":0.9969621223551095}","{""fraction_for_half_mass"":0.0004648564449899485,""gini"":0.9987140211809094,""minimum_count_for_half_mass"":114,""n"":245237,""positive_count"":650,""top_shares"":{""0.001"":0.7590916837512337,""0.01"":0.9999999999999998},""total"":1176.8342214069673,""zero_count"":244587}","{""fraction_for_half_mass"":0.00047301182121784233,""gini"":0.9986371682286858,""minimum_count_for_half_mass"":116,""n"":245237,""positive_count"":745,""top_shares"":{""0.001"":0.7487848117818389,""0.01"":1.0000000000000002},""total"":1159.4467814571324,""zero_count"":244492}","{""fraction_for_half_mass"":0.031071983428275506,""gini"":0.9125496797059761,""minimum_count_for_half_mass"":60,""n"":1931,""positive_count"":377,""top_shares"":{""0.01"":0.2341540350435884,""0.05"":0.6519836532434983,""0.1"":0.88641057466744},""total"":9.129502216197894,""zero_count"":1554}","{""benchmark_pass_count"":1569,""n"":1931,""quantiles"":{""0.5"":0.0,""0.9"":0.013572319460858013,""0.99"":0.0817991997665465,""1.0"":0.18435620562997576},""strict_exceedances"":{""0.01"":223,""0.1"":13}}"
42ba32e4f07423bee03296b3,counterfact,R1_learned_ff,1,104,1000,original,"{""count"":244492,""denominator"":245237,""fraction"":0.9969621223551095}","{""fraction_for_half_mass"":0.0004648564449899485,""gini"":0.9987140211809094,""minimum_count_for_half_mass"":114,""n"":245237,""positive_count"":650,""top_shares"":{""0.001"":0.7590916837512337,""0.01"":0.9999999999999998},""total"":1176.8342214069673,""zero_count"":244587}","{""fraction_for_half_mass"":0.00047301182121784233,""gini"":0.9986371682286858,""minimum_count_for_half_mass"":116,""n"":245237,""positive_count"":745,""top_shares"":{""0.001"":0.7487848117818389,""0.01"":1.0000000000000002},""total"":1159.4467814571324,""zero_count"":244492}","{""fraction_for_half_mass"":0.031071983428275506,""gini"":0.9125496797059761,""minimum_count_for_half_mass"":60,""n"":1931,""positive_count"":377,""top_shares"":{""0.01"":0.2341540350435884,""0.05"":0.6519836532434983,""0.1"":0.88641057466744},""total"":9.129502216197894,""zero_count"":1554}","{""benchmark_pass_count"":1569,""n"":1931,""quantiles"":{""0.5"":0.0,""0.9"":0.013572319460858013,""0.99"":0.0817991997665465,""1.0"":0.18435620562997576},""strict_exceedances"":{""0.01"":223,""0.1"":13}}"
19964c4e7f737707baad94a5,mquake,R1_learned_ff,1,100,300,capoff,"{""count"":244269,""denominator"":245237,""fraction"":0.9960527979056993}","{""fraction_for_half_mass"":0.0006972846674849227,""gini"":0.9981881947915368,""minimum_count_for_half_mass"":171,""n"":245237,""positive_count"":859,""top_shares"":{""0.001"":0.6249105862927471,""0.01"":0.9999999999999999},""total"":1741.415472501424,""zero_count"":244378}","{""fraction_for_half_mass"":0.0007217507961686042,""gini"":0.9981100716498056,""minimum_count_for_half_mass"":177,""n"":245237,""positive_count"":968,""top_shares"":{""0.001"":0.6123006717241475,""0.01"":1.0000000000000002},""total"":1701.1980737802648,""zero_count"":244269}","{""fraction_for_half_mass"":0.020714655618850338,""gini"":0.9329884492728261,""minimum_count_for_half_mass"":40,""n"":1931,""positive_count"":346,""top_shares"":{""0.01"":0.34531838715890417,""0.05"":0.7513551967980242,""0.1"":0.9272697286916575},""total"":13.395260423466656,""zero_count"":1585}","{""benchmark_pass_count"":1597,""n"":1931,""quantiles"":{""0.5"":0.0,""0.9"":0.015088473041336384,""0.99"":0.12465955241226082,""1.0"":0.47276053392189826},""strict_exceedances"":{""0.01"":231,""0.1"":31}}"
19964c4e7f737707baad94a5,mquake,R1_learned_ff,1,100,300,original,"{""count"":244269,""denominator"":245237,""fraction"":0.9960527979056993}","{""fraction_for_half_mass"":0.0006972846674849227,""gini"":0.9981881947915368,""minimum_count_for_half_mass"":171,""n"":245237,""positive_count"":859,""top_shares"":{""0.001"":0.6249105862927471,""0.01"":0.9999999999999999},""total"":1741.415472501424,""zero_count"":244378}","{""fraction_for_half_mass"":0.0007217507961686042,""gini"":0.9981100716498056,""minimum_count_for_half_mass"":177,""n"":245237,""positive_count"":968,""top_shares"":{""0.001"":0.6123006717241475,""0.01"":1.0000000000000002},""total"":1701.1980737802648,""zero_count"":244269}","{""fraction_for_half_mass"":0.020714655618850338,""gini"":0.9329884492728261,""minimum_count_for_half_mass"":40,""n"":1931,""positive_count"":346,""top_shares"":{""0.01"":0.34531838715890417,""0.05"":0.7513551967980242,""0.1"":0.9272697286916575},""total"":13.395260423466656,""zero_count"":1585}","{""benchmark_pass_count"":1597,""n"":1931,""quantiles"":{""0.5"":0.0,""0.9"":0.015088473041336384,""0.99"":0.12465955241226082,""1.0"":0.47276053392189826},""strict_exceedances"":{""0.01"":231,""0.1"":31}}"
40ec11c9694b4265a013c682,mquake,R1_learned_ff,1,101,300,capoff,"{""count"":244269,""denominator"":245237,""fraction"":0.9960527979056993}","{""fraction_for_half_mass"":0.0006972846674849227,""gini"":0.9981881947915368,""minimum_count_for_half_mass"":171,""n"":245237,""positive_count"":859,""top_shares"":{""0.001"":0.6249105862927471,""0.01"":0.9999999999999999},""total"":1741.415472501424,""zero_count"":244378}","{""fraction_for_half_mass"":0.0007217507961686042,""gini"":0.9981100716498056,""minimum_count_for_half_mass"":177,""n"":245237,""positive_count"":968,""top_shares"":{""0.001"":0.6123006717241475,""0.01"":1.0000000000000002},""total"":1701.1980737802648,""zero_count"":244269}","{""fraction_for_half_mass"":0.020714655618850338,""gini"":0.9329884492728261,""minimum_count_for_half_mass"":40,""n"":1931,""positive_count"":346,""top_shares"":{""0.01"":0.34531838715890417,""0.05"":0.7513551967980242,""0.1"":0.9272697286916575},""total"":13.395260423466656,""zero_count"":1585}","{""benchmark_pass_count"":1597,""n"":1931,""quantiles"":{""0.5"":0.0,""0.9"":0.015088473041336384,""0.99"":0.12465955241226082,""1.0"":0.47276053392189826},""strict_exceedances"":{""0.01"":231,""0.1"":31}}"
40ec11c9694b4265a013c682,mquake,R1_learned_ff,1,101,300,original,"{""count"":244269,""denominator"":245237,""fraction"":0.9960527979056993}","{""fraction_for_half_mass"":0.0006972846674849227,""gini"":0.9981881947915368,""minimum_count_for_half_mass"":171,""n"":245237,""positive_count"":859,""top_shares"":{""0.001"":0.6249105862927471,""0.01"":0.9999999999999999},""total"":1741.415472501424,""zero_count"":244378}","{""fraction_for_half_mass"":0.0007217507961686042,""gini"":0.9981100716498056,""minimum_count_for_half_mass"":177,""n"":245237,""positive_count"":968,""top_shares"":{""0.001"":0.6123006717241475,""0.01"":1.0000000000000002},""total"":1701.1980737802648,""zero_count"":244269}","{""fraction_for_half_mass"":0.020714655618850338,""gini"":0.9329884492728261,""minimum_count_for_half_mass"":40,""n"":1931,""positive_count"":346,""top_shares"":{""0.01"":0.34531838715890417,""0.05"":0.7513551967980242,""0.1"":0.9272697286916575},""total"":13.395260423466656,""zero_count"":1585}","{""benchmark_pass_count"":1597,""n"":1931,""quantiles"":{""0.5"":0.0,""0.9"":0.015088473041336384,""0.99"":0.12465955241226082,""1.0"":0.47276053392189826},""strict_exceedances"":{""0.01"":231,""0.1"":31}}"
f0642100f6eb9cd77e92f439,mquake,R1_learned_ff,1,102,300,capoff,"{""count"":244269,""denominator"":245237,""fraction"":0.9960527979056993}","{""fraction_for_half_mass"":0.0006972846674849227,""gini"":0.9981881947915368,""minimum_count_for_half_mass"":171,""n"":245237,""positive_count"":859,""top_shares"":{""0.001"":0.6249105862927471,""0.01"":0.9999999999999999},""total"":1741.415472501424,""zero_count"":244378}","{""fraction_for_half_mass"":0.0007217507961686042,""gini"":0.9981100716498056,""minimum_count_for_half_mass"":177,""n"":245237,""positive_count"":968,""top_shares"":{""0.001"":0.6123006717241475,""0.01"":1.0000000000000002},""total"":1701.1980737802648,""zero_count"":244269}","{""fraction_for_half_mass"":0.020714655618850338,""gini"":0.9329884492728261,""minimum_count_for_half_mass"":40,""n"":1931,""positive_count"":346,""top_shares"":{""0.01"":0.34531838715890417,""0.05"":0.7513551967980242,""0.1"":0.9272697286916575},""total"":13.395260423466656,""zero_count"":1585}","{""benchmark_pass_count"":1597,""n"":1931,""quantiles"":{""0.5"":0.0,""0.9"":0.015088473041336384,""0.99"":0.12465955241226082,""1.0"":0.47276053392189826},""strict_exceedances"":{""0.01"":231,""0.1"":31}}"
f0642100f6eb9cd77e92f439,mquake,R1_learned_ff,1,102,300,original,"{""count"":244269,""denominator"":245237,""fraction"":0.9960527979056993}","{""fraction_for_half_mass"":0.0006972846674849227,""gini"":0.9981881947915368,""minimum_count_for_half_mass"":171,""n"":245237,""positive_count"":859,""top_shares"":{""0.001"":0.6249105862927471,""0.01"":0.9999999999999999},""total"":1741.415472501424,""zero_count"":244378}","{""fraction_for_half_mass"":0.0007217507961686042,""gini"":0.9981100716498056,""minimum_count_for_half_mass"":177,""n"":245237,""positive_count"":968,""top_shares"":{""0.001"":0.6123006717241475,""0.01"":1.0000000000000002},""total"":1701.1980737802648,""zero_count"":244269}","{""fraction_for_half_mass"":0.020714655618850338,""gini"":0.9329884492728261,""minimum_count_for_half_mass"":40,""n"":1931,""positive_count"":346,""top_shares"":{""0.01"":0.34531838715890417,""0.05"":0.7513551967980242,""0.1"":0.9272697286916575},""total"":13.395260423466656,""zero_count"":1585}","{""benchmark_pass_count"":1597,""n"":1931,""quantiles"":{""0.5"":0.0,""0.9"":0.015088473041336384,""0.99"":0.12465955241226082,""1.0"":0.47276053392189826},""strict_exceedances"":{""0.01"":231,""0.1"":31}}"
b7ff3139c3f3eeb3ff7e9c80,mquake,R1_learned_ff,1,103,300,capoff,"{""count"":244269,""denominator"":245237,""fraction"":0.9960527979056993}","{""fraction_for_half_mass"":0.0006972846674849227,""gini"":0.9981881947915368,""minimum_count_for_half_mass"":171,""n"":245237,""positive_count"":859,""top_shares"":{""0.001"":0.6249105862927471,""0.01"":0.9999999999999999},""total"":1741.415472501424,""zero_count"":244378}","{""fraction_for_half_mass"":0.0007217507961686042,""gini"":0.9981100716498056,""minimum_count_for_half_mass"":177,""n"":245237,""positive_count"":968,""top_shares"":{""0.001"":0.6123006717241475,""0.01"":1.0000000000000002},""total"":1701.1980737802648,""zero_count"":244269}","{""fraction_for_half_mass"":0.020714655618850338,""gini"":0.9329884492728261,""minimum_count_for_half_mass"":40,""n"":1931,""positive_count"":346,""top_shares"":{""0.01"":0.34531838715890417,""0.05"":0.7513551967980242,""0.1"":0.9272697286916575},""total"":13.395260423466656,""zero_count"":1585}","{""benchmark_pass_count"":1597,""n"":1931,""quantiles"":{""0.5"":0.0,""0.9"":0.015088473041336384,""0.99"":0.12465955241226082,""1.0"":0.47276053392189826},""strict_exceedances"":{""0.01"":231,""0.1"":31}}"
b7ff3139c3f3eeb3ff7e9c80,mquake,R1_learned_ff,1,103,300,original,"{""count"":244269,""denominator"":245237,""fraction"":0.9960527979056993}","{""fraction_for_half_mass"":0.0006972846674849227,""gini"":0.9981881947915368,""minimum_count_for_half_mass"":171,""n"":245237,""positive_count"":859,""top_shares"":{""0.001"":0.6249105862927471,""0.01"":0.9999999999999999},""total"":1741.415472501424,""zero_count"":244378}","{""fraction_for_half_mass"":0.0007217507961686042,""gini"":0.9981100716498056,""minimum_count_for_half_mass"":177,""n"":245237,""positive_count"":968,""top_shares"":{""0.001"":0.6123006717241475,""0.01"":1.0000000000000002},""total"":1701.1980737802648,""zero_count"":244269}","{""fraction_for_half_mass"":0.020714655618850338,""gini"":0.9329884492728261,""minimum_count_for_half_mass"":40,""n"":1931,""positive_count"":346,""top_shares"":{""0.01"":0.34531838715890417,""0.05"":0.7513551967980242,""0.1"":0.9272697286916575},""total"":13.395260423466656,""zero_count"":1585}","{""benchmark_pass_count"":1597,""n"":1931,""quantiles"":{""0.5"":0.0,""0.9"":0.015088473041336384,""0.99"":0.12465955241226082,""1.0"":0.47276053392189826},""strict_exceedances"":{""0.01"":231,""0.1"":31}}"
1833a410c9e8704f6a379114,mquake,R1_learned_ff,1,104,300,capoff,"{""count"":244269,""denominator"":245237,""fraction"":0.9960527979056993}","{""fraction_for_half_mass"":0.0006972846674849227,""gini"":0.9981881947915368,""minimum_count_for_half_mass"":171,""n"":245237,""positive_count"":859,""top_shares"":{""0.001"":0.6249105862927471,""0.01"":0.9999999999999999},""total"":1741.415472501424,""zero_count"":244378}","{""fraction_for_half_mass"":0.0007217507961686042,""gini"":0.9981100716498056,""minimum_count_for_half_mass"":177,""n"":245237,""positive_count"":968,""top_shares"":{""0.001"":0.6123006717241475,""0.01"":1.0000000000000002},""total"":1701.1980737802648,""zero_count"":244269}","{""fraction_for_half_mass"":0.020714655618850338,""gini"":0.9329884492728261,""minimum_count_for_half_mass"":40,""n"":1931,""positive_count"":346,""top_shares"":{""0.01"":0.34531838715890417,""0.05"":0.7513551967980242,""0.1"":0.9272697286916575},""total"":13.395260423466656,""zero_count"":1585}","{""benchmark_pass_count"":1597,""n"":1931,""quantiles"":{""0.5"":0.0,""0.9"":0.015088473041336384,""0.99"":0.12465955241226082,""1.0"":0.47276053392189826},""strict_exceedances"":{""0.01"":231,""0.1"":31}}"
1833a410c9e8704f6a379114,mquake,R1_learned_ff,1,104,300,original,"{""count"":244269,""denominator"":245237,""fraction"":0.9960527979056993}","{""fraction_for_half_mass"":0.0006972846674849227,""gini"":0.9981881947915368,""minimum_count_for_half_mass"":171,""n"":245237,""positive_count"":859,""top_shares"":{""0.001"":0.6249105862927471,""0.01"":0.9999999999999999},""total"":1741.415472501424,""zero_count"":244378}","{""fraction_for_half_mass"":0.0007217507961686042,""gini"":0.9981100716498056,""minimum_count_for_half_mass"":177,""n"":245237,""positive_count"":968,""top_shares"":{""0.001"":0.6123006717241475,""0.01"":1.0000000000000002},""total"":1701.1980737802648,""zero_count"":244269}","{""fraction_for_half_mass"":0.020714655618850338,""gini"":0.9329884492728261,""minimum_count_for_half_mass"":40,""n"":1931,""positive_count"":346,""top_shares"":{""0.01"":0.34531838715890417,""0.05"":0.7513551967980242,""0.1"":0.9272697286916575},""total"":13.395260423466656,""zero_count"":1585}","{""benchmark_pass_count"":1597,""n"":1931,""quantiles"":{""0.5"":0.0,""0.9"":0.015088473041336384,""0.99"":0.12465955241226082,""1.0"":0.47276053392189826},""strict_exceedances"":{""0.01"":231,""0.1"":31}}"
82606602ae475e73eb4401f9,zsre,R1_nonlearned,1,100,1000,capoff,"{""count"":245132,""denominator"":245237,""fraction"":0.9995718427480356}","{""fraction_for_half_mass"":8.970913850683216e-05,""gini"":0.9997782801889921,""minimum_count_for_half_mass"":22,""n"":245237,""positive_count"":97,""top_shares"":{""0.001"":1.0000000000000002,""0.01"":1.0},""total"":180.41974984508093,""zero_count"":245140}","{""fraction_for_half_mass"":9.378682662077908e-05,""gini"":0.9997656804141999,""minimum_count_for_half_mass"":23,""n"":245237,""positive_count"":105,""top_shares"":{""0.001"":1.0000000000000002,""0.01"":1.0000000000000002},""total"":182.1003942496262,""zero_count"":245132}","{""fraction_for_half_mass"":0.011393060590367685,""gini"":0.9718083145976916,""minimum_count_for_half_mass"":22,""n"":1931,""positive_count"":100,""top_shares"":{""0.01"":0.4694736300690018,""0.05"":0.9958476614483107,""0.1"":1.0},""total"":1.4338613720443008,""zero_count"":1831}","{""benchmark_pass_count"":1831,""n"":1931,""quantiles"":{""0.5"":0.0,""0.9"":0.0,""0.99"":0.02486871653750125,""1.0"":0.055692646909470025},""strict_exceedances"":{""0.01"":47,""0.1"":0}}"
82606602ae475e73eb4401f9,zsre,R1_nonlearned,1,100,1000,original,"{""count"":245132,""denominator"":245237,""fraction"":0.9995718427480356}","{""fraction_for_half_mass"":8.970913850683216e-05,""gini"":0.9997782801889921,""minimum_count_for_half_mass"":22,""n"":245237,""positive_count"":97,""top_shares"":{""0.001"":1.0000000000000002,""0.01"":1.0},""total"":180.41974984508093,""zero_count"":245140}","{""fraction_for_half_mass"":9.378682662077908e-05,""gini"":0.9997656804141999,""minimum_count_for_half_mass"":23,""n"":245237,""positive_count"":105,""top_shares"":{""0.001"":1.0000000000000002,""0.01"":1.0000000000000002},""total"":182.1003942496262,""zero_count"":245132}","{""fraction_for_half_mass"":0.011393060590367685,""gini"":0.9718083145976916,""minimum_count_for_half_mass"":22,""n"":1931,""positive_count"":100,""top_shares"":{""0.01"":0.4694736300690018,""0.05"":0.9958476614483107,""0.1"":1.0},""total"":1.4338613720443008,""zero_count"":1831}","{""benchmark_pass_count"":1831,""n"":1931,""quantiles"":{""0.5"":0.0,""0.9"":0.0,""0.99"":0.02486871653750125,""1.0"":0.055692646909470025},""strict_exceedances"":{""0.01"":47,""0.1"":0}}"
2172052824abd70e8135366f,zsre,R1_nonlearned,1,101,1000,capoff,"{""count"":245132,""denominator"":245237,""fraction"":0.9995718427480356}","{""fraction_for_half_mass"":8.970913850683216e-05,""gini"":0.9997782801889921,""minimum_count_for_half_mass"":22,""n"":245237,""positive_count"":97,""top_shares"":{""0.001"":1.0000000000000002,""0.01"":1.0},""total"":180.41974984508093,""zero_count"":245140}","{""fraction_for_half_mass"":9.378682662077908e-05,""gini"":0.9997656804141999,""minimum_count_for_half_mass"":23,""n"":245237,""positive_count"":105,""top_shares"":{""0.001"":1.0000000000000002,""0.01"":1.0000000000000002},""total"":182.1003942496262,""zero_count"":245132}","{""fraction_for_half_mass"":0.011393060590367685,""gini"":0.9718083145976916,""minimum_count_for_half_mass"":22,""n"":1931,""positive_count"":100,""top_shares"":{""0.01"":0.4694736300690018,""0.05"":0.9958476614483107,""0.1"":1.0},""total"":1.4338613720443008,""zero_count"":1831}","{""benchmark_pass_count"":1831,""n"":1931,""quantiles"":{""0.5"":0.0,""0.9"":0.0,""0.99"":0.02486871653750125,""1.0"":0.055692646909470025},""strict_exceedances"":{""0.01"":47,""0.1"":0}}"
2172052824abd70e8135366f,zsre,R1_nonlearned,1,101,1000,original,"{""count"":245132,""denominator"":245237,""fraction"":0.9995718427480356}","{""fraction_for_half_mass"":8.970913850683216e-05,""gini"":0.9997782801889921,""minimum_count_for_half_mass"":22,""n"":245237,""positive_count"":97,""top_shares"":{""0.001"":1.0000000000000002,""0.01"":1.0},""total"":180.41974984508093,""zero_count"":245140}","{""fraction_for_half_mass"":9.378682662077908e-05,""gini"":0.9997656804141999,""minimum_count_for_half_mass"":23,""n"":245237,""positive_count"":105,""top_shares"":{""0.001"":1.0000000000000002,""0.01"":1.0000000000000002},""total"":182.1003942496262,""zero_count"":245132}","{""fraction_for_half_mass"":0.011393060590367685,""gini"":0.9718083145976916,""minimum_count_for_half_mass"":22,""n"":1931,""positive_count"":100,""top_shares"":{""0.01"":0.4694736300690018,""0.05"":0.9958476614483107,""0.1"":1.0},""total"":1.4338613720443008,""zero_count"":1831}","{""benchmark_pass_count"":1831,""n"":1931,""quantiles"":{""0.5"":0.0,""0.9"":0.0,""0.99"":0.02486871653750125,""1.0"":0.055692646909470025},""strict_exceedances"":{""0.01"":47,""0.1"":0}}"
5c394f4861164c1d5b31de4c,zsre,R1_nonlearned,1,102,1000,capoff,"{""count"":245132,""denominator"":245237,""fraction"":0.9995718427480356}","{""fraction_for_half_mass"":8.970913850683216e-05,""gini"":0.9997782801889921,""minimum_count_for_half_mass"":22,""n"":245237,""positive_count"":97,""top_shares"":{""0.001"":1.0000000000000002,""0.01"":1.0},""total"":180.41974984508093,""zero_count"":245140}","{""fraction_for_half_mass"":9.378682662077908e-05,""gini"":0.9997656804141999,""minimum_count_for_half_mass"":23,""n"":245237,""positive_count"":105,""top_shares"":{""0.001"":1.0000000000000002,""0.01"":1.0000000000000002},""total"":182.1003942496262,""zero_count"":245132}","{""fraction_for_half_mass"":0.011393060590367685,""gini"":0.9718083145976916,""minimum_count_for_half_mass"":22,""n"":1931,""positive_count"":100,""top_shares"":{""0.01"":0.4694736300690018,""0.05"":0.9958476614483107,""0.1"":1.0},""total"":1.4338613720443008,""zero_count"":1831}","{""benchmark_pass_count"":1831,""n"":1931,""quantiles"":{""0.5"":0.0,""0.9"":0.0,""0.99"":0.02486871653750125,""1.0"":0.055692646909470025},""strict_exceedances"":{""0.01"":47,""0.1"":0}}"
5c394f4861164c1d5b31de4c,zsre,R1_nonlearned,1,102,1000,original,"{""count"":245132,""denominator"":245237,""fraction"":0.9995718427480356}","{""fraction_for_half_mass"":8.970913850683216e-05,""gini"":0.9997782801889921,""minimum_count_for_half_mass"":22,""n"":245237,""positive_count"":97,""top_shares"":{""0.001"":1.0000000000000002,""0.01"":1.0},""total"":180.41974984508093,""zero_count"":245140}","{""fraction_for_half_mass"":9.378682662077908e-05,""gini"":0.9997656804141999,""minimum_count_for_half_mass"":23,""n"":245237,""positive_count"":105,""top_shares"":{""0.001"":1.0000000000000002,""0.01"":1.0000000000000002},""total"":182.1003942496262,""zero_count"":245132}","{""fraction_for_half_mass"":0.011393060590367685,""gini"":0.9718083145976916,""minimum_count_for_half_mass"":22,""n"":1931,""positive_count"":100,""top_shares"":{""0.01"":0.4694736300690018,""0.05"":0.9958476614483107,""0.1"":1.0},""total"":1.4338613720443008,""zero_count"":1831}","{""benchmark_pass_count"":1831,""n"":1931,""quantiles"":{""0.5"":0.0,""0.9"":0.0,""0.99"":0.02486871653750125,""1.0"":0.055692646909470025},""strict_exceedances"":{""0.01"":47,""0.1"":0}}"
c9d2325e783e57ac5eafa34d,zsre,R1_nonlearned,1,103,1000,capoff,"{""count"":245132,""denominator"":245237,""fraction"":0.9995718427480356}","{""fraction_for_half_mass"":8.970913850683216e-05,""gini"":0.9997782801889921,""minimum_count_for_half_mass"":22,""n"":245237,""positive_count"":97,""top_shares"":{""0.001"":1.0000000000000002,""0.01"":1.0},""total"":180.41974984508093,""zero_count"":245140}","{""fraction_for_half_mass"":9.378682662077908e-05,""gini"":0.9997656804141999,""minimum_count_for_half_mass"":23,""n"":245237,""positive_count"":105,""top_shares"":{""0.001"":1.0000000000000002,""0.01"":1.0000000000000002},""total"":182.1003942496262,""zero_count"":245132}","{""fraction_for_half_mass"":0.011393060590367685,""gini"":0.9718083145976916,""minimum_count_for_half_mass"":22,""n"":1931,""positive_count"":100,""top_shares"":{""0.01"":0.4694736300690018,""0.05"":0.9958476614483107,""0.1"":1.0},""total"":1.4338613720443008,""zero_count"":1831}","{""benchmark_pass_count"":1831,""n"":1931,""quantiles"":{""0.5"":0.0,""0.9"":0.0,""0.99"":0.02486871653750125,""1.0"":0.055692646909470025},""strict_exceedances"":{""0.01"":47,""0.1"":0}}"
c9d2325e783e57ac5eafa34d,zsre,R1_nonlearned,1,103,1000,original,"{""count"":245132,""denominator"":245237,""fraction"":0.9995718427480356}","{""fraction_for_half_mass"":8.970913850683216e-05,""gini"":0.9997782801889921,""minimum_count_for_half_mass"":22,""n"":245237,""positive_count"":97,""top_shares"":{""0.001"":1.0000000000000002,""0.01"":1.0},""total"":180.41974984508093,""zero_count"":245140}","{""fraction_for_half_mass"":9.378682662077908e-05,""gini"":0.9997656804141999,""minimum_count_for_half_mass"":23,""n"":245237,""positive_count"":105,""top_shares"":{""0.001"":1.0000000000000002,""0.01"":1.0000000000000002},""total"":182.1003942496262,""zero_count"":245132}","{""fraction_for_half_mass"":0.011393060590367685,""gini"":0.9718083145976916,""minimum_count_for_half_mass"":22,""n"":1931,""positive_count"":100,""top_shares"":{""0.01"":0.4694736300690018,""0.05"":0.9958476614483107,""0.1"":1.0},""total"":1.4338613720443008,""zero_count"":1831}","{""benchmark_pass_count"":1831,""n"":1931,""quantiles"":{""0.5"":0.0,""0.9"":0.0,""0.99"":0.02486871653750125,""1.0"":0.055692646909470025},""strict_exceedances"":{""0.01"":47,""0.1"":0}}"
3fdc7c12d6d583f46608eac6,zsre,R1_nonlearned,1,104,1000,capoff,"{""count"":245132,""denominator"":245237,""fraction"":0.9995718427480356}","{""fraction_for_half_mass"":8.970913850683216e-05,""gini"":0.9997782801889921,""minimum_count_for_half_mass"":22,""n"":245237,""positive_count"":97,""top_shares"":{""0.001"":1.0000000000000002,""0.01"":1.0},""total"":180.41974984508093,""zero_count"":245140}","{""fraction_for_half_mass"":9.378682662077908e-05,""gini"":0.9997656804141999,""minimum_count_for_half_mass"":23,""n"":245237,""positive_count"":105,""top_shares"":{""0.001"":1.0000000000000002,""0.01"":1.0000000000000002},""total"":182.1003942496262,""zero_count"":245132}","{""fraction_for_half_mass"":0.011393060590367685,""gini"":0.9718083145976916,""minimum_count_for_half_mass"":22,""n"":1931,""positive_count"":100,""top_shares"":{""0.01"":0.4694736300690018,""0.05"":0.9958476614483107,""0.1"":1.0},""total"":1.4338613720443008,""zero_count"":1831}","{""benchmark_pass_count"":1831,""n"":1931,""quantiles"":{""0.5"":0.0,""0.9"":0.0,""0.99"":0.02486871653750125,""1.0"":0.055692646909470025},""strict_exceedances"":{""0.01"":47,""0.1"":0}}"
3fdc7c12d6d583f46608eac6,zsre,R1_nonlearned,1,104,1000,original,"{""count"":245132,""denominator"":245237,""fraction"":0.9995718427480356}","{""fraction_for_half_mass"":8.970913850683216e-05,""gini"":0.9997782801889921,""minimum_count_for_half_mass"":22,""n"":245237,""positive_count"":97,""top_shares"":{""0.001"":1.0000000000000002,""0.01"":1.0},""total"":180.41974984508093,""zero_count"":245140}","{""fraction_for_half_mass"":9.378682662077908e-05,""gini"":0.9997656804141999,""minimum_count_for_half_mass"":23,""n"":245237,""positive_count"":105,""top_shares"":{""0.001"":1.0000000000000002,""0.01"":1.0000000000000002},""total"":182.1003942496262,""zero_count"":245132}","{""fraction_for_half_mass"":0.011393060590367685,""gini"":0.9718083145976916,""minimum_count_for_half_mass"":22,""n"":1931,""positive_count"":100,""top_shares"":{""0.01"":0.4694736300690018,""0.05"":0.9958476614483107,""0.1"":1.0},""total"":1.4338613720443008,""zero_count"":1831}","{""benchmark_pass_count"":1831,""n"":1931,""quantiles"":{""0.5"":0.0,""0.9"":0.0,""0.99"":0.02486871653750125,""1.0"":0.055692646909470025},""strict_exceedances"":{""0.01"":47,""0.1"":0}}"
a7d551c093fd3333314813a5,counterfact,R1_nonlearned,1,100,1000,capoff,"{""count"":239205,""denominator"":245237,""fraction"":0.9754033852966723}","{""fraction_for_half_mass"":0.006328571952845615,""gini"":0.9851138105253285,""minimum_count_for_half_mass"":1552,""n"":245237,""positive_count"":5746,""top_shares"":{""0.001"":0.11030697499874323,""0.01"":0.6908358730777489},""total"":21814.394611191616,""zero_count"":239491}","{""fraction_for_half_mass"":0.006609932432707952,""gini"":0.9846155498696251,""minimum_count_for_half_mass"":1621,""n"":245237,""positive_count"":6032,""top_shares"":{""0.001"":0.1039667848482444,""0.01"":0.6750315545324196},""total"":21909.315794229446,""zero_count"":239205}","{""fraction_for_half_mass"":0.24443293630243398,""gini"":0.41398387866264735,""minimum_count_for_half_mass"":472,""n"":1931,""positive_count"":1790,""top_shares"":{""0.01"":0.03815435613828317,""0.05"":0.14776586119622703,""0.1"":0.2564002214053445},""total"":172.51429759235782,""zero_count"":141}","{""benchmark_pass_count"":147,""n"":1931,""quantiles"":{""0.5"":0.07897363914515104,""0.9"":0.17850160039790738,""0.99"":0.2957271705130073,""1.0"":0.4740711598024494},""strict_exceedances"":{""0.01"":1707,""0.1"":743}}"
a7d551c093fd3333314813a5,counterfact,R1_nonlearned,1,100,1000,original,"{""count"":239205,""denominator"":245237,""fraction"":0.9754033852966723}","{""fraction_for_half_mass"":0.006328571952845615,""gini"":0.9851138105253285,""minimum_count_for_half_mass"":1552,""n"":245237,""positive_count"":5746,""top_shares"":{""0.001"":0.11030697499874323,""0.01"":0.6908358730777489},""total"":21814.394611191616,""zero_count"":239491}","{""fraction_for_half_mass"":0.006609932432707952,""gini"":0.9846155498696251,""minimum_count_for_half_mass"":1621,""n"":245237,""positive_count"":6032,""top_shares"":{""0.001"":0.1039667848482444,""0.01"":0.6750315545324196},""total"":21909.315794229446,""zero_count"":239205}","{""fraction_for_half_mass"":0.24443293630243398,""gini"":0.41398387866264735,""minimum_count_for_half_mass"":472,""n"":1931,""positive_count"":1790,""top_shares"":{""0.01"":0.03815435613828317,""0.05"":0.14776586119622703,""0.1"":0.2564002214053445},""total"":172.51429759235782,""zero_count"":141}","{""benchmark_pass_count"":147,""n"":1931,""quantiles"":{""0.5"":0.07897363914515104,""0.9"":0.17850160039790738,""0.99"":0.2957271705130073,""1.0"":0.4740711598024494},""strict_exceedances"":{""0.01"":1707,""0.1"":743}}"
c402523c2460a62d6040ddd0,counterfact,R1_nonlearned,1,101,1000,capoff,"{""count"":239205,""denominator"":245237,""fraction"":0.9754033852966723}","{""fraction_for_half_mass"":0.006328571952845615,""gini"":0.9851138105253285,""minimum_count_for_half_mass"":1552,""n"":245237,""positive_count"":5746,""top_shares"":{""0.001"":0.11030697499874323,""0.01"":0.6908358730777489},""total"":21814.394611191616,""zero_count"":239491}","{""fraction_for_half_mass"":0.006609932432707952,""gini"":0.9846155498696251,""minimum_count_for_half_mass"":1621,""n"":245237,""positive_count"":6032,""top_shares"":{""0.001"":0.1039667848482444,""0.01"":0.6750315545324196},""total"":21909.315794229446,""zero_count"":239205}","{""fraction_for_half_mass"":0.24443293630243398,""gini"":0.41398387866264735,""minimum_count_for_half_mass"":472,""n"":1931,""positive_count"":1790,""top_shares"":{""0.01"":0.03815435613828317,""0.05"":0.14776586119622703,""0.1"":0.2564002214053445},""total"":172.51429759235782,""zero_count"":141}","{""benchmark_pass_count"":147,""n"":1931,""quantiles"":{""0.5"":0.07897363914515104,""0.9"":0.17850160039790738,""0.99"":0.2957271705130073,""1.0"":0.4740711598024494},""strict_exceedances"":{""0.01"":1707,""0.1"":743}}"
c402523c2460a62d6040ddd0,counterfact,R1_nonlearned,1,101,1000,original,"{""count"":239205,""denominator"":245237,""fraction"":0.9754033852966723}","{""fraction_for_half_mass"":0.006328571952845615,""gini"":0.9851138105253285,""minimum_count_for_half_mass"":1552,""n"":245237,""positive_count"":5746,""top_shares"":{""0.001"":0.11030697499874323,""0.01"":0.6908358730777489},""total"":21814.394611191616,""zero_count"":239491}","{""fraction_for_half_mass"":0.006609932432707952,""gini"":0.9846155498696251,""minimum_count_for_half_mass"":1621,""n"":245237,""positive_count"":6032,""top_shares"":{""0.001"":0.1039667848482444,""0.01"":0.6750315545324196},""total"":21909.315794229446,""zero_count"":239205}","{""fraction_for_half_mass"":0.24443293630243398,""gini"":0.41398387866264735,""minimum_count_for_half_mass"":472,""n"":1931,""positive_count"":1790,""top_shares"":{""0.01"":0.03815435613828317,""0.05"":0.14776586119622703,""0.1"":0.2564002214053445},""total"":172.51429759235782,""zero_count"":141}","{""benchmark_pass_count"":147,""n"":1931,""quantiles"":{""0.5"":0.07897363914515104,""0.9"":0.17850160039790738,""0.99"":0.2957271705130073,""1.0"":0.4740711598024494},""strict_exceedances"":{""0.01"":1707,""0.1"":743}}"
b103826472ba7653cd8fd13a,counterfact,R1_nonlearned,1,102,1000,capoff,"{""count"":239205,""denominator"":245237,""fraction"":0.9754033852966723}","{""fraction_for_half_mass"":0.006328571952845615,""gini"":0.9851138105253285,""minimum_count_for_half_mass"":1552,""n"":245237,""positive_count"":5746,""top_shares"":{""0.001"":0.11030697499874323,""0.01"":0.6908358730777489},""total"":21814.394611191616,""zero_count"":239491}","{""fraction_for_half_mass"":0.006609932432707952,""gini"":0.9846155498696251,""minimum_count_for_half_mass"":1621,""n"":245237,""positive_count"":6032,""top_shares"":{""0.001"":0.1039667848482444,""0.01"":0.6750315545324196},""total"":21909.315794229446,""zero_count"":239205}","{""fraction_for_half_mass"":0.24443293630243398,""gini"":0.41398387866264735,""minimum_count_for_half_mass"":472,""n"":1931,""positive_count"":1790,""top_shares"":{""0.01"":0.03815435613828317,""0.05"":0.14776586119622703,""0.1"":0.2564002214053445},""total"":172.51429759235782,""zero_count"":141}","{""benchmark_pass_count"":147,""n"":1931,""quantiles"":{""0.5"":0.07897363914515104,""0.9"":0.17850160039790738,""0.99"":0.2957271705130073,""1.0"":0.4740711598024494},""strict_exceedances"":{""0.01"":1707,""0.1"":743}}"
b103826472ba7653cd8fd13a,counterfact,R1_nonlearned,1,102,1000,original,"{""count"":239205,""denominator"":245237,""fraction"":0.9754033852966723}","{""fraction_for_half_mass"":0.006328571952845615,""gini"":0.9851138105253285,""minimum_count_for_half_mass"":1552,""n"":245237,""positive_count"":5746,""top_shares"":{""0.001"":0.11030697499874323,""0.01"":0.6908358730777489},""total"":21814.394611191616,""zero_count"":239491}","{""fraction_for_half_mass"":0.006609932432707952,""gini"":0.9846155498696251,""minimum_count_for_half_mass"":1621,""n"":245237,""positive_count"":6032,""top_shares"":{""0.001"":0.1039667848482444,""0.01"":0.6750315545324196},""total"":21909.315794229446,""zero_count"":239205}","{""fraction_for_half_mass"":0.24443293630243398,""gini"":0.41398387866264735,""minimum_count_for_half_mass"":472,""n"":1931,""positive_count"":1790,""top_shares"":{""0.01"":0.03815435613828317,""0.05"":0.14776586119622703,""0.1"":0.2564002214053445},""total"":172.51429759235782,""zero_count"":141}","{""benchmark_pass_count"":147,""n"":1931,""quantiles"":{""0.5"":0.07897363914515104,""0.9"":0.17850160039790738,""0.99"":0.2957271705130073,""1.0"":0.4740711598024494},""strict_exceedances"":{""0.01"":1707,""0.1"":743}}"
525ad705ad7008ed3ea378eb,counterfact,R1_nonlearned,1,103,1000,capoff,"{""count"":239205,""denominator"":245237,""fraction"":0.9754033852966723}","{""fraction_for_half_mass"":0.006328571952845615,""gini"":0.9851138105253285,""minimum_count_for_half_mass"":1552,""n"":245237,""positive_count"":5746,""top_shares"":{""0.001"":0.11030697499874323,""0.01"":0.6908358730777489},""total"":21814.394611191616,""zero_count"":239491}","{""fraction_for_half_mass"":0.006609932432707952,""gini"":0.9846155498696251,""minimum_count_for_half_mass"":1621,""n"":245237,""positive_count"":6032,""top_shares"":{""0.001"":0.1039667848482444,""0.01"":0.6750315545324196},""total"":21909.315794229446,""zero_count"":239205}","{""fraction_for_half_mass"":0.24443293630243398,""gini"":0.41398387866264735,""minimum_count_for_half_mass"":472,""n"":1931,""positive_count"":1790,""top_shares"":{""0.01"":0.03815435613828317,""0.05"":0.14776586119622703,""0.1"":0.2564002214053445},""total"":172.51429759235782,""zero_count"":141}","{""benchmark_pass_count"":147,""n"":1931,""quantiles"":{""0.5"":0.07897363914515104,""0.9"":0.17850160039790738,""0.99"":0.2957271705130073,""1.0"":0.4740711598024494},""strict_exceedances"":{""0.01"":1707,""0.1"":743}}"
525ad705ad7008ed3ea378eb,counterfact,R1_nonlearned,1,103,1000,original,"{""count"":239205,""denominator"":245237,""fraction"":0.9754033852966723}","{""fraction_for_half_mass"":0.006328571952845615,""gini"":0.9851138105253285,""minimum_count_for_half_mass"":1552,""n"":245237,""positive_count"":5746,""top_shares"":{""0.001"":0.11030697499874323,""0.01"":0.6908358730777489},""total"":21814.394611191616,""zero_count"":239491}","{""fraction_for_half_mass"":0.006609932432707952,""gini"":0.9846155498696251,""minimum_count_for_half_mass"":1621,""n"":245237,""positive_count"":6032,""top_shares"":{""0.001"":0.1039667848482444,""0.01"":0.6750315545324196},""total"":21909.315794229446,""zero_count"":239205}","{""fraction_for_half_mass"":0.24443293630243398,""gini"":0.41398387866264735,""minimum_count_for_half_mass"":472,""n"":1931,""positive_count"":1790,""top_shares"":{""0.01"":0.03815435613828317,""0.05"":0.14776586119622703,""0.1"":0.2564002214053445},""total"":172.51429759235782,""zero_count"":141}","{""benchmark_pass_count"":147,""n"":1931,""quantiles"":{""0.5"":0.07897363914515104,""0.9"":0.17850160039790738,""0.99"":0.2957271705130073,""1.0"":0.4740711598024494},""strict_exceedances"":{""0.01"":1707,""0.1"":743}}"
8a4bcb6e358e98c523b0d0c3,counterfact,R1_nonlearned,1,104,1000,capoff,"{""count"":239205,""denominator"":245237,""fraction"":0.9754033852966723}","{""fraction_for_half_mass"":0.006328571952845615,""gini"":0.9851138105253285,""minimum_count_for_half_mass"":1552,""n"":245237,""positive_count"":5746,""top_shares"":{""0.001"":0.11030697499874323,""0.01"":0.6908358730777489},""total"":21814.394611191616,""zero_count"":239491}","{""fraction_for_half_mass"":0.006609932432707952,""gini"":0.9846155498696251,""minimum_count_for_half_mass"":1621,""n"":245237,""positive_count"":6032,""top_shares"":{""0.001"":0.1039667848482444,""0.01"":0.6750315545324196},""total"":21909.315794229446,""zero_count"":239205}","{""fraction_for_half_mass"":0.24443293630243398,""gini"":0.41398387866264735,""minimum_count_for_half_mass"":472,""n"":1931,""positive_count"":1790,""top_shares"":{""0.01"":0.03815435613828317,""0.05"":0.14776586119622703,""0.1"":0.2564002214053445},""total"":172.51429759235782,""zero_count"":141}","{""benchmark_pass_count"":147,""n"":1931,""quantiles"":{""0.5"":0.07897363914515104,""0.9"":0.17850160039790738,""0.99"":0.2957271705130073,""1.0"":0.4740711598024494},""strict_exceedances"":{""0.01"":1707,""0.1"":743}}"
8a4bcb6e358e98c523b0d0c3,counterfact,R1_nonlearned,1,104,1000,original,"{""count"":239205,""denominator"":245237,""fraction"":0.9754033852966723}","{""fraction_for_half_mass"":0.006328571952845615,""gini"":0.9851138105253285,""minimum_count_for_half_mass"":1552,""n"":245237,""positive_count"":5746,""top_shares"":{""0.001"":0.11030697499874323,""0.01"":0.6908358730777489},""total"":21814.394611191616,""zero_count"":239491}","{""fraction_for_half_mass"":0.006609932432707952,""gini"":0.9846155498696251,""minimum_count_for_half_mass"":1621,""n"":245237,""positive_count"":6032,""top_shares"":{""0.001"":0.1039667848482444,""0.01"":0.6750315545324196},""total"":21909.315794229446,""zero_count"":239205}","{""fraction_for_half_mass"":0.24443293630243398,""gini"":0.41398387866264735,""minimum_count_for_half_mass"":472,""n"":1931,""positive_count"":1790,""top_shares"":{""0.01"":0.03815435613828317,""0.05"":0.14776586119622703,""0.1"":0.2564002214053445},""total"":172.51429759235782,""zero_count"":141}","{""benchmark_pass_count"":147,""n"":1931,""quantiles"":{""0.5"":0.07897363914515104,""0.9"":0.17850160039790738,""0.99"":0.2957271705130073,""1.0"":0.4740711598024494},""strict_exceedances"":{""0.01"":1707,""0.1"":743}}"
144f77ff21860a8a089a8080,mquake,R1_nonlearned,1,100,300,capoff,"{""count"":244193,""denominator"":245237,""fraction"":0.9957428936090394}","{""fraction_for_half_mass"":0.0010520435333983046,""gini"":0.9974840210777788,""minimum_count_for_half_mass"":258,""n"":245237,""positive_count"":995,""top_shares"":{""0.001"":0.4823446808041993,""0.01"":1.0},""total"":3001.621130710868,""zero_count"":244242}","{""fraction_for_half_mass"":0.001072431973968039,""gini"":0.9974234102864783,""minimum_count_for_half_mass"":263,""n"":245237,""positive_count"":1044,""top_shares"":{""0.001"":0.47489438775708215,""0.01"":1.0},""total"":2970.2259102224093,""zero_count"":244193}","{""fraction_for_half_mass"":0.09269808389435526,""gini"":0.7740530608633224,""minimum_count_for_half_mass"":179,""n"":1931,""positive_count"":750,""top_shares"":{""0.01"":0.09362840399578594,""0.05"":0.3270069775755654,""0.1"":0.5275816789146658},""total"":23.38760559230244,""zero_count"":1181}","{""benchmark_pass_count"":1190,""n"":1931,""quantiles"":{""0.5"":0.0,""0.9"":0.04158885550096668,""0.99"":0.09770302894370891,""1.0"":0.1304970365539246},""strict_exceedances"":{""0.01"":592,""0.1"":18}}"
144f77ff21860a8a089a8080,mquake,R1_nonlearned,1,100,300,original,"{""count"":244193,""denominator"":245237,""fraction"":0.9957428936090394}","{""fraction_for_half_mass"":0.0010520435333983046,""gini"":0.9974840210777788,""minimum_count_for_half_mass"":258,""n"":245237,""positive_count"":995,""top_shares"":{""0.001"":0.4823446808041993,""0.01"":1.0},""total"":3001.621130710868,""zero_count"":244242}","{""fraction_for_half_mass"":0.001072431973968039,""gini"":0.9974234102864783,""minimum_count_for_half_mass"":263,""n"":245237,""positive_count"":1044,""top_shares"":{""0.001"":0.47489438775708215,""0.01"":1.0},""total"":2970.2259102224093,""zero_count"":244193}","{""fraction_for_half_mass"":0.09269808389435526,""gini"":0.7740530608633224,""minimum_count_for_half_mass"":179,""n"":1931,""positive_count"":750,""top_shares"":{""0.01"":0.09362840399578594,""0.05"":0.3270069775755654,""0.1"":0.5275816789146658},""total"":23.38760559230244,""zero_count"":1181}","{""benchmark_pass_count"":1190,""n"":1931,""quantiles"":{""0.5"":0.0,""0.9"":0.04158885550096668,""0.99"":0.09770302894370891,""1.0"":0.1304970365539246},""strict_exceedances"":{""0.01"":592,""0.1"":18}}"
3c3212c0cad597bafe0d5782,mquake,R1_nonlearned,1,101,300,capoff,"{""count"":244193,""denominator"":245237,""fraction"":0.9957428936090394}","{""fraction_for_half_mass"":0.0010520435333983046,""gini"":0.9974840210777788,""minimum_count_for_half_mass"":258,""n"":245237,""positive_count"":995,""top_shares"":{""0.001"":0.4823446808041993,""0.01"":1.0},""total"":3001.621130710868,""zero_count"":244242}","{""fraction_for_half_mass"":0.001072431973968039,""gini"":0.9974234102864783,""minimum_count_for_half_mass"":263,""n"":245237,""positive_count"":1044,""top_shares"":{""0.001"":0.47489438775708215,""0.01"":1.0},""total"":2970.2259102224093,""zero_count"":244193}","{""fraction_for_half_mass"":0.09269808389435526,""gini"":0.7740530608633224,""minimum_count_for_half_mass"":179,""n"":1931,""positive_count"":750,""top_shares"":{""0.01"":0.09362840399578594,""0.05"":0.3270069775755654,""0.1"":0.5275816789146658},""total"":23.38760559230244,""zero_count"":1181}","{""benchmark_pass_count"":1190,""n"":1931,""quantiles"":{""0.5"":0.0,""0.9"":0.04158885550096668,""0.99"":0.09770302894370891,""1.0"":0.1304970365539246},""strict_exceedances"":{""0.01"":592,""0.1"":18}}"
3c3212c0cad597bafe0d5782,mquake,R1_nonlearned,1,101,300,original,"{""count"":244193,""denominator"":245237,""fraction"":0.9957428936090394}","{""fraction_for_half_mass"":0.0010520435333983046,""gini"":0.9974840210777788,""minimum_count_for_half_mass"":258,""n"":245237,""positive_count"":995,""top_shares"":{""0.001"":0.4823446808041993,""0.01"":1.0},""total"":3001.621130710868,""zero_count"":244242}","{""fraction_for_half_mass"":0.001072431973968039,""gini"":0.9974234102864783,""minimum_count_for_half_mass"":263,""n"":245237,""positive_count"":1044,""top_shares"":{""0.001"":0.47489438775708215,""0.01"":1.0},""total"":2970.2259102224093,""zero_count"":244193}","{""fraction_for_half_mass"":0.09269808389435526,""gini"":0.7740530608633224,""minimum_count_for_half_mass"":179,""n"":1931,""positive_count"":750,""top_shares"":{""0.01"":0.09362840399578594,""0.05"":0.3270069775755654,""0.1"":0.5275816789146658},""total"":23.38760559230244,""zero_count"":1181}","{""benchmark_pass_count"":1190,""n"":1931,""quantiles"":{""0.5"":0.0,""0.9"":0.04158885550096668,""0.99"":0.09770302894370891,""1.0"":0.1304970365539246},""strict_exceedances"":{""0.01"":592,""0.1"":18}}"
5d467b73f60b99b3d07f8c02,mquake,R1_nonlearned,1,102,300,capoff,"{""count"":244193,""denominator"":245237,""fraction"":0.9957428936090394}","{""fraction_for_half_mass"":0.0010520435333983046,""gini"":0.9974840210777788,""minimum_count_for_half_mass"":258,""n"":245237,""positive_count"":995,""top_shares"":{""0.001"":0.4823446808041993,""0.01"":1.0},""total"":3001.621130710868,""zero_count"":244242}","{""fraction_for_half_mass"":0.001072431973968039,""gini"":0.9974234102864783,""minimum_count_for_half_mass"":263,""n"":245237,""positive_count"":1044,""top_shares"":{""0.001"":0.47489438775708215,""0.01"":1.0},""total"":2970.2259102224093,""zero_count"":244193}","{""fraction_for_half_mass"":0.09269808389435526,""gini"":0.7740530608633224,""minimum_count_for_half_mass"":179,""n"":1931,""positive_count"":750,""top_shares"":{""0.01"":0.09362840399578594,""0.05"":0.3270069775755654,""0.1"":0.5275816789146658},""total"":23.38760559230244,""zero_count"":1181}","{""benchmark_pass_count"":1190,""n"":1931,""quantiles"":{""0.5"":0.0,""0.9"":0.04158885550096668,""0.99"":0.09770302894370891,""1.0"":0.1304970365539246},""strict_exceedances"":{""0.01"":592,""0.1"":18}}"
5d467b73f60b99b3d07f8c02,mquake,R1_nonlearned,1,102,300,original,"{""count"":244193,""denominator"":245237,""fraction"":0.9957428936090394}","{""fraction_for_half_mass"":0.0010520435333983046,""gini"":0.9974840210777788,""minimum_count_for_half_mass"":258,""n"":245237,""positive_count"":995,""top_shares"":{""0.001"":0.4823446808041993,""0.01"":1.0},""total"":3001.621130710868,""zero_count"":244242}","{""fraction_for_half_mass"":0.001072431973968039,""gini"":0.9974234102864783,""minimum_count_for_half_mass"":263,""n"":245237,""positive_count"":1044,""top_shares"":{""0.001"":0.47489438775708215,""0.01"":1.0},""total"":2970.2259102224093,""zero_count"":244193}","{""fraction_for_half_mass"":0.09269808389435526,""gini"":0.7740530608633224,""minimum_count_for_half_mass"":179,""n"":1931,""positive_count"":750,""top_shares"":{""0.01"":0.09362840399578594,""0.05"":0.3270069775755654,""0.1"":0.5275816789146658},""total"":23.38760559230244,""zero_count"":1181}","{""benchmark_pass_count"":1190,""n"":1931,""quantiles"":{""0.5"":0.0,""0.9"":0.04158885550096668,""0.99"":0.09770302894370891,""1.0"":0.1304970365539246},""strict_exceedances"":{""0.01"":592,""0.1"":18}}"
a81b13b1b22e0bfe489daaa0,mquake,R1_nonlearned,1,103,300,capoff,"{""count"":244193,""denominator"":245237,""fraction"":0.9957428936090394}","{""fraction_for_half_mass"":0.0010520435333983046,""gini"":0.9974840210777788,""minimum_count_for_half_mass"":258,""n"":245237,""positive_count"":995,""top_shares"":{""0.001"":0.4823446808041993,""0.01"":1.0},""total"":3001.621130710868,""zero_count"":244242}","{""fraction_for_half_mass"":0.001072431973968039,""gini"":0.9974234102864783,""minimum_count_for_half_mass"":263,""n"":245237,""positive_count"":1044,""top_shares"":{""0.001"":0.47489438775708215,""0.01"":1.0},""total"":2970.2259102224093,""zero_count"":244193}","{""fraction_for_half_mass"":0.09269808389435526,""gini"":0.7740530608633224,""minimum_count_for_half_mass"":179,""n"":1931,""positive_count"":750,""top_shares"":{""0.01"":0.09362840399578594,""0.05"":0.3270069775755654,""0.1"":0.5275816789146658},""total"":23.38760559230244,""zero_count"":1181}","{""benchmark_pass_count"":1190,""n"":1931,""quantiles"":{""0.5"":0.0,""0.9"":0.04158885550096668,""0.99"":0.09770302894370891,""1.0"":0.1304970365539246},""strict_exceedances"":{""0.01"":592,""0.1"":18}}"
a81b13b1b22e0bfe489daaa0,mquake,R1_nonlearned,1,103,300,original,"{""count"":244193,""denominator"":245237,""fraction"":0.9957428936090394}","{""fraction_for_half_mass"":0.0010520435333983046,""gini"":0.9974840210777788,""minimum_count_for_half_mass"":258,""n"":245237,""positive_count"":995,""top_shares"":{""0.001"":0.4823446808041993,""0.01"":1.0},""total"":3001.621130710868,""zero_count"":244242}","{""fraction_for_half_mass"":0.001072431973968039,""gini"":0.9974234102864783,""minimum_count_for_half_mass"":263,""n"":245237,""positive_count"":1044,""top_shares"":{""0.001"":0.47489438775708215,""0.01"":1.0},""total"":2970.2259102224093,""zero_count"":244193}","{""fraction_for_half_mass"":0.09269808389435526,""gini"":0.7740530608633224,""minimum_count_for_half_mass"":179,""n"":1931,""positive_count"":750,""top_shares"":{""0.01"":0.09362840399578594,""0.05"":0.3270069775755654,""0.1"":0.5275816789146658},""total"":23.38760559230244,""zero_count"":1181}","{""benchmark_pass_count"":1190,""n"":1931,""quantiles"":{""0.5"":0.0,""0.9"":0.04158885550096668,""0.99"":0.09770302894370891,""1.0"":0.1304970365539246},""strict_exceedances"":{""0.01"":592,""0.1"":18}}"
1aff34869825a76d502d92a3,mquake,R1_nonlearned,1,104,300,capoff,"{""count"":244193,""denominator"":245237,""fraction"":0.9957428936090394}","{""fraction_for_half_mass"":0.0010520435333983046,""gini"":0.9974840210777788,""minimum_count_for_half_mass"":258,""n"":245237,""positive_count"":995,""top_shares"":{""0.001"":0.4823446808041993,""0.01"":1.0},""total"":3001.621130710868,""zero_count"":244242}","{""fraction_for_half_mass"":0.001072431973968039,""gini"":0.9974234102864783,""minimum_count_for_half_mass"":263,""n"":245237,""positive_count"":1044,""top_shares"":{""0.001"":0.47489438775708215,""0.01"":1.0},""total"":2970.2259102224093,""zero_count"":244193}","{""fraction_for_half_mass"":0.09269808389435526,""gini"":0.7740530608633224,""minimum_count_for_half_mass"":179,""n"":1931,""positive_count"":750,""top_shares"":{""0.01"":0.09362840399578594,""0.05"":0.3270069775755654,""0.1"":0.5275816789146658},""total"":23.38760559230244,""zero_count"":1181}","{""benchmark_pass_count"":1190,""n"":1931,""quantiles"":{""0.5"":0.0,""0.9"":0.04158885550096668,""0.99"":0.09770302894370891,""1.0"":0.1304970365539246},""strict_exceedances"":{""0.01"":592,""0.1"":18}}"
1aff34869825a76d502d92a3,mquake,R1_nonlearned,1,104,300,original,"{""count"":244193,""denominator"":245237,""fraction"":0.9957428936090394}","{""fraction_for_half_mass"":0.0010520435333983046,""gini"":0.9974840210777788,""minimum_count_for_half_mass"":258,""n"":245237,""positive_count"":995,""top_shares"":{""0.001"":0.4823446808041993,""0.01"":1.0},""total"":3001.621130710868,""zero_count"":244242}","{""fraction_for_half_mass"":0.001072431973968039,""gini"":0.9974234102864783,""minimum_count_for_half_mass"":263,""n"":245237,""positive_count"":1044,""top_shares"":{""0.001"":0.47489438775708215,""0.01"":1.0},""total"":2970.2259102224093,""zero_count"":244193}","{""fraction_for_half_mass"":0.09269808389435526,""gini"":0.7740530608633224,""minimum_count_for_half_mass"":179,""n"":1931,""positive_count"":750,""top_shares"":{""0.01"":0.09362840399578594,""0.05"":0.3270069775755654,""0.1"":0.5275816789146658},""total"":23.38760559230244,""zero_count"":1181}","{""benchmark_pass_count"":1190,""n"":1931,""quantiles"":{""0.5"":0.0,""0.9"":0.04158885550096668,""0.99"":0.09770302894370891,""1.0"":0.1304970365539246},""strict_exceedances"":{""0.01"":592,""0.1"":18}}"
3b70d3d44297fc1197610228,zsre,v0_stable,1,100,1000,capoff,"{""count"":244895,""denominator"":245237,""fraction"":0.9986054306650302}","{""fraction_for_half_mass"":6.932069793709758e-05,""gini"":0.9997464762133232,""minimum_count_for_half_mass"":17,""n"":245237,""positive_count"":218,""top_shares"":{""0.001"":1.0,""0.01"":1.0},""total"":442.7507700392042,""zero_count"":245019}","{""fraction_for_half_mass"":6.116532170920375e-05,""gini"":0.9997168575050854,""minimum_count_for_half_mass"":15,""n"":245237,""positive_count"":342,""top_shares"":{""0.001"":0.9881502050256172,""0.01"":0.9999999999999999},""total"":385.4688982060111,""zero_count"":244895}","{""fraction_for_half_mass"":0.007767995857068877,""gini"":0.9679204260138619,""minimum_count_for_half_mass"":15,""n"":1931,""positive_count"":295,""top_shares"":{""0.01"":0.5752467734677004,""0.05"":0.927821687613646,""0.1"":0.9829073717411662},""total"":3.0351881748504805,""zero_count"":1636}","{""benchmark_pass_count"":1745,""n"":1931,""quantiles"":{""0.5"":0.0,""0.9"":0.0009319263751531523,""0.99"":0.03746590515095804,""1.0"":0.21622960781978387},""strict_exceedances"":{""0.01"":62,""0.1"":7}}"
3b70d3d44297fc1197610228,zsre,v0_stable,1,100,1000,original,"{""count"":244895,""denominator"":245237,""fraction"":0.9986054306650302}","{""fraction_for_half_mass"":6.932069793709758e-05,""gini"":0.9997464762133232,""minimum_count_for_half_mass"":17,""n"":245237,""positive_count"":218,""top_shares"":{""0.001"":1.0,""0.01"":1.0},""total"":442.7507700392042,""zero_count"":245019}","{""fraction_for_half_mass"":6.116532170920375e-05,""gini"":0.9997168575050854,""minimum_count_for_half_mass"":15,""n"":245237,""positive_count"":342,""top_shares"":{""0.001"":0.9881502050256172,""0.01"":0.9999999999999999},""total"":385.4688982060111,""zero_count"":244895}","{""fraction_for_half_mass"":0.007767995857068877,""gini"":0.9679204260138619,""minimum_count_for_half_mass"":15,""n"":1931,""positive_count"":295,""top_shares"":{""0.01"":0.5752467734677004,""0.05"":0.927821687613646,""0.1"":0.9829073717411662},""total"":3.0351881748504805,""zero_count"":1636}","{""benchmark_pass_count"":1745,""n"":1931,""quantiles"":{""0.5"":0.0,""0.9"":0.0009319263751531523,""0.99"":0.03746590515095804,""1.0"":0.21622960781978387},""strict_exceedances"":{""0.01"":62,""0.1"":7}}"
84bae28d26e5f5a3e555b601,zsre,v0_stable,1,101,1000,capoff,"{""count"":244483,""denominator"":245237,""fraction"":0.996925423162084}","{""fraction_for_half_mass"":9.7864514734726e-05,""gini"":0.9995734391679616,""minimum_count_for_half_mass"":24,""n"":245237,""positive_count"":484,""top_shares"":{""0.001"":0.9525149779360383,""0.01"":1.0000000000000002},""total"":764.6210412319401,""zero_count"":244753}","{""fraction_for_half_mass"":8.563145039288525e-05,""gini"":0.9996205039754893,""minimum_count_for_half_mass"":21,""n"":245237,""positive_count"":754,""top_shares"":{""0.001"":0.9621050394464961,""0.01"":1.0},""total"":672.0238691950269,""zero_count"":244483}","{""fraction_for_half_mass"":0.010875194199896427,""gini"":0.9578312178069607,""minimum_count_for_half_mass"":21,""n"":1931,""positive_count"":631,""top_shares"":{""0.01"":0.4886072217679147,""0.05"":0.9158892289514818,""0.1"":0.9617206852806328},""total"":5.291526529094701,""zero_count"":1300}","{""benchmark_pass_count"":1709,""n"":1931,""quantiles"":{""0.5"":0.0,""0.9"":0.0012697279112044886,""0.99"":0.07890530733938708,""1.0"":0.21693485148232458},""strict_exceedances"":{""0.01"":76,""0.1"":18}}"
84bae28d26e5f5a3e555b601,zsre,v0_stable,1,101,1000,original,"{""count"":244483,""denominator"":245237,""fraction"":0.996925423162084}","{""fraction_for_half_mass"":9.7864514734726e-05,""gini"":0.9995734391679616,""minimum_count_for_half_mass"":24,""n"":245237,""positive_count"":484,""top_shares"":{""0.001"":0.9525149779360383,""0.01"":1.0000000000000002},""total"":764.6210412319401,""zero_count"":244753}","{""fraction_for_half_mass"":8.563145039288525e-05,""gini"":0.9996205039754893,""minimum_count_for_half_mass"":21,""n"":245237,""positive_count"":754,""top_shares"":{""0.001"":0.9621050394464961,""0.01"":1.0},""total"":672.0238691950269,""zero_count"":244483}","{""fraction_for_half_mass"":0.010875194199896427,""gini"":0.9578312178069607,""minimum_count_for_half_mass"":21,""n"":1931,""positive_count"":631,""top_shares"":{""0.01"":0.4886072217679147,""0.05"":0.9158892289514818,""0.1"":0.9617206852806328},""total"":5.291526529094701,""zero_count"":1300}","{""benchmark_pass_count"":1709,""n"":1931,""quantiles"":{""0.5"":0.0,""0.9"":0.0012697279112044886,""0.99"":0.07890530733938708,""1.0"":0.21693485148232458},""strict_exceedances"":{""0.01"":76,""0.1"":18}}"
07b9bad1f676110cb8bae7df,zsre,v0_stable,1,102,1000,capoff,"{""count"":244777,""denominator"":245237,""fraction"":0.9981242634675844}","{""fraction_for_half_mass"":9.7864514734726e-05,""gini"":0.9996877667974664,""minimum_count_for_half_mass"":24,""n"":245237,""positive_count"":279,""top_shares"":{""0.001"":0.997673242438371,""0.01"":1.0000000000000004},""total"":579.4590933823246,""zero_count"":244958}","{""fraction_for_half_mass"":8.563145039288525e-05,""gini"":0.9996677693535526,""minimum_count_for_half_mass"":21,""n"":245237,""positive_count"":460,""top_shares"":{""0.001"":0.9763549308413189,""0.01"":1.0000000000000002},""total"":516.1637467576991,""zero_count"":244777}","{""fraction_for_half_mass"":0.010357327809425169,""gini"":0.9613387706985922,""minimum_count_for_half_mass"":20,""n"":1931,""positive_count"":398,""top_shares"":{""0.01"":0.48943508656664303,""0.05"":0.9109047180126082,""0.1"":0.9708440748495737},""total"":4.0642814705330625,""zero_count"":1533}","{""benchmark_pass_count"":1708,""n"":1931,""quantiles"":{""0.5"":0.0,""0.9"":0.001276298236949558,""0.99"":0.06594083883237593,""1.0"":0.21693485148232458},""strict_exceedances"":{""0.01"":73,""0.1"":10}}"
07b9bad1f676110cb8bae7df,zsre,v0_stable,1,102,1000,original,"{""count"":244777,""denominator"":245237,""fraction"":0.9981242634675844}","{""fraction_for_half_mass"":9.7864514734726e-05,""gini"":0.9996877667974664,""minimum_count_for_half_mass"":24,""n"":245237,""positive_count"":279,""top_shares"":{""0.001"":0.997673242438371,""0.01"":1.0000000000000004},""total"":579.4590933823246,""zero_count"":244958}","{""fraction_for_half_mass"":8.563145039288525e-05,""gini"":0.9996677693535526,""minimum_count_for_half_mass"":21,""n"":245237,""positive_count"":460,""top_shares"":{""0.001"":0.9763549308413189,""0.01"":1.0000000000000002},""total"":516.1637467576991,""zero_count"":244777}","{""fraction_for_half_mass"":0.010357327809425169,""gini"":0.9613387706985922,""minimum_count_for_half_mass"":20,""n"":1931,""positive_count"":398,""top_shares"":{""0.01"":0.48943508656664303,""0.05"":0.9109047180126082,""0.1"":0.9708440748495737},""total"":4.0642814705330625,""zero_count"":1533}","{""benchmark_pass_count"":1708,""n"":1931,""quantiles"":{""0.5"":0.0,""0.9"":0.001276298236949558,""0.99"":0.06594083883237593,""1.0"":0.21693485148232458},""strict_exceedances"":{""0.01"":73,""0.1"":10}}"
0ff8a61a760d6836f469629b,zsre,v0_stable,1,103,1000,capoff,"{""count"":244913,""denominator"":245237,""fraction"":0.9986788290510812}","{""fraction_for_half_mass"":6.116532170920375e-05,""gini"":0.9997608623775258,""minimum_count_for_half_mass"":15,""n"":245237,""positive_count"":206,""top_shares"":{""0.001"":1.0,""0.01"":0.9999999999999999},""total"":424.9584289292577,""zero_count"":245031}","{""fraction_for_half_mass"":5.3009945481309916e-05,""gini"":0.9997357225732679,""minimum_count_for_half_mass"":13,""n"":245237,""positive_count"":324,""top_shares"":{""0.001"":0.9896797608031989,""0.01"":1.0},""total"":369.8252411565701,""zero_count"":244913}","{""fraction_for_half_mass"":0.006214396685655101,""gini"":0.9697281582354911,""minimum_count_for_half_mass"":12,""n"":1931,""positive_count"":289,""top_shares"":{""0.01"":0.6211375780689025,""0.05"":0.924333057881426,""0.1"":0.9829146667476966},""total"":2.912009772886379,""zero_count"":1642}","{""benchmark_pass_count"":1751,""n"":1931,""quantiles"":{""0.5"":0.0,""0.9"":0.0009033463225061031,""0.99"":0.03790258846320926,""1.0"":0.21622960781978387},""strict_exceedances"":{""0.01"":54,""0.1"":7}}"
0ff8a61a760d6836f469629b,zsre,v0_stable,1,103,1000,original,"{""count"":244913,""denominator"":245237,""fraction"":0.9986788290510812}","{""fraction_for_half_mass"":6.116532170920375e-05,""gini"":0.9997608623775258,""minimum_count_for_half_mass"":15,""n"":245237,""positive_count"":206,""top_shares"":{""0.001"":1.0,""0.01"":0.9999999999999999},""total"":424.9584289292577,""zero_count"":245031}","{""fraction_for_half_mass"":5.3009945481309916e-05,""gini"":0.9997357225732679,""minimum_count_for_half_mass"":13,""n"":245237,""positive_count"":324,""top_shares"":{""0.001"":0.9896797608031989,""0.01"":1.0},""total"":369.8252411565701,""zero_count"":244913}","{""fraction_for_half_mass"":0.006214396685655101,""gini"":0.9697281582354911,""minimum_count_for_half_mass"":12,""n"":1931,""positive_count"":289,""top_shares"":{""0.01"":0.6211375780689025,""0.05"":0.924333057881426,""0.1"":0.9829146667476966},""total"":2.912009772886379,""zero_count"":1642}","{""benchmark_pass_count"":1751,""n"":1931,""quantiles"":{""0.5"":0.0,""0.9"":0.0009033463225061031,""0.99"":0.03790258846320926,""1.0"":0.21622960781978387},""strict_exceedances"":{""0.01"":54,""0.1"":7}}"
40034291ac69439c82ae1fc3,zsre,v0_stable,1,104,1000,capoff,"{""count"":244877,""denominator"":245237,""fraction"":0.9985320322789791}","{""fraction_for_half_mass"":6.524300982315066e-05,""gini"":0.9997447829731705,""minimum_count_for_half_mass"":16,""n"":245237,""positive_count"":222,""top_shares"":{""0.001"":0.9999999999999999,""0.01"":0.9999999999999997},""total"":406.10937984721926,""zero_count"":245015}","{""fraction_for_half_mass"":5.3009945481309916e-05,""gini"":0.9997232429103342,""minimum_count_for_half_mass"":13,""n"":245237,""positive_count"":360,""top_shares"":{""0.001"":0.984459109826975,""0.01"":1.0},""total"":362.48196836185684,""zero_count"":244877}","{""fraction_for_half_mass"":0.006214396685655101,""gini"":0.9694634474444144,""minimum_count_for_half_mass"":12,""n"":1931,""positive_count"":315,""top_shares"":{""0.01"":0.6318207464942479,""0.05"":0.9222513116833688,""0.1"":0.9790708561989393},""total"":2.8541887272587156,""zero_count"":1616}","{""benchmark_pass_count"":1749,""n"":1931,""quantiles"":{""0.5"":0.0,""0.9"":0.0008644557268264641,""0.99"":0.03486759729490123,""1.0"":0.21622960781978387},""strict_exceedances"":{""0.01"":49,""0.1"":8}}"
40034291ac69439c82ae1fc3,zsre,v0_stable,1,104,1000,original,"{""count"":244877,""denominator"":245237,""fraction"":0.9985320322789791}","{""fraction_for_half_mass"":6.524300982315066e-05,""gini"":0.9997447829731705,""minimum_count_for_half_mass"":16,""n"":245237,""positive_count"":222,""top_shares"":{""0.001"":0.9999999999999999,""0.01"":0.9999999999999997},""total"":406.10937984721926,""zero_count"":245015}","{""fraction_for_half_mass"":5.3009945481309916e-05,""gini"":0.9997232429103342,""minimum_count_for_half_mass"":13,""n"":245237,""positive_count"":360,""top_shares"":{""0.001"":0.984459109826975,""0.01"":1.0},""total"":362.48196836185684,""zero_count"":244877}","{""fraction_for_half_mass"":0.006214396685655101,""gini"":0.9694634474444144,""minimum_count_for_half_mass"":12,""n"":1931,""positive_count"":315,""top_shares"":{""0.01"":0.6318207464942479,""0.05"":0.9222513116833688,""0.1"":0.9790708561989393},""total"":2.8541887272587156,""zero_count"":1616}","{""benchmark_pass_count"":1749,""n"":1931,""quantiles"":{""0.5"":0.0,""0.9"":0.0008644557268264641,""0.99"":0.03486759729490123,""1.0"":0.21622960781978387},""strict_exceedances"":{""0.01"":49,""0.1"":8}}"
6d8d11dbbbc7b736c6386bca,counterfact,v0_stable,1,100,1000,capoff,"{""count"":245237,""denominator"":245237,""fraction"":1.0}","{""fraction_for_half_mass"":null,""gini"":null,""minimum_count_for_half_mass"":null,""n"":245237,""positive_count"":0,""top_shares"":{""0.001"":null,""0.01"":null},""total"":0.0,""zero_count"":245237}","{""fraction_for_half_mass"":null,""gini"":null,""minimum_count_for_half_mass"":null,""n"":245237,""positive_count"":0,""top_shares"":{""0.001"":null,""0.01"":null},""total"":0.0,""zero_count"":245237}","{""fraction_for_half_mass"":null,""gini"":null,""minimum_count_for_half_mass"":null,""n"":1931,""positive_count"":0,""top_shares"":{""0.01"":null,""0.05"":null,""0.1"":null},""total"":0.0,""zero_count"":1931}","{""benchmark_pass_count"":1931,""n"":1931,""quantiles"":{""0.5"":0.0,""0.9"":0.0,""0.99"":0.0,""1.0"":0.0},""strict_exceedances"":{""0.01"":0,""0.1"":0}}"
6d8d11dbbbc7b736c6386bca,counterfact,v0_stable,1,100,1000,original,"{""count"":245237,""denominator"":245237,""fraction"":1.0}","{""fraction_for_half_mass"":null,""gini"":null,""minimum_count_for_half_mass"":null,""n"":245237,""positive_count"":0,""top_shares"":{""0.001"":null,""0.01"":null},""total"":0.0,""zero_count"":245237}","{""fraction_for_half_mass"":null,""gini"":null,""minimum_count_for_half_mass"":null,""n"":245237,""positive_count"":0,""top_shares"":{""0.001"":null,""0.01"":null},""total"":0.0,""zero_count"":245237}","{""fraction_for_half_mass"":null,""gini"":null,""minimum_count_for_half_mass"":null,""n"":1931,""positive_count"":0,""top_shares"":{""0.01"":null,""0.05"":null,""0.1"":null},""total"":0.0,""zero_count"":1931}","{""benchmark_pass_count"":1931,""n"":1931,""quantiles"":{""0.5"":0.0,""0.9"":0.0,""0.99"":0.0,""1.0"":0.0},""strict_exceedances"":{""0.01"":0,""0.1"":0}}"
cefda69ce81ca1253435bac7,counterfact,v0_stable,1,101,1000,capoff,"{""count"":245237,""denominator"":245237,""fraction"":1.0}","{""fraction_for_half_mass"":null,""gini"":null,""minimum_count_for_half_mass"":null,""n"":245237,""positive_count"":0,""top_shares"":{""0.001"":null,""0.01"":null},""total"":0.0,""zero_count"":245237}","{""fraction_for_half_mass"":null,""gini"":null,""minimum_count_for_half_mass"":null,""n"":245237,""positive_count"":0,""top_shares"":{""0.001"":null,""0.01"":null},""total"":0.0,""zero_count"":245237}","{""fraction_for_half_mass"":null,""gini"":null,""minimum_count_for_half_mass"":null,""n"":1931,""positive_count"":0,""top_shares"":{""0.01"":null,""0.05"":null,""0.1"":null},""total"":0.0,""zero_count"":1931}","{""benchmark_pass_count"":1931,""n"":1931,""quantiles"":{""0.5"":0.0,""0.9"":0.0,""0.99"":0.0,""1.0"":0.0},""strict_exceedances"":{""0.01"":0,""0.1"":0}}"
cefda69ce81ca1253435bac7,counterfact,v0_stable,1,101,1000,original,"{""count"":245237,""denominator"":245237,""fraction"":1.0}","{""fraction_for_half_mass"":null,""gini"":null,""minimum_count_for_half_mass"":null,""n"":245237,""positive_count"":0,""top_shares"":{""0.001"":null,""0.01"":null},""total"":0.0,""zero_count"":245237}","{""fraction_for_half_mass"":null,""gini"":null,""minimum_count_for_half_mass"":null,""n"":245237,""positive_count"":0,""top_shares"":{""0.001"":null,""0.01"":null},""total"":0.0,""zero_count"":245237}","{""fraction_for_half_mass"":null,""gini"":null,""minimum_count_for_half_mass"":null,""n"":1931,""positive_count"":0,""top_shares"":{""0.01"":null,""0.05"":null,""0.1"":null},""total"":0.0,""zero_count"":1931}","{""benchmark_pass_count"":1931,""n"":1931,""quantiles"":{""0.5"":0.0,""0.9"":0.0,""0.99"":0.0,""1.0"":0.0},""strict_exceedances"":{""0.01"":0,""0.1"":0}}"
e42cd6f9b5b86feb491512f6,counterfact,v0_stable,1,102,1000,capoff,"{""count"":245237,""denominator"":245237,""fraction"":1.0}","{""fraction_for_half_mass"":null,""gini"":null,""minimum_count_for_half_mass"":null,""n"":245237,""positive_count"":0,""top_shares"":{""0.001"":null,""0.01"":null},""total"":0.0,""zero_count"":245237}","{""fraction_for_half_mass"":null,""gini"":null,""minimum_count_for_half_mass"":null,""n"":245237,""positive_count"":0,""top_shares"":{""0.001"":null,""0.01"":null},""total"":0.0,""zero_count"":245237}","{""fraction_for_half_mass"":null,""gini"":null,""minimum_count_for_half_mass"":null,""n"":1931,""positive_count"":0,""top_shares"":{""0.01"":null,""0.05"":null,""0.1"":null},""total"":0.0,""zero_count"":1931}","{""benchmark_pass_count"":1931,""n"":1931,""quantiles"":{""0.5"":0.0,""0.9"":0.0,""0.99"":0.0,""1.0"":0.0},""strict_exceedances"":{""0.01"":0,""0.1"":0}}"
e42cd6f9b5b86feb491512f6,counterfact,v0_stable,1,102,1000,original,"{""count"":245237,""denominator"":245237,""fraction"":1.0}","{""fraction_for_half_mass"":null,""gini"":null,""minimum_count_for_half_mass"":null,""n"":245237,""positive_count"":0,""top_shares"":{""0.001"":null,""0.01"":null},""total"":0.0,""zero_count"":245237}","{""fraction_for_half_mass"":null,""gini"":null,""minimum_count_for_half_mass"":null,""n"":245237,""positive_count"":0,""top_shares"":{""0.001"":null,""0.01"":null},""total"":0.0,""zero_count"":245237}","{""fraction_for_half_mass"":null,""gini"":null,""minimum_count_for_half_mass"":null,""n"":1931,""positive_count"":0,""top_shares"":{""0.01"":null,""0.05"":null,""0.1"":null},""total"":0.0,""zero_count"":1931}","{""benchmark_pass_count"":1931,""n"":1931,""quantiles"":{""0.5"":0.0,""0.9"":0.0,""0.99"":0.0,""1.0"":0.0},""strict_exceedances"":{""0.01"":0,""0.1"":0}}"
e0f2bb19e19594c972c0ef15,counterfact,v0_stable,1,103,1000,capoff,"{""count"":245237,""denominator"":245237,""fraction"":1.0}","{""fraction_for_half_mass"":null,""gini"":null,""minimum_count_for_half_mass"":null,""n"":245237,""positive_count"":0,""top_shares"":{""0.001"":null,""0.01"":null},""total"":0.0,""zero_count"":245237}","{""fraction_for_half_mass"":null,""gini"":null,""minimum_count_for_half_mass"":null,""n"":245237,""positive_count"":0,""top_shares"":{""0.001"":null,""0.01"":null},""total"":0.0,""zero_count"":245237}","{""fraction_for_half_mass"":null,""gini"":null,""minimum_count_for_half_mass"":null,""n"":1931,""positive_count"":0,""top_shares"":{""0.01"":null,""0.05"":null,""0.1"":null},""total"":0.0,""zero_count"":1931}","{""benchmark_pass_count"":1931,""n"":1931,""quantiles"":{""0.5"":0.0,""0.9"":0.0,""0.99"":0.0,""1.0"":0.0},""strict_exceedances"":{""0.01"":0,""0.1"":0}}"
e0f2bb19e19594c972c0ef15,counterfact,v0_stable,1,103,1000,original,"{""count"":245237,""denominator"":245237,""fraction"":1.0}","{""fraction_for_half_mass"":null,""gini"":null,""minimum_count_for_half_mass"":null,""n"":245237,""positive_count"":0,""top_shares"":{""0.001"":null,""0.01"":null},""total"":0.0,""zero_count"":245237}","{""fraction_for_half_mass"":null,""gini"":null,""minimum_count_for_half_mass"":null,""n"":245237,""positive_count"":0,""top_shares"":{""0.001"":null,""0.01"":null},""total"":0.0,""zero_count"":245237}","{""fraction_for_half_mass"":null,""gini"":null,""minimum_count_for_half_mass"":null,""n"":1931,""positive_count"":0,""top_shares"":{""0.01"":null,""0.05"":null,""0.1"":null},""total"":0.0,""zero_count"":1931}","{""benchmark_pass_count"":1931,""n"":1931,""quantiles"":{""0.5"":0.0,""0.9"":0.0,""0.99"":0.0,""1.0"":0.0},""strict_exceedances"":{""0.01"":0,""0.1"":0}}"
0d4d946cb9ff28b7e6af3c4d,counterfact,v0_stable,1,104,1000,capoff,"{""count"":245237,""denominator"":245237,""fraction"":1.0}","{""fraction_for_half_mass"":null,""gini"":null,""minimum_count_for_half_mass"":null,""n"":245237,""positive_count"":0,""top_shares"":{""0.001"":null,""0.01"":null},""total"":0.0,""zero_count"":245237}","{""fraction_for_half_mass"":null,""gini"":null,""minimum_count_for_half_mass"":null,""n"":245237,""positive_count"":0,""top_shares"":{""0.001"":null,""0.01"":null},""total"":0.0,""zero_count"":245237}","{""fraction_for_half_mass"":null,""gini"":null,""minimum_count_for_half_mass"":null,""n"":1931,""positive_count"":0,""top_shares"":{""0.01"":null,""0.05"":null,""0.1"":null},""total"":0.0,""zero_count"":1931}","{""benchmark_pass_count"":1931,""n"":1931,""quantiles"":{""0.5"":0.0,""0.9"":0.0,""0.99"":0.0,""1.0"":0.0},""strict_exceedances"":{""0.01"":0,""0.1"":0}}"
0d4d946cb9ff28b7e6af3c4d,counterfact,v0_stable,1,104,1000,original,"{""count"":245237,""denominator"":245237,""fraction"":1.0}","{""fraction_for_half_mass"":null,""gini"":null,""minimum_count_for_half_mass"":null,""n"":245237,""positive_count"":0,""top_shares"":{""0.001"":null,""0.01"":null},""total"":0.0,""zero_count"":245237}","{""fraction_for_half_mass"":null,""gini"":null,""minimum_count_for_half_mass"":null,""n"":245237,""positive_count"":0,""top_shares"":{""0.001"":null,""0.01"":null},""total"":0.0,""zero_count"":245237}","{""fraction_for_half_mass"":null,""gini"":null,""minimum_count_for_half_mass"":null,""n"":1931,""positive_count"":0,""top_shares"":{""0.01"":null,""0.05"":null,""0.1"":null},""total"":0.0,""zero_count"":1931}","{""benchmark_pass_count"":1931,""n"":1931,""quantiles"":{""0.5"":0.0,""0.9"":0.0,""0.99"":0.0,""1.0"":0.0},""strict_exceedances"":{""0.01"":0,""0.1"":0}}"
9179614db32d3fd8b437475b,mquake,v0_stable,1,100,300,capoff,"{""count"":245237,""denominator"":245237,""fraction"":1.0}","{""fraction_for_half_mass"":null,""gini"":null,""minimum_count_for_half_mass"":null,""n"":245237,""positive_count"":0,""top_shares"":{""0.001"":null,""0.01"":null},""total"":0.0,""zero_count"":245237}","{""fraction_for_half_mass"":null,""gini"":null,""minimum_count_for_half_mass"":null,""n"":245237,""positive_count"":0,""top_shares"":{""0.001"":null,""0.01"":null},""total"":0.0,""zero_count"":245237}","{""fraction_for_half_mass"":null,""gini"":null,""minimum_count_for_half_mass"":null,""n"":1931,""positive_count"":0,""top_shares"":{""0.01"":null,""0.05"":null,""0.1"":null},""total"":0.0,""zero_count"":1931}","{""benchmark_pass_count"":1931,""n"":1931,""quantiles"":{""0.5"":0.0,""0.9"":0.0,""0.99"":0.0,""1.0"":0.0},""strict_exceedances"":{""0.01"":0,""0.1"":0}}"
9179614db32d3fd8b437475b,mquake,v0_stable,1,100,300,original,"{""count"":245237,""denominator"":245237,""fraction"":1.0}","{""fraction_for_half_mass"":null,""gini"":null,""minimum_count_for_half_mass"":null,""n"":245237,""positive_count"":0,""top_shares"":{""0.001"":null,""0.01"":null},""total"":0.0,""zero_count"":245237}","{""fraction_for_half_mass"":null,""gini"":null,""minimum_count_for_half_mass"":null,""n"":245237,""positive_count"":0,""top_shares"":{""0.001"":null,""0.01"":null},""total"":0.0,""zero_count"":245237}","{""fraction_for_half_mass"":null,""gini"":null,""minimum_count_for_half_mass"":null,""n"":1931,""positive_count"":0,""top_shares"":{""0.01"":null,""0.05"":null,""0.1"":null},""total"":0.0,""zero_count"":1931}","{""benchmark_pass_count"":1931,""n"":1931,""quantiles"":{""0.5"":0.0,""0.9"":0.0,""0.99"":0.0,""1.0"":0.0},""strict_exceedances"":{""0.01"":0,""0.1"":0}}"
e146662ae0ab343921979246,mquake,v0_stable,1,101,300,capoff,"{""count"":245237,""denominator"":245237,""fraction"":1.0}","{""fraction_for_half_mass"":null,""gini"":null,""minimum_count_for_half_mass"":null,""n"":245237,""positive_count"":0,""top_shares"":{""0.001"":null,""0.01"":null},""total"":0.0,""zero_count"":245237}","{""fraction_for_half_mass"":null,""gini"":null,""minimum_count_for_half_mass"":null,""n"":245237,""positive_count"":0,""top_shares"":{""0.001"":null,""0.01"":null},""total"":0.0,""zero_count"":245237}","{""fraction_for_half_mass"":null,""gini"":null,""minimum_count_for_half_mass"":null,""n"":1931,""positive_count"":0,""top_shares"":{""0.01"":null,""0.05"":null,""0.1"":null},""total"":0.0,""zero_count"":1931}","{""benchmark_pass_count"":1931,""n"":1931,""quantiles"":{""0.5"":0.0,""0.9"":0.0,""0.99"":0.0,""1.0"":0.0},""strict_exceedances"":{""0.01"":0,""0.1"":0}}"
e146662ae0ab343921979246,mquake,v0_stable,1,101,300,original,"{""count"":245237,""denominator"":245237,""fraction"":1.0}","{""fraction_for_half_mass"":null,""gini"":null,""minimum_count_for_half_mass"":null,""n"":245237,""positive_count"":0,""top_shares"":{""0.001"":null,""0.01"":null},""total"":0.0,""zero_count"":245237}","{""fraction_for_half_mass"":null,""gini"":null,""minimum_count_for_half_mass"":null,""n"":245237,""positive_count"":0,""top_shares"":{""0.001"":null,""0.01"":null},""total"":0.0,""zero_count"":245237}","{""fraction_for_half_mass"":null,""gini"":null,""minimum_count_for_half_mass"":null,""n"":1931,""positive_count"":0,""top_shares"":{""0.01"":null,""0.05"":null,""0.1"":null},""total"":0.0,""zero_count"":1931}","{""benchmark_pass_count"":1931,""n"":1931,""quantiles"":{""0.5"":0.0,""0.9"":0.0,""0.99"":0.0,""1.0"":0.0},""strict_exceedances"":{""0.01"":0,""0.1"":0}}"
c770960b77b2d9f6304f1a34,mquake,v0_stable,1,102,300,capoff,"{""count"":245237,""denominator"":245237,""fraction"":1.0}","{""fraction_for_half_mass"":null,""gini"":null,""minimum_count_for_half_mass"":null,""n"":245237,""positive_count"":0,""top_shares"":{""0.001"":null,""0.01"":null},""total"":0.0,""zero_count"":245237}","{""fraction_for_half_mass"":null,""gini"":null,""minimum_count_for_half_mass"":null,""n"":245237,""positive_count"":0,""top_shares"":{""0.001"":null,""0.01"":null},""total"":0.0,""zero_count"":245237}","{""fraction_for_half_mass"":null,""gini"":null,""minimum_count_for_half_mass"":null,""n"":1931,""positive_count"":0,""top_shares"":{""0.01"":null,""0.05"":null,""0.1"":null},""total"":0.0,""zero_count"":1931}","{""benchmark_pass_count"":1931,""n"":1931,""quantiles"":{""0.5"":0.0,""0.9"":0.0,""0.99"":0.0,""1.0"":0.0},""strict_exceedances"":{""0.01"":0,""0.1"":0}}"
c770960b77b2d9f6304f1a34,mquake,v0_stable,1,102,300,original,"{""count"":245237,""denominator"":245237,""fraction"":1.0}","{""fraction_for_half_mass"":null,""gini"":null,""minimum_count_for_half_mass"":null,""n"":245237,""positive_count"":0,""top_shares"":{""0.001"":null,""0.01"":null},""total"":0.0,""zero_count"":245237}","{""fraction_for_half_mass"":null,""gini"":null,""minimum_count_for_half_mass"":null,""n"":245237,""positive_count"":0,""top_shares"":{""0.001"":null,""0.01"":null},""total"":0.0,""zero_count"":245237}","{""fraction_for_half_mass"":null,""gini"":null,""minimum_count_for_half_mass"":null,""n"":1931,""positive_count"":0,""top_shares"":{""0.01"":null,""0.05"":null,""0.1"":null},""total"":0.0,""zero_count"":1931}","{""benchmark_pass_count"":1931,""n"":1931,""quantiles"":{""0.5"":0.0,""0.9"":0.0,""0.99"":0.0,""1.0"":0.0},""strict_exceedances"":{""0.01"":0,""0.1"":0}}"
d49ef9c7980da822326bc6ac,mquake,v0_stable,1,103,300,capoff,"{""count"":245237,""denominator"":245237,""fraction"":1.0}","{""fraction_for_half_mass"":null,""gini"":null,""minimum_count_for_half_mass"":null,""n"":245237,""positive_count"":0,""top_shares"":{""0.001"":null,""0.01"":null},""total"":0.0,""zero_count"":245237}","{""fraction_for_half_mass"":null,""gini"":null,""minimum_count_for_half_mass"":null,""n"":245237,""positive_count"":0,""top_shares"":{""0.001"":null,""0.01"":null},""total"":0.0,""zero_count"":245237}","{""fraction_for_half_mass"":null,""gini"":null,""minimum_count_for_half_mass"":null,""n"":1931,""positive_count"":0,""top_shares"":{""0.01"":null,""0.05"":null,""0.1"":null},""total"":0.0,""zero_count"":1931}","{""benchmark_pass_count"":1931,""n"":1931,""quantiles"":{""0.5"":0.0,""0.9"":0.0,""0.99"":0.0,""1.0"":0.0},""strict_exceedances"":{""0.01"":0,""0.1"":0}}"
d49ef9c7980da822326bc6ac,mquake,v0_stable,1,103,300,original,"{""count"":245237,""denominator"":245237,""fraction"":1.0}","{""fraction_for_half_mass"":null,""gini"":null,""minimum_count_for_half_mass"":null,""n"":245237,""positive_count"":0,""top_shares"":{""0.001"":null,""0.01"":null},""total"":0.0,""zero_count"":245237}","{""fraction_for_half_mass"":null,""gini"":null,""minimum_count_for_half_mass"":null,""n"":245237,""positive_count"":0,""top_shares"":{""0.001"":null,""0.01"":null},""total"":0.0,""zero_count"":245237}","{""fraction_for_half_mass"":null,""gini"":null,""minimum_count_for_half_mass"":null,""n"":1931,""positive_count"":0,""top_shares"":{""0.01"":null,""0.05"":null,""0.1"":null},""total"":0.0,""zero_count"":1931}","{""benchmark_pass_count"":1931,""n"":1931,""quantiles"":{""0.5"":0.0,""0.9"":0.0,""0.99"":0.0,""1.0"":0.0},""strict_exceedances"":{""0.01"":0,""0.1"":0}}"
eef5c3dc3fc8291d75199816,mquake,v0_stable,1,104,300,capoff,"{""count"":245237,""denominator"":245237,""fraction"":1.0}","{""fraction_for_half_mass"":null,""gini"":null,""minimum_count_for_half_mass"":null,""n"":245237,""positive_count"":0,""top_shares"":{""0.001"":null,""0.01"":null},""total"":0.0,""zero_count"":245237}","{""fraction_for_half_mass"":null,""gini"":null,""minimum_count_for_half_mass"":null,""n"":245237,""positive_count"":0,""top_shares"":{""0.001"":null,""0.01"":null},""total"":0.0,""zero_count"":245237}","{""fraction_for_half_mass"":null,""gini"":null,""minimum_count_for_half_mass"":null,""n"":1931,""positive_count"":0,""top_shares"":{""0.01"":null,""0.05"":null,""0.1"":null},""total"":0.0,""zero_count"":1931}","{""benchmark_pass_count"":1931,""n"":1931,""quantiles"":{""0.5"":0.0,""0.9"":0.0,""0.99"":0.0,""1.0"":0.0},""strict_exceedances"":{""0.01"":0,""0.1"":0}}"
eef5c3dc3fc8291d75199816,mquake,v0_stable,1,104,300,original,"{""count"":245237,""denominator"":245237,""fraction"":1.0}","{""fraction_for_half_mass"":null,""gini"":null,""minimum_count_for_half_mass"":null,""n"":245237,""positive_count"":0,""top_shares"":{""0.001"":null,""0.01"":null},""total"":0.0,""zero_count"":245237}","{""fraction_for_half_mass"":null,""gini"":null,""minimum_count_for_half_mass"":null,""n"":245237,""positive_count"":0,""top_shares"":{""0.001"":null,""0.01"":null},""total"":0.0,""zero_count"":245237}","{""fraction_for_half_mass"":null,""gini"":null,""minimum_count_for_half_mass"":null,""n"":1931,""positive_count"":0,""top_shares"":{""0.01"":null,""0.05"":null,""0.1"":null},""total"":0.0,""zero_count"":1931}","{""benchmark_pass_count"":1931,""n"":1931,""quantiles"":{""0.5"":0.0,""0.9"":0.0,""0.99"":0.0,""1.0"":0.0},""strict_exceedances"":{""0.01"":0,""0.1"":0}}"
0417f598d89548e3200a3fe4,zsre,R1_learned_ff,2,100,1000,capoff,"{""count"":244805,""denominator"":245237,""fraction"":0.9982384387347749}","{""fraction_for_half_mass"":0.0002732051036344434,""gini"":0.9992643661271888,""minimum_count_for_half_mass"":67,""n"":245237,""positive_count"":377,""top_shares"":{""0.001"":0.9368082544807221,""0.01"":1.0},""total"":623.6981641231321,""zero_count"":244860}","{""fraction_for_half_mass"":0.0002772827917483903,""gini"":0.999232417165781,""minimum_count_for_half_mass"":68,""n"":245237,""positive_count"":432,""top_shares"":{""0.001"":0.9214765289292726,""0.01"":1.0},""total"":571.341024110572,""zero_count"":244805}","{""fraction_for_half_mass"":0.012428793371310202,""gini"":0.9605855132924115,""minimum_count_for_half_mass"":24,""n"":1931,""positive_count"":199,""top_shares"":{""0.01"":0.44737459535972357,""0.05"":0.8993833276440423,""0.1"":0.9991986401521643},""total"":4.498748221343087,""zero_count"":1732}","{""benchmark_pass_count"":1743,""n"":1931,""quantiles"":{""0.5"":0.0,""0.9"":0.0007284018374071329,""0.99"":0.05281569188134291,""1.0"":0.23395989470515838},""strict_exceedances"":{""0.01"":103,""0.1"":6}}"
0417f598d89548e3200a3fe4,zsre,R1_learned_ff,2,100,1000,original,"{""count"":244805,""denominator"":245237,""fraction"":0.9982384387347749}","{""fraction_for_half_mass"":0.0002732051036344434,""gini"":0.9992643661271888,""minimum_count_for_half_mass"":67,""n"":245237,""positive_count"":377,""top_shares"":{""0.001"":0.9368082544807221,""0.01"":1.0},""total"":623.6981641231321,""zero_count"":244860}","{""fraction_for_half_mass"":0.0002772827917483903,""gini"":0.999232417165781,""minimum_count_for_half_mass"":68,""n"":245237,""positive_count"":432,""top_shares"":{""0.001"":0.9214765289292726,""0.01"":1.0},""total"":571.341024110572,""zero_count"":244805}","{""fraction_for_half_mass"":0.012428793371310202,""gini"":0.9605855132924115,""minimum_count_for_half_mass"":24,""n"":1931,""positive_count"":199,""top_shares"":{""0.01"":0.44737459535972357,""0.05"":0.8993833276440423,""0.1"":0.9991986401521643},""total"":4.498748221343087,""zero_count"":1732}","{""benchmark_pass_count"":1743,""n"":1931,""quantiles"":{""0.5"":0.0,""0.9"":0.0007284018374071329,""0.99"":0.05281569188134291,""1.0"":0.23395989470515838},""strict_exceedances"":{""0.01"":103,""0.1"":6}}"
12a9c0da62781d521da26cd5,zsre,R1_learned_ff,2,101,1000,capoff,"{""count"":244805,""denominator"":245237,""fraction"":0.9982384387347749}","{""fraction_for_half_mass"":0.0002732051036344434,""gini"":0.9992643662202498,""minimum_count_for_half_mass"":67,""n"":245237,""positive_count"":377,""top_shares"":{""0.001"":0.9368082462185173,""0.01"":1.0000000000000002},""total"":623.6982014705387,""zero_count"":244860}","{""fraction_for_half_mass"":0.0002772827917483903,""gini"":0.999232417046495,""minimum_count_for_half_mass"":68,""n"":245237,""positive_count"":432,""top_shares"":{""0.001"":0.9214764864558742,""0.01"":1.0000000000000002},""total"":571.3410421432678,""zero_count"":244805}","{""fraction_for_half_mass"":0.012428793371310202,""gini"":0.9605855193229208,""minimum_count_for_half_mass"":24,""n"":1931,""positive_count"":199,""top_shares"":{""0.01"":0.44737456538822223,""0.05"":0.8993833771235465,""0.1"":0.9991986391782054},""total"":4.498748363332818,""zero_count"":1732}","{""benchmark_pass_count"":1743,""n"":1931,""quantiles"":{""0.5"":0.0,""0.9"":0.0007283997262803799,""0.99"":0.05281573273361485,""1.0"":0.23395987833784018},""strict_exceedances"":{""0.01"":103,""0.1"":6}}"
12a9c0da62781d521da26cd5,zsre,R1_learned_ff,2,101,1000,original,"{""count"":244805,""denominator"":245237,""fraction"":0.9982384387347749}","{""fraction_for_half_mass"":0.0002732051036344434,""gini"":0.9992643662202498,""minimum_count_for_half_mass"":67,""n"":245237,""positive_count"":377,""top_shares"":{""0.001"":0.9368082462185173,""0.01"":1.0000000000000002},""total"":623.6982014705387,""zero_count"":244860}","{""fraction_for_half_mass"":0.0002772827917483903,""gini"":0.999232417046495,""minimum_count_for_half_mass"":68,""n"":245237,""positive_count"":432,""top_shares"":{""0.001"":0.9214764864558742,""0.01"":1.0000000000000002},""total"":571.3410421432678,""zero_count"":244805}","{""fraction_for_half_mass"":0.012428793371310202,""gini"":0.9605855193229208,""minimum_count_for_half_mass"":24,""n"":1931,""positive_count"":199,""top_shares"":{""0.01"":0.44737456538822223,""0.05"":0.8993833771235465,""0.1"":0.9991986391782054},""total"":4.498748363332818,""zero_count"":1732}","{""benchmark_pass_count"":1743,""n"":1931,""quantiles"":{""0.5"":0.0,""0.9"":0.0007283997262803799,""0.99"":0.05281573273361485,""1.0"":0.23395987833784018},""strict_exceedances"":{""0.01"":103,""0.1"":6}}"
c2a67190edb39398491bd651,zsre,R1_learned_ff,2,102,1000,capoff,"{""count"":244805,""denominator"":245237,""fraction"":0.9982384387347749}","{""fraction_for_half_mass"":0.0002732051036344434,""gini"":0.9992643661271888,""minimum_count_for_half_mass"":67,""n"":245237,""positive_count"":377,""top_shares"":{""0.001"":0.9368082544807221,""0.01"":1.0},""total"":623.6981641231321,""zero_count"":244860}","{""fraction_for_half_mass"":0.0002772827917483903,""gini"":0.999232417165781,""minimum_count_for_half_mass"":68,""n"":245237,""positive_count"":432,""top_shares"":{""0.001"":0.9214765289292726,""0.01"":1.0},""total"":571.341024110572,""zero_count"":244805}","{""fraction_for_half_mass"":0.012428793371310202,""gini"":0.9605855132924115,""minimum_count_for_half_mass"":24,""n"":1931,""positive_count"":199,""top_shares"":{""0.01"":0.44737459535972357,""0.05"":0.8993833276440423,""0.1"":0.9991986401521643},""total"":4.498748221343087,""zero_count"":1732}","{""benchmark_pass_count"":1743,""n"":1931,""quantiles"":{""0.5"":0.0,""0.9"":0.0007284018374071329,""0.99"":0.05281569188134291,""1.0"":0.23395989470515838},""strict_exceedances"":{""0.01"":103,""0.1"":6}}"
c2a67190edb39398491bd651,zsre,R1_learned_ff,2,102,1000,original,"{""count"":244805,""denominator"":245237,""fraction"":0.9982384387347749}","{""fraction_for_half_mass"":0.0002732051036344434,""gini"":0.9992643661271888,""minimum_count_for_half_mass"":67,""n"":245237,""positive_count"":377,""top_shares"":{""0.001"":0.9368082544807221,""0.01"":1.0},""total"":623.6981641231321,""zero_count"":244860}","{""fraction_for_half_mass"":0.0002772827917483903,""gini"":0.999232417165781,""minimum_count_for_half_mass"":68,""n"":245237,""positive_count"":432,""top_shares"":{""0.001"":0.9214765289292726,""0.01"":1.0},""total"":571.341024110572,""zero_count"":244805}","{""fraction_for_half_mass"":0.012428793371310202,""gini"":0.9605855132924115,""minimum_count_for_half_mass"":24,""n"":1931,""positive_count"":199,""top_shares"":{""0.01"":0.44737459535972357,""0.05"":0.8993833276440423,""0.1"":0.9991986401521643},""total"":4.498748221343087,""zero_count"":1732}","{""benchmark_pass_count"":1743,""n"":1931,""quantiles"":{""0.5"":0.0,""0.9"":0.0007284018374071329,""0.99"":0.05281569188134291,""1.0"":0.23395989470515838},""strict_exceedances"":{""0.01"":103,""0.1"":6}}"
58cc3599099d7ab60e5d1413,zsre,R1_learned_ff,2,103,1000,capoff,"{""count"":244805,""denominator"":245237,""fraction"":0.9982384387347749}","{""fraction_for_half_mass"":0.0002732051036344434,""gini"":0.9992643661271888,""minimum_count_for_half_mass"":67,""n"":245237,""positive_count"":377,""top_shares"":{""0.001"":0.9368082544807221,""0.01"":1.0},""total"":623.6981641231321,""zero_count"":244860}","{""fraction_for_half_mass"":0.0002772827917483903,""gini"":0.999232417165781,""minimum_count_for_half_mass"":68,""n"":245237,""positive_count"":432,""top_shares"":{""0.001"":0.9214765289292726,""0.01"":1.0},""total"":571.341024110572,""zero_count"":244805}","{""fraction_for_half_mass"":0.012428793371310202,""gini"":0.9605855132924115,""minimum_count_for_half_mass"":24,""n"":1931,""positive_count"":199,""top_shares"":{""0.01"":0.44737459535972357,""0.05"":0.8993833276440423,""0.1"":0.9991986401521643},""total"":4.498748221343087,""zero_count"":1732}","{""benchmark_pass_count"":1743,""n"":1931,""quantiles"":{""0.5"":0.0,""0.9"":0.0007284018374071329,""0.99"":0.05281569188134291,""1.0"":0.23395989470515838},""strict_exceedances"":{""0.01"":103,""0.1"":6}}"
58cc3599099d7ab60e5d1413,zsre,R1_learned_ff,2,103,1000,original,"{""count"":244805,""denominator"":245237,""fraction"":0.9982384387347749}","{""fraction_for_half_mass"":0.0002732051036344434,""gini"":0.9992643661271888,""minimum_count_for_half_mass"":67,""n"":245237,""positive_count"":377,""top_shares"":{""0.001"":0.9368082544807221,""0.01"":1.0},""total"":623.6981641231321,""zero_count"":244860}","{""fraction_for_half_mass"":0.0002772827917483903,""gini"":0.999232417165781,""minimum_count_for_half_mass"":68,""n"":245237,""positive_count"":432,""top_shares"":{""0.001"":0.9214765289292726,""0.01"":1.0},""total"":571.341024110572,""zero_count"":244805}","{""fraction_for_half_mass"":0.012428793371310202,""gini"":0.9605855132924115,""minimum_count_for_half_mass"":24,""n"":1931,""positive_count"":199,""top_shares"":{""0.01"":0.44737459535972357,""0.05"":0.8993833276440423,""0.1"":0.9991986401521643},""total"":4.498748221343087,""zero_count"":1732}","{""benchmark_pass_count"":1743,""n"":1931,""quantiles"":{""0.5"":0.0,""0.9"":0.0007284018374071329,""0.99"":0.05281569188134291,""1.0"":0.23395989470515838},""strict_exceedances"":{""0.01"":103,""0.1"":6}}"
4206e18c23b43bb312e045e6,zsre,R1_learned_ff,2,104,1000,capoff,"{""count"":244805,""denominator"":245237,""fraction"":0.9982384387347749}","{""fraction_for_half_mass"":0.0002732051036344434,""gini"":0.9992643661271888,""minimum_count_for_half_mass"":67,""n"":245237,""positive_count"":377,""top_shares"":{""0.001"":0.9368082544807221,""0.01"":1.0},""total"":623.6981641231321,""zero_count"":244860}","{""fraction_for_half_mass"":0.0002772827917483903,""gini"":0.999232417165781,""minimum_count_for_half_mass"":68,""n"":245237,""positive_count"":432,""top_shares"":{""0.001"":0.9214765289292726,""0.01"":1.0},""total"":571.341024110572,""zero_count"":244805}","{""fraction_for_half_mass"":0.012428793371310202,""gini"":0.9605855132924115,""minimum_count_for_half_mass"":24,""n"":1931,""positive_count"":199,""top_shares"":{""0.01"":0.44737459535972357,""0.05"":0.8993833276440423,""0.1"":0.9991986401521643},""total"":4.498748221343087,""zero_count"":1732}","{""benchmark_pass_count"":1743,""n"":1931,""quantiles"":{""0.5"":0.0,""0.9"":0.0007284018374071329,""0.99"":0.05281569188134291,""1.0"":0.23395989470515838},""strict_exceedances"":{""0.01"":103,""0.1"":6}}"
4206e18c23b43bb312e045e6,zsre,R1_learned_ff,2,104,1000,original,"{""count"":244805,""denominator"":245237,""fraction"":0.9982384387347749}","{""fraction_for_half_mass"":0.0002732051036344434,""gini"":0.9992643661271888,""minimum_count_for_half_mass"":67,""n"":245237,""positive_count"":377,""top_shares"":{""0.001"":0.9368082544807221,""0.01"":1.0},""total"":623.6981641231321,""zero_count"":244860}","{""fraction_for_half_mass"":0.0002772827917483903,""gini"":0.999232417165781,""minimum_count_for_half_mass"":68,""n"":245237,""positive_count"":432,""top_shares"":{""0.001"":0.9214765289292726,""0.01"":1.0},""total"":571.341024110572,""zero_count"":244805}","{""fraction_for_half_mass"":0.012428793371310202,""gini"":0.9605855132924115,""minimum_count_for_half_mass"":24,""n"":1931,""positive_count"":199,""top_shares"":{""0.01"":0.44737459535972357,""0.05"":0.8993833276440423,""0.1"":0.9991986401521643},""total"":4.498748221343087,""zero_count"":1732}","{""benchmark_pass_count"":1743,""n"":1931,""quantiles"":{""0.5"":0.0,""0.9"":0.0007284018374071329,""0.99"":0.05281569188134291,""1.0"":0.23395989470515838},""strict_exceedances"":{""0.01"":103,""0.1"":6}}"
fa46e16c8436f7ea4a5c3f06,counterfact,R1_learned_ff,2,100,1000,capoff,"{""count"":244299,""denominator"":245237,""fraction"":0.9961751285491178}","{""fraction_for_half_mass"":0.0005953424646362498,""gini"":0.9983616326773268,""minimum_count_for_half_mass"":146,""n"":245237,""positive_count"":821,""top_shares"":{""0.001"":0.6760658405907025,""0.01"":0.9999999999999997},""total"":1525.1078273558148,""zero_count"":244416}","{""fraction_for_half_mass"":0.0005912647765223029,""gini"":0.998326748603144,""minimum_count_for_half_mass"":145,""n"":245237,""positive_count"":938,""top_shares"":{""0.001"":0.6796567065863892,""0.01"":0.9999999999999999},""total"":1417.626219016049,""zero_count"":244299}","{""fraction_for_half_mass"":0.030554117037804248,""gini"":0.9110908330995428,""minimum_count_for_half_mass"":59,""n"":1931,""positive_count"":417,""top_shares"":{""0.01"":0.28519377848050925,""0.05"":0.6483010962344429,""0.1"":0.8685923082509318},""total"":11.162411173354714,""zero_count"":1514}","{""benchmark_pass_count"":1530,""n"":1931,""quantiles"":{""0.5"":0.0,""0.9"":0.016909089619281576,""0.99"":0.08093784873060701,""1.0"":0.432544422428779},""strict_exceedances"":{""0.01"":255,""0.1"":11}}"
fa46e16c8436f7ea4a5c3f06,counterfact,R1_learned_ff,2,100,1000,original,"{""count"":244299,""denominator"":245237,""fraction"":0.9961751285491178}","{""fraction_for_half_mass"":0.0005953424646362498,""gini"":0.9983616326773268,""minimum_count_for_half_mass"":146,""n"":245237,""positive_count"":821,""top_shares"":{""0.001"":0.6760658405907025,""0.01"":0.9999999999999997},""total"":1525.1078273558148,""zero_count"":244416}","{""fraction_for_half_mass"":0.0005912647765223029,""gini"":0.998326748603144,""minimum_count_for_half_mass"":145,""n"":245237,""positive_count"":938,""top_shares"":{""0.001"":0.6796567065863892,""0.01"":0.9999999999999999},""total"":1417.626219016049,""zero_count"":244299}","{""fraction_for_half_mass"":0.030554117037804248,""gini"":0.9110908330995428,""minimum_count_for_half_mass"":59,""n"":1931,""positive_count"":417,""top_shares"":{""0.01"":0.28519377848050925,""0.05"":0.6483010962344429,""0.1"":0.8685923082509318},""total"":11.162411173354714,""zero_count"":1514}","{""benchmark_pass_count"":1530,""n"":1931,""quantiles"":{""0.5"":0.0,""0.9"":0.016909089619281576,""0.99"":0.08093784873060701,""1.0"":0.432544422428779},""strict_exceedances"":{""0.01"":255,""0.1"":11}}"
162686f6303fe986619d236d,counterfact,R1_learned_ff,2,101,1000,capoff,"{""count"":244299,""denominator"":245237,""fraction"":0.9961751285491178}","{""fraction_for_half_mass"":0.0005953424646362498,""gini"":0.9983616326773268,""minimum_count_for_half_mass"":146,""n"":245237,""positive_count"":821,""top_shares"":{""0.001"":0.6760658405907025,""0.01"":0.9999999999999997},""total"":1525.1078273558148,""zero_count"":244416}","{""fraction_for_half_mass"":0.0005912647765223029,""gini"":0.998326748603144,""minimum_count_for_half_mass"":145,""n"":245237,""positive_count"":938,""top_shares"":{""0.001"":0.6796567065863892,""0.01"":0.9999999999999999},""total"":1417.626219016049,""zero_count"":244299}","{""fraction_for_half_mass"":0.030554117037804248,""gini"":0.9110908330995428,""minimum_count_for_half_mass"":59,""n"":1931,""positive_count"":417,""top_shares"":{""0.01"":0.28519377848050925,""0.05"":0.6483010962344429,""0.1"":0.8685923082509318},""total"":11.162411173354714,""zero_count"":1514}","{""benchmark_pass_count"":1530,""n"":1931,""quantiles"":{""0.5"":0.0,""0.9"":0.016909089619281576,""0.99"":0.08093784873060701,""1.0"":0.432544422428779},""strict_exceedances"":{""0.01"":255,""0.1"":11}}"
162686f6303fe986619d236d,counterfact,R1_learned_ff,2,101,1000,original,"{""count"":244299,""denominator"":245237,""fraction"":0.9961751285491178}","{""fraction_for_half_mass"":0.0005953424646362498,""gini"":0.9983616326773268,""minimum_count_for_half_mass"":146,""n"":245237,""positive_count"":821,""top_shares"":{""0.001"":0.6760658405907025,""0.01"":0.9999999999999997},""total"":1525.1078273558148,""zero_count"":244416}","{""fraction_for_half_mass"":0.0005912647765223029,""gini"":0.998326748603144,""minimum_count_for_half_mass"":145,""n"":245237,""positive_count"":938,""top_shares"":{""0.001"":0.6796567065863892,""0.01"":0.9999999999999999},""total"":1417.626219016049,""zero_count"":244299}","{""fraction_for_half_mass"":0.030554117037804248,""gini"":0.9110908330995428,""minimum_count_for_half_mass"":59,""n"":1931,""positive_count"":417,""top_shares"":{""0.01"":0.28519377848050925,""0.05"":0.6483010962344429,""0.1"":0.8685923082509318},""total"":11.162411173354714,""zero_count"":1514}","{""benchmark_pass_count"":1530,""n"":1931,""quantiles"":{""0.5"":0.0,""0.9"":0.016909089619281576,""0.99"":0.08093784873060701,""1.0"":0.432544422428779},""strict_exceedances"":{""0.01"":255,""0.1"":11}}"
029ecd260f3e085063714d3f,counterfact,R1_learned_ff,2,102,1000,capoff,"{""count"":244299,""denominator"":245237,""fraction"":0.9961751285491178}","{""fraction_for_half_mass"":0.0005953424646362498,""gini"":0.9983616326773268,""minimum_count_for_half_mass"":146,""n"":245237,""positive_count"":821,""top_shares"":{""0.001"":0.6760658405907025,""0.01"":0.9999999999999997},""total"":1525.1078273558148,""zero_count"":244416}","{""fraction_for_half_mass"":0.0005912647765223029,""gini"":0.998326748603144,""minimum_count_for_half_mass"":145,""n"":245237,""positive_count"":938,""top_shares"":{""0.001"":0.6796567065863892,""0.01"":0.9999999999999999},""total"":1417.626219016049,""zero_count"":244299}","{""fraction_for_half_mass"":0.030554117037804248,""gini"":0.9110908330995428,""minimum_count_for_half_mass"":59,""n"":1931,""positive_count"":417,""top_shares"":{""0.01"":0.28519377848050925,""0.05"":0.6483010962344429,""0.1"":0.8685923082509318},""total"":11.162411173354714,""zero_count"":1514}","{""benchmark_pass_count"":1530,""n"":1931,""quantiles"":{""0.5"":0.0,""0.9"":0.016909089619281576,""0.99"":0.08093784873060701,""1.0"":0.432544422428779},""strict_exceedances"":{""0.01"":255,""0.1"":11}}"
029ecd260f3e085063714d3f,counterfact,R1_learned_ff,2,102,1000,original,"{""count"":244299,""denominator"":245237,""fraction"":0.9961751285491178}","{""fraction_for_half_mass"":0.0005953424646362498,""gini"":0.9983616326773268,""minimum_count_for_half_mass"":146,""n"":245237,""positive_count"":821,""top_shares"":{""0.001"":0.6760658405907025,""0.01"":0.9999999999999997},""total"":1525.1078273558148,""zero_count"":244416}","{""fraction_for_half_mass"":0.0005912647765223029,""gini"":0.998326748603144,""minimum_count_for_half_mass"":145,""n"":245237,""positive_count"":938,""top_shares"":{""0.001"":0.6796567065863892,""0.01"":0.9999999999999999},""total"":1417.626219016049,""zero_count"":244299}","{""fraction_for_half_mass"":0.030554117037804248,""gini"":0.9110908330995428,""minimum_count_for_half_mass"":59,""n"":1931,""positive_count"":417,""top_shares"":{""0.01"":0.28519377848050925,""0.05"":0.6483010962344429,""0.1"":0.8685923082509318},""total"":11.162411173354714,""zero_count"":1514}","{""benchmark_pass_count"":1530,""n"":1931,""quantiles"":{""0.5"":0.0,""0.9"":0.016909089619281576,""0.99"":0.08093784873060701,""1.0"":0.432544422428779},""strict_exceedances"":{""0.01"":255,""0.1"":11}}"
7197775fb7f97a465fd3310e,counterfact,R1_learned_ff,2,103,1000,capoff,"{""count"":244299,""denominator"":245237,""fraction"":0.9961751285491178}","{""fraction_for_half_mass"":0.0005953424646362498,""gini"":0.9983616326773268,""minimum_count_for_half_mass"":146,""n"":245237,""positive_count"":821,""top_shares"":{""0.001"":0.6760658405907025,""0.01"":0.9999999999999997},""total"":1525.1078273558148,""zero_count"":244416}","{""fraction_for_half_mass"":0.0005912647765223029,""gini"":0.998326748603144,""minimum_count_for_half_mass"":145,""n"":245237,""positive_count"":938,""top_shares"":{""0.001"":0.6796567065863892,""0.01"":0.9999999999999999},""total"":1417.626219016049,""zero_count"":244299}","{""fraction_for_half_mass"":0.030554117037804248,""gini"":0.9110908330995428,""minimum_count_for_half_mass"":59,""n"":1931,""positive_count"":417,""top_shares"":{""0.01"":0.28519377848050925,""0.05"":0.6483010962344429,""0.1"":0.8685923082509318},""total"":11.162411173354714,""zero_count"":1514}","{""benchmark_pass_count"":1530,""n"":1931,""quantiles"":{""0.5"":0.0,""0.9"":0.016909089619281576,""0.99"":0.08093784873060701,""1.0"":0.432544422428779},""strict_exceedances"":{""0.01"":255,""0.1"":11}}"
7197775fb7f97a465fd3310e,counterfact,R1_learned_ff,2,103,1000,original,"{""count"":244299,""denominator"":245237,""fraction"":0.9961751285491178}","{""fraction_for_half_mass"":0.0005953424646362498,""gini"":0.9983616326773268,""minimum_count_for_half_mass"":146,""n"":245237,""positive_count"":821,""top_shares"":{""0.001"":0.6760658405907025,""0.01"":0.9999999999999997},""total"":1525.1078273558148,""zero_count"":244416}","{""fraction_for_half_mass"":0.0005912647765223029,""gini"":0.998326748603144,""minimum_count_for_half_mass"":145,""n"":245237,""positive_count"":938,""top_shares"":{""0.001"":0.6796567065863892,""0.01"":0.9999999999999999},""total"":1417.626219016049,""zero_count"":244299}","{""fraction_for_half_mass"":0.030554117037804248,""gini"":0.9110908330995428,""minimum_count_for_half_mass"":59,""n"":1931,""positive_count"":417,""top_shares"":{""0.01"":0.28519377848050925,""0.05"":0.6483010962344429,""0.1"":0.8685923082509318},""total"":11.162411173354714,""zero_count"":1514}","{""benchmark_pass_count"":1530,""n"":1931,""quantiles"":{""0.5"":0.0,""0.9"":0.016909089619281576,""0.99"":0.08093784873060701,""1.0"":0.432544422428779},""strict_exceedances"":{""0.01"":255,""0.1"":11}}"
6de7e97b6cb167d048dc31ba,counterfact,R1_learned_ff,2,104,1000,capoff,"{""count"":244299,""denominator"":245237,""fraction"":0.9961751285491178}","{""fraction_for_half_mass"":0.0005953424646362498,""gini"":0.9983616326773268,""minimum_count_for_half_mass"":146,""n"":245237,""positive_count"":821,""top_shares"":{""0.001"":0.6760658405907025,""0.01"":0.9999999999999997},""total"":1525.1078273558148,""zero_count"":244416}","{""fraction_for_half_mass"":0.0005912647765223029,""gini"":0.998326748603144,""minimum_count_for_half_mass"":145,""n"":245237,""positive_count"":938,""top_shares"":{""0.001"":0.6796567065863892,""0.01"":0.9999999999999999},""total"":1417.626219016049,""zero_count"":244299}","{""fraction_for_half_mass"":0.030554117037804248,""gini"":0.9110908330995428,""minimum_count_for_half_mass"":59,""n"":1931,""positive_count"":417,""top_shares"":{""0.01"":0.28519377848050925,""0.05"":0.6483010962344429,""0.1"":0.8685923082509318},""total"":11.162411173354714,""zero_count"":1514}","{""benchmark_pass_count"":1530,""n"":1931,""quantiles"":{""0.5"":0.0,""0.9"":0.016909089619281576,""0.99"":0.08093784873060701,""1.0"":0.432544422428779},""strict_exceedances"":{""0.01"":255,""0.1"":11}}"
6de7e97b6cb167d048dc31ba,counterfact,R1_learned_ff,2,104,1000,original,"{""count"":244299,""denominator"":245237,""fraction"":0.9961751285491178}","{""fraction_for_half_mass"":0.0005953424646362498,""gini"":0.9983616326773268,""minimum_count_for_half_mass"":146,""n"":245237,""positive_count"":821,""top_shares"":{""0.001"":0.6760658405907025,""0.01"":0.9999999999999997},""total"":1525.1078273558148,""zero_count"":244416}","{""fraction_for_half_mass"":0.0005912647765223029,""gini"":0.998326748603144,""minimum_count_for_half_mass"":145,""n"":245237,""positive_count"":938,""top_shares"":{""0.001"":0.6796567065863892,""0.01"":0.9999999999999999},""total"":1417.626219016049,""zero_count"":244299}","{""fraction_for_half_mass"":0.030554117037804248,""gini"":0.9110908330995428,""minimum_count_for_half_mass"":59,""n"":1931,""positive_count"":417,""top_shares"":{""0.01"":0.28519377848050925,""0.05"":0.6483010962344429,""0.1"":0.8685923082509318},""total"":11.162411173354714,""zero_count"":1514}","{""benchmark_pass_count"":1530,""n"":1931,""quantiles"":{""0.5"":0.0,""0.9"":0.016909089619281576,""0.99"":0.08093784873060701,""1.0"":0.432544422428779},""strict_exceedances"":{""0.01"":255,""0.1"":11}}"
fcd702d12d5d6bfae824379b,mquake,R1_learned_ff,2,100,300,capoff,"{""count"":244605,""denominator"":245237,""fraction"":0.9974229011119855}","{""fraction_for_half_mass"":0.0004648564449899485,""gini"":0.9987813446487338,""minimum_count_for_half_mass"":114,""n"":245237,""positive_count"":567,""top_shares"":{""0.001"":0.7792503942529101,""0.01"":1.0},""total"":1031.696472505335,""zero_count"":244670}","{""fraction_for_half_mass"":0.00045670106876205465,""gini"":0.9987820059872778,""minimum_count_for_half_mass"":112,""n"":245237,""positive_count"":632,""top_shares"":{""0.001"":0.7844677596327796,""0.01"":1.0},""total"":1003.5098999742838,""zero_count"":244605}","{""fraction_for_half_mass"":0.021232522009321596,""gini"":0.941328437531195,""minimum_count_for_half_mass"":41,""n"":1931,""positive_count"":257,""top_shares"":{""0.01"":0.31409047086487113,""0.05"":0.7910276108506906,""0.1"":0.9755836089753582},""total"":7.901652755703021,""zero_count"":1674}","{""benchmark_pass_count"":1680,""n"":1931,""quantiles"":{""0.5"":0.0,""0.9"":0.0055764203555257255,""0.99"":0.08388519431552582,""1.0"":0.22038467467057224},""strict_exceedances"":{""0.01"":166,""0.1"":15}}"
fcd702d12d5d6bfae824379b,mquake,R1_learned_ff,2,100,300,original,"{""count"":244605,""denominator"":245237,""fraction"":0.9974229011119855}","{""fraction_for_half_mass"":0.0004648564449899485,""gini"":0.9987813446487338,""minimum_count_for_half_mass"":114,""n"":245237,""positive_count"":567,""top_shares"":{""0.001"":0.7792503942529101,""0.01"":1.0},""total"":1031.696472505335,""zero_count"":244670}","{""fraction_for_half_mass"":0.00045670106876205465,""gini"":0.9987820059872778,""minimum_count_for_half_mass"":112,""n"":245237,""positive_count"":632,""top_shares"":{""0.001"":0.7844677596327796,""0.01"":1.0},""total"":1003.5098999742838,""zero_count"":244605}","{""fraction_for_half_mass"":0.021232522009321596,""gini"":0.941328437531195,""minimum_count_for_half_mass"":41,""n"":1931,""positive_count"":257,""top_shares"":{""0.01"":0.31409047086487113,""0.05"":0.7910276108506906,""0.1"":0.9755836089753582},""total"":7.901652755703021,""zero_count"":1674}","{""benchmark_pass_count"":1680,""n"":1931,""quantiles"":{""0.5"":0.0,""0.9"":0.0055764203555257255,""0.99"":0.08388519431552582,""1.0"":0.22038467467057224},""strict_exceedances"":{""0.01"":166,""0.1"":15}}"
9a1d038b95f534b43185c7fc,mquake,R1_learned_ff,2,101,300,capoff,"{""count"":244605,""denominator"":245237,""fraction"":0.9974229011119855}","{""fraction_for_half_mass"":0.0004648564449899485,""gini"":0.9987813446487338,""minimum_count_for_half_mass"":114,""n"":245237,""positive_count"":567,""top_shares"":{""0.001"":0.7792503942529101,""0.01"":1.0},""total"":1031.696472505335,""zero_count"":244670}","{""fraction_for_half_mass"":0.00045670106876205465,""gini"":0.9987820059872778,""minimum_count_for_half_mass"":112,""n"":245237,""positive_count"":632,""top_shares"":{""0.001"":0.7844677596327796,""0.01"":1.0},""total"":1003.5098999742838,""zero_count"":244605}","{""fraction_for_half_mass"":0.021232522009321596,""gini"":0.941328437531195,""minimum_count_for_half_mass"":41,""n"":1931,""positive_count"":257,""top_shares"":{""0.01"":0.31409047086487113,""0.05"":0.7910276108506906,""0.1"":0.9755836089753582},""total"":7.901652755703021,""zero_count"":1674}","{""benchmark_pass_count"":1680,""n"":1931,""quantiles"":{""0.5"":0.0,""0.9"":0.0055764203555257255,""0.99"":0.08388519431552582,""1.0"":0.22038467467057224},""strict_exceedances"":{""0.01"":166,""0.1"":15}}"
9a1d038b95f534b43185c7fc,mquake,R1_learned_ff,2,101,300,original,"{""count"":244605,""denominator"":245237,""fraction"":0.9974229011119855}","{""fraction_for_half_mass"":0.0004648564449899485,""gini"":0.9987813446487338,""minimum_count_for_half_mass"":114,""n"":245237,""positive_count"":567,""top_shares"":{""0.001"":0.7792503942529101,""0.01"":1.0},""total"":1031.696472505335,""zero_count"":244670}","{""fraction_for_half_mass"":0.00045670106876205465,""gini"":0.9987820059872778,""minimum_count_for_half_mass"":112,""n"":245237,""positive_count"":632,""top_shares"":{""0.001"":0.7844677596327796,""0.01"":1.0},""total"":1003.5098999742838,""zero_count"":244605}","{""fraction_for_half_mass"":0.021232522009321596,""gini"":0.941328437531195,""minimum_count_for_half_mass"":41,""n"":1931,""positive_count"":257,""top_shares"":{""0.01"":0.31409047086487113,""0.05"":0.7910276108506906,""0.1"":0.9755836089753582},""total"":7.901652755703021,""zero_count"":1674}","{""benchmark_pass_count"":1680,""n"":1931,""quantiles"":{""0.5"":0.0,""0.9"":0.0055764203555257255,""0.99"":0.08388519431552582,""1.0"":0.22038467467057224},""strict_exceedances"":{""0.01"":166,""0.1"":15}}"
dfc9c9b480e482911c457e07,mquake,R1_learned_ff,2,102,300,capoff,"{""count"":244605,""denominator"":245237,""fraction"":0.9974229011119855}","{""fraction_for_half_mass"":0.0004648564449899485,""gini"":0.9987813446487338,""minimum_count_for_half_mass"":114,""n"":245237,""positive_count"":567,""top_shares"":{""0.001"":0.7792503942529101,""0.01"":1.0},""total"":1031.696472505335,""zero_count"":244670}","{""fraction_for_half_mass"":0.00045670106876205465,""gini"":0.9987820059872778,""minimum_count_for_half_mass"":112,""n"":245237,""positive_count"":632,""top_shares"":{""0.001"":0.7844677596327796,""0.01"":1.0},""total"":1003.5098999742838,""zero_count"":244605}","{""fraction_for_half_mass"":0.021232522009321596,""gini"":0.941328437531195,""minimum_count_for_half_mass"":41,""n"":1931,""positive_count"":257,""top_shares"":{""0.01"":0.31409047086487113,""0.05"":0.7910276108506906,""0.1"":0.9755836089753582},""total"":7.901652755703021,""zero_count"":1674}","{""benchmark_pass_count"":1680,""n"":1931,""quantiles"":{""0.5"":0.0,""0.9"":0.0055764203555257255,""0.99"":0.08388519431552582,""1.0"":0.22038467467057224},""strict_exceedances"":{""0.01"":166,""0.1"":15}}"
dfc9c9b480e482911c457e07,mquake,R1_learned_ff,2,102,300,original,"{""count"":244605,""denominator"":245237,""fraction"":0.9974229011119855}","{""fraction_for_half_mass"":0.0004648564449899485,""gini"":0.9987813446487338,""minimum_count_for_half_mass"":114,""n"":245237,""positive_count"":567,""top_shares"":{""0.001"":0.7792503942529101,""0.01"":1.0},""total"":1031.696472505335,""zero_count"":244670}","{""fraction_for_half_mass"":0.00045670106876205465,""gini"":0.9987820059872778,""minimum_count_for_half_mass"":112,""n"":245237,""positive_count"":632,""top_shares"":{""0.001"":0.7844677596327796,""0.01"":1.0},""total"":1003.5098999742838,""zero_count"":244605}","{""fraction_for_half_mass"":0.021232522009321596,""gini"":0.941328437531195,""minimum_count_for_half_mass"":41,""n"":1931,""positive_count"":257,""top_shares"":{""0.01"":0.31409047086487113,""0.05"":0.7910276108506906,""0.1"":0.9755836089753582},""total"":7.901652755703021,""zero_count"":1674}","{""benchmark_pass_count"":1680,""n"":1931,""quantiles"":{""0.5"":0.0,""0.9"":0.0055764203555257255,""0.99"":0.08388519431552582,""1.0"":0.22038467467057224},""strict_exceedances"":{""0.01"":166,""0.1"":15}}"
34fce88c919bcae6410e4d94,mquake,R1_learned_ff,2,103,300,capoff,"{""count"":244605,""denominator"":245237,""fraction"":0.9974229011119855}","{""fraction_for_half_mass"":0.0004648564449899485,""gini"":0.9987813446487338,""minimum_count_for_half_mass"":114,""n"":245237,""positive_count"":567,""top_shares"":{""0.001"":0.7792503942529101,""0.01"":1.0},""total"":1031.696472505335,""zero_count"":244670}","{""fraction_for_half_mass"":0.00045670106876205465,""gini"":0.9987820059872778,""minimum_count_for_half_mass"":112,""n"":245237,""positive_count"":632,""top_shares"":{""0.001"":0.7844677596327796,""0.01"":1.0},""total"":1003.5098999742838,""zero_count"":244605}","{""fraction_for_half_mass"":0.021232522009321596,""gini"":0.941328437531195,""minimum_count_for_half_mass"":41,""n"":1931,""positive_count"":257,""top_shares"":{""0.01"":0.31409047086487113,""0.05"":0.7910276108506906,""0.1"":0.9755836089753582},""total"":7.901652755703021,""zero_count"":1674}","{""benchmark_pass_count"":1680,""n"":1931,""quantiles"":{""0.5"":0.0,""0.9"":0.0055764203555257255,""0.99"":0.08388519431552582,""1.0"":0.22038467467057224},""strict_exceedances"":{""0.01"":166,""0.1"":15}}"
34fce88c919bcae6410e4d94,mquake,R1_learned_ff,2,103,300,original,"{""count"":244605,""denominator"":245237,""fraction"":0.9974229011119855}","{""fraction_for_half_mass"":0.0004648564449899485,""gini"":0.9987813446487338,""minimum_count_for_half_mass"":114,""n"":245237,""positive_count"":567,""top_shares"":{""0.001"":0.7792503942529101,""0.01"":1.0},""total"":1031.696472505335,""zero_count"":244670}","{""fraction_for_half_mass"":0.00045670106876205465,""gini"":0.9987820059872778,""minimum_count_for_half_mass"":112,""n"":245237,""positive_count"":632,""top_shares"":{""0.001"":0.7844677596327796,""0.01"":1.0},""total"":1003.5098999742838,""zero_count"":244605}","{""fraction_for_half_mass"":0.021232522009321596,""gini"":0.941328437531195,""minimum_count_for_half_mass"":41,""n"":1931,""positive_count"":257,""top_shares"":{""0.01"":0.31409047086487113,""0.05"":0.7910276108506906,""0.1"":0.9755836089753582},""total"":7.901652755703021,""zero_count"":1674}","{""benchmark_pass_count"":1680,""n"":1931,""quantiles"":{""0.5"":0.0,""0.9"":0.0055764203555257255,""0.99"":0.08388519431552582,""1.0"":0.22038467467057224},""strict_exceedances"":{""0.01"":166,""0.1"":15}}"
7a39ae192fb0b1038c651f64,mquake,R1_learned_ff,2,104,300,capoff,"{""count"":244605,""denominator"":245237,""fraction"":0.9974229011119855}","{""fraction_for_half_mass"":0.0004648564449899485,""gini"":0.9987813446487338,""minimum_count_for_half_mass"":114,""n"":245237,""positive_count"":567,""top_shares"":{""0.001"":0.7792503942529101,""0.01"":1.0},""total"":1031.696472505335,""zero_count"":244670}","{""fraction_for_half_mass"":0.00045670106876205465,""gini"":0.9987820059872778,""minimum_count_for_half_mass"":112,""n"":245237,""positive_count"":632,""top_shares"":{""0.001"":0.7844677596327796,""0.01"":1.0},""total"":1003.5098999742838,""zero_count"":244605}","{""fraction_for_half_mass"":0.021232522009321596,""gini"":0.941328437531195,""minimum_count_for_half_mass"":41,""n"":1931,""positive_count"":257,""top_shares"":{""0.01"":0.31409047086487113,""0.05"":0.7910276108506906,""0.1"":0.9755836089753582},""total"":7.901652755703021,""zero_count"":1674}","{""benchmark_pass_count"":1680,""n"":1931,""quantiles"":{""0.5"":0.0,""0.9"":0.0055764203555257255,""0.99"":0.08388519431552582,""1.0"":0.22038467467057224},""strict_exceedances"":{""0.01"":166,""0.1"":15}}"
7a39ae192fb0b1038c651f64,mquake,R1_learned_ff,2,104,300,original,"{""count"":244605,""denominator"":245237,""fraction"":0.9974229011119855}","{""fraction_for_half_mass"":0.0004648564449899485,""gini"":0.9987813446487338,""minimum_count_for_half_mass"":114,""n"":245237,""positive_count"":567,""top_shares"":{""0.001"":0.7792503942529101,""0.01"":1.0},""total"":1031.696472505335,""zero_count"":244670}","{""fraction_for_half_mass"":0.00045670106876205465,""gini"":0.9987820059872778,""minimum_count_for_half_mass"":112,""n"":245237,""positive_count"":632,""top_shares"":{""0.001"":0.7844677596327796,""0.01"":1.0},""total"":1003.5098999742838,""zero_count"":244605}","{""fraction_for_half_mass"":0.021232522009321596,""gini"":0.941328437531195,""minimum_count_for_half_mass"":41,""n"":1931,""positive_count"":257,""top_shares"":{""0.01"":0.31409047086487113,""0.05"":0.7910276108506906,""0.1"":0.9755836089753582},""total"":7.901652755703021,""zero_count"":1674}","{""benchmark_pass_count"":1680,""n"":1931,""quantiles"":{""0.5"":0.0,""0.9"":0.0055764203555257255,""0.99"":0.08388519431552582,""1.0"":0.22038467467057224},""strict_exceedances"":{""0.01"":166,""0.1"":15}}"
13465e8d0dc3824fced8e891,zsre,R1_nonlearned,2,100,1000,capoff,"{""count"":245188,""denominator"":245237,""fraction"":0.9998001932824166}","{""fraction_for_half_mass"":5.3009945481309916e-05,""gini"":0.9998772170927371,""minimum_count_for_half_mass"":13,""n"":245237,""positive_count"":46,""top_shares"":{""0.001"":1.0,""0.01"":1.0},""total"":93.98469757410447,""zero_count"":245191}","{""fraction_for_half_mass"":5.3009945481309916e-05,""gini"":0.9998760942731613,""minimum_count_for_half_mass"":13,""n"":245237,""positive_count"":49,""top_shares"":{""0.001"":1.0000000000000002,""0.01"":1.0000000000000002},""total"":94.82634426067045,""zero_count"":245188}","{""fraction_for_half_mass"":0.006214396685655101,""gini"":0.985852585918897,""minimum_count_for_half_mass"":12,""n"":1931,""positive_count"":46,""top_shares"":{""0.01"":0.716947419575575,""0.05"":1.0000000000000002,""0.1"":1.0000000000000002},""total"":0.7466641280367754,""zero_count"":1885}","{""benchmark_pass_count"":1887,""n"":1931,""quantiles"":{""0.5"":0.0,""0.9"":0.0,""0.99"":0.016947756087832323,""1.0"":0.04462528877287112},""strict_exceedances"":{""0.01"":27,""0.1"":0}}"
13465e8d0dc3824fced8e891,zsre,R1_nonlearned,2,100,1000,original,"{""count"":245188,""denominator"":245237,""fraction"":0.9998001932824166}","{""fraction_for_half_mass"":5.3009945481309916e-05,""gini"":0.9998772170927371,""minimum_count_for_half_mass"":13,""n"":245237,""positive_count"":46,""top_shares"":{""0.001"":1.0,""0.01"":1.0},""total"":93.98469757410447,""zero_count"":245191}","{""fraction_for_half_mass"":5.3009945481309916e-05,""gini"":0.9998760942731613,""minimum_count_for_half_mass"":13,""n"":245237,""positive_count"":49,""top_shares"":{""0.001"":1.0000000000000002,""0.01"":1.0000000000000002},""total"":94.82634426067045,""zero_count"":245188}","{""fraction_for_half_mass"":0.006214396685655101,""gini"":0.985852585918897,""minimum_count_for_half_mass"":12,""n"":1931,""positive_count"":46,""top_shares"":{""0.01"":0.716947419575575,""0.05"":1.0000000000000002,""0.1"":1.0000000000000002},""total"":0.7466641280367754,""zero_count"":1885}","{""benchmark_pass_count"":1887,""n"":1931,""quantiles"":{""0.5"":0.0,""0.9"":0.0,""0.99"":0.016947756087832323,""1.0"":0.04462528877287112},""strict_exceedances"":{""0.01"":27,""0.1"":0}}"
24840672cf1682dd450fdcd2,zsre,R1_nonlearned,2,101,1000,capoff,"{""count"":245188,""denominator"":245237,""fraction"":0.9998001932824166}","{""fraction_for_half_mass"":5.3009945481309916e-05,""gini"":0.9998772170927371,""minimum_count_for_half_mass"":13,""n"":245237,""positive_count"":46,""top_shares"":{""0.001"":1.0,""0.01"":1.0},""total"":93.98469757410447,""zero_count"":245191}","{""fraction_for_half_mass"":5.3009945481309916e-05,""gini"":0.9998760942731613,""minimum_count_for_half_mass"":13,""n"":245237,""positive_count"":49,""top_shares"":{""0.001"":1.0000000000000002,""0.01"":1.0000000000000002},""total"":94.82634426067045,""zero_count"":245188}","{""fraction_for_half_mass"":0.006214396685655101,""gini"":0.985852585918897,""minimum_count_for_half_mass"":12,""n"":1931,""positive_count"":46,""top_shares"":{""0.01"":0.716947419575575,""0.05"":1.0000000000000002,""0.1"":1.0000000000000002},""total"":0.7466641280367754,""zero_count"":1885}","{""benchmark_pass_count"":1887,""n"":1931,""quantiles"":{""0.5"":0.0,""0.9"":0.0,""0.99"":0.016947756087832323,""1.0"":0.04462528877287112},""strict_exceedances"":{""0.01"":27,""0.1"":0}}"
24840672cf1682dd450fdcd2,zsre,R1_nonlearned,2,101,1000,original,"{""count"":245188,""denominator"":245237,""fraction"":0.9998001932824166}","{""fraction_for_half_mass"":5.3009945481309916e-05,""gini"":0.9998772170927371,""minimum_count_for_half_mass"":13,""n"":245237,""positive_count"":46,""top_shares"":{""0.001"":1.0,""0.01"":1.0},""total"":93.98469757410447,""zero_count"":245191}","{""fraction_for_half_mass"":5.3009945481309916e-05,""gini"":0.9998760942731613,""minimum_count_for_half_mass"":13,""n"":245237,""positive_count"":49,""top_shares"":{""0.001"":1.0000000000000002,""0.01"":1.0000000000000002},""total"":94.82634426067045,""zero_count"":245188}","{""fraction_for_half_mass"":0.006214396685655101,""gini"":0.985852585918897,""minimum_count_for_half_mass"":12,""n"":1931,""positive_count"":46,""top_shares"":{""0.01"":0.716947419575575,""0.05"":1.0000000000000002,""0.1"":1.0000000000000002},""total"":0.7466641280367754,""zero_count"":1885}","{""benchmark_pass_count"":1887,""n"":1931,""quantiles"":{""0.5"":0.0,""0.9"":0.0,""0.99"":0.016947756087832323,""1.0"":0.04462528877287112},""strict_exceedances"":{""0.01"":27,""0.1"":0}}"
12a6e3e550a7939c6d79349d,zsre,R1_nonlearned,2,102,1000,capoff,"{""count"":245188,""denominator"":245237,""fraction"":0.9998001932824166}","{""fraction_for_half_mass"":5.3009945481309916e-05,""gini"":0.9998772170927371,""minimum_count_for_half_mass"":13,""n"":245237,""positive_count"":46,""top_shares"":{""0.001"":1.0,""0.01"":1.0},""total"":93.98469757410447,""zero_count"":245191}","{""fraction_for_half_mass"":5.3009945481309916e-05,""gini"":0.9998760942731613,""minimum_count_for_half_mass"":13,""n"":245237,""positive_count"":49,""top_shares"":{""0.001"":1.0000000000000002,""0.01"":1.0000000000000002},""total"":94.82634426067045,""zero_count"":245188}","{""fraction_for_half_mass"":0.006214396685655101,""gini"":0.985852585918897,""minimum_count_for_half_mass"":12,""n"":1931,""positive_count"":46,""top_shares"":{""0.01"":0.716947419575575,""0.05"":1.0000000000000002,""0.1"":1.0000000000000002},""total"":0.7466641280367754,""zero_count"":1885}","{""benchmark_pass_count"":1887,""n"":1931,""quantiles"":{""0.5"":0.0,""0.9"":0.0,""0.99"":0.016947756087832323,""1.0"":0.04462528877287112},""strict_exceedances"":{""0.01"":27,""0.1"":0}}"
12a6e3e550a7939c6d79349d,zsre,R1_nonlearned,2,102,1000,original,"{""count"":245188,""denominator"":245237,""fraction"":0.9998001932824166}","{""fraction_for_half_mass"":5.3009945481309916e-05,""gini"":0.9998772170927371,""minimum_count_for_half_mass"":13,""n"":245237,""positive_count"":46,""top_shares"":{""0.001"":1.0,""0.01"":1.0},""total"":93.98469757410447,""zero_count"":245191}","{""fraction_for_half_mass"":5.3009945481309916e-05,""gini"":0.9998760942731613,""minimum_count_for_half_mass"":13,""n"":245237,""positive_count"":49,""top_shares"":{""0.001"":1.0000000000000002,""0.01"":1.0000000000000002},""total"":94.82634426067045,""zero_count"":245188}","{""fraction_for_half_mass"":0.006214396685655101,""gini"":0.985852585918897,""minimum_count_for_half_mass"":12,""n"":1931,""positive_count"":46,""top_shares"":{""0.01"":0.716947419575575,""0.05"":1.0000000000000002,""0.1"":1.0000000000000002},""total"":0.7466641280367754,""zero_count"":1885}","{""benchmark_pass_count"":1887,""n"":1931,""quantiles"":{""0.5"":0.0,""0.9"":0.0,""0.99"":0.016947756087832323,""1.0"":0.04462528877287112},""strict_exceedances"":{""0.01"":27,""0.1"":0}}"
fa5b51891eb78dc707e6471f,zsre,R1_nonlearned,2,103,1000,capoff,"{""count"":245188,""denominator"":245237,""fraction"":0.9998001932824166}","{""fraction_for_half_mass"":5.3009945481309916e-05,""gini"":0.9998772170927371,""minimum_count_for_half_mass"":13,""n"":245237,""positive_count"":46,""top_shares"":{""0.001"":1.0,""0.01"":1.0},""total"":93.98469757410447,""zero_count"":245191}","{""fraction_for_half_mass"":5.3009945481309916e-05,""gini"":0.9998760942731613,""minimum_count_for_half_mass"":13,""n"":245237,""positive_count"":49,""top_shares"":{""0.001"":1.0000000000000002,""0.01"":1.0000000000000002},""total"":94.82634426067045,""zero_count"":245188}","{""fraction_for_half_mass"":0.006214396685655101,""gini"":0.985852585918897,""minimum_count_for_half_mass"":12,""n"":1931,""positive_count"":46,""top_shares"":{""0.01"":0.716947419575575,""0.05"":1.0000000000000002,""0.1"":1.0000000000000002},""total"":0.7466641280367754,""zero_count"":1885}","{""benchmark_pass_count"":1887,""n"":1931,""quantiles"":{""0.5"":0.0,""0.9"":0.0,""0.99"":0.016947756087832323,""1.0"":0.04462528877287112},""strict_exceedances"":{""0.01"":27,""0.1"":0}}"
fa5b51891eb78dc707e6471f,zsre,R1_nonlearned,2,103,1000,original,"{""count"":245188,""denominator"":245237,""fraction"":0.9998001932824166}","{""fraction_for_half_mass"":5.3009945481309916e-05,""gini"":0.9998772170927371,""minimum_count_for_half_mass"":13,""n"":245237,""positive_count"":46,""top_shares"":{""0.001"":1.0,""0.01"":1.0},""total"":93.98469757410447,""zero_count"":245191}","{""fraction_for_half_mass"":5.3009945481309916e-05,""gini"":0.9998760942731613,""minimum_count_for_half_mass"":13,""n"":245237,""positive_count"":49,""top_shares"":{""0.001"":1.0000000000000002,""0.01"":1.0000000000000002},""total"":94.82634426067045,""zero_count"":245188}","{""fraction_for_half_mass"":0.006214396685655101,""gini"":0.985852585918897,""minimum_count_for_half_mass"":12,""n"":1931,""positive_count"":46,""top_shares"":{""0.01"":0.716947419575575,""0.05"":1.0000000000000002,""0.1"":1.0000000000000002},""total"":0.7466641280367754,""zero_count"":1885}","{""benchmark_pass_count"":1887,""n"":1931,""quantiles"":{""0.5"":0.0,""0.9"":0.0,""0.99"":0.016947756087832323,""1.0"":0.04462528877287112},""strict_exceedances"":{""0.01"":27,""0.1"":0}}"
861810fbdd6ebe7502383382,zsre,R1_nonlearned,2,104,1000,capoff,"{""count"":245188,""denominator"":245237,""fraction"":0.9998001932824166}","{""fraction_for_half_mass"":5.3009945481309916e-05,""gini"":0.9998772170927371,""minimum_count_for_half_mass"":13,""n"":245237,""positive_count"":46,""top_shares"":{""0.001"":1.0,""0.01"":1.0},""total"":93.98469757410447,""zero_count"":245191}","{""fraction_for_half_mass"":5.3009945481309916e-05,""gini"":0.9998760942731613,""minimum_count_for_half_mass"":13,""n"":245237,""positive_count"":49,""top_shares"":{""0.001"":1.0000000000000002,""0.01"":1.0000000000000002},""total"":94.82634426067045,""zero_count"":245188}","{""fraction_for_half_mass"":0.006214396685655101,""gini"":0.985852585918897,""minimum_count_for_half_mass"":12,""n"":1931,""positive_count"":46,""top_shares"":{""0.01"":0.716947419575575,""0.05"":1.0000000000000002,""0.1"":1.0000000000000002},""total"":0.7466641280367754,""zero_count"":1885}","{""benchmark_pass_count"":1887,""n"":1931,""quantiles"":{""0.5"":0.0,""0.9"":0.0,""0.99"":0.016947756087832323,""1.0"":0.04462528877287112},""strict_exceedances"":{""0.01"":27,""0.1"":0}}"
861810fbdd6ebe7502383382,zsre,R1_nonlearned,2,104,1000,original,"{""count"":245188,""denominator"":245237,""fraction"":0.9998001932824166}","{""fraction_for_half_mass"":5.3009945481309916e-05,""gini"":0.9998772170927371,""minimum_count_for_half_mass"":13,""n"":245237,""positive_count"":46,""top_shares"":{""0.001"":1.0,""0.01"":1.0},""total"":93.98469757410447,""zero_count"":245191}","{""fraction_for_half_mass"":5.3009945481309916e-05,""gini"":0.9998760942731613,""minimum_count_for_half_mass"":13,""n"":245237,""positive_count"":49,""top_shares"":{""0.001"":1.0000000000000002,""0.01"":1.0000000000000002},""total"":94.82634426067045,""zero_count"":245188}","{""fraction_for_half_mass"":0.006214396685655101,""gini"":0.985852585918897,""minimum_count_for_half_mass"":12,""n"":1931,""positive_count"":46,""top_shares"":{""0.01"":0.716947419575575,""0.05"":1.0000000000000002,""0.1"":1.0000000000000002},""total"":0.7466641280367754,""zero_count"":1885}","{""benchmark_pass_count"":1887,""n"":1931,""quantiles"":{""0.5"":0.0,""0.9"":0.0,""0.99"":0.016947756087832323,""1.0"":0.04462528877287112},""strict_exceedances"":{""0.01"":27,""0.1"":0}}"
6ed2474713b3a311b4ec6b08,counterfact,R1_nonlearned,2,100,1000,capoff,"{""count"":240034,""denominator"":245237,""fraction"":0.9787837887431342}","{""fraction_for_half_mass"":0.004685263642925007,""gini"":0.988406611503605,""minimum_count_for_half_mass"":1149,""n"":245237,""positive_count"":4884,""top_shares"":{""0.001"":0.14944890267860314,""0.01"":0.8015376793527242},""total"":15887.433959584814,""zero_count"":240353}","{""fraction_for_half_mass"":0.004868759608052618,""gini"":0.9879832507934948,""minimum_count_for_half_mass"":1194,""n"":245237,""positive_count"":5203,""top_shares"":{""0.001"":0.14352839624313005,""0.01"":0.789635882191895},""total"":15750.547756770804,""zero_count"":240034}","{""fraction_for_half_mass"":0.21853961677887104,""gini"":0.4626623870068909,""minimum_count_for_half_mass"":422,""n"":1931,""positive_count"":1734,""top_shares"":{""0.01"":0.0444279190427771,""0.05"":0.16783415504560711,""0.1"":0.2885511065887912},""total"":124.02006107693546,""zero_count"":197}","{""benchmark_pass_count"":199,""n"":1931,""quantiles"":{""0.5"":0.052505912420990425,""0.9"":0.13797382608479727,""0.99"":0.24315071376592318,""1.0"":0.393358795084571},""strict_exceedances"":{""0.01"":1602,""0.1"":406}}"
6ed2474713b3a311b4ec6b08,counterfact,R1_nonlearned,2,100,1000,original,"{""count"":240034,""denominator"":245237,""fraction"":0.9787837887431342}","{""fraction_for_half_mass"":0.004685263642925007,""gini"":0.988406611503605,""minimum_count_for_half_mass"":1149,""n"":245237,""positive_count"":4884,""top_shares"":{""0.001"":0.14944890267860314,""0.01"":0.8015376793527242},""total"":15887.433959584814,""zero_count"":240353}","{""fraction_for_half_mass"":0.004868759608052618,""gini"":0.9879832507934948,""minimum_count_for_half_mass"":1194,""n"":245237,""positive_count"":5203,""top_shares"":{""0.001"":0.14352839624313005,""0.01"":0.789635882191895},""total"":15750.547756770804,""zero_count"":240034}","{""fraction_for_half_mass"":0.21853961677887104,""gini"":0.4626623870068909,""minimum_count_for_half_mass"":422,""n"":1931,""positive_count"":1734,""top_shares"":{""0.01"":0.0444279190427771,""0.05"":0.16783415504560711,""0.1"":0.2885511065887912},""total"":124.02006107693546,""zero_count"":197}","{""benchmark_pass_count"":199,""n"":1931,""quantiles"":{""0.5"":0.052505912420990425,""0.9"":0.13797382608479727,""0.99"":0.24315071376592318,""1.0"":0.393358795084571},""strict_exceedances"":{""0.01"":1602,""0.1"":406}}"
f939f211b98675ac7c2d951f,counterfact,R1_nonlearned,2,101,1000,capoff,"{""count"":240034,""denominator"":245237,""fraction"":0.9787837887431342}","{""fraction_for_half_mass"":0.004685263642925007,""gini"":0.988406611503605,""minimum_count_for_half_mass"":1149,""n"":245237,""positive_count"":4884,""top_shares"":{""0.001"":0.14944890267860314,""0.01"":0.8015376793527242},""total"":15887.433959584814,""zero_count"":240353}","{""fraction_for_half_mass"":0.004868759608052618,""gini"":0.9879832507934948,""minimum_count_for_half_mass"":1194,""n"":245237,""positive_count"":5203,""top_shares"":{""0.001"":0.14352839624313005,""0.01"":0.789635882191895},""total"":15750.547756770804,""zero_count"":240034}","{""fraction_for_half_mass"":0.21853961677887104,""gini"":0.4626623870068909,""minimum_count_for_half_mass"":422,""n"":1931,""positive_count"":1734,""top_shares"":{""0.01"":0.0444279190427771,""0.05"":0.16783415504560711,""0.1"":0.2885511065887912},""total"":124.02006107693546,""zero_count"":197}","{""benchmark_pass_count"":199,""n"":1931,""quantiles"":{""0.5"":0.052505912420990425,""0.9"":0.13797382608479727,""0.99"":0.24315071376592318,""1.0"":0.393358795084571},""strict_exceedances"":{""0.01"":1602,""0.1"":406}}"
f939f211b98675ac7c2d951f,counterfact,R1_nonlearned,2,101,1000,original,"{""count"":240034,""denominator"":245237,""fraction"":0.9787837887431342}","{""fraction_for_half_mass"":0.004685263642925007,""gini"":0.988406611503605,""minimum_count_for_half_mass"":1149,""n"":245237,""positive_count"":4884,""top_shares"":{""0.001"":0.14944890267860314,""0.01"":0.8015376793527242},""total"":15887.433959584814,""zero_count"":240353}","{""fraction_for_half_mass"":0.004868759608052618,""gini"":0.9879832507934948,""minimum_count_for_half_mass"":1194,""n"":245237,""positive_count"":5203,""top_shares"":{""0.001"":0.14352839624313005,""0.01"":0.789635882191895},""total"":15750.547756770804,""zero_count"":240034}","{""fraction_for_half_mass"":0.21853961677887104,""gini"":0.4626623870068909,""minimum_count_for_half_mass"":422,""n"":1931,""positive_count"":1734,""top_shares"":{""0.01"":0.0444279190427771,""0.05"":0.16783415504560711,""0.1"":0.2885511065887912},""total"":124.02006107693546,""zero_count"":197}","{""benchmark_pass_count"":199,""n"":1931,""quantiles"":{""0.5"":0.052505912420990425,""0.9"":0.13797382608479727,""0.99"":0.24315071376592318,""1.0"":0.393358795084571},""strict_exceedances"":{""0.01"":1602,""0.1"":406}}"
19b5e9b462930c6f50f2e2f6,counterfact,R1_nonlearned,2,102,1000,capoff,"{""count"":240034,""denominator"":245237,""fraction"":0.9787837887431342}","{""fraction_for_half_mass"":0.004685263642925007,""gini"":0.988406611503605,""minimum_count_for_half_mass"":1149,""n"":245237,""positive_count"":4884,""top_shares"":{""0.001"":0.14944890267860314,""0.01"":0.8015376793527242},""total"":15887.433959584814,""zero_count"":240353}","{""fraction_for_half_mass"":0.004868759608052618,""gini"":0.9879832507934948,""minimum_count_for_half_mass"":1194,""n"":245237,""positive_count"":5203,""top_shares"":{""0.001"":0.14352839624313005,""0.01"":0.789635882191895},""total"":15750.547756770804,""zero_count"":240034}","{""fraction_for_half_mass"":0.21853961677887104,""gini"":0.4626623870068909,""minimum_count_for_half_mass"":422,""n"":1931,""positive_count"":1734,""top_shares"":{""0.01"":0.0444279190427771,""0.05"":0.16783415504560711,""0.1"":0.2885511065887912},""total"":124.02006107693546,""zero_count"":197}","{""benchmark_pass_count"":199,""n"":1931,""quantiles"":{""0.5"":0.052505912420990425,""0.9"":0.13797382608479727,""0.99"":0.24315071376592318,""1.0"":0.393358795084571},""strict_exceedances"":{""0.01"":1602,""0.1"":406}}"
19b5e9b462930c6f50f2e2f6,counterfact,R1_nonlearned,2,102,1000,original,"{""count"":240034,""denominator"":245237,""fraction"":0.9787837887431342}","{""fraction_for_half_mass"":0.004685263642925007,""gini"":0.988406611503605,""minimum_count_for_half_mass"":1149,""n"":245237,""positive_count"":4884,""top_shares"":{""0.001"":0.14944890267860314,""0.01"":0.8015376793527242},""total"":15887.433959584814,""zero_count"":240353}","{""fraction_for_half_mass"":0.004868759608052618,""gini"":0.9879832507934948,""minimum_count_for_half_mass"":1194,""n"":245237,""positive_count"":5203,""top_shares"":{""0.001"":0.14352839624313005,""0.01"":0.789635882191895},""total"":15750.547756770804,""zero_count"":240034}","{""fraction_for_half_mass"":0.21853961677887104,""gini"":0.4626623870068909,""minimum_count_for_half_mass"":422,""n"":1931,""positive_count"":1734,""top_shares"":{""0.01"":0.0444279190427771,""0.05"":0.16783415504560711,""0.1"":0.2885511065887912},""total"":124.02006107693546,""zero_count"":197}","{""benchmark_pass_count"":199,""n"":1931,""quantiles"":{""0.5"":0.052505912420990425,""0.9"":0.13797382608479727,""0.99"":0.24315071376592318,""1.0"":0.393358795084571},""strict_exceedances"":{""0.01"":1602,""0.1"":406}}"
b14576e3d752f467db2abf18,counterfact,R1_nonlearned,2,103,1000,capoff,"{""count"":240034,""denominator"":245237,""fraction"":0.9787837887431342}","{""fraction_for_half_mass"":0.004685263642925007,""gini"":0.988406611503605,""minimum_count_for_half_mass"":1149,""n"":245237,""positive_count"":4884,""top_shares"":{""0.001"":0.14944890267860314,""0.01"":0.8015376793527242},""total"":15887.433959584814,""zero_count"":240353}","{""fraction_for_half_mass"":0.004868759608052618,""gini"":0.9879832507934948,""minimum_count_for_half_mass"":1194,""n"":245237,""positive_count"":5203,""top_shares"":{""0.001"":0.14352839624313005,""0.01"":0.789635882191895},""total"":15750.547756770804,""zero_count"":240034}","{""fraction_for_half_mass"":0.21853961677887104,""gini"":0.4626623870068909,""minimum_count_for_half_mass"":422,""n"":1931,""positive_count"":1734,""top_shares"":{""0.01"":0.0444279190427771,""0.05"":0.16783415504560711,""0.1"":0.2885511065887912},""total"":124.02006107693546,""zero_count"":197}","{""benchmark_pass_count"":199,""n"":1931,""quantiles"":{""0.5"":0.052505912420990425,""0.9"":0.13797382608479727,""0.99"":0.24315071376592318,""1.0"":0.393358795084571},""strict_exceedances"":{""0.01"":1602,""0.1"":406}}"
b14576e3d752f467db2abf18,counterfact,R1_nonlearned,2,103,1000,original,"{""count"":240034,""denominator"":245237,""fraction"":0.9787837887431342}","{""fraction_for_half_mass"":0.004685263642925007,""gini"":0.988406611503605,""minimum_count_for_half_mass"":1149,""n"":245237,""positive_count"":4884,""top_shares"":{""0.001"":0.14944890267860314,""0.01"":0.8015376793527242},""total"":15887.433959584814,""zero_count"":240353}","{""fraction_for_half_mass"":0.004868759608052618,""gini"":0.9879832507934948,""minimum_count_for_half_mass"":1194,""n"":245237,""positive_count"":5203,""top_shares"":{""0.001"":0.14352839624313005,""0.01"":0.789635882191895},""total"":15750.547756770804,""zero_count"":240034}","{""fraction_for_half_mass"":0.21853961677887104,""gini"":0.4626623870068909,""minimum_count_for_half_mass"":422,""n"":1931,""positive_count"":1734,""top_shares"":{""0.01"":0.0444279190427771,""0.05"":0.16783415504560711,""0.1"":0.2885511065887912},""total"":124.02006107693546,""zero_count"":197}","{""benchmark_pass_count"":199,""n"":1931,""quantiles"":{""0.5"":0.052505912420990425,""0.9"":0.13797382608479727,""0.99"":0.24315071376592318,""1.0"":0.393358795084571},""strict_exceedances"":{""0.01"":1602,""0.1"":406}}"
da9f71bdb9a8981dac078e6c,counterfact,R1_nonlearned,2,104,1000,capoff,"{""count"":240034,""denominator"":245237,""fraction"":0.9787837887431342}","{""fraction_for_half_mass"":0.004685263642925007,""gini"":0.988406611503605,""minimum_count_for_half_mass"":1149,""n"":245237,""positive_count"":4884,""top_shares"":{""0.001"":0.14944890267860314,""0.01"":0.8015376793527242},""total"":15887.433959584814,""zero_count"":240353}","{""fraction_for_half_mass"":0.004868759608052618,""gini"":0.9879832507934948,""minimum_count_for_half_mass"":1194,""n"":245237,""positive_count"":5203,""top_shares"":{""0.001"":0.14352839624313005,""0.01"":0.789635882191895},""total"":15750.547756770804,""zero_count"":240034}","{""fraction_for_half_mass"":0.21853961677887104,""gini"":0.4626623870068909,""minimum_count_for_half_mass"":422,""n"":1931,""positive_count"":1734,""top_shares"":{""0.01"":0.0444279190427771,""0.05"":0.16783415504560711,""0.1"":0.2885511065887912},""total"":124.02006107693546,""zero_count"":197}","{""benchmark_pass_count"":199,""n"":1931,""quantiles"":{""0.5"":0.052505912420990425,""0.9"":0.13797382608479727,""0.99"":0.24315071376592318,""1.0"":0.393358795084571},""strict_exceedances"":{""0.01"":1602,""0.1"":406}}"
da9f71bdb9a8981dac078e6c,counterfact,R1_nonlearned,2,104,1000,original,"{""count"":240034,""denominator"":245237,""fraction"":0.9787837887431342}","{""fraction_for_half_mass"":0.004685263642925007,""gini"":0.988406611503605,""minimum_count_for_half_mass"":1149,""n"":245237,""positive_count"":4884,""top_shares"":{""0.001"":0.14944890267860314,""0.01"":0.8015376793527242},""total"":15887.433959584814,""zero_count"":240353}","{""fraction_for_half_mass"":0.004868759608052618,""gini"":0.9879832507934948,""minimum_count_for_half_mass"":1194,""n"":245237,""positive_count"":5203,""top_shares"":{""0.001"":0.14352839624313005,""0.01"":0.789635882191895},""total"":15750.547756770804,""zero_count"":240034}","{""fraction_for_half_mass"":0.21853961677887104,""gini"":0.4626623870068909,""minimum_count_for_half_mass"":422,""n"":1931,""positive_count"":1734,""top_shares"":{""0.01"":0.0444279190427771,""0.05"":0.16783415504560711,""0.1"":0.2885511065887912},""total"":124.02006107693546,""zero_count"":197}","{""benchmark_pass_count"":199,""n"":1931,""quantiles"":{""0.5"":0.052505912420990425,""0.9"":0.13797382608479727,""0.99"":0.24315071376592318,""1.0"":0.393358795084571},""strict_exceedances"":{""0.01"":1602,""0.1"":406}}"
9e98169ae668b50d60694317,mquake,R1_nonlearned,2,100,300,capoff,"{""count"":244183,""denominator"":245237,""fraction"":0.9957021167279}","{""fraction_for_half_mass"":0.00103165509282857,""gini"":0.9974889494410445,""minimum_count_for_half_mass"":253,""n"":245237,""positive_count"":1001,""top_shares"":{""0.001"":0.4891915079076584,""0.01"":1.0},""total"":3017.4915513536107,""zero_count"":244236}","{""fraction_for_half_mass"":0.0010561212215122514,""gini"":0.9974298171210915,""minimum_count_for_half_mass"":259,""n"":245237,""positive_count"":1054,""top_shares"":{""0.001"":0.4808862567959102,""0.01"":1.0},""total"":2999.08431748959,""zero_count"":244183}","{""fraction_for_half_mass"":0.09010875194199897,""gini"":0.7740175958074643,""minimum_count_for_half_mass"":174,""n"":1931,""positive_count"":754,""top_shares"":{""0.01"":0.09890842939913778,""0.05"":0.33637307471464506,""0.1"":0.5346455379384052},""total"":23.61483714558732,""zero_count"":1177}","{""benchmark_pass_count"":1184,""n"":1931,""quantiles"":{""0.5"":0.0,""0.9"":0.04120972174642342,""0.99"":0.10143050138226659,""1.0"":0.22264681366112551},""strict_exceedances"":{""0.01"":614,""0.1"":21}}"
9e98169ae668b50d60694317,mquake,R1_nonlearned,2,100,300,original,"{""count"":244183,""denominator"":245237,""fraction"":0.9957021167279}","{""fraction_for_half_mass"":0.00103165509282857,""gini"":0.9974889494410445,""minimum_count_for_half_mass"":253,""n"":245237,""positive_count"":1001,""top_shares"":{""0.001"":0.4891915079076584,""0.01"":1.0},""total"":3017.4915513536107,""zero_count"":244236}","{""fraction_for_half_mass"":0.0010561212215122514,""gini"":0.9974298171210915,""minimum_count_for_half_mass"":259,""n"":245237,""positive_count"":1054,""top_shares"":{""0.001"":0.4808862567959102,""0.01"":1.0},""total"":2999.08431748959,""zero_count"":244183}","{""fraction_for_half_mass"":0.09010875194199897,""gini"":0.7740175958074643,""minimum_count_for_half_mass"":174,""n"":1931,""positive_count"":754,""top_shares"":{""0.01"":0.09890842939913778,""0.05"":0.33637307471464506,""0.1"":0.5346455379384052},""total"":23.61483714558732,""zero_count"":1177}","{""benchmark_pass_count"":1184,""n"":1931,""quantiles"":{""0.5"":0.0,""0.9"":0.04120972174642342,""0.99"":0.10143050138226659,""1.0"":0.22264681366112551},""strict_exceedances"":{""0.01"":614,""0.1"":21}}"
ff570734d7837a1ba9e77528,mquake,R1_nonlearned,2,101,300,capoff,"{""count"":244183,""denominator"":245237,""fraction"":0.9957021167279}","{""fraction_for_half_mass"":0.00103165509282857,""gini"":0.9974889494410445,""minimum_count_for_half_mass"":253,""n"":245237,""positive_count"":1001,""top_shares"":{""0.001"":0.4891915079076584,""0.01"":1.0},""total"":3017.4915513536107,""zero_count"":244236}","{""fraction_for_half_mass"":0.0010561212215122514,""gini"":0.9974298171210915,""minimum_count_for_half_mass"":259,""n"":245237,""positive_count"":1054,""top_shares"":{""0.001"":0.4808862567959102,""0.01"":1.0},""total"":2999.08431748959,""zero_count"":244183}","{""fraction_for_half_mass"":0.09010875194199897,""gini"":0.7740175958074643,""minimum_count_for_half_mass"":174,""n"":1931,""positive_count"":754,""top_shares"":{""0.01"":0.09890842939913778,""0.05"":0.33637307471464506,""0.1"":0.5346455379384052},""total"":23.61483714558732,""zero_count"":1177}","{""benchmark_pass_count"":1184,""n"":1931,""quantiles"":{""0.5"":0.0,""0.9"":0.04120972174642342,""0.99"":0.10143050138226659,""1.0"":0.22264681366112551},""strict_exceedances"":{""0.01"":614,""0.1"":21}}"
ff570734d7837a1ba9e77528,mquake,R1_nonlearned,2,101,300,original,"{""count"":244183,""denominator"":245237,""fraction"":0.9957021167279}","{""fraction_for_half_mass"":0.00103165509282857,""gini"":0.9974889494410445,""minimum_count_for_half_mass"":253,""n"":245237,""positive_count"":1001,""top_shares"":{""0.001"":0.4891915079076584,""0.01"":1.0},""total"":3017.4915513536107,""zero_count"":244236}","{""fraction_for_half_mass"":0.0010561212215122514,""gini"":0.9974298171210915,""minimum_count_for_half_mass"":259,""n"":245237,""positive_count"":1054,""top_shares"":{""0.001"":0.4808862567959102,""0.01"":1.0},""total"":2999.08431748959,""zero_count"":244183}","{""fraction_for_half_mass"":0.09010875194199897,""gini"":0.7740175958074643,""minimum_count_for_half_mass"":174,""n"":1931,""positive_count"":754,""top_shares"":{""0.01"":0.09890842939913778,""0.05"":0.33637307471464506,""0.1"":0.5346455379384052},""total"":23.61483714558732,""zero_count"":1177}","{""benchmark_pass_count"":1184,""n"":1931,""quantiles"":{""0.5"":0.0,""0.9"":0.04120972174642342,""0.99"":0.10143050138226659,""1.0"":0.22264681366112551},""strict_exceedances"":{""0.01"":614,""0.1"":21}}"
4fd2bc51397502cb1c085b5c,mquake,R1_nonlearned,2,102,300,capoff,"{""count"":244183,""denominator"":245237,""fraction"":0.9957021167279}","{""fraction_for_half_mass"":0.00103165509282857,""gini"":0.9974889494410445,""minimum_count_for_half_mass"":253,""n"":245237,""positive_count"":1001,""top_shares"":{""0.001"":0.4891915079076584,""0.01"":1.0},""total"":3017.4915513536107,""zero_count"":244236}","{""fraction_for_half_mass"":0.0010561212215122514,""gini"":0.9974298171210915,""minimum_count_for_half_mass"":259,""n"":245237,""positive_count"":1054,""top_shares"":{""0.001"":0.4808862567959102,""0.01"":1.0},""total"":2999.08431748959,""zero_count"":244183}","{""fraction_for_half_mass"":0.09010875194199897,""gini"":0.7740175958074643,""minimum_count_for_half_mass"":174,""n"":1931,""positive_count"":754,""top_shares"":{""0.01"":0.09890842939913778,""0.05"":0.33637307471464506,""0.1"":0.5346455379384052},""total"":23.61483714558732,""zero_count"":1177}","{""benchmark_pass_count"":1184,""n"":1931,""quantiles"":{""0.5"":0.0,""0.9"":0.04120972174642342,""0.99"":0.10143050138226659,""1.0"":0.22264681366112551},""strict_exceedances"":{""0.01"":614,""0.1"":21}}"
4fd2bc51397502cb1c085b5c,mquake,R1_nonlearned,2,102,300,original,"{""count"":244183,""denominator"":245237,""fraction"":0.9957021167279}","{""fraction_for_half_mass"":0.00103165509282857,""gini"":0.9974889494410445,""minimum_count_for_half_mass"":253,""n"":245237,""positive_count"":1001,""top_shares"":{""0.001"":0.4891915079076584,""0.01"":1.0},""total"":3017.4915513536107,""zero_count"":244236}","{""fraction_for_half_mass"":0.0010561212215122514,""gini"":0.9974298171210915,""minimum_count_for_half_mass"":259,""n"":245237,""positive_count"":1054,""top_shares"":{""0.001"":0.4808862567959102,""0.01"":1.0},""total"":2999.08431748959,""zero_count"":244183}","{""fraction_for_half_mass"":0.09010875194199897,""gini"":0.7740175958074643,""minimum_count_for_half_mass"":174,""n"":1931,""positive_count"":754,""top_shares"":{""0.01"":0.09890842939913778,""0.05"":0.33637307471464506,""0.1"":0.5346455379384052},""total"":23.61483714558732,""zero_count"":1177}","{""benchmark_pass_count"":1184,""n"":1931,""quantiles"":{""0.5"":0.0,""0.9"":0.04120972174642342,""0.99"":0.10143050138226659,""1.0"":0.22264681366112551},""strict_exceedances"":{""0.01"":614,""0.1"":21}}"
c0e77c94b06dd3464838be93,mquake,R1_nonlearned,2,103,300,capoff,"{""count"":244183,""denominator"":245237,""fraction"":0.9957021167279}","{""fraction_for_half_mass"":0.00103165509282857,""gini"":0.9974889494410445,""minimum_count_for_half_mass"":253,""n"":245237,""positive_count"":1001,""top_shares"":{""0.001"":0.4891915079076584,""0.01"":1.0},""total"":3017.4915513536107,""zero_count"":244236}","{""fraction_for_half_mass"":0.0010561212215122514,""gini"":0.9974298171210915,""minimum_count_for_half_mass"":259,""n"":245237,""positive_count"":1054,""top_shares"":{""0.001"":0.4808862567959102,""0.01"":1.0},""total"":2999.08431748959,""zero_count"":244183}","{""fraction_for_half_mass"":0.09010875194199897,""gini"":0.7740175958074643,""minimum_count_for_half_mass"":174,""n"":1931,""positive_count"":754,""top_shares"":{""0.01"":0.09890842939913778,""0.05"":0.33637307471464506,""0.1"":0.5346455379384052},""total"":23.61483714558732,""zero_count"":1177}","{""benchmark_pass_count"":1184,""n"":1931,""quantiles"":{""0.5"":0.0,""0.9"":0.04120972174642342,""0.99"":0.10143050138226659,""1.0"":0.22264681366112551},""strict_exceedances"":{""0.01"":614,""0.1"":21}}"
c0e77c94b06dd3464838be93,mquake,R1_nonlearned,2,103,300,original,"{""count"":244183,""denominator"":245237,""fraction"":0.9957021167279}","{""fraction_for_half_mass"":0.00103165509282857,""gini"":0.9974889494410445,""minimum_count_for_half_mass"":253,""n"":245237,""positive_count"":1001,""top_shares"":{""0.001"":0.4891915079076584,""0.01"":1.0},""total"":3017.4915513536107,""zero_count"":244236}","{""fraction_for_half_mass"":0.0010561212215122514,""gini"":0.9974298171210915,""minimum_count_for_half_mass"":259,""n"":245237,""positive_count"":1054,""top_shares"":{""0.001"":0.4808862567959102,""0.01"":1.0},""total"":2999.08431748959,""zero_count"":244183}","{""fraction_for_half_mass"":0.09010875194199897,""gini"":0.7740175958074643,""minimum_count_for_half_mass"":174,""n"":1931,""positive_count"":754,""top_shares"":{""0.01"":0.09890842939913778,""0.05"":0.33637307471464506,""0.1"":0.5346455379384052},""total"":23.61483714558732,""zero_count"":1177}","{""benchmark_pass_count"":1184,""n"":1931,""quantiles"":{""0.5"":0.0,""0.9"":0.04120972174642342,""0.99"":0.10143050138226659,""1.0"":0.22264681366112551},""strict_exceedances"":{""0.01"":614,""0.1"":21}}"
4c700c665ce70ca41e4569dd,mquake,R1_nonlearned,2,104,300,capoff,"{""count"":244183,""denominator"":245237,""fraction"":0.9957021167279}","{""fraction_for_half_mass"":0.00103165509282857,""gini"":0.9974889494410445,""minimum_count_for_half_mass"":253,""n"":245237,""positive_count"":1001,""top_shares"":{""0.001"":0.4891915079076584,""0.01"":1.0},""total"":3017.4915513536107,""zero_count"":244236}","{""fraction_for_half_mass"":0.0010561212215122514,""gini"":0.9974298171210915,""minimum_count_for_half_mass"":259,""n"":245237,""positive_count"":1054,""top_shares"":{""0.001"":0.4808862567959102,""0.01"":1.0},""total"":2999.08431748959,""zero_count"":244183}","{""fraction_for_half_mass"":0.09010875194199897,""gini"":0.7740175958074643,""minimum_count_for_half_mass"":174,""n"":1931,""positive_count"":754,""top_shares"":{""0.01"":0.09890842939913778,""0.05"":0.33637307471464506,""0.1"":0.5346455379384052},""total"":23.61483714558732,""zero_count"":1177}","{""benchmark_pass_count"":1184,""n"":1931,""quantiles"":{""0.5"":0.0,""0.9"":0.04120972174642342,""0.99"":0.10143050138226659,""1.0"":0.22264681366112551},""strict_exceedances"":{""0.01"":614,""0.1"":21}}"
4c700c665ce70ca41e4569dd,mquake,R1_nonlearned,2,104,300,original,"{""count"":244183,""denominator"":245237,""fraction"":0.9957021167279}","{""fraction_for_half_mass"":0.00103165509282857,""gini"":0.9974889494410445,""minimum_count_for_half_mass"":253,""n"":245237,""positive_count"":1001,""top_shares"":{""0.001"":0.4891915079076584,""0.01"":1.0},""total"":3017.4915513536107,""zero_count"":244236}","{""fraction_for_half_mass"":0.0010561212215122514,""gini"":0.9974298171210915,""minimum_count_for_half_mass"":259,""n"":245237,""positive_count"":1054,""top_shares"":{""0.001"":0.4808862567959102,""0.01"":1.0},""total"":2999.08431748959,""zero_count"":244183}","{""fraction_for_half_mass"":0.09010875194199897,""gini"":0.7740175958074643,""minimum_count_for_half_mass"":174,""n"":1931,""positive_count"":754,""top_shares"":{""0.01"":0.09890842939913778,""0.05"":0.33637307471464506,""0.1"":0.5346455379384052},""total"":23.61483714558732,""zero_count"":1177}","{""benchmark_pass_count"":1184,""n"":1931,""quantiles"":{""0.5"":0.0,""0.9"":0.04120972174642342,""0.99"":0.10143050138226659,""1.0"":0.22264681366112551},""strict_exceedances"":{""0.01"":614,""0.1"":21}}"
dc17fc3637068157dba0207d,zsre,v0_stable,2,100,1000,capoff,"{""count"":244837,""denominator"":245237,""fraction"":0.9983689247544212}","{""fraction_for_half_mass"":0.00010601989096261983,""gini"":0.99963291060036,""minimum_count_for_half_mass"":26,""n"":245237,""positive_count"":260,""top_shares"":{""0.001"":0.9987448374131942,""0.01"":1.0},""total"":502.40098603737874,""zero_count"":244977}","{""fraction_for_half_mass"":9.7864514734726e-05,""gini"":0.9996010366321265,""minimum_count_for_half_mass"":24,""n"":245237,""positive_count"":400,""top_shares"":{""0.001"":0.9749680814460747,""0.01"":1.0000000000000002},""total"":433.8395451441542,""zero_count"":244837}","{""fraction_for_half_mass"":0.012428793371310202,""gini"":0.9541801014399036,""minimum_count_for_half_mass"":24,""n"":1931,""positive_count"":353,""top_shares"":{""0.01"":0.44714697664511066,""0.05"":0.8682200594338517,""0.1"":0.9665433725152274},""total"":3.416059410583892,""zero_count"":1578}","{""benchmark_pass_count"":1699,""n"":1931,""quantiles"":{""0.5"":0.0,""0.9"":0.0016217609608789756,""0.99"":0.04239457920081999,""1.0"":0.155810423845995},""strict_exceedances"":{""0.01"":82,""0.1"":4}}"
dc17fc3637068157dba0207d,zsre,v0_stable,2,100,1000,original,"{""count"":244837,""denominator"":245237,""fraction"":0.9983689247544212}","{""fraction_for_half_mass"":0.00010601989096261983,""gini"":0.99963291060036,""minimum_count_for_half_mass"":26,""n"":245237,""positive_count"":260,""top_shares"":{""0.001"":0.9987448374131942,""0.01"":1.0},""total"":502.40098603737874,""zero_count"":244977}","{""fraction_for_half_mass"":9.7864514734726e-05,""gini"":0.9996010366321265,""minimum_count_for_half_mass"":24,""n"":245237,""positive_count"":400,""top_shares"":{""0.001"":0.9749680814460747,""0.01"":1.0000000000000002},""total"":433.8395451441542,""zero_count"":244837}","{""fraction_for_half_mass"":0.012428793371310202,""gini"":0.9541801014399036,""minimum_count_for_half_mass"":24,""n"":1931,""positive_count"":353,""top_shares"":{""0.01"":0.44714697664511066,""0.05"":0.8682200594338517,""0.1"":0.9665433725152274},""total"":3.416059410583892,""zero_count"":1578}","{""benchmark_pass_count"":1699,""n"":1931,""quantiles"":{""0.5"":0.0,""0.9"":0.0016217609608789756,""0.99"":0.04239457920081999,""1.0"":0.155810423845995},""strict_exceedances"":{""0.01"":82,""0.1"":4}}"
727b32ab9723cb9feba71636,zsre,v0_stable,2,101,1000,capoff,"{""count"":244822,""denominator"":245237,""fraction"":0.998307759432712}","{""fraction_for_half_mass"":0.00010194220284867291,""gini"":0.9996219938155947,""minimum_count_for_half_mass"":25,""n"":245237,""positive_count"":281,""top_shares"":{""0.001"":0.994886697176715,""0.01"":1.0000000000000002},""total"":497.36156166951594,""zero_count"":244956}","{""fraction_for_half_mass"":9.7864514734726e-05,""gini"":0.9995967473669085,""minimum_count_for_half_mass"":24,""n"":245237,""positive_count"":415,""top_shares"":{""0.001"":0.9738406966768071,""0.01"":1.0000000000000002},""total"":454.06501229772056,""zero_count"":244822}","{""fraction_for_half_mass"":0.011393060590367685,""gini"":0.9557573176637487,""minimum_count_for_half_mass"":22,""n"":1931,""positive_count"":357,""top_shares"":{""0.01"":0.47182442416367987,""0.05"":0.871364192568863,""0.1"":0.9685233961367051},""total"":3.5753150574623667,""zero_count"":1574}","{""benchmark_pass_count"":1701,""n"":1931,""quantiles"":{""0.5"":0.0,""0.9"":0.0015511557958964549,""0.99"":0.04900207746920736,""1.0"":0.1663728126474825},""strict_exceedances"":{""0.01"":77,""0.1"":5}}"
727b32ab9723cb9feba71636,zsre,v0_stable,2,101,1000,original,"{""count"":244822,""denominator"":245237,""fraction"":0.998307759432712}","{""fraction_for_half_mass"":0.00010194220284867291,""gini"":0.9996219938155947,""minimum_count_for_half_mass"":25,""n"":245237,""positive_count"":281,""top_shares"":{""0.001"":0.994886697176715,""0.01"":1.0000000000000002},""total"":497.36156166951594,""zero_count"":244956}","{""fraction_for_half_mass"":9.7864514734726e-05,""gini"":0.9995967473669085,""minimum_count_for_half_mass"":24,""n"":245237,""positive_count"":415,""top_shares"":{""0.001"":0.9738406966768071,""0.01"":1.0000000000000002},""total"":454.06501229772056,""zero_count"":244822}","{""fraction_for_half_mass"":0.011393060590367685,""gini"":0.9557573176637487,""minimum_count_for_half_mass"":22,""n"":1931,""positive_count"":357,""top_shares"":{""0.01"":0.47182442416367987,""0.05"":0.871364192568863,""0.1"":0.9685233961367051},""total"":3.5753150574623667,""zero_count"":1574}","{""benchmark_pass_count"":1701,""n"":1931,""quantiles"":{""0.5"":0.0,""0.9"":0.0015511557958964549,""0.99"":0.04900207746920736,""1.0"":0.1663728126474825},""strict_exceedances"":{""0.01"":77,""0.1"":5}}"
a02980b0886a222f8e2f58e8,zsre,v0_stable,2,102,1000,capoff,"{""count"":244867,""denominator"":245237,""fraction"":0.9984912553978397}","{""fraction_for_half_mass"":8.563145039288525e-05,""gini"":0.9996929998236425,""minimum_count_for_half_mass"":21,""n"":245237,""positive_count"":226,""top_shares"":{""0.001"":0.9999999999999999,""0.01"":1.0},""total"":407.41784439261244,""zero_count"":245011}","{""fraction_for_half_mass"":8.563145039288525e-05,""gini"":0.9996445498727116,""minimum_count_for_half_mass"":21,""n"":245237,""positive_count"":370,""top_shares"":{""0.001"":0.9817279348787298,""0.01"":1.0},""total"":360.3935472621745,""zero_count"":244867}","{""fraction_for_half_mass"":0.00983946141895391,""gini"":0.9616942100351868,""minimum_count_for_half_mass"":19,""n"":1931,""positive_count"":319,""top_shares"":{""0.01"":0.51596964696509,""0.05"":0.8987753624163353,""0.1"":0.977417609278313},""total"":2.837744466631295,""zero_count"":1612}","{""benchmark_pass_count"":1739,""n"":1931,""quantiles"":{""0.5"":0.0,""0.9"":0.0009885685951955398,""0.99"":0.03561719396483772,""1.0"":0.16723078502611524},""strict_exceedances"":{""0.01"":65,""0.1"":5}}"
a02980b0886a222f8e2f58e8,zsre,v0_stable,2,102,1000,original,"{""count"":244867,""denominator"":245237,""fraction"":0.9984912553978397}","{""fraction_for_half_mass"":8.563145039288525e-05,""gini"":0.9996929998236425,""minimum_count_for_half_mass"":21,""n"":245237,""positive_count"":226,""top_shares"":{""0.001"":0.9999999999999999,""0.01"":1.0},""total"":407.41784439261244,""zero_count"":245011}","{""fraction_for_half_mass"":8.563145039288525e-05,""gini"":0.9996445498727116,""minimum_count_for_half_mass"":21,""n"":245237,""positive_count"":370,""top_shares"":{""0.001"":0.9817279348787298,""0.01"":1.0},""total"":360.3935472621745,""zero_count"":244867}","{""fraction_for_half_mass"":0.00983946141895391,""gini"":0.9616942100351868,""minimum_count_for_half_mass"":19,""n"":1931,""positive_count"":319,""top_shares"":{""0.01"":0.51596964696509,""0.05"":0.8987753624163353,""0.1"":0.977417609278313},""total"":2.837744466631295,""zero_count"":1612}","{""benchmark_pass_count"":1739,""n"":1931,""quantiles"":{""0.5"":0.0,""0.9"":0.0009885685951955398,""0.99"":0.03561719396483772,""1.0"":0.16723078502611524},""strict_exceedances"":{""0.01"":65,""0.1"":5}}"
9aeb330f6c7e29c85ee56da0,zsre,v0_stable,2,103,1000,capoff,"{""count"":244873,""denominator"":245237,""fraction"":0.9985157215265233}","{""fraction_for_half_mass"":9.7864514734726e-05,""gini"":0.9996890496290896,""minimum_count_for_half_mass"":24,""n"":245237,""positive_count"":239,""top_shares"":{""0.001"":1.0000000000000002,""0.01"":1.0000000000000002},""total"":492.195043797761,""zero_count"":244998}","{""fraction_for_half_mass"":8.970913850683216e-05,""gini"":0.999665429891381,""minimum_count_for_half_mass"":22,""n"":245237,""positive_count"":364,""top_shares"":{""0.001"":0.9856648157097171,""0.01"":1.0000000000000002},""total"":440.3267785534519,""zero_count"":244873}","{""fraction_for_half_mass"":0.010875194199896427,""gini"":0.9628714006867024,""minimum_count_for_half_mass"":21,""n"":1931,""positive_count"":311,""top_shares"":{""0.01"":0.4867395067332818,""0.05"":0.9170083579517286,""0.1"":0.9824991599299204},""total"":3.467139988609858,""zero_count"":1620}","{""benchmark_pass_count"":1732,""n"":1931,""quantiles"":{""0.5"":0.0,""0.9"":0.0011028489314566208,""0.99"":0.04446175931126411,""1.0"":0.16723078502611524},""strict_exceedances"":{""0.01"":75,""0.1"":5}}"
9aeb330f6c7e29c85ee56da0,zsre,v0_stable,2,103,1000,original,"{""count"":244873,""denominator"":245237,""fraction"":0.9985157215265233}","{""fraction_for_half_mass"":9.7864514734726e-05,""gini"":0.9996890496290896,""minimum_count_for_half_mass"":24,""n"":245237,""positive_count"":239,""top_shares"":{""0.001"":1.0000000000000002,""0.01"":1.0000000000000002},""total"":492.195043797761,""zero_count"":244998}","{""fraction_for_half_mass"":8.970913850683216e-05,""gini"":0.999665429891381,""minimum_count_for_half_mass"":22,""n"":245237,""positive_count"":364,""top_shares"":{""0.001"":0.9856648157097171,""0.01"":1.0000000000000002},""total"":440.3267785534519,""zero_count"":244873}","{""fraction_for_half_mass"":0.010875194199896427,""gini"":0.9628714006867024,""minimum_count_for_half_mass"":21,""n"":1931,""positive_count"":311,""top_shares"":{""0.01"":0.4867395067332818,""0.05"":0.9170083579517286,""0.1"":0.9824991599299204},""total"":3.467139988609858,""zero_count"":1620}","{""benchmark_pass_count"":1732,""n"":1931,""quantiles"":{""0.5"":0.0,""0.9"":0.0011028489314566208,""0.99"":0.04446175931126411,""1.0"":0.16723078502611524},""strict_exceedances"":{""0.01"":75,""0.1"":5}}"
0e0ee9a35e1116f7dafb423d,zsre,v0_stable,2,104,1000,capoff,"{""count"":244870,""denominator"":245237,""fraction"":0.9985034884621815}","{""fraction_for_half_mass"":7.33983860510445e-05,""gini"":0.9997192291221216,""minimum_count_for_half_mass"":18,""n"":245237,""positive_count"":215,""top_shares"":{""0.001"":1.0000000000000002,""0.01"":1.0000000000000002},""total"":434.21724427255924,""zero_count"":245022}","{""fraction_for_half_mass"":6.932069793709758e-05,""gini"":0.9996835120031571,""minimum_count_for_half_mass"":17,""n"":245237,""positive_count"":367,""top_shares"":{""0.001"":0.9817008538841029,""0.01"":1.0},""total"":396.4125714800807,""zero_count"":244870}","{""fraction_for_half_mass"":0.008803728638011392,""gini"":0.9637920475239442,""minimum_count_for_half_mass"":17,""n"":1931,""positive_count"":320,""top_shares"":{""0.01"":0.5528830406413535,""0.05"":0.9065713227603828,""0.1"":0.976264649575143},""total"":3.1213588305518156,""zero_count"":1611}","{""benchmark_pass_count"":1729,""n"":1931,""quantiles"":{""0.5"":0.0,""0.9"":0.0011554122802762848,""0.99"":0.03824428590071914,""1.0"":0.1663728126474825},""strict_exceedances"":{""0.01"":64,""0.1"":6}}"
0e0ee9a35e1116f7dafb423d,zsre,v0_stable,2,104,1000,original,"{""count"":244870,""denominator"":245237,""fraction"":0.9985034884621815}","{""fraction_for_half_mass"":7.33983860510445e-05,""gini"":0.9997192291221216,""minimum_count_for_half_mass"":18,""n"":245237,""positive_count"":215,""top_shares"":{""0.001"":1.0000000000000002,""0.01"":1.0000000000000002},""total"":434.21724427255924,""zero_count"":245022}","{""fraction_for_half_mass"":6.932069793709758e-05,""gini"":0.9996835120031571,""minimum_count_for_half_mass"":17,""n"":245237,""positive_count"":367,""top_shares"":{""0.001"":0.9817008538841029,""0.01"":1.0},""total"":396.4125714800807,""zero_count"":244870}","{""fraction_for_half_mass"":0.008803728638011392,""gini"":0.9637920475239442,""minimum_count_for_half_mass"":17,""n"":1931,""positive_count"":320,""top_shares"":{""0.01"":0.5528830406413535,""0.05"":0.9065713227603828,""0.1"":0.976264649575143},""total"":3.1213588305518156,""zero_count"":1611}","{""benchmark_pass_count"":1729,""n"":1931,""quantiles"":{""0.5"":0.0,""0.9"":0.0011554122802762848,""0.99"":0.03824428590071914,""1.0"":0.1663728126474825},""strict_exceedances"":{""0.01"":64,""0.1"":6}}"
862cd40c359e48e5a7998e3f,counterfact,v0_stable,2,100,1000,capoff,"{""count"":245237,""denominator"":245237,""fraction"":1.0}","{""fraction_for_half_mass"":null,""gini"":null,""minimum_count_for_half_mass"":null,""n"":245237,""positive_count"":0,""top_shares"":{""0.001"":null,""0.01"":null},""total"":0.0,""zero_count"":245237}","{""fraction_for_half_mass"":null,""gini"":null,""minimum_count_for_half_mass"":null,""n"":245237,""positive_count"":0,""top_shares"":{""0.001"":null,""0.01"":null},""total"":0.0,""zero_count"":245237}","{""fraction_for_half_mass"":null,""gini"":null,""minimum_count_for_half_mass"":null,""n"":1931,""positive_count"":0,""top_shares"":{""0.01"":null,""0.05"":null,""0.1"":null},""total"":0.0,""zero_count"":1931}","{""benchmark_pass_count"":1931,""n"":1931,""quantiles"":{""0.5"":0.0,""0.9"":0.0,""0.99"":0.0,""1.0"":0.0},""strict_exceedances"":{""0.01"":0,""0.1"":0}}"
862cd40c359e48e5a7998e3f,counterfact,v0_stable,2,100,1000,original,"{""count"":245237,""denominator"":245237,""fraction"":1.0}","{""fraction_for_half_mass"":null,""gini"":null,""minimum_count_for_half_mass"":null,""n"":245237,""positive_count"":0,""top_shares"":{""0.001"":null,""0.01"":null},""total"":0.0,""zero_count"":245237}","{""fraction_for_half_mass"":null,""gini"":null,""minimum_count_for_half_mass"":null,""n"":245237,""positive_count"":0,""top_shares"":{""0.001"":null,""0.01"":null},""total"":0.0,""zero_count"":245237}","{""fraction_for_half_mass"":null,""gini"":null,""minimum_count_for_half_mass"":null,""n"":1931,""positive_count"":0,""top_shares"":{""0.01"":null,""0.05"":null,""0.1"":null},""total"":0.0,""zero_count"":1931}","{""benchmark_pass_count"":1931,""n"":1931,""quantiles"":{""0.5"":0.0,""0.9"":0.0,""0.99"":0.0,""1.0"":0.0},""strict_exceedances"":{""0.01"":0,""0.1"":0}}"
89b258fddde381d9a09429d9,counterfact,v0_stable,2,101,1000,capoff,"{""count"":245237,""denominator"":245237,""fraction"":1.0}","{""fraction_for_half_mass"":null,""gini"":null,""minimum_count_for_half_mass"":null,""n"":245237,""positive_count"":0,""top_shares"":{""0.001"":null,""0.01"":null},""total"":0.0,""zero_count"":245237}","{""fraction_for_half_mass"":null,""gini"":null,""minimum_count_for_half_mass"":null,""n"":245237,""positive_count"":0,""top_shares"":{""0.001"":null,""0.01"":null},""total"":0.0,""zero_count"":245237}","{""fraction_for_half_mass"":null,""gini"":null,""minimum_count_for_half_mass"":null,""n"":1931,""positive_count"":0,""top_shares"":{""0.01"":null,""0.05"":null,""0.1"":null},""total"":0.0,""zero_count"":1931}","{""benchmark_pass_count"":1931,""n"":1931,""quantiles"":{""0.5"":0.0,""0.9"":0.0,""0.99"":0.0,""1.0"":0.0},""strict_exceedances"":{""0.01"":0,""0.1"":0}}"
89b258fddde381d9a09429d9,counterfact,v0_stable,2,101,1000,original,"{""count"":245237,""denominator"":245237,""fraction"":1.0}","{""fraction_for_half_mass"":null,""gini"":null,""minimum_count_for_half_mass"":null,""n"":245237,""positive_count"":0,""top_shares"":{""0.001"":null,""0.01"":null},""total"":0.0,""zero_count"":245237}","{""fraction_for_half_mass"":null,""gini"":null,""minimum_count_for_half_mass"":null,""n"":245237,""positive_count"":0,""top_shares"":{""0.001"":null,""0.01"":null},""total"":0.0,""zero_count"":245237}","{""fraction_for_half_mass"":null,""gini"":null,""minimum_count_for_half_mass"":null,""n"":1931,""positive_count"":0,""top_shares"":{""0.01"":null,""0.05"":null,""0.1"":null},""total"":0.0,""zero_count"":1931}","{""benchmark_pass_count"":1931,""n"":1931,""quantiles"":{""0.5"":0.0,""0.9"":0.0,""0.99"":0.0,""1.0"":0.0},""strict_exceedances"":{""0.01"":0,""0.1"":0}}"
090d1237381f4ee02fcbd05d,counterfact,v0_stable,2,102,1000,capoff,"{""count"":245237,""denominator"":245237,""fraction"":1.0}","{""fraction_for_half_mass"":null,""gini"":null,""minimum_count_for_half_mass"":null,""n"":245237,""positive_count"":0,""top_shares"":{""0.001"":null,""0.01"":null},""total"":0.0,""zero_count"":245237}","{""fraction_for_half_mass"":null,""gini"":null,""minimum_count_for_half_mass"":null,""n"":245237,""positive_count"":0,""top_shares"":{""0.001"":null,""0.01"":null},""total"":0.0,""zero_count"":245237}","{""fraction_for_half_mass"":null,""gini"":null,""minimum_count_for_half_mass"":null,""n"":1931,""positive_count"":0,""top_shares"":{""0.01"":null,""0.05"":null,""0.1"":null},""total"":0.0,""zero_count"":1931}","{""benchmark_pass_count"":1931,""n"":1931,""quantiles"":{""0.5"":0.0,""0.9"":0.0,""0.99"":0.0,""1.0"":0.0},""strict_exceedances"":{""0.01"":0,""0.1"":0}}"
090d1237381f4ee02fcbd05d,counterfact,v0_stable,2,102,1000,original,"{""count"":245237,""denominator"":245237,""fraction"":1.0}","{""fraction_for_half_mass"":null,""gini"":null,""minimum_count_for_half_mass"":null,""n"":245237,""positive_count"":0,""top_shares"":{""0.001"":null,""0.01"":null},""total"":0.0,""zero_count"":245237}","{""fraction_for_half_mass"":null,""gini"":null,""minimum_count_for_half_mass"":null,""n"":245237,""positive_count"":0,""top_shares"":{""0.001"":null,""0.01"":null},""total"":0.0,""zero_count"":245237}","{""fraction_for_half_mass"":null,""gini"":null,""minimum_count_for_half_mass"":null,""n"":1931,""positive_count"":0,""top_shares"":{""0.01"":null,""0.05"":null,""0.1"":null},""total"":0.0,""zero_count"":1931}","{""benchmark_pass_count"":1931,""n"":1931,""quantiles"":{""0.5"":0.0,""0.9"":0.0,""0.99"":0.0,""1.0"":0.0},""strict_exceedances"":{""0.01"":0,""0.1"":0}}"
6e95ec72097ffded952889d6,counterfact,v0_stable,2,103,1000,capoff,"{""count"":245237,""denominator"":245237,""fraction"":1.0}","{""fraction_for_half_mass"":null,""gini"":null,""minimum_count_for_half_mass"":null,""n"":245237,""positive_count"":0,""top_shares"":{""0.001"":null,""0.01"":null},""total"":0.0,""zero_count"":245237}","{""fraction_for_half_mass"":null,""gini"":null,""minimum_count_for_half_mass"":null,""n"":245237,""positive_count"":0,""top_shares"":{""0.001"":null,""0.01"":null},""total"":0.0,""zero_count"":245237}","{""fraction_for_half_mass"":null,""gini"":null,""minimum_count_for_half_mass"":null,""n"":1931,""positive_count"":0,""top_shares"":{""0.01"":null,""0.05"":null,""0.1"":null},""total"":0.0,""zero_count"":1931}","{""benchmark_pass_count"":1931,""n"":1931,""quantiles"":{""0.5"":0.0,""0.9"":0.0,""0.99"":0.0,""1.0"":0.0},""strict_exceedances"":{""0.01"":0,""0.1"":0}}"
6e95ec72097ffded952889d6,counterfact,v0_stable,2,103,1000,original,"{""count"":245237,""denominator"":245237,""fraction"":1.0}","{""fraction_for_half_mass"":null,""gini"":null,""minimum_count_for_half_mass"":null,""n"":245237,""positive_count"":0,""top_shares"":{""0.001"":null,""0.01"":null},""total"":0.0,""zero_count"":245237}","{""fraction_for_half_mass"":null,""gini"":null,""minimum_count_for_half_mass"":null,""n"":245237,""positive_count"":0,""top_shares"":{""0.001"":null,""0.01"":null},""total"":0.0,""zero_count"":245237}","{""fraction_for_half_mass"":null,""gini"":null,""minimum_count_for_half_mass"":null,""n"":1931,""positive_count"":0,""top_shares"":{""0.01"":null,""0.05"":null,""0.1"":null},""total"":0.0,""zero_count"":1931}","{""benchmark_pass_count"":1931,""n"":1931,""quantiles"":{""0.5"":0.0,""0.9"":0.0,""0.99"":0.0,""1.0"":0.0},""strict_exceedances"":{""0.01"":0,""0.1"":0}}"
c8ce51b334cc3e42a623be6c,counterfact,v0_stable,2,104,1000,capoff,"{""count"":245237,""denominator"":245237,""fraction"":1.0}","{""fraction_for_half_mass"":null,""gini"":null,""minimum_count_for_half_mass"":null,""n"":245237,""positive_count"":0,""top_shares"":{""0.001"":null,""0.01"":null},""total"":0.0,""zero_count"":245237}","{""fraction_for_half_mass"":null,""gini"":null,""minimum_count_for_half_mass"":null,""n"":245237,""positive_count"":0,""top_shares"":{""0.001"":null,""0.01"":null},""total"":0.0,""zero_count"":245237}","{""fraction_for_half_mass"":null,""gini"":null,""minimum_count_for_half_mass"":null,""n"":1931,""positive_count"":0,""top_shares"":{""0.01"":null,""0.05"":null,""0.1"":null},""total"":0.0,""zero_count"":1931}","{""benchmark_pass_count"":1931,""n"":1931,""quantiles"":{""0.5"":0.0,""0.9"":0.0,""0.99"":0.0,""1.0"":0.0},""strict_exceedances"":{""0.01"":0,""0.1"":0}}"
c8ce51b334cc3e42a623be6c,counterfact,v0_stable,2,104,1000,original,"{""count"":245237,""denominator"":245237,""fraction"":1.0}","{""fraction_for_half_mass"":null,""gini"":null,""minimum_count_for_half_mass"":null,""n"":245237,""positive_count"":0,""top_shares"":{""0.001"":null,""0.01"":null},""total"":0.0,""zero_count"":245237}","{""fraction_for_half_mass"":null,""gini"":null,""minimum_count_for_half_mass"":null,""n"":245237,""positive_count"":0,""top_shares"":{""0.001"":null,""0.01"":null},""total"":0.0,""zero_count"":245237}","{""fraction_for_half_mass"":null,""gini"":null,""minimum_count_for_half_mass"":null,""n"":1931,""positive_count"":0,""top_shares"":{""0.01"":null,""0.05"":null,""0.1"":null},""total"":0.0,""zero_count"":1931}","{""benchmark_pass_count"":1931,""n"":1931,""quantiles"":{""0.5"":0.0,""0.9"":0.0,""0.99"":0.0,""1.0"":0.0},""strict_exceedances"":{""0.01"":0,""0.1"":0}}"
cf6bd4a623aa24871f74d136,mquake,v0_stable,2,100,300,capoff,"{""count"":245237,""denominator"":245237,""fraction"":1.0}","{""fraction_for_half_mass"":null,""gini"":null,""minimum_count_for_half_mass"":null,""n"":245237,""positive_count"":0,""top_shares"":{""0.001"":null,""0.01"":null},""total"":0.0,""zero_count"":245237}","{""fraction_for_half_mass"":null,""gini"":null,""minimum_count_for_half_mass"":null,""n"":245237,""positive_count"":0,""top_shares"":{""0.001"":null,""0.01"":null},""total"":0.0,""zero_count"":245237}","{""fraction_for_half_mass"":null,""gini"":null,""minimum_count_for_half_mass"":null,""n"":1931,""positive_count"":0,""top_shares"":{""0.01"":null,""0.05"":null,""0.1"":null},""total"":0.0,""zero_count"":1931}","{""benchmark_pass_count"":1931,""n"":1931,""quantiles"":{""0.5"":0.0,""0.9"":0.0,""0.99"":0.0,""1.0"":0.0},""strict_exceedances"":{""0.01"":0,""0.1"":0}}"
cf6bd4a623aa24871f74d136,mquake,v0_stable,2,100,300,original,"{""count"":245237,""denominator"":245237,""fraction"":1.0}","{""fraction_for_half_mass"":null,""gini"":null,""minimum_count_for_half_mass"":null,""n"":245237,""positive_count"":0,""top_shares"":{""0.001"":null,""0.01"":null},""total"":0.0,""zero_count"":245237}","{""fraction_for_half_mass"":null,""gini"":null,""minimum_count_for_half_mass"":null,""n"":245237,""positive_count"":0,""top_shares"":{""0.001"":null,""0.01"":null},""total"":0.0,""zero_count"":245237}","{""fraction_for_half_mass"":null,""gini"":null,""minimum_count_for_half_mass"":null,""n"":1931,""positive_count"":0,""top_shares"":{""0.01"":null,""0.05"":null,""0.1"":null},""total"":0.0,""zero_count"":1931}","{""benchmark_pass_count"":1931,""n"":1931,""quantiles"":{""0.5"":0.0,""0.9"":0.0,""0.99"":0.0,""1.0"":0.0},""strict_exceedances"":{""0.01"":0,""0.1"":0}}"
519b30353f979e8028ed03e1,mquake,v0_stable,2,101,300,capoff,"{""count"":245237,""denominator"":245237,""fraction"":1.0}","{""fraction_for_half_mass"":null,""gini"":null,""minimum_count_for_half_mass"":null,""n"":245237,""positive_count"":0,""top_shares"":{""0.001"":null,""0.01"":null},""total"":0.0,""zero_count"":245237}","{""fraction_for_half_mass"":null,""gini"":null,""minimum_count_for_half_mass"":null,""n"":245237,""positive_count"":0,""top_shares"":{""0.001"":null,""0.01"":null},""total"":0.0,""zero_count"":245237}","{""fraction_for_half_mass"":null,""gini"":null,""minimum_count_for_half_mass"":null,""n"":1931,""positive_count"":0,""top_shares"":{""0.01"":null,""0.05"":null,""0.1"":null},""total"":0.0,""zero_count"":1931}","{""benchmark_pass_count"":1931,""n"":1931,""quantiles"":{""0.5"":0.0,""0.9"":0.0,""0.99"":0.0,""1.0"":0.0},""strict_exceedances"":{""0.01"":0,""0.1"":0}}"
519b30353f979e8028ed03e1,mquake,v0_stable,2,101,300,original,"{""count"":245237,""denominator"":245237,""fraction"":1.0}","{""fraction_for_half_mass"":null,""gini"":null,""minimum_count_for_half_mass"":null,""n"":245237,""positive_count"":0,""top_shares"":{""0.001"":null,""0.01"":null},""total"":0.0,""zero_count"":245237}","{""fraction_for_half_mass"":null,""gini"":null,""minimum_count_for_half_mass"":null,""n"":245237,""positive_count"":0,""top_shares"":{""0.001"":null,""0.01"":null},""total"":0.0,""zero_count"":245237}","{""fraction_for_half_mass"":null,""gini"":null,""minimum_count_for_half_mass"":null,""n"":1931,""positive_count"":0,""top_shares"":{""0.01"":null,""0.05"":null,""0.1"":null},""total"":0.0,""zero_count"":1931}","{""benchmark_pass_count"":1931,""n"":1931,""quantiles"":{""0.5"":0.0,""0.9"":0.0,""0.99"":0.0,""1.0"":0.0},""strict_exceedances"":{""0.01"":0,""0.1"":0}}"
89182e81a187807d2772cade,mquake,v0_stable,2,102,300,capoff,"{""count"":245237,""denominator"":245237,""fraction"":1.0}","{""fraction_for_half_mass"":null,""gini"":null,""minimum_count_for_half_mass"":null,""n"":245237,""positive_count"":0,""top_shares"":{""0.001"":null,""0.01"":null},""total"":0.0,""zero_count"":245237}","{""fraction_for_half_mass"":null,""gini"":null,""minimum_count_for_half_mass"":null,""n"":245237,""positive_count"":0,""top_shares"":{""0.001"":null,""0.01"":null},""total"":0.0,""zero_count"":245237}","{""fraction_for_half_mass"":null,""gini"":null,""minimum_count_for_half_mass"":null,""n"":1931,""positive_count"":0,""top_shares"":{""0.01"":null,""0.05"":null,""0.1"":null},""total"":0.0,""zero_count"":1931}","{""benchmark_pass_count"":1931,""n"":1931,""quantiles"":{""0.5"":0.0,""0.9"":0.0,""0.99"":0.0,""1.0"":0.0},""strict_exceedances"":{""0.01"":0,""0.1"":0}}"
89182e81a187807d2772cade,mquake,v0_stable,2,102,300,original,"{""count"":245237,""denominator"":245237,""fraction"":1.0}","{""fraction_for_half_mass"":null,""gini"":null,""minimum_count_for_half_mass"":null,""n"":245237,""positive_count"":0,""top_shares"":{""0.001"":null,""0.01"":null},""total"":0.0,""zero_count"":245237}","{""fraction_for_half_mass"":null,""gini"":null,""minimum_count_for_half_mass"":null,""n"":245237,""positive_count"":0,""top_shares"":{""0.001"":null,""0.01"":null},""total"":0.0,""zero_count"":245237}","{""fraction_for_half_mass"":null,""gini"":null,""minimum_count_for_half_mass"":null,""n"":1931,""positive_count"":0,""top_shares"":{""0.01"":null,""0.05"":null,""0.1"":null},""total"":0.0,""zero_count"":1931}","{""benchmark_pass_count"":1931,""n"":1931,""quantiles"":{""0.5"":0.0,""0.9"":0.0,""0.99"":0.0,""1.0"":0.0},""strict_exceedances"":{""0.01"":0,""0.1"":0}}"
9ad3399cfc13f1297d17423d,mquake,v0_stable,2,103,300,capoff,"{""count"":245237,""denominator"":245237,""fraction"":1.0}","{""fraction_for_half_mass"":null,""gini"":null,""minimum_count_for_half_mass"":null,""n"":245237,""positive_count"":0,""top_shares"":{""0.001"":null,""0.01"":null},""total"":0.0,""zero_count"":245237}","{""fraction_for_half_mass"":null,""gini"":null,""minimum_count_for_half_mass"":null,""n"":245237,""positive_count"":0,""top_shares"":{""0.001"":null,""0.01"":null},""total"":0.0,""zero_count"":245237}","{""fraction_for_half_mass"":null,""gini"":null,""minimum_count_for_half_mass"":null,""n"":1931,""positive_count"":0,""top_shares"":{""0.01"":null,""0.05"":null,""0.1"":null},""total"":0.0,""zero_count"":1931}","{""benchmark_pass_count"":1931,""n"":1931,""quantiles"":{""0.5"":0.0,""0.9"":0.0,""0.99"":0.0,""1.0"":0.0},""strict_exceedances"":{""0.01"":0,""0.1"":0}}"
9ad3399cfc13f1297d17423d,mquake,v0_stable,2,103,300,original,"{""count"":245237,""denominator"":245237,""fraction"":1.0}","{""fraction_for_half_mass"":null,""gini"":null,""minimum_count_for_half_mass"":null,""n"":245237,""positive_count"":0,""top_shares"":{""0.001"":null,""0.01"":null},""total"":0.0,""zero_count"":245237}","{""fraction_for_half_mass"":null,""gini"":null,""minimum_count_for_half_mass"":null,""n"":245237,""positive_count"":0,""top_shares"":{""0.001"":null,""0.01"":null},""total"":0.0,""zero_count"":245237}","{""fraction_for_half_mass"":null,""gini"":null,""minimum_count_for_half_mass"":null,""n"":1931,""positive_count"":0,""top_shares"":{""0.01"":null,""0.05"":null,""0.1"":null},""total"":0.0,""zero_count"":1931}","{""benchmark_pass_count"":1931,""n"":1931,""quantiles"":{""0.5"":0.0,""0.9"":0.0,""0.99"":0.0,""1.0"":0.0},""strict_exceedances"":{""0.01"":0,""0.1"":0}}"
046aa51d028b84dde8981351,mquake,v0_stable,2,104,300,capoff,"{""count"":245237,""denominator"":245237,""fraction"":1.0}","{""fraction_for_half_mass"":null,""gini"":null,""minimum_count_for_half_mass"":null,""n"":245237,""positive_count"":0,""top_shares"":{""0.001"":null,""0.01"":null},""total"":0.0,""zero_count"":245237}","{""fraction_for_half_mass"":null,""gini"":null,""minimum_count_for_half_mass"":null,""n"":245237,""positive_count"":0,""top_shares"":{""0.001"":null,""0.01"":null},""total"":0.0,""zero_count"":245237}","{""fraction_for_half_mass"":null,""gini"":null,""minimum_count_for_half_mass"":null,""n"":1931,""positive_count"":0,""top_shares"":{""0.01"":null,""0.05"":null,""0.1"":null},""total"":0.0,""zero_count"":1931}","{""benchmark_pass_count"":1931,""n"":1931,""quantiles"":{""0.5"":0.0,""0.9"":0.0,""0.99"":0.0,""1.0"":0.0},""strict_exceedances"":{""0.01"":0,""0.1"":0}}"
046aa51d028b84dde8981351,mquake,v0_stable,2,104,300,original,"{""count"":245237,""denominator"":245237,""fraction"":1.0}","{""fraction_for_half_mass"":null,""gini"":null,""minimum_count_for_half_mass"":null,""n"":245237,""positive_count"":0,""top_shares"":{""0.001"":null,""0.01"":null},""total"":0.0,""zero_count"":245237}","{""fraction_for_half_mass"":null,""gini"":null,""minimum_count_for_half_mass"":null,""n"":245237,""positive_count"":0,""top_shares"":{""0.001"":null,""0.01"":null},""total"":0.0,""zero_count"":245237}","{""fraction_for_half_mass"":null,""gini"":null,""minimum_count_for_half_mass"":null,""n"":1931,""positive_count"":0,""top_shares"":{""0.01"":null,""0.05"":null,""0.1"":null},""total"":0.0,""zero_count"":1931}","{""benchmark_pass_count"":1931,""n"":1931,""quantiles"":{""0.5"":0.0,""0.9"":0.0,""0.99"":0.0,""1.0"":0.0},""strict_exceedances"":{""0.01"":0,""0.1"":0}}"
