cell_id,dataset,condition,realization,order,checkpoint,endpoint,observation
61348508e40d54351613ab14,zsre,R1_learned_ff,0,100,100,LS_terminated,"{""evaluated_value"":0.98,""numerator"":49.0,""planned"":50,""scored"":50,""status"":""complete"",""status_counts"":{""ok"":50},""value"":0.98}"
61348508e40d54351613ab14,zsre,R1_learned_ff,0,100,100,locality,"{""expected_n"":50,""preserved_fraction"":1.0,""preserved_n"":50,""preserved_terminated_fraction"":0.98,""preserved_terminated_n"":49,""primary_convention"":""DEC-053 bounded exact decoded-text equality, no normalization or termination requirement"",""query_truncated_n"":1,""reference_truncated_n"":1,""scored_n"":50,""secondary_convention"":""same decoded text and neither side truncated"",""status"":""complete"",""truncated_pair_n"":1,""unavailable_n"":0}"
61348508e40d54351613ab14,zsre,R1_learned_ff,0,100,100,unseen_false_fire,"{""evaluated_value"":0.09,""numerator"":9.0,""planned"":100,""scored"":100,""status"":""complete"",""status_counts"":{""ok"":100},""value"":0.09,""wilson_evaluated"":{""confidence"":0.95,""interpretation"":""descriptive binomial reference; fixed development data/selection and dependent prompts limit population inference"",""lower"":0.04807254000256516,""upper"":0.1622621285271631},""wilson_full_inventory"":{""confidence"":0.95,""interpretation"":""descriptive binomial reference; fixed development data/selection and dependent prompts limit population inference"",""lower"":0.04807254000256516,""upper"":0.1622621285271631}}"
61348508e40d54351613ab14,zsre,R1_learned_ff,0,100,100,unseen_answer_changed,"{""evaluated_value"":0.09,""numerator"":9.0,""planned"":100,""scored"":100,""status"":""complete"",""status_counts"":{""ok"":100},""value"":0.09}"
61348508e40d54351613ab14,zsre,R1_learned_ff,0,100,300,LS_terminated,"{""evaluated_value"":0.98,""numerator"":49.0,""planned"":50,""scored"":50,""status"":""complete"",""status_counts"":{""ok"":50},""value"":0.98}"
61348508e40d54351613ab14,zsre,R1_learned_ff,0,100,300,locality,"{""expected_n"":50,""preserved_fraction"":1.0,""preserved_n"":50,""preserved_terminated_fraction"":0.98,""preserved_terminated_n"":49,""primary_convention"":""DEC-053 bounded exact decoded-text equality, no normalization or termination requirement"",""query_truncated_n"":1,""reference_truncated_n"":1,""scored_n"":50,""secondary_convention"":""same decoded text and neither side truncated"",""status"":""complete"",""truncated_pair_n"":1,""unavailable_n"":0}"
61348508e40d54351613ab14,zsre,R1_learned_ff,0,100,300,unseen_false_fire,"{""evaluated_value"":0.09,""numerator"":9.0,""planned"":100,""scored"":100,""status"":""complete"",""status_counts"":{""ok"":100},""value"":0.09,""wilson_evaluated"":{""confidence"":0.95,""interpretation"":""descriptive binomial reference; fixed development data/selection and dependent prompts limit population inference"",""lower"":0.04807254000256516,""upper"":0.1622621285271631},""wilson_full_inventory"":{""confidence"":0.95,""interpretation"":""descriptive binomial reference; fixed development data/selection and dependent prompts limit population inference"",""lower"":0.04807254000256516,""upper"":0.1622621285271631}}"
61348508e40d54351613ab14,zsre,R1_learned_ff,0,100,300,unseen_answer_changed,"{""evaluated_value"":0.09,""numerator"":9.0,""planned"":100,""scored"":100,""status"":""complete"",""status_counts"":{""ok"":100},""value"":0.09}"
61348508e40d54351613ab14,zsre,R1_learned_ff,0,100,1000,LS_terminated,"{""evaluated_value"":0.98,""numerator"":49.0,""planned"":50,""scored"":50,""status"":""complete"",""status_counts"":{""ok"":50},""value"":0.98}"
61348508e40d54351613ab14,zsre,R1_learned_ff,0,100,1000,locality,"{""expected_n"":50,""preserved_fraction"":1.0,""preserved_n"":50,""preserved_terminated_fraction"":0.98,""preserved_terminated_n"":49,""primary_convention"":""DEC-053 bounded exact decoded-text equality, no normalization or termination requirement"",""query_truncated_n"":1,""reference_truncated_n"":1,""scored_n"":50,""secondary_convention"":""same decoded text and neither side truncated"",""status"":""complete"",""truncated_pair_n"":1,""unavailable_n"":0}"
61348508e40d54351613ab14,zsre,R1_learned_ff,0,100,1000,unseen_false_fire,"{""evaluated_value"":0.09,""numerator"":9.0,""planned"":100,""scored"":100,""status"":""complete"",""status_counts"":{""ok"":100},""value"":0.09,""wilson_evaluated"":{""confidence"":0.95,""interpretation"":""descriptive binomial reference; fixed development data/selection and dependent prompts limit population inference"",""lower"":0.04807254000256516,""upper"":0.1622621285271631},""wilson_full_inventory"":{""confidence"":0.95,""interpretation"":""descriptive binomial reference; fixed development data/selection and dependent prompts limit population inference"",""lower"":0.04807254000256516,""upper"":0.1622621285271631}}"
61348508e40d54351613ab14,zsre,R1_learned_ff,0,100,1000,unseen_answer_changed,"{""evaluated_value"":0.09,""numerator"":9.0,""planned"":100,""scored"":100,""status"":""complete"",""status_counts"":{""ok"":100},""value"":0.09}"
61348508e40d54351613ab14,zsre,R1_learned_ff,0,100,1000,near_miss,"{""expected_n"":100,""preserved_fraction"":0.86,""preserved_n"":86,""preserved_terminated_fraction"":0.86,""preserved_terminated_n"":86,""primary_convention"":""DEC-053 bounded exact decoded-text equality, no normalization or termination requirement"",""query_truncated_n"":0,""reference_truncated_n"":0,""scored_n"":100,""secondary_convention"":""same decoded text and neither side truncated"",""status"":""complete"",""truncated_pair_n"":0,""unavailable_n"":0}"
61348508e40d54351613ab14,zsre,R1_learned_ff,0,100,1000,near_miss_bounded,"{""evaluated_value"":0.86,""numerator"":86.0,""planned"":100,""scored"":100,""status"":""complete"",""status_counts"":{""ok"":100},""value"":0.86}"
61348508e40d54351613ab14,zsre,R1_learned_ff,0,100,1000,near_miss_terminated,"{""evaluated_value"":0.86,""numerator"":86.0,""planned"":100,""scored"":100,""status"":""complete"",""status_counts"":{""ok"":100},""value"":0.86}"
61348508e40d54351613ab14,zsre,R1_learned_ff,0,100,1000,revision_latest,"{""evaluated_value"":0.98,""numerator"":49.0,""planned"":50,""scored"":50,""status"":""complete"",""status_counts"":{""ok"":50},""value"":0.98}"
61348508e40d54351613ab14,zsre,R1_learned_ff,0,100,1000,revision_semantic,"{""evaluated_value"":0.98,""numerator"":49.0,""planned"":50,""scored"":50,""status"":""complete"",""status_counts"":{""ok"":50},""value"":0.98}"
61348508e40d54351613ab14,zsre,R1_learned_ff,0,100,1000,old_record_retired,"{""evaluated_value"":1.0,""numerator"":50.0,""planned"":50,""scored"":50,""status"":""complete"",""status_counts"":{""ok"":50},""value"":1.0}"
61348508e40d54351613ab14,zsre,R1_learned_ff,0,100,1000,new_record_active,"{""evaluated_value"":1.0,""numerator"":50.0,""planned"":50,""scored"":50,""status"":""complete"",""status_counts"":{""ok"":50},""value"":1.0}"
61348508e40d54351613ab14,zsre,R1_learned_ff,0,100,1000,drift,"{""planned_positions"":16256,""references"":{""capoff"":{""ES95_positive_nats"":0.04252304673215419,""ES99_positive_nats"":0.21261523366077098,""count_above_0_1_nats"":29,""definition"":""fractional empirical top1% mean of positive NLL harm; denominator .01*N"",""exceedances_nats"":{""0.01"":30,""0.1"":29,""1.0"":13},""max_positive_nats"":5.079649900209233,""maximum_position"":""w94:p100"",""mean_positive_nats"":0.00212615233660771,""mean_signed_nats"":0.00208363379288067,""zero_positive_n"":16224},""original"":{""ES95_positive_nats"":0.04252304673215419,""ES99_positive_nats"":0.21261523366077098,""count_above_0_1_nats"":29,""definition"":""fractional empirical top1% mean of positive NLL harm; denominator .01*N"",""exceedances_nats"":{""0.01"":30,""0.1"":29,""1.0"":13},""max_positive_nats"":5.079649900209233,""maximum_position"":""w94:p100"",""mean_positive_nats"":0.00212615233660771,""mean_signed_nats"":0.00208363379288067,""zero_positive_n"":16224}},""scored_positions"":16256,""source_sha256"":""2e67327e54b5fb83e765c2320affcf8cfc4fc30b3996eea06105c850609ee524"",""status"":""complete""}"
88af67fa5945b642e8ba7974,zsre,R1_learned_ff,0,101,100,LS_terminated,"{""evaluated_value"":0.98,""numerator"":49.0,""planned"":50,""scored"":50,""status"":""complete"",""status_counts"":{""ok"":50},""value"":0.98}"
88af67fa5945b642e8ba7974,zsre,R1_learned_ff,0,101,100,locality,"{""expected_n"":50,""preserved_fraction"":1.0,""preserved_n"":50,""preserved_terminated_fraction"":0.98,""preserved_terminated_n"":49,""primary_convention"":""DEC-053 bounded exact decoded-text equality, no normalization or termination requirement"",""query_truncated_n"":1,""reference_truncated_n"":1,""scored_n"":50,""secondary_convention"":""same decoded text and neither side truncated"",""status"":""complete"",""truncated_pair_n"":1,""unavailable_n"":0}"
88af67fa5945b642e8ba7974,zsre,R1_learned_ff,0,101,100,unseen_false_fire,"{""evaluated_value"":0.07,""numerator"":7.0,""planned"":100,""scored"":100,""status"":""complete"",""status_counts"":{""ok"":100},""value"":0.07,""wilson_evaluated"":{""confidence"":0.95,""interpretation"":""descriptive binomial reference; fixed development data/selection and dependent prompts limit population inference"",""lower"":0.03431926106727268,""upper"":0.137495147390735},""wilson_full_inventory"":{""confidence"":0.95,""interpretation"":""descriptive binomial reference; fixed development data/selection and dependent prompts limit population inference"",""lower"":0.03431926106727268,""upper"":0.137495147390735}}"
88af67fa5945b642e8ba7974,zsre,R1_learned_ff,0,101,100,unseen_answer_changed,"{""evaluated_value"":0.07,""numerator"":7.0,""planned"":100,""scored"":100,""status"":""complete"",""status_counts"":{""ok"":100},""value"":0.07}"
88af67fa5945b642e8ba7974,zsre,R1_learned_ff,0,101,300,LS_terminated,"{""evaluated_value"":0.98,""numerator"":49.0,""planned"":50,""scored"":50,""status"":""complete"",""status_counts"":{""ok"":50},""value"":0.98}"
88af67fa5945b642e8ba7974,zsre,R1_learned_ff,0,101,300,locality,"{""expected_n"":50,""preserved_fraction"":1.0,""preserved_n"":50,""preserved_terminated_fraction"":0.98,""preserved_terminated_n"":49,""primary_convention"":""DEC-053 bounded exact decoded-text equality, no normalization or termination requirement"",""query_truncated_n"":1,""reference_truncated_n"":1,""scored_n"":50,""secondary_convention"":""same decoded text and neither side truncated"",""status"":""complete"",""truncated_pair_n"":1,""unavailable_n"":0}"
88af67fa5945b642e8ba7974,zsre,R1_learned_ff,0,101,300,unseen_false_fire,"{""evaluated_value"":0.06,""numerator"":6.0,""planned"":100,""scored"":100,""status"":""complete"",""status_counts"":{""ok"":100},""value"":0.06,""wilson_evaluated"":{""confidence"":0.95,""interpretation"":""descriptive binomial reference; fixed development data/selection and dependent prompts limit population inference"",""lower"":0.027786123963188192,""upper"":0.1247681544589592},""wilson_full_inventory"":{""confidence"":0.95,""interpretation"":""descriptive binomial reference; fixed development data/selection and dependent prompts limit population inference"",""lower"":0.027786123963188192,""upper"":0.1247681544589592}}"
88af67fa5945b642e8ba7974,zsre,R1_learned_ff,0,101,300,unseen_answer_changed,"{""evaluated_value"":0.06,""numerator"":6.0,""planned"":100,""scored"":100,""status"":""complete"",""status_counts"":{""ok"":100},""value"":0.06}"
88af67fa5945b642e8ba7974,zsre,R1_learned_ff,0,101,1000,LS_terminated,"{""evaluated_value"":0.98,""numerator"":49.0,""planned"":50,""scored"":50,""status"":""complete"",""status_counts"":{""ok"":50},""value"":0.98}"
88af67fa5945b642e8ba7974,zsre,R1_learned_ff,0,101,1000,locality,"{""expected_n"":50,""preserved_fraction"":1.0,""preserved_n"":50,""preserved_terminated_fraction"":0.98,""preserved_terminated_n"":49,""primary_convention"":""DEC-053 bounded exact decoded-text equality, no normalization or termination requirement"",""query_truncated_n"":1,""reference_truncated_n"":1,""scored_n"":50,""secondary_convention"":""same decoded text and neither side truncated"",""status"":""complete"",""truncated_pair_n"":1,""unavailable_n"":0}"
88af67fa5945b642e8ba7974,zsre,R1_learned_ff,0,101,1000,unseen_false_fire,"{""evaluated_value"":0.09,""numerator"":9.0,""planned"":100,""scored"":100,""status"":""complete"",""status_counts"":{""ok"":100},""value"":0.09,""wilson_evaluated"":{""confidence"":0.95,""interpretation"":""descriptive binomial reference; fixed development data/selection and dependent prompts limit population inference"",""lower"":0.04807254000256516,""upper"":0.1622621285271631},""wilson_full_inventory"":{""confidence"":0.95,""interpretation"":""descriptive binomial reference; fixed development data/selection and dependent prompts limit population inference"",""lower"":0.04807254000256516,""upper"":0.1622621285271631}}"
88af67fa5945b642e8ba7974,zsre,R1_learned_ff,0,101,1000,unseen_answer_changed,"{""evaluated_value"":0.09,""numerator"":9.0,""planned"":100,""scored"":100,""status"":""complete"",""status_counts"":{""ok"":100},""value"":0.09}"
88af67fa5945b642e8ba7974,zsre,R1_learned_ff,0,101,1000,near_miss,"{""expected_n"":100,""preserved_fraction"":0.86,""preserved_n"":86,""preserved_terminated_fraction"":0.86,""preserved_terminated_n"":86,""primary_convention"":""DEC-053 bounded exact decoded-text equality, no normalization or termination requirement"",""query_truncated_n"":0,""reference_truncated_n"":0,""scored_n"":100,""secondary_convention"":""same decoded text and neither side truncated"",""status"":""complete"",""truncated_pair_n"":0,""unavailable_n"":0}"
88af67fa5945b642e8ba7974,zsre,R1_learned_ff,0,101,1000,near_miss_bounded,"{""evaluated_value"":0.86,""numerator"":86.0,""planned"":100,""scored"":100,""status"":""complete"",""status_counts"":{""ok"":100},""value"":0.86}"
88af67fa5945b642e8ba7974,zsre,R1_learned_ff,0,101,1000,near_miss_terminated,"{""evaluated_value"":0.86,""numerator"":86.0,""planned"":100,""scored"":100,""status"":""complete"",""status_counts"":{""ok"":100},""value"":0.86}"
88af67fa5945b642e8ba7974,zsre,R1_learned_ff,0,101,1000,revision_latest,"{""evaluated_value"":0.98,""numerator"":49.0,""planned"":50,""scored"":50,""status"":""complete"",""status_counts"":{""ok"":50},""value"":0.98}"
88af67fa5945b642e8ba7974,zsre,R1_learned_ff,0,101,1000,revision_semantic,"{""evaluated_value"":0.98,""numerator"":49.0,""planned"":50,""scored"":50,""status"":""complete"",""status_counts"":{""ok"":50},""value"":0.98}"
88af67fa5945b642e8ba7974,zsre,R1_learned_ff,0,101,1000,old_record_retired,"{""evaluated_value"":1.0,""numerator"":50.0,""planned"":50,""scored"":50,""status"":""complete"",""status_counts"":{""ok"":50},""value"":1.0}"
88af67fa5945b642e8ba7974,zsre,R1_learned_ff,0,101,1000,new_record_active,"{""evaluated_value"":1.0,""numerator"":50.0,""planned"":50,""scored"":50,""status"":""complete"",""status_counts"":{""ok"":50},""value"":1.0}"
88af67fa5945b642e8ba7974,zsre,R1_learned_ff,0,101,1000,drift,"{""planned_positions"":16256,""references"":{""capoff"":{""ES95_positive_nats"":0.04252304673215419,""ES99_positive_nats"":0.21261523366077098,""count_above_0_1_nats"":29,""definition"":""fractional empirical top1% mean of positive NLL harm; denominator .01*N"",""exceedances_nats"":{""0.01"":30,""0.1"":29,""1.0"":13},""max_positive_nats"":5.079649900209233,""maximum_position"":""w94:p100"",""mean_positive_nats"":0.00212615233660771,""mean_signed_nats"":0.00208363379288067,""zero_positive_n"":16224},""original"":{""ES95_positive_nats"":0.04252304673215419,""ES99_positive_nats"":0.21261523366077098,""count_above_0_1_nats"":29,""definition"":""fractional empirical top1% mean of positive NLL harm; denominator .01*N"",""exceedances_nats"":{""0.01"":30,""0.1"":29,""1.0"":13},""max_positive_nats"":5.079649900209233,""maximum_position"":""w94:p100"",""mean_positive_nats"":0.00212615233660771,""mean_signed_nats"":0.00208363379288067,""zero_positive_n"":16224}},""scored_positions"":16256,""source_sha256"":""2e67327e54b5fb83e765c2320affcf8cfc4fc30b3996eea06105c850609ee524"",""status"":""complete""}"
915f97b05f3fa2a81de09cdf,zsre,R1_learned_ff,0,102,100,LS_terminated,"{""evaluated_value"":0.98,""numerator"":49.0,""planned"":50,""scored"":50,""status"":""complete"",""status_counts"":{""ok"":50},""value"":0.98}"
915f97b05f3fa2a81de09cdf,zsre,R1_learned_ff,0,102,100,locality,"{""expected_n"":50,""preserved_fraction"":1.0,""preserved_n"":50,""preserved_terminated_fraction"":0.98,""preserved_terminated_n"":49,""primary_convention"":""DEC-053 bounded exact decoded-text equality, no normalization or termination requirement"",""query_truncated_n"":1,""reference_truncated_n"":1,""scored_n"":50,""secondary_convention"":""same decoded text and neither side truncated"",""status"":""complete"",""truncated_pair_n"":1,""unavailable_n"":0}"
915f97b05f3fa2a81de09cdf,zsre,R1_learned_ff,0,102,100,unseen_false_fire,"{""evaluated_value"":0.13,""numerator"":13.0,""planned"":100,""scored"":100,""status"":""complete"",""status_counts"":{""ok"":100},""value"":0.13,""wilson_evaluated"":{""confidence"":0.95,""interpretation"":""descriptive binomial reference; fixed development data/selection and dependent prompts limit population inference"",""lower"":0.07757167427240512,""upper"":0.20980351440076428},""wilson_full_inventory"":{""confidence"":0.95,""interpretation"":""descriptive binomial reference; fixed development data/selection and dependent prompts limit population inference"",""lower"":0.07757167427240512,""upper"":0.20980351440076428}}"
915f97b05f3fa2a81de09cdf,zsre,R1_learned_ff,0,102,100,unseen_answer_changed,"{""evaluated_value"":0.13,""numerator"":13.0,""planned"":100,""scored"":100,""status"":""complete"",""status_counts"":{""ok"":100},""value"":0.13}"
915f97b05f3fa2a81de09cdf,zsre,R1_learned_ff,0,102,300,LS_terminated,"{""evaluated_value"":0.98,""numerator"":49.0,""planned"":50,""scored"":50,""status"":""complete"",""status_counts"":{""ok"":50},""value"":0.98}"
915f97b05f3fa2a81de09cdf,zsre,R1_learned_ff,0,102,300,locality,"{""expected_n"":50,""preserved_fraction"":1.0,""preserved_n"":50,""preserved_terminated_fraction"":0.98,""preserved_terminated_n"":49,""primary_convention"":""DEC-053 bounded exact decoded-text equality, no normalization or termination requirement"",""query_truncated_n"":1,""reference_truncated_n"":1,""scored_n"":50,""secondary_convention"":""same decoded text and neither side truncated"",""status"":""complete"",""truncated_pair_n"":1,""unavailable_n"":0}"
915f97b05f3fa2a81de09cdf,zsre,R1_learned_ff,0,102,300,unseen_false_fire,"{""evaluated_value"":0.08,""numerator"":8.0,""planned"":100,""scored"":100,""status"":""complete"",""status_counts"":{""ok"":100},""value"":0.08,""wilson_evaluated"":{""confidence"":0.95,""interpretation"":""descriptive binomial reference; fixed development data/selection and dependent prompts limit population inference"",""lower"":0.041093461484380624,""upper"":0.14998107700948735},""wilson_full_inventory"":{""confidence"":0.95,""interpretation"":""descriptive binomial reference; fixed development data/selection and dependent prompts limit population inference"",""lower"":0.041093461484380624,""upper"":0.14998107700948735}}"
915f97b05f3fa2a81de09cdf,zsre,R1_learned_ff,0,102,300,unseen_answer_changed,"{""evaluated_value"":0.08,""numerator"":8.0,""planned"":100,""scored"":100,""status"":""complete"",""status_counts"":{""ok"":100},""value"":0.08}"
915f97b05f3fa2a81de09cdf,zsre,R1_learned_ff,0,102,1000,LS_terminated,"{""evaluated_value"":0.98,""numerator"":49.0,""planned"":50,""scored"":50,""status"":""complete"",""status_counts"":{""ok"":50},""value"":0.98}"
915f97b05f3fa2a81de09cdf,zsre,R1_learned_ff,0,102,1000,locality,"{""expected_n"":50,""preserved_fraction"":1.0,""preserved_n"":50,""preserved_terminated_fraction"":0.98,""preserved_terminated_n"":49,""primary_convention"":""DEC-053 bounded exact decoded-text equality, no normalization or termination requirement"",""query_truncated_n"":1,""reference_truncated_n"":1,""scored_n"":50,""secondary_convention"":""same decoded text and neither side truncated"",""status"":""complete"",""truncated_pair_n"":1,""unavailable_n"":0}"
915f97b05f3fa2a81de09cdf,zsre,R1_learned_ff,0,102,1000,unseen_false_fire,"{""evaluated_value"":0.09,""numerator"":9.0,""planned"":100,""scored"":100,""status"":""complete"",""status_counts"":{""ok"":100},""value"":0.09,""wilson_evaluated"":{""confidence"":0.95,""interpretation"":""descriptive binomial reference; fixed development data/selection and dependent prompts limit population inference"",""lower"":0.04807254000256516,""upper"":0.1622621285271631},""wilson_full_inventory"":{""confidence"":0.95,""interpretation"":""descriptive binomial reference; fixed development data/selection and dependent prompts limit population inference"",""lower"":0.04807254000256516,""upper"":0.1622621285271631}}"
915f97b05f3fa2a81de09cdf,zsre,R1_learned_ff,0,102,1000,unseen_answer_changed,"{""evaluated_value"":0.09,""numerator"":9.0,""planned"":100,""scored"":100,""status"":""complete"",""status_counts"":{""ok"":100},""value"":0.09}"
915f97b05f3fa2a81de09cdf,zsre,R1_learned_ff,0,102,1000,near_miss,"{""expected_n"":100,""preserved_fraction"":0.86,""preserved_n"":86,""preserved_terminated_fraction"":0.86,""preserved_terminated_n"":86,""primary_convention"":""DEC-053 bounded exact decoded-text equality, no normalization or termination requirement"",""query_truncated_n"":0,""reference_truncated_n"":0,""scored_n"":100,""secondary_convention"":""same decoded text and neither side truncated"",""status"":""complete"",""truncated_pair_n"":0,""unavailable_n"":0}"
915f97b05f3fa2a81de09cdf,zsre,R1_learned_ff,0,102,1000,near_miss_bounded,"{""evaluated_value"":0.86,""numerator"":86.0,""planned"":100,""scored"":100,""status"":""complete"",""status_counts"":{""ok"":100},""value"":0.86}"
915f97b05f3fa2a81de09cdf,zsre,R1_learned_ff,0,102,1000,near_miss_terminated,"{""evaluated_value"":0.86,""numerator"":86.0,""planned"":100,""scored"":100,""status"":""complete"",""status_counts"":{""ok"":100},""value"":0.86}"
915f97b05f3fa2a81de09cdf,zsre,R1_learned_ff,0,102,1000,revision_latest,"{""evaluated_value"":0.98,""numerator"":49.0,""planned"":50,""scored"":50,""status"":""complete"",""status_counts"":{""ok"":50},""value"":0.98}"
915f97b05f3fa2a81de09cdf,zsre,R1_learned_ff,0,102,1000,revision_semantic,"{""evaluated_value"":0.98,""numerator"":49.0,""planned"":50,""scored"":50,""status"":""complete"",""status_counts"":{""ok"":50},""value"":0.98}"
915f97b05f3fa2a81de09cdf,zsre,R1_learned_ff,0,102,1000,old_record_retired,"{""evaluated_value"":1.0,""numerator"":50.0,""planned"":50,""scored"":50,""status"":""complete"",""status_counts"":{""ok"":50},""value"":1.0}"
915f97b05f3fa2a81de09cdf,zsre,R1_learned_ff,0,102,1000,new_record_active,"{""evaluated_value"":1.0,""numerator"":50.0,""planned"":50,""scored"":50,""status"":""complete"",""status_counts"":{""ok"":50},""value"":1.0}"
915f97b05f3fa2a81de09cdf,zsre,R1_learned_ff,0,102,1000,drift,"{""planned_positions"":16256,""references"":{""capoff"":{""ES95_positive_nats"":0.04252304673215419,""ES99_positive_nats"":0.21261523366077098,""count_above_0_1_nats"":29,""definition"":""fractional empirical top1% mean of positive NLL harm; denominator .01*N"",""exceedances_nats"":{""0.01"":30,""0.1"":29,""1.0"":13},""max_positive_nats"":5.079649900209233,""maximum_position"":""w94:p100"",""mean_positive_nats"":0.00212615233660771,""mean_signed_nats"":0.00208363379288067,""zero_positive_n"":16224},""original"":{""ES95_positive_nats"":0.04252304673215419,""ES99_positive_nats"":0.21261523366077098,""count_above_0_1_nats"":29,""definition"":""fractional empirical top1% mean of positive NLL harm; denominator .01*N"",""exceedances_nats"":{""0.01"":30,""0.1"":29,""1.0"":13},""max_positive_nats"":5.079649900209233,""maximum_position"":""w94:p100"",""mean_positive_nats"":0.00212615233660771,""mean_signed_nats"":0.00208363379288067,""zero_positive_n"":16224}},""scored_positions"":16256,""source_sha256"":""2e67327e54b5fb83e765c2320affcf8cfc4fc30b3996eea06105c850609ee524"",""status"":""complete""}"
4aa4849ba414edab2504f56b,zsre,R1_learned_ff,0,103,100,LS_terminated,"{""evaluated_value"":0.98,""numerator"":49.0,""planned"":50,""scored"":50,""status"":""complete"",""status_counts"":{""ok"":50},""value"":0.98}"
4aa4849ba414edab2504f56b,zsre,R1_learned_ff,0,103,100,locality,"{""expected_n"":50,""preserved_fraction"":1.0,""preserved_n"":50,""preserved_terminated_fraction"":0.98,""preserved_terminated_n"":49,""primary_convention"":""DEC-053 bounded exact decoded-text equality, no normalization or termination requirement"",""query_truncated_n"":1,""reference_truncated_n"":1,""scored_n"":50,""secondary_convention"":""same decoded text and neither side truncated"",""status"":""complete"",""truncated_pair_n"":1,""unavailable_n"":0}"
4aa4849ba414edab2504f56b,zsre,R1_learned_ff,0,103,100,unseen_false_fire,"{""evaluated_value"":0.04,""numerator"":4.0,""planned"":100,""scored"":100,""status"":""complete"",""status_counts"":{""ok"":100},""value"":0.04,""wilson_evaluated"":{""confidence"":0.95,""interpretation"":""descriptive binomial reference; fixed development data/selection and dependent prompts limit population inference"",""lower"":0.01566330399154762,""upper"":0.0983707143588792},""wilson_full_inventory"":{""confidence"":0.95,""interpretation"":""descriptive binomial reference; fixed development data/selection and dependent prompts limit population inference"",""lower"":0.01566330399154762,""upper"":0.0983707143588792}}"
4aa4849ba414edab2504f56b,zsre,R1_learned_ff,0,103,100,unseen_answer_changed,"{""evaluated_value"":0.04,""numerator"":4.0,""planned"":100,""scored"":100,""status"":""complete"",""status_counts"":{""ok"":100},""value"":0.04}"
4aa4849ba414edab2504f56b,zsre,R1_learned_ff,0,103,300,LS_terminated,"{""evaluated_value"":0.98,""numerator"":49.0,""planned"":50,""scored"":50,""status"":""complete"",""status_counts"":{""ok"":50},""value"":0.98}"
4aa4849ba414edab2504f56b,zsre,R1_learned_ff,0,103,300,locality,"{""expected_n"":50,""preserved_fraction"":1.0,""preserved_n"":50,""preserved_terminated_fraction"":0.98,""preserved_terminated_n"":49,""primary_convention"":""DEC-053 bounded exact decoded-text equality, no normalization or termination requirement"",""query_truncated_n"":1,""reference_truncated_n"":1,""scored_n"":50,""secondary_convention"":""same decoded text and neither side truncated"",""status"":""complete"",""truncated_pair_n"":1,""unavailable_n"":0}"
4aa4849ba414edab2504f56b,zsre,R1_learned_ff,0,103,300,unseen_false_fire,"{""evaluated_value"":0.09,""numerator"":9.0,""planned"":100,""scored"":100,""status"":""complete"",""status_counts"":{""ok"":100},""value"":0.09,""wilson_evaluated"":{""confidence"":0.95,""interpretation"":""descriptive binomial reference; fixed development data/selection and dependent prompts limit population inference"",""lower"":0.04807254000256516,""upper"":0.1622621285271631},""wilson_full_inventory"":{""confidence"":0.95,""interpretation"":""descriptive binomial reference; fixed development data/selection and dependent prompts limit population inference"",""lower"":0.04807254000256516,""upper"":0.1622621285271631}}"
4aa4849ba414edab2504f56b,zsre,R1_learned_ff,0,103,300,unseen_answer_changed,"{""evaluated_value"":0.09,""numerator"":9.0,""planned"":100,""scored"":100,""status"":""complete"",""status_counts"":{""ok"":100},""value"":0.09}"
4aa4849ba414edab2504f56b,zsre,R1_learned_ff,0,103,1000,LS_terminated,"{""evaluated_value"":0.98,""numerator"":49.0,""planned"":50,""scored"":50,""status"":""complete"",""status_counts"":{""ok"":50},""value"":0.98}"
4aa4849ba414edab2504f56b,zsre,R1_learned_ff,0,103,1000,locality,"{""expected_n"":50,""preserved_fraction"":1.0,""preserved_n"":50,""preserved_terminated_fraction"":0.98,""preserved_terminated_n"":49,""primary_convention"":""DEC-053 bounded exact decoded-text equality, no normalization or termination requirement"",""query_truncated_n"":1,""reference_truncated_n"":1,""scored_n"":50,""secondary_convention"":""same decoded text and neither side truncated"",""status"":""complete"",""truncated_pair_n"":1,""unavailable_n"":0}"
4aa4849ba414edab2504f56b,zsre,R1_learned_ff,0,103,1000,unseen_false_fire,"{""evaluated_value"":0.09,""numerator"":9.0,""planned"":100,""scored"":100,""status"":""complete"",""status_counts"":{""ok"":100},""value"":0.09,""wilson_evaluated"":{""confidence"":0.95,""interpretation"":""descriptive binomial reference; fixed development data/selection and dependent prompts limit population inference"",""lower"":0.04807254000256516,""upper"":0.1622621285271631},""wilson_full_inventory"":{""confidence"":0.95,""interpretation"":""descriptive binomial reference; fixed development data/selection and dependent prompts limit population inference"",""lower"":0.04807254000256516,""upper"":0.1622621285271631}}"
4aa4849ba414edab2504f56b,zsre,R1_learned_ff,0,103,1000,unseen_answer_changed,"{""evaluated_value"":0.09,""numerator"":9.0,""planned"":100,""scored"":100,""status"":""complete"",""status_counts"":{""ok"":100},""value"":0.09}"
4aa4849ba414edab2504f56b,zsre,R1_learned_ff,0,103,1000,near_miss,"{""expected_n"":100,""preserved_fraction"":0.86,""preserved_n"":86,""preserved_terminated_fraction"":0.86,""preserved_terminated_n"":86,""primary_convention"":""DEC-053 bounded exact decoded-text equality, no normalization or termination requirement"",""query_truncated_n"":0,""reference_truncated_n"":0,""scored_n"":100,""secondary_convention"":""same decoded text and neither side truncated"",""status"":""complete"",""truncated_pair_n"":0,""unavailable_n"":0}"
4aa4849ba414edab2504f56b,zsre,R1_learned_ff,0,103,1000,near_miss_bounded,"{""evaluated_value"":0.86,""numerator"":86.0,""planned"":100,""scored"":100,""status"":""complete"",""status_counts"":{""ok"":100},""value"":0.86}"
4aa4849ba414edab2504f56b,zsre,R1_learned_ff,0,103,1000,near_miss_terminated,"{""evaluated_value"":0.86,""numerator"":86.0,""planned"":100,""scored"":100,""status"":""complete"",""status_counts"":{""ok"":100},""value"":0.86}"
4aa4849ba414edab2504f56b,zsre,R1_learned_ff,0,103,1000,revision_latest,"{""evaluated_value"":0.98,""numerator"":49.0,""planned"":50,""scored"":50,""status"":""complete"",""status_counts"":{""ok"":50},""value"":0.98}"
4aa4849ba414edab2504f56b,zsre,R1_learned_ff,0,103,1000,revision_semantic,"{""evaluated_value"":0.98,""numerator"":49.0,""planned"":50,""scored"":50,""status"":""complete"",""status_counts"":{""ok"":50},""value"":0.98}"
4aa4849ba414edab2504f56b,zsre,R1_learned_ff,0,103,1000,old_record_retired,"{""evaluated_value"":1.0,""numerator"":50.0,""planned"":50,""scored"":50,""status"":""complete"",""status_counts"":{""ok"":50},""value"":1.0}"
4aa4849ba414edab2504f56b,zsre,R1_learned_ff,0,103,1000,new_record_active,"{""evaluated_value"":1.0,""numerator"":50.0,""planned"":50,""scored"":50,""status"":""complete"",""status_counts"":{""ok"":50},""value"":1.0}"
4aa4849ba414edab2504f56b,zsre,R1_learned_ff,0,103,1000,drift,"{""planned_positions"":16256,""references"":{""capoff"":{""ES95_positive_nats"":0.04252304673215419,""ES99_positive_nats"":0.21261523366077098,""count_above_0_1_nats"":29,""definition"":""fractional empirical top1% mean of positive NLL harm; denominator .01*N"",""exceedances_nats"":{""0.01"":30,""0.1"":29,""1.0"":13},""max_positive_nats"":5.079649900209233,""maximum_position"":""w94:p100"",""mean_positive_nats"":0.00212615233660771,""mean_signed_nats"":0.00208363379288067,""zero_positive_n"":16224},""original"":{""ES95_positive_nats"":0.04252304673215419,""ES99_positive_nats"":0.21261523366077098,""count_above_0_1_nats"":29,""definition"":""fractional empirical top1% mean of positive NLL harm; denominator .01*N"",""exceedances_nats"":{""0.01"":30,""0.1"":29,""1.0"":13},""max_positive_nats"":5.079649900209233,""maximum_position"":""w94:p100"",""mean_positive_nats"":0.00212615233660771,""mean_signed_nats"":0.00208363379288067,""zero_positive_n"":16224}},""scored_positions"":16256,""source_sha256"":""2e67327e54b5fb83e765c2320affcf8cfc4fc30b3996eea06105c850609ee524"",""status"":""complete""}"
9ebc93cc7912bd5d1c929418,zsre,R1_learned_ff,0,104,100,LS_terminated,"{""evaluated_value"":0.98,""numerator"":49.0,""planned"":50,""scored"":50,""status"":""complete"",""status_counts"":{""ok"":50},""value"":0.98}"
9ebc93cc7912bd5d1c929418,zsre,R1_learned_ff,0,104,100,locality,"{""expected_n"":50,""preserved_fraction"":1.0,""preserved_n"":50,""preserved_terminated_fraction"":0.98,""preserved_terminated_n"":49,""primary_convention"":""DEC-053 bounded exact decoded-text equality, no normalization or termination requirement"",""query_truncated_n"":1,""reference_truncated_n"":1,""scored_n"":50,""secondary_convention"":""same decoded text and neither side truncated"",""status"":""complete"",""truncated_pair_n"":1,""unavailable_n"":0}"
9ebc93cc7912bd5d1c929418,zsre,R1_learned_ff,0,104,100,unseen_false_fire,"{""evaluated_value"":0.11,""numerator"":11.0,""planned"":100,""scored"":100,""status"":""complete"",""status_counts"":{""ok"":100},""value"":0.11,""wilson_evaluated"":{""confidence"":0.95,""interpretation"":""descriptive binomial reference; fixed development data/selection and dependent prompts limit population inference"",""lower"":0.06254196357064568,""upper"":0.18631296503080313},""wilson_full_inventory"":{""confidence"":0.95,""interpretation"":""descriptive binomial reference; fixed development data/selection and dependent prompts limit population inference"",""lower"":0.06254196357064568,""upper"":0.18631296503080313}}"
9ebc93cc7912bd5d1c929418,zsre,R1_learned_ff,0,104,100,unseen_answer_changed,"{""evaluated_value"":0.11,""numerator"":11.0,""planned"":100,""scored"":100,""status"":""complete"",""status_counts"":{""ok"":100},""value"":0.11}"
9ebc93cc7912bd5d1c929418,zsre,R1_learned_ff,0,104,300,LS_terminated,"{""evaluated_value"":0.98,""numerator"":49.0,""planned"":50,""scored"":50,""status"":""complete"",""status_counts"":{""ok"":50},""value"":0.98}"
9ebc93cc7912bd5d1c929418,zsre,R1_learned_ff,0,104,300,locality,"{""expected_n"":50,""preserved_fraction"":1.0,""preserved_n"":50,""preserved_terminated_fraction"":0.98,""preserved_terminated_n"":49,""primary_convention"":""DEC-053 bounded exact decoded-text equality, no normalization or termination requirement"",""query_truncated_n"":1,""reference_truncated_n"":1,""scored_n"":50,""secondary_convention"":""same decoded text and neither side truncated"",""status"":""complete"",""truncated_pair_n"":1,""unavailable_n"":0}"
9ebc93cc7912bd5d1c929418,zsre,R1_learned_ff,0,104,300,unseen_false_fire,"{""evaluated_value"":0.07,""numerator"":7.0,""planned"":100,""scored"":100,""status"":""complete"",""status_counts"":{""ok"":100},""value"":0.07,""wilson_evaluated"":{""confidence"":0.95,""interpretation"":""descriptive binomial reference; fixed development data/selection and dependent prompts limit population inference"",""lower"":0.03431926106727268,""upper"":0.137495147390735},""wilson_full_inventory"":{""confidence"":0.95,""interpretation"":""descriptive binomial reference; fixed development data/selection and dependent prompts limit population inference"",""lower"":0.03431926106727268,""upper"":0.137495147390735}}"
9ebc93cc7912bd5d1c929418,zsre,R1_learned_ff,0,104,300,unseen_answer_changed,"{""evaluated_value"":0.07,""numerator"":7.0,""planned"":100,""scored"":100,""status"":""complete"",""status_counts"":{""ok"":100},""value"":0.07}"
9ebc93cc7912bd5d1c929418,zsre,R1_learned_ff,0,104,1000,LS_terminated,"{""evaluated_value"":0.98,""numerator"":49.0,""planned"":50,""scored"":50,""status"":""complete"",""status_counts"":{""ok"":50},""value"":0.98}"
9ebc93cc7912bd5d1c929418,zsre,R1_learned_ff,0,104,1000,locality,"{""expected_n"":50,""preserved_fraction"":1.0,""preserved_n"":50,""preserved_terminated_fraction"":0.98,""preserved_terminated_n"":49,""primary_convention"":""DEC-053 bounded exact decoded-text equality, no normalization or termination requirement"",""query_truncated_n"":1,""reference_truncated_n"":1,""scored_n"":50,""secondary_convention"":""same decoded text and neither side truncated"",""status"":""complete"",""truncated_pair_n"":1,""unavailable_n"":0}"
9ebc93cc7912bd5d1c929418,zsre,R1_learned_ff,0,104,1000,unseen_false_fire,"{""evaluated_value"":0.09,""numerator"":9.0,""planned"":100,""scored"":100,""status"":""complete"",""status_counts"":{""ok"":100},""value"":0.09,""wilson_evaluated"":{""confidence"":0.95,""interpretation"":""descriptive binomial reference; fixed development data/selection and dependent prompts limit population inference"",""lower"":0.04807254000256516,""upper"":0.1622621285271631},""wilson_full_inventory"":{""confidence"":0.95,""interpretation"":""descriptive binomial reference; fixed development data/selection and dependent prompts limit population inference"",""lower"":0.04807254000256516,""upper"":0.1622621285271631}}"
9ebc93cc7912bd5d1c929418,zsre,R1_learned_ff,0,104,1000,unseen_answer_changed,"{""evaluated_value"":0.09,""numerator"":9.0,""planned"":100,""scored"":100,""status"":""complete"",""status_counts"":{""ok"":100},""value"":0.09}"
9ebc93cc7912bd5d1c929418,zsre,R1_learned_ff,0,104,1000,near_miss,"{""expected_n"":100,""preserved_fraction"":0.86,""preserved_n"":86,""preserved_terminated_fraction"":0.86,""preserved_terminated_n"":86,""primary_convention"":""DEC-053 bounded exact decoded-text equality, no normalization or termination requirement"",""query_truncated_n"":0,""reference_truncated_n"":0,""scored_n"":100,""secondary_convention"":""same decoded text and neither side truncated"",""status"":""complete"",""truncated_pair_n"":0,""unavailable_n"":0}"
9ebc93cc7912bd5d1c929418,zsre,R1_learned_ff,0,104,1000,near_miss_bounded,"{""evaluated_value"":0.86,""numerator"":86.0,""planned"":100,""scored"":100,""status"":""complete"",""status_counts"":{""ok"":100},""value"":0.86}"
9ebc93cc7912bd5d1c929418,zsre,R1_learned_ff,0,104,1000,near_miss_terminated,"{""evaluated_value"":0.86,""numerator"":86.0,""planned"":100,""scored"":100,""status"":""complete"",""status_counts"":{""ok"":100},""value"":0.86}"
9ebc93cc7912bd5d1c929418,zsre,R1_learned_ff,0,104,1000,revision_latest,"{""evaluated_value"":0.98,""numerator"":49.0,""planned"":50,""scored"":50,""status"":""complete"",""status_counts"":{""ok"":50},""value"":0.98}"
9ebc93cc7912bd5d1c929418,zsre,R1_learned_ff,0,104,1000,revision_semantic,"{""evaluated_value"":0.98,""numerator"":49.0,""planned"":50,""scored"":50,""status"":""complete"",""status_counts"":{""ok"":50},""value"":0.98}"
9ebc93cc7912bd5d1c929418,zsre,R1_learned_ff,0,104,1000,old_record_retired,"{""evaluated_value"":1.0,""numerator"":50.0,""planned"":50,""scored"":50,""status"":""complete"",""status_counts"":{""ok"":50},""value"":1.0}"
9ebc93cc7912bd5d1c929418,zsre,R1_learned_ff,0,104,1000,new_record_active,"{""evaluated_value"":1.0,""numerator"":50.0,""planned"":50,""scored"":50,""status"":""complete"",""status_counts"":{""ok"":50},""value"":1.0}"
9ebc93cc7912bd5d1c929418,zsre,R1_learned_ff,0,104,1000,drift,"{""planned_positions"":16256,""references"":{""capoff"":{""ES95_positive_nats"":0.04252304673215419,""ES99_positive_nats"":0.21261523366077098,""count_above_0_1_nats"":29,""definition"":""fractional empirical top1% mean of positive NLL harm; denominator .01*N"",""exceedances_nats"":{""0.01"":30,""0.1"":29,""1.0"":13},""max_positive_nats"":5.079649900209233,""maximum_position"":""w94:p100"",""mean_positive_nats"":0.00212615233660771,""mean_signed_nats"":0.00208363379288067,""zero_positive_n"":16224},""original"":{""ES95_positive_nats"":0.04252304673215419,""ES99_positive_nats"":0.21261523366077098,""count_above_0_1_nats"":29,""definition"":""fractional empirical top1% mean of positive NLL harm; denominator .01*N"",""exceedances_nats"":{""0.01"":30,""0.1"":29,""1.0"":13},""max_positive_nats"":5.079649900209233,""maximum_position"":""w94:p100"",""mean_positive_nats"":0.00212615233660771,""mean_signed_nats"":0.00208363379288067,""zero_positive_n"":16224}},""scored_positions"":16256,""source_sha256"":""2e67327e54b5fb83e765c2320affcf8cfc4fc30b3996eea06105c850609ee524"",""status"":""complete""}"
ce0d0ffc2a58a60e27c460d9,counterfact,R1_learned_ff,0,100,100,LS_terminated,"{""evaluated_value"":0.78,""numerator"":39.0,""planned"":50,""scored"":50,""status"":""complete"",""status_counts"":{""ok"":50},""value"":0.78}"
ce0d0ffc2a58a60e27c460d9,counterfact,R1_learned_ff,0,100,100,locality,"{""expected_n"":50,""preserved_fraction"":1.0,""preserved_n"":50,""preserved_terminated_fraction"":0.78,""preserved_terminated_n"":39,""primary_convention"":""DEC-053 bounded exact decoded-text equality, no normalization or termination requirement"",""query_truncated_n"":11,""reference_truncated_n"":11,""scored_n"":50,""secondary_convention"":""same decoded text and neither side truncated"",""status"":""complete"",""truncated_pair_n"":11,""unavailable_n"":0}"
ce0d0ffc2a58a60e27c460d9,counterfact,R1_learned_ff,0,100,100,unseen_false_fire,"{""evaluated_value"":0.0,""numerator"":0.0,""planned"":100,""scored"":100,""status"":""complete"",""status_counts"":{""ok"":100},""value"":0.0,""wilson_evaluated"":{""confidence"":0.95,""interpretation"":""descriptive binomial reference; fixed development data/selection and dependent prompts limit population inference"",""lower"":3.469446951953614e-18,""upper"":0.03699349820698568},""wilson_full_inventory"":{""confidence"":0.95,""interpretation"":""descriptive binomial reference; fixed development data/selection and dependent prompts limit population inference"",""lower"":3.469446951953614e-18,""upper"":0.03699349820698568}}"
ce0d0ffc2a58a60e27c460d9,counterfact,R1_learned_ff,0,100,100,unseen_answer_changed,"{""evaluated_value"":0.0,""numerator"":0.0,""planned"":100,""scored"":100,""status"":""complete"",""status_counts"":{""ok"":100},""value"":0.0}"
ce0d0ffc2a58a60e27c460d9,counterfact,R1_learned_ff,0,100,300,LS_terminated,"{""evaluated_value"":0.78,""numerator"":39.0,""planned"":50,""scored"":50,""status"":""complete"",""status_counts"":{""ok"":50},""value"":0.78}"
ce0d0ffc2a58a60e27c460d9,counterfact,R1_learned_ff,0,100,300,locality,"{""expected_n"":50,""preserved_fraction"":1.0,""preserved_n"":50,""preserved_terminated_fraction"":0.78,""preserved_terminated_n"":39,""primary_convention"":""DEC-053 bounded exact decoded-text equality, no normalization or termination requirement"",""query_truncated_n"":11,""reference_truncated_n"":11,""scored_n"":50,""secondary_convention"":""same decoded text and neither side truncated"",""status"":""complete"",""truncated_pair_n"":11,""unavailable_n"":0}"
ce0d0ffc2a58a60e27c460d9,counterfact,R1_learned_ff,0,100,300,unseen_false_fire,"{""evaluated_value"":0.01,""numerator"":1.0,""planned"":100,""scored"":100,""status"":""complete"",""status_counts"":{""ok"":100},""value"":0.01,""wilson_evaluated"":{""confidence"":0.95,""interpretation"":""descriptive binomial reference; fixed development data/selection and dependent prompts limit population inference"",""lower"":0.0017674320641406505,""upper"":0.054486196178705315},""wilson_full_inventory"":{""confidence"":0.95,""interpretation"":""descriptive binomial reference; fixed development data/selection and dependent prompts limit population inference"",""lower"":0.0017674320641406505,""upper"":0.054486196178705315}}"
ce0d0ffc2a58a60e27c460d9,counterfact,R1_learned_ff,0,100,300,unseen_answer_changed,"{""evaluated_value"":0.01,""numerator"":1.0,""planned"":100,""scored"":100,""status"":""complete"",""status_counts"":{""ok"":100},""value"":0.01}"
ce0d0ffc2a58a60e27c460d9,counterfact,R1_learned_ff,0,100,1000,LS_terminated,"{""evaluated_value"":0.78,""numerator"":39.0,""planned"":50,""scored"":50,""status"":""complete"",""status_counts"":{""ok"":50},""value"":0.78}"
ce0d0ffc2a58a60e27c460d9,counterfact,R1_learned_ff,0,100,1000,locality,"{""expected_n"":50,""preserved_fraction"":1.0,""preserved_n"":50,""preserved_terminated_fraction"":0.78,""preserved_terminated_n"":39,""primary_convention"":""DEC-053 bounded exact decoded-text equality, no normalization or termination requirement"",""query_truncated_n"":11,""reference_truncated_n"":11,""scored_n"":50,""secondary_convention"":""same decoded text and neither side truncated"",""status"":""complete"",""truncated_pair_n"":11,""unavailable_n"":0}"
ce0d0ffc2a58a60e27c460d9,counterfact,R1_learned_ff,0,100,1000,unseen_false_fire,"{""evaluated_value"":0.0,""numerator"":0.0,""planned"":100,""scored"":100,""status"":""complete"",""status_counts"":{""ok"":100},""value"":0.0,""wilson_evaluated"":{""confidence"":0.95,""interpretation"":""descriptive binomial reference; fixed development data/selection and dependent prompts limit population inference"",""lower"":3.469446951953614e-18,""upper"":0.03699349820698568},""wilson_full_inventory"":{""confidence"":0.95,""interpretation"":""descriptive binomial reference; fixed development data/selection and dependent prompts limit population inference"",""lower"":3.469446951953614e-18,""upper"":0.03699349820698568}}"
ce0d0ffc2a58a60e27c460d9,counterfact,R1_learned_ff,0,100,1000,unseen_answer_changed,"{""evaluated_value"":0.0,""numerator"":0.0,""planned"":100,""scored"":100,""status"":""complete"",""status_counts"":{""ok"":100},""value"":0.0}"
ce0d0ffc2a58a60e27c460d9,counterfact,R1_learned_ff,0,100,1000,near_miss,"{""expected_n"":100,""preserved_fraction"":1.0,""preserved_n"":100,""preserved_terminated_fraction"":0.65,""preserved_terminated_n"":65,""primary_convention"":""DEC-053 bounded exact decoded-text equality, no normalization or termination requirement"",""query_truncated_n"":35,""reference_truncated_n"":35,""scored_n"":100,""secondary_convention"":""same decoded text and neither side truncated"",""status"":""complete"",""truncated_pair_n"":35,""unavailable_n"":0}"
ce0d0ffc2a58a60e27c460d9,counterfact,R1_learned_ff,0,100,1000,near_miss_bounded,"{""evaluated_value"":1.0,""numerator"":100.0,""planned"":100,""scored"":100,""status"":""complete"",""status_counts"":{""ok"":100},""value"":1.0}"
ce0d0ffc2a58a60e27c460d9,counterfact,R1_learned_ff,0,100,1000,near_miss_terminated,"{""evaluated_value"":0.65,""numerator"":65.0,""planned"":100,""scored"":100,""status"":""complete"",""status_counts"":{""ok"":100},""value"":0.65}"
ce0d0ffc2a58a60e27c460d9,counterfact,R1_learned_ff,0,100,1000,revision_latest,"{""evaluated_value"":1.0,""numerator"":50.0,""planned"":50,""scored"":50,""status"":""complete"",""status_counts"":{""ok"":50},""value"":1.0}"
ce0d0ffc2a58a60e27c460d9,counterfact,R1_learned_ff,0,100,1000,revision_semantic,"{""evaluated_value"":1.0,""numerator"":50.0,""planned"":50,""scored"":50,""status"":""complete"",""status_counts"":{""ok"":50},""value"":1.0}"
ce0d0ffc2a58a60e27c460d9,counterfact,R1_learned_ff,0,100,1000,old_record_retired,"{""evaluated_value"":1.0,""numerator"":50.0,""planned"":50,""scored"":50,""status"":""complete"",""status_counts"":{""ok"":50},""value"":1.0}"
ce0d0ffc2a58a60e27c460d9,counterfact,R1_learned_ff,0,100,1000,new_record_active,"{""evaluated_value"":1.0,""numerator"":50.0,""planned"":50,""scored"":50,""status"":""complete"",""status_counts"":{""ok"":50},""value"":1.0}"
ce0d0ffc2a58a60e27c460d9,counterfact,R1_learned_ff,0,100,1000,drift,"{""planned_positions"":16256,""references"":{""capoff"":{""ES95_positive_nats"":0.16179202704406428,""ES99_positive_nats"":0.8089601352203215,""count_above_0_1_nats"":55,""definition"":""fractional empirical top1% mean of positive NLL harm; denominator .01*N"",""exceedances_nats"":{""0.01"":55,""0.1"":55,""1.0"":35},""max_positive_nats"":9.277199791233755,""maximum_position"":""w126:p21"",""mean_positive_nats"":0.008089601352203215,""mean_signed_nats"":0.007874420647305301,""zero_positive_n"":16200},""original"":{""ES95_positive_nats"":0.16179202704406428,""ES99_positive_nats"":0.8089601352203215,""count_above_0_1_nats"":55,""definition"":""fractional empirical top1% mean of positive NLL harm; denominator .01*N"",""exceedances_nats"":{""0.01"":55,""0.1"":55,""1.0"":35},""max_positive_nats"":9.277199791233755,""maximum_position"":""w126:p21"",""mean_positive_nats"":0.008089601352203215,""mean_signed_nats"":0.007874420647305301,""zero_positive_n"":16200}},""scored_positions"":16256,""source_sha256"":""2e67327e54b5fb83e765c2320affcf8cfc4fc30b3996eea06105c850609ee524"",""status"":""complete""}"
95dfb24c6361b2d38dd60e9b,counterfact,R1_learned_ff,0,101,100,LS_terminated,"{""evaluated_value"":0.78,""numerator"":39.0,""planned"":50,""scored"":50,""status"":""complete"",""status_counts"":{""ok"":50},""value"":0.78}"
95dfb24c6361b2d38dd60e9b,counterfact,R1_learned_ff,0,101,100,locality,"{""expected_n"":50,""preserved_fraction"":1.0,""preserved_n"":50,""preserved_terminated_fraction"":0.78,""preserved_terminated_n"":39,""primary_convention"":""DEC-053 bounded exact decoded-text equality, no normalization or termination requirement"",""query_truncated_n"":11,""reference_truncated_n"":11,""scored_n"":50,""secondary_convention"":""same decoded text and neither side truncated"",""status"":""complete"",""truncated_pair_n"":11,""unavailable_n"":0}"
95dfb24c6361b2d38dd60e9b,counterfact,R1_learned_ff,0,101,100,unseen_false_fire,"{""evaluated_value"":0.0,""numerator"":0.0,""planned"":100,""scored"":100,""status"":""complete"",""status_counts"":{""ok"":100},""value"":0.0,""wilson_evaluated"":{""confidence"":0.95,""interpretation"":""descriptive binomial reference; fixed development data/selection and dependent prompts limit population inference"",""lower"":3.469446951953614e-18,""upper"":0.03699349820698568},""wilson_full_inventory"":{""confidence"":0.95,""interpretation"":""descriptive binomial reference; fixed development data/selection and dependent prompts limit population inference"",""lower"":3.469446951953614e-18,""upper"":0.03699349820698568}}"
95dfb24c6361b2d38dd60e9b,counterfact,R1_learned_ff,0,101,100,unseen_answer_changed,"{""evaluated_value"":0.0,""numerator"":0.0,""planned"":100,""scored"":100,""status"":""complete"",""status_counts"":{""ok"":100},""value"":0.0}"
95dfb24c6361b2d38dd60e9b,counterfact,R1_learned_ff,0,101,300,LS_terminated,"{""evaluated_value"":0.78,""numerator"":39.0,""planned"":50,""scored"":50,""status"":""complete"",""status_counts"":{""ok"":50},""value"":0.78}"
95dfb24c6361b2d38dd60e9b,counterfact,R1_learned_ff,0,101,300,locality,"{""expected_n"":50,""preserved_fraction"":1.0,""preserved_n"":50,""preserved_terminated_fraction"":0.78,""preserved_terminated_n"":39,""primary_convention"":""DEC-053 bounded exact decoded-text equality, no normalization or termination requirement"",""query_truncated_n"":11,""reference_truncated_n"":11,""scored_n"":50,""secondary_convention"":""same decoded text and neither side truncated"",""status"":""complete"",""truncated_pair_n"":11,""unavailable_n"":0}"
95dfb24c6361b2d38dd60e9b,counterfact,R1_learned_ff,0,101,300,unseen_false_fire,"{""evaluated_value"":0.0,""numerator"":0.0,""planned"":100,""scored"":100,""status"":""complete"",""status_counts"":{""ok"":100},""value"":0.0,""wilson_evaluated"":{""confidence"":0.95,""interpretation"":""descriptive binomial reference; fixed development data/selection and dependent prompts limit population inference"",""lower"":3.469446951953614e-18,""upper"":0.03699349820698568},""wilson_full_inventory"":{""confidence"":0.95,""interpretation"":""descriptive binomial reference; fixed development data/selection and dependent prompts limit population inference"",""lower"":3.469446951953614e-18,""upper"":0.03699349820698568}}"
95dfb24c6361b2d38dd60e9b,counterfact,R1_learned_ff,0,101,300,unseen_answer_changed,"{""evaluated_value"":0.0,""numerator"":0.0,""planned"":100,""scored"":100,""status"":""complete"",""status_counts"":{""ok"":100},""value"":0.0}"
95dfb24c6361b2d38dd60e9b,counterfact,R1_learned_ff,0,101,1000,LS_terminated,"{""evaluated_value"":0.78,""numerator"":39.0,""planned"":50,""scored"":50,""status"":""complete"",""status_counts"":{""ok"":50},""value"":0.78}"
95dfb24c6361b2d38dd60e9b,counterfact,R1_learned_ff,0,101,1000,locality,"{""expected_n"":50,""preserved_fraction"":1.0,""preserved_n"":50,""preserved_terminated_fraction"":0.78,""preserved_terminated_n"":39,""primary_convention"":""DEC-053 bounded exact decoded-text equality, no normalization or termination requirement"",""query_truncated_n"":11,""reference_truncated_n"":11,""scored_n"":50,""secondary_convention"":""same decoded text and neither side truncated"",""status"":""complete"",""truncated_pair_n"":11,""unavailable_n"":0}"
95dfb24c6361b2d38dd60e9b,counterfact,R1_learned_ff,0,101,1000,unseen_false_fire,"{""evaluated_value"":0.0,""numerator"":0.0,""planned"":100,""scored"":100,""status"":""complete"",""status_counts"":{""ok"":100},""value"":0.0,""wilson_evaluated"":{""confidence"":0.95,""interpretation"":""descriptive binomial reference; fixed development data/selection and dependent prompts limit population inference"",""lower"":3.469446951953614e-18,""upper"":0.03699349820698568},""wilson_full_inventory"":{""confidence"":0.95,""interpretation"":""descriptive binomial reference; fixed development data/selection and dependent prompts limit population inference"",""lower"":3.469446951953614e-18,""upper"":0.03699349820698568}}"
95dfb24c6361b2d38dd60e9b,counterfact,R1_learned_ff,0,101,1000,unseen_answer_changed,"{""evaluated_value"":0.0,""numerator"":0.0,""planned"":100,""scored"":100,""status"":""complete"",""status_counts"":{""ok"":100},""value"":0.0}"
95dfb24c6361b2d38dd60e9b,counterfact,R1_learned_ff,0,101,1000,near_miss,"{""expected_n"":100,""preserved_fraction"":1.0,""preserved_n"":100,""preserved_terminated_fraction"":0.65,""preserved_terminated_n"":65,""primary_convention"":""DEC-053 bounded exact decoded-text equality, no normalization or termination requirement"",""query_truncated_n"":35,""reference_truncated_n"":35,""scored_n"":100,""secondary_convention"":""same decoded text and neither side truncated"",""status"":""complete"",""truncated_pair_n"":35,""unavailable_n"":0}"
95dfb24c6361b2d38dd60e9b,counterfact,R1_learned_ff,0,101,1000,near_miss_bounded,"{""evaluated_value"":1.0,""numerator"":100.0,""planned"":100,""scored"":100,""status"":""complete"",""status_counts"":{""ok"":100},""value"":1.0}"
95dfb24c6361b2d38dd60e9b,counterfact,R1_learned_ff,0,101,1000,near_miss_terminated,"{""evaluated_value"":0.65,""numerator"":65.0,""planned"":100,""scored"":100,""status"":""complete"",""status_counts"":{""ok"":100},""value"":0.65}"
95dfb24c6361b2d38dd60e9b,counterfact,R1_learned_ff,0,101,1000,revision_latest,"{""evaluated_value"":1.0,""numerator"":50.0,""planned"":50,""scored"":50,""status"":""complete"",""status_counts"":{""ok"":50},""value"":1.0}"
95dfb24c6361b2d38dd60e9b,counterfact,R1_learned_ff,0,101,1000,revision_semantic,"{""evaluated_value"":1.0,""numerator"":50.0,""planned"":50,""scored"":50,""status"":""complete"",""status_counts"":{""ok"":50},""value"":1.0}"
95dfb24c6361b2d38dd60e9b,counterfact,R1_learned_ff,0,101,1000,old_record_retired,"{""evaluated_value"":1.0,""numerator"":50.0,""planned"":50,""scored"":50,""status"":""complete"",""status_counts"":{""ok"":50},""value"":1.0}"
95dfb24c6361b2d38dd60e9b,counterfact,R1_learned_ff,0,101,1000,new_record_active,"{""evaluated_value"":1.0,""numerator"":50.0,""planned"":50,""scored"":50,""status"":""complete"",""status_counts"":{""ok"":50},""value"":1.0}"
95dfb24c6361b2d38dd60e9b,counterfact,R1_learned_ff,0,101,1000,drift,"{""planned_positions"":16256,""references"":{""capoff"":{""ES95_positive_nats"":0.16179202704406428,""ES99_positive_nats"":0.8089601352203215,""count_above_0_1_nats"":55,""definition"":""fractional empirical top1% mean of positive NLL harm; denominator .01*N"",""exceedances_nats"":{""0.01"":55,""0.1"":55,""1.0"":35},""max_positive_nats"":9.277199791233755,""maximum_position"":""w126:p21"",""mean_positive_nats"":0.008089601352203215,""mean_signed_nats"":0.007874420647305301,""zero_positive_n"":16200},""original"":{""ES95_positive_nats"":0.16179202704406428,""ES99_positive_nats"":0.8089601352203215,""count_above_0_1_nats"":55,""definition"":""fractional empirical top1% mean of positive NLL harm; denominator .01*N"",""exceedances_nats"":{""0.01"":55,""0.1"":55,""1.0"":35},""max_positive_nats"":9.277199791233755,""maximum_position"":""w126:p21"",""mean_positive_nats"":0.008089601352203215,""mean_signed_nats"":0.007874420647305301,""zero_positive_n"":16200}},""scored_positions"":16256,""source_sha256"":""2e67327e54b5fb83e765c2320affcf8cfc4fc30b3996eea06105c850609ee524"",""status"":""complete""}"
6d0915056b1e76d8ee8795ff,counterfact,R1_learned_ff,0,102,100,LS_terminated,"{""evaluated_value"":0.78,""numerator"":39.0,""planned"":50,""scored"":50,""status"":""complete"",""status_counts"":{""ok"":50},""value"":0.78}"
6d0915056b1e76d8ee8795ff,counterfact,R1_learned_ff,0,102,100,locality,"{""expected_n"":50,""preserved_fraction"":1.0,""preserved_n"":50,""preserved_terminated_fraction"":0.78,""preserved_terminated_n"":39,""primary_convention"":""DEC-053 bounded exact decoded-text equality, no normalization or termination requirement"",""query_truncated_n"":11,""reference_truncated_n"":11,""scored_n"":50,""secondary_convention"":""same decoded text and neither side truncated"",""status"":""complete"",""truncated_pair_n"":11,""unavailable_n"":0}"
6d0915056b1e76d8ee8795ff,counterfact,R1_learned_ff,0,102,100,unseen_false_fire,"{""evaluated_value"":0.0,""numerator"":0.0,""planned"":100,""scored"":100,""status"":""complete"",""status_counts"":{""ok"":100},""value"":0.0,""wilson_evaluated"":{""confidence"":0.95,""interpretation"":""descriptive binomial reference; fixed development data/selection and dependent prompts limit population inference"",""lower"":3.469446951953614e-18,""upper"":0.03699349820698568},""wilson_full_inventory"":{""confidence"":0.95,""interpretation"":""descriptive binomial reference; fixed development data/selection and dependent prompts limit population inference"",""lower"":3.469446951953614e-18,""upper"":0.03699349820698568}}"
6d0915056b1e76d8ee8795ff,counterfact,R1_learned_ff,0,102,100,unseen_answer_changed,"{""evaluated_value"":0.0,""numerator"":0.0,""planned"":100,""scored"":100,""status"":""complete"",""status_counts"":{""ok"":100},""value"":0.0}"
6d0915056b1e76d8ee8795ff,counterfact,R1_learned_ff,0,102,300,LS_terminated,"{""evaluated_value"":0.78,""numerator"":39.0,""planned"":50,""scored"":50,""status"":""complete"",""status_counts"":{""ok"":50},""value"":0.78}"
6d0915056b1e76d8ee8795ff,counterfact,R1_learned_ff,0,102,300,locality,"{""expected_n"":50,""preserved_fraction"":1.0,""preserved_n"":50,""preserved_terminated_fraction"":0.78,""preserved_terminated_n"":39,""primary_convention"":""DEC-053 bounded exact decoded-text equality, no normalization or termination requirement"",""query_truncated_n"":11,""reference_truncated_n"":11,""scored_n"":50,""secondary_convention"":""same decoded text and neither side truncated"",""status"":""complete"",""truncated_pair_n"":11,""unavailable_n"":0}"
6d0915056b1e76d8ee8795ff,counterfact,R1_learned_ff,0,102,300,unseen_false_fire,"{""evaluated_value"":0.0,""numerator"":0.0,""planned"":100,""scored"":100,""status"":""complete"",""status_counts"":{""ok"":100},""value"":0.0,""wilson_evaluated"":{""confidence"":0.95,""interpretation"":""descriptive binomial reference; fixed development data/selection and dependent prompts limit population inference"",""lower"":3.469446951953614e-18,""upper"":0.03699349820698568},""wilson_full_inventory"":{""confidence"":0.95,""interpretation"":""descriptive binomial reference; fixed development data/selection and dependent prompts limit population inference"",""lower"":3.469446951953614e-18,""upper"":0.03699349820698568}}"
6d0915056b1e76d8ee8795ff,counterfact,R1_learned_ff,0,102,300,unseen_answer_changed,"{""evaluated_value"":0.0,""numerator"":0.0,""planned"":100,""scored"":100,""status"":""complete"",""status_counts"":{""ok"":100},""value"":0.0}"
6d0915056b1e76d8ee8795ff,counterfact,R1_learned_ff,0,102,1000,LS_terminated,"{""evaluated_value"":0.78,""numerator"":39.0,""planned"":50,""scored"":50,""status"":""complete"",""status_counts"":{""ok"":50},""value"":0.78}"
6d0915056b1e76d8ee8795ff,counterfact,R1_learned_ff,0,102,1000,locality,"{""expected_n"":50,""preserved_fraction"":1.0,""preserved_n"":50,""preserved_terminated_fraction"":0.78,""preserved_terminated_n"":39,""primary_convention"":""DEC-053 bounded exact decoded-text equality, no normalization or termination requirement"",""query_truncated_n"":11,""reference_truncated_n"":11,""scored_n"":50,""secondary_convention"":""same decoded text and neither side truncated"",""status"":""complete"",""truncated_pair_n"":11,""unavailable_n"":0}"
6d0915056b1e76d8ee8795ff,counterfact,R1_learned_ff,0,102,1000,unseen_false_fire,"{""evaluated_value"":0.0,""numerator"":0.0,""planned"":100,""scored"":100,""status"":""complete"",""status_counts"":{""ok"":100},""value"":0.0,""wilson_evaluated"":{""confidence"":0.95,""interpretation"":""descriptive binomial reference; fixed development data/selection and dependent prompts limit population inference"",""lower"":3.469446951953614e-18,""upper"":0.03699349820698568},""wilson_full_inventory"":{""confidence"":0.95,""interpretation"":""descriptive binomial reference; fixed development data/selection and dependent prompts limit population inference"",""lower"":3.469446951953614e-18,""upper"":0.03699349820698568}}"
6d0915056b1e76d8ee8795ff,counterfact,R1_learned_ff,0,102,1000,unseen_answer_changed,"{""evaluated_value"":0.0,""numerator"":0.0,""planned"":100,""scored"":100,""status"":""complete"",""status_counts"":{""ok"":100},""value"":0.0}"
6d0915056b1e76d8ee8795ff,counterfact,R1_learned_ff,0,102,1000,near_miss,"{""expected_n"":100,""preserved_fraction"":1.0,""preserved_n"":100,""preserved_terminated_fraction"":0.65,""preserved_terminated_n"":65,""primary_convention"":""DEC-053 bounded exact decoded-text equality, no normalization or termination requirement"",""query_truncated_n"":35,""reference_truncated_n"":35,""scored_n"":100,""secondary_convention"":""same decoded text and neither side truncated"",""status"":""complete"",""truncated_pair_n"":35,""unavailable_n"":0}"
6d0915056b1e76d8ee8795ff,counterfact,R1_learned_ff,0,102,1000,near_miss_bounded,"{""evaluated_value"":1.0,""numerator"":100.0,""planned"":100,""scored"":100,""status"":""complete"",""status_counts"":{""ok"":100},""value"":1.0}"
6d0915056b1e76d8ee8795ff,counterfact,R1_learned_ff,0,102,1000,near_miss_terminated,"{""evaluated_value"":0.65,""numerator"":65.0,""planned"":100,""scored"":100,""status"":""complete"",""status_counts"":{""ok"":100},""value"":0.65}"
6d0915056b1e76d8ee8795ff,counterfact,R1_learned_ff,0,102,1000,revision_latest,"{""evaluated_value"":1.0,""numerator"":50.0,""planned"":50,""scored"":50,""status"":""complete"",""status_counts"":{""ok"":50},""value"":1.0}"
6d0915056b1e76d8ee8795ff,counterfact,R1_learned_ff,0,102,1000,revision_semantic,"{""evaluated_value"":1.0,""numerator"":50.0,""planned"":50,""scored"":50,""status"":""complete"",""status_counts"":{""ok"":50},""value"":1.0}"
6d0915056b1e76d8ee8795ff,counterfact,R1_learned_ff,0,102,1000,old_record_retired,"{""evaluated_value"":1.0,""numerator"":50.0,""planned"":50,""scored"":50,""status"":""complete"",""status_counts"":{""ok"":50},""value"":1.0}"
6d0915056b1e76d8ee8795ff,counterfact,R1_learned_ff,0,102,1000,new_record_active,"{""evaluated_value"":1.0,""numerator"":50.0,""planned"":50,""scored"":50,""status"":""complete"",""status_counts"":{""ok"":50},""value"":1.0}"
6d0915056b1e76d8ee8795ff,counterfact,R1_learned_ff,0,102,1000,drift,"{""planned_positions"":16256,""references"":{""capoff"":{""ES95_positive_nats"":0.16179202704406428,""ES99_positive_nats"":0.8089601352203215,""count_above_0_1_nats"":55,""definition"":""fractional empirical top1% mean of positive NLL harm; denominator .01*N"",""exceedances_nats"":{""0.01"":55,""0.1"":55,""1.0"":35},""max_positive_nats"":9.277199791233755,""maximum_position"":""w126:p21"",""mean_positive_nats"":0.008089601352203215,""mean_signed_nats"":0.007874420647305301,""zero_positive_n"":16200},""original"":{""ES95_positive_nats"":0.16179202704406428,""ES99_positive_nats"":0.8089601352203215,""count_above_0_1_nats"":55,""definition"":""fractional empirical top1% mean of positive NLL harm; denominator .01*N"",""exceedances_nats"":{""0.01"":55,""0.1"":55,""1.0"":35},""max_positive_nats"":9.277199791233755,""maximum_position"":""w126:p21"",""mean_positive_nats"":0.008089601352203215,""mean_signed_nats"":0.007874420647305301,""zero_positive_n"":16200}},""scored_positions"":16256,""source_sha256"":""2e67327e54b5fb83e765c2320affcf8cfc4fc30b3996eea06105c850609ee524"",""status"":""complete""}"
7c9675a69d832a772070cb2d,counterfact,R1_learned_ff,0,103,100,LS_terminated,"{""evaluated_value"":0.78,""numerator"":39.0,""planned"":50,""scored"":50,""status"":""complete"",""status_counts"":{""ok"":50},""value"":0.78}"
7c9675a69d832a772070cb2d,counterfact,R1_learned_ff,0,103,100,locality,"{""expected_n"":50,""preserved_fraction"":1.0,""preserved_n"":50,""preserved_terminated_fraction"":0.78,""preserved_terminated_n"":39,""primary_convention"":""DEC-053 bounded exact decoded-text equality, no normalization or termination requirement"",""query_truncated_n"":11,""reference_truncated_n"":11,""scored_n"":50,""secondary_convention"":""same decoded text and neither side truncated"",""status"":""complete"",""truncated_pair_n"":11,""unavailable_n"":0}"
7c9675a69d832a772070cb2d,counterfact,R1_learned_ff,0,103,100,unseen_false_fire,"{""evaluated_value"":0.0,""numerator"":0.0,""planned"":100,""scored"":100,""status"":""complete"",""status_counts"":{""ok"":100},""value"":0.0,""wilson_evaluated"":{""confidence"":0.95,""interpretation"":""descriptive binomial reference; fixed development data/selection and dependent prompts limit population inference"",""lower"":3.469446951953614e-18,""upper"":0.03699349820698568},""wilson_full_inventory"":{""confidence"":0.95,""interpretation"":""descriptive binomial reference; fixed development data/selection and dependent prompts limit population inference"",""lower"":3.469446951953614e-18,""upper"":0.03699349820698568}}"
7c9675a69d832a772070cb2d,counterfact,R1_learned_ff,0,103,100,unseen_answer_changed,"{""evaluated_value"":0.0,""numerator"":0.0,""planned"":100,""scored"":100,""status"":""complete"",""status_counts"":{""ok"":100},""value"":0.0}"
7c9675a69d832a772070cb2d,counterfact,R1_learned_ff,0,103,300,LS_terminated,"{""evaluated_value"":0.78,""numerator"":39.0,""planned"":50,""scored"":50,""status"":""complete"",""status_counts"":{""ok"":50},""value"":0.78}"
7c9675a69d832a772070cb2d,counterfact,R1_learned_ff,0,103,300,locality,"{""expected_n"":50,""preserved_fraction"":1.0,""preserved_n"":50,""preserved_terminated_fraction"":0.78,""preserved_terminated_n"":39,""primary_convention"":""DEC-053 bounded exact decoded-text equality, no normalization or termination requirement"",""query_truncated_n"":11,""reference_truncated_n"":11,""scored_n"":50,""secondary_convention"":""same decoded text and neither side truncated"",""status"":""complete"",""truncated_pair_n"":11,""unavailable_n"":0}"
7c9675a69d832a772070cb2d,counterfact,R1_learned_ff,0,103,300,unseen_false_fire,"{""evaluated_value"":0.0,""numerator"":0.0,""planned"":100,""scored"":100,""status"":""complete"",""status_counts"":{""ok"":100},""value"":0.0,""wilson_evaluated"":{""confidence"":0.95,""interpretation"":""descriptive binomial reference; fixed development data/selection and dependent prompts limit population inference"",""lower"":3.469446951953614e-18,""upper"":0.03699349820698568},""wilson_full_inventory"":{""confidence"":0.95,""interpretation"":""descriptive binomial reference; fixed development data/selection and dependent prompts limit population inference"",""lower"":3.469446951953614e-18,""upper"":0.03699349820698568}}"
7c9675a69d832a772070cb2d,counterfact,R1_learned_ff,0,103,300,unseen_answer_changed,"{""evaluated_value"":0.0,""numerator"":0.0,""planned"":100,""scored"":100,""status"":""complete"",""status_counts"":{""ok"":100},""value"":0.0}"
7c9675a69d832a772070cb2d,counterfact,R1_learned_ff,0,103,1000,LS_terminated,"{""evaluated_value"":0.78,""numerator"":39.0,""planned"":50,""scored"":50,""status"":""complete"",""status_counts"":{""ok"":50},""value"":0.78}"
7c9675a69d832a772070cb2d,counterfact,R1_learned_ff,0,103,1000,locality,"{""expected_n"":50,""preserved_fraction"":1.0,""preserved_n"":50,""preserved_terminated_fraction"":0.78,""preserved_terminated_n"":39,""primary_convention"":""DEC-053 bounded exact decoded-text equality, no normalization or termination requirement"",""query_truncated_n"":11,""reference_truncated_n"":11,""scored_n"":50,""secondary_convention"":""same decoded text and neither side truncated"",""status"":""complete"",""truncated_pair_n"":11,""unavailable_n"":0}"
7c9675a69d832a772070cb2d,counterfact,R1_learned_ff,0,103,1000,unseen_false_fire,"{""evaluated_value"":0.0,""numerator"":0.0,""planned"":100,""scored"":100,""status"":""complete"",""status_counts"":{""ok"":100},""value"":0.0,""wilson_evaluated"":{""confidence"":0.95,""interpretation"":""descriptive binomial reference; fixed development data/selection and dependent prompts limit population inference"",""lower"":3.469446951953614e-18,""upper"":0.03699349820698568},""wilson_full_inventory"":{""confidence"":0.95,""interpretation"":""descriptive binomial reference; fixed development data/selection and dependent prompts limit population inference"",""lower"":3.469446951953614e-18,""upper"":0.03699349820698568}}"
7c9675a69d832a772070cb2d,counterfact,R1_learned_ff,0,103,1000,unseen_answer_changed,"{""evaluated_value"":0.0,""numerator"":0.0,""planned"":100,""scored"":100,""status"":""complete"",""status_counts"":{""ok"":100},""value"":0.0}"
7c9675a69d832a772070cb2d,counterfact,R1_learned_ff,0,103,1000,near_miss,"{""expected_n"":100,""preserved_fraction"":1.0,""preserved_n"":100,""preserved_terminated_fraction"":0.65,""preserved_terminated_n"":65,""primary_convention"":""DEC-053 bounded exact decoded-text equality, no normalization or termination requirement"",""query_truncated_n"":35,""reference_truncated_n"":35,""scored_n"":100,""secondary_convention"":""same decoded text and neither side truncated"",""status"":""complete"",""truncated_pair_n"":35,""unavailable_n"":0}"
7c9675a69d832a772070cb2d,counterfact,R1_learned_ff,0,103,1000,near_miss_bounded,"{""evaluated_value"":1.0,""numerator"":100.0,""planned"":100,""scored"":100,""status"":""complete"",""status_counts"":{""ok"":100},""value"":1.0}"
7c9675a69d832a772070cb2d,counterfact,R1_learned_ff,0,103,1000,near_miss_terminated,"{""evaluated_value"":0.65,""numerator"":65.0,""planned"":100,""scored"":100,""status"":""complete"",""status_counts"":{""ok"":100},""value"":0.65}"
7c9675a69d832a772070cb2d,counterfact,R1_learned_ff,0,103,1000,revision_latest,"{""evaluated_value"":1.0,""numerator"":50.0,""planned"":50,""scored"":50,""status"":""complete"",""status_counts"":{""ok"":50},""value"":1.0}"
7c9675a69d832a772070cb2d,counterfact,R1_learned_ff,0,103,1000,revision_semantic,"{""evaluated_value"":1.0,""numerator"":50.0,""planned"":50,""scored"":50,""status"":""complete"",""status_counts"":{""ok"":50},""value"":1.0}"
7c9675a69d832a772070cb2d,counterfact,R1_learned_ff,0,103,1000,old_record_retired,"{""evaluated_value"":1.0,""numerator"":50.0,""planned"":50,""scored"":50,""status"":""complete"",""status_counts"":{""ok"":50},""value"":1.0}"
7c9675a69d832a772070cb2d,counterfact,R1_learned_ff,0,103,1000,new_record_active,"{""evaluated_value"":1.0,""numerator"":50.0,""planned"":50,""scored"":50,""status"":""complete"",""status_counts"":{""ok"":50},""value"":1.0}"
7c9675a69d832a772070cb2d,counterfact,R1_learned_ff,0,103,1000,drift,"{""planned_positions"":16256,""references"":{""capoff"":{""ES95_positive_nats"":0.16179202704406428,""ES99_positive_nats"":0.8089601352203215,""count_above_0_1_nats"":55,""definition"":""fractional empirical top1% mean of positive NLL harm; denominator .01*N"",""exceedances_nats"":{""0.01"":55,""0.1"":55,""1.0"":35},""max_positive_nats"":9.277199791233755,""maximum_position"":""w126:p21"",""mean_positive_nats"":0.008089601352203215,""mean_signed_nats"":0.007874420647305301,""zero_positive_n"":16200},""original"":{""ES95_positive_nats"":0.16179202704406428,""ES99_positive_nats"":0.8089601352203215,""count_above_0_1_nats"":55,""definition"":""fractional empirical top1% mean of positive NLL harm; denominator .01*N"",""exceedances_nats"":{""0.01"":55,""0.1"":55,""1.0"":35},""max_positive_nats"":9.277199791233755,""maximum_position"":""w126:p21"",""mean_positive_nats"":0.008089601352203215,""mean_signed_nats"":0.007874420647305301,""zero_positive_n"":16200}},""scored_positions"":16256,""source_sha256"":""2e67327e54b5fb83e765c2320affcf8cfc4fc30b3996eea06105c850609ee524"",""status"":""complete""}"
95016bc16e89cfcccccc40b8,counterfact,R1_learned_ff,0,104,100,LS_terminated,"{""evaluated_value"":0.76,""numerator"":38.0,""planned"":50,""scored"":50,""status"":""complete"",""status_counts"":{""ok"":50},""value"":0.76}"
95016bc16e89cfcccccc40b8,counterfact,R1_learned_ff,0,104,100,locality,"{""expected_n"":50,""preserved_fraction"":0.98,""preserved_n"":49,""preserved_terminated_fraction"":0.76,""preserved_terminated_n"":38,""primary_convention"":""DEC-053 bounded exact decoded-text equality, no normalization or termination requirement"",""query_truncated_n"":11,""reference_truncated_n"":11,""scored_n"":50,""secondary_convention"":""same decoded text and neither side truncated"",""status"":""complete"",""truncated_pair_n"":11,""unavailable_n"":0}"
95016bc16e89cfcccccc40b8,counterfact,R1_learned_ff,0,104,100,unseen_false_fire,"{""evaluated_value"":0.0,""numerator"":0.0,""planned"":100,""scored"":100,""status"":""complete"",""status_counts"":{""ok"":100},""value"":0.0,""wilson_evaluated"":{""confidence"":0.95,""interpretation"":""descriptive binomial reference; fixed development data/selection and dependent prompts limit population inference"",""lower"":3.469446951953614e-18,""upper"":0.03699349820698568},""wilson_full_inventory"":{""confidence"":0.95,""interpretation"":""descriptive binomial reference; fixed development data/selection and dependent prompts limit population inference"",""lower"":3.469446951953614e-18,""upper"":0.03699349820698568}}"
95016bc16e89cfcccccc40b8,counterfact,R1_learned_ff,0,104,100,unseen_answer_changed,"{""evaluated_value"":0.0,""numerator"":0.0,""planned"":100,""scored"":100,""status"":""complete"",""status_counts"":{""ok"":100},""value"":0.0}"
95016bc16e89cfcccccc40b8,counterfact,R1_learned_ff,0,104,300,LS_terminated,"{""evaluated_value"":0.76,""numerator"":38.0,""planned"":50,""scored"":50,""status"":""complete"",""status_counts"":{""ok"":50},""value"":0.76}"
95016bc16e89cfcccccc40b8,counterfact,R1_learned_ff,0,104,300,locality,"{""expected_n"":50,""preserved_fraction"":0.98,""preserved_n"":49,""preserved_terminated_fraction"":0.76,""preserved_terminated_n"":38,""primary_convention"":""DEC-053 bounded exact decoded-text equality, no normalization or termination requirement"",""query_truncated_n"":11,""reference_truncated_n"":11,""scored_n"":50,""secondary_convention"":""same decoded text and neither side truncated"",""status"":""complete"",""truncated_pair_n"":11,""unavailable_n"":0}"
95016bc16e89cfcccccc40b8,counterfact,R1_learned_ff,0,104,300,unseen_false_fire,"{""evaluated_value"":0.0,""numerator"":0.0,""planned"":100,""scored"":100,""status"":""complete"",""status_counts"":{""ok"":100},""value"":0.0,""wilson_evaluated"":{""confidence"":0.95,""interpretation"":""descriptive binomial reference; fixed development data/selection and dependent prompts limit population inference"",""lower"":3.469446951953614e-18,""upper"":0.03699349820698568},""wilson_full_inventory"":{""confidence"":0.95,""interpretation"":""descriptive binomial reference; fixed development data/selection and dependent prompts limit population inference"",""lower"":3.469446951953614e-18,""upper"":0.03699349820698568}}"
95016bc16e89cfcccccc40b8,counterfact,R1_learned_ff,0,104,300,unseen_answer_changed,"{""evaluated_value"":0.0,""numerator"":0.0,""planned"":100,""scored"":100,""status"":""complete"",""status_counts"":{""ok"":100},""value"":0.0}"
95016bc16e89cfcccccc40b8,counterfact,R1_learned_ff,0,104,1000,LS_terminated,"{""evaluated_value"":0.78,""numerator"":39.0,""planned"":50,""scored"":50,""status"":""complete"",""status_counts"":{""ok"":50},""value"":0.78}"
95016bc16e89cfcccccc40b8,counterfact,R1_learned_ff,0,104,1000,locality,"{""expected_n"":50,""preserved_fraction"":1.0,""preserved_n"":50,""preserved_terminated_fraction"":0.78,""preserved_terminated_n"":39,""primary_convention"":""DEC-053 bounded exact decoded-text equality, no normalization or termination requirement"",""query_truncated_n"":11,""reference_truncated_n"":11,""scored_n"":50,""secondary_convention"":""same decoded text and neither side truncated"",""status"":""complete"",""truncated_pair_n"":11,""unavailable_n"":0}"
95016bc16e89cfcccccc40b8,counterfact,R1_learned_ff,0,104,1000,unseen_false_fire,"{""evaluated_value"":0.0,""numerator"":0.0,""planned"":100,""scored"":100,""status"":""complete"",""status_counts"":{""ok"":100},""value"":0.0,""wilson_evaluated"":{""confidence"":0.95,""interpretation"":""descriptive binomial reference; fixed development data/selection and dependent prompts limit population inference"",""lower"":3.469446951953614e-18,""upper"":0.03699349820698568},""wilson_full_inventory"":{""confidence"":0.95,""interpretation"":""descriptive binomial reference; fixed development data/selection and dependent prompts limit population inference"",""lower"":3.469446951953614e-18,""upper"":0.03699349820698568}}"
95016bc16e89cfcccccc40b8,counterfact,R1_learned_ff,0,104,1000,unseen_answer_changed,"{""evaluated_value"":0.0,""numerator"":0.0,""planned"":100,""scored"":100,""status"":""complete"",""status_counts"":{""ok"":100},""value"":0.0}"
95016bc16e89cfcccccc40b8,counterfact,R1_learned_ff,0,104,1000,near_miss,"{""expected_n"":100,""preserved_fraction"":1.0,""preserved_n"":100,""preserved_terminated_fraction"":0.65,""preserved_terminated_n"":65,""primary_convention"":""DEC-053 bounded exact decoded-text equality, no normalization or termination requirement"",""query_truncated_n"":35,""reference_truncated_n"":35,""scored_n"":100,""secondary_convention"":""same decoded text and neither side truncated"",""status"":""complete"",""truncated_pair_n"":35,""unavailable_n"":0}"
95016bc16e89cfcccccc40b8,counterfact,R1_learned_ff,0,104,1000,near_miss_bounded,"{""evaluated_value"":1.0,""numerator"":100.0,""planned"":100,""scored"":100,""status"":""complete"",""status_counts"":{""ok"":100},""value"":1.0}"
95016bc16e89cfcccccc40b8,counterfact,R1_learned_ff,0,104,1000,near_miss_terminated,"{""evaluated_value"":0.65,""numerator"":65.0,""planned"":100,""scored"":100,""status"":""complete"",""status_counts"":{""ok"":100},""value"":0.65}"
95016bc16e89cfcccccc40b8,counterfact,R1_learned_ff,0,104,1000,revision_latest,"{""evaluated_value"":1.0,""numerator"":50.0,""planned"":50,""scored"":50,""status"":""complete"",""status_counts"":{""ok"":50},""value"":1.0}"
95016bc16e89cfcccccc40b8,counterfact,R1_learned_ff,0,104,1000,revision_semantic,"{""evaluated_value"":1.0,""numerator"":50.0,""planned"":50,""scored"":50,""status"":""complete"",""status_counts"":{""ok"":50},""value"":1.0}"
95016bc16e89cfcccccc40b8,counterfact,R1_learned_ff,0,104,1000,old_record_retired,"{""evaluated_value"":1.0,""numerator"":50.0,""planned"":50,""scored"":50,""status"":""complete"",""status_counts"":{""ok"":50},""value"":1.0}"
95016bc16e89cfcccccc40b8,counterfact,R1_learned_ff,0,104,1000,new_record_active,"{""evaluated_value"":1.0,""numerator"":50.0,""planned"":50,""scored"":50,""status"":""complete"",""status_counts"":{""ok"":50},""value"":1.0}"
95016bc16e89cfcccccc40b8,counterfact,R1_learned_ff,0,104,1000,drift,"{""planned_positions"":16256,""references"":{""capoff"":{""ES95_positive_nats"":0.16179202704406428,""ES99_positive_nats"":0.8089601352203215,""count_above_0_1_nats"":55,""definition"":""fractional empirical top1% mean of positive NLL harm; denominator .01*N"",""exceedances_nats"":{""0.01"":55,""0.1"":55,""1.0"":35},""max_positive_nats"":9.277199791233755,""maximum_position"":""w126:p21"",""mean_positive_nats"":0.008089601352203215,""mean_signed_nats"":0.007874420647305301,""zero_positive_n"":16200},""original"":{""ES95_positive_nats"":0.16179202704406428,""ES99_positive_nats"":0.8089601352203215,""count_above_0_1_nats"":55,""definition"":""fractional empirical top1% mean of positive NLL harm; denominator .01*N"",""exceedances_nats"":{""0.01"":55,""0.1"":55,""1.0"":35},""max_positive_nats"":9.277199791233755,""maximum_position"":""w126:p21"",""mean_positive_nats"":0.008089601352203215,""mean_signed_nats"":0.007874420647305301,""zero_positive_n"":16200}},""scored_positions"":16256,""source_sha256"":""2e67327e54b5fb83e765c2320affcf8cfc4fc30b3996eea06105c850609ee524"",""status"":""complete""}"
43925e53c31860219a85ef90,mquake,R1_learned_ff,0,100,100,LS_terminated,"{""evaluated_value"":0.58,""numerator"":29.0,""planned"":50,""scored"":50,""status"":""complete"",""status_counts"":{""ok"":50},""value"":0.58}"
43925e53c31860219a85ef90,mquake,R1_learned_ff,0,100,100,locality,"{""expected_n"":50,""preserved_fraction"":1.0,""preserved_n"":50,""preserved_terminated_fraction"":0.58,""preserved_terminated_n"":29,""primary_convention"":""DEC-053 bounded exact decoded-text equality, no normalization or termination requirement"",""query_truncated_n"":21,""reference_truncated_n"":21,""scored_n"":50,""secondary_convention"":""same decoded text and neither side truncated"",""status"":""complete"",""truncated_pair_n"":21,""unavailable_n"":0}"
43925e53c31860219a85ef90,mquake,R1_learned_ff,0,100,100,unseen_false_fire,"{""evaluated_value"":0.0,""numerator"":0.0,""planned"":100,""scored"":100,""status"":""complete"",""status_counts"":{""ok"":100},""value"":0.0,""wilson_evaluated"":{""confidence"":0.95,""interpretation"":""descriptive binomial reference; fixed development data/selection and dependent prompts limit population inference"",""lower"":3.469446951953614e-18,""upper"":0.03699349820698568},""wilson_full_inventory"":{""confidence"":0.95,""interpretation"":""descriptive binomial reference; fixed development data/selection and dependent prompts limit population inference"",""lower"":3.469446951953614e-18,""upper"":0.03699349820698568}}"
43925e53c31860219a85ef90,mquake,R1_learned_ff,0,100,100,unseen_answer_changed,"{""evaluated_value"":0.0,""numerator"":0.0,""planned"":100,""scored"":100,""status"":""complete"",""status_counts"":{""ok"":100},""value"":0.0}"
43925e53c31860219a85ef90,mquake,R1_learned_ff,0,100,300,LS_terminated,"{""evaluated_value"":0.58,""numerator"":29.0,""planned"":50,""scored"":50,""status"":""complete"",""status_counts"":{""ok"":50},""value"":0.58}"
43925e53c31860219a85ef90,mquake,R1_learned_ff,0,100,300,locality,"{""expected_n"":50,""preserved_fraction"":1.0,""preserved_n"":50,""preserved_terminated_fraction"":0.58,""preserved_terminated_n"":29,""primary_convention"":""DEC-053 bounded exact decoded-text equality, no normalization or termination requirement"",""query_truncated_n"":21,""reference_truncated_n"":21,""scored_n"":50,""secondary_convention"":""same decoded text and neither side truncated"",""status"":""complete"",""truncated_pair_n"":21,""unavailable_n"":0}"
43925e53c31860219a85ef90,mquake,R1_learned_ff,0,100,300,unseen_false_fire,"{""evaluated_value"":0.0,""numerator"":0.0,""planned"":100,""scored"":100,""status"":""complete"",""status_counts"":{""ok"":100},""value"":0.0,""wilson_evaluated"":{""confidence"":0.95,""interpretation"":""descriptive binomial reference; fixed development data/selection and dependent prompts limit population inference"",""lower"":3.469446951953614e-18,""upper"":0.03699349820698568},""wilson_full_inventory"":{""confidence"":0.95,""interpretation"":""descriptive binomial reference; fixed development data/selection and dependent prompts limit population inference"",""lower"":3.469446951953614e-18,""upper"":0.03699349820698568}}"
43925e53c31860219a85ef90,mquake,R1_learned_ff,0,100,300,unseen_answer_changed,"{""evaluated_value"":0.0,""numerator"":0.0,""planned"":100,""scored"":100,""status"":""complete"",""status_counts"":{""ok"":100},""value"":0.0}"
43925e53c31860219a85ef90,mquake,R1_learned_ff,0,100,300,near_miss,"{""expected_n"":100,""preserved_fraction"":1.0,""preserved_n"":100,""preserved_terminated_fraction"":0.52,""preserved_terminated_n"":52,""primary_convention"":""DEC-053 bounded exact decoded-text equality, no normalization or termination requirement"",""query_truncated_n"":48,""reference_truncated_n"":48,""scored_n"":100,""secondary_convention"":""same decoded text and neither side truncated"",""status"":""complete"",""truncated_pair_n"":48,""unavailable_n"":0}"
43925e53c31860219a85ef90,mquake,R1_learned_ff,0,100,300,near_miss_bounded,"{""evaluated_value"":1.0,""numerator"":100.0,""planned"":100,""scored"":100,""status"":""complete"",""status_counts"":{""ok"":100},""value"":1.0}"
43925e53c31860219a85ef90,mquake,R1_learned_ff,0,100,300,near_miss_terminated,"{""evaluated_value"":0.52,""numerator"":52.0,""planned"":100,""scored"":100,""status"":""complete"",""status_counts"":{""ok"":100},""value"":0.52}"
43925e53c31860219a85ef90,mquake,R1_learned_ff,0,100,300,revision_latest,"{""evaluated_value"":1.0,""numerator"":50.0,""planned"":50,""scored"":50,""status"":""complete"",""status_counts"":{""ok"":50},""value"":1.0}"
43925e53c31860219a85ef90,mquake,R1_learned_ff,0,100,300,revision_semantic,"{""evaluated_value"":1.0,""numerator"":50.0,""planned"":50,""scored"":50,""status"":""complete"",""status_counts"":{""ok"":50},""value"":1.0}"
43925e53c31860219a85ef90,mquake,R1_learned_ff,0,100,300,old_record_retired,"{""evaluated_value"":1.0,""numerator"":50.0,""planned"":50,""scored"":50,""status"":""complete"",""status_counts"":{""ok"":50},""value"":1.0}"
43925e53c31860219a85ef90,mquake,R1_learned_ff,0,100,300,new_record_active,"{""evaluated_value"":1.0,""numerator"":50.0,""planned"":50,""scored"":50,""status"":""complete"",""status_counts"":{""ok"":50},""value"":1.0}"
43925e53c31860219a85ef90,mquake,R1_learned_ff,0,100,300,drift,"{""planned_positions"":16256,""references"":{""capoff"":{""ES95_positive_nats"":0.20953874789028107,""ES99_positive_nats"":1.0476937394514054,""count_above_0_1_nats"":82,""definition"":""fractional empirical top1% mean of positive NLL harm; denominator .01*N"",""exceedances_nats"":{""0.01"":86,""0.1"":82,""1.0"":56},""max_positive_nats"":5.754137151365711,""maximum_position"":""w110:p80"",""mean_positive_nats"":0.010476937394514056,""mean_signed_nats"":0.010249586767783467,""zero_positive_n"":16169},""original"":{""ES95_positive_nats"":0.20953874789028107,""ES99_positive_nats"":1.0476937394514054,""count_above_0_1_nats"":82,""definition"":""fractional empirical top1% mean of positive NLL harm; denominator .01*N"",""exceedances_nats"":{""0.01"":86,""0.1"":82,""1.0"":56},""max_positive_nats"":5.754137151365711,""maximum_position"":""w110:p80"",""mean_positive_nats"":0.010476937394514056,""mean_signed_nats"":0.010249586767783467,""zero_positive_n"":16169}},""scored_positions"":16256,""source_sha256"":""2e67327e54b5fb83e765c2320affcf8cfc4fc30b3996eea06105c850609ee524"",""status"":""complete""}"
c29ee18fb21ba6b387ede6e8,mquake,R1_learned_ff,0,101,100,LS_terminated,"{""evaluated_value"":0.58,""numerator"":29.0,""planned"":50,""scored"":50,""status"":""complete"",""status_counts"":{""ok"":50},""value"":0.58}"
c29ee18fb21ba6b387ede6e8,mquake,R1_learned_ff,0,101,100,locality,"{""expected_n"":50,""preserved_fraction"":1.0,""preserved_n"":50,""preserved_terminated_fraction"":0.58,""preserved_terminated_n"":29,""primary_convention"":""DEC-053 bounded exact decoded-text equality, no normalization or termination requirement"",""query_truncated_n"":21,""reference_truncated_n"":21,""scored_n"":50,""secondary_convention"":""same decoded text and neither side truncated"",""status"":""complete"",""truncated_pair_n"":21,""unavailable_n"":0}"
c29ee18fb21ba6b387ede6e8,mquake,R1_learned_ff,0,101,100,unseen_false_fire,"{""evaluated_value"":0.0,""numerator"":0.0,""planned"":100,""scored"":100,""status"":""complete"",""status_counts"":{""ok"":100},""value"":0.0,""wilson_evaluated"":{""confidence"":0.95,""interpretation"":""descriptive binomial reference; fixed development data/selection and dependent prompts limit population inference"",""lower"":3.469446951953614e-18,""upper"":0.03699349820698568},""wilson_full_inventory"":{""confidence"":0.95,""interpretation"":""descriptive binomial reference; fixed development data/selection and dependent prompts limit population inference"",""lower"":3.469446951953614e-18,""upper"":0.03699349820698568}}"
c29ee18fb21ba6b387ede6e8,mquake,R1_learned_ff,0,101,100,unseen_answer_changed,"{""evaluated_value"":0.0,""numerator"":0.0,""planned"":100,""scored"":100,""status"":""complete"",""status_counts"":{""ok"":100},""value"":0.0}"
c29ee18fb21ba6b387ede6e8,mquake,R1_learned_ff,0,101,300,LS_terminated,"{""evaluated_value"":0.58,""numerator"":29.0,""planned"":50,""scored"":50,""status"":""complete"",""status_counts"":{""ok"":50},""value"":0.58}"
c29ee18fb21ba6b387ede6e8,mquake,R1_learned_ff,0,101,300,locality,"{""expected_n"":50,""preserved_fraction"":1.0,""preserved_n"":50,""preserved_terminated_fraction"":0.58,""preserved_terminated_n"":29,""primary_convention"":""DEC-053 bounded exact decoded-text equality, no normalization or termination requirement"",""query_truncated_n"":21,""reference_truncated_n"":21,""scored_n"":50,""secondary_convention"":""same decoded text and neither side truncated"",""status"":""complete"",""truncated_pair_n"":21,""unavailable_n"":0}"
c29ee18fb21ba6b387ede6e8,mquake,R1_learned_ff,0,101,300,unseen_false_fire,"{""evaluated_value"":0.0,""numerator"":0.0,""planned"":100,""scored"":100,""status"":""complete"",""status_counts"":{""ok"":100},""value"":0.0,""wilson_evaluated"":{""confidence"":0.95,""interpretation"":""descriptive binomial reference; fixed development data/selection and dependent prompts limit population inference"",""lower"":3.469446951953614e-18,""upper"":0.03699349820698568},""wilson_full_inventory"":{""confidence"":0.95,""interpretation"":""descriptive binomial reference; fixed development data/selection and dependent prompts limit population inference"",""lower"":3.469446951953614e-18,""upper"":0.03699349820698568}}"
c29ee18fb21ba6b387ede6e8,mquake,R1_learned_ff,0,101,300,unseen_answer_changed,"{""evaluated_value"":0.0,""numerator"":0.0,""planned"":100,""scored"":100,""status"":""complete"",""status_counts"":{""ok"":100},""value"":0.0}"
c29ee18fb21ba6b387ede6e8,mquake,R1_learned_ff,0,101,300,near_miss,"{""expected_n"":100,""preserved_fraction"":1.0,""preserved_n"":100,""preserved_terminated_fraction"":0.52,""preserved_terminated_n"":52,""primary_convention"":""DEC-053 bounded exact decoded-text equality, no normalization or termination requirement"",""query_truncated_n"":48,""reference_truncated_n"":48,""scored_n"":100,""secondary_convention"":""same decoded text and neither side truncated"",""status"":""complete"",""truncated_pair_n"":48,""unavailable_n"":0}"
c29ee18fb21ba6b387ede6e8,mquake,R1_learned_ff,0,101,300,near_miss_bounded,"{""evaluated_value"":1.0,""numerator"":100.0,""planned"":100,""scored"":100,""status"":""complete"",""status_counts"":{""ok"":100},""value"":1.0}"
c29ee18fb21ba6b387ede6e8,mquake,R1_learned_ff,0,101,300,near_miss_terminated,"{""evaluated_value"":0.52,""numerator"":52.0,""planned"":100,""scored"":100,""status"":""complete"",""status_counts"":{""ok"":100},""value"":0.52}"
c29ee18fb21ba6b387ede6e8,mquake,R1_learned_ff,0,101,300,revision_latest,"{""evaluated_value"":1.0,""numerator"":50.0,""planned"":50,""scored"":50,""status"":""complete"",""status_counts"":{""ok"":50},""value"":1.0}"
c29ee18fb21ba6b387ede6e8,mquake,R1_learned_ff,0,101,300,revision_semantic,"{""evaluated_value"":1.0,""numerator"":50.0,""planned"":50,""scored"":50,""status"":""complete"",""status_counts"":{""ok"":50},""value"":1.0}"
c29ee18fb21ba6b387ede6e8,mquake,R1_learned_ff,0,101,300,old_record_retired,"{""evaluated_value"":1.0,""numerator"":50.0,""planned"":50,""scored"":50,""status"":""complete"",""status_counts"":{""ok"":50},""value"":1.0}"
c29ee18fb21ba6b387ede6e8,mquake,R1_learned_ff,0,101,300,new_record_active,"{""evaluated_value"":1.0,""numerator"":50.0,""planned"":50,""scored"":50,""status"":""complete"",""status_counts"":{""ok"":50},""value"":1.0}"
c29ee18fb21ba6b387ede6e8,mquake,R1_learned_ff,0,101,300,drift,"{""planned_positions"":16256,""references"":{""capoff"":{""ES95_positive_nats"":0.20953874789028107,""ES99_positive_nats"":1.0476937394514054,""count_above_0_1_nats"":82,""definition"":""fractional empirical top1% mean of positive NLL harm; denominator .01*N"",""exceedances_nats"":{""0.01"":86,""0.1"":82,""1.0"":56},""max_positive_nats"":5.754137151365711,""maximum_position"":""w110:p80"",""mean_positive_nats"":0.010476937394514056,""mean_signed_nats"":0.010249586767783467,""zero_positive_n"":16169},""original"":{""ES95_positive_nats"":0.20953874789028107,""ES99_positive_nats"":1.0476937394514054,""count_above_0_1_nats"":82,""definition"":""fractional empirical top1% mean of positive NLL harm; denominator .01*N"",""exceedances_nats"":{""0.01"":86,""0.1"":82,""1.0"":56},""max_positive_nats"":5.754137151365711,""maximum_position"":""w110:p80"",""mean_positive_nats"":0.010476937394514056,""mean_signed_nats"":0.010249586767783467,""zero_positive_n"":16169}},""scored_positions"":16256,""source_sha256"":""2e67327e54b5fb83e765c2320affcf8cfc4fc30b3996eea06105c850609ee524"",""status"":""complete""}"
54879da4dcdb0f106f98080a,mquake,R1_learned_ff,0,102,100,LS_terminated,"{""evaluated_value"":0.58,""numerator"":29.0,""planned"":50,""scored"":50,""status"":""complete"",""status_counts"":{""ok"":50},""value"":0.58}"
54879da4dcdb0f106f98080a,mquake,R1_learned_ff,0,102,100,locality,"{""expected_n"":50,""preserved_fraction"":1.0,""preserved_n"":50,""preserved_terminated_fraction"":0.58,""preserved_terminated_n"":29,""primary_convention"":""DEC-053 bounded exact decoded-text equality, no normalization or termination requirement"",""query_truncated_n"":21,""reference_truncated_n"":21,""scored_n"":50,""secondary_convention"":""same decoded text and neither side truncated"",""status"":""complete"",""truncated_pair_n"":21,""unavailable_n"":0}"
54879da4dcdb0f106f98080a,mquake,R1_learned_ff,0,102,100,unseen_false_fire,"{""evaluated_value"":0.0,""numerator"":0.0,""planned"":100,""scored"":100,""status"":""complete"",""status_counts"":{""ok"":100},""value"":0.0,""wilson_evaluated"":{""confidence"":0.95,""interpretation"":""descriptive binomial reference; fixed development data/selection and dependent prompts limit population inference"",""lower"":3.469446951953614e-18,""upper"":0.03699349820698568},""wilson_full_inventory"":{""confidence"":0.95,""interpretation"":""descriptive binomial reference; fixed development data/selection and dependent prompts limit population inference"",""lower"":3.469446951953614e-18,""upper"":0.03699349820698568}}"
54879da4dcdb0f106f98080a,mquake,R1_learned_ff,0,102,100,unseen_answer_changed,"{""evaluated_value"":0.0,""numerator"":0.0,""planned"":100,""scored"":100,""status"":""complete"",""status_counts"":{""ok"":100},""value"":0.0}"
54879da4dcdb0f106f98080a,mquake,R1_learned_ff,0,102,300,LS_terminated,"{""evaluated_value"":0.58,""numerator"":29.0,""planned"":50,""scored"":50,""status"":""complete"",""status_counts"":{""ok"":50},""value"":0.58}"
54879da4dcdb0f106f98080a,mquake,R1_learned_ff,0,102,300,locality,"{""expected_n"":50,""preserved_fraction"":1.0,""preserved_n"":50,""preserved_terminated_fraction"":0.58,""preserved_terminated_n"":29,""primary_convention"":""DEC-053 bounded exact decoded-text equality, no normalization or termination requirement"",""query_truncated_n"":21,""reference_truncated_n"":21,""scored_n"":50,""secondary_convention"":""same decoded text and neither side truncated"",""status"":""complete"",""truncated_pair_n"":21,""unavailable_n"":0}"
54879da4dcdb0f106f98080a,mquake,R1_learned_ff,0,102,300,unseen_false_fire,"{""evaluated_value"":0.0,""numerator"":0.0,""planned"":100,""scored"":100,""status"":""complete"",""status_counts"":{""ok"":100},""value"":0.0,""wilson_evaluated"":{""confidence"":0.95,""interpretation"":""descriptive binomial reference; fixed development data/selection and dependent prompts limit population inference"",""lower"":3.469446951953614e-18,""upper"":0.03699349820698568},""wilson_full_inventory"":{""confidence"":0.95,""interpretation"":""descriptive binomial reference; fixed development data/selection and dependent prompts limit population inference"",""lower"":3.469446951953614e-18,""upper"":0.03699349820698568}}"
54879da4dcdb0f106f98080a,mquake,R1_learned_ff,0,102,300,unseen_answer_changed,"{""evaluated_value"":0.0,""numerator"":0.0,""planned"":100,""scored"":100,""status"":""complete"",""status_counts"":{""ok"":100},""value"":0.0}"
54879da4dcdb0f106f98080a,mquake,R1_learned_ff,0,102,300,near_miss,"{""expected_n"":100,""preserved_fraction"":1.0,""preserved_n"":100,""preserved_terminated_fraction"":0.52,""preserved_terminated_n"":52,""primary_convention"":""DEC-053 bounded exact decoded-text equality, no normalization or termination requirement"",""query_truncated_n"":48,""reference_truncated_n"":48,""scored_n"":100,""secondary_convention"":""same decoded text and neither side truncated"",""status"":""complete"",""truncated_pair_n"":48,""unavailable_n"":0}"
54879da4dcdb0f106f98080a,mquake,R1_learned_ff,0,102,300,near_miss_bounded,"{""evaluated_value"":1.0,""numerator"":100.0,""planned"":100,""scored"":100,""status"":""complete"",""status_counts"":{""ok"":100},""value"":1.0}"
54879da4dcdb0f106f98080a,mquake,R1_learned_ff,0,102,300,near_miss_terminated,"{""evaluated_value"":0.52,""numerator"":52.0,""planned"":100,""scored"":100,""status"":""complete"",""status_counts"":{""ok"":100},""value"":0.52}"
54879da4dcdb0f106f98080a,mquake,R1_learned_ff,0,102,300,revision_latest,"{""evaluated_value"":1.0,""numerator"":50.0,""planned"":50,""scored"":50,""status"":""complete"",""status_counts"":{""ok"":50},""value"":1.0}"
54879da4dcdb0f106f98080a,mquake,R1_learned_ff,0,102,300,revision_semantic,"{""evaluated_value"":1.0,""numerator"":50.0,""planned"":50,""scored"":50,""status"":""complete"",""status_counts"":{""ok"":50},""value"":1.0}"
54879da4dcdb0f106f98080a,mquake,R1_learned_ff,0,102,300,old_record_retired,"{""evaluated_value"":1.0,""numerator"":50.0,""planned"":50,""scored"":50,""status"":""complete"",""status_counts"":{""ok"":50},""value"":1.0}"
54879da4dcdb0f106f98080a,mquake,R1_learned_ff,0,102,300,new_record_active,"{""evaluated_value"":1.0,""numerator"":50.0,""planned"":50,""scored"":50,""status"":""complete"",""status_counts"":{""ok"":50},""value"":1.0}"
54879da4dcdb0f106f98080a,mquake,R1_learned_ff,0,102,300,drift,"{""planned_positions"":16256,""references"":{""capoff"":{""ES95_positive_nats"":0.20953874789028107,""ES99_positive_nats"":1.0476937394514054,""count_above_0_1_nats"":82,""definition"":""fractional empirical top1% mean of positive NLL harm; denominator .01*N"",""exceedances_nats"":{""0.01"":86,""0.1"":82,""1.0"":56},""max_positive_nats"":5.754137151365711,""maximum_position"":""w110:p80"",""mean_positive_nats"":0.010476937394514056,""mean_signed_nats"":0.010249586767783467,""zero_positive_n"":16169},""original"":{""ES95_positive_nats"":0.20953874789028107,""ES99_positive_nats"":1.0476937394514054,""count_above_0_1_nats"":82,""definition"":""fractional empirical top1% mean of positive NLL harm; denominator .01*N"",""exceedances_nats"":{""0.01"":86,""0.1"":82,""1.0"":56},""max_positive_nats"":5.754137151365711,""maximum_position"":""w110:p80"",""mean_positive_nats"":0.010476937394514056,""mean_signed_nats"":0.010249586767783467,""zero_positive_n"":16169}},""scored_positions"":16256,""source_sha256"":""2e67327e54b5fb83e765c2320affcf8cfc4fc30b3996eea06105c850609ee524"",""status"":""complete""}"
78ebbc03946239c1d637154c,mquake,R1_learned_ff,0,103,100,LS_terminated,"{""evaluated_value"":0.58,""numerator"":29.0,""planned"":50,""scored"":50,""status"":""complete"",""status_counts"":{""ok"":50},""value"":0.58}"
78ebbc03946239c1d637154c,mquake,R1_learned_ff,0,103,100,locality,"{""expected_n"":50,""preserved_fraction"":1.0,""preserved_n"":50,""preserved_terminated_fraction"":0.58,""preserved_terminated_n"":29,""primary_convention"":""DEC-053 bounded exact decoded-text equality, no normalization or termination requirement"",""query_truncated_n"":21,""reference_truncated_n"":21,""scored_n"":50,""secondary_convention"":""same decoded text and neither side truncated"",""status"":""complete"",""truncated_pair_n"":21,""unavailable_n"":0}"
78ebbc03946239c1d637154c,mquake,R1_learned_ff,0,103,100,unseen_false_fire,"{""evaluated_value"":0.0,""numerator"":0.0,""planned"":100,""scored"":100,""status"":""complete"",""status_counts"":{""ok"":100},""value"":0.0,""wilson_evaluated"":{""confidence"":0.95,""interpretation"":""descriptive binomial reference; fixed development data/selection and dependent prompts limit population inference"",""lower"":3.469446951953614e-18,""upper"":0.03699349820698568},""wilson_full_inventory"":{""confidence"":0.95,""interpretation"":""descriptive binomial reference; fixed development data/selection and dependent prompts limit population inference"",""lower"":3.469446951953614e-18,""upper"":0.03699349820698568}}"
78ebbc03946239c1d637154c,mquake,R1_learned_ff,0,103,100,unseen_answer_changed,"{""evaluated_value"":0.0,""numerator"":0.0,""planned"":100,""scored"":100,""status"":""complete"",""status_counts"":{""ok"":100},""value"":0.0}"
78ebbc03946239c1d637154c,mquake,R1_learned_ff,0,103,300,LS_terminated,"{""evaluated_value"":0.58,""numerator"":29.0,""planned"":50,""scored"":50,""status"":""complete"",""status_counts"":{""ok"":50},""value"":0.58}"
78ebbc03946239c1d637154c,mquake,R1_learned_ff,0,103,300,locality,"{""expected_n"":50,""preserved_fraction"":1.0,""preserved_n"":50,""preserved_terminated_fraction"":0.58,""preserved_terminated_n"":29,""primary_convention"":""DEC-053 bounded exact decoded-text equality, no normalization or termination requirement"",""query_truncated_n"":21,""reference_truncated_n"":21,""scored_n"":50,""secondary_convention"":""same decoded text and neither side truncated"",""status"":""complete"",""truncated_pair_n"":21,""unavailable_n"":0}"
78ebbc03946239c1d637154c,mquake,R1_learned_ff,0,103,300,unseen_false_fire,"{""evaluated_value"":0.0,""numerator"":0.0,""planned"":100,""scored"":100,""status"":""complete"",""status_counts"":{""ok"":100},""value"":0.0,""wilson_evaluated"":{""confidence"":0.95,""interpretation"":""descriptive binomial reference; fixed development data/selection and dependent prompts limit population inference"",""lower"":3.469446951953614e-18,""upper"":0.03699349820698568},""wilson_full_inventory"":{""confidence"":0.95,""interpretation"":""descriptive binomial reference; fixed development data/selection and dependent prompts limit population inference"",""lower"":3.469446951953614e-18,""upper"":0.03699349820698568}}"
78ebbc03946239c1d637154c,mquake,R1_learned_ff,0,103,300,unseen_answer_changed,"{""evaluated_value"":0.0,""numerator"":0.0,""planned"":100,""scored"":100,""status"":""complete"",""status_counts"":{""ok"":100},""value"":0.0}"
78ebbc03946239c1d637154c,mquake,R1_learned_ff,0,103,300,near_miss,"{""expected_n"":100,""preserved_fraction"":1.0,""preserved_n"":100,""preserved_terminated_fraction"":0.52,""preserved_terminated_n"":52,""primary_convention"":""DEC-053 bounded exact decoded-text equality, no normalization or termination requirement"",""query_truncated_n"":48,""reference_truncated_n"":48,""scored_n"":100,""secondary_convention"":""same decoded text and neither side truncated"",""status"":""complete"",""truncated_pair_n"":48,""unavailable_n"":0}"
78ebbc03946239c1d637154c,mquake,R1_learned_ff,0,103,300,near_miss_bounded,"{""evaluated_value"":1.0,""numerator"":100.0,""planned"":100,""scored"":100,""status"":""complete"",""status_counts"":{""ok"":100},""value"":1.0}"
78ebbc03946239c1d637154c,mquake,R1_learned_ff,0,103,300,near_miss_terminated,"{""evaluated_value"":0.52,""numerator"":52.0,""planned"":100,""scored"":100,""status"":""complete"",""status_counts"":{""ok"":100},""value"":0.52}"
78ebbc03946239c1d637154c,mquake,R1_learned_ff,0,103,300,revision_latest,"{""evaluated_value"":1.0,""numerator"":50.0,""planned"":50,""scored"":50,""status"":""complete"",""status_counts"":{""ok"":50},""value"":1.0}"
78ebbc03946239c1d637154c,mquake,R1_learned_ff,0,103,300,revision_semantic,"{""evaluated_value"":1.0,""numerator"":50.0,""planned"":50,""scored"":50,""status"":""complete"",""status_counts"":{""ok"":50},""value"":1.0}"
78ebbc03946239c1d637154c,mquake,R1_learned_ff,0,103,300,old_record_retired,"{""evaluated_value"":1.0,""numerator"":50.0,""planned"":50,""scored"":50,""status"":""complete"",""status_counts"":{""ok"":50},""value"":1.0}"
78ebbc03946239c1d637154c,mquake,R1_learned_ff,0,103,300,new_record_active,"{""evaluated_value"":1.0,""numerator"":50.0,""planned"":50,""scored"":50,""status"":""complete"",""status_counts"":{""ok"":50},""value"":1.0}"
78ebbc03946239c1d637154c,mquake,R1_learned_ff,0,103,300,drift,"{""planned_positions"":16256,""references"":{""capoff"":{""ES95_positive_nats"":0.20953874789028107,""ES99_positive_nats"":1.0476937394514054,""count_above_0_1_nats"":82,""definition"":""fractional empirical top1% mean of positive NLL harm; denominator .01*N"",""exceedances_nats"":{""0.01"":86,""0.1"":82,""1.0"":56},""max_positive_nats"":5.754137151365711,""maximum_position"":""w110:p80"",""mean_positive_nats"":0.010476937394514056,""mean_signed_nats"":0.010249586767783467,""zero_positive_n"":16169},""original"":{""ES95_positive_nats"":0.20953874789028107,""ES99_positive_nats"":1.0476937394514054,""count_above_0_1_nats"":82,""definition"":""fractional empirical top1% mean of positive NLL harm; denominator .01*N"",""exceedances_nats"":{""0.01"":86,""0.1"":82,""1.0"":56},""max_positive_nats"":5.754137151365711,""maximum_position"":""w110:p80"",""mean_positive_nats"":0.010476937394514056,""mean_signed_nats"":0.010249586767783467,""zero_positive_n"":16169}},""scored_positions"":16256,""source_sha256"":""2e67327e54b5fb83e765c2320affcf8cfc4fc30b3996eea06105c850609ee524"",""status"":""complete""}"
b1d1e53944241333ec5603d4,mquake,R1_learned_ff,0,104,100,LS_terminated,"{""evaluated_value"":0.58,""numerator"":29.0,""planned"":50,""scored"":50,""status"":""complete"",""status_counts"":{""ok"":50},""value"":0.58}"
b1d1e53944241333ec5603d4,mquake,R1_learned_ff,0,104,100,locality,"{""expected_n"":50,""preserved_fraction"":1.0,""preserved_n"":50,""preserved_terminated_fraction"":0.58,""preserved_terminated_n"":29,""primary_convention"":""DEC-053 bounded exact decoded-text equality, no normalization or termination requirement"",""query_truncated_n"":21,""reference_truncated_n"":21,""scored_n"":50,""secondary_convention"":""same decoded text and neither side truncated"",""status"":""complete"",""truncated_pair_n"":21,""unavailable_n"":0}"
b1d1e53944241333ec5603d4,mquake,R1_learned_ff,0,104,100,unseen_false_fire,"{""evaluated_value"":0.0,""numerator"":0.0,""planned"":100,""scored"":100,""status"":""complete"",""status_counts"":{""ok"":100},""value"":0.0,""wilson_evaluated"":{""confidence"":0.95,""interpretation"":""descriptive binomial reference; fixed development data/selection and dependent prompts limit population inference"",""lower"":3.469446951953614e-18,""upper"":0.03699349820698568},""wilson_full_inventory"":{""confidence"":0.95,""interpretation"":""descriptive binomial reference; fixed development data/selection and dependent prompts limit population inference"",""lower"":3.469446951953614e-18,""upper"":0.03699349820698568}}"
b1d1e53944241333ec5603d4,mquake,R1_learned_ff,0,104,100,unseen_answer_changed,"{""evaluated_value"":0.0,""numerator"":0.0,""planned"":100,""scored"":100,""status"":""complete"",""status_counts"":{""ok"":100},""value"":0.0}"
b1d1e53944241333ec5603d4,mquake,R1_learned_ff,0,104,300,LS_terminated,"{""evaluated_value"":0.58,""numerator"":29.0,""planned"":50,""scored"":50,""status"":""complete"",""status_counts"":{""ok"":50},""value"":0.58}"
b1d1e53944241333ec5603d4,mquake,R1_learned_ff,0,104,300,locality,"{""expected_n"":50,""preserved_fraction"":1.0,""preserved_n"":50,""preserved_terminated_fraction"":0.58,""preserved_terminated_n"":29,""primary_convention"":""DEC-053 bounded exact decoded-text equality, no normalization or termination requirement"",""query_truncated_n"":21,""reference_truncated_n"":21,""scored_n"":50,""secondary_convention"":""same decoded text and neither side truncated"",""status"":""complete"",""truncated_pair_n"":21,""unavailable_n"":0}"
b1d1e53944241333ec5603d4,mquake,R1_learned_ff,0,104,300,unseen_false_fire,"{""evaluated_value"":0.0,""numerator"":0.0,""planned"":100,""scored"":100,""status"":""complete"",""status_counts"":{""ok"":100},""value"":0.0,""wilson_evaluated"":{""confidence"":0.95,""interpretation"":""descriptive binomial reference; fixed development data/selection and dependent prompts limit population inference"",""lower"":3.469446951953614e-18,""upper"":0.03699349820698568},""wilson_full_inventory"":{""confidence"":0.95,""interpretation"":""descriptive binomial reference; fixed development data/selection and dependent prompts limit population inference"",""lower"":3.469446951953614e-18,""upper"":0.03699349820698568}}"
b1d1e53944241333ec5603d4,mquake,R1_learned_ff,0,104,300,unseen_answer_changed,"{""evaluated_value"":0.0,""numerator"":0.0,""planned"":100,""scored"":100,""status"":""complete"",""status_counts"":{""ok"":100},""value"":0.0}"
b1d1e53944241333ec5603d4,mquake,R1_learned_ff,0,104,300,near_miss,"{""expected_n"":100,""preserved_fraction"":1.0,""preserved_n"":100,""preserved_terminated_fraction"":0.52,""preserved_terminated_n"":52,""primary_convention"":""DEC-053 bounded exact decoded-text equality, no normalization or termination requirement"",""query_truncated_n"":48,""reference_truncated_n"":48,""scored_n"":100,""secondary_convention"":""same decoded text and neither side truncated"",""status"":""complete"",""truncated_pair_n"":48,""unavailable_n"":0}"
b1d1e53944241333ec5603d4,mquake,R1_learned_ff,0,104,300,near_miss_bounded,"{""evaluated_value"":1.0,""numerator"":100.0,""planned"":100,""scored"":100,""status"":""complete"",""status_counts"":{""ok"":100},""value"":1.0}"
b1d1e53944241333ec5603d4,mquake,R1_learned_ff,0,104,300,near_miss_terminated,"{""evaluated_value"":0.52,""numerator"":52.0,""planned"":100,""scored"":100,""status"":""complete"",""status_counts"":{""ok"":100},""value"":0.52}"
b1d1e53944241333ec5603d4,mquake,R1_learned_ff,0,104,300,revision_latest,"{""evaluated_value"":1.0,""numerator"":50.0,""planned"":50,""scored"":50,""status"":""complete"",""status_counts"":{""ok"":50},""value"":1.0}"
b1d1e53944241333ec5603d4,mquake,R1_learned_ff,0,104,300,revision_semantic,"{""evaluated_value"":1.0,""numerator"":50.0,""planned"":50,""scored"":50,""status"":""complete"",""status_counts"":{""ok"":50},""value"":1.0}"
b1d1e53944241333ec5603d4,mquake,R1_learned_ff,0,104,300,old_record_retired,"{""evaluated_value"":1.0,""numerator"":50.0,""planned"":50,""scored"":50,""status"":""complete"",""status_counts"":{""ok"":50},""value"":1.0}"
b1d1e53944241333ec5603d4,mquake,R1_learned_ff,0,104,300,new_record_active,"{""evaluated_value"":1.0,""numerator"":50.0,""planned"":50,""scored"":50,""status"":""complete"",""status_counts"":{""ok"":50},""value"":1.0}"
b1d1e53944241333ec5603d4,mquake,R1_learned_ff,0,104,300,drift,"{""planned_positions"":16256,""references"":{""capoff"":{""ES95_positive_nats"":0.20953874789028107,""ES99_positive_nats"":1.0476937394514054,""count_above_0_1_nats"":82,""definition"":""fractional empirical top1% mean of positive NLL harm; denominator .01*N"",""exceedances_nats"":{""0.01"":86,""0.1"":82,""1.0"":56},""max_positive_nats"":5.754137151365711,""maximum_position"":""w110:p80"",""mean_positive_nats"":0.010476937394514056,""mean_signed_nats"":0.010249586767783467,""zero_positive_n"":16169},""original"":{""ES95_positive_nats"":0.20953874789028107,""ES99_positive_nats"":1.0476937394514054,""count_above_0_1_nats"":82,""definition"":""fractional empirical top1% mean of positive NLL harm; denominator .01*N"",""exceedances_nats"":{""0.01"":86,""0.1"":82,""1.0"":56},""max_positive_nats"":5.754137151365711,""maximum_position"":""w110:p80"",""mean_positive_nats"":0.010476937394514056,""mean_signed_nats"":0.010249586767783467,""zero_positive_n"":16169}},""scored_positions"":16256,""source_sha256"":""2e67327e54b5fb83e765c2320affcf8cfc4fc30b3996eea06105c850609ee524"",""status"":""complete""}"
f3dbf1a3d5860a628e7d68ef,zsre,R1_nonlearned,0,100,100,LS_terminated,"{""evaluated_value"":0.98,""numerator"":49.0,""planned"":50,""scored"":50,""status"":""complete"",""status_counts"":{""ok"":50},""value"":0.98}"
f3dbf1a3d5860a628e7d68ef,zsre,R1_nonlearned,0,100,100,locality,"{""expected_n"":50,""preserved_fraction"":1.0,""preserved_n"":50,""preserved_terminated_fraction"":0.98,""preserved_terminated_n"":49,""primary_convention"":""DEC-053 bounded exact decoded-text equality, no normalization or termination requirement"",""query_truncated_n"":1,""reference_truncated_n"":1,""scored_n"":50,""secondary_convention"":""same decoded text and neither side truncated"",""status"":""complete"",""truncated_pair_n"":1,""unavailable_n"":0}"
f3dbf1a3d5860a628e7d68ef,zsre,R1_nonlearned,0,100,100,unseen_false_fire,"{""evaluated_value"":1.0,""numerator"":100.0,""planned"":100,""scored"":100,""status"":""complete"",""status_counts"":{""ok"":100},""value"":1.0,""wilson_evaluated"":{""confidence"":0.95,""interpretation"":""descriptive binomial reference; fixed development data/selection and dependent prompts limit population inference"",""lower"":0.9630065017930143,""upper"":1.0},""wilson_full_inventory"":{""confidence"":0.95,""interpretation"":""descriptive binomial reference; fixed development data/selection and dependent prompts limit population inference"",""lower"":0.9630065017930143,""upper"":1.0}}"
f3dbf1a3d5860a628e7d68ef,zsre,R1_nonlearned,0,100,100,unseen_answer_changed,"{""evaluated_value"":1.0,""numerator"":100.0,""planned"":100,""scored"":100,""status"":""complete"",""status_counts"":{""ok"":100},""value"":1.0}"
f3dbf1a3d5860a628e7d68ef,zsre,R1_nonlearned,0,100,300,LS_terminated,"{""evaluated_value"":0.98,""numerator"":49.0,""planned"":50,""scored"":50,""status"":""complete"",""status_counts"":{""ok"":50},""value"":0.98}"
f3dbf1a3d5860a628e7d68ef,zsre,R1_nonlearned,0,100,300,locality,"{""expected_n"":50,""preserved_fraction"":1.0,""preserved_n"":50,""preserved_terminated_fraction"":0.98,""preserved_terminated_n"":49,""primary_convention"":""DEC-053 bounded exact decoded-text equality, no normalization or termination requirement"",""query_truncated_n"":1,""reference_truncated_n"":1,""scored_n"":50,""secondary_convention"":""same decoded text and neither side truncated"",""status"":""complete"",""truncated_pair_n"":1,""unavailable_n"":0}"
f3dbf1a3d5860a628e7d68ef,zsre,R1_nonlearned,0,100,300,unseen_false_fire,"{""evaluated_value"":1.0,""numerator"":100.0,""planned"":100,""scored"":100,""status"":""complete"",""status_counts"":{""ok"":100},""value"":1.0,""wilson_evaluated"":{""confidence"":0.95,""interpretation"":""descriptive binomial reference; fixed development data/selection and dependent prompts limit population inference"",""lower"":0.9630065017930143,""upper"":1.0},""wilson_full_inventory"":{""confidence"":0.95,""interpretation"":""descriptive binomial reference; fixed development data/selection and dependent prompts limit population inference"",""lower"":0.9630065017930143,""upper"":1.0}}"
f3dbf1a3d5860a628e7d68ef,zsre,R1_nonlearned,0,100,300,unseen_answer_changed,"{""evaluated_value"":1.0,""numerator"":100.0,""planned"":100,""scored"":100,""status"":""complete"",""status_counts"":{""ok"":100},""value"":1.0}"
f3dbf1a3d5860a628e7d68ef,zsre,R1_nonlearned,0,100,1000,LS_terminated,"{""evaluated_value"":0.96,""numerator"":48.0,""planned"":50,""scored"":50,""status"":""complete"",""status_counts"":{""ok"":50},""value"":0.96}"
f3dbf1a3d5860a628e7d68ef,zsre,R1_nonlearned,0,100,1000,locality,"{""expected_n"":50,""preserved_fraction"":0.98,""preserved_n"":49,""preserved_terminated_fraction"":0.96,""preserved_terminated_n"":48,""primary_convention"":""DEC-053 bounded exact decoded-text equality, no normalization or termination requirement"",""query_truncated_n"":1,""reference_truncated_n"":1,""scored_n"":50,""secondary_convention"":""same decoded text and neither side truncated"",""status"":""complete"",""truncated_pair_n"":1,""unavailable_n"":0}"
f3dbf1a3d5860a628e7d68ef,zsre,R1_nonlearned,0,100,1000,unseen_false_fire,"{""evaluated_value"":1.0,""numerator"":100.0,""planned"":100,""scored"":100,""status"":""complete"",""status_counts"":{""ok"":100},""value"":1.0,""wilson_evaluated"":{""confidence"":0.95,""interpretation"":""descriptive binomial reference; fixed development data/selection and dependent prompts limit population inference"",""lower"":0.9630065017930143,""upper"":1.0},""wilson_full_inventory"":{""confidence"":0.95,""interpretation"":""descriptive binomial reference; fixed development data/selection and dependent prompts limit population inference"",""lower"":0.9630065017930143,""upper"":1.0}}"
f3dbf1a3d5860a628e7d68ef,zsre,R1_nonlearned,0,100,1000,unseen_answer_changed,"{""evaluated_value"":1.0,""numerator"":100.0,""planned"":100,""scored"":100,""status"":""complete"",""status_counts"":{""ok"":100},""value"":1.0}"
f3dbf1a3d5860a628e7d68ef,zsre,R1_nonlearned,0,100,1000,near_miss,"{""expected_n"":100,""preserved_fraction"":0.0,""preserved_n"":0,""preserved_terminated_fraction"":0.0,""preserved_terminated_n"":0,""primary_convention"":""DEC-053 bounded exact decoded-text equality, no normalization or termination requirement"",""query_truncated_n"":0,""reference_truncated_n"":0,""scored_n"":100,""secondary_convention"":""same decoded text and neither side truncated"",""status"":""complete"",""truncated_pair_n"":0,""unavailable_n"":0}"
f3dbf1a3d5860a628e7d68ef,zsre,R1_nonlearned,0,100,1000,near_miss_bounded,"{""evaluated_value"":0.0,""numerator"":0.0,""planned"":100,""scored"":100,""status"":""complete"",""status_counts"":{""ok"":100},""value"":0.0}"
f3dbf1a3d5860a628e7d68ef,zsre,R1_nonlearned,0,100,1000,near_miss_terminated,"{""evaluated_value"":0.0,""numerator"":0.0,""planned"":100,""scored"":100,""status"":""complete"",""status_counts"":{""ok"":100},""value"":0.0}"
f3dbf1a3d5860a628e7d68ef,zsre,R1_nonlearned,0,100,1000,revision_latest,"{""evaluated_value"":1.0,""numerator"":50.0,""planned"":50,""scored"":50,""status"":""complete"",""status_counts"":{""ok"":50},""value"":1.0}"
f3dbf1a3d5860a628e7d68ef,zsre,R1_nonlearned,0,100,1000,revision_semantic,"{""evaluated_value"":1.0,""numerator"":50.0,""planned"":50,""scored"":50,""status"":""complete"",""status_counts"":{""ok"":50},""value"":1.0}"
f3dbf1a3d5860a628e7d68ef,zsre,R1_nonlearned,0,100,1000,old_record_retired,"{""evaluated_value"":1.0,""numerator"":50.0,""planned"":50,""scored"":50,""status"":""complete"",""status_counts"":{""ok"":50},""value"":1.0}"
f3dbf1a3d5860a628e7d68ef,zsre,R1_nonlearned,0,100,1000,new_record_active,"{""evaluated_value"":1.0,""numerator"":50.0,""planned"":50,""scored"":50,""status"":""complete"",""status_counts"":{""ok"":50},""value"":1.0}"
f3dbf1a3d5860a628e7d68ef,zsre,R1_nonlearned,0,100,1000,drift,"{""planned_positions"":16256,""references"":{""capoff"":{""ES95_positive_nats"":0.0032897014608095805,""ES99_positive_nats"":0.016448507304047903,""count_above_0_1_nats"":2,""definition"":""fractional empirical top1% mean of positive NLL harm; denominator .01*N"",""exceedances_nats"":{""0.01"":2,""0.1"":2,""1.0"":1},""max_positive_nats"":1.8439702264456912,""maximum_position"":""w13:p31"",""mean_positive_nats"":0.00016448507304047904,""mean_signed_nats"":0.00016448507304047904,""zero_positive_n"":16254},""original"":{""ES95_positive_nats"":0.0032897014608095805,""ES99_positive_nats"":0.016448507304047903,""count_above_0_1_nats"":2,""definition"":""fractional empirical top1% mean of positive NLL harm; denominator .01*N"",""exceedances_nats"":{""0.01"":2,""0.1"":2,""1.0"":1},""max_positive_nats"":1.8439702264456912,""maximum_position"":""w13:p31"",""mean_positive_nats"":0.00016448507304047904,""mean_signed_nats"":0.00016448507304047904,""zero_positive_n"":16254}},""scored_positions"":16256,""source_sha256"":""2e67327e54b5fb83e765c2320affcf8cfc4fc30b3996eea06105c850609ee524"",""status"":""complete""}"
be44dfb501724b72adcbd747,zsre,R1_nonlearned,0,101,100,LS_terminated,"{""evaluated_value"":0.98,""numerator"":49.0,""planned"":50,""scored"":50,""status"":""complete"",""status_counts"":{""ok"":50},""value"":0.98}"
be44dfb501724b72adcbd747,zsre,R1_nonlearned,0,101,100,locality,"{""expected_n"":50,""preserved_fraction"":1.0,""preserved_n"":50,""preserved_terminated_fraction"":0.98,""preserved_terminated_n"":49,""primary_convention"":""DEC-053 bounded exact decoded-text equality, no normalization or termination requirement"",""query_truncated_n"":1,""reference_truncated_n"":1,""scored_n"":50,""secondary_convention"":""same decoded text and neither side truncated"",""status"":""complete"",""truncated_pair_n"":1,""unavailable_n"":0}"
be44dfb501724b72adcbd747,zsre,R1_nonlearned,0,101,100,unseen_false_fire,"{""evaluated_value"":1.0,""numerator"":100.0,""planned"":100,""scored"":100,""status"":""complete"",""status_counts"":{""ok"":100},""value"":1.0,""wilson_evaluated"":{""confidence"":0.95,""interpretation"":""descriptive binomial reference; fixed development data/selection and dependent prompts limit population inference"",""lower"":0.9630065017930143,""upper"":1.0},""wilson_full_inventory"":{""confidence"":0.95,""interpretation"":""descriptive binomial reference; fixed development data/selection and dependent prompts limit population inference"",""lower"":0.9630065017930143,""upper"":1.0}}"
be44dfb501724b72adcbd747,zsre,R1_nonlearned,0,101,100,unseen_answer_changed,"{""evaluated_value"":1.0,""numerator"":100.0,""planned"":100,""scored"":100,""status"":""complete"",""status_counts"":{""ok"":100},""value"":1.0}"
be44dfb501724b72adcbd747,zsre,R1_nonlearned,0,101,300,LS_terminated,"{""evaluated_value"":0.98,""numerator"":49.0,""planned"":50,""scored"":50,""status"":""complete"",""status_counts"":{""ok"":50},""value"":0.98}"
be44dfb501724b72adcbd747,zsre,R1_nonlearned,0,101,300,locality,"{""expected_n"":50,""preserved_fraction"":1.0,""preserved_n"":50,""preserved_terminated_fraction"":0.98,""preserved_terminated_n"":49,""primary_convention"":""DEC-053 bounded exact decoded-text equality, no normalization or termination requirement"",""query_truncated_n"":1,""reference_truncated_n"":1,""scored_n"":50,""secondary_convention"":""same decoded text and neither side truncated"",""status"":""complete"",""truncated_pair_n"":1,""unavailable_n"":0}"
be44dfb501724b72adcbd747,zsre,R1_nonlearned,0,101,300,unseen_false_fire,"{""evaluated_value"":1.0,""numerator"":100.0,""planned"":100,""scored"":100,""status"":""complete"",""status_counts"":{""ok"":100},""value"":1.0,""wilson_evaluated"":{""confidence"":0.95,""interpretation"":""descriptive binomial reference; fixed development data/selection and dependent prompts limit population inference"",""lower"":0.9630065017930143,""upper"":1.0},""wilson_full_inventory"":{""confidence"":0.95,""interpretation"":""descriptive binomial reference; fixed development data/selection and dependent prompts limit population inference"",""lower"":0.9630065017930143,""upper"":1.0}}"
be44dfb501724b72adcbd747,zsre,R1_nonlearned,0,101,300,unseen_answer_changed,"{""evaluated_value"":1.0,""numerator"":100.0,""planned"":100,""scored"":100,""status"":""complete"",""status_counts"":{""ok"":100},""value"":1.0}"
be44dfb501724b72adcbd747,zsre,R1_nonlearned,0,101,1000,LS_terminated,"{""evaluated_value"":0.96,""numerator"":48.0,""planned"":50,""scored"":50,""status"":""complete"",""status_counts"":{""ok"":50},""value"":0.96}"
be44dfb501724b72adcbd747,zsre,R1_nonlearned,0,101,1000,locality,"{""expected_n"":50,""preserved_fraction"":0.98,""preserved_n"":49,""preserved_terminated_fraction"":0.96,""preserved_terminated_n"":48,""primary_convention"":""DEC-053 bounded exact decoded-text equality, no normalization or termination requirement"",""query_truncated_n"":1,""reference_truncated_n"":1,""scored_n"":50,""secondary_convention"":""same decoded text and neither side truncated"",""status"":""complete"",""truncated_pair_n"":1,""unavailable_n"":0}"
be44dfb501724b72adcbd747,zsre,R1_nonlearned,0,101,1000,unseen_false_fire,"{""evaluated_value"":1.0,""numerator"":100.0,""planned"":100,""scored"":100,""status"":""complete"",""status_counts"":{""ok"":100},""value"":1.0,""wilson_evaluated"":{""confidence"":0.95,""interpretation"":""descriptive binomial reference; fixed development data/selection and dependent prompts limit population inference"",""lower"":0.9630065017930143,""upper"":1.0},""wilson_full_inventory"":{""confidence"":0.95,""interpretation"":""descriptive binomial reference; fixed development data/selection and dependent prompts limit population inference"",""lower"":0.9630065017930143,""upper"":1.0}}"
be44dfb501724b72adcbd747,zsre,R1_nonlearned,0,101,1000,unseen_answer_changed,"{""evaluated_value"":1.0,""numerator"":100.0,""planned"":100,""scored"":100,""status"":""complete"",""status_counts"":{""ok"":100},""value"":1.0}"
be44dfb501724b72adcbd747,zsre,R1_nonlearned,0,101,1000,near_miss,"{""expected_n"":100,""preserved_fraction"":0.0,""preserved_n"":0,""preserved_terminated_fraction"":0.0,""preserved_terminated_n"":0,""primary_convention"":""DEC-053 bounded exact decoded-text equality, no normalization or termination requirement"",""query_truncated_n"":0,""reference_truncated_n"":0,""scored_n"":100,""secondary_convention"":""same decoded text and neither side truncated"",""status"":""complete"",""truncated_pair_n"":0,""unavailable_n"":0}"
be44dfb501724b72adcbd747,zsre,R1_nonlearned,0,101,1000,near_miss_bounded,"{""evaluated_value"":0.0,""numerator"":0.0,""planned"":100,""scored"":100,""status"":""complete"",""status_counts"":{""ok"":100},""value"":0.0}"
be44dfb501724b72adcbd747,zsre,R1_nonlearned,0,101,1000,near_miss_terminated,"{""evaluated_value"":0.0,""numerator"":0.0,""planned"":100,""scored"":100,""status"":""complete"",""status_counts"":{""ok"":100},""value"":0.0}"
be44dfb501724b72adcbd747,zsre,R1_nonlearned,0,101,1000,revision_latest,"{""evaluated_value"":1.0,""numerator"":50.0,""planned"":50,""scored"":50,""status"":""complete"",""status_counts"":{""ok"":50},""value"":1.0}"
be44dfb501724b72adcbd747,zsre,R1_nonlearned,0,101,1000,revision_semantic,"{""evaluated_value"":1.0,""numerator"":50.0,""planned"":50,""scored"":50,""status"":""complete"",""status_counts"":{""ok"":50},""value"":1.0}"
be44dfb501724b72adcbd747,zsre,R1_nonlearned,0,101,1000,old_record_retired,"{""evaluated_value"":1.0,""numerator"":50.0,""planned"":50,""scored"":50,""status"":""complete"",""status_counts"":{""ok"":50},""value"":1.0}"
be44dfb501724b72adcbd747,zsre,R1_nonlearned,0,101,1000,new_record_active,"{""evaluated_value"":1.0,""numerator"":50.0,""planned"":50,""scored"":50,""status"":""complete"",""status_counts"":{""ok"":50},""value"":1.0}"
be44dfb501724b72adcbd747,zsre,R1_nonlearned,0,101,1000,drift,"{""planned_positions"":16256,""references"":{""capoff"":{""ES95_positive_nats"":0.0032897014608095805,""ES99_positive_nats"":0.016448507304047903,""count_above_0_1_nats"":2,""definition"":""fractional empirical top1% mean of positive NLL harm; denominator .01*N"",""exceedances_nats"":{""0.01"":2,""0.1"":2,""1.0"":1},""max_positive_nats"":1.8439702264456912,""maximum_position"":""w13:p31"",""mean_positive_nats"":0.00016448507304047904,""mean_signed_nats"":0.00016448507304047904,""zero_positive_n"":16254},""original"":{""ES95_positive_nats"":0.0032897014608095805,""ES99_positive_nats"":0.016448507304047903,""count_above_0_1_nats"":2,""definition"":""fractional empirical top1% mean of positive NLL harm; denominator .01*N"",""exceedances_nats"":{""0.01"":2,""0.1"":2,""1.0"":1},""max_positive_nats"":1.8439702264456912,""maximum_position"":""w13:p31"",""mean_positive_nats"":0.00016448507304047904,""mean_signed_nats"":0.00016448507304047904,""zero_positive_n"":16254}},""scored_positions"":16256,""source_sha256"":""2e67327e54b5fb83e765c2320affcf8cfc4fc30b3996eea06105c850609ee524"",""status"":""complete""}"
5263d61e569d7cb4ceb4e617,zsre,R1_nonlearned,0,102,100,LS_terminated,"{""evaluated_value"":0.98,""numerator"":49.0,""planned"":50,""scored"":50,""status"":""complete"",""status_counts"":{""ok"":50},""value"":0.98}"
5263d61e569d7cb4ceb4e617,zsre,R1_nonlearned,0,102,100,locality,"{""expected_n"":50,""preserved_fraction"":1.0,""preserved_n"":50,""preserved_terminated_fraction"":0.98,""preserved_terminated_n"":49,""primary_convention"":""DEC-053 bounded exact decoded-text equality, no normalization or termination requirement"",""query_truncated_n"":1,""reference_truncated_n"":1,""scored_n"":50,""secondary_convention"":""same decoded text and neither side truncated"",""status"":""complete"",""truncated_pair_n"":1,""unavailable_n"":0}"
5263d61e569d7cb4ceb4e617,zsre,R1_nonlearned,0,102,100,unseen_false_fire,"{""evaluated_value"":1.0,""numerator"":100.0,""planned"":100,""scored"":100,""status"":""complete"",""status_counts"":{""ok"":100},""value"":1.0,""wilson_evaluated"":{""confidence"":0.95,""interpretation"":""descriptive binomial reference; fixed development data/selection and dependent prompts limit population inference"",""lower"":0.9630065017930143,""upper"":1.0},""wilson_full_inventory"":{""confidence"":0.95,""interpretation"":""descriptive binomial reference; fixed development data/selection and dependent prompts limit population inference"",""lower"":0.9630065017930143,""upper"":1.0}}"
5263d61e569d7cb4ceb4e617,zsre,R1_nonlearned,0,102,100,unseen_answer_changed,"{""evaluated_value"":1.0,""numerator"":100.0,""planned"":100,""scored"":100,""status"":""complete"",""status_counts"":{""ok"":100},""value"":1.0}"
5263d61e569d7cb4ceb4e617,zsre,R1_nonlearned,0,102,300,LS_terminated,"{""evaluated_value"":0.96,""numerator"":48.0,""planned"":50,""scored"":50,""status"":""complete"",""status_counts"":{""ok"":50},""value"":0.96}"
5263d61e569d7cb4ceb4e617,zsre,R1_nonlearned,0,102,300,locality,"{""expected_n"":50,""preserved_fraction"":0.98,""preserved_n"":49,""preserved_terminated_fraction"":0.96,""preserved_terminated_n"":48,""primary_convention"":""DEC-053 bounded exact decoded-text equality, no normalization or termination requirement"",""query_truncated_n"":1,""reference_truncated_n"":1,""scored_n"":50,""secondary_convention"":""same decoded text and neither side truncated"",""status"":""complete"",""truncated_pair_n"":1,""unavailable_n"":0}"
5263d61e569d7cb4ceb4e617,zsre,R1_nonlearned,0,102,300,unseen_false_fire,"{""evaluated_value"":1.0,""numerator"":100.0,""planned"":100,""scored"":100,""status"":""complete"",""status_counts"":{""ok"":100},""value"":1.0,""wilson_evaluated"":{""confidence"":0.95,""interpretation"":""descriptive binomial reference; fixed development data/selection and dependent prompts limit population inference"",""lower"":0.9630065017930143,""upper"":1.0},""wilson_full_inventory"":{""confidence"":0.95,""interpretation"":""descriptive binomial reference; fixed development data/selection and dependent prompts limit population inference"",""lower"":0.9630065017930143,""upper"":1.0}}"
5263d61e569d7cb4ceb4e617,zsre,R1_nonlearned,0,102,300,unseen_answer_changed,"{""evaluated_value"":1.0,""numerator"":100.0,""planned"":100,""scored"":100,""status"":""complete"",""status_counts"":{""ok"":100},""value"":1.0}"
5263d61e569d7cb4ceb4e617,zsre,R1_nonlearned,0,102,1000,LS_terminated,"{""evaluated_value"":0.96,""numerator"":48.0,""planned"":50,""scored"":50,""status"":""complete"",""status_counts"":{""ok"":50},""value"":0.96}"
5263d61e569d7cb4ceb4e617,zsre,R1_nonlearned,0,102,1000,locality,"{""expected_n"":50,""preserved_fraction"":0.98,""preserved_n"":49,""preserved_terminated_fraction"":0.96,""preserved_terminated_n"":48,""primary_convention"":""DEC-053 bounded exact decoded-text equality, no normalization or termination requirement"",""query_truncated_n"":1,""reference_truncated_n"":1,""scored_n"":50,""secondary_convention"":""same decoded text and neither side truncated"",""status"":""complete"",""truncated_pair_n"":1,""unavailable_n"":0}"
5263d61e569d7cb4ceb4e617,zsre,R1_nonlearned,0,102,1000,unseen_false_fire,"{""evaluated_value"":1.0,""numerator"":100.0,""planned"":100,""scored"":100,""status"":""complete"",""status_counts"":{""ok"":100},""value"":1.0,""wilson_evaluated"":{""confidence"":0.95,""interpretation"":""descriptive binomial reference; fixed development data/selection and dependent prompts limit population inference"",""lower"":0.9630065017930143,""upper"":1.0},""wilson_full_inventory"":{""confidence"":0.95,""interpretation"":""descriptive binomial reference; fixed development data/selection and dependent prompts limit population inference"",""lower"":0.9630065017930143,""upper"":1.0}}"
5263d61e569d7cb4ceb4e617,zsre,R1_nonlearned,0,102,1000,unseen_answer_changed,"{""evaluated_value"":1.0,""numerator"":100.0,""planned"":100,""scored"":100,""status"":""complete"",""status_counts"":{""ok"":100},""value"":1.0}"
5263d61e569d7cb4ceb4e617,zsre,R1_nonlearned,0,102,1000,near_miss,"{""expected_n"":100,""preserved_fraction"":0.0,""preserved_n"":0,""preserved_terminated_fraction"":0.0,""preserved_terminated_n"":0,""primary_convention"":""DEC-053 bounded exact decoded-text equality, no normalization or termination requirement"",""query_truncated_n"":0,""reference_truncated_n"":0,""scored_n"":100,""secondary_convention"":""same decoded text and neither side truncated"",""status"":""complete"",""truncated_pair_n"":0,""unavailable_n"":0}"
5263d61e569d7cb4ceb4e617,zsre,R1_nonlearned,0,102,1000,near_miss_bounded,"{""evaluated_value"":0.0,""numerator"":0.0,""planned"":100,""scored"":100,""status"":""complete"",""status_counts"":{""ok"":100},""value"":0.0}"
5263d61e569d7cb4ceb4e617,zsre,R1_nonlearned,0,102,1000,near_miss_terminated,"{""evaluated_value"":0.0,""numerator"":0.0,""planned"":100,""scored"":100,""status"":""complete"",""status_counts"":{""ok"":100},""value"":0.0}"
5263d61e569d7cb4ceb4e617,zsre,R1_nonlearned,0,102,1000,revision_latest,"{""evaluated_value"":1.0,""numerator"":50.0,""planned"":50,""scored"":50,""status"":""complete"",""status_counts"":{""ok"":50},""value"":1.0}"
5263d61e569d7cb4ceb4e617,zsre,R1_nonlearned,0,102,1000,revision_semantic,"{""evaluated_value"":1.0,""numerator"":50.0,""planned"":50,""scored"":50,""status"":""complete"",""status_counts"":{""ok"":50},""value"":1.0}"
5263d61e569d7cb4ceb4e617,zsre,R1_nonlearned,0,102,1000,old_record_retired,"{""evaluated_value"":1.0,""numerator"":50.0,""planned"":50,""scored"":50,""status"":""complete"",""status_counts"":{""ok"":50},""value"":1.0}"
5263d61e569d7cb4ceb4e617,zsre,R1_nonlearned,0,102,1000,new_record_active,"{""evaluated_value"":1.0,""numerator"":50.0,""planned"":50,""scored"":50,""status"":""complete"",""status_counts"":{""ok"":50},""value"":1.0}"
5263d61e569d7cb4ceb4e617,zsre,R1_nonlearned,0,102,1000,drift,"{""planned_positions"":16256,""references"":{""capoff"":{""ES95_positive_nats"":0.0032897014608095805,""ES99_positive_nats"":0.016448507304047903,""count_above_0_1_nats"":2,""definition"":""fractional empirical top1% mean of positive NLL harm; denominator .01*N"",""exceedances_nats"":{""0.01"":2,""0.1"":2,""1.0"":1},""max_positive_nats"":1.8439702264456912,""maximum_position"":""w13:p31"",""mean_positive_nats"":0.00016448507304047904,""mean_signed_nats"":0.00016448507304047904,""zero_positive_n"":16254},""original"":{""ES95_positive_nats"":0.0032897014608095805,""ES99_positive_nats"":0.016448507304047903,""count_above_0_1_nats"":2,""definition"":""fractional empirical top1% mean of positive NLL harm; denominator .01*N"",""exceedances_nats"":{""0.01"":2,""0.1"":2,""1.0"":1},""max_positive_nats"":1.8439702264456912,""maximum_position"":""w13:p31"",""mean_positive_nats"":0.00016448507304047904,""mean_signed_nats"":0.00016448507304047904,""zero_positive_n"":16254}},""scored_positions"":16256,""source_sha256"":""2e67327e54b5fb83e765c2320affcf8cfc4fc30b3996eea06105c850609ee524"",""status"":""complete""}"
81b1e9cb4e216a6cd1cd565a,zsre,R1_nonlearned,0,103,100,LS_terminated,"{""evaluated_value"":0.98,""numerator"":49.0,""planned"":50,""scored"":50,""status"":""complete"",""status_counts"":{""ok"":50},""value"":0.98}"
81b1e9cb4e216a6cd1cd565a,zsre,R1_nonlearned,0,103,100,locality,"{""expected_n"":50,""preserved_fraction"":1.0,""preserved_n"":50,""preserved_terminated_fraction"":0.98,""preserved_terminated_n"":49,""primary_convention"":""DEC-053 bounded exact decoded-text equality, no normalization or termination requirement"",""query_truncated_n"":1,""reference_truncated_n"":1,""scored_n"":50,""secondary_convention"":""same decoded text and neither side truncated"",""status"":""complete"",""truncated_pair_n"":1,""unavailable_n"":0}"
81b1e9cb4e216a6cd1cd565a,zsre,R1_nonlearned,0,103,100,unseen_false_fire,"{""evaluated_value"":1.0,""numerator"":100.0,""planned"":100,""scored"":100,""status"":""complete"",""status_counts"":{""ok"":100},""value"":1.0,""wilson_evaluated"":{""confidence"":0.95,""interpretation"":""descriptive binomial reference; fixed development data/selection and dependent prompts limit population inference"",""lower"":0.9630065017930143,""upper"":1.0},""wilson_full_inventory"":{""confidence"":0.95,""interpretation"":""descriptive binomial reference; fixed development data/selection and dependent prompts limit population inference"",""lower"":0.9630065017930143,""upper"":1.0}}"
81b1e9cb4e216a6cd1cd565a,zsre,R1_nonlearned,0,103,100,unseen_answer_changed,"{""evaluated_value"":1.0,""numerator"":100.0,""planned"":100,""scored"":100,""status"":""complete"",""status_counts"":{""ok"":100},""value"":1.0}"
81b1e9cb4e216a6cd1cd565a,zsre,R1_nonlearned,0,103,300,LS_terminated,"{""evaluated_value"":0.98,""numerator"":49.0,""planned"":50,""scored"":50,""status"":""complete"",""status_counts"":{""ok"":50},""value"":0.98}"
81b1e9cb4e216a6cd1cd565a,zsre,R1_nonlearned,0,103,300,locality,"{""expected_n"":50,""preserved_fraction"":1.0,""preserved_n"":50,""preserved_terminated_fraction"":0.98,""preserved_terminated_n"":49,""primary_convention"":""DEC-053 bounded exact decoded-text equality, no normalization or termination requirement"",""query_truncated_n"":1,""reference_truncated_n"":1,""scored_n"":50,""secondary_convention"":""same decoded text and neither side truncated"",""status"":""complete"",""truncated_pair_n"":1,""unavailable_n"":0}"
81b1e9cb4e216a6cd1cd565a,zsre,R1_nonlearned,0,103,300,unseen_false_fire,"{""evaluated_value"":1.0,""numerator"":100.0,""planned"":100,""scored"":100,""status"":""complete"",""status_counts"":{""ok"":100},""value"":1.0,""wilson_evaluated"":{""confidence"":0.95,""interpretation"":""descriptive binomial reference; fixed development data/selection and dependent prompts limit population inference"",""lower"":0.9630065017930143,""upper"":1.0},""wilson_full_inventory"":{""confidence"":0.95,""interpretation"":""descriptive binomial reference; fixed development data/selection and dependent prompts limit population inference"",""lower"":0.9630065017930143,""upper"":1.0}}"
81b1e9cb4e216a6cd1cd565a,zsre,R1_nonlearned,0,103,300,unseen_answer_changed,"{""evaluated_value"":1.0,""numerator"":100.0,""planned"":100,""scored"":100,""status"":""complete"",""status_counts"":{""ok"":100},""value"":1.0}"
81b1e9cb4e216a6cd1cd565a,zsre,R1_nonlearned,0,103,1000,LS_terminated,"{""evaluated_value"":0.96,""numerator"":48.0,""planned"":50,""scored"":50,""status"":""complete"",""status_counts"":{""ok"":50},""value"":0.96}"
81b1e9cb4e216a6cd1cd565a,zsre,R1_nonlearned,0,103,1000,locality,"{""expected_n"":50,""preserved_fraction"":0.98,""preserved_n"":49,""preserved_terminated_fraction"":0.96,""preserved_terminated_n"":48,""primary_convention"":""DEC-053 bounded exact decoded-text equality, no normalization or termination requirement"",""query_truncated_n"":1,""reference_truncated_n"":1,""scored_n"":50,""secondary_convention"":""same decoded text and neither side truncated"",""status"":""complete"",""truncated_pair_n"":1,""unavailable_n"":0}"
81b1e9cb4e216a6cd1cd565a,zsre,R1_nonlearned,0,103,1000,unseen_false_fire,"{""evaluated_value"":1.0,""numerator"":100.0,""planned"":100,""scored"":100,""status"":""complete"",""status_counts"":{""ok"":100},""value"":1.0,""wilson_evaluated"":{""confidence"":0.95,""interpretation"":""descriptive binomial reference; fixed development data/selection and dependent prompts limit population inference"",""lower"":0.9630065017930143,""upper"":1.0},""wilson_full_inventory"":{""confidence"":0.95,""interpretation"":""descriptive binomial reference; fixed development data/selection and dependent prompts limit population inference"",""lower"":0.9630065017930143,""upper"":1.0}}"
81b1e9cb4e216a6cd1cd565a,zsre,R1_nonlearned,0,103,1000,unseen_answer_changed,"{""evaluated_value"":1.0,""numerator"":100.0,""planned"":100,""scored"":100,""status"":""complete"",""status_counts"":{""ok"":100},""value"":1.0}"
81b1e9cb4e216a6cd1cd565a,zsre,R1_nonlearned,0,103,1000,near_miss,"{""expected_n"":100,""preserved_fraction"":0.0,""preserved_n"":0,""preserved_terminated_fraction"":0.0,""preserved_terminated_n"":0,""primary_convention"":""DEC-053 bounded exact decoded-text equality, no normalization or termination requirement"",""query_truncated_n"":0,""reference_truncated_n"":0,""scored_n"":100,""secondary_convention"":""same decoded text and neither side truncated"",""status"":""complete"",""truncated_pair_n"":0,""unavailable_n"":0}"
81b1e9cb4e216a6cd1cd565a,zsre,R1_nonlearned,0,103,1000,near_miss_bounded,"{""evaluated_value"":0.0,""numerator"":0.0,""planned"":100,""scored"":100,""status"":""complete"",""status_counts"":{""ok"":100},""value"":0.0}"
81b1e9cb4e216a6cd1cd565a,zsre,R1_nonlearned,0,103,1000,near_miss_terminated,"{""evaluated_value"":0.0,""numerator"":0.0,""planned"":100,""scored"":100,""status"":""complete"",""status_counts"":{""ok"":100},""value"":0.0}"
81b1e9cb4e216a6cd1cd565a,zsre,R1_nonlearned,0,103,1000,revision_latest,"{""evaluated_value"":1.0,""numerator"":50.0,""planned"":50,""scored"":50,""status"":""complete"",""status_counts"":{""ok"":50},""value"":1.0}"
81b1e9cb4e216a6cd1cd565a,zsre,R1_nonlearned,0,103,1000,revision_semantic,"{""evaluated_value"":1.0,""numerator"":50.0,""planned"":50,""scored"":50,""status"":""complete"",""status_counts"":{""ok"":50},""value"":1.0}"
81b1e9cb4e216a6cd1cd565a,zsre,R1_nonlearned,0,103,1000,old_record_retired,"{""evaluated_value"":1.0,""numerator"":50.0,""planned"":50,""scored"":50,""status"":""complete"",""status_counts"":{""ok"":50},""value"":1.0}"
81b1e9cb4e216a6cd1cd565a,zsre,R1_nonlearned,0,103,1000,new_record_active,"{""evaluated_value"":1.0,""numerator"":50.0,""planned"":50,""scored"":50,""status"":""complete"",""status_counts"":{""ok"":50},""value"":1.0}"
81b1e9cb4e216a6cd1cd565a,zsre,R1_nonlearned,0,103,1000,drift,"{""planned_positions"":16256,""references"":{""capoff"":{""ES95_positive_nats"":0.0032897014608095805,""ES99_positive_nats"":0.016448507304047903,""count_above_0_1_nats"":2,""definition"":""fractional empirical top1% mean of positive NLL harm; denominator .01*N"",""exceedances_nats"":{""0.01"":2,""0.1"":2,""1.0"":1},""max_positive_nats"":1.8439702264456912,""maximum_position"":""w13:p31"",""mean_positive_nats"":0.00016448507304047904,""mean_signed_nats"":0.00016448507304047904,""zero_positive_n"":16254},""original"":{""ES95_positive_nats"":0.0032897014608095805,""ES99_positive_nats"":0.016448507304047903,""count_above_0_1_nats"":2,""definition"":""fractional empirical top1% mean of positive NLL harm; denominator .01*N"",""exceedances_nats"":{""0.01"":2,""0.1"":2,""1.0"":1},""max_positive_nats"":1.8439702264456912,""maximum_position"":""w13:p31"",""mean_positive_nats"":0.00016448507304047904,""mean_signed_nats"":0.00016448507304047904,""zero_positive_n"":16254}},""scored_positions"":16256,""source_sha256"":""2e67327e54b5fb83e765c2320affcf8cfc4fc30b3996eea06105c850609ee524"",""status"":""complete""}"
deb5f473d9ca2ed544926204,zsre,R1_nonlearned,0,104,100,LS_terminated,"{""evaluated_value"":0.98,""numerator"":49.0,""planned"":50,""scored"":50,""status"":""complete"",""status_counts"":{""ok"":50},""value"":0.98}"
deb5f473d9ca2ed544926204,zsre,R1_nonlearned,0,104,100,locality,"{""expected_n"":50,""preserved_fraction"":1.0,""preserved_n"":50,""preserved_terminated_fraction"":0.98,""preserved_terminated_n"":49,""primary_convention"":""DEC-053 bounded exact decoded-text equality, no normalization or termination requirement"",""query_truncated_n"":1,""reference_truncated_n"":1,""scored_n"":50,""secondary_convention"":""same decoded text and neither side truncated"",""status"":""complete"",""truncated_pair_n"":1,""unavailable_n"":0}"
deb5f473d9ca2ed544926204,zsre,R1_nonlearned,0,104,100,unseen_false_fire,"{""evaluated_value"":1.0,""numerator"":100.0,""planned"":100,""scored"":100,""status"":""complete"",""status_counts"":{""ok"":100},""value"":1.0,""wilson_evaluated"":{""confidence"":0.95,""interpretation"":""descriptive binomial reference; fixed development data/selection and dependent prompts limit population inference"",""lower"":0.9630065017930143,""upper"":1.0},""wilson_full_inventory"":{""confidence"":0.95,""interpretation"":""descriptive binomial reference; fixed development data/selection and dependent prompts limit population inference"",""lower"":0.9630065017930143,""upper"":1.0}}"
deb5f473d9ca2ed544926204,zsre,R1_nonlearned,0,104,100,unseen_answer_changed,"{""evaluated_value"":1.0,""numerator"":100.0,""planned"":100,""scored"":100,""status"":""complete"",""status_counts"":{""ok"":100},""value"":1.0}"
deb5f473d9ca2ed544926204,zsre,R1_nonlearned,0,104,300,LS_terminated,"{""evaluated_value"":0.98,""numerator"":49.0,""planned"":50,""scored"":50,""status"":""complete"",""status_counts"":{""ok"":50},""value"":0.98}"
deb5f473d9ca2ed544926204,zsre,R1_nonlearned,0,104,300,locality,"{""expected_n"":50,""preserved_fraction"":1.0,""preserved_n"":50,""preserved_terminated_fraction"":0.98,""preserved_terminated_n"":49,""primary_convention"":""DEC-053 bounded exact decoded-text equality, no normalization or termination requirement"",""query_truncated_n"":1,""reference_truncated_n"":1,""scored_n"":50,""secondary_convention"":""same decoded text and neither side truncated"",""status"":""complete"",""truncated_pair_n"":1,""unavailable_n"":0}"
deb5f473d9ca2ed544926204,zsre,R1_nonlearned,0,104,300,unseen_false_fire,"{""evaluated_value"":1.0,""numerator"":100.0,""planned"":100,""scored"":100,""status"":""complete"",""status_counts"":{""ok"":100},""value"":1.0,""wilson_evaluated"":{""confidence"":0.95,""interpretation"":""descriptive binomial reference; fixed development data/selection and dependent prompts limit population inference"",""lower"":0.9630065017930143,""upper"":1.0},""wilson_full_inventory"":{""confidence"":0.95,""interpretation"":""descriptive binomial reference; fixed development data/selection and dependent prompts limit population inference"",""lower"":0.9630065017930143,""upper"":1.0}}"
deb5f473d9ca2ed544926204,zsre,R1_nonlearned,0,104,300,unseen_answer_changed,"{""evaluated_value"":1.0,""numerator"":100.0,""planned"":100,""scored"":100,""status"":""complete"",""status_counts"":{""ok"":100},""value"":1.0}"
deb5f473d9ca2ed544926204,zsre,R1_nonlearned,0,104,1000,LS_terminated,"{""evaluated_value"":0.96,""numerator"":48.0,""planned"":50,""scored"":50,""status"":""complete"",""status_counts"":{""ok"":50},""value"":0.96}"
deb5f473d9ca2ed544926204,zsre,R1_nonlearned,0,104,1000,locality,"{""expected_n"":50,""preserved_fraction"":0.98,""preserved_n"":49,""preserved_terminated_fraction"":0.96,""preserved_terminated_n"":48,""primary_convention"":""DEC-053 bounded exact decoded-text equality, no normalization or termination requirement"",""query_truncated_n"":1,""reference_truncated_n"":1,""scored_n"":50,""secondary_convention"":""same decoded text and neither side truncated"",""status"":""complete"",""truncated_pair_n"":1,""unavailable_n"":0}"
deb5f473d9ca2ed544926204,zsre,R1_nonlearned,0,104,1000,unseen_false_fire,"{""evaluated_value"":1.0,""numerator"":100.0,""planned"":100,""scored"":100,""status"":""complete"",""status_counts"":{""ok"":100},""value"":1.0,""wilson_evaluated"":{""confidence"":0.95,""interpretation"":""descriptive binomial reference; fixed development data/selection and dependent prompts limit population inference"",""lower"":0.9630065017930143,""upper"":1.0},""wilson_full_inventory"":{""confidence"":0.95,""interpretation"":""descriptive binomial reference; fixed development data/selection and dependent prompts limit population inference"",""lower"":0.9630065017930143,""upper"":1.0}}"
deb5f473d9ca2ed544926204,zsre,R1_nonlearned,0,104,1000,unseen_answer_changed,"{""evaluated_value"":1.0,""numerator"":100.0,""planned"":100,""scored"":100,""status"":""complete"",""status_counts"":{""ok"":100},""value"":1.0}"
deb5f473d9ca2ed544926204,zsre,R1_nonlearned,0,104,1000,near_miss,"{""expected_n"":100,""preserved_fraction"":0.0,""preserved_n"":0,""preserved_terminated_fraction"":0.0,""preserved_terminated_n"":0,""primary_convention"":""DEC-053 bounded exact decoded-text equality, no normalization or termination requirement"",""query_truncated_n"":0,""reference_truncated_n"":0,""scored_n"":100,""secondary_convention"":""same decoded text and neither side truncated"",""status"":""complete"",""truncated_pair_n"":0,""unavailable_n"":0}"
deb5f473d9ca2ed544926204,zsre,R1_nonlearned,0,104,1000,near_miss_bounded,"{""evaluated_value"":0.0,""numerator"":0.0,""planned"":100,""scored"":100,""status"":""complete"",""status_counts"":{""ok"":100},""value"":0.0}"
deb5f473d9ca2ed544926204,zsre,R1_nonlearned,0,104,1000,near_miss_terminated,"{""evaluated_value"":0.0,""numerator"":0.0,""planned"":100,""scored"":100,""status"":""complete"",""status_counts"":{""ok"":100},""value"":0.0}"
deb5f473d9ca2ed544926204,zsre,R1_nonlearned,0,104,1000,revision_latest,"{""evaluated_value"":1.0,""numerator"":50.0,""planned"":50,""scored"":50,""status"":""complete"",""status_counts"":{""ok"":50},""value"":1.0}"
deb5f473d9ca2ed544926204,zsre,R1_nonlearned,0,104,1000,revision_semantic,"{""evaluated_value"":1.0,""numerator"":50.0,""planned"":50,""scored"":50,""status"":""complete"",""status_counts"":{""ok"":50},""value"":1.0}"
deb5f473d9ca2ed544926204,zsre,R1_nonlearned,0,104,1000,old_record_retired,"{""evaluated_value"":1.0,""numerator"":50.0,""planned"":50,""scored"":50,""status"":""complete"",""status_counts"":{""ok"":50},""value"":1.0}"
deb5f473d9ca2ed544926204,zsre,R1_nonlearned,0,104,1000,new_record_active,"{""evaluated_value"":1.0,""numerator"":50.0,""planned"":50,""scored"":50,""status"":""complete"",""status_counts"":{""ok"":50},""value"":1.0}"
deb5f473d9ca2ed544926204,zsre,R1_nonlearned,0,104,1000,drift,"{""planned_positions"":16256,""references"":{""capoff"":{""ES95_positive_nats"":0.0032897014608095805,""ES99_positive_nats"":0.016448507304047903,""count_above_0_1_nats"":2,""definition"":""fractional empirical top1% mean of positive NLL harm; denominator .01*N"",""exceedances_nats"":{""0.01"":2,""0.1"":2,""1.0"":1},""max_positive_nats"":1.8439702264456912,""maximum_position"":""w13:p31"",""mean_positive_nats"":0.00016448507304047904,""mean_signed_nats"":0.00016448507304047904,""zero_positive_n"":16254},""original"":{""ES95_positive_nats"":0.0032897014608095805,""ES99_positive_nats"":0.016448507304047903,""count_above_0_1_nats"":2,""definition"":""fractional empirical top1% mean of positive NLL harm; denominator .01*N"",""exceedances_nats"":{""0.01"":2,""0.1"":2,""1.0"":1},""max_positive_nats"":1.8439702264456912,""maximum_position"":""w13:p31"",""mean_positive_nats"":0.00016448507304047904,""mean_signed_nats"":0.00016448507304047904,""zero_positive_n"":16254}},""scored_positions"":16256,""source_sha256"":""2e67327e54b5fb83e765c2320affcf8cfc4fc30b3996eea06105c850609ee524"",""status"":""complete""}"
0b6ade77641a02c1c85574b0,counterfact,R1_nonlearned,0,100,100,LS_terminated,"{""evaluated_value"":0.08,""numerator"":4.0,""planned"":50,""scored"":50,""status"":""complete"",""status_counts"":{""ok"":50},""value"":0.08}"
0b6ade77641a02c1c85574b0,counterfact,R1_nonlearned,0,100,100,locality,"{""expected_n"":50,""preserved_fraction"":0.14,""preserved_n"":7,""preserved_terminated_fraction"":0.08,""preserved_terminated_n"":4,""primary_convention"":""DEC-053 bounded exact decoded-text equality, no normalization or termination requirement"",""query_truncated_n"":3,""reference_truncated_n"":11,""scored_n"":50,""secondary_convention"":""same decoded text and neither side truncated"",""status"":""complete"",""truncated_pair_n"":11,""unavailable_n"":0}"
0b6ade77641a02c1c85574b0,counterfact,R1_nonlearned,0,100,100,unseen_false_fire,"{""evaluated_value"":0.94,""numerator"":94.0,""planned"":100,""scored"":100,""status"":""complete"",""status_counts"":{""ok"":100},""value"":0.94,""wilson_evaluated"":{""confidence"":0.95,""interpretation"":""descriptive binomial reference; fixed development data/selection and dependent prompts limit population inference"",""lower"":0.8752318455410406,""upper"":0.9722138760368118},""wilson_full_inventory"":{""confidence"":0.95,""interpretation"":""descriptive binomial reference; fixed development data/selection and dependent prompts limit population inference"",""lower"":0.8752318455410406,""upper"":0.9722138760368118}}"
0b6ade77641a02c1c85574b0,counterfact,R1_nonlearned,0,100,100,unseen_answer_changed,"{""evaluated_value"":0.94,""numerator"":94.0,""planned"":100,""scored"":100,""status"":""complete"",""status_counts"":{""ok"":100},""value"":0.94}"
0b6ade77641a02c1c85574b0,counterfact,R1_nonlearned,0,100,300,LS_terminated,"{""evaluated_value"":0.0,""numerator"":0.0,""planned"":50,""scored"":50,""status"":""complete"",""status_counts"":{""ok"":50},""value"":0.0}"
0b6ade77641a02c1c85574b0,counterfact,R1_nonlearned,0,100,300,locality,"{""expected_n"":50,""preserved_fraction"":0.02,""preserved_n"":1,""preserved_terminated_fraction"":0.0,""preserved_terminated_n"":0,""primary_convention"":""DEC-053 bounded exact decoded-text equality, no normalization or termination requirement"",""query_truncated_n"":1,""reference_truncated_n"":11,""scored_n"":50,""secondary_convention"":""same decoded text and neither side truncated"",""status"":""complete"",""truncated_pair_n"":11,""unavailable_n"":0}"
0b6ade77641a02c1c85574b0,counterfact,R1_nonlearned,0,100,300,unseen_false_fire,"{""evaluated_value"":0.99,""numerator"":99.0,""planned"":100,""scored"":100,""status"":""complete"",""status_counts"":{""ok"":100},""value"":0.99,""wilson_evaluated"":{""confidence"":0.95,""interpretation"":""descriptive binomial reference; fixed development data/selection and dependent prompts limit population inference"",""lower"":0.9455138038212946,""upper"":0.9982325679358593},""wilson_full_inventory"":{""confidence"":0.95,""interpretation"":""descriptive binomial reference; fixed development data/selection and dependent prompts limit population inference"",""lower"":0.9455138038212946,""upper"":0.9982325679358593}}"
0b6ade77641a02c1c85574b0,counterfact,R1_nonlearned,0,100,300,unseen_answer_changed,"{""evaluated_value"":0.99,""numerator"":99.0,""planned"":100,""scored"":100,""status"":""complete"",""status_counts"":{""ok"":100},""value"":0.99}"
0b6ade77641a02c1c85574b0,counterfact,R1_nonlearned,0,100,1000,LS_terminated,"{""evaluated_value"":0.0,""numerator"":0.0,""planned"":50,""scored"":50,""status"":""complete"",""status_counts"":{""ok"":50},""value"":0.0}"
0b6ade77641a02c1c85574b0,counterfact,R1_nonlearned,0,100,1000,locality,"{""expected_n"":50,""preserved_fraction"":0.02,""preserved_n"":1,""preserved_terminated_fraction"":0.0,""preserved_terminated_n"":0,""primary_convention"":""DEC-053 bounded exact decoded-text equality, no normalization or termination requirement"",""query_truncated_n"":1,""reference_truncated_n"":11,""scored_n"":50,""secondary_convention"":""same decoded text and neither side truncated"",""status"":""complete"",""truncated_pair_n"":11,""unavailable_n"":0}"
0b6ade77641a02c1c85574b0,counterfact,R1_nonlearned,0,100,1000,unseen_false_fire,"{""evaluated_value"":1.0,""numerator"":100.0,""planned"":100,""scored"":100,""status"":""complete"",""status_counts"":{""ok"":100},""value"":1.0,""wilson_evaluated"":{""confidence"":0.95,""interpretation"":""descriptive binomial reference; fixed development data/selection and dependent prompts limit population inference"",""lower"":0.9630065017930143,""upper"":1.0},""wilson_full_inventory"":{""confidence"":0.95,""interpretation"":""descriptive binomial reference; fixed development data/selection and dependent prompts limit population inference"",""lower"":0.9630065017930143,""upper"":1.0}}"
0b6ade77641a02c1c85574b0,counterfact,R1_nonlearned,0,100,1000,unseen_answer_changed,"{""evaluated_value"":1.0,""numerator"":100.0,""planned"":100,""scored"":100,""status"":""complete"",""status_counts"":{""ok"":100},""value"":1.0}"
0b6ade77641a02c1c85574b0,counterfact,R1_nonlearned,0,100,1000,near_miss,"{""expected_n"":100,""preserved_fraction"":0.0,""preserved_n"":0,""preserved_terminated_fraction"":0.0,""preserved_terminated_n"":0,""primary_convention"":""DEC-053 bounded exact decoded-text equality, no normalization or termination requirement"",""query_truncated_n"":0,""reference_truncated_n"":35,""scored_n"":100,""secondary_convention"":""same decoded text and neither side truncated"",""status"":""complete"",""truncated_pair_n"":35,""unavailable_n"":0}"
0b6ade77641a02c1c85574b0,counterfact,R1_nonlearned,0,100,1000,near_miss_bounded,"{""evaluated_value"":0.0,""numerator"":0.0,""planned"":100,""scored"":100,""status"":""complete"",""status_counts"":{""ok"":100},""value"":0.0}"
0b6ade77641a02c1c85574b0,counterfact,R1_nonlearned,0,100,1000,near_miss_terminated,"{""evaluated_value"":0.0,""numerator"":0.0,""planned"":100,""scored"":100,""status"":""complete"",""status_counts"":{""ok"":100},""value"":0.0}"
0b6ade77641a02c1c85574b0,counterfact,R1_nonlearned,0,100,1000,revision_latest,"{""evaluated_value"":1.0,""numerator"":50.0,""planned"":50,""scored"":50,""status"":""complete"",""status_counts"":{""ok"":50},""value"":1.0}"
0b6ade77641a02c1c85574b0,counterfact,R1_nonlearned,0,100,1000,revision_semantic,"{""evaluated_value"":1.0,""numerator"":50.0,""planned"":50,""scored"":50,""status"":""complete"",""status_counts"":{""ok"":50},""value"":1.0}"
0b6ade77641a02c1c85574b0,counterfact,R1_nonlearned,0,100,1000,old_record_retired,"{""evaluated_value"":1.0,""numerator"":50.0,""planned"":50,""scored"":50,""status"":""complete"",""status_counts"":{""ok"":50},""value"":1.0}"
0b6ade77641a02c1c85574b0,counterfact,R1_nonlearned,0,100,1000,new_record_active,"{""evaluated_value"":1.0,""numerator"":50.0,""planned"":50,""scored"":50,""status"":""complete"",""status_counts"":{""ok"":50},""value"":1.0}"
0b6ade77641a02c1c85574b0,counterfact,R1_nonlearned,0,100,1000,drift,"{""planned_positions"":16256,""references"":{""capoff"":{""ES95_positive_nats"":1.2381623696134223,""ES99_positive_nats"":5.135865977077734,""count_above_0_1_nats"":297,""definition"":""fractional empirical top1% mean of positive NLL harm; denominator .01*N"",""exceedances_nats"":{""0.01"":302,""0.1"":297,""1.0"":241},""max_positive_nats"":12.607352104565564,""maximum_position"":""w122:p34"",""mean_positive_nats"":0.06190811848067112,""mean_signed_nats"":0.06150242164669776,""zero_positive_n"":15953},""original"":{""ES95_positive_nats"":1.2381623696134223,""ES99_positive_nats"":5.135865977077734,""count_above_0_1_nats"":297,""definition"":""fractional empirical top1% mean of positive NLL harm; denominator .01*N"",""exceedances_nats"":{""0.01"":302,""0.1"":297,""1.0"":241},""max_positive_nats"":12.607352104565564,""maximum_position"":""w122:p34"",""mean_positive_nats"":0.06190811848067112,""mean_signed_nats"":0.06150242164669776,""zero_positive_n"":15953}},""scored_positions"":16256,""source_sha256"":""2e67327e54b5fb83e765c2320affcf8cfc4fc30b3996eea06105c850609ee524"",""status"":""complete""}"
ee67c592789829e7dd808ede,counterfact,R1_nonlearned,0,101,100,LS_terminated,"{""evaluated_value"":0.0,""numerator"":0.0,""planned"":50,""scored"":50,""status"":""complete"",""status_counts"":{""ok"":50},""value"":0.0}"
ee67c592789829e7dd808ede,counterfact,R1_nonlearned,0,101,100,locality,"{""expected_n"":50,""preserved_fraction"":0.02,""preserved_n"":1,""preserved_terminated_fraction"":0.0,""preserved_terminated_n"":0,""primary_convention"":""DEC-053 bounded exact decoded-text equality, no normalization or termination requirement"",""query_truncated_n"":1,""reference_truncated_n"":11,""scored_n"":50,""secondary_convention"":""same decoded text and neither side truncated"",""status"":""complete"",""truncated_pair_n"":11,""unavailable_n"":0}"
ee67c592789829e7dd808ede,counterfact,R1_nonlearned,0,101,100,unseen_false_fire,"{""evaluated_value"":0.91,""numerator"":91.0,""planned"":100,""scored"":100,""status"":""complete"",""status_counts"":{""ok"":100},""value"":0.91,""wilson_evaluated"":{""confidence"":0.95,""interpretation"":""descriptive binomial reference; fixed development data/selection and dependent prompts limit population inference"",""lower"":0.837737871472837,""upper"":0.9519274599974348},""wilson_full_inventory"":{""confidence"":0.95,""interpretation"":""descriptive binomial reference; fixed development data/selection and dependent prompts limit population inference"",""lower"":0.837737871472837,""upper"":0.9519274599974348}}"
ee67c592789829e7dd808ede,counterfact,R1_nonlearned,0,101,100,unseen_answer_changed,"{""evaluated_value"":0.91,""numerator"":91.0,""planned"":100,""scored"":100,""status"":""complete"",""status_counts"":{""ok"":100},""value"":0.91}"
ee67c592789829e7dd808ede,counterfact,R1_nonlearned,0,101,300,LS_terminated,"{""evaluated_value"":0.0,""numerator"":0.0,""planned"":50,""scored"":50,""status"":""complete"",""status_counts"":{""ok"":50},""value"":0.0}"
ee67c592789829e7dd808ede,counterfact,R1_nonlearned,0,101,300,locality,"{""expected_n"":50,""preserved_fraction"":0.02,""preserved_n"":1,""preserved_terminated_fraction"":0.0,""preserved_terminated_n"":0,""primary_convention"":""DEC-053 bounded exact decoded-text equality, no normalization or termination requirement"",""query_truncated_n"":1,""reference_truncated_n"":11,""scored_n"":50,""secondary_convention"":""same decoded text and neither side truncated"",""status"":""complete"",""truncated_pair_n"":11,""unavailable_n"":0}"
ee67c592789829e7dd808ede,counterfact,R1_nonlearned,0,101,300,unseen_false_fire,"{""evaluated_value"":0.99,""numerator"":99.0,""planned"":100,""scored"":100,""status"":""complete"",""status_counts"":{""ok"":100},""value"":0.99,""wilson_evaluated"":{""confidence"":0.95,""interpretation"":""descriptive binomial reference; fixed development data/selection and dependent prompts limit population inference"",""lower"":0.9455138038212946,""upper"":0.9982325679358593},""wilson_full_inventory"":{""confidence"":0.95,""interpretation"":""descriptive binomial reference; fixed development data/selection and dependent prompts limit population inference"",""lower"":0.9455138038212946,""upper"":0.9982325679358593}}"
ee67c592789829e7dd808ede,counterfact,R1_nonlearned,0,101,300,unseen_answer_changed,"{""evaluated_value"":0.99,""numerator"":99.0,""planned"":100,""scored"":100,""status"":""complete"",""status_counts"":{""ok"":100},""value"":0.99}"
ee67c592789829e7dd808ede,counterfact,R1_nonlearned,0,101,1000,LS_terminated,"{""evaluated_value"":0.0,""numerator"":0.0,""planned"":50,""scored"":50,""status"":""complete"",""status_counts"":{""ok"":50},""value"":0.0}"
ee67c592789829e7dd808ede,counterfact,R1_nonlearned,0,101,1000,locality,"{""expected_n"":50,""preserved_fraction"":0.02,""preserved_n"":1,""preserved_terminated_fraction"":0.0,""preserved_terminated_n"":0,""primary_convention"":""DEC-053 bounded exact decoded-text equality, no normalization or termination requirement"",""query_truncated_n"":1,""reference_truncated_n"":11,""scored_n"":50,""secondary_convention"":""same decoded text and neither side truncated"",""status"":""complete"",""truncated_pair_n"":11,""unavailable_n"":0}"
ee67c592789829e7dd808ede,counterfact,R1_nonlearned,0,101,1000,unseen_false_fire,"{""evaluated_value"":1.0,""numerator"":100.0,""planned"":100,""scored"":100,""status"":""complete"",""status_counts"":{""ok"":100},""value"":1.0,""wilson_evaluated"":{""confidence"":0.95,""interpretation"":""descriptive binomial reference; fixed development data/selection and dependent prompts limit population inference"",""lower"":0.9630065017930143,""upper"":1.0},""wilson_full_inventory"":{""confidence"":0.95,""interpretation"":""descriptive binomial reference; fixed development data/selection and dependent prompts limit population inference"",""lower"":0.9630065017930143,""upper"":1.0}}"
ee67c592789829e7dd808ede,counterfact,R1_nonlearned,0,101,1000,unseen_answer_changed,"{""evaluated_value"":1.0,""numerator"":100.0,""planned"":100,""scored"":100,""status"":""complete"",""status_counts"":{""ok"":100},""value"":1.0}"
ee67c592789829e7dd808ede,counterfact,R1_nonlearned,0,101,1000,near_miss,"{""expected_n"":100,""preserved_fraction"":0.0,""preserved_n"":0,""preserved_terminated_fraction"":0.0,""preserved_terminated_n"":0,""primary_convention"":""DEC-053 bounded exact decoded-text equality, no normalization or termination requirement"",""query_truncated_n"":0,""reference_truncated_n"":35,""scored_n"":100,""secondary_convention"":""same decoded text and neither side truncated"",""status"":""complete"",""truncated_pair_n"":35,""unavailable_n"":0}"
ee67c592789829e7dd808ede,counterfact,R1_nonlearned,0,101,1000,near_miss_bounded,"{""evaluated_value"":0.0,""numerator"":0.0,""planned"":100,""scored"":100,""status"":""complete"",""status_counts"":{""ok"":100},""value"":0.0}"
ee67c592789829e7dd808ede,counterfact,R1_nonlearned,0,101,1000,near_miss_terminated,"{""evaluated_value"":0.0,""numerator"":0.0,""planned"":100,""scored"":100,""status"":""complete"",""status_counts"":{""ok"":100},""value"":0.0}"
ee67c592789829e7dd808ede,counterfact,R1_nonlearned,0,101,1000,revision_latest,"{""evaluated_value"":1.0,""numerator"":50.0,""planned"":50,""scored"":50,""status"":""complete"",""status_counts"":{""ok"":50},""value"":1.0}"
ee67c592789829e7dd808ede,counterfact,R1_nonlearned,0,101,1000,revision_semantic,"{""evaluated_value"":1.0,""numerator"":50.0,""planned"":50,""scored"":50,""status"":""complete"",""status_counts"":{""ok"":50},""value"":1.0}"
ee67c592789829e7dd808ede,counterfact,R1_nonlearned,0,101,1000,old_record_retired,"{""evaluated_value"":1.0,""numerator"":50.0,""planned"":50,""scored"":50,""status"":""complete"",""status_counts"":{""ok"":50},""value"":1.0}"
ee67c592789829e7dd808ede,counterfact,R1_nonlearned,0,101,1000,new_record_active,"{""evaluated_value"":1.0,""numerator"":50.0,""planned"":50,""scored"":50,""status"":""complete"",""status_counts"":{""ok"":50},""value"":1.0}"
ee67c592789829e7dd808ede,counterfact,R1_nonlearned,0,101,1000,drift,"{""planned_positions"":16256,""references"":{""capoff"":{""ES95_positive_nats"":1.2381623696134223,""ES99_positive_nats"":5.135865977077734,""count_above_0_1_nats"":297,""definition"":""fractional empirical top1% mean of positive NLL harm; denominator .01*N"",""exceedances_nats"":{""0.01"":302,""0.1"":297,""1.0"":241},""max_positive_nats"":12.607352104565564,""maximum_position"":""w122:p34"",""mean_positive_nats"":0.06190811848067112,""mean_signed_nats"":0.06150242164669776,""zero_positive_n"":15953},""original"":{""ES95_positive_nats"":1.2381623696134223,""ES99_positive_nats"":5.135865977077734,""count_above_0_1_nats"":297,""definition"":""fractional empirical top1% mean of positive NLL harm; denominator .01*N"",""exceedances_nats"":{""0.01"":302,""0.1"":297,""1.0"":241},""max_positive_nats"":12.607352104565564,""maximum_position"":""w122:p34"",""mean_positive_nats"":0.06190811848067112,""mean_signed_nats"":0.06150242164669776,""zero_positive_n"":15953}},""scored_positions"":16256,""source_sha256"":""2e67327e54b5fb83e765c2320affcf8cfc4fc30b3996eea06105c850609ee524"",""status"":""complete""}"
8be432675ed4dc57f9108bd4,counterfact,R1_nonlearned,0,102,100,LS_terminated,"{""evaluated_value"":0.02,""numerator"":1.0,""planned"":50,""scored"":50,""status"":""complete"",""status_counts"":{""ok"":50},""value"":0.02}"
8be432675ed4dc57f9108bd4,counterfact,R1_nonlearned,0,102,100,locality,"{""expected_n"":50,""preserved_fraction"":0.08,""preserved_n"":4,""preserved_terminated_fraction"":0.02,""preserved_terminated_n"":1,""primary_convention"":""DEC-053 bounded exact decoded-text equality, no normalization or termination requirement"",""query_truncated_n"":3,""reference_truncated_n"":11,""scored_n"":50,""secondary_convention"":""same decoded text and neither side truncated"",""status"":""complete"",""truncated_pair_n"":11,""unavailable_n"":0}"
8be432675ed4dc57f9108bd4,counterfact,R1_nonlearned,0,102,100,unseen_false_fire,"{""evaluated_value"":0.93,""numerator"":93.0,""planned"":100,""scored"":100,""status"":""complete"",""status_counts"":{""ok"":100},""value"":0.93,""wilson_evaluated"":{""confidence"":0.95,""interpretation"":""descriptive binomial reference; fixed development data/selection and dependent prompts limit population inference"",""lower"":0.8625048526092651,""upper"":0.9656807389327273},""wilson_full_inventory"":{""confidence"":0.95,""interpretation"":""descriptive binomial reference; fixed development data/selection and dependent prompts limit population inference"",""lower"":0.8625048526092651,""upper"":0.9656807389327273}}"
8be432675ed4dc57f9108bd4,counterfact,R1_nonlearned,0,102,100,unseen_answer_changed,"{""evaluated_value"":0.93,""numerator"":93.0,""planned"":100,""scored"":100,""status"":""complete"",""status_counts"":{""ok"":100},""value"":0.93}"
8be432675ed4dc57f9108bd4,counterfact,R1_nonlearned,0,102,300,LS_terminated,"{""evaluated_value"":0.0,""numerator"":0.0,""planned"":50,""scored"":50,""status"":""complete"",""status_counts"":{""ok"":50},""value"":0.0}"
8be432675ed4dc57f9108bd4,counterfact,R1_nonlearned,0,102,300,locality,"{""expected_n"":50,""preserved_fraction"":0.02,""preserved_n"":1,""preserved_terminated_fraction"":0.0,""preserved_terminated_n"":0,""primary_convention"":""DEC-053 bounded exact decoded-text equality, no normalization or termination requirement"",""query_truncated_n"":1,""reference_truncated_n"":11,""scored_n"":50,""secondary_convention"":""same decoded text and neither side truncated"",""status"":""complete"",""truncated_pair_n"":11,""unavailable_n"":0}"
8be432675ed4dc57f9108bd4,counterfact,R1_nonlearned,0,102,300,unseen_false_fire,"{""evaluated_value"":1.0,""numerator"":100.0,""planned"":100,""scored"":100,""status"":""complete"",""status_counts"":{""ok"":100},""value"":1.0,""wilson_evaluated"":{""confidence"":0.95,""interpretation"":""descriptive binomial reference; fixed development data/selection and dependent prompts limit population inference"",""lower"":0.9630065017930143,""upper"":1.0},""wilson_full_inventory"":{""confidence"":0.95,""interpretation"":""descriptive binomial reference; fixed development data/selection and dependent prompts limit population inference"",""lower"":0.9630065017930143,""upper"":1.0}}"
8be432675ed4dc57f9108bd4,counterfact,R1_nonlearned,0,102,300,unseen_answer_changed,"{""evaluated_value"":1.0,""numerator"":100.0,""planned"":100,""scored"":100,""status"":""complete"",""status_counts"":{""ok"":100},""value"":1.0}"
8be432675ed4dc57f9108bd4,counterfact,R1_nonlearned,0,102,1000,LS_terminated,"{""evaluated_value"":0.0,""numerator"":0.0,""planned"":50,""scored"":50,""status"":""complete"",""status_counts"":{""ok"":50},""value"":0.0}"
8be432675ed4dc57f9108bd4,counterfact,R1_nonlearned,0,102,1000,locality,"{""expected_n"":50,""preserved_fraction"":0.02,""preserved_n"":1,""preserved_terminated_fraction"":0.0,""preserved_terminated_n"":0,""primary_convention"":""DEC-053 bounded exact decoded-text equality, no normalization or termination requirement"",""query_truncated_n"":1,""reference_truncated_n"":11,""scored_n"":50,""secondary_convention"":""same decoded text and neither side truncated"",""status"":""complete"",""truncated_pair_n"":11,""unavailable_n"":0}"
8be432675ed4dc57f9108bd4,counterfact,R1_nonlearned,0,102,1000,unseen_false_fire,"{""evaluated_value"":1.0,""numerator"":100.0,""planned"":100,""scored"":100,""status"":""complete"",""status_counts"":{""ok"":100},""value"":1.0,""wilson_evaluated"":{""confidence"":0.95,""interpretation"":""descriptive binomial reference; fixed development data/selection and dependent prompts limit population inference"",""lower"":0.9630065017930143,""upper"":1.0},""wilson_full_inventory"":{""confidence"":0.95,""interpretation"":""descriptive binomial reference; fixed development data/selection and dependent prompts limit population inference"",""lower"":0.9630065017930143,""upper"":1.0}}"
8be432675ed4dc57f9108bd4,counterfact,R1_nonlearned,0,102,1000,unseen_answer_changed,"{""evaluated_value"":1.0,""numerator"":100.0,""planned"":100,""scored"":100,""status"":""complete"",""status_counts"":{""ok"":100},""value"":1.0}"
8be432675ed4dc57f9108bd4,counterfact,R1_nonlearned,0,102,1000,near_miss,"{""expected_n"":100,""preserved_fraction"":0.0,""preserved_n"":0,""preserved_terminated_fraction"":0.0,""preserved_terminated_n"":0,""primary_convention"":""DEC-053 bounded exact decoded-text equality, no normalization or termination requirement"",""query_truncated_n"":0,""reference_truncated_n"":35,""scored_n"":100,""secondary_convention"":""same decoded text and neither side truncated"",""status"":""complete"",""truncated_pair_n"":35,""unavailable_n"":0}"
8be432675ed4dc57f9108bd4,counterfact,R1_nonlearned,0,102,1000,near_miss_bounded,"{""evaluated_value"":0.0,""numerator"":0.0,""planned"":100,""scored"":100,""status"":""complete"",""status_counts"":{""ok"":100},""value"":0.0}"
8be432675ed4dc57f9108bd4,counterfact,R1_nonlearned,0,102,1000,near_miss_terminated,"{""evaluated_value"":0.0,""numerator"":0.0,""planned"":100,""scored"":100,""status"":""complete"",""status_counts"":{""ok"":100},""value"":0.0}"
8be432675ed4dc57f9108bd4,counterfact,R1_nonlearned,0,102,1000,revision_latest,"{""evaluated_value"":1.0,""numerator"":50.0,""planned"":50,""scored"":50,""status"":""complete"",""status_counts"":{""ok"":50},""value"":1.0}"
8be432675ed4dc57f9108bd4,counterfact,R1_nonlearned,0,102,1000,revision_semantic,"{""evaluated_value"":1.0,""numerator"":50.0,""planned"":50,""scored"":50,""status"":""complete"",""status_counts"":{""ok"":50},""value"":1.0}"
8be432675ed4dc57f9108bd4,counterfact,R1_nonlearned,0,102,1000,old_record_retired,"{""evaluated_value"":1.0,""numerator"":50.0,""planned"":50,""scored"":50,""status"":""complete"",""status_counts"":{""ok"":50},""value"":1.0}"
8be432675ed4dc57f9108bd4,counterfact,R1_nonlearned,0,102,1000,new_record_active,"{""evaluated_value"":1.0,""numerator"":50.0,""planned"":50,""scored"":50,""status"":""complete"",""status_counts"":{""ok"":50},""value"":1.0}"
8be432675ed4dc57f9108bd4,counterfact,R1_nonlearned,0,102,1000,drift,"{""planned_positions"":16256,""references"":{""capoff"":{""ES95_positive_nats"":1.2381623696134223,""ES99_positive_nats"":5.135865977077734,""count_above_0_1_nats"":297,""definition"":""fractional empirical top1% mean of positive NLL harm; denominator .01*N"",""exceedances_nats"":{""0.01"":302,""0.1"":297,""1.0"":241},""max_positive_nats"":12.607352104565564,""maximum_position"":""w122:p34"",""mean_positive_nats"":0.06190811848067112,""mean_signed_nats"":0.06150242164669776,""zero_positive_n"":15953},""original"":{""ES95_positive_nats"":1.2381623696134223,""ES99_positive_nats"":5.135865977077734,""count_above_0_1_nats"":297,""definition"":""fractional empirical top1% mean of positive NLL harm; denominator .01*N"",""exceedances_nats"":{""0.01"":302,""0.1"":297,""1.0"":241},""max_positive_nats"":12.607352104565564,""maximum_position"":""w122:p34"",""mean_positive_nats"":0.06190811848067112,""mean_signed_nats"":0.06150242164669776,""zero_positive_n"":15953}},""scored_positions"":16256,""source_sha256"":""2e67327e54b5fb83e765c2320affcf8cfc4fc30b3996eea06105c850609ee524"",""status"":""complete""}"
78928f2782d91d888ef24d52,counterfact,R1_nonlearned,0,103,100,LS_terminated,"{""evaluated_value"":0.02,""numerator"":1.0,""planned"":50,""scored"":50,""status"":""complete"",""status_counts"":{""ok"":50},""value"":0.02}"
78928f2782d91d888ef24d52,counterfact,R1_nonlearned,0,103,100,locality,"{""expected_n"":50,""preserved_fraction"":0.04,""preserved_n"":2,""preserved_terminated_fraction"":0.02,""preserved_terminated_n"":1,""primary_convention"":""DEC-053 bounded exact decoded-text equality, no normalization or termination requirement"",""query_truncated_n"":1,""reference_truncated_n"":11,""scored_n"":50,""secondary_convention"":""same decoded text and neither side truncated"",""status"":""complete"",""truncated_pair_n"":11,""unavailable_n"":0}"
78928f2782d91d888ef24d52,counterfact,R1_nonlearned,0,103,100,unseen_false_fire,"{""evaluated_value"":0.93,""numerator"":93.0,""planned"":100,""scored"":100,""status"":""complete"",""status_counts"":{""ok"":100},""value"":0.93,""wilson_evaluated"":{""confidence"":0.95,""interpretation"":""descriptive binomial reference; fixed development data/selection and dependent prompts limit population inference"",""lower"":0.8625048526092651,""upper"":0.9656807389327273},""wilson_full_inventory"":{""confidence"":0.95,""interpretation"":""descriptive binomial reference; fixed development data/selection and dependent prompts limit population inference"",""lower"":0.8625048526092651,""upper"":0.9656807389327273}}"
78928f2782d91d888ef24d52,counterfact,R1_nonlearned,0,103,100,unseen_answer_changed,"{""evaluated_value"":0.93,""numerator"":93.0,""planned"":100,""scored"":100,""status"":""complete"",""status_counts"":{""ok"":100},""value"":0.93}"
78928f2782d91d888ef24d52,counterfact,R1_nonlearned,0,103,300,LS_terminated,"{""evaluated_value"":0.02,""numerator"":1.0,""planned"":50,""scored"":50,""status"":""complete"",""status_counts"":{""ok"":50},""value"":0.02}"
78928f2782d91d888ef24d52,counterfact,R1_nonlearned,0,103,300,locality,"{""expected_n"":50,""preserved_fraction"":0.04,""preserved_n"":2,""preserved_terminated_fraction"":0.02,""preserved_terminated_n"":1,""primary_convention"":""DEC-053 bounded exact decoded-text equality, no normalization or termination requirement"",""query_truncated_n"":1,""reference_truncated_n"":11,""scored_n"":50,""secondary_convention"":""same decoded text and neither side truncated"",""status"":""complete"",""truncated_pair_n"":11,""unavailable_n"":0}"
78928f2782d91d888ef24d52,counterfact,R1_nonlearned,0,103,300,unseen_false_fire,"{""evaluated_value"":0.98,""numerator"":98.0,""planned"":100,""scored"":100,""status"":""complete"",""status_counts"":{""ok"":100},""value"":0.98,""wilson_evaluated"":{""confidence"":0.95,""interpretation"":""descriptive binomial reference; fixed development data/selection and dependent prompts limit population inference"",""lower"":0.929988209271456,""upper"":0.9944980324498376},""wilson_full_inventory"":{""confidence"":0.95,""interpretation"":""descriptive binomial reference; fixed development data/selection and dependent prompts limit population inference"",""lower"":0.929988209271456,""upper"":0.9944980324498376}}"
78928f2782d91d888ef24d52,counterfact,R1_nonlearned,0,103,300,unseen_answer_changed,"{""evaluated_value"":0.98,""numerator"":98.0,""planned"":100,""scored"":100,""status"":""complete"",""status_counts"":{""ok"":100},""value"":0.98}"
78928f2782d91d888ef24d52,counterfact,R1_nonlearned,0,103,1000,LS_terminated,"{""evaluated_value"":0.0,""numerator"":0.0,""planned"":50,""scored"":50,""status"":""complete"",""status_counts"":{""ok"":50},""value"":0.0}"
78928f2782d91d888ef24d52,counterfact,R1_nonlearned,0,103,1000,locality,"{""expected_n"":50,""preserved_fraction"":0.02,""preserved_n"":1,""preserved_terminated_fraction"":0.0,""preserved_terminated_n"":0,""primary_convention"":""DEC-053 bounded exact decoded-text equality, no normalization or termination requirement"",""query_truncated_n"":1,""reference_truncated_n"":11,""scored_n"":50,""secondary_convention"":""same decoded text and neither side truncated"",""status"":""complete"",""truncated_pair_n"":11,""unavailable_n"":0}"
78928f2782d91d888ef24d52,counterfact,R1_nonlearned,0,103,1000,unseen_false_fire,"{""evaluated_value"":1.0,""numerator"":100.0,""planned"":100,""scored"":100,""status"":""complete"",""status_counts"":{""ok"":100},""value"":1.0,""wilson_evaluated"":{""confidence"":0.95,""interpretation"":""descriptive binomial reference; fixed development data/selection and dependent prompts limit population inference"",""lower"":0.9630065017930143,""upper"":1.0},""wilson_full_inventory"":{""confidence"":0.95,""interpretation"":""descriptive binomial reference; fixed development data/selection and dependent prompts limit population inference"",""lower"":0.9630065017930143,""upper"":1.0}}"
78928f2782d91d888ef24d52,counterfact,R1_nonlearned,0,103,1000,unseen_answer_changed,"{""evaluated_value"":1.0,""numerator"":100.0,""planned"":100,""scored"":100,""status"":""complete"",""status_counts"":{""ok"":100},""value"":1.0}"
78928f2782d91d888ef24d52,counterfact,R1_nonlearned,0,103,1000,near_miss,"{""expected_n"":100,""preserved_fraction"":0.0,""preserved_n"":0,""preserved_terminated_fraction"":0.0,""preserved_terminated_n"":0,""primary_convention"":""DEC-053 bounded exact decoded-text equality, no normalization or termination requirement"",""query_truncated_n"":0,""reference_truncated_n"":35,""scored_n"":100,""secondary_convention"":""same decoded text and neither side truncated"",""status"":""complete"",""truncated_pair_n"":35,""unavailable_n"":0}"
78928f2782d91d888ef24d52,counterfact,R1_nonlearned,0,103,1000,near_miss_bounded,"{""evaluated_value"":0.0,""numerator"":0.0,""planned"":100,""scored"":100,""status"":""complete"",""status_counts"":{""ok"":100},""value"":0.0}"
78928f2782d91d888ef24d52,counterfact,R1_nonlearned,0,103,1000,near_miss_terminated,"{""evaluated_value"":0.0,""numerator"":0.0,""planned"":100,""scored"":100,""status"":""complete"",""status_counts"":{""ok"":100},""value"":0.0}"
78928f2782d91d888ef24d52,counterfact,R1_nonlearned,0,103,1000,revision_latest,"{""evaluated_value"":1.0,""numerator"":50.0,""planned"":50,""scored"":50,""status"":""complete"",""status_counts"":{""ok"":50},""value"":1.0}"
78928f2782d91d888ef24d52,counterfact,R1_nonlearned,0,103,1000,revision_semantic,"{""evaluated_value"":1.0,""numerator"":50.0,""planned"":50,""scored"":50,""status"":""complete"",""status_counts"":{""ok"":50},""value"":1.0}"
78928f2782d91d888ef24d52,counterfact,R1_nonlearned,0,103,1000,old_record_retired,"{""evaluated_value"":1.0,""numerator"":50.0,""planned"":50,""scored"":50,""status"":""complete"",""status_counts"":{""ok"":50},""value"":1.0}"
78928f2782d91d888ef24d52,counterfact,R1_nonlearned,0,103,1000,new_record_active,"{""evaluated_value"":1.0,""numerator"":50.0,""planned"":50,""scored"":50,""status"":""complete"",""status_counts"":{""ok"":50},""value"":1.0}"
78928f2782d91d888ef24d52,counterfact,R1_nonlearned,0,103,1000,drift,"{""planned_positions"":16256,""references"":{""capoff"":{""ES95_positive_nats"":1.2381623696134223,""ES99_positive_nats"":5.135865977077734,""count_above_0_1_nats"":297,""definition"":""fractional empirical top1% mean of positive NLL harm; denominator .01*N"",""exceedances_nats"":{""0.01"":302,""0.1"":297,""1.0"":241},""max_positive_nats"":12.607352104565564,""maximum_position"":""w122:p34"",""mean_positive_nats"":0.06190811848067112,""mean_signed_nats"":0.06150242164669776,""zero_positive_n"":15953},""original"":{""ES95_positive_nats"":1.2381623696134223,""ES99_positive_nats"":5.135865977077734,""count_above_0_1_nats"":297,""definition"":""fractional empirical top1% mean of positive NLL harm; denominator .01*N"",""exceedances_nats"":{""0.01"":302,""0.1"":297,""1.0"":241},""max_positive_nats"":12.607352104565564,""maximum_position"":""w122:p34"",""mean_positive_nats"":0.06190811848067112,""mean_signed_nats"":0.06150242164669776,""zero_positive_n"":15953}},""scored_positions"":16256,""source_sha256"":""2e67327e54b5fb83e765c2320affcf8cfc4fc30b3996eea06105c850609ee524"",""status"":""complete""}"
de785feed05c9f4c2a9e9273,counterfact,R1_nonlearned,0,104,100,LS_terminated,"{""evaluated_value"":0.08,""numerator"":4.0,""planned"":50,""scored"":50,""status"":""complete"",""status_counts"":{""ok"":50},""value"":0.08}"
de785feed05c9f4c2a9e9273,counterfact,R1_nonlearned,0,104,100,locality,"{""expected_n"":50,""preserved_fraction"":0.14,""preserved_n"":7,""preserved_terminated_fraction"":0.08,""preserved_terminated_n"":4,""primary_convention"":""DEC-053 bounded exact decoded-text equality, no normalization or termination requirement"",""query_truncated_n"":3,""reference_truncated_n"":11,""scored_n"":50,""secondary_convention"":""same decoded text and neither side truncated"",""status"":""complete"",""truncated_pair_n"":11,""unavailable_n"":0}"
de785feed05c9f4c2a9e9273,counterfact,R1_nonlearned,0,104,100,unseen_false_fire,"{""evaluated_value"":0.85,""numerator"":85.0,""planned"":100,""scored"":100,""status"":""complete"",""status_counts"":{""ok"":100},""value"":0.85,""wilson_evaluated"":{""confidence"":0.95,""interpretation"":""descriptive binomial reference; fixed development data/selection and dependent prompts limit population inference"",""lower"":0.7671644040916763,""upper"":0.9069401471634337},""wilson_full_inventory"":{""confidence"":0.95,""interpretation"":""descriptive binomial reference; fixed development data/selection and dependent prompts limit population inference"",""lower"":0.7671644040916763,""upper"":0.9069401471634337}}"
de785feed05c9f4c2a9e9273,counterfact,R1_nonlearned,0,104,100,unseen_answer_changed,"{""evaluated_value"":0.85,""numerator"":85.0,""planned"":100,""scored"":100,""status"":""complete"",""status_counts"":{""ok"":100},""value"":0.85}"
de785feed05c9f4c2a9e9273,counterfact,R1_nonlearned,0,104,300,LS_terminated,"{""evaluated_value"":0.0,""numerator"":0.0,""planned"":50,""scored"":50,""status"":""complete"",""status_counts"":{""ok"":50},""value"":0.0}"
de785feed05c9f4c2a9e9273,counterfact,R1_nonlearned,0,104,300,locality,"{""expected_n"":50,""preserved_fraction"":0.02,""preserved_n"":1,""preserved_terminated_fraction"":0.0,""preserved_terminated_n"":0,""primary_convention"":""DEC-053 bounded exact decoded-text equality, no normalization or termination requirement"",""query_truncated_n"":1,""reference_truncated_n"":11,""scored_n"":50,""secondary_convention"":""same decoded text and neither side truncated"",""status"":""complete"",""truncated_pair_n"":11,""unavailable_n"":0}"
de785feed05c9f4c2a9e9273,counterfact,R1_nonlearned,0,104,300,unseen_false_fire,"{""evaluated_value"":0.96,""numerator"":96.0,""planned"":100,""scored"":100,""status"":""complete"",""status_counts"":{""ok"":100},""value"":0.96,""wilson_evaluated"":{""confidence"":0.95,""interpretation"":""descriptive binomial reference; fixed development data/selection and dependent prompts limit population inference"",""lower"":0.9016292856411208,""upper"":0.9843366960084523},""wilson_full_inventory"":{""confidence"":0.95,""interpretation"":""descriptive binomial reference; fixed development data/selection and dependent prompts limit population inference"",""lower"":0.9016292856411208,""upper"":0.9843366960084523}}"
de785feed05c9f4c2a9e9273,counterfact,R1_nonlearned,0,104,300,unseen_answer_changed,"{""evaluated_value"":0.96,""numerator"":96.0,""planned"":100,""scored"":100,""status"":""complete"",""status_counts"":{""ok"":100},""value"":0.96}"
de785feed05c9f4c2a9e9273,counterfact,R1_nonlearned,0,104,1000,LS_terminated,"{""evaluated_value"":0.0,""numerator"":0.0,""planned"":50,""scored"":50,""status"":""complete"",""status_counts"":{""ok"":50},""value"":0.0}"
de785feed05c9f4c2a9e9273,counterfact,R1_nonlearned,0,104,1000,locality,"{""expected_n"":50,""preserved_fraction"":0.02,""preserved_n"":1,""preserved_terminated_fraction"":0.0,""preserved_terminated_n"":0,""primary_convention"":""DEC-053 bounded exact decoded-text equality, no normalization or termination requirement"",""query_truncated_n"":1,""reference_truncated_n"":11,""scored_n"":50,""secondary_convention"":""same decoded text and neither side truncated"",""status"":""complete"",""truncated_pair_n"":11,""unavailable_n"":0}"
de785feed05c9f4c2a9e9273,counterfact,R1_nonlearned,0,104,1000,unseen_false_fire,"{""evaluated_value"":1.0,""numerator"":100.0,""planned"":100,""scored"":100,""status"":""complete"",""status_counts"":{""ok"":100},""value"":1.0,""wilson_evaluated"":{""confidence"":0.95,""interpretation"":""descriptive binomial reference; fixed development data/selection and dependent prompts limit population inference"",""lower"":0.9630065017930143,""upper"":1.0},""wilson_full_inventory"":{""confidence"":0.95,""interpretation"":""descriptive binomial reference; fixed development data/selection and dependent prompts limit population inference"",""lower"":0.9630065017930143,""upper"":1.0}}"
de785feed05c9f4c2a9e9273,counterfact,R1_nonlearned,0,104,1000,unseen_answer_changed,"{""evaluated_value"":1.0,""numerator"":100.0,""planned"":100,""scored"":100,""status"":""complete"",""status_counts"":{""ok"":100},""value"":1.0}"
de785feed05c9f4c2a9e9273,counterfact,R1_nonlearned,0,104,1000,near_miss,"{""expected_n"":100,""preserved_fraction"":0.0,""preserved_n"":0,""preserved_terminated_fraction"":0.0,""preserved_terminated_n"":0,""primary_convention"":""DEC-053 bounded exact decoded-text equality, no normalization or termination requirement"",""query_truncated_n"":0,""reference_truncated_n"":35,""scored_n"":100,""secondary_convention"":""same decoded text and neither side truncated"",""status"":""complete"",""truncated_pair_n"":35,""unavailable_n"":0}"
de785feed05c9f4c2a9e9273,counterfact,R1_nonlearned,0,104,1000,near_miss_bounded,"{""evaluated_value"":0.0,""numerator"":0.0,""planned"":100,""scored"":100,""status"":""complete"",""status_counts"":{""ok"":100},""value"":0.0}"
de785feed05c9f4c2a9e9273,counterfact,R1_nonlearned,0,104,1000,near_miss_terminated,"{""evaluated_value"":0.0,""numerator"":0.0,""planned"":100,""scored"":100,""status"":""complete"",""status_counts"":{""ok"":100},""value"":0.0}"
de785feed05c9f4c2a9e9273,counterfact,R1_nonlearned,0,104,1000,revision_latest,"{""evaluated_value"":1.0,""numerator"":50.0,""planned"":50,""scored"":50,""status"":""complete"",""status_counts"":{""ok"":50},""value"":1.0}"
de785feed05c9f4c2a9e9273,counterfact,R1_nonlearned,0,104,1000,revision_semantic,"{""evaluated_value"":1.0,""numerator"":50.0,""planned"":50,""scored"":50,""status"":""complete"",""status_counts"":{""ok"":50},""value"":1.0}"
de785feed05c9f4c2a9e9273,counterfact,R1_nonlearned,0,104,1000,old_record_retired,"{""evaluated_value"":1.0,""numerator"":50.0,""planned"":50,""scored"":50,""status"":""complete"",""status_counts"":{""ok"":50},""value"":1.0}"
de785feed05c9f4c2a9e9273,counterfact,R1_nonlearned,0,104,1000,new_record_active,"{""evaluated_value"":1.0,""numerator"":50.0,""planned"":50,""scored"":50,""status"":""complete"",""status_counts"":{""ok"":50},""value"":1.0}"
de785feed05c9f4c2a9e9273,counterfact,R1_nonlearned,0,104,1000,drift,"{""planned_positions"":16256,""references"":{""capoff"":{""ES95_positive_nats"":1.2381623696134223,""ES99_positive_nats"":5.135865977077734,""count_above_0_1_nats"":297,""definition"":""fractional empirical top1% mean of positive NLL harm; denominator .01*N"",""exceedances_nats"":{""0.01"":302,""0.1"":297,""1.0"":241},""max_positive_nats"":12.607352104565564,""maximum_position"":""w122:p34"",""mean_positive_nats"":0.06190811848067112,""mean_signed_nats"":0.06150242164669776,""zero_positive_n"":15953},""original"":{""ES95_positive_nats"":1.2381623696134223,""ES99_positive_nats"":5.135865977077734,""count_above_0_1_nats"":297,""definition"":""fractional empirical top1% mean of positive NLL harm; denominator .01*N"",""exceedances_nats"":{""0.01"":302,""0.1"":297,""1.0"":241},""max_positive_nats"":12.607352104565564,""maximum_position"":""w122:p34"",""mean_positive_nats"":0.06190811848067112,""mean_signed_nats"":0.06150242164669776,""zero_positive_n"":15953}},""scored_positions"":16256,""source_sha256"":""2e67327e54b5fb83e765c2320affcf8cfc4fc30b3996eea06105c850609ee524"",""status"":""complete""}"
de0b9612418e6d573ed77679,mquake,R1_nonlearned,0,100,100,LS_terminated,"{""evaluated_value"":0.0,""numerator"":0.0,""planned"":50,""scored"":50,""status"":""complete"",""status_counts"":{""ok"":50},""value"":0.0}"
de0b9612418e6d573ed77679,mquake,R1_nonlearned,0,100,100,locality,"{""expected_n"":50,""preserved_fraction"":0.0,""preserved_n"":0,""preserved_terminated_fraction"":0.0,""preserved_terminated_n"":0,""primary_convention"":""DEC-053 bounded exact decoded-text equality, no normalization or termination requirement"",""query_truncated_n"":0,""reference_truncated_n"":21,""scored_n"":50,""secondary_convention"":""same decoded text and neither side truncated"",""status"":""complete"",""truncated_pair_n"":21,""unavailable_n"":0}"
de0b9612418e6d573ed77679,mquake,R1_nonlearned,0,100,100,unseen_false_fire,"{""evaluated_value"":1.0,""numerator"":100.0,""planned"":100,""scored"":100,""status"":""complete"",""status_counts"":{""ok"":100},""value"":1.0,""wilson_evaluated"":{""confidence"":0.95,""interpretation"":""descriptive binomial reference; fixed development data/selection and dependent prompts limit population inference"",""lower"":0.9630065017930143,""upper"":1.0},""wilson_full_inventory"":{""confidence"":0.95,""interpretation"":""descriptive binomial reference; fixed development data/selection and dependent prompts limit population inference"",""lower"":0.9630065017930143,""upper"":1.0}}"
de0b9612418e6d573ed77679,mquake,R1_nonlearned,0,100,100,unseen_answer_changed,"{""evaluated_value"":1.0,""numerator"":100.0,""planned"":100,""scored"":100,""status"":""complete"",""status_counts"":{""ok"":100},""value"":1.0}"
de0b9612418e6d573ed77679,mquake,R1_nonlearned,0,100,300,LS_terminated,"{""evaluated_value"":0.0,""numerator"":0.0,""planned"":50,""scored"":50,""status"":""complete"",""status_counts"":{""ok"":50},""value"":0.0}"
de0b9612418e6d573ed77679,mquake,R1_nonlearned,0,100,300,locality,"{""expected_n"":50,""preserved_fraction"":0.0,""preserved_n"":0,""preserved_terminated_fraction"":0.0,""preserved_terminated_n"":0,""primary_convention"":""DEC-053 bounded exact decoded-text equality, no normalization or termination requirement"",""query_truncated_n"":0,""reference_truncated_n"":21,""scored_n"":50,""secondary_convention"":""same decoded text and neither side truncated"",""status"":""complete"",""truncated_pair_n"":21,""unavailable_n"":0}"
de0b9612418e6d573ed77679,mquake,R1_nonlearned,0,100,300,unseen_false_fire,"{""evaluated_value"":1.0,""numerator"":100.0,""planned"":100,""scored"":100,""status"":""complete"",""status_counts"":{""ok"":100},""value"":1.0,""wilson_evaluated"":{""confidence"":0.95,""interpretation"":""descriptive binomial reference; fixed development data/selection and dependent prompts limit population inference"",""lower"":0.9630065017930143,""upper"":1.0},""wilson_full_inventory"":{""confidence"":0.95,""interpretation"":""descriptive binomial reference; fixed development data/selection and dependent prompts limit population inference"",""lower"":0.9630065017930143,""upper"":1.0}}"
de0b9612418e6d573ed77679,mquake,R1_nonlearned,0,100,300,unseen_answer_changed,"{""evaluated_value"":1.0,""numerator"":100.0,""planned"":100,""scored"":100,""status"":""complete"",""status_counts"":{""ok"":100},""value"":1.0}"
de0b9612418e6d573ed77679,mquake,R1_nonlearned,0,100,300,near_miss,"{""expected_n"":100,""preserved_fraction"":0.0,""preserved_n"":0,""preserved_terminated_fraction"":0.0,""preserved_terminated_n"":0,""primary_convention"":""DEC-053 bounded exact decoded-text equality, no normalization or termination requirement"",""query_truncated_n"":0,""reference_truncated_n"":48,""scored_n"":100,""secondary_convention"":""same decoded text and neither side truncated"",""status"":""complete"",""truncated_pair_n"":48,""unavailable_n"":0}"
de0b9612418e6d573ed77679,mquake,R1_nonlearned,0,100,300,near_miss_bounded,"{""evaluated_value"":0.0,""numerator"":0.0,""planned"":100,""scored"":100,""status"":""complete"",""status_counts"":{""ok"":100},""value"":0.0}"
de0b9612418e6d573ed77679,mquake,R1_nonlearned,0,100,300,near_miss_terminated,"{""evaluated_value"":0.0,""numerator"":0.0,""planned"":100,""scored"":100,""status"":""complete"",""status_counts"":{""ok"":100},""value"":0.0}"
de0b9612418e6d573ed77679,mquake,R1_nonlearned,0,100,300,revision_latest,"{""evaluated_value"":1.0,""numerator"":50.0,""planned"":50,""scored"":50,""status"":""complete"",""status_counts"":{""ok"":50},""value"":1.0}"
de0b9612418e6d573ed77679,mquake,R1_nonlearned,0,100,300,revision_semantic,"{""evaluated_value"":1.0,""numerator"":50.0,""planned"":50,""scored"":50,""status"":""complete"",""status_counts"":{""ok"":50},""value"":1.0}"
de0b9612418e6d573ed77679,mquake,R1_nonlearned,0,100,300,old_record_retired,"{""evaluated_value"":1.0,""numerator"":50.0,""planned"":50,""scored"":50,""status"":""complete"",""status_counts"":{""ok"":50},""value"":1.0}"
de0b9612418e6d573ed77679,mquake,R1_nonlearned,0,100,300,new_record_active,"{""evaluated_value"":1.0,""numerator"":50.0,""planned"":50,""scored"":50,""status"":""complete"",""status_counts"":{""ok"":50},""value"":1.0}"
de0b9612418e6d573ed77679,mquake,R1_nonlearned,0,100,300,drift,"{""planned_positions"":16256,""references"":{""capoff"":{""ES95_positive_nats"":0.3042423905314888,""ES99_positive_nats"":1.5212119526574441,""count_above_0_1_nats"":81,""definition"":""fractional empirical top1% mean of positive NLL harm; denominator .01*N"",""exceedances_nats"":{""0.01"":81,""0.1"":81,""1.0"":68},""max_positive_nats"":8.059372469719975,""maximum_position"":""w40:p2"",""mean_positive_nats"":0.015212119526574442,""mean_signed_nats"":0.015110592911641645,""zero_positive_n"":16174},""original"":{""ES95_positive_nats"":0.3042423905314888,""ES99_positive_nats"":1.5212119526574441,""count_above_0_1_nats"":81,""definition"":""fractional empirical top1% mean of positive NLL harm; denominator .01*N"",""exceedances_nats"":{""0.01"":81,""0.1"":81,""1.0"":68},""max_positive_nats"":8.059372469719975,""maximum_position"":""w40:p2"",""mean_positive_nats"":0.015212119526574442,""mean_signed_nats"":0.015110592911641645,""zero_positive_n"":16174}},""scored_positions"":16256,""source_sha256"":""2e67327e54b5fb83e765c2320affcf8cfc4fc30b3996eea06105c850609ee524"",""status"":""complete""}"
be37e2a1ff4a079e56efe268,mquake,R1_nonlearned,0,101,100,LS_terminated,"{""evaluated_value"":0.0,""numerator"":0.0,""planned"":50,""scored"":50,""status"":""complete"",""status_counts"":{""ok"":50},""value"":0.0}"
be37e2a1ff4a079e56efe268,mquake,R1_nonlearned,0,101,100,locality,"{""expected_n"":50,""preserved_fraction"":0.0,""preserved_n"":0,""preserved_terminated_fraction"":0.0,""preserved_terminated_n"":0,""primary_convention"":""DEC-053 bounded exact decoded-text equality, no normalization or termination requirement"",""query_truncated_n"":0,""reference_truncated_n"":21,""scored_n"":50,""secondary_convention"":""same decoded text and neither side truncated"",""status"":""complete"",""truncated_pair_n"":21,""unavailable_n"":0}"
be37e2a1ff4a079e56efe268,mquake,R1_nonlearned,0,101,100,unseen_false_fire,"{""evaluated_value"":0.99,""numerator"":99.0,""planned"":100,""scored"":100,""status"":""complete"",""status_counts"":{""ok"":100},""value"":0.99,""wilson_evaluated"":{""confidence"":0.95,""interpretation"":""descriptive binomial reference; fixed development data/selection and dependent prompts limit population inference"",""lower"":0.9455138038212946,""upper"":0.9982325679358593},""wilson_full_inventory"":{""confidence"":0.95,""interpretation"":""descriptive binomial reference; fixed development data/selection and dependent prompts limit population inference"",""lower"":0.9455138038212946,""upper"":0.9982325679358593}}"
be37e2a1ff4a079e56efe268,mquake,R1_nonlearned,0,101,100,unseen_answer_changed,"{""evaluated_value"":0.99,""numerator"":99.0,""planned"":100,""scored"":100,""status"":""complete"",""status_counts"":{""ok"":100},""value"":0.99}"
be37e2a1ff4a079e56efe268,mquake,R1_nonlearned,0,101,300,LS_terminated,"{""evaluated_value"":0.0,""numerator"":0.0,""planned"":50,""scored"":50,""status"":""complete"",""status_counts"":{""ok"":50},""value"":0.0}"
be37e2a1ff4a079e56efe268,mquake,R1_nonlearned,0,101,300,locality,"{""expected_n"":50,""preserved_fraction"":0.0,""preserved_n"":0,""preserved_terminated_fraction"":0.0,""preserved_terminated_n"":0,""primary_convention"":""DEC-053 bounded exact decoded-text equality, no normalization or termination requirement"",""query_truncated_n"":0,""reference_truncated_n"":21,""scored_n"":50,""secondary_convention"":""same decoded text and neither side truncated"",""status"":""complete"",""truncated_pair_n"":21,""unavailable_n"":0}"
be37e2a1ff4a079e56efe268,mquake,R1_nonlearned,0,101,300,unseen_false_fire,"{""evaluated_value"":1.0,""numerator"":100.0,""planned"":100,""scored"":100,""status"":""complete"",""status_counts"":{""ok"":100},""value"":1.0,""wilson_evaluated"":{""confidence"":0.95,""interpretation"":""descriptive binomial reference; fixed development data/selection and dependent prompts limit population inference"",""lower"":0.9630065017930143,""upper"":1.0},""wilson_full_inventory"":{""confidence"":0.95,""interpretation"":""descriptive binomial reference; fixed development data/selection and dependent prompts limit population inference"",""lower"":0.9630065017930143,""upper"":1.0}}"
be37e2a1ff4a079e56efe268,mquake,R1_nonlearned,0,101,300,unseen_answer_changed,"{""evaluated_value"":1.0,""numerator"":100.0,""planned"":100,""scored"":100,""status"":""complete"",""status_counts"":{""ok"":100},""value"":1.0}"
be37e2a1ff4a079e56efe268,mquake,R1_nonlearned,0,101,300,near_miss,"{""expected_n"":100,""preserved_fraction"":0.0,""preserved_n"":0,""preserved_terminated_fraction"":0.0,""preserved_terminated_n"":0,""primary_convention"":""DEC-053 bounded exact decoded-text equality, no normalization or termination requirement"",""query_truncated_n"":0,""reference_truncated_n"":48,""scored_n"":100,""secondary_convention"":""same decoded text and neither side truncated"",""status"":""complete"",""truncated_pair_n"":48,""unavailable_n"":0}"
be37e2a1ff4a079e56efe268,mquake,R1_nonlearned,0,101,300,near_miss_bounded,"{""evaluated_value"":0.0,""numerator"":0.0,""planned"":100,""scored"":100,""status"":""complete"",""status_counts"":{""ok"":100},""value"":0.0}"
be37e2a1ff4a079e56efe268,mquake,R1_nonlearned,0,101,300,near_miss_terminated,"{""evaluated_value"":0.0,""numerator"":0.0,""planned"":100,""scored"":100,""status"":""complete"",""status_counts"":{""ok"":100},""value"":0.0}"
be37e2a1ff4a079e56efe268,mquake,R1_nonlearned,0,101,300,revision_latest,"{""evaluated_value"":1.0,""numerator"":50.0,""planned"":50,""scored"":50,""status"":""complete"",""status_counts"":{""ok"":50},""value"":1.0}"
be37e2a1ff4a079e56efe268,mquake,R1_nonlearned,0,101,300,revision_semantic,"{""evaluated_value"":1.0,""numerator"":50.0,""planned"":50,""scored"":50,""status"":""complete"",""status_counts"":{""ok"":50},""value"":1.0}"
be37e2a1ff4a079e56efe268,mquake,R1_nonlearned,0,101,300,old_record_retired,"{""evaluated_value"":1.0,""numerator"":50.0,""planned"":50,""scored"":50,""status"":""complete"",""status_counts"":{""ok"":50},""value"":1.0}"
be37e2a1ff4a079e56efe268,mquake,R1_nonlearned,0,101,300,new_record_active,"{""evaluated_value"":1.0,""numerator"":50.0,""planned"":50,""scored"":50,""status"":""complete"",""status_counts"":{""ok"":50},""value"":1.0}"
be37e2a1ff4a079e56efe268,mquake,R1_nonlearned,0,101,300,drift,"{""planned_positions"":16256,""references"":{""capoff"":{""ES95_positive_nats"":0.3042423905314888,""ES99_positive_nats"":1.5212119526574441,""count_above_0_1_nats"":81,""definition"":""fractional empirical top1% mean of positive NLL harm; denominator .01*N"",""exceedances_nats"":{""0.01"":81,""0.1"":81,""1.0"":68},""max_positive_nats"":8.059372469719975,""maximum_position"":""w40:p2"",""mean_positive_nats"":0.015212119526574442,""mean_signed_nats"":0.015110592911641645,""zero_positive_n"":16174},""original"":{""ES95_positive_nats"":0.3042423905314888,""ES99_positive_nats"":1.5212119526574441,""count_above_0_1_nats"":81,""definition"":""fractional empirical top1% mean of positive NLL harm; denominator .01*N"",""exceedances_nats"":{""0.01"":81,""0.1"":81,""1.0"":68},""max_positive_nats"":8.059372469719975,""maximum_position"":""w40:p2"",""mean_positive_nats"":0.015212119526574442,""mean_signed_nats"":0.015110592911641645,""zero_positive_n"":16174}},""scored_positions"":16256,""source_sha256"":""2e67327e54b5fb83e765c2320affcf8cfc4fc30b3996eea06105c850609ee524"",""status"":""complete""}"
1e6b766c4139230c18547234,mquake,R1_nonlearned,0,102,100,LS_terminated,"{""evaluated_value"":0.0,""numerator"":0.0,""planned"":50,""scored"":50,""status"":""complete"",""status_counts"":{""ok"":50},""value"":0.0}"
1e6b766c4139230c18547234,mquake,R1_nonlearned,0,102,100,locality,"{""expected_n"":50,""preserved_fraction"":0.0,""preserved_n"":0,""preserved_terminated_fraction"":0.0,""preserved_terminated_n"":0,""primary_convention"":""DEC-053 bounded exact decoded-text equality, no normalization or termination requirement"",""query_truncated_n"":0,""reference_truncated_n"":21,""scored_n"":50,""secondary_convention"":""same decoded text and neither side truncated"",""status"":""complete"",""truncated_pair_n"":21,""unavailable_n"":0}"
1e6b766c4139230c18547234,mquake,R1_nonlearned,0,102,100,unseen_false_fire,"{""evaluated_value"":0.99,""numerator"":99.0,""planned"":100,""scored"":100,""status"":""complete"",""status_counts"":{""ok"":100},""value"":0.99,""wilson_evaluated"":{""confidence"":0.95,""interpretation"":""descriptive binomial reference; fixed development data/selection and dependent prompts limit population inference"",""lower"":0.9455138038212946,""upper"":0.9982325679358593},""wilson_full_inventory"":{""confidence"":0.95,""interpretation"":""descriptive binomial reference; fixed development data/selection and dependent prompts limit population inference"",""lower"":0.9455138038212946,""upper"":0.9982325679358593}}"
1e6b766c4139230c18547234,mquake,R1_nonlearned,0,102,100,unseen_answer_changed,"{""evaluated_value"":0.99,""numerator"":99.0,""planned"":100,""scored"":100,""status"":""complete"",""status_counts"":{""ok"":100},""value"":0.99}"
1e6b766c4139230c18547234,mquake,R1_nonlearned,0,102,300,LS_terminated,"{""evaluated_value"":0.0,""numerator"":0.0,""planned"":50,""scored"":50,""status"":""complete"",""status_counts"":{""ok"":50},""value"":0.0}"
1e6b766c4139230c18547234,mquake,R1_nonlearned,0,102,300,locality,"{""expected_n"":50,""preserved_fraction"":0.0,""preserved_n"":0,""preserved_terminated_fraction"":0.0,""preserved_terminated_n"":0,""primary_convention"":""DEC-053 bounded exact decoded-text equality, no normalization or termination requirement"",""query_truncated_n"":0,""reference_truncated_n"":21,""scored_n"":50,""secondary_convention"":""same decoded text and neither side truncated"",""status"":""complete"",""truncated_pair_n"":21,""unavailable_n"":0}"
1e6b766c4139230c18547234,mquake,R1_nonlearned,0,102,300,unseen_false_fire,"{""evaluated_value"":1.0,""numerator"":100.0,""planned"":100,""scored"":100,""status"":""complete"",""status_counts"":{""ok"":100},""value"":1.0,""wilson_evaluated"":{""confidence"":0.95,""interpretation"":""descriptive binomial reference; fixed development data/selection and dependent prompts limit population inference"",""lower"":0.9630065017930143,""upper"":1.0},""wilson_full_inventory"":{""confidence"":0.95,""interpretation"":""descriptive binomial reference; fixed development data/selection and dependent prompts limit population inference"",""lower"":0.9630065017930143,""upper"":1.0}}"
1e6b766c4139230c18547234,mquake,R1_nonlearned,0,102,300,unseen_answer_changed,"{""evaluated_value"":1.0,""numerator"":100.0,""planned"":100,""scored"":100,""status"":""complete"",""status_counts"":{""ok"":100},""value"":1.0}"
1e6b766c4139230c18547234,mquake,R1_nonlearned,0,102,300,near_miss,"{""expected_n"":100,""preserved_fraction"":0.0,""preserved_n"":0,""preserved_terminated_fraction"":0.0,""preserved_terminated_n"":0,""primary_convention"":""DEC-053 bounded exact decoded-text equality, no normalization or termination requirement"",""query_truncated_n"":0,""reference_truncated_n"":48,""scored_n"":100,""secondary_convention"":""same decoded text and neither side truncated"",""status"":""complete"",""truncated_pair_n"":48,""unavailable_n"":0}"
1e6b766c4139230c18547234,mquake,R1_nonlearned,0,102,300,near_miss_bounded,"{""evaluated_value"":0.0,""numerator"":0.0,""planned"":100,""scored"":100,""status"":""complete"",""status_counts"":{""ok"":100},""value"":0.0}"
1e6b766c4139230c18547234,mquake,R1_nonlearned,0,102,300,near_miss_terminated,"{""evaluated_value"":0.0,""numerator"":0.0,""planned"":100,""scored"":100,""status"":""complete"",""status_counts"":{""ok"":100},""value"":0.0}"
1e6b766c4139230c18547234,mquake,R1_nonlearned,0,102,300,revision_latest,"{""evaluated_value"":1.0,""numerator"":50.0,""planned"":50,""scored"":50,""status"":""complete"",""status_counts"":{""ok"":50},""value"":1.0}"
1e6b766c4139230c18547234,mquake,R1_nonlearned,0,102,300,revision_semantic,"{""evaluated_value"":1.0,""numerator"":50.0,""planned"":50,""scored"":50,""status"":""complete"",""status_counts"":{""ok"":50},""value"":1.0}"
1e6b766c4139230c18547234,mquake,R1_nonlearned,0,102,300,old_record_retired,"{""evaluated_value"":1.0,""numerator"":50.0,""planned"":50,""scored"":50,""status"":""complete"",""status_counts"":{""ok"":50},""value"":1.0}"
1e6b766c4139230c18547234,mquake,R1_nonlearned,0,102,300,new_record_active,"{""evaluated_value"":1.0,""numerator"":50.0,""planned"":50,""scored"":50,""status"":""complete"",""status_counts"":{""ok"":50},""value"":1.0}"
1e6b766c4139230c18547234,mquake,R1_nonlearned,0,102,300,drift,"{""planned_positions"":16256,""references"":{""capoff"":{""ES95_positive_nats"":0.3042423905314888,""ES99_positive_nats"":1.5212119526574441,""count_above_0_1_nats"":81,""definition"":""fractional empirical top1% mean of positive NLL harm; denominator .01*N"",""exceedances_nats"":{""0.01"":81,""0.1"":81,""1.0"":68},""max_positive_nats"":8.059372469719975,""maximum_position"":""w40:p2"",""mean_positive_nats"":0.015212119526574442,""mean_signed_nats"":0.015110592911641645,""zero_positive_n"":16174},""original"":{""ES95_positive_nats"":0.3042423905314888,""ES99_positive_nats"":1.5212119526574441,""count_above_0_1_nats"":81,""definition"":""fractional empirical top1% mean of positive NLL harm; denominator .01*N"",""exceedances_nats"":{""0.01"":81,""0.1"":81,""1.0"":68},""max_positive_nats"":8.059372469719975,""maximum_position"":""w40:p2"",""mean_positive_nats"":0.015212119526574442,""mean_signed_nats"":0.015110592911641645,""zero_positive_n"":16174}},""scored_positions"":16256,""source_sha256"":""2e67327e54b5fb83e765c2320affcf8cfc4fc30b3996eea06105c850609ee524"",""status"":""complete""}"
c0a54c5fbf1ce7776efc983e,mquake,R1_nonlearned,0,103,100,LS_terminated,"{""evaluated_value"":0.0,""numerator"":0.0,""planned"":50,""scored"":50,""status"":""complete"",""status_counts"":{""ok"":50},""value"":0.0}"
c0a54c5fbf1ce7776efc983e,mquake,R1_nonlearned,0,103,100,locality,"{""expected_n"":50,""preserved_fraction"":0.0,""preserved_n"":0,""preserved_terminated_fraction"":0.0,""preserved_terminated_n"":0,""primary_convention"":""DEC-053 bounded exact decoded-text equality, no normalization or termination requirement"",""query_truncated_n"":0,""reference_truncated_n"":21,""scored_n"":50,""secondary_convention"":""same decoded text and neither side truncated"",""status"":""complete"",""truncated_pair_n"":21,""unavailable_n"":0}"
c0a54c5fbf1ce7776efc983e,mquake,R1_nonlearned,0,103,100,unseen_false_fire,"{""evaluated_value"":1.0,""numerator"":100.0,""planned"":100,""scored"":100,""status"":""complete"",""status_counts"":{""ok"":100},""value"":1.0,""wilson_evaluated"":{""confidence"":0.95,""interpretation"":""descriptive binomial reference; fixed development data/selection and dependent prompts limit population inference"",""lower"":0.9630065017930143,""upper"":1.0},""wilson_full_inventory"":{""confidence"":0.95,""interpretation"":""descriptive binomial reference; fixed development data/selection and dependent prompts limit population inference"",""lower"":0.9630065017930143,""upper"":1.0}}"
c0a54c5fbf1ce7776efc983e,mquake,R1_nonlearned,0,103,100,unseen_answer_changed,"{""evaluated_value"":1.0,""numerator"":100.0,""planned"":100,""scored"":100,""status"":""complete"",""status_counts"":{""ok"":100},""value"":1.0}"
c0a54c5fbf1ce7776efc983e,mquake,R1_nonlearned,0,103,300,LS_terminated,"{""evaluated_value"":0.0,""numerator"":0.0,""planned"":50,""scored"":50,""status"":""complete"",""status_counts"":{""ok"":50},""value"":0.0}"
c0a54c5fbf1ce7776efc983e,mquake,R1_nonlearned,0,103,300,locality,"{""expected_n"":50,""preserved_fraction"":0.0,""preserved_n"":0,""preserved_terminated_fraction"":0.0,""preserved_terminated_n"":0,""primary_convention"":""DEC-053 bounded exact decoded-text equality, no normalization or termination requirement"",""query_truncated_n"":0,""reference_truncated_n"":21,""scored_n"":50,""secondary_convention"":""same decoded text and neither side truncated"",""status"":""complete"",""truncated_pair_n"":21,""unavailable_n"":0}"
c0a54c5fbf1ce7776efc983e,mquake,R1_nonlearned,0,103,300,unseen_false_fire,"{""evaluated_value"":1.0,""numerator"":100.0,""planned"":100,""scored"":100,""status"":""complete"",""status_counts"":{""ok"":100},""value"":1.0,""wilson_evaluated"":{""confidence"":0.95,""interpretation"":""descriptive binomial reference; fixed development data/selection and dependent prompts limit population inference"",""lower"":0.9630065017930143,""upper"":1.0},""wilson_full_inventory"":{""confidence"":0.95,""interpretation"":""descriptive binomial reference; fixed development data/selection and dependent prompts limit population inference"",""lower"":0.9630065017930143,""upper"":1.0}}"
c0a54c5fbf1ce7776efc983e,mquake,R1_nonlearned,0,103,300,unseen_answer_changed,"{""evaluated_value"":1.0,""numerator"":100.0,""planned"":100,""scored"":100,""status"":""complete"",""status_counts"":{""ok"":100},""value"":1.0}"
c0a54c5fbf1ce7776efc983e,mquake,R1_nonlearned,0,103,300,near_miss,"{""expected_n"":100,""preserved_fraction"":0.0,""preserved_n"":0,""preserved_terminated_fraction"":0.0,""preserved_terminated_n"":0,""primary_convention"":""DEC-053 bounded exact decoded-text equality, no normalization or termination requirement"",""query_truncated_n"":0,""reference_truncated_n"":48,""scored_n"":100,""secondary_convention"":""same decoded text and neither side truncated"",""status"":""complete"",""truncated_pair_n"":48,""unavailable_n"":0}"
c0a54c5fbf1ce7776efc983e,mquake,R1_nonlearned,0,103,300,near_miss_bounded,"{""evaluated_value"":0.0,""numerator"":0.0,""planned"":100,""scored"":100,""status"":""complete"",""status_counts"":{""ok"":100},""value"":0.0}"
c0a54c5fbf1ce7776efc983e,mquake,R1_nonlearned,0,103,300,near_miss_terminated,"{""evaluated_value"":0.0,""numerator"":0.0,""planned"":100,""scored"":100,""status"":""complete"",""status_counts"":{""ok"":100},""value"":0.0}"
c0a54c5fbf1ce7776efc983e,mquake,R1_nonlearned,0,103,300,revision_latest,"{""evaluated_value"":1.0,""numerator"":50.0,""planned"":50,""scored"":50,""status"":""complete"",""status_counts"":{""ok"":50},""value"":1.0}"
c0a54c5fbf1ce7776efc983e,mquake,R1_nonlearned,0,103,300,revision_semantic,"{""evaluated_value"":1.0,""numerator"":50.0,""planned"":50,""scored"":50,""status"":""complete"",""status_counts"":{""ok"":50},""value"":1.0}"
c0a54c5fbf1ce7776efc983e,mquake,R1_nonlearned,0,103,300,old_record_retired,"{""evaluated_value"":1.0,""numerator"":50.0,""planned"":50,""scored"":50,""status"":""complete"",""status_counts"":{""ok"":50},""value"":1.0}"
c0a54c5fbf1ce7776efc983e,mquake,R1_nonlearned,0,103,300,new_record_active,"{""evaluated_value"":1.0,""numerator"":50.0,""planned"":50,""scored"":50,""status"":""complete"",""status_counts"":{""ok"":50},""value"":1.0}"
c0a54c5fbf1ce7776efc983e,mquake,R1_nonlearned,0,103,300,drift,"{""planned_positions"":16256,""references"":{""capoff"":{""ES95_positive_nats"":0.3042423905314888,""ES99_positive_nats"":1.5212119526574441,""count_above_0_1_nats"":81,""definition"":""fractional empirical top1% mean of positive NLL harm; denominator .01*N"",""exceedances_nats"":{""0.01"":81,""0.1"":81,""1.0"":68},""max_positive_nats"":8.059372469719975,""maximum_position"":""w40:p2"",""mean_positive_nats"":0.015212119526574442,""mean_signed_nats"":0.015110592911641645,""zero_positive_n"":16174},""original"":{""ES95_positive_nats"":0.3042423905314888,""ES99_positive_nats"":1.5212119526574441,""count_above_0_1_nats"":81,""definition"":""fractional empirical top1% mean of positive NLL harm; denominator .01*N"",""exceedances_nats"":{""0.01"":81,""0.1"":81,""1.0"":68},""max_positive_nats"":8.059372469719975,""maximum_position"":""w40:p2"",""mean_positive_nats"":0.015212119526574442,""mean_signed_nats"":0.015110592911641645,""zero_positive_n"":16174}},""scored_positions"":16256,""source_sha256"":""2e67327e54b5fb83e765c2320affcf8cfc4fc30b3996eea06105c850609ee524"",""status"":""complete""}"
7499c19b813dcada2c67ae39,mquake,R1_nonlearned,0,104,100,LS_terminated,"{""evaluated_value"":0.0,""numerator"":0.0,""planned"":50,""scored"":50,""status"":""complete"",""status_counts"":{""ok"":50},""value"":0.0}"
7499c19b813dcada2c67ae39,mquake,R1_nonlearned,0,104,100,locality,"{""expected_n"":50,""preserved_fraction"":0.0,""preserved_n"":0,""preserved_terminated_fraction"":0.0,""preserved_terminated_n"":0,""primary_convention"":""DEC-053 bounded exact decoded-text equality, no normalization or termination requirement"",""query_truncated_n"":0,""reference_truncated_n"":21,""scored_n"":50,""secondary_convention"":""same decoded text and neither side truncated"",""status"":""complete"",""truncated_pair_n"":21,""unavailable_n"":0}"
7499c19b813dcada2c67ae39,mquake,R1_nonlearned,0,104,100,unseen_false_fire,"{""evaluated_value"":1.0,""numerator"":100.0,""planned"":100,""scored"":100,""status"":""complete"",""status_counts"":{""ok"":100},""value"":1.0,""wilson_evaluated"":{""confidence"":0.95,""interpretation"":""descriptive binomial reference; fixed development data/selection and dependent prompts limit population inference"",""lower"":0.9630065017930143,""upper"":1.0},""wilson_full_inventory"":{""confidence"":0.95,""interpretation"":""descriptive binomial reference; fixed development data/selection and dependent prompts limit population inference"",""lower"":0.9630065017930143,""upper"":1.0}}"
7499c19b813dcada2c67ae39,mquake,R1_nonlearned,0,104,100,unseen_answer_changed,"{""evaluated_value"":1.0,""numerator"":100.0,""planned"":100,""scored"":100,""status"":""complete"",""status_counts"":{""ok"":100},""value"":1.0}"
7499c19b813dcada2c67ae39,mquake,R1_nonlearned,0,104,300,LS_terminated,"{""evaluated_value"":0.0,""numerator"":0.0,""planned"":50,""scored"":50,""status"":""complete"",""status_counts"":{""ok"":50},""value"":0.0}"
7499c19b813dcada2c67ae39,mquake,R1_nonlearned,0,104,300,locality,"{""expected_n"":50,""preserved_fraction"":0.0,""preserved_n"":0,""preserved_terminated_fraction"":0.0,""preserved_terminated_n"":0,""primary_convention"":""DEC-053 bounded exact decoded-text equality, no normalization or termination requirement"",""query_truncated_n"":0,""reference_truncated_n"":21,""scored_n"":50,""secondary_convention"":""same decoded text and neither side truncated"",""status"":""complete"",""truncated_pair_n"":21,""unavailable_n"":0}"
7499c19b813dcada2c67ae39,mquake,R1_nonlearned,0,104,300,unseen_false_fire,"{""evaluated_value"":1.0,""numerator"":100.0,""planned"":100,""scored"":100,""status"":""complete"",""status_counts"":{""ok"":100},""value"":1.0,""wilson_evaluated"":{""confidence"":0.95,""interpretation"":""descriptive binomial reference; fixed development data/selection and dependent prompts limit population inference"",""lower"":0.9630065017930143,""upper"":1.0},""wilson_full_inventory"":{""confidence"":0.95,""interpretation"":""descriptive binomial reference; fixed development data/selection and dependent prompts limit population inference"",""lower"":0.9630065017930143,""upper"":1.0}}"
7499c19b813dcada2c67ae39,mquake,R1_nonlearned,0,104,300,unseen_answer_changed,"{""evaluated_value"":1.0,""numerator"":100.0,""planned"":100,""scored"":100,""status"":""complete"",""status_counts"":{""ok"":100},""value"":1.0}"
7499c19b813dcada2c67ae39,mquake,R1_nonlearned,0,104,300,near_miss,"{""expected_n"":100,""preserved_fraction"":0.0,""preserved_n"":0,""preserved_terminated_fraction"":0.0,""preserved_terminated_n"":0,""primary_convention"":""DEC-053 bounded exact decoded-text equality, no normalization or termination requirement"",""query_truncated_n"":0,""reference_truncated_n"":48,""scored_n"":100,""secondary_convention"":""same decoded text and neither side truncated"",""status"":""complete"",""truncated_pair_n"":48,""unavailable_n"":0}"
7499c19b813dcada2c67ae39,mquake,R1_nonlearned,0,104,300,near_miss_bounded,"{""evaluated_value"":0.0,""numerator"":0.0,""planned"":100,""scored"":100,""status"":""complete"",""status_counts"":{""ok"":100},""value"":0.0}"
7499c19b813dcada2c67ae39,mquake,R1_nonlearned,0,104,300,near_miss_terminated,"{""evaluated_value"":0.0,""numerator"":0.0,""planned"":100,""scored"":100,""status"":""complete"",""status_counts"":{""ok"":100},""value"":0.0}"
7499c19b813dcada2c67ae39,mquake,R1_nonlearned,0,104,300,revision_latest,"{""evaluated_value"":1.0,""numerator"":50.0,""planned"":50,""scored"":50,""status"":""complete"",""status_counts"":{""ok"":50},""value"":1.0}"
7499c19b813dcada2c67ae39,mquake,R1_nonlearned,0,104,300,revision_semantic,"{""evaluated_value"":1.0,""numerator"":50.0,""planned"":50,""scored"":50,""status"":""complete"",""status_counts"":{""ok"":50},""value"":1.0}"
7499c19b813dcada2c67ae39,mquake,R1_nonlearned,0,104,300,old_record_retired,"{""evaluated_value"":1.0,""numerator"":50.0,""planned"":50,""scored"":50,""status"":""complete"",""status_counts"":{""ok"":50},""value"":1.0}"
7499c19b813dcada2c67ae39,mquake,R1_nonlearned,0,104,300,new_record_active,"{""evaluated_value"":1.0,""numerator"":50.0,""planned"":50,""scored"":50,""status"":""complete"",""status_counts"":{""ok"":50},""value"":1.0}"
7499c19b813dcada2c67ae39,mquake,R1_nonlearned,0,104,300,drift,"{""planned_positions"":16256,""references"":{""capoff"":{""ES95_positive_nats"":0.3042423905314888,""ES99_positive_nats"":1.5212119526574441,""count_above_0_1_nats"":81,""definition"":""fractional empirical top1% mean of positive NLL harm; denominator .01*N"",""exceedances_nats"":{""0.01"":81,""0.1"":81,""1.0"":68},""max_positive_nats"":8.059372469719975,""maximum_position"":""w40:p2"",""mean_positive_nats"":0.015212119526574442,""mean_signed_nats"":0.015110592911641645,""zero_positive_n"":16174},""original"":{""ES95_positive_nats"":0.3042423905314888,""ES99_positive_nats"":1.5212119526574441,""count_above_0_1_nats"":81,""definition"":""fractional empirical top1% mean of positive NLL harm; denominator .01*N"",""exceedances_nats"":{""0.01"":81,""0.1"":81,""1.0"":68},""max_positive_nats"":8.059372469719975,""maximum_position"":""w40:p2"",""mean_positive_nats"":0.015212119526574442,""mean_signed_nats"":0.015110592911641645,""zero_positive_n"":16174}},""scored_positions"":16256,""source_sha256"":""2e67327e54b5fb83e765c2320affcf8cfc4fc30b3996eea06105c850609ee524"",""status"":""complete""}"
39c7fd4929721e8dcba56b94,zsre,v0_stable,0,100,100,LS_terminated,"{""evaluated_value"":0.98,""numerator"":49.0,""planned"":50,""scored"":50,""status"":""complete"",""status_counts"":{""ok"":50},""value"":0.98}"
39c7fd4929721e8dcba56b94,zsre,v0_stable,0,100,100,locality,"{""expected_n"":50,""preserved_fraction"":1.0,""preserved_n"":50,""preserved_terminated_fraction"":0.98,""preserved_terminated_n"":49,""primary_convention"":""DEC-053 bounded exact decoded-text equality, no normalization or termination requirement"",""query_truncated_n"":1,""reference_truncated_n"":1,""scored_n"":50,""secondary_convention"":""same decoded text and neither side truncated"",""status"":""complete"",""truncated_pair_n"":1,""unavailable_n"":0}"
39c7fd4929721e8dcba56b94,zsre,v0_stable,0,100,100,unseen_false_fire,"{""evaluated_value"":null,""numerator"":0.0,""planned"":100,""scored"":0,""status"":""incomplete"",""status_counts"":{""ok"":100},""value"":null,""wilson_evaluated"":null,""wilson_full_inventory"":null}"
39c7fd4929721e8dcba56b94,zsre,v0_stable,0,100,100,unseen_answer_changed,"{""evaluated_value"":0.47,""numerator"":47.0,""planned"":100,""scored"":100,""status"":""complete"",""status_counts"":{""ok"":100},""value"":0.47}"
39c7fd4929721e8dcba56b94,zsre,v0_stable,0,100,300,LS_terminated,"{""evaluated_value"":0.98,""numerator"":49.0,""planned"":50,""scored"":50,""status"":""complete"",""status_counts"":{""ok"":50},""value"":0.98}"
39c7fd4929721e8dcba56b94,zsre,v0_stable,0,100,300,locality,"{""expected_n"":50,""preserved_fraction"":1.0,""preserved_n"":50,""preserved_terminated_fraction"":0.98,""preserved_terminated_n"":49,""primary_convention"":""DEC-053 bounded exact decoded-text equality, no normalization or termination requirement"",""query_truncated_n"":1,""reference_truncated_n"":1,""scored_n"":50,""secondary_convention"":""same decoded text and neither side truncated"",""status"":""complete"",""truncated_pair_n"":1,""unavailable_n"":0}"
39c7fd4929721e8dcba56b94,zsre,v0_stable,0,100,300,unseen_false_fire,"{""evaluated_value"":null,""numerator"":0.0,""planned"":100,""scored"":0,""status"":""incomplete"",""status_counts"":{""ok"":100},""value"":null,""wilson_evaluated"":null,""wilson_full_inventory"":null}"
39c7fd4929721e8dcba56b94,zsre,v0_stable,0,100,300,unseen_answer_changed,"{""evaluated_value"":0.48,""numerator"":48.0,""planned"":100,""scored"":100,""status"":""complete"",""status_counts"":{""ok"":100},""value"":0.48}"
39c7fd4929721e8dcba56b94,zsre,v0_stable,0,100,1000,LS_terminated,"{""evaluated_value"":0.98,""numerator"":49.0,""planned"":50,""scored"":50,""status"":""complete"",""status_counts"":{""ok"":50},""value"":0.98}"
39c7fd4929721e8dcba56b94,zsre,v0_stable,0,100,1000,locality,"{""expected_n"":50,""preserved_fraction"":1.0,""preserved_n"":50,""preserved_terminated_fraction"":0.98,""preserved_terminated_n"":49,""primary_convention"":""DEC-053 bounded exact decoded-text equality, no normalization or termination requirement"",""query_truncated_n"":1,""reference_truncated_n"":1,""scored_n"":50,""secondary_convention"":""same decoded text and neither side truncated"",""status"":""complete"",""truncated_pair_n"":1,""unavailable_n"":0}"
39c7fd4929721e8dcba56b94,zsre,v0_stable,0,100,1000,unseen_false_fire,"{""evaluated_value"":null,""numerator"":0.0,""planned"":100,""scored"":0,""status"":""incomplete"",""status_counts"":{""ok"":100},""value"":null,""wilson_evaluated"":null,""wilson_full_inventory"":null}"
39c7fd4929721e8dcba56b94,zsre,v0_stable,0,100,1000,unseen_answer_changed,"{""evaluated_value"":0.56,""numerator"":56.0,""planned"":100,""scored"":100,""status"":""complete"",""status_counts"":{""ok"":100},""value"":0.56}"
39c7fd4929721e8dcba56b94,zsre,v0_stable,0,100,1000,near_miss,"{""expected_n"":100,""preserved_fraction"":0.27,""preserved_n"":27,""preserved_terminated_fraction"":0.27,""preserved_terminated_n"":27,""primary_convention"":""DEC-053 bounded exact decoded-text equality, no normalization or termination requirement"",""query_truncated_n"":2,""reference_truncated_n"":0,""scored_n"":100,""secondary_convention"":""same decoded text and neither side truncated"",""status"":""complete"",""truncated_pair_n"":2,""unavailable_n"":0}"
39c7fd4929721e8dcba56b94,zsre,v0_stable,0,100,1000,near_miss_bounded,"{""evaluated_value"":0.27,""numerator"":27.0,""planned"":100,""scored"":100,""status"":""complete"",""status_counts"":{""ok"":100},""value"":0.27}"
39c7fd4929721e8dcba56b94,zsre,v0_stable,0,100,1000,near_miss_terminated,"{""evaluated_value"":0.27,""numerator"":27.0,""planned"":100,""scored"":100,""status"":""complete"",""status_counts"":{""ok"":100},""value"":0.27}"
39c7fd4929721e8dcba56b94,zsre,v0_stable,0,100,1000,revision_latest,"{""evaluated_value"":0.0,""numerator"":0.0,""planned"":50,""scored"":50,""status"":""complete"",""status_counts"":{""ok"":50},""value"":0.0}"
39c7fd4929721e8dcba56b94,zsre,v0_stable,0,100,1000,revision_semantic,"{""evaluated_value"":null,""numerator"":0.0,""planned"":50,""scored"":0,""status"":""incomplete"",""status_counts"":{""ok"":50},""value"":null}"
39c7fd4929721e8dcba56b94,zsre,v0_stable,0,100,1000,old_record_retired,"{""evaluated_value"":null,""numerator"":0.0,""planned"":50,""scored"":0,""status"":""incomplete"",""status_counts"":{""ok"":50},""value"":null}"
39c7fd4929721e8dcba56b94,zsre,v0_stable,0,100,1000,new_record_active,"{""evaluated_value"":null,""numerator"":0.0,""planned"":50,""scored"":0,""status"":""incomplete"",""status_counts"":{""ok"":50},""value"":null}"
39c7fd4929721e8dcba56b94,zsre,v0_stable,0,100,1000,drift,"{""planned_positions"":16256,""references"":{""capoff"":{""ES95_positive_nats"":0.021696880809014236,""ES99_positive_nats"":0.10848440404507119,""count_above_0_1_nats"":7,""definition"":""fractional empirical top1% mean of positive NLL harm; denominator .01*N"",""exceedances_nats"":{""0.01"":8,""0.1"":7,""1.0"":2},""max_positive_nats"":13.862511382408456,""maximum_position"":""w124:p39"",""mean_positive_nats"":0.0010848440404507117,""mean_signed_nats"":0.0010122705978426424,""zero_positive_n"":16247},""original"":{""ES95_positive_nats"":0.021696880809014236,""ES99_positive_nats"":0.10848440404507119,""count_above_0_1_nats"":7,""definition"":""fractional empirical top1% mean of positive NLL harm; denominator .01*N"",""exceedances_nats"":{""0.01"":8,""0.1"":7,""1.0"":2},""max_positive_nats"":13.862511382408456,""maximum_position"":""w124:p39"",""mean_positive_nats"":0.0010848440404507117,""mean_signed_nats"":0.0010122705978426424,""zero_positive_n"":16247}},""scored_positions"":16256,""source_sha256"":""2e67327e54b5fb83e765c2320affcf8cfc4fc30b3996eea06105c850609ee524"",""status"":""complete""}"
b887b1046cd563d990765e01,zsre,v0_stable,0,101,100,LS_terminated,"{""evaluated_value"":0.98,""numerator"":49.0,""planned"":50,""scored"":50,""status"":""complete"",""status_counts"":{""ok"":50},""value"":0.98}"
b887b1046cd563d990765e01,zsre,v0_stable,0,101,100,locality,"{""expected_n"":50,""preserved_fraction"":1.0,""preserved_n"":50,""preserved_terminated_fraction"":0.98,""preserved_terminated_n"":49,""primary_convention"":""DEC-053 bounded exact decoded-text equality, no normalization or termination requirement"",""query_truncated_n"":1,""reference_truncated_n"":1,""scored_n"":50,""secondary_convention"":""same decoded text and neither side truncated"",""status"":""complete"",""truncated_pair_n"":1,""unavailable_n"":0}"
b887b1046cd563d990765e01,zsre,v0_stable,0,101,100,unseen_false_fire,"{""evaluated_value"":null,""numerator"":0.0,""planned"":100,""scored"":0,""status"":""incomplete"",""status_counts"":{""ok"":100},""value"":null,""wilson_evaluated"":null,""wilson_full_inventory"":null}"
b887b1046cd563d990765e01,zsre,v0_stable,0,101,100,unseen_answer_changed,"{""evaluated_value"":0.32,""numerator"":32.0,""planned"":100,""scored"":100,""status"":""complete"",""status_counts"":{""ok"":100},""value"":0.32}"
b887b1046cd563d990765e01,zsre,v0_stable,0,101,300,LS_terminated,"{""evaluated_value"":0.98,""numerator"":49.0,""planned"":50,""scored"":50,""status"":""complete"",""status_counts"":{""ok"":50},""value"":0.98}"
b887b1046cd563d990765e01,zsre,v0_stable,0,101,300,locality,"{""expected_n"":50,""preserved_fraction"":1.0,""preserved_n"":50,""preserved_terminated_fraction"":0.98,""preserved_terminated_n"":49,""primary_convention"":""DEC-053 bounded exact decoded-text equality, no normalization or termination requirement"",""query_truncated_n"":1,""reference_truncated_n"":1,""scored_n"":50,""secondary_convention"":""same decoded text and neither side truncated"",""status"":""complete"",""truncated_pair_n"":1,""unavailable_n"":0}"
b887b1046cd563d990765e01,zsre,v0_stable,0,101,300,unseen_false_fire,"{""evaluated_value"":null,""numerator"":0.0,""planned"":100,""scored"":0,""status"":""incomplete"",""status_counts"":{""ok"":100},""value"":null,""wilson_evaluated"":null,""wilson_full_inventory"":null}"
b887b1046cd563d990765e01,zsre,v0_stable,0,101,300,unseen_answer_changed,"{""evaluated_value"":0.56,""numerator"":56.0,""planned"":100,""scored"":100,""status"":""complete"",""status_counts"":{""ok"":100},""value"":0.56}"
b887b1046cd563d990765e01,zsre,v0_stable,0,101,1000,LS_terminated,"{""evaluated_value"":0.98,""numerator"":49.0,""planned"":50,""scored"":50,""status"":""complete"",""status_counts"":{""ok"":50},""value"":0.98}"
b887b1046cd563d990765e01,zsre,v0_stable,0,101,1000,locality,"{""expected_n"":50,""preserved_fraction"":1.0,""preserved_n"":50,""preserved_terminated_fraction"":0.98,""preserved_terminated_n"":49,""primary_convention"":""DEC-053 bounded exact decoded-text equality, no normalization or termination requirement"",""query_truncated_n"":1,""reference_truncated_n"":1,""scored_n"":50,""secondary_convention"":""same decoded text and neither side truncated"",""status"":""complete"",""truncated_pair_n"":1,""unavailable_n"":0}"
b887b1046cd563d990765e01,zsre,v0_stable,0,101,1000,unseen_false_fire,"{""evaluated_value"":null,""numerator"":0.0,""planned"":100,""scored"":0,""status"":""incomplete"",""status_counts"":{""ok"":100},""value"":null,""wilson_evaluated"":null,""wilson_full_inventory"":null}"
b887b1046cd563d990765e01,zsre,v0_stable,0,101,1000,unseen_answer_changed,"{""evaluated_value"":0.48,""numerator"":48.0,""planned"":100,""scored"":100,""status"":""complete"",""status_counts"":{""ok"":100},""value"":0.48}"
b887b1046cd563d990765e01,zsre,v0_stable,0,101,1000,near_miss,"{""expected_n"":100,""preserved_fraction"":0.34,""preserved_n"":34,""preserved_terminated_fraction"":0.34,""preserved_terminated_n"":34,""primary_convention"":""DEC-053 bounded exact decoded-text equality, no normalization or termination requirement"",""query_truncated_n"":5,""reference_truncated_n"":0,""scored_n"":100,""secondary_convention"":""same decoded text and neither side truncated"",""status"":""complete"",""truncated_pair_n"":5,""unavailable_n"":0}"
b887b1046cd563d990765e01,zsre,v0_stable,0,101,1000,near_miss_bounded,"{""evaluated_value"":0.34,""numerator"":34.0,""planned"":100,""scored"":100,""status"":""complete"",""status_counts"":{""ok"":100},""value"":0.34}"
b887b1046cd563d990765e01,zsre,v0_stable,0,101,1000,near_miss_terminated,"{""evaluated_value"":0.34,""numerator"":34.0,""planned"":100,""scored"":100,""status"":""complete"",""status_counts"":{""ok"":100},""value"":0.34}"
b887b1046cd563d990765e01,zsre,v0_stable,0,101,1000,revision_latest,"{""evaluated_value"":0.04,""numerator"":2.0,""planned"":50,""scored"":50,""status"":""complete"",""status_counts"":{""ok"":50},""value"":0.04}"
b887b1046cd563d990765e01,zsre,v0_stable,0,101,1000,revision_semantic,"{""evaluated_value"":null,""numerator"":0.0,""planned"":50,""scored"":0,""status"":""incomplete"",""status_counts"":{""ok"":50},""value"":null}"
b887b1046cd563d990765e01,zsre,v0_stable,0,101,1000,old_record_retired,"{""evaluated_value"":null,""numerator"":0.0,""planned"":50,""scored"":0,""status"":""incomplete"",""status_counts"":{""ok"":50},""value"":null}"
b887b1046cd563d990765e01,zsre,v0_stable,0,101,1000,new_record_active,"{""evaluated_value"":null,""numerator"":0.0,""planned"":50,""scored"":0,""status"":""incomplete"",""status_counts"":{""ok"":50},""value"":null}"
b887b1046cd563d990765e01,zsre,v0_stable,0,101,1000,drift,"{""planned_positions"":16256,""references"":{""capoff"":{""ES95_positive_nats"":0.02977911346622604,""ES99_positive_nats"":0.1488955673311302,""count_above_0_1_nats"":20,""definition"":""fractional empirical top1% mean of positive NLL harm; denominator .01*N"",""exceedances_nats"":{""0.01"":26,""0.1"":20,""1.0"":3},""max_positive_nats"":13.862511382408456,""maximum_position"":""w124:p39"",""mean_positive_nats"":0.0014889556733113023,""mean_signed_nats"":0.001333417117913458,""zero_positive_n"":16229},""original"":{""ES95_positive_nats"":0.02977911346622604,""ES99_positive_nats"":0.1488955673311302,""count_above_0_1_nats"":20,""definition"":""fractional empirical top1% mean of positive NLL harm; denominator .01*N"",""exceedances_nats"":{""0.01"":26,""0.1"":20,""1.0"":3},""max_positive_nats"":13.862511382408456,""maximum_position"":""w124:p39"",""mean_positive_nats"":0.0014889556733113023,""mean_signed_nats"":0.001333417117913458,""zero_positive_n"":16229}},""scored_positions"":16256,""source_sha256"":""2e67327e54b5fb83e765c2320affcf8cfc4fc30b3996eea06105c850609ee524"",""status"":""complete""}"
435235a6719279d1cc87ad66,zsre,v0_stable,0,102,100,LS_terminated,"{""evaluated_value"":0.98,""numerator"":49.0,""planned"":50,""scored"":50,""status"":""complete"",""status_counts"":{""ok"":50},""value"":0.98}"
435235a6719279d1cc87ad66,zsre,v0_stable,0,102,100,locality,"{""expected_n"":50,""preserved_fraction"":1.0,""preserved_n"":50,""preserved_terminated_fraction"":0.98,""preserved_terminated_n"":49,""primary_convention"":""DEC-053 bounded exact decoded-text equality, no normalization or termination requirement"",""query_truncated_n"":1,""reference_truncated_n"":1,""scored_n"":50,""secondary_convention"":""same decoded text and neither side truncated"",""status"":""complete"",""truncated_pair_n"":1,""unavailable_n"":0}"
435235a6719279d1cc87ad66,zsre,v0_stable,0,102,100,unseen_false_fire,"{""evaluated_value"":null,""numerator"":0.0,""planned"":100,""scored"":0,""status"":""incomplete"",""status_counts"":{""ok"":100},""value"":null,""wilson_evaluated"":null,""wilson_full_inventory"":null}"
435235a6719279d1cc87ad66,zsre,v0_stable,0,102,100,unseen_answer_changed,"{""evaluated_value"":0.52,""numerator"":52.0,""planned"":100,""scored"":100,""status"":""complete"",""status_counts"":{""ok"":100},""value"":0.52}"
435235a6719279d1cc87ad66,zsre,v0_stable,0,102,300,LS_terminated,"{""evaluated_value"":0.98,""numerator"":49.0,""planned"":50,""scored"":50,""status"":""complete"",""status_counts"":{""ok"":50},""value"":0.98}"
435235a6719279d1cc87ad66,zsre,v0_stable,0,102,300,locality,"{""expected_n"":50,""preserved_fraction"":1.0,""preserved_n"":50,""preserved_terminated_fraction"":0.98,""preserved_terminated_n"":49,""primary_convention"":""DEC-053 bounded exact decoded-text equality, no normalization or termination requirement"",""query_truncated_n"":1,""reference_truncated_n"":1,""scored_n"":50,""secondary_convention"":""same decoded text and neither side truncated"",""status"":""complete"",""truncated_pair_n"":1,""unavailable_n"":0}"
435235a6719279d1cc87ad66,zsre,v0_stable,0,102,300,unseen_false_fire,"{""evaluated_value"":null,""numerator"":0.0,""planned"":100,""scored"":0,""status"":""incomplete"",""status_counts"":{""ok"":100},""value"":null,""wilson_evaluated"":null,""wilson_full_inventory"":null}"
435235a6719279d1cc87ad66,zsre,v0_stable,0,102,300,unseen_answer_changed,"{""evaluated_value"":0.49,""numerator"":49.0,""planned"":100,""scored"":100,""status"":""complete"",""status_counts"":{""ok"":100},""value"":0.49}"
435235a6719279d1cc87ad66,zsre,v0_stable,0,102,1000,LS_terminated,"{""evaluated_value"":0.98,""numerator"":49.0,""planned"":50,""scored"":50,""status"":""complete"",""status_counts"":{""ok"":50},""value"":0.98}"
435235a6719279d1cc87ad66,zsre,v0_stable,0,102,1000,locality,"{""expected_n"":50,""preserved_fraction"":1.0,""preserved_n"":50,""preserved_terminated_fraction"":0.98,""preserved_terminated_n"":49,""primary_convention"":""DEC-053 bounded exact decoded-text equality, no normalization or termination requirement"",""query_truncated_n"":1,""reference_truncated_n"":1,""scored_n"":50,""secondary_convention"":""same decoded text and neither side truncated"",""status"":""complete"",""truncated_pair_n"":1,""unavailable_n"":0}"
435235a6719279d1cc87ad66,zsre,v0_stable,0,102,1000,unseen_false_fire,"{""evaluated_value"":null,""numerator"":0.0,""planned"":100,""scored"":0,""status"":""incomplete"",""status_counts"":{""ok"":100},""value"":null,""wilson_evaluated"":null,""wilson_full_inventory"":null}"
435235a6719279d1cc87ad66,zsre,v0_stable,0,102,1000,unseen_answer_changed,"{""evaluated_value"":0.51,""numerator"":51.0,""planned"":100,""scored"":100,""status"":""complete"",""status_counts"":{""ok"":100},""value"":0.51}"
435235a6719279d1cc87ad66,zsre,v0_stable,0,102,1000,near_miss,"{""expected_n"":100,""preserved_fraction"":0.36,""preserved_n"":36,""preserved_terminated_fraction"":0.36,""preserved_terminated_n"":36,""primary_convention"":""DEC-053 bounded exact decoded-text equality, no normalization or termination requirement"",""query_truncated_n"":1,""reference_truncated_n"":0,""scored_n"":100,""secondary_convention"":""same decoded text and neither side truncated"",""status"":""complete"",""truncated_pair_n"":1,""unavailable_n"":0}"
435235a6719279d1cc87ad66,zsre,v0_stable,0,102,1000,near_miss_bounded,"{""evaluated_value"":0.36,""numerator"":36.0,""planned"":100,""scored"":100,""status"":""complete"",""status_counts"":{""ok"":100},""value"":0.36}"
435235a6719279d1cc87ad66,zsre,v0_stable,0,102,1000,near_miss_terminated,"{""evaluated_value"":0.36,""numerator"":36.0,""planned"":100,""scored"":100,""status"":""complete"",""status_counts"":{""ok"":100},""value"":0.36}"
435235a6719279d1cc87ad66,zsre,v0_stable,0,102,1000,revision_latest,"{""evaluated_value"":0.02,""numerator"":1.0,""planned"":50,""scored"":50,""status"":""complete"",""status_counts"":{""ok"":50},""value"":0.02}"
435235a6719279d1cc87ad66,zsre,v0_stable,0,102,1000,revision_semantic,"{""evaluated_value"":null,""numerator"":0.0,""planned"":50,""scored"":0,""status"":""incomplete"",""status_counts"":{""ok"":50},""value"":null}"
435235a6719279d1cc87ad66,zsre,v0_stable,0,102,1000,old_record_retired,"{""evaluated_value"":null,""numerator"":0.0,""planned"":50,""scored"":0,""status"":""incomplete"",""status_counts"":{""ok"":50},""value"":null}"
435235a6719279d1cc87ad66,zsre,v0_stable,0,102,1000,new_record_active,"{""evaluated_value"":null,""numerator"":0.0,""planned"":50,""scored"":0,""status"":""incomplete"",""status_counts"":{""ok"":50},""value"":null}"
435235a6719279d1cc87ad66,zsre,v0_stable,0,102,1000,drift,"{""planned_positions"":16256,""references"":{""capoff"":{""ES95_positive_nats"":0.02821850470926295,""ES99_positive_nats"":0.14109252354631474,""count_above_0_1_nats"":13,""definition"":""fractional empirical top1% mean of positive NLL harm; denominator .01*N"",""exceedances_nats"":{""0.01"":14,""0.1"":13,""1.0"":4},""max_positive_nats"":13.862511382408456,""maximum_position"":""w124:p39"",""mean_positive_nats"":0.0014109252354631476,""mean_signed_nats"":0.0013229200620701975,""zero_positive_n"":16241},""original"":{""ES95_positive_nats"":0.02821850470926295,""ES99_positive_nats"":0.14109252354631474,""count_above_0_1_nats"":13,""definition"":""fractional empirical top1% mean of positive NLL harm; denominator .01*N"",""exceedances_nats"":{""0.01"":14,""0.1"":13,""1.0"":4},""max_positive_nats"":13.862511382408456,""maximum_position"":""w124:p39"",""mean_positive_nats"":0.0014109252354631476,""mean_signed_nats"":0.0013229200620701975,""zero_positive_n"":16241}},""scored_positions"":16256,""source_sha256"":""2e67327e54b5fb83e765c2320affcf8cfc4fc30b3996eea06105c850609ee524"",""status"":""complete""}"
aaed1cf9e8ce7cf1cf3749fa,zsre,v0_stable,0,103,100,LS_terminated,"{""evaluated_value"":0.98,""numerator"":49.0,""planned"":50,""scored"":50,""status"":""complete"",""status_counts"":{""ok"":50},""value"":0.98}"
aaed1cf9e8ce7cf1cf3749fa,zsre,v0_stable,0,103,100,locality,"{""expected_n"":50,""preserved_fraction"":1.0,""preserved_n"":50,""preserved_terminated_fraction"":0.98,""preserved_terminated_n"":49,""primary_convention"":""DEC-053 bounded exact decoded-text equality, no normalization or termination requirement"",""query_truncated_n"":1,""reference_truncated_n"":1,""scored_n"":50,""secondary_convention"":""same decoded text and neither side truncated"",""status"":""complete"",""truncated_pair_n"":1,""unavailable_n"":0}"
aaed1cf9e8ce7cf1cf3749fa,zsre,v0_stable,0,103,100,unseen_false_fire,"{""evaluated_value"":null,""numerator"":0.0,""planned"":100,""scored"":0,""status"":""incomplete"",""status_counts"":{""ok"":100},""value"":null,""wilson_evaluated"":null,""wilson_full_inventory"":null}"
aaed1cf9e8ce7cf1cf3749fa,zsre,v0_stable,0,103,100,unseen_answer_changed,"{""evaluated_value"":0.43,""numerator"":43.0,""planned"":100,""scored"":100,""status"":""complete"",""status_counts"":{""ok"":100},""value"":0.43}"
aaed1cf9e8ce7cf1cf3749fa,zsre,v0_stable,0,103,300,LS_terminated,"{""evaluated_value"":0.98,""numerator"":49.0,""planned"":50,""scored"":50,""status"":""complete"",""status_counts"":{""ok"":50},""value"":0.98}"
aaed1cf9e8ce7cf1cf3749fa,zsre,v0_stable,0,103,300,locality,"{""expected_n"":50,""preserved_fraction"":1.0,""preserved_n"":50,""preserved_terminated_fraction"":0.98,""preserved_terminated_n"":49,""primary_convention"":""DEC-053 bounded exact decoded-text equality, no normalization or termination requirement"",""query_truncated_n"":1,""reference_truncated_n"":1,""scored_n"":50,""secondary_convention"":""same decoded text and neither side truncated"",""status"":""complete"",""truncated_pair_n"":1,""unavailable_n"":0}"
aaed1cf9e8ce7cf1cf3749fa,zsre,v0_stable,0,103,300,unseen_false_fire,"{""evaluated_value"":null,""numerator"":0.0,""planned"":100,""scored"":0,""status"":""incomplete"",""status_counts"":{""ok"":100},""value"":null,""wilson_evaluated"":null,""wilson_full_inventory"":null}"
aaed1cf9e8ce7cf1cf3749fa,zsre,v0_stable,0,103,300,unseen_answer_changed,"{""evaluated_value"":0.47,""numerator"":47.0,""planned"":100,""scored"":100,""status"":""complete"",""status_counts"":{""ok"":100},""value"":0.47}"
aaed1cf9e8ce7cf1cf3749fa,zsre,v0_stable,0,103,1000,LS_terminated,"{""evaluated_value"":0.98,""numerator"":49.0,""planned"":50,""scored"":50,""status"":""complete"",""status_counts"":{""ok"":50},""value"":0.98}"
aaed1cf9e8ce7cf1cf3749fa,zsre,v0_stable,0,103,1000,locality,"{""expected_n"":50,""preserved_fraction"":1.0,""preserved_n"":50,""preserved_terminated_fraction"":0.98,""preserved_terminated_n"":49,""primary_convention"":""DEC-053 bounded exact decoded-text equality, no normalization or termination requirement"",""query_truncated_n"":1,""reference_truncated_n"":1,""scored_n"":50,""secondary_convention"":""same decoded text and neither side truncated"",""status"":""complete"",""truncated_pair_n"":1,""unavailable_n"":0}"
aaed1cf9e8ce7cf1cf3749fa,zsre,v0_stable,0,103,1000,unseen_false_fire,"{""evaluated_value"":null,""numerator"":0.0,""planned"":100,""scored"":0,""status"":""incomplete"",""status_counts"":{""ok"":100},""value"":null,""wilson_evaluated"":null,""wilson_full_inventory"":null}"
aaed1cf9e8ce7cf1cf3749fa,zsre,v0_stable,0,103,1000,unseen_answer_changed,"{""evaluated_value"":0.47,""numerator"":47.0,""planned"":100,""scored"":100,""status"":""complete"",""status_counts"":{""ok"":100},""value"":0.47}"
aaed1cf9e8ce7cf1cf3749fa,zsre,v0_stable,0,103,1000,near_miss,"{""expected_n"":100,""preserved_fraction"":0.36,""preserved_n"":36,""preserved_terminated_fraction"":0.36,""preserved_terminated_n"":36,""primary_convention"":""DEC-053 bounded exact decoded-text equality, no normalization or termination requirement"",""query_truncated_n"":7,""reference_truncated_n"":0,""scored_n"":100,""secondary_convention"":""same decoded text and neither side truncated"",""status"":""complete"",""truncated_pair_n"":7,""unavailable_n"":0}"
aaed1cf9e8ce7cf1cf3749fa,zsre,v0_stable,0,103,1000,near_miss_bounded,"{""evaluated_value"":0.36,""numerator"":36.0,""planned"":100,""scored"":100,""status"":""complete"",""status_counts"":{""ok"":100},""value"":0.36}"
aaed1cf9e8ce7cf1cf3749fa,zsre,v0_stable,0,103,1000,near_miss_terminated,"{""evaluated_value"":0.36,""numerator"":36.0,""planned"":100,""scored"":100,""status"":""complete"",""status_counts"":{""ok"":100},""value"":0.36}"
aaed1cf9e8ce7cf1cf3749fa,zsre,v0_stable,0,103,1000,revision_latest,"{""evaluated_value"":0.0,""numerator"":0.0,""planned"":50,""scored"":50,""status"":""complete"",""status_counts"":{""ok"":50},""value"":0.0}"
aaed1cf9e8ce7cf1cf3749fa,zsre,v0_stable,0,103,1000,revision_semantic,"{""evaluated_value"":null,""numerator"":0.0,""planned"":50,""scored"":0,""status"":""incomplete"",""status_counts"":{""ok"":50},""value"":null}"
aaed1cf9e8ce7cf1cf3749fa,zsre,v0_stable,0,103,1000,old_record_retired,"{""evaluated_value"":null,""numerator"":0.0,""planned"":50,""scored"":0,""status"":""incomplete"",""status_counts"":{""ok"":50},""value"":null}"
aaed1cf9e8ce7cf1cf3749fa,zsre,v0_stable,0,103,1000,new_record_active,"{""evaluated_value"":null,""numerator"":0.0,""planned"":50,""scored"":0,""status"":""incomplete"",""status_counts"":{""ok"":50},""value"":null}"
aaed1cf9e8ce7cf1cf3749fa,zsre,v0_stable,0,103,1000,drift,"{""planned_positions"":16256,""references"":{""capoff"":{""ES95_positive_nats"":0.027343476964672906,""ES99_positive_nats"":0.13671738482336454,""count_above_0_1_nats"":13,""definition"":""fractional empirical top1% mean of positive NLL harm; denominator .01*N"",""exceedances_nats"":{""0.01"":17,""0.1"":13,""1.0"":3},""max_positive_nats"":13.862511382408456,""maximum_position"":""w124:p39"",""mean_positive_nats"":0.0013671738482336454,""mean_signed_nats"":0.00132894772302434,""zero_positive_n"":16238},""original"":{""ES95_positive_nats"":0.027343476964672906,""ES99_positive_nats"":0.13671738482336454,""count_above_0_1_nats"":13,""definition"":""fractional empirical top1% mean of positive NLL harm; denominator .01*N"",""exceedances_nats"":{""0.01"":17,""0.1"":13,""1.0"":3},""max_positive_nats"":13.862511382408456,""maximum_position"":""w124:p39"",""mean_positive_nats"":0.0013671738482336454,""mean_signed_nats"":0.00132894772302434,""zero_positive_n"":16238}},""scored_positions"":16256,""source_sha256"":""2e67327e54b5fb83e765c2320affcf8cfc4fc30b3996eea06105c850609ee524"",""status"":""complete""}"
92a5ef6855124ffc5a8d6163,zsre,v0_stable,0,104,100,LS_terminated,"{""evaluated_value"":0.92,""numerator"":46.0,""planned"":50,""scored"":50,""status"":""complete"",""status_counts"":{""ok"":50},""value"":0.92}"
92a5ef6855124ffc5a8d6163,zsre,v0_stable,0,104,100,locality,"{""expected_n"":50,""preserved_fraction"":0.94,""preserved_n"":47,""preserved_terminated_fraction"":0.92,""preserved_terminated_n"":46,""primary_convention"":""DEC-053 bounded exact decoded-text equality, no normalization or termination requirement"",""query_truncated_n"":1,""reference_truncated_n"":1,""scored_n"":50,""secondary_convention"":""same decoded text and neither side truncated"",""status"":""complete"",""truncated_pair_n"":1,""unavailable_n"":0}"
92a5ef6855124ffc5a8d6163,zsre,v0_stable,0,104,100,unseen_false_fire,"{""evaluated_value"":null,""numerator"":0.0,""planned"":100,""scored"":0,""status"":""incomplete"",""status_counts"":{""ok"":100},""value"":null,""wilson_evaluated"":null,""wilson_full_inventory"":null}"
92a5ef6855124ffc5a8d6163,zsre,v0_stable,0,104,100,unseen_answer_changed,"{""evaluated_value"":0.53,""numerator"":53.0,""planned"":100,""scored"":100,""status"":""complete"",""status_counts"":{""ok"":100},""value"":0.53}"
92a5ef6855124ffc5a8d6163,zsre,v0_stable,0,104,300,LS_terminated,"{""evaluated_value"":0.98,""numerator"":49.0,""planned"":50,""scored"":50,""status"":""complete"",""status_counts"":{""ok"":50},""value"":0.98}"
92a5ef6855124ffc5a8d6163,zsre,v0_stable,0,104,300,locality,"{""expected_n"":50,""preserved_fraction"":1.0,""preserved_n"":50,""preserved_terminated_fraction"":0.98,""preserved_terminated_n"":49,""primary_convention"":""DEC-053 bounded exact decoded-text equality, no normalization or termination requirement"",""query_truncated_n"":1,""reference_truncated_n"":1,""scored_n"":50,""secondary_convention"":""same decoded text and neither side truncated"",""status"":""complete"",""truncated_pair_n"":1,""unavailable_n"":0}"
92a5ef6855124ffc5a8d6163,zsre,v0_stable,0,104,300,unseen_false_fire,"{""evaluated_value"":null,""numerator"":0.0,""planned"":100,""scored"":0,""status"":""incomplete"",""status_counts"":{""ok"":100},""value"":null,""wilson_evaluated"":null,""wilson_full_inventory"":null}"
92a5ef6855124ffc5a8d6163,zsre,v0_stable,0,104,300,unseen_answer_changed,"{""evaluated_value"":0.58,""numerator"":58.0,""planned"":100,""scored"":100,""status"":""complete"",""status_counts"":{""ok"":100},""value"":0.58}"
92a5ef6855124ffc5a8d6163,zsre,v0_stable,0,104,1000,LS_terminated,"{""evaluated_value"":0.98,""numerator"":49.0,""planned"":50,""scored"":50,""status"":""complete"",""status_counts"":{""ok"":50},""value"":0.98}"
92a5ef6855124ffc5a8d6163,zsre,v0_stable,0,104,1000,locality,"{""expected_n"":50,""preserved_fraction"":1.0,""preserved_n"":50,""preserved_terminated_fraction"":0.98,""preserved_terminated_n"":49,""primary_convention"":""DEC-053 bounded exact decoded-text equality, no normalization or termination requirement"",""query_truncated_n"":1,""reference_truncated_n"":1,""scored_n"":50,""secondary_convention"":""same decoded text and neither side truncated"",""status"":""complete"",""truncated_pair_n"":1,""unavailable_n"":0}"
92a5ef6855124ffc5a8d6163,zsre,v0_stable,0,104,1000,unseen_false_fire,"{""evaluated_value"":null,""numerator"":0.0,""planned"":100,""scored"":0,""status"":""incomplete"",""status_counts"":{""ok"":100},""value"":null,""wilson_evaluated"":null,""wilson_full_inventory"":null}"
92a5ef6855124ffc5a8d6163,zsre,v0_stable,0,104,1000,unseen_answer_changed,"{""evaluated_value"":0.38,""numerator"":38.0,""planned"":100,""scored"":100,""status"":""complete"",""status_counts"":{""ok"":100},""value"":0.38}"
92a5ef6855124ffc5a8d6163,zsre,v0_stable,0,104,1000,near_miss,"{""expected_n"":100,""preserved_fraction"":0.32,""preserved_n"":32,""preserved_terminated_fraction"":0.32,""preserved_terminated_n"":32,""primary_convention"":""DEC-053 bounded exact decoded-text equality, no normalization or termination requirement"",""query_truncated_n"":4,""reference_truncated_n"":0,""scored_n"":100,""secondary_convention"":""same decoded text and neither side truncated"",""status"":""complete"",""truncated_pair_n"":4,""unavailable_n"":0}"
92a5ef6855124ffc5a8d6163,zsre,v0_stable,0,104,1000,near_miss_bounded,"{""evaluated_value"":0.32,""numerator"":32.0,""planned"":100,""scored"":100,""status"":""complete"",""status_counts"":{""ok"":100},""value"":0.32}"
92a5ef6855124ffc5a8d6163,zsre,v0_stable,0,104,1000,near_miss_terminated,"{""evaluated_value"":0.32,""numerator"":32.0,""planned"":100,""scored"":100,""status"":""complete"",""status_counts"":{""ok"":100},""value"":0.32}"
92a5ef6855124ffc5a8d6163,zsre,v0_stable,0,104,1000,revision_latest,"{""evaluated_value"":0.04,""numerator"":2.0,""planned"":50,""scored"":50,""status"":""complete"",""status_counts"":{""ok"":50},""value"":0.04}"
92a5ef6855124ffc5a8d6163,zsre,v0_stable,0,104,1000,revision_semantic,"{""evaluated_value"":null,""numerator"":0.0,""planned"":50,""scored"":0,""status"":""incomplete"",""status_counts"":{""ok"":50},""value"":null}"
92a5ef6855124ffc5a8d6163,zsre,v0_stable,0,104,1000,old_record_retired,"{""evaluated_value"":null,""numerator"":0.0,""planned"":50,""scored"":0,""status"":""incomplete"",""status_counts"":{""ok"":50},""value"":null}"
92a5ef6855124ffc5a8d6163,zsre,v0_stable,0,104,1000,new_record_active,"{""evaluated_value"":null,""numerator"":0.0,""planned"":50,""scored"":0,""status"":""incomplete"",""status_counts"":{""ok"":50},""value"":null}"
92a5ef6855124ffc5a8d6163,zsre,v0_stable,0,104,1000,drift,"{""planned_positions"":16256,""references"":{""capoff"":{""ES95_positive_nats"":0.022133610518174227,""ES99_positive_nats"":0.11066805259087115,""count_above_0_1_nats"":11,""definition"":""fractional empirical top1% mean of positive NLL harm; denominator .01*N"",""exceedances_nats"":{""0.01"":12,""0.1"":11,""1.0"":1},""max_positive_nats"":13.862511382408456,""maximum_position"":""w124:p39"",""mean_positive_nats"":0.0011066805259087114,""mean_signed_nats"":0.0010890891690201786,""zero_positive_n"":16244},""original"":{""ES95_positive_nats"":0.022133610518174227,""ES99_positive_nats"":0.11066805259087115,""count_above_0_1_nats"":11,""definition"":""fractional empirical top1% mean of positive NLL harm; denominator .01*N"",""exceedances_nats"":{""0.01"":12,""0.1"":11,""1.0"":1},""max_positive_nats"":13.862511382408456,""maximum_position"":""w124:p39"",""mean_positive_nats"":0.0011066805259087114,""mean_signed_nats"":0.0010890891690201786,""zero_positive_n"":16244}},""scored_positions"":16256,""source_sha256"":""2e67327e54b5fb83e765c2320affcf8cfc4fc30b3996eea06105c850609ee524"",""status"":""complete""}"
baa601113af675024e73bc30,counterfact,v0_stable,0,100,100,LS_terminated,"{""evaluated_value"":0.78,""numerator"":39.0,""planned"":50,""scored"":50,""status"":""complete"",""status_counts"":{""ok"":50},""value"":0.78}"
baa601113af675024e73bc30,counterfact,v0_stable,0,100,100,locality,"{""expected_n"":50,""preserved_fraction"":1.0,""preserved_n"":50,""preserved_terminated_fraction"":0.78,""preserved_terminated_n"":39,""primary_convention"":""DEC-053 bounded exact decoded-text equality, no normalization or termination requirement"",""query_truncated_n"":11,""reference_truncated_n"":11,""scored_n"":50,""secondary_convention"":""same decoded text and neither side truncated"",""status"":""complete"",""truncated_pair_n"":11,""unavailable_n"":0}"
baa601113af675024e73bc30,counterfact,v0_stable,0,100,100,unseen_false_fire,"{""evaluated_value"":null,""numerator"":0.0,""planned"":100,""scored"":0,""status"":""incomplete"",""status_counts"":{""ok"":100},""value"":null,""wilson_evaluated"":null,""wilson_full_inventory"":null}"
baa601113af675024e73bc30,counterfact,v0_stable,0,100,100,unseen_answer_changed,"{""evaluated_value"":0.0,""numerator"":0.0,""planned"":100,""scored"":100,""status"":""complete"",""status_counts"":{""ok"":100},""value"":0.0}"
baa601113af675024e73bc30,counterfact,v0_stable,0,100,300,LS_terminated,"{""evaluated_value"":0.78,""numerator"":39.0,""planned"":50,""scored"":50,""status"":""complete"",""status_counts"":{""ok"":50},""value"":0.78}"
baa601113af675024e73bc30,counterfact,v0_stable,0,100,300,locality,"{""expected_n"":50,""preserved_fraction"":1.0,""preserved_n"":50,""preserved_terminated_fraction"":0.78,""preserved_terminated_n"":39,""primary_convention"":""DEC-053 bounded exact decoded-text equality, no normalization or termination requirement"",""query_truncated_n"":11,""reference_truncated_n"":11,""scored_n"":50,""secondary_convention"":""same decoded text and neither side truncated"",""status"":""complete"",""truncated_pair_n"":11,""unavailable_n"":0}"
baa601113af675024e73bc30,counterfact,v0_stable,0,100,300,unseen_false_fire,"{""evaluated_value"":null,""numerator"":0.0,""planned"":100,""scored"":0,""status"":""incomplete"",""status_counts"":{""ok"":100},""value"":null,""wilson_evaluated"":null,""wilson_full_inventory"":null}"
baa601113af675024e73bc30,counterfact,v0_stable,0,100,300,unseen_answer_changed,"{""evaluated_value"":0.0,""numerator"":0.0,""planned"":100,""scored"":100,""status"":""complete"",""status_counts"":{""ok"":100},""value"":0.0}"
baa601113af675024e73bc30,counterfact,v0_stable,0,100,1000,LS_terminated,"{""evaluated_value"":0.78,""numerator"":39.0,""planned"":50,""scored"":50,""status"":""complete"",""status_counts"":{""ok"":50},""value"":0.78}"
baa601113af675024e73bc30,counterfact,v0_stable,0,100,1000,locality,"{""expected_n"":50,""preserved_fraction"":1.0,""preserved_n"":50,""preserved_terminated_fraction"":0.78,""preserved_terminated_n"":39,""primary_convention"":""DEC-053 bounded exact decoded-text equality, no normalization or termination requirement"",""query_truncated_n"":11,""reference_truncated_n"":11,""scored_n"":50,""secondary_convention"":""same decoded text and neither side truncated"",""status"":""complete"",""truncated_pair_n"":11,""unavailable_n"":0}"
baa601113af675024e73bc30,counterfact,v0_stable,0,100,1000,unseen_false_fire,"{""evaluated_value"":null,""numerator"":0.0,""planned"":100,""scored"":0,""status"":""incomplete"",""status_counts"":{""ok"":100},""value"":null,""wilson_evaluated"":null,""wilson_full_inventory"":null}"
baa601113af675024e73bc30,counterfact,v0_stable,0,100,1000,unseen_answer_changed,"{""evaluated_value"":0.0,""numerator"":0.0,""planned"":100,""scored"":100,""status"":""complete"",""status_counts"":{""ok"":100},""value"":0.0}"
baa601113af675024e73bc30,counterfact,v0_stable,0,100,1000,near_miss,"{""expected_n"":100,""preserved_fraction"":1.0,""preserved_n"":100,""preserved_terminated_fraction"":0.65,""preserved_terminated_n"":65,""primary_convention"":""DEC-053 bounded exact decoded-text equality, no normalization or termination requirement"",""query_truncated_n"":35,""reference_truncated_n"":35,""scored_n"":100,""secondary_convention"":""same decoded text and neither side truncated"",""status"":""complete"",""truncated_pair_n"":35,""unavailable_n"":0}"
baa601113af675024e73bc30,counterfact,v0_stable,0,100,1000,near_miss_bounded,"{""evaluated_value"":1.0,""numerator"":100.0,""planned"":100,""scored"":100,""status"":""complete"",""status_counts"":{""ok"":100},""value"":1.0}"
baa601113af675024e73bc30,counterfact,v0_stable,0,100,1000,near_miss_terminated,"{""evaluated_value"":0.65,""numerator"":65.0,""planned"":100,""scored"":100,""status"":""complete"",""status_counts"":{""ok"":100},""value"":0.65}"
baa601113af675024e73bc30,counterfact,v0_stable,0,100,1000,revision_latest,"{""evaluated_value"":0.0,""numerator"":0.0,""planned"":50,""scored"":50,""status"":""complete"",""status_counts"":{""ok"":50},""value"":0.0}"
baa601113af675024e73bc30,counterfact,v0_stable,0,100,1000,revision_semantic,"{""evaluated_value"":null,""numerator"":0.0,""planned"":50,""scored"":0,""status"":""incomplete"",""status_counts"":{""ok"":50},""value"":null}"
baa601113af675024e73bc30,counterfact,v0_stable,0,100,1000,old_record_retired,"{""evaluated_value"":null,""numerator"":0.0,""planned"":50,""scored"":0,""status"":""incomplete"",""status_counts"":{""ok"":50},""value"":null}"
baa601113af675024e73bc30,counterfact,v0_stable,0,100,1000,new_record_active,"{""evaluated_value"":null,""numerator"":0.0,""planned"":50,""scored"":0,""status"":""incomplete"",""status_counts"":{""ok"":50},""value"":null}"
baa601113af675024e73bc30,counterfact,v0_stable,0,100,1000,drift,"{""planned_positions"":16256,""references"":{""capoff"":{""ES95_positive_nats"":0.0,""ES99_positive_nats"":0.0,""count_above_0_1_nats"":0,""definition"":""fractional empirical top1% mean of positive NLL harm; denominator .01*N"",""exceedances_nats"":{""0.01"":0,""0.1"":0,""1.0"":0},""max_positive_nats"":0.0,""maximum_position"":""w0:p1"",""mean_positive_nats"":0.0,""mean_signed_nats"":0.0,""zero_positive_n"":16256},""original"":{""ES95_positive_nats"":0.0,""ES99_positive_nats"":0.0,""count_above_0_1_nats"":0,""definition"":""fractional empirical top1% mean of positive NLL harm; denominator .01*N"",""exceedances_nats"":{""0.01"":0,""0.1"":0,""1.0"":0},""max_positive_nats"":0.0,""maximum_position"":""w0:p1"",""mean_positive_nats"":0.0,""mean_signed_nats"":0.0,""zero_positive_n"":16256}},""scored_positions"":16256,""source_sha256"":""2e67327e54b5fb83e765c2320affcf8cfc4fc30b3996eea06105c850609ee524"",""status"":""complete""}"
b6b271f3383f85fb19e49836,counterfact,v0_stable,0,101,100,LS_terminated,"{""evaluated_value"":0.78,""numerator"":39.0,""planned"":50,""scored"":50,""status"":""complete"",""status_counts"":{""ok"":50},""value"":0.78}"
b6b271f3383f85fb19e49836,counterfact,v0_stable,0,101,100,locality,"{""expected_n"":50,""preserved_fraction"":1.0,""preserved_n"":50,""preserved_terminated_fraction"":0.78,""preserved_terminated_n"":39,""primary_convention"":""DEC-053 bounded exact decoded-text equality, no normalization or termination requirement"",""query_truncated_n"":11,""reference_truncated_n"":11,""scored_n"":50,""secondary_convention"":""same decoded text and neither side truncated"",""status"":""complete"",""truncated_pair_n"":11,""unavailable_n"":0}"
b6b271f3383f85fb19e49836,counterfact,v0_stable,0,101,100,unseen_false_fire,"{""evaluated_value"":null,""numerator"":0.0,""planned"":100,""scored"":0,""status"":""incomplete"",""status_counts"":{""ok"":100},""value"":null,""wilson_evaluated"":null,""wilson_full_inventory"":null}"
b6b271f3383f85fb19e49836,counterfact,v0_stable,0,101,100,unseen_answer_changed,"{""evaluated_value"":0.0,""numerator"":0.0,""planned"":100,""scored"":100,""status"":""complete"",""status_counts"":{""ok"":100},""value"":0.0}"
b6b271f3383f85fb19e49836,counterfact,v0_stable,0,101,300,LS_terminated,"{""evaluated_value"":0.78,""numerator"":39.0,""planned"":50,""scored"":50,""status"":""complete"",""status_counts"":{""ok"":50},""value"":0.78}"
b6b271f3383f85fb19e49836,counterfact,v0_stable,0,101,300,locality,"{""expected_n"":50,""preserved_fraction"":1.0,""preserved_n"":50,""preserved_terminated_fraction"":0.78,""preserved_terminated_n"":39,""primary_convention"":""DEC-053 bounded exact decoded-text equality, no normalization or termination requirement"",""query_truncated_n"":11,""reference_truncated_n"":11,""scored_n"":50,""secondary_convention"":""same decoded text and neither side truncated"",""status"":""complete"",""truncated_pair_n"":11,""unavailable_n"":0}"
b6b271f3383f85fb19e49836,counterfact,v0_stable,0,101,300,unseen_false_fire,"{""evaluated_value"":null,""numerator"":0.0,""planned"":100,""scored"":0,""status"":""incomplete"",""status_counts"":{""ok"":100},""value"":null,""wilson_evaluated"":null,""wilson_full_inventory"":null}"
b6b271f3383f85fb19e49836,counterfact,v0_stable,0,101,300,unseen_answer_changed,"{""evaluated_value"":0.0,""numerator"":0.0,""planned"":100,""scored"":100,""status"":""complete"",""status_counts"":{""ok"":100},""value"":0.0}"
b6b271f3383f85fb19e49836,counterfact,v0_stable,0,101,1000,LS_terminated,"{""evaluated_value"":0.78,""numerator"":39.0,""planned"":50,""scored"":50,""status"":""complete"",""status_counts"":{""ok"":50},""value"":0.78}"
b6b271f3383f85fb19e49836,counterfact,v0_stable,0,101,1000,locality,"{""expected_n"":50,""preserved_fraction"":1.0,""preserved_n"":50,""preserved_terminated_fraction"":0.78,""preserved_terminated_n"":39,""primary_convention"":""DEC-053 bounded exact decoded-text equality, no normalization or termination requirement"",""query_truncated_n"":11,""reference_truncated_n"":11,""scored_n"":50,""secondary_convention"":""same decoded text and neither side truncated"",""status"":""complete"",""truncated_pair_n"":11,""unavailable_n"":0}"
b6b271f3383f85fb19e49836,counterfact,v0_stable,0,101,1000,unseen_false_fire,"{""evaluated_value"":null,""numerator"":0.0,""planned"":100,""scored"":0,""status"":""incomplete"",""status_counts"":{""ok"":100},""value"":null,""wilson_evaluated"":null,""wilson_full_inventory"":null}"
b6b271f3383f85fb19e49836,counterfact,v0_stable,0,101,1000,unseen_answer_changed,"{""evaluated_value"":0.0,""numerator"":0.0,""planned"":100,""scored"":100,""status"":""complete"",""status_counts"":{""ok"":100},""value"":0.0}"
b6b271f3383f85fb19e49836,counterfact,v0_stable,0,101,1000,near_miss,"{""expected_n"":100,""preserved_fraction"":1.0,""preserved_n"":100,""preserved_terminated_fraction"":0.65,""preserved_terminated_n"":65,""primary_convention"":""DEC-053 bounded exact decoded-text equality, no normalization or termination requirement"",""query_truncated_n"":35,""reference_truncated_n"":35,""scored_n"":100,""secondary_convention"":""same decoded text and neither side truncated"",""status"":""complete"",""truncated_pair_n"":35,""unavailable_n"":0}"
b6b271f3383f85fb19e49836,counterfact,v0_stable,0,101,1000,near_miss_bounded,"{""evaluated_value"":1.0,""numerator"":100.0,""planned"":100,""scored"":100,""status"":""complete"",""status_counts"":{""ok"":100},""value"":1.0}"
b6b271f3383f85fb19e49836,counterfact,v0_stable,0,101,1000,near_miss_terminated,"{""evaluated_value"":0.65,""numerator"":65.0,""planned"":100,""scored"":100,""status"":""complete"",""status_counts"":{""ok"":100},""value"":0.65}"
b6b271f3383f85fb19e49836,counterfact,v0_stable,0,101,1000,revision_latest,"{""evaluated_value"":0.0,""numerator"":0.0,""planned"":50,""scored"":50,""status"":""complete"",""status_counts"":{""ok"":50},""value"":0.0}"
b6b271f3383f85fb19e49836,counterfact,v0_stable,0,101,1000,revision_semantic,"{""evaluated_value"":null,""numerator"":0.0,""planned"":50,""scored"":0,""status"":""incomplete"",""status_counts"":{""ok"":50},""value"":null}"
b6b271f3383f85fb19e49836,counterfact,v0_stable,0,101,1000,old_record_retired,"{""evaluated_value"":null,""numerator"":0.0,""planned"":50,""scored"":0,""status"":""incomplete"",""status_counts"":{""ok"":50},""value"":null}"
b6b271f3383f85fb19e49836,counterfact,v0_stable,0,101,1000,new_record_active,"{""evaluated_value"":null,""numerator"":0.0,""planned"":50,""scored"":0,""status"":""incomplete"",""status_counts"":{""ok"":50},""value"":null}"
b6b271f3383f85fb19e49836,counterfact,v0_stable,0,101,1000,drift,"{""planned_positions"":16256,""references"":{""capoff"":{""ES95_positive_nats"":0.0,""ES99_positive_nats"":0.0,""count_above_0_1_nats"":0,""definition"":""fractional empirical top1% mean of positive NLL harm; denominator .01*N"",""exceedances_nats"":{""0.01"":0,""0.1"":0,""1.0"":0},""max_positive_nats"":0.0,""maximum_position"":""w0:p1"",""mean_positive_nats"":0.0,""mean_signed_nats"":0.0,""zero_positive_n"":16256},""original"":{""ES95_positive_nats"":0.0,""ES99_positive_nats"":0.0,""count_above_0_1_nats"":0,""definition"":""fractional empirical top1% mean of positive NLL harm; denominator .01*N"",""exceedances_nats"":{""0.01"":0,""0.1"":0,""1.0"":0},""max_positive_nats"":0.0,""maximum_position"":""w0:p1"",""mean_positive_nats"":0.0,""mean_signed_nats"":0.0,""zero_positive_n"":16256}},""scored_positions"":16256,""source_sha256"":""2e67327e54b5fb83e765c2320affcf8cfc4fc30b3996eea06105c850609ee524"",""status"":""complete""}"
6c0124a2d35b8b4bf8d2a321,counterfact,v0_stable,0,102,100,LS_terminated,"{""evaluated_value"":0.78,""numerator"":39.0,""planned"":50,""scored"":50,""status"":""complete"",""status_counts"":{""ok"":50},""value"":0.78}"
6c0124a2d35b8b4bf8d2a321,counterfact,v0_stable,0,102,100,locality,"{""expected_n"":50,""preserved_fraction"":1.0,""preserved_n"":50,""preserved_terminated_fraction"":0.78,""preserved_terminated_n"":39,""primary_convention"":""DEC-053 bounded exact decoded-text equality, no normalization or termination requirement"",""query_truncated_n"":11,""reference_truncated_n"":11,""scored_n"":50,""secondary_convention"":""same decoded text and neither side truncated"",""status"":""complete"",""truncated_pair_n"":11,""unavailable_n"":0}"
6c0124a2d35b8b4bf8d2a321,counterfact,v0_stable,0,102,100,unseen_false_fire,"{""evaluated_value"":null,""numerator"":0.0,""planned"":100,""scored"":0,""status"":""incomplete"",""status_counts"":{""ok"":100},""value"":null,""wilson_evaluated"":null,""wilson_full_inventory"":null}"
6c0124a2d35b8b4bf8d2a321,counterfact,v0_stable,0,102,100,unseen_answer_changed,"{""evaluated_value"":0.0,""numerator"":0.0,""planned"":100,""scored"":100,""status"":""complete"",""status_counts"":{""ok"":100},""value"":0.0}"
6c0124a2d35b8b4bf8d2a321,counterfact,v0_stable,0,102,300,LS_terminated,"{""evaluated_value"":0.78,""numerator"":39.0,""planned"":50,""scored"":50,""status"":""complete"",""status_counts"":{""ok"":50},""value"":0.78}"
6c0124a2d35b8b4bf8d2a321,counterfact,v0_stable,0,102,300,locality,"{""expected_n"":50,""preserved_fraction"":1.0,""preserved_n"":50,""preserved_terminated_fraction"":0.78,""preserved_terminated_n"":39,""primary_convention"":""DEC-053 bounded exact decoded-text equality, no normalization or termination requirement"",""query_truncated_n"":11,""reference_truncated_n"":11,""scored_n"":50,""secondary_convention"":""same decoded text and neither side truncated"",""status"":""complete"",""truncated_pair_n"":11,""unavailable_n"":0}"
6c0124a2d35b8b4bf8d2a321,counterfact,v0_stable,0,102,300,unseen_false_fire,"{""evaluated_value"":null,""numerator"":0.0,""planned"":100,""scored"":0,""status"":""incomplete"",""status_counts"":{""ok"":100},""value"":null,""wilson_evaluated"":null,""wilson_full_inventory"":null}"
6c0124a2d35b8b4bf8d2a321,counterfact,v0_stable,0,102,300,unseen_answer_changed,"{""evaluated_value"":0.0,""numerator"":0.0,""planned"":100,""scored"":100,""status"":""complete"",""status_counts"":{""ok"":100},""value"":0.0}"
6c0124a2d35b8b4bf8d2a321,counterfact,v0_stable,0,102,1000,LS_terminated,"{""evaluated_value"":0.78,""numerator"":39.0,""planned"":50,""scored"":50,""status"":""complete"",""status_counts"":{""ok"":50},""value"":0.78}"
6c0124a2d35b8b4bf8d2a321,counterfact,v0_stable,0,102,1000,locality,"{""expected_n"":50,""preserved_fraction"":1.0,""preserved_n"":50,""preserved_terminated_fraction"":0.78,""preserved_terminated_n"":39,""primary_convention"":""DEC-053 bounded exact decoded-text equality, no normalization or termination requirement"",""query_truncated_n"":11,""reference_truncated_n"":11,""scored_n"":50,""secondary_convention"":""same decoded text and neither side truncated"",""status"":""complete"",""truncated_pair_n"":11,""unavailable_n"":0}"
6c0124a2d35b8b4bf8d2a321,counterfact,v0_stable,0,102,1000,unseen_false_fire,"{""evaluated_value"":null,""numerator"":0.0,""planned"":100,""scored"":0,""status"":""incomplete"",""status_counts"":{""ok"":100},""value"":null,""wilson_evaluated"":null,""wilson_full_inventory"":null}"
6c0124a2d35b8b4bf8d2a321,counterfact,v0_stable,0,102,1000,unseen_answer_changed,"{""evaluated_value"":0.0,""numerator"":0.0,""planned"":100,""scored"":100,""status"":""complete"",""status_counts"":{""ok"":100},""value"":0.0}"
6c0124a2d35b8b4bf8d2a321,counterfact,v0_stable,0,102,1000,near_miss,"{""expected_n"":100,""preserved_fraction"":1.0,""preserved_n"":100,""preserved_terminated_fraction"":0.65,""preserved_terminated_n"":65,""primary_convention"":""DEC-053 bounded exact decoded-text equality, no normalization or termination requirement"",""query_truncated_n"":35,""reference_truncated_n"":35,""scored_n"":100,""secondary_convention"":""same decoded text and neither side truncated"",""status"":""complete"",""truncated_pair_n"":35,""unavailable_n"":0}"
6c0124a2d35b8b4bf8d2a321,counterfact,v0_stable,0,102,1000,near_miss_bounded,"{""evaluated_value"":1.0,""numerator"":100.0,""planned"":100,""scored"":100,""status"":""complete"",""status_counts"":{""ok"":100},""value"":1.0}"
6c0124a2d35b8b4bf8d2a321,counterfact,v0_stable,0,102,1000,near_miss_terminated,"{""evaluated_value"":0.65,""numerator"":65.0,""planned"":100,""scored"":100,""status"":""complete"",""status_counts"":{""ok"":100},""value"":0.65}"
6c0124a2d35b8b4bf8d2a321,counterfact,v0_stable,0,102,1000,revision_latest,"{""evaluated_value"":0.0,""numerator"":0.0,""planned"":50,""scored"":50,""status"":""complete"",""status_counts"":{""ok"":50},""value"":0.0}"
6c0124a2d35b8b4bf8d2a321,counterfact,v0_stable,0,102,1000,revision_semantic,"{""evaluated_value"":null,""numerator"":0.0,""planned"":50,""scored"":0,""status"":""incomplete"",""status_counts"":{""ok"":50},""value"":null}"
6c0124a2d35b8b4bf8d2a321,counterfact,v0_stable,0,102,1000,old_record_retired,"{""evaluated_value"":null,""numerator"":0.0,""planned"":50,""scored"":0,""status"":""incomplete"",""status_counts"":{""ok"":50},""value"":null}"
6c0124a2d35b8b4bf8d2a321,counterfact,v0_stable,0,102,1000,new_record_active,"{""evaluated_value"":null,""numerator"":0.0,""planned"":50,""scored"":0,""status"":""incomplete"",""status_counts"":{""ok"":50},""value"":null}"
6c0124a2d35b8b4bf8d2a321,counterfact,v0_stable,0,102,1000,drift,"{""planned_positions"":16256,""references"":{""capoff"":{""ES95_positive_nats"":0.0,""ES99_positive_nats"":0.0,""count_above_0_1_nats"":0,""definition"":""fractional empirical top1% mean of positive NLL harm; denominator .01*N"",""exceedances_nats"":{""0.01"":0,""0.1"":0,""1.0"":0},""max_positive_nats"":0.0,""maximum_position"":""w0:p1"",""mean_positive_nats"":0.0,""mean_signed_nats"":0.0,""zero_positive_n"":16256},""original"":{""ES95_positive_nats"":0.0,""ES99_positive_nats"":0.0,""count_above_0_1_nats"":0,""definition"":""fractional empirical top1% mean of positive NLL harm; denominator .01*N"",""exceedances_nats"":{""0.01"":0,""0.1"":0,""1.0"":0},""max_positive_nats"":0.0,""maximum_position"":""w0:p1"",""mean_positive_nats"":0.0,""mean_signed_nats"":0.0,""zero_positive_n"":16256}},""scored_positions"":16256,""source_sha256"":""2e67327e54b5fb83e765c2320affcf8cfc4fc30b3996eea06105c850609ee524"",""status"":""complete""}"
37c2ba2be995719ac8972cf1,counterfact,v0_stable,0,103,100,LS_terminated,"{""evaluated_value"":0.78,""numerator"":39.0,""planned"":50,""scored"":50,""status"":""complete"",""status_counts"":{""ok"":50},""value"":0.78}"
37c2ba2be995719ac8972cf1,counterfact,v0_stable,0,103,100,locality,"{""expected_n"":50,""preserved_fraction"":1.0,""preserved_n"":50,""preserved_terminated_fraction"":0.78,""preserved_terminated_n"":39,""primary_convention"":""DEC-053 bounded exact decoded-text equality, no normalization or termination requirement"",""query_truncated_n"":11,""reference_truncated_n"":11,""scored_n"":50,""secondary_convention"":""same decoded text and neither side truncated"",""status"":""complete"",""truncated_pair_n"":11,""unavailable_n"":0}"
37c2ba2be995719ac8972cf1,counterfact,v0_stable,0,103,100,unseen_false_fire,"{""evaluated_value"":null,""numerator"":0.0,""planned"":100,""scored"":0,""status"":""incomplete"",""status_counts"":{""ok"":100},""value"":null,""wilson_evaluated"":null,""wilson_full_inventory"":null}"
37c2ba2be995719ac8972cf1,counterfact,v0_stable,0,103,100,unseen_answer_changed,"{""evaluated_value"":0.0,""numerator"":0.0,""planned"":100,""scored"":100,""status"":""complete"",""status_counts"":{""ok"":100},""value"":0.0}"
37c2ba2be995719ac8972cf1,counterfact,v0_stable,0,103,300,LS_terminated,"{""evaluated_value"":0.78,""numerator"":39.0,""planned"":50,""scored"":50,""status"":""complete"",""status_counts"":{""ok"":50},""value"":0.78}"
37c2ba2be995719ac8972cf1,counterfact,v0_stable,0,103,300,locality,"{""expected_n"":50,""preserved_fraction"":1.0,""preserved_n"":50,""preserved_terminated_fraction"":0.78,""preserved_terminated_n"":39,""primary_convention"":""DEC-053 bounded exact decoded-text equality, no normalization or termination requirement"",""query_truncated_n"":11,""reference_truncated_n"":11,""scored_n"":50,""secondary_convention"":""same decoded text and neither side truncated"",""status"":""complete"",""truncated_pair_n"":11,""unavailable_n"":0}"
37c2ba2be995719ac8972cf1,counterfact,v0_stable,0,103,300,unseen_false_fire,"{""evaluated_value"":null,""numerator"":0.0,""planned"":100,""scored"":0,""status"":""incomplete"",""status_counts"":{""ok"":100},""value"":null,""wilson_evaluated"":null,""wilson_full_inventory"":null}"
37c2ba2be995719ac8972cf1,counterfact,v0_stable,0,103,300,unseen_answer_changed,"{""evaluated_value"":0.0,""numerator"":0.0,""planned"":100,""scored"":100,""status"":""complete"",""status_counts"":{""ok"":100},""value"":0.0}"
37c2ba2be995719ac8972cf1,counterfact,v0_stable,0,103,1000,LS_terminated,"{""evaluated_value"":0.78,""numerator"":39.0,""planned"":50,""scored"":50,""status"":""complete"",""status_counts"":{""ok"":50},""value"":0.78}"
37c2ba2be995719ac8972cf1,counterfact,v0_stable,0,103,1000,locality,"{""expected_n"":50,""preserved_fraction"":1.0,""preserved_n"":50,""preserved_terminated_fraction"":0.78,""preserved_terminated_n"":39,""primary_convention"":""DEC-053 bounded exact decoded-text equality, no normalization or termination requirement"",""query_truncated_n"":11,""reference_truncated_n"":11,""scored_n"":50,""secondary_convention"":""same decoded text and neither side truncated"",""status"":""complete"",""truncated_pair_n"":11,""unavailable_n"":0}"
37c2ba2be995719ac8972cf1,counterfact,v0_stable,0,103,1000,unseen_false_fire,"{""evaluated_value"":null,""numerator"":0.0,""planned"":100,""scored"":0,""status"":""incomplete"",""status_counts"":{""ok"":100},""value"":null,""wilson_evaluated"":null,""wilson_full_inventory"":null}"
37c2ba2be995719ac8972cf1,counterfact,v0_stable,0,103,1000,unseen_answer_changed,"{""evaluated_value"":0.0,""numerator"":0.0,""planned"":100,""scored"":100,""status"":""complete"",""status_counts"":{""ok"":100},""value"":0.0}"
37c2ba2be995719ac8972cf1,counterfact,v0_stable,0,103,1000,near_miss,"{""expected_n"":100,""preserved_fraction"":1.0,""preserved_n"":100,""preserved_terminated_fraction"":0.65,""preserved_terminated_n"":65,""primary_convention"":""DEC-053 bounded exact decoded-text equality, no normalization or termination requirement"",""query_truncated_n"":35,""reference_truncated_n"":35,""scored_n"":100,""secondary_convention"":""same decoded text and neither side truncated"",""status"":""complete"",""truncated_pair_n"":35,""unavailable_n"":0}"
37c2ba2be995719ac8972cf1,counterfact,v0_stable,0,103,1000,near_miss_bounded,"{""evaluated_value"":1.0,""numerator"":100.0,""planned"":100,""scored"":100,""status"":""complete"",""status_counts"":{""ok"":100},""value"":1.0}"
37c2ba2be995719ac8972cf1,counterfact,v0_stable,0,103,1000,near_miss_terminated,"{""evaluated_value"":0.65,""numerator"":65.0,""planned"":100,""scored"":100,""status"":""complete"",""status_counts"":{""ok"":100},""value"":0.65}"
37c2ba2be995719ac8972cf1,counterfact,v0_stable,0,103,1000,revision_latest,"{""evaluated_value"":0.0,""numerator"":0.0,""planned"":50,""scored"":50,""status"":""complete"",""status_counts"":{""ok"":50},""value"":0.0}"
37c2ba2be995719ac8972cf1,counterfact,v0_stable,0,103,1000,revision_semantic,"{""evaluated_value"":null,""numerator"":0.0,""planned"":50,""scored"":0,""status"":""incomplete"",""status_counts"":{""ok"":50},""value"":null}"
37c2ba2be995719ac8972cf1,counterfact,v0_stable,0,103,1000,old_record_retired,"{""evaluated_value"":null,""numerator"":0.0,""planned"":50,""scored"":0,""status"":""incomplete"",""status_counts"":{""ok"":50},""value"":null}"
37c2ba2be995719ac8972cf1,counterfact,v0_stable,0,103,1000,new_record_active,"{""evaluated_value"":null,""numerator"":0.0,""planned"":50,""scored"":0,""status"":""incomplete"",""status_counts"":{""ok"":50},""value"":null}"
37c2ba2be995719ac8972cf1,counterfact,v0_stable,0,103,1000,drift,"{""planned_positions"":16256,""references"":{""capoff"":{""ES95_positive_nats"":0.0,""ES99_positive_nats"":0.0,""count_above_0_1_nats"":0,""definition"":""fractional empirical top1% mean of positive NLL harm; denominator .01*N"",""exceedances_nats"":{""0.01"":0,""0.1"":0,""1.0"":0},""max_positive_nats"":0.0,""maximum_position"":""w0:p1"",""mean_positive_nats"":0.0,""mean_signed_nats"":0.0,""zero_positive_n"":16256},""original"":{""ES95_positive_nats"":0.0,""ES99_positive_nats"":0.0,""count_above_0_1_nats"":0,""definition"":""fractional empirical top1% mean of positive NLL harm; denominator .01*N"",""exceedances_nats"":{""0.01"":0,""0.1"":0,""1.0"":0},""max_positive_nats"":0.0,""maximum_position"":""w0:p1"",""mean_positive_nats"":0.0,""mean_signed_nats"":0.0,""zero_positive_n"":16256}},""scored_positions"":16256,""source_sha256"":""2e67327e54b5fb83e765c2320affcf8cfc4fc30b3996eea06105c850609ee524"",""status"":""complete""}"
d93ed5de9d4401cb3345c7bd,counterfact,v0_stable,0,104,100,LS_terminated,"{""evaluated_value"":0.78,""numerator"":39.0,""planned"":50,""scored"":50,""status"":""complete"",""status_counts"":{""ok"":50},""value"":0.78}"
d93ed5de9d4401cb3345c7bd,counterfact,v0_stable,0,104,100,locality,"{""expected_n"":50,""preserved_fraction"":1.0,""preserved_n"":50,""preserved_terminated_fraction"":0.78,""preserved_terminated_n"":39,""primary_convention"":""DEC-053 bounded exact decoded-text equality, no normalization or termination requirement"",""query_truncated_n"":11,""reference_truncated_n"":11,""scored_n"":50,""secondary_convention"":""same decoded text and neither side truncated"",""status"":""complete"",""truncated_pair_n"":11,""unavailable_n"":0}"
d93ed5de9d4401cb3345c7bd,counterfact,v0_stable,0,104,100,unseen_false_fire,"{""evaluated_value"":null,""numerator"":0.0,""planned"":100,""scored"":0,""status"":""incomplete"",""status_counts"":{""ok"":100},""value"":null,""wilson_evaluated"":null,""wilson_full_inventory"":null}"
d93ed5de9d4401cb3345c7bd,counterfact,v0_stable,0,104,100,unseen_answer_changed,"{""evaluated_value"":0.0,""numerator"":0.0,""planned"":100,""scored"":100,""status"":""complete"",""status_counts"":{""ok"":100},""value"":0.0}"
d93ed5de9d4401cb3345c7bd,counterfact,v0_stable,0,104,300,LS_terminated,"{""evaluated_value"":0.78,""numerator"":39.0,""planned"":50,""scored"":50,""status"":""complete"",""status_counts"":{""ok"":50},""value"":0.78}"
d93ed5de9d4401cb3345c7bd,counterfact,v0_stable,0,104,300,locality,"{""expected_n"":50,""preserved_fraction"":1.0,""preserved_n"":50,""preserved_terminated_fraction"":0.78,""preserved_terminated_n"":39,""primary_convention"":""DEC-053 bounded exact decoded-text equality, no normalization or termination requirement"",""query_truncated_n"":11,""reference_truncated_n"":11,""scored_n"":50,""secondary_convention"":""same decoded text and neither side truncated"",""status"":""complete"",""truncated_pair_n"":11,""unavailable_n"":0}"
d93ed5de9d4401cb3345c7bd,counterfact,v0_stable,0,104,300,unseen_false_fire,"{""evaluated_value"":null,""numerator"":0.0,""planned"":100,""scored"":0,""status"":""incomplete"",""status_counts"":{""ok"":100},""value"":null,""wilson_evaluated"":null,""wilson_full_inventory"":null}"
d93ed5de9d4401cb3345c7bd,counterfact,v0_stable,0,104,300,unseen_answer_changed,"{""evaluated_value"":0.0,""numerator"":0.0,""planned"":100,""scored"":100,""status"":""complete"",""status_counts"":{""ok"":100},""value"":0.0}"
d93ed5de9d4401cb3345c7bd,counterfact,v0_stable,0,104,1000,LS_terminated,"{""evaluated_value"":0.78,""numerator"":39.0,""planned"":50,""scored"":50,""status"":""complete"",""status_counts"":{""ok"":50},""value"":0.78}"
d93ed5de9d4401cb3345c7bd,counterfact,v0_stable,0,104,1000,locality,"{""expected_n"":50,""preserved_fraction"":1.0,""preserved_n"":50,""preserved_terminated_fraction"":0.78,""preserved_terminated_n"":39,""primary_convention"":""DEC-053 bounded exact decoded-text equality, no normalization or termination requirement"",""query_truncated_n"":11,""reference_truncated_n"":11,""scored_n"":50,""secondary_convention"":""same decoded text and neither side truncated"",""status"":""complete"",""truncated_pair_n"":11,""unavailable_n"":0}"
d93ed5de9d4401cb3345c7bd,counterfact,v0_stable,0,104,1000,unseen_false_fire,"{""evaluated_value"":null,""numerator"":0.0,""planned"":100,""scored"":0,""status"":""incomplete"",""status_counts"":{""ok"":100},""value"":null,""wilson_evaluated"":null,""wilson_full_inventory"":null}"
d93ed5de9d4401cb3345c7bd,counterfact,v0_stable,0,104,1000,unseen_answer_changed,"{""evaluated_value"":0.0,""numerator"":0.0,""planned"":100,""scored"":100,""status"":""complete"",""status_counts"":{""ok"":100},""value"":0.0}"
d93ed5de9d4401cb3345c7bd,counterfact,v0_stable,0,104,1000,near_miss,"{""expected_n"":100,""preserved_fraction"":1.0,""preserved_n"":100,""preserved_terminated_fraction"":0.65,""preserved_terminated_n"":65,""primary_convention"":""DEC-053 bounded exact decoded-text equality, no normalization or termination requirement"",""query_truncated_n"":35,""reference_truncated_n"":35,""scored_n"":100,""secondary_convention"":""same decoded text and neither side truncated"",""status"":""complete"",""truncated_pair_n"":35,""unavailable_n"":0}"
d93ed5de9d4401cb3345c7bd,counterfact,v0_stable,0,104,1000,near_miss_bounded,"{""evaluated_value"":1.0,""numerator"":100.0,""planned"":100,""scored"":100,""status"":""complete"",""status_counts"":{""ok"":100},""value"":1.0}"
d93ed5de9d4401cb3345c7bd,counterfact,v0_stable,0,104,1000,near_miss_terminated,"{""evaluated_value"":0.65,""numerator"":65.0,""planned"":100,""scored"":100,""status"":""complete"",""status_counts"":{""ok"":100},""value"":0.65}"
d93ed5de9d4401cb3345c7bd,counterfact,v0_stable,0,104,1000,revision_latest,"{""evaluated_value"":0.0,""numerator"":0.0,""planned"":50,""scored"":50,""status"":""complete"",""status_counts"":{""ok"":50},""value"":0.0}"
d93ed5de9d4401cb3345c7bd,counterfact,v0_stable,0,104,1000,revision_semantic,"{""evaluated_value"":null,""numerator"":0.0,""planned"":50,""scored"":0,""status"":""incomplete"",""status_counts"":{""ok"":50},""value"":null}"
d93ed5de9d4401cb3345c7bd,counterfact,v0_stable,0,104,1000,old_record_retired,"{""evaluated_value"":null,""numerator"":0.0,""planned"":50,""scored"":0,""status"":""incomplete"",""status_counts"":{""ok"":50},""value"":null}"
d93ed5de9d4401cb3345c7bd,counterfact,v0_stable,0,104,1000,new_record_active,"{""evaluated_value"":null,""numerator"":0.0,""planned"":50,""scored"":0,""status"":""incomplete"",""status_counts"":{""ok"":50},""value"":null}"
d93ed5de9d4401cb3345c7bd,counterfact,v0_stable,0,104,1000,drift,"{""planned_positions"":16256,""references"":{""capoff"":{""ES95_positive_nats"":0.0,""ES99_positive_nats"":0.0,""count_above_0_1_nats"":0,""definition"":""fractional empirical top1% mean of positive NLL harm; denominator .01*N"",""exceedances_nats"":{""0.01"":0,""0.1"":0,""1.0"":0},""max_positive_nats"":0.0,""maximum_position"":""w0:p1"",""mean_positive_nats"":0.0,""mean_signed_nats"":0.0,""zero_positive_n"":16256},""original"":{""ES95_positive_nats"":0.0,""ES99_positive_nats"":0.0,""count_above_0_1_nats"":0,""definition"":""fractional empirical top1% mean of positive NLL harm; denominator .01*N"",""exceedances_nats"":{""0.01"":0,""0.1"":0,""1.0"":0},""max_positive_nats"":0.0,""maximum_position"":""w0:p1"",""mean_positive_nats"":0.0,""mean_signed_nats"":0.0,""zero_positive_n"":16256}},""scored_positions"":16256,""source_sha256"":""2e67327e54b5fb83e765c2320affcf8cfc4fc30b3996eea06105c850609ee524"",""status"":""complete""}"
c2f9d3102987f746f4f31b8d,mquake,v0_stable,0,100,100,LS_terminated,"{""evaluated_value"":0.58,""numerator"":29.0,""planned"":50,""scored"":50,""status"":""complete"",""status_counts"":{""ok"":50},""value"":0.58}"
c2f9d3102987f746f4f31b8d,mquake,v0_stable,0,100,100,locality,"{""expected_n"":50,""preserved_fraction"":1.0,""preserved_n"":50,""preserved_terminated_fraction"":0.58,""preserved_terminated_n"":29,""primary_convention"":""DEC-053 bounded exact decoded-text equality, no normalization or termination requirement"",""query_truncated_n"":21,""reference_truncated_n"":21,""scored_n"":50,""secondary_convention"":""same decoded text and neither side truncated"",""status"":""complete"",""truncated_pair_n"":21,""unavailable_n"":0}"
c2f9d3102987f746f4f31b8d,mquake,v0_stable,0,100,100,unseen_false_fire,"{""evaluated_value"":null,""numerator"":0.0,""planned"":100,""scored"":0,""status"":""incomplete"",""status_counts"":{""ok"":100},""value"":null,""wilson_evaluated"":null,""wilson_full_inventory"":null}"
c2f9d3102987f746f4f31b8d,mquake,v0_stable,0,100,100,unseen_answer_changed,"{""evaluated_value"":0.0,""numerator"":0.0,""planned"":100,""scored"":100,""status"":""complete"",""status_counts"":{""ok"":100},""value"":0.0}"
c2f9d3102987f746f4f31b8d,mquake,v0_stable,0,100,300,LS_terminated,"{""evaluated_value"":0.58,""numerator"":29.0,""planned"":50,""scored"":50,""status"":""complete"",""status_counts"":{""ok"":50},""value"":0.58}"
c2f9d3102987f746f4f31b8d,mquake,v0_stable,0,100,300,locality,"{""expected_n"":50,""preserved_fraction"":1.0,""preserved_n"":50,""preserved_terminated_fraction"":0.58,""preserved_terminated_n"":29,""primary_convention"":""DEC-053 bounded exact decoded-text equality, no normalization or termination requirement"",""query_truncated_n"":21,""reference_truncated_n"":21,""scored_n"":50,""secondary_convention"":""same decoded text and neither side truncated"",""status"":""complete"",""truncated_pair_n"":21,""unavailable_n"":0}"
c2f9d3102987f746f4f31b8d,mquake,v0_stable,0,100,300,unseen_false_fire,"{""evaluated_value"":null,""numerator"":0.0,""planned"":100,""scored"":0,""status"":""incomplete"",""status_counts"":{""ok"":100},""value"":null,""wilson_evaluated"":null,""wilson_full_inventory"":null}"
c2f9d3102987f746f4f31b8d,mquake,v0_stable,0,100,300,unseen_answer_changed,"{""evaluated_value"":0.0,""numerator"":0.0,""planned"":100,""scored"":100,""status"":""complete"",""status_counts"":{""ok"":100},""value"":0.0}"
c2f9d3102987f746f4f31b8d,mquake,v0_stable,0,100,300,near_miss,"{""expected_n"":100,""preserved_fraction"":1.0,""preserved_n"":100,""preserved_terminated_fraction"":0.52,""preserved_terminated_n"":52,""primary_convention"":""DEC-053 bounded exact decoded-text equality, no normalization or termination requirement"",""query_truncated_n"":48,""reference_truncated_n"":48,""scored_n"":100,""secondary_convention"":""same decoded text and neither side truncated"",""status"":""complete"",""truncated_pair_n"":48,""unavailable_n"":0}"
c2f9d3102987f746f4f31b8d,mquake,v0_stable,0,100,300,near_miss_bounded,"{""evaluated_value"":1.0,""numerator"":100.0,""planned"":100,""scored"":100,""status"":""complete"",""status_counts"":{""ok"":100},""value"":1.0}"
c2f9d3102987f746f4f31b8d,mquake,v0_stable,0,100,300,near_miss_terminated,"{""evaluated_value"":0.52,""numerator"":52.0,""planned"":100,""scored"":100,""status"":""complete"",""status_counts"":{""ok"":100},""value"":0.52}"
c2f9d3102987f746f4f31b8d,mquake,v0_stable,0,100,300,revision_latest,"{""evaluated_value"":0.02,""numerator"":1.0,""planned"":50,""scored"":50,""status"":""complete"",""status_counts"":{""ok"":50},""value"":0.02}"
c2f9d3102987f746f4f31b8d,mquake,v0_stable,0,100,300,revision_semantic,"{""evaluated_value"":null,""numerator"":0.0,""planned"":50,""scored"":0,""status"":""incomplete"",""status_counts"":{""ok"":50},""value"":null}"
c2f9d3102987f746f4f31b8d,mquake,v0_stable,0,100,300,old_record_retired,"{""evaluated_value"":null,""numerator"":0.0,""planned"":50,""scored"":0,""status"":""incomplete"",""status_counts"":{""ok"":50},""value"":null}"
c2f9d3102987f746f4f31b8d,mquake,v0_stable,0,100,300,new_record_active,"{""evaluated_value"":null,""numerator"":0.0,""planned"":50,""scored"":0,""status"":""incomplete"",""status_counts"":{""ok"":50},""value"":null}"
c2f9d3102987f746f4f31b8d,mquake,v0_stable,0,100,300,drift,"{""planned_positions"":16256,""references"":{""capoff"":{""ES95_positive_nats"":0.0,""ES99_positive_nats"":0.0,""count_above_0_1_nats"":0,""definition"":""fractional empirical top1% mean of positive NLL harm; denominator .01*N"",""exceedances_nats"":{""0.01"":0,""0.1"":0,""1.0"":0},""max_positive_nats"":0.0,""maximum_position"":""w0:p1"",""mean_positive_nats"":0.0,""mean_signed_nats"":0.0,""zero_positive_n"":16256},""original"":{""ES95_positive_nats"":0.0,""ES99_positive_nats"":0.0,""count_above_0_1_nats"":0,""definition"":""fractional empirical top1% mean of positive NLL harm; denominator .01*N"",""exceedances_nats"":{""0.01"":0,""0.1"":0,""1.0"":0},""max_positive_nats"":0.0,""maximum_position"":""w0:p1"",""mean_positive_nats"":0.0,""mean_signed_nats"":0.0,""zero_positive_n"":16256}},""scored_positions"":16256,""source_sha256"":""2e67327e54b5fb83e765c2320affcf8cfc4fc30b3996eea06105c850609ee524"",""status"":""complete""}"
a23ae9063b37c21cfe657d47,mquake,v0_stable,0,101,100,LS_terminated,"{""evaluated_value"":0.58,""numerator"":29.0,""planned"":50,""scored"":50,""status"":""complete"",""status_counts"":{""ok"":50},""value"":0.58}"
a23ae9063b37c21cfe657d47,mquake,v0_stable,0,101,100,locality,"{""expected_n"":50,""preserved_fraction"":1.0,""preserved_n"":50,""preserved_terminated_fraction"":0.58,""preserved_terminated_n"":29,""primary_convention"":""DEC-053 bounded exact decoded-text equality, no normalization or termination requirement"",""query_truncated_n"":21,""reference_truncated_n"":21,""scored_n"":50,""secondary_convention"":""same decoded text and neither side truncated"",""status"":""complete"",""truncated_pair_n"":21,""unavailable_n"":0}"
a23ae9063b37c21cfe657d47,mquake,v0_stable,0,101,100,unseen_false_fire,"{""evaluated_value"":null,""numerator"":0.0,""planned"":100,""scored"":0,""status"":""incomplete"",""status_counts"":{""ok"":100},""value"":null,""wilson_evaluated"":null,""wilson_full_inventory"":null}"
a23ae9063b37c21cfe657d47,mquake,v0_stable,0,101,100,unseen_answer_changed,"{""evaluated_value"":0.0,""numerator"":0.0,""planned"":100,""scored"":100,""status"":""complete"",""status_counts"":{""ok"":100},""value"":0.0}"
a23ae9063b37c21cfe657d47,mquake,v0_stable,0,101,300,LS_terminated,"{""evaluated_value"":0.58,""numerator"":29.0,""planned"":50,""scored"":50,""status"":""complete"",""status_counts"":{""ok"":50},""value"":0.58}"
a23ae9063b37c21cfe657d47,mquake,v0_stable,0,101,300,locality,"{""expected_n"":50,""preserved_fraction"":1.0,""preserved_n"":50,""preserved_terminated_fraction"":0.58,""preserved_terminated_n"":29,""primary_convention"":""DEC-053 bounded exact decoded-text equality, no normalization or termination requirement"",""query_truncated_n"":21,""reference_truncated_n"":21,""scored_n"":50,""secondary_convention"":""same decoded text and neither side truncated"",""status"":""complete"",""truncated_pair_n"":21,""unavailable_n"":0}"
a23ae9063b37c21cfe657d47,mquake,v0_stable,0,101,300,unseen_false_fire,"{""evaluated_value"":null,""numerator"":0.0,""planned"":100,""scored"":0,""status"":""incomplete"",""status_counts"":{""ok"":100},""value"":null,""wilson_evaluated"":null,""wilson_full_inventory"":null}"
a23ae9063b37c21cfe657d47,mquake,v0_stable,0,101,300,unseen_answer_changed,"{""evaluated_value"":0.0,""numerator"":0.0,""planned"":100,""scored"":100,""status"":""complete"",""status_counts"":{""ok"":100},""value"":0.0}"
a23ae9063b37c21cfe657d47,mquake,v0_stable,0,101,300,near_miss,"{""expected_n"":100,""preserved_fraction"":1.0,""preserved_n"":100,""preserved_terminated_fraction"":0.52,""preserved_terminated_n"":52,""primary_convention"":""DEC-053 bounded exact decoded-text equality, no normalization or termination requirement"",""query_truncated_n"":48,""reference_truncated_n"":48,""scored_n"":100,""secondary_convention"":""same decoded text and neither side truncated"",""status"":""complete"",""truncated_pair_n"":48,""unavailable_n"":0}"
a23ae9063b37c21cfe657d47,mquake,v0_stable,0,101,300,near_miss_bounded,"{""evaluated_value"":1.0,""numerator"":100.0,""planned"":100,""scored"":100,""status"":""complete"",""status_counts"":{""ok"":100},""value"":1.0}"
a23ae9063b37c21cfe657d47,mquake,v0_stable,0,101,300,near_miss_terminated,"{""evaluated_value"":0.52,""numerator"":52.0,""planned"":100,""scored"":100,""status"":""complete"",""status_counts"":{""ok"":100},""value"":0.52}"
a23ae9063b37c21cfe657d47,mquake,v0_stable,0,101,300,revision_latest,"{""evaluated_value"":0.02,""numerator"":1.0,""planned"":50,""scored"":50,""status"":""complete"",""status_counts"":{""ok"":50},""value"":0.02}"
a23ae9063b37c21cfe657d47,mquake,v0_stable,0,101,300,revision_semantic,"{""evaluated_value"":null,""numerator"":0.0,""planned"":50,""scored"":0,""status"":""incomplete"",""status_counts"":{""ok"":50},""value"":null}"
a23ae9063b37c21cfe657d47,mquake,v0_stable,0,101,300,old_record_retired,"{""evaluated_value"":null,""numerator"":0.0,""planned"":50,""scored"":0,""status"":""incomplete"",""status_counts"":{""ok"":50},""value"":null}"
a23ae9063b37c21cfe657d47,mquake,v0_stable,0,101,300,new_record_active,"{""evaluated_value"":null,""numerator"":0.0,""planned"":50,""scored"":0,""status"":""incomplete"",""status_counts"":{""ok"":50},""value"":null}"
a23ae9063b37c21cfe657d47,mquake,v0_stable,0,101,300,drift,"{""planned_positions"":16256,""references"":{""capoff"":{""ES95_positive_nats"":0.0,""ES99_positive_nats"":0.0,""count_above_0_1_nats"":0,""definition"":""fractional empirical top1% mean of positive NLL harm; denominator .01*N"",""exceedances_nats"":{""0.01"":0,""0.1"":0,""1.0"":0},""max_positive_nats"":0.0,""maximum_position"":""w0:p1"",""mean_positive_nats"":0.0,""mean_signed_nats"":0.0,""zero_positive_n"":16256},""original"":{""ES95_positive_nats"":0.0,""ES99_positive_nats"":0.0,""count_above_0_1_nats"":0,""definition"":""fractional empirical top1% mean of positive NLL harm; denominator .01*N"",""exceedances_nats"":{""0.01"":0,""0.1"":0,""1.0"":0},""max_positive_nats"":0.0,""maximum_position"":""w0:p1"",""mean_positive_nats"":0.0,""mean_signed_nats"":0.0,""zero_positive_n"":16256}},""scored_positions"":16256,""source_sha256"":""2e67327e54b5fb83e765c2320affcf8cfc4fc30b3996eea06105c850609ee524"",""status"":""complete""}"
5a6f61e06de0bca53b4a7377,mquake,v0_stable,0,102,100,LS_terminated,"{""evaluated_value"":0.58,""numerator"":29.0,""planned"":50,""scored"":50,""status"":""complete"",""status_counts"":{""ok"":50},""value"":0.58}"
5a6f61e06de0bca53b4a7377,mquake,v0_stable,0,102,100,locality,"{""expected_n"":50,""preserved_fraction"":1.0,""preserved_n"":50,""preserved_terminated_fraction"":0.58,""preserved_terminated_n"":29,""primary_convention"":""DEC-053 bounded exact decoded-text equality, no normalization or termination requirement"",""query_truncated_n"":21,""reference_truncated_n"":21,""scored_n"":50,""secondary_convention"":""same decoded text and neither side truncated"",""status"":""complete"",""truncated_pair_n"":21,""unavailable_n"":0}"
5a6f61e06de0bca53b4a7377,mquake,v0_stable,0,102,100,unseen_false_fire,"{""evaluated_value"":null,""numerator"":0.0,""planned"":100,""scored"":0,""status"":""incomplete"",""status_counts"":{""ok"":100},""value"":null,""wilson_evaluated"":null,""wilson_full_inventory"":null}"
5a6f61e06de0bca53b4a7377,mquake,v0_stable,0,102,100,unseen_answer_changed,"{""evaluated_value"":0.0,""numerator"":0.0,""planned"":100,""scored"":100,""status"":""complete"",""status_counts"":{""ok"":100},""value"":0.0}"
5a6f61e06de0bca53b4a7377,mquake,v0_stable,0,102,300,LS_terminated,"{""evaluated_value"":0.58,""numerator"":29.0,""planned"":50,""scored"":50,""status"":""complete"",""status_counts"":{""ok"":50},""value"":0.58}"
5a6f61e06de0bca53b4a7377,mquake,v0_stable,0,102,300,locality,"{""expected_n"":50,""preserved_fraction"":1.0,""preserved_n"":50,""preserved_terminated_fraction"":0.58,""preserved_terminated_n"":29,""primary_convention"":""DEC-053 bounded exact decoded-text equality, no normalization or termination requirement"",""query_truncated_n"":21,""reference_truncated_n"":21,""scored_n"":50,""secondary_convention"":""same decoded text and neither side truncated"",""status"":""complete"",""truncated_pair_n"":21,""unavailable_n"":0}"
5a6f61e06de0bca53b4a7377,mquake,v0_stable,0,102,300,unseen_false_fire,"{""evaluated_value"":null,""numerator"":0.0,""planned"":100,""scored"":0,""status"":""incomplete"",""status_counts"":{""ok"":100},""value"":null,""wilson_evaluated"":null,""wilson_full_inventory"":null}"
5a6f61e06de0bca53b4a7377,mquake,v0_stable,0,102,300,unseen_answer_changed,"{""evaluated_value"":0.0,""numerator"":0.0,""planned"":100,""scored"":100,""status"":""complete"",""status_counts"":{""ok"":100},""value"":0.0}"
5a6f61e06de0bca53b4a7377,mquake,v0_stable,0,102,300,near_miss,"{""expected_n"":100,""preserved_fraction"":1.0,""preserved_n"":100,""preserved_terminated_fraction"":0.52,""preserved_terminated_n"":52,""primary_convention"":""DEC-053 bounded exact decoded-text equality, no normalization or termination requirement"",""query_truncated_n"":48,""reference_truncated_n"":48,""scored_n"":100,""secondary_convention"":""same decoded text and neither side truncated"",""status"":""complete"",""truncated_pair_n"":48,""unavailable_n"":0}"
5a6f61e06de0bca53b4a7377,mquake,v0_stable,0,102,300,near_miss_bounded,"{""evaluated_value"":1.0,""numerator"":100.0,""planned"":100,""scored"":100,""status"":""complete"",""status_counts"":{""ok"":100},""value"":1.0}"
5a6f61e06de0bca53b4a7377,mquake,v0_stable,0,102,300,near_miss_terminated,"{""evaluated_value"":0.52,""numerator"":52.0,""planned"":100,""scored"":100,""status"":""complete"",""status_counts"":{""ok"":100},""value"":0.52}"
5a6f61e06de0bca53b4a7377,mquake,v0_stable,0,102,300,revision_latest,"{""evaluated_value"":0.02,""numerator"":1.0,""planned"":50,""scored"":50,""status"":""complete"",""status_counts"":{""ok"":50},""value"":0.02}"
5a6f61e06de0bca53b4a7377,mquake,v0_stable,0,102,300,revision_semantic,"{""evaluated_value"":null,""numerator"":0.0,""planned"":50,""scored"":0,""status"":""incomplete"",""status_counts"":{""ok"":50},""value"":null}"
5a6f61e06de0bca53b4a7377,mquake,v0_stable,0,102,300,old_record_retired,"{""evaluated_value"":null,""numerator"":0.0,""planned"":50,""scored"":0,""status"":""incomplete"",""status_counts"":{""ok"":50},""value"":null}"
5a6f61e06de0bca53b4a7377,mquake,v0_stable,0,102,300,new_record_active,"{""evaluated_value"":null,""numerator"":0.0,""planned"":50,""scored"":0,""status"":""incomplete"",""status_counts"":{""ok"":50},""value"":null}"
5a6f61e06de0bca53b4a7377,mquake,v0_stable,0,102,300,drift,"{""planned_positions"":16256,""references"":{""capoff"":{""ES95_positive_nats"":0.0,""ES99_positive_nats"":0.0,""count_above_0_1_nats"":0,""definition"":""fractional empirical top1% mean of positive NLL harm; denominator .01*N"",""exceedances_nats"":{""0.01"":0,""0.1"":0,""1.0"":0},""max_positive_nats"":0.0,""maximum_position"":""w0:p1"",""mean_positive_nats"":0.0,""mean_signed_nats"":0.0,""zero_positive_n"":16256},""original"":{""ES95_positive_nats"":0.0,""ES99_positive_nats"":0.0,""count_above_0_1_nats"":0,""definition"":""fractional empirical top1% mean of positive NLL harm; denominator .01*N"",""exceedances_nats"":{""0.01"":0,""0.1"":0,""1.0"":0},""max_positive_nats"":0.0,""maximum_position"":""w0:p1"",""mean_positive_nats"":0.0,""mean_signed_nats"":0.0,""zero_positive_n"":16256}},""scored_positions"":16256,""source_sha256"":""2e67327e54b5fb83e765c2320affcf8cfc4fc30b3996eea06105c850609ee524"",""status"":""complete""}"
03426d6e61fb6b41145c5d8e,mquake,v0_stable,0,103,100,LS_terminated,"{""evaluated_value"":0.58,""numerator"":29.0,""planned"":50,""scored"":50,""status"":""complete"",""status_counts"":{""ok"":50},""value"":0.58}"
03426d6e61fb6b41145c5d8e,mquake,v0_stable,0,103,100,locality,"{""expected_n"":50,""preserved_fraction"":1.0,""preserved_n"":50,""preserved_terminated_fraction"":0.58,""preserved_terminated_n"":29,""primary_convention"":""DEC-053 bounded exact decoded-text equality, no normalization or termination requirement"",""query_truncated_n"":21,""reference_truncated_n"":21,""scored_n"":50,""secondary_convention"":""same decoded text and neither side truncated"",""status"":""complete"",""truncated_pair_n"":21,""unavailable_n"":0}"
03426d6e61fb6b41145c5d8e,mquake,v0_stable,0,103,100,unseen_false_fire,"{""evaluated_value"":null,""numerator"":0.0,""planned"":100,""scored"":0,""status"":""incomplete"",""status_counts"":{""ok"":100},""value"":null,""wilson_evaluated"":null,""wilson_full_inventory"":null}"
03426d6e61fb6b41145c5d8e,mquake,v0_stable,0,103,100,unseen_answer_changed,"{""evaluated_value"":0.0,""numerator"":0.0,""planned"":100,""scored"":100,""status"":""complete"",""status_counts"":{""ok"":100},""value"":0.0}"
03426d6e61fb6b41145c5d8e,mquake,v0_stable,0,103,300,LS_terminated,"{""evaluated_value"":0.58,""numerator"":29.0,""planned"":50,""scored"":50,""status"":""complete"",""status_counts"":{""ok"":50},""value"":0.58}"
03426d6e61fb6b41145c5d8e,mquake,v0_stable,0,103,300,locality,"{""expected_n"":50,""preserved_fraction"":1.0,""preserved_n"":50,""preserved_terminated_fraction"":0.58,""preserved_terminated_n"":29,""primary_convention"":""DEC-053 bounded exact decoded-text equality, no normalization or termination requirement"",""query_truncated_n"":21,""reference_truncated_n"":21,""scored_n"":50,""secondary_convention"":""same decoded text and neither side truncated"",""status"":""complete"",""truncated_pair_n"":21,""unavailable_n"":0}"
03426d6e61fb6b41145c5d8e,mquake,v0_stable,0,103,300,unseen_false_fire,"{""evaluated_value"":null,""numerator"":0.0,""planned"":100,""scored"":0,""status"":""incomplete"",""status_counts"":{""ok"":100},""value"":null,""wilson_evaluated"":null,""wilson_full_inventory"":null}"
03426d6e61fb6b41145c5d8e,mquake,v0_stable,0,103,300,unseen_answer_changed,"{""evaluated_value"":0.0,""numerator"":0.0,""planned"":100,""scored"":100,""status"":""complete"",""status_counts"":{""ok"":100},""value"":0.0}"
03426d6e61fb6b41145c5d8e,mquake,v0_stable,0,103,300,near_miss,"{""expected_n"":100,""preserved_fraction"":1.0,""preserved_n"":100,""preserved_terminated_fraction"":0.52,""preserved_terminated_n"":52,""primary_convention"":""DEC-053 bounded exact decoded-text equality, no normalization or termination requirement"",""query_truncated_n"":48,""reference_truncated_n"":48,""scored_n"":100,""secondary_convention"":""same decoded text and neither side truncated"",""status"":""complete"",""truncated_pair_n"":48,""unavailable_n"":0}"
03426d6e61fb6b41145c5d8e,mquake,v0_stable,0,103,300,near_miss_bounded,"{""evaluated_value"":1.0,""numerator"":100.0,""planned"":100,""scored"":100,""status"":""complete"",""status_counts"":{""ok"":100},""value"":1.0}"
03426d6e61fb6b41145c5d8e,mquake,v0_stable,0,103,300,near_miss_terminated,"{""evaluated_value"":0.52,""numerator"":52.0,""planned"":100,""scored"":100,""status"":""complete"",""status_counts"":{""ok"":100},""value"":0.52}"
03426d6e61fb6b41145c5d8e,mquake,v0_stable,0,103,300,revision_latest,"{""evaluated_value"":0.02,""numerator"":1.0,""planned"":50,""scored"":50,""status"":""complete"",""status_counts"":{""ok"":50},""value"":0.02}"
03426d6e61fb6b41145c5d8e,mquake,v0_stable,0,103,300,revision_semantic,"{""evaluated_value"":null,""numerator"":0.0,""planned"":50,""scored"":0,""status"":""incomplete"",""status_counts"":{""ok"":50},""value"":null}"
03426d6e61fb6b41145c5d8e,mquake,v0_stable,0,103,300,old_record_retired,"{""evaluated_value"":null,""numerator"":0.0,""planned"":50,""scored"":0,""status"":""incomplete"",""status_counts"":{""ok"":50},""value"":null}"
03426d6e61fb6b41145c5d8e,mquake,v0_stable,0,103,300,new_record_active,"{""evaluated_value"":null,""numerator"":0.0,""planned"":50,""scored"":0,""status"":""incomplete"",""status_counts"":{""ok"":50},""value"":null}"
03426d6e61fb6b41145c5d8e,mquake,v0_stable,0,103,300,drift,"{""planned_positions"":16256,""references"":{""capoff"":{""ES95_positive_nats"":0.0,""ES99_positive_nats"":0.0,""count_above_0_1_nats"":0,""definition"":""fractional empirical top1% mean of positive NLL harm; denominator .01*N"",""exceedances_nats"":{""0.01"":0,""0.1"":0,""1.0"":0},""max_positive_nats"":0.0,""maximum_position"":""w0:p1"",""mean_positive_nats"":0.0,""mean_signed_nats"":0.0,""zero_positive_n"":16256},""original"":{""ES95_positive_nats"":0.0,""ES99_positive_nats"":0.0,""count_above_0_1_nats"":0,""definition"":""fractional empirical top1% mean of positive NLL harm; denominator .01*N"",""exceedances_nats"":{""0.01"":0,""0.1"":0,""1.0"":0},""max_positive_nats"":0.0,""maximum_position"":""w0:p1"",""mean_positive_nats"":0.0,""mean_signed_nats"":0.0,""zero_positive_n"":16256}},""scored_positions"":16256,""source_sha256"":""2e67327e54b5fb83e765c2320affcf8cfc4fc30b3996eea06105c850609ee524"",""status"":""complete""}"
19f5d8535235334ffe1595e8,mquake,v0_stable,0,104,100,LS_terminated,"{""evaluated_value"":0.58,""numerator"":29.0,""planned"":50,""scored"":50,""status"":""complete"",""status_counts"":{""ok"":50},""value"":0.58}"
19f5d8535235334ffe1595e8,mquake,v0_stable,0,104,100,locality,"{""expected_n"":50,""preserved_fraction"":1.0,""preserved_n"":50,""preserved_terminated_fraction"":0.58,""preserved_terminated_n"":29,""primary_convention"":""DEC-053 bounded exact decoded-text equality, no normalization or termination requirement"",""query_truncated_n"":21,""reference_truncated_n"":21,""scored_n"":50,""secondary_convention"":""same decoded text and neither side truncated"",""status"":""complete"",""truncated_pair_n"":21,""unavailable_n"":0}"
19f5d8535235334ffe1595e8,mquake,v0_stable,0,104,100,unseen_false_fire,"{""evaluated_value"":null,""numerator"":0.0,""planned"":100,""scored"":0,""status"":""incomplete"",""status_counts"":{""ok"":100},""value"":null,""wilson_evaluated"":null,""wilson_full_inventory"":null}"
19f5d8535235334ffe1595e8,mquake,v0_stable,0,104,100,unseen_answer_changed,"{""evaluated_value"":0.0,""numerator"":0.0,""planned"":100,""scored"":100,""status"":""complete"",""status_counts"":{""ok"":100},""value"":0.0}"
19f5d8535235334ffe1595e8,mquake,v0_stable,0,104,300,LS_terminated,"{""evaluated_value"":0.58,""numerator"":29.0,""planned"":50,""scored"":50,""status"":""complete"",""status_counts"":{""ok"":50},""value"":0.58}"
19f5d8535235334ffe1595e8,mquake,v0_stable,0,104,300,locality,"{""expected_n"":50,""preserved_fraction"":1.0,""preserved_n"":50,""preserved_terminated_fraction"":0.58,""preserved_terminated_n"":29,""primary_convention"":""DEC-053 bounded exact decoded-text equality, no normalization or termination requirement"",""query_truncated_n"":21,""reference_truncated_n"":21,""scored_n"":50,""secondary_convention"":""same decoded text and neither side truncated"",""status"":""complete"",""truncated_pair_n"":21,""unavailable_n"":0}"
19f5d8535235334ffe1595e8,mquake,v0_stable,0,104,300,unseen_false_fire,"{""evaluated_value"":null,""numerator"":0.0,""planned"":100,""scored"":0,""status"":""incomplete"",""status_counts"":{""ok"":100},""value"":null,""wilson_evaluated"":null,""wilson_full_inventory"":null}"
19f5d8535235334ffe1595e8,mquake,v0_stable,0,104,300,unseen_answer_changed,"{""evaluated_value"":0.0,""numerator"":0.0,""planned"":100,""scored"":100,""status"":""complete"",""status_counts"":{""ok"":100},""value"":0.0}"
19f5d8535235334ffe1595e8,mquake,v0_stable,0,104,300,near_miss,"{""expected_n"":100,""preserved_fraction"":1.0,""preserved_n"":100,""preserved_terminated_fraction"":0.52,""preserved_terminated_n"":52,""primary_convention"":""DEC-053 bounded exact decoded-text equality, no normalization or termination requirement"",""query_truncated_n"":48,""reference_truncated_n"":48,""scored_n"":100,""secondary_convention"":""same decoded text and neither side truncated"",""status"":""complete"",""truncated_pair_n"":48,""unavailable_n"":0}"
19f5d8535235334ffe1595e8,mquake,v0_stable,0,104,300,near_miss_bounded,"{""evaluated_value"":1.0,""numerator"":100.0,""planned"":100,""scored"":100,""status"":""complete"",""status_counts"":{""ok"":100},""value"":1.0}"
19f5d8535235334ffe1595e8,mquake,v0_stable,0,104,300,near_miss_terminated,"{""evaluated_value"":0.52,""numerator"":52.0,""planned"":100,""scored"":100,""status"":""complete"",""status_counts"":{""ok"":100},""value"":0.52}"
19f5d8535235334ffe1595e8,mquake,v0_stable,0,104,300,revision_latest,"{""evaluated_value"":0.02,""numerator"":1.0,""planned"":50,""scored"":50,""status"":""complete"",""status_counts"":{""ok"":50},""value"":0.02}"
19f5d8535235334ffe1595e8,mquake,v0_stable,0,104,300,revision_semantic,"{""evaluated_value"":null,""numerator"":0.0,""planned"":50,""scored"":0,""status"":""incomplete"",""status_counts"":{""ok"":50},""value"":null}"
19f5d8535235334ffe1595e8,mquake,v0_stable,0,104,300,old_record_retired,"{""evaluated_value"":null,""numerator"":0.0,""planned"":50,""scored"":0,""status"":""incomplete"",""status_counts"":{""ok"":50},""value"":null}"
19f5d8535235334ffe1595e8,mquake,v0_stable,0,104,300,new_record_active,"{""evaluated_value"":null,""numerator"":0.0,""planned"":50,""scored"":0,""status"":""incomplete"",""status_counts"":{""ok"":50},""value"":null}"
19f5d8535235334ffe1595e8,mquake,v0_stable,0,104,300,drift,"{""planned_positions"":16256,""references"":{""capoff"":{""ES95_positive_nats"":0.0,""ES99_positive_nats"":0.0,""count_above_0_1_nats"":0,""definition"":""fractional empirical top1% mean of positive NLL harm; denominator .01*N"",""exceedances_nats"":{""0.01"":0,""0.1"":0,""1.0"":0},""max_positive_nats"":0.0,""maximum_position"":""w0:p1"",""mean_positive_nats"":0.0,""mean_signed_nats"":0.0,""zero_positive_n"":16256},""original"":{""ES95_positive_nats"":0.0,""ES99_positive_nats"":0.0,""count_above_0_1_nats"":0,""definition"":""fractional empirical top1% mean of positive NLL harm; denominator .01*N"",""exceedances_nats"":{""0.01"":0,""0.1"":0,""1.0"":0},""max_positive_nats"":0.0,""maximum_position"":""w0:p1"",""mean_positive_nats"":0.0,""mean_signed_nats"":0.0,""zero_positive_n"":16256}},""scored_positions"":16256,""source_sha256"":""2e67327e54b5fb83e765c2320affcf8cfc4fc30b3996eea06105c850609ee524"",""status"":""complete""}"
6b089d284c00a4418a1d3af4,zsre,R1_learned_ff,1,100,100,LS_terminated,"{""evaluated_value"":0.96,""numerator"":48.0,""planned"":50,""scored"":50,""status"":""complete"",""status_counts"":{""ok"":50},""value"":0.96}"
6b089d284c00a4418a1d3af4,zsre,R1_learned_ff,1,100,100,locality,"{""expected_n"":50,""preserved_fraction"":1.0,""preserved_n"":50,""preserved_terminated_fraction"":0.96,""preserved_terminated_n"":48,""primary_convention"":""DEC-053 bounded exact decoded-text equality, no normalization or termination requirement"",""query_truncated_n"":2,""reference_truncated_n"":2,""scored_n"":50,""secondary_convention"":""same decoded text and neither side truncated"",""status"":""complete"",""truncated_pair_n"":2,""unavailable_n"":0}"
6b089d284c00a4418a1d3af4,zsre,R1_learned_ff,1,100,100,unseen_false_fire,"{""evaluated_value"":0.12,""numerator"":12.0,""planned"":100,""scored"":100,""status"":""complete"",""status_counts"":{""ok"":100},""value"":0.12,""wilson_evaluated"":{""confidence"":0.95,""interpretation"":""descriptive binomial reference; fixed development data/selection and dependent prompts limit population inference"",""lower"":0.06999406437019488,""upper"":0.19812099426711421},""wilson_full_inventory"":{""confidence"":0.95,""interpretation"":""descriptive binomial reference; fixed development data/selection and dependent prompts limit population inference"",""lower"":0.06999406437019488,""upper"":0.19812099426711421}}"
6b089d284c00a4418a1d3af4,zsre,R1_learned_ff,1,100,100,unseen_answer_changed,"{""evaluated_value"":0.12,""numerator"":12.0,""planned"":100,""scored"":100,""status"":""complete"",""status_counts"":{""ok"":100},""value"":0.12}"
6b089d284c00a4418a1d3af4,zsre,R1_learned_ff,1,100,300,LS_terminated,"{""evaluated_value"":0.96,""numerator"":48.0,""planned"":50,""scored"":50,""status"":""complete"",""status_counts"":{""ok"":50},""value"":0.96}"
6b089d284c00a4418a1d3af4,zsre,R1_learned_ff,1,100,300,locality,"{""expected_n"":50,""preserved_fraction"":1.0,""preserved_n"":50,""preserved_terminated_fraction"":0.96,""preserved_terminated_n"":48,""primary_convention"":""DEC-053 bounded exact decoded-text equality, no normalization or termination requirement"",""query_truncated_n"":2,""reference_truncated_n"":2,""scored_n"":50,""secondary_convention"":""same decoded text and neither side truncated"",""status"":""complete"",""truncated_pair_n"":2,""unavailable_n"":0}"
6b089d284c00a4418a1d3af4,zsre,R1_learned_ff,1,100,300,unseen_false_fire,"{""evaluated_value"":0.11,""numerator"":11.0,""planned"":100,""scored"":100,""status"":""complete"",""status_counts"":{""ok"":100},""value"":0.11,""wilson_evaluated"":{""confidence"":0.95,""interpretation"":""descriptive binomial reference; fixed development data/selection and dependent prompts limit population inference"",""lower"":0.06254196357064568,""upper"":0.18631296503080313},""wilson_full_inventory"":{""confidence"":0.95,""interpretation"":""descriptive binomial reference; fixed development data/selection and dependent prompts limit population inference"",""lower"":0.06254196357064568,""upper"":0.18631296503080313}}"
6b089d284c00a4418a1d3af4,zsre,R1_learned_ff,1,100,300,unseen_answer_changed,"{""evaluated_value"":0.11,""numerator"":11.0,""planned"":100,""scored"":100,""status"":""complete"",""status_counts"":{""ok"":100},""value"":0.11}"
6b089d284c00a4418a1d3af4,zsre,R1_learned_ff,1,100,1000,LS_terminated,"{""evaluated_value"":0.96,""numerator"":48.0,""planned"":50,""scored"":50,""status"":""complete"",""status_counts"":{""ok"":50},""value"":0.96}"
6b089d284c00a4418a1d3af4,zsre,R1_learned_ff,1,100,1000,locality,"{""expected_n"":50,""preserved_fraction"":1.0,""preserved_n"":50,""preserved_terminated_fraction"":0.96,""preserved_terminated_n"":48,""primary_convention"":""DEC-053 bounded exact decoded-text equality, no normalization or termination requirement"",""query_truncated_n"":2,""reference_truncated_n"":2,""scored_n"":50,""secondary_convention"":""same decoded text and neither side truncated"",""status"":""complete"",""truncated_pair_n"":2,""unavailable_n"":0}"
6b089d284c00a4418a1d3af4,zsre,R1_learned_ff,1,100,1000,unseen_false_fire,"{""evaluated_value"":0.13,""numerator"":13.0,""planned"":100,""scored"":100,""status"":""complete"",""status_counts"":{""ok"":100},""value"":0.13,""wilson_evaluated"":{""confidence"":0.95,""interpretation"":""descriptive binomial reference; fixed development data/selection and dependent prompts limit population inference"",""lower"":0.07757167427240512,""upper"":0.20980351440076428},""wilson_full_inventory"":{""confidence"":0.95,""interpretation"":""descriptive binomial reference; fixed development data/selection and dependent prompts limit population inference"",""lower"":0.07757167427240512,""upper"":0.20980351440076428}}"
6b089d284c00a4418a1d3af4,zsre,R1_learned_ff,1,100,1000,unseen_answer_changed,"{""evaluated_value"":0.13,""numerator"":13.0,""planned"":100,""scored"":100,""status"":""complete"",""status_counts"":{""ok"":100},""value"":0.13}"
6b089d284c00a4418a1d3af4,zsre,R1_learned_ff,1,100,1000,near_miss,"{""expected_n"":100,""preserved_fraction"":0.92,""preserved_n"":92,""preserved_terminated_fraction"":0.92,""preserved_terminated_n"":92,""primary_convention"":""DEC-053 bounded exact decoded-text equality, no normalization or termination requirement"",""query_truncated_n"":0,""reference_truncated_n"":0,""scored_n"":100,""secondary_convention"":""same decoded text and neither side truncated"",""status"":""complete"",""truncated_pair_n"":0,""unavailable_n"":0}"
6b089d284c00a4418a1d3af4,zsre,R1_learned_ff,1,100,1000,near_miss_bounded,"{""evaluated_value"":0.92,""numerator"":92.0,""planned"":100,""scored"":100,""status"":""complete"",""status_counts"":{""ok"":100},""value"":0.92}"
6b089d284c00a4418a1d3af4,zsre,R1_learned_ff,1,100,1000,near_miss_terminated,"{""evaluated_value"":0.92,""numerator"":92.0,""planned"":100,""scored"":100,""status"":""complete"",""status_counts"":{""ok"":100},""value"":0.92}"
6b089d284c00a4418a1d3af4,zsre,R1_learned_ff,1,100,1000,revision_latest,"{""evaluated_value"":0.98,""numerator"":49.0,""planned"":50,""scored"":50,""status"":""complete"",""status_counts"":{""ok"":50},""value"":0.98}"
6b089d284c00a4418a1d3af4,zsre,R1_learned_ff,1,100,1000,revision_semantic,"{""evaluated_value"":0.98,""numerator"":49.0,""planned"":50,""scored"":50,""status"":""complete"",""status_counts"":{""ok"":50},""value"":0.98}"
6b089d284c00a4418a1d3af4,zsre,R1_learned_ff,1,100,1000,old_record_retired,"{""evaluated_value"":1.0,""numerator"":50.0,""planned"":50,""scored"":50,""status"":""complete"",""status_counts"":{""ok"":50},""value"":1.0}"
6b089d284c00a4418a1d3af4,zsre,R1_learned_ff,1,100,1000,new_record_active,"{""evaluated_value"":1.0,""numerator"":50.0,""planned"":50,""scored"":50,""status"":""complete"",""status_counts"":{""ok"":50},""value"":1.0}"
6b089d284c00a4418a1d3af4,zsre,R1_learned_ff,1,100,1000,drift,"{""planned_positions"":16256,""references"":{""capoff"":{""ES95_positive_nats"":0.09504357787427528,""ES99_positive_nats"":0.47521788937137643,""count_above_0_1_nats"":45,""definition"":""fractional empirical top1% mean of positive NLL harm; denominator .01*N"",""exceedances_nats"":{""0.01"":46,""0.1"":45,""1.0"":23},""max_positive_nats"":8.233111024338235,""maximum_position"":""w104:p77"",""mean_positive_nats"":0.004752178893713764,""mean_signed_nats"":0.0045930384462544785,""zero_positive_n"":16208},""original"":{""ES95_positive_nats"":0.09504357787427528,""ES99_positive_nats"":0.47521788937137643,""count_above_0_1_nats"":45,""definition"":""fractional empirical top1% mean of positive NLL harm; denominator .01*N"",""exceedances_nats"":{""0.01"":46,""0.1"":45,""1.0"":23},""max_positive_nats"":8.233111024338235,""maximum_position"":""w104:p77"",""mean_positive_nats"":0.004752178893713764,""mean_signed_nats"":0.0045930384462544785,""zero_positive_n"":16208}},""scored_positions"":16256,""source_sha256"":""2e67327e54b5fb83e765c2320affcf8cfc4fc30b3996eea06105c850609ee524"",""status"":""complete""}"
47dac9d968ffe594faac0a14,zsre,R1_learned_ff,1,101,100,LS_terminated,"{""evaluated_value"":0.96,""numerator"":48.0,""planned"":50,""scored"":50,""status"":""complete"",""status_counts"":{""ok"":50},""value"":0.96}"
47dac9d968ffe594faac0a14,zsre,R1_learned_ff,1,101,100,locality,"{""expected_n"":50,""preserved_fraction"":1.0,""preserved_n"":50,""preserved_terminated_fraction"":0.96,""preserved_terminated_n"":48,""primary_convention"":""DEC-053 bounded exact decoded-text equality, no normalization or termination requirement"",""query_truncated_n"":2,""reference_truncated_n"":2,""scored_n"":50,""secondary_convention"":""same decoded text and neither side truncated"",""status"":""complete"",""truncated_pair_n"":2,""unavailable_n"":0}"
47dac9d968ffe594faac0a14,zsre,R1_learned_ff,1,101,100,unseen_false_fire,"{""evaluated_value"":0.08,""numerator"":8.0,""planned"":100,""scored"":100,""status"":""complete"",""status_counts"":{""ok"":100},""value"":0.08,""wilson_evaluated"":{""confidence"":0.95,""interpretation"":""descriptive binomial reference; fixed development data/selection and dependent prompts limit population inference"",""lower"":0.041093461484380624,""upper"":0.14998107700948735},""wilson_full_inventory"":{""confidence"":0.95,""interpretation"":""descriptive binomial reference; fixed development data/selection and dependent prompts limit population inference"",""lower"":0.041093461484380624,""upper"":0.14998107700948735}}"
47dac9d968ffe594faac0a14,zsre,R1_learned_ff,1,101,100,unseen_answer_changed,"{""evaluated_value"":0.08,""numerator"":8.0,""planned"":100,""scored"":100,""status"":""complete"",""status_counts"":{""ok"":100},""value"":0.08}"
47dac9d968ffe594faac0a14,zsre,R1_learned_ff,1,101,300,LS_terminated,"{""evaluated_value"":0.96,""numerator"":48.0,""planned"":50,""scored"":50,""status"":""complete"",""status_counts"":{""ok"":50},""value"":0.96}"
47dac9d968ffe594faac0a14,zsre,R1_learned_ff,1,101,300,locality,"{""expected_n"":50,""preserved_fraction"":1.0,""preserved_n"":50,""preserved_terminated_fraction"":0.96,""preserved_terminated_n"":48,""primary_convention"":""DEC-053 bounded exact decoded-text equality, no normalization or termination requirement"",""query_truncated_n"":2,""reference_truncated_n"":2,""scored_n"":50,""secondary_convention"":""same decoded text and neither side truncated"",""status"":""complete"",""truncated_pair_n"":2,""unavailable_n"":0}"
47dac9d968ffe594faac0a14,zsre,R1_learned_ff,1,101,300,unseen_false_fire,"{""evaluated_value"":0.09,""numerator"":9.0,""planned"":100,""scored"":100,""status"":""complete"",""status_counts"":{""ok"":100},""value"":0.09,""wilson_evaluated"":{""confidence"":0.95,""interpretation"":""descriptive binomial reference; fixed development data/selection and dependent prompts limit population inference"",""lower"":0.04807254000256516,""upper"":0.1622621285271631},""wilson_full_inventory"":{""confidence"":0.95,""interpretation"":""descriptive binomial reference; fixed development data/selection and dependent prompts limit population inference"",""lower"":0.04807254000256516,""upper"":0.1622621285271631}}"
47dac9d968ffe594faac0a14,zsre,R1_learned_ff,1,101,300,unseen_answer_changed,"{""evaluated_value"":0.09,""numerator"":9.0,""planned"":100,""scored"":100,""status"":""complete"",""status_counts"":{""ok"":100},""value"":0.09}"
47dac9d968ffe594faac0a14,zsre,R1_learned_ff,1,101,1000,LS_terminated,"{""evaluated_value"":0.96,""numerator"":48.0,""planned"":50,""scored"":50,""status"":""complete"",""status_counts"":{""ok"":50},""value"":0.96}"
47dac9d968ffe594faac0a14,zsre,R1_learned_ff,1,101,1000,locality,"{""expected_n"":50,""preserved_fraction"":1.0,""preserved_n"":50,""preserved_terminated_fraction"":0.96,""preserved_terminated_n"":48,""primary_convention"":""DEC-053 bounded exact decoded-text equality, no normalization or termination requirement"",""query_truncated_n"":2,""reference_truncated_n"":2,""scored_n"":50,""secondary_convention"":""same decoded text and neither side truncated"",""status"":""complete"",""truncated_pair_n"":2,""unavailable_n"":0}"
47dac9d968ffe594faac0a14,zsre,R1_learned_ff,1,101,1000,unseen_false_fire,"{""evaluated_value"":0.13,""numerator"":13.0,""planned"":100,""scored"":100,""status"":""complete"",""status_counts"":{""ok"":100},""value"":0.13,""wilson_evaluated"":{""confidence"":0.95,""interpretation"":""descriptive binomial reference; fixed development data/selection and dependent prompts limit population inference"",""lower"":0.07757167427240512,""upper"":0.20980351440076428},""wilson_full_inventory"":{""confidence"":0.95,""interpretation"":""descriptive binomial reference; fixed development data/selection and dependent prompts limit population inference"",""lower"":0.07757167427240512,""upper"":0.20980351440076428}}"
47dac9d968ffe594faac0a14,zsre,R1_learned_ff,1,101,1000,unseen_answer_changed,"{""evaluated_value"":0.13,""numerator"":13.0,""planned"":100,""scored"":100,""status"":""complete"",""status_counts"":{""ok"":100},""value"":0.13}"
47dac9d968ffe594faac0a14,zsre,R1_learned_ff,1,101,1000,near_miss,"{""expected_n"":100,""preserved_fraction"":0.92,""preserved_n"":92,""preserved_terminated_fraction"":0.92,""preserved_terminated_n"":92,""primary_convention"":""DEC-053 bounded exact decoded-text equality, no normalization or termination requirement"",""query_truncated_n"":0,""reference_truncated_n"":0,""scored_n"":100,""secondary_convention"":""same decoded text and neither side truncated"",""status"":""complete"",""truncated_pair_n"":0,""unavailable_n"":0}"
47dac9d968ffe594faac0a14,zsre,R1_learned_ff,1,101,1000,near_miss_bounded,"{""evaluated_value"":0.92,""numerator"":92.0,""planned"":100,""scored"":100,""status"":""complete"",""status_counts"":{""ok"":100},""value"":0.92}"
47dac9d968ffe594faac0a14,zsre,R1_learned_ff,1,101,1000,near_miss_terminated,"{""evaluated_value"":0.92,""numerator"":92.0,""planned"":100,""scored"":100,""status"":""complete"",""status_counts"":{""ok"":100},""value"":0.92}"
47dac9d968ffe594faac0a14,zsre,R1_learned_ff,1,101,1000,revision_latest,"{""evaluated_value"":0.98,""numerator"":49.0,""planned"":50,""scored"":50,""status"":""complete"",""status_counts"":{""ok"":50},""value"":0.98}"
47dac9d968ffe594faac0a14,zsre,R1_learned_ff,1,101,1000,revision_semantic,"{""evaluated_value"":0.98,""numerator"":49.0,""planned"":50,""scored"":50,""status"":""complete"",""status_counts"":{""ok"":50},""value"":0.98}"
47dac9d968ffe594faac0a14,zsre,R1_learned_ff,1,101,1000,old_record_retired,"{""evaluated_value"":1.0,""numerator"":50.0,""planned"":50,""scored"":50,""status"":""complete"",""status_counts"":{""ok"":50},""value"":1.0}"
47dac9d968ffe594faac0a14,zsre,R1_learned_ff,1,101,1000,new_record_active,"{""evaluated_value"":1.0,""numerator"":50.0,""planned"":50,""scored"":50,""status"":""complete"",""status_counts"":{""ok"":50},""value"":1.0}"
47dac9d968ffe594faac0a14,zsre,R1_learned_ff,1,101,1000,drift,"{""planned_positions"":16256,""references"":{""capoff"":{""ES95_positive_nats"":0.09504357787427528,""ES99_positive_nats"":0.47521788937137643,""count_above_0_1_nats"":45,""definition"":""fractional empirical top1% mean of positive NLL harm; denominator .01*N"",""exceedances_nats"":{""0.01"":46,""0.1"":45,""1.0"":23},""max_positive_nats"":8.233111024338235,""maximum_position"":""w104:p77"",""mean_positive_nats"":0.004752178893713764,""mean_signed_nats"":0.0045930384462544785,""zero_positive_n"":16208},""original"":{""ES95_positive_nats"":0.09504357787427528,""ES99_positive_nats"":0.47521788937137643,""count_above_0_1_nats"":45,""definition"":""fractional empirical top1% mean of positive NLL harm; denominator .01*N"",""exceedances_nats"":{""0.01"":46,""0.1"":45,""1.0"":23},""max_positive_nats"":8.233111024338235,""maximum_position"":""w104:p77"",""mean_positive_nats"":0.004752178893713764,""mean_signed_nats"":0.0045930384462544785,""zero_positive_n"":16208}},""scored_positions"":16256,""source_sha256"":""2e67327e54b5fb83e765c2320affcf8cfc4fc30b3996eea06105c850609ee524"",""status"":""complete""}"
4eda9e6155b2755508e13091,zsre,R1_learned_ff,1,102,100,LS_terminated,"{""evaluated_value"":0.96,""numerator"":48.0,""planned"":50,""scored"":50,""status"":""complete"",""status_counts"":{""ok"":50},""value"":0.96}"
4eda9e6155b2755508e13091,zsre,R1_learned_ff,1,102,100,locality,"{""expected_n"":50,""preserved_fraction"":1.0,""preserved_n"":50,""preserved_terminated_fraction"":0.96,""preserved_terminated_n"":48,""primary_convention"":""DEC-053 bounded exact decoded-text equality, no normalization or termination requirement"",""query_truncated_n"":2,""reference_truncated_n"":2,""scored_n"":50,""secondary_convention"":""same decoded text and neither side truncated"",""status"":""complete"",""truncated_pair_n"":2,""unavailable_n"":0}"
4eda9e6155b2755508e13091,zsre,R1_learned_ff,1,102,100,unseen_false_fire,"{""evaluated_value"":0.08,""numerator"":8.0,""planned"":100,""scored"":100,""status"":""complete"",""status_counts"":{""ok"":100},""value"":0.08,""wilson_evaluated"":{""confidence"":0.95,""interpretation"":""descriptive binomial reference; fixed development data/selection and dependent prompts limit population inference"",""lower"":0.041093461484380624,""upper"":0.14998107700948735},""wilson_full_inventory"":{""confidence"":0.95,""interpretation"":""descriptive binomial reference; fixed development data/selection and dependent prompts limit population inference"",""lower"":0.041093461484380624,""upper"":0.14998107700948735}}"
4eda9e6155b2755508e13091,zsre,R1_learned_ff,1,102,100,unseen_answer_changed,"{""evaluated_value"":0.08,""numerator"":8.0,""planned"":100,""scored"":100,""status"":""complete"",""status_counts"":{""ok"":100},""value"":0.08}"
4eda9e6155b2755508e13091,zsre,R1_learned_ff,1,102,300,LS_terminated,"{""evaluated_value"":0.96,""numerator"":48.0,""planned"":50,""scored"":50,""status"":""complete"",""status_counts"":{""ok"":50},""value"":0.96}"
4eda9e6155b2755508e13091,zsre,R1_learned_ff,1,102,300,locality,"{""expected_n"":50,""preserved_fraction"":1.0,""preserved_n"":50,""preserved_terminated_fraction"":0.96,""preserved_terminated_n"":48,""primary_convention"":""DEC-053 bounded exact decoded-text equality, no normalization or termination requirement"",""query_truncated_n"":2,""reference_truncated_n"":2,""scored_n"":50,""secondary_convention"":""same decoded text and neither side truncated"",""status"":""complete"",""truncated_pair_n"":2,""unavailable_n"":0}"
4eda9e6155b2755508e13091,zsre,R1_learned_ff,1,102,300,unseen_false_fire,"{""evaluated_value"":0.13,""numerator"":13.0,""planned"":100,""scored"":100,""status"":""complete"",""status_counts"":{""ok"":100},""value"":0.13,""wilson_evaluated"":{""confidence"":0.95,""interpretation"":""descriptive binomial reference; fixed development data/selection and dependent prompts limit population inference"",""lower"":0.07757167427240512,""upper"":0.20980351440076428},""wilson_full_inventory"":{""confidence"":0.95,""interpretation"":""descriptive binomial reference; fixed development data/selection and dependent prompts limit population inference"",""lower"":0.07757167427240512,""upper"":0.20980351440076428}}"
4eda9e6155b2755508e13091,zsre,R1_learned_ff,1,102,300,unseen_answer_changed,"{""evaluated_value"":0.13,""numerator"":13.0,""planned"":100,""scored"":100,""status"":""complete"",""status_counts"":{""ok"":100},""value"":0.13}"
4eda9e6155b2755508e13091,zsre,R1_learned_ff,1,102,1000,LS_terminated,"{""evaluated_value"":0.96,""numerator"":48.0,""planned"":50,""scored"":50,""status"":""complete"",""status_counts"":{""ok"":50},""value"":0.96}"
4eda9e6155b2755508e13091,zsre,R1_learned_ff,1,102,1000,locality,"{""expected_n"":50,""preserved_fraction"":1.0,""preserved_n"":50,""preserved_terminated_fraction"":0.96,""preserved_terminated_n"":48,""primary_convention"":""DEC-053 bounded exact decoded-text equality, no normalization or termination requirement"",""query_truncated_n"":2,""reference_truncated_n"":2,""scored_n"":50,""secondary_convention"":""same decoded text and neither side truncated"",""status"":""complete"",""truncated_pair_n"":2,""unavailable_n"":0}"
4eda9e6155b2755508e13091,zsre,R1_learned_ff,1,102,1000,unseen_false_fire,"{""evaluated_value"":0.13,""numerator"":13.0,""planned"":100,""scored"":100,""status"":""complete"",""status_counts"":{""ok"":100},""value"":0.13,""wilson_evaluated"":{""confidence"":0.95,""interpretation"":""descriptive binomial reference; fixed development data/selection and dependent prompts limit population inference"",""lower"":0.07757167427240512,""upper"":0.20980351440076428},""wilson_full_inventory"":{""confidence"":0.95,""interpretation"":""descriptive binomial reference; fixed development data/selection and dependent prompts limit population inference"",""lower"":0.07757167427240512,""upper"":0.20980351440076428}}"
4eda9e6155b2755508e13091,zsre,R1_learned_ff,1,102,1000,unseen_answer_changed,"{""evaluated_value"":0.13,""numerator"":13.0,""planned"":100,""scored"":100,""status"":""complete"",""status_counts"":{""ok"":100},""value"":0.13}"
4eda9e6155b2755508e13091,zsre,R1_learned_ff,1,102,1000,near_miss,"{""expected_n"":100,""preserved_fraction"":0.92,""preserved_n"":92,""preserved_terminated_fraction"":0.92,""preserved_terminated_n"":92,""primary_convention"":""DEC-053 bounded exact decoded-text equality, no normalization or termination requirement"",""query_truncated_n"":0,""reference_truncated_n"":0,""scored_n"":100,""secondary_convention"":""same decoded text and neither side truncated"",""status"":""complete"",""truncated_pair_n"":0,""unavailable_n"":0}"
4eda9e6155b2755508e13091,zsre,R1_learned_ff,1,102,1000,near_miss_bounded,"{""evaluated_value"":0.92,""numerator"":92.0,""planned"":100,""scored"":100,""status"":""complete"",""status_counts"":{""ok"":100},""value"":0.92}"
4eda9e6155b2755508e13091,zsre,R1_learned_ff,1,102,1000,near_miss_terminated,"{""evaluated_value"":0.92,""numerator"":92.0,""planned"":100,""scored"":100,""status"":""complete"",""status_counts"":{""ok"":100},""value"":0.92}"
4eda9e6155b2755508e13091,zsre,R1_learned_ff,1,102,1000,revision_latest,"{""evaluated_value"":0.98,""numerator"":49.0,""planned"":50,""scored"":50,""status"":""complete"",""status_counts"":{""ok"":50},""value"":0.98}"
4eda9e6155b2755508e13091,zsre,R1_learned_ff,1,102,1000,revision_semantic,"{""evaluated_value"":0.98,""numerator"":49.0,""planned"":50,""scored"":50,""status"":""complete"",""status_counts"":{""ok"":50},""value"":0.98}"
4eda9e6155b2755508e13091,zsre,R1_learned_ff,1,102,1000,old_record_retired,"{""evaluated_value"":1.0,""numerator"":50.0,""planned"":50,""scored"":50,""status"":""complete"",""status_counts"":{""ok"":50},""value"":1.0}"
4eda9e6155b2755508e13091,zsre,R1_learned_ff,1,102,1000,new_record_active,"{""evaluated_value"":1.0,""numerator"":50.0,""planned"":50,""scored"":50,""status"":""complete"",""status_counts"":{""ok"":50},""value"":1.0}"
4eda9e6155b2755508e13091,zsre,R1_learned_ff,1,102,1000,drift,"{""planned_positions"":16256,""references"":{""capoff"":{""ES95_positive_nats"":0.09504357787427528,""ES99_positive_nats"":0.47521788937137643,""count_above_0_1_nats"":45,""definition"":""fractional empirical top1% mean of positive NLL harm; denominator .01*N"",""exceedances_nats"":{""0.01"":46,""0.1"":45,""1.0"":23},""max_positive_nats"":8.233111024338235,""maximum_position"":""w104:p77"",""mean_positive_nats"":0.004752178893713764,""mean_signed_nats"":0.0045930384462544785,""zero_positive_n"":16208},""original"":{""ES95_positive_nats"":0.09504357787427528,""ES99_positive_nats"":0.47521788937137643,""count_above_0_1_nats"":45,""definition"":""fractional empirical top1% mean of positive NLL harm; denominator .01*N"",""exceedances_nats"":{""0.01"":46,""0.1"":45,""1.0"":23},""max_positive_nats"":8.233111024338235,""maximum_position"":""w104:p77"",""mean_positive_nats"":0.004752178893713764,""mean_signed_nats"":0.0045930384462544785,""zero_positive_n"":16208}},""scored_positions"":16256,""source_sha256"":""2e67327e54b5fb83e765c2320affcf8cfc4fc30b3996eea06105c850609ee524"",""status"":""complete""}"
ab774e229a65298fdc117c96,zsre,R1_learned_ff,1,103,100,LS_terminated,"{""evaluated_value"":0.96,""numerator"":48.0,""planned"":50,""scored"":50,""status"":""complete"",""status_counts"":{""ok"":50},""value"":0.96}"
ab774e229a65298fdc117c96,zsre,R1_learned_ff,1,103,100,locality,"{""expected_n"":50,""preserved_fraction"":1.0,""preserved_n"":50,""preserved_terminated_fraction"":0.96,""preserved_terminated_n"":48,""primary_convention"":""DEC-053 bounded exact decoded-text equality, no normalization or termination requirement"",""query_truncated_n"":2,""reference_truncated_n"":2,""scored_n"":50,""secondary_convention"":""same decoded text and neither side truncated"",""status"":""complete"",""truncated_pair_n"":2,""unavailable_n"":0}"
ab774e229a65298fdc117c96,zsre,R1_learned_ff,1,103,100,unseen_false_fire,"{""evaluated_value"":0.05,""numerator"":5.0,""planned"":100,""scored"":100,""status"":""complete"",""status_counts"":{""ok"":100},""value"":0.05,""wilson_evaluated"":{""confidence"":0.95,""interpretation"":""descriptive binomial reference; fixed development data/selection and dependent prompts limit population inference"",""lower"":0.02154367915436796,""upper"":0.11175046923191913},""wilson_full_inventory"":{""confidence"":0.95,""interpretation"":""descriptive binomial reference; fixed development data/selection and dependent prompts limit population inference"",""lower"":0.02154367915436796,""upper"":0.11175046923191913}}"
ab774e229a65298fdc117c96,zsre,R1_learned_ff,1,103,100,unseen_answer_changed,"{""evaluated_value"":0.05,""numerator"":5.0,""planned"":100,""scored"":100,""status"":""complete"",""status_counts"":{""ok"":100},""value"":0.05}"
ab774e229a65298fdc117c96,zsre,R1_learned_ff,1,103,300,LS_terminated,"{""evaluated_value"":0.96,""numerator"":48.0,""planned"":50,""scored"":50,""status"":""complete"",""status_counts"":{""ok"":50},""value"":0.96}"
ab774e229a65298fdc117c96,zsre,R1_learned_ff,1,103,300,locality,"{""expected_n"":50,""preserved_fraction"":1.0,""preserved_n"":50,""preserved_terminated_fraction"":0.96,""preserved_terminated_n"":48,""primary_convention"":""DEC-053 bounded exact decoded-text equality, no normalization or termination requirement"",""query_truncated_n"":2,""reference_truncated_n"":2,""scored_n"":50,""secondary_convention"":""same decoded text and neither side truncated"",""status"":""complete"",""truncated_pair_n"":2,""unavailable_n"":0}"
ab774e229a65298fdc117c96,zsre,R1_learned_ff,1,103,300,unseen_false_fire,"{""evaluated_value"":0.14,""numerator"":14.0,""planned"":100,""scored"":100,""status"":""complete"",""status_counts"":{""ok"":100},""value"":0.14,""wilson_evaluated"":{""confidence"":0.95,""interpretation"":""descriptive binomial reference; fixed development data/selection and dependent prompts limit population inference"",""lower"":0.08526343659939134,""upper"":0.22137188210963837},""wilson_full_inventory"":{""confidence"":0.95,""interpretation"":""descriptive binomial reference; fixed development data/selection and dependent prompts limit population inference"",""lower"":0.08526343659939134,""upper"":0.22137188210963837}}"
ab774e229a65298fdc117c96,zsre,R1_learned_ff,1,103,300,unseen_answer_changed,"{""evaluated_value"":0.14,""numerator"":14.0,""planned"":100,""scored"":100,""status"":""complete"",""status_counts"":{""ok"":100},""value"":0.14}"
ab774e229a65298fdc117c96,zsre,R1_learned_ff,1,103,1000,LS_terminated,"{""evaluated_value"":0.96,""numerator"":48.0,""planned"":50,""scored"":50,""status"":""complete"",""status_counts"":{""ok"":50},""value"":0.96}"
ab774e229a65298fdc117c96,zsre,R1_learned_ff,1,103,1000,locality,"{""expected_n"":50,""preserved_fraction"":1.0,""preserved_n"":50,""preserved_terminated_fraction"":0.96,""preserved_terminated_n"":48,""primary_convention"":""DEC-053 bounded exact decoded-text equality, no normalization or termination requirement"",""query_truncated_n"":2,""reference_truncated_n"":2,""scored_n"":50,""secondary_convention"":""same decoded text and neither side truncated"",""status"":""complete"",""truncated_pair_n"":2,""unavailable_n"":0}"
ab774e229a65298fdc117c96,zsre,R1_learned_ff,1,103,1000,unseen_false_fire,"{""evaluated_value"":0.13,""numerator"":13.0,""planned"":100,""scored"":100,""status"":""complete"",""status_counts"":{""ok"":100},""value"":0.13,""wilson_evaluated"":{""confidence"":0.95,""interpretation"":""descriptive binomial reference; fixed development data/selection and dependent prompts limit population inference"",""lower"":0.07757167427240512,""upper"":0.20980351440076428},""wilson_full_inventory"":{""confidence"":0.95,""interpretation"":""descriptive binomial reference; fixed development data/selection and dependent prompts limit population inference"",""lower"":0.07757167427240512,""upper"":0.20980351440076428}}"
ab774e229a65298fdc117c96,zsre,R1_learned_ff,1,103,1000,unseen_answer_changed,"{""evaluated_value"":0.13,""numerator"":13.0,""planned"":100,""scored"":100,""status"":""complete"",""status_counts"":{""ok"":100},""value"":0.13}"
ab774e229a65298fdc117c96,zsre,R1_learned_ff,1,103,1000,near_miss,"{""expected_n"":100,""preserved_fraction"":0.92,""preserved_n"":92,""preserved_terminated_fraction"":0.92,""preserved_terminated_n"":92,""primary_convention"":""DEC-053 bounded exact decoded-text equality, no normalization or termination requirement"",""query_truncated_n"":0,""reference_truncated_n"":0,""scored_n"":100,""secondary_convention"":""same decoded text and neither side truncated"",""status"":""complete"",""truncated_pair_n"":0,""unavailable_n"":0}"
ab774e229a65298fdc117c96,zsre,R1_learned_ff,1,103,1000,near_miss_bounded,"{""evaluated_value"":0.92,""numerator"":92.0,""planned"":100,""scored"":100,""status"":""complete"",""status_counts"":{""ok"":100},""value"":0.92}"
ab774e229a65298fdc117c96,zsre,R1_learned_ff,1,103,1000,near_miss_terminated,"{""evaluated_value"":0.92,""numerator"":92.0,""planned"":100,""scored"":100,""status"":""complete"",""status_counts"":{""ok"":100},""value"":0.92}"
ab774e229a65298fdc117c96,zsre,R1_learned_ff,1,103,1000,revision_latest,"{""evaluated_value"":0.98,""numerator"":49.0,""planned"":50,""scored"":50,""status"":""complete"",""status_counts"":{""ok"":50},""value"":0.98}"
ab774e229a65298fdc117c96,zsre,R1_learned_ff,1,103,1000,revision_semantic,"{""evaluated_value"":0.98,""numerator"":49.0,""planned"":50,""scored"":50,""status"":""complete"",""status_counts"":{""ok"":50},""value"":0.98}"
ab774e229a65298fdc117c96,zsre,R1_learned_ff,1,103,1000,old_record_retired,"{""evaluated_value"":1.0,""numerator"":50.0,""planned"":50,""scored"":50,""status"":""complete"",""status_counts"":{""ok"":50},""value"":1.0}"
ab774e229a65298fdc117c96,zsre,R1_learned_ff,1,103,1000,new_record_active,"{""evaluated_value"":1.0,""numerator"":50.0,""planned"":50,""scored"":50,""status"":""complete"",""status_counts"":{""ok"":50},""value"":1.0}"
ab774e229a65298fdc117c96,zsre,R1_learned_ff,1,103,1000,drift,"{""planned_positions"":16256,""references"":{""capoff"":{""ES95_positive_nats"":0.09504357787427528,""ES99_positive_nats"":0.47521788937137643,""count_above_0_1_nats"":45,""definition"":""fractional empirical top1% mean of positive NLL harm; denominator .01*N"",""exceedances_nats"":{""0.01"":46,""0.1"":45,""1.0"":23},""max_positive_nats"":8.233111024338235,""maximum_position"":""w104:p77"",""mean_positive_nats"":0.004752178893713764,""mean_signed_nats"":0.0045930384462544785,""zero_positive_n"":16208},""original"":{""ES95_positive_nats"":0.09504357787427528,""ES99_positive_nats"":0.47521788937137643,""count_above_0_1_nats"":45,""definition"":""fractional empirical top1% mean of positive NLL harm; denominator .01*N"",""exceedances_nats"":{""0.01"":46,""0.1"":45,""1.0"":23},""max_positive_nats"":8.233111024338235,""maximum_position"":""w104:p77"",""mean_positive_nats"":0.004752178893713764,""mean_signed_nats"":0.0045930384462544785,""zero_positive_n"":16208}},""scored_positions"":16256,""source_sha256"":""2e67327e54b5fb83e765c2320affcf8cfc4fc30b3996eea06105c850609ee524"",""status"":""complete""}"
b4e7dc307a1f895a8fec997a,zsre,R1_learned_ff,1,104,100,LS_terminated,"{""evaluated_value"":0.96,""numerator"":48.0,""planned"":50,""scored"":50,""status"":""complete"",""status_counts"":{""ok"":50},""value"":0.96}"
b4e7dc307a1f895a8fec997a,zsre,R1_learned_ff,1,104,100,locality,"{""expected_n"":50,""preserved_fraction"":1.0,""preserved_n"":50,""preserved_terminated_fraction"":0.96,""preserved_terminated_n"":48,""primary_convention"":""DEC-053 bounded exact decoded-text equality, no normalization or termination requirement"",""query_truncated_n"":2,""reference_truncated_n"":2,""scored_n"":50,""secondary_convention"":""same decoded text and neither side truncated"",""status"":""complete"",""truncated_pair_n"":2,""unavailable_n"":0}"
b4e7dc307a1f895a8fec997a,zsre,R1_learned_ff,1,104,100,unseen_false_fire,"{""evaluated_value"":0.05,""numerator"":5.0,""planned"":100,""scored"":100,""status"":""complete"",""status_counts"":{""ok"":100},""value"":0.05,""wilson_evaluated"":{""confidence"":0.95,""interpretation"":""descriptive binomial reference; fixed development data/selection and dependent prompts limit population inference"",""lower"":0.02154367915436796,""upper"":0.11175046923191913},""wilson_full_inventory"":{""confidence"":0.95,""interpretation"":""descriptive binomial reference; fixed development data/selection and dependent prompts limit population inference"",""lower"":0.02154367915436796,""upper"":0.11175046923191913}}"
b4e7dc307a1f895a8fec997a,zsre,R1_learned_ff,1,104,100,unseen_answer_changed,"{""evaluated_value"":0.05,""numerator"":5.0,""planned"":100,""scored"":100,""status"":""complete"",""status_counts"":{""ok"":100},""value"":0.05}"
b4e7dc307a1f895a8fec997a,zsre,R1_learned_ff,1,104,300,LS_terminated,"{""evaluated_value"":0.96,""numerator"":48.0,""planned"":50,""scored"":50,""status"":""complete"",""status_counts"":{""ok"":50},""value"":0.96}"
b4e7dc307a1f895a8fec997a,zsre,R1_learned_ff,1,104,300,locality,"{""expected_n"":50,""preserved_fraction"":1.0,""preserved_n"":50,""preserved_terminated_fraction"":0.96,""preserved_terminated_n"":48,""primary_convention"":""DEC-053 bounded exact decoded-text equality, no normalization or termination requirement"",""query_truncated_n"":2,""reference_truncated_n"":2,""scored_n"":50,""secondary_convention"":""same decoded text and neither side truncated"",""status"":""complete"",""truncated_pair_n"":2,""unavailable_n"":0}"
b4e7dc307a1f895a8fec997a,zsre,R1_learned_ff,1,104,300,unseen_false_fire,"{""evaluated_value"":0.11,""numerator"":11.0,""planned"":100,""scored"":100,""status"":""complete"",""status_counts"":{""ok"":100},""value"":0.11,""wilson_evaluated"":{""confidence"":0.95,""interpretation"":""descriptive binomial reference; fixed development data/selection and dependent prompts limit population inference"",""lower"":0.06254196357064568,""upper"":0.18631296503080313},""wilson_full_inventory"":{""confidence"":0.95,""interpretation"":""descriptive binomial reference; fixed development data/selection and dependent prompts limit population inference"",""lower"":0.06254196357064568,""upper"":0.18631296503080313}}"
b4e7dc307a1f895a8fec997a,zsre,R1_learned_ff,1,104,300,unseen_answer_changed,"{""evaluated_value"":0.11,""numerator"":11.0,""planned"":100,""scored"":100,""status"":""complete"",""status_counts"":{""ok"":100},""value"":0.11}"
b4e7dc307a1f895a8fec997a,zsre,R1_learned_ff,1,104,1000,LS_terminated,"{""evaluated_value"":0.96,""numerator"":48.0,""planned"":50,""scored"":50,""status"":""complete"",""status_counts"":{""ok"":50},""value"":0.96}"
b4e7dc307a1f895a8fec997a,zsre,R1_learned_ff,1,104,1000,locality,"{""expected_n"":50,""preserved_fraction"":1.0,""preserved_n"":50,""preserved_terminated_fraction"":0.96,""preserved_terminated_n"":48,""primary_convention"":""DEC-053 bounded exact decoded-text equality, no normalization or termination requirement"",""query_truncated_n"":2,""reference_truncated_n"":2,""scored_n"":50,""secondary_convention"":""same decoded text and neither side truncated"",""status"":""complete"",""truncated_pair_n"":2,""unavailable_n"":0}"
b4e7dc307a1f895a8fec997a,zsre,R1_learned_ff,1,104,1000,unseen_false_fire,"{""evaluated_value"":0.13,""numerator"":13.0,""planned"":100,""scored"":100,""status"":""complete"",""status_counts"":{""ok"":100},""value"":0.13,""wilson_evaluated"":{""confidence"":0.95,""interpretation"":""descriptive binomial reference; fixed development data/selection and dependent prompts limit population inference"",""lower"":0.07757167427240512,""upper"":0.20980351440076428},""wilson_full_inventory"":{""confidence"":0.95,""interpretation"":""descriptive binomial reference; fixed development data/selection and dependent prompts limit population inference"",""lower"":0.07757167427240512,""upper"":0.20980351440076428}}"
b4e7dc307a1f895a8fec997a,zsre,R1_learned_ff,1,104,1000,unseen_answer_changed,"{""evaluated_value"":0.13,""numerator"":13.0,""planned"":100,""scored"":100,""status"":""complete"",""status_counts"":{""ok"":100},""value"":0.13}"
b4e7dc307a1f895a8fec997a,zsre,R1_learned_ff,1,104,1000,near_miss,"{""expected_n"":100,""preserved_fraction"":0.92,""preserved_n"":92,""preserved_terminated_fraction"":0.92,""preserved_terminated_n"":92,""primary_convention"":""DEC-053 bounded exact decoded-text equality, no normalization or termination requirement"",""query_truncated_n"":0,""reference_truncated_n"":0,""scored_n"":100,""secondary_convention"":""same decoded text and neither side truncated"",""status"":""complete"",""truncated_pair_n"":0,""unavailable_n"":0}"
b4e7dc307a1f895a8fec997a,zsre,R1_learned_ff,1,104,1000,near_miss_bounded,"{""evaluated_value"":0.92,""numerator"":92.0,""planned"":100,""scored"":100,""status"":""complete"",""status_counts"":{""ok"":100},""value"":0.92}"
b4e7dc307a1f895a8fec997a,zsre,R1_learned_ff,1,104,1000,near_miss_terminated,"{""evaluated_value"":0.92,""numerator"":92.0,""planned"":100,""scored"":100,""status"":""complete"",""status_counts"":{""ok"":100},""value"":0.92}"
b4e7dc307a1f895a8fec997a,zsre,R1_learned_ff,1,104,1000,revision_latest,"{""evaluated_value"":0.98,""numerator"":49.0,""planned"":50,""scored"":50,""status"":""complete"",""status_counts"":{""ok"":50},""value"":0.98}"
b4e7dc307a1f895a8fec997a,zsre,R1_learned_ff,1,104,1000,revision_semantic,"{""evaluated_value"":0.98,""numerator"":49.0,""planned"":50,""scored"":50,""status"":""complete"",""status_counts"":{""ok"":50},""value"":0.98}"
b4e7dc307a1f895a8fec997a,zsre,R1_learned_ff,1,104,1000,old_record_retired,"{""evaluated_value"":1.0,""numerator"":50.0,""planned"":50,""scored"":50,""status"":""complete"",""status_counts"":{""ok"":50},""value"":1.0}"
b4e7dc307a1f895a8fec997a,zsre,R1_learned_ff,1,104,1000,new_record_active,"{""evaluated_value"":1.0,""numerator"":50.0,""planned"":50,""scored"":50,""status"":""complete"",""status_counts"":{""ok"":50},""value"":1.0}"
b4e7dc307a1f895a8fec997a,zsre,R1_learned_ff,1,104,1000,drift,"{""planned_positions"":16256,""references"":{""capoff"":{""ES95_positive_nats"":0.09504357787427528,""ES99_positive_nats"":0.47521788937137643,""count_above_0_1_nats"":45,""definition"":""fractional empirical top1% mean of positive NLL harm; denominator .01*N"",""exceedances_nats"":{""0.01"":46,""0.1"":45,""1.0"":23},""max_positive_nats"":8.233111024338235,""maximum_position"":""w104:p77"",""mean_positive_nats"":0.004752178893713764,""mean_signed_nats"":0.0045930384462544785,""zero_positive_n"":16208},""original"":{""ES95_positive_nats"":0.09504357787427528,""ES99_positive_nats"":0.47521788937137643,""count_above_0_1_nats"":45,""definition"":""fractional empirical top1% mean of positive NLL harm; denominator .01*N"",""exceedances_nats"":{""0.01"":46,""0.1"":45,""1.0"":23},""max_positive_nats"":8.233111024338235,""maximum_position"":""w104:p77"",""mean_positive_nats"":0.004752178893713764,""mean_signed_nats"":0.0045930384462544785,""zero_positive_n"":16208}},""scored_positions"":16256,""source_sha256"":""2e67327e54b5fb83e765c2320affcf8cfc4fc30b3996eea06105c850609ee524"",""status"":""complete""}"
826332f387bd487a045d412f,counterfact,R1_learned_ff,1,100,100,LS_terminated,"{""evaluated_value"":0.56,""numerator"":28.0,""planned"":50,""scored"":50,""status"":""complete"",""status_counts"":{""ok"":50},""value"":0.56}"
826332f387bd487a045d412f,counterfact,R1_learned_ff,1,100,100,locality,"{""expected_n"":50,""preserved_fraction"":1.0,""preserved_n"":50,""preserved_terminated_fraction"":0.56,""preserved_terminated_n"":28,""primary_convention"":""DEC-053 bounded exact decoded-text equality, no normalization or termination requirement"",""query_truncated_n"":22,""reference_truncated_n"":22,""scored_n"":50,""secondary_convention"":""same decoded text and neither side truncated"",""status"":""complete"",""truncated_pair_n"":22,""unavailable_n"":0}"
826332f387bd487a045d412f,counterfact,R1_learned_ff,1,100,100,unseen_false_fire,"{""evaluated_value"":0.0,""numerator"":0.0,""planned"":100,""scored"":100,""status"":""complete"",""status_counts"":{""ok"":100},""value"":0.0,""wilson_evaluated"":{""confidence"":0.95,""interpretation"":""descriptive binomial reference; fixed development data/selection and dependent prompts limit population inference"",""lower"":3.469446951953614e-18,""upper"":0.03699349820698568},""wilson_full_inventory"":{""confidence"":0.95,""interpretation"":""descriptive binomial reference; fixed development data/selection and dependent prompts limit population inference"",""lower"":3.469446951953614e-18,""upper"":0.03699349820698568}}"
826332f387bd487a045d412f,counterfact,R1_learned_ff,1,100,100,unseen_answer_changed,"{""evaluated_value"":0.0,""numerator"":0.0,""planned"":100,""scored"":100,""status"":""complete"",""status_counts"":{""ok"":100},""value"":0.0}"
826332f387bd487a045d412f,counterfact,R1_learned_ff,1,100,300,LS_terminated,"{""evaluated_value"":0.56,""numerator"":28.0,""planned"":50,""scored"":50,""status"":""complete"",""status_counts"":{""ok"":50},""value"":0.56}"
826332f387bd487a045d412f,counterfact,R1_learned_ff,1,100,300,locality,"{""expected_n"":50,""preserved_fraction"":1.0,""preserved_n"":50,""preserved_terminated_fraction"":0.56,""preserved_terminated_n"":28,""primary_convention"":""DEC-053 bounded exact decoded-text equality, no normalization or termination requirement"",""query_truncated_n"":22,""reference_truncated_n"":22,""scored_n"":50,""secondary_convention"":""same decoded text and neither side truncated"",""status"":""complete"",""truncated_pair_n"":22,""unavailable_n"":0}"
826332f387bd487a045d412f,counterfact,R1_learned_ff,1,100,300,unseen_false_fire,"{""evaluated_value"":0.0,""numerator"":0.0,""planned"":100,""scored"":100,""status"":""complete"",""status_counts"":{""ok"":100},""value"":0.0,""wilson_evaluated"":{""confidence"":0.95,""interpretation"":""descriptive binomial reference; fixed development data/selection and dependent prompts limit population inference"",""lower"":3.469446951953614e-18,""upper"":0.03699349820698568},""wilson_full_inventory"":{""confidence"":0.95,""interpretation"":""descriptive binomial reference; fixed development data/selection and dependent prompts limit population inference"",""lower"":3.469446951953614e-18,""upper"":0.03699349820698568}}"
826332f387bd487a045d412f,counterfact,R1_learned_ff,1,100,300,unseen_answer_changed,"{""evaluated_value"":0.0,""numerator"":0.0,""planned"":100,""scored"":100,""status"":""complete"",""status_counts"":{""ok"":100},""value"":0.0}"
826332f387bd487a045d412f,counterfact,R1_learned_ff,1,100,1000,LS_terminated,"{""evaluated_value"":0.56,""numerator"":28.0,""planned"":50,""scored"":50,""status"":""complete"",""status_counts"":{""ok"":50},""value"":0.56}"
826332f387bd487a045d412f,counterfact,R1_learned_ff,1,100,1000,locality,"{""expected_n"":50,""preserved_fraction"":1.0,""preserved_n"":50,""preserved_terminated_fraction"":0.56,""preserved_terminated_n"":28,""primary_convention"":""DEC-053 bounded exact decoded-text equality, no normalization or termination requirement"",""query_truncated_n"":22,""reference_truncated_n"":22,""scored_n"":50,""secondary_convention"":""same decoded text and neither side truncated"",""status"":""complete"",""truncated_pair_n"":22,""unavailable_n"":0}"
826332f387bd487a045d412f,counterfact,R1_learned_ff,1,100,1000,unseen_false_fire,"{""evaluated_value"":0.0,""numerator"":0.0,""planned"":100,""scored"":100,""status"":""complete"",""status_counts"":{""ok"":100},""value"":0.0,""wilson_evaluated"":{""confidence"":0.95,""interpretation"":""descriptive binomial reference; fixed development data/selection and dependent prompts limit population inference"",""lower"":3.469446951953614e-18,""upper"":0.03699349820698568},""wilson_full_inventory"":{""confidence"":0.95,""interpretation"":""descriptive binomial reference; fixed development data/selection and dependent prompts limit population inference"",""lower"":3.469446951953614e-18,""upper"":0.03699349820698568}}"
826332f387bd487a045d412f,counterfact,R1_learned_ff,1,100,1000,unseen_answer_changed,"{""evaluated_value"":0.0,""numerator"":0.0,""planned"":100,""scored"":100,""status"":""complete"",""status_counts"":{""ok"":100},""value"":0.0}"
826332f387bd487a045d412f,counterfact,R1_learned_ff,1,100,1000,near_miss,"{""expected_n"":100,""preserved_fraction"":1.0,""preserved_n"":100,""preserved_terminated_fraction"":0.7,""preserved_terminated_n"":70,""primary_convention"":""DEC-053 bounded exact decoded-text equality, no normalization or termination requirement"",""query_truncated_n"":30,""reference_truncated_n"":30,""scored_n"":100,""secondary_convention"":""same decoded text and neither side truncated"",""status"":""complete"",""truncated_pair_n"":30,""unavailable_n"":0}"
826332f387bd487a045d412f,counterfact,R1_learned_ff,1,100,1000,near_miss_bounded,"{""evaluated_value"":1.0,""numerator"":100.0,""planned"":100,""scored"":100,""status"":""complete"",""status_counts"":{""ok"":100},""value"":1.0}"
826332f387bd487a045d412f,counterfact,R1_learned_ff,1,100,1000,near_miss_terminated,"{""evaluated_value"":0.7,""numerator"":70.0,""planned"":100,""scored"":100,""status"":""complete"",""status_counts"":{""ok"":100},""value"":0.7}"
826332f387bd487a045d412f,counterfact,R1_learned_ff,1,100,1000,revision_latest,"{""evaluated_value"":0.98,""numerator"":49.0,""planned"":50,""scored"":50,""status"":""complete"",""status_counts"":{""ok"":50},""value"":0.98}"
826332f387bd487a045d412f,counterfact,R1_learned_ff,1,100,1000,revision_semantic,"{""evaluated_value"":0.98,""numerator"":49.0,""planned"":50,""scored"":50,""status"":""complete"",""status_counts"":{""ok"":50},""value"":0.98}"
826332f387bd487a045d412f,counterfact,R1_learned_ff,1,100,1000,old_record_retired,"{""evaluated_value"":1.0,""numerator"":50.0,""planned"":50,""scored"":50,""status"":""complete"",""status_counts"":{""ok"":50},""value"":1.0}"
826332f387bd487a045d412f,counterfact,R1_learned_ff,1,100,1000,new_record_active,"{""evaluated_value"":1.0,""numerator"":50.0,""planned"":50,""scored"":50,""status"":""complete"",""status_counts"":{""ok"":50},""value"":1.0}"
826332f387bd487a045d412f,counterfact,R1_learned_ff,1,100,1000,drift,"{""planned_positions"":16256,""references"":{""capoff"":{""ES95_positive_nats"":0.13774695362348457,""ES99_positive_nats"":0.688734768117423,""count_above_0_1_nats"":60,""definition"":""fractional empirical top1% mean of positive NLL harm; denominator .01*N"",""exceedances_nats"":{""0.01"":62,""0.1"":60,""1.0"":36},""max_positive_nats"":10.534407931769223,""maximum_position"":""w124:p51"",""mean_positive_nats"":0.00688734768117423,""mean_signed_nats"":0.006432909116190319,""zero_positive_n"":16193},""original"":{""ES95_positive_nats"":0.13774695362348457,""ES99_positive_nats"":0.688734768117423,""count_above_0_1_nats"":60,""definition"":""fractional empirical top1% mean of positive NLL harm; denominator .01*N"",""exceedances_nats"":{""0.01"":62,""0.1"":60,""1.0"":36},""max_positive_nats"":10.534407931769223,""maximum_position"":""w124:p51"",""mean_positive_nats"":0.00688734768117423,""mean_signed_nats"":0.006432909116190319,""zero_positive_n"":16193}},""scored_positions"":16256,""source_sha256"":""2e67327e54b5fb83e765c2320affcf8cfc4fc30b3996eea06105c850609ee524"",""status"":""complete""}"
14d45f0e87126104057518af,counterfact,R1_learned_ff,1,101,100,LS_terminated,"{""evaluated_value"":0.56,""numerator"":28.0,""planned"":50,""scored"":50,""status"":""complete"",""status_counts"":{""ok"":50},""value"":0.56}"
14d45f0e87126104057518af,counterfact,R1_learned_ff,1,101,100,locality,"{""expected_n"":50,""preserved_fraction"":1.0,""preserved_n"":50,""preserved_terminated_fraction"":0.56,""preserved_terminated_n"":28,""primary_convention"":""DEC-053 bounded exact decoded-text equality, no normalization or termination requirement"",""query_truncated_n"":22,""reference_truncated_n"":22,""scored_n"":50,""secondary_convention"":""same decoded text and neither side truncated"",""status"":""complete"",""truncated_pair_n"":22,""unavailable_n"":0}"
14d45f0e87126104057518af,counterfact,R1_learned_ff,1,101,100,unseen_false_fire,"{""evaluated_value"":0.0,""numerator"":0.0,""planned"":100,""scored"":100,""status"":""complete"",""status_counts"":{""ok"":100},""value"":0.0,""wilson_evaluated"":{""confidence"":0.95,""interpretation"":""descriptive binomial reference; fixed development data/selection and dependent prompts limit population inference"",""lower"":3.469446951953614e-18,""upper"":0.03699349820698568},""wilson_full_inventory"":{""confidence"":0.95,""interpretation"":""descriptive binomial reference; fixed development data/selection and dependent prompts limit population inference"",""lower"":3.469446951953614e-18,""upper"":0.03699349820698568}}"
14d45f0e87126104057518af,counterfact,R1_learned_ff,1,101,100,unseen_answer_changed,"{""evaluated_value"":0.0,""numerator"":0.0,""planned"":100,""scored"":100,""status"":""complete"",""status_counts"":{""ok"":100},""value"":0.0}"
14d45f0e87126104057518af,counterfact,R1_learned_ff,1,101,300,LS_terminated,"{""evaluated_value"":0.56,""numerator"":28.0,""planned"":50,""scored"":50,""status"":""complete"",""status_counts"":{""ok"":50},""value"":0.56}"
14d45f0e87126104057518af,counterfact,R1_learned_ff,1,101,300,locality,"{""expected_n"":50,""preserved_fraction"":1.0,""preserved_n"":50,""preserved_terminated_fraction"":0.56,""preserved_terminated_n"":28,""primary_convention"":""DEC-053 bounded exact decoded-text equality, no normalization or termination requirement"",""query_truncated_n"":22,""reference_truncated_n"":22,""scored_n"":50,""secondary_convention"":""same decoded text and neither side truncated"",""status"":""complete"",""truncated_pair_n"":22,""unavailable_n"":0}"
14d45f0e87126104057518af,counterfact,R1_learned_ff,1,101,300,unseen_false_fire,"{""evaluated_value"":0.0,""numerator"":0.0,""planned"":100,""scored"":100,""status"":""complete"",""status_counts"":{""ok"":100},""value"":0.0,""wilson_evaluated"":{""confidence"":0.95,""interpretation"":""descriptive binomial reference; fixed development data/selection and dependent prompts limit population inference"",""lower"":3.469446951953614e-18,""upper"":0.03699349820698568},""wilson_full_inventory"":{""confidence"":0.95,""interpretation"":""descriptive binomial reference; fixed development data/selection and dependent prompts limit population inference"",""lower"":3.469446951953614e-18,""upper"":0.03699349820698568}}"
14d45f0e87126104057518af,counterfact,R1_learned_ff,1,101,300,unseen_answer_changed,"{""evaluated_value"":0.0,""numerator"":0.0,""planned"":100,""scored"":100,""status"":""complete"",""status_counts"":{""ok"":100},""value"":0.0}"
14d45f0e87126104057518af,counterfact,R1_learned_ff,1,101,1000,LS_terminated,"{""evaluated_value"":0.56,""numerator"":28.0,""planned"":50,""scored"":50,""status"":""complete"",""status_counts"":{""ok"":50},""value"":0.56}"
14d45f0e87126104057518af,counterfact,R1_learned_ff,1,101,1000,locality,"{""expected_n"":50,""preserved_fraction"":1.0,""preserved_n"":50,""preserved_terminated_fraction"":0.56,""preserved_terminated_n"":28,""primary_convention"":""DEC-053 bounded exact decoded-text equality, no normalization or termination requirement"",""query_truncated_n"":22,""reference_truncated_n"":22,""scored_n"":50,""secondary_convention"":""same decoded text and neither side truncated"",""status"":""complete"",""truncated_pair_n"":22,""unavailable_n"":0}"
14d45f0e87126104057518af,counterfact,R1_learned_ff,1,101,1000,unseen_false_fire,"{""evaluated_value"":0.0,""numerator"":0.0,""planned"":100,""scored"":100,""status"":""complete"",""status_counts"":{""ok"":100},""value"":0.0,""wilson_evaluated"":{""confidence"":0.95,""interpretation"":""descriptive binomial reference; fixed development data/selection and dependent prompts limit population inference"",""lower"":3.469446951953614e-18,""upper"":0.03699349820698568},""wilson_full_inventory"":{""confidence"":0.95,""interpretation"":""descriptive binomial reference; fixed development data/selection and dependent prompts limit population inference"",""lower"":3.469446951953614e-18,""upper"":0.03699349820698568}}"
14d45f0e87126104057518af,counterfact,R1_learned_ff,1,101,1000,unseen_answer_changed,"{""evaluated_value"":0.0,""numerator"":0.0,""planned"":100,""scored"":100,""status"":""complete"",""status_counts"":{""ok"":100},""value"":0.0}"
14d45f0e87126104057518af,counterfact,R1_learned_ff,1,101,1000,near_miss,"{""expected_n"":100,""preserved_fraction"":1.0,""preserved_n"":100,""preserved_terminated_fraction"":0.7,""preserved_terminated_n"":70,""primary_convention"":""DEC-053 bounded exact decoded-text equality, no normalization or termination requirement"",""query_truncated_n"":30,""reference_truncated_n"":30,""scored_n"":100,""secondary_convention"":""same decoded text and neither side truncated"",""status"":""complete"",""truncated_pair_n"":30,""unavailable_n"":0}"
14d45f0e87126104057518af,counterfact,R1_learned_ff,1,101,1000,near_miss_bounded,"{""evaluated_value"":1.0,""numerator"":100.0,""planned"":100,""scored"":100,""status"":""complete"",""status_counts"":{""ok"":100},""value"":1.0}"
14d45f0e87126104057518af,counterfact,R1_learned_ff,1,101,1000,near_miss_terminated,"{""evaluated_value"":0.7,""numerator"":70.0,""planned"":100,""scored"":100,""status"":""complete"",""status_counts"":{""ok"":100},""value"":0.7}"
14d45f0e87126104057518af,counterfact,R1_learned_ff,1,101,1000,revision_latest,"{""evaluated_value"":0.98,""numerator"":49.0,""planned"":50,""scored"":50,""status"":""complete"",""status_counts"":{""ok"":50},""value"":0.98}"
14d45f0e87126104057518af,counterfact,R1_learned_ff,1,101,1000,revision_semantic,"{""evaluated_value"":0.98,""numerator"":49.0,""planned"":50,""scored"":50,""status"":""complete"",""status_counts"":{""ok"":50},""value"":0.98}"
14d45f0e87126104057518af,counterfact,R1_learned_ff,1,101,1000,old_record_retired,"{""evaluated_value"":1.0,""numerator"":50.0,""planned"":50,""scored"":50,""status"":""complete"",""status_counts"":{""ok"":50},""value"":1.0}"
14d45f0e87126104057518af,counterfact,R1_learned_ff,1,101,1000,new_record_active,"{""evaluated_value"":1.0,""numerator"":50.0,""planned"":50,""scored"":50,""status"":""complete"",""status_counts"":{""ok"":50},""value"":1.0}"
14d45f0e87126104057518af,counterfact,R1_learned_ff,1,101,1000,drift,"{""planned_positions"":16256,""references"":{""capoff"":{""ES95_positive_nats"":0.13774695362348457,""ES99_positive_nats"":0.688734768117423,""count_above_0_1_nats"":60,""definition"":""fractional empirical top1% mean of positive NLL harm; denominator .01*N"",""exceedances_nats"":{""0.01"":62,""0.1"":60,""1.0"":36},""max_positive_nats"":10.534407931769223,""maximum_position"":""w124:p51"",""mean_positive_nats"":0.00688734768117423,""mean_signed_nats"":0.006432909116190319,""zero_positive_n"":16193},""original"":{""ES95_positive_nats"":0.13774695362348457,""ES99_positive_nats"":0.688734768117423,""count_above_0_1_nats"":60,""definition"":""fractional empirical top1% mean of positive NLL harm; denominator .01*N"",""exceedances_nats"":{""0.01"":62,""0.1"":60,""1.0"":36},""max_positive_nats"":10.534407931769223,""maximum_position"":""w124:p51"",""mean_positive_nats"":0.00688734768117423,""mean_signed_nats"":0.006432909116190319,""zero_positive_n"":16193}},""scored_positions"":16256,""source_sha256"":""2e67327e54b5fb83e765c2320affcf8cfc4fc30b3996eea06105c850609ee524"",""status"":""complete""}"
960d0adeb6cacfcfce93d546,counterfact,R1_learned_ff,1,102,100,LS_terminated,"{""evaluated_value"":0.56,""numerator"":28.0,""planned"":50,""scored"":50,""status"":""complete"",""status_counts"":{""ok"":50},""value"":0.56}"
960d0adeb6cacfcfce93d546,counterfact,R1_learned_ff,1,102,100,locality,"{""expected_n"":50,""preserved_fraction"":1.0,""preserved_n"":50,""preserved_terminated_fraction"":0.56,""preserved_terminated_n"":28,""primary_convention"":""DEC-053 bounded exact decoded-text equality, no normalization or termination requirement"",""query_truncated_n"":22,""reference_truncated_n"":22,""scored_n"":50,""secondary_convention"":""same decoded text and neither side truncated"",""status"":""complete"",""truncated_pair_n"":22,""unavailable_n"":0}"
960d0adeb6cacfcfce93d546,counterfact,R1_learned_ff,1,102,100,unseen_false_fire,"{""evaluated_value"":0.0,""numerator"":0.0,""planned"":100,""scored"":100,""status"":""complete"",""status_counts"":{""ok"":100},""value"":0.0,""wilson_evaluated"":{""confidence"":0.95,""interpretation"":""descriptive binomial reference; fixed development data/selection and dependent prompts limit population inference"",""lower"":3.469446951953614e-18,""upper"":0.03699349820698568},""wilson_full_inventory"":{""confidence"":0.95,""interpretation"":""descriptive binomial reference; fixed development data/selection and dependent prompts limit population inference"",""lower"":3.469446951953614e-18,""upper"":0.03699349820698568}}"
960d0adeb6cacfcfce93d546,counterfact,R1_learned_ff,1,102,100,unseen_answer_changed,"{""evaluated_value"":0.0,""numerator"":0.0,""planned"":100,""scored"":100,""status"":""complete"",""status_counts"":{""ok"":100},""value"":0.0}"
960d0adeb6cacfcfce93d546,counterfact,R1_learned_ff,1,102,300,LS_terminated,"{""evaluated_value"":0.52,""numerator"":26.0,""planned"":50,""scored"":50,""status"":""complete"",""status_counts"":{""ok"":50},""value"":0.52}"
960d0adeb6cacfcfce93d546,counterfact,R1_learned_ff,1,102,300,locality,"{""expected_n"":50,""preserved_fraction"":0.96,""preserved_n"":48,""preserved_terminated_fraction"":0.52,""preserved_terminated_n"":26,""primary_convention"":""DEC-053 bounded exact decoded-text equality, no normalization or termination requirement"",""query_truncated_n"":22,""reference_truncated_n"":22,""scored_n"":50,""secondary_convention"":""same decoded text and neither side truncated"",""status"":""complete"",""truncated_pair_n"":22,""unavailable_n"":0}"
960d0adeb6cacfcfce93d546,counterfact,R1_learned_ff,1,102,300,unseen_false_fire,"{""evaluated_value"":0.0,""numerator"":0.0,""planned"":100,""scored"":100,""status"":""complete"",""status_counts"":{""ok"":100},""value"":0.0,""wilson_evaluated"":{""confidence"":0.95,""interpretation"":""descriptive binomial reference; fixed development data/selection and dependent prompts limit population inference"",""lower"":3.469446951953614e-18,""upper"":0.03699349820698568},""wilson_full_inventory"":{""confidence"":0.95,""interpretation"":""descriptive binomial reference; fixed development data/selection and dependent prompts limit population inference"",""lower"":3.469446951953614e-18,""upper"":0.03699349820698568}}"
960d0adeb6cacfcfce93d546,counterfact,R1_learned_ff,1,102,300,unseen_answer_changed,"{""evaluated_value"":0.0,""numerator"":0.0,""planned"":100,""scored"":100,""status"":""complete"",""status_counts"":{""ok"":100},""value"":0.0}"
960d0adeb6cacfcfce93d546,counterfact,R1_learned_ff,1,102,1000,LS_terminated,"{""evaluated_value"":0.56,""numerator"":28.0,""planned"":50,""scored"":50,""status"":""complete"",""status_counts"":{""ok"":50},""value"":0.56}"
960d0adeb6cacfcfce93d546,counterfact,R1_learned_ff,1,102,1000,locality,"{""expected_n"":50,""preserved_fraction"":1.0,""preserved_n"":50,""preserved_terminated_fraction"":0.56,""preserved_terminated_n"":28,""primary_convention"":""DEC-053 bounded exact decoded-text equality, no normalization or termination requirement"",""query_truncated_n"":22,""reference_truncated_n"":22,""scored_n"":50,""secondary_convention"":""same decoded text and neither side truncated"",""status"":""complete"",""truncated_pair_n"":22,""unavailable_n"":0}"
960d0adeb6cacfcfce93d546,counterfact,R1_learned_ff,1,102,1000,unseen_false_fire,"{""evaluated_value"":0.0,""numerator"":0.0,""planned"":100,""scored"":100,""status"":""complete"",""status_counts"":{""ok"":100},""value"":0.0,""wilson_evaluated"":{""confidence"":0.95,""interpretation"":""descriptive binomial reference; fixed development data/selection and dependent prompts limit population inference"",""lower"":3.469446951953614e-18,""upper"":0.03699349820698568},""wilson_full_inventory"":{""confidence"":0.95,""interpretation"":""descriptive binomial reference; fixed development data/selection and dependent prompts limit population inference"",""lower"":3.469446951953614e-18,""upper"":0.03699349820698568}}"
960d0adeb6cacfcfce93d546,counterfact,R1_learned_ff,1,102,1000,unseen_answer_changed,"{""evaluated_value"":0.0,""numerator"":0.0,""planned"":100,""scored"":100,""status"":""complete"",""status_counts"":{""ok"":100},""value"":0.0}"
960d0adeb6cacfcfce93d546,counterfact,R1_learned_ff,1,102,1000,near_miss,"{""expected_n"":100,""preserved_fraction"":1.0,""preserved_n"":100,""preserved_terminated_fraction"":0.7,""preserved_terminated_n"":70,""primary_convention"":""DEC-053 bounded exact decoded-text equality, no normalization or termination requirement"",""query_truncated_n"":30,""reference_truncated_n"":30,""scored_n"":100,""secondary_convention"":""same decoded text and neither side truncated"",""status"":""complete"",""truncated_pair_n"":30,""unavailable_n"":0}"
960d0adeb6cacfcfce93d546,counterfact,R1_learned_ff,1,102,1000,near_miss_bounded,"{""evaluated_value"":1.0,""numerator"":100.0,""planned"":100,""scored"":100,""status"":""complete"",""status_counts"":{""ok"":100},""value"":1.0}"
960d0adeb6cacfcfce93d546,counterfact,R1_learned_ff,1,102,1000,near_miss_terminated,"{""evaluated_value"":0.7,""numerator"":70.0,""planned"":100,""scored"":100,""status"":""complete"",""status_counts"":{""ok"":100},""value"":0.7}"
960d0adeb6cacfcfce93d546,counterfact,R1_learned_ff,1,102,1000,revision_latest,"{""evaluated_value"":0.98,""numerator"":49.0,""planned"":50,""scored"":50,""status"":""complete"",""status_counts"":{""ok"":50},""value"":0.98}"
960d0adeb6cacfcfce93d546,counterfact,R1_learned_ff,1,102,1000,revision_semantic,"{""evaluated_value"":0.98,""numerator"":49.0,""planned"":50,""scored"":50,""status"":""complete"",""status_counts"":{""ok"":50},""value"":0.98}"
960d0adeb6cacfcfce93d546,counterfact,R1_learned_ff,1,102,1000,old_record_retired,"{""evaluated_value"":1.0,""numerator"":50.0,""planned"":50,""scored"":50,""status"":""complete"",""status_counts"":{""ok"":50},""value"":1.0}"
960d0adeb6cacfcfce93d546,counterfact,R1_learned_ff,1,102,1000,new_record_active,"{""evaluated_value"":1.0,""numerator"":50.0,""planned"":50,""scored"":50,""status"":""complete"",""status_counts"":{""ok"":50},""value"":1.0}"
960d0adeb6cacfcfce93d546,counterfact,R1_learned_ff,1,102,1000,drift,"{""planned_positions"":16256,""references"":{""capoff"":{""ES95_positive_nats"":0.13774695362348457,""ES99_positive_nats"":0.688734768117423,""count_above_0_1_nats"":60,""definition"":""fractional empirical top1% mean of positive NLL harm; denominator .01*N"",""exceedances_nats"":{""0.01"":62,""0.1"":60,""1.0"":36},""max_positive_nats"":10.534407931769223,""maximum_position"":""w124:p51"",""mean_positive_nats"":0.00688734768117423,""mean_signed_nats"":0.006432909116190319,""zero_positive_n"":16193},""original"":{""ES95_positive_nats"":0.13774695362348457,""ES99_positive_nats"":0.688734768117423,""count_above_0_1_nats"":60,""definition"":""fractional empirical top1% mean of positive NLL harm; denominator .01*N"",""exceedances_nats"":{""0.01"":62,""0.1"":60,""1.0"":36},""max_positive_nats"":10.534407931769223,""maximum_position"":""w124:p51"",""mean_positive_nats"":0.00688734768117423,""mean_signed_nats"":0.006432909116190319,""zero_positive_n"":16193}},""scored_positions"":16256,""source_sha256"":""2e67327e54b5fb83e765c2320affcf8cfc4fc30b3996eea06105c850609ee524"",""status"":""complete""}"
6840a40e6e5c90bdc40b89b0,counterfact,R1_learned_ff,1,103,100,LS_terminated,"{""evaluated_value"":0.56,""numerator"":28.0,""planned"":50,""scored"":50,""status"":""complete"",""status_counts"":{""ok"":50},""value"":0.56}"
6840a40e6e5c90bdc40b89b0,counterfact,R1_learned_ff,1,103,100,locality,"{""expected_n"":50,""preserved_fraction"":1.0,""preserved_n"":50,""preserved_terminated_fraction"":0.56,""preserved_terminated_n"":28,""primary_convention"":""DEC-053 bounded exact decoded-text equality, no normalization or termination requirement"",""query_truncated_n"":22,""reference_truncated_n"":22,""scored_n"":50,""secondary_convention"":""same decoded text and neither side truncated"",""status"":""complete"",""truncated_pair_n"":22,""unavailable_n"":0}"
6840a40e6e5c90bdc40b89b0,counterfact,R1_learned_ff,1,103,100,unseen_false_fire,"{""evaluated_value"":0.0,""numerator"":0.0,""planned"":100,""scored"":100,""status"":""complete"",""status_counts"":{""ok"":100},""value"":0.0,""wilson_evaluated"":{""confidence"":0.95,""interpretation"":""descriptive binomial reference; fixed development data/selection and dependent prompts limit population inference"",""lower"":3.469446951953614e-18,""upper"":0.03699349820698568},""wilson_full_inventory"":{""confidence"":0.95,""interpretation"":""descriptive binomial reference; fixed development data/selection and dependent prompts limit population inference"",""lower"":3.469446951953614e-18,""upper"":0.03699349820698568}}"
6840a40e6e5c90bdc40b89b0,counterfact,R1_learned_ff,1,103,100,unseen_answer_changed,"{""evaluated_value"":0.0,""numerator"":0.0,""planned"":100,""scored"":100,""status"":""complete"",""status_counts"":{""ok"":100},""value"":0.0}"
6840a40e6e5c90bdc40b89b0,counterfact,R1_learned_ff,1,103,300,LS_terminated,"{""evaluated_value"":0.56,""numerator"":28.0,""planned"":50,""scored"":50,""status"":""complete"",""status_counts"":{""ok"":50},""value"":0.56}"
6840a40e6e5c90bdc40b89b0,counterfact,R1_learned_ff,1,103,300,locality,"{""expected_n"":50,""preserved_fraction"":1.0,""preserved_n"":50,""preserved_terminated_fraction"":0.56,""preserved_terminated_n"":28,""primary_convention"":""DEC-053 bounded exact decoded-text equality, no normalization or termination requirement"",""query_truncated_n"":22,""reference_truncated_n"":22,""scored_n"":50,""secondary_convention"":""same decoded text and neither side truncated"",""status"":""complete"",""truncated_pair_n"":22,""unavailable_n"":0}"
6840a40e6e5c90bdc40b89b0,counterfact,R1_learned_ff,1,103,300,unseen_false_fire,"{""evaluated_value"":0.0,""numerator"":0.0,""planned"":100,""scored"":100,""status"":""complete"",""status_counts"":{""ok"":100},""value"":0.0,""wilson_evaluated"":{""confidence"":0.95,""interpretation"":""descriptive binomial reference; fixed development data/selection and dependent prompts limit population inference"",""lower"":3.469446951953614e-18,""upper"":0.03699349820698568},""wilson_full_inventory"":{""confidence"":0.95,""interpretation"":""descriptive binomial reference; fixed development data/selection and dependent prompts limit population inference"",""lower"":3.469446951953614e-18,""upper"":0.03699349820698568}}"
6840a40e6e5c90bdc40b89b0,counterfact,R1_learned_ff,1,103,300,unseen_answer_changed,"{""evaluated_value"":0.0,""numerator"":0.0,""planned"":100,""scored"":100,""status"":""complete"",""status_counts"":{""ok"":100},""value"":0.0}"
6840a40e6e5c90bdc40b89b0,counterfact,R1_learned_ff,1,103,1000,LS_terminated,"{""evaluated_value"":0.56,""numerator"":28.0,""planned"":50,""scored"":50,""status"":""complete"",""status_counts"":{""ok"":50},""value"":0.56}"
6840a40e6e5c90bdc40b89b0,counterfact,R1_learned_ff,1,103,1000,locality,"{""expected_n"":50,""preserved_fraction"":1.0,""preserved_n"":50,""preserved_terminated_fraction"":0.56,""preserved_terminated_n"":28,""primary_convention"":""DEC-053 bounded exact decoded-text equality, no normalization or termination requirement"",""query_truncated_n"":22,""reference_truncated_n"":22,""scored_n"":50,""secondary_convention"":""same decoded text and neither side truncated"",""status"":""complete"",""truncated_pair_n"":22,""unavailable_n"":0}"
6840a40e6e5c90bdc40b89b0,counterfact,R1_learned_ff,1,103,1000,unseen_false_fire,"{""evaluated_value"":0.0,""numerator"":0.0,""planned"":100,""scored"":100,""status"":""complete"",""status_counts"":{""ok"":100},""value"":0.0,""wilson_evaluated"":{""confidence"":0.95,""interpretation"":""descriptive binomial reference; fixed development data/selection and dependent prompts limit population inference"",""lower"":3.469446951953614e-18,""upper"":0.03699349820698568},""wilson_full_inventory"":{""confidence"":0.95,""interpretation"":""descriptive binomial reference; fixed development data/selection and dependent prompts limit population inference"",""lower"":3.469446951953614e-18,""upper"":0.03699349820698568}}"
6840a40e6e5c90bdc40b89b0,counterfact,R1_learned_ff,1,103,1000,unseen_answer_changed,"{""evaluated_value"":0.0,""numerator"":0.0,""planned"":100,""scored"":100,""status"":""complete"",""status_counts"":{""ok"":100},""value"":0.0}"
6840a40e6e5c90bdc40b89b0,counterfact,R1_learned_ff,1,103,1000,near_miss,"{""expected_n"":100,""preserved_fraction"":1.0,""preserved_n"":100,""preserved_terminated_fraction"":0.7,""preserved_terminated_n"":70,""primary_convention"":""DEC-053 bounded exact decoded-text equality, no normalization or termination requirement"",""query_truncated_n"":30,""reference_truncated_n"":30,""scored_n"":100,""secondary_convention"":""same decoded text and neither side truncated"",""status"":""complete"",""truncated_pair_n"":30,""unavailable_n"":0}"
6840a40e6e5c90bdc40b89b0,counterfact,R1_learned_ff,1,103,1000,near_miss_bounded,"{""evaluated_value"":1.0,""numerator"":100.0,""planned"":100,""scored"":100,""status"":""complete"",""status_counts"":{""ok"":100},""value"":1.0}"
6840a40e6e5c90bdc40b89b0,counterfact,R1_learned_ff,1,103,1000,near_miss_terminated,"{""evaluated_value"":0.7,""numerator"":70.0,""planned"":100,""scored"":100,""status"":""complete"",""status_counts"":{""ok"":100},""value"":0.7}"
6840a40e6e5c90bdc40b89b0,counterfact,R1_learned_ff,1,103,1000,revision_latest,"{""evaluated_value"":0.98,""numerator"":49.0,""planned"":50,""scored"":50,""status"":""complete"",""status_counts"":{""ok"":50},""value"":0.98}"
6840a40e6e5c90bdc40b89b0,counterfact,R1_learned_ff,1,103,1000,revision_semantic,"{""evaluated_value"":0.98,""numerator"":49.0,""planned"":50,""scored"":50,""status"":""complete"",""status_counts"":{""ok"":50},""value"":0.98}"
6840a40e6e5c90bdc40b89b0,counterfact,R1_learned_ff,1,103,1000,old_record_retired,"{""evaluated_value"":1.0,""numerator"":50.0,""planned"":50,""scored"":50,""status"":""complete"",""status_counts"":{""ok"":50},""value"":1.0}"
6840a40e6e5c90bdc40b89b0,counterfact,R1_learned_ff,1,103,1000,new_record_active,"{""evaluated_value"":1.0,""numerator"":50.0,""planned"":50,""scored"":50,""status"":""complete"",""status_counts"":{""ok"":50},""value"":1.0}"
6840a40e6e5c90bdc40b89b0,counterfact,R1_learned_ff,1,103,1000,drift,"{""planned_positions"":16256,""references"":{""capoff"":{""ES95_positive_nats"":0.13774695362348457,""ES99_positive_nats"":0.688734768117423,""count_above_0_1_nats"":60,""definition"":""fractional empirical top1% mean of positive NLL harm; denominator .01*N"",""exceedances_nats"":{""0.01"":62,""0.1"":60,""1.0"":36},""max_positive_nats"":10.534407931769223,""maximum_position"":""w124:p51"",""mean_positive_nats"":0.00688734768117423,""mean_signed_nats"":0.006432909116190319,""zero_positive_n"":16193},""original"":{""ES95_positive_nats"":0.13774695362348457,""ES99_positive_nats"":0.688734768117423,""count_above_0_1_nats"":60,""definition"":""fractional empirical top1% mean of positive NLL harm; denominator .01*N"",""exceedances_nats"":{""0.01"":62,""0.1"":60,""1.0"":36},""max_positive_nats"":10.534407931769223,""maximum_position"":""w124:p51"",""mean_positive_nats"":0.00688734768117423,""mean_signed_nats"":0.006432909116190319,""zero_positive_n"":16193}},""scored_positions"":16256,""source_sha256"":""2e67327e54b5fb83e765c2320affcf8cfc4fc30b3996eea06105c850609ee524"",""status"":""complete""}"
42ba32e4f07423bee03296b3,counterfact,R1_learned_ff,1,104,100,LS_terminated,"{""evaluated_value"":0.56,""numerator"":28.0,""planned"":50,""scored"":50,""status"":""complete"",""status_counts"":{""ok"":50},""value"":0.56}"
42ba32e4f07423bee03296b3,counterfact,R1_learned_ff,1,104,100,locality,"{""expected_n"":50,""preserved_fraction"":1.0,""preserved_n"":50,""preserved_terminated_fraction"":0.56,""preserved_terminated_n"":28,""primary_convention"":""DEC-053 bounded exact decoded-text equality, no normalization or termination requirement"",""query_truncated_n"":22,""reference_truncated_n"":22,""scored_n"":50,""secondary_convention"":""same decoded text and neither side truncated"",""status"":""complete"",""truncated_pair_n"":22,""unavailable_n"":0}"
42ba32e4f07423bee03296b3,counterfact,R1_learned_ff,1,104,100,unseen_false_fire,"{""evaluated_value"":0.0,""numerator"":0.0,""planned"":100,""scored"":100,""status"":""complete"",""status_counts"":{""ok"":100},""value"":0.0,""wilson_evaluated"":{""confidence"":0.95,""interpretation"":""descriptive binomial reference; fixed development data/selection and dependent prompts limit population inference"",""lower"":3.469446951953614e-18,""upper"":0.03699349820698568},""wilson_full_inventory"":{""confidence"":0.95,""interpretation"":""descriptive binomial reference; fixed development data/selection and dependent prompts limit population inference"",""lower"":3.469446951953614e-18,""upper"":0.03699349820698568}}"
42ba32e4f07423bee03296b3,counterfact,R1_learned_ff,1,104,100,unseen_answer_changed,"{""evaluated_value"":0.0,""numerator"":0.0,""planned"":100,""scored"":100,""status"":""complete"",""status_counts"":{""ok"":100},""value"":0.0}"
42ba32e4f07423bee03296b3,counterfact,R1_learned_ff,1,104,300,LS_terminated,"{""evaluated_value"":0.56,""numerator"":28.0,""planned"":50,""scored"":50,""status"":""complete"",""status_counts"":{""ok"":50},""value"":0.56}"
42ba32e4f07423bee03296b3,counterfact,R1_learned_ff,1,104,300,locality,"{""expected_n"":50,""preserved_fraction"":1.0,""preserved_n"":50,""preserved_terminated_fraction"":0.56,""preserved_terminated_n"":28,""primary_convention"":""DEC-053 bounded exact decoded-text equality, no normalization or termination requirement"",""query_truncated_n"":22,""reference_truncated_n"":22,""scored_n"":50,""secondary_convention"":""same decoded text and neither side truncated"",""status"":""complete"",""truncated_pair_n"":22,""unavailable_n"":0}"
42ba32e4f07423bee03296b3,counterfact,R1_learned_ff,1,104,300,unseen_false_fire,"{""evaluated_value"":0.0,""numerator"":0.0,""planned"":100,""scored"":100,""status"":""complete"",""status_counts"":{""ok"":100},""value"":0.0,""wilson_evaluated"":{""confidence"":0.95,""interpretation"":""descriptive binomial reference; fixed development data/selection and dependent prompts limit population inference"",""lower"":3.469446951953614e-18,""upper"":0.03699349820698568},""wilson_full_inventory"":{""confidence"":0.95,""interpretation"":""descriptive binomial reference; fixed development data/selection and dependent prompts limit population inference"",""lower"":3.469446951953614e-18,""upper"":0.03699349820698568}}"
42ba32e4f07423bee03296b3,counterfact,R1_learned_ff,1,104,300,unseen_answer_changed,"{""evaluated_value"":0.0,""numerator"":0.0,""planned"":100,""scored"":100,""status"":""complete"",""status_counts"":{""ok"":100},""value"":0.0}"
42ba32e4f07423bee03296b3,counterfact,R1_learned_ff,1,104,1000,LS_terminated,"{""evaluated_value"":0.56,""numerator"":28.0,""planned"":50,""scored"":50,""status"":""complete"",""status_counts"":{""ok"":50},""value"":0.56}"
42ba32e4f07423bee03296b3,counterfact,R1_learned_ff,1,104,1000,locality,"{""expected_n"":50,""preserved_fraction"":1.0,""preserved_n"":50,""preserved_terminated_fraction"":0.56,""preserved_terminated_n"":28,""primary_convention"":""DEC-053 bounded exact decoded-text equality, no normalization or termination requirement"",""query_truncated_n"":22,""reference_truncated_n"":22,""scored_n"":50,""secondary_convention"":""same decoded text and neither side truncated"",""status"":""complete"",""truncated_pair_n"":22,""unavailable_n"":0}"
42ba32e4f07423bee03296b3,counterfact,R1_learned_ff,1,104,1000,unseen_false_fire,"{""evaluated_value"":0.0,""numerator"":0.0,""planned"":100,""scored"":100,""status"":""complete"",""status_counts"":{""ok"":100},""value"":0.0,""wilson_evaluated"":{""confidence"":0.95,""interpretation"":""descriptive binomial reference; fixed development data/selection and dependent prompts limit population inference"",""lower"":3.469446951953614e-18,""upper"":0.03699349820698568},""wilson_full_inventory"":{""confidence"":0.95,""interpretation"":""descriptive binomial reference; fixed development data/selection and dependent prompts limit population inference"",""lower"":3.469446951953614e-18,""upper"":0.03699349820698568}}"
42ba32e4f07423bee03296b3,counterfact,R1_learned_ff,1,104,1000,unseen_answer_changed,"{""evaluated_value"":0.0,""numerator"":0.0,""planned"":100,""scored"":100,""status"":""complete"",""status_counts"":{""ok"":100},""value"":0.0}"
42ba32e4f07423bee03296b3,counterfact,R1_learned_ff,1,104,1000,near_miss,"{""expected_n"":100,""preserved_fraction"":1.0,""preserved_n"":100,""preserved_terminated_fraction"":0.7,""preserved_terminated_n"":70,""primary_convention"":""DEC-053 bounded exact decoded-text equality, no normalization or termination requirement"",""query_truncated_n"":30,""reference_truncated_n"":30,""scored_n"":100,""secondary_convention"":""same decoded text and neither side truncated"",""status"":""complete"",""truncated_pair_n"":30,""unavailable_n"":0}"
42ba32e4f07423bee03296b3,counterfact,R1_learned_ff,1,104,1000,near_miss_bounded,"{""evaluated_value"":1.0,""numerator"":100.0,""planned"":100,""scored"":100,""status"":""complete"",""status_counts"":{""ok"":100},""value"":1.0}"
42ba32e4f07423bee03296b3,counterfact,R1_learned_ff,1,104,1000,near_miss_terminated,"{""evaluated_value"":0.7,""numerator"":70.0,""planned"":100,""scored"":100,""status"":""complete"",""status_counts"":{""ok"":100},""value"":0.7}"
42ba32e4f07423bee03296b3,counterfact,R1_learned_ff,1,104,1000,revision_latest,"{""evaluated_value"":0.98,""numerator"":49.0,""planned"":50,""scored"":50,""status"":""complete"",""status_counts"":{""ok"":50},""value"":0.98}"
42ba32e4f07423bee03296b3,counterfact,R1_learned_ff,1,104,1000,revision_semantic,"{""evaluated_value"":0.98,""numerator"":49.0,""planned"":50,""scored"":50,""status"":""complete"",""status_counts"":{""ok"":50},""value"":0.98}"
42ba32e4f07423bee03296b3,counterfact,R1_learned_ff,1,104,1000,old_record_retired,"{""evaluated_value"":1.0,""numerator"":50.0,""planned"":50,""scored"":50,""status"":""complete"",""status_counts"":{""ok"":50},""value"":1.0}"
42ba32e4f07423bee03296b3,counterfact,R1_learned_ff,1,104,1000,new_record_active,"{""evaluated_value"":1.0,""numerator"":50.0,""planned"":50,""scored"":50,""status"":""complete"",""status_counts"":{""ok"":50},""value"":1.0}"
42ba32e4f07423bee03296b3,counterfact,R1_learned_ff,1,104,1000,drift,"{""planned_positions"":16256,""references"":{""capoff"":{""ES95_positive_nats"":0.13774695362348457,""ES99_positive_nats"":0.688734768117423,""count_above_0_1_nats"":60,""definition"":""fractional empirical top1% mean of positive NLL harm; denominator .01*N"",""exceedances_nats"":{""0.01"":62,""0.1"":60,""1.0"":36},""max_positive_nats"":10.534407931769223,""maximum_position"":""w124:p51"",""mean_positive_nats"":0.00688734768117423,""mean_signed_nats"":0.006432909116190319,""zero_positive_n"":16193},""original"":{""ES95_positive_nats"":0.13774695362348457,""ES99_positive_nats"":0.688734768117423,""count_above_0_1_nats"":60,""definition"":""fractional empirical top1% mean of positive NLL harm; denominator .01*N"",""exceedances_nats"":{""0.01"":62,""0.1"":60,""1.0"":36},""max_positive_nats"":10.534407931769223,""maximum_position"":""w124:p51"",""mean_positive_nats"":0.00688734768117423,""mean_signed_nats"":0.006432909116190319,""zero_positive_n"":16193}},""scored_positions"":16256,""source_sha256"":""2e67327e54b5fb83e765c2320affcf8cfc4fc30b3996eea06105c850609ee524"",""status"":""complete""}"
19964c4e7f737707baad94a5,mquake,R1_learned_ff,1,100,100,LS_terminated,"{""evaluated_value"":0.5,""numerator"":25.0,""planned"":50,""scored"":50,""status"":""complete"",""status_counts"":{""ok"":50},""value"":0.5}"
19964c4e7f737707baad94a5,mquake,R1_learned_ff,1,100,100,locality,"{""expected_n"":50,""preserved_fraction"":1.0,""preserved_n"":50,""preserved_terminated_fraction"":0.5,""preserved_terminated_n"":25,""primary_convention"":""DEC-053 bounded exact decoded-text equality, no normalization or termination requirement"",""query_truncated_n"":25,""reference_truncated_n"":25,""scored_n"":50,""secondary_convention"":""same decoded text and neither side truncated"",""status"":""complete"",""truncated_pair_n"":25,""unavailable_n"":0}"
19964c4e7f737707baad94a5,mquake,R1_learned_ff,1,100,100,unseen_false_fire,"{""evaluated_value"":0.0,""numerator"":0.0,""planned"":100,""scored"":100,""status"":""complete"",""status_counts"":{""ok"":100},""value"":0.0,""wilson_evaluated"":{""confidence"":0.95,""interpretation"":""descriptive binomial reference; fixed development data/selection and dependent prompts limit population inference"",""lower"":3.469446951953614e-18,""upper"":0.03699349820698568},""wilson_full_inventory"":{""confidence"":0.95,""interpretation"":""descriptive binomial reference; fixed development data/selection and dependent prompts limit population inference"",""lower"":3.469446951953614e-18,""upper"":0.03699349820698568}}"
19964c4e7f737707baad94a5,mquake,R1_learned_ff,1,100,100,unseen_answer_changed,"{""evaluated_value"":0.0,""numerator"":0.0,""planned"":100,""scored"":100,""status"":""complete"",""status_counts"":{""ok"":100},""value"":0.0}"
19964c4e7f737707baad94a5,mquake,R1_learned_ff,1,100,300,LS_terminated,"{""evaluated_value"":0.5,""numerator"":25.0,""planned"":50,""scored"":50,""status"":""complete"",""status_counts"":{""ok"":50},""value"":0.5}"
19964c4e7f737707baad94a5,mquake,R1_learned_ff,1,100,300,locality,"{""expected_n"":50,""preserved_fraction"":1.0,""preserved_n"":50,""preserved_terminated_fraction"":0.5,""preserved_terminated_n"":25,""primary_convention"":""DEC-053 bounded exact decoded-text equality, no normalization or termination requirement"",""query_truncated_n"":25,""reference_truncated_n"":25,""scored_n"":50,""secondary_convention"":""same decoded text and neither side truncated"",""status"":""complete"",""truncated_pair_n"":25,""unavailable_n"":0}"
19964c4e7f737707baad94a5,mquake,R1_learned_ff,1,100,300,unseen_false_fire,"{""evaluated_value"":0.0,""numerator"":0.0,""planned"":100,""scored"":100,""status"":""complete"",""status_counts"":{""ok"":100},""value"":0.0,""wilson_evaluated"":{""confidence"":0.95,""interpretation"":""descriptive binomial reference; fixed development data/selection and dependent prompts limit population inference"",""lower"":3.469446951953614e-18,""upper"":0.03699349820698568},""wilson_full_inventory"":{""confidence"":0.95,""interpretation"":""descriptive binomial reference; fixed development data/selection and dependent prompts limit population inference"",""lower"":3.469446951953614e-18,""upper"":0.03699349820698568}}"
19964c4e7f737707baad94a5,mquake,R1_learned_ff,1,100,300,unseen_answer_changed,"{""evaluated_value"":0.0,""numerator"":0.0,""planned"":100,""scored"":100,""status"":""complete"",""status_counts"":{""ok"":100},""value"":0.0}"
19964c4e7f737707baad94a5,mquake,R1_learned_ff,1,100,300,near_miss,"{""expected_n"":100,""preserved_fraction"":1.0,""preserved_n"":100,""preserved_terminated_fraction"":0.42,""preserved_terminated_n"":42,""primary_convention"":""DEC-053 bounded exact decoded-text equality, no normalization or termination requirement"",""query_truncated_n"":58,""reference_truncated_n"":58,""scored_n"":100,""secondary_convention"":""same decoded text and neither side truncated"",""status"":""complete"",""truncated_pair_n"":58,""unavailable_n"":0}"
19964c4e7f737707baad94a5,mquake,R1_learned_ff,1,100,300,near_miss_bounded,"{""evaluated_value"":1.0,""numerator"":100.0,""planned"":100,""scored"":100,""status"":""complete"",""status_counts"":{""ok"":100},""value"":1.0}"
19964c4e7f737707baad94a5,mquake,R1_learned_ff,1,100,300,near_miss_terminated,"{""evaluated_value"":0.42,""numerator"":42.0,""planned"":100,""scored"":100,""status"":""complete"",""status_counts"":{""ok"":100},""value"":0.42}"
19964c4e7f737707baad94a5,mquake,R1_learned_ff,1,100,300,revision_latest,"{""evaluated_value"":1.0,""numerator"":50.0,""planned"":50,""scored"":50,""status"":""complete"",""status_counts"":{""ok"":50},""value"":1.0}"
19964c4e7f737707baad94a5,mquake,R1_learned_ff,1,100,300,revision_semantic,"{""evaluated_value"":1.0,""numerator"":50.0,""planned"":50,""scored"":50,""status"":""complete"",""status_counts"":{""ok"":50},""value"":1.0}"
19964c4e7f737707baad94a5,mquake,R1_learned_ff,1,100,300,old_record_retired,"{""evaluated_value"":1.0,""numerator"":50.0,""planned"":50,""scored"":50,""status"":""complete"",""status_counts"":{""ok"":50},""value"":1.0}"
19964c4e7f737707baad94a5,mquake,R1_learned_ff,1,100,300,new_record_active,"{""evaluated_value"":1.0,""numerator"":50.0,""planned"":50,""scored"":50,""status"":""complete"",""status_counts"":{""ok"":50},""value"":1.0}"
19964c4e7f737707baad94a5,mquake,R1_learned_ff,1,100,300,drift,"{""planned_positions"":16256,""references"":{""capoff"":{""ES95_positive_nats"":0.17844871623786204,""ES99_positive_nats"":0.8922435811893102,""count_above_0_1_nats"":81,""definition"":""fractional empirical top1% mean of positive NLL harm; denominator .01*N"",""exceedances_nats"":{""0.01"":91,""0.1"":81,""1.0"":46},""max_positive_nats"":7.7074708083354295,""maximum_position"":""w19:p59"",""mean_positive_nats"":0.008922435811893102,""mean_signed_nats"":0.008483087761869741,""zero_positive_n"":16164},""original"":{""ES95_positive_nats"":0.17844871623786204,""ES99_positive_nats"":0.8922435811893102,""count_above_0_1_nats"":81,""definition"":""fractional empirical top1% mean of positive NLL harm; denominator .01*N"",""exceedances_nats"":{""0.01"":91,""0.1"":81,""1.0"":46},""max_positive_nats"":7.7074708083354295,""maximum_position"":""w19:p59"",""mean_positive_nats"":0.008922435811893102,""mean_signed_nats"":0.008483087761869741,""zero_positive_n"":16164}},""scored_positions"":16256,""source_sha256"":""2e67327e54b5fb83e765c2320affcf8cfc4fc30b3996eea06105c850609ee524"",""status"":""complete""}"
40ec11c9694b4265a013c682,mquake,R1_learned_ff,1,101,100,LS_terminated,"{""evaluated_value"":0.5,""numerator"":25.0,""planned"":50,""scored"":50,""status"":""complete"",""status_counts"":{""ok"":50},""value"":0.5}"
40ec11c9694b4265a013c682,mquake,R1_learned_ff,1,101,100,locality,"{""expected_n"":50,""preserved_fraction"":1.0,""preserved_n"":50,""preserved_terminated_fraction"":0.5,""preserved_terminated_n"":25,""primary_convention"":""DEC-053 bounded exact decoded-text equality, no normalization or termination requirement"",""query_truncated_n"":25,""reference_truncated_n"":25,""scored_n"":50,""secondary_convention"":""same decoded text and neither side truncated"",""status"":""complete"",""truncated_pair_n"":25,""unavailable_n"":0}"
40ec11c9694b4265a013c682,mquake,R1_learned_ff,1,101,100,unseen_false_fire,"{""evaluated_value"":0.0,""numerator"":0.0,""planned"":100,""scored"":100,""status"":""complete"",""status_counts"":{""ok"":100},""value"":0.0,""wilson_evaluated"":{""confidence"":0.95,""interpretation"":""descriptive binomial reference; fixed development data/selection and dependent prompts limit population inference"",""lower"":3.469446951953614e-18,""upper"":0.03699349820698568},""wilson_full_inventory"":{""confidence"":0.95,""interpretation"":""descriptive binomial reference; fixed development data/selection and dependent prompts limit population inference"",""lower"":3.469446951953614e-18,""upper"":0.03699349820698568}}"
40ec11c9694b4265a013c682,mquake,R1_learned_ff,1,101,100,unseen_answer_changed,"{""evaluated_value"":0.0,""numerator"":0.0,""planned"":100,""scored"":100,""status"":""complete"",""status_counts"":{""ok"":100},""value"":0.0}"
40ec11c9694b4265a013c682,mquake,R1_learned_ff,1,101,300,LS_terminated,"{""evaluated_value"":0.5,""numerator"":25.0,""planned"":50,""scored"":50,""status"":""complete"",""status_counts"":{""ok"":50},""value"":0.5}"
40ec11c9694b4265a013c682,mquake,R1_learned_ff,1,101,300,locality,"{""expected_n"":50,""preserved_fraction"":1.0,""preserved_n"":50,""preserved_terminated_fraction"":0.5,""preserved_terminated_n"":25,""primary_convention"":""DEC-053 bounded exact decoded-text equality, no normalization or termination requirement"",""query_truncated_n"":25,""reference_truncated_n"":25,""scored_n"":50,""secondary_convention"":""same decoded text and neither side truncated"",""status"":""complete"",""truncated_pair_n"":25,""unavailable_n"":0}"
40ec11c9694b4265a013c682,mquake,R1_learned_ff,1,101,300,unseen_false_fire,"{""evaluated_value"":0.0,""numerator"":0.0,""planned"":100,""scored"":100,""status"":""complete"",""status_counts"":{""ok"":100},""value"":0.0,""wilson_evaluated"":{""confidence"":0.95,""interpretation"":""descriptive binomial reference; fixed development data/selection and dependent prompts limit population inference"",""lower"":3.469446951953614e-18,""upper"":0.03699349820698568},""wilson_full_inventory"":{""confidence"":0.95,""interpretation"":""descriptive binomial reference; fixed development data/selection and dependent prompts limit population inference"",""lower"":3.469446951953614e-18,""upper"":0.03699349820698568}}"
40ec11c9694b4265a013c682,mquake,R1_learned_ff,1,101,300,unseen_answer_changed,"{""evaluated_value"":0.0,""numerator"":0.0,""planned"":100,""scored"":100,""status"":""complete"",""status_counts"":{""ok"":100},""value"":0.0}"
40ec11c9694b4265a013c682,mquake,R1_learned_ff,1,101,300,near_miss,"{""expected_n"":100,""preserved_fraction"":1.0,""preserved_n"":100,""preserved_terminated_fraction"":0.42,""preserved_terminated_n"":42,""primary_convention"":""DEC-053 bounded exact decoded-text equality, no normalization or termination requirement"",""query_truncated_n"":58,""reference_truncated_n"":58,""scored_n"":100,""secondary_convention"":""same decoded text and neither side truncated"",""status"":""complete"",""truncated_pair_n"":58,""unavailable_n"":0}"
40ec11c9694b4265a013c682,mquake,R1_learned_ff,1,101,300,near_miss_bounded,"{""evaluated_value"":1.0,""numerator"":100.0,""planned"":100,""scored"":100,""status"":""complete"",""status_counts"":{""ok"":100},""value"":1.0}"
40ec11c9694b4265a013c682,mquake,R1_learned_ff,1,101,300,near_miss_terminated,"{""evaluated_value"":0.42,""numerator"":42.0,""planned"":100,""scored"":100,""status"":""complete"",""status_counts"":{""ok"":100},""value"":0.42}"
40ec11c9694b4265a013c682,mquake,R1_learned_ff,1,101,300,revision_latest,"{""evaluated_value"":1.0,""numerator"":50.0,""planned"":50,""scored"":50,""status"":""complete"",""status_counts"":{""ok"":50},""value"":1.0}"
40ec11c9694b4265a013c682,mquake,R1_learned_ff,1,101,300,revision_semantic,"{""evaluated_value"":1.0,""numerator"":50.0,""planned"":50,""scored"":50,""status"":""complete"",""status_counts"":{""ok"":50},""value"":1.0}"
40ec11c9694b4265a013c682,mquake,R1_learned_ff,1,101,300,old_record_retired,"{""evaluated_value"":1.0,""numerator"":50.0,""planned"":50,""scored"":50,""status"":""complete"",""status_counts"":{""ok"":50},""value"":1.0}"
40ec11c9694b4265a013c682,mquake,R1_learned_ff,1,101,300,new_record_active,"{""evaluated_value"":1.0,""numerator"":50.0,""planned"":50,""scored"":50,""status"":""complete"",""status_counts"":{""ok"":50},""value"":1.0}"
40ec11c9694b4265a013c682,mquake,R1_learned_ff,1,101,300,drift,"{""planned_positions"":16256,""references"":{""capoff"":{""ES95_positive_nats"":0.17844871623786204,""ES99_positive_nats"":0.8922435811893102,""count_above_0_1_nats"":81,""definition"":""fractional empirical top1% mean of positive NLL harm; denominator .01*N"",""exceedances_nats"":{""0.01"":91,""0.1"":81,""1.0"":46},""max_positive_nats"":7.7074708083354295,""maximum_position"":""w19:p59"",""mean_positive_nats"":0.008922435811893102,""mean_signed_nats"":0.008483087761869741,""zero_positive_n"":16164},""original"":{""ES95_positive_nats"":0.17844871623786204,""ES99_positive_nats"":0.8922435811893102,""count_above_0_1_nats"":81,""definition"":""fractional empirical top1% mean of positive NLL harm; denominator .01*N"",""exceedances_nats"":{""0.01"":91,""0.1"":81,""1.0"":46},""max_positive_nats"":7.7074708083354295,""maximum_position"":""w19:p59"",""mean_positive_nats"":0.008922435811893102,""mean_signed_nats"":0.008483087761869741,""zero_positive_n"":16164}},""scored_positions"":16256,""source_sha256"":""2e67327e54b5fb83e765c2320affcf8cfc4fc30b3996eea06105c850609ee524"",""status"":""complete""}"
f0642100f6eb9cd77e92f439,mquake,R1_learned_ff,1,102,100,LS_terminated,"{""evaluated_value"":0.5,""numerator"":25.0,""planned"":50,""scored"":50,""status"":""complete"",""status_counts"":{""ok"":50},""value"":0.5}"
f0642100f6eb9cd77e92f439,mquake,R1_learned_ff,1,102,100,locality,"{""expected_n"":50,""preserved_fraction"":1.0,""preserved_n"":50,""preserved_terminated_fraction"":0.5,""preserved_terminated_n"":25,""primary_convention"":""DEC-053 bounded exact decoded-text equality, no normalization or termination requirement"",""query_truncated_n"":25,""reference_truncated_n"":25,""scored_n"":50,""secondary_convention"":""same decoded text and neither side truncated"",""status"":""complete"",""truncated_pair_n"":25,""unavailable_n"":0}"
f0642100f6eb9cd77e92f439,mquake,R1_learned_ff,1,102,100,unseen_false_fire,"{""evaluated_value"":0.0,""numerator"":0.0,""planned"":100,""scored"":100,""status"":""complete"",""status_counts"":{""ok"":100},""value"":0.0,""wilson_evaluated"":{""confidence"":0.95,""interpretation"":""descriptive binomial reference; fixed development data/selection and dependent prompts limit population inference"",""lower"":3.469446951953614e-18,""upper"":0.03699349820698568},""wilson_full_inventory"":{""confidence"":0.95,""interpretation"":""descriptive binomial reference; fixed development data/selection and dependent prompts limit population inference"",""lower"":3.469446951953614e-18,""upper"":0.03699349820698568}}"
f0642100f6eb9cd77e92f439,mquake,R1_learned_ff,1,102,100,unseen_answer_changed,"{""evaluated_value"":0.0,""numerator"":0.0,""planned"":100,""scored"":100,""status"":""complete"",""status_counts"":{""ok"":100},""value"":0.0}"
f0642100f6eb9cd77e92f439,mquake,R1_learned_ff,1,102,300,LS_terminated,"{""evaluated_value"":0.5,""numerator"":25.0,""planned"":50,""scored"":50,""status"":""complete"",""status_counts"":{""ok"":50},""value"":0.5}"
f0642100f6eb9cd77e92f439,mquake,R1_learned_ff,1,102,300,locality,"{""expected_n"":50,""preserved_fraction"":1.0,""preserved_n"":50,""preserved_terminated_fraction"":0.5,""preserved_terminated_n"":25,""primary_convention"":""DEC-053 bounded exact decoded-text equality, no normalization or termination requirement"",""query_truncated_n"":25,""reference_truncated_n"":25,""scored_n"":50,""secondary_convention"":""same decoded text and neither side truncated"",""status"":""complete"",""truncated_pair_n"":25,""unavailable_n"":0}"
f0642100f6eb9cd77e92f439,mquake,R1_learned_ff,1,102,300,unseen_false_fire,"{""evaluated_value"":0.0,""numerator"":0.0,""planned"":100,""scored"":100,""status"":""complete"",""status_counts"":{""ok"":100},""value"":0.0,""wilson_evaluated"":{""confidence"":0.95,""interpretation"":""descriptive binomial reference; fixed development data/selection and dependent prompts limit population inference"",""lower"":3.469446951953614e-18,""upper"":0.03699349820698568},""wilson_full_inventory"":{""confidence"":0.95,""interpretation"":""descriptive binomial reference; fixed development data/selection and dependent prompts limit population inference"",""lower"":3.469446951953614e-18,""upper"":0.03699349820698568}}"
f0642100f6eb9cd77e92f439,mquake,R1_learned_ff,1,102,300,unseen_answer_changed,"{""evaluated_value"":0.0,""numerator"":0.0,""planned"":100,""scored"":100,""status"":""complete"",""status_counts"":{""ok"":100},""value"":0.0}"
f0642100f6eb9cd77e92f439,mquake,R1_learned_ff,1,102,300,near_miss,"{""expected_n"":100,""preserved_fraction"":1.0,""preserved_n"":100,""preserved_terminated_fraction"":0.42,""preserved_terminated_n"":42,""primary_convention"":""DEC-053 bounded exact decoded-text equality, no normalization or termination requirement"",""query_truncated_n"":58,""reference_truncated_n"":58,""scored_n"":100,""secondary_convention"":""same decoded text and neither side truncated"",""status"":""complete"",""truncated_pair_n"":58,""unavailable_n"":0}"
f0642100f6eb9cd77e92f439,mquake,R1_learned_ff,1,102,300,near_miss_bounded,"{""evaluated_value"":1.0,""numerator"":100.0,""planned"":100,""scored"":100,""status"":""complete"",""status_counts"":{""ok"":100},""value"":1.0}"
f0642100f6eb9cd77e92f439,mquake,R1_learned_ff,1,102,300,near_miss_terminated,"{""evaluated_value"":0.42,""numerator"":42.0,""planned"":100,""scored"":100,""status"":""complete"",""status_counts"":{""ok"":100},""value"":0.42}"
f0642100f6eb9cd77e92f439,mquake,R1_learned_ff,1,102,300,revision_latest,"{""evaluated_value"":1.0,""numerator"":50.0,""planned"":50,""scored"":50,""status"":""complete"",""status_counts"":{""ok"":50},""value"":1.0}"
f0642100f6eb9cd77e92f439,mquake,R1_learned_ff,1,102,300,revision_semantic,"{""evaluated_value"":1.0,""numerator"":50.0,""planned"":50,""scored"":50,""status"":""complete"",""status_counts"":{""ok"":50},""value"":1.0}"
f0642100f6eb9cd77e92f439,mquake,R1_learned_ff,1,102,300,old_record_retired,"{""evaluated_value"":1.0,""numerator"":50.0,""planned"":50,""scored"":50,""status"":""complete"",""status_counts"":{""ok"":50},""value"":1.0}"
f0642100f6eb9cd77e92f439,mquake,R1_learned_ff,1,102,300,new_record_active,"{""evaluated_value"":1.0,""numerator"":50.0,""planned"":50,""scored"":50,""status"":""complete"",""status_counts"":{""ok"":50},""value"":1.0}"
f0642100f6eb9cd77e92f439,mquake,R1_learned_ff,1,102,300,drift,"{""planned_positions"":16256,""references"":{""capoff"":{""ES95_positive_nats"":0.17844871623786204,""ES99_positive_nats"":0.8922435811893102,""count_above_0_1_nats"":81,""definition"":""fractional empirical top1% mean of positive NLL harm; denominator .01*N"",""exceedances_nats"":{""0.01"":91,""0.1"":81,""1.0"":46},""max_positive_nats"":7.7074708083354295,""maximum_position"":""w19:p59"",""mean_positive_nats"":0.008922435811893102,""mean_signed_nats"":0.008483087761869741,""zero_positive_n"":16164},""original"":{""ES95_positive_nats"":0.17844871623786204,""ES99_positive_nats"":0.8922435811893102,""count_above_0_1_nats"":81,""definition"":""fractional empirical top1% mean of positive NLL harm; denominator .01*N"",""exceedances_nats"":{""0.01"":91,""0.1"":81,""1.0"":46},""max_positive_nats"":7.7074708083354295,""maximum_position"":""w19:p59"",""mean_positive_nats"":0.008922435811893102,""mean_signed_nats"":0.008483087761869741,""zero_positive_n"":16164}},""scored_positions"":16256,""source_sha256"":""2e67327e54b5fb83e765c2320affcf8cfc4fc30b3996eea06105c850609ee524"",""status"":""complete""}"
b7ff3139c3f3eeb3ff7e9c80,mquake,R1_learned_ff,1,103,100,LS_terminated,"{""evaluated_value"":0.5,""numerator"":25.0,""planned"":50,""scored"":50,""status"":""complete"",""status_counts"":{""ok"":50},""value"":0.5}"
b7ff3139c3f3eeb3ff7e9c80,mquake,R1_learned_ff,1,103,100,locality,"{""expected_n"":50,""preserved_fraction"":1.0,""preserved_n"":50,""preserved_terminated_fraction"":0.5,""preserved_terminated_n"":25,""primary_convention"":""DEC-053 bounded exact decoded-text equality, no normalization or termination requirement"",""query_truncated_n"":25,""reference_truncated_n"":25,""scored_n"":50,""secondary_convention"":""same decoded text and neither side truncated"",""status"":""complete"",""truncated_pair_n"":25,""unavailable_n"":0}"
b7ff3139c3f3eeb3ff7e9c80,mquake,R1_learned_ff,1,103,100,unseen_false_fire,"{""evaluated_value"":0.0,""numerator"":0.0,""planned"":100,""scored"":100,""status"":""complete"",""status_counts"":{""ok"":100},""value"":0.0,""wilson_evaluated"":{""confidence"":0.95,""interpretation"":""descriptive binomial reference; fixed development data/selection and dependent prompts limit population inference"",""lower"":3.469446951953614e-18,""upper"":0.03699349820698568},""wilson_full_inventory"":{""confidence"":0.95,""interpretation"":""descriptive binomial reference; fixed development data/selection and dependent prompts limit population inference"",""lower"":3.469446951953614e-18,""upper"":0.03699349820698568}}"
b7ff3139c3f3eeb3ff7e9c80,mquake,R1_learned_ff,1,103,100,unseen_answer_changed,"{""evaluated_value"":0.0,""numerator"":0.0,""planned"":100,""scored"":100,""status"":""complete"",""status_counts"":{""ok"":100},""value"":0.0}"
b7ff3139c3f3eeb3ff7e9c80,mquake,R1_learned_ff,1,103,300,LS_terminated,"{""evaluated_value"":0.5,""numerator"":25.0,""planned"":50,""scored"":50,""status"":""complete"",""status_counts"":{""ok"":50},""value"":0.5}"
b7ff3139c3f3eeb3ff7e9c80,mquake,R1_learned_ff,1,103,300,locality,"{""expected_n"":50,""preserved_fraction"":1.0,""preserved_n"":50,""preserved_terminated_fraction"":0.5,""preserved_terminated_n"":25,""primary_convention"":""DEC-053 bounded exact decoded-text equality, no normalization or termination requirement"",""query_truncated_n"":25,""reference_truncated_n"":25,""scored_n"":50,""secondary_convention"":""same decoded text and neither side truncated"",""status"":""complete"",""truncated_pair_n"":25,""unavailable_n"":0}"
b7ff3139c3f3eeb3ff7e9c80,mquake,R1_learned_ff,1,103,300,unseen_false_fire,"{""evaluated_value"":0.0,""numerator"":0.0,""planned"":100,""scored"":100,""status"":""complete"",""status_counts"":{""ok"":100},""value"":0.0,""wilson_evaluated"":{""confidence"":0.95,""interpretation"":""descriptive binomial reference; fixed development data/selection and dependent prompts limit population inference"",""lower"":3.469446951953614e-18,""upper"":0.03699349820698568},""wilson_full_inventory"":{""confidence"":0.95,""interpretation"":""descriptive binomial reference; fixed development data/selection and dependent prompts limit population inference"",""lower"":3.469446951953614e-18,""upper"":0.03699349820698568}}"
b7ff3139c3f3eeb3ff7e9c80,mquake,R1_learned_ff,1,103,300,unseen_answer_changed,"{""evaluated_value"":0.0,""numerator"":0.0,""planned"":100,""scored"":100,""status"":""complete"",""status_counts"":{""ok"":100},""value"":0.0}"
b7ff3139c3f3eeb3ff7e9c80,mquake,R1_learned_ff,1,103,300,near_miss,"{""expected_n"":100,""preserved_fraction"":1.0,""preserved_n"":100,""preserved_terminated_fraction"":0.42,""preserved_terminated_n"":42,""primary_convention"":""DEC-053 bounded exact decoded-text equality, no normalization or termination requirement"",""query_truncated_n"":58,""reference_truncated_n"":58,""scored_n"":100,""secondary_convention"":""same decoded text and neither side truncated"",""status"":""complete"",""truncated_pair_n"":58,""unavailable_n"":0}"
b7ff3139c3f3eeb3ff7e9c80,mquake,R1_learned_ff,1,103,300,near_miss_bounded,"{""evaluated_value"":1.0,""numerator"":100.0,""planned"":100,""scored"":100,""status"":""complete"",""status_counts"":{""ok"":100},""value"":1.0}"
b7ff3139c3f3eeb3ff7e9c80,mquake,R1_learned_ff,1,103,300,near_miss_terminated,"{""evaluated_value"":0.42,""numerator"":42.0,""planned"":100,""scored"":100,""status"":""complete"",""status_counts"":{""ok"":100},""value"":0.42}"
b7ff3139c3f3eeb3ff7e9c80,mquake,R1_learned_ff,1,103,300,revision_latest,"{""evaluated_value"":1.0,""numerator"":50.0,""planned"":50,""scored"":50,""status"":""complete"",""status_counts"":{""ok"":50},""value"":1.0}"
b7ff3139c3f3eeb3ff7e9c80,mquake,R1_learned_ff,1,103,300,revision_semantic,"{""evaluated_value"":1.0,""numerator"":50.0,""planned"":50,""scored"":50,""status"":""complete"",""status_counts"":{""ok"":50},""value"":1.0}"
b7ff3139c3f3eeb3ff7e9c80,mquake,R1_learned_ff,1,103,300,old_record_retired,"{""evaluated_value"":1.0,""numerator"":50.0,""planned"":50,""scored"":50,""status"":""complete"",""status_counts"":{""ok"":50},""value"":1.0}"
b7ff3139c3f3eeb3ff7e9c80,mquake,R1_learned_ff,1,103,300,new_record_active,"{""evaluated_value"":1.0,""numerator"":50.0,""planned"":50,""scored"":50,""status"":""complete"",""status_counts"":{""ok"":50},""value"":1.0}"
b7ff3139c3f3eeb3ff7e9c80,mquake,R1_learned_ff,1,103,300,drift,"{""planned_positions"":16256,""references"":{""capoff"":{""ES95_positive_nats"":0.17844871623786204,""ES99_positive_nats"":0.8922435811893102,""count_above_0_1_nats"":81,""definition"":""fractional empirical top1% mean of positive NLL harm; denominator .01*N"",""exceedances_nats"":{""0.01"":91,""0.1"":81,""1.0"":46},""max_positive_nats"":7.7074708083354295,""maximum_position"":""w19:p59"",""mean_positive_nats"":0.008922435811893102,""mean_signed_nats"":0.008483087761869741,""zero_positive_n"":16164},""original"":{""ES95_positive_nats"":0.17844871623786204,""ES99_positive_nats"":0.8922435811893102,""count_above_0_1_nats"":81,""definition"":""fractional empirical top1% mean of positive NLL harm; denominator .01*N"",""exceedances_nats"":{""0.01"":91,""0.1"":81,""1.0"":46},""max_positive_nats"":7.7074708083354295,""maximum_position"":""w19:p59"",""mean_positive_nats"":0.008922435811893102,""mean_signed_nats"":0.008483087761869741,""zero_positive_n"":16164}},""scored_positions"":16256,""source_sha256"":""2e67327e54b5fb83e765c2320affcf8cfc4fc30b3996eea06105c850609ee524"",""status"":""complete""}"
1833a410c9e8704f6a379114,mquake,R1_learned_ff,1,104,100,LS_terminated,"{""evaluated_value"":0.5,""numerator"":25.0,""planned"":50,""scored"":50,""status"":""complete"",""status_counts"":{""ok"":50},""value"":0.5}"
1833a410c9e8704f6a379114,mquake,R1_learned_ff,1,104,100,locality,"{""expected_n"":50,""preserved_fraction"":1.0,""preserved_n"":50,""preserved_terminated_fraction"":0.5,""preserved_terminated_n"":25,""primary_convention"":""DEC-053 bounded exact decoded-text equality, no normalization or termination requirement"",""query_truncated_n"":25,""reference_truncated_n"":25,""scored_n"":50,""secondary_convention"":""same decoded text and neither side truncated"",""status"":""complete"",""truncated_pair_n"":25,""unavailable_n"":0}"
1833a410c9e8704f6a379114,mquake,R1_learned_ff,1,104,100,unseen_false_fire,"{""evaluated_value"":0.0,""numerator"":0.0,""planned"":100,""scored"":100,""status"":""complete"",""status_counts"":{""ok"":100},""value"":0.0,""wilson_evaluated"":{""confidence"":0.95,""interpretation"":""descriptive binomial reference; fixed development data/selection and dependent prompts limit population inference"",""lower"":3.469446951953614e-18,""upper"":0.03699349820698568},""wilson_full_inventory"":{""confidence"":0.95,""interpretation"":""descriptive binomial reference; fixed development data/selection and dependent prompts limit population inference"",""lower"":3.469446951953614e-18,""upper"":0.03699349820698568}}"
1833a410c9e8704f6a379114,mquake,R1_learned_ff,1,104,100,unseen_answer_changed,"{""evaluated_value"":0.0,""numerator"":0.0,""planned"":100,""scored"":100,""status"":""complete"",""status_counts"":{""ok"":100},""value"":0.0}"
1833a410c9e8704f6a379114,mquake,R1_learned_ff,1,104,300,LS_terminated,"{""evaluated_value"":0.5,""numerator"":25.0,""planned"":50,""scored"":50,""status"":""complete"",""status_counts"":{""ok"":50},""value"":0.5}"
1833a410c9e8704f6a379114,mquake,R1_learned_ff,1,104,300,locality,"{""expected_n"":50,""preserved_fraction"":1.0,""preserved_n"":50,""preserved_terminated_fraction"":0.5,""preserved_terminated_n"":25,""primary_convention"":""DEC-053 bounded exact decoded-text equality, no normalization or termination requirement"",""query_truncated_n"":25,""reference_truncated_n"":25,""scored_n"":50,""secondary_convention"":""same decoded text and neither side truncated"",""status"":""complete"",""truncated_pair_n"":25,""unavailable_n"":0}"
1833a410c9e8704f6a379114,mquake,R1_learned_ff,1,104,300,unseen_false_fire,"{""evaluated_value"":0.0,""numerator"":0.0,""planned"":100,""scored"":100,""status"":""complete"",""status_counts"":{""ok"":100},""value"":0.0,""wilson_evaluated"":{""confidence"":0.95,""interpretation"":""descriptive binomial reference; fixed development data/selection and dependent prompts limit population inference"",""lower"":3.469446951953614e-18,""upper"":0.03699349820698568},""wilson_full_inventory"":{""confidence"":0.95,""interpretation"":""descriptive binomial reference; fixed development data/selection and dependent prompts limit population inference"",""lower"":3.469446951953614e-18,""upper"":0.03699349820698568}}"
1833a410c9e8704f6a379114,mquake,R1_learned_ff,1,104,300,unseen_answer_changed,"{""evaluated_value"":0.0,""numerator"":0.0,""planned"":100,""scored"":100,""status"":""complete"",""status_counts"":{""ok"":100},""value"":0.0}"
1833a410c9e8704f6a379114,mquake,R1_learned_ff,1,104,300,near_miss,"{""expected_n"":100,""preserved_fraction"":1.0,""preserved_n"":100,""preserved_terminated_fraction"":0.42,""preserved_terminated_n"":42,""primary_convention"":""DEC-053 bounded exact decoded-text equality, no normalization or termination requirement"",""query_truncated_n"":58,""reference_truncated_n"":58,""scored_n"":100,""secondary_convention"":""same decoded text and neither side truncated"",""status"":""complete"",""truncated_pair_n"":58,""unavailable_n"":0}"
1833a410c9e8704f6a379114,mquake,R1_learned_ff,1,104,300,near_miss_bounded,"{""evaluated_value"":1.0,""numerator"":100.0,""planned"":100,""scored"":100,""status"":""complete"",""status_counts"":{""ok"":100},""value"":1.0}"
1833a410c9e8704f6a379114,mquake,R1_learned_ff,1,104,300,near_miss_terminated,"{""evaluated_value"":0.42,""numerator"":42.0,""planned"":100,""scored"":100,""status"":""complete"",""status_counts"":{""ok"":100},""value"":0.42}"
1833a410c9e8704f6a379114,mquake,R1_learned_ff,1,104,300,revision_latest,"{""evaluated_value"":1.0,""numerator"":50.0,""planned"":50,""scored"":50,""status"":""complete"",""status_counts"":{""ok"":50},""value"":1.0}"
1833a410c9e8704f6a379114,mquake,R1_learned_ff,1,104,300,revision_semantic,"{""evaluated_value"":1.0,""numerator"":50.0,""planned"":50,""scored"":50,""status"":""complete"",""status_counts"":{""ok"":50},""value"":1.0}"
1833a410c9e8704f6a379114,mquake,R1_learned_ff,1,104,300,old_record_retired,"{""evaluated_value"":1.0,""numerator"":50.0,""planned"":50,""scored"":50,""status"":""complete"",""status_counts"":{""ok"":50},""value"":1.0}"
1833a410c9e8704f6a379114,mquake,R1_learned_ff,1,104,300,new_record_active,"{""evaluated_value"":1.0,""numerator"":50.0,""planned"":50,""scored"":50,""status"":""complete"",""status_counts"":{""ok"":50},""value"":1.0}"
1833a410c9e8704f6a379114,mquake,R1_learned_ff,1,104,300,drift,"{""planned_positions"":16256,""references"":{""capoff"":{""ES95_positive_nats"":0.17844871623786204,""ES99_positive_nats"":0.8922435811893102,""count_above_0_1_nats"":81,""definition"":""fractional empirical top1% mean of positive NLL harm; denominator .01*N"",""exceedances_nats"":{""0.01"":91,""0.1"":81,""1.0"":46},""max_positive_nats"":7.7074708083354295,""maximum_position"":""w19:p59"",""mean_positive_nats"":0.008922435811893102,""mean_signed_nats"":0.008483087761869741,""zero_positive_n"":16164},""original"":{""ES95_positive_nats"":0.17844871623786204,""ES99_positive_nats"":0.8922435811893102,""count_above_0_1_nats"":81,""definition"":""fractional empirical top1% mean of positive NLL harm; denominator .01*N"",""exceedances_nats"":{""0.01"":91,""0.1"":81,""1.0"":46},""max_positive_nats"":7.7074708083354295,""maximum_position"":""w19:p59"",""mean_positive_nats"":0.008922435811893102,""mean_signed_nats"":0.008483087761869741,""zero_positive_n"":16164}},""scored_positions"":16256,""source_sha256"":""2e67327e54b5fb83e765c2320affcf8cfc4fc30b3996eea06105c850609ee524"",""status"":""complete""}"
82606602ae475e73eb4401f9,zsre,R1_nonlearned,1,100,100,LS_terminated,"{""evaluated_value"":0.96,""numerator"":48.0,""planned"":50,""scored"":50,""status"":""complete"",""status_counts"":{""ok"":50},""value"":0.96}"
82606602ae475e73eb4401f9,zsre,R1_nonlearned,1,100,100,locality,"{""expected_n"":50,""preserved_fraction"":1.0,""preserved_n"":50,""preserved_terminated_fraction"":0.96,""preserved_terminated_n"":48,""primary_convention"":""DEC-053 bounded exact decoded-text equality, no normalization or termination requirement"",""query_truncated_n"":2,""reference_truncated_n"":2,""scored_n"":50,""secondary_convention"":""same decoded text and neither side truncated"",""status"":""complete"",""truncated_pair_n"":2,""unavailable_n"":0}"
82606602ae475e73eb4401f9,zsre,R1_nonlearned,1,100,100,unseen_false_fire,"{""evaluated_value"":1.0,""numerator"":100.0,""planned"":100,""scored"":100,""status"":""complete"",""status_counts"":{""ok"":100},""value"":1.0,""wilson_evaluated"":{""confidence"":0.95,""interpretation"":""descriptive binomial reference; fixed development data/selection and dependent prompts limit population inference"",""lower"":0.9630065017930143,""upper"":1.0},""wilson_full_inventory"":{""confidence"":0.95,""interpretation"":""descriptive binomial reference; fixed development data/selection and dependent prompts limit population inference"",""lower"":0.9630065017930143,""upper"":1.0}}"
82606602ae475e73eb4401f9,zsre,R1_nonlearned,1,100,100,unseen_answer_changed,"{""evaluated_value"":1.0,""numerator"":100.0,""planned"":100,""scored"":100,""status"":""complete"",""status_counts"":{""ok"":100},""value"":1.0}"
82606602ae475e73eb4401f9,zsre,R1_nonlearned,1,100,300,LS_terminated,"{""evaluated_value"":0.96,""numerator"":48.0,""planned"":50,""scored"":50,""status"":""complete"",""status_counts"":{""ok"":50},""value"":0.96}"
82606602ae475e73eb4401f9,zsre,R1_nonlearned,1,100,300,locality,"{""expected_n"":50,""preserved_fraction"":1.0,""preserved_n"":50,""preserved_terminated_fraction"":0.96,""preserved_terminated_n"":48,""primary_convention"":""DEC-053 bounded exact decoded-text equality, no normalization or termination requirement"",""query_truncated_n"":2,""reference_truncated_n"":2,""scored_n"":50,""secondary_convention"":""same decoded text and neither side truncated"",""status"":""complete"",""truncated_pair_n"":2,""unavailable_n"":0}"
82606602ae475e73eb4401f9,zsre,R1_nonlearned,1,100,300,unseen_false_fire,"{""evaluated_value"":1.0,""numerator"":100.0,""planned"":100,""scored"":100,""status"":""complete"",""status_counts"":{""ok"":100},""value"":1.0,""wilson_evaluated"":{""confidence"":0.95,""interpretation"":""descriptive binomial reference; fixed development data/selection and dependent prompts limit population inference"",""lower"":0.9630065017930143,""upper"":1.0},""wilson_full_inventory"":{""confidence"":0.95,""interpretation"":""descriptive binomial reference; fixed development data/selection and dependent prompts limit population inference"",""lower"":0.9630065017930143,""upper"":1.0}}"
82606602ae475e73eb4401f9,zsre,R1_nonlearned,1,100,300,unseen_answer_changed,"{""evaluated_value"":1.0,""numerator"":100.0,""planned"":100,""scored"":100,""status"":""complete"",""status_counts"":{""ok"":100},""value"":1.0}"
82606602ae475e73eb4401f9,zsre,R1_nonlearned,1,100,1000,LS_terminated,"{""evaluated_value"":0.96,""numerator"":48.0,""planned"":50,""scored"":50,""status"":""complete"",""status_counts"":{""ok"":50},""value"":0.96}"
82606602ae475e73eb4401f9,zsre,R1_nonlearned,1,100,1000,locality,"{""expected_n"":50,""preserved_fraction"":1.0,""preserved_n"":50,""preserved_terminated_fraction"":0.96,""preserved_terminated_n"":48,""primary_convention"":""DEC-053 bounded exact decoded-text equality, no normalization or termination requirement"",""query_truncated_n"":2,""reference_truncated_n"":2,""scored_n"":50,""secondary_convention"":""same decoded text and neither side truncated"",""status"":""complete"",""truncated_pair_n"":2,""unavailable_n"":0}"
82606602ae475e73eb4401f9,zsre,R1_nonlearned,1,100,1000,unseen_false_fire,"{""evaluated_value"":1.0,""numerator"":100.0,""planned"":100,""scored"":100,""status"":""complete"",""status_counts"":{""ok"":100},""value"":1.0,""wilson_evaluated"":{""confidence"":0.95,""interpretation"":""descriptive binomial reference; fixed development data/selection and dependent prompts limit population inference"",""lower"":0.9630065017930143,""upper"":1.0},""wilson_full_inventory"":{""confidence"":0.95,""interpretation"":""descriptive binomial reference; fixed development data/selection and dependent prompts limit population inference"",""lower"":0.9630065017930143,""upper"":1.0}}"
82606602ae475e73eb4401f9,zsre,R1_nonlearned,1,100,1000,unseen_answer_changed,"{""evaluated_value"":1.0,""numerator"":100.0,""planned"":100,""scored"":100,""status"":""complete"",""status_counts"":{""ok"":100},""value"":1.0}"
82606602ae475e73eb4401f9,zsre,R1_nonlearned,1,100,1000,near_miss,"{""expected_n"":100,""preserved_fraction"":0.0,""preserved_n"":0,""preserved_terminated_fraction"":0.0,""preserved_terminated_n"":0,""primary_convention"":""DEC-053 bounded exact decoded-text equality, no normalization or termination requirement"",""query_truncated_n"":0,""reference_truncated_n"":0,""scored_n"":100,""secondary_convention"":""same decoded text and neither side truncated"",""status"":""complete"",""truncated_pair_n"":0,""unavailable_n"":0}"
82606602ae475e73eb4401f9,zsre,R1_nonlearned,1,100,1000,near_miss_bounded,"{""evaluated_value"":0.0,""numerator"":0.0,""planned"":100,""scored"":100,""status"":""complete"",""status_counts"":{""ok"":100},""value"":0.0}"
82606602ae475e73eb4401f9,zsre,R1_nonlearned,1,100,1000,near_miss_terminated,"{""evaluated_value"":0.0,""numerator"":0.0,""planned"":100,""scored"":100,""status"":""complete"",""status_counts"":{""ok"":100},""value"":0.0}"
82606602ae475e73eb4401f9,zsre,R1_nonlearned,1,100,1000,revision_latest,"{""evaluated_value"":1.0,""numerator"":50.0,""planned"":50,""scored"":50,""status"":""complete"",""status_counts"":{""ok"":50},""value"":1.0}"
82606602ae475e73eb4401f9,zsre,R1_nonlearned,1,100,1000,revision_semantic,"{""evaluated_value"":1.0,""numerator"":50.0,""planned"":50,""scored"":50,""status"":""complete"",""status_counts"":{""ok"":50},""value"":1.0}"
82606602ae475e73eb4401f9,zsre,R1_nonlearned,1,100,1000,old_record_retired,"{""evaluated_value"":1.0,""numerator"":50.0,""planned"":50,""scored"":50,""status"":""complete"",""status_counts"":{""ok"":50},""value"":1.0}"
82606602ae475e73eb4401f9,zsre,R1_nonlearned,1,100,1000,new_record_active,"{""evaluated_value"":1.0,""numerator"":50.0,""planned"":50,""scored"":50,""status"":""complete"",""status_counts"":{""ok"":50},""value"":1.0}"
82606602ae475e73eb4401f9,zsre,R1_nonlearned,1,100,1000,drift,"{""planned_positions"":16256,""references"":{""capoff"":{""ES95_positive_nats"":0.008104409007165749,""ES99_positive_nats"":0.04052204503582875,""count_above_0_1_nats"":3,""definition"":""fractional empirical top1% mean of positive NLL harm; denominator .01*N"",""exceedances_nats"":{""0.01"":3,""0.1"":3,""1.0"":2},""max_positive_nats"":4.620086868676253,""maximum_position"":""w13:p31"",""mean_positive_nats"":0.00040522045035828753,""mean_signed_nats"":0.00040522045035828753,""zero_positive_n"":16253},""original"":{""ES95_positive_nats"":0.008104409007165749,""ES99_positive_nats"":0.04052204503582875,""count_above_0_1_nats"":3,""definition"":""fractional empirical top1% mean of positive NLL harm; denominator .01*N"",""exceedances_nats"":{""0.01"":3,""0.1"":3,""1.0"":2},""max_positive_nats"":4.620086868676253,""maximum_position"":""w13:p31"",""mean_positive_nats"":0.00040522045035828753,""mean_signed_nats"":0.00040522045035828753,""zero_positive_n"":16253}},""scored_positions"":16256,""source_sha256"":""2e67327e54b5fb83e765c2320affcf8cfc4fc30b3996eea06105c850609ee524"",""status"":""complete""}"
2172052824abd70e8135366f,zsre,R1_nonlearned,1,101,100,LS_terminated,"{""evaluated_value"":0.96,""numerator"":48.0,""planned"":50,""scored"":50,""status"":""complete"",""status_counts"":{""ok"":50},""value"":0.96}"
2172052824abd70e8135366f,zsre,R1_nonlearned,1,101,100,locality,"{""expected_n"":50,""preserved_fraction"":1.0,""preserved_n"":50,""preserved_terminated_fraction"":0.96,""preserved_terminated_n"":48,""primary_convention"":""DEC-053 bounded exact decoded-text equality, no normalization or termination requirement"",""query_truncated_n"":2,""reference_truncated_n"":2,""scored_n"":50,""secondary_convention"":""same decoded text and neither side truncated"",""status"":""complete"",""truncated_pair_n"":2,""unavailable_n"":0}"
2172052824abd70e8135366f,zsre,R1_nonlearned,1,101,100,unseen_false_fire,"{""evaluated_value"":1.0,""numerator"":100.0,""planned"":100,""scored"":100,""status"":""complete"",""status_counts"":{""ok"":100},""value"":1.0,""wilson_evaluated"":{""confidence"":0.95,""interpretation"":""descriptive binomial reference; fixed development data/selection and dependent prompts limit population inference"",""lower"":0.9630065017930143,""upper"":1.0},""wilson_full_inventory"":{""confidence"":0.95,""interpretation"":""descriptive binomial reference; fixed development data/selection and dependent prompts limit population inference"",""lower"":0.9630065017930143,""upper"":1.0}}"
2172052824abd70e8135366f,zsre,R1_nonlearned,1,101,100,unseen_answer_changed,"{""evaluated_value"":1.0,""numerator"":100.0,""planned"":100,""scored"":100,""status"":""complete"",""status_counts"":{""ok"":100},""value"":1.0}"
2172052824abd70e8135366f,zsre,R1_nonlearned,1,101,300,LS_terminated,"{""evaluated_value"":0.96,""numerator"":48.0,""planned"":50,""scored"":50,""status"":""complete"",""status_counts"":{""ok"":50},""value"":0.96}"
2172052824abd70e8135366f,zsre,R1_nonlearned,1,101,300,locality,"{""expected_n"":50,""preserved_fraction"":1.0,""preserved_n"":50,""preserved_terminated_fraction"":0.96,""preserved_terminated_n"":48,""primary_convention"":""DEC-053 bounded exact decoded-text equality, no normalization or termination requirement"",""query_truncated_n"":2,""reference_truncated_n"":2,""scored_n"":50,""secondary_convention"":""same decoded text and neither side truncated"",""status"":""complete"",""truncated_pair_n"":2,""unavailable_n"":0}"
2172052824abd70e8135366f,zsre,R1_nonlearned,1,101,300,unseen_false_fire,"{""evaluated_value"":1.0,""numerator"":100.0,""planned"":100,""scored"":100,""status"":""complete"",""status_counts"":{""ok"":100},""value"":1.0,""wilson_evaluated"":{""confidence"":0.95,""interpretation"":""descriptive binomial reference; fixed development data/selection and dependent prompts limit population inference"",""lower"":0.9630065017930143,""upper"":1.0},""wilson_full_inventory"":{""confidence"":0.95,""interpretation"":""descriptive binomial reference; fixed development data/selection and dependent prompts limit population inference"",""lower"":0.9630065017930143,""upper"":1.0}}"
2172052824abd70e8135366f,zsre,R1_nonlearned,1,101,300,unseen_answer_changed,"{""evaluated_value"":1.0,""numerator"":100.0,""planned"":100,""scored"":100,""status"":""complete"",""status_counts"":{""ok"":100},""value"":1.0}"
2172052824abd70e8135366f,zsre,R1_nonlearned,1,101,1000,LS_terminated,"{""evaluated_value"":0.96,""numerator"":48.0,""planned"":50,""scored"":50,""status"":""complete"",""status_counts"":{""ok"":50},""value"":0.96}"
2172052824abd70e8135366f,zsre,R1_nonlearned,1,101,1000,locality,"{""expected_n"":50,""preserved_fraction"":1.0,""preserved_n"":50,""preserved_terminated_fraction"":0.96,""preserved_terminated_n"":48,""primary_convention"":""DEC-053 bounded exact decoded-text equality, no normalization or termination requirement"",""query_truncated_n"":2,""reference_truncated_n"":2,""scored_n"":50,""secondary_convention"":""same decoded text and neither side truncated"",""status"":""complete"",""truncated_pair_n"":2,""unavailable_n"":0}"
2172052824abd70e8135366f,zsre,R1_nonlearned,1,101,1000,unseen_false_fire,"{""evaluated_value"":1.0,""numerator"":100.0,""planned"":100,""scored"":100,""status"":""complete"",""status_counts"":{""ok"":100},""value"":1.0,""wilson_evaluated"":{""confidence"":0.95,""interpretation"":""descriptive binomial reference; fixed development data/selection and dependent prompts limit population inference"",""lower"":0.9630065017930143,""upper"":1.0},""wilson_full_inventory"":{""confidence"":0.95,""interpretation"":""descriptive binomial reference; fixed development data/selection and dependent prompts limit population inference"",""lower"":0.9630065017930143,""upper"":1.0}}"
2172052824abd70e8135366f,zsre,R1_nonlearned,1,101,1000,unseen_answer_changed,"{""evaluated_value"":1.0,""numerator"":100.0,""planned"":100,""scored"":100,""status"":""complete"",""status_counts"":{""ok"":100},""value"":1.0}"
2172052824abd70e8135366f,zsre,R1_nonlearned,1,101,1000,near_miss,"{""expected_n"":100,""preserved_fraction"":0.0,""preserved_n"":0,""preserved_terminated_fraction"":0.0,""preserved_terminated_n"":0,""primary_convention"":""DEC-053 bounded exact decoded-text equality, no normalization or termination requirement"",""query_truncated_n"":0,""reference_truncated_n"":0,""scored_n"":100,""secondary_convention"":""same decoded text and neither side truncated"",""status"":""complete"",""truncated_pair_n"":0,""unavailable_n"":0}"
2172052824abd70e8135366f,zsre,R1_nonlearned,1,101,1000,near_miss_bounded,"{""evaluated_value"":0.0,""numerator"":0.0,""planned"":100,""scored"":100,""status"":""complete"",""status_counts"":{""ok"":100},""value"":0.0}"
2172052824abd70e8135366f,zsre,R1_nonlearned,1,101,1000,near_miss_terminated,"{""evaluated_value"":0.0,""numerator"":0.0,""planned"":100,""scored"":100,""status"":""complete"",""status_counts"":{""ok"":100},""value"":0.0}"
2172052824abd70e8135366f,zsre,R1_nonlearned,1,101,1000,revision_latest,"{""evaluated_value"":1.0,""numerator"":50.0,""planned"":50,""scored"":50,""status"":""complete"",""status_counts"":{""ok"":50},""value"":1.0}"
2172052824abd70e8135366f,zsre,R1_nonlearned,1,101,1000,revision_semantic,"{""evaluated_value"":1.0,""numerator"":50.0,""planned"":50,""scored"":50,""status"":""complete"",""status_counts"":{""ok"":50},""value"":1.0}"
2172052824abd70e8135366f,zsre,R1_nonlearned,1,101,1000,old_record_retired,"{""evaluated_value"":1.0,""numerator"":50.0,""planned"":50,""scored"":50,""status"":""complete"",""status_counts"":{""ok"":50},""value"":1.0}"
2172052824abd70e8135366f,zsre,R1_nonlearned,1,101,1000,new_record_active,"{""evaluated_value"":1.0,""numerator"":50.0,""planned"":50,""scored"":50,""status"":""complete"",""status_counts"":{""ok"":50},""value"":1.0}"
2172052824abd70e8135366f,zsre,R1_nonlearned,1,101,1000,drift,"{""planned_positions"":16256,""references"":{""capoff"":{""ES95_positive_nats"":0.008104409007165749,""ES99_positive_nats"":0.04052204503582875,""count_above_0_1_nats"":3,""definition"":""fractional empirical top1% mean of positive NLL harm; denominator .01*N"",""exceedances_nats"":{""0.01"":3,""0.1"":3,""1.0"":2},""max_positive_nats"":4.620086868676253,""maximum_position"":""w13:p31"",""mean_positive_nats"":0.00040522045035828753,""mean_signed_nats"":0.00040522045035828753,""zero_positive_n"":16253},""original"":{""ES95_positive_nats"":0.008104409007165749,""ES99_positive_nats"":0.04052204503582875,""count_above_0_1_nats"":3,""definition"":""fractional empirical top1% mean of positive NLL harm; denominator .01*N"",""exceedances_nats"":{""0.01"":3,""0.1"":3,""1.0"":2},""max_positive_nats"":4.620086868676253,""maximum_position"":""w13:p31"",""mean_positive_nats"":0.00040522045035828753,""mean_signed_nats"":0.00040522045035828753,""zero_positive_n"":16253}},""scored_positions"":16256,""source_sha256"":""2e67327e54b5fb83e765c2320affcf8cfc4fc30b3996eea06105c850609ee524"",""status"":""complete""}"
5c394f4861164c1d5b31de4c,zsre,R1_nonlearned,1,102,100,LS_terminated,"{""evaluated_value"":0.96,""numerator"":48.0,""planned"":50,""scored"":50,""status"":""complete"",""status_counts"":{""ok"":50},""value"":0.96}"
5c394f4861164c1d5b31de4c,zsre,R1_nonlearned,1,102,100,locality,"{""expected_n"":50,""preserved_fraction"":1.0,""preserved_n"":50,""preserved_terminated_fraction"":0.96,""preserved_terminated_n"":48,""primary_convention"":""DEC-053 bounded exact decoded-text equality, no normalization or termination requirement"",""query_truncated_n"":2,""reference_truncated_n"":2,""scored_n"":50,""secondary_convention"":""same decoded text and neither side truncated"",""status"":""complete"",""truncated_pair_n"":2,""unavailable_n"":0}"
5c394f4861164c1d5b31de4c,zsre,R1_nonlearned,1,102,100,unseen_false_fire,"{""evaluated_value"":1.0,""numerator"":100.0,""planned"":100,""scored"":100,""status"":""complete"",""status_counts"":{""ok"":100},""value"":1.0,""wilson_evaluated"":{""confidence"":0.95,""interpretation"":""descriptive binomial reference; fixed development data/selection and dependent prompts limit population inference"",""lower"":0.9630065017930143,""upper"":1.0},""wilson_full_inventory"":{""confidence"":0.95,""interpretation"":""descriptive binomial reference; fixed development data/selection and dependent prompts limit population inference"",""lower"":0.9630065017930143,""upper"":1.0}}"
5c394f4861164c1d5b31de4c,zsre,R1_nonlearned,1,102,100,unseen_answer_changed,"{""evaluated_value"":1.0,""numerator"":100.0,""planned"":100,""scored"":100,""status"":""complete"",""status_counts"":{""ok"":100},""value"":1.0}"
5c394f4861164c1d5b31de4c,zsre,R1_nonlearned,1,102,300,LS_terminated,"{""evaluated_value"":0.96,""numerator"":48.0,""planned"":50,""scored"":50,""status"":""complete"",""status_counts"":{""ok"":50},""value"":0.96}"
5c394f4861164c1d5b31de4c,zsre,R1_nonlearned,1,102,300,locality,"{""expected_n"":50,""preserved_fraction"":1.0,""preserved_n"":50,""preserved_terminated_fraction"":0.96,""preserved_terminated_n"":48,""primary_convention"":""DEC-053 bounded exact decoded-text equality, no normalization or termination requirement"",""query_truncated_n"":2,""reference_truncated_n"":2,""scored_n"":50,""secondary_convention"":""same decoded text and neither side truncated"",""status"":""complete"",""truncated_pair_n"":2,""unavailable_n"":0}"
5c394f4861164c1d5b31de4c,zsre,R1_nonlearned,1,102,300,unseen_false_fire,"{""evaluated_value"":1.0,""numerator"":100.0,""planned"":100,""scored"":100,""status"":""complete"",""status_counts"":{""ok"":100},""value"":1.0,""wilson_evaluated"":{""confidence"":0.95,""interpretation"":""descriptive binomial reference; fixed development data/selection and dependent prompts limit population inference"",""lower"":0.9630065017930143,""upper"":1.0},""wilson_full_inventory"":{""confidence"":0.95,""interpretation"":""descriptive binomial reference; fixed development data/selection and dependent prompts limit population inference"",""lower"":0.9630065017930143,""upper"":1.0}}"
5c394f4861164c1d5b31de4c,zsre,R1_nonlearned,1,102,300,unseen_answer_changed,"{""evaluated_value"":1.0,""numerator"":100.0,""planned"":100,""scored"":100,""status"":""complete"",""status_counts"":{""ok"":100},""value"":1.0}"
5c394f4861164c1d5b31de4c,zsre,R1_nonlearned,1,102,1000,LS_terminated,"{""evaluated_value"":0.96,""numerator"":48.0,""planned"":50,""scored"":50,""status"":""complete"",""status_counts"":{""ok"":50},""value"":0.96}"
5c394f4861164c1d5b31de4c,zsre,R1_nonlearned,1,102,1000,locality,"{""expected_n"":50,""preserved_fraction"":1.0,""preserved_n"":50,""preserved_terminated_fraction"":0.96,""preserved_terminated_n"":48,""primary_convention"":""DEC-053 bounded exact decoded-text equality, no normalization or termination requirement"",""query_truncated_n"":2,""reference_truncated_n"":2,""scored_n"":50,""secondary_convention"":""same decoded text and neither side truncated"",""status"":""complete"",""truncated_pair_n"":2,""unavailable_n"":0}"
5c394f4861164c1d5b31de4c,zsre,R1_nonlearned,1,102,1000,unseen_false_fire,"{""evaluated_value"":1.0,""numerator"":100.0,""planned"":100,""scored"":100,""status"":""complete"",""status_counts"":{""ok"":100},""value"":1.0,""wilson_evaluated"":{""confidence"":0.95,""interpretation"":""descriptive binomial reference; fixed development data/selection and dependent prompts limit population inference"",""lower"":0.9630065017930143,""upper"":1.0},""wilson_full_inventory"":{""confidence"":0.95,""interpretation"":""descriptive binomial reference; fixed development data/selection and dependent prompts limit population inference"",""lower"":0.9630065017930143,""upper"":1.0}}"
5c394f4861164c1d5b31de4c,zsre,R1_nonlearned,1,102,1000,unseen_answer_changed,"{""evaluated_value"":1.0,""numerator"":100.0,""planned"":100,""scored"":100,""status"":""complete"",""status_counts"":{""ok"":100},""value"":1.0}"
5c394f4861164c1d5b31de4c,zsre,R1_nonlearned,1,102,1000,near_miss,"{""expected_n"":100,""preserved_fraction"":0.0,""preserved_n"":0,""preserved_terminated_fraction"":0.0,""preserved_terminated_n"":0,""primary_convention"":""DEC-053 bounded exact decoded-text equality, no normalization or termination requirement"",""query_truncated_n"":0,""reference_truncated_n"":0,""scored_n"":100,""secondary_convention"":""same decoded text and neither side truncated"",""status"":""complete"",""truncated_pair_n"":0,""unavailable_n"":0}"
5c394f4861164c1d5b31de4c,zsre,R1_nonlearned,1,102,1000,near_miss_bounded,"{""evaluated_value"":0.0,""numerator"":0.0,""planned"":100,""scored"":100,""status"":""complete"",""status_counts"":{""ok"":100},""value"":0.0}"
5c394f4861164c1d5b31de4c,zsre,R1_nonlearned,1,102,1000,near_miss_terminated,"{""evaluated_value"":0.0,""numerator"":0.0,""planned"":100,""scored"":100,""status"":""complete"",""status_counts"":{""ok"":100},""value"":0.0}"
5c394f4861164c1d5b31de4c,zsre,R1_nonlearned,1,102,1000,revision_latest,"{""evaluated_value"":1.0,""numerator"":50.0,""planned"":50,""scored"":50,""status"":""complete"",""status_counts"":{""ok"":50},""value"":1.0}"
5c394f4861164c1d5b31de4c,zsre,R1_nonlearned,1,102,1000,revision_semantic,"{""evaluated_value"":1.0,""numerator"":50.0,""planned"":50,""scored"":50,""status"":""complete"",""status_counts"":{""ok"":50},""value"":1.0}"
5c394f4861164c1d5b31de4c,zsre,R1_nonlearned,1,102,1000,old_record_retired,"{""evaluated_value"":1.0,""numerator"":50.0,""planned"":50,""scored"":50,""status"":""complete"",""status_counts"":{""ok"":50},""value"":1.0}"
5c394f4861164c1d5b31de4c,zsre,R1_nonlearned,1,102,1000,new_record_active,"{""evaluated_value"":1.0,""numerator"":50.0,""planned"":50,""scored"":50,""status"":""complete"",""status_counts"":{""ok"":50},""value"":1.0}"
5c394f4861164c1d5b31de4c,zsre,R1_nonlearned,1,102,1000,drift,"{""planned_positions"":16256,""references"":{""capoff"":{""ES95_positive_nats"":0.008104409007165749,""ES99_positive_nats"":0.04052204503582875,""count_above_0_1_nats"":3,""definition"":""fractional empirical top1% mean of positive NLL harm; denominator .01*N"",""exceedances_nats"":{""0.01"":3,""0.1"":3,""1.0"":2},""max_positive_nats"":4.620086868676253,""maximum_position"":""w13:p31"",""mean_positive_nats"":0.00040522045035828753,""mean_signed_nats"":0.00040522045035828753,""zero_positive_n"":16253},""original"":{""ES95_positive_nats"":0.008104409007165749,""ES99_positive_nats"":0.04052204503582875,""count_above_0_1_nats"":3,""definition"":""fractional empirical top1% mean of positive NLL harm; denominator .01*N"",""exceedances_nats"":{""0.01"":3,""0.1"":3,""1.0"":2},""max_positive_nats"":4.620086868676253,""maximum_position"":""w13:p31"",""mean_positive_nats"":0.00040522045035828753,""mean_signed_nats"":0.00040522045035828753,""zero_positive_n"":16253}},""scored_positions"":16256,""source_sha256"":""2e67327e54b5fb83e765c2320affcf8cfc4fc30b3996eea06105c850609ee524"",""status"":""complete""}"
c9d2325e783e57ac5eafa34d,zsre,R1_nonlearned,1,103,100,LS_terminated,"{""evaluated_value"":0.96,""numerator"":48.0,""planned"":50,""scored"":50,""status"":""complete"",""status_counts"":{""ok"":50},""value"":0.96}"
c9d2325e783e57ac5eafa34d,zsre,R1_nonlearned,1,103,100,locality,"{""expected_n"":50,""preserved_fraction"":1.0,""preserved_n"":50,""preserved_terminated_fraction"":0.96,""preserved_terminated_n"":48,""primary_convention"":""DEC-053 bounded exact decoded-text equality, no normalization or termination requirement"",""query_truncated_n"":2,""reference_truncated_n"":2,""scored_n"":50,""secondary_convention"":""same decoded text and neither side truncated"",""status"":""complete"",""truncated_pair_n"":2,""unavailable_n"":0}"
c9d2325e783e57ac5eafa34d,zsre,R1_nonlearned,1,103,100,unseen_false_fire,"{""evaluated_value"":1.0,""numerator"":100.0,""planned"":100,""scored"":100,""status"":""complete"",""status_counts"":{""ok"":100},""value"":1.0,""wilson_evaluated"":{""confidence"":0.95,""interpretation"":""descriptive binomial reference; fixed development data/selection and dependent prompts limit population inference"",""lower"":0.9630065017930143,""upper"":1.0},""wilson_full_inventory"":{""confidence"":0.95,""interpretation"":""descriptive binomial reference; fixed development data/selection and dependent prompts limit population inference"",""lower"":0.9630065017930143,""upper"":1.0}}"
c9d2325e783e57ac5eafa34d,zsre,R1_nonlearned,1,103,100,unseen_answer_changed,"{""evaluated_value"":1.0,""numerator"":100.0,""planned"":100,""scored"":100,""status"":""complete"",""status_counts"":{""ok"":100},""value"":1.0}"
c9d2325e783e57ac5eafa34d,zsre,R1_nonlearned,1,103,300,LS_terminated,"{""evaluated_value"":0.96,""numerator"":48.0,""planned"":50,""scored"":50,""status"":""complete"",""status_counts"":{""ok"":50},""value"":0.96}"
c9d2325e783e57ac5eafa34d,zsre,R1_nonlearned,1,103,300,locality,"{""expected_n"":50,""preserved_fraction"":1.0,""preserved_n"":50,""preserved_terminated_fraction"":0.96,""preserved_terminated_n"":48,""primary_convention"":""DEC-053 bounded exact decoded-text equality, no normalization or termination requirement"",""query_truncated_n"":2,""reference_truncated_n"":2,""scored_n"":50,""secondary_convention"":""same decoded text and neither side truncated"",""status"":""complete"",""truncated_pair_n"":2,""unavailable_n"":0}"
c9d2325e783e57ac5eafa34d,zsre,R1_nonlearned,1,103,300,unseen_false_fire,"{""evaluated_value"":1.0,""numerator"":100.0,""planned"":100,""scored"":100,""status"":""complete"",""status_counts"":{""ok"":100},""value"":1.0,""wilson_evaluated"":{""confidence"":0.95,""interpretation"":""descriptive binomial reference; fixed development data/selection and dependent prompts limit population inference"",""lower"":0.9630065017930143,""upper"":1.0},""wilson_full_inventory"":{""confidence"":0.95,""interpretation"":""descriptive binomial reference; fixed development data/selection and dependent prompts limit population inference"",""lower"":0.9630065017930143,""upper"":1.0}}"
c9d2325e783e57ac5eafa34d,zsre,R1_nonlearned,1,103,300,unseen_answer_changed,"{""evaluated_value"":1.0,""numerator"":100.0,""planned"":100,""scored"":100,""status"":""complete"",""status_counts"":{""ok"":100},""value"":1.0}"
c9d2325e783e57ac5eafa34d,zsre,R1_nonlearned,1,103,1000,LS_terminated,"{""evaluated_value"":0.96,""numerator"":48.0,""planned"":50,""scored"":50,""status"":""complete"",""status_counts"":{""ok"":50},""value"":0.96}"
c9d2325e783e57ac5eafa34d,zsre,R1_nonlearned,1,103,1000,locality,"{""expected_n"":50,""preserved_fraction"":1.0,""preserved_n"":50,""preserved_terminated_fraction"":0.96,""preserved_terminated_n"":48,""primary_convention"":""DEC-053 bounded exact decoded-text equality, no normalization or termination requirement"",""query_truncated_n"":2,""reference_truncated_n"":2,""scored_n"":50,""secondary_convention"":""same decoded text and neither side truncated"",""status"":""complete"",""truncated_pair_n"":2,""unavailable_n"":0}"
c9d2325e783e57ac5eafa34d,zsre,R1_nonlearned,1,103,1000,unseen_false_fire,"{""evaluated_value"":1.0,""numerator"":100.0,""planned"":100,""scored"":100,""status"":""complete"",""status_counts"":{""ok"":100},""value"":1.0,""wilson_evaluated"":{""confidence"":0.95,""interpretation"":""descriptive binomial reference; fixed development data/selection and dependent prompts limit population inference"",""lower"":0.9630065017930143,""upper"":1.0},""wilson_full_inventory"":{""confidence"":0.95,""interpretation"":""descriptive binomial reference; fixed development data/selection and dependent prompts limit population inference"",""lower"":0.9630065017930143,""upper"":1.0}}"
c9d2325e783e57ac5eafa34d,zsre,R1_nonlearned,1,103,1000,unseen_answer_changed,"{""evaluated_value"":1.0,""numerator"":100.0,""planned"":100,""scored"":100,""status"":""complete"",""status_counts"":{""ok"":100},""value"":1.0}"
c9d2325e783e57ac5eafa34d,zsre,R1_nonlearned,1,103,1000,near_miss,"{""expected_n"":100,""preserved_fraction"":0.0,""preserved_n"":0,""preserved_terminated_fraction"":0.0,""preserved_terminated_n"":0,""primary_convention"":""DEC-053 bounded exact decoded-text equality, no normalization or termination requirement"",""query_truncated_n"":0,""reference_truncated_n"":0,""scored_n"":100,""secondary_convention"":""same decoded text and neither side truncated"",""status"":""complete"",""truncated_pair_n"":0,""unavailable_n"":0}"
c9d2325e783e57ac5eafa34d,zsre,R1_nonlearned,1,103,1000,near_miss_bounded,"{""evaluated_value"":0.0,""numerator"":0.0,""planned"":100,""scored"":100,""status"":""complete"",""status_counts"":{""ok"":100},""value"":0.0}"
c9d2325e783e57ac5eafa34d,zsre,R1_nonlearned,1,103,1000,near_miss_terminated,"{""evaluated_value"":0.0,""numerator"":0.0,""planned"":100,""scored"":100,""status"":""complete"",""status_counts"":{""ok"":100},""value"":0.0}"
c9d2325e783e57ac5eafa34d,zsre,R1_nonlearned,1,103,1000,revision_latest,"{""evaluated_value"":1.0,""numerator"":50.0,""planned"":50,""scored"":50,""status"":""complete"",""status_counts"":{""ok"":50},""value"":1.0}"
c9d2325e783e57ac5eafa34d,zsre,R1_nonlearned,1,103,1000,revision_semantic,"{""evaluated_value"":1.0,""numerator"":50.0,""planned"":50,""scored"":50,""status"":""complete"",""status_counts"":{""ok"":50},""value"":1.0}"
c9d2325e783e57ac5eafa34d,zsre,R1_nonlearned,1,103,1000,old_record_retired,"{""evaluated_value"":1.0,""numerator"":50.0,""planned"":50,""scored"":50,""status"":""complete"",""status_counts"":{""ok"":50},""value"":1.0}"
c9d2325e783e57ac5eafa34d,zsre,R1_nonlearned,1,103,1000,new_record_active,"{""evaluated_value"":1.0,""numerator"":50.0,""planned"":50,""scored"":50,""status"":""complete"",""status_counts"":{""ok"":50},""value"":1.0}"
c9d2325e783e57ac5eafa34d,zsre,R1_nonlearned,1,103,1000,drift,"{""planned_positions"":16256,""references"":{""capoff"":{""ES95_positive_nats"":0.008104409007165749,""ES99_positive_nats"":0.04052204503582875,""count_above_0_1_nats"":3,""definition"":""fractional empirical top1% mean of positive NLL harm; denominator .01*N"",""exceedances_nats"":{""0.01"":3,""0.1"":3,""1.0"":2},""max_positive_nats"":4.620086868676253,""maximum_position"":""w13:p31"",""mean_positive_nats"":0.00040522045035828753,""mean_signed_nats"":0.00040522045035828753,""zero_positive_n"":16253},""original"":{""ES95_positive_nats"":0.008104409007165749,""ES99_positive_nats"":0.04052204503582875,""count_above_0_1_nats"":3,""definition"":""fractional empirical top1% mean of positive NLL harm; denominator .01*N"",""exceedances_nats"":{""0.01"":3,""0.1"":3,""1.0"":2},""max_positive_nats"":4.620086868676253,""maximum_position"":""w13:p31"",""mean_positive_nats"":0.00040522045035828753,""mean_signed_nats"":0.00040522045035828753,""zero_positive_n"":16253}},""scored_positions"":16256,""source_sha256"":""2e67327e54b5fb83e765c2320affcf8cfc4fc30b3996eea06105c850609ee524"",""status"":""complete""}"
3fdc7c12d6d583f46608eac6,zsre,R1_nonlearned,1,104,100,LS_terminated,"{""evaluated_value"":0.96,""numerator"":48.0,""planned"":50,""scored"":50,""status"":""complete"",""status_counts"":{""ok"":50},""value"":0.96}"
3fdc7c12d6d583f46608eac6,zsre,R1_nonlearned,1,104,100,locality,"{""expected_n"":50,""preserved_fraction"":1.0,""preserved_n"":50,""preserved_terminated_fraction"":0.96,""preserved_terminated_n"":48,""primary_convention"":""DEC-053 bounded exact decoded-text equality, no normalization or termination requirement"",""query_truncated_n"":2,""reference_truncated_n"":2,""scored_n"":50,""secondary_convention"":""same decoded text and neither side truncated"",""status"":""complete"",""truncated_pair_n"":2,""unavailable_n"":0}"
3fdc7c12d6d583f46608eac6,zsre,R1_nonlearned,1,104,100,unseen_false_fire,"{""evaluated_value"":1.0,""numerator"":100.0,""planned"":100,""scored"":100,""status"":""complete"",""status_counts"":{""ok"":100},""value"":1.0,""wilson_evaluated"":{""confidence"":0.95,""interpretation"":""descriptive binomial reference; fixed development data/selection and dependent prompts limit population inference"",""lower"":0.9630065017930143,""upper"":1.0},""wilson_full_inventory"":{""confidence"":0.95,""interpretation"":""descriptive binomial reference; fixed development data/selection and dependent prompts limit population inference"",""lower"":0.9630065017930143,""upper"":1.0}}"
3fdc7c12d6d583f46608eac6,zsre,R1_nonlearned,1,104,100,unseen_answer_changed,"{""evaluated_value"":1.0,""numerator"":100.0,""planned"":100,""scored"":100,""status"":""complete"",""status_counts"":{""ok"":100},""value"":1.0}"
3fdc7c12d6d583f46608eac6,zsre,R1_nonlearned,1,104,300,LS_terminated,"{""evaluated_value"":0.96,""numerator"":48.0,""planned"":50,""scored"":50,""status"":""complete"",""status_counts"":{""ok"":50},""value"":0.96}"
3fdc7c12d6d583f46608eac6,zsre,R1_nonlearned,1,104,300,locality,"{""expected_n"":50,""preserved_fraction"":1.0,""preserved_n"":50,""preserved_terminated_fraction"":0.96,""preserved_terminated_n"":48,""primary_convention"":""DEC-053 bounded exact decoded-text equality, no normalization or termination requirement"",""query_truncated_n"":2,""reference_truncated_n"":2,""scored_n"":50,""secondary_convention"":""same decoded text and neither side truncated"",""status"":""complete"",""truncated_pair_n"":2,""unavailable_n"":0}"
3fdc7c12d6d583f46608eac6,zsre,R1_nonlearned,1,104,300,unseen_false_fire,"{""evaluated_value"":1.0,""numerator"":100.0,""planned"":100,""scored"":100,""status"":""complete"",""status_counts"":{""ok"":100},""value"":1.0,""wilson_evaluated"":{""confidence"":0.95,""interpretation"":""descriptive binomial reference; fixed development data/selection and dependent prompts limit population inference"",""lower"":0.9630065017930143,""upper"":1.0},""wilson_full_inventory"":{""confidence"":0.95,""interpretation"":""descriptive binomial reference; fixed development data/selection and dependent prompts limit population inference"",""lower"":0.9630065017930143,""upper"":1.0}}"
3fdc7c12d6d583f46608eac6,zsre,R1_nonlearned,1,104,300,unseen_answer_changed,"{""evaluated_value"":1.0,""numerator"":100.0,""planned"":100,""scored"":100,""status"":""complete"",""status_counts"":{""ok"":100},""value"":1.0}"
3fdc7c12d6d583f46608eac6,zsre,R1_nonlearned,1,104,1000,LS_terminated,"{""evaluated_value"":0.96,""numerator"":48.0,""planned"":50,""scored"":50,""status"":""complete"",""status_counts"":{""ok"":50},""value"":0.96}"
3fdc7c12d6d583f46608eac6,zsre,R1_nonlearned,1,104,1000,locality,"{""expected_n"":50,""preserved_fraction"":1.0,""preserved_n"":50,""preserved_terminated_fraction"":0.96,""preserved_terminated_n"":48,""primary_convention"":""DEC-053 bounded exact decoded-text equality, no normalization or termination requirement"",""query_truncated_n"":2,""reference_truncated_n"":2,""scored_n"":50,""secondary_convention"":""same decoded text and neither side truncated"",""status"":""complete"",""truncated_pair_n"":2,""unavailable_n"":0}"
3fdc7c12d6d583f46608eac6,zsre,R1_nonlearned,1,104,1000,unseen_false_fire,"{""evaluated_value"":1.0,""numerator"":100.0,""planned"":100,""scored"":100,""status"":""complete"",""status_counts"":{""ok"":100},""value"":1.0,""wilson_evaluated"":{""confidence"":0.95,""interpretation"":""descriptive binomial reference; fixed development data/selection and dependent prompts limit population inference"",""lower"":0.9630065017930143,""upper"":1.0},""wilson_full_inventory"":{""confidence"":0.95,""interpretation"":""descriptive binomial reference; fixed development data/selection and dependent prompts limit population inference"",""lower"":0.9630065017930143,""upper"":1.0}}"
3fdc7c12d6d583f46608eac6,zsre,R1_nonlearned,1,104,1000,unseen_answer_changed,"{""evaluated_value"":1.0,""numerator"":100.0,""planned"":100,""scored"":100,""status"":""complete"",""status_counts"":{""ok"":100},""value"":1.0}"
3fdc7c12d6d583f46608eac6,zsre,R1_nonlearned,1,104,1000,near_miss,"{""expected_n"":100,""preserved_fraction"":0.0,""preserved_n"":0,""preserved_terminated_fraction"":0.0,""preserved_terminated_n"":0,""primary_convention"":""DEC-053 bounded exact decoded-text equality, no normalization or termination requirement"",""query_truncated_n"":0,""reference_truncated_n"":0,""scored_n"":100,""secondary_convention"":""same decoded text and neither side truncated"",""status"":""complete"",""truncated_pair_n"":0,""unavailable_n"":0}"
3fdc7c12d6d583f46608eac6,zsre,R1_nonlearned,1,104,1000,near_miss_bounded,"{""evaluated_value"":0.0,""numerator"":0.0,""planned"":100,""scored"":100,""status"":""complete"",""status_counts"":{""ok"":100},""value"":0.0}"
3fdc7c12d6d583f46608eac6,zsre,R1_nonlearned,1,104,1000,near_miss_terminated,"{""evaluated_value"":0.0,""numerator"":0.0,""planned"":100,""scored"":100,""status"":""complete"",""status_counts"":{""ok"":100},""value"":0.0}"
3fdc7c12d6d583f46608eac6,zsre,R1_nonlearned,1,104,1000,revision_latest,"{""evaluated_value"":1.0,""numerator"":50.0,""planned"":50,""scored"":50,""status"":""complete"",""status_counts"":{""ok"":50},""value"":1.0}"
3fdc7c12d6d583f46608eac6,zsre,R1_nonlearned,1,104,1000,revision_semantic,"{""evaluated_value"":1.0,""numerator"":50.0,""planned"":50,""scored"":50,""status"":""complete"",""status_counts"":{""ok"":50},""value"":1.0}"
3fdc7c12d6d583f46608eac6,zsre,R1_nonlearned,1,104,1000,old_record_retired,"{""evaluated_value"":1.0,""numerator"":50.0,""planned"":50,""scored"":50,""status"":""complete"",""status_counts"":{""ok"":50},""value"":1.0}"
3fdc7c12d6d583f46608eac6,zsre,R1_nonlearned,1,104,1000,new_record_active,"{""evaluated_value"":1.0,""numerator"":50.0,""planned"":50,""scored"":50,""status"":""complete"",""status_counts"":{""ok"":50},""value"":1.0}"
3fdc7c12d6d583f46608eac6,zsre,R1_nonlearned,1,104,1000,drift,"{""planned_positions"":16256,""references"":{""capoff"":{""ES95_positive_nats"":0.008104409007165749,""ES99_positive_nats"":0.04052204503582875,""count_above_0_1_nats"":3,""definition"":""fractional empirical top1% mean of positive NLL harm; denominator .01*N"",""exceedances_nats"":{""0.01"":3,""0.1"":3,""1.0"":2},""max_positive_nats"":4.620086868676253,""maximum_position"":""w13:p31"",""mean_positive_nats"":0.00040522045035828753,""mean_signed_nats"":0.00040522045035828753,""zero_positive_n"":16253},""original"":{""ES95_positive_nats"":0.008104409007165749,""ES99_positive_nats"":0.04052204503582875,""count_above_0_1_nats"":3,""definition"":""fractional empirical top1% mean of positive NLL harm; denominator .01*N"",""exceedances_nats"":{""0.01"":3,""0.1"":3,""1.0"":2},""max_positive_nats"":4.620086868676253,""maximum_position"":""w13:p31"",""mean_positive_nats"":0.00040522045035828753,""mean_signed_nats"":0.00040522045035828753,""zero_positive_n"":16253}},""scored_positions"":16256,""source_sha256"":""2e67327e54b5fb83e765c2320affcf8cfc4fc30b3996eea06105c850609ee524"",""status"":""complete""}"
a7d551c093fd3333314813a5,counterfact,R1_nonlearned,1,100,100,LS_terminated,"{""evaluated_value"":0.1,""numerator"":5.0,""planned"":50,""scored"":50,""status"":""complete"",""status_counts"":{""ok"":50},""value"":0.1}"
a7d551c093fd3333314813a5,counterfact,R1_nonlearned,1,100,100,locality,"{""expected_n"":50,""preserved_fraction"":0.12,""preserved_n"":6,""preserved_terminated_fraction"":0.1,""preserved_terminated_n"":5,""primary_convention"":""DEC-053 bounded exact decoded-text equality, no normalization or termination requirement"",""query_truncated_n"":1,""reference_truncated_n"":22,""scored_n"":50,""secondary_convention"":""same decoded text and neither side truncated"",""status"":""complete"",""truncated_pair_n"":22,""unavailable_n"":0}"
a7d551c093fd3333314813a5,counterfact,R1_nonlearned,1,100,100,unseen_false_fire,"{""evaluated_value"":0.88,""numerator"":88.0,""planned"":100,""scored"":100,""status"":""complete"",""status_counts"":{""ok"":100},""value"":0.88,""wilson_evaluated"":{""confidence"":0.95,""interpretation"":""descriptive binomial reference; fixed development data/selection and dependent prompts limit population inference"",""lower"":0.8018790057328857,""upper"":0.9300059356298052},""wilson_full_inventory"":{""confidence"":0.95,""interpretation"":""descriptive binomial reference; fixed development data/selection and dependent prompts limit population inference"",""lower"":0.8018790057328857,""upper"":0.9300059356298052}}"
a7d551c093fd3333314813a5,counterfact,R1_nonlearned,1,100,100,unseen_answer_changed,"{""evaluated_value"":0.88,""numerator"":88.0,""planned"":100,""scored"":100,""status"":""complete"",""status_counts"":{""ok"":100},""value"":0.88}"
a7d551c093fd3333314813a5,counterfact,R1_nonlearned,1,100,300,LS_terminated,"{""evaluated_value"":0.0,""numerator"":0.0,""planned"":50,""scored"":50,""status"":""complete"",""status_counts"":{""ok"":50},""value"":0.0}"
a7d551c093fd3333314813a5,counterfact,R1_nonlearned,1,100,300,locality,"{""expected_n"":50,""preserved_fraction"":0.0,""preserved_n"":0,""preserved_terminated_fraction"":0.0,""preserved_terminated_n"":0,""primary_convention"":""DEC-053 bounded exact decoded-text equality, no normalization or termination requirement"",""query_truncated_n"":0,""reference_truncated_n"":22,""scored_n"":50,""secondary_convention"":""same decoded text and neither side truncated"",""status"":""complete"",""truncated_pair_n"":22,""unavailable_n"":0}"
a7d551c093fd3333314813a5,counterfact,R1_nonlearned,1,100,300,unseen_false_fire,"{""evaluated_value"":0.99,""numerator"":99.0,""planned"":100,""scored"":100,""status"":""complete"",""status_counts"":{""ok"":100},""value"":0.99,""wilson_evaluated"":{""confidence"":0.95,""interpretation"":""descriptive binomial reference; fixed development data/selection and dependent prompts limit population inference"",""lower"":0.9455138038212946,""upper"":0.9982325679358593},""wilson_full_inventory"":{""confidence"":0.95,""interpretation"":""descriptive binomial reference; fixed development data/selection and dependent prompts limit population inference"",""lower"":0.9455138038212946,""upper"":0.9982325679358593}}"
a7d551c093fd3333314813a5,counterfact,R1_nonlearned,1,100,300,unseen_answer_changed,"{""evaluated_value"":0.99,""numerator"":99.0,""planned"":100,""scored"":100,""status"":""complete"",""status_counts"":{""ok"":100},""value"":0.99}"
a7d551c093fd3333314813a5,counterfact,R1_nonlearned,1,100,1000,LS_terminated,"{""evaluated_value"":0.0,""numerator"":0.0,""planned"":50,""scored"":50,""status"":""complete"",""status_counts"":{""ok"":50},""value"":0.0}"
a7d551c093fd3333314813a5,counterfact,R1_nonlearned,1,100,1000,locality,"{""expected_n"":50,""preserved_fraction"":0.0,""preserved_n"":0,""preserved_terminated_fraction"":0.0,""preserved_terminated_n"":0,""primary_convention"":""DEC-053 bounded exact decoded-text equality, no normalization or termination requirement"",""query_truncated_n"":0,""reference_truncated_n"":22,""scored_n"":50,""secondary_convention"":""same decoded text and neither side truncated"",""status"":""complete"",""truncated_pair_n"":22,""unavailable_n"":0}"
a7d551c093fd3333314813a5,counterfact,R1_nonlearned,1,100,1000,unseen_false_fire,"{""evaluated_value"":1.0,""numerator"":100.0,""planned"":100,""scored"":100,""status"":""complete"",""status_counts"":{""ok"":100},""value"":1.0,""wilson_evaluated"":{""confidence"":0.95,""interpretation"":""descriptive binomial reference; fixed development data/selection and dependent prompts limit population inference"",""lower"":0.9630065017930143,""upper"":1.0},""wilson_full_inventory"":{""confidence"":0.95,""interpretation"":""descriptive binomial reference; fixed development data/selection and dependent prompts limit population inference"",""lower"":0.9630065017930143,""upper"":1.0}}"
a7d551c093fd3333314813a5,counterfact,R1_nonlearned,1,100,1000,unseen_answer_changed,"{""evaluated_value"":1.0,""numerator"":100.0,""planned"":100,""scored"":100,""status"":""complete"",""status_counts"":{""ok"":100},""value"":1.0}"
a7d551c093fd3333314813a5,counterfact,R1_nonlearned,1,100,1000,near_miss,"{""expected_n"":100,""preserved_fraction"":0.0,""preserved_n"":0,""preserved_terminated_fraction"":0.0,""preserved_terminated_n"":0,""primary_convention"":""DEC-053 bounded exact decoded-text equality, no normalization or termination requirement"",""query_truncated_n"":0,""reference_truncated_n"":30,""scored_n"":100,""secondary_convention"":""same decoded text and neither side truncated"",""status"":""complete"",""truncated_pair_n"":30,""unavailable_n"":0}"
a7d551c093fd3333314813a5,counterfact,R1_nonlearned,1,100,1000,near_miss_bounded,"{""evaluated_value"":0.0,""numerator"":0.0,""planned"":100,""scored"":100,""status"":""complete"",""status_counts"":{""ok"":100},""value"":0.0}"
a7d551c093fd3333314813a5,counterfact,R1_nonlearned,1,100,1000,near_miss_terminated,"{""evaluated_value"":0.0,""numerator"":0.0,""planned"":100,""scored"":100,""status"":""complete"",""status_counts"":{""ok"":100},""value"":0.0}"
a7d551c093fd3333314813a5,counterfact,R1_nonlearned,1,100,1000,revision_latest,"{""evaluated_value"":1.0,""numerator"":50.0,""planned"":50,""scored"":50,""status"":""complete"",""status_counts"":{""ok"":50},""value"":1.0}"
a7d551c093fd3333314813a5,counterfact,R1_nonlearned,1,100,1000,revision_semantic,"{""evaluated_value"":1.0,""numerator"":50.0,""planned"":50,""scored"":50,""status"":""complete"",""status_counts"":{""ok"":50},""value"":1.0}"
a7d551c093fd3333314813a5,counterfact,R1_nonlearned,1,100,1000,old_record_retired,"{""evaluated_value"":1.0,""numerator"":50.0,""planned"":50,""scored"":50,""status"":""complete"",""status_counts"":{""ok"":50},""value"":1.0}"
a7d551c093fd3333314813a5,counterfact,R1_nonlearned,1,100,1000,new_record_active,"{""evaluated_value"":1.0,""numerator"":50.0,""planned"":50,""scored"":50,""status"":""complete"",""status_counts"":{""ok"":50},""value"":1.0}"
a7d551c093fd3333314813a5,counterfact,R1_nonlearned,1,100,1000,drift,"{""planned_positions"":16256,""references"":{""capoff"":{""ES95_positive_nats"":1.902690755929261,""ES99_positive_nats"":6.210724311148086,""count_above_0_1_nats"":415,""definition"":""fractional empirical top1% mean of positive NLL harm; denominator .01*N"",""exceedances_nats"":{""0.01"":417,""0.1"":415,""1.0"":361},""max_positive_nats"":16.67486474029269,""maximum_position"":""w122:p34"",""mean_positive_nats"":0.09513453779646305,""mean_signed_nats"":0.09451079894688842,""zero_positive_n"":15839},""original"":{""ES95_positive_nats"":1.902690755929261,""ES99_positive_nats"":6.210724311148086,""count_above_0_1_nats"":415,""definition"":""fractional empirical top1% mean of positive NLL harm; denominator .01*N"",""exceedances_nats"":{""0.01"":417,""0.1"":415,""1.0"":361},""max_positive_nats"":16.67486474029269,""maximum_position"":""w122:p34"",""mean_positive_nats"":0.09513453779646305,""mean_signed_nats"":0.09451079894688842,""zero_positive_n"":15839}},""scored_positions"":16256,""source_sha256"":""2e67327e54b5fb83e765c2320affcf8cfc4fc30b3996eea06105c850609ee524"",""status"":""complete""}"
c402523c2460a62d6040ddd0,counterfact,R1_nonlearned,1,101,100,LS_terminated,"{""evaluated_value"":0.02,""numerator"":1.0,""planned"":50,""scored"":50,""status"":""complete"",""status_counts"":{""ok"":50},""value"":0.02}"
c402523c2460a62d6040ddd0,counterfact,R1_nonlearned,1,101,100,locality,"{""expected_n"":50,""preserved_fraction"":0.08,""preserved_n"":4,""preserved_terminated_fraction"":0.02,""preserved_terminated_n"":1,""primary_convention"":""DEC-053 bounded exact decoded-text equality, no normalization or termination requirement"",""query_truncated_n"":3,""reference_truncated_n"":22,""scored_n"":50,""secondary_convention"":""same decoded text and neither side truncated"",""status"":""complete"",""truncated_pair_n"":22,""unavailable_n"":0}"
c402523c2460a62d6040ddd0,counterfact,R1_nonlearned,1,101,100,unseen_false_fire,"{""evaluated_value"":0.87,""numerator"":87.0,""planned"":100,""scored"":100,""status"":""complete"",""status_counts"":{""ok"":100},""value"":0.87,""wilson_evaluated"":{""confidence"":0.95,""interpretation"":""descriptive binomial reference; fixed development data/selection and dependent prompts limit population inference"",""lower"":0.7901964855992357,""upper"":0.9224283257275948},""wilson_full_inventory"":{""confidence"":0.95,""interpretation"":""descriptive binomial reference; fixed development data/selection and dependent prompts limit population inference"",""lower"":0.7901964855992357,""upper"":0.9224283257275948}}"
c402523c2460a62d6040ddd0,counterfact,R1_nonlearned,1,101,100,unseen_answer_changed,"{""evaluated_value"":0.87,""numerator"":87.0,""planned"":100,""scored"":100,""status"":""complete"",""status_counts"":{""ok"":100},""value"":0.87}"
c402523c2460a62d6040ddd0,counterfact,R1_nonlearned,1,101,300,LS_terminated,"{""evaluated_value"":0.0,""numerator"":0.0,""planned"":50,""scored"":50,""status"":""complete"",""status_counts"":{""ok"":50},""value"":0.0}"
c402523c2460a62d6040ddd0,counterfact,R1_nonlearned,1,101,300,locality,"{""expected_n"":50,""preserved_fraction"":0.0,""preserved_n"":0,""preserved_terminated_fraction"":0.0,""preserved_terminated_n"":0,""primary_convention"":""DEC-053 bounded exact decoded-text equality, no normalization or termination requirement"",""query_truncated_n"":0,""reference_truncated_n"":22,""scored_n"":50,""secondary_convention"":""same decoded text and neither side truncated"",""status"":""complete"",""truncated_pair_n"":22,""unavailable_n"":0}"
c402523c2460a62d6040ddd0,counterfact,R1_nonlearned,1,101,300,unseen_false_fire,"{""evaluated_value"":0.98,""numerator"":98.0,""planned"":100,""scored"":100,""status"":""complete"",""status_counts"":{""ok"":100},""value"":0.98,""wilson_evaluated"":{""confidence"":0.95,""interpretation"":""descriptive binomial reference; fixed development data/selection and dependent prompts limit population inference"",""lower"":0.929988209271456,""upper"":0.9944980324498376},""wilson_full_inventory"":{""confidence"":0.95,""interpretation"":""descriptive binomial reference; fixed development data/selection and dependent prompts limit population inference"",""lower"":0.929988209271456,""upper"":0.9944980324498376}}"
c402523c2460a62d6040ddd0,counterfact,R1_nonlearned,1,101,300,unseen_answer_changed,"{""evaluated_value"":0.98,""numerator"":98.0,""planned"":100,""scored"":100,""status"":""complete"",""status_counts"":{""ok"":100},""value"":0.98}"
c402523c2460a62d6040ddd0,counterfact,R1_nonlearned,1,101,1000,LS_terminated,"{""evaluated_value"":0.0,""numerator"":0.0,""planned"":50,""scored"":50,""status"":""complete"",""status_counts"":{""ok"":50},""value"":0.0}"
c402523c2460a62d6040ddd0,counterfact,R1_nonlearned,1,101,1000,locality,"{""expected_n"":50,""preserved_fraction"":0.0,""preserved_n"":0,""preserved_terminated_fraction"":0.0,""preserved_terminated_n"":0,""primary_convention"":""DEC-053 bounded exact decoded-text equality, no normalization or termination requirement"",""query_truncated_n"":0,""reference_truncated_n"":22,""scored_n"":50,""secondary_convention"":""same decoded text and neither side truncated"",""status"":""complete"",""truncated_pair_n"":22,""unavailable_n"":0}"
c402523c2460a62d6040ddd0,counterfact,R1_nonlearned,1,101,1000,unseen_false_fire,"{""evaluated_value"":1.0,""numerator"":100.0,""planned"":100,""scored"":100,""status"":""complete"",""status_counts"":{""ok"":100},""value"":1.0,""wilson_evaluated"":{""confidence"":0.95,""interpretation"":""descriptive binomial reference; fixed development data/selection and dependent prompts limit population inference"",""lower"":0.9630065017930143,""upper"":1.0},""wilson_full_inventory"":{""confidence"":0.95,""interpretation"":""descriptive binomial reference; fixed development data/selection and dependent prompts limit population inference"",""lower"":0.9630065017930143,""upper"":1.0}}"
c402523c2460a62d6040ddd0,counterfact,R1_nonlearned,1,101,1000,unseen_answer_changed,"{""evaluated_value"":1.0,""numerator"":100.0,""planned"":100,""scored"":100,""status"":""complete"",""status_counts"":{""ok"":100},""value"":1.0}"
c402523c2460a62d6040ddd0,counterfact,R1_nonlearned,1,101,1000,near_miss,"{""expected_n"":100,""preserved_fraction"":0.0,""preserved_n"":0,""preserved_terminated_fraction"":0.0,""preserved_terminated_n"":0,""primary_convention"":""DEC-053 bounded exact decoded-text equality, no normalization or termination requirement"",""query_truncated_n"":0,""reference_truncated_n"":30,""scored_n"":100,""secondary_convention"":""same decoded text and neither side truncated"",""status"":""complete"",""truncated_pair_n"":30,""unavailable_n"":0}"
c402523c2460a62d6040ddd0,counterfact,R1_nonlearned,1,101,1000,near_miss_bounded,"{""evaluated_value"":0.0,""numerator"":0.0,""planned"":100,""scored"":100,""status"":""complete"",""status_counts"":{""ok"":100},""value"":0.0}"
c402523c2460a62d6040ddd0,counterfact,R1_nonlearned,1,101,1000,near_miss_terminated,"{""evaluated_value"":0.0,""numerator"":0.0,""planned"":100,""scored"":100,""status"":""complete"",""status_counts"":{""ok"":100},""value"":0.0}"
c402523c2460a62d6040ddd0,counterfact,R1_nonlearned,1,101,1000,revision_latest,"{""evaluated_value"":1.0,""numerator"":50.0,""planned"":50,""scored"":50,""status"":""complete"",""status_counts"":{""ok"":50},""value"":1.0}"
c402523c2460a62d6040ddd0,counterfact,R1_nonlearned,1,101,1000,revision_semantic,"{""evaluated_value"":1.0,""numerator"":50.0,""planned"":50,""scored"":50,""status"":""complete"",""status_counts"":{""ok"":50},""value"":1.0}"
c402523c2460a62d6040ddd0,counterfact,R1_nonlearned,1,101,1000,old_record_retired,"{""evaluated_value"":1.0,""numerator"":50.0,""planned"":50,""scored"":50,""status"":""complete"",""status_counts"":{""ok"":50},""value"":1.0}"
c402523c2460a62d6040ddd0,counterfact,R1_nonlearned,1,101,1000,new_record_active,"{""evaluated_value"":1.0,""numerator"":50.0,""planned"":50,""scored"":50,""status"":""complete"",""status_counts"":{""ok"":50},""value"":1.0}"
c402523c2460a62d6040ddd0,counterfact,R1_nonlearned,1,101,1000,drift,"{""planned_positions"":16256,""references"":{""capoff"":{""ES95_positive_nats"":1.902690755929261,""ES99_positive_nats"":6.210724311148086,""count_above_0_1_nats"":415,""definition"":""fractional empirical top1% mean of positive NLL harm; denominator .01*N"",""exceedances_nats"":{""0.01"":417,""0.1"":415,""1.0"":361},""max_positive_nats"":16.67486474029269,""maximum_position"":""w122:p34"",""mean_positive_nats"":0.09513453779646305,""mean_signed_nats"":0.09451079894688842,""zero_positive_n"":15839},""original"":{""ES95_positive_nats"":1.902690755929261,""ES99_positive_nats"":6.210724311148086,""count_above_0_1_nats"":415,""definition"":""fractional empirical top1% mean of positive NLL harm; denominator .01*N"",""exceedances_nats"":{""0.01"":417,""0.1"":415,""1.0"":361},""max_positive_nats"":16.67486474029269,""maximum_position"":""w122:p34"",""mean_positive_nats"":0.09513453779646305,""mean_signed_nats"":0.09451079894688842,""zero_positive_n"":15839}},""scored_positions"":16256,""source_sha256"":""2e67327e54b5fb83e765c2320affcf8cfc4fc30b3996eea06105c850609ee524"",""status"":""complete""}"
b103826472ba7653cd8fd13a,counterfact,R1_nonlearned,1,102,100,LS_terminated,"{""evaluated_value"":0.06,""numerator"":3.0,""planned"":50,""scored"":50,""status"":""complete"",""status_counts"":{""ok"":50},""value"":0.06}"
b103826472ba7653cd8fd13a,counterfact,R1_nonlearned,1,102,100,locality,"{""expected_n"":50,""preserved_fraction"":0.06,""preserved_n"":3,""preserved_terminated_fraction"":0.06,""preserved_terminated_n"":3,""primary_convention"":""DEC-053 bounded exact decoded-text equality, no normalization or termination requirement"",""query_truncated_n"":0,""reference_truncated_n"":22,""scored_n"":50,""secondary_convention"":""same decoded text and neither side truncated"",""status"":""complete"",""truncated_pair_n"":22,""unavailable_n"":0}"
b103826472ba7653cd8fd13a,counterfact,R1_nonlearned,1,102,100,unseen_false_fire,"{""evaluated_value"":0.94,""numerator"":94.0,""planned"":100,""scored"":100,""status"":""complete"",""status_counts"":{""ok"":100},""value"":0.94,""wilson_evaluated"":{""confidence"":0.95,""interpretation"":""descriptive binomial reference; fixed development data/selection and dependent prompts limit population inference"",""lower"":0.8752318455410406,""upper"":0.9722138760368118},""wilson_full_inventory"":{""confidence"":0.95,""interpretation"":""descriptive binomial reference; fixed development data/selection and dependent prompts limit population inference"",""lower"":0.8752318455410406,""upper"":0.9722138760368118}}"
b103826472ba7653cd8fd13a,counterfact,R1_nonlearned,1,102,100,unseen_answer_changed,"{""evaluated_value"":0.94,""numerator"":94.0,""planned"":100,""scored"":100,""status"":""complete"",""status_counts"":{""ok"":100},""value"":0.94}"
b103826472ba7653cd8fd13a,counterfact,R1_nonlearned,1,102,300,LS_terminated,"{""evaluated_value"":0.06,""numerator"":3.0,""planned"":50,""scored"":50,""status"":""complete"",""status_counts"":{""ok"":50},""value"":0.06}"
b103826472ba7653cd8fd13a,counterfact,R1_nonlearned,1,102,300,locality,"{""expected_n"":50,""preserved_fraction"":0.06,""preserved_n"":3,""preserved_terminated_fraction"":0.06,""preserved_terminated_n"":3,""primary_convention"":""DEC-053 bounded exact decoded-text equality, no normalization or termination requirement"",""query_truncated_n"":0,""reference_truncated_n"":22,""scored_n"":50,""secondary_convention"":""same decoded text and neither side truncated"",""status"":""complete"",""truncated_pair_n"":22,""unavailable_n"":0}"
b103826472ba7653cd8fd13a,counterfact,R1_nonlearned,1,102,300,unseen_false_fire,"{""evaluated_value"":1.0,""numerator"":100.0,""planned"":100,""scored"":100,""status"":""complete"",""status_counts"":{""ok"":100},""value"":1.0,""wilson_evaluated"":{""confidence"":0.95,""interpretation"":""descriptive binomial reference; fixed development data/selection and dependent prompts limit population inference"",""lower"":0.9630065017930143,""upper"":1.0},""wilson_full_inventory"":{""confidence"":0.95,""interpretation"":""descriptive binomial reference; fixed development data/selection and dependent prompts limit population inference"",""lower"":0.9630065017930143,""upper"":1.0}}"
b103826472ba7653cd8fd13a,counterfact,R1_nonlearned,1,102,300,unseen_answer_changed,"{""evaluated_value"":1.0,""numerator"":100.0,""planned"":100,""scored"":100,""status"":""complete"",""status_counts"":{""ok"":100},""value"":1.0}"
b103826472ba7653cd8fd13a,counterfact,R1_nonlearned,1,102,1000,LS_terminated,"{""evaluated_value"":0.0,""numerator"":0.0,""planned"":50,""scored"":50,""status"":""complete"",""status_counts"":{""ok"":50},""value"":0.0}"
b103826472ba7653cd8fd13a,counterfact,R1_nonlearned,1,102,1000,locality,"{""expected_n"":50,""preserved_fraction"":0.0,""preserved_n"":0,""preserved_terminated_fraction"":0.0,""preserved_terminated_n"":0,""primary_convention"":""DEC-053 bounded exact decoded-text equality, no normalization or termination requirement"",""query_truncated_n"":0,""reference_truncated_n"":22,""scored_n"":50,""secondary_convention"":""same decoded text and neither side truncated"",""status"":""complete"",""truncated_pair_n"":22,""unavailable_n"":0}"
b103826472ba7653cd8fd13a,counterfact,R1_nonlearned,1,102,1000,unseen_false_fire,"{""evaluated_value"":1.0,""numerator"":100.0,""planned"":100,""scored"":100,""status"":""complete"",""status_counts"":{""ok"":100},""value"":1.0,""wilson_evaluated"":{""confidence"":0.95,""interpretation"":""descriptive binomial reference; fixed development data/selection and dependent prompts limit population inference"",""lower"":0.9630065017930143,""upper"":1.0},""wilson_full_inventory"":{""confidence"":0.95,""interpretation"":""descriptive binomial reference; fixed development data/selection and dependent prompts limit population inference"",""lower"":0.9630065017930143,""upper"":1.0}}"
b103826472ba7653cd8fd13a,counterfact,R1_nonlearned,1,102,1000,unseen_answer_changed,"{""evaluated_value"":1.0,""numerator"":100.0,""planned"":100,""scored"":100,""status"":""complete"",""status_counts"":{""ok"":100},""value"":1.0}"
b103826472ba7653cd8fd13a,counterfact,R1_nonlearned,1,102,1000,near_miss,"{""expected_n"":100,""preserved_fraction"":0.0,""preserved_n"":0,""preserved_terminated_fraction"":0.0,""preserved_terminated_n"":0,""primary_convention"":""DEC-053 bounded exact decoded-text equality, no normalization or termination requirement"",""query_truncated_n"":0,""reference_truncated_n"":30,""scored_n"":100,""secondary_convention"":""same decoded text and neither side truncated"",""status"":""complete"",""truncated_pair_n"":30,""unavailable_n"":0}"
b103826472ba7653cd8fd13a,counterfact,R1_nonlearned,1,102,1000,near_miss_bounded,"{""evaluated_value"":0.0,""numerator"":0.0,""planned"":100,""scored"":100,""status"":""complete"",""status_counts"":{""ok"":100},""value"":0.0}"
b103826472ba7653cd8fd13a,counterfact,R1_nonlearned,1,102,1000,near_miss_terminated,"{""evaluated_value"":0.0,""numerator"":0.0,""planned"":100,""scored"":100,""status"":""complete"",""status_counts"":{""ok"":100},""value"":0.0}"
b103826472ba7653cd8fd13a,counterfact,R1_nonlearned,1,102,1000,revision_latest,"{""evaluated_value"":1.0,""numerator"":50.0,""planned"":50,""scored"":50,""status"":""complete"",""status_counts"":{""ok"":50},""value"":1.0}"
b103826472ba7653cd8fd13a,counterfact,R1_nonlearned,1,102,1000,revision_semantic,"{""evaluated_value"":1.0,""numerator"":50.0,""planned"":50,""scored"":50,""status"":""complete"",""status_counts"":{""ok"":50},""value"":1.0}"
b103826472ba7653cd8fd13a,counterfact,R1_nonlearned,1,102,1000,old_record_retired,"{""evaluated_value"":1.0,""numerator"":50.0,""planned"":50,""scored"":50,""status"":""complete"",""status_counts"":{""ok"":50},""value"":1.0}"
b103826472ba7653cd8fd13a,counterfact,R1_nonlearned,1,102,1000,new_record_active,"{""evaluated_value"":1.0,""numerator"":50.0,""planned"":50,""scored"":50,""status"":""complete"",""status_counts"":{""ok"":50},""value"":1.0}"
b103826472ba7653cd8fd13a,counterfact,R1_nonlearned,1,102,1000,drift,"{""planned_positions"":16256,""references"":{""capoff"":{""ES95_positive_nats"":1.902690755929261,""ES99_positive_nats"":6.210724311148086,""count_above_0_1_nats"":415,""definition"":""fractional empirical top1% mean of positive NLL harm; denominator .01*N"",""exceedances_nats"":{""0.01"":417,""0.1"":415,""1.0"":361},""max_positive_nats"":16.67486474029269,""maximum_position"":""w122:p34"",""mean_positive_nats"":0.09513453779646305,""mean_signed_nats"":0.09451079894688842,""zero_positive_n"":15839},""original"":{""ES95_positive_nats"":1.902690755929261,""ES99_positive_nats"":6.210724311148086,""count_above_0_1_nats"":415,""definition"":""fractional empirical top1% mean of positive NLL harm; denominator .01*N"",""exceedances_nats"":{""0.01"":417,""0.1"":415,""1.0"":361},""max_positive_nats"":16.67486474029269,""maximum_position"":""w122:p34"",""mean_positive_nats"":0.09513453779646305,""mean_signed_nats"":0.09451079894688842,""zero_positive_n"":15839}},""scored_positions"":16256,""source_sha256"":""2e67327e54b5fb83e765c2320affcf8cfc4fc30b3996eea06105c850609ee524"",""status"":""complete""}"
525ad705ad7008ed3ea378eb,counterfact,R1_nonlearned,1,103,100,LS_terminated,"{""evaluated_value"":0.04,""numerator"":2.0,""planned"":50,""scored"":50,""status"":""complete"",""status_counts"":{""ok"":50},""value"":0.04}"
525ad705ad7008ed3ea378eb,counterfact,R1_nonlearned,1,103,100,locality,"{""expected_n"":50,""preserved_fraction"":0.06,""preserved_n"":3,""preserved_terminated_fraction"":0.04,""preserved_terminated_n"":2,""primary_convention"":""DEC-053 bounded exact decoded-text equality, no normalization or termination requirement"",""query_truncated_n"":1,""reference_truncated_n"":22,""scored_n"":50,""secondary_convention"":""same decoded text and neither side truncated"",""status"":""complete"",""truncated_pair_n"":22,""unavailable_n"":0}"
525ad705ad7008ed3ea378eb,counterfact,R1_nonlearned,1,103,100,unseen_false_fire,"{""evaluated_value"":0.94,""numerator"":94.0,""planned"":100,""scored"":100,""status"":""complete"",""status_counts"":{""ok"":100},""value"":0.94,""wilson_evaluated"":{""confidence"":0.95,""interpretation"":""descriptive binomial reference; fixed development data/selection and dependent prompts limit population inference"",""lower"":0.8752318455410406,""upper"":0.9722138760368118},""wilson_full_inventory"":{""confidence"":0.95,""interpretation"":""descriptive binomial reference; fixed development data/selection and dependent prompts limit population inference"",""lower"":0.8752318455410406,""upper"":0.9722138760368118}}"
525ad705ad7008ed3ea378eb,counterfact,R1_nonlearned,1,103,100,unseen_answer_changed,"{""evaluated_value"":0.94,""numerator"":94.0,""planned"":100,""scored"":100,""status"":""complete"",""status_counts"":{""ok"":100},""value"":0.94}"
525ad705ad7008ed3ea378eb,counterfact,R1_nonlearned,1,103,300,LS_terminated,"{""evaluated_value"":0.02,""numerator"":1.0,""planned"":50,""scored"":50,""status"":""complete"",""status_counts"":{""ok"":50},""value"":0.02}"
525ad705ad7008ed3ea378eb,counterfact,R1_nonlearned,1,103,300,locality,"{""expected_n"":50,""preserved_fraction"":0.04,""preserved_n"":2,""preserved_terminated_fraction"":0.02,""preserved_terminated_n"":1,""primary_convention"":""DEC-053 bounded exact decoded-text equality, no normalization or termination requirement"",""query_truncated_n"":1,""reference_truncated_n"":22,""scored_n"":50,""secondary_convention"":""same decoded text and neither side truncated"",""status"":""complete"",""truncated_pair_n"":22,""unavailable_n"":0}"
525ad705ad7008ed3ea378eb,counterfact,R1_nonlearned,1,103,300,unseen_false_fire,"{""evaluated_value"":0.99,""numerator"":99.0,""planned"":100,""scored"":100,""status"":""complete"",""status_counts"":{""ok"":100},""value"":0.99,""wilson_evaluated"":{""confidence"":0.95,""interpretation"":""descriptive binomial reference; fixed development data/selection and dependent prompts limit population inference"",""lower"":0.9455138038212946,""upper"":0.9982325679358593},""wilson_full_inventory"":{""confidence"":0.95,""interpretation"":""descriptive binomial reference; fixed development data/selection and dependent prompts limit population inference"",""lower"":0.9455138038212946,""upper"":0.9982325679358593}}"
525ad705ad7008ed3ea378eb,counterfact,R1_nonlearned,1,103,300,unseen_answer_changed,"{""evaluated_value"":0.99,""numerator"":99.0,""planned"":100,""scored"":100,""status"":""complete"",""status_counts"":{""ok"":100},""value"":0.99}"
525ad705ad7008ed3ea378eb,counterfact,R1_nonlearned,1,103,1000,LS_terminated,"{""evaluated_value"":0.0,""numerator"":0.0,""planned"":50,""scored"":50,""status"":""complete"",""status_counts"":{""ok"":50},""value"":0.0}"
525ad705ad7008ed3ea378eb,counterfact,R1_nonlearned,1,103,1000,locality,"{""expected_n"":50,""preserved_fraction"":0.0,""preserved_n"":0,""preserved_terminated_fraction"":0.0,""preserved_terminated_n"":0,""primary_convention"":""DEC-053 bounded exact decoded-text equality, no normalization or termination requirement"",""query_truncated_n"":0,""reference_truncated_n"":22,""scored_n"":50,""secondary_convention"":""same decoded text and neither side truncated"",""status"":""complete"",""truncated_pair_n"":22,""unavailable_n"":0}"
525ad705ad7008ed3ea378eb,counterfact,R1_nonlearned,1,103,1000,unseen_false_fire,"{""evaluated_value"":1.0,""numerator"":100.0,""planned"":100,""scored"":100,""status"":""complete"",""status_counts"":{""ok"":100},""value"":1.0,""wilson_evaluated"":{""confidence"":0.95,""interpretation"":""descriptive binomial reference; fixed development data/selection and dependent prompts limit population inference"",""lower"":0.9630065017930143,""upper"":1.0},""wilson_full_inventory"":{""confidence"":0.95,""interpretation"":""descriptive binomial reference; fixed development data/selection and dependent prompts limit population inference"",""lower"":0.9630065017930143,""upper"":1.0}}"
525ad705ad7008ed3ea378eb,counterfact,R1_nonlearned,1,103,1000,unseen_answer_changed,"{""evaluated_value"":1.0,""numerator"":100.0,""planned"":100,""scored"":100,""status"":""complete"",""status_counts"":{""ok"":100},""value"":1.0}"
525ad705ad7008ed3ea378eb,counterfact,R1_nonlearned,1,103,1000,near_miss,"{""expected_n"":100,""preserved_fraction"":0.0,""preserved_n"":0,""preserved_terminated_fraction"":0.0,""preserved_terminated_n"":0,""primary_convention"":""DEC-053 bounded exact decoded-text equality, no normalization or termination requirement"",""query_truncated_n"":0,""reference_truncated_n"":30,""scored_n"":100,""secondary_convention"":""same decoded text and neither side truncated"",""status"":""complete"",""truncated_pair_n"":30,""unavailable_n"":0}"
525ad705ad7008ed3ea378eb,counterfact,R1_nonlearned,1,103,1000,near_miss_bounded,"{""evaluated_value"":0.0,""numerator"":0.0,""planned"":100,""scored"":100,""status"":""complete"",""status_counts"":{""ok"":100},""value"":0.0}"
525ad705ad7008ed3ea378eb,counterfact,R1_nonlearned,1,103,1000,near_miss_terminated,"{""evaluated_value"":0.0,""numerator"":0.0,""planned"":100,""scored"":100,""status"":""complete"",""status_counts"":{""ok"":100},""value"":0.0}"
525ad705ad7008ed3ea378eb,counterfact,R1_nonlearned,1,103,1000,revision_latest,"{""evaluated_value"":1.0,""numerator"":50.0,""planned"":50,""scored"":50,""status"":""complete"",""status_counts"":{""ok"":50},""value"":1.0}"
525ad705ad7008ed3ea378eb,counterfact,R1_nonlearned,1,103,1000,revision_semantic,"{""evaluated_value"":1.0,""numerator"":50.0,""planned"":50,""scored"":50,""status"":""complete"",""status_counts"":{""ok"":50},""value"":1.0}"
525ad705ad7008ed3ea378eb,counterfact,R1_nonlearned,1,103,1000,old_record_retired,"{""evaluated_value"":1.0,""numerator"":50.0,""planned"":50,""scored"":50,""status"":""complete"",""status_counts"":{""ok"":50},""value"":1.0}"
525ad705ad7008ed3ea378eb,counterfact,R1_nonlearned,1,103,1000,new_record_active,"{""evaluated_value"":1.0,""numerator"":50.0,""planned"":50,""scored"":50,""status"":""complete"",""status_counts"":{""ok"":50},""value"":1.0}"
525ad705ad7008ed3ea378eb,counterfact,R1_nonlearned,1,103,1000,drift,"{""planned_positions"":16256,""references"":{""capoff"":{""ES95_positive_nats"":1.902690755929261,""ES99_positive_nats"":6.210724311148086,""count_above_0_1_nats"":415,""definition"":""fractional empirical top1% mean of positive NLL harm; denominator .01*N"",""exceedances_nats"":{""0.01"":417,""0.1"":415,""1.0"":361},""max_positive_nats"":16.67486474029269,""maximum_position"":""w122:p34"",""mean_positive_nats"":0.09513453779646305,""mean_signed_nats"":0.09451079894688842,""zero_positive_n"":15839},""original"":{""ES95_positive_nats"":1.902690755929261,""ES99_positive_nats"":6.210724311148086,""count_above_0_1_nats"":415,""definition"":""fractional empirical top1% mean of positive NLL harm; denominator .01*N"",""exceedances_nats"":{""0.01"":417,""0.1"":415,""1.0"":361},""max_positive_nats"":16.67486474029269,""maximum_position"":""w122:p34"",""mean_positive_nats"":0.09513453779646305,""mean_signed_nats"":0.09451079894688842,""zero_positive_n"":15839}},""scored_positions"":16256,""source_sha256"":""2e67327e54b5fb83e765c2320affcf8cfc4fc30b3996eea06105c850609ee524"",""status"":""complete""}"
8a4bcb6e358e98c523b0d0c3,counterfact,R1_nonlearned,1,104,100,LS_terminated,"{""evaluated_value"":0.1,""numerator"":5.0,""planned"":50,""scored"":50,""status"":""complete"",""status_counts"":{""ok"":50},""value"":0.1}"
8a4bcb6e358e98c523b0d0c3,counterfact,R1_nonlearned,1,104,100,locality,"{""expected_n"":50,""preserved_fraction"":0.16,""preserved_n"":8,""preserved_terminated_fraction"":0.1,""preserved_terminated_n"":5,""primary_convention"":""DEC-053 bounded exact decoded-text equality, no normalization or termination requirement"",""query_truncated_n"":3,""reference_truncated_n"":22,""scored_n"":50,""secondary_convention"":""same decoded text and neither side truncated"",""status"":""complete"",""truncated_pair_n"":22,""unavailable_n"":0}"
8a4bcb6e358e98c523b0d0c3,counterfact,R1_nonlearned,1,104,100,unseen_false_fire,"{""evaluated_value"":0.96,""numerator"":96.0,""planned"":100,""scored"":100,""status"":""complete"",""status_counts"":{""ok"":100},""value"":0.96,""wilson_evaluated"":{""confidence"":0.95,""interpretation"":""descriptive binomial reference; fixed development data/selection and dependent prompts limit population inference"",""lower"":0.9016292856411208,""upper"":0.9843366960084523},""wilson_full_inventory"":{""confidence"":0.95,""interpretation"":""descriptive binomial reference; fixed development data/selection and dependent prompts limit population inference"",""lower"":0.9016292856411208,""upper"":0.9843366960084523}}"
8a4bcb6e358e98c523b0d0c3,counterfact,R1_nonlearned,1,104,100,unseen_answer_changed,"{""evaluated_value"":0.96,""numerator"":96.0,""planned"":100,""scored"":100,""status"":""complete"",""status_counts"":{""ok"":100},""value"":0.96}"
8a4bcb6e358e98c523b0d0c3,counterfact,R1_nonlearned,1,104,300,LS_terminated,"{""evaluated_value"":0.0,""numerator"":0.0,""planned"":50,""scored"":50,""status"":""complete"",""status_counts"":{""ok"":50},""value"":0.0}"
8a4bcb6e358e98c523b0d0c3,counterfact,R1_nonlearned,1,104,300,locality,"{""expected_n"":50,""preserved_fraction"":0.0,""preserved_n"":0,""preserved_terminated_fraction"":0.0,""preserved_terminated_n"":0,""primary_convention"":""DEC-053 bounded exact decoded-text equality, no normalization or termination requirement"",""query_truncated_n"":0,""reference_truncated_n"":22,""scored_n"":50,""secondary_convention"":""same decoded text and neither side truncated"",""status"":""complete"",""truncated_pair_n"":22,""unavailable_n"":0}"
8a4bcb6e358e98c523b0d0c3,counterfact,R1_nonlearned,1,104,300,unseen_false_fire,"{""evaluated_value"":1.0,""numerator"":100.0,""planned"":100,""scored"":100,""status"":""complete"",""status_counts"":{""ok"":100},""value"":1.0,""wilson_evaluated"":{""confidence"":0.95,""interpretation"":""descriptive binomial reference; fixed development data/selection and dependent prompts limit population inference"",""lower"":0.9630065017930143,""upper"":1.0},""wilson_full_inventory"":{""confidence"":0.95,""interpretation"":""descriptive binomial reference; fixed development data/selection and dependent prompts limit population inference"",""lower"":0.9630065017930143,""upper"":1.0}}"
8a4bcb6e358e98c523b0d0c3,counterfact,R1_nonlearned,1,104,300,unseen_answer_changed,"{""evaluated_value"":1.0,""numerator"":100.0,""planned"":100,""scored"":100,""status"":""complete"",""status_counts"":{""ok"":100},""value"":1.0}"
8a4bcb6e358e98c523b0d0c3,counterfact,R1_nonlearned,1,104,1000,LS_terminated,"{""evaluated_value"":0.0,""numerator"":0.0,""planned"":50,""scored"":50,""status"":""complete"",""status_counts"":{""ok"":50},""value"":0.0}"
8a4bcb6e358e98c523b0d0c3,counterfact,R1_nonlearned,1,104,1000,locality,"{""expected_n"":50,""preserved_fraction"":0.0,""preserved_n"":0,""preserved_terminated_fraction"":0.0,""preserved_terminated_n"":0,""primary_convention"":""DEC-053 bounded exact decoded-text equality, no normalization or termination requirement"",""query_truncated_n"":0,""reference_truncated_n"":22,""scored_n"":50,""secondary_convention"":""same decoded text and neither side truncated"",""status"":""complete"",""truncated_pair_n"":22,""unavailable_n"":0}"
8a4bcb6e358e98c523b0d0c3,counterfact,R1_nonlearned,1,104,1000,unseen_false_fire,"{""evaluated_value"":1.0,""numerator"":100.0,""planned"":100,""scored"":100,""status"":""complete"",""status_counts"":{""ok"":100},""value"":1.0,""wilson_evaluated"":{""confidence"":0.95,""interpretation"":""descriptive binomial reference; fixed development data/selection and dependent prompts limit population inference"",""lower"":0.9630065017930143,""upper"":1.0},""wilson_full_inventory"":{""confidence"":0.95,""interpretation"":""descriptive binomial reference; fixed development data/selection and dependent prompts limit population inference"",""lower"":0.9630065017930143,""upper"":1.0}}"
8a4bcb6e358e98c523b0d0c3,counterfact,R1_nonlearned,1,104,1000,unseen_answer_changed,"{""evaluated_value"":1.0,""numerator"":100.0,""planned"":100,""scored"":100,""status"":""complete"",""status_counts"":{""ok"":100},""value"":1.0}"
8a4bcb6e358e98c523b0d0c3,counterfact,R1_nonlearned,1,104,1000,near_miss,"{""expected_n"":100,""preserved_fraction"":0.0,""preserved_n"":0,""preserved_terminated_fraction"":0.0,""preserved_terminated_n"":0,""primary_convention"":""DEC-053 bounded exact decoded-text equality, no normalization or termination requirement"",""query_truncated_n"":0,""reference_truncated_n"":30,""scored_n"":100,""secondary_convention"":""same decoded text and neither side truncated"",""status"":""complete"",""truncated_pair_n"":30,""unavailable_n"":0}"
8a4bcb6e358e98c523b0d0c3,counterfact,R1_nonlearned,1,104,1000,near_miss_bounded,"{""evaluated_value"":0.0,""numerator"":0.0,""planned"":100,""scored"":100,""status"":""complete"",""status_counts"":{""ok"":100},""value"":0.0}"
8a4bcb6e358e98c523b0d0c3,counterfact,R1_nonlearned,1,104,1000,near_miss_terminated,"{""evaluated_value"":0.0,""numerator"":0.0,""planned"":100,""scored"":100,""status"":""complete"",""status_counts"":{""ok"":100},""value"":0.0}"
8a4bcb6e358e98c523b0d0c3,counterfact,R1_nonlearned,1,104,1000,revision_latest,"{""evaluated_value"":1.0,""numerator"":50.0,""planned"":50,""scored"":50,""status"":""complete"",""status_counts"":{""ok"":50},""value"":1.0}"
8a4bcb6e358e98c523b0d0c3,counterfact,R1_nonlearned,1,104,1000,revision_semantic,"{""evaluated_value"":1.0,""numerator"":50.0,""planned"":50,""scored"":50,""status"":""complete"",""status_counts"":{""ok"":50},""value"":1.0}"
8a4bcb6e358e98c523b0d0c3,counterfact,R1_nonlearned,1,104,1000,old_record_retired,"{""evaluated_value"":1.0,""numerator"":50.0,""planned"":50,""scored"":50,""status"":""complete"",""status_counts"":{""ok"":50},""value"":1.0}"
8a4bcb6e358e98c523b0d0c3,counterfact,R1_nonlearned,1,104,1000,new_record_active,"{""evaluated_value"":1.0,""numerator"":50.0,""planned"":50,""scored"":50,""status"":""complete"",""status_counts"":{""ok"":50},""value"":1.0}"
8a4bcb6e358e98c523b0d0c3,counterfact,R1_nonlearned,1,104,1000,drift,"{""planned_positions"":16256,""references"":{""capoff"":{""ES95_positive_nats"":1.902690755929261,""ES99_positive_nats"":6.210724311148086,""count_above_0_1_nats"":415,""definition"":""fractional empirical top1% mean of positive NLL harm; denominator .01*N"",""exceedances_nats"":{""0.01"":417,""0.1"":415,""1.0"":361},""max_positive_nats"":16.67486474029269,""maximum_position"":""w122:p34"",""mean_positive_nats"":0.09513453779646305,""mean_signed_nats"":0.09451079894688842,""zero_positive_n"":15839},""original"":{""ES95_positive_nats"":1.902690755929261,""ES99_positive_nats"":6.210724311148086,""count_above_0_1_nats"":415,""definition"":""fractional empirical top1% mean of positive NLL harm; denominator .01*N"",""exceedances_nats"":{""0.01"":417,""0.1"":415,""1.0"":361},""max_positive_nats"":16.67486474029269,""maximum_position"":""w122:p34"",""mean_positive_nats"":0.09513453779646305,""mean_signed_nats"":0.09451079894688842,""zero_positive_n"":15839}},""scored_positions"":16256,""source_sha256"":""2e67327e54b5fb83e765c2320affcf8cfc4fc30b3996eea06105c850609ee524"",""status"":""complete""}"
144f77ff21860a8a089a8080,mquake,R1_nonlearned,1,100,100,LS_terminated,"{""evaluated_value"":0.0,""numerator"":0.0,""planned"":50,""scored"":50,""status"":""complete"",""status_counts"":{""ok"":50},""value"":0.0}"
144f77ff21860a8a089a8080,mquake,R1_nonlearned,1,100,100,locality,"{""expected_n"":50,""preserved_fraction"":0.0,""preserved_n"":0,""preserved_terminated_fraction"":0.0,""preserved_terminated_n"":0,""primary_convention"":""DEC-053 bounded exact decoded-text equality, no normalization or termination requirement"",""query_truncated_n"":0,""reference_truncated_n"":25,""scored_n"":50,""secondary_convention"":""same decoded text and neither side truncated"",""status"":""complete"",""truncated_pair_n"":25,""unavailable_n"":0}"
144f77ff21860a8a089a8080,mquake,R1_nonlearned,1,100,100,unseen_false_fire,"{""evaluated_value"":1.0,""numerator"":100.0,""planned"":100,""scored"":100,""status"":""complete"",""status_counts"":{""ok"":100},""value"":1.0,""wilson_evaluated"":{""confidence"":0.95,""interpretation"":""descriptive binomial reference; fixed development data/selection and dependent prompts limit population inference"",""lower"":0.9630065017930143,""upper"":1.0},""wilson_full_inventory"":{""confidence"":0.95,""interpretation"":""descriptive binomial reference; fixed development data/selection and dependent prompts limit population inference"",""lower"":0.9630065017930143,""upper"":1.0}}"
144f77ff21860a8a089a8080,mquake,R1_nonlearned,1,100,100,unseen_answer_changed,"{""evaluated_value"":1.0,""numerator"":100.0,""planned"":100,""scored"":100,""status"":""complete"",""status_counts"":{""ok"":100},""value"":1.0}"
144f77ff21860a8a089a8080,mquake,R1_nonlearned,1,100,300,LS_terminated,"{""evaluated_value"":0.0,""numerator"":0.0,""planned"":50,""scored"":50,""status"":""complete"",""status_counts"":{""ok"":50},""value"":0.0}"
144f77ff21860a8a089a8080,mquake,R1_nonlearned,1,100,300,locality,"{""expected_n"":50,""preserved_fraction"":0.0,""preserved_n"":0,""preserved_terminated_fraction"":0.0,""preserved_terminated_n"":0,""primary_convention"":""DEC-053 bounded exact decoded-text equality, no normalization or termination requirement"",""query_truncated_n"":0,""reference_truncated_n"":25,""scored_n"":50,""secondary_convention"":""same decoded text and neither side truncated"",""status"":""complete"",""truncated_pair_n"":25,""unavailable_n"":0}"
144f77ff21860a8a089a8080,mquake,R1_nonlearned,1,100,300,unseen_false_fire,"{""evaluated_value"":1.0,""numerator"":100.0,""planned"":100,""scored"":100,""status"":""complete"",""status_counts"":{""ok"":100},""value"":1.0,""wilson_evaluated"":{""confidence"":0.95,""interpretation"":""descriptive binomial reference; fixed development data/selection and dependent prompts limit population inference"",""lower"":0.9630065017930143,""upper"":1.0},""wilson_full_inventory"":{""confidence"":0.95,""interpretation"":""descriptive binomial reference; fixed development data/selection and dependent prompts limit population inference"",""lower"":0.9630065017930143,""upper"":1.0}}"
144f77ff21860a8a089a8080,mquake,R1_nonlearned,1,100,300,unseen_answer_changed,"{""evaluated_value"":1.0,""numerator"":100.0,""planned"":100,""scored"":100,""status"":""complete"",""status_counts"":{""ok"":100},""value"":1.0}"
144f77ff21860a8a089a8080,mquake,R1_nonlearned,1,100,300,near_miss,"{""expected_n"":100,""preserved_fraction"":0.0,""preserved_n"":0,""preserved_terminated_fraction"":0.0,""preserved_terminated_n"":0,""primary_convention"":""DEC-053 bounded exact decoded-text equality, no normalization or termination requirement"",""query_truncated_n"":0,""reference_truncated_n"":58,""scored_n"":100,""secondary_convention"":""same decoded text and neither side truncated"",""status"":""complete"",""truncated_pair_n"":58,""unavailable_n"":0}"
144f77ff21860a8a089a8080,mquake,R1_nonlearned,1,100,300,near_miss_bounded,"{""evaluated_value"":0.0,""numerator"":0.0,""planned"":100,""scored"":100,""status"":""complete"",""status_counts"":{""ok"":100},""value"":0.0}"
144f77ff21860a8a089a8080,mquake,R1_nonlearned,1,100,300,near_miss_terminated,"{""evaluated_value"":0.0,""numerator"":0.0,""planned"":100,""scored"":100,""status"":""complete"",""status_counts"":{""ok"":100},""value"":0.0}"
144f77ff21860a8a089a8080,mquake,R1_nonlearned,1,100,300,revision_latest,"{""evaluated_value"":1.0,""numerator"":50.0,""planned"":50,""scored"":50,""status"":""complete"",""status_counts"":{""ok"":50},""value"":1.0}"
144f77ff21860a8a089a8080,mquake,R1_nonlearned,1,100,300,revision_semantic,"{""evaluated_value"":1.0,""numerator"":50.0,""planned"":50,""scored"":50,""status"":""complete"",""status_counts"":{""ok"":50},""value"":1.0}"
144f77ff21860a8a089a8080,mquake,R1_nonlearned,1,100,300,old_record_retired,"{""evaluated_value"":1.0,""numerator"":50.0,""planned"":50,""scored"":50,""status"":""complete"",""status_counts"":{""ok"":50},""value"":1.0}"
144f77ff21860a8a089a8080,mquake,R1_nonlearned,1,100,300,new_record_active,"{""evaluated_value"":1.0,""numerator"":50.0,""planned"":50,""scored"":50,""status"":""complete"",""status_counts"":{""ok"":50},""value"":1.0}"
144f77ff21860a8a089a8080,mquake,R1_nonlearned,1,100,300,drift,"{""planned_positions"":16256,""references"":{""capoff"":{""ES95_positive_nats"":0.2983067536779143,""ES99_positive_nats"":1.4915337683895717,""count_above_0_1_nats"":81,""definition"":""fractional empirical top1% mean of positive NLL harm; denominator .01*N"",""exceedances_nats"":{""0.01"":82,""0.1"":81,""1.0"":62},""max_positive_nats"":8.159266708217686,""maximum_position"":""w85:p12"",""mean_positive_nats"":0.014915337683895719,""mean_signed_nats"":0.014864662247270287,""zero_positive_n"":16174},""original"":{""ES95_positive_nats"":0.2983067536779143,""ES99_positive_nats"":1.4915337683895717,""count_above_0_1_nats"":81,""definition"":""fractional empirical top1% mean of positive NLL harm; denominator .01*N"",""exceedances_nats"":{""0.01"":82,""0.1"":81,""1.0"":62},""max_positive_nats"":8.159266708217686,""maximum_position"":""w85:p12"",""mean_positive_nats"":0.014915337683895719,""mean_signed_nats"":0.014864662247270287,""zero_positive_n"":16174}},""scored_positions"":16256,""source_sha256"":""2e67327e54b5fb83e765c2320affcf8cfc4fc30b3996eea06105c850609ee524"",""status"":""complete""}"
3c3212c0cad597bafe0d5782,mquake,R1_nonlearned,1,101,100,LS_terminated,"{""evaluated_value"":0.0,""numerator"":0.0,""planned"":50,""scored"":50,""status"":""complete"",""status_counts"":{""ok"":50},""value"":0.0}"
3c3212c0cad597bafe0d5782,mquake,R1_nonlearned,1,101,100,locality,"{""expected_n"":50,""preserved_fraction"":0.0,""preserved_n"":0,""preserved_terminated_fraction"":0.0,""preserved_terminated_n"":0,""primary_convention"":""DEC-053 bounded exact decoded-text equality, no normalization or termination requirement"",""query_truncated_n"":0,""reference_truncated_n"":25,""scored_n"":50,""secondary_convention"":""same decoded text and neither side truncated"",""status"":""complete"",""truncated_pair_n"":25,""unavailable_n"":0}"
3c3212c0cad597bafe0d5782,mquake,R1_nonlearned,1,101,100,unseen_false_fire,"{""evaluated_value"":1.0,""numerator"":100.0,""planned"":100,""scored"":100,""status"":""complete"",""status_counts"":{""ok"":100},""value"":1.0,""wilson_evaluated"":{""confidence"":0.95,""interpretation"":""descriptive binomial reference; fixed development data/selection and dependent prompts limit population inference"",""lower"":0.9630065017930143,""upper"":1.0},""wilson_full_inventory"":{""confidence"":0.95,""interpretation"":""descriptive binomial reference; fixed development data/selection and dependent prompts limit population inference"",""lower"":0.9630065017930143,""upper"":1.0}}"
3c3212c0cad597bafe0d5782,mquake,R1_nonlearned,1,101,100,unseen_answer_changed,"{""evaluated_value"":1.0,""numerator"":100.0,""planned"":100,""scored"":100,""status"":""complete"",""status_counts"":{""ok"":100},""value"":1.0}"
3c3212c0cad597bafe0d5782,mquake,R1_nonlearned,1,101,300,LS_terminated,"{""evaluated_value"":0.0,""numerator"":0.0,""planned"":50,""scored"":50,""status"":""complete"",""status_counts"":{""ok"":50},""value"":0.0}"
3c3212c0cad597bafe0d5782,mquake,R1_nonlearned,1,101,300,locality,"{""expected_n"":50,""preserved_fraction"":0.0,""preserved_n"":0,""preserved_terminated_fraction"":0.0,""preserved_terminated_n"":0,""primary_convention"":""DEC-053 bounded exact decoded-text equality, no normalization or termination requirement"",""query_truncated_n"":0,""reference_truncated_n"":25,""scored_n"":50,""secondary_convention"":""same decoded text and neither side truncated"",""status"":""complete"",""truncated_pair_n"":25,""unavailable_n"":0}"
3c3212c0cad597bafe0d5782,mquake,R1_nonlearned,1,101,300,unseen_false_fire,"{""evaluated_value"":1.0,""numerator"":100.0,""planned"":100,""scored"":100,""status"":""complete"",""status_counts"":{""ok"":100},""value"":1.0,""wilson_evaluated"":{""confidence"":0.95,""interpretation"":""descriptive binomial reference; fixed development data/selection and dependent prompts limit population inference"",""lower"":0.9630065017930143,""upper"":1.0},""wilson_full_inventory"":{""confidence"":0.95,""interpretation"":""descriptive binomial reference; fixed development data/selection and dependent prompts limit population inference"",""lower"":0.9630065017930143,""upper"":1.0}}"
3c3212c0cad597bafe0d5782,mquake,R1_nonlearned,1,101,300,unseen_answer_changed,"{""evaluated_value"":1.0,""numerator"":100.0,""planned"":100,""scored"":100,""status"":""complete"",""status_counts"":{""ok"":100},""value"":1.0}"
3c3212c0cad597bafe0d5782,mquake,R1_nonlearned,1,101,300,near_miss,"{""expected_n"":100,""preserved_fraction"":0.0,""preserved_n"":0,""preserved_terminated_fraction"":0.0,""preserved_terminated_n"":0,""primary_convention"":""DEC-053 bounded exact decoded-text equality, no normalization or termination requirement"",""query_truncated_n"":0,""reference_truncated_n"":58,""scored_n"":100,""secondary_convention"":""same decoded text and neither side truncated"",""status"":""complete"",""truncated_pair_n"":58,""unavailable_n"":0}"
3c3212c0cad597bafe0d5782,mquake,R1_nonlearned,1,101,300,near_miss_bounded,"{""evaluated_value"":0.0,""numerator"":0.0,""planned"":100,""scored"":100,""status"":""complete"",""status_counts"":{""ok"":100},""value"":0.0}"
3c3212c0cad597bafe0d5782,mquake,R1_nonlearned,1,101,300,near_miss_terminated,"{""evaluated_value"":0.0,""numerator"":0.0,""planned"":100,""scored"":100,""status"":""complete"",""status_counts"":{""ok"":100},""value"":0.0}"
3c3212c0cad597bafe0d5782,mquake,R1_nonlearned,1,101,300,revision_latest,"{""evaluated_value"":1.0,""numerator"":50.0,""planned"":50,""scored"":50,""status"":""complete"",""status_counts"":{""ok"":50},""value"":1.0}"
3c3212c0cad597bafe0d5782,mquake,R1_nonlearned,1,101,300,revision_semantic,"{""evaluated_value"":1.0,""numerator"":50.0,""planned"":50,""scored"":50,""status"":""complete"",""status_counts"":{""ok"":50},""value"":1.0}"
3c3212c0cad597bafe0d5782,mquake,R1_nonlearned,1,101,300,old_record_retired,"{""evaluated_value"":1.0,""numerator"":50.0,""planned"":50,""scored"":50,""status"":""complete"",""status_counts"":{""ok"":50},""value"":1.0}"
3c3212c0cad597bafe0d5782,mquake,R1_nonlearned,1,101,300,new_record_active,"{""evaluated_value"":1.0,""numerator"":50.0,""planned"":50,""scored"":50,""status"":""complete"",""status_counts"":{""ok"":50},""value"":1.0}"
3c3212c0cad597bafe0d5782,mquake,R1_nonlearned,1,101,300,drift,"{""planned_positions"":16256,""references"":{""capoff"":{""ES95_positive_nats"":0.2983067536779143,""ES99_positive_nats"":1.4915337683895717,""count_above_0_1_nats"":81,""definition"":""fractional empirical top1% mean of positive NLL harm; denominator .01*N"",""exceedances_nats"":{""0.01"":82,""0.1"":81,""1.0"":62},""max_positive_nats"":8.159266708217686,""maximum_position"":""w85:p12"",""mean_positive_nats"":0.014915337683895719,""mean_signed_nats"":0.014864662247270287,""zero_positive_n"":16174},""original"":{""ES95_positive_nats"":0.2983067536779143,""ES99_positive_nats"":1.4915337683895717,""count_above_0_1_nats"":81,""definition"":""fractional empirical top1% mean of positive NLL harm; denominator .01*N"",""exceedances_nats"":{""0.01"":82,""0.1"":81,""1.0"":62},""max_positive_nats"":8.159266708217686,""maximum_position"":""w85:p12"",""mean_positive_nats"":0.014915337683895719,""mean_signed_nats"":0.014864662247270287,""zero_positive_n"":16174}},""scored_positions"":16256,""source_sha256"":""2e67327e54b5fb83e765c2320affcf8cfc4fc30b3996eea06105c850609ee524"",""status"":""complete""}"
5d467b73f60b99b3d07f8c02,mquake,R1_nonlearned,1,102,100,LS_terminated,"{""evaluated_value"":0.0,""numerator"":0.0,""planned"":50,""scored"":50,""status"":""complete"",""status_counts"":{""ok"":50},""value"":0.0}"
5d467b73f60b99b3d07f8c02,mquake,R1_nonlearned,1,102,100,locality,"{""expected_n"":50,""preserved_fraction"":0.0,""preserved_n"":0,""preserved_terminated_fraction"":0.0,""preserved_terminated_n"":0,""primary_convention"":""DEC-053 bounded exact decoded-text equality, no normalization or termination requirement"",""query_truncated_n"":0,""reference_truncated_n"":25,""scored_n"":50,""secondary_convention"":""same decoded text and neither side truncated"",""status"":""complete"",""truncated_pair_n"":25,""unavailable_n"":0}"
5d467b73f60b99b3d07f8c02,mquake,R1_nonlearned,1,102,100,unseen_false_fire,"{""evaluated_value"":1.0,""numerator"":100.0,""planned"":100,""scored"":100,""status"":""complete"",""status_counts"":{""ok"":100},""value"":1.0,""wilson_evaluated"":{""confidence"":0.95,""interpretation"":""descriptive binomial reference; fixed development data/selection and dependent prompts limit population inference"",""lower"":0.9630065017930143,""upper"":1.0},""wilson_full_inventory"":{""confidence"":0.95,""interpretation"":""descriptive binomial reference; fixed development data/selection and dependent prompts limit population inference"",""lower"":0.9630065017930143,""upper"":1.0}}"
5d467b73f60b99b3d07f8c02,mquake,R1_nonlearned,1,102,100,unseen_answer_changed,"{""evaluated_value"":1.0,""numerator"":100.0,""planned"":100,""scored"":100,""status"":""complete"",""status_counts"":{""ok"":100},""value"":1.0}"
5d467b73f60b99b3d07f8c02,mquake,R1_nonlearned,1,102,300,LS_terminated,"{""evaluated_value"":0.0,""numerator"":0.0,""planned"":50,""scored"":50,""status"":""complete"",""status_counts"":{""ok"":50},""value"":0.0}"
5d467b73f60b99b3d07f8c02,mquake,R1_nonlearned,1,102,300,locality,"{""expected_n"":50,""preserved_fraction"":0.0,""preserved_n"":0,""preserved_terminated_fraction"":0.0,""preserved_terminated_n"":0,""primary_convention"":""DEC-053 bounded exact decoded-text equality, no normalization or termination requirement"",""query_truncated_n"":0,""reference_truncated_n"":25,""scored_n"":50,""secondary_convention"":""same decoded text and neither side truncated"",""status"":""complete"",""truncated_pair_n"":25,""unavailable_n"":0}"
5d467b73f60b99b3d07f8c02,mquake,R1_nonlearned,1,102,300,unseen_false_fire,"{""evaluated_value"":1.0,""numerator"":100.0,""planned"":100,""scored"":100,""status"":""complete"",""status_counts"":{""ok"":100},""value"":1.0,""wilson_evaluated"":{""confidence"":0.95,""interpretation"":""descriptive binomial reference; fixed development data/selection and dependent prompts limit population inference"",""lower"":0.9630065017930143,""upper"":1.0},""wilson_full_inventory"":{""confidence"":0.95,""interpretation"":""descriptive binomial reference; fixed development data/selection and dependent prompts limit population inference"",""lower"":0.9630065017930143,""upper"":1.0}}"
5d467b73f60b99b3d07f8c02,mquake,R1_nonlearned,1,102,300,unseen_answer_changed,"{""evaluated_value"":1.0,""numerator"":100.0,""planned"":100,""scored"":100,""status"":""complete"",""status_counts"":{""ok"":100},""value"":1.0}"
5d467b73f60b99b3d07f8c02,mquake,R1_nonlearned,1,102,300,near_miss,"{""expected_n"":100,""preserved_fraction"":0.0,""preserved_n"":0,""preserved_terminated_fraction"":0.0,""preserved_terminated_n"":0,""primary_convention"":""DEC-053 bounded exact decoded-text equality, no normalization or termination requirement"",""query_truncated_n"":0,""reference_truncated_n"":58,""scored_n"":100,""secondary_convention"":""same decoded text and neither side truncated"",""status"":""complete"",""truncated_pair_n"":58,""unavailable_n"":0}"
5d467b73f60b99b3d07f8c02,mquake,R1_nonlearned,1,102,300,near_miss_bounded,"{""evaluated_value"":0.0,""numerator"":0.0,""planned"":100,""scored"":100,""status"":""complete"",""status_counts"":{""ok"":100},""value"":0.0}"
5d467b73f60b99b3d07f8c02,mquake,R1_nonlearned,1,102,300,near_miss_terminated,"{""evaluated_value"":0.0,""numerator"":0.0,""planned"":100,""scored"":100,""status"":""complete"",""status_counts"":{""ok"":100},""value"":0.0}"
5d467b73f60b99b3d07f8c02,mquake,R1_nonlearned,1,102,300,revision_latest,"{""evaluated_value"":1.0,""numerator"":50.0,""planned"":50,""scored"":50,""status"":""complete"",""status_counts"":{""ok"":50},""value"":1.0}"
5d467b73f60b99b3d07f8c02,mquake,R1_nonlearned,1,102,300,revision_semantic,"{""evaluated_value"":1.0,""numerator"":50.0,""planned"":50,""scored"":50,""status"":""complete"",""status_counts"":{""ok"":50},""value"":1.0}"
5d467b73f60b99b3d07f8c02,mquake,R1_nonlearned,1,102,300,old_record_retired,"{""evaluated_value"":1.0,""numerator"":50.0,""planned"":50,""scored"":50,""status"":""complete"",""status_counts"":{""ok"":50},""value"":1.0}"
5d467b73f60b99b3d07f8c02,mquake,R1_nonlearned,1,102,300,new_record_active,"{""evaluated_value"":1.0,""numerator"":50.0,""planned"":50,""scored"":50,""status"":""complete"",""status_counts"":{""ok"":50},""value"":1.0}"
5d467b73f60b99b3d07f8c02,mquake,R1_nonlearned,1,102,300,drift,"{""planned_positions"":16256,""references"":{""capoff"":{""ES95_positive_nats"":0.2983067536779143,""ES99_positive_nats"":1.4915337683895717,""count_above_0_1_nats"":81,""definition"":""fractional empirical top1% mean of positive NLL harm; denominator .01*N"",""exceedances_nats"":{""0.01"":82,""0.1"":81,""1.0"":62},""max_positive_nats"":8.159266708217686,""maximum_position"":""w85:p12"",""mean_positive_nats"":0.014915337683895719,""mean_signed_nats"":0.014864662247270287,""zero_positive_n"":16174},""original"":{""ES95_positive_nats"":0.2983067536779143,""ES99_positive_nats"":1.4915337683895717,""count_above_0_1_nats"":81,""definition"":""fractional empirical top1% mean of positive NLL harm; denominator .01*N"",""exceedances_nats"":{""0.01"":82,""0.1"":81,""1.0"":62},""max_positive_nats"":8.159266708217686,""maximum_position"":""w85:p12"",""mean_positive_nats"":0.014915337683895719,""mean_signed_nats"":0.014864662247270287,""zero_positive_n"":16174}},""scored_positions"":16256,""source_sha256"":""2e67327e54b5fb83e765c2320affcf8cfc4fc30b3996eea06105c850609ee524"",""status"":""complete""}"
a81b13b1b22e0bfe489daaa0,mquake,R1_nonlearned,1,103,100,LS_terminated,"{""evaluated_value"":0.0,""numerator"":0.0,""planned"":50,""scored"":50,""status"":""complete"",""status_counts"":{""ok"":50},""value"":0.0}"
a81b13b1b22e0bfe489daaa0,mquake,R1_nonlearned,1,103,100,locality,"{""expected_n"":50,""preserved_fraction"":0.0,""preserved_n"":0,""preserved_terminated_fraction"":0.0,""preserved_terminated_n"":0,""primary_convention"":""DEC-053 bounded exact decoded-text equality, no normalization or termination requirement"",""query_truncated_n"":0,""reference_truncated_n"":25,""scored_n"":50,""secondary_convention"":""same decoded text and neither side truncated"",""status"":""complete"",""truncated_pair_n"":25,""unavailable_n"":0}"
a81b13b1b22e0bfe489daaa0,mquake,R1_nonlearned,1,103,100,unseen_false_fire,"{""evaluated_value"":1.0,""numerator"":100.0,""planned"":100,""scored"":100,""status"":""complete"",""status_counts"":{""ok"":100},""value"":1.0,""wilson_evaluated"":{""confidence"":0.95,""interpretation"":""descriptive binomial reference; fixed development data/selection and dependent prompts limit population inference"",""lower"":0.9630065017930143,""upper"":1.0},""wilson_full_inventory"":{""confidence"":0.95,""interpretation"":""descriptive binomial reference; fixed development data/selection and dependent prompts limit population inference"",""lower"":0.9630065017930143,""upper"":1.0}}"
a81b13b1b22e0bfe489daaa0,mquake,R1_nonlearned,1,103,100,unseen_answer_changed,"{""evaluated_value"":1.0,""numerator"":100.0,""planned"":100,""scored"":100,""status"":""complete"",""status_counts"":{""ok"":100},""value"":1.0}"
a81b13b1b22e0bfe489daaa0,mquake,R1_nonlearned,1,103,300,LS_terminated,"{""evaluated_value"":0.0,""numerator"":0.0,""planned"":50,""scored"":50,""status"":""complete"",""status_counts"":{""ok"":50},""value"":0.0}"
a81b13b1b22e0bfe489daaa0,mquake,R1_nonlearned,1,103,300,locality,"{""expected_n"":50,""preserved_fraction"":0.0,""preserved_n"":0,""preserved_terminated_fraction"":0.0,""preserved_terminated_n"":0,""primary_convention"":""DEC-053 bounded exact decoded-text equality, no normalization or termination requirement"",""query_truncated_n"":0,""reference_truncated_n"":25,""scored_n"":50,""secondary_convention"":""same decoded text and neither side truncated"",""status"":""complete"",""truncated_pair_n"":25,""unavailable_n"":0}"
a81b13b1b22e0bfe489daaa0,mquake,R1_nonlearned,1,103,300,unseen_false_fire,"{""evaluated_value"":1.0,""numerator"":100.0,""planned"":100,""scored"":100,""status"":""complete"",""status_counts"":{""ok"":100},""value"":1.0,""wilson_evaluated"":{""confidence"":0.95,""interpretation"":""descriptive binomial reference; fixed development data/selection and dependent prompts limit population inference"",""lower"":0.9630065017930143,""upper"":1.0},""wilson_full_inventory"":{""confidence"":0.95,""interpretation"":""descriptive binomial reference; fixed development data/selection and dependent prompts limit population inference"",""lower"":0.9630065017930143,""upper"":1.0}}"
a81b13b1b22e0bfe489daaa0,mquake,R1_nonlearned,1,103,300,unseen_answer_changed,"{""evaluated_value"":1.0,""numerator"":100.0,""planned"":100,""scored"":100,""status"":""complete"",""status_counts"":{""ok"":100},""value"":1.0}"
a81b13b1b22e0bfe489daaa0,mquake,R1_nonlearned,1,103,300,near_miss,"{""expected_n"":100,""preserved_fraction"":0.0,""preserved_n"":0,""preserved_terminated_fraction"":0.0,""preserved_terminated_n"":0,""primary_convention"":""DEC-053 bounded exact decoded-text equality, no normalization or termination requirement"",""query_truncated_n"":0,""reference_truncated_n"":58,""scored_n"":100,""secondary_convention"":""same decoded text and neither side truncated"",""status"":""complete"",""truncated_pair_n"":58,""unavailable_n"":0}"
a81b13b1b22e0bfe489daaa0,mquake,R1_nonlearned,1,103,300,near_miss_bounded,"{""evaluated_value"":0.0,""numerator"":0.0,""planned"":100,""scored"":100,""status"":""complete"",""status_counts"":{""ok"":100},""value"":0.0}"
a81b13b1b22e0bfe489daaa0,mquake,R1_nonlearned,1,103,300,near_miss_terminated,"{""evaluated_value"":0.0,""numerator"":0.0,""planned"":100,""scored"":100,""status"":""complete"",""status_counts"":{""ok"":100},""value"":0.0}"
a81b13b1b22e0bfe489daaa0,mquake,R1_nonlearned,1,103,300,revision_latest,"{""evaluated_value"":1.0,""numerator"":50.0,""planned"":50,""scored"":50,""status"":""complete"",""status_counts"":{""ok"":50},""value"":1.0}"
a81b13b1b22e0bfe489daaa0,mquake,R1_nonlearned,1,103,300,revision_semantic,"{""evaluated_value"":1.0,""numerator"":50.0,""planned"":50,""scored"":50,""status"":""complete"",""status_counts"":{""ok"":50},""value"":1.0}"
a81b13b1b22e0bfe489daaa0,mquake,R1_nonlearned,1,103,300,old_record_retired,"{""evaluated_value"":1.0,""numerator"":50.0,""planned"":50,""scored"":50,""status"":""complete"",""status_counts"":{""ok"":50},""value"":1.0}"
a81b13b1b22e0bfe489daaa0,mquake,R1_nonlearned,1,103,300,new_record_active,"{""evaluated_value"":1.0,""numerator"":50.0,""planned"":50,""scored"":50,""status"":""complete"",""status_counts"":{""ok"":50},""value"":1.0}"
a81b13b1b22e0bfe489daaa0,mquake,R1_nonlearned,1,103,300,drift,"{""planned_positions"":16256,""references"":{""capoff"":{""ES95_positive_nats"":0.2983067536779143,""ES99_positive_nats"":1.4915337683895717,""count_above_0_1_nats"":81,""definition"":""fractional empirical top1% mean of positive NLL harm; denominator .01*N"",""exceedances_nats"":{""0.01"":82,""0.1"":81,""1.0"":62},""max_positive_nats"":8.159266708217686,""maximum_position"":""w85:p12"",""mean_positive_nats"":0.014915337683895719,""mean_signed_nats"":0.014864662247270287,""zero_positive_n"":16174},""original"":{""ES95_positive_nats"":0.2983067536779143,""ES99_positive_nats"":1.4915337683895717,""count_above_0_1_nats"":81,""definition"":""fractional empirical top1% mean of positive NLL harm; denominator .01*N"",""exceedances_nats"":{""0.01"":82,""0.1"":81,""1.0"":62},""max_positive_nats"":8.159266708217686,""maximum_position"":""w85:p12"",""mean_positive_nats"":0.014915337683895719,""mean_signed_nats"":0.014864662247270287,""zero_positive_n"":16174}},""scored_positions"":16256,""source_sha256"":""2e67327e54b5fb83e765c2320affcf8cfc4fc30b3996eea06105c850609ee524"",""status"":""complete""}"
1aff34869825a76d502d92a3,mquake,R1_nonlearned,1,104,100,LS_terminated,"{""evaluated_value"":0.0,""numerator"":0.0,""planned"":50,""scored"":50,""status"":""complete"",""status_counts"":{""ok"":50},""value"":0.0}"
1aff34869825a76d502d92a3,mquake,R1_nonlearned,1,104,100,locality,"{""expected_n"":50,""preserved_fraction"":0.0,""preserved_n"":0,""preserved_terminated_fraction"":0.0,""preserved_terminated_n"":0,""primary_convention"":""DEC-053 bounded exact decoded-text equality, no normalization or termination requirement"",""query_truncated_n"":0,""reference_truncated_n"":25,""scored_n"":50,""secondary_convention"":""same decoded text and neither side truncated"",""status"":""complete"",""truncated_pair_n"":25,""unavailable_n"":0}"
1aff34869825a76d502d92a3,mquake,R1_nonlearned,1,104,100,unseen_false_fire,"{""evaluated_value"":1.0,""numerator"":100.0,""planned"":100,""scored"":100,""status"":""complete"",""status_counts"":{""ok"":100},""value"":1.0,""wilson_evaluated"":{""confidence"":0.95,""interpretation"":""descriptive binomial reference; fixed development data/selection and dependent prompts limit population inference"",""lower"":0.9630065017930143,""upper"":1.0},""wilson_full_inventory"":{""confidence"":0.95,""interpretation"":""descriptive binomial reference; fixed development data/selection and dependent prompts limit population inference"",""lower"":0.9630065017930143,""upper"":1.0}}"
1aff34869825a76d502d92a3,mquake,R1_nonlearned,1,104,100,unseen_answer_changed,"{""evaluated_value"":1.0,""numerator"":100.0,""planned"":100,""scored"":100,""status"":""complete"",""status_counts"":{""ok"":100},""value"":1.0}"
1aff34869825a76d502d92a3,mquake,R1_nonlearned,1,104,300,LS_terminated,"{""evaluated_value"":0.0,""numerator"":0.0,""planned"":50,""scored"":50,""status"":""complete"",""status_counts"":{""ok"":50},""value"":0.0}"
1aff34869825a76d502d92a3,mquake,R1_nonlearned,1,104,300,locality,"{""expected_n"":50,""preserved_fraction"":0.0,""preserved_n"":0,""preserved_terminated_fraction"":0.0,""preserved_terminated_n"":0,""primary_convention"":""DEC-053 bounded exact decoded-text equality, no normalization or termination requirement"",""query_truncated_n"":0,""reference_truncated_n"":25,""scored_n"":50,""secondary_convention"":""same decoded text and neither side truncated"",""status"":""complete"",""truncated_pair_n"":25,""unavailable_n"":0}"
1aff34869825a76d502d92a3,mquake,R1_nonlearned,1,104,300,unseen_false_fire,"{""evaluated_value"":1.0,""numerator"":100.0,""planned"":100,""scored"":100,""status"":""complete"",""status_counts"":{""ok"":100},""value"":1.0,""wilson_evaluated"":{""confidence"":0.95,""interpretation"":""descriptive binomial reference; fixed development data/selection and dependent prompts limit population inference"",""lower"":0.9630065017930143,""upper"":1.0},""wilson_full_inventory"":{""confidence"":0.95,""interpretation"":""descriptive binomial reference; fixed development data/selection and dependent prompts limit population inference"",""lower"":0.9630065017930143,""upper"":1.0}}"
1aff34869825a76d502d92a3,mquake,R1_nonlearned,1,104,300,unseen_answer_changed,"{""evaluated_value"":1.0,""numerator"":100.0,""planned"":100,""scored"":100,""status"":""complete"",""status_counts"":{""ok"":100},""value"":1.0}"
1aff34869825a76d502d92a3,mquake,R1_nonlearned,1,104,300,near_miss,"{""expected_n"":100,""preserved_fraction"":0.0,""preserved_n"":0,""preserved_terminated_fraction"":0.0,""preserved_terminated_n"":0,""primary_convention"":""DEC-053 bounded exact decoded-text equality, no normalization or termination requirement"",""query_truncated_n"":0,""reference_truncated_n"":58,""scored_n"":100,""secondary_convention"":""same decoded text and neither side truncated"",""status"":""complete"",""truncated_pair_n"":58,""unavailable_n"":0}"
1aff34869825a76d502d92a3,mquake,R1_nonlearned,1,104,300,near_miss_bounded,"{""evaluated_value"":0.0,""numerator"":0.0,""planned"":100,""scored"":100,""status"":""complete"",""status_counts"":{""ok"":100},""value"":0.0}"
1aff34869825a76d502d92a3,mquake,R1_nonlearned,1,104,300,near_miss_terminated,"{""evaluated_value"":0.0,""numerator"":0.0,""planned"":100,""scored"":100,""status"":""complete"",""status_counts"":{""ok"":100},""value"":0.0}"
1aff34869825a76d502d92a3,mquake,R1_nonlearned,1,104,300,revision_latest,"{""evaluated_value"":1.0,""numerator"":50.0,""planned"":50,""scored"":50,""status"":""complete"",""status_counts"":{""ok"":50},""value"":1.0}"
1aff34869825a76d502d92a3,mquake,R1_nonlearned,1,104,300,revision_semantic,"{""evaluated_value"":1.0,""numerator"":50.0,""planned"":50,""scored"":50,""status"":""complete"",""status_counts"":{""ok"":50},""value"":1.0}"
1aff34869825a76d502d92a3,mquake,R1_nonlearned,1,104,300,old_record_retired,"{""evaluated_value"":1.0,""numerator"":50.0,""planned"":50,""scored"":50,""status"":""complete"",""status_counts"":{""ok"":50},""value"":1.0}"
1aff34869825a76d502d92a3,mquake,R1_nonlearned,1,104,300,new_record_active,"{""evaluated_value"":1.0,""numerator"":50.0,""planned"":50,""scored"":50,""status"":""complete"",""status_counts"":{""ok"":50},""value"":1.0}"
1aff34869825a76d502d92a3,mquake,R1_nonlearned,1,104,300,drift,"{""planned_positions"":16256,""references"":{""capoff"":{""ES95_positive_nats"":0.2983067536779143,""ES99_positive_nats"":1.4915337683895717,""count_above_0_1_nats"":81,""definition"":""fractional empirical top1% mean of positive NLL harm; denominator .01*N"",""exceedances_nats"":{""0.01"":82,""0.1"":81,""1.0"":62},""max_positive_nats"":8.159266708217686,""maximum_position"":""w85:p12"",""mean_positive_nats"":0.014915337683895719,""mean_signed_nats"":0.014864662247270287,""zero_positive_n"":16174},""original"":{""ES95_positive_nats"":0.2983067536779143,""ES99_positive_nats"":1.4915337683895717,""count_above_0_1_nats"":81,""definition"":""fractional empirical top1% mean of positive NLL harm; denominator .01*N"",""exceedances_nats"":{""0.01"":82,""0.1"":81,""1.0"":62},""max_positive_nats"":8.159266708217686,""maximum_position"":""w85:p12"",""mean_positive_nats"":0.014915337683895719,""mean_signed_nats"":0.014864662247270287,""zero_positive_n"":16174}},""scored_positions"":16256,""source_sha256"":""2e67327e54b5fb83e765c2320affcf8cfc4fc30b3996eea06105c850609ee524"",""status"":""complete""}"
3b70d3d44297fc1197610228,zsre,v0_stable,1,100,100,LS_terminated,"{""evaluated_value"":0.94,""numerator"":47.0,""planned"":50,""scored"":50,""status"":""complete"",""status_counts"":{""ok"":50},""value"":0.94}"
3b70d3d44297fc1197610228,zsre,v0_stable,1,100,100,locality,"{""expected_n"":50,""preserved_fraction"":0.98,""preserved_n"":49,""preserved_terminated_fraction"":0.94,""preserved_terminated_n"":47,""primary_convention"":""DEC-053 bounded exact decoded-text equality, no normalization or termination requirement"",""query_truncated_n"":2,""reference_truncated_n"":2,""scored_n"":50,""secondary_convention"":""same decoded text and neither side truncated"",""status"":""complete"",""truncated_pair_n"":2,""unavailable_n"":0}"
3b70d3d44297fc1197610228,zsre,v0_stable,1,100,100,unseen_false_fire,"{""evaluated_value"":null,""numerator"":0.0,""planned"":100,""scored"":0,""status"":""incomplete"",""status_counts"":{""ok"":100},""value"":null,""wilson_evaluated"":null,""wilson_full_inventory"":null}"
3b70d3d44297fc1197610228,zsre,v0_stable,1,100,100,unseen_answer_changed,"{""evaluated_value"":0.62,""numerator"":62.0,""planned"":100,""scored"":100,""status"":""complete"",""status_counts"":{""ok"":100},""value"":0.62}"
3b70d3d44297fc1197610228,zsre,v0_stable,1,100,300,LS_terminated,"{""evaluated_value"":0.96,""numerator"":48.0,""planned"":50,""scored"":50,""status"":""complete"",""status_counts"":{""ok"":50},""value"":0.96}"
3b70d3d44297fc1197610228,zsre,v0_stable,1,100,300,locality,"{""expected_n"":50,""preserved_fraction"":1.0,""preserved_n"":50,""preserved_terminated_fraction"":0.96,""preserved_terminated_n"":48,""primary_convention"":""DEC-053 bounded exact decoded-text equality, no normalization or termination requirement"",""query_truncated_n"":2,""reference_truncated_n"":2,""scored_n"":50,""secondary_convention"":""same decoded text and neither side truncated"",""status"":""complete"",""truncated_pair_n"":2,""unavailable_n"":0}"
3b70d3d44297fc1197610228,zsre,v0_stable,1,100,300,unseen_false_fire,"{""evaluated_value"":null,""numerator"":0.0,""planned"":100,""scored"":0,""status"":""incomplete"",""status_counts"":{""ok"":100},""value"":null,""wilson_evaluated"":null,""wilson_full_inventory"":null}"
3b70d3d44297fc1197610228,zsre,v0_stable,1,100,300,unseen_answer_changed,"{""evaluated_value"":0.66,""numerator"":66.0,""planned"":100,""scored"":100,""status"":""complete"",""status_counts"":{""ok"":100},""value"":0.66}"
3b70d3d44297fc1197610228,zsre,v0_stable,1,100,1000,LS_terminated,"{""evaluated_value"":0.96,""numerator"":48.0,""planned"":50,""scored"":50,""status"":""complete"",""status_counts"":{""ok"":50},""value"":0.96}"
3b70d3d44297fc1197610228,zsre,v0_stable,1,100,1000,locality,"{""expected_n"":50,""preserved_fraction"":1.0,""preserved_n"":50,""preserved_terminated_fraction"":0.96,""preserved_terminated_n"":48,""primary_convention"":""DEC-053 bounded exact decoded-text equality, no normalization or termination requirement"",""query_truncated_n"":2,""reference_truncated_n"":2,""scored_n"":50,""secondary_convention"":""same decoded text and neither side truncated"",""status"":""complete"",""truncated_pair_n"":2,""unavailable_n"":0}"
3b70d3d44297fc1197610228,zsre,v0_stable,1,100,1000,unseen_false_fire,"{""evaluated_value"":null,""numerator"":0.0,""planned"":100,""scored"":0,""status"":""incomplete"",""status_counts"":{""ok"":100},""value"":null,""wilson_evaluated"":null,""wilson_full_inventory"":null}"
3b70d3d44297fc1197610228,zsre,v0_stable,1,100,1000,unseen_answer_changed,"{""evaluated_value"":0.46,""numerator"":46.0,""planned"":100,""scored"":100,""status"":""complete"",""status_counts"":{""ok"":100},""value"":0.46}"
3b70d3d44297fc1197610228,zsre,v0_stable,1,100,1000,near_miss,"{""expected_n"":100,""preserved_fraction"":0.27,""preserved_n"":27,""preserved_terminated_fraction"":0.27,""preserved_terminated_n"":27,""primary_convention"":""DEC-053 bounded exact decoded-text equality, no normalization or termination requirement"",""query_truncated_n"":2,""reference_truncated_n"":0,""scored_n"":100,""secondary_convention"":""same decoded text and neither side truncated"",""status"":""complete"",""truncated_pair_n"":2,""unavailable_n"":0}"
3b70d3d44297fc1197610228,zsre,v0_stable,1,100,1000,near_miss_bounded,"{""evaluated_value"":0.27,""numerator"":27.0,""planned"":100,""scored"":100,""status"":""complete"",""status_counts"":{""ok"":100},""value"":0.27}"
3b70d3d44297fc1197610228,zsre,v0_stable,1,100,1000,near_miss_terminated,"{""evaluated_value"":0.27,""numerator"":27.0,""planned"":100,""scored"":100,""status"":""complete"",""status_counts"":{""ok"":100},""value"":0.27}"
3b70d3d44297fc1197610228,zsre,v0_stable,1,100,1000,revision_latest,"{""evaluated_value"":0.08,""numerator"":4.0,""planned"":50,""scored"":50,""status"":""complete"",""status_counts"":{""ok"":50},""value"":0.08}"
3b70d3d44297fc1197610228,zsre,v0_stable,1,100,1000,revision_semantic,"{""evaluated_value"":null,""numerator"":0.0,""planned"":50,""scored"":0,""status"":""incomplete"",""status_counts"":{""ok"":50},""value"":null}"
3b70d3d44297fc1197610228,zsre,v0_stable,1,100,1000,old_record_retired,"{""evaluated_value"":null,""numerator"":0.0,""planned"":50,""scored"":0,""status"":""incomplete"",""status_counts"":{""ok"":50},""value"":null}"
3b70d3d44297fc1197610228,zsre,v0_stable,1,100,1000,new_record_active,"{""evaluated_value"":null,""numerator"":0.0,""planned"":50,""scored"":0,""status"":""incomplete"",""status_counts"":{""ok"":50},""value"":null}"
3b70d3d44297fc1197610228,zsre,v0_stable,1,100,1000,drift,"{""planned_positions"":16256,""references"":{""capoff"":{""ES95_positive_nats"":0.04697019538352154,""ES99_positive_nats"":0.2348509769176077,""count_above_0_1_nats"":20,""definition"":""fractional empirical top1% mean of positive NLL harm; denominator .01*N"",""exceedances_nats"":{""0.01"":21,""0.1"":20,""1.0"":7},""max_positive_nats"":18.561641038576198,""maximum_position"":""w34:p5"",""mean_positive_nats"":0.002348509769176077,""mean_signed_nats"":0.002301620601660648,""zero_positive_n"":16235},""original"":{""ES95_positive_nats"":0.04697019538352154,""ES99_positive_nats"":0.2348509769176077,""count_above_0_1_nats"":20,""definition"":""fractional empirical top1% mean of positive NLL harm; denominator .01*N"",""exceedances_nats"":{""0.01"":21,""0.1"":20,""1.0"":7},""max_positive_nats"":18.561641038576198,""maximum_position"":""w34:p5"",""mean_positive_nats"":0.002348509769176077,""mean_signed_nats"":0.002301620601660648,""zero_positive_n"":16235}},""scored_positions"":16256,""source_sha256"":""2e67327e54b5fb83e765c2320affcf8cfc4fc30b3996eea06105c850609ee524"",""status"":""complete""}"
84bae28d26e5f5a3e555b601,zsre,v0_stable,1,101,100,LS_terminated,"{""evaluated_value"":0.96,""numerator"":48.0,""planned"":50,""scored"":50,""status"":""complete"",""status_counts"":{""ok"":50},""value"":0.96}"
84bae28d26e5f5a3e555b601,zsre,v0_stable,1,101,100,locality,"{""expected_n"":50,""preserved_fraction"":1.0,""preserved_n"":50,""preserved_terminated_fraction"":0.96,""preserved_terminated_n"":48,""primary_convention"":""DEC-053 bounded exact decoded-text equality, no normalization or termination requirement"",""query_truncated_n"":2,""reference_truncated_n"":2,""scored_n"":50,""secondary_convention"":""same decoded text and neither side truncated"",""status"":""complete"",""truncated_pair_n"":2,""unavailable_n"":0}"
84bae28d26e5f5a3e555b601,zsre,v0_stable,1,101,100,unseen_false_fire,"{""evaluated_value"":null,""numerator"":0.0,""planned"":100,""scored"":0,""status"":""incomplete"",""status_counts"":{""ok"":100},""value"":null,""wilson_evaluated"":null,""wilson_full_inventory"":null}"
84bae28d26e5f5a3e555b601,zsre,v0_stable,1,101,100,unseen_answer_changed,"{""evaluated_value"":0.38,""numerator"":38.0,""planned"":100,""scored"":100,""status"":""complete"",""status_counts"":{""ok"":100},""value"":0.38}"
84bae28d26e5f5a3e555b601,zsre,v0_stable,1,101,300,LS_terminated,"{""evaluated_value"":0.72,""numerator"":36.0,""planned"":50,""scored"":50,""status"":""complete"",""status_counts"":{""ok"":50},""value"":0.72}"
84bae28d26e5f5a3e555b601,zsre,v0_stable,1,101,300,locality,"{""expected_n"":50,""preserved_fraction"":0.76,""preserved_n"":38,""preserved_terminated_fraction"":0.72,""preserved_terminated_n"":36,""primary_convention"":""DEC-053 bounded exact decoded-text equality, no normalization or termination requirement"",""query_truncated_n"":6,""reference_truncated_n"":2,""scored_n"":50,""secondary_convention"":""same decoded text and neither side truncated"",""status"":""complete"",""truncated_pair_n"":6,""unavailable_n"":0}"
84bae28d26e5f5a3e555b601,zsre,v0_stable,1,101,300,unseen_false_fire,"{""evaluated_value"":null,""numerator"":0.0,""planned"":100,""scored"":0,""status"":""incomplete"",""status_counts"":{""ok"":100},""value"":null,""wilson_evaluated"":null,""wilson_full_inventory"":null}"
84bae28d26e5f5a3e555b601,zsre,v0_stable,1,101,300,unseen_answer_changed,"{""evaluated_value"":0.53,""numerator"":53.0,""planned"":100,""scored"":100,""status"":""complete"",""status_counts"":{""ok"":100},""value"":0.53}"
84bae28d26e5f5a3e555b601,zsre,v0_stable,1,101,1000,LS_terminated,"{""evaluated_value"":0.96,""numerator"":48.0,""planned"":50,""scored"":50,""status"":""complete"",""status_counts"":{""ok"":50},""value"":0.96}"
84bae28d26e5f5a3e555b601,zsre,v0_stable,1,101,1000,locality,"{""expected_n"":50,""preserved_fraction"":1.0,""preserved_n"":50,""preserved_terminated_fraction"":0.96,""preserved_terminated_n"":48,""primary_convention"":""DEC-053 bounded exact decoded-text equality, no normalization or termination requirement"",""query_truncated_n"":2,""reference_truncated_n"":2,""scored_n"":50,""secondary_convention"":""same decoded text and neither side truncated"",""status"":""complete"",""truncated_pair_n"":2,""unavailable_n"":0}"
84bae28d26e5f5a3e555b601,zsre,v0_stable,1,101,1000,unseen_false_fire,"{""evaluated_value"":null,""numerator"":0.0,""planned"":100,""scored"":0,""status"":""incomplete"",""status_counts"":{""ok"":100},""value"":null,""wilson_evaluated"":null,""wilson_full_inventory"":null}"
84bae28d26e5f5a3e555b601,zsre,v0_stable,1,101,1000,unseen_answer_changed,"{""evaluated_value"":0.55,""numerator"":55.0,""planned"":100,""scored"":100,""status"":""complete"",""status_counts"":{""ok"":100},""value"":0.55}"
84bae28d26e5f5a3e555b601,zsre,v0_stable,1,101,1000,near_miss,"{""expected_n"":100,""preserved_fraction"":0.33,""preserved_n"":33,""preserved_terminated_fraction"":0.33,""preserved_terminated_n"":33,""primary_convention"":""DEC-053 bounded exact decoded-text equality, no normalization or termination requirement"",""query_truncated_n"":4,""reference_truncated_n"":0,""scored_n"":100,""secondary_convention"":""same decoded text and neither side truncated"",""status"":""complete"",""truncated_pair_n"":4,""unavailable_n"":0}"
84bae28d26e5f5a3e555b601,zsre,v0_stable,1,101,1000,near_miss_bounded,"{""evaluated_value"":0.33,""numerator"":33.0,""planned"":100,""scored"":100,""status"":""complete"",""status_counts"":{""ok"":100},""value"":0.33}"
84bae28d26e5f5a3e555b601,zsre,v0_stable,1,101,1000,near_miss_terminated,"{""evaluated_value"":0.33,""numerator"":33.0,""planned"":100,""scored"":100,""status"":""complete"",""status_counts"":{""ok"":100},""value"":0.33}"
84bae28d26e5f5a3e555b601,zsre,v0_stable,1,101,1000,revision_latest,"{""evaluated_value"":0.06,""numerator"":3.0,""planned"":50,""scored"":50,""status"":""complete"",""status_counts"":{""ok"":50},""value"":0.06}"
84bae28d26e5f5a3e555b601,zsre,v0_stable,1,101,1000,revision_semantic,"{""evaluated_value"":null,""numerator"":0.0,""planned"":50,""scored"":0,""status"":""incomplete"",""status_counts"":{""ok"":50},""value"":null}"
84bae28d26e5f5a3e555b601,zsre,v0_stable,1,101,1000,old_record_retired,"{""evaluated_value"":null,""numerator"":0.0,""planned"":50,""scored"":0,""status"":""incomplete"",""status_counts"":{""ok"":50},""value"":null}"
84bae28d26e5f5a3e555b601,zsre,v0_stable,1,101,1000,new_record_active,"{""evaluated_value"":null,""numerator"":0.0,""planned"":50,""scored"":0,""status"":""incomplete"",""status_counts"":{""ok"":50},""value"":null}"
84bae28d26e5f5a3e555b601,zsre,v0_stable,1,101,1000,drift,"{""planned_positions"":16256,""references"":{""capoff"":{""ES95_positive_nats"":0.03865238543263719,""ES99_positive_nats"":0.19326192716318594,""count_above_0_1_nats"":23,""definition"":""fractional empirical top1% mean of positive NLL harm; denominator .01*N"",""exceedances_nats"":{""0.01"":27,""0.1"":23,""1.0"":5},""max_positive_nats"":18.561641038576198,""maximum_position"":""w34:p5"",""mean_positive_nats"":0.0019326192716318594,""mean_signed_nats"":0.0018772505600975322,""zero_positive_n"":16229},""original"":{""ES95_positive_nats"":0.03865238543263719,""ES99_positive_nats"":0.19326192716318594,""count_above_0_1_nats"":23,""definition"":""fractional empirical top1% mean of positive NLL harm; denominator .01*N"",""exceedances_nats"":{""0.01"":27,""0.1"":23,""1.0"":5},""max_positive_nats"":18.561641038576198,""maximum_position"":""w34:p5"",""mean_positive_nats"":0.0019326192716318594,""mean_signed_nats"":0.0018772505600975322,""zero_positive_n"":16229}},""scored_positions"":16256,""source_sha256"":""2e67327e54b5fb83e765c2320affcf8cfc4fc30b3996eea06105c850609ee524"",""status"":""complete""}"
07b9bad1f676110cb8bae7df,zsre,v0_stable,1,102,100,LS_terminated,"{""evaluated_value"":0.94,""numerator"":47.0,""planned"":50,""scored"":50,""status"":""complete"",""status_counts"":{""ok"":50},""value"":0.94}"
07b9bad1f676110cb8bae7df,zsre,v0_stable,1,102,100,locality,"{""expected_n"":50,""preserved_fraction"":0.98,""preserved_n"":49,""preserved_terminated_fraction"":0.94,""preserved_terminated_n"":47,""primary_convention"":""DEC-053 bounded exact decoded-text equality, no normalization or termination requirement"",""query_truncated_n"":2,""reference_truncated_n"":2,""scored_n"":50,""secondary_convention"":""same decoded text and neither side truncated"",""status"":""complete"",""truncated_pair_n"":2,""unavailable_n"":0}"
07b9bad1f676110cb8bae7df,zsre,v0_stable,1,102,100,unseen_false_fire,"{""evaluated_value"":null,""numerator"":0.0,""planned"":100,""scored"":0,""status"":""incomplete"",""status_counts"":{""ok"":100},""value"":null,""wilson_evaluated"":null,""wilson_full_inventory"":null}"
07b9bad1f676110cb8bae7df,zsre,v0_stable,1,102,100,unseen_answer_changed,"{""evaluated_value"":0.39,""numerator"":39.0,""planned"":100,""scored"":100,""status"":""complete"",""status_counts"":{""ok"":100},""value"":0.39}"
07b9bad1f676110cb8bae7df,zsre,v0_stable,1,102,300,LS_terminated,"{""evaluated_value"":0.96,""numerator"":48.0,""planned"":50,""scored"":50,""status"":""complete"",""status_counts"":{""ok"":50},""value"":0.96}"
07b9bad1f676110cb8bae7df,zsre,v0_stable,1,102,300,locality,"{""expected_n"":50,""preserved_fraction"":1.0,""preserved_n"":50,""preserved_terminated_fraction"":0.96,""preserved_terminated_n"":48,""primary_convention"":""DEC-053 bounded exact decoded-text equality, no normalization or termination requirement"",""query_truncated_n"":2,""reference_truncated_n"":2,""scored_n"":50,""secondary_convention"":""same decoded text and neither side truncated"",""status"":""complete"",""truncated_pair_n"":2,""unavailable_n"":0}"
07b9bad1f676110cb8bae7df,zsre,v0_stable,1,102,300,unseen_false_fire,"{""evaluated_value"":null,""numerator"":0.0,""planned"":100,""scored"":0,""status"":""incomplete"",""status_counts"":{""ok"":100},""value"":null,""wilson_evaluated"":null,""wilson_full_inventory"":null}"
07b9bad1f676110cb8bae7df,zsre,v0_stable,1,102,300,unseen_answer_changed,"{""evaluated_value"":0.55,""numerator"":55.0,""planned"":100,""scored"":100,""status"":""complete"",""status_counts"":{""ok"":100},""value"":0.55}"
07b9bad1f676110cb8bae7df,zsre,v0_stable,1,102,1000,LS_terminated,"{""evaluated_value"":0.82,""numerator"":41.0,""planned"":50,""scored"":50,""status"":""complete"",""status_counts"":{""ok"":50},""value"":0.82}"
07b9bad1f676110cb8bae7df,zsre,v0_stable,1,102,1000,locality,"{""expected_n"":50,""preserved_fraction"":0.86,""preserved_n"":43,""preserved_terminated_fraction"":0.82,""preserved_terminated_n"":41,""primary_convention"":""DEC-053 bounded exact decoded-text equality, no normalization or termination requirement"",""query_truncated_n"":3,""reference_truncated_n"":2,""scored_n"":50,""secondary_convention"":""same decoded text and neither side truncated"",""status"":""complete"",""truncated_pair_n"":3,""unavailable_n"":0}"
07b9bad1f676110cb8bae7df,zsre,v0_stable,1,102,1000,unseen_false_fire,"{""evaluated_value"":null,""numerator"":0.0,""planned"":100,""scored"":0,""status"":""incomplete"",""status_counts"":{""ok"":100},""value"":null,""wilson_evaluated"":null,""wilson_full_inventory"":null}"
07b9bad1f676110cb8bae7df,zsre,v0_stable,1,102,1000,unseen_answer_changed,"{""evaluated_value"":0.4,""numerator"":40.0,""planned"":100,""scored"":100,""status"":""complete"",""status_counts"":{""ok"":100},""value"":0.4}"
07b9bad1f676110cb8bae7df,zsre,v0_stable,1,102,1000,near_miss,"{""expected_n"":100,""preserved_fraction"":0.4,""preserved_n"":40,""preserved_terminated_fraction"":0.4,""preserved_terminated_n"":40,""primary_convention"":""DEC-053 bounded exact decoded-text equality, no normalization or termination requirement"",""query_truncated_n"":1,""reference_truncated_n"":0,""scored_n"":100,""secondary_convention"":""same decoded text and neither side truncated"",""status"":""complete"",""truncated_pair_n"":1,""unavailable_n"":0}"
07b9bad1f676110cb8bae7df,zsre,v0_stable,1,102,1000,near_miss_bounded,"{""evaluated_value"":0.4,""numerator"":40.0,""planned"":100,""scored"":100,""status"":""complete"",""status_counts"":{""ok"":100},""value"":0.4}"
07b9bad1f676110cb8bae7df,zsre,v0_stable,1,102,1000,near_miss_terminated,"{""evaluated_value"":0.4,""numerator"":40.0,""planned"":100,""scored"":100,""status"":""complete"",""status_counts"":{""ok"":100},""value"":0.4}"
07b9bad1f676110cb8bae7df,zsre,v0_stable,1,102,1000,revision_latest,"{""evaluated_value"":0.06,""numerator"":3.0,""planned"":50,""scored"":50,""status"":""complete"",""status_counts"":{""ok"":50},""value"":0.06}"
07b9bad1f676110cb8bae7df,zsre,v0_stable,1,102,1000,revision_semantic,"{""evaluated_value"":null,""numerator"":0.0,""planned"":50,""scored"":0,""status"":""incomplete"",""status_counts"":{""ok"":50},""value"":null}"
07b9bad1f676110cb8bae7df,zsre,v0_stable,1,102,1000,old_record_retired,"{""evaluated_value"":null,""numerator"":0.0,""planned"":50,""scored"":0,""status"":""incomplete"",""status_counts"":{""ok"":50},""value"":null}"
07b9bad1f676110cb8bae7df,zsre,v0_stable,1,102,1000,new_record_active,"{""evaluated_value"":null,""numerator"":0.0,""planned"":50,""scored"":0,""status"":""incomplete"",""status_counts"":{""ok"":50},""value"":null}"
07b9bad1f676110cb8bae7df,zsre,v0_stable,1,102,1000,drift,"{""planned_positions"":16256,""references"":{""capoff"":{""ES95_positive_nats"":0.022415865295548523,""ES99_positive_nats"":0.11207932647774262,""count_above_0_1_nats"":19,""definition"":""fractional empirical top1% mean of positive NLL harm; denominator .01*N"",""exceedances_nats"":{""0.01"":19,""0.1"":19,""1.0"":6},""max_positive_nats"":5.951528034403395,""maximum_position"":""w104:p58"",""mean_positive_nats"":0.0011207932647774262,""mean_signed_nats"":0.0010551534548314094,""zero_positive_n"":16237},""original"":{""ES95_positive_nats"":0.022415865295548523,""ES99_positive_nats"":0.11207932647774262,""count_above_0_1_nats"":19,""definition"":""fractional empirical top1% mean of positive NLL harm; denominator .01*N"",""exceedances_nats"":{""0.01"":19,""0.1"":19,""1.0"":6},""max_positive_nats"":5.951528034403395,""maximum_position"":""w104:p58"",""mean_positive_nats"":0.0011207932647774262,""mean_signed_nats"":0.0010551534548314094,""zero_positive_n"":16237}},""scored_positions"":16256,""source_sha256"":""2e67327e54b5fb83e765c2320affcf8cfc4fc30b3996eea06105c850609ee524"",""status"":""complete""}"
0ff8a61a760d6836f469629b,zsre,v0_stable,1,103,100,LS_terminated,"{""evaluated_value"":0.86,""numerator"":43.0,""planned"":50,""scored"":50,""status"":""complete"",""status_counts"":{""ok"":50},""value"":0.86}"
0ff8a61a760d6836f469629b,zsre,v0_stable,1,103,100,locality,"{""expected_n"":50,""preserved_fraction"":0.9,""preserved_n"":45,""preserved_terminated_fraction"":0.86,""preserved_terminated_n"":43,""primary_convention"":""DEC-053 bounded exact decoded-text equality, no normalization or termination requirement"",""query_truncated_n"":2,""reference_truncated_n"":2,""scored_n"":50,""secondary_convention"":""same decoded text and neither side truncated"",""status"":""complete"",""truncated_pair_n"":2,""unavailable_n"":0}"
0ff8a61a760d6836f469629b,zsre,v0_stable,1,103,100,unseen_false_fire,"{""evaluated_value"":null,""numerator"":0.0,""planned"":100,""scored"":0,""status"":""incomplete"",""status_counts"":{""ok"":100},""value"":null,""wilson_evaluated"":null,""wilson_full_inventory"":null}"
0ff8a61a760d6836f469629b,zsre,v0_stable,1,103,100,unseen_answer_changed,"{""evaluated_value"":0.41,""numerator"":41.0,""planned"":100,""scored"":100,""status"":""complete"",""status_counts"":{""ok"":100},""value"":0.41}"
0ff8a61a760d6836f469629b,zsre,v0_stable,1,103,300,LS_terminated,"{""evaluated_value"":0.96,""numerator"":48.0,""planned"":50,""scored"":50,""status"":""complete"",""status_counts"":{""ok"":50},""value"":0.96}"
0ff8a61a760d6836f469629b,zsre,v0_stable,1,103,300,locality,"{""expected_n"":50,""preserved_fraction"":1.0,""preserved_n"":50,""preserved_terminated_fraction"":0.96,""preserved_terminated_n"":48,""primary_convention"":""DEC-053 bounded exact decoded-text equality, no normalization or termination requirement"",""query_truncated_n"":2,""reference_truncated_n"":2,""scored_n"":50,""secondary_convention"":""same decoded text and neither side truncated"",""status"":""complete"",""truncated_pair_n"":2,""unavailable_n"":0}"
0ff8a61a760d6836f469629b,zsre,v0_stable,1,103,300,unseen_false_fire,"{""evaluated_value"":null,""numerator"":0.0,""planned"":100,""scored"":0,""status"":""incomplete"",""status_counts"":{""ok"":100},""value"":null,""wilson_evaluated"":null,""wilson_full_inventory"":null}"
0ff8a61a760d6836f469629b,zsre,v0_stable,1,103,300,unseen_answer_changed,"{""evaluated_value"":0.4,""numerator"":40.0,""planned"":100,""scored"":100,""status"":""complete"",""status_counts"":{""ok"":100},""value"":0.4}"
0ff8a61a760d6836f469629b,zsre,v0_stable,1,103,1000,LS_terminated,"{""evaluated_value"":0.82,""numerator"":41.0,""planned"":50,""scored"":50,""status"":""complete"",""status_counts"":{""ok"":50},""value"":0.82}"
0ff8a61a760d6836f469629b,zsre,v0_stable,1,103,1000,locality,"{""expected_n"":50,""preserved_fraction"":0.86,""preserved_n"":43,""preserved_terminated_fraction"":0.82,""preserved_terminated_n"":41,""primary_convention"":""DEC-053 bounded exact decoded-text equality, no normalization or termination requirement"",""query_truncated_n"":6,""reference_truncated_n"":2,""scored_n"":50,""secondary_convention"":""same decoded text and neither side truncated"",""status"":""complete"",""truncated_pair_n"":6,""unavailable_n"":0}"
0ff8a61a760d6836f469629b,zsre,v0_stable,1,103,1000,unseen_false_fire,"{""evaluated_value"":null,""numerator"":0.0,""planned"":100,""scored"":0,""status"":""incomplete"",""status_counts"":{""ok"":100},""value"":null,""wilson_evaluated"":null,""wilson_full_inventory"":null}"
0ff8a61a760d6836f469629b,zsre,v0_stable,1,103,1000,unseen_answer_changed,"{""evaluated_value"":0.42,""numerator"":42.0,""planned"":100,""scored"":100,""status"":""complete"",""status_counts"":{""ok"":100},""value"":0.42}"
0ff8a61a760d6836f469629b,zsre,v0_stable,1,103,1000,near_miss,"{""expected_n"":100,""preserved_fraction"":0.4,""preserved_n"":40,""preserved_terminated_fraction"":0.4,""preserved_terminated_n"":40,""primary_convention"":""DEC-053 bounded exact decoded-text equality, no normalization or termination requirement"",""query_truncated_n"":3,""reference_truncated_n"":0,""scored_n"":100,""secondary_convention"":""same decoded text and neither side truncated"",""status"":""complete"",""truncated_pair_n"":3,""unavailable_n"":0}"
0ff8a61a760d6836f469629b,zsre,v0_stable,1,103,1000,near_miss_bounded,"{""evaluated_value"":0.4,""numerator"":40.0,""planned"":100,""scored"":100,""status"":""complete"",""status_counts"":{""ok"":100},""value"":0.4}"
0ff8a61a760d6836f469629b,zsre,v0_stable,1,103,1000,near_miss_terminated,"{""evaluated_value"":0.4,""numerator"":40.0,""planned"":100,""scored"":100,""status"":""complete"",""status_counts"":{""ok"":100},""value"":0.4}"
0ff8a61a760d6836f469629b,zsre,v0_stable,1,103,1000,revision_latest,"{""evaluated_value"":0.06,""numerator"":3.0,""planned"":50,""scored"":50,""status"":""complete"",""status_counts"":{""ok"":50},""value"":0.06}"
0ff8a61a760d6836f469629b,zsre,v0_stable,1,103,1000,revision_semantic,"{""evaluated_value"":null,""numerator"":0.0,""planned"":50,""scored"":0,""status"":""incomplete"",""status_counts"":{""ok"":50},""value"":null}"
0ff8a61a760d6836f469629b,zsre,v0_stable,1,103,1000,old_record_retired,"{""evaluated_value"":null,""numerator"":0.0,""planned"":50,""scored"":0,""status"":""incomplete"",""status_counts"":{""ok"":50},""value"":null}"
0ff8a61a760d6836f469629b,zsre,v0_stable,1,103,1000,new_record_active,"{""evaluated_value"":null,""numerator"":0.0,""planned"":50,""scored"":0,""status"":""incomplete"",""status_counts"":{""ok"":50},""value"":null}"
0ff8a61a760d6836f469629b,zsre,v0_stable,1,103,1000,drift,"{""planned_positions"":16256,""references"":{""capoff"":{""ES95_positive_nats"":0.04202009102996122,""ES99_positive_nats"":0.2101004551498061,""count_above_0_1_nats"":14,""definition"":""fractional empirical top1% mean of positive NLL harm; denominator .01*N"",""exceedances_nats"":{""0.01"":15,""0.1"":14,""1.0"":5},""max_positive_nats"":18.561641038576198,""maximum_position"":""w34:p5"",""mean_positive_nats"":0.0021010045514980613,""mean_signed_nats"":0.0020321491771719846,""zero_positive_n"":16241},""original"":{""ES95_positive_nats"":0.04202009102996122,""ES99_positive_nats"":0.2101004551498061,""count_above_0_1_nats"":14,""definition"":""fractional empirical top1% mean of positive NLL harm; denominator .01*N"",""exceedances_nats"":{""0.01"":15,""0.1"":14,""1.0"":5},""max_positive_nats"":18.561641038576198,""maximum_position"":""w34:p5"",""mean_positive_nats"":0.0021010045514980613,""mean_signed_nats"":0.0020321491771719846,""zero_positive_n"":16241}},""scored_positions"":16256,""source_sha256"":""2e67327e54b5fb83e765c2320affcf8cfc4fc30b3996eea06105c850609ee524"",""status"":""complete""}"
40034291ac69439c82ae1fc3,zsre,v0_stable,1,104,100,LS_terminated,"{""evaluated_value"":0.96,""numerator"":48.0,""planned"":50,""scored"":50,""status"":""complete"",""status_counts"":{""ok"":50},""value"":0.96}"
40034291ac69439c82ae1fc3,zsre,v0_stable,1,104,100,locality,"{""expected_n"":50,""preserved_fraction"":1.0,""preserved_n"":50,""preserved_terminated_fraction"":0.96,""preserved_terminated_n"":48,""primary_convention"":""DEC-053 bounded exact decoded-text equality, no normalization or termination requirement"",""query_truncated_n"":2,""reference_truncated_n"":2,""scored_n"":50,""secondary_convention"":""same decoded text and neither side truncated"",""status"":""complete"",""truncated_pair_n"":2,""unavailable_n"":0}"
40034291ac69439c82ae1fc3,zsre,v0_stable,1,104,100,unseen_false_fire,"{""evaluated_value"":null,""numerator"":0.0,""planned"":100,""scored"":0,""status"":""incomplete"",""status_counts"":{""ok"":100},""value"":null,""wilson_evaluated"":null,""wilson_full_inventory"":null}"
40034291ac69439c82ae1fc3,zsre,v0_stable,1,104,100,unseen_answer_changed,"{""evaluated_value"":0.36,""numerator"":36.0,""planned"":100,""scored"":100,""status"":""complete"",""status_counts"":{""ok"":100},""value"":0.36}"
40034291ac69439c82ae1fc3,zsre,v0_stable,1,104,300,LS_terminated,"{""evaluated_value"":0.82,""numerator"":41.0,""planned"":50,""scored"":50,""status"":""complete"",""status_counts"":{""ok"":50},""value"":0.82}"
40034291ac69439c82ae1fc3,zsre,v0_stable,1,104,300,locality,"{""expected_n"":50,""preserved_fraction"":0.86,""preserved_n"":43,""preserved_terminated_fraction"":0.82,""preserved_terminated_n"":41,""primary_convention"":""DEC-053 bounded exact decoded-text equality, no normalization or termination requirement"",""query_truncated_n"":2,""reference_truncated_n"":2,""scored_n"":50,""secondary_convention"":""same decoded text and neither side truncated"",""status"":""complete"",""truncated_pair_n"":2,""unavailable_n"":0}"
40034291ac69439c82ae1fc3,zsre,v0_stable,1,104,300,unseen_false_fire,"{""evaluated_value"":null,""numerator"":0.0,""planned"":100,""scored"":0,""status"":""incomplete"",""status_counts"":{""ok"":100},""value"":null,""wilson_evaluated"":null,""wilson_full_inventory"":null}"
40034291ac69439c82ae1fc3,zsre,v0_stable,1,104,300,unseen_answer_changed,"{""evaluated_value"":0.58,""numerator"":58.0,""planned"":100,""scored"":100,""status"":""complete"",""status_counts"":{""ok"":100},""value"":0.58}"
40034291ac69439c82ae1fc3,zsre,v0_stable,1,104,1000,LS_terminated,"{""evaluated_value"":0.92,""numerator"":46.0,""planned"":50,""scored"":50,""status"":""complete"",""status_counts"":{""ok"":50},""value"":0.92}"
40034291ac69439c82ae1fc3,zsre,v0_stable,1,104,1000,locality,"{""expected_n"":50,""preserved_fraction"":0.96,""preserved_n"":48,""preserved_terminated_fraction"":0.92,""preserved_terminated_n"":46,""primary_convention"":""DEC-053 bounded exact decoded-text equality, no normalization or termination requirement"",""query_truncated_n"":2,""reference_truncated_n"":2,""scored_n"":50,""secondary_convention"":""same decoded text and neither side truncated"",""status"":""complete"",""truncated_pair_n"":2,""unavailable_n"":0}"
40034291ac69439c82ae1fc3,zsre,v0_stable,1,104,1000,unseen_false_fire,"{""evaluated_value"":null,""numerator"":0.0,""planned"":100,""scored"":0,""status"":""incomplete"",""status_counts"":{""ok"":100},""value"":null,""wilson_evaluated"":null,""wilson_full_inventory"":null}"
40034291ac69439c82ae1fc3,zsre,v0_stable,1,104,1000,unseen_answer_changed,"{""evaluated_value"":0.49,""numerator"":49.0,""planned"":100,""scored"":100,""status"":""complete"",""status_counts"":{""ok"":100},""value"":0.49}"
40034291ac69439c82ae1fc3,zsre,v0_stable,1,104,1000,near_miss,"{""expected_n"":100,""preserved_fraction"":0.34,""preserved_n"":34,""preserved_terminated_fraction"":0.34,""preserved_terminated_n"":34,""primary_convention"":""DEC-053 bounded exact decoded-text equality, no normalization or termination requirement"",""query_truncated_n"":5,""reference_truncated_n"":0,""scored_n"":100,""secondary_convention"":""same decoded text and neither side truncated"",""status"":""complete"",""truncated_pair_n"":5,""unavailable_n"":0}"
40034291ac69439c82ae1fc3,zsre,v0_stable,1,104,1000,near_miss_bounded,"{""evaluated_value"":0.34,""numerator"":34.0,""planned"":100,""scored"":100,""status"":""complete"",""status_counts"":{""ok"":100},""value"":0.34}"
40034291ac69439c82ae1fc3,zsre,v0_stable,1,104,1000,near_miss_terminated,"{""evaluated_value"":0.34,""numerator"":34.0,""planned"":100,""scored"":100,""status"":""complete"",""status_counts"":{""ok"":100},""value"":0.34}"
40034291ac69439c82ae1fc3,zsre,v0_stable,1,104,1000,revision_latest,"{""evaluated_value"":0.04,""numerator"":2.0,""planned"":50,""scored"":50,""status"":""complete"",""status_counts"":{""ok"":50},""value"":0.04}"
40034291ac69439c82ae1fc3,zsre,v0_stable,1,104,1000,revision_semantic,"{""evaluated_value"":null,""numerator"":0.0,""planned"":50,""scored"":0,""status"":""incomplete"",""status_counts"":{""ok"":50},""value"":null}"
40034291ac69439c82ae1fc3,zsre,v0_stable,1,104,1000,old_record_retired,"{""evaluated_value"":null,""numerator"":0.0,""planned"":50,""scored"":0,""status"":""incomplete"",""status_counts"":{""ok"":50},""value"":null}"
40034291ac69439c82ae1fc3,zsre,v0_stable,1,104,1000,new_record_active,"{""evaluated_value"":null,""numerator"":0.0,""planned"":50,""scored"":0,""status"":""incomplete"",""status_counts"":{""ok"":50},""value"":null}"
40034291ac69439c82ae1fc3,zsre,v0_stable,1,104,1000,drift,"{""planned_positions"":16256,""references"":{""capoff"":{""ES95_positive_nats"":0.03432446103014165,""ES99_positive_nats"":0.17162230515070825,""count_above_0_1_nats"":17,""definition"":""fractional empirical top1% mean of positive NLL harm; denominator .01*N"",""exceedances_nats"":{""0.01"":18,""0.1"":17,""1.0"":3},""max_positive_nats"":18.561641038576198,""maximum_position"":""w34:p5"",""mean_positive_nats"":0.0017162230515070827,""mean_signed_nats"":0.0016909086151474077,""zero_positive_n"":16238},""original"":{""ES95_positive_nats"":0.03432446103014165,""ES99_positive_nats"":0.17162230515070825,""count_above_0_1_nats"":17,""definition"":""fractional empirical top1% mean of positive NLL harm; denominator .01*N"",""exceedances_nats"":{""0.01"":18,""0.1"":17,""1.0"":3},""max_positive_nats"":18.561641038576198,""maximum_position"":""w34:p5"",""mean_positive_nats"":0.0017162230515070827,""mean_signed_nats"":0.0016909086151474077,""zero_positive_n"":16238}},""scored_positions"":16256,""source_sha256"":""2e67327e54b5fb83e765c2320affcf8cfc4fc30b3996eea06105c850609ee524"",""status"":""complete""}"
6d8d11dbbbc7b736c6386bca,counterfact,v0_stable,1,100,100,LS_terminated,"{""evaluated_value"":0.56,""numerator"":28.0,""planned"":50,""scored"":50,""status"":""complete"",""status_counts"":{""ok"":50},""value"":0.56}"
6d8d11dbbbc7b736c6386bca,counterfact,v0_stable,1,100,100,locality,"{""expected_n"":50,""preserved_fraction"":1.0,""preserved_n"":50,""preserved_terminated_fraction"":0.56,""preserved_terminated_n"":28,""primary_convention"":""DEC-053 bounded exact decoded-text equality, no normalization or termination requirement"",""query_truncated_n"":22,""reference_truncated_n"":22,""scored_n"":50,""secondary_convention"":""same decoded text and neither side truncated"",""status"":""complete"",""truncated_pair_n"":22,""unavailable_n"":0}"
6d8d11dbbbc7b736c6386bca,counterfact,v0_stable,1,100,100,unseen_false_fire,"{""evaluated_value"":null,""numerator"":0.0,""planned"":100,""scored"":0,""status"":""incomplete"",""status_counts"":{""ok"":100},""value"":null,""wilson_evaluated"":null,""wilson_full_inventory"":null}"
6d8d11dbbbc7b736c6386bca,counterfact,v0_stable,1,100,100,unseen_answer_changed,"{""evaluated_value"":0.0,""numerator"":0.0,""planned"":100,""scored"":100,""status"":""complete"",""status_counts"":{""ok"":100},""value"":0.0}"
6d8d11dbbbc7b736c6386bca,counterfact,v0_stable,1,100,300,LS_terminated,"{""evaluated_value"":0.56,""numerator"":28.0,""planned"":50,""scored"":50,""status"":""complete"",""status_counts"":{""ok"":50},""value"":0.56}"
6d8d11dbbbc7b736c6386bca,counterfact,v0_stable,1,100,300,locality,"{""expected_n"":50,""preserved_fraction"":1.0,""preserved_n"":50,""preserved_terminated_fraction"":0.56,""preserved_terminated_n"":28,""primary_convention"":""DEC-053 bounded exact decoded-text equality, no normalization or termination requirement"",""query_truncated_n"":22,""reference_truncated_n"":22,""scored_n"":50,""secondary_convention"":""same decoded text and neither side truncated"",""status"":""complete"",""truncated_pair_n"":22,""unavailable_n"":0}"
6d8d11dbbbc7b736c6386bca,counterfact,v0_stable,1,100,300,unseen_false_fire,"{""evaluated_value"":null,""numerator"":0.0,""planned"":100,""scored"":0,""status"":""incomplete"",""status_counts"":{""ok"":100},""value"":null,""wilson_evaluated"":null,""wilson_full_inventory"":null}"
6d8d11dbbbc7b736c6386bca,counterfact,v0_stable,1,100,300,unseen_answer_changed,"{""evaluated_value"":0.0,""numerator"":0.0,""planned"":100,""scored"":100,""status"":""complete"",""status_counts"":{""ok"":100},""value"":0.0}"
6d8d11dbbbc7b736c6386bca,counterfact,v0_stable,1,100,1000,LS_terminated,"{""evaluated_value"":0.56,""numerator"":28.0,""planned"":50,""scored"":50,""status"":""complete"",""status_counts"":{""ok"":50},""value"":0.56}"
6d8d11dbbbc7b736c6386bca,counterfact,v0_stable,1,100,1000,locality,"{""expected_n"":50,""preserved_fraction"":1.0,""preserved_n"":50,""preserved_terminated_fraction"":0.56,""preserved_terminated_n"":28,""primary_convention"":""DEC-053 bounded exact decoded-text equality, no normalization or termination requirement"",""query_truncated_n"":22,""reference_truncated_n"":22,""scored_n"":50,""secondary_convention"":""same decoded text and neither side truncated"",""status"":""complete"",""truncated_pair_n"":22,""unavailable_n"":0}"
6d8d11dbbbc7b736c6386bca,counterfact,v0_stable,1,100,1000,unseen_false_fire,"{""evaluated_value"":null,""numerator"":0.0,""planned"":100,""scored"":0,""status"":""incomplete"",""status_counts"":{""ok"":100},""value"":null,""wilson_evaluated"":null,""wilson_full_inventory"":null}"
6d8d11dbbbc7b736c6386bca,counterfact,v0_stable,1,100,1000,unseen_answer_changed,"{""evaluated_value"":0.0,""numerator"":0.0,""planned"":100,""scored"":100,""status"":""complete"",""status_counts"":{""ok"":100},""value"":0.0}"
6d8d11dbbbc7b736c6386bca,counterfact,v0_stable,1,100,1000,near_miss,"{""expected_n"":100,""preserved_fraction"":1.0,""preserved_n"":100,""preserved_terminated_fraction"":0.7,""preserved_terminated_n"":70,""primary_convention"":""DEC-053 bounded exact decoded-text equality, no normalization or termination requirement"",""query_truncated_n"":30,""reference_truncated_n"":30,""scored_n"":100,""secondary_convention"":""same decoded text and neither side truncated"",""status"":""complete"",""truncated_pair_n"":30,""unavailable_n"":0}"
6d8d11dbbbc7b736c6386bca,counterfact,v0_stable,1,100,1000,near_miss_bounded,"{""evaluated_value"":1.0,""numerator"":100.0,""planned"":100,""scored"":100,""status"":""complete"",""status_counts"":{""ok"":100},""value"":1.0}"
6d8d11dbbbc7b736c6386bca,counterfact,v0_stable,1,100,1000,near_miss_terminated,"{""evaluated_value"":0.7,""numerator"":70.0,""planned"":100,""scored"":100,""status"":""complete"",""status_counts"":{""ok"":100},""value"":0.7}"
6d8d11dbbbc7b736c6386bca,counterfact,v0_stable,1,100,1000,revision_latest,"{""evaluated_value"":0.0,""numerator"":0.0,""planned"":50,""scored"":50,""status"":""complete"",""status_counts"":{""ok"":50},""value"":0.0}"
6d8d11dbbbc7b736c6386bca,counterfact,v0_stable,1,100,1000,revision_semantic,"{""evaluated_value"":null,""numerator"":0.0,""planned"":50,""scored"":0,""status"":""incomplete"",""status_counts"":{""ok"":50},""value"":null}"
6d8d11dbbbc7b736c6386bca,counterfact,v0_stable,1,100,1000,old_record_retired,"{""evaluated_value"":null,""numerator"":0.0,""planned"":50,""scored"":0,""status"":""incomplete"",""status_counts"":{""ok"":50},""value"":null}"
6d8d11dbbbc7b736c6386bca,counterfact,v0_stable,1,100,1000,new_record_active,"{""evaluated_value"":null,""numerator"":0.0,""planned"":50,""scored"":0,""status"":""incomplete"",""status_counts"":{""ok"":50},""value"":null}"
6d8d11dbbbc7b736c6386bca,counterfact,v0_stable,1,100,1000,drift,"{""planned_positions"":16256,""references"":{""capoff"":{""ES95_positive_nats"":0.0,""ES99_positive_nats"":0.0,""count_above_0_1_nats"":0,""definition"":""fractional empirical top1% mean of positive NLL harm; denominator .01*N"",""exceedances_nats"":{""0.01"":0,""0.1"":0,""1.0"":0},""max_positive_nats"":0.0,""maximum_position"":""w0:p1"",""mean_positive_nats"":0.0,""mean_signed_nats"":0.0,""zero_positive_n"":16256},""original"":{""ES95_positive_nats"":0.0,""ES99_positive_nats"":0.0,""count_above_0_1_nats"":0,""definition"":""fractional empirical top1% mean of positive NLL harm; denominator .01*N"",""exceedances_nats"":{""0.01"":0,""0.1"":0,""1.0"":0},""max_positive_nats"":0.0,""maximum_position"":""w0:p1"",""mean_positive_nats"":0.0,""mean_signed_nats"":0.0,""zero_positive_n"":16256}},""scored_positions"":16256,""source_sha256"":""2e67327e54b5fb83e765c2320affcf8cfc4fc30b3996eea06105c850609ee524"",""status"":""complete""}"
cefda69ce81ca1253435bac7,counterfact,v0_stable,1,101,100,LS_terminated,"{""evaluated_value"":0.56,""numerator"":28.0,""planned"":50,""scored"":50,""status"":""complete"",""status_counts"":{""ok"":50},""value"":0.56}"
cefda69ce81ca1253435bac7,counterfact,v0_stable,1,101,100,locality,"{""expected_n"":50,""preserved_fraction"":1.0,""preserved_n"":50,""preserved_terminated_fraction"":0.56,""preserved_terminated_n"":28,""primary_convention"":""DEC-053 bounded exact decoded-text equality, no normalization or termination requirement"",""query_truncated_n"":22,""reference_truncated_n"":22,""scored_n"":50,""secondary_convention"":""same decoded text and neither side truncated"",""status"":""complete"",""truncated_pair_n"":22,""unavailable_n"":0}"
cefda69ce81ca1253435bac7,counterfact,v0_stable,1,101,100,unseen_false_fire,"{""evaluated_value"":null,""numerator"":0.0,""planned"":100,""scored"":0,""status"":""incomplete"",""status_counts"":{""ok"":100},""value"":null,""wilson_evaluated"":null,""wilson_full_inventory"":null}"
cefda69ce81ca1253435bac7,counterfact,v0_stable,1,101,100,unseen_answer_changed,"{""evaluated_value"":0.0,""numerator"":0.0,""planned"":100,""scored"":100,""status"":""complete"",""status_counts"":{""ok"":100},""value"":0.0}"
cefda69ce81ca1253435bac7,counterfact,v0_stable,1,101,300,LS_terminated,"{""evaluated_value"":0.56,""numerator"":28.0,""planned"":50,""scored"":50,""status"":""complete"",""status_counts"":{""ok"":50},""value"":0.56}"
cefda69ce81ca1253435bac7,counterfact,v0_stable,1,101,300,locality,"{""expected_n"":50,""preserved_fraction"":1.0,""preserved_n"":50,""preserved_terminated_fraction"":0.56,""preserved_terminated_n"":28,""primary_convention"":""DEC-053 bounded exact decoded-text equality, no normalization or termination requirement"",""query_truncated_n"":22,""reference_truncated_n"":22,""scored_n"":50,""secondary_convention"":""same decoded text and neither side truncated"",""status"":""complete"",""truncated_pair_n"":22,""unavailable_n"":0}"
cefda69ce81ca1253435bac7,counterfact,v0_stable,1,101,300,unseen_false_fire,"{""evaluated_value"":null,""numerator"":0.0,""planned"":100,""scored"":0,""status"":""incomplete"",""status_counts"":{""ok"":100},""value"":null,""wilson_evaluated"":null,""wilson_full_inventory"":null}"
cefda69ce81ca1253435bac7,counterfact,v0_stable,1,101,300,unseen_answer_changed,"{""evaluated_value"":0.0,""numerator"":0.0,""planned"":100,""scored"":100,""status"":""complete"",""status_counts"":{""ok"":100},""value"":0.0}"
cefda69ce81ca1253435bac7,counterfact,v0_stable,1,101,1000,LS_terminated,"{""evaluated_value"":0.56,""numerator"":28.0,""planned"":50,""scored"":50,""status"":""complete"",""status_counts"":{""ok"":50},""value"":0.56}"
cefda69ce81ca1253435bac7,counterfact,v0_stable,1,101,1000,locality,"{""expected_n"":50,""preserved_fraction"":1.0,""preserved_n"":50,""preserved_terminated_fraction"":0.56,""preserved_terminated_n"":28,""primary_convention"":""DEC-053 bounded exact decoded-text equality, no normalization or termination requirement"",""query_truncated_n"":22,""reference_truncated_n"":22,""scored_n"":50,""secondary_convention"":""same decoded text and neither side truncated"",""status"":""complete"",""truncated_pair_n"":22,""unavailable_n"":0}"
cefda69ce81ca1253435bac7,counterfact,v0_stable,1,101,1000,unseen_false_fire,"{""evaluated_value"":null,""numerator"":0.0,""planned"":100,""scored"":0,""status"":""incomplete"",""status_counts"":{""ok"":100},""value"":null,""wilson_evaluated"":null,""wilson_full_inventory"":null}"
cefda69ce81ca1253435bac7,counterfact,v0_stable,1,101,1000,unseen_answer_changed,"{""evaluated_value"":0.0,""numerator"":0.0,""planned"":100,""scored"":100,""status"":""complete"",""status_counts"":{""ok"":100},""value"":0.0}"
cefda69ce81ca1253435bac7,counterfact,v0_stable,1,101,1000,near_miss,"{""expected_n"":100,""preserved_fraction"":1.0,""preserved_n"":100,""preserved_terminated_fraction"":0.7,""preserved_terminated_n"":70,""primary_convention"":""DEC-053 bounded exact decoded-text equality, no normalization or termination requirement"",""query_truncated_n"":30,""reference_truncated_n"":30,""scored_n"":100,""secondary_convention"":""same decoded text and neither side truncated"",""status"":""complete"",""truncated_pair_n"":30,""unavailable_n"":0}"
cefda69ce81ca1253435bac7,counterfact,v0_stable,1,101,1000,near_miss_bounded,"{""evaluated_value"":1.0,""numerator"":100.0,""planned"":100,""scored"":100,""status"":""complete"",""status_counts"":{""ok"":100},""value"":1.0}"
cefda69ce81ca1253435bac7,counterfact,v0_stable,1,101,1000,near_miss_terminated,"{""evaluated_value"":0.7,""numerator"":70.0,""planned"":100,""scored"":100,""status"":""complete"",""status_counts"":{""ok"":100},""value"":0.7}"
cefda69ce81ca1253435bac7,counterfact,v0_stable,1,101,1000,revision_latest,"{""evaluated_value"":0.0,""numerator"":0.0,""planned"":50,""scored"":50,""status"":""complete"",""status_counts"":{""ok"":50},""value"":0.0}"
cefda69ce81ca1253435bac7,counterfact,v0_stable,1,101,1000,revision_semantic,"{""evaluated_value"":null,""numerator"":0.0,""planned"":50,""scored"":0,""status"":""incomplete"",""status_counts"":{""ok"":50},""value"":null}"
cefda69ce81ca1253435bac7,counterfact,v0_stable,1,101,1000,old_record_retired,"{""evaluated_value"":null,""numerator"":0.0,""planned"":50,""scored"":0,""status"":""incomplete"",""status_counts"":{""ok"":50},""value"":null}"
cefda69ce81ca1253435bac7,counterfact,v0_stable,1,101,1000,new_record_active,"{""evaluated_value"":null,""numerator"":0.0,""planned"":50,""scored"":0,""status"":""incomplete"",""status_counts"":{""ok"":50},""value"":null}"
cefda69ce81ca1253435bac7,counterfact,v0_stable,1,101,1000,drift,"{""planned_positions"":16256,""references"":{""capoff"":{""ES95_positive_nats"":0.0,""ES99_positive_nats"":0.0,""count_above_0_1_nats"":0,""definition"":""fractional empirical top1% mean of positive NLL harm; denominator .01*N"",""exceedances_nats"":{""0.01"":0,""0.1"":0,""1.0"":0},""max_positive_nats"":0.0,""maximum_position"":""w0:p1"",""mean_positive_nats"":0.0,""mean_signed_nats"":0.0,""zero_positive_n"":16256},""original"":{""ES95_positive_nats"":0.0,""ES99_positive_nats"":0.0,""count_above_0_1_nats"":0,""definition"":""fractional empirical top1% mean of positive NLL harm; denominator .01*N"",""exceedances_nats"":{""0.01"":0,""0.1"":0,""1.0"":0},""max_positive_nats"":0.0,""maximum_position"":""w0:p1"",""mean_positive_nats"":0.0,""mean_signed_nats"":0.0,""zero_positive_n"":16256}},""scored_positions"":16256,""source_sha256"":""2e67327e54b5fb83e765c2320affcf8cfc4fc30b3996eea06105c850609ee524"",""status"":""complete""}"
e42cd6f9b5b86feb491512f6,counterfact,v0_stable,1,102,100,LS_terminated,"{""evaluated_value"":0.56,""numerator"":28.0,""planned"":50,""scored"":50,""status"":""complete"",""status_counts"":{""ok"":50},""value"":0.56}"
e42cd6f9b5b86feb491512f6,counterfact,v0_stable,1,102,100,locality,"{""expected_n"":50,""preserved_fraction"":1.0,""preserved_n"":50,""preserved_terminated_fraction"":0.56,""preserved_terminated_n"":28,""primary_convention"":""DEC-053 bounded exact decoded-text equality, no normalization or termination requirement"",""query_truncated_n"":22,""reference_truncated_n"":22,""scored_n"":50,""secondary_convention"":""same decoded text and neither side truncated"",""status"":""complete"",""truncated_pair_n"":22,""unavailable_n"":0}"
e42cd6f9b5b86feb491512f6,counterfact,v0_stable,1,102,100,unseen_false_fire,"{""evaluated_value"":null,""numerator"":0.0,""planned"":100,""scored"":0,""status"":""incomplete"",""status_counts"":{""ok"":100},""value"":null,""wilson_evaluated"":null,""wilson_full_inventory"":null}"
e42cd6f9b5b86feb491512f6,counterfact,v0_stable,1,102,100,unseen_answer_changed,"{""evaluated_value"":0.0,""numerator"":0.0,""planned"":100,""scored"":100,""status"":""complete"",""status_counts"":{""ok"":100},""value"":0.0}"
e42cd6f9b5b86feb491512f6,counterfact,v0_stable,1,102,300,LS_terminated,"{""evaluated_value"":0.56,""numerator"":28.0,""planned"":50,""scored"":50,""status"":""complete"",""status_counts"":{""ok"":50},""value"":0.56}"
e42cd6f9b5b86feb491512f6,counterfact,v0_stable,1,102,300,locality,"{""expected_n"":50,""preserved_fraction"":1.0,""preserved_n"":50,""preserved_terminated_fraction"":0.56,""preserved_terminated_n"":28,""primary_convention"":""DEC-053 bounded exact decoded-text equality, no normalization or termination requirement"",""query_truncated_n"":22,""reference_truncated_n"":22,""scored_n"":50,""secondary_convention"":""same decoded text and neither side truncated"",""status"":""complete"",""truncated_pair_n"":22,""unavailable_n"":0}"
e42cd6f9b5b86feb491512f6,counterfact,v0_stable,1,102,300,unseen_false_fire,"{""evaluated_value"":null,""numerator"":0.0,""planned"":100,""scored"":0,""status"":""incomplete"",""status_counts"":{""ok"":100},""value"":null,""wilson_evaluated"":null,""wilson_full_inventory"":null}"
e42cd6f9b5b86feb491512f6,counterfact,v0_stable,1,102,300,unseen_answer_changed,"{""evaluated_value"":0.0,""numerator"":0.0,""planned"":100,""scored"":100,""status"":""complete"",""status_counts"":{""ok"":100},""value"":0.0}"
e42cd6f9b5b86feb491512f6,counterfact,v0_stable,1,102,1000,LS_terminated,"{""evaluated_value"":0.56,""numerator"":28.0,""planned"":50,""scored"":50,""status"":""complete"",""status_counts"":{""ok"":50},""value"":0.56}"
e42cd6f9b5b86feb491512f6,counterfact,v0_stable,1,102,1000,locality,"{""expected_n"":50,""preserved_fraction"":1.0,""preserved_n"":50,""preserved_terminated_fraction"":0.56,""preserved_terminated_n"":28,""primary_convention"":""DEC-053 bounded exact decoded-text equality, no normalization or termination requirement"",""query_truncated_n"":22,""reference_truncated_n"":22,""scored_n"":50,""secondary_convention"":""same decoded text and neither side truncated"",""status"":""complete"",""truncated_pair_n"":22,""unavailable_n"":0}"
e42cd6f9b5b86feb491512f6,counterfact,v0_stable,1,102,1000,unseen_false_fire,"{""evaluated_value"":null,""numerator"":0.0,""planned"":100,""scored"":0,""status"":""incomplete"",""status_counts"":{""ok"":100},""value"":null,""wilson_evaluated"":null,""wilson_full_inventory"":null}"
e42cd6f9b5b86feb491512f6,counterfact,v0_stable,1,102,1000,unseen_answer_changed,"{""evaluated_value"":0.0,""numerator"":0.0,""planned"":100,""scored"":100,""status"":""complete"",""status_counts"":{""ok"":100},""value"":0.0}"
e42cd6f9b5b86feb491512f6,counterfact,v0_stable,1,102,1000,near_miss,"{""expected_n"":100,""preserved_fraction"":1.0,""preserved_n"":100,""preserved_terminated_fraction"":0.7,""preserved_terminated_n"":70,""primary_convention"":""DEC-053 bounded exact decoded-text equality, no normalization or termination requirement"",""query_truncated_n"":30,""reference_truncated_n"":30,""scored_n"":100,""secondary_convention"":""same decoded text and neither side truncated"",""status"":""complete"",""truncated_pair_n"":30,""unavailable_n"":0}"
e42cd6f9b5b86feb491512f6,counterfact,v0_stable,1,102,1000,near_miss_bounded,"{""evaluated_value"":1.0,""numerator"":100.0,""planned"":100,""scored"":100,""status"":""complete"",""status_counts"":{""ok"":100},""value"":1.0}"
e42cd6f9b5b86feb491512f6,counterfact,v0_stable,1,102,1000,near_miss_terminated,"{""evaluated_value"":0.7,""numerator"":70.0,""planned"":100,""scored"":100,""status"":""complete"",""status_counts"":{""ok"":100},""value"":0.7}"
e42cd6f9b5b86feb491512f6,counterfact,v0_stable,1,102,1000,revision_latest,"{""evaluated_value"":0.0,""numerator"":0.0,""planned"":50,""scored"":50,""status"":""complete"",""status_counts"":{""ok"":50},""value"":0.0}"
e42cd6f9b5b86feb491512f6,counterfact,v0_stable,1,102,1000,revision_semantic,"{""evaluated_value"":null,""numerator"":0.0,""planned"":50,""scored"":0,""status"":""incomplete"",""status_counts"":{""ok"":50},""value"":null}"
e42cd6f9b5b86feb491512f6,counterfact,v0_stable,1,102,1000,old_record_retired,"{""evaluated_value"":null,""numerator"":0.0,""planned"":50,""scored"":0,""status"":""incomplete"",""status_counts"":{""ok"":50},""value"":null}"
e42cd6f9b5b86feb491512f6,counterfact,v0_stable,1,102,1000,new_record_active,"{""evaluated_value"":null,""numerator"":0.0,""planned"":50,""scored"":0,""status"":""incomplete"",""status_counts"":{""ok"":50},""value"":null}"
e42cd6f9b5b86feb491512f6,counterfact,v0_stable,1,102,1000,drift,"{""planned_positions"":16256,""references"":{""capoff"":{""ES95_positive_nats"":0.0,""ES99_positive_nats"":0.0,""count_above_0_1_nats"":0,""definition"":""fractional empirical top1% mean of positive NLL harm; denominator .01*N"",""exceedances_nats"":{""0.01"":0,""0.1"":0,""1.0"":0},""max_positive_nats"":0.0,""maximum_position"":""w0:p1"",""mean_positive_nats"":0.0,""mean_signed_nats"":0.0,""zero_positive_n"":16256},""original"":{""ES95_positive_nats"":0.0,""ES99_positive_nats"":0.0,""count_above_0_1_nats"":0,""definition"":""fractional empirical top1% mean of positive NLL harm; denominator .01*N"",""exceedances_nats"":{""0.01"":0,""0.1"":0,""1.0"":0},""max_positive_nats"":0.0,""maximum_position"":""w0:p1"",""mean_positive_nats"":0.0,""mean_signed_nats"":0.0,""zero_positive_n"":16256}},""scored_positions"":16256,""source_sha256"":""2e67327e54b5fb83e765c2320affcf8cfc4fc30b3996eea06105c850609ee524"",""status"":""complete""}"
e0f2bb19e19594c972c0ef15,counterfact,v0_stable,1,103,100,LS_terminated,"{""evaluated_value"":0.56,""numerator"":28.0,""planned"":50,""scored"":50,""status"":""complete"",""status_counts"":{""ok"":50},""value"":0.56}"
e0f2bb19e19594c972c0ef15,counterfact,v0_stable,1,103,100,locality,"{""expected_n"":50,""preserved_fraction"":1.0,""preserved_n"":50,""preserved_terminated_fraction"":0.56,""preserved_terminated_n"":28,""primary_convention"":""DEC-053 bounded exact decoded-text equality, no normalization or termination requirement"",""query_truncated_n"":22,""reference_truncated_n"":22,""scored_n"":50,""secondary_convention"":""same decoded text and neither side truncated"",""status"":""complete"",""truncated_pair_n"":22,""unavailable_n"":0}"
e0f2bb19e19594c972c0ef15,counterfact,v0_stable,1,103,100,unseen_false_fire,"{""evaluated_value"":null,""numerator"":0.0,""planned"":100,""scored"":0,""status"":""incomplete"",""status_counts"":{""ok"":100},""value"":null,""wilson_evaluated"":null,""wilson_full_inventory"":null}"
e0f2bb19e19594c972c0ef15,counterfact,v0_stable,1,103,100,unseen_answer_changed,"{""evaluated_value"":0.0,""numerator"":0.0,""planned"":100,""scored"":100,""status"":""complete"",""status_counts"":{""ok"":100},""value"":0.0}"
e0f2bb19e19594c972c0ef15,counterfact,v0_stable,1,103,300,LS_terminated,"{""evaluated_value"":0.56,""numerator"":28.0,""planned"":50,""scored"":50,""status"":""complete"",""status_counts"":{""ok"":50},""value"":0.56}"
e0f2bb19e19594c972c0ef15,counterfact,v0_stable,1,103,300,locality,"{""expected_n"":50,""preserved_fraction"":1.0,""preserved_n"":50,""preserved_terminated_fraction"":0.56,""preserved_terminated_n"":28,""primary_convention"":""DEC-053 bounded exact decoded-text equality, no normalization or termination requirement"",""query_truncated_n"":22,""reference_truncated_n"":22,""scored_n"":50,""secondary_convention"":""same decoded text and neither side truncated"",""status"":""complete"",""truncated_pair_n"":22,""unavailable_n"":0}"
e0f2bb19e19594c972c0ef15,counterfact,v0_stable,1,103,300,unseen_false_fire,"{""evaluated_value"":null,""numerator"":0.0,""planned"":100,""scored"":0,""status"":""incomplete"",""status_counts"":{""ok"":100},""value"":null,""wilson_evaluated"":null,""wilson_full_inventory"":null}"
e0f2bb19e19594c972c0ef15,counterfact,v0_stable,1,103,300,unseen_answer_changed,"{""evaluated_value"":0.0,""numerator"":0.0,""planned"":100,""scored"":100,""status"":""complete"",""status_counts"":{""ok"":100},""value"":0.0}"
e0f2bb19e19594c972c0ef15,counterfact,v0_stable,1,103,1000,LS_terminated,"{""evaluated_value"":0.56,""numerator"":28.0,""planned"":50,""scored"":50,""status"":""complete"",""status_counts"":{""ok"":50},""value"":0.56}"
e0f2bb19e19594c972c0ef15,counterfact,v0_stable,1,103,1000,locality,"{""expected_n"":50,""preserved_fraction"":1.0,""preserved_n"":50,""preserved_terminated_fraction"":0.56,""preserved_terminated_n"":28,""primary_convention"":""DEC-053 bounded exact decoded-text equality, no normalization or termination requirement"",""query_truncated_n"":22,""reference_truncated_n"":22,""scored_n"":50,""secondary_convention"":""same decoded text and neither side truncated"",""status"":""complete"",""truncated_pair_n"":22,""unavailable_n"":0}"
e0f2bb19e19594c972c0ef15,counterfact,v0_stable,1,103,1000,unseen_false_fire,"{""evaluated_value"":null,""numerator"":0.0,""planned"":100,""scored"":0,""status"":""incomplete"",""status_counts"":{""ok"":100},""value"":null,""wilson_evaluated"":null,""wilson_full_inventory"":null}"
e0f2bb19e19594c972c0ef15,counterfact,v0_stable,1,103,1000,unseen_answer_changed,"{""evaluated_value"":0.0,""numerator"":0.0,""planned"":100,""scored"":100,""status"":""complete"",""status_counts"":{""ok"":100},""value"":0.0}"
e0f2bb19e19594c972c0ef15,counterfact,v0_stable,1,103,1000,near_miss,"{""expected_n"":100,""preserved_fraction"":1.0,""preserved_n"":100,""preserved_terminated_fraction"":0.7,""preserved_terminated_n"":70,""primary_convention"":""DEC-053 bounded exact decoded-text equality, no normalization or termination requirement"",""query_truncated_n"":30,""reference_truncated_n"":30,""scored_n"":100,""secondary_convention"":""same decoded text and neither side truncated"",""status"":""complete"",""truncated_pair_n"":30,""unavailable_n"":0}"
e0f2bb19e19594c972c0ef15,counterfact,v0_stable,1,103,1000,near_miss_bounded,"{""evaluated_value"":1.0,""numerator"":100.0,""planned"":100,""scored"":100,""status"":""complete"",""status_counts"":{""ok"":100},""value"":1.0}"
e0f2bb19e19594c972c0ef15,counterfact,v0_stable,1,103,1000,near_miss_terminated,"{""evaluated_value"":0.7,""numerator"":70.0,""planned"":100,""scored"":100,""status"":""complete"",""status_counts"":{""ok"":100},""value"":0.7}"
e0f2bb19e19594c972c0ef15,counterfact,v0_stable,1,103,1000,revision_latest,"{""evaluated_value"":0.0,""numerator"":0.0,""planned"":50,""scored"":50,""status"":""complete"",""status_counts"":{""ok"":50},""value"":0.0}"
e0f2bb19e19594c972c0ef15,counterfact,v0_stable,1,103,1000,revision_semantic,"{""evaluated_value"":null,""numerator"":0.0,""planned"":50,""scored"":0,""status"":""incomplete"",""status_counts"":{""ok"":50},""value"":null}"
e0f2bb19e19594c972c0ef15,counterfact,v0_stable,1,103,1000,old_record_retired,"{""evaluated_value"":null,""numerator"":0.0,""planned"":50,""scored"":0,""status"":""incomplete"",""status_counts"":{""ok"":50},""value"":null}"
e0f2bb19e19594c972c0ef15,counterfact,v0_stable,1,103,1000,new_record_active,"{""evaluated_value"":null,""numerator"":0.0,""planned"":50,""scored"":0,""status"":""incomplete"",""status_counts"":{""ok"":50},""value"":null}"
e0f2bb19e19594c972c0ef15,counterfact,v0_stable,1,103,1000,drift,"{""planned_positions"":16256,""references"":{""capoff"":{""ES95_positive_nats"":0.0,""ES99_positive_nats"":0.0,""count_above_0_1_nats"":0,""definition"":""fractional empirical top1% mean of positive NLL harm; denominator .01*N"",""exceedances_nats"":{""0.01"":0,""0.1"":0,""1.0"":0},""max_positive_nats"":0.0,""maximum_position"":""w0:p1"",""mean_positive_nats"":0.0,""mean_signed_nats"":0.0,""zero_positive_n"":16256},""original"":{""ES95_positive_nats"":0.0,""ES99_positive_nats"":0.0,""count_above_0_1_nats"":0,""definition"":""fractional empirical top1% mean of positive NLL harm; denominator .01*N"",""exceedances_nats"":{""0.01"":0,""0.1"":0,""1.0"":0},""max_positive_nats"":0.0,""maximum_position"":""w0:p1"",""mean_positive_nats"":0.0,""mean_signed_nats"":0.0,""zero_positive_n"":16256}},""scored_positions"":16256,""source_sha256"":""2e67327e54b5fb83e765c2320affcf8cfc4fc30b3996eea06105c850609ee524"",""status"":""complete""}"
0d4d946cb9ff28b7e6af3c4d,counterfact,v0_stable,1,104,100,LS_terminated,"{""evaluated_value"":0.56,""numerator"":28.0,""planned"":50,""scored"":50,""status"":""complete"",""status_counts"":{""ok"":50},""value"":0.56}"
0d4d946cb9ff28b7e6af3c4d,counterfact,v0_stable,1,104,100,locality,"{""expected_n"":50,""preserved_fraction"":1.0,""preserved_n"":50,""preserved_terminated_fraction"":0.56,""preserved_terminated_n"":28,""primary_convention"":""DEC-053 bounded exact decoded-text equality, no normalization or termination requirement"",""query_truncated_n"":22,""reference_truncated_n"":22,""scored_n"":50,""secondary_convention"":""same decoded text and neither side truncated"",""status"":""complete"",""truncated_pair_n"":22,""unavailable_n"":0}"
0d4d946cb9ff28b7e6af3c4d,counterfact,v0_stable,1,104,100,unseen_false_fire,"{""evaluated_value"":null,""numerator"":0.0,""planned"":100,""scored"":0,""status"":""incomplete"",""status_counts"":{""ok"":100},""value"":null,""wilson_evaluated"":null,""wilson_full_inventory"":null}"
0d4d946cb9ff28b7e6af3c4d,counterfact,v0_stable,1,104,100,unseen_answer_changed,"{""evaluated_value"":0.0,""numerator"":0.0,""planned"":100,""scored"":100,""status"":""complete"",""status_counts"":{""ok"":100},""value"":0.0}"
0d4d946cb9ff28b7e6af3c4d,counterfact,v0_stable,1,104,300,LS_terminated,"{""evaluated_value"":0.56,""numerator"":28.0,""planned"":50,""scored"":50,""status"":""complete"",""status_counts"":{""ok"":50},""value"":0.56}"
0d4d946cb9ff28b7e6af3c4d,counterfact,v0_stable,1,104,300,locality,"{""expected_n"":50,""preserved_fraction"":1.0,""preserved_n"":50,""preserved_terminated_fraction"":0.56,""preserved_terminated_n"":28,""primary_convention"":""DEC-053 bounded exact decoded-text equality, no normalization or termination requirement"",""query_truncated_n"":22,""reference_truncated_n"":22,""scored_n"":50,""secondary_convention"":""same decoded text and neither side truncated"",""status"":""complete"",""truncated_pair_n"":22,""unavailable_n"":0}"
0d4d946cb9ff28b7e6af3c4d,counterfact,v0_stable,1,104,300,unseen_false_fire,"{""evaluated_value"":null,""numerator"":0.0,""planned"":100,""scored"":0,""status"":""incomplete"",""status_counts"":{""ok"":100},""value"":null,""wilson_evaluated"":null,""wilson_full_inventory"":null}"
0d4d946cb9ff28b7e6af3c4d,counterfact,v0_stable,1,104,300,unseen_answer_changed,"{""evaluated_value"":0.0,""numerator"":0.0,""planned"":100,""scored"":100,""status"":""complete"",""status_counts"":{""ok"":100},""value"":0.0}"
0d4d946cb9ff28b7e6af3c4d,counterfact,v0_stable,1,104,1000,LS_terminated,"{""evaluated_value"":0.56,""numerator"":28.0,""planned"":50,""scored"":50,""status"":""complete"",""status_counts"":{""ok"":50},""value"":0.56}"
0d4d946cb9ff28b7e6af3c4d,counterfact,v0_stable,1,104,1000,locality,"{""expected_n"":50,""preserved_fraction"":1.0,""preserved_n"":50,""preserved_terminated_fraction"":0.56,""preserved_terminated_n"":28,""primary_convention"":""DEC-053 bounded exact decoded-text equality, no normalization or termination requirement"",""query_truncated_n"":22,""reference_truncated_n"":22,""scored_n"":50,""secondary_convention"":""same decoded text and neither side truncated"",""status"":""complete"",""truncated_pair_n"":22,""unavailable_n"":0}"
0d4d946cb9ff28b7e6af3c4d,counterfact,v0_stable,1,104,1000,unseen_false_fire,"{""evaluated_value"":null,""numerator"":0.0,""planned"":100,""scored"":0,""status"":""incomplete"",""status_counts"":{""ok"":100},""value"":null,""wilson_evaluated"":null,""wilson_full_inventory"":null}"
0d4d946cb9ff28b7e6af3c4d,counterfact,v0_stable,1,104,1000,unseen_answer_changed,"{""evaluated_value"":0.0,""numerator"":0.0,""planned"":100,""scored"":100,""status"":""complete"",""status_counts"":{""ok"":100},""value"":0.0}"
0d4d946cb9ff28b7e6af3c4d,counterfact,v0_stable,1,104,1000,near_miss,"{""expected_n"":100,""preserved_fraction"":1.0,""preserved_n"":100,""preserved_terminated_fraction"":0.7,""preserved_terminated_n"":70,""primary_convention"":""DEC-053 bounded exact decoded-text equality, no normalization or termination requirement"",""query_truncated_n"":30,""reference_truncated_n"":30,""scored_n"":100,""secondary_convention"":""same decoded text and neither side truncated"",""status"":""complete"",""truncated_pair_n"":30,""unavailable_n"":0}"
0d4d946cb9ff28b7e6af3c4d,counterfact,v0_stable,1,104,1000,near_miss_bounded,"{""evaluated_value"":1.0,""numerator"":100.0,""planned"":100,""scored"":100,""status"":""complete"",""status_counts"":{""ok"":100},""value"":1.0}"
0d4d946cb9ff28b7e6af3c4d,counterfact,v0_stable,1,104,1000,near_miss_terminated,"{""evaluated_value"":0.7,""numerator"":70.0,""planned"":100,""scored"":100,""status"":""complete"",""status_counts"":{""ok"":100},""value"":0.7}"
0d4d946cb9ff28b7e6af3c4d,counterfact,v0_stable,1,104,1000,revision_latest,"{""evaluated_value"":0.0,""numerator"":0.0,""planned"":50,""scored"":50,""status"":""complete"",""status_counts"":{""ok"":50},""value"":0.0}"
0d4d946cb9ff28b7e6af3c4d,counterfact,v0_stable,1,104,1000,revision_semantic,"{""evaluated_value"":null,""numerator"":0.0,""planned"":50,""scored"":0,""status"":""incomplete"",""status_counts"":{""ok"":50},""value"":null}"
0d4d946cb9ff28b7e6af3c4d,counterfact,v0_stable,1,104,1000,old_record_retired,"{""evaluated_value"":null,""numerator"":0.0,""planned"":50,""scored"":0,""status"":""incomplete"",""status_counts"":{""ok"":50},""value"":null}"
0d4d946cb9ff28b7e6af3c4d,counterfact,v0_stable,1,104,1000,new_record_active,"{""evaluated_value"":null,""numerator"":0.0,""planned"":50,""scored"":0,""status"":""incomplete"",""status_counts"":{""ok"":50},""value"":null}"
0d4d946cb9ff28b7e6af3c4d,counterfact,v0_stable,1,104,1000,drift,"{""planned_positions"":16256,""references"":{""capoff"":{""ES95_positive_nats"":0.0,""ES99_positive_nats"":0.0,""count_above_0_1_nats"":0,""definition"":""fractional empirical top1% mean of positive NLL harm; denominator .01*N"",""exceedances_nats"":{""0.01"":0,""0.1"":0,""1.0"":0},""max_positive_nats"":0.0,""maximum_position"":""w0:p1"",""mean_positive_nats"":0.0,""mean_signed_nats"":0.0,""zero_positive_n"":16256},""original"":{""ES95_positive_nats"":0.0,""ES99_positive_nats"":0.0,""count_above_0_1_nats"":0,""definition"":""fractional empirical top1% mean of positive NLL harm; denominator .01*N"",""exceedances_nats"":{""0.01"":0,""0.1"":0,""1.0"":0},""max_positive_nats"":0.0,""maximum_position"":""w0:p1"",""mean_positive_nats"":0.0,""mean_signed_nats"":0.0,""zero_positive_n"":16256}},""scored_positions"":16256,""source_sha256"":""2e67327e54b5fb83e765c2320affcf8cfc4fc30b3996eea06105c850609ee524"",""status"":""complete""}"
9179614db32d3fd8b437475b,mquake,v0_stable,1,100,100,LS_terminated,"{""evaluated_value"":0.5,""numerator"":25.0,""planned"":50,""scored"":50,""status"":""complete"",""status_counts"":{""ok"":50},""value"":0.5}"
9179614db32d3fd8b437475b,mquake,v0_stable,1,100,100,locality,"{""expected_n"":50,""preserved_fraction"":1.0,""preserved_n"":50,""preserved_terminated_fraction"":0.5,""preserved_terminated_n"":25,""primary_convention"":""DEC-053 bounded exact decoded-text equality, no normalization or termination requirement"",""query_truncated_n"":25,""reference_truncated_n"":25,""scored_n"":50,""secondary_convention"":""same decoded text and neither side truncated"",""status"":""complete"",""truncated_pair_n"":25,""unavailable_n"":0}"
9179614db32d3fd8b437475b,mquake,v0_stable,1,100,100,unseen_false_fire,"{""evaluated_value"":null,""numerator"":0.0,""planned"":100,""scored"":0,""status"":""incomplete"",""status_counts"":{""ok"":100},""value"":null,""wilson_evaluated"":null,""wilson_full_inventory"":null}"
9179614db32d3fd8b437475b,mquake,v0_stable,1,100,100,unseen_answer_changed,"{""evaluated_value"":0.0,""numerator"":0.0,""planned"":100,""scored"":100,""status"":""complete"",""status_counts"":{""ok"":100},""value"":0.0}"
9179614db32d3fd8b437475b,mquake,v0_stable,1,100,300,LS_terminated,"{""evaluated_value"":0.5,""numerator"":25.0,""planned"":50,""scored"":50,""status"":""complete"",""status_counts"":{""ok"":50},""value"":0.5}"
9179614db32d3fd8b437475b,mquake,v0_stable,1,100,300,locality,"{""expected_n"":50,""preserved_fraction"":1.0,""preserved_n"":50,""preserved_terminated_fraction"":0.5,""preserved_terminated_n"":25,""primary_convention"":""DEC-053 bounded exact decoded-text equality, no normalization or termination requirement"",""query_truncated_n"":25,""reference_truncated_n"":25,""scored_n"":50,""secondary_convention"":""same decoded text and neither side truncated"",""status"":""complete"",""truncated_pair_n"":25,""unavailable_n"":0}"
9179614db32d3fd8b437475b,mquake,v0_stable,1,100,300,unseen_false_fire,"{""evaluated_value"":null,""numerator"":0.0,""planned"":100,""scored"":0,""status"":""incomplete"",""status_counts"":{""ok"":100},""value"":null,""wilson_evaluated"":null,""wilson_full_inventory"":null}"
9179614db32d3fd8b437475b,mquake,v0_stable,1,100,300,unseen_answer_changed,"{""evaluated_value"":0.0,""numerator"":0.0,""planned"":100,""scored"":100,""status"":""complete"",""status_counts"":{""ok"":100},""value"":0.0}"
9179614db32d3fd8b437475b,mquake,v0_stable,1,100,300,near_miss,"{""expected_n"":100,""preserved_fraction"":1.0,""preserved_n"":100,""preserved_terminated_fraction"":0.42,""preserved_terminated_n"":42,""primary_convention"":""DEC-053 bounded exact decoded-text equality, no normalization or termination requirement"",""query_truncated_n"":58,""reference_truncated_n"":58,""scored_n"":100,""secondary_convention"":""same decoded text and neither side truncated"",""status"":""complete"",""truncated_pair_n"":58,""unavailable_n"":0}"
9179614db32d3fd8b437475b,mquake,v0_stable,1,100,300,near_miss_bounded,"{""evaluated_value"":1.0,""numerator"":100.0,""planned"":100,""scored"":100,""status"":""complete"",""status_counts"":{""ok"":100},""value"":1.0}"
9179614db32d3fd8b437475b,mquake,v0_stable,1,100,300,near_miss_terminated,"{""evaluated_value"":0.42,""numerator"":42.0,""planned"":100,""scored"":100,""status"":""complete"",""status_counts"":{""ok"":100},""value"":0.42}"
9179614db32d3fd8b437475b,mquake,v0_stable,1,100,300,revision_latest,"{""evaluated_value"":0.02,""numerator"":1.0,""planned"":50,""scored"":50,""status"":""complete"",""status_counts"":{""ok"":50},""value"":0.02}"
9179614db32d3fd8b437475b,mquake,v0_stable,1,100,300,revision_semantic,"{""evaluated_value"":null,""numerator"":0.0,""planned"":50,""scored"":0,""status"":""incomplete"",""status_counts"":{""ok"":50},""value"":null}"
9179614db32d3fd8b437475b,mquake,v0_stable,1,100,300,old_record_retired,"{""evaluated_value"":null,""numerator"":0.0,""planned"":50,""scored"":0,""status"":""incomplete"",""status_counts"":{""ok"":50},""value"":null}"
9179614db32d3fd8b437475b,mquake,v0_stable,1,100,300,new_record_active,"{""evaluated_value"":null,""numerator"":0.0,""planned"":50,""scored"":0,""status"":""incomplete"",""status_counts"":{""ok"":50},""value"":null}"
9179614db32d3fd8b437475b,mquake,v0_stable,1,100,300,drift,"{""planned_positions"":16256,""references"":{""capoff"":{""ES95_positive_nats"":0.0,""ES99_positive_nats"":0.0,""count_above_0_1_nats"":0,""definition"":""fractional empirical top1% mean of positive NLL harm; denominator .01*N"",""exceedances_nats"":{""0.01"":0,""0.1"":0,""1.0"":0},""max_positive_nats"":0.0,""maximum_position"":""w0:p1"",""mean_positive_nats"":0.0,""mean_signed_nats"":0.0,""zero_positive_n"":16256},""original"":{""ES95_positive_nats"":0.0,""ES99_positive_nats"":0.0,""count_above_0_1_nats"":0,""definition"":""fractional empirical top1% mean of positive NLL harm; denominator .01*N"",""exceedances_nats"":{""0.01"":0,""0.1"":0,""1.0"":0},""max_positive_nats"":0.0,""maximum_position"":""w0:p1"",""mean_positive_nats"":0.0,""mean_signed_nats"":0.0,""zero_positive_n"":16256}},""scored_positions"":16256,""source_sha256"":""2e67327e54b5fb83e765c2320affcf8cfc4fc30b3996eea06105c850609ee524"",""status"":""complete""}"
e146662ae0ab343921979246,mquake,v0_stable,1,101,100,LS_terminated,"{""evaluated_value"":0.5,""numerator"":25.0,""planned"":50,""scored"":50,""status"":""complete"",""status_counts"":{""ok"":50},""value"":0.5}"
e146662ae0ab343921979246,mquake,v0_stable,1,101,100,locality,"{""expected_n"":50,""preserved_fraction"":1.0,""preserved_n"":50,""preserved_terminated_fraction"":0.5,""preserved_terminated_n"":25,""primary_convention"":""DEC-053 bounded exact decoded-text equality, no normalization or termination requirement"",""query_truncated_n"":25,""reference_truncated_n"":25,""scored_n"":50,""secondary_convention"":""same decoded text and neither side truncated"",""status"":""complete"",""truncated_pair_n"":25,""unavailable_n"":0}"
e146662ae0ab343921979246,mquake,v0_stable,1,101,100,unseen_false_fire,"{""evaluated_value"":null,""numerator"":0.0,""planned"":100,""scored"":0,""status"":""incomplete"",""status_counts"":{""ok"":100},""value"":null,""wilson_evaluated"":null,""wilson_full_inventory"":null}"
e146662ae0ab343921979246,mquake,v0_stable,1,101,100,unseen_answer_changed,"{""evaluated_value"":0.0,""numerator"":0.0,""planned"":100,""scored"":100,""status"":""complete"",""status_counts"":{""ok"":100},""value"":0.0}"
e146662ae0ab343921979246,mquake,v0_stable,1,101,300,LS_terminated,"{""evaluated_value"":0.5,""numerator"":25.0,""planned"":50,""scored"":50,""status"":""complete"",""status_counts"":{""ok"":50},""value"":0.5}"
e146662ae0ab343921979246,mquake,v0_stable,1,101,300,locality,"{""expected_n"":50,""preserved_fraction"":1.0,""preserved_n"":50,""preserved_terminated_fraction"":0.5,""preserved_terminated_n"":25,""primary_convention"":""DEC-053 bounded exact decoded-text equality, no normalization or termination requirement"",""query_truncated_n"":25,""reference_truncated_n"":25,""scored_n"":50,""secondary_convention"":""same decoded text and neither side truncated"",""status"":""complete"",""truncated_pair_n"":25,""unavailable_n"":0}"
e146662ae0ab343921979246,mquake,v0_stable,1,101,300,unseen_false_fire,"{""evaluated_value"":null,""numerator"":0.0,""planned"":100,""scored"":0,""status"":""incomplete"",""status_counts"":{""ok"":100},""value"":null,""wilson_evaluated"":null,""wilson_full_inventory"":null}"
e146662ae0ab343921979246,mquake,v0_stable,1,101,300,unseen_answer_changed,"{""evaluated_value"":0.0,""numerator"":0.0,""planned"":100,""scored"":100,""status"":""complete"",""status_counts"":{""ok"":100},""value"":0.0}"
e146662ae0ab343921979246,mquake,v0_stable,1,101,300,near_miss,"{""expected_n"":100,""preserved_fraction"":1.0,""preserved_n"":100,""preserved_terminated_fraction"":0.42,""preserved_terminated_n"":42,""primary_convention"":""DEC-053 bounded exact decoded-text equality, no normalization or termination requirement"",""query_truncated_n"":58,""reference_truncated_n"":58,""scored_n"":100,""secondary_convention"":""same decoded text and neither side truncated"",""status"":""complete"",""truncated_pair_n"":58,""unavailable_n"":0}"
e146662ae0ab343921979246,mquake,v0_stable,1,101,300,near_miss_bounded,"{""evaluated_value"":1.0,""numerator"":100.0,""planned"":100,""scored"":100,""status"":""complete"",""status_counts"":{""ok"":100},""value"":1.0}"
e146662ae0ab343921979246,mquake,v0_stable,1,101,300,near_miss_terminated,"{""evaluated_value"":0.42,""numerator"":42.0,""planned"":100,""scored"":100,""status"":""complete"",""status_counts"":{""ok"":100},""value"":0.42}"
e146662ae0ab343921979246,mquake,v0_stable,1,101,300,revision_latest,"{""evaluated_value"":0.02,""numerator"":1.0,""planned"":50,""scored"":50,""status"":""complete"",""status_counts"":{""ok"":50},""value"":0.02}"
e146662ae0ab343921979246,mquake,v0_stable,1,101,300,revision_semantic,"{""evaluated_value"":null,""numerator"":0.0,""planned"":50,""scored"":0,""status"":""incomplete"",""status_counts"":{""ok"":50},""value"":null}"
e146662ae0ab343921979246,mquake,v0_stable,1,101,300,old_record_retired,"{""evaluated_value"":null,""numerator"":0.0,""planned"":50,""scored"":0,""status"":""incomplete"",""status_counts"":{""ok"":50},""value"":null}"
e146662ae0ab343921979246,mquake,v0_stable,1,101,300,new_record_active,"{""evaluated_value"":null,""numerator"":0.0,""planned"":50,""scored"":0,""status"":""incomplete"",""status_counts"":{""ok"":50},""value"":null}"
e146662ae0ab343921979246,mquake,v0_stable,1,101,300,drift,"{""planned_positions"":16256,""references"":{""capoff"":{""ES95_positive_nats"":0.0,""ES99_positive_nats"":0.0,""count_above_0_1_nats"":0,""definition"":""fractional empirical top1% mean of positive NLL harm; denominator .01*N"",""exceedances_nats"":{""0.01"":0,""0.1"":0,""1.0"":0},""max_positive_nats"":0.0,""maximum_position"":""w0:p1"",""mean_positive_nats"":0.0,""mean_signed_nats"":0.0,""zero_positive_n"":16256},""original"":{""ES95_positive_nats"":0.0,""ES99_positive_nats"":0.0,""count_above_0_1_nats"":0,""definition"":""fractional empirical top1% mean of positive NLL harm; denominator .01*N"",""exceedances_nats"":{""0.01"":0,""0.1"":0,""1.0"":0},""max_positive_nats"":0.0,""maximum_position"":""w0:p1"",""mean_positive_nats"":0.0,""mean_signed_nats"":0.0,""zero_positive_n"":16256}},""scored_positions"":16256,""source_sha256"":""2e67327e54b5fb83e765c2320affcf8cfc4fc30b3996eea06105c850609ee524"",""status"":""complete""}"
c770960b77b2d9f6304f1a34,mquake,v0_stable,1,102,100,LS_terminated,"{""evaluated_value"":0.5,""numerator"":25.0,""planned"":50,""scored"":50,""status"":""complete"",""status_counts"":{""ok"":50},""value"":0.5}"
c770960b77b2d9f6304f1a34,mquake,v0_stable,1,102,100,locality,"{""expected_n"":50,""preserved_fraction"":1.0,""preserved_n"":50,""preserved_terminated_fraction"":0.5,""preserved_terminated_n"":25,""primary_convention"":""DEC-053 bounded exact decoded-text equality, no normalization or termination requirement"",""query_truncated_n"":25,""reference_truncated_n"":25,""scored_n"":50,""secondary_convention"":""same decoded text and neither side truncated"",""status"":""complete"",""truncated_pair_n"":25,""unavailable_n"":0}"
c770960b77b2d9f6304f1a34,mquake,v0_stable,1,102,100,unseen_false_fire,"{""evaluated_value"":null,""numerator"":0.0,""planned"":100,""scored"":0,""status"":""incomplete"",""status_counts"":{""ok"":100},""value"":null,""wilson_evaluated"":null,""wilson_full_inventory"":null}"
c770960b77b2d9f6304f1a34,mquake,v0_stable,1,102,100,unseen_answer_changed,"{""evaluated_value"":0.0,""numerator"":0.0,""planned"":100,""scored"":100,""status"":""complete"",""status_counts"":{""ok"":100},""value"":0.0}"
c770960b77b2d9f6304f1a34,mquake,v0_stable,1,102,300,LS_terminated,"{""evaluated_value"":0.5,""numerator"":25.0,""planned"":50,""scored"":50,""status"":""complete"",""status_counts"":{""ok"":50},""value"":0.5}"
c770960b77b2d9f6304f1a34,mquake,v0_stable,1,102,300,locality,"{""expected_n"":50,""preserved_fraction"":1.0,""preserved_n"":50,""preserved_terminated_fraction"":0.5,""preserved_terminated_n"":25,""primary_convention"":""DEC-053 bounded exact decoded-text equality, no normalization or termination requirement"",""query_truncated_n"":25,""reference_truncated_n"":25,""scored_n"":50,""secondary_convention"":""same decoded text and neither side truncated"",""status"":""complete"",""truncated_pair_n"":25,""unavailable_n"":0}"
c770960b77b2d9f6304f1a34,mquake,v0_stable,1,102,300,unseen_false_fire,"{""evaluated_value"":null,""numerator"":0.0,""planned"":100,""scored"":0,""status"":""incomplete"",""status_counts"":{""ok"":100},""value"":null,""wilson_evaluated"":null,""wilson_full_inventory"":null}"
c770960b77b2d9f6304f1a34,mquake,v0_stable,1,102,300,unseen_answer_changed,"{""evaluated_value"":0.0,""numerator"":0.0,""planned"":100,""scored"":100,""status"":""complete"",""status_counts"":{""ok"":100},""value"":0.0}"
c770960b77b2d9f6304f1a34,mquake,v0_stable,1,102,300,near_miss,"{""expected_n"":100,""preserved_fraction"":1.0,""preserved_n"":100,""preserved_terminated_fraction"":0.42,""preserved_terminated_n"":42,""primary_convention"":""DEC-053 bounded exact decoded-text equality, no normalization or termination requirement"",""query_truncated_n"":58,""reference_truncated_n"":58,""scored_n"":100,""secondary_convention"":""same decoded text and neither side truncated"",""status"":""complete"",""truncated_pair_n"":58,""unavailable_n"":0}"
c770960b77b2d9f6304f1a34,mquake,v0_stable,1,102,300,near_miss_bounded,"{""evaluated_value"":1.0,""numerator"":100.0,""planned"":100,""scored"":100,""status"":""complete"",""status_counts"":{""ok"":100},""value"":1.0}"
c770960b77b2d9f6304f1a34,mquake,v0_stable,1,102,300,near_miss_terminated,"{""evaluated_value"":0.42,""numerator"":42.0,""planned"":100,""scored"":100,""status"":""complete"",""status_counts"":{""ok"":100},""value"":0.42}"
c770960b77b2d9f6304f1a34,mquake,v0_stable,1,102,300,revision_latest,"{""evaluated_value"":0.02,""numerator"":1.0,""planned"":50,""scored"":50,""status"":""complete"",""status_counts"":{""ok"":50},""value"":0.02}"
c770960b77b2d9f6304f1a34,mquake,v0_stable,1,102,300,revision_semantic,"{""evaluated_value"":null,""numerator"":0.0,""planned"":50,""scored"":0,""status"":""incomplete"",""status_counts"":{""ok"":50},""value"":null}"
c770960b77b2d9f6304f1a34,mquake,v0_stable,1,102,300,old_record_retired,"{""evaluated_value"":null,""numerator"":0.0,""planned"":50,""scored"":0,""status"":""incomplete"",""status_counts"":{""ok"":50},""value"":null}"
c770960b77b2d9f6304f1a34,mquake,v0_stable,1,102,300,new_record_active,"{""evaluated_value"":null,""numerator"":0.0,""planned"":50,""scored"":0,""status"":""incomplete"",""status_counts"":{""ok"":50},""value"":null}"
c770960b77b2d9f6304f1a34,mquake,v0_stable,1,102,300,drift,"{""planned_positions"":16256,""references"":{""capoff"":{""ES95_positive_nats"":0.0,""ES99_positive_nats"":0.0,""count_above_0_1_nats"":0,""definition"":""fractional empirical top1% mean of positive NLL harm; denominator .01*N"",""exceedances_nats"":{""0.01"":0,""0.1"":0,""1.0"":0},""max_positive_nats"":0.0,""maximum_position"":""w0:p1"",""mean_positive_nats"":0.0,""mean_signed_nats"":0.0,""zero_positive_n"":16256},""original"":{""ES95_positive_nats"":0.0,""ES99_positive_nats"":0.0,""count_above_0_1_nats"":0,""definition"":""fractional empirical top1% mean of positive NLL harm; denominator .01*N"",""exceedances_nats"":{""0.01"":0,""0.1"":0,""1.0"":0},""max_positive_nats"":0.0,""maximum_position"":""w0:p1"",""mean_positive_nats"":0.0,""mean_signed_nats"":0.0,""zero_positive_n"":16256}},""scored_positions"":16256,""source_sha256"":""2e67327e54b5fb83e765c2320affcf8cfc4fc30b3996eea06105c850609ee524"",""status"":""complete""}"
d49ef9c7980da822326bc6ac,mquake,v0_stable,1,103,100,LS_terminated,"{""evaluated_value"":0.5,""numerator"":25.0,""planned"":50,""scored"":50,""status"":""complete"",""status_counts"":{""ok"":50},""value"":0.5}"
d49ef9c7980da822326bc6ac,mquake,v0_stable,1,103,100,locality,"{""expected_n"":50,""preserved_fraction"":1.0,""preserved_n"":50,""preserved_terminated_fraction"":0.5,""preserved_terminated_n"":25,""primary_convention"":""DEC-053 bounded exact decoded-text equality, no normalization or termination requirement"",""query_truncated_n"":25,""reference_truncated_n"":25,""scored_n"":50,""secondary_convention"":""same decoded text and neither side truncated"",""status"":""complete"",""truncated_pair_n"":25,""unavailable_n"":0}"
d49ef9c7980da822326bc6ac,mquake,v0_stable,1,103,100,unseen_false_fire,"{""evaluated_value"":null,""numerator"":0.0,""planned"":100,""scored"":0,""status"":""incomplete"",""status_counts"":{""ok"":100},""value"":null,""wilson_evaluated"":null,""wilson_full_inventory"":null}"
d49ef9c7980da822326bc6ac,mquake,v0_stable,1,103,100,unseen_answer_changed,"{""evaluated_value"":0.0,""numerator"":0.0,""planned"":100,""scored"":100,""status"":""complete"",""status_counts"":{""ok"":100},""value"":0.0}"
d49ef9c7980da822326bc6ac,mquake,v0_stable,1,103,300,LS_terminated,"{""evaluated_value"":0.5,""numerator"":25.0,""planned"":50,""scored"":50,""status"":""complete"",""status_counts"":{""ok"":50},""value"":0.5}"
d49ef9c7980da822326bc6ac,mquake,v0_stable,1,103,300,locality,"{""expected_n"":50,""preserved_fraction"":1.0,""preserved_n"":50,""preserved_terminated_fraction"":0.5,""preserved_terminated_n"":25,""primary_convention"":""DEC-053 bounded exact decoded-text equality, no normalization or termination requirement"",""query_truncated_n"":25,""reference_truncated_n"":25,""scored_n"":50,""secondary_convention"":""same decoded text and neither side truncated"",""status"":""complete"",""truncated_pair_n"":25,""unavailable_n"":0}"
d49ef9c7980da822326bc6ac,mquake,v0_stable,1,103,300,unseen_false_fire,"{""evaluated_value"":null,""numerator"":0.0,""planned"":100,""scored"":0,""status"":""incomplete"",""status_counts"":{""ok"":100},""value"":null,""wilson_evaluated"":null,""wilson_full_inventory"":null}"
d49ef9c7980da822326bc6ac,mquake,v0_stable,1,103,300,unseen_answer_changed,"{""evaluated_value"":0.0,""numerator"":0.0,""planned"":100,""scored"":100,""status"":""complete"",""status_counts"":{""ok"":100},""value"":0.0}"
d49ef9c7980da822326bc6ac,mquake,v0_stable,1,103,300,near_miss,"{""expected_n"":100,""preserved_fraction"":1.0,""preserved_n"":100,""preserved_terminated_fraction"":0.42,""preserved_terminated_n"":42,""primary_convention"":""DEC-053 bounded exact decoded-text equality, no normalization or termination requirement"",""query_truncated_n"":58,""reference_truncated_n"":58,""scored_n"":100,""secondary_convention"":""same decoded text and neither side truncated"",""status"":""complete"",""truncated_pair_n"":58,""unavailable_n"":0}"
d49ef9c7980da822326bc6ac,mquake,v0_stable,1,103,300,near_miss_bounded,"{""evaluated_value"":1.0,""numerator"":100.0,""planned"":100,""scored"":100,""status"":""complete"",""status_counts"":{""ok"":100},""value"":1.0}"
d49ef9c7980da822326bc6ac,mquake,v0_stable,1,103,300,near_miss_terminated,"{""evaluated_value"":0.42,""numerator"":42.0,""planned"":100,""scored"":100,""status"":""complete"",""status_counts"":{""ok"":100},""value"":0.42}"
d49ef9c7980da822326bc6ac,mquake,v0_stable,1,103,300,revision_latest,"{""evaluated_value"":0.02,""numerator"":1.0,""planned"":50,""scored"":50,""status"":""complete"",""status_counts"":{""ok"":50},""value"":0.02}"
d49ef9c7980da822326bc6ac,mquake,v0_stable,1,103,300,revision_semantic,"{""evaluated_value"":null,""numerator"":0.0,""planned"":50,""scored"":0,""status"":""incomplete"",""status_counts"":{""ok"":50},""value"":null}"
d49ef9c7980da822326bc6ac,mquake,v0_stable,1,103,300,old_record_retired,"{""evaluated_value"":null,""numerator"":0.0,""planned"":50,""scored"":0,""status"":""incomplete"",""status_counts"":{""ok"":50},""value"":null}"
d49ef9c7980da822326bc6ac,mquake,v0_stable,1,103,300,new_record_active,"{""evaluated_value"":null,""numerator"":0.0,""planned"":50,""scored"":0,""status"":""incomplete"",""status_counts"":{""ok"":50},""value"":null}"
d49ef9c7980da822326bc6ac,mquake,v0_stable,1,103,300,drift,"{""planned_positions"":16256,""references"":{""capoff"":{""ES95_positive_nats"":0.0,""ES99_positive_nats"":0.0,""count_above_0_1_nats"":0,""definition"":""fractional empirical top1% mean of positive NLL harm; denominator .01*N"",""exceedances_nats"":{""0.01"":0,""0.1"":0,""1.0"":0},""max_positive_nats"":0.0,""maximum_position"":""w0:p1"",""mean_positive_nats"":0.0,""mean_signed_nats"":0.0,""zero_positive_n"":16256},""original"":{""ES95_positive_nats"":0.0,""ES99_positive_nats"":0.0,""count_above_0_1_nats"":0,""definition"":""fractional empirical top1% mean of positive NLL harm; denominator .01*N"",""exceedances_nats"":{""0.01"":0,""0.1"":0,""1.0"":0},""max_positive_nats"":0.0,""maximum_position"":""w0:p1"",""mean_positive_nats"":0.0,""mean_signed_nats"":0.0,""zero_positive_n"":16256}},""scored_positions"":16256,""source_sha256"":""2e67327e54b5fb83e765c2320affcf8cfc4fc30b3996eea06105c850609ee524"",""status"":""complete""}"
eef5c3dc3fc8291d75199816,mquake,v0_stable,1,104,100,LS_terminated,"{""evaluated_value"":0.5,""numerator"":25.0,""planned"":50,""scored"":50,""status"":""complete"",""status_counts"":{""ok"":50},""value"":0.5}"
eef5c3dc3fc8291d75199816,mquake,v0_stable,1,104,100,locality,"{""expected_n"":50,""preserved_fraction"":1.0,""preserved_n"":50,""preserved_terminated_fraction"":0.5,""preserved_terminated_n"":25,""primary_convention"":""DEC-053 bounded exact decoded-text equality, no normalization or termination requirement"",""query_truncated_n"":25,""reference_truncated_n"":25,""scored_n"":50,""secondary_convention"":""same decoded text and neither side truncated"",""status"":""complete"",""truncated_pair_n"":25,""unavailable_n"":0}"
eef5c3dc3fc8291d75199816,mquake,v0_stable,1,104,100,unseen_false_fire,"{""evaluated_value"":null,""numerator"":0.0,""planned"":100,""scored"":0,""status"":""incomplete"",""status_counts"":{""ok"":100},""value"":null,""wilson_evaluated"":null,""wilson_full_inventory"":null}"
eef5c3dc3fc8291d75199816,mquake,v0_stable,1,104,100,unseen_answer_changed,"{""evaluated_value"":0.0,""numerator"":0.0,""planned"":100,""scored"":100,""status"":""complete"",""status_counts"":{""ok"":100},""value"":0.0}"
eef5c3dc3fc8291d75199816,mquake,v0_stable,1,104,300,LS_terminated,"{""evaluated_value"":0.5,""numerator"":25.0,""planned"":50,""scored"":50,""status"":""complete"",""status_counts"":{""ok"":50},""value"":0.5}"
eef5c3dc3fc8291d75199816,mquake,v0_stable,1,104,300,locality,"{""expected_n"":50,""preserved_fraction"":1.0,""preserved_n"":50,""preserved_terminated_fraction"":0.5,""preserved_terminated_n"":25,""primary_convention"":""DEC-053 bounded exact decoded-text equality, no normalization or termination requirement"",""query_truncated_n"":25,""reference_truncated_n"":25,""scored_n"":50,""secondary_convention"":""same decoded text and neither side truncated"",""status"":""complete"",""truncated_pair_n"":25,""unavailable_n"":0}"
eef5c3dc3fc8291d75199816,mquake,v0_stable,1,104,300,unseen_false_fire,"{""evaluated_value"":null,""numerator"":0.0,""planned"":100,""scored"":0,""status"":""incomplete"",""status_counts"":{""ok"":100},""value"":null,""wilson_evaluated"":null,""wilson_full_inventory"":null}"
eef5c3dc3fc8291d75199816,mquake,v0_stable,1,104,300,unseen_answer_changed,"{""evaluated_value"":0.0,""numerator"":0.0,""planned"":100,""scored"":100,""status"":""complete"",""status_counts"":{""ok"":100},""value"":0.0}"
eef5c3dc3fc8291d75199816,mquake,v0_stable,1,104,300,near_miss,"{""expected_n"":100,""preserved_fraction"":1.0,""preserved_n"":100,""preserved_terminated_fraction"":0.42,""preserved_terminated_n"":42,""primary_convention"":""DEC-053 bounded exact decoded-text equality, no normalization or termination requirement"",""query_truncated_n"":58,""reference_truncated_n"":58,""scored_n"":100,""secondary_convention"":""same decoded text and neither side truncated"",""status"":""complete"",""truncated_pair_n"":58,""unavailable_n"":0}"
eef5c3dc3fc8291d75199816,mquake,v0_stable,1,104,300,near_miss_bounded,"{""evaluated_value"":1.0,""numerator"":100.0,""planned"":100,""scored"":100,""status"":""complete"",""status_counts"":{""ok"":100},""value"":1.0}"
eef5c3dc3fc8291d75199816,mquake,v0_stable,1,104,300,near_miss_terminated,"{""evaluated_value"":0.42,""numerator"":42.0,""planned"":100,""scored"":100,""status"":""complete"",""status_counts"":{""ok"":100},""value"":0.42}"
eef5c3dc3fc8291d75199816,mquake,v0_stable,1,104,300,revision_latest,"{""evaluated_value"":0.02,""numerator"":1.0,""planned"":50,""scored"":50,""status"":""complete"",""status_counts"":{""ok"":50},""value"":0.02}"
eef5c3dc3fc8291d75199816,mquake,v0_stable,1,104,300,revision_semantic,"{""evaluated_value"":null,""numerator"":0.0,""planned"":50,""scored"":0,""status"":""incomplete"",""status_counts"":{""ok"":50},""value"":null}"
eef5c3dc3fc8291d75199816,mquake,v0_stable,1,104,300,old_record_retired,"{""evaluated_value"":null,""numerator"":0.0,""planned"":50,""scored"":0,""status"":""incomplete"",""status_counts"":{""ok"":50},""value"":null}"
eef5c3dc3fc8291d75199816,mquake,v0_stable,1,104,300,new_record_active,"{""evaluated_value"":null,""numerator"":0.0,""planned"":50,""scored"":0,""status"":""incomplete"",""status_counts"":{""ok"":50},""value"":null}"
eef5c3dc3fc8291d75199816,mquake,v0_stable,1,104,300,drift,"{""planned_positions"":16256,""references"":{""capoff"":{""ES95_positive_nats"":0.0,""ES99_positive_nats"":0.0,""count_above_0_1_nats"":0,""definition"":""fractional empirical top1% mean of positive NLL harm; denominator .01*N"",""exceedances_nats"":{""0.01"":0,""0.1"":0,""1.0"":0},""max_positive_nats"":0.0,""maximum_position"":""w0:p1"",""mean_positive_nats"":0.0,""mean_signed_nats"":0.0,""zero_positive_n"":16256},""original"":{""ES95_positive_nats"":0.0,""ES99_positive_nats"":0.0,""count_above_0_1_nats"":0,""definition"":""fractional empirical top1% mean of positive NLL harm; denominator .01*N"",""exceedances_nats"":{""0.01"":0,""0.1"":0,""1.0"":0},""max_positive_nats"":0.0,""maximum_position"":""w0:p1"",""mean_positive_nats"":0.0,""mean_signed_nats"":0.0,""zero_positive_n"":16256}},""scored_positions"":16256,""source_sha256"":""2e67327e54b5fb83e765c2320affcf8cfc4fc30b3996eea06105c850609ee524"",""status"":""complete""}"
0417f598d89548e3200a3fe4,zsre,R1_learned_ff,2,100,100,LS_terminated,"{""evaluated_value"":1.0,""numerator"":50.0,""planned"":50,""scored"":50,""status"":""complete"",""status_counts"":{""ok"":50},""value"":1.0}"
0417f598d89548e3200a3fe4,zsre,R1_learned_ff,2,100,100,locality,"{""expected_n"":50,""preserved_fraction"":1.0,""preserved_n"":50,""preserved_terminated_fraction"":1.0,""preserved_terminated_n"":50,""primary_convention"":""DEC-053 bounded exact decoded-text equality, no normalization or termination requirement"",""query_truncated_n"":0,""reference_truncated_n"":0,""scored_n"":50,""secondary_convention"":""same decoded text and neither side truncated"",""status"":""complete"",""truncated_pair_n"":0,""unavailable_n"":0}"
0417f598d89548e3200a3fe4,zsre,R1_learned_ff,2,100,100,unseen_false_fire,"{""evaluated_value"":0.14,""numerator"":14.0,""planned"":100,""scored"":100,""status"":""complete"",""status_counts"":{""ok"":100},""value"":0.14,""wilson_evaluated"":{""confidence"":0.95,""interpretation"":""descriptive binomial reference; fixed development data/selection and dependent prompts limit population inference"",""lower"":0.08526343659939134,""upper"":0.22137188210963837},""wilson_full_inventory"":{""confidence"":0.95,""interpretation"":""descriptive binomial reference; fixed development data/selection and dependent prompts limit population inference"",""lower"":0.08526343659939134,""upper"":0.22137188210963837}}"
0417f598d89548e3200a3fe4,zsre,R1_learned_ff,2,100,100,unseen_answer_changed,"{""evaluated_value"":0.14,""numerator"":14.0,""planned"":100,""scored"":100,""status"":""complete"",""status_counts"":{""ok"":100},""value"":0.14}"
0417f598d89548e3200a3fe4,zsre,R1_learned_ff,2,100,300,LS_terminated,"{""evaluated_value"":1.0,""numerator"":50.0,""planned"":50,""scored"":50,""status"":""complete"",""status_counts"":{""ok"":50},""value"":1.0}"
0417f598d89548e3200a3fe4,zsre,R1_learned_ff,2,100,300,locality,"{""expected_n"":50,""preserved_fraction"":1.0,""preserved_n"":50,""preserved_terminated_fraction"":1.0,""preserved_terminated_n"":50,""primary_convention"":""DEC-053 bounded exact decoded-text equality, no normalization or termination requirement"",""query_truncated_n"":0,""reference_truncated_n"":0,""scored_n"":50,""secondary_convention"":""same decoded text and neither side truncated"",""status"":""complete"",""truncated_pair_n"":0,""unavailable_n"":0}"
0417f598d89548e3200a3fe4,zsre,R1_learned_ff,2,100,300,unseen_false_fire,"{""evaluated_value"":0.15,""numerator"":15.0,""planned"":100,""scored"":100,""status"":""complete"",""status_counts"":{""ok"":100},""value"":0.15,""wilson_evaluated"":{""confidence"":0.95,""interpretation"":""descriptive binomial reference; fixed development data/selection and dependent prompts limit population inference"",""lower"":0.0930598528365663,""upper"":0.23283559590832364},""wilson_full_inventory"":{""confidence"":0.95,""interpretation"":""descriptive binomial reference; fixed development data/selection and dependent prompts limit population inference"",""lower"":0.0930598528365663,""upper"":0.23283559590832364}}"
0417f598d89548e3200a3fe4,zsre,R1_learned_ff,2,100,300,unseen_answer_changed,"{""evaluated_value"":0.15,""numerator"":15.0,""planned"":100,""scored"":100,""status"":""complete"",""status_counts"":{""ok"":100},""value"":0.15}"
0417f598d89548e3200a3fe4,zsre,R1_learned_ff,2,100,1000,LS_terminated,"{""evaluated_value"":1.0,""numerator"":50.0,""planned"":50,""scored"":50,""status"":""complete"",""status_counts"":{""ok"":50},""value"":1.0}"
0417f598d89548e3200a3fe4,zsre,R1_learned_ff,2,100,1000,locality,"{""expected_n"":50,""preserved_fraction"":1.0,""preserved_n"":50,""preserved_terminated_fraction"":1.0,""preserved_terminated_n"":50,""primary_convention"":""DEC-053 bounded exact decoded-text equality, no normalization or termination requirement"",""query_truncated_n"":0,""reference_truncated_n"":0,""scored_n"":50,""secondary_convention"":""same decoded text and neither side truncated"",""status"":""complete"",""truncated_pair_n"":0,""unavailable_n"":0}"
0417f598d89548e3200a3fe4,zsre,R1_learned_ff,2,100,1000,unseen_false_fire,"{""evaluated_value"":0.16,""numerator"":16.0,""planned"":100,""scored"":100,""status"":""complete"",""status_counts"":{""ok"":100},""value"":0.16,""wilson_evaluated"":{""confidence"":0.95,""interpretation"":""descriptive binomial reference; fixed development data/selection and dependent prompts limit population inference"",""lower"":0.10095288488804782,""upper"":0.24420269389270244},""wilson_full_inventory"":{""confidence"":0.95,""interpretation"":""descriptive binomial reference; fixed development data/selection and dependent prompts limit population inference"",""lower"":0.10095288488804782,""upper"":0.24420269389270244}}"
0417f598d89548e3200a3fe4,zsre,R1_learned_ff,2,100,1000,unseen_answer_changed,"{""evaluated_value"":0.16,""numerator"":16.0,""planned"":100,""scored"":100,""status"":""complete"",""status_counts"":{""ok"":100},""value"":0.16}"
0417f598d89548e3200a3fe4,zsre,R1_learned_ff,2,100,1000,near_miss,"{""expected_n"":100,""preserved_fraction"":0.87,""preserved_n"":87,""preserved_terminated_fraction"":0.87,""preserved_terminated_n"":87,""primary_convention"":""DEC-053 bounded exact decoded-text equality, no normalization or termination requirement"",""query_truncated_n"":0,""reference_truncated_n"":0,""scored_n"":100,""secondary_convention"":""same decoded text and neither side truncated"",""status"":""complete"",""truncated_pair_n"":0,""unavailable_n"":0}"
0417f598d89548e3200a3fe4,zsre,R1_learned_ff,2,100,1000,near_miss_bounded,"{""evaluated_value"":0.87,""numerator"":87.0,""planned"":100,""scored"":100,""status"":""complete"",""status_counts"":{""ok"":100},""value"":0.87}"
0417f598d89548e3200a3fe4,zsre,R1_learned_ff,2,100,1000,near_miss_terminated,"{""evaluated_value"":0.87,""numerator"":87.0,""planned"":100,""scored"":100,""status"":""complete"",""status_counts"":{""ok"":100},""value"":0.87}"
0417f598d89548e3200a3fe4,zsre,R1_learned_ff,2,100,1000,revision_latest,"{""evaluated_value"":0.98,""numerator"":49.0,""planned"":50,""scored"":50,""status"":""complete"",""status_counts"":{""ok"":50},""value"":0.98}"
0417f598d89548e3200a3fe4,zsre,R1_learned_ff,2,100,1000,revision_semantic,"{""evaluated_value"":0.98,""numerator"":49.0,""planned"":50,""scored"":50,""status"":""complete"",""status_counts"":{""ok"":50},""value"":0.98}"
0417f598d89548e3200a3fe4,zsre,R1_learned_ff,2,100,1000,old_record_retired,"{""evaluated_value"":1.0,""numerator"":50.0,""planned"":50,""scored"":50,""status"":""complete"",""status_counts"":{""ok"":50},""value"":1.0}"
0417f598d89548e3200a3fe4,zsre,R1_learned_ff,2,100,1000,new_record_active,"{""evaluated_value"":1.0,""numerator"":50.0,""planned"":50,""scored"":50,""status"":""complete"",""status_counts"":{""ok"":50},""value"":1.0}"
0417f598d89548e3200a3fe4,zsre,R1_learned_ff,2,100,1000,drift,"{""planned_positions"":16256,""references"":{""capoff"":{""ES95_positive_nats"":0.023588401862608344,""ES99_positive_nats"":0.11794200931304173,""count_above_0_1_nats"":15,""definition"":""fractional empirical top1% mean of positive NLL harm; denominator .01*N"",""exceedances_nats"":{""0.01"":19,""0.1"":15,""1.0"":6},""max_positive_nats"":4.575771221220151,""maximum_position"":""w38:p53"",""mean_positive_nats"":0.0011794200931304173,""mean_signed_nats"":0.0010821882033335885,""zero_positive_n"":16237},""original"":{""ES95_positive_nats"":0.023588401862608344,""ES99_positive_nats"":0.11794200931304173,""count_above_0_1_nats"":15,""definition"":""fractional empirical top1% mean of positive NLL harm; denominator .01*N"",""exceedances_nats"":{""0.01"":19,""0.1"":15,""1.0"":6},""max_positive_nats"":4.575771221220151,""maximum_position"":""w38:p53"",""mean_positive_nats"":0.0011794200931304173,""mean_signed_nats"":0.0010821882033335885,""zero_positive_n"":16237}},""scored_positions"":16256,""source_sha256"":""2e67327e54b5fb83e765c2320affcf8cfc4fc30b3996eea06105c850609ee524"",""status"":""complete""}"
12a9c0da62781d521da26cd5,zsre,R1_learned_ff,2,101,100,LS_terminated,"{""evaluated_value"":1.0,""numerator"":50.0,""planned"":50,""scored"":50,""status"":""complete"",""status_counts"":{""ok"":50},""value"":1.0}"
12a9c0da62781d521da26cd5,zsre,R1_learned_ff,2,101,100,locality,"{""expected_n"":50,""preserved_fraction"":1.0,""preserved_n"":50,""preserved_terminated_fraction"":1.0,""preserved_terminated_n"":50,""primary_convention"":""DEC-053 bounded exact decoded-text equality, no normalization or termination requirement"",""query_truncated_n"":0,""reference_truncated_n"":0,""scored_n"":50,""secondary_convention"":""same decoded text and neither side truncated"",""status"":""complete"",""truncated_pair_n"":0,""unavailable_n"":0}"
12a9c0da62781d521da26cd5,zsre,R1_learned_ff,2,101,100,unseen_false_fire,"{""evaluated_value"":0.09,""numerator"":9.0,""planned"":100,""scored"":100,""status"":""complete"",""status_counts"":{""ok"":100},""value"":0.09,""wilson_evaluated"":{""confidence"":0.95,""interpretation"":""descriptive binomial reference; fixed development data/selection and dependent prompts limit population inference"",""lower"":0.04807254000256516,""upper"":0.1622621285271631},""wilson_full_inventory"":{""confidence"":0.95,""interpretation"":""descriptive binomial reference; fixed development data/selection and dependent prompts limit population inference"",""lower"":0.04807254000256516,""upper"":0.1622621285271631}}"
12a9c0da62781d521da26cd5,zsre,R1_learned_ff,2,101,100,unseen_answer_changed,"{""evaluated_value"":0.09,""numerator"":9.0,""planned"":100,""scored"":100,""status"":""complete"",""status_counts"":{""ok"":100},""value"":0.09}"
12a9c0da62781d521da26cd5,zsre,R1_learned_ff,2,101,300,LS_terminated,"{""evaluated_value"":1.0,""numerator"":50.0,""planned"":50,""scored"":50,""status"":""complete"",""status_counts"":{""ok"":50},""value"":1.0}"
12a9c0da62781d521da26cd5,zsre,R1_learned_ff,2,101,300,locality,"{""expected_n"":50,""preserved_fraction"":1.0,""preserved_n"":50,""preserved_terminated_fraction"":1.0,""preserved_terminated_n"":50,""primary_convention"":""DEC-053 bounded exact decoded-text equality, no normalization or termination requirement"",""query_truncated_n"":0,""reference_truncated_n"":0,""scored_n"":50,""secondary_convention"":""same decoded text and neither side truncated"",""status"":""complete"",""truncated_pair_n"":0,""unavailable_n"":0}"
12a9c0da62781d521da26cd5,zsre,R1_learned_ff,2,101,300,unseen_false_fire,"{""evaluated_value"":0.12,""numerator"":12.0,""planned"":100,""scored"":100,""status"":""complete"",""status_counts"":{""ok"":100},""value"":0.12,""wilson_evaluated"":{""confidence"":0.95,""interpretation"":""descriptive binomial reference; fixed development data/selection and dependent prompts limit population inference"",""lower"":0.06999406437019488,""upper"":0.19812099426711421},""wilson_full_inventory"":{""confidence"":0.95,""interpretation"":""descriptive binomial reference; fixed development data/selection and dependent prompts limit population inference"",""lower"":0.06999406437019488,""upper"":0.19812099426711421}}"
12a9c0da62781d521da26cd5,zsre,R1_learned_ff,2,101,300,unseen_answer_changed,"{""evaluated_value"":0.12,""numerator"":12.0,""planned"":100,""scored"":100,""status"":""complete"",""status_counts"":{""ok"":100},""value"":0.12}"
12a9c0da62781d521da26cd5,zsre,R1_learned_ff,2,101,1000,LS_terminated,"{""evaluated_value"":1.0,""numerator"":50.0,""planned"":50,""scored"":50,""status"":""complete"",""status_counts"":{""ok"":50},""value"":1.0}"
12a9c0da62781d521da26cd5,zsre,R1_learned_ff,2,101,1000,locality,"{""expected_n"":50,""preserved_fraction"":1.0,""preserved_n"":50,""preserved_terminated_fraction"":1.0,""preserved_terminated_n"":50,""primary_convention"":""DEC-053 bounded exact decoded-text equality, no normalization or termination requirement"",""query_truncated_n"":0,""reference_truncated_n"":0,""scored_n"":50,""secondary_convention"":""same decoded text and neither side truncated"",""status"":""complete"",""truncated_pair_n"":0,""unavailable_n"":0}"
12a9c0da62781d521da26cd5,zsre,R1_learned_ff,2,101,1000,unseen_false_fire,"{""evaluated_value"":0.16,""numerator"":16.0,""planned"":100,""scored"":100,""status"":""complete"",""status_counts"":{""ok"":100},""value"":0.16,""wilson_evaluated"":{""confidence"":0.95,""interpretation"":""descriptive binomial reference; fixed development data/selection and dependent prompts limit population inference"",""lower"":0.10095288488804782,""upper"":0.24420269389270244},""wilson_full_inventory"":{""confidence"":0.95,""interpretation"":""descriptive binomial reference; fixed development data/selection and dependent prompts limit population inference"",""lower"":0.10095288488804782,""upper"":0.24420269389270244}}"
12a9c0da62781d521da26cd5,zsre,R1_learned_ff,2,101,1000,unseen_answer_changed,"{""evaluated_value"":0.16,""numerator"":16.0,""planned"":100,""scored"":100,""status"":""complete"",""status_counts"":{""ok"":100},""value"":0.16}"
12a9c0da62781d521da26cd5,zsre,R1_learned_ff,2,101,1000,near_miss,"{""expected_n"":100,""preserved_fraction"":0.87,""preserved_n"":87,""preserved_terminated_fraction"":0.87,""preserved_terminated_n"":87,""primary_convention"":""DEC-053 bounded exact decoded-text equality, no normalization or termination requirement"",""query_truncated_n"":0,""reference_truncated_n"":0,""scored_n"":100,""secondary_convention"":""same decoded text and neither side truncated"",""status"":""complete"",""truncated_pair_n"":0,""unavailable_n"":0}"
12a9c0da62781d521da26cd5,zsre,R1_learned_ff,2,101,1000,near_miss_bounded,"{""evaluated_value"":0.87,""numerator"":87.0,""planned"":100,""scored"":100,""status"":""complete"",""status_counts"":{""ok"":100},""value"":0.87}"
12a9c0da62781d521da26cd5,zsre,R1_learned_ff,2,101,1000,near_miss_terminated,"{""evaluated_value"":0.87,""numerator"":87.0,""planned"":100,""scored"":100,""status"":""complete"",""status_counts"":{""ok"":100},""value"":0.87}"
12a9c0da62781d521da26cd5,zsre,R1_learned_ff,2,101,1000,revision_latest,"{""evaluated_value"":0.98,""numerator"":49.0,""planned"":50,""scored"":50,""status"":""complete"",""status_counts"":{""ok"":50},""value"":0.98}"
12a9c0da62781d521da26cd5,zsre,R1_learned_ff,2,101,1000,revision_semantic,"{""evaluated_value"":0.98,""numerator"":49.0,""planned"":50,""scored"":50,""status"":""complete"",""status_counts"":{""ok"":50},""value"":0.98}"
12a9c0da62781d521da26cd5,zsre,R1_learned_ff,2,101,1000,old_record_retired,"{""evaluated_value"":1.0,""numerator"":50.0,""planned"":50,""scored"":50,""status"":""complete"",""status_counts"":{""ok"":50},""value"":1.0}"
12a9c0da62781d521da26cd5,zsre,R1_learned_ff,2,101,1000,new_record_active,"{""evaluated_value"":1.0,""numerator"":50.0,""planned"":50,""scored"":50,""status"":""complete"",""status_counts"":{""ok"":50},""value"":1.0}"
12a9c0da62781d521da26cd5,zsre,R1_learned_ff,2,101,1000,drift,"{""planned_positions"":16256,""references"":{""capoff"":{""ES95_positive_nats"":0.023588421490320872,""ES99_positive_nats"":0.11794210745160437,""count_above_0_1_nats"":15,""definition"":""fractional empirical top1% mean of positive NLL harm; denominator .01*N"",""exceedances_nats"":{""0.01"":19,""0.1"":15,""1.0"":6},""max_positive_nats"":4.575771221220151,""maximum_position"":""w38:p53"",""mean_positive_nats"":0.0011794210745160437,""mean_signed_nats"":0.0010821886184399394,""zero_positive_n"":16237},""original"":{""ES95_positive_nats"":0.023588421490320872,""ES99_positive_nats"":0.11794210745160437,""count_above_0_1_nats"":15,""definition"":""fractional empirical top1% mean of positive NLL harm; denominator .01*N"",""exceedances_nats"":{""0.01"":19,""0.1"":15,""1.0"":6},""max_positive_nats"":4.575771221220151,""maximum_position"":""w38:p53"",""mean_positive_nats"":0.0011794210745160437,""mean_signed_nats"":0.0010821886184399394,""zero_positive_n"":16237}},""scored_positions"":16256,""source_sha256"":""2e67327e54b5fb83e765c2320affcf8cfc4fc30b3996eea06105c850609ee524"",""status"":""complete""}"
c2a67190edb39398491bd651,zsre,R1_learned_ff,2,102,100,LS_terminated,"{""evaluated_value"":1.0,""numerator"":50.0,""planned"":50,""scored"":50,""status"":""complete"",""status_counts"":{""ok"":50},""value"":1.0}"
c2a67190edb39398491bd651,zsre,R1_learned_ff,2,102,100,locality,"{""expected_n"":50,""preserved_fraction"":1.0,""preserved_n"":50,""preserved_terminated_fraction"":1.0,""preserved_terminated_n"":50,""primary_convention"":""DEC-053 bounded exact decoded-text equality, no normalization or termination requirement"",""query_truncated_n"":0,""reference_truncated_n"":0,""scored_n"":50,""secondary_convention"":""same decoded text and neither side truncated"",""status"":""complete"",""truncated_pair_n"":0,""unavailable_n"":0}"
c2a67190edb39398491bd651,zsre,R1_learned_ff,2,102,100,unseen_false_fire,"{""evaluated_value"":0.09,""numerator"":9.0,""planned"":100,""scored"":100,""status"":""complete"",""status_counts"":{""ok"":100},""value"":0.09,""wilson_evaluated"":{""confidence"":0.95,""interpretation"":""descriptive binomial reference; fixed development data/selection and dependent prompts limit population inference"",""lower"":0.04807254000256516,""upper"":0.1622621285271631},""wilson_full_inventory"":{""confidence"":0.95,""interpretation"":""descriptive binomial reference; fixed development data/selection and dependent prompts limit population inference"",""lower"":0.04807254000256516,""upper"":0.1622621285271631}}"
c2a67190edb39398491bd651,zsre,R1_learned_ff,2,102,100,unseen_answer_changed,"{""evaluated_value"":0.09,""numerator"":9.0,""planned"":100,""scored"":100,""status"":""complete"",""status_counts"":{""ok"":100},""value"":0.09}"
c2a67190edb39398491bd651,zsre,R1_learned_ff,2,102,300,LS_terminated,"{""evaluated_value"":1.0,""numerator"":50.0,""planned"":50,""scored"":50,""status"":""complete"",""status_counts"":{""ok"":50},""value"":1.0}"
c2a67190edb39398491bd651,zsre,R1_learned_ff,2,102,300,locality,"{""expected_n"":50,""preserved_fraction"":1.0,""preserved_n"":50,""preserved_terminated_fraction"":1.0,""preserved_terminated_n"":50,""primary_convention"":""DEC-053 bounded exact decoded-text equality, no normalization or termination requirement"",""query_truncated_n"":0,""reference_truncated_n"":0,""scored_n"":50,""secondary_convention"":""same decoded text and neither side truncated"",""status"":""complete"",""truncated_pair_n"":0,""unavailable_n"":0}"
c2a67190edb39398491bd651,zsre,R1_learned_ff,2,102,300,unseen_false_fire,"{""evaluated_value"":0.17,""numerator"":17.0,""planned"":100,""scored"":100,""status"":""complete"",""status_counts"":{""ok"":100},""value"":0.17,""wilson_evaluated"":{""confidence"":0.95,""interpretation"":""descriptive binomial reference; fixed development data/selection and dependent prompts limit population inference"",""lower"":0.10893566114059931,""upper"":0.25548004767601123},""wilson_full_inventory"":{""confidence"":0.95,""interpretation"":""descriptive binomial reference; fixed development data/selection and dependent prompts limit population inference"",""lower"":0.10893566114059931,""upper"":0.25548004767601123}}"
c2a67190edb39398491bd651,zsre,R1_learned_ff,2,102,300,unseen_answer_changed,"{""evaluated_value"":0.17,""numerator"":17.0,""planned"":100,""scored"":100,""status"":""complete"",""status_counts"":{""ok"":100},""value"":0.17}"
c2a67190edb39398491bd651,zsre,R1_learned_ff,2,102,1000,LS_terminated,"{""evaluated_value"":1.0,""numerator"":50.0,""planned"":50,""scored"":50,""status"":""complete"",""status_counts"":{""ok"":50},""value"":1.0}"
c2a67190edb39398491bd651,zsre,R1_learned_ff,2,102,1000,locality,"{""expected_n"":50,""preserved_fraction"":1.0,""preserved_n"":50,""preserved_terminated_fraction"":1.0,""preserved_terminated_n"":50,""primary_convention"":""DEC-053 bounded exact decoded-text equality, no normalization or termination requirement"",""query_truncated_n"":0,""reference_truncated_n"":0,""scored_n"":50,""secondary_convention"":""same decoded text and neither side truncated"",""status"":""complete"",""truncated_pair_n"":0,""unavailable_n"":0}"
c2a67190edb39398491bd651,zsre,R1_learned_ff,2,102,1000,unseen_false_fire,"{""evaluated_value"":0.16,""numerator"":16.0,""planned"":100,""scored"":100,""status"":""complete"",""status_counts"":{""ok"":100},""value"":0.16,""wilson_evaluated"":{""confidence"":0.95,""interpretation"":""descriptive binomial reference; fixed development data/selection and dependent prompts limit population inference"",""lower"":0.10095288488804782,""upper"":0.24420269389270244},""wilson_full_inventory"":{""confidence"":0.95,""interpretation"":""descriptive binomial reference; fixed development data/selection and dependent prompts limit population inference"",""lower"":0.10095288488804782,""upper"":0.24420269389270244}}"
c2a67190edb39398491bd651,zsre,R1_learned_ff,2,102,1000,unseen_answer_changed,"{""evaluated_value"":0.16,""numerator"":16.0,""planned"":100,""scored"":100,""status"":""complete"",""status_counts"":{""ok"":100},""value"":0.16}"
c2a67190edb39398491bd651,zsre,R1_learned_ff,2,102,1000,near_miss,"{""expected_n"":100,""preserved_fraction"":0.87,""preserved_n"":87,""preserved_terminated_fraction"":0.87,""preserved_terminated_n"":87,""primary_convention"":""DEC-053 bounded exact decoded-text equality, no normalization or termination requirement"",""query_truncated_n"":0,""reference_truncated_n"":0,""scored_n"":100,""secondary_convention"":""same decoded text and neither side truncated"",""status"":""complete"",""truncated_pair_n"":0,""unavailable_n"":0}"
c2a67190edb39398491bd651,zsre,R1_learned_ff,2,102,1000,near_miss_bounded,"{""evaluated_value"":0.87,""numerator"":87.0,""planned"":100,""scored"":100,""status"":""complete"",""status_counts"":{""ok"":100},""value"":0.87}"
c2a67190edb39398491bd651,zsre,R1_learned_ff,2,102,1000,near_miss_terminated,"{""evaluated_value"":0.87,""numerator"":87.0,""planned"":100,""scored"":100,""status"":""complete"",""status_counts"":{""ok"":100},""value"":0.87}"
c2a67190edb39398491bd651,zsre,R1_learned_ff,2,102,1000,revision_latest,"{""evaluated_value"":0.98,""numerator"":49.0,""planned"":50,""scored"":50,""status"":""complete"",""status_counts"":{""ok"":50},""value"":0.98}"
c2a67190edb39398491bd651,zsre,R1_learned_ff,2,102,1000,revision_semantic,"{""evaluated_value"":0.98,""numerator"":49.0,""planned"":50,""scored"":50,""status"":""complete"",""status_counts"":{""ok"":50},""value"":0.98}"
c2a67190edb39398491bd651,zsre,R1_learned_ff,2,102,1000,old_record_retired,"{""evaluated_value"":1.0,""numerator"":50.0,""planned"":50,""scored"":50,""status"":""complete"",""status_counts"":{""ok"":50},""value"":1.0}"
c2a67190edb39398491bd651,zsre,R1_learned_ff,2,102,1000,new_record_active,"{""evaluated_value"":1.0,""numerator"":50.0,""planned"":50,""scored"":50,""status"":""complete"",""status_counts"":{""ok"":50},""value"":1.0}"
c2a67190edb39398491bd651,zsre,R1_learned_ff,2,102,1000,drift,"{""planned_positions"":16256,""references"":{""capoff"":{""ES95_positive_nats"":0.023588401862608344,""ES99_positive_nats"":0.11794200931304173,""count_above_0_1_nats"":15,""definition"":""fractional empirical top1% mean of positive NLL harm; denominator .01*N"",""exceedances_nats"":{""0.01"":19,""0.1"":15,""1.0"":6},""max_positive_nats"":4.575771221220151,""maximum_position"":""w38:p53"",""mean_positive_nats"":0.0011794200931304173,""mean_signed_nats"":0.0010821882033335885,""zero_positive_n"":16237},""original"":{""ES95_positive_nats"":0.023588401862608344,""ES99_positive_nats"":0.11794200931304173,""count_above_0_1_nats"":15,""definition"":""fractional empirical top1% mean of positive NLL harm; denominator .01*N"",""exceedances_nats"":{""0.01"":19,""0.1"":15,""1.0"":6},""max_positive_nats"":4.575771221220151,""maximum_position"":""w38:p53"",""mean_positive_nats"":0.0011794200931304173,""mean_signed_nats"":0.0010821882033335885,""zero_positive_n"":16237}},""scored_positions"":16256,""source_sha256"":""2e67327e54b5fb83e765c2320affcf8cfc4fc30b3996eea06105c850609ee524"",""status"":""complete""}"
58cc3599099d7ab60e5d1413,zsre,R1_learned_ff,2,103,100,LS_terminated,"{""evaluated_value"":1.0,""numerator"":50.0,""planned"":50,""scored"":50,""status"":""complete"",""status_counts"":{""ok"":50},""value"":1.0}"
58cc3599099d7ab60e5d1413,zsre,R1_learned_ff,2,103,100,locality,"{""expected_n"":50,""preserved_fraction"":1.0,""preserved_n"":50,""preserved_terminated_fraction"":1.0,""preserved_terminated_n"":50,""primary_convention"":""DEC-053 bounded exact decoded-text equality, no normalization or termination requirement"",""query_truncated_n"":0,""reference_truncated_n"":0,""scored_n"":50,""secondary_convention"":""same decoded text and neither side truncated"",""status"":""complete"",""truncated_pair_n"":0,""unavailable_n"":0}"
58cc3599099d7ab60e5d1413,zsre,R1_learned_ff,2,103,100,unseen_false_fire,"{""evaluated_value"":0.09,""numerator"":9.0,""planned"":100,""scored"":100,""status"":""complete"",""status_counts"":{""ok"":100},""value"":0.09,""wilson_evaluated"":{""confidence"":0.95,""interpretation"":""descriptive binomial reference; fixed development data/selection and dependent prompts limit population inference"",""lower"":0.04807254000256516,""upper"":0.1622621285271631},""wilson_full_inventory"":{""confidence"":0.95,""interpretation"":""descriptive binomial reference; fixed development data/selection and dependent prompts limit population inference"",""lower"":0.04807254000256516,""upper"":0.1622621285271631}}"
58cc3599099d7ab60e5d1413,zsre,R1_learned_ff,2,103,100,unseen_answer_changed,"{""evaluated_value"":0.09,""numerator"":9.0,""planned"":100,""scored"":100,""status"":""complete"",""status_counts"":{""ok"":100},""value"":0.09}"
58cc3599099d7ab60e5d1413,zsre,R1_learned_ff,2,103,300,LS_terminated,"{""evaluated_value"":1.0,""numerator"":50.0,""planned"":50,""scored"":50,""status"":""complete"",""status_counts"":{""ok"":50},""value"":1.0}"
58cc3599099d7ab60e5d1413,zsre,R1_learned_ff,2,103,300,locality,"{""expected_n"":50,""preserved_fraction"":1.0,""preserved_n"":50,""preserved_terminated_fraction"":1.0,""preserved_terminated_n"":50,""primary_convention"":""DEC-053 bounded exact decoded-text equality, no normalization or termination requirement"",""query_truncated_n"":0,""reference_truncated_n"":0,""scored_n"":50,""secondary_convention"":""same decoded text and neither side truncated"",""status"":""complete"",""truncated_pair_n"":0,""unavailable_n"":0}"
58cc3599099d7ab60e5d1413,zsre,R1_learned_ff,2,103,300,unseen_false_fire,"{""evaluated_value"":0.14,""numerator"":14.0,""planned"":100,""scored"":100,""status"":""complete"",""status_counts"":{""ok"":100},""value"":0.14,""wilson_evaluated"":{""confidence"":0.95,""interpretation"":""descriptive binomial reference; fixed development data/selection and dependent prompts limit population inference"",""lower"":0.08526343659939134,""upper"":0.22137188210963837},""wilson_full_inventory"":{""confidence"":0.95,""interpretation"":""descriptive binomial reference; fixed development data/selection and dependent prompts limit population inference"",""lower"":0.08526343659939134,""upper"":0.22137188210963837}}"
58cc3599099d7ab60e5d1413,zsre,R1_learned_ff,2,103,300,unseen_answer_changed,"{""evaluated_value"":0.14,""numerator"":14.0,""planned"":100,""scored"":100,""status"":""complete"",""status_counts"":{""ok"":100},""value"":0.14}"
58cc3599099d7ab60e5d1413,zsre,R1_learned_ff,2,103,1000,LS_terminated,"{""evaluated_value"":1.0,""numerator"":50.0,""planned"":50,""scored"":50,""status"":""complete"",""status_counts"":{""ok"":50},""value"":1.0}"
58cc3599099d7ab60e5d1413,zsre,R1_learned_ff,2,103,1000,locality,"{""expected_n"":50,""preserved_fraction"":1.0,""preserved_n"":50,""preserved_terminated_fraction"":1.0,""preserved_terminated_n"":50,""primary_convention"":""DEC-053 bounded exact decoded-text equality, no normalization or termination requirement"",""query_truncated_n"":0,""reference_truncated_n"":0,""scored_n"":50,""secondary_convention"":""same decoded text and neither side truncated"",""status"":""complete"",""truncated_pair_n"":0,""unavailable_n"":0}"
58cc3599099d7ab60e5d1413,zsre,R1_learned_ff,2,103,1000,unseen_false_fire,"{""evaluated_value"":0.16,""numerator"":16.0,""planned"":100,""scored"":100,""status"":""complete"",""status_counts"":{""ok"":100},""value"":0.16,""wilson_evaluated"":{""confidence"":0.95,""interpretation"":""descriptive binomial reference; fixed development data/selection and dependent prompts limit population inference"",""lower"":0.10095288488804782,""upper"":0.24420269389270244},""wilson_full_inventory"":{""confidence"":0.95,""interpretation"":""descriptive binomial reference; fixed development data/selection and dependent prompts limit population inference"",""lower"":0.10095288488804782,""upper"":0.24420269389270244}}"
58cc3599099d7ab60e5d1413,zsre,R1_learned_ff,2,103,1000,unseen_answer_changed,"{""evaluated_value"":0.16,""numerator"":16.0,""planned"":100,""scored"":100,""status"":""complete"",""status_counts"":{""ok"":100},""value"":0.16}"
58cc3599099d7ab60e5d1413,zsre,R1_learned_ff,2,103,1000,near_miss,"{""expected_n"":100,""preserved_fraction"":0.87,""preserved_n"":87,""preserved_terminated_fraction"":0.87,""preserved_terminated_n"":87,""primary_convention"":""DEC-053 bounded exact decoded-text equality, no normalization or termination requirement"",""query_truncated_n"":0,""reference_truncated_n"":0,""scored_n"":100,""secondary_convention"":""same decoded text and neither side truncated"",""status"":""complete"",""truncated_pair_n"":0,""unavailable_n"":0}"
58cc3599099d7ab60e5d1413,zsre,R1_learned_ff,2,103,1000,near_miss_bounded,"{""evaluated_value"":0.87,""numerator"":87.0,""planned"":100,""scored"":100,""status"":""complete"",""status_counts"":{""ok"":100},""value"":0.87}"
58cc3599099d7ab60e5d1413,zsre,R1_learned_ff,2,103,1000,near_miss_terminated,"{""evaluated_value"":0.87,""numerator"":87.0,""planned"":100,""scored"":100,""status"":""complete"",""status_counts"":{""ok"":100},""value"":0.87}"
58cc3599099d7ab60e5d1413,zsre,R1_learned_ff,2,103,1000,revision_latest,"{""evaluated_value"":0.98,""numerator"":49.0,""planned"":50,""scored"":50,""status"":""complete"",""status_counts"":{""ok"":50},""value"":0.98}"
58cc3599099d7ab60e5d1413,zsre,R1_learned_ff,2,103,1000,revision_semantic,"{""evaluated_value"":0.98,""numerator"":49.0,""planned"":50,""scored"":50,""status"":""complete"",""status_counts"":{""ok"":50},""value"":0.98}"
58cc3599099d7ab60e5d1413,zsre,R1_learned_ff,2,103,1000,old_record_retired,"{""evaluated_value"":1.0,""numerator"":50.0,""planned"":50,""scored"":50,""status"":""complete"",""status_counts"":{""ok"":50},""value"":1.0}"
58cc3599099d7ab60e5d1413,zsre,R1_learned_ff,2,103,1000,new_record_active,"{""evaluated_value"":1.0,""numerator"":50.0,""planned"":50,""scored"":50,""status"":""complete"",""status_counts"":{""ok"":50},""value"":1.0}"
58cc3599099d7ab60e5d1413,zsre,R1_learned_ff,2,103,1000,drift,"{""planned_positions"":16256,""references"":{""capoff"":{""ES95_positive_nats"":0.023588401862608344,""ES99_positive_nats"":0.11794200931304173,""count_above_0_1_nats"":15,""definition"":""fractional empirical top1% mean of positive NLL harm; denominator .01*N"",""exceedances_nats"":{""0.01"":19,""0.1"":15,""1.0"":6},""max_positive_nats"":4.575771221220151,""maximum_position"":""w38:p53"",""mean_positive_nats"":0.0011794200931304173,""mean_signed_nats"":0.0010821882033335885,""zero_positive_n"":16237},""original"":{""ES95_positive_nats"":0.023588401862608344,""ES99_positive_nats"":0.11794200931304173,""count_above_0_1_nats"":15,""definition"":""fractional empirical top1% mean of positive NLL harm; denominator .01*N"",""exceedances_nats"":{""0.01"":19,""0.1"":15,""1.0"":6},""max_positive_nats"":4.575771221220151,""maximum_position"":""w38:p53"",""mean_positive_nats"":0.0011794200931304173,""mean_signed_nats"":0.0010821882033335885,""zero_positive_n"":16237}},""scored_positions"":16256,""source_sha256"":""2e67327e54b5fb83e765c2320affcf8cfc4fc30b3996eea06105c850609ee524"",""status"":""complete""}"
4206e18c23b43bb312e045e6,zsre,R1_learned_ff,2,104,100,LS_terminated,"{""evaluated_value"":1.0,""numerator"":50.0,""planned"":50,""scored"":50,""status"":""complete"",""status_counts"":{""ok"":50},""value"":1.0}"
4206e18c23b43bb312e045e6,zsre,R1_learned_ff,2,104,100,locality,"{""expected_n"":50,""preserved_fraction"":1.0,""preserved_n"":50,""preserved_terminated_fraction"":1.0,""preserved_terminated_n"":50,""primary_convention"":""DEC-053 bounded exact decoded-text equality, no normalization or termination requirement"",""query_truncated_n"":0,""reference_truncated_n"":0,""scored_n"":50,""secondary_convention"":""same decoded text and neither side truncated"",""status"":""complete"",""truncated_pair_n"":0,""unavailable_n"":0}"
4206e18c23b43bb312e045e6,zsre,R1_learned_ff,2,104,100,unseen_false_fire,"{""evaluated_value"":0.1,""numerator"":10.0,""planned"":100,""scored"":100,""status"":""complete"",""status_counts"":{""ok"":100},""value"":0.1,""wilson_evaluated"":{""confidence"":0.95,""interpretation"":""descriptive binomial reference; fixed development data/selection and dependent prompts limit population inference"",""lower"":0.0552291370606751,""upper"":0.17436566150491345},""wilson_full_inventory"":{""confidence"":0.95,""interpretation"":""descriptive binomial reference; fixed development data/selection and dependent prompts limit population inference"",""lower"":0.0552291370606751,""upper"":0.17436566150491345}}"
4206e18c23b43bb312e045e6,zsre,R1_learned_ff,2,104,100,unseen_answer_changed,"{""evaluated_value"":0.1,""numerator"":10.0,""planned"":100,""scored"":100,""status"":""complete"",""status_counts"":{""ok"":100},""value"":0.1}"
4206e18c23b43bb312e045e6,zsre,R1_learned_ff,2,104,300,LS_terminated,"{""evaluated_value"":1.0,""numerator"":50.0,""planned"":50,""scored"":50,""status"":""complete"",""status_counts"":{""ok"":50},""value"":1.0}"
4206e18c23b43bb312e045e6,zsre,R1_learned_ff,2,104,300,locality,"{""expected_n"":50,""preserved_fraction"":1.0,""preserved_n"":50,""preserved_terminated_fraction"":1.0,""preserved_terminated_n"":50,""primary_convention"":""DEC-053 bounded exact decoded-text equality, no normalization or termination requirement"",""query_truncated_n"":0,""reference_truncated_n"":0,""scored_n"":50,""secondary_convention"":""same decoded text and neither side truncated"",""status"":""complete"",""truncated_pair_n"":0,""unavailable_n"":0}"
4206e18c23b43bb312e045e6,zsre,R1_learned_ff,2,104,300,unseen_false_fire,"{""evaluated_value"":0.1,""numerator"":10.0,""planned"":100,""scored"":100,""status"":""complete"",""status_counts"":{""ok"":100},""value"":0.1,""wilson_evaluated"":{""confidence"":0.95,""interpretation"":""descriptive binomial reference; fixed development data/selection and dependent prompts limit population inference"",""lower"":0.0552291370606751,""upper"":0.17436566150491345},""wilson_full_inventory"":{""confidence"":0.95,""interpretation"":""descriptive binomial reference; fixed development data/selection and dependent prompts limit population inference"",""lower"":0.0552291370606751,""upper"":0.17436566150491345}}"
4206e18c23b43bb312e045e6,zsre,R1_learned_ff,2,104,300,unseen_answer_changed,"{""evaluated_value"":0.1,""numerator"":10.0,""planned"":100,""scored"":100,""status"":""complete"",""status_counts"":{""ok"":100},""value"":0.1}"
4206e18c23b43bb312e045e6,zsre,R1_learned_ff,2,104,1000,LS_terminated,"{""evaluated_value"":1.0,""numerator"":50.0,""planned"":50,""scored"":50,""status"":""complete"",""status_counts"":{""ok"":50},""value"":1.0}"
4206e18c23b43bb312e045e6,zsre,R1_learned_ff,2,104,1000,locality,"{""expected_n"":50,""preserved_fraction"":1.0,""preserved_n"":50,""preserved_terminated_fraction"":1.0,""preserved_terminated_n"":50,""primary_convention"":""DEC-053 bounded exact decoded-text equality, no normalization or termination requirement"",""query_truncated_n"":0,""reference_truncated_n"":0,""scored_n"":50,""secondary_convention"":""same decoded text and neither side truncated"",""status"":""complete"",""truncated_pair_n"":0,""unavailable_n"":0}"
4206e18c23b43bb312e045e6,zsre,R1_learned_ff,2,104,1000,unseen_false_fire,"{""evaluated_value"":0.16,""numerator"":16.0,""planned"":100,""scored"":100,""status"":""complete"",""status_counts"":{""ok"":100},""value"":0.16,""wilson_evaluated"":{""confidence"":0.95,""interpretation"":""descriptive binomial reference; fixed development data/selection and dependent prompts limit population inference"",""lower"":0.10095288488804782,""upper"":0.24420269389270244},""wilson_full_inventory"":{""confidence"":0.95,""interpretation"":""descriptive binomial reference; fixed development data/selection and dependent prompts limit population inference"",""lower"":0.10095288488804782,""upper"":0.24420269389270244}}"
4206e18c23b43bb312e045e6,zsre,R1_learned_ff,2,104,1000,unseen_answer_changed,"{""evaluated_value"":0.16,""numerator"":16.0,""planned"":100,""scored"":100,""status"":""complete"",""status_counts"":{""ok"":100},""value"":0.16}"
4206e18c23b43bb312e045e6,zsre,R1_learned_ff,2,104,1000,near_miss,"{""expected_n"":100,""preserved_fraction"":0.87,""preserved_n"":87,""preserved_terminated_fraction"":0.87,""preserved_terminated_n"":87,""primary_convention"":""DEC-053 bounded exact decoded-text equality, no normalization or termination requirement"",""query_truncated_n"":0,""reference_truncated_n"":0,""scored_n"":100,""secondary_convention"":""same decoded text and neither side truncated"",""status"":""complete"",""truncated_pair_n"":0,""unavailable_n"":0}"
4206e18c23b43bb312e045e6,zsre,R1_learned_ff,2,104,1000,near_miss_bounded,"{""evaluated_value"":0.87,""numerator"":87.0,""planned"":100,""scored"":100,""status"":""complete"",""status_counts"":{""ok"":100},""value"":0.87}"
4206e18c23b43bb312e045e6,zsre,R1_learned_ff,2,104,1000,near_miss_terminated,"{""evaluated_value"":0.87,""numerator"":87.0,""planned"":100,""scored"":100,""status"":""complete"",""status_counts"":{""ok"":100},""value"":0.87}"
4206e18c23b43bb312e045e6,zsre,R1_learned_ff,2,104,1000,revision_latest,"{""evaluated_value"":0.98,""numerator"":49.0,""planned"":50,""scored"":50,""status"":""complete"",""status_counts"":{""ok"":50},""value"":0.98}"
4206e18c23b43bb312e045e6,zsre,R1_learned_ff,2,104,1000,revision_semantic,"{""evaluated_value"":0.98,""numerator"":49.0,""planned"":50,""scored"":50,""status"":""complete"",""status_counts"":{""ok"":50},""value"":0.98}"
4206e18c23b43bb312e045e6,zsre,R1_learned_ff,2,104,1000,old_record_retired,"{""evaluated_value"":1.0,""numerator"":50.0,""planned"":50,""scored"":50,""status"":""complete"",""status_counts"":{""ok"":50},""value"":1.0}"
4206e18c23b43bb312e045e6,zsre,R1_learned_ff,2,104,1000,new_record_active,"{""evaluated_value"":1.0,""numerator"":50.0,""planned"":50,""scored"":50,""status"":""complete"",""status_counts"":{""ok"":50},""value"":1.0}"
4206e18c23b43bb312e045e6,zsre,R1_learned_ff,2,104,1000,drift,"{""planned_positions"":16256,""references"":{""capoff"":{""ES95_positive_nats"":0.023588401862608344,""ES99_positive_nats"":0.11794200931304173,""count_above_0_1_nats"":15,""definition"":""fractional empirical top1% mean of positive NLL harm; denominator .01*N"",""exceedances_nats"":{""0.01"":19,""0.1"":15,""1.0"":6},""max_positive_nats"":4.575771221220151,""maximum_position"":""w38:p53"",""mean_positive_nats"":0.0011794200931304173,""mean_signed_nats"":0.0010821882033335885,""zero_positive_n"":16237},""original"":{""ES95_positive_nats"":0.023588401862608344,""ES99_positive_nats"":0.11794200931304173,""count_above_0_1_nats"":15,""definition"":""fractional empirical top1% mean of positive NLL harm; denominator .01*N"",""exceedances_nats"":{""0.01"":19,""0.1"":15,""1.0"":6},""max_positive_nats"":4.575771221220151,""maximum_position"":""w38:p53"",""mean_positive_nats"":0.0011794200931304173,""mean_signed_nats"":0.0010821882033335885,""zero_positive_n"":16237}},""scored_positions"":16256,""source_sha256"":""2e67327e54b5fb83e765c2320affcf8cfc4fc30b3996eea06105c850609ee524"",""status"":""complete""}"
fa46e16c8436f7ea4a5c3f06,counterfact,R1_learned_ff,2,100,100,LS_terminated,"{""evaluated_value"":0.86,""numerator"":43.0,""planned"":50,""scored"":50,""status"":""complete"",""status_counts"":{""ok"":50},""value"":0.86}"
fa46e16c8436f7ea4a5c3f06,counterfact,R1_learned_ff,2,100,100,locality,"{""expected_n"":50,""preserved_fraction"":1.0,""preserved_n"":50,""preserved_terminated_fraction"":0.86,""preserved_terminated_n"":43,""primary_convention"":""DEC-053 bounded exact decoded-text equality, no normalization or termination requirement"",""query_truncated_n"":7,""reference_truncated_n"":7,""scored_n"":50,""secondary_convention"":""same decoded text and neither side truncated"",""status"":""complete"",""truncated_pair_n"":7,""unavailable_n"":0}"
fa46e16c8436f7ea4a5c3f06,counterfact,R1_learned_ff,2,100,100,unseen_false_fire,"{""evaluated_value"":0.0,""numerator"":0.0,""planned"":100,""scored"":100,""status"":""complete"",""status_counts"":{""ok"":100},""value"":0.0,""wilson_evaluated"":{""confidence"":0.95,""interpretation"":""descriptive binomial reference; fixed development data/selection and dependent prompts limit population inference"",""lower"":3.469446951953614e-18,""upper"":0.03699349820698568},""wilson_full_inventory"":{""confidence"":0.95,""interpretation"":""descriptive binomial reference; fixed development data/selection and dependent prompts limit population inference"",""lower"":3.469446951953614e-18,""upper"":0.03699349820698568}}"
fa46e16c8436f7ea4a5c3f06,counterfact,R1_learned_ff,2,100,100,unseen_answer_changed,"{""evaluated_value"":0.0,""numerator"":0.0,""planned"":100,""scored"":100,""status"":""complete"",""status_counts"":{""ok"":100},""value"":0.0}"
fa46e16c8436f7ea4a5c3f06,counterfact,R1_learned_ff,2,100,300,LS_terminated,"{""evaluated_value"":0.86,""numerator"":43.0,""planned"":50,""scored"":50,""status"":""complete"",""status_counts"":{""ok"":50},""value"":0.86}"
fa46e16c8436f7ea4a5c3f06,counterfact,R1_learned_ff,2,100,300,locality,"{""expected_n"":50,""preserved_fraction"":1.0,""preserved_n"":50,""preserved_terminated_fraction"":0.86,""preserved_terminated_n"":43,""primary_convention"":""DEC-053 bounded exact decoded-text equality, no normalization or termination requirement"",""query_truncated_n"":7,""reference_truncated_n"":7,""scored_n"":50,""secondary_convention"":""same decoded text and neither side truncated"",""status"":""complete"",""truncated_pair_n"":7,""unavailable_n"":0}"
fa46e16c8436f7ea4a5c3f06,counterfact,R1_learned_ff,2,100,300,unseen_false_fire,"{""evaluated_value"":0.0,""numerator"":0.0,""planned"":100,""scored"":100,""status"":""complete"",""status_counts"":{""ok"":100},""value"":0.0,""wilson_evaluated"":{""confidence"":0.95,""interpretation"":""descriptive binomial reference; fixed development data/selection and dependent prompts limit population inference"",""lower"":3.469446951953614e-18,""upper"":0.03699349820698568},""wilson_full_inventory"":{""confidence"":0.95,""interpretation"":""descriptive binomial reference; fixed development data/selection and dependent prompts limit population inference"",""lower"":3.469446951953614e-18,""upper"":0.03699349820698568}}"
fa46e16c8436f7ea4a5c3f06,counterfact,R1_learned_ff,2,100,300,unseen_answer_changed,"{""evaluated_value"":0.0,""numerator"":0.0,""planned"":100,""scored"":100,""status"":""complete"",""status_counts"":{""ok"":100},""value"":0.0}"
fa46e16c8436f7ea4a5c3f06,counterfact,R1_learned_ff,2,100,1000,LS_terminated,"{""evaluated_value"":0.82,""numerator"":41.0,""planned"":50,""scored"":50,""status"":""complete"",""status_counts"":{""ok"":50},""value"":0.82}"
fa46e16c8436f7ea4a5c3f06,counterfact,R1_learned_ff,2,100,1000,locality,"{""expected_n"":50,""preserved_fraction"":0.96,""preserved_n"":48,""preserved_terminated_fraction"":0.82,""preserved_terminated_n"":41,""primary_convention"":""DEC-053 bounded exact decoded-text equality, no normalization or termination requirement"",""query_truncated_n"":7,""reference_truncated_n"":7,""scored_n"":50,""secondary_convention"":""same decoded text and neither side truncated"",""status"":""complete"",""truncated_pair_n"":7,""unavailable_n"":0}"
fa46e16c8436f7ea4a5c3f06,counterfact,R1_learned_ff,2,100,1000,unseen_false_fire,"{""evaluated_value"":0.01,""numerator"":1.0,""planned"":100,""scored"":100,""status"":""complete"",""status_counts"":{""ok"":100},""value"":0.01,""wilson_evaluated"":{""confidence"":0.95,""interpretation"":""descriptive binomial reference; fixed development data/selection and dependent prompts limit population inference"",""lower"":0.0017674320641406505,""upper"":0.054486196178705315},""wilson_full_inventory"":{""confidence"":0.95,""interpretation"":""descriptive binomial reference; fixed development data/selection and dependent prompts limit population inference"",""lower"":0.0017674320641406505,""upper"":0.054486196178705315}}"
fa46e16c8436f7ea4a5c3f06,counterfact,R1_learned_ff,2,100,1000,unseen_answer_changed,"{""evaluated_value"":0.01,""numerator"":1.0,""planned"":100,""scored"":100,""status"":""complete"",""status_counts"":{""ok"":100},""value"":0.01}"
fa46e16c8436f7ea4a5c3f06,counterfact,R1_learned_ff,2,100,1000,near_miss,"{""expected_n"":100,""preserved_fraction"":1.0,""preserved_n"":100,""preserved_terminated_fraction"":0.71,""preserved_terminated_n"":71,""primary_convention"":""DEC-053 bounded exact decoded-text equality, no normalization or termination requirement"",""query_truncated_n"":29,""reference_truncated_n"":29,""scored_n"":100,""secondary_convention"":""same decoded text and neither side truncated"",""status"":""complete"",""truncated_pair_n"":29,""unavailable_n"":0}"
fa46e16c8436f7ea4a5c3f06,counterfact,R1_learned_ff,2,100,1000,near_miss_bounded,"{""evaluated_value"":1.0,""numerator"":100.0,""planned"":100,""scored"":100,""status"":""complete"",""status_counts"":{""ok"":100},""value"":1.0}"
fa46e16c8436f7ea4a5c3f06,counterfact,R1_learned_ff,2,100,1000,near_miss_terminated,"{""evaluated_value"":0.71,""numerator"":71.0,""planned"":100,""scored"":100,""status"":""complete"",""status_counts"":{""ok"":100},""value"":0.71}"
fa46e16c8436f7ea4a5c3f06,counterfact,R1_learned_ff,2,100,1000,revision_latest,"{""evaluated_value"":0.98,""numerator"":49.0,""planned"":50,""scored"":50,""status"":""complete"",""status_counts"":{""ok"":50},""value"":0.98}"
fa46e16c8436f7ea4a5c3f06,counterfact,R1_learned_ff,2,100,1000,revision_semantic,"{""evaluated_value"":0.98,""numerator"":49.0,""planned"":50,""scored"":50,""status"":""complete"",""status_counts"":{""ok"":50},""value"":0.98}"
fa46e16c8436f7ea4a5c3f06,counterfact,R1_learned_ff,2,100,1000,old_record_retired,"{""evaluated_value"":1.0,""numerator"":50.0,""planned"":50,""scored"":50,""status"":""complete"",""status_counts"":{""ok"":50},""value"":1.0}"
fa46e16c8436f7ea4a5c3f06,counterfact,R1_learned_ff,2,100,1000,new_record_active,"{""evaluated_value"":1.0,""numerator"":50.0,""planned"":50,""scored"":50,""status"":""complete"",""status_counts"":{""ok"":50},""value"":1.0}"
fa46e16c8436f7ea4a5c3f06,counterfact,R1_learned_ff,2,100,1000,drift,"{""planned_positions"":16256,""references"":{""capoff"":{""ES95_positive_nats"":0.21725571323140067,""ES99_positive_nats"":1.0862785661570034,""count_above_0_1_nats"":108,""definition"":""fractional empirical top1% mean of positive NLL harm; denominator .01*N"",""exceedances_nats"":{""0.01"":114,""0.1"":108,""1.0"":52},""max_positive_nats"":8.65757394467046,""maximum_position"":""w27:p61"",""mean_positive_nats"":0.010862785661570033,""mean_signed_nats"":0.010681318161709145,""zero_positive_n"":16141},""original"":{""ES95_positive_nats"":0.21725571323140067,""ES99_positive_nats"":1.0862785661570034,""count_above_0_1_nats"":108,""definition"":""fractional empirical top1% mean of positive NLL harm; denominator .01*N"",""exceedances_nats"":{""0.01"":114,""0.1"":108,""1.0"":52},""max_positive_nats"":8.65757394467046,""maximum_position"":""w27:p61"",""mean_positive_nats"":0.010862785661570033,""mean_signed_nats"":0.010681318161709145,""zero_positive_n"":16141}},""scored_positions"":16256,""source_sha256"":""2e67327e54b5fb83e765c2320affcf8cfc4fc30b3996eea06105c850609ee524"",""status"":""complete""}"
162686f6303fe986619d236d,counterfact,R1_learned_ff,2,101,100,LS_terminated,"{""evaluated_value"":0.86,""numerator"":43.0,""planned"":50,""scored"":50,""status"":""complete"",""status_counts"":{""ok"":50},""value"":0.86}"
162686f6303fe986619d236d,counterfact,R1_learned_ff,2,101,100,locality,"{""expected_n"":50,""preserved_fraction"":1.0,""preserved_n"":50,""preserved_terminated_fraction"":0.86,""preserved_terminated_n"":43,""primary_convention"":""DEC-053 bounded exact decoded-text equality, no normalization or termination requirement"",""query_truncated_n"":7,""reference_truncated_n"":7,""scored_n"":50,""secondary_convention"":""same decoded text and neither side truncated"",""status"":""complete"",""truncated_pair_n"":7,""unavailable_n"":0}"
162686f6303fe986619d236d,counterfact,R1_learned_ff,2,101,100,unseen_false_fire,"{""evaluated_value"":0.0,""numerator"":0.0,""planned"":100,""scored"":100,""status"":""complete"",""status_counts"":{""ok"":100},""value"":0.0,""wilson_evaluated"":{""confidence"":0.95,""interpretation"":""descriptive binomial reference; fixed development data/selection and dependent prompts limit population inference"",""lower"":3.469446951953614e-18,""upper"":0.03699349820698568},""wilson_full_inventory"":{""confidence"":0.95,""interpretation"":""descriptive binomial reference; fixed development data/selection and dependent prompts limit population inference"",""lower"":3.469446951953614e-18,""upper"":0.03699349820698568}}"
162686f6303fe986619d236d,counterfact,R1_learned_ff,2,101,100,unseen_answer_changed,"{""evaluated_value"":0.0,""numerator"":0.0,""planned"":100,""scored"":100,""status"":""complete"",""status_counts"":{""ok"":100},""value"":0.0}"
162686f6303fe986619d236d,counterfact,R1_learned_ff,2,101,300,LS_terminated,"{""evaluated_value"":0.84,""numerator"":42.0,""planned"":50,""scored"":50,""status"":""complete"",""status_counts"":{""ok"":50},""value"":0.84}"
162686f6303fe986619d236d,counterfact,R1_learned_ff,2,101,300,locality,"{""expected_n"":50,""preserved_fraction"":0.98,""preserved_n"":49,""preserved_terminated_fraction"":0.84,""preserved_terminated_n"":42,""primary_convention"":""DEC-053 bounded exact decoded-text equality, no normalization or termination requirement"",""query_truncated_n"":7,""reference_truncated_n"":7,""scored_n"":50,""secondary_convention"":""same decoded text and neither side truncated"",""status"":""complete"",""truncated_pair_n"":7,""unavailable_n"":0}"
162686f6303fe986619d236d,counterfact,R1_learned_ff,2,101,300,unseen_false_fire,"{""evaluated_value"":0.01,""numerator"":1.0,""planned"":100,""scored"":100,""status"":""complete"",""status_counts"":{""ok"":100},""value"":0.01,""wilson_evaluated"":{""confidence"":0.95,""interpretation"":""descriptive binomial reference; fixed development data/selection and dependent prompts limit population inference"",""lower"":0.0017674320641406505,""upper"":0.054486196178705315},""wilson_full_inventory"":{""confidence"":0.95,""interpretation"":""descriptive binomial reference; fixed development data/selection and dependent prompts limit population inference"",""lower"":0.0017674320641406505,""upper"":0.054486196178705315}}"
162686f6303fe986619d236d,counterfact,R1_learned_ff,2,101,300,unseen_answer_changed,"{""evaluated_value"":0.01,""numerator"":1.0,""planned"":100,""scored"":100,""status"":""complete"",""status_counts"":{""ok"":100},""value"":0.01}"
162686f6303fe986619d236d,counterfact,R1_learned_ff,2,101,1000,LS_terminated,"{""evaluated_value"":0.82,""numerator"":41.0,""planned"":50,""scored"":50,""status"":""complete"",""status_counts"":{""ok"":50},""value"":0.82}"
162686f6303fe986619d236d,counterfact,R1_learned_ff,2,101,1000,locality,"{""expected_n"":50,""preserved_fraction"":0.96,""preserved_n"":48,""preserved_terminated_fraction"":0.82,""preserved_terminated_n"":41,""primary_convention"":""DEC-053 bounded exact decoded-text equality, no normalization or termination requirement"",""query_truncated_n"":7,""reference_truncated_n"":7,""scored_n"":50,""secondary_convention"":""same decoded text and neither side truncated"",""status"":""complete"",""truncated_pair_n"":7,""unavailable_n"":0}"
162686f6303fe986619d236d,counterfact,R1_learned_ff,2,101,1000,unseen_false_fire,"{""evaluated_value"":0.01,""numerator"":1.0,""planned"":100,""scored"":100,""status"":""complete"",""status_counts"":{""ok"":100},""value"":0.01,""wilson_evaluated"":{""confidence"":0.95,""interpretation"":""descriptive binomial reference; fixed development data/selection and dependent prompts limit population inference"",""lower"":0.0017674320641406505,""upper"":0.054486196178705315},""wilson_full_inventory"":{""confidence"":0.95,""interpretation"":""descriptive binomial reference; fixed development data/selection and dependent prompts limit population inference"",""lower"":0.0017674320641406505,""upper"":0.054486196178705315}}"
162686f6303fe986619d236d,counterfact,R1_learned_ff,2,101,1000,unseen_answer_changed,"{""evaluated_value"":0.01,""numerator"":1.0,""planned"":100,""scored"":100,""status"":""complete"",""status_counts"":{""ok"":100},""value"":0.01}"
162686f6303fe986619d236d,counterfact,R1_learned_ff,2,101,1000,near_miss,"{""expected_n"":100,""preserved_fraction"":1.0,""preserved_n"":100,""preserved_terminated_fraction"":0.71,""preserved_terminated_n"":71,""primary_convention"":""DEC-053 bounded exact decoded-text equality, no normalization or termination requirement"",""query_truncated_n"":29,""reference_truncated_n"":29,""scored_n"":100,""secondary_convention"":""same decoded text and neither side truncated"",""status"":""complete"",""truncated_pair_n"":29,""unavailable_n"":0}"
162686f6303fe986619d236d,counterfact,R1_learned_ff,2,101,1000,near_miss_bounded,"{""evaluated_value"":1.0,""numerator"":100.0,""planned"":100,""scored"":100,""status"":""complete"",""status_counts"":{""ok"":100},""value"":1.0}"
162686f6303fe986619d236d,counterfact,R1_learned_ff,2,101,1000,near_miss_terminated,"{""evaluated_value"":0.71,""numerator"":71.0,""planned"":100,""scored"":100,""status"":""complete"",""status_counts"":{""ok"":100},""value"":0.71}"
162686f6303fe986619d236d,counterfact,R1_learned_ff,2,101,1000,revision_latest,"{""evaluated_value"":0.98,""numerator"":49.0,""planned"":50,""scored"":50,""status"":""complete"",""status_counts"":{""ok"":50},""value"":0.98}"
162686f6303fe986619d236d,counterfact,R1_learned_ff,2,101,1000,revision_semantic,"{""evaluated_value"":0.98,""numerator"":49.0,""planned"":50,""scored"":50,""status"":""complete"",""status_counts"":{""ok"":50},""value"":0.98}"
162686f6303fe986619d236d,counterfact,R1_learned_ff,2,101,1000,old_record_retired,"{""evaluated_value"":1.0,""numerator"":50.0,""planned"":50,""scored"":50,""status"":""complete"",""status_counts"":{""ok"":50},""value"":1.0}"
162686f6303fe986619d236d,counterfact,R1_learned_ff,2,101,1000,new_record_active,"{""evaluated_value"":1.0,""numerator"":50.0,""planned"":50,""scored"":50,""status"":""complete"",""status_counts"":{""ok"":50},""value"":1.0}"
162686f6303fe986619d236d,counterfact,R1_learned_ff,2,101,1000,drift,"{""planned_positions"":16256,""references"":{""capoff"":{""ES95_positive_nats"":0.21725571323140067,""ES99_positive_nats"":1.0862785661570034,""count_above_0_1_nats"":108,""definition"":""fractional empirical top1% mean of positive NLL harm; denominator .01*N"",""exceedances_nats"":{""0.01"":114,""0.1"":108,""1.0"":52},""max_positive_nats"":8.65757394467046,""maximum_position"":""w27:p61"",""mean_positive_nats"":0.010862785661570033,""mean_signed_nats"":0.010681318161709145,""zero_positive_n"":16141},""original"":{""ES95_positive_nats"":0.21725571323140067,""ES99_positive_nats"":1.0862785661570034,""count_above_0_1_nats"":108,""definition"":""fractional empirical top1% mean of positive NLL harm; denominator .01*N"",""exceedances_nats"":{""0.01"":114,""0.1"":108,""1.0"":52},""max_positive_nats"":8.65757394467046,""maximum_position"":""w27:p61"",""mean_positive_nats"":0.010862785661570033,""mean_signed_nats"":0.010681318161709145,""zero_positive_n"":16141}},""scored_positions"":16256,""source_sha256"":""2e67327e54b5fb83e765c2320affcf8cfc4fc30b3996eea06105c850609ee524"",""status"":""complete""}"
029ecd260f3e085063714d3f,counterfact,R1_learned_ff,2,102,100,LS_terminated,"{""evaluated_value"":0.86,""numerator"":43.0,""planned"":50,""scored"":50,""status"":""complete"",""status_counts"":{""ok"":50},""value"":0.86}"
029ecd260f3e085063714d3f,counterfact,R1_learned_ff,2,102,100,locality,"{""expected_n"":50,""preserved_fraction"":1.0,""preserved_n"":50,""preserved_terminated_fraction"":0.86,""preserved_terminated_n"":43,""primary_convention"":""DEC-053 bounded exact decoded-text equality, no normalization or termination requirement"",""query_truncated_n"":7,""reference_truncated_n"":7,""scored_n"":50,""secondary_convention"":""same decoded text and neither side truncated"",""status"":""complete"",""truncated_pair_n"":7,""unavailable_n"":0}"
029ecd260f3e085063714d3f,counterfact,R1_learned_ff,2,102,100,unseen_false_fire,"{""evaluated_value"":0.0,""numerator"":0.0,""planned"":100,""scored"":100,""status"":""complete"",""status_counts"":{""ok"":100},""value"":0.0,""wilson_evaluated"":{""confidence"":0.95,""interpretation"":""descriptive binomial reference; fixed development data/selection and dependent prompts limit population inference"",""lower"":3.469446951953614e-18,""upper"":0.03699349820698568},""wilson_full_inventory"":{""confidence"":0.95,""interpretation"":""descriptive binomial reference; fixed development data/selection and dependent prompts limit population inference"",""lower"":3.469446951953614e-18,""upper"":0.03699349820698568}}"
029ecd260f3e085063714d3f,counterfact,R1_learned_ff,2,102,100,unseen_answer_changed,"{""evaluated_value"":0.0,""numerator"":0.0,""planned"":100,""scored"":100,""status"":""complete"",""status_counts"":{""ok"":100},""value"":0.0}"
029ecd260f3e085063714d3f,counterfact,R1_learned_ff,2,102,300,LS_terminated,"{""evaluated_value"":0.84,""numerator"":42.0,""planned"":50,""scored"":50,""status"":""complete"",""status_counts"":{""ok"":50},""value"":0.84}"
029ecd260f3e085063714d3f,counterfact,R1_learned_ff,2,102,300,locality,"{""expected_n"":50,""preserved_fraction"":0.98,""preserved_n"":49,""preserved_terminated_fraction"":0.84,""preserved_terminated_n"":42,""primary_convention"":""DEC-053 bounded exact decoded-text equality, no normalization or termination requirement"",""query_truncated_n"":7,""reference_truncated_n"":7,""scored_n"":50,""secondary_convention"":""same decoded text and neither side truncated"",""status"":""complete"",""truncated_pair_n"":7,""unavailable_n"":0}"
029ecd260f3e085063714d3f,counterfact,R1_learned_ff,2,102,300,unseen_false_fire,"{""evaluated_value"":0.01,""numerator"":1.0,""planned"":100,""scored"":100,""status"":""complete"",""status_counts"":{""ok"":100},""value"":0.01,""wilson_evaluated"":{""confidence"":0.95,""interpretation"":""descriptive binomial reference; fixed development data/selection and dependent prompts limit population inference"",""lower"":0.0017674320641406505,""upper"":0.054486196178705315},""wilson_full_inventory"":{""confidence"":0.95,""interpretation"":""descriptive binomial reference; fixed development data/selection and dependent prompts limit population inference"",""lower"":0.0017674320641406505,""upper"":0.054486196178705315}}"
029ecd260f3e085063714d3f,counterfact,R1_learned_ff,2,102,300,unseen_answer_changed,"{""evaluated_value"":0.01,""numerator"":1.0,""planned"":100,""scored"":100,""status"":""complete"",""status_counts"":{""ok"":100},""value"":0.01}"
029ecd260f3e085063714d3f,counterfact,R1_learned_ff,2,102,1000,LS_terminated,"{""evaluated_value"":0.82,""numerator"":41.0,""planned"":50,""scored"":50,""status"":""complete"",""status_counts"":{""ok"":50},""value"":0.82}"
029ecd260f3e085063714d3f,counterfact,R1_learned_ff,2,102,1000,locality,"{""expected_n"":50,""preserved_fraction"":0.96,""preserved_n"":48,""preserved_terminated_fraction"":0.82,""preserved_terminated_n"":41,""primary_convention"":""DEC-053 bounded exact decoded-text equality, no normalization or termination requirement"",""query_truncated_n"":7,""reference_truncated_n"":7,""scored_n"":50,""secondary_convention"":""same decoded text and neither side truncated"",""status"":""complete"",""truncated_pair_n"":7,""unavailable_n"":0}"
029ecd260f3e085063714d3f,counterfact,R1_learned_ff,2,102,1000,unseen_false_fire,"{""evaluated_value"":0.01,""numerator"":1.0,""planned"":100,""scored"":100,""status"":""complete"",""status_counts"":{""ok"":100},""value"":0.01,""wilson_evaluated"":{""confidence"":0.95,""interpretation"":""descriptive binomial reference; fixed development data/selection and dependent prompts limit population inference"",""lower"":0.0017674320641406505,""upper"":0.054486196178705315},""wilson_full_inventory"":{""confidence"":0.95,""interpretation"":""descriptive binomial reference; fixed development data/selection and dependent prompts limit population inference"",""lower"":0.0017674320641406505,""upper"":0.054486196178705315}}"
029ecd260f3e085063714d3f,counterfact,R1_learned_ff,2,102,1000,unseen_answer_changed,"{""evaluated_value"":0.01,""numerator"":1.0,""planned"":100,""scored"":100,""status"":""complete"",""status_counts"":{""ok"":100},""value"":0.01}"
029ecd260f3e085063714d3f,counterfact,R1_learned_ff,2,102,1000,near_miss,"{""expected_n"":100,""preserved_fraction"":1.0,""preserved_n"":100,""preserved_terminated_fraction"":0.71,""preserved_terminated_n"":71,""primary_convention"":""DEC-053 bounded exact decoded-text equality, no normalization or termination requirement"",""query_truncated_n"":29,""reference_truncated_n"":29,""scored_n"":100,""secondary_convention"":""same decoded text and neither side truncated"",""status"":""complete"",""truncated_pair_n"":29,""unavailable_n"":0}"
029ecd260f3e085063714d3f,counterfact,R1_learned_ff,2,102,1000,near_miss_bounded,"{""evaluated_value"":1.0,""numerator"":100.0,""planned"":100,""scored"":100,""status"":""complete"",""status_counts"":{""ok"":100},""value"":1.0}"
029ecd260f3e085063714d3f,counterfact,R1_learned_ff,2,102,1000,near_miss_terminated,"{""evaluated_value"":0.71,""numerator"":71.0,""planned"":100,""scored"":100,""status"":""complete"",""status_counts"":{""ok"":100},""value"":0.71}"
029ecd260f3e085063714d3f,counterfact,R1_learned_ff,2,102,1000,revision_latest,"{""evaluated_value"":0.98,""numerator"":49.0,""planned"":50,""scored"":50,""status"":""complete"",""status_counts"":{""ok"":50},""value"":0.98}"
029ecd260f3e085063714d3f,counterfact,R1_learned_ff,2,102,1000,revision_semantic,"{""evaluated_value"":0.98,""numerator"":49.0,""planned"":50,""scored"":50,""status"":""complete"",""status_counts"":{""ok"":50},""value"":0.98}"
029ecd260f3e085063714d3f,counterfact,R1_learned_ff,2,102,1000,old_record_retired,"{""evaluated_value"":1.0,""numerator"":50.0,""planned"":50,""scored"":50,""status"":""complete"",""status_counts"":{""ok"":50},""value"":1.0}"
029ecd260f3e085063714d3f,counterfact,R1_learned_ff,2,102,1000,new_record_active,"{""evaluated_value"":1.0,""numerator"":50.0,""planned"":50,""scored"":50,""status"":""complete"",""status_counts"":{""ok"":50},""value"":1.0}"
029ecd260f3e085063714d3f,counterfact,R1_learned_ff,2,102,1000,drift,"{""planned_positions"":16256,""references"":{""capoff"":{""ES95_positive_nats"":0.21725571323140067,""ES99_positive_nats"":1.0862785661570034,""count_above_0_1_nats"":108,""definition"":""fractional empirical top1% mean of positive NLL harm; denominator .01*N"",""exceedances_nats"":{""0.01"":114,""0.1"":108,""1.0"":52},""max_positive_nats"":8.65757394467046,""maximum_position"":""w27:p61"",""mean_positive_nats"":0.010862785661570033,""mean_signed_nats"":0.010681318161709145,""zero_positive_n"":16141},""original"":{""ES95_positive_nats"":0.21725571323140067,""ES99_positive_nats"":1.0862785661570034,""count_above_0_1_nats"":108,""definition"":""fractional empirical top1% mean of positive NLL harm; denominator .01*N"",""exceedances_nats"":{""0.01"":114,""0.1"":108,""1.0"":52},""max_positive_nats"":8.65757394467046,""maximum_position"":""w27:p61"",""mean_positive_nats"":0.010862785661570033,""mean_signed_nats"":0.010681318161709145,""zero_positive_n"":16141}},""scored_positions"":16256,""source_sha256"":""2e67327e54b5fb83e765c2320affcf8cfc4fc30b3996eea06105c850609ee524"",""status"":""complete""}"
7197775fb7f97a465fd3310e,counterfact,R1_learned_ff,2,103,100,LS_terminated,"{""evaluated_value"":0.86,""numerator"":43.0,""planned"":50,""scored"":50,""status"":""complete"",""status_counts"":{""ok"":50},""value"":0.86}"
7197775fb7f97a465fd3310e,counterfact,R1_learned_ff,2,103,100,locality,"{""expected_n"":50,""preserved_fraction"":1.0,""preserved_n"":50,""preserved_terminated_fraction"":0.86,""preserved_terminated_n"":43,""primary_convention"":""DEC-053 bounded exact decoded-text equality, no normalization or termination requirement"",""query_truncated_n"":7,""reference_truncated_n"":7,""scored_n"":50,""secondary_convention"":""same decoded text and neither side truncated"",""status"":""complete"",""truncated_pair_n"":7,""unavailable_n"":0}"
7197775fb7f97a465fd3310e,counterfact,R1_learned_ff,2,103,100,unseen_false_fire,"{""evaluated_value"":0.0,""numerator"":0.0,""planned"":100,""scored"":100,""status"":""complete"",""status_counts"":{""ok"":100},""value"":0.0,""wilson_evaluated"":{""confidence"":0.95,""interpretation"":""descriptive binomial reference; fixed development data/selection and dependent prompts limit population inference"",""lower"":3.469446951953614e-18,""upper"":0.03699349820698568},""wilson_full_inventory"":{""confidence"":0.95,""interpretation"":""descriptive binomial reference; fixed development data/selection and dependent prompts limit population inference"",""lower"":3.469446951953614e-18,""upper"":0.03699349820698568}}"
7197775fb7f97a465fd3310e,counterfact,R1_learned_ff,2,103,100,unseen_answer_changed,"{""evaluated_value"":0.0,""numerator"":0.0,""planned"":100,""scored"":100,""status"":""complete"",""status_counts"":{""ok"":100},""value"":0.0}"
7197775fb7f97a465fd3310e,counterfact,R1_learned_ff,2,103,300,LS_terminated,"{""evaluated_value"":0.86,""numerator"":43.0,""planned"":50,""scored"":50,""status"":""complete"",""status_counts"":{""ok"":50},""value"":0.86}"
7197775fb7f97a465fd3310e,counterfact,R1_learned_ff,2,103,300,locality,"{""expected_n"":50,""preserved_fraction"":1.0,""preserved_n"":50,""preserved_terminated_fraction"":0.86,""preserved_terminated_n"":43,""primary_convention"":""DEC-053 bounded exact decoded-text equality, no normalization or termination requirement"",""query_truncated_n"":7,""reference_truncated_n"":7,""scored_n"":50,""secondary_convention"":""same decoded text and neither side truncated"",""status"":""complete"",""truncated_pair_n"":7,""unavailable_n"":0}"
7197775fb7f97a465fd3310e,counterfact,R1_learned_ff,2,103,300,unseen_false_fire,"{""evaluated_value"":0.01,""numerator"":1.0,""planned"":100,""scored"":100,""status"":""complete"",""status_counts"":{""ok"":100},""value"":0.01,""wilson_evaluated"":{""confidence"":0.95,""interpretation"":""descriptive binomial reference; fixed development data/selection and dependent prompts limit population inference"",""lower"":0.0017674320641406505,""upper"":0.054486196178705315},""wilson_full_inventory"":{""confidence"":0.95,""interpretation"":""descriptive binomial reference; fixed development data/selection and dependent prompts limit population inference"",""lower"":0.0017674320641406505,""upper"":0.054486196178705315}}"
7197775fb7f97a465fd3310e,counterfact,R1_learned_ff,2,103,300,unseen_answer_changed,"{""evaluated_value"":0.01,""numerator"":1.0,""planned"":100,""scored"":100,""status"":""complete"",""status_counts"":{""ok"":100},""value"":0.01}"
7197775fb7f97a465fd3310e,counterfact,R1_learned_ff,2,103,1000,LS_terminated,"{""evaluated_value"":0.82,""numerator"":41.0,""planned"":50,""scored"":50,""status"":""complete"",""status_counts"":{""ok"":50},""value"":0.82}"
7197775fb7f97a465fd3310e,counterfact,R1_learned_ff,2,103,1000,locality,"{""expected_n"":50,""preserved_fraction"":0.96,""preserved_n"":48,""preserved_terminated_fraction"":0.82,""preserved_terminated_n"":41,""primary_convention"":""DEC-053 bounded exact decoded-text equality, no normalization or termination requirement"",""query_truncated_n"":7,""reference_truncated_n"":7,""scored_n"":50,""secondary_convention"":""same decoded text and neither side truncated"",""status"":""complete"",""truncated_pair_n"":7,""unavailable_n"":0}"
7197775fb7f97a465fd3310e,counterfact,R1_learned_ff,2,103,1000,unseen_false_fire,"{""evaluated_value"":0.01,""numerator"":1.0,""planned"":100,""scored"":100,""status"":""complete"",""status_counts"":{""ok"":100},""value"":0.01,""wilson_evaluated"":{""confidence"":0.95,""interpretation"":""descriptive binomial reference; fixed development data/selection and dependent prompts limit population inference"",""lower"":0.0017674320641406505,""upper"":0.054486196178705315},""wilson_full_inventory"":{""confidence"":0.95,""interpretation"":""descriptive binomial reference; fixed development data/selection and dependent prompts limit population inference"",""lower"":0.0017674320641406505,""upper"":0.054486196178705315}}"
7197775fb7f97a465fd3310e,counterfact,R1_learned_ff,2,103,1000,unseen_answer_changed,"{""evaluated_value"":0.01,""numerator"":1.0,""planned"":100,""scored"":100,""status"":""complete"",""status_counts"":{""ok"":100},""value"":0.01}"
7197775fb7f97a465fd3310e,counterfact,R1_learned_ff,2,103,1000,near_miss,"{""expected_n"":100,""preserved_fraction"":1.0,""preserved_n"":100,""preserved_terminated_fraction"":0.71,""preserved_terminated_n"":71,""primary_convention"":""DEC-053 bounded exact decoded-text equality, no normalization or termination requirement"",""query_truncated_n"":29,""reference_truncated_n"":29,""scored_n"":100,""secondary_convention"":""same decoded text and neither side truncated"",""status"":""complete"",""truncated_pair_n"":29,""unavailable_n"":0}"
7197775fb7f97a465fd3310e,counterfact,R1_learned_ff,2,103,1000,near_miss_bounded,"{""evaluated_value"":1.0,""numerator"":100.0,""planned"":100,""scored"":100,""status"":""complete"",""status_counts"":{""ok"":100},""value"":1.0}"
7197775fb7f97a465fd3310e,counterfact,R1_learned_ff,2,103,1000,near_miss_terminated,"{""evaluated_value"":0.71,""numerator"":71.0,""planned"":100,""scored"":100,""status"":""complete"",""status_counts"":{""ok"":100},""value"":0.71}"
7197775fb7f97a465fd3310e,counterfact,R1_learned_ff,2,103,1000,revision_latest,"{""evaluated_value"":0.98,""numerator"":49.0,""planned"":50,""scored"":50,""status"":""complete"",""status_counts"":{""ok"":50},""value"":0.98}"
7197775fb7f97a465fd3310e,counterfact,R1_learned_ff,2,103,1000,revision_semantic,"{""evaluated_value"":0.98,""numerator"":49.0,""planned"":50,""scored"":50,""status"":""complete"",""status_counts"":{""ok"":50},""value"":0.98}"
7197775fb7f97a465fd3310e,counterfact,R1_learned_ff,2,103,1000,old_record_retired,"{""evaluated_value"":1.0,""numerator"":50.0,""planned"":50,""scored"":50,""status"":""complete"",""status_counts"":{""ok"":50},""value"":1.0}"
7197775fb7f97a465fd3310e,counterfact,R1_learned_ff,2,103,1000,new_record_active,"{""evaluated_value"":1.0,""numerator"":50.0,""planned"":50,""scored"":50,""status"":""complete"",""status_counts"":{""ok"":50},""value"":1.0}"
7197775fb7f97a465fd3310e,counterfact,R1_learned_ff,2,103,1000,drift,"{""planned_positions"":16256,""references"":{""capoff"":{""ES95_positive_nats"":0.21725571323140067,""ES99_positive_nats"":1.0862785661570034,""count_above_0_1_nats"":108,""definition"":""fractional empirical top1% mean of positive NLL harm; denominator .01*N"",""exceedances_nats"":{""0.01"":114,""0.1"":108,""1.0"":52},""max_positive_nats"":8.65757394467046,""maximum_position"":""w27:p61"",""mean_positive_nats"":0.010862785661570033,""mean_signed_nats"":0.010681318161709145,""zero_positive_n"":16141},""original"":{""ES95_positive_nats"":0.21725571323140067,""ES99_positive_nats"":1.0862785661570034,""count_above_0_1_nats"":108,""definition"":""fractional empirical top1% mean of positive NLL harm; denominator .01*N"",""exceedances_nats"":{""0.01"":114,""0.1"":108,""1.0"":52},""max_positive_nats"":8.65757394467046,""maximum_position"":""w27:p61"",""mean_positive_nats"":0.010862785661570033,""mean_signed_nats"":0.010681318161709145,""zero_positive_n"":16141}},""scored_positions"":16256,""source_sha256"":""2e67327e54b5fb83e765c2320affcf8cfc4fc30b3996eea06105c850609ee524"",""status"":""complete""}"
6de7e97b6cb167d048dc31ba,counterfact,R1_learned_ff,2,104,100,LS_terminated,"{""evaluated_value"":0.84,""numerator"":42.0,""planned"":50,""scored"":50,""status"":""complete"",""status_counts"":{""ok"":50},""value"":0.84}"
6de7e97b6cb167d048dc31ba,counterfact,R1_learned_ff,2,104,100,locality,"{""expected_n"":50,""preserved_fraction"":0.98,""preserved_n"":49,""preserved_terminated_fraction"":0.84,""preserved_terminated_n"":42,""primary_convention"":""DEC-053 bounded exact decoded-text equality, no normalization or termination requirement"",""query_truncated_n"":7,""reference_truncated_n"":7,""scored_n"":50,""secondary_convention"":""same decoded text and neither side truncated"",""status"":""complete"",""truncated_pair_n"":7,""unavailable_n"":0}"
6de7e97b6cb167d048dc31ba,counterfact,R1_learned_ff,2,104,100,unseen_false_fire,"{""evaluated_value"":0.0,""numerator"":0.0,""planned"":100,""scored"":100,""status"":""complete"",""status_counts"":{""ok"":100},""value"":0.0,""wilson_evaluated"":{""confidence"":0.95,""interpretation"":""descriptive binomial reference; fixed development data/selection and dependent prompts limit population inference"",""lower"":3.469446951953614e-18,""upper"":0.03699349820698568},""wilson_full_inventory"":{""confidence"":0.95,""interpretation"":""descriptive binomial reference; fixed development data/selection and dependent prompts limit population inference"",""lower"":3.469446951953614e-18,""upper"":0.03699349820698568}}"
6de7e97b6cb167d048dc31ba,counterfact,R1_learned_ff,2,104,100,unseen_answer_changed,"{""evaluated_value"":0.0,""numerator"":0.0,""planned"":100,""scored"":100,""status"":""complete"",""status_counts"":{""ok"":100},""value"":0.0}"
6de7e97b6cb167d048dc31ba,counterfact,R1_learned_ff,2,104,300,LS_terminated,"{""evaluated_value"":0.84,""numerator"":42.0,""planned"":50,""scored"":50,""status"":""complete"",""status_counts"":{""ok"":50},""value"":0.84}"
6de7e97b6cb167d048dc31ba,counterfact,R1_learned_ff,2,104,300,locality,"{""expected_n"":50,""preserved_fraction"":0.98,""preserved_n"":49,""preserved_terminated_fraction"":0.84,""preserved_terminated_n"":42,""primary_convention"":""DEC-053 bounded exact decoded-text equality, no normalization or termination requirement"",""query_truncated_n"":7,""reference_truncated_n"":7,""scored_n"":50,""secondary_convention"":""same decoded text and neither side truncated"",""status"":""complete"",""truncated_pair_n"":7,""unavailable_n"":0}"
6de7e97b6cb167d048dc31ba,counterfact,R1_learned_ff,2,104,300,unseen_false_fire,"{""evaluated_value"":0.02,""numerator"":2.0,""planned"":100,""scored"":100,""status"":""complete"",""status_counts"":{""ok"":100},""value"":0.02,""wilson_evaluated"":{""confidence"":0.95,""interpretation"":""descriptive binomial reference; fixed development data/selection and dependent prompts limit population inference"",""lower"":0.00550196755016235,""upper"":0.07001179072854388},""wilson_full_inventory"":{""confidence"":0.95,""interpretation"":""descriptive binomial reference; fixed development data/selection and dependent prompts limit population inference"",""lower"":0.00550196755016235,""upper"":0.07001179072854388}}"
6de7e97b6cb167d048dc31ba,counterfact,R1_learned_ff,2,104,300,unseen_answer_changed,"{""evaluated_value"":0.02,""numerator"":2.0,""planned"":100,""scored"":100,""status"":""complete"",""status_counts"":{""ok"":100},""value"":0.02}"
6de7e97b6cb167d048dc31ba,counterfact,R1_learned_ff,2,104,1000,LS_terminated,"{""evaluated_value"":0.82,""numerator"":41.0,""planned"":50,""scored"":50,""status"":""complete"",""status_counts"":{""ok"":50},""value"":0.82}"
6de7e97b6cb167d048dc31ba,counterfact,R1_learned_ff,2,104,1000,locality,"{""expected_n"":50,""preserved_fraction"":0.96,""preserved_n"":48,""preserved_terminated_fraction"":0.82,""preserved_terminated_n"":41,""primary_convention"":""DEC-053 bounded exact decoded-text equality, no normalization or termination requirement"",""query_truncated_n"":7,""reference_truncated_n"":7,""scored_n"":50,""secondary_convention"":""same decoded text and neither side truncated"",""status"":""complete"",""truncated_pair_n"":7,""unavailable_n"":0}"
6de7e97b6cb167d048dc31ba,counterfact,R1_learned_ff,2,104,1000,unseen_false_fire,"{""evaluated_value"":0.01,""numerator"":1.0,""planned"":100,""scored"":100,""status"":""complete"",""status_counts"":{""ok"":100},""value"":0.01,""wilson_evaluated"":{""confidence"":0.95,""interpretation"":""descriptive binomial reference; fixed development data/selection and dependent prompts limit population inference"",""lower"":0.0017674320641406505,""upper"":0.054486196178705315},""wilson_full_inventory"":{""confidence"":0.95,""interpretation"":""descriptive binomial reference; fixed development data/selection and dependent prompts limit population inference"",""lower"":0.0017674320641406505,""upper"":0.054486196178705315}}"
6de7e97b6cb167d048dc31ba,counterfact,R1_learned_ff,2,104,1000,unseen_answer_changed,"{""evaluated_value"":0.01,""numerator"":1.0,""planned"":100,""scored"":100,""status"":""complete"",""status_counts"":{""ok"":100},""value"":0.01}"
6de7e97b6cb167d048dc31ba,counterfact,R1_learned_ff,2,104,1000,near_miss,"{""expected_n"":100,""preserved_fraction"":1.0,""preserved_n"":100,""preserved_terminated_fraction"":0.71,""preserved_terminated_n"":71,""primary_convention"":""DEC-053 bounded exact decoded-text equality, no normalization or termination requirement"",""query_truncated_n"":29,""reference_truncated_n"":29,""scored_n"":100,""secondary_convention"":""same decoded text and neither side truncated"",""status"":""complete"",""truncated_pair_n"":29,""unavailable_n"":0}"
6de7e97b6cb167d048dc31ba,counterfact,R1_learned_ff,2,104,1000,near_miss_bounded,"{""evaluated_value"":1.0,""numerator"":100.0,""planned"":100,""scored"":100,""status"":""complete"",""status_counts"":{""ok"":100},""value"":1.0}"
6de7e97b6cb167d048dc31ba,counterfact,R1_learned_ff,2,104,1000,near_miss_terminated,"{""evaluated_value"":0.71,""numerator"":71.0,""planned"":100,""scored"":100,""status"":""complete"",""status_counts"":{""ok"":100},""value"":0.71}"
6de7e97b6cb167d048dc31ba,counterfact,R1_learned_ff,2,104,1000,revision_latest,"{""evaluated_value"":0.98,""numerator"":49.0,""planned"":50,""scored"":50,""status"":""complete"",""status_counts"":{""ok"":50},""value"":0.98}"
6de7e97b6cb167d048dc31ba,counterfact,R1_learned_ff,2,104,1000,revision_semantic,"{""evaluated_value"":0.98,""numerator"":49.0,""planned"":50,""scored"":50,""status"":""complete"",""status_counts"":{""ok"":50},""value"":0.98}"
6de7e97b6cb167d048dc31ba,counterfact,R1_learned_ff,2,104,1000,old_record_retired,"{""evaluated_value"":1.0,""numerator"":50.0,""planned"":50,""scored"":50,""status"":""complete"",""status_counts"":{""ok"":50},""value"":1.0}"
6de7e97b6cb167d048dc31ba,counterfact,R1_learned_ff,2,104,1000,new_record_active,"{""evaluated_value"":1.0,""numerator"":50.0,""planned"":50,""scored"":50,""status"":""complete"",""status_counts"":{""ok"":50},""value"":1.0}"
6de7e97b6cb167d048dc31ba,counterfact,R1_learned_ff,2,104,1000,drift,"{""planned_positions"":16256,""references"":{""capoff"":{""ES95_positive_nats"":0.21725571323140067,""ES99_positive_nats"":1.0862785661570034,""count_above_0_1_nats"":108,""definition"":""fractional empirical top1% mean of positive NLL harm; denominator .01*N"",""exceedances_nats"":{""0.01"":114,""0.1"":108,""1.0"":52},""max_positive_nats"":8.65757394467046,""maximum_position"":""w27:p61"",""mean_positive_nats"":0.010862785661570033,""mean_signed_nats"":0.010681318161709145,""zero_positive_n"":16141},""original"":{""ES95_positive_nats"":0.21725571323140067,""ES99_positive_nats"":1.0862785661570034,""count_above_0_1_nats"":108,""definition"":""fractional empirical top1% mean of positive NLL harm; denominator .01*N"",""exceedances_nats"":{""0.01"":114,""0.1"":108,""1.0"":52},""max_positive_nats"":8.65757394467046,""maximum_position"":""w27:p61"",""mean_positive_nats"":0.010862785661570033,""mean_signed_nats"":0.010681318161709145,""zero_positive_n"":16141}},""scored_positions"":16256,""source_sha256"":""2e67327e54b5fb83e765c2320affcf8cfc4fc30b3996eea06105c850609ee524"",""status"":""complete""}"
fcd702d12d5d6bfae824379b,mquake,R1_learned_ff,2,100,100,LS_terminated,"{""evaluated_value"":0.44,""numerator"":22.0,""planned"":50,""scored"":50,""status"":""complete"",""status_counts"":{""ok"":50},""value"":0.44}"
fcd702d12d5d6bfae824379b,mquake,R1_learned_ff,2,100,100,locality,"{""expected_n"":50,""preserved_fraction"":1.0,""preserved_n"":50,""preserved_terminated_fraction"":0.44,""preserved_terminated_n"":22,""primary_convention"":""DEC-053 bounded exact decoded-text equality, no normalization or termination requirement"",""query_truncated_n"":28,""reference_truncated_n"":28,""scored_n"":50,""secondary_convention"":""same decoded text and neither side truncated"",""status"":""complete"",""truncated_pair_n"":28,""unavailable_n"":0}"
fcd702d12d5d6bfae824379b,mquake,R1_learned_ff,2,100,100,unseen_false_fire,"{""evaluated_value"":0.0,""numerator"":0.0,""planned"":100,""scored"":100,""status"":""complete"",""status_counts"":{""ok"":100},""value"":0.0,""wilson_evaluated"":{""confidence"":0.95,""interpretation"":""descriptive binomial reference; fixed development data/selection and dependent prompts limit population inference"",""lower"":3.469446951953614e-18,""upper"":0.03699349820698568},""wilson_full_inventory"":{""confidence"":0.95,""interpretation"":""descriptive binomial reference; fixed development data/selection and dependent prompts limit population inference"",""lower"":3.469446951953614e-18,""upper"":0.03699349820698568}}"
fcd702d12d5d6bfae824379b,mquake,R1_learned_ff,2,100,100,unseen_answer_changed,"{""evaluated_value"":0.0,""numerator"":0.0,""planned"":100,""scored"":100,""status"":""complete"",""status_counts"":{""ok"":100},""value"":0.0}"
fcd702d12d5d6bfae824379b,mquake,R1_learned_ff,2,100,300,LS_terminated,"{""evaluated_value"":0.44,""numerator"":22.0,""planned"":50,""scored"":50,""status"":""complete"",""status_counts"":{""ok"":50},""value"":0.44}"
fcd702d12d5d6bfae824379b,mquake,R1_learned_ff,2,100,300,locality,"{""expected_n"":50,""preserved_fraction"":1.0,""preserved_n"":50,""preserved_terminated_fraction"":0.44,""preserved_terminated_n"":22,""primary_convention"":""DEC-053 bounded exact decoded-text equality, no normalization or termination requirement"",""query_truncated_n"":28,""reference_truncated_n"":28,""scored_n"":50,""secondary_convention"":""same decoded text and neither side truncated"",""status"":""complete"",""truncated_pair_n"":28,""unavailable_n"":0}"
fcd702d12d5d6bfae824379b,mquake,R1_learned_ff,2,100,300,unseen_false_fire,"{""evaluated_value"":0.0,""numerator"":0.0,""planned"":100,""scored"":100,""status"":""complete"",""status_counts"":{""ok"":100},""value"":0.0,""wilson_evaluated"":{""confidence"":0.95,""interpretation"":""descriptive binomial reference; fixed development data/selection and dependent prompts limit population inference"",""lower"":3.469446951953614e-18,""upper"":0.03699349820698568},""wilson_full_inventory"":{""confidence"":0.95,""interpretation"":""descriptive binomial reference; fixed development data/selection and dependent prompts limit population inference"",""lower"":3.469446951953614e-18,""upper"":0.03699349820698568}}"
fcd702d12d5d6bfae824379b,mquake,R1_learned_ff,2,100,300,unseen_answer_changed,"{""evaluated_value"":0.0,""numerator"":0.0,""planned"":100,""scored"":100,""status"":""complete"",""status_counts"":{""ok"":100},""value"":0.0}"
fcd702d12d5d6bfae824379b,mquake,R1_learned_ff,2,100,300,near_miss,"{""expected_n"":100,""preserved_fraction"":1.0,""preserved_n"":100,""preserved_terminated_fraction"":0.52,""preserved_terminated_n"":52,""primary_convention"":""DEC-053 bounded exact decoded-text equality, no normalization or termination requirement"",""query_truncated_n"":48,""reference_truncated_n"":48,""scored_n"":100,""secondary_convention"":""same decoded text and neither side truncated"",""status"":""complete"",""truncated_pair_n"":48,""unavailable_n"":0}"
fcd702d12d5d6bfae824379b,mquake,R1_learned_ff,2,100,300,near_miss_bounded,"{""evaluated_value"":1.0,""numerator"":100.0,""planned"":100,""scored"":100,""status"":""complete"",""status_counts"":{""ok"":100},""value"":1.0}"
fcd702d12d5d6bfae824379b,mquake,R1_learned_ff,2,100,300,near_miss_terminated,"{""evaluated_value"":0.52,""numerator"":52.0,""planned"":100,""scored"":100,""status"":""complete"",""status_counts"":{""ok"":100},""value"":0.52}"
fcd702d12d5d6bfae824379b,mquake,R1_learned_ff,2,100,300,revision_latest,"{""evaluated_value"":1.0,""numerator"":50.0,""planned"":50,""scored"":50,""status"":""complete"",""status_counts"":{""ok"":50},""value"":1.0}"
fcd702d12d5d6bfae824379b,mquake,R1_learned_ff,2,100,300,revision_semantic,"{""evaluated_value"":1.0,""numerator"":50.0,""planned"":50,""scored"":50,""status"":""complete"",""status_counts"":{""ok"":50},""value"":1.0}"
fcd702d12d5d6bfae824379b,mquake,R1_learned_ff,2,100,300,old_record_retired,"{""evaluated_value"":1.0,""numerator"":50.0,""planned"":50,""scored"":50,""status"":""complete"",""status_counts"":{""ok"":50},""value"":1.0}"
fcd702d12d5d6bfae824379b,mquake,R1_learned_ff,2,100,300,new_record_active,"{""evaluated_value"":1.0,""numerator"":50.0,""planned"":50,""scored"":50,""status"":""complete"",""status_counts"":{""ok"":50},""value"":1.0}"
fcd702d12d5d6bfae824379b,mquake,R1_learned_ff,2,100,300,drift,"{""planned_positions"":16256,""references"":{""capoff"":{""ES95_positive_nats"":0.1655308980973033,""ES99_positive_nats"":0.8276544904865165,""count_above_0_1_nats"":64,""definition"":""fractional empirical top1% mean of positive NLL harm; denominator .01*N"",""exceedances_nats"":{""0.01"":67,""0.1"":64,""1.0"":40},""max_positive_nats"":6.547143399346268,""maximum_position"":""w17:p41"",""mean_positive_nats"":0.008276544904865166,""mean_signed_nats"":0.008169610898874007,""zero_positive_n"":16188},""original"":{""ES95_positive_nats"":0.1655308980973033,""ES99_positive_nats"":0.8276544904865165,""count_above_0_1_nats"":64,""definition"":""fractional empirical top1% mean of positive NLL harm; denominator .01*N"",""exceedances_nats"":{""0.01"":67,""0.1"":64,""1.0"":40},""max_positive_nats"":6.547143399346268,""maximum_position"":""w17:p41"",""mean_positive_nats"":0.008276544904865166,""mean_signed_nats"":0.008169610898874007,""zero_positive_n"":16188}},""scored_positions"":16256,""source_sha256"":""2e67327e54b5fb83e765c2320affcf8cfc4fc30b3996eea06105c850609ee524"",""status"":""complete""}"
9a1d038b95f534b43185c7fc,mquake,R1_learned_ff,2,101,100,LS_terminated,"{""evaluated_value"":0.44,""numerator"":22.0,""planned"":50,""scored"":50,""status"":""complete"",""status_counts"":{""ok"":50},""value"":0.44}"
9a1d038b95f534b43185c7fc,mquake,R1_learned_ff,2,101,100,locality,"{""expected_n"":50,""preserved_fraction"":1.0,""preserved_n"":50,""preserved_terminated_fraction"":0.44,""preserved_terminated_n"":22,""primary_convention"":""DEC-053 bounded exact decoded-text equality, no normalization or termination requirement"",""query_truncated_n"":28,""reference_truncated_n"":28,""scored_n"":50,""secondary_convention"":""same decoded text and neither side truncated"",""status"":""complete"",""truncated_pair_n"":28,""unavailable_n"":0}"
9a1d038b95f534b43185c7fc,mquake,R1_learned_ff,2,101,100,unseen_false_fire,"{""evaluated_value"":0.0,""numerator"":0.0,""planned"":100,""scored"":100,""status"":""complete"",""status_counts"":{""ok"":100},""value"":0.0,""wilson_evaluated"":{""confidence"":0.95,""interpretation"":""descriptive binomial reference; fixed development data/selection and dependent prompts limit population inference"",""lower"":3.469446951953614e-18,""upper"":0.03699349820698568},""wilson_full_inventory"":{""confidence"":0.95,""interpretation"":""descriptive binomial reference; fixed development data/selection and dependent prompts limit population inference"",""lower"":3.469446951953614e-18,""upper"":0.03699349820698568}}"
9a1d038b95f534b43185c7fc,mquake,R1_learned_ff,2,101,100,unseen_answer_changed,"{""evaluated_value"":0.0,""numerator"":0.0,""planned"":100,""scored"":100,""status"":""complete"",""status_counts"":{""ok"":100},""value"":0.0}"
9a1d038b95f534b43185c7fc,mquake,R1_learned_ff,2,101,300,LS_terminated,"{""evaluated_value"":0.44,""numerator"":22.0,""planned"":50,""scored"":50,""status"":""complete"",""status_counts"":{""ok"":50},""value"":0.44}"
9a1d038b95f534b43185c7fc,mquake,R1_learned_ff,2,101,300,locality,"{""expected_n"":50,""preserved_fraction"":1.0,""preserved_n"":50,""preserved_terminated_fraction"":0.44,""preserved_terminated_n"":22,""primary_convention"":""DEC-053 bounded exact decoded-text equality, no normalization or termination requirement"",""query_truncated_n"":28,""reference_truncated_n"":28,""scored_n"":50,""secondary_convention"":""same decoded text and neither side truncated"",""status"":""complete"",""truncated_pair_n"":28,""unavailable_n"":0}"
9a1d038b95f534b43185c7fc,mquake,R1_learned_ff,2,101,300,unseen_false_fire,"{""evaluated_value"":0.0,""numerator"":0.0,""planned"":100,""scored"":100,""status"":""complete"",""status_counts"":{""ok"":100},""value"":0.0,""wilson_evaluated"":{""confidence"":0.95,""interpretation"":""descriptive binomial reference; fixed development data/selection and dependent prompts limit population inference"",""lower"":3.469446951953614e-18,""upper"":0.03699349820698568},""wilson_full_inventory"":{""confidence"":0.95,""interpretation"":""descriptive binomial reference; fixed development data/selection and dependent prompts limit population inference"",""lower"":3.469446951953614e-18,""upper"":0.03699349820698568}}"
9a1d038b95f534b43185c7fc,mquake,R1_learned_ff,2,101,300,unseen_answer_changed,"{""evaluated_value"":0.0,""numerator"":0.0,""planned"":100,""scored"":100,""status"":""complete"",""status_counts"":{""ok"":100},""value"":0.0}"
9a1d038b95f534b43185c7fc,mquake,R1_learned_ff,2,101,300,near_miss,"{""expected_n"":100,""preserved_fraction"":1.0,""preserved_n"":100,""preserved_terminated_fraction"":0.52,""preserved_terminated_n"":52,""primary_convention"":""DEC-053 bounded exact decoded-text equality, no normalization or termination requirement"",""query_truncated_n"":48,""reference_truncated_n"":48,""scored_n"":100,""secondary_convention"":""same decoded text and neither side truncated"",""status"":""complete"",""truncated_pair_n"":48,""unavailable_n"":0}"
9a1d038b95f534b43185c7fc,mquake,R1_learned_ff,2,101,300,near_miss_bounded,"{""evaluated_value"":1.0,""numerator"":100.0,""planned"":100,""scored"":100,""status"":""complete"",""status_counts"":{""ok"":100},""value"":1.0}"
9a1d038b95f534b43185c7fc,mquake,R1_learned_ff,2,101,300,near_miss_terminated,"{""evaluated_value"":0.52,""numerator"":52.0,""planned"":100,""scored"":100,""status"":""complete"",""status_counts"":{""ok"":100},""value"":0.52}"
9a1d038b95f534b43185c7fc,mquake,R1_learned_ff,2,101,300,revision_latest,"{""evaluated_value"":1.0,""numerator"":50.0,""planned"":50,""scored"":50,""status"":""complete"",""status_counts"":{""ok"":50},""value"":1.0}"
9a1d038b95f534b43185c7fc,mquake,R1_learned_ff,2,101,300,revision_semantic,"{""evaluated_value"":1.0,""numerator"":50.0,""planned"":50,""scored"":50,""status"":""complete"",""status_counts"":{""ok"":50},""value"":1.0}"
9a1d038b95f534b43185c7fc,mquake,R1_learned_ff,2,101,300,old_record_retired,"{""evaluated_value"":1.0,""numerator"":50.0,""planned"":50,""scored"":50,""status"":""complete"",""status_counts"":{""ok"":50},""value"":1.0}"
9a1d038b95f534b43185c7fc,mquake,R1_learned_ff,2,101,300,new_record_active,"{""evaluated_value"":1.0,""numerator"":50.0,""planned"":50,""scored"":50,""status"":""complete"",""status_counts"":{""ok"":50},""value"":1.0}"
9a1d038b95f534b43185c7fc,mquake,R1_learned_ff,2,101,300,drift,"{""planned_positions"":16256,""references"":{""capoff"":{""ES95_positive_nats"":0.1655308980973033,""ES99_positive_nats"":0.8276544904865165,""count_above_0_1_nats"":64,""definition"":""fractional empirical top1% mean of positive NLL harm; denominator .01*N"",""exceedances_nats"":{""0.01"":67,""0.1"":64,""1.0"":40},""max_positive_nats"":6.547143399346268,""maximum_position"":""w17:p41"",""mean_positive_nats"":0.008276544904865166,""mean_signed_nats"":0.008169610898874007,""zero_positive_n"":16188},""original"":{""ES95_positive_nats"":0.1655308980973033,""ES99_positive_nats"":0.8276544904865165,""count_above_0_1_nats"":64,""definition"":""fractional empirical top1% mean of positive NLL harm; denominator .01*N"",""exceedances_nats"":{""0.01"":67,""0.1"":64,""1.0"":40},""max_positive_nats"":6.547143399346268,""maximum_position"":""w17:p41"",""mean_positive_nats"":0.008276544904865166,""mean_signed_nats"":0.008169610898874007,""zero_positive_n"":16188}},""scored_positions"":16256,""source_sha256"":""2e67327e54b5fb83e765c2320affcf8cfc4fc30b3996eea06105c850609ee524"",""status"":""complete""}"
dfc9c9b480e482911c457e07,mquake,R1_learned_ff,2,102,100,LS_terminated,"{""evaluated_value"":0.44,""numerator"":22.0,""planned"":50,""scored"":50,""status"":""complete"",""status_counts"":{""ok"":50},""value"":0.44}"
dfc9c9b480e482911c457e07,mquake,R1_learned_ff,2,102,100,locality,"{""expected_n"":50,""preserved_fraction"":1.0,""preserved_n"":50,""preserved_terminated_fraction"":0.44,""preserved_terminated_n"":22,""primary_convention"":""DEC-053 bounded exact decoded-text equality, no normalization or termination requirement"",""query_truncated_n"":28,""reference_truncated_n"":28,""scored_n"":50,""secondary_convention"":""same decoded text and neither side truncated"",""status"":""complete"",""truncated_pair_n"":28,""unavailable_n"":0}"
dfc9c9b480e482911c457e07,mquake,R1_learned_ff,2,102,100,unseen_false_fire,"{""evaluated_value"":0.0,""numerator"":0.0,""planned"":100,""scored"":100,""status"":""complete"",""status_counts"":{""ok"":100},""value"":0.0,""wilson_evaluated"":{""confidence"":0.95,""interpretation"":""descriptive binomial reference; fixed development data/selection and dependent prompts limit population inference"",""lower"":3.469446951953614e-18,""upper"":0.03699349820698568},""wilson_full_inventory"":{""confidence"":0.95,""interpretation"":""descriptive binomial reference; fixed development data/selection and dependent prompts limit population inference"",""lower"":3.469446951953614e-18,""upper"":0.03699349820698568}}"
dfc9c9b480e482911c457e07,mquake,R1_learned_ff,2,102,100,unseen_answer_changed,"{""evaluated_value"":0.0,""numerator"":0.0,""planned"":100,""scored"":100,""status"":""complete"",""status_counts"":{""ok"":100},""value"":0.0}"
dfc9c9b480e482911c457e07,mquake,R1_learned_ff,2,102,300,LS_terminated,"{""evaluated_value"":0.44,""numerator"":22.0,""planned"":50,""scored"":50,""status"":""complete"",""status_counts"":{""ok"":50},""value"":0.44}"
dfc9c9b480e482911c457e07,mquake,R1_learned_ff,2,102,300,locality,"{""expected_n"":50,""preserved_fraction"":1.0,""preserved_n"":50,""preserved_terminated_fraction"":0.44,""preserved_terminated_n"":22,""primary_convention"":""DEC-053 bounded exact decoded-text equality, no normalization or termination requirement"",""query_truncated_n"":28,""reference_truncated_n"":28,""scored_n"":50,""secondary_convention"":""same decoded text and neither side truncated"",""status"":""complete"",""truncated_pair_n"":28,""unavailable_n"":0}"
dfc9c9b480e482911c457e07,mquake,R1_learned_ff,2,102,300,unseen_false_fire,"{""evaluated_value"":0.0,""numerator"":0.0,""planned"":100,""scored"":100,""status"":""complete"",""status_counts"":{""ok"":100},""value"":0.0,""wilson_evaluated"":{""confidence"":0.95,""interpretation"":""descriptive binomial reference; fixed development data/selection and dependent prompts limit population inference"",""lower"":3.469446951953614e-18,""upper"":0.03699349820698568},""wilson_full_inventory"":{""confidence"":0.95,""interpretation"":""descriptive binomial reference; fixed development data/selection and dependent prompts limit population inference"",""lower"":3.469446951953614e-18,""upper"":0.03699349820698568}}"
dfc9c9b480e482911c457e07,mquake,R1_learned_ff,2,102,300,unseen_answer_changed,"{""evaluated_value"":0.0,""numerator"":0.0,""planned"":100,""scored"":100,""status"":""complete"",""status_counts"":{""ok"":100},""value"":0.0}"
dfc9c9b480e482911c457e07,mquake,R1_learned_ff,2,102,300,near_miss,"{""expected_n"":100,""preserved_fraction"":1.0,""preserved_n"":100,""preserved_terminated_fraction"":0.52,""preserved_terminated_n"":52,""primary_convention"":""DEC-053 bounded exact decoded-text equality, no normalization or termination requirement"",""query_truncated_n"":48,""reference_truncated_n"":48,""scored_n"":100,""secondary_convention"":""same decoded text and neither side truncated"",""status"":""complete"",""truncated_pair_n"":48,""unavailable_n"":0}"
dfc9c9b480e482911c457e07,mquake,R1_learned_ff,2,102,300,near_miss_bounded,"{""evaluated_value"":1.0,""numerator"":100.0,""planned"":100,""scored"":100,""status"":""complete"",""status_counts"":{""ok"":100},""value"":1.0}"
dfc9c9b480e482911c457e07,mquake,R1_learned_ff,2,102,300,near_miss_terminated,"{""evaluated_value"":0.52,""numerator"":52.0,""planned"":100,""scored"":100,""status"":""complete"",""status_counts"":{""ok"":100},""value"":0.52}"
dfc9c9b480e482911c457e07,mquake,R1_learned_ff,2,102,300,revision_latest,"{""evaluated_value"":1.0,""numerator"":50.0,""planned"":50,""scored"":50,""status"":""complete"",""status_counts"":{""ok"":50},""value"":1.0}"
dfc9c9b480e482911c457e07,mquake,R1_learned_ff,2,102,300,revision_semantic,"{""evaluated_value"":1.0,""numerator"":50.0,""planned"":50,""scored"":50,""status"":""complete"",""status_counts"":{""ok"":50},""value"":1.0}"
dfc9c9b480e482911c457e07,mquake,R1_learned_ff,2,102,300,old_record_retired,"{""evaluated_value"":1.0,""numerator"":50.0,""planned"":50,""scored"":50,""status"":""complete"",""status_counts"":{""ok"":50},""value"":1.0}"
dfc9c9b480e482911c457e07,mquake,R1_learned_ff,2,102,300,new_record_active,"{""evaluated_value"":1.0,""numerator"":50.0,""planned"":50,""scored"":50,""status"":""complete"",""status_counts"":{""ok"":50},""value"":1.0}"
dfc9c9b480e482911c457e07,mquake,R1_learned_ff,2,102,300,drift,"{""planned_positions"":16256,""references"":{""capoff"":{""ES95_positive_nats"":0.1655308980973033,""ES99_positive_nats"":0.8276544904865165,""count_above_0_1_nats"":64,""definition"":""fractional empirical top1% mean of positive NLL harm; denominator .01*N"",""exceedances_nats"":{""0.01"":67,""0.1"":64,""1.0"":40},""max_positive_nats"":6.547143399346268,""maximum_position"":""w17:p41"",""mean_positive_nats"":0.008276544904865166,""mean_signed_nats"":0.008169610898874007,""zero_positive_n"":16188},""original"":{""ES95_positive_nats"":0.1655308980973033,""ES99_positive_nats"":0.8276544904865165,""count_above_0_1_nats"":64,""definition"":""fractional empirical top1% mean of positive NLL harm; denominator .01*N"",""exceedances_nats"":{""0.01"":67,""0.1"":64,""1.0"":40},""max_positive_nats"":6.547143399346268,""maximum_position"":""w17:p41"",""mean_positive_nats"":0.008276544904865166,""mean_signed_nats"":0.008169610898874007,""zero_positive_n"":16188}},""scored_positions"":16256,""source_sha256"":""2e67327e54b5fb83e765c2320affcf8cfc4fc30b3996eea06105c850609ee524"",""status"":""complete""}"
34fce88c919bcae6410e4d94,mquake,R1_learned_ff,2,103,100,LS_terminated,"{""evaluated_value"":0.44,""numerator"":22.0,""planned"":50,""scored"":50,""status"":""complete"",""status_counts"":{""ok"":50},""value"":0.44}"
34fce88c919bcae6410e4d94,mquake,R1_learned_ff,2,103,100,locality,"{""expected_n"":50,""preserved_fraction"":1.0,""preserved_n"":50,""preserved_terminated_fraction"":0.44,""preserved_terminated_n"":22,""primary_convention"":""DEC-053 bounded exact decoded-text equality, no normalization or termination requirement"",""query_truncated_n"":28,""reference_truncated_n"":28,""scored_n"":50,""secondary_convention"":""same decoded text and neither side truncated"",""status"":""complete"",""truncated_pair_n"":28,""unavailable_n"":0}"
34fce88c919bcae6410e4d94,mquake,R1_learned_ff,2,103,100,unseen_false_fire,"{""evaluated_value"":0.0,""numerator"":0.0,""planned"":100,""scored"":100,""status"":""complete"",""status_counts"":{""ok"":100},""value"":0.0,""wilson_evaluated"":{""confidence"":0.95,""interpretation"":""descriptive binomial reference; fixed development data/selection and dependent prompts limit population inference"",""lower"":3.469446951953614e-18,""upper"":0.03699349820698568},""wilson_full_inventory"":{""confidence"":0.95,""interpretation"":""descriptive binomial reference; fixed development data/selection and dependent prompts limit population inference"",""lower"":3.469446951953614e-18,""upper"":0.03699349820698568}}"
34fce88c919bcae6410e4d94,mquake,R1_learned_ff,2,103,100,unseen_answer_changed,"{""evaluated_value"":0.0,""numerator"":0.0,""planned"":100,""scored"":100,""status"":""complete"",""status_counts"":{""ok"":100},""value"":0.0}"
34fce88c919bcae6410e4d94,mquake,R1_learned_ff,2,103,300,LS_terminated,"{""evaluated_value"":0.44,""numerator"":22.0,""planned"":50,""scored"":50,""status"":""complete"",""status_counts"":{""ok"":50},""value"":0.44}"
34fce88c919bcae6410e4d94,mquake,R1_learned_ff,2,103,300,locality,"{""expected_n"":50,""preserved_fraction"":1.0,""preserved_n"":50,""preserved_terminated_fraction"":0.44,""preserved_terminated_n"":22,""primary_convention"":""DEC-053 bounded exact decoded-text equality, no normalization or termination requirement"",""query_truncated_n"":28,""reference_truncated_n"":28,""scored_n"":50,""secondary_convention"":""same decoded text and neither side truncated"",""status"":""complete"",""truncated_pair_n"":28,""unavailable_n"":0}"
34fce88c919bcae6410e4d94,mquake,R1_learned_ff,2,103,300,unseen_false_fire,"{""evaluated_value"":0.0,""numerator"":0.0,""planned"":100,""scored"":100,""status"":""complete"",""status_counts"":{""ok"":100},""value"":0.0,""wilson_evaluated"":{""confidence"":0.95,""interpretation"":""descriptive binomial reference; fixed development data/selection and dependent prompts limit population inference"",""lower"":3.469446951953614e-18,""upper"":0.03699349820698568},""wilson_full_inventory"":{""confidence"":0.95,""interpretation"":""descriptive binomial reference; fixed development data/selection and dependent prompts limit population inference"",""lower"":3.469446951953614e-18,""upper"":0.03699349820698568}}"
34fce88c919bcae6410e4d94,mquake,R1_learned_ff,2,103,300,unseen_answer_changed,"{""evaluated_value"":0.0,""numerator"":0.0,""planned"":100,""scored"":100,""status"":""complete"",""status_counts"":{""ok"":100},""value"":0.0}"
34fce88c919bcae6410e4d94,mquake,R1_learned_ff,2,103,300,near_miss,"{""expected_n"":100,""preserved_fraction"":1.0,""preserved_n"":100,""preserved_terminated_fraction"":0.52,""preserved_terminated_n"":52,""primary_convention"":""DEC-053 bounded exact decoded-text equality, no normalization or termination requirement"",""query_truncated_n"":48,""reference_truncated_n"":48,""scored_n"":100,""secondary_convention"":""same decoded text and neither side truncated"",""status"":""complete"",""truncated_pair_n"":48,""unavailable_n"":0}"
34fce88c919bcae6410e4d94,mquake,R1_learned_ff,2,103,300,near_miss_bounded,"{""evaluated_value"":1.0,""numerator"":100.0,""planned"":100,""scored"":100,""status"":""complete"",""status_counts"":{""ok"":100},""value"":1.0}"
34fce88c919bcae6410e4d94,mquake,R1_learned_ff,2,103,300,near_miss_terminated,"{""evaluated_value"":0.52,""numerator"":52.0,""planned"":100,""scored"":100,""status"":""complete"",""status_counts"":{""ok"":100},""value"":0.52}"
34fce88c919bcae6410e4d94,mquake,R1_learned_ff,2,103,300,revision_latest,"{""evaluated_value"":1.0,""numerator"":50.0,""planned"":50,""scored"":50,""status"":""complete"",""status_counts"":{""ok"":50},""value"":1.0}"
34fce88c919bcae6410e4d94,mquake,R1_learned_ff,2,103,300,revision_semantic,"{""evaluated_value"":1.0,""numerator"":50.0,""planned"":50,""scored"":50,""status"":""complete"",""status_counts"":{""ok"":50},""value"":1.0}"
34fce88c919bcae6410e4d94,mquake,R1_learned_ff,2,103,300,old_record_retired,"{""evaluated_value"":1.0,""numerator"":50.0,""planned"":50,""scored"":50,""status"":""complete"",""status_counts"":{""ok"":50},""value"":1.0}"
34fce88c919bcae6410e4d94,mquake,R1_learned_ff,2,103,300,new_record_active,"{""evaluated_value"":1.0,""numerator"":50.0,""planned"":50,""scored"":50,""status"":""complete"",""status_counts"":{""ok"":50},""value"":1.0}"
34fce88c919bcae6410e4d94,mquake,R1_learned_ff,2,103,300,drift,"{""planned_positions"":16256,""references"":{""capoff"":{""ES95_positive_nats"":0.1655308980973033,""ES99_positive_nats"":0.8276544904865165,""count_above_0_1_nats"":64,""definition"":""fractional empirical top1% mean of positive NLL harm; denominator .01*N"",""exceedances_nats"":{""0.01"":67,""0.1"":64,""1.0"":40},""max_positive_nats"":6.547143399346268,""maximum_position"":""w17:p41"",""mean_positive_nats"":0.008276544904865166,""mean_signed_nats"":0.008169610898874007,""zero_positive_n"":16188},""original"":{""ES95_positive_nats"":0.1655308980973033,""ES99_positive_nats"":0.8276544904865165,""count_above_0_1_nats"":64,""definition"":""fractional empirical top1% mean of positive NLL harm; denominator .01*N"",""exceedances_nats"":{""0.01"":67,""0.1"":64,""1.0"":40},""max_positive_nats"":6.547143399346268,""maximum_position"":""w17:p41"",""mean_positive_nats"":0.008276544904865166,""mean_signed_nats"":0.008169610898874007,""zero_positive_n"":16188}},""scored_positions"":16256,""source_sha256"":""2e67327e54b5fb83e765c2320affcf8cfc4fc30b3996eea06105c850609ee524"",""status"":""complete""}"
7a39ae192fb0b1038c651f64,mquake,R1_learned_ff,2,104,100,LS_terminated,"{""evaluated_value"":0.44,""numerator"":22.0,""planned"":50,""scored"":50,""status"":""complete"",""status_counts"":{""ok"":50},""value"":0.44}"
7a39ae192fb0b1038c651f64,mquake,R1_learned_ff,2,104,100,locality,"{""expected_n"":50,""preserved_fraction"":1.0,""preserved_n"":50,""preserved_terminated_fraction"":0.44,""preserved_terminated_n"":22,""primary_convention"":""DEC-053 bounded exact decoded-text equality, no normalization or termination requirement"",""query_truncated_n"":28,""reference_truncated_n"":28,""scored_n"":50,""secondary_convention"":""same decoded text and neither side truncated"",""status"":""complete"",""truncated_pair_n"":28,""unavailable_n"":0}"
7a39ae192fb0b1038c651f64,mquake,R1_learned_ff,2,104,100,unseen_false_fire,"{""evaluated_value"":0.0,""numerator"":0.0,""planned"":100,""scored"":100,""status"":""complete"",""status_counts"":{""ok"":100},""value"":0.0,""wilson_evaluated"":{""confidence"":0.95,""interpretation"":""descriptive binomial reference; fixed development data/selection and dependent prompts limit population inference"",""lower"":3.469446951953614e-18,""upper"":0.03699349820698568},""wilson_full_inventory"":{""confidence"":0.95,""interpretation"":""descriptive binomial reference; fixed development data/selection and dependent prompts limit population inference"",""lower"":3.469446951953614e-18,""upper"":0.03699349820698568}}"
7a39ae192fb0b1038c651f64,mquake,R1_learned_ff,2,104,100,unseen_answer_changed,"{""evaluated_value"":0.0,""numerator"":0.0,""planned"":100,""scored"":100,""status"":""complete"",""status_counts"":{""ok"":100},""value"":0.0}"
7a39ae192fb0b1038c651f64,mquake,R1_learned_ff,2,104,300,LS_terminated,"{""evaluated_value"":0.44,""numerator"":22.0,""planned"":50,""scored"":50,""status"":""complete"",""status_counts"":{""ok"":50},""value"":0.44}"
7a39ae192fb0b1038c651f64,mquake,R1_learned_ff,2,104,300,locality,"{""expected_n"":50,""preserved_fraction"":1.0,""preserved_n"":50,""preserved_terminated_fraction"":0.44,""preserved_terminated_n"":22,""primary_convention"":""DEC-053 bounded exact decoded-text equality, no normalization or termination requirement"",""query_truncated_n"":28,""reference_truncated_n"":28,""scored_n"":50,""secondary_convention"":""same decoded text and neither side truncated"",""status"":""complete"",""truncated_pair_n"":28,""unavailable_n"":0}"
7a39ae192fb0b1038c651f64,mquake,R1_learned_ff,2,104,300,unseen_false_fire,"{""evaluated_value"":0.0,""numerator"":0.0,""planned"":100,""scored"":100,""status"":""complete"",""status_counts"":{""ok"":100},""value"":0.0,""wilson_evaluated"":{""confidence"":0.95,""interpretation"":""descriptive binomial reference; fixed development data/selection and dependent prompts limit population inference"",""lower"":3.469446951953614e-18,""upper"":0.03699349820698568},""wilson_full_inventory"":{""confidence"":0.95,""interpretation"":""descriptive binomial reference; fixed development data/selection and dependent prompts limit population inference"",""lower"":3.469446951953614e-18,""upper"":0.03699349820698568}}"
7a39ae192fb0b1038c651f64,mquake,R1_learned_ff,2,104,300,unseen_answer_changed,"{""evaluated_value"":0.0,""numerator"":0.0,""planned"":100,""scored"":100,""status"":""complete"",""status_counts"":{""ok"":100},""value"":0.0}"
7a39ae192fb0b1038c651f64,mquake,R1_learned_ff,2,104,300,near_miss,"{""expected_n"":100,""preserved_fraction"":1.0,""preserved_n"":100,""preserved_terminated_fraction"":0.52,""preserved_terminated_n"":52,""primary_convention"":""DEC-053 bounded exact decoded-text equality, no normalization or termination requirement"",""query_truncated_n"":48,""reference_truncated_n"":48,""scored_n"":100,""secondary_convention"":""same decoded text and neither side truncated"",""status"":""complete"",""truncated_pair_n"":48,""unavailable_n"":0}"
7a39ae192fb0b1038c651f64,mquake,R1_learned_ff,2,104,300,near_miss_bounded,"{""evaluated_value"":1.0,""numerator"":100.0,""planned"":100,""scored"":100,""status"":""complete"",""status_counts"":{""ok"":100},""value"":1.0}"
7a39ae192fb0b1038c651f64,mquake,R1_learned_ff,2,104,300,near_miss_terminated,"{""evaluated_value"":0.52,""numerator"":52.0,""planned"":100,""scored"":100,""status"":""complete"",""status_counts"":{""ok"":100},""value"":0.52}"
7a39ae192fb0b1038c651f64,mquake,R1_learned_ff,2,104,300,revision_latest,"{""evaluated_value"":1.0,""numerator"":50.0,""planned"":50,""scored"":50,""status"":""complete"",""status_counts"":{""ok"":50},""value"":1.0}"
7a39ae192fb0b1038c651f64,mquake,R1_learned_ff,2,104,300,revision_semantic,"{""evaluated_value"":1.0,""numerator"":50.0,""planned"":50,""scored"":50,""status"":""complete"",""status_counts"":{""ok"":50},""value"":1.0}"
7a39ae192fb0b1038c651f64,mquake,R1_learned_ff,2,104,300,old_record_retired,"{""evaluated_value"":1.0,""numerator"":50.0,""planned"":50,""scored"":50,""status"":""complete"",""status_counts"":{""ok"":50},""value"":1.0}"
7a39ae192fb0b1038c651f64,mquake,R1_learned_ff,2,104,300,new_record_active,"{""evaluated_value"":1.0,""numerator"":50.0,""planned"":50,""scored"":50,""status"":""complete"",""status_counts"":{""ok"":50},""value"":1.0}"
7a39ae192fb0b1038c651f64,mquake,R1_learned_ff,2,104,300,drift,"{""planned_positions"":16256,""references"":{""capoff"":{""ES95_positive_nats"":0.1655308980973033,""ES99_positive_nats"":0.8276544904865165,""count_above_0_1_nats"":64,""definition"":""fractional empirical top1% mean of positive NLL harm; denominator .01*N"",""exceedances_nats"":{""0.01"":67,""0.1"":64,""1.0"":40},""max_positive_nats"":6.547143399346268,""maximum_position"":""w17:p41"",""mean_positive_nats"":0.008276544904865166,""mean_signed_nats"":0.008169610898874007,""zero_positive_n"":16188},""original"":{""ES95_positive_nats"":0.1655308980973033,""ES99_positive_nats"":0.8276544904865165,""count_above_0_1_nats"":64,""definition"":""fractional empirical top1% mean of positive NLL harm; denominator .01*N"",""exceedances_nats"":{""0.01"":67,""0.1"":64,""1.0"":40},""max_positive_nats"":6.547143399346268,""maximum_position"":""w17:p41"",""mean_positive_nats"":0.008276544904865166,""mean_signed_nats"":0.008169610898874007,""zero_positive_n"":16188}},""scored_positions"":16256,""source_sha256"":""2e67327e54b5fb83e765c2320affcf8cfc4fc30b3996eea06105c850609ee524"",""status"":""complete""}"
13465e8d0dc3824fced8e891,zsre,R1_nonlearned,2,100,100,LS_terminated,"{""evaluated_value"":1.0,""numerator"":50.0,""planned"":50,""scored"":50,""status"":""complete"",""status_counts"":{""ok"":50},""value"":1.0}"
13465e8d0dc3824fced8e891,zsre,R1_nonlearned,2,100,100,locality,"{""expected_n"":50,""preserved_fraction"":1.0,""preserved_n"":50,""preserved_terminated_fraction"":1.0,""preserved_terminated_n"":50,""primary_convention"":""DEC-053 bounded exact decoded-text equality, no normalization or termination requirement"",""query_truncated_n"":0,""reference_truncated_n"":0,""scored_n"":50,""secondary_convention"":""same decoded text and neither side truncated"",""status"":""complete"",""truncated_pair_n"":0,""unavailable_n"":0}"
13465e8d0dc3824fced8e891,zsre,R1_nonlearned,2,100,100,unseen_false_fire,"{""evaluated_value"":1.0,""numerator"":100.0,""planned"":100,""scored"":100,""status"":""complete"",""status_counts"":{""ok"":100},""value"":1.0,""wilson_evaluated"":{""confidence"":0.95,""interpretation"":""descriptive binomial reference; fixed development data/selection and dependent prompts limit population inference"",""lower"":0.9630065017930143,""upper"":1.0},""wilson_full_inventory"":{""confidence"":0.95,""interpretation"":""descriptive binomial reference; fixed development data/selection and dependent prompts limit population inference"",""lower"":0.9630065017930143,""upper"":1.0}}"
13465e8d0dc3824fced8e891,zsre,R1_nonlearned,2,100,100,unseen_answer_changed,"{""evaluated_value"":1.0,""numerator"":100.0,""planned"":100,""scored"":100,""status"":""complete"",""status_counts"":{""ok"":100},""value"":1.0}"
13465e8d0dc3824fced8e891,zsre,R1_nonlearned,2,100,300,LS_terminated,"{""evaluated_value"":1.0,""numerator"":50.0,""planned"":50,""scored"":50,""status"":""complete"",""status_counts"":{""ok"":50},""value"":1.0}"
13465e8d0dc3824fced8e891,zsre,R1_nonlearned,2,100,300,locality,"{""expected_n"":50,""preserved_fraction"":1.0,""preserved_n"":50,""preserved_terminated_fraction"":1.0,""preserved_terminated_n"":50,""primary_convention"":""DEC-053 bounded exact decoded-text equality, no normalization or termination requirement"",""query_truncated_n"":0,""reference_truncated_n"":0,""scored_n"":50,""secondary_convention"":""same decoded text and neither side truncated"",""status"":""complete"",""truncated_pair_n"":0,""unavailable_n"":0}"
13465e8d0dc3824fced8e891,zsre,R1_nonlearned,2,100,300,unseen_false_fire,"{""evaluated_value"":1.0,""numerator"":100.0,""planned"":100,""scored"":100,""status"":""complete"",""status_counts"":{""ok"":100},""value"":1.0,""wilson_evaluated"":{""confidence"":0.95,""interpretation"":""descriptive binomial reference; fixed development data/selection and dependent prompts limit population inference"",""lower"":0.9630065017930143,""upper"":1.0},""wilson_full_inventory"":{""confidence"":0.95,""interpretation"":""descriptive binomial reference; fixed development data/selection and dependent prompts limit population inference"",""lower"":0.9630065017930143,""upper"":1.0}}"
13465e8d0dc3824fced8e891,zsre,R1_nonlearned,2,100,300,unseen_answer_changed,"{""evaluated_value"":1.0,""numerator"":100.0,""planned"":100,""scored"":100,""status"":""complete"",""status_counts"":{""ok"":100},""value"":1.0}"
13465e8d0dc3824fced8e891,zsre,R1_nonlearned,2,100,1000,LS_terminated,"{""evaluated_value"":1.0,""numerator"":50.0,""planned"":50,""scored"":50,""status"":""complete"",""status_counts"":{""ok"":50},""value"":1.0}"
13465e8d0dc3824fced8e891,zsre,R1_nonlearned,2,100,1000,locality,"{""expected_n"":50,""preserved_fraction"":1.0,""preserved_n"":50,""preserved_terminated_fraction"":1.0,""preserved_terminated_n"":50,""primary_convention"":""DEC-053 bounded exact decoded-text equality, no normalization or termination requirement"",""query_truncated_n"":0,""reference_truncated_n"":0,""scored_n"":50,""secondary_convention"":""same decoded text and neither side truncated"",""status"":""complete"",""truncated_pair_n"":0,""unavailable_n"":0}"
13465e8d0dc3824fced8e891,zsre,R1_nonlearned,2,100,1000,unseen_false_fire,"{""evaluated_value"":1.0,""numerator"":100.0,""planned"":100,""scored"":100,""status"":""complete"",""status_counts"":{""ok"":100},""value"":1.0,""wilson_evaluated"":{""confidence"":0.95,""interpretation"":""descriptive binomial reference; fixed development data/selection and dependent prompts limit population inference"",""lower"":0.9630065017930143,""upper"":1.0},""wilson_full_inventory"":{""confidence"":0.95,""interpretation"":""descriptive binomial reference; fixed development data/selection and dependent prompts limit population inference"",""lower"":0.9630065017930143,""upper"":1.0}}"
13465e8d0dc3824fced8e891,zsre,R1_nonlearned,2,100,1000,unseen_answer_changed,"{""evaluated_value"":1.0,""numerator"":100.0,""planned"":100,""scored"":100,""status"":""complete"",""status_counts"":{""ok"":100},""value"":1.0}"
13465e8d0dc3824fced8e891,zsre,R1_nonlearned,2,100,1000,near_miss,"{""expected_n"":100,""preserved_fraction"":0.0,""preserved_n"":0,""preserved_terminated_fraction"":0.0,""preserved_terminated_n"":0,""primary_convention"":""DEC-053 bounded exact decoded-text equality, no normalization or termination requirement"",""query_truncated_n"":0,""reference_truncated_n"":0,""scored_n"":100,""secondary_convention"":""same decoded text and neither side truncated"",""status"":""complete"",""truncated_pair_n"":0,""unavailable_n"":0}"
13465e8d0dc3824fced8e891,zsre,R1_nonlearned,2,100,1000,near_miss_bounded,"{""evaluated_value"":0.0,""numerator"":0.0,""planned"":100,""scored"":100,""status"":""complete"",""status_counts"":{""ok"":100},""value"":0.0}"
13465e8d0dc3824fced8e891,zsre,R1_nonlearned,2,100,1000,near_miss_terminated,"{""evaluated_value"":0.0,""numerator"":0.0,""planned"":100,""scored"":100,""status"":""complete"",""status_counts"":{""ok"":100},""value"":0.0}"
13465e8d0dc3824fced8e891,zsre,R1_nonlearned,2,100,1000,revision_latest,"{""evaluated_value"":1.0,""numerator"":50.0,""planned"":50,""scored"":50,""status"":""complete"",""status_counts"":{""ok"":50},""value"":1.0}"
13465e8d0dc3824fced8e891,zsre,R1_nonlearned,2,100,1000,revision_semantic,"{""evaluated_value"":1.0,""numerator"":50.0,""planned"":50,""scored"":50,""status"":""complete"",""status_counts"":{""ok"":50},""value"":1.0}"
13465e8d0dc3824fced8e891,zsre,R1_nonlearned,2,100,1000,old_record_retired,"{""evaluated_value"":1.0,""numerator"":50.0,""planned"":50,""scored"":50,""status"":""complete"",""status_counts"":{""ok"":50},""value"":1.0}"
13465e8d0dc3824fced8e891,zsre,R1_nonlearned,2,100,1000,new_record_active,"{""evaluated_value"":1.0,""numerator"":50.0,""planned"":50,""scored"":50,""status"":""complete"",""status_counts"":{""ok"":50},""value"":1.0}"
13465e8d0dc3824fced8e891,zsre,R1_nonlearned,2,100,1000,drift,"{""planned_positions"":16256,""references"":{""capoff"":{""ES95_positive_nats"":0.009092111089986896,""ES99_positive_nats"":0.045460555449934485,""count_above_0_1_nats"":2,""definition"":""fractional empirical top1% mean of positive NLL harm; denominator .01*N"",""exceedances_nats"":{""0.01"":2,""0.1"":2,""1.0"":2},""max_positive_nats"":4.743965202322471,""maximum_position"":""w72:p18"",""mean_positive_nats"":0.00045460555449934484,""mean_signed_nats"":0.00045460555449934484,""zero_positive_n"":16254},""original"":{""ES95_positive_nats"":0.009092111089986896,""ES99_positive_nats"":0.045460555449934485,""count_above_0_1_nats"":2,""definition"":""fractional empirical top1% mean of positive NLL harm; denominator .01*N"",""exceedances_nats"":{""0.01"":2,""0.1"":2,""1.0"":2},""max_positive_nats"":4.743965202322471,""maximum_position"":""w72:p18"",""mean_positive_nats"":0.00045460555449934484,""mean_signed_nats"":0.00045460555449934484,""zero_positive_n"":16254}},""scored_positions"":16256,""source_sha256"":""2e67327e54b5fb83e765c2320affcf8cfc4fc30b3996eea06105c850609ee524"",""status"":""complete""}"
24840672cf1682dd450fdcd2,zsre,R1_nonlearned,2,101,100,LS_terminated,"{""evaluated_value"":1.0,""numerator"":50.0,""planned"":50,""scored"":50,""status"":""complete"",""status_counts"":{""ok"":50},""value"":1.0}"
24840672cf1682dd450fdcd2,zsre,R1_nonlearned,2,101,100,locality,"{""expected_n"":50,""preserved_fraction"":1.0,""preserved_n"":50,""preserved_terminated_fraction"":1.0,""preserved_terminated_n"":50,""primary_convention"":""DEC-053 bounded exact decoded-text equality, no normalization or termination requirement"",""query_truncated_n"":0,""reference_truncated_n"":0,""scored_n"":50,""secondary_convention"":""same decoded text and neither side truncated"",""status"":""complete"",""truncated_pair_n"":0,""unavailable_n"":0}"
24840672cf1682dd450fdcd2,zsre,R1_nonlearned,2,101,100,unseen_false_fire,"{""evaluated_value"":1.0,""numerator"":100.0,""planned"":100,""scored"":100,""status"":""complete"",""status_counts"":{""ok"":100},""value"":1.0,""wilson_evaluated"":{""confidence"":0.95,""interpretation"":""descriptive binomial reference; fixed development data/selection and dependent prompts limit population inference"",""lower"":0.9630065017930143,""upper"":1.0},""wilson_full_inventory"":{""confidence"":0.95,""interpretation"":""descriptive binomial reference; fixed development data/selection and dependent prompts limit population inference"",""lower"":0.9630065017930143,""upper"":1.0}}"
24840672cf1682dd450fdcd2,zsre,R1_nonlearned,2,101,100,unseen_answer_changed,"{""evaluated_value"":1.0,""numerator"":100.0,""planned"":100,""scored"":100,""status"":""complete"",""status_counts"":{""ok"":100},""value"":1.0}"
24840672cf1682dd450fdcd2,zsre,R1_nonlearned,2,101,300,LS_terminated,"{""evaluated_value"":1.0,""numerator"":50.0,""planned"":50,""scored"":50,""status"":""complete"",""status_counts"":{""ok"":50},""value"":1.0}"
24840672cf1682dd450fdcd2,zsre,R1_nonlearned,2,101,300,locality,"{""expected_n"":50,""preserved_fraction"":1.0,""preserved_n"":50,""preserved_terminated_fraction"":1.0,""preserved_terminated_n"":50,""primary_convention"":""DEC-053 bounded exact decoded-text equality, no normalization or termination requirement"",""query_truncated_n"":0,""reference_truncated_n"":0,""scored_n"":50,""secondary_convention"":""same decoded text and neither side truncated"",""status"":""complete"",""truncated_pair_n"":0,""unavailable_n"":0}"
24840672cf1682dd450fdcd2,zsre,R1_nonlearned,2,101,300,unseen_false_fire,"{""evaluated_value"":1.0,""numerator"":100.0,""planned"":100,""scored"":100,""status"":""complete"",""status_counts"":{""ok"":100},""value"":1.0,""wilson_evaluated"":{""confidence"":0.95,""interpretation"":""descriptive binomial reference; fixed development data/selection and dependent prompts limit population inference"",""lower"":0.9630065017930143,""upper"":1.0},""wilson_full_inventory"":{""confidence"":0.95,""interpretation"":""descriptive binomial reference; fixed development data/selection and dependent prompts limit population inference"",""lower"":0.9630065017930143,""upper"":1.0}}"
24840672cf1682dd450fdcd2,zsre,R1_nonlearned,2,101,300,unseen_answer_changed,"{""evaluated_value"":1.0,""numerator"":100.0,""planned"":100,""scored"":100,""status"":""complete"",""status_counts"":{""ok"":100},""value"":1.0}"
24840672cf1682dd450fdcd2,zsre,R1_nonlearned,2,101,1000,LS_terminated,"{""evaluated_value"":1.0,""numerator"":50.0,""planned"":50,""scored"":50,""status"":""complete"",""status_counts"":{""ok"":50},""value"":1.0}"
24840672cf1682dd450fdcd2,zsre,R1_nonlearned,2,101,1000,locality,"{""expected_n"":50,""preserved_fraction"":1.0,""preserved_n"":50,""preserved_terminated_fraction"":1.0,""preserved_terminated_n"":50,""primary_convention"":""DEC-053 bounded exact decoded-text equality, no normalization or termination requirement"",""query_truncated_n"":0,""reference_truncated_n"":0,""scored_n"":50,""secondary_convention"":""same decoded text and neither side truncated"",""status"":""complete"",""truncated_pair_n"":0,""unavailable_n"":0}"
24840672cf1682dd450fdcd2,zsre,R1_nonlearned,2,101,1000,unseen_false_fire,"{""evaluated_value"":1.0,""numerator"":100.0,""planned"":100,""scored"":100,""status"":""complete"",""status_counts"":{""ok"":100},""value"":1.0,""wilson_evaluated"":{""confidence"":0.95,""interpretation"":""descriptive binomial reference; fixed development data/selection and dependent prompts limit population inference"",""lower"":0.9630065017930143,""upper"":1.0},""wilson_full_inventory"":{""confidence"":0.95,""interpretation"":""descriptive binomial reference; fixed development data/selection and dependent prompts limit population inference"",""lower"":0.9630065017930143,""upper"":1.0}}"
24840672cf1682dd450fdcd2,zsre,R1_nonlearned,2,101,1000,unseen_answer_changed,"{""evaluated_value"":1.0,""numerator"":100.0,""planned"":100,""scored"":100,""status"":""complete"",""status_counts"":{""ok"":100},""value"":1.0}"
24840672cf1682dd450fdcd2,zsre,R1_nonlearned,2,101,1000,near_miss,"{""expected_n"":100,""preserved_fraction"":0.0,""preserved_n"":0,""preserved_terminated_fraction"":0.0,""preserved_terminated_n"":0,""primary_convention"":""DEC-053 bounded exact decoded-text equality, no normalization or termination requirement"",""query_truncated_n"":0,""reference_truncated_n"":0,""scored_n"":100,""secondary_convention"":""same decoded text and neither side truncated"",""status"":""complete"",""truncated_pair_n"":0,""unavailable_n"":0}"
24840672cf1682dd450fdcd2,zsre,R1_nonlearned,2,101,1000,near_miss_bounded,"{""evaluated_value"":0.0,""numerator"":0.0,""planned"":100,""scored"":100,""status"":""complete"",""status_counts"":{""ok"":100},""value"":0.0}"
24840672cf1682dd450fdcd2,zsre,R1_nonlearned,2,101,1000,near_miss_terminated,"{""evaluated_value"":0.0,""numerator"":0.0,""planned"":100,""scored"":100,""status"":""complete"",""status_counts"":{""ok"":100},""value"":0.0}"
24840672cf1682dd450fdcd2,zsre,R1_nonlearned,2,101,1000,revision_latest,"{""evaluated_value"":1.0,""numerator"":50.0,""planned"":50,""scored"":50,""status"":""complete"",""status_counts"":{""ok"":50},""value"":1.0}"
24840672cf1682dd450fdcd2,zsre,R1_nonlearned,2,101,1000,revision_semantic,"{""evaluated_value"":1.0,""numerator"":50.0,""planned"":50,""scored"":50,""status"":""complete"",""status_counts"":{""ok"":50},""value"":1.0}"
24840672cf1682dd450fdcd2,zsre,R1_nonlearned,2,101,1000,old_record_retired,"{""evaluated_value"":1.0,""numerator"":50.0,""planned"":50,""scored"":50,""status"":""complete"",""status_counts"":{""ok"":50},""value"":1.0}"
24840672cf1682dd450fdcd2,zsre,R1_nonlearned,2,101,1000,new_record_active,"{""evaluated_value"":1.0,""numerator"":50.0,""planned"":50,""scored"":50,""status"":""complete"",""status_counts"":{""ok"":50},""value"":1.0}"
24840672cf1682dd450fdcd2,zsre,R1_nonlearned,2,101,1000,drift,"{""planned_positions"":16256,""references"":{""capoff"":{""ES95_positive_nats"":0.009092111089986896,""ES99_positive_nats"":0.045460555449934485,""count_above_0_1_nats"":2,""definition"":""fractional empirical top1% mean of positive NLL harm; denominator .01*N"",""exceedances_nats"":{""0.01"":2,""0.1"":2,""1.0"":2},""max_positive_nats"":4.743965202322471,""maximum_position"":""w72:p18"",""mean_positive_nats"":0.00045460555449934484,""mean_signed_nats"":0.00045460555449934484,""zero_positive_n"":16254},""original"":{""ES95_positive_nats"":0.009092111089986896,""ES99_positive_nats"":0.045460555449934485,""count_above_0_1_nats"":2,""definition"":""fractional empirical top1% mean of positive NLL harm; denominator .01*N"",""exceedances_nats"":{""0.01"":2,""0.1"":2,""1.0"":2},""max_positive_nats"":4.743965202322471,""maximum_position"":""w72:p18"",""mean_positive_nats"":0.00045460555449934484,""mean_signed_nats"":0.00045460555449934484,""zero_positive_n"":16254}},""scored_positions"":16256,""source_sha256"":""2e67327e54b5fb83e765c2320affcf8cfc4fc30b3996eea06105c850609ee524"",""status"":""complete""}"
12a6e3e550a7939c6d79349d,zsre,R1_nonlearned,2,102,100,LS_terminated,"{""evaluated_value"":1.0,""numerator"":50.0,""planned"":50,""scored"":50,""status"":""complete"",""status_counts"":{""ok"":50},""value"":1.0}"
12a6e3e550a7939c6d79349d,zsre,R1_nonlearned,2,102,100,locality,"{""expected_n"":50,""preserved_fraction"":1.0,""preserved_n"":50,""preserved_terminated_fraction"":1.0,""preserved_terminated_n"":50,""primary_convention"":""DEC-053 bounded exact decoded-text equality, no normalization or termination requirement"",""query_truncated_n"":0,""reference_truncated_n"":0,""scored_n"":50,""secondary_convention"":""same decoded text and neither side truncated"",""status"":""complete"",""truncated_pair_n"":0,""unavailable_n"":0}"
12a6e3e550a7939c6d79349d,zsre,R1_nonlearned,2,102,100,unseen_false_fire,"{""evaluated_value"":1.0,""numerator"":100.0,""planned"":100,""scored"":100,""status"":""complete"",""status_counts"":{""ok"":100},""value"":1.0,""wilson_evaluated"":{""confidence"":0.95,""interpretation"":""descriptive binomial reference; fixed development data/selection and dependent prompts limit population inference"",""lower"":0.9630065017930143,""upper"":1.0},""wilson_full_inventory"":{""confidence"":0.95,""interpretation"":""descriptive binomial reference; fixed development data/selection and dependent prompts limit population inference"",""lower"":0.9630065017930143,""upper"":1.0}}"
12a6e3e550a7939c6d79349d,zsre,R1_nonlearned,2,102,100,unseen_answer_changed,"{""evaluated_value"":1.0,""numerator"":100.0,""planned"":100,""scored"":100,""status"":""complete"",""status_counts"":{""ok"":100},""value"":1.0}"
12a6e3e550a7939c6d79349d,zsre,R1_nonlearned,2,102,300,LS_terminated,"{""evaluated_value"":1.0,""numerator"":50.0,""planned"":50,""scored"":50,""status"":""complete"",""status_counts"":{""ok"":50},""value"":1.0}"
12a6e3e550a7939c6d79349d,zsre,R1_nonlearned,2,102,300,locality,"{""expected_n"":50,""preserved_fraction"":1.0,""preserved_n"":50,""preserved_terminated_fraction"":1.0,""preserved_terminated_n"":50,""primary_convention"":""DEC-053 bounded exact decoded-text equality, no normalization or termination requirement"",""query_truncated_n"":0,""reference_truncated_n"":0,""scored_n"":50,""secondary_convention"":""same decoded text and neither side truncated"",""status"":""complete"",""truncated_pair_n"":0,""unavailable_n"":0}"
12a6e3e550a7939c6d79349d,zsre,R1_nonlearned,2,102,300,unseen_false_fire,"{""evaluated_value"":1.0,""numerator"":100.0,""planned"":100,""scored"":100,""status"":""complete"",""status_counts"":{""ok"":100},""value"":1.0,""wilson_evaluated"":{""confidence"":0.95,""interpretation"":""descriptive binomial reference; fixed development data/selection and dependent prompts limit population inference"",""lower"":0.9630065017930143,""upper"":1.0},""wilson_full_inventory"":{""confidence"":0.95,""interpretation"":""descriptive binomial reference; fixed development data/selection and dependent prompts limit population inference"",""lower"":0.9630065017930143,""upper"":1.0}}"
12a6e3e550a7939c6d79349d,zsre,R1_nonlearned,2,102,300,unseen_answer_changed,"{""evaluated_value"":1.0,""numerator"":100.0,""planned"":100,""scored"":100,""status"":""complete"",""status_counts"":{""ok"":100},""value"":1.0}"
12a6e3e550a7939c6d79349d,zsre,R1_nonlearned,2,102,1000,LS_terminated,"{""evaluated_value"":1.0,""numerator"":50.0,""planned"":50,""scored"":50,""status"":""complete"",""status_counts"":{""ok"":50},""value"":1.0}"
12a6e3e550a7939c6d79349d,zsre,R1_nonlearned,2,102,1000,locality,"{""expected_n"":50,""preserved_fraction"":1.0,""preserved_n"":50,""preserved_terminated_fraction"":1.0,""preserved_terminated_n"":50,""primary_convention"":""DEC-053 bounded exact decoded-text equality, no normalization or termination requirement"",""query_truncated_n"":0,""reference_truncated_n"":0,""scored_n"":50,""secondary_convention"":""same decoded text and neither side truncated"",""status"":""complete"",""truncated_pair_n"":0,""unavailable_n"":0}"
12a6e3e550a7939c6d79349d,zsre,R1_nonlearned,2,102,1000,unseen_false_fire,"{""evaluated_value"":1.0,""numerator"":100.0,""planned"":100,""scored"":100,""status"":""complete"",""status_counts"":{""ok"":100},""value"":1.0,""wilson_evaluated"":{""confidence"":0.95,""interpretation"":""descriptive binomial reference; fixed development data/selection and dependent prompts limit population inference"",""lower"":0.9630065017930143,""upper"":1.0},""wilson_full_inventory"":{""confidence"":0.95,""interpretation"":""descriptive binomial reference; fixed development data/selection and dependent prompts limit population inference"",""lower"":0.9630065017930143,""upper"":1.0}}"
12a6e3e550a7939c6d79349d,zsre,R1_nonlearned,2,102,1000,unseen_answer_changed,"{""evaluated_value"":1.0,""numerator"":100.0,""planned"":100,""scored"":100,""status"":""complete"",""status_counts"":{""ok"":100},""value"":1.0}"
12a6e3e550a7939c6d79349d,zsre,R1_nonlearned,2,102,1000,near_miss,"{""expected_n"":100,""preserved_fraction"":0.0,""preserved_n"":0,""preserved_terminated_fraction"":0.0,""preserved_terminated_n"":0,""primary_convention"":""DEC-053 bounded exact decoded-text equality, no normalization or termination requirement"",""query_truncated_n"":0,""reference_truncated_n"":0,""scored_n"":100,""secondary_convention"":""same decoded text and neither side truncated"",""status"":""complete"",""truncated_pair_n"":0,""unavailable_n"":0}"
12a6e3e550a7939c6d79349d,zsre,R1_nonlearned,2,102,1000,near_miss_bounded,"{""evaluated_value"":0.0,""numerator"":0.0,""planned"":100,""scored"":100,""status"":""complete"",""status_counts"":{""ok"":100},""value"":0.0}"
12a6e3e550a7939c6d79349d,zsre,R1_nonlearned,2,102,1000,near_miss_terminated,"{""evaluated_value"":0.0,""numerator"":0.0,""planned"":100,""scored"":100,""status"":""complete"",""status_counts"":{""ok"":100},""value"":0.0}"
12a6e3e550a7939c6d79349d,zsre,R1_nonlearned,2,102,1000,revision_latest,"{""evaluated_value"":1.0,""numerator"":50.0,""planned"":50,""scored"":50,""status"":""complete"",""status_counts"":{""ok"":50},""value"":1.0}"
12a6e3e550a7939c6d79349d,zsre,R1_nonlearned,2,102,1000,revision_semantic,"{""evaluated_value"":1.0,""numerator"":50.0,""planned"":50,""scored"":50,""status"":""complete"",""status_counts"":{""ok"":50},""value"":1.0}"
12a6e3e550a7939c6d79349d,zsre,R1_nonlearned,2,102,1000,old_record_retired,"{""evaluated_value"":1.0,""numerator"":50.0,""planned"":50,""scored"":50,""status"":""complete"",""status_counts"":{""ok"":50},""value"":1.0}"
12a6e3e550a7939c6d79349d,zsre,R1_nonlearned,2,102,1000,new_record_active,"{""evaluated_value"":1.0,""numerator"":50.0,""planned"":50,""scored"":50,""status"":""complete"",""status_counts"":{""ok"":50},""value"":1.0}"
12a6e3e550a7939c6d79349d,zsre,R1_nonlearned,2,102,1000,drift,"{""planned_positions"":16256,""references"":{""capoff"":{""ES95_positive_nats"":0.009092111089986896,""ES99_positive_nats"":0.045460555449934485,""count_above_0_1_nats"":2,""definition"":""fractional empirical top1% mean of positive NLL harm; denominator .01*N"",""exceedances_nats"":{""0.01"":2,""0.1"":2,""1.0"":2},""max_positive_nats"":4.743965202322471,""maximum_position"":""w72:p18"",""mean_positive_nats"":0.00045460555449934484,""mean_signed_nats"":0.00045460555449934484,""zero_positive_n"":16254},""original"":{""ES95_positive_nats"":0.009092111089986896,""ES99_positive_nats"":0.045460555449934485,""count_above_0_1_nats"":2,""definition"":""fractional empirical top1% mean of positive NLL harm; denominator .01*N"",""exceedances_nats"":{""0.01"":2,""0.1"":2,""1.0"":2},""max_positive_nats"":4.743965202322471,""maximum_position"":""w72:p18"",""mean_positive_nats"":0.00045460555449934484,""mean_signed_nats"":0.00045460555449934484,""zero_positive_n"":16254}},""scored_positions"":16256,""source_sha256"":""2e67327e54b5fb83e765c2320affcf8cfc4fc30b3996eea06105c850609ee524"",""status"":""complete""}"
fa5b51891eb78dc707e6471f,zsre,R1_nonlearned,2,103,100,LS_terminated,"{""evaluated_value"":1.0,""numerator"":50.0,""planned"":50,""scored"":50,""status"":""complete"",""status_counts"":{""ok"":50},""value"":1.0}"
fa5b51891eb78dc707e6471f,zsre,R1_nonlearned,2,103,100,locality,"{""expected_n"":50,""preserved_fraction"":1.0,""preserved_n"":50,""preserved_terminated_fraction"":1.0,""preserved_terminated_n"":50,""primary_convention"":""DEC-053 bounded exact decoded-text equality, no normalization or termination requirement"",""query_truncated_n"":0,""reference_truncated_n"":0,""scored_n"":50,""secondary_convention"":""same decoded text and neither side truncated"",""status"":""complete"",""truncated_pair_n"":0,""unavailable_n"":0}"
fa5b51891eb78dc707e6471f,zsre,R1_nonlearned,2,103,100,unseen_false_fire,"{""evaluated_value"":1.0,""numerator"":100.0,""planned"":100,""scored"":100,""status"":""complete"",""status_counts"":{""ok"":100},""value"":1.0,""wilson_evaluated"":{""confidence"":0.95,""interpretation"":""descriptive binomial reference; fixed development data/selection and dependent prompts limit population inference"",""lower"":0.9630065017930143,""upper"":1.0},""wilson_full_inventory"":{""confidence"":0.95,""interpretation"":""descriptive binomial reference; fixed development data/selection and dependent prompts limit population inference"",""lower"":0.9630065017930143,""upper"":1.0}}"
fa5b51891eb78dc707e6471f,zsre,R1_nonlearned,2,103,100,unseen_answer_changed,"{""evaluated_value"":0.97,""numerator"":97.0,""planned"":100,""scored"":100,""status"":""complete"",""status_counts"":{""ok"":100},""value"":0.97}"
fa5b51891eb78dc707e6471f,zsre,R1_nonlearned,2,103,300,LS_terminated,"{""evaluated_value"":1.0,""numerator"":50.0,""planned"":50,""scored"":50,""status"":""complete"",""status_counts"":{""ok"":50},""value"":1.0}"
fa5b51891eb78dc707e6471f,zsre,R1_nonlearned,2,103,300,locality,"{""expected_n"":50,""preserved_fraction"":1.0,""preserved_n"":50,""preserved_terminated_fraction"":1.0,""preserved_terminated_n"":50,""primary_convention"":""DEC-053 bounded exact decoded-text equality, no normalization or termination requirement"",""query_truncated_n"":0,""reference_truncated_n"":0,""scored_n"":50,""secondary_convention"":""same decoded text and neither side truncated"",""status"":""complete"",""truncated_pair_n"":0,""unavailable_n"":0}"
fa5b51891eb78dc707e6471f,zsre,R1_nonlearned,2,103,300,unseen_false_fire,"{""evaluated_value"":1.0,""numerator"":100.0,""planned"":100,""scored"":100,""status"":""complete"",""status_counts"":{""ok"":100},""value"":1.0,""wilson_evaluated"":{""confidence"":0.95,""interpretation"":""descriptive binomial reference; fixed development data/selection and dependent prompts limit population inference"",""lower"":0.9630065017930143,""upper"":1.0},""wilson_full_inventory"":{""confidence"":0.95,""interpretation"":""descriptive binomial reference; fixed development data/selection and dependent prompts limit population inference"",""lower"":0.9630065017930143,""upper"":1.0}}"
fa5b51891eb78dc707e6471f,zsre,R1_nonlearned,2,103,300,unseen_answer_changed,"{""evaluated_value"":0.98,""numerator"":98.0,""planned"":100,""scored"":100,""status"":""complete"",""status_counts"":{""ok"":100},""value"":0.98}"
fa5b51891eb78dc707e6471f,zsre,R1_nonlearned,2,103,1000,LS_terminated,"{""evaluated_value"":1.0,""numerator"":50.0,""planned"":50,""scored"":50,""status"":""complete"",""status_counts"":{""ok"":50},""value"":1.0}"
fa5b51891eb78dc707e6471f,zsre,R1_nonlearned,2,103,1000,locality,"{""expected_n"":50,""preserved_fraction"":1.0,""preserved_n"":50,""preserved_terminated_fraction"":1.0,""preserved_terminated_n"":50,""primary_convention"":""DEC-053 bounded exact decoded-text equality, no normalization or termination requirement"",""query_truncated_n"":0,""reference_truncated_n"":0,""scored_n"":50,""secondary_convention"":""same decoded text and neither side truncated"",""status"":""complete"",""truncated_pair_n"":0,""unavailable_n"":0}"
fa5b51891eb78dc707e6471f,zsre,R1_nonlearned,2,103,1000,unseen_false_fire,"{""evaluated_value"":1.0,""numerator"":100.0,""planned"":100,""scored"":100,""status"":""complete"",""status_counts"":{""ok"":100},""value"":1.0,""wilson_evaluated"":{""confidence"":0.95,""interpretation"":""descriptive binomial reference; fixed development data/selection and dependent prompts limit population inference"",""lower"":0.9630065017930143,""upper"":1.0},""wilson_full_inventory"":{""confidence"":0.95,""interpretation"":""descriptive binomial reference; fixed development data/selection and dependent prompts limit population inference"",""lower"":0.9630065017930143,""upper"":1.0}}"
fa5b51891eb78dc707e6471f,zsre,R1_nonlearned,2,103,1000,unseen_answer_changed,"{""evaluated_value"":1.0,""numerator"":100.0,""planned"":100,""scored"":100,""status"":""complete"",""status_counts"":{""ok"":100},""value"":1.0}"
fa5b51891eb78dc707e6471f,zsre,R1_nonlearned,2,103,1000,near_miss,"{""expected_n"":100,""preserved_fraction"":0.0,""preserved_n"":0,""preserved_terminated_fraction"":0.0,""preserved_terminated_n"":0,""primary_convention"":""DEC-053 bounded exact decoded-text equality, no normalization or termination requirement"",""query_truncated_n"":0,""reference_truncated_n"":0,""scored_n"":100,""secondary_convention"":""same decoded text and neither side truncated"",""status"":""complete"",""truncated_pair_n"":0,""unavailable_n"":0}"
fa5b51891eb78dc707e6471f,zsre,R1_nonlearned,2,103,1000,near_miss_bounded,"{""evaluated_value"":0.0,""numerator"":0.0,""planned"":100,""scored"":100,""status"":""complete"",""status_counts"":{""ok"":100},""value"":0.0}"
fa5b51891eb78dc707e6471f,zsre,R1_nonlearned,2,103,1000,near_miss_terminated,"{""evaluated_value"":0.0,""numerator"":0.0,""planned"":100,""scored"":100,""status"":""complete"",""status_counts"":{""ok"":100},""value"":0.0}"
fa5b51891eb78dc707e6471f,zsre,R1_nonlearned,2,103,1000,revision_latest,"{""evaluated_value"":1.0,""numerator"":50.0,""planned"":50,""scored"":50,""status"":""complete"",""status_counts"":{""ok"":50},""value"":1.0}"
fa5b51891eb78dc707e6471f,zsre,R1_nonlearned,2,103,1000,revision_semantic,"{""evaluated_value"":1.0,""numerator"":50.0,""planned"":50,""scored"":50,""status"":""complete"",""status_counts"":{""ok"":50},""value"":1.0}"
fa5b51891eb78dc707e6471f,zsre,R1_nonlearned,2,103,1000,old_record_retired,"{""evaluated_value"":1.0,""numerator"":50.0,""planned"":50,""scored"":50,""status"":""complete"",""status_counts"":{""ok"":50},""value"":1.0}"
fa5b51891eb78dc707e6471f,zsre,R1_nonlearned,2,103,1000,new_record_active,"{""evaluated_value"":1.0,""numerator"":50.0,""planned"":50,""scored"":50,""status"":""complete"",""status_counts"":{""ok"":50},""value"":1.0}"
fa5b51891eb78dc707e6471f,zsre,R1_nonlearned,2,103,1000,drift,"{""planned_positions"":16256,""references"":{""capoff"":{""ES95_positive_nats"":0.009092111089986896,""ES99_positive_nats"":0.045460555449934485,""count_above_0_1_nats"":2,""definition"":""fractional empirical top1% mean of positive NLL harm; denominator .01*N"",""exceedances_nats"":{""0.01"":2,""0.1"":2,""1.0"":2},""max_positive_nats"":4.743965202322471,""maximum_position"":""w72:p18"",""mean_positive_nats"":0.00045460555449934484,""mean_signed_nats"":0.00045460555449934484,""zero_positive_n"":16254},""original"":{""ES95_positive_nats"":0.009092111089986896,""ES99_positive_nats"":0.045460555449934485,""count_above_0_1_nats"":2,""definition"":""fractional empirical top1% mean of positive NLL harm; denominator .01*N"",""exceedances_nats"":{""0.01"":2,""0.1"":2,""1.0"":2},""max_positive_nats"":4.743965202322471,""maximum_position"":""w72:p18"",""mean_positive_nats"":0.00045460555449934484,""mean_signed_nats"":0.00045460555449934484,""zero_positive_n"":16254}},""scored_positions"":16256,""source_sha256"":""2e67327e54b5fb83e765c2320affcf8cfc4fc30b3996eea06105c850609ee524"",""status"":""complete""}"
861810fbdd6ebe7502383382,zsre,R1_nonlearned,2,104,100,LS_terminated,"{""evaluated_value"":1.0,""numerator"":50.0,""planned"":50,""scored"":50,""status"":""complete"",""status_counts"":{""ok"":50},""value"":1.0}"
861810fbdd6ebe7502383382,zsre,R1_nonlearned,2,104,100,locality,"{""expected_n"":50,""preserved_fraction"":1.0,""preserved_n"":50,""preserved_terminated_fraction"":1.0,""preserved_terminated_n"":50,""primary_convention"":""DEC-053 bounded exact decoded-text equality, no normalization or termination requirement"",""query_truncated_n"":0,""reference_truncated_n"":0,""scored_n"":50,""secondary_convention"":""same decoded text and neither side truncated"",""status"":""complete"",""truncated_pair_n"":0,""unavailable_n"":0}"
861810fbdd6ebe7502383382,zsre,R1_nonlearned,2,104,100,unseen_false_fire,"{""evaluated_value"":1.0,""numerator"":100.0,""planned"":100,""scored"":100,""status"":""complete"",""status_counts"":{""ok"":100},""value"":1.0,""wilson_evaluated"":{""confidence"":0.95,""interpretation"":""descriptive binomial reference; fixed development data/selection and dependent prompts limit population inference"",""lower"":0.9630065017930143,""upper"":1.0},""wilson_full_inventory"":{""confidence"":0.95,""interpretation"":""descriptive binomial reference; fixed development data/selection and dependent prompts limit population inference"",""lower"":0.9630065017930143,""upper"":1.0}}"
861810fbdd6ebe7502383382,zsre,R1_nonlearned,2,104,100,unseen_answer_changed,"{""evaluated_value"":1.0,""numerator"":100.0,""planned"":100,""scored"":100,""status"":""complete"",""status_counts"":{""ok"":100},""value"":1.0}"
861810fbdd6ebe7502383382,zsre,R1_nonlearned,2,104,300,LS_terminated,"{""evaluated_value"":1.0,""numerator"":50.0,""planned"":50,""scored"":50,""status"":""complete"",""status_counts"":{""ok"":50},""value"":1.0}"
861810fbdd6ebe7502383382,zsre,R1_nonlearned,2,104,300,locality,"{""expected_n"":50,""preserved_fraction"":1.0,""preserved_n"":50,""preserved_terminated_fraction"":1.0,""preserved_terminated_n"":50,""primary_convention"":""DEC-053 bounded exact decoded-text equality, no normalization or termination requirement"",""query_truncated_n"":0,""reference_truncated_n"":0,""scored_n"":50,""secondary_convention"":""same decoded text and neither side truncated"",""status"":""complete"",""truncated_pair_n"":0,""unavailable_n"":0}"
861810fbdd6ebe7502383382,zsre,R1_nonlearned,2,104,300,unseen_false_fire,"{""evaluated_value"":1.0,""numerator"":100.0,""planned"":100,""scored"":100,""status"":""complete"",""status_counts"":{""ok"":100},""value"":1.0,""wilson_evaluated"":{""confidence"":0.95,""interpretation"":""descriptive binomial reference; fixed development data/selection and dependent prompts limit population inference"",""lower"":0.9630065017930143,""upper"":1.0},""wilson_full_inventory"":{""confidence"":0.95,""interpretation"":""descriptive binomial reference; fixed development data/selection and dependent prompts limit population inference"",""lower"":0.9630065017930143,""upper"":1.0}}"
861810fbdd6ebe7502383382,zsre,R1_nonlearned,2,104,300,unseen_answer_changed,"{""evaluated_value"":1.0,""numerator"":100.0,""planned"":100,""scored"":100,""status"":""complete"",""status_counts"":{""ok"":100},""value"":1.0}"
861810fbdd6ebe7502383382,zsre,R1_nonlearned,2,104,1000,LS_terminated,"{""evaluated_value"":1.0,""numerator"":50.0,""planned"":50,""scored"":50,""status"":""complete"",""status_counts"":{""ok"":50},""value"":1.0}"
861810fbdd6ebe7502383382,zsre,R1_nonlearned,2,104,1000,locality,"{""expected_n"":50,""preserved_fraction"":1.0,""preserved_n"":50,""preserved_terminated_fraction"":1.0,""preserved_terminated_n"":50,""primary_convention"":""DEC-053 bounded exact decoded-text equality, no normalization or termination requirement"",""query_truncated_n"":0,""reference_truncated_n"":0,""scored_n"":50,""secondary_convention"":""same decoded text and neither side truncated"",""status"":""complete"",""truncated_pair_n"":0,""unavailable_n"":0}"
861810fbdd6ebe7502383382,zsre,R1_nonlearned,2,104,1000,unseen_false_fire,"{""evaluated_value"":1.0,""numerator"":100.0,""planned"":100,""scored"":100,""status"":""complete"",""status_counts"":{""ok"":100},""value"":1.0,""wilson_evaluated"":{""confidence"":0.95,""interpretation"":""descriptive binomial reference; fixed development data/selection and dependent prompts limit population inference"",""lower"":0.9630065017930143,""upper"":1.0},""wilson_full_inventory"":{""confidence"":0.95,""interpretation"":""descriptive binomial reference; fixed development data/selection and dependent prompts limit population inference"",""lower"":0.9630065017930143,""upper"":1.0}}"
861810fbdd6ebe7502383382,zsre,R1_nonlearned,2,104,1000,unseen_answer_changed,"{""evaluated_value"":1.0,""numerator"":100.0,""planned"":100,""scored"":100,""status"":""complete"",""status_counts"":{""ok"":100},""value"":1.0}"
861810fbdd6ebe7502383382,zsre,R1_nonlearned,2,104,1000,near_miss,"{""expected_n"":100,""preserved_fraction"":0.0,""preserved_n"":0,""preserved_terminated_fraction"":0.0,""preserved_terminated_n"":0,""primary_convention"":""DEC-053 bounded exact decoded-text equality, no normalization or termination requirement"",""query_truncated_n"":0,""reference_truncated_n"":0,""scored_n"":100,""secondary_convention"":""same decoded text and neither side truncated"",""status"":""complete"",""truncated_pair_n"":0,""unavailable_n"":0}"
861810fbdd6ebe7502383382,zsre,R1_nonlearned,2,104,1000,near_miss_bounded,"{""evaluated_value"":0.0,""numerator"":0.0,""planned"":100,""scored"":100,""status"":""complete"",""status_counts"":{""ok"":100},""value"":0.0}"
861810fbdd6ebe7502383382,zsre,R1_nonlearned,2,104,1000,near_miss_terminated,"{""evaluated_value"":0.0,""numerator"":0.0,""planned"":100,""scored"":100,""status"":""complete"",""status_counts"":{""ok"":100},""value"":0.0}"
861810fbdd6ebe7502383382,zsre,R1_nonlearned,2,104,1000,revision_latest,"{""evaluated_value"":1.0,""numerator"":50.0,""planned"":50,""scored"":50,""status"":""complete"",""status_counts"":{""ok"":50},""value"":1.0}"
861810fbdd6ebe7502383382,zsre,R1_nonlearned,2,104,1000,revision_semantic,"{""evaluated_value"":1.0,""numerator"":50.0,""planned"":50,""scored"":50,""status"":""complete"",""status_counts"":{""ok"":50},""value"":1.0}"
861810fbdd6ebe7502383382,zsre,R1_nonlearned,2,104,1000,old_record_retired,"{""evaluated_value"":1.0,""numerator"":50.0,""planned"":50,""scored"":50,""status"":""complete"",""status_counts"":{""ok"":50},""value"":1.0}"
861810fbdd6ebe7502383382,zsre,R1_nonlearned,2,104,1000,new_record_active,"{""evaluated_value"":1.0,""numerator"":50.0,""planned"":50,""scored"":50,""status"":""complete"",""status_counts"":{""ok"":50},""value"":1.0}"
861810fbdd6ebe7502383382,zsre,R1_nonlearned,2,104,1000,drift,"{""planned_positions"":16256,""references"":{""capoff"":{""ES95_positive_nats"":0.009092111089986896,""ES99_positive_nats"":0.045460555449934485,""count_above_0_1_nats"":2,""definition"":""fractional empirical top1% mean of positive NLL harm; denominator .01*N"",""exceedances_nats"":{""0.01"":2,""0.1"":2,""1.0"":2},""max_positive_nats"":4.743965202322471,""maximum_position"":""w72:p18"",""mean_positive_nats"":0.00045460555449934484,""mean_signed_nats"":0.00045460555449934484,""zero_positive_n"":16254},""original"":{""ES95_positive_nats"":0.009092111089986896,""ES99_positive_nats"":0.045460555449934485,""count_above_0_1_nats"":2,""definition"":""fractional empirical top1% mean of positive NLL harm; denominator .01*N"",""exceedances_nats"":{""0.01"":2,""0.1"":2,""1.0"":2},""max_positive_nats"":4.743965202322471,""maximum_position"":""w72:p18"",""mean_positive_nats"":0.00045460555449934484,""mean_signed_nats"":0.00045460555449934484,""zero_positive_n"":16254}},""scored_positions"":16256,""source_sha256"":""2e67327e54b5fb83e765c2320affcf8cfc4fc30b3996eea06105c850609ee524"",""status"":""complete""}"
6ed2474713b3a311b4ec6b08,counterfact,R1_nonlearned,2,100,100,LS_terminated,"{""evaluated_value"":0.16,""numerator"":8.0,""planned"":50,""scored"":50,""status"":""complete"",""status_counts"":{""ok"":50},""value"":0.16}"
6ed2474713b3a311b4ec6b08,counterfact,R1_nonlearned,2,100,100,locality,"{""expected_n"":50,""preserved_fraction"":0.18,""preserved_n"":9,""preserved_terminated_fraction"":0.16,""preserved_terminated_n"":8,""primary_convention"":""DEC-053 bounded exact decoded-text equality, no normalization or termination requirement"",""query_truncated_n"":1,""reference_truncated_n"":7,""scored_n"":50,""secondary_convention"":""same decoded text and neither side truncated"",""status"":""complete"",""truncated_pair_n"":7,""unavailable_n"":0}"
6ed2474713b3a311b4ec6b08,counterfact,R1_nonlearned,2,100,100,unseen_false_fire,"{""evaluated_value"":0.87,""numerator"":87.0,""planned"":100,""scored"":100,""status"":""complete"",""status_counts"":{""ok"":100},""value"":0.87,""wilson_evaluated"":{""confidence"":0.95,""interpretation"":""descriptive binomial reference; fixed development data/selection and dependent prompts limit population inference"",""lower"":0.7901964855992357,""upper"":0.9224283257275948},""wilson_full_inventory"":{""confidence"":0.95,""interpretation"":""descriptive binomial reference; fixed development data/selection and dependent prompts limit population inference"",""lower"":0.7901964855992357,""upper"":0.9224283257275948}}"
6ed2474713b3a311b4ec6b08,counterfact,R1_nonlearned,2,100,100,unseen_answer_changed,"{""evaluated_value"":0.87,""numerator"":87.0,""planned"":100,""scored"":100,""status"":""complete"",""status_counts"":{""ok"":100},""value"":0.87}"
6ed2474713b3a311b4ec6b08,counterfact,R1_nonlearned,2,100,300,LS_terminated,"{""evaluated_value"":0.0,""numerator"":0.0,""planned"":50,""scored"":50,""status"":""complete"",""status_counts"":{""ok"":50},""value"":0.0}"
6ed2474713b3a311b4ec6b08,counterfact,R1_nonlearned,2,100,300,locality,"{""expected_n"":50,""preserved_fraction"":0.0,""preserved_n"":0,""preserved_terminated_fraction"":0.0,""preserved_terminated_n"":0,""primary_convention"":""DEC-053 bounded exact decoded-text equality, no normalization or termination requirement"",""query_truncated_n"":0,""reference_truncated_n"":7,""scored_n"":50,""secondary_convention"":""same decoded text and neither side truncated"",""status"":""complete"",""truncated_pair_n"":7,""unavailable_n"":0}"
6ed2474713b3a311b4ec6b08,counterfact,R1_nonlearned,2,100,300,unseen_false_fire,"{""evaluated_value"":0.99,""numerator"":99.0,""planned"":100,""scored"":100,""status"":""complete"",""status_counts"":{""ok"":100},""value"":0.99,""wilson_evaluated"":{""confidence"":0.95,""interpretation"":""descriptive binomial reference; fixed development data/selection and dependent prompts limit population inference"",""lower"":0.9455138038212946,""upper"":0.9982325679358593},""wilson_full_inventory"":{""confidence"":0.95,""interpretation"":""descriptive binomial reference; fixed development data/selection and dependent prompts limit population inference"",""lower"":0.9455138038212946,""upper"":0.9982325679358593}}"
6ed2474713b3a311b4ec6b08,counterfact,R1_nonlearned,2,100,300,unseen_answer_changed,"{""evaluated_value"":0.99,""numerator"":99.0,""planned"":100,""scored"":100,""status"":""complete"",""status_counts"":{""ok"":100},""value"":0.99}"
6ed2474713b3a311b4ec6b08,counterfact,R1_nonlearned,2,100,1000,LS_terminated,"{""evaluated_value"":0.0,""numerator"":0.0,""planned"":50,""scored"":50,""status"":""complete"",""status_counts"":{""ok"":50},""value"":0.0}"
6ed2474713b3a311b4ec6b08,counterfact,R1_nonlearned,2,100,1000,locality,"{""expected_n"":50,""preserved_fraction"":0.0,""preserved_n"":0,""preserved_terminated_fraction"":0.0,""preserved_terminated_n"":0,""primary_convention"":""DEC-053 bounded exact decoded-text equality, no normalization or termination requirement"",""query_truncated_n"":0,""reference_truncated_n"":7,""scored_n"":50,""secondary_convention"":""same decoded text and neither side truncated"",""status"":""complete"",""truncated_pair_n"":7,""unavailable_n"":0}"
6ed2474713b3a311b4ec6b08,counterfact,R1_nonlearned,2,100,1000,unseen_false_fire,"{""evaluated_value"":1.0,""numerator"":100.0,""planned"":100,""scored"":100,""status"":""complete"",""status_counts"":{""ok"":100},""value"":1.0,""wilson_evaluated"":{""confidence"":0.95,""interpretation"":""descriptive binomial reference; fixed development data/selection and dependent prompts limit population inference"",""lower"":0.9630065017930143,""upper"":1.0},""wilson_full_inventory"":{""confidence"":0.95,""interpretation"":""descriptive binomial reference; fixed development data/selection and dependent prompts limit population inference"",""lower"":0.9630065017930143,""upper"":1.0}}"
6ed2474713b3a311b4ec6b08,counterfact,R1_nonlearned,2,100,1000,unseen_answer_changed,"{""evaluated_value"":1.0,""numerator"":100.0,""planned"":100,""scored"":100,""status"":""complete"",""status_counts"":{""ok"":100},""value"":1.0}"
6ed2474713b3a311b4ec6b08,counterfact,R1_nonlearned,2,100,1000,near_miss,"{""expected_n"":100,""preserved_fraction"":0.0,""preserved_n"":0,""preserved_terminated_fraction"":0.0,""preserved_terminated_n"":0,""primary_convention"":""DEC-053 bounded exact decoded-text equality, no normalization or termination requirement"",""query_truncated_n"":0,""reference_truncated_n"":29,""scored_n"":100,""secondary_convention"":""same decoded text and neither side truncated"",""status"":""complete"",""truncated_pair_n"":29,""unavailable_n"":0}"
6ed2474713b3a311b4ec6b08,counterfact,R1_nonlearned,2,100,1000,near_miss_bounded,"{""evaluated_value"":0.0,""numerator"":0.0,""planned"":100,""scored"":100,""status"":""complete"",""status_counts"":{""ok"":100},""value"":0.0}"
6ed2474713b3a311b4ec6b08,counterfact,R1_nonlearned,2,100,1000,near_miss_terminated,"{""evaluated_value"":0.0,""numerator"":0.0,""planned"":100,""scored"":100,""status"":""complete"",""status_counts"":{""ok"":100},""value"":0.0}"
6ed2474713b3a311b4ec6b08,counterfact,R1_nonlearned,2,100,1000,revision_latest,"{""evaluated_value"":1.0,""numerator"":50.0,""planned"":50,""scored"":50,""status"":""complete"",""status_counts"":{""ok"":50},""value"":1.0}"
6ed2474713b3a311b4ec6b08,counterfact,R1_nonlearned,2,100,1000,revision_semantic,"{""evaluated_value"":1.0,""numerator"":50.0,""planned"":50,""scored"":50,""status"":""complete"",""status_counts"":{""ok"":50},""value"":1.0}"
6ed2474713b3a311b4ec6b08,counterfact,R1_nonlearned,2,100,1000,old_record_retired,"{""evaluated_value"":1.0,""numerator"":50.0,""planned"":50,""scored"":50,""status"":""complete"",""status_counts"":{""ok"":50},""value"":1.0}"
6ed2474713b3a311b4ec6b08,counterfact,R1_nonlearned,2,100,1000,new_record_active,"{""evaluated_value"":1.0,""numerator"":50.0,""planned"":50,""scored"":50,""status"":""complete"",""status_counts"":{""ok"":50},""value"":1.0}"
6ed2474713b3a311b4ec6b08,counterfact,R1_nonlearned,2,100,1000,drift,"{""planned_positions"":16256,""references"":{""capoff"":{""ES95_positive_nats"":1.3342147886485383,""ES99_positive_nats"":5.249467133946503,""count_above_0_1_nats"":331,""definition"":""fractional empirical top1% mean of positive NLL harm; denominator .01*N"",""exceedances_nats"":{""0.01"":337,""0.1"":331,""1.0"":274},""max_positive_nats"":16.299413709741557,""maximum_position"":""w122:p34"",""mean_positive_nats"":0.06671073943242692,""mean_signed_nats"":0.06633642869362998,""zero_positive_n"":15918},""original"":{""ES95_positive_nats"":1.3342147886485383,""ES99_positive_nats"":5.249467133946503,""count_above_0_1_nats"":331,""definition"":""fractional empirical top1% mean of positive NLL harm; denominator .01*N"",""exceedances_nats"":{""0.01"":337,""0.1"":331,""1.0"":274},""max_positive_nats"":16.299413709741557,""maximum_position"":""w122:p34"",""mean_positive_nats"":0.06671073943242692,""mean_signed_nats"":0.06633642869362998,""zero_positive_n"":15918}},""scored_positions"":16256,""source_sha256"":""2e67327e54b5fb83e765c2320affcf8cfc4fc30b3996eea06105c850609ee524"",""status"":""complete""}"
f939f211b98675ac7c2d951f,counterfact,R1_nonlearned,2,101,100,LS_terminated,"{""evaluated_value"":0.16,""numerator"":8.0,""planned"":50,""scored"":50,""status"":""complete"",""status_counts"":{""ok"":50},""value"":0.16}"
f939f211b98675ac7c2d951f,counterfact,R1_nonlearned,2,101,100,locality,"{""expected_n"":50,""preserved_fraction"":0.18,""preserved_n"":9,""preserved_terminated_fraction"":0.16,""preserved_terminated_n"":8,""primary_convention"":""DEC-053 bounded exact decoded-text equality, no normalization or termination requirement"",""query_truncated_n"":1,""reference_truncated_n"":7,""scored_n"":50,""secondary_convention"":""same decoded text and neither side truncated"",""status"":""complete"",""truncated_pair_n"":7,""unavailable_n"":0}"
f939f211b98675ac7c2d951f,counterfact,R1_nonlearned,2,101,100,unseen_false_fire,"{""evaluated_value"":0.93,""numerator"":93.0,""planned"":100,""scored"":100,""status"":""complete"",""status_counts"":{""ok"":100},""value"":0.93,""wilson_evaluated"":{""confidence"":0.95,""interpretation"":""descriptive binomial reference; fixed development data/selection and dependent prompts limit population inference"",""lower"":0.8625048526092651,""upper"":0.9656807389327273},""wilson_full_inventory"":{""confidence"":0.95,""interpretation"":""descriptive binomial reference; fixed development data/selection and dependent prompts limit population inference"",""lower"":0.8625048526092651,""upper"":0.9656807389327273}}"
f939f211b98675ac7c2d951f,counterfact,R1_nonlearned,2,101,100,unseen_answer_changed,"{""evaluated_value"":0.93,""numerator"":93.0,""planned"":100,""scored"":100,""status"":""complete"",""status_counts"":{""ok"":100},""value"":0.93}"
f939f211b98675ac7c2d951f,counterfact,R1_nonlearned,2,101,300,LS_terminated,"{""evaluated_value"":0.02,""numerator"":1.0,""planned"":50,""scored"":50,""status"":""complete"",""status_counts"":{""ok"":50},""value"":0.02}"
f939f211b98675ac7c2d951f,counterfact,R1_nonlearned,2,101,300,locality,"{""expected_n"":50,""preserved_fraction"":0.02,""preserved_n"":1,""preserved_terminated_fraction"":0.02,""preserved_terminated_n"":1,""primary_convention"":""DEC-053 bounded exact decoded-text equality, no normalization or termination requirement"",""query_truncated_n"":0,""reference_truncated_n"":7,""scored_n"":50,""secondary_convention"":""same decoded text and neither side truncated"",""status"":""complete"",""truncated_pair_n"":7,""unavailable_n"":0}"
f939f211b98675ac7c2d951f,counterfact,R1_nonlearned,2,101,300,unseen_false_fire,"{""evaluated_value"":0.99,""numerator"":99.0,""planned"":100,""scored"":100,""status"":""complete"",""status_counts"":{""ok"":100},""value"":0.99,""wilson_evaluated"":{""confidence"":0.95,""interpretation"":""descriptive binomial reference; fixed development data/selection and dependent prompts limit population inference"",""lower"":0.9455138038212946,""upper"":0.9982325679358593},""wilson_full_inventory"":{""confidence"":0.95,""interpretation"":""descriptive binomial reference; fixed development data/selection and dependent prompts limit population inference"",""lower"":0.9455138038212946,""upper"":0.9982325679358593}}"
f939f211b98675ac7c2d951f,counterfact,R1_nonlearned,2,101,300,unseen_answer_changed,"{""evaluated_value"":0.99,""numerator"":99.0,""planned"":100,""scored"":100,""status"":""complete"",""status_counts"":{""ok"":100},""value"":0.99}"
f939f211b98675ac7c2d951f,counterfact,R1_nonlearned,2,101,1000,LS_terminated,"{""evaluated_value"":0.0,""numerator"":0.0,""planned"":50,""scored"":50,""status"":""complete"",""status_counts"":{""ok"":50},""value"":0.0}"
f939f211b98675ac7c2d951f,counterfact,R1_nonlearned,2,101,1000,locality,"{""expected_n"":50,""preserved_fraction"":0.0,""preserved_n"":0,""preserved_terminated_fraction"":0.0,""preserved_terminated_n"":0,""primary_convention"":""DEC-053 bounded exact decoded-text equality, no normalization or termination requirement"",""query_truncated_n"":0,""reference_truncated_n"":7,""scored_n"":50,""secondary_convention"":""same decoded text and neither side truncated"",""status"":""complete"",""truncated_pair_n"":7,""unavailable_n"":0}"
f939f211b98675ac7c2d951f,counterfact,R1_nonlearned,2,101,1000,unseen_false_fire,"{""evaluated_value"":1.0,""numerator"":100.0,""planned"":100,""scored"":100,""status"":""complete"",""status_counts"":{""ok"":100},""value"":1.0,""wilson_evaluated"":{""confidence"":0.95,""interpretation"":""descriptive binomial reference; fixed development data/selection and dependent prompts limit population inference"",""lower"":0.9630065017930143,""upper"":1.0},""wilson_full_inventory"":{""confidence"":0.95,""interpretation"":""descriptive binomial reference; fixed development data/selection and dependent prompts limit population inference"",""lower"":0.9630065017930143,""upper"":1.0}}"
f939f211b98675ac7c2d951f,counterfact,R1_nonlearned,2,101,1000,unseen_answer_changed,"{""evaluated_value"":1.0,""numerator"":100.0,""planned"":100,""scored"":100,""status"":""complete"",""status_counts"":{""ok"":100},""value"":1.0}"
f939f211b98675ac7c2d951f,counterfact,R1_nonlearned,2,101,1000,near_miss,"{""expected_n"":100,""preserved_fraction"":0.0,""preserved_n"":0,""preserved_terminated_fraction"":0.0,""preserved_terminated_n"":0,""primary_convention"":""DEC-053 bounded exact decoded-text equality, no normalization or termination requirement"",""query_truncated_n"":0,""reference_truncated_n"":29,""scored_n"":100,""secondary_convention"":""same decoded text and neither side truncated"",""status"":""complete"",""truncated_pair_n"":29,""unavailable_n"":0}"
f939f211b98675ac7c2d951f,counterfact,R1_nonlearned,2,101,1000,near_miss_bounded,"{""evaluated_value"":0.0,""numerator"":0.0,""planned"":100,""scored"":100,""status"":""complete"",""status_counts"":{""ok"":100},""value"":0.0}"
f939f211b98675ac7c2d951f,counterfact,R1_nonlearned,2,101,1000,near_miss_terminated,"{""evaluated_value"":0.0,""numerator"":0.0,""planned"":100,""scored"":100,""status"":""complete"",""status_counts"":{""ok"":100},""value"":0.0}"
f939f211b98675ac7c2d951f,counterfact,R1_nonlearned,2,101,1000,revision_latest,"{""evaluated_value"":1.0,""numerator"":50.0,""planned"":50,""scored"":50,""status"":""complete"",""status_counts"":{""ok"":50},""value"":1.0}"
f939f211b98675ac7c2d951f,counterfact,R1_nonlearned,2,101,1000,revision_semantic,"{""evaluated_value"":1.0,""numerator"":50.0,""planned"":50,""scored"":50,""status"":""complete"",""status_counts"":{""ok"":50},""value"":1.0}"
f939f211b98675ac7c2d951f,counterfact,R1_nonlearned,2,101,1000,old_record_retired,"{""evaluated_value"":1.0,""numerator"":50.0,""planned"":50,""scored"":50,""status"":""complete"",""status_counts"":{""ok"":50},""value"":1.0}"
f939f211b98675ac7c2d951f,counterfact,R1_nonlearned,2,101,1000,new_record_active,"{""evaluated_value"":1.0,""numerator"":50.0,""planned"":50,""scored"":50,""status"":""complete"",""status_counts"":{""ok"":50},""value"":1.0}"
f939f211b98675ac7c2d951f,counterfact,R1_nonlearned,2,101,1000,drift,"{""planned_positions"":16256,""references"":{""capoff"":{""ES95_positive_nats"":1.3342147886485383,""ES99_positive_nats"":5.249467133946503,""count_above_0_1_nats"":331,""definition"":""fractional empirical top1% mean of positive NLL harm; denominator .01*N"",""exceedances_nats"":{""0.01"":337,""0.1"":331,""1.0"":274},""max_positive_nats"":16.299413709741557,""maximum_position"":""w122:p34"",""mean_positive_nats"":0.06671073943242692,""mean_signed_nats"":0.06633642869362998,""zero_positive_n"":15918},""original"":{""ES95_positive_nats"":1.3342147886485383,""ES99_positive_nats"":5.249467133946503,""count_above_0_1_nats"":331,""definition"":""fractional empirical top1% mean of positive NLL harm; denominator .01*N"",""exceedances_nats"":{""0.01"":337,""0.1"":331,""1.0"":274},""max_positive_nats"":16.299413709741557,""maximum_position"":""w122:p34"",""mean_positive_nats"":0.06671073943242692,""mean_signed_nats"":0.06633642869362998,""zero_positive_n"":15918}},""scored_positions"":16256,""source_sha256"":""2e67327e54b5fb83e765c2320affcf8cfc4fc30b3996eea06105c850609ee524"",""status"":""complete""}"
19b5e9b462930c6f50f2e2f6,counterfact,R1_nonlearned,2,102,100,LS_terminated,"{""evaluated_value"":0.22,""numerator"":11.0,""planned"":50,""scored"":50,""status"":""complete"",""status_counts"":{""ok"":50},""value"":0.22}"
19b5e9b462930c6f50f2e2f6,counterfact,R1_nonlearned,2,102,100,locality,"{""expected_n"":50,""preserved_fraction"":0.26,""preserved_n"":13,""preserved_terminated_fraction"":0.22,""preserved_terminated_n"":11,""primary_convention"":""DEC-053 bounded exact decoded-text equality, no normalization or termination requirement"",""query_truncated_n"":2,""reference_truncated_n"":7,""scored_n"":50,""secondary_convention"":""same decoded text and neither side truncated"",""status"":""complete"",""truncated_pair_n"":7,""unavailable_n"":0}"
19b5e9b462930c6f50f2e2f6,counterfact,R1_nonlearned,2,102,100,unseen_false_fire,"{""evaluated_value"":0.85,""numerator"":85.0,""planned"":100,""scored"":100,""status"":""complete"",""status_counts"":{""ok"":100},""value"":0.85,""wilson_evaluated"":{""confidence"":0.95,""interpretation"":""descriptive binomial reference; fixed development data/selection and dependent prompts limit population inference"",""lower"":0.7671644040916763,""upper"":0.9069401471634337},""wilson_full_inventory"":{""confidence"":0.95,""interpretation"":""descriptive binomial reference; fixed development data/selection and dependent prompts limit population inference"",""lower"":0.7671644040916763,""upper"":0.9069401471634337}}"
19b5e9b462930c6f50f2e2f6,counterfact,R1_nonlearned,2,102,100,unseen_answer_changed,"{""evaluated_value"":0.85,""numerator"":85.0,""planned"":100,""scored"":100,""status"":""complete"",""status_counts"":{""ok"":100},""value"":0.85}"
19b5e9b462930c6f50f2e2f6,counterfact,R1_nonlearned,2,102,300,LS_terminated,"{""evaluated_value"":0.0,""numerator"":0.0,""planned"":50,""scored"":50,""status"":""complete"",""status_counts"":{""ok"":50},""value"":0.0}"
19b5e9b462930c6f50f2e2f6,counterfact,R1_nonlearned,2,102,300,locality,"{""expected_n"":50,""preserved_fraction"":0.0,""preserved_n"":0,""preserved_terminated_fraction"":0.0,""preserved_terminated_n"":0,""primary_convention"":""DEC-053 bounded exact decoded-text equality, no normalization or termination requirement"",""query_truncated_n"":0,""reference_truncated_n"":7,""scored_n"":50,""secondary_convention"":""same decoded text and neither side truncated"",""status"":""complete"",""truncated_pair_n"":7,""unavailable_n"":0}"
19b5e9b462930c6f50f2e2f6,counterfact,R1_nonlearned,2,102,300,unseen_false_fire,"{""evaluated_value"":0.99,""numerator"":99.0,""planned"":100,""scored"":100,""status"":""complete"",""status_counts"":{""ok"":100},""value"":0.99,""wilson_evaluated"":{""confidence"":0.95,""interpretation"":""descriptive binomial reference; fixed development data/selection and dependent prompts limit population inference"",""lower"":0.9455138038212946,""upper"":0.9982325679358593},""wilson_full_inventory"":{""confidence"":0.95,""interpretation"":""descriptive binomial reference; fixed development data/selection and dependent prompts limit population inference"",""lower"":0.9455138038212946,""upper"":0.9982325679358593}}"
19b5e9b462930c6f50f2e2f6,counterfact,R1_nonlearned,2,102,300,unseen_answer_changed,"{""evaluated_value"":0.99,""numerator"":99.0,""planned"":100,""scored"":100,""status"":""complete"",""status_counts"":{""ok"":100},""value"":0.99}"
19b5e9b462930c6f50f2e2f6,counterfact,R1_nonlearned,2,102,1000,LS_terminated,"{""evaluated_value"":0.0,""numerator"":0.0,""planned"":50,""scored"":50,""status"":""complete"",""status_counts"":{""ok"":50},""value"":0.0}"
19b5e9b462930c6f50f2e2f6,counterfact,R1_nonlearned,2,102,1000,locality,"{""expected_n"":50,""preserved_fraction"":0.0,""preserved_n"":0,""preserved_terminated_fraction"":0.0,""preserved_terminated_n"":0,""primary_convention"":""DEC-053 bounded exact decoded-text equality, no normalization or termination requirement"",""query_truncated_n"":0,""reference_truncated_n"":7,""scored_n"":50,""secondary_convention"":""same decoded text and neither side truncated"",""status"":""complete"",""truncated_pair_n"":7,""unavailable_n"":0}"
19b5e9b462930c6f50f2e2f6,counterfact,R1_nonlearned,2,102,1000,unseen_false_fire,"{""evaluated_value"":1.0,""numerator"":100.0,""planned"":100,""scored"":100,""status"":""complete"",""status_counts"":{""ok"":100},""value"":1.0,""wilson_evaluated"":{""confidence"":0.95,""interpretation"":""descriptive binomial reference; fixed development data/selection and dependent prompts limit population inference"",""lower"":0.9630065017930143,""upper"":1.0},""wilson_full_inventory"":{""confidence"":0.95,""interpretation"":""descriptive binomial reference; fixed development data/selection and dependent prompts limit population inference"",""lower"":0.9630065017930143,""upper"":1.0}}"
19b5e9b462930c6f50f2e2f6,counterfact,R1_nonlearned,2,102,1000,unseen_answer_changed,"{""evaluated_value"":1.0,""numerator"":100.0,""planned"":100,""scored"":100,""status"":""complete"",""status_counts"":{""ok"":100},""value"":1.0}"
19b5e9b462930c6f50f2e2f6,counterfact,R1_nonlearned,2,102,1000,near_miss,"{""expected_n"":100,""preserved_fraction"":0.0,""preserved_n"":0,""preserved_terminated_fraction"":0.0,""preserved_terminated_n"":0,""primary_convention"":""DEC-053 bounded exact decoded-text equality, no normalization or termination requirement"",""query_truncated_n"":0,""reference_truncated_n"":29,""scored_n"":100,""secondary_convention"":""same decoded text and neither side truncated"",""status"":""complete"",""truncated_pair_n"":29,""unavailable_n"":0}"
19b5e9b462930c6f50f2e2f6,counterfact,R1_nonlearned,2,102,1000,near_miss_bounded,"{""evaluated_value"":0.0,""numerator"":0.0,""planned"":100,""scored"":100,""status"":""complete"",""status_counts"":{""ok"":100},""value"":0.0}"
19b5e9b462930c6f50f2e2f6,counterfact,R1_nonlearned,2,102,1000,near_miss_terminated,"{""evaluated_value"":0.0,""numerator"":0.0,""planned"":100,""scored"":100,""status"":""complete"",""status_counts"":{""ok"":100},""value"":0.0}"
19b5e9b462930c6f50f2e2f6,counterfact,R1_nonlearned,2,102,1000,revision_latest,"{""evaluated_value"":1.0,""numerator"":50.0,""planned"":50,""scored"":50,""status"":""complete"",""status_counts"":{""ok"":50},""value"":1.0}"
19b5e9b462930c6f50f2e2f6,counterfact,R1_nonlearned,2,102,1000,revision_semantic,"{""evaluated_value"":1.0,""numerator"":50.0,""planned"":50,""scored"":50,""status"":""complete"",""status_counts"":{""ok"":50},""value"":1.0}"
19b5e9b462930c6f50f2e2f6,counterfact,R1_nonlearned,2,102,1000,old_record_retired,"{""evaluated_value"":1.0,""numerator"":50.0,""planned"":50,""scored"":50,""status"":""complete"",""status_counts"":{""ok"":50},""value"":1.0}"
19b5e9b462930c6f50f2e2f6,counterfact,R1_nonlearned,2,102,1000,new_record_active,"{""evaluated_value"":1.0,""numerator"":50.0,""planned"":50,""scored"":50,""status"":""complete"",""status_counts"":{""ok"":50},""value"":1.0}"
19b5e9b462930c6f50f2e2f6,counterfact,R1_nonlearned,2,102,1000,drift,"{""planned_positions"":16256,""references"":{""capoff"":{""ES95_positive_nats"":1.3342147886485383,""ES99_positive_nats"":5.249467133946503,""count_above_0_1_nats"":331,""definition"":""fractional empirical top1% mean of positive NLL harm; denominator .01*N"",""exceedances_nats"":{""0.01"":337,""0.1"":331,""1.0"":274},""max_positive_nats"":16.299413709741557,""maximum_position"":""w122:p34"",""mean_positive_nats"":0.06671073943242692,""mean_signed_nats"":0.06633642869362998,""zero_positive_n"":15918},""original"":{""ES95_positive_nats"":1.3342147886485383,""ES99_positive_nats"":5.249467133946503,""count_above_0_1_nats"":331,""definition"":""fractional empirical top1% mean of positive NLL harm; denominator .01*N"",""exceedances_nats"":{""0.01"":337,""0.1"":331,""1.0"":274},""max_positive_nats"":16.299413709741557,""maximum_position"":""w122:p34"",""mean_positive_nats"":0.06671073943242692,""mean_signed_nats"":0.06633642869362998,""zero_positive_n"":15918}},""scored_positions"":16256,""source_sha256"":""2e67327e54b5fb83e765c2320affcf8cfc4fc30b3996eea06105c850609ee524"",""status"":""complete""}"
b14576e3d752f467db2abf18,counterfact,R1_nonlearned,2,103,100,LS_terminated,"{""evaluated_value"":0.16,""numerator"":8.0,""planned"":50,""scored"":50,""status"":""complete"",""status_counts"":{""ok"":50},""value"":0.16}"
b14576e3d752f467db2abf18,counterfact,R1_nonlearned,2,103,100,locality,"{""expected_n"":50,""preserved_fraction"":0.18,""preserved_n"":9,""preserved_terminated_fraction"":0.16,""preserved_terminated_n"":8,""primary_convention"":""DEC-053 bounded exact decoded-text equality, no normalization or termination requirement"",""query_truncated_n"":1,""reference_truncated_n"":7,""scored_n"":50,""secondary_convention"":""same decoded text and neither side truncated"",""status"":""complete"",""truncated_pair_n"":7,""unavailable_n"":0}"
b14576e3d752f467db2abf18,counterfact,R1_nonlearned,2,103,100,unseen_false_fire,"{""evaluated_value"":0.95,""numerator"":95.0,""planned"":100,""scored"":100,""status"":""complete"",""status_counts"":{""ok"":100},""value"":0.95,""wilson_evaluated"":{""confidence"":0.95,""interpretation"":""descriptive binomial reference; fixed development data/selection and dependent prompts limit population inference"",""lower"":0.8882495307680808,""upper"":0.9784563208456319},""wilson_full_inventory"":{""confidence"":0.95,""interpretation"":""descriptive binomial reference; fixed development data/selection and dependent prompts limit population inference"",""lower"":0.8882495307680808,""upper"":0.9784563208456319}}"
b14576e3d752f467db2abf18,counterfact,R1_nonlearned,2,103,100,unseen_answer_changed,"{""evaluated_value"":0.95,""numerator"":95.0,""planned"":100,""scored"":100,""status"":""complete"",""status_counts"":{""ok"":100},""value"":0.95}"
b14576e3d752f467db2abf18,counterfact,R1_nonlearned,2,103,300,LS_terminated,"{""evaluated_value"":0.04,""numerator"":2.0,""planned"":50,""scored"":50,""status"":""complete"",""status_counts"":{""ok"":50},""value"":0.04}"
b14576e3d752f467db2abf18,counterfact,R1_nonlearned,2,103,300,locality,"{""expected_n"":50,""preserved_fraction"":0.04,""preserved_n"":2,""preserved_terminated_fraction"":0.04,""preserved_terminated_n"":2,""primary_convention"":""DEC-053 bounded exact decoded-text equality, no normalization or termination requirement"",""query_truncated_n"":0,""reference_truncated_n"":7,""scored_n"":50,""secondary_convention"":""same decoded text and neither side truncated"",""status"":""complete"",""truncated_pair_n"":7,""unavailable_n"":0}"
b14576e3d752f467db2abf18,counterfact,R1_nonlearned,2,103,300,unseen_false_fire,"{""evaluated_value"":0.99,""numerator"":99.0,""planned"":100,""scored"":100,""status"":""complete"",""status_counts"":{""ok"":100},""value"":0.99,""wilson_evaluated"":{""confidence"":0.95,""interpretation"":""descriptive binomial reference; fixed development data/selection and dependent prompts limit population inference"",""lower"":0.9455138038212946,""upper"":0.9982325679358593},""wilson_full_inventory"":{""confidence"":0.95,""interpretation"":""descriptive binomial reference; fixed development data/selection and dependent prompts limit population inference"",""lower"":0.9455138038212946,""upper"":0.9982325679358593}}"
b14576e3d752f467db2abf18,counterfact,R1_nonlearned,2,103,300,unseen_answer_changed,"{""evaluated_value"":0.99,""numerator"":99.0,""planned"":100,""scored"":100,""status"":""complete"",""status_counts"":{""ok"":100},""value"":0.99}"
b14576e3d752f467db2abf18,counterfact,R1_nonlearned,2,103,1000,LS_terminated,"{""evaluated_value"":0.0,""numerator"":0.0,""planned"":50,""scored"":50,""status"":""complete"",""status_counts"":{""ok"":50},""value"":0.0}"
b14576e3d752f467db2abf18,counterfact,R1_nonlearned,2,103,1000,locality,"{""expected_n"":50,""preserved_fraction"":0.0,""preserved_n"":0,""preserved_terminated_fraction"":0.0,""preserved_terminated_n"":0,""primary_convention"":""DEC-053 bounded exact decoded-text equality, no normalization or termination requirement"",""query_truncated_n"":0,""reference_truncated_n"":7,""scored_n"":50,""secondary_convention"":""same decoded text and neither side truncated"",""status"":""complete"",""truncated_pair_n"":7,""unavailable_n"":0}"
b14576e3d752f467db2abf18,counterfact,R1_nonlearned,2,103,1000,unseen_false_fire,"{""evaluated_value"":1.0,""numerator"":100.0,""planned"":100,""scored"":100,""status"":""complete"",""status_counts"":{""ok"":100},""value"":1.0,""wilson_evaluated"":{""confidence"":0.95,""interpretation"":""descriptive binomial reference; fixed development data/selection and dependent prompts limit population inference"",""lower"":0.9630065017930143,""upper"":1.0},""wilson_full_inventory"":{""confidence"":0.95,""interpretation"":""descriptive binomial reference; fixed development data/selection and dependent prompts limit population inference"",""lower"":0.9630065017930143,""upper"":1.0}}"
b14576e3d752f467db2abf18,counterfact,R1_nonlearned,2,103,1000,unseen_answer_changed,"{""evaluated_value"":1.0,""numerator"":100.0,""planned"":100,""scored"":100,""status"":""complete"",""status_counts"":{""ok"":100},""value"":1.0}"
b14576e3d752f467db2abf18,counterfact,R1_nonlearned,2,103,1000,near_miss,"{""expected_n"":100,""preserved_fraction"":0.0,""preserved_n"":0,""preserved_terminated_fraction"":0.0,""preserved_terminated_n"":0,""primary_convention"":""DEC-053 bounded exact decoded-text equality, no normalization or termination requirement"",""query_truncated_n"":0,""reference_truncated_n"":29,""scored_n"":100,""secondary_convention"":""same decoded text and neither side truncated"",""status"":""complete"",""truncated_pair_n"":29,""unavailable_n"":0}"
b14576e3d752f467db2abf18,counterfact,R1_nonlearned,2,103,1000,near_miss_bounded,"{""evaluated_value"":0.0,""numerator"":0.0,""planned"":100,""scored"":100,""status"":""complete"",""status_counts"":{""ok"":100},""value"":0.0}"
b14576e3d752f467db2abf18,counterfact,R1_nonlearned,2,103,1000,near_miss_terminated,"{""evaluated_value"":0.0,""numerator"":0.0,""planned"":100,""scored"":100,""status"":""complete"",""status_counts"":{""ok"":100},""value"":0.0}"
b14576e3d752f467db2abf18,counterfact,R1_nonlearned,2,103,1000,revision_latest,"{""evaluated_value"":1.0,""numerator"":50.0,""planned"":50,""scored"":50,""status"":""complete"",""status_counts"":{""ok"":50},""value"":1.0}"
b14576e3d752f467db2abf18,counterfact,R1_nonlearned,2,103,1000,revision_semantic,"{""evaluated_value"":1.0,""numerator"":50.0,""planned"":50,""scored"":50,""status"":""complete"",""status_counts"":{""ok"":50},""value"":1.0}"
b14576e3d752f467db2abf18,counterfact,R1_nonlearned,2,103,1000,old_record_retired,"{""evaluated_value"":1.0,""numerator"":50.0,""planned"":50,""scored"":50,""status"":""complete"",""status_counts"":{""ok"":50},""value"":1.0}"
b14576e3d752f467db2abf18,counterfact,R1_nonlearned,2,103,1000,new_record_active,"{""evaluated_value"":1.0,""numerator"":50.0,""planned"":50,""scored"":50,""status"":""complete"",""status_counts"":{""ok"":50},""value"":1.0}"
b14576e3d752f467db2abf18,counterfact,R1_nonlearned,2,103,1000,drift,"{""planned_positions"":16256,""references"":{""capoff"":{""ES95_positive_nats"":1.3342147886485383,""ES99_positive_nats"":5.249467133946503,""count_above_0_1_nats"":331,""definition"":""fractional empirical top1% mean of positive NLL harm; denominator .01*N"",""exceedances_nats"":{""0.01"":337,""0.1"":331,""1.0"":274},""max_positive_nats"":16.299413709741557,""maximum_position"":""w122:p34"",""mean_positive_nats"":0.06671073943242692,""mean_signed_nats"":0.06633642869362998,""zero_positive_n"":15918},""original"":{""ES95_positive_nats"":1.3342147886485383,""ES99_positive_nats"":5.249467133946503,""count_above_0_1_nats"":331,""definition"":""fractional empirical top1% mean of positive NLL harm; denominator .01*N"",""exceedances_nats"":{""0.01"":337,""0.1"":331,""1.0"":274},""max_positive_nats"":16.299413709741557,""maximum_position"":""w122:p34"",""mean_positive_nats"":0.06671073943242692,""mean_signed_nats"":0.06633642869362998,""zero_positive_n"":15918}},""scored_positions"":16256,""source_sha256"":""2e67327e54b5fb83e765c2320affcf8cfc4fc30b3996eea06105c850609ee524"",""status"":""complete""}"
da9f71bdb9a8981dac078e6c,counterfact,R1_nonlearned,2,104,100,LS_terminated,"{""evaluated_value"":0.12,""numerator"":6.0,""planned"":50,""scored"":50,""status"":""complete"",""status_counts"":{""ok"":50},""value"":0.12}"
da9f71bdb9a8981dac078e6c,counterfact,R1_nonlearned,2,104,100,locality,"{""expected_n"":50,""preserved_fraction"":0.14,""preserved_n"":7,""preserved_terminated_fraction"":0.12,""preserved_terminated_n"":6,""primary_convention"":""DEC-053 bounded exact decoded-text equality, no normalization or termination requirement"",""query_truncated_n"":1,""reference_truncated_n"":7,""scored_n"":50,""secondary_convention"":""same decoded text and neither side truncated"",""status"":""complete"",""truncated_pair_n"":7,""unavailable_n"":0}"
da9f71bdb9a8981dac078e6c,counterfact,R1_nonlearned,2,104,100,unseen_false_fire,"{""evaluated_value"":0.96,""numerator"":96.0,""planned"":100,""scored"":100,""status"":""complete"",""status_counts"":{""ok"":100},""value"":0.96,""wilson_evaluated"":{""confidence"":0.95,""interpretation"":""descriptive binomial reference; fixed development data/selection and dependent prompts limit population inference"",""lower"":0.9016292856411208,""upper"":0.9843366960084523},""wilson_full_inventory"":{""confidence"":0.95,""interpretation"":""descriptive binomial reference; fixed development data/selection and dependent prompts limit population inference"",""lower"":0.9016292856411208,""upper"":0.9843366960084523}}"
da9f71bdb9a8981dac078e6c,counterfact,R1_nonlearned,2,104,100,unseen_answer_changed,"{""evaluated_value"":0.96,""numerator"":96.0,""planned"":100,""scored"":100,""status"":""complete"",""status_counts"":{""ok"":100},""value"":0.96}"
da9f71bdb9a8981dac078e6c,counterfact,R1_nonlearned,2,104,300,LS_terminated,"{""evaluated_value"":0.02,""numerator"":1.0,""planned"":50,""scored"":50,""status"":""complete"",""status_counts"":{""ok"":50},""value"":0.02}"
da9f71bdb9a8981dac078e6c,counterfact,R1_nonlearned,2,104,300,locality,"{""expected_n"":50,""preserved_fraction"":0.02,""preserved_n"":1,""preserved_terminated_fraction"":0.02,""preserved_terminated_n"":1,""primary_convention"":""DEC-053 bounded exact decoded-text equality, no normalization or termination requirement"",""query_truncated_n"":0,""reference_truncated_n"":7,""scored_n"":50,""secondary_convention"":""same decoded text and neither side truncated"",""status"":""complete"",""truncated_pair_n"":7,""unavailable_n"":0}"
da9f71bdb9a8981dac078e6c,counterfact,R1_nonlearned,2,104,300,unseen_false_fire,"{""evaluated_value"":0.98,""numerator"":98.0,""planned"":100,""scored"":100,""status"":""complete"",""status_counts"":{""ok"":100},""value"":0.98,""wilson_evaluated"":{""confidence"":0.95,""interpretation"":""descriptive binomial reference; fixed development data/selection and dependent prompts limit population inference"",""lower"":0.929988209271456,""upper"":0.9944980324498376},""wilson_full_inventory"":{""confidence"":0.95,""interpretation"":""descriptive binomial reference; fixed development data/selection and dependent prompts limit population inference"",""lower"":0.929988209271456,""upper"":0.9944980324498376}}"
da9f71bdb9a8981dac078e6c,counterfact,R1_nonlearned,2,104,300,unseen_answer_changed,"{""evaluated_value"":0.98,""numerator"":98.0,""planned"":100,""scored"":100,""status"":""complete"",""status_counts"":{""ok"":100},""value"":0.98}"
da9f71bdb9a8981dac078e6c,counterfact,R1_nonlearned,2,104,1000,LS_terminated,"{""evaluated_value"":0.0,""numerator"":0.0,""planned"":50,""scored"":50,""status"":""complete"",""status_counts"":{""ok"":50},""value"":0.0}"
da9f71bdb9a8981dac078e6c,counterfact,R1_nonlearned,2,104,1000,locality,"{""expected_n"":50,""preserved_fraction"":0.0,""preserved_n"":0,""preserved_terminated_fraction"":0.0,""preserved_terminated_n"":0,""primary_convention"":""DEC-053 bounded exact decoded-text equality, no normalization or termination requirement"",""query_truncated_n"":0,""reference_truncated_n"":7,""scored_n"":50,""secondary_convention"":""same decoded text and neither side truncated"",""status"":""complete"",""truncated_pair_n"":7,""unavailable_n"":0}"
da9f71bdb9a8981dac078e6c,counterfact,R1_nonlearned,2,104,1000,unseen_false_fire,"{""evaluated_value"":1.0,""numerator"":100.0,""planned"":100,""scored"":100,""status"":""complete"",""status_counts"":{""ok"":100},""value"":1.0,""wilson_evaluated"":{""confidence"":0.95,""interpretation"":""descriptive binomial reference; fixed development data/selection and dependent prompts limit population inference"",""lower"":0.9630065017930143,""upper"":1.0},""wilson_full_inventory"":{""confidence"":0.95,""interpretation"":""descriptive binomial reference; fixed development data/selection and dependent prompts limit population inference"",""lower"":0.9630065017930143,""upper"":1.0}}"
da9f71bdb9a8981dac078e6c,counterfact,R1_nonlearned,2,104,1000,unseen_answer_changed,"{""evaluated_value"":1.0,""numerator"":100.0,""planned"":100,""scored"":100,""status"":""complete"",""status_counts"":{""ok"":100},""value"":1.0}"
da9f71bdb9a8981dac078e6c,counterfact,R1_nonlearned,2,104,1000,near_miss,"{""expected_n"":100,""preserved_fraction"":0.0,""preserved_n"":0,""preserved_terminated_fraction"":0.0,""preserved_terminated_n"":0,""primary_convention"":""DEC-053 bounded exact decoded-text equality, no normalization or termination requirement"",""query_truncated_n"":0,""reference_truncated_n"":29,""scored_n"":100,""secondary_convention"":""same decoded text and neither side truncated"",""status"":""complete"",""truncated_pair_n"":29,""unavailable_n"":0}"
da9f71bdb9a8981dac078e6c,counterfact,R1_nonlearned,2,104,1000,near_miss_bounded,"{""evaluated_value"":0.0,""numerator"":0.0,""planned"":100,""scored"":100,""status"":""complete"",""status_counts"":{""ok"":100},""value"":0.0}"
da9f71bdb9a8981dac078e6c,counterfact,R1_nonlearned,2,104,1000,near_miss_terminated,"{""evaluated_value"":0.0,""numerator"":0.0,""planned"":100,""scored"":100,""status"":""complete"",""status_counts"":{""ok"":100},""value"":0.0}"
da9f71bdb9a8981dac078e6c,counterfact,R1_nonlearned,2,104,1000,revision_latest,"{""evaluated_value"":1.0,""numerator"":50.0,""planned"":50,""scored"":50,""status"":""complete"",""status_counts"":{""ok"":50},""value"":1.0}"
da9f71bdb9a8981dac078e6c,counterfact,R1_nonlearned,2,104,1000,revision_semantic,"{""evaluated_value"":1.0,""numerator"":50.0,""planned"":50,""scored"":50,""status"":""complete"",""status_counts"":{""ok"":50},""value"":1.0}"
da9f71bdb9a8981dac078e6c,counterfact,R1_nonlearned,2,104,1000,old_record_retired,"{""evaluated_value"":1.0,""numerator"":50.0,""planned"":50,""scored"":50,""status"":""complete"",""status_counts"":{""ok"":50},""value"":1.0}"
da9f71bdb9a8981dac078e6c,counterfact,R1_nonlearned,2,104,1000,new_record_active,"{""evaluated_value"":1.0,""numerator"":50.0,""planned"":50,""scored"":50,""status"":""complete"",""status_counts"":{""ok"":50},""value"":1.0}"
da9f71bdb9a8981dac078e6c,counterfact,R1_nonlearned,2,104,1000,drift,"{""planned_positions"":16256,""references"":{""capoff"":{""ES95_positive_nats"":1.3342147886485383,""ES99_positive_nats"":5.249467133946503,""count_above_0_1_nats"":331,""definition"":""fractional empirical top1% mean of positive NLL harm; denominator .01*N"",""exceedances_nats"":{""0.01"":337,""0.1"":331,""1.0"":274},""max_positive_nats"":16.299413709741557,""maximum_position"":""w122:p34"",""mean_positive_nats"":0.06671073943242692,""mean_signed_nats"":0.06633642869362998,""zero_positive_n"":15918},""original"":{""ES95_positive_nats"":1.3342147886485383,""ES99_positive_nats"":5.249467133946503,""count_above_0_1_nats"":331,""definition"":""fractional empirical top1% mean of positive NLL harm; denominator .01*N"",""exceedances_nats"":{""0.01"":337,""0.1"":331,""1.0"":274},""max_positive_nats"":16.299413709741557,""maximum_position"":""w122:p34"",""mean_positive_nats"":0.06671073943242692,""mean_signed_nats"":0.06633642869362998,""zero_positive_n"":15918}},""scored_positions"":16256,""source_sha256"":""2e67327e54b5fb83e765c2320affcf8cfc4fc30b3996eea06105c850609ee524"",""status"":""complete""}"
9e98169ae668b50d60694317,mquake,R1_nonlearned,2,100,100,LS_terminated,"{""evaluated_value"":0.0,""numerator"":0.0,""planned"":50,""scored"":50,""status"":""complete"",""status_counts"":{""ok"":50},""value"":0.0}"
9e98169ae668b50d60694317,mquake,R1_nonlearned,2,100,100,locality,"{""expected_n"":50,""preserved_fraction"":0.0,""preserved_n"":0,""preserved_terminated_fraction"":0.0,""preserved_terminated_n"":0,""primary_convention"":""DEC-053 bounded exact decoded-text equality, no normalization or termination requirement"",""query_truncated_n"":0,""reference_truncated_n"":28,""scored_n"":50,""secondary_convention"":""same decoded text and neither side truncated"",""status"":""complete"",""truncated_pair_n"":28,""unavailable_n"":0}"
9e98169ae668b50d60694317,mquake,R1_nonlearned,2,100,100,unseen_false_fire,"{""evaluated_value"":0.99,""numerator"":99.0,""planned"":100,""scored"":100,""status"":""complete"",""status_counts"":{""ok"":100},""value"":0.99,""wilson_evaluated"":{""confidence"":0.95,""interpretation"":""descriptive binomial reference; fixed development data/selection and dependent prompts limit population inference"",""lower"":0.9455138038212946,""upper"":0.9982325679358593},""wilson_full_inventory"":{""confidence"":0.95,""interpretation"":""descriptive binomial reference; fixed development data/selection and dependent prompts limit population inference"",""lower"":0.9455138038212946,""upper"":0.9982325679358593}}"
9e98169ae668b50d60694317,mquake,R1_nonlearned,2,100,100,unseen_answer_changed,"{""evaluated_value"":0.99,""numerator"":99.0,""planned"":100,""scored"":100,""status"":""complete"",""status_counts"":{""ok"":100},""value"":0.99}"
9e98169ae668b50d60694317,mquake,R1_nonlearned,2,100,300,LS_terminated,"{""evaluated_value"":0.0,""numerator"":0.0,""planned"":50,""scored"":50,""status"":""complete"",""status_counts"":{""ok"":50},""value"":0.0}"
9e98169ae668b50d60694317,mquake,R1_nonlearned,2,100,300,locality,"{""expected_n"":50,""preserved_fraction"":0.0,""preserved_n"":0,""preserved_terminated_fraction"":0.0,""preserved_terminated_n"":0,""primary_convention"":""DEC-053 bounded exact decoded-text equality, no normalization or termination requirement"",""query_truncated_n"":0,""reference_truncated_n"":28,""scored_n"":50,""secondary_convention"":""same decoded text and neither side truncated"",""status"":""complete"",""truncated_pair_n"":28,""unavailable_n"":0}"
9e98169ae668b50d60694317,mquake,R1_nonlearned,2,100,300,unseen_false_fire,"{""evaluated_value"":1.0,""numerator"":100.0,""planned"":100,""scored"":100,""status"":""complete"",""status_counts"":{""ok"":100},""value"":1.0,""wilson_evaluated"":{""confidence"":0.95,""interpretation"":""descriptive binomial reference; fixed development data/selection and dependent prompts limit population inference"",""lower"":0.9630065017930143,""upper"":1.0},""wilson_full_inventory"":{""confidence"":0.95,""interpretation"":""descriptive binomial reference; fixed development data/selection and dependent prompts limit population inference"",""lower"":0.9630065017930143,""upper"":1.0}}"
9e98169ae668b50d60694317,mquake,R1_nonlearned,2,100,300,unseen_answer_changed,"{""evaluated_value"":1.0,""numerator"":100.0,""planned"":100,""scored"":100,""status"":""complete"",""status_counts"":{""ok"":100},""value"":1.0}"
9e98169ae668b50d60694317,mquake,R1_nonlearned,2,100,300,near_miss,"{""expected_n"":100,""preserved_fraction"":0.0,""preserved_n"":0,""preserved_terminated_fraction"":0.0,""preserved_terminated_n"":0,""primary_convention"":""DEC-053 bounded exact decoded-text equality, no normalization or termination requirement"",""query_truncated_n"":0,""reference_truncated_n"":48,""scored_n"":100,""secondary_convention"":""same decoded text and neither side truncated"",""status"":""complete"",""truncated_pair_n"":48,""unavailable_n"":0}"
9e98169ae668b50d60694317,mquake,R1_nonlearned,2,100,300,near_miss_bounded,"{""evaluated_value"":0.0,""numerator"":0.0,""planned"":100,""scored"":100,""status"":""complete"",""status_counts"":{""ok"":100},""value"":0.0}"
9e98169ae668b50d60694317,mquake,R1_nonlearned,2,100,300,near_miss_terminated,"{""evaluated_value"":0.0,""numerator"":0.0,""planned"":100,""scored"":100,""status"":""complete"",""status_counts"":{""ok"":100},""value"":0.0}"
9e98169ae668b50d60694317,mquake,R1_nonlearned,2,100,300,revision_latest,"{""evaluated_value"":1.0,""numerator"":50.0,""planned"":50,""scored"":50,""status"":""complete"",""status_counts"":{""ok"":50},""value"":1.0}"
9e98169ae668b50d60694317,mquake,R1_nonlearned,2,100,300,revision_semantic,"{""evaluated_value"":1.0,""numerator"":50.0,""planned"":50,""scored"":50,""status"":""complete"",""status_counts"":{""ok"":50},""value"":1.0}"
9e98169ae668b50d60694317,mquake,R1_nonlearned,2,100,300,old_record_retired,"{""evaluated_value"":1.0,""numerator"":50.0,""planned"":50,""scored"":50,""status"":""complete"",""status_counts"":{""ok"":50},""value"":1.0}"
9e98169ae668b50d60694317,mquake,R1_nonlearned,2,100,300,new_record_active,"{""evaluated_value"":1.0,""numerator"":50.0,""planned"":50,""scored"":50,""status"":""complete"",""status_counts"":{""ok"":50},""value"":1.0}"
9e98169ae668b50d60694317,mquake,R1_nonlearned,2,100,300,drift,"{""planned_positions"":16256,""references"":{""capoff"":{""ES95_positive_nats"":0.3000805803760435,""ES99_positive_nats"":1.5004029018802176,""count_above_0_1_nats"":81,""definition"":""fractional empirical top1% mean of positive NLL harm; denominator .01*N"",""exceedances_nats"":{""0.01"":81,""0.1"":81,""1.0"":64},""max_positive_nats"":10.341557940423044,""maximum_position"":""w68:p7"",""mean_positive_nats"":0.015004029018802177,""mean_signed_nats"":0.014935655441761004,""zero_positive_n"":16175},""original"":{""ES95_positive_nats"":0.3000805803760435,""ES99_positive_nats"":1.5004029018802176,""count_above_0_1_nats"":81,""definition"":""fractional empirical top1% mean of positive NLL harm; denominator .01*N"",""exceedances_nats"":{""0.01"":81,""0.1"":81,""1.0"":64},""max_positive_nats"":10.341557940423044,""maximum_position"":""w68:p7"",""mean_positive_nats"":0.015004029018802177,""mean_signed_nats"":0.014935655441761004,""zero_positive_n"":16175}},""scored_positions"":16256,""source_sha256"":""2e67327e54b5fb83e765c2320affcf8cfc4fc30b3996eea06105c850609ee524"",""status"":""complete""}"
ff570734d7837a1ba9e77528,mquake,R1_nonlearned,2,101,100,LS_terminated,"{""evaluated_value"":0.0,""numerator"":0.0,""planned"":50,""scored"":50,""status"":""complete"",""status_counts"":{""ok"":50},""value"":0.0}"
ff570734d7837a1ba9e77528,mquake,R1_nonlearned,2,101,100,locality,"{""expected_n"":50,""preserved_fraction"":0.0,""preserved_n"":0,""preserved_terminated_fraction"":0.0,""preserved_terminated_n"":0,""primary_convention"":""DEC-053 bounded exact decoded-text equality, no normalization or termination requirement"",""query_truncated_n"":0,""reference_truncated_n"":28,""scored_n"":50,""secondary_convention"":""same decoded text and neither side truncated"",""status"":""complete"",""truncated_pair_n"":28,""unavailable_n"":0}"
ff570734d7837a1ba9e77528,mquake,R1_nonlearned,2,101,100,unseen_false_fire,"{""evaluated_value"":1.0,""numerator"":100.0,""planned"":100,""scored"":100,""status"":""complete"",""status_counts"":{""ok"":100},""value"":1.0,""wilson_evaluated"":{""confidence"":0.95,""interpretation"":""descriptive binomial reference; fixed development data/selection and dependent prompts limit population inference"",""lower"":0.9630065017930143,""upper"":1.0},""wilson_full_inventory"":{""confidence"":0.95,""interpretation"":""descriptive binomial reference; fixed development data/selection and dependent prompts limit population inference"",""lower"":0.9630065017930143,""upper"":1.0}}"
ff570734d7837a1ba9e77528,mquake,R1_nonlearned,2,101,100,unseen_answer_changed,"{""evaluated_value"":1.0,""numerator"":100.0,""planned"":100,""scored"":100,""status"":""complete"",""status_counts"":{""ok"":100},""value"":1.0}"
ff570734d7837a1ba9e77528,mquake,R1_nonlearned,2,101,300,LS_terminated,"{""evaluated_value"":0.0,""numerator"":0.0,""planned"":50,""scored"":50,""status"":""complete"",""status_counts"":{""ok"":50},""value"":0.0}"
ff570734d7837a1ba9e77528,mquake,R1_nonlearned,2,101,300,locality,"{""expected_n"":50,""preserved_fraction"":0.0,""preserved_n"":0,""preserved_terminated_fraction"":0.0,""preserved_terminated_n"":0,""primary_convention"":""DEC-053 bounded exact decoded-text equality, no normalization or termination requirement"",""query_truncated_n"":0,""reference_truncated_n"":28,""scored_n"":50,""secondary_convention"":""same decoded text and neither side truncated"",""status"":""complete"",""truncated_pair_n"":28,""unavailable_n"":0}"
ff570734d7837a1ba9e77528,mquake,R1_nonlearned,2,101,300,unseen_false_fire,"{""evaluated_value"":1.0,""numerator"":100.0,""planned"":100,""scored"":100,""status"":""complete"",""status_counts"":{""ok"":100},""value"":1.0,""wilson_evaluated"":{""confidence"":0.95,""interpretation"":""descriptive binomial reference; fixed development data/selection and dependent prompts limit population inference"",""lower"":0.9630065017930143,""upper"":1.0},""wilson_full_inventory"":{""confidence"":0.95,""interpretation"":""descriptive binomial reference; fixed development data/selection and dependent prompts limit population inference"",""lower"":0.9630065017930143,""upper"":1.0}}"
ff570734d7837a1ba9e77528,mquake,R1_nonlearned,2,101,300,unseen_answer_changed,"{""evaluated_value"":1.0,""numerator"":100.0,""planned"":100,""scored"":100,""status"":""complete"",""status_counts"":{""ok"":100},""value"":1.0}"
ff570734d7837a1ba9e77528,mquake,R1_nonlearned,2,101,300,near_miss,"{""expected_n"":100,""preserved_fraction"":0.0,""preserved_n"":0,""preserved_terminated_fraction"":0.0,""preserved_terminated_n"":0,""primary_convention"":""DEC-053 bounded exact decoded-text equality, no normalization or termination requirement"",""query_truncated_n"":0,""reference_truncated_n"":48,""scored_n"":100,""secondary_convention"":""same decoded text and neither side truncated"",""status"":""complete"",""truncated_pair_n"":48,""unavailable_n"":0}"
ff570734d7837a1ba9e77528,mquake,R1_nonlearned,2,101,300,near_miss_bounded,"{""evaluated_value"":0.0,""numerator"":0.0,""planned"":100,""scored"":100,""status"":""complete"",""status_counts"":{""ok"":100},""value"":0.0}"
ff570734d7837a1ba9e77528,mquake,R1_nonlearned,2,101,300,near_miss_terminated,"{""evaluated_value"":0.0,""numerator"":0.0,""planned"":100,""scored"":100,""status"":""complete"",""status_counts"":{""ok"":100},""value"":0.0}"
ff570734d7837a1ba9e77528,mquake,R1_nonlearned,2,101,300,revision_latest,"{""evaluated_value"":1.0,""numerator"":50.0,""planned"":50,""scored"":50,""status"":""complete"",""status_counts"":{""ok"":50},""value"":1.0}"
ff570734d7837a1ba9e77528,mquake,R1_nonlearned,2,101,300,revision_semantic,"{""evaluated_value"":1.0,""numerator"":50.0,""planned"":50,""scored"":50,""status"":""complete"",""status_counts"":{""ok"":50},""value"":1.0}"
ff570734d7837a1ba9e77528,mquake,R1_nonlearned,2,101,300,old_record_retired,"{""evaluated_value"":1.0,""numerator"":50.0,""planned"":50,""scored"":50,""status"":""complete"",""status_counts"":{""ok"":50},""value"":1.0}"
ff570734d7837a1ba9e77528,mquake,R1_nonlearned,2,101,300,new_record_active,"{""evaluated_value"":1.0,""numerator"":50.0,""planned"":50,""scored"":50,""status"":""complete"",""status_counts"":{""ok"":50},""value"":1.0}"
ff570734d7837a1ba9e77528,mquake,R1_nonlearned,2,101,300,drift,"{""planned_positions"":16256,""references"":{""capoff"":{""ES95_positive_nats"":0.3000805803760435,""ES99_positive_nats"":1.5004029018802176,""count_above_0_1_nats"":81,""definition"":""fractional empirical top1% mean of positive NLL harm; denominator .01*N"",""exceedances_nats"":{""0.01"":81,""0.1"":81,""1.0"":64},""max_positive_nats"":10.341557940423044,""maximum_position"":""w68:p7"",""mean_positive_nats"":0.015004029018802177,""mean_signed_nats"":0.014935655441761004,""zero_positive_n"":16175},""original"":{""ES95_positive_nats"":0.3000805803760435,""ES99_positive_nats"":1.5004029018802176,""count_above_0_1_nats"":81,""definition"":""fractional empirical top1% mean of positive NLL harm; denominator .01*N"",""exceedances_nats"":{""0.01"":81,""0.1"":81,""1.0"":64},""max_positive_nats"":10.341557940423044,""maximum_position"":""w68:p7"",""mean_positive_nats"":0.015004029018802177,""mean_signed_nats"":0.014935655441761004,""zero_positive_n"":16175}},""scored_positions"":16256,""source_sha256"":""2e67327e54b5fb83e765c2320affcf8cfc4fc30b3996eea06105c850609ee524"",""status"":""complete""}"
4fd2bc51397502cb1c085b5c,mquake,R1_nonlearned,2,102,100,LS_terminated,"{""evaluated_value"":0.0,""numerator"":0.0,""planned"":50,""scored"":50,""status"":""complete"",""status_counts"":{""ok"":50},""value"":0.0}"
4fd2bc51397502cb1c085b5c,mquake,R1_nonlearned,2,102,100,locality,"{""expected_n"":50,""preserved_fraction"":0.0,""preserved_n"":0,""preserved_terminated_fraction"":0.0,""preserved_terminated_n"":0,""primary_convention"":""DEC-053 bounded exact decoded-text equality, no normalization or termination requirement"",""query_truncated_n"":0,""reference_truncated_n"":28,""scored_n"":50,""secondary_convention"":""same decoded text and neither side truncated"",""status"":""complete"",""truncated_pair_n"":28,""unavailable_n"":0}"
4fd2bc51397502cb1c085b5c,mquake,R1_nonlearned,2,102,100,unseen_false_fire,"{""evaluated_value"":1.0,""numerator"":100.0,""planned"":100,""scored"":100,""status"":""complete"",""status_counts"":{""ok"":100},""value"":1.0,""wilson_evaluated"":{""confidence"":0.95,""interpretation"":""descriptive binomial reference; fixed development data/selection and dependent prompts limit population inference"",""lower"":0.9630065017930143,""upper"":1.0},""wilson_full_inventory"":{""confidence"":0.95,""interpretation"":""descriptive binomial reference; fixed development data/selection and dependent prompts limit population inference"",""lower"":0.9630065017930143,""upper"":1.0}}"
4fd2bc51397502cb1c085b5c,mquake,R1_nonlearned,2,102,100,unseen_answer_changed,"{""evaluated_value"":1.0,""numerator"":100.0,""planned"":100,""scored"":100,""status"":""complete"",""status_counts"":{""ok"":100},""value"":1.0}"
4fd2bc51397502cb1c085b5c,mquake,R1_nonlearned,2,102,300,LS_terminated,"{""evaluated_value"":0.0,""numerator"":0.0,""planned"":50,""scored"":50,""status"":""complete"",""status_counts"":{""ok"":50},""value"":0.0}"
4fd2bc51397502cb1c085b5c,mquake,R1_nonlearned,2,102,300,locality,"{""expected_n"":50,""preserved_fraction"":0.0,""preserved_n"":0,""preserved_terminated_fraction"":0.0,""preserved_terminated_n"":0,""primary_convention"":""DEC-053 bounded exact decoded-text equality, no normalization or termination requirement"",""query_truncated_n"":0,""reference_truncated_n"":28,""scored_n"":50,""secondary_convention"":""same decoded text and neither side truncated"",""status"":""complete"",""truncated_pair_n"":28,""unavailable_n"":0}"
4fd2bc51397502cb1c085b5c,mquake,R1_nonlearned,2,102,300,unseen_false_fire,"{""evaluated_value"":1.0,""numerator"":100.0,""planned"":100,""scored"":100,""status"":""complete"",""status_counts"":{""ok"":100},""value"":1.0,""wilson_evaluated"":{""confidence"":0.95,""interpretation"":""descriptive binomial reference; fixed development data/selection and dependent prompts limit population inference"",""lower"":0.9630065017930143,""upper"":1.0},""wilson_full_inventory"":{""confidence"":0.95,""interpretation"":""descriptive binomial reference; fixed development data/selection and dependent prompts limit population inference"",""lower"":0.9630065017930143,""upper"":1.0}}"
4fd2bc51397502cb1c085b5c,mquake,R1_nonlearned,2,102,300,unseen_answer_changed,"{""evaluated_value"":1.0,""numerator"":100.0,""planned"":100,""scored"":100,""status"":""complete"",""status_counts"":{""ok"":100},""value"":1.0}"
4fd2bc51397502cb1c085b5c,mquake,R1_nonlearned,2,102,300,near_miss,"{""expected_n"":100,""preserved_fraction"":0.0,""preserved_n"":0,""preserved_terminated_fraction"":0.0,""preserved_terminated_n"":0,""primary_convention"":""DEC-053 bounded exact decoded-text equality, no normalization or termination requirement"",""query_truncated_n"":0,""reference_truncated_n"":48,""scored_n"":100,""secondary_convention"":""same decoded text and neither side truncated"",""status"":""complete"",""truncated_pair_n"":48,""unavailable_n"":0}"
4fd2bc51397502cb1c085b5c,mquake,R1_nonlearned,2,102,300,near_miss_bounded,"{""evaluated_value"":0.0,""numerator"":0.0,""planned"":100,""scored"":100,""status"":""complete"",""status_counts"":{""ok"":100},""value"":0.0}"
4fd2bc51397502cb1c085b5c,mquake,R1_nonlearned,2,102,300,near_miss_terminated,"{""evaluated_value"":0.0,""numerator"":0.0,""planned"":100,""scored"":100,""status"":""complete"",""status_counts"":{""ok"":100},""value"":0.0}"
4fd2bc51397502cb1c085b5c,mquake,R1_nonlearned,2,102,300,revision_latest,"{""evaluated_value"":1.0,""numerator"":50.0,""planned"":50,""scored"":50,""status"":""complete"",""status_counts"":{""ok"":50},""value"":1.0}"
4fd2bc51397502cb1c085b5c,mquake,R1_nonlearned,2,102,300,revision_semantic,"{""evaluated_value"":1.0,""numerator"":50.0,""planned"":50,""scored"":50,""status"":""complete"",""status_counts"":{""ok"":50},""value"":1.0}"
4fd2bc51397502cb1c085b5c,mquake,R1_nonlearned,2,102,300,old_record_retired,"{""evaluated_value"":1.0,""numerator"":50.0,""planned"":50,""scored"":50,""status"":""complete"",""status_counts"":{""ok"":50},""value"":1.0}"
4fd2bc51397502cb1c085b5c,mquake,R1_nonlearned,2,102,300,new_record_active,"{""evaluated_value"":1.0,""numerator"":50.0,""planned"":50,""scored"":50,""status"":""complete"",""status_counts"":{""ok"":50},""value"":1.0}"
4fd2bc51397502cb1c085b5c,mquake,R1_nonlearned,2,102,300,drift,"{""planned_positions"":16256,""references"":{""capoff"":{""ES95_positive_nats"":0.3000805803760435,""ES99_positive_nats"":1.5004029018802176,""count_above_0_1_nats"":81,""definition"":""fractional empirical top1% mean of positive NLL harm; denominator .01*N"",""exceedances_nats"":{""0.01"":81,""0.1"":81,""1.0"":64},""max_positive_nats"":10.341557940423044,""maximum_position"":""w68:p7"",""mean_positive_nats"":0.015004029018802177,""mean_signed_nats"":0.014935655441761004,""zero_positive_n"":16175},""original"":{""ES95_positive_nats"":0.3000805803760435,""ES99_positive_nats"":1.5004029018802176,""count_above_0_1_nats"":81,""definition"":""fractional empirical top1% mean of positive NLL harm; denominator .01*N"",""exceedances_nats"":{""0.01"":81,""0.1"":81,""1.0"":64},""max_positive_nats"":10.341557940423044,""maximum_position"":""w68:p7"",""mean_positive_nats"":0.015004029018802177,""mean_signed_nats"":0.014935655441761004,""zero_positive_n"":16175}},""scored_positions"":16256,""source_sha256"":""2e67327e54b5fb83e765c2320affcf8cfc4fc30b3996eea06105c850609ee524"",""status"":""complete""}"
c0e77c94b06dd3464838be93,mquake,R1_nonlearned,2,103,100,LS_terminated,"{""evaluated_value"":0.0,""numerator"":0.0,""planned"":50,""scored"":50,""status"":""complete"",""status_counts"":{""ok"":50},""value"":0.0}"
c0e77c94b06dd3464838be93,mquake,R1_nonlearned,2,103,100,locality,"{""expected_n"":50,""preserved_fraction"":0.0,""preserved_n"":0,""preserved_terminated_fraction"":0.0,""preserved_terminated_n"":0,""primary_convention"":""DEC-053 bounded exact decoded-text equality, no normalization or termination requirement"",""query_truncated_n"":0,""reference_truncated_n"":28,""scored_n"":50,""secondary_convention"":""same decoded text and neither side truncated"",""status"":""complete"",""truncated_pair_n"":28,""unavailable_n"":0}"
c0e77c94b06dd3464838be93,mquake,R1_nonlearned,2,103,100,unseen_false_fire,"{""evaluated_value"":1.0,""numerator"":100.0,""planned"":100,""scored"":100,""status"":""complete"",""status_counts"":{""ok"":100},""value"":1.0,""wilson_evaluated"":{""confidence"":0.95,""interpretation"":""descriptive binomial reference; fixed development data/selection and dependent prompts limit population inference"",""lower"":0.9630065017930143,""upper"":1.0},""wilson_full_inventory"":{""confidence"":0.95,""interpretation"":""descriptive binomial reference; fixed development data/selection and dependent prompts limit population inference"",""lower"":0.9630065017930143,""upper"":1.0}}"
c0e77c94b06dd3464838be93,mquake,R1_nonlearned,2,103,100,unseen_answer_changed,"{""evaluated_value"":1.0,""numerator"":100.0,""planned"":100,""scored"":100,""status"":""complete"",""status_counts"":{""ok"":100},""value"":1.0}"
c0e77c94b06dd3464838be93,mquake,R1_nonlearned,2,103,300,LS_terminated,"{""evaluated_value"":0.0,""numerator"":0.0,""planned"":50,""scored"":50,""status"":""complete"",""status_counts"":{""ok"":50},""value"":0.0}"
c0e77c94b06dd3464838be93,mquake,R1_nonlearned,2,103,300,locality,"{""expected_n"":50,""preserved_fraction"":0.0,""preserved_n"":0,""preserved_terminated_fraction"":0.0,""preserved_terminated_n"":0,""primary_convention"":""DEC-053 bounded exact decoded-text equality, no normalization or termination requirement"",""query_truncated_n"":0,""reference_truncated_n"":28,""scored_n"":50,""secondary_convention"":""same decoded text and neither side truncated"",""status"":""complete"",""truncated_pair_n"":28,""unavailable_n"":0}"
c0e77c94b06dd3464838be93,mquake,R1_nonlearned,2,103,300,unseen_false_fire,"{""evaluated_value"":1.0,""numerator"":100.0,""planned"":100,""scored"":100,""status"":""complete"",""status_counts"":{""ok"":100},""value"":1.0,""wilson_evaluated"":{""confidence"":0.95,""interpretation"":""descriptive binomial reference; fixed development data/selection and dependent prompts limit population inference"",""lower"":0.9630065017930143,""upper"":1.0},""wilson_full_inventory"":{""confidence"":0.95,""interpretation"":""descriptive binomial reference; fixed development data/selection and dependent prompts limit population inference"",""lower"":0.9630065017930143,""upper"":1.0}}"
c0e77c94b06dd3464838be93,mquake,R1_nonlearned,2,103,300,unseen_answer_changed,"{""evaluated_value"":1.0,""numerator"":100.0,""planned"":100,""scored"":100,""status"":""complete"",""status_counts"":{""ok"":100},""value"":1.0}"
c0e77c94b06dd3464838be93,mquake,R1_nonlearned,2,103,300,near_miss,"{""expected_n"":100,""preserved_fraction"":0.0,""preserved_n"":0,""preserved_terminated_fraction"":0.0,""preserved_terminated_n"":0,""primary_convention"":""DEC-053 bounded exact decoded-text equality, no normalization or termination requirement"",""query_truncated_n"":0,""reference_truncated_n"":48,""scored_n"":100,""secondary_convention"":""same decoded text and neither side truncated"",""status"":""complete"",""truncated_pair_n"":48,""unavailable_n"":0}"
c0e77c94b06dd3464838be93,mquake,R1_nonlearned,2,103,300,near_miss_bounded,"{""evaluated_value"":0.0,""numerator"":0.0,""planned"":100,""scored"":100,""status"":""complete"",""status_counts"":{""ok"":100},""value"":0.0}"
c0e77c94b06dd3464838be93,mquake,R1_nonlearned,2,103,300,near_miss_terminated,"{""evaluated_value"":0.0,""numerator"":0.0,""planned"":100,""scored"":100,""status"":""complete"",""status_counts"":{""ok"":100},""value"":0.0}"
c0e77c94b06dd3464838be93,mquake,R1_nonlearned,2,103,300,revision_latest,"{""evaluated_value"":1.0,""numerator"":50.0,""planned"":50,""scored"":50,""status"":""complete"",""status_counts"":{""ok"":50},""value"":1.0}"
c0e77c94b06dd3464838be93,mquake,R1_nonlearned,2,103,300,revision_semantic,"{""evaluated_value"":1.0,""numerator"":50.0,""planned"":50,""scored"":50,""status"":""complete"",""status_counts"":{""ok"":50},""value"":1.0}"
c0e77c94b06dd3464838be93,mquake,R1_nonlearned,2,103,300,old_record_retired,"{""evaluated_value"":1.0,""numerator"":50.0,""planned"":50,""scored"":50,""status"":""complete"",""status_counts"":{""ok"":50},""value"":1.0}"
c0e77c94b06dd3464838be93,mquake,R1_nonlearned,2,103,300,new_record_active,"{""evaluated_value"":1.0,""numerator"":50.0,""planned"":50,""scored"":50,""status"":""complete"",""status_counts"":{""ok"":50},""value"":1.0}"
c0e77c94b06dd3464838be93,mquake,R1_nonlearned,2,103,300,drift,"{""planned_positions"":16256,""references"":{""capoff"":{""ES95_positive_nats"":0.3000805803760435,""ES99_positive_nats"":1.5004029018802176,""count_above_0_1_nats"":81,""definition"":""fractional empirical top1% mean of positive NLL harm; denominator .01*N"",""exceedances_nats"":{""0.01"":81,""0.1"":81,""1.0"":64},""max_positive_nats"":10.341557940423044,""maximum_position"":""w68:p7"",""mean_positive_nats"":0.015004029018802177,""mean_signed_nats"":0.014935655441761004,""zero_positive_n"":16175},""original"":{""ES95_positive_nats"":0.3000805803760435,""ES99_positive_nats"":1.5004029018802176,""count_above_0_1_nats"":81,""definition"":""fractional empirical top1% mean of positive NLL harm; denominator .01*N"",""exceedances_nats"":{""0.01"":81,""0.1"":81,""1.0"":64},""max_positive_nats"":10.341557940423044,""maximum_position"":""w68:p7"",""mean_positive_nats"":0.015004029018802177,""mean_signed_nats"":0.014935655441761004,""zero_positive_n"":16175}},""scored_positions"":16256,""source_sha256"":""2e67327e54b5fb83e765c2320affcf8cfc4fc30b3996eea06105c850609ee524"",""status"":""complete""}"
4c700c665ce70ca41e4569dd,mquake,R1_nonlearned,2,104,100,LS_terminated,"{""evaluated_value"":0.0,""numerator"":0.0,""planned"":50,""scored"":50,""status"":""complete"",""status_counts"":{""ok"":50},""value"":0.0}"
4c700c665ce70ca41e4569dd,mquake,R1_nonlearned,2,104,100,locality,"{""expected_n"":50,""preserved_fraction"":0.0,""preserved_n"":0,""preserved_terminated_fraction"":0.0,""preserved_terminated_n"":0,""primary_convention"":""DEC-053 bounded exact decoded-text equality, no normalization or termination requirement"",""query_truncated_n"":0,""reference_truncated_n"":28,""scored_n"":50,""secondary_convention"":""same decoded text and neither side truncated"",""status"":""complete"",""truncated_pair_n"":28,""unavailable_n"":0}"
4c700c665ce70ca41e4569dd,mquake,R1_nonlearned,2,104,100,unseen_false_fire,"{""evaluated_value"":1.0,""numerator"":100.0,""planned"":100,""scored"":100,""status"":""complete"",""status_counts"":{""ok"":100},""value"":1.0,""wilson_evaluated"":{""confidence"":0.95,""interpretation"":""descriptive binomial reference; fixed development data/selection and dependent prompts limit population inference"",""lower"":0.9630065017930143,""upper"":1.0},""wilson_full_inventory"":{""confidence"":0.95,""interpretation"":""descriptive binomial reference; fixed development data/selection and dependent prompts limit population inference"",""lower"":0.9630065017930143,""upper"":1.0}}"
4c700c665ce70ca41e4569dd,mquake,R1_nonlearned,2,104,100,unseen_answer_changed,"{""evaluated_value"":1.0,""numerator"":100.0,""planned"":100,""scored"":100,""status"":""complete"",""status_counts"":{""ok"":100},""value"":1.0}"
4c700c665ce70ca41e4569dd,mquake,R1_nonlearned,2,104,300,LS_terminated,"{""evaluated_value"":0.0,""numerator"":0.0,""planned"":50,""scored"":50,""status"":""complete"",""status_counts"":{""ok"":50},""value"":0.0}"
4c700c665ce70ca41e4569dd,mquake,R1_nonlearned,2,104,300,locality,"{""expected_n"":50,""preserved_fraction"":0.0,""preserved_n"":0,""preserved_terminated_fraction"":0.0,""preserved_terminated_n"":0,""primary_convention"":""DEC-053 bounded exact decoded-text equality, no normalization or termination requirement"",""query_truncated_n"":0,""reference_truncated_n"":28,""scored_n"":50,""secondary_convention"":""same decoded text and neither side truncated"",""status"":""complete"",""truncated_pair_n"":28,""unavailable_n"":0}"
4c700c665ce70ca41e4569dd,mquake,R1_nonlearned,2,104,300,unseen_false_fire,"{""evaluated_value"":1.0,""numerator"":100.0,""planned"":100,""scored"":100,""status"":""complete"",""status_counts"":{""ok"":100},""value"":1.0,""wilson_evaluated"":{""confidence"":0.95,""interpretation"":""descriptive binomial reference; fixed development data/selection and dependent prompts limit population inference"",""lower"":0.9630065017930143,""upper"":1.0},""wilson_full_inventory"":{""confidence"":0.95,""interpretation"":""descriptive binomial reference; fixed development data/selection and dependent prompts limit population inference"",""lower"":0.9630065017930143,""upper"":1.0}}"
4c700c665ce70ca41e4569dd,mquake,R1_nonlearned,2,104,300,unseen_answer_changed,"{""evaluated_value"":1.0,""numerator"":100.0,""planned"":100,""scored"":100,""status"":""complete"",""status_counts"":{""ok"":100},""value"":1.0}"
4c700c665ce70ca41e4569dd,mquake,R1_nonlearned,2,104,300,near_miss,"{""expected_n"":100,""preserved_fraction"":0.0,""preserved_n"":0,""preserved_terminated_fraction"":0.0,""preserved_terminated_n"":0,""primary_convention"":""DEC-053 bounded exact decoded-text equality, no normalization or termination requirement"",""query_truncated_n"":0,""reference_truncated_n"":48,""scored_n"":100,""secondary_convention"":""same decoded text and neither side truncated"",""status"":""complete"",""truncated_pair_n"":48,""unavailable_n"":0}"
4c700c665ce70ca41e4569dd,mquake,R1_nonlearned,2,104,300,near_miss_bounded,"{""evaluated_value"":0.0,""numerator"":0.0,""planned"":100,""scored"":100,""status"":""complete"",""status_counts"":{""ok"":100},""value"":0.0}"
4c700c665ce70ca41e4569dd,mquake,R1_nonlearned,2,104,300,near_miss_terminated,"{""evaluated_value"":0.0,""numerator"":0.0,""planned"":100,""scored"":100,""status"":""complete"",""status_counts"":{""ok"":100},""value"":0.0}"
4c700c665ce70ca41e4569dd,mquake,R1_nonlearned,2,104,300,revision_latest,"{""evaluated_value"":1.0,""numerator"":50.0,""planned"":50,""scored"":50,""status"":""complete"",""status_counts"":{""ok"":50},""value"":1.0}"
4c700c665ce70ca41e4569dd,mquake,R1_nonlearned,2,104,300,revision_semantic,"{""evaluated_value"":1.0,""numerator"":50.0,""planned"":50,""scored"":50,""status"":""complete"",""status_counts"":{""ok"":50},""value"":1.0}"
4c700c665ce70ca41e4569dd,mquake,R1_nonlearned,2,104,300,old_record_retired,"{""evaluated_value"":1.0,""numerator"":50.0,""planned"":50,""scored"":50,""status"":""complete"",""status_counts"":{""ok"":50},""value"":1.0}"
4c700c665ce70ca41e4569dd,mquake,R1_nonlearned,2,104,300,new_record_active,"{""evaluated_value"":1.0,""numerator"":50.0,""planned"":50,""scored"":50,""status"":""complete"",""status_counts"":{""ok"":50},""value"":1.0}"
4c700c665ce70ca41e4569dd,mquake,R1_nonlearned,2,104,300,drift,"{""planned_positions"":16256,""references"":{""capoff"":{""ES95_positive_nats"":0.3000805803760435,""ES99_positive_nats"":1.5004029018802176,""count_above_0_1_nats"":81,""definition"":""fractional empirical top1% mean of positive NLL harm; denominator .01*N"",""exceedances_nats"":{""0.01"":81,""0.1"":81,""1.0"":64},""max_positive_nats"":10.341557940423044,""maximum_position"":""w68:p7"",""mean_positive_nats"":0.015004029018802177,""mean_signed_nats"":0.014935655441761004,""zero_positive_n"":16175},""original"":{""ES95_positive_nats"":0.3000805803760435,""ES99_positive_nats"":1.5004029018802176,""count_above_0_1_nats"":81,""definition"":""fractional empirical top1% mean of positive NLL harm; denominator .01*N"",""exceedances_nats"":{""0.01"":81,""0.1"":81,""1.0"":64},""max_positive_nats"":10.341557940423044,""maximum_position"":""w68:p7"",""mean_positive_nats"":0.015004029018802177,""mean_signed_nats"":0.014935655441761004,""zero_positive_n"":16175}},""scored_positions"":16256,""source_sha256"":""2e67327e54b5fb83e765c2320affcf8cfc4fc30b3996eea06105c850609ee524"",""status"":""complete""}"
dc17fc3637068157dba0207d,zsre,v0_stable,2,100,100,LS_terminated,"{""evaluated_value"":1.0,""numerator"":50.0,""planned"":50,""scored"":50,""status"":""complete"",""status_counts"":{""ok"":50},""value"":1.0}"
dc17fc3637068157dba0207d,zsre,v0_stable,2,100,100,locality,"{""expected_n"":50,""preserved_fraction"":1.0,""preserved_n"":50,""preserved_terminated_fraction"":1.0,""preserved_terminated_n"":50,""primary_convention"":""DEC-053 bounded exact decoded-text equality, no normalization or termination requirement"",""query_truncated_n"":0,""reference_truncated_n"":0,""scored_n"":50,""secondary_convention"":""same decoded text and neither side truncated"",""status"":""complete"",""truncated_pair_n"":0,""unavailable_n"":0}"
dc17fc3637068157dba0207d,zsre,v0_stable,2,100,100,unseen_false_fire,"{""evaluated_value"":null,""numerator"":0.0,""planned"":100,""scored"":0,""status"":""incomplete"",""status_counts"":{""ok"":100},""value"":null,""wilson_evaluated"":null,""wilson_full_inventory"":null}"
dc17fc3637068157dba0207d,zsre,v0_stable,2,100,100,unseen_answer_changed,"{""evaluated_value"":0.39,""numerator"":39.0,""planned"":100,""scored"":100,""status"":""complete"",""status_counts"":{""ok"":100},""value"":0.39}"
dc17fc3637068157dba0207d,zsre,v0_stable,2,100,300,LS_terminated,"{""evaluated_value"":1.0,""numerator"":50.0,""planned"":50,""scored"":50,""status"":""complete"",""status_counts"":{""ok"":50},""value"":1.0}"
dc17fc3637068157dba0207d,zsre,v0_stable,2,100,300,locality,"{""expected_n"":50,""preserved_fraction"":1.0,""preserved_n"":50,""preserved_terminated_fraction"":1.0,""preserved_terminated_n"":50,""primary_convention"":""DEC-053 bounded exact decoded-text equality, no normalization or termination requirement"",""query_truncated_n"":0,""reference_truncated_n"":0,""scored_n"":50,""secondary_convention"":""same decoded text and neither side truncated"",""status"":""complete"",""truncated_pair_n"":0,""unavailable_n"":0}"
dc17fc3637068157dba0207d,zsre,v0_stable,2,100,300,unseen_false_fire,"{""evaluated_value"":null,""numerator"":0.0,""planned"":100,""scored"":0,""status"":""incomplete"",""status_counts"":{""ok"":100},""value"":null,""wilson_evaluated"":null,""wilson_full_inventory"":null}"
dc17fc3637068157dba0207d,zsre,v0_stable,2,100,300,unseen_answer_changed,"{""evaluated_value"":0.46,""numerator"":46.0,""planned"":100,""scored"":100,""status"":""complete"",""status_counts"":{""ok"":100},""value"":0.46}"
dc17fc3637068157dba0207d,zsre,v0_stable,2,100,1000,LS_terminated,"{""evaluated_value"":0.96,""numerator"":48.0,""planned"":50,""scored"":50,""status"":""complete"",""status_counts"":{""ok"":50},""value"":0.96}"
dc17fc3637068157dba0207d,zsre,v0_stable,2,100,1000,locality,"{""expected_n"":50,""preserved_fraction"":0.96,""preserved_n"":48,""preserved_terminated_fraction"":0.96,""preserved_terminated_n"":48,""primary_convention"":""DEC-053 bounded exact decoded-text equality, no normalization or termination requirement"",""query_truncated_n"":0,""reference_truncated_n"":0,""scored_n"":50,""secondary_convention"":""same decoded text and neither side truncated"",""status"":""complete"",""truncated_pair_n"":0,""unavailable_n"":0}"
dc17fc3637068157dba0207d,zsre,v0_stable,2,100,1000,unseen_false_fire,"{""evaluated_value"":null,""numerator"":0.0,""planned"":100,""scored"":0,""status"":""incomplete"",""status_counts"":{""ok"":100},""value"":null,""wilson_evaluated"":null,""wilson_full_inventory"":null}"
dc17fc3637068157dba0207d,zsre,v0_stable,2,100,1000,unseen_answer_changed,"{""evaluated_value"":0.58,""numerator"":58.0,""planned"":100,""scored"":100,""status"":""complete"",""status_counts"":{""ok"":100},""value"":0.58}"
dc17fc3637068157dba0207d,zsre,v0_stable,2,100,1000,near_miss,"{""expected_n"":100,""preserved_fraction"":0.31,""preserved_n"":31,""preserved_terminated_fraction"":0.31,""preserved_terminated_n"":31,""primary_convention"":""DEC-053 bounded exact decoded-text equality, no normalization or termination requirement"",""query_truncated_n"":6,""reference_truncated_n"":0,""scored_n"":100,""secondary_convention"":""same decoded text and neither side truncated"",""status"":""complete"",""truncated_pair_n"":6,""unavailable_n"":0}"
dc17fc3637068157dba0207d,zsre,v0_stable,2,100,1000,near_miss_bounded,"{""evaluated_value"":0.31,""numerator"":31.0,""planned"":100,""scored"":100,""status"":""complete"",""status_counts"":{""ok"":100},""value"":0.31}"
dc17fc3637068157dba0207d,zsre,v0_stable,2,100,1000,near_miss_terminated,"{""evaluated_value"":0.31,""numerator"":31.0,""planned"":100,""scored"":100,""status"":""complete"",""status_counts"":{""ok"":100},""value"":0.31}"
dc17fc3637068157dba0207d,zsre,v0_stable,2,100,1000,revision_latest,"{""evaluated_value"":0.04,""numerator"":2.0,""planned"":50,""scored"":50,""status"":""complete"",""status_counts"":{""ok"":50},""value"":0.04}"
dc17fc3637068157dba0207d,zsre,v0_stable,2,100,1000,revision_semantic,"{""evaluated_value"":null,""numerator"":0.0,""planned"":50,""scored"":0,""status"":""incomplete"",""status_counts"":{""ok"":50},""value"":null}"
dc17fc3637068157dba0207d,zsre,v0_stable,2,100,1000,old_record_retired,"{""evaluated_value"":null,""numerator"":0.0,""planned"":50,""scored"":0,""status"":""incomplete"",""status_counts"":{""ok"":50},""value"":null}"
dc17fc3637068157dba0207d,zsre,v0_stable,2,100,1000,new_record_active,"{""evaluated_value"":null,""numerator"":0.0,""planned"":50,""scored"":0,""status"":""incomplete"",""status_counts"":{""ok"":50},""value"":null}"
dc17fc3637068157dba0207d,zsre,v0_stable,2,100,1000,drift,"{""planned_positions"":16256,""references"":{""capoff"":{""ES95_positive_nats"":0.015256259478291557,""ES99_positive_nats"":0.07628129739145778,""count_above_0_1_nats"":11,""definition"":""fractional empirical top1% mean of positive NLL harm; denominator .01*N"",""exceedances_nats"":{""0.01"":12,""0.1"":11,""1.0"":4},""max_positive_nats"":3.42797036078845,""maximum_position"":""w23:p8"",""mean_positive_nats"":0.0007628129739145779,""mean_signed_nats"":0.0005142886176280778,""zero_positive_n"":16244},""original"":{""ES95_positive_nats"":0.015256259478291557,""ES99_positive_nats"":0.07628129739145778,""count_above_0_1_nats"":11,""definition"":""fractional empirical top1% mean of positive NLL harm; denominator .01*N"",""exceedances_nats"":{""0.01"":12,""0.1"":11,""1.0"":4},""max_positive_nats"":3.42797036078845,""maximum_position"":""w23:p8"",""mean_positive_nats"":0.0007628129739145779,""mean_signed_nats"":0.0005142886176280778,""zero_positive_n"":16244}},""scored_positions"":16256,""source_sha256"":""2e67327e54b5fb83e765c2320affcf8cfc4fc30b3996eea06105c850609ee524"",""status"":""complete""}"
727b32ab9723cb9feba71636,zsre,v0_stable,2,101,100,LS_terminated,"{""evaluated_value"":1.0,""numerator"":50.0,""planned"":50,""scored"":50,""status"":""complete"",""status_counts"":{""ok"":50},""value"":1.0}"
727b32ab9723cb9feba71636,zsre,v0_stable,2,101,100,locality,"{""expected_n"":50,""preserved_fraction"":1.0,""preserved_n"":50,""preserved_terminated_fraction"":1.0,""preserved_terminated_n"":50,""primary_convention"":""DEC-053 bounded exact decoded-text equality, no normalization or termination requirement"",""query_truncated_n"":0,""reference_truncated_n"":0,""scored_n"":50,""secondary_convention"":""same decoded text and neither side truncated"",""status"":""complete"",""truncated_pair_n"":0,""unavailable_n"":0}"
727b32ab9723cb9feba71636,zsre,v0_stable,2,101,100,unseen_false_fire,"{""evaluated_value"":null,""numerator"":0.0,""planned"":100,""scored"":0,""status"":""incomplete"",""status_counts"":{""ok"":100},""value"":null,""wilson_evaluated"":null,""wilson_full_inventory"":null}"
727b32ab9723cb9feba71636,zsre,v0_stable,2,101,100,unseen_answer_changed,"{""evaluated_value"":0.3,""numerator"":30.0,""planned"":100,""scored"":100,""status"":""complete"",""status_counts"":{""ok"":100},""value"":0.3}"
727b32ab9723cb9feba71636,zsre,v0_stable,2,101,300,LS_terminated,"{""evaluated_value"":0.98,""numerator"":49.0,""planned"":50,""scored"":50,""status"":""complete"",""status_counts"":{""ok"":50},""value"":0.98}"
727b32ab9723cb9feba71636,zsre,v0_stable,2,101,300,locality,"{""expected_n"":50,""preserved_fraction"":0.98,""preserved_n"":49,""preserved_terminated_fraction"":0.98,""preserved_terminated_n"":49,""primary_convention"":""DEC-053 bounded exact decoded-text equality, no normalization or termination requirement"",""query_truncated_n"":0,""reference_truncated_n"":0,""scored_n"":50,""secondary_convention"":""same decoded text and neither side truncated"",""status"":""complete"",""truncated_pair_n"":0,""unavailable_n"":0}"
727b32ab9723cb9feba71636,zsre,v0_stable,2,101,300,unseen_false_fire,"{""evaluated_value"":null,""numerator"":0.0,""planned"":100,""scored"":0,""status"":""incomplete"",""status_counts"":{""ok"":100},""value"":null,""wilson_evaluated"":null,""wilson_full_inventory"":null}"
727b32ab9723cb9feba71636,zsre,v0_stable,2,101,300,unseen_answer_changed,"{""evaluated_value"":0.5,""numerator"":50.0,""planned"":100,""scored"":100,""status"":""complete"",""status_counts"":{""ok"":100},""value"":0.5}"
727b32ab9723cb9feba71636,zsre,v0_stable,2,101,1000,LS_terminated,"{""evaluated_value"":0.96,""numerator"":48.0,""planned"":50,""scored"":50,""status"":""complete"",""status_counts"":{""ok"":50},""value"":0.96}"
727b32ab9723cb9feba71636,zsre,v0_stable,2,101,1000,locality,"{""expected_n"":50,""preserved_fraction"":0.96,""preserved_n"":48,""preserved_terminated_fraction"":0.96,""preserved_terminated_n"":48,""primary_convention"":""DEC-053 bounded exact decoded-text equality, no normalization or termination requirement"",""query_truncated_n"":0,""reference_truncated_n"":0,""scored_n"":50,""secondary_convention"":""same decoded text and neither side truncated"",""status"":""complete"",""truncated_pair_n"":0,""unavailable_n"":0}"
727b32ab9723cb9feba71636,zsre,v0_stable,2,101,1000,unseen_false_fire,"{""evaluated_value"":null,""numerator"":0.0,""planned"":100,""scored"":0,""status"":""incomplete"",""status_counts"":{""ok"":100},""value"":null,""wilson_evaluated"":null,""wilson_full_inventory"":null}"
727b32ab9723cb9feba71636,zsre,v0_stable,2,101,1000,unseen_answer_changed,"{""evaluated_value"":0.49,""numerator"":49.0,""planned"":100,""scored"":100,""status"":""complete"",""status_counts"":{""ok"":100},""value"":0.49}"
727b32ab9723cb9feba71636,zsre,v0_stable,2,101,1000,near_miss,"{""expected_n"":100,""preserved_fraction"":0.3,""preserved_n"":30,""preserved_terminated_fraction"":0.3,""preserved_terminated_n"":30,""primary_convention"":""DEC-053 bounded exact decoded-text equality, no normalization or termination requirement"",""query_truncated_n"":4,""reference_truncated_n"":0,""scored_n"":100,""secondary_convention"":""same decoded text and neither side truncated"",""status"":""complete"",""truncated_pair_n"":4,""unavailable_n"":0}"
727b32ab9723cb9feba71636,zsre,v0_stable,2,101,1000,near_miss_bounded,"{""evaluated_value"":0.3,""numerator"":30.0,""planned"":100,""scored"":100,""status"":""complete"",""status_counts"":{""ok"":100},""value"":0.3}"
727b32ab9723cb9feba71636,zsre,v0_stable,2,101,1000,near_miss_terminated,"{""evaluated_value"":0.3,""numerator"":30.0,""planned"":100,""scored"":100,""status"":""complete"",""status_counts"":{""ok"":100},""value"":0.3}"
727b32ab9723cb9feba71636,zsre,v0_stable,2,101,1000,revision_latest,"{""evaluated_value"":0.04,""numerator"":2.0,""planned"":50,""scored"":50,""status"":""complete"",""status_counts"":{""ok"":50},""value"":0.04}"
727b32ab9723cb9feba71636,zsre,v0_stable,2,101,1000,revision_semantic,"{""evaluated_value"":null,""numerator"":0.0,""planned"":50,""scored"":0,""status"":""incomplete"",""status_counts"":{""ok"":50},""value"":null}"
727b32ab9723cb9feba71636,zsre,v0_stable,2,101,1000,old_record_retired,"{""evaluated_value"":null,""numerator"":0.0,""planned"":50,""scored"":0,""status"":""incomplete"",""status_counts"":{""ok"":50},""value"":null}"
727b32ab9723cb9feba71636,zsre,v0_stable,2,101,1000,new_record_active,"{""evaluated_value"":null,""numerator"":0.0,""planned"":50,""scored"":0,""status"":""incomplete"",""status_counts"":{""ok"":50},""value"":null}"
727b32ab9723cb9feba71636,zsre,v0_stable,2,101,1000,drift,"{""planned_positions"":16256,""references"":{""capoff"":{""ES95_positive_nats"":0.007046889864397375,""ES99_positive_nats"":0.035234449321986876,""count_above_0_1_nats"":11,""definition"":""fractional empirical top1% mean of positive NLL harm; denominator .01*N"",""exceedances_nats"":{""0.01"":12,""0.1"":11,""1.0"":1},""max_positive_nats"":1.060749137390232,""maximum_position"":""w42:p16"",""mean_positive_nats"":0.0003523444932198688,""mean_signed_nats"":0.00012496033035482428,""zero_positive_n"":16244},""original"":{""ES95_positive_nats"":0.007046889864397375,""ES99_positive_nats"":0.035234449321986876,""count_above_0_1_nats"":11,""definition"":""fractional empirical top1% mean of positive NLL harm; denominator .01*N"",""exceedances_nats"":{""0.01"":12,""0.1"":11,""1.0"":1},""max_positive_nats"":1.060749137390232,""maximum_position"":""w42:p16"",""mean_positive_nats"":0.0003523444932198688,""mean_signed_nats"":0.00012496033035482428,""zero_positive_n"":16244}},""scored_positions"":16256,""source_sha256"":""2e67327e54b5fb83e765c2320affcf8cfc4fc30b3996eea06105c850609ee524"",""status"":""complete""}"
a02980b0886a222f8e2f58e8,zsre,v0_stable,2,102,100,LS_terminated,"{""evaluated_value"":1.0,""numerator"":50.0,""planned"":50,""scored"":50,""status"":""complete"",""status_counts"":{""ok"":50},""value"":1.0}"
a02980b0886a222f8e2f58e8,zsre,v0_stable,2,102,100,locality,"{""expected_n"":50,""preserved_fraction"":1.0,""preserved_n"":50,""preserved_terminated_fraction"":1.0,""preserved_terminated_n"":50,""primary_convention"":""DEC-053 bounded exact decoded-text equality, no normalization or termination requirement"",""query_truncated_n"":0,""reference_truncated_n"":0,""scored_n"":50,""secondary_convention"":""same decoded text and neither side truncated"",""status"":""complete"",""truncated_pair_n"":0,""unavailable_n"":0}"
a02980b0886a222f8e2f58e8,zsre,v0_stable,2,102,100,unseen_false_fire,"{""evaluated_value"":null,""numerator"":0.0,""planned"":100,""scored"":0,""status"":""incomplete"",""status_counts"":{""ok"":100},""value"":null,""wilson_evaluated"":null,""wilson_full_inventory"":null}"
a02980b0886a222f8e2f58e8,zsre,v0_stable,2,102,100,unseen_answer_changed,"{""evaluated_value"":0.36,""numerator"":36.0,""planned"":100,""scored"":100,""status"":""complete"",""status_counts"":{""ok"":100},""value"":0.36}"
a02980b0886a222f8e2f58e8,zsre,v0_stable,2,102,300,LS_terminated,"{""evaluated_value"":1.0,""numerator"":50.0,""planned"":50,""scored"":50,""status"":""complete"",""status_counts"":{""ok"":50},""value"":1.0}"
a02980b0886a222f8e2f58e8,zsre,v0_stable,2,102,300,locality,"{""expected_n"":50,""preserved_fraction"":1.0,""preserved_n"":50,""preserved_terminated_fraction"":1.0,""preserved_terminated_n"":50,""primary_convention"":""DEC-053 bounded exact decoded-text equality, no normalization or termination requirement"",""query_truncated_n"":0,""reference_truncated_n"":0,""scored_n"":50,""secondary_convention"":""same decoded text and neither side truncated"",""status"":""complete"",""truncated_pair_n"":0,""unavailable_n"":0}"
a02980b0886a222f8e2f58e8,zsre,v0_stable,2,102,300,unseen_false_fire,"{""evaluated_value"":null,""numerator"":0.0,""planned"":100,""scored"":0,""status"":""incomplete"",""status_counts"":{""ok"":100},""value"":null,""wilson_evaluated"":null,""wilson_full_inventory"":null}"
a02980b0886a222f8e2f58e8,zsre,v0_stable,2,102,300,unseen_answer_changed,"{""evaluated_value"":0.43,""numerator"":43.0,""planned"":100,""scored"":100,""status"":""complete"",""status_counts"":{""ok"":100},""value"":0.43}"
a02980b0886a222f8e2f58e8,zsre,v0_stable,2,102,1000,LS_terminated,"{""evaluated_value"":1.0,""numerator"":50.0,""planned"":50,""scored"":50,""status"":""complete"",""status_counts"":{""ok"":50},""value"":1.0}"
a02980b0886a222f8e2f58e8,zsre,v0_stable,2,102,1000,locality,"{""expected_n"":50,""preserved_fraction"":1.0,""preserved_n"":50,""preserved_terminated_fraction"":1.0,""preserved_terminated_n"":50,""primary_convention"":""DEC-053 bounded exact decoded-text equality, no normalization or termination requirement"",""query_truncated_n"":0,""reference_truncated_n"":0,""scored_n"":50,""secondary_convention"":""same decoded text and neither side truncated"",""status"":""complete"",""truncated_pair_n"":0,""unavailable_n"":0}"
a02980b0886a222f8e2f58e8,zsre,v0_stable,2,102,1000,unseen_false_fire,"{""evaluated_value"":null,""numerator"":0.0,""planned"":100,""scored"":0,""status"":""incomplete"",""status_counts"":{""ok"":100},""value"":null,""wilson_evaluated"":null,""wilson_full_inventory"":null}"
a02980b0886a222f8e2f58e8,zsre,v0_stable,2,102,1000,unseen_answer_changed,"{""evaluated_value"":0.5,""numerator"":50.0,""planned"":100,""scored"":100,""status"":""complete"",""status_counts"":{""ok"":100},""value"":0.5}"
a02980b0886a222f8e2f58e8,zsre,v0_stable,2,102,1000,near_miss,"{""expected_n"":100,""preserved_fraction"":0.23,""preserved_n"":23,""preserved_terminated_fraction"":0.23,""preserved_terminated_n"":23,""primary_convention"":""DEC-053 bounded exact decoded-text equality, no normalization or termination requirement"",""query_truncated_n"":4,""reference_truncated_n"":0,""scored_n"":100,""secondary_convention"":""same decoded text and neither side truncated"",""status"":""complete"",""truncated_pair_n"":4,""unavailable_n"":0}"
a02980b0886a222f8e2f58e8,zsre,v0_stable,2,102,1000,near_miss_bounded,"{""evaluated_value"":0.23,""numerator"":23.0,""planned"":100,""scored"":100,""status"":""complete"",""status_counts"":{""ok"":100},""value"":0.23}"
a02980b0886a222f8e2f58e8,zsre,v0_stable,2,102,1000,near_miss_terminated,"{""evaluated_value"":0.23,""numerator"":23.0,""planned"":100,""scored"":100,""status"":""complete"",""status_counts"":{""ok"":100},""value"":0.23}"
a02980b0886a222f8e2f58e8,zsre,v0_stable,2,102,1000,revision_latest,"{""evaluated_value"":0.02,""numerator"":1.0,""planned"":50,""scored"":50,""status"":""complete"",""status_counts"":{""ok"":50},""value"":0.02}"
a02980b0886a222f8e2f58e8,zsre,v0_stable,2,102,1000,revision_semantic,"{""evaluated_value"":null,""numerator"":0.0,""planned"":50,""scored"":0,""status"":""incomplete"",""status_counts"":{""ok"":50},""value"":null}"
a02980b0886a222f8e2f58e8,zsre,v0_stable,2,102,1000,old_record_retired,"{""evaluated_value"":null,""numerator"":0.0,""planned"":50,""scored"":0,""status"":""incomplete"",""status_counts"":{""ok"":50},""value"":null}"
a02980b0886a222f8e2f58e8,zsre,v0_stable,2,102,1000,new_record_active,"{""evaluated_value"":null,""numerator"":0.0,""planned"":50,""scored"":0,""status"":""incomplete"",""status_counts"":{""ok"":50},""value"":null}"
a02980b0886a222f8e2f58e8,zsre,v0_stable,2,102,1000,drift,"{""planned_positions"":16256,""references"":{""capoff"":{""ES95_positive_nats"":0.0091925110840174,""ES99_positive_nats"":0.045962555420087,""count_above_0_1_nats"":10,""definition"":""fractional empirical top1% mean of positive NLL harm; denominator .01*N"",""exceedances_nats"":{""0.01"":11,""0.1"":10,""1.0"":3},""max_positive_nats"":2.0994146490789376,""maximum_position"":""w112:p20"",""mean_positive_nats"":0.00045962555420087006,""mean_signed_nats"":0.0002447733787903149,""zero_positive_n"":16245},""original"":{""ES95_positive_nats"":0.0091925110840174,""ES99_positive_nats"":0.045962555420087,""count_above_0_1_nats"":10,""definition"":""fractional empirical top1% mean of positive NLL harm; denominator .01*N"",""exceedances_nats"":{""0.01"":11,""0.1"":10,""1.0"":3},""max_positive_nats"":2.0994146490789376,""maximum_position"":""w112:p20"",""mean_positive_nats"":0.00045962555420087006,""mean_signed_nats"":0.0002447733787903149,""zero_positive_n"":16245}},""scored_positions"":16256,""source_sha256"":""2e67327e54b5fb83e765c2320affcf8cfc4fc30b3996eea06105c850609ee524"",""status"":""complete""}"
9aeb330f6c7e29c85ee56da0,zsre,v0_stable,2,103,100,LS_terminated,"{""evaluated_value"":1.0,""numerator"":50.0,""planned"":50,""scored"":50,""status"":""complete"",""status_counts"":{""ok"":50},""value"":1.0}"
9aeb330f6c7e29c85ee56da0,zsre,v0_stable,2,103,100,locality,"{""expected_n"":50,""preserved_fraction"":1.0,""preserved_n"":50,""preserved_terminated_fraction"":1.0,""preserved_terminated_n"":50,""primary_convention"":""DEC-053 bounded exact decoded-text equality, no normalization or termination requirement"",""query_truncated_n"":0,""reference_truncated_n"":0,""scored_n"":50,""secondary_convention"":""same decoded text and neither side truncated"",""status"":""complete"",""truncated_pair_n"":0,""unavailable_n"":0}"
9aeb330f6c7e29c85ee56da0,zsre,v0_stable,2,103,100,unseen_false_fire,"{""evaluated_value"":null,""numerator"":0.0,""planned"":100,""scored"":0,""status"":""incomplete"",""status_counts"":{""ok"":100},""value"":null,""wilson_evaluated"":null,""wilson_full_inventory"":null}"
9aeb330f6c7e29c85ee56da0,zsre,v0_stable,2,103,100,unseen_answer_changed,"{""evaluated_value"":0.5,""numerator"":50.0,""planned"":100,""scored"":100,""status"":""complete"",""status_counts"":{""ok"":100},""value"":0.5}"
9aeb330f6c7e29c85ee56da0,zsre,v0_stable,2,103,300,LS_terminated,"{""evaluated_value"":1.0,""numerator"":50.0,""planned"":50,""scored"":50,""status"":""complete"",""status_counts"":{""ok"":50},""value"":1.0}"
9aeb330f6c7e29c85ee56da0,zsre,v0_stable,2,103,300,locality,"{""expected_n"":50,""preserved_fraction"":1.0,""preserved_n"":50,""preserved_terminated_fraction"":1.0,""preserved_terminated_n"":50,""primary_convention"":""DEC-053 bounded exact decoded-text equality, no normalization or termination requirement"",""query_truncated_n"":0,""reference_truncated_n"":0,""scored_n"":50,""secondary_convention"":""same decoded text and neither side truncated"",""status"":""complete"",""truncated_pair_n"":0,""unavailable_n"":0}"
9aeb330f6c7e29c85ee56da0,zsre,v0_stable,2,103,300,unseen_false_fire,"{""evaluated_value"":null,""numerator"":0.0,""planned"":100,""scored"":0,""status"":""incomplete"",""status_counts"":{""ok"":100},""value"":null,""wilson_evaluated"":null,""wilson_full_inventory"":null}"
9aeb330f6c7e29c85ee56da0,zsre,v0_stable,2,103,300,unseen_answer_changed,"{""evaluated_value"":0.41,""numerator"":41.0,""planned"":100,""scored"":100,""status"":""complete"",""status_counts"":{""ok"":100},""value"":0.41}"
9aeb330f6c7e29c85ee56da0,zsre,v0_stable,2,103,1000,LS_terminated,"{""evaluated_value"":0.98,""numerator"":49.0,""planned"":50,""scored"":50,""status"":""complete"",""status_counts"":{""ok"":50},""value"":0.98}"
9aeb330f6c7e29c85ee56da0,zsre,v0_stable,2,103,1000,locality,"{""expected_n"":50,""preserved_fraction"":0.98,""preserved_n"":49,""preserved_terminated_fraction"":0.98,""preserved_terminated_n"":49,""primary_convention"":""DEC-053 bounded exact decoded-text equality, no normalization or termination requirement"",""query_truncated_n"":0,""reference_truncated_n"":0,""scored_n"":50,""secondary_convention"":""same decoded text and neither side truncated"",""status"":""complete"",""truncated_pair_n"":0,""unavailable_n"":0}"
9aeb330f6c7e29c85ee56da0,zsre,v0_stable,2,103,1000,unseen_false_fire,"{""evaluated_value"":null,""numerator"":0.0,""planned"":100,""scored"":0,""status"":""incomplete"",""status_counts"":{""ok"":100},""value"":null,""wilson_evaluated"":null,""wilson_full_inventory"":null}"
9aeb330f6c7e29c85ee56da0,zsre,v0_stable,2,103,1000,unseen_answer_changed,"{""evaluated_value"":0.42,""numerator"":42.0,""planned"":100,""scored"":100,""status"":""complete"",""status_counts"":{""ok"":100},""value"":0.42}"
9aeb330f6c7e29c85ee56da0,zsre,v0_stable,2,103,1000,near_miss,"{""expected_n"":100,""preserved_fraction"":0.3,""preserved_n"":30,""preserved_terminated_fraction"":0.3,""preserved_terminated_n"":30,""primary_convention"":""DEC-053 bounded exact decoded-text equality, no normalization or termination requirement"",""query_truncated_n"":5,""reference_truncated_n"":0,""scored_n"":100,""secondary_convention"":""same decoded text and neither side truncated"",""status"":""complete"",""truncated_pair_n"":5,""unavailable_n"":0}"
9aeb330f6c7e29c85ee56da0,zsre,v0_stable,2,103,1000,near_miss_bounded,"{""evaluated_value"":0.3,""numerator"":30.0,""planned"":100,""scored"":100,""status"":""complete"",""status_counts"":{""ok"":100},""value"":0.3}"
9aeb330f6c7e29c85ee56da0,zsre,v0_stable,2,103,1000,near_miss_terminated,"{""evaluated_value"":0.3,""numerator"":30.0,""planned"":100,""scored"":100,""status"":""complete"",""status_counts"":{""ok"":100},""value"":0.3}"
9aeb330f6c7e29c85ee56da0,zsre,v0_stable,2,103,1000,revision_latest,"{""evaluated_value"":0.0,""numerator"":0.0,""planned"":50,""scored"":50,""status"":""complete"",""status_counts"":{""ok"":50},""value"":0.0}"
9aeb330f6c7e29c85ee56da0,zsre,v0_stable,2,103,1000,revision_semantic,"{""evaluated_value"":null,""numerator"":0.0,""planned"":50,""scored"":0,""status"":""incomplete"",""status_counts"":{""ok"":50},""value"":null}"
9aeb330f6c7e29c85ee56da0,zsre,v0_stable,2,103,1000,old_record_retired,"{""evaluated_value"":null,""numerator"":0.0,""planned"":50,""scored"":0,""status"":""incomplete"",""status_counts"":{""ok"":50},""value"":null}"
9aeb330f6c7e29c85ee56da0,zsre,v0_stable,2,103,1000,new_record_active,"{""evaluated_value"":null,""numerator"":0.0,""planned"":50,""scored"":0,""status"":""incomplete"",""status_counts"":{""ok"":50},""value"":null}"
9aeb330f6c7e29c85ee56da0,zsre,v0_stable,2,103,1000,drift,"{""planned_positions"":16256,""references"":{""capoff"":{""ES95_positive_nats"":0.007302504068602415,""ES99_positive_nats"":0.03651252034301208,""count_above_0_1_nats"":11,""definition"":""fractional empirical top1% mean of positive NLL harm; denominator .01*N"",""exceedances_nats"":{""0.01"":12,""0.1"":11,""1.0"":1},""max_positive_nats"":2.0994146490789376,""maximum_position"":""w112:p20"",""mean_positive_nats"":0.0003651252034301208,""mean_signed_nats"":0.00030528326208244065,""zero_positive_n"":16244},""original"":{""ES95_positive_nats"":0.007302504068602415,""ES99_positive_nats"":0.03651252034301208,""count_above_0_1_nats"":11,""definition"":""fractional empirical top1% mean of positive NLL harm; denominator .01*N"",""exceedances_nats"":{""0.01"":12,""0.1"":11,""1.0"":1},""max_positive_nats"":2.0994146490789376,""maximum_position"":""w112:p20"",""mean_positive_nats"":0.0003651252034301208,""mean_signed_nats"":0.00030528326208244065,""zero_positive_n"":16244}},""scored_positions"":16256,""source_sha256"":""2e67327e54b5fb83e765c2320affcf8cfc4fc30b3996eea06105c850609ee524"",""status"":""complete""}"
0e0ee9a35e1116f7dafb423d,zsre,v0_stable,2,104,100,LS_terminated,"{""evaluated_value"":0.94,""numerator"":47.0,""planned"":50,""scored"":50,""status"":""complete"",""status_counts"":{""ok"":50},""value"":0.94}"
0e0ee9a35e1116f7dafb423d,zsre,v0_stable,2,104,100,locality,"{""expected_n"":50,""preserved_fraction"":0.94,""preserved_n"":47,""preserved_terminated_fraction"":0.94,""preserved_terminated_n"":47,""primary_convention"":""DEC-053 bounded exact decoded-text equality, no normalization or termination requirement"",""query_truncated_n"":0,""reference_truncated_n"":0,""scored_n"":50,""secondary_convention"":""same decoded text and neither side truncated"",""status"":""complete"",""truncated_pair_n"":0,""unavailable_n"":0}"
0e0ee9a35e1116f7dafb423d,zsre,v0_stable,2,104,100,unseen_false_fire,"{""evaluated_value"":null,""numerator"":0.0,""planned"":100,""scored"":0,""status"":""incomplete"",""status_counts"":{""ok"":100},""value"":null,""wilson_evaluated"":null,""wilson_full_inventory"":null}"
0e0ee9a35e1116f7dafb423d,zsre,v0_stable,2,104,100,unseen_answer_changed,"{""evaluated_value"":0.33,""numerator"":33.0,""planned"":100,""scored"":100,""status"":""complete"",""status_counts"":{""ok"":100},""value"":0.33}"
0e0ee9a35e1116f7dafb423d,zsre,v0_stable,2,104,300,LS_terminated,"{""evaluated_value"":1.0,""numerator"":50.0,""planned"":50,""scored"":50,""status"":""complete"",""status_counts"":{""ok"":50},""value"":1.0}"
0e0ee9a35e1116f7dafb423d,zsre,v0_stable,2,104,300,locality,"{""expected_n"":50,""preserved_fraction"":1.0,""preserved_n"":50,""preserved_terminated_fraction"":1.0,""preserved_terminated_n"":50,""primary_convention"":""DEC-053 bounded exact decoded-text equality, no normalization or termination requirement"",""query_truncated_n"":0,""reference_truncated_n"":0,""scored_n"":50,""secondary_convention"":""same decoded text and neither side truncated"",""status"":""complete"",""truncated_pair_n"":0,""unavailable_n"":0}"
0e0ee9a35e1116f7dafb423d,zsre,v0_stable,2,104,300,unseen_false_fire,"{""evaluated_value"":null,""numerator"":0.0,""planned"":100,""scored"":0,""status"":""incomplete"",""status_counts"":{""ok"":100},""value"":null,""wilson_evaluated"":null,""wilson_full_inventory"":null}"
0e0ee9a35e1116f7dafb423d,zsre,v0_stable,2,104,300,unseen_answer_changed,"{""evaluated_value"":0.46,""numerator"":46.0,""planned"":100,""scored"":100,""status"":""complete"",""status_counts"":{""ok"":100},""value"":0.46}"
0e0ee9a35e1116f7dafb423d,zsre,v0_stable,2,104,1000,LS_terminated,"{""evaluated_value"":0.98,""numerator"":49.0,""planned"":50,""scored"":50,""status"":""complete"",""status_counts"":{""ok"":50},""value"":0.98}"
0e0ee9a35e1116f7dafb423d,zsre,v0_stable,2,104,1000,locality,"{""expected_n"":50,""preserved_fraction"":0.98,""preserved_n"":49,""preserved_terminated_fraction"":0.98,""preserved_terminated_n"":49,""primary_convention"":""DEC-053 bounded exact decoded-text equality, no normalization or termination requirement"",""query_truncated_n"":0,""reference_truncated_n"":0,""scored_n"":50,""secondary_convention"":""same decoded text and neither side truncated"",""status"":""complete"",""truncated_pair_n"":0,""unavailable_n"":0}"
0e0ee9a35e1116f7dafb423d,zsre,v0_stable,2,104,1000,unseen_false_fire,"{""evaluated_value"":null,""numerator"":0.0,""planned"":100,""scored"":0,""status"":""incomplete"",""status_counts"":{""ok"":100},""value"":null,""wilson_evaluated"":null,""wilson_full_inventory"":null}"
0e0ee9a35e1116f7dafb423d,zsre,v0_stable,2,104,1000,unseen_answer_changed,"{""evaluated_value"":0.56,""numerator"":56.0,""planned"":100,""scored"":100,""status"":""complete"",""status_counts"":{""ok"":100},""value"":0.56}"
0e0ee9a35e1116f7dafb423d,zsre,v0_stable,2,104,1000,near_miss,"{""expected_n"":100,""preserved_fraction"":0.33,""preserved_n"":33,""preserved_terminated_fraction"":0.33,""preserved_terminated_n"":33,""primary_convention"":""DEC-053 bounded exact decoded-text equality, no normalization or termination requirement"",""query_truncated_n"":7,""reference_truncated_n"":0,""scored_n"":100,""secondary_convention"":""same decoded text and neither side truncated"",""status"":""complete"",""truncated_pair_n"":7,""unavailable_n"":0}"
0e0ee9a35e1116f7dafb423d,zsre,v0_stable,2,104,1000,near_miss_bounded,"{""evaluated_value"":0.33,""numerator"":33.0,""planned"":100,""scored"":100,""status"":""complete"",""status_counts"":{""ok"":100},""value"":0.33}"
0e0ee9a35e1116f7dafb423d,zsre,v0_stable,2,104,1000,near_miss_terminated,"{""evaluated_value"":0.33,""numerator"":33.0,""planned"":100,""scored"":100,""status"":""complete"",""status_counts"":{""ok"":100},""value"":0.33}"
0e0ee9a35e1116f7dafb423d,zsre,v0_stable,2,104,1000,revision_latest,"{""evaluated_value"":0.0,""numerator"":0.0,""planned"":50,""scored"":50,""status"":""complete"",""status_counts"":{""ok"":50},""value"":0.0}"
0e0ee9a35e1116f7dafb423d,zsre,v0_stable,2,104,1000,revision_semantic,"{""evaluated_value"":null,""numerator"":0.0,""planned"":50,""scored"":0,""status"":""incomplete"",""status_counts"":{""ok"":50},""value"":null}"
0e0ee9a35e1116f7dafb423d,zsre,v0_stable,2,104,1000,old_record_retired,"{""evaluated_value"":null,""numerator"":0.0,""planned"":50,""scored"":0,""status"":""incomplete"",""status_counts"":{""ok"":50},""value"":null}"
0e0ee9a35e1116f7dafb423d,zsre,v0_stable,2,104,1000,new_record_active,"{""evaluated_value"":null,""numerator"":0.0,""planned"":50,""scored"":0,""status"":""incomplete"",""status_counts"":{""ok"":50},""value"":null}"
0e0ee9a35e1116f7dafb423d,zsre,v0_stable,2,104,1000,drift,"{""planned_positions"":16256,""references"":{""capoff"":{""ES95_positive_nats"":0.018238045404851428,""ES99_positive_nats"":0.09119022702425714,""count_above_0_1_nats"":12,""definition"":""fractional empirical top1% mean of positive NLL harm; denominator .01*N"",""exceedances_nats"":{""0.01"":14,""0.1"":12,""1.0"":5},""max_positive_nats"":3.42797036078845,""maximum_position"":""w23:p8"",""mean_positive_nats"":0.0009119022702425714,""mean_signed_nats"":0.0008503749283731,""zero_positive_n"":16242},""original"":{""ES95_positive_nats"":0.018238045404851428,""ES99_positive_nats"":0.09119022702425714,""count_above_0_1_nats"":12,""definition"":""fractional empirical top1% mean of positive NLL harm; denominator .01*N"",""exceedances_nats"":{""0.01"":14,""0.1"":12,""1.0"":5},""max_positive_nats"":3.42797036078845,""maximum_position"":""w23:p8"",""mean_positive_nats"":0.0009119022702425714,""mean_signed_nats"":0.0008503749283731,""zero_positive_n"":16242}},""scored_positions"":16256,""source_sha256"":""2e67327e54b5fb83e765c2320affcf8cfc4fc30b3996eea06105c850609ee524"",""status"":""complete""}"
862cd40c359e48e5a7998e3f,counterfact,v0_stable,2,100,100,LS_terminated,"{""evaluated_value"":0.86,""numerator"":43.0,""planned"":50,""scored"":50,""status"":""complete"",""status_counts"":{""ok"":50},""value"":0.86}"
862cd40c359e48e5a7998e3f,counterfact,v0_stable,2,100,100,locality,"{""expected_n"":50,""preserved_fraction"":1.0,""preserved_n"":50,""preserved_terminated_fraction"":0.86,""preserved_terminated_n"":43,""primary_convention"":""DEC-053 bounded exact decoded-text equality, no normalization or termination requirement"",""query_truncated_n"":7,""reference_truncated_n"":7,""scored_n"":50,""secondary_convention"":""same decoded text and neither side truncated"",""status"":""complete"",""truncated_pair_n"":7,""unavailable_n"":0}"
862cd40c359e48e5a7998e3f,counterfact,v0_stable,2,100,100,unseen_false_fire,"{""evaluated_value"":null,""numerator"":0.0,""planned"":100,""scored"":0,""status"":""incomplete"",""status_counts"":{""ok"":100},""value"":null,""wilson_evaluated"":null,""wilson_full_inventory"":null}"
862cd40c359e48e5a7998e3f,counterfact,v0_stable,2,100,100,unseen_answer_changed,"{""evaluated_value"":0.0,""numerator"":0.0,""planned"":100,""scored"":100,""status"":""complete"",""status_counts"":{""ok"":100},""value"":0.0}"
862cd40c359e48e5a7998e3f,counterfact,v0_stable,2,100,300,LS_terminated,"{""evaluated_value"":0.86,""numerator"":43.0,""planned"":50,""scored"":50,""status"":""complete"",""status_counts"":{""ok"":50},""value"":0.86}"
862cd40c359e48e5a7998e3f,counterfact,v0_stable,2,100,300,locality,"{""expected_n"":50,""preserved_fraction"":1.0,""preserved_n"":50,""preserved_terminated_fraction"":0.86,""preserved_terminated_n"":43,""primary_convention"":""DEC-053 bounded exact decoded-text equality, no normalization or termination requirement"",""query_truncated_n"":7,""reference_truncated_n"":7,""scored_n"":50,""secondary_convention"":""same decoded text and neither side truncated"",""status"":""complete"",""truncated_pair_n"":7,""unavailable_n"":0}"
862cd40c359e48e5a7998e3f,counterfact,v0_stable,2,100,300,unseen_false_fire,"{""evaluated_value"":null,""numerator"":0.0,""planned"":100,""scored"":0,""status"":""incomplete"",""status_counts"":{""ok"":100},""value"":null,""wilson_evaluated"":null,""wilson_full_inventory"":null}"
862cd40c359e48e5a7998e3f,counterfact,v0_stable,2,100,300,unseen_answer_changed,"{""evaluated_value"":0.0,""numerator"":0.0,""planned"":100,""scored"":100,""status"":""complete"",""status_counts"":{""ok"":100},""value"":0.0}"
862cd40c359e48e5a7998e3f,counterfact,v0_stable,2,100,1000,LS_terminated,"{""evaluated_value"":0.86,""numerator"":43.0,""planned"":50,""scored"":50,""status"":""complete"",""status_counts"":{""ok"":50},""value"":0.86}"
862cd40c359e48e5a7998e3f,counterfact,v0_stable,2,100,1000,locality,"{""expected_n"":50,""preserved_fraction"":1.0,""preserved_n"":50,""preserved_terminated_fraction"":0.86,""preserved_terminated_n"":43,""primary_convention"":""DEC-053 bounded exact decoded-text equality, no normalization or termination requirement"",""query_truncated_n"":7,""reference_truncated_n"":7,""scored_n"":50,""secondary_convention"":""same decoded text and neither side truncated"",""status"":""complete"",""truncated_pair_n"":7,""unavailable_n"":0}"
862cd40c359e48e5a7998e3f,counterfact,v0_stable,2,100,1000,unseen_false_fire,"{""evaluated_value"":null,""numerator"":0.0,""planned"":100,""scored"":0,""status"":""incomplete"",""status_counts"":{""ok"":100},""value"":null,""wilson_evaluated"":null,""wilson_full_inventory"":null}"
862cd40c359e48e5a7998e3f,counterfact,v0_stable,2,100,1000,unseen_answer_changed,"{""evaluated_value"":0.0,""numerator"":0.0,""planned"":100,""scored"":100,""status"":""complete"",""status_counts"":{""ok"":100},""value"":0.0}"
862cd40c359e48e5a7998e3f,counterfact,v0_stable,2,100,1000,near_miss,"{""expected_n"":100,""preserved_fraction"":1.0,""preserved_n"":100,""preserved_terminated_fraction"":0.71,""preserved_terminated_n"":71,""primary_convention"":""DEC-053 bounded exact decoded-text equality, no normalization or termination requirement"",""query_truncated_n"":29,""reference_truncated_n"":29,""scored_n"":100,""secondary_convention"":""same decoded text and neither side truncated"",""status"":""complete"",""truncated_pair_n"":29,""unavailable_n"":0}"
862cd40c359e48e5a7998e3f,counterfact,v0_stable,2,100,1000,near_miss_bounded,"{""evaluated_value"":1.0,""numerator"":100.0,""planned"":100,""scored"":100,""status"":""complete"",""status_counts"":{""ok"":100},""value"":1.0}"
862cd40c359e48e5a7998e3f,counterfact,v0_stable,2,100,1000,near_miss_terminated,"{""evaluated_value"":0.71,""numerator"":71.0,""planned"":100,""scored"":100,""status"":""complete"",""status_counts"":{""ok"":100},""value"":0.71}"
862cd40c359e48e5a7998e3f,counterfact,v0_stable,2,100,1000,revision_latest,"{""evaluated_value"":0.0,""numerator"":0.0,""planned"":50,""scored"":50,""status"":""complete"",""status_counts"":{""ok"":50},""value"":0.0}"
862cd40c359e48e5a7998e3f,counterfact,v0_stable,2,100,1000,revision_semantic,"{""evaluated_value"":null,""numerator"":0.0,""planned"":50,""scored"":0,""status"":""incomplete"",""status_counts"":{""ok"":50},""value"":null}"
862cd40c359e48e5a7998e3f,counterfact,v0_stable,2,100,1000,old_record_retired,"{""evaluated_value"":null,""numerator"":0.0,""planned"":50,""scored"":0,""status"":""incomplete"",""status_counts"":{""ok"":50},""value"":null}"
862cd40c359e48e5a7998e3f,counterfact,v0_stable,2,100,1000,new_record_active,"{""evaluated_value"":null,""numerator"":0.0,""planned"":50,""scored"":0,""status"":""incomplete"",""status_counts"":{""ok"":50},""value"":null}"
862cd40c359e48e5a7998e3f,counterfact,v0_stable,2,100,1000,drift,"{""planned_positions"":16256,""references"":{""capoff"":{""ES95_positive_nats"":0.0,""ES99_positive_nats"":0.0,""count_above_0_1_nats"":0,""definition"":""fractional empirical top1% mean of positive NLL harm; denominator .01*N"",""exceedances_nats"":{""0.01"":0,""0.1"":0,""1.0"":0},""max_positive_nats"":0.0,""maximum_position"":""w0:p1"",""mean_positive_nats"":0.0,""mean_signed_nats"":0.0,""zero_positive_n"":16256},""original"":{""ES95_positive_nats"":0.0,""ES99_positive_nats"":0.0,""count_above_0_1_nats"":0,""definition"":""fractional empirical top1% mean of positive NLL harm; denominator .01*N"",""exceedances_nats"":{""0.01"":0,""0.1"":0,""1.0"":0},""max_positive_nats"":0.0,""maximum_position"":""w0:p1"",""mean_positive_nats"":0.0,""mean_signed_nats"":0.0,""zero_positive_n"":16256}},""scored_positions"":16256,""source_sha256"":""2e67327e54b5fb83e765c2320affcf8cfc4fc30b3996eea06105c850609ee524"",""status"":""complete""}"
89b258fddde381d9a09429d9,counterfact,v0_stable,2,101,100,LS_terminated,"{""evaluated_value"":0.86,""numerator"":43.0,""planned"":50,""scored"":50,""status"":""complete"",""status_counts"":{""ok"":50},""value"":0.86}"
89b258fddde381d9a09429d9,counterfact,v0_stable,2,101,100,locality,"{""expected_n"":50,""preserved_fraction"":1.0,""preserved_n"":50,""preserved_terminated_fraction"":0.86,""preserved_terminated_n"":43,""primary_convention"":""DEC-053 bounded exact decoded-text equality, no normalization or termination requirement"",""query_truncated_n"":7,""reference_truncated_n"":7,""scored_n"":50,""secondary_convention"":""same decoded text and neither side truncated"",""status"":""complete"",""truncated_pair_n"":7,""unavailable_n"":0}"
89b258fddde381d9a09429d9,counterfact,v0_stable,2,101,100,unseen_false_fire,"{""evaluated_value"":null,""numerator"":0.0,""planned"":100,""scored"":0,""status"":""incomplete"",""status_counts"":{""ok"":100},""value"":null,""wilson_evaluated"":null,""wilson_full_inventory"":null}"
89b258fddde381d9a09429d9,counterfact,v0_stable,2,101,100,unseen_answer_changed,"{""evaluated_value"":0.0,""numerator"":0.0,""planned"":100,""scored"":100,""status"":""complete"",""status_counts"":{""ok"":100},""value"":0.0}"
89b258fddde381d9a09429d9,counterfact,v0_stable,2,101,300,LS_terminated,"{""evaluated_value"":0.86,""numerator"":43.0,""planned"":50,""scored"":50,""status"":""complete"",""status_counts"":{""ok"":50},""value"":0.86}"
89b258fddde381d9a09429d9,counterfact,v0_stable,2,101,300,locality,"{""expected_n"":50,""preserved_fraction"":1.0,""preserved_n"":50,""preserved_terminated_fraction"":0.86,""preserved_terminated_n"":43,""primary_convention"":""DEC-053 bounded exact decoded-text equality, no normalization or termination requirement"",""query_truncated_n"":7,""reference_truncated_n"":7,""scored_n"":50,""secondary_convention"":""same decoded text and neither side truncated"",""status"":""complete"",""truncated_pair_n"":7,""unavailable_n"":0}"
89b258fddde381d9a09429d9,counterfact,v0_stable,2,101,300,unseen_false_fire,"{""evaluated_value"":null,""numerator"":0.0,""planned"":100,""scored"":0,""status"":""incomplete"",""status_counts"":{""ok"":100},""value"":null,""wilson_evaluated"":null,""wilson_full_inventory"":null}"
89b258fddde381d9a09429d9,counterfact,v0_stable,2,101,300,unseen_answer_changed,"{""evaluated_value"":0.0,""numerator"":0.0,""planned"":100,""scored"":100,""status"":""complete"",""status_counts"":{""ok"":100},""value"":0.0}"
89b258fddde381d9a09429d9,counterfact,v0_stable,2,101,1000,LS_terminated,"{""evaluated_value"":0.86,""numerator"":43.0,""planned"":50,""scored"":50,""status"":""complete"",""status_counts"":{""ok"":50},""value"":0.86}"
89b258fddde381d9a09429d9,counterfact,v0_stable,2,101,1000,locality,"{""expected_n"":50,""preserved_fraction"":1.0,""preserved_n"":50,""preserved_terminated_fraction"":0.86,""preserved_terminated_n"":43,""primary_convention"":""DEC-053 bounded exact decoded-text equality, no normalization or termination requirement"",""query_truncated_n"":7,""reference_truncated_n"":7,""scored_n"":50,""secondary_convention"":""same decoded text and neither side truncated"",""status"":""complete"",""truncated_pair_n"":7,""unavailable_n"":0}"
89b258fddde381d9a09429d9,counterfact,v0_stable,2,101,1000,unseen_false_fire,"{""evaluated_value"":null,""numerator"":0.0,""planned"":100,""scored"":0,""status"":""incomplete"",""status_counts"":{""ok"":100},""value"":null,""wilson_evaluated"":null,""wilson_full_inventory"":null}"
89b258fddde381d9a09429d9,counterfact,v0_stable,2,101,1000,unseen_answer_changed,"{""evaluated_value"":0.0,""numerator"":0.0,""planned"":100,""scored"":100,""status"":""complete"",""status_counts"":{""ok"":100},""value"":0.0}"
89b258fddde381d9a09429d9,counterfact,v0_stable,2,101,1000,near_miss,"{""expected_n"":100,""preserved_fraction"":1.0,""preserved_n"":100,""preserved_terminated_fraction"":0.71,""preserved_terminated_n"":71,""primary_convention"":""DEC-053 bounded exact decoded-text equality, no normalization or termination requirement"",""query_truncated_n"":29,""reference_truncated_n"":29,""scored_n"":100,""secondary_convention"":""same decoded text and neither side truncated"",""status"":""complete"",""truncated_pair_n"":29,""unavailable_n"":0}"
89b258fddde381d9a09429d9,counterfact,v0_stable,2,101,1000,near_miss_bounded,"{""evaluated_value"":1.0,""numerator"":100.0,""planned"":100,""scored"":100,""status"":""complete"",""status_counts"":{""ok"":100},""value"":1.0}"
89b258fddde381d9a09429d9,counterfact,v0_stable,2,101,1000,near_miss_terminated,"{""evaluated_value"":0.71,""numerator"":71.0,""planned"":100,""scored"":100,""status"":""complete"",""status_counts"":{""ok"":100},""value"":0.71}"
89b258fddde381d9a09429d9,counterfact,v0_stable,2,101,1000,revision_latest,"{""evaluated_value"":0.0,""numerator"":0.0,""planned"":50,""scored"":50,""status"":""complete"",""status_counts"":{""ok"":50},""value"":0.0}"
89b258fddde381d9a09429d9,counterfact,v0_stable,2,101,1000,revision_semantic,"{""evaluated_value"":null,""numerator"":0.0,""planned"":50,""scored"":0,""status"":""incomplete"",""status_counts"":{""ok"":50},""value"":null}"
89b258fddde381d9a09429d9,counterfact,v0_stable,2,101,1000,old_record_retired,"{""evaluated_value"":null,""numerator"":0.0,""planned"":50,""scored"":0,""status"":""incomplete"",""status_counts"":{""ok"":50},""value"":null}"
89b258fddde381d9a09429d9,counterfact,v0_stable,2,101,1000,new_record_active,"{""evaluated_value"":null,""numerator"":0.0,""planned"":50,""scored"":0,""status"":""incomplete"",""status_counts"":{""ok"":50},""value"":null}"
89b258fddde381d9a09429d9,counterfact,v0_stable,2,101,1000,drift,"{""planned_positions"":16256,""references"":{""capoff"":{""ES95_positive_nats"":0.0,""ES99_positive_nats"":0.0,""count_above_0_1_nats"":0,""definition"":""fractional empirical top1% mean of positive NLL harm; denominator .01*N"",""exceedances_nats"":{""0.01"":0,""0.1"":0,""1.0"":0},""max_positive_nats"":0.0,""maximum_position"":""w0:p1"",""mean_positive_nats"":0.0,""mean_signed_nats"":0.0,""zero_positive_n"":16256},""original"":{""ES95_positive_nats"":0.0,""ES99_positive_nats"":0.0,""count_above_0_1_nats"":0,""definition"":""fractional empirical top1% mean of positive NLL harm; denominator .01*N"",""exceedances_nats"":{""0.01"":0,""0.1"":0,""1.0"":0},""max_positive_nats"":0.0,""maximum_position"":""w0:p1"",""mean_positive_nats"":0.0,""mean_signed_nats"":0.0,""zero_positive_n"":16256}},""scored_positions"":16256,""source_sha256"":""2e67327e54b5fb83e765c2320affcf8cfc4fc30b3996eea06105c850609ee524"",""status"":""complete""}"
090d1237381f4ee02fcbd05d,counterfact,v0_stable,2,102,100,LS_terminated,"{""evaluated_value"":0.86,""numerator"":43.0,""planned"":50,""scored"":50,""status"":""complete"",""status_counts"":{""ok"":50},""value"":0.86}"
090d1237381f4ee02fcbd05d,counterfact,v0_stable,2,102,100,locality,"{""expected_n"":50,""preserved_fraction"":1.0,""preserved_n"":50,""preserved_terminated_fraction"":0.86,""preserved_terminated_n"":43,""primary_convention"":""DEC-053 bounded exact decoded-text equality, no normalization or termination requirement"",""query_truncated_n"":7,""reference_truncated_n"":7,""scored_n"":50,""secondary_convention"":""same decoded text and neither side truncated"",""status"":""complete"",""truncated_pair_n"":7,""unavailable_n"":0}"
090d1237381f4ee02fcbd05d,counterfact,v0_stable,2,102,100,unseen_false_fire,"{""evaluated_value"":null,""numerator"":0.0,""planned"":100,""scored"":0,""status"":""incomplete"",""status_counts"":{""ok"":100},""value"":null,""wilson_evaluated"":null,""wilson_full_inventory"":null}"
090d1237381f4ee02fcbd05d,counterfact,v0_stable,2,102,100,unseen_answer_changed,"{""evaluated_value"":0.0,""numerator"":0.0,""planned"":100,""scored"":100,""status"":""complete"",""status_counts"":{""ok"":100},""value"":0.0}"
090d1237381f4ee02fcbd05d,counterfact,v0_stable,2,102,300,LS_terminated,"{""evaluated_value"":0.86,""numerator"":43.0,""planned"":50,""scored"":50,""status"":""complete"",""status_counts"":{""ok"":50},""value"":0.86}"
090d1237381f4ee02fcbd05d,counterfact,v0_stable,2,102,300,locality,"{""expected_n"":50,""preserved_fraction"":1.0,""preserved_n"":50,""preserved_terminated_fraction"":0.86,""preserved_terminated_n"":43,""primary_convention"":""DEC-053 bounded exact decoded-text equality, no normalization or termination requirement"",""query_truncated_n"":7,""reference_truncated_n"":7,""scored_n"":50,""secondary_convention"":""same decoded text and neither side truncated"",""status"":""complete"",""truncated_pair_n"":7,""unavailable_n"":0}"
090d1237381f4ee02fcbd05d,counterfact,v0_stable,2,102,300,unseen_false_fire,"{""evaluated_value"":null,""numerator"":0.0,""planned"":100,""scored"":0,""status"":""incomplete"",""status_counts"":{""ok"":100},""value"":null,""wilson_evaluated"":null,""wilson_full_inventory"":null}"
090d1237381f4ee02fcbd05d,counterfact,v0_stable,2,102,300,unseen_answer_changed,"{""evaluated_value"":0.0,""numerator"":0.0,""planned"":100,""scored"":100,""status"":""complete"",""status_counts"":{""ok"":100},""value"":0.0}"
090d1237381f4ee02fcbd05d,counterfact,v0_stable,2,102,1000,LS_terminated,"{""evaluated_value"":0.86,""numerator"":43.0,""planned"":50,""scored"":50,""status"":""complete"",""status_counts"":{""ok"":50},""value"":0.86}"
090d1237381f4ee02fcbd05d,counterfact,v0_stable,2,102,1000,locality,"{""expected_n"":50,""preserved_fraction"":1.0,""preserved_n"":50,""preserved_terminated_fraction"":0.86,""preserved_terminated_n"":43,""primary_convention"":""DEC-053 bounded exact decoded-text equality, no normalization or termination requirement"",""query_truncated_n"":7,""reference_truncated_n"":7,""scored_n"":50,""secondary_convention"":""same decoded text and neither side truncated"",""status"":""complete"",""truncated_pair_n"":7,""unavailable_n"":0}"
090d1237381f4ee02fcbd05d,counterfact,v0_stable,2,102,1000,unseen_false_fire,"{""evaluated_value"":null,""numerator"":0.0,""planned"":100,""scored"":0,""status"":""incomplete"",""status_counts"":{""ok"":100},""value"":null,""wilson_evaluated"":null,""wilson_full_inventory"":null}"
090d1237381f4ee02fcbd05d,counterfact,v0_stable,2,102,1000,unseen_answer_changed,"{""evaluated_value"":0.0,""numerator"":0.0,""planned"":100,""scored"":100,""status"":""complete"",""status_counts"":{""ok"":100},""value"":0.0}"
090d1237381f4ee02fcbd05d,counterfact,v0_stable,2,102,1000,near_miss,"{""expected_n"":100,""preserved_fraction"":1.0,""preserved_n"":100,""preserved_terminated_fraction"":0.71,""preserved_terminated_n"":71,""primary_convention"":""DEC-053 bounded exact decoded-text equality, no normalization or termination requirement"",""query_truncated_n"":29,""reference_truncated_n"":29,""scored_n"":100,""secondary_convention"":""same decoded text and neither side truncated"",""status"":""complete"",""truncated_pair_n"":29,""unavailable_n"":0}"
090d1237381f4ee02fcbd05d,counterfact,v0_stable,2,102,1000,near_miss_bounded,"{""evaluated_value"":1.0,""numerator"":100.0,""planned"":100,""scored"":100,""status"":""complete"",""status_counts"":{""ok"":100},""value"":1.0}"
090d1237381f4ee02fcbd05d,counterfact,v0_stable,2,102,1000,near_miss_terminated,"{""evaluated_value"":0.71,""numerator"":71.0,""planned"":100,""scored"":100,""status"":""complete"",""status_counts"":{""ok"":100},""value"":0.71}"
090d1237381f4ee02fcbd05d,counterfact,v0_stable,2,102,1000,revision_latest,"{""evaluated_value"":0.0,""numerator"":0.0,""planned"":50,""scored"":50,""status"":""complete"",""status_counts"":{""ok"":50},""value"":0.0}"
090d1237381f4ee02fcbd05d,counterfact,v0_stable,2,102,1000,revision_semantic,"{""evaluated_value"":null,""numerator"":0.0,""planned"":50,""scored"":0,""status"":""incomplete"",""status_counts"":{""ok"":50},""value"":null}"
090d1237381f4ee02fcbd05d,counterfact,v0_stable,2,102,1000,old_record_retired,"{""evaluated_value"":null,""numerator"":0.0,""planned"":50,""scored"":0,""status"":""incomplete"",""status_counts"":{""ok"":50},""value"":null}"
090d1237381f4ee02fcbd05d,counterfact,v0_stable,2,102,1000,new_record_active,"{""evaluated_value"":null,""numerator"":0.0,""planned"":50,""scored"":0,""status"":""incomplete"",""status_counts"":{""ok"":50},""value"":null}"
090d1237381f4ee02fcbd05d,counterfact,v0_stable,2,102,1000,drift,"{""planned_positions"":16256,""references"":{""capoff"":{""ES95_positive_nats"":0.0,""ES99_positive_nats"":0.0,""count_above_0_1_nats"":0,""definition"":""fractional empirical top1% mean of positive NLL harm; denominator .01*N"",""exceedances_nats"":{""0.01"":0,""0.1"":0,""1.0"":0},""max_positive_nats"":0.0,""maximum_position"":""w0:p1"",""mean_positive_nats"":0.0,""mean_signed_nats"":0.0,""zero_positive_n"":16256},""original"":{""ES95_positive_nats"":0.0,""ES99_positive_nats"":0.0,""count_above_0_1_nats"":0,""definition"":""fractional empirical top1% mean of positive NLL harm; denominator .01*N"",""exceedances_nats"":{""0.01"":0,""0.1"":0,""1.0"":0},""max_positive_nats"":0.0,""maximum_position"":""w0:p1"",""mean_positive_nats"":0.0,""mean_signed_nats"":0.0,""zero_positive_n"":16256}},""scored_positions"":16256,""source_sha256"":""2e67327e54b5fb83e765c2320affcf8cfc4fc30b3996eea06105c850609ee524"",""status"":""complete""}"
6e95ec72097ffded952889d6,counterfact,v0_stable,2,103,100,LS_terminated,"{""evaluated_value"":0.86,""numerator"":43.0,""planned"":50,""scored"":50,""status"":""complete"",""status_counts"":{""ok"":50},""value"":0.86}"
6e95ec72097ffded952889d6,counterfact,v0_stable,2,103,100,locality,"{""expected_n"":50,""preserved_fraction"":1.0,""preserved_n"":50,""preserved_terminated_fraction"":0.86,""preserved_terminated_n"":43,""primary_convention"":""DEC-053 bounded exact decoded-text equality, no normalization or termination requirement"",""query_truncated_n"":7,""reference_truncated_n"":7,""scored_n"":50,""secondary_convention"":""same decoded text and neither side truncated"",""status"":""complete"",""truncated_pair_n"":7,""unavailable_n"":0}"
6e95ec72097ffded952889d6,counterfact,v0_stable,2,103,100,unseen_false_fire,"{""evaluated_value"":null,""numerator"":0.0,""planned"":100,""scored"":0,""status"":""incomplete"",""status_counts"":{""ok"":100},""value"":null,""wilson_evaluated"":null,""wilson_full_inventory"":null}"
6e95ec72097ffded952889d6,counterfact,v0_stable,2,103,100,unseen_answer_changed,"{""evaluated_value"":0.0,""numerator"":0.0,""planned"":100,""scored"":100,""status"":""complete"",""status_counts"":{""ok"":100},""value"":0.0}"
6e95ec72097ffded952889d6,counterfact,v0_stable,2,103,300,LS_terminated,"{""evaluated_value"":0.86,""numerator"":43.0,""planned"":50,""scored"":50,""status"":""complete"",""status_counts"":{""ok"":50},""value"":0.86}"
6e95ec72097ffded952889d6,counterfact,v0_stable,2,103,300,locality,"{""expected_n"":50,""preserved_fraction"":1.0,""preserved_n"":50,""preserved_terminated_fraction"":0.86,""preserved_terminated_n"":43,""primary_convention"":""DEC-053 bounded exact decoded-text equality, no normalization or termination requirement"",""query_truncated_n"":7,""reference_truncated_n"":7,""scored_n"":50,""secondary_convention"":""same decoded text and neither side truncated"",""status"":""complete"",""truncated_pair_n"":7,""unavailable_n"":0}"
6e95ec72097ffded952889d6,counterfact,v0_stable,2,103,300,unseen_false_fire,"{""evaluated_value"":null,""numerator"":0.0,""planned"":100,""scored"":0,""status"":""incomplete"",""status_counts"":{""ok"":100},""value"":null,""wilson_evaluated"":null,""wilson_full_inventory"":null}"
6e95ec72097ffded952889d6,counterfact,v0_stable,2,103,300,unseen_answer_changed,"{""evaluated_value"":0.0,""numerator"":0.0,""planned"":100,""scored"":100,""status"":""complete"",""status_counts"":{""ok"":100},""value"":0.0}"
6e95ec72097ffded952889d6,counterfact,v0_stable,2,103,1000,LS_terminated,"{""evaluated_value"":0.86,""numerator"":43.0,""planned"":50,""scored"":50,""status"":""complete"",""status_counts"":{""ok"":50},""value"":0.86}"
6e95ec72097ffded952889d6,counterfact,v0_stable,2,103,1000,locality,"{""expected_n"":50,""preserved_fraction"":1.0,""preserved_n"":50,""preserved_terminated_fraction"":0.86,""preserved_terminated_n"":43,""primary_convention"":""DEC-053 bounded exact decoded-text equality, no normalization or termination requirement"",""query_truncated_n"":7,""reference_truncated_n"":7,""scored_n"":50,""secondary_convention"":""same decoded text and neither side truncated"",""status"":""complete"",""truncated_pair_n"":7,""unavailable_n"":0}"
6e95ec72097ffded952889d6,counterfact,v0_stable,2,103,1000,unseen_false_fire,"{""evaluated_value"":null,""numerator"":0.0,""planned"":100,""scored"":0,""status"":""incomplete"",""status_counts"":{""ok"":100},""value"":null,""wilson_evaluated"":null,""wilson_full_inventory"":null}"
6e95ec72097ffded952889d6,counterfact,v0_stable,2,103,1000,unseen_answer_changed,"{""evaluated_value"":0.0,""numerator"":0.0,""planned"":100,""scored"":100,""status"":""complete"",""status_counts"":{""ok"":100},""value"":0.0}"
6e95ec72097ffded952889d6,counterfact,v0_stable,2,103,1000,near_miss,"{""expected_n"":100,""preserved_fraction"":1.0,""preserved_n"":100,""preserved_terminated_fraction"":0.71,""preserved_terminated_n"":71,""primary_convention"":""DEC-053 bounded exact decoded-text equality, no normalization or termination requirement"",""query_truncated_n"":29,""reference_truncated_n"":29,""scored_n"":100,""secondary_convention"":""same decoded text and neither side truncated"",""status"":""complete"",""truncated_pair_n"":29,""unavailable_n"":0}"
6e95ec72097ffded952889d6,counterfact,v0_stable,2,103,1000,near_miss_bounded,"{""evaluated_value"":1.0,""numerator"":100.0,""planned"":100,""scored"":100,""status"":""complete"",""status_counts"":{""ok"":100},""value"":1.0}"
6e95ec72097ffded952889d6,counterfact,v0_stable,2,103,1000,near_miss_terminated,"{""evaluated_value"":0.71,""numerator"":71.0,""planned"":100,""scored"":100,""status"":""complete"",""status_counts"":{""ok"":100},""value"":0.71}"
6e95ec72097ffded952889d6,counterfact,v0_stable,2,103,1000,revision_latest,"{""evaluated_value"":0.0,""numerator"":0.0,""planned"":50,""scored"":50,""status"":""complete"",""status_counts"":{""ok"":50},""value"":0.0}"
6e95ec72097ffded952889d6,counterfact,v0_stable,2,103,1000,revision_semantic,"{""evaluated_value"":null,""numerator"":0.0,""planned"":50,""scored"":0,""status"":""incomplete"",""status_counts"":{""ok"":50},""value"":null}"
6e95ec72097ffded952889d6,counterfact,v0_stable,2,103,1000,old_record_retired,"{""evaluated_value"":null,""numerator"":0.0,""planned"":50,""scored"":0,""status"":""incomplete"",""status_counts"":{""ok"":50},""value"":null}"
6e95ec72097ffded952889d6,counterfact,v0_stable,2,103,1000,new_record_active,"{""evaluated_value"":null,""numerator"":0.0,""planned"":50,""scored"":0,""status"":""incomplete"",""status_counts"":{""ok"":50},""value"":null}"
6e95ec72097ffded952889d6,counterfact,v0_stable,2,103,1000,drift,"{""planned_positions"":16256,""references"":{""capoff"":{""ES95_positive_nats"":0.0,""ES99_positive_nats"":0.0,""count_above_0_1_nats"":0,""definition"":""fractional empirical top1% mean of positive NLL harm; denominator .01*N"",""exceedances_nats"":{""0.01"":0,""0.1"":0,""1.0"":0},""max_positive_nats"":0.0,""maximum_position"":""w0:p1"",""mean_positive_nats"":0.0,""mean_signed_nats"":0.0,""zero_positive_n"":16256},""original"":{""ES95_positive_nats"":0.0,""ES99_positive_nats"":0.0,""count_above_0_1_nats"":0,""definition"":""fractional empirical top1% mean of positive NLL harm; denominator .01*N"",""exceedances_nats"":{""0.01"":0,""0.1"":0,""1.0"":0},""max_positive_nats"":0.0,""maximum_position"":""w0:p1"",""mean_positive_nats"":0.0,""mean_signed_nats"":0.0,""zero_positive_n"":16256}},""scored_positions"":16256,""source_sha256"":""2e67327e54b5fb83e765c2320affcf8cfc4fc30b3996eea06105c850609ee524"",""status"":""complete""}"
c8ce51b334cc3e42a623be6c,counterfact,v0_stable,2,104,100,LS_terminated,"{""evaluated_value"":0.86,""numerator"":43.0,""planned"":50,""scored"":50,""status"":""complete"",""status_counts"":{""ok"":50},""value"":0.86}"
c8ce51b334cc3e42a623be6c,counterfact,v0_stable,2,104,100,locality,"{""expected_n"":50,""preserved_fraction"":1.0,""preserved_n"":50,""preserved_terminated_fraction"":0.86,""preserved_terminated_n"":43,""primary_convention"":""DEC-053 bounded exact decoded-text equality, no normalization or termination requirement"",""query_truncated_n"":7,""reference_truncated_n"":7,""scored_n"":50,""secondary_convention"":""same decoded text and neither side truncated"",""status"":""complete"",""truncated_pair_n"":7,""unavailable_n"":0}"
c8ce51b334cc3e42a623be6c,counterfact,v0_stable,2,104,100,unseen_false_fire,"{""evaluated_value"":null,""numerator"":0.0,""planned"":100,""scored"":0,""status"":""incomplete"",""status_counts"":{""ok"":100},""value"":null,""wilson_evaluated"":null,""wilson_full_inventory"":null}"
c8ce51b334cc3e42a623be6c,counterfact,v0_stable,2,104,100,unseen_answer_changed,"{""evaluated_value"":0.0,""numerator"":0.0,""planned"":100,""scored"":100,""status"":""complete"",""status_counts"":{""ok"":100},""value"":0.0}"
c8ce51b334cc3e42a623be6c,counterfact,v0_stable,2,104,300,LS_terminated,"{""evaluated_value"":0.86,""numerator"":43.0,""planned"":50,""scored"":50,""status"":""complete"",""status_counts"":{""ok"":50},""value"":0.86}"
c8ce51b334cc3e42a623be6c,counterfact,v0_stable,2,104,300,locality,"{""expected_n"":50,""preserved_fraction"":1.0,""preserved_n"":50,""preserved_terminated_fraction"":0.86,""preserved_terminated_n"":43,""primary_convention"":""DEC-053 bounded exact decoded-text equality, no normalization or termination requirement"",""query_truncated_n"":7,""reference_truncated_n"":7,""scored_n"":50,""secondary_convention"":""same decoded text and neither side truncated"",""status"":""complete"",""truncated_pair_n"":7,""unavailable_n"":0}"
c8ce51b334cc3e42a623be6c,counterfact,v0_stable,2,104,300,unseen_false_fire,"{""evaluated_value"":null,""numerator"":0.0,""planned"":100,""scored"":0,""status"":""incomplete"",""status_counts"":{""ok"":100},""value"":null,""wilson_evaluated"":null,""wilson_full_inventory"":null}"
c8ce51b334cc3e42a623be6c,counterfact,v0_stable,2,104,300,unseen_answer_changed,"{""evaluated_value"":0.0,""numerator"":0.0,""planned"":100,""scored"":100,""status"":""complete"",""status_counts"":{""ok"":100},""value"":0.0}"
c8ce51b334cc3e42a623be6c,counterfact,v0_stable,2,104,1000,LS_terminated,"{""evaluated_value"":0.86,""numerator"":43.0,""planned"":50,""scored"":50,""status"":""complete"",""status_counts"":{""ok"":50},""value"":0.86}"
c8ce51b334cc3e42a623be6c,counterfact,v0_stable,2,104,1000,locality,"{""expected_n"":50,""preserved_fraction"":1.0,""preserved_n"":50,""preserved_terminated_fraction"":0.86,""preserved_terminated_n"":43,""primary_convention"":""DEC-053 bounded exact decoded-text equality, no normalization or termination requirement"",""query_truncated_n"":7,""reference_truncated_n"":7,""scored_n"":50,""secondary_convention"":""same decoded text and neither side truncated"",""status"":""complete"",""truncated_pair_n"":7,""unavailable_n"":0}"
c8ce51b334cc3e42a623be6c,counterfact,v0_stable,2,104,1000,unseen_false_fire,"{""evaluated_value"":null,""numerator"":0.0,""planned"":100,""scored"":0,""status"":""incomplete"",""status_counts"":{""ok"":100},""value"":null,""wilson_evaluated"":null,""wilson_full_inventory"":null}"
c8ce51b334cc3e42a623be6c,counterfact,v0_stable,2,104,1000,unseen_answer_changed,"{""evaluated_value"":0.0,""numerator"":0.0,""planned"":100,""scored"":100,""status"":""complete"",""status_counts"":{""ok"":100},""value"":0.0}"
c8ce51b334cc3e42a623be6c,counterfact,v0_stable,2,104,1000,near_miss,"{""expected_n"":100,""preserved_fraction"":1.0,""preserved_n"":100,""preserved_terminated_fraction"":0.71,""preserved_terminated_n"":71,""primary_convention"":""DEC-053 bounded exact decoded-text equality, no normalization or termination requirement"",""query_truncated_n"":29,""reference_truncated_n"":29,""scored_n"":100,""secondary_convention"":""same decoded text and neither side truncated"",""status"":""complete"",""truncated_pair_n"":29,""unavailable_n"":0}"
c8ce51b334cc3e42a623be6c,counterfact,v0_stable,2,104,1000,near_miss_bounded,"{""evaluated_value"":1.0,""numerator"":100.0,""planned"":100,""scored"":100,""status"":""complete"",""status_counts"":{""ok"":100},""value"":1.0}"
c8ce51b334cc3e42a623be6c,counterfact,v0_stable,2,104,1000,near_miss_terminated,"{""evaluated_value"":0.71,""numerator"":71.0,""planned"":100,""scored"":100,""status"":""complete"",""status_counts"":{""ok"":100},""value"":0.71}"
c8ce51b334cc3e42a623be6c,counterfact,v0_stable,2,104,1000,revision_latest,"{""evaluated_value"":0.0,""numerator"":0.0,""planned"":50,""scored"":50,""status"":""complete"",""status_counts"":{""ok"":50},""value"":0.0}"
c8ce51b334cc3e42a623be6c,counterfact,v0_stable,2,104,1000,revision_semantic,"{""evaluated_value"":null,""numerator"":0.0,""planned"":50,""scored"":0,""status"":""incomplete"",""status_counts"":{""ok"":50},""value"":null}"
c8ce51b334cc3e42a623be6c,counterfact,v0_stable,2,104,1000,old_record_retired,"{""evaluated_value"":null,""numerator"":0.0,""planned"":50,""scored"":0,""status"":""incomplete"",""status_counts"":{""ok"":50},""value"":null}"
c8ce51b334cc3e42a623be6c,counterfact,v0_stable,2,104,1000,new_record_active,"{""evaluated_value"":null,""numerator"":0.0,""planned"":50,""scored"":0,""status"":""incomplete"",""status_counts"":{""ok"":50},""value"":null}"
c8ce51b334cc3e42a623be6c,counterfact,v0_stable,2,104,1000,drift,"{""planned_positions"":16256,""references"":{""capoff"":{""ES95_positive_nats"":0.0,""ES99_positive_nats"":0.0,""count_above_0_1_nats"":0,""definition"":""fractional empirical top1% mean of positive NLL harm; denominator .01*N"",""exceedances_nats"":{""0.01"":0,""0.1"":0,""1.0"":0},""max_positive_nats"":0.0,""maximum_position"":""w0:p1"",""mean_positive_nats"":0.0,""mean_signed_nats"":0.0,""zero_positive_n"":16256},""original"":{""ES95_positive_nats"":0.0,""ES99_positive_nats"":0.0,""count_above_0_1_nats"":0,""definition"":""fractional empirical top1% mean of positive NLL harm; denominator .01*N"",""exceedances_nats"":{""0.01"":0,""0.1"":0,""1.0"":0},""max_positive_nats"":0.0,""maximum_position"":""w0:p1"",""mean_positive_nats"":0.0,""mean_signed_nats"":0.0,""zero_positive_n"":16256}},""scored_positions"":16256,""source_sha256"":""2e67327e54b5fb83e765c2320affcf8cfc4fc30b3996eea06105c850609ee524"",""status"":""complete""}"
cf6bd4a623aa24871f74d136,mquake,v0_stable,2,100,100,LS_terminated,"{""evaluated_value"":0.44,""numerator"":22.0,""planned"":50,""scored"":50,""status"":""complete"",""status_counts"":{""ok"":50},""value"":0.44}"
cf6bd4a623aa24871f74d136,mquake,v0_stable,2,100,100,locality,"{""expected_n"":50,""preserved_fraction"":1.0,""preserved_n"":50,""preserved_terminated_fraction"":0.44,""preserved_terminated_n"":22,""primary_convention"":""DEC-053 bounded exact decoded-text equality, no normalization or termination requirement"",""query_truncated_n"":28,""reference_truncated_n"":28,""scored_n"":50,""secondary_convention"":""same decoded text and neither side truncated"",""status"":""complete"",""truncated_pair_n"":28,""unavailable_n"":0}"
cf6bd4a623aa24871f74d136,mquake,v0_stable,2,100,100,unseen_false_fire,"{""evaluated_value"":null,""numerator"":0.0,""planned"":100,""scored"":0,""status"":""incomplete"",""status_counts"":{""ok"":100},""value"":null,""wilson_evaluated"":null,""wilson_full_inventory"":null}"
cf6bd4a623aa24871f74d136,mquake,v0_stable,2,100,100,unseen_answer_changed,"{""evaluated_value"":0.0,""numerator"":0.0,""planned"":100,""scored"":100,""status"":""complete"",""status_counts"":{""ok"":100},""value"":0.0}"
cf6bd4a623aa24871f74d136,mquake,v0_stable,2,100,300,LS_terminated,"{""evaluated_value"":0.44,""numerator"":22.0,""planned"":50,""scored"":50,""status"":""complete"",""status_counts"":{""ok"":50},""value"":0.44}"
cf6bd4a623aa24871f74d136,mquake,v0_stable,2,100,300,locality,"{""expected_n"":50,""preserved_fraction"":1.0,""preserved_n"":50,""preserved_terminated_fraction"":0.44,""preserved_terminated_n"":22,""primary_convention"":""DEC-053 bounded exact decoded-text equality, no normalization or termination requirement"",""query_truncated_n"":28,""reference_truncated_n"":28,""scored_n"":50,""secondary_convention"":""same decoded text and neither side truncated"",""status"":""complete"",""truncated_pair_n"":28,""unavailable_n"":0}"
cf6bd4a623aa24871f74d136,mquake,v0_stable,2,100,300,unseen_false_fire,"{""evaluated_value"":null,""numerator"":0.0,""planned"":100,""scored"":0,""status"":""incomplete"",""status_counts"":{""ok"":100},""value"":null,""wilson_evaluated"":null,""wilson_full_inventory"":null}"
cf6bd4a623aa24871f74d136,mquake,v0_stable,2,100,300,unseen_answer_changed,"{""evaluated_value"":0.0,""numerator"":0.0,""planned"":100,""scored"":100,""status"":""complete"",""status_counts"":{""ok"":100},""value"":0.0}"
cf6bd4a623aa24871f74d136,mquake,v0_stable,2,100,300,near_miss,"{""expected_n"":100,""preserved_fraction"":1.0,""preserved_n"":100,""preserved_terminated_fraction"":0.52,""preserved_terminated_n"":52,""primary_convention"":""DEC-053 bounded exact decoded-text equality, no normalization or termination requirement"",""query_truncated_n"":48,""reference_truncated_n"":48,""scored_n"":100,""secondary_convention"":""same decoded text and neither side truncated"",""status"":""complete"",""truncated_pair_n"":48,""unavailable_n"":0}"
cf6bd4a623aa24871f74d136,mquake,v0_stable,2,100,300,near_miss_bounded,"{""evaluated_value"":1.0,""numerator"":100.0,""planned"":100,""scored"":100,""status"":""complete"",""status_counts"":{""ok"":100},""value"":1.0}"
cf6bd4a623aa24871f74d136,mquake,v0_stable,2,100,300,near_miss_terminated,"{""evaluated_value"":0.52,""numerator"":52.0,""planned"":100,""scored"":100,""status"":""complete"",""status_counts"":{""ok"":100},""value"":0.52}"
cf6bd4a623aa24871f74d136,mquake,v0_stable,2,100,300,revision_latest,"{""evaluated_value"":0.0,""numerator"":0.0,""planned"":50,""scored"":50,""status"":""complete"",""status_counts"":{""ok"":50},""value"":0.0}"
cf6bd4a623aa24871f74d136,mquake,v0_stable,2,100,300,revision_semantic,"{""evaluated_value"":null,""numerator"":0.0,""planned"":50,""scored"":0,""status"":""incomplete"",""status_counts"":{""ok"":50},""value"":null}"
cf6bd4a623aa24871f74d136,mquake,v0_stable,2,100,300,old_record_retired,"{""evaluated_value"":null,""numerator"":0.0,""planned"":50,""scored"":0,""status"":""incomplete"",""status_counts"":{""ok"":50},""value"":null}"
cf6bd4a623aa24871f74d136,mquake,v0_stable,2,100,300,new_record_active,"{""evaluated_value"":null,""numerator"":0.0,""planned"":50,""scored"":0,""status"":""incomplete"",""status_counts"":{""ok"":50},""value"":null}"
cf6bd4a623aa24871f74d136,mquake,v0_stable,2,100,300,drift,"{""planned_positions"":16256,""references"":{""capoff"":{""ES95_positive_nats"":0.0,""ES99_positive_nats"":0.0,""count_above_0_1_nats"":0,""definition"":""fractional empirical top1% mean of positive NLL harm; denominator .01*N"",""exceedances_nats"":{""0.01"":0,""0.1"":0,""1.0"":0},""max_positive_nats"":0.0,""maximum_position"":""w0:p1"",""mean_positive_nats"":0.0,""mean_signed_nats"":0.0,""zero_positive_n"":16256},""original"":{""ES95_positive_nats"":0.0,""ES99_positive_nats"":0.0,""count_above_0_1_nats"":0,""definition"":""fractional empirical top1% mean of positive NLL harm; denominator .01*N"",""exceedances_nats"":{""0.01"":0,""0.1"":0,""1.0"":0},""max_positive_nats"":0.0,""maximum_position"":""w0:p1"",""mean_positive_nats"":0.0,""mean_signed_nats"":0.0,""zero_positive_n"":16256}},""scored_positions"":16256,""source_sha256"":""2e67327e54b5fb83e765c2320affcf8cfc4fc30b3996eea06105c850609ee524"",""status"":""complete""}"
519b30353f979e8028ed03e1,mquake,v0_stable,2,101,100,LS_terminated,"{""evaluated_value"":0.44,""numerator"":22.0,""planned"":50,""scored"":50,""status"":""complete"",""status_counts"":{""ok"":50},""value"":0.44}"
519b30353f979e8028ed03e1,mquake,v0_stable,2,101,100,locality,"{""expected_n"":50,""preserved_fraction"":1.0,""preserved_n"":50,""preserved_terminated_fraction"":0.44,""preserved_terminated_n"":22,""primary_convention"":""DEC-053 bounded exact decoded-text equality, no normalization or termination requirement"",""query_truncated_n"":28,""reference_truncated_n"":28,""scored_n"":50,""secondary_convention"":""same decoded text and neither side truncated"",""status"":""complete"",""truncated_pair_n"":28,""unavailable_n"":0}"
519b30353f979e8028ed03e1,mquake,v0_stable,2,101,100,unseen_false_fire,"{""evaluated_value"":null,""numerator"":0.0,""planned"":100,""scored"":0,""status"":""incomplete"",""status_counts"":{""ok"":100},""value"":null,""wilson_evaluated"":null,""wilson_full_inventory"":null}"
519b30353f979e8028ed03e1,mquake,v0_stable,2,101,100,unseen_answer_changed,"{""evaluated_value"":0.0,""numerator"":0.0,""planned"":100,""scored"":100,""status"":""complete"",""status_counts"":{""ok"":100},""value"":0.0}"
519b30353f979e8028ed03e1,mquake,v0_stable,2,101,300,LS_terminated,"{""evaluated_value"":0.44,""numerator"":22.0,""planned"":50,""scored"":50,""status"":""complete"",""status_counts"":{""ok"":50},""value"":0.44}"
519b30353f979e8028ed03e1,mquake,v0_stable,2,101,300,locality,"{""expected_n"":50,""preserved_fraction"":1.0,""preserved_n"":50,""preserved_terminated_fraction"":0.44,""preserved_terminated_n"":22,""primary_convention"":""DEC-053 bounded exact decoded-text equality, no normalization or termination requirement"",""query_truncated_n"":28,""reference_truncated_n"":28,""scored_n"":50,""secondary_convention"":""same decoded text and neither side truncated"",""status"":""complete"",""truncated_pair_n"":28,""unavailable_n"":0}"
519b30353f979e8028ed03e1,mquake,v0_stable,2,101,300,unseen_false_fire,"{""evaluated_value"":null,""numerator"":0.0,""planned"":100,""scored"":0,""status"":""incomplete"",""status_counts"":{""ok"":100},""value"":null,""wilson_evaluated"":null,""wilson_full_inventory"":null}"
519b30353f979e8028ed03e1,mquake,v0_stable,2,101,300,unseen_answer_changed,"{""evaluated_value"":0.0,""numerator"":0.0,""planned"":100,""scored"":100,""status"":""complete"",""status_counts"":{""ok"":100},""value"":0.0}"
519b30353f979e8028ed03e1,mquake,v0_stable,2,101,300,near_miss,"{""expected_n"":100,""preserved_fraction"":1.0,""preserved_n"":100,""preserved_terminated_fraction"":0.52,""preserved_terminated_n"":52,""primary_convention"":""DEC-053 bounded exact decoded-text equality, no normalization or termination requirement"",""query_truncated_n"":48,""reference_truncated_n"":48,""scored_n"":100,""secondary_convention"":""same decoded text and neither side truncated"",""status"":""complete"",""truncated_pair_n"":48,""unavailable_n"":0}"
519b30353f979e8028ed03e1,mquake,v0_stable,2,101,300,near_miss_bounded,"{""evaluated_value"":1.0,""numerator"":100.0,""planned"":100,""scored"":100,""status"":""complete"",""status_counts"":{""ok"":100},""value"":1.0}"
519b30353f979e8028ed03e1,mquake,v0_stable,2,101,300,near_miss_terminated,"{""evaluated_value"":0.52,""numerator"":52.0,""planned"":100,""scored"":100,""status"":""complete"",""status_counts"":{""ok"":100},""value"":0.52}"
519b30353f979e8028ed03e1,mquake,v0_stable,2,101,300,revision_latest,"{""evaluated_value"":0.0,""numerator"":0.0,""planned"":50,""scored"":50,""status"":""complete"",""status_counts"":{""ok"":50},""value"":0.0}"
519b30353f979e8028ed03e1,mquake,v0_stable,2,101,300,revision_semantic,"{""evaluated_value"":null,""numerator"":0.0,""planned"":50,""scored"":0,""status"":""incomplete"",""status_counts"":{""ok"":50},""value"":null}"
519b30353f979e8028ed03e1,mquake,v0_stable,2,101,300,old_record_retired,"{""evaluated_value"":null,""numerator"":0.0,""planned"":50,""scored"":0,""status"":""incomplete"",""status_counts"":{""ok"":50},""value"":null}"
519b30353f979e8028ed03e1,mquake,v0_stable,2,101,300,new_record_active,"{""evaluated_value"":null,""numerator"":0.0,""planned"":50,""scored"":0,""status"":""incomplete"",""status_counts"":{""ok"":50},""value"":null}"
519b30353f979e8028ed03e1,mquake,v0_stable,2,101,300,drift,"{""planned_positions"":16256,""references"":{""capoff"":{""ES95_positive_nats"":0.0,""ES99_positive_nats"":0.0,""count_above_0_1_nats"":0,""definition"":""fractional empirical top1% mean of positive NLL harm; denominator .01*N"",""exceedances_nats"":{""0.01"":0,""0.1"":0,""1.0"":0},""max_positive_nats"":0.0,""maximum_position"":""w0:p1"",""mean_positive_nats"":0.0,""mean_signed_nats"":0.0,""zero_positive_n"":16256},""original"":{""ES95_positive_nats"":0.0,""ES99_positive_nats"":0.0,""count_above_0_1_nats"":0,""definition"":""fractional empirical top1% mean of positive NLL harm; denominator .01*N"",""exceedances_nats"":{""0.01"":0,""0.1"":0,""1.0"":0},""max_positive_nats"":0.0,""maximum_position"":""w0:p1"",""mean_positive_nats"":0.0,""mean_signed_nats"":0.0,""zero_positive_n"":16256}},""scored_positions"":16256,""source_sha256"":""2e67327e54b5fb83e765c2320affcf8cfc4fc30b3996eea06105c850609ee524"",""status"":""complete""}"
89182e81a187807d2772cade,mquake,v0_stable,2,102,100,LS_terminated,"{""evaluated_value"":0.44,""numerator"":22.0,""planned"":50,""scored"":50,""status"":""complete"",""status_counts"":{""ok"":50},""value"":0.44}"
89182e81a187807d2772cade,mquake,v0_stable,2,102,100,locality,"{""expected_n"":50,""preserved_fraction"":1.0,""preserved_n"":50,""preserved_terminated_fraction"":0.44,""preserved_terminated_n"":22,""primary_convention"":""DEC-053 bounded exact decoded-text equality, no normalization or termination requirement"",""query_truncated_n"":28,""reference_truncated_n"":28,""scored_n"":50,""secondary_convention"":""same decoded text and neither side truncated"",""status"":""complete"",""truncated_pair_n"":28,""unavailable_n"":0}"
89182e81a187807d2772cade,mquake,v0_stable,2,102,100,unseen_false_fire,"{""evaluated_value"":null,""numerator"":0.0,""planned"":100,""scored"":0,""status"":""incomplete"",""status_counts"":{""ok"":100},""value"":null,""wilson_evaluated"":null,""wilson_full_inventory"":null}"
89182e81a187807d2772cade,mquake,v0_stable,2,102,100,unseen_answer_changed,"{""evaluated_value"":0.0,""numerator"":0.0,""planned"":100,""scored"":100,""status"":""complete"",""status_counts"":{""ok"":100},""value"":0.0}"
89182e81a187807d2772cade,mquake,v0_stable,2,102,300,LS_terminated,"{""evaluated_value"":0.44,""numerator"":22.0,""planned"":50,""scored"":50,""status"":""complete"",""status_counts"":{""ok"":50},""value"":0.44}"
89182e81a187807d2772cade,mquake,v0_stable,2,102,300,locality,"{""expected_n"":50,""preserved_fraction"":1.0,""preserved_n"":50,""preserved_terminated_fraction"":0.44,""preserved_terminated_n"":22,""primary_convention"":""DEC-053 bounded exact decoded-text equality, no normalization or termination requirement"",""query_truncated_n"":28,""reference_truncated_n"":28,""scored_n"":50,""secondary_convention"":""same decoded text and neither side truncated"",""status"":""complete"",""truncated_pair_n"":28,""unavailable_n"":0}"
89182e81a187807d2772cade,mquake,v0_stable,2,102,300,unseen_false_fire,"{""evaluated_value"":null,""numerator"":0.0,""planned"":100,""scored"":0,""status"":""incomplete"",""status_counts"":{""ok"":100},""value"":null,""wilson_evaluated"":null,""wilson_full_inventory"":null}"
89182e81a187807d2772cade,mquake,v0_stable,2,102,300,unseen_answer_changed,"{""evaluated_value"":0.0,""numerator"":0.0,""planned"":100,""scored"":100,""status"":""complete"",""status_counts"":{""ok"":100},""value"":0.0}"
89182e81a187807d2772cade,mquake,v0_stable,2,102,300,near_miss,"{""expected_n"":100,""preserved_fraction"":1.0,""preserved_n"":100,""preserved_terminated_fraction"":0.52,""preserved_terminated_n"":52,""primary_convention"":""DEC-053 bounded exact decoded-text equality, no normalization or termination requirement"",""query_truncated_n"":48,""reference_truncated_n"":48,""scored_n"":100,""secondary_convention"":""same decoded text and neither side truncated"",""status"":""complete"",""truncated_pair_n"":48,""unavailable_n"":0}"
89182e81a187807d2772cade,mquake,v0_stable,2,102,300,near_miss_bounded,"{""evaluated_value"":1.0,""numerator"":100.0,""planned"":100,""scored"":100,""status"":""complete"",""status_counts"":{""ok"":100},""value"":1.0}"
89182e81a187807d2772cade,mquake,v0_stable,2,102,300,near_miss_terminated,"{""evaluated_value"":0.52,""numerator"":52.0,""planned"":100,""scored"":100,""status"":""complete"",""status_counts"":{""ok"":100},""value"":0.52}"
89182e81a187807d2772cade,mquake,v0_stable,2,102,300,revision_latest,"{""evaluated_value"":0.0,""numerator"":0.0,""planned"":50,""scored"":50,""status"":""complete"",""status_counts"":{""ok"":50},""value"":0.0}"
89182e81a187807d2772cade,mquake,v0_stable,2,102,300,revision_semantic,"{""evaluated_value"":null,""numerator"":0.0,""planned"":50,""scored"":0,""status"":""incomplete"",""status_counts"":{""ok"":50},""value"":null}"
89182e81a187807d2772cade,mquake,v0_stable,2,102,300,old_record_retired,"{""evaluated_value"":null,""numerator"":0.0,""planned"":50,""scored"":0,""status"":""incomplete"",""status_counts"":{""ok"":50},""value"":null}"
89182e81a187807d2772cade,mquake,v0_stable,2,102,300,new_record_active,"{""evaluated_value"":null,""numerator"":0.0,""planned"":50,""scored"":0,""status"":""incomplete"",""status_counts"":{""ok"":50},""value"":null}"
89182e81a187807d2772cade,mquake,v0_stable,2,102,300,drift,"{""planned_positions"":16256,""references"":{""capoff"":{""ES95_positive_nats"":0.0,""ES99_positive_nats"":0.0,""count_above_0_1_nats"":0,""definition"":""fractional empirical top1% mean of positive NLL harm; denominator .01*N"",""exceedances_nats"":{""0.01"":0,""0.1"":0,""1.0"":0},""max_positive_nats"":0.0,""maximum_position"":""w0:p1"",""mean_positive_nats"":0.0,""mean_signed_nats"":0.0,""zero_positive_n"":16256},""original"":{""ES95_positive_nats"":0.0,""ES99_positive_nats"":0.0,""count_above_0_1_nats"":0,""definition"":""fractional empirical top1% mean of positive NLL harm; denominator .01*N"",""exceedances_nats"":{""0.01"":0,""0.1"":0,""1.0"":0},""max_positive_nats"":0.0,""maximum_position"":""w0:p1"",""mean_positive_nats"":0.0,""mean_signed_nats"":0.0,""zero_positive_n"":16256}},""scored_positions"":16256,""source_sha256"":""2e67327e54b5fb83e765c2320affcf8cfc4fc30b3996eea06105c850609ee524"",""status"":""complete""}"
9ad3399cfc13f1297d17423d,mquake,v0_stable,2,103,100,LS_terminated,"{""evaluated_value"":0.44,""numerator"":22.0,""planned"":50,""scored"":50,""status"":""complete"",""status_counts"":{""ok"":50},""value"":0.44}"
9ad3399cfc13f1297d17423d,mquake,v0_stable,2,103,100,locality,"{""expected_n"":50,""preserved_fraction"":1.0,""preserved_n"":50,""preserved_terminated_fraction"":0.44,""preserved_terminated_n"":22,""primary_convention"":""DEC-053 bounded exact decoded-text equality, no normalization or termination requirement"",""query_truncated_n"":28,""reference_truncated_n"":28,""scored_n"":50,""secondary_convention"":""same decoded text and neither side truncated"",""status"":""complete"",""truncated_pair_n"":28,""unavailable_n"":0}"
9ad3399cfc13f1297d17423d,mquake,v0_stable,2,103,100,unseen_false_fire,"{""evaluated_value"":null,""numerator"":0.0,""planned"":100,""scored"":0,""status"":""incomplete"",""status_counts"":{""ok"":100},""value"":null,""wilson_evaluated"":null,""wilson_full_inventory"":null}"
9ad3399cfc13f1297d17423d,mquake,v0_stable,2,103,100,unseen_answer_changed,"{""evaluated_value"":0.0,""numerator"":0.0,""planned"":100,""scored"":100,""status"":""complete"",""status_counts"":{""ok"":100},""value"":0.0}"
9ad3399cfc13f1297d17423d,mquake,v0_stable,2,103,300,LS_terminated,"{""evaluated_value"":0.44,""numerator"":22.0,""planned"":50,""scored"":50,""status"":""complete"",""status_counts"":{""ok"":50},""value"":0.44}"
9ad3399cfc13f1297d17423d,mquake,v0_stable,2,103,300,locality,"{""expected_n"":50,""preserved_fraction"":1.0,""preserved_n"":50,""preserved_terminated_fraction"":0.44,""preserved_terminated_n"":22,""primary_convention"":""DEC-053 bounded exact decoded-text equality, no normalization or termination requirement"",""query_truncated_n"":28,""reference_truncated_n"":28,""scored_n"":50,""secondary_convention"":""same decoded text and neither side truncated"",""status"":""complete"",""truncated_pair_n"":28,""unavailable_n"":0}"
9ad3399cfc13f1297d17423d,mquake,v0_stable,2,103,300,unseen_false_fire,"{""evaluated_value"":null,""numerator"":0.0,""planned"":100,""scored"":0,""status"":""incomplete"",""status_counts"":{""ok"":100},""value"":null,""wilson_evaluated"":null,""wilson_full_inventory"":null}"
9ad3399cfc13f1297d17423d,mquake,v0_stable,2,103,300,unseen_answer_changed,"{""evaluated_value"":0.0,""numerator"":0.0,""planned"":100,""scored"":100,""status"":""complete"",""status_counts"":{""ok"":100},""value"":0.0}"
9ad3399cfc13f1297d17423d,mquake,v0_stable,2,103,300,near_miss,"{""expected_n"":100,""preserved_fraction"":1.0,""preserved_n"":100,""preserved_terminated_fraction"":0.52,""preserved_terminated_n"":52,""primary_convention"":""DEC-053 bounded exact decoded-text equality, no normalization or termination requirement"",""query_truncated_n"":48,""reference_truncated_n"":48,""scored_n"":100,""secondary_convention"":""same decoded text and neither side truncated"",""status"":""complete"",""truncated_pair_n"":48,""unavailable_n"":0}"
9ad3399cfc13f1297d17423d,mquake,v0_stable,2,103,300,near_miss_bounded,"{""evaluated_value"":1.0,""numerator"":100.0,""planned"":100,""scored"":100,""status"":""complete"",""status_counts"":{""ok"":100},""value"":1.0}"
9ad3399cfc13f1297d17423d,mquake,v0_stable,2,103,300,near_miss_terminated,"{""evaluated_value"":0.52,""numerator"":52.0,""planned"":100,""scored"":100,""status"":""complete"",""status_counts"":{""ok"":100},""value"":0.52}"
9ad3399cfc13f1297d17423d,mquake,v0_stable,2,103,300,revision_latest,"{""evaluated_value"":0.0,""numerator"":0.0,""planned"":50,""scored"":50,""status"":""complete"",""status_counts"":{""ok"":50},""value"":0.0}"
9ad3399cfc13f1297d17423d,mquake,v0_stable,2,103,300,revision_semantic,"{""evaluated_value"":null,""numerator"":0.0,""planned"":50,""scored"":0,""status"":""incomplete"",""status_counts"":{""ok"":50},""value"":null}"
9ad3399cfc13f1297d17423d,mquake,v0_stable,2,103,300,old_record_retired,"{""evaluated_value"":null,""numerator"":0.0,""planned"":50,""scored"":0,""status"":""incomplete"",""status_counts"":{""ok"":50},""value"":null}"
9ad3399cfc13f1297d17423d,mquake,v0_stable,2,103,300,new_record_active,"{""evaluated_value"":null,""numerator"":0.0,""planned"":50,""scored"":0,""status"":""incomplete"",""status_counts"":{""ok"":50},""value"":null}"
9ad3399cfc13f1297d17423d,mquake,v0_stable,2,103,300,drift,"{""planned_positions"":16256,""references"":{""capoff"":{""ES95_positive_nats"":0.0,""ES99_positive_nats"":0.0,""count_above_0_1_nats"":0,""definition"":""fractional empirical top1% mean of positive NLL harm; denominator .01*N"",""exceedances_nats"":{""0.01"":0,""0.1"":0,""1.0"":0},""max_positive_nats"":0.0,""maximum_position"":""w0:p1"",""mean_positive_nats"":0.0,""mean_signed_nats"":0.0,""zero_positive_n"":16256},""original"":{""ES95_positive_nats"":0.0,""ES99_positive_nats"":0.0,""count_above_0_1_nats"":0,""definition"":""fractional empirical top1% mean of positive NLL harm; denominator .01*N"",""exceedances_nats"":{""0.01"":0,""0.1"":0,""1.0"":0},""max_positive_nats"":0.0,""maximum_position"":""w0:p1"",""mean_positive_nats"":0.0,""mean_signed_nats"":0.0,""zero_positive_n"":16256}},""scored_positions"":16256,""source_sha256"":""2e67327e54b5fb83e765c2320affcf8cfc4fc30b3996eea06105c850609ee524"",""status"":""complete""}"
046aa51d028b84dde8981351,mquake,v0_stable,2,104,100,LS_terminated,"{""evaluated_value"":0.44,""numerator"":22.0,""planned"":50,""scored"":50,""status"":""complete"",""status_counts"":{""ok"":50},""value"":0.44}"
046aa51d028b84dde8981351,mquake,v0_stable,2,104,100,locality,"{""expected_n"":50,""preserved_fraction"":1.0,""preserved_n"":50,""preserved_terminated_fraction"":0.44,""preserved_terminated_n"":22,""primary_convention"":""DEC-053 bounded exact decoded-text equality, no normalization or termination requirement"",""query_truncated_n"":28,""reference_truncated_n"":28,""scored_n"":50,""secondary_convention"":""same decoded text and neither side truncated"",""status"":""complete"",""truncated_pair_n"":28,""unavailable_n"":0}"
046aa51d028b84dde8981351,mquake,v0_stable,2,104,100,unseen_false_fire,"{""evaluated_value"":null,""numerator"":0.0,""planned"":100,""scored"":0,""status"":""incomplete"",""status_counts"":{""ok"":100},""value"":null,""wilson_evaluated"":null,""wilson_full_inventory"":null}"
046aa51d028b84dde8981351,mquake,v0_stable,2,104,100,unseen_answer_changed,"{""evaluated_value"":0.0,""numerator"":0.0,""planned"":100,""scored"":100,""status"":""complete"",""status_counts"":{""ok"":100},""value"":0.0}"
046aa51d028b84dde8981351,mquake,v0_stable,2,104,300,LS_terminated,"{""evaluated_value"":0.44,""numerator"":22.0,""planned"":50,""scored"":50,""status"":""complete"",""status_counts"":{""ok"":50},""value"":0.44}"
046aa51d028b84dde8981351,mquake,v0_stable,2,104,300,locality,"{""expected_n"":50,""preserved_fraction"":1.0,""preserved_n"":50,""preserved_terminated_fraction"":0.44,""preserved_terminated_n"":22,""primary_convention"":""DEC-053 bounded exact decoded-text equality, no normalization or termination requirement"",""query_truncated_n"":28,""reference_truncated_n"":28,""scored_n"":50,""secondary_convention"":""same decoded text and neither side truncated"",""status"":""complete"",""truncated_pair_n"":28,""unavailable_n"":0}"
046aa51d028b84dde8981351,mquake,v0_stable,2,104,300,unseen_false_fire,"{""evaluated_value"":null,""numerator"":0.0,""planned"":100,""scored"":0,""status"":""incomplete"",""status_counts"":{""ok"":100},""value"":null,""wilson_evaluated"":null,""wilson_full_inventory"":null}"
046aa51d028b84dde8981351,mquake,v0_stable,2,104,300,unseen_answer_changed,"{""evaluated_value"":0.0,""numerator"":0.0,""planned"":100,""scored"":100,""status"":""complete"",""status_counts"":{""ok"":100},""value"":0.0}"
046aa51d028b84dde8981351,mquake,v0_stable,2,104,300,near_miss,"{""expected_n"":100,""preserved_fraction"":1.0,""preserved_n"":100,""preserved_terminated_fraction"":0.52,""preserved_terminated_n"":52,""primary_convention"":""DEC-053 bounded exact decoded-text equality, no normalization or termination requirement"",""query_truncated_n"":48,""reference_truncated_n"":48,""scored_n"":100,""secondary_convention"":""same decoded text and neither side truncated"",""status"":""complete"",""truncated_pair_n"":48,""unavailable_n"":0}"
046aa51d028b84dde8981351,mquake,v0_stable,2,104,300,near_miss_bounded,"{""evaluated_value"":1.0,""numerator"":100.0,""planned"":100,""scored"":100,""status"":""complete"",""status_counts"":{""ok"":100},""value"":1.0}"
046aa51d028b84dde8981351,mquake,v0_stable,2,104,300,near_miss_terminated,"{""evaluated_value"":0.52,""numerator"":52.0,""planned"":100,""scored"":100,""status"":""complete"",""status_counts"":{""ok"":100},""value"":0.52}"
046aa51d028b84dde8981351,mquake,v0_stable,2,104,300,revision_latest,"{""evaluated_value"":0.0,""numerator"":0.0,""planned"":50,""scored"":50,""status"":""complete"",""status_counts"":{""ok"":50},""value"":0.0}"
046aa51d028b84dde8981351,mquake,v0_stable,2,104,300,revision_semantic,"{""evaluated_value"":null,""numerator"":0.0,""planned"":50,""scored"":0,""status"":""incomplete"",""status_counts"":{""ok"":50},""value"":null}"
046aa51d028b84dde8981351,mquake,v0_stable,2,104,300,old_record_retired,"{""evaluated_value"":null,""numerator"":0.0,""planned"":50,""scored"":0,""status"":""incomplete"",""status_counts"":{""ok"":50},""value"":null}"
046aa51d028b84dde8981351,mquake,v0_stable,2,104,300,new_record_active,"{""evaluated_value"":null,""numerator"":0.0,""planned"":50,""scored"":0,""status"":""incomplete"",""status_counts"":{""ok"":50},""value"":null}"
046aa51d028b84dde8981351,mquake,v0_stable,2,104,300,drift,"{""planned_positions"":16256,""references"":{""capoff"":{""ES95_positive_nats"":0.0,""ES99_positive_nats"":0.0,""count_above_0_1_nats"":0,""definition"":""fractional empirical top1% mean of positive NLL harm; denominator .01*N"",""exceedances_nats"":{""0.01"":0,""0.1"":0,""1.0"":0},""max_positive_nats"":0.0,""maximum_position"":""w0:p1"",""mean_positive_nats"":0.0,""mean_signed_nats"":0.0,""zero_positive_n"":16256},""original"":{""ES95_positive_nats"":0.0,""ES99_positive_nats"":0.0,""count_above_0_1_nats"":0,""definition"":""fractional empirical top1% mean of positive NLL harm; denominator .01*N"",""exceedances_nats"":{""0.01"":0,""0.1"":0,""1.0"":0},""max_positive_nats"":0.0,""maximum_position"":""w0:p1"",""mean_positive_nats"":0.0,""mean_signed_nats"":0.0,""zero_positive_n"":16256}},""scored_positions"":16256,""source_sha256"":""2e67327e54b5fb83e765c2320affcf8cfc4fc30b3996eea06105c850609ee524"",""status"":""complete""}"
