cell_id,dataset,condition,realization,order,checkpoint,metric,planned,scored,numerator,value,evaluated_value,status,status_counts
61348508e40d54351613ab14,zsre,R1_learned_ff,0,100,100,ES,100,100,100,1,1,complete,"{""ok"":100}"
61348508e40d54351613ab14,zsre,R1_learned_ff,0,100,100,RET-ES,100,100,100,1,1,complete,"{""ok"":100}"
61348508e40d54351613ab14,zsre,R1_learned_ff,0,100,100,RET-GS,100,100,97,0.97,0.97,complete,"{""ok"":100}"
61348508e40d54351613ab14,zsre,R1_learned_ff,0,100,100,LS,50,50,50,1,1,complete,"{""ok"":50}"
61348508e40d54351613ab14,zsre,R1_learned_ff,0,100,300,ES,300,300,300,1,1,complete,"{""ok"":300}"
61348508e40d54351613ab14,zsre,R1_learned_ff,0,100,300,RET-ES,300,300,300,1,1,complete,"{""ok"":300}"
61348508e40d54351613ab14,zsre,R1_learned_ff,0,100,300,RET-GS,300,300,295,0.98333333,0.98333333,complete,"{""ok"":300}"
61348508e40d54351613ab14,zsre,R1_learned_ff,0,100,300,LS,50,50,50,1,1,complete,"{""ok"":50}"
61348508e40d54351613ab14,zsre,R1_learned_ff,0,100,1000,ES,1000,1000,994,0.994,0.994,complete,"{""ok"":1000}"
61348508e40d54351613ab14,zsre,R1_learned_ff,0,100,1000,RET-ES,1000,1000,977,0.977,0.977,complete,"{""ok"":1000}"
61348508e40d54351613ab14,zsre,R1_learned_ff,0,100,1000,RET-GS,1000,1000,955,0.955,0.955,complete,"{""ok"":1000}"
61348508e40d54351613ab14,zsre,R1_learned_ff,0,100,1000,LS,50,50,50,1,1,complete,"{""ok"":50}"
88af67fa5945b642e8ba7974,zsre,R1_learned_ff,0,101,100,ES,100,100,100,1,1,complete,"{""ok"":100}"
88af67fa5945b642e8ba7974,zsre,R1_learned_ff,0,101,100,RET-ES,100,100,100,1,1,complete,"{""ok"":100}"
88af67fa5945b642e8ba7974,zsre,R1_learned_ff,0,101,100,RET-GS,100,100,99,0.99,0.99,complete,"{""ok"":100}"
88af67fa5945b642e8ba7974,zsre,R1_learned_ff,0,101,100,LS,50,50,50,1,1,complete,"{""ok"":50}"
88af67fa5945b642e8ba7974,zsre,R1_learned_ff,0,101,300,ES,300,300,300,1,1,complete,"{""ok"":300}"
88af67fa5945b642e8ba7974,zsre,R1_learned_ff,0,101,300,RET-ES,300,300,300,1,1,complete,"{""ok"":300}"
88af67fa5945b642e8ba7974,zsre,R1_learned_ff,0,101,300,RET-GS,300,300,298,0.99333333,0.99333333,complete,"{""ok"":300}"
88af67fa5945b642e8ba7974,zsre,R1_learned_ff,0,101,300,LS,50,50,50,1,1,complete,"{""ok"":50}"
88af67fa5945b642e8ba7974,zsre,R1_learned_ff,0,101,1000,ES,1000,1000,995,0.995,0.995,complete,"{""ok"":1000}"
88af67fa5945b642e8ba7974,zsre,R1_learned_ff,0,101,1000,RET-ES,1000,1000,977,0.977,0.977,complete,"{""ok"":1000}"
88af67fa5945b642e8ba7974,zsre,R1_learned_ff,0,101,1000,RET-GS,1000,1000,955,0.955,0.955,complete,"{""ok"":1000}"
88af67fa5945b642e8ba7974,zsre,R1_learned_ff,0,101,1000,LS,50,50,50,1,1,complete,"{""ok"":50}"
915f97b05f3fa2a81de09cdf,zsre,R1_learned_ff,0,102,100,ES,100,100,100,1,1,complete,"{""ok"":100}"
915f97b05f3fa2a81de09cdf,zsre,R1_learned_ff,0,102,100,RET-ES,100,100,100,1,1,complete,"{""ok"":100}"
915f97b05f3fa2a81de09cdf,zsre,R1_learned_ff,0,102,100,RET-GS,100,100,100,1,1,complete,"{""ok"":100}"
915f97b05f3fa2a81de09cdf,zsre,R1_learned_ff,0,102,100,LS,50,50,50,1,1,complete,"{""ok"":50}"
915f97b05f3fa2a81de09cdf,zsre,R1_learned_ff,0,102,300,ES,300,300,300,1,1,complete,"{""ok"":300}"
915f97b05f3fa2a81de09cdf,zsre,R1_learned_ff,0,102,300,RET-ES,300,300,300,1,1,complete,"{""ok"":300}"
915f97b05f3fa2a81de09cdf,zsre,R1_learned_ff,0,102,300,RET-GS,300,300,295,0.98333333,0.98333333,complete,"{""ok"":300}"
915f97b05f3fa2a81de09cdf,zsre,R1_learned_ff,0,102,300,LS,50,50,50,1,1,complete,"{""ok"":50}"
915f97b05f3fa2a81de09cdf,zsre,R1_learned_ff,0,102,1000,ES,1000,1000,994,0.994,0.994,complete,"{""ok"":1000}"
915f97b05f3fa2a81de09cdf,zsre,R1_learned_ff,0,102,1000,RET-ES,1000,1000,977,0.977,0.977,complete,"{""ok"":1000}"
915f97b05f3fa2a81de09cdf,zsre,R1_learned_ff,0,102,1000,RET-GS,1000,1000,955,0.955,0.955,complete,"{""ok"":1000}"
915f97b05f3fa2a81de09cdf,zsre,R1_learned_ff,0,102,1000,LS,50,50,50,1,1,complete,"{""ok"":50}"
4aa4849ba414edab2504f56b,zsre,R1_learned_ff,0,103,100,ES,100,100,100,1,1,complete,"{""ok"":100}"
4aa4849ba414edab2504f56b,zsre,R1_learned_ff,0,103,100,RET-ES,100,100,100,1,1,complete,"{""ok"":100}"
4aa4849ba414edab2504f56b,zsre,R1_learned_ff,0,103,100,RET-GS,100,100,99,0.99,0.99,complete,"{""ok"":100}"
4aa4849ba414edab2504f56b,zsre,R1_learned_ff,0,103,100,LS,50,50,50,1,1,complete,"{""ok"":50}"
4aa4849ba414edab2504f56b,zsre,R1_learned_ff,0,103,300,ES,300,300,300,1,1,complete,"{""ok"":300}"
4aa4849ba414edab2504f56b,zsre,R1_learned_ff,0,103,300,RET-ES,300,300,300,1,1,complete,"{""ok"":300}"
4aa4849ba414edab2504f56b,zsre,R1_learned_ff,0,103,300,RET-GS,300,300,295,0.98333333,0.98333333,complete,"{""ok"":300}"
4aa4849ba414edab2504f56b,zsre,R1_learned_ff,0,103,300,LS,50,50,50,1,1,complete,"{""ok"":50}"
4aa4849ba414edab2504f56b,zsre,R1_learned_ff,0,103,1000,ES,1000,1000,993,0.993,0.993,complete,"{""ok"":1000}"
4aa4849ba414edab2504f56b,zsre,R1_learned_ff,0,103,1000,RET-ES,1000,1000,977,0.977,0.977,complete,"{""ok"":1000}"
4aa4849ba414edab2504f56b,zsre,R1_learned_ff,0,103,1000,RET-GS,1000,1000,955,0.955,0.955,complete,"{""ok"":1000}"
4aa4849ba414edab2504f56b,zsre,R1_learned_ff,0,103,1000,LS,50,50,50,1,1,complete,"{""ok"":50}"
9ebc93cc7912bd5d1c929418,zsre,R1_learned_ff,0,104,100,ES,100,100,100,1,1,complete,"{""ok"":100}"
9ebc93cc7912bd5d1c929418,zsre,R1_learned_ff,0,104,100,RET-ES,100,100,100,1,1,complete,"{""ok"":100}"
9ebc93cc7912bd5d1c929418,zsre,R1_learned_ff,0,104,100,RET-GS,100,100,98,0.98,0.98,complete,"{""ok"":100}"
9ebc93cc7912bd5d1c929418,zsre,R1_learned_ff,0,104,100,LS,50,50,50,1,1,complete,"{""ok"":50}"
9ebc93cc7912bd5d1c929418,zsre,R1_learned_ff,0,104,300,ES,300,300,300,1,1,complete,"{""ok"":300}"
9ebc93cc7912bd5d1c929418,zsre,R1_learned_ff,0,104,300,RET-ES,300,300,300,1,1,complete,"{""ok"":300}"
9ebc93cc7912bd5d1c929418,zsre,R1_learned_ff,0,104,300,RET-GS,300,300,293,0.97666667,0.97666667,complete,"{""ok"":300}"
9ebc93cc7912bd5d1c929418,zsre,R1_learned_ff,0,104,300,LS,50,50,50,1,1,complete,"{""ok"":50}"
9ebc93cc7912bd5d1c929418,zsre,R1_learned_ff,0,104,1000,ES,1000,1000,992,0.992,0.992,complete,"{""ok"":1000}"
9ebc93cc7912bd5d1c929418,zsre,R1_learned_ff,0,104,1000,RET-ES,1000,1000,977,0.977,0.977,complete,"{""ok"":1000}"
9ebc93cc7912bd5d1c929418,zsre,R1_learned_ff,0,104,1000,RET-GS,1000,1000,955,0.955,0.955,complete,"{""ok"":1000}"
9ebc93cc7912bd5d1c929418,zsre,R1_learned_ff,0,104,1000,LS,50,50,50,1,1,complete,"{""ok"":50}"
ce0d0ffc2a58a60e27c460d9,counterfact,R1_learned_ff,0,100,100,ES,100,100,100,1,1,complete,"{""ok"":100}"
ce0d0ffc2a58a60e27c460d9,counterfact,R1_learned_ff,0,100,100,RET-ES,100,100,100,1,1,complete,"{""ok"":100}"
ce0d0ffc2a58a60e27c460d9,counterfact,R1_learned_ff,0,100,100,RET-GS,100,100,82.5,0.825,0.825,complete,"{""ok"":100}"
ce0d0ffc2a58a60e27c460d9,counterfact,R1_learned_ff,0,100,100,LS,50,50,50,1,1,complete,"{""ok"":50}"
ce0d0ffc2a58a60e27c460d9,counterfact,R1_learned_ff,0,100,300,ES,300,300,300,1,1,complete,"{""ok"":300}"
ce0d0ffc2a58a60e27c460d9,counterfact,R1_learned_ff,0,100,300,RET-ES,300,300,300,1,1,complete,"{""ok"":300}"
ce0d0ffc2a58a60e27c460d9,counterfact,R1_learned_ff,0,100,300,RET-GS,300,300,242,0.80666667,0.80666667,complete,"{""ok"":300}"
ce0d0ffc2a58a60e27c460d9,counterfact,R1_learned_ff,0,100,300,LS,50,50,50,1,1,complete,"{""ok"":50}"
ce0d0ffc2a58a60e27c460d9,counterfact,R1_learned_ff,0,100,1000,ES,1000,1000,989,0.989,0.989,complete,"{""ok"":1000}"
ce0d0ffc2a58a60e27c460d9,counterfact,R1_learned_ff,0,100,1000,RET-ES,1000,1000,974,0.974,0.974,complete,"{""ok"":1000}"
ce0d0ffc2a58a60e27c460d9,counterfact,R1_learned_ff,0,100,1000,RET-GS,1000,1000,691.5,0.6915,0.6915,complete,"{""ok"":1000}"
ce0d0ffc2a58a60e27c460d9,counterfact,R1_learned_ff,0,100,1000,LS,50,50,50,1,1,complete,"{""ok"":50}"
95dfb24c6361b2d38dd60e9b,counterfact,R1_learned_ff,0,101,100,ES,100,100,100,1,1,complete,"{""ok"":100}"
95dfb24c6361b2d38dd60e9b,counterfact,R1_learned_ff,0,101,100,RET-ES,100,100,100,1,1,complete,"{""ok"":100}"
95dfb24c6361b2d38dd60e9b,counterfact,R1_learned_ff,0,101,100,RET-GS,100,100,78.5,0.785,0.785,complete,"{""ok"":100}"
95dfb24c6361b2d38dd60e9b,counterfact,R1_learned_ff,0,101,100,LS,50,50,50,1,1,complete,"{""ok"":50}"
95dfb24c6361b2d38dd60e9b,counterfact,R1_learned_ff,0,101,300,ES,300,300,300,1,1,complete,"{""ok"":300}"
95dfb24c6361b2d38dd60e9b,counterfact,R1_learned_ff,0,101,300,RET-ES,300,300,300,1,1,complete,"{""ok"":300}"
95dfb24c6361b2d38dd60e9b,counterfact,R1_learned_ff,0,101,300,RET-GS,300,300,218,0.72666667,0.72666667,complete,"{""ok"":300}"
95dfb24c6361b2d38dd60e9b,counterfact,R1_learned_ff,0,101,300,LS,50,50,50,1,1,complete,"{""ok"":50}"
95dfb24c6361b2d38dd60e9b,counterfact,R1_learned_ff,0,101,1000,ES,1000,1000,993,0.993,0.993,complete,"{""ok"":1000}"
95dfb24c6361b2d38dd60e9b,counterfact,R1_learned_ff,0,101,1000,RET-ES,1000,1000,974,0.974,0.974,complete,"{""ok"":1000}"
95dfb24c6361b2d38dd60e9b,counterfact,R1_learned_ff,0,101,1000,RET-GS,1000,1000,691.5,0.6915,0.6915,complete,"{""ok"":1000}"
95dfb24c6361b2d38dd60e9b,counterfact,R1_learned_ff,0,101,1000,LS,50,50,50,1,1,complete,"{""ok"":50}"
6d0915056b1e76d8ee8795ff,counterfact,R1_learned_ff,0,102,100,ES,100,100,100,1,1,complete,"{""ok"":100}"
6d0915056b1e76d8ee8795ff,counterfact,R1_learned_ff,0,102,100,RET-ES,100,100,100,1,1,complete,"{""ok"":100}"
6d0915056b1e76d8ee8795ff,counterfact,R1_learned_ff,0,102,100,RET-GS,100,100,76,0.76,0.76,complete,"{""ok"":100}"
6d0915056b1e76d8ee8795ff,counterfact,R1_learned_ff,0,102,100,LS,50,50,50,1,1,complete,"{""ok"":50}"
6d0915056b1e76d8ee8795ff,counterfact,R1_learned_ff,0,102,300,ES,300,300,300,1,1,complete,"{""ok"":300}"
6d0915056b1e76d8ee8795ff,counterfact,R1_learned_ff,0,102,300,RET-ES,300,300,300,1,1,complete,"{""ok"":300}"
6d0915056b1e76d8ee8795ff,counterfact,R1_learned_ff,0,102,300,RET-GS,300,300,224.5,0.74833333,0.74833333,complete,"{""ok"":300}"
6d0915056b1e76d8ee8795ff,counterfact,R1_learned_ff,0,102,300,LS,50,50,50,1,1,complete,"{""ok"":50}"
6d0915056b1e76d8ee8795ff,counterfact,R1_learned_ff,0,102,1000,ES,1000,1000,993,0.993,0.993,complete,"{""ok"":1000}"
6d0915056b1e76d8ee8795ff,counterfact,R1_learned_ff,0,102,1000,RET-ES,1000,1000,974,0.974,0.974,complete,"{""ok"":1000}"
6d0915056b1e76d8ee8795ff,counterfact,R1_learned_ff,0,102,1000,RET-GS,1000,1000,691.5,0.6915,0.6915,complete,"{""ok"":1000}"
6d0915056b1e76d8ee8795ff,counterfact,R1_learned_ff,0,102,1000,LS,50,50,50,1,1,complete,"{""ok"":50}"
7c9675a69d832a772070cb2d,counterfact,R1_learned_ff,0,103,100,ES,100,100,100,1,1,complete,"{""ok"":100}"
7c9675a69d832a772070cb2d,counterfact,R1_learned_ff,0,103,100,RET-ES,100,100,100,1,1,complete,"{""ok"":100}"
7c9675a69d832a772070cb2d,counterfact,R1_learned_ff,0,103,100,RET-GS,100,100,83.5,0.835,0.835,complete,"{""ok"":100}"
7c9675a69d832a772070cb2d,counterfact,R1_learned_ff,0,103,100,LS,50,50,50,1,1,complete,"{""ok"":50}"
7c9675a69d832a772070cb2d,counterfact,R1_learned_ff,0,103,300,ES,300,300,299,0.99666667,0.99666667,complete,"{""ok"":300}"
7c9675a69d832a772070cb2d,counterfact,R1_learned_ff,0,103,300,RET-ES,300,300,299,0.99666667,0.99666667,complete,"{""ok"":300}"
7c9675a69d832a772070cb2d,counterfact,R1_learned_ff,0,103,300,RET-GS,300,300,227.5,0.75833333,0.75833333,complete,"{""ok"":300}"
7c9675a69d832a772070cb2d,counterfact,R1_learned_ff,0,103,300,LS,50,50,50,1,1,complete,"{""ok"":50}"
7c9675a69d832a772070cb2d,counterfact,R1_learned_ff,0,103,1000,ES,1000,1000,991,0.991,0.991,complete,"{""ok"":1000}"
7c9675a69d832a772070cb2d,counterfact,R1_learned_ff,0,103,1000,RET-ES,1000,1000,974,0.974,0.974,complete,"{""ok"":1000}"
7c9675a69d832a772070cb2d,counterfact,R1_learned_ff,0,103,1000,RET-GS,1000,1000,691.5,0.6915,0.6915,complete,"{""ok"":1000}"
7c9675a69d832a772070cb2d,counterfact,R1_learned_ff,0,103,1000,LS,50,50,50,1,1,complete,"{""ok"":50}"
95016bc16e89cfcccccc40b8,counterfact,R1_learned_ff,0,104,100,ES,100,100,100,1,1,complete,"{""ok"":100}"
95016bc16e89cfcccccc40b8,counterfact,R1_learned_ff,0,104,100,RET-ES,100,100,100,1,1,complete,"{""ok"":100}"
95016bc16e89cfcccccc40b8,counterfact,R1_learned_ff,0,104,100,RET-GS,100,100,83,0.83,0.83,complete,"{""ok"":100}"
95016bc16e89cfcccccc40b8,counterfact,R1_learned_ff,0,104,100,LS,50,50,49,0.98,0.98,complete,"{""ok"":50}"
95016bc16e89cfcccccc40b8,counterfact,R1_learned_ff,0,104,300,ES,300,300,300,1,1,complete,"{""ok"":300}"
95016bc16e89cfcccccc40b8,counterfact,R1_learned_ff,0,104,300,RET-ES,300,300,300,1,1,complete,"{""ok"":300}"
95016bc16e89cfcccccc40b8,counterfact,R1_learned_ff,0,104,300,RET-GS,300,300,238.5,0.795,0.795,complete,"{""ok"":300}"
95016bc16e89cfcccccc40b8,counterfact,R1_learned_ff,0,104,300,LS,50,50,49,0.98,0.98,complete,"{""ok"":50}"
95016bc16e89cfcccccc40b8,counterfact,R1_learned_ff,0,104,1000,ES,1000,1000,991,0.991,0.991,complete,"{""ok"":1000}"
95016bc16e89cfcccccc40b8,counterfact,R1_learned_ff,0,104,1000,RET-ES,1000,1000,974,0.974,0.974,complete,"{""ok"":1000}"
95016bc16e89cfcccccc40b8,counterfact,R1_learned_ff,0,104,1000,RET-GS,1000,1000,691.5,0.6915,0.6915,complete,"{""ok"":1000}"
95016bc16e89cfcccccc40b8,counterfact,R1_learned_ff,0,104,1000,LS,50,50,50,1,1,complete,"{""ok"":50}"
43925e53c31860219a85ef90,mquake,R1_learned_ff,0,100,100,ES,100,100,100,1,1,complete,"{""ok"":100}"
43925e53c31860219a85ef90,mquake,R1_learned_ff,0,100,100,RET-ES,100,100,100,1,1,complete,"{""ok"":100}"
43925e53c31860219a85ef90,mquake,R1_learned_ff,0,100,100,RET-GS,100,100,68,0.68,0.68,complete,"{""ok"":100}"
43925e53c31860219a85ef90,mquake,R1_learned_ff,0,100,100,LS,50,50,50,1,1,complete,"{""ok"":50}"
43925e53c31860219a85ef90,mquake,R1_learned_ff,0,100,300,ES,300,300,300,1,1,complete,"{""ok"":300}"
43925e53c31860219a85ef90,mquake,R1_learned_ff,0,100,300,RET-ES,300,300,300,1,1,complete,"{""ok"":300}"
43925e53c31860219a85ef90,mquake,R1_learned_ff,0,100,300,RET-GS,300,300,211,0.70333333,0.70333333,complete,"{""ok"":300}"
43925e53c31860219a85ef90,mquake,R1_learned_ff,0,100,300,LS,50,50,50,1,1,complete,"{""ok"":50}"
c29ee18fb21ba6b387ede6e8,mquake,R1_learned_ff,0,101,100,ES,100,100,100,1,1,complete,"{""ok"":100}"
c29ee18fb21ba6b387ede6e8,mquake,R1_learned_ff,0,101,100,RET-ES,100,100,100,1,1,complete,"{""ok"":100}"
c29ee18fb21ba6b387ede6e8,mquake,R1_learned_ff,0,101,100,RET-GS,100,100,60,0.6,0.6,complete,"{""ok"":100}"
c29ee18fb21ba6b387ede6e8,mquake,R1_learned_ff,0,101,100,LS,50,50,50,1,1,complete,"{""ok"":50}"
c29ee18fb21ba6b387ede6e8,mquake,R1_learned_ff,0,101,300,ES,300,300,300,1,1,complete,"{""ok"":300}"
c29ee18fb21ba6b387ede6e8,mquake,R1_learned_ff,0,101,300,RET-ES,300,300,300,1,1,complete,"{""ok"":300}"
c29ee18fb21ba6b387ede6e8,mquake,R1_learned_ff,0,101,300,RET-GS,300,300,211,0.70333333,0.70333333,complete,"{""ok"":300}"
c29ee18fb21ba6b387ede6e8,mquake,R1_learned_ff,0,101,300,LS,50,50,50,1,1,complete,"{""ok"":50}"
54879da4dcdb0f106f98080a,mquake,R1_learned_ff,0,102,100,ES,100,100,100,1,1,complete,"{""ok"":100}"
54879da4dcdb0f106f98080a,mquake,R1_learned_ff,0,102,100,RET-ES,100,100,100,1,1,complete,"{""ok"":100}"
54879da4dcdb0f106f98080a,mquake,R1_learned_ff,0,102,100,RET-GS,100,100,64,0.64,0.64,complete,"{""ok"":100}"
54879da4dcdb0f106f98080a,mquake,R1_learned_ff,0,102,100,LS,50,50,50,1,1,complete,"{""ok"":50}"
54879da4dcdb0f106f98080a,mquake,R1_learned_ff,0,102,300,ES,300,300,300,1,1,complete,"{""ok"":300}"
54879da4dcdb0f106f98080a,mquake,R1_learned_ff,0,102,300,RET-ES,300,300,300,1,1,complete,"{""ok"":300}"
54879da4dcdb0f106f98080a,mquake,R1_learned_ff,0,102,300,RET-GS,300,300,211,0.70333333,0.70333333,complete,"{""ok"":300}"
54879da4dcdb0f106f98080a,mquake,R1_learned_ff,0,102,300,LS,50,50,50,1,1,complete,"{""ok"":50}"
78ebbc03946239c1d637154c,mquake,R1_learned_ff,0,103,100,ES,100,100,100,1,1,complete,"{""ok"":100}"
78ebbc03946239c1d637154c,mquake,R1_learned_ff,0,103,100,RET-ES,100,100,100,1,1,complete,"{""ok"":100}"
78ebbc03946239c1d637154c,mquake,R1_learned_ff,0,103,100,RET-GS,100,100,66,0.66,0.66,complete,"{""ok"":100}"
78ebbc03946239c1d637154c,mquake,R1_learned_ff,0,103,100,LS,50,50,50,1,1,complete,"{""ok"":50}"
78ebbc03946239c1d637154c,mquake,R1_learned_ff,0,103,300,ES,300,300,300,1,1,complete,"{""ok"":300}"
78ebbc03946239c1d637154c,mquake,R1_learned_ff,0,103,300,RET-ES,300,300,300,1,1,complete,"{""ok"":300}"
78ebbc03946239c1d637154c,mquake,R1_learned_ff,0,103,300,RET-GS,300,300,211,0.70333333,0.70333333,complete,"{""ok"":300}"
78ebbc03946239c1d637154c,mquake,R1_learned_ff,0,103,300,LS,50,50,50,1,1,complete,"{""ok"":50}"
b1d1e53944241333ec5603d4,mquake,R1_learned_ff,0,104,100,ES,100,100,100,1,1,complete,"{""ok"":100}"
b1d1e53944241333ec5603d4,mquake,R1_learned_ff,0,104,100,RET-ES,100,100,100,1,1,complete,"{""ok"":100}"
b1d1e53944241333ec5603d4,mquake,R1_learned_ff,0,104,100,RET-GS,100,100,70,0.7,0.7,complete,"{""ok"":100}"
b1d1e53944241333ec5603d4,mquake,R1_learned_ff,0,104,100,LS,50,50,50,1,1,complete,"{""ok"":50}"
b1d1e53944241333ec5603d4,mquake,R1_learned_ff,0,104,300,ES,300,300,300,1,1,complete,"{""ok"":300}"
b1d1e53944241333ec5603d4,mquake,R1_learned_ff,0,104,300,RET-ES,300,300,300,1,1,complete,"{""ok"":300}"
b1d1e53944241333ec5603d4,mquake,R1_learned_ff,0,104,300,RET-GS,300,300,211,0.70333333,0.70333333,complete,"{""ok"":300}"
b1d1e53944241333ec5603d4,mquake,R1_learned_ff,0,104,300,LS,50,50,50,1,1,complete,"{""ok"":50}"
f3dbf1a3d5860a628e7d68ef,zsre,R1_nonlearned,0,100,100,ES,100,100,100,1,1,complete,"{""ok"":100}"
f3dbf1a3d5860a628e7d68ef,zsre,R1_nonlearned,0,100,100,RET-ES,100,100,100,1,1,complete,"{""ok"":100}"
f3dbf1a3d5860a628e7d68ef,zsre,R1_nonlearned,0,100,100,RET-GS,100,100,58,0.58,0.58,complete,"{""ok"":100}"
f3dbf1a3d5860a628e7d68ef,zsre,R1_nonlearned,0,100,100,LS,50,50,50,1,1,complete,"{""ok"":50}"
f3dbf1a3d5860a628e7d68ef,zsre,R1_nonlearned,0,100,300,ES,300,300,300,1,1,complete,"{""ok"":300}"
f3dbf1a3d5860a628e7d68ef,zsre,R1_nonlearned,0,100,300,RET-ES,300,300,300,1,1,complete,"{""ok"":300}"
f3dbf1a3d5860a628e7d68ef,zsre,R1_nonlearned,0,100,300,RET-GS,300,300,162,0.54,0.54,complete,"{""ok"":300}"
f3dbf1a3d5860a628e7d68ef,zsre,R1_nonlearned,0,100,300,LS,50,50,50,1,1,complete,"{""ok"":50}"
f3dbf1a3d5860a628e7d68ef,zsre,R1_nonlearned,0,100,1000,ES,1000,1000,1000,1,1,complete,"{""ok"":1000}"
f3dbf1a3d5860a628e7d68ef,zsre,R1_nonlearned,0,100,1000,RET-ES,1000,1000,1000,1,1,complete,"{""ok"":1000}"
f3dbf1a3d5860a628e7d68ef,zsre,R1_nonlearned,0,100,1000,RET-GS,1000,1000,502,0.502,0.502,complete,"{""ok"":1000}"
f3dbf1a3d5860a628e7d68ef,zsre,R1_nonlearned,0,100,1000,LS,50,50,49,0.98,0.98,complete,"{""ok"":50}"
be44dfb501724b72adcbd747,zsre,R1_nonlearned,0,101,100,ES,100,100,100,1,1,complete,"{""ok"":100}"
be44dfb501724b72adcbd747,zsre,R1_nonlearned,0,101,100,RET-ES,100,100,100,1,1,complete,"{""ok"":100}"
be44dfb501724b72adcbd747,zsre,R1_nonlearned,0,101,100,RET-GS,100,100,65,0.65,0.65,complete,"{""ok"":100}"
be44dfb501724b72adcbd747,zsre,R1_nonlearned,0,101,100,LS,50,50,50,1,1,complete,"{""ok"":50}"
be44dfb501724b72adcbd747,zsre,R1_nonlearned,0,101,300,ES,300,300,300,1,1,complete,"{""ok"":300}"
be44dfb501724b72adcbd747,zsre,R1_nonlearned,0,101,300,RET-ES,300,300,300,1,1,complete,"{""ok"":300}"
be44dfb501724b72adcbd747,zsre,R1_nonlearned,0,101,300,RET-GS,300,300,173,0.57666667,0.57666667,complete,"{""ok"":300}"
be44dfb501724b72adcbd747,zsre,R1_nonlearned,0,101,300,LS,50,50,50,1,1,complete,"{""ok"":50}"
be44dfb501724b72adcbd747,zsre,R1_nonlearned,0,101,1000,ES,1000,1000,1000,1,1,complete,"{""ok"":1000}"
be44dfb501724b72adcbd747,zsre,R1_nonlearned,0,101,1000,RET-ES,1000,1000,1000,1,1,complete,"{""ok"":1000}"
be44dfb501724b72adcbd747,zsre,R1_nonlearned,0,101,1000,RET-GS,1000,1000,502,0.502,0.502,complete,"{""ok"":1000}"
be44dfb501724b72adcbd747,zsre,R1_nonlearned,0,101,1000,LS,50,50,49,0.98,0.98,complete,"{""ok"":50}"
5263d61e569d7cb4ceb4e617,zsre,R1_nonlearned,0,102,100,ES,100,100,100,1,1,complete,"{""ok"":100}"
5263d61e569d7cb4ceb4e617,zsre,R1_nonlearned,0,102,100,RET-ES,100,100,100,1,1,complete,"{""ok"":100}"
5263d61e569d7cb4ceb4e617,zsre,R1_nonlearned,0,102,100,RET-GS,100,100,59,0.59,0.59,complete,"{""ok"":100}"
5263d61e569d7cb4ceb4e617,zsre,R1_nonlearned,0,102,100,LS,50,50,50,1,1,complete,"{""ok"":50}"
5263d61e569d7cb4ceb4e617,zsre,R1_nonlearned,0,102,300,ES,300,300,300,1,1,complete,"{""ok"":300}"
5263d61e569d7cb4ceb4e617,zsre,R1_nonlearned,0,102,300,RET-ES,300,300,300,1,1,complete,"{""ok"":300}"
5263d61e569d7cb4ceb4e617,zsre,R1_nonlearned,0,102,300,RET-GS,300,300,171,0.57,0.57,complete,"{""ok"":300}"
5263d61e569d7cb4ceb4e617,zsre,R1_nonlearned,0,102,300,LS,50,50,49,0.98,0.98,complete,"{""ok"":50}"
5263d61e569d7cb4ceb4e617,zsre,R1_nonlearned,0,102,1000,ES,1000,1000,1000,1,1,complete,"{""ok"":1000}"
5263d61e569d7cb4ceb4e617,zsre,R1_nonlearned,0,102,1000,RET-ES,1000,1000,1000,1,1,complete,"{""ok"":1000}"
5263d61e569d7cb4ceb4e617,zsre,R1_nonlearned,0,102,1000,RET-GS,1000,1000,502,0.502,0.502,complete,"{""ok"":1000}"
5263d61e569d7cb4ceb4e617,zsre,R1_nonlearned,0,102,1000,LS,50,50,49,0.98,0.98,complete,"{""ok"":50}"
81b1e9cb4e216a6cd1cd565a,zsre,R1_nonlearned,0,103,100,ES,100,100,100,1,1,complete,"{""ok"":100}"
81b1e9cb4e216a6cd1cd565a,zsre,R1_nonlearned,0,103,100,RET-ES,100,100,100,1,1,complete,"{""ok"":100}"
81b1e9cb4e216a6cd1cd565a,zsre,R1_nonlearned,0,103,100,RET-GS,100,100,64,0.64,0.64,complete,"{""ok"":100}"
81b1e9cb4e216a6cd1cd565a,zsre,R1_nonlearned,0,103,100,LS,50,50,50,1,1,complete,"{""ok"":50}"
81b1e9cb4e216a6cd1cd565a,zsre,R1_nonlearned,0,103,300,ES,300,300,300,1,1,complete,"{""ok"":300}"
81b1e9cb4e216a6cd1cd565a,zsre,R1_nonlearned,0,103,300,RET-ES,300,300,300,1,1,complete,"{""ok"":300}"
81b1e9cb4e216a6cd1cd565a,zsre,R1_nonlearned,0,103,300,RET-GS,300,300,174,0.58,0.58,complete,"{""ok"":300}"
81b1e9cb4e216a6cd1cd565a,zsre,R1_nonlearned,0,103,300,LS,50,50,50,1,1,complete,"{""ok"":50}"
81b1e9cb4e216a6cd1cd565a,zsre,R1_nonlearned,0,103,1000,ES,1000,1000,1000,1,1,complete,"{""ok"":1000}"
81b1e9cb4e216a6cd1cd565a,zsre,R1_nonlearned,0,103,1000,RET-ES,1000,1000,1000,1,1,complete,"{""ok"":1000}"
81b1e9cb4e216a6cd1cd565a,zsre,R1_nonlearned,0,103,1000,RET-GS,1000,1000,502,0.502,0.502,complete,"{""ok"":1000}"
81b1e9cb4e216a6cd1cd565a,zsre,R1_nonlearned,0,103,1000,LS,50,50,49,0.98,0.98,complete,"{""ok"":50}"
deb5f473d9ca2ed544926204,zsre,R1_nonlearned,0,104,100,ES,100,100,100,1,1,complete,"{""ok"":100}"
deb5f473d9ca2ed544926204,zsre,R1_nonlearned,0,104,100,RET-ES,100,100,100,1,1,complete,"{""ok"":100}"
deb5f473d9ca2ed544926204,zsre,R1_nonlearned,0,104,100,RET-GS,100,100,67,0.67,0.67,complete,"{""ok"":100}"
deb5f473d9ca2ed544926204,zsre,R1_nonlearned,0,104,100,LS,50,50,50,1,1,complete,"{""ok"":50}"
deb5f473d9ca2ed544926204,zsre,R1_nonlearned,0,104,300,ES,300,300,300,1,1,complete,"{""ok"":300}"
deb5f473d9ca2ed544926204,zsre,R1_nonlearned,0,104,300,RET-ES,300,300,300,1,1,complete,"{""ok"":300}"
deb5f473d9ca2ed544926204,zsre,R1_nonlearned,0,104,300,RET-GS,300,300,169,0.56333333,0.56333333,complete,"{""ok"":300}"
deb5f473d9ca2ed544926204,zsre,R1_nonlearned,0,104,300,LS,50,50,50,1,1,complete,"{""ok"":50}"
deb5f473d9ca2ed544926204,zsre,R1_nonlearned,0,104,1000,ES,1000,1000,1000,1,1,complete,"{""ok"":1000}"
deb5f473d9ca2ed544926204,zsre,R1_nonlearned,0,104,1000,RET-ES,1000,1000,1000,1,1,complete,"{""ok"":1000}"
deb5f473d9ca2ed544926204,zsre,R1_nonlearned,0,104,1000,RET-GS,1000,1000,502,0.502,0.502,complete,"{""ok"":1000}"
deb5f473d9ca2ed544926204,zsre,R1_nonlearned,0,104,1000,LS,50,50,49,0.98,0.98,complete,"{""ok"":50}"
0b6ade77641a02c1c85574b0,counterfact,R1_nonlearned,0,100,100,ES,100,100,100,1,1,complete,"{""ok"":100}"
0b6ade77641a02c1c85574b0,counterfact,R1_nonlearned,0,100,100,RET-ES,100,100,100,1,1,complete,"{""ok"":100}"
0b6ade77641a02c1c85574b0,counterfact,R1_nonlearned,0,100,100,RET-GS,100,100,20,0.2,0.2,complete,"{""ok"":100}"
0b6ade77641a02c1c85574b0,counterfact,R1_nonlearned,0,100,100,LS,50,50,7,0.14,0.14,complete,"{""ok"":50}"
0b6ade77641a02c1c85574b0,counterfact,R1_nonlearned,0,100,300,ES,300,300,300,1,1,complete,"{""ok"":300}"
0b6ade77641a02c1c85574b0,counterfact,R1_nonlearned,0,100,300,RET-ES,300,300,300,1,1,complete,"{""ok"":300}"
0b6ade77641a02c1c85574b0,counterfact,R1_nonlearned,0,100,300,RET-GS,300,300,47.5,0.15833333,0.15833333,complete,"{""ok"":300}"
0b6ade77641a02c1c85574b0,counterfact,R1_nonlearned,0,100,300,LS,50,50,1,0.02,0.02,complete,"{""ok"":50}"
0b6ade77641a02c1c85574b0,counterfact,R1_nonlearned,0,100,1000,ES,1000,1000,1000,1,1,complete,"{""ok"":1000}"
0b6ade77641a02c1c85574b0,counterfact,R1_nonlearned,0,100,1000,RET-ES,1000,1000,1000,1,1,complete,"{""ok"":1000}"
0b6ade77641a02c1c85574b0,counterfact,R1_nonlearned,0,100,1000,RET-GS,1000,1000,126,0.126,0.126,complete,"{""ok"":1000}"
0b6ade77641a02c1c85574b0,counterfact,R1_nonlearned,0,100,1000,LS,50,50,1,0.02,0.02,complete,"{""ok"":50}"
ee67c592789829e7dd808ede,counterfact,R1_nonlearned,0,101,100,ES,100,100,100,1,1,complete,"{""ok"":100}"
ee67c592789829e7dd808ede,counterfact,R1_nonlearned,0,101,100,RET-ES,100,100,100,1,1,complete,"{""ok"":100}"
ee67c592789829e7dd808ede,counterfact,R1_nonlearned,0,101,100,RET-GS,100,100,18.5,0.185,0.185,complete,"{""ok"":100}"
ee67c592789829e7dd808ede,counterfact,R1_nonlearned,0,101,100,LS,50,50,1,0.02,0.02,complete,"{""ok"":50}"
ee67c592789829e7dd808ede,counterfact,R1_nonlearned,0,101,300,ES,300,300,300,1,1,complete,"{""ok"":300}"
ee67c592789829e7dd808ede,counterfact,R1_nonlearned,0,101,300,RET-ES,300,300,300,1,1,complete,"{""ok"":300}"
ee67c592789829e7dd808ede,counterfact,R1_nonlearned,0,101,300,RET-GS,300,300,34,0.11333333,0.11333333,complete,"{""ok"":300}"
ee67c592789829e7dd808ede,counterfact,R1_nonlearned,0,101,300,LS,50,50,1,0.02,0.02,complete,"{""ok"":50}"
ee67c592789829e7dd808ede,counterfact,R1_nonlearned,0,101,1000,ES,1000,1000,1000,1,1,complete,"{""ok"":1000}"
ee67c592789829e7dd808ede,counterfact,R1_nonlearned,0,101,1000,RET-ES,1000,1000,1000,1,1,complete,"{""ok"":1000}"
ee67c592789829e7dd808ede,counterfact,R1_nonlearned,0,101,1000,RET-GS,1000,1000,126,0.126,0.126,complete,"{""ok"":1000}"
ee67c592789829e7dd808ede,counterfact,R1_nonlearned,0,101,1000,LS,50,50,1,0.02,0.02,complete,"{""ok"":50}"
8be432675ed4dc57f9108bd4,counterfact,R1_nonlearned,0,102,100,ES,100,100,100,1,1,complete,"{""ok"":100}"
8be432675ed4dc57f9108bd4,counterfact,R1_nonlearned,0,102,100,RET-ES,100,100,100,1,1,complete,"{""ok"":100}"
8be432675ed4dc57f9108bd4,counterfact,R1_nonlearned,0,102,100,RET-GS,100,100,16,0.16,0.16,complete,"{""ok"":100}"
8be432675ed4dc57f9108bd4,counterfact,R1_nonlearned,0,102,100,LS,50,50,4,0.08,0.08,complete,"{""ok"":50}"
8be432675ed4dc57f9108bd4,counterfact,R1_nonlearned,0,102,300,ES,300,300,300,1,1,complete,"{""ok"":300}"
8be432675ed4dc57f9108bd4,counterfact,R1_nonlearned,0,102,300,RET-ES,300,300,300,1,1,complete,"{""ok"":300}"
8be432675ed4dc57f9108bd4,counterfact,R1_nonlearned,0,102,300,RET-GS,300,300,43.5,0.145,0.145,complete,"{""ok"":300}"
8be432675ed4dc57f9108bd4,counterfact,R1_nonlearned,0,102,300,LS,50,50,1,0.02,0.02,complete,"{""ok"":50}"
8be432675ed4dc57f9108bd4,counterfact,R1_nonlearned,0,102,1000,ES,1000,1000,1000,1,1,complete,"{""ok"":1000}"
8be432675ed4dc57f9108bd4,counterfact,R1_nonlearned,0,102,1000,RET-ES,1000,1000,1000,1,1,complete,"{""ok"":1000}"
8be432675ed4dc57f9108bd4,counterfact,R1_nonlearned,0,102,1000,RET-GS,1000,1000,126,0.126,0.126,complete,"{""ok"":1000}"
8be432675ed4dc57f9108bd4,counterfact,R1_nonlearned,0,102,1000,LS,50,50,1,0.02,0.02,complete,"{""ok"":50}"
78928f2782d91d888ef24d52,counterfact,R1_nonlearned,0,103,100,ES,100,100,100,1,1,complete,"{""ok"":100}"
78928f2782d91d888ef24d52,counterfact,R1_nonlearned,0,103,100,RET-ES,100,100,100,1,1,complete,"{""ok"":100}"
78928f2782d91d888ef24d52,counterfact,R1_nonlearned,0,103,100,RET-GS,100,100,26.5,0.265,0.265,complete,"{""ok"":100}"
78928f2782d91d888ef24d52,counterfact,R1_nonlearned,0,103,100,LS,50,50,2,0.04,0.04,complete,"{""ok"":50}"
78928f2782d91d888ef24d52,counterfact,R1_nonlearned,0,103,300,ES,300,300,300,1,1,complete,"{""ok"":300}"
78928f2782d91d888ef24d52,counterfact,R1_nonlearned,0,103,300,RET-ES,300,300,300,1,1,complete,"{""ok"":300}"
78928f2782d91d888ef24d52,counterfact,R1_nonlearned,0,103,300,RET-GS,300,300,42,0.14,0.14,complete,"{""ok"":300}"
78928f2782d91d888ef24d52,counterfact,R1_nonlearned,0,103,300,LS,50,50,2,0.04,0.04,complete,"{""ok"":50}"
78928f2782d91d888ef24d52,counterfact,R1_nonlearned,0,103,1000,ES,1000,1000,1000,1,1,complete,"{""ok"":1000}"
78928f2782d91d888ef24d52,counterfact,R1_nonlearned,0,103,1000,RET-ES,1000,1000,1000,1,1,complete,"{""ok"":1000}"
78928f2782d91d888ef24d52,counterfact,R1_nonlearned,0,103,1000,RET-GS,1000,1000,126,0.126,0.126,complete,"{""ok"":1000}"
78928f2782d91d888ef24d52,counterfact,R1_nonlearned,0,103,1000,LS,50,50,1,0.02,0.02,complete,"{""ok"":50}"
de785feed05c9f4c2a9e9273,counterfact,R1_nonlearned,0,104,100,ES,100,100,100,1,1,complete,"{""ok"":100}"
de785feed05c9f4c2a9e9273,counterfact,R1_nonlearned,0,104,100,RET-ES,100,100,100,1,1,complete,"{""ok"":100}"
de785feed05c9f4c2a9e9273,counterfact,R1_nonlearned,0,104,100,RET-GS,100,100,16,0.16,0.16,complete,"{""ok"":100}"
de785feed05c9f4c2a9e9273,counterfact,R1_nonlearned,0,104,100,LS,50,50,7,0.14,0.14,complete,"{""ok"":50}"
de785feed05c9f4c2a9e9273,counterfact,R1_nonlearned,0,104,300,ES,300,300,300,1,1,complete,"{""ok"":300}"
de785feed05c9f4c2a9e9273,counterfact,R1_nonlearned,0,104,300,RET-ES,300,300,300,1,1,complete,"{""ok"":300}"
de785feed05c9f4c2a9e9273,counterfact,R1_nonlearned,0,104,300,RET-GS,300,300,31.5,0.105,0.105,complete,"{""ok"":300}"
de785feed05c9f4c2a9e9273,counterfact,R1_nonlearned,0,104,300,LS,50,50,1,0.02,0.02,complete,"{""ok"":50}"
de785feed05c9f4c2a9e9273,counterfact,R1_nonlearned,0,104,1000,ES,1000,1000,1000,1,1,complete,"{""ok"":1000}"
de785feed05c9f4c2a9e9273,counterfact,R1_nonlearned,0,104,1000,RET-ES,1000,1000,1000,1,1,complete,"{""ok"":1000}"
de785feed05c9f4c2a9e9273,counterfact,R1_nonlearned,0,104,1000,RET-GS,1000,1000,126,0.126,0.126,complete,"{""ok"":1000}"
de785feed05c9f4c2a9e9273,counterfact,R1_nonlearned,0,104,1000,LS,50,50,1,0.02,0.02,complete,"{""ok"":50}"
de0b9612418e6d573ed77679,mquake,R1_nonlearned,0,100,100,ES,100,100,100,1,1,complete,"{""ok"":100}"
de0b9612418e6d573ed77679,mquake,R1_nonlearned,0,100,100,RET-ES,100,100,100,1,1,complete,"{""ok"":100}"
de0b9612418e6d573ed77679,mquake,R1_nonlearned,0,100,100,RET-GS,100,100,0,0,0,complete,"{""ok"":100}"
de0b9612418e6d573ed77679,mquake,R1_nonlearned,0,100,100,LS,50,50,0,0,0,complete,"{""ok"":50}"
de0b9612418e6d573ed77679,mquake,R1_nonlearned,0,100,300,ES,300,300,300,1,1,complete,"{""ok"":300}"
de0b9612418e6d573ed77679,mquake,R1_nonlearned,0,100,300,RET-ES,300,300,300,1,1,complete,"{""ok"":300}"
de0b9612418e6d573ed77679,mquake,R1_nonlearned,0,100,300,RET-GS,300,300,0,0,0,complete,"{""ok"":300}"
de0b9612418e6d573ed77679,mquake,R1_nonlearned,0,100,300,LS,50,50,0,0,0,complete,"{""ok"":50}"
be37e2a1ff4a079e56efe268,mquake,R1_nonlearned,0,101,100,ES,100,100,100,1,1,complete,"{""ok"":100}"
be37e2a1ff4a079e56efe268,mquake,R1_nonlearned,0,101,100,RET-ES,100,100,100,1,1,complete,"{""ok"":100}"
be37e2a1ff4a079e56efe268,mquake,R1_nonlearned,0,101,100,RET-GS,100,100,0,0,0,complete,"{""ok"":100}"
be37e2a1ff4a079e56efe268,mquake,R1_nonlearned,0,101,100,LS,50,50,0,0,0,complete,"{""ok"":50}"
be37e2a1ff4a079e56efe268,mquake,R1_nonlearned,0,101,300,ES,300,300,300,1,1,complete,"{""ok"":300}"
be37e2a1ff4a079e56efe268,mquake,R1_nonlearned,0,101,300,RET-ES,300,300,300,1,1,complete,"{""ok"":300}"
be37e2a1ff4a079e56efe268,mquake,R1_nonlearned,0,101,300,RET-GS,300,300,0,0,0,complete,"{""ok"":300}"
be37e2a1ff4a079e56efe268,mquake,R1_nonlearned,0,101,300,LS,50,50,0,0,0,complete,"{""ok"":50}"
1e6b766c4139230c18547234,mquake,R1_nonlearned,0,102,100,ES,100,100,100,1,1,complete,"{""ok"":100}"
1e6b766c4139230c18547234,mquake,R1_nonlearned,0,102,100,RET-ES,100,100,100,1,1,complete,"{""ok"":100}"
1e6b766c4139230c18547234,mquake,R1_nonlearned,0,102,100,RET-GS,100,100,0,0,0,complete,"{""ok"":100}"
1e6b766c4139230c18547234,mquake,R1_nonlearned,0,102,100,LS,50,50,0,0,0,complete,"{""ok"":50}"
1e6b766c4139230c18547234,mquake,R1_nonlearned,0,102,300,ES,300,300,300,1,1,complete,"{""ok"":300}"
1e6b766c4139230c18547234,mquake,R1_nonlearned,0,102,300,RET-ES,300,300,300,1,1,complete,"{""ok"":300}"
1e6b766c4139230c18547234,mquake,R1_nonlearned,0,102,300,RET-GS,300,300,0,0,0,complete,"{""ok"":300}"
1e6b766c4139230c18547234,mquake,R1_nonlearned,0,102,300,LS,50,50,0,0,0,complete,"{""ok"":50}"
c0a54c5fbf1ce7776efc983e,mquake,R1_nonlearned,0,103,100,ES,100,100,100,1,1,complete,"{""ok"":100}"
c0a54c5fbf1ce7776efc983e,mquake,R1_nonlearned,0,103,100,RET-ES,100,100,100,1,1,complete,"{""ok"":100}"
c0a54c5fbf1ce7776efc983e,mquake,R1_nonlearned,0,103,100,RET-GS,100,100,0,0,0,complete,"{""ok"":100}"
c0a54c5fbf1ce7776efc983e,mquake,R1_nonlearned,0,103,100,LS,50,50,0,0,0,complete,"{""ok"":50}"
c0a54c5fbf1ce7776efc983e,mquake,R1_nonlearned,0,103,300,ES,300,300,300,1,1,complete,"{""ok"":300}"
c0a54c5fbf1ce7776efc983e,mquake,R1_nonlearned,0,103,300,RET-ES,300,300,300,1,1,complete,"{""ok"":300}"
c0a54c5fbf1ce7776efc983e,mquake,R1_nonlearned,0,103,300,RET-GS,300,300,0,0,0,complete,"{""ok"":300}"
c0a54c5fbf1ce7776efc983e,mquake,R1_nonlearned,0,103,300,LS,50,50,0,0,0,complete,"{""ok"":50}"
7499c19b813dcada2c67ae39,mquake,R1_nonlearned,0,104,100,ES,100,100,100,1,1,complete,"{""ok"":100}"
7499c19b813dcada2c67ae39,mquake,R1_nonlearned,0,104,100,RET-ES,100,100,100,1,1,complete,"{""ok"":100}"
7499c19b813dcada2c67ae39,mquake,R1_nonlearned,0,104,100,RET-GS,100,100,0,0,0,complete,"{""ok"":100}"
7499c19b813dcada2c67ae39,mquake,R1_nonlearned,0,104,100,LS,50,50,0,0,0,complete,"{""ok"":50}"
7499c19b813dcada2c67ae39,mquake,R1_nonlearned,0,104,300,ES,300,300,300,1,1,complete,"{""ok"":300}"
7499c19b813dcada2c67ae39,mquake,R1_nonlearned,0,104,300,RET-ES,300,300,300,1,1,complete,"{""ok"":300}"
7499c19b813dcada2c67ae39,mquake,R1_nonlearned,0,104,300,RET-GS,300,300,0,0,0,complete,"{""ok"":300}"
7499c19b813dcada2c67ae39,mquake,R1_nonlearned,0,104,300,LS,50,50,0,0,0,complete,"{""ok"":50}"
39c7fd4929721e8dcba56b94,zsre,v0_stable,0,100,100,ES,100,100,100,1,1,complete,"{""ok"":100}"
39c7fd4929721e8dcba56b94,zsre,v0_stable,0,100,100,RET-ES,100,100,100,1,1,complete,"{""ok"":100}"
39c7fd4929721e8dcba56b94,zsre,v0_stable,0,100,100,RET-GS,100,100,38,0.38,0.38,complete,"{""ok"":100}"
39c7fd4929721e8dcba56b94,zsre,v0_stable,0,100,100,LS,50,50,50,1,1,complete,"{""ok"":50}"
39c7fd4929721e8dcba56b94,zsre,v0_stable,0,100,300,ES,300,300,300,1,1,complete,"{""ok"":300}"
39c7fd4929721e8dcba56b94,zsre,v0_stable,0,100,300,RET-ES,300,300,296,0.98666667,0.98666667,complete,"{""ok"":300}"
39c7fd4929721e8dcba56b94,zsre,v0_stable,0,100,300,RET-GS,300,300,95,0.31666667,0.31666667,complete,"{""ok"":300}"
39c7fd4929721e8dcba56b94,zsre,v0_stable,0,100,300,LS,50,50,50,1,1,complete,"{""ok"":50}"
39c7fd4929721e8dcba56b94,zsre,v0_stable,0,100,1000,ES,1000,1000,1000,1,1,complete,"{""ok"":1000}"
39c7fd4929721e8dcba56b94,zsre,v0_stable,0,100,1000,RET-ES,1000,1000,652,0.652,0.652,complete,"{""ok"":1000}"
39c7fd4929721e8dcba56b94,zsre,v0_stable,0,100,1000,RET-GS,1000,1000,197,0.197,0.197,complete,"{""ok"":1000}"
39c7fd4929721e8dcba56b94,zsre,v0_stable,0,100,1000,LS,50,50,50,1,1,complete,"{""ok"":50}"
b887b1046cd563d990765e01,zsre,v0_stable,0,101,100,ES,100,100,100,1,1,complete,"{""ok"":100}"
b887b1046cd563d990765e01,zsre,v0_stable,0,101,100,RET-ES,100,100,98,0.98,0.98,complete,"{""ok"":100}"
b887b1046cd563d990765e01,zsre,v0_stable,0,101,100,RET-GS,100,100,50,0.5,0.5,complete,"{""ok"":100}"
b887b1046cd563d990765e01,zsre,v0_stable,0,101,100,LS,50,50,50,1,1,complete,"{""ok"":50}"
b887b1046cd563d990765e01,zsre,v0_stable,0,101,300,ES,300,300,300,1,1,complete,"{""ok"":300}"
b887b1046cd563d990765e01,zsre,v0_stable,0,101,300,RET-ES,300,300,296,0.98666667,0.98666667,complete,"{""ok"":300}"
b887b1046cd563d990765e01,zsre,v0_stable,0,101,300,RET-GS,300,300,109,0.36333333,0.36333333,complete,"{""ok"":300}"
b887b1046cd563d990765e01,zsre,v0_stable,0,101,300,LS,50,50,50,1,1,complete,"{""ok"":50}"
b887b1046cd563d990765e01,zsre,v0_stable,0,101,1000,ES,1000,1000,1000,1,1,complete,"{""ok"":1000}"
b887b1046cd563d990765e01,zsre,v0_stable,0,101,1000,RET-ES,1000,1000,671,0.671,0.671,complete,"{""ok"":1000}"
b887b1046cd563d990765e01,zsre,v0_stable,0,101,1000,RET-GS,1000,1000,158,0.158,0.158,complete,"{""ok"":1000}"
b887b1046cd563d990765e01,zsre,v0_stable,0,101,1000,LS,50,50,50,1,1,complete,"{""ok"":50}"
435235a6719279d1cc87ad66,zsre,v0_stable,0,102,100,ES,100,100,100,1,1,complete,"{""ok"":100}"
435235a6719279d1cc87ad66,zsre,v0_stable,0,102,100,RET-ES,100,100,100,1,1,complete,"{""ok"":100}"
435235a6719279d1cc87ad66,zsre,v0_stable,0,102,100,RET-GS,100,100,43,0.43,0.43,complete,"{""ok"":100}"
435235a6719279d1cc87ad66,zsre,v0_stable,0,102,100,LS,50,50,50,1,1,complete,"{""ok"":50}"
435235a6719279d1cc87ad66,zsre,v0_stable,0,102,300,ES,300,300,300,1,1,complete,"{""ok"":300}"
435235a6719279d1cc87ad66,zsre,v0_stable,0,102,300,RET-ES,300,300,297,0.99,0.99,complete,"{""ok"":300}"
435235a6719279d1cc87ad66,zsre,v0_stable,0,102,300,RET-GS,300,300,93,0.31,0.31,complete,"{""ok"":300}"
435235a6719279d1cc87ad66,zsre,v0_stable,0,102,300,LS,50,50,50,1,1,complete,"{""ok"":50}"
435235a6719279d1cc87ad66,zsre,v0_stable,0,102,1000,ES,1000,1000,1000,1,1,complete,"{""ok"":1000}"
435235a6719279d1cc87ad66,zsre,v0_stable,0,102,1000,RET-ES,1000,1000,676,0.676,0.676,complete,"{""ok"":1000}"
435235a6719279d1cc87ad66,zsre,v0_stable,0,102,1000,RET-GS,1000,1000,186,0.186,0.186,complete,"{""ok"":1000}"
435235a6719279d1cc87ad66,zsre,v0_stable,0,102,1000,LS,50,50,50,1,1,complete,"{""ok"":50}"
aaed1cf9e8ce7cf1cf3749fa,zsre,v0_stable,0,103,100,ES,100,100,100,1,1,complete,"{""ok"":100}"
aaed1cf9e8ce7cf1cf3749fa,zsre,v0_stable,0,103,100,RET-ES,100,100,100,1,1,complete,"{""ok"":100}"
aaed1cf9e8ce7cf1cf3749fa,zsre,v0_stable,0,103,100,RET-GS,100,100,48,0.48,0.48,complete,"{""ok"":100}"
aaed1cf9e8ce7cf1cf3749fa,zsre,v0_stable,0,103,100,LS,50,50,50,1,1,complete,"{""ok"":50}"
aaed1cf9e8ce7cf1cf3749fa,zsre,v0_stable,0,103,300,ES,300,300,300,1,1,complete,"{""ok"":300}"
aaed1cf9e8ce7cf1cf3749fa,zsre,v0_stable,0,103,300,RET-ES,300,300,298,0.99333333,0.99333333,complete,"{""ok"":300}"
aaed1cf9e8ce7cf1cf3749fa,zsre,v0_stable,0,103,300,RET-GS,300,300,98,0.32666667,0.32666667,complete,"{""ok"":300}"
aaed1cf9e8ce7cf1cf3749fa,zsre,v0_stable,0,103,300,LS,50,50,50,1,1,complete,"{""ok"":50}"
aaed1cf9e8ce7cf1cf3749fa,zsre,v0_stable,0,103,1000,ES,1000,1000,1000,1,1,complete,"{""ok"":1000}"
aaed1cf9e8ce7cf1cf3749fa,zsre,v0_stable,0,103,1000,RET-ES,1000,1000,650,0.65,0.65,complete,"{""ok"":1000}"
aaed1cf9e8ce7cf1cf3749fa,zsre,v0_stable,0,103,1000,RET-GS,1000,1000,184,0.184,0.184,complete,"{""ok"":1000}"
aaed1cf9e8ce7cf1cf3749fa,zsre,v0_stable,0,103,1000,LS,50,50,50,1,1,complete,"{""ok"":50}"
92a5ef6855124ffc5a8d6163,zsre,v0_stable,0,104,100,ES,100,100,100,1,1,complete,"{""ok"":100}"
92a5ef6855124ffc5a8d6163,zsre,v0_stable,0,104,100,RET-ES,100,100,100,1,1,complete,"{""ok"":100}"
92a5ef6855124ffc5a8d6163,zsre,v0_stable,0,104,100,RET-GS,100,100,53,0.53,0.53,complete,"{""ok"":100}"
92a5ef6855124ffc5a8d6163,zsre,v0_stable,0,104,100,LS,50,50,47,0.94,0.94,complete,"{""ok"":50}"
92a5ef6855124ffc5a8d6163,zsre,v0_stable,0,104,300,ES,300,300,300,1,1,complete,"{""ok"":300}"
92a5ef6855124ffc5a8d6163,zsre,v0_stable,0,104,300,RET-ES,300,300,296,0.98666667,0.98666667,complete,"{""ok"":300}"
92a5ef6855124ffc5a8d6163,zsre,v0_stable,0,104,300,RET-GS,300,300,101,0.33666667,0.33666667,complete,"{""ok"":300}"
92a5ef6855124ffc5a8d6163,zsre,v0_stable,0,104,300,LS,50,50,50,1,1,complete,"{""ok"":50}"
92a5ef6855124ffc5a8d6163,zsre,v0_stable,0,104,1000,ES,1000,1000,1000,1,1,complete,"{""ok"":1000}"
92a5ef6855124ffc5a8d6163,zsre,v0_stable,0,104,1000,RET-ES,1000,1000,651,0.651,0.651,complete,"{""ok"":1000}"
92a5ef6855124ffc5a8d6163,zsre,v0_stable,0,104,1000,RET-GS,1000,1000,196,0.196,0.196,complete,"{""ok"":1000}"
92a5ef6855124ffc5a8d6163,zsre,v0_stable,0,104,1000,LS,50,50,50,1,1,complete,"{""ok"":50}"
baa601113af675024e73bc30,counterfact,v0_stable,0,100,100,ES,100,100,100,1,1,complete,"{""ok"":100}"
baa601113af675024e73bc30,counterfact,v0_stable,0,100,100,RET-ES,100,100,100,1,1,complete,"{""ok"":100}"
baa601113af675024e73bc30,counterfact,v0_stable,0,100,100,RET-GS,100,100,0,0,0,complete,"{""ok"":100}"
baa601113af675024e73bc30,counterfact,v0_stable,0,100,100,LS,50,50,50,1,1,complete,"{""ok"":50}"
baa601113af675024e73bc30,counterfact,v0_stable,0,100,300,ES,300,300,300,1,1,complete,"{""ok"":300}"
baa601113af675024e73bc30,counterfact,v0_stable,0,100,300,RET-ES,300,300,300,1,1,complete,"{""ok"":300}"
baa601113af675024e73bc30,counterfact,v0_stable,0,100,300,RET-GS,300,300,0,0,0,complete,"{""ok"":300}"
baa601113af675024e73bc30,counterfact,v0_stable,0,100,300,LS,50,50,50,1,1,complete,"{""ok"":50}"
baa601113af675024e73bc30,counterfact,v0_stable,0,100,1000,ES,1000,1000,1000,1,1,complete,"{""ok"":1000}"
baa601113af675024e73bc30,counterfact,v0_stable,0,100,1000,RET-ES,1000,1000,1000,1,1,complete,"{""ok"":1000}"
baa601113af675024e73bc30,counterfact,v0_stable,0,100,1000,RET-GS,1000,1000,0,0,0,complete,"{""ok"":1000}"
baa601113af675024e73bc30,counterfact,v0_stable,0,100,1000,LS,50,50,50,1,1,complete,"{""ok"":50}"
b6b271f3383f85fb19e49836,counterfact,v0_stable,0,101,100,ES,100,100,100,1,1,complete,"{""ok"":100}"
b6b271f3383f85fb19e49836,counterfact,v0_stable,0,101,100,RET-ES,100,100,100,1,1,complete,"{""ok"":100}"
b6b271f3383f85fb19e49836,counterfact,v0_stable,0,101,100,RET-GS,100,100,0,0,0,complete,"{""ok"":100}"
b6b271f3383f85fb19e49836,counterfact,v0_stable,0,101,100,LS,50,50,50,1,1,complete,"{""ok"":50}"
b6b271f3383f85fb19e49836,counterfact,v0_stable,0,101,300,ES,300,300,300,1,1,complete,"{""ok"":300}"
b6b271f3383f85fb19e49836,counterfact,v0_stable,0,101,300,RET-ES,300,300,300,1,1,complete,"{""ok"":300}"
b6b271f3383f85fb19e49836,counterfact,v0_stable,0,101,300,RET-GS,300,300,0,0,0,complete,"{""ok"":300}"
b6b271f3383f85fb19e49836,counterfact,v0_stable,0,101,300,LS,50,50,50,1,1,complete,"{""ok"":50}"
b6b271f3383f85fb19e49836,counterfact,v0_stable,0,101,1000,ES,1000,1000,1000,1,1,complete,"{""ok"":1000}"
b6b271f3383f85fb19e49836,counterfact,v0_stable,0,101,1000,RET-ES,1000,1000,1000,1,1,complete,"{""ok"":1000}"
b6b271f3383f85fb19e49836,counterfact,v0_stable,0,101,1000,RET-GS,1000,1000,0,0,0,complete,"{""ok"":1000}"
b6b271f3383f85fb19e49836,counterfact,v0_stable,0,101,1000,LS,50,50,50,1,1,complete,"{""ok"":50}"
6c0124a2d35b8b4bf8d2a321,counterfact,v0_stable,0,102,100,ES,100,100,100,1,1,complete,"{""ok"":100}"
6c0124a2d35b8b4bf8d2a321,counterfact,v0_stable,0,102,100,RET-ES,100,100,100,1,1,complete,"{""ok"":100}"
6c0124a2d35b8b4bf8d2a321,counterfact,v0_stable,0,102,100,RET-GS,100,100,0,0,0,complete,"{""ok"":100}"
6c0124a2d35b8b4bf8d2a321,counterfact,v0_stable,0,102,100,LS,50,50,50,1,1,complete,"{""ok"":50}"
6c0124a2d35b8b4bf8d2a321,counterfact,v0_stable,0,102,300,ES,300,300,300,1,1,complete,"{""ok"":300}"
6c0124a2d35b8b4bf8d2a321,counterfact,v0_stable,0,102,300,RET-ES,300,300,300,1,1,complete,"{""ok"":300}"
6c0124a2d35b8b4bf8d2a321,counterfact,v0_stable,0,102,300,RET-GS,300,300,0,0,0,complete,"{""ok"":300}"
6c0124a2d35b8b4bf8d2a321,counterfact,v0_stable,0,102,300,LS,50,50,50,1,1,complete,"{""ok"":50}"
6c0124a2d35b8b4bf8d2a321,counterfact,v0_stable,0,102,1000,ES,1000,1000,1000,1,1,complete,"{""ok"":1000}"
6c0124a2d35b8b4bf8d2a321,counterfact,v0_stable,0,102,1000,RET-ES,1000,1000,1000,1,1,complete,"{""ok"":1000}"
6c0124a2d35b8b4bf8d2a321,counterfact,v0_stable,0,102,1000,RET-GS,1000,1000,0,0,0,complete,"{""ok"":1000}"
6c0124a2d35b8b4bf8d2a321,counterfact,v0_stable,0,102,1000,LS,50,50,50,1,1,complete,"{""ok"":50}"
37c2ba2be995719ac8972cf1,counterfact,v0_stable,0,103,100,ES,100,100,100,1,1,complete,"{""ok"":100}"
37c2ba2be995719ac8972cf1,counterfact,v0_stable,0,103,100,RET-ES,100,100,100,1,1,complete,"{""ok"":100}"
37c2ba2be995719ac8972cf1,counterfact,v0_stable,0,103,100,RET-GS,100,100,0,0,0,complete,"{""ok"":100}"
37c2ba2be995719ac8972cf1,counterfact,v0_stable,0,103,100,LS,50,50,50,1,1,complete,"{""ok"":50}"
37c2ba2be995719ac8972cf1,counterfact,v0_stable,0,103,300,ES,300,300,300,1,1,complete,"{""ok"":300}"
37c2ba2be995719ac8972cf1,counterfact,v0_stable,0,103,300,RET-ES,300,300,300,1,1,complete,"{""ok"":300}"
37c2ba2be995719ac8972cf1,counterfact,v0_stable,0,103,300,RET-GS,300,300,0,0,0,complete,"{""ok"":300}"
37c2ba2be995719ac8972cf1,counterfact,v0_stable,0,103,300,LS,50,50,50,1,1,complete,"{""ok"":50}"
37c2ba2be995719ac8972cf1,counterfact,v0_stable,0,103,1000,ES,1000,1000,1000,1,1,complete,"{""ok"":1000}"
37c2ba2be995719ac8972cf1,counterfact,v0_stable,0,103,1000,RET-ES,1000,1000,1000,1,1,complete,"{""ok"":1000}"
37c2ba2be995719ac8972cf1,counterfact,v0_stable,0,103,1000,RET-GS,1000,1000,0,0,0,complete,"{""ok"":1000}"
37c2ba2be995719ac8972cf1,counterfact,v0_stable,0,103,1000,LS,50,50,50,1,1,complete,"{""ok"":50}"
d93ed5de9d4401cb3345c7bd,counterfact,v0_stable,0,104,100,ES,100,100,100,1,1,complete,"{""ok"":100}"
d93ed5de9d4401cb3345c7bd,counterfact,v0_stable,0,104,100,RET-ES,100,100,100,1,1,complete,"{""ok"":100}"
d93ed5de9d4401cb3345c7bd,counterfact,v0_stable,0,104,100,RET-GS,100,100,0,0,0,complete,"{""ok"":100}"
d93ed5de9d4401cb3345c7bd,counterfact,v0_stable,0,104,100,LS,50,50,50,1,1,complete,"{""ok"":50}"
d93ed5de9d4401cb3345c7bd,counterfact,v0_stable,0,104,300,ES,300,300,300,1,1,complete,"{""ok"":300}"
d93ed5de9d4401cb3345c7bd,counterfact,v0_stable,0,104,300,RET-ES,300,300,300,1,1,complete,"{""ok"":300}"
d93ed5de9d4401cb3345c7bd,counterfact,v0_stable,0,104,300,RET-GS,300,300,0,0,0,complete,"{""ok"":300}"
d93ed5de9d4401cb3345c7bd,counterfact,v0_stable,0,104,300,LS,50,50,50,1,1,complete,"{""ok"":50}"
d93ed5de9d4401cb3345c7bd,counterfact,v0_stable,0,104,1000,ES,1000,1000,1000,1,1,complete,"{""ok"":1000}"
d93ed5de9d4401cb3345c7bd,counterfact,v0_stable,0,104,1000,RET-ES,1000,1000,1000,1,1,complete,"{""ok"":1000}"
d93ed5de9d4401cb3345c7bd,counterfact,v0_stable,0,104,1000,RET-GS,1000,1000,0,0,0,complete,"{""ok"":1000}"
d93ed5de9d4401cb3345c7bd,counterfact,v0_stable,0,104,1000,LS,50,50,50,1,1,complete,"{""ok"":50}"
c2f9d3102987f746f4f31b8d,mquake,v0_stable,0,100,100,ES,100,100,100,1,1,complete,"{""ok"":100}"
c2f9d3102987f746f4f31b8d,mquake,v0_stable,0,100,100,RET-ES,100,100,100,1,1,complete,"{""ok"":100}"
c2f9d3102987f746f4f31b8d,mquake,v0_stable,0,100,100,RET-GS,100,100,0,0,0,complete,"{""ok"":100}"
c2f9d3102987f746f4f31b8d,mquake,v0_stable,0,100,100,LS,50,50,50,1,1,complete,"{""ok"":50}"
c2f9d3102987f746f4f31b8d,mquake,v0_stable,0,100,300,ES,300,300,300,1,1,complete,"{""ok"":300}"
c2f9d3102987f746f4f31b8d,mquake,v0_stable,0,100,300,RET-ES,300,300,300,1,1,complete,"{""ok"":300}"
c2f9d3102987f746f4f31b8d,mquake,v0_stable,0,100,300,RET-GS,300,300,0,0,0,complete,"{""ok"":300}"
c2f9d3102987f746f4f31b8d,mquake,v0_stable,0,100,300,LS,50,50,50,1,1,complete,"{""ok"":50}"
a23ae9063b37c21cfe657d47,mquake,v0_stable,0,101,100,ES,100,100,100,1,1,complete,"{""ok"":100}"
a23ae9063b37c21cfe657d47,mquake,v0_stable,0,101,100,RET-ES,100,100,100,1,1,complete,"{""ok"":100}"
a23ae9063b37c21cfe657d47,mquake,v0_stable,0,101,100,RET-GS,100,100,0,0,0,complete,"{""ok"":100}"
a23ae9063b37c21cfe657d47,mquake,v0_stable,0,101,100,LS,50,50,50,1,1,complete,"{""ok"":50}"
a23ae9063b37c21cfe657d47,mquake,v0_stable,0,101,300,ES,300,300,300,1,1,complete,"{""ok"":300}"
a23ae9063b37c21cfe657d47,mquake,v0_stable,0,101,300,RET-ES,300,300,300,1,1,complete,"{""ok"":300}"
a23ae9063b37c21cfe657d47,mquake,v0_stable,0,101,300,RET-GS,300,300,0,0,0,complete,"{""ok"":300}"
a23ae9063b37c21cfe657d47,mquake,v0_stable,0,101,300,LS,50,50,50,1,1,complete,"{""ok"":50}"
5a6f61e06de0bca53b4a7377,mquake,v0_stable,0,102,100,ES,100,100,100,1,1,complete,"{""ok"":100}"
5a6f61e06de0bca53b4a7377,mquake,v0_stable,0,102,100,RET-ES,100,100,100,1,1,complete,"{""ok"":100}"
5a6f61e06de0bca53b4a7377,mquake,v0_stable,0,102,100,RET-GS,100,100,0,0,0,complete,"{""ok"":100}"
5a6f61e06de0bca53b4a7377,mquake,v0_stable,0,102,100,LS,50,50,50,1,1,complete,"{""ok"":50}"
5a6f61e06de0bca53b4a7377,mquake,v0_stable,0,102,300,ES,300,300,300,1,1,complete,"{""ok"":300}"
5a6f61e06de0bca53b4a7377,mquake,v0_stable,0,102,300,RET-ES,300,300,300,1,1,complete,"{""ok"":300}"
5a6f61e06de0bca53b4a7377,mquake,v0_stable,0,102,300,RET-GS,300,300,0,0,0,complete,"{""ok"":300}"
5a6f61e06de0bca53b4a7377,mquake,v0_stable,0,102,300,LS,50,50,50,1,1,complete,"{""ok"":50}"
03426d6e61fb6b41145c5d8e,mquake,v0_stable,0,103,100,ES,100,100,100,1,1,complete,"{""ok"":100}"
03426d6e61fb6b41145c5d8e,mquake,v0_stable,0,103,100,RET-ES,100,100,100,1,1,complete,"{""ok"":100}"
03426d6e61fb6b41145c5d8e,mquake,v0_stable,0,103,100,RET-GS,100,100,0,0,0,complete,"{""ok"":100}"
03426d6e61fb6b41145c5d8e,mquake,v0_stable,0,103,100,LS,50,50,50,1,1,complete,"{""ok"":50}"
03426d6e61fb6b41145c5d8e,mquake,v0_stable,0,103,300,ES,300,300,300,1,1,complete,"{""ok"":300}"
03426d6e61fb6b41145c5d8e,mquake,v0_stable,0,103,300,RET-ES,300,300,300,1,1,complete,"{""ok"":300}"
03426d6e61fb6b41145c5d8e,mquake,v0_stable,0,103,300,RET-GS,300,300,0,0,0,complete,"{""ok"":300}"
03426d6e61fb6b41145c5d8e,mquake,v0_stable,0,103,300,LS,50,50,50,1,1,complete,"{""ok"":50}"
19f5d8535235334ffe1595e8,mquake,v0_stable,0,104,100,ES,100,100,100,1,1,complete,"{""ok"":100}"
19f5d8535235334ffe1595e8,mquake,v0_stable,0,104,100,RET-ES,100,100,100,1,1,complete,"{""ok"":100}"
19f5d8535235334ffe1595e8,mquake,v0_stable,0,104,100,RET-GS,100,100,0,0,0,complete,"{""ok"":100}"
19f5d8535235334ffe1595e8,mquake,v0_stable,0,104,100,LS,50,50,50,1,1,complete,"{""ok"":50}"
19f5d8535235334ffe1595e8,mquake,v0_stable,0,104,300,ES,300,300,300,1,1,complete,"{""ok"":300}"
19f5d8535235334ffe1595e8,mquake,v0_stable,0,104,300,RET-ES,300,300,300,1,1,complete,"{""ok"":300}"
19f5d8535235334ffe1595e8,mquake,v0_stable,0,104,300,RET-GS,300,300,0,0,0,complete,"{""ok"":300}"
19f5d8535235334ffe1595e8,mquake,v0_stable,0,104,300,LS,50,50,50,1,1,complete,"{""ok"":50}"
6b089d284c00a4418a1d3af4,zsre,R1_learned_ff,1,100,100,ES,100,100,100,1,1,complete,"{""ok"":100}"
6b089d284c00a4418a1d3af4,zsre,R1_learned_ff,1,100,100,RET-ES,100,100,100,1,1,complete,"{""ok"":100}"
6b089d284c00a4418a1d3af4,zsre,R1_learned_ff,1,100,100,RET-GS,100,100,95,0.95,0.95,complete,"{""ok"":100}"
6b089d284c00a4418a1d3af4,zsre,R1_learned_ff,1,100,100,LS,50,50,50,1,1,complete,"{""ok"":50}"
6b089d284c00a4418a1d3af4,zsre,R1_learned_ff,1,100,300,ES,300,300,300,1,1,complete,"{""ok"":300}"
6b089d284c00a4418a1d3af4,zsre,R1_learned_ff,1,100,300,RET-ES,300,300,300,1,1,complete,"{""ok"":300}"
6b089d284c00a4418a1d3af4,zsre,R1_learned_ff,1,100,300,RET-GS,300,300,292,0.97333333,0.97333333,complete,"{""ok"":300}"
6b089d284c00a4418a1d3af4,zsre,R1_learned_ff,1,100,300,LS,50,50,50,1,1,complete,"{""ok"":50}"
6b089d284c00a4418a1d3af4,zsre,R1_learned_ff,1,100,1000,ES,1000,1000,994,0.994,0.994,complete,"{""ok"":1000}"
6b089d284c00a4418a1d3af4,zsre,R1_learned_ff,1,100,1000,RET-ES,1000,1000,985,0.985,0.985,complete,"{""ok"":1000}"
6b089d284c00a4418a1d3af4,zsre,R1_learned_ff,1,100,1000,RET-GS,1000,1000,965,0.965,0.965,complete,"{""ok"":1000}"
6b089d284c00a4418a1d3af4,zsre,R1_learned_ff,1,100,1000,LS,50,50,50,1,1,complete,"{""ok"":50}"
47dac9d968ffe594faac0a14,zsre,R1_learned_ff,1,101,100,ES,100,100,100,1,1,complete,"{""ok"":100}"
47dac9d968ffe594faac0a14,zsre,R1_learned_ff,1,101,100,RET-ES,100,100,100,1,1,complete,"{""ok"":100}"
47dac9d968ffe594faac0a14,zsre,R1_learned_ff,1,101,100,RET-GS,100,100,98,0.98,0.98,complete,"{""ok"":100}"
47dac9d968ffe594faac0a14,zsre,R1_learned_ff,1,101,100,LS,50,50,50,1,1,complete,"{""ok"":50}"
47dac9d968ffe594faac0a14,zsre,R1_learned_ff,1,101,300,ES,300,300,300,1,1,complete,"{""ok"":300}"
47dac9d968ffe594faac0a14,zsre,R1_learned_ff,1,101,300,RET-ES,300,300,300,1,1,complete,"{""ok"":300}"
47dac9d968ffe594faac0a14,zsre,R1_learned_ff,1,101,300,RET-GS,300,300,291,0.97,0.97,complete,"{""ok"":300}"
47dac9d968ffe594faac0a14,zsre,R1_learned_ff,1,101,300,LS,50,50,50,1,1,complete,"{""ok"":50}"
47dac9d968ffe594faac0a14,zsre,R1_learned_ff,1,101,1000,ES,1000,1000,996,0.996,0.996,complete,"{""ok"":1000}"
47dac9d968ffe594faac0a14,zsre,R1_learned_ff,1,101,1000,RET-ES,1000,1000,985,0.985,0.985,complete,"{""ok"":1000}"
47dac9d968ffe594faac0a14,zsre,R1_learned_ff,1,101,1000,RET-GS,1000,1000,965,0.965,0.965,complete,"{""ok"":1000}"
47dac9d968ffe594faac0a14,zsre,R1_learned_ff,1,101,1000,LS,50,50,50,1,1,complete,"{""ok"":50}"
4eda9e6155b2755508e13091,zsre,R1_learned_ff,1,102,100,ES,100,100,100,1,1,complete,"{""ok"":100}"
4eda9e6155b2755508e13091,zsre,R1_learned_ff,1,102,100,RET-ES,100,100,100,1,1,complete,"{""ok"":100}"
4eda9e6155b2755508e13091,zsre,R1_learned_ff,1,102,100,RET-GS,100,100,98,0.98,0.98,complete,"{""ok"":100}"
4eda9e6155b2755508e13091,zsre,R1_learned_ff,1,102,100,LS,50,50,50,1,1,complete,"{""ok"":50}"
4eda9e6155b2755508e13091,zsre,R1_learned_ff,1,102,300,ES,300,300,300,1,1,complete,"{""ok"":300}"
4eda9e6155b2755508e13091,zsre,R1_learned_ff,1,102,300,RET-ES,300,300,300,1,1,complete,"{""ok"":300}"
4eda9e6155b2755508e13091,zsre,R1_learned_ff,1,102,300,RET-GS,300,300,297,0.99,0.99,complete,"{""ok"":300}"
4eda9e6155b2755508e13091,zsre,R1_learned_ff,1,102,300,LS,50,50,50,1,1,complete,"{""ok"":50}"
4eda9e6155b2755508e13091,zsre,R1_learned_ff,1,102,1000,ES,1000,1000,993,0.993,0.993,complete,"{""ok"":1000}"
4eda9e6155b2755508e13091,zsre,R1_learned_ff,1,102,1000,RET-ES,1000,1000,985,0.985,0.985,complete,"{""ok"":1000}"
4eda9e6155b2755508e13091,zsre,R1_learned_ff,1,102,1000,RET-GS,1000,1000,965,0.965,0.965,complete,"{""ok"":1000}"
4eda9e6155b2755508e13091,zsre,R1_learned_ff,1,102,1000,LS,50,50,50,1,1,complete,"{""ok"":50}"
ab774e229a65298fdc117c96,zsre,R1_learned_ff,1,103,100,ES,100,100,100,1,1,complete,"{""ok"":100}"
ab774e229a65298fdc117c96,zsre,R1_learned_ff,1,103,100,RET-ES,100,100,100,1,1,complete,"{""ok"":100}"
ab774e229a65298fdc117c96,zsre,R1_learned_ff,1,103,100,RET-GS,100,100,100,1,1,complete,"{""ok"":100}"
ab774e229a65298fdc117c96,zsre,R1_learned_ff,1,103,100,LS,50,50,50,1,1,complete,"{""ok"":50}"
ab774e229a65298fdc117c96,zsre,R1_learned_ff,1,103,300,ES,300,300,300,1,1,complete,"{""ok"":300}"
ab774e229a65298fdc117c96,zsre,R1_learned_ff,1,103,300,RET-ES,300,300,300,1,1,complete,"{""ok"":300}"
ab774e229a65298fdc117c96,zsre,R1_learned_ff,1,103,300,RET-GS,300,300,291,0.97,0.97,complete,"{""ok"":300}"
ab774e229a65298fdc117c96,zsre,R1_learned_ff,1,103,300,LS,50,50,50,1,1,complete,"{""ok"":50}"
ab774e229a65298fdc117c96,zsre,R1_learned_ff,1,103,1000,ES,1000,1000,995,0.995,0.995,complete,"{""ok"":1000}"
ab774e229a65298fdc117c96,zsre,R1_learned_ff,1,103,1000,RET-ES,1000,1000,985,0.985,0.985,complete,"{""ok"":1000}"
ab774e229a65298fdc117c96,zsre,R1_learned_ff,1,103,1000,RET-GS,1000,1000,965,0.965,0.965,complete,"{""ok"":1000}"
ab774e229a65298fdc117c96,zsre,R1_learned_ff,1,103,1000,LS,50,50,50,1,1,complete,"{""ok"":50}"
b4e7dc307a1f895a8fec997a,zsre,R1_learned_ff,1,104,100,ES,100,100,100,1,1,complete,"{""ok"":100}"
b4e7dc307a1f895a8fec997a,zsre,R1_learned_ff,1,104,100,RET-ES,100,100,100,1,1,complete,"{""ok"":100}"
b4e7dc307a1f895a8fec997a,zsre,R1_learned_ff,1,104,100,RET-GS,100,100,99,0.99,0.99,complete,"{""ok"":100}"
b4e7dc307a1f895a8fec997a,zsre,R1_learned_ff,1,104,100,LS,50,50,50,1,1,complete,"{""ok"":50}"
b4e7dc307a1f895a8fec997a,zsre,R1_learned_ff,1,104,300,ES,300,300,300,1,1,complete,"{""ok"":300}"
b4e7dc307a1f895a8fec997a,zsre,R1_learned_ff,1,104,300,RET-ES,300,300,299,0.99666667,0.99666667,complete,"{""ok"":300}"
b4e7dc307a1f895a8fec997a,zsre,R1_learned_ff,1,104,300,RET-GS,300,300,295,0.98333333,0.98333333,complete,"{""ok"":300}"
b4e7dc307a1f895a8fec997a,zsre,R1_learned_ff,1,104,300,LS,50,50,50,1,1,complete,"{""ok"":50}"
b4e7dc307a1f895a8fec997a,zsre,R1_learned_ff,1,104,1000,ES,1000,1000,996,0.996,0.996,complete,"{""ok"":1000}"
b4e7dc307a1f895a8fec997a,zsre,R1_learned_ff,1,104,1000,RET-ES,1000,1000,985,0.985,0.985,complete,"{""ok"":1000}"
b4e7dc307a1f895a8fec997a,zsre,R1_learned_ff,1,104,1000,RET-GS,1000,1000,965,0.965,0.965,complete,"{""ok"":1000}"
b4e7dc307a1f895a8fec997a,zsre,R1_learned_ff,1,104,1000,LS,50,50,50,1,1,complete,"{""ok"":50}"
826332f387bd487a045d412f,counterfact,R1_learned_ff,1,100,100,ES,100,100,100,1,1,complete,"{""ok"":100}"
826332f387bd487a045d412f,counterfact,R1_learned_ff,1,100,100,RET-ES,100,100,100,1,1,complete,"{""ok"":100}"
826332f387bd487a045d412f,counterfact,R1_learned_ff,1,100,100,RET-GS,100,100,70,0.7,0.7,complete,"{""ok"":100}"
826332f387bd487a045d412f,counterfact,R1_learned_ff,1,100,100,LS,50,50,50,1,1,complete,"{""ok"":50}"
826332f387bd487a045d412f,counterfact,R1_learned_ff,1,100,300,ES,300,300,300,1,1,complete,"{""ok"":300}"
826332f387bd487a045d412f,counterfact,R1_learned_ff,1,100,300,RET-ES,300,300,300,1,1,complete,"{""ok"":300}"
826332f387bd487a045d412f,counterfact,R1_learned_ff,1,100,300,RET-GS,300,300,218.5,0.72833333,0.72833333,complete,"{""ok"":300}"
826332f387bd487a045d412f,counterfact,R1_learned_ff,1,100,300,LS,50,50,50,1,1,complete,"{""ok"":50}"
826332f387bd487a045d412f,counterfact,R1_learned_ff,1,100,1000,ES,1000,1000,990,0.99,0.99,complete,"{""ok"":1000}"
826332f387bd487a045d412f,counterfact,R1_learned_ff,1,100,1000,RET-ES,1000,1000,981,0.981,0.981,complete,"{""ok"":1000}"
826332f387bd487a045d412f,counterfact,R1_learned_ff,1,100,1000,RET-GS,1000,1000,666,0.666,0.666,complete,"{""ok"":1000}"
826332f387bd487a045d412f,counterfact,R1_learned_ff,1,100,1000,LS,50,50,50,1,1,complete,"{""ok"":50}"
14d45f0e87126104057518af,counterfact,R1_learned_ff,1,101,100,ES,100,100,100,1,1,complete,"{""ok"":100}"
14d45f0e87126104057518af,counterfact,R1_learned_ff,1,101,100,RET-ES,100,100,100,1,1,complete,"{""ok"":100}"
14d45f0e87126104057518af,counterfact,R1_learned_ff,1,101,100,RET-GS,100,100,76.5,0.765,0.765,complete,"{""ok"":100}"
14d45f0e87126104057518af,counterfact,R1_learned_ff,1,101,100,LS,50,50,50,1,1,complete,"{""ok"":50}"
14d45f0e87126104057518af,counterfact,R1_learned_ff,1,101,300,ES,300,300,300,1,1,complete,"{""ok"":300}"
14d45f0e87126104057518af,counterfact,R1_learned_ff,1,101,300,RET-ES,300,300,299,0.99666667,0.99666667,complete,"{""ok"":300}"
14d45f0e87126104057518af,counterfact,R1_learned_ff,1,101,300,RET-GS,300,300,216.5,0.72166667,0.72166667,complete,"{""ok"":300}"
14d45f0e87126104057518af,counterfact,R1_learned_ff,1,101,300,LS,50,50,50,1,1,complete,"{""ok"":50}"
14d45f0e87126104057518af,counterfact,R1_learned_ff,1,101,1000,ES,1000,1000,995,0.995,0.995,complete,"{""ok"":1000}"
14d45f0e87126104057518af,counterfact,R1_learned_ff,1,101,1000,RET-ES,1000,1000,981,0.981,0.981,complete,"{""ok"":1000}"
14d45f0e87126104057518af,counterfact,R1_learned_ff,1,101,1000,RET-GS,1000,1000,666,0.666,0.666,complete,"{""ok"":1000}"
14d45f0e87126104057518af,counterfact,R1_learned_ff,1,101,1000,LS,50,50,50,1,1,complete,"{""ok"":50}"
960d0adeb6cacfcfce93d546,counterfact,R1_learned_ff,1,102,100,ES,100,100,100,1,1,complete,"{""ok"":100}"
960d0adeb6cacfcfce93d546,counterfact,R1_learned_ff,1,102,100,RET-ES,100,100,100,1,1,complete,"{""ok"":100}"
960d0adeb6cacfcfce93d546,counterfact,R1_learned_ff,1,102,100,RET-GS,100,100,74.5,0.745,0.745,complete,"{""ok"":100}"
960d0adeb6cacfcfce93d546,counterfact,R1_learned_ff,1,102,100,LS,50,50,50,1,1,complete,"{""ok"":50}"
960d0adeb6cacfcfce93d546,counterfact,R1_learned_ff,1,102,300,ES,300,300,300,1,1,complete,"{""ok"":300}"
960d0adeb6cacfcfce93d546,counterfact,R1_learned_ff,1,102,300,RET-ES,300,300,299,0.99666667,0.99666667,complete,"{""ok"":300}"
960d0adeb6cacfcfce93d546,counterfact,R1_learned_ff,1,102,300,RET-GS,300,300,225,0.75,0.75,complete,"{""ok"":300}"
960d0adeb6cacfcfce93d546,counterfact,R1_learned_ff,1,102,300,LS,50,50,48,0.96,0.96,complete,"{""ok"":50}"
960d0adeb6cacfcfce93d546,counterfact,R1_learned_ff,1,102,1000,ES,1000,1000,994,0.994,0.994,complete,"{""ok"":1000}"
960d0adeb6cacfcfce93d546,counterfact,R1_learned_ff,1,102,1000,RET-ES,1000,1000,981,0.981,0.981,complete,"{""ok"":1000}"
960d0adeb6cacfcfce93d546,counterfact,R1_learned_ff,1,102,1000,RET-GS,1000,1000,666,0.666,0.666,complete,"{""ok"":1000}"
960d0adeb6cacfcfce93d546,counterfact,R1_learned_ff,1,102,1000,LS,50,50,50,1,1,complete,"{""ok"":50}"
6840a40e6e5c90bdc40b89b0,counterfact,R1_learned_ff,1,103,100,ES,100,100,100,1,1,complete,"{""ok"":100}"
6840a40e6e5c90bdc40b89b0,counterfact,R1_learned_ff,1,103,100,RET-ES,100,100,100,1,1,complete,"{""ok"":100}"
6840a40e6e5c90bdc40b89b0,counterfact,R1_learned_ff,1,103,100,RET-GS,100,100,77,0.77,0.77,complete,"{""ok"":100}"
6840a40e6e5c90bdc40b89b0,counterfact,R1_learned_ff,1,103,100,LS,50,50,50,1,1,complete,"{""ok"":50}"
6840a40e6e5c90bdc40b89b0,counterfact,R1_learned_ff,1,103,300,ES,300,300,300,1,1,complete,"{""ok"":300}"
6840a40e6e5c90bdc40b89b0,counterfact,R1_learned_ff,1,103,300,RET-ES,300,300,300,1,1,complete,"{""ok"":300}"
6840a40e6e5c90bdc40b89b0,counterfact,R1_learned_ff,1,103,300,RET-GS,300,300,221,0.73666667,0.73666667,complete,"{""ok"":300}"
6840a40e6e5c90bdc40b89b0,counterfact,R1_learned_ff,1,103,300,LS,50,50,50,1,1,complete,"{""ok"":50}"
6840a40e6e5c90bdc40b89b0,counterfact,R1_learned_ff,1,103,1000,ES,1000,1000,994,0.994,0.994,complete,"{""ok"":1000}"
6840a40e6e5c90bdc40b89b0,counterfact,R1_learned_ff,1,103,1000,RET-ES,1000,1000,981,0.981,0.981,complete,"{""ok"":1000}"
6840a40e6e5c90bdc40b89b0,counterfact,R1_learned_ff,1,103,1000,RET-GS,1000,1000,666,0.666,0.666,complete,"{""ok"":1000}"
6840a40e6e5c90bdc40b89b0,counterfact,R1_learned_ff,1,103,1000,LS,50,50,50,1,1,complete,"{""ok"":50}"
42ba32e4f07423bee03296b3,counterfact,R1_learned_ff,1,104,100,ES,100,100,100,1,1,complete,"{""ok"":100}"
42ba32e4f07423bee03296b3,counterfact,R1_learned_ff,1,104,100,RET-ES,100,100,100,1,1,complete,"{""ok"":100}"
42ba32e4f07423bee03296b3,counterfact,R1_learned_ff,1,104,100,RET-GS,100,100,73,0.73,0.73,complete,"{""ok"":100}"
42ba32e4f07423bee03296b3,counterfact,R1_learned_ff,1,104,100,LS,50,50,50,1,1,complete,"{""ok"":50}"
42ba32e4f07423bee03296b3,counterfact,R1_learned_ff,1,104,300,ES,300,300,300,1,1,complete,"{""ok"":300}"
42ba32e4f07423bee03296b3,counterfact,R1_learned_ff,1,104,300,RET-ES,300,300,300,1,1,complete,"{""ok"":300}"
42ba32e4f07423bee03296b3,counterfact,R1_learned_ff,1,104,300,RET-GS,300,300,216,0.72,0.72,complete,"{""ok"":300}"
42ba32e4f07423bee03296b3,counterfact,R1_learned_ff,1,104,300,LS,50,50,50,1,1,complete,"{""ok"":50}"
42ba32e4f07423bee03296b3,counterfact,R1_learned_ff,1,104,1000,ES,1000,1000,995,0.995,0.995,complete,"{""ok"":1000}"
42ba32e4f07423bee03296b3,counterfact,R1_learned_ff,1,104,1000,RET-ES,1000,1000,981,0.981,0.981,complete,"{""ok"":1000}"
42ba32e4f07423bee03296b3,counterfact,R1_learned_ff,1,104,1000,RET-GS,1000,1000,666,0.666,0.666,complete,"{""ok"":1000}"
42ba32e4f07423bee03296b3,counterfact,R1_learned_ff,1,104,1000,LS,50,50,50,1,1,complete,"{""ok"":50}"
19964c4e7f737707baad94a5,mquake,R1_learned_ff,1,100,100,ES,100,100,100,1,1,complete,"{""ok"":100}"
19964c4e7f737707baad94a5,mquake,R1_learned_ff,1,100,100,RET-ES,100,100,100,1,1,complete,"{""ok"":100}"
19964c4e7f737707baad94a5,mquake,R1_learned_ff,1,100,100,RET-GS,100,100,68,0.68,0.68,complete,"{""ok"":100}"
19964c4e7f737707baad94a5,mquake,R1_learned_ff,1,100,100,LS,50,50,50,1,1,complete,"{""ok"":50}"
19964c4e7f737707baad94a5,mquake,R1_learned_ff,1,100,300,ES,300,300,300,1,1,complete,"{""ok"":300}"
19964c4e7f737707baad94a5,mquake,R1_learned_ff,1,100,300,RET-ES,300,300,300,1,1,complete,"{""ok"":300}"
19964c4e7f737707baad94a5,mquake,R1_learned_ff,1,100,300,RET-GS,300,300,217,0.72333333,0.72333333,complete,"{""ok"":300}"
19964c4e7f737707baad94a5,mquake,R1_learned_ff,1,100,300,LS,50,50,50,1,1,complete,"{""ok"":50}"
40ec11c9694b4265a013c682,mquake,R1_learned_ff,1,101,100,ES,100,100,100,1,1,complete,"{""ok"":100}"
40ec11c9694b4265a013c682,mquake,R1_learned_ff,1,101,100,RET-ES,100,100,100,1,1,complete,"{""ok"":100}"
40ec11c9694b4265a013c682,mquake,R1_learned_ff,1,101,100,RET-GS,100,100,78,0.78,0.78,complete,"{""ok"":100}"
40ec11c9694b4265a013c682,mquake,R1_learned_ff,1,101,100,LS,50,50,50,1,1,complete,"{""ok"":50}"
40ec11c9694b4265a013c682,mquake,R1_learned_ff,1,101,300,ES,300,300,300,1,1,complete,"{""ok"":300}"
40ec11c9694b4265a013c682,mquake,R1_learned_ff,1,101,300,RET-ES,300,300,300,1,1,complete,"{""ok"":300}"
40ec11c9694b4265a013c682,mquake,R1_learned_ff,1,101,300,RET-GS,300,300,217,0.72333333,0.72333333,complete,"{""ok"":300}"
40ec11c9694b4265a013c682,mquake,R1_learned_ff,1,101,300,LS,50,50,50,1,1,complete,"{""ok"":50}"
f0642100f6eb9cd77e92f439,mquake,R1_learned_ff,1,102,100,ES,100,100,100,1,1,complete,"{""ok"":100}"
f0642100f6eb9cd77e92f439,mquake,R1_learned_ff,1,102,100,RET-ES,100,100,100,1,1,complete,"{""ok"":100}"
f0642100f6eb9cd77e92f439,mquake,R1_learned_ff,1,102,100,RET-GS,100,100,70,0.7,0.7,complete,"{""ok"":100}"
f0642100f6eb9cd77e92f439,mquake,R1_learned_ff,1,102,100,LS,50,50,50,1,1,complete,"{""ok"":50}"
f0642100f6eb9cd77e92f439,mquake,R1_learned_ff,1,102,300,ES,300,300,300,1,1,complete,"{""ok"":300}"
f0642100f6eb9cd77e92f439,mquake,R1_learned_ff,1,102,300,RET-ES,300,300,300,1,1,complete,"{""ok"":300}"
f0642100f6eb9cd77e92f439,mquake,R1_learned_ff,1,102,300,RET-GS,300,300,217,0.72333333,0.72333333,complete,"{""ok"":300}"
f0642100f6eb9cd77e92f439,mquake,R1_learned_ff,1,102,300,LS,50,50,50,1,1,complete,"{""ok"":50}"
b7ff3139c3f3eeb3ff7e9c80,mquake,R1_learned_ff,1,103,100,ES,100,100,100,1,1,complete,"{""ok"":100}"
b7ff3139c3f3eeb3ff7e9c80,mquake,R1_learned_ff,1,103,100,RET-ES,100,100,100,1,1,complete,"{""ok"":100}"
b7ff3139c3f3eeb3ff7e9c80,mquake,R1_learned_ff,1,103,100,RET-GS,100,100,70,0.7,0.7,complete,"{""ok"":100}"
b7ff3139c3f3eeb3ff7e9c80,mquake,R1_learned_ff,1,103,100,LS,50,50,50,1,1,complete,"{""ok"":50}"
b7ff3139c3f3eeb3ff7e9c80,mquake,R1_learned_ff,1,103,300,ES,300,300,300,1,1,complete,"{""ok"":300}"
b7ff3139c3f3eeb3ff7e9c80,mquake,R1_learned_ff,1,103,300,RET-ES,300,300,300,1,1,complete,"{""ok"":300}"
b7ff3139c3f3eeb3ff7e9c80,mquake,R1_learned_ff,1,103,300,RET-GS,300,300,217,0.72333333,0.72333333,complete,"{""ok"":300}"
b7ff3139c3f3eeb3ff7e9c80,mquake,R1_learned_ff,1,103,300,LS,50,50,50,1,1,complete,"{""ok"":50}"
1833a410c9e8704f6a379114,mquake,R1_learned_ff,1,104,100,ES,100,100,100,1,1,complete,"{""ok"":100}"
1833a410c9e8704f6a379114,mquake,R1_learned_ff,1,104,100,RET-ES,100,100,100,1,1,complete,"{""ok"":100}"
1833a410c9e8704f6a379114,mquake,R1_learned_ff,1,104,100,RET-GS,100,100,71,0.71,0.71,complete,"{""ok"":100}"
1833a410c9e8704f6a379114,mquake,R1_learned_ff,1,104,100,LS,50,50,50,1,1,complete,"{""ok"":50}"
1833a410c9e8704f6a379114,mquake,R1_learned_ff,1,104,300,ES,300,300,300,1,1,complete,"{""ok"":300}"
1833a410c9e8704f6a379114,mquake,R1_learned_ff,1,104,300,RET-ES,300,300,300,1,1,complete,"{""ok"":300}"
1833a410c9e8704f6a379114,mquake,R1_learned_ff,1,104,300,RET-GS,300,300,217,0.72333333,0.72333333,complete,"{""ok"":300}"
1833a410c9e8704f6a379114,mquake,R1_learned_ff,1,104,300,LS,50,50,50,1,1,complete,"{""ok"":50}"
82606602ae475e73eb4401f9,zsre,R1_nonlearned,1,100,100,ES,100,100,100,1,1,complete,"{""ok"":100}"
82606602ae475e73eb4401f9,zsre,R1_nonlearned,1,100,100,RET-ES,100,100,100,1,1,complete,"{""ok"":100}"
82606602ae475e73eb4401f9,zsre,R1_nonlearned,1,100,100,RET-GS,100,100,66,0.66,0.66,complete,"{""ok"":100}"
82606602ae475e73eb4401f9,zsre,R1_nonlearned,1,100,100,LS,50,50,50,1,1,complete,"{""ok"":50}"
82606602ae475e73eb4401f9,zsre,R1_nonlearned,1,100,300,ES,300,300,300,1,1,complete,"{""ok"":300}"
82606602ae475e73eb4401f9,zsre,R1_nonlearned,1,100,300,RET-ES,300,300,300,1,1,complete,"{""ok"":300}"
82606602ae475e73eb4401f9,zsre,R1_nonlearned,1,100,300,RET-GS,300,300,180,0.6,0.6,complete,"{""ok"":300}"
82606602ae475e73eb4401f9,zsre,R1_nonlearned,1,100,300,LS,50,50,50,1,1,complete,"{""ok"":50}"
82606602ae475e73eb4401f9,zsre,R1_nonlearned,1,100,1000,ES,1000,1000,1000,1,1,complete,"{""ok"":1000}"
82606602ae475e73eb4401f9,zsre,R1_nonlearned,1,100,1000,RET-ES,1000,1000,1000,1,1,complete,"{""ok"":1000}"
82606602ae475e73eb4401f9,zsre,R1_nonlearned,1,100,1000,RET-GS,1000,1000,530,0.53,0.53,complete,"{""ok"":1000}"
82606602ae475e73eb4401f9,zsre,R1_nonlearned,1,100,1000,LS,50,50,50,1,1,complete,"{""ok"":50}"
2172052824abd70e8135366f,zsre,R1_nonlearned,1,101,100,ES,100,100,100,1,1,complete,"{""ok"":100}"
2172052824abd70e8135366f,zsre,R1_nonlearned,1,101,100,RET-ES,100,100,100,1,1,complete,"{""ok"":100}"
2172052824abd70e8135366f,zsre,R1_nonlearned,1,101,100,RET-GS,100,100,63,0.63,0.63,complete,"{""ok"":100}"
2172052824abd70e8135366f,zsre,R1_nonlearned,1,101,100,LS,50,50,50,1,1,complete,"{""ok"":50}"
2172052824abd70e8135366f,zsre,R1_nonlearned,1,101,300,ES,300,300,300,1,1,complete,"{""ok"":300}"
2172052824abd70e8135366f,zsre,R1_nonlearned,1,101,300,RET-ES,300,300,300,1,1,complete,"{""ok"":300}"
2172052824abd70e8135366f,zsre,R1_nonlearned,1,101,300,RET-GS,300,300,167,0.55666667,0.55666667,complete,"{""ok"":300}"
2172052824abd70e8135366f,zsre,R1_nonlearned,1,101,300,LS,50,50,50,1,1,complete,"{""ok"":50}"
2172052824abd70e8135366f,zsre,R1_nonlearned,1,101,1000,ES,1000,1000,1000,1,1,complete,"{""ok"":1000}"
2172052824abd70e8135366f,zsre,R1_nonlearned,1,101,1000,RET-ES,1000,1000,1000,1,1,complete,"{""ok"":1000}"
2172052824abd70e8135366f,zsre,R1_nonlearned,1,101,1000,RET-GS,1000,1000,530,0.53,0.53,complete,"{""ok"":1000}"
2172052824abd70e8135366f,zsre,R1_nonlearned,1,101,1000,LS,50,50,50,1,1,complete,"{""ok"":50}"
5c394f4861164c1d5b31de4c,zsre,R1_nonlearned,1,102,100,ES,100,100,100,1,1,complete,"{""ok"":100}"
5c394f4861164c1d5b31de4c,zsre,R1_nonlearned,1,102,100,RET-ES,100,100,100,1,1,complete,"{""ok"":100}"
5c394f4861164c1d5b31de4c,zsre,R1_nonlearned,1,102,100,RET-GS,100,100,65,0.65,0.65,complete,"{""ok"":100}"
5c394f4861164c1d5b31de4c,zsre,R1_nonlearned,1,102,100,LS,50,50,50,1,1,complete,"{""ok"":50}"
5c394f4861164c1d5b31de4c,zsre,R1_nonlearned,1,102,300,ES,300,300,300,1,1,complete,"{""ok"":300}"
5c394f4861164c1d5b31de4c,zsre,R1_nonlearned,1,102,300,RET-ES,300,300,300,1,1,complete,"{""ok"":300}"
5c394f4861164c1d5b31de4c,zsre,R1_nonlearned,1,102,300,RET-GS,300,300,170,0.56666667,0.56666667,complete,"{""ok"":300}"
5c394f4861164c1d5b31de4c,zsre,R1_nonlearned,1,102,300,LS,50,50,50,1,1,complete,"{""ok"":50}"
5c394f4861164c1d5b31de4c,zsre,R1_nonlearned,1,102,1000,ES,1000,1000,1000,1,1,complete,"{""ok"":1000}"
5c394f4861164c1d5b31de4c,zsre,R1_nonlearned,1,102,1000,RET-ES,1000,1000,1000,1,1,complete,"{""ok"":1000}"
5c394f4861164c1d5b31de4c,zsre,R1_nonlearned,1,102,1000,RET-GS,1000,1000,530,0.53,0.53,complete,"{""ok"":1000}"
5c394f4861164c1d5b31de4c,zsre,R1_nonlearned,1,102,1000,LS,50,50,50,1,1,complete,"{""ok"":50}"
c9d2325e783e57ac5eafa34d,zsre,R1_nonlearned,1,103,100,ES,100,100,100,1,1,complete,"{""ok"":100}"
c9d2325e783e57ac5eafa34d,zsre,R1_nonlearned,1,103,100,RET-ES,100,100,100,1,1,complete,"{""ok"":100}"
c9d2325e783e57ac5eafa34d,zsre,R1_nonlearned,1,103,100,RET-GS,100,100,69,0.69,0.69,complete,"{""ok"":100}"
c9d2325e783e57ac5eafa34d,zsre,R1_nonlearned,1,103,100,LS,50,50,50,1,1,complete,"{""ok"":50}"
c9d2325e783e57ac5eafa34d,zsre,R1_nonlearned,1,103,300,ES,300,300,300,1,1,complete,"{""ok"":300}"
c9d2325e783e57ac5eafa34d,zsre,R1_nonlearned,1,103,300,RET-ES,300,300,300,1,1,complete,"{""ok"":300}"
c9d2325e783e57ac5eafa34d,zsre,R1_nonlearned,1,103,300,RET-GS,300,300,177,0.59,0.59,complete,"{""ok"":300}"
c9d2325e783e57ac5eafa34d,zsre,R1_nonlearned,1,103,300,LS,50,50,50,1,1,complete,"{""ok"":50}"
c9d2325e783e57ac5eafa34d,zsre,R1_nonlearned,1,103,1000,ES,1000,1000,1000,1,1,complete,"{""ok"":1000}"
c9d2325e783e57ac5eafa34d,zsre,R1_nonlearned,1,103,1000,RET-ES,1000,1000,1000,1,1,complete,"{""ok"":1000}"
c9d2325e783e57ac5eafa34d,zsre,R1_nonlearned,1,103,1000,RET-GS,1000,1000,530,0.53,0.53,complete,"{""ok"":1000}"
c9d2325e783e57ac5eafa34d,zsre,R1_nonlearned,1,103,1000,LS,50,50,50,1,1,complete,"{""ok"":50}"
3fdc7c12d6d583f46608eac6,zsre,R1_nonlearned,1,104,100,ES,100,100,100,1,1,complete,"{""ok"":100}"
3fdc7c12d6d583f46608eac6,zsre,R1_nonlearned,1,104,100,RET-ES,100,100,100,1,1,complete,"{""ok"":100}"
3fdc7c12d6d583f46608eac6,zsre,R1_nonlearned,1,104,100,RET-GS,100,100,67,0.67,0.67,complete,"{""ok"":100}"
3fdc7c12d6d583f46608eac6,zsre,R1_nonlearned,1,104,100,LS,50,50,50,1,1,complete,"{""ok"":50}"
3fdc7c12d6d583f46608eac6,zsre,R1_nonlearned,1,104,300,ES,300,300,300,1,1,complete,"{""ok"":300}"
3fdc7c12d6d583f46608eac6,zsre,R1_nonlearned,1,104,300,RET-ES,300,300,300,1,1,complete,"{""ok"":300}"
3fdc7c12d6d583f46608eac6,zsre,R1_nonlearned,1,104,300,RET-GS,300,300,180,0.6,0.6,complete,"{""ok"":300}"
3fdc7c12d6d583f46608eac6,zsre,R1_nonlearned,1,104,300,LS,50,50,50,1,1,complete,"{""ok"":50}"
3fdc7c12d6d583f46608eac6,zsre,R1_nonlearned,1,104,1000,ES,1000,1000,1000,1,1,complete,"{""ok"":1000}"
3fdc7c12d6d583f46608eac6,zsre,R1_nonlearned,1,104,1000,RET-ES,1000,1000,1000,1,1,complete,"{""ok"":1000}"
3fdc7c12d6d583f46608eac6,zsre,R1_nonlearned,1,104,1000,RET-GS,1000,1000,530,0.53,0.53,complete,"{""ok"":1000}"
3fdc7c12d6d583f46608eac6,zsre,R1_nonlearned,1,104,1000,LS,50,50,50,1,1,complete,"{""ok"":50}"
a7d551c093fd3333314813a5,counterfact,R1_nonlearned,1,100,100,ES,100,100,100,1,1,complete,"{""ok"":100}"
a7d551c093fd3333314813a5,counterfact,R1_nonlearned,1,100,100,RET-ES,100,100,100,1,1,complete,"{""ok"":100}"
a7d551c093fd3333314813a5,counterfact,R1_nonlearned,1,100,100,RET-GS,100,100,18.5,0.185,0.185,complete,"{""ok"":100}"
a7d551c093fd3333314813a5,counterfact,R1_nonlearned,1,100,100,LS,50,50,6,0.12,0.12,complete,"{""ok"":50}"
a7d551c093fd3333314813a5,counterfact,R1_nonlearned,1,100,300,ES,300,300,300,1,1,complete,"{""ok"":300}"
a7d551c093fd3333314813a5,counterfact,R1_nonlearned,1,100,300,RET-ES,300,300,300,1,1,complete,"{""ok"":300}"
a7d551c093fd3333314813a5,counterfact,R1_nonlearned,1,100,300,RET-GS,300,300,42,0.14,0.14,complete,"{""ok"":300}"
a7d551c093fd3333314813a5,counterfact,R1_nonlearned,1,100,300,LS,50,50,0,0,0,complete,"{""ok"":50}"
a7d551c093fd3333314813a5,counterfact,R1_nonlearned,1,100,1000,ES,1000,1000,1000,1,1,complete,"{""ok"":1000}"
a7d551c093fd3333314813a5,counterfact,R1_nonlearned,1,100,1000,RET-ES,1000,1000,1000,1,1,complete,"{""ok"":1000}"
a7d551c093fd3333314813a5,counterfact,R1_nonlearned,1,100,1000,RET-GS,1000,1000,121,0.121,0.121,complete,"{""ok"":1000}"
a7d551c093fd3333314813a5,counterfact,R1_nonlearned,1,100,1000,LS,50,50,0,0,0,complete,"{""ok"":50}"
c402523c2460a62d6040ddd0,counterfact,R1_nonlearned,1,101,100,ES,100,100,100,1,1,complete,"{""ok"":100}"
c402523c2460a62d6040ddd0,counterfact,R1_nonlearned,1,101,100,RET-ES,100,100,100,1,1,complete,"{""ok"":100}"
c402523c2460a62d6040ddd0,counterfact,R1_nonlearned,1,101,100,RET-GS,100,100,19.5,0.195,0.195,complete,"{""ok"":100}"
c402523c2460a62d6040ddd0,counterfact,R1_nonlearned,1,101,100,LS,50,50,4,0.08,0.08,complete,"{""ok"":50}"
c402523c2460a62d6040ddd0,counterfact,R1_nonlearned,1,101,300,ES,300,300,300,1,1,complete,"{""ok"":300}"
c402523c2460a62d6040ddd0,counterfact,R1_nonlearned,1,101,300,RET-ES,300,300,300,1,1,complete,"{""ok"":300}"
c402523c2460a62d6040ddd0,counterfact,R1_nonlearned,1,101,300,RET-GS,300,300,40,0.13333333,0.13333333,complete,"{""ok"":300}"
c402523c2460a62d6040ddd0,counterfact,R1_nonlearned,1,101,300,LS,50,50,0,0,0,complete,"{""ok"":50}"
c402523c2460a62d6040ddd0,counterfact,R1_nonlearned,1,101,1000,ES,1000,1000,1000,1,1,complete,"{""ok"":1000}"
c402523c2460a62d6040ddd0,counterfact,R1_nonlearned,1,101,1000,RET-ES,1000,1000,1000,1,1,complete,"{""ok"":1000}"
c402523c2460a62d6040ddd0,counterfact,R1_nonlearned,1,101,1000,RET-GS,1000,1000,121,0.121,0.121,complete,"{""ok"":1000}"
c402523c2460a62d6040ddd0,counterfact,R1_nonlearned,1,101,1000,LS,50,50,0,0,0,complete,"{""ok"":50}"
b103826472ba7653cd8fd13a,counterfact,R1_nonlearned,1,102,100,ES,100,100,100,1,1,complete,"{""ok"":100}"
b103826472ba7653cd8fd13a,counterfact,R1_nonlearned,1,102,100,RET-ES,100,100,100,1,1,complete,"{""ok"":100}"
b103826472ba7653cd8fd13a,counterfact,R1_nonlearned,1,102,100,RET-GS,100,100,19.5,0.195,0.195,complete,"{""ok"":100}"
b103826472ba7653cd8fd13a,counterfact,R1_nonlearned,1,102,100,LS,50,50,3,0.06,0.06,complete,"{""ok"":50}"
b103826472ba7653cd8fd13a,counterfact,R1_nonlearned,1,102,300,ES,300,300,300,1,1,complete,"{""ok"":300}"
b103826472ba7653cd8fd13a,counterfact,R1_nonlearned,1,102,300,RET-ES,300,300,300,1,1,complete,"{""ok"":300}"
b103826472ba7653cd8fd13a,counterfact,R1_nonlearned,1,102,300,RET-GS,300,300,41.5,0.13833333,0.13833333,complete,"{""ok"":300}"
b103826472ba7653cd8fd13a,counterfact,R1_nonlearned,1,102,300,LS,50,50,3,0.06,0.06,complete,"{""ok"":50}"
b103826472ba7653cd8fd13a,counterfact,R1_nonlearned,1,102,1000,ES,1000,1000,1000,1,1,complete,"{""ok"":1000}"
b103826472ba7653cd8fd13a,counterfact,R1_nonlearned,1,102,1000,RET-ES,1000,1000,1000,1,1,complete,"{""ok"":1000}"
b103826472ba7653cd8fd13a,counterfact,R1_nonlearned,1,102,1000,RET-GS,1000,1000,121,0.121,0.121,complete,"{""ok"":1000}"
b103826472ba7653cd8fd13a,counterfact,R1_nonlearned,1,102,1000,LS,50,50,0,0,0,complete,"{""ok"":50}"
525ad705ad7008ed3ea378eb,counterfact,R1_nonlearned,1,103,100,ES,100,100,100,1,1,complete,"{""ok"":100}"
525ad705ad7008ed3ea378eb,counterfact,R1_nonlearned,1,103,100,RET-ES,100,100,100,1,1,complete,"{""ok"":100}"
525ad705ad7008ed3ea378eb,counterfact,R1_nonlearned,1,103,100,RET-GS,100,100,19.5,0.195,0.195,complete,"{""ok"":100}"
525ad705ad7008ed3ea378eb,counterfact,R1_nonlearned,1,103,100,LS,50,50,3,0.06,0.06,complete,"{""ok"":50}"
525ad705ad7008ed3ea378eb,counterfact,R1_nonlearned,1,103,300,ES,300,300,300,1,1,complete,"{""ok"":300}"
525ad705ad7008ed3ea378eb,counterfact,R1_nonlearned,1,103,300,RET-ES,300,300,300,1,1,complete,"{""ok"":300}"
525ad705ad7008ed3ea378eb,counterfact,R1_nonlearned,1,103,300,RET-GS,300,300,36.5,0.12166667,0.12166667,complete,"{""ok"":300}"
525ad705ad7008ed3ea378eb,counterfact,R1_nonlearned,1,103,300,LS,50,50,2,0.04,0.04,complete,"{""ok"":50}"
525ad705ad7008ed3ea378eb,counterfact,R1_nonlearned,1,103,1000,ES,1000,1000,1000,1,1,complete,"{""ok"":1000}"
525ad705ad7008ed3ea378eb,counterfact,R1_nonlearned,1,103,1000,RET-ES,1000,1000,1000,1,1,complete,"{""ok"":1000}"
525ad705ad7008ed3ea378eb,counterfact,R1_nonlearned,1,103,1000,RET-GS,1000,1000,121,0.121,0.121,complete,"{""ok"":1000}"
525ad705ad7008ed3ea378eb,counterfact,R1_nonlearned,1,103,1000,LS,50,50,0,0,0,complete,"{""ok"":50}"
8a4bcb6e358e98c523b0d0c3,counterfact,R1_nonlearned,1,104,100,ES,100,100,100,1,1,complete,"{""ok"":100}"
8a4bcb6e358e98c523b0d0c3,counterfact,R1_nonlearned,1,104,100,RET-ES,100,100,100,1,1,complete,"{""ok"":100}"
8a4bcb6e358e98c523b0d0c3,counterfact,R1_nonlearned,1,104,100,RET-GS,100,100,14,0.14,0.14,complete,"{""ok"":100}"
8a4bcb6e358e98c523b0d0c3,counterfact,R1_nonlearned,1,104,100,LS,50,50,8,0.16,0.16,complete,"{""ok"":50}"
8a4bcb6e358e98c523b0d0c3,counterfact,R1_nonlearned,1,104,300,ES,300,300,300,1,1,complete,"{""ok"":300}"
8a4bcb6e358e98c523b0d0c3,counterfact,R1_nonlearned,1,104,300,RET-ES,300,300,300,1,1,complete,"{""ok"":300}"
8a4bcb6e358e98c523b0d0c3,counterfact,R1_nonlearned,1,104,300,RET-GS,300,300,43,0.14333333,0.14333333,complete,"{""ok"":300}"
8a4bcb6e358e98c523b0d0c3,counterfact,R1_nonlearned,1,104,300,LS,50,50,0,0,0,complete,"{""ok"":50}"
8a4bcb6e358e98c523b0d0c3,counterfact,R1_nonlearned,1,104,1000,ES,1000,1000,1000,1,1,complete,"{""ok"":1000}"
8a4bcb6e358e98c523b0d0c3,counterfact,R1_nonlearned,1,104,1000,RET-ES,1000,1000,1000,1,1,complete,"{""ok"":1000}"
8a4bcb6e358e98c523b0d0c3,counterfact,R1_nonlearned,1,104,1000,RET-GS,1000,1000,121,0.121,0.121,complete,"{""ok"":1000}"
8a4bcb6e358e98c523b0d0c3,counterfact,R1_nonlearned,1,104,1000,LS,50,50,0,0,0,complete,"{""ok"":50}"
144f77ff21860a8a089a8080,mquake,R1_nonlearned,1,100,100,ES,100,100,100,1,1,complete,"{""ok"":100}"
144f77ff21860a8a089a8080,mquake,R1_nonlearned,1,100,100,RET-ES,100,100,100,1,1,complete,"{""ok"":100}"
144f77ff21860a8a089a8080,mquake,R1_nonlearned,1,100,100,RET-GS,100,100,0,0,0,complete,"{""ok"":100}"
144f77ff21860a8a089a8080,mquake,R1_nonlearned,1,100,100,LS,50,50,0,0,0,complete,"{""ok"":50}"
144f77ff21860a8a089a8080,mquake,R1_nonlearned,1,100,300,ES,300,300,300,1,1,complete,"{""ok"":300}"
144f77ff21860a8a089a8080,mquake,R1_nonlearned,1,100,300,RET-ES,300,300,300,1,1,complete,"{""ok"":300}"
144f77ff21860a8a089a8080,mquake,R1_nonlearned,1,100,300,RET-GS,300,300,0,0,0,complete,"{""ok"":300}"
144f77ff21860a8a089a8080,mquake,R1_nonlearned,1,100,300,LS,50,50,0,0,0,complete,"{""ok"":50}"
3c3212c0cad597bafe0d5782,mquake,R1_nonlearned,1,101,100,ES,100,100,100,1,1,complete,"{""ok"":100}"
3c3212c0cad597bafe0d5782,mquake,R1_nonlearned,1,101,100,RET-ES,100,100,100,1,1,complete,"{""ok"":100}"
3c3212c0cad597bafe0d5782,mquake,R1_nonlearned,1,101,100,RET-GS,100,100,0,0,0,complete,"{""ok"":100}"
3c3212c0cad597bafe0d5782,mquake,R1_nonlearned,1,101,100,LS,50,50,0,0,0,complete,"{""ok"":50}"
3c3212c0cad597bafe0d5782,mquake,R1_nonlearned,1,101,300,ES,300,300,300,1,1,complete,"{""ok"":300}"
3c3212c0cad597bafe0d5782,mquake,R1_nonlearned,1,101,300,RET-ES,300,300,300,1,1,complete,"{""ok"":300}"
3c3212c0cad597bafe0d5782,mquake,R1_nonlearned,1,101,300,RET-GS,300,300,0,0,0,complete,"{""ok"":300}"
3c3212c0cad597bafe0d5782,mquake,R1_nonlearned,1,101,300,LS,50,50,0,0,0,complete,"{""ok"":50}"
5d467b73f60b99b3d07f8c02,mquake,R1_nonlearned,1,102,100,ES,100,100,100,1,1,complete,"{""ok"":100}"
5d467b73f60b99b3d07f8c02,mquake,R1_nonlearned,1,102,100,RET-ES,100,100,100,1,1,complete,"{""ok"":100}"
5d467b73f60b99b3d07f8c02,mquake,R1_nonlearned,1,102,100,RET-GS,100,100,0,0,0,complete,"{""ok"":100}"
5d467b73f60b99b3d07f8c02,mquake,R1_nonlearned,1,102,100,LS,50,50,0,0,0,complete,"{""ok"":50}"
5d467b73f60b99b3d07f8c02,mquake,R1_nonlearned,1,102,300,ES,300,300,300,1,1,complete,"{""ok"":300}"
5d467b73f60b99b3d07f8c02,mquake,R1_nonlearned,1,102,300,RET-ES,300,300,300,1,1,complete,"{""ok"":300}"
5d467b73f60b99b3d07f8c02,mquake,R1_nonlearned,1,102,300,RET-GS,300,300,0,0,0,complete,"{""ok"":300}"
5d467b73f60b99b3d07f8c02,mquake,R1_nonlearned,1,102,300,LS,50,50,0,0,0,complete,"{""ok"":50}"
a81b13b1b22e0bfe489daaa0,mquake,R1_nonlearned,1,103,100,ES,100,100,100,1,1,complete,"{""ok"":100}"
a81b13b1b22e0bfe489daaa0,mquake,R1_nonlearned,1,103,100,RET-ES,100,100,100,1,1,complete,"{""ok"":100}"
a81b13b1b22e0bfe489daaa0,mquake,R1_nonlearned,1,103,100,RET-GS,100,100,0,0,0,complete,"{""ok"":100}"
a81b13b1b22e0bfe489daaa0,mquake,R1_nonlearned,1,103,100,LS,50,50,0,0,0,complete,"{""ok"":50}"
a81b13b1b22e0bfe489daaa0,mquake,R1_nonlearned,1,103,300,ES,300,300,300,1,1,complete,"{""ok"":300}"
a81b13b1b22e0bfe489daaa0,mquake,R1_nonlearned,1,103,300,RET-ES,300,300,300,1,1,complete,"{""ok"":300}"
a81b13b1b22e0bfe489daaa0,mquake,R1_nonlearned,1,103,300,RET-GS,300,300,0,0,0,complete,"{""ok"":300}"
a81b13b1b22e0bfe489daaa0,mquake,R1_nonlearned,1,103,300,LS,50,50,0,0,0,complete,"{""ok"":50}"
1aff34869825a76d502d92a3,mquake,R1_nonlearned,1,104,100,ES,100,100,100,1,1,complete,"{""ok"":100}"
1aff34869825a76d502d92a3,mquake,R1_nonlearned,1,104,100,RET-ES,100,100,100,1,1,complete,"{""ok"":100}"
1aff34869825a76d502d92a3,mquake,R1_nonlearned,1,104,100,RET-GS,100,100,0,0,0,complete,"{""ok"":100}"
1aff34869825a76d502d92a3,mquake,R1_nonlearned,1,104,100,LS,50,50,0,0,0,complete,"{""ok"":50}"
1aff34869825a76d502d92a3,mquake,R1_nonlearned,1,104,300,ES,300,300,300,1,1,complete,"{""ok"":300}"
1aff34869825a76d502d92a3,mquake,R1_nonlearned,1,104,300,RET-ES,300,300,300,1,1,complete,"{""ok"":300}"
1aff34869825a76d502d92a3,mquake,R1_nonlearned,1,104,300,RET-GS,300,300,0,0,0,complete,"{""ok"":300}"
1aff34869825a76d502d92a3,mquake,R1_nonlearned,1,104,300,LS,50,50,0,0,0,complete,"{""ok"":50}"
3b70d3d44297fc1197610228,zsre,v0_stable,1,100,100,ES,100,100,100,1,1,complete,"{""ok"":100}"
3b70d3d44297fc1197610228,zsre,v0_stable,1,100,100,RET-ES,100,100,100,1,1,complete,"{""ok"":100}"
3b70d3d44297fc1197610228,zsre,v0_stable,1,100,100,RET-GS,100,100,49,0.49,0.49,complete,"{""ok"":100}"
3b70d3d44297fc1197610228,zsre,v0_stable,1,100,100,LS,50,50,49,0.98,0.98,complete,"{""ok"":50}"
3b70d3d44297fc1197610228,zsre,v0_stable,1,100,300,ES,300,300,300,1,1,complete,"{""ok"":300}"
3b70d3d44297fc1197610228,zsre,v0_stable,1,100,300,RET-ES,300,300,296,0.98666667,0.98666667,complete,"{""ok"":300}"
3b70d3d44297fc1197610228,zsre,v0_stable,1,100,300,RET-GS,300,300,96,0.32,0.32,complete,"{""ok"":300}"
3b70d3d44297fc1197610228,zsre,v0_stable,1,100,300,LS,50,50,50,1,1,complete,"{""ok"":50}"
3b70d3d44297fc1197610228,zsre,v0_stable,1,100,1000,ES,1000,1000,1000,1,1,complete,"{""ok"":1000}"
3b70d3d44297fc1197610228,zsre,v0_stable,1,100,1000,RET-ES,1000,1000,654,0.654,0.654,complete,"{""ok"":1000}"
3b70d3d44297fc1197610228,zsre,v0_stable,1,100,1000,RET-GS,1000,1000,180,0.18,0.18,complete,"{""ok"":1000}"
3b70d3d44297fc1197610228,zsre,v0_stable,1,100,1000,LS,50,50,50,1,1,complete,"{""ok"":50}"
84bae28d26e5f5a3e555b601,zsre,v0_stable,1,101,100,ES,100,100,100,1,1,complete,"{""ok"":100}"
84bae28d26e5f5a3e555b601,zsre,v0_stable,1,101,100,RET-ES,100,100,100,1,1,complete,"{""ok"":100}"
84bae28d26e5f5a3e555b601,zsre,v0_stable,1,101,100,RET-GS,100,100,47,0.47,0.47,complete,"{""ok"":100}"
84bae28d26e5f5a3e555b601,zsre,v0_stable,1,101,100,LS,50,50,50,1,1,complete,"{""ok"":50}"
84bae28d26e5f5a3e555b601,zsre,v0_stable,1,101,300,ES,300,300,300,1,1,complete,"{""ok"":300}"
84bae28d26e5f5a3e555b601,zsre,v0_stable,1,101,300,RET-ES,300,300,294,0.98,0.98,complete,"{""ok"":300}"
84bae28d26e5f5a3e555b601,zsre,v0_stable,1,101,300,RET-GS,300,300,96,0.32,0.32,complete,"{""ok"":300}"
84bae28d26e5f5a3e555b601,zsre,v0_stable,1,101,300,LS,50,50,38,0.76,0.76,complete,"{""ok"":50}"
84bae28d26e5f5a3e555b601,zsre,v0_stable,1,101,1000,ES,1000,1000,999,0.999,0.999,complete,"{""ok"":1000}"
84bae28d26e5f5a3e555b601,zsre,v0_stable,1,101,1000,RET-ES,1000,1000,636,0.636,0.636,complete,"{""ok"":1000}"
84bae28d26e5f5a3e555b601,zsre,v0_stable,1,101,1000,RET-GS,1000,1000,176,0.176,0.176,complete,"{""ok"":1000}"
84bae28d26e5f5a3e555b601,zsre,v0_stable,1,101,1000,LS,50,50,50,1,1,complete,"{""ok"":50}"
07b9bad1f676110cb8bae7df,zsre,v0_stable,1,102,100,ES,100,100,100,1,1,complete,"{""ok"":100}"
07b9bad1f676110cb8bae7df,zsre,v0_stable,1,102,100,RET-ES,100,100,99,0.99,0.99,complete,"{""ok"":100}"
07b9bad1f676110cb8bae7df,zsre,v0_stable,1,102,100,RET-GS,100,100,40,0.4,0.4,complete,"{""ok"":100}"
07b9bad1f676110cb8bae7df,zsre,v0_stable,1,102,100,LS,50,50,49,0.98,0.98,complete,"{""ok"":50}"
07b9bad1f676110cb8bae7df,zsre,v0_stable,1,102,300,ES,300,300,300,1,1,complete,"{""ok"":300}"
07b9bad1f676110cb8bae7df,zsre,v0_stable,1,102,300,RET-ES,300,300,295,0.98333333,0.98333333,complete,"{""ok"":300}"
07b9bad1f676110cb8bae7df,zsre,v0_stable,1,102,300,RET-GS,300,300,88,0.29333333,0.29333333,complete,"{""ok"":300}"
07b9bad1f676110cb8bae7df,zsre,v0_stable,1,102,300,LS,50,50,50,1,1,complete,"{""ok"":50}"
07b9bad1f676110cb8bae7df,zsre,v0_stable,1,102,1000,ES,1000,1000,1000,1,1,complete,"{""ok"":1000}"
07b9bad1f676110cb8bae7df,zsre,v0_stable,1,102,1000,RET-ES,1000,1000,651,0.651,0.651,complete,"{""ok"":1000}"
07b9bad1f676110cb8bae7df,zsre,v0_stable,1,102,1000,RET-GS,1000,1000,178,0.178,0.178,complete,"{""ok"":1000}"
07b9bad1f676110cb8bae7df,zsre,v0_stable,1,102,1000,LS,50,50,43,0.86,0.86,complete,"{""ok"":50}"
0ff8a61a760d6836f469629b,zsre,v0_stable,1,103,100,ES,100,100,100,1,1,complete,"{""ok"":100}"
0ff8a61a760d6836f469629b,zsre,v0_stable,1,103,100,RET-ES,100,100,98,0.98,0.98,complete,"{""ok"":100}"
0ff8a61a760d6836f469629b,zsre,v0_stable,1,103,100,RET-GS,100,100,38,0.38,0.38,complete,"{""ok"":100}"
0ff8a61a760d6836f469629b,zsre,v0_stable,1,103,100,LS,50,50,45,0.9,0.9,complete,"{""ok"":50}"
0ff8a61a760d6836f469629b,zsre,v0_stable,1,103,300,ES,300,300,300,1,1,complete,"{""ok"":300}"
0ff8a61a760d6836f469629b,zsre,v0_stable,1,103,300,RET-ES,300,300,294,0.98,0.98,complete,"{""ok"":300}"
0ff8a61a760d6836f469629b,zsre,v0_stable,1,103,300,RET-GS,300,300,82,0.27333333,0.27333333,complete,"{""ok"":300}"
0ff8a61a760d6836f469629b,zsre,v0_stable,1,103,300,LS,50,50,50,1,1,complete,"{""ok"":50}"
0ff8a61a760d6836f469629b,zsre,v0_stable,1,103,1000,ES,1000,1000,999,0.999,0.999,complete,"{""ok"":1000}"
0ff8a61a760d6836f469629b,zsre,v0_stable,1,103,1000,RET-ES,1000,1000,649,0.649,0.649,complete,"{""ok"":1000}"
0ff8a61a760d6836f469629b,zsre,v0_stable,1,103,1000,RET-GS,1000,1000,166,0.166,0.166,complete,"{""ok"":1000}"
0ff8a61a760d6836f469629b,zsre,v0_stable,1,103,1000,LS,50,50,43,0.86,0.86,complete,"{""ok"":50}"
40034291ac69439c82ae1fc3,zsre,v0_stable,1,104,100,ES,100,100,100,1,1,complete,"{""ok"":100}"
40034291ac69439c82ae1fc3,zsre,v0_stable,1,104,100,RET-ES,100,100,100,1,1,complete,"{""ok"":100}"
40034291ac69439c82ae1fc3,zsre,v0_stable,1,104,100,RET-GS,100,100,37,0.37,0.37,complete,"{""ok"":100}"
40034291ac69439c82ae1fc3,zsre,v0_stable,1,104,100,LS,50,50,50,1,1,complete,"{""ok"":50}"
40034291ac69439c82ae1fc3,zsre,v0_stable,1,104,300,ES,300,300,300,1,1,complete,"{""ok"":300}"
40034291ac69439c82ae1fc3,zsre,v0_stable,1,104,300,RET-ES,300,300,293,0.97666667,0.97666667,complete,"{""ok"":300}"
40034291ac69439c82ae1fc3,zsre,v0_stable,1,104,300,RET-GS,300,300,99,0.33,0.33,complete,"{""ok"":300}"
40034291ac69439c82ae1fc3,zsre,v0_stable,1,104,300,LS,50,50,43,0.86,0.86,complete,"{""ok"":50}"
40034291ac69439c82ae1fc3,zsre,v0_stable,1,104,1000,ES,1000,1000,1000,1,1,complete,"{""ok"":1000}"
40034291ac69439c82ae1fc3,zsre,v0_stable,1,104,1000,RET-ES,1000,1000,647,0.647,0.647,complete,"{""ok"":1000}"
40034291ac69439c82ae1fc3,zsre,v0_stable,1,104,1000,RET-GS,1000,1000,187,0.187,0.187,complete,"{""ok"":1000}"
40034291ac69439c82ae1fc3,zsre,v0_stable,1,104,1000,LS,50,50,48,0.96,0.96,complete,"{""ok"":50}"
6d8d11dbbbc7b736c6386bca,counterfact,v0_stable,1,100,100,ES,100,100,100,1,1,complete,"{""ok"":100}"
6d8d11dbbbc7b736c6386bca,counterfact,v0_stable,1,100,100,RET-ES,100,100,100,1,1,complete,"{""ok"":100}"
6d8d11dbbbc7b736c6386bca,counterfact,v0_stable,1,100,100,RET-GS,100,100,0,0,0,complete,"{""ok"":100}"
6d8d11dbbbc7b736c6386bca,counterfact,v0_stable,1,100,100,LS,50,50,50,1,1,complete,"{""ok"":50}"
6d8d11dbbbc7b736c6386bca,counterfact,v0_stable,1,100,300,ES,300,300,300,1,1,complete,"{""ok"":300}"
6d8d11dbbbc7b736c6386bca,counterfact,v0_stable,1,100,300,RET-ES,300,300,300,1,1,complete,"{""ok"":300}"
6d8d11dbbbc7b736c6386bca,counterfact,v0_stable,1,100,300,RET-GS,300,300,0,0,0,complete,"{""ok"":300}"
6d8d11dbbbc7b736c6386bca,counterfact,v0_stable,1,100,300,LS,50,50,50,1,1,complete,"{""ok"":50}"
6d8d11dbbbc7b736c6386bca,counterfact,v0_stable,1,100,1000,ES,1000,1000,1000,1,1,complete,"{""ok"":1000}"
6d8d11dbbbc7b736c6386bca,counterfact,v0_stable,1,100,1000,RET-ES,1000,1000,1000,1,1,complete,"{""ok"":1000}"
6d8d11dbbbc7b736c6386bca,counterfact,v0_stable,1,100,1000,RET-GS,1000,1000,0,0,0,complete,"{""ok"":1000}"
6d8d11dbbbc7b736c6386bca,counterfact,v0_stable,1,100,1000,LS,50,50,50,1,1,complete,"{""ok"":50}"
cefda69ce81ca1253435bac7,counterfact,v0_stable,1,101,100,ES,100,100,100,1,1,complete,"{""ok"":100}"
cefda69ce81ca1253435bac7,counterfact,v0_stable,1,101,100,RET-ES,100,100,100,1,1,complete,"{""ok"":100}"
cefda69ce81ca1253435bac7,counterfact,v0_stable,1,101,100,RET-GS,100,100,0,0,0,complete,"{""ok"":100}"
cefda69ce81ca1253435bac7,counterfact,v0_stable,1,101,100,LS,50,50,50,1,1,complete,"{""ok"":50}"
cefda69ce81ca1253435bac7,counterfact,v0_stable,1,101,300,ES,300,300,300,1,1,complete,"{""ok"":300}"
cefda69ce81ca1253435bac7,counterfact,v0_stable,1,101,300,RET-ES,300,300,300,1,1,complete,"{""ok"":300}"
cefda69ce81ca1253435bac7,counterfact,v0_stable,1,101,300,RET-GS,300,300,0,0,0,complete,"{""ok"":300}"
cefda69ce81ca1253435bac7,counterfact,v0_stable,1,101,300,LS,50,50,50,1,1,complete,"{""ok"":50}"
cefda69ce81ca1253435bac7,counterfact,v0_stable,1,101,1000,ES,1000,1000,1000,1,1,complete,"{""ok"":1000}"
cefda69ce81ca1253435bac7,counterfact,v0_stable,1,101,1000,RET-ES,1000,1000,1000,1,1,complete,"{""ok"":1000}"
cefda69ce81ca1253435bac7,counterfact,v0_stable,1,101,1000,RET-GS,1000,1000,0,0,0,complete,"{""ok"":1000}"
cefda69ce81ca1253435bac7,counterfact,v0_stable,1,101,1000,LS,50,50,50,1,1,complete,"{""ok"":50}"
e42cd6f9b5b86feb491512f6,counterfact,v0_stable,1,102,100,ES,100,100,100,1,1,complete,"{""ok"":100}"
e42cd6f9b5b86feb491512f6,counterfact,v0_stable,1,102,100,RET-ES,100,100,100,1,1,complete,"{""ok"":100}"
e42cd6f9b5b86feb491512f6,counterfact,v0_stable,1,102,100,RET-GS,100,100,0,0,0,complete,"{""ok"":100}"
e42cd6f9b5b86feb491512f6,counterfact,v0_stable,1,102,100,LS,50,50,50,1,1,complete,"{""ok"":50}"
e42cd6f9b5b86feb491512f6,counterfact,v0_stable,1,102,300,ES,300,300,300,1,1,complete,"{""ok"":300}"
e42cd6f9b5b86feb491512f6,counterfact,v0_stable,1,102,300,RET-ES,300,300,300,1,1,complete,"{""ok"":300}"
e42cd6f9b5b86feb491512f6,counterfact,v0_stable,1,102,300,RET-GS,300,300,0,0,0,complete,"{""ok"":300}"
e42cd6f9b5b86feb491512f6,counterfact,v0_stable,1,102,300,LS,50,50,50,1,1,complete,"{""ok"":50}"
e42cd6f9b5b86feb491512f6,counterfact,v0_stable,1,102,1000,ES,1000,1000,1000,1,1,complete,"{""ok"":1000}"
e42cd6f9b5b86feb491512f6,counterfact,v0_stable,1,102,1000,RET-ES,1000,1000,1000,1,1,complete,"{""ok"":1000}"
e42cd6f9b5b86feb491512f6,counterfact,v0_stable,1,102,1000,RET-GS,1000,1000,0,0,0,complete,"{""ok"":1000}"
e42cd6f9b5b86feb491512f6,counterfact,v0_stable,1,102,1000,LS,50,50,50,1,1,complete,"{""ok"":50}"
e0f2bb19e19594c972c0ef15,counterfact,v0_stable,1,103,100,ES,100,100,100,1,1,complete,"{""ok"":100}"
e0f2bb19e19594c972c0ef15,counterfact,v0_stable,1,103,100,RET-ES,100,100,100,1,1,complete,"{""ok"":100}"
e0f2bb19e19594c972c0ef15,counterfact,v0_stable,1,103,100,RET-GS,100,100,0,0,0,complete,"{""ok"":100}"
e0f2bb19e19594c972c0ef15,counterfact,v0_stable,1,103,100,LS,50,50,50,1,1,complete,"{""ok"":50}"
e0f2bb19e19594c972c0ef15,counterfact,v0_stable,1,103,300,ES,300,300,300,1,1,complete,"{""ok"":300}"
e0f2bb19e19594c972c0ef15,counterfact,v0_stable,1,103,300,RET-ES,300,300,300,1,1,complete,"{""ok"":300}"
e0f2bb19e19594c972c0ef15,counterfact,v0_stable,1,103,300,RET-GS,300,300,0,0,0,complete,"{""ok"":300}"
e0f2bb19e19594c972c0ef15,counterfact,v0_stable,1,103,300,LS,50,50,50,1,1,complete,"{""ok"":50}"
e0f2bb19e19594c972c0ef15,counterfact,v0_stable,1,103,1000,ES,1000,1000,1000,1,1,complete,"{""ok"":1000}"
e0f2bb19e19594c972c0ef15,counterfact,v0_stable,1,103,1000,RET-ES,1000,1000,1000,1,1,complete,"{""ok"":1000}"
e0f2bb19e19594c972c0ef15,counterfact,v0_stable,1,103,1000,RET-GS,1000,1000,0,0,0,complete,"{""ok"":1000}"
e0f2bb19e19594c972c0ef15,counterfact,v0_stable,1,103,1000,LS,50,50,50,1,1,complete,"{""ok"":50}"
0d4d946cb9ff28b7e6af3c4d,counterfact,v0_stable,1,104,100,ES,100,100,100,1,1,complete,"{""ok"":100}"
0d4d946cb9ff28b7e6af3c4d,counterfact,v0_stable,1,104,100,RET-ES,100,100,100,1,1,complete,"{""ok"":100}"
0d4d946cb9ff28b7e6af3c4d,counterfact,v0_stable,1,104,100,RET-GS,100,100,0,0,0,complete,"{""ok"":100}"
0d4d946cb9ff28b7e6af3c4d,counterfact,v0_stable,1,104,100,LS,50,50,50,1,1,complete,"{""ok"":50}"
0d4d946cb9ff28b7e6af3c4d,counterfact,v0_stable,1,104,300,ES,300,300,300,1,1,complete,"{""ok"":300}"
0d4d946cb9ff28b7e6af3c4d,counterfact,v0_stable,1,104,300,RET-ES,300,300,300,1,1,complete,"{""ok"":300}"
0d4d946cb9ff28b7e6af3c4d,counterfact,v0_stable,1,104,300,RET-GS,300,300,0,0,0,complete,"{""ok"":300}"
0d4d946cb9ff28b7e6af3c4d,counterfact,v0_stable,1,104,300,LS,50,50,50,1,1,complete,"{""ok"":50}"
0d4d946cb9ff28b7e6af3c4d,counterfact,v0_stable,1,104,1000,ES,1000,1000,1000,1,1,complete,"{""ok"":1000}"
0d4d946cb9ff28b7e6af3c4d,counterfact,v0_stable,1,104,1000,RET-ES,1000,1000,1000,1,1,complete,"{""ok"":1000}"
0d4d946cb9ff28b7e6af3c4d,counterfact,v0_stable,1,104,1000,RET-GS,1000,1000,0,0,0,complete,"{""ok"":1000}"
0d4d946cb9ff28b7e6af3c4d,counterfact,v0_stable,1,104,1000,LS,50,50,50,1,1,complete,"{""ok"":50}"
9179614db32d3fd8b437475b,mquake,v0_stable,1,100,100,ES,100,100,100,1,1,complete,"{""ok"":100}"
9179614db32d3fd8b437475b,mquake,v0_stable,1,100,100,RET-ES,100,100,100,1,1,complete,"{""ok"":100}"
9179614db32d3fd8b437475b,mquake,v0_stable,1,100,100,RET-GS,100,100,0,0,0,complete,"{""ok"":100}"
9179614db32d3fd8b437475b,mquake,v0_stable,1,100,100,LS,50,50,50,1,1,complete,"{""ok"":50}"
9179614db32d3fd8b437475b,mquake,v0_stable,1,100,300,ES,300,300,300,1,1,complete,"{""ok"":300}"
9179614db32d3fd8b437475b,mquake,v0_stable,1,100,300,RET-ES,300,300,300,1,1,complete,"{""ok"":300}"
9179614db32d3fd8b437475b,mquake,v0_stable,1,100,300,RET-GS,300,300,0,0,0,complete,"{""ok"":300}"
9179614db32d3fd8b437475b,mquake,v0_stable,1,100,300,LS,50,50,50,1,1,complete,"{""ok"":50}"
e146662ae0ab343921979246,mquake,v0_stable,1,101,100,ES,100,100,100,1,1,complete,"{""ok"":100}"
e146662ae0ab343921979246,mquake,v0_stable,1,101,100,RET-ES,100,100,100,1,1,complete,"{""ok"":100}"
e146662ae0ab343921979246,mquake,v0_stable,1,101,100,RET-GS,100,100,0,0,0,complete,"{""ok"":100}"
e146662ae0ab343921979246,mquake,v0_stable,1,101,100,LS,50,50,50,1,1,complete,"{""ok"":50}"
e146662ae0ab343921979246,mquake,v0_stable,1,101,300,ES,300,300,300,1,1,complete,"{""ok"":300}"
e146662ae0ab343921979246,mquake,v0_stable,1,101,300,RET-ES,300,300,300,1,1,complete,"{""ok"":300}"
e146662ae0ab343921979246,mquake,v0_stable,1,101,300,RET-GS,300,300,0,0,0,complete,"{""ok"":300}"
e146662ae0ab343921979246,mquake,v0_stable,1,101,300,LS,50,50,50,1,1,complete,"{""ok"":50}"
c770960b77b2d9f6304f1a34,mquake,v0_stable,1,102,100,ES,100,100,100,1,1,complete,"{""ok"":100}"
c770960b77b2d9f6304f1a34,mquake,v0_stable,1,102,100,RET-ES,100,100,100,1,1,complete,"{""ok"":100}"
c770960b77b2d9f6304f1a34,mquake,v0_stable,1,102,100,RET-GS,100,100,0,0,0,complete,"{""ok"":100}"
c770960b77b2d9f6304f1a34,mquake,v0_stable,1,102,100,LS,50,50,50,1,1,complete,"{""ok"":50}"
c770960b77b2d9f6304f1a34,mquake,v0_stable,1,102,300,ES,300,300,300,1,1,complete,"{""ok"":300}"
c770960b77b2d9f6304f1a34,mquake,v0_stable,1,102,300,RET-ES,300,300,300,1,1,complete,"{""ok"":300}"
c770960b77b2d9f6304f1a34,mquake,v0_stable,1,102,300,RET-GS,300,300,0,0,0,complete,"{""ok"":300}"
c770960b77b2d9f6304f1a34,mquake,v0_stable,1,102,300,LS,50,50,50,1,1,complete,"{""ok"":50}"
d49ef9c7980da822326bc6ac,mquake,v0_stable,1,103,100,ES,100,100,100,1,1,complete,"{""ok"":100}"
d49ef9c7980da822326bc6ac,mquake,v0_stable,1,103,100,RET-ES,100,100,100,1,1,complete,"{""ok"":100}"
d49ef9c7980da822326bc6ac,mquake,v0_stable,1,103,100,RET-GS,100,100,0,0,0,complete,"{""ok"":100}"
d49ef9c7980da822326bc6ac,mquake,v0_stable,1,103,100,LS,50,50,50,1,1,complete,"{""ok"":50}"
d49ef9c7980da822326bc6ac,mquake,v0_stable,1,103,300,ES,300,300,300,1,1,complete,"{""ok"":300}"
d49ef9c7980da822326bc6ac,mquake,v0_stable,1,103,300,RET-ES,300,300,300,1,1,complete,"{""ok"":300}"
d49ef9c7980da822326bc6ac,mquake,v0_stable,1,103,300,RET-GS,300,300,0,0,0,complete,"{""ok"":300}"
d49ef9c7980da822326bc6ac,mquake,v0_stable,1,103,300,LS,50,50,50,1,1,complete,"{""ok"":50}"
eef5c3dc3fc8291d75199816,mquake,v0_stable,1,104,100,ES,100,100,100,1,1,complete,"{""ok"":100}"
eef5c3dc3fc8291d75199816,mquake,v0_stable,1,104,100,RET-ES,100,100,100,1,1,complete,"{""ok"":100}"
eef5c3dc3fc8291d75199816,mquake,v0_stable,1,104,100,RET-GS,100,100,0,0,0,complete,"{""ok"":100}"
eef5c3dc3fc8291d75199816,mquake,v0_stable,1,104,100,LS,50,50,50,1,1,complete,"{""ok"":50}"
eef5c3dc3fc8291d75199816,mquake,v0_stable,1,104,300,ES,300,300,300,1,1,complete,"{""ok"":300}"
eef5c3dc3fc8291d75199816,mquake,v0_stable,1,104,300,RET-ES,300,300,300,1,1,complete,"{""ok"":300}"
eef5c3dc3fc8291d75199816,mquake,v0_stable,1,104,300,RET-GS,300,300,0,0,0,complete,"{""ok"":300}"
eef5c3dc3fc8291d75199816,mquake,v0_stable,1,104,300,LS,50,50,50,1,1,complete,"{""ok"":50}"
0417f598d89548e3200a3fe4,zsre,R1_learned_ff,2,100,100,ES,100,100,100,1,1,complete,"{""ok"":100}"
0417f598d89548e3200a3fe4,zsre,R1_learned_ff,2,100,100,RET-ES,100,100,100,1,1,complete,"{""ok"":100}"
0417f598d89548e3200a3fe4,zsre,R1_learned_ff,2,100,100,RET-GS,100,100,100,1,1,complete,"{""ok"":100}"
0417f598d89548e3200a3fe4,zsre,R1_learned_ff,2,100,100,LS,50,50,50,1,1,complete,"{""ok"":50}"
0417f598d89548e3200a3fe4,zsre,R1_learned_ff,2,100,300,ES,300,300,300,1,1,complete,"{""ok"":300}"
0417f598d89548e3200a3fe4,zsre,R1_learned_ff,2,100,300,RET-ES,300,300,300,1,1,complete,"{""ok"":300}"
0417f598d89548e3200a3fe4,zsre,R1_learned_ff,2,100,300,RET-GS,300,300,298,0.99333333,0.99333333,complete,"{""ok"":300}"
0417f598d89548e3200a3fe4,zsre,R1_learned_ff,2,100,300,LS,50,50,50,1,1,complete,"{""ok"":50}"
0417f598d89548e3200a3fe4,zsre,R1_learned_ff,2,100,1000,ES,1000,1000,997,0.997,0.997,complete,"{""ok"":1000}"
0417f598d89548e3200a3fe4,zsre,R1_learned_ff,2,100,1000,RET-ES,1000,1000,985,0.985,0.985,complete,"{""ok"":1000}"
0417f598d89548e3200a3fe4,zsre,R1_learned_ff,2,100,1000,RET-GS,1000,1000,961,0.961,0.961,complete,"{""ok"":1000}"
0417f598d89548e3200a3fe4,zsre,R1_learned_ff,2,100,1000,LS,50,50,50,1,1,complete,"{""ok"":50}"
12a9c0da62781d521da26cd5,zsre,R1_learned_ff,2,101,100,ES,100,100,100,1,1,complete,"{""ok"":100}"
12a9c0da62781d521da26cd5,zsre,R1_learned_ff,2,101,100,RET-ES,100,100,100,1,1,complete,"{""ok"":100}"
12a9c0da62781d521da26cd5,zsre,R1_learned_ff,2,101,100,RET-GS,100,100,99,0.99,0.99,complete,"{""ok"":100}"
12a9c0da62781d521da26cd5,zsre,R1_learned_ff,2,101,100,LS,50,50,50,1,1,complete,"{""ok"":50}"
12a9c0da62781d521da26cd5,zsre,R1_learned_ff,2,101,300,ES,300,300,300,1,1,complete,"{""ok"":300}"
12a9c0da62781d521da26cd5,zsre,R1_learned_ff,2,101,300,RET-ES,300,300,300,1,1,complete,"{""ok"":300}"
12a9c0da62781d521da26cd5,zsre,R1_learned_ff,2,101,300,RET-GS,300,300,295,0.98333333,0.98333333,complete,"{""ok"":300}"
12a9c0da62781d521da26cd5,zsre,R1_learned_ff,2,101,300,LS,50,50,50,1,1,complete,"{""ok"":50}"
12a9c0da62781d521da26cd5,zsre,R1_learned_ff,2,101,1000,ES,1000,1000,992,0.992,0.992,complete,"{""ok"":1000}"
12a9c0da62781d521da26cd5,zsre,R1_learned_ff,2,101,1000,RET-ES,1000,1000,985,0.985,0.985,complete,"{""ok"":1000}"
12a9c0da62781d521da26cd5,zsre,R1_learned_ff,2,101,1000,RET-GS,1000,1000,961,0.961,0.961,complete,"{""ok"":1000}"
12a9c0da62781d521da26cd5,zsre,R1_learned_ff,2,101,1000,LS,50,50,50,1,1,complete,"{""ok"":50}"
c2a67190edb39398491bd651,zsre,R1_learned_ff,2,102,100,ES,100,100,100,1,1,complete,"{""ok"":100}"
c2a67190edb39398491bd651,zsre,R1_learned_ff,2,102,100,RET-ES,100,100,100,1,1,complete,"{""ok"":100}"
c2a67190edb39398491bd651,zsre,R1_learned_ff,2,102,100,RET-GS,100,100,99,0.99,0.99,complete,"{""ok"":100}"
c2a67190edb39398491bd651,zsre,R1_learned_ff,2,102,100,LS,50,50,50,1,1,complete,"{""ok"":50}"
c2a67190edb39398491bd651,zsre,R1_learned_ff,2,102,300,ES,300,300,300,1,1,complete,"{""ok"":300}"
c2a67190edb39398491bd651,zsre,R1_learned_ff,2,102,300,RET-ES,300,300,300,1,1,complete,"{""ok"":300}"
c2a67190edb39398491bd651,zsre,R1_learned_ff,2,102,300,RET-GS,300,300,295,0.98333333,0.98333333,complete,"{""ok"":300}"
c2a67190edb39398491bd651,zsre,R1_learned_ff,2,102,300,LS,50,50,50,1,1,complete,"{""ok"":50}"
c2a67190edb39398491bd651,zsre,R1_learned_ff,2,102,1000,ES,1000,1000,995,0.995,0.995,complete,"{""ok"":1000}"
c2a67190edb39398491bd651,zsre,R1_learned_ff,2,102,1000,RET-ES,1000,1000,985,0.985,0.985,complete,"{""ok"":1000}"
c2a67190edb39398491bd651,zsre,R1_learned_ff,2,102,1000,RET-GS,1000,1000,961,0.961,0.961,complete,"{""ok"":1000}"
c2a67190edb39398491bd651,zsre,R1_learned_ff,2,102,1000,LS,50,50,50,1,1,complete,"{""ok"":50}"
58cc3599099d7ab60e5d1413,zsre,R1_learned_ff,2,103,100,ES,100,100,100,1,1,complete,"{""ok"":100}"
58cc3599099d7ab60e5d1413,zsre,R1_learned_ff,2,103,100,RET-ES,100,100,100,1,1,complete,"{""ok"":100}"
58cc3599099d7ab60e5d1413,zsre,R1_learned_ff,2,103,100,RET-GS,100,100,99,0.99,0.99,complete,"{""ok"":100}"
58cc3599099d7ab60e5d1413,zsre,R1_learned_ff,2,103,100,LS,50,50,50,1,1,complete,"{""ok"":50}"
58cc3599099d7ab60e5d1413,zsre,R1_learned_ff,2,103,300,ES,300,300,300,1,1,complete,"{""ok"":300}"
58cc3599099d7ab60e5d1413,zsre,R1_learned_ff,2,103,300,RET-ES,300,300,300,1,1,complete,"{""ok"":300}"
58cc3599099d7ab60e5d1413,zsre,R1_learned_ff,2,103,300,RET-GS,300,300,296,0.98666667,0.98666667,complete,"{""ok"":300}"
58cc3599099d7ab60e5d1413,zsre,R1_learned_ff,2,103,300,LS,50,50,50,1,1,complete,"{""ok"":50}"
58cc3599099d7ab60e5d1413,zsre,R1_learned_ff,2,103,1000,ES,1000,1000,994,0.994,0.994,complete,"{""ok"":1000}"
58cc3599099d7ab60e5d1413,zsre,R1_learned_ff,2,103,1000,RET-ES,1000,1000,985,0.985,0.985,complete,"{""ok"":1000}"
58cc3599099d7ab60e5d1413,zsre,R1_learned_ff,2,103,1000,RET-GS,1000,1000,961,0.961,0.961,complete,"{""ok"":1000}"
58cc3599099d7ab60e5d1413,zsre,R1_learned_ff,2,103,1000,LS,50,50,50,1,1,complete,"{""ok"":50}"
4206e18c23b43bb312e045e6,zsre,R1_learned_ff,2,104,100,ES,100,100,100,1,1,complete,"{""ok"":100}"
4206e18c23b43bb312e045e6,zsre,R1_learned_ff,2,104,100,RET-ES,100,100,100,1,1,complete,"{""ok"":100}"
4206e18c23b43bb312e045e6,zsre,R1_learned_ff,2,104,100,RET-GS,100,100,98,0.98,0.98,complete,"{""ok"":100}"
4206e18c23b43bb312e045e6,zsre,R1_learned_ff,2,104,100,LS,50,50,50,1,1,complete,"{""ok"":50}"
4206e18c23b43bb312e045e6,zsre,R1_learned_ff,2,104,300,ES,300,300,300,1,1,complete,"{""ok"":300}"
4206e18c23b43bb312e045e6,zsre,R1_learned_ff,2,104,300,RET-ES,300,300,300,1,1,complete,"{""ok"":300}"
4206e18c23b43bb312e045e6,zsre,R1_learned_ff,2,104,300,RET-GS,300,300,290,0.96666667,0.96666667,complete,"{""ok"":300}"
4206e18c23b43bb312e045e6,zsre,R1_learned_ff,2,104,300,LS,50,50,50,1,1,complete,"{""ok"":50}"
4206e18c23b43bb312e045e6,zsre,R1_learned_ff,2,104,1000,ES,1000,1000,996,0.996,0.996,complete,"{""ok"":1000}"
4206e18c23b43bb312e045e6,zsre,R1_learned_ff,2,104,1000,RET-ES,1000,1000,985,0.985,0.985,complete,"{""ok"":1000}"
4206e18c23b43bb312e045e6,zsre,R1_learned_ff,2,104,1000,RET-GS,1000,1000,961,0.961,0.961,complete,"{""ok"":1000}"
4206e18c23b43bb312e045e6,zsre,R1_learned_ff,2,104,1000,LS,50,50,50,1,1,complete,"{""ok"":50}"
fa46e16c8436f7ea4a5c3f06,counterfact,R1_learned_ff,2,100,100,ES,100,100,100,1,1,complete,"{""ok"":100}"
fa46e16c8436f7ea4a5c3f06,counterfact,R1_learned_ff,2,100,100,RET-ES,100,100,100,1,1,complete,"{""ok"":100}"
fa46e16c8436f7ea4a5c3f06,counterfact,R1_learned_ff,2,100,100,RET-GS,100,100,86.5,0.865,0.865,complete,"{""ok"":100}"
fa46e16c8436f7ea4a5c3f06,counterfact,R1_learned_ff,2,100,100,LS,50,50,50,1,1,complete,"{""ok"":50}"
fa46e16c8436f7ea4a5c3f06,counterfact,R1_learned_ff,2,100,300,ES,300,300,300,1,1,complete,"{""ok"":300}"
fa46e16c8436f7ea4a5c3f06,counterfact,R1_learned_ff,2,100,300,RET-ES,300,300,300,1,1,complete,"{""ok"":300}"
fa46e16c8436f7ea4a5c3f06,counterfact,R1_learned_ff,2,100,300,RET-GS,300,300,238.5,0.795,0.795,complete,"{""ok"":300}"
fa46e16c8436f7ea4a5c3f06,counterfact,R1_learned_ff,2,100,300,LS,50,50,50,1,1,complete,"{""ok"":50}"
fa46e16c8436f7ea4a5c3f06,counterfact,R1_learned_ff,2,100,1000,ES,1000,1000,993,0.993,0.993,complete,"{""ok"":1000}"
fa46e16c8436f7ea4a5c3f06,counterfact,R1_learned_ff,2,100,1000,RET-ES,1000,1000,976,0.976,0.976,complete,"{""ok"":1000}"
fa46e16c8436f7ea4a5c3f06,counterfact,R1_learned_ff,2,100,1000,RET-GS,1000,1000,676.5,0.6765,0.6765,complete,"{""ok"":1000}"
fa46e16c8436f7ea4a5c3f06,counterfact,R1_learned_ff,2,100,1000,LS,50,50,48,0.96,0.96,complete,"{""ok"":50}"
162686f6303fe986619d236d,counterfact,R1_learned_ff,2,101,100,ES,100,100,100,1,1,complete,"{""ok"":100}"
162686f6303fe986619d236d,counterfact,R1_learned_ff,2,101,100,RET-ES,100,100,100,1,1,complete,"{""ok"":100}"
162686f6303fe986619d236d,counterfact,R1_learned_ff,2,101,100,RET-GS,100,100,75,0.75,0.75,complete,"{""ok"":100}"
162686f6303fe986619d236d,counterfact,R1_learned_ff,2,101,100,LS,50,50,50,1,1,complete,"{""ok"":50}"
162686f6303fe986619d236d,counterfact,R1_learned_ff,2,101,300,ES,300,300,300,1,1,complete,"{""ok"":300}"
162686f6303fe986619d236d,counterfact,R1_learned_ff,2,101,300,RET-ES,300,300,300,1,1,complete,"{""ok"":300}"
162686f6303fe986619d236d,counterfact,R1_learned_ff,2,101,300,RET-GS,300,300,221.5,0.73833333,0.73833333,complete,"{""ok"":300}"
162686f6303fe986619d236d,counterfact,R1_learned_ff,2,101,300,LS,50,50,49,0.98,0.98,complete,"{""ok"":50}"
162686f6303fe986619d236d,counterfact,R1_learned_ff,2,101,1000,ES,1000,1000,990,0.99,0.99,complete,"{""ok"":1000}"
162686f6303fe986619d236d,counterfact,R1_learned_ff,2,101,1000,RET-ES,1000,1000,976,0.976,0.976,complete,"{""ok"":1000}"
162686f6303fe986619d236d,counterfact,R1_learned_ff,2,101,1000,RET-GS,1000,1000,676.5,0.6765,0.6765,complete,"{""ok"":1000}"
162686f6303fe986619d236d,counterfact,R1_learned_ff,2,101,1000,LS,50,50,48,0.96,0.96,complete,"{""ok"":50}"
029ecd260f3e085063714d3f,counterfact,R1_learned_ff,2,102,100,ES,100,100,100,1,1,complete,"{""ok"":100}"
029ecd260f3e085063714d3f,counterfact,R1_learned_ff,2,102,100,RET-ES,100,100,100,1,1,complete,"{""ok"":100}"
029ecd260f3e085063714d3f,counterfact,R1_learned_ff,2,102,100,RET-GS,100,100,80.5,0.805,0.805,complete,"{""ok"":100}"
029ecd260f3e085063714d3f,counterfact,R1_learned_ff,2,102,100,LS,50,50,50,1,1,complete,"{""ok"":50}"
029ecd260f3e085063714d3f,counterfact,R1_learned_ff,2,102,300,ES,300,300,300,1,1,complete,"{""ok"":300}"
029ecd260f3e085063714d3f,counterfact,R1_learned_ff,2,102,300,RET-ES,300,300,300,1,1,complete,"{""ok"":300}"
029ecd260f3e085063714d3f,counterfact,R1_learned_ff,2,102,300,RET-GS,300,300,226.5,0.755,0.755,complete,"{""ok"":300}"
029ecd260f3e085063714d3f,counterfact,R1_learned_ff,2,102,300,LS,50,50,49,0.98,0.98,complete,"{""ok"":50}"
029ecd260f3e085063714d3f,counterfact,R1_learned_ff,2,102,1000,ES,1000,1000,994,0.994,0.994,complete,"{""ok"":1000}"
029ecd260f3e085063714d3f,counterfact,R1_learned_ff,2,102,1000,RET-ES,1000,1000,976,0.976,0.976,complete,"{""ok"":1000}"
029ecd260f3e085063714d3f,counterfact,R1_learned_ff,2,102,1000,RET-GS,1000,1000,676.5,0.6765,0.6765,complete,"{""ok"":1000}"
029ecd260f3e085063714d3f,counterfact,R1_learned_ff,2,102,1000,LS,50,50,48,0.96,0.96,complete,"{""ok"":50}"
7197775fb7f97a465fd3310e,counterfact,R1_learned_ff,2,103,100,ES,100,100,100,1,1,complete,"{""ok"":100}"
7197775fb7f97a465fd3310e,counterfact,R1_learned_ff,2,103,100,RET-ES,100,100,100,1,1,complete,"{""ok"":100}"
7197775fb7f97a465fd3310e,counterfact,R1_learned_ff,2,103,100,RET-GS,100,100,74,0.74,0.74,complete,"{""ok"":100}"
7197775fb7f97a465fd3310e,counterfact,R1_learned_ff,2,103,100,LS,50,50,50,1,1,complete,"{""ok"":50}"
7197775fb7f97a465fd3310e,counterfact,R1_learned_ff,2,103,300,ES,300,300,300,1,1,complete,"{""ok"":300}"
7197775fb7f97a465fd3310e,counterfact,R1_learned_ff,2,103,300,RET-ES,300,300,300,1,1,complete,"{""ok"":300}"
7197775fb7f97a465fd3310e,counterfact,R1_learned_ff,2,103,300,RET-GS,300,300,220,0.73333333,0.73333333,complete,"{""ok"":300}"
7197775fb7f97a465fd3310e,counterfact,R1_learned_ff,2,103,300,LS,50,50,50,1,1,complete,"{""ok"":50}"
7197775fb7f97a465fd3310e,counterfact,R1_learned_ff,2,103,1000,ES,1000,1000,996,0.996,0.996,complete,"{""ok"":1000}"
7197775fb7f97a465fd3310e,counterfact,R1_learned_ff,2,103,1000,RET-ES,1000,1000,976,0.976,0.976,complete,"{""ok"":1000}"
7197775fb7f97a465fd3310e,counterfact,R1_learned_ff,2,103,1000,RET-GS,1000,1000,676.5,0.6765,0.6765,complete,"{""ok"":1000}"
7197775fb7f97a465fd3310e,counterfact,R1_learned_ff,2,103,1000,LS,50,50,48,0.96,0.96,complete,"{""ok"":50}"
6de7e97b6cb167d048dc31ba,counterfact,R1_learned_ff,2,104,100,ES,100,100,100,1,1,complete,"{""ok"":100}"
6de7e97b6cb167d048dc31ba,counterfact,R1_learned_ff,2,104,100,RET-ES,100,100,100,1,1,complete,"{""ok"":100}"
6de7e97b6cb167d048dc31ba,counterfact,R1_learned_ff,2,104,100,RET-GS,100,100,78.5,0.785,0.785,complete,"{""ok"":100}"
6de7e97b6cb167d048dc31ba,counterfact,R1_learned_ff,2,104,100,LS,50,50,49,0.98,0.98,complete,"{""ok"":50}"
6de7e97b6cb167d048dc31ba,counterfact,R1_learned_ff,2,104,300,ES,300,300,300,1,1,complete,"{""ok"":300}"
6de7e97b6cb167d048dc31ba,counterfact,R1_learned_ff,2,104,300,RET-ES,300,300,300,1,1,complete,"{""ok"":300}"
6de7e97b6cb167d048dc31ba,counterfact,R1_learned_ff,2,104,300,RET-GS,300,300,219,0.73,0.73,complete,"{""ok"":300}"
6de7e97b6cb167d048dc31ba,counterfact,R1_learned_ff,2,104,300,LS,50,50,49,0.98,0.98,complete,"{""ok"":50}"
6de7e97b6cb167d048dc31ba,counterfact,R1_learned_ff,2,104,1000,ES,1000,1000,996,0.996,0.996,complete,"{""ok"":1000}"
6de7e97b6cb167d048dc31ba,counterfact,R1_learned_ff,2,104,1000,RET-ES,1000,1000,976,0.976,0.976,complete,"{""ok"":1000}"
6de7e97b6cb167d048dc31ba,counterfact,R1_learned_ff,2,104,1000,RET-GS,1000,1000,676.5,0.6765,0.6765,complete,"{""ok"":1000}"
6de7e97b6cb167d048dc31ba,counterfact,R1_learned_ff,2,104,1000,LS,50,50,48,0.96,0.96,complete,"{""ok"":50}"
fcd702d12d5d6bfae824379b,mquake,R1_learned_ff,2,100,100,ES,100,100,100,1,1,complete,"{""ok"":100}"
fcd702d12d5d6bfae824379b,mquake,R1_learned_ff,2,100,100,RET-ES,100,100,100,1,1,complete,"{""ok"":100}"
fcd702d12d5d6bfae824379b,mquake,R1_learned_ff,2,100,100,RET-GS,100,100,72,0.72,0.72,complete,"{""ok"":100}"
fcd702d12d5d6bfae824379b,mquake,R1_learned_ff,2,100,100,LS,50,50,50,1,1,complete,"{""ok"":50}"
fcd702d12d5d6bfae824379b,mquake,R1_learned_ff,2,100,300,ES,300,300,300,1,1,complete,"{""ok"":300}"
fcd702d12d5d6bfae824379b,mquake,R1_learned_ff,2,100,300,RET-ES,300,300,299,0.99666667,0.99666667,complete,"{""ok"":300}"
fcd702d12d5d6bfae824379b,mquake,R1_learned_ff,2,100,300,RET-GS,300,300,216,0.72,0.72,complete,"{""ok"":300}"
fcd702d12d5d6bfae824379b,mquake,R1_learned_ff,2,100,300,LS,50,50,50,1,1,complete,"{""ok"":50}"
9a1d038b95f534b43185c7fc,mquake,R1_learned_ff,2,101,100,ES,100,100,100,1,1,complete,"{""ok"":100}"
9a1d038b95f534b43185c7fc,mquake,R1_learned_ff,2,101,100,RET-ES,100,100,100,1,1,complete,"{""ok"":100}"
9a1d038b95f534b43185c7fc,mquake,R1_learned_ff,2,101,100,RET-GS,100,100,67,0.67,0.67,complete,"{""ok"":100}"
9a1d038b95f534b43185c7fc,mquake,R1_learned_ff,2,101,100,LS,50,50,50,1,1,complete,"{""ok"":50}"
9a1d038b95f534b43185c7fc,mquake,R1_learned_ff,2,101,300,ES,300,300,300,1,1,complete,"{""ok"":300}"
9a1d038b95f534b43185c7fc,mquake,R1_learned_ff,2,101,300,RET-ES,300,300,299,0.99666667,0.99666667,complete,"{""ok"":300}"
9a1d038b95f534b43185c7fc,mquake,R1_learned_ff,2,101,300,RET-GS,300,300,216,0.72,0.72,complete,"{""ok"":300}"
9a1d038b95f534b43185c7fc,mquake,R1_learned_ff,2,101,300,LS,50,50,50,1,1,complete,"{""ok"":50}"
dfc9c9b480e482911c457e07,mquake,R1_learned_ff,2,102,100,ES,100,100,100,1,1,complete,"{""ok"":100}"
dfc9c9b480e482911c457e07,mquake,R1_learned_ff,2,102,100,RET-ES,100,100,100,1,1,complete,"{""ok"":100}"
dfc9c9b480e482911c457e07,mquake,R1_learned_ff,2,102,100,RET-GS,100,100,73,0.73,0.73,complete,"{""ok"":100}"
dfc9c9b480e482911c457e07,mquake,R1_learned_ff,2,102,100,LS,50,50,50,1,1,complete,"{""ok"":50}"
dfc9c9b480e482911c457e07,mquake,R1_learned_ff,2,102,300,ES,300,300,300,1,1,complete,"{""ok"":300}"
dfc9c9b480e482911c457e07,mquake,R1_learned_ff,2,102,300,RET-ES,300,300,299,0.99666667,0.99666667,complete,"{""ok"":300}"
dfc9c9b480e482911c457e07,mquake,R1_learned_ff,2,102,300,RET-GS,300,300,216,0.72,0.72,complete,"{""ok"":300}"
dfc9c9b480e482911c457e07,mquake,R1_learned_ff,2,102,300,LS,50,50,50,1,1,complete,"{""ok"":50}"
34fce88c919bcae6410e4d94,mquake,R1_learned_ff,2,103,100,ES,100,100,100,1,1,complete,"{""ok"":100}"
34fce88c919bcae6410e4d94,mquake,R1_learned_ff,2,103,100,RET-ES,100,100,100,1,1,complete,"{""ok"":100}"
34fce88c919bcae6410e4d94,mquake,R1_learned_ff,2,103,100,RET-GS,100,100,72,0.72,0.72,complete,"{""ok"":100}"
34fce88c919bcae6410e4d94,mquake,R1_learned_ff,2,103,100,LS,50,50,50,1,1,complete,"{""ok"":50}"
34fce88c919bcae6410e4d94,mquake,R1_learned_ff,2,103,300,ES,300,300,300,1,1,complete,"{""ok"":300}"
34fce88c919bcae6410e4d94,mquake,R1_learned_ff,2,103,300,RET-ES,300,300,299,0.99666667,0.99666667,complete,"{""ok"":300}"
34fce88c919bcae6410e4d94,mquake,R1_learned_ff,2,103,300,RET-GS,300,300,216,0.72,0.72,complete,"{""ok"":300}"
34fce88c919bcae6410e4d94,mquake,R1_learned_ff,2,103,300,LS,50,50,50,1,1,complete,"{""ok"":50}"
7a39ae192fb0b1038c651f64,mquake,R1_learned_ff,2,104,100,ES,100,100,100,1,1,complete,"{""ok"":100}"
7a39ae192fb0b1038c651f64,mquake,R1_learned_ff,2,104,100,RET-ES,100,100,100,1,1,complete,"{""ok"":100}"
7a39ae192fb0b1038c651f64,mquake,R1_learned_ff,2,104,100,RET-GS,100,100,70,0.7,0.7,complete,"{""ok"":100}"
7a39ae192fb0b1038c651f64,mquake,R1_learned_ff,2,104,100,LS,50,50,50,1,1,complete,"{""ok"":50}"
7a39ae192fb0b1038c651f64,mquake,R1_learned_ff,2,104,300,ES,300,300,300,1,1,complete,"{""ok"":300}"
7a39ae192fb0b1038c651f64,mquake,R1_learned_ff,2,104,300,RET-ES,300,300,299,0.99666667,0.99666667,complete,"{""ok"":300}"
7a39ae192fb0b1038c651f64,mquake,R1_learned_ff,2,104,300,RET-GS,300,300,216,0.72,0.72,complete,"{""ok"":300}"
7a39ae192fb0b1038c651f64,mquake,R1_learned_ff,2,104,300,LS,50,50,50,1,1,complete,"{""ok"":50}"
13465e8d0dc3824fced8e891,zsre,R1_nonlearned,2,100,100,ES,100,100,100,1,1,complete,"{""ok"":100}"
13465e8d0dc3824fced8e891,zsre,R1_nonlearned,2,100,100,RET-ES,100,100,100,1,1,complete,"{""ok"":100}"
13465e8d0dc3824fced8e891,zsre,R1_nonlearned,2,100,100,RET-GS,100,100,69,0.69,0.69,complete,"{""ok"":100}"
13465e8d0dc3824fced8e891,zsre,R1_nonlearned,2,100,100,LS,50,50,50,1,1,complete,"{""ok"":50}"
13465e8d0dc3824fced8e891,zsre,R1_nonlearned,2,100,300,ES,300,300,300,1,1,complete,"{""ok"":300}"
13465e8d0dc3824fced8e891,zsre,R1_nonlearned,2,100,300,RET-ES,300,300,300,1,1,complete,"{""ok"":300}"
13465e8d0dc3824fced8e891,zsre,R1_nonlearned,2,100,300,RET-GS,300,300,185,0.61666667,0.61666667,complete,"{""ok"":300}"
13465e8d0dc3824fced8e891,zsre,R1_nonlearned,2,100,300,LS,50,50,50,1,1,complete,"{""ok"":50}"
13465e8d0dc3824fced8e891,zsre,R1_nonlearned,2,100,1000,ES,1000,1000,1000,1,1,complete,"{""ok"":1000}"
13465e8d0dc3824fced8e891,zsre,R1_nonlearned,2,100,1000,RET-ES,1000,1000,1000,1,1,complete,"{""ok"":1000}"
13465e8d0dc3824fced8e891,zsre,R1_nonlearned,2,100,1000,RET-GS,1000,1000,540,0.54,0.54,complete,"{""ok"":1000}"
13465e8d0dc3824fced8e891,zsre,R1_nonlearned,2,100,1000,LS,50,50,50,1,1,complete,"{""ok"":50}"
24840672cf1682dd450fdcd2,zsre,R1_nonlearned,2,101,100,ES,100,100,100,1,1,complete,"{""ok"":100}"
24840672cf1682dd450fdcd2,zsre,R1_nonlearned,2,101,100,RET-ES,100,100,100,1,1,complete,"{""ok"":100}"
24840672cf1682dd450fdcd2,zsre,R1_nonlearned,2,101,100,RET-GS,100,100,72,0.72,0.72,complete,"{""ok"":100}"
24840672cf1682dd450fdcd2,zsre,R1_nonlearned,2,101,100,LS,50,50,50,1,1,complete,"{""ok"":50}"
24840672cf1682dd450fdcd2,zsre,R1_nonlearned,2,101,300,ES,300,300,300,1,1,complete,"{""ok"":300}"
24840672cf1682dd450fdcd2,zsre,R1_nonlearned,2,101,300,RET-ES,300,300,300,1,1,complete,"{""ok"":300}"
24840672cf1682dd450fdcd2,zsre,R1_nonlearned,2,101,300,RET-GS,300,300,174,0.58,0.58,complete,"{""ok"":300}"
24840672cf1682dd450fdcd2,zsre,R1_nonlearned,2,101,300,LS,50,50,50,1,1,complete,"{""ok"":50}"
24840672cf1682dd450fdcd2,zsre,R1_nonlearned,2,101,1000,ES,1000,1000,1000,1,1,complete,"{""ok"":1000}"
24840672cf1682dd450fdcd2,zsre,R1_nonlearned,2,101,1000,RET-ES,1000,1000,1000,1,1,complete,"{""ok"":1000}"
24840672cf1682dd450fdcd2,zsre,R1_nonlearned,2,101,1000,RET-GS,1000,1000,540,0.54,0.54,complete,"{""ok"":1000}"
24840672cf1682dd450fdcd2,zsre,R1_nonlearned,2,101,1000,LS,50,50,50,1,1,complete,"{""ok"":50}"
12a6e3e550a7939c6d79349d,zsre,R1_nonlearned,2,102,100,ES,100,100,100,1,1,complete,"{""ok"":100}"
12a6e3e550a7939c6d79349d,zsre,R1_nonlearned,2,102,100,RET-ES,100,100,100,1,1,complete,"{""ok"":100}"
12a6e3e550a7939c6d79349d,zsre,R1_nonlearned,2,102,100,RET-GS,100,100,65,0.65,0.65,complete,"{""ok"":100}"
12a6e3e550a7939c6d79349d,zsre,R1_nonlearned,2,102,100,LS,50,50,50,1,1,complete,"{""ok"":50}"
12a6e3e550a7939c6d79349d,zsre,R1_nonlearned,2,102,300,ES,300,300,300,1,1,complete,"{""ok"":300}"
12a6e3e550a7939c6d79349d,zsre,R1_nonlearned,2,102,300,RET-ES,300,300,300,1,1,complete,"{""ok"":300}"
12a6e3e550a7939c6d79349d,zsre,R1_nonlearned,2,102,300,RET-GS,300,300,192,0.64,0.64,complete,"{""ok"":300}"
12a6e3e550a7939c6d79349d,zsre,R1_nonlearned,2,102,300,LS,50,50,50,1,1,complete,"{""ok"":50}"
12a6e3e550a7939c6d79349d,zsre,R1_nonlearned,2,102,1000,ES,1000,1000,1000,1,1,complete,"{""ok"":1000}"
12a6e3e550a7939c6d79349d,zsre,R1_nonlearned,2,102,1000,RET-ES,1000,1000,1000,1,1,complete,"{""ok"":1000}"
12a6e3e550a7939c6d79349d,zsre,R1_nonlearned,2,102,1000,RET-GS,1000,1000,540,0.54,0.54,complete,"{""ok"":1000}"
12a6e3e550a7939c6d79349d,zsre,R1_nonlearned,2,102,1000,LS,50,50,50,1,1,complete,"{""ok"":50}"
fa5b51891eb78dc707e6471f,zsre,R1_nonlearned,2,103,100,ES,100,100,100,1,1,complete,"{""ok"":100}"
fa5b51891eb78dc707e6471f,zsre,R1_nonlearned,2,103,100,RET-ES,100,100,100,1,1,complete,"{""ok"":100}"
fa5b51891eb78dc707e6471f,zsre,R1_nonlearned,2,103,100,RET-GS,100,100,66,0.66,0.66,complete,"{""ok"":100}"
fa5b51891eb78dc707e6471f,zsre,R1_nonlearned,2,103,100,LS,50,50,50,1,1,complete,"{""ok"":50}"
fa5b51891eb78dc707e6471f,zsre,R1_nonlearned,2,103,300,ES,300,300,300,1,1,complete,"{""ok"":300}"
fa5b51891eb78dc707e6471f,zsre,R1_nonlearned,2,103,300,RET-ES,300,300,300,1,1,complete,"{""ok"":300}"
fa5b51891eb78dc707e6471f,zsre,R1_nonlearned,2,103,300,RET-GS,300,300,176,0.58666667,0.58666667,complete,"{""ok"":300}"
fa5b51891eb78dc707e6471f,zsre,R1_nonlearned,2,103,300,LS,50,50,50,1,1,complete,"{""ok"":50}"
fa5b51891eb78dc707e6471f,zsre,R1_nonlearned,2,103,1000,ES,1000,1000,1000,1,1,complete,"{""ok"":1000}"
fa5b51891eb78dc707e6471f,zsre,R1_nonlearned,2,103,1000,RET-ES,1000,1000,1000,1,1,complete,"{""ok"":1000}"
fa5b51891eb78dc707e6471f,zsre,R1_nonlearned,2,103,1000,RET-GS,1000,1000,540,0.54,0.54,complete,"{""ok"":1000}"
fa5b51891eb78dc707e6471f,zsre,R1_nonlearned,2,103,1000,LS,50,50,50,1,1,complete,"{""ok"":50}"
861810fbdd6ebe7502383382,zsre,R1_nonlearned,2,104,100,ES,100,100,100,1,1,complete,"{""ok"":100}"
861810fbdd6ebe7502383382,zsre,R1_nonlearned,2,104,100,RET-ES,100,100,100,1,1,complete,"{""ok"":100}"
861810fbdd6ebe7502383382,zsre,R1_nonlearned,2,104,100,RET-GS,100,100,68,0.68,0.68,complete,"{""ok"":100}"
861810fbdd6ebe7502383382,zsre,R1_nonlearned,2,104,100,LS,50,50,50,1,1,complete,"{""ok"":50}"
861810fbdd6ebe7502383382,zsre,R1_nonlearned,2,104,300,ES,300,300,300,1,1,complete,"{""ok"":300}"
861810fbdd6ebe7502383382,zsre,R1_nonlearned,2,104,300,RET-ES,300,300,300,1,1,complete,"{""ok"":300}"
861810fbdd6ebe7502383382,zsre,R1_nonlearned,2,104,300,RET-GS,300,300,184,0.61333333,0.61333333,complete,"{""ok"":300}"
861810fbdd6ebe7502383382,zsre,R1_nonlearned,2,104,300,LS,50,50,50,1,1,complete,"{""ok"":50}"
861810fbdd6ebe7502383382,zsre,R1_nonlearned,2,104,1000,ES,1000,1000,1000,1,1,complete,"{""ok"":1000}"
861810fbdd6ebe7502383382,zsre,R1_nonlearned,2,104,1000,RET-ES,1000,1000,1000,1,1,complete,"{""ok"":1000}"
861810fbdd6ebe7502383382,zsre,R1_nonlearned,2,104,1000,RET-GS,1000,1000,540,0.54,0.54,complete,"{""ok"":1000}"
861810fbdd6ebe7502383382,zsre,R1_nonlearned,2,104,1000,LS,50,50,50,1,1,complete,"{""ok"":50}"
6ed2474713b3a311b4ec6b08,counterfact,R1_nonlearned,2,100,100,ES,100,100,100,1,1,complete,"{""ok"":100}"
6ed2474713b3a311b4ec6b08,counterfact,R1_nonlearned,2,100,100,RET-ES,100,100,100,1,1,complete,"{""ok"":100}"
6ed2474713b3a311b4ec6b08,counterfact,R1_nonlearned,2,100,100,RET-GS,100,100,20.5,0.205,0.205,complete,"{""ok"":100}"
6ed2474713b3a311b4ec6b08,counterfact,R1_nonlearned,2,100,100,LS,50,50,9,0.18,0.18,complete,"{""ok"":50}"
6ed2474713b3a311b4ec6b08,counterfact,R1_nonlearned,2,100,300,ES,300,300,300,1,1,complete,"{""ok"":300}"
6ed2474713b3a311b4ec6b08,counterfact,R1_nonlearned,2,100,300,RET-ES,300,300,300,1,1,complete,"{""ok"":300}"
6ed2474713b3a311b4ec6b08,counterfact,R1_nonlearned,2,100,300,RET-GS,300,300,46.5,0.155,0.155,complete,"{""ok"":300}"
6ed2474713b3a311b4ec6b08,counterfact,R1_nonlearned,2,100,300,LS,50,50,0,0,0,complete,"{""ok"":50}"
6ed2474713b3a311b4ec6b08,counterfact,R1_nonlearned,2,100,1000,ES,1000,1000,1000,1,1,complete,"{""ok"":1000}"
6ed2474713b3a311b4ec6b08,counterfact,R1_nonlearned,2,100,1000,RET-ES,1000,1000,1000,1,1,complete,"{""ok"":1000}"
6ed2474713b3a311b4ec6b08,counterfact,R1_nonlearned,2,100,1000,RET-GS,1000,1000,114.5,0.1145,0.1145,complete,"{""ok"":1000}"
6ed2474713b3a311b4ec6b08,counterfact,R1_nonlearned,2,100,1000,LS,50,50,0,0,0,complete,"{""ok"":50}"
f939f211b98675ac7c2d951f,counterfact,R1_nonlearned,2,101,100,ES,100,100,100,1,1,complete,"{""ok"":100}"
f939f211b98675ac7c2d951f,counterfact,R1_nonlearned,2,101,100,RET-ES,100,100,100,1,1,complete,"{""ok"":100}"
f939f211b98675ac7c2d951f,counterfact,R1_nonlearned,2,101,100,RET-GS,100,100,9.5,0.095,0.095,complete,"{""ok"":100}"
f939f211b98675ac7c2d951f,counterfact,R1_nonlearned,2,101,100,LS,50,50,9,0.18,0.18,complete,"{""ok"":50}"
f939f211b98675ac7c2d951f,counterfact,R1_nonlearned,2,101,300,ES,300,300,300,1,1,complete,"{""ok"":300}"
f939f211b98675ac7c2d951f,counterfact,R1_nonlearned,2,101,300,RET-ES,300,300,300,1,1,complete,"{""ok"":300}"
f939f211b98675ac7c2d951f,counterfact,R1_nonlearned,2,101,300,RET-GS,300,300,40,0.13333333,0.13333333,complete,"{""ok"":300}"
f939f211b98675ac7c2d951f,counterfact,R1_nonlearned,2,101,300,LS,50,50,1,0.02,0.02,complete,"{""ok"":50}"
f939f211b98675ac7c2d951f,counterfact,R1_nonlearned,2,101,1000,ES,1000,1000,1000,1,1,complete,"{""ok"":1000}"
f939f211b98675ac7c2d951f,counterfact,R1_nonlearned,2,101,1000,RET-ES,1000,1000,1000,1,1,complete,"{""ok"":1000}"
f939f211b98675ac7c2d951f,counterfact,R1_nonlearned,2,101,1000,RET-GS,1000,1000,114.5,0.1145,0.1145,complete,"{""ok"":1000}"
f939f211b98675ac7c2d951f,counterfact,R1_nonlearned,2,101,1000,LS,50,50,0,0,0,complete,"{""ok"":50}"
19b5e9b462930c6f50f2e2f6,counterfact,R1_nonlearned,2,102,100,ES,100,100,100,1,1,complete,"{""ok"":100}"
19b5e9b462930c6f50f2e2f6,counterfact,R1_nonlearned,2,102,100,RET-ES,100,100,100,1,1,complete,"{""ok"":100}"
19b5e9b462930c6f50f2e2f6,counterfact,R1_nonlearned,2,102,100,RET-GS,100,100,15.5,0.155,0.155,complete,"{""ok"":100}"
19b5e9b462930c6f50f2e2f6,counterfact,R1_nonlearned,2,102,100,LS,50,50,13,0.26,0.26,complete,"{""ok"":50}"
19b5e9b462930c6f50f2e2f6,counterfact,R1_nonlearned,2,102,300,ES,300,300,300,1,1,complete,"{""ok"":300}"
19b5e9b462930c6f50f2e2f6,counterfact,R1_nonlearned,2,102,300,RET-ES,300,300,300,1,1,complete,"{""ok"":300}"
19b5e9b462930c6f50f2e2f6,counterfact,R1_nonlearned,2,102,300,RET-GS,300,300,45,0.15,0.15,complete,"{""ok"":300}"
19b5e9b462930c6f50f2e2f6,counterfact,R1_nonlearned,2,102,300,LS,50,50,0,0,0,complete,"{""ok"":50}"
19b5e9b462930c6f50f2e2f6,counterfact,R1_nonlearned,2,102,1000,ES,1000,1000,1000,1,1,complete,"{""ok"":1000}"
19b5e9b462930c6f50f2e2f6,counterfact,R1_nonlearned,2,102,1000,RET-ES,1000,1000,1000,1,1,complete,"{""ok"":1000}"
19b5e9b462930c6f50f2e2f6,counterfact,R1_nonlearned,2,102,1000,RET-GS,1000,1000,114.5,0.1145,0.1145,complete,"{""ok"":1000}"
19b5e9b462930c6f50f2e2f6,counterfact,R1_nonlearned,2,102,1000,LS,50,50,0,0,0,complete,"{""ok"":50}"
b14576e3d752f467db2abf18,counterfact,R1_nonlearned,2,103,100,ES,100,100,100,1,1,complete,"{""ok"":100}"
b14576e3d752f467db2abf18,counterfact,R1_nonlearned,2,103,100,RET-ES,100,100,100,1,1,complete,"{""ok"":100}"
b14576e3d752f467db2abf18,counterfact,R1_nonlearned,2,103,100,RET-GS,100,100,20.5,0.205,0.205,complete,"{""ok"":100}"
b14576e3d752f467db2abf18,counterfact,R1_nonlearned,2,103,100,LS,50,50,9,0.18,0.18,complete,"{""ok"":50}"
b14576e3d752f467db2abf18,counterfact,R1_nonlearned,2,103,300,ES,300,300,300,1,1,complete,"{""ok"":300}"
b14576e3d752f467db2abf18,counterfact,R1_nonlearned,2,103,300,RET-ES,300,300,300,1,1,complete,"{""ok"":300}"
b14576e3d752f467db2abf18,counterfact,R1_nonlearned,2,103,300,RET-GS,300,300,49.5,0.165,0.165,complete,"{""ok"":300}"
b14576e3d752f467db2abf18,counterfact,R1_nonlearned,2,103,300,LS,50,50,2,0.04,0.04,complete,"{""ok"":50}"
b14576e3d752f467db2abf18,counterfact,R1_nonlearned,2,103,1000,ES,1000,1000,1000,1,1,complete,"{""ok"":1000}"
b14576e3d752f467db2abf18,counterfact,R1_nonlearned,2,103,1000,RET-ES,1000,1000,1000,1,1,complete,"{""ok"":1000}"
b14576e3d752f467db2abf18,counterfact,R1_nonlearned,2,103,1000,RET-GS,1000,1000,114.5,0.1145,0.1145,complete,"{""ok"":1000}"
b14576e3d752f467db2abf18,counterfact,R1_nonlearned,2,103,1000,LS,50,50,0,0,0,complete,"{""ok"":50}"
da9f71bdb9a8981dac078e6c,counterfact,R1_nonlearned,2,104,100,ES,100,100,100,1,1,complete,"{""ok"":100}"
da9f71bdb9a8981dac078e6c,counterfact,R1_nonlearned,2,104,100,RET-ES,100,100,100,1,1,complete,"{""ok"":100}"
da9f71bdb9a8981dac078e6c,counterfact,R1_nonlearned,2,104,100,RET-GS,100,100,13.5,0.135,0.135,complete,"{""ok"":100}"
da9f71bdb9a8981dac078e6c,counterfact,R1_nonlearned,2,104,100,LS,50,50,7,0.14,0.14,complete,"{""ok"":50}"
da9f71bdb9a8981dac078e6c,counterfact,R1_nonlearned,2,104,300,ES,300,300,300,1,1,complete,"{""ok"":300}"
da9f71bdb9a8981dac078e6c,counterfact,R1_nonlearned,2,104,300,RET-ES,300,300,300,1,1,complete,"{""ok"":300}"
da9f71bdb9a8981dac078e6c,counterfact,R1_nonlearned,2,104,300,RET-GS,300,300,41,0.13666667,0.13666667,complete,"{""ok"":300}"
da9f71bdb9a8981dac078e6c,counterfact,R1_nonlearned,2,104,300,LS,50,50,1,0.02,0.02,complete,"{""ok"":50}"
da9f71bdb9a8981dac078e6c,counterfact,R1_nonlearned,2,104,1000,ES,1000,1000,1000,1,1,complete,"{""ok"":1000}"
da9f71bdb9a8981dac078e6c,counterfact,R1_nonlearned,2,104,1000,RET-ES,1000,1000,1000,1,1,complete,"{""ok"":1000}"
da9f71bdb9a8981dac078e6c,counterfact,R1_nonlearned,2,104,1000,RET-GS,1000,1000,114.5,0.1145,0.1145,complete,"{""ok"":1000}"
da9f71bdb9a8981dac078e6c,counterfact,R1_nonlearned,2,104,1000,LS,50,50,0,0,0,complete,"{""ok"":50}"
9e98169ae668b50d60694317,mquake,R1_nonlearned,2,100,100,ES,100,100,100,1,1,complete,"{""ok"":100}"
9e98169ae668b50d60694317,mquake,R1_nonlearned,2,100,100,RET-ES,100,100,100,1,1,complete,"{""ok"":100}"
9e98169ae668b50d60694317,mquake,R1_nonlearned,2,100,100,RET-GS,100,100,0,0,0,complete,"{""ok"":100}"
9e98169ae668b50d60694317,mquake,R1_nonlearned,2,100,100,LS,50,50,0,0,0,complete,"{""ok"":50}"
9e98169ae668b50d60694317,mquake,R1_nonlearned,2,100,300,ES,300,300,300,1,1,complete,"{""ok"":300}"
9e98169ae668b50d60694317,mquake,R1_nonlearned,2,100,300,RET-ES,300,300,300,1,1,complete,"{""ok"":300}"
9e98169ae668b50d60694317,mquake,R1_nonlearned,2,100,300,RET-GS,300,300,0,0,0,complete,"{""ok"":300}"
9e98169ae668b50d60694317,mquake,R1_nonlearned,2,100,300,LS,50,50,0,0,0,complete,"{""ok"":50}"
ff570734d7837a1ba9e77528,mquake,R1_nonlearned,2,101,100,ES,100,100,100,1,1,complete,"{""ok"":100}"
ff570734d7837a1ba9e77528,mquake,R1_nonlearned,2,101,100,RET-ES,100,100,100,1,1,complete,"{""ok"":100}"
ff570734d7837a1ba9e77528,mquake,R1_nonlearned,2,101,100,RET-GS,100,100,0,0,0,complete,"{""ok"":100}"
ff570734d7837a1ba9e77528,mquake,R1_nonlearned,2,101,100,LS,50,50,0,0,0,complete,"{""ok"":50}"
ff570734d7837a1ba9e77528,mquake,R1_nonlearned,2,101,300,ES,300,300,300,1,1,complete,"{""ok"":300}"
ff570734d7837a1ba9e77528,mquake,R1_nonlearned,2,101,300,RET-ES,300,300,300,1,1,complete,"{""ok"":300}"
ff570734d7837a1ba9e77528,mquake,R1_nonlearned,2,101,300,RET-GS,300,300,0,0,0,complete,"{""ok"":300}"
ff570734d7837a1ba9e77528,mquake,R1_nonlearned,2,101,300,LS,50,50,0,0,0,complete,"{""ok"":50}"
4fd2bc51397502cb1c085b5c,mquake,R1_nonlearned,2,102,100,ES,100,100,100,1,1,complete,"{""ok"":100}"
4fd2bc51397502cb1c085b5c,mquake,R1_nonlearned,2,102,100,RET-ES,100,100,100,1,1,complete,"{""ok"":100}"
4fd2bc51397502cb1c085b5c,mquake,R1_nonlearned,2,102,100,RET-GS,100,100,0,0,0,complete,"{""ok"":100}"
4fd2bc51397502cb1c085b5c,mquake,R1_nonlearned,2,102,100,LS,50,50,0,0,0,complete,"{""ok"":50}"
4fd2bc51397502cb1c085b5c,mquake,R1_nonlearned,2,102,300,ES,300,300,300,1,1,complete,"{""ok"":300}"
4fd2bc51397502cb1c085b5c,mquake,R1_nonlearned,2,102,300,RET-ES,300,300,300,1,1,complete,"{""ok"":300}"
4fd2bc51397502cb1c085b5c,mquake,R1_nonlearned,2,102,300,RET-GS,300,300,0,0,0,complete,"{""ok"":300}"
4fd2bc51397502cb1c085b5c,mquake,R1_nonlearned,2,102,300,LS,50,50,0,0,0,complete,"{""ok"":50}"
c0e77c94b06dd3464838be93,mquake,R1_nonlearned,2,103,100,ES,100,100,100,1,1,complete,"{""ok"":100}"
c0e77c94b06dd3464838be93,mquake,R1_nonlearned,2,103,100,RET-ES,100,100,100,1,1,complete,"{""ok"":100}"
c0e77c94b06dd3464838be93,mquake,R1_nonlearned,2,103,100,RET-GS,100,100,0,0,0,complete,"{""ok"":100}"
c0e77c94b06dd3464838be93,mquake,R1_nonlearned,2,103,100,LS,50,50,0,0,0,complete,"{""ok"":50}"
c0e77c94b06dd3464838be93,mquake,R1_nonlearned,2,103,300,ES,300,300,300,1,1,complete,"{""ok"":300}"
c0e77c94b06dd3464838be93,mquake,R1_nonlearned,2,103,300,RET-ES,300,300,300,1,1,complete,"{""ok"":300}"
c0e77c94b06dd3464838be93,mquake,R1_nonlearned,2,103,300,RET-GS,300,300,0,0,0,complete,"{""ok"":300}"
c0e77c94b06dd3464838be93,mquake,R1_nonlearned,2,103,300,LS,50,50,0,0,0,complete,"{""ok"":50}"
4c700c665ce70ca41e4569dd,mquake,R1_nonlearned,2,104,100,ES,100,100,100,1,1,complete,"{""ok"":100}"
4c700c665ce70ca41e4569dd,mquake,R1_nonlearned,2,104,100,RET-ES,100,100,100,1,1,complete,"{""ok"":100}"
4c700c665ce70ca41e4569dd,mquake,R1_nonlearned,2,104,100,RET-GS,100,100,0,0,0,complete,"{""ok"":100}"
4c700c665ce70ca41e4569dd,mquake,R1_nonlearned,2,104,100,LS,50,50,0,0,0,complete,"{""ok"":50}"
4c700c665ce70ca41e4569dd,mquake,R1_nonlearned,2,104,300,ES,300,300,300,1,1,complete,"{""ok"":300}"
4c700c665ce70ca41e4569dd,mquake,R1_nonlearned,2,104,300,RET-ES,300,300,300,1,1,complete,"{""ok"":300}"
4c700c665ce70ca41e4569dd,mquake,R1_nonlearned,2,104,300,RET-GS,300,300,0,0,0,complete,"{""ok"":300}"
4c700c665ce70ca41e4569dd,mquake,R1_nonlearned,2,104,300,LS,50,50,0,0,0,complete,"{""ok"":50}"
dc17fc3637068157dba0207d,zsre,v0_stable,2,100,100,ES,100,100,100,1,1,complete,"{""ok"":100}"
dc17fc3637068157dba0207d,zsre,v0_stable,2,100,100,RET-ES,100,100,99,0.99,0.99,complete,"{""ok"":100}"
dc17fc3637068157dba0207d,zsre,v0_stable,2,100,100,RET-GS,100,100,46,0.46,0.46,complete,"{""ok"":100}"
dc17fc3637068157dba0207d,zsre,v0_stable,2,100,100,LS,50,50,50,1,1,complete,"{""ok"":50}"
dc17fc3637068157dba0207d,zsre,v0_stable,2,100,300,ES,300,300,300,1,1,complete,"{""ok"":300}"
dc17fc3637068157dba0207d,zsre,v0_stable,2,100,300,RET-ES,300,300,298,0.99333333,0.99333333,complete,"{""ok"":300}"
dc17fc3637068157dba0207d,zsre,v0_stable,2,100,300,RET-GS,300,300,105,0.35,0.35,complete,"{""ok"":300}"
dc17fc3637068157dba0207d,zsre,v0_stable,2,100,300,LS,50,50,50,1,1,complete,"{""ok"":50}"
dc17fc3637068157dba0207d,zsre,v0_stable,2,100,1000,ES,1000,1000,1000,1,1,complete,"{""ok"":1000}"
dc17fc3637068157dba0207d,zsre,v0_stable,2,100,1000,RET-ES,1000,1000,694,0.694,0.694,complete,"{""ok"":1000}"
dc17fc3637068157dba0207d,zsre,v0_stable,2,100,1000,RET-GS,1000,1000,205,0.205,0.205,complete,"{""ok"":1000}"
dc17fc3637068157dba0207d,zsre,v0_stable,2,100,1000,LS,50,50,48,0.96,0.96,complete,"{""ok"":50}"
727b32ab9723cb9feba71636,zsre,v0_stable,2,101,100,ES,100,100,100,1,1,complete,"{""ok"":100}"
727b32ab9723cb9feba71636,zsre,v0_stable,2,101,100,RET-ES,100,100,100,1,1,complete,"{""ok"":100}"
727b32ab9723cb9feba71636,zsre,v0_stable,2,101,100,RET-GS,100,100,41,0.41,0.41,complete,"{""ok"":100}"
727b32ab9723cb9feba71636,zsre,v0_stable,2,101,100,LS,50,50,50,1,1,complete,"{""ok"":50}"
727b32ab9723cb9feba71636,zsre,v0_stable,2,101,300,ES,300,300,300,1,1,complete,"{""ok"":300}"
727b32ab9723cb9feba71636,zsre,v0_stable,2,101,300,RET-ES,300,300,297,0.99,0.99,complete,"{""ok"":300}"
727b32ab9723cb9feba71636,zsre,v0_stable,2,101,300,RET-GS,300,300,77,0.25666667,0.25666667,complete,"{""ok"":300}"
727b32ab9723cb9feba71636,zsre,v0_stable,2,101,300,LS,50,50,49,0.98,0.98,complete,"{""ok"":50}"
727b32ab9723cb9feba71636,zsre,v0_stable,2,101,1000,ES,1000,1000,1000,1,1,complete,"{""ok"":1000}"
727b32ab9723cb9feba71636,zsre,v0_stable,2,101,1000,RET-ES,1000,1000,679,0.679,0.679,complete,"{""ok"":1000}"
727b32ab9723cb9feba71636,zsre,v0_stable,2,101,1000,RET-GS,1000,1000,201,0.201,0.201,complete,"{""ok"":1000}"
727b32ab9723cb9feba71636,zsre,v0_stable,2,101,1000,LS,50,50,48,0.96,0.96,complete,"{""ok"":50}"
a02980b0886a222f8e2f58e8,zsre,v0_stable,2,102,100,ES,100,100,100,1,1,complete,"{""ok"":100}"
a02980b0886a222f8e2f58e8,zsre,v0_stable,2,102,100,RET-ES,100,100,99,0.99,0.99,complete,"{""ok"":100}"
a02980b0886a222f8e2f58e8,zsre,v0_stable,2,102,100,RET-GS,100,100,40,0.4,0.4,complete,"{""ok"":100}"
a02980b0886a222f8e2f58e8,zsre,v0_stable,2,102,100,LS,50,50,50,1,1,complete,"{""ok"":50}"
a02980b0886a222f8e2f58e8,zsre,v0_stable,2,102,300,ES,300,300,300,1,1,complete,"{""ok"":300}"
a02980b0886a222f8e2f58e8,zsre,v0_stable,2,102,300,RET-ES,300,300,297,0.99,0.99,complete,"{""ok"":300}"
a02980b0886a222f8e2f58e8,zsre,v0_stable,2,102,300,RET-GS,300,300,105,0.35,0.35,complete,"{""ok"":300}"
a02980b0886a222f8e2f58e8,zsre,v0_stable,2,102,300,LS,50,50,50,1,1,complete,"{""ok"":50}"
a02980b0886a222f8e2f58e8,zsre,v0_stable,2,102,1000,ES,1000,1000,1000,1,1,complete,"{""ok"":1000}"
a02980b0886a222f8e2f58e8,zsre,v0_stable,2,102,1000,RET-ES,1000,1000,710,0.71,0.71,complete,"{""ok"":1000}"
a02980b0886a222f8e2f58e8,zsre,v0_stable,2,102,1000,RET-GS,1000,1000,204,0.204,0.204,complete,"{""ok"":1000}"
a02980b0886a222f8e2f58e8,zsre,v0_stable,2,102,1000,LS,50,50,50,1,1,complete,"{""ok"":50}"
9aeb330f6c7e29c85ee56da0,zsre,v0_stable,2,103,100,ES,100,100,100,1,1,complete,"{""ok"":100}"
9aeb330f6c7e29c85ee56da0,zsre,v0_stable,2,103,100,RET-ES,100,100,99,0.99,0.99,complete,"{""ok"":100}"
9aeb330f6c7e29c85ee56da0,zsre,v0_stable,2,103,100,RET-GS,100,100,45,0.45,0.45,complete,"{""ok"":100}"
9aeb330f6c7e29c85ee56da0,zsre,v0_stable,2,103,100,LS,50,50,50,1,1,complete,"{""ok"":50}"
9aeb330f6c7e29c85ee56da0,zsre,v0_stable,2,103,300,ES,300,300,300,1,1,complete,"{""ok"":300}"
9aeb330f6c7e29c85ee56da0,zsre,v0_stable,2,103,300,RET-ES,300,300,292,0.97333333,0.97333333,complete,"{""ok"":300}"
9aeb330f6c7e29c85ee56da0,zsre,v0_stable,2,103,300,RET-GS,300,300,106,0.35333333,0.35333333,complete,"{""ok"":300}"
9aeb330f6c7e29c85ee56da0,zsre,v0_stable,2,103,300,LS,50,50,50,1,1,complete,"{""ok"":50}"
9aeb330f6c7e29c85ee56da0,zsre,v0_stable,2,103,1000,ES,1000,1000,1000,1,1,complete,"{""ok"":1000}"
9aeb330f6c7e29c85ee56da0,zsre,v0_stable,2,103,1000,RET-ES,1000,1000,681,0.681,0.681,complete,"{""ok"":1000}"
9aeb330f6c7e29c85ee56da0,zsre,v0_stable,2,103,1000,RET-GS,1000,1000,178,0.178,0.178,complete,"{""ok"":1000}"
9aeb330f6c7e29c85ee56da0,zsre,v0_stable,2,103,1000,LS,50,50,49,0.98,0.98,complete,"{""ok"":50}"
0e0ee9a35e1116f7dafb423d,zsre,v0_stable,2,104,100,ES,100,100,100,1,1,complete,"{""ok"":100}"
0e0ee9a35e1116f7dafb423d,zsre,v0_stable,2,104,100,RET-ES,100,100,99,0.99,0.99,complete,"{""ok"":100}"
0e0ee9a35e1116f7dafb423d,zsre,v0_stable,2,104,100,RET-GS,100,100,41,0.41,0.41,complete,"{""ok"":100}"
0e0ee9a35e1116f7dafb423d,zsre,v0_stable,2,104,100,LS,50,50,47,0.94,0.94,complete,"{""ok"":50}"
0e0ee9a35e1116f7dafb423d,zsre,v0_stable,2,104,300,ES,300,300,300,1,1,complete,"{""ok"":300}"
0e0ee9a35e1116f7dafb423d,zsre,v0_stable,2,104,300,RET-ES,300,300,295,0.98333333,0.98333333,complete,"{""ok"":300}"
0e0ee9a35e1116f7dafb423d,zsre,v0_stable,2,104,300,RET-GS,300,300,100,0.33333333,0.33333333,complete,"{""ok"":300}"
0e0ee9a35e1116f7dafb423d,zsre,v0_stable,2,104,300,LS,50,50,50,1,1,complete,"{""ok"":50}"
0e0ee9a35e1116f7dafb423d,zsre,v0_stable,2,104,1000,ES,1000,1000,1000,1,1,complete,"{""ok"":1000}"
0e0ee9a35e1116f7dafb423d,zsre,v0_stable,2,104,1000,RET-ES,1000,1000,701,0.701,0.701,complete,"{""ok"":1000}"
0e0ee9a35e1116f7dafb423d,zsre,v0_stable,2,104,1000,RET-GS,1000,1000,188,0.188,0.188,complete,"{""ok"":1000}"
0e0ee9a35e1116f7dafb423d,zsre,v0_stable,2,104,1000,LS,50,50,49,0.98,0.98,complete,"{""ok"":50}"
862cd40c359e48e5a7998e3f,counterfact,v0_stable,2,100,100,ES,100,100,100,1,1,complete,"{""ok"":100}"
862cd40c359e48e5a7998e3f,counterfact,v0_stable,2,100,100,RET-ES,100,100,100,1,1,complete,"{""ok"":100}"
862cd40c359e48e5a7998e3f,counterfact,v0_stable,2,100,100,RET-GS,100,100,0,0,0,complete,"{""ok"":100}"
862cd40c359e48e5a7998e3f,counterfact,v0_stable,2,100,100,LS,50,50,50,1,1,complete,"{""ok"":50}"
862cd40c359e48e5a7998e3f,counterfact,v0_stable,2,100,300,ES,300,300,300,1,1,complete,"{""ok"":300}"
862cd40c359e48e5a7998e3f,counterfact,v0_stable,2,100,300,RET-ES,300,300,300,1,1,complete,"{""ok"":300}"
862cd40c359e48e5a7998e3f,counterfact,v0_stable,2,100,300,RET-GS,300,300,0,0,0,complete,"{""ok"":300}"
862cd40c359e48e5a7998e3f,counterfact,v0_stable,2,100,300,LS,50,50,50,1,1,complete,"{""ok"":50}"
862cd40c359e48e5a7998e3f,counterfact,v0_stable,2,100,1000,ES,1000,1000,1000,1,1,complete,"{""ok"":1000}"
862cd40c359e48e5a7998e3f,counterfact,v0_stable,2,100,1000,RET-ES,1000,1000,1000,1,1,complete,"{""ok"":1000}"
862cd40c359e48e5a7998e3f,counterfact,v0_stable,2,100,1000,RET-GS,1000,1000,0,0,0,complete,"{""ok"":1000}"
862cd40c359e48e5a7998e3f,counterfact,v0_stable,2,100,1000,LS,50,50,50,1,1,complete,"{""ok"":50}"
89b258fddde381d9a09429d9,counterfact,v0_stable,2,101,100,ES,100,100,100,1,1,complete,"{""ok"":100}"
89b258fddde381d9a09429d9,counterfact,v0_stable,2,101,100,RET-ES,100,100,100,1,1,complete,"{""ok"":100}"
89b258fddde381d9a09429d9,counterfact,v0_stable,2,101,100,RET-GS,100,100,0,0,0,complete,"{""ok"":100}"
89b258fddde381d9a09429d9,counterfact,v0_stable,2,101,100,LS,50,50,50,1,1,complete,"{""ok"":50}"
89b258fddde381d9a09429d9,counterfact,v0_stable,2,101,300,ES,300,300,300,1,1,complete,"{""ok"":300}"
89b258fddde381d9a09429d9,counterfact,v0_stable,2,101,300,RET-ES,300,300,300,1,1,complete,"{""ok"":300}"
89b258fddde381d9a09429d9,counterfact,v0_stable,2,101,300,RET-GS,300,300,0,0,0,complete,"{""ok"":300}"
89b258fddde381d9a09429d9,counterfact,v0_stable,2,101,300,LS,50,50,50,1,1,complete,"{""ok"":50}"
89b258fddde381d9a09429d9,counterfact,v0_stable,2,101,1000,ES,1000,1000,1000,1,1,complete,"{""ok"":1000}"
89b258fddde381d9a09429d9,counterfact,v0_stable,2,101,1000,RET-ES,1000,1000,1000,1,1,complete,"{""ok"":1000}"
89b258fddde381d9a09429d9,counterfact,v0_stable,2,101,1000,RET-GS,1000,1000,0,0,0,complete,"{""ok"":1000}"
89b258fddde381d9a09429d9,counterfact,v0_stable,2,101,1000,LS,50,50,50,1,1,complete,"{""ok"":50}"
090d1237381f4ee02fcbd05d,counterfact,v0_stable,2,102,100,ES,100,100,100,1,1,complete,"{""ok"":100}"
090d1237381f4ee02fcbd05d,counterfact,v0_stable,2,102,100,RET-ES,100,100,100,1,1,complete,"{""ok"":100}"
090d1237381f4ee02fcbd05d,counterfact,v0_stable,2,102,100,RET-GS,100,100,0,0,0,complete,"{""ok"":100}"
090d1237381f4ee02fcbd05d,counterfact,v0_stable,2,102,100,LS,50,50,50,1,1,complete,"{""ok"":50}"
090d1237381f4ee02fcbd05d,counterfact,v0_stable,2,102,300,ES,300,300,300,1,1,complete,"{""ok"":300}"
090d1237381f4ee02fcbd05d,counterfact,v0_stable,2,102,300,RET-ES,300,300,300,1,1,complete,"{""ok"":300}"
090d1237381f4ee02fcbd05d,counterfact,v0_stable,2,102,300,RET-GS,300,300,0,0,0,complete,"{""ok"":300}"
090d1237381f4ee02fcbd05d,counterfact,v0_stable,2,102,300,LS,50,50,50,1,1,complete,"{""ok"":50}"
090d1237381f4ee02fcbd05d,counterfact,v0_stable,2,102,1000,ES,1000,1000,1000,1,1,complete,"{""ok"":1000}"
090d1237381f4ee02fcbd05d,counterfact,v0_stable,2,102,1000,RET-ES,1000,1000,1000,1,1,complete,"{""ok"":1000}"
090d1237381f4ee02fcbd05d,counterfact,v0_stable,2,102,1000,RET-GS,1000,1000,0,0,0,complete,"{""ok"":1000}"
090d1237381f4ee02fcbd05d,counterfact,v0_stable,2,102,1000,LS,50,50,50,1,1,complete,"{""ok"":50}"
6e95ec72097ffded952889d6,counterfact,v0_stable,2,103,100,ES,100,100,100,1,1,complete,"{""ok"":100}"
6e95ec72097ffded952889d6,counterfact,v0_stable,2,103,100,RET-ES,100,100,100,1,1,complete,"{""ok"":100}"
6e95ec72097ffded952889d6,counterfact,v0_stable,2,103,100,RET-GS,100,100,0,0,0,complete,"{""ok"":100}"
6e95ec72097ffded952889d6,counterfact,v0_stable,2,103,100,LS,50,50,50,1,1,complete,"{""ok"":50}"
6e95ec72097ffded952889d6,counterfact,v0_stable,2,103,300,ES,300,300,300,1,1,complete,"{""ok"":300}"
6e95ec72097ffded952889d6,counterfact,v0_stable,2,103,300,RET-ES,300,300,300,1,1,complete,"{""ok"":300}"
6e95ec72097ffded952889d6,counterfact,v0_stable,2,103,300,RET-GS,300,300,0,0,0,complete,"{""ok"":300}"
6e95ec72097ffded952889d6,counterfact,v0_stable,2,103,300,LS,50,50,50,1,1,complete,"{""ok"":50}"
6e95ec72097ffded952889d6,counterfact,v0_stable,2,103,1000,ES,1000,1000,1000,1,1,complete,"{""ok"":1000}"
6e95ec72097ffded952889d6,counterfact,v0_stable,2,103,1000,RET-ES,1000,1000,1000,1,1,complete,"{""ok"":1000}"
6e95ec72097ffded952889d6,counterfact,v0_stable,2,103,1000,RET-GS,1000,1000,0,0,0,complete,"{""ok"":1000}"
6e95ec72097ffded952889d6,counterfact,v0_stable,2,103,1000,LS,50,50,50,1,1,complete,"{""ok"":50}"
c8ce51b334cc3e42a623be6c,counterfact,v0_stable,2,104,100,ES,100,100,100,1,1,complete,"{""ok"":100}"
c8ce51b334cc3e42a623be6c,counterfact,v0_stable,2,104,100,RET-ES,100,100,100,1,1,complete,"{""ok"":100}"
c8ce51b334cc3e42a623be6c,counterfact,v0_stable,2,104,100,RET-GS,100,100,0,0,0,complete,"{""ok"":100}"
c8ce51b334cc3e42a623be6c,counterfact,v0_stable,2,104,100,LS,50,50,50,1,1,complete,"{""ok"":50}"
c8ce51b334cc3e42a623be6c,counterfact,v0_stable,2,104,300,ES,300,300,300,1,1,complete,"{""ok"":300}"
c8ce51b334cc3e42a623be6c,counterfact,v0_stable,2,104,300,RET-ES,300,300,300,1,1,complete,"{""ok"":300}"
c8ce51b334cc3e42a623be6c,counterfact,v0_stable,2,104,300,RET-GS,300,300,0,0,0,complete,"{""ok"":300}"
c8ce51b334cc3e42a623be6c,counterfact,v0_stable,2,104,300,LS,50,50,50,1,1,complete,"{""ok"":50}"
c8ce51b334cc3e42a623be6c,counterfact,v0_stable,2,104,1000,ES,1000,1000,1000,1,1,complete,"{""ok"":1000}"
c8ce51b334cc3e42a623be6c,counterfact,v0_stable,2,104,1000,RET-ES,1000,1000,1000,1,1,complete,"{""ok"":1000}"
c8ce51b334cc3e42a623be6c,counterfact,v0_stable,2,104,1000,RET-GS,1000,1000,0,0,0,complete,"{""ok"":1000}"
c8ce51b334cc3e42a623be6c,counterfact,v0_stable,2,104,1000,LS,50,50,50,1,1,complete,"{""ok"":50}"
cf6bd4a623aa24871f74d136,mquake,v0_stable,2,100,100,ES,100,100,100,1,1,complete,"{""ok"":100}"
cf6bd4a623aa24871f74d136,mquake,v0_stable,2,100,100,RET-ES,100,100,100,1,1,complete,"{""ok"":100}"
cf6bd4a623aa24871f74d136,mquake,v0_stable,2,100,100,RET-GS,100,100,0,0,0,complete,"{""ok"":100}"
cf6bd4a623aa24871f74d136,mquake,v0_stable,2,100,100,LS,50,50,50,1,1,complete,"{""ok"":50}"
cf6bd4a623aa24871f74d136,mquake,v0_stable,2,100,300,ES,300,300,300,1,1,complete,"{""ok"":300}"
cf6bd4a623aa24871f74d136,mquake,v0_stable,2,100,300,RET-ES,300,300,300,1,1,complete,"{""ok"":300}"
cf6bd4a623aa24871f74d136,mquake,v0_stable,2,100,300,RET-GS,300,300,0,0,0,complete,"{""ok"":300}"
cf6bd4a623aa24871f74d136,mquake,v0_stable,2,100,300,LS,50,50,50,1,1,complete,"{""ok"":50}"
519b30353f979e8028ed03e1,mquake,v0_stable,2,101,100,ES,100,100,100,1,1,complete,"{""ok"":100}"
519b30353f979e8028ed03e1,mquake,v0_stable,2,101,100,RET-ES,100,100,100,1,1,complete,"{""ok"":100}"
519b30353f979e8028ed03e1,mquake,v0_stable,2,101,100,RET-GS,100,100,0,0,0,complete,"{""ok"":100}"
519b30353f979e8028ed03e1,mquake,v0_stable,2,101,100,LS,50,50,50,1,1,complete,"{""ok"":50}"
519b30353f979e8028ed03e1,mquake,v0_stable,2,101,300,ES,300,300,300,1,1,complete,"{""ok"":300}"
519b30353f979e8028ed03e1,mquake,v0_stable,2,101,300,RET-ES,300,300,300,1,1,complete,"{""ok"":300}"
519b30353f979e8028ed03e1,mquake,v0_stable,2,101,300,RET-GS,300,300,0,0,0,complete,"{""ok"":300}"
519b30353f979e8028ed03e1,mquake,v0_stable,2,101,300,LS,50,50,50,1,1,complete,"{""ok"":50}"
89182e81a187807d2772cade,mquake,v0_stable,2,102,100,ES,100,100,100,1,1,complete,"{""ok"":100}"
89182e81a187807d2772cade,mquake,v0_stable,2,102,100,RET-ES,100,100,100,1,1,complete,"{""ok"":100}"
89182e81a187807d2772cade,mquake,v0_stable,2,102,100,RET-GS,100,100,0,0,0,complete,"{""ok"":100}"
89182e81a187807d2772cade,mquake,v0_stable,2,102,100,LS,50,50,50,1,1,complete,"{""ok"":50}"
89182e81a187807d2772cade,mquake,v0_stable,2,102,300,ES,300,300,300,1,1,complete,"{""ok"":300}"
89182e81a187807d2772cade,mquake,v0_stable,2,102,300,RET-ES,300,300,300,1,1,complete,"{""ok"":300}"
89182e81a187807d2772cade,mquake,v0_stable,2,102,300,RET-GS,300,300,0,0,0,complete,"{""ok"":300}"
89182e81a187807d2772cade,mquake,v0_stable,2,102,300,LS,50,50,50,1,1,complete,"{""ok"":50}"
9ad3399cfc13f1297d17423d,mquake,v0_stable,2,103,100,ES,100,100,100,1,1,complete,"{""ok"":100}"
9ad3399cfc13f1297d17423d,mquake,v0_stable,2,103,100,RET-ES,100,100,100,1,1,complete,"{""ok"":100}"
9ad3399cfc13f1297d17423d,mquake,v0_stable,2,103,100,RET-GS,100,100,0,0,0,complete,"{""ok"":100}"
9ad3399cfc13f1297d17423d,mquake,v0_stable,2,103,100,LS,50,50,50,1,1,complete,"{""ok"":50}"
9ad3399cfc13f1297d17423d,mquake,v0_stable,2,103,300,ES,300,300,300,1,1,complete,"{""ok"":300}"
9ad3399cfc13f1297d17423d,mquake,v0_stable,2,103,300,RET-ES,300,300,300,1,1,complete,"{""ok"":300}"
9ad3399cfc13f1297d17423d,mquake,v0_stable,2,103,300,RET-GS,300,300,0,0,0,complete,"{""ok"":300}"
9ad3399cfc13f1297d17423d,mquake,v0_stable,2,103,300,LS,50,50,50,1,1,complete,"{""ok"":50}"
046aa51d028b84dde8981351,mquake,v0_stable,2,104,100,ES,100,100,100,1,1,complete,"{""ok"":100}"
046aa51d028b84dde8981351,mquake,v0_stable,2,104,100,RET-ES,100,100,100,1,1,complete,"{""ok"":100}"
046aa51d028b84dde8981351,mquake,v0_stable,2,104,100,RET-GS,100,100,0,0,0,complete,"{""ok"":100}"
046aa51d028b84dde8981351,mquake,v0_stable,2,104,100,LS,50,50,50,1,1,complete,"{""ok"":50}"
046aa51d028b84dde8981351,mquake,v0_stable,2,104,300,ES,300,300,300,1,1,complete,"{""ok"":300}"
046aa51d028b84dde8981351,mquake,v0_stable,2,104,300,RET-ES,300,300,300,1,1,complete,"{""ok"":300}"
046aa51d028b84dde8981351,mquake,v0_stable,2,104,300,RET-GS,300,300,0,0,0,complete,"{""ok"":300}"
046aa51d028b84dde8981351,mquake,v0_stable,2,104,300,LS,50,50,50,1,1,complete,"{""ok"":50}"
