{
  "status": "complete",
  "completed_checkpoint": 300,
  "cell": {
    "condition": "R1_learned_ff",
    "dataset": "mquake",
    "order": 101,
    "realization": 0
  },
  "run_dir": "/home/derp/cap/pc_cap/results/R1/stage4_sealed_cells/R1_learned_ff-mquake-0-101-e2d05a85fb85e63e25b9",
  "attempt_dir": "/home/derp/cap/pc_cap/results/R1/stage4_sealed_cells/R1_learned_ff-mquake-0-101-e2d05a85fb85e63e25b9/attempt-0000",
  "last_receipt_sha256": "2a21265107dc75b0d598233a95d18f85def5e14ccc2d327677ccceee908f2948",
  "banner": "sealed Stage 4; scientific admission also requires complete declared populations",
  "manifest_sha256": "7d81313b39042a4a90926c26bbd6c2642972002a79529846029c4f54eaeb31e2",
  "integrity_profile": "incremental",
  "phase_timer_summary": {
    "edit": {
      "count": 300,
      "errors": 0,
      "wall_seconds": 49.39466963184532,
      "operation_seconds": 48.623257466591895
    },
    "immediate": {
      "count": 300,
      "errors": 0,
      "wall_seconds": 23.785865342069883,
      "operation_seconds": 19.77290823799558
    },
    "retention": {
      "count": 2,
      "errors": 0,
      "wall_seconds": 30.347308319993317,
      "operation_seconds": 30.302558692987077
    },
    "locality": {
      "count": 2,
      "errors": 0,
      "wall_seconds": 14.972891613957472,
      "operation_seconds": 14.935719847038854
    },
    "unseen": {
      "count": 2,
      "errors": 0,
      "wall_seconds": 120.89065841399133,
      "operation_seconds": 120.85283325298224
    },
    "drift": {
      "count": 2,
      "errors": 0,
      "wall_seconds": 159.97447893599747,
      "operation_seconds": 159.62977371300803
    },
    "near_miss": {
      "count": 1,
      "errors": 0,
      "wall_seconds": 80.9506402729894,
      "operation_seconds": 80.89596400398295
    },
    "revision": {
      "count": 1,
      "errors": 0,
      "wall_seconds": 45.63150657201186,
      "operation_seconds": 45.57908333296655
    },
    "composition": {
      "count": 1,
      "errors": 0,
      "wall_seconds": 55.00982292101253,
      "operation_seconds": 54.954446679970715
    },
    "full_validation": {
      "count": 1,
      "errors": 0,
      "wall_seconds": 1529.8237905870192,
      "operation_seconds": 1529.7944374390063
    }
  },
  "phase_timer_scope": "this attempt, verification/clone/operation/restore; excludes phase-file writes and admission/resume",
  "attempt_wall_seconds": 2119.133502373006,
  "prior_attempt_timer_summary": {},
  "detailed_phase_timers": [
    {
      "phase": "edit:1",
      "identity_check_kind": "in_memory_structure_and_configuration",
      "recipe_verification_seconds": 0.0,
      "identity_verification_seconds": 0.0,
      "identity_check_seconds": 0.002166875055991113,
      "state_hash_seconds": 6.639707135036588e-05,
      "clone_seconds": 0.0,
      "restore_seconds": 0.0,
      "file_write_seconds": 0.0012770789908245206,
      "operation_seconds": 4.084350774995983,
      "total_phase_seconds": 4.087943252001423,
      "scope": "file writes include journal intent/add/flush; excludes this timing receipt and checkpoint writes",
      "mode": "stage4_sealed_cell",
      "banner": "sealed Stage 4; scientific admission also requires complete declared populations"
    },
    {
      "phase": "immediate:1",
      "identity_check_kind": "in_memory_structure_and_configuration",
      "recipe_verification_seconds": 0.0,
      "identity_verification_seconds": 0.0,
      "identity_check_seconds": 0.0019539769273251295,
      "state_hash_seconds": 0.00035252596717327833,
      "clone_seconds": 0.0,
      "restore_seconds": 0.0,
      "file_write_seconds": 6.736995419487357e-05,
      "operation_seconds": 0.513975317007862,
      "total_phase_seconds": 0.5164301640470512,
      "scope": "file writes include journal intent/add/flush; excludes this timing receipt and checkpoint writes",
      "mode": "stage4_sealed_cell",
      "banner": "sealed Stage 4; scientific admission also requires complete declared populations"
    },
    {
      "phase": "edit:2",
      "identity_check_kind": "in_memory_structure_and_configuration",
      "recipe_verification_seconds": 0.0,
      "identity_verification_seconds": 0.0,
      "identity_check_seconds": 0.0020946870208717883,
      "state_hash_seconds": 6.841094000265002e-05,
      "clone_seconds": 0.0,
      "restore_seconds": 0.0,
      "file_write_seconds": 6.140803452581167e-05,
      "operation_seconds": 0.15042726194951683,
      "total_phase_seconds": 0.1527197869727388,
      "scope": "file writes include journal intent/add/flush; excludes this timing receipt and checkpoint writes",
      "mode": "stage4_sealed_cell",
      "banner": "sealed Stage 4; scientific admission also requires complete declared populations"
    },
    {
      "phase": "immediate:2",
      "identity_check_kind": "in_memory_structure_and_configuration",
      "recipe_verification_seconds": 0.0,
      "identity_verification_seconds": 0.0,
      "identity_check_seconds": 0.0019399089505895972,
      "state_hash_seconds": 0.0003795269876718521,
      "clone_seconds": 0.0,
      "restore_seconds": 0.0,
      "file_write_seconds": 5.8041070587933064e-05,
      "operation_seconds": 0.029337878979276866,
      "total_phase_seconds": 0.03178930899593979,
      "scope": "file writes include journal intent/add/flush; excludes this timing receipt and checkpoint writes",
      "mode": "stage4_sealed_cell",
      "banner": "sealed Stage 4; scientific admission also requires complete declared populations"
    },
    {
      "phase": "edit:3",
      "identity_check_kind": "in_memory_structure_and_configuration",
      "recipe_verification_seconds": 0.0,
      "identity_verification_seconds": 0.0,
      "identity_check_seconds": 0.002436431997921318,
      "state_hash_seconds": 7.865094812586904e-05,
      "clone_seconds": 0.0,
      "restore_seconds": 0.0,
      "file_write_seconds": 5.9954996686428785e-05,
      "operation_seconds": 0.2774440489592962,
      "total_phase_seconds": 0.28009578300407156,
      "scope": "file writes include journal intent/add/flush; excludes this timing receipt and checkpoint writes",
      "mode": "stage4_sealed_cell",
      "banner": "sealed Stage 4; scientific admission also requires complete declared populations"
    },
    {
      "phase": "immediate:3",
      "identity_check_kind": "in_memory_structure_and_configuration",
      "recipe_verification_seconds": 0.0,
      "identity_verification_seconds": 0.0,
      "identity_check_seconds": 0.0022953510051593184,
      "state_hash_seconds": 0.0004652729257941246,
      "clone_seconds": 0.0,
      "restore_seconds": 0.0,
      "file_write_seconds": 6.00159983150661e-05,
      "operation_seconds": 0.049240046995691955,
      "total_phase_seconds": 0.052133905002847314,
      "scope": "file writes include journal intent/add/flush; excludes this timing receipt and checkpoint writes",
      "mode": "stage4_sealed_cell",
      "banner": "sealed Stage 4; scientific admission also requires complete declared populations"
    },
    {
      "phase": "edit:4",
      "identity_check_kind": "in_memory_structure_and_configuration",
      "recipe_verification_seconds": 0.0,
      "identity_verification_seconds": 0.0,
      "identity_check_seconds": 0.002000606036745012,
      "state_hash_seconds": 7.045507663860917e-05,
      "clone_seconds": 0.0,
      "restore_seconds": 0.0,
      "file_write_seconds": 5.9794983826577663e-05,
      "operation_seconds": 0.2271332290256396,
      "total_phase_seconds": 0.22933172399643809,
      "scope": "file writes include journal intent/add/flush; excludes this timing receipt and checkpoint writes",
      "mode": "stage4_sealed_cell",
      "banner": "sealed Stage 4; scientific admission also requires complete declared populations"
    },
    {
      "phase": "immediate:4",
      "identity_check_kind": "in_memory_structure_and_configuration",
      "recipe_verification_seconds": 0.0,
      "identity_verification_seconds": 0.0,
      "identity_check_seconds": 0.002487208985257894,
      "state_hash_seconds": 0.0005853519542142749,
      "clone_seconds": 0.0,
      "restore_seconds": 0.0,
      "file_write_seconds": 6.237998604774475e-05,
      "operation_seconds": 0.05963766301283613,
      "total_phase_seconds": 0.06288213300285861,
      "scope": "file writes include journal intent/add/flush; excludes this timing receipt and checkpoint writes",
      "mode": "stage4_sealed_cell",
      "banner": "sealed Stage 4; scientific admission also requires complete declared populations"
    },
    {
      "phase": "edit:5",
      "identity_check_kind": "in_memory_structure_and_configuration",
      "recipe_verification_seconds": 0.0,
      "identity_verification_seconds": 0.0,
      "identity_check_seconds": 0.0021427589817903936,
      "state_hash_seconds": 7.318094139918685e-05,
      "clone_seconds": 0.0,
      "restore_seconds": 0.0,
      "file_write_seconds": 5.985499592497945e-05,
      "operation_seconds": 0.20739746105391532,
      "total_phase_seconds": 0.2097371859708801,
      "scope": "file writes include journal intent/add/flush; excludes this timing receipt and checkpoint writes",
      "mode": "stage4_sealed_cell",
      "banner": "sealed Stage 4; scientific admission also requires complete declared populations"
    },
    {
      "phase": "immediate:5",
      "identity_check_kind": "in_memory_structure_and_configuration",
      "recipe_verification_seconds": 0.0,
      "identity_verification_seconds": 0.0,
      "identity_check_seconds": 0.0020029700244776905,
      "state_hash_seconds": 0.0006163209327496588,
      "clone_seconds": 0.0,
      "restore_seconds": 0.0,
      "file_write_seconds": 6.0435966588556767e-05,
      "operation_seconds": 0.0615723819937557,
      "total_phase_seconds": 0.06432726397179067,
      "scope": "file writes include journal intent/add/flush; excludes this timing receipt and checkpoint writes",
      "mode": "stage4_sealed_cell",
      "banner": "sealed Stage 4; scientific admission also requires complete declared populations"
    },
    {
      "phase": "edit:6",
      "identity_check_kind": "in_memory_structure_and_configuration",
      "recipe_verification_seconds": 0.0,
      "identity_verification_seconds": 0.0,
      "identity_check_seconds": 0.002561831090133637,
      "state_hash_seconds": 7.540499791502953e-05,
      "clone_seconds": 0.0,
      "restore_seconds": 0.0,
      "file_write_seconds": 5.916401278227568e-05,
      "operation_seconds": 0.0909639440360479,
      "total_phase_seconds": 0.093728234001901,
      "scope": "file writes include journal intent/add/flush; excludes this timing receipt and checkpoint writes",
      "mode": "stage4_sealed_cell",
      "banner": "sealed Stage 4; scientific admission also requires complete declared populations"
    },
    {
      "phase": "immediate:6",
      "identity_check_kind": "in_memory_structure_and_configuration",
      "recipe_verification_seconds": 0.0,
      "identity_verification_seconds": 0.0,
      "identity_check_seconds": 0.0020517740049399436,
      "state_hash_seconds": 0.0006735700299032032,
      "clone_seconds": 0.0,
      "restore_seconds": 0.0,
      "file_write_seconds": 5.7420984376221895e-05,
      "operation_seconds": 0.029491092020180076,
      "total_phase_seconds": 0.032344111998099834,
      "scope": "file writes include journal intent/add/flush; excludes this timing receipt and checkpoint writes",
      "mode": "stage4_sealed_cell",
      "banner": "sealed Stage 4; scientific admission also requires complete declared populations"
    },
    {
      "phase": "edit:7",
      "identity_check_kind": "in_memory_structure_and_configuration",
      "recipe_verification_seconds": 0.0,
      "identity_verification_seconds": 0.0,
      "identity_check_seconds": 0.0019860179745592177,
      "state_hash_seconds": 6.338307866826653e-05,
      "clone_seconds": 0.0,
      "restore_seconds": 0.0,
      "file_write_seconds": 5.9454061556607485e-05,
      "operation_seconds": 0.1953067589784041,
      "total_phase_seconds": 0.19747536699287593,
      "scope": "file writes include journal intent/add/flush; excludes this timing receipt and checkpoint writes",
      "mode": "stage4_sealed_cell",
      "banner": "sealed Stage 4; scientific admission also requires complete declared populations"
    },
    {
      "phase": "immediate:7",
      "identity_check_kind": "in_memory_structure_and_configuration",
      "recipe_verification_seconds": 0.0,
      "identity_verification_seconds": 0.0,
      "identity_check_seconds": 0.0018560379976406693,
      "state_hash_seconds": 0.0007575229974463582,
      "clone_seconds": 0.0,
      "restore_seconds": 0.0,
      "file_write_seconds": 6.04659435339272e-05,
      "operation_seconds": 0.06237044197041541,
      "total_phase_seconds": 0.0651222180458717,
      "scope": "file writes include journal intent/add/flush; excludes this timing receipt and checkpoint writes",
      "mode": "stage4_sealed_cell",
      "banner": "sealed Stage 4; scientific admission also requires complete declared populations"
    },
    {
      "phase": "edit:8",
      "identity_check_kind": "in_memory_structure_and_configuration",
      "recipe_verification_seconds": 0.0,
      "identity_verification_seconds": 0.0,
      "identity_check_seconds": 0.0021237920154817402,
      "state_hash_seconds": 8.040305692702532e-05,
      "clone_seconds": 0.0,
      "restore_seconds": 0.0,
      "file_write_seconds": 5.993497325107455e-05,
      "operation_seconds": 0.08797147596487775,
      "total_phase_seconds": 0.09030482999514788,
      "scope": "file writes include journal intent/add/flush; excludes this timing receipt and checkpoint writes",
      "mode": "stage4_sealed_cell",
      "banner": "sealed Stage 4; scientific admission also requires complete declared populations"
    },
    {
      "phase": "immediate:8",
      "identity_check_kind": "in_memory_structure_and_configuration",
      "recipe_verification_seconds": 0.0,
      "identity_verification_seconds": 0.0,
      "identity_check_seconds": 0.0018936910200864077,
      "state_hash_seconds": 0.0008515630033798516,
      "clone_seconds": 0.0,
      "restore_seconds": 0.0,
      "file_write_seconds": 5.7929952163249254e-05,
      "operation_seconds": 0.04250062501523644,
      "total_phase_seconds": 0.045371540007181466,
      "scope": "file writes include journal intent/add/flush; excludes this timing receipt and checkpoint writes",
      "mode": "stage4_sealed_cell",
      "banner": "sealed Stage 4; scientific admission also requires complete declared populations"
    },
    {
      "phase": "edit:9",
      "identity_check_kind": "in_memory_structure_and_configuration",
      "recipe_verification_seconds": 0.0,
      "identity_verification_seconds": 0.0,
      "identity_check_seconds": 0.0019740639836527407,
      "state_hash_seconds": 6.367306923493743e-05,
      "clone_seconds": 0.0,
      "restore_seconds": 0.0,
      "file_write_seconds": 5.945301381871104e-05,
      "operation_seconds": 0.17427371302619576,
      "total_phase_seconds": 0.17643161001615226,
      "scope": "file writes include journal intent/add/flush; excludes this timing receipt and checkpoint writes",
      "mode": "stage4_sealed_cell",
      "banner": "sealed Stage 4; scientific admission also requires complete declared populations"
    },
    {
      "phase": "immediate:9",
      "identity_check_kind": "in_memory_structure_and_configuration",
      "recipe_verification_seconds": 0.0,
      "identity_verification_seconds": 0.0,
      "identity_check_seconds": 0.002035232027992606,
      "state_hash_seconds": 0.0008533959626220167,
      "clone_seconds": 0.0,
      "restore_seconds": 0.0,
      "file_write_seconds": 7.623701822012663e-05,
      "operation_seconds": 0.037625889002811164,
      "total_phase_seconds": 0.04067334200954065,
      "scope": "file writes include journal intent/add/flush; excludes this timing receipt and checkpoint writes",
      "mode": "stage4_sealed_cell",
      "banner": "sealed Stage 4; scientific admission also requires complete declared populations"
    },
    {
      "phase": "edit:10",
      "identity_check_kind": "in_memory_structure_and_configuration",
      "recipe_verification_seconds": 0.0,
      "identity_verification_seconds": 0.0,
      "identity_check_seconds": 0.0021312369499355555,
      "state_hash_seconds": 9.12549439817667e-05,
      "clone_seconds": 0.0,
      "restore_seconds": 0.0,
      "file_write_seconds": 5.710899131372571e-05,
      "operation_seconds": 0.14324654499068856,
      "total_phase_seconds": 0.14558625099016353,
      "scope": "file writes include journal intent/add/flush; excludes this timing receipt and checkpoint writes",
      "mode": "stage4_sealed_cell",
      "banner": "sealed Stage 4; scientific admission also requires complete declared populations"
    },
    {
      "phase": "immediate:10",
      "identity_check_kind": "in_memory_structure_and_configuration",
      "recipe_verification_seconds": 0.0,
      "identity_verification_seconds": 0.0,
      "identity_check_seconds": 0.00206159200752154,
      "state_hash_seconds": 0.0010322899906896055,
      "clone_seconds": 0.0,
      "restore_seconds": 0.0,
      "file_write_seconds": 6.496498826891184e-05,
      "operation_seconds": 0.05045416601933539,
      "total_phase_seconds": 0.053690580010879785,
      "scope": "file writes include journal intent/add/flush; excludes this timing receipt and checkpoint writes",
      "mode": "stage4_sealed_cell",
      "banner": "sealed Stage 4; scientific admission also requires complete declared populations"
    },
    {
      "phase": "edit:11",
      "identity_check_kind": "in_memory_structure_and_configuration",
      "recipe_verification_seconds": 0.0,
      "identity_verification_seconds": 0.0,
      "identity_check_seconds": 0.0019730939529836178,
      "state_hash_seconds": 7.184792775660753e-05,
      "clone_seconds": 0.0,
      "restore_seconds": 0.0,
      "file_write_seconds": 5.946401506662369e-05,
      "operation_seconds": 0.12858000496635213,
      "total_phase_seconds": 0.1307427819701843,
      "scope": "file writes include journal intent/add/flush; excludes this timing receipt and checkpoint writes",
      "mode": "stage4_sealed_cell",
      "banner": "sealed Stage 4; scientific admission also requires complete declared populations"
    },
    {
      "phase": "immediate:11",
      "identity_check_kind": "in_memory_structure_and_configuration",
      "recipe_verification_seconds": 0.0,
      "identity_verification_seconds": 0.0,
      "identity_check_seconds": 0.002000996028073132,
      "state_hash_seconds": 0.0011073830537497997,
      "clone_seconds": 0.0,
      "restore_seconds": 0.0,
      "file_write_seconds": 5.748000694438815e-05,
      "operation_seconds": 0.022736673010513186,
      "total_phase_seconds": 0.025974991032853723,
      "scope": "file writes include journal intent/add/flush; excludes this timing receipt and checkpoint writes",
      "mode": "stage4_sealed_cell",
      "banner": "sealed Stage 4; scientific admission also requires complete declared populations"
    },
    {
      "phase": "edit:12",
      "identity_check_kind": "in_memory_structure_and_configuration",
      "recipe_verification_seconds": 0.0,
      "identity_verification_seconds": 0.0,
      "identity_check_seconds": 0.0021093340474180877,
      "state_hash_seconds": 7.75499502196908e-05,
      "clone_seconds": 0.0,
      "restore_seconds": 0.0,
      "file_write_seconds": 5.923403659835458e-05,
      "operation_seconds": 0.09361355402506888,
      "total_phase_seconds": 0.09592246101237833,
      "scope": "file writes include journal intent/add/flush; excludes this timing receipt and checkpoint writes",
      "mode": "stage4_sealed_cell",
      "banner": "sealed Stage 4; scientific admission also requires complete declared populations"
    },
    {
      "phase": "immediate:12",
      "identity_check_kind": "in_memory_structure_and_configuration",
      "recipe_verification_seconds": 0.0,
      "identity_verification_seconds": 0.0,
      "identity_check_seconds": 0.0024474220699630678,
      "state_hash_seconds": 0.0012362610432319343,
      "clone_seconds": 0.0,
      "restore_seconds": 0.0,
      "file_write_seconds": 9.325804421678185e-05,
      "operation_seconds": 0.03929470799630508,
      "total_phase_seconds": 0.04316043003927916,
      "scope": "file writes include journal intent/add/flush; excludes this timing receipt and checkpoint writes",
      "mode": "stage4_sealed_cell",
      "banner": "sealed Stage 4; scientific admission also requires complete declared populations"
    },
    {
      "phase": "edit:13",
      "identity_check_kind": "in_memory_structure_and_configuration",
      "recipe_verification_seconds": 0.0,
      "identity_verification_seconds": 0.0,
      "identity_check_seconds": 0.0020254740375094116,
      "state_hash_seconds": 0.00010999094229191542,
      "clone_seconds": 0.0,
      "restore_seconds": 0.0,
      "file_write_seconds": 6.95030321367085e-05,
      "operation_seconds": 0.11830606596777216,
      "total_phase_seconds": 0.12057959602680057,
      "scope": "file writes include journal intent/add/flush; excludes this timing receipt and checkpoint writes",
      "mode": "stage4_sealed_cell",
      "banner": "sealed Stage 4; scientific admission also requires complete declared populations"
    },
    {
      "phase": "immediate:13",
      "identity_check_kind": "in_memory_structure_and_configuration",
      "recipe_verification_seconds": 0.0,
      "identity_verification_seconds": 0.0,
      "identity_check_seconds": 0.0018902349984273314,
      "state_hash_seconds": 0.0010937670012935996,
      "clone_seconds": 0.0,
      "restore_seconds": 0.0,
      "file_write_seconds": 6.682798266410828e-05,
      "operation_seconds": 0.028421943017747253,
      "total_phase_seconds": 0.03154475998599082,
      "scope": "file writes include journal intent/add/flush; excludes this timing receipt and checkpoint writes",
      "mode": "stage4_sealed_cell",
      "banner": "sealed Stage 4; scientific admission also requires complete declared populations"
    },
    {
      "phase": "edit:14",
      "identity_check_kind": "in_memory_structure_and_configuration",
      "recipe_verification_seconds": 0.0,
      "identity_verification_seconds": 0.0,
      "identity_check_seconds": 0.0020277570001780987,
      "state_hash_seconds": 7.491401629522443e-05,
      "clone_seconds": 0.0,
      "restore_seconds": 0.0,
      "file_write_seconds": 5.918304668739438e-05,
      "operation_seconds": 2.5003235730109736,
      "total_phase_seconds": 2.502550012024585,
      "scope": "file writes include journal intent/add/flush; excludes this timing receipt and checkpoint writes",
      "mode": "stage4_sealed_cell",
      "banner": "sealed Stage 4; scientific admission also requires complete declared populations"
    },
    {
      "phase": "immediate:14",
      "identity_check_kind": "in_memory_structure_and_configuration",
      "recipe_verification_seconds": 0.0,
      "identity_verification_seconds": 0.0,
      "identity_check_seconds": 0.0020675239502452314,
      "state_hash_seconds": 0.0012095390702597797,
      "clone_seconds": 0.0,
      "restore_seconds": 0.0,
      "file_write_seconds": 5.9933983720839024e-05,
      "operation_seconds": 0.4084857340203598,
      "total_phase_seconds": 0.4118976549943909,
      "scope": "file writes include journal intent/add/flush; excludes this timing receipt and checkpoint writes",
      "mode": "stage4_sealed_cell",
      "banner": "sealed Stage 4; scientific admission also requires complete declared populations"
    },
    {
      "phase": "edit:15",
      "identity_check_kind": "in_memory_structure_and_configuration",
      "recipe_verification_seconds": 0.0,
      "identity_verification_seconds": 0.0,
      "identity_check_seconds": 0.002011406992096454,
      "state_hash_seconds": 8.361099753528833e-05,
      "clone_seconds": 0.0,
      "restore_seconds": 0.0,
      "file_write_seconds": 6.383203435689211e-05,
      "operation_seconds": 0.29481951298657805,
      "total_phase_seconds": 0.2970462520024739,
      "scope": "file writes include journal intent/add/flush; excludes this timing receipt and checkpoint writes",
      "mode": "stage4_sealed_cell",
      "banner": "sealed Stage 4; scientific admission also requires complete declared populations"
    },
    {
      "phase": "immediate:15",
      "identity_check_kind": "in_memory_structure_and_configuration",
      "recipe_verification_seconds": 0.0,
      "identity_verification_seconds": 0.0,
      "identity_check_seconds": 0.0021143729682080448,
      "state_hash_seconds": 0.0013687139726243913,
      "clone_seconds": 0.0,
      "restore_seconds": 0.0,
      "file_write_seconds": 6.296095671132207e-05,
      "operation_seconds": 0.051862264983356,
      "total_phase_seconds": 0.05549766501644626,
      "scope": "file writes include journal intent/add/flush; excludes this timing receipt and checkpoint writes",
      "mode": "stage4_sealed_cell",
      "banner": "sealed Stage 4; scientific admission also requires complete declared populations"
    },
    {
      "phase": "edit:16",
      "identity_check_kind": "in_memory_structure_and_configuration",
      "recipe_verification_seconds": 0.0,
      "identity_verification_seconds": 0.0,
      "identity_check_seconds": 0.002086821012198925,
      "state_hash_seconds": 9.323802078142762e-05,
      "clone_seconds": 0.0,
      "restore_seconds": 0.0,
      "file_write_seconds": 6.0556980315595865e-05,
      "operation_seconds": 0.2266108079929836,
      "total_phase_seconds": 0.22891463502310216,
      "scope": "file writes include journal intent/add/flush; excludes this timing receipt and checkpoint writes",
      "mode": "stage4_sealed_cell",
      "banner": "sealed Stage 4; scientific admission also requires complete declared populations"
    },
    {
      "phase": "immediate:16",
      "identity_check_kind": "in_memory_structure_and_configuration",
      "recipe_verification_seconds": 0.0,
      "identity_verification_seconds": 0.0,
      "identity_check_seconds": 0.0020063869887962937,
      "state_hash_seconds": 0.0014483369886875153,
      "clone_seconds": 0.0,
      "restore_seconds": 0.0,
      "file_write_seconds": 0.004724207043182105,
      "operation_seconds": 0.0475430529913865,
      "total_phase_seconds": 0.05585609201807529,
      "scope": "file writes include journal intent/add/flush; excludes this timing receipt and checkpoint writes",
      "mode": "stage4_sealed_cell",
      "banner": "sealed Stage 4; scientific admission also requires complete declared populations"
    },
    {
      "phase": "edit:17",
      "identity_check_kind": "in_memory_structure_and_configuration",
      "recipe_verification_seconds": 0.0,
      "identity_verification_seconds": 0.0,
      "identity_check_seconds": 0.002110395987983793,
      "state_hash_seconds": 9.14049451239407e-05,
      "clone_seconds": 0.0,
      "restore_seconds": 0.0,
      "file_write_seconds": 0.0012157210148870945,
      "operation_seconds": 0.1386149549507536,
      "total_phase_seconds": 0.14209706097608432,
      "scope": "file writes include journal intent/add/flush; excludes this timing receipt and checkpoint writes",
      "mode": "stage4_sealed_cell",
      "banner": "sealed Stage 4; scientific admission also requires complete declared populations"
    },
    {
      "phase": "immediate:17",
      "identity_check_kind": "in_memory_structure_and_configuration",
      "recipe_verification_seconds": 0.0,
      "identity_verification_seconds": 0.0,
      "identity_check_seconds": 0.0021286309929564595,
      "state_hash_seconds": 0.0016805619816295803,
      "clone_seconds": 0.0,
      "restore_seconds": 0.0,
      "file_write_seconds": 5.7089084293693304e-05,
      "operation_seconds": 0.05436729802750051,
      "total_phase_seconds": 0.05831521697109565,
      "scope": "file writes include journal intent/add/flush; excludes this timing receipt and checkpoint writes",
      "mode": "stage4_sealed_cell",
      "banner": "sealed Stage 4; scientific admission also requires complete declared populations"
    },
    {
      "phase": "edit:18",
      "identity_check_kind": "in_memory_structure_and_configuration",
      "recipe_verification_seconds": 0.0,
      "identity_verification_seconds": 0.0,
      "identity_check_seconds": 0.0023002089583314955,
      "state_hash_seconds": 8.975097443908453e-05,
      "clone_seconds": 0.0,
      "restore_seconds": 0.0,
      "file_write_seconds": 5.885201971977949e-05,
      "operation_seconds": 0.09397822298342362,
      "total_phase_seconds": 0.09649262396851555,
      "scope": "file writes include journal intent/add/flush; excludes this timing receipt and checkpoint writes",
      "mode": "stage4_sealed_cell",
      "banner": "sealed Stage 4; scientific admission also requires complete declared populations"
    },
    {
      "phase": "immediate:18",
      "identity_check_kind": "in_memory_structure_and_configuration",
      "recipe_verification_seconds": 0.0,
      "identity_verification_seconds": 0.0,
      "identity_check_seconds": 0.0019743459415622056,
      "state_hash_seconds": 0.0015259060310199857,
      "clone_seconds": 0.0,
      "restore_seconds": 0.0,
      "file_write_seconds": 5.650799721479416e-05,
      "operation_seconds": 0.03417147696018219,
      "total_phase_seconds": 0.03779602603754029,
      "scope": "file writes include journal intent/add/flush; excludes this timing receipt and checkpoint writes",
      "mode": "stage4_sealed_cell",
      "banner": "sealed Stage 4; scientific admission also requires complete declared populations"
    },
    {
      "phase": "edit:19",
      "identity_check_kind": "in_memory_structure_and_configuration",
      "recipe_verification_seconds": 0.0,
      "identity_verification_seconds": 0.0,
      "identity_check_seconds": 0.0019779729773290455,
      "state_hash_seconds": 0.00011268601519986987,
      "clone_seconds": 0.0,
      "restore_seconds": 0.0,
      "file_write_seconds": 5.823193350806832e-05,
      "operation_seconds": 0.12458457401953638,
      "total_phase_seconds": 0.12679777800804004,
      "scope": "file writes include journal intent/add/flush; excludes this timing receipt and checkpoint writes",
      "mode": "stage4_sealed_cell",
      "banner": "sealed Stage 4; scientific admission also requires complete declared populations"
    },
    {
      "phase": "immediate:19",
      "identity_check_kind": "in_memory_structure_and_configuration",
      "recipe_verification_seconds": 0.0,
      "identity_verification_seconds": 0.0,
      "identity_check_seconds": 0.002032546966802329,
      "state_hash_seconds": 0.001618723093997687,
      "clone_seconds": 0.0,
      "restore_seconds": 0.0,
      "file_write_seconds": 5.7560973800718784e-05,
      "operation_seconds": 0.04026684403652325,
      "total_phase_seconds": 0.04404964600689709,
      "scope": "file writes include journal intent/add/flush; excludes this timing receipt and checkpoint writes",
      "mode": "stage4_sealed_cell",
      "banner": "sealed Stage 4; scientific admission also requires complete declared populations"
    },
    {
      "phase": "edit:20",
      "identity_check_kind": "in_memory_structure_and_configuration",
      "recipe_verification_seconds": 0.0,
      "identity_verification_seconds": 0.0,
      "identity_check_seconds": 0.0020807490218430758,
      "state_hash_seconds": 0.00010701600695028901,
      "clone_seconds": 0.0,
      "restore_seconds": 0.0,
      "file_write_seconds": 6.005499744787812e-05,
      "operation_seconds": 0.23325651901541278,
      "total_phase_seconds": 0.2355712879798375,
      "scope": "file writes include journal intent/add/flush; excludes this timing receipt and checkpoint writes",
      "mode": "stage4_sealed_cell",
      "banner": "sealed Stage 4; scientific admission also requires complete declared populations"
    },
    {
      "phase": "immediate:20",
      "identity_check_kind": "in_memory_structure_and_configuration",
      "recipe_verification_seconds": 0.0,
      "identity_verification_seconds": 0.0,
      "identity_check_seconds": 0.002135924994945526,
      "state_hash_seconds": 0.0017572300275787711,
      "clone_seconds": 0.0,
      "restore_seconds": 0.0,
      "file_write_seconds": 5.80810010433197e-05,
      "operation_seconds": 0.07818067498737946,
      "total_phase_seconds": 0.08220815600361675,
      "scope": "file writes include journal intent/add/flush; excludes this timing receipt and checkpoint writes",
      "mode": "stage4_sealed_cell",
      "banner": "sealed Stage 4; scientific admission also requires complete declared populations"
    },
    {
      "phase": "edit:21",
      "identity_check_kind": "in_memory_structure_and_configuration",
      "recipe_verification_seconds": 0.0,
      "identity_verification_seconds": 0.0,
      "identity_check_seconds": 0.0020734359859488904,
      "state_hash_seconds": 9.522296022623777e-05,
      "clone_seconds": 0.0,
      "restore_seconds": 0.0,
      "file_write_seconds": 5.945295561105013e-05,
      "operation_seconds": 0.09092230396345258,
      "total_phase_seconds": 0.09321698400890455,
      "scope": "file writes include journal intent/add/flush; excludes this timing receipt and checkpoint writes",
      "mode": "stage4_sealed_cell",
      "banner": "sealed Stage 4; scientific admission also requires complete declared populations"
    },
    {
      "phase": "immediate:21",
      "identity_check_kind": "in_memory_structure_and_configuration",
      "recipe_verification_seconds": 0.0,
      "identity_verification_seconds": 0.0,
      "identity_check_seconds": 0.002470027015078813,
      "state_hash_seconds": 0.0020854190224781632,
      "clone_seconds": 0.0,
      "restore_seconds": 0.0,
      "file_write_seconds": 9.700702503323555e-05,
      "operation_seconds": 0.04326092399423942,
      "total_phase_seconds": 0.04801564000081271,
      "scope": "file writes include journal intent/add/flush; excludes this timing receipt and checkpoint writes",
      "mode": "stage4_sealed_cell",
      "banner": "sealed Stage 4; scientific admission also requires complete declared populations"
    },
    {
      "phase": "edit:22",
      "identity_check_kind": "in_memory_structure_and_configuration",
      "recipe_verification_seconds": 0.0,
      "identity_verification_seconds": 0.0,
      "identity_check_seconds": 0.0024850040208548307,
      "state_hash_seconds": 0.000111163011752069,
      "clone_seconds": 0.0,
      "restore_seconds": 0.0,
      "file_write_seconds": 5.966302705928683e-05,
      "operation_seconds": 0.36554333101958036,
      "total_phase_seconds": 0.3682674739975482,
      "scope": "file writes include journal intent/add/flush; excludes this timing receipt and checkpoint writes",
      "mode": "stage4_sealed_cell",
      "banner": "sealed Stage 4; scientific admission also requires complete declared populations"
    },
    {
      "phase": "immediate:22",
      "identity_check_kind": "in_memory_structure_and_configuration",
      "recipe_verification_seconds": 0.0,
      "identity_verification_seconds": 0.0,
      "identity_check_seconds": 0.0021312260068953037,
      "state_hash_seconds": 0.0019289489137008786,
      "clone_seconds": 0.0,
      "restore_seconds": 0.0,
      "file_write_seconds": 5.901401164010167e-05,
      "operation_seconds": 0.06107142101973295,
      "total_phase_seconds": 0.06526425998890772,
      "scope": "file writes include journal intent/add/flush; excludes this timing receipt and checkpoint writes",
      "mode": "stage4_sealed_cell",
      "banner": "sealed Stage 4; scientific admission also requires complete declared populations"
    },
    {
      "phase": "edit:23",
      "identity_check_kind": "in_memory_structure_and_configuration",
      "recipe_verification_seconds": 0.0,
      "identity_verification_seconds": 0.0,
      "identity_check_seconds": 0.002067172958049923,
      "state_hash_seconds": 9.956106077879667e-05,
      "clone_seconds": 0.0,
      "restore_seconds": 0.0,
      "file_write_seconds": 5.81319909542799e-05,
      "operation_seconds": 0.1430942119914107,
      "total_phase_seconds": 0.14538467302918434,
      "scope": "file writes include journal intent/add/flush; excludes this timing receipt and checkpoint writes",
      "mode": "stage4_sealed_cell",
      "banner": "sealed Stage 4; scientific admission also requires complete declared populations"
    },
    {
      "phase": "immediate:23",
      "identity_check_kind": "in_memory_structure_and_configuration",
      "recipe_verification_seconds": 0.0,
      "identity_verification_seconds": 0.0,
      "identity_check_seconds": 0.0019995240145362914,
      "state_hash_seconds": 0.0020122090354561806,
      "clone_seconds": 0.0,
      "restore_seconds": 0.0,
      "file_write_seconds": 5.6638033129274845e-05,
      "operation_seconds": 0.04686574498191476,
      "total_phase_seconds": 0.051013056945521384,
      "scope": "file writes include journal intent/add/flush; excludes this timing receipt and checkpoint writes",
      "mode": "stage4_sealed_cell",
      "banner": "sealed Stage 4; scientific admission also requires complete declared populations"
    },
    {
      "phase": "edit:24",
      "identity_check_kind": "in_memory_structure_and_configuration",
      "recipe_verification_seconds": 0.0,
      "identity_verification_seconds": 0.0,
      "identity_check_seconds": 0.0019518330227583647,
      "state_hash_seconds": 9.650597348809242e-05,
      "clone_seconds": 0.0,
      "restore_seconds": 0.0,
      "file_write_seconds": 5.917291855439544e-05,
      "operation_seconds": 0.12539005902362987,
      "total_phase_seconds": 0.12756094097858295,
      "scope": "file writes include journal intent/add/flush; excludes this timing receipt and checkpoint writes",
      "mode": "stage4_sealed_cell",
      "banner": "sealed Stage 4; scientific admission also requires complete declared populations"
    },
    {
      "phase": "immediate:24",
      "identity_check_kind": "in_memory_structure_and_configuration",
      "recipe_verification_seconds": 0.0,
      "identity_verification_seconds": 0.0,
      "identity_check_seconds": 0.0020935829379595816,
      "state_hash_seconds": 0.00206742191221565,
      "clone_seconds": 0.0,
      "restore_seconds": 0.0,
      "file_write_seconds": 5.8040954172611237e-05,
      "operation_seconds": 0.04166167799849063,
      "total_phase_seconds": 0.045954698987770826,
      "scope": "file writes include journal intent/add/flush; excludes this timing receipt and checkpoint writes",
      "mode": "stage4_sealed_cell",
      "banner": "sealed Stage 4; scientific admission also requires complete declared populations"
    },
    {
      "phase": "edit:25",
      "identity_check_kind": "in_memory_structure_and_configuration",
      "recipe_verification_seconds": 0.0,
      "identity_verification_seconds": 0.0,
      "identity_check_seconds": 0.0020606910111382604,
      "state_hash_seconds": 8.917000377550721e-05,
      "clone_seconds": 0.0,
      "restore_seconds": 0.0,
      "file_write_seconds": 5.946500459685922e-05,
      "operation_seconds": 0.0893098619999364,
      "total_phase_seconds": 0.09158016496803612,
      "scope": "file writes include journal intent/add/flush; excludes this timing receipt and checkpoint writes",
      "mode": "stage4_sealed_cell",
      "banner": "sealed Stage 4; scientific admission also requires complete declared populations"
    },
    {
      "phase": "immediate:25",
      "identity_check_kind": "in_memory_structure_and_configuration",
      "recipe_verification_seconds": 0.0,
      "identity_verification_seconds": 0.0,
      "identity_check_seconds": 0.0022195749916136265,
      "state_hash_seconds": 0.002016315993387252,
      "clone_seconds": 0.0,
      "restore_seconds": 0.0,
      "file_write_seconds": 6.272993050515652e-05,
      "operation_seconds": 0.03496510803233832,
      "total_phase_seconds": 0.03933316300390288,
      "scope": "file writes include journal intent/add/flush; excludes this timing receipt and checkpoint writes",
      "mode": "stage4_sealed_cell",
      "banner": "sealed Stage 4; scientific admission also requires complete declared populations"
    },
    {
      "phase": "edit:26",
      "identity_check_kind": "in_memory_structure_and_configuration",
      "recipe_verification_seconds": 0.0,
      "identity_verification_seconds": 0.0,
      "identity_check_seconds": 0.002054448937997222,
      "state_hash_seconds": 0.00010599306551739573,
      "clone_seconds": 0.0,
      "restore_seconds": 0.0,
      "file_write_seconds": 5.851202877238393e-05,
      "operation_seconds": 0.09342674602521583,
      "total_phase_seconds": 0.09570957301184535,
      "scope": "file writes include journal intent/add/flush; excludes this timing receipt and checkpoint writes",
      "mode": "stage4_sealed_cell",
      "banner": "sealed Stage 4; scientific admission also requires complete declared populations"
    },
    {
      "phase": "immediate:26",
      "identity_check_kind": "in_memory_structure_and_configuration",
      "recipe_verification_seconds": 0.0,
      "identity_verification_seconds": 0.0,
      "identity_check_seconds": 0.0019211230101063848,
      "state_hash_seconds": 0.0020532059716060758,
      "clone_seconds": 0.0,
      "restore_seconds": 0.0,
      "file_write_seconds": 5.529599729925394e-05,
      "operation_seconds": 0.03741654800251126,
      "total_phase_seconds": 0.04151421500137076,
      "scope": "file writes include journal intent/add/flush; excludes this timing receipt and checkpoint writes",
      "mode": "stage4_sealed_cell",
      "banner": "sealed Stage 4; scientific admission also requires complete declared populations"
    },
    {
      "phase": "edit:27",
      "identity_check_kind": "in_memory_structure_and_configuration",
      "recipe_verification_seconds": 0.0,
      "identity_verification_seconds": 0.0,
      "identity_check_seconds": 0.001933707040734589,
      "state_hash_seconds": 8.792901644483209e-05,
      "clone_seconds": 0.0,
      "restore_seconds": 0.0,
      "file_write_seconds": 5.854095797985792e-05,
      "operation_seconds": 0.1964788360055536,
      "total_phase_seconds": 0.19861586298793554,
      "scope": "file writes include journal intent/add/flush; excludes this timing receipt and checkpoint writes",
      "mode": "stage4_sealed_cell",
      "banner": "sealed Stage 4; scientific admission also requires complete declared populations"
    },
    {
      "phase": "immediate:27",
      "identity_check_kind": "in_memory_structure_and_configuration",
      "recipe_verification_seconds": 0.0,
      "identity_verification_seconds": 0.0,
      "identity_check_seconds": 0.0021209170226939023,
      "state_hash_seconds": 0.0021896380349062383,
      "clone_seconds": 0.0,
      "restore_seconds": 0.0,
      "file_write_seconds": 5.698006134480238e-05,
      "operation_seconds": 0.06718074501259252,
      "total_phase_seconds": 0.07162430399330333,
      "scope": "file writes include journal intent/add/flush; excludes this timing receipt and checkpoint writes",
      "mode": "stage4_sealed_cell",
      "banner": "sealed Stage 4; scientific admission also requires complete declared populations"
    },
    {
      "phase": "edit:28",
      "identity_check_kind": "in_memory_structure_and_configuration",
      "recipe_verification_seconds": 0.0,
      "identity_verification_seconds": 0.0,
      "identity_check_seconds": 0.001974326034542173,
      "state_hash_seconds": 0.00011277600424364209,
      "clone_seconds": 0.0,
      "restore_seconds": 0.0,
      "file_write_seconds": 6.773998029530048e-05,
      "operation_seconds": 0.2333448090357706,
      "total_phase_seconds": 0.23556131799705327,
      "scope": "file writes include journal intent/add/flush; excludes this timing receipt and checkpoint writes",
      "mode": "stage4_sealed_cell",
      "banner": "sealed Stage 4; scientific admission also requires complete declared populations"
    },
    {
      "phase": "immediate:28",
      "identity_check_kind": "in_memory_structure_and_configuration",
      "recipe_verification_seconds": 0.0,
      "identity_verification_seconds": 0.0,
      "identity_check_seconds": 0.0021197039750404656,
      "state_hash_seconds": 0.0022969440324231982,
      "clone_seconds": 0.0,
      "restore_seconds": 0.0,
      "file_write_seconds": 5.9354002587497234e-05,
      "operation_seconds": 0.0698321180534549,
      "total_phase_seconds": 0.07438325398834422,
      "scope": "file writes include journal intent/add/flush; excludes this timing receipt and checkpoint writes",
      "mode": "stage4_sealed_cell",
      "banner": "sealed Stage 4; scientific admission also requires complete declared populations"
    },
    {
      "phase": "edit:29",
      "identity_check_kind": "in_memory_structure_and_configuration",
      "recipe_verification_seconds": 0.0,
      "identity_verification_seconds": 0.0,
      "identity_check_seconds": 0.0025412419927306473,
      "state_hash_seconds": 0.00011504994472488761,
      "clone_seconds": 0.0,
      "restore_seconds": 0.0,
      "file_write_seconds": 6.22600200586021e-05,
      "operation_seconds": 0.20852859900332987,
      "total_phase_seconds": 0.21132302697515115,
      "scope": "file writes include journal intent/add/flush; excludes this timing receipt and checkpoint writes",
      "mode": "stage4_sealed_cell",
      "banner": "sealed Stage 4; scientific admission also requires complete declared populations"
    },
    {
      "phase": "immediate:29",
      "identity_check_kind": "in_memory_structure_and_configuration",
      "recipe_verification_seconds": 0.0,
      "identity_verification_seconds": 0.0,
      "identity_check_seconds": 0.002167214988730848,
      "state_hash_seconds": 0.0024039290728978813,
      "clone_seconds": 0.0,
      "restore_seconds": 0.0,
      "file_write_seconds": 6.27700355835259e-05,
      "operation_seconds": 0.07639290700899437,
      "total_phase_seconds": 0.08111150399781764,
      "scope": "file writes include journal intent/add/flush; excludes this timing receipt and checkpoint writes",
      "mode": "stage4_sealed_cell",
      "banner": "sealed Stage 4; scientific admission also requires complete declared populations"
    },
    {
      "phase": "edit:30",
      "identity_check_kind": "in_memory_structure_and_configuration",
      "recipe_verification_seconds": 0.0,
      "identity_verification_seconds": 0.0,
      "identity_check_seconds": 0.0025446880026720464,
      "state_hash_seconds": 0.00013277499238029122,
      "clone_seconds": 0.0,
      "restore_seconds": 0.0,
      "file_write_seconds": 9.850895730778575e-05,
      "operation_seconds": 0.13988879701355472,
      "total_phase_seconds": 0.14274138602195308,
      "scope": "file writes include journal intent/add/flush; excludes this timing receipt and checkpoint writes",
      "mode": "stage4_sealed_cell",
      "banner": "sealed Stage 4; scientific admission also requires complete declared populations"
    },
    {
      "phase": "immediate:30",
      "identity_check_kind": "in_memory_structure_and_configuration",
      "recipe_verification_seconds": 0.0,
      "identity_verification_seconds": 0.0,
      "identity_check_seconds": 0.0021305050468072295,
      "state_hash_seconds": 0.002489553007762879,
      "clone_seconds": 0.0,
      "restore_seconds": 0.0,
      "file_write_seconds": 7.851095870137215e-05,
      "operation_seconds": 0.05415143398568034,
      "total_phase_seconds": 0.05892418505391106,
      "scope": "file writes include journal intent/add/flush; excludes this timing receipt and checkpoint writes",
      "mode": "stage4_sealed_cell",
      "banner": "sealed Stage 4; scientific admission also requires complete declared populations"
    },
    {
      "phase": "edit:31",
      "identity_check_kind": "in_memory_structure_and_configuration",
      "recipe_verification_seconds": 0.0,
      "identity_verification_seconds": 0.0,
      "identity_check_seconds": 0.0020349419210106134,
      "state_hash_seconds": 9.608396794646978e-05,
      "clone_seconds": 0.0,
      "restore_seconds": 0.0,
      "file_write_seconds": 6.608600961044431e-05,
      "operation_seconds": 0.13730592495994642,
      "total_phase_seconds": 0.13956490496639162,
      "scope": "file writes include journal intent/add/flush; excludes this timing receipt and checkpoint writes",
      "mode": "stage4_sealed_cell",
      "banner": "sealed Stage 4; scientific admission also requires complete declared populations"
    },
    {
      "phase": "immediate:31",
      "identity_check_kind": "in_memory_structure_and_configuration",
      "recipe_verification_seconds": 0.0,
      "identity_verification_seconds": 0.0,
      "identity_check_seconds": 0.0019959869678132236,
      "state_hash_seconds": 0.002579126041382551,
      "clone_seconds": 0.0,
      "restore_seconds": 0.0,
      "file_write_seconds": 6.1027007177472115e-05,
      "operation_seconds": 0.03979316499317065,
      "total_phase_seconds": 0.044502032978925854,
      "scope": "file writes include journal intent/add/flush; excludes this timing receipt and checkpoint writes",
      "mode": "stage4_sealed_cell",
      "banner": "sealed Stage 4; scientific admission also requires complete declared populations"
    },
    {
      "phase": "edit:32",
      "identity_check_kind": "in_memory_structure_and_configuration",
      "recipe_verification_seconds": 0.0,
      "identity_verification_seconds": 0.0,
      "identity_check_seconds": 0.00195745297241956,
      "state_hash_seconds": 9.600602788850665e-05,
      "clone_seconds": 0.0,
      "restore_seconds": 0.0,
      "file_write_seconds": 5.895301001146436e-05,
      "operation_seconds": 0.11370767001062632,
      "total_phase_seconds": 0.11587725998833776,
      "scope": "file writes include journal intent/add/flush; excludes this timing receipt and checkpoint writes",
      "mode": "stage4_sealed_cell",
      "banner": "sealed Stage 4; scientific admission also requires complete declared populations"
    },
    {
      "phase": "immediate:32",
      "identity_check_kind": "in_memory_structure_and_configuration",
      "recipe_verification_seconds": 0.0,
      "identity_verification_seconds": 0.0,
      "identity_check_seconds": 0.002011406992096454,
      "state_hash_seconds": 0.002615214034449309,
      "clone_seconds": 0.0,
      "restore_seconds": 0.0,
      "file_write_seconds": 0.00449773296713829,
      "operation_seconds": 0.043794987024739385,
      "total_phase_seconds": 0.05300977500155568,
      "scope": "file writes include journal intent/add/flush; excludes this timing receipt and checkpoint writes",
      "mode": "stage4_sealed_cell",
      "banner": "sealed Stage 4; scientific admission also requires complete declared populations"
    },
    {
      "phase": "edit:33",
      "identity_check_kind": "in_memory_structure_and_configuration",
      "recipe_verification_seconds": 0.0,
      "identity_verification_seconds": 0.0,
      "identity_check_seconds": 0.002077682933304459,
      "state_hash_seconds": 0.00010913808364421129,
      "clone_seconds": 0.0,
      "restore_seconds": 0.0,
      "file_write_seconds": 0.0011153679806739092,
      "operation_seconds": 0.17205811495659873,
      "total_phase_seconds": 0.17542242497438565,
      "scope": "file writes include journal intent/add/flush; excludes this timing receipt and checkpoint writes",
      "mode": "stage4_sealed_cell",
      "banner": "sealed Stage 4; scientific admission also requires complete declared populations"
    },
    {
      "phase": "immediate:33",
      "identity_check_kind": "in_memory_structure_and_configuration",
      "recipe_verification_seconds": 0.0,
      "identity_verification_seconds": 0.0,
      "identity_check_seconds": 0.002106319065205753,
      "state_hash_seconds": 0.002703373960684985,
      "clone_seconds": 0.0,
      "restore_seconds": 0.0,
      "file_write_seconds": 5.9333979152143e-05,
      "operation_seconds": 0.048974457022268325,
      "total_phase_seconds": 0.053919839032460004,
      "scope": "file writes include journal intent/add/flush; excludes this timing receipt and checkpoint writes",
      "mode": "stage4_sealed_cell",
      "banner": "sealed Stage 4; scientific admission also requires complete declared populations"
    },
    {
      "phase": "edit:34",
      "identity_check_kind": "in_memory_structure_and_configuration",
      "recipe_verification_seconds": 0.0,
      "identity_verification_seconds": 0.0,
      "identity_check_seconds": 0.002129863016307354,
      "state_hash_seconds": 0.00011499098036438227,
      "clone_seconds": 0.0,
      "restore_seconds": 0.0,
      "file_write_seconds": 6.118800956755877e-05,
      "operation_seconds": 0.27615763299399987,
      "total_phase_seconds": 0.2785319349495694,
      "scope": "file writes include journal intent/add/flush; excludes this timing receipt and checkpoint writes",
      "mode": "stage4_sealed_cell",
      "banner": "sealed Stage 4; scientific admission also requires complete declared populations"
    },
    {
      "phase": "immediate:34",
      "identity_check_kind": "in_memory_structure_and_configuration",
      "recipe_verification_seconds": 0.0,
      "identity_verification_seconds": 0.0,
      "identity_check_seconds": 0.002198324946220964,
      "state_hash_seconds": 0.0028967950493097305,
      "clone_seconds": 0.0,
      "restore_seconds": 0.0,
      "file_write_seconds": 5.897402297705412e-05,
      "operation_seconds": 0.09034976601833478,
      "total_phase_seconds": 0.09564492898061872,
      "scope": "file writes include journal intent/add/flush; excludes this timing receipt and checkpoint writes",
      "mode": "stage4_sealed_cell",
      "banner": "sealed Stage 4; scientific admission also requires complete declared populations"
    },
    {
      "phase": "edit:35",
      "identity_check_kind": "in_memory_structure_and_configuration",
      "recipe_verification_seconds": 0.0,
      "identity_verification_seconds": 0.0,
      "identity_check_seconds": 0.00212620705133304,
      "state_hash_seconds": 9.700702503323555e-05,
      "clone_seconds": 0.0,
      "restore_seconds": 0.0,
      "file_write_seconds": 5.9493992011994123e-05,
      "operation_seconds": 0.12833228998351842,
      "total_phase_seconds": 0.13068581197876483,
      "scope": "file writes include journal intent/add/flush; excludes this timing receipt and checkpoint writes",
      "mode": "stage4_sealed_cell",
      "banner": "sealed Stage 4; scientific admission also requires complete declared populations"
    },
    {
      "phase": "immediate:35",
      "identity_check_kind": "in_memory_structure_and_configuration",
      "recipe_verification_seconds": 0.0,
      "identity_verification_seconds": 0.0,
      "identity_check_seconds": 0.0020474460325203836,
      "state_hash_seconds": 0.0029959669918753207,
      "clone_seconds": 0.0,
      "restore_seconds": 0.0,
      "file_write_seconds": 5.811103619635105e-05,
      "operation_seconds": 0.039499962993431836,
      "total_phase_seconds": 0.044678701960947365,
      "scope": "file writes include journal intent/add/flush; excludes this timing receipt and checkpoint writes",
      "mode": "stage4_sealed_cell",
      "banner": "sealed Stage 4; scientific admission also requires complete declared populations"
    },
    {
      "phase": "edit:36",
      "identity_check_kind": "in_memory_structure_and_configuration",
      "recipe_verification_seconds": 0.0,
      "identity_verification_seconds": 0.0,
      "identity_check_seconds": 0.002111217996571213,
      "state_hash_seconds": 0.00011574989184737206,
      "clone_seconds": 0.0,
      "restore_seconds": 0.0,
      "file_write_seconds": 5.904200952500105e-05,
      "operation_seconds": 0.12276674900203943,
      "total_phase_seconds": 0.1251137990038842,
      "scope": "file writes include journal intent/add/flush; excludes this timing receipt and checkpoint writes",
      "mode": "stage4_sealed_cell",
      "banner": "sealed Stage 4; scientific admission also requires complete declared populations"
    },
    {
      "phase": "immediate:36",
      "identity_check_kind": "in_memory_structure_and_configuration",
      "recipe_verification_seconds": 0.0,
      "identity_verification_seconds": 0.0,
      "identity_check_seconds": 0.002229314995929599,
      "state_hash_seconds": 0.0029856848996132612,
      "clone_seconds": 0.0,
      "restore_seconds": 0.0,
      "file_write_seconds": 6.541499169543386e-05,
      "operation_seconds": 0.038797024986706674,
      "total_phase_seconds": 0.04416282201418653,
      "scope": "file writes include journal intent/add/flush; excludes this timing receipt and checkpoint writes",
      "mode": "stage4_sealed_cell",
      "banner": "sealed Stage 4; scientific admission also requires complete declared populations"
    },
    {
      "phase": "edit:37",
      "identity_check_kind": "in_memory_structure_and_configuration",
      "recipe_verification_seconds": 0.0,
      "identity_verification_seconds": 0.0,
      "identity_check_seconds": 0.0021316669299267232,
      "state_hash_seconds": 0.00010764598846435547,
      "clone_seconds": 0.0,
      "restore_seconds": 0.0,
      "file_write_seconds": 6.552698323503137e-05,
      "operation_seconds": 0.12234827602514997,
      "total_phase_seconds": 0.12471942300908267,
      "scope": "file writes include journal intent/add/flush; excludes this timing receipt and checkpoint writes",
      "mode": "stage4_sealed_cell",
      "banner": "sealed Stage 4; scientific admission also requires complete declared populations"
    },
    {
      "phase": "immediate:37",
      "identity_check_kind": "in_memory_structure_and_configuration",
      "recipe_verification_seconds": 0.0,
      "identity_verification_seconds": 0.0,
      "identity_check_seconds": 0.002079998957924545,
      "state_hash_seconds": 0.0030371740576811135,
      "clone_seconds": 0.0,
      "restore_seconds": 0.0,
      "file_write_seconds": 5.748000694438815e-05,
      "operation_seconds": 0.04616201599128544,
      "total_phase_seconds": 0.05141105002257973,
      "scope": "file writes include journal intent/add/flush; excludes this timing receipt and checkpoint writes",
      "mode": "stage4_sealed_cell",
      "banner": "sealed Stage 4; scientific admission also requires complete declared populations"
    },
    {
      "phase": "edit:38",
      "identity_check_kind": "in_memory_structure_and_configuration",
      "recipe_verification_seconds": 0.0,
      "identity_verification_seconds": 0.0,
      "identity_check_seconds": 0.0019585060072131455,
      "state_hash_seconds": 0.00011287699453532696,
      "clone_seconds": 0.0,
      "restore_seconds": 0.0,
      "file_write_seconds": 6.823096191510558e-05,
      "operation_seconds": 0.17799480602843687,
      "total_phase_seconds": 0.18020149797666818,
      "scope": "file writes include journal intent/add/flush; excludes this timing receipt and checkpoint writes",
      "mode": "stage4_sealed_cell",
      "banner": "sealed Stage 4; scientific admission also requires complete declared populations"
    },
    {
      "phase": "immediate:38",
      "identity_check_kind": "in_memory_structure_and_configuration",
      "recipe_verification_seconds": 0.0,
      "identity_verification_seconds": 0.0,
      "identity_check_seconds": 0.002102701982948929,
      "state_hash_seconds": 0.0031383360037580132,
      "clone_seconds": 0.0,
      "restore_seconds": 0.0,
      "file_write_seconds": 5.8301957324147224e-05,
      "operation_seconds": 0.05551553005352616,
      "total_phase_seconds": 0.060891225992236286,
      "scope": "file writes include journal intent/add/flush; excludes this timing receipt and checkpoint writes",
      "mode": "stage4_sealed_cell",
      "banner": "sealed Stage 4; scientific admission also requires complete declared populations"
    },
    {
      "phase": "edit:39",
      "identity_check_kind": "in_memory_structure_and_configuration",
      "recipe_verification_seconds": 0.0,
      "identity_verification_seconds": 0.0,
      "identity_check_seconds": 0.0021786580327898264,
      "state_hash_seconds": 0.00011904799612239003,
      "clone_seconds": 0.0,
      "restore_seconds": 0.0,
      "file_write_seconds": 6.0676014982163906e-05,
      "operation_seconds": 0.11460725398501381,
      "total_phase_seconds": 0.11702967900782824,
      "scope": "file writes include journal intent/add/flush; excludes this timing receipt and checkpoint writes",
      "mode": "stage4_sealed_cell",
      "banner": "sealed Stage 4; scientific admission also requires complete declared populations"
    },
    {
      "phase": "immediate:39",
      "identity_check_kind": "in_memory_structure_and_configuration",
      "recipe_verification_seconds": 0.0,
      "identity_verification_seconds": 0.0,
      "identity_check_seconds": 0.001983894035220146,
      "state_hash_seconds": 0.0030731710139662027,
      "clone_seconds": 0.0,
      "restore_seconds": 0.0,
      "file_write_seconds": 5.650799721479416e-05,
      "operation_seconds": 0.023138391959946603,
      "total_phase_seconds": 0.02832568797748536,
      "scope": "file writes include journal intent/add/flush; excludes this timing receipt and checkpoint writes",
      "mode": "stage4_sealed_cell",
      "banner": "sealed Stage 4; scientific admission also requires complete declared populations"
    },
    {
      "phase": "edit:40",
      "identity_check_kind": "in_memory_structure_and_configuration",
      "recipe_verification_seconds": 0.0,
      "identity_verification_seconds": 0.0,
      "identity_check_seconds": 0.0020018990035168827,
      "state_hash_seconds": 0.00012271403102204204,
      "clone_seconds": 0.0,
      "restore_seconds": 0.0,
      "file_write_seconds": 0.00011393800377845764,
      "operation_seconds": 0.139847117010504,
      "total_phase_seconds": 0.14215677604079247,
      "scope": "file writes include journal intent/add/flush; excludes this timing receipt and checkpoint writes",
      "mode": "stage4_sealed_cell",
      "banner": "sealed Stage 4; scientific admission also requires complete declared populations"
    },
    {
      "phase": "immediate:40",
      "identity_check_kind": "in_memory_structure_and_configuration",
      "recipe_verification_seconds": 0.0,
      "identity_verification_seconds": 0.0,
      "identity_check_seconds": 0.0021769340382888913,
      "state_hash_seconds": 0.0032759999739937484,
      "clone_seconds": 0.0,
      "restore_seconds": 0.0,
      "file_write_seconds": 5.735002923756838e-05,
      "operation_seconds": 0.040893944969866425,
      "total_phase_seconds": 0.04648147796979174,
      "scope": "file writes include journal intent/add/flush; excludes this timing receipt and checkpoint writes",
      "mode": "stage4_sealed_cell",
      "banner": "sealed Stage 4; scientific admission also requires complete declared populations"
    },
    {
      "phase": "edit:41",
      "identity_check_kind": "in_memory_structure_and_configuration",
      "recipe_verification_seconds": 0.0,
      "identity_verification_seconds": 0.0,
      "identity_check_seconds": 0.002090869005769491,
      "state_hash_seconds": 0.00011667399667203426,
      "clone_seconds": 0.0,
      "restore_seconds": 0.0,
      "file_write_seconds": 6.450299406424165e-05,
      "operation_seconds": 0.2208245029905811,
      "total_phase_seconds": 0.22316141397459432,
      "scope": "file writes include journal intent/add/flush; excludes this timing receipt and checkpoint writes",
      "mode": "stage4_sealed_cell",
      "banner": "sealed Stage 4; scientific admission also requires complete declared populations"
    },
    {
      "phase": "immediate:41",
      "identity_check_kind": "in_memory_structure_and_configuration",
      "recipe_verification_seconds": 0.0,
      "identity_verification_seconds": 0.0,
      "identity_check_seconds": 0.00260054599493742,
      "state_hash_seconds": 0.0037572929868474603,
      "clone_seconds": 0.0,
      "restore_seconds": 0.0,
      "file_write_seconds": 5.699798930436373e-05,
      "operation_seconds": 0.0743302819901146,
      "total_phase_seconds": 0.08082983398344368,
      "scope": "file writes include journal intent/add/flush; excludes this timing receipt and checkpoint writes",
      "mode": "stage4_sealed_cell",
      "banner": "sealed Stage 4; scientific admission also requires complete declared populations"
    },
    {
      "phase": "edit:42",
      "identity_check_kind": "in_memory_structure_and_configuration",
      "recipe_verification_seconds": 0.0,
      "identity_verification_seconds": 0.0,
      "identity_check_seconds": 0.002141896984539926,
      "state_hash_seconds": 0.00011665304191410542,
      "clone_seconds": 0.0,
      "restore_seconds": 0.0,
      "file_write_seconds": 6.812001811340451e-05,
      "operation_seconds": 0.13699228299083188,
      "total_phase_seconds": 0.13938015198800713,
      "scope": "file writes include journal intent/add/flush; excludes this timing receipt and checkpoint writes",
      "mode": "stage4_sealed_cell",
      "banner": "sealed Stage 4; scientific admission also requires complete declared populations"
    },
    {
      "phase": "immediate:42",
      "identity_check_kind": "in_memory_structure_and_configuration",
      "recipe_verification_seconds": 0.0,
      "identity_verification_seconds": 0.0,
      "identity_check_seconds": 0.002078684978187084,
      "state_hash_seconds": 0.003367797937244177,
      "clone_seconds": 0.0,
      "restore_seconds": 0.0,
      "file_write_seconds": 5.706801312044263e-05,
      "operation_seconds": 0.0559481680393219,
      "total_phase_seconds": 0.06152749602915719,
      "scope": "file writes include journal intent/add/flush; excludes this timing receipt and checkpoint writes",
      "mode": "stage4_sealed_cell",
      "banner": "sealed Stage 4; scientific admission also requires complete declared populations"
    },
    {
      "phase": "edit:43",
      "identity_check_kind": "in_memory_structure_and_configuration",
      "recipe_verification_seconds": 0.0,
      "identity_verification_seconds": 0.0,
      "identity_check_seconds": 0.0025283470167778432,
      "state_hash_seconds": 0.000132535002194345,
      "clone_seconds": 0.0,
      "restore_seconds": 0.0,
      "file_write_seconds": 5.874299677088857e-05,
      "operation_seconds": 0.09872729901690036,
      "total_phase_seconds": 0.10150904196780175,
      "scope": "file writes include journal intent/add/flush; excludes this timing receipt and checkpoint writes",
      "mode": "stage4_sealed_cell",
      "banner": "sealed Stage 4; scientific admission also requires complete declared populations"
    },
    {
      "phase": "immediate:43",
      "identity_check_kind": "in_memory_structure_and_configuration",
      "recipe_verification_seconds": 0.0,
      "identity_verification_seconds": 0.0,
      "identity_check_seconds": 0.0024742340319789946,
      "state_hash_seconds": 0.0035346049699001014,
      "clone_seconds": 0.0,
      "restore_seconds": 0.0,
      "file_write_seconds": 5.739001790061593e-05,
      "operation_seconds": 0.0457758050179109,
      "total_phase_seconds": 0.051920555997639894,
      "scope": "file writes include journal intent/add/flush; excludes this timing receipt and checkpoint writes",
      "mode": "stage4_sealed_cell",
      "banner": "sealed Stage 4; scientific admission also requires complete declared populations"
    },
    {
      "phase": "edit:44",
      "identity_check_kind": "in_memory_structure_and_configuration",
      "recipe_verification_seconds": 0.0,
      "identity_verification_seconds": 0.0,
      "identity_check_seconds": 0.0021112680551595986,
      "state_hash_seconds": 0.00014965591253712773,
      "clone_seconds": 0.0,
      "restore_seconds": 0.0,
      "file_write_seconds": 7.316999835893512e-05,
      "operation_seconds": 0.08924807398580015,
      "total_phase_seconds": 0.09165144304279238,
      "scope": "file writes include journal intent/add/flush; excludes this timing receipt and checkpoint writes",
      "mode": "stage4_sealed_cell",
      "banner": "sealed Stage 4; scientific admission also requires complete declared populations"
    },
    {
      "phase": "immediate:44",
      "identity_check_kind": "in_memory_structure_and_configuration",
      "recipe_verification_seconds": 0.0,
      "identity_verification_seconds": 0.0,
      "identity_check_seconds": 0.0019643260166049004,
      "state_hash_seconds": 0.003398765984456986,
      "clone_seconds": 0.0,
      "restore_seconds": 0.0,
      "file_write_seconds": 5.6938035413622856e-05,
      "operation_seconds": 0.022924733988475055,
      "total_phase_seconds": 0.028414808970410377,
      "scope": "file writes include journal intent/add/flush; excludes this timing receipt and checkpoint writes",
      "mode": "stage4_sealed_cell",
      "banner": "sealed Stage 4; scientific admission also requires complete declared populations"
    },
    {
      "phase": "edit:45",
      "identity_check_kind": "in_memory_structure_and_configuration",
      "recipe_verification_seconds": 0.0,
      "identity_verification_seconds": 0.0,
      "identity_check_seconds": 0.0018767369911074638,
      "state_hash_seconds": 0.00010711594950407743,
      "clone_seconds": 0.0,
      "restore_seconds": 0.0,
      "file_write_seconds": 5.8803067076951265e-05,
      "operation_seconds": 0.1527783390483819,
      "total_phase_seconds": 0.15487579099135473,
      "scope": "file writes include journal intent/add/flush; excludes this timing receipt and checkpoint writes",
      "mode": "stage4_sealed_cell",
      "banner": "sealed Stage 4; scientific admission also requires complete declared populations"
    },
    {
      "phase": "immediate:45",
      "identity_check_kind": "in_memory_structure_and_configuration",
      "recipe_verification_seconds": 0.0,
      "identity_verification_seconds": 0.0,
      "identity_check_seconds": 0.0022388840443454683,
      "state_hash_seconds": 0.003625722019933164,
      "clone_seconds": 0.0,
      "restore_seconds": 0.0,
      "file_write_seconds": 5.821103695780039e-05,
      "operation_seconds": 0.031666242983192205,
      "total_phase_seconds": 0.037683209986425936,
      "scope": "file writes include journal intent/add/flush; excludes this timing receipt and checkpoint writes",
      "mode": "stage4_sealed_cell",
      "banner": "sealed Stage 4; scientific admission also requires complete declared populations"
    },
    {
      "phase": "edit:46",
      "identity_check_kind": "in_memory_structure_and_configuration",
      "recipe_verification_seconds": 0.0,
      "identity_verification_seconds": 0.0,
      "identity_check_seconds": 0.002312063006684184,
      "state_hash_seconds": 0.0001516409683972597,
      "clone_seconds": 0.0,
      "restore_seconds": 0.0,
      "file_write_seconds": 8.728704415261745e-05,
      "operation_seconds": 0.21354994596913457,
      "total_phase_seconds": 0.21617989800870419,
      "scope": "file writes include journal intent/add/flush; excludes this timing receipt and checkpoint writes",
      "mode": "stage4_sealed_cell",
      "banner": "sealed Stage 4; scientific admission also requires complete declared populations"
    },
    {
      "phase": "immediate:46",
      "identity_check_kind": "in_memory_structure_and_configuration",
      "recipe_verification_seconds": 0.0,
      "identity_verification_seconds": 0.0,
      "identity_check_seconds": 0.0020015679765492678,
      "state_hash_seconds": 0.0036421320401132107,
      "clone_seconds": 0.0,
      "restore_seconds": 0.0,
      "file_write_seconds": 5.631701787933707e-05,
      "operation_seconds": 0.07352621102472767,
      "total_phase_seconds": 0.07930269598728046,
      "scope": "file writes include journal intent/add/flush; excludes this timing receipt and checkpoint writes",
      "mode": "stage4_sealed_cell",
      "banner": "sealed Stage 4; scientific admission also requires complete declared populations"
    },
    {
      "phase": "edit:47",
      "identity_check_kind": "in_memory_structure_and_configuration",
      "recipe_verification_seconds": 0.0,
      "identity_verification_seconds": 0.0,
      "identity_check_seconds": 0.002020894957240671,
      "state_hash_seconds": 0.00012844795128330588,
      "clone_seconds": 0.0,
      "restore_seconds": 0.0,
      "file_write_seconds": 5.9534970205277205e-05,
      "operation_seconds": 0.09253708098549396,
      "total_phase_seconds": 0.09480721200816333,
      "scope": "file writes include journal intent/add/flush; excludes this timing receipt and checkpoint writes",
      "mode": "stage4_sealed_cell",
      "banner": "sealed Stage 4; scientific admission also requires complete declared populations"
    },
    {
      "phase": "immediate:47",
      "identity_check_kind": "in_memory_structure_and_configuration",
      "recipe_verification_seconds": 0.0,
      "identity_verification_seconds": 0.0,
      "identity_check_seconds": 0.0019625630229711533,
      "state_hash_seconds": 0.003681297996081412,
      "clone_seconds": 0.0,
      "restore_seconds": 0.0,
      "file_write_seconds": 5.7289027608931065e-05,
      "operation_seconds": 0.047443241986911744,
      "total_phase_seconds": 0.053216631000395864,
      "scope": "file writes include journal intent/add/flush; excludes this timing receipt and checkpoint writes",
      "mode": "stage4_sealed_cell",
      "banner": "sealed Stage 4; scientific admission also requires complete declared populations"
    },
    {
      "phase": "edit:48",
      "identity_check_kind": "in_memory_structure_and_configuration",
      "recipe_verification_seconds": 0.0,
      "identity_verification_seconds": 0.0,
      "identity_check_seconds": 0.0020326070371083915,
      "state_hash_seconds": 0.00013762398157268763,
      "clone_seconds": 0.0,
      "restore_seconds": 0.0,
      "file_write_seconds": 5.927402526140213e-05,
      "operation_seconds": 0.09347402700223029,
      "total_phase_seconds": 0.09576469904277474,
      "scope": "file writes include journal intent/add/flush; excludes this timing receipt and checkpoint writes",
      "mode": "stage4_sealed_cell",
      "banner": "sealed Stage 4; scientific admission also requires complete declared populations"
    },
    {
      "phase": "immediate:48",
      "identity_check_kind": "in_memory_structure_and_configuration",
      "recipe_verification_seconds": 0.0,
      "identity_verification_seconds": 0.0,
      "identity_check_seconds": 0.0021304150577634573,
      "state_hash_seconds": 0.003698942076880485,
      "clone_seconds": 0.0,
      "restore_seconds": 0.0,
      "file_write_seconds": 0.00457256700610742,
      "operation_seconds": 0.02966115903109312,
      "total_phase_seconds": 0.04013750498415902,
      "scope": "file writes include journal intent/add/flush; excludes this timing receipt and checkpoint writes",
      "mode": "stage4_sealed_cell",
      "banner": "sealed Stage 4; scientific admission also requires complete declared populations"
    },
    {
      "phase": "edit:49",
      "identity_check_kind": "in_memory_structure_and_configuration",
      "recipe_verification_seconds": 0.0,
      "identity_verification_seconds": 0.0,
      "identity_check_seconds": 0.0022698810207657516,
      "state_hash_seconds": 0.00014419702347368002,
      "clone_seconds": 0.0,
      "restore_seconds": 0.0,
      "file_write_seconds": 0.0011198479915037751,
      "operation_seconds": 0.35929468099493533,
      "total_phase_seconds": 0.36289092496735975,
      "scope": "file writes include journal intent/add/flush; excludes this timing receipt and checkpoint writes",
      "mode": "stage4_sealed_cell",
      "banner": "sealed Stage 4; scientific admission also requires complete declared populations"
    },
    {
      "phase": "immediate:49",
      "identity_check_kind": "in_memory_structure_and_configuration",
      "recipe_verification_seconds": 0.0,
      "identity_verification_seconds": 0.0,
      "identity_check_seconds": 0.0021252150181680918,
      "state_hash_seconds": 0.0038784058997407556,
      "clone_seconds": 0.0,
      "restore_seconds": 0.0,
      "file_write_seconds": 5.73190045543015e-05,
      "operation_seconds": 0.06368151598144323,
      "total_phase_seconds": 0.06982100702589378,
      "scope": "file writes include journal intent/add/flush; excludes this timing receipt and checkpoint writes",
      "mode": "stage4_sealed_cell",
      "banner": "sealed Stage 4; scientific admission also requires complete declared populations"
    },
    {
      "phase": "edit:50",
      "identity_check_kind": "in_memory_structure_and_configuration",
      "recipe_verification_seconds": 0.0,
      "identity_verification_seconds": 0.0,
      "identity_check_seconds": 0.0021228709956631064,
      "state_hash_seconds": 0.00013039004988968372,
      "clone_seconds": 0.0,
      "restore_seconds": 0.0,
      "file_write_seconds": 6.0004997067153454e-05,
      "operation_seconds": 0.23707405797904357,
      "total_phase_seconds": 0.23945054499199614,
      "scope": "file writes include journal intent/add/flush; excludes this timing receipt and checkpoint writes",
      "mode": "stage4_sealed_cell",
      "banner": "sealed Stage 4; scientific admission also requires complete declared populations"
    },
    {
      "phase": "immediate:50",
      "identity_check_kind": "in_memory_structure_and_configuration",
      "recipe_verification_seconds": 0.0,
      "identity_verification_seconds": 0.0,
      "identity_check_seconds": 0.0019073279690928757,
      "state_hash_seconds": 0.0038848279509693384,
      "clone_seconds": 0.0,
      "restore_seconds": 0.0,
      "file_write_seconds": 5.785102257505059e-05,
      "operation_seconds": 0.06878466898342595,
      "total_phase_seconds": 0.07470643299166113,
      "scope": "file writes include journal intent/add/flush; excludes this timing receipt and checkpoint writes",
      "mode": "stage4_sealed_cell",
      "banner": "sealed Stage 4; scientific admission also requires complete declared populations"
    },
    {
      "phase": "edit:51",
      "identity_check_kind": "in_memory_structure_and_configuration",
      "recipe_verification_seconds": 0.0,
      "identity_verification_seconds": 0.0,
      "identity_check_seconds": 0.001968044030945748,
      "state_hash_seconds": 0.00012484000762924552,
      "clone_seconds": 0.0,
      "restore_seconds": 0.0,
      "file_write_seconds": 5.918403621762991e-05,
      "operation_seconds": 0.194697480998002,
      "total_phase_seconds": 0.19691025296924636,
      "scope": "file writes include journal intent/add/flush; excludes this timing receipt and checkpoint writes",
      "mode": "stage4_sealed_cell",
      "banner": "sealed Stage 4; scientific admission also requires complete declared populations"
    },
    {
      "phase": "immediate:51",
      "identity_check_kind": "in_memory_structure_and_configuration",
      "recipe_verification_seconds": 0.0,
      "identity_verification_seconds": 0.0,
      "identity_check_seconds": 0.002089435001835227,
      "state_hash_seconds": 0.004070774128194898,
      "clone_seconds": 0.0,
      "restore_seconds": 0.0,
      "file_write_seconds": 6.879196735098958e-05,
      "operation_seconds": 0.05079057900002226,
      "total_phase_seconds": 0.0570989049738273,
      "scope": "file writes include journal intent/add/flush; excludes this timing receipt and checkpoint writes",
      "mode": "stage4_sealed_cell",
      "banner": "sealed Stage 4; scientific admission also requires complete declared populations"
    },
    {
      "phase": "edit:52",
      "identity_check_kind": "in_memory_structure_and_configuration",
      "recipe_verification_seconds": 0.0,
      "identity_verification_seconds": 0.0,
      "identity_check_seconds": 0.002143189951311797,
      "state_hash_seconds": 0.000137393013574183,
      "clone_seconds": 0.0,
      "restore_seconds": 0.0,
      "file_write_seconds": 5.859299562871456e-05,
      "operation_seconds": 0.12578525597928092,
      "total_phase_seconds": 0.12818920495919883,
      "scope": "file writes include journal intent/add/flush; excludes this timing receipt and checkpoint writes",
      "mode": "stage4_sealed_cell",
      "banner": "sealed Stage 4; scientific admission also requires complete declared populations"
    },
    {
      "phase": "immediate:52",
      "identity_check_kind": "in_memory_structure_and_configuration",
      "recipe_verification_seconds": 0.0,
      "identity_verification_seconds": 0.0,
      "identity_check_seconds": 0.002040382008999586,
      "state_hash_seconds": 0.004182930919341743,
      "clone_seconds": 0.0,
      "restore_seconds": 0.0,
      "file_write_seconds": 5.9214013163000345e-05,
      "operation_seconds": 0.0296116039971821,
      "total_phase_seconds": 0.03597428399370983,
      "scope": "file writes include journal intent/add/flush; excludes this timing receipt and checkpoint writes",
      "mode": "stage4_sealed_cell",
      "banner": "sealed Stage 4; scientific admission also requires complete declared populations"
    },
    {
      "phase": "edit:53",
      "identity_check_kind": "in_memory_structure_and_configuration",
      "recipe_verification_seconds": 0.0,
      "identity_verification_seconds": 0.0,
      "identity_check_seconds": 0.0020554010407067835,
      "state_hash_seconds": 0.00013690302148461342,
      "clone_seconds": 0.0,
      "restore_seconds": 0.0,
      "file_write_seconds": 6.955297430977225e-05,
      "operation_seconds": 0.14411430800100788,
      "total_phase_seconds": 0.1464406589511782,
      "scope": "file writes include journal intent/add/flush; excludes this timing receipt and checkpoint writes",
      "mode": "stage4_sealed_cell",
      "banner": "sealed Stage 4; scientific admission also requires complete declared populations"
    },
    {
      "phase": "immediate:53",
      "identity_check_kind": "in_memory_structure_and_configuration",
      "recipe_verification_seconds": 0.0,
      "identity_verification_seconds": 0.0,
      "identity_check_seconds": 0.0020799870253540576,
      "state_hash_seconds": 0.00432293803896755,
      "clone_seconds": 0.0,
      "restore_seconds": 0.0,
      "file_write_seconds": 5.675898864865303e-05,
      "operation_seconds": 0.04564790899166837,
      "total_phase_seconds": 0.05218927102396265,
      "scope": "file writes include journal intent/add/flush; excludes this timing receipt and checkpoint writes",
      "mode": "stage4_sealed_cell",
      "banner": "sealed Stage 4; scientific admission also requires complete declared populations"
    },
    {
      "phase": "edit:54",
      "identity_check_kind": "in_memory_structure_and_configuration",
      "recipe_verification_seconds": 0.0,
      "identity_verification_seconds": 0.0,
      "identity_check_seconds": 0.0020890660234726965,
      "state_hash_seconds": 0.0001602060510776937,
      "clone_seconds": 0.0,
      "restore_seconds": 0.0,
      "file_write_seconds": 6.596598541364074e-05,
      "operation_seconds": 0.1454056340153329,
      "total_phase_seconds": 0.1477845250046812,
      "scope": "file writes include journal intent/add/flush; excludes this timing receipt and checkpoint writes",
      "mode": "stage4_sealed_cell",
      "banner": "sealed Stage 4; scientific admission also requires complete declared populations"
    },
    {
      "phase": "immediate:54",
      "identity_check_kind": "in_memory_structure_and_configuration",
      "recipe_verification_seconds": 0.0,
      "identity_verification_seconds": 0.0,
      "identity_check_seconds": 0.002011957985814661,
      "state_hash_seconds": 0.004316645965445787,
      "clone_seconds": 0.0,
      "restore_seconds": 0.0,
      "file_write_seconds": 5.753000732511282e-05,
      "operation_seconds": 0.05593082495033741,
      "total_phase_seconds": 0.0623991769971326,
      "scope": "file writes include journal intent/add/flush; excludes this timing receipt and checkpoint writes",
      "mode": "stage4_sealed_cell",
      "banner": "sealed Stage 4; scientific admission also requires complete declared populations"
    },
    {
      "phase": "edit:55",
      "identity_check_kind": "in_memory_structure_and_configuration",
      "recipe_verification_seconds": 0.0,
      "identity_verification_seconds": 0.0,
      "identity_check_seconds": 0.002474654989782721,
      "state_hash_seconds": 0.00016035698354244232,
      "clone_seconds": 0.0,
      "restore_seconds": 0.0,
      "file_write_seconds": 5.8793986681848764e-05,
      "operation_seconds": 0.17042236897395924,
      "total_phase_seconds": 0.17319873202359304,
      "scope": "file writes include journal intent/add/flush; excludes this timing receipt and checkpoint writes",
      "mode": "stage4_sealed_cell",
      "banner": "sealed Stage 4; scientific admission also requires complete declared populations"
    },
    {
      "phase": "immediate:55",
      "identity_check_kind": "in_memory_structure_and_configuration",
      "recipe_verification_seconds": 0.0,
      "identity_verification_seconds": 0.0,
      "identity_check_seconds": 0.002024040964897722,
      "state_hash_seconds": 0.004342395986896008,
      "clone_seconds": 0.0,
      "restore_seconds": 0.0,
      "file_write_seconds": 5.7540019042789936e-05,
      "operation_seconds": 0.05075557203963399,
      "total_phase_seconds": 0.05725683702621609,
      "scope": "file writes include journal intent/add/flush; excludes this timing receipt and checkpoint writes",
      "mode": "stage4_sealed_cell",
      "banner": "sealed Stage 4; scientific admission also requires complete declared populations"
    },
    {
      "phase": "edit:56",
      "identity_check_kind": "in_memory_structure_and_configuration",
      "recipe_verification_seconds": 0.0,
      "identity_verification_seconds": 0.0,
      "identity_check_seconds": 0.002159591007512063,
      "state_hash_seconds": 0.00016296294052153826,
      "clone_seconds": 0.0,
      "restore_seconds": 0.0,
      "file_write_seconds": 6.031600059941411e-05,
      "operation_seconds": 0.2960179510409944,
      "total_phase_seconds": 0.29847236699424684,
      "scope": "file writes include journal intent/add/flush; excludes this timing receipt and checkpoint writes",
      "mode": "stage4_sealed_cell",
      "banner": "sealed Stage 4; scientific admission also requires complete declared populations"
    },
    {
      "phase": "immediate:56",
      "identity_check_kind": "in_memory_structure_and_configuration",
      "recipe_verification_seconds": 0.0,
      "identity_verification_seconds": 0.0,
      "identity_check_seconds": 0.0021323880064301193,
      "state_hash_seconds": 0.00461087009171024,
      "clone_seconds": 0.0,
      "restore_seconds": 0.0,
      "file_write_seconds": 5.596701521426439e-05,
      "operation_seconds": 0.09000990597996861,
      "total_phase_seconds": 0.09689358301693574,
      "scope": "file writes include journal intent/add/flush; excludes this timing receipt and checkpoint writes",
      "mode": "stage4_sealed_cell",
      "banner": "sealed Stage 4; scientific admission also requires complete declared populations"
    },
    {
      "phase": "edit:57",
      "identity_check_kind": "in_memory_structure_and_configuration",
      "recipe_verification_seconds": 0.0,
      "identity_verification_seconds": 0.0,
      "identity_check_seconds": 0.0020228479988873005,
      "state_hash_seconds": 0.00015137001173570752,
      "clone_seconds": 0.0,
      "restore_seconds": 0.0,
      "file_write_seconds": 5.892396438866854e-05,
      "operation_seconds": 0.09514954901533201,
      "total_phase_seconds": 0.09744510002201423,
      "scope": "file writes include journal intent/add/flush; excludes this timing receipt and checkpoint writes",
      "mode": "stage4_sealed_cell",
      "banner": "sealed Stage 4; scientific admission also requires complete declared populations"
    },
    {
      "phase": "immediate:57",
      "identity_check_kind": "in_memory_structure_and_configuration",
      "recipe_verification_seconds": 0.0,
      "identity_verification_seconds": 0.0,
      "identity_check_seconds": 0.002171231957618147,
      "state_hash_seconds": 0.004802928015124053,
      "clone_seconds": 0.0,
      "restore_seconds": 0.0,
      "file_write_seconds": 9.968201629817486e-05,
      "operation_seconds": 0.04802214301889762,
      "total_phase_seconds": 0.05520853097550571,
      "scope": "file writes include journal intent/add/flush; excludes this timing receipt and checkpoint writes",
      "mode": "stage4_sealed_cell",
      "banner": "sealed Stage 4; scientific admission also requires complete declared populations"
    },
    {
      "phase": "edit:58",
      "identity_check_kind": "in_memory_structure_and_configuration",
      "recipe_verification_seconds": 0.0,
      "identity_verification_seconds": 0.0,
      "identity_check_seconds": 0.0024831000482663512,
      "state_hash_seconds": 0.0001649560290388763,
      "clone_seconds": 0.0,
      "restore_seconds": 0.0,
      "file_write_seconds": 5.8571924455463886e-05,
      "operation_seconds": 0.09180395404109731,
      "total_phase_seconds": 0.09457915497478098,
      "scope": "file writes include journal intent/add/flush; excludes this timing receipt and checkpoint writes",
      "mode": "stage4_sealed_cell",
      "banner": "sealed Stage 4; scientific admission also requires complete declared populations"
    },
    {
      "phase": "immediate:58",
      "identity_check_kind": "in_memory_structure_and_configuration",
      "recipe_verification_seconds": 0.0,
      "identity_verification_seconds": 0.0,
      "identity_check_seconds": 0.001997780054807663,
      "state_hash_seconds": 0.004582776047755033,
      "clone_seconds": 0.0,
      "restore_seconds": 0.0,
      "file_write_seconds": 5.684798816218972e-05,
      "operation_seconds": 0.04681229300331324,
      "total_phase_seconds": 0.05352322000544518,
      "scope": "file writes include journal intent/add/flush; excludes this timing receipt and checkpoint writes",
      "mode": "stage4_sealed_cell",
      "banner": "sealed Stage 4; scientific admission also requires complete declared populations"
    },
    {
      "phase": "edit:59",
      "identity_check_kind": "in_memory_structure_and_configuration",
      "recipe_verification_seconds": 0.0,
      "identity_verification_seconds": 0.0,
      "identity_check_seconds": 0.0020029100123792887,
      "state_hash_seconds": 0.00016620801761746407,
      "clone_seconds": 0.0,
      "restore_seconds": 0.0,
      "file_write_seconds": 5.843298276886344e-05,
      "operation_seconds": 0.10248616500757635,
      "total_phase_seconds": 0.10478044400224462,
      "scope": "file writes include journal intent/add/flush; excludes this timing receipt and checkpoint writes",
      "mode": "stage4_sealed_cell",
      "banner": "sealed Stage 4; scientific admission also requires complete declared populations"
    },
    {
      "phase": "immediate:59",
      "identity_check_kind": "in_memory_structure_and_configuration",
      "recipe_verification_seconds": 0.0,
      "identity_verification_seconds": 0.0,
      "identity_check_seconds": 0.0022290549823082983,
      "state_hash_seconds": 0.004920735023915768,
      "clone_seconds": 0.0,
      "restore_seconds": 0.0,
      "file_write_seconds": 5.7981989812105894e-05,
      "operation_seconds": 0.03254086000379175,
      "total_phase_seconds": 0.039832199981901795,
      "scope": "file writes include journal intent/add/flush; excludes this timing receipt and checkpoint writes",
      "mode": "stage4_sealed_cell",
      "banner": "sealed Stage 4; scientific admission also requires complete declared populations"
    },
    {
      "phase": "edit:60",
      "identity_check_kind": "in_memory_structure_and_configuration",
      "recipe_verification_seconds": 0.0,
      "identity_verification_seconds": 0.0,
      "identity_check_seconds": 0.0019453890272416174,
      "state_hash_seconds": 0.00013560900697484612,
      "clone_seconds": 0.0,
      "restore_seconds": 0.0,
      "file_write_seconds": 5.6958990171551704e-05,
      "operation_seconds": 0.09806896600639448,
      "total_phase_seconds": 0.100268614012748,
      "scope": "file writes include journal intent/add/flush; excludes this timing receipt and checkpoint writes",
      "mode": "stage4_sealed_cell",
      "banner": "sealed Stage 4; scientific admission also requires complete declared populations"
    },
    {
      "phase": "immediate:60",
      "identity_check_kind": "in_memory_structure_and_configuration",
      "recipe_verification_seconds": 0.0,
      "identity_verification_seconds": 0.0,
      "identity_check_seconds": 0.002005634014494717,
      "state_hash_seconds": 0.004636570054572076,
      "clone_seconds": 0.0,
      "restore_seconds": 0.0,
      "file_write_seconds": 5.68790128454566e-05,
      "operation_seconds": 0.037972324003931135,
      "total_phase_seconds": 0.04474786500213668,
      "scope": "file writes include journal intent/add/flush; excludes this timing receipt and checkpoint writes",
      "mode": "stage4_sealed_cell",
      "banner": "sealed Stage 4; scientific admission also requires complete declared populations"
    },
    {
      "phase": "edit:61",
      "identity_check_kind": "in_memory_structure_and_configuration",
      "recipe_verification_seconds": 0.0,
      "identity_verification_seconds": 0.0,
      "identity_check_seconds": 0.0022583590471185744,
      "state_hash_seconds": 0.00016140996012836695,
      "clone_seconds": 0.0,
      "restore_seconds": 0.0,
      "file_write_seconds": 5.959399277344346e-05,
      "operation_seconds": 0.1513959689764306,
      "total_phase_seconds": 0.15394321299390867,
      "scope": "file writes include journal intent/add/flush; excludes this timing receipt and checkpoint writes",
      "mode": "stage4_sealed_cell",
      "banner": "sealed Stage 4; scientific admission also requires complete declared populations"
    },
    {
      "phase": "immediate:61",
      "identity_check_kind": "in_memory_structure_and_configuration",
      "recipe_verification_seconds": 0.0,
      "identity_verification_seconds": 0.0,
      "identity_check_seconds": 0.0020710810204036534,
      "state_hash_seconds": 0.004738024086691439,
      "clone_seconds": 0.0,
      "restore_seconds": 0.0,
      "file_write_seconds": 5.781004438176751e-05,
      "operation_seconds": 0.05603971396340057,
      "total_phase_seconds": 0.06298436899669468,
      "scope": "file writes include journal intent/add/flush; excludes this timing receipt and checkpoint writes",
      "mode": "stage4_sealed_cell",
      "banner": "sealed Stage 4; scientific admission also requires complete declared populations"
    },
    {
      "phase": "edit:62",
      "identity_check_kind": "in_memory_structure_and_configuration",
      "recipe_verification_seconds": 0.0,
      "identity_verification_seconds": 0.0,
      "identity_check_seconds": 0.0020228680223226547,
      "state_hash_seconds": 0.00015536794671788812,
      "clone_seconds": 0.0,
      "restore_seconds": 0.0,
      "file_write_seconds": 5.882297409698367e-05,
      "operation_seconds": 0.17503410001518205,
      "total_phase_seconds": 0.17733558296458796,
      "scope": "file writes include journal intent/add/flush; excludes this timing receipt and checkpoint writes",
      "mode": "stage4_sealed_cell",
      "banner": "sealed Stage 4; scientific admission also requires complete declared populations"
    },
    {
      "phase": "immediate:62",
      "identity_check_kind": "in_memory_structure_and_configuration",
      "recipe_verification_seconds": 0.0,
      "identity_verification_seconds": 0.0,
      "identity_check_seconds": 0.002165511017665267,
      "state_hash_seconds": 0.004763293021824211,
      "clone_seconds": 0.0,
      "restore_seconds": 0.0,
      "file_write_seconds": 5.679897731170058e-05,
      "operation_seconds": 0.05081015796167776,
      "total_phase_seconds": 0.05787094502011314,
      "scope": "file writes include journal intent/add/flush; excludes this timing receipt and checkpoint writes",
      "mode": "stage4_sealed_cell",
      "banner": "sealed Stage 4; scientific admission also requires complete declared populations"
    },
    {
      "phase": "edit:63",
      "identity_check_kind": "in_memory_structure_and_configuration",
      "recipe_verification_seconds": 0.0,
      "identity_verification_seconds": 0.0,
      "identity_check_seconds": 0.0019995139446109533,
      "state_hash_seconds": 0.00014450604794546962,
      "clone_seconds": 0.0,
      "restore_seconds": 0.0,
      "file_write_seconds": 5.854299524798989e-05,
      "operation_seconds": 0.14276310795685276,
      "total_phase_seconds": 0.14502576598897576,
      "scope": "file writes include journal intent/add/flush; excludes this timing receipt and checkpoint writes",
      "mode": "stage4_sealed_cell",
      "banner": "sealed Stage 4; scientific admission also requires complete declared populations"
    },
    {
      "phase": "immediate:63",
      "identity_check_kind": "in_memory_structure_and_configuration",
      "recipe_verification_seconds": 0.0,
      "identity_verification_seconds": 0.0,
      "identity_check_seconds": 0.0020308829843997955,
      "state_hash_seconds": 0.00480497203534469,
      "clone_seconds": 0.0,
      "restore_seconds": 0.0,
      "file_write_seconds": 6.292102625593543e-05,
      "operation_seconds": 0.04962442396208644,
      "total_phase_seconds": 0.0566105879843235,
      "scope": "file writes include journal intent/add/flush; excludes this timing receipt and checkpoint writes",
      "mode": "stage4_sealed_cell",
      "banner": "sealed Stage 4; scientific admission also requires complete declared populations"
    },
    {
      "phase": "edit:64",
      "identity_check_kind": "in_memory_structure_and_configuration",
      "recipe_verification_seconds": 0.0,
      "identity_verification_seconds": 0.0,
      "identity_check_seconds": 0.0020716420258395374,
      "state_hash_seconds": 0.00014894502237439156,
      "clone_seconds": 0.0,
      "restore_seconds": 0.0,
      "file_write_seconds": 5.868298467248678e-05,
      "operation_seconds": 0.21362900699023157,
      "total_phase_seconds": 0.21597305202158168,
      "scope": "file writes include journal intent/add/flush; excludes this timing receipt and checkpoint writes",
      "mode": "stage4_sealed_cell",
      "banner": "sealed Stage 4; scientific admission also requires complete declared populations"
    },
    {
      "phase": "immediate:64",
      "identity_check_kind": "in_memory_structure_and_configuration",
      "recipe_verification_seconds": 0.0,
      "identity_verification_seconds": 0.0,
      "identity_check_seconds": 0.0018584330100566149,
      "state_hash_seconds": 0.004826162999961525,
      "clone_seconds": 0.0,
      "restore_seconds": 0.0,
      "file_write_seconds": 0.004529514990281314,
      "operation_seconds": 0.06184726901119575,
      "total_phase_seconds": 0.07313331798650324,
      "scope": "file writes include journal intent/add/flush; excludes this timing receipt and checkpoint writes",
      "mode": "stage4_sealed_cell",
      "banner": "sealed Stage 4; scientific admission also requires complete declared populations"
    },
    {
      "phase": "edit:65",
      "identity_check_kind": "in_memory_structure_and_configuration",
      "recipe_verification_seconds": 0.0,
      "identity_verification_seconds": 0.0,
      "identity_check_seconds": 0.0020288490341044962,
      "state_hash_seconds": 0.00015931494999676943,
      "clone_seconds": 0.0,
      "restore_seconds": 0.0,
      "file_write_seconds": 0.0011116720270365477,
      "operation_seconds": 0.12290250899968669,
      "total_phase_seconds": 0.12626397400163114,
      "scope": "file writes include journal intent/add/flush; excludes this timing receipt and checkpoint writes",
      "mode": "stage4_sealed_cell",
      "banner": "sealed Stage 4; scientific admission also requires complete declared populations"
    },
    {
      "phase": "immediate:65",
      "identity_check_kind": "in_memory_structure_and_configuration",
      "recipe_verification_seconds": 0.0,
      "identity_verification_seconds": 0.0,
      "identity_check_seconds": 0.0031031090184114873,
      "state_hash_seconds": 0.005318306037224829,
      "clone_seconds": 0.0,
      "restore_seconds": 0.0,
      "file_write_seconds": 6.372196367010474e-05,
      "operation_seconds": 0.05629213899374008,
      "total_phase_seconds": 0.06487030402058735,
      "scope": "file writes include journal intent/add/flush; excludes this timing receipt and checkpoint writes",
      "mode": "stage4_sealed_cell",
      "banner": "sealed Stage 4; scientific admission also requires complete declared populations"
    },
    {
      "phase": "edit:66",
      "identity_check_kind": "in_memory_structure_and_configuration",
      "recipe_verification_seconds": 0.0,
      "identity_verification_seconds": 0.0,
      "identity_check_seconds": 0.0021468159975484014,
      "state_hash_seconds": 0.00017259008018299937,
      "clone_seconds": 0.0,
      "restore_seconds": 0.0,
      "file_write_seconds": 5.915301153436303e-05,
      "operation_seconds": 0.15693873702548444,
      "total_phase_seconds": 0.15938245097640902,
      "scope": "file writes include journal intent/add/flush; excludes this timing receipt and checkpoint writes",
      "mode": "stage4_sealed_cell",
      "banner": "sealed Stage 4; scientific admission also requires complete declared populations"
    },
    {
      "phase": "immediate:66",
      "identity_check_kind": "in_memory_structure_and_configuration",
      "recipe_verification_seconds": 0.0,
      "identity_verification_seconds": 0.0,
      "identity_check_seconds": 0.0021087630302645266,
      "state_hash_seconds": 0.0051742810173891485,
      "clone_seconds": 0.0,
      "restore_seconds": 0.0,
      "file_write_seconds": 5.652901018038392e-05,
      "operation_seconds": 0.05205338099040091,
      "total_phase_seconds": 0.059473978995811194,
      "scope": "file writes include journal intent/add/flush; excludes this timing receipt and checkpoint writes",
      "mode": "stage4_sealed_cell",
      "banner": "sealed Stage 4; scientific admission also requires complete declared populations"
    },
    {
      "phase": "edit:67",
      "identity_check_kind": "in_memory_structure_and_configuration",
      "recipe_verification_seconds": 0.0,
      "identity_verification_seconds": 0.0,
      "identity_check_seconds": 0.0020321360207162797,
      "state_hash_seconds": 0.00020470202434808016,
      "clone_seconds": 0.0,
      "restore_seconds": 0.0,
      "file_write_seconds": 5.9193000197410583e-05,
      "operation_seconds": 0.10279898496810347,
      "total_phase_seconds": 0.10515919997124001,
      "scope": "file writes include journal intent/add/flush; excludes this timing receipt and checkpoint writes",
      "mode": "stage4_sealed_cell",
      "banner": "sealed Stage 4; scientific admission also requires complete declared populations"
    },
    {
      "phase": "immediate:67",
      "identity_check_kind": "in_memory_structure_and_configuration",
      "recipe_verification_seconds": 0.0,
      "identity_verification_seconds": 0.0,
      "identity_check_seconds": 0.0021357140503823757,
      "state_hash_seconds": 0.00528438197216019,
      "clone_seconds": 0.0,
      "restore_seconds": 0.0,
      "file_write_seconds": 5.8542005717754364e-05,
      "operation_seconds": 0.03341694996925071,
      "total_phase_seconds": 0.040973106981255114,
      "scope": "file writes include journal intent/add/flush; excludes this timing receipt and checkpoint writes",
      "mode": "stage4_sealed_cell",
      "banner": "sealed Stage 4; scientific admission also requires complete declared populations"
    },
    {
      "phase": "edit:68",
      "identity_check_kind": "in_memory_structure_and_configuration",
      "recipe_verification_seconds": 0.0,
      "identity_verification_seconds": 0.0,
      "identity_check_seconds": 0.0019841439789161086,
      "state_hash_seconds": 0.00016864202916622162,
      "clone_seconds": 0.0,
      "restore_seconds": 0.0,
      "file_write_seconds": 5.848298314958811e-05,
      "operation_seconds": 0.08722489501815289,
      "total_phase_seconds": 0.08950069802813232,
      "scope": "file writes include journal intent/add/flush; excludes this timing receipt and checkpoint writes",
      "mode": "stage4_sealed_cell",
      "banner": "sealed Stage 4; scientific admission also requires complete declared populations"
    },
    {
      "phase": "immediate:68",
      "identity_check_kind": "in_memory_structure_and_configuration",
      "recipe_verification_seconds": 0.0,
      "identity_verification_seconds": 0.0,
      "identity_check_seconds": 0.0019727820181287825,
      "state_hash_seconds": 0.005154011945705861,
      "clone_seconds": 0.0,
      "restore_seconds": 0.0,
      "file_write_seconds": 5.766999674960971e-05,
      "operation_seconds": 0.03958286199485883,
      "total_phase_seconds": 0.046841900038998574,
      "scope": "file writes include journal intent/add/flush; excludes this timing receipt and checkpoint writes",
      "mode": "stage4_sealed_cell",
      "banner": "sealed Stage 4; scientific admission also requires complete declared populations"
    },
    {
      "phase": "edit:69",
      "identity_check_kind": "in_memory_structure_and_configuration",
      "recipe_verification_seconds": 0.0,
      "identity_verification_seconds": 0.0,
      "identity_check_seconds": 0.002116337011102587,
      "state_hash_seconds": 0.00017074693460017443,
      "clone_seconds": 0.0,
      "restore_seconds": 0.0,
      "file_write_seconds": 5.9364945627748966e-05,
      "operation_seconds": 0.2377608849783428,
      "total_phase_seconds": 0.24017036496661603,
      "scope": "file writes include journal intent/add/flush; excludes this timing receipt and checkpoint writes",
      "mode": "stage4_sealed_cell",
      "banner": "sealed Stage 4; scientific admission also requires complete declared populations"
    },
    {
      "phase": "immediate:69",
      "identity_check_kind": "in_memory_structure_and_configuration",
      "recipe_verification_seconds": 0.0,
      "identity_verification_seconds": 0.0,
      "identity_check_seconds": 0.002364753047004342,
      "state_hash_seconds": 0.005344937962945551,
      "clone_seconds": 0.0,
      "restore_seconds": 0.0,
      "file_write_seconds": 5.853199400007725e-05,
      "operation_seconds": 0.08522186503978446,
      "total_phase_seconds": 0.09307418001117185,
      "scope": "file writes include journal intent/add/flush; excludes this timing receipt and checkpoint writes",
      "mode": "stage4_sealed_cell",
      "banner": "sealed Stage 4; scientific admission also requires complete declared populations"
    },
    {
      "phase": "edit:70",
      "identity_check_kind": "in_memory_structure_and_configuration",
      "recipe_verification_seconds": 0.0,
      "identity_verification_seconds": 0.0,
      "identity_check_seconds": 0.002081040060147643,
      "state_hash_seconds": 0.0001678410335443914,
      "clone_seconds": 0.0,
      "restore_seconds": 0.0,
      "file_write_seconds": 8.009403245523572e-05,
      "operation_seconds": 0.10839070600923151,
      "total_phase_seconds": 0.11078020796412602,
      "scope": "file writes include journal intent/add/flush; excludes this timing receipt and checkpoint writes",
      "mode": "stage4_sealed_cell",
      "banner": "sealed Stage 4; scientific admission also requires complete declared populations"
    },
    {
      "phase": "immediate:70",
      "identity_check_kind": "in_memory_structure_and_configuration",
      "recipe_verification_seconds": 0.0,
      "identity_verification_seconds": 0.0,
      "identity_check_seconds": 0.002220726979430765,
      "state_hash_seconds": 0.005330680054612458,
      "clone_seconds": 0.0,
      "restore_seconds": 0.0,
      "file_write_seconds": 5.740002961829305e-05,
      "operation_seconds": 0.053729715989902616,
      "total_phase_seconds": 0.061416763986926526,
      "scope": "file writes include journal intent/add/flush; excludes this timing receipt and checkpoint writes",
      "mode": "stage4_sealed_cell",
      "banner": "sealed Stage 4; scientific admission also requires complete declared populations"
    },
    {
      "phase": "edit:71",
      "identity_check_kind": "in_memory_structure_and_configuration",
      "recipe_verification_seconds": 0.0,
      "identity_verification_seconds": 0.0,
      "identity_check_seconds": 0.0020612330408766866,
      "state_hash_seconds": 0.00017805193783715367,
      "clone_seconds": 0.0,
      "restore_seconds": 0.0,
      "file_write_seconds": 0.00011939997784793377,
      "operation_seconds": 0.1914571580127813,
      "total_phase_seconds": 0.1938961539999582,
      "scope": "file writes include journal intent/add/flush; excludes this timing receipt and checkpoint writes",
      "mode": "stage4_sealed_cell",
      "banner": "sealed Stage 4; scientific admission also requires complete declared populations"
    },
    {
      "phase": "immediate:71",
      "identity_check_kind": "in_memory_structure_and_configuration",
      "recipe_verification_seconds": 0.0,
      "identity_verification_seconds": 0.0,
      "identity_check_seconds": 0.0020547700114548206,
      "state_hash_seconds": 0.00551348109729588,
      "clone_seconds": 0.0,
      "restore_seconds": 0.0,
      "file_write_seconds": 5.768105620518327e-05,
      "operation_seconds": 0.0665460680029355,
      "total_phase_seconds": 0.07424868602538481,
      "scope": "file writes include journal intent/add/flush; excludes this timing receipt and checkpoint writes",
      "mode": "stage4_sealed_cell",
      "banner": "sealed Stage 4; scientific admission also requires complete declared populations"
    },
    {
      "phase": "edit:72",
      "identity_check_kind": "in_memory_structure_and_configuration",
      "recipe_verification_seconds": 0.0,
      "identity_verification_seconds": 0.0,
      "identity_check_seconds": 0.0019799350411631167,
      "state_hash_seconds": 0.00017551693599671125,
      "clone_seconds": 0.0,
      "restore_seconds": 0.0,
      "file_write_seconds": 6.005499744787812e-05,
      "operation_seconds": 0.12958053295733407,
      "total_phase_seconds": 0.13185929198516533,
      "scope": "file writes include journal intent/add/flush; excludes this timing receipt and checkpoint writes",
      "mode": "stage4_sealed_cell",
      "banner": "sealed Stage 4; scientific admission also requires complete declared populations"
    },
    {
      "phase": "immediate:72",
      "identity_check_kind": "in_memory_structure_and_configuration",
      "recipe_verification_seconds": 0.0,
      "identity_verification_seconds": 0.0,
      "identity_check_seconds": 0.003167582966852933,
      "state_hash_seconds": 0.005730296950787306,
      "clone_seconds": 0.0,
      "restore_seconds": 0.0,
      "file_write_seconds": 5.839200457558036e-05,
      "operation_seconds": 0.04746388201601803,
      "total_phase_seconds": 0.05651271098759025,
      "scope": "file writes include journal intent/add/flush; excludes this timing receipt and checkpoint writes",
      "mode": "stage4_sealed_cell",
      "banner": "sealed Stage 4; scientific admission also requires complete declared populations"
    },
    {
      "phase": "edit:73",
      "identity_check_kind": "in_memory_structure_and_configuration",
      "recipe_verification_seconds": 0.0,
      "identity_verification_seconds": 0.0,
      "identity_check_seconds": 0.002054720069281757,
      "state_hash_seconds": 0.00017285306239500642,
      "clone_seconds": 0.0,
      "restore_seconds": 0.0,
      "file_write_seconds": 5.86420064792037e-05,
      "operation_seconds": 0.08928986499086022,
      "total_phase_seconds": 0.09164612198946998,
      "scope": "file writes include journal intent/add/flush; excludes this timing receipt and checkpoint writes",
      "mode": "stage4_sealed_cell",
      "banner": "sealed Stage 4; scientific admission also requires complete declared populations"
    },
    {
      "phase": "immediate:73",
      "identity_check_kind": "in_memory_structure_and_configuration",
      "recipe_verification_seconds": 0.0,
      "identity_verification_seconds": 0.0,
      "identity_check_seconds": 0.0021135620190761983,
      "state_hash_seconds": 0.005929798993747681,
      "clone_seconds": 0.0,
      "restore_seconds": 0.0,
      "file_write_seconds": 6.231002043932676e-05,
      "operation_seconds": 0.05094904400175437,
      "total_phase_seconds": 0.059131261019501835,
      "scope": "file writes include journal intent/add/flush; excludes this timing receipt and checkpoint writes",
      "mode": "stage4_sealed_cell",
      "banner": "sealed Stage 4; scientific admission also requires complete declared populations"
    },
    {
      "phase": "edit:74",
      "identity_check_kind": "in_memory_structure_and_configuration",
      "recipe_verification_seconds": 0.0,
      "identity_verification_seconds": 0.0,
      "identity_check_seconds": 0.0021480280556716025,
      "state_hash_seconds": 0.00016558700008317828,
      "clone_seconds": 0.0,
      "restore_seconds": 0.0,
      "file_write_seconds": 6.432394729927182e-05,
      "operation_seconds": 0.13480637298198417,
      "total_phase_seconds": 0.1372515300172381,
      "scope": "file writes include journal intent/add/flush; excludes this timing receipt and checkpoint writes",
      "mode": "stage4_sealed_cell",
      "banner": "sealed Stage 4; scientific admission also requires complete declared populations"
    },
    {
      "phase": "immediate:74",
      "identity_check_kind": "in_memory_structure_and_configuration",
      "recipe_verification_seconds": 0.0,
      "identity_verification_seconds": 0.0,
      "identity_check_seconds": 0.001971881021745503,
      "state_hash_seconds": 0.005603702971711755,
      "clone_seconds": 0.0,
      "restore_seconds": 0.0,
      "file_write_seconds": 5.700899055227637e-05,
      "operation_seconds": 0.04107527295127511,
      "total_phase_seconds": 0.04878269002074376,
      "scope": "file writes include journal intent/add/flush; excludes this timing receipt and checkpoint writes",
      "mode": "stage4_sealed_cell",
      "banner": "sealed Stage 4; scientific admission also requires complete declared populations"
    },
    {
      "phase": "edit:75",
      "identity_check_kind": "in_memory_structure_and_configuration",
      "recipe_verification_seconds": 0.0,
      "identity_verification_seconds": 0.0,
      "identity_check_seconds": 0.0021814120118506253,
      "state_hash_seconds": 0.00019749801140278578,
      "clone_seconds": 0.0,
      "restore_seconds": 0.0,
      "file_write_seconds": 5.8151024859398603e-05,
      "operation_seconds": 0.1755894050002098,
      "total_phase_seconds": 0.17808699398301542,
      "scope": "file writes include journal intent/add/flush; excludes this timing receipt and checkpoint writes",
      "mode": "stage4_sealed_cell",
      "banner": "sealed Stage 4; scientific admission also requires complete declared populations"
    },
    {
      "phase": "immediate:75",
      "identity_check_kind": "in_memory_structure_and_configuration",
      "recipe_verification_seconds": 0.0,
      "identity_verification_seconds": 0.0,
      "identity_check_seconds": 0.0020590080530382693,
      "state_hash_seconds": 0.005826671083923429,
      "clone_seconds": 0.0,
      "restore_seconds": 0.0,
      "file_write_seconds": 5.718995817005634e-05,
      "operation_seconds": 0.054027455975301564,
      "total_phase_seconds": 0.06205144099658355,
      "scope": "file writes include journal intent/add/flush; excludes this timing receipt and checkpoint writes",
      "mode": "stage4_sealed_cell",
      "banner": "sealed Stage 4; scientific admission also requires complete declared populations"
    },
    {
      "phase": "edit:76",
      "identity_check_kind": "in_memory_structure_and_configuration",
      "recipe_verification_seconds": 0.0,
      "identity_verification_seconds": 0.0,
      "identity_check_seconds": 0.002056072000414133,
      "state_hash_seconds": 0.00017554592341184616,
      "clone_seconds": 0.0,
      "restore_seconds": 0.0,
      "file_write_seconds": 5.7500961702317e-05,
      "operation_seconds": 0.16406313597690314,
      "total_phase_seconds": 0.16641391295706853,
      "scope": "file writes include journal intent/add/flush; excludes this timing receipt and checkpoint writes",
      "mode": "stage4_sealed_cell",
      "banner": "sealed Stage 4; scientific admission also requires complete declared populations"
    },
    {
      "phase": "immediate:76",
      "identity_check_kind": "in_memory_structure_and_configuration",
      "recipe_verification_seconds": 0.0,
      "identity_verification_seconds": 0.0,
      "identity_check_seconds": 0.0021296219783835113,
      "state_hash_seconds": 0.005968622979708016,
      "clone_seconds": 0.0,
      "restore_seconds": 0.0,
      "file_write_seconds": 5.664804484695196e-05,
      "operation_seconds": 0.05012852104846388,
      "total_phase_seconds": 0.0583653729991056,
      "scope": "file writes include journal intent/add/flush; excludes this timing receipt and checkpoint writes",
      "mode": "stage4_sealed_cell",
      "banner": "sealed Stage 4; scientific admission also requires complete declared populations"
    },
    {
      "phase": "edit:77",
      "identity_check_kind": "in_memory_structure_and_configuration",
      "recipe_verification_seconds": 0.0,
      "identity_verification_seconds": 0.0,
      "identity_check_seconds": 0.002200450049713254,
      "state_hash_seconds": 0.0002279850305058062,
      "clone_seconds": 0.0,
      "restore_seconds": 0.0,
      "file_write_seconds": 6.130797555670142e-05,
      "operation_seconds": 0.18966466101119295,
      "total_phase_seconds": 0.19223270402289927,
      "scope": "file writes include journal intent/add/flush; excludes this timing receipt and checkpoint writes",
      "mode": "stage4_sealed_cell",
      "banner": "sealed Stage 4; scientific admission also requires complete declared populations"
    },
    {
      "phase": "immediate:77",
      "identity_check_kind": "in_memory_structure_and_configuration",
      "recipe_verification_seconds": 0.0,
      "identity_verification_seconds": 0.0,
      "identity_check_seconds": 0.002087121014483273,
      "state_hash_seconds": 0.006282115005888045,
      "clone_seconds": 0.0,
      "restore_seconds": 0.0,
      "file_write_seconds": 5.790096474811435e-05,
      "operation_seconds": 0.0805785819538869,
      "total_phase_seconds": 0.08908725599758327,
      "scope": "file writes include journal intent/add/flush; excludes this timing receipt and checkpoint writes",
      "mode": "stage4_sealed_cell",
      "banner": "sealed Stage 4; scientific admission also requires complete declared populations"
    },
    {
      "phase": "edit:78",
      "identity_check_kind": "in_memory_structure_and_configuration",
      "recipe_verification_seconds": 0.0,
      "identity_verification_seconds": 0.0,
      "identity_check_seconds": 0.00228979904204607,
      "state_hash_seconds": 0.00018567696679383516,
      "clone_seconds": 0.0,
      "restore_seconds": 0.0,
      "file_write_seconds": 6.292096804827452e-05,
      "operation_seconds": 0.2066273030359298,
      "total_phase_seconds": 0.20923308900091797,
      "scope": "file writes include journal intent/add/flush; excludes this timing receipt and checkpoint writes",
      "mode": "stage4_sealed_cell",
      "banner": "sealed Stage 4; scientific admission also requires complete declared populations"
    },
    {
      "phase": "immediate:78",
      "identity_check_kind": "in_memory_structure_and_configuration",
      "recipe_verification_seconds": 0.0,
      "identity_verification_seconds": 0.0,
      "identity_check_seconds": 0.0024803950218483806,
      "state_hash_seconds": 0.007116215012501925,
      "clone_seconds": 0.0,
      "restore_seconds": 0.0,
      "file_write_seconds": 6.103800842538476e-05,
      "operation_seconds": 0.050785339961294085,
      "total_phase_seconds": 0.06055056198965758,
      "scope": "file writes include journal intent/add/flush; excludes this timing receipt and checkpoint writes",
      "mode": "stage4_sealed_cell",
      "banner": "sealed Stage 4; scientific admission also requires complete declared populations"
    },
    {
      "phase": "edit:79",
      "identity_check_kind": "in_memory_structure_and_configuration",
      "recipe_verification_seconds": 0.0,
      "identity_verification_seconds": 0.0,
      "identity_check_seconds": 0.002305369998794049,
      "state_hash_seconds": 0.00019802903989329934,
      "clone_seconds": 0.0,
      "restore_seconds": 0.0,
      "file_write_seconds": 5.92639553360641e-05,
      "operation_seconds": 0.1285611889907159,
      "total_phase_seconds": 0.13120193197391927,
      "scope": "file writes include journal intent/add/flush; excludes this timing receipt and checkpoint writes",
      "mode": "stage4_sealed_cell",
      "banner": "sealed Stage 4; scientific admission also requires complete declared populations"
    },
    {
      "phase": "immediate:79",
      "identity_check_kind": "in_memory_structure_and_configuration",
      "recipe_verification_seconds": 0.0,
      "identity_verification_seconds": 0.0,
      "identity_check_seconds": 0.0022912529530003667,
      "state_hash_seconds": 0.006326881004497409,
      "clone_seconds": 0.0,
      "restore_seconds": 0.0,
      "file_write_seconds": 6.570597179234028e-05,
      "operation_seconds": 0.052264515950810164,
      "total_phase_seconds": 0.06103469099616632,
      "scope": "file writes include journal intent/add/flush; excludes this timing receipt and checkpoint writes",
      "mode": "stage4_sealed_cell",
      "banner": "sealed Stage 4; scientific admission also requires complete declared populations"
    },
    {
      "phase": "edit:80",
      "identity_check_kind": "in_memory_structure_and_configuration",
      "recipe_verification_seconds": 0.0,
      "identity_verification_seconds": 0.0,
      "identity_check_seconds": 0.0020860899821855128,
      "state_hash_seconds": 0.00022390898084267974,
      "clone_seconds": 0.0,
      "restore_seconds": 0.0,
      "file_write_seconds": 5.9165002312511206e-05,
      "operation_seconds": 0.2506945619825274,
      "total_phase_seconds": 0.25312917097471654,
      "scope": "file writes include journal intent/add/flush; excludes this timing receipt and checkpoint writes",
      "mode": "stage4_sealed_cell",
      "banner": "sealed Stage 4; scientific admission also requires complete declared populations"
    },
    {
      "phase": "immediate:80",
      "identity_check_kind": "in_memory_structure_and_configuration",
      "recipe_verification_seconds": 0.0,
      "identity_verification_seconds": 0.0,
      "identity_check_seconds": 0.001976741012185812,
      "state_hash_seconds": 0.006069838011171669,
      "clone_seconds": 0.0,
      "restore_seconds": 0.0,
      "file_write_seconds": 0.004347444977611303,
      "operation_seconds": 0.0847365140216425,
      "total_phase_seconds": 0.09720556001411751,
      "scope": "file writes include journal intent/add/flush; excludes this timing receipt and checkpoint writes",
      "mode": "stage4_sealed_cell",
      "banner": "sealed Stage 4; scientific admission also requires complete declared populations"
    },
    {
      "phase": "edit:81",
      "identity_check_kind": "in_memory_structure_and_configuration",
      "recipe_verification_seconds": 0.0,
      "identity_verification_seconds": 0.0,
      "identity_check_seconds": 0.0019559899228625,
      "state_hash_seconds": 0.00017427402781322598,
      "clone_seconds": 0.0,
      "restore_seconds": 0.0,
      "file_write_seconds": 0.00111606897553429,
      "operation_seconds": 0.10138278000522405,
      "total_phase_seconds": 0.10469172400189564,
      "scope": "file writes include journal intent/add/flush; excludes this timing receipt and checkpoint writes",
      "mode": "stage4_sealed_cell",
      "banner": "sealed Stage 4; scientific admission also requires complete declared populations"
    },
    {
      "phase": "immediate:81",
      "identity_check_kind": "in_memory_structure_and_configuration",
      "recipe_verification_seconds": 0.0,
      "identity_verification_seconds": 0.0,
      "identity_check_seconds": 0.002295811951626092,
      "state_hash_seconds": 0.00699527096003294,
      "clone_seconds": 0.0,
      "restore_seconds": 0.0,
      "file_write_seconds": 6.113696144893765e-05,
      "operation_seconds": 0.041316085029393435,
      "total_phase_seconds": 0.05079500802094117,
      "scope": "file writes include journal intent/add/flush; excludes this timing receipt and checkpoint writes",
      "mode": "stage4_sealed_cell",
      "banner": "sealed Stage 4; scientific admission also requires complete declared populations"
    },
    {
      "phase": "edit:82",
      "identity_check_kind": "in_memory_structure_and_configuration",
      "recipe_verification_seconds": 0.0,
      "identity_verification_seconds": 0.0,
      "identity_check_seconds": 0.0022680990514345467,
      "state_hash_seconds": 0.0001815279247239232,
      "clone_seconds": 0.0,
      "restore_seconds": 0.0,
      "file_write_seconds": 5.8512960094958544e-05,
      "operation_seconds": 0.12244680500589311,
      "total_phase_seconds": 0.12502392602618784,
      "scope": "file writes include journal intent/add/flush; excludes this timing receipt and checkpoint writes",
      "mode": "stage4_sealed_cell",
      "banner": "sealed Stage 4; scientific admission also requires complete declared populations"
    },
    {
      "phase": "immediate:82",
      "identity_check_kind": "in_memory_structure_and_configuration",
      "recipe_verification_seconds": 0.0,
      "identity_verification_seconds": 0.0,
      "identity_check_seconds": 0.002069527981802821,
      "state_hash_seconds": 0.006691278947982937,
      "clone_seconds": 0.0,
      "restore_seconds": 0.0,
      "file_write_seconds": 5.8913021348416805e-05,
      "operation_seconds": 0.03689906600629911,
      "total_phase_seconds": 0.045804159017279744,
      "scope": "file writes include journal intent/add/flush; excludes this timing receipt and checkpoint writes",
      "mode": "stage4_sealed_cell",
      "banner": "sealed Stage 4; scientific admission also requires complete declared populations"
    },
    {
      "phase": "edit:83",
      "identity_check_kind": "in_memory_structure_and_configuration",
      "recipe_verification_seconds": 0.0,
      "identity_verification_seconds": 0.0,
      "identity_check_seconds": 0.002065479988232255,
      "state_hash_seconds": 0.00017502601258456707,
      "clone_seconds": 0.0,
      "restore_seconds": 0.0,
      "file_write_seconds": 5.943397991359234e-05,
      "operation_seconds": 0.21528745698742568,
      "total_phase_seconds": 0.21765575802419335,
      "scope": "file writes include journal intent/add/flush; excludes this timing receipt and checkpoint writes",
      "mode": "stage4_sealed_cell",
      "banner": "sealed Stage 4; scientific admission also requires complete declared populations"
    },
    {
      "phase": "immediate:83",
      "identity_check_kind": "in_memory_structure_and_configuration",
      "recipe_verification_seconds": 0.0,
      "identity_verification_seconds": 0.0,
      "identity_check_seconds": 0.002061362029053271,
      "state_hash_seconds": 0.006408134999219328,
      "clone_seconds": 0.0,
      "restore_seconds": 0.0,
      "file_write_seconds": 5.777995102107525e-05,
      "operation_seconds": 0.05716321896761656,
      "total_phase_seconds": 0.06577001995174214,
      "scope": "file writes include journal intent/add/flush; excludes this timing receipt and checkpoint writes",
      "mode": "stage4_sealed_cell",
      "banner": "sealed Stage 4; scientific admission also requires complete declared populations"
    },
    {
      "phase": "edit:84",
      "identity_check_kind": "in_memory_structure_and_configuration",
      "recipe_verification_seconds": 0.0,
      "identity_verification_seconds": 0.0,
      "identity_check_seconds": 0.002102561993524432,
      "state_hash_seconds": 0.0002006450085900724,
      "clone_seconds": 0.0,
      "restore_seconds": 0.0,
      "file_write_seconds": 6.77309581078589e-05,
      "operation_seconds": 0.0914486629772,
      "total_phase_seconds": 0.09388644702266902,
      "scope": "file writes include journal intent/add/flush; excludes this timing receipt and checkpoint writes",
      "mode": "stage4_sealed_cell",
      "banner": "sealed Stage 4; scientific admission also requires complete declared populations"
    },
    {
      "phase": "immediate:84",
      "identity_check_kind": "in_memory_structure_and_configuration",
      "recipe_verification_seconds": 0.0,
      "identity_verification_seconds": 0.0,
      "identity_check_seconds": 0.0020138509571552277,
      "state_hash_seconds": 0.006612308032345027,
      "clone_seconds": 0.0,
      "restore_seconds": 0.0,
      "file_write_seconds": 5.755096208304167e-05,
      "operation_seconds": 0.05344124202383682,
      "total_phase_seconds": 0.062207048991695046,
      "scope": "file writes include journal intent/add/flush; excludes this timing receipt and checkpoint writes",
      "mode": "stage4_sealed_cell",
      "banner": "sealed Stage 4; scientific admission also requires complete declared populations"
    },
    {
      "phase": "edit:85",
      "identity_check_kind": "in_memory_structure_and_configuration",
      "recipe_verification_seconds": 0.0,
      "identity_verification_seconds": 0.0,
      "identity_check_seconds": 0.002082001941744238,
      "state_hash_seconds": 0.0001815279247239232,
      "clone_seconds": 0.0,
      "restore_seconds": 0.0,
      "file_write_seconds": 5.904398858547211e-05,
      "operation_seconds": 0.21058153500780463,
      "total_phase_seconds": 0.21296673797769472,
      "scope": "file writes include journal intent/add/flush; excludes this timing receipt and checkpoint writes",
      "mode": "stage4_sealed_cell",
      "banner": "sealed Stage 4; scientific admission also requires complete declared populations"
    },
    {
      "phase": "immediate:85",
      "identity_check_kind": "in_memory_structure_and_configuration",
      "recipe_verification_seconds": 0.0,
      "identity_verification_seconds": 0.0,
      "identity_check_seconds": 0.0019747859332710505,
      "state_hash_seconds": 0.0066618629498407245,
      "clone_seconds": 0.0,
      "restore_seconds": 0.0,
      "file_write_seconds": 5.7730008848011494e-05,
      "operation_seconds": 0.08038233598927036,
      "total_phase_seconds": 0.08916508400579914,
      "scope": "file writes include journal intent/add/flush; excludes this timing receipt and checkpoint writes",
      "mode": "stage4_sealed_cell",
      "banner": "sealed Stage 4; scientific admission also requires complete declared populations"
    },
    {
      "phase": "edit:86",
      "identity_check_kind": "in_memory_structure_and_configuration",
      "recipe_verification_seconds": 0.0,
      "identity_verification_seconds": 0.0,
      "identity_check_seconds": 0.0021469970233738422,
      "state_hash_seconds": 0.00019878201419487596,
      "clone_seconds": 0.0,
      "restore_seconds": 0.0,
      "file_write_seconds": 5.8811972849071026e-05,
      "operation_seconds": 0.1126142839784734,
      "total_phase_seconds": 0.11508225498255342,
      "scope": "file writes include journal intent/add/flush; excludes this timing receipt and checkpoint writes",
      "mode": "stage4_sealed_cell",
      "banner": "sealed Stage 4; scientific admission also requires complete declared populations"
    },
    {
      "phase": "immediate:86",
      "identity_check_kind": "in_memory_structure_and_configuration",
      "recipe_verification_seconds": 0.0,
      "identity_verification_seconds": 0.0,
      "identity_check_seconds": 0.002569626027252525,
      "state_hash_seconds": 0.007348307000938803,
      "clone_seconds": 0.0,
      "restore_seconds": 0.0,
      "file_write_seconds": 6.507395301014185e-05,
      "operation_seconds": 0.051318292040377855,
      "total_phase_seconds": 0.06140019203303382,
      "scope": "file writes include journal intent/add/flush; excludes this timing receipt and checkpoint writes",
      "mode": "stage4_sealed_cell",
      "banner": "sealed Stage 4; scientific admission also requires complete declared populations"
    },
    {
      "phase": "edit:87",
      "identity_check_kind": "in_memory_structure_and_configuration",
      "recipe_verification_seconds": 0.0,
      "identity_verification_seconds": 0.0,
      "identity_check_seconds": 0.002823494025506079,
      "state_hash_seconds": 0.0002381769591011107,
      "clone_seconds": 0.0,
      "restore_seconds": 0.0,
      "file_write_seconds": 6.031600059941411e-05,
      "operation_seconds": 0.13485106802545488,
      "total_phase_seconds": 0.1380534579511732,
      "scope": "file writes include journal intent/add/flush; excludes this timing receipt and checkpoint writes",
      "mode": "stage4_sealed_cell",
      "banner": "sealed Stage 4; scientific admission also requires complete declared populations"
    },
    {
      "phase": "immediate:87",
      "identity_check_kind": "in_memory_structure_and_configuration",
      "recipe_verification_seconds": 0.0,
      "identity_verification_seconds": 0.0,
      "identity_check_seconds": 0.002002378983888775,
      "state_hash_seconds": 0.006699734018184245,
      "clone_seconds": 0.0,
      "restore_seconds": 0.0,
      "file_write_seconds": 6.209802813827991e-05,
      "operation_seconds": 0.035452060983516276,
      "total_phase_seconds": 0.04429577803239226,
      "scope": "file writes include journal intent/add/flush; excludes this timing receipt and checkpoint writes",
      "mode": "stage4_sealed_cell",
      "banner": "sealed Stage 4; scientific admission also requires complete declared populations"
    },
    {
      "phase": "edit:88",
      "identity_check_kind": "in_memory_structure_and_configuration",
      "recipe_verification_seconds": 0.0,
      "identity_verification_seconds": 0.0,
      "identity_check_seconds": 0.002123360987752676,
      "state_hash_seconds": 0.00020615593530237675,
      "clone_seconds": 0.0,
      "restore_seconds": 0.0,
      "file_write_seconds": 6.288097938522696e-05,
      "operation_seconds": 0.12026894901646301,
      "total_phase_seconds": 0.12272532895440236,
      "scope": "file writes include journal intent/add/flush; excludes this timing receipt and checkpoint writes",
      "mode": "stage4_sealed_cell",
      "banner": "sealed Stage 4; scientific admission also requires complete declared populations"
    },
    {
      "phase": "immediate:88",
      "identity_check_kind": "in_memory_structure_and_configuration",
      "recipe_verification_seconds": 0.0,
      "identity_verification_seconds": 0.0,
      "identity_check_seconds": 0.0020912300096824765,
      "state_hash_seconds": 0.006766962993424386,
      "clone_seconds": 0.0,
      "restore_seconds": 0.0,
      "file_write_seconds": 6.322097033262253e-05,
      "operation_seconds": 0.050986104004550725,
      "total_phase_seconds": 0.05999693099875003,
      "scope": "file writes include journal intent/add/flush; excludes this timing receipt and checkpoint writes",
      "mode": "stage4_sealed_cell",
      "banner": "sealed Stage 4; scientific admission also requires complete declared populations"
    },
    {
      "phase": "edit:89",
      "identity_check_kind": "in_memory_structure_and_configuration",
      "recipe_verification_seconds": 0.0,
      "identity_verification_seconds": 0.0,
      "identity_check_seconds": 0.0022871450055390596,
      "state_hash_seconds": 0.00019042601343244314,
      "clone_seconds": 0.0,
      "restore_seconds": 0.0,
      "file_write_seconds": 6.0496036894619465e-05,
      "operation_seconds": 0.1293298520031385,
      "total_phase_seconds": 0.131931871001143,
      "scope": "file writes include journal intent/add/flush; excludes this timing receipt and checkpoint writes",
      "mode": "stage4_sealed_cell",
      "banner": "sealed Stage 4; scientific admission also requires complete declared populations"
    },
    {
      "phase": "immediate:89",
      "identity_check_kind": "in_memory_structure_and_configuration",
      "recipe_verification_seconds": 0.0,
      "identity_verification_seconds": 0.0,
      "identity_check_seconds": 0.002043908985797316,
      "state_hash_seconds": 0.006732619076501578,
      "clone_seconds": 0.0,
      "restore_seconds": 0.0,
      "file_write_seconds": 6.993301212787628e-05,
      "operation_seconds": 0.04129937296966091,
      "total_phase_seconds": 0.05022394401021302,
      "scope": "file writes include journal intent/add/flush; excludes this timing receipt and checkpoint writes",
      "mode": "stage4_sealed_cell",
      "banner": "sealed Stage 4; scientific admission also requires complete declared populations"
    },
    {
      "phase": "edit:90",
      "identity_check_kind": "in_memory_structure_and_configuration",
      "recipe_verification_seconds": 0.0,
      "identity_verification_seconds": 0.0,
      "identity_check_seconds": 0.0020206240005791187,
      "state_hash_seconds": 0.0001867780229076743,
      "clone_seconds": 0.0,
      "restore_seconds": 0.0,
      "file_write_seconds": 6.027502240613103e-05,
      "operation_seconds": 0.0869985909666866,
      "total_phase_seconds": 0.0893271749955602,
      "scope": "file writes include journal intent/add/flush; excludes this timing receipt and checkpoint writes",
      "mode": "stage4_sealed_cell",
      "banner": "sealed Stage 4; scientific admission also requires complete declared populations"
    },
    {
      "phase": "immediate:90",
      "identity_check_kind": "in_memory_structure_and_configuration",
      "recipe_verification_seconds": 0.0,
      "identity_verification_seconds": 0.0,
      "identity_check_seconds": 0.002104875980876386,
      "state_hash_seconds": 0.007111073995474726,
      "clone_seconds": 0.0,
      "restore_seconds": 0.0,
      "file_write_seconds": 5.8142002671957016e-05,
      "operation_seconds": 0.05162398802349344,
      "total_phase_seconds": 0.06098193995421752,
      "scope": "file writes include journal intent/add/flush; excludes this timing receipt and checkpoint writes",
      "mode": "stage4_sealed_cell",
      "banner": "sealed Stage 4; scientific admission also requires complete declared populations"
    },
    {
      "phase": "edit:91",
      "identity_check_kind": "in_memory_structure_and_configuration",
      "recipe_verification_seconds": 0.0,
      "identity_verification_seconds": 0.0,
      "identity_check_seconds": 0.002159050025511533,
      "state_hash_seconds": 0.000212137121707201,
      "clone_seconds": 0.0,
      "restore_seconds": 0.0,
      "file_write_seconds": 5.896395305171609e-05,
      "operation_seconds": 0.11825508798938245,
      "total_phase_seconds": 0.12075462099164724,
      "scope": "file writes include journal intent/add/flush; excludes this timing receipt and checkpoint writes",
      "mode": "stage4_sealed_cell",
      "banner": "sealed Stage 4; scientific admission also requires complete declared populations"
    },
    {
      "phase": "immediate:91",
      "identity_check_kind": "in_memory_structure_and_configuration",
      "recipe_verification_seconds": 0.0,
      "identity_verification_seconds": 0.0,
      "identity_check_seconds": 0.0022330809733830392,
      "state_hash_seconds": 0.006919816019944847,
      "clone_seconds": 0.0,
      "restore_seconds": 0.0,
      "file_write_seconds": 5.858205258846283e-05,
      "operation_seconds": 0.054665609961375594,
      "total_phase_seconds": 0.06395752402022481,
      "scope": "file writes include journal intent/add/flush; excludes this timing receipt and checkpoint writes",
      "mode": "stage4_sealed_cell",
      "banner": "sealed Stage 4; scientific admission also requires complete declared populations"
    },
    {
      "phase": "edit:92",
      "identity_check_kind": "in_memory_structure_and_configuration",
      "recipe_verification_seconds": 0.0,
      "identity_verification_seconds": 0.0,
      "identity_check_seconds": 0.0021559339365921915,
      "state_hash_seconds": 0.00023156491806730628,
      "clone_seconds": 0.0,
      "restore_seconds": 0.0,
      "file_write_seconds": 8.678698213770986e-05,
      "operation_seconds": 0.17866501194657758,
      "total_phase_seconds": 0.1812178770196624,
      "scope": "file writes include journal intent/add/flush; excludes this timing receipt and checkpoint writes",
      "mode": "stage4_sealed_cell",
      "banner": "sealed Stage 4; scientific admission also requires complete declared populations"
    },
    {
      "phase": "immediate:92",
      "identity_check_kind": "in_memory_structure_and_configuration",
      "recipe_verification_seconds": 0.0,
      "identity_verification_seconds": 0.0,
      "identity_check_seconds": 0.002074438030831516,
      "state_hash_seconds": 0.006976946955546737,
      "clone_seconds": 0.0,
      "restore_seconds": 0.0,
      "file_write_seconds": 5.9162965044379234e-05,
      "operation_seconds": 0.06620165699860081,
      "total_phase_seconds": 0.07539626699872315,
      "scope": "file writes include journal intent/add/flush; excludes this timing receipt and checkpoint writes",
      "mode": "stage4_sealed_cell",
      "banner": "sealed Stage 4; scientific admission also requires complete declared populations"
    },
    {
      "phase": "edit:93",
      "identity_check_kind": "in_memory_structure_and_configuration",
      "recipe_verification_seconds": 0.0,
      "identity_verification_seconds": 0.0,
      "identity_check_seconds": 0.0025201429962180555,
      "state_hash_seconds": 0.0002791950246319175,
      "clone_seconds": 0.0,
      "restore_seconds": 0.0,
      "file_write_seconds": 9.781803237274289e-05,
      "operation_seconds": 0.10872602794552222,
      "total_phase_seconds": 0.11170806601876393,
      "scope": "file writes include journal intent/add/flush; excludes this timing receipt and checkpoint writes",
      "mode": "stage4_sealed_cell",
      "banner": "sealed Stage 4; scientific admission also requires complete declared populations"
    },
    {
      "phase": "immediate:93",
      "identity_check_kind": "in_memory_structure_and_configuration",
      "recipe_verification_seconds": 0.0,
      "identity_verification_seconds": 0.0,
      "identity_check_seconds": 0.002167786005884409,
      "state_hash_seconds": 0.0075048289727419615,
      "clone_seconds": 0.0,
      "restore_seconds": 0.0,
      "file_write_seconds": 5.682994378730655e-05,
      "operation_seconds": 0.037687067000661045,
      "total_phase_seconds": 0.047520040010567755,
      "scope": "file writes include journal intent/add/flush; excludes this timing receipt and checkpoint writes",
      "mode": "stage4_sealed_cell",
      "banner": "sealed Stage 4; scientific admission also requires complete declared populations"
    },
    {
      "phase": "edit:94",
      "identity_check_kind": "in_memory_structure_and_configuration",
      "recipe_verification_seconds": 0.0,
      "identity_verification_seconds": 0.0,
      "identity_check_seconds": 0.002182243042625487,
      "state_hash_seconds": 0.00025490904226899147,
      "clone_seconds": 0.0,
      "restore_seconds": 0.0,
      "file_write_seconds": 5.933298962190747e-05,
      "operation_seconds": 0.12362580600893125,
      "total_phase_seconds": 0.12619832903146744,
      "scope": "file writes include journal intent/add/flush; excludes this timing receipt and checkpoint writes",
      "mode": "stage4_sealed_cell",
      "banner": "sealed Stage 4; scientific admission also requires complete declared populations"
    },
    {
      "phase": "immediate:94",
      "identity_check_kind": "in_memory_structure_and_configuration",
      "recipe_verification_seconds": 0.0,
      "identity_verification_seconds": 0.0,
      "identity_check_seconds": 0.0021575370337814093,
      "state_hash_seconds": 0.007069793937262148,
      "clone_seconds": 0.0,
      "restore_seconds": 0.0,
      "file_write_seconds": 6.104703061282635e-05,
      "operation_seconds": 0.048687497968785465,
      "total_phase_seconds": 0.05806288303574547,
      "scope": "file writes include journal intent/add/flush; excludes this timing receipt and checkpoint writes",
      "mode": "stage4_sealed_cell",
      "banner": "sealed Stage 4; scientific admission also requires complete declared populations"
    },
    {
      "phase": "edit:95",
      "identity_check_kind": "in_memory_structure_and_configuration",
      "recipe_verification_seconds": 0.0,
      "identity_verification_seconds": 0.0,
      "identity_check_seconds": 0.0020201829611323774,
      "state_hash_seconds": 0.00018908089259639382,
      "clone_seconds": 0.0,
      "restore_seconds": 0.0,
      "file_write_seconds": 5.927297752350569e-05,
      "operation_seconds": 0.2712023720378056,
      "total_phase_seconds": 0.2735323700471781,
      "scope": "file writes include journal intent/add/flush; excludes this timing receipt and checkpoint writes",
      "mode": "stage4_sealed_cell",
      "banner": "sealed Stage 4; scientific admission also requires complete declared populations"
    },
    {
      "phase": "immediate:95",
      "identity_check_kind": "in_memory_structure_and_configuration",
      "recipe_verification_seconds": 0.0,
      "identity_verification_seconds": 0.0,
      "identity_check_seconds": 0.0020337890018709004,
      "state_hash_seconds": 0.0071824900223873556,
      "clone_seconds": 0.0,
      "restore_seconds": 0.0,
      "file_write_seconds": 5.736097227782011e-05,
      "operation_seconds": 0.09567568800412118,
      "total_phase_seconds": 0.10502523399190977,
      "scope": "file writes include journal intent/add/flush; excludes this timing receipt and checkpoint writes",
      "mode": "stage4_sealed_cell",
      "banner": "sealed Stage 4; scientific admission also requires complete declared populations"
    },
    {
      "phase": "edit:96",
      "identity_check_kind": "in_memory_structure_and_configuration",
      "recipe_verification_seconds": 0.0,
      "identity_verification_seconds": 0.0,
      "identity_check_seconds": 0.002216760069131851,
      "state_hash_seconds": 0.0002738949842751026,
      "clone_seconds": 0.0,
      "restore_seconds": 0.0,
      "file_write_seconds": 6.103701889514923e-05,
      "operation_seconds": 0.09393437899416313,
      "total_phase_seconds": 0.09656049398472533,
      "scope": "file writes include journal intent/add/flush; excludes this timing receipt and checkpoint writes",
      "mode": "stage4_sealed_cell",
      "banner": "sealed Stage 4; scientific admission also requires complete declared populations"
    },
    {
      "phase": "immediate:96",
      "identity_check_kind": "in_memory_structure_and_configuration",
      "recipe_verification_seconds": 0.0,
      "identity_verification_seconds": 0.0,
      "identity_check_seconds": 0.002100417041219771,
      "state_hash_seconds": 0.007431028003338724,
      "clone_seconds": 0.0,
      "restore_seconds": 0.0,
      "file_write_seconds": 0.004518044006545097,
      "operation_seconds": 0.04988037497969344,
      "total_phase_seconds": 0.06402280001202598,
      "scope": "file writes include journal intent/add/flush; excludes this timing receipt and checkpoint writes",
      "mode": "stage4_sealed_cell",
      "banner": "sealed Stage 4; scientific admission also requires complete declared populations"
    },
    {
      "phase": "edit:97",
      "identity_check_kind": "in_memory_structure_and_configuration",
      "recipe_verification_seconds": 0.0,
      "identity_verification_seconds": 0.0,
      "identity_check_seconds": 0.0020853570313192904,
      "state_hash_seconds": 0.00020965095609426498,
      "clone_seconds": 0.0,
      "restore_seconds": 0.0,
      "file_write_seconds": 0.0012306490680202842,
      "operation_seconds": 0.1540304510272108,
      "total_phase_seconds": 0.1576215960085392,
      "scope": "file writes include journal intent/add/flush; excludes this timing receipt and checkpoint writes",
      "mode": "stage4_sealed_cell",
      "banner": "sealed Stage 4; scientific admission also requires complete declared populations"
    },
    {
      "phase": "immediate:97",
      "identity_check_kind": "in_memory_structure_and_configuration",
      "recipe_verification_seconds": 0.0,
      "identity_verification_seconds": 0.0,
      "identity_check_seconds": 0.001997720042709261,
      "state_hash_seconds": 0.007300686032976955,
      "clone_seconds": 0.0,
      "restore_seconds": 0.0,
      "file_write_seconds": 5.824095569550991e-05,
      "operation_seconds": 0.06473901297431439,
      "total_phase_seconds": 0.07417533500120044,
      "scope": "file writes include journal intent/add/flush; excludes this timing receipt and checkpoint writes",
      "mode": "stage4_sealed_cell",
      "banner": "sealed Stage 4; scientific admission also requires complete declared populations"
    },
    {
      "phase": "edit:98",
      "identity_check_kind": "in_memory_structure_and_configuration",
      "recipe_verification_seconds": 0.0,
      "identity_verification_seconds": 0.0,
      "identity_check_seconds": 0.0021254949970170856,
      "state_hash_seconds": 0.00023835600586608052,
      "clone_seconds": 0.0,
      "restore_seconds": 0.0,
      "file_write_seconds": 6.0134974773973227e-05,
      "operation_seconds": 0.09056815505027771,
      "total_phase_seconds": 0.09306466195266694,
      "scope": "file writes include journal intent/add/flush; excludes this timing receipt and checkpoint writes",
      "mode": "stage4_sealed_cell",
      "banner": "sealed Stage 4; scientific admission also requires complete declared populations"
    },
    {
      "phase": "immediate:98",
      "identity_check_kind": "in_memory_structure_and_configuration",
      "recipe_verification_seconds": 0.0,
      "identity_verification_seconds": 0.0,
      "identity_check_seconds": 0.0024786119465716183,
      "state_hash_seconds": 0.008168230997398496,
      "clone_seconds": 0.0,
      "restore_seconds": 0.0,
      "file_write_seconds": 9.874999523162842e-05,
      "operation_seconds": 0.0613184449612163,
      "total_phase_seconds": 0.07218282599933445,
      "scope": "file writes include journal intent/add/flush; excludes this timing receipt and checkpoint writes",
      "mode": "stage4_sealed_cell",
      "banner": "sealed Stage 4; scientific admission also requires complete declared populations"
    },
    {
      "phase": "edit:99",
      "identity_check_kind": "in_memory_structure_and_configuration",
      "recipe_verification_seconds": 0.0,
      "identity_verification_seconds": 0.0,
      "identity_check_seconds": 0.0029804050573147833,
      "state_hash_seconds": 0.0003042140160687268,
      "clone_seconds": 0.0,
      "restore_seconds": 0.0,
      "file_write_seconds": 6.12179865129292e-05,
      "operation_seconds": 0.15863616100978106,
      "total_phase_seconds": 0.16205723996972665,
      "scope": "file writes include journal intent/add/flush; excludes this timing receipt and checkpoint writes",
      "mode": "stage4_sealed_cell",
      "banner": "sealed Stage 4; scientific admission also requires complete declared populations"
    },
    {
      "phase": "immediate:99",
      "identity_check_kind": "in_memory_structure_and_configuration",
      "recipe_verification_seconds": 0.0,
      "identity_verification_seconds": 0.0,
      "identity_check_seconds": 0.002206569944974035,
      "state_hash_seconds": 0.0076933399541303515,
      "clone_seconds": 0.0,
      "restore_seconds": 0.0,
      "file_write_seconds": 5.729903932660818e-05,
      "operation_seconds": 0.055571446020621806,
      "total_phase_seconds": 0.06561524298740551,
      "scope": "file writes include journal intent/add/flush; excludes this timing receipt and checkpoint writes",
      "mode": "stage4_sealed_cell",
      "banner": "sealed Stage 4; scientific admission also requires complete declared populations"
    },
    {
      "phase": "edit:100",
      "identity_check_kind": "in_memory_structure_and_configuration",
      "recipe_verification_seconds": 0.0,
      "identity_verification_seconds": 0.0,
      "identity_check_seconds": 0.002266596013214439,
      "state_hash_seconds": 0.0002404309925623238,
      "clone_seconds": 0.0,
      "restore_seconds": 0.0,
      "file_write_seconds": 5.9373967815190554e-05,
      "operation_seconds": 0.13714453496504575,
      "total_phase_seconds": 0.13978171104099602,
      "scope": "file writes include journal intent/add/flush; excludes this timing receipt and checkpoint writes",
      "mode": "stage4_sealed_cell",
      "banner": "sealed Stage 4; scientific admission also requires complete declared populations"
    },
    {
      "phase": "immediate:100",
      "identity_check_kind": "in_memory_structure_and_configuration",
      "recipe_verification_seconds": 0.0,
      "identity_verification_seconds": 0.0,
      "identity_check_seconds": 0.002202784991823137,
      "state_hash_seconds": 0.0077863080077804625,
      "clone_seconds": 0.0,
      "restore_seconds": 0.0,
      "file_write_seconds": 5.8492994867265224e-05,
      "operation_seconds": 0.07064749102573842,
      "total_phase_seconds": 0.08078438701340929,
      "scope": "file writes include journal intent/add/flush; excludes this timing receipt and checkpoint writes",
      "mode": "stage4_sealed_cell",
      "banner": "sealed Stage 4; scientific admission also requires complete declared populations"
    },
    {
      "phase": "retention:100",
      "identity_check_kind": "in_memory_structure_and_configuration",
      "recipe_verification_seconds": 0.0,
      "identity_verification_seconds": 0.0,
      "identity_check_seconds": 0.0020506310393102467,
      "state_hash_seconds": 0.007381092931609601,
      "clone_seconds": 0.0,
      "restore_seconds": 0.0,
      "file_write_seconds": 0.003143176028970629,
      "operation_seconds": 5.1310970049817115,
      "total_phase_seconds": 5.145789715985302,
      "scope": "file writes include journal intent/add/flush; excludes this timing receipt and checkpoint writes",
      "mode": "stage4_sealed_cell",
      "banner": "sealed Stage 4; scientific admission also requires complete declared populations"
    },
    {
      "phase": "locality:100",
      "identity_check_kind": "in_memory_structure_and_configuration",
      "recipe_verification_seconds": 0.0,
      "identity_verification_seconds": 0.0,
      "identity_check_seconds": 0.0019593979232013226,
      "state_hash_seconds": 0.007521451043430716,
      "clone_seconds": 0.0,
      "restore_seconds": 0.0,
      "file_write_seconds": 0.0009635869646444917,
      "operation_seconds": 7.74222593504237,
      "total_phase_seconds": 7.753754397970624,
      "scope": "file writes include journal intent/add/flush; excludes this timing receipt and checkpoint writes",
      "mode": "stage4_sealed_cell",
      "banner": "sealed Stage 4; scientific admission also requires complete declared populations"
    },
    {
      "phase": "unseen:100",
      "identity_check_kind": "in_memory_structure_and_configuration",
      "recipe_verification_seconds": 0.0,
      "identity_verification_seconds": 0.0,
      "identity_check_seconds": 0.0020202029845677316,
      "state_hash_seconds": 0.007316156988963485,
      "clone_seconds": 0.0,
      "restore_seconds": 0.0,
      "file_write_seconds": 0.0021220280323177576,
      "operation_seconds": 58.07253902294906,
      "total_phase_seconds": 58.08600880904123,
      "scope": "file writes include journal intent/add/flush; excludes this timing receipt and checkpoint writes",
      "mode": "stage4_sealed_cell",
      "banner": "sealed Stage 4; scientific admission also requires complete declared populations"
    },
    {
      "phase": "drift:100",
      "identity_check_kind": "in_memory_structure_and_configuration",
      "recipe_verification_seconds": 0.0,
      "identity_verification_seconds": 0.0,
      "identity_check_seconds": 0.0021164679783396423,
      "state_hash_seconds": 0.007694961968809366,
      "clone_seconds": 0.0,
      "restore_seconds": 0.0,
      "file_write_seconds": 0.1953616149839945,
      "operation_seconds": 64.04539826803375,
      "total_phase_seconds": 64.33517514297273,
      "scope": "file writes include journal intent/add/flush; excludes this timing receipt and checkpoint writes",
      "mode": "stage4_sealed_cell",
      "banner": "sealed Stage 4; scientific admission also requires complete declared populations"
    },
    {
      "phase": "edit:101",
      "identity_check_kind": "in_memory_structure_and_configuration",
      "recipe_verification_seconds": 0.0,
      "identity_verification_seconds": 0.0,
      "identity_check_seconds": 0.002081550017464906,
      "state_hash_seconds": 0.0002040910185314715,
      "clone_seconds": 0.0,
      "restore_seconds": 0.0,
      "file_write_seconds": 0.0012454480165615678,
      "operation_seconds": 0.1223611609893851,
      "total_phase_seconds": 0.12917831097729504,
      "scope": "file writes include journal intent/add/flush; excludes this timing receipt and checkpoint writes",
      "mode": "stage4_sealed_cell",
      "banner": "sealed Stage 4; scientific admission also requires complete declared populations"
    },
    {
      "phase": "immediate:101",
      "identity_check_kind": "in_memory_structure_and_configuration",
      "recipe_verification_seconds": 0.0,
      "identity_verification_seconds": 0.0,
      "identity_check_seconds": 0.002156614966224879,
      "state_hash_seconds": 0.007488868024665862,
      "clone_seconds": 0.0,
      "restore_seconds": 0.0,
      "file_write_seconds": 5.8222038205713034e-05,
      "operation_seconds": 0.04782080603763461,
      "total_phase_seconds": 0.05761870095739141,
      "scope": "file writes include journal intent/add/flush; excludes this timing receipt and checkpoint writes",
      "mode": "stage4_sealed_cell",
      "banner": "sealed Stage 4; scientific admission also requires complete declared populations"
    },
    {
      "phase": "edit:102",
      "identity_check_kind": "in_memory_structure_and_configuration",
      "recipe_verification_seconds": 0.0,
      "identity_verification_seconds": 0.0,
      "identity_check_seconds": 0.001997139013838023,
      "state_hash_seconds": 0.00017750106053426862,
      "clone_seconds": 0.0,
      "restore_seconds": 0.0,
      "file_write_seconds": 6.106699584051967e-05,
      "operation_seconds": 0.07656682003289461,
      "total_phase_seconds": 0.07886380498530343,
      "scope": "file writes include journal intent/add/flush; excludes this timing receipt and checkpoint writes",
      "mode": "stage4_sealed_cell",
      "banner": "sealed Stage 4; scientific admission also requires complete declared populations"
    },
    {
      "phase": "immediate:102",
      "identity_check_kind": "in_memory_structure_and_configuration",
      "recipe_verification_seconds": 0.0,
      "identity_verification_seconds": 0.0,
      "identity_check_seconds": 0.002068184083327651,
      "state_hash_seconds": 0.007574932940769941,
      "clone_seconds": 0.0,
      "restore_seconds": 0.0,
      "file_write_seconds": 5.861197132617235e-05,
      "operation_seconds": 0.03954754397273064,
      "total_phase_seconds": 0.04933598096249625,
      "scope": "file writes include journal intent/add/flush; excludes this timing receipt and checkpoint writes",
      "mode": "stage4_sealed_cell",
      "banner": "sealed Stage 4; scientific admission also requires complete declared populations"
    },
    {
      "phase": "edit:103",
      "identity_check_kind": "in_memory_structure_and_configuration",
      "recipe_verification_seconds": 0.0,
      "identity_verification_seconds": 0.0,
      "identity_check_seconds": 0.002070389047730714,
      "state_hash_seconds": 0.00020461197709664702,
      "clone_seconds": 0.0,
      "restore_seconds": 0.0,
      "file_write_seconds": 6.210897117853165e-05,
      "operation_seconds": 0.08101602096576244,
      "total_phase_seconds": 0.08342422801069915,
      "scope": "file writes include journal intent/add/flush; excludes this timing receipt and checkpoint writes",
      "mode": "stage4_sealed_cell",
      "banner": "sealed Stage 4; scientific admission also requires complete declared populations"
    },
    {
      "phase": "immediate:103",
      "identity_check_kind": "in_memory_structure_and_configuration",
      "recipe_verification_seconds": 0.0,
      "identity_verification_seconds": 0.0,
      "identity_check_seconds": 0.0019389879307709634,
      "state_hash_seconds": 0.007549123896751553,
      "clone_seconds": 0.0,
      "restore_seconds": 0.0,
      "file_write_seconds": 5.579693242907524e-05,
      "operation_seconds": 0.039745464047882706,
      "total_phase_seconds": 0.04936847399221733,
      "scope": "file writes include journal intent/add/flush; excludes this timing receipt and checkpoint writes",
      "mode": "stage4_sealed_cell",
      "banner": "sealed Stage 4; scientific admission also requires complete declared populations"
    },
    {
      "phase": "edit:104",
      "identity_check_kind": "in_memory_structure_and_configuration",
      "recipe_verification_seconds": 0.0,
      "identity_verification_seconds": 0.0,
      "identity_check_seconds": 0.0020341509953141212,
      "state_hash_seconds": 0.00018675799947232008,
      "clone_seconds": 0.0,
      "restore_seconds": 0.0,
      "file_write_seconds": 5.8682053349912167e-05,
      "operation_seconds": 0.07392016699304804,
      "total_phase_seconds": 0.07626315904781222,
      "scope": "file writes include journal intent/add/flush; excludes this timing receipt and checkpoint writes",
      "mode": "stage4_sealed_cell",
      "banner": "sealed Stage 4; scientific admission also requires complete declared populations"
    },
    {
      "phase": "immediate:104",
      "identity_check_kind": "in_memory_structure_and_configuration",
      "recipe_verification_seconds": 0.0,
      "identity_verification_seconds": 0.0,
      "identity_check_seconds": 0.0019722009310498834,
      "state_hash_seconds": 0.007451457087881863,
      "clone_seconds": 0.0,
      "restore_seconds": 0.0,
      "file_write_seconds": 5.67579991184175e-05,
      "operation_seconds": 0.03871952596819028,
      "total_phase_seconds": 0.04827104904688895,
      "scope": "file writes include journal intent/add/flush; excludes this timing receipt and checkpoint writes",
      "mode": "stage4_sealed_cell",
      "banner": "sealed Stage 4; scientific admission also requires complete declared populations"
    },
    {
      "phase": "edit:105",
      "identity_check_kind": "in_memory_structure_and_configuration",
      "recipe_verification_seconds": 0.0,
      "identity_verification_seconds": 0.0,
      "identity_check_seconds": 0.0019184390548616648,
      "state_hash_seconds": 0.00019572500605136156,
      "clone_seconds": 0.0,
      "restore_seconds": 0.0,
      "file_write_seconds": 5.677901208400726e-05,
      "operation_seconds": 0.1591701250290498,
      "total_phase_seconds": 0.16140135296154767,
      "scope": "file writes include journal intent/add/flush; excludes this timing receipt and checkpoint writes",
      "mode": "stage4_sealed_cell",
      "banner": "sealed Stage 4; scientific admission also requires complete declared populations"
    },
    {
      "phase": "immediate:105",
      "identity_check_kind": "in_memory_structure_and_configuration",
      "recipe_verification_seconds": 0.0,
      "identity_verification_seconds": 0.0,
      "identity_check_seconds": 0.002114514005370438,
      "state_hash_seconds": 0.007652321073692292,
      "clone_seconds": 0.0,
      "restore_seconds": 0.0,
      "file_write_seconds": 5.946401506662369e-05,
      "operation_seconds": 0.04569715401157737,
      "total_phase_seconds": 0.055603537999559194,
      "scope": "file writes include journal intent/add/flush; excludes this timing receipt and checkpoint writes",
      "mode": "stage4_sealed_cell",
      "banner": "sealed Stage 4; scientific admission also requires complete declared populations"
    },
    {
      "phase": "edit:106",
      "identity_check_kind": "in_memory_structure_and_configuration",
      "recipe_verification_seconds": 0.0,
      "identity_verification_seconds": 0.0,
      "identity_check_seconds": 0.0021429579937830567,
      "state_hash_seconds": 0.00021074397955089808,
      "clone_seconds": 0.0,
      "restore_seconds": 0.0,
      "file_write_seconds": 5.936302477493882e-05,
      "operation_seconds": 0.10932220198446885,
      "total_phase_seconds": 0.1118019669665955,
      "scope": "file writes include journal intent/add/flush; excludes this timing receipt and checkpoint writes",
      "mode": "stage4_sealed_cell",
      "banner": "sealed Stage 4; scientific admission also requires complete declared populations"
    },
    {
      "phase": "immediate:106",
      "identity_check_kind": "in_memory_structure_and_configuration",
      "recipe_verification_seconds": 0.0,
      "identity_verification_seconds": 0.0,
      "identity_check_seconds": 0.002170681022107601,
      "state_hash_seconds": 0.007914695946965367,
      "clone_seconds": 0.0,
      "restore_seconds": 0.0,
      "file_write_seconds": 5.6428019888699055e-05,
      "operation_seconds": 0.0414981140056625,
      "total_phase_seconds": 0.05172865802887827,
      "scope": "file writes include journal intent/add/flush; excludes this timing receipt and checkpoint writes",
      "mode": "stage4_sealed_cell",
      "banner": "sealed Stage 4; scientific admission also requires complete declared populations"
    },
    {
      "phase": "edit:107",
      "identity_check_kind": "in_memory_structure_and_configuration",
      "recipe_verification_seconds": 0.0,
      "identity_verification_seconds": 0.0,
      "identity_check_seconds": 0.0019699569675140083,
      "state_hash_seconds": 0.00018615805311128497,
      "clone_seconds": 0.0,
      "restore_seconds": 0.0,
      "file_write_seconds": 5.823193350806832e-05,
      "operation_seconds": 0.07785231503657997,
      "total_phase_seconds": 0.08013085299171507,
      "scope": "file writes include journal intent/add/flush; excludes this timing receipt and checkpoint writes",
      "mode": "stage4_sealed_cell",
      "banner": "sealed Stage 4; scientific admission also requires complete declared populations"
    },
    {
      "phase": "immediate:107",
      "identity_check_kind": "in_memory_structure_and_configuration",
      "recipe_verification_seconds": 0.0,
      "identity_verification_seconds": 0.0,
      "identity_check_seconds": 0.001936902990564704,
      "state_hash_seconds": 0.007687709003221244,
      "clone_seconds": 0.0,
      "restore_seconds": 0.0,
      "file_write_seconds": 5.6658987887203693e-05,
      "operation_seconds": 0.04614303004927933,
      "total_phase_seconds": 0.05589761195005849,
      "scope": "file writes include journal intent/add/flush; excludes this timing receipt and checkpoint writes",
      "mode": "stage4_sealed_cell",
      "banner": "sealed Stage 4; scientific admission also requires complete declared populations"
    },
    {
      "phase": "edit:108",
      "identity_check_kind": "in_memory_structure_and_configuration",
      "recipe_verification_seconds": 0.0,
      "identity_verification_seconds": 0.0,
      "identity_check_seconds": 0.0019334069802425802,
      "state_hash_seconds": 0.00017998507246375084,
      "clone_seconds": 0.0,
      "restore_seconds": 0.0,
      "file_write_seconds": 5.8251956943422556e-05,
      "operation_seconds": 0.13077200698899105,
      "total_phase_seconds": 0.1329996779677458,
      "scope": "file writes include journal intent/add/flush; excludes this timing receipt and checkpoint writes",
      "mode": "stage4_sealed_cell",
      "banner": "sealed Stage 4; scientific admission also requires complete declared populations"
    },
    {
      "phase": "immediate:108",
      "identity_check_kind": "in_memory_structure_and_configuration",
      "recipe_verification_seconds": 0.0,
      "identity_verification_seconds": 0.0,
      "identity_check_seconds": 0.002281934954226017,
      "state_hash_seconds": 0.008017082058358938,
      "clone_seconds": 0.0,
      "restore_seconds": 0.0,
      "file_write_seconds": 5.725002847611904e-05,
      "operation_seconds": 0.047040689969435334,
      "total_phase_seconds": 0.05748405301710591,
      "scope": "file writes include journal intent/add/flush; excludes this timing receipt and checkpoint writes",
      "mode": "stage4_sealed_cell",
      "banner": "sealed Stage 4; scientific admission also requires complete declared populations"
    },
    {
      "phase": "edit:109",
      "identity_check_kind": "in_memory_structure_and_configuration",
      "recipe_verification_seconds": 0.0,
      "identity_verification_seconds": 0.0,
      "identity_check_seconds": 0.002365084015764296,
      "state_hash_seconds": 0.0002716919989325106,
      "clone_seconds": 0.0,
      "restore_seconds": 0.0,
      "file_write_seconds": 6.407307228073478e-05,
      "operation_seconds": 0.13781324698356912,
      "total_phase_seconds": 0.14059167500818148,
      "scope": "file writes include journal intent/add/flush; excludes this timing receipt and checkpoint writes",
      "mode": "stage4_sealed_cell",
      "banner": "sealed Stage 4; scientific admission also requires complete declared populations"
    },
    {
      "phase": "immediate:109",
      "identity_check_kind": "in_memory_structure_and_configuration",
      "recipe_verification_seconds": 0.0,
      "identity_verification_seconds": 0.0,
      "identity_check_seconds": 0.0021455830428749323,
      "state_hash_seconds": 0.007803442946169525,
      "clone_seconds": 0.0,
      "restore_seconds": 0.0,
      "file_write_seconds": 5.705899093300104e-05,
      "operation_seconds": 0.04058313003042713,
      "total_phase_seconds": 0.05067334504565224,
      "scope": "file writes include journal intent/add/flush; excludes this timing receipt and checkpoint writes",
      "mode": "stage4_sealed_cell",
      "banner": "sealed Stage 4; scientific admission also requires complete declared populations"
    },
    {
      "phase": "edit:110",
      "identity_check_kind": "in_memory_structure_and_configuration",
      "recipe_verification_seconds": 0.0,
      "identity_verification_seconds": 0.0,
      "identity_check_seconds": 0.0020862510427832603,
      "state_hash_seconds": 0.00019862107001245022,
      "clone_seconds": 0.0,
      "restore_seconds": 0.0,
      "file_write_seconds": 5.8031000662595034e-05,
      "operation_seconds": 0.11025188397616148,
      "total_phase_seconds": 0.11265660502249375,
      "scope": "file writes include journal intent/add/flush; excludes this timing receipt and checkpoint writes",
      "mode": "stage4_sealed_cell",
      "banner": "sealed Stage 4; scientific admission also requires complete declared populations"
    },
    {
      "phase": "immediate:110",
      "identity_check_kind": "in_memory_structure_and_configuration",
      "recipe_verification_seconds": 0.0,
      "identity_verification_seconds": 0.0,
      "identity_check_seconds": 0.0021335300407372415,
      "state_hash_seconds": 0.008011900936253369,
      "clone_seconds": 0.0,
      "restore_seconds": 0.0,
      "file_write_seconds": 5.753902951255441e-05,
      "operation_seconds": 0.04833780700573698,
      "total_phase_seconds": 0.058622736018151045,
      "scope": "file writes include journal intent/add/flush; excludes this timing receipt and checkpoint writes",
      "mode": "stage4_sealed_cell",
      "banner": "sealed Stage 4; scientific admission also requires complete declared populations"
    },
    {
      "phase": "edit:111",
      "identity_check_kind": "in_memory_structure_and_configuration",
      "recipe_verification_seconds": 0.0,
      "identity_verification_seconds": 0.0,
      "identity_check_seconds": 0.0019465719815343618,
      "state_hash_seconds": 0.00019652798073366284,
      "clone_seconds": 0.0,
      "restore_seconds": 0.0,
      "file_write_seconds": 5.7661032769829035e-05,
      "operation_seconds": 0.13635644502937794,
      "total_phase_seconds": 0.13861764001194388,
      "scope": "file writes include journal intent/add/flush; excludes this timing receipt and checkpoint writes",
      "mode": "stage4_sealed_cell",
      "banner": "sealed Stage 4; scientific admission also requires complete declared populations"
    },
    {
      "phase": "immediate:111",
      "identity_check_kind": "in_memory_structure_and_configuration",
      "recipe_verification_seconds": 0.0,
      "identity_verification_seconds": 0.0,
      "identity_check_seconds": 0.0020967600285075605,
      "state_hash_seconds": 0.008117354998830706,
      "clone_seconds": 0.0,
      "restore_seconds": 0.0,
      "file_write_seconds": 5.804002285003662e-05,
      "operation_seconds": 0.04098841699305922,
      "total_phase_seconds": 0.05134631600230932,
      "scope": "file writes include journal intent/add/flush; excludes this timing receipt and checkpoint writes",
      "mode": "stage4_sealed_cell",
      "banner": "sealed Stage 4; scientific admission also requires complete declared populations"
    },
    {
      "phase": "edit:112",
      "identity_check_kind": "in_memory_structure_and_configuration",
      "recipe_verification_seconds": 0.0,
      "identity_verification_seconds": 0.0,
      "identity_check_seconds": 0.0021898780250921845,
      "state_hash_seconds": 0.0002567520132288337,
      "clone_seconds": 0.0,
      "restore_seconds": 0.0,
      "file_write_seconds": 9.789707837626338e-05,
      "operation_seconds": 0.07819468103116378,
      "total_phase_seconds": 0.08082949300296605,
      "scope": "file writes include journal intent/add/flush; excludes this timing receipt and checkpoint writes",
      "mode": "stage4_sealed_cell",
      "banner": "sealed Stage 4; scientific admission also requires complete declared populations"
    },
    {
      "phase": "immediate:112",
      "identity_check_kind": "in_memory_structure_and_configuration",
      "recipe_verification_seconds": 0.0,
      "identity_verification_seconds": 0.0,
      "identity_check_seconds": 0.0019431859836913645,
      "state_hash_seconds": 0.008206031983718276,
      "clone_seconds": 0.0,
      "restore_seconds": 0.0,
      "file_write_seconds": 5.723995855078101e-05,
      "operation_seconds": 0.043457280029542744,
      "total_phase_seconds": 0.05374892201507464,
      "scope": "file writes include journal intent/add/flush; excludes this timing receipt and checkpoint writes",
      "mode": "stage4_sealed_cell",
      "banner": "sealed Stage 4; scientific admission also requires complete declared populations"
    },
    {
      "phase": "edit:113",
      "identity_check_kind": "in_memory_structure_and_configuration",
      "recipe_verification_seconds": 0.0,
      "identity_verification_seconds": 0.0,
      "identity_check_seconds": 0.0020803589723072946,
      "state_hash_seconds": 0.00019818905275315046,
      "clone_seconds": 0.0,
      "restore_seconds": 0.0,
      "file_write_seconds": 5.8563018683344126e-05,
      "operation_seconds": 0.20792215602705255,
      "total_phase_seconds": 0.21032129600644112,
      "scope": "file writes include journal intent/add/flush; excludes this timing receipt and checkpoint writes",
      "mode": "stage4_sealed_cell",
      "banner": "sealed Stage 4; scientific admission also requires complete declared populations"
    },
    {
      "phase": "immediate:113",
      "identity_check_kind": "in_memory_structure_and_configuration",
      "recipe_verification_seconds": 0.0,
      "identity_verification_seconds": 0.0,
      "identity_check_seconds": 0.0020576450042426586,
      "state_hash_seconds": 0.008182568999473006,
      "clone_seconds": 0.0,
      "restore_seconds": 0.0,
      "file_write_seconds": 5.7299970649182796e-05,
      "operation_seconds": 0.07256746297935024,
      "total_phase_seconds": 0.08294337597908452,
      "scope": "file writes include journal intent/add/flush; excludes this timing receipt and checkpoint writes",
      "mode": "stage4_sealed_cell",
      "banner": "sealed Stage 4; scientific admission also requires complete declared populations"
    },
    {
      "phase": "edit:114",
      "identity_check_kind": "in_memory_structure_and_configuration",
      "recipe_verification_seconds": 0.0,
      "identity_verification_seconds": 0.0,
      "identity_check_seconds": 0.001989805023185909,
      "state_hash_seconds": 0.0001925890101119876,
      "clone_seconds": 0.0,
      "restore_seconds": 0.0,
      "file_write_seconds": 5.7891011238098145e-05,
      "operation_seconds": 0.12925192201510072,
      "total_phase_seconds": 0.1315518720075488,
      "scope": "file writes include journal intent/add/flush; excludes this timing receipt and checkpoint writes",
      "mode": "stage4_sealed_cell",
      "banner": "sealed Stage 4; scientific admission also requires complete declared populations"
    },
    {
      "phase": "immediate:114",
      "identity_check_kind": "in_memory_structure_and_configuration",
      "recipe_verification_seconds": 0.0,
      "identity_verification_seconds": 0.0,
      "identity_check_seconds": 0.001964496972505003,
      "state_hash_seconds": 0.008416737022344023,
      "clone_seconds": 0.0,
      "restore_seconds": 0.0,
      "file_write_seconds": 9.280798258259892e-05,
      "operation_seconds": 0.04547150095459074,
      "total_phase_seconds": 0.05602261098101735,
      "scope": "file writes include journal intent/add/flush; excludes this timing receipt and checkpoint writes",
      "mode": "stage4_sealed_cell",
      "banner": "sealed Stage 4; scientific admission also requires complete declared populations"
    },
    {
      "phase": "edit:115",
      "identity_check_kind": "in_memory_structure_and_configuration",
      "recipe_verification_seconds": 0.0,
      "identity_verification_seconds": 0.0,
      "identity_check_seconds": 0.002060730999801308,
      "state_hash_seconds": 0.00021016300888732076,
      "clone_seconds": 0.0,
      "restore_seconds": 0.0,
      "file_write_seconds": 5.959498230367899e-05,
      "operation_seconds": 0.14636888098903,
      "total_phase_seconds": 0.14876671798992902,
      "scope": "file writes include journal intent/add/flush; excludes this timing receipt and checkpoint writes",
      "mode": "stage4_sealed_cell",
      "banner": "sealed Stage 4; scientific admission also requires complete declared populations"
    },
    {
      "phase": "immediate:115",
      "identity_check_kind": "in_memory_structure_and_configuration",
      "recipe_verification_seconds": 0.0,
      "identity_verification_seconds": 0.0,
      "identity_check_seconds": 0.002103433944284916,
      "state_hash_seconds": 0.008264395000878721,
      "clone_seconds": 0.0,
      "restore_seconds": 0.0,
      "file_write_seconds": 5.811097798869014e-05,
      "operation_seconds": 0.058022035052999854,
      "total_phase_seconds": 0.06853020197013393,
      "scope": "file writes include journal intent/add/flush; excludes this timing receipt and checkpoint writes",
      "mode": "stage4_sealed_cell",
      "banner": "sealed Stage 4; scientific admission also requires complete declared populations"
    },
    {
      "phase": "edit:116",
      "identity_check_kind": "in_memory_structure_and_configuration",
      "recipe_verification_seconds": 0.0,
      "identity_verification_seconds": 0.0,
      "identity_check_seconds": 0.002010776021052152,
      "state_hash_seconds": 0.0002036800142377615,
      "clone_seconds": 0.0,
      "restore_seconds": 0.0,
      "file_write_seconds": 5.9364072512835264e-05,
      "operation_seconds": 0.10740579798584804,
      "total_phase_seconds": 0.109747848007828,
      "scope": "file writes include journal intent/add/flush; excludes this timing receipt and checkpoint writes",
      "mode": "stage4_sealed_cell",
      "banner": "sealed Stage 4; scientific admission also requires complete declared populations"
    },
    {
      "phase": "immediate:116",
      "identity_check_kind": "in_memory_structure_and_configuration",
      "recipe_verification_seconds": 0.0,
      "identity_verification_seconds": 0.0,
      "identity_check_seconds": 0.002192673971876502,
      "state_hash_seconds": 0.008463217003736645,
      "clone_seconds": 0.0,
      "restore_seconds": 0.0,
      "file_write_seconds": 0.004736310977023095,
      "operation_seconds": 0.049177998036611825,
      "total_phase_seconds": 0.0646560339955613,
      "scope": "file writes include journal intent/add/flush; excludes this timing receipt and checkpoint writes",
      "mode": "stage4_sealed_cell",
      "banner": "sealed Stage 4; scientific admission also requires complete declared populations"
    },
    {
      "phase": "edit:117",
      "identity_check_kind": "in_memory_structure_and_configuration",
      "recipe_verification_seconds": 0.0,
      "identity_verification_seconds": 0.0,
      "identity_check_seconds": 0.0020024290424771607,
      "state_hash_seconds": 0.0002114049857482314,
      "clone_seconds": 0.0,
      "restore_seconds": 0.0,
      "file_write_seconds": 0.0011278020101599395,
      "operation_seconds": 0.26459972298471257,
      "total_phase_seconds": 0.26800527196610346,
      "scope": "file writes include journal intent/add/flush; excludes this timing receipt and checkpoint writes",
      "mode": "stage4_sealed_cell",
      "banner": "sealed Stage 4; scientific admission also requires complete declared populations"
    },
    {
      "phase": "immediate:117",
      "identity_check_kind": "in_memory_structure_and_configuration",
      "recipe_verification_seconds": 0.0,
      "identity_verification_seconds": 0.0,
      "identity_check_seconds": 0.0022985170362517238,
      "state_hash_seconds": 0.0088846730068326,
      "clone_seconds": 0.0,
      "restore_seconds": 0.0,
      "file_write_seconds": 5.678803427144885e-05,
      "operation_seconds": 0.08262702904175967,
      "total_phase_seconds": 0.09395158203551546,
      "scope": "file writes include journal intent/add/flush; excludes this timing receipt and checkpoint writes",
      "mode": "stage4_sealed_cell",
      "banner": "sealed Stage 4; scientific admission also requires complete declared populations"
    },
    {
      "phase": "edit:118",
      "identity_check_kind": "in_memory_structure_and_configuration",
      "recipe_verification_seconds": 0.0,
      "identity_verification_seconds": 0.0,
      "identity_check_seconds": 0.0021624460350722075,
      "state_hash_seconds": 0.0002480261027812958,
      "clone_seconds": 0.0,
      "restore_seconds": 0.0,
      "file_write_seconds": 5.9213023632764816e-05,
      "operation_seconds": 0.13235214701853693,
      "total_phase_seconds": 0.1348835499957204,
      "scope": "file writes include journal intent/add/flush; excludes this timing receipt and checkpoint writes",
      "mode": "stage4_sealed_cell",
      "banner": "sealed Stage 4; scientific admission also requires complete declared populations"
    },
    {
      "phase": "immediate:118",
      "identity_check_kind": "in_memory_structure_and_configuration",
      "recipe_verification_seconds": 0.0,
      "identity_verification_seconds": 0.0,
      "identity_check_seconds": 0.0022247859742492437,
      "state_hash_seconds": 0.008893770980648696,
      "clone_seconds": 0.0,
      "restore_seconds": 0.0,
      "file_write_seconds": 5.6697987020015717e-05,
      "operation_seconds": 0.04790569003671408,
      "total_phase_seconds": 0.059168072999455035,
      "scope": "file writes include journal intent/add/flush; excludes this timing receipt and checkpoint writes",
      "mode": "stage4_sealed_cell",
      "banner": "sealed Stage 4; scientific admission also requires complete declared populations"
    },
    {
      "phase": "edit:119",
      "identity_check_kind": "in_memory_structure_and_configuration",
      "recipe_verification_seconds": 0.0,
      "identity_verification_seconds": 0.0,
      "identity_check_seconds": 0.0019743459997698665,
      "state_hash_seconds": 0.00020353897707536817,
      "clone_seconds": 0.0,
      "restore_seconds": 0.0,
      "file_write_seconds": 6.078602746129036e-05,
      "operation_seconds": 0.07891800801735371,
      "total_phase_seconds": 0.08121811802266166,
      "scope": "file writes include journal intent/add/flush; excludes this timing receipt and checkpoint writes",
      "mode": "stage4_sealed_cell",
      "banner": "sealed Stage 4; scientific admission also requires complete declared populations"
    },
    {
      "phase": "immediate:119",
      "identity_check_kind": "in_memory_structure_and_configuration",
      "recipe_verification_seconds": 0.0,
      "identity_verification_seconds": 0.0,
      "identity_check_seconds": 0.001965599018149078,
      "state_hash_seconds": 0.008567517041228712,
      "clone_seconds": 0.0,
      "restore_seconds": 0.0,
      "file_write_seconds": 5.772104486823082e-05,
      "operation_seconds": 0.036667281994596124,
      "total_phase_seconds": 0.04733342200051993,
      "scope": "file writes include journal intent/add/flush; excludes this timing receipt and checkpoint writes",
      "mode": "stage4_sealed_cell",
      "banner": "sealed Stage 4; scientific admission also requires complete declared populations"
    },
    {
      "phase": "edit:120",
      "identity_check_kind": "in_memory_structure_and_configuration",
      "recipe_verification_seconds": 0.0,
      "identity_verification_seconds": 0.0,
      "identity_check_seconds": 0.0020229200017638505,
      "state_hash_seconds": 0.00020254793344065547,
      "clone_seconds": 0.0,
      "restore_seconds": 0.0,
      "file_write_seconds": 5.813094321638346e-05,
      "operation_seconds": 0.16709122096654028,
      "total_phase_seconds": 0.1694343540002592,
      "scope": "file writes include journal intent/add/flush; excludes this timing receipt and checkpoint writes",
      "mode": "stage4_sealed_cell",
      "banner": "sealed Stage 4; scientific admission also requires complete declared populations"
    },
    {
      "phase": "immediate:120",
      "identity_check_kind": "in_memory_structure_and_configuration",
      "recipe_verification_seconds": 0.0,
      "identity_verification_seconds": 0.0,
      "identity_check_seconds": 0.001968222903087735,
      "state_hash_seconds": 0.008810903993435204,
      "clone_seconds": 0.0,
      "restore_seconds": 0.0,
      "file_write_seconds": 6.244902033358812e-05,
      "operation_seconds": 0.06470141099998727,
      "total_phase_seconds": 0.07562346197664738,
      "scope": "file writes include journal intent/add/flush; excludes this timing receipt and checkpoint writes",
      "mode": "stage4_sealed_cell",
      "banner": "sealed Stage 4; scientific admission also requires complete declared populations"
    },
    {
      "phase": "edit:121",
      "identity_check_kind": "in_memory_structure_and_configuration",
      "recipe_verification_seconds": 0.0,
      "identity_verification_seconds": 0.0,
      "identity_check_seconds": 0.002115444978699088,
      "state_hash_seconds": 0.0002206119243055582,
      "clone_seconds": 0.0,
      "restore_seconds": 0.0,
      "file_write_seconds": 5.933496868237853e-05,
      "operation_seconds": 0.11252813902683556,
      "total_phase_seconds": 0.11498726299032569,
      "scope": "file writes include journal intent/add/flush; excludes this timing receipt and checkpoint writes",
      "mode": "stage4_sealed_cell",
      "banner": "sealed Stage 4; scientific admission also requires complete declared populations"
    },
    {
      "phase": "immediate:121",
      "identity_check_kind": "in_memory_structure_and_configuration",
      "recipe_verification_seconds": 0.0,
      "identity_verification_seconds": 0.0,
      "identity_check_seconds": 0.0020485070417635143,
      "state_hash_seconds": 0.008677395933773369,
      "clone_seconds": 0.0,
      "restore_seconds": 0.0,
      "file_write_seconds": 5.75100420974195e-05,
      "operation_seconds": 0.05025771801592782,
      "total_phase_seconds": 0.061118921963497996,
      "scope": "file writes include journal intent/add/flush; excludes this timing receipt and checkpoint writes",
      "mode": "stage4_sealed_cell",
      "banner": "sealed Stage 4; scientific admission also requires complete declared populations"
    },
    {
      "phase": "edit:122",
      "identity_check_kind": "in_memory_structure_and_configuration",
      "recipe_verification_seconds": 0.0,
      "identity_verification_seconds": 0.0,
      "identity_check_seconds": 0.0019902759813703597,
      "state_hash_seconds": 0.00020266894716769457,
      "clone_seconds": 0.0,
      "restore_seconds": 0.0,
      "file_write_seconds": 6.11769501119852e-05,
      "operation_seconds": 0.10613353800727054,
      "total_phase_seconds": 0.10844575200462714,
      "scope": "file writes include journal intent/add/flush; excludes this timing receipt and checkpoint writes",
      "mode": "stage4_sealed_cell",
      "banner": "sealed Stage 4; scientific admission also requires complete declared populations"
    },
    {
      "phase": "immediate:122",
      "identity_check_kind": "in_memory_structure_and_configuration",
      "recipe_verification_seconds": 0.0,
      "identity_verification_seconds": 0.0,
      "identity_check_seconds": 0.002333244017791003,
      "state_hash_seconds": 0.009162146074231714,
      "clone_seconds": 0.0,
      "restore_seconds": 0.0,
      "file_write_seconds": 5.8492994867265224e-05,
      "operation_seconds": 0.05208269803551957,
      "total_phase_seconds": 0.06373144098324701,
      "scope": "file writes include journal intent/add/flush; excludes this timing receipt and checkpoint writes",
      "mode": "stage4_sealed_cell",
      "banner": "sealed Stage 4; scientific admission also requires complete declared populations"
    },
    {
      "phase": "edit:123",
      "identity_check_kind": "in_memory_structure_and_configuration",
      "recipe_verification_seconds": 0.0,
      "identity_verification_seconds": 0.0,
      "identity_check_seconds": 0.0019994229660369456,
      "state_hash_seconds": 0.00019782804884016514,
      "clone_seconds": 0.0,
      "restore_seconds": 0.0,
      "file_write_seconds": 6.133801070973277e-05,
      "operation_seconds": 0.07628133299294859,
      "total_phase_seconds": 0.0785987059934996,
      "scope": "file writes include journal intent/add/flush; excludes this timing receipt and checkpoint writes",
      "mode": "stage4_sealed_cell",
      "banner": "sealed Stage 4; scientific admission also requires complete declared populations"
    },
    {
      "phase": "immediate:123",
      "identity_check_kind": "in_memory_structure_and_configuration",
      "recipe_verification_seconds": 0.0,
      "identity_verification_seconds": 0.0,
      "identity_check_seconds": 0.001933477004058659,
      "state_hash_seconds": 0.008758652955293655,
      "clone_seconds": 0.0,
      "restore_seconds": 0.0,
      "file_write_seconds": 5.695002619177103e-05,
      "operation_seconds": 0.051883685984648764,
      "total_phase_seconds": 0.06270224798936397,
      "scope": "file writes include journal intent/add/flush; excludes this timing receipt and checkpoint writes",
      "mode": "stage4_sealed_cell",
      "banner": "sealed Stage 4; scientific admission also requires complete declared populations"
    },
    {
      "phase": "edit:124",
      "identity_check_kind": "in_memory_structure_and_configuration",
      "recipe_verification_seconds": 0.0,
      "identity_verification_seconds": 0.0,
      "identity_check_seconds": 0.0019284680020064116,
      "state_hash_seconds": 0.00021029397612437606,
      "clone_seconds": 0.0,
      "restore_seconds": 0.0,
      "file_write_seconds": 5.905394209548831e-05,
      "operation_seconds": 0.12586581998039037,
      "total_phase_seconds": 0.1281217759824358,
      "scope": "file writes include journal intent/add/flush; excludes this timing receipt and checkpoint writes",
      "mode": "stage4_sealed_cell",
      "banner": "sealed Stage 4; scientific admission also requires complete declared populations"
    },
    {
      "phase": "immediate:124",
      "identity_check_kind": "in_memory_structure_and_configuration",
      "recipe_verification_seconds": 0.0,
      "identity_verification_seconds": 0.0,
      "identity_check_seconds": 0.0019587959395721555,
      "state_hash_seconds": 0.008978353987913579,
      "clone_seconds": 0.0,
      "restore_seconds": 0.0,
      "file_write_seconds": 5.822099046781659e-05,
      "operation_seconds": 0.044639184954576194,
      "total_phase_seconds": 0.055712907982524484,
      "scope": "file writes include journal intent/add/flush; excludes this timing receipt and checkpoint writes",
      "mode": "stage4_sealed_cell",
      "banner": "sealed Stage 4; scientific admission also requires complete declared populations"
    },
    {
      "phase": "edit:125",
      "identity_check_kind": "in_memory_structure_and_configuration",
      "recipe_verification_seconds": 0.0,
      "identity_verification_seconds": 0.0,
      "identity_check_seconds": 0.0020070489263162017,
      "state_hash_seconds": 0.00021230598213151097,
      "clone_seconds": 0.0,
      "restore_seconds": 0.0,
      "file_write_seconds": 5.8581994380801916e-05,
      "operation_seconds": 0.11004429700551555,
      "total_phase_seconds": 0.11238234996562824,
      "scope": "file writes include journal intent/add/flush; excludes this timing receipt and checkpoint writes",
      "mode": "stage4_sealed_cell",
      "banner": "sealed Stage 4; scientific admission also requires complete declared populations"
    },
    {
      "phase": "immediate:125",
      "identity_check_kind": "in_memory_structure_and_configuration",
      "recipe_verification_seconds": 0.0,
      "identity_verification_seconds": 0.0,
      "identity_check_seconds": 0.002141737029887736,
      "state_hash_seconds": 0.00898935494478792,
      "clone_seconds": 0.0,
      "restore_seconds": 0.0,
      "file_write_seconds": 5.868199514225125e-05,
      "operation_seconds": 0.043806970003061,
      "total_phase_seconds": 0.05507600697455928,
      "scope": "file writes include journal intent/add/flush; excludes this timing receipt and checkpoint writes",
      "mode": "stage4_sealed_cell",
      "banner": "sealed Stage 4; scientific admission also requires complete declared populations"
    },
    {
      "phase": "edit:126",
      "identity_check_kind": "in_memory_structure_and_configuration",
      "recipe_verification_seconds": 0.0,
      "identity_verification_seconds": 0.0,
      "identity_check_seconds": 0.0020466139540076256,
      "state_hash_seconds": 0.0002163749886676669,
      "clone_seconds": 0.0,
      "restore_seconds": 0.0,
      "file_write_seconds": 6.106705404818058e-05,
      "operation_seconds": 0.09848881099605933,
      "total_phase_seconds": 0.10087336297146976,
      "scope": "file writes include journal intent/add/flush; excludes this timing receipt and checkpoint writes",
      "mode": "stage4_sealed_cell",
      "banner": "sealed Stage 4; scientific admission also requires complete declared populations"
    },
    {
      "phase": "immediate:126",
      "identity_check_kind": "in_memory_structure_and_configuration",
      "recipe_verification_seconds": 0.0,
      "identity_verification_seconds": 0.0,
      "identity_check_seconds": 0.0019128580461256206,
      "state_hash_seconds": 0.009129573067184538,
      "clone_seconds": 0.0,
      "restore_seconds": 0.0,
      "file_write_seconds": 6.112706614658237e-05,
      "operation_seconds": 0.03906650096178055,
      "total_phase_seconds": 0.050248219980858266,
      "scope": "file writes include journal intent/add/flush; excludes this timing receipt and checkpoint writes",
      "mode": "stage4_sealed_cell",
      "banner": "sealed Stage 4; scientific admission also requires complete declared populations"
    },
    {
      "phase": "edit:127",
      "identity_check_kind": "in_memory_structure_and_configuration",
      "recipe_verification_seconds": 0.0,
      "identity_verification_seconds": 0.0,
      "identity_check_seconds": 0.001993511978071183,
      "state_hash_seconds": 0.00020932091865688562,
      "clone_seconds": 0.0,
      "restore_seconds": 0.0,
      "file_write_seconds": 5.854299524798989e-05,
      "operation_seconds": 0.1552049819729291,
      "total_phase_seconds": 0.15752201504074037,
      "scope": "file writes include journal intent/add/flush; excludes this timing receipt and checkpoint writes",
      "mode": "stage4_sealed_cell",
      "banner": "sealed Stage 4; scientific admission also requires complete declared populations"
    },
    {
      "phase": "immediate:127",
      "identity_check_kind": "in_memory_structure_and_configuration",
      "recipe_verification_seconds": 0.0,
      "identity_verification_seconds": 0.0,
      "identity_check_seconds": 0.002494141983333975,
      "state_hash_seconds": 0.00906390807358548,
      "clone_seconds": 0.0,
      "restore_seconds": 0.0,
      "file_write_seconds": 5.6729011703282595e-05,
      "operation_seconds": 0.0729439239948988,
      "total_phase_seconds": 0.0846388969803229,
      "scope": "file writes include journal intent/add/flush; excludes this timing receipt and checkpoint writes",
      "mode": "stage4_sealed_cell",
      "banner": "sealed Stage 4; scientific admission also requires complete declared populations"
    },
    {
      "phase": "edit:128",
      "identity_check_kind": "in_memory_structure_and_configuration",
      "recipe_verification_seconds": 0.0,
      "identity_verification_seconds": 0.0,
      "identity_check_seconds": 0.0019226560252718627,
      "state_hash_seconds": 0.00023344706278294325,
      "clone_seconds": 0.0,
      "restore_seconds": 0.0,
      "file_write_seconds": 5.7830940932035446e-05,
      "operation_seconds": 0.10980751301394776,
      "total_phase_seconds": 0.11207962897606194,
      "scope": "file writes include journal intent/add/flush; excludes this timing receipt and checkpoint writes",
      "mode": "stage4_sealed_cell",
      "banner": "sealed Stage 4; scientific admission also requires complete declared populations"
    },
    {
      "phase": "immediate:128",
      "identity_check_kind": "in_memory_structure_and_configuration",
      "recipe_verification_seconds": 0.0,
      "identity_verification_seconds": 0.0,
      "identity_check_seconds": 0.00205947901122272,
      "state_hash_seconds": 0.009279751917347312,
      "clone_seconds": 0.0,
      "restore_seconds": 0.0,
      "file_write_seconds": 5.775998579338193e-05,
      "operation_seconds": 0.05190718098310754,
      "total_phase_seconds": 0.0633819309878163,
      "scope": "file writes include journal intent/add/flush; excludes this timing receipt and checkpoint writes",
      "mode": "stage4_sealed_cell",
      "banner": "sealed Stage 4; scientific admission also requires complete declared populations"
    },
    {
      "phase": "edit:129",
      "identity_check_kind": "in_memory_structure_and_configuration",
      "recipe_verification_seconds": 0.0,
      "identity_verification_seconds": 0.0,
      "identity_check_seconds": 0.0021790569880977273,
      "state_hash_seconds": 0.00027341494569554925,
      "clone_seconds": 0.0,
      "restore_seconds": 0.0,
      "file_write_seconds": 6.0094986110925674e-05,
      "operation_seconds": 0.1078201619675383,
      "total_phase_seconds": 0.11040381598286331,
      "scope": "file writes include journal intent/add/flush; excludes this timing receipt and checkpoint writes",
      "mode": "stage4_sealed_cell",
      "banner": "sealed Stage 4; scientific admission also requires complete declared populations"
    },
    {
      "phase": "immediate:129",
      "identity_check_kind": "in_memory_structure_and_configuration",
      "recipe_verification_seconds": 0.0,
      "identity_verification_seconds": 0.0,
      "identity_check_seconds": 0.002180430048611015,
      "state_hash_seconds": 0.009305029991082847,
      "clone_seconds": 0.0,
      "restore_seconds": 0.0,
      "file_write_seconds": 5.802995292469859e-05,
      "operation_seconds": 0.05230233899783343,
      "total_phase_seconds": 0.0639297220041044,
      "scope": "file writes include journal intent/add/flush; excludes this timing receipt and checkpoint writes",
      "mode": "stage4_sealed_cell",
      "banner": "sealed Stage 4; scientific admission also requires complete declared populations"
    },
    {
      "phase": "edit:130",
      "identity_check_kind": "in_memory_structure_and_configuration",
      "recipe_verification_seconds": 0.0,
      "identity_verification_seconds": 0.0,
      "identity_check_seconds": 0.0020629449863918126,
      "state_hash_seconds": 0.0002301810309290886,
      "clone_seconds": 0.0,
      "restore_seconds": 0.0,
      "file_write_seconds": 5.895301001146436e-05,
      "operation_seconds": 0.1453674910007976,
      "total_phase_seconds": 0.14778361399658024,
      "scope": "file writes include journal intent/add/flush; excludes this timing receipt and checkpoint writes",
      "mode": "stage4_sealed_cell",
      "banner": "sealed Stage 4; scientific admission also requires complete declared populations"
    },
    {
      "phase": "immediate:130",
      "identity_check_kind": "in_memory_structure_and_configuration",
      "recipe_verification_seconds": 0.0,
      "identity_verification_seconds": 0.0,
      "identity_check_seconds": 0.0019150119624100626,
      "state_hash_seconds": 0.00919886602787301,
      "clone_seconds": 0.0,
      "restore_seconds": 0.0,
      "file_write_seconds": 5.806103581562638e-05,
      "operation_seconds": 0.07153937098337337,
      "total_phase_seconds": 0.08278437104308978,
      "scope": "file writes include journal intent/add/flush; excludes this timing receipt and checkpoint writes",
      "mode": "stage4_sealed_cell",
      "banner": "sealed Stage 4; scientific admission also requires complete declared populations"
    },
    {
      "phase": "edit:131",
      "identity_check_kind": "in_memory_structure_and_configuration",
      "recipe_verification_seconds": 0.0,
      "identity_verification_seconds": 0.0,
      "identity_check_seconds": 0.0019957469194196165,
      "state_hash_seconds": 0.00025737297255545855,
      "clone_seconds": 0.0,
      "restore_seconds": 0.0,
      "file_write_seconds": 5.810108268633485e-05,
      "operation_seconds": 0.14501390303485096,
      "total_phase_seconds": 0.14739134098635986,
      "scope": "file writes include journal intent/add/flush; excludes this timing receipt and checkpoint writes",
      "mode": "stage4_sealed_cell",
      "banner": "sealed Stage 4; scientific admission also requires complete declared populations"
    },
    {
      "phase": "immediate:131",
      "identity_check_kind": "in_memory_structure_and_configuration",
      "recipe_verification_seconds": 0.0,
      "identity_verification_seconds": 0.0,
      "identity_check_seconds": 0.0020303529454395175,
      "state_hash_seconds": 0.009483712958171964,
      "clone_seconds": 0.0,
      "restore_seconds": 0.0,
      "file_write_seconds": 5.742895882576704e-05,
      "operation_seconds": 0.06166140304412693,
      "total_phase_seconds": 0.07331337296636775,
      "scope": "file writes include journal intent/add/flush; excludes this timing receipt and checkpoint writes",
      "mode": "stage4_sealed_cell",
      "banner": "sealed Stage 4; scientific admission also requires complete declared populations"
    },
    {
      "phase": "edit:132",
      "identity_check_kind": "in_memory_structure_and_configuration",
      "recipe_verification_seconds": 0.0,
      "identity_verification_seconds": 0.0,
      "identity_check_seconds": 0.002030742005445063,
      "state_hash_seconds": 0.000229611003305763,
      "clone_seconds": 0.0,
      "restore_seconds": 0.0,
      "file_write_seconds": 5.973398219794035e-05,
      "operation_seconds": 0.171112020034343,
      "total_phase_seconds": 0.17349249398102984,
      "scope": "file writes include journal intent/add/flush; excludes this timing receipt and checkpoint writes",
      "mode": "stage4_sealed_cell",
      "banner": "sealed Stage 4; scientific admission also requires complete declared populations"
    },
    {
      "phase": "immediate:132",
      "identity_check_kind": "in_memory_structure_and_configuration",
      "recipe_verification_seconds": 0.0,
      "identity_verification_seconds": 0.0,
      "identity_check_seconds": 0.002123151032719761,
      "state_hash_seconds": 0.009609303961042315,
      "clone_seconds": 0.0,
      "restore_seconds": 0.0,
      "file_write_seconds": 0.004637101024854928,
      "operation_seconds": 0.06958072603447363,
      "total_phase_seconds": 0.08603443298488855,
      "scope": "file writes include journal intent/add/flush; excludes this timing receipt and checkpoint writes",
      "mode": "stage4_sealed_cell",
      "banner": "sealed Stage 4; scientific admission also requires complete declared populations"
    },
    {
      "phase": "edit:133",
      "identity_check_kind": "in_memory_structure_and_configuration",
      "recipe_verification_seconds": 0.0,
      "identity_verification_seconds": 0.0,
      "identity_check_seconds": 0.002177244983613491,
      "state_hash_seconds": 0.0002949050394818187,
      "clone_seconds": 0.0,
      "restore_seconds": 0.0,
      "file_write_seconds": 0.0012062930036336184,
      "operation_seconds": 0.11888306302716956,
      "total_phase_seconds": 0.12263784202514216,
      "scope": "file writes include journal intent/add/flush; excludes this timing receipt and checkpoint writes",
      "mode": "stage4_sealed_cell",
      "banner": "sealed Stage 4; scientific admission also requires complete declared populations"
    },
    {
      "phase": "immediate:133",
      "identity_check_kind": "in_memory_structure_and_configuration",
      "recipe_verification_seconds": 0.0,
      "identity_verification_seconds": 0.0,
      "identity_check_seconds": 0.0026162760332226753,
      "state_hash_seconds": 0.010013287013862282,
      "clone_seconds": 0.0,
      "restore_seconds": 0.0,
      "file_write_seconds": 5.8251956943422556e-05,
      "operation_seconds": 0.054580856987740844,
      "total_phase_seconds": 0.06736463698325679,
      "scope": "file writes include journal intent/add/flush; excludes this timing receipt and checkpoint writes",
      "mode": "stage4_sealed_cell",
      "banner": "sealed Stage 4; scientific admission also requires complete declared populations"
    },
    {
      "phase": "edit:134",
      "identity_check_kind": "in_memory_structure_and_configuration",
      "recipe_verification_seconds": 0.0,
      "identity_verification_seconds": 0.0,
      "identity_check_seconds": 0.0020107559976167977,
      "state_hash_seconds": 0.00024080293951556087,
      "clone_seconds": 0.0,
      "restore_seconds": 0.0,
      "file_write_seconds": 6.192002911120653e-05,
      "operation_seconds": 0.08904038596665487,
      "total_phase_seconds": 0.09141480800462887,
      "scope": "file writes include journal intent/add/flush; excludes this timing receipt and checkpoint writes",
      "mode": "stage4_sealed_cell",
      "banner": "sealed Stage 4; scientific admission also requires complete declared populations"
    },
    {
      "phase": "immediate:134",
      "identity_check_kind": "in_memory_structure_and_configuration",
      "recipe_verification_seconds": 0.0,
      "identity_verification_seconds": 0.0,
      "identity_check_seconds": 0.001959076093044132,
      "state_hash_seconds": 0.009563065075781196,
      "clone_seconds": 0.0,
      "restore_seconds": 0.0,
      "file_write_seconds": 5.91329880990088e-05,
      "operation_seconds": 0.043450488010421395,
      "total_phase_seconds": 0.05511225602822378,
      "scope": "file writes include journal intent/add/flush; excludes this timing receipt and checkpoint writes",
      "mode": "stage4_sealed_cell",
      "banner": "sealed Stage 4; scientific admission also requires complete declared populations"
    },
    {
      "phase": "edit:135",
      "identity_check_kind": "in_memory_structure_and_configuration",
      "recipe_verification_seconds": 0.0,
      "identity_verification_seconds": 0.0,
      "identity_check_seconds": 0.002128931984771043,
      "state_hash_seconds": 0.00026682199677452445,
      "clone_seconds": 0.0,
      "restore_seconds": 0.0,
      "file_write_seconds": 6.111699622124434e-05,
      "operation_seconds": 0.11045750899938866,
      "total_phase_seconds": 0.11298501503188163,
      "scope": "file writes include journal intent/add/flush; excludes this timing receipt and checkpoint writes",
      "mode": "stage4_sealed_cell",
      "banner": "sealed Stage 4; scientific admission also requires complete declared populations"
    },
    {
      "phase": "immediate:135",
      "identity_check_kind": "in_memory_structure_and_configuration",
      "recipe_verification_seconds": 0.0,
      "identity_verification_seconds": 0.0,
      "identity_check_seconds": 0.0020945260184817016,
      "state_hash_seconds": 0.009644802019465715,
      "clone_seconds": 0.0,
      "restore_seconds": 0.0,
      "file_write_seconds": 5.714001599699259e-05,
      "operation_seconds": 0.04376240499550477,
      "total_phase_seconds": 0.05563836498185992,
      "scope": "file writes include journal intent/add/flush; excludes this timing receipt and checkpoint writes",
      "mode": "stage4_sealed_cell",
      "banner": "sealed Stage 4; scientific admission also requires complete declared populations"
    },
    {
      "phase": "edit:136",
      "identity_check_kind": "in_memory_structure_and_configuration",
      "recipe_verification_seconds": 0.0,
      "identity_verification_seconds": 0.0,
      "identity_check_seconds": 0.001991619006730616,
      "state_hash_seconds": 0.00022521300707012415,
      "clone_seconds": 0.0,
      "restore_seconds": 0.0,
      "file_write_seconds": 6.255001062527299e-05,
      "operation_seconds": 0.08677972201257944,
      "total_phase_seconds": 0.08911923703271896,
      "scope": "file writes include journal intent/add/flush; excludes this timing receipt and checkpoint writes",
      "mode": "stage4_sealed_cell",
      "banner": "sealed Stage 4; scientific admission also requires complete declared populations"
    },
    {
      "phase": "immediate:136",
      "identity_check_kind": "in_memory_structure_and_configuration",
      "recipe_verification_seconds": 0.0,
      "identity_verification_seconds": 0.0,
      "identity_check_seconds": 0.002232760947663337,
      "state_hash_seconds": 0.011016842036042362,
      "clone_seconds": 0.0,
      "restore_seconds": 0.0,
      "file_write_seconds": 5.9884972870349884e-05,
      "operation_seconds": 0.04887197102652863,
      "total_phase_seconds": 0.06227736396249384,
      "scope": "file writes include journal intent/add/flush; excludes this timing receipt and checkpoint writes",
      "mode": "stage4_sealed_cell",
      "banner": "sealed Stage 4; scientific admission also requires complete declared populations"
    },
    {
      "phase": "edit:137",
      "identity_check_kind": "in_memory_structure_and_configuration",
      "recipe_verification_seconds": 0.0,
      "identity_verification_seconds": 0.0,
      "identity_check_seconds": 0.00236518494784832,
      "state_hash_seconds": 0.00030322204111143947,
      "clone_seconds": 0.0,
      "restore_seconds": 0.0,
      "file_write_seconds": 5.8814010117203e-05,
      "operation_seconds": 0.12064527202164754,
      "total_phase_seconds": 0.12344607099657878,
      "scope": "file writes include journal intent/add/flush; excludes this timing receipt and checkpoint writes",
      "mode": "stage4_sealed_cell",
      "banner": "sealed Stage 4; scientific admission also requires complete declared populations"
    },
    {
      "phase": "immediate:137",
      "identity_check_kind": "in_memory_structure_and_configuration",
      "recipe_verification_seconds": 0.0,
      "identity_verification_seconds": 0.0,
      "identity_check_seconds": 0.0020753390272147954,
      "state_hash_seconds": 0.00988463097019121,
      "clone_seconds": 0.0,
      "restore_seconds": 0.0,
      "file_write_seconds": 5.9302954468876123e-05,
      "operation_seconds": 0.05380687298020348,
      "total_phase_seconds": 0.06591556902276352,
      "scope": "file writes include journal intent/add/flush; excludes this timing receipt and checkpoint writes",
      "mode": "stage4_sealed_cell",
      "banner": "sealed Stage 4; scientific admission also requires complete declared populations"
    },
    {
      "phase": "edit:138",
      "identity_check_kind": "in_memory_structure_and_configuration",
      "recipe_verification_seconds": 0.0,
      "identity_verification_seconds": 0.0,
      "identity_check_seconds": 0.0021118090371601284,
      "state_hash_seconds": 0.0002402399550192058,
      "clone_seconds": 0.0,
      "restore_seconds": 0.0,
      "file_write_seconds": 5.964405136182904e-05,
      "operation_seconds": 0.23670210503041744,
      "total_phase_seconds": 0.23917629895731807,
      "scope": "file writes include journal intent/add/flush; excludes this timing receipt and checkpoint writes",
      "mode": "stage4_sealed_cell",
      "banner": "sealed Stage 4; scientific admission also requires complete declared populations"
    },
    {
      "phase": "immediate:138",
      "identity_check_kind": "in_memory_structure_and_configuration",
      "recipe_verification_seconds": 0.0,
      "identity_verification_seconds": 0.0,
      "identity_check_seconds": 0.002095238014589995,
      "state_hash_seconds": 0.010058614891022444,
      "clone_seconds": 0.0,
      "restore_seconds": 0.0,
      "file_write_seconds": 6.0376012697815895e-05,
      "operation_seconds": 0.08486368699232116,
      "total_phase_seconds": 0.0971714950283058,
      "scope": "file writes include journal intent/add/flush; excludes this timing receipt and checkpoint writes",
      "mode": "stage4_sealed_cell",
      "banner": "sealed Stage 4; scientific admission also requires complete declared populations"
    },
    {
      "phase": "edit:139",
      "identity_check_kind": "in_memory_structure_and_configuration",
      "recipe_verification_seconds": 0.0,
      "identity_verification_seconds": 0.0,
      "identity_check_seconds": 0.0022737590479664505,
      "state_hash_seconds": 0.0002513930667191744,
      "clone_seconds": 0.0,
      "restore_seconds": 0.0,
      "file_write_seconds": 5.934399086982012e-05,
      "operation_seconds": 0.09313036705134436,
      "total_phase_seconds": 0.0957804589997977,
      "scope": "file writes include journal intent/add/flush; excludes this timing receipt and checkpoint writes",
      "mode": "stage4_sealed_cell",
      "banner": "sealed Stage 4; scientific admission also requires complete declared populations"
    },
    {
      "phase": "immediate:139",
      "identity_check_kind": "in_memory_structure_and_configuration",
      "recipe_verification_seconds": 0.0,
      "identity_verification_seconds": 0.0,
      "identity_check_seconds": 0.0019357010023668408,
      "state_hash_seconds": 0.009806651971302927,
      "clone_seconds": 0.0,
      "restore_seconds": 0.0,
      "file_write_seconds": 5.7240016758441925e-05,
      "operation_seconds": 0.049580109014641494,
      "total_phase_seconds": 0.061452872992958874,
      "scope": "file writes include journal intent/add/flush; excludes this timing receipt and checkpoint writes",
      "mode": "stage4_sealed_cell",
      "banner": "sealed Stage 4; scientific admission also requires complete declared populations"
    },
    {
      "phase": "edit:140",
      "identity_check_kind": "in_memory_structure_and_configuration",
      "recipe_verification_seconds": 0.0,
      "identity_verification_seconds": 0.0,
      "identity_check_seconds": 0.002017237013205886,
      "state_hash_seconds": 0.0002488949685357511,
      "clone_seconds": 0.0,
      "restore_seconds": 0.0,
      "file_write_seconds": 5.918304668739438e-05,
      "operation_seconds": 0.11006082798121497,
      "total_phase_seconds": 0.11244711402105168,
      "scope": "file writes include journal intent/add/flush; excludes this timing receipt and checkpoint writes",
      "mode": "stage4_sealed_cell",
      "banner": "sealed Stage 4; scientific admission also requires complete declared populations"
    },
    {
      "phase": "immediate:140",
      "identity_check_kind": "in_memory_structure_and_configuration",
      "recipe_verification_seconds": 0.0,
      "identity_verification_seconds": 0.0,
      "identity_check_seconds": 0.002094196039251983,
      "state_hash_seconds": 0.01006696093827486,
      "clone_seconds": 0.0,
      "restore_seconds": 0.0,
      "file_write_seconds": 5.7609984651207924e-05,
      "operation_seconds": 0.053047537978272885,
      "total_phase_seconds": 0.06534540600841865,
      "scope": "file writes include journal intent/add/flush; excludes this timing receipt and checkpoint writes",
      "mode": "stage4_sealed_cell",
      "banner": "sealed Stage 4; scientific admission also requires complete declared populations"
    },
    {
      "phase": "edit:141",
      "identity_check_kind": "in_memory_structure_and_configuration",
      "recipe_verification_seconds": 0.0,
      "identity_verification_seconds": 0.0,
      "identity_check_seconds": 0.002125084982253611,
      "state_hash_seconds": 0.00024804595159366727,
      "clone_seconds": 0.0,
      "restore_seconds": 0.0,
      "file_write_seconds": 6.105698412284255e-05,
      "operation_seconds": 0.07662812800845131,
      "total_phase_seconds": 0.07912908302387223,
      "scope": "file writes include journal intent/add/flush; excludes this timing receipt and checkpoint writes",
      "mode": "stage4_sealed_cell",
      "banner": "sealed Stage 4; scientific admission also requires complete declared populations"
    },
    {
      "phase": "immediate:141",
      "identity_check_kind": "in_memory_structure_and_configuration",
      "recipe_verification_seconds": 0.0,
      "identity_verification_seconds": 0.0,
      "identity_check_seconds": 0.0020684959599748254,
      "state_hash_seconds": 0.01017904601758346,
      "clone_seconds": 0.0,
      "restore_seconds": 0.0,
      "file_write_seconds": 5.830201553180814e-05,
      "operation_seconds": 0.03942972799995914,
      "total_phase_seconds": 0.05181223899126053,
      "scope": "file writes include journal intent/add/flush; excludes this timing receipt and checkpoint writes",
      "mode": "stage4_sealed_cell",
      "banner": "sealed Stage 4; scientific admission also requires complete declared populations"
    },
    {
      "phase": "edit:142",
      "identity_check_kind": "in_memory_structure_and_configuration",
      "recipe_verification_seconds": 0.0,
      "identity_verification_seconds": 0.0,
      "identity_check_seconds": 0.002207963028922677,
      "state_hash_seconds": 0.0003403820446692407,
      "clone_seconds": 0.0,
      "restore_seconds": 0.0,
      "file_write_seconds": 6.147805834189057e-05,
      "operation_seconds": 0.07568396802525967,
      "total_phase_seconds": 0.07837473595282063,
      "scope": "file writes include journal intent/add/flush; excludes this timing receipt and checkpoint writes",
      "mode": "stage4_sealed_cell",
      "banner": "sealed Stage 4; scientific admission also requires complete declared populations"
    },
    {
      "phase": "immediate:142",
      "identity_check_kind": "in_memory_structure_and_configuration",
      "recipe_verification_seconds": 0.0,
      "identity_verification_seconds": 0.0,
      "identity_check_seconds": 0.002811760001350194,
      "state_hash_seconds": 0.010306018986739218,
      "clone_seconds": 0.0,
      "restore_seconds": 0.0,
      "file_write_seconds": 5.811196751892567e-05,
      "operation_seconds": 0.04642314603552222,
      "total_phase_seconds": 0.05969104403629899,
      "scope": "file writes include journal intent/add/flush; excludes this timing receipt and checkpoint writes",
      "mode": "stage4_sealed_cell",
      "banner": "sealed Stage 4; scientific admission also requires complete declared populations"
    },
    {
      "phase": "edit:143",
      "identity_check_kind": "in_memory_structure_and_configuration",
      "recipe_verification_seconds": 0.0,
      "identity_verification_seconds": 0.0,
      "identity_check_seconds": 0.0020666829659603536,
      "state_hash_seconds": 0.00024565099738538265,
      "clone_seconds": 0.0,
      "restore_seconds": 0.0,
      "file_write_seconds": 5.866197170689702e-05,
      "operation_seconds": 0.11827254301169887,
      "total_phase_seconds": 0.12070699001196772,
      "scope": "file writes include journal intent/add/flush; excludes this timing receipt and checkpoint writes",
      "mode": "stage4_sealed_cell",
      "banner": "sealed Stage 4; scientific admission also requires complete declared populations"
    },
    {
      "phase": "immediate:143",
      "identity_check_kind": "in_memory_structure_and_configuration",
      "recipe_verification_seconds": 0.0,
      "identity_verification_seconds": 0.0,
      "identity_check_seconds": 0.0019503689836710691,
      "state_hash_seconds": 0.010166251915507019,
      "clone_seconds": 0.0,
      "restore_seconds": 0.0,
      "file_write_seconds": 5.694007268175483e-05,
      "operation_seconds": 0.05230762902647257,
      "total_phase_seconds": 0.0645579060073942,
      "scope": "file writes include journal intent/add/flush; excludes this timing receipt and checkpoint writes",
      "mode": "stage4_sealed_cell",
      "banner": "sealed Stage 4; scientific admission also requires complete declared populations"
    },
    {
      "phase": "edit:144",
      "identity_check_kind": "in_memory_structure_and_configuration",
      "recipe_verification_seconds": 0.0,
      "identity_verification_seconds": 0.0,
      "identity_check_seconds": 0.002068245958071202,
      "state_hash_seconds": 0.00025541899958625436,
      "clone_seconds": 0.0,
      "restore_seconds": 0.0,
      "file_write_seconds": 5.921395495533943e-05,
      "operation_seconds": 0.1731742840493098,
      "total_phase_seconds": 0.175617026980035,
      "scope": "file writes include journal intent/add/flush; excludes this timing receipt and checkpoint writes",
      "mode": "stage4_sealed_cell",
      "banner": "sealed Stage 4; scientific admission also requires complete declared populations"
    },
    {
      "phase": "immediate:144",
      "identity_check_kind": "in_memory_structure_and_configuration",
      "recipe_verification_seconds": 0.0,
      "identity_verification_seconds": 0.0,
      "identity_check_seconds": 0.002156545000616461,
      "state_hash_seconds": 0.010563854011707008,
      "clone_seconds": 0.0,
      "restore_seconds": 0.0,
      "file_write_seconds": 6.308098090812564e-05,
      "operation_seconds": 0.07083446002798155,
      "total_phase_seconds": 0.08371179999085143,
      "scope": "file writes include journal intent/add/flush; excludes this timing receipt and checkpoint writes",
      "mode": "stage4_sealed_cell",
      "banner": "sealed Stage 4; scientific admission also requires complete declared populations"
    },
    {
      "phase": "edit:145",
      "identity_check_kind": "in_memory_structure_and_configuration",
      "recipe_verification_seconds": 0.0,
      "identity_verification_seconds": 0.0,
      "identity_check_seconds": 0.0022155280457809567,
      "state_hash_seconds": 0.00025678303791210055,
      "clone_seconds": 0.0,
      "restore_seconds": 0.0,
      "file_write_seconds": 5.998398410156369e-05,
      "operation_seconds": 0.08545819798018783,
      "total_phase_seconds": 0.08805215096799657,
      "scope": "file writes include journal intent/add/flush; excludes this timing receipt and checkpoint writes",
      "mode": "stage4_sealed_cell",
      "banner": "sealed Stage 4; scientific admission also requires complete declared populations"
    },
    {
      "phase": "immediate:145",
      "identity_check_kind": "in_memory_structure_and_configuration",
      "recipe_verification_seconds": 0.0,
      "identity_verification_seconds": 0.0,
      "identity_check_seconds": 0.0019950750283896923,
      "state_hash_seconds": 0.010282063973136246,
      "clone_seconds": 0.0,
      "restore_seconds": 0.0,
      "file_write_seconds": 5.7901954278349876e-05,
      "operation_seconds": 0.04080965300090611,
      "total_phase_seconds": 0.0532216610154137,
      "scope": "file writes include journal intent/add/flush; excludes this timing receipt and checkpoint writes",
      "mode": "stage4_sealed_cell",
      "banner": "sealed Stage 4; scientific admission also requires complete declared populations"
    },
    {
      "phase": "edit:146",
      "identity_check_kind": "in_memory_structure_and_configuration",
      "recipe_verification_seconds": 0.0,
      "identity_verification_seconds": 0.0,
      "identity_check_seconds": 0.002080528996884823,
      "state_hash_seconds": 0.00029538589296862483,
      "clone_seconds": 0.0,
      "restore_seconds": 0.0,
      "file_write_seconds": 6.108696106821299e-05,
      "operation_seconds": 0.07461908599361777,
      "total_phase_seconds": 0.07712052203714848,
      "scope": "file writes include journal intent/add/flush; excludes this timing receipt and checkpoint writes",
      "mode": "stage4_sealed_cell",
      "banner": "sealed Stage 4; scientific admission also requires complete declared populations"
    },
    {
      "phase": "immediate:146",
      "identity_check_kind": "in_memory_structure_and_configuration",
      "recipe_verification_seconds": 0.0,
      "identity_verification_seconds": 0.0,
      "identity_check_seconds": 0.001996598031837493,
      "state_hash_seconds": 0.010910088079981506,
      "clone_seconds": 0.0,
      "restore_seconds": 0.0,
      "file_write_seconds": 5.726091330870986e-05,
      "operation_seconds": 0.05050659499829635,
      "total_phase_seconds": 0.06355329998768866,
      "scope": "file writes include journal intent/add/flush; excludes this timing receipt and checkpoint writes",
      "mode": "stage4_sealed_cell",
      "banner": "sealed Stage 4; scientific admission also requires complete declared populations"
    },
    {
      "phase": "edit:147",
      "identity_check_kind": "in_memory_structure_and_configuration",
      "recipe_verification_seconds": 0.0,
      "identity_verification_seconds": 0.0,
      "identity_check_seconds": 0.0020079800160601735,
      "state_hash_seconds": 0.00025152205489575863,
      "clone_seconds": 0.0,
      "restore_seconds": 0.0,
      "file_write_seconds": 5.990505451336503e-05,
      "operation_seconds": 0.14497755304910243,
      "total_phase_seconds": 0.14735959999961779,
      "scope": "file writes include journal intent/add/flush; excludes this timing receipt and checkpoint writes",
      "mode": "stage4_sealed_cell",
      "banner": "sealed Stage 4; scientific admission also requires complete declared populations"
    },
    {
      "phase": "immediate:147",
      "identity_check_kind": "in_memory_structure_and_configuration",
      "recipe_verification_seconds": 0.0,
      "identity_verification_seconds": 0.0,
      "identity_check_seconds": 0.0019733940134756267,
      "state_hash_seconds": 0.010485934966709465,
      "clone_seconds": 0.0,
      "restore_seconds": 0.0,
      "file_write_seconds": 5.797197809442878e-05,
      "operation_seconds": 0.06226345698814839,
      "total_phase_seconds": 0.07485784403979778,
      "scope": "file writes include journal intent/add/flush; excludes this timing receipt and checkpoint writes",
      "mode": "stage4_sealed_cell",
      "banner": "sealed Stage 4; scientific admission also requires complete declared populations"
    },
    {
      "phase": "edit:148",
      "identity_check_kind": "in_memory_structure_and_configuration",
      "recipe_verification_seconds": 0.0,
      "identity_verification_seconds": 0.0,
      "identity_check_seconds": 0.0020627949852496386,
      "state_hash_seconds": 0.0002538359840400517,
      "clone_seconds": 0.0,
      "restore_seconds": 0.0,
      "file_write_seconds": 5.985400639474392e-05,
      "operation_seconds": 0.2145916829467751,
      "total_phase_seconds": 0.2170309200300835,
      "scope": "file writes include journal intent/add/flush; excludes this timing receipt and checkpoint writes",
      "mode": "stage4_sealed_cell",
      "banner": "sealed Stage 4; scientific admission also requires complete declared populations"
    },
    {
      "phase": "immediate:148",
      "identity_check_kind": "in_memory_structure_and_configuration",
      "recipe_verification_seconds": 0.0,
      "identity_verification_seconds": 0.0,
      "identity_check_seconds": 0.0021821839618496597,
      "state_hash_seconds": 0.010699364996980876,
      "clone_seconds": 0.0,
      "restore_seconds": 0.0,
      "file_write_seconds": 0.004588266951031983,
      "operation_seconds": 0.0863349589635618,
      "total_phase_seconds": 0.1038916590041481,
      "scope": "file writes include journal intent/add/flush; excludes this timing receipt and checkpoint writes",
      "mode": "stage4_sealed_cell",
      "banner": "sealed Stage 4; scientific admission also requires complete declared populations"
    },
    {
      "phase": "edit:149",
      "identity_check_kind": "in_memory_structure_and_configuration",
      "recipe_verification_seconds": 0.0,
      "identity_verification_seconds": 0.0,
      "identity_check_seconds": 0.002141925971955061,
      "state_hash_seconds": 0.00027351395692676306,
      "clone_seconds": 0.0,
      "restore_seconds": 0.0,
      "file_write_seconds": 0.0011006410350091755,
      "operation_seconds": 0.07789736095583066,
      "total_phase_seconds": 0.08148281596368179,
      "scope": "file writes include journal intent/add/flush; excludes this timing receipt and checkpoint writes",
      "mode": "stage4_sealed_cell",
      "banner": "sealed Stage 4; scientific admission also requires complete declared populations"
    },
    {
      "phase": "immediate:149",
      "identity_check_kind": "in_memory_structure_and_configuration",
      "recipe_verification_seconds": 0.0,
      "identity_verification_seconds": 0.0,
      "identity_check_seconds": 0.0019907159730792046,
      "state_hash_seconds": 0.010832779051270336,
      "clone_seconds": 0.0,
      "restore_seconds": 0.0,
      "file_write_seconds": 5.999504355713725e-05,
      "operation_seconds": 0.04886894498486072,
      "total_phase_seconds": 0.06182899296982214,
      "scope": "file writes include journal intent/add/flush; excludes this timing receipt and checkpoint writes",
      "mode": "stage4_sealed_cell",
      "banner": "sealed Stage 4; scientific admission also requires complete declared populations"
    },
    {
      "phase": "edit:150",
      "identity_check_kind": "in_memory_structure_and_configuration",
      "recipe_verification_seconds": 0.0,
      "identity_verification_seconds": 0.0,
      "identity_check_seconds": 0.002053065982181579,
      "state_hash_seconds": 0.0002480150433257222,
      "clone_seconds": 0.0,
      "restore_seconds": 0.0,
      "file_write_seconds": 5.924300057813525e-05,
      "operation_seconds": 0.11423165502492338,
      "total_phase_seconds": 0.11665195500245318,
      "scope": "file writes include journal intent/add/flush; excludes this timing receipt and checkpoint writes",
      "mode": "stage4_sealed_cell",
      "banner": "sealed Stage 4; scientific admission also requires complete declared populations"
    },
    {
      "phase": "immediate:150",
      "identity_check_kind": "in_memory_structure_and_configuration",
      "recipe_verification_seconds": 0.0,
      "identity_verification_seconds": 0.0,
      "identity_check_seconds": 0.0020445899572223425,
      "state_hash_seconds": 0.011010139947757125,
      "clone_seconds": 0.0,
      "restore_seconds": 0.0,
      "file_write_seconds": 5.786999827250838e-05,
      "operation_seconds": 0.06011233199387789,
      "total_phase_seconds": 0.07330490701133385,
      "scope": "file writes include journal intent/add/flush; excludes this timing receipt and checkpoint writes",
      "mode": "stage4_sealed_cell",
      "banner": "sealed Stage 4; scientific admission also requires complete declared populations"
    },
    {
      "phase": "edit:151",
      "identity_check_kind": "in_memory_structure_and_configuration",
      "recipe_verification_seconds": 0.0,
      "identity_verification_seconds": 0.0,
      "identity_check_seconds": 0.0020180389983579516,
      "state_hash_seconds": 0.00024593103444203734,
      "clone_seconds": 0.0,
      "restore_seconds": 0.0,
      "file_write_seconds": 6.000598659738898e-05,
      "operation_seconds": 0.07652148400666192,
      "total_phase_seconds": 0.0789099230314605,
      "scope": "file writes include journal intent/add/flush; excludes this timing receipt and checkpoint writes",
      "mode": "stage4_sealed_cell",
      "banner": "sealed Stage 4; scientific admission also requires complete declared populations"
    },
    {
      "phase": "immediate:151",
      "identity_check_kind": "in_memory_structure_and_configuration",
      "recipe_verification_seconds": 0.0,
      "identity_verification_seconds": 0.0,
      "identity_check_seconds": 0.001980267057660967,
      "state_hash_seconds": 0.010650369978975505,
      "clone_seconds": 0.0,
      "restore_seconds": 0.0,
      "file_write_seconds": 6.126798689365387e-05,
      "operation_seconds": 0.04654892801772803,
      "total_phase_seconds": 0.05932294897502288,
      "scope": "file writes include journal intent/add/flush; excludes this timing receipt and checkpoint writes",
      "mode": "stage4_sealed_cell",
      "banner": "sealed Stage 4; scientific admission also requires complete declared populations"
    },
    {
      "phase": "edit:152",
      "identity_check_kind": "in_memory_structure_and_configuration",
      "recipe_verification_seconds": 0.0,
      "identity_verification_seconds": 0.0,
      "identity_check_seconds": 0.0020553109934553504,
      "state_hash_seconds": 0.00025227293372154236,
      "clone_seconds": 0.0,
      "restore_seconds": 0.0,
      "file_write_seconds": 5.8102014008909464e-05,
      "operation_seconds": 0.08096822898369282,
      "total_phase_seconds": 0.08339259802596644,
      "scope": "file writes include journal intent/add/flush; excludes this timing receipt and checkpoint writes",
      "mode": "stage4_sealed_cell",
      "banner": "sealed Stage 4; scientific admission also requires complete declared populations"
    },
    {
      "phase": "immediate:152",
      "identity_check_kind": "in_memory_structure_and_configuration",
      "recipe_verification_seconds": 0.0,
      "identity_verification_seconds": 0.0,
      "identity_check_seconds": 0.0018768789595924318,
      "state_hash_seconds": 0.010565858974587172,
      "clone_seconds": 0.0,
      "restore_seconds": 0.0,
      "file_write_seconds": 5.862303078174591e-05,
      "operation_seconds": 0.04420870996546,
      "total_phase_seconds": 0.0567809350322932,
      "scope": "file writes include journal intent/add/flush; excludes this timing receipt and checkpoint writes",
      "mode": "stage4_sealed_cell",
      "banner": "sealed Stage 4; scientific admission also requires complete declared populations"
    },
    {
      "phase": "edit:153",
      "identity_check_kind": "in_memory_structure_and_configuration",
      "recipe_verification_seconds": 0.0,
      "identity_verification_seconds": 0.0,
      "identity_check_seconds": 0.001978783984668553,
      "state_hash_seconds": 0.0002591349766589701,
      "clone_seconds": 0.0,
      "restore_seconds": 0.0,
      "file_write_seconds": 5.98850310780108e-05,
      "operation_seconds": 0.11539569700835273,
      "total_phase_seconds": 0.11775165400467813,
      "scope": "file writes include journal intent/add/flush; excludes this timing receipt and checkpoint writes",
      "mode": "stage4_sealed_cell",
      "banner": "sealed Stage 4; scientific admission also requires complete declared populations"
    },
    {
      "phase": "immediate:153",
      "identity_check_kind": "in_memory_structure_and_configuration",
      "recipe_verification_seconds": 0.0,
      "identity_verification_seconds": 0.0,
      "identity_check_seconds": 0.002241046982817352,
      "state_hash_seconds": 0.010891364014241844,
      "clone_seconds": 0.0,
      "restore_seconds": 0.0,
      "file_write_seconds": 5.885196151211858e-05,
      "operation_seconds": 0.04561962600564584,
      "total_phase_seconds": 0.05889772396767512,
      "scope": "file writes include journal intent/add/flush; excludes this timing receipt and checkpoint writes",
      "mode": "stage4_sealed_cell",
      "banner": "sealed Stage 4; scientific admission also requires complete declared populations"
    },
    {
      "phase": "edit:154",
      "identity_check_kind": "in_memory_structure_and_configuration",
      "recipe_verification_seconds": 0.0,
      "identity_verification_seconds": 0.0,
      "identity_check_seconds": 0.002103323000483215,
      "state_hash_seconds": 0.00028361304430291057,
      "clone_seconds": 0.0,
      "restore_seconds": 0.0,
      "file_write_seconds": 5.9074023738503456e-05,
      "operation_seconds": 0.2003536150441505,
      "total_phase_seconds": 0.20285990001866594,
      "scope": "file writes include journal intent/add/flush; excludes this timing receipt and checkpoint writes",
      "mode": "stage4_sealed_cell",
      "banner": "sealed Stage 4; scientific admission also requires complete declared populations"
    },
    {
      "phase": "immediate:154",
      "identity_check_kind": "in_memory_structure_and_configuration",
      "recipe_verification_seconds": 0.0,
      "identity_verification_seconds": 0.0,
      "identity_check_seconds": 0.0021449820487760007,
      "state_hash_seconds": 0.011142664996441454,
      "clone_seconds": 0.0,
      "restore_seconds": 0.0,
      "file_write_seconds": 8.349999552592635e-05,
      "operation_seconds": 0.05639794102171436,
      "total_phase_seconds": 0.06988082098541781,
      "scope": "file writes include journal intent/add/flush; excludes this timing receipt and checkpoint writes",
      "mode": "stage4_sealed_cell",
      "banner": "sealed Stage 4; scientific admission also requires complete declared populations"
    },
    {
      "phase": "edit:155",
      "identity_check_kind": "in_memory_structure_and_configuration",
      "recipe_verification_seconds": 0.0,
      "identity_verification_seconds": 0.0,
      "identity_check_seconds": 0.00206076999893412,
      "state_hash_seconds": 0.0002544389571994543,
      "clone_seconds": 0.0,
      "restore_seconds": 0.0,
      "file_write_seconds": 5.961395800113678e-05,
      "operation_seconds": 0.18429450498661026,
      "total_phase_seconds": 0.18672858196077868,
      "scope": "file writes include journal intent/add/flush; excludes this timing receipt and checkpoint writes",
      "mode": "stage4_sealed_cell",
      "banner": "sealed Stage 4; scientific admission also requires complete declared populations"
    },
    {
      "phase": "immediate:155",
      "identity_check_kind": "in_memory_structure_and_configuration",
      "recipe_verification_seconds": 0.0,
      "identity_verification_seconds": 0.0,
      "identity_check_seconds": 0.002020845073275268,
      "state_hash_seconds": 0.011420485912822187,
      "clone_seconds": 0.0,
      "restore_seconds": 0.0,
      "file_write_seconds": 5.8913021348416805e-05,
      "operation_seconds": 0.08278643502853811,
      "total_phase_seconds": 0.09637213300447911,
      "scope": "file writes include journal intent/add/flush; excludes this timing receipt and checkpoint writes",
      "mode": "stage4_sealed_cell",
      "banner": "sealed Stage 4; scientific admission also requires complete declared populations"
    },
    {
      "phase": "edit:156",
      "identity_check_kind": "in_memory_structure_and_configuration",
      "recipe_verification_seconds": 0.0,
      "identity_verification_seconds": 0.0,
      "identity_check_seconds": 0.0022776270052418113,
      "state_hash_seconds": 0.00029164901934564114,
      "clone_seconds": 0.0,
      "restore_seconds": 0.0,
      "file_write_seconds": 5.880300886929035e-05,
      "operation_seconds": 0.07811170199420303,
      "total_phase_seconds": 0.08080749097280204,
      "scope": "file writes include journal intent/add/flush; excludes this timing receipt and checkpoint writes",
      "mode": "stage4_sealed_cell",
      "banner": "sealed Stage 4; scientific admission also requires complete declared populations"
    },
    {
      "phase": "immediate:156",
      "identity_check_kind": "in_memory_structure_and_configuration",
      "recipe_verification_seconds": 0.0,
      "identity_verification_seconds": 0.0,
      "identity_check_seconds": 0.002034179982729256,
      "state_hash_seconds": 0.01132150593912229,
      "clone_seconds": 0.0,
      "restore_seconds": 0.0,
      "file_write_seconds": 5.7120982091873884e-05,
      "operation_seconds": 0.04838381498120725,
      "total_phase_seconds": 0.06188069301424548,
      "scope": "file writes include journal intent/add/flush; excludes this timing receipt and checkpoint writes",
      "mode": "stage4_sealed_cell",
      "banner": "sealed Stage 4; scientific admission also requires complete declared populations"
    },
    {
      "phase": "edit:157",
      "identity_check_kind": "in_memory_structure_and_configuration",
      "recipe_verification_seconds": 0.0,
      "identity_verification_seconds": 0.0,
      "identity_check_seconds": 0.0020695390412583947,
      "state_hash_seconds": 0.0002619019360281527,
      "clone_seconds": 0.0,
      "restore_seconds": 0.0,
      "file_write_seconds": 6.231997394934297e-05,
      "operation_seconds": 0.07665137201547623,
      "total_phase_seconds": 0.07910449599148706,
      "scope": "file writes include journal intent/add/flush; excludes this timing receipt and checkpoint writes",
      "mode": "stage4_sealed_cell",
      "banner": "sealed Stage 4; scientific admission also requires complete declared populations"
    },
    {
      "phase": "immediate:157",
      "identity_check_kind": "in_memory_structure_and_configuration",
      "recipe_verification_seconds": 0.0,
      "identity_verification_seconds": 0.0,
      "identity_check_seconds": 0.0020454819896258414,
      "state_hash_seconds": 0.011365420941729099,
      "clone_seconds": 0.0,
      "restore_seconds": 0.0,
      "file_write_seconds": 5.7559984270483255e-05,
      "operation_seconds": 0.04824909695889801,
      "total_phase_seconds": 0.0618018219829537,
      "scope": "file writes include journal intent/add/flush; excludes this timing receipt and checkpoint writes",
      "mode": "stage4_sealed_cell",
      "banner": "sealed Stage 4; scientific admission also requires complete declared populations"
    },
    {
      "phase": "edit:158",
      "identity_check_kind": "in_memory_structure_and_configuration",
      "recipe_verification_seconds": 0.0,
      "identity_verification_seconds": 0.0,
      "identity_check_seconds": 0.002129102998878807,
      "state_hash_seconds": 0.0002792970626614988,
      "clone_seconds": 0.0,
      "restore_seconds": 0.0,
      "file_write_seconds": 5.892303306609392e-05,
      "operation_seconds": 0.07619722100207582,
      "total_phase_seconds": 0.07872881600633264,
      "scope": "file writes include journal intent/add/flush; excludes this timing receipt and checkpoint writes",
      "mode": "stage4_sealed_cell",
      "banner": "sealed Stage 4; scientific admission also requires complete declared populations"
    },
    {
      "phase": "immediate:158",
      "identity_check_kind": "in_memory_structure_and_configuration",
      "recipe_verification_seconds": 0.0,
      "identity_verification_seconds": 0.0,
      "identity_check_seconds": 0.001983431982807815,
      "state_hash_seconds": 0.011165347998030484,
      "clone_seconds": 0.0,
      "restore_seconds": 0.0,
      "file_write_seconds": 5.802098894491792e-05,
      "operation_seconds": 0.04746456304565072,
      "total_phase_seconds": 0.06074868194991723,
      "scope": "file writes include journal intent/add/flush; excludes this timing receipt and checkpoint writes",
      "mode": "stage4_sealed_cell",
      "banner": "sealed Stage 4; scientific admission also requires complete declared populations"
    },
    {
      "phase": "edit:159",
      "identity_check_kind": "in_memory_structure_and_configuration",
      "recipe_verification_seconds": 0.0,
      "identity_verification_seconds": 0.0,
      "identity_check_seconds": 0.002181863004807383,
      "state_hash_seconds": 0.0003147830720990896,
      "clone_seconds": 0.0,
      "restore_seconds": 0.0,
      "file_write_seconds": 6.080599268898368e-05,
      "operation_seconds": 0.15275429299799725,
      "total_phase_seconds": 0.15538167097838596,
      "scope": "file writes include journal intent/add/flush; excludes this timing receipt and checkpoint writes",
      "mode": "stage4_sealed_cell",
      "banner": "sealed Stage 4; scientific admission also requires complete declared populations"
    },
    {
      "phase": "immediate:159",
      "identity_check_kind": "in_memory_structure_and_configuration",
      "recipe_verification_seconds": 0.0,
      "identity_verification_seconds": 0.0,
      "identity_check_seconds": 0.0021829349570907652,
      "state_hash_seconds": 0.011497063969727606,
      "clone_seconds": 0.0,
      "restore_seconds": 0.0,
      "file_write_seconds": 5.807995330542326e-05,
      "operation_seconds": 0.08262632897822186,
      "total_phase_seconds": 0.09645298804389313,
      "scope": "file writes include journal intent/add/flush; excludes this timing receipt and checkpoint writes",
      "mode": "stage4_sealed_cell",
      "banner": "sealed Stage 4; scientific admission also requires complete declared populations"
    },
    {
      "phase": "edit:160",
      "identity_check_kind": "in_memory_structure_and_configuration",
      "recipe_verification_seconds": 0.0,
      "identity_verification_seconds": 0.0,
      "identity_check_seconds": 0.0020452109747566283,
      "state_hash_seconds": 0.00027061905711889267,
      "clone_seconds": 0.0,
      "restore_seconds": 0.0,
      "file_write_seconds": 6.189796840772033e-05,
      "operation_seconds": 0.11771620495710522,
      "total_phase_seconds": 0.12015328800771385,
      "scope": "file writes include journal intent/add/flush; excludes this timing receipt and checkpoint writes",
      "mode": "stage4_sealed_cell",
      "banner": "sealed Stage 4; scientific admission also requires complete declared populations"
    },
    {
      "phase": "immediate:160",
      "identity_check_kind": "in_memory_structure_and_configuration",
      "recipe_verification_seconds": 0.0,
      "identity_verification_seconds": 0.0,
      "identity_check_seconds": 0.0021232509752735496,
      "state_hash_seconds": 0.011591532966122031,
      "clone_seconds": 0.0,
      "restore_seconds": 0.0,
      "file_write_seconds": 5.746097303926945e-05,
      "operation_seconds": 0.049137319962028414,
      "total_phase_seconds": 0.06299498898442835,
      "scope": "file writes include journal intent/add/flush; excludes this timing receipt and checkpoint writes",
      "mode": "stage4_sealed_cell",
      "banner": "sealed Stage 4; scientific admission also requires complete declared populations"
    },
    {
      "phase": "edit:161",
      "identity_check_kind": "in_memory_structure_and_configuration",
      "recipe_verification_seconds": 0.0,
      "identity_verification_seconds": 0.0,
      "identity_check_seconds": 0.0020026889978908002,
      "state_hash_seconds": 0.0002873500343412161,
      "clone_seconds": 0.0,
      "restore_seconds": 0.0,
      "file_write_seconds": 6.056594429537654e-05,
      "operation_seconds": 0.0772167460527271,
      "total_phase_seconds": 0.07962568599032238,
      "scope": "file writes include journal intent/add/flush; excludes this timing receipt and checkpoint writes",
      "mode": "stage4_sealed_cell",
      "banner": "sealed Stage 4; scientific admission also requires complete declared populations"
    },
    {
      "phase": "immediate:161",
      "identity_check_kind": "in_memory_structure_and_configuration",
      "recipe_verification_seconds": 0.0,
      "identity_verification_seconds": 0.0,
      "identity_check_seconds": 0.0019911069539375603,
      "state_hash_seconds": 0.011391059961169958,
      "clone_seconds": 0.0,
      "restore_seconds": 0.0,
      "file_write_seconds": 5.900295218452811e-05,
      "operation_seconds": 0.04722033505095169,
      "total_phase_seconds": 0.060749644006136805,
      "scope": "file writes include journal intent/add/flush; excludes this timing receipt and checkpoint writes",
      "mode": "stage4_sealed_cell",
      "banner": "sealed Stage 4; scientific admission also requires complete declared populations"
    },
    {
      "phase": "edit:162",
      "identity_check_kind": "in_memory_structure_and_configuration",
      "recipe_verification_seconds": 0.0,
      "identity_verification_seconds": 0.0,
      "identity_check_seconds": 0.0020420050714164972,
      "state_hash_seconds": 0.0002808289718814194,
      "clone_seconds": 0.0,
      "restore_seconds": 0.0,
      "file_write_seconds": 5.865201819688082e-05,
      "operation_seconds": 0.17865337000694126,
      "total_phase_seconds": 0.18109428900061175,
      "scope": "file writes include journal intent/add/flush; excludes this timing receipt and checkpoint writes",
      "mode": "stage4_sealed_cell",
      "banner": "sealed Stage 4; scientific admission also requires complete declared populations"
    },
    {
      "phase": "immediate:162",
      "identity_check_kind": "in_memory_structure_and_configuration",
      "recipe_verification_seconds": 0.0,
      "identity_verification_seconds": 0.0,
      "identity_check_seconds": 0.0020096030202694237,
      "state_hash_seconds": 0.01151716202730313,
      "clone_seconds": 0.0,
      "restore_seconds": 0.0,
      "file_write_seconds": 5.665997741743922e-05,
      "operation_seconds": 0.07140076596988365,
      "total_phase_seconds": 0.08506258903071284,
      "scope": "file writes include journal intent/add/flush; excludes this timing receipt and checkpoint writes",
      "mode": "stage4_sealed_cell",
      "banner": "sealed Stage 4; scientific admission also requires complete declared populations"
    },
    {
      "phase": "edit:163",
      "identity_check_kind": "in_memory_structure_and_configuration",
      "recipe_verification_seconds": 0.0,
      "identity_verification_seconds": 0.0,
      "identity_check_seconds": 0.002197572961449623,
      "state_hash_seconds": 0.00028379500145092607,
      "clone_seconds": 0.0,
      "restore_seconds": 0.0,
      "file_write_seconds": 5.806103581562638e-05,
      "operation_seconds": 0.08988097700057551,
      "total_phase_seconds": 0.09248259599553421,
      "scope": "file writes include journal intent/add/flush; excludes this timing receipt and checkpoint writes",
      "mode": "stage4_sealed_cell",
      "banner": "sealed Stage 4; scientific admission also requires complete declared populations"
    },
    {
      "phase": "immediate:163",
      "identity_check_kind": "in_memory_structure_and_configuration",
      "recipe_verification_seconds": 0.0,
      "identity_verification_seconds": 0.0,
      "identity_check_seconds": 0.0020538680255413055,
      "state_hash_seconds": 0.012957622937392443,
      "clone_seconds": 0.0,
      "restore_seconds": 0.0,
      "file_write_seconds": 5.808193236589432e-05,
      "operation_seconds": 0.05221558304037899,
      "total_phase_seconds": 0.06738014699658379,
      "scope": "file writes include journal intent/add/flush; excludes this timing receipt and checkpoint writes",
      "mode": "stage4_sealed_cell",
      "banner": "sealed Stage 4; scientific admission also requires complete declared populations"
    },
    {
      "phase": "edit:164",
      "identity_check_kind": "in_memory_structure_and_configuration",
      "recipe_verification_seconds": 0.0,
      "identity_verification_seconds": 0.0,
      "identity_check_seconds": 0.002820968977175653,
      "state_hash_seconds": 0.00035808602115139365,
      "clone_seconds": 0.0,
      "restore_seconds": 0.0,
      "file_write_seconds": 6.087601650506258e-05,
      "operation_seconds": 0.08581392996711656,
      "total_phase_seconds": 0.08912665100069717,
      "scope": "file writes include journal intent/add/flush; excludes this timing receipt and checkpoint writes",
      "mode": "stage4_sealed_cell",
      "banner": "sealed Stage 4; scientific admission also requires complete declared populations"
    },
    {
      "phase": "immediate:164",
      "identity_check_kind": "in_memory_structure_and_configuration",
      "recipe_verification_seconds": 0.0,
      "identity_verification_seconds": 0.0,
      "identity_check_seconds": 0.0020867710700258613,
      "state_hash_seconds": 0.01219021191354841,
      "clone_seconds": 0.0,
      "restore_seconds": 0.0,
      "file_write_seconds": 0.00463456503348425,
      "operation_seconds": 0.0434950630296953,
      "total_phase_seconds": 0.062493768986314535,
      "scope": "file writes include journal intent/add/flush; excludes this timing receipt and checkpoint writes",
      "mode": "stage4_sealed_cell",
      "banner": "sealed Stage 4; scientific admission also requires complete declared populations"
    },
    {
      "phase": "edit:165",
      "identity_check_kind": "in_memory_structure_and_configuration",
      "recipe_verification_seconds": 0.0,
      "identity_verification_seconds": 0.0,
      "identity_check_seconds": 0.002096618991345167,
      "state_hash_seconds": 0.00027985702035948634,
      "clone_seconds": 0.0,
      "restore_seconds": 0.0,
      "file_write_seconds": 0.0011350560234859586,
      "operation_seconds": 0.11145005200523883,
      "total_phase_seconds": 0.11502643895801157,
      "scope": "file writes include journal intent/add/flush; excludes this timing receipt and checkpoint writes",
      "mode": "stage4_sealed_cell",
      "banner": "sealed Stage 4; scientific admission also requires complete declared populations"
    },
    {
      "phase": "immediate:165",
      "identity_check_kind": "in_memory_structure_and_configuration",
      "recipe_verification_seconds": 0.0,
      "identity_verification_seconds": 0.0,
      "identity_check_seconds": 0.0022419889573939145,
      "state_hash_seconds": 0.012184941093437374,
      "clone_seconds": 0.0,
      "restore_seconds": 0.0,
      "file_write_seconds": 5.826196866109967e-05,
      "operation_seconds": 0.0595560249639675,
      "total_phase_seconds": 0.07412962795933709,
      "scope": "file writes include journal intent/add/flush; excludes this timing receipt and checkpoint writes",
      "mode": "stage4_sealed_cell",
      "banner": "sealed Stage 4; scientific admission also requires complete declared populations"
    },
    {
      "phase": "edit:166",
      "identity_check_kind": "in_memory_structure_and_configuration",
      "recipe_verification_seconds": 0.0,
      "identity_verification_seconds": 0.0,
      "identity_check_seconds": 0.002088695007842034,
      "state_hash_seconds": 0.00028065708465874195,
      "clone_seconds": 0.0,
      "restore_seconds": 0.0,
      "file_write_seconds": 6.002496229484677e-05,
      "operation_seconds": 0.11234492697985843,
      "total_phase_seconds": 0.11483346798922867,
      "scope": "file writes include journal intent/add/flush; excludes this timing receipt and checkpoint writes",
      "mode": "stage4_sealed_cell",
      "banner": "sealed Stage 4; scientific admission also requires complete declared populations"
    },
    {
      "phase": "immediate:166",
      "identity_check_kind": "in_memory_structure_and_configuration",
      "recipe_verification_seconds": 0.0,
      "identity_verification_seconds": 0.0,
      "identity_check_seconds": 0.0021499120048247278,
      "state_hash_seconds": 0.01185561902821064,
      "clone_seconds": 0.0,
      "restore_seconds": 0.0,
      "file_write_seconds": 5.819107173010707e-05,
      "operation_seconds": 0.05735526600619778,
      "total_phase_seconds": 0.07150157901924103,
      "scope": "file writes include journal intent/add/flush; excludes this timing receipt and checkpoint writes",
      "mode": "stage4_sealed_cell",
      "banner": "sealed Stage 4; scientific admission also requires complete declared populations"
    },
    {
      "phase": "edit:167",
      "identity_check_kind": "in_memory_structure_and_configuration",
      "recipe_verification_seconds": 0.0,
      "identity_verification_seconds": 0.0,
      "identity_check_seconds": 0.0020391190191730857,
      "state_hash_seconds": 0.0002910290495492518,
      "clone_seconds": 0.0,
      "restore_seconds": 0.0,
      "file_write_seconds": 5.9354002587497234e-05,
      "operation_seconds": 0.09382577001815662,
      "total_phase_seconds": 0.09627474599983543,
      "scope": "file writes include journal intent/add/flush; excludes this timing receipt and checkpoint writes",
      "mode": "stage4_sealed_cell",
      "banner": "sealed Stage 4; scientific admission also requires complete declared populations"
    },
    {
      "phase": "immediate:167",
      "identity_check_kind": "in_memory_structure_and_configuration",
      "recipe_verification_seconds": 0.0,
      "identity_verification_seconds": 0.0,
      "identity_check_seconds": 0.0019347190391272306,
      "state_hash_seconds": 0.011600290075875819,
      "clone_seconds": 0.0,
      "restore_seconds": 0.0,
      "file_write_seconds": 5.790096474811435e-05,
      "operation_seconds": 0.05613729200558737,
      "total_phase_seconds": 0.06980628799647093,
      "scope": "file writes include journal intent/add/flush; excludes this timing receipt and checkpoint writes",
      "mode": "stage4_sealed_cell",
      "banner": "sealed Stage 4; scientific admission also requires complete declared populations"
    },
    {
      "phase": "edit:168",
      "identity_check_kind": "in_memory_structure_and_configuration",
      "recipe_verification_seconds": 0.0,
      "identity_verification_seconds": 0.0,
      "identity_check_seconds": 0.002038748934864998,
      "state_hash_seconds": 0.0002716910094022751,
      "clone_seconds": 0.0,
      "restore_seconds": 0.0,
      "file_write_seconds": 5.9995974879711866e-05,
      "operation_seconds": 0.16191665001679212,
      "total_phase_seconds": 0.16434663900872692,
      "scope": "file writes include journal intent/add/flush; excludes this timing receipt and checkpoint writes",
      "mode": "stage4_sealed_cell",
      "banner": "sealed Stage 4; scientific admission also requires complete declared populations"
    },
    {
      "phase": "immediate:168",
      "identity_check_kind": "in_memory_structure_and_configuration",
      "recipe_verification_seconds": 0.0,
      "identity_verification_seconds": 0.0,
      "identity_check_seconds": 0.0021276790066622198,
      "state_hash_seconds": 0.012125437962822616,
      "clone_seconds": 0.0,
      "restore_seconds": 0.0,
      "file_write_seconds": 5.787098780274391e-05,
      "operation_seconds": 0.06860206002602354,
      "total_phase_seconds": 0.08299744001124054,
      "scope": "file writes include journal intent/add/flush; excludes this timing receipt and checkpoint writes",
      "mode": "stage4_sealed_cell",
      "banner": "sealed Stage 4; scientific admission also requires complete declared populations"
    },
    {
      "phase": "edit:169",
      "identity_check_kind": "in_memory_structure_and_configuration",
      "recipe_verification_seconds": 0.0,
      "identity_verification_seconds": 0.0,
      "identity_check_seconds": 0.0021169889951124787,
      "state_hash_seconds": 0.0002870089956559241,
      "clone_seconds": 0.0,
      "restore_seconds": 0.0,
      "file_write_seconds": 5.761004285886884e-05,
      "operation_seconds": 0.0796746889827773,
      "total_phase_seconds": 0.08219665399519727,
      "scope": "file writes include journal intent/add/flush; excludes this timing receipt and checkpoint writes",
      "mode": "stage4_sealed_cell",
      "banner": "sealed Stage 4; scientific admission also requires complete declared populations"
    },
    {
      "phase": "immediate:169",
      "identity_check_kind": "in_memory_structure_and_configuration",
      "recipe_verification_seconds": 0.0,
      "identity_verification_seconds": 0.0,
      "identity_check_seconds": 0.0019617709913291037,
      "state_hash_seconds": 0.011980388953816146,
      "clone_seconds": 0.0,
      "restore_seconds": 0.0,
      "file_write_seconds": 5.7611032389104366e-05,
      "operation_seconds": 0.0490483790053986,
      "total_phase_seconds": 0.06313012796454132,
      "scope": "file writes include journal intent/add/flush; excludes this timing receipt and checkpoint writes",
      "mode": "stage4_sealed_cell",
      "banner": "sealed Stage 4; scientific admission also requires complete declared populations"
    },
    {
      "phase": "edit:170",
      "identity_check_kind": "in_memory_structure_and_configuration",
      "recipe_verification_seconds": 0.0,
      "identity_verification_seconds": 0.0,
      "identity_check_seconds": 0.0020358730107545853,
      "state_hash_seconds": 0.0002808500430546701,
      "clone_seconds": 0.0,
      "restore_seconds": 0.0,
      "file_write_seconds": 5.8842008002102375e-05,
      "operation_seconds": 0.1469579100375995,
      "total_phase_seconds": 0.1493932490120642,
      "scope": "file writes include journal intent/add/flush; excludes this timing receipt and checkpoint writes",
      "mode": "stage4_sealed_cell",
      "banner": "sealed Stage 4; scientific admission also requires complete declared populations"
    },
    {
      "phase": "immediate:170",
      "identity_check_kind": "in_memory_structure_and_configuration",
      "recipe_verification_seconds": 0.0,
      "identity_verification_seconds": 0.0,
      "identity_check_seconds": 0.00215461099287495,
      "state_hash_seconds": 0.012337765016127378,
      "clone_seconds": 0.0,
      "restore_seconds": 0.0,
      "file_write_seconds": 5.603802856057882e-05,
      "operation_seconds": 0.06871718994807452,
      "total_phase_seconds": 0.08334892400307581,
      "scope": "file writes include journal intent/add/flush; excludes this timing receipt and checkpoint writes",
      "mode": "stage4_sealed_cell",
      "banner": "sealed Stage 4; scientific admission also requires complete declared populations"
    },
    {
      "phase": "edit:171",
      "identity_check_kind": "in_memory_structure_and_configuration",
      "recipe_verification_seconds": 0.0,
      "identity_verification_seconds": 0.0,
      "identity_check_seconds": 0.0020761509658768773,
      "state_hash_seconds": 0.0002806979464367032,
      "clone_seconds": 0.0,
      "restore_seconds": 0.0,
      "file_write_seconds": 5.985604366287589e-05,
      "operation_seconds": 0.18170218501472846,
      "total_phase_seconds": 0.18418272997951135,
      "scope": "file writes include journal intent/add/flush; excludes this timing receipt and checkpoint writes",
      "mode": "stage4_sealed_cell",
      "banner": "sealed Stage 4; scientific admission also requires complete declared populations"
    },
    {
      "phase": "immediate:171",
      "identity_check_kind": "in_memory_structure_and_configuration",
      "recipe_verification_seconds": 0.0,
      "identity_verification_seconds": 0.0,
      "identity_check_seconds": 0.0020623140153475106,
      "state_hash_seconds": 0.012288001948036253,
      "clone_seconds": 0.0,
      "restore_seconds": 0.0,
      "file_write_seconds": 5.7138968259096146e-05,
      "operation_seconds": 0.07638274697819725,
      "total_phase_seconds": 0.09087798901600763,
      "scope": "file writes include journal intent/add/flush; excludes this timing receipt and checkpoint writes",
      "mode": "stage4_sealed_cell",
      "banner": "sealed Stage 4; scientific admission also requires complete declared populations"
    },
    {
      "phase": "edit:172",
      "identity_check_kind": "in_memory_structure_and_configuration",
      "recipe_verification_seconds": 0.0,
      "identity_verification_seconds": 0.0,
      "identity_check_seconds": 0.0020707000512629747,
      "state_hash_seconds": 0.0003180700587108731,
      "clone_seconds": 0.0,
      "restore_seconds": 0.0,
      "file_write_seconds": 5.825201515108347e-05,
      "operation_seconds": 0.13782312598777935,
      "total_phase_seconds": 0.1403372770291753,
      "scope": "file writes include journal intent/add/flush; excludes this timing receipt and checkpoint writes",
      "mode": "stage4_sealed_cell",
      "banner": "sealed Stage 4; scientific admission also requires complete declared populations"
    },
    {
      "phase": "immediate:172",
      "identity_check_kind": "in_memory_structure_and_configuration",
      "recipe_verification_seconds": 0.0,
      "identity_verification_seconds": 0.0,
      "identity_check_seconds": 0.002069148002192378,
      "state_hash_seconds": 0.012170965026598424,
      "clone_seconds": 0.0,
      "restore_seconds": 0.0,
      "file_write_seconds": 5.709001561626792e-05,
      "operation_seconds": 0.06749143003253266,
      "total_phase_seconds": 0.08186657202895731,
      "scope": "file writes include journal intent/add/flush; excludes this timing receipt and checkpoint writes",
      "mode": "stage4_sealed_cell",
      "banner": "sealed Stage 4; scientific admission also requires complete declared populations"
    },
    {
      "phase": "edit:173",
      "identity_check_kind": "in_memory_structure_and_configuration",
      "recipe_verification_seconds": 0.0,
      "identity_verification_seconds": 0.0,
      "identity_check_seconds": 0.0020255940034985542,
      "state_hash_seconds": 0.0002708780812099576,
      "clone_seconds": 0.0,
      "restore_seconds": 0.0,
      "file_write_seconds": 5.844200495630503e-05,
      "operation_seconds": 0.11001215502619743,
      "total_phase_seconds": 0.11242552200565115,
      "scope": "file writes include journal intent/add/flush; excludes this timing receipt and checkpoint writes",
      "mode": "stage4_sealed_cell",
      "banner": "sealed Stage 4; scientific admission also requires complete declared populations"
    },
    {
      "phase": "immediate:173",
      "identity_check_kind": "in_memory_structure_and_configuration",
      "recipe_verification_seconds": 0.0,
      "identity_verification_seconds": 0.0,
      "identity_check_seconds": 0.0020317749585956335,
      "state_hash_seconds": 0.012421645107679069,
      "clone_seconds": 0.0,
      "restore_seconds": 0.0,
      "file_write_seconds": 5.7119003031402826e-05,
      "operation_seconds": 0.06492970802355558,
      "total_phase_seconds": 0.07953239599009976,
      "scope": "file writes include journal intent/add/flush; excludes this timing receipt and checkpoint writes",
      "mode": "stage4_sealed_cell",
      "banner": "sealed Stage 4; scientific admission also requires complete declared populations"
    },
    {
      "phase": "edit:174",
      "identity_check_kind": "in_memory_structure_and_configuration",
      "recipe_verification_seconds": 0.0,
      "identity_verification_seconds": 0.0,
      "identity_check_seconds": 0.002005975926294923,
      "state_hash_seconds": 0.0002939020632766187,
      "clone_seconds": 0.0,
      "restore_seconds": 0.0,
      "file_write_seconds": 5.96939935348928e-05,
      "operation_seconds": 0.12883252900792286,
      "total_phase_seconds": 0.13125259900698438,
      "scope": "file writes include journal intent/add/flush; excludes this timing receipt and checkpoint writes",
      "mode": "stage4_sealed_cell",
      "banner": "sealed Stage 4; scientific admission also requires complete declared populations"
    },
    {
      "phase": "immediate:174",
      "identity_check_kind": "in_memory_structure_and_configuration",
      "recipe_verification_seconds": 0.0,
      "identity_verification_seconds": 0.0,
      "identity_check_seconds": 0.0021223079529590905,
      "state_hash_seconds": 0.012287168996408582,
      "clone_seconds": 0.0,
      "restore_seconds": 0.0,
      "file_write_seconds": 5.684996722266078e-05,
      "operation_seconds": 0.06594862201018259,
      "total_phase_seconds": 0.08049788704374805,
      "scope": "file writes include journal intent/add/flush; excludes this timing receipt and checkpoint writes",
      "mode": "stage4_sealed_cell",
      "banner": "sealed Stage 4; scientific admission also requires complete declared populations"
    },
    {
      "phase": "edit:175",
      "identity_check_kind": "in_memory_structure_and_configuration",
      "recipe_verification_seconds": 0.0,
      "identity_verification_seconds": 0.0,
      "identity_check_seconds": 0.0019823109614662826,
      "state_hash_seconds": 0.0002922799903899431,
      "clone_seconds": 0.0,
      "restore_seconds": 0.0,
      "file_write_seconds": 5.7348981499671936e-05,
      "operation_seconds": 0.18688556196866557,
      "total_phase_seconds": 0.18927909201011062,
      "scope": "file writes include journal intent/add/flush; excludes this timing receipt and checkpoint writes",
      "mode": "stage4_sealed_cell",
      "banner": "sealed Stage 4; scientific admission also requires complete declared populations"
    },
    {
      "phase": "immediate:175",
      "identity_check_kind": "in_memory_structure_and_configuration",
      "recipe_verification_seconds": 0.0,
      "identity_verification_seconds": 0.0,
      "identity_check_seconds": 0.0021447809995152056,
      "state_hash_seconds": 0.012756958021782339,
      "clone_seconds": 0.0,
      "restore_seconds": 0.0,
      "file_write_seconds": 5.870306631550193e-05,
      "operation_seconds": 0.08649529604008421,
      "total_phase_seconds": 0.10155665298225358,
      "scope": "file writes include journal intent/add/flush; excludes this timing receipt and checkpoint writes",
      "mode": "stage4_sealed_cell",
      "banner": "sealed Stage 4; scientific admission also requires complete declared populations"
    },
    {
      "phase": "edit:176",
      "identity_check_kind": "in_memory_structure_and_configuration",
      "recipe_verification_seconds": 0.0,
      "identity_verification_seconds": 0.0,
      "identity_check_seconds": 0.0021156059810891747,
      "state_hash_seconds": 0.00031650805613026023,
      "clone_seconds": 0.0,
      "restore_seconds": 0.0,
      "file_write_seconds": 5.9034035075455904e-05,
      "operation_seconds": 0.10967859497759491,
      "total_phase_seconds": 0.11223188001895323,
      "scope": "file writes include journal intent/add/flush; excludes this timing receipt and checkpoint writes",
      "mode": "stage4_sealed_cell",
      "banner": "sealed Stage 4; scientific admission also requires complete declared populations"
    },
    {
      "phase": "immediate:176",
      "identity_check_kind": "in_memory_structure_and_configuration",
      "recipe_verification_seconds": 0.0,
      "identity_verification_seconds": 0.0,
      "identity_check_seconds": 0.0019739149720408022,
      "state_hash_seconds": 0.012560172006487846,
      "clone_seconds": 0.0,
      "restore_seconds": 0.0,
      "file_write_seconds": 5.8361038099974394e-05,
      "operation_seconds": 0.05864880699664354,
      "total_phase_seconds": 0.07331880304263905,
      "scope": "file writes include journal intent/add/flush; excludes this timing receipt and checkpoint writes",
      "mode": "stage4_sealed_cell",
      "banner": "sealed Stage 4; scientific admission also requires complete declared populations"
    },
    {
      "phase": "edit:177",
      "identity_check_kind": "in_memory_structure_and_configuration",
      "recipe_verification_seconds": 0.0,
      "identity_verification_seconds": 0.0,
      "identity_check_seconds": 0.0022505640517920256,
      "state_hash_seconds": 0.00031184795079752803,
      "clone_seconds": 0.0,
      "restore_seconds": 0.0,
      "file_write_seconds": 5.841202801093459e-05,
      "operation_seconds": 0.17739749199245125,
      "total_phase_seconds": 0.18008139700395986,
      "scope": "file writes include journal intent/add/flush; excludes this timing receipt and checkpoint writes",
      "mode": "stage4_sealed_cell",
      "banner": "sealed Stage 4; scientific admission also requires complete declared populations"
    },
    {
      "phase": "immediate:177",
      "identity_check_kind": "in_memory_structure_and_configuration",
      "recipe_verification_seconds": 0.0,
      "identity_verification_seconds": 0.0,
      "identity_check_seconds": 0.001978633983526379,
      "state_hash_seconds": 0.012453065952286124,
      "clone_seconds": 0.0,
      "restore_seconds": 0.0,
      "file_write_seconds": 5.785102257505059e-05,
      "operation_seconds": 0.09983706596540287,
      "total_phase_seconds": 0.11440232099266723,
      "scope": "file writes include journal intent/add/flush; excludes this timing receipt and checkpoint writes",
      "mode": "stage4_sealed_cell",
      "banner": "sealed Stage 4; scientific admission also requires complete declared populations"
    },
    {
      "phase": "edit:178",
      "identity_check_kind": "in_memory_structure_and_configuration",
      "recipe_verification_seconds": 0.0,
      "identity_verification_seconds": 0.0,
      "identity_check_seconds": 0.0021636380115523934,
      "state_hash_seconds": 0.0003324980498291552,
      "clone_seconds": 0.0,
      "restore_seconds": 0.0,
      "file_write_seconds": 5.896296352148056e-05,
      "operation_seconds": 0.12750804895767942,
      "total_phase_seconds": 0.13012953498400748,
      "scope": "file writes include journal intent/add/flush; excludes this timing receipt and checkpoint writes",
      "mode": "stage4_sealed_cell",
      "banner": "sealed Stage 4; scientific admission also requires complete declared populations"
    },
    {
      "phase": "immediate:178",
      "identity_check_kind": "in_memory_structure_and_configuration",
      "recipe_verification_seconds": 0.0,
      "identity_verification_seconds": 0.0,
      "identity_check_seconds": 0.002392397029325366,
      "state_hash_seconds": 0.012922026042360812,
      "clone_seconds": 0.0,
      "restore_seconds": 0.0,
      "file_write_seconds": 5.901401164010167e-05,
      "operation_seconds": 0.061428294982761145,
      "total_phase_seconds": 0.07689389702863991,
      "scope": "file writes include journal intent/add/flush; excludes this timing receipt and checkpoint writes",
      "mode": "stage4_sealed_cell",
      "banner": "sealed Stage 4; scientific admission also requires complete declared populations"
    },
    {
      "phase": "edit:179",
      "identity_check_kind": "in_memory_structure_and_configuration",
      "recipe_verification_seconds": 0.0,
      "identity_verification_seconds": 0.0,
      "identity_check_seconds": 0.0020385990501381457,
      "state_hash_seconds": 0.00030562799656763673,
      "clone_seconds": 0.0,
      "restore_seconds": 0.0,
      "file_write_seconds": 5.7770987041294575e-05,
      "operation_seconds": 0.13009346701437607,
      "total_phase_seconds": 0.1325544550199993,
      "scope": "file writes include journal intent/add/flush; excludes this timing receipt and checkpoint writes",
      "mode": "stage4_sealed_cell",
      "banner": "sealed Stage 4; scientific admission also requires complete declared populations"
    },
    {
      "phase": "immediate:179",
      "identity_check_kind": "in_memory_structure_and_configuration",
      "recipe_verification_seconds": 0.0,
      "identity_verification_seconds": 0.0,
      "identity_check_seconds": 0.002167856029700488,
      "state_hash_seconds": 0.012872047955170274,
      "clone_seconds": 0.0,
      "restore_seconds": 0.0,
      "file_write_seconds": 5.7470984756946564e-05,
      "operation_seconds": 0.05452299601165578,
      "total_phase_seconds": 0.06970261002425104,
      "scope": "file writes include journal intent/add/flush; excludes this timing receipt and checkpoint writes",
      "mode": "stage4_sealed_cell",
      "banner": "sealed Stage 4; scientific admission also requires complete declared populations"
    },
    {
      "phase": "edit:180",
      "identity_check_kind": "in_memory_structure_and_configuration",
      "recipe_verification_seconds": 0.0,
      "identity_verification_seconds": 0.0,
      "identity_check_seconds": 0.002065810956992209,
      "state_hash_seconds": 0.00028507597744464874,
      "clone_seconds": 0.0,
      "restore_seconds": 0.0,
      "file_write_seconds": 6.114697316661477e-05,
      "operation_seconds": 0.3440708010457456,
      "total_phase_seconds": 0.3465451850206591,
      "scope": "file writes include journal intent/add/flush; excludes this timing receipt and checkpoint writes",
      "mode": "stage4_sealed_cell",
      "banner": "sealed Stage 4; scientific admission also requires complete declared populations"
    },
    {
      "phase": "immediate:180",
      "identity_check_kind": "in_memory_structure_and_configuration",
      "recipe_verification_seconds": 0.0,
      "identity_verification_seconds": 0.0,
      "identity_check_seconds": 0.002085958025418222,
      "state_hash_seconds": 0.01304340799106285,
      "clone_seconds": 0.0,
      "restore_seconds": 0.0,
      "file_write_seconds": 0.015901328006293625,
      "operation_seconds": 0.1247867820202373,
      "total_phase_seconds": 0.1559029909549281,
      "scope": "file writes include journal intent/add/flush; excludes this timing receipt and checkpoint writes",
      "mode": "stage4_sealed_cell",
      "banner": "sealed Stage 4; scientific admission also requires complete declared populations"
    },
    {
      "phase": "edit:181",
      "identity_check_kind": "in_memory_structure_and_configuration",
      "recipe_verification_seconds": 0.0,
      "identity_verification_seconds": 0.0,
      "identity_check_seconds": 0.002110967005137354,
      "state_hash_seconds": 0.00031674804631620646,
      "clone_seconds": 0.0,
      "restore_seconds": 0.0,
      "file_write_seconds": 0.0012610090197995305,
      "operation_seconds": 0.14984903304139152,
      "total_phase_seconds": 0.15360281005268916,
      "scope": "file writes include journal intent/add/flush; excludes this timing receipt and checkpoint writes",
      "mode": "stage4_sealed_cell",
      "banner": "sealed Stage 4; scientific admission also requires complete declared populations"
    },
    {
      "phase": "immediate:181",
      "identity_check_kind": "in_memory_structure_and_configuration",
      "recipe_verification_seconds": 0.0,
      "identity_verification_seconds": 0.0,
      "identity_check_seconds": 0.0022653229534626007,
      "state_hash_seconds": 0.013385142025072128,
      "clone_seconds": 0.0,
      "restore_seconds": 0.0,
      "file_write_seconds": 5.858304211869836e-05,
      "operation_seconds": 0.07157321600243449,
      "total_phase_seconds": 0.08737703697988763,
      "scope": "file writes include journal intent/add/flush; excludes this timing receipt and checkpoint writes",
      "mode": "stage4_sealed_cell",
      "banner": "sealed Stage 4; scientific admission also requires complete declared populations"
    },
    {
      "phase": "edit:182",
      "identity_check_kind": "in_memory_structure_and_configuration",
      "recipe_verification_seconds": 0.0,
      "identity_verification_seconds": 0.0,
      "identity_check_seconds": 0.002090608060825616,
      "state_hash_seconds": 0.00032784900395199656,
      "clone_seconds": 0.0,
      "restore_seconds": 0.0,
      "file_write_seconds": 6.565696094185114e-05,
      "operation_seconds": 0.19172072398941964,
      "total_phase_seconds": 0.19427497097058222,
      "scope": "file writes include journal intent/add/flush; excludes this timing receipt and checkpoint writes",
      "mode": "stage4_sealed_cell",
      "banner": "sealed Stage 4; scientific admission also requires complete declared populations"
    },
    {
      "phase": "immediate:182",
      "identity_check_kind": "in_memory_structure_and_configuration",
      "recipe_verification_seconds": 0.0,
      "identity_verification_seconds": 0.0,
      "identity_check_seconds": 0.0019620420644059777,
      "state_hash_seconds": 0.013012209092266858,
      "clone_seconds": 0.0,
      "restore_seconds": 0.0,
      "file_write_seconds": 5.7861965615302324e-05,
      "operation_seconds": 0.08399011299479753,
      "total_phase_seconds": 0.09909655700903386,
      "scope": "file writes include journal intent/add/flush; excludes this timing receipt and checkpoint writes",
      "mode": "stage4_sealed_cell",
      "banner": "sealed Stage 4; scientific admission also requires complete declared populations"
    },
    {
      "phase": "edit:183",
      "identity_check_kind": "in_memory_structure_and_configuration",
      "recipe_verification_seconds": 0.0,
      "identity_verification_seconds": 0.0,
      "identity_check_seconds": 0.001988432020880282,
      "state_hash_seconds": 0.00028879306046292186,
      "clone_seconds": 0.0,
      "restore_seconds": 0.0,
      "file_write_seconds": 5.8492005337029696e-05,
      "operation_seconds": 0.15864133095601574,
      "total_phase_seconds": 0.1610361220082268,
      "scope": "file writes include journal intent/add/flush; excludes this timing receipt and checkpoint writes",
      "mode": "stage4_sealed_cell",
      "banner": "sealed Stage 4; scientific admission also requires complete declared populations"
    },
    {
      "phase": "immediate:183",
      "identity_check_kind": "in_memory_structure_and_configuration",
      "recipe_verification_seconds": 0.0,
      "identity_verification_seconds": 0.0,
      "identity_check_seconds": 0.0020803079241886735,
      "state_hash_seconds": 0.013145383971277624,
      "clone_seconds": 0.0,
      "restore_seconds": 0.0,
      "file_write_seconds": 5.8541016187518835e-05,
      "operation_seconds": 0.06891045102383941,
      "total_phase_seconds": 0.08427436801139265,
      "scope": "file writes include journal intent/add/flush; excludes this timing receipt and checkpoint writes",
      "mode": "stage4_sealed_cell",
      "banner": "sealed Stage 4; scientific admission also requires complete declared populations"
    },
    {
      "phase": "edit:184",
      "identity_check_kind": "in_memory_structure_and_configuration",
      "recipe_verification_seconds": 0.0,
      "identity_verification_seconds": 0.0,
      "identity_check_seconds": 0.0020211850060150027,
      "state_hash_seconds": 0.0002987119951285422,
      "clone_seconds": 0.0,
      "restore_seconds": 0.0,
      "file_write_seconds": 6.0026010032743216e-05,
      "operation_seconds": 0.08027202397352085,
      "total_phase_seconds": 0.08271300396881998,
      "scope": "file writes include journal intent/add/flush; excludes this timing receipt and checkpoint writes",
      "mode": "stage4_sealed_cell",
      "banner": "sealed Stage 4; scientific admission also requires complete declared populations"
    },
    {
      "phase": "immediate:184",
      "identity_check_kind": "in_memory_structure_and_configuration",
      "recipe_verification_seconds": 0.0,
      "identity_verification_seconds": 0.0,
      "identity_check_seconds": 0.00205165398074314,
      "state_hash_seconds": 0.013334728078916669,
      "clone_seconds": 0.0,
      "restore_seconds": 0.0,
      "file_write_seconds": 6.0015066992491484e-05,
      "operation_seconds": 0.05274640000425279,
      "total_phase_seconds": 0.06827175698708743,
      "scope": "file writes include journal intent/add/flush; excludes this timing receipt and checkpoint writes",
      "mode": "stage4_sealed_cell",
      "banner": "sealed Stage 4; scientific admission also requires complete declared populations"
    },
    {
      "phase": "edit:185",
      "identity_check_kind": "in_memory_structure_and_configuration",
      "recipe_verification_seconds": 0.0,
      "identity_verification_seconds": 0.0,
      "identity_check_seconds": 0.002037465979810804,
      "state_hash_seconds": 0.0003065170021727681,
      "clone_seconds": 0.0,
      "restore_seconds": 0.0,
      "file_write_seconds": 5.801091901957989e-05,
      "operation_seconds": 0.23218687798362225,
      "total_phase_seconds": 0.23464841797249392,
      "scope": "file writes include journal intent/add/flush; excludes this timing receipt and checkpoint writes",
      "mode": "stage4_sealed_cell",
      "banner": "sealed Stage 4; scientific admission also requires complete declared populations"
    },
    {
      "phase": "immediate:185",
      "identity_check_kind": "in_memory_structure_and_configuration",
      "recipe_verification_seconds": 0.0,
      "identity_verification_seconds": 0.0,
      "identity_check_seconds": 0.0019961479702033103,
      "state_hash_seconds": 0.01336043601622805,
      "clone_seconds": 0.0,
      "restore_seconds": 0.0,
      "file_write_seconds": 5.902402335777879e-05,
      "operation_seconds": 0.11037304601632059,
      "total_phase_seconds": 0.12586837500566617,
      "scope": "file writes include journal intent/add/flush; excludes this timing receipt and checkpoint writes",
      "mode": "stage4_sealed_cell",
      "banner": "sealed Stage 4; scientific admission also requires complete declared populations"
    },
    {
      "phase": "edit:186",
      "identity_check_kind": "in_memory_structure_and_configuration",
      "recipe_verification_seconds": 0.0,
      "identity_verification_seconds": 0.0,
      "identity_check_seconds": 0.002187172998674214,
      "state_hash_seconds": 0.00031043600756675005,
      "clone_seconds": 0.0,
      "restore_seconds": 0.0,
      "file_write_seconds": 6.142701022326946e-05,
      "operation_seconds": 0.22957275703083724,
      "total_phase_seconds": 0.2321987310424447,
      "scope": "file writes include journal intent/add/flush; excludes this timing receipt and checkpoint writes",
      "mode": "stage4_sealed_cell",
      "banner": "sealed Stage 4; scientific admission also requires complete declared populations"
    },
    {
      "phase": "immediate:186",
      "identity_check_kind": "in_memory_structure_and_configuration",
      "recipe_verification_seconds": 0.0,
      "identity_verification_seconds": 0.0,
      "identity_check_seconds": 0.002157166018150747,
      "state_hash_seconds": 0.013687603001017123,
      "clone_seconds": 0.0,
      "restore_seconds": 0.0,
      "file_write_seconds": 5.740998312830925e-05,
      "operation_seconds": 0.08529935299884528,
      "total_phase_seconds": 0.10128940100548789,
      "scope": "file writes include journal intent/add/flush; excludes this timing receipt and checkpoint writes",
      "mode": "stage4_sealed_cell",
      "banner": "sealed Stage 4; scientific admission also requires complete declared populations"
    },
    {
      "phase": "edit:187",
      "identity_check_kind": "in_memory_structure_and_configuration",
      "recipe_verification_seconds": 0.0,
      "identity_verification_seconds": 0.0,
      "identity_check_seconds": 0.002426483086310327,
      "state_hash_seconds": 0.00036949891364201903,
      "clone_seconds": 0.0,
      "restore_seconds": 0.0,
      "file_write_seconds": 5.936500383540988e-05,
      "operation_seconds": 0.08338454301701859,
      "total_phase_seconds": 0.08631497103488073,
      "scope": "file writes include journal intent/add/flush; excludes this timing receipt and checkpoint writes",
      "mode": "stage4_sealed_cell",
      "banner": "sealed Stage 4; scientific admission also requires complete declared populations"
    },
    {
      "phase": "immediate:187",
      "identity_check_kind": "in_memory_structure_and_configuration",
      "recipe_verification_seconds": 0.0,
      "identity_verification_seconds": 0.0,
      "identity_check_seconds": 0.002039360988419503,
      "state_hash_seconds": 0.013552273041568696,
      "clone_seconds": 0.0,
      "restore_seconds": 0.0,
      "file_write_seconds": 5.826196866109967e-05,
      "operation_seconds": 0.05268934997729957,
      "total_phase_seconds": 0.06841796700609848,
      "scope": "file writes include journal intent/add/flush; excludes this timing receipt and checkpoint writes",
      "mode": "stage4_sealed_cell",
      "banner": "sealed Stage 4; scientific admission also requires complete declared populations"
    },
    {
      "phase": "edit:188",
      "identity_check_kind": "in_memory_structure_and_configuration",
      "recipe_verification_seconds": 0.0,
      "identity_verification_seconds": 0.0,
      "identity_check_seconds": 0.0020422349334694445,
      "state_hash_seconds": 0.00029810104751959443,
      "clone_seconds": 0.0,
      "restore_seconds": 0.0,
      "file_write_seconds": 5.818199133500457e-05,
      "operation_seconds": 0.07657396502327174,
      "total_phase_seconds": 0.0790316759957932,
      "scope": "file writes include journal intent/add/flush; excludes this timing receipt and checkpoint writes",
      "mode": "stage4_sealed_cell",
      "banner": "sealed Stage 4; scientific admission also requires complete declared populations"
    },
    {
      "phase": "immediate:188",
      "identity_check_kind": "in_memory_structure_and_configuration",
      "recipe_verification_seconds": 0.0,
      "identity_verification_seconds": 0.0,
      "identity_check_seconds": 0.0019651780021376908,
      "state_hash_seconds": 0.013410381972789764,
      "clone_seconds": 0.0,
      "restore_seconds": 0.0,
      "file_write_seconds": 5.729100666940212e-05,
      "operation_seconds": 0.05230883997865021,
      "total_phase_seconds": 0.06781564198900014,
      "scope": "file writes include journal intent/add/flush; excludes this timing receipt and checkpoint writes",
      "mode": "stage4_sealed_cell",
      "banner": "sealed Stage 4; scientific admission also requires complete declared populations"
    },
    {
      "phase": "edit:189",
      "identity_check_kind": "in_memory_structure_and_configuration",
      "recipe_verification_seconds": 0.0,
      "identity_verification_seconds": 0.0,
      "identity_check_seconds": 0.0020217460114508867,
      "state_hash_seconds": 0.0003044150653295219,
      "clone_seconds": 0.0,
      "restore_seconds": 0.0,
      "file_write_seconds": 6.141694029793143e-05,
      "operation_seconds": 0.14946894499007612,
      "total_phase_seconds": 0.15191809000680223,
      "scope": "file writes include journal intent/add/flush; excludes this timing receipt and checkpoint writes",
      "mode": "stage4_sealed_cell",
      "banner": "sealed Stage 4; scientific admission also requires complete declared populations"
    },
    {
      "phase": "immediate:189",
      "identity_check_kind": "in_memory_structure_and_configuration",
      "recipe_verification_seconds": 0.0,
      "identity_verification_seconds": 0.0,
      "identity_check_seconds": 0.0021766239660792053,
      "state_hash_seconds": 0.013791302044410259,
      "clone_seconds": 0.0,
      "restore_seconds": 0.0,
      "file_write_seconds": 6.223999662324786e-05,
      "operation_seconds": 0.0659581099753268,
      "total_phase_seconds": 0.08207851799670607,
      "scope": "file writes include journal intent/add/flush; excludes this timing receipt and checkpoint writes",
      "mode": "stage4_sealed_cell",
      "banner": "sealed Stage 4; scientific admission also requires complete declared populations"
    },
    {
      "phase": "edit:190",
      "identity_check_kind": "in_memory_structure_and_configuration",
      "recipe_verification_seconds": 0.0,
      "identity_verification_seconds": 0.0,
      "identity_check_seconds": 0.002171232074033469,
      "state_hash_seconds": 0.00032314902637153864,
      "clone_seconds": 0.0,
      "restore_seconds": 0.0,
      "file_write_seconds": 5.9744983445852995e-05,
      "operation_seconds": 0.10141496203141287,
      "total_phase_seconds": 0.10403626697370782,
      "scope": "file writes include journal intent/add/flush; excludes this timing receipt and checkpoint writes",
      "mode": "stage4_sealed_cell",
      "banner": "sealed Stage 4; scientific admission also requires complete declared populations"
    },
    {
      "phase": "immediate:190",
      "identity_check_kind": "in_memory_structure_and_configuration",
      "recipe_verification_seconds": 0.0,
      "identity_verification_seconds": 0.0,
      "identity_check_seconds": 0.0022479710169136524,
      "state_hash_seconds": 0.013935769035015255,
      "clone_seconds": 0.0,
      "restore_seconds": 0.0,
      "file_write_seconds": 5.7330005802214146e-05,
      "operation_seconds": 0.05083202902460471,
      "total_phase_seconds": 0.06716251897159964,
      "scope": "file writes include journal intent/add/flush; excludes this timing receipt and checkpoint writes",
      "mode": "stage4_sealed_cell",
      "banner": "sealed Stage 4; scientific admission also requires complete declared populations"
    },
    {
      "phase": "edit:191",
      "identity_check_kind": "in_memory_structure_and_configuration",
      "recipe_verification_seconds": 0.0,
      "identity_verification_seconds": 0.0,
      "identity_check_seconds": 0.0021421569981612265,
      "state_hash_seconds": 0.0003322680131532252,
      "clone_seconds": 0.0,
      "restore_seconds": 0.0,
      "file_write_seconds": 5.812197923660278e-05,
      "operation_seconds": 0.15060949098551646,
      "total_phase_seconds": 0.15320849500130862,
      "scope": "file writes include journal intent/add/flush; excludes this timing receipt and checkpoint writes",
      "mode": "stage4_sealed_cell",
      "banner": "sealed Stage 4; scientific admission also requires complete declared populations"
    },
    {
      "phase": "immediate:191",
      "identity_check_kind": "in_memory_structure_and_configuration",
      "recipe_verification_seconds": 0.0,
      "identity_verification_seconds": 0.0,
      "identity_check_seconds": 0.0019125969847664237,
      "state_hash_seconds": 0.013757668086327612,
      "clone_seconds": 0.0,
      "restore_seconds": 0.0,
      "file_write_seconds": 5.805096589028835e-05,
      "operation_seconds": 0.06956023699603975,
      "total_phase_seconds": 0.08536871598334983,
      "scope": "file writes include journal intent/add/flush; excludes this timing receipt and checkpoint writes",
      "mode": "stage4_sealed_cell",
      "banner": "sealed Stage 4; scientific admission also requires complete declared populations"
    },
    {
      "phase": "edit:192",
      "identity_check_kind": "in_memory_structure_and_configuration",
      "recipe_verification_seconds": 0.0,
      "identity_verification_seconds": 0.0,
      "identity_check_seconds": 0.0020139809348620474,
      "state_hash_seconds": 0.0003028699429705739,
      "clone_seconds": 0.0,
      "restore_seconds": 0.0,
      "file_write_seconds": 5.9372978284955025e-05,
      "operation_seconds": 0.13479241501772776,
      "total_phase_seconds": 0.13722814503125846,
      "scope": "file writes include journal intent/add/flush; excludes this timing receipt and checkpoint writes",
      "mode": "stage4_sealed_cell",
      "banner": "sealed Stage 4; scientific admission also requires complete declared populations"
    },
    {
      "phase": "immediate:192",
      "identity_check_kind": "in_memory_structure_and_configuration",
      "recipe_verification_seconds": 0.0,
      "identity_verification_seconds": 0.0,
      "identity_check_seconds": 0.0020622429437935352,
      "state_hash_seconds": 0.014127234986517578,
      "clone_seconds": 0.0,
      "restore_seconds": 0.0,
      "file_write_seconds": 5.915400106459856e-05,
      "operation_seconds": 0.08410411200020462,
      "total_phase_seconds": 0.10043775802478194,
      "scope": "file writes include journal intent/add/flush; excludes this timing receipt and checkpoint writes",
      "mode": "stage4_sealed_cell",
      "banner": "sealed Stage 4; scientific admission also requires complete declared populations"
    },
    {
      "phase": "edit:193",
      "identity_check_kind": "in_memory_structure_and_configuration",
      "recipe_verification_seconds": 0.0,
      "identity_verification_seconds": 0.0,
      "identity_check_seconds": 0.002300551044754684,
      "state_hash_seconds": 0.0003269470180384815,
      "clone_seconds": 0.0,
      "restore_seconds": 0.0,
      "file_write_seconds": 6.080698221921921e-05,
      "operation_seconds": 0.16377481300150976,
      "total_phase_seconds": 0.16652692999923602,
      "scope": "file writes include journal intent/add/flush; excludes this timing receipt and checkpoint writes",
      "mode": "stage4_sealed_cell",
      "banner": "sealed Stage 4; scientific admission also requires complete declared populations"
    },
    {
      "phase": "immediate:193",
      "identity_check_kind": "in_memory_structure_and_configuration",
      "recipe_verification_seconds": 0.0,
      "identity_verification_seconds": 0.0,
      "identity_check_seconds": 0.001969675999134779,
      "state_hash_seconds": 0.013847488968167454,
      "clone_seconds": 0.0,
      "restore_seconds": 0.0,
      "file_write_seconds": 5.7500030379742384e-05,
      "operation_seconds": 0.06632521498249844,
      "total_phase_seconds": 0.08228911203332245,
      "scope": "file writes include journal intent/add/flush; excludes this timing receipt and checkpoint writes",
      "mode": "stage4_sealed_cell",
      "banner": "sealed Stage 4; scientific admission also requires complete declared populations"
    },
    {
      "phase": "edit:194",
      "identity_check_kind": "in_memory_structure_and_configuration",
      "recipe_verification_seconds": 0.0,
      "identity_verification_seconds": 0.0,
      "identity_check_seconds": 0.002216851047705859,
      "state_hash_seconds": 0.00031028396915644407,
      "clone_seconds": 0.0,
      "restore_seconds": 0.0,
      "file_write_seconds": 5.899299867451191e-05,
      "operation_seconds": 0.08105408301344141,
      "total_phase_seconds": 0.08370713097974658,
      "scope": "file writes include journal intent/add/flush; excludes this timing receipt and checkpoint writes",
      "mode": "stage4_sealed_cell",
      "banner": "sealed Stage 4; scientific admission also requires complete declared populations"
    },
    {
      "phase": "immediate:194",
      "identity_check_kind": "in_memory_structure_and_configuration",
      "recipe_verification_seconds": 0.0,
      "identity_verification_seconds": 0.0,
      "identity_check_seconds": 0.002007669012527913,
      "state_hash_seconds": 0.014690935960970819,
      "clone_seconds": 0.0,
      "restore_seconds": 0.0,
      "file_write_seconds": 8.321000495925546e-05,
      "operation_seconds": 0.05832510598702356,
      "total_phase_seconds": 0.0751930660335347,
      "scope": "file writes include journal intent/add/flush; excludes this timing receipt and checkpoint writes",
      "mode": "stage4_sealed_cell",
      "banner": "sealed Stage 4; scientific admission also requires complete declared populations"
    },
    {
      "phase": "edit:195",
      "identity_check_kind": "in_memory_structure_and_configuration",
      "recipe_verification_seconds": 0.0,
      "identity_verification_seconds": 0.0,
      "identity_check_seconds": 0.0021263660164549947,
      "state_hash_seconds": 0.00029932300094515085,
      "clone_seconds": 0.0,
      "restore_seconds": 0.0,
      "file_write_seconds": 5.9072976000607014e-05,
      "operation_seconds": 0.13485760003095493,
      "total_phase_seconds": 0.13740373199107125,
      "scope": "file writes include journal intent/add/flush; excludes this timing receipt and checkpoint writes",
      "mode": "stage4_sealed_cell",
      "banner": "sealed Stage 4; scientific admission also requires complete declared populations"
    },
    {
      "phase": "immediate:195",
      "identity_check_kind": "in_memory_structure_and_configuration",
      "recipe_verification_seconds": 0.0,
      "identity_verification_seconds": 0.0,
      "identity_check_seconds": 0.0024947229539975524,
      "state_hash_seconds": 0.014110334974247962,
      "clone_seconds": 0.0,
      "restore_seconds": 0.0,
      "file_write_seconds": 5.7229946833103895e-05,
      "operation_seconds": 0.06981772999279201,
      "total_phase_seconds": 0.08656780497403815,
      "scope": "file writes include journal intent/add/flush; excludes this timing receipt and checkpoint writes",
      "mode": "stage4_sealed_cell",
      "banner": "sealed Stage 4; scientific admission also requires complete declared populations"
    },
    {
      "phase": "edit:196",
      "identity_check_kind": "in_memory_structure_and_configuration",
      "recipe_verification_seconds": 0.0,
      "identity_verification_seconds": 0.0,
      "identity_check_seconds": 0.0020807399414479733,
      "state_hash_seconds": 0.0003638358903117478,
      "clone_seconds": 0.0,
      "restore_seconds": 0.0,
      "file_write_seconds": 5.933298962190747e-05,
      "operation_seconds": 0.3947574620251544,
      "total_phase_seconds": 0.3973283419618383,
      "scope": "file writes include journal intent/add/flush; excludes this timing receipt and checkpoint writes",
      "mode": "stage4_sealed_cell",
      "banner": "sealed Stage 4; scientific admission also requires complete declared populations"
    },
    {
      "phase": "immediate:196",
      "identity_check_kind": "in_memory_structure_and_configuration",
      "recipe_verification_seconds": 0.0,
      "identity_verification_seconds": 0.0,
      "identity_check_seconds": 0.002125413971953094,
      "state_hash_seconds": 0.014037232962436974,
      "clone_seconds": 0.0,
      "restore_seconds": 0.0,
      "file_write_seconds": 0.004611501004546881,
      "operation_seconds": 0.08000467100646347,
      "total_phase_seconds": 0.1008652169839479,
      "scope": "file writes include journal intent/add/flush; excludes this timing receipt and checkpoint writes",
      "mode": "stage4_sealed_cell",
      "banner": "sealed Stage 4; scientific admission also requires complete declared populations"
    },
    {
      "phase": "edit:197",
      "identity_check_kind": "in_memory_structure_and_configuration",
      "recipe_verification_seconds": 0.0,
      "identity_verification_seconds": 0.0,
      "identity_check_seconds": 0.0020923129632137716,
      "state_hash_seconds": 0.0003205760149285197,
      "clone_seconds": 0.0,
      "restore_seconds": 0.0,
      "file_write_seconds": 0.0011107100290246308,
      "operation_seconds": 0.21402143000159413,
      "total_phase_seconds": 0.21760935900965706,
      "scope": "file writes include journal intent/add/flush; excludes this timing receipt and checkpoint writes",
      "mode": "stage4_sealed_cell",
      "banner": "sealed Stage 4; scientific admission also requires complete declared populations"
    },
    {
      "phase": "immediate:197",
      "identity_check_kind": "in_memory_structure_and_configuration",
      "recipe_verification_seconds": 0.0,
      "identity_verification_seconds": 0.0,
      "identity_check_seconds": 0.0019146499689668417,
      "state_hash_seconds": 0.014208150911144912,
      "clone_seconds": 0.0,
      "restore_seconds": 0.0,
      "file_write_seconds": 5.765003152191639e-05,
      "operation_seconds": 0.09884936199523509,
      "total_phase_seconds": 0.11510606197407469,
      "scope": "file writes include journal intent/add/flush; excludes this timing receipt and checkpoint writes",
      "mode": "stage4_sealed_cell",
      "banner": "sealed Stage 4; scientific admission also requires complete declared populations"
    },
    {
      "phase": "edit:198",
      "identity_check_kind": "in_memory_structure_and_configuration",
      "recipe_verification_seconds": 0.0,
      "identity_verification_seconds": 0.0,
      "identity_check_seconds": 0.0020801579812541604,
      "state_hash_seconds": 0.00031679694075137377,
      "clone_seconds": 0.0,
      "restore_seconds": 0.0,
      "file_write_seconds": 5.739001790061593e-05,
      "operation_seconds": 0.08078373497119173,
      "total_phase_seconds": 0.08329916797811165,
      "scope": "file writes include journal intent/add/flush; excludes this timing receipt and checkpoint writes",
      "mode": "stage4_sealed_cell",
      "banner": "sealed Stage 4; scientific admission also requires complete declared populations"
    },
    {
      "phase": "immediate:198",
      "identity_check_kind": "in_memory_structure_and_configuration",
      "recipe_verification_seconds": 0.0,
      "identity_verification_seconds": 0.0,
      "identity_check_seconds": 0.0019344990723766387,
      "state_hash_seconds": 0.014261764008551836,
      "clone_seconds": 0.0,
      "restore_seconds": 0.0,
      "file_write_seconds": 5.861197132617235e-05,
      "operation_seconds": 0.06280308199347928,
      "total_phase_seconds": 0.07913854095386341,
      "scope": "file writes include journal intent/add/flush; excludes this timing receipt and checkpoint writes",
      "mode": "stage4_sealed_cell",
      "banner": "sealed Stage 4; scientific admission also requires complete declared populations"
    },
    {
      "phase": "edit:199",
      "identity_check_kind": "in_memory_structure_and_configuration",
      "recipe_verification_seconds": 0.0,
      "identity_verification_seconds": 0.0,
      "identity_check_seconds": 0.002108493004925549,
      "state_hash_seconds": 0.0003491300158202648,
      "clone_seconds": 0.0,
      "restore_seconds": 0.0,
      "file_write_seconds": 5.943496944382787e-05,
      "operation_seconds": 0.12365860905265436,
      "total_phase_seconds": 0.1262367120361887,
      "scope": "file writes include journal intent/add/flush; excludes this timing receipt and checkpoint writes",
      "mode": "stage4_sealed_cell",
      "banner": "sealed Stage 4; scientific admission also requires complete declared populations"
    },
    {
      "phase": "immediate:199",
      "identity_check_kind": "in_memory_structure_and_configuration",
      "recipe_verification_seconds": 0.0,
      "identity_verification_seconds": 0.0,
      "identity_check_seconds": 0.002014723955653608,
      "state_hash_seconds": 0.014523866935633123,
      "clone_seconds": 0.0,
      "restore_seconds": 0.0,
      "file_write_seconds": 5.7691067922860384e-05,
      "operation_seconds": 0.06579410599078983,
      "total_phase_seconds": 0.08247450704220682,
      "scope": "file writes include journal intent/add/flush; excludes this timing receipt and checkpoint writes",
      "mode": "stage4_sealed_cell",
      "banner": "sealed Stage 4; scientific admission also requires complete declared populations"
    },
    {
      "phase": "edit:200",
      "identity_check_kind": "in_memory_structure_and_configuration",
      "recipe_verification_seconds": 0.0,
      "identity_verification_seconds": 0.0,
      "identity_check_seconds": 0.002020232961513102,
      "state_hash_seconds": 0.00033402000553905964,
      "clone_seconds": 0.0,
      "restore_seconds": 0.0,
      "file_write_seconds": 5.8733043260872364e-05,
      "operation_seconds": 0.10290518804686144,
      "total_phase_seconds": 0.10537922201910987,
      "scope": "file writes include journal intent/add/flush; excludes this timing receipt and checkpoint writes",
      "mode": "stage4_sealed_cell",
      "banner": "sealed Stage 4; scientific admission also requires complete declared populations"
    },
    {
      "phase": "immediate:200",
      "identity_check_kind": "in_memory_structure_and_configuration",
      "recipe_verification_seconds": 0.0,
      "identity_verification_seconds": 0.0,
      "identity_check_seconds": 0.00237540400121361,
      "state_hash_seconds": 0.014770989015232772,
      "clone_seconds": 0.0,
      "restore_seconds": 0.0,
      "file_write_seconds": 6.0476071666926146e-05,
      "operation_seconds": 0.055305716989096254,
      "total_phase_seconds": 0.07262232800712809,
      "scope": "file writes include journal intent/add/flush; excludes this timing receipt and checkpoint writes",
      "mode": "stage4_sealed_cell",
      "banner": "sealed Stage 4; scientific admission also requires complete declared populations"
    },
    {
      "phase": "edit:201",
      "identity_check_kind": "in_memory_structure_and_configuration",
      "recipe_verification_seconds": 0.0,
      "identity_verification_seconds": 0.0,
      "identity_check_seconds": 0.002308777009602636,
      "state_hash_seconds": 0.00042338314233347774,
      "clone_seconds": 0.0,
      "restore_seconds": 0.0,
      "file_write_seconds": 5.9585028793662786e-05,
      "operation_seconds": 0.07842457294464111,
      "total_phase_seconds": 0.08129125798586756,
      "scope": "file writes include journal intent/add/flush; excludes this timing receipt and checkpoint writes",
      "mode": "stage4_sealed_cell",
      "banner": "sealed Stage 4; scientific admission also requires complete declared populations"
    },
    {
      "phase": "immediate:201",
      "identity_check_kind": "in_memory_structure_and_configuration",
      "recipe_verification_seconds": 0.0,
      "identity_verification_seconds": 0.0,
      "identity_check_seconds": 0.0020545689621940255,
      "state_hash_seconds": 0.014849650033283979,
      "clone_seconds": 0.0,
      "restore_seconds": 0.0,
      "file_write_seconds": 7.306999759748578e-05,
      "operation_seconds": 0.055224360956344754,
      "total_phase_seconds": 0.0722867349977605,
      "scope": "file writes include journal intent/add/flush; excludes this timing receipt and checkpoint writes",
      "mode": "stage4_sealed_cell",
      "banner": "sealed Stage 4; scientific admission also requires complete declared populations"
    },
    {
      "phase": "edit:202",
      "identity_check_kind": "in_memory_structure_and_configuration",
      "recipe_verification_seconds": 0.0,
      "identity_verification_seconds": 0.0,
      "identity_check_seconds": 0.0020796770113520324,
      "state_hash_seconds": 0.00033593305852264166,
      "clone_seconds": 0.0,
      "restore_seconds": 0.0,
      "file_write_seconds": 6.155803566798568e-05,
      "operation_seconds": 0.10719040501862764,
      "total_phase_seconds": 0.10972962400410324,
      "scope": "file writes include journal intent/add/flush; excludes this timing receipt and checkpoint writes",
      "mode": "stage4_sealed_cell",
      "banner": "sealed Stage 4; scientific admission also requires complete declared populations"
    },
    {
      "phase": "immediate:202",
      "identity_check_kind": "in_memory_structure_and_configuration",
      "recipe_verification_seconds": 0.0,
      "identity_verification_seconds": 0.0,
      "identity_check_seconds": 0.002166113001294434,
      "state_hash_seconds": 0.015394284971989691,
      "clone_seconds": 0.0,
      "restore_seconds": 0.0,
      "file_write_seconds": 5.8532983530312777e-05,
      "operation_seconds": 0.07218040100997314,
      "total_phase_seconds": 0.08990499301580712,
      "scope": "file writes include journal intent/add/flush; excludes this timing receipt and checkpoint writes",
      "mode": "stage4_sealed_cell",
      "banner": "sealed Stage 4; scientific admission also requires complete declared populations"
    },
    {
      "phase": "edit:203",
      "identity_check_kind": "in_memory_structure_and_configuration",
      "recipe_verification_seconds": 0.0,
      "identity_verification_seconds": 0.0,
      "identity_check_seconds": 0.002195319044403732,
      "state_hash_seconds": 0.0003479669685475528,
      "clone_seconds": 0.0,
      "restore_seconds": 0.0,
      "file_write_seconds": 5.8402016293257475e-05,
      "operation_seconds": 0.14129389001755044,
      "total_phase_seconds": 0.14395751798292622,
      "scope": "file writes include journal intent/add/flush; excludes this timing receipt and checkpoint writes",
      "mode": "stage4_sealed_cell",
      "banner": "sealed Stage 4; scientific admission also requires complete declared populations"
    },
    {
      "phase": "immediate:203",
      "identity_check_kind": "in_memory_structure_and_configuration",
      "recipe_verification_seconds": 0.0,
      "identity_verification_seconds": 0.0,
      "identity_check_seconds": 0.0020339280017651618,
      "state_hash_seconds": 0.014621283975429833,
      "clone_seconds": 0.0,
      "restore_seconds": 0.0,
      "file_write_seconds": 5.570694338530302e-05,
      "operation_seconds": 0.0697545789880678,
      "total_phase_seconds": 0.08654138405108824,
      "scope": "file writes include journal intent/add/flush; excludes this timing receipt and checkpoint writes",
      "mode": "stage4_sealed_cell",
      "banner": "sealed Stage 4; scientific admission also requires complete declared populations"
    },
    {
      "phase": "edit:204",
      "identity_check_kind": "in_memory_structure_and_configuration",
      "recipe_verification_seconds": 0.0,
      "identity_verification_seconds": 0.0,
      "identity_check_seconds": 0.0020274679409340024,
      "state_hash_seconds": 0.000335063086822629,
      "clone_seconds": 0.0,
      "restore_seconds": 0.0,
      "file_write_seconds": 5.841098027303815e-05,
      "operation_seconds": 0.17121918604243547,
      "total_phase_seconds": 0.1737001029541716,
      "scope": "file writes include journal intent/add/flush; excludes this timing receipt and checkpoint writes",
      "mode": "stage4_sealed_cell",
      "banner": "sealed Stage 4; scientific admission also requires complete declared populations"
    },
    {
      "phase": "immediate:204",
      "identity_check_kind": "in_memory_structure_and_configuration",
      "recipe_verification_seconds": 0.0,
      "identity_verification_seconds": 0.0,
      "identity_check_seconds": 0.00239913904806599,
      "state_hash_seconds": 0.015682947996538132,
      "clone_seconds": 0.0,
      "restore_seconds": 0.0,
      "file_write_seconds": 0.00010481994831934571,
      "operation_seconds": 0.0796515240217559,
      "total_phase_seconds": 0.09796322300098836,
      "scope": "file writes include journal intent/add/flush; excludes this timing receipt and checkpoint writes",
      "mode": "stage4_sealed_cell",
      "banner": "sealed Stage 4; scientific admission also requires complete declared populations"
    },
    {
      "phase": "edit:205",
      "identity_check_kind": "in_memory_structure_and_configuration",
      "recipe_verification_seconds": 0.0,
      "identity_verification_seconds": 0.0,
      "identity_check_seconds": 0.00221577804768458,
      "state_hash_seconds": 0.0003461039741523564,
      "clone_seconds": 0.0,
      "restore_seconds": 0.0,
      "file_write_seconds": 5.904200952500105e-05,
      "operation_seconds": 0.13707540201721713,
      "total_phase_seconds": 0.13975910795852542,
      "scope": "file writes include journal intent/add/flush; excludes this timing receipt and checkpoint writes",
      "mode": "stage4_sealed_cell",
      "banner": "sealed Stage 4; scientific admission also requires complete declared populations"
    },
    {
      "phase": "immediate:205",
      "identity_check_kind": "in_memory_structure_and_configuration",
      "recipe_verification_seconds": 0.0,
      "identity_verification_seconds": 0.0,
      "identity_check_seconds": 0.0020706900395452976,
      "state_hash_seconds": 0.014742444036528468,
      "clone_seconds": 0.0,
      "restore_seconds": 0.0,
      "file_write_seconds": 5.854194751009345e-05,
      "operation_seconds": 0.0759429539903067,
      "total_phase_seconds": 0.09289735101629049,
      "scope": "file writes include journal intent/add/flush; excludes this timing receipt and checkpoint writes",
      "mode": "stage4_sealed_cell",
      "banner": "sealed Stage 4; scientific admission also requires complete declared populations"
    },
    {
      "phase": "edit:206",
      "identity_check_kind": "in_memory_structure_and_configuration",
      "recipe_verification_seconds": 0.0,
      "identity_verification_seconds": 0.0,
      "identity_check_seconds": 0.0020330880070105195,
      "state_hash_seconds": 0.000377613992895931,
      "clone_seconds": 0.0,
      "restore_seconds": 0.0,
      "file_write_seconds": 5.763006629422307e-05,
      "operation_seconds": 0.09921416197903454,
      "total_phase_seconds": 0.1017433310043998,
      "scope": "file writes include journal intent/add/flush; excludes this timing receipt and checkpoint writes",
      "mode": "stage4_sealed_cell",
      "banner": "sealed Stage 4; scientific admission also requires complete declared populations"
    },
    {
      "phase": "immediate:206",
      "identity_check_kind": "in_memory_structure_and_configuration",
      "recipe_verification_seconds": 0.0,
      "identity_verification_seconds": 0.0,
      "identity_check_seconds": 0.002106587984599173,
      "state_hash_seconds": 0.015231242985464633,
      "clone_seconds": 0.0,
      "restore_seconds": 0.0,
      "file_write_seconds": 5.663797492161393e-05,
      "operation_seconds": 0.059125720988959074,
      "total_phase_seconds": 0.07660179800586775,
      "scope": "file writes include journal intent/add/flush; excludes this timing receipt and checkpoint writes",
      "mode": "stage4_sealed_cell",
      "banner": "sealed Stage 4; scientific admission also requires complete declared populations"
    },
    {
      "phase": "edit:207",
      "identity_check_kind": "in_memory_structure_and_configuration",
      "recipe_verification_seconds": 0.0,
      "identity_verification_seconds": 0.0,
      "identity_check_seconds": 0.0020205529872328043,
      "state_hash_seconds": 0.0003222579834982753,
      "clone_seconds": 0.0,
      "restore_seconds": 0.0,
      "file_write_seconds": 5.8963021729141474e-05,
      "operation_seconds": 0.17050667997682467,
      "total_phase_seconds": 0.17296797799644992,
      "scope": "file writes include journal intent/add/flush; excludes this timing receipt and checkpoint writes",
      "mode": "stage4_sealed_cell",
      "banner": "sealed Stage 4; scientific admission also requires complete declared populations"
    },
    {
      "phase": "immediate:207",
      "identity_check_kind": "in_memory_structure_and_configuration",
      "recipe_verification_seconds": 0.0,
      "identity_verification_seconds": 0.0,
      "identity_check_seconds": 0.0020407530246302485,
      "state_hash_seconds": 0.015186716103926301,
      "clone_seconds": 0.0,
      "restore_seconds": 0.0,
      "file_write_seconds": 5.72489807382226e-05,
      "operation_seconds": 0.07574944302905351,
      "total_phase_seconds": 0.09312013699673116,
      "scope": "file writes include journal intent/add/flush; excludes this timing receipt and checkpoint writes",
      "mode": "stage4_sealed_cell",
      "banner": "sealed Stage 4; scientific admission also requires complete declared populations"
    },
    {
      "phase": "edit:208",
      "identity_check_kind": "in_memory_structure_and_configuration",
      "recipe_verification_seconds": 0.0,
      "identity_verification_seconds": 0.0,
      "identity_check_seconds": 0.002087302040308714,
      "state_hash_seconds": 0.00033914088271558285,
      "clone_seconds": 0.0,
      "restore_seconds": 0.0,
      "file_write_seconds": 5.8542005717754364e-05,
      "operation_seconds": 0.21271441504359245,
      "total_phase_seconds": 0.21525860199471936,
      "scope": "file writes include journal intent/add/flush; excludes this timing receipt and checkpoint writes",
      "mode": "stage4_sealed_cell",
      "banner": "sealed Stage 4; scientific admission also requires complete declared populations"
    },
    {
      "phase": "immediate:208",
      "identity_check_kind": "in_memory_structure_and_configuration",
      "recipe_verification_seconds": 0.0,
      "identity_verification_seconds": 0.0,
      "identity_check_seconds": 0.002020765037741512,
      "state_hash_seconds": 0.015301557956263423,
      "clone_seconds": 0.0,
      "restore_seconds": 0.0,
      "file_write_seconds": 5.881203105673194e-05,
      "operation_seconds": 0.08899252396076918,
      "total_phase_seconds": 0.10645071597537026,
      "scope": "file writes include journal intent/add/flush; excludes this timing receipt and checkpoint writes",
      "mode": "stage4_sealed_cell",
      "banner": "sealed Stage 4; scientific admission also requires complete declared populations"
    },
    {
      "phase": "edit:209",
      "identity_check_kind": "in_memory_structure_and_configuration",
      "recipe_verification_seconds": 0.0,
      "identity_verification_seconds": 0.0,
      "identity_check_seconds": 0.002177866001147777,
      "state_hash_seconds": 0.00034275598591193557,
      "clone_seconds": 0.0,
      "restore_seconds": 0.0,
      "file_write_seconds": 6.027601193636656e-05,
      "operation_seconds": 0.1694829569896683,
      "total_phase_seconds": 0.17213354900013655,
      "scope": "file writes include journal intent/add/flush; excludes this timing receipt and checkpoint writes",
      "mode": "stage4_sealed_cell",
      "banner": "sealed Stage 4; scientific admission also requires complete declared populations"
    },
    {
      "phase": "immediate:209",
      "identity_check_kind": "in_memory_structure_and_configuration",
      "recipe_verification_seconds": 0.0,
      "identity_verification_seconds": 0.0,
      "identity_check_seconds": 0.0020387489930726588,
      "state_hash_seconds": 0.015323889965657145,
      "clone_seconds": 0.0,
      "restore_seconds": 0.0,
      "file_write_seconds": 5.685904761776328e-05,
      "operation_seconds": 0.09478512004716322,
      "total_phase_seconds": 0.11229046300286427,
      "scope": "file writes include journal intent/add/flush; excludes this timing receipt and checkpoint writes",
      "mode": "stage4_sealed_cell",
      "banner": "sealed Stage 4; scientific admission also requires complete declared populations"
    },
    {
      "phase": "edit:210",
      "identity_check_kind": "in_memory_structure_and_configuration",
      "recipe_verification_seconds": 0.0,
      "identity_verification_seconds": 0.0,
      "identity_check_seconds": 0.0021244630333967507,
      "state_hash_seconds": 0.00034469098318368196,
      "clone_seconds": 0.0,
      "restore_seconds": 0.0,
      "file_write_seconds": 5.901302210986614e-05,
      "operation_seconds": 0.09169468400068581,
      "total_phase_seconds": 0.09428464999655262,
      "scope": "file writes include journal intent/add/flush; excludes this timing receipt and checkpoint writes",
      "mode": "stage4_sealed_cell",
      "banner": "sealed Stage 4; scientific admission also requires complete declared populations"
    },
    {
      "phase": "immediate:210",
      "identity_check_kind": "in_memory_structure_and_configuration",
      "recipe_verification_seconds": 0.0,
      "identity_verification_seconds": 0.0,
      "identity_check_seconds": 0.001974134996999055,
      "state_hash_seconds": 0.015192248043604195,
      "clone_seconds": 0.0,
      "restore_seconds": 0.0,
      "file_write_seconds": 5.987397162243724e-05,
      "operation_seconds": 0.05929098802153021,
      "total_phase_seconds": 0.07660010398831218,
      "scope": "file writes include journal intent/add/flush; excludes this timing receipt and checkpoint writes",
      "mode": "stage4_sealed_cell",
      "banner": "sealed Stage 4; scientific admission also requires complete declared populations"
    },
    {
      "phase": "edit:211",
      "identity_check_kind": "in_memory_structure_and_configuration",
      "recipe_verification_seconds": 0.0,
      "identity_verification_seconds": 0.0,
      "identity_check_seconds": 0.002153197943698615,
      "state_hash_seconds": 0.00035517197102308273,
      "clone_seconds": 0.0,
      "restore_seconds": 0.0,
      "file_write_seconds": 5.756999598816037e-05,
      "operation_seconds": 0.08134237700141966,
      "total_phase_seconds": 0.08396932296454906,
      "scope": "file writes include journal intent/add/flush; excludes this timing receipt and checkpoint writes",
      "mode": "stage4_sealed_cell",
      "banner": "sealed Stage 4; scientific admission also requires complete declared populations"
    },
    {
      "phase": "immediate:211",
      "identity_check_kind": "in_memory_structure_and_configuration",
      "recipe_verification_seconds": 0.0,
      "identity_verification_seconds": 0.0,
      "identity_check_seconds": 0.0020232379902154207,
      "state_hash_seconds": 0.015363104990683496,
      "clone_seconds": 0.0,
      "restore_seconds": 0.0,
      "file_write_seconds": 5.899398820474744e-05,
      "operation_seconds": 0.057670080044772476,
      "total_phase_seconds": 0.07519720401614904,
      "scope": "file writes include journal intent/add/flush; excludes this timing receipt and checkpoint writes",
      "mode": "stage4_sealed_cell",
      "banner": "sealed Stage 4; scientific admission also requires complete declared populations"
    },
    {
      "phase": "edit:212",
      "identity_check_kind": "in_memory_structure_and_configuration",
      "recipe_verification_seconds": 0.0,
      "identity_verification_seconds": 0.0,
      "identity_check_seconds": 0.0023903140681795776,
      "state_hash_seconds": 0.0003923229523934424,
      "clone_seconds": 0.0,
      "restore_seconds": 0.0,
      "file_write_seconds": 5.917297676205635e-05,
      "operation_seconds": 0.1124718600185588,
      "total_phase_seconds": 0.11538684996776283,
      "scope": "file writes include journal intent/add/flush; excludes this timing receipt and checkpoint writes",
      "mode": "stage4_sealed_cell",
      "banner": "sealed Stage 4; scientific admission also requires complete declared populations"
    },
    {
      "phase": "immediate:212",
      "identity_check_kind": "in_memory_structure_and_configuration",
      "recipe_verification_seconds": 0.0,
      "identity_verification_seconds": 0.0,
      "identity_check_seconds": 0.002072494011372328,
      "state_hash_seconds": 0.015946694009471685,
      "clone_seconds": 0.0,
      "restore_seconds": 0.0,
      "file_write_seconds": 0.004919292987324297,
      "operation_seconds": 0.06651717302156612,
      "total_phase_seconds": 0.08954579598503187,
      "scope": "file writes include journal intent/add/flush; excludes this timing receipt and checkpoint writes",
      "mode": "stage4_sealed_cell",
      "banner": "sealed Stage 4; scientific admission also requires complete declared populations"
    },
    {
      "phase": "edit:213",
      "identity_check_kind": "in_memory_structure_and_configuration",
      "recipe_verification_seconds": 0.0,
      "identity_verification_seconds": 0.0,
      "identity_check_seconds": 0.002270203025545925,
      "state_hash_seconds": 0.00035501091042533517,
      "clone_seconds": 0.0,
      "restore_seconds": 0.0,
      "file_write_seconds": 0.0011305370135232806,
      "operation_seconds": 0.17889734701020643,
      "total_phase_seconds": 0.18271866301074624,
      "scope": "file writes include journal intent/add/flush; excludes this timing receipt and checkpoint writes",
      "mode": "stage4_sealed_cell",
      "banner": "sealed Stage 4; scientific admission also requires complete declared populations"
    },
    {
      "phase": "immediate:213",
      "identity_check_kind": "in_memory_structure_and_configuration",
      "recipe_verification_seconds": 0.0,
      "identity_verification_seconds": 0.0,
      "identity_check_seconds": 0.001973784004803747,
      "state_hash_seconds": 0.015438709990121424,
      "clone_seconds": 0.0,
      "restore_seconds": 0.0,
      "file_write_seconds": 5.760992644354701e-05,
      "operation_seconds": 0.09581742895534262,
      "total_phase_seconds": 0.11337219702545553,
      "scope": "file writes include journal intent/add/flush; excludes this timing receipt and checkpoint writes",
      "mode": "stage4_sealed_cell",
      "banner": "sealed Stage 4; scientific admission also requires complete declared populations"
    },
    {
      "phase": "edit:214",
      "identity_check_kind": "in_memory_structure_and_configuration",
      "recipe_verification_seconds": 0.0,
      "identity_verification_seconds": 0.0,
      "identity_check_seconds": 0.0021080519654788077,
      "state_hash_seconds": 0.0003634460736066103,
      "clone_seconds": 0.0,
      "restore_seconds": 0.0,
      "file_write_seconds": 6.419199053198099e-05,
      "operation_seconds": 0.11304786597611383,
      "total_phase_seconds": 0.1156572779873386,
      "scope": "file writes include journal intent/add/flush; excludes this timing receipt and checkpoint writes",
      "mode": "stage4_sealed_cell",
      "banner": "sealed Stage 4; scientific admission also requires complete declared populations"
    },
    {
      "phase": "immediate:214",
      "identity_check_kind": "in_memory_structure_and_configuration",
      "recipe_verification_seconds": 0.0,
      "identity_verification_seconds": 0.0,
      "identity_check_seconds": 0.0023344260407611728,
      "state_hash_seconds": 0.01628195703960955,
      "clone_seconds": 0.0,
      "restore_seconds": 0.0,
      "file_write_seconds": 6.2097969930619e-05,
      "operation_seconds": 0.05707628099480644,
      "total_phase_seconds": 0.07585370301967487,
      "scope": "file writes include journal intent/add/flush; excludes this timing receipt and checkpoint writes",
      "mode": "stage4_sealed_cell",
      "banner": "sealed Stage 4; scientific admission also requires complete declared populations"
    },
    {
      "phase": "edit:215",
      "identity_check_kind": "in_memory_structure_and_configuration",
      "recipe_verification_seconds": 0.0,
      "identity_verification_seconds": 0.0,
      "identity_check_seconds": 0.00212595600169152,
      "state_hash_seconds": 0.000400557997636497,
      "clone_seconds": 0.0,
      "restore_seconds": 0.0,
      "file_write_seconds": 5.8581994380801916e-05,
      "operation_seconds": 0.18496301700361073,
      "total_phase_seconds": 0.18761218601139262,
      "scope": "file writes include journal intent/add/flush; excludes this timing receipt and checkpoint writes",
      "mode": "stage4_sealed_cell",
      "banner": "sealed Stage 4; scientific admission also requires complete declared populations"
    },
    {
      "phase": "immediate:215",
      "identity_check_kind": "in_memory_structure_and_configuration",
      "recipe_verification_seconds": 0.0,
      "identity_verification_seconds": 0.0,
      "identity_check_seconds": 0.0021327189751900733,
      "state_hash_seconds": 0.015616421063896269,
      "clone_seconds": 0.0,
      "restore_seconds": 0.0,
      "file_write_seconds": 5.9974961914122105e-05,
      "operation_seconds": 0.08265159698203206,
      "total_phase_seconds": 0.10054413200123236,
      "scope": "file writes include journal intent/add/flush; excludes this timing receipt and checkpoint writes",
      "mode": "stage4_sealed_cell",
      "banner": "sealed Stage 4; scientific admission also requires complete declared populations"
    },
    {
      "phase": "edit:216",
      "identity_check_kind": "in_memory_structure_and_configuration",
      "recipe_verification_seconds": 0.0,
      "identity_verification_seconds": 0.0,
      "identity_check_seconds": 0.002116559015121311,
      "state_hash_seconds": 0.0003498409641906619,
      "clone_seconds": 0.0,
      "restore_seconds": 0.0,
      "file_write_seconds": 6.022601155564189e-05,
      "operation_seconds": 0.11522534996038303,
      "total_phase_seconds": 0.11781553499167785,
      "scope": "file writes include journal intent/add/flush; excludes this timing receipt and checkpoint writes",
      "mode": "stage4_sealed_cell",
      "banner": "sealed Stage 4; scientific admission also requires complete declared populations"
    },
    {
      "phase": "immediate:216",
      "identity_check_kind": "in_memory_structure_and_configuration",
      "recipe_verification_seconds": 0.0,
      "identity_verification_seconds": 0.0,
      "identity_check_seconds": 0.002145302016288042,
      "state_hash_seconds": 0.01651135802967474,
      "clone_seconds": 0.0,
      "restore_seconds": 0.0,
      "file_write_seconds": 6.027601193636656e-05,
      "operation_seconds": 0.058311869972385466,
      "total_phase_seconds": 0.07713071204489097,
      "scope": "file writes include journal intent/add/flush; excludes this timing receipt and checkpoint writes",
      "mode": "stage4_sealed_cell",
      "banner": "sealed Stage 4; scientific admission also requires complete declared populations"
    },
    {
      "phase": "edit:217",
      "identity_check_kind": "in_memory_structure_and_configuration",
      "recipe_verification_seconds": 0.0,
      "identity_verification_seconds": 0.0,
      "identity_check_seconds": 0.002267096017021686,
      "state_hash_seconds": 0.0004516560584306717,
      "clone_seconds": 0.0,
      "restore_seconds": 0.0,
      "file_write_seconds": 5.8331002946943045e-05,
      "operation_seconds": 0.10777723998762667,
      "total_phase_seconds": 0.11062664299970493,
      "scope": "file writes include journal intent/add/flush; excludes this timing receipt and checkpoint writes",
      "mode": "stage4_sealed_cell",
      "banner": "sealed Stage 4; scientific admission also requires complete declared populations"
    },
    {
      "phase": "immediate:217",
      "identity_check_kind": "in_memory_structure_and_configuration",
      "recipe_verification_seconds": 0.0,
      "identity_verification_seconds": 0.0,
      "identity_check_seconds": 0.002219635993242264,
      "state_hash_seconds": 0.016198307974264026,
      "clone_seconds": 0.0,
      "restore_seconds": 0.0,
      "file_write_seconds": 5.9565005358308554e-05,
      "operation_seconds": 0.0688402559608221,
      "total_phase_seconds": 0.0874177539953962,
      "scope": "file writes include journal intent/add/flush; excludes this timing receipt and checkpoint writes",
      "mode": "stage4_sealed_cell",
      "banner": "sealed Stage 4; scientific admission also requires complete declared populations"
    },
    {
      "phase": "edit:218",
      "identity_check_kind": "in_memory_structure_and_configuration",
      "recipe_verification_seconds": 0.0,
      "identity_verification_seconds": 0.0,
      "identity_check_seconds": 0.002220025984570384,
      "state_hash_seconds": 0.00038079090882092714,
      "clone_seconds": 0.0,
      "restore_seconds": 0.0,
      "file_write_seconds": 5.968398181721568e-05,
      "operation_seconds": 0.1081667459802702,
      "total_phase_seconds": 0.11089000798529014,
      "scope": "file writes include journal intent/add/flush; excludes this timing receipt and checkpoint writes",
      "mode": "stage4_sealed_cell",
      "banner": "sealed Stage 4; scientific admission also requires complete declared populations"
    },
    {
      "phase": "immediate:218",
      "identity_check_kind": "in_memory_structure_and_configuration",
      "recipe_verification_seconds": 0.0,
      "identity_verification_seconds": 0.0,
      "identity_check_seconds": 0.0021933959214948118,
      "state_hash_seconds": 0.015840178995858878,
      "clone_seconds": 0.0,
      "restore_seconds": 0.0,
      "file_write_seconds": 5.8842997532337904e-05,
      "operation_seconds": 0.05770242202561349,
      "total_phase_seconds": 0.07588276901515201,
      "scope": "file writes include journal intent/add/flush; excludes this timing receipt and checkpoint writes",
      "mode": "stage4_sealed_cell",
      "banner": "sealed Stage 4; scientific admission also requires complete declared populations"
    },
    {
      "phase": "edit:219",
      "identity_check_kind": "in_memory_structure_and_configuration",
      "recipe_verification_seconds": 0.0,
      "identity_verification_seconds": 0.0,
      "identity_check_seconds": 0.0020285299979150295,
      "state_hash_seconds": 0.0003487190115265548,
      "clone_seconds": 0.0,
      "restore_seconds": 0.0,
      "file_write_seconds": 5.8672972954809666e-05,
      "operation_seconds": 0.15487286500865594,
      "total_phase_seconds": 0.1573694820399396,
      "scope": "file writes include journal intent/add/flush; excludes this timing receipt and checkpoint writes",
      "mode": "stage4_sealed_cell",
      "banner": "sealed Stage 4; scientific admission also requires complete declared populations"
    },
    {
      "phase": "immediate:219",
      "identity_check_kind": "in_memory_structure_and_configuration",
      "recipe_verification_seconds": 0.0,
      "identity_verification_seconds": 0.0,
      "identity_check_seconds": 0.0021016590180806816,
      "state_hash_seconds": 0.0164974820218049,
      "clone_seconds": 0.0,
      "restore_seconds": 0.0,
      "file_write_seconds": 5.814101314172149e-05,
      "operation_seconds": 0.08598219300620258,
      "total_phase_seconds": 0.10472740198019892,
      "scope": "file writes include journal intent/add/flush; excludes this timing receipt and checkpoint writes",
      "mode": "stage4_sealed_cell",
      "banner": "sealed Stage 4; scientific admission also requires complete declared populations"
    },
    {
      "phase": "edit:220",
      "identity_check_kind": "in_memory_structure_and_configuration",
      "recipe_verification_seconds": 0.0,
      "identity_verification_seconds": 0.0,
      "identity_check_seconds": 0.002432573994155973,
      "state_hash_seconds": 0.0004303840105421841,
      "clone_seconds": 0.0,
      "restore_seconds": 0.0,
      "file_write_seconds": 6.0165999457240105e-05,
      "operation_seconds": 0.1254656040109694,
      "total_phase_seconds": 0.12846356199588627,
      "scope": "file writes include journal intent/add/flush; excludes this timing receipt and checkpoint writes",
      "mode": "stage4_sealed_cell",
      "banner": "sealed Stage 4; scientific admission also requires complete declared populations"
    },
    {
      "phase": "immediate:220",
      "identity_check_kind": "in_memory_structure_and_configuration",
      "recipe_verification_seconds": 0.0,
      "identity_verification_seconds": 0.0,
      "identity_check_seconds": 0.0021893770317547023,
      "state_hash_seconds": 0.01619408803526312,
      "clone_seconds": 0.0,
      "restore_seconds": 0.0,
      "file_write_seconds": 5.832198075950146e-05,
      "operation_seconds": 0.06510505499318242,
      "total_phase_seconds": 0.08363927999744192,
      "scope": "file writes include journal intent/add/flush; excludes this timing receipt and checkpoint writes",
      "mode": "stage4_sealed_cell",
      "banner": "sealed Stage 4; scientific admission also requires complete declared populations"
    },
    {
      "phase": "edit:221",
      "identity_check_kind": "in_memory_structure_and_configuration",
      "recipe_verification_seconds": 0.0,
      "identity_verification_seconds": 0.0,
      "identity_check_seconds": 0.0020866100094281137,
      "state_hash_seconds": 0.00036723498487845063,
      "clone_seconds": 0.0,
      "restore_seconds": 0.0,
      "file_write_seconds": 5.8021978475153446e-05,
      "operation_seconds": 0.19290135701885447,
      "total_phase_seconds": 0.1954746909905225,
      "scope": "file writes include journal intent/add/flush; excludes this timing receipt and checkpoint writes",
      "mode": "stage4_sealed_cell",
      "banner": "sealed Stage 4; scientific admission also requires complete declared populations"
    },
    {
      "phase": "immediate:221",
      "identity_check_kind": "in_memory_structure_and_configuration",
      "recipe_verification_seconds": 0.0,
      "identity_verification_seconds": 0.0,
      "identity_check_seconds": 0.0021160069736652076,
      "state_hash_seconds": 0.01657588197849691,
      "clone_seconds": 0.0,
      "restore_seconds": 0.0,
      "file_write_seconds": 5.841196980327368e-05,
      "operation_seconds": 0.09104350599227473,
      "total_phase_seconds": 0.10988213500240818,
      "scope": "file writes include journal intent/add/flush; excludes this timing receipt and checkpoint writes",
      "mode": "stage4_sealed_cell",
      "banner": "sealed Stage 4; scientific admission also requires complete declared populations"
    },
    {
      "phase": "edit:222",
      "identity_check_kind": "in_memory_structure_and_configuration",
      "recipe_verification_seconds": 0.0,
      "identity_verification_seconds": 0.0,
      "identity_check_seconds": 0.0021879750420339406,
      "state_hash_seconds": 0.0003923320327885449,
      "clone_seconds": 0.0,
      "restore_seconds": 0.0,
      "file_write_seconds": 5.847198190167546e-05,
      "operation_seconds": 0.30709563998971134,
      "total_phase_seconds": 0.30980256001930684,
      "scope": "file writes include journal intent/add/flush; excludes this timing receipt and checkpoint writes",
      "mode": "stage4_sealed_cell",
      "banner": "sealed Stage 4; scientific admission also requires complete declared populations"
    },
    {
      "phase": "immediate:222",
      "identity_check_kind": "in_memory_structure_and_configuration",
      "recipe_verification_seconds": 0.0,
      "identity_verification_seconds": 0.0,
      "identity_check_seconds": 0.002325729001313448,
      "state_hash_seconds": 0.016968623094726354,
      "clone_seconds": 0.0,
      "restore_seconds": 0.0,
      "file_write_seconds": 5.986395990476012e-05,
      "operation_seconds": 0.1281596280168742,
      "total_phase_seconds": 0.14760511100757867,
      "scope": "file writes include journal intent/add/flush; excludes this timing receipt and checkpoint writes",
      "mode": "stage4_sealed_cell",
      "banner": "sealed Stage 4; scientific admission also requires complete declared populations"
    },
    {
      "phase": "edit:223",
      "identity_check_kind": "in_memory_structure_and_configuration",
      "recipe_verification_seconds": 0.0,
      "identity_verification_seconds": 0.0,
      "identity_check_seconds": 0.0022686500451527536,
      "state_hash_seconds": 0.0004046760150231421,
      "clone_seconds": 0.0,
      "restore_seconds": 0.0,
      "file_write_seconds": 5.9984042309224606e-05,
      "operation_seconds": 0.07876455399673432,
      "total_phase_seconds": 0.08157167601166293,
      "scope": "file writes include journal intent/add/flush; excludes this timing receipt and checkpoint writes",
      "mode": "stage4_sealed_cell",
      "banner": "sealed Stage 4; scientific admission also requires complete declared populations"
    },
    {
      "phase": "immediate:223",
      "identity_check_kind": "in_memory_structure_and_configuration",
      "recipe_verification_seconds": 0.0,
      "identity_verification_seconds": 0.0,
      "identity_check_seconds": 0.0019602689426392317,
      "state_hash_seconds": 0.016436853911727667,
      "clone_seconds": 0.0,
      "restore_seconds": 0.0,
      "file_write_seconds": 6.002502050250769e-05,
      "operation_seconds": 0.06171354296384379,
      "total_phase_seconds": 0.08025640400592238,
      "scope": "file writes include journal intent/add/flush; excludes this timing receipt and checkpoint writes",
      "mode": "stage4_sealed_cell",
      "banner": "sealed Stage 4; scientific admission also requires complete declared populations"
    },
    {
      "phase": "edit:224",
      "identity_check_kind": "in_memory_structure_and_configuration",
      "recipe_verification_seconds": 0.0,
      "identity_verification_seconds": 0.0,
      "identity_check_seconds": 0.002096579992212355,
      "state_hash_seconds": 0.00034747691825032234,
      "clone_seconds": 0.0,
      "restore_seconds": 0.0,
      "file_write_seconds": 5.869200685992837e-05,
      "operation_seconds": 0.10763234097976238,
      "total_phase_seconds": 0.11019461404066533,
      "scope": "file writes include journal intent/add/flush; excludes this timing receipt and checkpoint writes",
      "mode": "stage4_sealed_cell",
      "banner": "sealed Stage 4; scientific admission also requires complete declared populations"
    },
    {
      "phase": "immediate:224",
      "identity_check_kind": "in_memory_structure_and_configuration",
      "recipe_verification_seconds": 0.0,
      "identity_verification_seconds": 0.0,
      "identity_check_seconds": 0.0020539379911497235,
      "state_hash_seconds": 0.01633857493288815,
      "clone_seconds": 0.0,
      "restore_seconds": 0.0,
      "file_write_seconds": 5.935406079515815e-05,
      "operation_seconds": 0.05868355301208794,
      "total_phase_seconds": 0.07722020399523899,
      "scope": "file writes include journal intent/add/flush; excludes this timing receipt and checkpoint writes",
      "mode": "stage4_sealed_cell",
      "banner": "sealed Stage 4; scientific admission also requires complete declared populations"
    },
    {
      "phase": "edit:225",
      "identity_check_kind": "in_memory_structure_and_configuration",
      "recipe_verification_seconds": 0.0,
      "identity_verification_seconds": 0.0,
      "identity_check_seconds": 0.002043368003796786,
      "state_hash_seconds": 0.000356953009031713,
      "clone_seconds": 0.0,
      "restore_seconds": 0.0,
      "file_write_seconds": 5.849206354469061e-05,
      "operation_seconds": 0.074945442029275,
      "total_phase_seconds": 0.07746434101136401,
      "scope": "file writes include journal intent/add/flush; excludes this timing receipt and checkpoint writes",
      "mode": "stage4_sealed_cell",
      "banner": "sealed Stage 4; scientific admission also requires complete declared populations"
    },
    {
      "phase": "immediate:225",
      "identity_check_kind": "in_memory_structure_and_configuration",
      "recipe_verification_seconds": 0.0,
      "identity_verification_seconds": 0.0,
      "identity_check_seconds": 0.0019825720228254795,
      "state_hash_seconds": 0.01635314495069906,
      "clone_seconds": 0.0,
      "restore_seconds": 0.0,
      "file_write_seconds": 5.61969936825335e-05,
      "operation_seconds": 0.06581681896932423,
      "total_phase_seconds": 0.08429012901615351,
      "scope": "file writes include journal intent/add/flush; excludes this timing receipt and checkpoint writes",
      "mode": "stage4_sealed_cell",
      "banner": "sealed Stage 4; scientific admission also requires complete declared populations"
    },
    {
      "phase": "edit:226",
      "identity_check_kind": "in_memory_structure_and_configuration",
      "recipe_verification_seconds": 0.0,
      "identity_verification_seconds": 0.0,
      "identity_check_seconds": 0.0019770220387727022,
      "state_hash_seconds": 0.00035751599352806807,
      "clone_seconds": 0.0,
      "restore_seconds": 0.0,
      "file_write_seconds": 5.8582983911037445e-05,
      "operation_seconds": 0.23025668697664514,
      "total_phase_seconds": 0.23270811699330807,
      "scope": "file writes include journal intent/add/flush; excludes this timing receipt and checkpoint writes",
      "mode": "stage4_sealed_cell",
      "banner": "sealed Stage 4; scientific admission also requires complete declared populations"
    },
    {
      "phase": "immediate:226",
      "identity_check_kind": "in_memory_structure_and_configuration",
      "recipe_verification_seconds": 0.0,
      "identity_verification_seconds": 0.0,
      "identity_check_seconds": 0.0024514690157957375,
      "state_hash_seconds": 0.01766643102746457,
      "clone_seconds": 0.0,
      "restore_seconds": 0.0,
      "file_write_seconds": 6.117700831964612e-05,
      "operation_seconds": 0.10690715099917725,
      "total_phase_seconds": 0.1271927939960733,
      "scope": "file writes include journal intent/add/flush; excludes this timing receipt and checkpoint writes",
      "mode": "stage4_sealed_cell",
      "banner": "sealed Stage 4; scientific admission also requires complete declared populations"
    },
    {
      "phase": "edit:227",
      "identity_check_kind": "in_memory_structure_and_configuration",
      "recipe_verification_seconds": 0.0,
      "identity_verification_seconds": 0.0,
      "identity_check_seconds": 0.002203746000304818,
      "state_hash_seconds": 0.0004035629681311548,
      "clone_seconds": 0.0,
      "restore_seconds": 0.0,
      "file_write_seconds": 5.937402602285147e-05,
      "operation_seconds": 0.07935321296099573,
      "total_phase_seconds": 0.08209336700383574,
      "scope": "file writes include journal intent/add/flush; excludes this timing receipt and checkpoint writes",
      "mode": "stage4_sealed_cell",
      "banner": "sealed Stage 4; scientific admission also requires complete declared populations"
    },
    {
      "phase": "immediate:227",
      "identity_check_kind": "in_memory_structure_and_configuration",
      "recipe_verification_seconds": 0.0,
      "identity_verification_seconds": 0.0,
      "identity_check_seconds": 0.0019916280871257186,
      "state_hash_seconds": 0.017145593010354787,
      "clone_seconds": 0.0,
      "restore_seconds": 0.0,
      "file_write_seconds": 5.776103353127837e-05,
      "operation_seconds": 0.06261817598715425,
      "total_phase_seconds": 0.08189568703528494,
      "scope": "file writes include journal intent/add/flush; excludes this timing receipt and checkpoint writes",
      "mode": "stage4_sealed_cell",
      "banner": "sealed Stage 4; scientific admission also requires complete declared populations"
    },
    {
      "phase": "edit:228",
      "identity_check_kind": "in_memory_structure_and_configuration",
      "recipe_verification_seconds": 0.0,
      "identity_verification_seconds": 0.0,
      "identity_check_seconds": 0.0021282390225678682,
      "state_hash_seconds": 0.0003613040316849947,
      "clone_seconds": 0.0,
      "restore_seconds": 0.0,
      "file_write_seconds": 5.90629642829299e-05,
      "operation_seconds": 0.07921975699719042,
      "total_phase_seconds": 0.08182991197099909,
      "scope": "file writes include journal intent/add/flush; excludes this timing receipt and checkpoint writes",
      "mode": "stage4_sealed_cell",
      "banner": "sealed Stage 4; scientific admission also requires complete declared populations"
    },
    {
      "phase": "immediate:228",
      "identity_check_kind": "in_memory_structure_and_configuration",
      "recipe_verification_seconds": 0.0,
      "identity_verification_seconds": 0.0,
      "identity_check_seconds": 0.001987561001442373,
      "state_hash_seconds": 0.016709948948118836,
      "clone_seconds": 0.0,
      "restore_seconds": 0.0,
      "file_write_seconds": 0.004940083017572761,
      "operation_seconds": 0.05908567400183529,
      "total_phase_seconds": 0.08280709502287209,
      "scope": "file writes include journal intent/add/flush; excludes this timing receipt and checkpoint writes",
      "mode": "stage4_sealed_cell",
      "banner": "sealed Stage 4; scientific admission also requires complete declared populations"
    },
    {
      "phase": "edit:229",
      "identity_check_kind": "in_memory_structure_and_configuration",
      "recipe_verification_seconds": 0.0,
      "identity_verification_seconds": 0.0,
      "identity_check_seconds": 0.0023324720677919686,
      "state_hash_seconds": 0.0004406740190461278,
      "clone_seconds": 0.0,
      "restore_seconds": 0.0,
      "file_write_seconds": 0.0013517519691959023,
      "operation_seconds": 0.07803228998091072,
      "total_phase_seconds": 0.08223382598953322,
      "scope": "file writes include journal intent/add/flush; excludes this timing receipt and checkpoint writes",
      "mode": "stage4_sealed_cell",
      "banner": "sealed Stage 4; scientific admission also requires complete declared populations"
    },
    {
      "phase": "immediate:229",
      "identity_check_kind": "in_memory_structure_and_configuration",
      "recipe_verification_seconds": 0.0,
      "identity_verification_seconds": 0.0,
      "identity_check_seconds": 0.001961159985512495,
      "state_hash_seconds": 0.016344556002877653,
      "clone_seconds": 0.0,
      "restore_seconds": 0.0,
      "file_write_seconds": 5.780201172456145e-05,
      "operation_seconds": 0.06502512097358704,
      "total_phase_seconds": 0.08346353401429951,
      "scope": "file writes include journal intent/add/flush; excludes this timing receipt and checkpoint writes",
      "mode": "stage4_sealed_cell",
      "banner": "sealed Stage 4; scientific admission also requires complete declared populations"
    },
    {
      "phase": "edit:230",
      "identity_check_kind": "in_memory_structure_and_configuration",
      "recipe_verification_seconds": 0.0,
      "identity_verification_seconds": 0.0,
      "identity_check_seconds": 0.0019994929898530245,
      "state_hash_seconds": 0.0003656399785540998,
      "clone_seconds": 0.0,
      "restore_seconds": 0.0,
      "file_write_seconds": 5.7929952163249254e-05,
      "operation_seconds": 0.09397799300495535,
      "total_phase_seconds": 0.09646238601999357,
      "scope": "file writes include journal intent/add/flush; excludes this timing receipt and checkpoint writes",
      "mode": "stage4_sealed_cell",
      "banner": "sealed Stage 4; scientific admission also requires complete declared populations"
    },
    {
      "phase": "immediate:230",
      "identity_check_kind": "in_memory_structure_and_configuration",
      "recipe_verification_seconds": 0.0,
      "identity_verification_seconds": 0.0,
      "identity_check_seconds": 0.002074176969472319,
      "state_hash_seconds": 0.018102840054780245,
      "clone_seconds": 0.0,
      "restore_seconds": 0.0,
      "file_write_seconds": 5.8683042880147696e-05,
      "operation_seconds": 0.07141133595723659,
      "total_phase_seconds": 0.09173776698298752,
      "scope": "file writes include journal intent/add/flush; excludes this timing receipt and checkpoint writes",
      "mode": "stage4_sealed_cell",
      "banner": "sealed Stage 4; scientific admission also requires complete declared populations"
    },
    {
      "phase": "edit:231",
      "identity_check_kind": "in_memory_structure_and_configuration",
      "recipe_verification_seconds": 0.0,
      "identity_verification_seconds": 0.0,
      "identity_check_seconds": 0.002097730990499258,
      "state_hash_seconds": 0.00038070097798481584,
      "clone_seconds": 0.0,
      "restore_seconds": 0.0,
      "file_write_seconds": 6.052706157788634e-05,
      "operation_seconds": 0.11817731999326497,
      "total_phase_seconds": 0.1207818040275015,
      "scope": "file writes include journal intent/add/flush; excludes this timing receipt and checkpoint writes",
      "mode": "stage4_sealed_cell",
      "banner": "sealed Stage 4; scientific admission also requires complete declared populations"
    },
    {
      "phase": "immediate:231",
      "identity_check_kind": "in_memory_structure_and_configuration",
      "recipe_verification_seconds": 0.0,
      "identity_verification_seconds": 0.0,
      "identity_check_seconds": 0.0021583480411209166,
      "state_hash_seconds": 0.017569466028362513,
      "clone_seconds": 0.0,
      "restore_seconds": 0.0,
      "file_write_seconds": 5.957396933808923e-05,
      "operation_seconds": 0.07045259798178449,
      "total_phase_seconds": 0.09033338498556986,
      "scope": "file writes include journal intent/add/flush; excludes this timing receipt and checkpoint writes",
      "mode": "stage4_sealed_cell",
      "banner": "sealed Stage 4; scientific admission also requires complete declared populations"
    },
    {
      "phase": "edit:232",
      "identity_check_kind": "in_memory_structure_and_configuration",
      "recipe_verification_seconds": 0.0,
      "identity_verification_seconds": 0.0,
      "identity_check_seconds": 0.0025056839804165065,
      "state_hash_seconds": 0.0004019110929220915,
      "clone_seconds": 0.0,
      "restore_seconds": 0.0,
      "file_write_seconds": 6.217899499461055e-05,
      "operation_seconds": 0.11082959204213694,
      "total_phase_seconds": 0.11387982999440283,
      "scope": "file writes include journal intent/add/flush; excludes this timing receipt and checkpoint writes",
      "mode": "stage4_sealed_cell",
      "banner": "sealed Stage 4; scientific admission also requires complete declared populations"
    },
    {
      "phase": "immediate:232",
      "identity_check_kind": "in_memory_structure_and_configuration",
      "recipe_verification_seconds": 0.0,
      "identity_verification_seconds": 0.0,
      "identity_check_seconds": 0.002287415030878037,
      "state_hash_seconds": 0.01776900701224804,
      "clone_seconds": 0.0,
      "restore_seconds": 0.0,
      "file_write_seconds": 6.302102701738477e-05,
      "operation_seconds": 0.058638415997847915,
      "total_phase_seconds": 0.07888079696567729,
      "scope": "file writes include journal intent/add/flush; excludes this timing receipt and checkpoint writes",
      "mode": "stage4_sealed_cell",
      "banner": "sealed Stage 4; scientific admission also requires complete declared populations"
    },
    {
      "phase": "edit:233",
      "identity_check_kind": "in_memory_structure_and_configuration",
      "recipe_verification_seconds": 0.0,
      "identity_verification_seconds": 0.0,
      "identity_check_seconds": 0.0026184699963778257,
      "state_hash_seconds": 0.0004995479248464108,
      "clone_seconds": 0.0,
      "restore_seconds": 0.0,
      "file_write_seconds": 5.961494753137231e-05,
      "operation_seconds": 0.18323646701173857,
      "total_phase_seconds": 0.18648675800068304,
      "scope": "file writes include journal intent/add/flush; excludes this timing receipt and checkpoint writes",
      "mode": "stage4_sealed_cell",
      "banner": "sealed Stage 4; scientific admission also requires complete declared populations"
    },
    {
      "phase": "immediate:233",
      "identity_check_kind": "in_memory_structure_and_configuration",
      "recipe_verification_seconds": 0.0,
      "identity_verification_seconds": 0.0,
      "identity_check_seconds": 0.0020496800425462425,
      "state_hash_seconds": 0.0171230899868533,
      "clone_seconds": 0.0,
      "restore_seconds": 0.0,
      "file_write_seconds": 5.5776035878807306e-05,
      "operation_seconds": 0.09648934798315167,
      "total_phase_seconds": 0.11580247705569491,
      "scope": "file writes include journal intent/add/flush; excludes this timing receipt and checkpoint writes",
      "mode": "stage4_sealed_cell",
      "banner": "sealed Stage 4; scientific admission also requires complete declared populations"
    },
    {
      "phase": "edit:234",
      "identity_check_kind": "in_memory_structure_and_configuration",
      "recipe_verification_seconds": 0.0,
      "identity_verification_seconds": 0.0,
      "identity_check_seconds": 0.0022949500125832856,
      "state_hash_seconds": 0.0003861419972963631,
      "clone_seconds": 0.0,
      "restore_seconds": 0.0,
      "file_write_seconds": 5.878298543393612e-05,
      "operation_seconds": 0.08617015299387276,
      "total_phase_seconds": 0.08897406898904592,
      "scope": "file writes include journal intent/add/flush; excludes this timing receipt and checkpoint writes",
      "mode": "stage4_sealed_cell",
      "banner": "sealed Stage 4; scientific admission also requires complete declared populations"
    },
    {
      "phase": "immediate:234",
      "identity_check_kind": "in_memory_structure_and_configuration",
      "recipe_verification_seconds": 0.0,
      "identity_verification_seconds": 0.0,
      "identity_check_seconds": 0.001936763001140207,
      "state_hash_seconds": 0.016938785032834858,
      "clone_seconds": 0.0,
      "restore_seconds": 0.0,
      "file_write_seconds": 5.854299524798989e-05,
      "operation_seconds": 0.0615428650053218,
      "total_phase_seconds": 0.08055465604411438,
      "scope": "file writes include journal intent/add/flush; excludes this timing receipt and checkpoint writes",
      "mode": "stage4_sealed_cell",
      "banner": "sealed Stage 4; scientific admission also requires complete declared populations"
    },
    {
      "phase": "edit:235",
      "identity_check_kind": "in_memory_structure_and_configuration",
      "recipe_verification_seconds": 0.0,
      "identity_verification_seconds": 0.0,
      "identity_check_seconds": 0.002190329018048942,
      "state_hash_seconds": 0.000403843994718045,
      "clone_seconds": 0.0,
      "restore_seconds": 0.0,
      "file_write_seconds": 6.121699698269367e-05,
      "operation_seconds": 0.1057060289895162,
      "total_phase_seconds": 0.10842937999404967,
      "scope": "file writes include journal intent/add/flush; excludes this timing receipt and checkpoint writes",
      "mode": "stage4_sealed_cell",
      "banner": "sealed Stage 4; scientific admission also requires complete declared populations"
    },
    {
      "phase": "immediate:235",
      "identity_check_kind": "in_memory_structure_and_configuration",
      "recipe_verification_seconds": 0.0,
      "identity_verification_seconds": 0.0,
      "identity_check_seconds": 0.002224283991381526,
      "state_hash_seconds": 0.01734851294895634,
      "clone_seconds": 0.0,
      "restore_seconds": 0.0,
      "file_write_seconds": 5.884194979444146e-05,
      "operation_seconds": 0.06862269900739193,
      "total_phase_seconds": 0.08834866899996996,
      "scope": "file writes include journal intent/add/flush; excludes this timing receipt and checkpoint writes",
      "mode": "stage4_sealed_cell",
      "banner": "sealed Stage 4; scientific admission also requires complete declared populations"
    },
    {
      "phase": "edit:236",
      "identity_check_kind": "in_memory_structure_and_configuration",
      "recipe_verification_seconds": 0.0,
      "identity_verification_seconds": 0.0,
      "identity_check_seconds": 0.0023960149264894426,
      "state_hash_seconds": 0.0003710919409058988,
      "clone_seconds": 0.0,
      "restore_seconds": 0.0,
      "file_write_seconds": 5.904299905523658e-05,
      "operation_seconds": 0.1060501080355607,
      "total_phase_seconds": 0.10893736401339993,
      "scope": "file writes include journal intent/add/flush; excludes this timing receipt and checkpoint writes",
      "mode": "stage4_sealed_cell",
      "banner": "sealed Stage 4; scientific admission also requires complete declared populations"
    },
    {
      "phase": "immediate:236",
      "identity_check_kind": "in_memory_structure_and_configuration",
      "recipe_verification_seconds": 0.0,
      "identity_verification_seconds": 0.0,
      "identity_check_seconds": 0.0020509320311248302,
      "state_hash_seconds": 0.017685066966805607,
      "clone_seconds": 0.0,
      "restore_seconds": 0.0,
      "file_write_seconds": 5.931302439421415e-05,
      "operation_seconds": 0.07084679300896823,
      "total_phase_seconds": 0.0907418480492197,
      "scope": "file writes include journal intent/add/flush; excludes this timing receipt and checkpoint writes",
      "mode": "stage4_sealed_cell",
      "banner": "sealed Stage 4; scientific admission also requires complete declared populations"
    },
    {
      "phase": "edit:237",
      "identity_check_kind": "in_memory_structure_and_configuration",
      "recipe_verification_seconds": 0.0,
      "identity_verification_seconds": 0.0,
      "identity_check_seconds": 0.0021756620262749493,
      "state_hash_seconds": 0.00042435404611751437,
      "clone_seconds": 0.0,
      "restore_seconds": 0.0,
      "file_write_seconds": 6.0605991166085005e-05,
      "operation_seconds": 0.16494828299619257,
      "total_phase_seconds": 0.16767798602813855,
      "scope": "file writes include journal intent/add/flush; excludes this timing receipt and checkpoint writes",
      "mode": "stage4_sealed_cell",
      "banner": "sealed Stage 4; scientific admission also requires complete declared populations"
    },
    {
      "phase": "immediate:237",
      "identity_check_kind": "in_memory_structure_and_configuration",
      "recipe_verification_seconds": 0.0,
      "identity_verification_seconds": 0.0,
      "identity_check_seconds": 0.002115215000230819,
      "state_hash_seconds": 0.01727272692369297,
      "clone_seconds": 0.0,
      "restore_seconds": 0.0,
      "file_write_seconds": 5.751103162765503e-05,
      "operation_seconds": 0.09805938700446859,
      "total_phase_seconds": 0.11758815095527098,
      "scope": "file writes include journal intent/add/flush; excludes this timing receipt and checkpoint writes",
      "mode": "stage4_sealed_cell",
      "banner": "sealed Stage 4; scientific admission also requires complete declared populations"
    },
    {
      "phase": "edit:238",
      "identity_check_kind": "in_memory_structure_and_configuration",
      "recipe_verification_seconds": 0.0,
      "identity_verification_seconds": 0.0,
      "identity_check_seconds": 0.0021824040450155735,
      "state_hash_seconds": 0.0004177819937467575,
      "clone_seconds": 0.0,
      "restore_seconds": 0.0,
      "file_write_seconds": 5.8831938076764345e-05,
      "operation_seconds": 0.10862765996716917,
      "total_phase_seconds": 0.11135390697745606,
      "scope": "file writes include journal intent/add/flush; excludes this timing receipt and checkpoint writes",
      "mode": "stage4_sealed_cell",
      "banner": "sealed Stage 4; scientific admission also requires complete declared populations"
    },
    {
      "phase": "immediate:238",
      "identity_check_kind": "in_memory_structure_and_configuration",
      "recipe_verification_seconds": 0.0,
      "identity_verification_seconds": 0.0,
      "identity_check_seconds": 0.0021480689756572247,
      "state_hash_seconds": 0.017233402002602816,
      "clone_seconds": 0.0,
      "restore_seconds": 0.0,
      "file_write_seconds": 5.9063953813165426e-05,
      "operation_seconds": 0.06094131199643016,
      "total_phase_seconds": 0.08046877203742042,
      "scope": "file writes include journal intent/add/flush; excludes this timing receipt and checkpoint writes",
      "mode": "stage4_sealed_cell",
      "banner": "sealed Stage 4; scientific admission also requires complete declared populations"
    },
    {
      "phase": "edit:239",
      "identity_check_kind": "in_memory_structure_and_configuration",
      "recipe_verification_seconds": 0.0,
      "identity_verification_seconds": 0.0,
      "identity_check_seconds": 0.002155451918952167,
      "state_hash_seconds": 0.0004106868873350322,
      "clone_seconds": 0.0,
      "restore_seconds": 0.0,
      "file_write_seconds": 6.086699431762099e-05,
      "operation_seconds": 0.14881769596831873,
      "total_phase_seconds": 0.15151119005167857,
      "scope": "file writes include journal intent/add/flush; excludes this timing receipt and checkpoint writes",
      "mode": "stage4_sealed_cell",
      "banner": "sealed Stage 4; scientific admission also requires complete declared populations"
    },
    {
      "phase": "immediate:239",
      "identity_check_kind": "in_memory_structure_and_configuration",
      "recipe_verification_seconds": 0.0,
      "identity_verification_seconds": 0.0,
      "identity_check_seconds": 0.002196482033468783,
      "state_hash_seconds": 0.017382388934493065,
      "clone_seconds": 0.0,
      "restore_seconds": 0.0,
      "file_write_seconds": 5.999498534947634e-05,
      "operation_seconds": 0.06238120299531147,
      "total_phase_seconds": 0.08211037894943729,
      "scope": "file writes include journal intent/add/flush; excludes this timing receipt and checkpoint writes",
      "mode": "stage4_sealed_cell",
      "banner": "sealed Stage 4; scientific admission also requires complete declared populations"
    },
    {
      "phase": "edit:240",
      "identity_check_kind": "in_memory_structure_and_configuration",
      "recipe_verification_seconds": 0.0,
      "identity_verification_seconds": 0.0,
      "identity_check_seconds": 0.0021302149980328977,
      "state_hash_seconds": 0.00039925595046952367,
      "clone_seconds": 0.0,
      "restore_seconds": 0.0,
      "file_write_seconds": 5.890202010050416e-05,
      "operation_seconds": 0.08537192200310528,
      "total_phase_seconds": 0.0880222839768976,
      "scope": "file writes include journal intent/add/flush; excludes this timing receipt and checkpoint writes",
      "mode": "stage4_sealed_cell",
      "banner": "sealed Stage 4; scientific admission also requires complete declared populations"
    },
    {
      "phase": "immediate:240",
      "identity_check_kind": "in_memory_structure_and_configuration",
      "recipe_verification_seconds": 0.0,
      "identity_verification_seconds": 0.0,
      "identity_check_seconds": 0.0019567409763112664,
      "state_hash_seconds": 0.017557132057845592,
      "clone_seconds": 0.0,
      "restore_seconds": 0.0,
      "file_write_seconds": 5.700893234461546e-05,
      "operation_seconds": 0.06810614903224632,
      "total_phase_seconds": 0.08775341900764033,
      "scope": "file writes include journal intent/add/flush; excludes this timing receipt and checkpoint writes",
      "mode": "stage4_sealed_cell",
      "banner": "sealed Stage 4; scientific admission also requires complete declared populations"
    },
    {
      "phase": "edit:241",
      "identity_check_kind": "in_memory_structure_and_configuration",
      "recipe_verification_seconds": 0.0,
      "identity_verification_seconds": 0.0,
      "identity_check_seconds": 0.002024532004725188,
      "state_hash_seconds": 0.0003678359789773822,
      "clone_seconds": 0.0,
      "restore_seconds": 0.0,
      "file_write_seconds": 5.8792997151613235e-05,
      "operation_seconds": 0.11697017500409856,
      "total_phase_seconds": 0.119477862957865,
      "scope": "file writes include journal intent/add/flush; excludes this timing receipt and checkpoint writes",
      "mode": "stage4_sealed_cell",
      "banner": "sealed Stage 4; scientific admission also requires complete declared populations"
    },
    {
      "phase": "immediate:241",
      "identity_check_kind": "in_memory_structure_and_configuration",
      "recipe_verification_seconds": 0.0,
      "identity_verification_seconds": 0.0,
      "identity_check_seconds": 0.002028999966569245,
      "state_hash_seconds": 0.017383911064825952,
      "clone_seconds": 0.0,
      "restore_seconds": 0.0,
      "file_write_seconds": 0.00010099401697516441,
      "operation_seconds": 0.07635991298593581,
      "total_phase_seconds": 0.0959890490048565,
      "scope": "file writes include journal intent/add/flush; excludes this timing receipt and checkpoint writes",
      "mode": "stage4_sealed_cell",
      "banner": "sealed Stage 4; scientific admission also requires complete declared populations"
    },
    {
      "phase": "edit:242",
      "identity_check_kind": "in_memory_structure_and_configuration",
      "recipe_verification_seconds": 0.0,
      "identity_verification_seconds": 0.0,
      "identity_check_seconds": 0.0026933750486932695,
      "state_hash_seconds": 0.00042364303953945637,
      "clone_seconds": 0.0,
      "restore_seconds": 0.0,
      "file_write_seconds": 5.8631994761526585e-05,
      "operation_seconds": 0.11447716498514637,
      "total_phase_seconds": 0.1177217559888959,
      "scope": "file writes include journal intent/add/flush; excludes this timing receipt and checkpoint writes",
      "mode": "stage4_sealed_cell",
      "banner": "sealed Stage 4; scientific admission also requires complete declared populations"
    },
    {
      "phase": "immediate:242",
      "identity_check_kind": "in_memory_structure_and_configuration",
      "recipe_verification_seconds": 0.0,
      "identity_verification_seconds": 0.0,
      "identity_check_seconds": 0.002397528034634888,
      "state_hash_seconds": 0.018282543984241784,
      "clone_seconds": 0.0,
      "restore_seconds": 0.0,
      "file_write_seconds": 5.952495848760009e-05,
      "operation_seconds": 0.05893652798840776,
      "total_phase_seconds": 0.07978142402134836,
      "scope": "file writes include journal intent/add/flush; excludes this timing receipt and checkpoint writes",
      "mode": "stage4_sealed_cell",
      "banner": "sealed Stage 4; scientific admission also requires complete declared populations"
    },
    {
      "phase": "edit:243",
      "identity_check_kind": "in_memory_structure_and_configuration",
      "recipe_verification_seconds": 0.0,
      "identity_verification_seconds": 0.0,
      "identity_check_seconds": 0.0022553940070793033,
      "state_hash_seconds": 0.0004265269380994141,
      "clone_seconds": 0.0,
      "restore_seconds": 0.0,
      "file_write_seconds": 6.03859662078321e-05,
      "operation_seconds": 0.07336529297754169,
      "total_phase_seconds": 0.0761778440210037,
      "scope": "file writes include journal intent/add/flush; excludes this timing receipt and checkpoint writes",
      "mode": "stage4_sealed_cell",
      "banner": "sealed Stage 4; scientific admission also requires complete declared populations"
    },
    {
      "phase": "immediate:243",
      "identity_check_kind": "in_memory_structure_and_configuration",
      "recipe_verification_seconds": 0.0,
      "identity_verification_seconds": 0.0,
      "identity_check_seconds": 0.002011417062021792,
      "state_hash_seconds": 0.017593851080164313,
      "clone_seconds": 0.0,
      "restore_seconds": 0.0,
      "file_write_seconds": 5.759997293353081e-05,
      "operation_seconds": 0.06206001702230424,
      "total_phase_seconds": 0.08180413203081116,
      "scope": "file writes include journal intent/add/flush; excludes this timing receipt and checkpoint writes",
      "mode": "stage4_sealed_cell",
      "banner": "sealed Stage 4; scientific admission also requires complete declared populations"
    },
    {
      "phase": "edit:244",
      "identity_check_kind": "in_memory_structure_and_configuration",
      "recipe_verification_seconds": 0.0,
      "identity_verification_seconds": 0.0,
      "identity_check_seconds": 0.002170963038224727,
      "state_hash_seconds": 0.0003862809971906245,
      "clone_seconds": 0.0,
      "restore_seconds": 0.0,
      "file_write_seconds": 5.887297447770834e-05,
      "operation_seconds": 0.13377191900508478,
      "total_phase_seconds": 0.13644678698619828,
      "scope": "file writes include journal intent/add/flush; excludes this timing receipt and checkpoint writes",
      "mode": "stage4_sealed_cell",
      "banner": "sealed Stage 4; scientific admission also requires complete declared populations"
    },
    {
      "phase": "immediate:244",
      "identity_check_kind": "in_memory_structure_and_configuration",
      "recipe_verification_seconds": 0.0,
      "identity_verification_seconds": 0.0,
      "identity_check_seconds": 0.0021072300150990486,
      "state_hash_seconds": 0.01785896101500839,
      "clone_seconds": 0.0,
      "restore_seconds": 0.0,
      "file_write_seconds": 0.020574636000674218,
      "operation_seconds": 0.08274291298585013,
      "total_phase_seconds": 0.12337035604286939,
      "scope": "file writes include journal intent/add/flush; excludes this timing receipt and checkpoint writes",
      "mode": "stage4_sealed_cell",
      "banner": "sealed Stage 4; scientific admission also requires complete declared populations"
    },
    {
      "phase": "edit:245",
      "identity_check_kind": "in_memory_structure_and_configuration",
      "recipe_verification_seconds": 0.0,
      "identity_verification_seconds": 0.0,
      "identity_check_seconds": 0.0021367769804783165,
      "state_hash_seconds": 0.0004346329951658845,
      "clone_seconds": 0.0,
      "restore_seconds": 0.0,
      "file_write_seconds": 0.0011558469850569963,
      "operation_seconds": 0.42559360404266044,
      "total_phase_seconds": 0.4293883399805054,
      "scope": "file writes include journal intent/add/flush; excludes this timing receipt and checkpoint writes",
      "mode": "stage4_sealed_cell",
      "banner": "sealed Stage 4; scientific admission also requires complete declared populations"
    },
    {
      "phase": "immediate:245",
      "identity_check_kind": "in_memory_structure_and_configuration",
      "recipe_verification_seconds": 0.0,
      "identity_verification_seconds": 0.0,
      "identity_check_seconds": 0.0021151949767954648,
      "state_hash_seconds": 0.017662573023699224,
      "clone_seconds": 0.0,
      "restore_seconds": 0.0,
      "file_write_seconds": 5.8292062021791935e-05,
      "operation_seconds": 0.13902371795848012,
      "total_phase_seconds": 0.15894570399541408,
      "scope": "file writes include journal intent/add/flush; excludes this timing receipt and checkpoint writes",
      "mode": "stage4_sealed_cell",
      "banner": "sealed Stage 4; scientific admission also requires complete declared populations"
    },
    {
      "phase": "edit:246",
      "identity_check_kind": "in_memory_structure_and_configuration",
      "recipe_verification_seconds": 0.0,
      "identity_verification_seconds": 0.0,
      "identity_check_seconds": 0.0020841259974986315,
      "state_hash_seconds": 0.00041305198101326823,
      "clone_seconds": 0.0,
      "restore_seconds": 0.0,
      "file_write_seconds": 5.871301982551813e-05,
      "operation_seconds": 0.12887386902002618,
      "total_phase_seconds": 0.13149498298298568,
      "scope": "file writes include journal intent/add/flush; excludes this timing receipt and checkpoint writes",
      "mode": "stage4_sealed_cell",
      "banner": "sealed Stage 4; scientific admission also requires complete declared populations"
    },
    {
      "phase": "immediate:246",
      "identity_check_kind": "in_memory_structure_and_configuration",
      "recipe_verification_seconds": 0.0,
      "identity_verification_seconds": 0.0,
      "identity_check_seconds": 0.0021594699937850237,
      "state_hash_seconds": 0.01812253601383418,
      "clone_seconds": 0.0,
      "restore_seconds": 0.0,
      "file_write_seconds": 5.7981000281870365e-05,
      "operation_seconds": 0.07646403298713267,
      "total_phase_seconds": 0.09688637900399044,
      "scope": "file writes include journal intent/add/flush; excludes this timing receipt and checkpoint writes",
      "mode": "stage4_sealed_cell",
      "banner": "sealed Stage 4; scientific admission also requires complete declared populations"
    },
    {
      "phase": "edit:247",
      "identity_check_kind": "in_memory_structure_and_configuration",
      "recipe_verification_seconds": 0.0,
      "identity_verification_seconds": 0.0,
      "identity_check_seconds": 0.002011626958847046,
      "state_hash_seconds": 0.0003915390116162598,
      "clone_seconds": 0.0,
      "restore_seconds": 0.0,
      "file_write_seconds": 5.92540018260479e-05,
      "operation_seconds": 0.08588927402161062,
      "total_phase_seconds": 0.08841056801611558,
      "scope": "file writes include journal intent/add/flush; excludes this timing receipt and checkpoint writes",
      "mode": "stage4_sealed_cell",
      "banner": "sealed Stage 4; scientific admission also requires complete declared populations"
    },
    {
      "phase": "immediate:247",
      "identity_check_kind": "in_memory_structure_and_configuration",
      "recipe_verification_seconds": 0.0,
      "identity_verification_seconds": 0.0,
      "identity_check_seconds": 0.001940270944032818,
      "state_hash_seconds": 0.01769250095821917,
      "clone_seconds": 0.0,
      "restore_seconds": 0.0,
      "file_write_seconds": 5.8532983530312777e-05,
      "operation_seconds": 0.06942525901831686,
      "total_phase_seconds": 0.08919653500197455,
      "scope": "file writes include journal intent/add/flush; excludes this timing receipt and checkpoint writes",
      "mode": "stage4_sealed_cell",
      "banner": "sealed Stage 4; scientific admission also requires complete declared populations"
    },
    {
      "phase": "edit:248",
      "identity_check_kind": "in_memory_structure_and_configuration",
      "recipe_verification_seconds": 0.0,
      "identity_verification_seconds": 0.0,
      "identity_check_seconds": 0.00205391802592203,
      "state_hash_seconds": 0.0004063400556333363,
      "clone_seconds": 0.0,
      "restore_seconds": 0.0,
      "file_write_seconds": 5.928293103352189e-05,
      "operation_seconds": 0.07593184302095324,
      "total_phase_seconds": 0.07851015700725839,
      "scope": "file writes include journal intent/add/flush; excludes this timing receipt and checkpoint writes",
      "mode": "stage4_sealed_cell",
      "banner": "sealed Stage 4; scientific admission also requires complete declared populations"
    },
    {
      "phase": "immediate:248",
      "identity_check_kind": "in_memory_structure_and_configuration",
      "recipe_verification_seconds": 0.0,
      "identity_verification_seconds": 0.0,
      "identity_check_seconds": 0.0019751969957724214,
      "state_hash_seconds": 0.018021661031525582,
      "clone_seconds": 0.0,
      "restore_seconds": 0.0,
      "file_write_seconds": 5.9955986216664314e-05,
      "operation_seconds": 0.06249211501562968,
      "total_phase_seconds": 0.08263825095491484,
      "scope": "file writes include journal intent/add/flush; excludes this timing receipt and checkpoint writes",
      "mode": "stage4_sealed_cell",
      "banner": "sealed Stage 4; scientific admission also requires complete declared populations"
    },
    {
      "phase": "edit:249",
      "identity_check_kind": "in_memory_structure_and_configuration",
      "recipe_verification_seconds": 0.0,
      "identity_verification_seconds": 0.0,
      "identity_check_seconds": 0.0021436800598166883,
      "state_hash_seconds": 0.0004233630606904626,
      "clone_seconds": 0.0,
      "restore_seconds": 0.0,
      "file_write_seconds": 5.9183978009968996e-05,
      "operation_seconds": 0.07710419100476429,
      "total_phase_seconds": 0.07979118195362389,
      "scope": "file writes include journal intent/add/flush; excludes this timing receipt and checkpoint writes",
      "mode": "stage4_sealed_cell",
      "banner": "sealed Stage 4; scientific admission also requires complete declared populations"
    },
    {
      "phase": "immediate:249",
      "identity_check_kind": "in_memory_structure_and_configuration",
      "recipe_verification_seconds": 0.0,
      "identity_verification_seconds": 0.0,
      "identity_check_seconds": 0.0019620220409706235,
      "state_hash_seconds": 0.018187972018495202,
      "clone_seconds": 0.0,
      "restore_seconds": 0.0,
      "file_write_seconds": 5.852297181263566e-05,
      "operation_seconds": 0.0648020239896141,
      "total_phase_seconds": 0.08509618300013244,
      "scope": "file writes include journal intent/add/flush; excludes this timing receipt and checkpoint writes",
      "mode": "stage4_sealed_cell",
      "banner": "sealed Stage 4; scientific admission also requires complete declared populations"
    },
    {
      "phase": "edit:250",
      "identity_check_kind": "in_memory_structure_and_configuration",
      "recipe_verification_seconds": 0.0,
      "identity_verification_seconds": 0.0,
      "identity_check_seconds": 0.0022319600102491677,
      "state_hash_seconds": 0.0005151769728399813,
      "clone_seconds": 0.0,
      "restore_seconds": 0.0,
      "file_write_seconds": 6.084697088226676e-05,
      "operation_seconds": 0.1709704989916645,
      "total_phase_seconds": 0.1738513020100072,
      "scope": "file writes include journal intent/add/flush; excludes this timing receipt and checkpoint writes",
      "mode": "stage4_sealed_cell",
      "banner": "sealed Stage 4; scientific admission also requires complete declared populations"
    },
    {
      "phase": "immediate:250",
      "identity_check_kind": "in_memory_structure_and_configuration",
      "recipe_verification_seconds": 0.0,
      "identity_verification_seconds": 0.0,
      "identity_check_seconds": 0.002786753000691533,
      "state_hash_seconds": 0.019115028902888298,
      "clone_seconds": 0.0,
      "restore_seconds": 0.0,
      "file_write_seconds": 5.841196980327368e-05,
      "operation_seconds": 0.08959661301923916,
      "total_phase_seconds": 0.11165565595729277,
      "scope": "file writes include journal intent/add/flush; excludes this timing receipt and checkpoint writes",
      "mode": "stage4_sealed_cell",
      "banner": "sealed Stage 4; scientific admission also requires complete declared populations"
    },
    {
      "phase": "edit:251",
      "identity_check_kind": "in_memory_structure_and_configuration",
      "recipe_verification_seconds": 0.0,
      "identity_verification_seconds": 0.0,
      "identity_check_seconds": 0.002173617947846651,
      "state_hash_seconds": 0.00045080494601279497,
      "clone_seconds": 0.0,
      "restore_seconds": 0.0,
      "file_write_seconds": 6.694800686091185e-05,
      "operation_seconds": 0.13144732196815312,
      "total_phase_seconds": 0.13420613197376952,
      "scope": "file writes include journal intent/add/flush; excludes this timing receipt and checkpoint writes",
      "mode": "stage4_sealed_cell",
      "banner": "sealed Stage 4; scientific admission also requires complete declared populations"
    },
    {
      "phase": "immediate:251",
      "identity_check_kind": "in_memory_structure_and_configuration",
      "recipe_verification_seconds": 0.0,
      "identity_verification_seconds": 0.0,
      "identity_check_seconds": 0.0023630509967915714,
      "state_hash_seconds": 0.019037340010982007,
      "clone_seconds": 0.0,
      "restore_seconds": 0.0,
      "file_write_seconds": 5.8861973229795694e-05,
      "operation_seconds": 0.07582331501180306,
      "total_phase_seconds": 0.09736882400466129,
      "scope": "file writes include journal intent/add/flush; excludes this timing receipt and checkpoint writes",
      "mode": "stage4_sealed_cell",
      "banner": "sealed Stage 4; scientific admission also requires complete declared populations"
    },
    {
      "phase": "edit:252",
      "identity_check_kind": "in_memory_structure_and_configuration",
      "recipe_verification_seconds": 0.0,
      "identity_verification_seconds": 0.0,
      "identity_check_seconds": 0.0020979730179533362,
      "state_hash_seconds": 0.0004109269939363003,
      "clone_seconds": 0.0,
      "restore_seconds": 0.0,
      "file_write_seconds": 5.963398143649101e-05,
      "operation_seconds": 0.10747987998183817,
      "total_phase_seconds": 0.11010964098386467,
      "scope": "file writes include journal intent/add/flush; excludes this timing receipt and checkpoint writes",
      "mode": "stage4_sealed_cell",
      "banner": "sealed Stage 4; scientific admission also requires complete declared populations"
    },
    {
      "phase": "immediate:252",
      "identity_check_kind": "in_memory_structure_and_configuration",
      "recipe_verification_seconds": 0.0,
      "identity_verification_seconds": 0.0,
      "identity_check_seconds": 0.002108503016643226,
      "state_hash_seconds": 0.018760167935397476,
      "clone_seconds": 0.0,
      "restore_seconds": 0.0,
      "file_write_seconds": 6.041704909875989e-05,
      "operation_seconds": 0.0628498820005916,
      "total_phase_seconds": 0.08387814799789339,
      "scope": "file writes include journal intent/add/flush; excludes this timing receipt and checkpoint writes",
      "mode": "stage4_sealed_cell",
      "banner": "sealed Stage 4; scientific admission also requires complete declared populations"
    },
    {
      "phase": "edit:253",
      "identity_check_kind": "in_memory_structure_and_configuration",
      "recipe_verification_seconds": 0.0,
      "identity_verification_seconds": 0.0,
      "identity_check_seconds": 0.002216750057414174,
      "state_hash_seconds": 0.00044552399776875973,
      "clone_seconds": 0.0,
      "restore_seconds": 0.0,
      "file_write_seconds": 5.907303420826793e-05,
      "operation_seconds": 0.0755112370243296,
      "total_phase_seconds": 0.0782954340102151,
      "scope": "file writes include journal intent/add/flush; excludes this timing receipt and checkpoint writes",
      "mode": "stage4_sealed_cell",
      "banner": "sealed Stage 4; scientific admission also requires complete declared populations"
    },
    {
      "phase": "immediate:253",
      "identity_check_kind": "in_memory_structure_and_configuration",
      "recipe_verification_seconds": 0.0,
      "identity_verification_seconds": 0.0,
      "identity_check_seconds": 0.0019683230202645063,
      "state_hash_seconds": 0.019130899047013372,
      "clone_seconds": 0.0,
      "restore_seconds": 0.0,
      "file_write_seconds": 5.804101238027215e-05,
      "operation_seconds": 0.06496064900420606,
      "total_phase_seconds": 0.08620911801699549,
      "scope": "file writes include journal intent/add/flush; excludes this timing receipt and checkpoint writes",
      "mode": "stage4_sealed_cell",
      "banner": "sealed Stage 4; scientific admission also requires complete declared populations"
    },
    {
      "phase": "edit:254",
      "identity_check_kind": "in_memory_structure_and_configuration",
      "recipe_verification_seconds": 0.0,
      "identity_verification_seconds": 0.0,
      "identity_check_seconds": 0.0023918969673104584,
      "state_hash_seconds": 0.00042158702854067087,
      "clone_seconds": 0.0,
      "restore_seconds": 0.0,
      "file_write_seconds": 5.6537974160164595e-05,
      "operation_seconds": 0.13425588700920343,
      "total_phase_seconds": 0.13718818902270868,
      "scope": "file writes include journal intent/add/flush; excludes this timing receipt and checkpoint writes",
      "mode": "stage4_sealed_cell",
      "banner": "sealed Stage 4; scientific admission also requires complete declared populations"
    },
    {
      "phase": "immediate:254",
      "identity_check_kind": "in_memory_structure_and_configuration",
      "recipe_verification_seconds": 0.0,
      "identity_verification_seconds": 0.0,
      "identity_check_seconds": 0.002084286999888718,
      "state_hash_seconds": 0.018903222924564034,
      "clone_seconds": 0.0,
      "restore_seconds": 0.0,
      "file_write_seconds": 5.661899922415614e-05,
      "operation_seconds": 0.08049092395231128,
      "total_phase_seconds": 0.10162538598524407,
      "scope": "file writes include journal intent/add/flush; excludes this timing receipt and checkpoint writes",
      "mode": "stage4_sealed_cell",
      "banner": "sealed Stage 4; scientific admission also requires complete declared populations"
    },
    {
      "phase": "edit:255",
      "identity_check_kind": "in_memory_structure_and_configuration",
      "recipe_verification_seconds": 0.0,
      "identity_verification_seconds": 0.0,
      "identity_check_seconds": 0.0020950170001015067,
      "state_hash_seconds": 0.00041509501170367,
      "clone_seconds": 0.0,
      "restore_seconds": 0.0,
      "file_write_seconds": 5.96939935348928e-05,
      "operation_seconds": 0.09491302497917786,
      "total_phase_seconds": 0.09754232701379806,
      "scope": "file writes include journal intent/add/flush; excludes this timing receipt and checkpoint writes",
      "mode": "stage4_sealed_cell",
      "banner": "sealed Stage 4; scientific admission also requires complete declared populations"
    },
    {
      "phase": "immediate:255",
      "identity_check_kind": "in_memory_structure_and_configuration",
      "recipe_verification_seconds": 0.0,
      "identity_verification_seconds": 0.0,
      "identity_check_seconds": 0.001956501044332981,
      "state_hash_seconds": 0.01837294705910608,
      "clone_seconds": 0.0,
      "restore_seconds": 0.0,
      "file_write_seconds": 5.787098780274391e-05,
      "operation_seconds": 0.06982868199702352,
      "total_phase_seconds": 0.09029540198389441,
      "scope": "file writes include journal intent/add/flush; excludes this timing receipt and checkpoint writes",
      "mode": "stage4_sealed_cell",
      "banner": "sealed Stage 4; scientific admission also requires complete declared populations"
    },
    {
      "phase": "edit:256",
      "identity_check_kind": "in_memory_structure_and_configuration",
      "recipe_verification_seconds": 0.0,
      "identity_verification_seconds": 0.0,
      "identity_check_seconds": 0.0022021830081939697,
      "state_hash_seconds": 0.0004304950125515461,
      "clone_seconds": 0.0,
      "restore_seconds": 0.0,
      "file_write_seconds": 5.977507680654526e-05,
      "operation_seconds": 0.11980672302888706,
      "total_phase_seconds": 0.12256566400174052,
      "scope": "file writes include journal intent/add/flush; excludes this timing receipt and checkpoint writes",
      "mode": "stage4_sealed_cell",
      "banner": "sealed Stage 4; scientific admission also requires complete declared populations"
    },
    {
      "phase": "immediate:256",
      "identity_check_kind": "in_memory_structure_and_configuration",
      "recipe_verification_seconds": 0.0,
      "identity_verification_seconds": 0.0,
      "identity_check_seconds": 0.0020412129815667868,
      "state_hash_seconds": 0.018908000900410116,
      "clone_seconds": 0.0,
      "restore_seconds": 0.0,
      "file_write_seconds": 5.863304249942303e-05,
      "operation_seconds": 0.06340884300880134,
      "total_phase_seconds": 0.08450776600511745,
      "scope": "file writes include journal intent/add/flush; excludes this timing receipt and checkpoint writes",
      "mode": "stage4_sealed_cell",
      "banner": "sealed Stage 4; scientific admission also requires complete declared populations"
    },
    {
      "phase": "edit:257",
      "identity_check_kind": "in_memory_structure_and_configuration",
      "recipe_verification_seconds": 0.0,
      "identity_verification_seconds": 0.0,
      "identity_check_seconds": 0.0022103479714132845,
      "state_hash_seconds": 0.0004719729768112302,
      "clone_seconds": 0.0,
      "restore_seconds": 0.0,
      "file_write_seconds": 5.8653007727116346e-05,
      "operation_seconds": 0.1446272520115599,
      "total_phase_seconds": 0.14744256902486086,
      "scope": "file writes include journal intent/add/flush; excludes this timing receipt and checkpoint writes",
      "mode": "stage4_sealed_cell",
      "banner": "sealed Stage 4; scientific admission also requires complete declared populations"
    },
    {
      "phase": "immediate:257",
      "identity_check_kind": "in_memory_structure_and_configuration",
      "recipe_verification_seconds": 0.0,
      "identity_verification_seconds": 0.0,
      "identity_check_seconds": 0.002256015024613589,
      "state_hash_seconds": 0.02035363402683288,
      "clone_seconds": 0.0,
      "restore_seconds": 0.0,
      "file_write_seconds": 6.376107921823859e-05,
      "operation_seconds": 0.09577877499395981,
      "total_phase_seconds": 0.11856234795413911,
      "scope": "file writes include journal intent/add/flush; excludes this timing receipt and checkpoint writes",
      "mode": "stage4_sealed_cell",
      "banner": "sealed Stage 4; scientific admission also requires complete declared populations"
    },
    {
      "phase": "edit:258",
      "identity_check_kind": "in_memory_structure_and_configuration",
      "recipe_verification_seconds": 0.0,
      "identity_verification_seconds": 0.0,
      "identity_check_seconds": 0.0023427120177075267,
      "state_hash_seconds": 0.0005013120826333761,
      "clone_seconds": 0.0,
      "restore_seconds": 0.0,
      "file_write_seconds": 6.153900176286697e-05,
      "operation_seconds": 0.08435748796910048,
      "total_phase_seconds": 0.08733783103525639,
      "scope": "file writes include journal intent/add/flush; excludes this timing receipt and checkpoint writes",
      "mode": "stage4_sealed_cell",
      "banner": "sealed Stage 4; scientific admission also requires complete declared populations"
    },
    {
      "phase": "immediate:258",
      "identity_check_kind": "in_memory_structure_and_configuration",
      "recipe_verification_seconds": 0.0,
      "identity_verification_seconds": 0.0,
      "identity_check_seconds": 0.00225110596511513,
      "state_hash_seconds": 0.018421669024974108,
      "clone_seconds": 0.0,
      "restore_seconds": 0.0,
      "file_write_seconds": 5.869200685992837e-05,
      "operation_seconds": 0.06923063501017168,
      "total_phase_seconds": 0.09003730700351298,
      "scope": "file writes include journal intent/add/flush; excludes this timing receipt and checkpoint writes",
      "mode": "stage4_sealed_cell",
      "banner": "sealed Stage 4; scientific admission also requires complete declared populations"
    },
    {
      "phase": "edit:259",
      "identity_check_kind": "in_memory_structure_and_configuration",
      "recipe_verification_seconds": 0.0,
      "identity_verification_seconds": 0.0,
      "identity_check_seconds": 0.002005835995078087,
      "state_hash_seconds": 0.0004378200392238796,
      "clone_seconds": 0.0,
      "restore_seconds": 0.0,
      "file_write_seconds": 5.80109772272408e-05,
      "operation_seconds": 0.14382502401713282,
      "total_phase_seconds": 0.14638848800677806,
      "scope": "file writes include journal intent/add/flush; excludes this timing receipt and checkpoint writes",
      "mode": "stage4_sealed_cell",
      "banner": "sealed Stage 4; scientific admission also requires complete declared populations"
    },
    {
      "phase": "immediate:259",
      "identity_check_kind": "in_memory_structure_and_configuration",
      "recipe_verification_seconds": 0.0,
      "identity_verification_seconds": 0.0,
      "identity_check_seconds": 0.002137256960850209,
      "state_hash_seconds": 0.018664564937353134,
      "clone_seconds": 0.0,
      "restore_seconds": 0.0,
      "file_write_seconds": 5.7891011238098145e-05,
      "operation_seconds": 0.08128264202969149,
      "total_phase_seconds": 0.10223047505132854,
      "scope": "file writes include journal intent/add/flush; excludes this timing receipt and checkpoint writes",
      "mode": "stage4_sealed_cell",
      "banner": "sealed Stage 4; scientific admission also requires complete declared populations"
    },
    {
      "phase": "edit:260",
      "identity_check_kind": "in_memory_structure_and_configuration",
      "recipe_verification_seconds": 0.0,
      "identity_verification_seconds": 0.0,
      "identity_check_seconds": 0.002255363971926272,
      "state_hash_seconds": 0.00047584192361682653,
      "clone_seconds": 0.0,
      "restore_seconds": 0.0,
      "file_write_seconds": 5.8812962379306555e-05,
      "operation_seconds": 0.1311256950139068,
      "total_phase_seconds": 0.13398592895828187,
      "scope": "file writes include journal intent/add/flush; excludes this timing receipt and checkpoint writes",
      "mode": "stage4_sealed_cell",
      "banner": "sealed Stage 4; scientific admission also requires complete declared populations"
    },
    {
      "phase": "immediate:260",
      "identity_check_kind": "in_memory_structure_and_configuration",
      "recipe_verification_seconds": 0.0,
      "identity_verification_seconds": 0.0,
      "identity_check_seconds": 0.00206352595705539,
      "state_hash_seconds": 0.018688410113099962,
      "clone_seconds": 0.0,
      "restore_seconds": 0.0,
      "file_write_seconds": 0.022764294990338385,
      "operation_seconds": 0.08060588396620005,
      "total_phase_seconds": 0.12420395499793813,
      "scope": "file writes include journal intent/add/flush; excludes this timing receipt and checkpoint writes",
      "mode": "stage4_sealed_cell",
      "banner": "sealed Stage 4; scientific admission also requires complete declared populations"
    },
    {
      "phase": "edit:261",
      "identity_check_kind": "in_memory_structure_and_configuration",
      "recipe_verification_seconds": 0.0,
      "identity_verification_seconds": 0.0,
      "identity_check_seconds": 0.0023977270466275513,
      "state_hash_seconds": 0.0005294749862514436,
      "clone_seconds": 0.0,
      "restore_seconds": 0.0,
      "file_write_seconds": 0.0011934579815715551,
      "operation_seconds": 0.13076486298814416,
      "total_phase_seconds": 0.1349683830048889,
      "scope": "file writes include journal intent/add/flush; excludes this timing receipt and checkpoint writes",
      "mode": "stage4_sealed_cell",
      "banner": "sealed Stage 4; scientific admission also requires complete declared populations"
    },
    {
      "phase": "immediate:261",
      "identity_check_kind": "in_memory_structure_and_configuration",
      "recipe_verification_seconds": 0.0,
      "identity_verification_seconds": 0.0,
      "identity_check_seconds": 0.002034689940046519,
      "state_hash_seconds": 0.01944881898816675,
      "clone_seconds": 0.0,
      "restore_seconds": 0.0,
      "file_write_seconds": 5.865201819688082e-05,
      "operation_seconds": 0.08448325900826603,
      "total_phase_seconds": 0.10610878100851551,
      "scope": "file writes include journal intent/add/flush; excludes this timing receipt and checkpoint writes",
      "mode": "stage4_sealed_cell",
      "banner": "sealed Stage 4; scientific admission also requires complete declared populations"
    },
    {
      "phase": "edit:262",
      "identity_check_kind": "in_memory_structure_and_configuration",
      "recipe_verification_seconds": 0.0,
      "identity_verification_seconds": 0.0,
      "identity_check_seconds": 0.0021374979405663908,
      "state_hash_seconds": 0.00047916790936142206,
      "clone_seconds": 0.0,
      "restore_seconds": 0.0,
      "file_write_seconds": 6.269104778766632e-05,
      "operation_seconds": 0.2325395240332,
      "total_phase_seconds": 0.23528528900351375,
      "scope": "file writes include journal intent/add/flush; excludes this timing receipt and checkpoint writes",
      "mode": "stage4_sealed_cell",
      "banner": "sealed Stage 4; scientific admission also requires complete declared populations"
    },
    {
      "phase": "immediate:262",
      "identity_check_kind": "in_memory_structure_and_configuration",
      "recipe_verification_seconds": 0.0,
      "identity_verification_seconds": 0.0,
      "identity_check_seconds": 0.002129782980773598,
      "state_hash_seconds": 0.019283752015326172,
      "clone_seconds": 0.0,
      "restore_seconds": 0.0,
      "file_write_seconds": 5.9252954088151455e-05,
      "operation_seconds": 0.10888445202726871,
      "total_phase_seconds": 0.1304499499965459,
      "scope": "file writes include journal intent/add/flush; excludes this timing receipt and checkpoint writes",
      "mode": "stage4_sealed_cell",
      "banner": "sealed Stage 4; scientific admission also requires complete declared populations"
    },
    {
      "phase": "edit:263",
      "identity_check_kind": "in_memory_structure_and_configuration",
      "recipe_verification_seconds": 0.0,
      "identity_verification_seconds": 0.0,
      "identity_check_seconds": 0.002361348073463887,
      "state_hash_seconds": 0.0004803320043720305,
      "clone_seconds": 0.0,
      "restore_seconds": 0.0,
      "file_write_seconds": 5.817197961732745e-05,
      "operation_seconds": 0.16228378401137888,
      "total_phase_seconds": 0.16525681503117085,
      "scope": "file writes include journal intent/add/flush; excludes this timing receipt and checkpoint writes",
      "mode": "stage4_sealed_cell",
      "banner": "sealed Stage 4; scientific admission also requires complete declared populations"
    },
    {
      "phase": "immediate:263",
      "identity_check_kind": "in_memory_structure_and_configuration",
      "recipe_verification_seconds": 0.0,
      "identity_verification_seconds": 0.0,
      "identity_check_seconds": 0.00247593701351434,
      "state_hash_seconds": 0.020139463944360614,
      "clone_seconds": 0.0,
      "restore_seconds": 0.0,
      "file_write_seconds": 6.094702985137701e-05,
      "operation_seconds": 0.09390048397472128,
      "total_phase_seconds": 0.11666641297051683,
      "scope": "file writes include journal intent/add/flush; excludes this timing receipt and checkpoint writes",
      "mode": "stage4_sealed_cell",
      "banner": "sealed Stage 4; scientific admission also requires complete declared populations"
    },
    {
      "phase": "edit:264",
      "identity_check_kind": "in_memory_structure_and_configuration",
      "recipe_verification_seconds": 0.0,
      "identity_verification_seconds": 0.0,
      "identity_check_seconds": 0.002539278008043766,
      "state_hash_seconds": 0.0004572870093397796,
      "clone_seconds": 0.0,
      "restore_seconds": 0.0,
      "file_write_seconds": 5.816202610731125e-05,
      "operation_seconds": 0.12659347604494542,
      "total_phase_seconds": 0.12972058198647574,
      "scope": "file writes include journal intent/add/flush; excludes this timing receipt and checkpoint writes",
      "mode": "stage4_sealed_cell",
      "banner": "sealed Stage 4; scientific admission also requires complete declared populations"
    },
    {
      "phase": "immediate:264",
      "identity_check_kind": "in_memory_structure_and_configuration",
      "recipe_verification_seconds": 0.0,
      "identity_verification_seconds": 0.0,
      "identity_check_seconds": 0.0019365629996173084,
      "state_hash_seconds": 0.019010549993254244,
      "clone_seconds": 0.0,
      "restore_seconds": 0.0,
      "file_write_seconds": 5.8441946748644114e-05,
      "operation_seconds": 0.07486760301981121,
      "total_phase_seconds": 0.09596049401443452,
      "scope": "file writes include journal intent/add/flush; excludes this timing receipt and checkpoint writes",
      "mode": "stage4_sealed_cell",
      "banner": "sealed Stage 4; scientific admission also requires complete declared populations"
    },
    {
      "phase": "edit:265",
      "identity_check_kind": "in_memory_structure_and_configuration",
      "recipe_verification_seconds": 0.0,
      "identity_verification_seconds": 0.0,
      "identity_check_seconds": 0.0020967000164091587,
      "state_hash_seconds": 0.00045331998262554407,
      "clone_seconds": 0.0,
      "restore_seconds": 0.0,
      "file_write_seconds": 6.079598097130656e-05,
      "operation_seconds": 0.11372483195737004,
      "total_phase_seconds": 0.11639861902222037,
      "scope": "file writes include journal intent/add/flush; excludes this timing receipt and checkpoint writes",
      "mode": "stage4_sealed_cell",
      "banner": "sealed Stage 4; scientific admission also requires complete declared populations"
    },
    {
      "phase": "immediate:265",
      "identity_check_kind": "in_memory_structure_and_configuration",
      "recipe_verification_seconds": 0.0,
      "identity_verification_seconds": 0.0,
      "identity_check_seconds": 0.0022702630376443267,
      "state_hash_seconds": 0.019969536981079727,
      "clone_seconds": 0.0,
      "restore_seconds": 0.0,
      "file_write_seconds": 5.918298847973347e-05,
      "operation_seconds": 0.06475930195301771,
      "total_phase_seconds": 0.08715583302546293,
      "scope": "file writes include journal intent/add/flush; excludes this timing receipt and checkpoint writes",
      "mode": "stage4_sealed_cell",
      "banner": "sealed Stage 4; scientific admission also requires complete declared populations"
    },
    {
      "phase": "edit:266",
      "identity_check_kind": "in_memory_structure_and_configuration",
      "recipe_verification_seconds": 0.0,
      "identity_verification_seconds": 0.0,
      "identity_check_seconds": 0.0021472970256581903,
      "state_hash_seconds": 0.0004385199281387031,
      "clone_seconds": 0.0,
      "restore_seconds": 0.0,
      "file_write_seconds": 5.906302249059081e-05,
      "operation_seconds": 0.17504332796670496,
      "total_phase_seconds": 0.17774867499247193,
      "scope": "file writes include journal intent/add/flush; excludes this timing receipt and checkpoint writes",
      "mode": "stage4_sealed_cell",
      "banner": "sealed Stage 4; scientific admission also requires complete declared populations"
    },
    {
      "phase": "immediate:266",
      "identity_check_kind": "in_memory_structure_and_configuration",
      "recipe_verification_seconds": 0.0,
      "identity_verification_seconds": 0.0,
      "identity_check_seconds": 0.0028663859702646732,
      "state_hash_seconds": 0.02055469900369644,
      "clone_seconds": 0.0,
      "restore_seconds": 0.0,
      "file_write_seconds": 5.95029559917748e-05,
      "operation_seconds": 0.10202854801900685,
      "total_phase_seconds": 0.1256069240043871,
      "scope": "file writes include journal intent/add/flush; excludes this timing receipt and checkpoint writes",
      "mode": "stage4_sealed_cell",
      "banner": "sealed Stage 4; scientific admission also requires complete declared populations"
    },
    {
      "phase": "edit:267",
      "identity_check_kind": "in_memory_structure_and_configuration",
      "recipe_verification_seconds": 0.0,
      "identity_verification_seconds": 0.0,
      "identity_check_seconds": 0.0021596610313281417,
      "state_hash_seconds": 0.0004537000204436481,
      "clone_seconds": 0.0,
      "restore_seconds": 0.0,
      "file_write_seconds": 5.878304364159703e-05,
      "operation_seconds": 0.08792520803399384,
      "total_phase_seconds": 0.09066157502820715,
      "scope": "file writes include journal intent/add/flush; excludes this timing receipt and checkpoint writes",
      "mode": "stage4_sealed_cell",
      "banner": "sealed Stage 4; scientific admission also requires complete declared populations"
    },
    {
      "phase": "immediate:267",
      "identity_check_kind": "in_memory_structure_and_configuration",
      "recipe_verification_seconds": 0.0,
      "identity_verification_seconds": 0.0,
      "identity_check_seconds": 0.0019247509771957994,
      "state_hash_seconds": 0.019163002027198672,
      "clone_seconds": 0.0,
      "restore_seconds": 0.0,
      "file_write_seconds": 5.670799873769283e-05,
      "operation_seconds": 0.07776448701042682,
      "total_phase_seconds": 0.09898796799825504,
      "scope": "file writes include journal intent/add/flush; excludes this timing receipt and checkpoint writes",
      "mode": "stage4_sealed_cell",
      "banner": "sealed Stage 4; scientific admission also requires complete declared populations"
    },
    {
      "phase": "edit:268",
      "identity_check_kind": "in_memory_structure_and_configuration",
      "recipe_verification_seconds": 0.0,
      "identity_verification_seconds": 0.0,
      "identity_check_seconds": 0.0020201929728500545,
      "state_hash_seconds": 0.00044028402771800756,
      "clone_seconds": 0.0,
      "restore_seconds": 0.0,
      "file_write_seconds": 6.0727004893124104e-05,
      "operation_seconds": 0.18543113401392475,
      "total_phase_seconds": 0.188019216991961,
      "scope": "file writes include journal intent/add/flush; excludes this timing receipt and checkpoint writes",
      "mode": "stage4_sealed_cell",
      "banner": "sealed Stage 4; scientific admission also requires complete declared populations"
    },
    {
      "phase": "immediate:268",
      "identity_check_kind": "in_memory_structure_and_configuration",
      "recipe_verification_seconds": 0.0,
      "identity_verification_seconds": 0.0,
      "identity_check_seconds": 0.0020861499942839146,
      "state_hash_seconds": 0.019462774973362684,
      "clone_seconds": 0.0,
      "restore_seconds": 0.0,
      "file_write_seconds": 5.748000694438815e-05,
      "operation_seconds": 0.09311526897363365,
      "total_phase_seconds": 0.11480634601321071,
      "scope": "file writes include journal intent/add/flush; excludes this timing receipt and checkpoint writes",
      "mode": "stage4_sealed_cell",
      "banner": "sealed Stage 4; scientific admission also requires complete declared populations"
    },
    {
      "phase": "edit:269",
      "identity_check_kind": "in_memory_structure_and_configuration",
      "recipe_verification_seconds": 0.0,
      "identity_verification_seconds": 0.0,
      "identity_check_seconds": 0.0021194040309637785,
      "state_hash_seconds": 0.0004528780118562281,
      "clone_seconds": 0.0,
      "restore_seconds": 0.0,
      "file_write_seconds": 5.8253004681319e-05,
      "operation_seconds": 0.20343777805101126,
      "total_phase_seconds": 0.20613303600111976,
      "scope": "file writes include journal intent/add/flush; excludes this timing receipt and checkpoint writes",
      "mode": "stage4_sealed_cell",
      "banner": "sealed Stage 4; scientific admission also requires complete declared populations"
    },
    {
      "phase": "immediate:269",
      "identity_check_kind": "in_memory_structure_and_configuration",
      "recipe_verification_seconds": 0.0,
      "identity_verification_seconds": 0.0,
      "identity_check_seconds": 0.0021452640066854656,
      "state_hash_seconds": 0.020812001021113247,
      "clone_seconds": 0.0,
      "restore_seconds": 0.0,
      "file_write_seconds": 6.3452054746449e-05,
      "operation_seconds": 0.11727423901902512,
      "total_phase_seconds": 0.1403893170063384,
      "scope": "file writes include journal intent/add/flush; excludes this timing receipt and checkpoint writes",
      "mode": "stage4_sealed_cell",
      "banner": "sealed Stage 4; scientific admission also requires complete declared populations"
    },
    {
      "phase": "edit:270",
      "identity_check_kind": "in_memory_structure_and_configuration",
      "recipe_verification_seconds": 0.0,
      "identity_verification_seconds": 0.0,
      "identity_check_seconds": 0.002181943040341139,
      "state_hash_seconds": 0.00046716496581211686,
      "clone_seconds": 0.0,
      "restore_seconds": 0.0,
      "file_write_seconds": 5.825096741318703e-05,
      "operation_seconds": 0.08851604000665247,
      "total_phase_seconds": 0.09128934697946534,
      "scope": "file writes include journal intent/add/flush; excludes this timing receipt and checkpoint writes",
      "mode": "stage4_sealed_cell",
      "banner": "sealed Stage 4; scientific admission also requires complete declared populations"
    },
    {
      "phase": "immediate:270",
      "identity_check_kind": "in_memory_structure_and_configuration",
      "recipe_verification_seconds": 0.0,
      "identity_verification_seconds": 0.0,
      "identity_check_seconds": 0.0019509609555825591,
      "state_hash_seconds": 0.0193852559896186,
      "clone_seconds": 0.0,
      "restore_seconds": 0.0,
      "file_write_seconds": 5.7892000768333673e-05,
      "operation_seconds": 0.06872330198530108,
      "total_phase_seconds": 0.0901985060190782,
      "scope": "file writes include journal intent/add/flush; excludes this timing receipt and checkpoint writes",
      "mode": "stage4_sealed_cell",
      "banner": "sealed Stage 4; scientific admission also requires complete declared populations"
    },
    {
      "phase": "edit:271",
      "identity_check_kind": "in_memory_structure_and_configuration",
      "recipe_verification_seconds": 0.0,
      "identity_verification_seconds": 0.0,
      "identity_check_seconds": 0.0021489509963430464,
      "state_hash_seconds": 0.0004595409845933318,
      "clone_seconds": 0.0,
      "restore_seconds": 0.0,
      "file_write_seconds": 5.9493002481758595e-05,
      "operation_seconds": 0.2066237370017916,
      "total_phase_seconds": 0.20935536397155374,
      "scope": "file writes include journal intent/add/flush; excludes this timing receipt and checkpoint writes",
      "mode": "stage4_sealed_cell",
      "banner": "sealed Stage 4; scientific admission also requires complete declared populations"
    },
    {
      "phase": "immediate:271",
      "identity_check_kind": "in_memory_structure_and_configuration",
      "recipe_verification_seconds": 0.0,
      "identity_verification_seconds": 0.0,
      "identity_check_seconds": 0.0021794879576191306,
      "state_hash_seconds": 0.019744755991268903,
      "clone_seconds": 0.0,
      "restore_seconds": 0.0,
      "file_write_seconds": 5.9253943618386984e-05,
      "operation_seconds": 0.09896429302170873,
      "total_phase_seconds": 0.12103559996467084,
      "scope": "file writes include journal intent/add/flush; excludes this timing receipt and checkpoint writes",
      "mode": "stage4_sealed_cell",
      "banner": "sealed Stage 4; scientific admission also requires complete declared populations"
    },
    {
      "phase": "edit:272",
      "identity_check_kind": "in_memory_structure_and_configuration",
      "recipe_verification_seconds": 0.0,
      "identity_verification_seconds": 0.0,
      "identity_check_seconds": 0.002444397017825395,
      "state_hash_seconds": 0.0005586309707723558,
      "clone_seconds": 0.0,
      "restore_seconds": 0.0,
      "file_write_seconds": 5.8402016293257475e-05,
      "operation_seconds": 0.15506980300415307,
      "total_phase_seconds": 0.15820465300930664,
      "scope": "file writes include journal intent/add/flush; excludes this timing receipt and checkpoint writes",
      "mode": "stage4_sealed_cell",
      "banner": "sealed Stage 4; scientific admission also requires complete declared populations"
    },
    {
      "phase": "immediate:272",
      "identity_check_kind": "in_memory_structure_and_configuration",
      "recipe_verification_seconds": 0.0,
      "identity_verification_seconds": 0.0,
      "identity_check_seconds": 0.002190339961089194,
      "state_hash_seconds": 0.02060509705916047,
      "clone_seconds": 0.0,
      "restore_seconds": 0.0,
      "file_write_seconds": 5.813100142404437e-05,
      "operation_seconds": 0.09423892199993134,
      "total_phase_seconds": 0.11718651000410318,
      "scope": "file writes include journal intent/add/flush; excludes this timing receipt and checkpoint writes",
      "mode": "stage4_sealed_cell",
      "banner": "sealed Stage 4; scientific admission also requires complete declared populations"
    },
    {
      "phase": "edit:273",
      "identity_check_kind": "in_memory_structure_and_configuration",
      "recipe_verification_seconds": 0.0,
      "identity_verification_seconds": 0.0,
      "identity_check_seconds": 0.002190770988818258,
      "state_hash_seconds": 0.0004445319063961506,
      "clone_seconds": 0.0,
      "restore_seconds": 0.0,
      "file_write_seconds": 6.085599306970835e-05,
      "operation_seconds": 0.1281825420446694,
      "total_phase_seconds": 0.1309445880469866,
      "scope": "file writes include journal intent/add/flush; excludes this timing receipt and checkpoint writes",
      "mode": "stage4_sealed_cell",
      "banner": "sealed Stage 4; scientific admission also requires complete declared populations"
    },
    {
      "phase": "immediate:273",
      "identity_check_kind": "in_memory_structure_and_configuration",
      "recipe_verification_seconds": 0.0,
      "identity_verification_seconds": 0.0,
      "identity_check_seconds": 0.0021657829638570547,
      "state_hash_seconds": 0.02039225900080055,
      "clone_seconds": 0.0,
      "restore_seconds": 0.0,
      "file_write_seconds": 5.74400182813406e-05,
      "operation_seconds": 0.07839685899671167,
      "total_phase_seconds": 0.10110047803027555,
      "scope": "file writes include journal intent/add/flush; excludes this timing receipt and checkpoint writes",
      "mode": "stage4_sealed_cell",
      "banner": "sealed Stage 4; scientific admission also requires complete declared populations"
    },
    {
      "phase": "edit:274",
      "identity_check_kind": "in_memory_structure_and_configuration",
      "recipe_verification_seconds": 0.0,
      "identity_verification_seconds": 0.0,
      "identity_check_seconds": 0.0021122400066815317,
      "state_hash_seconds": 0.00045318901538848877,
      "clone_seconds": 0.0,
      "restore_seconds": 0.0,
      "file_write_seconds": 6.235000910237432e-05,
      "operation_seconds": 0.10941357701085508,
      "total_phase_seconds": 0.11210476700216532,
      "scope": "file writes include journal intent/add/flush; excludes this timing receipt and checkpoint writes",
      "mode": "stage4_sealed_cell",
      "banner": "sealed Stage 4; scientific admission also requires complete declared populations"
    },
    {
      "phase": "immediate:274",
      "identity_check_kind": "in_memory_structure_and_configuration",
      "recipe_verification_seconds": 0.0,
      "identity_verification_seconds": 0.0,
      "identity_check_seconds": 0.0020481569808907807,
      "state_hash_seconds": 0.020260204968508333,
      "clone_seconds": 0.0,
      "restore_seconds": 0.0,
      "file_write_seconds": 5.8703008107841015e-05,
      "operation_seconds": 0.06938317697495222,
      "total_phase_seconds": 0.09183853102149442,
      "scope": "file writes include journal intent/add/flush; excludes this timing receipt and checkpoint writes",
      "mode": "stage4_sealed_cell",
      "banner": "sealed Stage 4; scientific admission also requires complete declared populations"
    },
    {
      "phase": "edit:275",
      "identity_check_kind": "in_memory_structure_and_configuration",
      "recipe_verification_seconds": 0.0,
      "identity_verification_seconds": 0.0,
      "identity_check_seconds": 0.0020758200553245842,
      "state_hash_seconds": 0.0004220599657855928,
      "clone_seconds": 0.0,
      "restore_seconds": 0.0,
      "file_write_seconds": 5.676806904375553e-05,
      "operation_seconds": 0.07954008103115484,
      "total_phase_seconds": 0.08215462404768914,
      "scope": "file writes include journal intent/add/flush; excludes this timing receipt and checkpoint writes",
      "mode": "stage4_sealed_cell",
      "banner": "sealed Stage 4; scientific admission also requires complete declared populations"
    },
    {
      "phase": "immediate:275",
      "identity_check_kind": "in_memory_structure_and_configuration",
      "recipe_verification_seconds": 0.0,
      "identity_verification_seconds": 0.0,
      "identity_check_seconds": 0.002186443016398698,
      "state_hash_seconds": 0.020277978910598904,
      "clone_seconds": 0.0,
      "restore_seconds": 0.0,
      "file_write_seconds": 5.839101504534483e-05,
      "operation_seconds": 0.06891460897168145,
      "total_phase_seconds": 0.09151967900106683,
      "scope": "file writes include journal intent/add/flush; excludes this timing receipt and checkpoint writes",
      "mode": "stage4_sealed_cell",
      "banner": "sealed Stage 4; scientific admission also requires complete declared populations"
    },
    {
      "phase": "edit:276",
      "identity_check_kind": "in_memory_structure_and_configuration",
      "recipe_verification_seconds": 0.0,
      "identity_verification_seconds": 0.0,
      "identity_check_seconds": 0.002019712992478162,
      "state_hash_seconds": 0.00045534304808825254,
      "clone_seconds": 0.0,
      "restore_seconds": 0.0,
      "file_write_seconds": 5.7790952268987894e-05,
      "operation_seconds": 0.122335231048055,
      "total_phase_seconds": 0.12493385403649881,
      "scope": "file writes include journal intent/add/flush; excludes this timing receipt and checkpoint writes",
      "mode": "stage4_sealed_cell",
      "banner": "sealed Stage 4; scientific admission also requires complete declared populations"
    },
    {
      "phase": "immediate:276",
      "identity_check_kind": "in_memory_structure_and_configuration",
      "recipe_verification_seconds": 0.0,
      "identity_verification_seconds": 0.0,
      "identity_check_seconds": 0.0020502620027400553,
      "state_hash_seconds": 0.020244204031769186,
      "clone_seconds": 0.0,
      "restore_seconds": 0.0,
      "file_write_seconds": 0.021593542012851685,
      "operation_seconds": 0.07937618700088933,
      "total_phase_seconds": 0.12335506599629298,
      "scope": "file writes include journal intent/add/flush; excludes this timing receipt and checkpoint writes",
      "mode": "stage4_sealed_cell",
      "banner": "sealed Stage 4; scientific admission also requires complete declared populations"
    },
    {
      "phase": "edit:277",
      "identity_check_kind": "in_memory_structure_and_configuration",
      "recipe_verification_seconds": 0.0,
      "identity_verification_seconds": 0.0,
      "identity_check_seconds": 0.0021898489794693887,
      "state_hash_seconds": 0.00047875894233584404,
      "clone_seconds": 0.0,
      "restore_seconds": 0.0,
      "file_write_seconds": 0.001121709996368736,
      "operation_seconds": 0.2554319059709087,
      "total_phase_seconds": 0.2592895830166526,
      "scope": "file writes include journal intent/add/flush; excludes this timing receipt and checkpoint writes",
      "mode": "stage4_sealed_cell",
      "banner": "sealed Stage 4; scientific admission also requires complete declared populations"
    },
    {
      "phase": "immediate:277",
      "identity_check_kind": "in_memory_structure_and_configuration",
      "recipe_verification_seconds": 0.0,
      "identity_verification_seconds": 0.0,
      "identity_check_seconds": 0.0023698940058238804,
      "state_hash_seconds": 0.021199083945248276,
      "clone_seconds": 0.0,
      "restore_seconds": 0.0,
      "file_write_seconds": 6.181898061186075e-05,
      "operation_seconds": 0.08742569002788514,
      "total_phase_seconds": 0.1111631509847939,
      "scope": "file writes include journal intent/add/flush; excludes this timing receipt and checkpoint writes",
      "mode": "stage4_sealed_cell",
      "banner": "sealed Stage 4; scientific admission also requires complete declared populations"
    },
    {
      "phase": "edit:278",
      "identity_check_kind": "in_memory_structure_and_configuration",
      "recipe_verification_seconds": 0.0,
      "identity_verification_seconds": 0.0,
      "identity_check_seconds": 0.0021414760267362,
      "state_hash_seconds": 0.000488999008666724,
      "clone_seconds": 0.0,
      "restore_seconds": 0.0,
      "file_write_seconds": 6.242998642846942e-05,
      "operation_seconds": 0.08591250900644809,
      "total_phase_seconds": 0.08867269998881966,
      "scope": "file writes include journal intent/add/flush; excludes this timing receipt and checkpoint writes",
      "mode": "stage4_sealed_cell",
      "banner": "sealed Stage 4; scientific admission also requires complete declared populations"
    },
    {
      "phase": "immediate:278",
      "identity_check_kind": "in_memory_structure_and_configuration",
      "recipe_verification_seconds": 0.0,
      "identity_verification_seconds": 0.0,
      "identity_check_seconds": 0.002054229029454291,
      "state_hash_seconds": 0.020676392945460975,
      "clone_seconds": 0.0,
      "restore_seconds": 0.0,
      "file_write_seconds": 5.785201210528612e-05,
      "operation_seconds": 0.08094472403172404,
      "total_phase_seconds": 0.10382207704242319,
      "scope": "file writes include journal intent/add/flush; excludes this timing receipt and checkpoint writes",
      "mode": "stage4_sealed_cell",
      "banner": "sealed Stage 4; scientific admission also requires complete declared populations"
    },
    {
      "phase": "edit:279",
      "identity_check_kind": "in_memory_structure_and_configuration",
      "recipe_verification_seconds": 0.0,
      "identity_verification_seconds": 0.0,
      "identity_check_seconds": 0.0022771270014345646,
      "state_hash_seconds": 0.0004795700078830123,
      "clone_seconds": 0.0,
      "restore_seconds": 0.0,
      "file_write_seconds": 6.375095108523965e-05,
      "operation_seconds": 0.19749515398871154,
      "total_phase_seconds": 0.20038995501818135,
      "scope": "file writes include journal intent/add/flush; excludes this timing receipt and checkpoint writes",
      "mode": "stage4_sealed_cell",
      "banner": "sealed Stage 4; scientific admission also requires complete declared populations"
    },
    {
      "phase": "immediate:279",
      "identity_check_kind": "in_memory_structure_and_configuration",
      "recipe_verification_seconds": 0.0,
      "identity_verification_seconds": 0.0,
      "identity_check_seconds": 0.002439367992337793,
      "state_hash_seconds": 0.020368480996694416,
      "clone_seconds": 0.0,
      "restore_seconds": 0.0,
      "file_write_seconds": 5.926296580582857e-05,
      "operation_seconds": 0.09789613401517272,
      "total_phase_seconds": 0.12084257899550721,
      "scope": "file writes include journal intent/add/flush; excludes this timing receipt and checkpoint writes",
      "mode": "stage4_sealed_cell",
      "banner": "sealed Stage 4; scientific admission also requires complete declared populations"
    },
    {
      "phase": "edit:280",
      "identity_check_kind": "in_memory_structure_and_configuration",
      "recipe_verification_seconds": 0.0,
      "identity_verification_seconds": 0.0,
      "identity_check_seconds": 0.0021256260224618018,
      "state_hash_seconds": 0.00046728504821658134,
      "clone_seconds": 0.0,
      "restore_seconds": 0.0,
      "file_write_seconds": 6.655702600255609e-05,
      "operation_seconds": 0.0769262799876742,
      "total_phase_seconds": 0.07965041202260181,
      "scope": "file writes include journal intent/add/flush; excludes this timing receipt and checkpoint writes",
      "mode": "stage4_sealed_cell",
      "banner": "sealed Stage 4; scientific admission also requires complete declared populations"
    },
    {
      "phase": "immediate:280",
      "identity_check_kind": "in_memory_structure_and_configuration",
      "recipe_verification_seconds": 0.0,
      "identity_verification_seconds": 0.0,
      "identity_check_seconds": 0.0019817790016531944,
      "state_hash_seconds": 0.02071706100832671,
      "clone_seconds": 0.0,
      "restore_seconds": 0.0,
      "file_write_seconds": 6.0255988501012325e-05,
      "operation_seconds": 0.06880219402955845,
      "total_phase_seconds": 0.09166679199552163,
      "scope": "file writes include journal intent/add/flush; excludes this timing receipt and checkpoint writes",
      "mode": "stage4_sealed_cell",
      "banner": "sealed Stage 4; scientific admission also requires complete declared populations"
    },
    {
      "phase": "edit:281",
      "identity_check_kind": "in_memory_structure_and_configuration",
      "recipe_verification_seconds": 0.0,
      "identity_verification_seconds": 0.0,
      "identity_check_seconds": 0.002202071947976947,
      "state_hash_seconds": 0.00047967099817469716,
      "clone_seconds": 0.0,
      "restore_seconds": 0.0,
      "file_write_seconds": 5.843298276886344e-05,
      "operation_seconds": 0.07664038200164214,
      "total_phase_seconds": 0.07943958800751716,
      "scope": "file writes include journal intent/add/flush; excludes this timing receipt and checkpoint writes",
      "mode": "stage4_sealed_cell",
      "banner": "sealed Stage 4; scientific admission also requires complete declared populations"
    },
    {
      "phase": "immediate:281",
      "identity_check_kind": "in_memory_structure_and_configuration",
      "recipe_verification_seconds": 0.0,
      "identity_verification_seconds": 0.0,
      "identity_check_seconds": 0.001994995051063597,
      "state_hash_seconds": 0.020797656034119427,
      "clone_seconds": 0.0,
      "restore_seconds": 0.0,
      "file_write_seconds": 5.803199019283056e-05,
      "operation_seconds": 0.06424072803929448,
      "total_phase_seconds": 0.08717543998500332,
      "scope": "file writes include journal intent/add/flush; excludes this timing receipt and checkpoint writes",
      "mode": "stage4_sealed_cell",
      "banner": "sealed Stage 4; scientific admission also requires complete declared populations"
    },
    {
      "phase": "edit:282",
      "identity_check_kind": "in_memory_structure_and_configuration",
      "recipe_verification_seconds": 0.0,
      "identity_verification_seconds": 0.0,
      "identity_check_seconds": 0.002052065043244511,
      "state_hash_seconds": 0.0004510850994847715,
      "clone_seconds": 0.0,
      "restore_seconds": 0.0,
      "file_write_seconds": 5.835102638229728e-05,
      "operation_seconds": 0.08078233303967863,
      "total_phase_seconds": 0.08340380899608135,
      "scope": "file writes include journal intent/add/flush; excludes this timing receipt and checkpoint writes",
      "mode": "stage4_sealed_cell",
      "banner": "sealed Stage 4; scientific admission also requires complete declared populations"
    },
    {
      "phase": "immediate:282",
      "identity_check_kind": "in_memory_structure_and_configuration",
      "recipe_verification_seconds": 0.0,
      "identity_verification_seconds": 0.0,
      "identity_check_seconds": 0.0019435970461927354,
      "state_hash_seconds": 0.020571772067341954,
      "clone_seconds": 0.0,
      "restore_seconds": 0.0,
      "file_write_seconds": 5.743000656366348e-05,
      "operation_seconds": 0.07406640698900446,
      "total_phase_seconds": 0.09672529995441437,
      "scope": "file writes include journal intent/add/flush; excludes this timing receipt and checkpoint writes",
      "mode": "stage4_sealed_cell",
      "banner": "sealed Stage 4; scientific admission also requires complete declared populations"
    },
    {
      "phase": "edit:283",
      "identity_check_kind": "in_memory_structure_and_configuration",
      "recipe_verification_seconds": 0.0,
      "identity_verification_seconds": 0.0,
      "identity_check_seconds": 0.0021247139666229486,
      "state_hash_seconds": 0.00046997994650155306,
      "clone_seconds": 0.0,
      "restore_seconds": 0.0,
      "file_write_seconds": 6.059696897864342e-05,
      "operation_seconds": 0.23578210099367425,
      "total_phase_seconds": 0.23849856003653258,
      "scope": "file writes include journal intent/add/flush; excludes this timing receipt and checkpoint writes",
      "mode": "stage4_sealed_cell",
      "banner": "sealed Stage 4; scientific admission also requires complete declared populations"
    },
    {
      "phase": "immediate:283",
      "identity_check_kind": "in_memory_structure_and_configuration",
      "recipe_verification_seconds": 0.0,
      "identity_verification_seconds": 0.0,
      "identity_check_seconds": 0.002070329966954887,
      "state_hash_seconds": 0.02106253197416663,
      "clone_seconds": 0.0,
      "restore_seconds": 0.0,
      "file_write_seconds": 6.05260138399899e-05,
      "operation_seconds": 0.10116904001915827,
      "total_phase_seconds": 0.12447286996757612,
      "scope": "file writes include journal intent/add/flush; excludes this timing receipt and checkpoint writes",
      "mode": "stage4_sealed_cell",
      "banner": "sealed Stage 4; scientific admission also requires complete declared populations"
    },
    {
      "phase": "edit:284",
      "identity_check_kind": "in_memory_structure_and_configuration",
      "recipe_verification_seconds": 0.0,
      "identity_verification_seconds": 0.0,
      "identity_check_seconds": 0.0022124620154500008,
      "state_hash_seconds": 0.0005071430350653827,
      "clone_seconds": 0.0,
      "restore_seconds": 0.0,
      "file_write_seconds": 5.9232988860458136e-05,
      "operation_seconds": 0.07995385403046384,
      "total_phase_seconds": 0.08280442998511717,
      "scope": "file writes include journal intent/add/flush; excludes this timing receipt and checkpoint writes",
      "mode": "stage4_sealed_cell",
      "banner": "sealed Stage 4; scientific admission also requires complete declared populations"
    },
    {
      "phase": "immediate:284",
      "identity_check_kind": "in_memory_structure_and_configuration",
      "recipe_verification_seconds": 0.0,
      "identity_verification_seconds": 0.0,
      "identity_check_seconds": 0.0019455100409686565,
      "state_hash_seconds": 0.02123493200633675,
      "clone_seconds": 0.0,
      "restore_seconds": 0.0,
      "file_write_seconds": 5.838199285790324e-05,
      "operation_seconds": 0.06923786801053211,
      "total_phase_seconds": 0.092567207000684,
      "scope": "file writes include journal intent/add/flush; excludes this timing receipt and checkpoint writes",
      "mode": "stage4_sealed_cell",
      "banner": "sealed Stage 4; scientific admission also requires complete declared populations"
    },
    {
      "phase": "edit:285",
      "identity_check_kind": "in_memory_structure_and_configuration",
      "recipe_verification_seconds": 0.0,
      "identity_verification_seconds": 0.0,
      "identity_check_seconds": 0.002347220026422292,
      "state_hash_seconds": 0.0004479199997149408,
      "clone_seconds": 0.0,
      "restore_seconds": 0.0,
      "file_write_seconds": 5.799101199954748e-05,
      "operation_seconds": 0.11059166601626202,
      "total_phase_seconds": 0.11350591399241239,
      "scope": "file writes include journal intent/add/flush; excludes this timing receipt and checkpoint writes",
      "mode": "stage4_sealed_cell",
      "banner": "sealed Stage 4; scientific admission also requires complete declared populations"
    },
    {
      "phase": "immediate:285",
      "identity_check_kind": "in_memory_structure_and_configuration",
      "recipe_verification_seconds": 0.0,
      "identity_verification_seconds": 0.0,
      "identity_check_seconds": 0.001953965926077217,
      "state_hash_seconds": 0.020678144006524235,
      "clone_seconds": 0.0,
      "restore_seconds": 0.0,
      "file_write_seconds": 5.8031000662595034e-05,
      "operation_seconds": 0.07721689704339951,
      "total_phase_seconds": 0.09999156201956794,
      "scope": "file writes include journal intent/add/flush; excludes this timing receipt and checkpoint writes",
      "mode": "stage4_sealed_cell",
      "banner": "sealed Stage 4; scientific admission also requires complete declared populations"
    },
    {
      "phase": "edit:286",
      "identity_check_kind": "in_memory_structure_and_configuration",
      "recipe_verification_seconds": 0.0,
      "identity_verification_seconds": 0.0,
      "identity_check_seconds": 0.002142347046174109,
      "state_hash_seconds": 0.00047813699347898364,
      "clone_seconds": 0.0,
      "restore_seconds": 0.0,
      "file_write_seconds": 5.836202763020992e-05,
      "operation_seconds": 0.12653209798736498,
      "total_phase_seconds": 0.12927601899718866,
      "scope": "file writes include journal intent/add/flush; excludes this timing receipt and checkpoint writes",
      "mode": "stage4_sealed_cell",
      "banner": "sealed Stage 4; scientific admission also requires complete declared populations"
    },
    {
      "phase": "immediate:286",
      "identity_check_kind": "in_memory_structure_and_configuration",
      "recipe_verification_seconds": 0.0,
      "identity_verification_seconds": 0.0,
      "identity_check_seconds": 0.0019743949524126947,
      "state_hash_seconds": 0.020978212007321417,
      "clone_seconds": 0.0,
      "restore_seconds": 0.0,
      "file_write_seconds": 5.8142002671957016e-05,
      "operation_seconds": 0.08062731596874073,
      "total_phase_seconds": 0.1037294790148735,
      "scope": "file writes include journal intent/add/flush; excludes this timing receipt and checkpoint writes",
      "mode": "stage4_sealed_cell",
      "banner": "sealed Stage 4; scientific admission also requires complete declared populations"
    },
    {
      "phase": "edit:287",
      "identity_check_kind": "in_memory_structure_and_configuration",
      "recipe_verification_seconds": 0.0,
      "identity_verification_seconds": 0.0,
      "identity_check_seconds": 0.0021745279664173722,
      "state_hash_seconds": 0.0005214300472289324,
      "clone_seconds": 0.0,
      "restore_seconds": 0.0,
      "file_write_seconds": 5.758099723607302e-05,
      "operation_seconds": 0.08512658101972193,
      "total_phase_seconds": 0.08794873300939798,
      "scope": "file writes include journal intent/add/flush; excludes this timing receipt and checkpoint writes",
      "mode": "stage4_sealed_cell",
      "banner": "sealed Stage 4; scientific admission also requires complete declared populations"
    },
    {
      "phase": "immediate:287",
      "identity_check_kind": "in_memory_structure_and_configuration",
      "recipe_verification_seconds": 0.0,
      "identity_verification_seconds": 0.0,
      "identity_check_seconds": 0.0021466659964062274,
      "state_hash_seconds": 0.021950363996438682,
      "clone_seconds": 0.0,
      "restore_seconds": 0.0,
      "file_write_seconds": 5.905405851081014e-05,
      "operation_seconds": 0.06992169003933668,
      "total_phase_seconds": 0.09417265601223335,
      "scope": "file writes include journal intent/add/flush; excludes this timing receipt and checkpoint writes",
      "mode": "stage4_sealed_cell",
      "banner": "sealed Stage 4; scientific admission also requires complete declared populations"
    },
    {
      "phase": "edit:288",
      "identity_check_kind": "in_memory_structure_and_configuration",
      "recipe_verification_seconds": 0.0,
      "identity_verification_seconds": 0.0,
      "identity_check_seconds": 0.002116528048645705,
      "state_hash_seconds": 0.00047925999388098717,
      "clone_seconds": 0.0,
      "restore_seconds": 0.0,
      "file_write_seconds": 5.99650084041059e-05,
      "operation_seconds": 0.14290436799637973,
      "total_phase_seconds": 0.14562129700789228,
      "scope": "file writes include journal intent/add/flush; excludes this timing receipt and checkpoint writes",
      "mode": "stage4_sealed_cell",
      "banner": "sealed Stage 4; scientific admission also requires complete declared populations"
    },
    {
      "phase": "immediate:288",
      "identity_check_kind": "in_memory_structure_and_configuration",
      "recipe_verification_seconds": 0.0,
      "identity_verification_seconds": 0.0,
      "identity_check_seconds": 0.0020927530131302774,
      "state_hash_seconds": 0.021150019951164722,
      "clone_seconds": 0.0,
      "restore_seconds": 0.0,
      "file_write_seconds": 5.755102029070258e-05,
      "operation_seconds": 0.09538344701286405,
      "total_phase_seconds": 0.1187723699840717,
      "scope": "file writes include journal intent/add/flush; excludes this timing receipt and checkpoint writes",
      "mode": "stage4_sealed_cell",
      "banner": "sealed Stage 4; scientific admission also requires complete declared populations"
    },
    {
      "phase": "edit:289",
      "identity_check_kind": "in_memory_structure_and_configuration",
      "recipe_verification_seconds": 0.0,
      "identity_verification_seconds": 0.0,
      "identity_check_seconds": 0.002162855991628021,
      "state_hash_seconds": 0.0005093559739179909,
      "clone_seconds": 0.0,
      "restore_seconds": 0.0,
      "file_write_seconds": 5.916407098993659e-05,
      "operation_seconds": 0.13008124299813062,
      "total_phase_seconds": 0.13287872599903494,
      "scope": "file writes include journal intent/add/flush; excludes this timing receipt and checkpoint writes",
      "mode": "stage4_sealed_cell",
      "banner": "sealed Stage 4; scientific admission also requires complete declared populations"
    },
    {
      "phase": "immediate:289",
      "identity_check_kind": "in_memory_structure_and_configuration",
      "recipe_verification_seconds": 0.0,
      "identity_verification_seconds": 0.0,
      "identity_check_seconds": 0.0020155649399384856,
      "state_hash_seconds": 0.020820268022362143,
      "clone_seconds": 0.0,
      "restore_seconds": 0.0,
      "file_write_seconds": 5.7049968745559454e-05,
      "operation_seconds": 0.06783224403625354,
      "total_phase_seconds": 0.09080711397109553,
      "scope": "file writes include journal intent/add/flush; excludes this timing receipt and checkpoint writes",
      "mode": "stage4_sealed_cell",
      "banner": "sealed Stage 4; scientific admission also requires complete declared populations"
    },
    {
      "phase": "edit:290",
      "identity_check_kind": "in_memory_structure_and_configuration",
      "recipe_verification_seconds": 0.0,
      "identity_verification_seconds": 0.0,
      "identity_check_seconds": 0.0020946169970557094,
      "state_hash_seconds": 0.0004956600023433566,
      "clone_seconds": 0.0,
      "restore_seconds": 0.0,
      "file_write_seconds": 6.0395977925509214e-05,
      "operation_seconds": 0.29682613001205027,
      "total_phase_seconds": 0.29954029398504645,
      "scope": "file writes include journal intent/add/flush; excludes this timing receipt and checkpoint writes",
      "mode": "stage4_sealed_cell",
      "banner": "sealed Stage 4; scientific admission also requires complete declared populations"
    },
    {
      "phase": "immediate:290",
      "identity_check_kind": "in_memory_structure_and_configuration",
      "recipe_verification_seconds": 0.0,
      "identity_verification_seconds": 0.0,
      "identity_check_seconds": 0.002151716034859419,
      "state_hash_seconds": 0.021648725029081106,
      "clone_seconds": 0.0,
      "restore_seconds": 0.0,
      "file_write_seconds": 5.8371981140226126e-05,
      "operation_seconds": 0.12614763004239649,
      "total_phase_seconds": 0.15009225998073816,
      "scope": "file writes include journal intent/add/flush; excludes this timing receipt and checkpoint writes",
      "mode": "stage4_sealed_cell",
      "banner": "sealed Stage 4; scientific admission also requires complete declared populations"
    },
    {
      "phase": "edit:291",
      "identity_check_kind": "in_memory_structure_and_configuration",
      "recipe_verification_seconds": 0.0,
      "identity_verification_seconds": 0.0,
      "identity_check_seconds": 0.002269913034979254,
      "state_hash_seconds": 0.0004888579715043306,
      "clone_seconds": 0.0,
      "restore_seconds": 0.0,
      "file_write_seconds": 6.0245045460760593e-05,
      "operation_seconds": 0.3001486900029704,
      "total_phase_seconds": 0.3030383809818886,
      "scope": "file writes include journal intent/add/flush; excludes this timing receipt and checkpoint writes",
      "mode": "stage4_sealed_cell",
      "banner": "sealed Stage 4; scientific admission also requires complete declared populations"
    },
    {
      "phase": "immediate:291",
      "identity_check_kind": "in_memory_structure_and_configuration",
      "recipe_verification_seconds": 0.0,
      "identity_verification_seconds": 0.0,
      "identity_check_seconds": 0.002068316040094942,
      "state_hash_seconds": 0.021775911038275808,
      "clone_seconds": 0.0,
      "restore_seconds": 0.0,
      "file_write_seconds": 5.924399010837078e-05,
      "operation_seconds": 0.13700615998823196,
      "total_phase_seconds": 0.161004692025017,
      "scope": "file writes include journal intent/add/flush; excludes this timing receipt and checkpoint writes",
      "mode": "stage4_sealed_cell",
      "banner": "sealed Stage 4; scientific admission also requires complete declared populations"
    },
    {
      "phase": "edit:292",
      "identity_check_kind": "in_memory_structure_and_configuration",
      "recipe_verification_seconds": 0.0,
      "identity_verification_seconds": 0.0,
      "identity_check_seconds": 0.002341139013879001,
      "state_hash_seconds": 0.0005720769986510277,
      "clone_seconds": 0.0,
      "restore_seconds": 0.0,
      "file_write_seconds": 5.910295294597745e-05,
      "operation_seconds": 0.11387304699746892,
      "total_phase_seconds": 0.11694020801223814,
      "scope": "file writes include journal intent/add/flush; excludes this timing receipt and checkpoint writes",
      "mode": "stage4_sealed_cell",
      "banner": "sealed Stage 4; scientific admission also requires complete declared populations"
    },
    {
      "phase": "immediate:292",
      "identity_check_kind": "in_memory_structure_and_configuration",
      "recipe_verification_seconds": 0.0,
      "identity_verification_seconds": 0.0,
      "identity_check_seconds": 0.002317433012649417,
      "state_hash_seconds": 0.02134736906737089,
      "clone_seconds": 0.0,
      "restore_seconds": 0.0,
      "file_write_seconds": 0.004646949004381895,
      "operation_seconds": 0.06647815700853243,
      "total_phase_seconds": 0.09488513198448345,
      "scope": "file writes include journal intent/add/flush; excludes this timing receipt and checkpoint writes",
      "mode": "stage4_sealed_cell",
      "banner": "sealed Stage 4; scientific admission also requires complete declared populations"
    },
    {
      "phase": "edit:293",
      "identity_check_kind": "in_memory_structure_and_configuration",
      "recipe_verification_seconds": 0.0,
      "identity_verification_seconds": 0.0,
      "identity_check_seconds": 0.0022292639478109777,
      "state_hash_seconds": 0.0005439230008050799,
      "clone_seconds": 0.0,
      "restore_seconds": 0.0,
      "file_write_seconds": 0.001212245028000325,
      "operation_seconds": 0.0903105610050261,
      "total_phase_seconds": 0.09436930302763358,
      "scope": "file writes include journal intent/add/flush; excludes this timing receipt and checkpoint writes",
      "mode": "stage4_sealed_cell",
      "banner": "sealed Stage 4; scientific admission also requires complete declared populations"
    },
    {
      "phase": "immediate:293",
      "identity_check_kind": "in_memory_structure_and_configuration",
      "recipe_verification_seconds": 0.0,
      "identity_verification_seconds": 0.0,
      "identity_check_seconds": 0.002093524031806737,
      "state_hash_seconds": 0.02171676798025146,
      "clone_seconds": 0.0,
      "restore_seconds": 0.0,
      "file_write_seconds": 5.963398143649101e-05,
      "operation_seconds": 0.07245211198460311,
      "total_phase_seconds": 0.09641489497153088,
      "scope": "file writes include journal intent/add/flush; excludes this timing receipt and checkpoint writes",
      "mode": "stage4_sealed_cell",
      "banner": "sealed Stage 4; scientific admission also requires complete declared populations"
    },
    {
      "phase": "edit:294",
      "identity_check_kind": "in_memory_structure_and_configuration",
      "recipe_verification_seconds": 0.0,
      "identity_verification_seconds": 0.0,
      "identity_check_seconds": 0.00210118800168857,
      "state_hash_seconds": 0.000469429069198668,
      "clone_seconds": 0.0,
      "restore_seconds": 0.0,
      "file_write_seconds": 6.014498649165034e-05,
      "operation_seconds": 0.17741536599351093,
      "total_phase_seconds": 0.18011139502050355,
      "scope": "file writes include journal intent/add/flush; excludes this timing receipt and checkpoint writes",
      "mode": "stage4_sealed_cell",
      "banner": "sealed Stage 4; scientific admission also requires complete declared populations"
    },
    {
      "phase": "immediate:294",
      "identity_check_kind": "in_memory_structure_and_configuration",
      "recipe_verification_seconds": 0.0,
      "identity_verification_seconds": 0.0,
      "identity_check_seconds": 0.0020680759917013347,
      "state_hash_seconds": 0.021812470979057252,
      "clone_seconds": 0.0,
      "restore_seconds": 0.0,
      "file_write_seconds": 5.692901322618127e-05,
      "operation_seconds": 0.10483673197450116,
      "total_phase_seconds": 0.12886556098237634,
      "scope": "file writes include journal intent/add/flush; excludes this timing receipt and checkpoint writes",
      "mode": "stage4_sealed_cell",
      "banner": "sealed Stage 4; scientific admission also requires complete declared populations"
    },
    {
      "phase": "edit:295",
      "identity_check_kind": "in_memory_structure_and_configuration",
      "recipe_verification_seconds": 0.0,
      "identity_verification_seconds": 0.0,
      "identity_check_seconds": 0.0020392409642226994,
      "state_hash_seconds": 0.0004686679458245635,
      "clone_seconds": 0.0,
      "restore_seconds": 0.0,
      "file_write_seconds": 6.103696068748832e-05,
      "operation_seconds": 0.21015747199999169,
      "total_phase_seconds": 0.21278937702300027,
      "scope": "file writes include journal intent/add/flush; excludes this timing receipt and checkpoint writes",
      "mode": "stage4_sealed_cell",
      "banner": "sealed Stage 4; scientific admission also requires complete declared populations"
    },
    {
      "phase": "immediate:295",
      "identity_check_kind": "in_memory_structure_and_configuration",
      "recipe_verification_seconds": 0.0,
      "identity_verification_seconds": 0.0,
      "identity_check_seconds": 0.0021207170211710036,
      "state_hash_seconds": 0.02190853498177603,
      "clone_seconds": 0.0,
      "restore_seconds": 0.0,
      "file_write_seconds": 5.8653007727116346e-05,
      "operation_seconds": 0.10403903300175443,
      "total_phase_seconds": 0.1282140229595825,
      "scope": "file writes include journal intent/add/flush; excludes this timing receipt and checkpoint writes",
      "mode": "stage4_sealed_cell",
      "banner": "sealed Stage 4; scientific admission also requires complete declared populations"
    },
    {
      "phase": "edit:296",
      "identity_check_kind": "in_memory_structure_and_configuration",
      "recipe_verification_seconds": 0.0,
      "identity_verification_seconds": 0.0,
      "identity_check_seconds": 0.0021594499703496695,
      "state_hash_seconds": 0.0004923930391669273,
      "clone_seconds": 0.0,
      "restore_seconds": 0.0,
      "file_write_seconds": 5.957303801551461e-05,
      "operation_seconds": 0.07494031201349571,
      "total_phase_seconds": 0.0777162040467374,
      "scope": "file writes include journal intent/add/flush; excludes this timing receipt and checkpoint writes",
      "mode": "stage4_sealed_cell",
      "banner": "sealed Stage 4; scientific admission also requires complete declared populations"
    },
    {
      "phase": "immediate:296",
      "identity_check_kind": "in_memory_structure_and_configuration",
      "recipe_verification_seconds": 0.0,
      "identity_verification_seconds": 0.0,
      "identity_check_seconds": 0.0019690350163728,
      "state_hash_seconds": 0.0214583829510957,
      "clone_seconds": 0.0,
      "restore_seconds": 0.0,
      "file_write_seconds": 5.846191197633743e-05,
      "operation_seconds": 0.06998545199166983,
      "total_phase_seconds": 0.09354986203834414,
      "scope": "file writes include journal intent/add/flush; excludes this timing receipt and checkpoint writes",
      "mode": "stage4_sealed_cell",
      "banner": "sealed Stage 4; scientific admission also requires complete declared populations"
    },
    {
      "phase": "edit:297",
      "identity_check_kind": "in_memory_structure_and_configuration",
      "recipe_verification_seconds": 0.0,
      "identity_verification_seconds": 0.0,
      "identity_check_seconds": 0.0020782240317203104,
      "state_hash_seconds": 0.0004983159597031772,
      "clone_seconds": 0.0,
      "restore_seconds": 0.0,
      "file_write_seconds": 5.9564015828073025e-05,
      "operation_seconds": 0.12054539000382647,
      "total_phase_seconds": 0.12324317201273516,
      "scope": "file writes include journal intent/add/flush; excludes this timing receipt and checkpoint writes",
      "mode": "stage4_sealed_cell",
      "banner": "sealed Stage 4; scientific admission also requires complete declared populations"
    },
    {
      "phase": "immediate:297",
      "identity_check_kind": "in_memory_structure_and_configuration",
      "recipe_verification_seconds": 0.0,
      "identity_verification_seconds": 0.0,
      "identity_check_seconds": 0.0024229849805124104,
      "state_hash_seconds": 0.02187269798014313,
      "clone_seconds": 0.0,
      "restore_seconds": 0.0,
      "file_write_seconds": 5.903199780732393e-05,
      "operation_seconds": 0.08264074596809223,
      "total_phase_seconds": 0.10709329799283296,
      "scope": "file writes include journal intent/add/flush; excludes this timing receipt and checkpoint writes",
      "mode": "stage4_sealed_cell",
      "banner": "sealed Stage 4; scientific admission also requires complete declared populations"
    },
    {
      "phase": "edit:298",
      "identity_check_kind": "in_memory_structure_and_configuration",
      "recipe_verification_seconds": 0.0,
      "identity_verification_seconds": 0.0,
      "identity_check_seconds": 0.002280251996126026,
      "state_hash_seconds": 0.0005311699351295829,
      "clone_seconds": 0.0,
      "restore_seconds": 0.0,
      "file_write_seconds": 5.984498420730233e-05,
      "operation_seconds": 0.10597697802586481,
      "total_phase_seconds": 0.1089226349722594,
      "scope": "file writes include journal intent/add/flush; excludes this timing receipt and checkpoint writes",
      "mode": "stage4_sealed_cell",
      "banner": "sealed Stage 4; scientific admission also requires complete declared populations"
    },
    {
      "phase": "immediate:298",
      "identity_check_kind": "in_memory_structure_and_configuration",
      "recipe_verification_seconds": 0.0,
      "identity_verification_seconds": 0.0,
      "identity_check_seconds": 0.00212065497180447,
      "state_hash_seconds": 0.022774264973122627,
      "clone_seconds": 0.0,
      "restore_seconds": 0.0,
      "file_write_seconds": 6.286095594987273e-05,
      "operation_seconds": 0.08107380196452141,
      "total_phase_seconds": 0.10612965101609007,
      "scope": "file writes include journal intent/add/flush; excludes this timing receipt and checkpoint writes",
      "mode": "stage4_sealed_cell",
      "banner": "sealed Stage 4; scientific admission also requires complete declared populations"
    },
    {
      "phase": "edit:299",
      "identity_check_kind": "in_memory_structure_and_configuration",
      "recipe_verification_seconds": 0.0,
      "identity_verification_seconds": 0.0,
      "identity_check_seconds": 0.0022924660006538033,
      "state_hash_seconds": 0.0005435430211946368,
      "clone_seconds": 0.0,
      "restore_seconds": 0.0,
      "file_write_seconds": 6.0305988881736994e-05,
      "operation_seconds": 0.2600503310095519,
      "total_phase_seconds": 0.2630261759622954,
      "scope": "file writes include journal intent/add/flush; excludes this timing receipt and checkpoint writes",
      "mode": "stage4_sealed_cell",
      "banner": "sealed Stage 4; scientific admission also requires complete declared populations"
    },
    {
      "phase": "immediate:299",
      "identity_check_kind": "in_memory_structure_and_configuration",
      "recipe_verification_seconds": 0.0,
      "identity_verification_seconds": 0.0,
      "identity_check_seconds": 0.0019594969926401973,
      "state_hash_seconds": 0.02178890601499006,
      "clone_seconds": 0.0,
      "restore_seconds": 0.0,
      "file_write_seconds": 5.770998541265726e-05,
      "operation_seconds": 0.09450339898467064,
      "total_phase_seconds": 0.11839494598098099,
      "scope": "file writes include journal intent/add/flush; excludes this timing receipt and checkpoint writes",
      "mode": "stage4_sealed_cell",
      "banner": "sealed Stage 4; scientific admission also requires complete declared populations"
    },
    {
      "phase": "edit:300",
      "identity_check_kind": "in_memory_structure_and_configuration",
      "recipe_verification_seconds": 0.0,
      "identity_verification_seconds": 0.0,
      "identity_check_seconds": 0.002699335978832096,
      "state_hash_seconds": 0.0006950420211069286,
      "clone_seconds": 0.0,
      "restore_seconds": 0.0,
      "file_write_seconds": 5.9514015447348356e-05,
      "operation_seconds": 0.17267796298256144,
      "total_phase_seconds": 0.17621365195373073,
      "scope": "file writes include journal intent/add/flush; excludes this timing receipt and checkpoint writes",
      "mode": "stage4_sealed_cell",
      "banner": "sealed Stage 4; scientific admission also requires complete declared populations"
    },
    {
      "phase": "immediate:300",
      "identity_check_kind": "in_memory_structure_and_configuration",
      "recipe_verification_seconds": 0.0,
      "identity_verification_seconds": 0.0,
      "identity_check_seconds": 0.002256867999676615,
      "state_hash_seconds": 0.023917957965750247,
      "clone_seconds": 0.0,
      "restore_seconds": 0.0,
      "file_write_seconds": 6.05770037509501e-05,
      "operation_seconds": 0.1001465889858082,
      "total_phase_seconds": 0.12648576899664477,
      "scope": "file writes include journal intent/add/flush; excludes this timing receipt and checkpoint writes",
      "mode": "stage4_sealed_cell",
      "banner": "sealed Stage 4; scientific admission also requires complete declared populations"
    },
    {
      "phase": "retention:300",
      "identity_check_kind": "in_memory_structure_and_configuration",
      "recipe_verification_seconds": 0.0,
      "identity_verification_seconds": 0.0,
      "identity_check_seconds": 0.0021995670394971967,
      "state_hash_seconds": 0.022346201993059367,
      "clone_seconds": 0.0,
      "restore_seconds": 0.0,
      "file_write_seconds": 0.0072229389334097505,
      "operation_seconds": 25.171461688005365,
      "total_phase_seconds": 25.20941444300115,
      "scope": "file writes include journal intent/add/flush; excludes this timing receipt and checkpoint writes",
      "mode": "stage4_sealed_cell",
      "banner": "sealed Stage 4; scientific admission also requires complete declared populations"
    },
    {
      "phase": "locality:300",
      "identity_check_kind": "in_memory_structure_and_configuration",
      "recipe_verification_seconds": 0.0,
      "identity_verification_seconds": 0.0,
      "identity_check_seconds": 0.002183626056648791,
      "state_hash_seconds": 0.023101371014490724,
      "clone_seconds": 0.0,
      "restore_seconds": 0.0,
      "file_write_seconds": 0.0009666329715400934,
      "operation_seconds": 7.193493911996484,
      "total_phase_seconds": 7.221074531029444,
      "scope": "file writes include journal intent/add/flush; excludes this timing receipt and checkpoint writes",
      "mode": "stage4_sealed_cell",
      "banner": "sealed Stage 4; scientific admission also requires complete declared populations"
    },
    {
      "phase": "unseen:300",
      "identity_check_kind": "in_memory_structure_and_configuration",
      "recipe_verification_seconds": 0.0,
      "identity_verification_seconds": 0.0,
      "identity_check_seconds": 0.0021536890417337418,
      "state_hash_seconds": 0.02229389298008755,
      "clone_seconds": 0.0,
      "restore_seconds": 0.0,
      "file_write_seconds": 0.00209907500538975,
      "operation_seconds": 62.78029423003318,
      "total_phase_seconds": 62.80887847294798,
      "scope": "file writes include journal intent/add/flush; excludes this timing receipt and checkpoint writes",
      "mode": "stage4_sealed_cell",
      "banner": "sealed Stage 4; scientific admission also requires complete declared populations"
    },
    {
      "phase": "near_miss:300",
      "identity_check_kind": "in_memory_structure_and_configuration",
      "recipe_verification_seconds": 0.0,
      "identity_verification_seconds": 0.0,
      "identity_check_seconds": 0.002216610067989677,
      "state_hash_seconds": 0.028651022992562503,
      "clone_seconds": 0.0013345290208235383,
      "restore_seconds": 0.018134347978048027,
      "file_write_seconds": 0.005195931007619947,
      "operation_seconds": 80.89596400398295,
      "total_phase_seconds": 80.95584289799444,
      "scope": "file writes include journal intent/add/flush; excludes this timing receipt and checkpoint writes",
      "mode": "stage4_sealed_cell",
      "banner": "sealed Stage 4; scientific admission also requires complete declared populations"
    },
    {
      "phase": "revision:300",
      "identity_check_kind": "in_memory_structure_and_configuration",
      "recipe_verification_seconds": 0.0,
      "identity_verification_seconds": 0.0,
      "identity_check_seconds": 0.002203354029916227,
      "state_hash_seconds": 0.028658927010837942,
      "clone_seconds": 0.001691712997853756,
      "restore_seconds": 0.017113390960730612,
      "file_write_seconds": 0.003534736984875053,
      "operation_seconds": 45.57908333296655,
      "total_phase_seconds": 45.63504650897812,
      "scope": "file writes include journal intent/add/flush; excludes this timing receipt and checkpoint writes",
      "mode": "stage4_sealed_cell",
      "banner": "sealed Stage 4; scientific admission also requires complete declared populations"
    },
    {
      "phase": "composition:300",
      "identity_check_kind": "in_memory_structure_and_configuration",
      "recipe_verification_seconds": 0.0,
      "identity_verification_seconds": 0.0,
      "identity_check_seconds": 0.002180371026042849,
      "state_hash_seconds": 0.02885636588325724,
      "clone_seconds": 0.001307597034610808,
      "restore_seconds": 0.01722165895625949,
      "file_write_seconds": 0.006671070004813373,
      "operation_seconds": 54.954446679970715,
      "total_phase_seconds": 55.01650279801106,
      "scope": "file writes include journal intent/add/flush; excludes this timing receipt and checkpoint writes",
      "mode": "stage4_sealed_cell",
      "banner": "sealed Stage 4; scientific admission also requires complete declared populations"
    },
    {
      "phase": "drift:300",
      "identity_check_kind": "in_memory_structure_and_configuration",
      "recipe_verification_seconds": 0.0,
      "identity_verification_seconds": 0.0,
      "identity_check_seconds": 0.002229003992397338,
      "state_hash_seconds": 0.023195943038444966,
      "clone_seconds": 0.0,
      "restore_seconds": 0.0,
      "file_write_seconds": 0.0824982009944506,
      "operation_seconds": 95.58437544497428,
      "total_phase_seconds": 95.91717988904566,
      "scope": "file writes include journal intent/add/flush; excludes this timing receipt and checkpoint writes",
      "mode": "stage4_sealed_cell",
      "banner": "sealed Stage 4; scientific admission also requires complete declared populations"
    },
    {
      "phase": "full_validation:300",
      "identity_check_kind": "in_memory_structure_and_configuration",
      "recipe_verification_seconds": 0.0,
      "identity_verification_seconds": 0.0,
      "identity_check_seconds": 0.002255764964502305,
      "state_hash_seconds": 0.02365306008141488,
      "clone_seconds": 0.0,
      "restore_seconds": 0.0,
      "file_write_seconds": 6.581604247912765e-05,
      "operation_seconds": 1529.7944374390063,
      "total_phase_seconds": 1529.823861412995,
      "scope": "file writes include journal intent/add/flush; excludes this timing receipt and checkpoint writes",
      "mode": "stage4_sealed_cell",
      "banner": "sealed Stage 4; scientific admission also requires complete declared populations"
    }
  ],
  "boundary_identity_checks": [
    {
      "boundary": "attempt_start",
      "kind": "full_recipe_and_adapter_rehash",
      "seconds": 1.147758060018532
    },
    {
      "boundary": "checkpoint:100",
      "kind": "full_recipe_and_adapter_rehash",
      "seconds": 1.0946896019740961
    },
    {
      "boundary": "checkpoint:300",
      "kind": "full_recipe_and_adapter_rehash",
      "seconds": 1.149474042991642
    },
    {
      "boundary": "completion",
      "kind": "full_recipe_and_adapter_rehash",
      "seconds": 1.1462612930336036
    }
  ],
  "boundary_identity_seconds": 4.538182998017874,
  "identity_policy": "full rehash at attempt start, resume after restore, every checkpoint before receipt, and completion; cheap immutable memory check each phase",
  "mode": "stage4_sealed_cell"
}
