{
  "status": "complete",
  "completed_checkpoint": 300,
  "cell": {
    "condition": "v0_stable",
    "dataset": "mquake",
    "order": 103,
    "realization": 0
  },
  "run_dir": "/home/derp/cap/pc_cap/results/R1/stage4_sealed_cells/v0_stable-mquake-0-103-d4449b18558c7bd2e2c8",
  "attempt_dir": "/home/derp/cap/pc_cap/results/R1/stage4_sealed_cells/v0_stable-mquake-0-103-d4449b18558c7bd2e2c8/attempt-0000",
  "last_receipt_sha256": "9bcee3374fbf7a1dd69dac009f68df804a85465ed487da45d37585fd480fc72c",
  "banner": "sealed Stage 4; scientific admission also requires complete declared populations",
  "manifest_sha256": "4a6c411c4ff18c89d30b4b58e3fd98ec2a1cbe5b4adb65c94635c76df123462b",
  "integrity_profile": "full",
  "phase_timer_summary": {
    "edit": {
      "count": 300,
      "errors": 0,
      "wall_seconds": 190.4416284338222,
      "operation_seconds": 163.45756390021415
    },
    "immediate": {
      "count": 300,
      "errors": 0,
      "wall_seconds": 139.57870871847263,
      "operation_seconds": 106.82956738729263
    },
    "retention": {
      "count": 2,
      "errors": 0,
      "wall_seconds": 145.86928487598198,
      "operation_seconds": 145.63887519104173
    },
    "locality": {
      "count": 2,
      "errors": 0,
      "wall_seconds": 114.00351725699147,
      "operation_seconds": 113.78251226595603
    },
    "unseen": {
      "count": 2,
      "errors": 0,
      "wall_seconds": 331.6840116720414,
      "operation_seconds": 331.46906359505374
    },
    "drift": {
      "count": 2,
      "errors": 0,
      "wall_seconds": 172.7466871330398,
      "operation_seconds": 172.24410220695427
    },
    "near_miss": {
      "count": 1,
      "errors": 0,
      "wall_seconds": 250.3341716750292,
      "operation_seconds": 250.2166226079571
    },
    "revision": {
      "count": 1,
      "errors": 0,
      "wall_seconds": 106.01722110400442,
      "operation_seconds": 105.90538637997815
    },
    "composition": {
      "count": 1,
      "errors": 0,
      "wall_seconds": 138.88217835500836,
      "operation_seconds": 138.75846356200054
    },
    "full_validation": {
      "count": 1,
      "errors": 0,
      "wall_seconds": 1342.791934420995,
      "operation_seconds": 1342.678755889996
    }
  },
  "phase_timer_scope": "this attempt, verification/clone/operation/restore; excludes phase-file writes and admission/resume",
  "attempt_wall_seconds": 2943.063533955952,
  "prior_attempt_timer_summary": {},
  "detailed_phase_timers": [
    {
      "phase": "edit:1",
      "identity_check_kind": "in_memory_structure_and_configuration",
      "recipe_verification_seconds": 0.0,
      "identity_verification_seconds": 0.0,
      "identity_check_seconds": 0.04373914294410497,
      "state_hash_seconds": 0.07176305912435055,
      "clone_seconds": 0.006730187975335866,
      "restore_seconds": 0.0,
      "file_write_seconds": 0.0013828299706801772,
      "operation_seconds": 2.502226189011708,
      "total_phase_seconds": 2.625947402033489,
      "scope": "file writes include journal intent/add/flush; excludes this timing receipt and checkpoint writes",
      "mode": "stage4_sealed_cell",
      "banner": "sealed Stage 4; scientific admission also requires complete declared populations"
    },
    {
      "phase": "immediate:1",
      "identity_check_kind": "in_memory_structure_and_configuration",
      "recipe_verification_seconds": 0.0,
      "identity_verification_seconds": 0.0,
      "identity_check_seconds": 0.0017414980102330446,
      "state_hash_seconds": 0.08994324004743248,
      "clone_seconds": 0.003736762038897723,
      "restore_seconds": 0.0020601979922503233,
      "file_write_seconds": 0.0014313129941001534,
      "operation_seconds": 0.2741676830337383,
      "total_phase_seconds": 0.373218386026565,
      "scope": "file writes include journal intent/add/flush; excludes this timing receipt and checkpoint writes",
      "mode": "stage4_sealed_cell",
      "banner": "sealed Stage 4; scientific admission also requires complete declared populations"
    },
    {
      "phase": "edit:2",
      "identity_check_kind": "in_memory_structure_and_configuration",
      "recipe_verification_seconds": 0.0,
      "identity_verification_seconds": 0.0,
      "identity_check_seconds": 0.0022030819673091173,
      "state_hash_seconds": 0.0703358129831031,
      "clone_seconds": 0.0040212260209955275,
      "restore_seconds": 0.0,
      "file_write_seconds": 0.0012736409553326666,
      "operation_seconds": 0.46026711899321526,
      "total_phase_seconds": 0.5381881889770739,
      "scope": "file writes include journal intent/add/flush; excludes this timing receipt and checkpoint writes",
      "mode": "stage4_sealed_cell",
      "banner": "sealed Stage 4; scientific admission also requires complete declared populations"
    },
    {
      "phase": "immediate:2",
      "identity_check_kind": "in_memory_structure_and_configuration",
      "recipe_verification_seconds": 0.0,
      "identity_verification_seconds": 0.0,
      "identity_check_seconds": 0.0019592349999584258,
      "state_hash_seconds": 0.08723990904400125,
      "clone_seconds": 0.004068987967912108,
      "restore_seconds": 0.0017797109903767705,
      "file_write_seconds": 0.001259583979845047,
      "operation_seconds": 0.3138541390071623,
      "total_phase_seconds": 0.41025540500413626,
      "scope": "file writes include journal intent/add/flush; excludes this timing receipt and checkpoint writes",
      "mode": "stage4_sealed_cell",
      "banner": "sealed Stage 4; scientific admission also requires complete declared populations"
    },
    {
      "phase": "edit:3",
      "identity_check_kind": "in_memory_structure_and_configuration",
      "recipe_verification_seconds": 0.0,
      "identity_verification_seconds": 0.0,
      "identity_check_seconds": 0.0018421990098431706,
      "state_hash_seconds": 0.07061486900784075,
      "clone_seconds": 0.003914321947377175,
      "restore_seconds": 0.0,
      "file_write_seconds": 0.0011984269949607551,
      "operation_seconds": 0.31014302698895335,
      "total_phase_seconds": 0.38779271696694195,
      "scope": "file writes include journal intent/add/flush; excludes this timing receipt and checkpoint writes",
      "mode": "stage4_sealed_cell",
      "banner": "sealed Stage 4; scientific admission also requires complete declared populations"
    },
    {
      "phase": "immediate:3",
      "identity_check_kind": "in_memory_structure_and_configuration",
      "recipe_verification_seconds": 0.0,
      "identity_verification_seconds": 0.0,
      "identity_check_seconds": 0.0017693910631351173,
      "state_hash_seconds": 0.08651767490664497,
      "clone_seconds": 0.00591494602849707,
      "restore_seconds": 0.0017594220116734505,
      "file_write_seconds": 0.001245015999302268,
      "operation_seconds": 0.27665407804306597,
      "total_phase_seconds": 0.37395925604505464,
      "scope": "file writes include journal intent/add/flush; excludes this timing receipt and checkpoint writes",
      "mode": "stage4_sealed_cell",
      "banner": "sealed Stage 4; scientific admission also requires complete declared populations"
    },
    {
      "phase": "edit:4",
      "identity_check_kind": "in_memory_structure_and_configuration",
      "recipe_verification_seconds": 0.0,
      "identity_verification_seconds": 0.0,
      "identity_check_seconds": 0.0020027789287269115,
      "state_hash_seconds": 0.07009695697342977,
      "clone_seconds": 0.004145735001657158,
      "restore_seconds": 0.0,
      "file_write_seconds": 0.0012750529567711055,
      "operation_seconds": 0.46577296999748796,
      "total_phase_seconds": 0.5433771240059286,
      "scope": "file writes include journal intent/add/flush; excludes this timing receipt and checkpoint writes",
      "mode": "stage4_sealed_cell",
      "banner": "sealed Stage 4; scientific admission also requires complete declared populations"
    },
    {
      "phase": "immediate:4",
      "identity_check_kind": "in_memory_structure_and_configuration",
      "recipe_verification_seconds": 0.0,
      "identity_verification_seconds": 0.0,
      "identity_check_seconds": 0.0019153400207869709,
      "state_hash_seconds": 0.08706651692045853,
      "clone_seconds": 0.005704432027414441,
      "restore_seconds": 0.002013157994952053,
      "file_write_seconds": 0.0013510789722204208,
      "operation_seconds": 0.3145814929739572,
      "total_phase_seconds": 0.4127293059718795,
      "scope": "file writes include journal intent/add/flush; excludes this timing receipt and checkpoint writes",
      "mode": "stage4_sealed_cell",
      "banner": "sealed Stage 4; scientific admission also requires complete declared populations"
    },
    {
      "phase": "edit:5",
      "identity_check_kind": "in_memory_structure_and_configuration",
      "recipe_verification_seconds": 0.0,
      "identity_verification_seconds": 0.0,
      "identity_check_seconds": 0.0017992869834415615,
      "state_hash_seconds": 0.06981240992899984,
      "clone_seconds": 0.005010080989450216,
      "restore_seconds": 0.0,
      "file_write_seconds": 0.0012566879740916193,
      "operation_seconds": 0.454976329987403,
      "total_phase_seconds": 0.5329349520034157,
      "scope": "file writes include journal intent/add/flush; excludes this timing receipt and checkpoint writes",
      "mode": "stage4_sealed_cell",
      "banner": "sealed Stage 4; scientific admission also requires complete declared populations"
    },
    {
      "phase": "immediate:5",
      "identity_check_kind": "in_memory_structure_and_configuration",
      "recipe_verification_seconds": 0.0,
      "identity_verification_seconds": 0.0,
      "identity_check_seconds": 0.0018223230144940317,
      "state_hash_seconds": 0.08595807303208858,
      "clone_seconds": 0.0041893289890140295,
      "restore_seconds": 0.0018575090216472745,
      "file_write_seconds": 0.0014288679813034832,
      "operation_seconds": 0.3224575970089063,
      "total_phase_seconds": 0.4178065969608724,
      "scope": "file writes include journal intent/add/flush; excludes this timing receipt and checkpoint writes",
      "mode": "stage4_sealed_cell",
      "banner": "sealed Stage 4; scientific admission also requires complete declared populations"
    },
    {
      "phase": "edit:6",
      "identity_check_kind": "in_memory_structure_and_configuration",
      "recipe_verification_seconds": 0.0,
      "identity_verification_seconds": 0.0,
      "identity_check_seconds": 0.0017595419776625931,
      "state_hash_seconds": 0.06993420398794115,
      "clone_seconds": 0.0038685740437358618,
      "restore_seconds": 0.0,
      "file_write_seconds": 0.001365175994578749,
      "operation_seconds": 0.46152081101899967,
      "total_phase_seconds": 0.5385265079676174,
      "scope": "file writes include journal intent/add/flush; excludes this timing receipt and checkpoint writes",
      "mode": "stage4_sealed_cell",
      "banner": "sealed Stage 4; scientific admission also requires complete declared populations"
    },
    {
      "phase": "immediate:6",
      "identity_check_kind": "in_memory_structure_and_configuration",
      "recipe_verification_seconds": 0.0,
      "identity_verification_seconds": 0.0,
      "identity_check_seconds": 0.0018175739678554237,
      "state_hash_seconds": 0.08708384109195322,
      "clone_seconds": 0.004981556965503842,
      "restore_seconds": 0.0019592349999584258,
      "file_write_seconds": 0.0013812970137223601,
      "operation_seconds": 0.35699377296259627,
      "total_phase_seconds": 0.4543246609973721,
      "scope": "file writes include journal intent/add/flush; excludes this timing receipt and checkpoint writes",
      "mode": "stage4_sealed_cell",
      "banner": "sealed Stage 4; scientific admission also requires complete declared populations"
    },
    {
      "phase": "edit:7",
      "identity_check_kind": "in_memory_structure_and_configuration",
      "recipe_verification_seconds": 0.0,
      "identity_verification_seconds": 0.0,
      "identity_check_seconds": 0.0018752050236798823,
      "state_hash_seconds": 0.07358933798968792,
      "clone_seconds": 0.005158616986591369,
      "restore_seconds": 0.0,
      "file_write_seconds": 0.001336260000243783,
      "operation_seconds": 0.4717443239642307,
      "total_phase_seconds": 0.553793185041286,
      "scope": "file writes include journal intent/add/flush; excludes this timing receipt and checkpoint writes",
      "mode": "stage4_sealed_cell",
      "banner": "sealed Stage 4; scientific admission also requires complete declared populations"
    },
    {
      "phase": "immediate:7",
      "identity_check_kind": "in_memory_structure_and_configuration",
      "recipe_verification_seconds": 0.0,
      "identity_verification_seconds": 0.0,
      "identity_check_seconds": 0.0017192040104418993,
      "state_hash_seconds": 0.08852688496699557,
      "clone_seconds": 0.0040280690300278366,
      "restore_seconds": 0.001869272964540869,
      "file_write_seconds": 0.001447234011720866,
      "operation_seconds": 0.318190969992429,
      "total_phase_seconds": 0.4158746239845641,
      "scope": "file writes include journal intent/add/flush; excludes this timing receipt and checkpoint writes",
      "mode": "stage4_sealed_cell",
      "banner": "sealed Stage 4; scientific admission also requires complete declared populations"
    },
    {
      "phase": "edit:8",
      "identity_check_kind": "in_memory_structure_and_configuration",
      "recipe_verification_seconds": 0.0,
      "identity_verification_seconds": 0.0,
      "identity_check_seconds": 0.0023775160079821944,
      "state_hash_seconds": 0.07402486400678754,
      "clone_seconds": 0.004440771008376032,
      "restore_seconds": 0.0,
      "file_write_seconds": 0.0015502400347031653,
      "operation_seconds": 0.3404383559827693,
      "total_phase_seconds": 0.4229260169668123,
      "scope": "file writes include journal intent/add/flush; excludes this timing receipt and checkpoint writes",
      "mode": "stage4_sealed_cell",
      "banner": "sealed Stage 4; scientific admission also requires complete declared populations"
    },
    {
      "phase": "immediate:8",
      "identity_check_kind": "in_memory_structure_and_configuration",
      "recipe_verification_seconds": 0.0,
      "identity_verification_seconds": 0.0,
      "identity_check_seconds": 0.00195534696104005,
      "state_hash_seconds": 0.0897005470469594,
      "clone_seconds": 0.00480997801059857,
      "restore_seconds": 0.0017405460239388049,
      "file_write_seconds": 0.0013482740032486618,
      "operation_seconds": 0.2740458699990995,
      "total_phase_seconds": 0.3736999799730256,
      "scope": "file writes include journal intent/add/flush; excludes this timing receipt and checkpoint writes",
      "mode": "stage4_sealed_cell",
      "banner": "sealed Stage 4; scientific admission also requires complete declared populations"
    },
    {
      "phase": "edit:9",
      "identity_check_kind": "in_memory_structure_and_configuration",
      "recipe_verification_seconds": 0.0,
      "identity_verification_seconds": 0.0,
      "identity_check_seconds": 0.0017327310051769018,
      "state_hash_seconds": 0.06974458100739866,
      "clone_seconds": 0.0040293020429089665,
      "restore_seconds": 0.0,
      "file_write_seconds": 0.0013793630059808493,
      "operation_seconds": 0.30072445602854714,
      "total_phase_seconds": 0.3776922700344585,
      "scope": "file writes include journal intent/add/flush; excludes this timing receipt and checkpoint writes",
      "mode": "stage4_sealed_cell",
      "banner": "sealed Stage 4; scientific admission also requires complete declared populations"
    },
    {
      "phase": "immediate:9",
      "identity_check_kind": "in_memory_structure_and_configuration",
      "recipe_verification_seconds": 0.0,
      "identity_verification_seconds": 0.0,
      "identity_check_seconds": 0.001725156034808606,
      "state_hash_seconds": 0.08801237004809082,
      "clone_seconds": 0.0052315270295366645,
      "restore_seconds": 0.0017448440194129944,
      "file_write_seconds": 0.0013632519985549152,
      "operation_seconds": 0.2803456329856999,
      "total_phase_seconds": 0.3785097360378131,
      "scope": "file writes include journal intent/add/flush; excludes this timing receipt and checkpoint writes",
      "mode": "stage4_sealed_cell",
      "banner": "sealed Stage 4; scientific admission also requires complete declared populations"
    },
    {
      "phase": "edit:10",
      "identity_check_kind": "in_memory_structure_and_configuration",
      "recipe_verification_seconds": 0.0,
      "identity_verification_seconds": 0.0,
      "identity_check_seconds": 0.001752629003021866,
      "state_hash_seconds": 0.07042597600957379,
      "clone_seconds": 0.0040296330116689205,
      "restore_seconds": 0.0,
      "file_write_seconds": 0.0014319540350697935,
      "operation_seconds": 0.6156488480046391,
      "total_phase_seconds": 0.693371967994608,
      "scope": "file writes include journal intent/add/flush; excludes this timing receipt and checkpoint writes",
      "mode": "stage4_sealed_cell",
      "banner": "sealed Stage 4; scientific admission also requires complete declared populations"
    },
    {
      "phase": "immediate:10",
      "identity_check_kind": "in_memory_structure_and_configuration",
      "recipe_verification_seconds": 0.0,
      "identity_verification_seconds": 0.0,
      "identity_check_seconds": 0.0017573380027897656,
      "state_hash_seconds": 0.09146930300630629,
      "clone_seconds": 0.0043728400487452745,
      "restore_seconds": 0.001916733046527952,
      "file_write_seconds": 0.0014407110284082592,
      "operation_seconds": 0.3561633210047148,
      "total_phase_seconds": 0.45721341599710286,
      "scope": "file writes include journal intent/add/flush; excludes this timing receipt and checkpoint writes",
      "mode": "stage4_sealed_cell",
      "banner": "sealed Stage 4; scientific admission also requires complete declared populations"
    },
    {
      "phase": "edit:11",
      "identity_check_kind": "in_memory_structure_and_configuration",
      "recipe_verification_seconds": 0.0,
      "identity_verification_seconds": 0.0,
      "identity_check_seconds": 0.0017597540281713009,
      "state_hash_seconds": 0.07058406801661476,
      "clone_seconds": 0.004205489007290453,
      "restore_seconds": 0.0,
      "file_write_seconds": 0.0013400379684753716,
      "operation_seconds": 0.30317818000912666,
      "total_phase_seconds": 0.3811619899934158,
      "scope": "file writes include journal intent/add/flush; excludes this timing receipt and checkpoint writes",
      "mode": "stage4_sealed_cell",
      "banner": "sealed Stage 4; scientific admission also requires complete declared populations"
    },
    {
      "phase": "immediate:11",
      "identity_check_kind": "in_memory_structure_and_configuration",
      "recipe_verification_seconds": 0.0,
      "identity_verification_seconds": 0.0,
      "identity_check_seconds": 0.0020276869763620198,
      "state_hash_seconds": 0.08868600998539478,
      "clone_seconds": 0.0040638979990035295,
      "restore_seconds": 0.0017588410410098732,
      "file_write_seconds": 0.005274017050396651,
      "operation_seconds": 0.27134789898991585,
      "total_phase_seconds": 0.37325234099989757,
      "scope": "file writes include journal intent/add/flush; excludes this timing receipt and checkpoint writes",
      "mode": "stage4_sealed_cell",
      "banner": "sealed Stage 4; scientific admission also requires complete declared populations"
    },
    {
      "phase": "edit:12",
      "identity_check_kind": "in_memory_structure_and_configuration",
      "recipe_verification_seconds": 0.0,
      "identity_verification_seconds": 0.0,
      "identity_check_seconds": 0.001793977979104966,
      "state_hash_seconds": 0.06889638496795669,
      "clone_seconds": 0.0040992459980770946,
      "restore_seconds": 0.0,
      "file_write_seconds": 0.0013331749942153692,
      "operation_seconds": 0.29243230598513037,
      "total_phase_seconds": 0.36863110499689355,
      "scope": "file writes include journal intent/add/flush; excludes this timing receipt and checkpoint writes",
      "mode": "stage4_sealed_cell",
      "banner": "sealed Stage 4; scientific admission also requires complete declared populations"
    },
    {
      "phase": "immediate:12",
      "identity_check_kind": "in_memory_structure_and_configuration",
      "recipe_verification_seconds": 0.0,
      "identity_verification_seconds": 0.0,
      "identity_check_seconds": 0.0017664750339463353,
      "state_hash_seconds": 0.08969593502115458,
      "clone_seconds": 0.004275635001249611,
      "restore_seconds": 0.0019948530243709683,
      "file_write_seconds": 0.0017768050311133265,
      "operation_seconds": 0.27239539596484974,
      "total_phase_seconds": 0.37201763602206483,
      "scope": "file writes include journal intent/add/flush; excludes this timing receipt and checkpoint writes",
      "mode": "stage4_sealed_cell",
      "banner": "sealed Stage 4; scientific admission also requires complete declared populations"
    },
    {
      "phase": "edit:13",
      "identity_check_kind": "in_memory_structure_and_configuration",
      "recipe_verification_seconds": 0.0,
      "identity_verification_seconds": 0.0,
      "identity_check_seconds": 0.001726549002341926,
      "state_hash_seconds": 0.07179971900768578,
      "clone_seconds": 0.005768043978605419,
      "restore_seconds": 0.0,
      "file_write_seconds": 0.0014070859760977328,
      "operation_seconds": 0.4538865310023539,
      "total_phase_seconds": 0.5346742660040036,
      "scope": "file writes include journal intent/add/flush; excludes this timing receipt and checkpoint writes",
      "mode": "stage4_sealed_cell",
      "banner": "sealed Stage 4; scientific admission also requires complete declared populations"
    },
    {
      "phase": "immediate:13",
      "identity_check_kind": "in_memory_structure_and_configuration",
      "recipe_verification_seconds": 0.0,
      "identity_verification_seconds": 0.0,
      "identity_check_seconds": 0.0017675170092843473,
      "state_hash_seconds": 0.09072253294289112,
      "clone_seconds": 0.003985897987149656,
      "restore_seconds": 0.0018635810120031238,
      "file_write_seconds": 0.0012356179649941623,
      "operation_seconds": 0.3191219540312886,
      "total_phase_seconds": 0.41878836799878627,
      "scope": "file writes include journal intent/add/flush; excludes this timing receipt and checkpoint writes",
      "mode": "stage4_sealed_cell",
      "banner": "sealed Stage 4; scientific admission also requires complete declared populations"
    },
    {
      "phase": "edit:14",
      "identity_check_kind": "in_memory_structure_and_configuration",
      "recipe_verification_seconds": 0.0,
      "identity_verification_seconds": 0.0,
      "identity_check_seconds": 0.001809047011192888,
      "state_hash_seconds": 0.07345522003015503,
      "clone_seconds": 0.004348743997979909,
      "restore_seconds": 0.0,
      "file_write_seconds": 0.001284552039578557,
      "operation_seconds": 0.9167051010299474,
      "total_phase_seconds": 0.9976871469989419,
      "scope": "file writes include journal intent/add/flush; excludes this timing receipt and checkpoint writes",
      "mode": "stage4_sealed_cell",
      "banner": "sealed Stage 4; scientific admission also requires complete declared populations"
    },
    {
      "phase": "immediate:14",
      "identity_check_kind": "in_memory_structure_and_configuration",
      "recipe_verification_seconds": 0.0,
      "identity_verification_seconds": 0.0,
      "identity_check_seconds": 0.0017723459750413895,
      "state_hash_seconds": 0.09004308097064495,
      "clone_seconds": 0.0059134429902769625,
      "restore_seconds": 0.001906182966195047,
      "file_write_seconds": 0.001278280047699809,
      "operation_seconds": 0.4508961199899204,
      "total_phase_seconds": 0.5519080919912085,
      "scope": "file writes include journal intent/add/flush; excludes this timing receipt and checkpoint writes",
      "mode": "stage4_sealed_cell",
      "banner": "sealed Stage 4; scientific admission also requires complete declared populations"
    },
    {
      "phase": "edit:15",
      "identity_check_kind": "in_memory_structure_and_configuration",
      "recipe_verification_seconds": 0.0,
      "identity_verification_seconds": 0.0,
      "identity_check_seconds": 0.001734393008518964,
      "state_hash_seconds": 0.07016497594304383,
      "clone_seconds": 0.004190630977973342,
      "restore_seconds": 0.0,
      "file_write_seconds": 0.0014066360308788717,
      "operation_seconds": 0.30517234100261703,
      "total_phase_seconds": 0.38276690599741414,
      "scope": "file writes include journal intent/add/flush; excludes this timing receipt and checkpoint writes",
      "mode": "stage4_sealed_cell",
      "banner": "sealed Stage 4; scientific admission also requires complete declared populations"
    },
    {
      "phase": "immediate:15",
      "identity_check_kind": "in_memory_structure_and_configuration",
      "recipe_verification_seconds": 0.0,
      "identity_verification_seconds": 0.0,
      "identity_check_seconds": 0.0017541020060889423,
      "state_hash_seconds": 0.08791740809101611,
      "clone_seconds": 0.004137800016906112,
      "restore_seconds": 0.0019343969761393964,
      "file_write_seconds": 0.001695789978839457,
      "operation_seconds": 0.273359815008007,
      "total_phase_seconds": 0.3708945029648021,
      "scope": "file writes include journal intent/add/flush; excludes this timing receipt and checkpoint writes",
      "mode": "stage4_sealed_cell",
      "banner": "sealed Stage 4; scientific admission also requires complete declared populations"
    },
    {
      "phase": "edit:16",
      "identity_check_kind": "in_memory_structure_and_configuration",
      "recipe_verification_seconds": 0.0,
      "identity_verification_seconds": 0.0,
      "identity_check_seconds": 0.0017525380244478583,
      "state_hash_seconds": 0.07034648396074772,
      "clone_seconds": 0.004072844982147217,
      "restore_seconds": 0.0,
      "file_write_seconds": 0.0012411189964041114,
      "operation_seconds": 1.2293839670019224,
      "total_phase_seconds": 1.3068837990285829,
      "scope": "file writes include journal intent/add/flush; excludes this timing receipt and checkpoint writes",
      "mode": "stage4_sealed_cell",
      "banner": "sealed Stage 4; scientific admission also requires complete declared populations"
    },
    {
      "phase": "immediate:16",
      "identity_check_kind": "in_memory_structure_and_configuration",
      "recipe_verification_seconds": 0.0,
      "identity_verification_seconds": 0.0,
      "identity_check_seconds": 0.0017470280290581286,
      "state_hash_seconds": 0.08960672497050837,
      "clone_seconds": 0.00389961403561756,
      "restore_seconds": 0.0018795920186676085,
      "file_write_seconds": 0.0013274340308271348,
      "operation_seconds": 0.4916370880091563,
      "total_phase_seconds": 0.5901896060095169,
      "scope": "file writes include journal intent/add/flush; excludes this timing receipt and checkpoint writes",
      "mode": "stage4_sealed_cell",
      "banner": "sealed Stage 4; scientific admission also requires complete declared populations"
    },
    {
      "phase": "edit:17",
      "identity_check_kind": "in_memory_structure_and_configuration",
      "recipe_verification_seconds": 0.0,
      "identity_verification_seconds": 0.0,
      "identity_check_seconds": 0.001956067979335785,
      "state_hash_seconds": 0.07021771691506729,
      "clone_seconds": 0.003882190037984401,
      "restore_seconds": 0.0,
      "file_write_seconds": 0.0014553989749401808,
      "operation_seconds": 0.29572220001136884,
      "total_phase_seconds": 0.37334120098967105,
      "scope": "file writes include journal intent/add/flush; excludes this timing receipt and checkpoint writes",
      "mode": "stage4_sealed_cell",
      "banner": "sealed Stage 4; scientific admission also requires complete declared populations"
    },
    {
      "phase": "immediate:17",
      "identity_check_kind": "in_memory_structure_and_configuration",
      "recipe_verification_seconds": 0.0,
      "identity_verification_seconds": 0.0,
      "identity_check_seconds": 0.0017495720530860126,
      "state_hash_seconds": 0.08871068799635395,
      "clone_seconds": 0.005737285013310611,
      "restore_seconds": 0.0021072179661132395,
      "file_write_seconds": 0.0016094239545054734,
      "operation_seconds": 0.26843900396488607,
      "total_phase_seconds": 0.3684440259821713,
      "scope": "file writes include journal intent/add/flush; excludes this timing receipt and checkpoint writes",
      "mode": "stage4_sealed_cell",
      "banner": "sealed Stage 4; scientific admission also requires complete declared populations"
    },
    {
      "phase": "edit:18",
      "identity_check_kind": "in_memory_structure_and_configuration",
      "recipe_verification_seconds": 0.0,
      "identity_verification_seconds": 0.0,
      "identity_check_seconds": 0.0019183269469067454,
      "state_hash_seconds": 0.07176177494693547,
      "clone_seconds": 0.0060797909973189235,
      "restore_seconds": 0.0,
      "file_write_seconds": 0.0013302089646458626,
      "operation_seconds": 0.6121603620122187,
      "total_phase_seconds": 0.6933388839825056,
      "scope": "file writes include journal intent/add/flush; excludes this timing receipt and checkpoint writes",
      "mode": "stage4_sealed_cell",
      "banner": "sealed Stage 4; scientific admission also requires complete declared populations"
    },
    {
      "phase": "immediate:18",
      "identity_check_kind": "in_memory_structure_and_configuration",
      "recipe_verification_seconds": 0.0,
      "identity_verification_seconds": 0.0,
      "identity_check_seconds": 0.0017436119960621,
      "state_hash_seconds": 0.08971799805294722,
      "clone_seconds": 0.004256366984918714,
      "restore_seconds": 0.001963913964573294,
      "file_write_seconds": 0.0013181259855628014,
      "operation_seconds": 0.35701538500143215,
      "total_phase_seconds": 0.4561063550063409,
      "scope": "file writes include journal intent/add/flush; excludes this timing receipt and checkpoint writes",
      "mode": "stage4_sealed_cell",
      "banner": "sealed Stage 4; scientific admission also requires complete declared populations"
    },
    {
      "phase": "edit:19",
      "identity_check_kind": "in_memory_structure_and_configuration",
      "recipe_verification_seconds": 0.0,
      "identity_verification_seconds": 0.0,
      "identity_check_seconds": 0.0017608339549042284,
      "state_hash_seconds": 0.07071361690759659,
      "clone_seconds": 0.004316531994845718,
      "restore_seconds": 0.0,
      "file_write_seconds": 0.0013997529749758542,
      "operation_seconds": 0.3049215510254726,
      "total_phase_seconds": 0.3831917800125666,
      "scope": "file writes include journal intent/add/flush; excludes this timing receipt and checkpoint writes",
      "mode": "stage4_sealed_cell",
      "banner": "sealed Stage 4; scientific admission also requires complete declared populations"
    },
    {
      "phase": "immediate:19",
      "identity_check_kind": "in_memory_structure_and_configuration",
      "recipe_verification_seconds": 0.0,
      "identity_verification_seconds": 0.0,
      "identity_check_seconds": 0.0017160489805974066,
      "state_hash_seconds": 0.08893633994739503,
      "clone_seconds": 0.0042239740141667426,
      "restore_seconds": 0.001960686990059912,
      "file_write_seconds": 0.0013680310221388936,
      "operation_seconds": 0.3123093380127102,
      "total_phase_seconds": 0.41060834197560325,
      "scope": "file writes include journal intent/add/flush; excludes this timing receipt and checkpoint writes",
      "mode": "stage4_sealed_cell",
      "banner": "sealed Stage 4; scientific admission also requires complete declared populations"
    },
    {
      "phase": "edit:20",
      "identity_check_kind": "in_memory_structure_and_configuration",
      "recipe_verification_seconds": 0.0,
      "identity_verification_seconds": 0.0,
      "identity_check_seconds": 0.0019194679916836321,
      "state_hash_seconds": 0.07037222298095003,
      "clone_seconds": 0.004328365030232817,
      "restore_seconds": 0.0,
      "file_write_seconds": 0.0013554079923778772,
      "operation_seconds": 0.6133774539921433,
      "total_phase_seconds": 0.6914320809883066,
      "scope": "file writes include journal intent/add/flush; excludes this timing receipt and checkpoint writes",
      "mode": "stage4_sealed_cell",
      "banner": "sealed Stage 4; scientific admission also requires complete declared populations"
    },
    {
      "phase": "immediate:20",
      "identity_check_kind": "in_memory_structure_and_configuration",
      "recipe_verification_seconds": 0.0,
      "identity_verification_seconds": 0.0,
      "identity_check_seconds": 0.0017995389644056559,
      "state_hash_seconds": 0.08894987497478724,
      "clone_seconds": 0.005911789950914681,
      "restore_seconds": 0.002221738046500832,
      "file_write_seconds": 0.0014492269838228822,
      "operation_seconds": 0.35538166301557794,
      "total_phase_seconds": 0.4558223009807989,
      "scope": "file writes include journal intent/add/flush; excludes this timing receipt and checkpoint writes",
      "mode": "stage4_sealed_cell",
      "banner": "sealed Stage 4; scientific admission also requires complete declared populations"
    },
    {
      "phase": "edit:21",
      "identity_check_kind": "in_memory_structure_and_configuration",
      "recipe_verification_seconds": 0.0,
      "identity_verification_seconds": 0.0,
      "identity_check_seconds": 0.001834525028243661,
      "state_hash_seconds": 0.07091712899273261,
      "clone_seconds": 0.00482674001250416,
      "restore_seconds": 0.0,
      "file_write_seconds": 0.0013843130436725914,
      "operation_seconds": 0.44608403800521046,
      "total_phase_seconds": 0.5251401239656843,
      "scope": "file writes include journal intent/add/flush; excludes this timing receipt and checkpoint writes",
      "mode": "stage4_sealed_cell",
      "banner": "sealed Stage 4; scientific admission also requires complete declared populations"
    },
    {
      "phase": "immediate:21",
      "identity_check_kind": "in_memory_structure_and_configuration",
      "recipe_verification_seconds": 0.0,
      "identity_verification_seconds": 0.0,
      "identity_check_seconds": 0.0017358470358885825,
      "state_hash_seconds": 0.08994897018419579,
      "clone_seconds": 0.0042752340086735785,
      "restore_seconds": 0.0035468770074658096,
      "file_write_seconds": 0.0014294289867393672,
      "operation_seconds": 0.3196670800098218,
      "total_phase_seconds": 0.42071920802118257,
      "scope": "file writes include journal intent/add/flush; excludes this timing receipt and checkpoint writes",
      "mode": "stage4_sealed_cell",
      "banner": "sealed Stage 4; scientific admission also requires complete declared populations"
    },
    {
      "phase": "edit:22",
      "identity_check_kind": "in_memory_structure_and_configuration",
      "recipe_verification_seconds": 0.0,
      "identity_verification_seconds": 0.0,
      "identity_check_seconds": 0.0024590319953858852,
      "state_hash_seconds": 0.07151642604731023,
      "clone_seconds": 0.005098341032862663,
      "restore_seconds": 0.0,
      "file_write_seconds": 0.00137213000562042,
      "operation_seconds": 0.4614473200053908,
      "total_phase_seconds": 0.5419824400451034,
      "scope": "file writes include journal intent/add/flush; excludes this timing receipt and checkpoint writes",
      "mode": "stage4_sealed_cell",
      "banner": "sealed Stage 4; scientific admission also requires complete declared populations"
    },
    {
      "phase": "immediate:22",
      "identity_check_kind": "in_memory_structure_and_configuration",
      "recipe_verification_seconds": 0.0,
      "identity_verification_seconds": 0.0,
      "identity_check_seconds": 0.0018888399936258793,
      "state_hash_seconds": 0.0909440980758518,
      "clone_seconds": 0.004338274011388421,
      "restore_seconds": 0.002386102976743132,
      "file_write_seconds": 0.0012732800096273422,
      "operation_seconds": 0.39586050901561975,
      "total_phase_seconds": 0.49678530398523435,
      "scope": "file writes include journal intent/add/flush; excludes this timing receipt and checkpoint writes",
      "mode": "stage4_sealed_cell",
      "banner": "sealed Stage 4; scientific admission also requires complete declared populations"
    },
    {
      "phase": "edit:23",
      "identity_check_kind": "in_memory_structure_and_configuration",
      "recipe_verification_seconds": 0.0,
      "identity_verification_seconds": 0.0,
      "identity_check_seconds": 0.0017381020006723702,
      "state_hash_seconds": 0.07145054003922269,
      "clone_seconds": 0.004348243004642427,
      "restore_seconds": 0.0,
      "file_write_seconds": 0.0012317999498918653,
      "operation_seconds": 0.4505446969997138,
      "total_phase_seconds": 0.5293920120457187,
      "scope": "file writes include journal intent/add/flush; excludes this timing receipt and checkpoint writes",
      "mode": "stage4_sealed_cell",
      "banner": "sealed Stage 4; scientific admission also requires complete declared populations"
    },
    {
      "phase": "immediate:23",
      "identity_check_kind": "in_memory_structure_and_configuration",
      "recipe_verification_seconds": 0.0,
      "identity_verification_seconds": 0.0,
      "identity_check_seconds": 0.0017524780123494565,
      "state_hash_seconds": 0.08842757501406595,
      "clone_seconds": 0.004666834021918476,
      "restore_seconds": 0.0017991979839280248,
      "file_write_seconds": 0.0012302369577810168,
      "operation_seconds": 0.3141492339782417,
      "total_phase_seconds": 0.4121166319819167,
      "scope": "file writes include journal intent/add/flush; excludes this timing receipt and checkpoint writes",
      "mode": "stage4_sealed_cell",
      "banner": "sealed Stage 4; scientific admission also requires complete declared populations"
    },
    {
      "phase": "edit:24",
      "identity_check_kind": "in_memory_structure_and_configuration",
      "recipe_verification_seconds": 0.0,
      "identity_verification_seconds": 0.0,
      "identity_check_seconds": 0.0018757549696601927,
      "state_hash_seconds": 0.07138509495416656,
      "clone_seconds": 0.005358509020879865,
      "restore_seconds": 0.0,
      "file_write_seconds": 0.0012515379930846393,
      "operation_seconds": 0.3077903890516609,
      "total_phase_seconds": 0.3877457170165144,
      "scope": "file writes include journal intent/add/flush; excludes this timing receipt and checkpoint writes",
      "mode": "stage4_sealed_cell",
      "banner": "sealed Stage 4; scientific admission also requires complete declared populations"
    },
    {
      "phase": "immediate:24",
      "identity_check_kind": "in_memory_structure_and_configuration",
      "recipe_verification_seconds": 0.0,
      "identity_verification_seconds": 0.0,
      "identity_check_seconds": 0.0017219490255229175,
      "state_hash_seconds": 0.08626087405718863,
      "clone_seconds": 0.004624872992280871,
      "restore_seconds": 0.002008738985750824,
      "file_write_seconds": 0.001235748000908643,
      "operation_seconds": 0.2749493810115382,
      "total_phase_seconds": 0.3708852550480515,
      "scope": "file writes include journal intent/add/flush; excludes this timing receipt and checkpoint writes",
      "mode": "stage4_sealed_cell",
      "banner": "sealed Stage 4; scientific admission also requires complete declared populations"
    },
    {
      "phase": "edit:25",
      "identity_check_kind": "in_memory_structure_and_configuration",
      "recipe_verification_seconds": 0.0,
      "identity_verification_seconds": 0.0,
      "identity_check_seconds": 0.0020495890639722347,
      "state_hash_seconds": 0.07300530897919089,
      "clone_seconds": 0.003953998035285622,
      "restore_seconds": 0.0,
      "file_write_seconds": 0.0012512080138549209,
      "operation_seconds": 0.625355689029675,
      "total_phase_seconds": 0.7057017870247364,
      "scope": "file writes include journal intent/add/flush; excludes this timing receipt and checkpoint writes",
      "mode": "stage4_sealed_cell",
      "banner": "sealed Stage 4; scientific admission also requires complete declared populations"
    },
    {
      "phase": "immediate:25",
      "identity_check_kind": "in_memory_structure_and_configuration",
      "recipe_verification_seconds": 0.0,
      "identity_verification_seconds": 0.0,
      "identity_check_seconds": 0.0017351749702356756,
      "state_hash_seconds": 0.08777204010402784,
      "clone_seconds": 0.004200560040771961,
      "restore_seconds": 0.0020805869717150927,
      "file_write_seconds": 0.001306133985053748,
      "operation_seconds": 0.40605489496374503,
      "total_phase_seconds": 0.5032547420123592,
      "scope": "file writes include journal intent/add/flush; excludes this timing receipt and checkpoint writes",
      "mode": "stage4_sealed_cell",
      "banner": "sealed Stage 4; scientific admission also requires complete declared populations"
    },
    {
      "phase": "edit:26",
      "identity_check_kind": "in_memory_structure_and_configuration",
      "recipe_verification_seconds": 0.0,
      "identity_verification_seconds": 0.0,
      "identity_check_seconds": 0.001814615970943123,
      "state_hash_seconds": 0.07117393898079172,
      "clone_seconds": 0.004572483012452722,
      "restore_seconds": 0.0,
      "file_write_seconds": 0.0014795750030316412,
      "operation_seconds": 0.46153406699886546,
      "total_phase_seconds": 0.5406861770316027,
      "scope": "file writes include journal intent/add/flush; excludes this timing receipt and checkpoint writes",
      "mode": "stage4_sealed_cell",
      "banner": "sealed Stage 4; scientific admission also requires complete declared populations"
    },
    {
      "phase": "immediate:26",
      "identity_check_kind": "in_memory_structure_and_configuration",
      "recipe_verification_seconds": 0.0,
      "identity_verification_seconds": 0.0,
      "identity_check_seconds": 0.001764430955518037,
      "state_hash_seconds": 0.08892782300245017,
      "clone_seconds": 0.0043907949584536254,
      "restore_seconds": 0.002065258042421192,
      "file_write_seconds": 0.0013070739805698395,
      "operation_seconds": 0.3236513140145689,
      "total_phase_seconds": 0.4222008479991928,
      "scope": "file writes include journal intent/add/flush; excludes this timing receipt and checkpoint writes",
      "mode": "stage4_sealed_cell",
      "banner": "sealed Stage 4; scientific admission also requires complete declared populations"
    },
    {
      "phase": "edit:27",
      "identity_check_kind": "in_memory_structure_and_configuration",
      "recipe_verification_seconds": 0.0,
      "identity_verification_seconds": 0.0,
      "identity_check_seconds": 0.0017837279592640698,
      "state_hash_seconds": 0.07115369098028168,
      "clone_seconds": 0.004299970983993262,
      "restore_seconds": 0.0,
      "file_write_seconds": 0.0013266329769976437,
      "operation_seconds": 0.767055045987945,
      "total_phase_seconds": 0.8457034499733709,
      "scope": "file writes include journal intent/add/flush; excludes this timing receipt and checkpoint writes",
      "mode": "stage4_sealed_cell",
      "banner": "sealed Stage 4; scientific admission also requires complete declared populations"
    },
    {
      "phase": "immediate:27",
      "identity_check_kind": "in_memory_structure_and_configuration",
      "recipe_verification_seconds": 0.0,
      "identity_verification_seconds": 0.0,
      "identity_check_seconds": 0.001884371042251587,
      "state_hash_seconds": 0.09083870594622567,
      "clone_seconds": 0.004410611989442259,
      "restore_seconds": 0.0033209240064024925,
      "file_write_seconds": 0.001323827018495649,
      "operation_seconds": 0.4084415590041317,
      "total_phase_seconds": 0.510314370971173,
      "scope": "file writes include journal intent/add/flush; excludes this timing receipt and checkpoint writes",
      "mode": "stage4_sealed_cell",
      "banner": "sealed Stage 4; scientific admission also requires complete declared populations"
    },
    {
      "phase": "edit:28",
      "identity_check_kind": "in_memory_structure_and_configuration",
      "recipe_verification_seconds": 0.0,
      "identity_verification_seconds": 0.0,
      "identity_check_seconds": 0.0018415289814583957,
      "state_hash_seconds": 0.07517465692944825,
      "clone_seconds": 0.0048168409848585725,
      "restore_seconds": 0.0,
      "file_write_seconds": 0.0013187270378693938,
      "operation_seconds": 0.29425617097876966,
      "total_phase_seconds": 0.37748845998430625,
      "scope": "file writes include journal intent/add/flush; excludes this timing receipt and checkpoint writes",
      "mode": "stage4_sealed_cell",
      "banner": "sealed Stage 4; scientific admission also requires complete declared populations"
    },
    {
      "phase": "immediate:28",
      "identity_check_kind": "in_memory_structure_and_configuration",
      "recipe_verification_seconds": 0.0,
      "identity_verification_seconds": 0.0,
      "identity_check_seconds": 0.0018150279647670686,
      "state_hash_seconds": 0.09013738203793764,
      "clone_seconds": 0.00455728400265798,
      "restore_seconds": 0.0019396170391701162,
      "file_write_seconds": 0.0013297480181790888,
      "operation_seconds": 0.27437904803082347,
      "total_phase_seconds": 0.37424962304066867,
      "scope": "file writes include journal intent/add/flush; excludes this timing receipt and checkpoint writes",
      "mode": "stage4_sealed_cell",
      "banner": "sealed Stage 4; scientific admission also requires complete declared populations"
    },
    {
      "phase": "edit:29",
      "identity_check_kind": "in_memory_structure_and_configuration",
      "recipe_verification_seconds": 0.0,
      "identity_verification_seconds": 0.0,
      "identity_check_seconds": 0.001876977039501071,
      "state_hash_seconds": 0.07291109900688753,
      "clone_seconds": 0.004335347970481962,
      "restore_seconds": 0.0,
      "file_write_seconds": 0.0013829009840264916,
      "operation_seconds": 0.30794496403541416,
      "total_phase_seconds": 0.3885324639850296,
      "scope": "file writes include journal intent/add/flush; excludes this timing receipt and checkpoint writes",
      "mode": "stage4_sealed_cell",
      "banner": "sealed Stage 4; scientific admission also requires complete declared populations"
    },
    {
      "phase": "immediate:29",
      "identity_check_kind": "in_memory_structure_and_configuration",
      "recipe_verification_seconds": 0.0,
      "identity_verification_seconds": 0.0,
      "identity_check_seconds": 0.0018404570291750133,
      "state_hash_seconds": 0.09017745894379914,
      "clone_seconds": 0.004411945003084838,
      "restore_seconds": 0.00193235301412642,
      "file_write_seconds": 0.0014134789817035198,
      "operation_seconds": 0.2768804819788784,
      "total_phase_seconds": 0.37675604602554813,
      "scope": "file writes include journal intent/add/flush; excludes this timing receipt and checkpoint writes",
      "mode": "stage4_sealed_cell",
      "banner": "sealed Stage 4; scientific admission also requires complete declared populations"
    },
    {
      "phase": "edit:30",
      "identity_check_kind": "in_memory_structure_and_configuration",
      "recipe_verification_seconds": 0.0,
      "identity_verification_seconds": 0.0,
      "identity_check_seconds": 0.0018868570332415402,
      "state_hash_seconds": 0.0707004830474034,
      "clone_seconds": 0.005792601034045219,
      "restore_seconds": 0.0,
      "file_write_seconds": 0.0014500989927910268,
      "operation_seconds": 0.6025488519808277,
      "total_phase_seconds": 0.6824684120365418,
      "scope": "file writes include journal intent/add/flush; excludes this timing receipt and checkpoint writes",
      "mode": "stage4_sealed_cell",
      "banner": "sealed Stage 4; scientific admission also requires complete declared populations"
    },
    {
      "phase": "immediate:30",
      "identity_check_kind": "in_memory_structure_and_configuration",
      "recipe_verification_seconds": 0.0,
      "identity_verification_seconds": 0.0,
      "identity_check_seconds": 0.0018801940022967756,
      "state_hash_seconds": 0.08785899798385799,
      "clone_seconds": 0.005841734993737191,
      "restore_seconds": 0.0020745560177601874,
      "file_write_seconds": 0.0015190009726211429,
      "operation_seconds": 0.35859934997279197,
      "total_phase_seconds": 0.4578743039746769,
      "scope": "file writes include journal intent/add/flush; excludes this timing receipt and checkpoint writes",
      "mode": "stage4_sealed_cell",
      "banner": "sealed Stage 4; scientific admission also requires complete declared populations"
    },
    {
      "phase": "edit:31",
      "identity_check_kind": "in_memory_structure_and_configuration",
      "recipe_verification_seconds": 0.0,
      "identity_verification_seconds": 0.0,
      "identity_check_seconds": 0.0017532689962536097,
      "state_hash_seconds": 0.07060807599918917,
      "clone_seconds": 0.004674638039432466,
      "restore_seconds": 0.0,
      "file_write_seconds": 0.0013868079986423254,
      "operation_seconds": 0.484303391946014,
      "total_phase_seconds": 0.5628256359486841,
      "scope": "file writes include journal intent/add/flush; excludes this timing receipt and checkpoint writes",
      "mode": "stage4_sealed_cell",
      "banner": "sealed Stage 4; scientific admission also requires complete declared populations"
    },
    {
      "phase": "immediate:31",
      "identity_check_kind": "in_memory_structure_and_configuration",
      "recipe_verification_seconds": 0.0,
      "identity_verification_seconds": 0.0,
      "identity_check_seconds": 0.0017628680216148496,
      "state_hash_seconds": 0.08898324909387156,
      "clone_seconds": 0.005437762010842562,
      "restore_seconds": 0.0021235899766907096,
      "file_write_seconds": 0.001387969998177141,
      "operation_seconds": 0.31776899099349976,
      "total_phase_seconds": 0.4175568079808727,
      "scope": "file writes include journal intent/add/flush; excludes this timing receipt and checkpoint writes",
      "mode": "stage4_sealed_cell",
      "banner": "sealed Stage 4; scientific admission also requires complete declared populations"
    },
    {
      "phase": "edit:32",
      "identity_check_kind": "in_memory_structure_and_configuration",
      "recipe_verification_seconds": 0.0,
      "identity_verification_seconds": 0.0,
      "identity_check_seconds": 0.0017540809931233525,
      "state_hash_seconds": 0.07069071190198883,
      "clone_seconds": 0.004108303051907569,
      "restore_seconds": 0.0,
      "file_write_seconds": 0.0012740109814330935,
      "operation_seconds": 0.30267275002552196,
      "total_phase_seconds": 0.38057462399592623,
      "scope": "file writes include journal intent/add/flush; excludes this timing receipt and checkpoint writes",
      "mode": "stage4_sealed_cell",
      "banner": "sealed Stage 4; scientific admission also requires complete declared populations"
    },
    {
      "phase": "immediate:32",
      "identity_check_kind": "in_memory_structure_and_configuration",
      "recipe_verification_seconds": 0.0,
      "identity_verification_seconds": 0.0,
      "identity_check_seconds": 0.001872558961622417,
      "state_hash_seconds": 0.08972272794926539,
      "clone_seconds": 0.004283990012481809,
      "restore_seconds": 0.002759427996352315,
      "file_write_seconds": 0.001399621949531138,
      "operation_seconds": 0.27611188899027184,
      "total_phase_seconds": 0.37624401500215754,
      "scope": "file writes include journal intent/add/flush; excludes this timing receipt and checkpoint writes",
      "mode": "stage4_sealed_cell",
      "banner": "sealed Stage 4; scientific admission also requires complete declared populations"
    },
    {
      "phase": "edit:33",
      "identity_check_kind": "in_memory_structure_and_configuration",
      "recipe_verification_seconds": 0.0,
      "identity_verification_seconds": 0.0,
      "identity_check_seconds": 0.0017229109653271735,
      "state_hash_seconds": 0.07178703497629613,
      "clone_seconds": 0.0046737369848415256,
      "restore_seconds": 0.0,
      "file_write_seconds": 0.0014400299987755716,
      "operation_seconds": 0.9195298140402883,
      "total_phase_seconds": 0.9992327389772981,
      "scope": "file writes include journal intent/add/flush; excludes this timing receipt and checkpoint writes",
      "mode": "stage4_sealed_cell",
      "banner": "sealed Stage 4; scientific admission also requires complete declared populations"
    },
    {
      "phase": "immediate:33",
      "identity_check_kind": "in_memory_structure_and_configuration",
      "recipe_verification_seconds": 0.0,
      "identity_verification_seconds": 0.0,
      "identity_check_seconds": 0.001826530962716788,
      "state_hash_seconds": 0.09236695402069017,
      "clone_seconds": 0.004422164987772703,
      "restore_seconds": 0.001952081045601517,
      "file_write_seconds": 0.001290524029172957,
      "operation_seconds": 0.44156626000767574,
      "total_phase_seconds": 0.5435175629681908,
      "scope": "file writes include journal intent/add/flush; excludes this timing receipt and checkpoint writes",
      "mode": "stage4_sealed_cell",
      "banner": "sealed Stage 4; scientific admission also requires complete declared populations"
    },
    {
      "phase": "edit:34",
      "identity_check_kind": "in_memory_structure_and_configuration",
      "recipe_verification_seconds": 0.0,
      "identity_verification_seconds": 0.0,
      "identity_check_seconds": 0.0017564059235155582,
      "state_hash_seconds": 0.07046913797967136,
      "clone_seconds": 0.004548596974927932,
      "restore_seconds": 0.0,
      "file_write_seconds": 0.00138147798134014,
      "operation_seconds": 0.3082801579730585,
      "total_phase_seconds": 0.386518144980073,
      "scope": "file writes include journal intent/add/flush; excludes this timing receipt and checkpoint writes",
      "mode": "stage4_sealed_cell",
      "banner": "sealed Stage 4; scientific admission also requires complete declared populations"
    },
    {
      "phase": "immediate:34",
      "identity_check_kind": "in_memory_structure_and_configuration",
      "recipe_verification_seconds": 0.0,
      "identity_verification_seconds": 0.0,
      "identity_check_seconds": 0.0017747309757396579,
      "state_hash_seconds": 0.08752683107741177,
      "clone_seconds": 0.004523158015217632,
      "restore_seconds": 0.0019582429667934775,
      "file_write_seconds": 0.0013780219596810639,
      "operation_seconds": 0.3126066189724952,
      "total_phase_seconds": 0.4098589360364713,
      "scope": "file writes include journal intent/add/flush; excludes this timing receipt and checkpoint writes",
      "mode": "stage4_sealed_cell",
      "banner": "sealed Stage 4; scientific admission also requires complete declared populations"
    },
    {
      "phase": "edit:35",
      "identity_check_kind": "in_memory_structure_and_configuration",
      "recipe_verification_seconds": 0.0,
      "identity_verification_seconds": 0.0,
      "identity_check_seconds": 0.0018130040261894464,
      "state_hash_seconds": 0.07317786099156365,
      "clone_seconds": 0.004892475961241871,
      "restore_seconds": 0.0,
      "file_write_seconds": 0.0023052269825711846,
      "operation_seconds": 2.6792240029899403,
      "total_phase_seconds": 2.761515918013174,
      "scope": "file writes include journal intent/add/flush; excludes this timing receipt and checkpoint writes",
      "mode": "stage4_sealed_cell",
      "banner": "sealed Stage 4; scientific admission also requires complete declared populations"
    },
    {
      "phase": "immediate:35",
      "identity_check_kind": "in_memory_structure_and_configuration",
      "recipe_verification_seconds": 0.0,
      "identity_verification_seconds": 0.0,
      "identity_check_seconds": 0.0017805029638111591,
      "state_hash_seconds": 0.09073296294081956,
      "clone_seconds": 0.004556472995318472,
      "restore_seconds": 0.001973602978978306,
      "file_write_seconds": 0.0012371109914965928,
      "operation_seconds": 0.31817675300408155,
      "total_phase_seconds": 0.41856033104704693,
      "scope": "file writes include journal intent/add/flush; excludes this timing receipt and checkpoint writes",
      "mode": "stage4_sealed_cell",
      "banner": "sealed Stage 4; scientific admission also requires complete declared populations"
    },
    {
      "phase": "edit:36",
      "identity_check_kind": "in_memory_structure_and_configuration",
      "recipe_verification_seconds": 0.0,
      "identity_verification_seconds": 0.0,
      "identity_check_seconds": 0.001788566936738789,
      "state_hash_seconds": 0.07501978904474527,
      "clone_seconds": 0.004516856046393514,
      "restore_seconds": 0.0,
      "file_write_seconds": 0.0013548459974117577,
      "operation_seconds": 0.6052684229798615,
      "total_phase_seconds": 0.6880283880163915,
      "scope": "file writes include journal intent/add/flush; excludes this timing receipt and checkpoint writes",
      "mode": "stage4_sealed_cell",
      "banner": "sealed Stage 4; scientific admission also requires complete declared populations"
    },
    {
      "phase": "immediate:36",
      "identity_check_kind": "in_memory_structure_and_configuration",
      "recipe_verification_seconds": 0.0,
      "identity_verification_seconds": 0.0,
      "identity_check_seconds": 0.0018440650310367346,
      "state_hash_seconds": 0.09120765497209504,
      "clone_seconds": 0.007074898981954902,
      "restore_seconds": 0.0019423420308157802,
      "file_write_seconds": 0.0013013239949941635,
      "operation_seconds": 0.36598452302860096,
      "total_phase_seconds": 0.46948262996738777,
      "scope": "file writes include journal intent/add/flush; excludes this timing receipt and checkpoint writes",
      "mode": "stage4_sealed_cell",
      "banner": "sealed Stage 4; scientific admission also requires complete declared populations"
    },
    {
      "phase": "edit:37",
      "identity_check_kind": "in_memory_structure_and_configuration",
      "recipe_verification_seconds": 0.0,
      "identity_verification_seconds": 0.0,
      "identity_check_seconds": 0.0017443629913032055,
      "state_hash_seconds": 0.0723995000589639,
      "clone_seconds": 0.007430990983266383,
      "restore_seconds": 0.0,
      "file_write_seconds": 0.0013447770033963025,
      "operation_seconds": 0.7501281870063394,
      "total_phase_seconds": 0.833132038009353,
      "scope": "file writes include journal intent/add/flush; excludes this timing receipt and checkpoint writes",
      "mode": "stage4_sealed_cell",
      "banner": "sealed Stage 4; scientific admission also requires complete declared populations"
    },
    {
      "phase": "immediate:37",
      "identity_check_kind": "in_memory_structure_and_configuration",
      "recipe_verification_seconds": 0.0,
      "identity_verification_seconds": 0.0,
      "identity_check_seconds": 0.0017236339626833797,
      "state_hash_seconds": 0.08856560994172469,
      "clone_seconds": 0.0045675430446863174,
      "restore_seconds": 0.0023158080293796957,
      "file_write_seconds": 0.001616849040146917,
      "operation_seconds": 0.4128503779647872,
      "total_phase_seconds": 0.5117459950270131,
      "scope": "file writes include journal intent/add/flush; excludes this timing receipt and checkpoint writes",
      "mode": "stage4_sealed_cell",
      "banner": "sealed Stage 4; scientific admission also requires complete declared populations"
    },
    {
      "phase": "edit:38",
      "identity_check_kind": "in_memory_structure_and_configuration",
      "recipe_verification_seconds": 0.0,
      "identity_verification_seconds": 0.0,
      "identity_check_seconds": 0.0017594610108062625,
      "state_hash_seconds": 0.07175610604463145,
      "clone_seconds": 0.006036888982634991,
      "restore_seconds": 0.0,
      "file_write_seconds": 0.0013555479818023741,
      "operation_seconds": 0.7765329499961808,
      "total_phase_seconds": 0.8575260469806381,
      "scope": "file writes include journal intent/add/flush; excludes this timing receipt and checkpoint writes",
      "mode": "stage4_sealed_cell",
      "banner": "sealed Stage 4; scientific admission also requires complete declared populations"
    },
    {
      "phase": "immediate:38",
      "identity_check_kind": "in_memory_structure_and_configuration",
      "recipe_verification_seconds": 0.0,
      "identity_verification_seconds": 0.0,
      "identity_check_seconds": 0.0017176620312966406,
      "state_hash_seconds": 0.08747278596274555,
      "clone_seconds": 0.005560836987569928,
      "restore_seconds": 0.0018291460000909865,
      "file_write_seconds": 0.0014216139679774642,
      "operation_seconds": 0.6535971320117824,
      "total_phase_seconds": 0.7516868549864739,
      "scope": "file writes include journal intent/add/flush; excludes this timing receipt and checkpoint writes",
      "mode": "stage4_sealed_cell",
      "banner": "sealed Stage 4; scientific admission also requires complete declared populations"
    },
    {
      "phase": "edit:39",
      "identity_check_kind": "in_memory_structure_and_configuration",
      "recipe_verification_seconds": 0.0,
      "identity_verification_seconds": 0.0,
      "identity_check_seconds": 0.0018217319156974554,
      "state_hash_seconds": 0.07051452493760735,
      "clone_seconds": 0.005825172993354499,
      "restore_seconds": 0.0,
      "file_write_seconds": 0.0014421839732676744,
      "operation_seconds": 0.2845704489736818,
      "total_phase_seconds": 0.3642553800018504,
      "scope": "file writes include journal intent/add/flush; excludes this timing receipt and checkpoint writes",
      "mode": "stage4_sealed_cell",
      "banner": "sealed Stage 4; scientific admission also requires complete declared populations"
    },
    {
      "phase": "immediate:39",
      "identity_check_kind": "in_memory_structure_and_configuration",
      "recipe_verification_seconds": 0.0,
      "identity_verification_seconds": 0.0,
      "identity_check_seconds": 0.0017354449955746531,
      "state_hash_seconds": 0.0890544350259006,
      "clone_seconds": 0.00473500502994284,
      "restore_seconds": 0.0020902149844914675,
      "file_write_seconds": 0.001268019957933575,
      "operation_seconds": 0.2779988950351253,
      "total_phase_seconds": 0.37698292097775266,
      "scope": "file writes include journal intent/add/flush; excludes this timing receipt and checkpoint writes",
      "mode": "stage4_sealed_cell",
      "banner": "sealed Stage 4; scientific admission also requires complete declared populations"
    },
    {
      "phase": "edit:40",
      "identity_check_kind": "in_memory_structure_and_configuration",
      "recipe_verification_seconds": 0.0,
      "identity_verification_seconds": 0.0,
      "identity_check_seconds": 0.0017452439642511308,
      "state_hash_seconds": 0.07381143496604636,
      "clone_seconds": 0.0060040560201741755,
      "restore_seconds": 0.0,
      "file_write_seconds": 0.0012559079914353788,
      "operation_seconds": 0.3072622860199772,
      "total_phase_seconds": 0.39016379101667553,
      "scope": "file writes include journal intent/add/flush; excludes this timing receipt and checkpoint writes",
      "mode": "stage4_sealed_cell",
      "banner": "sealed Stage 4; scientific admission also requires complete declared populations"
    },
    {
      "phase": "immediate:40",
      "identity_check_kind": "in_memory_structure_and_configuration",
      "recipe_verification_seconds": 0.0,
      "identity_verification_seconds": 0.0,
      "identity_check_seconds": 0.0017746019875630736,
      "state_hash_seconds": 0.08863460103748366,
      "clone_seconds": 0.004666072025429457,
      "restore_seconds": 0.002083703991957009,
      "file_write_seconds": 0.001295041001867503,
      "operation_seconds": 0.312548547051847,
      "total_phase_seconds": 0.4110955250216648,
      "scope": "file writes include journal intent/add/flush; excludes this timing receipt and checkpoint writes",
      "mode": "stage4_sealed_cell",
      "banner": "sealed Stage 4; scientific admission also requires complete declared populations"
    },
    {
      "phase": "edit:41",
      "identity_check_kind": "in_memory_structure_and_configuration",
      "recipe_verification_seconds": 0.0,
      "identity_verification_seconds": 0.0,
      "identity_check_seconds": 0.0017525480361655354,
      "state_hash_seconds": 0.07255406398326159,
      "clone_seconds": 0.005666559038218111,
      "restore_seconds": 0.0,
      "file_write_seconds": 0.0013504379894584417,
      "operation_seconds": 0.894565932045225,
      "total_phase_seconds": 0.9760156249976717,
      "scope": "file writes include journal intent/add/flush; excludes this timing receipt and checkpoint writes",
      "mode": "stage4_sealed_cell",
      "banner": "sealed Stage 4; scientific admission also requires complete declared populations"
    },
    {
      "phase": "immediate:41",
      "identity_check_kind": "in_memory_structure_and_configuration",
      "recipe_verification_seconds": 0.0,
      "identity_verification_seconds": 0.0,
      "identity_check_seconds": 0.0017326709930785,
      "state_hash_seconds": 0.08964364597341046,
      "clone_seconds": 0.005938791029620916,
      "restore_seconds": 0.0019749950151890516,
      "file_write_seconds": 0.0012804539874196053,
      "operation_seconds": 0.45499340194510296,
      "total_phase_seconds": 0.5556754429708235,
      "scope": "file writes include journal intent/add/flush; excludes this timing receipt and checkpoint writes",
      "mode": "stage4_sealed_cell",
      "banner": "sealed Stage 4; scientific admission also requires complete declared populations"
    },
    {
      "phase": "edit:42",
      "identity_check_kind": "in_memory_structure_and_configuration",
      "recipe_verification_seconds": 0.0,
      "identity_verification_seconds": 0.0,
      "identity_check_seconds": 0.0017807040130719543,
      "state_hash_seconds": 0.07179388904478401,
      "clone_seconds": 0.0058949870290234685,
      "restore_seconds": 0.0,
      "file_write_seconds": 0.0012905130279250443,
      "operation_seconds": 0.44525416794931516,
      "total_phase_seconds": 0.5260967470239848,
      "scope": "file writes include journal intent/add/flush; excludes this timing receipt and checkpoint writes",
      "mode": "stage4_sealed_cell",
      "banner": "sealed Stage 4; scientific admission also requires complete declared populations"
    },
    {
      "phase": "immediate:42",
      "identity_check_kind": "in_memory_structure_and_configuration",
      "recipe_verification_seconds": 0.0,
      "identity_verification_seconds": 0.0,
      "identity_check_seconds": 0.001753068994730711,
      "state_hash_seconds": 0.0873893549432978,
      "clone_seconds": 0.00424283102620393,
      "restore_seconds": 0.0019845429924316704,
      "file_write_seconds": 0.0013320830184966326,
      "operation_seconds": 0.31454662600299343,
      "total_phase_seconds": 0.4113631380023435,
      "scope": "file writes include journal intent/add/flush; excludes this timing receipt and checkpoint writes",
      "mode": "stage4_sealed_cell",
      "banner": "sealed Stage 4; scientific admission also requires complete declared populations"
    },
    {
      "phase": "edit:43",
      "identity_check_kind": "in_memory_structure_and_configuration",
      "recipe_verification_seconds": 0.0,
      "identity_verification_seconds": 0.0,
      "identity_check_seconds": 0.0017402549274265766,
      "state_hash_seconds": 0.07243960496271029,
      "clone_seconds": 0.006045615999028087,
      "restore_seconds": 0.0,
      "file_write_seconds": 0.0015833849902264774,
      "operation_seconds": 1.0366555459913798,
      "total_phase_seconds": 1.1185562030295841,
      "scope": "file writes include journal intent/add/flush; excludes this timing receipt and checkpoint writes",
      "mode": "stage4_sealed_cell",
      "banner": "sealed Stage 4; scientific admission also requires complete declared populations"
    },
    {
      "phase": "immediate:43",
      "identity_check_kind": "in_memory_structure_and_configuration",
      "recipe_verification_seconds": 0.0,
      "identity_verification_seconds": 0.0,
      "identity_check_seconds": 0.0018182340427301824,
      "state_hash_seconds": 0.09293650597101077,
      "clone_seconds": 0.005974719999358058,
      "restore_seconds": 0.0025293079670518637,
      "file_write_seconds": 0.0014380450011231005,
      "operation_seconds": 0.4596258300007321,
      "total_phase_seconds": 0.5644456199952401,
      "scope": "file writes include journal intent/add/flush; excludes this timing receipt and checkpoint writes",
      "mode": "stage4_sealed_cell",
      "banner": "sealed Stage 4; scientific admission also requires complete declared populations"
    },
    {
      "phase": "edit:44",
      "identity_check_kind": "in_memory_structure_and_configuration",
      "recipe_verification_seconds": 0.0,
      "identity_verification_seconds": 0.0,
      "identity_check_seconds": 0.0017420600051991642,
      "state_hash_seconds": 0.07290979597019032,
      "clone_seconds": 0.006359166989568621,
      "restore_seconds": 0.0,
      "file_write_seconds": 0.0018316999776288867,
      "operation_seconds": 0.9127253429614939,
      "total_phase_seconds": 0.9956788680283353,
      "scope": "file writes include journal intent/add/flush; excludes this timing receipt and checkpoint writes",
      "mode": "stage4_sealed_cell",
      "banner": "sealed Stage 4; scientific admission also requires complete declared populations"
    },
    {
      "phase": "immediate:44",
      "identity_check_kind": "in_memory_structure_and_configuration",
      "recipe_verification_seconds": 0.0,
      "identity_verification_seconds": 0.0,
      "identity_check_seconds": 0.002361537015531212,
      "state_hash_seconds": 0.08905581006547436,
      "clone_seconds": 0.005876261042430997,
      "restore_seconds": 0.00203765498008579,
      "file_write_seconds": 0.001331471954472363,
      "operation_seconds": 0.487363206979353,
      "total_phase_seconds": 0.5881283060298301,
      "scope": "file writes include journal intent/add/flush; excludes this timing receipt and checkpoint writes",
      "mode": "stage4_sealed_cell",
      "banner": "sealed Stage 4; scientific admission also requires complete declared populations"
    },
    {
      "phase": "edit:45",
      "identity_check_kind": "in_memory_structure_and_configuration",
      "recipe_verification_seconds": 0.0,
      "identity_verification_seconds": 0.0,
      "identity_check_seconds": 0.0019187670550309122,
      "state_hash_seconds": 0.07279964600456879,
      "clone_seconds": 0.005982264003250748,
      "restore_seconds": 0.0,
      "file_write_seconds": 0.0013703060103580356,
      "operation_seconds": 0.7262769889784977,
      "total_phase_seconds": 0.8084474920178764,
      "scope": "file writes include journal intent/add/flush; excludes this timing receipt and checkpoint writes",
      "mode": "stage4_sealed_cell",
      "banner": "sealed Stage 4; scientific admission also requires complete declared populations"
    },
    {
      "phase": "immediate:45",
      "identity_check_kind": "in_memory_structure_and_configuration",
      "recipe_verification_seconds": 0.0,
      "identity_verification_seconds": 0.0,
      "identity_check_seconds": 0.0018640630296431482,
      "state_hash_seconds": 0.08991557697299868,
      "clone_seconds": 0.004988089029211551,
      "restore_seconds": 0.0025191180175170302,
      "file_write_seconds": 0.0013472019927576184,
      "operation_seconds": 0.4110205920296721,
      "total_phase_seconds": 0.5117631480097771,
      "scope": "file writes include journal intent/add/flush; excludes this timing receipt and checkpoint writes",
      "mode": "stage4_sealed_cell",
      "banner": "sealed Stage 4; scientific admission also requires complete declared populations"
    },
    {
      "phase": "edit:46",
      "identity_check_kind": "in_memory_structure_and_configuration",
      "recipe_verification_seconds": 0.0,
      "identity_verification_seconds": 0.0,
      "identity_check_seconds": 0.0019099909695796669,
      "state_hash_seconds": 0.07386066898470744,
      "clone_seconds": 0.007571440015453845,
      "restore_seconds": 0.0,
      "file_write_seconds": 0.001304169010836631,
      "operation_seconds": 0.46270281699253246,
      "total_phase_seconds": 0.5474260830087587,
      "scope": "file writes include journal intent/add/flush; excludes this timing receipt and checkpoint writes",
      "mode": "stage4_sealed_cell",
      "banner": "sealed Stage 4; scientific admission also requires complete declared populations"
    },
    {
      "phase": "immediate:46",
      "identity_check_kind": "in_memory_structure_and_configuration",
      "recipe_verification_seconds": 0.0,
      "identity_verification_seconds": 0.0,
      "identity_check_seconds": 0.002053905976936221,
      "state_hash_seconds": 0.08907221996923909,
      "clone_seconds": 0.006422448030207306,
      "restore_seconds": 0.002010812982916832,
      "file_write_seconds": 0.0015357430092990398,
      "operation_seconds": 0.32372228003805503,
      "total_phase_seconds": 0.42492554895579815,
      "scope": "file writes include journal intent/add/flush; excludes this timing receipt and checkpoint writes",
      "mode": "stage4_sealed_cell",
      "banner": "sealed Stage 4; scientific admission also requires complete declared populations"
    },
    {
      "phase": "edit:47",
      "identity_check_kind": "in_memory_structure_and_configuration",
      "recipe_verification_seconds": 0.0,
      "identity_verification_seconds": 0.0,
      "identity_check_seconds": 0.001766413974110037,
      "state_hash_seconds": 0.0716706610401161,
      "clone_seconds": 0.006058239960111678,
      "restore_seconds": 0.0,
      "file_write_seconds": 0.0013300289865583181,
      "operation_seconds": 0.572136087983381,
      "total_phase_seconds": 0.6530393240391277,
      "scope": "file writes include journal intent/add/flush; excludes this timing receipt and checkpoint writes",
      "mode": "stage4_sealed_cell",
      "banner": "sealed Stage 4; scientific admission also requires complete declared populations"
    },
    {
      "phase": "immediate:47",
      "identity_check_kind": "in_memory_structure_and_configuration",
      "recipe_verification_seconds": 0.0,
      "identity_verification_seconds": 0.0,
      "identity_check_seconds": 0.001735466008540243,
      "state_hash_seconds": 0.08844014903297648,
      "clone_seconds": 0.004011216980870813,
      "restore_seconds": 0.0019975879695266485,
      "file_write_seconds": 0.0013263620203360915,
      "operation_seconds": 0.36805424001067877,
      "total_phase_seconds": 0.4656550739891827,
      "scope": "file writes include journal intent/add/flush; excludes this timing receipt and checkpoint writes",
      "mode": "stage4_sealed_cell",
      "banner": "sealed Stage 4; scientific admission also requires complete declared populations"
    },
    {
      "phase": "edit:48",
      "identity_check_kind": "in_memory_structure_and_configuration",
      "recipe_verification_seconds": 0.0,
      "identity_verification_seconds": 0.0,
      "identity_check_seconds": 0.0018488629721105099,
      "state_hash_seconds": 0.07220658799633384,
      "clone_seconds": 0.005736163002438843,
      "restore_seconds": 0.0,
      "file_write_seconds": 0.0013009730027988553,
      "operation_seconds": 0.4522742709959857,
      "total_phase_seconds": 0.5334484150516801,
      "scope": "file writes include journal intent/add/flush; excludes this timing receipt and checkpoint writes",
      "mode": "stage4_sealed_cell",
      "banner": "sealed Stage 4; scientific admission also requires complete declared populations"
    },
    {
      "phase": "immediate:48",
      "identity_check_kind": "in_memory_structure_and_configuration",
      "recipe_verification_seconds": 0.0,
      "identity_verification_seconds": 0.0,
      "identity_check_seconds": 0.0018638510373421013,
      "state_hash_seconds": 0.09048707305919379,
      "clone_seconds": 0.0061120030004531145,
      "restore_seconds": 0.0020540569676086307,
      "file_write_seconds": 0.0013535640318877995,
      "operation_seconds": 0.3646990000270307,
      "total_phase_seconds": 0.46667200402589515,
      "scope": "file writes include journal intent/add/flush; excludes this timing receipt and checkpoint writes",
      "mode": "stage4_sealed_cell",
      "banner": "sealed Stage 4; scientific admission also requires complete declared populations"
    },
    {
      "phase": "edit:49",
      "identity_check_kind": "in_memory_structure_and_configuration",
      "recipe_verification_seconds": 0.0,
      "identity_verification_seconds": 0.0,
      "identity_check_seconds": 0.0017904710257425904,
      "state_hash_seconds": 0.0728241209872067,
      "clone_seconds": 0.005917058966588229,
      "restore_seconds": 0.0,
      "file_write_seconds": 0.0012008710182271898,
      "operation_seconds": 0.4196616319823079,
      "total_phase_seconds": 0.5014752619899809,
      "scope": "file writes include journal intent/add/flush; excludes this timing receipt and checkpoint writes",
      "mode": "stage4_sealed_cell",
      "banner": "sealed Stage 4; scientific admission also requires complete declared populations"
    },
    {
      "phase": "immediate:49",
      "identity_check_kind": "in_memory_structure_and_configuration",
      "recipe_verification_seconds": 0.0,
      "identity_verification_seconds": 0.0,
      "identity_check_seconds": 0.0019020440522581339,
      "state_hash_seconds": 0.08893250196706504,
      "clone_seconds": 0.00568944396218285,
      "restore_seconds": 0.0019248989992775023,
      "file_write_seconds": 0.0013164330157451332,
      "operation_seconds": 0.32134136703098193,
      "total_phase_seconds": 0.42124528699787334,
      "scope": "file writes include journal intent/add/flush; excludes this timing receipt and checkpoint writes",
      "mode": "stage4_sealed_cell",
      "banner": "sealed Stage 4; scientific admission also requires complete declared populations"
    },
    {
      "phase": "edit:50",
      "identity_check_kind": "in_memory_structure_and_configuration",
      "recipe_verification_seconds": 0.0,
      "identity_verification_seconds": 0.0,
      "identity_check_seconds": 0.0018374909996055067,
      "state_hash_seconds": 0.0731016939971596,
      "clone_seconds": 0.00605641701258719,
      "restore_seconds": 0.0,
      "file_write_seconds": 0.0012146880035288632,
      "operation_seconds": 0.46866618504282087,
      "total_phase_seconds": 0.5509565190295689,
      "scope": "file writes include journal intent/add/flush; excludes this timing receipt and checkpoint writes",
      "mode": "stage4_sealed_cell",
      "banner": "sealed Stage 4; scientific admission also requires complete declared populations"
    },
    {
      "phase": "immediate:50",
      "identity_check_kind": "in_memory_structure_and_configuration",
      "recipe_verification_seconds": 0.0,
      "identity_verification_seconds": 0.0,
      "identity_check_seconds": 0.0017456969362683594,
      "state_hash_seconds": 0.0896162620629184,
      "clone_seconds": 0.004726578015834093,
      "restore_seconds": 0.002066851011477411,
      "file_write_seconds": 0.0014048219891265035,
      "operation_seconds": 0.4472112680086866,
      "total_phase_seconds": 0.546860900009051,
      "scope": "file writes include journal intent/add/flush; excludes this timing receipt and checkpoint writes",
      "mode": "stage4_sealed_cell",
      "banner": "sealed Stage 4; scientific admission also requires complete declared populations"
    },
    {
      "phase": "edit:51",
      "identity_check_kind": "in_memory_structure_and_configuration",
      "recipe_verification_seconds": 0.0,
      "identity_verification_seconds": 0.0,
      "identity_check_seconds": 0.0017573779914528131,
      "state_hash_seconds": 0.0716778949717991,
      "clone_seconds": 0.005978377012070268,
      "restore_seconds": 0.0,
      "file_write_seconds": 0.0014267739607021213,
      "operation_seconds": 1.4555321829975583,
      "total_phase_seconds": 1.5364611970144324,
      "scope": "file writes include journal intent/add/flush; excludes this timing receipt and checkpoint writes",
      "mode": "stage4_sealed_cell",
      "banner": "sealed Stage 4; scientific admission also requires complete declared populations"
    },
    {
      "phase": "immediate:51",
      "identity_check_kind": "in_memory_structure_and_configuration",
      "recipe_verification_seconds": 0.0,
      "identity_verification_seconds": 0.0,
      "identity_check_seconds": 0.0017573880031704903,
      "state_hash_seconds": 0.09025030897464603,
      "clone_seconds": 0.004374304029624909,
      "restore_seconds": 0.0019014640129171312,
      "file_write_seconds": 0.001307866012211889,
      "operation_seconds": 0.5931055439868942,
      "total_phase_seconds": 0.6928041899809614,
      "scope": "file writes include journal intent/add/flush; excludes this timing receipt and checkpoint writes",
      "mode": "stage4_sealed_cell",
      "banner": "sealed Stage 4; scientific admission also requires complete declared populations"
    },
    {
      "phase": "edit:52",
      "identity_check_kind": "in_memory_structure_and_configuration",
      "recipe_verification_seconds": 0.0,
      "identity_verification_seconds": 0.0,
      "identity_check_seconds": 0.00174390192842111,
      "state_hash_seconds": 0.0729595220182091,
      "clone_seconds": 0.00631722598336637,
      "restore_seconds": 0.0,
      "file_write_seconds": 0.0013486139941960573,
      "operation_seconds": 0.45894678903277963,
      "total_phase_seconds": 0.5413946440094151,
      "scope": "file writes include journal intent/add/flush; excludes this timing receipt and checkpoint writes",
      "mode": "stage4_sealed_cell",
      "banner": "sealed Stage 4; scientific admission also requires complete declared populations"
    },
    {
      "phase": "immediate:52",
      "identity_check_kind": "in_memory_structure_and_configuration",
      "recipe_verification_seconds": 0.0,
      "identity_verification_seconds": 0.0,
      "identity_check_seconds": 0.0017525679431855679,
      "state_hash_seconds": 0.0865240580169484,
      "clone_seconds": 0.004971857997588813,
      "restore_seconds": 0.001962701033335179,
      "file_write_seconds": 0.0013029369874857366,
      "operation_seconds": 0.3222438169759698,
      "total_phase_seconds": 0.4188483330071904,
      "scope": "file writes include journal intent/add/flush; excludes this timing receipt and checkpoint writes",
      "mode": "stage4_sealed_cell",
      "banner": "sealed Stage 4; scientific admission also requires complete declared populations"
    },
    {
      "phase": "edit:53",
      "identity_check_kind": "in_memory_structure_and_configuration",
      "recipe_verification_seconds": 0.0,
      "identity_verification_seconds": 0.0,
      "identity_check_seconds": 0.0018577599548734725,
      "state_hash_seconds": 0.07460187800461426,
      "clone_seconds": 0.008126583008561283,
      "restore_seconds": 0.0,
      "file_write_seconds": 0.0014375749742612243,
      "operation_seconds": 0.2876130499644205,
      "total_phase_seconds": 0.3737187950173393,
      "scope": "file writes include journal intent/add/flush; excludes this timing receipt and checkpoint writes",
      "mode": "stage4_sealed_cell",
      "banner": "sealed Stage 4; scientific admission also requires complete declared populations"
    },
    {
      "phase": "immediate:53",
      "identity_check_kind": "in_memory_structure_and_configuration",
      "recipe_verification_seconds": 0.0,
      "identity_verification_seconds": 0.0,
      "identity_check_seconds": 0.0017456549685448408,
      "state_hash_seconds": 0.09097906498936936,
      "clone_seconds": 0.004599013016559184,
      "restore_seconds": 0.0020342679927125573,
      "file_write_seconds": 0.0013122649979777634,
      "operation_seconds": 0.27379243401810527,
      "total_phase_seconds": 0.37455789401428774,
      "scope": "file writes include journal intent/add/flush; excludes this timing receipt and checkpoint writes",
      "mode": "stage4_sealed_cell",
      "banner": "sealed Stage 4; scientific admission also requires complete declared populations"
    },
    {
      "phase": "edit:54",
      "identity_check_kind": "in_memory_structure_and_configuration",
      "recipe_verification_seconds": 0.0,
      "identity_verification_seconds": 0.0,
      "identity_check_seconds": 0.0017688300576992333,
      "state_hash_seconds": 0.07294062501750886,
      "clone_seconds": 0.005976272979751229,
      "restore_seconds": 0.0,
      "file_write_seconds": 0.0012862959993071854,
      "operation_seconds": 0.44353206700179726,
      "total_phase_seconds": 0.5255986530100927,
      "scope": "file writes include journal intent/add/flush; excludes this timing receipt and checkpoint writes",
      "mode": "stage4_sealed_cell",
      "banner": "sealed Stage 4; scientific admission also requires complete declared populations"
    },
    {
      "phase": "immediate:54",
      "identity_check_kind": "in_memory_structure_and_configuration",
      "recipe_verification_seconds": 0.0,
      "identity_verification_seconds": 0.0,
      "identity_check_seconds": 0.00174974394030869,
      "state_hash_seconds": 0.08855323604075238,
      "clone_seconds": 0.005727506009861827,
      "restore_seconds": 0.0020088389865122736,
      "file_write_seconds": 0.001346761011518538,
      "operation_seconds": 0.31601087196031585,
      "total_phase_seconds": 0.4154866309836507,
      "scope": "file writes include journal intent/add/flush; excludes this timing receipt and checkpoint writes",
      "mode": "stage4_sealed_cell",
      "banner": "sealed Stage 4; scientific admission also requires complete declared populations"
    },
    {
      "phase": "edit:55",
      "identity_check_kind": "in_memory_structure_and_configuration",
      "recipe_verification_seconds": 0.0,
      "identity_verification_seconds": 0.0,
      "identity_check_seconds": 0.0017460569506511092,
      "state_hash_seconds": 0.07379097590455785,
      "clone_seconds": 0.006107255001552403,
      "restore_seconds": 0.0,
      "file_write_seconds": 0.0014085699804127216,
      "operation_seconds": 0.469128381984774,
      "total_phase_seconds": 0.5522981099784374,
      "scope": "file writes include journal intent/add/flush; excludes this timing receipt and checkpoint writes",
      "mode": "stage4_sealed_cell",
      "banner": "sealed Stage 4; scientific admission also requires complete declared populations"
    },
    {
      "phase": "immediate:55",
      "identity_check_kind": "in_memory_structure_and_configuration",
      "recipe_verification_seconds": 0.0,
      "identity_verification_seconds": 0.0,
      "identity_check_seconds": 0.002256403968203813,
      "state_hash_seconds": 0.09125759801827371,
      "clone_seconds": 0.004887726972810924,
      "restore_seconds": 0.0019806859781965613,
      "file_write_seconds": 0.0013394770212471485,
      "operation_seconds": 0.36005841597216204,
      "total_phase_seconds": 0.4618781970348209,
      "scope": "file writes include journal intent/add/flush; excludes this timing receipt and checkpoint writes",
      "mode": "stage4_sealed_cell",
      "banner": "sealed Stage 4; scientific admission also requires complete declared populations"
    },
    {
      "phase": "edit:56",
      "identity_check_kind": "in_memory_structure_and_configuration",
      "recipe_verification_seconds": 0.0,
      "identity_verification_seconds": 0.0,
      "identity_check_seconds": 0.0017523979768157005,
      "state_hash_seconds": 0.07280869397800416,
      "clone_seconds": 0.00598466896917671,
      "restore_seconds": 0.0,
      "file_write_seconds": 0.0013526120455935597,
      "operation_seconds": 0.5967774409800768,
      "total_phase_seconds": 0.6787576309870929,
      "scope": "file writes include journal intent/add/flush; excludes this timing receipt and checkpoint writes",
      "mode": "stage4_sealed_cell",
      "banner": "sealed Stage 4; scientific admission also requires complete declared populations"
    },
    {
      "phase": "immediate:56",
      "identity_check_kind": "in_memory_structure_and_configuration",
      "recipe_verification_seconds": 0.0,
      "identity_verification_seconds": 0.0,
      "identity_check_seconds": 0.0018023349693976343,
      "state_hash_seconds": 0.09016310091828927,
      "clone_seconds": 0.00471873302012682,
      "restore_seconds": 0.00210899201920256,
      "file_write_seconds": 0.0012488030479289591,
      "operation_seconds": 0.31426413502776995,
      "total_phase_seconds": 0.41439620102755725,
      "scope": "file writes include journal intent/add/flush; excludes this timing receipt and checkpoint writes",
      "mode": "stage4_sealed_cell",
      "banner": "sealed Stage 4; scientific admission also requires complete declared populations"
    },
    {
      "phase": "edit:57",
      "identity_check_kind": "in_memory_structure_and_configuration",
      "recipe_verification_seconds": 0.0,
      "identity_verification_seconds": 0.0,
      "identity_check_seconds": 0.001926812983583659,
      "state_hash_seconds": 0.07270784903084859,
      "clone_seconds": 0.005853708018548787,
      "restore_seconds": 0.0,
      "file_write_seconds": 0.0012800829717889428,
      "operation_seconds": 0.3018561950302683,
      "total_phase_seconds": 0.38370261795353144,
      "scope": "file writes include journal intent/add/flush; excludes this timing receipt and checkpoint writes",
      "mode": "stage4_sealed_cell",
      "banner": "sealed Stage 4; scientific admission also requires complete declared populations"
    },
    {
      "phase": "immediate:57",
      "identity_check_kind": "in_memory_structure_and_configuration",
      "recipe_verification_seconds": 0.0,
      "identity_verification_seconds": 0.0,
      "identity_check_seconds": 0.0018398870015516877,
      "state_hash_seconds": 0.08975747501244769,
      "clone_seconds": 0.006148272019345313,
      "restore_seconds": 0.0019886610098183155,
      "file_write_seconds": 0.0012360590044409037,
      "operation_seconds": 0.27984366996679455,
      "total_phase_seconds": 0.3809134929906577,
      "scope": "file writes include journal intent/add/flush; excludes this timing receipt and checkpoint writes",
      "mode": "stage4_sealed_cell",
      "banner": "sealed Stage 4; scientific admission also requires complete declared populations"
    },
    {
      "phase": "edit:58",
      "identity_check_kind": "in_memory_structure_and_configuration",
      "recipe_verification_seconds": 0.0,
      "identity_verification_seconds": 0.0,
      "identity_check_seconds": 0.0017646620399318635,
      "state_hash_seconds": 0.07276854600058869,
      "clone_seconds": 0.0058307540020905435,
      "restore_seconds": 0.0,
      "file_write_seconds": 0.0013149190344847739,
      "operation_seconds": 0.45577596203656867,
      "total_phase_seconds": 0.5375480419606902,
      "scope": "file writes include journal intent/add/flush; excludes this timing receipt and checkpoint writes",
      "mode": "stage4_sealed_cell",
      "banner": "sealed Stage 4; scientific admission also requires complete declared populations"
    },
    {
      "phase": "immediate:58",
      "identity_check_kind": "in_memory_structure_and_configuration",
      "recipe_verification_seconds": 0.0,
      "identity_verification_seconds": 0.0,
      "identity_check_seconds": 0.0017984870355576277,
      "state_hash_seconds": 0.08754156710347161,
      "clone_seconds": 0.00481729197781533,
      "restore_seconds": 0.002032485033851117,
      "file_write_seconds": 0.0012361080152913928,
      "operation_seconds": 0.31599686498520896,
      "total_phase_seconds": 0.4135227670194581,
      "scope": "file writes include journal intent/add/flush; excludes this timing receipt and checkpoint writes",
      "mode": "stage4_sealed_cell",
      "banner": "sealed Stage 4; scientific admission also requires complete declared populations"
    },
    {
      "phase": "edit:59",
      "identity_check_kind": "in_memory_structure_and_configuration",
      "recipe_verification_seconds": 0.0,
      "identity_verification_seconds": 0.0,
      "identity_check_seconds": 0.0017349550034850836,
      "state_hash_seconds": 0.07315808197017759,
      "clone_seconds": 0.005992012971546501,
      "restore_seconds": 0.0,
      "file_write_seconds": 0.0013405289500951767,
      "operation_seconds": 0.3083315060357563,
      "total_phase_seconds": 0.39063778903800994,
      "scope": "file writes include journal intent/add/flush; excludes this timing receipt and checkpoint writes",
      "mode": "stage4_sealed_cell",
      "banner": "sealed Stage 4; scientific admission also requires complete declared populations"
    },
    {
      "phase": "immediate:59",
      "identity_check_kind": "in_memory_structure_and_configuration",
      "recipe_verification_seconds": 0.0,
      "identity_verification_seconds": 0.0,
      "identity_check_seconds": 0.001838343043345958,
      "state_hash_seconds": 0.09077388001605868,
      "clone_seconds": 0.004758719995152205,
      "restore_seconds": 0.003444741014391184,
      "file_write_seconds": 0.0013459190377034247,
      "operation_seconds": 0.27386927098268643,
      "total_phase_seconds": 0.3761237149592489,
      "scope": "file writes include journal intent/add/flush; excludes this timing receipt and checkpoint writes",
      "mode": "stage4_sealed_cell",
      "banner": "sealed Stage 4; scientific admission also requires complete declared populations"
    },
    {
      "phase": "edit:60",
      "identity_check_kind": "in_memory_structure_and_configuration",
      "recipe_verification_seconds": 0.0,
      "identity_verification_seconds": 0.0,
      "identity_check_seconds": 0.001962750975508243,
      "state_hash_seconds": 0.07396767294267192,
      "clone_seconds": 0.008206215978134423,
      "restore_seconds": 0.0,
      "file_write_seconds": 0.0013527520350180566,
      "operation_seconds": 0.45559852197766304,
      "total_phase_seconds": 0.5411744420416653,
      "scope": "file writes include journal intent/add/flush; excludes this timing receipt and checkpoint writes",
      "mode": "stage4_sealed_cell",
      "banner": "sealed Stage 4; scientific admission also requires complete declared populations"
    },
    {
      "phase": "immediate:60",
      "identity_check_kind": "in_memory_structure_and_configuration",
      "recipe_verification_seconds": 0.0,
      "identity_verification_seconds": 0.0,
      "identity_check_seconds": 0.0018110310193151236,
      "state_hash_seconds": 0.08757172495825216,
      "clone_seconds": 0.004955978016369045,
      "restore_seconds": 0.001958903972990811,
      "file_write_seconds": 0.0013196090003475547,
      "operation_seconds": 0.3285277899703942,
      "total_phase_seconds": 0.42623711400665343,
      "scope": "file writes include journal intent/add/flush; excludes this timing receipt and checkpoint writes",
      "mode": "stage4_sealed_cell",
      "banner": "sealed Stage 4; scientific admission also requires complete declared populations"
    },
    {
      "phase": "edit:61",
      "identity_check_kind": "in_memory_structure_and_configuration",
      "recipe_verification_seconds": 0.0,
      "identity_verification_seconds": 0.0,
      "identity_check_seconds": 0.0017822060035541654,
      "state_hash_seconds": 0.07130296702962369,
      "clone_seconds": 0.0062313119997270405,
      "restore_seconds": 0.0,
      "file_write_seconds": 0.0013195289648137987,
      "operation_seconds": 1.595807952049654,
      "total_phase_seconds": 1.6765328249894083,
      "scope": "file writes include journal intent/add/flush; excludes this timing receipt and checkpoint writes",
      "mode": "stage4_sealed_cell",
      "banner": "sealed Stage 4; scientific admission also requires complete declared populations"
    },
    {
      "phase": "immediate:61",
      "identity_check_kind": "in_memory_structure_and_configuration",
      "recipe_verification_seconds": 0.0,
      "identity_verification_seconds": 0.0,
      "identity_check_seconds": 0.0017671069945208728,
      "state_hash_seconds": 0.09013515803962946,
      "clone_seconds": 0.0048214599955827,
      "restore_seconds": 0.0019886610098183155,
      "file_write_seconds": 0.0015815409715287387,
      "operation_seconds": 0.5809962880448438,
      "total_phase_seconds": 0.6813998639700003,
      "scope": "file writes include journal intent/add/flush; excludes this timing receipt and checkpoint writes",
      "mode": "stage4_sealed_cell",
      "banner": "sealed Stage 4; scientific admission also requires complete declared populations"
    },
    {
      "phase": "edit:62",
      "identity_check_kind": "in_memory_structure_and_configuration",
      "recipe_verification_seconds": 0.0,
      "identity_verification_seconds": 0.0,
      "identity_check_seconds": 0.0017926549771800637,
      "state_hash_seconds": 0.0726206119870767,
      "clone_seconds": 0.006054211989976466,
      "restore_seconds": 0.0,
      "file_write_seconds": 0.001425641996320337,
      "operation_seconds": 0.3028871219721623,
      "total_phase_seconds": 0.38486495602410287,
      "scope": "file writes include journal intent/add/flush; excludes this timing receipt and checkpoint writes",
      "mode": "stage4_sealed_cell",
      "banner": "sealed Stage 4; scientific admission also requires complete declared populations"
    },
    {
      "phase": "immediate:62",
      "identity_check_kind": "in_memory_structure_and_configuration",
      "recipe_verification_seconds": 0.0,
      "identity_verification_seconds": 0.0,
      "identity_check_seconds": 0.001787114073522389,
      "state_hash_seconds": 0.08906791097251698,
      "clone_seconds": 0.004738742019981146,
      "restore_seconds": 0.0019248489988967776,
      "file_write_seconds": 0.001345858967397362,
      "operation_seconds": 0.2762801220524125,
      "total_phase_seconds": 0.37523447000421584,
      "scope": "file writes include journal intent/add/flush; excludes this timing receipt and checkpoint writes",
      "mode": "stage4_sealed_cell",
      "banner": "sealed Stage 4; scientific admission also requires complete declared populations"
    },
    {
      "phase": "edit:63",
      "identity_check_kind": "in_memory_structure_and_configuration",
      "recipe_verification_seconds": 0.0,
      "identity_verification_seconds": 0.0,
      "identity_check_seconds": 0.001758110010996461,
      "state_hash_seconds": 0.0722186720231548,
      "clone_seconds": 0.006266599986702204,
      "restore_seconds": 0.0,
      "file_write_seconds": 0.001357711968012154,
      "operation_seconds": 0.4526446519885212,
      "total_phase_seconds": 0.5343267989810556,
      "scope": "file writes include journal intent/add/flush; excludes this timing receipt and checkpoint writes",
      "mode": "stage4_sealed_cell",
      "banner": "sealed Stage 4; scientific admission also requires complete declared populations"
    },
    {
      "phase": "immediate:63",
      "identity_check_kind": "in_memory_structure_and_configuration",
      "recipe_verification_seconds": 0.0,
      "identity_verification_seconds": 0.0,
      "identity_check_seconds": 0.0017919539823196828,
      "state_hash_seconds": 0.08709518291288987,
      "clone_seconds": 0.004891624033916742,
      "restore_seconds": 0.001976707950234413,
      "file_write_seconds": 0.0012940500164404511,
      "operation_seconds": 0.354809476993978,
      "total_phase_seconds": 0.4519459719886072,
      "scope": "file writes include journal intent/add/flush; excludes this timing receipt and checkpoint writes",
      "mode": "stage4_sealed_cell",
      "banner": "sealed Stage 4; scientific admission also requires complete declared populations"
    },
    {
      "phase": "edit:64",
      "identity_check_kind": "in_memory_structure_and_configuration",
      "recipe_verification_seconds": 0.0,
      "identity_verification_seconds": 0.0,
      "identity_check_seconds": 0.0018383439746685326,
      "state_hash_seconds": 0.0762314620660618,
      "clone_seconds": 0.0063561900169588625,
      "restore_seconds": 0.0,
      "file_write_seconds": 0.0014549579937011003,
      "operation_seconds": 0.46584168303525075,
      "total_phase_seconds": 0.5518225480336696,
      "scope": "file writes include journal intent/add/flush; excludes this timing receipt and checkpoint writes",
      "mode": "stage4_sealed_cell",
      "banner": "sealed Stage 4; scientific admission also requires complete declared populations"
    },
    {
      "phase": "immediate:64",
      "identity_check_kind": "in_memory_structure_and_configuration",
      "recipe_verification_seconds": 0.0,
      "identity_verification_seconds": 0.0,
      "identity_check_seconds": 0.0018031650106422603,
      "state_hash_seconds": 0.0889942100038752,
      "clone_seconds": 0.006641668966040015,
      "restore_seconds": 0.001974645012523979,
      "file_write_seconds": 0.0014966879971325397,
      "operation_seconds": 0.27863229904323816,
      "total_phase_seconds": 0.379654782009311,
      "scope": "file writes include journal intent/add/flush; excludes this timing receipt and checkpoint writes",
      "mode": "stage4_sealed_cell",
      "banner": "sealed Stage 4; scientific admission also requires complete declared populations"
    },
    {
      "phase": "edit:65",
      "identity_check_kind": "in_memory_structure_and_configuration",
      "recipe_verification_seconds": 0.0,
      "identity_verification_seconds": 0.0,
      "identity_check_seconds": 0.0018064319738186896,
      "state_hash_seconds": 0.07231701991986483,
      "clone_seconds": 0.006258393987081945,
      "restore_seconds": 0.0,
      "file_write_seconds": 0.0014268940431065857,
      "operation_seconds": 0.46306432998972014,
      "total_phase_seconds": 0.5449687640066259,
      "scope": "file writes include journal intent/add/flush; excludes this timing receipt and checkpoint writes",
      "mode": "stage4_sealed_cell",
      "banner": "sealed Stage 4; scientific admission also requires complete declared populations"
    },
    {
      "phase": "immediate:65",
      "identity_check_kind": "in_memory_structure_and_configuration",
      "recipe_verification_seconds": 0.0,
      "identity_verification_seconds": 0.0,
      "identity_check_seconds": 0.001881144940853119,
      "state_hash_seconds": 0.0877664290019311,
      "clone_seconds": 0.004986967018339783,
      "restore_seconds": 0.001933927007485181,
      "file_write_seconds": 0.0013172549661248922,
      "operation_seconds": 0.313342367997393,
      "total_phase_seconds": 0.41132276103598997,
      "scope": "file writes include journal intent/add/flush; excludes this timing receipt and checkpoint writes",
      "mode": "stage4_sealed_cell",
      "banner": "sealed Stage 4; scientific admission also requires complete declared populations"
    },
    {
      "phase": "edit:66",
      "identity_check_kind": "in_memory_structure_and_configuration",
      "recipe_verification_seconds": 0.0,
      "identity_verification_seconds": 0.0,
      "identity_check_seconds": 0.001799057936295867,
      "state_hash_seconds": 0.0747466460452415,
      "clone_seconds": 0.005915426998399198,
      "restore_seconds": 0.0,
      "file_write_seconds": 0.0013064540107734501,
      "operation_seconds": 0.7709460530313663,
      "total_phase_seconds": 0.8547997229616158,
      "scope": "file writes include journal intent/add/flush; excludes this timing receipt and checkpoint writes",
      "mode": "stage4_sealed_cell",
      "banner": "sealed Stage 4; scientific admission also requires complete declared populations"
    },
    {
      "phase": "immediate:66",
      "identity_check_kind": "in_memory_structure_and_configuration",
      "recipe_verification_seconds": 0.0,
      "identity_verification_seconds": 0.0,
      "identity_check_seconds": 0.0017597719561308622,
      "state_hash_seconds": 0.0898498299648054,
      "clone_seconds": 0.00501957000233233,
      "restore_seconds": 0.0022500730119645596,
      "file_write_seconds": 0.001409760967362672,
      "operation_seconds": 0.4954584409715608,
      "total_phase_seconds": 0.5958534710225649,
      "scope": "file writes include journal intent/add/flush; excludes this timing receipt and checkpoint writes",
      "mode": "stage4_sealed_cell",
      "banner": "sealed Stage 4; scientific admission also requires complete declared populations"
    },
    {
      "phase": "edit:67",
      "identity_check_kind": "in_memory_structure_and_configuration",
      "recipe_verification_seconds": 0.0,
      "identity_verification_seconds": 0.0,
      "identity_check_seconds": 0.0018160499748773873,
      "state_hash_seconds": 0.07295574399176985,
      "clone_seconds": 0.007151174999307841,
      "restore_seconds": 0.0,
      "file_write_seconds": 0.0013371529639698565,
      "operation_seconds": 0.43187626998405904,
      "total_phase_seconds": 0.5152303620125167,
      "scope": "file writes include journal intent/add/flush; excludes this timing receipt and checkpoint writes",
      "mode": "stage4_sealed_cell",
      "banner": "sealed Stage 4; scientific admission also requires complete declared populations"
    },
    {
      "phase": "immediate:67",
      "identity_check_kind": "in_memory_structure_and_configuration",
      "recipe_verification_seconds": 0.0,
      "identity_verification_seconds": 0.0,
      "identity_check_seconds": 0.0017466180142946541,
      "state_hash_seconds": 0.09265926410444081,
      "clone_seconds": 0.0050255710375495255,
      "restore_seconds": 0.0020446479902602732,
      "file_write_seconds": 0.0012420699931681156,
      "operation_seconds": 0.32235659298021346,
      "total_phase_seconds": 0.42517124000005424,
      "scope": "file writes include journal intent/add/flush; excludes this timing receipt and checkpoint writes",
      "mode": "stage4_sealed_cell",
      "banner": "sealed Stage 4; scientific admission also requires complete declared populations"
    },
    {
      "phase": "edit:68",
      "identity_check_kind": "in_memory_structure_and_configuration",
      "recipe_verification_seconds": 0.0,
      "identity_verification_seconds": 0.0,
      "identity_check_seconds": 0.0017605239991098642,
      "state_hash_seconds": 0.07436439505545422,
      "clone_seconds": 0.006896306003909558,
      "restore_seconds": 0.0,
      "file_write_seconds": 0.001247410022187978,
      "operation_seconds": 0.4605930739780888,
      "total_phase_seconds": 0.5449570310302079,
      "scope": "file writes include journal intent/add/flush; excludes this timing receipt and checkpoint writes",
      "mode": "stage4_sealed_cell",
      "banner": "sealed Stage 4; scientific admission also requires complete declared populations"
    },
    {
      "phase": "immediate:68",
      "identity_check_kind": "in_memory_structure_and_configuration",
      "recipe_verification_seconds": 0.0,
      "identity_verification_seconds": 0.0,
      "identity_check_seconds": 0.0018878880073316395,
      "state_hash_seconds": 0.08972468203864992,
      "clone_seconds": 0.007437112974002957,
      "restore_seconds": 0.0020436769700609148,
      "file_write_seconds": 0.0012399859842844307,
      "operation_seconds": 0.3221276139956899,
      "total_phase_seconds": 0.4245652290410362,
      "scope": "file writes include journal intent/add/flush; excludes this timing receipt and checkpoint writes",
      "mode": "stage4_sealed_cell",
      "banner": "sealed Stage 4; scientific admission also requires complete declared populations"
    },
    {
      "phase": "edit:69",
      "identity_check_kind": "in_memory_structure_and_configuration",
      "recipe_verification_seconds": 0.0,
      "identity_verification_seconds": 0.0,
      "identity_check_seconds": 0.0017708539962768555,
      "state_hash_seconds": 0.07169575995067134,
      "clone_seconds": 0.006396118027623743,
      "restore_seconds": 0.0,
      "file_write_seconds": 0.0012956730206497014,
      "operation_seconds": 0.3066460459958762,
      "total_phase_seconds": 0.387884573021438,
      "scope": "file writes include journal intent/add/flush; excludes this timing receipt and checkpoint writes",
      "mode": "stage4_sealed_cell",
      "banner": "sealed Stage 4; scientific admission also requires complete declared populations"
    },
    {
      "phase": "immediate:69",
      "identity_check_kind": "in_memory_structure_and_configuration",
      "recipe_verification_seconds": 0.0,
      "identity_verification_seconds": 0.0,
      "identity_check_seconds": 0.0017330710543319583,
      "state_hash_seconds": 0.08769666496664286,
      "clone_seconds": 0.0051814200123772025,
      "restore_seconds": 0.0020728419767692685,
      "file_write_seconds": 0.0013776299892924726,
      "operation_seconds": 0.27110823901603,
      "total_phase_seconds": 0.3692650709999725,
      "scope": "file writes include journal intent/add/flush; excludes this timing receipt and checkpoint writes",
      "mode": "stage4_sealed_cell",
      "banner": "sealed Stage 4; scientific admission also requires complete declared populations"
    },
    {
      "phase": "edit:70",
      "identity_check_kind": "in_memory_structure_and_configuration",
      "recipe_verification_seconds": 0.0,
      "identity_verification_seconds": 0.0,
      "identity_check_seconds": 0.001792054041288793,
      "state_hash_seconds": 0.07344136707251891,
      "clone_seconds": 0.006091054005082697,
      "restore_seconds": 0.0,
      "file_write_seconds": 0.0012680200161412358,
      "operation_seconds": 0.8826588429510593,
      "total_phase_seconds": 0.9653308479464613,
      "scope": "file writes include journal intent/add/flush; excludes this timing receipt and checkpoint writes",
      "mode": "stage4_sealed_cell",
      "banner": "sealed Stage 4; scientific admission also requires complete declared populations"
    },
    {
      "phase": "immediate:70",
      "identity_check_kind": "in_memory_structure_and_configuration",
      "recipe_verification_seconds": 0.0,
      "identity_verification_seconds": 0.0,
      "identity_check_seconds": 0.0017109690234065056,
      "state_hash_seconds": 0.09110542701091617,
      "clone_seconds": 0.0046169389970600605,
      "restore_seconds": 0.0021070580114610493,
      "file_write_seconds": 0.0013153199688531458,
      "operation_seconds": 0.45438964501954615,
      "total_phase_seconds": 0.5553384060040116,
      "scope": "file writes include journal intent/add/flush; excludes this timing receipt and checkpoint writes",
      "mode": "stage4_sealed_cell",
      "banner": "sealed Stage 4; scientific admission also requires complete declared populations"
    },
    {
      "phase": "edit:71",
      "identity_check_kind": "in_memory_structure_and_configuration",
      "recipe_verification_seconds": 0.0,
      "identity_verification_seconds": 0.0,
      "identity_check_seconds": 0.0017717439914122224,
      "state_hash_seconds": 0.07376007491257042,
      "clone_seconds": 0.00647535000462085,
      "restore_seconds": 0.0,
      "file_write_seconds": 0.0013168739969842136,
      "operation_seconds": 0.30259169498458505,
      "total_phase_seconds": 0.38601474900497124,
      "scope": "file writes include journal intent/add/flush; excludes this timing receipt and checkpoint writes",
      "mode": "stage4_sealed_cell",
      "banner": "sealed Stage 4; scientific admission also requires complete declared populations"
    },
    {
      "phase": "immediate:71",
      "identity_check_kind": "in_memory_structure_and_configuration",
      "recipe_verification_seconds": 0.0,
      "identity_verification_seconds": 0.0,
      "identity_check_seconds": 0.0017618759884499013,
      "state_hash_seconds": 0.08999957802006975,
      "clone_seconds": 0.005132236052304506,
      "restore_seconds": 0.0020040699746459723,
      "file_write_seconds": 0.0013258809922263026,
      "operation_seconds": 0.27763401600532234,
      "total_phase_seconds": 0.3779489430016838,
      "scope": "file writes include journal intent/add/flush; excludes this timing receipt and checkpoint writes",
      "mode": "stage4_sealed_cell",
      "banner": "sealed Stage 4; scientific admission also requires complete declared populations"
    },
    {
      "phase": "edit:72",
      "identity_check_kind": "in_memory_structure_and_configuration",
      "recipe_verification_seconds": 0.0,
      "identity_verification_seconds": 0.0,
      "identity_check_seconds": 0.0019127760315313935,
      "state_hash_seconds": 0.07544858194887638,
      "clone_seconds": 0.006360508967190981,
      "restore_seconds": 0.0,
      "file_write_seconds": 0.0014293790445663035,
      "operation_seconds": 0.43807386804837734,
      "total_phase_seconds": 0.5233176510082558,
      "scope": "file writes include journal intent/add/flush; excludes this timing receipt and checkpoint writes",
      "mode": "stage4_sealed_cell",
      "banner": "sealed Stage 4; scientific admission also requires complete declared populations"
    },
    {
      "phase": "immediate:72",
      "identity_check_kind": "in_memory_structure_and_configuration",
      "recipe_verification_seconds": 0.0,
      "identity_verification_seconds": 0.0,
      "identity_check_seconds": 0.0018357280641794205,
      "state_hash_seconds": 0.08922376006375998,
      "clone_seconds": 0.00490430899662897,
      "restore_seconds": 0.002021133026573807,
      "file_write_seconds": 0.0014222849858924747,
      "operation_seconds": 0.3146391939953901,
      "total_phase_seconds": 0.4141521429992281,
      "scope": "file writes include journal intent/add/flush; excludes this timing receipt and checkpoint writes",
      "mode": "stage4_sealed_cell",
      "banner": "sealed Stage 4; scientific admission also requires complete declared populations"
    },
    {
      "phase": "edit:73",
      "identity_check_kind": "in_memory_structure_and_configuration",
      "recipe_verification_seconds": 0.0,
      "identity_verification_seconds": 0.0,
      "identity_check_seconds": 0.0018211810383945704,
      "state_hash_seconds": 0.07304363197181374,
      "clone_seconds": 0.006499806011561304,
      "restore_seconds": 0.0,
      "file_write_seconds": 0.001639731985051185,
      "operation_seconds": 0.45354686997598037,
      "total_phase_seconds": 0.5366409439593554,
      "scope": "file writes include journal intent/add/flush; excludes this timing receipt and checkpoint writes",
      "mode": "stage4_sealed_cell",
      "banner": "sealed Stage 4; scientific admission also requires complete declared populations"
    },
    {
      "phase": "immediate:73",
      "identity_check_kind": "in_memory_structure_and_configuration",
      "recipe_verification_seconds": 0.0,
      "identity_verification_seconds": 0.0,
      "identity_check_seconds": 0.0018144880305044353,
      "state_hash_seconds": 0.08981420297641307,
      "clone_seconds": 0.00502510997466743,
      "restore_seconds": 0.002656430995557457,
      "file_write_seconds": 0.0013765880139544606,
      "operation_seconds": 0.32069975801277906,
      "total_phase_seconds": 0.4214799859910272,
      "scope": "file writes include journal intent/add/flush; excludes this timing receipt and checkpoint writes",
      "mode": "stage4_sealed_cell",
      "banner": "sealed Stage 4; scientific admission also requires complete declared populations"
    },
    {
      "phase": "edit:74",
      "identity_check_kind": "in_memory_structure_and_configuration",
      "recipe_verification_seconds": 0.0,
      "identity_verification_seconds": 0.0,
      "identity_check_seconds": 0.0017832469893619418,
      "state_hash_seconds": 0.07196080801077187,
      "clone_seconds": 0.005939282011240721,
      "restore_seconds": 0.0,
      "file_write_seconds": 0.0013181560207158327,
      "operation_seconds": 0.28188399999635294,
      "total_phase_seconds": 0.3629685530322604,
      "scope": "file writes include journal intent/add/flush; excludes this timing receipt and checkpoint writes",
      "mode": "stage4_sealed_cell",
      "banner": "sealed Stage 4; scientific admission also requires complete declared populations"
    },
    {
      "phase": "immediate:74",
      "identity_check_kind": "in_memory_structure_and_configuration",
      "recipe_verification_seconds": 0.0,
      "identity_verification_seconds": 0.0,
      "identity_check_seconds": 0.0018081560847349465,
      "state_hash_seconds": 0.09090850892243907,
      "clone_seconds": 0.005126253992784768,
      "restore_seconds": 0.002097550022881478,
      "file_write_seconds": 0.0013046410167589784,
      "operation_seconds": 0.2761856010183692,
      "total_phase_seconds": 0.37752400804311037,
      "scope": "file writes include journal intent/add/flush; excludes this timing receipt and checkpoint writes",
      "mode": "stage4_sealed_cell",
      "banner": "sealed Stage 4; scientific admission also requires complete declared populations"
    },
    {
      "phase": "edit:75",
      "identity_check_kind": "in_memory_structure_and_configuration",
      "recipe_verification_seconds": 0.0,
      "identity_verification_seconds": 0.0,
      "identity_check_seconds": 0.0017460170201957226,
      "state_hash_seconds": 0.07516429806128144,
      "clone_seconds": 0.006836150016169995,
      "restore_seconds": 0.0,
      "file_write_seconds": 0.0015710899606347084,
      "operation_seconds": 0.6416870670509525,
      "total_phase_seconds": 0.7270985430222936,
      "scope": "file writes include journal intent/add/flush; excludes this timing receipt and checkpoint writes",
      "mode": "stage4_sealed_cell",
      "banner": "sealed Stage 4; scientific admission also requires complete declared populations"
    },
    {
      "phase": "immediate:75",
      "identity_check_kind": "in_memory_structure_and_configuration",
      "recipe_verification_seconds": 0.0,
      "identity_verification_seconds": 0.0,
      "identity_check_seconds": 0.0018146780203096569,
      "state_hash_seconds": 0.08939486788585782,
      "clone_seconds": 0.007158859982155263,
      "restore_seconds": 0.0021604099893011153,
      "file_write_seconds": 0.001316723006311804,
      "operation_seconds": 0.32146113697672263,
      "total_phase_seconds": 0.4234243630198762,
      "scope": "file writes include journal intent/add/flush; excludes this timing receipt and checkpoint writes",
      "mode": "stage4_sealed_cell",
      "banner": "sealed Stage 4; scientific admission also requires complete declared populations"
    },
    {
      "phase": "edit:76",
      "identity_check_kind": "in_memory_structure_and_configuration",
      "recipe_verification_seconds": 0.0,
      "identity_verification_seconds": 0.0,
      "identity_check_seconds": 0.0017423279350623488,
      "state_hash_seconds": 0.07580427400534973,
      "clone_seconds": 0.006614967016503215,
      "restore_seconds": 0.0,
      "file_write_seconds": 0.0013922579819336534,
      "operation_seconds": 0.28650241100694984,
      "total_phase_seconds": 0.37214289599796757,
      "scope": "file writes include journal intent/add/flush; excludes this timing receipt and checkpoint writes",
      "mode": "stage4_sealed_cell",
      "banner": "sealed Stage 4; scientific admission also requires complete declared populations"
    },
    {
      "phase": "immediate:76",
      "identity_check_kind": "in_memory_structure_and_configuration",
      "recipe_verification_seconds": 0.0,
      "identity_verification_seconds": 0.0,
      "identity_check_seconds": 0.0018402370042167604,
      "state_hash_seconds": 0.08886525599518791,
      "clone_seconds": 0.00488659500842914,
      "restore_seconds": 0.0019689740147441626,
      "file_write_seconds": 0.0013994020409882069,
      "operation_seconds": 0.2725796800223179,
      "total_phase_seconds": 0.37165107298642397,
      "scope": "file writes include journal intent/add/flush; excludes this timing receipt and checkpoint writes",
      "mode": "stage4_sealed_cell",
      "banner": "sealed Stage 4; scientific admission also requires complete declared populations"
    },
    {
      "phase": "edit:77",
      "identity_check_kind": "in_memory_structure_and_configuration",
      "recipe_verification_seconds": 0.0,
      "identity_verification_seconds": 0.0,
      "identity_check_seconds": 0.001962620997801423,
      "state_hash_seconds": 0.07509122707415372,
      "clone_seconds": 0.07033147499896586,
      "restore_seconds": 0.0,
      "file_write_seconds": 0.001225068001076579,
      "operation_seconds": 0.3044371419819072,
      "total_phase_seconds": 0.45314093300839886,
      "scope": "file writes include journal intent/add/flush; excludes this timing receipt and checkpoint writes",
      "mode": "stage4_sealed_cell",
      "banner": "sealed Stage 4; scientific admission also requires complete declared populations"
    },
    {
      "phase": "immediate:77",
      "identity_check_kind": "in_memory_structure_and_configuration",
      "recipe_verification_seconds": 0.0,
      "identity_verification_seconds": 0.0,
      "identity_check_seconds": 0.0018047390622086823,
      "state_hash_seconds": 0.09301041904836893,
      "clone_seconds": 0.0049309489550068974,
      "restore_seconds": 0.0021124480408616364,
      "file_write_seconds": 0.0012296770000830293,
      "operation_seconds": 0.27522728400072083,
      "total_phase_seconds": 0.3784067400265485,
      "scope": "file writes include journal intent/add/flush; excludes this timing receipt and checkpoint writes",
      "mode": "stage4_sealed_cell",
      "banner": "sealed Stage 4; scientific admission also requires complete declared populations"
    },
    {
      "phase": "edit:78",
      "identity_check_kind": "in_memory_structure_and_configuration",
      "recipe_verification_seconds": 0.0,
      "identity_verification_seconds": 0.0,
      "identity_check_seconds": 0.001775330980308354,
      "state_hash_seconds": 0.07221773988567293,
      "clone_seconds": 0.007821278995834291,
      "restore_seconds": 0.0,
      "file_write_seconds": 0.001317754969932139,
      "operation_seconds": 0.8936018740059808,
      "total_phase_seconds": 0.976815878006164,
      "scope": "file writes include journal intent/add/flush; excludes this timing receipt and checkpoint writes",
      "mode": "stage4_sealed_cell",
      "banner": "sealed Stage 4; scientific admission also requires complete declared populations"
    },
    {
      "phase": "immediate:78",
      "identity_check_kind": "in_memory_structure_and_configuration",
      "recipe_verification_seconds": 0.0,
      "identity_verification_seconds": 0.0,
      "identity_check_seconds": 0.0017767149838618934,
      "state_hash_seconds": 0.08988603105535731,
      "clone_seconds": 0.004806331009604037,
      "restore_seconds": 0.00213062297552824,
      "file_write_seconds": 0.0012372310156933963,
      "operation_seconds": 0.41286798199871555,
      "total_phase_seconds": 0.5127954459749162,
      "scope": "file writes include journal intent/add/flush; excludes this timing receipt and checkpoint writes",
      "mode": "stage4_sealed_cell",
      "banner": "sealed Stage 4; scientific admission also requires complete declared populations"
    },
    {
      "phase": "edit:79",
      "identity_check_kind": "in_memory_structure_and_configuration",
      "recipe_verification_seconds": 0.0,
      "identity_verification_seconds": 0.0,
      "identity_check_seconds": 0.001802654005587101,
      "state_hash_seconds": 0.07335263397544622,
      "clone_seconds": 0.006525144970510155,
      "restore_seconds": 0.0,
      "file_write_seconds": 0.0012279940419830382,
      "operation_seconds": 0.30528464599046856,
      "total_phase_seconds": 0.3882722659618594,
      "scope": "file writes include journal intent/add/flush; excludes this timing receipt and checkpoint writes",
      "mode": "stage4_sealed_cell",
      "banner": "sealed Stage 4; scientific admission also requires complete declared populations"
    },
    {
      "phase": "immediate:79",
      "identity_check_kind": "in_memory_structure_and_configuration",
      "recipe_verification_seconds": 0.0,
      "identity_verification_seconds": 0.0,
      "identity_check_seconds": 0.0017734800348989666,
      "state_hash_seconds": 0.09030677698319778,
      "clone_seconds": 0.0052945869974792,
      "restore_seconds": 0.0020508900051936507,
      "file_write_seconds": 0.0012925170012749732,
      "operation_seconds": 0.27608098002383485,
      "total_phase_seconds": 0.3768886899924837,
      "scope": "file writes include journal intent/add/flush; excludes this timing receipt and checkpoint writes",
      "mode": "stage4_sealed_cell",
      "banner": "sealed Stage 4; scientific admission also requires complete declared populations"
    },
    {
      "phase": "edit:80",
      "identity_check_kind": "in_memory_structure_and_configuration",
      "recipe_verification_seconds": 0.0,
      "identity_verification_seconds": 0.0,
      "identity_check_seconds": 0.001756556041073054,
      "state_hash_seconds": 0.07215022097807378,
      "clone_seconds": 0.006516316963825375,
      "restore_seconds": 0.0,
      "file_write_seconds": 0.0013060520286671817,
      "operation_seconds": 0.31449419603450224,
      "total_phase_seconds": 0.39630834700074047,
      "scope": "file writes include journal intent/add/flush; excludes this timing receipt and checkpoint writes",
      "mode": "stage4_sealed_cell",
      "banner": "sealed Stage 4; scientific admission also requires complete declared populations"
    },
    {
      "phase": "immediate:80",
      "identity_check_kind": "in_memory_structure_and_configuration",
      "recipe_verification_seconds": 0.0,
      "identity_verification_seconds": 0.0,
      "identity_check_seconds": 0.0021470640203915536,
      "state_hash_seconds": 0.08853661507600918,
      "clone_seconds": 0.005422441987320781,
      "restore_seconds": 0.002115665003657341,
      "file_write_seconds": 0.001410032040439546,
      "operation_seconds": 0.2728240879951045,
      "total_phase_seconds": 0.37254836299689487,
      "scope": "file writes include journal intent/add/flush; excludes this timing receipt and checkpoint writes",
      "mode": "stage4_sealed_cell",
      "banner": "sealed Stage 4; scientific admission also requires complete declared populations"
    },
    {
      "phase": "edit:81",
      "identity_check_kind": "in_memory_structure_and_configuration",
      "recipe_verification_seconds": 0.0,
      "identity_verification_seconds": 0.0,
      "identity_check_seconds": 0.0017562659922987223,
      "state_hash_seconds": 0.07332482194760814,
      "clone_seconds": 0.006621500011533499,
      "restore_seconds": 0.0,
      "file_write_seconds": 0.001323175965808332,
      "operation_seconds": 0.46862292202422395,
      "total_phase_seconds": 0.551732636988163,
      "scope": "file writes include journal intent/add/flush; excludes this timing receipt and checkpoint writes",
      "mode": "stage4_sealed_cell",
      "banner": "sealed Stage 4; scientific admission also requires complete declared populations"
    },
    {
      "phase": "immediate:81",
      "identity_check_kind": "in_memory_structure_and_configuration",
      "recipe_verification_seconds": 0.0,
      "identity_verification_seconds": 0.0,
      "identity_check_seconds": 0.0017738299793563783,
      "state_hash_seconds": 0.08903841604478657,
      "clone_seconds": 0.005048064980655909,
      "restore_seconds": 0.002136224997229874,
      "file_write_seconds": 0.0015416750102303922,
      "operation_seconds": 0.36615698400419205,
      "total_phase_seconds": 0.4658174760406837,
      "scope": "file writes include journal intent/add/flush; excludes this timing receipt and checkpoint writes",
      "mode": "stage4_sealed_cell",
      "banner": "sealed Stage 4; scientific admission also requires complete declared populations"
    },
    {
      "phase": "edit:82",
      "identity_check_kind": "in_memory_structure_and_configuration",
      "recipe_verification_seconds": 0.0,
      "identity_verification_seconds": 0.0,
      "identity_check_seconds": 0.0017654740368016064,
      "state_hash_seconds": 0.0750008950708434,
      "clone_seconds": 0.0066402050433680415,
      "restore_seconds": 0.0,
      "file_write_seconds": 0.0013253699871711433,
      "operation_seconds": 0.7576360459788702,
      "total_phase_seconds": 0.8424466390279122,
      "scope": "file writes include journal intent/add/flush; excludes this timing receipt and checkpoint writes",
      "mode": "stage4_sealed_cell",
      "banner": "sealed Stage 4; scientific admission also requires complete declared populations"
    },
    {
      "phase": "immediate:82",
      "identity_check_kind": "in_memory_structure_and_configuration",
      "recipe_verification_seconds": 0.0,
      "identity_verification_seconds": 0.0,
      "identity_check_seconds": 0.0018056909902952611,
      "state_hash_seconds": 0.09166334691690281,
      "clone_seconds": 0.0060532999923452735,
      "restore_seconds": 0.002103962004184723,
      "file_write_seconds": 0.0013616789947263896,
      "operation_seconds": 0.4114742310484871,
      "total_phase_seconds": 0.514560077979695,
      "scope": "file writes include journal intent/add/flush; excludes this timing receipt and checkpoint writes",
      "mode": "stage4_sealed_cell",
      "banner": "sealed Stage 4; scientific admission also requires complete declared populations"
    },
    {
      "phase": "edit:83",
      "identity_check_kind": "in_memory_structure_and_configuration",
      "recipe_verification_seconds": 0.0,
      "identity_verification_seconds": 0.0,
      "identity_check_seconds": 0.0017560759442858398,
      "state_hash_seconds": 0.07683216402074322,
      "clone_seconds": 0.00716854800703004,
      "restore_seconds": 0.0,
      "file_write_seconds": 0.0014166650362312794,
      "operation_seconds": 0.3063898349646479,
      "total_phase_seconds": 0.3936461240518838,
      "scope": "file writes include journal intent/add/flush; excludes this timing receipt and checkpoint writes",
      "mode": "stage4_sealed_cell",
      "banner": "sealed Stage 4; scientific admission also requires complete declared populations"
    },
    {
      "phase": "immediate:83",
      "identity_check_kind": "in_memory_structure_and_configuration",
      "recipe_verification_seconds": 0.0,
      "identity_verification_seconds": 0.0,
      "identity_check_seconds": 0.0017484209965914488,
      "state_hash_seconds": 0.09012590994825587,
      "clone_seconds": 0.005577449046541005,
      "restore_seconds": 0.002198292000684887,
      "file_write_seconds": 0.0013271340285427868,
      "operation_seconds": 0.2806871659704484,
      "total_phase_seconds": 0.38175707997288555,
      "scope": "file writes include journal intent/add/flush; excludes this timing receipt and checkpoint writes",
      "mode": "stage4_sealed_cell",
      "banner": "sealed Stage 4; scientific admission also requires complete declared populations"
    },
    {
      "phase": "edit:84",
      "identity_check_kind": "in_memory_structure_and_configuration",
      "recipe_verification_seconds": 0.0,
      "identity_verification_seconds": 0.0,
      "identity_check_seconds": 0.002019851002842188,
      "state_hash_seconds": 0.07647424697643146,
      "clone_seconds": 0.006766086968127638,
      "restore_seconds": 0.0,
      "file_write_seconds": 0.0015762800467200577,
      "operation_seconds": 0.46756431402172893,
      "total_phase_seconds": 0.5545124229975045,
      "scope": "file writes include journal intent/add/flush; excludes this timing receipt and checkpoint writes",
      "mode": "stage4_sealed_cell",
      "banner": "sealed Stage 4; scientific admission also requires complete declared populations"
    },
    {
      "phase": "immediate:84",
      "identity_check_kind": "in_memory_structure_and_configuration",
      "recipe_verification_seconds": 0.0,
      "identity_verification_seconds": 0.0,
      "identity_check_seconds": 0.002005784015636891,
      "state_hash_seconds": 0.09018139698309824,
      "clone_seconds": 0.005373357969801873,
      "restore_seconds": 0.002193504013121128,
      "file_write_seconds": 0.0014122870052233338,
      "operation_seconds": 0.3251662470283918,
      "total_phase_seconds": 0.4264300430077128,
      "scope": "file writes include journal intent/add/flush; excludes this timing receipt and checkpoint writes",
      "mode": "stage4_sealed_cell",
      "banner": "sealed Stage 4; scientific admission also requires complete declared populations"
    },
    {
      "phase": "edit:85",
      "identity_check_kind": "in_memory_structure_and_configuration",
      "recipe_verification_seconds": 0.0,
      "identity_verification_seconds": 0.0,
      "identity_check_seconds": 0.001825830026064068,
      "state_hash_seconds": 0.07286981999641284,
      "clone_seconds": 0.007862347993068397,
      "restore_seconds": 0.0,
      "file_write_seconds": 0.001295081980060786,
      "operation_seconds": 0.32075647701276466,
      "total_phase_seconds": 0.40469490899704397,
      "scope": "file writes include journal intent/add/flush; excludes this timing receipt and checkpoint writes",
      "mode": "stage4_sealed_cell",
      "banner": "sealed Stage 4; scientific admission also requires complete declared populations"
    },
    {
      "phase": "immediate:85",
      "identity_check_kind": "in_memory_structure_and_configuration",
      "recipe_verification_seconds": 0.0,
      "identity_verification_seconds": 0.0,
      "identity_check_seconds": 0.0019599759252741933,
      "state_hash_seconds": 0.08958948089275509,
      "clone_seconds": 0.005062312004156411,
      "restore_seconds": 0.0021715020411647856,
      "file_write_seconds": 0.0012906530173495412,
      "operation_seconds": 0.2791646890109405,
      "total_phase_seconds": 0.37933239398989826,
      "scope": "file writes include journal intent/add/flush; excludes this timing receipt and checkpoint writes",
      "mode": "stage4_sealed_cell",
      "banner": "sealed Stage 4; scientific admission also requires complete declared populations"
    },
    {
      "phase": "edit:86",
      "identity_check_kind": "in_memory_structure_and_configuration",
      "recipe_verification_seconds": 0.0,
      "identity_verification_seconds": 0.0,
      "identity_check_seconds": 0.0017291140393353999,
      "state_hash_seconds": 0.0719550580251962,
      "clone_seconds": 0.006533911975566298,
      "restore_seconds": 0.0,
      "file_write_seconds": 0.0013644449645653367,
      "operation_seconds": 0.4530953950015828,
      "total_phase_seconds": 0.5347594789927825,
      "scope": "file writes include journal intent/add/flush; excludes this timing receipt and checkpoint writes",
      "mode": "stage4_sealed_cell",
      "banner": "sealed Stage 4; scientific admission also requires complete declared populations"
    },
    {
      "phase": "immediate:86",
      "identity_check_kind": "in_memory_structure_and_configuration",
      "recipe_verification_seconds": 0.0,
      "identity_verification_seconds": 0.0,
      "identity_check_seconds": 0.0018368200398981571,
      "state_hash_seconds": 0.09355630399659276,
      "clone_seconds": 0.005191088013816625,
      "restore_seconds": 0.0021388690220192075,
      "file_write_seconds": 0.0012707950081676245,
      "operation_seconds": 0.36191040597623214,
      "total_phase_seconds": 0.46600193897029385,
      "scope": "file writes include journal intent/add/flush; excludes this timing receipt and checkpoint writes",
      "mode": "stage4_sealed_cell",
      "banner": "sealed Stage 4; scientific admission also requires complete declared populations"
    },
    {
      "phase": "edit:87",
      "identity_check_kind": "in_memory_structure_and_configuration",
      "recipe_verification_seconds": 0.0,
      "identity_verification_seconds": 0.0,
      "identity_check_seconds": 0.001728301984257996,
      "state_hash_seconds": 0.07562893902650103,
      "clone_seconds": 0.0068053920404054224,
      "restore_seconds": 0.0,
      "file_write_seconds": 0.001226660970132798,
      "operation_seconds": 0.47977115702815354,
      "total_phase_seconds": 0.5652444110019132,
      "scope": "file writes include journal intent/add/flush; excludes this timing receipt and checkpoint writes",
      "mode": "stage4_sealed_cell",
      "banner": "sealed Stage 4; scientific admission also requires complete declared populations"
    },
    {
      "phase": "immediate:87",
      "identity_check_kind": "in_memory_structure_and_configuration",
      "recipe_verification_seconds": 0.0,
      "identity_verification_seconds": 0.0,
      "identity_check_seconds": 0.0017256969586014748,
      "state_hash_seconds": 0.09215965599287301,
      "clone_seconds": 0.006462614983320236,
      "restore_seconds": 0.0020985319861210883,
      "file_write_seconds": 0.0012384940055198967,
      "operation_seconds": 0.5620913779712282,
      "total_phase_seconds": 0.6658862940385006,
      "scope": "file writes include journal intent/add/flush; excludes this timing receipt and checkpoint writes",
      "mode": "stage4_sealed_cell",
      "banner": "sealed Stage 4; scientific admission also requires complete declared populations"
    },
    {
      "phase": "edit:88",
      "identity_check_kind": "in_memory_structure_and_configuration",
      "recipe_verification_seconds": 0.0,
      "identity_verification_seconds": 0.0,
      "identity_check_seconds": 0.0017510059988126159,
      "state_hash_seconds": 0.07427975098835304,
      "clone_seconds": 0.006637980986852199,
      "restore_seconds": 0.0,
      "file_write_seconds": 0.0012558469898067415,
      "operation_seconds": 0.6291110669844784,
      "total_phase_seconds": 0.7131166580365971,
      "scope": "file writes include journal intent/add/flush; excludes this timing receipt and checkpoint writes",
      "mode": "stage4_sealed_cell",
      "banner": "sealed Stage 4; scientific admission also requires complete declared populations"
    },
    {
      "phase": "immediate:88",
      "identity_check_kind": "in_memory_structure_and_configuration",
      "recipe_verification_seconds": 0.0,
      "identity_verification_seconds": 0.0,
      "identity_check_seconds": 0.0017412860179319978,
      "state_hash_seconds": 0.09041832998627797,
      "clone_seconds": 0.005294926988426596,
      "restore_seconds": 0.0021055059623904526,
      "file_write_seconds": 0.0012523999903351068,
      "operation_seconds": 0.36156905099051073,
      "total_phase_seconds": 0.46247234503971413,
      "scope": "file writes include journal intent/add/flush; excludes this timing receipt and checkpoint writes",
      "mode": "stage4_sealed_cell",
      "banner": "sealed Stage 4; scientific admission also requires complete declared populations"
    },
    {
      "phase": "edit:89",
      "identity_check_kind": "in_memory_structure_and_configuration",
      "recipe_verification_seconds": 0.0,
      "identity_verification_seconds": 0.0,
      "identity_check_seconds": 0.0017455950146541,
      "state_hash_seconds": 0.07696406490867957,
      "clone_seconds": 0.006969937006942928,
      "restore_seconds": 0.0,
      "file_write_seconds": 0.001246839005034417,
      "operation_seconds": 0.30216529802419245,
      "total_phase_seconds": 0.3891777609824203,
      "scope": "file writes include journal intent/add/flush; excludes this timing receipt and checkpoint writes",
      "mode": "stage4_sealed_cell",
      "banner": "sealed Stage 4; scientific admission also requires complete declared populations"
    },
    {
      "phase": "immediate:89",
      "identity_check_kind": "in_memory_structure_and_configuration",
      "recipe_verification_seconds": 0.0,
      "identity_verification_seconds": 0.0,
      "identity_check_seconds": 0.001737859973218292,
      "state_hash_seconds": 0.08818442892516032,
      "clone_seconds": 0.00498661701567471,
      "restore_seconds": 0.0019671499612741172,
      "file_write_seconds": 0.0012327019940130413,
      "operation_seconds": 0.27492123702540994,
      "total_phase_seconds": 0.37313140998594463,
      "scope": "file writes include journal intent/add/flush; excludes this timing receipt and checkpoint writes",
      "mode": "stage4_sealed_cell",
      "banner": "sealed Stage 4; scientific admission also requires complete declared populations"
    },
    {
      "phase": "edit:90",
      "identity_check_kind": "in_memory_structure_and_configuration",
      "recipe_verification_seconds": 0.0,
      "identity_verification_seconds": 0.0,
      "identity_check_seconds": 0.0017172209918498993,
      "state_hash_seconds": 0.07423351204488426,
      "clone_seconds": 0.006602503010071814,
      "restore_seconds": 0.0,
      "file_write_seconds": 0.0013480130000971258,
      "operation_seconds": 0.3149735339684412,
      "total_phase_seconds": 0.3989626439870335,
      "scope": "file writes include journal intent/add/flush; excludes this timing receipt and checkpoint writes",
      "mode": "stage4_sealed_cell",
      "banner": "sealed Stage 4; scientific admission also requires complete declared populations"
    },
    {
      "phase": "immediate:90",
      "identity_check_kind": "in_memory_structure_and_configuration",
      "recipe_verification_seconds": 0.0,
      "identity_verification_seconds": 0.0,
      "identity_check_seconds": 0.001737681042868644,
      "state_hash_seconds": 0.08815421297913417,
      "clone_seconds": 0.005921657953877002,
      "restore_seconds": 0.002109303022734821,
      "file_write_seconds": 0.0013793830294162035,
      "operation_seconds": 0.31927587901009247,
      "total_phase_seconds": 0.4186678469995968,
      "scope": "file writes include journal intent/add/flush; excludes this timing receipt and checkpoint writes",
      "mode": "stage4_sealed_cell",
      "banner": "sealed Stage 4; scientific admission also requires complete declared populations"
    },
    {
      "phase": "edit:91",
      "identity_check_kind": "in_memory_structure_and_configuration",
      "recipe_verification_seconds": 0.0,
      "identity_verification_seconds": 0.0,
      "identity_check_seconds": 0.0017305960063822567,
      "state_hash_seconds": 0.07290893502067775,
      "clone_seconds": 0.007273048046045005,
      "restore_seconds": 0.0,
      "file_write_seconds": 0.0013438360183499753,
      "operation_seconds": 0.43664966797223315,
      "total_phase_seconds": 0.5200005939695984,
      "scope": "file writes include journal intent/add/flush; excludes this timing receipt and checkpoint writes",
      "mode": "stage4_sealed_cell",
      "banner": "sealed Stage 4; scientific admission also requires complete declared populations"
    },
    {
      "phase": "immediate:91",
      "identity_check_kind": "in_memory_structure_and_configuration",
      "recipe_verification_seconds": 0.0,
      "identity_verification_seconds": 0.0,
      "identity_check_seconds": 0.0017153380322270095,
      "state_hash_seconds": 0.09158589801518247,
      "clone_seconds": 0.005616954993456602,
      "restore_seconds": 0.0019779709982685745,
      "file_write_seconds": 0.0013127659913152456,
      "operation_seconds": 0.3265502110007219,
      "total_phase_seconds": 0.42886044102488086,
      "scope": "file writes include journal intent/add/flush; excludes this timing receipt and checkpoint writes",
      "mode": "stage4_sealed_cell",
      "banner": "sealed Stage 4; scientific admission also requires complete declared populations"
    },
    {
      "phase": "edit:92",
      "identity_check_kind": "in_memory_structure_and_configuration",
      "recipe_verification_seconds": 0.0,
      "identity_verification_seconds": 0.0,
      "identity_check_seconds": 0.0017306270310655236,
      "state_hash_seconds": 0.07235590496566147,
      "clone_seconds": 0.007016877003479749,
      "restore_seconds": 0.0,
      "file_write_seconds": 0.0012861650320701301,
      "operation_seconds": 1.0736628189915791,
      "total_phase_seconds": 1.156139759987127,
      "scope": "file writes include journal intent/add/flush; excludes this timing receipt and checkpoint writes",
      "mode": "stage4_sealed_cell",
      "banner": "sealed Stage 4; scientific admission also requires complete declared populations"
    },
    {
      "phase": "immediate:92",
      "identity_check_kind": "in_memory_structure_and_configuration",
      "recipe_verification_seconds": 0.0,
      "identity_verification_seconds": 0.0,
      "identity_check_seconds": 0.001733632991090417,
      "state_hash_seconds": 0.09199109399924055,
      "clone_seconds": 0.005023296980652958,
      "restore_seconds": 0.001989622018299997,
      "file_write_seconds": 0.0014953860081732273,
      "operation_seconds": 0.5359891050029546,
      "total_phase_seconds": 0.6383304659975693,
      "scope": "file writes include journal intent/add/flush; excludes this timing receipt and checkpoint writes",
      "mode": "stage4_sealed_cell",
      "banner": "sealed Stage 4; scientific admission also requires complete declared populations"
    },
    {
      "phase": "edit:93",
      "identity_check_kind": "in_memory_structure_and_configuration",
      "recipe_verification_seconds": 0.0,
      "identity_verification_seconds": 0.0,
      "identity_check_seconds": 0.0018118720036000013,
      "state_hash_seconds": 0.07379031501477584,
      "clone_seconds": 0.006358965998515487,
      "restore_seconds": 0.0,
      "file_write_seconds": 0.001380154979415238,
      "operation_seconds": 0.4255684920353815,
      "total_phase_seconds": 0.5089961450430565,
      "scope": "file writes include journal intent/add/flush; excludes this timing receipt and checkpoint writes",
      "mode": "stage4_sealed_cell",
      "banner": "sealed Stage 4; scientific admission also requires complete declared populations"
    },
    {
      "phase": "immediate:93",
      "identity_check_kind": "in_memory_structure_and_configuration",
      "recipe_verification_seconds": 0.0,
      "identity_verification_seconds": 0.0,
      "identity_check_seconds": 0.0017904100241139531,
      "state_hash_seconds": 0.09012866392731667,
      "clone_seconds": 0.005295609007589519,
      "restore_seconds": 0.0027383979759179056,
      "file_write_seconds": 0.0013322730083018541,
      "operation_seconds": 0.3258401990169659,
      "total_phase_seconds": 0.4272195450030267,
      "scope": "file writes include journal intent/add/flush; excludes this timing receipt and checkpoint writes",
      "mode": "stage4_sealed_cell",
      "banner": "sealed Stage 4; scientific admission also requires complete declared populations"
    },
    {
      "phase": "edit:94",
      "identity_check_kind": "in_memory_structure_and_configuration",
      "recipe_verification_seconds": 0.0,
      "identity_verification_seconds": 0.0,
      "identity_check_seconds": 0.001713423931505531,
      "state_hash_seconds": 0.07206607895204797,
      "clone_seconds": 0.006051225995179266,
      "restore_seconds": 0.0,
      "file_write_seconds": 0.0013348580105230212,
      "operation_seconds": 0.4343130399938673,
      "total_phase_seconds": 0.515568491013255,
      "scope": "file writes include journal intent/add/flush; excludes this timing receipt and checkpoint writes",
      "mode": "stage4_sealed_cell",
      "banner": "sealed Stage 4; scientific admission also requires complete declared populations"
    },
    {
      "phase": "immediate:94",
      "identity_check_kind": "in_memory_structure_and_configuration",
      "recipe_verification_seconds": 0.0,
      "identity_verification_seconds": 0.0,
      "identity_check_seconds": 0.0017901200335472822,
      "state_hash_seconds": 0.09157528704963624,
      "clone_seconds": 0.005386873031966388,
      "restore_seconds": 0.0021303330431692302,
      "file_write_seconds": 0.0013969970168545842,
      "operation_seconds": 0.3311083349981345,
      "total_phase_seconds": 0.4334773889859207,
      "scope": "file writes include journal intent/add/flush; excludes this timing receipt and checkpoint writes",
      "mode": "stage4_sealed_cell",
      "banner": "sealed Stage 4; scientific admission also requires complete declared populations"
    },
    {
      "phase": "edit:95",
      "identity_check_kind": "in_memory_structure_and_configuration",
      "recipe_verification_seconds": 0.0,
      "identity_verification_seconds": 0.0,
      "identity_check_seconds": 0.0017601929721422493,
      "state_hash_seconds": 0.07388260192237794,
      "clone_seconds": 0.006654763012193143,
      "restore_seconds": 0.0,
      "file_write_seconds": 0.0013307500048540533,
      "operation_seconds": 0.62431264098268,
      "total_phase_seconds": 0.7080312009784393,
      "scope": "file writes include journal intent/add/flush; excludes this timing receipt and checkpoint writes",
      "mode": "stage4_sealed_cell",
      "banner": "sealed Stage 4; scientific admission also requires complete declared populations"
    },
    {
      "phase": "immediate:95",
      "identity_check_kind": "in_memory_structure_and_configuration",
      "recipe_verification_seconds": 0.0,
      "identity_verification_seconds": 0.0,
      "identity_check_seconds": 0.0017899789963848889,
      "state_hash_seconds": 0.08885393192758784,
      "clone_seconds": 0.005580194003414363,
      "restore_seconds": 0.001984764006920159,
      "file_write_seconds": 0.0013974379980936646,
      "operation_seconds": 0.40934398799436167,
      "total_phase_seconds": 0.5090518220094964,
      "scope": "file writes include journal intent/add/flush; excludes this timing receipt and checkpoint writes",
      "mode": "stage4_sealed_cell",
      "banner": "sealed Stage 4; scientific admission also requires complete declared populations"
    },
    {
      "phase": "edit:96",
      "identity_check_kind": "in_memory_structure_and_configuration",
      "recipe_verification_seconds": 0.0,
      "identity_verification_seconds": 0.0,
      "identity_check_seconds": 0.0018332130275666714,
      "state_hash_seconds": 0.07405856705736369,
      "clone_seconds": 0.007020274002570659,
      "restore_seconds": 0.0,
      "file_write_seconds": 0.0014543170109391212,
      "operation_seconds": 0.4532291010254994,
      "total_phase_seconds": 0.5376843939884566,
      "scope": "file writes include journal intent/add/flush; excludes this timing receipt and checkpoint writes",
      "mode": "stage4_sealed_cell",
      "banner": "sealed Stage 4; scientific admission also requires complete declared populations"
    },
    {
      "phase": "immediate:96",
      "identity_check_kind": "in_memory_structure_and_configuration",
      "recipe_verification_seconds": 0.0,
      "identity_verification_seconds": 0.0,
      "identity_check_seconds": 0.002301250002346933,
      "state_hash_seconds": 0.09240990597754717,
      "clone_seconds": 0.005394228035584092,
      "restore_seconds": 0.00222600600682199,
      "file_write_seconds": 0.0014767199754714966,
      "operation_seconds": 0.3252185580204241,
      "total_phase_seconds": 0.4291535920347087,
      "scope": "file writes include journal intent/add/flush; excludes this timing receipt and checkpoint writes",
      "mode": "stage4_sealed_cell",
      "banner": "sealed Stage 4; scientific admission also requires complete declared populations"
    },
    {
      "phase": "edit:97",
      "identity_check_kind": "in_memory_structure_and_configuration",
      "recipe_verification_seconds": 0.0,
      "identity_verification_seconds": 0.0,
      "identity_check_seconds": 0.0017769649857655168,
      "state_hash_seconds": 0.074278098938521,
      "clone_seconds": 0.007032908033579588,
      "restore_seconds": 0.0,
      "file_write_seconds": 0.0012239960487931967,
      "operation_seconds": 0.4655825970112346,
      "total_phase_seconds": 0.5499801179976203,
      "scope": "file writes include journal intent/add/flush; excludes this timing receipt and checkpoint writes",
      "mode": "stage4_sealed_cell",
      "banner": "sealed Stage 4; scientific admission also requires complete declared populations"
    },
    {
      "phase": "immediate:97",
      "identity_check_kind": "in_memory_structure_and_configuration",
      "recipe_verification_seconds": 0.0,
      "identity_verification_seconds": 0.0,
      "identity_check_seconds": 0.0017289219540543854,
      "state_hash_seconds": 0.09014387393835932,
      "clone_seconds": 0.005753365985583514,
      "restore_seconds": 0.002060218947008252,
      "file_write_seconds": 0.001258312026038766,
      "operation_seconds": 0.3334304160089232,
      "total_phase_seconds": 0.4344714939943515,
      "scope": "file writes include journal intent/add/flush; excludes this timing receipt and checkpoint writes",
      "mode": "stage4_sealed_cell",
      "banner": "sealed Stage 4; scientific admission also requires complete declared populations"
    },
    {
      "phase": "edit:98",
      "identity_check_kind": "in_memory_structure_and_configuration",
      "recipe_verification_seconds": 0.0,
      "identity_verification_seconds": 0.0,
      "identity_check_seconds": 0.001729413983412087,
      "state_hash_seconds": 0.07399736891966313,
      "clone_seconds": 0.006952854979317635,
      "restore_seconds": 0.0,
      "file_write_seconds": 0.0013115530018694699,
      "operation_seconds": 0.2813751249923371,
      "total_phase_seconds": 0.36545924696838483,
      "scope": "file writes include journal intent/add/flush; excludes this timing receipt and checkpoint writes",
      "mode": "stage4_sealed_cell",
      "banner": "sealed Stage 4; scientific admission also requires complete declared populations"
    },
    {
      "phase": "immediate:98",
      "identity_check_kind": "in_memory_structure_and_configuration",
      "recipe_verification_seconds": 0.0,
      "identity_verification_seconds": 0.0,
      "identity_check_seconds": 0.0019636640208773315,
      "state_hash_seconds": 0.09337061905534938,
      "clone_seconds": 0.005539565987419337,
      "restore_seconds": 0.002167985017877072,
      "file_write_seconds": 0.0012616569874808192,
      "operation_seconds": 0.279838579997886,
      "total_phase_seconds": 0.38423800404416397,
      "scope": "file writes include journal intent/add/flush; excludes this timing receipt and checkpoint writes",
      "mode": "stage4_sealed_cell",
      "banner": "sealed Stage 4; scientific admission also requires complete declared populations"
    },
    {
      "phase": "edit:99",
      "identity_check_kind": "in_memory_structure_and_configuration",
      "recipe_verification_seconds": 0.0,
      "identity_verification_seconds": 0.0,
      "identity_check_seconds": 0.0017659239820204675,
      "state_hash_seconds": 0.07538657198892906,
      "clone_seconds": 0.007292596041224897,
      "restore_seconds": 0.0,
      "file_write_seconds": 0.0014055939973331988,
      "operation_seconds": 0.4567440659739077,
      "total_phase_seconds": 0.5426968990359455,
      "scope": "file writes include journal intent/add/flush; excludes this timing receipt and checkpoint writes",
      "mode": "stage4_sealed_cell",
      "banner": "sealed Stage 4; scientific admission also requires complete declared populations"
    },
    {
      "phase": "immediate:99",
      "identity_check_kind": "in_memory_structure_and_configuration",
      "recipe_verification_seconds": 0.0,
      "identity_verification_seconds": 0.0,
      "identity_check_seconds": 0.0018292369786649942,
      "state_hash_seconds": 0.15826915099751204,
      "clone_seconds": 0.005424836010206491,
      "restore_seconds": 0.0032289379741996527,
      "file_write_seconds": 0.001290713029447943,
      "operation_seconds": 0.32592457102146,
      "total_phase_seconds": 0.49606327002402395,
      "scope": "file writes include journal intent/add/flush; excludes this timing receipt and checkpoint writes",
      "mode": "stage4_sealed_cell",
      "banner": "sealed Stage 4; scientific admission also requires complete declared populations"
    },
    {
      "phase": "edit:100",
      "identity_check_kind": "in_memory_structure_and_configuration",
      "recipe_verification_seconds": 0.0,
      "identity_verification_seconds": 0.0,
      "identity_check_seconds": 0.001765253022313118,
      "state_hash_seconds": 0.0719357299967669,
      "clone_seconds": 0.008263677009381354,
      "restore_seconds": 0.0,
      "file_write_seconds": 0.0015848269686102867,
      "operation_seconds": 0.28199693700298667,
      "total_phase_seconds": 0.36565178603632376,
      "scope": "file writes include journal intent/add/flush; excludes this timing receipt and checkpoint writes",
      "mode": "stage4_sealed_cell",
      "banner": "sealed Stage 4; scientific admission also requires complete declared populations"
    },
    {
      "phase": "immediate:100",
      "identity_check_kind": "in_memory_structure_and_configuration",
      "recipe_verification_seconds": 0.0,
      "identity_verification_seconds": 0.0,
      "identity_check_seconds": 0.0019251489429734647,
      "state_hash_seconds": 0.08933566592168063,
      "clone_seconds": 0.006342565000522882,
      "restore_seconds": 0.0022014889982528985,
      "file_write_seconds": 0.0013067650143057108,
      "operation_seconds": 0.27647221903316677,
      "total_phase_seconds": 0.37768219102872536,
      "scope": "file writes include journal intent/add/flush; excludes this timing receipt and checkpoint writes",
      "mode": "stage4_sealed_cell",
      "banner": "sealed Stage 4; scientific admission also requires complete declared populations"
    },
    {
      "phase": "retention:100",
      "identity_check_kind": "in_memory_structure_and_configuration",
      "recipe_verification_seconds": 0.0,
      "identity_verification_seconds": 0.0,
      "identity_check_seconds": 0.001817262964323163,
      "state_hash_seconds": 0.09452428010990843,
      "clone_seconds": 0.0066192749654874206,
      "restore_seconds": 0.0021521940361708403,
      "file_write_seconds": 0.0035978250089101493,
      "operation_seconds": 34.94265263702255,
      "total_phase_seconds": 35.05331964301877,
      "scope": "file writes include journal intent/add/flush; excludes this timing receipt and checkpoint writes",
      "mode": "stage4_sealed_cell",
      "banner": "sealed Stage 4; scientific admission also requires complete declared populations"
    },
    {
      "phase": "locality:100",
      "identity_check_kind": "in_memory_structure_and_configuration",
      "recipe_verification_seconds": 0.0,
      "identity_verification_seconds": 0.0,
      "identity_check_seconds": 0.001990614051464945,
      "state_hash_seconds": 0.09061912592733279,
      "clone_seconds": 0.007127259043045342,
      "restore_seconds": 0.0022352549713104963,
      "file_write_seconds": 0.04853615595493466,
      "operation_seconds": 55.85669996897923,
      "total_phase_seconds": 56.008367379021365,
      "scope": "file writes include journal intent/add/flush; excludes this timing receipt and checkpoint writes",
      "mode": "stage4_sealed_cell",
      "banner": "sealed Stage 4; scientific admission also requires complete declared populations"
    },
    {
      "phase": "unseen:100",
      "identity_check_kind": "in_memory_structure_and_configuration",
      "recipe_verification_seconds": 0.0,
      "identity_verification_seconds": 0.0,
      "identity_check_seconds": 0.0018369400058872998,
      "state_hash_seconds": 0.08957107609603554,
      "clone_seconds": 0.0052197129698470235,
      "restore_seconds": 0.002244051021989435,
      "file_write_seconds": 0.014408432005438954,
      "operation_seconds": 161.89619899605168,
      "total_phase_seconds": 162.01153914700262,
      "scope": "file writes include journal intent/add/flush; excludes this timing receipt and checkpoint writes",
      "mode": "stage4_sealed_cell",
      "banner": "sealed Stage 4; scientific admission also requires complete declared populations"
    },
    {
      "phase": "drift:100",
      "identity_check_kind": "in_memory_structure_and_configuration",
      "recipe_verification_seconds": 0.0,
      "identity_verification_seconds": 0.0,
      "identity_check_seconds": 0.0017858530045486987,
      "state_hash_seconds": 0.09473701496608555,
      "clone_seconds": 0.00838880700757727,
      "restore_seconds": 0.0021680439822375774,
      "file_write_seconds": 0.15665276400977746,
      "operation_seconds": 85.92268416995648,
      "total_phase_seconds": 86.32494864205364,
      "scope": "file writes include journal intent/add/flush; excludes this timing receipt and checkpoint writes",
      "mode": "stage4_sealed_cell",
      "banner": "sealed Stage 4; scientific admission also requires complete declared populations"
    },
    {
      "phase": "edit:101",
      "identity_check_kind": "in_memory_structure_and_configuration",
      "recipe_verification_seconds": 0.0,
      "identity_verification_seconds": 0.0,
      "identity_check_seconds": 0.0017838390194810927,
      "state_hash_seconds": 0.07298178505152464,
      "clone_seconds": 0.007810608018189669,
      "restore_seconds": 0.0,
      "file_write_seconds": 0.012596990971360356,
      "operation_seconds": 1.2473295380477794,
      "total_phase_seconds": 1.3478245599544607,
      "scope": "file writes include journal intent/add/flush; excludes this timing receipt and checkpoint writes",
      "mode": "stage4_sealed_cell",
      "banner": "sealed Stage 4; scientific admission also requires complete declared populations"
    },
    {
      "phase": "immediate:101",
      "identity_check_kind": "in_memory_structure_and_configuration",
      "recipe_verification_seconds": 0.0,
      "identity_verification_seconds": 0.0,
      "identity_check_seconds": 0.001743541972246021,
      "state_hash_seconds": 0.09389458107762039,
      "clone_seconds": 0.0107653210288845,
      "restore_seconds": 0.002536780957598239,
      "file_write_seconds": 0.012255946989171207,
      "operation_seconds": 0.557816086045932,
      "total_phase_seconds": 0.6791107870521955,
      "scope": "file writes include journal intent/add/flush; excludes this timing receipt and checkpoint writes",
      "mode": "stage4_sealed_cell",
      "banner": "sealed Stage 4; scientific admission also requires complete declared populations"
    },
    {
      "phase": "edit:102",
      "identity_check_kind": "in_memory_structure_and_configuration",
      "recipe_verification_seconds": 0.0,
      "identity_verification_seconds": 0.0,
      "identity_check_seconds": 0.0018422009889036417,
      "state_hash_seconds": 0.07717551104724407,
      "clone_seconds": 0.008225844008848071,
      "restore_seconds": 0.0,
      "file_write_seconds": 0.012376920029055327,
      "operation_seconds": 0.4848242010339163,
      "total_phase_seconds": 0.5845368329901248,
      "scope": "file writes include journal intent/add/flush; excludes this timing receipt and checkpoint writes",
      "mode": "stage4_sealed_cell",
      "banner": "sealed Stage 4; scientific admission also requires complete declared populations"
    },
    {
      "phase": "immediate:102",
      "identity_check_kind": "in_memory_structure_and_configuration",
      "recipe_verification_seconds": 0.0,
      "identity_verification_seconds": 0.0,
      "identity_check_seconds": 0.0018205080414190888,
      "state_hash_seconds": 0.09378775797085837,
      "clone_seconds": 0.008225694007705897,
      "restore_seconds": 0.0028250640025362372,
      "file_write_seconds": 0.001370075042359531,
      "operation_seconds": 0.2775998000288382,
      "total_phase_seconds": 0.38572576601291075,
      "scope": "file writes include journal intent/add/flush; excludes this timing receipt and checkpoint writes",
      "mode": "stage4_sealed_cell",
      "banner": "sealed Stage 4; scientific admission also requires complete declared populations"
    },
    {
      "phase": "edit:103",
      "identity_check_kind": "in_memory_structure_and_configuration",
      "recipe_verification_seconds": 0.0,
      "identity_verification_seconds": 0.0,
      "identity_check_seconds": 0.002128257998265326,
      "state_hash_seconds": 0.07518646901007742,
      "clone_seconds": 0.008353278040885925,
      "restore_seconds": 0.0,
      "file_write_seconds": 0.0013210810138843954,
      "operation_seconds": 0.332660410029348,
      "total_phase_seconds": 0.4197369460016489,
      "scope": "file writes include journal intent/add/flush; excludes this timing receipt and checkpoint writes",
      "mode": "stage4_sealed_cell",
      "banner": "sealed Stage 4; scientific admission also requires complete declared populations"
    },
    {
      "phase": "immediate:103",
      "identity_check_kind": "in_memory_structure_and_configuration",
      "recipe_verification_seconds": 0.0,
      "identity_verification_seconds": 0.0,
      "identity_check_seconds": 0.0018831890192814171,
      "state_hash_seconds": 0.0907394959940575,
      "clone_seconds": 0.007467020011972636,
      "restore_seconds": 0.001971258025150746,
      "file_write_seconds": 0.0024597940500825644,
      "operation_seconds": 0.28066561598097906,
      "total_phase_seconds": 0.385278930014465,
      "scope": "file writes include journal intent/add/flush; excludes this timing receipt and checkpoint writes",
      "mode": "stage4_sealed_cell",
      "banner": "sealed Stage 4; scientific admission also requires complete declared populations"
    },
    {
      "phase": "edit:104",
      "identity_check_kind": "in_memory_structure_and_configuration",
      "recipe_verification_seconds": 0.0,
      "identity_verification_seconds": 0.0,
      "identity_check_seconds": 0.001789169036783278,
      "state_hash_seconds": 0.07694009103579447,
      "clone_seconds": 0.009003113955259323,
      "restore_seconds": 0.0,
      "file_write_seconds": 0.012340880988631397,
      "operation_seconds": 0.8211392050143331,
      "total_phase_seconds": 0.9212936839903705,
      "scope": "file writes include journal intent/add/flush; excludes this timing receipt and checkpoint writes",
      "mode": "stage4_sealed_cell",
      "banner": "sealed Stage 4; scientific admission also requires complete declared populations"
    },
    {
      "phase": "immediate:104",
      "identity_check_kind": "in_memory_structure_and_configuration",
      "recipe_verification_seconds": 0.0,
      "identity_verification_seconds": 0.0,
      "identity_check_seconds": 0.002068903995677829,
      "state_hash_seconds": 0.09471980395028368,
      "clone_seconds": 0.007287124986760318,
      "restore_seconds": 0.0023958919919095933,
      "file_write_seconds": 0.01228028500918299,
      "operation_seconds": 0.3677897420129739,
      "total_phase_seconds": 0.4866487979888916,
      "scope": "file writes include journal intent/add/flush; excludes this timing receipt and checkpoint writes",
      "mode": "stage4_sealed_cell",
      "banner": "sealed Stage 4; scientific admission also requires complete declared populations"
    },
    {
      "phase": "edit:105",
      "identity_check_kind": "in_memory_structure_and_configuration",
      "recipe_verification_seconds": 0.0,
      "identity_verification_seconds": 0.0,
      "identity_check_seconds": 0.0017985469894483685,
      "state_hash_seconds": 0.07543534698197618,
      "clone_seconds": 0.0073636420420371,
      "restore_seconds": 0.0,
      "file_write_seconds": 0.01233247498748824,
      "operation_seconds": 0.79557873000158,
      "total_phase_seconds": 0.8925981410429813,
      "scope": "file writes include journal intent/add/flush; excludes this timing receipt and checkpoint writes",
      "mode": "stage4_sealed_cell",
      "banner": "sealed Stage 4; scientific admission also requires complete declared populations"
    },
    {
      "phase": "immediate:105",
      "identity_check_kind": "in_memory_structure_and_configuration",
      "recipe_verification_seconds": 0.0,
      "identity_verification_seconds": 0.0,
      "identity_check_seconds": 0.0018102200119756162,
      "state_hash_seconds": 0.09500171599211171,
      "clone_seconds": 0.006985146028455347,
      "restore_seconds": 0.0032314929994754493,
      "file_write_seconds": 0.0014232779503799975,
      "operation_seconds": 0.37915556400548667,
      "total_phase_seconds": 0.4877103320322931,
      "scope": "file writes include journal intent/add/flush; excludes this timing receipt and checkpoint writes",
      "mode": "stage4_sealed_cell",
      "banner": "sealed Stage 4; scientific admission also requires complete declared populations"
    },
    {
      "phase": "edit:106",
      "identity_check_kind": "in_memory_structure_and_configuration",
      "recipe_verification_seconds": 0.0,
      "identity_verification_seconds": 0.0,
      "identity_check_seconds": 0.001797535049263388,
      "state_hash_seconds": 0.16679162508808076,
      "clone_seconds": 0.006933057040441781,
      "restore_seconds": 0.0,
      "file_write_seconds": 0.01273228001082316,
      "operation_seconds": 0.2928009720053524,
      "total_phase_seconds": 0.4811431969865225,
      "scope": "file writes include journal intent/add/flush; excludes this timing receipt and checkpoint writes",
      "mode": "stage4_sealed_cell",
      "banner": "sealed Stage 4; scientific admission also requires complete declared populations"
    },
    {
      "phase": "immediate:106",
      "identity_check_kind": "in_memory_structure_and_configuration",
      "recipe_verification_seconds": 0.0,
      "identity_verification_seconds": 0.0,
      "identity_check_seconds": 0.0018339750240556896,
      "state_hash_seconds": 0.09419984900159761,
      "clone_seconds": 0.007541512022726238,
      "restore_seconds": 0.0027805989957414567,
      "file_write_seconds": 0.0013708869810216129,
      "operation_seconds": 0.28510522400029004,
      "total_phase_seconds": 0.39292682701488957,
      "scope": "file writes include journal intent/add/flush; excludes this timing receipt and checkpoint writes",
      "mode": "stage4_sealed_cell",
      "banner": "sealed Stage 4; scientific admission also requires complete declared populations"
    },
    {
      "phase": "edit:107",
      "identity_check_kind": "in_memory_structure_and_configuration",
      "recipe_verification_seconds": 0.0,
      "identity_verification_seconds": 0.0,
      "identity_check_seconds": 0.0018065409385599196,
      "state_hash_seconds": 0.07597551197977737,
      "clone_seconds": 0.007748188974801451,
      "restore_seconds": 0.0,
      "file_write_seconds": 0.012105759989935905,
      "operation_seconds": 0.6539874809677713,
      "total_phase_seconds": 0.7517144079902209,
      "scope": "file writes include journal intent/add/flush; excludes this timing receipt and checkpoint writes",
      "mode": "stage4_sealed_cell",
      "banner": "sealed Stage 4; scientific admission also requires complete declared populations"
    },
    {
      "phase": "immediate:107",
      "identity_check_kind": "in_memory_structure_and_configuration",
      "recipe_verification_seconds": 0.0,
      "identity_verification_seconds": 0.0,
      "identity_check_seconds": 0.0017840900109149516,
      "state_hash_seconds": 0.09710771002573892,
      "clone_seconds": 0.007556552009191364,
      "restore_seconds": 0.00236925994977355,
      "file_write_seconds": 0.012311573955230415,
      "operation_seconds": 0.3315892879618332,
      "total_phase_seconds": 0.4528234830358997,
      "scope": "file writes include journal intent/add/flush; excludes this timing receipt and checkpoint writes",
      "mode": "stage4_sealed_cell",
      "banner": "sealed Stage 4; scientific admission also requires complete declared populations"
    },
    {
      "phase": "edit:108",
      "identity_check_kind": "in_memory_structure_and_configuration",
      "recipe_verification_seconds": 0.0,
      "identity_verification_seconds": 0.0,
      "identity_check_seconds": 0.001786925015039742,
      "state_hash_seconds": 0.0775250910082832,
      "clone_seconds": 0.008174667018465698,
      "restore_seconds": 0.0,
      "file_write_seconds": 0.012192666006740183,
      "operation_seconds": 0.32117754296632484,
      "total_phase_seconds": 0.4209424270084128,
      "scope": "file writes include journal intent/add/flush; excludes this timing receipt and checkpoint writes",
      "mode": "stage4_sealed_cell",
      "banner": "sealed Stage 4; scientific admission also requires complete declared populations"
    },
    {
      "phase": "immediate:108",
      "identity_check_kind": "in_memory_structure_and_configuration",
      "recipe_verification_seconds": 0.0,
      "identity_verification_seconds": 0.0,
      "identity_check_seconds": 0.001799468940589577,
      "state_hash_seconds": 0.09259651496540755,
      "clone_seconds": 0.0074293180368840694,
      "restore_seconds": 0.00204239395679906,
      "file_write_seconds": 0.01863763900473714,
      "operation_seconds": 0.28004659997532144,
      "total_phase_seconds": 0.40265971899498254,
      "scope": "file writes include journal intent/add/flush; excludes this timing receipt and checkpoint writes",
      "mode": "stage4_sealed_cell",
      "banner": "sealed Stage 4; scientific admission also requires complete declared populations"
    },
    {
      "phase": "edit:109",
      "identity_check_kind": "in_memory_structure_and_configuration",
      "recipe_verification_seconds": 0.0,
      "identity_verification_seconds": 0.0,
      "identity_check_seconds": 0.0018399269902147353,
      "state_hash_seconds": 0.0757192590390332,
      "clone_seconds": 0.009208507020957768,
      "restore_seconds": 0.0,
      "file_write_seconds": 0.0013323840103112161,
      "operation_seconds": 0.2976700139697641,
      "total_phase_seconds": 0.3858616460347548,
      "scope": "file writes include journal intent/add/flush; excludes this timing receipt and checkpoint writes",
      "mode": "stage4_sealed_cell",
      "banner": "sealed Stage 4; scientific admission also requires complete declared populations"
    },
    {
      "phase": "immediate:109",
      "identity_check_kind": "in_memory_structure_and_configuration",
      "recipe_verification_seconds": 0.0,
      "identity_verification_seconds": 0.0,
      "identity_check_seconds": 0.0018458570120856166,
      "state_hash_seconds": 0.09478987898910418,
      "clone_seconds": 0.008035058970563114,
      "restore_seconds": 0.002337589976377785,
      "file_write_seconds": 0.012252089974936098,
      "operation_seconds": 0.2890315690310672,
      "total_phase_seconds": 0.40839592198608443,
      "scope": "file writes include journal intent/add/flush; excludes this timing receipt and checkpoint writes",
      "mode": "stage4_sealed_cell",
      "banner": "sealed Stage 4; scientific admission also requires complete declared populations"
    },
    {
      "phase": "edit:110",
      "identity_check_kind": "in_memory_structure_and_configuration",
      "recipe_verification_seconds": 0.0,
      "identity_verification_seconds": 0.0,
      "identity_check_seconds": 0.0017793489969335496,
      "state_hash_seconds": 0.07842411700403318,
      "clone_seconds": 0.008457709045615047,
      "restore_seconds": 0.0,
      "file_write_seconds": 0.012353784986771643,
      "operation_seconds": 0.3031801729812287,
      "total_phase_seconds": 0.4042792820255272,
      "scope": "file writes include journal intent/add/flush; excludes this timing receipt and checkpoint writes",
      "mode": "stage4_sealed_cell",
      "banner": "sealed Stage 4; scientific admission also requires complete declared populations"
    },
    {
      "phase": "immediate:110",
      "identity_check_kind": "in_memory_structure_and_configuration",
      "recipe_verification_seconds": 0.0,
      "identity_verification_seconds": 0.0,
      "identity_check_seconds": 0.0018671079888008535,
      "state_hash_seconds": 0.09453483996912837,
      "clone_seconds": 0.007938734022900462,
      "restore_seconds": 0.002121786994393915,
      "file_write_seconds": 0.012257179012522101,
      "operation_seconds": 0.2808160050190054,
      "total_phase_seconds": 0.3996358829899691,
      "scope": "file writes include journal intent/add/flush; excludes this timing receipt and checkpoint writes",
      "mode": "stage4_sealed_cell",
      "banner": "sealed Stage 4; scientific admission also requires complete declared populations"
    },
    {
      "phase": "edit:111",
      "identity_check_kind": "in_memory_structure_and_configuration",
      "recipe_verification_seconds": 0.0,
      "identity_verification_seconds": 0.0,
      "identity_check_seconds": 0.0017906419816426933,
      "state_hash_seconds": 0.07960367493797094,
      "clone_seconds": 0.008517913985997438,
      "restore_seconds": 0.0,
      "file_write_seconds": 0.012296625995077193,
      "operation_seconds": 0.6198406699695624,
      "total_phase_seconds": 0.7221423650044017,
      "scope": "file writes include journal intent/add/flush; excludes this timing receipt and checkpoint writes",
      "mode": "stage4_sealed_cell",
      "banner": "sealed Stage 4; scientific admission also requires complete declared populations"
    },
    {
      "phase": "immediate:111",
      "identity_check_kind": "in_memory_structure_and_configuration",
      "recipe_verification_seconds": 0.0,
      "identity_verification_seconds": 0.0,
      "identity_check_seconds": 0.001802243059501052,
      "state_hash_seconds": 0.09241393610136583,
      "clone_seconds": 0.007989350997377187,
      "restore_seconds": 0.002979439974296838,
      "file_write_seconds": 0.001415182021446526,
      "operation_seconds": 0.33636157296132296,
      "total_phase_seconds": 0.443077196017839,
      "scope": "file writes include journal intent/add/flush; excludes this timing receipt and checkpoint writes",
      "mode": "stage4_sealed_cell",
      "banner": "sealed Stage 4; scientific admission also requires complete declared populations"
    },
    {
      "phase": "edit:112",
      "identity_check_kind": "in_memory_structure_and_configuration",
      "recipe_verification_seconds": 0.0,
      "identity_verification_seconds": 0.0,
      "identity_check_seconds": 0.001745374989695847,
      "state_hash_seconds": 0.07667209696955979,
      "clone_seconds": 0.008124359999783337,
      "restore_seconds": 0.0,
      "file_write_seconds": 0.01233893696917221,
      "operation_seconds": 0.4484062380506657,
      "total_phase_seconds": 0.5473685020115227,
      "scope": "file writes include journal intent/add/flush; excludes this timing receipt and checkpoint writes",
      "mode": "stage4_sealed_cell",
      "banner": "sealed Stage 4; scientific admission also requires complete declared populations"
    },
    {
      "phase": "immediate:112",
      "identity_check_kind": "in_memory_structure_and_configuration",
      "recipe_verification_seconds": 0.0,
      "identity_verification_seconds": 0.0,
      "identity_check_seconds": 0.0017820440116338432,
      "state_hash_seconds": 0.09096344601130113,
      "clone_seconds": 0.007909948995802552,
      "restore_seconds": 0.0020503999548964202,
      "file_write_seconds": 0.0014897140208631754,
      "operation_seconds": 0.33449256099993363,
      "total_phase_seconds": 0.43879228399600834,
      "scope": "file writes include journal intent/add/flush; excludes this timing receipt and checkpoint writes",
      "mode": "stage4_sealed_cell",
      "banner": "sealed Stage 4; scientific admission also requires complete declared populations"
    },
    {
      "phase": "edit:113",
      "identity_check_kind": "in_memory_structure_and_configuration",
      "recipe_verification_seconds": 0.0,
      "identity_verification_seconds": 0.0,
      "identity_check_seconds": 0.001820768986362964,
      "state_hash_seconds": 0.07623626105487347,
      "clone_seconds": 0.007092863030266017,
      "restore_seconds": 0.0,
      "file_write_seconds": 0.01229215698549524,
      "operation_seconds": 0.7829283370519988,
      "total_phase_seconds": 0.8804541470017284,
      "scope": "file writes include journal intent/add/flush; excludes this timing receipt and checkpoint writes",
      "mode": "stage4_sealed_cell",
      "banner": "sealed Stage 4; scientific admission also requires complete declared populations"
    },
    {
      "phase": "immediate:113",
      "identity_check_kind": "in_memory_structure_and_configuration",
      "recipe_verification_seconds": 0.0,
      "identity_verification_seconds": 0.0,
      "identity_check_seconds": 0.0018166620284318924,
      "state_hash_seconds": 0.09526619204552844,
      "clone_seconds": 0.007169871008954942,
      "restore_seconds": 0.002539005014114082,
      "file_write_seconds": 0.012225178012158722,
      "operation_seconds": 0.37414874002570286,
      "total_phase_seconds": 0.4932651370181702,
      "scope": "file writes include journal intent/add/flush; excludes this timing receipt and checkpoint writes",
      "mode": "stage4_sealed_cell",
      "banner": "sealed Stage 4; scientific admission also requires complete declared populations"
    },
    {
      "phase": "edit:114",
      "identity_check_kind": "in_memory_structure_and_configuration",
      "recipe_verification_seconds": 0.0,
      "identity_verification_seconds": 0.0,
      "identity_check_seconds": 0.0017797600012272596,
      "state_hash_seconds": 0.07711765100248158,
      "clone_seconds": 0.007904217985924333,
      "restore_seconds": 0.0,
      "file_write_seconds": 0.012472412025090307,
      "operation_seconds": 0.33515237498795614,
      "total_phase_seconds": 0.4345148970023729,
      "scope": "file writes include journal intent/add/flush; excludes this timing receipt and checkpoint writes",
      "mode": "stage4_sealed_cell",
      "banner": "sealed Stage 4; scientific admission also requires complete declared populations"
    },
    {
      "phase": "immediate:114",
      "identity_check_kind": "in_memory_structure_and_configuration",
      "recipe_verification_seconds": 0.0,
      "identity_verification_seconds": 0.0,
      "identity_check_seconds": 0.0017752119456417859,
      "state_hash_seconds": 0.09284312801901251,
      "clone_seconds": 0.008222608012147248,
      "restore_seconds": 0.002063394000288099,
      "file_write_seconds": 0.0013240569969639182,
      "operation_seconds": 0.28734930499922484,
      "total_phase_seconds": 0.3936751299770549,
      "scope": "file writes include journal intent/add/flush; excludes this timing receipt and checkpoint writes",
      "mode": "stage4_sealed_cell",
      "banner": "sealed Stage 4; scientific admission also requires complete declared populations"
    },
    {
      "phase": "edit:115",
      "identity_check_kind": "in_memory_structure_and_configuration",
      "recipe_verification_seconds": 0.0,
      "identity_verification_seconds": 0.0,
      "identity_check_seconds": 0.0018774879863485694,
      "state_hash_seconds": 0.0760598819470033,
      "clone_seconds": 0.007348443032242358,
      "restore_seconds": 0.0,
      "file_write_seconds": 0.012235408008564264,
      "operation_seconds": 0.6040488469880074,
      "total_phase_seconds": 0.7016658930224366,
      "scope": "file writes include journal intent/add/flush; excludes this timing receipt and checkpoint writes",
      "mode": "stage4_sealed_cell",
      "banner": "sealed Stage 4; scientific admission also requires complete declared populations"
    },
    {
      "phase": "immediate:115",
      "identity_check_kind": "in_memory_structure_and_configuration",
      "recipe_verification_seconds": 0.0,
      "identity_verification_seconds": 0.0,
      "identity_check_seconds": 0.0017230019439011812,
      "state_hash_seconds": 0.09391168406000361,
      "clone_seconds": 0.007835455995518714,
      "restore_seconds": 0.0022950080456212163,
      "file_write_seconds": 0.012335801031440496,
      "operation_seconds": 0.37737456196919084,
      "total_phase_seconds": 0.4955724200117402,
      "scope": "file writes include journal intent/add/flush; excludes this timing receipt and checkpoint writes",
      "mode": "stage4_sealed_cell",
      "banner": "sealed Stage 4; scientific admission also requires complete declared populations"
    },
    {
      "phase": "edit:116",
      "identity_check_kind": "in_memory_structure_and_configuration",
      "recipe_verification_seconds": 0.0,
      "identity_verification_seconds": 0.0,
      "identity_check_seconds": 0.0018620779737830162,
      "state_hash_seconds": 0.07632386998739094,
      "clone_seconds": 0.007040291966404766,
      "restore_seconds": 0.0,
      "file_write_seconds": 0.012277979985810816,
      "operation_seconds": 0.6152673560427502,
      "total_phase_seconds": 0.7128586430335417,
      "scope": "file writes include journal intent/add/flush; excludes this timing receipt and checkpoint writes",
      "mode": "stage4_sealed_cell",
      "banner": "sealed Stage 4; scientific admission also requires complete declared populations"
    },
    {
      "phase": "immediate:116",
      "identity_check_kind": "in_memory_structure_and_configuration",
      "recipe_verification_seconds": 0.0,
      "identity_verification_seconds": 0.0,
      "identity_check_seconds": 0.0019017949816770852,
      "state_hash_seconds": 0.09646910399897024,
      "clone_seconds": 0.009659151022788137,
      "restore_seconds": 0.003279716009274125,
      "file_write_seconds": 0.0013525119866244495,
      "operation_seconds": 0.37334733305033296,
      "total_phase_seconds": 0.48610643798019737,
      "scope": "file writes include journal intent/add/flush; excludes this timing receipt and checkpoint writes",
      "mode": "stage4_sealed_cell",
      "banner": "sealed Stage 4; scientific admission also requires complete declared populations"
    },
    {
      "phase": "edit:117",
      "identity_check_kind": "in_memory_structure_and_configuration",
      "recipe_verification_seconds": 0.0,
      "identity_verification_seconds": 0.0,
      "identity_check_seconds": 0.0018564180354587734,
      "state_hash_seconds": 0.07690408203052357,
      "clone_seconds": 0.008008557022549212,
      "restore_seconds": 0.0,
      "file_write_seconds": 0.012263983022421598,
      "operation_seconds": 1.3964084580074996,
      "total_phase_seconds": 1.4955311789526604,
      "scope": "file writes include journal intent/add/flush; excludes this timing receipt and checkpoint writes",
      "mode": "stage4_sealed_cell",
      "banner": "sealed Stage 4; scientific admission also requires complete declared populations"
    },
    {
      "phase": "immediate:117",
      "identity_check_kind": "in_memory_structure_and_configuration",
      "recipe_verification_seconds": 0.0,
      "identity_verification_seconds": 0.0,
      "identity_check_seconds": 0.0018606560188345611,
      "state_hash_seconds": 0.09549589001107961,
      "clone_seconds": 0.008075325982645154,
      "restore_seconds": 0.0022763129672966897,
      "file_write_seconds": 0.012250247003976256,
      "operation_seconds": 0.6479842060361989,
      "total_phase_seconds": 0.7680484200245701,
      "scope": "file writes include journal intent/add/flush; excludes this timing receipt and checkpoint writes",
      "mode": "stage4_sealed_cell",
      "banner": "sealed Stage 4; scientific admission also requires complete declared populations"
    },
    {
      "phase": "edit:118",
      "identity_check_kind": "in_memory_structure_and_configuration",
      "recipe_verification_seconds": 0.0,
      "identity_verification_seconds": 0.0,
      "identity_check_seconds": 0.0017630790243856609,
      "state_hash_seconds": 0.07587052998133004,
      "clone_seconds": 0.007032516994513571,
      "restore_seconds": 0.0,
      "file_write_seconds": 0.012341100024059415,
      "operation_seconds": 0.974576796987094,
      "total_phase_seconds": 1.0716701589990407,
      "scope": "file writes include journal intent/add/flush; excludes this timing receipt and checkpoint writes",
      "mode": "stage4_sealed_cell",
      "banner": "sealed Stage 4; scientific admission also requires complete declared populations"
    },
    {
      "phase": "immediate:118",
      "identity_check_kind": "in_memory_structure_and_configuration",
      "recipe_verification_seconds": 0.0,
      "identity_verification_seconds": 0.0,
      "identity_check_seconds": 0.0017870640149340034,
      "state_hash_seconds": 0.0932491960702464,
      "clone_seconds": 0.008503285993356258,
      "restore_seconds": 0.0031560779898427427,
      "file_write_seconds": 0.0014056339859962463,
      "operation_seconds": 0.41300522501114756,
      "total_phase_seconds": 0.5212067349930294,
      "scope": "file writes include journal intent/add/flush; excludes this timing receipt and checkpoint writes",
      "mode": "stage4_sealed_cell",
      "banner": "sealed Stage 4; scientific admission also requires complete declared populations"
    },
    {
      "phase": "edit:119",
      "identity_check_kind": "in_memory_structure_and_configuration",
      "recipe_verification_seconds": 0.0,
      "identity_verification_seconds": 0.0,
      "identity_check_seconds": 0.001749754010234028,
      "state_hash_seconds": 0.07722908305004239,
      "clone_seconds": 0.007607189007103443,
      "restore_seconds": 0.0,
      "file_write_seconds": 0.012322083988692611,
      "operation_seconds": 0.3224787979852408,
      "total_phase_seconds": 0.42146758298622444,
      "scope": "file writes include journal intent/add/flush; excludes this timing receipt and checkpoint writes",
      "mode": "stage4_sealed_cell",
      "banner": "sealed Stage 4; scientific admission also requires complete declared populations"
    },
    {
      "phase": "immediate:119",
      "identity_check_kind": "in_memory_structure_and_configuration",
      "recipe_verification_seconds": 0.0,
      "identity_verification_seconds": 0.0,
      "identity_check_seconds": 0.001995164027903229,
      "state_hash_seconds": 0.09578208002494648,
      "clone_seconds": 0.0076502609881572425,
      "restore_seconds": 0.0021614720462821424,
      "file_write_seconds": 0.01232843694742769,
      "operation_seconds": 0.28074442700017244,
      "total_phase_seconds": 0.40076763299293816,
      "scope": "file writes include journal intent/add/flush; excludes this timing receipt and checkpoint writes",
      "mode": "stage4_sealed_cell",
      "banner": "sealed Stage 4; scientific admission also requires complete declared populations"
    },
    {
      "phase": "edit:120",
      "identity_check_kind": "in_memory_structure_and_configuration",
      "recipe_verification_seconds": 0.0,
      "identity_verification_seconds": 0.0,
      "identity_check_seconds": 0.0018673499580472708,
      "state_hash_seconds": 0.07527073204983026,
      "clone_seconds": 0.007227810972835869,
      "restore_seconds": 0.0,
      "file_write_seconds": 0.01218811800936237,
      "operation_seconds": 0.7942775469855405,
      "total_phase_seconds": 0.8909235619939864,
      "scope": "file writes include journal intent/add/flush; excludes this timing receipt and checkpoint writes",
      "mode": "stage4_sealed_cell",
      "banner": "sealed Stage 4; scientific admission also requires complete declared populations"
    },
    {
      "phase": "immediate:120",
      "identity_check_kind": "in_memory_structure_and_configuration",
      "recipe_verification_seconds": 0.0,
      "identity_verification_seconds": 0.0,
      "identity_check_seconds": 0.0017539109685458243,
      "state_hash_seconds": 0.09425158594967797,
      "clone_seconds": 0.006963744992390275,
      "restore_seconds": 0.0023112299968488514,
      "file_write_seconds": 0.01228257897309959,
      "operation_seconds": 0.46152059198357165,
      "total_phase_seconds": 0.5791748380288482,
      "scope": "file writes include journal intent/add/flush; excludes this timing receipt and checkpoint writes",
      "mode": "stage4_sealed_cell",
      "banner": "sealed Stage 4; scientific admission also requires complete declared populations"
    },
    {
      "phase": "edit:121",
      "identity_check_kind": "in_memory_structure_and_configuration",
      "recipe_verification_seconds": 0.0,
      "identity_verification_seconds": 0.0,
      "identity_check_seconds": 0.0018000999698415399,
      "state_hash_seconds": 0.07641075702849776,
      "clone_seconds": 0.00790060096187517,
      "restore_seconds": 0.0,
      "file_write_seconds": 0.012314920022618026,
      "operation_seconds": 0.46241508604725823,
      "total_phase_seconds": 0.5609259349876083,
      "scope": "file writes include journal intent/add/flush; excludes this timing receipt and checkpoint writes",
      "mode": "stage4_sealed_cell",
      "banner": "sealed Stage 4; scientific admission also requires complete declared populations"
    },
    {
      "phase": "immediate:121",
      "identity_check_kind": "in_memory_structure_and_configuration",
      "recipe_verification_seconds": 0.0,
      "identity_verification_seconds": 0.0,
      "identity_check_seconds": 0.0018387329764664173,
      "state_hash_seconds": 0.09456414595479146,
      "clone_seconds": 0.00824610301060602,
      "restore_seconds": 0.002606205001939088,
      "file_write_seconds": 0.012313518032897264,
      "operation_seconds": 0.3451669679488987,
      "total_phase_seconds": 0.46482973400270566,
      "scope": "file writes include journal intent/add/flush; excludes this timing receipt and checkpoint writes",
      "mode": "stage4_sealed_cell",
      "banner": "sealed Stage 4; scientific admission also requires complete declared populations"
    },
    {
      "phase": "edit:122",
      "identity_check_kind": "in_memory_structure_and_configuration",
      "recipe_verification_seconds": 0.0,
      "identity_verification_seconds": 0.0,
      "identity_check_seconds": 0.0017803910304792225,
      "state_hash_seconds": 0.07567767205182463,
      "clone_seconds": 0.008020862005650997,
      "restore_seconds": 0.0,
      "file_write_seconds": 0.012388731993269175,
      "operation_seconds": 0.639925941999536,
      "total_phase_seconds": 0.73788189800689,
      "scope": "file writes include journal intent/add/flush; excludes this timing receipt and checkpoint writes",
      "mode": "stage4_sealed_cell",
      "banner": "sealed Stage 4; scientific admission also requires complete declared populations"
    },
    {
      "phase": "immediate:122",
      "identity_check_kind": "in_memory_structure_and_configuration",
      "recipe_verification_seconds": 0.0,
      "identity_verification_seconds": 0.0,
      "identity_check_seconds": 0.0017833469901233912,
      "state_hash_seconds": 0.09391113603487611,
      "clone_seconds": 0.00715518300421536,
      "restore_seconds": 0.002378176955971867,
      "file_write_seconds": 0.012321884045377374,
      "operation_seconds": 0.32623439497547224,
      "total_phase_seconds": 0.44387876201653853,
      "scope": "file writes include journal intent/add/flush; excludes this timing receipt and checkpoint writes",
      "mode": "stage4_sealed_cell",
      "banner": "sealed Stage 4; scientific admission also requires complete declared populations"
    },
    {
      "phase": "edit:123",
      "identity_check_kind": "in_memory_structure_and_configuration",
      "recipe_verification_seconds": 0.0,
      "identity_verification_seconds": 0.0,
      "identity_check_seconds": 0.0018117210129275918,
      "state_hash_seconds": 0.07605366001371294,
      "clone_seconds": 0.007877185998950154,
      "restore_seconds": 0.0,
      "file_write_seconds": 0.01221463899128139,
      "operation_seconds": 0.5087729080114514,
      "total_phase_seconds": 0.6068134949891828,
      "scope": "file writes include journal intent/add/flush; excludes this timing receipt and checkpoint writes",
      "mode": "stage4_sealed_cell",
      "banner": "sealed Stage 4; scientific admission also requires complete declared populations"
    },
    {
      "phase": "immediate:123",
      "identity_check_kind": "in_memory_structure_and_configuration",
      "recipe_verification_seconds": 0.0,
      "identity_verification_seconds": 0.0,
      "identity_check_seconds": 0.0018969549564644694,
      "state_hash_seconds": 0.09660159092163667,
      "clone_seconds": 0.007874891976825893,
      "restore_seconds": 0.002518416033126414,
      "file_write_seconds": 0.012276588007807732,
      "operation_seconds": 0.32659433397930115,
      "total_phase_seconds": 0.44787066197022796,
      "scope": "file writes include journal intent/add/flush; excludes this timing receipt and checkpoint writes",
      "mode": "stage4_sealed_cell",
      "banner": "sealed Stage 4; scientific admission also requires complete declared populations"
    },
    {
      "phase": "edit:124",
      "identity_check_kind": "in_memory_structure_and_configuration",
      "recipe_verification_seconds": 0.0,
      "identity_verification_seconds": 0.0,
      "identity_check_seconds": 0.0017785890377126634,
      "state_hash_seconds": 0.07625861291307956,
      "clone_seconds": 0.008486754028126597,
      "restore_seconds": 0.0,
      "file_write_seconds": 0.012188748980406672,
      "operation_seconds": 0.9491320840315893,
      "total_phase_seconds": 1.04794961103471,
      "scope": "file writes include journal intent/add/flush; excludes this timing receipt and checkpoint writes",
      "mode": "stage4_sealed_cell",
      "banner": "sealed Stage 4; scientific admission also requires complete declared populations"
    },
    {
      "phase": "immediate:124",
      "identity_check_kind": "in_memory_structure_and_configuration",
      "recipe_verification_seconds": 0.0,
      "identity_verification_seconds": 0.0,
      "identity_check_seconds": 0.0018165310029871762,
      "state_hash_seconds": 0.0955333739402704,
      "clone_seconds": 0.008053172961808741,
      "restore_seconds": 0.0022122299997135997,
      "file_write_seconds": 0.012256628018803895,
      "operation_seconds": 0.4698014809982851,
      "total_phase_seconds": 0.5897722460213117,
      "scope": "file writes include journal intent/add/flush; excludes this timing receipt and checkpoint writes",
      "mode": "stage4_sealed_cell",
      "banner": "sealed Stage 4; scientific admission also requires complete declared populations"
    },
    {
      "phase": "edit:125",
      "identity_check_kind": "in_memory_structure_and_configuration",
      "recipe_verification_seconds": 0.0,
      "identity_verification_seconds": 0.0,
      "identity_check_seconds": 0.0018998809973709285,
      "state_hash_seconds": 0.16885165305575356,
      "clone_seconds": 0.007933184038847685,
      "restore_seconds": 0.0,
      "file_write_seconds": 0.0014182880404405296,
      "operation_seconds": 0.6308620820054784,
      "total_phase_seconds": 0.8110494689899497,
      "scope": "file writes include journal intent/add/flush; excludes this timing receipt and checkpoint writes",
      "mode": "stage4_sealed_cell",
      "banner": "sealed Stage 4; scientific admission also requires complete declared populations"
    },
    {
      "phase": "immediate:125",
      "identity_check_kind": "in_memory_structure_and_configuration",
      "recipe_verification_seconds": 0.0,
      "identity_verification_seconds": 0.0,
      "identity_check_seconds": 0.0018445440218783915,
      "state_hash_seconds": 0.09515314403688535,
      "clone_seconds": 0.008705584041308612,
      "restore_seconds": 0.0026698759756982327,
      "file_write_seconds": 0.012265214987564832,
      "operation_seconds": 0.37759902101242915,
      "total_phase_seconds": 0.4983337110024877,
      "scope": "file writes include journal intent/add/flush; excludes this timing receipt and checkpoint writes",
      "mode": "stage4_sealed_cell",
      "banner": "sealed Stage 4; scientific admission also requires complete declared populations"
    },
    {
      "phase": "edit:126",
      "identity_check_kind": "in_memory_structure_and_configuration",
      "recipe_verification_seconds": 0.0,
      "identity_verification_seconds": 0.0,
      "identity_check_seconds": 0.0024483620072714984,
      "state_hash_seconds": 0.07662386493757367,
      "clone_seconds": 0.00823441002285108,
      "restore_seconds": 0.0,
      "file_write_seconds": 0.012371478951536119,
      "operation_seconds": 0.312126167002134,
      "total_phase_seconds": 0.41190228099003434,
      "scope": "file writes include journal intent/add/flush; excludes this timing receipt and checkpoint writes",
      "mode": "stage4_sealed_cell",
      "banner": "sealed Stage 4; scientific admission also requires complete declared populations"
    },
    {
      "phase": "immediate:126",
      "identity_check_kind": "in_memory_structure_and_configuration",
      "recipe_verification_seconds": 0.0,
      "identity_verification_seconds": 0.0,
      "identity_check_seconds": 0.0018109300290234387,
      "state_hash_seconds": 0.09468496806221083,
      "clone_seconds": 0.007025945000350475,
      "restore_seconds": 0.0023510660394094884,
      "file_write_seconds": 0.012258873030077666,
      "operation_seconds": 0.28269197803456336,
      "total_phase_seconds": 0.4009172989754006,
      "scope": "file writes include journal intent/add/flush; excludes this timing receipt and checkpoint writes",
      "mode": "stage4_sealed_cell",
      "banner": "sealed Stage 4; scientific admission also requires complete declared populations"
    },
    {
      "phase": "edit:127",
      "identity_check_kind": "in_memory_structure_and_configuration",
      "recipe_verification_seconds": 0.0,
      "identity_verification_seconds": 0.0,
      "identity_check_seconds": 0.0017805919633246958,
      "state_hash_seconds": 0.07700826099608094,
      "clone_seconds": 0.00811678497120738,
      "restore_seconds": 0.0,
      "file_write_seconds": 0.012283600983209908,
      "operation_seconds": 0.32834280497627333,
      "total_phase_seconds": 0.4276117270346731,
      "scope": "file writes include journal intent/add/flush; excludes this timing receipt and checkpoint writes",
      "mode": "stage4_sealed_cell",
      "banner": "sealed Stage 4; scientific admission also requires complete declared populations"
    },
    {
      "phase": "immediate:127",
      "identity_check_kind": "in_memory_structure_and_configuration",
      "recipe_verification_seconds": 0.0,
      "identity_verification_seconds": 0.0,
      "identity_check_seconds": 0.0017908920417539775,
      "state_hash_seconds": 0.09774141403613612,
      "clone_seconds": 0.009723504015710205,
      "restore_seconds": 0.002670327026862651,
      "file_write_seconds": 0.012410033028572798,
      "operation_seconds": 0.2835981849930249,
      "total_phase_seconds": 0.4080322239897214,
      "scope": "file writes include journal intent/add/flush; excludes this timing receipt and checkpoint writes",
      "mode": "stage4_sealed_cell",
      "banner": "sealed Stage 4; scientific admission also requires complete declared populations"
    },
    {
      "phase": "edit:128",
      "identity_check_kind": "in_memory_structure_and_configuration",
      "recipe_verification_seconds": 0.0,
      "identity_verification_seconds": 0.0,
      "identity_check_seconds": 0.0017863140092231333,
      "state_hash_seconds": 0.07729253603611141,
      "clone_seconds": 0.008492205000948161,
      "restore_seconds": 0.0,
      "file_write_seconds": 0.0012957629514858127,
      "operation_seconds": 0.45045386301353574,
      "total_phase_seconds": 0.5394070449983701,
      "scope": "file writes include journal intent/add/flush; excludes this timing receipt and checkpoint writes",
      "mode": "stage4_sealed_cell",
      "banner": "sealed Stage 4; scientific admission also requires complete declared populations"
    },
    {
      "phase": "immediate:128",
      "identity_check_kind": "in_memory_structure_and_configuration",
      "recipe_verification_seconds": 0.0,
      "identity_verification_seconds": 0.0,
      "identity_check_seconds": 0.001765142020303756,
      "state_hash_seconds": 0.09467677201610059,
      "clone_seconds": 0.008409817004576325,
      "restore_seconds": 0.0027899370179511607,
      "file_write_seconds": 0.012274152017198503,
      "operation_seconds": 0.33061690302565694,
      "total_phase_seconds": 0.4506383359548636,
      "scope": "file writes include journal intent/add/flush; excludes this timing receipt and checkpoint writes",
      "mode": "stage4_sealed_cell",
      "banner": "sealed Stage 4; scientific admission also requires complete declared populations"
    },
    {
      "phase": "edit:129",
      "identity_check_kind": "in_memory_structure_and_configuration",
      "recipe_verification_seconds": 0.0,
      "identity_verification_seconds": 0.0,
      "identity_check_seconds": 0.00220131897367537,
      "state_hash_seconds": 0.0766336940578185,
      "clone_seconds": 0.007456168998032808,
      "restore_seconds": 0.0,
      "file_write_seconds": 0.012223666009958833,
      "operation_seconds": 0.7518097399733961,
      "total_phase_seconds": 0.8504156920243986,
      "scope": "file writes include journal intent/add/flush; excludes this timing receipt and checkpoint writes",
      "mode": "stage4_sealed_cell",
      "banner": "sealed Stage 4; scientific admission also requires complete declared populations"
    },
    {
      "phase": "immediate:129",
      "identity_check_kind": "in_memory_structure_and_configuration",
      "recipe_verification_seconds": 0.0,
      "identity_verification_seconds": 0.0,
      "identity_check_seconds": 0.0017787879914976656,
      "state_hash_seconds": 0.09584240597905591,
      "clone_seconds": 0.011200564971659333,
      "restore_seconds": 0.0033080190187320113,
      "file_write_seconds": 0.012237232003826648,
      "operation_seconds": 0.5221178010106087,
      "total_phase_seconds": 0.6465832309913822,
      "scope": "file writes include journal intent/add/flush; excludes this timing receipt and checkpoint writes",
      "mode": "stage4_sealed_cell",
      "banner": "sealed Stage 4; scientific admission also requires complete declared populations"
    },
    {
      "phase": "edit:130",
      "identity_check_kind": "in_memory_structure_and_configuration",
      "recipe_verification_seconds": 0.0,
      "identity_verification_seconds": 0.0,
      "identity_check_seconds": 0.0018383440328761935,
      "state_hash_seconds": 0.07630467298440635,
      "clone_seconds": 0.008823289012070745,
      "restore_seconds": 0.0,
      "file_write_seconds": 0.00144141202326864,
      "operation_seconds": 0.29544894699938595,
      "total_phase_seconds": 0.3839456040295772,
      "scope": "file writes include journal intent/add/flush; excludes this timing receipt and checkpoint writes",
      "mode": "stage4_sealed_cell",
      "banner": "sealed Stage 4; scientific admission also requires complete declared populations"
    },
    {
      "phase": "immediate:130",
      "identity_check_kind": "in_memory_structure_and_configuration",
      "recipe_verification_seconds": 0.0,
      "identity_verification_seconds": 0.0,
      "identity_check_seconds": 0.001791713002603501,
      "state_hash_seconds": 0.09517577599035576,
      "clone_seconds": 0.007775570964440703,
      "restore_seconds": 0.003052129002753645,
      "file_write_seconds": 0.0013260010164231062,
      "operation_seconds": 0.2904447570326738,
      "total_phase_seconds": 0.3996673939982429,
      "scope": "file writes include journal intent/add/flush; excludes this timing receipt and checkpoint writes",
      "mode": "stage4_sealed_cell",
      "banner": "sealed Stage 4; scientific admission also requires complete declared populations"
    },
    {
      "phase": "edit:131",
      "identity_check_kind": "in_memory_structure_and_configuration",
      "recipe_verification_seconds": 0.0,
      "identity_verification_seconds": 0.0,
      "identity_check_seconds": 0.0017908710287883878,
      "state_hash_seconds": 0.07657332706730813,
      "clone_seconds": 0.007676462002564222,
      "restore_seconds": 0.0,
      "file_write_seconds": 0.012306734046433121,
      "operation_seconds": 0.623505424009636,
      "total_phase_seconds": 0.7219430130207911,
      "scope": "file writes include journal intent/add/flush; excludes this timing receipt and checkpoint writes",
      "mode": "stage4_sealed_cell",
      "banner": "sealed Stage 4; scientific admission also requires complete declared populations"
    },
    {
      "phase": "immediate:131",
      "identity_check_kind": "in_memory_structure_and_configuration",
      "recipe_verification_seconds": 0.0,
      "identity_verification_seconds": 0.0,
      "identity_check_seconds": 0.0017971539637073874,
      "state_hash_seconds": 0.09571058303117752,
      "clone_seconds": 0.008204484009183943,
      "restore_seconds": 0.0022594700567424297,
      "file_write_seconds": 0.012268721999134868,
      "operation_seconds": 0.4246352030313574,
      "total_phase_seconds": 0.5449732829583809,
      "scope": "file writes include journal intent/add/flush; excludes this timing receipt and checkpoint writes",
      "mode": "stage4_sealed_cell",
      "banner": "sealed Stage 4; scientific admission also requires complete declared populations"
    },
    {
      "phase": "edit:132",
      "identity_check_kind": "in_memory_structure_and_configuration",
      "recipe_verification_seconds": 0.0,
      "identity_verification_seconds": 0.0,
      "identity_check_seconds": 0.0017793310107663274,
      "state_hash_seconds": 0.07943498302483931,
      "clone_seconds": 0.00828163098776713,
      "restore_seconds": 0.0,
      "file_write_seconds": 0.012215130031108856,
      "operation_seconds": 1.2634328990243375,
      "total_phase_seconds": 1.3652270910097286,
      "scope": "file writes include journal intent/add/flush; excludes this timing receipt and checkpoint writes",
      "mode": "stage4_sealed_cell",
      "banner": "sealed Stage 4; scientific admission also requires complete declared populations"
    },
    {
      "phase": "immediate:132",
      "identity_check_kind": "in_memory_structure_and_configuration",
      "recipe_verification_seconds": 0.0,
      "identity_verification_seconds": 0.0,
      "identity_check_seconds": 0.0017988869803957641,
      "state_hash_seconds": 0.0923341119196266,
      "clone_seconds": 0.008820723975077271,
      "restore_seconds": 0.0022420259774662554,
      "file_write_seconds": 0.0012247370323166251,
      "operation_seconds": 0.5200290289940313,
      "total_phase_seconds": 0.6265410010237247,
      "scope": "file writes include journal intent/add/flush; excludes this timing receipt and checkpoint writes",
      "mode": "stage4_sealed_cell",
      "banner": "sealed Stage 4; scientific admission also requires complete declared populations"
    },
    {
      "phase": "edit:133",
      "identity_check_kind": "in_memory_structure_and_configuration",
      "recipe_verification_seconds": 0.0,
      "identity_verification_seconds": 0.0,
      "identity_check_seconds": 0.0018059410504065454,
      "state_hash_seconds": 0.07780221197754145,
      "clone_seconds": 0.00755233399104327,
      "restore_seconds": 0.0,
      "file_write_seconds": 0.014479268051218241,
      "operation_seconds": 0.4533808520063758,
      "total_phase_seconds": 0.5551071030204184,
      "scope": "file writes include journal intent/add/flush; excludes this timing receipt and checkpoint writes",
      "mode": "stage4_sealed_cell",
      "banner": "sealed Stage 4; scientific admission also requires complete declared populations"
    },
    {
      "phase": "immediate:133",
      "identity_check_kind": "in_memory_structure_and_configuration",
      "recipe_verification_seconds": 0.0,
      "identity_verification_seconds": 0.0,
      "identity_check_seconds": 0.0018238660413771868,
      "state_hash_seconds": 0.09504721203120425,
      "clone_seconds": 0.008300136949401349,
      "restore_seconds": 0.0022602310054935515,
      "file_write_seconds": 0.012162818980868906,
      "operation_seconds": 0.3334317880216986,
      "total_phase_seconds": 0.45312147500226274,
      "scope": "file writes include journal intent/add/flush; excludes this timing receipt and checkpoint writes",
      "mode": "stage4_sealed_cell",
      "banner": "sealed Stage 4; scientific admission also requires complete declared populations"
    },
    {
      "phase": "edit:134",
      "identity_check_kind": "in_memory_structure_and_configuration",
      "recipe_verification_seconds": 0.0,
      "identity_verification_seconds": 0.0,
      "identity_check_seconds": 0.0019318130216561258,
      "state_hash_seconds": 0.07855267991544679,
      "clone_seconds": 0.008150128996931016,
      "restore_seconds": 0.0,
      "file_write_seconds": 0.01219254604075104,
      "operation_seconds": 0.3128623879747465,
      "total_phase_seconds": 0.41378416802035645,
      "scope": "file writes include journal intent/add/flush; excludes this timing receipt and checkpoint writes",
      "mode": "stage4_sealed_cell",
      "banner": "sealed Stage 4; scientific admission also requires complete declared populations"
    },
    {
      "phase": "immediate:134",
      "identity_check_kind": "in_memory_structure_and_configuration",
      "recipe_verification_seconds": 0.0,
      "identity_verification_seconds": 0.0,
      "identity_check_seconds": 0.001779841084498912,
      "state_hash_seconds": 0.09250103204976767,
      "clone_seconds": 0.007739312015473843,
      "restore_seconds": 0.002072422008495778,
      "file_write_seconds": 0.012279301998205483,
      "operation_seconds": 0.2825539949699305,
      "total_phase_seconds": 0.39902293897466734,
      "scope": "file writes include journal intent/add/flush; excludes this timing receipt and checkpoint writes",
      "mode": "stage4_sealed_cell",
      "banner": "sealed Stage 4; scientific admission also requires complete declared populations"
    },
    {
      "phase": "edit:135",
      "identity_check_kind": "in_memory_structure_and_configuration",
      "recipe_verification_seconds": 0.0,
      "identity_verification_seconds": 0.0,
      "identity_check_seconds": 0.0017846000264398754,
      "state_hash_seconds": 0.07833647500956431,
      "clone_seconds": 0.007742217974737287,
      "restore_seconds": 0.0,
      "file_write_seconds": 0.01234583999030292,
      "operation_seconds": 0.4911732880282216,
      "total_phase_seconds": 0.5914767130161636,
      "scope": "file writes include journal intent/add/flush; excludes this timing receipt and checkpoint writes",
      "mode": "stage4_sealed_cell",
      "banner": "sealed Stage 4; scientific admission also requires complete declared populations"
    },
    {
      "phase": "immediate:135",
      "identity_check_kind": "in_memory_structure_and_configuration",
      "recipe_verification_seconds": 0.0,
      "identity_verification_seconds": 0.0,
      "identity_check_seconds": 0.0018299680086784065,
      "state_hash_seconds": 0.09347146208165213,
      "clone_seconds": 0.00821772898780182,
      "restore_seconds": 0.0022629869636148214,
      "file_write_seconds": 0.012302607006859034,
      "operation_seconds": 0.33189874998060986,
      "total_phase_seconds": 0.4501016680151224,
      "scope": "file writes include journal intent/add/flush; excludes this timing receipt and checkpoint writes",
      "mode": "stage4_sealed_cell",
      "banner": "sealed Stage 4; scientific admission also requires complete declared populations"
    },
    {
      "phase": "edit:136",
      "identity_check_kind": "in_memory_structure_and_configuration",
      "recipe_verification_seconds": 0.0,
      "identity_verification_seconds": 0.0,
      "identity_check_seconds": 0.0017656240379437804,
      "state_hash_seconds": 0.07871556305326521,
      "clone_seconds": 0.00761013402370736,
      "restore_seconds": 0.0,
      "file_write_seconds": 0.0013901040074415505,
      "operation_seconds": 0.29377995897084475,
      "total_phase_seconds": 0.38334185699932277,
      "scope": "file writes include journal intent/add/flush; excludes this timing receipt and checkpoint writes",
      "mode": "stage4_sealed_cell",
      "banner": "sealed Stage 4; scientific admission also requires complete declared populations"
    },
    {
      "phase": "immediate:136",
      "identity_check_kind": "in_memory_structure_and_configuration",
      "recipe_verification_seconds": 0.0,
      "identity_verification_seconds": 0.0,
      "identity_check_seconds": 0.0017884269473142922,
      "state_hash_seconds": 0.09227000788087025,
      "clone_seconds": 0.008317719970364124,
      "restore_seconds": 0.002164348028600216,
      "file_write_seconds": 0.0013504280359484255,
      "operation_seconds": 0.2858916010009125,
      "total_phase_seconds": 0.39187372801825404,
      "scope": "file writes include journal intent/add/flush; excludes this timing receipt and checkpoint writes",
      "mode": "stage4_sealed_cell",
      "banner": "sealed Stage 4; scientific admission also requires complete declared populations"
    },
    {
      "phase": "edit:137",
      "identity_check_kind": "in_memory_structure_and_configuration",
      "recipe_verification_seconds": 0.0,
      "identity_verification_seconds": 0.0,
      "identity_check_seconds": 0.001745744957588613,
      "state_hash_seconds": 0.07665492402156815,
      "clone_seconds": 0.007873728987760842,
      "restore_seconds": 0.0,
      "file_write_seconds": 0.001350126985926181,
      "operation_seconds": 0.30169262195704505,
      "total_phase_seconds": 0.38940506702056155,
      "scope": "file writes include journal intent/add/flush; excludes this timing receipt and checkpoint writes",
      "mode": "stage4_sealed_cell",
      "banner": "sealed Stage 4; scientific admission also requires complete declared populations"
    },
    {
      "phase": "immediate:137",
      "identity_check_kind": "in_memory_structure_and_configuration",
      "recipe_verification_seconds": 0.0,
      "identity_verification_seconds": 0.0,
      "identity_check_seconds": 0.0018115820130333304,
      "state_hash_seconds": 0.09732141002314165,
      "clone_seconds": 0.008258166024461389,
      "restore_seconds": 0.0024012719513848424,
      "file_write_seconds": 0.012308367993682623,
      "operation_seconds": 0.2855262910015881,
      "total_phase_seconds": 0.4077233119751327,
      "scope": "file writes include journal intent/add/flush; excludes this timing receipt and checkpoint writes",
      "mode": "stage4_sealed_cell",
      "banner": "sealed Stage 4; scientific admission also requires complete declared populations"
    },
    {
      "phase": "edit:138",
      "identity_check_kind": "in_memory_structure_and_configuration",
      "recipe_verification_seconds": 0.0,
      "identity_verification_seconds": 0.0,
      "identity_check_seconds": 0.0021792970364913344,
      "state_hash_seconds": 0.07791256398195401,
      "clone_seconds": 0.008383616979699582,
      "restore_seconds": 0.0,
      "file_write_seconds": 0.0012958829756826162,
      "operation_seconds": 0.9428609960014,
      "total_phase_seconds": 1.032725264027249,
      "scope": "file writes include journal intent/add/flush; excludes this timing receipt and checkpoint writes",
      "mode": "stage4_sealed_cell",
      "banner": "sealed Stage 4; scientific admission also requires complete declared populations"
    },
    {
      "phase": "immediate:138",
      "identity_check_kind": "in_memory_structure_and_configuration",
      "recipe_verification_seconds": 0.0,
      "identity_verification_seconds": 0.0,
      "identity_check_seconds": 0.00206888496177271,
      "state_hash_seconds": 0.09640313097042963,
      "clone_seconds": 0.008512323023751378,
      "restore_seconds": 0.0027514429530128837,
      "file_write_seconds": 0.01272393495310098,
      "operation_seconds": 0.4647877920069732,
      "total_phase_seconds": 0.5873885480104946,
      "scope": "file writes include journal intent/add/flush; excludes this timing receipt and checkpoint writes",
      "mode": "stage4_sealed_cell",
      "banner": "sealed Stage 4; scientific admission also requires complete declared populations"
    },
    {
      "phase": "edit:139",
      "identity_check_kind": "in_memory_structure_and_configuration",
      "recipe_verification_seconds": 0.0,
      "identity_verification_seconds": 0.0,
      "identity_check_seconds": 0.0017930870526470244,
      "state_hash_seconds": 0.07795803196495399,
      "clone_seconds": 0.00859618402319029,
      "restore_seconds": 0.0,
      "file_write_seconds": 0.012282879033591598,
      "operation_seconds": 0.9549094169633463,
      "total_phase_seconds": 1.0556271349778399,
      "scope": "file writes include journal intent/add/flush; excludes this timing receipt and checkpoint writes",
      "mode": "stage4_sealed_cell",
      "banner": "sealed Stage 4; scientific admission also requires complete declared populations"
    },
    {
      "phase": "immediate:139",
      "identity_check_kind": "in_memory_structure_and_configuration",
      "recipe_verification_seconds": 0.0,
      "identity_verification_seconds": 0.0,
      "identity_check_seconds": 0.0018156500300392509,
      "state_hash_seconds": 0.09430467803031206,
      "clone_seconds": 0.008156010997481644,
      "restore_seconds": 0.0022301130229607224,
      "file_write_seconds": 0.012645223003346473,
      "operation_seconds": 0.5087544110137969,
      "total_phase_seconds": 0.6280332109890878,
      "scope": "file writes include journal intent/add/flush; excludes this timing receipt and checkpoint writes",
      "mode": "stage4_sealed_cell",
      "banner": "sealed Stage 4; scientific admission also requires complete declared populations"
    },
    {
      "phase": "edit:140",
      "identity_check_kind": "in_memory_structure_and_configuration",
      "recipe_verification_seconds": 0.0,
      "identity_verification_seconds": 0.0,
      "identity_check_seconds": 0.0018355979700572789,
      "state_hash_seconds": 0.07767845503985882,
      "clone_seconds": 0.008912630029954016,
      "restore_seconds": 0.0,
      "file_write_seconds": 0.012296654982492328,
      "operation_seconds": 0.29536932398332283,
      "total_phase_seconds": 0.39618023100774735,
      "scope": "file writes include journal intent/add/flush; excludes this timing receipt and checkpoint writes",
      "mode": "stage4_sealed_cell",
      "banner": "sealed Stage 4; scientific admission also requires complete declared populations"
    },
    {
      "phase": "immediate:140",
      "identity_check_kind": "in_memory_structure_and_configuration",
      "recipe_verification_seconds": 0.0,
      "identity_verification_seconds": 0.0,
      "identity_check_seconds": 0.0017547730240039527,
      "state_hash_seconds": 0.09439070307416841,
      "clone_seconds": 0.008549774996936321,
      "restore_seconds": 0.0027058649575337768,
      "file_write_seconds": 0.012321424030233175,
      "operation_seconds": 0.28690995200304314,
      "total_phase_seconds": 0.4067253910470754,
      "scope": "file writes include journal intent/add/flush; excludes this timing receipt and checkpoint writes",
      "mode": "stage4_sealed_cell",
      "banner": "sealed Stage 4; scientific admission also requires complete declared populations"
    },
    {
      "phase": "edit:141",
      "identity_check_kind": "in_memory_structure_and_configuration",
      "recipe_verification_seconds": 0.0,
      "identity_verification_seconds": 0.0,
      "identity_check_seconds": 0.002069775015115738,
      "state_hash_seconds": 0.07533871190389618,
      "clone_seconds": 0.008519085997249931,
      "restore_seconds": 0.0,
      "file_write_seconds": 0.012235549045726657,
      "operation_seconds": 0.6265497489948757,
      "total_phase_seconds": 0.7248010589974001,
      "scope": "file writes include journal intent/add/flush; excludes this timing receipt and checkpoint writes",
      "mode": "stage4_sealed_cell",
      "banner": "sealed Stage 4; scientific admission also requires complete declared populations"
    },
    {
      "phase": "immediate:141",
      "identity_check_kind": "in_memory_structure_and_configuration",
      "recipe_verification_seconds": 0.0,
      "identity_verification_seconds": 0.0,
      "identity_check_seconds": 0.001915311033371836,
      "state_hash_seconds": 0.09438457107171416,
      "clone_seconds": 0.007724333030637354,
      "restore_seconds": 0.002535759995225817,
      "file_write_seconds": 0.01221553998766467,
      "operation_seconds": 0.46803383401129395,
      "total_phase_seconds": 0.5869099109550007,
      "scope": "file writes include journal intent/add/flush; excludes this timing receipt and checkpoint writes",
      "mode": "stage4_sealed_cell",
      "banner": "sealed Stage 4; scientific admission also requires complete declared populations"
    },
    {
      "phase": "edit:142",
      "identity_check_kind": "in_memory_structure_and_configuration",
      "recipe_verification_seconds": 0.0,
      "identity_verification_seconds": 0.0,
      "identity_check_seconds": 0.001986668969038874,
      "state_hash_seconds": 0.07854412402957678,
      "clone_seconds": 0.008408434980083257,
      "restore_seconds": 0.0,
      "file_write_seconds": 0.012151336995884776,
      "operation_seconds": 0.33502474101260304,
      "total_phase_seconds": 0.43620601698057726,
      "scope": "file writes include journal intent/add/flush; excludes this timing receipt and checkpoint writes",
      "mode": "stage4_sealed_cell",
      "banner": "sealed Stage 4; scientific admission also requires complete declared populations"
    },
    {
      "phase": "immediate:142",
      "identity_check_kind": "in_memory_structure_and_configuration",
      "recipe_verification_seconds": 0.0,
      "identity_verification_seconds": 0.0,
      "identity_check_seconds": 0.0018449759809300303,
      "state_hash_seconds": 0.09282974095549434,
      "clone_seconds": 0.007886192994192243,
      "restore_seconds": 0.002154027984943241,
      "file_write_seconds": 0.012317676038946956,
      "operation_seconds": 0.2821809300221503,
      "total_phase_seconds": 0.3993339649750851,
      "scope": "file writes include journal intent/add/flush; excludes this timing receipt and checkpoint writes",
      "mode": "stage4_sealed_cell",
      "banner": "sealed Stage 4; scientific admission also requires complete declared populations"
    },
    {
      "phase": "edit:143",
      "identity_check_kind": "in_memory_structure_and_configuration",
      "recipe_verification_seconds": 0.0,
      "identity_verification_seconds": 0.0,
      "identity_check_seconds": 0.001761696010362357,
      "state_hash_seconds": 0.07820346200605854,
      "clone_seconds": 0.009260246995836496,
      "restore_seconds": 0.0,
      "file_write_seconds": 0.012174050032626837,
      "operation_seconds": 0.30919754499336705,
      "total_phase_seconds": 0.4106803690083325,
      "scope": "file writes include journal intent/add/flush; excludes this timing receipt and checkpoint writes",
      "mode": "stage4_sealed_cell",
      "banner": "sealed Stage 4; scientific admission also requires complete declared populations"
    },
    {
      "phase": "immediate:143",
      "identity_check_kind": "in_memory_structure_and_configuration",
      "recipe_verification_seconds": 0.0,
      "identity_verification_seconds": 0.0,
      "identity_check_seconds": 0.002477317990269512,
      "state_hash_seconds": 0.09740658203372732,
      "clone_seconds": 0.008320204971823841,
      "restore_seconds": 0.0023621059954166412,
      "file_write_seconds": 0.01223176100756973,
      "operation_seconds": 0.28783826099243015,
      "total_phase_seconds": 0.41074210801161826,
      "scope": "file writes include journal intent/add/flush; excludes this timing receipt and checkpoint writes",
      "mode": "stage4_sealed_cell",
      "banner": "sealed Stage 4; scientific admission also requires complete declared populations"
    },
    {
      "phase": "edit:144",
      "identity_check_kind": "in_memory_structure_and_configuration",
      "recipe_verification_seconds": 0.0,
      "identity_verification_seconds": 0.0,
      "identity_check_seconds": 0.0017634290270507336,
      "state_hash_seconds": 0.0763855060795322,
      "clone_seconds": 0.007649620005395263,
      "restore_seconds": 0.0,
      "file_write_seconds": 0.00148695899406448,
      "operation_seconds": 1.8869262000080198,
      "total_phase_seconds": 1.9743042329791933,
      "scope": "file writes include journal intent/add/flush; excludes this timing receipt and checkpoint writes",
      "mode": "stage4_sealed_cell",
      "banner": "sealed Stage 4; scientific admission also requires complete declared populations"
    },
    {
      "phase": "immediate:144",
      "identity_check_kind": "in_memory_structure_and_configuration",
      "recipe_verification_seconds": 0.0,
      "identity_verification_seconds": 0.0,
      "identity_check_seconds": 0.0018277830095030367,
      "state_hash_seconds": 0.09700126695679501,
      "clone_seconds": 0.0088131710072048,
      "restore_seconds": 0.0027915199752897024,
      "file_write_seconds": 0.012327465054113418,
      "operation_seconds": 0.6557796249981038,
      "total_phase_seconds": 0.778636061004363,
      "scope": "file writes include journal intent/add/flush; excludes this timing receipt and checkpoint writes",
      "mode": "stage4_sealed_cell",
      "banner": "sealed Stage 4; scientific admission also requires complete declared populations"
    },
    {
      "phase": "edit:145",
      "identity_check_kind": "in_memory_structure_and_configuration",
      "recipe_verification_seconds": 0.0,
      "identity_verification_seconds": 0.0,
      "identity_check_seconds": 0.0017636409611441195,
      "state_hash_seconds": 0.07665901200380176,
      "clone_seconds": 0.008409155008848757,
      "restore_seconds": 0.0,
      "file_write_seconds": 0.01231260597705841,
      "operation_seconds": 0.3381530960323289,
      "total_phase_seconds": 0.4373785440111533,
      "scope": "file writes include journal intent/add/flush; excludes this timing receipt and checkpoint writes",
      "mode": "stage4_sealed_cell",
      "banner": "sealed Stage 4; scientific admission also requires complete declared populations"
    },
    {
      "phase": "immediate:145",
      "identity_check_kind": "in_memory_structure_and_configuration",
      "recipe_verification_seconds": 0.0,
      "identity_verification_seconds": 0.0,
      "identity_check_seconds": 0.0018171919509768486,
      "state_hash_seconds": 0.09748989093350247,
      "clone_seconds": 0.00870050402591005,
      "restore_seconds": 0.0024975360138341784,
      "file_write_seconds": 0.012257210037205368,
      "operation_seconds": 0.2906347209936939,
      "total_phase_seconds": 0.41348890197696164,
      "scope": "file writes include journal intent/add/flush; excludes this timing receipt and checkpoint writes",
      "mode": "stage4_sealed_cell",
      "banner": "sealed Stage 4; scientific admission also requires complete declared populations"
    },
    {
      "phase": "edit:146",
      "identity_check_kind": "in_memory_structure_and_configuration",
      "recipe_verification_seconds": 0.0,
      "identity_verification_seconds": 0.0,
      "identity_check_seconds": 0.0018080039881169796,
      "state_hash_seconds": 0.07717634300934151,
      "clone_seconds": 0.00858297903323546,
      "restore_seconds": 0.0,
      "file_write_seconds": 0.012247391045093536,
      "operation_seconds": 0.7682825889787637,
      "total_phase_seconds": 0.8681824799859896,
      "scope": "file writes include journal intent/add/flush; excludes this timing receipt and checkpoint writes",
      "mode": "stage4_sealed_cell",
      "banner": "sealed Stage 4; scientific admission also requires complete declared populations"
    },
    {
      "phase": "immediate:146",
      "identity_check_kind": "in_memory_structure_and_configuration",
      "recipe_verification_seconds": 0.0,
      "identity_verification_seconds": 0.0,
      "identity_check_seconds": 0.0017587809707038105,
      "state_hash_seconds": 0.09426349692512304,
      "clone_seconds": 0.00766975904116407,
      "restore_seconds": 0.0024970259983092546,
      "file_write_seconds": 0.012261348019819707,
      "operation_seconds": 0.4167019799933769,
      "total_phase_seconds": 0.5352481449954212,
      "scope": "file writes include journal intent/add/flush; excludes this timing receipt and checkpoint writes",
      "mode": "stage4_sealed_cell",
      "banner": "sealed Stage 4; scientific admission also requires complete declared populations"
    },
    {
      "phase": "edit:147",
      "identity_check_kind": "in_memory_structure_and_configuration",
      "recipe_verification_seconds": 0.0,
      "identity_verification_seconds": 0.0,
      "identity_check_seconds": 0.0019258500542491674,
      "state_hash_seconds": 0.07954800798324868,
      "clone_seconds": 0.008142774982843548,
      "restore_seconds": 0.0,
      "file_write_seconds": 0.01226072694407776,
      "operation_seconds": 0.7711327609722503,
      "total_phase_seconds": 0.8730968580348417,
      "scope": "file writes include journal intent/add/flush; excludes this timing receipt and checkpoint writes",
      "mode": "stage4_sealed_cell",
      "banner": "sealed Stage 4; scientific admission also requires complete declared populations"
    },
    {
      "phase": "immediate:147",
      "identity_check_kind": "in_memory_structure_and_configuration",
      "recipe_verification_seconds": 0.0,
      "identity_verification_seconds": 0.0,
      "identity_check_seconds": 0.0018011020147241652,
      "state_hash_seconds": 0.09747698798310012,
      "clone_seconds": 0.008638133993372321,
      "restore_seconds": 0.003833947004750371,
      "file_write_seconds": 0.012448546011000872,
      "operation_seconds": 0.4332943180343136,
      "total_phase_seconds": 0.5575975559768267,
      "scope": "file writes include journal intent/add/flush; excludes this timing receipt and checkpoint writes",
      "mode": "stage4_sealed_cell",
      "banner": "sealed Stage 4; scientific admission also requires complete declared populations"
    },
    {
      "phase": "edit:148",
      "identity_check_kind": "in_memory_structure_and_configuration",
      "recipe_verification_seconds": 0.0,
      "identity_verification_seconds": 0.0,
      "identity_check_seconds": 0.0021238799672573805,
      "state_hash_seconds": 0.08912373898783699,
      "clone_seconds": 0.008412150957155973,
      "restore_seconds": 0.0,
      "file_write_seconds": 0.01228204695507884,
      "operation_seconds": 0.4640397390467115,
      "total_phase_seconds": 0.5760710599715821,
      "scope": "file writes include journal intent/add/flush; excludes this timing receipt and checkpoint writes",
      "mode": "stage4_sealed_cell",
      "banner": "sealed Stage 4; scientific admission also requires complete declared populations"
    },
    {
      "phase": "immediate:148",
      "identity_check_kind": "in_memory_structure_and_configuration",
      "recipe_verification_seconds": 0.0,
      "identity_verification_seconds": 0.0,
      "identity_check_seconds": 0.0017993189976550639,
      "state_hash_seconds": 0.09455318504478782,
      "clone_seconds": 0.008310817007441074,
      "restore_seconds": 0.002554686041548848,
      "file_write_seconds": 0.00130442000227049,
      "operation_seconds": 0.3299970359657891,
      "total_phase_seconds": 0.4386105570010841,
      "scope": "file writes include journal intent/add/flush; excludes this timing receipt and checkpoint writes",
      "mode": "stage4_sealed_cell",
      "banner": "sealed Stage 4; scientific admission also requires complete declared populations"
    },
    {
      "phase": "edit:149",
      "identity_check_kind": "in_memory_structure_and_configuration",
      "recipe_verification_seconds": 0.0,
      "identity_verification_seconds": 0.0,
      "identity_check_seconds": 0.0017772360588423908,
      "state_hash_seconds": 0.07712205802090466,
      "clone_seconds": 0.008308002026751637,
      "restore_seconds": 0.0,
      "file_write_seconds": 0.012340340006630868,
      "operation_seconds": 0.31750406400533393,
      "total_phase_seconds": 0.4171416320023127,
      "scope": "file writes include journal intent/add/flush; excludes this timing receipt and checkpoint writes",
      "mode": "stage4_sealed_cell",
      "banner": "sealed Stage 4; scientific admission also requires complete declared populations"
    },
    {
      "phase": "immediate:149",
      "identity_check_kind": "in_memory_structure_and_configuration",
      "recipe_verification_seconds": 0.0,
      "identity_verification_seconds": 0.0,
      "identity_check_seconds": 0.0018371620099060237,
      "state_hash_seconds": 0.09631533094216138,
      "clone_seconds": 0.00818876299308613,
      "restore_seconds": 0.0023300760076381266,
      "file_write_seconds": 0.0012908040080219507,
      "operation_seconds": 0.2848182839807123,
      "total_phase_seconds": 0.39487170398933813,
      "scope": "file writes include journal intent/add/flush; excludes this timing receipt and checkpoint writes",
      "mode": "stage4_sealed_cell",
      "banner": "sealed Stage 4; scientific admission also requires complete declared populations"
    },
    {
      "phase": "edit:150",
      "identity_check_kind": "in_memory_structure_and_configuration",
      "recipe_verification_seconds": 0.0,
      "identity_verification_seconds": 0.0,
      "identity_check_seconds": 0.0018336239736527205,
      "state_hash_seconds": 0.07839837501524016,
      "clone_seconds": 0.008528514008503407,
      "restore_seconds": 0.0,
      "file_write_seconds": 0.012147871020715684,
      "operation_seconds": 0.338115374033805,
      "total_phase_seconds": 0.43911002296954393,
      "scope": "file writes include journal intent/add/flush; excludes this timing receipt and checkpoint writes",
      "mode": "stage4_sealed_cell",
      "banner": "sealed Stage 4; scientific admission also requires complete declared populations"
    },
    {
      "phase": "immediate:150",
      "identity_check_kind": "in_memory_structure_and_configuration",
      "recipe_verification_seconds": 0.0,
      "identity_verification_seconds": 0.0,
      "identity_check_seconds": 0.0018100390443578362,
      "state_hash_seconds": 0.0959665130940266,
      "clone_seconds": 0.008472467015963048,
      "restore_seconds": 0.003254958020988852,
      "file_write_seconds": 0.0012397760292515159,
      "operation_seconds": 0.3258382949861698,
      "total_phase_seconds": 0.43667757202638313,
      "scope": "file writes include journal intent/add/flush; excludes this timing receipt and checkpoint writes",
      "mode": "stage4_sealed_cell",
      "banner": "sealed Stage 4; scientific admission also requires complete declared populations"
    },
    {
      "phase": "edit:151",
      "identity_check_kind": "in_memory_structure_and_configuration",
      "recipe_verification_seconds": 0.0,
      "identity_verification_seconds": 0.0,
      "identity_check_seconds": 0.0017590910429134965,
      "state_hash_seconds": 0.07516880508046597,
      "clone_seconds": 0.007550228969193995,
      "restore_seconds": 0.0,
      "file_write_seconds": 0.010359614039771259,
      "operation_seconds": 0.45953885396011174,
      "total_phase_seconds": 0.5544566969620064,
      "scope": "file writes include journal intent/add/flush; excludes this timing receipt and checkpoint writes",
      "mode": "stage4_sealed_cell",
      "banner": "sealed Stage 4; scientific admission also requires complete declared populations"
    },
    {
      "phase": "immediate:151",
      "identity_check_kind": "in_memory_structure_and_configuration",
      "recipe_verification_seconds": 0.0,
      "identity_verification_seconds": 0.0,
      "identity_check_seconds": 0.0017603139858692884,
      "state_hash_seconds": 0.09594798798207194,
      "clone_seconds": 0.009813737007789314,
      "restore_seconds": 0.0025180960074067116,
      "file_write_seconds": 0.012277629051823169,
      "operation_seconds": 0.4188755250070244,
      "total_phase_seconds": 0.5412805249798112,
      "scope": "file writes include journal intent/add/flush; excludes this timing receipt and checkpoint writes",
      "mode": "stage4_sealed_cell",
      "banner": "sealed Stage 4; scientific admission also requires complete declared populations"
    },
    {
      "phase": "edit:152",
      "identity_check_kind": "in_memory_structure_and_configuration",
      "recipe_verification_seconds": 0.0,
      "identity_verification_seconds": 0.0,
      "identity_check_seconds": 0.002424206002615392,
      "state_hash_seconds": 0.07770454598357901,
      "clone_seconds": 0.008576746040489525,
      "restore_seconds": 0.0,
      "file_write_seconds": 0.012181585014332086,
      "operation_seconds": 0.4652073970064521,
      "total_phase_seconds": 0.5661878479877487,
      "scope": "file writes include journal intent/add/flush; excludes this timing receipt and checkpoint writes",
      "mode": "stage4_sealed_cell",
      "banner": "sealed Stage 4; scientific admission also requires complete declared populations"
    },
    {
      "phase": "immediate:152",
      "identity_check_kind": "in_memory_structure_and_configuration",
      "recipe_verification_seconds": 0.0,
      "identity_verification_seconds": 0.0,
      "identity_check_seconds": 0.0018249379936605692,
      "state_hash_seconds": 0.09488641092320904,
      "clone_seconds": 0.007790260016918182,
      "restore_seconds": 0.002794535947032273,
      "file_write_seconds": 0.012270224979147315,
      "operation_seconds": 0.33130646601784974,
      "total_phase_seconds": 0.45096519199432805,
      "scope": "file writes include journal intent/add/flush; excludes this timing receipt and checkpoint writes",
      "mode": "stage4_sealed_cell",
      "banner": "sealed Stage 4; scientific admission also requires complete declared populations"
    },
    {
      "phase": "edit:153",
      "identity_check_kind": "in_memory_structure_and_configuration",
      "recipe_verification_seconds": 0.0,
      "identity_verification_seconds": 0.0,
      "identity_check_seconds": 0.00237802806077525,
      "state_hash_seconds": 0.08315173402661458,
      "clone_seconds": 0.008308963966555893,
      "restore_seconds": 0.0,
      "file_write_seconds": 0.012245137011632323,
      "operation_seconds": 0.34209029196063057,
      "total_phase_seconds": 0.44826620997628197,
      "scope": "file writes include journal intent/add/flush; excludes this timing receipt and checkpoint writes",
      "mode": "stage4_sealed_cell",
      "banner": "sealed Stage 4; scientific admission also requires complete declared populations"
    },
    {
      "phase": "immediate:153",
      "identity_check_kind": "in_memory_structure_and_configuration",
      "recipe_verification_seconds": 0.0,
      "identity_verification_seconds": 0.0,
      "identity_check_seconds": 0.0018649940029717982,
      "state_hash_seconds": 0.09672553703421727,
      "clone_seconds": 0.00838551000924781,
      "restore_seconds": 0.0025141279911622405,
      "file_write_seconds": 0.012347131967544556,
      "operation_seconds": 0.2835101169766858,
      "total_phase_seconds": 0.4054487529792823,
      "scope": "file writes include journal intent/add/flush; excludes this timing receipt and checkpoint writes",
      "mode": "stage4_sealed_cell",
      "banner": "sealed Stage 4; scientific admission also requires complete declared populations"
    },
    {
      "phase": "edit:154",
      "identity_check_kind": "in_memory_structure_and_configuration",
      "recipe_verification_seconds": 0.0,
      "identity_verification_seconds": 0.0,
      "identity_check_seconds": 0.0018180140177719295,
      "state_hash_seconds": 0.07811218698043376,
      "clone_seconds": 0.008841032977215946,
      "restore_seconds": 0.0,
      "file_write_seconds": 0.012262540985830128,
      "operation_seconds": 0.32385586702730507,
      "total_phase_seconds": 0.42497336195083335,
      "scope": "file writes include journal intent/add/flush; excludes this timing receipt and checkpoint writes",
      "mode": "stage4_sealed_cell",
      "banner": "sealed Stage 4; scientific admission also requires complete declared populations"
    },
    {
      "phase": "immediate:154",
      "identity_check_kind": "in_memory_structure_and_configuration",
      "recipe_verification_seconds": 0.0,
      "identity_verification_seconds": 0.0,
      "identity_check_seconds": 0.0017726580263115466,
      "state_hash_seconds": 0.09522010304499418,
      "clone_seconds": 0.008749938977416605,
      "restore_seconds": 0.002301570028066635,
      "file_write_seconds": 0.012253573979251087,
      "operation_seconds": 0.29288464202545583,
      "total_phase_seconds": 0.4132904320140369,
      "scope": "file writes include journal intent/add/flush; excludes this timing receipt and checkpoint writes",
      "mode": "stage4_sealed_cell",
      "banner": "sealed Stage 4; scientific admission also requires complete declared populations"
    },
    {
      "phase": "edit:155",
      "identity_check_kind": "in_memory_structure_and_configuration",
      "recipe_verification_seconds": 0.0,
      "identity_verification_seconds": 0.0,
      "identity_check_seconds": 0.0017413179739378393,
      "state_hash_seconds": 0.07781084795715287,
      "clone_seconds": 0.008080165018327534,
      "restore_seconds": 0.0,
      "file_write_seconds": 0.012654752004891634,
      "operation_seconds": 0.6393464319990017,
      "total_phase_seconds": 0.7397163030109368,
      "scope": "file writes include journal intent/add/flush; excludes this timing receipt and checkpoint writes",
      "mode": "stage4_sealed_cell",
      "banner": "sealed Stage 4; scientific admission also requires complete declared populations"
    },
    {
      "phase": "immediate:155",
      "identity_check_kind": "in_memory_structure_and_configuration",
      "recipe_verification_seconds": 0.0,
      "identity_verification_seconds": 0.0,
      "identity_check_seconds": 0.0017396140028722584,
      "state_hash_seconds": 0.09388635598588735,
      "clone_seconds": 0.00997122999979183,
      "restore_seconds": 0.002232810016721487,
      "file_write_seconds": 0.012333607010077685,
      "operation_seconds": 0.4584574209875427,
      "total_phase_seconds": 0.5787128019728698,
      "scope": "file writes include journal intent/add/flush; excludes this timing receipt and checkpoint writes",
      "mode": "stage4_sealed_cell",
      "banner": "sealed Stage 4; scientific admission also requires complete declared populations"
    },
    {
      "phase": "edit:156",
      "identity_check_kind": "in_memory_structure_and_configuration",
      "recipe_verification_seconds": 0.0,
      "identity_verification_seconds": 0.0,
      "identity_check_seconds": 0.0017802719958126545,
      "state_hash_seconds": 0.07892284996341914,
      "clone_seconds": 0.011004349042195827,
      "restore_seconds": 0.0,
      "file_write_seconds": 0.012276155990548432,
      "operation_seconds": 0.6722348210169002,
      "total_phase_seconds": 0.7763069260399789,
      "scope": "file writes include journal intent/add/flush; excludes this timing receipt and checkpoint writes",
      "mode": "stage4_sealed_cell",
      "banner": "sealed Stage 4; scientific admission also requires complete declared populations"
    },
    {
      "phase": "immediate:156",
      "identity_check_kind": "in_memory_structure_and_configuration",
      "recipe_verification_seconds": 0.0,
      "identity_verification_seconds": 0.0,
      "identity_check_seconds": 0.0019088290282525122,
      "state_hash_seconds": 0.09561850596219301,
      "clone_seconds": 0.008704892999958247,
      "restore_seconds": 0.0026289980160072446,
      "file_write_seconds": 0.012267900980077684,
      "operation_seconds": 0.3777006869786419,
      "total_phase_seconds": 0.4989306560019031,
      "scope": "file writes include journal intent/add/flush; excludes this timing receipt and checkpoint writes",
      "mode": "stage4_sealed_cell",
      "banner": "sealed Stage 4; scientific admission also requires complete declared populations"
    },
    {
      "phase": "edit:157",
      "identity_check_kind": "in_memory_structure_and_configuration",
      "recipe_verification_seconds": 0.0,
      "identity_verification_seconds": 0.0,
      "identity_check_seconds": 0.001761776045896113,
      "state_hash_seconds": 0.17080384294968098,
      "clone_seconds": 0.008981611987110227,
      "restore_seconds": 0.0,
      "file_write_seconds": 0.012217142968438566,
      "operation_seconds": 0.3184898530016653,
      "total_phase_seconds": 0.5123429989907891,
      "scope": "file writes include journal intent/add/flush; excludes this timing receipt and checkpoint writes",
      "mode": "stage4_sealed_cell",
      "banner": "sealed Stage 4; scientific admission also requires complete declared populations"
    },
    {
      "phase": "immediate:157",
      "identity_check_kind": "in_memory_structure_and_configuration",
      "recipe_verification_seconds": 0.0,
      "identity_verification_seconds": 0.0,
      "identity_check_seconds": 0.0018291960004717112,
      "state_hash_seconds": 0.09493785095401108,
      "clone_seconds": 0.008508314960636199,
      "restore_seconds": 0.002419858006760478,
      "file_write_seconds": 0.012266708014067262,
      "operation_seconds": 0.2860445440164767,
      "total_phase_seconds": 0.40609993098769337,
      "scope": "file writes include journal intent/add/flush; excludes this timing receipt and checkpoint writes",
      "mode": "stage4_sealed_cell",
      "banner": "sealed Stage 4; scientific admission also requires complete declared populations"
    },
    {
      "phase": "edit:158",
      "identity_check_kind": "in_memory_structure_and_configuration",
      "recipe_verification_seconds": 0.0,
      "identity_verification_seconds": 0.0,
      "identity_check_seconds": 0.0018521389574743807,
      "state_hash_seconds": 0.07794142898637801,
      "clone_seconds": 0.00788059300975874,
      "restore_seconds": 0.0,
      "file_write_seconds": 0.012240688025485724,
      "operation_seconds": 0.31117216899292544,
      "total_phase_seconds": 0.4111725529655814,
      "scope": "file writes include journal intent/add/flush; excludes this timing receipt and checkpoint writes",
      "mode": "stage4_sealed_cell",
      "banner": "sealed Stage 4; scientific admission also requires complete declared populations"
    },
    {
      "phase": "immediate:158",
      "identity_check_kind": "in_memory_structure_and_configuration",
      "recipe_verification_seconds": 0.0,
      "identity_verification_seconds": 0.0,
      "identity_check_seconds": 0.0018553450354374945,
      "state_hash_seconds": 0.09354431211249903,
      "clone_seconds": 0.007507928996346891,
      "restore_seconds": 0.002301772008650005,
      "file_write_seconds": 0.012361439992673695,
      "operation_seconds": 0.28441581199876964,
      "total_phase_seconds": 0.40208538802107796,
      "scope": "file writes include journal intent/add/flush; excludes this timing receipt and checkpoint writes",
      "mode": "stage4_sealed_cell",
      "banner": "sealed Stage 4; scientific admission also requires complete declared populations"
    },
    {
      "phase": "edit:159",
      "identity_check_kind": "in_memory_structure_and_configuration",
      "recipe_verification_seconds": 0.0,
      "identity_verification_seconds": 0.0,
      "identity_check_seconds": 0.001810990972444415,
      "state_hash_seconds": 0.07790834602201357,
      "clone_seconds": 0.00784606602974236,
      "restore_seconds": 0.0,
      "file_write_seconds": 0.012211121036671102,
      "operation_seconds": 0.8412080450216308,
      "total_phase_seconds": 0.9410712160170078,
      "scope": "file writes include journal intent/add/flush; excludes this timing receipt and checkpoint writes",
      "mode": "stage4_sealed_cell",
      "banner": "sealed Stage 4; scientific admission also requires complete declared populations"
    },
    {
      "phase": "immediate:159",
      "identity_check_kind": "in_memory_structure_and_configuration",
      "recipe_verification_seconds": 0.0,
      "identity_verification_seconds": 0.0,
      "identity_check_seconds": 0.0017649330548010767,
      "state_hash_seconds": 0.094059758936055,
      "clone_seconds": 0.008490120992064476,
      "restore_seconds": 0.0023928949958644807,
      "file_write_seconds": 0.012121380015742034,
      "operation_seconds": 0.3746590770315379,
      "total_phase_seconds": 0.49358390900306404,
      "scope": "file writes include journal intent/add/flush; excludes this timing receipt and checkpoint writes",
      "mode": "stage4_sealed_cell",
      "banner": "sealed Stage 4; scientific admission also requires complete declared populations"
    },
    {
      "phase": "edit:160",
      "identity_check_kind": "in_memory_structure_and_configuration",
      "recipe_verification_seconds": 0.0,
      "identity_verification_seconds": 0.0,
      "identity_check_seconds": 0.0018906340119428933,
      "state_hash_seconds": 0.07676456304034218,
      "clone_seconds": 0.008698660996742547,
      "restore_seconds": 0.0,
      "file_write_seconds": 0.0013285960303619504,
      "operation_seconds": 0.4790881680091843,
      "total_phase_seconds": 0.5678582999971695,
      "scope": "file writes include journal intent/add/flush; excludes this timing receipt and checkpoint writes",
      "mode": "stage4_sealed_cell",
      "banner": "sealed Stage 4; scientific admission also requires complete declared populations"
    },
    {
      "phase": "immediate:160",
      "identity_check_kind": "in_memory_structure_and_configuration",
      "recipe_verification_seconds": 0.0,
      "identity_verification_seconds": 0.0,
      "identity_check_seconds": 0.0018677390180528164,
      "state_hash_seconds": 0.09319568309001625,
      "clone_seconds": 0.007541653991211206,
      "restore_seconds": 0.0023199559655040503,
      "file_write_seconds": 0.012279963993933052,
      "operation_seconds": 0.33023078402038664,
      "total_phase_seconds": 0.4475381349911913,
      "scope": "file writes include journal intent/add/flush; excludes this timing receipt and checkpoint writes",
      "mode": "stage4_sealed_cell",
      "banner": "sealed Stage 4; scientific admission also requires complete declared populations"
    },
    {
      "phase": "edit:161",
      "identity_check_kind": "in_memory_structure_and_configuration",
      "recipe_verification_seconds": 0.0,
      "identity_verification_seconds": 0.0,
      "identity_check_seconds": 0.0017437230562791228,
      "state_hash_seconds": 0.07591339299688116,
      "clone_seconds": 0.00955201598117128,
      "restore_seconds": 0.0,
      "file_write_seconds": 0.001214187010191381,
      "operation_seconds": 0.8089733899687417,
      "total_phase_seconds": 0.8974808789789677,
      "scope": "file writes include journal intent/add/flush; excludes this timing receipt and checkpoint writes",
      "mode": "stage4_sealed_cell",
      "banner": "sealed Stage 4; scientific admission also requires complete declared populations"
    },
    {
      "phase": "immediate:161",
      "identity_check_kind": "in_memory_structure_and_configuration",
      "recipe_verification_seconds": 0.0,
      "identity_verification_seconds": 0.0,
      "identity_check_seconds": 0.0017548130126670003,
      "state_hash_seconds": 0.0974776889779605,
      "clone_seconds": 0.00914431398268789,
      "restore_seconds": 0.0024097979767248034,
      "file_write_seconds": 0.012403440021444112,
      "operation_seconds": 0.3728970710071735,
      "total_phase_seconds": 0.496185043011792,
      "scope": "file writes include journal intent/add/flush; excludes this timing receipt and checkpoint writes",
      "mode": "stage4_sealed_cell",
      "banner": "sealed Stage 4; scientific admission also requires complete declared populations"
    },
    {
      "phase": "edit:162",
      "identity_check_kind": "in_memory_structure_and_configuration",
      "recipe_verification_seconds": 0.0,
      "identity_verification_seconds": 0.0,
      "identity_check_seconds": 0.0018259890493936837,
      "state_hash_seconds": 0.0754226220306009,
      "clone_seconds": 0.007628169027157128,
      "restore_seconds": 0.0,
      "file_write_seconds": 0.012157980003394186,
      "operation_seconds": 0.3087215729756281,
      "total_phase_seconds": 0.4058432290330529,
      "scope": "file writes include journal intent/add/flush; excludes this timing receipt and checkpoint writes",
      "mode": "stage4_sealed_cell",
      "banner": "sealed Stage 4; scientific admission also requires complete declared populations"
    },
    {
      "phase": "immediate:162",
      "identity_check_kind": "in_memory_structure_and_configuration",
      "recipe_verification_seconds": 0.0,
      "identity_verification_seconds": 0.0,
      "identity_check_seconds": 0.0018920449656434357,
      "state_hash_seconds": 0.09415108495159075,
      "clone_seconds": 0.008490620995871723,
      "restore_seconds": 0.002716886985581368,
      "file_write_seconds": 0.012413288990501314,
      "operation_seconds": 0.2835587200243026,
      "total_phase_seconds": 0.40332067501731217,
      "scope": "file writes include journal intent/add/flush; excludes this timing receipt and checkpoint writes",
      "mode": "stage4_sealed_cell",
      "banner": "sealed Stage 4; scientific admission also requires complete declared populations"
    },
    {
      "phase": "edit:163",
      "identity_check_kind": "in_memory_structure_and_configuration",
      "recipe_verification_seconds": 0.0,
      "identity_verification_seconds": 0.0,
      "identity_check_seconds": 0.0017931859474629164,
      "state_hash_seconds": 0.07487766799749807,
      "clone_seconds": 0.007760854030493647,
      "restore_seconds": 0.0,
      "file_write_seconds": 0.012408590002451092,
      "operation_seconds": 0.760312364960555,
      "total_phase_seconds": 0.8572404909646139,
      "scope": "file writes include journal intent/add/flush; excludes this timing receipt and checkpoint writes",
      "mode": "stage4_sealed_cell",
      "banner": "sealed Stage 4; scientific admission also requires complete declared populations"
    },
    {
      "phase": "immediate:163",
      "identity_check_kind": "in_memory_structure_and_configuration",
      "recipe_verification_seconds": 0.0,
      "identity_verification_seconds": 0.0,
      "identity_check_seconds": 0.002689443004783243,
      "state_hash_seconds": 0.09513393795350567,
      "clone_seconds": 0.008117616001982242,
      "restore_seconds": 0.0024530410300940275,
      "file_write_seconds": 0.012176987016573548,
      "operation_seconds": 0.41660336102358997,
      "total_phase_seconds": 0.537289938016329,
      "scope": "file writes include journal intent/add/flush; excludes this timing receipt and checkpoint writes",
      "mode": "stage4_sealed_cell",
      "banner": "sealed Stage 4; scientific admission also requires complete declared populations"
    },
    {
      "phase": "edit:164",
      "identity_check_kind": "in_memory_structure_and_configuration",
      "recipe_verification_seconds": 0.0,
      "identity_verification_seconds": 0.0,
      "identity_check_seconds": 0.0017987670144066215,
      "state_hash_seconds": 0.07797718903748319,
      "clone_seconds": 0.010930276999715716,
      "restore_seconds": 0.0,
      "file_write_seconds": 0.01226785103790462,
      "operation_seconds": 0.29734886798541993,
      "total_phase_seconds": 0.40040960698388517,
      "scope": "file writes include journal intent/add/flush; excludes this timing receipt and checkpoint writes",
      "mode": "stage4_sealed_cell",
      "banner": "sealed Stage 4; scientific admission also requires complete declared populations"
    },
    {
      "phase": "immediate:164",
      "identity_check_kind": "in_memory_structure_and_configuration",
      "recipe_verification_seconds": 0.0,
      "identity_verification_seconds": 0.0,
      "identity_check_seconds": 0.0017744599608704448,
      "state_hash_seconds": 0.09649105917196721,
      "clone_seconds": 0.009422608010936528,
      "restore_seconds": 0.0027982720057480037,
      "file_write_seconds": 0.012265866971574724,
      "operation_seconds": 0.28282176796346903,
      "total_phase_seconds": 0.4056709900032729,
      "scope": "file writes include journal intent/add/flush; excludes this timing receipt and checkpoint writes",
      "mode": "stage4_sealed_cell",
      "banner": "sealed Stage 4; scientific admission also requires complete declared populations"
    },
    {
      "phase": "edit:165",
      "identity_check_kind": "in_memory_structure_and_configuration",
      "recipe_verification_seconds": 0.0,
      "identity_verification_seconds": 0.0,
      "identity_check_seconds": 0.0018268109997734427,
      "state_hash_seconds": 0.07701422291575,
      "clone_seconds": 0.008318892971146852,
      "restore_seconds": 0.0,
      "file_write_seconds": 0.012187465967144817,
      "operation_seconds": 0.4483854990103282,
      "total_phase_seconds": 0.5478177540353499,
      "scope": "file writes include journal intent/add/flush; excludes this timing receipt and checkpoint writes",
      "mode": "stage4_sealed_cell",
      "banner": "sealed Stage 4; scientific admission also requires complete declared populations"
    },
    {
      "phase": "immediate:165",
      "identity_check_kind": "in_memory_structure_and_configuration",
      "recipe_verification_seconds": 0.0,
      "identity_verification_seconds": 0.0,
      "identity_check_seconds": 0.0018431029748171568,
      "state_hash_seconds": 0.09543788095470518,
      "clone_seconds": 0.00816878501791507,
      "restore_seconds": 0.002558823034632951,
      "file_write_seconds": 0.012359447020571679,
      "operation_seconds": 0.3298856719629839,
      "total_phase_seconds": 0.4503546530031599,
      "scope": "file writes include journal intent/add/flush; excludes this timing receipt and checkpoint writes",
      "mode": "stage4_sealed_cell",
      "banner": "sealed Stage 4; scientific admission also requires complete declared populations"
    },
    {
      "phase": "edit:166",
      "identity_check_kind": "in_memory_structure_and_configuration",
      "recipe_verification_seconds": 0.0,
      "identity_verification_seconds": 0.0,
      "identity_check_seconds": 0.0017792999860830605,
      "state_hash_seconds": 0.08057044801535085,
      "clone_seconds": 0.008238878974225372,
      "restore_seconds": 0.0,
      "file_write_seconds": 0.012251187989022583,
      "operation_seconds": 0.4480453170253895,
      "total_phase_seconds": 0.5509796030237339,
      "scope": "file writes include journal intent/add/flush; excludes this timing receipt and checkpoint writes",
      "mode": "stage4_sealed_cell",
      "banner": "sealed Stage 4; scientific admission also requires complete declared populations"
    },
    {
      "phase": "immediate:166",
      "identity_check_kind": "in_memory_structure_and_configuration",
      "recipe_verification_seconds": 0.0,
      "identity_verification_seconds": 0.0,
      "identity_check_seconds": 0.001812523987609893,
      "state_hash_seconds": 0.09435331192798913,
      "clone_seconds": 0.008237467030994594,
      "restore_seconds": 0.002324114029761404,
      "file_write_seconds": 0.012345378985628486,
      "operation_seconds": 0.3344209850183688,
      "total_phase_seconds": 0.4535878280294128,
      "scope": "file writes include journal intent/add/flush; excludes this timing receipt and checkpoint writes",
      "mode": "stage4_sealed_cell",
      "banner": "sealed Stage 4; scientific admission also requires complete declared populations"
    },
    {
      "phase": "edit:167",
      "identity_check_kind": "in_memory_structure_and_configuration",
      "recipe_verification_seconds": 0.0,
      "identity_verification_seconds": 0.0,
      "identity_check_seconds": 0.0018469589995220304,
      "state_hash_seconds": 0.1733146549668163,
      "clone_seconds": 0.008529876009561121,
      "restore_seconds": 0.0,
      "file_write_seconds": 0.012304710980970412,
      "operation_seconds": 0.739071217016317,
      "total_phase_seconds": 0.9351666010334156,
      "scope": "file writes include journal intent/add/flush; excludes this timing receipt and checkpoint writes",
      "mode": "stage4_sealed_cell",
      "banner": "sealed Stage 4; scientific admission also requires complete declared populations"
    },
    {
      "phase": "immediate:167",
      "identity_check_kind": "in_memory_structure_and_configuration",
      "recipe_verification_seconds": 0.0,
      "identity_verification_seconds": 0.0,
      "identity_check_seconds": 0.0018449450144544244,
      "state_hash_seconds": 0.09285944898147136,
      "clone_seconds": 0.00812018197029829,
      "restore_seconds": 0.0022342519951052964,
      "file_write_seconds": 0.01219069299986586,
      "operation_seconds": 0.42484211997361854,
      "total_phase_seconds": 0.542186792998109,
      "scope": "file writes include journal intent/add/flush; excludes this timing receipt and checkpoint writes",
      "mode": "stage4_sealed_cell",
      "banner": "sealed Stage 4; scientific admission also requires complete declared populations"
    },
    {
      "phase": "edit:168",
      "identity_check_kind": "in_memory_structure_and_configuration",
      "recipe_verification_seconds": 0.0,
      "identity_verification_seconds": 0.0,
      "identity_check_seconds": 0.0017624970059841871,
      "state_hash_seconds": 0.07827243208885193,
      "clone_seconds": 0.007887224957812577,
      "restore_seconds": 0.0,
      "file_write_seconds": 0.012266036996152252,
      "operation_seconds": 0.3056652459781617,
      "total_phase_seconds": 0.4059390430338681,
      "scope": "file writes include journal intent/add/flush; excludes this timing receipt and checkpoint writes",
      "mode": "stage4_sealed_cell",
      "banner": "sealed Stage 4; scientific admission also requires complete declared populations"
    },
    {
      "phase": "immediate:168",
      "identity_check_kind": "in_memory_structure_and_configuration",
      "recipe_verification_seconds": 0.0,
      "identity_verification_seconds": 0.0,
      "identity_check_seconds": 0.0018792810733430088,
      "state_hash_seconds": 0.09573340596398339,
      "clone_seconds": 0.009769292024429888,
      "restore_seconds": 0.002418956020846963,
      "file_write_seconds": 0.012166155967861414,
      "operation_seconds": 0.28485285001806915,
      "total_phase_seconds": 0.4069246120052412,
      "scope": "file writes include journal intent/add/flush; excludes this timing receipt and checkpoint writes",
      "mode": "stage4_sealed_cell",
      "banner": "sealed Stage 4; scientific admission also requires complete declared populations"
    },
    {
      "phase": "edit:169",
      "identity_check_kind": "in_memory_structure_and_configuration",
      "recipe_verification_seconds": 0.0,
      "identity_verification_seconds": 0.0,
      "identity_check_seconds": 0.0017534910584799945,
      "state_hash_seconds": 0.07873325701802969,
      "clone_seconds": 0.010934353980701417,
      "restore_seconds": 0.0,
      "file_write_seconds": 0.012173940020147711,
      "operation_seconds": 0.9155455590225756,
      "total_phase_seconds": 1.0192295009619556,
      "scope": "file writes include journal intent/add/flush; excludes this timing receipt and checkpoint writes",
      "mode": "stage4_sealed_cell",
      "banner": "sealed Stage 4; scientific admission also requires complete declared populations"
    },
    {
      "phase": "immediate:169",
      "identity_check_kind": "in_memory_structure_and_configuration",
      "recipe_verification_seconds": 0.0,
      "identity_verification_seconds": 0.0,
      "identity_check_seconds": 0.0018211300484836102,
      "state_hash_seconds": 0.0938925290829502,
      "clone_seconds": 0.008277854009065777,
      "restore_seconds": 0.0025170640437863767,
      "file_write_seconds": 0.012229165993630886,
      "operation_seconds": 0.4226591060287319,
      "total_phase_seconds": 0.5414934339933097,
      "scope": "file writes include journal intent/add/flush; excludes this timing receipt and checkpoint writes",
      "mode": "stage4_sealed_cell",
      "banner": "sealed Stage 4; scientific admission also requires complete declared populations"
    },
    {
      "phase": "edit:170",
      "identity_check_kind": "in_memory_structure_and_configuration",
      "recipe_verification_seconds": 0.0,
      "identity_verification_seconds": 0.0,
      "identity_check_seconds": 0.0018830689950846136,
      "state_hash_seconds": 0.07704494998324662,
      "clone_seconds": 0.008807339007034898,
      "restore_seconds": 0.0,
      "file_write_seconds": 0.012307516008149832,
      "operation_seconds": 0.6045622610254213,
      "total_phase_seconds": 0.7046977329882793,
      "scope": "file writes include journal intent/add/flush; excludes this timing receipt and checkpoint writes",
      "mode": "stage4_sealed_cell",
      "banner": "sealed Stage 4; scientific admission also requires complete declared populations"
    },
    {
      "phase": "immediate:170",
      "identity_check_kind": "in_memory_structure_and_configuration",
      "recipe_verification_seconds": 0.0,
      "identity_verification_seconds": 0.0,
      "identity_check_seconds": 0.00177021196577698,
      "state_hash_seconds": 0.09323862404562533,
      "clone_seconds": 0.010866293974686414,
      "restore_seconds": 0.0024423800059594214,
      "file_write_seconds": 0.012120418017730117,
      "operation_seconds": 0.330342578003183,
      "total_phase_seconds": 0.45088232395937666,
      "scope": "file writes include journal intent/add/flush; excludes this timing receipt and checkpoint writes",
      "mode": "stage4_sealed_cell",
      "banner": "sealed Stage 4; scientific admission also requires complete declared populations"
    },
    {
      "phase": "edit:171",
      "identity_check_kind": "in_memory_structure_and_configuration",
      "recipe_verification_seconds": 0.0,
      "identity_verification_seconds": 0.0,
      "identity_check_seconds": 0.0017788790282793343,
      "state_hash_seconds": 0.07667045394191518,
      "clone_seconds": 0.008083370979875326,
      "restore_seconds": 0.0,
      "file_write_seconds": 0.012117571954149753,
      "operation_seconds": 0.4595579500310123,
      "total_phase_seconds": 0.5583052919828333,
      "scope": "file writes include journal intent/add/flush; excludes this timing receipt and checkpoint writes",
      "mode": "stage4_sealed_cell",
      "banner": "sealed Stage 4; scientific admission also requires complete declared populations"
    },
    {
      "phase": "immediate:171",
      "identity_check_kind": "in_memory_structure_and_configuration",
      "recipe_verification_seconds": 0.0,
      "identity_verification_seconds": 0.0,
      "identity_check_seconds": 0.0017727369558997452,
      "state_hash_seconds": 0.09194288298022002,
      "clone_seconds": 0.0075384670053608716,
      "restore_seconds": 0.0022035340080037713,
      "file_write_seconds": 0.01219684403622523,
      "operation_seconds": 0.3331110239960253,
      "total_phase_seconds": 0.44886025896994397,
      "scope": "file writes include journal intent/add/flush; excludes this timing receipt and checkpoint writes",
      "mode": "stage4_sealed_cell",
      "banner": "sealed Stage 4; scientific admission also requires complete declared populations"
    },
    {
      "phase": "edit:172",
      "identity_check_kind": "in_memory_structure_and_configuration",
      "recipe_verification_seconds": 0.0,
      "identity_verification_seconds": 0.0,
      "identity_check_seconds": 0.0018603859352879226,
      "state_hash_seconds": 0.07678492297418416,
      "clone_seconds": 0.008326786977704614,
      "restore_seconds": 0.0,
      "file_write_seconds": 0.012242431985214353,
      "operation_seconds": 0.4547517989994958,
      "total_phase_seconds": 0.5540778010035865,
      "scope": "file writes include journal intent/add/flush; excludes this timing receipt and checkpoint writes",
      "mode": "stage4_sealed_cell",
      "banner": "sealed Stage 4; scientific admission also requires complete declared populations"
    },
    {
      "phase": "immediate:172",
      "identity_check_kind": "in_memory_structure_and_configuration",
      "recipe_verification_seconds": 0.0,
      "identity_verification_seconds": 0.0,
      "identity_check_seconds": 0.0017566059832461178,
      "state_hash_seconds": 0.0934525549528189,
      "clone_seconds": 0.00928619597107172,
      "restore_seconds": 0.0022158859646879137,
      "file_write_seconds": 0.012245327001437545,
      "operation_seconds": 0.32769087702035904,
      "total_phase_seconds": 0.44674442399991676,
      "scope": "file writes include journal intent/add/flush; excludes this timing receipt and checkpoint writes",
      "mode": "stage4_sealed_cell",
      "banner": "sealed Stage 4; scientific admission also requires complete declared populations"
    },
    {
      "phase": "edit:173",
      "identity_check_kind": "in_memory_structure_and_configuration",
      "recipe_verification_seconds": 0.0,
      "identity_verification_seconds": 0.0,
      "identity_check_seconds": 0.0017938080709427595,
      "state_hash_seconds": 0.07656176504679024,
      "clone_seconds": 0.008528234029654413,
      "restore_seconds": 0.0,
      "file_write_seconds": 0.012272780004423112,
      "operation_seconds": 0.45603260304778814,
      "total_phase_seconds": 0.555275164952036,
      "scope": "file writes include journal intent/add/flush; excludes this timing receipt and checkpoint writes",
      "mode": "stage4_sealed_cell",
      "banner": "sealed Stage 4; scientific admission also requires complete declared populations"
    },
    {
      "phase": "immediate:173",
      "identity_check_kind": "in_memory_structure_and_configuration",
      "recipe_verification_seconds": 0.0,
      "identity_verification_seconds": 0.0,
      "identity_check_seconds": 0.001992847945075482,
      "state_hash_seconds": 0.09562327491585165,
      "clone_seconds": 0.010083173983730376,
      "restore_seconds": 0.0023552229977212846,
      "file_write_seconds": 0.01234192296396941,
      "operation_seconds": 0.3278296429780312,
      "total_phase_seconds": 0.4503228109679185,
      "scope": "file writes include journal intent/add/flush; excludes this timing receipt and checkpoint writes",
      "mode": "stage4_sealed_cell",
      "banner": "sealed Stage 4; scientific admission also requires complete declared populations"
    },
    {
      "phase": "edit:174",
      "identity_check_kind": "in_memory_structure_and_configuration",
      "recipe_verification_seconds": 0.0,
      "identity_verification_seconds": 0.0,
      "identity_check_seconds": 0.0017829669523052871,
      "state_hash_seconds": 0.07608999096555635,
      "clone_seconds": 0.008418253040872514,
      "restore_seconds": 0.0,
      "file_write_seconds": 0.01231419900432229,
      "operation_seconds": 0.6051156210014597,
      "total_phase_seconds": 0.7038197799702175,
      "scope": "file writes include journal intent/add/flush; excludes this timing receipt and checkpoint writes",
      "mode": "stage4_sealed_cell",
      "banner": "sealed Stage 4; scientific admission also requires complete declared populations"
    },
    {
      "phase": "immediate:174",
      "identity_check_kind": "in_memory_structure_and_configuration",
      "recipe_verification_seconds": 0.0,
      "identity_verification_seconds": 0.0,
      "identity_check_seconds": 0.0017599020502530038,
      "state_hash_seconds": 0.09616601694142446,
      "clone_seconds": 0.009567053988575935,
      "restore_seconds": 0.004014853970147669,
      "file_write_seconds": 0.012314800987951458,
      "operation_seconds": 0.3240160130080767,
      "total_phase_seconds": 0.4479344349820167,
      "scope": "file writes include journal intent/add/flush; excludes this timing receipt and checkpoint writes",
      "mode": "stage4_sealed_cell",
      "banner": "sealed Stage 4; scientific admission also requires complete declared populations"
    },
    {
      "phase": "edit:175",
      "identity_check_kind": "in_memory_structure_and_configuration",
      "recipe_verification_seconds": 0.0,
      "identity_verification_seconds": 0.0,
      "identity_check_seconds": 0.0017587810289114714,
      "state_hash_seconds": 0.0786169430357404,
      "clone_seconds": 0.008293053018860519,
      "restore_seconds": 0.0,
      "file_write_seconds": 0.01247183105442673,
      "operation_seconds": 0.3059869420249015,
      "total_phase_seconds": 0.40721917600603774,
      "scope": "file writes include journal intent/add/flush; excludes this timing receipt and checkpoint writes",
      "mode": "stage4_sealed_cell",
      "banner": "sealed Stage 4; scientific admission also requires complete declared populations"
    },
    {
      "phase": "immediate:175",
      "identity_check_kind": "in_memory_structure_and_configuration",
      "recipe_verification_seconds": 0.0,
      "identity_verification_seconds": 0.0,
      "identity_check_seconds": 0.0018845710437744856,
      "state_hash_seconds": 0.09639506397070363,
      "clone_seconds": 0.009459769004024565,
      "restore_seconds": 0.0024124030023813248,
      "file_write_seconds": 0.012321673973929137,
      "operation_seconds": 0.37728911702288315,
      "total_phase_seconds": 0.49985880398890004,
      "scope": "file writes include journal intent/add/flush; excludes this timing receipt and checkpoint writes",
      "mode": "stage4_sealed_cell",
      "banner": "sealed Stage 4; scientific admission also requires complete declared populations"
    },
    {
      "phase": "edit:176",
      "identity_check_kind": "in_memory_structure_and_configuration",
      "recipe_verification_seconds": 0.0,
      "identity_verification_seconds": 0.0,
      "identity_check_seconds": 0.001842151046730578,
      "state_hash_seconds": 0.07715898106107488,
      "clone_seconds": 0.008300076995510608,
      "restore_seconds": 0.0,
      "file_write_seconds": 0.012260716990567744,
      "operation_seconds": 1.0690672409837134,
      "total_phase_seconds": 1.168715941021219,
      "scope": "file writes include journal intent/add/flush; excludes this timing receipt and checkpoint writes",
      "mode": "stage4_sealed_cell",
      "banner": "sealed Stage 4; scientific admission also requires complete declared populations"
    },
    {
      "phase": "immediate:176",
      "identity_check_kind": "in_memory_structure_and_configuration",
      "recipe_verification_seconds": 0.0,
      "identity_verification_seconds": 0.0,
      "identity_check_seconds": 0.0018013619701378047,
      "state_hash_seconds": 0.09632219589548185,
      "clone_seconds": 0.007932682055979967,
      "restore_seconds": 0.0031547360122203827,
      "file_write_seconds": 0.012478645017836243,
      "operation_seconds": 0.4806419450324029,
      "total_phase_seconds": 0.6024447329691611,
      "scope": "file writes include journal intent/add/flush; excludes this timing receipt and checkpoint writes",
      "mode": "stage4_sealed_cell",
      "banner": "sealed Stage 4; scientific admission also requires complete declared populations"
    },
    {
      "phase": "edit:177",
      "identity_check_kind": "in_memory_structure_and_configuration",
      "recipe_verification_seconds": 0.0,
      "identity_verification_seconds": 0.0,
      "identity_check_seconds": 0.0017953410279005766,
      "state_hash_seconds": 0.08160288498038426,
      "clone_seconds": 0.009337575000245124,
      "restore_seconds": 0.0,
      "file_write_seconds": 0.012154493015259504,
      "operation_seconds": 0.311332437035162,
      "total_phase_seconds": 0.41631951701128855,
      "scope": "file writes include journal intent/add/flush; excludes this timing receipt and checkpoint writes",
      "mode": "stage4_sealed_cell",
      "banner": "sealed Stage 4; scientific admission also requires complete declared populations"
    },
    {
      "phase": "immediate:177",
      "identity_check_kind": "in_memory_structure_and_configuration",
      "recipe_verification_seconds": 0.0,
      "identity_verification_seconds": 0.0,
      "identity_check_seconds": 0.0019059720216318965,
      "state_hash_seconds": 0.0941673360648565,
      "clone_seconds": 0.009669239982031286,
      "restore_seconds": 0.00236897001741454,
      "file_write_seconds": 0.012288760975934565,
      "operation_seconds": 0.2950897879782133,
      "total_phase_seconds": 0.41559752298053354,
      "scope": "file writes include journal intent/add/flush; excludes this timing receipt and checkpoint writes",
      "mode": "stage4_sealed_cell",
      "banner": "sealed Stage 4; scientific admission also requires complete declared populations"
    },
    {
      "phase": "edit:178",
      "identity_check_kind": "in_memory_structure_and_configuration",
      "recipe_verification_seconds": 0.0,
      "identity_verification_seconds": 0.0,
      "identity_check_seconds": 0.0019853549893014133,
      "state_hash_seconds": 0.076677156961523,
      "clone_seconds": 0.007784498040564358,
      "restore_seconds": 0.0,
      "file_write_seconds": 0.012141347047872841,
      "operation_seconds": 0.47111983702052385,
      "total_phase_seconds": 0.5697961330297403,
      "scope": "file writes include journal intent/add/flush; excludes this timing receipt and checkpoint writes",
      "mode": "stage4_sealed_cell",
      "banner": "sealed Stage 4; scientific admission also requires complete declared populations"
    },
    {
      "phase": "immediate:178",
      "identity_check_kind": "in_memory_structure_and_configuration",
      "recipe_verification_seconds": 0.0,
      "identity_verification_seconds": 0.0,
      "identity_check_seconds": 0.0018088460201397538,
      "state_hash_seconds": 0.09557953203329816,
      "clone_seconds": 0.008450335008092225,
      "restore_seconds": 0.003667448996566236,
      "file_write_seconds": 0.012150565045885742,
      "operation_seconds": 0.33055102796060964,
      "total_phase_seconds": 0.4523056620382704,
      "scope": "file writes include journal intent/add/flush; excludes this timing receipt and checkpoint writes",
      "mode": "stage4_sealed_cell",
      "banner": "sealed Stage 4; scientific admission also requires complete declared populations"
    },
    {
      "phase": "edit:179",
      "identity_check_kind": "in_memory_structure_and_configuration",
      "recipe_verification_seconds": 0.0,
      "identity_verification_seconds": 0.0,
      "identity_check_seconds": 0.001912917010486126,
      "state_hash_seconds": 0.07814508001320064,
      "clone_seconds": 0.008277554006781429,
      "restore_seconds": 0.0,
      "file_write_seconds": 0.012107622984331101,
      "operation_seconds": 0.3034932730370201,
      "total_phase_seconds": 0.40402566600823775,
      "scope": "file writes include journal intent/add/flush; excludes this timing receipt and checkpoint writes",
      "mode": "stage4_sealed_cell",
      "banner": "sealed Stage 4; scientific admission also requires complete declared populations"
    },
    {
      "phase": "immediate:179",
      "identity_check_kind": "in_memory_structure_and_configuration",
      "recipe_verification_seconds": 0.0,
      "identity_verification_seconds": 0.0,
      "identity_check_seconds": 0.0019043899956159294,
      "state_hash_seconds": 0.09705722599755973,
      "clone_seconds": 0.00801188504556194,
      "restore_seconds": 0.003492102026939392,
      "file_write_seconds": 0.012266909005120397,
      "operation_seconds": 0.28711388300871477,
      "total_phase_seconds": 0.4099478559801355,
      "scope": "file writes include journal intent/add/flush; excludes this timing receipt and checkpoint writes",
      "mode": "stage4_sealed_cell",
      "banner": "sealed Stage 4; scientific admission also requires complete declared populations"
    },
    {
      "phase": "edit:180",
      "identity_check_kind": "in_memory_structure_and_configuration",
      "recipe_verification_seconds": 0.0,
      "identity_verification_seconds": 0.0,
      "identity_check_seconds": 0.0022067989339120686,
      "state_hash_seconds": 0.07794717099750414,
      "clone_seconds": 0.00863294501323253,
      "restore_seconds": 0.0,
      "file_write_seconds": 0.01218814798630774,
      "operation_seconds": 1.2111933460109867,
      "total_phase_seconds": 1.3122642110101879,
      "scope": "file writes include journal intent/add/flush; excludes this timing receipt and checkpoint writes",
      "mode": "stage4_sealed_cell",
      "banner": "sealed Stage 4; scientific admission also requires complete declared populations"
    },
    {
      "phase": "immediate:180",
      "identity_check_kind": "in_memory_structure_and_configuration",
      "recipe_verification_seconds": 0.0,
      "identity_verification_seconds": 0.0,
      "identity_check_seconds": 0.0017903910484164953,
      "state_hash_seconds": 0.0926738140406087,
      "clone_seconds": 0.008203410950955003,
      "restore_seconds": 0.002202881034463644,
      "file_write_seconds": 0.01222342497203499,
      "operation_seconds": 0.5143341550137848,
      "total_phase_seconds": 0.631524091004394,
      "scope": "file writes include journal intent/add/flush; excludes this timing receipt and checkpoint writes",
      "mode": "stage4_sealed_cell",
      "banner": "sealed Stage 4; scientific admission also requires complete declared populations"
    },
    {
      "phase": "edit:181",
      "identity_check_kind": "in_memory_structure_and_configuration",
      "recipe_verification_seconds": 0.0,
      "identity_verification_seconds": 0.0,
      "identity_check_seconds": 0.0018530709203332663,
      "state_hash_seconds": 0.08083625696599483,
      "clone_seconds": 0.00823557301191613,
      "restore_seconds": 0.0,
      "file_write_seconds": 0.0013709570048376918,
      "operation_seconds": 0.6181835449533537,
      "total_phase_seconds": 0.7105787440086715,
      "scope": "file writes include journal intent/add/flush; excludes this timing receipt and checkpoint writes",
      "mode": "stage4_sealed_cell",
      "banner": "sealed Stage 4; scientific admission also requires complete declared populations"
    },
    {
      "phase": "immediate:181",
      "identity_check_kind": "in_memory_structure_and_configuration",
      "recipe_verification_seconds": 0.0,
      "identity_verification_seconds": 0.0,
      "identity_check_seconds": 0.0017575780511833727,
      "state_hash_seconds": 0.09672337403753772,
      "clone_seconds": 0.008323271002154797,
      "restore_seconds": 0.002727136015892029,
      "file_write_seconds": 0.012346801988314837,
      "operation_seconds": 0.3726818980067037,
      "total_phase_seconds": 0.4946618140093051,
      "scope": "file writes include journal intent/add/flush; excludes this timing receipt and checkpoint writes",
      "mode": "stage4_sealed_cell",
      "banner": "sealed Stage 4; scientific admission also requires complete declared populations"
    },
    {
      "phase": "edit:182",
      "identity_check_kind": "in_memory_structure_and_configuration",
      "recipe_verification_seconds": 0.0,
      "identity_verification_seconds": 0.0,
      "identity_check_seconds": 0.00199125794460997,
      "state_hash_seconds": 0.08132843999192119,
      "clone_seconds": 0.009127000987064093,
      "restore_seconds": 0.0,
      "file_write_seconds": 0.012425463006366044,
      "operation_seconds": 0.44332543201744556,
      "total_phase_seconds": 0.5483071819762699,
      "scope": "file writes include journal intent/add/flush; excludes this timing receipt and checkpoint writes",
      "mode": "stage4_sealed_cell",
      "banner": "sealed Stage 4; scientific admission also requires complete declared populations"
    },
    {
      "phase": "immediate:182",
      "identity_check_kind": "in_memory_structure_and_configuration",
      "recipe_verification_seconds": 0.0,
      "identity_verification_seconds": 0.0,
      "identity_check_seconds": 0.0017724669887684286,
      "state_hash_seconds": 0.09542246995260939,
      "clone_seconds": 0.00914323196047917,
      "restore_seconds": 0.0024570690002292395,
      "file_write_seconds": 0.012413180025760084,
      "operation_seconds": 0.3287962640170008,
      "total_phase_seconds": 0.4501021589967422,
      "scope": "file writes include journal intent/add/flush; excludes this timing receipt and checkpoint writes",
      "mode": "stage4_sealed_cell",
      "banner": "sealed Stage 4; scientific admission also requires complete declared populations"
    },
    {
      "phase": "edit:183",
      "identity_check_kind": "in_memory_structure_and_configuration",
      "recipe_verification_seconds": 0.0,
      "identity_verification_seconds": 0.0,
      "identity_check_seconds": 0.0021553210099227726,
      "state_hash_seconds": 0.07722182007273659,
      "clone_seconds": 0.009757989959325641,
      "restore_seconds": 0.0,
      "file_write_seconds": 0.012486249033827335,
      "operation_seconds": 0.4630107870325446,
      "total_phase_seconds": 0.5647283520083874,
      "scope": "file writes include journal intent/add/flush; excludes this timing receipt and checkpoint writes",
      "mode": "stage4_sealed_cell",
      "banner": "sealed Stage 4; scientific admission also requires complete declared populations"
    },
    {
      "phase": "immediate:183",
      "identity_check_kind": "in_memory_structure_and_configuration",
      "recipe_verification_seconds": 0.0,
      "identity_verification_seconds": 0.0,
      "identity_check_seconds": 0.0018190760165452957,
      "state_hash_seconds": 0.09453797503374517,
      "clone_seconds": 0.008351304044481367,
      "restore_seconds": 0.002305297995917499,
      "file_write_seconds": 0.01227040501544252,
      "operation_seconds": 0.4723085860023275,
      "total_phase_seconds": 0.5917047199909575,
      "scope": "file writes include journal intent/add/flush; excludes this timing receipt and checkpoint writes",
      "mode": "stage4_sealed_cell",
      "banner": "sealed Stage 4; scientific admission also requires complete declared populations"
    },
    {
      "phase": "edit:184",
      "identity_check_kind": "in_memory_structure_and_configuration",
      "recipe_verification_seconds": 0.0,
      "identity_verification_seconds": 0.0,
      "identity_check_seconds": 0.0017619980499148369,
      "state_hash_seconds": 0.07803015998797491,
      "clone_seconds": 0.00891604699427262,
      "restore_seconds": 0.0,
      "file_write_seconds": 0.012478324002586305,
      "operation_seconds": 0.2985263339942321,
      "total_phase_seconds": 0.3998026830377057,
      "scope": "file writes include journal intent/add/flush; excludes this timing receipt and checkpoint writes",
      "mode": "stage4_sealed_cell",
      "banner": "sealed Stage 4; scientific admission also requires complete declared populations"
    },
    {
      "phase": "immediate:184",
      "identity_check_kind": "in_memory_structure_and_configuration",
      "recipe_verification_seconds": 0.0,
      "identity_verification_seconds": 0.0,
      "identity_check_seconds": 0.0017836980405263603,
      "state_hash_seconds": 0.09425936103798449,
      "clone_seconds": 0.008127045002765954,
      "restore_seconds": 0.002304055029526353,
      "file_write_seconds": 0.012170403031632304,
      "operation_seconds": 0.2879918959806673,
      "total_phase_seconds": 0.40673002996481955,
      "scope": "file writes include journal intent/add/flush; excludes this timing receipt and checkpoint writes",
      "mode": "stage4_sealed_cell",
      "banner": "sealed Stage 4; scientific admission also requires complete declared populations"
    },
    {
      "phase": "edit:185",
      "identity_check_kind": "in_memory_structure_and_configuration",
      "recipe_verification_seconds": 0.0,
      "identity_verification_seconds": 0.0,
      "identity_check_seconds": 0.0018894710228778422,
      "state_hash_seconds": 0.07748214004095644,
      "clone_seconds": 0.00977927097119391,
      "restore_seconds": 0.0,
      "file_write_seconds": 0.012224046979099512,
      "operation_seconds": 0.4423622859758325,
      "total_phase_seconds": 0.5438288699951954,
      "scope": "file writes include journal intent/add/flush; excludes this timing receipt and checkpoint writes",
      "mode": "stage4_sealed_cell",
      "banner": "sealed Stage 4; scientific admission also requires complete declared populations"
    },
    {
      "phase": "immediate:185",
      "identity_check_kind": "in_memory_structure_and_configuration",
      "recipe_verification_seconds": 0.0,
      "identity_verification_seconds": 0.0,
      "identity_check_seconds": 0.0018264799728058279,
      "state_hash_seconds": 0.09869352902751416,
      "clone_seconds": 0.008127445995341986,
      "restore_seconds": 0.0022938160109333694,
      "file_write_seconds": 0.01227140799164772,
      "operation_seconds": 0.33363302500220016,
      "total_phase_seconds": 0.45695084403268993,
      "scope": "file writes include journal intent/add/flush; excludes this timing receipt and checkpoint writes",
      "mode": "stage4_sealed_cell",
      "banner": "sealed Stage 4; scientific admission also requires complete declared populations"
    },
    {
      "phase": "edit:186",
      "identity_check_kind": "in_memory_structure_and_configuration",
      "recipe_verification_seconds": 0.0,
      "identity_verification_seconds": 0.0,
      "identity_check_seconds": 0.0017700819880701602,
      "state_hash_seconds": 0.07783259003190324,
      "clone_seconds": 0.008529636019375175,
      "restore_seconds": 0.0,
      "file_write_seconds": 0.012256076966878027,
      "operation_seconds": 0.7841370130190626,
      "total_phase_seconds": 0.8846156329964288,
      "scope": "file writes include journal intent/add/flush; excludes this timing receipt and checkpoint writes",
      "mode": "stage4_sealed_cell",
      "banner": "sealed Stage 4; scientific admission also requires complete declared populations"
    },
    {
      "phase": "immediate:186",
      "identity_check_kind": "in_memory_structure_and_configuration",
      "recipe_verification_seconds": 0.0,
      "identity_verification_seconds": 0.0,
      "identity_check_seconds": 0.001783368003088981,
      "state_hash_seconds": 0.09449536300962791,
      "clone_seconds": 0.00784622598439455,
      "restore_seconds": 0.0022199839586392045,
      "file_write_seconds": 0.012230579042807221,
      "operation_seconds": 0.38304752396652475,
      "total_phase_seconds": 0.5017203720053658,
      "scope": "file writes include journal intent/add/flush; excludes this timing receipt and checkpoint writes",
      "mode": "stage4_sealed_cell",
      "banner": "sealed Stage 4; scientific admission also requires complete declared populations"
    },
    {
      "phase": "edit:187",
      "identity_check_kind": "in_memory_structure_and_configuration",
      "recipe_verification_seconds": 0.0,
      "identity_verification_seconds": 0.0,
      "identity_check_seconds": 0.0020312730339355767,
      "state_hash_seconds": 0.08333761006360874,
      "clone_seconds": 0.009567675995640457,
      "restore_seconds": 0.0,
      "file_write_seconds": 0.012198987998999655,
      "operation_seconds": 0.7429370760219172,
      "total_phase_seconds": 0.8501665940275416,
      "scope": "file writes include journal intent/add/flush; excludes this timing receipt and checkpoint writes",
      "mode": "stage4_sealed_cell",
      "banner": "sealed Stage 4; scientific admission also requires complete declared populations"
    },
    {
      "phase": "immediate:187",
      "identity_check_kind": "in_memory_structure_and_configuration",
      "recipe_verification_seconds": 0.0,
      "identity_verification_seconds": 0.0,
      "identity_check_seconds": 0.0019306199974380434,
      "state_hash_seconds": 0.10078608995536342,
      "clone_seconds": 0.008341917011421174,
      "restore_seconds": 0.003521578968502581,
      "file_write_seconds": 0.012207024032250047,
      "operation_seconds": 0.42362897499697283,
      "total_phase_seconds": 0.5505378560046665,
      "scope": "file writes include journal intent/add/flush; excludes this timing receipt and checkpoint writes",
      "mode": "stage4_sealed_cell",
      "banner": "sealed Stage 4; scientific admission also requires complete declared populations"
    },
    {
      "phase": "edit:188",
      "identity_check_kind": "in_memory_structure_and_configuration",
      "recipe_verification_seconds": 0.0,
      "identity_verification_seconds": 0.0,
      "identity_check_seconds": 0.0017556840321049094,
      "state_hash_seconds": 0.07757910602958873,
      "clone_seconds": 0.009137932036537677,
      "restore_seconds": 0.0,
      "file_write_seconds": 0.012221732002217323,
      "operation_seconds": 0.3059354440192692,
      "total_phase_seconds": 0.4067121649859473,
      "scope": "file writes include journal intent/add/flush; excludes this timing receipt and checkpoint writes",
      "mode": "stage4_sealed_cell",
      "banner": "sealed Stage 4; scientific admission also requires complete declared populations"
    },
    {
      "phase": "immediate:188",
      "identity_check_kind": "in_memory_structure_and_configuration",
      "recipe_verification_seconds": 0.0,
      "identity_verification_seconds": 0.0,
      "identity_check_seconds": 0.0019147699931636453,
      "state_hash_seconds": 0.09494170901598409,
      "clone_seconds": 0.008233720029238611,
      "restore_seconds": 0.0026963569689542055,
      "file_write_seconds": 0.012125467997975647,
      "operation_seconds": 0.2889904490439221,
      "total_phase_seconds": 0.40899964899290353,
      "scope": "file writes include journal intent/add/flush; excludes this timing receipt and checkpoint writes",
      "mode": "stage4_sealed_cell",
      "banner": "sealed Stage 4; scientific admission also requires complete declared populations"
    },
    {
      "phase": "edit:189",
      "identity_check_kind": "in_memory_structure_and_configuration",
      "recipe_verification_seconds": 0.0,
      "identity_verification_seconds": 0.0,
      "identity_check_seconds": 0.001745064975693822,
      "state_hash_seconds": 0.07757733098696917,
      "clone_seconds": 0.009139536006841809,
      "restore_seconds": 0.0,
      "file_write_seconds": 0.012118183018174022,
      "operation_seconds": 0.30215887603117153,
      "total_phase_seconds": 0.40282000502338633,
      "scope": "file writes include journal intent/add/flush; excludes this timing receipt and checkpoint writes",
      "mode": "stage4_sealed_cell",
      "banner": "sealed Stage 4; scientific admission also requires complete declared populations"
    },
    {
      "phase": "immediate:189",
      "identity_check_kind": "in_memory_structure_and_configuration",
      "recipe_verification_seconds": 0.0,
      "identity_verification_seconds": 0.0,
      "identity_check_seconds": 0.0017550420016050339,
      "state_hash_seconds": 0.09645135293249041,
      "clone_seconds": 0.008794855035375804,
      "restore_seconds": 0.0025711169582791626,
      "file_write_seconds": 0.012526416045147926,
      "operation_seconds": 0.32594686397351325,
      "total_phase_seconds": 0.4481454690103419,
      "scope": "file writes include journal intent/add/flush; excludes this timing receipt and checkpoint writes",
      "mode": "stage4_sealed_cell",
      "banner": "sealed Stage 4; scientific admission also requires complete declared populations"
    },
    {
      "phase": "edit:190",
      "identity_check_kind": "in_memory_structure_and_configuration",
      "recipe_verification_seconds": 0.0,
      "identity_verification_seconds": 0.0,
      "identity_check_seconds": 0.001894642016850412,
      "state_hash_seconds": 0.07853245094884187,
      "clone_seconds": 0.008370550989639014,
      "restore_seconds": 0.0,
      "file_write_seconds": 0.012298139045014977,
      "operation_seconds": 0.908732711977791,
      "total_phase_seconds": 1.009931402048096,
      "scope": "file writes include journal intent/add/flush; excludes this timing receipt and checkpoint writes",
      "mode": "stage4_sealed_cell",
      "banner": "sealed Stage 4; scientific admission also requires complete declared populations"
    },
    {
      "phase": "immediate:190",
      "identity_check_kind": "in_memory_structure_and_configuration",
      "recipe_verification_seconds": 0.0,
      "identity_verification_seconds": 0.0,
      "identity_check_seconds": 0.0018761460087262094,
      "state_hash_seconds": 0.09513839602004737,
      "clone_seconds": 0.008464951999485493,
      "restore_seconds": 0.0025138079654425383,
      "file_write_seconds": 0.01224648900097236,
      "operation_seconds": 0.5193509389646351,
      "total_phase_seconds": 0.6396942589781247,
      "scope": "file writes include journal intent/add/flush; excludes this timing receipt and checkpoint writes",
      "mode": "stage4_sealed_cell",
      "banner": "sealed Stage 4; scientific admission also requires complete declared populations"
    },
    {
      "phase": "edit:191",
      "identity_check_kind": "in_memory_structure_and_configuration",
      "recipe_verification_seconds": 0.0,
      "identity_verification_seconds": 0.0,
      "identity_check_seconds": 0.0019293279619887471,
      "state_hash_seconds": 0.0785339149297215,
      "clone_seconds": 0.009453317034058273,
      "restore_seconds": 0.0,
      "file_write_seconds": 0.01232645200798288,
      "operation_seconds": 0.31270510697504506,
      "total_phase_seconds": 0.41503933299100026,
      "scope": "file writes include journal intent/add/flush; excludes this timing receipt and checkpoint writes",
      "mode": "stage4_sealed_cell",
      "banner": "sealed Stage 4; scientific admission also requires complete declared populations"
    },
    {
      "phase": "immediate:191",
      "identity_check_kind": "in_memory_structure_and_configuration",
      "recipe_verification_seconds": 0.0,
      "identity_verification_seconds": 0.0,
      "identity_check_seconds": 0.0022728749900124967,
      "state_hash_seconds": 0.09340454399352893,
      "clone_seconds": 0.008087720023468137,
      "restore_seconds": 0.002344914013519883,
      "file_write_seconds": 0.01236692996462807,
      "operation_seconds": 0.2938917319988832,
      "total_phase_seconds": 0.41247120196931064,
      "scope": "file writes include journal intent/add/flush; excludes this timing receipt and checkpoint writes",
      "mode": "stage4_sealed_cell",
      "banner": "sealed Stage 4; scientific admission also requires complete declared populations"
    },
    {
      "phase": "edit:192",
      "identity_check_kind": "in_memory_structure_and_configuration",
      "recipe_verification_seconds": 0.0,
      "identity_verification_seconds": 0.0,
      "identity_check_seconds": 0.0018939999863505363,
      "state_hash_seconds": 0.07880207797279581,
      "clone_seconds": 0.00857391202589497,
      "restore_seconds": 0.0,
      "file_write_seconds": 0.012335910985711962,
      "operation_seconds": 0.772855282004457,
      "total_phase_seconds": 0.8745532589964569,
      "scope": "file writes include journal intent/add/flush; excludes this timing receipt and checkpoint writes",
      "mode": "stage4_sealed_cell",
      "banner": "sealed Stage 4; scientific admission also requires complete declared populations"
    },
    {
      "phase": "immediate:192",
      "identity_check_kind": "in_memory_structure_and_configuration",
      "recipe_verification_seconds": 0.0,
      "identity_verification_seconds": 0.0,
      "identity_check_seconds": 0.0017314080032519996,
      "state_hash_seconds": 0.09470973606221378,
      "clone_seconds": 0.009128513978794217,
      "restore_seconds": 0.002242657996248454,
      "file_write_seconds": 0.012414400989655405,
      "operation_seconds": 0.4661392120178789,
      "total_phase_seconds": 0.5864595479797572,
      "scope": "file writes include journal intent/add/flush; excludes this timing receipt and checkpoint writes",
      "mode": "stage4_sealed_cell",
      "banner": "sealed Stage 4; scientific admission also requires complete declared populations"
    },
    {
      "phase": "edit:193",
      "identity_check_kind": "in_memory_structure_and_configuration",
      "recipe_verification_seconds": 0.0,
      "identity_verification_seconds": 0.0,
      "identity_check_seconds": 0.001761625986546278,
      "state_hash_seconds": 0.07687035604612902,
      "clone_seconds": 0.010619771957863122,
      "restore_seconds": 0.0,
      "file_write_seconds": 0.012224437028635293,
      "operation_seconds": 0.45018734195036814,
      "total_phase_seconds": 0.5517519940040074,
      "scope": "file writes include journal intent/add/flush; excludes this timing receipt and checkpoint writes",
      "mode": "stage4_sealed_cell",
      "banner": "sealed Stage 4; scientific admission also requires complete declared populations"
    },
    {
      "phase": "immediate:193",
      "identity_check_kind": "in_memory_structure_and_configuration",
      "recipe_verification_seconds": 0.0,
      "identity_verification_seconds": 0.0,
      "identity_check_seconds": 0.0017935970099642873,
      "state_hash_seconds": 0.09613623900804669,
      "clone_seconds": 0.009554860997013748,
      "restore_seconds": 0.0024047379847615957,
      "file_write_seconds": 0.012373713951092213,
      "operation_seconds": 0.33377196005312726,
      "total_phase_seconds": 0.456141292990651,
      "scope": "file writes include journal intent/add/flush; excludes this timing receipt and checkpoint writes",
      "mode": "stage4_sealed_cell",
      "banner": "sealed Stage 4; scientific admission also requires complete declared populations"
    },
    {
      "phase": "edit:194",
      "identity_check_kind": "in_memory_structure_and_configuration",
      "recipe_verification_seconds": 0.0,
      "identity_verification_seconds": 0.0,
      "identity_check_seconds": 0.0019354800460860133,
      "state_hash_seconds": 0.07969513098942116,
      "clone_seconds": 0.008797358954325318,
      "restore_seconds": 0.0,
      "file_write_seconds": 0.012302857998292893,
      "operation_seconds": 0.4599801090080291,
      "total_phase_seconds": 0.5628171490388922,
      "scope": "file writes include journal intent/add/flush; excludes this timing receipt and checkpoint writes",
      "mode": "stage4_sealed_cell",
      "banner": "sealed Stage 4; scientific admission also requires complete declared populations"
    },
    {
      "phase": "immediate:194",
      "identity_check_kind": "in_memory_structure_and_configuration",
      "recipe_verification_seconds": 0.0,
      "identity_verification_seconds": 0.0,
      "identity_check_seconds": 0.001747388974763453,
      "state_hash_seconds": 0.09729735396103933,
      "clone_seconds": 0.01012587599689141,
      "restore_seconds": 0.002656691998708993,
      "file_write_seconds": 0.0012442150036804378,
      "operation_seconds": 0.34435969102196395,
      "total_phase_seconds": 0.4575447420356795,
      "scope": "file writes include journal intent/add/flush; excludes this timing receipt and checkpoint writes",
      "mode": "stage4_sealed_cell",
      "banner": "sealed Stage 4; scientific admission also requires complete declared populations"
    },
    {
      "phase": "edit:195",
      "identity_check_kind": "in_memory_structure_and_configuration",
      "recipe_verification_seconds": 0.0,
      "identity_verification_seconds": 0.0,
      "identity_check_seconds": 0.0018659670022316277,
      "state_hash_seconds": 0.07917442201869562,
      "clone_seconds": 0.008315556042362005,
      "restore_seconds": 0.0,
      "file_write_seconds": 0.012255256006028503,
      "operation_seconds": 0.7667373670265079,
      "total_phase_seconds": 0.8684334910358302,
      "scope": "file writes include journal intent/add/flush; excludes this timing receipt and checkpoint writes",
      "mode": "stage4_sealed_cell",
      "banner": "sealed Stage 4; scientific admission also requires complete declared populations"
    },
    {
      "phase": "immediate:195",
      "identity_check_kind": "in_memory_structure_and_configuration",
      "recipe_verification_seconds": 0.0,
      "identity_verification_seconds": 0.0,
      "identity_check_seconds": 0.001816441013943404,
      "state_hash_seconds": 0.09671121195424348,
      "clone_seconds": 0.008807729987893254,
      "restore_seconds": 0.0024211700074374676,
      "file_write_seconds": 0.012381848995573819,
      "operation_seconds": 0.4236528599867597,
      "total_phase_seconds": 0.5459186650114134,
      "scope": "file writes include journal intent/add/flush; excludes this timing receipt and checkpoint writes",
      "mode": "stage4_sealed_cell",
      "banner": "sealed Stage 4; scientific admission also requires complete declared populations"
    },
    {
      "phase": "edit:196",
      "identity_check_kind": "in_memory_structure_and_configuration",
      "recipe_verification_seconds": 0.0,
      "identity_verification_seconds": 0.0,
      "identity_check_seconds": 0.0018298269133083522,
      "state_hash_seconds": 0.08042229403508827,
      "clone_seconds": 0.009915852977428585,
      "restore_seconds": 0.0,
      "file_write_seconds": 0.012155925971455872,
      "operation_seconds": 0.29781338799512014,
      "total_phase_seconds": 0.4022215190343559,
      "scope": "file writes include journal intent/add/flush; excludes this timing receipt and checkpoint writes",
      "mode": "stage4_sealed_cell",
      "banner": "sealed Stage 4; scientific admission also requires complete declared populations"
    },
    {
      "phase": "immediate:196",
      "identity_check_kind": "in_memory_structure_and_configuration",
      "recipe_verification_seconds": 0.0,
      "identity_verification_seconds": 0.0,
      "identity_check_seconds": 0.001838932977989316,
      "state_hash_seconds": 0.09572885697707534,
      "clone_seconds": 0.008796026988420635,
      "restore_seconds": 0.0025955449673347175,
      "file_write_seconds": 0.01211399503517896,
      "operation_seconds": 0.2913613439886831,
      "total_phase_seconds": 0.41252886201255023,
      "scope": "file writes include journal intent/add/flush; excludes this timing receipt and checkpoint writes",
      "mode": "stage4_sealed_cell",
      "banner": "sealed Stage 4; scientific admission also requires complete declared populations"
    },
    {
      "phase": "edit:197",
      "identity_check_kind": "in_memory_structure_and_configuration",
      "recipe_verification_seconds": 0.0,
      "identity_verification_seconds": 0.0,
      "identity_check_seconds": 0.001906524004880339,
      "state_hash_seconds": 0.07836760592181236,
      "clone_seconds": 0.008716223994269967,
      "restore_seconds": 0.0,
      "file_write_seconds": 0.012144214008003473,
      "operation_seconds": 0.4516818860429339,
      "total_phase_seconds": 0.5529092110227793,
      "scope": "file writes include journal intent/add/flush; excludes this timing receipt and checkpoint writes",
      "mode": "stage4_sealed_cell",
      "banner": "sealed Stage 4; scientific admission also requires complete declared populations"
    },
    {
      "phase": "immediate:197",
      "identity_check_kind": "in_memory_structure_and_configuration",
      "recipe_verification_seconds": 0.0,
      "identity_verification_seconds": 0.0,
      "identity_check_seconds": 0.0019047200330533087,
      "state_hash_seconds": 0.09495816100388765,
      "clone_seconds": 0.008731903973966837,
      "restore_seconds": 0.0024002999998629093,
      "file_write_seconds": 0.012198737997096032,
      "operation_seconds": 0.33364470704691485,
      "total_phase_seconds": 0.45394015399506316,
      "scope": "file writes include journal intent/add/flush; excludes this timing receipt and checkpoint writes",
      "mode": "stage4_sealed_cell",
      "banner": "sealed Stage 4; scientific admission also requires complete declared populations"
    },
    {
      "phase": "edit:198",
      "identity_check_kind": "in_memory_structure_and_configuration",
      "recipe_verification_seconds": 0.0,
      "identity_verification_seconds": 0.0,
      "identity_check_seconds": 0.001752779062371701,
      "state_hash_seconds": 0.17434203397715464,
      "clone_seconds": 0.008265010023023933,
      "restore_seconds": 0.0,
      "file_write_seconds": 0.012210240005515516,
      "operation_seconds": 0.2928364099934697,
      "total_phase_seconds": 0.4894960339879617,
      "scope": "file writes include journal intent/add/flush; excludes this timing receipt and checkpoint writes",
      "mode": "stage4_sealed_cell",
      "banner": "sealed Stage 4; scientific admission also requires complete declared populations"
    },
    {
      "phase": "immediate:198",
      "identity_check_kind": "in_memory_structure_and_configuration",
      "recipe_verification_seconds": 0.0,
      "identity_verification_seconds": 0.0,
      "identity_check_seconds": 0.0020808670087717474,
      "state_hash_seconds": 0.09623745398130268,
      "clone_seconds": 0.009244906948879361,
      "restore_seconds": 0.0034048749948851764,
      "file_write_seconds": 0.012272808991838247,
      "operation_seconds": 0.28558235900709406,
      "total_phase_seconds": 0.408926818985492,
      "scope": "file writes include journal intent/add/flush; excludes this timing receipt and checkpoint writes",
      "mode": "stage4_sealed_cell",
      "banner": "sealed Stage 4; scientific admission also requires complete declared populations"
    },
    {
      "phase": "edit:199",
      "identity_check_kind": "in_memory_structure_and_configuration",
      "recipe_verification_seconds": 0.0,
      "identity_verification_seconds": 0.0,
      "identity_check_seconds": 0.0017621279694139957,
      "state_hash_seconds": 0.07758731005014852,
      "clone_seconds": 0.009100060036871582,
      "restore_seconds": 0.0,
      "file_write_seconds": 0.012483563972637057,
      "operation_seconds": 0.6283301599905826,
      "total_phase_seconds": 0.7293481940287165,
      "scope": "file writes include journal intent/add/flush; excludes this timing receipt and checkpoint writes",
      "mode": "stage4_sealed_cell",
      "banner": "sealed Stage 4; scientific admission also requires complete declared populations"
    },
    {
      "phase": "immediate:199",
      "identity_check_kind": "in_memory_structure_and_configuration",
      "recipe_verification_seconds": 0.0,
      "identity_verification_seconds": 0.0,
      "identity_check_seconds": 0.0018395959632471204,
      "state_hash_seconds": 0.09745441295672208,
      "clone_seconds": 0.008131492999382317,
      "restore_seconds": 0.0025270929909311235,
      "file_write_seconds": 0.012304019997827709,
      "operation_seconds": 0.37274469900876284,
      "total_phase_seconds": 0.4951113649876788,
      "scope": "file writes include journal intent/add/flush; excludes this timing receipt and checkpoint writes",
      "mode": "stage4_sealed_cell",
      "banner": "sealed Stage 4; scientific admission also requires complete declared populations"
    },
    {
      "phase": "edit:200",
      "identity_check_kind": "in_memory_structure_and_configuration",
      "recipe_verification_seconds": 0.0,
      "identity_verification_seconds": 0.0,
      "identity_check_seconds": 0.0017552139470353723,
      "state_hash_seconds": 0.08074803906492889,
      "clone_seconds": 0.009517769969534129,
      "restore_seconds": 0.0,
      "file_write_seconds": 0.012237872986588627,
      "operation_seconds": 0.30903916200622916,
      "total_phase_seconds": 0.4133847719640471,
      "scope": "file writes include journal intent/add/flush; excludes this timing receipt and checkpoint writes",
      "mode": "stage4_sealed_cell",
      "banner": "sealed Stage 4; scientific admission also requires complete declared populations"
    },
    {
      "phase": "immediate:200",
      "identity_check_kind": "in_memory_structure_and_configuration",
      "recipe_verification_seconds": 0.0,
      "identity_verification_seconds": 0.0,
      "identity_check_seconds": 0.0018961229943670332,
      "state_hash_seconds": 0.09718775394139811,
      "clone_seconds": 0.009356762049719691,
      "restore_seconds": 0.0024626600206829607,
      "file_write_seconds": 0.012246168975252658,
      "operation_seconds": 0.28783017600653693,
      "total_phase_seconds": 0.41107730101794004,
      "scope": "file writes include journal intent/add/flush; excludes this timing receipt and checkpoint writes",
      "mode": "stage4_sealed_cell",
      "banner": "sealed Stage 4; scientific admission also requires complete declared populations"
    },
    {
      "phase": "edit:201",
      "identity_check_kind": "in_memory_structure_and_configuration",
      "recipe_verification_seconds": 0.0,
      "identity_verification_seconds": 0.0,
      "identity_check_seconds": 0.0018470610375516117,
      "state_hash_seconds": 0.07747861201642081,
      "clone_seconds": 0.008486623992212117,
      "restore_seconds": 0.0,
      "file_write_seconds": 0.01225093798711896,
      "operation_seconds": 0.6015467310207896,
      "total_phase_seconds": 0.701696943026036,
      "scope": "file writes include journal intent/add/flush; excludes this timing receipt and checkpoint writes",
      "mode": "stage4_sealed_cell",
      "banner": "sealed Stage 4; scientific admission also requires complete declared populations"
    },
    {
      "phase": "immediate:201",
      "identity_check_kind": "in_memory_structure_and_configuration",
      "recipe_verification_seconds": 0.0,
      "identity_verification_seconds": 0.0,
      "identity_check_seconds": 0.0017576090176589787,
      "state_hash_seconds": 0.09660094894934446,
      "clone_seconds": 0.009830981027334929,
      "restore_seconds": 0.0027456710231490433,
      "file_write_seconds": 0.012227732979226857,
      "operation_seconds": 0.38126829400425777,
      "total_phase_seconds": 0.5045307679683901,
      "scope": "file writes include journal intent/add/flush; excludes this timing receipt and checkpoint writes",
      "mode": "stage4_sealed_cell",
      "banner": "sealed Stage 4; scientific admission also requires complete declared populations"
    },
    {
      "phase": "edit:202",
      "identity_check_kind": "in_memory_structure_and_configuration",
      "recipe_verification_seconds": 0.0,
      "identity_verification_seconds": 0.0,
      "identity_check_seconds": 0.0018686609691940248,
      "state_hash_seconds": 0.0777442809776403,
      "clone_seconds": 0.008789172978140414,
      "restore_seconds": 0.0,
      "file_write_seconds": 0.012673196964897215,
      "operation_seconds": 0.44413824897492304,
      "total_phase_seconds": 0.5453004100127146,
      "scope": "file writes include journal intent/add/flush; excludes this timing receipt and checkpoint writes",
      "mode": "stage4_sealed_cell",
      "banner": "sealed Stage 4; scientific admission also requires complete declared populations"
    },
    {
      "phase": "immediate:202",
      "identity_check_kind": "in_memory_structure_and_configuration",
      "recipe_verification_seconds": 0.0,
      "identity_verification_seconds": 0.0,
      "identity_check_seconds": 0.0017923350096680224,
      "state_hash_seconds": 0.0948504229891114,
      "clone_seconds": 0.008589131000917405,
      "restore_seconds": 0.0024446549941785634,
      "file_write_seconds": 0.012457844975870103,
      "operation_seconds": 0.33631893200799823,
      "total_phase_seconds": 0.4565576600143686,
      "scope": "file writes include journal intent/add/flush; excludes this timing receipt and checkpoint writes",
      "mode": "stage4_sealed_cell",
      "banner": "sealed Stage 4; scientific admission also requires complete declared populations"
    },
    {
      "phase": "edit:203",
      "identity_check_kind": "in_memory_structure_and_configuration",
      "recipe_verification_seconds": 0.0,
      "identity_verification_seconds": 0.0,
      "identity_check_seconds": 0.0018540439778007567,
      "state_hash_seconds": 0.08036262803943828,
      "clone_seconds": 0.008708479988854378,
      "restore_seconds": 0.0,
      "file_write_seconds": 0.012307407043408602,
      "operation_seconds": 0.5924015549826436,
      "total_phase_seconds": 0.6957294959574938,
      "scope": "file writes include journal intent/add/flush; excludes this timing receipt and checkpoint writes",
      "mode": "stage4_sealed_cell",
      "banner": "sealed Stage 4; scientific admission also requires complete declared populations"
    },
    {
      "phase": "immediate:203",
      "identity_check_kind": "in_memory_structure_and_configuration",
      "recipe_verification_seconds": 0.0,
      "identity_verification_seconds": 0.0,
      "identity_check_seconds": 0.0018266510451212525,
      "state_hash_seconds": 0.09546762792160735,
      "clone_seconds": 0.008290147001389414,
      "restore_seconds": 0.002410089015029371,
      "file_write_seconds": 0.01221931801410392,
      "operation_seconds": 0.3824169450090267,
      "total_phase_seconds": 0.5027319319779053,
      "scope": "file writes include journal intent/add/flush; excludes this timing receipt and checkpoint writes",
      "mode": "stage4_sealed_cell",
      "banner": "sealed Stage 4; scientific admission also requires complete declared populations"
    },
    {
      "phase": "edit:204",
      "identity_check_kind": "in_memory_structure_and_configuration",
      "recipe_verification_seconds": 0.0,
      "identity_verification_seconds": 0.0,
      "identity_check_seconds": 0.0017913030460476875,
      "state_hash_seconds": 0.07755715301027521,
      "clone_seconds": 0.008852605009451509,
      "restore_seconds": 0.0,
      "file_write_seconds": 0.012183037993963808,
      "operation_seconds": 1.2160389220225625,
      "total_phase_seconds": 1.3165180329815485,
      "scope": "file writes include journal intent/add/flush; excludes this timing receipt and checkpoint writes",
      "mode": "stage4_sealed_cell",
      "banner": "sealed Stage 4; scientific admission also requires complete declared populations"
    },
    {
      "phase": "immediate:204",
      "identity_check_kind": "in_memory_structure_and_configuration",
      "recipe_verification_seconds": 0.0,
      "identity_verification_seconds": 0.0,
      "identity_check_seconds": 0.0017886789864860475,
      "state_hash_seconds": 0.09717774286400527,
      "clone_seconds": 0.009362111974041909,
      "restore_seconds": 0.0030453859944827855,
      "file_write_seconds": 0.012182157021015882,
      "operation_seconds": 0.525932872958947,
      "total_phase_seconds": 0.6495906339841895,
      "scope": "file writes include journal intent/add/flush; excludes this timing receipt and checkpoint writes",
      "mode": "stage4_sealed_cell",
      "banner": "sealed Stage 4; scientific admission also requires complete declared populations"
    },
    {
      "phase": "edit:205",
      "identity_check_kind": "in_memory_structure_and_configuration",
      "recipe_verification_seconds": 0.0,
      "identity_verification_seconds": 0.0,
      "identity_check_seconds": 0.0018370309844613075,
      "state_hash_seconds": 0.07998599600978196,
      "clone_seconds": 0.009335130045656115,
      "restore_seconds": 0.0,
      "file_write_seconds": 0.01228541403543204,
      "operation_seconds": 0.45897552400128916,
      "total_phase_seconds": 0.562512485019397,
      "scope": "file writes include journal intent/add/flush; excludes this timing receipt and checkpoint writes",
      "mode": "stage4_sealed_cell",
      "banner": "sealed Stage 4; scientific admission also requires complete declared populations"
    },
    {
      "phase": "immediate:205",
      "identity_check_kind": "in_memory_structure_and_configuration",
      "recipe_verification_seconds": 0.0,
      "identity_verification_seconds": 0.0,
      "identity_check_seconds": 0.0022494299919344485,
      "state_hash_seconds": 0.09895935998065397,
      "clone_seconds": 0.008720873040147126,
      "restore_seconds": 0.0024814860080368817,
      "file_write_seconds": 0.012249305960722268,
      "operation_seconds": 0.4644315100158565,
      "total_phase_seconds": 0.589214357023593,
      "scope": "file writes include journal intent/add/flush; excludes this timing receipt and checkpoint writes",
      "mode": "stage4_sealed_cell",
      "banner": "sealed Stage 4; scientific admission also requires complete declared populations"
    },
    {
      "phase": "edit:206",
      "identity_check_kind": "in_memory_structure_and_configuration",
      "recipe_verification_seconds": 0.0,
      "identity_verification_seconds": 0.0,
      "identity_check_seconds": 0.001761185994837433,
      "state_hash_seconds": 0.0784652010188438,
      "clone_seconds": 0.00959390599746257,
      "restore_seconds": 0.0,
      "file_write_seconds": 0.012200791970826685,
      "operation_seconds": 0.3025120830279775,
      "total_phase_seconds": 0.40462553600082174,
      "scope": "file writes include journal intent/add/flush; excludes this timing receipt and checkpoint writes",
      "mode": "stage4_sealed_cell",
      "banner": "sealed Stage 4; scientific admission also requires complete declared populations"
    },
    {
      "phase": "immediate:206",
      "identity_check_kind": "in_memory_structure_and_configuration",
      "recipe_verification_seconds": 0.0,
      "identity_verification_seconds": 0.0,
      "identity_check_seconds": 0.0017903720145113766,
      "state_hash_seconds": 0.09359595796559006,
      "clone_seconds": 0.008583349001128227,
      "restore_seconds": 0.0023657839628867805,
      "file_write_seconds": 0.012168569955974817,
      "operation_seconds": 0.2915506860008463,
      "total_phase_seconds": 0.4101526489830576,
      "scope": "file writes include journal intent/add/flush; excludes this timing receipt and checkpoint writes",
      "mode": "stage4_sealed_cell",
      "banner": "sealed Stage 4; scientific admission also requires complete declared populations"
    },
    {
      "phase": "edit:207",
      "identity_check_kind": "in_memory_structure_and_configuration",
      "recipe_verification_seconds": 0.0,
      "identity_verification_seconds": 0.0,
      "identity_check_seconds": 0.001917203946504742,
      "state_hash_seconds": 0.08020275202579796,
      "clone_seconds": 0.009165774972643703,
      "restore_seconds": 0.0,
      "file_write_seconds": 0.012301465030759573,
      "operation_seconds": 0.4595622579799965,
      "total_phase_seconds": 0.5632400499889627,
      "scope": "file writes include journal intent/add/flush; excludes this timing receipt and checkpoint writes",
      "mode": "stage4_sealed_cell",
      "banner": "sealed Stage 4; scientific admission also requires complete declared populations"
    },
    {
      "phase": "immediate:207",
      "identity_check_kind": "in_memory_structure_and_configuration",
      "recipe_verification_seconds": 0.0,
      "identity_verification_seconds": 0.0,
      "identity_check_seconds": 0.0017661640304140747,
      "state_hash_seconds": 0.09530443290714175,
      "clone_seconds": 0.008717536984477192,
      "restore_seconds": 0.002492227009497583,
      "file_write_seconds": 0.012238664960023016,
      "operation_seconds": 0.334999303042423,
      "total_phase_seconds": 0.45562357996823266,
      "scope": "file writes include journal intent/add/flush; excludes this timing receipt and checkpoint writes",
      "mode": "stage4_sealed_cell",
      "banner": "sealed Stage 4; scientific admission also requires complete declared populations"
    },
    {
      "phase": "edit:208",
      "identity_check_kind": "in_memory_structure_and_configuration",
      "recipe_verification_seconds": 0.0,
      "identity_verification_seconds": 0.0,
      "identity_check_seconds": 0.001890642975922674,
      "state_hash_seconds": 0.07747611706145108,
      "clone_seconds": 0.009895704977679998,
      "restore_seconds": 0.0,
      "file_write_seconds": 0.012423267995472997,
      "operation_seconds": 0.3029069000040181,
      "total_phase_seconds": 0.4046747800312005,
      "scope": "file writes include journal intent/add/flush; excludes this timing receipt and checkpoint writes",
      "mode": "stage4_sealed_cell",
      "banner": "sealed Stage 4; scientific admission also requires complete declared populations"
    },
    {
      "phase": "immediate:208",
      "identity_check_kind": "in_memory_structure_and_configuration",
      "recipe_verification_seconds": 0.0,
      "identity_verification_seconds": 0.0,
      "identity_check_seconds": 0.001894530956633389,
      "state_hash_seconds": 0.09663468296639621,
      "clone_seconds": 0.008928620954975486,
      "restore_seconds": 0.002497205976396799,
      "file_write_seconds": 0.012254895991645753,
      "operation_seconds": 0.28546356997685507,
      "total_phase_seconds": 0.40777250699466094,
      "scope": "file writes include journal intent/add/flush; excludes this timing receipt and checkpoint writes",
      "mode": "stage4_sealed_cell",
      "banner": "sealed Stage 4; scientific admission also requires complete declared populations"
    },
    {
      "phase": "edit:209",
      "identity_check_kind": "in_memory_structure_and_configuration",
      "recipe_verification_seconds": 0.0,
      "identity_verification_seconds": 0.0,
      "identity_check_seconds": 0.0017915140488184988,
      "state_hash_seconds": 0.07899763307068497,
      "clone_seconds": 0.010083773988299072,
      "restore_seconds": 0.0,
      "file_write_seconds": 0.012264343968126923,
      "operation_seconds": 0.45836618600878865,
      "total_phase_seconds": 0.5615878840326332,
      "scope": "file writes include journal intent/add/flush; excludes this timing receipt and checkpoint writes",
      "mode": "stage4_sealed_cell",
      "banner": "sealed Stage 4; scientific admission also requires complete declared populations"
    },
    {
      "phase": "immediate:209",
      "identity_check_kind": "in_memory_structure_and_configuration",
      "recipe_verification_seconds": 0.0,
      "identity_verification_seconds": 0.0,
      "identity_check_seconds": 0.0017617160337977111,
      "state_hash_seconds": 0.09650828299345449,
      "clone_seconds": 0.008723607985302806,
      "restore_seconds": 0.0024832990020513535,
      "file_write_seconds": 0.012395664991345257,
      "operation_seconds": 0.3390385029488243,
      "total_phase_seconds": 0.46101070404984057,
      "scope": "file writes include journal intent/add/flush; excludes this timing receipt and checkpoint writes",
      "mode": "stage4_sealed_cell",
      "banner": "sealed Stage 4; scientific admission also requires complete declared populations"
    },
    {
      "phase": "edit:210",
      "identity_check_kind": "in_memory_structure_and_configuration",
      "recipe_verification_seconds": 0.0,
      "identity_verification_seconds": 0.0,
      "identity_check_seconds": 0.002080017060507089,
      "state_hash_seconds": 0.07908269396284595,
      "clone_seconds": 0.00917335000121966,
      "restore_seconds": 0.0,
      "file_write_seconds": 0.012250827974639833,
      "operation_seconds": 0.45501499401871115,
      "total_phase_seconds": 0.5576935400022194,
      "scope": "file writes include journal intent/add/flush; excludes this timing receipt and checkpoint writes",
      "mode": "stage4_sealed_cell",
      "banner": "sealed Stage 4; scientific admission also requires complete declared populations"
    },
    {
      "phase": "immediate:210",
      "identity_check_kind": "in_memory_structure_and_configuration",
      "recipe_verification_seconds": 0.0,
      "identity_verification_seconds": 0.0,
      "identity_check_seconds": 0.001931492064613849,
      "state_hash_seconds": 0.09588205098407343,
      "clone_seconds": 0.008571637037675828,
      "restore_seconds": 0.0030309089925140142,
      "file_write_seconds": 0.012245207035448402,
      "operation_seconds": 0.33287584298523143,
      "total_phase_seconds": 0.4546367690199986,
      "scope": "file writes include journal intent/add/flush; excludes this timing receipt and checkpoint writes",
      "mode": "stage4_sealed_cell",
      "banner": "sealed Stage 4; scientific admission also requires complete declared populations"
    },
    {
      "phase": "edit:211",
      "identity_check_kind": "in_memory_structure_and_configuration",
      "recipe_verification_seconds": 0.0,
      "identity_verification_seconds": 0.0,
      "identity_check_seconds": 0.0017521580448374152,
      "state_hash_seconds": 0.07981597108300775,
      "clone_seconds": 0.009270376001950353,
      "restore_seconds": 0.0,
      "file_write_seconds": 0.01226762094302103,
      "operation_seconds": 0.6087924579624087,
      "total_phase_seconds": 0.711986320966389,
      "scope": "file writes include journal intent/add/flush; excludes this timing receipt and checkpoint writes",
      "mode": "stage4_sealed_cell",
      "banner": "sealed Stage 4; scientific admission also requires complete declared populations"
    },
    {
      "phase": "immediate:211",
      "identity_check_kind": "in_memory_structure_and_configuration",
      "recipe_verification_seconds": 0.0,
      "identity_verification_seconds": 0.0,
      "identity_check_seconds": 0.0017699010204523802,
      "state_hash_seconds": 0.09609888796694577,
      "clone_seconds": 0.008847896999213845,
      "restore_seconds": 0.0025565199903212488,
      "file_write_seconds": 0.012200622004456818,
      "operation_seconds": 0.42914685897994787,
      "total_phase_seconds": 0.5507188139599748,
      "scope": "file writes include journal intent/add/flush; excludes this timing receipt and checkpoint writes",
      "mode": "stage4_sealed_cell",
      "banner": "sealed Stage 4; scientific admission also requires complete declared populations"
    },
    {
      "phase": "edit:212",
      "identity_check_kind": "in_memory_structure_and_configuration",
      "recipe_verification_seconds": 0.0,
      "identity_verification_seconds": 0.0,
      "identity_check_seconds": 0.0017840189975686371,
      "state_hash_seconds": 0.07731569901807234,
      "clone_seconds": 0.008538592956028879,
      "restore_seconds": 0.0,
      "file_write_seconds": 0.012439398968126625,
      "operation_seconds": 0.6042526779929176,
      "total_phase_seconds": 0.7044148709974252,
      "scope": "file writes include journal intent/add/flush; excludes this timing receipt and checkpoint writes",
      "mode": "stage4_sealed_cell",
      "banner": "sealed Stage 4; scientific admission also requires complete declared populations"
    },
    {
      "phase": "immediate:212",
      "identity_check_kind": "in_memory_structure_and_configuration",
      "recipe_verification_seconds": 0.0,
      "identity_verification_seconds": 0.0,
      "identity_check_seconds": 0.001833963964600116,
      "state_hash_seconds": 0.18768088903743774,
      "clone_seconds": 0.008294484985526651,
      "restore_seconds": 0.0026613500085659325,
      "file_write_seconds": 0.012272669991943985,
      "operation_seconds": 0.3819336479646154,
      "total_phase_seconds": 0.5947775189997628,
      "scope": "file writes include journal intent/add/flush; excludes this timing receipt and checkpoint writes",
      "mode": "stage4_sealed_cell",
      "banner": "sealed Stage 4; scientific admission also requires complete declared populations"
    },
    {
      "phase": "edit:213",
      "identity_check_kind": "in_memory_structure_and_configuration",
      "recipe_verification_seconds": 0.0,
      "identity_verification_seconds": 0.0,
      "identity_check_seconds": 0.001787897082976997,
      "state_hash_seconds": 0.0785555180045776,
      "clone_seconds": 0.011928910971619189,
      "restore_seconds": 0.0,
      "file_write_seconds": 0.012214107031468302,
      "operation_seconds": 0.7873135099653155,
      "total_phase_seconds": 0.8918897629482672,
      "scope": "file writes include journal intent/add/flush; excludes this timing receipt and checkpoint writes",
      "mode": "stage4_sealed_cell",
      "banner": "sealed Stage 4; scientific admission also requires complete declared populations"
    },
    {
      "phase": "immediate:213",
      "identity_check_kind": "in_memory_structure_and_configuration",
      "recipe_verification_seconds": 0.0,
      "identity_verification_seconds": 0.0,
      "identity_check_seconds": 0.0018556959694251418,
      "state_hash_seconds": 0.09667989902663976,
      "clone_seconds": 0.008804622979369015,
      "restore_seconds": 0.0031452879775315523,
      "file_write_seconds": 0.01226940396009013,
      "operation_seconds": 0.38265110400971025,
      "total_phase_seconds": 0.5055113370181061,
      "scope": "file writes include journal intent/add/flush; excludes this timing receipt and checkpoint writes",
      "mode": "stage4_sealed_cell",
      "banner": "sealed Stage 4; scientific admission also requires complete declared populations"
    },
    {
      "phase": "edit:214",
      "identity_check_kind": "in_memory_structure_and_configuration",
      "recipe_verification_seconds": 0.0,
      "identity_verification_seconds": 0.0,
      "identity_check_seconds": 0.0017594419186934829,
      "state_hash_seconds": 0.07773576508043334,
      "clone_seconds": 0.009077356022316962,
      "restore_seconds": 0.0,
      "file_write_seconds": 0.012193147966172546,
      "operation_seconds": 0.4472820440423675,
      "total_phase_seconds": 0.5481336890370585,
      "scope": "file writes include journal intent/add/flush; excludes this timing receipt and checkpoint writes",
      "mode": "stage4_sealed_cell",
      "banner": "sealed Stage 4; scientific admission also requires complete declared populations"
    },
    {
      "phase": "immediate:214",
      "identity_check_kind": "in_memory_structure_and_configuration",
      "recipe_verification_seconds": 0.0,
      "identity_verification_seconds": 0.0,
      "identity_check_seconds": 0.0017737200250849128,
      "state_hash_seconds": 0.09630546200787649,
      "clone_seconds": 0.008430136018432677,
      "restore_seconds": 0.0023393029696308076,
      "file_write_seconds": 0.012182827980723232,
      "operation_seconds": 0.33136618003482,
      "total_phase_seconds": 0.45249217899981886,
      "scope": "file writes include journal intent/add/flush; excludes this timing receipt and checkpoint writes",
      "mode": "stage4_sealed_cell",
      "banner": "sealed Stage 4; scientific admission also requires complete declared populations"
    },
    {
      "phase": "edit:215",
      "identity_check_kind": "in_memory_structure_and_configuration",
      "recipe_verification_seconds": 0.0,
      "identity_verification_seconds": 0.0,
      "identity_check_seconds": 0.0017661250312812626,
      "state_hash_seconds": 0.07850627199513838,
      "clone_seconds": 0.008947618014644831,
      "restore_seconds": 0.0,
      "file_write_seconds": 0.012356459978036582,
      "operation_seconds": 0.44659834500635043,
      "total_phase_seconds": 0.5482736169942655,
      "scope": "file writes include journal intent/add/flush; excludes this timing receipt and checkpoint writes",
      "mode": "stage4_sealed_cell",
      "banner": "sealed Stage 4; scientific admission also requires complete declared populations"
    },
    {
      "phase": "immediate:215",
      "identity_check_kind": "in_memory_structure_and_configuration",
      "recipe_verification_seconds": 0.0,
      "identity_verification_seconds": 0.0,
      "identity_check_seconds": 0.0017566169844940305,
      "state_hash_seconds": 0.09506612794939429,
      "clone_seconds": 0.009585419029463083,
      "restore_seconds": 0.002637964964378625,
      "file_write_seconds": 0.01217110501602292,
      "operation_seconds": 0.3319072360172868,
      "total_phase_seconds": 0.45322258898522705,
      "scope": "file writes include journal intent/add/flush; excludes this timing receipt and checkpoint writes",
      "mode": "stage4_sealed_cell",
      "banner": "sealed Stage 4; scientific admission also requires complete declared populations"
    },
    {
      "phase": "edit:216",
      "identity_check_kind": "in_memory_structure_and_configuration",
      "recipe_verification_seconds": 0.0,
      "identity_verification_seconds": 0.0,
      "identity_check_seconds": 0.0019079160410910845,
      "state_hash_seconds": 0.07922698301263154,
      "clone_seconds": 0.008421859994996339,
      "restore_seconds": 0.0,
      "file_write_seconds": 0.012118194019421935,
      "operation_seconds": 0.4562808890477754,
      "total_phase_seconds": 0.5580506239784881,
      "scope": "file writes include journal intent/add/flush; excludes this timing receipt and checkpoint writes",
      "mode": "stage4_sealed_cell",
      "banner": "sealed Stage 4; scientific admission also requires complete declared populations"
    },
    {
      "phase": "immediate:216",
      "identity_check_kind": "in_memory_structure_and_configuration",
      "recipe_verification_seconds": 0.0,
      "identity_verification_seconds": 0.0,
      "identity_check_seconds": 0.0017740000039339066,
      "state_hash_seconds": 0.09799250599462539,
      "clone_seconds": 0.009804600034840405,
      "restore_seconds": 0.002585234004072845,
      "file_write_seconds": 0.012199609016533941,
      "operation_seconds": 0.34081196202896535,
      "total_phase_seconds": 0.46526462701149285,
      "scope": "file writes include journal intent/add/flush; excludes this timing receipt and checkpoint writes",
      "mode": "stage4_sealed_cell",
      "banner": "sealed Stage 4; scientific admission also requires complete declared populations"
    },
    {
      "phase": "edit:217",
      "identity_check_kind": "in_memory_structure_and_configuration",
      "recipe_verification_seconds": 0.0,
      "identity_verification_seconds": 0.0,
      "identity_check_seconds": 0.001937774010002613,
      "state_hash_seconds": 0.078986082051415,
      "clone_seconds": 0.009547556983307004,
      "restore_seconds": 0.0,
      "file_write_seconds": 0.012342674017418176,
      "operation_seconds": 0.3022721229935996,
      "total_phase_seconds": 0.405173356004525,
      "scope": "file writes include journal intent/add/flush; excludes this timing receipt and checkpoint writes",
      "mode": "stage4_sealed_cell",
      "banner": "sealed Stage 4; scientific admission also requires complete declared populations"
    },
    {
      "phase": "immediate:217",
      "identity_check_kind": "in_memory_structure_and_configuration",
      "recipe_verification_seconds": 0.0,
      "identity_verification_seconds": 0.0,
      "identity_check_seconds": 0.0017827070550993085,
      "state_hash_seconds": 0.09850769187323749,
      "clone_seconds": 0.008682890038471669,
      "restore_seconds": 0.0038604179862886667,
      "file_write_seconds": 0.012291094986721873,
      "operation_seconds": 0.28542542801005766,
      "total_phase_seconds": 0.4106480280170217,
      "scope": "file writes include journal intent/add/flush; excludes this timing receipt and checkpoint writes",
      "mode": "stage4_sealed_cell",
      "banner": "sealed Stage 4; scientific admission also requires complete declared populations"
    },
    {
      "phase": "edit:218",
      "identity_check_kind": "in_memory_structure_and_configuration",
      "recipe_verification_seconds": 0.0,
      "identity_verification_seconds": 0.0,
      "identity_check_seconds": 0.0018056310364045203,
      "state_hash_seconds": 0.0789173390949145,
      "clone_seconds": 0.009162970003671944,
      "restore_seconds": 0.0,
      "file_write_seconds": 0.01238502498017624,
      "operation_seconds": 0.30489786504767835,
      "total_phase_seconds": 0.4072579210042022,
      "scope": "file writes include journal intent/add/flush; excludes this timing receipt and checkpoint writes",
      "mode": "stage4_sealed_cell",
      "banner": "sealed Stage 4; scientific admission also requires complete declared populations"
    },
    {
      "phase": "immediate:218",
      "identity_check_kind": "in_memory_structure_and_configuration",
      "recipe_verification_seconds": 0.0,
      "identity_verification_seconds": 0.0,
      "identity_check_seconds": 0.001769350958056748,
      "state_hash_seconds": 0.09644171304535121,
      "clone_seconds": 0.00896625401219353,
      "restore_seconds": 0.0025763369631022215,
      "file_write_seconds": 0.012401145999319851,
      "operation_seconds": 0.2927942589740269,
      "total_phase_seconds": 0.41507138503948227,
      "scope": "file writes include journal intent/add/flush; excludes this timing receipt and checkpoint writes",
      "mode": "stage4_sealed_cell",
      "banner": "sealed Stage 4; scientific admission also requires complete declared populations"
    },
    {
      "phase": "edit:219",
      "identity_check_kind": "in_memory_structure_and_configuration",
      "recipe_verification_seconds": 0.0,
      "identity_verification_seconds": 0.0,
      "identity_check_seconds": 0.0021678840275853872,
      "state_hash_seconds": 0.07840789307374507,
      "clone_seconds": 0.009635525988414884,
      "restore_seconds": 0.0,
      "file_write_seconds": 0.012357431987766176,
      "operation_seconds": 0.6059099030098878,
      "total_phase_seconds": 0.7085687009966932,
      "scope": "file writes include journal intent/add/flush; excludes this timing receipt and checkpoint writes",
      "mode": "stage4_sealed_cell",
      "banner": "sealed Stage 4; scientific admission also requires complete declared populations"
    },
    {
      "phase": "immediate:219",
      "identity_check_kind": "in_memory_structure_and_configuration",
      "recipe_verification_seconds": 0.0,
      "identity_verification_seconds": 0.0,
      "identity_check_seconds": 0.0017677180003374815,
      "state_hash_seconds": 0.09557165403384715,
      "clone_seconds": 0.008252666040789336,
      "restore_seconds": 0.0025570099824108183,
      "file_write_seconds": 0.012486209045164287,
      "operation_seconds": 0.5569056899985299,
      "total_phase_seconds": 0.6776479450054467,
      "scope": "file writes include journal intent/add/flush; excludes this timing receipt and checkpoint writes",
      "mode": "stage4_sealed_cell",
      "banner": "sealed Stage 4; scientific admission also requires complete declared populations"
    },
    {
      "phase": "edit:220",
      "identity_check_kind": "in_memory_structure_and_configuration",
      "recipe_verification_seconds": 0.0,
      "identity_verification_seconds": 0.0,
      "identity_check_seconds": 0.0017825860413722694,
      "state_hash_seconds": 0.07902326202020049,
      "clone_seconds": 0.008699763042386621,
      "restore_seconds": 0.0,
      "file_write_seconds": 0.012303489027544856,
      "operation_seconds": 0.46798680297797546,
      "total_phase_seconds": 0.5698963759932667,
      "scope": "file writes include journal intent/add/flush; excludes this timing receipt and checkpoint writes",
      "mode": "stage4_sealed_cell",
      "banner": "sealed Stage 4; scientific admission also requires complete declared populations"
    },
    {
      "phase": "immediate:220",
      "identity_check_kind": "in_memory_structure_and_configuration",
      "recipe_verification_seconds": 0.0,
      "identity_verification_seconds": 0.0,
      "identity_check_seconds": 0.001781242957804352,
      "state_hash_seconds": 0.09754137101117522,
      "clone_seconds": 0.010200418997555971,
      "restore_seconds": 0.002495622029528022,
      "file_write_seconds": 0.012227503000758588,
      "operation_seconds": 0.33507160103181377,
      "total_phase_seconds": 0.45941586699336767,
      "scope": "file writes include journal intent/add/flush; excludes this timing receipt and checkpoint writes",
      "mode": "stage4_sealed_cell",
      "banner": "sealed Stage 4; scientific admission also requires complete declared populations"
    },
    {
      "phase": "edit:221",
      "identity_check_kind": "in_memory_structure_and_configuration",
      "recipe_verification_seconds": 0.0,
      "identity_verification_seconds": 0.0,
      "identity_check_seconds": 0.0018701740191318095,
      "state_hash_seconds": 0.07760361203690991,
      "clone_seconds": 0.009300153004005551,
      "restore_seconds": 0.0,
      "file_write_seconds": 0.012353415018878877,
      "operation_seconds": 0.4751082809525542,
      "total_phase_seconds": 0.5763343939906918,
      "scope": "file writes include journal intent/add/flush; excludes this timing receipt and checkpoint writes",
      "mode": "stage4_sealed_cell",
      "banner": "sealed Stage 4; scientific admission also requires complete declared populations"
    },
    {
      "phase": "immediate:221",
      "identity_check_kind": "in_memory_structure_and_configuration",
      "recipe_verification_seconds": 0.0,
      "identity_verification_seconds": 0.0,
      "identity_check_seconds": 0.0017634190153330564,
      "state_hash_seconds": 0.09627501299837604,
      "clone_seconds": 0.008960481965914369,
      "restore_seconds": 0.0024551450042054057,
      "file_write_seconds": 0.012297368026338518,
      "operation_seconds": 0.293039309035521,
      "total_phase_seconds": 0.41488900495460257,
      "scope": "file writes include journal intent/add/flush; excludes this timing receipt and checkpoint writes",
      "mode": "stage4_sealed_cell",
      "banner": "sealed Stage 4; scientific admission also requires complete declared populations"
    },
    {
      "phase": "edit:222",
      "identity_check_kind": "in_memory_structure_and_configuration",
      "recipe_verification_seconds": 0.0,
      "identity_verification_seconds": 0.0,
      "identity_check_seconds": 0.0017341839848086238,
      "state_hash_seconds": 0.07844122499227524,
      "clone_seconds": 0.00862862600479275,
      "restore_seconds": 0.0,
      "file_write_seconds": 0.012195271032396704,
      "operation_seconds": 0.4649062299868092,
      "total_phase_seconds": 0.5659947380190715,
      "scope": "file writes include journal intent/add/flush; excludes this timing receipt and checkpoint writes",
      "mode": "stage4_sealed_cell",
      "banner": "sealed Stage 4; scientific admission also requires complete declared populations"
    },
    {
      "phase": "immediate:222",
      "identity_check_kind": "in_memory_structure_and_configuration",
      "recipe_verification_seconds": 0.0,
      "identity_verification_seconds": 0.0,
      "identity_check_seconds": 0.0017936379881575704,
      "state_hash_seconds": 0.09444048802834004,
      "clone_seconds": 0.010568864003289491,
      "restore_seconds": 0.0024800130049698055,
      "file_write_seconds": 0.01216291997116059,
      "operation_seconds": 0.33664243103703484,
      "total_phase_seconds": 0.45819562004180625,
      "scope": "file writes include journal intent/add/flush; excludes this timing receipt and checkpoint writes",
      "mode": "stage4_sealed_cell",
      "banner": "sealed Stage 4; scientific admission also requires complete declared populations"
    },
    {
      "phase": "edit:223",
      "identity_check_kind": "in_memory_structure_and_configuration",
      "recipe_verification_seconds": 0.0,
      "identity_verification_seconds": 0.0,
      "identity_check_seconds": 0.0018043579766526818,
      "state_hash_seconds": 0.07822146703256294,
      "clone_seconds": 0.009926392987836152,
      "restore_seconds": 0.0,
      "file_write_seconds": 0.012323678005486727,
      "operation_seconds": 0.3093230059603229,
      "total_phase_seconds": 0.4116979599930346,
      "scope": "file writes include journal intent/add/flush; excludes this timing receipt and checkpoint writes",
      "mode": "stage4_sealed_cell",
      "banner": "sealed Stage 4; scientific admission also requires complete declared populations"
    },
    {
      "phase": "immediate:223",
      "identity_check_kind": "in_memory_structure_and_configuration",
      "recipe_verification_seconds": 0.0,
      "identity_verification_seconds": 0.0,
      "identity_check_seconds": 0.0017941590049304068,
      "state_hash_seconds": 0.09786698501557112,
      "clone_seconds": 0.009317205986008048,
      "restore_seconds": 0.00236559403128922,
      "file_write_seconds": 0.01215763995423913,
      "operation_seconds": 0.28881456301314756,
      "total_phase_seconds": 0.4124123589717783,
      "scope": "file writes include journal intent/add/flush; excludes this timing receipt and checkpoint writes",
      "mode": "stage4_sealed_cell",
      "banner": "sealed Stage 4; scientific admission also requires complete declared populations"
    },
    {
      "phase": "edit:224",
      "identity_check_kind": "in_memory_structure_and_configuration",
      "recipe_verification_seconds": 0.0,
      "identity_verification_seconds": 0.0,
      "identity_check_seconds": 0.001824747014325112,
      "state_hash_seconds": 0.07712964300299063,
      "clone_seconds": 0.009908810025081038,
      "restore_seconds": 0.0,
      "file_write_seconds": 0.012091964017599821,
      "operation_seconds": 0.44969604100333527,
      "total_phase_seconds": 0.5507366280071437,
      "scope": "file writes include journal intent/add/flush; excludes this timing receipt and checkpoint writes",
      "mode": "stage4_sealed_cell",
      "banner": "sealed Stage 4; scientific admission also requires complete declared populations"
    },
    {
      "phase": "immediate:224",
      "identity_check_kind": "in_memory_structure_and_configuration",
      "recipe_verification_seconds": 0.0,
      "identity_verification_seconds": 0.0,
      "identity_check_seconds": 0.0019288960611447692,
      "state_hash_seconds": 0.0971818920224905,
      "clone_seconds": 0.0104761469992809,
      "restore_seconds": 0.0037255299976095557,
      "file_write_seconds": 0.012188708991743624,
      "operation_seconds": 0.33117697696434334,
      "total_phase_seconds": 0.4567770809517242,
      "scope": "file writes include journal intent/add/flush; excludes this timing receipt and checkpoint writes",
      "mode": "stage4_sealed_cell",
      "banner": "sealed Stage 4; scientific admission also requires complete declared populations"
    },
    {
      "phase": "edit:225",
      "identity_check_kind": "in_memory_structure_and_configuration",
      "recipe_verification_seconds": 0.0,
      "identity_verification_seconds": 0.0,
      "identity_check_seconds": 0.0022546120453625917,
      "state_hash_seconds": 0.0797108099795878,
      "clone_seconds": 0.00891133799450472,
      "restore_seconds": 0.0,
      "file_write_seconds": 0.0013020850019529462,
      "operation_seconds": 0.3104929869878106,
      "total_phase_seconds": 0.40276078204624355,
      "scope": "file writes include journal intent/add/flush; excludes this timing receipt and checkpoint writes",
      "mode": "stage4_sealed_cell",
      "banner": "sealed Stage 4; scientific admission also requires complete declared populations"
    },
    {
      "phase": "immediate:225",
      "identity_check_kind": "in_memory_structure_and_configuration",
      "recipe_verification_seconds": 0.0,
      "identity_verification_seconds": 0.0,
      "identity_check_seconds": 0.0017357160104438663,
      "state_hash_seconds": 0.09763162402668968,
      "clone_seconds": 0.00910697301151231,
      "restore_seconds": 0.0025063830544240773,
      "file_write_seconds": 0.012117291975300759,
      "operation_seconds": 0.28819587698671967,
      "total_phase_seconds": 0.4113896379712969,
      "scope": "file writes include journal intent/add/flush; excludes this timing receipt and checkpoint writes",
      "mode": "stage4_sealed_cell",
      "banner": "sealed Stage 4; scientific admission also requires complete declared populations"
    },
    {
      "phase": "edit:226",
      "identity_check_kind": "in_memory_structure_and_configuration",
      "recipe_verification_seconds": 0.0,
      "identity_verification_seconds": 0.0,
      "identity_check_seconds": 0.0018975860439240932,
      "state_hash_seconds": 0.07923634100006893,
      "clone_seconds": 0.10437530803028494,
      "restore_seconds": 0.0,
      "file_write_seconds": 0.012792696012184024,
      "operation_seconds": 0.675884224998299,
      "total_phase_seconds": 0.8743052749778144,
      "scope": "file writes include journal intent/add/flush; excludes this timing receipt and checkpoint writes",
      "mode": "stage4_sealed_cell",
      "banner": "sealed Stage 4; scientific admission also requires complete declared populations"
    },
    {
      "phase": "immediate:226",
      "identity_check_kind": "in_memory_structure_and_configuration",
      "recipe_verification_seconds": 0.0,
      "identity_verification_seconds": 0.0,
      "identity_check_seconds": 0.0018461779691278934,
      "state_hash_seconds": 0.09683204005705193,
      "clone_seconds": 0.009272460010834038,
      "restore_seconds": 0.0030162499751895666,
      "file_write_seconds": 0.012278782029170543,
      "operation_seconds": 0.3405055049806833,
      "total_phase_seconds": 0.4638484420138411,
      "scope": "file writes include journal intent/add/flush; excludes this timing receipt and checkpoint writes",
      "mode": "stage4_sealed_cell",
      "banner": "sealed Stage 4; scientific admission also requires complete declared populations"
    },
    {
      "phase": "edit:227",
      "identity_check_kind": "in_memory_structure_and_configuration",
      "recipe_verification_seconds": 0.0,
      "identity_verification_seconds": 0.0,
      "identity_check_seconds": 0.0017452450119890273,
      "state_hash_seconds": 0.0793144001509063,
      "clone_seconds": 0.010582180053461343,
      "restore_seconds": 0.0,
      "file_write_seconds": 0.020350851002149284,
      "operation_seconds": 0.4551924429833889,
      "total_phase_seconds": 0.56727093399968,
      "scope": "file writes include journal intent/add/flush; excludes this timing receipt and checkpoint writes",
      "mode": "stage4_sealed_cell",
      "banner": "sealed Stage 4; scientific admission also requires complete declared populations"
    },
    {
      "phase": "immediate:227",
      "identity_check_kind": "in_memory_structure_and_configuration",
      "recipe_verification_seconds": 0.0,
      "identity_verification_seconds": 0.0,
      "identity_check_seconds": 0.0019471619743853807,
      "state_hash_seconds": 0.09903073706664145,
      "clone_seconds": 0.010876794985961169,
      "restore_seconds": 0.0034819429856725037,
      "file_write_seconds": 0.012239987030625343,
      "operation_seconds": 0.38497996696969494,
      "total_phase_seconds": 0.5126588139683008,
      "scope": "file writes include journal intent/add/flush; excludes this timing receipt and checkpoint writes",
      "mode": "stage4_sealed_cell",
      "banner": "sealed Stage 4; scientific admission also requires complete declared populations"
    },
    {
      "phase": "edit:228",
      "identity_check_kind": "in_memory_structure_and_configuration",
      "recipe_verification_seconds": 0.0,
      "identity_verification_seconds": 0.0,
      "identity_check_seconds": 0.0017735290457494557,
      "state_hash_seconds": 0.07707091094926,
      "clone_seconds": 0.009533679985906929,
      "restore_seconds": 0.0,
      "file_write_seconds": 0.012245187012013048,
      "operation_seconds": 0.442682018969208,
      "total_phase_seconds": 0.5433967509889044,
      "scope": "file writes include journal intent/add/flush; excludes this timing receipt and checkpoint writes",
      "mode": "stage4_sealed_cell",
      "banner": "sealed Stage 4; scientific admission also requires complete declared populations"
    },
    {
      "phase": "immediate:228",
      "identity_check_kind": "in_memory_structure_and_configuration",
      "recipe_verification_seconds": 0.0,
      "identity_verification_seconds": 0.0,
      "identity_check_seconds": 0.0017808830016292632,
      "state_hash_seconds": 0.09468622005078942,
      "clone_seconds": 0.00921902694972232,
      "restore_seconds": 0.002282855042722076,
      "file_write_seconds": 0.01224177103722468,
      "operation_seconds": 0.33700640802271664,
      "total_phase_seconds": 0.4573163349996321,
      "scope": "file writes include journal intent/add/flush; excludes this timing receipt and checkpoint writes",
      "mode": "stage4_sealed_cell",
      "banner": "sealed Stage 4; scientific admission also requires complete declared populations"
    },
    {
      "phase": "edit:229",
      "identity_check_kind": "in_memory_structure_and_configuration",
      "recipe_verification_seconds": 0.0,
      "identity_verification_seconds": 0.0,
      "identity_check_seconds": 0.0020276050199754536,
      "state_hash_seconds": 0.07866774091962725,
      "clone_seconds": 0.00890294200507924,
      "restore_seconds": 0.0,
      "file_write_seconds": 0.012293299019802362,
      "operation_seconds": 0.7798175750067458,
      "total_phase_seconds": 0.8818014899734408,
      "scope": "file writes include journal intent/add/flush; excludes this timing receipt and checkpoint writes",
      "mode": "stage4_sealed_cell",
      "banner": "sealed Stage 4; scientific admission also requires complete declared populations"
    },
    {
      "phase": "immediate:229",
      "identity_check_kind": "in_memory_structure_and_configuration",
      "recipe_verification_seconds": 0.0,
      "identity_verification_seconds": 0.0,
      "identity_check_seconds": 0.002048927010037005,
      "state_hash_seconds": 0.0980731500312686,
      "clone_seconds": 0.010688462993130088,
      "restore_seconds": 0.0033124579931609333,
      "file_write_seconds": 0.012314851046539843,
      "operation_seconds": 0.38717845000792295,
      "total_phase_seconds": 0.5137162109604105,
      "scope": "file writes include journal intent/add/flush; excludes this timing receipt and checkpoint writes",
      "mode": "stage4_sealed_cell",
      "banner": "sealed Stage 4; scientific admission also requires complete declared populations"
    },
    {
      "phase": "edit:230",
      "identity_check_kind": "in_memory_structure_and_configuration",
      "recipe_verification_seconds": 0.0,
      "identity_verification_seconds": 0.0,
      "identity_check_seconds": 0.0017850000294856727,
      "state_hash_seconds": 0.07833262905478477,
      "clone_seconds": 0.009230459982063621,
      "restore_seconds": 0.0,
      "file_write_seconds": 0.012387779948767275,
      "operation_seconds": 0.4588307359954342,
      "total_phase_seconds": 0.5606588629889302,
      "scope": "file writes include journal intent/add/flush; excludes this timing receipt and checkpoint writes",
      "mode": "stage4_sealed_cell",
      "banner": "sealed Stage 4; scientific admission also requires complete declared populations"
    },
    {
      "phase": "immediate:230",
      "identity_check_kind": "in_memory_structure_and_configuration",
      "recipe_verification_seconds": 0.0,
      "identity_verification_seconds": 0.0,
      "identity_check_seconds": 0.0019332539523020387,
      "state_hash_seconds": 0.09545155498199165,
      "clone_seconds": 0.00908321695169434,
      "restore_seconds": 0.0024784309789538383,
      "file_write_seconds": 0.012239194998983294,
      "operation_seconds": 0.28391897096298635,
      "total_phase_seconds": 0.40520374302286655,
      "scope": "file writes include journal intent/add/flush; excludes this timing receipt and checkpoint writes",
      "mode": "stage4_sealed_cell",
      "banner": "sealed Stage 4; scientific admission also requires complete declared populations"
    },
    {
      "phase": "edit:231",
      "identity_check_kind": "in_memory_structure_and_configuration",
      "recipe_verification_seconds": 0.0,
      "identity_verification_seconds": 0.0,
      "identity_check_seconds": 0.002011194999795407,
      "state_hash_seconds": 0.0783655999111943,
      "clone_seconds": 0.00947795296087861,
      "restore_seconds": 0.0,
      "file_write_seconds": 0.012416034995112568,
      "operation_seconds": 0.44617759698303416,
      "total_phase_seconds": 0.5485381640028208,
      "scope": "file writes include journal intent/add/flush; excludes this timing receipt and checkpoint writes",
      "mode": "stage4_sealed_cell",
      "banner": "sealed Stage 4; scientific admission also requires complete declared populations"
    },
    {
      "phase": "immediate:231",
      "identity_check_kind": "in_memory_structure_and_configuration",
      "recipe_verification_seconds": 0.0,
      "identity_verification_seconds": 0.0,
      "identity_check_seconds": 0.0020042909891344607,
      "state_hash_seconds": 0.09518301393836737,
      "clone_seconds": 0.009474227030295879,
      "restore_seconds": 0.002316959958989173,
      "file_write_seconds": 0.012240077019669116,
      "operation_seconds": 0.3371585999848321,
      "total_phase_seconds": 0.45847824099473655,
      "scope": "file writes include journal intent/add/flush; excludes this timing receipt and checkpoint writes",
      "mode": "stage4_sealed_cell",
      "banner": "sealed Stage 4; scientific admission also requires complete declared populations"
    },
    {
      "phase": "edit:232",
      "identity_check_kind": "in_memory_structure_and_configuration",
      "recipe_verification_seconds": 0.0,
      "identity_verification_seconds": 0.0,
      "identity_check_seconds": 0.001732288976199925,
      "state_hash_seconds": 0.167989629029762,
      "clone_seconds": 0.009439830959308892,
      "restore_seconds": 0.0,
      "file_write_seconds": 0.01226286101154983,
      "operation_seconds": 0.45644115802133456,
      "total_phase_seconds": 0.6479608209920116,
      "scope": "file writes include journal intent/add/flush; excludes this timing receipt and checkpoint writes",
      "mode": "stage4_sealed_cell",
      "banner": "sealed Stage 4; scientific admission also requires complete declared populations"
    },
    {
      "phase": "immediate:232",
      "identity_check_kind": "in_memory_structure_and_configuration",
      "recipe_verification_seconds": 0.0,
      "identity_verification_seconds": 0.0,
      "identity_check_seconds": 0.0018021939904429018,
      "state_hash_seconds": 0.09589688008418307,
      "clone_seconds": 0.008824952004943043,
      "restore_seconds": 0.0023987769964151084,
      "file_write_seconds": 0.012140184990130365,
      "operation_seconds": 0.33844395400956273,
      "total_phase_seconds": 0.459605551965069,
      "scope": "file writes include journal intent/add/flush; excludes this timing receipt and checkpoint writes",
      "mode": "stage4_sealed_cell",
      "banner": "sealed Stage 4; scientific admission also requires complete declared populations"
    },
    {
      "phase": "edit:233",
      "identity_check_kind": "in_memory_structure_and_configuration",
      "recipe_verification_seconds": 0.0,
      "identity_verification_seconds": 0.0,
      "identity_check_seconds": 0.001802283979486674,
      "state_hash_seconds": 0.07795354299014434,
      "clone_seconds": 0.009133522980846465,
      "restore_seconds": 0.0,
      "file_write_seconds": 0.012125938024837524,
      "operation_seconds": 0.444830977008678,
      "total_phase_seconds": 0.5459319100482389,
      "scope": "file writes include journal intent/add/flush; excludes this timing receipt and checkpoint writes",
      "mode": "stage4_sealed_cell",
      "banner": "sealed Stage 4; scientific admission also requires complete declared populations"
    },
    {
      "phase": "immediate:233",
      "identity_check_kind": "in_memory_structure_and_configuration",
      "recipe_verification_seconds": 0.0,
      "identity_verification_seconds": 0.0,
      "identity_check_seconds": 0.001900813018437475,
      "state_hash_seconds": 0.09713768906658515,
      "clone_seconds": 0.009191324992571026,
      "restore_seconds": 0.0024576099822297692,
      "file_write_seconds": 0.01222120103193447,
      "operation_seconds": 0.34025102702435106,
      "total_phase_seconds": 0.46326397301163524,
      "scope": "file writes include journal intent/add/flush; excludes this timing receipt and checkpoint writes",
      "mode": "stage4_sealed_cell",
      "banner": "sealed Stage 4; scientific admission also requires complete declared populations"
    },
    {
      "phase": "edit:234",
      "identity_check_kind": "in_memory_structure_and_configuration",
      "recipe_verification_seconds": 0.0,
      "identity_verification_seconds": 0.0,
      "identity_check_seconds": 0.0018434130470268428,
      "state_hash_seconds": 0.07966938096797094,
      "clone_seconds": 0.009680632036179304,
      "restore_seconds": 0.0,
      "file_write_seconds": 0.01217661495320499,
      "operation_seconds": 0.302446598012466,
      "total_phase_seconds": 0.40592755103716627,
      "scope": "file writes include journal intent/add/flush; excludes this timing receipt and checkpoint writes",
      "mode": "stage4_sealed_cell",
      "banner": "sealed Stage 4; scientific admission also requires complete declared populations"
    },
    {
      "phase": "immediate:234",
      "identity_check_kind": "in_memory_structure_and_configuration",
      "recipe_verification_seconds": 0.0,
      "identity_verification_seconds": 0.0,
      "identity_check_seconds": 0.0017842389643192291,
      "state_hash_seconds": 0.09769736003363505,
      "clone_seconds": 0.010064267960842699,
      "restore_seconds": 0.0025025460054166615,
      "file_write_seconds": 0.001460989995393902,
      "operation_seconds": 0.2929575319867581,
      "total_phase_seconds": 0.4065670869895257,
      "scope": "file writes include journal intent/add/flush; excludes this timing receipt and checkpoint writes",
      "mode": "stage4_sealed_cell",
      "banner": "sealed Stage 4; scientific admission also requires complete declared populations"
    },
    {
      "phase": "edit:235",
      "identity_check_kind": "in_memory_structure_and_configuration",
      "recipe_verification_seconds": 0.0,
      "identity_verification_seconds": 0.0,
      "identity_check_seconds": 0.00177582202013582,
      "state_hash_seconds": 0.07819430303061381,
      "clone_seconds": 0.00943049305351451,
      "restore_seconds": 0.0,
      "file_write_seconds": 0.01222651096759364,
      "operation_seconds": 0.30561732297064736,
      "total_phase_seconds": 0.40733137098141015,
      "scope": "file writes include journal intent/add/flush; excludes this timing receipt and checkpoint writes",
      "mode": "stage4_sealed_cell",
      "banner": "sealed Stage 4; scientific admission also requires complete declared populations"
    },
    {
      "phase": "immediate:235",
      "identity_check_kind": "in_memory_structure_and_configuration",
      "recipe_verification_seconds": 0.0,
      "identity_verification_seconds": 0.0,
      "identity_check_seconds": 0.0017803320079110563,
      "state_hash_seconds": 0.09532416198635474,
      "clone_seconds": 0.008801757998298854,
      "restore_seconds": 0.002732365974225104,
      "file_write_seconds": 0.012390785966999829,
      "operation_seconds": 0.2911130170105025,
      "total_phase_seconds": 0.41224928601877764,
      "scope": "file writes include journal intent/add/flush; excludes this timing receipt and checkpoint writes",
      "mode": "stage4_sealed_cell",
      "banner": "sealed Stage 4; scientific admission also requires complete declared populations"
    },
    {
      "phase": "edit:236",
      "identity_check_kind": "in_memory_structure_and_configuration",
      "recipe_verification_seconds": 0.0,
      "identity_verification_seconds": 0.0,
      "identity_check_seconds": 0.0018407389870844781,
      "state_hash_seconds": 0.07784516393439844,
      "clone_seconds": 0.010027958021964878,
      "restore_seconds": 0.0,
      "file_write_seconds": 0.01228942204033956,
      "operation_seconds": 0.7669042469933629,
      "total_phase_seconds": 0.86899732099846,
      "scope": "file writes include journal intent/add/flush; excludes this timing receipt and checkpoint writes",
      "mode": "stage4_sealed_cell",
      "banner": "sealed Stage 4; scientific admission also requires complete declared populations"
    },
    {
      "phase": "immediate:236",
      "identity_check_kind": "in_memory_structure_and_configuration",
      "recipe_verification_seconds": 0.0,
      "identity_verification_seconds": 0.0,
      "identity_check_seconds": 0.0017522970447316766,
      "state_hash_seconds": 0.10011434101033956,
      "clone_seconds": 0.009176577033940703,
      "restore_seconds": 0.0026183080044575036,
      "file_write_seconds": 0.012608533957973123,
      "operation_seconds": 0.47346711601130664,
      "total_phase_seconds": 0.5998611510149203,
      "scope": "file writes include journal intent/add/flush; excludes this timing receipt and checkpoint writes",
      "mode": "stage4_sealed_cell",
      "banner": "sealed Stage 4; scientific admission also requires complete declared populations"
    },
    {
      "phase": "edit:237",
      "identity_check_kind": "in_memory_structure_and_configuration",
      "recipe_verification_seconds": 0.0,
      "identity_verification_seconds": 0.0,
      "identity_check_seconds": 0.0019286659662611783,
      "state_hash_seconds": 0.08052172494353727,
      "clone_seconds": 0.01132101600524038,
      "restore_seconds": 0.0,
      "file_write_seconds": 0.012281476985663176,
      "operation_seconds": 0.7897702380432747,
      "total_phase_seconds": 0.8959177419892512,
      "scope": "file writes include journal intent/add/flush; excludes this timing receipt and checkpoint writes",
      "mode": "stage4_sealed_cell",
      "banner": "sealed Stage 4; scientific admission also requires complete declared populations"
    },
    {
      "phase": "immediate:237",
      "identity_check_kind": "in_memory_structure_and_configuration",
      "recipe_verification_seconds": 0.0,
      "identity_verification_seconds": 0.0,
      "identity_check_seconds": 0.001776685006916523,
      "state_hash_seconds": 0.09605469205416739,
      "clone_seconds": 0.008711114001926035,
      "restore_seconds": 0.0024686400429345667,
      "file_write_seconds": 0.012198348005767912,
      "operation_seconds": 0.3846929469727911,
      "total_phase_seconds": 0.5060016060015187,
      "scope": "file writes include journal intent/add/flush; excludes this timing receipt and checkpoint writes",
      "mode": "stage4_sealed_cell",
      "banner": "sealed Stage 4; scientific admission also requires complete declared populations"
    },
    {
      "phase": "edit:238",
      "identity_check_kind": "in_memory_structure_and_configuration",
      "recipe_verification_seconds": 0.0,
      "identity_verification_seconds": 0.0,
      "identity_check_seconds": 0.001897485984954983,
      "state_hash_seconds": 0.08037486398825422,
      "clone_seconds": 0.010532815009355545,
      "restore_seconds": 0.0,
      "file_write_seconds": 0.012398710998240858,
      "operation_seconds": 0.2997137510101311,
      "total_phase_seconds": 0.40500259899999946,
      "scope": "file writes include journal intent/add/flush; excludes this timing receipt and checkpoint writes",
      "mode": "stage4_sealed_cell",
      "banner": "sealed Stage 4; scientific admission also requires complete declared populations"
    },
    {
      "phase": "immediate:238",
      "identity_check_kind": "in_memory_structure_and_configuration",
      "recipe_verification_seconds": 0.0,
      "identity_verification_seconds": 0.0,
      "identity_check_seconds": 0.0017494719359092414,
      "state_hash_seconds": 0.09667430905392393,
      "clone_seconds": 0.10362089198315516,
      "restore_seconds": 0.002510691003408283,
      "file_write_seconds": 0.012347072013653815,
      "operation_seconds": 0.2907274379977025,
      "total_phase_seconds": 0.5077343170414679,
      "scope": "file writes include journal intent/add/flush; excludes this timing receipt and checkpoint writes",
      "mode": "stage4_sealed_cell",
      "banner": "sealed Stage 4; scientific admission also requires complete declared populations"
    },
    {
      "phase": "edit:239",
      "identity_check_kind": "in_memory_structure_and_configuration",
      "recipe_verification_seconds": 0.0,
      "identity_verification_seconds": 0.0,
      "identity_check_seconds": 0.0017843889654614031,
      "state_hash_seconds": 0.08001798903569579,
      "clone_seconds": 0.009828946960624307,
      "restore_seconds": 0.0,
      "file_write_seconds": 0.01227524399291724,
      "operation_seconds": 0.30390807799994946,
      "total_phase_seconds": 0.40790504100732505,
      "scope": "file writes include journal intent/add/flush; excludes this timing receipt and checkpoint writes",
      "mode": "stage4_sealed_cell",
      "banner": "sealed Stage 4; scientific admission also requires complete declared populations"
    },
    {
      "phase": "immediate:239",
      "identity_check_kind": "in_memory_structure_and_configuration",
      "recipe_verification_seconds": 0.0,
      "identity_verification_seconds": 0.0,
      "identity_check_seconds": 0.001755573961418122,
      "state_hash_seconds": 0.09520888101542369,
      "clone_seconds": 0.008773073030170053,
      "restore_seconds": 0.0024926969781517982,
      "file_write_seconds": 0.012403080007061362,
      "operation_seconds": 0.28961267200065777,
      "total_phase_seconds": 0.410344184958376,
      "scope": "file writes include journal intent/add/flush; excludes this timing receipt and checkpoint writes",
      "mode": "stage4_sealed_cell",
      "banner": "sealed Stage 4; scientific admission also requires complete declared populations"
    },
    {
      "phase": "edit:240",
      "identity_check_kind": "in_memory_structure_and_configuration",
      "recipe_verification_seconds": 0.0,
      "identity_verification_seconds": 0.0,
      "identity_check_seconds": 0.0017412269953638315,
      "state_hash_seconds": 0.07873033994110301,
      "clone_seconds": 0.009413701016455889,
      "restore_seconds": 0.0,
      "file_write_seconds": 0.01230758597375825,
      "operation_seconds": 0.3028628549654968,
      "total_phase_seconds": 0.40514602401526645,
      "scope": "file writes include journal intent/add/flush; excludes this timing receipt and checkpoint writes",
      "mode": "stage4_sealed_cell",
      "banner": "sealed Stage 4; scientific admission also requires complete declared populations"
    },
    {
      "phase": "immediate:240",
      "identity_check_kind": "in_memory_structure_and_configuration",
      "recipe_verification_seconds": 0.0,
      "identity_verification_seconds": 0.0,
      "identity_check_seconds": 0.001761817024089396,
      "state_hash_seconds": 0.09575185301946476,
      "clone_seconds": 0.008786898979451507,
      "restore_seconds": 0.0025044300127774477,
      "file_write_seconds": 0.012192786030936986,
      "operation_seconds": 0.29226342198671773,
      "total_phase_seconds": 0.413357621000614,
      "scope": "file writes include journal intent/add/flush; excludes this timing receipt and checkpoint writes",
      "mode": "stage4_sealed_cell",
      "banner": "sealed Stage 4; scientific admission also requires complete declared populations"
    },
    {
      "phase": "edit:241",
      "identity_check_kind": "in_memory_structure_and_configuration",
      "recipe_verification_seconds": 0.0,
      "identity_verification_seconds": 0.0,
      "identity_check_seconds": 0.0017477389774285257,
      "state_hash_seconds": 0.07902184996055439,
      "clone_seconds": 0.009367833030410111,
      "restore_seconds": 0.0,
      "file_write_seconds": 0.012223534984514117,
      "operation_seconds": 0.4639224840211682,
      "total_phase_seconds": 0.5663698979769833,
      "scope": "file writes include journal intent/add/flush; excludes this timing receipt and checkpoint writes",
      "mode": "stage4_sealed_cell",
      "banner": "sealed Stage 4; scientific admission also requires complete declared populations"
    },
    {
      "phase": "immediate:241",
      "identity_check_kind": "in_memory_structure_and_configuration",
      "recipe_verification_seconds": 0.0,
      "identity_verification_seconds": 0.0,
      "identity_check_seconds": 0.0018094780389219522,
      "state_hash_seconds": 0.09737527399556711,
      "clone_seconds": 0.010162355029024184,
      "restore_seconds": 0.0027808999875560403,
      "file_write_seconds": 0.00956452003447339,
      "operation_seconds": 0.38034678698750213,
      "total_phase_seconds": 0.5021413780050352,
      "scope": "file writes include journal intent/add/flush; excludes this timing receipt and checkpoint writes",
      "mode": "stage4_sealed_cell",
      "banner": "sealed Stage 4; scientific admission also requires complete declared populations"
    },
    {
      "phase": "edit:242",
      "identity_check_kind": "in_memory_structure_and_configuration",
      "recipe_verification_seconds": 0.0,
      "identity_verification_seconds": 0.0,
      "identity_check_seconds": 0.0018382729613222182,
      "state_hash_seconds": 0.07793401699746028,
      "clone_seconds": 0.01040615199599415,
      "restore_seconds": 0.0,
      "file_write_seconds": 0.012182367034256458,
      "operation_seconds": 0.5934629990370013,
      "total_phase_seconds": 0.6959412019932643,
      "scope": "file writes include journal intent/add/flush; excludes this timing receipt and checkpoint writes",
      "mode": "stage4_sealed_cell",
      "banner": "sealed Stage 4; scientific admission also requires complete declared populations"
    },
    {
      "phase": "immediate:242",
      "identity_check_kind": "in_memory_structure_and_configuration",
      "recipe_verification_seconds": 0.0,
      "identity_verification_seconds": 0.0,
      "identity_check_seconds": 0.0017501640832051635,
      "state_hash_seconds": 0.09733585704816505,
      "clone_seconds": 0.010357749997638166,
      "restore_seconds": 0.0027221469790674746,
      "file_write_seconds": 0.012251209001988173,
      "operation_seconds": 0.3839545120135881,
      "total_phase_seconds": 0.5084683230379596,
      "scope": "file writes include journal intent/add/flush; excludes this timing receipt and checkpoint writes",
      "mode": "stage4_sealed_cell",
      "banner": "sealed Stage 4; scientific admission also requires complete declared populations"
    },
    {
      "phase": "edit:243",
      "identity_check_kind": "in_memory_structure_and_configuration",
      "recipe_verification_seconds": 0.0,
      "identity_verification_seconds": 0.0,
      "identity_check_seconds": 0.001773138006683439,
      "state_hash_seconds": 0.07777226495090872,
      "clone_seconds": 0.009885134000796825,
      "restore_seconds": 0.0,
      "file_write_seconds": 0.012189651024527848,
      "operation_seconds": 0.4443172329920344,
      "total_phase_seconds": 0.5460216119536199,
      "scope": "file writes include journal intent/add/flush; excludes this timing receipt and checkpoint writes",
      "mode": "stage4_sealed_cell",
      "banner": "sealed Stage 4; scientific admission also requires complete declared populations"
    },
    {
      "phase": "immediate:243",
      "identity_check_kind": "in_memory_structure_and_configuration",
      "recipe_verification_seconds": 0.0,
      "identity_verification_seconds": 0.0,
      "identity_check_seconds": 0.0017620470025576651,
      "state_hash_seconds": 0.09497499302960932,
      "clone_seconds": 0.009693446976598352,
      "restore_seconds": 0.002575586026068777,
      "file_write_seconds": 0.012227804050780833,
      "operation_seconds": 0.4261452269856818,
      "total_phase_seconds": 0.5474778629723005,
      "scope": "file writes include journal intent/add/flush; excludes this timing receipt and checkpoint writes",
      "mode": "stage4_sealed_cell",
      "banner": "sealed Stage 4; scientific admission also requires complete declared populations"
    },
    {
      "phase": "edit:244",
      "identity_check_kind": "in_memory_structure_and_configuration",
      "recipe_verification_seconds": 0.0,
      "identity_verification_seconds": 0.0,
      "identity_check_seconds": 0.0017650339286774397,
      "state_hash_seconds": 0.07961980602703989,
      "clone_seconds": 0.008764986996538937,
      "restore_seconds": 0.0,
      "file_write_seconds": 0.012208697036840022,
      "operation_seconds": 0.4548788230167702,
      "total_phase_seconds": 0.5573283199919388,
      "scope": "file writes include journal intent/add/flush; excludes this timing receipt and checkpoint writes",
      "mode": "stage4_sealed_cell",
      "banner": "sealed Stage 4; scientific admission also requires complete declared populations"
    },
    {
      "phase": "immediate:244",
      "identity_check_kind": "in_memory_structure_and_configuration",
      "recipe_verification_seconds": 0.0,
      "identity_verification_seconds": 0.0,
      "identity_check_seconds": 0.001775632961653173,
      "state_hash_seconds": 0.09564168006181717,
      "clone_seconds": 0.009313779009971768,
      "restore_seconds": 0.0024595329887233675,
      "file_write_seconds": 0.012224156991578639,
      "operation_seconds": 0.3322499030036852,
      "total_phase_seconds": 0.4537639860063791,
      "scope": "file writes include journal intent/add/flush; excludes this timing receipt and checkpoint writes",
      "mode": "stage4_sealed_cell",
      "banner": "sealed Stage 4; scientific admission also requires complete declared populations"
    },
    {
      "phase": "edit:245",
      "identity_check_kind": "in_memory_structure_and_configuration",
      "recipe_verification_seconds": 0.0,
      "identity_verification_seconds": 0.0,
      "identity_check_seconds": 0.0020184280583634973,
      "state_hash_seconds": 0.07862633996410295,
      "clone_seconds": 0.00968374899821356,
      "restore_seconds": 0.0,
      "file_write_seconds": 0.01220837701112032,
      "operation_seconds": 0.46233150496846065,
      "total_phase_seconds": 0.5649670189595781,
      "scope": "file writes include journal intent/add/flush; excludes this timing receipt and checkpoint writes",
      "mode": "stage4_sealed_cell",
      "banner": "sealed Stage 4; scientific admission also requires complete declared populations"
    },
    {
      "phase": "immediate:245",
      "identity_check_kind": "in_memory_structure_and_configuration",
      "recipe_verification_seconds": 0.0,
      "identity_verification_seconds": 0.0,
      "identity_check_seconds": 0.0017582199652679265,
      "state_hash_seconds": 0.09766496589872986,
      "clone_seconds": 0.010230296000372618,
      "restore_seconds": 0.0027718020137399435,
      "file_write_seconds": 0.012295423017349094,
      "operation_seconds": 0.2870800779783167,
      "total_phase_seconds": 0.4118990350398235,
      "scope": "file writes include journal intent/add/flush; excludes this timing receipt and checkpoint writes",
      "mode": "stage4_sealed_cell",
      "banner": "sealed Stage 4; scientific admission also requires complete declared populations"
    },
    {
      "phase": "edit:246",
      "identity_check_kind": "in_memory_structure_and_configuration",
      "recipe_verification_seconds": 0.0,
      "identity_verification_seconds": 0.0,
      "identity_check_seconds": 0.0017553440411575139,
      "state_hash_seconds": 0.07815769501030445,
      "clone_seconds": 0.009176274994388223,
      "restore_seconds": 0.0,
      "file_write_seconds": 0.012237562041264027,
      "operation_seconds": 0.4527964220033027,
      "total_phase_seconds": 0.5542140820180066,
      "scope": "file writes include journal intent/add/flush; excludes this timing receipt and checkpoint writes",
      "mode": "stage4_sealed_cell",
      "banner": "sealed Stage 4; scientific admission also requires complete declared populations"
    },
    {
      "phase": "immediate:246",
      "identity_check_kind": "in_memory_structure_and_configuration",
      "recipe_verification_seconds": 0.0,
      "identity_verification_seconds": 0.0,
      "identity_check_seconds": 0.001745845947880298,
      "state_hash_seconds": 0.0959587290417403,
      "clone_seconds": 0.008887242001947016,
      "restore_seconds": 0.0026029589935205877,
      "file_write_seconds": 0.012420954008121043,
      "operation_seconds": 0.3403219429892488,
      "total_phase_seconds": 0.46204849297646433,
      "scope": "file writes include journal intent/add/flush; excludes this timing receipt and checkpoint writes",
      "mode": "stage4_sealed_cell",
      "banner": "sealed Stage 4; scientific admission also requires complete declared populations"
    },
    {
      "phase": "edit:247",
      "identity_check_kind": "in_memory_structure_and_configuration",
      "recipe_verification_seconds": 0.0,
      "identity_verification_seconds": 0.0,
      "identity_check_seconds": 0.0017575169913470745,
      "state_hash_seconds": 0.08060875895898789,
      "clone_seconds": 0.009489005024079233,
      "restore_seconds": 0.0,
      "file_write_seconds": 0.0013026469969190657,
      "operation_seconds": 1.2176380169694312,
      "total_phase_seconds": 1.3108877839986235,
      "scope": "file writes include journal intent/add/flush; excludes this timing receipt and checkpoint writes",
      "mode": "stage4_sealed_cell",
      "banner": "sealed Stage 4; scientific admission also requires complete declared populations"
    },
    {
      "phase": "immediate:247",
      "identity_check_kind": "in_memory_structure_and_configuration",
      "recipe_verification_seconds": 0.0,
      "identity_verification_seconds": 0.0,
      "identity_check_seconds": 0.0017380400095134974,
      "state_hash_seconds": 0.09723053488414735,
      "clone_seconds": 0.09993060096167028,
      "restore_seconds": 0.0032311519607901573,
      "file_write_seconds": 0.012562644958961755,
      "operation_seconds": 0.5641157580539584,
      "total_phase_seconds": 0.7789209960028529,
      "scope": "file writes include journal intent/add/flush; excludes this timing receipt and checkpoint writes",
      "mode": "stage4_sealed_cell",
      "banner": "sealed Stage 4; scientific admission also requires complete declared populations"
    },
    {
      "phase": "edit:248",
      "identity_check_kind": "in_memory_structure_and_configuration",
      "recipe_verification_seconds": 0.0,
      "identity_verification_seconds": 0.0,
      "identity_check_seconds": 0.0017720370087772608,
      "state_hash_seconds": 0.07889197993790731,
      "clone_seconds": 0.010083083005156368,
      "restore_seconds": 0.0,
      "file_write_seconds": 0.012232903041876853,
      "operation_seconds": 0.3004773039720021,
      "total_phase_seconds": 0.40354529599426314,
      "scope": "file writes include journal intent/add/flush; excludes this timing receipt and checkpoint writes",
      "mode": "stage4_sealed_cell",
      "banner": "sealed Stage 4; scientific admission also requires complete declared populations"
    },
    {
      "phase": "immediate:248",
      "identity_check_kind": "in_memory_structure_and_configuration",
      "recipe_verification_seconds": 0.0,
      "identity_verification_seconds": 0.0,
      "identity_check_seconds": 0.0018992189434356987,
      "state_hash_seconds": 0.09931040002265945,
      "clone_seconds": 0.010393909004051238,
      "restore_seconds": 0.0037105910014361143,
      "file_write_seconds": 0.01230943005066365,
      "operation_seconds": 0.2928087869659066,
      "total_phase_seconds": 0.42053308099275455,
      "scope": "file writes include journal intent/add/flush; excludes this timing receipt and checkpoint writes",
      "mode": "stage4_sealed_cell",
      "banner": "sealed Stage 4; scientific admission also requires complete declared populations"
    },
    {
      "phase": "edit:249",
      "identity_check_kind": "in_memory_structure_and_configuration",
      "recipe_verification_seconds": 0.0,
      "identity_verification_seconds": 0.0,
      "identity_check_seconds": 0.0018307690043002367,
      "state_hash_seconds": 0.07963354099774733,
      "clone_seconds": 0.009221692977007478,
      "restore_seconds": 0.0,
      "file_write_seconds": 0.012259985960554332,
      "operation_seconds": 0.9412426649942063,
      "total_phase_seconds": 1.0442827939987183,
      "scope": "file writes include journal intent/add/flush; excludes this timing receipt and checkpoint writes",
      "mode": "stage4_sealed_cell",
      "banner": "sealed Stage 4; scientific admission also requires complete declared populations"
    },
    {
      "phase": "immediate:249",
      "identity_check_kind": "in_memory_structure_and_configuration",
      "recipe_verification_seconds": 0.0,
      "identity_verification_seconds": 0.0,
      "identity_check_seconds": 0.001791883958503604,
      "state_hash_seconds": 0.09806411294266582,
      "clone_seconds": 0.010606697003822774,
      "restore_seconds": 0.0023859720095060766,
      "file_write_seconds": 0.012263641983736306,
      "operation_seconds": 0.47387161100050434,
      "total_phase_seconds": 0.5990812460076995,
      "scope": "file writes include journal intent/add/flush; excludes this timing receipt and checkpoint writes",
      "mode": "stage4_sealed_cell",
      "banner": "sealed Stage 4; scientific admission also requires complete declared populations"
    },
    {
      "phase": "edit:250",
      "identity_check_kind": "in_memory_structure_and_configuration",
      "recipe_verification_seconds": 0.0,
      "identity_verification_seconds": 0.0,
      "identity_check_seconds": 0.0018204280058853328,
      "state_hash_seconds": 0.08013544289860874,
      "clone_seconds": 0.009757749969139695,
      "restore_seconds": 0.0,
      "file_write_seconds": 0.012119146005716175,
      "operation_seconds": 0.7645154999918304,
      "total_phase_seconds": 0.8684364160289988,
      "scope": "file writes include journal intent/add/flush; excludes this timing receipt and checkpoint writes",
      "mode": "stage4_sealed_cell",
      "banner": "sealed Stage 4; scientific admission also requires complete declared populations"
    },
    {
      "phase": "immediate:250",
      "identity_check_kind": "in_memory_structure_and_configuration",
      "recipe_verification_seconds": 0.0,
      "identity_verification_seconds": 0.0,
      "identity_check_seconds": 0.0017893590265884995,
      "state_hash_seconds": 0.18813397595658898,
      "clone_seconds": 0.010583924013189971,
      "restore_seconds": 0.0025891129625961185,
      "file_write_seconds": 0.012209328007884324,
      "operation_seconds": 0.4293682129937224,
      "total_phase_seconds": 0.644774904998485,
      "scope": "file writes include journal intent/add/flush; excludes this timing receipt and checkpoint writes",
      "mode": "stage4_sealed_cell",
      "banner": "sealed Stage 4; scientific admission also requires complete declared populations"
    },
    {
      "phase": "edit:251",
      "identity_check_kind": "in_memory_structure_and_configuration",
      "recipe_verification_seconds": 0.0,
      "identity_verification_seconds": 0.0,
      "identity_check_seconds": 0.0019164819968864322,
      "state_hash_seconds": 0.081816976016853,
      "clone_seconds": 0.009254775999579579,
      "restore_seconds": 0.0,
      "file_write_seconds": 0.01214159798109904,
      "operation_seconds": 0.7574178879731335,
      "total_phase_seconds": 0.8626375030144118,
      "scope": "file writes include journal intent/add/flush; excludes this timing receipt and checkpoint writes",
      "mode": "stage4_sealed_cell",
      "banner": "sealed Stage 4; scientific admission also requires complete declared populations"
    },
    {
      "phase": "immediate:251",
      "identity_check_kind": "in_memory_structure_and_configuration",
      "recipe_verification_seconds": 0.0,
      "identity_verification_seconds": 0.0,
      "identity_check_seconds": 0.001752768992446363,
      "state_hash_seconds": 0.09743406600318849,
      "clone_seconds": 0.01089737401343882,
      "restore_seconds": 0.002746594022028148,
      "file_write_seconds": 0.012172277027275413,
      "operation_seconds": 0.42695001896936446,
      "total_phase_seconds": 0.5520478410180658,
      "scope": "file writes include journal intent/add/flush; excludes this timing receipt and checkpoint writes",
      "mode": "stage4_sealed_cell",
      "banner": "sealed Stage 4; scientific admission also requires complete declared populations"
    },
    {
      "phase": "edit:252",
      "identity_check_kind": "in_memory_structure_and_configuration",
      "recipe_verification_seconds": 0.0,
      "identity_verification_seconds": 0.0,
      "identity_check_seconds": 0.001836318988353014,
      "state_hash_seconds": 0.07942990306764841,
      "clone_seconds": 0.010620322951581329,
      "restore_seconds": 0.0,
      "file_write_seconds": 0.01215107599273324,
      "operation_seconds": 0.45774909300962463,
      "total_phase_seconds": 0.5618741619982757,
      "scope": "file writes include journal intent/add/flush; excludes this timing receipt and checkpoint writes",
      "mode": "stage4_sealed_cell",
      "banner": "sealed Stage 4; scientific admission also requires complete declared populations"
    },
    {
      "phase": "immediate:252",
      "identity_check_kind": "in_memory_structure_and_configuration",
      "recipe_verification_seconds": 0.0,
      "identity_verification_seconds": 0.0,
      "identity_check_seconds": 0.0017693709232844412,
      "state_hash_seconds": 0.09606969001470134,
      "clone_seconds": 0.010689464979805052,
      "restore_seconds": 0.0025061320047825575,
      "file_write_seconds": 0.012136948993429542,
      "operation_seconds": 0.3418470559990965,
      "total_phase_seconds": 0.46512091101612896,
      "scope": "file writes include journal intent/add/flush; excludes this timing receipt and checkpoint writes",
      "mode": "stage4_sealed_cell",
      "banner": "sealed Stage 4; scientific admission also requires complete declared populations"
    },
    {
      "phase": "edit:253",
      "identity_check_kind": "in_memory_structure_and_configuration",
      "recipe_verification_seconds": 0.0,
      "identity_verification_seconds": 0.0,
      "identity_check_seconds": 0.0017797710024751723,
      "state_hash_seconds": 0.07844815897988155,
      "clone_seconds": 0.009606079023797065,
      "restore_seconds": 0.0,
      "file_write_seconds": 0.001237621996551752,
      "operation_seconds": 0.7614217009977438,
      "total_phase_seconds": 0.8525798989576288,
      "scope": "file writes include journal intent/add/flush; excludes this timing receipt and checkpoint writes",
      "mode": "stage4_sealed_cell",
      "banner": "sealed Stage 4; scientific admission also requires complete declared populations"
    },
    {
      "phase": "immediate:253",
      "identity_check_kind": "in_memory_structure_and_configuration",
      "recipe_verification_seconds": 0.0,
      "identity_verification_seconds": 0.0,
      "identity_check_seconds": 0.0017855609767138958,
      "state_hash_seconds": 0.09555399202508852,
      "clone_seconds": 0.010740783996880054,
      "restore_seconds": 0.002420820004772395,
      "file_write_seconds": 0.012391598022077233,
      "operation_seconds": 0.47059977101162076,
      "total_phase_seconds": 0.5935884190257639,
      "scope": "file writes include journal intent/add/flush; excludes this timing receipt and checkpoint writes",
      "mode": "stage4_sealed_cell",
      "banner": "sealed Stage 4; scientific admission also requires complete declared populations"
    },
    {
      "phase": "edit:254",
      "identity_check_kind": "in_memory_structure_and_configuration",
      "recipe_verification_seconds": 0.0,
      "identity_verification_seconds": 0.0,
      "identity_check_seconds": 0.002163347031455487,
      "state_hash_seconds": 0.07905695610679686,
      "clone_seconds": 0.011288643989246339,
      "restore_seconds": 0.0,
      "file_write_seconds": 0.012440862017683685,
      "operation_seconds": 0.39409473398700356,
      "total_phase_seconds": 0.49914053798420355,
      "scope": "file writes include journal intent/add/flush; excludes this timing receipt and checkpoint writes",
      "mode": "stage4_sealed_cell",
      "banner": "sealed Stage 4; scientific admission also requires complete declared populations"
    },
    {
      "phase": "immediate:254",
      "identity_check_kind": "in_memory_structure_and_configuration",
      "recipe_verification_seconds": 0.0,
      "identity_verification_seconds": 0.0,
      "identity_check_seconds": 0.0017468180158175528,
      "state_hash_seconds": 0.09575927600963041,
      "clone_seconds": 0.009296917007304728,
      "restore_seconds": 0.002475393994245678,
      "file_write_seconds": 0.012363674002699554,
      "operation_seconds": 0.3019216919783503,
      "total_phase_seconds": 0.4236661259783432,
      "scope": "file writes include journal intent/add/flush; excludes this timing receipt and checkpoint writes",
      "mode": "stage4_sealed_cell",
      "banner": "sealed Stage 4; scientific admission also requires complete declared populations"
    },
    {
      "phase": "edit:255",
      "identity_check_kind": "in_memory_structure_and_configuration",
      "recipe_verification_seconds": 0.0,
      "identity_verification_seconds": 0.0,
      "identity_check_seconds": 0.0017735780565999448,
      "state_hash_seconds": 0.07832789997337386,
      "clone_seconds": 0.009404623007867485,
      "restore_seconds": 0.0,
      "file_write_seconds": 0.012308108038268983,
      "operation_seconds": 0.7671858969843015,
      "total_phase_seconds": 0.8690930450102314,
      "scope": "file writes include journal intent/add/flush; excludes this timing receipt and checkpoint writes",
      "mode": "stage4_sealed_cell",
      "banner": "sealed Stage 4; scientific admission also requires complete declared populations"
    },
    {
      "phase": "immediate:255",
      "identity_check_kind": "in_memory_structure_and_configuration",
      "recipe_verification_seconds": 0.0,
      "identity_verification_seconds": 0.0,
      "identity_check_seconds": 0.0017784690135158598,
      "state_hash_seconds": 0.09395697194850072,
      "clone_seconds": 0.010636113991495222,
      "restore_seconds": 0.0026529040187597275,
      "file_write_seconds": 0.012432335002813488,
      "operation_seconds": 0.3822779080364853,
      "total_phase_seconds": 0.5038309360388666,
      "scope": "file writes include journal intent/add/flush; excludes this timing receipt and checkpoint writes",
      "mode": "stage4_sealed_cell",
      "banner": "sealed Stage 4; scientific admission also requires complete declared populations"
    },
    {
      "phase": "edit:256",
      "identity_check_kind": "in_memory_structure_and_configuration",
      "recipe_verification_seconds": 0.0,
      "identity_verification_seconds": 0.0,
      "identity_check_seconds": 0.0017952700145542622,
      "state_hash_seconds": 0.07801730401115492,
      "clone_seconds": 0.0091762850061059,
      "restore_seconds": 0.0,
      "file_write_seconds": 0.012262000003829598,
      "operation_seconds": 0.29827203799504787,
      "total_phase_seconds": 0.3996080209617503,
      "scope": "file writes include journal intent/add/flush; excludes this timing receipt and checkpoint writes",
      "mode": "stage4_sealed_cell",
      "banner": "sealed Stage 4; scientific admission also requires complete declared populations"
    },
    {
      "phase": "immediate:256",
      "identity_check_kind": "in_memory_structure_and_configuration",
      "recipe_verification_seconds": 0.0,
      "identity_verification_seconds": 0.0,
      "identity_check_seconds": 0.001818134041968733,
      "state_hash_seconds": 0.09769041708204895,
      "clone_seconds": 0.01074467197759077,
      "restore_seconds": 0.0026096809888258576,
      "file_write_seconds": 0.01241058495361358,
      "operation_seconds": 0.3317683410132304,
      "total_phase_seconds": 0.45714631798909977,
      "scope": "file writes include journal intent/add/flush; excludes this timing receipt and checkpoint writes",
      "mode": "stage4_sealed_cell",
      "banner": "sealed Stage 4; scientific admission also requires complete declared populations"
    },
    {
      "phase": "edit:257",
      "identity_check_kind": "in_memory_structure_and_configuration",
      "recipe_verification_seconds": 0.0,
      "identity_verification_seconds": 0.0,
      "identity_check_seconds": 0.001794277981389314,
      "state_hash_seconds": 0.07972642994718626,
      "clone_seconds": 0.009635916037950665,
      "restore_seconds": 0.0,
      "file_write_seconds": 0.012188639026135206,
      "operation_seconds": 0.45997336599975824,
      "total_phase_seconds": 0.5634061070159078,
      "scope": "file writes include journal intent/add/flush; excludes this timing receipt and checkpoint writes",
      "mode": "stage4_sealed_cell",
      "banner": "sealed Stage 4; scientific admission also requires complete declared populations"
    },
    {
      "phase": "immediate:257",
      "identity_check_kind": "in_memory_structure_and_configuration",
      "recipe_verification_seconds": 0.0,
      "identity_verification_seconds": 0.0,
      "identity_check_seconds": 0.0017899699741974473,
      "state_hash_seconds": 0.09599782398436219,
      "clone_seconds": 0.010020933987107128,
      "restore_seconds": 0.0029737689765170217,
      "file_write_seconds": 0.0012814549845643342,
      "operation_seconds": 0.4294429269502871,
      "total_phase_seconds": 0.541610216954723,
      "scope": "file writes include journal intent/add/flush; excludes this timing receipt and checkpoint writes",
      "mode": "stage4_sealed_cell",
      "banner": "sealed Stage 4; scientific admission also requires complete declared populations"
    },
    {
      "phase": "edit:258",
      "identity_check_kind": "in_memory_structure_and_configuration",
      "recipe_verification_seconds": 0.0,
      "identity_verification_seconds": 0.0,
      "identity_check_seconds": 0.0018134450656361878,
      "state_hash_seconds": 0.07906009297585115,
      "clone_seconds": 0.010889719007536769,
      "restore_seconds": 0.0,
      "file_write_seconds": 0.012139724043663591,
      "operation_seconds": 1.0774851329624653,
      "total_phase_seconds": 1.1814728690078482,
      "scope": "file writes include journal intent/add/flush; excludes this timing receipt and checkpoint writes",
      "mode": "stage4_sealed_cell",
      "banner": "sealed Stage 4; scientific admission also requires complete declared populations"
    },
    {
      "phase": "immediate:258",
      "identity_check_kind": "in_memory_structure_and_configuration",
      "recipe_verification_seconds": 0.0,
      "identity_verification_seconds": 0.0,
      "identity_check_seconds": 0.0018101399764418602,
      "state_hash_seconds": 0.09498365892795846,
      "clone_seconds": 0.009740406996570528,
      "restore_seconds": 0.002446448022965342,
      "file_write_seconds": 0.012219768017530441,
      "operation_seconds": 0.5195685460348614,
      "total_phase_seconds": 0.6408796799951233,
      "scope": "file writes include journal intent/add/flush; excludes this timing receipt and checkpoint writes",
      "mode": "stage4_sealed_cell",
      "banner": "sealed Stage 4; scientific admission also requires complete declared populations"
    },
    {
      "phase": "edit:259",
      "identity_check_kind": "in_memory_structure_and_configuration",
      "recipe_verification_seconds": 0.0,
      "identity_verification_seconds": 0.0,
      "identity_check_seconds": 0.0018336040084250271,
      "state_hash_seconds": 0.07980125304311514,
      "clone_seconds": 0.009426184988114983,
      "restore_seconds": 0.0,
      "file_write_seconds": 0.012190913024824113,
      "operation_seconds": 0.9144376550102606,
      "total_phase_seconds": 1.0177855030051433,
      "scope": "file writes include journal intent/add/flush; excludes this timing receipt and checkpoint writes",
      "mode": "stage4_sealed_cell",
      "banner": "sealed Stage 4; scientific admission also requires complete declared populations"
    },
    {
      "phase": "immediate:259",
      "identity_check_kind": "in_memory_structure_and_configuration",
      "recipe_verification_seconds": 0.0,
      "identity_verification_seconds": 0.0,
      "identity_check_seconds": 0.001860154967289418,
      "state_hash_seconds": 0.09896207292331383,
      "clone_seconds": 0.010797102004289627,
      "restore_seconds": 0.00320407998515293,
      "file_write_seconds": 0.012150074995588511,
      "operation_seconds": 0.43243372900178656,
      "total_phase_seconds": 0.5595079869963229,
      "scope": "file writes include journal intent/add/flush; excludes this timing receipt and checkpoint writes",
      "mode": "stage4_sealed_cell",
      "banner": "sealed Stage 4; scientific admission also requires complete declared populations"
    },
    {
      "phase": "edit:260",
      "identity_check_kind": "in_memory_structure_and_configuration",
      "recipe_verification_seconds": 0.0,
      "identity_verification_seconds": 0.0,
      "identity_check_seconds": 0.0018041369621641934,
      "state_hash_seconds": 0.08047422405797988,
      "clone_seconds": 0.010130784998182207,
      "restore_seconds": 0.0,
      "file_write_seconds": 0.012242522032465786,
      "operation_seconds": 0.6249961709836498,
      "total_phase_seconds": 0.7297398640075698,
      "scope": "file writes include journal intent/add/flush; excludes this timing receipt and checkpoint writes",
      "mode": "stage4_sealed_cell",
      "banner": "sealed Stage 4; scientific admission also requires complete declared populations"
    },
    {
      "phase": "immediate:260",
      "identity_check_kind": "in_memory_structure_and_configuration",
      "recipe_verification_seconds": 0.0,
      "identity_verification_seconds": 0.0,
      "identity_check_seconds": 0.001789500005543232,
      "state_hash_seconds": 0.09577869303757325,
      "clone_seconds": 0.009987650963012129,
      "restore_seconds": 0.002685135987121612,
      "file_write_seconds": 0.012195371033158153,
      "operation_seconds": 0.5132759069674648,
      "total_phase_seconds": 0.6358131809975021,
      "scope": "file writes include journal intent/add/flush; excludes this timing receipt and checkpoint writes",
      "mode": "stage4_sealed_cell",
      "banner": "sealed Stage 4; scientific admission also requires complete declared populations"
    },
    {
      "phase": "edit:261",
      "identity_check_kind": "in_memory_structure_and_configuration",
      "recipe_verification_seconds": 0.0,
      "identity_verification_seconds": 0.0,
      "identity_check_seconds": 0.00182798394234851,
      "state_hash_seconds": 0.08076510002138093,
      "clone_seconds": 0.010327843017876148,
      "restore_seconds": 0.0,
      "file_write_seconds": 0.012303299037739635,
      "operation_seconds": 0.30293898103991523,
      "total_phase_seconds": 0.4082577570225112,
      "scope": "file writes include journal intent/add/flush; excludes this timing receipt and checkpoint writes",
      "mode": "stage4_sealed_cell",
      "banner": "sealed Stage 4; scientific admission also requires complete declared populations"
    },
    {
      "phase": "immediate:261",
      "identity_check_kind": "in_memory_structure_and_configuration",
      "recipe_verification_seconds": 0.0,
      "identity_verification_seconds": 0.0,
      "identity_check_seconds": 0.0017639699508436024,
      "state_hash_seconds": 0.09759424306685105,
      "clone_seconds": 0.010058597021270543,
      "restore_seconds": 0.0026455199695192277,
      "file_write_seconds": 0.012341852008830756,
      "operation_seconds": 0.2957660949905403,
      "total_phase_seconds": 0.4202964180149138,
      "scope": "file writes include journal intent/add/flush; excludes this timing receipt and checkpoint writes",
      "mode": "stage4_sealed_cell",
      "banner": "sealed Stage 4; scientific admission also requires complete declared populations"
    },
    {
      "phase": "edit:262",
      "identity_check_kind": "in_memory_structure_and_configuration",
      "recipe_verification_seconds": 0.0,
      "identity_verification_seconds": 0.0,
      "identity_check_seconds": 0.0017437930800952017,
      "state_hash_seconds": 0.07823883893433958,
      "clone_seconds": 0.011424444033764303,
      "restore_seconds": 0.0,
      "file_write_seconds": 0.012226511025801301,
      "operation_seconds": 0.7650126919616014,
      "total_phase_seconds": 0.8687296290299855,
      "scope": "file writes include journal intent/add/flush; excludes this timing receipt and checkpoint writes",
      "mode": "stage4_sealed_cell",
      "banner": "sealed Stage 4; scientific admission also requires complete declared populations"
    },
    {
      "phase": "immediate:262",
      "identity_check_kind": "in_memory_structure_and_configuration",
      "recipe_verification_seconds": 0.0,
      "identity_verification_seconds": 0.0,
      "identity_check_seconds": 0.0017721669864840806,
      "state_hash_seconds": 0.09363098698668182,
      "clone_seconds": 0.009258243022486567,
      "restore_seconds": 0.002411591005511582,
      "file_write_seconds": 0.012339256994891912,
      "operation_seconds": 0.3850582170416601,
      "total_phase_seconds": 0.5045677479938604,
      "scope": "file writes include journal intent/add/flush; excludes this timing receipt and checkpoint writes",
      "mode": "stage4_sealed_cell",
      "banner": "sealed Stage 4; scientific admission also requires complete declared populations"
    },
    {
      "phase": "edit:263",
      "identity_check_kind": "in_memory_structure_and_configuration",
      "recipe_verification_seconds": 0.0,
      "identity_verification_seconds": 0.0,
      "identity_check_seconds": 0.0020565930171869695,
      "state_hash_seconds": 0.07914661802351475,
      "clone_seconds": 0.010981704981531948,
      "restore_seconds": 0.0,
      "file_write_seconds": 0.012296114000491798,
      "operation_seconds": 0.45048762700753286,
      "total_phase_seconds": 0.5550610749633051,
      "scope": "file writes include journal intent/add/flush; excludes this timing receipt and checkpoint writes",
      "mode": "stage4_sealed_cell",
      "banner": "sealed Stage 4; scientific admission also requires complete declared populations"
    },
    {
      "phase": "immediate:263",
      "identity_check_kind": "in_memory_structure_and_configuration",
      "recipe_verification_seconds": 0.0,
      "identity_verification_seconds": 0.0,
      "identity_check_seconds": 0.0018028750200755894,
      "state_hash_seconds": 0.09759211691562086,
      "clone_seconds": 0.011081947013735771,
      "restore_seconds": 0.0026273749535903335,
      "file_write_seconds": 0.012268572056200355,
      "operation_seconds": 0.34192808996886015,
      "total_phase_seconds": 0.4674013709882274,
      "scope": "file writes include journal intent/add/flush; excludes this timing receipt and checkpoint writes",
      "mode": "stage4_sealed_cell",
      "banner": "sealed Stage 4; scientific admission also requires complete declared populations"
    },
    {
      "phase": "edit:264",
      "identity_check_kind": "in_memory_structure_and_configuration",
      "recipe_verification_seconds": 0.0,
      "identity_verification_seconds": 0.0,
      "identity_check_seconds": 0.0018314390326850116,
      "state_hash_seconds": 0.17140303197083995,
      "clone_seconds": 0.011765488015953451,
      "restore_seconds": 0.0,
      "file_write_seconds": 0.012266627978533506,
      "operation_seconds": 0.3073987470124848,
      "total_phase_seconds": 0.5047554179909639,
      "scope": "file writes include journal intent/add/flush; excludes this timing receipt and checkpoint writes",
      "mode": "stage4_sealed_cell",
      "banner": "sealed Stage 4; scientific admission also requires complete declared populations"
    },
    {
      "phase": "immediate:264",
      "identity_check_kind": "in_memory_structure_and_configuration",
      "recipe_verification_seconds": 0.0,
      "identity_verification_seconds": 0.0,
      "identity_check_seconds": 0.0021023290464654565,
      "state_hash_seconds": 0.10030392307089642,
      "clone_seconds": 0.00959727301960811,
      "restore_seconds": 0.0031299680122174323,
      "file_write_seconds": 0.012280905968509614,
      "operation_seconds": 0.29066465800860897,
      "total_phase_seconds": 0.418236029043328,
      "scope": "file writes include journal intent/add/flush; excludes this timing receipt and checkpoint writes",
      "mode": "stage4_sealed_cell",
      "banner": "sealed Stage 4; scientific admission also requires complete declared populations"
    },
    {
      "phase": "edit:265",
      "identity_check_kind": "in_memory_structure_and_configuration",
      "recipe_verification_seconds": 0.0,
      "identity_verification_seconds": 0.0,
      "identity_check_seconds": 0.0017688210355117917,
      "state_hash_seconds": 0.07968807697761804,
      "clone_seconds": 0.009548317990265787,
      "restore_seconds": 0.0,
      "file_write_seconds": 0.012215089984238148,
      "operation_seconds": 0.4613023840356618,
      "total_phase_seconds": 0.5646144830388948,
      "scope": "file writes include journal intent/add/flush; excludes this timing receipt and checkpoint writes",
      "mode": "stage4_sealed_cell",
      "banner": "sealed Stage 4; scientific admission also requires complete declared populations"
    },
    {
      "phase": "immediate:265",
      "identity_check_kind": "in_memory_structure_and_configuration",
      "recipe_verification_seconds": 0.0,
      "identity_verification_seconds": 0.0,
      "identity_check_seconds": 0.001777426921762526,
      "state_hash_seconds": 0.09797227603849024,
      "clone_seconds": 0.009563457977492362,
      "restore_seconds": 0.00271432101726532,
      "file_write_seconds": 0.012188929016701877,
      "operation_seconds": 0.3468779159593396,
      "total_phase_seconds": 0.47119439096422866,
      "scope": "file writes include journal intent/add/flush; excludes this timing receipt and checkpoint writes",
      "mode": "stage4_sealed_cell",
      "banner": "sealed Stage 4; scientific admission also requires complete declared populations"
    },
    {
      "phase": "edit:266",
      "identity_check_kind": "in_memory_structure_and_configuration",
      "recipe_verification_seconds": 0.0,
      "identity_verification_seconds": 0.0,
      "identity_check_seconds": 0.0017911220202222466,
      "state_hash_seconds": 0.07880099798785523,
      "clone_seconds": 0.00932493997970596,
      "restore_seconds": 0.0,
      "file_write_seconds": 0.001264994964003563,
      "operation_seconds": 0.613613806955982,
      "total_phase_seconds": 0.7048831879510544,
      "scope": "file writes include journal intent/add/flush; excludes this timing receipt and checkpoint writes",
      "mode": "stage4_sealed_cell",
      "banner": "sealed Stage 4; scientific admission also requires complete declared populations"
    },
    {
      "phase": "immediate:266",
      "identity_check_kind": "in_memory_structure_and_configuration",
      "recipe_verification_seconds": 0.0,
      "identity_verification_seconds": 0.0,
      "identity_check_seconds": 0.0018106799689121544,
      "state_hash_seconds": 0.10122921894071624,
      "clone_seconds": 0.010576047992799431,
      "restore_seconds": 0.0026299189776182175,
      "file_write_seconds": 0.012182366976048797,
      "operation_seconds": 0.4274110529804602,
      "total_phase_seconds": 0.555936313001439,
      "scope": "file writes include journal intent/add/flush; excludes this timing receipt and checkpoint writes",
      "mode": "stage4_sealed_cell",
      "banner": "sealed Stage 4; scientific admission also requires complete declared populations"
    },
    {
      "phase": "edit:267",
      "identity_check_kind": "in_memory_structure_and_configuration",
      "recipe_verification_seconds": 0.0,
      "identity_verification_seconds": 0.0,
      "identity_check_seconds": 0.0017645720508880913,
      "state_hash_seconds": 0.07953991298563778,
      "clone_seconds": 0.009448186960071325,
      "restore_seconds": 0.0,
      "file_write_seconds": 0.012143671978265047,
      "operation_seconds": 0.7899217489757575,
      "total_phase_seconds": 0.8929101679823361,
      "scope": "file writes include journal intent/add/flush; excludes this timing receipt and checkpoint writes",
      "mode": "stage4_sealed_cell",
      "banner": "sealed Stage 4; scientific admission also requires complete declared populations"
    },
    {
      "phase": "immediate:267",
      "identity_check_kind": "in_memory_structure_and_configuration",
      "recipe_verification_seconds": 0.0,
      "identity_verification_seconds": 0.0,
      "identity_check_seconds": 0.0017827969859354198,
      "state_hash_seconds": 0.09949794097337872,
      "clone_seconds": 0.009953885979484767,
      "restore_seconds": 0.0025751159992069006,
      "file_write_seconds": 0.012252991960849613,
      "operation_seconds": 0.4829910389962606,
      "total_phase_seconds": 0.6091557649779133,
      "scope": "file writes include journal intent/add/flush; excludes this timing receipt and checkpoint writes",
      "mode": "stage4_sealed_cell",
      "banner": "sealed Stage 4; scientific admission also requires complete declared populations"
    },
    {
      "phase": "edit:268",
      "identity_check_kind": "in_memory_structure_and_configuration",
      "recipe_verification_seconds": 0.0,
      "identity_verification_seconds": 0.0,
      "identity_check_seconds": 0.0018080759909935296,
      "state_hash_seconds": 0.08044600900029764,
      "clone_seconds": 0.009282518993131816,
      "restore_seconds": 0.0,
      "file_write_seconds": 0.012169833004008979,
      "operation_seconds": 0.6001880079857074,
      "total_phase_seconds": 0.7039825730025768,
      "scope": "file writes include journal intent/add/flush; excludes this timing receipt and checkpoint writes",
      "mode": "stage4_sealed_cell",
      "banner": "sealed Stage 4; scientific admission also requires complete declared populations"
    },
    {
      "phase": "immediate:268",
      "identity_check_kind": "in_memory_structure_and_configuration",
      "recipe_verification_seconds": 0.0,
      "identity_verification_seconds": 0.0,
      "identity_check_seconds": 0.0018814249779097736,
      "state_hash_seconds": 0.09853638696949929,
      "clone_seconds": 0.011149907018989325,
      "restore_seconds": 0.0035840289783664048,
      "file_write_seconds": 0.012128142989240587,
      "operation_seconds": 0.43146628397516906,
      "total_phase_seconds": 0.5588448870112188,
      "scope": "file writes include journal intent/add/flush; excludes this timing receipt and checkpoint writes",
      "mode": "stage4_sealed_cell",
      "banner": "sealed Stage 4; scientific admission also requires complete declared populations"
    },
    {
      "phase": "edit:269",
      "identity_check_kind": "in_memory_structure_and_configuration",
      "recipe_verification_seconds": 0.0,
      "identity_verification_seconds": 0.0,
      "identity_check_seconds": 0.0017921750550158322,
      "state_hash_seconds": 0.07882011291803792,
      "clone_seconds": 0.00987363199237734,
      "restore_seconds": 0.0,
      "file_write_seconds": 0.01226445403881371,
      "operation_seconds": 0.6141756739816628,
      "total_phase_seconds": 0.7170155890053138,
      "scope": "file writes include journal intent/add/flush; excludes this timing receipt and checkpoint writes",
      "mode": "stage4_sealed_cell",
      "banner": "sealed Stage 4; scientific admission also requires complete declared populations"
    },
    {
      "phase": "immediate:269",
      "identity_check_kind": "in_memory_structure_and_configuration",
      "recipe_verification_seconds": 0.0,
      "identity_verification_seconds": 0.0,
      "identity_check_seconds": 0.0019043689826503396,
      "state_hash_seconds": 0.098561127029825,
      "clone_seconds": 0.009372883010655642,
      "restore_seconds": 0.00265976699301973,
      "file_write_seconds": 0.01235122000798583,
      "operation_seconds": 0.3929903579992242,
      "total_phase_seconds": 0.5179407970281318,
      "scope": "file writes include journal intent/add/flush; excludes this timing receipt and checkpoint writes",
      "mode": "stage4_sealed_cell",
      "banner": "sealed Stage 4; scientific admission also requires complete declared populations"
    },
    {
      "phase": "edit:270",
      "identity_check_kind": "in_memory_structure_and_configuration",
      "recipe_verification_seconds": 0.0,
      "identity_verification_seconds": 0.0,
      "identity_check_seconds": 0.0017759029869921505,
      "state_hash_seconds": 0.07964408292900771,
      "clone_seconds": 0.010027848009485751,
      "restore_seconds": 0.0,
      "file_write_seconds": 0.0122533620451577,
      "operation_seconds": 0.5999421370215714,
      "total_phase_seconds": 0.7037274829926901,
      "scope": "file writes include journal intent/add/flush; excludes this timing receipt and checkpoint writes",
      "mode": "stage4_sealed_cell",
      "banner": "sealed Stage 4; scientific admission also requires complete declared populations"
    },
    {
      "phase": "immediate:270",
      "identity_check_kind": "in_memory_structure_and_configuration",
      "recipe_verification_seconds": 0.0,
      "identity_verification_seconds": 0.0,
      "identity_check_seconds": 0.0018063519964925945,
      "state_hash_seconds": 0.19319038599496707,
      "clone_seconds": 0.012560952047351748,
      "restore_seconds": 0.0027794759953394532,
      "file_write_seconds": 0.01231108303181827,
      "operation_seconds": 0.4284695020178333,
      "total_phase_seconds": 0.6512192150112242,
      "scope": "file writes include journal intent/add/flush; excludes this timing receipt and checkpoint writes",
      "mode": "stage4_sealed_cell",
      "banner": "sealed Stage 4; scientific admission also requires complete declared populations"
    },
    {
      "phase": "edit:271",
      "identity_check_kind": "in_memory_structure_and_configuration",
      "recipe_verification_seconds": 0.0,
      "identity_verification_seconds": 0.0,
      "identity_check_seconds": 0.0018937300192192197,
      "state_hash_seconds": 0.07914812298258767,
      "clone_seconds": 0.009888330998364836,
      "restore_seconds": 0.0,
      "file_write_seconds": 0.01227081601973623,
      "operation_seconds": 0.7921751979738474,
      "total_phase_seconds": 0.8954637220012955,
      "scope": "file writes include journal intent/add/flush; excludes this timing receipt and checkpoint writes",
      "mode": "stage4_sealed_cell",
      "banner": "sealed Stage 4; scientific admission also requires complete declared populations"
    },
    {
      "phase": "immediate:271",
      "identity_check_kind": "in_memory_structure_and_configuration",
      "recipe_verification_seconds": 0.0,
      "identity_verification_seconds": 0.0,
      "identity_check_seconds": 0.0018263600068166852,
      "state_hash_seconds": 0.09830049698939547,
      "clone_seconds": 0.011019757948815823,
      "restore_seconds": 0.0038807870005257428,
      "file_write_seconds": 0.012279091984964907,
      "operation_seconds": 0.43084892100887373,
      "total_phase_seconds": 0.558255187002942,
      "scope": "file writes include journal intent/add/flush; excludes this timing receipt and checkpoint writes",
      "mode": "stage4_sealed_cell",
      "banner": "sealed Stage 4; scientific admission also requires complete declared populations"
    },
    {
      "phase": "edit:272",
      "identity_check_kind": "in_memory_structure_and_configuration",
      "recipe_verification_seconds": 0.0,
      "identity_verification_seconds": 0.0,
      "identity_check_seconds": 0.0017480010283179581,
      "state_hash_seconds": 0.07839806604897603,
      "clone_seconds": 0.010303365997970104,
      "restore_seconds": 0.0,
      "file_write_seconds": 0.012187104963231832,
      "operation_seconds": 0.298505924991332,
      "total_phase_seconds": 0.40123106096871197,
      "scope": "file writes include journal intent/add/flush; excludes this timing receipt and checkpoint writes",
      "mode": "stage4_sealed_cell",
      "banner": "sealed Stage 4; scientific admission also requires complete declared populations"
    },
    {
      "phase": "immediate:272",
      "identity_check_kind": "in_memory_structure_and_configuration",
      "recipe_verification_seconds": 0.0,
      "identity_verification_seconds": 0.0,
      "identity_check_seconds": 0.0017647909699007869,
      "state_hash_seconds": 0.09757409495068714,
      "clone_seconds": 0.00916088599478826,
      "restore_seconds": 0.0036098280106671154,
      "file_write_seconds": 0.012211091991048306,
      "operation_seconds": 0.29091206297744066,
      "total_phase_seconds": 0.4153298399760388,
      "scope": "file writes include journal intent/add/flush; excludes this timing receipt and checkpoint writes",
      "mode": "stage4_sealed_cell",
      "banner": "sealed Stage 4; scientific admission also requires complete declared populations"
    },
    {
      "phase": "edit:273",
      "identity_check_kind": "in_memory_structure_and_configuration",
      "recipe_verification_seconds": 0.0,
      "identity_verification_seconds": 0.0,
      "identity_check_seconds": 0.0017734089633449912,
      "state_hash_seconds": 0.07823992206249386,
      "clone_seconds": 0.00978302798466757,
      "restore_seconds": 0.0,
      "file_write_seconds": 0.012320291018113494,
      "operation_seconds": 0.46763942699180916,
      "total_phase_seconds": 0.5698577809962444,
      "scope": "file writes include journal intent/add/flush; excludes this timing receipt and checkpoint writes",
      "mode": "stage4_sealed_cell",
      "banner": "sealed Stage 4; scientific admission also requires complete declared populations"
    },
    {
      "phase": "immediate:273",
      "identity_check_kind": "in_memory_structure_and_configuration",
      "recipe_verification_seconds": 0.0,
      "identity_verification_seconds": 0.0,
      "identity_check_seconds": 0.0018003800651058555,
      "state_hash_seconds": 0.10030346491839737,
      "clone_seconds": 0.010942521039396524,
      "restore_seconds": 0.003912187006790191,
      "file_write_seconds": 0.012323426024522632,
      "operation_seconds": 0.333074864000082,
      "total_phase_seconds": 0.4624638090026565,
      "scope": "file writes include journal intent/add/flush; excludes this timing receipt and checkpoint writes",
      "mode": "stage4_sealed_cell",
      "banner": "sealed Stage 4; scientific admission also requires complete declared populations"
    },
    {
      "phase": "edit:274",
      "identity_check_kind": "in_memory_structure_and_configuration",
      "recipe_verification_seconds": 0.0,
      "identity_verification_seconds": 0.0,
      "identity_check_seconds": 0.0017575779929757118,
      "state_hash_seconds": 0.0790191050618887,
      "clone_seconds": 0.01040496997302398,
      "restore_seconds": 0.0,
      "file_write_seconds": 0.012251348001882434,
      "operation_seconds": 0.4574074689880945,
      "total_phase_seconds": 0.5609362840186805,
      "scope": "file writes include journal intent/add/flush; excludes this timing receipt and checkpoint writes",
      "mode": "stage4_sealed_cell",
      "banner": "sealed Stage 4; scientific admission also requires complete declared populations"
    },
    {
      "phase": "immediate:274",
      "identity_check_kind": "in_memory_structure_and_configuration",
      "recipe_verification_seconds": 0.0,
      "identity_verification_seconds": 0.0,
      "identity_check_seconds": 0.001812193018849939,
      "state_hash_seconds": 0.09869539301143959,
      "clone_seconds": 0.010773516027256846,
      "restore_seconds": 0.002572519995737821,
      "file_write_seconds": 0.012150474998634309,
      "operation_seconds": 0.44368208496598527,
      "total_phase_seconds": 0.5698056920082308,
      "scope": "file writes include journal intent/add/flush; excludes this timing receipt and checkpoint writes",
      "mode": "stage4_sealed_cell",
      "banner": "sealed Stage 4; scientific admission also requires complete declared populations"
    },
    {
      "phase": "edit:275",
      "identity_check_kind": "in_memory_structure_and_configuration",
      "recipe_verification_seconds": 0.0,
      "identity_verification_seconds": 0.0,
      "identity_check_seconds": 0.0018195079755969346,
      "state_hash_seconds": 0.07877805305179209,
      "clone_seconds": 0.010672391974367201,
      "restore_seconds": 0.0,
      "file_write_seconds": 0.005037583992816508,
      "operation_seconds": 0.7632545530213974,
      "total_phase_seconds": 0.8596628929954022,
      "scope": "file writes include journal intent/add/flush; excludes this timing receipt and checkpoint writes",
      "mode": "stage4_sealed_cell",
      "banner": "sealed Stage 4; scientific admission also requires complete declared populations"
    },
    {
      "phase": "immediate:275",
      "identity_check_kind": "in_memory_structure_and_configuration",
      "recipe_verification_seconds": 0.0,
      "identity_verification_seconds": 0.0,
      "identity_check_seconds": 0.001791112998034805,
      "state_hash_seconds": 0.098188903008122,
      "clone_seconds": 0.010527416015975177,
      "restore_seconds": 0.0034753300133161247,
      "file_write_seconds": 0.012158801022451371,
      "operation_seconds": 0.43258448695996776,
      "total_phase_seconds": 0.5588230540161021,
      "scope": "file writes include journal intent/add/flush; excludes this timing receipt and checkpoint writes",
      "mode": "stage4_sealed_cell",
      "banner": "sealed Stage 4; scientific admission also requires complete declared populations"
    },
    {
      "phase": "edit:276",
      "identity_check_kind": "in_memory_structure_and_configuration",
      "recipe_verification_seconds": 0.0,
      "identity_verification_seconds": 0.0,
      "identity_check_seconds": 0.0017804410308599472,
      "state_hash_seconds": 0.08044419495854527,
      "clone_seconds": 0.010284760035574436,
      "restore_seconds": 0.0,
      "file_write_seconds": 0.012233524990733713,
      "operation_seconds": 0.4682869090465829,
      "total_phase_seconds": 0.5731274080462754,
      "scope": "file writes include journal intent/add/flush; excludes this timing receipt and checkpoint writes",
      "mode": "stage4_sealed_cell",
      "banner": "sealed Stage 4; scientific admission also requires complete declared populations"
    },
    {
      "phase": "immediate:276",
      "identity_check_kind": "in_memory_structure_and_configuration",
      "recipe_verification_seconds": 0.0,
      "identity_verification_seconds": 0.0,
      "identity_check_seconds": 0.002019959967583418,
      "state_hash_seconds": 0.09690412099007517,
      "clone_seconds": 0.01004496100358665,
      "restore_seconds": 0.002706577011849731,
      "file_write_seconds": 0.012254734989255667,
      "operation_seconds": 0.34743911295663565,
      "total_phase_seconds": 0.47147836501244456,
      "scope": "file writes include journal intent/add/flush; excludes this timing receipt and checkpoint writes",
      "mode": "stage4_sealed_cell",
      "banner": "sealed Stage 4; scientific admission also requires complete declared populations"
    },
    {
      "phase": "edit:277",
      "identity_check_kind": "in_memory_structure_and_configuration",
      "recipe_verification_seconds": 0.0,
      "identity_verification_seconds": 0.0,
      "identity_check_seconds": 0.0017943389830179513,
      "state_hash_seconds": 0.07723741000518203,
      "clone_seconds": 0.009554110001772642,
      "restore_seconds": 0.0,
      "file_write_seconds": 0.012105669011361897,
      "operation_seconds": 0.311420775949955,
      "total_phase_seconds": 0.4121938599855639,
      "scope": "file writes include journal intent/add/flush; excludes this timing receipt and checkpoint writes",
      "mode": "stage4_sealed_cell",
      "banner": "sealed Stage 4; scientific admission also requires complete declared populations"
    },
    {
      "phase": "immediate:277",
      "identity_check_kind": "in_memory_structure_and_configuration",
      "recipe_verification_seconds": 0.0,
      "identity_verification_seconds": 0.0,
      "identity_check_seconds": 0.0017383419326506555,
      "state_hash_seconds": 0.09774618194205686,
      "clone_seconds": 0.009594697039574385,
      "restore_seconds": 0.002568261988926679,
      "file_write_seconds": 0.012222523975651711,
      "operation_seconds": 0.29371034499490634,
      "total_phase_seconds": 0.417676817975007,
      "scope": "file writes include journal intent/add/flush; excludes this timing receipt and checkpoint writes",
      "mode": "stage4_sealed_cell",
      "banner": "sealed Stage 4; scientific admission also requires complete declared populations"
    },
    {
      "phase": "edit:278",
      "identity_check_kind": "in_memory_structure_and_configuration",
      "recipe_verification_seconds": 0.0,
      "identity_verification_seconds": 0.0,
      "identity_check_seconds": 0.001892155094537884,
      "state_hash_seconds": 0.08003270695917308,
      "clone_seconds": 0.009462825022637844,
      "restore_seconds": 0.0,
      "file_write_seconds": 0.001494875003118068,
      "operation_seconds": 0.6285466050030664,
      "total_phase_seconds": 0.7215384470182471,
      "scope": "file writes include journal intent/add/flush; excludes this timing receipt and checkpoint writes",
      "mode": "stage4_sealed_cell",
      "banner": "sealed Stage 4; scientific admission also requires complete declared populations"
    },
    {
      "phase": "immediate:278",
      "identity_check_kind": "in_memory_structure_and_configuration",
      "recipe_verification_seconds": 0.0,
      "identity_verification_seconds": 0.0,
      "identity_check_seconds": 0.0017905310378409922,
      "state_hash_seconds": 0.09782423207070678,
      "clone_seconds": 0.10122227598913014,
      "restore_seconds": 0.0027031300123780966,
      "file_write_seconds": 0.012384974979795516,
      "operation_seconds": 0.4320289129973389,
      "total_phase_seconds": 0.6480591699946672,
      "scope": "file writes include journal intent/add/flush; excludes this timing receipt and checkpoint writes",
      "mode": "stage4_sealed_cell",
      "banner": "sealed Stage 4; scientific admission also requires complete declared populations"
    },
    {
      "phase": "edit:279",
      "identity_check_kind": "in_memory_structure_and_configuration",
      "recipe_verification_seconds": 0.0,
      "identity_verification_seconds": 0.0,
      "identity_check_seconds": 0.0018694719765335321,
      "state_hash_seconds": 0.08216496300883591,
      "clone_seconds": 0.010776361974421889,
      "restore_seconds": 0.0,
      "file_write_seconds": 0.012254916015081108,
      "operation_seconds": 0.46814868302317336,
      "total_phase_seconds": 0.5753091190126725,
      "scope": "file writes include journal intent/add/flush; excludes this timing receipt and checkpoint writes",
      "mode": "stage4_sealed_cell",
      "banner": "sealed Stage 4; scientific admission also requires complete declared populations"
    },
    {
      "phase": "immediate:279",
      "identity_check_kind": "in_memory_structure_and_configuration",
      "recipe_verification_seconds": 0.0,
      "identity_verification_seconds": 0.0,
      "identity_check_seconds": 0.001747358008287847,
      "state_hash_seconds": 0.0956322310375981,
      "clone_seconds": 0.009516838006675243,
      "restore_seconds": 0.0025370719959028065,
      "file_write_seconds": 0.012279763002879918,
      "operation_seconds": 0.2950327090220526,
      "total_phase_seconds": 0.4168416479951702,
      "scope": "file writes include journal intent/add/flush; excludes this timing receipt and checkpoint writes",
      "mode": "stage4_sealed_cell",
      "banner": "sealed Stage 4; scientific admission also requires complete declared populations"
    },
    {
      "phase": "edit:280",
      "identity_check_kind": "in_memory_structure_and_configuration",
      "recipe_verification_seconds": 0.0,
      "identity_verification_seconds": 0.0,
      "identity_check_seconds": 0.0017771560233086348,
      "state_hash_seconds": 0.08058052603155375,
      "clone_seconds": 0.00961483595892787,
      "restore_seconds": 0.0,
      "file_write_seconds": 0.012215571012347937,
      "operation_seconds": 0.45226581499446183,
      "total_phase_seconds": 0.5565445580286905,
      "scope": "file writes include journal intent/add/flush; excludes this timing receipt and checkpoint writes",
      "mode": "stage4_sealed_cell",
      "banner": "sealed Stage 4; scientific admission also requires complete declared populations"
    },
    {
      "phase": "immediate:280",
      "identity_check_kind": "in_memory_structure_and_configuration",
      "recipe_verification_seconds": 0.0,
      "identity_verification_seconds": 0.0,
      "identity_check_seconds": 0.0017467680154368281,
      "state_hash_seconds": 0.09784345101797953,
      "clone_seconds": 0.009564489009790123,
      "restore_seconds": 0.0034583069500513375,
      "file_write_seconds": 0.012265055032912642,
      "operation_seconds": 0.34731955302413553,
      "total_phase_seconds": 0.4722969639697112,
      "scope": "file writes include journal intent/add/flush; excludes this timing receipt and checkpoint writes",
      "mode": "stage4_sealed_cell",
      "banner": "sealed Stage 4; scientific admission also requires complete declared populations"
    },
    {
      "phase": "edit:281",
      "identity_check_kind": "in_memory_structure_and_configuration",
      "recipe_verification_seconds": 0.0,
      "identity_verification_seconds": 0.0,
      "identity_check_seconds": 0.00206519803032279,
      "state_hash_seconds": 0.08044730190886185,
      "clone_seconds": 0.00990890001412481,
      "restore_seconds": 0.0,
      "file_write_seconds": 0.012281987990718335,
      "operation_seconds": 0.30925482499878854,
      "total_phase_seconds": 0.41405043797567487,
      "scope": "file writes include journal intent/add/flush; excludes this timing receipt and checkpoint writes",
      "mode": "stage4_sealed_cell",
      "banner": "sealed Stage 4; scientific admission also requires complete declared populations"
    },
    {
      "phase": "immediate:281",
      "identity_check_kind": "in_memory_structure_and_configuration",
      "recipe_verification_seconds": 0.0,
      "identity_verification_seconds": 0.0,
      "identity_check_seconds": 0.0017712649423629045,
      "state_hash_seconds": 0.09675522398902103,
      "clone_seconds": 0.011222878005355597,
      "restore_seconds": 0.0028403940377756953,
      "file_write_seconds": 0.012329488003160805,
      "operation_seconds": 0.2884438430191949,
      "total_phase_seconds": 0.41346282104495913,
      "scope": "file writes include journal intent/add/flush; excludes this timing receipt and checkpoint writes",
      "mode": "stage4_sealed_cell",
      "banner": "sealed Stage 4; scientific admission also requires complete declared populations"
    },
    {
      "phase": "edit:282",
      "identity_check_kind": "in_memory_structure_and_configuration",
      "recipe_verification_seconds": 0.0,
      "identity_verification_seconds": 0.0,
      "identity_check_seconds": 0.0017478400259278715,
      "state_hash_seconds": 0.0786542339483276,
      "clone_seconds": 0.010180028970353305,
      "restore_seconds": 0.0,
      "file_write_seconds": 0.012451713031623513,
      "operation_seconds": 0.622860377014149,
      "total_phase_seconds": 0.7259882650105283,
      "scope": "file writes include journal intent/add/flush; excludes this timing receipt and checkpoint writes",
      "mode": "stage4_sealed_cell",
      "banner": "sealed Stage 4; scientific admission also requires complete declared populations"
    },
    {
      "phase": "immediate:282",
      "identity_check_kind": "in_memory_structure_and_configuration",
      "recipe_verification_seconds": 0.0,
      "identity_verification_seconds": 0.0,
      "identity_check_seconds": 0.001941941911354661,
      "state_hash_seconds": 0.10026308504166082,
      "clone_seconds": 0.10468361800303683,
      "restore_seconds": 0.003236913005821407,
      "file_write_seconds": 0.01243918901309371,
      "operation_seconds": 0.33904225000878796,
      "total_phase_seconds": 0.5617198459804058,
      "scope": "file writes include journal intent/add/flush; excludes this timing receipt and checkpoint writes",
      "mode": "stage4_sealed_cell",
      "banner": "sealed Stage 4; scientific admission also requires complete declared populations"
    },
    {
      "phase": "edit:283",
      "identity_check_kind": "in_memory_structure_and_configuration",
      "recipe_verification_seconds": 0.0,
      "identity_verification_seconds": 0.0,
      "identity_check_seconds": 0.0017542309942655265,
      "state_hash_seconds": 0.07960327295586467,
      "clone_seconds": 0.010462691017892212,
      "restore_seconds": 0.0,
      "file_write_seconds": 0.012394002988003194,
      "operation_seconds": 0.45197690097847953,
      "total_phase_seconds": 0.5562877259799279,
      "scope": "file writes include journal intent/add/flush; excludes this timing receipt and checkpoint writes",
      "mode": "stage4_sealed_cell",
      "banner": "sealed Stage 4; scientific admission also requires complete declared populations"
    },
    {
      "phase": "immediate:283",
      "identity_check_kind": "in_memory_structure_and_configuration",
      "recipe_verification_seconds": 0.0,
      "identity_verification_seconds": 0.0,
      "identity_check_seconds": 0.001779420010279864,
      "state_hash_seconds": 0.09909151098690927,
      "clone_seconds": 0.0106558509869501,
      "restore_seconds": 0.0026175460079684854,
      "file_write_seconds": 0.012150375987403095,
      "operation_seconds": 0.3384451459860429,
      "total_phase_seconds": 0.4648376579862088,
      "scope": "file writes include journal intent/add/flush; excludes this timing receipt and checkpoint writes",
      "mode": "stage4_sealed_cell",
      "banner": "sealed Stage 4; scientific admission also requires complete declared populations"
    },
    {
      "phase": "edit:284",
      "identity_check_kind": "in_memory_structure_and_configuration",
      "recipe_verification_seconds": 0.0,
      "identity_verification_seconds": 0.0,
      "identity_check_seconds": 0.0018224429804831743,
      "state_hash_seconds": 0.08175730105722323,
      "clone_seconds": 0.010069077019579709,
      "restore_seconds": 0.0,
      "file_write_seconds": 0.012168098997790366,
      "operation_seconds": 0.4539450830197893,
      "total_phase_seconds": 0.559854791034013,
      "scope": "file writes include journal intent/add/flush; excludes this timing receipt and checkpoint writes",
      "mode": "stage4_sealed_cell",
      "banner": "sealed Stage 4; scientific admission also requires complete declared populations"
    },
    {
      "phase": "immediate:284",
      "identity_check_kind": "in_memory_structure_and_configuration",
      "recipe_verification_seconds": 0.0,
      "identity_verification_seconds": 0.0,
      "identity_check_seconds": 0.001821901008952409,
      "state_hash_seconds": 0.10022255999501795,
      "clone_seconds": 0.009658800030592829,
      "restore_seconds": 0.004389162000734359,
      "file_write_seconds": 0.01214664796134457,
      "operation_seconds": 0.3407344039878808,
      "total_phase_seconds": 0.4690766319981776,
      "scope": "file writes include journal intent/add/flush; excludes this timing receipt and checkpoint writes",
      "mode": "stage4_sealed_cell",
      "banner": "sealed Stage 4; scientific admission also requires complete declared populations"
    },
    {
      "phase": "edit:285",
      "identity_check_kind": "in_memory_structure_and_configuration",
      "recipe_verification_seconds": 0.0,
      "identity_verification_seconds": 0.0,
      "identity_check_seconds": 0.001797685050405562,
      "state_hash_seconds": 0.07667324802605435,
      "clone_seconds": 0.009768821008037776,
      "restore_seconds": 0.0,
      "file_write_seconds": 0.012096171965822577,
      "operation_seconds": 0.4556463639601134,
      "total_phase_seconds": 0.5560768719878979,
      "scope": "file writes include journal intent/add/flush; excludes this timing receipt and checkpoint writes",
      "mode": "stage4_sealed_cell",
      "banner": "sealed Stage 4; scientific admission also requires complete declared populations"
    },
    {
      "phase": "immediate:285",
      "identity_check_kind": "in_memory_structure_and_configuration",
      "recipe_verification_seconds": 0.0,
      "identity_verification_seconds": 0.0,
      "identity_check_seconds": 0.001756956975441426,
      "state_hash_seconds": 0.09731132007436827,
      "clone_seconds": 0.009633301000576466,
      "restore_seconds": 0.0026937919901683927,
      "file_write_seconds": 0.012197514995932579,
      "operation_seconds": 0.341872584016528,
      "total_phase_seconds": 0.46557174500776455,
      "scope": "file writes include journal intent/add/flush; excludes this timing receipt and checkpoint writes",
      "mode": "stage4_sealed_cell",
      "banner": "sealed Stage 4; scientific admission also requires complete declared populations"
    },
    {
      "phase": "edit:286",
      "identity_check_kind": "in_memory_structure_and_configuration",
      "recipe_verification_seconds": 0.0,
      "identity_verification_seconds": 0.0,
      "identity_check_seconds": 0.0017447240534238517,
      "state_hash_seconds": 0.08115269296104088,
      "clone_seconds": 0.010249882994685322,
      "restore_seconds": 0.0,
      "file_write_seconds": 0.012119886989239603,
      "operation_seconds": 0.7555770499748178,
      "total_phase_seconds": 0.8609296210343018,
      "scope": "file writes include journal intent/add/flush; excludes this timing receipt and checkpoint writes",
      "mode": "stage4_sealed_cell",
      "banner": "sealed Stage 4; scientific admission also requires complete declared populations"
    },
    {
      "phase": "immediate:286",
      "identity_check_kind": "in_memory_structure_and_configuration",
      "recipe_verification_seconds": 0.0,
      "identity_verification_seconds": 0.0,
      "identity_check_seconds": 0.0017366380197927356,
      "state_hash_seconds": 0.09964589501032606,
      "clone_seconds": 0.1000107639702037,
      "restore_seconds": 0.0027149440138600767,
      "file_write_seconds": 0.012216211995109916,
      "operation_seconds": 0.43905116099631414,
      "total_phase_seconds": 0.6554766449844465,
      "scope": "file writes include journal intent/add/flush; excludes this timing receipt and checkpoint writes",
      "mode": "stage4_sealed_cell",
      "banner": "sealed Stage 4; scientific admission also requires complete declared populations"
    },
    {
      "phase": "edit:287",
      "identity_check_kind": "in_memory_structure_and_configuration",
      "recipe_verification_seconds": 0.0,
      "identity_verification_seconds": 0.0,
      "identity_check_seconds": 0.001741427055094391,
      "state_hash_seconds": 0.07922038092510775,
      "clone_seconds": 0.01009792200056836,
      "restore_seconds": 0.0,
      "file_write_seconds": 0.01222272397717461,
      "operation_seconds": 0.7537856560084037,
      "total_phase_seconds": 0.857158002036158,
      "scope": "file writes include journal intent/add/flush; excludes this timing receipt and checkpoint writes",
      "mode": "stage4_sealed_cell",
      "banner": "sealed Stage 4; scientific admission also requires complete declared populations"
    },
    {
      "phase": "immediate:287",
      "identity_check_kind": "in_memory_structure_and_configuration",
      "recipe_verification_seconds": 0.0,
      "identity_verification_seconds": 0.0,
      "identity_check_seconds": 0.0017663459875620902,
      "state_hash_seconds": 0.09658734302502126,
      "clone_seconds": 0.009892699017655104,
      "restore_seconds": 0.002558934036642313,
      "file_write_seconds": 0.01218129403423518,
      "operation_seconds": 0.43198562000179663,
      "total_phase_seconds": 0.555072988034226,
      "scope": "file writes include journal intent/add/flush; excludes this timing receipt and checkpoint writes",
      "mode": "stage4_sealed_cell",
      "banner": "sealed Stage 4; scientific admission also requires complete declared populations"
    },
    {
      "phase": "edit:288",
      "identity_check_kind": "in_memory_structure_and_configuration",
      "recipe_verification_seconds": 0.0,
      "identity_verification_seconds": 0.0,
      "identity_check_seconds": 0.0018540729652158916,
      "state_hash_seconds": 0.0792106029111892,
      "clone_seconds": 0.011377313989214599,
      "restore_seconds": 0.0,
      "file_write_seconds": 0.012178679986391217,
      "operation_seconds": 0.46142161096213385,
      "total_phase_seconds": 0.5661322220112197,
      "scope": "file writes include journal intent/add/flush; excludes this timing receipt and checkpoint writes",
      "mode": "stage4_sealed_cell",
      "banner": "sealed Stage 4; scientific admission also requires complete declared populations"
    },
    {
      "phase": "immediate:288",
      "identity_check_kind": "in_memory_structure_and_configuration",
      "recipe_verification_seconds": 0.0,
      "identity_verification_seconds": 0.0,
      "identity_check_seconds": 0.0018597840098664165,
      "state_hash_seconds": 0.09904015302890912,
      "clone_seconds": 0.009326154016889632,
      "restore_seconds": 0.002681177982594818,
      "file_write_seconds": 0.012234878027811646,
      "operation_seconds": 0.38286196801345795,
      "total_phase_seconds": 0.5081074119661935,
      "scope": "file writes include journal intent/add/flush; excludes this timing receipt and checkpoint writes",
      "mode": "stage4_sealed_cell",
      "banner": "sealed Stage 4; scientific admission also requires complete declared populations"
    },
    {
      "phase": "edit:289",
      "identity_check_kind": "in_memory_structure_and_configuration",
      "recipe_verification_seconds": 0.0,
      "identity_verification_seconds": 0.0,
      "identity_check_seconds": 0.0018100689630955458,
      "state_hash_seconds": 0.07975987310055643,
      "clone_seconds": 0.010211910994257778,
      "restore_seconds": 0.0,
      "file_write_seconds": 0.012381056963931769,
      "operation_seconds": 0.4500787540455349,
      "total_phase_seconds": 0.5543291919748299,
      "scope": "file writes include journal intent/add/flush; excludes this timing receipt and checkpoint writes",
      "mode": "stage4_sealed_cell",
      "banner": "sealed Stage 4; scientific admission also requires complete declared populations"
    },
    {
      "phase": "immediate:289",
      "identity_check_kind": "in_memory_structure_and_configuration",
      "recipe_verification_seconds": 0.0,
      "identity_verification_seconds": 0.0,
      "identity_check_seconds": 0.0017976450035348535,
      "state_hash_seconds": 0.09870439005317166,
      "clone_seconds": 0.011271562019828707,
      "restore_seconds": 0.002641773025970906,
      "file_write_seconds": 0.012211874010972679,
      "operation_seconds": 0.3379426629981026,
      "total_phase_seconds": 0.4646653380477801,
      "scope": "file writes include journal intent/add/flush; excludes this timing receipt and checkpoint writes",
      "mode": "stage4_sealed_cell",
      "banner": "sealed Stage 4; scientific admission also requires complete declared populations"
    },
    {
      "phase": "edit:290",
      "identity_check_kind": "in_memory_structure_and_configuration",
      "recipe_verification_seconds": 0.0,
      "identity_verification_seconds": 0.0,
      "identity_check_seconds": 0.0017856210470199585,
      "state_hash_seconds": 0.17135061195585877,
      "clone_seconds": 0.009751146950293332,
      "restore_seconds": 0.0,
      "file_write_seconds": 0.012343094975221902,
      "operation_seconds": 0.6200095529784448,
      "total_phase_seconds": 0.8153275170479901,
      "scope": "file writes include journal intent/add/flush; excludes this timing receipt and checkpoint writes",
      "mode": "stage4_sealed_cell",
      "banner": "sealed Stage 4; scientific admission also requires complete declared populations"
    },
    {
      "phase": "immediate:290",
      "identity_check_kind": "in_memory_structure_and_configuration",
      "recipe_verification_seconds": 0.0,
      "identity_verification_seconds": 0.0,
      "identity_check_seconds": 0.0017451330204494298,
      "state_hash_seconds": 0.09695162990828976,
      "clone_seconds": 0.009503852983471006,
      "restore_seconds": 0.002678742981515825,
      "file_write_seconds": 0.012255325971636921,
      "operation_seconds": 0.341449212981388,
      "total_phase_seconds": 0.4646826920215972,
      "scope": "file writes include journal intent/add/flush; excludes this timing receipt and checkpoint writes",
      "mode": "stage4_sealed_cell",
      "banner": "sealed Stage 4; scientific admission also requires complete declared populations"
    },
    {
      "phase": "edit:291",
      "identity_check_kind": "in_memory_structure_and_configuration",
      "recipe_verification_seconds": 0.0,
      "identity_verification_seconds": 0.0,
      "identity_check_seconds": 0.0017294050194323063,
      "state_hash_seconds": 0.07961462496314198,
      "clone_seconds": 0.011457648011855781,
      "restore_seconds": 0.0,
      "file_write_seconds": 0.01227501401444897,
      "operation_seconds": 0.3113321350538172,
      "total_phase_seconds": 0.41649560403311625,
      "scope": "file writes include journal intent/add/flush; excludes this timing receipt and checkpoint writes",
      "mode": "stage4_sealed_cell",
      "banner": "sealed Stage 4; scientific admission also requires complete declared populations"
    },
    {
      "phase": "immediate:291",
      "identity_check_kind": "in_memory_structure_and_configuration",
      "recipe_verification_seconds": 0.0,
      "identity_verification_seconds": 0.0,
      "identity_check_seconds": 0.001886054000351578,
      "state_hash_seconds": 0.09902000398142263,
      "clone_seconds": 0.009786654962226748,
      "restore_seconds": 0.0037323120050132275,
      "file_write_seconds": 0.012462423997931182,
      "operation_seconds": 0.3046672330237925,
      "total_phase_seconds": 0.43166378303430974,
      "scope": "file writes include journal intent/add/flush; excludes this timing receipt and checkpoint writes",
      "mode": "stage4_sealed_cell",
      "banner": "sealed Stage 4; scientific admission also requires complete declared populations"
    },
    {
      "phase": "edit:292",
      "identity_check_kind": "in_memory_structure_and_configuration",
      "recipe_verification_seconds": 0.0,
      "identity_verification_seconds": 0.0,
      "identity_check_seconds": 0.0017432000022381544,
      "state_hash_seconds": 0.07839996693655849,
      "clone_seconds": 0.013905679050367326,
      "restore_seconds": 0.0,
      "file_write_seconds": 0.0122498560231179,
      "operation_seconds": 0.3141861449694261,
      "total_phase_seconds": 0.42057516297791153,
      "scope": "file writes include journal intent/add/flush; excludes this timing receipt and checkpoint writes",
      "mode": "stage4_sealed_cell",
      "banner": "sealed Stage 4; scientific admission also requires complete declared populations"
    },
    {
      "phase": "immediate:292",
      "identity_check_kind": "in_memory_structure_and_configuration",
      "recipe_verification_seconds": 0.0,
      "identity_verification_seconds": 0.0,
      "identity_check_seconds": 0.0017661750316619873,
      "state_hash_seconds": 0.10112509102327749,
      "clone_seconds": 0.01083955296780914,
      "restore_seconds": 0.002597337996121496,
      "file_write_seconds": 0.01212056801887229,
      "operation_seconds": 0.29444327001692727,
      "total_phase_seconds": 0.4229888180270791,
      "scope": "file writes include journal intent/add/flush; excludes this timing receipt and checkpoint writes",
      "mode": "stage4_sealed_cell",
      "banner": "sealed Stage 4; scientific admission also requires complete declared populations"
    },
    {
      "phase": "edit:293",
      "identity_check_kind": "in_memory_structure_and_configuration",
      "recipe_verification_seconds": 0.0,
      "identity_verification_seconds": 0.0,
      "identity_check_seconds": 0.0017528890166431665,
      "state_hash_seconds": 0.07979917898774147,
      "clone_seconds": 0.009417327994015068,
      "restore_seconds": 0.0,
      "file_write_seconds": 0.012160754995420575,
      "operation_seconds": 0.30353940202621743,
      "total_phase_seconds": 0.40675412595737725,
      "scope": "file writes include journal intent/add/flush; excludes this timing receipt and checkpoint writes",
      "mode": "stage4_sealed_cell",
      "banner": "sealed Stage 4; scientific admission also requires complete declared populations"
    },
    {
      "phase": "immediate:293",
      "identity_check_kind": "in_memory_structure_and_configuration",
      "recipe_verification_seconds": 0.0,
      "identity_verification_seconds": 0.0,
      "identity_check_seconds": 0.0017812650185078382,
      "state_hash_seconds": 0.097963138949126,
      "clone_seconds": 0.009800280968192965,
      "restore_seconds": 0.0028940060292370617,
      "file_write_seconds": 0.012159373029135168,
      "operation_seconds": 0.2895599009934813,
      "total_phase_seconds": 0.41425361699657515,
      "scope": "file writes include journal intent/add/flush; excludes this timing receipt and checkpoint writes",
      "mode": "stage4_sealed_cell",
      "banner": "sealed Stage 4; scientific admission also requires complete declared populations"
    },
    {
      "phase": "edit:294",
      "identity_check_kind": "in_memory_structure_and_configuration",
      "recipe_verification_seconds": 0.0,
      "identity_verification_seconds": 0.0,
      "identity_check_seconds": 0.0017703830380924046,
      "state_hash_seconds": 0.07858761894749478,
      "clone_seconds": 0.10113289399305359,
      "restore_seconds": 0.0,
      "file_write_seconds": 0.012223956000525504,
      "operation_seconds": 0.6082491760025732,
      "total_phase_seconds": 0.8020675249863416,
      "scope": "file writes include journal intent/add/flush; excludes this timing receipt and checkpoint writes",
      "mode": "stage4_sealed_cell",
      "banner": "sealed Stage 4; scientific admission also requires complete declared populations"
    },
    {
      "phase": "immediate:294",
      "identity_check_kind": "in_memory_structure_and_configuration",
      "recipe_verification_seconds": 0.0,
      "identity_verification_seconds": 0.0,
      "identity_check_seconds": 0.0018049689824692905,
      "state_hash_seconds": 0.09505017608171329,
      "clone_seconds": 0.010068356001283973,
      "restore_seconds": 0.0025498170289210975,
      "file_write_seconds": 0.012244726007338613,
      "operation_seconds": 0.3899212469696067,
      "total_phase_seconds": 0.5117462359485216,
      "scope": "file writes include journal intent/add/flush; excludes this timing receipt and checkpoint writes",
      "mode": "stage4_sealed_cell",
      "banner": "sealed Stage 4; scientific admission also requires complete declared populations"
    },
    {
      "phase": "edit:295",
      "identity_check_kind": "in_memory_structure_and_configuration",
      "recipe_verification_seconds": 0.0,
      "identity_verification_seconds": 0.0,
      "identity_check_seconds": 0.0017527190502732992,
      "state_hash_seconds": 0.08063045388553292,
      "clone_seconds": 0.009781765984371305,
      "restore_seconds": 0.0,
      "file_write_seconds": 0.012219428026583046,
      "operation_seconds": 0.4711103090085089,
      "total_phase_seconds": 0.5755800580373034,
      "scope": "file writes include journal intent/add/flush; excludes this timing receipt and checkpoint writes",
      "mode": "stage4_sealed_cell",
      "banner": "sealed Stage 4; scientific admission also requires complete declared populations"
    },
    {
      "phase": "immediate:295",
      "identity_check_kind": "in_memory_structure_and_configuration",
      "recipe_verification_seconds": 0.0,
      "identity_verification_seconds": 0.0,
      "identity_check_seconds": 0.0018401669221930206,
      "state_hash_seconds": 0.10128328198334202,
      "clone_seconds": 0.011556537996511906,
      "restore_seconds": 0.003363916010130197,
      "file_write_seconds": 0.012266477977391332,
      "operation_seconds": 0.34001927298959345,
      "total_phase_seconds": 0.4704303460312076,
      "scope": "file writes include journal intent/add/flush; excludes this timing receipt and checkpoint writes",
      "mode": "stage4_sealed_cell",
      "banner": "sealed Stage 4; scientific admission also requires complete declared populations"
    },
    {
      "phase": "edit:296",
      "identity_check_kind": "in_memory_structure_and_configuration",
      "recipe_verification_seconds": 0.0,
      "identity_verification_seconds": 0.0,
      "identity_check_seconds": 0.0020972680067643523,
      "state_hash_seconds": 0.08172690507490188,
      "clone_seconds": 0.010649449017364532,
      "restore_seconds": 0.0,
      "file_write_seconds": 0.012483043014071882,
      "operation_seconds": 0.31360686605330557,
      "total_phase_seconds": 0.4206765860435553,
      "scope": "file writes include journal intent/add/flush; excludes this timing receipt and checkpoint writes",
      "mode": "stage4_sealed_cell",
      "banner": "sealed Stage 4; scientific admission also requires complete declared populations"
    },
    {
      "phase": "immediate:296",
      "identity_check_kind": "in_memory_structure_and_configuration",
      "recipe_verification_seconds": 0.0,
      "identity_verification_seconds": 0.0,
      "identity_check_seconds": 0.0021789270103909075,
      "state_hash_seconds": 0.10129974194569513,
      "clone_seconds": 0.013485133007634431,
      "restore_seconds": 0.002663233957719058,
      "file_write_seconds": 0.0013492960133589804,
      "operation_seconds": 0.29351600201334804,
      "total_phase_seconds": 0.4145927379722707,
      "scope": "file writes include journal intent/add/flush; excludes this timing receipt and checkpoint writes",
      "mode": "stage4_sealed_cell",
      "banner": "sealed Stage 4; scientific admission also requires complete declared populations"
    },
    {
      "phase": "edit:297",
      "identity_check_kind": "in_memory_structure_and_configuration",
      "recipe_verification_seconds": 0.0,
      "identity_verification_seconds": 0.0,
      "identity_check_seconds": 0.0017183820018544793,
      "state_hash_seconds": 0.0799847770249471,
      "clone_seconds": 0.011348168016411364,
      "restore_seconds": 0.0,
      "file_write_seconds": 0.012285273987799883,
      "operation_seconds": 0.31216106400825083,
      "total_phase_seconds": 0.4175851820036769,
      "scope": "file writes include journal intent/add/flush; excludes this timing receipt and checkpoint writes",
      "mode": "stage4_sealed_cell",
      "banner": "sealed Stage 4; scientific admission also requires complete declared populations"
    },
    {
      "phase": "immediate:297",
      "identity_check_kind": "in_memory_structure_and_configuration",
      "recipe_verification_seconds": 0.0,
      "identity_verification_seconds": 0.0,
      "identity_check_seconds": 0.0018959230510517955,
      "state_hash_seconds": 0.10272545606130734,
      "clone_seconds": 0.009853162977378815,
      "restore_seconds": 0.0027528760256245732,
      "file_write_seconds": 0.01226098695769906,
      "operation_seconds": 0.2920446129865013,
      "total_phase_seconds": 0.42164140596287325,
      "scope": "file writes include journal intent/add/flush; excludes this timing receipt and checkpoint writes",
      "mode": "stage4_sealed_cell",
      "banner": "sealed Stage 4; scientific admission also requires complete declared populations"
    },
    {
      "phase": "edit:298",
      "identity_check_kind": "in_memory_structure_and_configuration",
      "recipe_verification_seconds": 0.0,
      "identity_verification_seconds": 0.0,
      "identity_check_seconds": 0.0017789590056054294,
      "state_hash_seconds": 0.079331160930451,
      "clone_seconds": 0.010362819011788815,
      "restore_seconds": 0.0,
      "file_write_seconds": 0.012233363988343626,
      "operation_seconds": 0.30511853797361255,
      "total_phase_seconds": 0.4089142650482245,
      "scope": "file writes include journal intent/add/flush; excludes this timing receipt and checkpoint writes",
      "mode": "stage4_sealed_cell",
      "banner": "sealed Stage 4; scientific admission also requires complete declared populations"
    },
    {
      "phase": "immediate:298",
      "identity_check_kind": "in_memory_structure_and_configuration",
      "recipe_verification_seconds": 0.0,
      "identity_verification_seconds": 0.0,
      "identity_check_seconds": 0.0017612960073165596,
      "state_hash_seconds": 0.09780744096497074,
      "clone_seconds": 0.10240162495756522,
      "restore_seconds": 0.0026180370477959514,
      "file_write_seconds": 0.012277117988560349,
      "operation_seconds": 0.3005260069621727,
      "total_phase_seconds": 0.5174894919618964,
      "scope": "file writes include journal intent/add/flush; excludes this timing receipt and checkpoint writes",
      "mode": "stage4_sealed_cell",
      "banner": "sealed Stage 4; scientific admission also requires complete declared populations"
    },
    {
      "phase": "edit:299",
      "identity_check_kind": "in_memory_structure_and_configuration",
      "recipe_verification_seconds": 0.0,
      "identity_verification_seconds": 0.0,
      "identity_check_seconds": 0.0017594520468264818,
      "state_hash_seconds": 0.08216095593525097,
      "clone_seconds": 0.010461568017490208,
      "restore_seconds": 0.0,
      "file_write_seconds": 0.01230058295186609,
      "operation_seconds": 0.4616944339941256,
      "total_phase_seconds": 0.5684684899752028,
      "scope": "file writes include journal intent/add/flush; excludes this timing receipt and checkpoint writes",
      "mode": "stage4_sealed_cell",
      "banner": "sealed Stage 4; scientific admission also requires complete declared populations"
    },
    {
      "phase": "immediate:299",
      "identity_check_kind": "in_memory_structure_and_configuration",
      "recipe_verification_seconds": 0.0,
      "identity_verification_seconds": 0.0,
      "identity_check_seconds": 0.0021768020233139396,
      "state_hash_seconds": 0.09878184797707945,
      "clone_seconds": 0.010528597049415112,
      "restore_seconds": 0.0026128169847652316,
      "file_write_seconds": 0.012366570008452982,
      "operation_seconds": 0.3894387820037082,
      "total_phase_seconds": 0.5160109089920297,
      "scope": "file writes include journal intent/add/flush; excludes this timing receipt and checkpoint writes",
      "mode": "stage4_sealed_cell",
      "banner": "sealed Stage 4; scientific admission also requires complete declared populations"
    },
    {
      "phase": "edit:300",
      "identity_check_kind": "in_memory_structure_and_configuration",
      "recipe_verification_seconds": 0.0,
      "identity_verification_seconds": 0.0,
      "identity_check_seconds": 0.0019390059751458466,
      "state_hash_seconds": 0.08141880290349945,
      "clone_seconds": 0.01036461303010583,
      "restore_seconds": 0.0,
      "file_write_seconds": 0.012258271977771074,
      "operation_seconds": 0.6228597160079516,
      "total_phase_seconds": 0.7289300020202063,
      "scope": "file writes include journal intent/add/flush; excludes this timing receipt and checkpoint writes",
      "mode": "stage4_sealed_cell",
      "banner": "sealed Stage 4; scientific admission also requires complete declared populations"
    },
    {
      "phase": "immediate:300",
      "identity_check_kind": "in_memory_structure_and_configuration",
      "recipe_verification_seconds": 0.0,
      "identity_verification_seconds": 0.0,
      "identity_check_seconds": 0.0017614559619687498,
      "state_hash_seconds": 0.09840635000728071,
      "clone_seconds": 0.010286643984727561,
      "restore_seconds": 0.0026479450170882046,
      "file_write_seconds": 0.01231069304049015,
      "operation_seconds": 0.38687680201837793,
      "total_phase_seconds": 0.5123866219655611,
      "scope": "file writes include journal intent/add/flush; excludes this timing receipt and checkpoint writes",
      "mode": "stage4_sealed_cell",
      "banner": "sealed Stage 4; scientific admission also requires complete declared populations"
    },
    {
      "phase": "retention:300",
      "identity_check_kind": "in_memory_structure_and_configuration",
      "recipe_verification_seconds": 0.0,
      "identity_verification_seconds": 0.0,
      "identity_check_seconds": 0.0017501039546914399,
      "state_hash_seconds": 0.10204620502190664,
      "clone_seconds": 0.010084375971928239,
      "restore_seconds": 0.0035725959460251033,
      "file_write_seconds": 0.05367831001058221,
      "operation_seconds": 110.69622255401919,
      "total_phase_seconds": 110.87325188796967,
      "scope": "file writes include journal intent/add/flush; excludes this timing receipt and checkpoint writes",
      "mode": "stage4_sealed_cell",
      "banner": "sealed Stage 4; scientific admission also requires complete declared populations"
    },
    {
      "phase": "locality:300",
      "identity_check_kind": "in_memory_structure_and_configuration",
      "recipe_verification_seconds": 0.0,
      "identity_verification_seconds": 0.0,
      "identity_check_seconds": 0.0018772170296870172,
      "state_hash_seconds": 0.1013393891043961,
      "clone_seconds": 0.010033337981440127,
      "restore_seconds": 0.0033478860277682543,
      "file_write_seconds": 0.048313157982192934,
      "operation_seconds": 57.9258122969768,
      "total_phase_seconds": 58.09201081498759,
      "scope": "file writes include journal intent/add/flush; excludes this timing receipt and checkpoint writes",
      "mode": "stage4_sealed_cell",
      "banner": "sealed Stage 4; scientific admission also requires complete declared populations"
    },
    {
      "phase": "unseen:300",
      "identity_check_kind": "in_memory_structure_and_configuration",
      "recipe_verification_seconds": 0.0,
      "identity_verification_seconds": 0.0,
      "identity_check_seconds": 0.0017685990314930677,
      "state_hash_seconds": 0.09794409805908799,
      "clone_seconds": 0.009713665000163019,
      "restore_seconds": 0.0025944829685613513,
      "file_write_seconds": 0.049289076996501535,
      "operation_seconds": 169.57286459900206,
      "total_phase_seconds": 169.7361795240431,
      "scope": "file writes include journal intent/add/flush; excludes this timing receipt and checkpoint writes",
      "mode": "stage4_sealed_cell",
      "banner": "sealed Stage 4; scientific admission also requires complete declared populations"
    },
    {
      "phase": "near_miss:300",
      "identity_check_kind": "in_memory_structure_and_configuration",
      "recipe_verification_seconds": 0.0,
      "identity_verification_seconds": 0.0,
      "identity_check_seconds": 0.0017631800146773458,
      "state_hash_seconds": 0.09748140402371064,
      "clone_seconds": 0.011526561982464045,
      "restore_seconds": 0.0026712900144048035,
      "file_write_seconds": 0.01676802703877911,
      "operation_seconds": 250.2166226079571,
      "total_phase_seconds": 250.3509444220108,
      "scope": "file writes include journal intent/add/flush; excludes this timing receipt and checkpoint writes",
      "mode": "stage4_sealed_cell",
      "banner": "sealed Stage 4; scientific admission also requires complete declared populations"
    },
    {
      "phase": "revision:300",
      "identity_check_kind": "in_memory_structure_and_configuration",
      "recipe_verification_seconds": 0.0,
      "identity_verification_seconds": 0.0,
      "identity_check_seconds": 0.001763730018865317,
      "state_hash_seconds": 0.09616050100885332,
      "clone_seconds": 0.00852475903229788,
      "restore_seconds": 0.002672482980415225,
      "file_write_seconds": 0.04998637398239225,
      "operation_seconds": 105.90538637997815,
      "total_phase_seconds": 106.06721219798783,
      "scope": "file writes include journal intent/add/flush; excludes this timing receipt and checkpoint writes",
      "mode": "stage4_sealed_cell",
      "banner": "sealed Stage 4; scientific admission also requires complete declared populations"
    },
    {
      "phase": "composition:300",
      "identity_check_kind": "in_memory_structure_and_configuration",
      "recipe_verification_seconds": 0.0,
      "identity_verification_seconds": 0.0,
      "identity_check_seconds": 0.0018961040186695755,
      "state_hash_seconds": 0.10077928600367159,
      "clone_seconds": 0.009856129996478558,
      "restore_seconds": 0.005555717973038554,
      "file_write_seconds": 0.05364560801535845,
      "operation_seconds": 138.75846356200054,
      "total_phase_seconds": 138.9358292829711,
      "scope": "file writes include journal intent/add/flush; excludes this timing receipt and checkpoint writes",
      "mode": "stage4_sealed_cell",
      "banner": "sealed Stage 4; scientific admission also requires complete declared populations"
    },
    {
      "phase": "drift:300",
      "identity_check_kind": "in_memory_structure_and_configuration",
      "recipe_verification_seconds": 0.0,
      "identity_verification_seconds": 0.0,
      "identity_check_seconds": 0.0017619270365685225,
      "state_hash_seconds": 0.09869319800054654,
      "clone_seconds": 0.009067017992492765,
      "restore_seconds": 0.0031027469667606056,
      "file_write_seconds": 0.15717125596711412,
      "operation_seconds": 86.32141803699778,
      "total_phase_seconds": 86.73557471501408,
      "scope": "file writes include journal intent/add/flush; excludes this timing receipt and checkpoint writes",
      "mode": "stage4_sealed_cell",
      "banner": "sealed Stage 4; scientific admission also requires complete declared populations"
    },
    {
      "phase": "full_validation:300",
      "identity_check_kind": "in_memory_structure_and_configuration",
      "recipe_verification_seconds": 0.0,
      "identity_verification_seconds": 0.0,
      "identity_check_seconds": 0.0017770070116966963,
      "state_hash_seconds": 0.09493406402179971,
      "clone_seconds": 0.00840260396944359,
      "restore_seconds": 0.0024468599585816264,
      "file_write_seconds": 0.001247440988663584,
      "operation_seconds": 1342.678755889996,
      "total_phase_seconds": 1342.7931853980408,
      "scope": "file writes include journal intent/add/flush; excludes this timing receipt and checkpoint writes",
      "mode": "stage4_sealed_cell",
      "banner": "sealed Stage 4; scientific admission also requires complete declared populations"
    }
  ],
  "boundary_identity_checks": [
    {
      "boundary": "attempt_start",
      "kind": "full_recipe_and_adapter_rehash",
      "seconds": 1.1574812200269662
    },
    {
      "boundary": "checkpoint:100",
      "kind": "full_recipe_and_adapter_rehash",
      "seconds": 1.102232479956001
    },
    {
      "boundary": "checkpoint:300",
      "kind": "full_recipe_and_adapter_rehash",
      "seconds": 1.101655469974503
    },
    {
      "boundary": "completion",
      "kind": "full_recipe_and_adapter_rehash",
      "seconds": 1.0946428909664974
    }
  ],
  "boundary_identity_seconds": 4.4560120609239675,
  "identity_policy": "full rehash at attempt start, resume after restore, every checkpoint before receipt, and completion; cheap immutable memory check each phase",
  "mode": "stage4_sealed_cell"
}
