dataset,family,target,horizon,set,model,label,n_total,k,n_groups_in_set,frozen_threshold,mean_loss,mean_loss_ci_low,mean_loss_ci_high,success,success_ci_low,success_ci_high,max_loss,frac_below_1nat,frac_still_above_frozen_median
zsre,edit,new,300,hard5,frozen,Frozen GPT-2 (no cap),300,15,15,9.779131933300661,10.988244134442043,10.6586882795198,11.326045903782076,0.0,0.0,0.0,12.219442484634264,0.0,1.0
zsre,edit,new,300,hard5,bp_mean,BP-CAP (seed mean),300,15,15,9.779131933300661,0.021608891322001316,0.012814296562103608,0.03068235130131843,1.0,1.0,1.0,0.05791106024503634,1.0,0.0
zsre,edit,new,300,hard5,epc_mean,PC-CAP (seed mean),300,15,15,9.779131933300661,0.021608891322001316,0.012814296562103608,0.03068235130131843,1.0,1.0,1.0,0.05791106024503634,1.0,0.0
zsre,edit,new,300,hard5,bp_reader_s0,BP-CAP seed 0,300,15,15,9.779131933300661,0.021608891322001316,0.012814296562103608,0.03068235130131843,1.0,1.0,1.0,0.05791106024503634,1.0,0.0
zsre,edit,new,300,hard5,bp_reader_s1,BP-CAP seed 1,300,15,15,9.779131933300661,0.021608891322001316,0.012814296562103608,0.03068235130131843,1.0,1.0,1.0,0.05791106024503634,1.0,0.0
zsre,edit,new,300,hard5,bp_reader_s2,BP-CAP seed 2,300,15,15,9.779131933300661,0.021608891322001316,0.012814296562103608,0.03068235130131843,1.0,1.0,1.0,0.05791106024503634,1.0,0.0
zsre,edit,new,300,hard5,epc_reader_s0,PC-CAP seed 0,300,15,15,9.779131933300661,0.021608891322001316,0.012814296562103608,0.03068235130131843,1.0,1.0,1.0,0.05791106024503634,1.0,0.0
zsre,edit,new,300,hard5,epc_reader_s1,PC-CAP seed 1,300,15,15,9.779131933300661,0.021608891322001316,0.012814296562103608,0.03068235130131843,1.0,1.0,1.0,0.05791106024503634,1.0,0.0
zsre,edit,new,300,hard5,epc_reader_s2,PC-CAP seed 2,300,15,15,9.779131933300661,0.021608891322001316,0.012814296562103608,0.03068235130131843,1.0,1.0,1.0,0.05791106024503634,1.0,0.0
zsre,edit,new,300,hard1,frozen,Frozen GPT-2 (no cap),300,3,3,11.692691897570313,11.95173846624904,11.692691897570313,12.219442484634264,0.0,0.0,0.0,12.219442484634264,0.0,1.0
zsre,edit,new,300,hard1,bp_mean,BP-CAP (seed mean),300,3,3,11.692691897570313,0.007807225185330502,0.0034418158122129228,0.010682785694066332,1.0,1.0,1.0,0.010682785694066332,1.0,0.0
zsre,edit,new,300,hard1,epc_mean,PC-CAP (seed mean),300,3,3,11.692691897570313,0.007807225185330502,0.0034418158122129228,0.010682785694066332,1.0,1.0,1.0,0.010682785694066332,1.0,0.0
zsre,edit,new,300,hard1,bp_reader_s0,BP-CAP seed 0,300,3,3,11.692691897570313,0.007807225185330502,0.0034418158122129228,0.010682785694066332,1.0,1.0,1.0,0.010682785694066332,1.0,0.0
zsre,edit,new,300,hard1,bp_reader_s1,BP-CAP seed 1,300,3,3,11.692691897570313,0.007807225185330502,0.0034418158122129228,0.010682785694066332,1.0,1.0,1.0,0.010682785694066332,1.0,0.0
zsre,edit,new,300,hard1,bp_reader_s2,BP-CAP seed 2,300,3,3,11.692691897570313,0.007807225185330502,0.0034418158122129228,0.010682785694066332,1.0,1.0,1.0,0.010682785694066332,1.0,0.0
zsre,edit,new,300,hard1,epc_reader_s0,PC-CAP seed 0,300,3,3,11.692691897570313,0.007807225185330502,0.0034418158122129228,0.010682785694066332,1.0,1.0,1.0,0.010682785694066332,1.0,0.0
zsre,edit,new,300,hard1,epc_reader_s1,PC-CAP seed 1,300,3,3,11.692691897570313,0.007807225185330502,0.0034418158122129228,0.010682785694066332,1.0,1.0,1.0,0.010682785694066332,1.0,0.0
zsre,edit,new,300,hard1,epc_reader_s2,PC-CAP seed 2,300,3,3,11.692691897570313,0.007807225185330502,0.0034418158122129228,0.010682785694066332,1.0,1.0,1.0,0.010682785694066332,1.0,0.0
zsre,paraphrase,new,300,hard5,frozen,Frozen GPT-2 (no cap),300,15,15,10.876218865913046,11.365021550715193,11.119388159599492,11.656173764807976,0.0,0.0,0.0,12.692395137093627,0.0,1.0
zsre,paraphrase,new,300,hard5,bp_mean,BP-CAP (seed mean),300,15,15,10.876218865913046,0.046004693033923884,0.020285480680808914,0.07768559781812256,1.0,1.0,1.0,0.2137331948979515,1.0,0.0
zsre,paraphrase,new,300,hard5,epc_mean,PC-CAP (seed mean),300,15,15,10.876218865913046,0.046004693033923884,0.020285480680808914,0.07768559781812256,1.0,1.0,1.0,0.2137331948979515,1.0,0.0
zsre,paraphrase,new,300,hard5,bp_reader_s0,BP-CAP seed 0,300,15,15,10.876218865913046,0.046004693033923884,0.020285480680808914,0.07768559781812256,1.0,1.0,1.0,0.2137331948979515,1.0,0.0
zsre,paraphrase,new,300,hard5,bp_reader_s1,BP-CAP seed 1,300,15,15,10.876218865913046,0.046004693033923884,0.020285480680808914,0.07768559781812256,1.0,1.0,1.0,0.2137331948979515,1.0,0.0
zsre,paraphrase,new,300,hard5,bp_reader_s2,BP-CAP seed 2,300,15,15,10.876218865913046,0.046004693033923884,0.020285480680808914,0.07768559781812256,1.0,1.0,1.0,0.2137331948979515,1.0,0.0
zsre,paraphrase,new,300,hard5,epc_reader_s0,PC-CAP seed 0,300,15,15,10.876218865913046,0.046004693033923884,0.020285480680808914,0.07768559781812256,1.0,1.0,1.0,0.2137331948979515,1.0,0.0
zsre,paraphrase,new,300,hard5,epc_reader_s1,PC-CAP seed 1,300,15,15,10.876218865913046,0.046004693033923884,0.020285480680808914,0.07768559781812256,1.0,1.0,1.0,0.2137331948979515,1.0,0.0
zsre,paraphrase,new,300,hard5,epc_reader_s2,PC-CAP seed 2,300,15,15,10.876218865913046,0.046004693033923884,0.020285480680808914,0.07768559781812256,1.0,1.0,1.0,0.2137331948979515,1.0,0.0
zsre,paraphrase,new,300,hard1,frozen,Frozen GPT-2 (no cap),300,3,3,12.02992849396287,12.332266739057877,12.02992849396287,12.692395137093627,0.0,0.0,0.0,12.692395137093627,0.0,1.0
zsre,paraphrase,new,300,hard1,bp_mean,BP-CAP (seed mean),300,3,3,12.02992849396287,0.045492204774516175,0.002324622287794398,0.12389758354404279,1.0,1.0,1.0,0.12389758354404279,1.0,0.0
zsre,paraphrase,new,300,hard1,epc_mean,PC-CAP (seed mean),300,3,3,12.02992849396287,0.045492204774516175,0.002324622287794398,0.12389758354404279,1.0,1.0,1.0,0.12389758354404279,1.0,0.0
zsre,paraphrase,new,300,hard1,bp_reader_s0,BP-CAP seed 0,300,3,3,12.02992849396287,0.045492204774516175,0.002324622287794398,0.12389758354404279,1.0,1.0,1.0,0.12389758354404279,1.0,0.0
zsre,paraphrase,new,300,hard1,bp_reader_s1,BP-CAP seed 1,300,3,3,12.02992849396287,0.045492204774516175,0.002324622287794398,0.12389758354404279,1.0,1.0,1.0,0.12389758354404279,1.0,0.0
zsre,paraphrase,new,300,hard1,bp_reader_s2,BP-CAP seed 2,300,3,3,12.02992849396287,0.045492204774516175,0.002324622287794398,0.12389758354404279,1.0,1.0,1.0,0.12389758354404279,1.0,0.0
zsre,paraphrase,new,300,hard1,epc_reader_s0,PC-CAP seed 0,300,3,3,12.02992849396287,0.045492204774516175,0.002324622287794398,0.12389758354404279,1.0,1.0,1.0,0.12389758354404279,1.0,0.0
zsre,paraphrase,new,300,hard1,epc_reader_s1,PC-CAP seed 1,300,3,3,12.02992849396287,0.045492204774516175,0.002324622287794398,0.12389758354404279,1.0,1.0,1.0,0.12389758354404279,1.0,0.0
zsre,paraphrase,new,300,hard1,epc_reader_s2,PC-CAP seed 2,300,3,3,12.02992849396287,0.045492204774516175,0.002324622287794398,0.12389758354404279,1.0,1.0,1.0,0.12389758354404279,1.0,0.0
zsre,unseen,new,300,hard5,frozen,Frozen GPT-2 (no cap),100,5,5,9.625042413627671,10.550865836187588,9.89398011990691,11.438682943938097,0.0,0.0,0.0,12.07792211999309,0.0,1.0
zsre,unseen,new,300,hard5,bp_mean,BP-CAP (seed mean),100,5,5,9.625042413627671,11.065621225045593,10.241426135451956,11.889816314639232,0.0,0.0,0.0,12.198819357917694,0.0,1.0
zsre,unseen,new,300,hard5,epc_mean,PC-CAP (seed mean),100,5,5,9.625042413627671,10.808243530616592,10.241426135451956,11.447482706671584,0.0,0.0,0.0,12.07792211999309,0.0,1.0
zsre,unseen,new,300,hard5,bp_reader_s0,BP-CAP seed 0,100,5,5,9.625042413627671,10.550865836187588,9.89398011990691,11.438682943938097,0.0,0.0,0.0,12.07792211999309,0.0,1.0
zsre,unseen,new,300,hard5,bp_reader_s1,BP-CAP seed 1,100,5,5,9.625042413627671,11.322998919474596,10.241426135451956,12.519819070503564,0.0,0.0,0.0,13.485707830062704,0.0,1.0
zsre,unseen,new,300,hard5,bp_reader_s2,BP-CAP seed 2,100,5,5,9.625042413627671,11.322998919474596,10.241426135451956,12.519819070503564,0.0,0.0,0.0,13.485707830062704,0.0,1.0
zsre,unseen,new,300,hard5,epc_reader_s0,PC-CAP seed 0,100,5,5,9.625042413627671,10.550865836187588,9.89398011990691,11.438682943938097,0.0,0.0,0.0,12.07792211999309,0.0,1.0
zsre,unseen,new,300,hard5,epc_reader_s1,PC-CAP seed 1,100,5,5,9.625042413627671,11.322998919474596,10.241426135451956,12.519819070503564,0.0,0.0,0.0,13.485707830062704,0.0,1.0
zsre,unseen,new,300,hard5,epc_reader_s2,PC-CAP seed 2,100,5,5,9.625042413627671,10.550865836187588,9.89398011990691,11.438682943938097,0.0,0.0,0.0,12.07792211999309,0.0,1.0
zsre,unseen,new,300,hard1,frozen,Frozen GPT-2 (no cap),100,1,1,12.07792211999309,12.07792211999309,12.07792211999309,12.07792211999309,0.0,0.0,0.0,12.07792211999309,0.0,1.0
zsre,unseen,new,300,hard1,bp_mean,BP-CAP (seed mean),100,1,1,12.07792211999309,12.07792211999309,12.07792211999309,12.07792211999309,0.0,0.0,0.0,12.07792211999309,0.0,1.0
zsre,unseen,new,300,hard1,epc_mean,PC-CAP (seed mean),100,1,1,12.07792211999309,12.07792211999309,12.07792211999309,12.07792211999309,0.0,0.0,0.0,12.07792211999309,0.0,1.0
zsre,unseen,new,300,hard1,bp_reader_s0,BP-CAP seed 0,100,1,1,12.07792211999309,12.07792211999309,12.07792211999309,12.07792211999309,0.0,0.0,0.0,12.07792211999309,0.0,1.0
zsre,unseen,new,300,hard1,bp_reader_s1,BP-CAP seed 1,100,1,1,12.07792211999309,12.07792211999309,12.07792211999309,12.07792211999309,0.0,0.0,0.0,12.07792211999309,0.0,1.0
zsre,unseen,new,300,hard1,bp_reader_s2,BP-CAP seed 2,100,1,1,12.07792211999309,12.07792211999309,12.07792211999309,12.07792211999309,0.0,0.0,0.0,12.07792211999309,0.0,1.0
zsre,unseen,new,300,hard1,epc_reader_s0,PC-CAP seed 0,100,1,1,12.07792211999309,12.07792211999309,12.07792211999309,12.07792211999309,0.0,0.0,0.0,12.07792211999309,0.0,1.0
zsre,unseen,new,300,hard1,epc_reader_s1,PC-CAP seed 1,100,1,1,12.07792211999309,12.07792211999309,12.07792211999309,12.07792211999309,0.0,0.0,0.0,12.07792211999309,0.0,1.0
zsre,unseen,new,300,hard1,epc_reader_s2,PC-CAP seed 2,100,1,1,12.07792211999309,12.07792211999309,12.07792211999309,12.07792211999309,0.0,0.0,0.0,12.07792211999309,0.0,1.0
zsre,locality_item,true,300,hard5,frozen,Frozen GPT-2 (no cap),296,15,15,9.457446044180712,10.33309106694387,10.03405462156002,10.6528449969672,,,,11.31362149612626,0.0,1.0
zsre,locality_item,true,300,hard5,bp_mean,BP-CAP (seed mean),296,15,15,9.457446044180712,10.33309106694387,10.03405462156002,10.6528449969672,,,,11.31362149612626,0.0,1.0
zsre,locality_item,true,300,hard5,epc_mean,PC-CAP (seed mean),296,15,15,9.457446044180712,10.33309106694387,10.03405462156002,10.6528449969672,,,,11.31362149612626,0.0,1.0
zsre,locality_item,true,300,hard5,bp_reader_s0,BP-CAP seed 0,296,15,15,9.457446044180712,10.33309106694387,10.03405462156002,10.6528449969672,,,,11.31362149612626,0.0,1.0
zsre,locality_item,true,300,hard5,bp_reader_s1,BP-CAP seed 1,296,15,15,9.457446044180712,10.33309106694387,10.03405462156002,10.6528449969672,,,,11.31362149612626,0.0,1.0
zsre,locality_item,true,300,hard5,bp_reader_s2,BP-CAP seed 2,296,15,15,9.457446044180712,10.33309106694387,10.03405462156002,10.6528449969672,,,,11.31362149612626,0.0,1.0
zsre,locality_item,true,300,hard5,epc_reader_s0,PC-CAP seed 0,296,15,15,9.457446044180712,10.33309106694387,10.03405462156002,10.6528449969672,,,,11.31362149612626,0.0,1.0
zsre,locality_item,true,300,hard5,epc_reader_s1,PC-CAP seed 1,296,15,15,9.457446044180712,10.33309106694387,10.03405462156002,10.6528449969672,,,,11.31362149612626,0.0,1.0
zsre,locality_item,true,300,hard5,epc_reader_s2,PC-CAP seed 2,296,15,15,9.457446044180712,10.33309106694387,10.03405462156002,10.6528449969672,,,,11.31362149612626,0.0,1.0
zsre,locality_item,true,300,hard1,frozen,Frozen GPT-2 (no cap),296,3,3,11.25281211390186,11.273781967523545,11.25281211390186,11.31362149612626,,,,11.31362149612626,0.0,1.0
zsre,locality_item,true,300,hard1,bp_mean,BP-CAP (seed mean),296,3,3,11.25281211390186,11.273781967523545,11.25281211390186,11.31362149612626,,,,11.31362149612626,0.0,1.0
zsre,locality_item,true,300,hard1,epc_mean,PC-CAP (seed mean),296,3,3,11.25281211390186,11.273781967523545,11.25281211390186,11.31362149612626,,,,11.31362149612626,0.0,1.0
zsre,locality_item,true,300,hard1,bp_reader_s0,BP-CAP seed 0,296,3,3,11.25281211390186,11.273781967523545,11.25281211390186,11.31362149612626,,,,11.31362149612626,0.0,1.0
zsre,locality_item,true,300,hard1,bp_reader_s1,BP-CAP seed 1,296,3,3,11.25281211390186,11.273781967523545,11.25281211390186,11.31362149612626,,,,11.31362149612626,0.0,1.0
zsre,locality_item,true,300,hard1,bp_reader_s2,BP-CAP seed 2,296,3,3,11.25281211390186,11.273781967523545,11.25281211390186,11.31362149612626,,,,11.31362149612626,0.0,1.0
zsre,locality_item,true,300,hard1,epc_reader_s0,PC-CAP seed 0,296,3,3,11.25281211390186,11.273781967523545,11.25281211390186,11.31362149612626,,,,11.31362149612626,0.0,1.0
zsre,locality_item,true,300,hard1,epc_reader_s1,PC-CAP seed 1,296,3,3,11.25281211390186,11.273781967523545,11.25281211390186,11.31362149612626,,,,11.31362149612626,0.0,1.0
zsre,locality_item,true,300,hard1,epc_reader_s2,PC-CAP seed 2,296,3,3,11.25281211390186,11.273781967523545,11.25281211390186,11.31362149612626,,,,11.31362149612626,0.0,1.0
zsre,locality,true,300,hard5,frozen,Frozen GPT-2 (no cap),50,3,3,11.391850222012764,11.55686871003809,11.391850222012764,11.763392290465077,0.0,0.0,0.0,11.763392290465077,0.0,1.0
zsre,locality,true,300,hard5,bp_mean,BP-CAP (seed mean),50,3,3,11.391850222012764,11.55686871003809,11.391850222012764,11.763392290465077,0.0,0.0,0.0,11.763392290465077,0.0,1.0
zsre,locality,true,300,hard5,epc_mean,PC-CAP (seed mean),50,3,3,11.391850222012764,11.55686871003809,11.391850222012764,11.763392290465077,0.0,0.0,0.0,11.763392290465077,0.0,1.0
zsre,locality,true,300,hard5,bp_reader_s0,BP-CAP seed 0,50,3,3,11.391850222012764,11.55686871003809,11.391850222012764,11.763392290465077,0.0,0.0,0.0,11.763392290465077,0.0,1.0
zsre,locality,true,300,hard5,bp_reader_s1,BP-CAP seed 1,50,3,3,11.391850222012764,11.55686871003809,11.391850222012764,11.763392290465077,0.0,0.0,0.0,11.763392290465077,0.0,1.0
zsre,locality,true,300,hard5,bp_reader_s2,BP-CAP seed 2,50,3,3,11.391850222012764,11.55686871003809,11.391850222012764,11.763392290465077,0.0,0.0,0.0,11.763392290465077,0.0,1.0
zsre,locality,true,300,hard5,epc_reader_s0,PC-CAP seed 0,50,3,3,11.391850222012764,11.55686871003809,11.391850222012764,11.763392290465077,0.0,0.0,0.0,11.763392290465077,0.0,1.0
zsre,locality,true,300,hard5,epc_reader_s1,PC-CAP seed 1,50,3,3,11.391850222012764,11.55686871003809,11.391850222012764,11.763392290465077,0.0,0.0,0.0,11.763392290465077,0.0,1.0
zsre,locality,true,300,hard5,epc_reader_s2,PC-CAP seed 2,50,3,3,11.391850222012764,11.55686871003809,11.391850222012764,11.763392290465077,0.0,0.0,0.0,11.763392290465077,0.0,1.0
zsre,locality,true,300,hard1,frozen,Frozen GPT-2 (no cap),50,1,1,11.763392290465077,11.763392290465077,11.763392290465077,11.763392290465077,0.0,0.0,0.0,11.763392290465077,0.0,1.0
zsre,locality,true,300,hard1,bp_mean,BP-CAP (seed mean),50,1,1,11.763392290465077,11.763392290465077,11.763392290465077,11.763392290465077,0.0,0.0,0.0,11.763392290465077,0.0,1.0
zsre,locality,true,300,hard1,epc_mean,PC-CAP (seed mean),50,1,1,11.763392290465077,11.763392290465077,11.763392290465077,11.763392290465077,0.0,0.0,0.0,11.763392290465077,0.0,1.0
zsre,locality,true,300,hard1,bp_reader_s0,BP-CAP seed 0,50,1,1,11.763392290465077,11.763392290465077,11.763392290465077,11.763392290465077,0.0,0.0,0.0,11.763392290465077,0.0,1.0
zsre,locality,true,300,hard1,bp_reader_s1,BP-CAP seed 1,50,1,1,11.763392290465077,11.763392290465077,11.763392290465077,11.763392290465077,0.0,0.0,0.0,11.763392290465077,0.0,1.0
zsre,locality,true,300,hard1,bp_reader_s2,BP-CAP seed 2,50,1,1,11.763392290465077,11.763392290465077,11.763392290465077,11.763392290465077,0.0,0.0,0.0,11.763392290465077,0.0,1.0
zsre,locality,true,300,hard1,epc_reader_s0,PC-CAP seed 0,50,1,1,11.763392290465077,11.763392290465077,11.763392290465077,11.763392290465077,0.0,0.0,0.0,11.763392290465077,0.0,1.0
zsre,locality,true,300,hard1,epc_reader_s1,PC-CAP seed 1,50,1,1,11.763392290465077,11.763392290465077,11.763392290465077,11.763392290465077,0.0,0.0,0.0,11.763392290465077,0.0,1.0
zsre,locality,true,300,hard1,epc_reader_s2,PC-CAP seed 2,50,1,1,11.763392290465077,11.763392290465077,11.763392290465077,11.763392290465077,0.0,0.0,0.0,11.763392290465077,0.0,1.0
zsre,near_miss_neighbour,true,300,hard5,frozen,Frozen GPT-2 (no cap),100,5,5,10.416889095436147,11.598369335923321,10.988412824504291,12.170477372253334,0.0,0.0,0.0,12.471777715629912,0.0,1.0
zsre,near_miss_neighbour,true,300,hard5,bp_mean,BP-CAP (seed mean),100,5,5,10.416889095436147,11.927923004482736,11.05940682699689,12.7650488477759,0.0,0.0,0.0,13.313894496970681,0.0,1.0
zsre,near_miss_neighbour,true,300,hard5,epc_mean,PC-CAP (seed mean),100,5,5,10.416889095436147,11.598369335923321,10.988412824504291,12.170477372253334,0.0,0.0,0.0,12.471777715629912,0.0,1.0
zsre,near_miss_neighbour,true,300,hard5,bp_reader_s0,BP-CAP seed 0,100,5,5,10.416889095436147,11.598369335923321,10.988412824504291,12.170477372253334,0.0,0.0,0.0,12.471777715629912,0.0,1.0
zsre,near_miss_neighbour,true,300,hard5,bp_reader_s1,BP-CAP seed 1,100,5,5,10.416889095436147,12.587030341601565,11.060241730077447,14.742370859132382,0.0,0.0,0.0,16.609431182564823,0.0,1.0
zsre,near_miss_neighbour,true,300,hard5,bp_reader_s2,BP-CAP seed 2,100,5,5,10.416889095436147,11.598369335923321,10.988412824504291,12.170477372253334,0.0,0.0,0.0,12.471777715629912,0.0,1.0
zsre,near_miss_neighbour,true,300,hard5,epc_reader_s0,PC-CAP seed 0,100,5,5,10.416889095436147,11.598369335923321,10.988412824504291,12.170477372253334,0.0,0.0,0.0,12.471777715629912,0.0,1.0
zsre,near_miss_neighbour,true,300,hard5,epc_reader_s1,PC-CAP seed 1,100,5,5,10.416889095436147,11.598369335923321,10.988412824504291,12.170477372253334,0.0,0.0,0.0,12.471777715629912,0.0,1.0
zsre,near_miss_neighbour,true,300,hard5,epc_reader_s2,PC-CAP seed 2,100,5,5,10.416889095436147,11.598369335923321,10.988412824504291,12.170477372253334,0.0,0.0,0.0,12.471777715629912,0.0,1.0
zsre,near_miss_neighbour,true,300,hard1,frozen,Frozen GPT-2 (no cap),100,1,1,12.471777715629912,12.471777715629912,12.471777715629912,12.471777715629912,0.0,0.0,0.0,12.471777715629912,0.0,1.0
zsre,near_miss_neighbour,true,300,hard1,bp_mean,BP-CAP (seed mean),100,1,1,12.471777715629912,12.471777715629912,12.471777715629912,12.471777715629912,0.0,0.0,0.0,12.471777715629912,0.0,1.0
zsre,near_miss_neighbour,true,300,hard1,epc_mean,PC-CAP (seed mean),100,1,1,12.471777715629912,12.471777715629912,12.471777715629912,12.471777715629912,0.0,0.0,0.0,12.471777715629912,0.0,1.0
zsre,near_miss_neighbour,true,300,hard1,bp_reader_s0,BP-CAP seed 0,100,1,1,12.471777715629912,12.471777715629912,12.471777715629912,12.471777715629912,0.0,0.0,0.0,12.471777715629912,0.0,1.0
zsre,near_miss_neighbour,true,300,hard1,bp_reader_s1,BP-CAP seed 1,100,1,1,12.471777715629912,12.471777715629912,12.471777715629912,12.471777715629912,0.0,0.0,0.0,12.471777715629912,0.0,1.0
zsre,near_miss_neighbour,true,300,hard1,bp_reader_s2,BP-CAP seed 2,100,1,1,12.471777715629912,12.471777715629912,12.471777715629912,12.471777715629912,0.0,0.0,0.0,12.471777715629912,0.0,1.0
zsre,near_miss_neighbour,true,300,hard1,epc_reader_s0,PC-CAP seed 0,100,1,1,12.471777715629912,12.471777715629912,12.471777715629912,12.471777715629912,0.0,0.0,0.0,12.471777715629912,0.0,1.0
zsre,near_miss_neighbour,true,300,hard1,epc_reader_s1,PC-CAP seed 1,100,1,1,12.471777715629912,12.471777715629912,12.471777715629912,12.471777715629912,0.0,0.0,0.0,12.471777715629912,0.0,1.0
zsre,near_miss_neighbour,true,300,hard1,epc_reader_s2,PC-CAP seed 2,100,1,1,12.471777715629912,12.471777715629912,12.471777715629912,12.471777715629912,0.0,0.0,0.0,12.471777715629912,0.0,1.0
counterfact,edit,new,300,hard5,frozen,Frozen GPT-2 (no cap),300,15,15,9.162105580082251,10.125843383340786,9.757866398409169,10.518913211918406,0.0,0.0,0.0,11.704712612006215,0.0,1.0
counterfact,edit,new,300,hard5,bp_mean,BP-CAP (seed mean),300,15,15,9.162105580082251,0.2268354751000176,0.012556102026028372,0.6489985825508053,0.9777777777777777,0.9333333333333332,1.0,3.1617366657482457,0.9333333333333333,0.0
counterfact,edit,new,300,hard5,epc_mean,PC-CAP (seed mean),300,15,15,9.162105580082251,0.018023962016244375,0.012120308729698917,0.02509354994451891,1.0,1.0,1.0,0.05167909171537133,1.0,0.0
counterfact,edit,new,300,hard5,bp_reader_s0,BP-CAP seed 0,300,15,15,9.162105580082251,0.018023962016244375,0.012120308729698917,0.02509354994451891,1.0,1.0,1.0,0.05167909171537133,1.0,0.0
counterfact,edit,new,300,hard5,bp_reader_s1,BP-CAP seed 1,300,15,15,9.162105580082251,0.6444585012675641,0.012556102026028372,1.9018676610534448,0.9333333333333333,0.8,1.0,9.426082058261443,0.9333333333333333,0.06666666666666667
counterfact,edit,new,300,hard5,bp_reader_s2,BP-CAP seed 2,300,15,15,9.162105580082251,0.018023962016244375,0.012120308729698917,0.02509354994451891,1.0,1.0,1.0,0.05167909171537133,1.0,0.0
counterfact,edit,new,300,hard5,epc_reader_s0,PC-CAP seed 0,300,15,15,9.162105580082251,0.018023962016244375,0.012120308729698917,0.02509354994451891,1.0,1.0,1.0,0.05167909171537133,1.0,0.0
counterfact,edit,new,300,hard5,epc_reader_s1,PC-CAP seed 1,300,15,15,9.162105580082251,0.018023962016244375,0.012120308729698917,0.02509354994451891,1.0,1.0,1.0,0.05167909171537133,1.0,0.0
counterfact,edit,new,300,hard5,epc_reader_s2,PC-CAP seed 2,300,15,15,9.162105580082251,0.018023962016244375,0.012120308729698917,0.02509354994451891,1.0,1.0,1.0,0.05167909171537133,1.0,0.0
counterfact,edit,new,300,hard1,frozen,Frozen GPT-2 (no cap),300,3,3,10.679824696041955,11.270673505277799,10.679824696041955,11.704712612006213,0.0,0.0,0.0,11.704712612006215,0.0,1.0
counterfact,edit,new,300,hard1,bp_mean,BP-CAP (seed mean),300,3,3,10.679824696041955,0.007982585337056017,0.002695114858951797,0.013617903126768027,1.0,1.0,1.0,0.013617903126768027,1.0,0.0
counterfact,edit,new,300,hard1,epc_mean,PC-CAP (seed mean),300,3,3,10.679824696041955,0.007982585337056017,0.002695114858951797,0.013617903126768027,1.0,1.0,1.0,0.013617903126768027,1.0,0.0
counterfact,edit,new,300,hard1,bp_reader_s0,BP-CAP seed 0,300,3,3,10.679824696041955,0.007982585337056017,0.002695114858951797,0.013617903126768027,1.0,1.0,1.0,0.013617903126768027,1.0,0.0
counterfact,edit,new,300,hard1,bp_reader_s1,BP-CAP seed 1,300,3,3,10.679824696041955,0.007982585337056017,0.002695114858951797,0.013617903126768027,1.0,1.0,1.0,0.013617903126768027,1.0,0.0
counterfact,edit,new,300,hard1,bp_reader_s2,BP-CAP seed 2,300,3,3,10.679824696041955,0.007982585337056017,0.002695114858951797,0.013617903126768027,1.0,1.0,1.0,0.013617903126768027,1.0,0.0
counterfact,edit,new,300,hard1,epc_reader_s0,PC-CAP seed 0,300,3,3,10.679824696041955,0.007982585337056017,0.002695114858951797,0.013617903126768027,1.0,1.0,1.0,0.013617903126768027,1.0,0.0
counterfact,edit,new,300,hard1,epc_reader_s1,PC-CAP seed 1,300,3,3,10.679824696041955,0.007982585337056017,0.002695114858951797,0.013617903126768027,1.0,1.0,1.0,0.013617903126768027,1.0,0.0
counterfact,edit,new,300,hard1,epc_reader_s2,PC-CAP seed 2,300,3,3,10.679824696041955,0.007982585337056017,0.002695114858951797,0.013617903126768027,1.0,1.0,1.0,0.013617903126768027,1.0,0.0
counterfact,paraphrase,new,300,hard5,frozen,Frozen GPT-2 (no cap),600,30,25,9.838545583491154,10.416030053582464,10.213407978856457,10.619956058388704,0.0,0.0,0.0,11.930701958284235,0.0,1.0
counterfact,paraphrase,new,300,hard5,bp_mean,BP-CAP (seed mean),600,30,25,9.838545583491154,2.0509776245549647,0.8912112459407974,3.4378994638923506,0.7888888888888889,0.6402275219298246,0.9166666666666666,10.381213934440048,0.6666666666666666,0.06666666666666667
counterfact,paraphrase,new,300,hard5,epc_mean,PC-CAP (seed mean),600,30,25,9.838545583491154,2.781599429929845,1.4950768028900876,4.193649138712474,0.7444444444444446,0.6021505376344085,0.8690806878306876,10.381213934440048,0.5666666666666667,0.13333333333333333
counterfact,paraphrase,new,300,hard5,bp_reader_s0,BP-CAP seed 0,600,30,25,9.838545583491154,2.2170672617354485,0.7918124848997682,3.8377413049177775,0.7666666666666667,0.59984375,0.9286330049261081,10.498115054504169,0.7666666666666667,0.2
counterfact,paraphrase,new,300,hard5,bp_reader_s1,BP-CAP seed 1,600,30,25,9.838545583491154,2.0033081945015017,0.5630811746235047,3.814802208371821,0.8,0.6129032258064516,0.9375473484848482,11.695245652821583,0.8,0.16666666666666666
counterfact,paraphrase,new,300,hard5,bp_reader_s2,BP-CAP seed 2,600,30,25,9.838545583491154,1.932557417427944,0.5993806724390691,3.551462140085536,0.8,0.6206896551724138,0.9393939393939394,10.825850215082298,0.8,0.16666666666666666
counterfact,paraphrase,new,300,hard5,epc_reader_s0,PC-CAP seed 0,600,30,25,9.838545583491154,2.908284334940433,1.392112848137996,4.713989588818378,0.7333333333333333,0.5555555555555556,0.8823529411764706,11.557114509182142,0.7333333333333333,0.26666666666666666
counterfact,paraphrase,new,300,hard5,epc_reader_s1,PC-CAP seed 1,600,30,25,9.838545583491154,2.028154785230677,0.5454945872670418,3.9179677567640616,0.8,0.625,0.9375473484848482,15.560566457657124,0.8,0.13333333333333333
counterfact,paraphrase,new,300,hard5,epc_reader_s2,PC-CAP seed 2,600,30,25,9.838545583491154,3.408359169618424,1.4969545078949555,5.48128302547365,0.7,0.5151298701298701,0.88,11.930701958284235,0.7,0.3
counterfact,paraphrase,new,300,hard1,frozen,Frozen GPT-2 (no cap),600,6,5,10.825850215082298,11.394147085421077,11.20550603703605,11.645052708656452,0.0,0.0,0.0,11.930701958284235,0.0,1.0
counterfact,paraphrase,new,300,hard1,bp_mean,BP-CAP (seed mean),600,6,5,10.825850215082298,3.2862740047626278,0.2530146904184821,6.652485119407712,0.5555555555555556,0.2222222222222222,1.0,9.986691678739612,0.5,0.16666666666666666
counterfact,paraphrase,new,300,hard1,epc_mean,PC-CAP (seed mean),600,6,5,10.825850215082298,4.878374732667328,1.0074794725192697,7.64329991848737,0.5555555555555556,0.26625000000000004,0.9333333333333332,9.106064269861553,0.3333333333333333,0.3333333333333333
counterfact,paraphrase,new,300,hard1,bp_reader_s0,BP-CAP seed 0,600,6,5,10.825850215082298,1.9438770352033894,0.2530146904184821,3.6320919378994265,0.6666666666666666,0.3333333333333333,1.0,9.132414691698628,0.6666666666666666,0.16666666666666666
counterfact,paraphrase,new,300,hard1,bp_reader_s1,BP-CAP seed 1,600,6,5,10.825850215082298,4.1710417363024925,0.2530146904184821,8.64321251537241,0.5,0.125,1.0,11.695245652821583,0.5,0.3333333333333333
counterfact,paraphrase,new,300,hard1,bp_reader_s2,BP-CAP seed 2,600,6,5,10.825850215082298,3.7439032427820003,0.2530146904184821,7.6821509049513015,0.5,0.125,1.0,10.825850215082298,0.5,0.3333333333333333
counterfact,paraphrase,new,300,hard1,epc_reader_s0,PC-CAP seed 0,600,6,5,10.825850215082298,2.09743166955519,0.07406839412601889,6.999403028041284,0.8333333333333334,0.4,1.0,11.557114509182142,0.8333333333333334,0.16666666666666666
counterfact,paraphrase,new,300,hard1,epc_reader_s1,PC-CAP seed 1,600,6,5,10.825850215082298,4.815261870441749,0.2530146904184821,10.092707817185737,0.5,0.125,1.0,15.560566457657124,0.5,0.3333333333333333
counterfact,paraphrase,new,300,hard1,epc_reader_s2,PC-CAP seed 2,600,6,5,10.825850215082298,7.722430658005042,2.441691546900427,11.521204390019932,0.3333333333333333,0.0,0.8,11.930701958284235,0.3333333333333333,0.6666666666666666
counterfact,unseen,new,300,hard5,frozen,Frozen GPT-2 (no cap),100,5,5,9.656359799584216,9.751559534071015,9.669897347496986,9.880568598959824,0.0,0.0,0.0,10.00770317391514,0.0,1.0
counterfact,unseen,new,300,hard5,bp_mean,BP-CAP (seed mean),100,5,5,9.656359799584216,9.751559534071015,9.669897347496986,9.880568598959824,0.0,0.0,0.0,10.00770317391514,0.0,1.0
counterfact,unseen,new,300,hard5,epc_mean,PC-CAP (seed mean),100,5,5,9.656359799584216,9.751559534071015,9.669897347496986,9.880568598959824,0.0,0.0,0.0,10.00770317391514,0.0,1.0
counterfact,unseen,new,300,hard5,bp_reader_s0,BP-CAP seed 0,100,5,5,9.656359799584216,9.751559534071015,9.669897347496986,9.880568598959824,0.0,0.0,0.0,10.00770317391514,0.0,1.0
counterfact,unseen,new,300,hard5,bp_reader_s1,BP-CAP seed 1,100,5,5,9.656359799584216,9.751559534071015,9.669897347496986,9.880568598959824,0.0,0.0,0.0,10.00770317391514,0.0,1.0
counterfact,unseen,new,300,hard5,bp_reader_s2,BP-CAP seed 2,100,5,5,9.656359799584216,9.751559534071015,9.669897347496986,9.880568598959824,0.0,0.0,0.0,10.00770317391514,0.0,1.0
counterfact,unseen,new,300,hard5,epc_reader_s0,PC-CAP seed 0,100,5,5,9.656359799584216,9.751559534071015,9.669897347496986,9.880568598959824,0.0,0.0,0.0,10.00770317391514,0.0,1.0
counterfact,unseen,new,300,hard5,epc_reader_s1,PC-CAP seed 1,100,5,5,9.656359799584216,9.751559534071015,9.669897347496986,9.880568598959824,0.0,0.0,0.0,10.00770317391514,0.0,1.0
counterfact,unseen,new,300,hard5,epc_reader_s2,PC-CAP seed 2,100,5,5,9.656359799584216,9.751559534071015,9.669897347496986,9.880568598959824,0.0,0.0,0.0,10.00770317391514,0.0,1.0
counterfact,unseen,new,300,hard1,frozen,Frozen GPT-2 (no cap),100,1,1,10.00770317391514,10.00770317391514,10.00770317391514,10.00770317391514,0.0,0.0,0.0,10.00770317391514,0.0,1.0
counterfact,unseen,new,300,hard1,bp_mean,BP-CAP (seed mean),100,1,1,10.00770317391514,10.00770317391514,10.00770317391514,10.00770317391514,0.0,0.0,0.0,10.00770317391514,0.0,1.0
counterfact,unseen,new,300,hard1,epc_mean,PC-CAP (seed mean),100,1,1,10.00770317391514,10.00770317391514,10.00770317391514,10.00770317391514,0.0,0.0,0.0,10.00770317391514,0.0,1.0
counterfact,unseen,new,300,hard1,bp_reader_s0,BP-CAP seed 0,100,1,1,10.00770317391514,10.00770317391514,10.00770317391514,10.00770317391514,0.0,0.0,0.0,10.00770317391514,0.0,1.0
counterfact,unseen,new,300,hard1,bp_reader_s1,BP-CAP seed 1,100,1,1,10.00770317391514,10.00770317391514,10.00770317391514,10.00770317391514,0.0,0.0,0.0,10.00770317391514,0.0,1.0
counterfact,unseen,new,300,hard1,bp_reader_s2,BP-CAP seed 2,100,1,1,10.00770317391514,10.00770317391514,10.00770317391514,10.00770317391514,0.0,0.0,0.0,10.00770317391514,0.0,1.0
counterfact,unseen,new,300,hard1,epc_reader_s0,PC-CAP seed 0,100,1,1,10.00770317391514,10.00770317391514,10.00770317391514,10.00770317391514,0.0,0.0,0.0,10.00770317391514,0.0,1.0
counterfact,unseen,new,300,hard1,epc_reader_s1,PC-CAP seed 1,100,1,1,10.00770317391514,10.00770317391514,10.00770317391514,10.00770317391514,0.0,0.0,0.0,10.00770317391514,0.0,1.0
counterfact,unseen,new,300,hard1,epc_reader_s2,PC-CAP seed 2,100,1,1,10.00770317391514,10.00770317391514,10.00770317391514,10.00770317391514,0.0,0.0,0.0,10.00770317391514,0.0,1.0
counterfact,locality_item,true,300,hard5,frozen,Frozen GPT-2 (no cap),900,45,29,9.155303192020455,10.047504585666317,9.848342801978012,10.257874641654723,,,,12.008044126835351,0.0,1.0
counterfact,locality_item,true,300,hard5,bp_mean,BP-CAP (seed mean),900,45,29,9.155303192020455,10.047504585666317,9.848342801978012,10.257874641654723,,,,12.008044126835351,0.0,1.0
counterfact,locality_item,true,300,hard5,epc_mean,PC-CAP (seed mean),900,45,29,9.155303192020455,10.047504585666317,9.848342801978012,10.257874641654723,,,,12.008044126835351,0.0,1.0
counterfact,locality_item,true,300,hard5,bp_reader_s0,BP-CAP seed 0,900,45,29,9.155303192020455,10.047504585666317,9.848342801978012,10.257874641654723,,,,12.008044126835351,0.0,1.0
counterfact,locality_item,true,300,hard5,bp_reader_s1,BP-CAP seed 1,900,45,29,9.155303192020455,10.047504585666317,9.848342801978012,10.257874641654723,,,,12.008044126835351,0.0,1.0
counterfact,locality_item,true,300,hard5,bp_reader_s2,BP-CAP seed 2,900,45,29,9.155303192020455,10.047504585666317,9.848342801978012,10.257874641654723,,,,12.008044126835351,0.0,1.0
counterfact,locality_item,true,300,hard5,epc_reader_s0,PC-CAP seed 0,900,45,29,9.155303192020455,10.047504585666317,9.848342801978012,10.257874641654723,,,,12.008044126835351,0.0,1.0
counterfact,locality_item,true,300,hard5,epc_reader_s1,PC-CAP seed 1,900,45,29,9.155303192020455,10.047504585666317,9.848342801978012,10.257874641654723,,,,12.008044126835351,0.0,1.0
counterfact,locality_item,true,300,hard5,epc_reader_s2,PC-CAP seed 2,900,45,29,9.155303192020455,10.047504585666317,9.848342801978012,10.257874641654723,,,,12.008044126835351,0.0,1.0
counterfact,locality_item,true,300,hard1,frozen,Frozen GPT-2 (no cap),900,9,6,10.705781793983562,11.135413538023673,10.881168999162321,11.539322485649217,,,,12.008044126835351,0.0,1.0
counterfact,locality_item,true,300,hard1,bp_mean,BP-CAP (seed mean),900,9,6,10.705781793983562,11.135413538023673,10.881168999162321,11.539322485649217,,,,12.008044126835351,0.0,1.0
counterfact,locality_item,true,300,hard1,epc_mean,PC-CAP (seed mean),900,9,6,10.705781793983562,11.135413538023673,10.881168999162321,11.539322485649217,,,,12.008044126835351,0.0,1.0
counterfact,locality_item,true,300,hard1,bp_reader_s0,BP-CAP seed 0,900,9,6,10.705781793983562,11.135413538023673,10.881168999162321,11.539322485649217,,,,12.008044126835351,0.0,1.0
counterfact,locality_item,true,300,hard1,bp_reader_s1,BP-CAP seed 1,900,9,6,10.705781793983562,11.135413538023673,10.881168999162321,11.539322485649217,,,,12.008044126835351,0.0,1.0
counterfact,locality_item,true,300,hard1,bp_reader_s2,BP-CAP seed 2,900,9,6,10.705781793983562,11.135413538023673,10.881168999162321,11.539322485649217,,,,12.008044126835351,0.0,1.0
counterfact,locality_item,true,300,hard1,epc_reader_s0,PC-CAP seed 0,900,9,6,10.705781793983562,11.135413538023673,10.881168999162321,11.539322485649217,,,,12.008044126835351,0.0,1.0
counterfact,locality_item,true,300,hard1,epc_reader_s1,PC-CAP seed 1,900,9,6,10.705781793983562,11.135413538023673,10.881168999162321,11.539322485649217,,,,12.008044126835351,0.0,1.0
counterfact,locality_item,true,300,hard1,epc_reader_s2,PC-CAP seed 2,900,9,6,10.705781793983562,11.135413538023673,10.881168999162321,11.539322485649217,,,,12.008044126835351,0.0,1.0
counterfact,locality,true,300,hard5,frozen,Frozen GPT-2 (no cap),50,3,3,9.566994367112812,10.74384981042156,9.566994367112812,12.81625214243831,0.0,0.0,0.0,12.816252142438312,0.0,1.0
counterfact,locality,true,300,hard5,bp_mean,BP-CAP (seed mean),50,3,3,9.566994367112812,10.74384981042156,9.566994367112812,12.81625214243831,0.0,0.0,0.0,12.81625214243831,0.0,1.0
counterfact,locality,true,300,hard5,epc_mean,PC-CAP (seed mean),50,3,3,9.566994367112812,10.74384981042156,9.566994367112812,12.81625214243831,0.0,0.0,0.0,12.81625214243831,0.0,1.0
counterfact,locality,true,300,hard5,bp_reader_s0,BP-CAP seed 0,50,3,3,9.566994367112812,10.74384981042156,9.566994367112812,12.81625214243831,0.0,0.0,0.0,12.816252142438312,0.0,1.0
counterfact,locality,true,300,hard5,bp_reader_s1,BP-CAP seed 1,50,3,3,9.566994367112812,10.74384981042156,9.566994367112812,12.81625214243831,0.0,0.0,0.0,12.816252142438312,0.0,1.0
counterfact,locality,true,300,hard5,bp_reader_s2,BP-CAP seed 2,50,3,3,9.566994367112812,10.74384981042156,9.566994367112812,12.81625214243831,0.0,0.0,0.0,12.816252142438312,0.0,1.0
counterfact,locality,true,300,hard5,epc_reader_s0,PC-CAP seed 0,50,3,3,9.566994367112812,10.74384981042156,9.566994367112812,12.81625214243831,0.0,0.0,0.0,12.816252142438312,0.0,1.0
counterfact,locality,true,300,hard5,epc_reader_s1,PC-CAP seed 1,50,3,3,9.566994367112812,10.74384981042156,9.566994367112812,12.81625214243831,0.0,0.0,0.0,12.816252142438312,0.0,1.0
counterfact,locality,true,300,hard5,epc_reader_s2,PC-CAP seed 2,50,3,3,9.566994367112812,10.74384981042156,9.566994367112812,12.81625214243831,0.0,0.0,0.0,12.816252142438312,0.0,1.0
counterfact,locality,true,300,hard1,frozen,Frozen GPT-2 (no cap),50,1,1,12.816252142438312,12.816252142438312,12.816252142438312,12.816252142438312,0.0,0.0,0.0,12.816252142438312,0.0,1.0
counterfact,locality,true,300,hard1,bp_mean,BP-CAP (seed mean),50,1,1,12.816252142438312,12.81625214243831,12.81625214243831,12.81625214243831,0.0,0.0,0.0,12.81625214243831,0.0,1.0
counterfact,locality,true,300,hard1,epc_mean,PC-CAP (seed mean),50,1,1,12.816252142438312,12.81625214243831,12.81625214243831,12.81625214243831,0.0,0.0,0.0,12.81625214243831,0.0,1.0
counterfact,locality,true,300,hard1,bp_reader_s0,BP-CAP seed 0,50,1,1,12.816252142438312,12.816252142438312,12.816252142438312,12.816252142438312,0.0,0.0,0.0,12.816252142438312,0.0,1.0
counterfact,locality,true,300,hard1,bp_reader_s1,BP-CAP seed 1,50,1,1,12.816252142438312,12.816252142438312,12.816252142438312,12.816252142438312,0.0,0.0,0.0,12.816252142438312,0.0,1.0
counterfact,locality,true,300,hard1,bp_reader_s2,BP-CAP seed 2,50,1,1,12.816252142438312,12.816252142438312,12.816252142438312,12.816252142438312,0.0,0.0,0.0,12.816252142438312,0.0,1.0
counterfact,locality,true,300,hard1,epc_reader_s0,PC-CAP seed 0,50,1,1,12.816252142438312,12.816252142438312,12.816252142438312,12.816252142438312,0.0,0.0,0.0,12.816252142438312,0.0,1.0
counterfact,locality,true,300,hard1,epc_reader_s1,PC-CAP seed 1,50,1,1,12.816252142438312,12.816252142438312,12.816252142438312,12.816252142438312,0.0,0.0,0.0,12.816252142438312,0.0,1.0
counterfact,locality,true,300,hard1,epc_reader_s2,PC-CAP seed 2,50,1,1,12.816252142438312,12.816252142438312,12.816252142438312,12.816252142438312,0.0,0.0,0.0,12.816252142438312,0.0,1.0
counterfact,near_miss_neighbour,true,300,hard5,frozen,Frozen GPT-2 (no cap),100,5,5,9.893684619183748,10.759568451328198,10.249516422621998,11.2696204800344,0.0,0.0,0.0,11.41116301710354,0.0,1.0
counterfact,near_miss_neighbour,true,300,hard5,bp_mean,BP-CAP (seed mean),100,5,5,9.893684619183748,10.759568451328198,10.249516422621998,11.2696204800344,0.0,0.0,0.0,11.41116301710354,0.0,1.0
counterfact,near_miss_neighbour,true,300,hard5,epc_mean,PC-CAP (seed mean),100,5,5,9.893684619183748,10.759568451328198,10.249516422621998,11.2696204800344,0.0,0.0,0.0,11.41116301710354,0.0,1.0
counterfact,near_miss_neighbour,true,300,hard5,bp_reader_s0,BP-CAP seed 0,100,5,5,9.893684619183748,10.759568451328198,10.249516422621998,11.2696204800344,0.0,0.0,0.0,11.41116301710354,0.0,1.0
counterfact,near_miss_neighbour,true,300,hard5,bp_reader_s1,BP-CAP seed 1,100,5,5,9.893684619183748,10.759568451328198,10.249516422621998,11.2696204800344,0.0,0.0,0.0,11.41116301710354,0.0,1.0
counterfact,near_miss_neighbour,true,300,hard5,bp_reader_s2,BP-CAP seed 2,100,5,5,9.893684619183748,10.759568451328198,10.249516422621998,11.2696204800344,0.0,0.0,0.0,11.41116301710354,0.0,1.0
counterfact,near_miss_neighbour,true,300,hard5,epc_reader_s0,PC-CAP seed 0,100,5,5,9.893684619183748,10.759568451328198,10.249516422621998,11.2696204800344,0.0,0.0,0.0,11.41116301710354,0.0,1.0
counterfact,near_miss_neighbour,true,300,hard5,epc_reader_s1,PC-CAP seed 1,100,5,5,9.893684619183748,10.759568451328198,10.249516422621998,11.2696204800344,0.0,0.0,0.0,11.41116301710354,0.0,1.0
counterfact,near_miss_neighbour,true,300,hard5,epc_reader_s2,PC-CAP seed 2,100,5,5,9.893684619183748,10.759568451328198,10.249516422621998,11.2696204800344,0.0,0.0,0.0,11.41116301710354,0.0,1.0
counterfact,near_miss_neighbour,true,300,hard1,frozen,Frozen GPT-2 (no cap),100,1,1,11.41116301710354,11.41116301710354,11.41116301710354,11.41116301710354,0.0,0.0,0.0,11.41116301710354,0.0,1.0
counterfact,near_miss_neighbour,true,300,hard1,bp_mean,BP-CAP (seed mean),100,1,1,11.41116301710354,11.41116301710354,11.41116301710354,11.41116301710354,0.0,0.0,0.0,11.41116301710354,0.0,1.0
counterfact,near_miss_neighbour,true,300,hard1,epc_mean,PC-CAP (seed mean),100,1,1,11.41116301710354,11.41116301710354,11.41116301710354,11.41116301710354,0.0,0.0,0.0,11.41116301710354,0.0,1.0
counterfact,near_miss_neighbour,true,300,hard1,bp_reader_s0,BP-CAP seed 0,100,1,1,11.41116301710354,11.41116301710354,11.41116301710354,11.41116301710354,0.0,0.0,0.0,11.41116301710354,0.0,1.0
counterfact,near_miss_neighbour,true,300,hard1,bp_reader_s1,BP-CAP seed 1,100,1,1,11.41116301710354,11.41116301710354,11.41116301710354,11.41116301710354,0.0,0.0,0.0,11.41116301710354,0.0,1.0
counterfact,near_miss_neighbour,true,300,hard1,bp_reader_s2,BP-CAP seed 2,100,1,1,11.41116301710354,11.41116301710354,11.41116301710354,11.41116301710354,0.0,0.0,0.0,11.41116301710354,0.0,1.0
counterfact,near_miss_neighbour,true,300,hard1,epc_reader_s0,PC-CAP seed 0,100,1,1,11.41116301710354,11.41116301710354,11.41116301710354,11.41116301710354,0.0,0.0,0.0,11.41116301710354,0.0,1.0
counterfact,near_miss_neighbour,true,300,hard1,epc_reader_s1,PC-CAP seed 1,100,1,1,11.41116301710354,11.41116301710354,11.41116301710354,11.41116301710354,0.0,0.0,0.0,11.41116301710354,0.0,1.0
counterfact,near_miss_neighbour,true,300,hard1,epc_reader_s2,PC-CAP seed 2,100,1,1,11.41116301710354,11.41116301710354,11.41116301710354,11.41116301710354,0.0,0.0,0.0,11.41116301710354,0.0,1.0
mquake,edit,new,300,hard5,frozen,Frozen GPT-2 (no cap),300,15,15,7.5536092959352175,8.449987943412292,8.131132509749342,8.813265500410177,0.0,0.0,0.0,9.985891179767236,0.0,1.0
mquake,edit,new,300,hard5,bp_mean,BP-CAP (seed mean),300,15,15,7.5536092959352175,0.5664386892661255,0.025248698197909206,1.1230675132595045,0.9333333333333332,0.8666666666666666,1.0,2.831372925059597,0.8,0.0
mquake,edit,new,300,hard5,epc_mean,PC-CAP (seed mean),300,15,15,7.5536092959352175,0.01952141127416714,0.011065380674957345,0.029074438238845493,1.0,1.0,1.0,0.059647815537658744,1.0,0.0
mquake,edit,new,300,hard5,bp_reader_s0,BP-CAP seed 0,300,15,15,7.5536092959352175,0.01952141127416714,0.011065380674957345,0.029074438238845493,1.0,1.0,1.0,0.059647815537658744,1.0,0.0
mquake,edit,new,300,hard5,bp_reader_s1,BP-CAP seed 1,300,15,15,7.5536092959352175,1.6602732452500424,0.025248698197909206,3.3295659430191673,0.8,0.6,1.0,8.472001437162461,0.8,0.2
mquake,edit,new,300,hard5,bp_reader_s2,BP-CAP seed 2,300,15,15,7.5536092959352175,0.01952141127416714,0.011065380674957345,0.029074438238845493,1.0,1.0,1.0,0.059647815537658744,1.0,0.0
mquake,edit,new,300,hard5,epc_reader_s0,PC-CAP seed 0,300,15,15,7.5536092959352175,0.01952141127416714,0.011065380674957345,0.029074438238845493,1.0,1.0,1.0,0.059647815537658744,1.0,0.0
mquake,edit,new,300,hard5,epc_reader_s1,PC-CAP seed 1,300,15,15,7.5536092959352175,0.01952141127416714,0.011065380674957345,0.029074438238845493,1.0,1.0,1.0,0.059647815537658744,1.0,0.0
mquake,edit,new,300,hard5,epc_reader_s2,PC-CAP seed 2,300,15,15,7.5536092959352175,0.01952141127416714,0.011065380674957345,0.029074438238845493,1.0,1.0,1.0,0.059647815537658744,1.0,0.0
mquake,edit,new,300,hard1,frozen,Frozen GPT-2 (no cap),300,3,3,9.199234535920553,9.517044150387774,9.199234535920553,9.985891179767236,0.0,0.0,0.0,9.985891179767236,0.0,1.0
mquake,edit,new,300,hard1,bp_mean,BP-CAP (seed mean),300,3,3,9.199234535920553,0.02455352177445273,0.004697186993887215,0.059647815537658744,1.0,1.0,1.0,0.059647815537658744,1.0,0.0
mquake,edit,new,300,hard1,epc_mean,PC-CAP (seed mean),300,3,3,9.199234535920553,0.02455352177445273,0.004697186993887215,0.059647815537658744,1.0,1.0,1.0,0.059647815537658744,1.0,0.0
mquake,edit,new,300,hard1,bp_reader_s0,BP-CAP seed 0,300,3,3,9.199234535920553,0.02455352177445273,0.004697186993887215,0.059647815537658744,1.0,1.0,1.0,0.059647815537658744,1.0,0.0
mquake,edit,new,300,hard1,bp_reader_s1,BP-CAP seed 1,300,3,3,9.199234535920553,0.02455352177445273,0.004697186993887215,0.059647815537658744,1.0,1.0,1.0,0.059647815537658744,1.0,0.0
mquake,edit,new,300,hard1,bp_reader_s2,BP-CAP seed 2,300,3,3,9.199234535920553,0.02455352177445273,0.004697186993887215,0.059647815537658744,1.0,1.0,1.0,0.059647815537658744,1.0,0.0
mquake,edit,new,300,hard1,epc_reader_s0,PC-CAP seed 0,300,3,3,9.199234535920553,0.02455352177445273,0.004697186993887215,0.059647815537658744,1.0,1.0,1.0,0.059647815537658744,1.0,0.0
mquake,edit,new,300,hard1,epc_reader_s1,PC-CAP seed 1,300,3,3,9.199234535920553,0.02455352177445273,0.004697186993887215,0.059647815537658744,1.0,1.0,1.0,0.059647815537658744,1.0,0.0
mquake,edit,new,300,hard1,epc_reader_s2,PC-CAP seed 2,300,3,3,9.199234535920553,0.02455352177445273,0.004697186993887215,0.059647815537658744,1.0,1.0,1.0,0.059647815537658744,1.0,0.0
mquake,paraphrase,new,300,hard5,frozen,Frozen GPT-2 (no cap),300,15,15,9.399556960617133,10.169675647696215,9.790132133336062,10.631105981244476,0.0,0.0,0.0,12.265056508895867,0.0,1.0
mquake,paraphrase,new,300,hard5,bp_mean,BP-CAP (seed mean),300,15,15,9.399556960617133,3.134772669007658,2.2284360170083177,4.434502888284237,0.3333333333333333,0.13333333333333333,0.6,10.446453692487616,0.0,0.06666666666666667
mquake,paraphrase,new,300,hard5,epc_mean,PC-CAP (seed mean),300,15,15,9.399556960617133,3.134772669007658,2.2284360170083177,4.434502888284237,0.3333333333333333,0.13333333333333333,0.6,10.446453692487616,0.0,0.06666666666666667
mquake,paraphrase,new,300,hard5,bp_reader_s0,BP-CAP seed 0,300,15,15,9.399556960617133,3.484347838625565,2.23110783566004,5.105909214257114,0.3333333333333333,0.13333333333333333,0.6,11.055399505331074,0.0,0.13333333333333333
mquake,paraphrase,new,300,hard5,bp_reader_s1,BP-CAP seed 1,300,15,15,9.399556960617133,2.9599850841987045,2.172245223577315,4.197072918373302,0.3333333333333333,0.13333333333333333,0.6,10.446453692487616,0.0,0.06666666666666667
mquake,paraphrase,new,300,hard5,bp_reader_s2,BP-CAP seed 2,300,15,15,9.399556960617133,2.9599850841987045,2.172245223577315,4.197072918373302,0.3333333333333333,0.13333333333333333,0.6,10.446453692487616,0.0,0.06666666666666667
mquake,paraphrase,new,300,hard5,epc_reader_s0,PC-CAP seed 0,300,15,15,9.399556960617133,3.484347838625565,2.23110783566004,5.105909214257114,0.3333333333333333,0.13333333333333333,0.6,11.055399505331074,0.0,0.13333333333333333
mquake,paraphrase,new,300,hard5,epc_reader_s1,PC-CAP seed 1,300,15,15,9.399556960617133,2.9599850841987045,2.172245223577315,4.197072918373302,0.3333333333333333,0.13333333333333333,0.6,10.446453692487616,0.0,0.06666666666666667
mquake,paraphrase,new,300,hard5,epc_reader_s2,PC-CAP seed 2,300,15,15,9.399556960617133,2.9599850841987045,2.172245223577315,4.197072918373302,0.3333333333333333,0.13333333333333333,0.6,10.446453692487616,0.0,0.06666666666666667
mquake,paraphrase,new,300,hard1,frozen,Frozen GPT-2 (no cap),300,3,3,11.055399505331074,11.527950469602999,11.055399505331074,12.265056508895867,0.0,0.0,0.0,12.265056508895867,0.0,1.0
mquake,paraphrase,new,300,hard1,bp_mean,BP-CAP (seed mean),300,3,3,11.055399505331074,4.300614376067812,3.5389310062426844,5.8117719610624645,0.0,0.0,0.0,5.8117719610624645,0.0,0.0
mquake,paraphrase,new,300,hard1,epc_mean,PC-CAP (seed mean),300,3,3,11.055399505331074,4.300614376067812,3.5389310062426844,5.8117719610624645,0.0,0.0,0.0,5.8117719610624645,0.0,0.0
mquake,paraphrase,new,300,hard1,bp_reader_s0,BP-CAP seed 0,300,3,3,11.055399505331074,6.048490224157348,3.5389310062426844,11.055399505331074,0.0,0.0,0.0,11.055399505331074,0.0,0.3333333333333333
mquake,paraphrase,new,300,hard1,bp_reader_s1,BP-CAP seed 1,300,3,3,11.055399505331074,3.426676452023043,3.189958188928159,3.551140160898285,0.0,0.0,0.0,3.551140160898285,0.0,0.0
mquake,paraphrase,new,300,hard1,bp_reader_s2,BP-CAP seed 2,300,3,3,11.055399505331074,3.426676452023043,3.189958188928159,3.551140160898285,0.0,0.0,0.0,3.551140160898285,0.0,0.0
mquake,paraphrase,new,300,hard1,epc_reader_s0,PC-CAP seed 0,300,3,3,11.055399505331074,6.048490224157348,3.5389310062426844,11.055399505331074,0.0,0.0,0.0,11.055399505331074,0.0,0.3333333333333333
mquake,paraphrase,new,300,hard1,epc_reader_s1,PC-CAP seed 1,300,3,3,11.055399505331074,3.426676452023043,3.189958188928159,3.551140160898285,0.0,0.0,0.0,3.551140160898285,0.0,0.0
mquake,paraphrase,new,300,hard1,epc_reader_s2,PC-CAP seed 2,300,3,3,11.055399505331074,3.426676452023043,3.189958188928159,3.551140160898285,0.0,0.0,0.0,3.551140160898285,0.0,0.0
mquake,unseen,new,300,hard5,frozen,Frozen GPT-2 (no cap),100,5,5,7.261434618022534,8.141381339259425,7.4915020940125165,9.204608418402467,0.0,0.0,0.0,10.184445254008482,0.0,1.0
mquake,unseen,new,300,hard5,bp_mean,BP-CAP (seed mean),100,5,5,7.261434618022534,8.141381339259425,7.4915020940125165,9.204608418402467,0.0,0.0,0.0,10.184445254008482,0.0,1.0
mquake,unseen,new,300,hard5,epc_mean,PC-CAP (seed mean),100,5,5,7.261434618022534,8.141381339259425,7.4915020940125165,9.204608418402467,0.0,0.0,0.0,10.184445254008482,0.0,1.0
mquake,unseen,new,300,hard5,bp_reader_s0,BP-CAP seed 0,100,5,5,7.261434618022534,8.141381339259425,7.4915020940125165,9.204608418402467,0.0,0.0,0.0,10.184445254008482,0.0,1.0
mquake,unseen,new,300,hard5,bp_reader_s1,BP-CAP seed 1,100,5,5,7.261434618022534,8.141381339259425,7.4915020940125165,9.204608418402467,0.0,0.0,0.0,10.184445254008482,0.0,1.0
mquake,unseen,new,300,hard5,bp_reader_s2,BP-CAP seed 2,100,5,5,7.261434618022534,8.141381339259425,7.4915020940125165,9.204608418402467,0.0,0.0,0.0,10.184445254008482,0.0,1.0
mquake,unseen,new,300,hard5,epc_reader_s0,PC-CAP seed 0,100,5,5,7.261434618022534,8.141381339259425,7.4915020940125165,9.204608418402467,0.0,0.0,0.0,10.184445254008482,0.0,1.0
mquake,unseen,new,300,hard5,epc_reader_s1,PC-CAP seed 1,100,5,5,7.261434618022534,8.141381339259425,7.4915020940125165,9.204608418402467,0.0,0.0,0.0,10.184445254008482,0.0,1.0
mquake,unseen,new,300,hard5,epc_reader_s2,PC-CAP seed 2,100,5,5,7.261434618022534,8.141381339259425,7.4915020940125165,9.204608418402467,0.0,0.0,0.0,10.184445254008482,0.0,1.0
mquake,unseen,new,300,hard1,frozen,Frozen GPT-2 (no cap),100,1,1,10.184445254008482,10.184445254008482,10.184445254008482,10.184445254008482,0.0,0.0,0.0,10.184445254008482,0.0,1.0
mquake,unseen,new,300,hard1,bp_mean,BP-CAP (seed mean),100,1,1,10.184445254008482,10.184445254008482,10.184445254008482,10.184445254008482,0.0,0.0,0.0,10.184445254008482,0.0,1.0
mquake,unseen,new,300,hard1,epc_mean,PC-CAP (seed mean),100,1,1,10.184445254008482,10.184445254008482,10.184445254008482,10.184445254008482,0.0,0.0,0.0,10.184445254008482,0.0,1.0
mquake,unseen,new,300,hard1,bp_reader_s0,BP-CAP seed 0,100,1,1,10.184445254008482,10.184445254008482,10.184445254008482,10.184445254008482,0.0,0.0,0.0,10.184445254008482,0.0,1.0
mquake,unseen,new,300,hard1,bp_reader_s1,BP-CAP seed 1,100,1,1,10.184445254008482,10.184445254008482,10.184445254008482,10.184445254008482,0.0,0.0,0.0,10.184445254008482,0.0,1.0
mquake,unseen,new,300,hard1,bp_reader_s2,BP-CAP seed 2,100,1,1,10.184445254008482,10.184445254008482,10.184445254008482,10.184445254008482,0.0,0.0,0.0,10.184445254008482,0.0,1.0
mquake,unseen,new,300,hard1,epc_reader_s0,PC-CAP seed 0,100,1,1,10.184445254008482,10.184445254008482,10.184445254008482,10.184445254008482,0.0,0.0,0.0,10.184445254008482,0.0,1.0
mquake,unseen,new,300,hard1,epc_reader_s1,PC-CAP seed 1,100,1,1,10.184445254008482,10.184445254008482,10.184445254008482,10.184445254008482,0.0,0.0,0.0,10.184445254008482,0.0,1.0
mquake,unseen,new,300,hard1,epc_reader_s2,PC-CAP seed 2,100,1,1,10.184445254008482,10.184445254008482,10.184445254008482,10.184445254008482,0.0,0.0,0.0,10.184445254008482,0.0,1.0
mquake,locality_item,true,300,hard5,frozen,Frozen GPT-2 (no cap),600,30,24,6.902629019195113,7.689752348175407,7.432831672316117,7.969048932350797,,,,10.45612632085745,0.0,1.0
mquake,locality_item,true,300,hard5,bp_mean,BP-CAP (seed mean),600,30,24,6.902629019195113,7.689752348175407,7.432831672316117,7.969048932350797,,,,10.45612632085745,0.0,1.0
mquake,locality_item,true,300,hard5,epc_mean,PC-CAP (seed mean),600,30,24,6.902629019195113,7.689752348175407,7.432831672316117,7.969048932350797,,,,10.45612632085745,0.0,1.0
mquake,locality_item,true,300,hard5,bp_reader_s0,BP-CAP seed 0,600,30,24,6.902629019195113,7.689752348175407,7.432831672316117,7.969048932350797,,,,10.45612632085745,0.0,1.0
mquake,locality_item,true,300,hard5,bp_reader_s1,BP-CAP seed 1,600,30,24,6.902629019195113,7.689752348175407,7.432831672316117,7.969048932350797,,,,10.45612632085745,0.0,1.0
mquake,locality_item,true,300,hard5,bp_reader_s2,BP-CAP seed 2,600,30,24,6.902629019195113,7.689752348175407,7.432831672316117,7.969048932350797,,,,10.45612632085745,0.0,1.0
mquake,locality_item,true,300,hard5,epc_reader_s0,PC-CAP seed 0,600,30,24,6.902629019195113,7.689752348175407,7.432831672316117,7.969048932350797,,,,10.45612632085745,0.0,1.0
mquake,locality_item,true,300,hard5,epc_reader_s1,PC-CAP seed 1,600,30,24,6.902629019195113,7.689752348175407,7.432831672316117,7.969048932350797,,,,10.45612632085745,0.0,1.0
mquake,locality_item,true,300,hard5,epc_reader_s2,PC-CAP seed 2,600,30,24,6.902629019195113,7.689752348175407,7.432831672316117,7.969048932350797,,,,10.45612632085745,0.0,1.0
mquake,locality_item,true,300,hard1,frozen,Frozen GPT-2 (no cap),600,6,6,8.131086242251946,8.759266938214195,8.231994566302818,9.478436757765365,,,,10.45612632085745,0.0,1.0
mquake,locality_item,true,300,hard1,bp_mean,BP-CAP (seed mean),600,6,6,8.131086242251946,8.759266938214195,8.231994566302818,9.478436757765365,,,,10.45612632085745,0.0,1.0
mquake,locality_item,true,300,hard1,epc_mean,PC-CAP (seed mean),600,6,6,8.131086242251946,8.759266938214195,8.231994566302818,9.478436757765365,,,,10.45612632085745,0.0,1.0
mquake,locality_item,true,300,hard1,bp_reader_s0,BP-CAP seed 0,600,6,6,8.131086242251946,8.759266938214195,8.231994566302818,9.478436757765365,,,,10.45612632085745,0.0,1.0
mquake,locality_item,true,300,hard1,bp_reader_s1,BP-CAP seed 1,600,6,6,8.131086242251946,8.759266938214195,8.231994566302818,9.478436757765365,,,,10.45612632085745,0.0,1.0
mquake,locality_item,true,300,hard1,bp_reader_s2,BP-CAP seed 2,600,6,6,8.131086242251946,8.759266938214195,8.231994566302818,9.478436757765365,,,,10.45612632085745,0.0,1.0
mquake,locality_item,true,300,hard1,epc_reader_s0,PC-CAP seed 0,600,6,6,8.131086242251946,8.759266938214195,8.231994566302818,9.478436757765365,,,,10.45612632085745,0.0,1.0
mquake,locality_item,true,300,hard1,epc_reader_s1,PC-CAP seed 1,600,6,6,8.131086242251946,8.759266938214195,8.231994566302818,9.478436757765365,,,,10.45612632085745,0.0,1.0
mquake,locality_item,true,300,hard1,epc_reader_s2,PC-CAP seed 2,600,6,6,8.131086242251946,8.759266938214195,8.231994566302818,9.478436757765365,,,,10.45612632085745,0.0,1.0
mquake,locality,true,300,hard5,frozen,Frozen GPT-2 (no cap),50,3,3,7.305795083590627,7.905827534700595,7.305795083590627,8.718757050637407,0.0,0.0,0.0,8.718757050637407,0.0,1.0
mquake,locality,true,300,hard5,bp_mean,BP-CAP (seed mean),50,3,3,7.305795083590627,7.905827534700595,7.305795083590627,8.718757050637407,0.0,0.0,0.0,8.718757050637407,0.0,1.0
mquake,locality,true,300,hard5,epc_mean,PC-CAP (seed mean),50,3,3,7.305795083590627,7.905827534700595,7.305795083590627,8.718757050637407,0.0,0.0,0.0,8.718757050637407,0.0,1.0
mquake,locality,true,300,hard5,bp_reader_s0,BP-CAP seed 0,50,3,3,7.305795083590627,7.905827534700595,7.305795083590627,8.718757050637407,0.0,0.0,0.0,8.718757050637407,0.0,1.0
mquake,locality,true,300,hard5,bp_reader_s1,BP-CAP seed 1,50,3,3,7.305795083590627,7.905827534700595,7.305795083590627,8.718757050637407,0.0,0.0,0.0,8.718757050637407,0.0,1.0
mquake,locality,true,300,hard5,bp_reader_s2,BP-CAP seed 2,50,3,3,7.305795083590627,7.905827534700595,7.305795083590627,8.718757050637407,0.0,0.0,0.0,8.718757050637407,0.0,1.0
mquake,locality,true,300,hard5,epc_reader_s0,PC-CAP seed 0,50,3,3,7.305795083590627,7.905827534700595,7.305795083590627,8.718757050637407,0.0,0.0,0.0,8.718757050637407,0.0,1.0
mquake,locality,true,300,hard5,epc_reader_s1,PC-CAP seed 1,50,3,3,7.305795083590627,7.905827534700595,7.305795083590627,8.718757050637407,0.0,0.0,0.0,8.718757050637407,0.0,1.0
mquake,locality,true,300,hard5,epc_reader_s2,PC-CAP seed 2,50,3,3,7.305795083590627,7.905827534700595,7.305795083590627,8.718757050637407,0.0,0.0,0.0,8.718757050637407,0.0,1.0
mquake,locality,true,300,hard1,frozen,Frozen GPT-2 (no cap),50,1,1,8.718757050637407,8.718757050637407,8.718757050637407,8.718757050637407,0.0,0.0,0.0,8.718757050637407,0.0,1.0
mquake,locality,true,300,hard1,bp_mean,BP-CAP (seed mean),50,1,1,8.718757050637407,8.718757050637407,8.718757050637407,8.718757050637407,0.0,0.0,0.0,8.718757050637407,0.0,1.0
mquake,locality,true,300,hard1,epc_mean,PC-CAP (seed mean),50,1,1,8.718757050637407,8.718757050637407,8.718757050637407,8.718757050637407,0.0,0.0,0.0,8.718757050637407,0.0,1.0
mquake,locality,true,300,hard1,bp_reader_s0,BP-CAP seed 0,50,1,1,8.718757050637407,8.718757050637407,8.718757050637407,8.718757050637407,0.0,0.0,0.0,8.718757050637407,0.0,1.0
mquake,locality,true,300,hard1,bp_reader_s1,BP-CAP seed 1,50,1,1,8.718757050637407,8.718757050637407,8.718757050637407,8.718757050637407,0.0,0.0,0.0,8.718757050637407,0.0,1.0
mquake,locality,true,300,hard1,bp_reader_s2,BP-CAP seed 2,50,1,1,8.718757050637407,8.718757050637407,8.718757050637407,8.718757050637407,0.0,0.0,0.0,8.718757050637407,0.0,1.0
mquake,locality,true,300,hard1,epc_reader_s0,PC-CAP seed 0,50,1,1,8.718757050637407,8.718757050637407,8.718757050637407,8.718757050637407,0.0,0.0,0.0,8.718757050637407,0.0,1.0
mquake,locality,true,300,hard1,epc_reader_s1,PC-CAP seed 1,50,1,1,8.718757050637407,8.718757050637407,8.718757050637407,8.718757050637407,0.0,0.0,0.0,8.718757050637407,0.0,1.0
mquake,locality,true,300,hard1,epc_reader_s2,PC-CAP seed 2,50,1,1,8.718757050637407,8.718757050637407,8.718757050637407,8.718757050637407,0.0,0.0,0.0,8.718757050637407,0.0,1.0
mquake,near_miss_neighbour,true,300,hard5,frozen,Frozen GPT-2 (no cap),100,5,5,8.193450655370134,8.706142196469862,8.239110757678556,9.393511782488213,0.0,0.0,0.0,9.953967243507384,0.0,1.0
mquake,near_miss_neighbour,true,300,hard5,bp_mean,BP-CAP (seed mean),100,5,5,8.193450655370134,8.706142196469862,8.239110757678556,9.393511782488213,0.0,0.0,0.0,9.953967243507384,0.0,1.0
mquake,near_miss_neighbour,true,300,hard5,epc_mean,PC-CAP (seed mean),100,5,5,8.193450655370134,8.706142196469862,8.239110757678556,9.393511782488213,0.0,0.0,0.0,9.953967243507384,0.0,1.0
mquake,near_miss_neighbour,true,300,hard5,bp_reader_s0,BP-CAP seed 0,100,5,5,8.193450655370134,8.706142196469862,8.239110757678556,9.393511782488213,0.0,0.0,0.0,9.953967243507384,0.0,1.0
mquake,near_miss_neighbour,true,300,hard5,bp_reader_s1,BP-CAP seed 1,100,5,5,8.193450655370134,8.706142196469862,8.239110757678556,9.393511782488213,0.0,0.0,0.0,9.953967243507384,0.0,1.0
mquake,near_miss_neighbour,true,300,hard5,bp_reader_s2,BP-CAP seed 2,100,5,5,8.193450655370134,8.706142196469862,8.239110757678556,9.393511782488213,0.0,0.0,0.0,9.953967243507384,0.0,1.0
mquake,near_miss_neighbour,true,300,hard5,epc_reader_s0,PC-CAP seed 0,100,5,5,8.193450655370134,8.706142196469862,8.239110757678556,9.393511782488213,0.0,0.0,0.0,9.953967243507384,0.0,1.0
mquake,near_miss_neighbour,true,300,hard5,epc_reader_s1,PC-CAP seed 1,100,5,5,8.193450655370134,8.706142196469862,8.239110757678556,9.393511782488213,0.0,0.0,0.0,9.953967243507384,0.0,1.0
mquake,near_miss_neighbour,true,300,hard5,epc_reader_s2,PC-CAP seed 2,100,5,5,8.193450655370134,8.706142196469862,8.239110757678556,9.393511782488213,0.0,0.0,0.0,9.953967243507384,0.0,1.0
mquake,near_miss_neighbour,true,300,hard1,frozen,Frozen GPT-2 (no cap),100,1,1,9.953967243507384,9.953967243507384,9.953967243507384,9.953967243507384,0.0,0.0,0.0,9.953967243507384,0.0,1.0
mquake,near_miss_neighbour,true,300,hard1,bp_mean,BP-CAP (seed mean),100,1,1,9.953967243507384,9.953967243507384,9.953967243507384,9.953967243507384,0.0,0.0,0.0,9.953967243507384,0.0,1.0
mquake,near_miss_neighbour,true,300,hard1,epc_mean,PC-CAP (seed mean),100,1,1,9.953967243507384,9.953967243507384,9.953967243507384,9.953967243507384,0.0,0.0,0.0,9.953967243507384,0.0,1.0
mquake,near_miss_neighbour,true,300,hard1,bp_reader_s0,BP-CAP seed 0,100,1,1,9.953967243507384,9.953967243507384,9.953967243507384,9.953967243507384,0.0,0.0,0.0,9.953967243507384,0.0,1.0
mquake,near_miss_neighbour,true,300,hard1,bp_reader_s1,BP-CAP seed 1,100,1,1,9.953967243507384,9.953967243507384,9.953967243507384,9.953967243507384,0.0,0.0,0.0,9.953967243507384,0.0,1.0
mquake,near_miss_neighbour,true,300,hard1,bp_reader_s2,BP-CAP seed 2,100,1,1,9.953967243507384,9.953967243507384,9.953967243507384,9.953967243507384,0.0,0.0,0.0,9.953967243507384,0.0,1.0
mquake,near_miss_neighbour,true,300,hard1,epc_reader_s0,PC-CAP seed 0,100,1,1,9.953967243507384,9.953967243507384,9.953967243507384,9.953967243507384,0.0,0.0,0.0,9.953967243507384,0.0,1.0
mquake,near_miss_neighbour,true,300,hard1,epc_reader_s1,PC-CAP seed 1,100,1,1,9.953967243507384,9.953967243507384,9.953967243507384,9.953967243507384,0.0,0.0,0.0,9.953967243507384,0.0,1.0
mquake,near_miss_neighbour,true,300,hard1,epc_reader_s2,PC-CAP seed 2,100,1,1,9.953967243507384,9.953967243507384,9.953967243507384,9.953967243507384,0.0,0.0,0.0,9.953967243507384,0.0,1.0
zsre,edit,new,100,hard5,frozen,Frozen GPT-2 (no cap),100,5,5,10.533335634559954,11.27158634119839,10.660492255155456,11.882680427241322,0.0,0.0,0.0,12.219442484634264,0.0,1.0
zsre,edit,new,100,hard5,bp_mean,BP-CAP (seed mean),100,5,5,10.533335634559954,0.016947272930896595,0.007440835909203436,0.02697729745755473,1.0,1.0,1.0,0.033582570672564316,1.0,0.0
zsre,edit,new,100,hard5,epc_mean,PC-CAP (seed mean),100,5,5,10.533335634559954,0.016947272930896595,0.007440835909203436,0.02697729745755473,1.0,1.0,1.0,0.033582570672564316,1.0,0.0
zsre,edit,new,100,hard5,bp_reader_s0,BP-CAP seed 0,100,5,5,10.533335634559954,0.016947272930896595,0.007440835909203436,0.02697729745755473,1.0,1.0,1.0,0.033582570672564316,1.0,0.0
zsre,edit,new,100,hard5,bp_reader_s1,BP-CAP seed 1,100,5,5,10.533335634559954,0.016947272930896595,0.007440835909203436,0.02697729745755473,1.0,1.0,1.0,0.033582570672564316,1.0,0.0
zsre,edit,new,100,hard5,bp_reader_s2,BP-CAP seed 2,100,5,5,10.533335634559954,0.016947272930896595,0.007440835909203436,0.02697729745755473,1.0,1.0,1.0,0.033582570672564316,1.0,0.0
zsre,edit,new,100,hard5,epc_reader_s0,PC-CAP seed 0,100,5,5,10.533335634559954,0.016947272930896595,0.007440835909203436,0.02697729745755473,1.0,1.0,1.0,0.033582570672564316,1.0,0.0
zsre,edit,new,100,hard5,epc_reader_s1,PC-CAP seed 1,100,5,5,10.533335634559954,0.016947272930896595,0.007440835909203436,0.02697729745755473,1.0,1.0,1.0,0.033582570672564316,1.0,0.0
zsre,edit,new,100,hard5,epc_reader_s2,PC-CAP seed 2,100,5,5,10.533335634559954,0.016947272930896595,0.007440835909203436,0.02697729745755473,1.0,1.0,1.0,0.033582570672564316,1.0,0.0
zsre,edit,new,100,hard1,frozen,Frozen GPT-2 (no cap),100,1,1,12.219442484634264,12.219442484634264,12.219442484634264,12.219442484634264,0.0,0.0,0.0,12.219442484634264,0.0,1.0
zsre,edit,new,100,hard1,bp_mean,BP-CAP (seed mean),100,1,1,12.219442484634264,0.010682785694066332,0.010682785694066332,0.010682785694066332,1.0,1.0,1.0,0.010682785694066332,1.0,0.0
zsre,edit,new,100,hard1,epc_mean,PC-CAP (seed mean),100,1,1,12.219442484634264,0.010682785694066332,0.010682785694066332,0.010682785694066332,1.0,1.0,1.0,0.010682785694066332,1.0,0.0
zsre,edit,new,100,hard1,bp_reader_s0,BP-CAP seed 0,100,1,1,12.219442484634264,0.010682785694066332,0.010682785694066332,0.010682785694066332,1.0,1.0,1.0,0.010682785694066332,1.0,0.0
zsre,edit,new,100,hard1,bp_reader_s1,BP-CAP seed 1,100,1,1,12.219442484634264,0.010682785694066332,0.010682785694066332,0.010682785694066332,1.0,1.0,1.0,0.010682785694066332,1.0,0.0
zsre,edit,new,100,hard1,bp_reader_s2,BP-CAP seed 2,100,1,1,12.219442484634264,0.010682785694066332,0.010682785694066332,0.010682785694066332,1.0,1.0,1.0,0.010682785694066332,1.0,0.0
zsre,edit,new,100,hard1,epc_reader_s0,PC-CAP seed 0,100,1,1,12.219442484634264,0.010682785694066332,0.010682785694066332,0.010682785694066332,1.0,1.0,1.0,0.010682785694066332,1.0,0.0
zsre,edit,new,100,hard1,epc_reader_s1,PC-CAP seed 1,100,1,1,12.219442484634264,0.010682785694066332,0.010682785694066332,0.010682785694066332,1.0,1.0,1.0,0.010682785694066332,1.0,0.0
zsre,edit,new,100,hard1,epc_reader_s2,PC-CAP seed 2,100,1,1,12.219442484634264,0.010682785694066332,0.010682785694066332,0.010682785694066332,1.0,1.0,1.0,0.010682785694066332,1.0,0.0
zsre,paraphrase,new,100,hard5,frozen,Frozen GPT-2 (no cap),100,5,5,11.016350948771688,11.354215599156992,11.053711207350378,11.816193656265167,0.0,0.0,0.0,12.274476586117132,0.0,1.0
zsre,paraphrase,new,100,hard5,bp_mean,BP-CAP (seed mean),100,5,5,11.016350948771688,0.028260833577451017,0.007679692232698798,0.06471139635191236,1.0,1.0,1.0,0.09973710722596252,1.0,0.0
zsre,paraphrase,new,100,hard5,epc_mean,PC-CAP (seed mean),100,5,5,11.016350948771688,0.028260833577451017,0.007679692232698798,0.06471139635191236,1.0,1.0,1.0,0.09973710722596252,1.0,0.0
zsre,paraphrase,new,100,hard5,bp_reader_s0,BP-CAP seed 0,100,5,5,11.016350948771688,0.028260833577451017,0.007679692232698798,0.06471139635191236,1.0,1.0,1.0,0.09973710722596252,1.0,0.0
zsre,paraphrase,new,100,hard5,bp_reader_s1,BP-CAP seed 1,100,5,5,11.016350948771688,0.028260833577451017,0.007679692232698798,0.06471139635191236,1.0,1.0,1.0,0.09973710722596252,1.0,0.0
zsre,paraphrase,new,100,hard5,bp_reader_s2,BP-CAP seed 2,100,5,5,11.016350948771688,0.028260833577451017,0.007679692232698798,0.06471139635191236,1.0,1.0,1.0,0.09973710722596252,1.0,0.0
zsre,paraphrase,new,100,hard5,epc_reader_s0,PC-CAP seed 0,100,5,5,11.016350948771688,0.028260833577451017,0.007679692232698798,0.06471139635191236,1.0,1.0,1.0,0.09973710722596252,1.0,0.0
zsre,paraphrase,new,100,hard5,epc_reader_s1,PC-CAP seed 1,100,5,5,11.016350948771688,0.028260833577451017,0.007679692232698798,0.06471139635191236,1.0,1.0,1.0,0.09973710722596252,1.0,0.0
zsre,paraphrase,new,100,hard5,epc_reader_s2,PC-CAP seed 2,100,5,5,11.016350948771688,0.028260833577451017,0.007679692232698798,0.06471139635191236,1.0,1.0,1.0,0.09973710722596252,1.0,0.0
zsre,paraphrase,new,100,hard1,frozen,Frozen GPT-2 (no cap),100,1,1,12.274476586117132,12.274476586117132,12.274476586117132,12.274476586117132,0.0,0.0,0.0,12.274476586117132,0.0,1.0
zsre,paraphrase,new,100,hard1,bp_mean,BP-CAP (seed mean),100,1,1,12.274476586117132,0.010254408491711331,0.010254408491711331,0.010254408491711331,1.0,1.0,1.0,0.010254408491711331,1.0,0.0
zsre,paraphrase,new,100,hard1,epc_mean,PC-CAP (seed mean),100,1,1,12.274476586117132,0.010254408491711331,0.010254408491711331,0.010254408491711331,1.0,1.0,1.0,0.010254408491711331,1.0,0.0
zsre,paraphrase,new,100,hard1,bp_reader_s0,BP-CAP seed 0,100,1,1,12.274476586117132,0.010254408491711331,0.010254408491711331,0.010254408491711331,1.0,1.0,1.0,0.010254408491711331,1.0,0.0
zsre,paraphrase,new,100,hard1,bp_reader_s1,BP-CAP seed 1,100,1,1,12.274476586117132,0.010254408491711331,0.010254408491711331,0.010254408491711331,1.0,1.0,1.0,0.010254408491711331,1.0,0.0
zsre,paraphrase,new,100,hard1,bp_reader_s2,BP-CAP seed 2,100,1,1,12.274476586117132,0.010254408491711331,0.010254408491711331,0.010254408491711331,1.0,1.0,1.0,0.010254408491711331,1.0,0.0
zsre,paraphrase,new,100,hard1,epc_reader_s0,PC-CAP seed 0,100,1,1,12.274476586117132,0.010254408491711331,0.010254408491711331,0.010254408491711331,1.0,1.0,1.0,0.010254408491711331,1.0,0.0
zsre,paraphrase,new,100,hard1,epc_reader_s1,PC-CAP seed 1,100,1,1,12.274476586117132,0.010254408491711331,0.010254408491711331,0.010254408491711331,1.0,1.0,1.0,0.010254408491711331,1.0,0.0
zsre,paraphrase,new,100,hard1,epc_reader_s2,PC-CAP seed 2,100,1,1,12.274476586117132,0.010254408491711331,0.010254408491711331,0.010254408491711331,1.0,1.0,1.0,0.010254408491711331,1.0,0.0
zsre,unseen,new,100,hard5,frozen,Frozen GPT-2 (no cap),100,5,5,9.625042413627671,10.550865836187588,9.89398011990691,11.438682943938097,0.0,0.0,0.0,12.07792211999309,0.0,1.0
zsre,unseen,new,100,hard5,bp_mean,BP-CAP (seed mean),100,5,5,9.625042413627671,10.351377272910023,9.816641166988692,11.2447276897144,0.0,0.0,0.0,12.07792211999309,0.0,1.0
zsre,unseen,new,100,hard5,epc_mean,PC-CAP (seed mean),100,5,5,9.625042413627671,10.550865836187588,9.89398011990691,11.438682943938097,0.0,0.0,0.0,12.07792211999309,0.0,1.0
zsre,unseen,new,100,hard5,bp_reader_s0,BP-CAP seed 0,100,5,5,9.625042413627671,10.550865836187588,9.89398011990691,11.438682943938097,0.0,0.0,0.0,12.07792211999309,0.0,1.0
zsre,unseen,new,100,hard5,bp_reader_s1,BP-CAP seed 1,100,5,5,9.625042413627671,9.95240014635489,8.770210319661892,11.187476690441994,0.0,0.0,0.0,12.07792211999309,0.0,1.0
zsre,unseen,new,100,hard5,bp_reader_s2,BP-CAP seed 2,100,5,5,9.625042413627671,10.550865836187588,9.89398011990691,11.438682943938097,0.0,0.0,0.0,12.07792211999309,0.0,1.0
zsre,unseen,new,100,hard5,epc_reader_s0,PC-CAP seed 0,100,5,5,9.625042413627671,10.550865836187588,9.89398011990691,11.438682943938097,0.0,0.0,0.0,12.07792211999309,0.0,1.0
zsre,unseen,new,100,hard5,epc_reader_s1,PC-CAP seed 1,100,5,5,9.625042413627671,10.550865836187588,9.89398011990691,11.438682943938097,0.0,0.0,0.0,12.07792211999309,0.0,1.0
zsre,unseen,new,100,hard5,epc_reader_s2,PC-CAP seed 2,100,5,5,9.625042413627671,10.550865836187588,9.89398011990691,11.438682943938097,0.0,0.0,0.0,12.07792211999309,0.0,1.0
zsre,unseen,new,100,hard1,frozen,Frozen GPT-2 (no cap),100,1,1,12.07792211999309,12.07792211999309,12.07792211999309,12.07792211999309,0.0,0.0,0.0,12.07792211999309,0.0,1.0
zsre,unseen,new,100,hard1,bp_mean,BP-CAP (seed mean),100,1,1,12.07792211999309,12.07792211999309,12.07792211999309,12.07792211999309,0.0,0.0,0.0,12.07792211999309,0.0,1.0
zsre,unseen,new,100,hard1,epc_mean,PC-CAP (seed mean),100,1,1,12.07792211999309,12.07792211999309,12.07792211999309,12.07792211999309,0.0,0.0,0.0,12.07792211999309,0.0,1.0
zsre,unseen,new,100,hard1,bp_reader_s0,BP-CAP seed 0,100,1,1,12.07792211999309,12.07792211999309,12.07792211999309,12.07792211999309,0.0,0.0,0.0,12.07792211999309,0.0,1.0
zsre,unseen,new,100,hard1,bp_reader_s1,BP-CAP seed 1,100,1,1,12.07792211999309,12.07792211999309,12.07792211999309,12.07792211999309,0.0,0.0,0.0,12.07792211999309,0.0,1.0
zsre,unseen,new,100,hard1,bp_reader_s2,BP-CAP seed 2,100,1,1,12.07792211999309,12.07792211999309,12.07792211999309,12.07792211999309,0.0,0.0,0.0,12.07792211999309,0.0,1.0
zsre,unseen,new,100,hard1,epc_reader_s0,PC-CAP seed 0,100,1,1,12.07792211999309,12.07792211999309,12.07792211999309,12.07792211999309,0.0,0.0,0.0,12.07792211999309,0.0,1.0
zsre,unseen,new,100,hard1,epc_reader_s1,PC-CAP seed 1,100,1,1,12.07792211999309,12.07792211999309,12.07792211999309,12.07792211999309,0.0,0.0,0.0,12.07792211999309,0.0,1.0
zsre,unseen,new,100,hard1,epc_reader_s2,PC-CAP seed 2,100,1,1,12.07792211999309,12.07792211999309,12.07792211999309,12.07792211999309,0.0,0.0,0.0,12.07792211999309,0.0,1.0
zsre,locality_item,true,100,hard5,frozen,Frozen GPT-2 (no cap),99,5,5,9.813273929886734,10.125934742990811,9.90847221455812,10.371931405071553,,,,10.558141604487034,0.0,1.0
zsre,locality_item,true,100,hard5,bp_mean,BP-CAP (seed mean),99,5,5,9.813273929886734,10.125934742990811,9.90847221455812,10.371931405071553,,,,10.558141604487034,0.0,1.0
zsre,locality_item,true,100,hard5,epc_mean,PC-CAP (seed mean),99,5,5,9.813273929886734,10.125934742990811,9.90847221455812,10.371931405071553,,,,10.558141604487034,0.0,1.0
zsre,locality_item,true,100,hard5,bp_reader_s0,BP-CAP seed 0,99,5,5,9.813273929886734,10.125934742990811,9.90847221455812,10.371931405071553,,,,10.558141604487034,0.0,1.0
zsre,locality_item,true,100,hard5,bp_reader_s1,BP-CAP seed 1,99,5,5,9.813273929886734,10.125934742990811,9.90847221455812,10.371931405071553,,,,10.558141604487034,0.0,1.0
zsre,locality_item,true,100,hard5,bp_reader_s2,BP-CAP seed 2,99,5,5,9.813273929886734,10.125934742990811,9.90847221455812,10.371931405071553,,,,10.558141604487034,0.0,1.0
zsre,locality_item,true,100,hard5,epc_reader_s0,PC-CAP seed 0,99,5,5,9.813273929886734,10.125934742990811,9.90847221455812,10.371931405071553,,,,10.558141604487034,0.0,1.0
zsre,locality_item,true,100,hard5,epc_reader_s1,PC-CAP seed 1,99,5,5,9.813273929886734,10.125934742990811,9.90847221455812,10.371931405071553,,,,10.558141604487034,0.0,1.0
zsre,locality_item,true,100,hard5,epc_reader_s2,PC-CAP seed 2,99,5,5,9.813273929886734,10.125934742990811,9.90847221455812,10.371931405071553,,,,10.558141604487034,0.0,1.0
zsre,locality_item,true,100,hard1,frozen,Frozen GPT-2 (no cap),99,1,1,10.558141604487034,10.558141604487034,10.558141604487034,10.558141604487034,,,,10.558141604487034,0.0,1.0
zsre,locality_item,true,100,hard1,bp_mean,BP-CAP (seed mean),99,1,1,10.558141604487034,10.558141604487034,10.558141604487034,10.558141604487034,,,,10.558141604487034,0.0,1.0
zsre,locality_item,true,100,hard1,epc_mean,PC-CAP (seed mean),99,1,1,10.558141604487034,10.558141604487034,10.558141604487034,10.558141604487034,,,,10.558141604487034,0.0,1.0
zsre,locality_item,true,100,hard1,bp_reader_s0,BP-CAP seed 0,99,1,1,10.558141604487034,10.558141604487034,10.558141604487034,10.558141604487034,,,,10.558141604487034,0.0,1.0
zsre,locality_item,true,100,hard1,bp_reader_s1,BP-CAP seed 1,99,1,1,10.558141604487034,10.558141604487034,10.558141604487034,10.558141604487034,,,,10.558141604487034,0.0,1.0
zsre,locality_item,true,100,hard1,bp_reader_s2,BP-CAP seed 2,99,1,1,10.558141604487034,10.558141604487034,10.558141604487034,10.558141604487034,,,,10.558141604487034,0.0,1.0
zsre,locality_item,true,100,hard1,epc_reader_s0,PC-CAP seed 0,99,1,1,10.558141604487034,10.558141604487034,10.558141604487034,10.558141604487034,,,,10.558141604487034,0.0,1.0
zsre,locality_item,true,100,hard1,epc_reader_s1,PC-CAP seed 1,99,1,1,10.558141604487034,10.558141604487034,10.558141604487034,10.558141604487034,,,,10.558141604487034,0.0,1.0
zsre,locality_item,true,100,hard1,epc_reader_s2,PC-CAP seed 2,99,1,1,10.558141604487034,10.558141604487034,10.558141604487034,10.558141604487034,,,,10.558141604487034,0.0,1.0
zsre,locality,true,100,hard5,frozen,Frozen GPT-2 (no cap),50,3,3,11.391850222012764,11.55686871003809,11.391850222012764,11.763392290465077,0.0,0.0,0.0,11.763392290465077,0.0,1.0
zsre,locality,true,100,hard5,bp_mean,BP-CAP (seed mean),50,3,3,11.391850222012764,11.55686871003809,11.391850222012764,11.763392290465077,0.0,0.0,0.0,11.763392290465077,0.0,1.0
zsre,locality,true,100,hard5,epc_mean,PC-CAP (seed mean),50,3,3,11.391850222012764,11.55686871003809,11.391850222012764,11.763392290465077,0.0,0.0,0.0,11.763392290465077,0.0,1.0
zsre,locality,true,100,hard5,bp_reader_s0,BP-CAP seed 0,50,3,3,11.391850222012764,11.55686871003809,11.391850222012764,11.763392290465077,0.0,0.0,0.0,11.763392290465077,0.0,1.0
zsre,locality,true,100,hard5,bp_reader_s1,BP-CAP seed 1,50,3,3,11.391850222012764,11.55686871003809,11.391850222012764,11.763392290465077,0.0,0.0,0.0,11.763392290465077,0.0,1.0
zsre,locality,true,100,hard5,bp_reader_s2,BP-CAP seed 2,50,3,3,11.391850222012764,11.55686871003809,11.391850222012764,11.763392290465077,0.0,0.0,0.0,11.763392290465077,0.0,1.0
zsre,locality,true,100,hard5,epc_reader_s0,PC-CAP seed 0,50,3,3,11.391850222012764,11.55686871003809,11.391850222012764,11.763392290465077,0.0,0.0,0.0,11.763392290465077,0.0,1.0
zsre,locality,true,100,hard5,epc_reader_s1,PC-CAP seed 1,50,3,3,11.391850222012764,11.55686871003809,11.391850222012764,11.763392290465077,0.0,0.0,0.0,11.763392290465077,0.0,1.0
zsre,locality,true,100,hard5,epc_reader_s2,PC-CAP seed 2,50,3,3,11.391850222012764,11.55686871003809,11.391850222012764,11.763392290465077,0.0,0.0,0.0,11.763392290465077,0.0,1.0
zsre,locality,true,100,hard1,frozen,Frozen GPT-2 (no cap),50,1,1,11.763392290465077,11.763392290465077,11.763392290465077,11.763392290465077,0.0,0.0,0.0,11.763392290465077,0.0,1.0
zsre,locality,true,100,hard1,bp_mean,BP-CAP (seed mean),50,1,1,11.763392290465077,11.763392290465077,11.763392290465077,11.763392290465077,0.0,0.0,0.0,11.763392290465077,0.0,1.0
zsre,locality,true,100,hard1,epc_mean,PC-CAP (seed mean),50,1,1,11.763392290465077,11.763392290465077,11.763392290465077,11.763392290465077,0.0,0.0,0.0,11.763392290465077,0.0,1.0
zsre,locality,true,100,hard1,bp_reader_s0,BP-CAP seed 0,50,1,1,11.763392290465077,11.763392290465077,11.763392290465077,11.763392290465077,0.0,0.0,0.0,11.763392290465077,0.0,1.0
zsre,locality,true,100,hard1,bp_reader_s1,BP-CAP seed 1,50,1,1,11.763392290465077,11.763392290465077,11.763392290465077,11.763392290465077,0.0,0.0,0.0,11.763392290465077,0.0,1.0
zsre,locality,true,100,hard1,bp_reader_s2,BP-CAP seed 2,50,1,1,11.763392290465077,11.763392290465077,11.763392290465077,11.763392290465077,0.0,0.0,0.0,11.763392290465077,0.0,1.0
zsre,locality,true,100,hard1,epc_reader_s0,PC-CAP seed 0,50,1,1,11.763392290465077,11.763392290465077,11.763392290465077,11.763392290465077,0.0,0.0,0.0,11.763392290465077,0.0,1.0
zsre,locality,true,100,hard1,epc_reader_s1,PC-CAP seed 1,50,1,1,11.763392290465077,11.763392290465077,11.763392290465077,11.763392290465077,0.0,0.0,0.0,11.763392290465077,0.0,1.0
zsre,locality,true,100,hard1,epc_reader_s2,PC-CAP seed 2,50,1,1,11.763392290465077,11.763392290465077,11.763392290465077,11.763392290465077,0.0,0.0,0.0,11.763392290465077,0.0,1.0
zsre,near_miss_neighbour,true,100,hard5,frozen,Frozen GPT-2 (no cap),100,5,5,10.416889095436147,11.598369335923321,10.937544200137076,12.160521238680511,0.0,0.0,0.0,12.471777715629912,0.0,1.0
zsre,near_miss_neighbour,true,100,hard5,bp_mean,BP-CAP (seed mean),100,5,5,10.416889095436147,11.598369335923321,10.937544200137076,12.160521238680511,0.0,0.0,0.0,12.471777715629912,0.0,1.0
zsre,near_miss_neighbour,true,100,hard5,epc_mean,PC-CAP (seed mean),100,5,5,10.416889095436147,11.598369335923321,10.937544200137076,12.160521238680511,0.0,0.0,0.0,12.471777715629912,0.0,1.0
zsre,near_miss_neighbour,true,100,hard5,bp_reader_s0,BP-CAP seed 0,100,5,5,10.416889095436147,11.598369335923321,10.937544200137076,12.160521238680511,0.0,0.0,0.0,12.471777715629912,0.0,1.0
zsre,near_miss_neighbour,true,100,hard5,bp_reader_s1,BP-CAP seed 1,100,5,5,10.416889095436147,11.598369335923321,10.937544200137076,12.160521238680511,0.0,0.0,0.0,12.471777715629912,0.0,1.0
zsre,near_miss_neighbour,true,100,hard5,bp_reader_s2,BP-CAP seed 2,100,5,5,10.416889095436147,11.598369335923321,10.937544200137076,12.160521238680511,0.0,0.0,0.0,12.471777715629912,0.0,1.0
zsre,near_miss_neighbour,true,100,hard5,epc_reader_s0,PC-CAP seed 0,100,5,5,10.416889095436147,11.598369335923321,10.937544200137076,12.160521238680511,0.0,0.0,0.0,12.471777715629912,0.0,1.0
zsre,near_miss_neighbour,true,100,hard5,epc_reader_s1,PC-CAP seed 1,100,5,5,10.416889095436147,11.598369335923321,10.937544200137076,12.160521238680511,0.0,0.0,0.0,12.471777715629912,0.0,1.0
zsre,near_miss_neighbour,true,100,hard5,epc_reader_s2,PC-CAP seed 2,100,5,5,10.416889095436147,11.598369335923321,10.937544200137076,12.160521238680511,0.0,0.0,0.0,12.471777715629912,0.0,1.0
zsre,near_miss_neighbour,true,100,hard1,frozen,Frozen GPT-2 (no cap),100,1,1,12.471777715629912,12.471777715629912,12.471777715629912,12.471777715629912,0.0,0.0,0.0,12.471777715629912,0.0,1.0
zsre,near_miss_neighbour,true,100,hard1,bp_mean,BP-CAP (seed mean),100,1,1,12.471777715629912,12.471777715629912,12.471777715629912,12.471777715629912,0.0,0.0,0.0,12.471777715629912,0.0,1.0
zsre,near_miss_neighbour,true,100,hard1,epc_mean,PC-CAP (seed mean),100,1,1,12.471777715629912,12.471777715629912,12.471777715629912,12.471777715629912,0.0,0.0,0.0,12.471777715629912,0.0,1.0
zsre,near_miss_neighbour,true,100,hard1,bp_reader_s0,BP-CAP seed 0,100,1,1,12.471777715629912,12.471777715629912,12.471777715629912,12.471777715629912,0.0,0.0,0.0,12.471777715629912,0.0,1.0
zsre,near_miss_neighbour,true,100,hard1,bp_reader_s1,BP-CAP seed 1,100,1,1,12.471777715629912,12.471777715629912,12.471777715629912,12.471777715629912,0.0,0.0,0.0,12.471777715629912,0.0,1.0
zsre,near_miss_neighbour,true,100,hard1,bp_reader_s2,BP-CAP seed 2,100,1,1,12.471777715629912,12.471777715629912,12.471777715629912,12.471777715629912,0.0,0.0,0.0,12.471777715629912,0.0,1.0
zsre,near_miss_neighbour,true,100,hard1,epc_reader_s0,PC-CAP seed 0,100,1,1,12.471777715629912,12.471777715629912,12.471777715629912,12.471777715629912,0.0,0.0,0.0,12.471777715629912,0.0,1.0
zsre,near_miss_neighbour,true,100,hard1,epc_reader_s1,PC-CAP seed 1,100,1,1,12.471777715629912,12.471777715629912,12.471777715629912,12.471777715629912,0.0,0.0,0.0,12.471777715629912,0.0,1.0
zsre,near_miss_neighbour,true,100,hard1,epc_reader_s2,PC-CAP seed 2,100,1,1,12.471777715629912,12.471777715629912,12.471777715629912,12.471777715629912,0.0,0.0,0.0,12.471777715629912,0.0,1.0
counterfact,edit,new,100,hard5,frozen,Frozen GPT-2 (no cap),100,5,5,8.915015355549741,9.546833807279688,9.088012916121142,10.05377698862227,0.0,0.0,0.0,10.396083893052761,0.0,1.0
counterfact,edit,new,100,hard5,bp_mean,BP-CAP (seed mean),100,5,5,8.915015355549741,0.018488556469574747,0.007466657648870978,0.03536142242313076,1.0,1.0,1.0,0.05167909171537133,1.0,0.0
counterfact,edit,new,100,hard5,epc_mean,PC-CAP (seed mean),100,5,5,8.915015355549741,0.018488556469574747,0.007466657648870978,0.03536142242313076,1.0,1.0,1.0,0.05167909171537133,1.0,0.0
counterfact,edit,new,100,hard5,bp_reader_s0,BP-CAP seed 0,100,5,5,8.915015355549741,0.018488556469574747,0.007466657648870978,0.03536142242313076,1.0,1.0,1.0,0.05167909171537133,1.0,0.0
counterfact,edit,new,100,hard5,bp_reader_s1,BP-CAP seed 1,100,5,5,8.915015355549741,0.018488556469574747,0.007466657648870978,0.03536142242313076,1.0,1.0,1.0,0.05167909171537133,1.0,0.0
counterfact,edit,new,100,hard5,bp_reader_s2,BP-CAP seed 2,100,5,5,8.915015355549741,0.018488556469574747,0.007466657648870978,0.03536142242313076,1.0,1.0,1.0,0.05167909171537133,1.0,0.0
counterfact,edit,new,100,hard5,epc_reader_s0,PC-CAP seed 0,100,5,5,8.915015355549741,0.018488556469574747,0.007466657648870978,0.03536142242313076,1.0,1.0,1.0,0.05167909171537133,1.0,0.0
counterfact,edit,new,100,hard5,epc_reader_s1,PC-CAP seed 1,100,5,5,8.915015355549741,0.018488556469574747,0.007466657648870978,0.03536142242313076,1.0,1.0,1.0,0.05167909171537133,1.0,0.0
counterfact,edit,new,100,hard5,epc_reader_s2,PC-CAP seed 2,100,5,5,8.915015355549741,0.018488556469574747,0.007466657648870978,0.03536142242313076,1.0,1.0,1.0,0.05167909171537133,1.0,0.0
counterfact,edit,new,100,hard1,frozen,Frozen GPT-2 (no cap),100,1,1,10.396083893052761,10.396083893052761,10.396083893052761,10.396083893052761,0.0,0.0,0.0,10.396083893052761,0.0,1.0
counterfact,edit,new,100,hard1,bp_mean,BP-CAP (seed mean),100,1,1,10.396083893052761,0.05167909171537133,0.05167909171537133,0.05167909171537133,1.0,1.0,1.0,0.05167909171537133,1.0,0.0
counterfact,edit,new,100,hard1,epc_mean,PC-CAP (seed mean),100,1,1,10.396083893052761,0.05167909171537133,0.05167909171537133,0.05167909171537133,1.0,1.0,1.0,0.05167909171537133,1.0,0.0
counterfact,edit,new,100,hard1,bp_reader_s0,BP-CAP seed 0,100,1,1,10.396083893052761,0.05167909171537133,0.05167909171537133,0.05167909171537133,1.0,1.0,1.0,0.05167909171537133,1.0,0.0
counterfact,edit,new,100,hard1,bp_reader_s1,BP-CAP seed 1,100,1,1,10.396083893052761,0.05167909171537133,0.05167909171537133,0.05167909171537133,1.0,1.0,1.0,0.05167909171537133,1.0,0.0
counterfact,edit,new,100,hard1,bp_reader_s2,BP-CAP seed 2,100,1,1,10.396083893052761,0.05167909171537133,0.05167909171537133,0.05167909171537133,1.0,1.0,1.0,0.05167909171537133,1.0,0.0
counterfact,edit,new,100,hard1,epc_reader_s0,PC-CAP seed 0,100,1,1,10.396083893052761,0.05167909171537133,0.05167909171537133,0.05167909171537133,1.0,1.0,1.0,0.05167909171537133,1.0,0.0
counterfact,edit,new,100,hard1,epc_reader_s1,PC-CAP seed 1,100,1,1,10.396083893052761,0.05167909171537133,0.05167909171537133,0.05167909171537133,1.0,1.0,1.0,0.05167909171537133,1.0,0.0
counterfact,edit,new,100,hard1,epc_reader_s2,PC-CAP seed 2,100,1,1,10.396083893052761,0.05167909171537133,0.05167909171537133,0.05167909171537133,1.0,1.0,1.0,0.05167909171537133,1.0,0.0
counterfact,paraphrase,new,100,hard5,frozen,Frozen GPT-2 (no cap),200,10,10,9.750494479453685,10.149488736490644,9.924558536663703,10.422823072670221,0.0,0.0,0.0,11.19490263331058,0.0,1.0
counterfact,paraphrase,new,100,hard5,bp_mean,BP-CAP (seed mean),200,10,10,9.750494479453685,1.4779923659277032,0.1723839646776841,2.80419873539554,0.8666666666666666,0.7333333333333333,1.0,6.602122575862812,0.7,0.0
counterfact,paraphrase,new,100,hard5,epc_mean,PC-CAP (seed mean),200,10,10,9.750494479453685,1.666960861136688,0.3695081726478319,3.1991036925858047,0.8333333333333333,0.6666666666666667,0.9666666666666666,6.718574341436344,0.6,0.0
counterfact,paraphrase,new,100,hard5,bp_reader_s0,BP-CAP seed 0,200,10,10,9.750494479453685,1.0976320960852022,0.0798776621761029,3.083197842237635,0.9,0.7,1.0,9.838545583491154,0.9,0.1
counterfact,paraphrase,new,100,hard5,bp_reader_s1,BP-CAP seed 1,200,10,10,9.750494479453685,1.1479515665467654,0.1090876051176955,3.0902648755639675,0.9,0.7,1.0,9.889825386122833,0.9,0.1
counterfact,paraphrase,new,100,hard5,bp_reader_s2,BP-CAP seed 2,200,10,10,9.750494479453685,2.1883934351511427,0.1409425448945354,5.116675225596242,0.8,0.5,1.0,10.482506365335073,0.8,0.2
counterfact,paraphrase,new,100,hard5,epc_reader_s0,PC-CAP seed 0,200,10,10,9.750494479453685,3.0672912290741228,0.15321820654168455,6.01755889268947,0.7,0.4,1.0,10.066710337726612,0.7,0.3
counterfact,paraphrase,new,100,hard5,epc_reader_s1,PC-CAP seed 1,200,10,10,9.750494479453685,0.8359592582507389,0.10794469108677306,2.2002620207563357,0.9,0.7,1.0,6.821273027111097,0.9,0.0
counterfact,paraphrase,new,100,hard5,epc_reader_s2,PC-CAP seed 2,200,10,10,9.750494479453685,1.0976320960852022,0.0798776621761029,3.083197842237635,0.9,0.7,1.0,9.838545583491154,0.9,0.1
counterfact,paraphrase,new,100,hard1,frozen,Frozen GPT-2 (no cap),200,2,2,10.482506365335073,10.838704499322827,10.482506365335073,11.19490263331058,0.0,0.0,0.0,11.19490263331058,0.0,1.0
counterfact,paraphrase,new,100,hard1,bp_mean,BP-CAP (seed mean),200,2,2,10.482506365335073,1.9276195225884571,0.309011803871023,3.5462272413058913,0.8333333333333333,0.6666666666666666,1.0,3.5462272413058913,0.5,0.0
counterfact,paraphrase,new,100,hard1,epc_mean,PC-CAP (seed mean),200,2,2,10.482506365335073,1.3174139662177946,0.309011803871023,2.325816128564566,0.8333333333333333,0.6666666666666666,1.0,2.325816128564566,0.5,0.0
counterfact,paraphrase,new,100,hard1,bp_reader_s0,BP-CAP seed 0,200,2,2,10.482506365335073,0.19354974158116178,0.07808767929130056,0.309011803871023,1.0,1.0,1.0,0.309011803871023,1.0,0.0
counterfact,paraphrase,new,100,hard1,bp_reader_s1,BP-CAP seed 1,200,2,2,10.482506365335073,0.19354974158116178,0.07808767929130056,0.309011803871023,1.0,1.0,1.0,0.309011803871023,1.0,0.0
counterfact,paraphrase,new,100,hard1,bp_reader_s2,BP-CAP seed 2,200,2,2,10.482506365335073,5.395759084603048,0.309011803871023,10.482506365335073,0.5,0.0,1.0,10.482506365335073,0.5,0.5
counterfact,paraphrase,new,100,hard1,epc_reader_s0,PC-CAP seed 0,200,2,2,10.482506365335073,0.19354974158116178,0.07808767929130056,0.309011803871023,1.0,1.0,1.0,0.309011803871023,1.0,0.0
counterfact,paraphrase,new,100,hard1,epc_reader_s1,PC-CAP seed 1,200,2,2,10.482506365335073,3.56514241549106,0.309011803871023,6.821273027111097,0.5,0.0,1.0,6.821273027111097,0.5,0.0
counterfact,paraphrase,new,100,hard1,epc_reader_s2,PC-CAP seed 2,200,2,2,10.482506365335073,0.19354974158116178,0.07808767929130056,0.309011803871023,1.0,1.0,1.0,0.309011803871023,1.0,0.0
counterfact,unseen,new,100,hard5,frozen,Frozen GPT-2 (no cap),100,5,5,9.656359799584216,9.751559534071015,9.669897347496986,9.880568598959824,0.0,0.0,0.0,10.00770317391514,0.0,1.0
counterfact,unseen,new,100,hard5,bp_mean,BP-CAP (seed mean),100,5,5,9.656359799584216,9.751559534071015,9.669897347496986,9.880568598959824,0.0,0.0,0.0,10.00770317391514,0.0,1.0
counterfact,unseen,new,100,hard5,epc_mean,PC-CAP (seed mean),100,5,5,9.656359799584216,9.751559534071015,9.669897347496986,9.880568598959824,0.0,0.0,0.0,10.00770317391514,0.0,1.0
counterfact,unseen,new,100,hard5,bp_reader_s0,BP-CAP seed 0,100,5,5,9.656359799584216,9.751559534071015,9.669897347496986,9.880568598959824,0.0,0.0,0.0,10.00770317391514,0.0,1.0
counterfact,unseen,new,100,hard5,bp_reader_s1,BP-CAP seed 1,100,5,5,9.656359799584216,9.751559534071015,9.669897347496986,9.880568598959824,0.0,0.0,0.0,10.00770317391514,0.0,1.0
counterfact,unseen,new,100,hard5,bp_reader_s2,BP-CAP seed 2,100,5,5,9.656359799584216,9.751559534071015,9.669897347496986,9.880568598959824,0.0,0.0,0.0,10.00770317391514,0.0,1.0
counterfact,unseen,new,100,hard5,epc_reader_s0,PC-CAP seed 0,100,5,5,9.656359799584216,9.751559534071015,9.669897347496986,9.880568598959824,0.0,0.0,0.0,10.00770317391514,0.0,1.0
counterfact,unseen,new,100,hard5,epc_reader_s1,PC-CAP seed 1,100,5,5,9.656359799584216,9.751559534071015,9.669897347496986,9.880568598959824,0.0,0.0,0.0,10.00770317391514,0.0,1.0
counterfact,unseen,new,100,hard5,epc_reader_s2,PC-CAP seed 2,100,5,5,9.656359799584216,9.751559534071015,9.669897347496986,9.880568598959824,0.0,0.0,0.0,10.00770317391514,0.0,1.0
counterfact,unseen,new,100,hard1,frozen,Frozen GPT-2 (no cap),100,1,1,10.00770317391514,10.00770317391514,10.00770317391514,10.00770317391514,0.0,0.0,0.0,10.00770317391514,0.0,1.0
counterfact,unseen,new,100,hard1,bp_mean,BP-CAP (seed mean),100,1,1,10.00770317391514,10.00770317391514,10.00770317391514,10.00770317391514,0.0,0.0,0.0,10.00770317391514,0.0,1.0
counterfact,unseen,new,100,hard1,epc_mean,PC-CAP (seed mean),100,1,1,10.00770317391514,10.00770317391514,10.00770317391514,10.00770317391514,0.0,0.0,0.0,10.00770317391514,0.0,1.0
counterfact,unseen,new,100,hard1,bp_reader_s0,BP-CAP seed 0,100,1,1,10.00770317391514,10.00770317391514,10.00770317391514,10.00770317391514,0.0,0.0,0.0,10.00770317391514,0.0,1.0
counterfact,unseen,new,100,hard1,bp_reader_s1,BP-CAP seed 1,100,1,1,10.00770317391514,10.00770317391514,10.00770317391514,10.00770317391514,0.0,0.0,0.0,10.00770317391514,0.0,1.0
counterfact,unseen,new,100,hard1,bp_reader_s2,BP-CAP seed 2,100,1,1,10.00770317391514,10.00770317391514,10.00770317391514,10.00770317391514,0.0,0.0,0.0,10.00770317391514,0.0,1.0
counterfact,unseen,new,100,hard1,epc_reader_s0,PC-CAP seed 0,100,1,1,10.00770317391514,10.00770317391514,10.00770317391514,10.00770317391514,0.0,0.0,0.0,10.00770317391514,0.0,1.0
counterfact,unseen,new,100,hard1,epc_reader_s1,PC-CAP seed 1,100,1,1,10.00770317391514,10.00770317391514,10.00770317391514,10.00770317391514,0.0,0.0,0.0,10.00770317391514,0.0,1.0
counterfact,unseen,new,100,hard1,epc_reader_s2,PC-CAP seed 2,100,1,1,10.00770317391514,10.00770317391514,10.00770317391514,10.00770317391514,0.0,0.0,0.0,10.00770317391514,0.0,1.0
counterfact,locality_item,true,100,hard5,frozen,Frozen GPT-2 (no cap),300,15,9,9.265591883081022,10.030061234493798,9.713213759460968,10.34489247068199,,,,12.008044126835351,0.0,1.0
counterfact,locality_item,true,100,hard5,bp_mean,BP-CAP (seed mean),300,15,9,9.265591883081022,10.030061234493798,9.713213759460968,10.34489247068199,,,,12.008044126835351,0.0,1.0
counterfact,locality_item,true,100,hard5,epc_mean,PC-CAP (seed mean),300,15,9,9.265591883081022,10.030061234493798,9.713213759460968,10.34489247068199,,,,12.008044126835351,0.0,1.0
counterfact,locality_item,true,100,hard5,bp_reader_s0,BP-CAP seed 0,300,15,9,9.265591883081022,10.030061234493798,9.713213759460968,10.34489247068199,,,,12.008044126835351,0.0,1.0
counterfact,locality_item,true,100,hard5,bp_reader_s1,BP-CAP seed 1,300,15,9,9.265591883081022,10.030061234493798,9.713213759460968,10.34489247068199,,,,12.008044126835351,0.0,1.0
counterfact,locality_item,true,100,hard5,bp_reader_s2,BP-CAP seed 2,300,15,9,9.265591883081022,10.030061234493798,9.713213759460968,10.34489247068199,,,,12.008044126835351,0.0,1.0
counterfact,locality_item,true,100,hard5,epc_reader_s0,PC-CAP seed 0,300,15,9,9.265591883081022,10.030061234493798,9.713213759460968,10.34489247068199,,,,12.008044126835351,0.0,1.0
counterfact,locality_item,true,100,hard5,epc_reader_s1,PC-CAP seed 1,300,15,9,9.265591883081022,10.030061234493798,9.713213759460968,10.34489247068199,,,,12.008044126835351,0.0,1.0
counterfact,locality_item,true,100,hard5,epc_reader_s2,PC-CAP seed 2,300,15,9,9.265591883081022,10.030061234493798,9.713213759460968,10.34489247068199,,,,12.008044126835351,0.0,1.0
counterfact,locality_item,true,100,hard1,frozen,Frozen GPT-2 (no cap),300,3,3,10.592055020530765,11.101960313783225,10.592055020530765,12.008044126835351,,,,12.008044126835351,0.0,1.0
counterfact,locality_item,true,100,hard1,bp_mean,BP-CAP (seed mean),300,3,3,10.592055020530765,11.101960313783225,10.592055020530765,12.008044126835351,,,,12.008044126835351,0.0,1.0
counterfact,locality_item,true,100,hard1,epc_mean,PC-CAP (seed mean),300,3,3,10.592055020530765,11.101960313783225,10.592055020530765,12.008044126835351,,,,12.008044126835351,0.0,1.0
counterfact,locality_item,true,100,hard1,bp_reader_s0,BP-CAP seed 0,300,3,3,10.592055020530765,11.101960313783225,10.592055020530765,12.008044126835351,,,,12.008044126835351,0.0,1.0
counterfact,locality_item,true,100,hard1,bp_reader_s1,BP-CAP seed 1,300,3,3,10.592055020530765,11.101960313783225,10.592055020530765,12.008044126835351,,,,12.008044126835351,0.0,1.0
counterfact,locality_item,true,100,hard1,bp_reader_s2,BP-CAP seed 2,300,3,3,10.592055020530765,11.101960313783225,10.592055020530765,12.008044126835351,,,,12.008044126835351,0.0,1.0
counterfact,locality_item,true,100,hard1,epc_reader_s0,PC-CAP seed 0,300,3,3,10.592055020530765,11.101960313783225,10.592055020530765,12.008044126835351,,,,12.008044126835351,0.0,1.0
counterfact,locality_item,true,100,hard1,epc_reader_s1,PC-CAP seed 1,300,3,3,10.592055020530765,11.101960313783225,10.592055020530765,12.008044126835351,,,,12.008044126835351,0.0,1.0
counterfact,locality_item,true,100,hard1,epc_reader_s2,PC-CAP seed 2,300,3,3,10.592055020530765,11.101960313783225,10.592055020530765,12.008044126835351,,,,12.008044126835351,0.0,1.0
counterfact,locality,true,100,hard5,frozen,Frozen GPT-2 (no cap),50,3,3,9.566994367112812,10.74384981042156,9.566994367112812,12.81625214243831,0.0,0.0,0.0,12.816252142438312,0.0,1.0
counterfact,locality,true,100,hard5,bp_mean,BP-CAP (seed mean),50,3,3,9.566994367112812,10.74384981042156,9.566994367112812,12.81625214243831,0.0,0.0,0.0,12.81625214243831,0.0,1.0
counterfact,locality,true,100,hard5,epc_mean,PC-CAP (seed mean),50,3,3,9.566994367112812,10.74384981042156,9.566994367112812,12.81625214243831,0.0,0.0,0.0,12.81625214243831,0.0,1.0
counterfact,locality,true,100,hard5,bp_reader_s0,BP-CAP seed 0,50,3,3,9.566994367112812,10.74384981042156,9.566994367112812,12.81625214243831,0.0,0.0,0.0,12.816252142438312,0.0,1.0
counterfact,locality,true,100,hard5,bp_reader_s1,BP-CAP seed 1,50,3,3,9.566994367112812,10.74384981042156,9.566994367112812,12.81625214243831,0.0,0.0,0.0,12.816252142438312,0.0,1.0
counterfact,locality,true,100,hard5,bp_reader_s2,BP-CAP seed 2,50,3,3,9.566994367112812,10.74384981042156,9.566994367112812,12.81625214243831,0.0,0.0,0.0,12.816252142438312,0.0,1.0
counterfact,locality,true,100,hard5,epc_reader_s0,PC-CAP seed 0,50,3,3,9.566994367112812,10.74384981042156,9.566994367112812,12.81625214243831,0.0,0.0,0.0,12.816252142438312,0.0,1.0
counterfact,locality,true,100,hard5,epc_reader_s1,PC-CAP seed 1,50,3,3,9.566994367112812,10.74384981042156,9.566994367112812,12.81625214243831,0.0,0.0,0.0,12.816252142438312,0.0,1.0
counterfact,locality,true,100,hard5,epc_reader_s2,PC-CAP seed 2,50,3,3,9.566994367112812,10.74384981042156,9.566994367112812,12.81625214243831,0.0,0.0,0.0,12.816252142438312,0.0,1.0
counterfact,locality,true,100,hard1,frozen,Frozen GPT-2 (no cap),50,1,1,12.816252142438312,12.816252142438312,12.816252142438312,12.816252142438312,0.0,0.0,0.0,12.816252142438312,0.0,1.0
counterfact,locality,true,100,hard1,bp_mean,BP-CAP (seed mean),50,1,1,12.816252142438312,12.81625214243831,12.81625214243831,12.81625214243831,0.0,0.0,0.0,12.81625214243831,0.0,1.0
counterfact,locality,true,100,hard1,epc_mean,PC-CAP (seed mean),50,1,1,12.816252142438312,12.81625214243831,12.81625214243831,12.81625214243831,0.0,0.0,0.0,12.81625214243831,0.0,1.0
counterfact,locality,true,100,hard1,bp_reader_s0,BP-CAP seed 0,50,1,1,12.816252142438312,12.816252142438312,12.816252142438312,12.816252142438312,0.0,0.0,0.0,12.816252142438312,0.0,1.0
counterfact,locality,true,100,hard1,bp_reader_s1,BP-CAP seed 1,50,1,1,12.816252142438312,12.816252142438312,12.816252142438312,12.816252142438312,0.0,0.0,0.0,12.816252142438312,0.0,1.0
counterfact,locality,true,100,hard1,bp_reader_s2,BP-CAP seed 2,50,1,1,12.816252142438312,12.816252142438312,12.816252142438312,12.816252142438312,0.0,0.0,0.0,12.816252142438312,0.0,1.0
counterfact,locality,true,100,hard1,epc_reader_s0,PC-CAP seed 0,50,1,1,12.816252142438312,12.816252142438312,12.816252142438312,12.816252142438312,0.0,0.0,0.0,12.816252142438312,0.0,1.0
counterfact,locality,true,100,hard1,epc_reader_s1,PC-CAP seed 1,50,1,1,12.816252142438312,12.816252142438312,12.816252142438312,12.816252142438312,0.0,0.0,0.0,12.816252142438312,0.0,1.0
counterfact,locality,true,100,hard1,epc_reader_s2,PC-CAP seed 2,50,1,1,12.816252142438312,12.816252142438312,12.816252142438312,12.816252142438312,0.0,0.0,0.0,12.816252142438312,0.0,1.0
counterfact,near_miss_neighbour,true,100,hard5,frozen,Frozen GPT-2 (no cap),100,5,5,9.893684619183748,10.759568451328198,10.241264072616431,11.2696204800344,0.0,0.0,0.0,11.41116301710354,0.0,1.0
counterfact,near_miss_neighbour,true,100,hard5,bp_mean,BP-CAP (seed mean),100,5,5,9.893684619183748,10.759568451328198,10.241264072616431,11.2696204800344,0.0,0.0,0.0,11.41116301710354,0.0,1.0
counterfact,near_miss_neighbour,true,100,hard5,epc_mean,PC-CAP (seed mean),100,5,5,9.893684619183748,10.759568451328198,10.241264072616431,11.2696204800344,0.0,0.0,0.0,11.41116301710354,0.0,1.0
counterfact,near_miss_neighbour,true,100,hard5,bp_reader_s0,BP-CAP seed 0,100,5,5,9.893684619183748,10.759568451328198,10.241264072616431,11.2696204800344,0.0,0.0,0.0,11.41116301710354,0.0,1.0
counterfact,near_miss_neighbour,true,100,hard5,bp_reader_s1,BP-CAP seed 1,100,5,5,9.893684619183748,10.759568451328198,10.241264072616431,11.2696204800344,0.0,0.0,0.0,11.41116301710354,0.0,1.0
counterfact,near_miss_neighbour,true,100,hard5,bp_reader_s2,BP-CAP seed 2,100,5,5,9.893684619183748,10.759568451328198,10.241264072616431,11.2696204800344,0.0,0.0,0.0,11.41116301710354,0.0,1.0
counterfact,near_miss_neighbour,true,100,hard5,epc_reader_s0,PC-CAP seed 0,100,5,5,9.893684619183748,10.759568451328198,10.241264072616431,11.2696204800344,0.0,0.0,0.0,11.41116301710354,0.0,1.0
counterfact,near_miss_neighbour,true,100,hard5,epc_reader_s1,PC-CAP seed 1,100,5,5,9.893684619183748,10.759568451328198,10.241264072616431,11.2696204800344,0.0,0.0,0.0,11.41116301710354,0.0,1.0
counterfact,near_miss_neighbour,true,100,hard5,epc_reader_s2,PC-CAP seed 2,100,5,5,9.893684619183748,10.759568451328198,10.241264072616431,11.2696204800344,0.0,0.0,0.0,11.41116301710354,0.0,1.0
counterfact,near_miss_neighbour,true,100,hard1,frozen,Frozen GPT-2 (no cap),100,1,1,11.41116301710354,11.41116301710354,11.41116301710354,11.41116301710354,0.0,0.0,0.0,11.41116301710354,0.0,1.0
counterfact,near_miss_neighbour,true,100,hard1,bp_mean,BP-CAP (seed mean),100,1,1,11.41116301710354,11.41116301710354,11.41116301710354,11.41116301710354,0.0,0.0,0.0,11.41116301710354,0.0,1.0
counterfact,near_miss_neighbour,true,100,hard1,epc_mean,PC-CAP (seed mean),100,1,1,11.41116301710354,11.41116301710354,11.41116301710354,11.41116301710354,0.0,0.0,0.0,11.41116301710354,0.0,1.0
counterfact,near_miss_neighbour,true,100,hard1,bp_reader_s0,BP-CAP seed 0,100,1,1,11.41116301710354,11.41116301710354,11.41116301710354,11.41116301710354,0.0,0.0,0.0,11.41116301710354,0.0,1.0
counterfact,near_miss_neighbour,true,100,hard1,bp_reader_s1,BP-CAP seed 1,100,1,1,11.41116301710354,11.41116301710354,11.41116301710354,11.41116301710354,0.0,0.0,0.0,11.41116301710354,0.0,1.0
counterfact,near_miss_neighbour,true,100,hard1,bp_reader_s2,BP-CAP seed 2,100,1,1,11.41116301710354,11.41116301710354,11.41116301710354,11.41116301710354,0.0,0.0,0.0,11.41116301710354,0.0,1.0
counterfact,near_miss_neighbour,true,100,hard1,epc_reader_s0,PC-CAP seed 0,100,1,1,11.41116301710354,11.41116301710354,11.41116301710354,11.41116301710354,0.0,0.0,0.0,11.41116301710354,0.0,1.0
counterfact,near_miss_neighbour,true,100,hard1,epc_reader_s1,PC-CAP seed 1,100,1,1,11.41116301710354,11.41116301710354,11.41116301710354,11.41116301710354,0.0,0.0,0.0,11.41116301710354,0.0,1.0
counterfact,near_miss_neighbour,true,100,hard1,epc_reader_s2,PC-CAP seed 2,100,1,1,11.41116301710354,11.41116301710354,11.41116301710354,11.41116301710354,0.0,0.0,0.0,11.41116301710354,0.0,1.0
mquake,edit,new,100,hard5,frozen,Frozen GPT-2 (no cap),100,5,5,7.697528313771585,8.35384460912884,7.776376608208213,8.937718759132434,0.0,0.0,0.0,9.199234535920553,0.0,1.0
mquake,edit,new,100,hard5,bp_mean,BP-CAP (seed mean),100,5,5,7.697528313771585,0.023253844857142526,0.0038016077415960583,0.04550009774899948,1.0,1.0,1.0,0.059647815537658744,1.0,0.0
mquake,edit,new,100,hard5,epc_mean,PC-CAP (seed mean),100,5,5,7.697528313771585,0.023253844857142526,0.0038016077415960583,0.04550009774899948,1.0,1.0,1.0,0.059647815537658744,1.0,0.0
mquake,edit,new,100,hard5,bp_reader_s0,BP-CAP seed 0,100,5,5,7.697528313771585,0.023253844857142526,0.0038016077415960583,0.04550009774899948,1.0,1.0,1.0,0.059647815537658744,1.0,0.0
mquake,edit,new,100,hard5,bp_reader_s1,BP-CAP seed 1,100,5,5,7.697528313771585,0.023253844857142526,0.0038016077415960583,0.04550009774899948,1.0,1.0,1.0,0.059647815537658744,1.0,0.0
mquake,edit,new,100,hard5,bp_reader_s2,BP-CAP seed 2,100,5,5,7.697528313771585,0.023253844857142526,0.0038016077415960583,0.04550009774899948,1.0,1.0,1.0,0.059647815537658744,1.0,0.0
mquake,edit,new,100,hard5,epc_reader_s0,PC-CAP seed 0,100,5,5,7.697528313771585,0.023253844857142526,0.0038016077415960583,0.04550009774899948,1.0,1.0,1.0,0.059647815537658744,1.0,0.0
mquake,edit,new,100,hard5,epc_reader_s1,PC-CAP seed 1,100,5,5,7.697528313771585,0.023253844857142526,0.0038016077415960583,0.04550009774899948,1.0,1.0,1.0,0.059647815537658744,1.0,0.0
mquake,edit,new,100,hard5,epc_reader_s2,PC-CAP seed 2,100,5,5,7.697528313771585,0.023253844857142526,0.0038016077415960583,0.04550009774899948,1.0,1.0,1.0,0.059647815537658744,1.0,0.0
mquake,edit,new,100,hard1,frozen,Frozen GPT-2 (no cap),100,1,1,9.199234535920553,9.199234535920553,9.199234535920553,9.199234535920553,0.0,0.0,0.0,9.199234535920553,0.0,1.0
mquake,edit,new,100,hard1,bp_mean,BP-CAP (seed mean),100,1,1,9.199234535920553,0.059647815537658744,0.059647815537658744,0.059647815537658744,1.0,1.0,1.0,0.059647815537658744,1.0,0.0
mquake,edit,new,100,hard1,epc_mean,PC-CAP (seed mean),100,1,1,9.199234535920553,0.059647815537658744,0.059647815537658744,0.059647815537658744,1.0,1.0,1.0,0.059647815537658744,1.0,0.0
mquake,edit,new,100,hard1,bp_reader_s0,BP-CAP seed 0,100,1,1,9.199234535920553,0.059647815537658744,0.059647815537658744,0.059647815537658744,1.0,1.0,1.0,0.059647815537658744,1.0,0.0
mquake,edit,new,100,hard1,bp_reader_s1,BP-CAP seed 1,100,1,1,9.199234535920553,0.059647815537658744,0.059647815537658744,0.059647815537658744,1.0,1.0,1.0,0.059647815537658744,1.0,0.0
mquake,edit,new,100,hard1,bp_reader_s2,BP-CAP seed 2,100,1,1,9.199234535920553,0.059647815537658744,0.059647815537658744,0.059647815537658744,1.0,1.0,1.0,0.059647815537658744,1.0,0.0
mquake,edit,new,100,hard1,epc_reader_s0,PC-CAP seed 0,100,1,1,9.199234535920553,0.059647815537658744,0.059647815537658744,0.059647815537658744,1.0,1.0,1.0,0.059647815537658744,1.0,0.0
mquake,edit,new,100,hard1,epc_reader_s1,PC-CAP seed 1,100,1,1,9.199234535920553,0.059647815537658744,0.059647815537658744,0.059647815537658744,1.0,1.0,1.0,0.059647815537658744,1.0,0.0
mquake,edit,new,100,hard1,epc_reader_s2,PC-CAP seed 2,100,1,1,9.199234535920553,0.059647815537658744,0.059647815537658744,0.059647815537658744,1.0,1.0,1.0,0.059647815537658744,1.0,0.0
mquake,paraphrase,new,100,hard5,frozen,Frozen GPT-2 (no cap),100,5,5,9.994940310067875,10.734323938995711,10.34711208441544,11.081010375903013,0.0,0.0,0.0,11.263395394582055,0.0,1.0
mquake,paraphrase,new,100,hard5,bp_mean,BP-CAP (seed mean),100,5,5,9.994940310067875,4.990101281239509,2.7691260998104488,8.003817874431316,0.0,0.0,0.0,10.446453692487616,0.0,0.2
mquake,paraphrase,new,100,hard5,epc_mean,PC-CAP (seed mean),100,5,5,9.994940310067875,4.990101281239509,2.7691260998104488,8.003817874431316,0.0,0.0,0.0,10.446453692487616,0.0,0.2
mquake,paraphrase,new,100,hard5,bp_reader_s0,BP-CAP seed 0,100,5,5,9.994940310067875,6.038826790093231,2.7691260998104488,9.308527480376013,0.0,0.0,0.0,11.055399505331074,0.0,0.4
mquake,paraphrase,new,100,hard5,bp_reader_s1,BP-CAP seed 1,100,5,5,9.994940310067875,4.465738526812649,2.652613515638897,7.543855491063833,0.0,0.0,0.0,10.446453692487616,0.0,0.2
mquake,paraphrase,new,100,hard5,bp_reader_s2,BP-CAP seed 2,100,5,5,9.994940310067875,4.465738526812649,2.652613515638897,7.543855491063833,0.0,0.0,0.0,10.446453692487616,0.0,0.2
mquake,paraphrase,new,100,hard5,epc_reader_s0,PC-CAP seed 0,100,5,5,9.994940310067875,6.038826790093231,2.7691260998104488,9.308527480376013,0.0,0.0,0.0,11.055399505331074,0.0,0.4
mquake,paraphrase,new,100,hard5,epc_reader_s1,PC-CAP seed 1,100,5,5,9.994940310067875,4.465738526812649,2.652613515638897,7.543855491063833,0.0,0.0,0.0,10.446453692487616,0.0,0.2
mquake,paraphrase,new,100,hard5,epc_reader_s2,PC-CAP seed 2,100,5,5,9.994940310067875,4.465738526812649,2.652613515638897,7.543855491063833,0.0,0.0,0.0,10.446453692487616,0.0,0.2
mquake,paraphrase,new,100,hard1,frozen,Frozen GPT-2 (no cap),100,1,1,11.263395394582055,11.263395394582055,11.263395394582055,11.263395394582055,0.0,0.0,0.0,11.263395394582055,0.0,1.0
mquake,paraphrase,new,100,hard1,bp_mean,BP-CAP (seed mean),100,1,1,11.263395394582055,3.5389310062426844,3.5389310062426844,3.5389310062426844,0.0,0.0,0.0,3.5389310062426844,0.0,0.0
mquake,paraphrase,new,100,hard1,epc_mean,PC-CAP (seed mean),100,1,1,11.263395394582055,3.5389310062426844,3.5389310062426844,3.5389310062426844,0.0,0.0,0.0,3.5389310062426844,0.0,0.0
mquake,paraphrase,new,100,hard1,bp_reader_s0,BP-CAP seed 0,100,1,1,11.263395394582055,3.5389310062426844,3.5389310062426844,3.5389310062426844,0.0,0.0,0.0,3.5389310062426844,0.0,0.0
mquake,paraphrase,new,100,hard1,bp_reader_s1,BP-CAP seed 1,100,1,1,11.263395394582055,3.5389310062426844,3.5389310062426844,3.5389310062426844,0.0,0.0,0.0,3.5389310062426844,0.0,0.0
mquake,paraphrase,new,100,hard1,bp_reader_s2,BP-CAP seed 2,100,1,1,11.263395394582055,3.5389310062426844,3.5389310062426844,3.5389310062426844,0.0,0.0,0.0,3.5389310062426844,0.0,0.0
mquake,paraphrase,new,100,hard1,epc_reader_s0,PC-CAP seed 0,100,1,1,11.263395394582055,3.5389310062426844,3.5389310062426844,3.5389310062426844,0.0,0.0,0.0,3.5389310062426844,0.0,0.0
mquake,paraphrase,new,100,hard1,epc_reader_s1,PC-CAP seed 1,100,1,1,11.263395394582055,3.5389310062426844,3.5389310062426844,3.5389310062426844,0.0,0.0,0.0,3.5389310062426844,0.0,0.0
mquake,paraphrase,new,100,hard1,epc_reader_s2,PC-CAP seed 2,100,1,1,11.263395394582055,3.5389310062426844,3.5389310062426844,3.5389310062426844,0.0,0.0,0.0,3.5389310062426844,0.0,0.0
mquake,unseen,new,100,hard5,frozen,Frozen GPT-2 (no cap),100,5,5,7.261434618022534,8.141381339259425,7.497037151143189,9.204608418402467,0.0,0.0,0.0,10.184445254008482,0.0,1.0
mquake,unseen,new,100,hard5,bp_mean,BP-CAP (seed mean),100,5,5,7.261434618022534,8.141381339259425,7.497037151143189,9.204608418402467,0.0,0.0,0.0,10.184445254008482,0.0,1.0
mquake,unseen,new,100,hard5,epc_mean,PC-CAP (seed mean),100,5,5,7.261434618022534,8.141381339259425,7.497037151143189,9.204608418402467,0.0,0.0,0.0,10.184445254008482,0.0,1.0
mquake,unseen,new,100,hard5,bp_reader_s0,BP-CAP seed 0,100,5,5,7.261434618022534,8.141381339259425,7.497037151143189,9.204608418402467,0.0,0.0,0.0,10.184445254008482,0.0,1.0
mquake,unseen,new,100,hard5,bp_reader_s1,BP-CAP seed 1,100,5,5,7.261434618022534,8.141381339259425,7.497037151143189,9.204608418402467,0.0,0.0,0.0,10.184445254008482,0.0,1.0
mquake,unseen,new,100,hard5,bp_reader_s2,BP-CAP seed 2,100,5,5,7.261434618022534,8.141381339259425,7.497037151143189,9.204608418402467,0.0,0.0,0.0,10.184445254008482,0.0,1.0
mquake,unseen,new,100,hard5,epc_reader_s0,PC-CAP seed 0,100,5,5,7.261434618022534,8.141381339259425,7.497037151143189,9.204608418402467,0.0,0.0,0.0,10.184445254008482,0.0,1.0
mquake,unseen,new,100,hard5,epc_reader_s1,PC-CAP seed 1,100,5,5,7.261434618022534,8.141381339259425,7.497037151143189,9.204608418402467,0.0,0.0,0.0,10.184445254008482,0.0,1.0
mquake,unseen,new,100,hard5,epc_reader_s2,PC-CAP seed 2,100,5,5,7.261434618022534,8.141381339259425,7.497037151143189,9.204608418402467,0.0,0.0,0.0,10.184445254008482,0.0,1.0
mquake,unseen,new,100,hard1,frozen,Frozen GPT-2 (no cap),100,1,1,10.184445254008482,10.184445254008482,10.184445254008482,10.184445254008482,0.0,0.0,0.0,10.184445254008482,0.0,1.0
mquake,unseen,new,100,hard1,bp_mean,BP-CAP (seed mean),100,1,1,10.184445254008482,10.184445254008482,10.184445254008482,10.184445254008482,0.0,0.0,0.0,10.184445254008482,0.0,1.0
mquake,unseen,new,100,hard1,epc_mean,PC-CAP (seed mean),100,1,1,10.184445254008482,10.184445254008482,10.184445254008482,10.184445254008482,0.0,0.0,0.0,10.184445254008482,0.0,1.0
mquake,unseen,new,100,hard1,bp_reader_s0,BP-CAP seed 0,100,1,1,10.184445254008482,10.184445254008482,10.184445254008482,10.184445254008482,0.0,0.0,0.0,10.184445254008482,0.0,1.0
mquake,unseen,new,100,hard1,bp_reader_s1,BP-CAP seed 1,100,1,1,10.184445254008482,10.184445254008482,10.184445254008482,10.184445254008482,0.0,0.0,0.0,10.184445254008482,0.0,1.0
mquake,unseen,new,100,hard1,bp_reader_s2,BP-CAP seed 2,100,1,1,10.184445254008482,10.184445254008482,10.184445254008482,10.184445254008482,0.0,0.0,0.0,10.184445254008482,0.0,1.0
mquake,unseen,new,100,hard1,epc_reader_s0,PC-CAP seed 0,100,1,1,10.184445254008482,10.184445254008482,10.184445254008482,10.184445254008482,0.0,0.0,0.0,10.184445254008482,0.0,1.0
mquake,unseen,new,100,hard1,epc_reader_s1,PC-CAP seed 1,100,1,1,10.184445254008482,10.184445254008482,10.184445254008482,10.184445254008482,0.0,0.0,0.0,10.184445254008482,0.0,1.0
mquake,unseen,new,100,hard1,epc_reader_s2,PC-CAP seed 2,100,1,1,10.184445254008482,10.184445254008482,10.184445254008482,10.184445254008482,0.0,0.0,0.0,10.184445254008482,0.0,1.0
mquake,locality_item,true,100,hard5,frozen,Frozen GPT-2 (no cap),200,10,8,7.672434746786774,8.022500179195706,7.846901309258401,8.170766108446418,,,,8.927489252951617,0.0,1.0
mquake,locality_item,true,100,hard5,bp_mean,BP-CAP (seed mean),200,10,8,7.672434746786774,8.022500179195706,7.846901309258401,8.170766108446418,,,,8.927489252951617,0.0,1.0
mquake,locality_item,true,100,hard5,epc_mean,PC-CAP (seed mean),200,10,8,7.672434746786774,8.022500179195706,7.846901309258401,8.170766108446418,,,,8.927489252951617,0.0,1.0
mquake,locality_item,true,100,hard5,bp_reader_s0,BP-CAP seed 0,200,10,8,7.672434746786774,8.022500179195706,7.846901309258401,8.170766108446418,,,,8.927489252951617,0.0,1.0
mquake,locality_item,true,100,hard5,bp_reader_s1,BP-CAP seed 1,200,10,8,7.672434746786774,8.022500179195706,7.846901309258401,8.170766108446418,,,,8.927489252951617,0.0,1.0
mquake,locality_item,true,100,hard5,bp_reader_s2,BP-CAP seed 2,200,10,8,7.672434746786774,8.022500179195706,7.846901309258401,8.170766108446418,,,,8.927489252951617,0.0,1.0
mquake,locality_item,true,100,hard5,epc_reader_s0,PC-CAP seed 0,200,10,8,7.672434746786774,8.022500179195706,7.846901309258401,8.170766108446418,,,,8.927489252951617,0.0,1.0
mquake,locality_item,true,100,hard5,epc_reader_s1,PC-CAP seed 1,200,10,8,7.672434746786774,8.022500179195706,7.846901309258401,8.170766108446418,,,,8.927489252951617,0.0,1.0
mquake,locality_item,true,100,hard5,epc_reader_s2,PC-CAP seed 2,200,10,8,7.672434746786774,8.022500179195706,7.846901309258401,8.170766108446418,,,,8.927489252951617,0.0,1.0
mquake,locality_item,true,100,hard1,frozen,Frozen GPT-2 (no cap),200,2,2,8.287376165534116,8.607432709242866,8.287376165534116,8.927489252951617,,,,8.927489252951617,0.0,1.0
mquake,locality_item,true,100,hard1,bp_mean,BP-CAP (seed mean),200,2,2,8.287376165534116,8.607432709242866,8.287376165534116,8.927489252951617,,,,8.927489252951617,0.0,1.0
mquake,locality_item,true,100,hard1,epc_mean,PC-CAP (seed mean),200,2,2,8.287376165534116,8.607432709242866,8.287376165534116,8.927489252951617,,,,8.927489252951617,0.0,1.0
mquake,locality_item,true,100,hard1,bp_reader_s0,BP-CAP seed 0,200,2,2,8.287376165534116,8.607432709242866,8.287376165534116,8.927489252951617,,,,8.927489252951617,0.0,1.0
mquake,locality_item,true,100,hard1,bp_reader_s1,BP-CAP seed 1,200,2,2,8.287376165534116,8.607432709242866,8.287376165534116,8.927489252951617,,,,8.927489252951617,0.0,1.0
mquake,locality_item,true,100,hard1,bp_reader_s2,BP-CAP seed 2,200,2,2,8.287376165534116,8.607432709242866,8.287376165534116,8.927489252951617,,,,8.927489252951617,0.0,1.0
mquake,locality_item,true,100,hard1,epc_reader_s0,PC-CAP seed 0,200,2,2,8.287376165534116,8.607432709242866,8.287376165534116,8.927489252951617,,,,8.927489252951617,0.0,1.0
mquake,locality_item,true,100,hard1,epc_reader_s1,PC-CAP seed 1,200,2,2,8.287376165534116,8.607432709242866,8.287376165534116,8.927489252951617,,,,8.927489252951617,0.0,1.0
mquake,locality_item,true,100,hard1,epc_reader_s2,PC-CAP seed 2,200,2,2,8.287376165534116,8.607432709242866,8.287376165534116,8.927489252951617,,,,8.927489252951617,0.0,1.0
mquake,locality,true,100,hard5,frozen,Frozen GPT-2 (no cap),50,3,3,7.305795083590627,7.905827534700595,7.305795083590627,8.718757050637407,0.0,0.0,0.0,8.718757050637407,0.0,1.0
mquake,locality,true,100,hard5,bp_mean,BP-CAP (seed mean),50,3,3,7.305795083590627,7.905827534700595,7.305795083590627,8.718757050637407,0.0,0.0,0.0,8.718757050637407,0.0,1.0
mquake,locality,true,100,hard5,epc_mean,PC-CAP (seed mean),50,3,3,7.305795083590627,7.905827534700595,7.305795083590627,8.718757050637407,0.0,0.0,0.0,8.718757050637407,0.0,1.0
mquake,locality,true,100,hard5,bp_reader_s0,BP-CAP seed 0,50,3,3,7.305795083590627,7.905827534700595,7.305795083590627,8.718757050637407,0.0,0.0,0.0,8.718757050637407,0.0,1.0
mquake,locality,true,100,hard5,bp_reader_s1,BP-CAP seed 1,50,3,3,7.305795083590627,7.905827534700595,7.305795083590627,8.718757050637407,0.0,0.0,0.0,8.718757050637407,0.0,1.0
mquake,locality,true,100,hard5,bp_reader_s2,BP-CAP seed 2,50,3,3,7.305795083590627,7.905827534700595,7.305795083590627,8.718757050637407,0.0,0.0,0.0,8.718757050637407,0.0,1.0
mquake,locality,true,100,hard5,epc_reader_s0,PC-CAP seed 0,50,3,3,7.305795083590627,7.905827534700595,7.305795083590627,8.718757050637407,0.0,0.0,0.0,8.718757050637407,0.0,1.0
mquake,locality,true,100,hard5,epc_reader_s1,PC-CAP seed 1,50,3,3,7.305795083590627,7.905827534700595,7.305795083590627,8.718757050637407,0.0,0.0,0.0,8.718757050637407,0.0,1.0
mquake,locality,true,100,hard5,epc_reader_s2,PC-CAP seed 2,50,3,3,7.305795083590627,7.905827534700595,7.305795083590627,8.718757050637407,0.0,0.0,0.0,8.718757050637407,0.0,1.0
mquake,locality,true,100,hard1,frozen,Frozen GPT-2 (no cap),50,1,1,8.718757050637407,8.718757050637407,8.718757050637407,8.718757050637407,0.0,0.0,0.0,8.718757050637407,0.0,1.0
mquake,locality,true,100,hard1,bp_mean,BP-CAP (seed mean),50,1,1,8.718757050637407,8.718757050637407,8.718757050637407,8.718757050637407,0.0,0.0,0.0,8.718757050637407,0.0,1.0
mquake,locality,true,100,hard1,epc_mean,PC-CAP (seed mean),50,1,1,8.718757050637407,8.718757050637407,8.718757050637407,8.718757050637407,0.0,0.0,0.0,8.718757050637407,0.0,1.0
mquake,locality,true,100,hard1,bp_reader_s0,BP-CAP seed 0,50,1,1,8.718757050637407,8.718757050637407,8.718757050637407,8.718757050637407,0.0,0.0,0.0,8.718757050637407,0.0,1.0
mquake,locality,true,100,hard1,bp_reader_s1,BP-CAP seed 1,50,1,1,8.718757050637407,8.718757050637407,8.718757050637407,8.718757050637407,0.0,0.0,0.0,8.718757050637407,0.0,1.0
mquake,locality,true,100,hard1,bp_reader_s2,BP-CAP seed 2,50,1,1,8.718757050637407,8.718757050637407,8.718757050637407,8.718757050637407,0.0,0.0,0.0,8.718757050637407,0.0,1.0
mquake,locality,true,100,hard1,epc_reader_s0,PC-CAP seed 0,50,1,1,8.718757050637407,8.718757050637407,8.718757050637407,8.718757050637407,0.0,0.0,0.0,8.718757050637407,0.0,1.0
mquake,locality,true,100,hard1,epc_reader_s1,PC-CAP seed 1,50,1,1,8.718757050637407,8.718757050637407,8.718757050637407,8.718757050637407,0.0,0.0,0.0,8.718757050637407,0.0,1.0
mquake,locality,true,100,hard1,epc_reader_s2,PC-CAP seed 2,50,1,1,8.718757050637407,8.718757050637407,8.718757050637407,8.718757050637407,0.0,0.0,0.0,8.718757050637407,0.0,1.0
mquake,near_miss_neighbour,true,100,hard5,frozen,Frozen GPT-2 (no cap),100,5,5,8.193450655370134,8.706142196469862,8.240195616369173,9.393511782488213,0.0,0.0,0.0,9.953967243507384,0.0,1.0
mquake,near_miss_neighbour,true,100,hard5,bp_mean,BP-CAP (seed mean),100,5,5,8.193450655370134,8.706142196469862,8.240195616369173,9.393511782488213,0.0,0.0,0.0,9.953967243507384,0.0,1.0
mquake,near_miss_neighbour,true,100,hard5,epc_mean,PC-CAP (seed mean),100,5,5,8.193450655370134,8.706142196469862,8.240195616369173,9.393511782488213,0.0,0.0,0.0,9.953967243507384,0.0,1.0
mquake,near_miss_neighbour,true,100,hard5,bp_reader_s0,BP-CAP seed 0,100,5,5,8.193450655370134,8.706142196469862,8.240195616369173,9.393511782488213,0.0,0.0,0.0,9.953967243507384,0.0,1.0
mquake,near_miss_neighbour,true,100,hard5,bp_reader_s1,BP-CAP seed 1,100,5,5,8.193450655370134,8.706142196469862,8.240195616369173,9.393511782488213,0.0,0.0,0.0,9.953967243507384,0.0,1.0
mquake,near_miss_neighbour,true,100,hard5,bp_reader_s2,BP-CAP seed 2,100,5,5,8.193450655370134,8.706142196469862,8.240195616369173,9.393511782488213,0.0,0.0,0.0,9.953967243507384,0.0,1.0
mquake,near_miss_neighbour,true,100,hard5,epc_reader_s0,PC-CAP seed 0,100,5,5,8.193450655370134,8.706142196469862,8.240195616369173,9.393511782488213,0.0,0.0,0.0,9.953967243507384,0.0,1.0
mquake,near_miss_neighbour,true,100,hard5,epc_reader_s1,PC-CAP seed 1,100,5,5,8.193450655370134,8.706142196469862,8.240195616369173,9.393511782488213,0.0,0.0,0.0,9.953967243507384,0.0,1.0
mquake,near_miss_neighbour,true,100,hard5,epc_reader_s2,PC-CAP seed 2,100,5,5,8.193450655370134,8.706142196469862,8.240195616369173,9.393511782488213,0.0,0.0,0.0,9.953967243507384,0.0,1.0
mquake,near_miss_neighbour,true,100,hard1,frozen,Frozen GPT-2 (no cap),100,1,1,9.953967243507384,9.953967243507384,9.953967243507384,9.953967243507384,0.0,0.0,0.0,9.953967243507384,0.0,1.0
mquake,near_miss_neighbour,true,100,hard1,bp_mean,BP-CAP (seed mean),100,1,1,9.953967243507384,9.953967243507384,9.953967243507384,9.953967243507384,0.0,0.0,0.0,9.953967243507384,0.0,1.0
mquake,near_miss_neighbour,true,100,hard1,epc_mean,PC-CAP (seed mean),100,1,1,9.953967243507384,9.953967243507384,9.953967243507384,9.953967243507384,0.0,0.0,0.0,9.953967243507384,0.0,1.0
mquake,near_miss_neighbour,true,100,hard1,bp_reader_s0,BP-CAP seed 0,100,1,1,9.953967243507384,9.953967243507384,9.953967243507384,9.953967243507384,0.0,0.0,0.0,9.953967243507384,0.0,1.0
mquake,near_miss_neighbour,true,100,hard1,bp_reader_s1,BP-CAP seed 1,100,1,1,9.953967243507384,9.953967243507384,9.953967243507384,9.953967243507384,0.0,0.0,0.0,9.953967243507384,0.0,1.0
mquake,near_miss_neighbour,true,100,hard1,bp_reader_s2,BP-CAP seed 2,100,1,1,9.953967243507384,9.953967243507384,9.953967243507384,9.953967243507384,0.0,0.0,0.0,9.953967243507384,0.0,1.0
mquake,near_miss_neighbour,true,100,hard1,epc_reader_s0,PC-CAP seed 0,100,1,1,9.953967243507384,9.953967243507384,9.953967243507384,9.953967243507384,0.0,0.0,0.0,9.953967243507384,0.0,1.0
mquake,near_miss_neighbour,true,100,hard1,epc_reader_s1,PC-CAP seed 1,100,1,1,9.953967243507384,9.953967243507384,9.953967243507384,9.953967243507384,0.0,0.0,0.0,9.953967243507384,0.0,1.0
mquake,near_miss_neighbour,true,100,hard1,epc_reader_s2,PC-CAP seed 2,100,1,1,9.953967243507384,9.953967243507384,9.953967243507384,9.953967243507384,0.0,0.0,0.0,9.953967243507384,0.0,1.0
