cell_id,dataset,condition,realization,order,checkpoint,reference,near_zero_loss_change,loss_positive_positions,kl_positions,kl_windows,window_mean_kl
61348508e40d54351613ab14,zsre,R1_learned_ff,0,100,1000,capoff,"{""count"":244760,""denominator"":245237,""fraction"":0.9980549427696473}","{""fraction_for_half_mass"":0.00028136047986233723,""gini"":0.9992219819398575,""minimum_count_for_half_mass"":69,""n"":245237,""positive_count"":401,""top_shares"":{""0.001"":0.9207173842005372,""0.01"":1.0000000000000004},""total"":634.6886613573897,""zero_count"":244836}","{""fraction_for_half_mass"":0.00028136047986233723,""gini"":0.9991657436433359,""minimum_count_for_half_mass"":69,""n"":245237,""positive_count"":477,""top_shares"":{""0.001"":0.8906509468435647,""0.01"":1.0},""total"":584.0300568025491,""zero_count"":244760}","{""fraction_for_half_mass"":0.011393060590367685,""gini"":0.9640878437770195,""minimum_count_for_half_mass"":22,""n"":1931,""positive_count"":200,""top_shares"":{""0.01"":0.46822219851912195,""0.05"":0.92442636453417,""0.1"":0.9991619212587851},""total"":4.598661864587,""zero_count"":1731}","{""benchmark_pass_count"":1739,""n"":1931,""quantiles"":{""0.5"":0.0,""0.9"":0.0009306729334704421,""0.99"":0.061648771369203104,""1.0"":0.24254365308905304},""strict_exceedances"":{""0.01"":90,""0.1"":8}}"
61348508e40d54351613ab14,zsre,R1_learned_ff,0,100,1000,original,"{""count"":244760,""denominator"":245237,""fraction"":0.9980549427696473}","{""fraction_for_half_mass"":0.00028136047986233723,""gini"":0.9992219819398575,""minimum_count_for_half_mass"":69,""n"":245237,""positive_count"":401,""top_shares"":{""0.001"":0.9207173842005372,""0.01"":1.0000000000000004},""total"":634.6886613573897,""zero_count"":244836}","{""fraction_for_half_mass"":0.00028136047986233723,""gini"":0.9991657436433359,""minimum_count_for_half_mass"":69,""n"":245237,""positive_count"":477,""top_shares"":{""0.001"":0.8906509468435647,""0.01"":1.0},""total"":584.0300568025491,""zero_count"":244760}","{""fraction_for_half_mass"":0.011393060590367685,""gini"":0.9640878437770195,""minimum_count_for_half_mass"":22,""n"":1931,""positive_count"":200,""top_shares"":{""0.01"":0.46822219851912195,""0.05"":0.92442636453417,""0.1"":0.9991619212587851},""total"":4.598661864587,""zero_count"":1731}","{""benchmark_pass_count"":1739,""n"":1931,""quantiles"":{""0.5"":0.0,""0.9"":0.0009306729334704421,""0.99"":0.061648771369203104,""1.0"":0.24254365308905304},""strict_exceedances"":{""0.01"":90,""0.1"":8}}"
88af67fa5945b642e8ba7974,zsre,R1_learned_ff,0,101,1000,capoff,"{""count"":244760,""denominator"":245237,""fraction"":0.9980549427696473}","{""fraction_for_half_mass"":0.00028136047986233723,""gini"":0.9992219819398575,""minimum_count_for_half_mass"":69,""n"":245237,""positive_count"":401,""top_shares"":{""0.001"":0.9207173842005372,""0.01"":1.0000000000000004},""total"":634.6886613573897,""zero_count"":244836}","{""fraction_for_half_mass"":0.00028136047986233723,""gini"":0.9991657436433359,""minimum_count_for_half_mass"":69,""n"":245237,""positive_count"":477,""top_shares"":{""0.001"":0.8906509468435647,""0.01"":1.0},""total"":584.0300568025491,""zero_count"":244760}","{""fraction_for_half_mass"":0.011393060590367685,""gini"":0.9640878437770195,""minimum_count_for_half_mass"":22,""n"":1931,""positive_count"":200,""top_shares"":{""0.01"":0.46822219851912195,""0.05"":0.92442636453417,""0.1"":0.9991619212587851},""total"":4.598661864587,""zero_count"":1731}","{""benchmark_pass_count"":1739,""n"":1931,""quantiles"":{""0.5"":0.0,""0.9"":0.0009306729334704421,""0.99"":0.061648771369203104,""1.0"":0.24254365308905304},""strict_exceedances"":{""0.01"":90,""0.1"":8}}"
88af67fa5945b642e8ba7974,zsre,R1_learned_ff,0,101,1000,original,"{""count"":244760,""denominator"":245237,""fraction"":0.9980549427696473}","{""fraction_for_half_mass"":0.00028136047986233723,""gini"":0.9992219819398575,""minimum_count_for_half_mass"":69,""n"":245237,""positive_count"":401,""top_shares"":{""0.001"":0.9207173842005372,""0.01"":1.0000000000000004},""total"":634.6886613573897,""zero_count"":244836}","{""fraction_for_half_mass"":0.00028136047986233723,""gini"":0.9991657436433359,""minimum_count_for_half_mass"":69,""n"":245237,""positive_count"":477,""top_shares"":{""0.001"":0.8906509468435647,""0.01"":1.0},""total"":584.0300568025491,""zero_count"":244760}","{""fraction_for_half_mass"":0.011393060590367685,""gini"":0.9640878437770195,""minimum_count_for_half_mass"":22,""n"":1931,""positive_count"":200,""top_shares"":{""0.01"":0.46822219851912195,""0.05"":0.92442636453417,""0.1"":0.9991619212587851},""total"":4.598661864587,""zero_count"":1731}","{""benchmark_pass_count"":1739,""n"":1931,""quantiles"":{""0.5"":0.0,""0.9"":0.0009306729334704421,""0.99"":0.061648771369203104,""1.0"":0.24254365308905304},""strict_exceedances"":{""0.01"":90,""0.1"":8}}"
915f97b05f3fa2a81de09cdf,zsre,R1_learned_ff,0,102,1000,capoff,"{""count"":244760,""denominator"":245237,""fraction"":0.9980549427696473}","{""fraction_for_half_mass"":0.00028136047986233723,""gini"":0.9992219819398575,""minimum_count_for_half_mass"":69,""n"":245237,""positive_count"":401,""top_shares"":{""0.001"":0.9207173842005372,""0.01"":1.0000000000000004},""total"":634.6886613573897,""zero_count"":244836}","{""fraction_for_half_mass"":0.00028136047986233723,""gini"":0.9991657436433359,""minimum_count_for_half_mass"":69,""n"":245237,""positive_count"":477,""top_shares"":{""0.001"":0.8906509468435647,""0.01"":1.0},""total"":584.0300568025491,""zero_count"":244760}","{""fraction_for_half_mass"":0.011393060590367685,""gini"":0.9640878437770195,""minimum_count_for_half_mass"":22,""n"":1931,""positive_count"":200,""top_shares"":{""0.01"":0.46822219851912195,""0.05"":0.92442636453417,""0.1"":0.9991619212587851},""total"":4.598661864587,""zero_count"":1731}","{""benchmark_pass_count"":1739,""n"":1931,""quantiles"":{""0.5"":0.0,""0.9"":0.0009306729334704421,""0.99"":0.061648771369203104,""1.0"":0.24254365308905304},""strict_exceedances"":{""0.01"":90,""0.1"":8}}"
915f97b05f3fa2a81de09cdf,zsre,R1_learned_ff,0,102,1000,original,"{""count"":244760,""denominator"":245237,""fraction"":0.9980549427696473}","{""fraction_for_half_mass"":0.00028136047986233723,""gini"":0.9992219819398575,""minimum_count_for_half_mass"":69,""n"":245237,""positive_count"":401,""top_shares"":{""0.001"":0.9207173842005372,""0.01"":1.0000000000000004},""total"":634.6886613573897,""zero_count"":244836}","{""fraction_for_half_mass"":0.00028136047986233723,""gini"":0.9991657436433359,""minimum_count_for_half_mass"":69,""n"":245237,""positive_count"":477,""top_shares"":{""0.001"":0.8906509468435647,""0.01"":1.0},""total"":584.0300568025491,""zero_count"":244760}","{""fraction_for_half_mass"":0.011393060590367685,""gini"":0.9640878437770195,""minimum_count_for_half_mass"":22,""n"":1931,""positive_count"":200,""top_shares"":{""0.01"":0.46822219851912195,""0.05"":0.92442636453417,""0.1"":0.9991619212587851},""total"":4.598661864587,""zero_count"":1731}","{""benchmark_pass_count"":1739,""n"":1931,""quantiles"":{""0.5"":0.0,""0.9"":0.0009306729334704421,""0.99"":0.061648771369203104,""1.0"":0.24254365308905304},""strict_exceedances"":{""0.01"":90,""0.1"":8}}"
4aa4849ba414edab2504f56b,zsre,R1_learned_ff,0,103,1000,capoff,"{""count"":244760,""denominator"":245237,""fraction"":0.9980549427696473}","{""fraction_for_half_mass"":0.00028136047986233723,""gini"":0.9992219819398575,""minimum_count_for_half_mass"":69,""n"":245237,""positive_count"":401,""top_shares"":{""0.001"":0.9207173842005372,""0.01"":1.0000000000000004},""total"":634.6886613573897,""zero_count"":244836}","{""fraction_for_half_mass"":0.00028136047986233723,""gini"":0.9991657436433359,""minimum_count_for_half_mass"":69,""n"":245237,""positive_count"":477,""top_shares"":{""0.001"":0.8906509468435647,""0.01"":1.0},""total"":584.0300568025491,""zero_count"":244760}","{""fraction_for_half_mass"":0.011393060590367685,""gini"":0.9640878437770195,""minimum_count_for_half_mass"":22,""n"":1931,""positive_count"":200,""top_shares"":{""0.01"":0.46822219851912195,""0.05"":0.92442636453417,""0.1"":0.9991619212587851},""total"":4.598661864587,""zero_count"":1731}","{""benchmark_pass_count"":1739,""n"":1931,""quantiles"":{""0.5"":0.0,""0.9"":0.0009306729334704421,""0.99"":0.061648771369203104,""1.0"":0.24254365308905304},""strict_exceedances"":{""0.01"":90,""0.1"":8}}"
4aa4849ba414edab2504f56b,zsre,R1_learned_ff,0,103,1000,original,"{""count"":244760,""denominator"":245237,""fraction"":0.9980549427696473}","{""fraction_for_half_mass"":0.00028136047986233723,""gini"":0.9992219819398575,""minimum_count_for_half_mass"":69,""n"":245237,""positive_count"":401,""top_shares"":{""0.001"":0.9207173842005372,""0.01"":1.0000000000000004},""total"":634.6886613573897,""zero_count"":244836}","{""fraction_for_half_mass"":0.00028136047986233723,""gini"":0.9991657436433359,""minimum_count_for_half_mass"":69,""n"":245237,""positive_count"":477,""top_shares"":{""0.001"":0.8906509468435647,""0.01"":1.0},""total"":584.0300568025491,""zero_count"":244760}","{""fraction_for_half_mass"":0.011393060590367685,""gini"":0.9640878437770195,""minimum_count_for_half_mass"":22,""n"":1931,""positive_count"":200,""top_shares"":{""0.01"":0.46822219851912195,""0.05"":0.92442636453417,""0.1"":0.9991619212587851},""total"":4.598661864587,""zero_count"":1731}","{""benchmark_pass_count"":1739,""n"":1931,""quantiles"":{""0.5"":0.0,""0.9"":0.0009306729334704421,""0.99"":0.061648771369203104,""1.0"":0.24254365308905304},""strict_exceedances"":{""0.01"":90,""0.1"":8}}"
9ebc93cc7912bd5d1c929418,zsre,R1_learned_ff,0,104,1000,capoff,"{""count"":244760,""denominator"":245237,""fraction"":0.9980549427696473}","{""fraction_for_half_mass"":0.00028136047986233723,""gini"":0.9992219819398575,""minimum_count_for_half_mass"":69,""n"":245237,""positive_count"":401,""top_shares"":{""0.001"":0.9207173842005372,""0.01"":1.0000000000000004},""total"":634.6886613573897,""zero_count"":244836}","{""fraction_for_half_mass"":0.00028136047986233723,""gini"":0.9991657436433359,""minimum_count_for_half_mass"":69,""n"":245237,""positive_count"":477,""top_shares"":{""0.001"":0.8906509468435647,""0.01"":1.0},""total"":584.0300568025491,""zero_count"":244760}","{""fraction_for_half_mass"":0.011393060590367685,""gini"":0.9640878437770195,""minimum_count_for_half_mass"":22,""n"":1931,""positive_count"":200,""top_shares"":{""0.01"":0.46822219851912195,""0.05"":0.92442636453417,""0.1"":0.9991619212587851},""total"":4.598661864587,""zero_count"":1731}","{""benchmark_pass_count"":1739,""n"":1931,""quantiles"":{""0.5"":0.0,""0.9"":0.0009306729334704421,""0.99"":0.061648771369203104,""1.0"":0.24254365308905304},""strict_exceedances"":{""0.01"":90,""0.1"":8}}"
9ebc93cc7912bd5d1c929418,zsre,R1_learned_ff,0,104,1000,original,"{""count"":244760,""denominator"":245237,""fraction"":0.9980549427696473}","{""fraction_for_half_mass"":0.00028136047986233723,""gini"":0.9992219819398575,""minimum_count_for_half_mass"":69,""n"":245237,""positive_count"":401,""top_shares"":{""0.001"":0.9207173842005372,""0.01"":1.0000000000000004},""total"":634.6886613573897,""zero_count"":244836}","{""fraction_for_half_mass"":0.00028136047986233723,""gini"":0.9991657436433359,""minimum_count_for_half_mass"":69,""n"":245237,""positive_count"":477,""top_shares"":{""0.001"":0.8906509468435647,""0.01"":1.0},""total"":584.0300568025491,""zero_count"":244760}","{""fraction_for_half_mass"":0.011393060590367685,""gini"":0.9640878437770195,""minimum_count_for_half_mass"":22,""n"":1931,""positive_count"":200,""top_shares"":{""0.01"":0.46822219851912195,""0.05"":0.92442636453417,""0.1"":0.9991619212587851},""total"":4.598661864587,""zero_count"":1731}","{""benchmark_pass_count"":1739,""n"":1931,""quantiles"":{""0.5"":0.0,""0.9"":0.0009306729334704421,""0.99"":0.061648771369203104,""1.0"":0.24254365308905304},""strict_exceedances"":{""0.01"":90,""0.1"":8}}"
ce0d0ffc2a58a60e27c460d9,counterfact,R1_learned_ff,0,100,1000,capoff,"{""count"":244388,""denominator"":245237,""fraction"":0.996538042791259}","{""fraction_for_half_mass"":0.0005015556380154707,""gini"":0.9986001317126882,""minimum_count_for_half_mass"":123,""n"":245237,""positive_count"":739,""top_shares"":{""0.001"":0.7360659032518508,""0.01"":0.9999999999999999},""total"":1496.1173888109918,""zero_count"":244498}","{""fraction_for_half_mass"":0.00048524488555968306,""gini"":0.9986005628317627,""minimum_count_for_half_mass"":119,""n"":245237,""positive_count"":849,""top_shares"":{""0.001"":0.7507877687645002,""0.01"":1.0000000000000002},""total"":1413.8839817673452,""zero_count"":244388}","{""fraction_for_half_mass"":0.03210771620921802,""gini"":0.9102165120021284,""minimum_count_for_half_mass"":62,""n"":1931,""positive_count"":391,""top_shares"":{""0.01"":0.22955938618447919,""0.05"":0.6430781404130063,""0.1"":0.8783685862412328},""total"":11.132944738325554,""zero_count"":1540}","{""benchmark_pass_count"":1554,""n"":1931,""quantiles"":{""0.5"":0.0,""0.9"":0.018243115241404862,""0.99"":0.10131651157575347,""1.0"":0.21540587310670936},""strict_exceedances"":{""0.01"":248,""0.1"":20}}"
ce0d0ffc2a58a60e27c460d9,counterfact,R1_learned_ff,0,100,1000,original,"{""count"":244388,""denominator"":245237,""fraction"":0.996538042791259}","{""fraction_for_half_mass"":0.0005015556380154707,""gini"":0.9986001317126882,""minimum_count_for_half_mass"":123,""n"":245237,""positive_count"":739,""top_shares"":{""0.001"":0.7360659032518508,""0.01"":0.9999999999999999},""total"":1496.1173888109918,""zero_count"":244498}","{""fraction_for_half_mass"":0.00048524488555968306,""gini"":0.9986005628317627,""minimum_count_for_half_mass"":119,""n"":245237,""positive_count"":849,""top_shares"":{""0.001"":0.7507877687645002,""0.01"":1.0000000000000002},""total"":1413.8839817673452,""zero_count"":244388}","{""fraction_for_half_mass"":0.03210771620921802,""gini"":0.9102165120021284,""minimum_count_for_half_mass"":62,""n"":1931,""positive_count"":391,""top_shares"":{""0.01"":0.22955938618447919,""0.05"":0.6430781404130063,""0.1"":0.8783685862412328},""total"":11.132944738325554,""zero_count"":1540}","{""benchmark_pass_count"":1554,""n"":1931,""quantiles"":{""0.5"":0.0,""0.9"":0.018243115241404862,""0.99"":0.10131651157575347,""1.0"":0.21540587310670936},""strict_exceedances"":{""0.01"":248,""0.1"":20}}"
95dfb24c6361b2d38dd60e9b,counterfact,R1_learned_ff,0,101,1000,capoff,"{""count"":244388,""denominator"":245237,""fraction"":0.996538042791259}","{""fraction_for_half_mass"":0.0005015556380154707,""gini"":0.9986001317126882,""minimum_count_for_half_mass"":123,""n"":245237,""positive_count"":739,""top_shares"":{""0.001"":0.7360659032518508,""0.01"":0.9999999999999999},""total"":1496.1173888109918,""zero_count"":244498}","{""fraction_for_half_mass"":0.00048524488555968306,""gini"":0.9986005628317627,""minimum_count_for_half_mass"":119,""n"":245237,""positive_count"":849,""top_shares"":{""0.001"":0.7507877687645002,""0.01"":1.0000000000000002},""total"":1413.8839817673452,""zero_count"":244388}","{""fraction_for_half_mass"":0.03210771620921802,""gini"":0.9102165120021284,""minimum_count_for_half_mass"":62,""n"":1931,""positive_count"":391,""top_shares"":{""0.01"":0.22955938618447919,""0.05"":0.6430781404130063,""0.1"":0.8783685862412328},""total"":11.132944738325554,""zero_count"":1540}","{""benchmark_pass_count"":1554,""n"":1931,""quantiles"":{""0.5"":0.0,""0.9"":0.018243115241404862,""0.99"":0.10131651157575347,""1.0"":0.21540587310670936},""strict_exceedances"":{""0.01"":248,""0.1"":20}}"
95dfb24c6361b2d38dd60e9b,counterfact,R1_learned_ff,0,101,1000,original,"{""count"":244388,""denominator"":245237,""fraction"":0.996538042791259}","{""fraction_for_half_mass"":0.0005015556380154707,""gini"":0.9986001317126882,""minimum_count_for_half_mass"":123,""n"":245237,""positive_count"":739,""top_shares"":{""0.001"":0.7360659032518508,""0.01"":0.9999999999999999},""total"":1496.1173888109918,""zero_count"":244498}","{""fraction_for_half_mass"":0.00048524488555968306,""gini"":0.9986005628317627,""minimum_count_for_half_mass"":119,""n"":245237,""positive_count"":849,""top_shares"":{""0.001"":0.7507877687645002,""0.01"":1.0000000000000002},""total"":1413.8839817673452,""zero_count"":244388}","{""fraction_for_half_mass"":0.03210771620921802,""gini"":0.9102165120021284,""minimum_count_for_half_mass"":62,""n"":1931,""positive_count"":391,""top_shares"":{""0.01"":0.22955938618447919,""0.05"":0.6430781404130063,""0.1"":0.8783685862412328},""total"":11.132944738325554,""zero_count"":1540}","{""benchmark_pass_count"":1554,""n"":1931,""quantiles"":{""0.5"":0.0,""0.9"":0.018243115241404862,""0.99"":0.10131651157575347,""1.0"":0.21540587310670936},""strict_exceedances"":{""0.01"":248,""0.1"":20}}"
6d0915056b1e76d8ee8795ff,counterfact,R1_learned_ff,0,102,1000,capoff,"{""count"":244388,""denominator"":245237,""fraction"":0.996538042791259}","{""fraction_for_half_mass"":0.0005015556380154707,""gini"":0.9986001317126882,""minimum_count_for_half_mass"":123,""n"":245237,""positive_count"":739,""top_shares"":{""0.001"":0.7360659032518508,""0.01"":0.9999999999999999},""total"":1496.1173888109918,""zero_count"":244498}","{""fraction_for_half_mass"":0.00048524488555968306,""gini"":0.9986005628317627,""minimum_count_for_half_mass"":119,""n"":245237,""positive_count"":849,""top_shares"":{""0.001"":0.7507877687645002,""0.01"":1.0000000000000002},""total"":1413.8839817673452,""zero_count"":244388}","{""fraction_for_half_mass"":0.03210771620921802,""gini"":0.9102165120021284,""minimum_count_for_half_mass"":62,""n"":1931,""positive_count"":391,""top_shares"":{""0.01"":0.22955938618447919,""0.05"":0.6430781404130063,""0.1"":0.8783685862412328},""total"":11.132944738325554,""zero_count"":1540}","{""benchmark_pass_count"":1554,""n"":1931,""quantiles"":{""0.5"":0.0,""0.9"":0.018243115241404862,""0.99"":0.10131651157575347,""1.0"":0.21540587310670936},""strict_exceedances"":{""0.01"":248,""0.1"":20}}"
6d0915056b1e76d8ee8795ff,counterfact,R1_learned_ff,0,102,1000,original,"{""count"":244388,""denominator"":245237,""fraction"":0.996538042791259}","{""fraction_for_half_mass"":0.0005015556380154707,""gini"":0.9986001317126882,""minimum_count_for_half_mass"":123,""n"":245237,""positive_count"":739,""top_shares"":{""0.001"":0.7360659032518508,""0.01"":0.9999999999999999},""total"":1496.1173888109918,""zero_count"":244498}","{""fraction_for_half_mass"":0.00048524488555968306,""gini"":0.9986005628317627,""minimum_count_for_half_mass"":119,""n"":245237,""positive_count"":849,""top_shares"":{""0.001"":0.7507877687645002,""0.01"":1.0000000000000002},""total"":1413.8839817673452,""zero_count"":244388}","{""fraction_for_half_mass"":0.03210771620921802,""gini"":0.9102165120021284,""minimum_count_for_half_mass"":62,""n"":1931,""positive_count"":391,""top_shares"":{""0.01"":0.22955938618447919,""0.05"":0.6430781404130063,""0.1"":0.8783685862412328},""total"":11.132944738325554,""zero_count"":1540}","{""benchmark_pass_count"":1554,""n"":1931,""quantiles"":{""0.5"":0.0,""0.9"":0.018243115241404862,""0.99"":0.10131651157575347,""1.0"":0.21540587310670936},""strict_exceedances"":{""0.01"":248,""0.1"":20}}"
7c9675a69d832a772070cb2d,counterfact,R1_learned_ff,0,103,1000,capoff,"{""count"":244388,""denominator"":245237,""fraction"":0.996538042791259}","{""fraction_for_half_mass"":0.0005015556380154707,""gini"":0.9986001317126882,""minimum_count_for_half_mass"":123,""n"":245237,""positive_count"":739,""top_shares"":{""0.001"":0.7360659032518508,""0.01"":0.9999999999999999},""total"":1496.1173888109918,""zero_count"":244498}","{""fraction_for_half_mass"":0.00048524488555968306,""gini"":0.9986005628317627,""minimum_count_for_half_mass"":119,""n"":245237,""positive_count"":849,""top_shares"":{""0.001"":0.7507877687645002,""0.01"":1.0000000000000002},""total"":1413.8839817673452,""zero_count"":244388}","{""fraction_for_half_mass"":0.03210771620921802,""gini"":0.9102165120021284,""minimum_count_for_half_mass"":62,""n"":1931,""positive_count"":391,""top_shares"":{""0.01"":0.22955938618447919,""0.05"":0.6430781404130063,""0.1"":0.8783685862412328},""total"":11.132944738325554,""zero_count"":1540}","{""benchmark_pass_count"":1554,""n"":1931,""quantiles"":{""0.5"":0.0,""0.9"":0.018243115241404862,""0.99"":0.10131651157575347,""1.0"":0.21540587310670936},""strict_exceedances"":{""0.01"":248,""0.1"":20}}"
7c9675a69d832a772070cb2d,counterfact,R1_learned_ff,0,103,1000,original,"{""count"":244388,""denominator"":245237,""fraction"":0.996538042791259}","{""fraction_for_half_mass"":0.0005015556380154707,""gini"":0.9986001317126882,""minimum_count_for_half_mass"":123,""n"":245237,""positive_count"":739,""top_shares"":{""0.001"":0.7360659032518508,""0.01"":0.9999999999999999},""total"":1496.1173888109918,""zero_count"":244498}","{""fraction_for_half_mass"":0.00048524488555968306,""gini"":0.9986005628317627,""minimum_count_for_half_mass"":119,""n"":245237,""positive_count"":849,""top_shares"":{""0.001"":0.7507877687645002,""0.01"":1.0000000000000002},""total"":1413.8839817673452,""zero_count"":244388}","{""fraction_for_half_mass"":0.03210771620921802,""gini"":0.9102165120021284,""minimum_count_for_half_mass"":62,""n"":1931,""positive_count"":391,""top_shares"":{""0.01"":0.22955938618447919,""0.05"":0.6430781404130063,""0.1"":0.8783685862412328},""total"":11.132944738325554,""zero_count"":1540}","{""benchmark_pass_count"":1554,""n"":1931,""quantiles"":{""0.5"":0.0,""0.9"":0.018243115241404862,""0.99"":0.10131651157575347,""1.0"":0.21540587310670936},""strict_exceedances"":{""0.01"":248,""0.1"":20}}"
95016bc16e89cfcccccc40b8,counterfact,R1_learned_ff,0,104,1000,capoff,"{""count"":244388,""denominator"":245237,""fraction"":0.996538042791259}","{""fraction_for_half_mass"":0.0005015556380154707,""gini"":0.9986001317126882,""minimum_count_for_half_mass"":123,""n"":245237,""positive_count"":739,""top_shares"":{""0.001"":0.7360659032518508,""0.01"":0.9999999999999999},""total"":1496.1173888109918,""zero_count"":244498}","{""fraction_for_half_mass"":0.00048524488555968306,""gini"":0.9986005628317627,""minimum_count_for_half_mass"":119,""n"":245237,""positive_count"":849,""top_shares"":{""0.001"":0.7507877687645002,""0.01"":1.0000000000000002},""total"":1413.8839817673452,""zero_count"":244388}","{""fraction_for_half_mass"":0.03210771620921802,""gini"":0.9102165120021284,""minimum_count_for_half_mass"":62,""n"":1931,""positive_count"":391,""top_shares"":{""0.01"":0.22955938618447919,""0.05"":0.6430781404130063,""0.1"":0.8783685862412328},""total"":11.132944738325554,""zero_count"":1540}","{""benchmark_pass_count"":1554,""n"":1931,""quantiles"":{""0.5"":0.0,""0.9"":0.018243115241404862,""0.99"":0.10131651157575347,""1.0"":0.21540587310670936},""strict_exceedances"":{""0.01"":248,""0.1"":20}}"
95016bc16e89cfcccccc40b8,counterfact,R1_learned_ff,0,104,1000,original,"{""count"":244388,""denominator"":245237,""fraction"":0.996538042791259}","{""fraction_for_half_mass"":0.0005015556380154707,""gini"":0.9986001317126882,""minimum_count_for_half_mass"":123,""n"":245237,""positive_count"":739,""top_shares"":{""0.001"":0.7360659032518508,""0.01"":0.9999999999999999},""total"":1496.1173888109918,""zero_count"":244498}","{""fraction_for_half_mass"":0.00048524488555968306,""gini"":0.9986005628317627,""minimum_count_for_half_mass"":119,""n"":245237,""positive_count"":849,""top_shares"":{""0.001"":0.7507877687645002,""0.01"":1.0000000000000002},""total"":1413.8839817673452,""zero_count"":244388}","{""fraction_for_half_mass"":0.03210771620921802,""gini"":0.9102165120021284,""minimum_count_for_half_mass"":62,""n"":1931,""positive_count"":391,""top_shares"":{""0.01"":0.22955938618447919,""0.05"":0.6430781404130063,""0.1"":0.8783685862412328},""total"":11.132944738325554,""zero_count"":1540}","{""benchmark_pass_count"":1554,""n"":1931,""quantiles"":{""0.5"":0.0,""0.9"":0.018243115241404862,""0.99"":0.10131651157575347,""1.0"":0.21540587310670936},""strict_exceedances"":{""0.01"":248,""0.1"":20}}"
43925e53c31860219a85ef90,mquake,R1_learned_ff,0,100,300,capoff,"{""count"":244224,""denominator"":245237,""fraction"":0.9958693019405718}","{""fraction_for_half_mass"":0.0007543723010801796,""gini"":0.9980940852388837,""minimum_count_for_half_mass"":185,""n"":245237,""positive_count"":893,""top_shares"":{""0.001"":0.6057728458891797,""0.01"":0.9999999999999999},""total"":1791.7890758037233,""zero_count"":244344}","{""fraction_for_half_mass"":0.0007421392367383388,""gini"":0.998090813996161,""minimum_count_for_half_mass"":182,""n"":245237,""positive_count"":1013,""top_shares"":{""0.001"":0.6140246055096472,""0.01"":1.0},""total"":1746.906979260669,""zero_count"":244224}","{""fraction_for_half_mass"":0.02641118591403418,""gini"":0.9176575399767658,""minimum_count_for_half_mass"":51,""n"":1931,""positive_count"":398,""top_shares"":{""0.01"":0.3044571401623405,""0.05"":0.6781311421340276,""0.1"":0.8848968138794439},""total"":13.755173065044637,""zero_count"":1533}","{""benchmark_pass_count"":1548,""n"":1931,""quantiles"":{""0.5"":0.0,""0.9"":0.019760858964237727,""0.99"":0.1146512123892884,""1.0"":0.47348704111367634},""strict_exceedances"":{""0.01"":262,""0.1"":24}}"
43925e53c31860219a85ef90,mquake,R1_learned_ff,0,100,300,original,"{""count"":244224,""denominator"":245237,""fraction"":0.9958693019405718}","{""fraction_for_half_mass"":0.0007543723010801796,""gini"":0.9980940852388837,""minimum_count_for_half_mass"":185,""n"":245237,""positive_count"":893,""top_shares"":{""0.001"":0.6057728458891797,""0.01"":0.9999999999999999},""total"":1791.7890758037233,""zero_count"":244344}","{""fraction_for_half_mass"":0.0007421392367383388,""gini"":0.998090813996161,""minimum_count_for_half_mass"":182,""n"":245237,""positive_count"":1013,""top_shares"":{""0.001"":0.6140246055096472,""0.01"":1.0},""total"":1746.906979260669,""zero_count"":244224}","{""fraction_for_half_mass"":0.02641118591403418,""gini"":0.9176575399767658,""minimum_count_for_half_mass"":51,""n"":1931,""positive_count"":398,""top_shares"":{""0.01"":0.3044571401623405,""0.05"":0.6781311421340276,""0.1"":0.8848968138794439},""total"":13.755173065044637,""zero_count"":1533}","{""benchmark_pass_count"":1548,""n"":1931,""quantiles"":{""0.5"":0.0,""0.9"":0.019760858964237727,""0.99"":0.1146512123892884,""1.0"":0.47348704111367634},""strict_exceedances"":{""0.01"":262,""0.1"":24}}"
c29ee18fb21ba6b387ede6e8,mquake,R1_learned_ff,0,101,300,capoff,"{""count"":244224,""denominator"":245237,""fraction"":0.9958693019405718}","{""fraction_for_half_mass"":0.0007543723010801796,""gini"":0.9980940852388837,""minimum_count_for_half_mass"":185,""n"":245237,""positive_count"":893,""top_shares"":{""0.001"":0.6057728458891797,""0.01"":0.9999999999999999},""total"":1791.7890758037233,""zero_count"":244344}","{""fraction_for_half_mass"":0.0007421392367383388,""gini"":0.998090813996161,""minimum_count_for_half_mass"":182,""n"":245237,""positive_count"":1013,""top_shares"":{""0.001"":0.6140246055096472,""0.01"":1.0},""total"":1746.906979260669,""zero_count"":244224}","{""fraction_for_half_mass"":0.02641118591403418,""gini"":0.9176575399767658,""minimum_count_for_half_mass"":51,""n"":1931,""positive_count"":398,""top_shares"":{""0.01"":0.3044571401623405,""0.05"":0.6781311421340276,""0.1"":0.8848968138794439},""total"":13.755173065044637,""zero_count"":1533}","{""benchmark_pass_count"":1548,""n"":1931,""quantiles"":{""0.5"":0.0,""0.9"":0.019760858964237727,""0.99"":0.1146512123892884,""1.0"":0.47348704111367634},""strict_exceedances"":{""0.01"":262,""0.1"":24}}"
c29ee18fb21ba6b387ede6e8,mquake,R1_learned_ff,0,101,300,original,"{""count"":244224,""denominator"":245237,""fraction"":0.9958693019405718}","{""fraction_for_half_mass"":0.0007543723010801796,""gini"":0.9980940852388837,""minimum_count_for_half_mass"":185,""n"":245237,""positive_count"":893,""top_shares"":{""0.001"":0.6057728458891797,""0.01"":0.9999999999999999},""total"":1791.7890758037233,""zero_count"":244344}","{""fraction_for_half_mass"":0.0007421392367383388,""gini"":0.998090813996161,""minimum_count_for_half_mass"":182,""n"":245237,""positive_count"":1013,""top_shares"":{""0.001"":0.6140246055096472,""0.01"":1.0},""total"":1746.906979260669,""zero_count"":244224}","{""fraction_for_half_mass"":0.02641118591403418,""gini"":0.9176575399767658,""minimum_count_for_half_mass"":51,""n"":1931,""positive_count"":398,""top_shares"":{""0.01"":0.3044571401623405,""0.05"":0.6781311421340276,""0.1"":0.8848968138794439},""total"":13.755173065044637,""zero_count"":1533}","{""benchmark_pass_count"":1548,""n"":1931,""quantiles"":{""0.5"":0.0,""0.9"":0.019760858964237727,""0.99"":0.1146512123892884,""1.0"":0.47348704111367634},""strict_exceedances"":{""0.01"":262,""0.1"":24}}"
54879da4dcdb0f106f98080a,mquake,R1_learned_ff,0,102,300,capoff,"{""count"":244224,""denominator"":245237,""fraction"":0.9958693019405718}","{""fraction_for_half_mass"":0.0007543723010801796,""gini"":0.9980940852388837,""minimum_count_for_half_mass"":185,""n"":245237,""positive_count"":893,""top_shares"":{""0.001"":0.6057728458891797,""0.01"":0.9999999999999999},""total"":1791.7890758037233,""zero_count"":244344}","{""fraction_for_half_mass"":0.0007421392367383388,""gini"":0.998090813996161,""minimum_count_for_half_mass"":182,""n"":245237,""positive_count"":1013,""top_shares"":{""0.001"":0.6140246055096472,""0.01"":1.0},""total"":1746.906979260669,""zero_count"":244224}","{""fraction_for_half_mass"":0.02641118591403418,""gini"":0.9176575399767658,""minimum_count_for_half_mass"":51,""n"":1931,""positive_count"":398,""top_shares"":{""0.01"":0.3044571401623405,""0.05"":0.6781311421340276,""0.1"":0.8848968138794439},""total"":13.755173065044637,""zero_count"":1533}","{""benchmark_pass_count"":1548,""n"":1931,""quantiles"":{""0.5"":0.0,""0.9"":0.019760858964237727,""0.99"":0.1146512123892884,""1.0"":0.47348704111367634},""strict_exceedances"":{""0.01"":262,""0.1"":24}}"
54879da4dcdb0f106f98080a,mquake,R1_learned_ff,0,102,300,original,"{""count"":244224,""denominator"":245237,""fraction"":0.9958693019405718}","{""fraction_for_half_mass"":0.0007543723010801796,""gini"":0.9980940852388837,""minimum_count_for_half_mass"":185,""n"":245237,""positive_count"":893,""top_shares"":{""0.001"":0.6057728458891797,""0.01"":0.9999999999999999},""total"":1791.7890758037233,""zero_count"":244344}","{""fraction_for_half_mass"":0.0007421392367383388,""gini"":0.998090813996161,""minimum_count_for_half_mass"":182,""n"":245237,""positive_count"":1013,""top_shares"":{""0.001"":0.6140246055096472,""0.01"":1.0},""total"":1746.906979260669,""zero_count"":244224}","{""fraction_for_half_mass"":0.02641118591403418,""gini"":0.9176575399767658,""minimum_count_for_half_mass"":51,""n"":1931,""positive_count"":398,""top_shares"":{""0.01"":0.3044571401623405,""0.05"":0.6781311421340276,""0.1"":0.8848968138794439},""total"":13.755173065044637,""zero_count"":1533}","{""benchmark_pass_count"":1548,""n"":1931,""quantiles"":{""0.5"":0.0,""0.9"":0.019760858964237727,""0.99"":0.1146512123892884,""1.0"":0.47348704111367634},""strict_exceedances"":{""0.01"":262,""0.1"":24}}"
78ebbc03946239c1d637154c,mquake,R1_learned_ff,0,103,300,capoff,"{""count"":244224,""denominator"":245237,""fraction"":0.9958693019405718}","{""fraction_for_half_mass"":0.0007543723010801796,""gini"":0.9980940852388837,""minimum_count_for_half_mass"":185,""n"":245237,""positive_count"":893,""top_shares"":{""0.001"":0.6057728458891797,""0.01"":0.9999999999999999},""total"":1791.7890758037233,""zero_count"":244344}","{""fraction_for_half_mass"":0.0007421392367383388,""gini"":0.998090813996161,""minimum_count_for_half_mass"":182,""n"":245237,""positive_count"":1013,""top_shares"":{""0.001"":0.6140246055096472,""0.01"":1.0},""total"":1746.906979260669,""zero_count"":244224}","{""fraction_for_half_mass"":0.02641118591403418,""gini"":0.9176575399767658,""minimum_count_for_half_mass"":51,""n"":1931,""positive_count"":398,""top_shares"":{""0.01"":0.3044571401623405,""0.05"":0.6781311421340276,""0.1"":0.8848968138794439},""total"":13.755173065044637,""zero_count"":1533}","{""benchmark_pass_count"":1548,""n"":1931,""quantiles"":{""0.5"":0.0,""0.9"":0.019760858964237727,""0.99"":0.1146512123892884,""1.0"":0.47348704111367634},""strict_exceedances"":{""0.01"":262,""0.1"":24}}"
78ebbc03946239c1d637154c,mquake,R1_learned_ff,0,103,300,original,"{""count"":244224,""denominator"":245237,""fraction"":0.9958693019405718}","{""fraction_for_half_mass"":0.0007543723010801796,""gini"":0.9980940852388837,""minimum_count_for_half_mass"":185,""n"":245237,""positive_count"":893,""top_shares"":{""0.001"":0.6057728458891797,""0.01"":0.9999999999999999},""total"":1791.7890758037233,""zero_count"":244344}","{""fraction_for_half_mass"":0.0007421392367383388,""gini"":0.998090813996161,""minimum_count_for_half_mass"":182,""n"":245237,""positive_count"":1013,""top_shares"":{""0.001"":0.6140246055096472,""0.01"":1.0},""total"":1746.906979260669,""zero_count"":244224}","{""fraction_for_half_mass"":0.02641118591403418,""gini"":0.9176575399767658,""minimum_count_for_half_mass"":51,""n"":1931,""positive_count"":398,""top_shares"":{""0.01"":0.3044571401623405,""0.05"":0.6781311421340276,""0.1"":0.8848968138794439},""total"":13.755173065044637,""zero_count"":1533}","{""benchmark_pass_count"":1548,""n"":1931,""quantiles"":{""0.5"":0.0,""0.9"":0.019760858964237727,""0.99"":0.1146512123892884,""1.0"":0.47348704111367634},""strict_exceedances"":{""0.01"":262,""0.1"":24}}"
b1d1e53944241333ec5603d4,mquake,R1_learned_ff,0,104,300,capoff,"{""count"":244224,""denominator"":245237,""fraction"":0.9958693019405718}","{""fraction_for_half_mass"":0.0007543723010801796,""gini"":0.9980940852388837,""minimum_count_for_half_mass"":185,""n"":245237,""positive_count"":893,""top_shares"":{""0.001"":0.6057728458891797,""0.01"":0.9999999999999999},""total"":1791.7890758037233,""zero_count"":244344}","{""fraction_for_half_mass"":0.0007421392367383388,""gini"":0.998090813996161,""minimum_count_for_half_mass"":182,""n"":245237,""positive_count"":1013,""top_shares"":{""0.001"":0.6140246055096472,""0.01"":1.0},""total"":1746.906979260669,""zero_count"":244224}","{""fraction_for_half_mass"":0.02641118591403418,""gini"":0.9176575399767658,""minimum_count_for_half_mass"":51,""n"":1931,""positive_count"":398,""top_shares"":{""0.01"":0.3044571401623405,""0.05"":0.6781311421340276,""0.1"":0.8848968138794439},""total"":13.755173065044637,""zero_count"":1533}","{""benchmark_pass_count"":1548,""n"":1931,""quantiles"":{""0.5"":0.0,""0.9"":0.019760858964237727,""0.99"":0.1146512123892884,""1.0"":0.47348704111367634},""strict_exceedances"":{""0.01"":262,""0.1"":24}}"
b1d1e53944241333ec5603d4,mquake,R1_learned_ff,0,104,300,original,"{""count"":244224,""denominator"":245237,""fraction"":0.9958693019405718}","{""fraction_for_half_mass"":0.0007543723010801796,""gini"":0.9980940852388837,""minimum_count_for_half_mass"":185,""n"":245237,""positive_count"":893,""top_shares"":{""0.001"":0.6057728458891797,""0.01"":0.9999999999999999},""total"":1791.7890758037233,""zero_count"":244344}","{""fraction_for_half_mass"":0.0007421392367383388,""gini"":0.998090813996161,""minimum_count_for_half_mass"":182,""n"":245237,""positive_count"":1013,""top_shares"":{""0.001"":0.6140246055096472,""0.01"":1.0},""total"":1746.906979260669,""zero_count"":244224}","{""fraction_for_half_mass"":0.02641118591403418,""gini"":0.9176575399767658,""minimum_count_for_half_mass"":51,""n"":1931,""positive_count"":398,""top_shares"":{""0.01"":0.3044571401623405,""0.05"":0.6781311421340276,""0.1"":0.8848968138794439},""total"":13.755173065044637,""zero_count"":1533}","{""benchmark_pass_count"":1548,""n"":1931,""quantiles"":{""0.5"":0.0,""0.9"":0.019760858964237727,""0.99"":0.1146512123892884,""1.0"":0.47348704111367634},""strict_exceedances"":{""0.01"":262,""0.1"":24}}"
f3dbf1a3d5860a628e7d68ef,zsre,R1_nonlearned,0,100,1000,capoff,"{""count"":245179,""denominator"":245237,""fraction"":0.999763494089391}","{""fraction_for_half_mass"":4.8932257367363e-05,""gini"":0.9998863289023867,""minimum_count_for_half_mass"":12,""n"":245237,""positive_count"":54,""top_shares"":{""0.001"":1.0,""0.01"":1.0},""total"":79.61190882404618,""zero_count"":245183}","{""fraction_for_half_mass"":5.708763359525683e-05,""gini"":0.9998579631048381,""minimum_count_for_half_mass"":14,""n"":245237,""positive_count"":58,""top_shares"":{""0.001"":1.0,""0.01"":1.0},""total"":77.14775737390534,""zero_count"":245179}","{""fraction_for_half_mass"":0.0072501294665976174,""gini"":0.9819613143144336,""minimum_count_for_half_mass"":14,""n"":1931,""positive_count"":58,""top_shares"":{""0.01"":0.6318584791104552,""0.05"":1.0,""0.1"":1.0},""total"":0.6074626564874436,""zero_count"":1873}","{""benchmark_pass_count"":1875,""n"":1931,""quantiles"":{""0.5"":0.0,""0.9"":0.0,""0.99"":0.01147696018986467,""1.0"":0.029360291433757957},""strict_exceedances"":{""0.01"":24,""0.1"":0}}"
f3dbf1a3d5860a628e7d68ef,zsre,R1_nonlearned,0,100,1000,original,"{""count"":245179,""denominator"":245237,""fraction"":0.999763494089391}","{""fraction_for_half_mass"":4.8932257367363e-05,""gini"":0.9998863289023867,""minimum_count_for_half_mass"":12,""n"":245237,""positive_count"":54,""top_shares"":{""0.001"":1.0,""0.01"":1.0},""total"":79.61190882404618,""zero_count"":245183}","{""fraction_for_half_mass"":5.708763359525683e-05,""gini"":0.9998579631048381,""minimum_count_for_half_mass"":14,""n"":245237,""positive_count"":58,""top_shares"":{""0.001"":1.0,""0.01"":1.0},""total"":77.14775737390534,""zero_count"":245179}","{""fraction_for_half_mass"":0.0072501294665976174,""gini"":0.9819613143144336,""minimum_count_for_half_mass"":14,""n"":1931,""positive_count"":58,""top_shares"":{""0.01"":0.6318584791104552,""0.05"":1.0,""0.1"":1.0},""total"":0.6074626564874436,""zero_count"":1873}","{""benchmark_pass_count"":1875,""n"":1931,""quantiles"":{""0.5"":0.0,""0.9"":0.0,""0.99"":0.01147696018986467,""1.0"":0.029360291433757957},""strict_exceedances"":{""0.01"":24,""0.1"":0}}"
be44dfb501724b72adcbd747,zsre,R1_nonlearned,0,101,1000,capoff,"{""count"":245179,""denominator"":245237,""fraction"":0.999763494089391}","{""fraction_for_half_mass"":4.8932257367363e-05,""gini"":0.9998863289023867,""minimum_count_for_half_mass"":12,""n"":245237,""positive_count"":54,""top_shares"":{""0.001"":1.0,""0.01"":1.0},""total"":79.61190882404618,""zero_count"":245183}","{""fraction_for_half_mass"":5.708763359525683e-05,""gini"":0.9998579631048381,""minimum_count_for_half_mass"":14,""n"":245237,""positive_count"":58,""top_shares"":{""0.001"":1.0,""0.01"":1.0},""total"":77.14775737390534,""zero_count"":245179}","{""fraction_for_half_mass"":0.0072501294665976174,""gini"":0.9819613143144336,""minimum_count_for_half_mass"":14,""n"":1931,""positive_count"":58,""top_shares"":{""0.01"":0.6318584791104552,""0.05"":1.0,""0.1"":1.0},""total"":0.6074626564874436,""zero_count"":1873}","{""benchmark_pass_count"":1875,""n"":1931,""quantiles"":{""0.5"":0.0,""0.9"":0.0,""0.99"":0.01147696018986467,""1.0"":0.029360291433757957},""strict_exceedances"":{""0.01"":24,""0.1"":0}}"
be44dfb501724b72adcbd747,zsre,R1_nonlearned,0,101,1000,original,"{""count"":245179,""denominator"":245237,""fraction"":0.999763494089391}","{""fraction_for_half_mass"":4.8932257367363e-05,""gini"":0.9998863289023867,""minimum_count_for_half_mass"":12,""n"":245237,""positive_count"":54,""top_shares"":{""0.001"":1.0,""0.01"":1.0},""total"":79.61190882404618,""zero_count"":245183}","{""fraction_for_half_mass"":5.708763359525683e-05,""gini"":0.9998579631048381,""minimum_count_for_half_mass"":14,""n"":245237,""positive_count"":58,""top_shares"":{""0.001"":1.0,""0.01"":1.0},""total"":77.14775737390534,""zero_count"":245179}","{""fraction_for_half_mass"":0.0072501294665976174,""gini"":0.9819613143144336,""minimum_count_for_half_mass"":14,""n"":1931,""positive_count"":58,""top_shares"":{""0.01"":0.6318584791104552,""0.05"":1.0,""0.1"":1.0},""total"":0.6074626564874436,""zero_count"":1873}","{""benchmark_pass_count"":1875,""n"":1931,""quantiles"":{""0.5"":0.0,""0.9"":0.0,""0.99"":0.01147696018986467,""1.0"":0.029360291433757957},""strict_exceedances"":{""0.01"":24,""0.1"":0}}"
5263d61e569d7cb4ceb4e617,zsre,R1_nonlearned,0,102,1000,capoff,"{""count"":245179,""denominator"":245237,""fraction"":0.999763494089391}","{""fraction_for_half_mass"":4.8932257367363e-05,""gini"":0.9998863289023867,""minimum_count_for_half_mass"":12,""n"":245237,""positive_count"":54,""top_shares"":{""0.001"":1.0,""0.01"":1.0},""total"":79.61190882404618,""zero_count"":245183}","{""fraction_for_half_mass"":5.708763359525683e-05,""gini"":0.9998579631048381,""minimum_count_for_half_mass"":14,""n"":245237,""positive_count"":58,""top_shares"":{""0.001"":1.0,""0.01"":1.0},""total"":77.14775737390534,""zero_count"":245179}","{""fraction_for_half_mass"":0.0072501294665976174,""gini"":0.9819613143144336,""minimum_count_for_half_mass"":14,""n"":1931,""positive_count"":58,""top_shares"":{""0.01"":0.6318584791104552,""0.05"":1.0,""0.1"":1.0},""total"":0.6074626564874436,""zero_count"":1873}","{""benchmark_pass_count"":1875,""n"":1931,""quantiles"":{""0.5"":0.0,""0.9"":0.0,""0.99"":0.01147696018986467,""1.0"":0.029360291433757957},""strict_exceedances"":{""0.01"":24,""0.1"":0}}"
5263d61e569d7cb4ceb4e617,zsre,R1_nonlearned,0,102,1000,original,"{""count"":245179,""denominator"":245237,""fraction"":0.999763494089391}","{""fraction_for_half_mass"":4.8932257367363e-05,""gini"":0.9998863289023867,""minimum_count_for_half_mass"":12,""n"":245237,""positive_count"":54,""top_shares"":{""0.001"":1.0,""0.01"":1.0},""total"":79.61190882404618,""zero_count"":245183}","{""fraction_for_half_mass"":5.708763359525683e-05,""gini"":0.9998579631048381,""minimum_count_for_half_mass"":14,""n"":245237,""positive_count"":58,""top_shares"":{""0.001"":1.0,""0.01"":1.0},""total"":77.14775737390534,""zero_count"":245179}","{""fraction_for_half_mass"":0.0072501294665976174,""gini"":0.9819613143144336,""minimum_count_for_half_mass"":14,""n"":1931,""positive_count"":58,""top_shares"":{""0.01"":0.6318584791104552,""0.05"":1.0,""0.1"":1.0},""total"":0.6074626564874436,""zero_count"":1873}","{""benchmark_pass_count"":1875,""n"":1931,""quantiles"":{""0.5"":0.0,""0.9"":0.0,""0.99"":0.01147696018986467,""1.0"":0.029360291433757957},""strict_exceedances"":{""0.01"":24,""0.1"":0}}"
81b1e9cb4e216a6cd1cd565a,zsre,R1_nonlearned,0,103,1000,capoff,"{""count"":245179,""denominator"":245237,""fraction"":0.999763494089391}","{""fraction_for_half_mass"":4.8932257367363e-05,""gini"":0.9998863289023867,""minimum_count_for_half_mass"":12,""n"":245237,""positive_count"":54,""top_shares"":{""0.001"":1.0,""0.01"":1.0},""total"":79.61190882404618,""zero_count"":245183}","{""fraction_for_half_mass"":5.708763359525683e-05,""gini"":0.9998579631048381,""minimum_count_for_half_mass"":14,""n"":245237,""positive_count"":58,""top_shares"":{""0.001"":1.0,""0.01"":1.0},""total"":77.14775737390534,""zero_count"":245179}","{""fraction_for_half_mass"":0.0072501294665976174,""gini"":0.9819613143144336,""minimum_count_for_half_mass"":14,""n"":1931,""positive_count"":58,""top_shares"":{""0.01"":0.6318584791104552,""0.05"":1.0,""0.1"":1.0},""total"":0.6074626564874436,""zero_count"":1873}","{""benchmark_pass_count"":1875,""n"":1931,""quantiles"":{""0.5"":0.0,""0.9"":0.0,""0.99"":0.01147696018986467,""1.0"":0.029360291433757957},""strict_exceedances"":{""0.01"":24,""0.1"":0}}"
81b1e9cb4e216a6cd1cd565a,zsre,R1_nonlearned,0,103,1000,original,"{""count"":245179,""denominator"":245237,""fraction"":0.999763494089391}","{""fraction_for_half_mass"":4.8932257367363e-05,""gini"":0.9998863289023867,""minimum_count_for_half_mass"":12,""n"":245237,""positive_count"":54,""top_shares"":{""0.001"":1.0,""0.01"":1.0},""total"":79.61190882404618,""zero_count"":245183}","{""fraction_for_half_mass"":5.708763359525683e-05,""gini"":0.9998579631048381,""minimum_count_for_half_mass"":14,""n"":245237,""positive_count"":58,""top_shares"":{""0.001"":1.0,""0.01"":1.0},""total"":77.14775737390534,""zero_count"":245179}","{""fraction_for_half_mass"":0.0072501294665976174,""gini"":0.9819613143144336,""minimum_count_for_half_mass"":14,""n"":1931,""positive_count"":58,""top_shares"":{""0.01"":0.6318584791104552,""0.05"":1.0,""0.1"":1.0},""total"":0.6074626564874436,""zero_count"":1873}","{""benchmark_pass_count"":1875,""n"":1931,""quantiles"":{""0.5"":0.0,""0.9"":0.0,""0.99"":0.01147696018986467,""1.0"":0.029360291433757957},""strict_exceedances"":{""0.01"":24,""0.1"":0}}"
deb5f473d9ca2ed544926204,zsre,R1_nonlearned,0,104,1000,capoff,"{""count"":245179,""denominator"":245237,""fraction"":0.999763494089391}","{""fraction_for_half_mass"":4.8932257367363e-05,""gini"":0.9998863289023867,""minimum_count_for_half_mass"":12,""n"":245237,""positive_count"":54,""top_shares"":{""0.001"":1.0,""0.01"":1.0},""total"":79.61190882404618,""zero_count"":245183}","{""fraction_for_half_mass"":5.708763359525683e-05,""gini"":0.9998579631048381,""minimum_count_for_half_mass"":14,""n"":245237,""positive_count"":58,""top_shares"":{""0.001"":1.0,""0.01"":1.0},""total"":77.14775737390534,""zero_count"":245179}","{""fraction_for_half_mass"":0.0072501294665976174,""gini"":0.9819613143144336,""minimum_count_for_half_mass"":14,""n"":1931,""positive_count"":58,""top_shares"":{""0.01"":0.6318584791104552,""0.05"":1.0,""0.1"":1.0},""total"":0.6074626564874436,""zero_count"":1873}","{""benchmark_pass_count"":1875,""n"":1931,""quantiles"":{""0.5"":0.0,""0.9"":0.0,""0.99"":0.01147696018986467,""1.0"":0.029360291433757957},""strict_exceedances"":{""0.01"":24,""0.1"":0}}"
deb5f473d9ca2ed544926204,zsre,R1_nonlearned,0,104,1000,original,"{""count"":245179,""denominator"":245237,""fraction"":0.999763494089391}","{""fraction_for_half_mass"":4.8932257367363e-05,""gini"":0.9998863289023867,""minimum_count_for_half_mass"":12,""n"":245237,""positive_count"":54,""top_shares"":{""0.001"":1.0,""0.01"":1.0},""total"":79.61190882404618,""zero_count"":245183}","{""fraction_for_half_mass"":5.708763359525683e-05,""gini"":0.9998579631048381,""minimum_count_for_half_mass"":14,""n"":245237,""positive_count"":58,""top_shares"":{""0.001"":1.0,""0.01"":1.0},""total"":77.14775737390534,""zero_count"":245179}","{""fraction_for_half_mass"":0.0072501294665976174,""gini"":0.9819613143144336,""minimum_count_for_half_mass"":14,""n"":1931,""positive_count"":58,""top_shares"":{""0.01"":0.6318584791104552,""0.05"":1.0,""0.1"":1.0},""total"":0.6074626564874436,""zero_count"":1873}","{""benchmark_pass_count"":1875,""n"":1931,""quantiles"":{""0.5"":0.0,""0.9"":0.0,""0.99"":0.01147696018986467,""1.0"":0.029360291433757957},""strict_exceedances"":{""0.01"":24,""0.1"":0}}"
0b6ade77641a02c1c85574b0,counterfact,R1_nonlearned,0,100,1000,capoff,"{""count"":240530,""denominator"":245237,""fraction"":0.9808063220476518}","{""fraction_for_half_mass"":0.0043916700987208296,""gini"":0.9892932405478617,""minimum_count_for_half_mass"":1077,""n"":245237,""positive_count"":4433,""top_shares"":{""0.001"":0.1595824318344481,""0.01"":0.8350173873998603},""total"":14753.162572071136,""zero_count"":240804}","{""fraction_for_half_mass"":0.0045792437519623875,""gini"":0.9888629469240796,""minimum_count_for_half_mass"":1123,""n"":245237,""positive_count"":4707,""top_shares"":{""0.001"":0.15192142909281023,""0.01"":0.8213894009342435},""total"":14660.106297625429,""zero_count"":240530}","{""fraction_for_half_mass"":0.21336095287415846,""gini"":0.4708338467634167,""minimum_count_for_half_mass"":412,""n"":1931,""positive_count"":1720,""top_shares"":{""0.01"":0.04719546129808517,""0.05"":0.17317113511852175,""0.1"":0.29065614817211133},""total"":115.43390785531834,""zero_count"":211}","{""benchmark_pass_count"":216,""n"":1931,""quantiles"":{""0.5"":0.04837495825686026,""0.9"":0.12995996505609433,""0.99"":0.2361128093612281,""1.0"":0.4024039333799878},""strict_exceedances"":{""0.01"":1592,""0.1"":378}}"
0b6ade77641a02c1c85574b0,counterfact,R1_nonlearned,0,100,1000,original,"{""count"":240530,""denominator"":245237,""fraction"":0.9808063220476518}","{""fraction_for_half_mass"":0.0043916700987208296,""gini"":0.9892932405478617,""minimum_count_for_half_mass"":1077,""n"":245237,""positive_count"":4433,""top_shares"":{""0.001"":0.1595824318344481,""0.01"":0.8350173873998603},""total"":14753.162572071136,""zero_count"":240804}","{""fraction_for_half_mass"":0.0045792437519623875,""gini"":0.9888629469240796,""minimum_count_for_half_mass"":1123,""n"":245237,""positive_count"":4707,""top_shares"":{""0.001"":0.15192142909281023,""0.01"":0.8213894009342435},""total"":14660.106297625429,""zero_count"":240530}","{""fraction_for_half_mass"":0.21336095287415846,""gini"":0.4708338467634167,""minimum_count_for_half_mass"":412,""n"":1931,""positive_count"":1720,""top_shares"":{""0.01"":0.04719546129808517,""0.05"":0.17317113511852175,""0.1"":0.29065614817211133},""total"":115.43390785531834,""zero_count"":211}","{""benchmark_pass_count"":216,""n"":1931,""quantiles"":{""0.5"":0.04837495825686026,""0.9"":0.12995996505609433,""0.99"":0.2361128093612281,""1.0"":0.4024039333799878},""strict_exceedances"":{""0.01"":1592,""0.1"":378}}"
ee67c592789829e7dd808ede,counterfact,R1_nonlearned,0,101,1000,capoff,"{""count"":240530,""denominator"":245237,""fraction"":0.9808063220476518}","{""fraction_for_half_mass"":0.0043916700987208296,""gini"":0.9892929557285219,""minimum_count_for_half_mass"":1077,""n"":245237,""positive_count"":4434,""top_shares"":{""0.001"":0.15958061337549465,""0.01"":0.8350078722870314},""total"":14753.330687859161,""zero_count"":240803}","{""fraction_for_half_mass"":0.0045792437519623875,""gini"":0.9888624382495462,""minimum_count_for_half_mass"":1123,""n"":245237,""positive_count"":4707,""top_shares"":{""0.001"":0.1519182923753237,""0.01"":0.8213724417303145},""total"":14660.408990678774,""zero_count"":240530}","{""fraction_for_half_mass"":0.21336095287415846,""gini"":0.47082308024532693,""minimum_count_for_half_mass"":412,""n"":1931,""positive_count"":1720,""top_shares"":{""0.01"":0.047194486854719137,""0.05"":0.17316755965895078,""0.1"":0.2906501470027702},""total"":115.43629126518718,""zero_count"":211}","{""benchmark_pass_count"":216,""n"":1931,""quantiles"":{""0.5"":0.04837495825686026,""0.9"":0.12995996505609433,""0.99"":0.2361128093612281,""1.0"":0.4024039333799878},""strict_exceedances"":{""0.01"":1592,""0.1"":378}}"
ee67c592789829e7dd808ede,counterfact,R1_nonlearned,0,101,1000,original,"{""count"":240530,""denominator"":245237,""fraction"":0.9808063220476518}","{""fraction_for_half_mass"":0.0043916700987208296,""gini"":0.9892929557285219,""minimum_count_for_half_mass"":1077,""n"":245237,""positive_count"":4434,""top_shares"":{""0.001"":0.15958061337549465,""0.01"":0.8350078722870314},""total"":14753.330687859161,""zero_count"":240803}","{""fraction_for_half_mass"":0.0045792437519623875,""gini"":0.9888624382495462,""minimum_count_for_half_mass"":1123,""n"":245237,""positive_count"":4707,""top_shares"":{""0.001"":0.1519182923753237,""0.01"":0.8213724417303145},""total"":14660.408990678774,""zero_count"":240530}","{""fraction_for_half_mass"":0.21336095287415846,""gini"":0.47082308024532693,""minimum_count_for_half_mass"":412,""n"":1931,""positive_count"":1720,""top_shares"":{""0.01"":0.047194486854719137,""0.05"":0.17316755965895078,""0.1"":0.2906501470027702},""total"":115.43629126518718,""zero_count"":211}","{""benchmark_pass_count"":216,""n"":1931,""quantiles"":{""0.5"":0.04837495825686026,""0.9"":0.12995996505609433,""0.99"":0.2361128093612281,""1.0"":0.4024039333799878},""strict_exceedances"":{""0.01"":1592,""0.1"":378}}"
8be432675ed4dc57f9108bd4,counterfact,R1_nonlearned,0,102,1000,capoff,"{""count"":240530,""denominator"":245237,""fraction"":0.9808063220476518}","{""fraction_for_half_mass"":0.0043916700987208296,""gini"":0.9892932405478617,""minimum_count_for_half_mass"":1077,""n"":245237,""positive_count"":4433,""top_shares"":{""0.001"":0.1595824318344481,""0.01"":0.8350173873998603},""total"":14753.162572071136,""zero_count"":240804}","{""fraction_for_half_mass"":0.0045792437519623875,""gini"":0.9888629469240796,""minimum_count_for_half_mass"":1123,""n"":245237,""positive_count"":4707,""top_shares"":{""0.001"":0.15192142909281023,""0.01"":0.8213894009342435},""total"":14660.106297625429,""zero_count"":240530}","{""fraction_for_half_mass"":0.21336095287415846,""gini"":0.4708338467634167,""minimum_count_for_half_mass"":412,""n"":1931,""positive_count"":1720,""top_shares"":{""0.01"":0.04719546129808517,""0.05"":0.17317113511852175,""0.1"":0.29065614817211133},""total"":115.43390785531834,""zero_count"":211}","{""benchmark_pass_count"":216,""n"":1931,""quantiles"":{""0.5"":0.04837495825686026,""0.9"":0.12995996505609433,""0.99"":0.2361128093612281,""1.0"":0.4024039333799878},""strict_exceedances"":{""0.01"":1592,""0.1"":378}}"
8be432675ed4dc57f9108bd4,counterfact,R1_nonlearned,0,102,1000,original,"{""count"":240530,""denominator"":245237,""fraction"":0.9808063220476518}","{""fraction_for_half_mass"":0.0043916700987208296,""gini"":0.9892932405478617,""minimum_count_for_half_mass"":1077,""n"":245237,""positive_count"":4433,""top_shares"":{""0.001"":0.1595824318344481,""0.01"":0.8350173873998603},""total"":14753.162572071136,""zero_count"":240804}","{""fraction_for_half_mass"":0.0045792437519623875,""gini"":0.9888629469240796,""minimum_count_for_half_mass"":1123,""n"":245237,""positive_count"":4707,""top_shares"":{""0.001"":0.15192142909281023,""0.01"":0.8213894009342435},""total"":14660.106297625429,""zero_count"":240530}","{""fraction_for_half_mass"":0.21336095287415846,""gini"":0.4708338467634167,""minimum_count_for_half_mass"":412,""n"":1931,""positive_count"":1720,""top_shares"":{""0.01"":0.04719546129808517,""0.05"":0.17317113511852175,""0.1"":0.29065614817211133},""total"":115.43390785531834,""zero_count"":211}","{""benchmark_pass_count"":216,""n"":1931,""quantiles"":{""0.5"":0.04837495825686026,""0.9"":0.12995996505609433,""0.99"":0.2361128093612281,""1.0"":0.4024039333799878},""strict_exceedances"":{""0.01"":1592,""0.1"":378}}"
78928f2782d91d888ef24d52,counterfact,R1_nonlearned,0,103,1000,capoff,"{""count"":240530,""denominator"":245237,""fraction"":0.9808063220476518}","{""fraction_for_half_mass"":0.0043916700987208296,""gini"":0.9892932405478617,""minimum_count_for_half_mass"":1077,""n"":245237,""positive_count"":4433,""top_shares"":{""0.001"":0.1595824318344481,""0.01"":0.8350173873998603},""total"":14753.162572071136,""zero_count"":240804}","{""fraction_for_half_mass"":0.0045792437519623875,""gini"":0.9888629469240796,""minimum_count_for_half_mass"":1123,""n"":245237,""positive_count"":4707,""top_shares"":{""0.001"":0.15192142909281023,""0.01"":0.8213894009342435},""total"":14660.106297625429,""zero_count"":240530}","{""fraction_for_half_mass"":0.21336095287415846,""gini"":0.4708338467634167,""minimum_count_for_half_mass"":412,""n"":1931,""positive_count"":1720,""top_shares"":{""0.01"":0.04719546129808517,""0.05"":0.17317113511852175,""0.1"":0.29065614817211133},""total"":115.43390785531834,""zero_count"":211}","{""benchmark_pass_count"":216,""n"":1931,""quantiles"":{""0.5"":0.04837495825686026,""0.9"":0.12995996505609433,""0.99"":0.2361128093612281,""1.0"":0.4024039333799878},""strict_exceedances"":{""0.01"":1592,""0.1"":378}}"
78928f2782d91d888ef24d52,counterfact,R1_nonlearned,0,103,1000,original,"{""count"":240530,""denominator"":245237,""fraction"":0.9808063220476518}","{""fraction_for_half_mass"":0.0043916700987208296,""gini"":0.9892932405478617,""minimum_count_for_half_mass"":1077,""n"":245237,""positive_count"":4433,""top_shares"":{""0.001"":0.1595824318344481,""0.01"":0.8350173873998603},""total"":14753.162572071136,""zero_count"":240804}","{""fraction_for_half_mass"":0.0045792437519623875,""gini"":0.9888629469240796,""minimum_count_for_half_mass"":1123,""n"":245237,""positive_count"":4707,""top_shares"":{""0.001"":0.15192142909281023,""0.01"":0.8213894009342435},""total"":14660.106297625429,""zero_count"":240530}","{""fraction_for_half_mass"":0.21336095287415846,""gini"":0.4708338467634167,""minimum_count_for_half_mass"":412,""n"":1931,""positive_count"":1720,""top_shares"":{""0.01"":0.04719546129808517,""0.05"":0.17317113511852175,""0.1"":0.29065614817211133},""total"":115.43390785531834,""zero_count"":211}","{""benchmark_pass_count"":216,""n"":1931,""quantiles"":{""0.5"":0.04837495825686026,""0.9"":0.12995996505609433,""0.99"":0.2361128093612281,""1.0"":0.4024039333799878},""strict_exceedances"":{""0.01"":1592,""0.1"":378}}"
de785feed05c9f4c2a9e9273,counterfact,R1_nonlearned,0,104,1000,capoff,"{""count"":240530,""denominator"":245237,""fraction"":0.9808063220476518}","{""fraction_for_half_mass"":0.0043916700987208296,""gini"":0.9892932405478617,""minimum_count_for_half_mass"":1077,""n"":245237,""positive_count"":4433,""top_shares"":{""0.001"":0.1595824318344481,""0.01"":0.8350173873998603},""total"":14753.162572071136,""zero_count"":240804}","{""fraction_for_half_mass"":0.0045792437519623875,""gini"":0.9888629469240796,""minimum_count_for_half_mass"":1123,""n"":245237,""positive_count"":4707,""top_shares"":{""0.001"":0.15192142909281023,""0.01"":0.8213894009342435},""total"":14660.106297625429,""zero_count"":240530}","{""fraction_for_half_mass"":0.21336095287415846,""gini"":0.4708338467634167,""minimum_count_for_half_mass"":412,""n"":1931,""positive_count"":1720,""top_shares"":{""0.01"":0.04719546129808517,""0.05"":0.17317113511852175,""0.1"":0.29065614817211133},""total"":115.43390785531834,""zero_count"":211}","{""benchmark_pass_count"":216,""n"":1931,""quantiles"":{""0.5"":0.04837495825686026,""0.9"":0.12995996505609433,""0.99"":0.2361128093612281,""1.0"":0.4024039333799878},""strict_exceedances"":{""0.01"":1592,""0.1"":378}}"
de785feed05c9f4c2a9e9273,counterfact,R1_nonlearned,0,104,1000,original,"{""count"":240530,""denominator"":245237,""fraction"":0.9808063220476518}","{""fraction_for_half_mass"":0.0043916700987208296,""gini"":0.9892932405478617,""minimum_count_for_half_mass"":1077,""n"":245237,""positive_count"":4433,""top_shares"":{""0.001"":0.1595824318344481,""0.01"":0.8350173873998603},""total"":14753.162572071136,""zero_count"":240804}","{""fraction_for_half_mass"":0.0045792437519623875,""gini"":0.9888629469240796,""minimum_count_for_half_mass"":1123,""n"":245237,""positive_count"":4707,""top_shares"":{""0.001"":0.15192142909281023,""0.01"":0.8213894009342435},""total"":14660.106297625429,""zero_count"":240530}","{""fraction_for_half_mass"":0.21336095287415846,""gini"":0.4708338467634167,""minimum_count_for_half_mass"":412,""n"":1931,""positive_count"":1720,""top_shares"":{""0.01"":0.04719546129808517,""0.05"":0.17317113511852175,""0.1"":0.29065614817211133},""total"":115.43390785531834,""zero_count"":211}","{""benchmark_pass_count"":216,""n"":1931,""quantiles"":{""0.5"":0.04837495825686026,""0.9"":0.12995996505609433,""0.99"":0.2361128093612281,""1.0"":0.4024039333799878},""strict_exceedances"":{""0.01"":1592,""0.1"":378}}"
de0b9612418e6d573ed77679,mquake,R1_nonlearned,0,100,300,capoff,"{""count"":244161,""denominator"":245237,""fraction"":0.9956124075893931}","{""fraction_for_half_mass"":0.0010357327809425167,""gini"":0.9974796410819589,""minimum_count_for_half_mass"":254,""n"":245237,""positive_count"":1018,""top_shares"":{""0.001"":0.4887945350997601,""0.01"":0.9999999999999999},""total"":2989.6251823753923,""zero_count"":244219}","{""fraction_for_half_mass"":0.0010683542858540922,""gini"":0.9973893138527025,""minimum_count_for_half_mass"":262,""n"":245237,""positive_count"":1076,""top_shares"":{""0.001"":0.4769947411491519,""0.01"":1.0},""total"":2986.0671910481283,""zero_count"":244161}","{""fraction_for_half_mass"":0.092180217503884,""gini"":0.7703108884929174,""minimum_count_for_half_mass"":178,""n"":1931,""positive_count"":774,""top_shares"":{""0.01"":0.09508467898991614,""0.05"":0.32607849682042844,""0.1"":0.52861532498651},""total"":23.51234008699314,""zero_count"":1157}","{""benchmark_pass_count"":1162,""n"":1931,""quantiles"":{""0.5"":0.0,""0.9"":0.04347181123954815,""0.99"":0.0922683235930089,""1.0"":0.19709235802418398},""strict_exceedances"":{""0.01"":615,""0.1"":15}}"
de0b9612418e6d573ed77679,mquake,R1_nonlearned,0,100,300,original,"{""count"":244161,""denominator"":245237,""fraction"":0.9956124075893931}","{""fraction_for_half_mass"":0.0010357327809425167,""gini"":0.9974796410819589,""minimum_count_for_half_mass"":254,""n"":245237,""positive_count"":1018,""top_shares"":{""0.001"":0.4887945350997601,""0.01"":0.9999999999999999},""total"":2989.6251823753923,""zero_count"":244219}","{""fraction_for_half_mass"":0.0010683542858540922,""gini"":0.9973893138527025,""minimum_count_for_half_mass"":262,""n"":245237,""positive_count"":1076,""top_shares"":{""0.001"":0.4769947411491519,""0.01"":1.0},""total"":2986.0671910481283,""zero_count"":244161}","{""fraction_for_half_mass"":0.092180217503884,""gini"":0.7703108884929174,""minimum_count_for_half_mass"":178,""n"":1931,""positive_count"":774,""top_shares"":{""0.01"":0.09508467898991614,""0.05"":0.32607849682042844,""0.1"":0.52861532498651},""total"":23.51234008699314,""zero_count"":1157}","{""benchmark_pass_count"":1162,""n"":1931,""quantiles"":{""0.5"":0.0,""0.9"":0.04347181123954815,""0.99"":0.0922683235930089,""1.0"":0.19709235802418398},""strict_exceedances"":{""0.01"":615,""0.1"":15}}"
be37e2a1ff4a079e56efe268,mquake,R1_nonlearned,0,101,300,capoff,"{""count"":244161,""denominator"":245237,""fraction"":0.9956124075893931}","{""fraction_for_half_mass"":0.0010357327809425167,""gini"":0.9974796410819589,""minimum_count_for_half_mass"":254,""n"":245237,""positive_count"":1018,""top_shares"":{""0.001"":0.4887945350997601,""0.01"":0.9999999999999999},""total"":2989.6251823753923,""zero_count"":244219}","{""fraction_for_half_mass"":0.0010683542858540922,""gini"":0.9973893138527025,""minimum_count_for_half_mass"":262,""n"":245237,""positive_count"":1076,""top_shares"":{""0.001"":0.4769947411491519,""0.01"":1.0},""total"":2986.0671910481283,""zero_count"":244161}","{""fraction_for_half_mass"":0.092180217503884,""gini"":0.7703108884929174,""minimum_count_for_half_mass"":178,""n"":1931,""positive_count"":774,""top_shares"":{""0.01"":0.09508467898991614,""0.05"":0.32607849682042844,""0.1"":0.52861532498651},""total"":23.51234008699314,""zero_count"":1157}","{""benchmark_pass_count"":1162,""n"":1931,""quantiles"":{""0.5"":0.0,""0.9"":0.04347181123954815,""0.99"":0.0922683235930089,""1.0"":0.19709235802418398},""strict_exceedances"":{""0.01"":615,""0.1"":15}}"
be37e2a1ff4a079e56efe268,mquake,R1_nonlearned,0,101,300,original,"{""count"":244161,""denominator"":245237,""fraction"":0.9956124075893931}","{""fraction_for_half_mass"":0.0010357327809425167,""gini"":0.9974796410819589,""minimum_count_for_half_mass"":254,""n"":245237,""positive_count"":1018,""top_shares"":{""0.001"":0.4887945350997601,""0.01"":0.9999999999999999},""total"":2989.6251823753923,""zero_count"":244219}","{""fraction_for_half_mass"":0.0010683542858540922,""gini"":0.9973893138527025,""minimum_count_for_half_mass"":262,""n"":245237,""positive_count"":1076,""top_shares"":{""0.001"":0.4769947411491519,""0.01"":1.0},""total"":2986.0671910481283,""zero_count"":244161}","{""fraction_for_half_mass"":0.092180217503884,""gini"":0.7703108884929174,""minimum_count_for_half_mass"":178,""n"":1931,""positive_count"":774,""top_shares"":{""0.01"":0.09508467898991614,""0.05"":0.32607849682042844,""0.1"":0.52861532498651},""total"":23.51234008699314,""zero_count"":1157}","{""benchmark_pass_count"":1162,""n"":1931,""quantiles"":{""0.5"":0.0,""0.9"":0.04347181123954815,""0.99"":0.0922683235930089,""1.0"":0.19709235802418398},""strict_exceedances"":{""0.01"":615,""0.1"":15}}"
1e6b766c4139230c18547234,mquake,R1_nonlearned,0,102,300,capoff,"{""count"":244161,""denominator"":245237,""fraction"":0.9956124075893931}","{""fraction_for_half_mass"":0.0010357327809425167,""gini"":0.9974796410819589,""minimum_count_for_half_mass"":254,""n"":245237,""positive_count"":1018,""top_shares"":{""0.001"":0.4887945350997601,""0.01"":0.9999999999999999},""total"":2989.6251823753923,""zero_count"":244219}","{""fraction_for_half_mass"":0.0010683542858540922,""gini"":0.9973893138527025,""minimum_count_for_half_mass"":262,""n"":245237,""positive_count"":1076,""top_shares"":{""0.001"":0.4769947411491519,""0.01"":1.0},""total"":2986.0671910481283,""zero_count"":244161}","{""fraction_for_half_mass"":0.092180217503884,""gini"":0.7703108884929174,""minimum_count_for_half_mass"":178,""n"":1931,""positive_count"":774,""top_shares"":{""0.01"":0.09508467898991614,""0.05"":0.32607849682042844,""0.1"":0.52861532498651},""total"":23.51234008699314,""zero_count"":1157}","{""benchmark_pass_count"":1162,""n"":1931,""quantiles"":{""0.5"":0.0,""0.9"":0.04347181123954815,""0.99"":0.0922683235930089,""1.0"":0.19709235802418398},""strict_exceedances"":{""0.01"":615,""0.1"":15}}"
1e6b766c4139230c18547234,mquake,R1_nonlearned,0,102,300,original,"{""count"":244161,""denominator"":245237,""fraction"":0.9956124075893931}","{""fraction_for_half_mass"":0.0010357327809425167,""gini"":0.9974796410819589,""minimum_count_for_half_mass"":254,""n"":245237,""positive_count"":1018,""top_shares"":{""0.001"":0.4887945350997601,""0.01"":0.9999999999999999},""total"":2989.6251823753923,""zero_count"":244219}","{""fraction_for_half_mass"":0.0010683542858540922,""gini"":0.9973893138527025,""minimum_count_for_half_mass"":262,""n"":245237,""positive_count"":1076,""top_shares"":{""0.001"":0.4769947411491519,""0.01"":1.0},""total"":2986.0671910481283,""zero_count"":244161}","{""fraction_for_half_mass"":0.092180217503884,""gini"":0.7703108884929174,""minimum_count_for_half_mass"":178,""n"":1931,""positive_count"":774,""top_shares"":{""0.01"":0.09508467898991614,""0.05"":0.32607849682042844,""0.1"":0.52861532498651},""total"":23.51234008699314,""zero_count"":1157}","{""benchmark_pass_count"":1162,""n"":1931,""quantiles"":{""0.5"":0.0,""0.9"":0.04347181123954815,""0.99"":0.0922683235930089,""1.0"":0.19709235802418398},""strict_exceedances"":{""0.01"":615,""0.1"":15}}"
c0a54c5fbf1ce7776efc983e,mquake,R1_nonlearned,0,103,300,capoff,"{""count"":244161,""denominator"":245237,""fraction"":0.9956124075893931}","{""fraction_for_half_mass"":0.0010357327809425167,""gini"":0.9974796410819589,""minimum_count_for_half_mass"":254,""n"":245237,""positive_count"":1018,""top_shares"":{""0.001"":0.4887945350997601,""0.01"":0.9999999999999999},""total"":2989.6251823753923,""zero_count"":244219}","{""fraction_for_half_mass"":0.0010683542858540922,""gini"":0.9973893138527025,""minimum_count_for_half_mass"":262,""n"":245237,""positive_count"":1076,""top_shares"":{""0.001"":0.4769947411491519,""0.01"":1.0},""total"":2986.0671910481283,""zero_count"":244161}","{""fraction_for_half_mass"":0.092180217503884,""gini"":0.7703108884929174,""minimum_count_for_half_mass"":178,""n"":1931,""positive_count"":774,""top_shares"":{""0.01"":0.09508467898991614,""0.05"":0.32607849682042844,""0.1"":0.52861532498651},""total"":23.51234008699314,""zero_count"":1157}","{""benchmark_pass_count"":1162,""n"":1931,""quantiles"":{""0.5"":0.0,""0.9"":0.04347181123954815,""0.99"":0.0922683235930089,""1.0"":0.19709235802418398},""strict_exceedances"":{""0.01"":615,""0.1"":15}}"
c0a54c5fbf1ce7776efc983e,mquake,R1_nonlearned,0,103,300,original,"{""count"":244161,""denominator"":245237,""fraction"":0.9956124075893931}","{""fraction_for_half_mass"":0.0010357327809425167,""gini"":0.9974796410819589,""minimum_count_for_half_mass"":254,""n"":245237,""positive_count"":1018,""top_shares"":{""0.001"":0.4887945350997601,""0.01"":0.9999999999999999},""total"":2989.6251823753923,""zero_count"":244219}","{""fraction_for_half_mass"":0.0010683542858540922,""gini"":0.9973893138527025,""minimum_count_for_half_mass"":262,""n"":245237,""positive_count"":1076,""top_shares"":{""0.001"":0.4769947411491519,""0.01"":1.0},""total"":2986.0671910481283,""zero_count"":244161}","{""fraction_for_half_mass"":0.092180217503884,""gini"":0.7703108884929174,""minimum_count_for_half_mass"":178,""n"":1931,""positive_count"":774,""top_shares"":{""0.01"":0.09508467898991614,""0.05"":0.32607849682042844,""0.1"":0.52861532498651},""total"":23.51234008699314,""zero_count"":1157}","{""benchmark_pass_count"":1162,""n"":1931,""quantiles"":{""0.5"":0.0,""0.9"":0.04347181123954815,""0.99"":0.0922683235930089,""1.0"":0.19709235802418398},""strict_exceedances"":{""0.01"":615,""0.1"":15}}"
7499c19b813dcada2c67ae39,mquake,R1_nonlearned,0,104,300,capoff,"{""count"":244161,""denominator"":245237,""fraction"":0.9956124075893931}","{""fraction_for_half_mass"":0.0010357327809425167,""gini"":0.9974796410819589,""minimum_count_for_half_mass"":254,""n"":245237,""positive_count"":1018,""top_shares"":{""0.001"":0.4887945350997601,""0.01"":0.9999999999999999},""total"":2989.6251823753923,""zero_count"":244219}","{""fraction_for_half_mass"":0.0010683542858540922,""gini"":0.9973893138527025,""minimum_count_for_half_mass"":262,""n"":245237,""positive_count"":1076,""top_shares"":{""0.001"":0.4769947411491519,""0.01"":1.0},""total"":2986.0671910481283,""zero_count"":244161}","{""fraction_for_half_mass"":0.092180217503884,""gini"":0.7703108884929174,""minimum_count_for_half_mass"":178,""n"":1931,""positive_count"":774,""top_shares"":{""0.01"":0.09508467898991614,""0.05"":0.32607849682042844,""0.1"":0.52861532498651},""total"":23.51234008699314,""zero_count"":1157}","{""benchmark_pass_count"":1162,""n"":1931,""quantiles"":{""0.5"":0.0,""0.9"":0.04347181123954815,""0.99"":0.0922683235930089,""1.0"":0.19709235802418398},""strict_exceedances"":{""0.01"":615,""0.1"":15}}"
7499c19b813dcada2c67ae39,mquake,R1_nonlearned,0,104,300,original,"{""count"":244161,""denominator"":245237,""fraction"":0.9956124075893931}","{""fraction_for_half_mass"":0.0010357327809425167,""gini"":0.9974796410819589,""minimum_count_for_half_mass"":254,""n"":245237,""positive_count"":1018,""top_shares"":{""0.001"":0.4887945350997601,""0.01"":0.9999999999999999},""total"":2989.6251823753923,""zero_count"":244219}","{""fraction_for_half_mass"":0.0010683542858540922,""gini"":0.9973893138527025,""minimum_count_for_half_mass"":262,""n"":245237,""positive_count"":1076,""top_shares"":{""0.001"":0.4769947411491519,""0.01"":1.0},""total"":2986.0671910481283,""zero_count"":244161}","{""fraction_for_half_mass"":0.092180217503884,""gini"":0.7703108884929174,""minimum_count_for_half_mass"":178,""n"":1931,""positive_count"":774,""top_shares"":{""0.01"":0.09508467898991614,""0.05"":0.32607849682042844,""0.1"":0.52861532498651},""total"":23.51234008699314,""zero_count"":1157}","{""benchmark_pass_count"":1162,""n"":1931,""quantiles"":{""0.5"":0.0,""0.9"":0.04347181123954815,""0.99"":0.0922683235930089,""1.0"":0.19709235802418398},""strict_exceedances"":{""0.01"":615,""0.1"":15}}"
39c7fd4929721e8dcba56b94,zsre,v0_stable,0,100,1000,capoff,"{""count"":244914,""denominator"":245237,""fraction"":0.9986829067391951}","{""fraction_for_half_mass"":6.116532170920375e-05,""gini"":0.9997426596662135,""minimum_count_for_half_mass"":15,""n"":245237,""positive_count"":200,""top_shares"":{""0.001"":1.0,""0.01"":1.0},""total"":261.1942970683895,""zero_count"":245037}","{""fraction_for_half_mass"":5.3009945481309916e-05,""gini"":0.9997264134654142,""minimum_count_for_half_mass"":13,""n"":245237,""positive_count"":323,""top_shares"":{""0.001"":0.9903600136015872,""0.01"":0.9999999999999998},""total"":285.530246616142,""zero_count"":244914}","{""fraction_for_half_mass"":0.006214396685655101,""gini"":0.968520159633603,""minimum_count_for_half_mass"":12,""n"":1931,""positive_count"":288,""top_shares"":{""0.01"":0.6293781730947726,""0.05"":0.913186049939932,""0.1"":0.9840290540079962},""total"":2.2482696583948183,""zero_count"":1643}","{""benchmark_pass_count"":1758,""n"":1931,""quantiles"":{""0.5"":0.0,""0.9"":0.0006798581931623307,""0.99"":0.024985229280960253,""1.0"":0.2075919384937657},""strict_exceedances"":{""0.01"":44,""0.1"":4}}"
39c7fd4929721e8dcba56b94,zsre,v0_stable,0,100,1000,original,"{""count"":244914,""denominator"":245237,""fraction"":0.9986829067391951}","{""fraction_for_half_mass"":6.116532170920375e-05,""gini"":0.9997426596662135,""minimum_count_for_half_mass"":15,""n"":245237,""positive_count"":200,""top_shares"":{""0.001"":1.0,""0.01"":1.0},""total"":261.1942970683895,""zero_count"":245037}","{""fraction_for_half_mass"":5.3009945481309916e-05,""gini"":0.9997264134654142,""minimum_count_for_half_mass"":13,""n"":245237,""positive_count"":323,""top_shares"":{""0.001"":0.9903600136015872,""0.01"":0.9999999999999998},""total"":285.530246616142,""zero_count"":244914}","{""fraction_for_half_mass"":0.006214396685655101,""gini"":0.968520159633603,""minimum_count_for_half_mass"":12,""n"":1931,""positive_count"":288,""top_shares"":{""0.01"":0.6293781730947726,""0.05"":0.913186049939932,""0.1"":0.9840290540079962},""total"":2.2482696583948183,""zero_count"":1643}","{""benchmark_pass_count"":1758,""n"":1931,""quantiles"":{""0.5"":0.0,""0.9"":0.0006798581931623307,""0.99"":0.024985229280960253,""1.0"":0.2075919384937657},""strict_exceedances"":{""0.01"":44,""0.1"":4}}"
b887b1046cd563d990765e01,zsre,v0_stable,0,101,1000,capoff,"{""count"":244551,""denominator"":245237,""fraction"":0.9972027059538324}","{""fraction_for_half_mass"":7.33983860510445e-05,""gini"":0.9996266626643147,""minimum_count_for_half_mass"":18,""n"":245237,""positive_count"":396,""top_shares"":{""0.001"":0.9697752852346773,""0.01"":0.9999999999999999},""total"":465.5841286761708,""zero_count"":244841}","{""fraction_for_half_mass"":7.747607416499141e-05,""gini"":0.9996044635925583,""minimum_count_for_half_mass"":19,""n"":245237,""positive_count"":686,""top_shares"":{""0.001"":0.9592017616830905,""0.01"":0.9999999999999997},""total"":454.11081052848635,""zero_count"":244551}","{""fraction_for_half_mass"":0.009321595028482652,""gini"":0.9568451393697618,""minimum_count_for_half_mass"":18,""n"":1931,""positive_count"":581,""top_shares"":{""0.01"":0.5251911048460605,""0.05"":0.899902122129409,""0.1"":0.9584714700660325},""total"":3.575675673452648,""zero_count"":1350}","{""benchmark_pass_count"":1742,""n"":1931,""quantiles"":{""0.5"":0.0,""0.9"":0.0009449961592906369,""0.99"":0.044093720645512736,""1.0"":0.2068389251008094},""strict_exceedances"":{""0.01"":65,""0.1"":7}}"
b887b1046cd563d990765e01,zsre,v0_stable,0,101,1000,original,"{""count"":244551,""denominator"":245237,""fraction"":0.9972027059538324}","{""fraction_for_half_mass"":7.33983860510445e-05,""gini"":0.9996266626643147,""minimum_count_for_half_mass"":18,""n"":245237,""positive_count"":396,""top_shares"":{""0.001"":0.9697752852346773,""0.01"":0.9999999999999999},""total"":465.5841286761708,""zero_count"":244841}","{""fraction_for_half_mass"":7.747607416499141e-05,""gini"":0.9996044635925583,""minimum_count_for_half_mass"":19,""n"":245237,""positive_count"":686,""top_shares"":{""0.001"":0.9592017616830905,""0.01"":0.9999999999999997},""total"":454.11081052848635,""zero_count"":244551}","{""fraction_for_half_mass"":0.009321595028482652,""gini"":0.9568451393697618,""minimum_count_for_half_mass"":18,""n"":1931,""positive_count"":581,""top_shares"":{""0.01"":0.5251911048460605,""0.05"":0.899902122129409,""0.1"":0.9584714700660325},""total"":3.575675673452648,""zero_count"":1350}","{""benchmark_pass_count"":1742,""n"":1931,""quantiles"":{""0.5"":0.0,""0.9"":0.0009449961592906369,""0.99"":0.044093720645512736,""1.0"":0.2068389251008094},""strict_exceedances"":{""0.01"":65,""0.1"":7}}"
435235a6719279d1cc87ad66,zsre,v0_stable,0,102,1000,capoff,"{""count"":244897,""denominator"":245237,""fraction"":0.998613586041258}","{""fraction_for_half_mass"":8.155376227893833e-05,""gini"":0.9996992124320044,""minimum_count_for_half_mass"":20,""n"":245237,""positive_count"":208,""top_shares"":{""0.001"":0.9999999999999998,""0.01"":0.9999999999999998},""total"":205.89460709198232,""zero_count"":245029}","{""fraction_for_half_mass"":6.524300982315066e-05,""gini"":0.9996567333626696,""minimum_count_for_half_mass"":16,""n"":245237,""positive_count"":340,""top_shares"":{""0.001"":0.9812098231568227,""0.01"":1.0},""total"":196.53768225107888,""zero_count"":244897}","{""fraction_for_half_mass"":0.008285862247540134,""gini"":0.9612739193033779,""minimum_count_for_half_mass"":16,""n"":1931,""positive_count"":300,""top_shares"":{""0.01"":0.5522678810345759,""0.05"":0.8796497035017657,""0.1"":0.9701632906420293},""total"":1.5475408051266055,""zero_count"":1631}","{""benchmark_pass_count"":1757,""n"":1931,""quantiles"":{""0.5"":0.0,""0.9"":0.0008409489296395307,""0.99"":0.017555060933729983,""1.0"":0.2075919384937657},""strict_exceedances"":{""0.01"":37,""0.1"":2}}"
435235a6719279d1cc87ad66,zsre,v0_stable,0,102,1000,original,"{""count"":244897,""denominator"":245237,""fraction"":0.998613586041258}","{""fraction_for_half_mass"":8.155376227893833e-05,""gini"":0.9996992124320044,""minimum_count_for_half_mass"":20,""n"":245237,""positive_count"":208,""top_shares"":{""0.001"":0.9999999999999998,""0.01"":0.9999999999999998},""total"":205.89460709198232,""zero_count"":245029}","{""fraction_for_half_mass"":6.524300982315066e-05,""gini"":0.9996567333626696,""minimum_count_for_half_mass"":16,""n"":245237,""positive_count"":340,""top_shares"":{""0.001"":0.9812098231568227,""0.01"":1.0},""total"":196.53768225107888,""zero_count"":244897}","{""fraction_for_half_mass"":0.008285862247540134,""gini"":0.9612739193033779,""minimum_count_for_half_mass"":16,""n"":1931,""positive_count"":300,""top_shares"":{""0.01"":0.5522678810345759,""0.05"":0.8796497035017657,""0.1"":0.9701632906420293},""total"":1.5475408051266055,""zero_count"":1631}","{""benchmark_pass_count"":1757,""n"":1931,""quantiles"":{""0.5"":0.0,""0.9"":0.0008409489296395307,""0.99"":0.017555060933729983,""1.0"":0.2075919384937657},""strict_exceedances"":{""0.01"":37,""0.1"":2}}"
aaed1cf9e8ce7cf1cf3749fa,zsre,v0_stable,0,103,1000,capoff,"{""count"":244819,""denominator"":245237,""fraction"":0.9982955263683702}","{""fraction_for_half_mass"":4.8932257367363e-05,""gini"":0.9997492674506513,""minimum_count_for_half_mass"":12,""n"":245237,""positive_count"":247,""top_shares"":{""0.001"":0.9999951675773245,""0.01"":1.0000000000000002},""total"":353.95151310096514,""zero_count"":244990}","{""fraction_for_half_mass"":5.3009945481309916e-05,""gini"":0.9997090910874606,""minimum_count_for_half_mass"":13,""n"":245237,""positive_count"":418,""top_shares"":{""0.001"":0.9779487893480397,""0.01"":0.9999999999999999},""total"":356.4862922635204,""zero_count"":244819}","{""fraction_for_half_mass"":0.006214396685655101,""gini"":0.9685172089895048,""minimum_count_for_half_mass"":12,""n"":1931,""positive_count"":356,""top_shares"":{""0.01"":0.6090015101171805,""0.05"":0.9190797630830165,""0.1"":0.9746290639171308},""total"":2.8069786792403177,""zero_count"":1575}","{""benchmark_pass_count"":1748,""n"":1931,""quantiles"":{""0.5"":0.0,""0.9"":0.0008972294219846082,""0.99"":0.036468505755508994,""1.0"":0.2075919384937657},""strict_exceedances"":{""0.01"":51,""0.1"":6}}"
aaed1cf9e8ce7cf1cf3749fa,zsre,v0_stable,0,103,1000,original,"{""count"":244819,""denominator"":245237,""fraction"":0.9982955263683702}","{""fraction_for_half_mass"":4.8932257367363e-05,""gini"":0.9997492674506513,""minimum_count_for_half_mass"":12,""n"":245237,""positive_count"":247,""top_shares"":{""0.001"":0.9999951675773245,""0.01"":1.0000000000000002},""total"":353.95151310096514,""zero_count"":244990}","{""fraction_for_half_mass"":5.3009945481309916e-05,""gini"":0.9997090910874606,""minimum_count_for_half_mass"":13,""n"":245237,""positive_count"":418,""top_shares"":{""0.001"":0.9779487893480397,""0.01"":0.9999999999999999},""total"":356.4862922635204,""zero_count"":244819}","{""fraction_for_half_mass"":0.006214396685655101,""gini"":0.9685172089895048,""minimum_count_for_half_mass"":12,""n"":1931,""positive_count"":356,""top_shares"":{""0.01"":0.6090015101171805,""0.05"":0.9190797630830165,""0.1"":0.9746290639171308},""total"":2.8069786792403177,""zero_count"":1575}","{""benchmark_pass_count"":1748,""n"":1931,""quantiles"":{""0.5"":0.0,""0.9"":0.0008972294219846082,""0.99"":0.036468505755508994,""1.0"":0.2075919384937657},""strict_exceedances"":{""0.01"":51,""0.1"":6}}"
92a5ef6855124ffc5a8d6163,zsre,v0_stable,0,104,1000,capoff,"{""count"":244906,""denominator"":245237,""fraction"":0.9986502852342836}","{""fraction_for_half_mass"":4.0776881139469166e-05,""gini"":0.9997950600097212,""minimum_count_for_half_mass"":10,""n"":245237,""positive_count"":202,""top_shares"":{""0.001"":0.9999999999999998,""0.01"":1.0000000000000002},""total"":333.75133255433616,""zero_count"":245035}","{""fraction_for_half_mass"":4.485456925341608e-05,""gini"":0.999758255663628,""minimum_count_for_half_mass"":11,""n"":245237,""positive_count"":331,""top_shares"":{""0.001"":0.9906903510657512,""0.01"":1.0000000000000002},""total"":376.7259082821719,""zero_count"":244906}","{""fraction_for_half_mass"":0.005696530295183843,""gini"":0.9736776664078747,""minimum_count_for_half_mass"":11,""n"":1931,""positive_count"":282,""top_shares"":{""0.01"":0.6519417321350783,""0.05"":0.9406463033210096,""0.1"":0.9877989484650079},""total"":2.96634573450529,""zero_count"":1649}","{""benchmark_pass_count"":1764,""n"":1931,""quantiles"":{""0.5"":0.0,""0.9"":0.0007344897591809662,""0.99"":0.03695883881809112,""1.0"":0.2075919384937657},""strict_exceedances"":{""0.01"":52,""0.1"":9}}"
92a5ef6855124ffc5a8d6163,zsre,v0_stable,0,104,1000,original,"{""count"":244906,""denominator"":245237,""fraction"":0.9986502852342836}","{""fraction_for_half_mass"":4.0776881139469166e-05,""gini"":0.9997950600097212,""minimum_count_for_half_mass"":10,""n"":245237,""positive_count"":202,""top_shares"":{""0.001"":0.9999999999999998,""0.01"":1.0000000000000002},""total"":333.75133255433616,""zero_count"":245035}","{""fraction_for_half_mass"":4.485456925341608e-05,""gini"":0.999758255663628,""minimum_count_for_half_mass"":11,""n"":245237,""positive_count"":331,""top_shares"":{""0.001"":0.9906903510657512,""0.01"":1.0000000000000002},""total"":376.7259082821719,""zero_count"":244906}","{""fraction_for_half_mass"":0.005696530295183843,""gini"":0.9736776664078747,""minimum_count_for_half_mass"":11,""n"":1931,""positive_count"":282,""top_shares"":{""0.01"":0.6519417321350783,""0.05"":0.9406463033210096,""0.1"":0.9877989484650079},""total"":2.96634573450529,""zero_count"":1649}","{""benchmark_pass_count"":1764,""n"":1931,""quantiles"":{""0.5"":0.0,""0.9"":0.0007344897591809662,""0.99"":0.03695883881809112,""1.0"":0.2075919384937657},""strict_exceedances"":{""0.01"":52,""0.1"":9}}"
baa601113af675024e73bc30,counterfact,v0_stable,0,100,1000,capoff,"{""count"":245237,""denominator"":245237,""fraction"":1.0}","{""fraction_for_half_mass"":null,""gini"":null,""minimum_count_for_half_mass"":null,""n"":245237,""positive_count"":0,""top_shares"":{""0.001"":null,""0.01"":null},""total"":0.0,""zero_count"":245237}","{""fraction_for_half_mass"":null,""gini"":null,""minimum_count_for_half_mass"":null,""n"":245237,""positive_count"":0,""top_shares"":{""0.001"":null,""0.01"":null},""total"":0.0,""zero_count"":245237}","{""fraction_for_half_mass"":null,""gini"":null,""minimum_count_for_half_mass"":null,""n"":1931,""positive_count"":0,""top_shares"":{""0.01"":null,""0.05"":null,""0.1"":null},""total"":0.0,""zero_count"":1931}","{""benchmark_pass_count"":1931,""n"":1931,""quantiles"":{""0.5"":0.0,""0.9"":0.0,""0.99"":0.0,""1.0"":0.0},""strict_exceedances"":{""0.01"":0,""0.1"":0}}"
baa601113af675024e73bc30,counterfact,v0_stable,0,100,1000,original,"{""count"":245237,""denominator"":245237,""fraction"":1.0}","{""fraction_for_half_mass"":null,""gini"":null,""minimum_count_for_half_mass"":null,""n"":245237,""positive_count"":0,""top_shares"":{""0.001"":null,""0.01"":null},""total"":0.0,""zero_count"":245237}","{""fraction_for_half_mass"":null,""gini"":null,""minimum_count_for_half_mass"":null,""n"":245237,""positive_count"":0,""top_shares"":{""0.001"":null,""0.01"":null},""total"":0.0,""zero_count"":245237}","{""fraction_for_half_mass"":null,""gini"":null,""minimum_count_for_half_mass"":null,""n"":1931,""positive_count"":0,""top_shares"":{""0.01"":null,""0.05"":null,""0.1"":null},""total"":0.0,""zero_count"":1931}","{""benchmark_pass_count"":1931,""n"":1931,""quantiles"":{""0.5"":0.0,""0.9"":0.0,""0.99"":0.0,""1.0"":0.0},""strict_exceedances"":{""0.01"":0,""0.1"":0}}"
b6b271f3383f85fb19e49836,counterfact,v0_stable,0,101,1000,capoff,"{""count"":245237,""denominator"":245237,""fraction"":1.0}","{""fraction_for_half_mass"":null,""gini"":null,""minimum_count_for_half_mass"":null,""n"":245237,""positive_count"":0,""top_shares"":{""0.001"":null,""0.01"":null},""total"":0.0,""zero_count"":245237}","{""fraction_for_half_mass"":null,""gini"":null,""minimum_count_for_half_mass"":null,""n"":245237,""positive_count"":0,""top_shares"":{""0.001"":null,""0.01"":null},""total"":0.0,""zero_count"":245237}","{""fraction_for_half_mass"":null,""gini"":null,""minimum_count_for_half_mass"":null,""n"":1931,""positive_count"":0,""top_shares"":{""0.01"":null,""0.05"":null,""0.1"":null},""total"":0.0,""zero_count"":1931}","{""benchmark_pass_count"":1931,""n"":1931,""quantiles"":{""0.5"":0.0,""0.9"":0.0,""0.99"":0.0,""1.0"":0.0},""strict_exceedances"":{""0.01"":0,""0.1"":0}}"
b6b271f3383f85fb19e49836,counterfact,v0_stable,0,101,1000,original,"{""count"":245237,""denominator"":245237,""fraction"":1.0}","{""fraction_for_half_mass"":null,""gini"":null,""minimum_count_for_half_mass"":null,""n"":245237,""positive_count"":0,""top_shares"":{""0.001"":null,""0.01"":null},""total"":0.0,""zero_count"":245237}","{""fraction_for_half_mass"":null,""gini"":null,""minimum_count_for_half_mass"":null,""n"":245237,""positive_count"":0,""top_shares"":{""0.001"":null,""0.01"":null},""total"":0.0,""zero_count"":245237}","{""fraction_for_half_mass"":null,""gini"":null,""minimum_count_for_half_mass"":null,""n"":1931,""positive_count"":0,""top_shares"":{""0.01"":null,""0.05"":null,""0.1"":null},""total"":0.0,""zero_count"":1931}","{""benchmark_pass_count"":1931,""n"":1931,""quantiles"":{""0.5"":0.0,""0.9"":0.0,""0.99"":0.0,""1.0"":0.0},""strict_exceedances"":{""0.01"":0,""0.1"":0}}"
6c0124a2d35b8b4bf8d2a321,counterfact,v0_stable,0,102,1000,capoff,"{""count"":245237,""denominator"":245237,""fraction"":1.0}","{""fraction_for_half_mass"":null,""gini"":null,""minimum_count_for_half_mass"":null,""n"":245237,""positive_count"":0,""top_shares"":{""0.001"":null,""0.01"":null},""total"":0.0,""zero_count"":245237}","{""fraction_for_half_mass"":null,""gini"":null,""minimum_count_for_half_mass"":null,""n"":245237,""positive_count"":0,""top_shares"":{""0.001"":null,""0.01"":null},""total"":0.0,""zero_count"":245237}","{""fraction_for_half_mass"":null,""gini"":null,""minimum_count_for_half_mass"":null,""n"":1931,""positive_count"":0,""top_shares"":{""0.01"":null,""0.05"":null,""0.1"":null},""total"":0.0,""zero_count"":1931}","{""benchmark_pass_count"":1931,""n"":1931,""quantiles"":{""0.5"":0.0,""0.9"":0.0,""0.99"":0.0,""1.0"":0.0},""strict_exceedances"":{""0.01"":0,""0.1"":0}}"
6c0124a2d35b8b4bf8d2a321,counterfact,v0_stable,0,102,1000,original,"{""count"":245237,""denominator"":245237,""fraction"":1.0}","{""fraction_for_half_mass"":null,""gini"":null,""minimum_count_for_half_mass"":null,""n"":245237,""positive_count"":0,""top_shares"":{""0.001"":null,""0.01"":null},""total"":0.0,""zero_count"":245237}","{""fraction_for_half_mass"":null,""gini"":null,""minimum_count_for_half_mass"":null,""n"":245237,""positive_count"":0,""top_shares"":{""0.001"":null,""0.01"":null},""total"":0.0,""zero_count"":245237}","{""fraction_for_half_mass"":null,""gini"":null,""minimum_count_for_half_mass"":null,""n"":1931,""positive_count"":0,""top_shares"":{""0.01"":null,""0.05"":null,""0.1"":null},""total"":0.0,""zero_count"":1931}","{""benchmark_pass_count"":1931,""n"":1931,""quantiles"":{""0.5"":0.0,""0.9"":0.0,""0.99"":0.0,""1.0"":0.0},""strict_exceedances"":{""0.01"":0,""0.1"":0}}"
37c2ba2be995719ac8972cf1,counterfact,v0_stable,0,103,1000,capoff,"{""count"":245237,""denominator"":245237,""fraction"":1.0}","{""fraction_for_half_mass"":null,""gini"":null,""minimum_count_for_half_mass"":null,""n"":245237,""positive_count"":0,""top_shares"":{""0.001"":null,""0.01"":null},""total"":0.0,""zero_count"":245237}","{""fraction_for_half_mass"":null,""gini"":null,""minimum_count_for_half_mass"":null,""n"":245237,""positive_count"":0,""top_shares"":{""0.001"":null,""0.01"":null},""total"":0.0,""zero_count"":245237}","{""fraction_for_half_mass"":null,""gini"":null,""minimum_count_for_half_mass"":null,""n"":1931,""positive_count"":0,""top_shares"":{""0.01"":null,""0.05"":null,""0.1"":null},""total"":0.0,""zero_count"":1931}","{""benchmark_pass_count"":1931,""n"":1931,""quantiles"":{""0.5"":0.0,""0.9"":0.0,""0.99"":0.0,""1.0"":0.0},""strict_exceedances"":{""0.01"":0,""0.1"":0}}"
37c2ba2be995719ac8972cf1,counterfact,v0_stable,0,103,1000,original,"{""count"":245237,""denominator"":245237,""fraction"":1.0}","{""fraction_for_half_mass"":null,""gini"":null,""minimum_count_for_half_mass"":null,""n"":245237,""positive_count"":0,""top_shares"":{""0.001"":null,""0.01"":null},""total"":0.0,""zero_count"":245237}","{""fraction_for_half_mass"":null,""gini"":null,""minimum_count_for_half_mass"":null,""n"":245237,""positive_count"":0,""top_shares"":{""0.001"":null,""0.01"":null},""total"":0.0,""zero_count"":245237}","{""fraction_for_half_mass"":null,""gini"":null,""minimum_count_for_half_mass"":null,""n"":1931,""positive_count"":0,""top_shares"":{""0.01"":null,""0.05"":null,""0.1"":null},""total"":0.0,""zero_count"":1931}","{""benchmark_pass_count"":1931,""n"":1931,""quantiles"":{""0.5"":0.0,""0.9"":0.0,""0.99"":0.0,""1.0"":0.0},""strict_exceedances"":{""0.01"":0,""0.1"":0}}"
d93ed5de9d4401cb3345c7bd,counterfact,v0_stable,0,104,1000,capoff,"{""count"":245237,""denominator"":245237,""fraction"":1.0}","{""fraction_for_half_mass"":null,""gini"":null,""minimum_count_for_half_mass"":null,""n"":245237,""positive_count"":0,""top_shares"":{""0.001"":null,""0.01"":null},""total"":0.0,""zero_count"":245237}","{""fraction_for_half_mass"":null,""gini"":null,""minimum_count_for_half_mass"":null,""n"":245237,""positive_count"":0,""top_shares"":{""0.001"":null,""0.01"":null},""total"":0.0,""zero_count"":245237}","{""fraction_for_half_mass"":null,""gini"":null,""minimum_count_for_half_mass"":null,""n"":1931,""positive_count"":0,""top_shares"":{""0.01"":null,""0.05"":null,""0.1"":null},""total"":0.0,""zero_count"":1931}","{""benchmark_pass_count"":1931,""n"":1931,""quantiles"":{""0.5"":0.0,""0.9"":0.0,""0.99"":0.0,""1.0"":0.0},""strict_exceedances"":{""0.01"":0,""0.1"":0}}"
d93ed5de9d4401cb3345c7bd,counterfact,v0_stable,0,104,1000,original,"{""count"":245237,""denominator"":245237,""fraction"":1.0}","{""fraction_for_half_mass"":null,""gini"":null,""minimum_count_for_half_mass"":null,""n"":245237,""positive_count"":0,""top_shares"":{""0.001"":null,""0.01"":null},""total"":0.0,""zero_count"":245237}","{""fraction_for_half_mass"":null,""gini"":null,""minimum_count_for_half_mass"":null,""n"":245237,""positive_count"":0,""top_shares"":{""0.001"":null,""0.01"":null},""total"":0.0,""zero_count"":245237}","{""fraction_for_half_mass"":null,""gini"":null,""minimum_count_for_half_mass"":null,""n"":1931,""positive_count"":0,""top_shares"":{""0.01"":null,""0.05"":null,""0.1"":null},""total"":0.0,""zero_count"":1931}","{""benchmark_pass_count"":1931,""n"":1931,""quantiles"":{""0.5"":0.0,""0.9"":0.0,""0.99"":0.0,""1.0"":0.0},""strict_exceedances"":{""0.01"":0,""0.1"":0}}"
c2f9d3102987f746f4f31b8d,mquake,v0_stable,0,100,300,capoff,"{""count"":245237,""denominator"":245237,""fraction"":1.0}","{""fraction_for_half_mass"":null,""gini"":null,""minimum_count_for_half_mass"":null,""n"":245237,""positive_count"":0,""top_shares"":{""0.001"":null,""0.01"":null},""total"":0.0,""zero_count"":245237}","{""fraction_for_half_mass"":null,""gini"":null,""minimum_count_for_half_mass"":null,""n"":245237,""positive_count"":0,""top_shares"":{""0.001"":null,""0.01"":null},""total"":0.0,""zero_count"":245237}","{""fraction_for_half_mass"":null,""gini"":null,""minimum_count_for_half_mass"":null,""n"":1931,""positive_count"":0,""top_shares"":{""0.01"":null,""0.05"":null,""0.1"":null},""total"":0.0,""zero_count"":1931}","{""benchmark_pass_count"":1931,""n"":1931,""quantiles"":{""0.5"":0.0,""0.9"":0.0,""0.99"":0.0,""1.0"":0.0},""strict_exceedances"":{""0.01"":0,""0.1"":0}}"
c2f9d3102987f746f4f31b8d,mquake,v0_stable,0,100,300,original,"{""count"":245237,""denominator"":245237,""fraction"":1.0}","{""fraction_for_half_mass"":null,""gini"":null,""minimum_count_for_half_mass"":null,""n"":245237,""positive_count"":0,""top_shares"":{""0.001"":null,""0.01"":null},""total"":0.0,""zero_count"":245237}","{""fraction_for_half_mass"":null,""gini"":null,""minimum_count_for_half_mass"":null,""n"":245237,""positive_count"":0,""top_shares"":{""0.001"":null,""0.01"":null},""total"":0.0,""zero_count"":245237}","{""fraction_for_half_mass"":null,""gini"":null,""minimum_count_for_half_mass"":null,""n"":1931,""positive_count"":0,""top_shares"":{""0.01"":null,""0.05"":null,""0.1"":null},""total"":0.0,""zero_count"":1931}","{""benchmark_pass_count"":1931,""n"":1931,""quantiles"":{""0.5"":0.0,""0.9"":0.0,""0.99"":0.0,""1.0"":0.0},""strict_exceedances"":{""0.01"":0,""0.1"":0}}"
a23ae9063b37c21cfe657d47,mquake,v0_stable,0,101,300,capoff,"{""count"":245237,""denominator"":245237,""fraction"":1.0}","{""fraction_for_half_mass"":null,""gini"":null,""minimum_count_for_half_mass"":null,""n"":245237,""positive_count"":0,""top_shares"":{""0.001"":null,""0.01"":null},""total"":0.0,""zero_count"":245237}","{""fraction_for_half_mass"":null,""gini"":null,""minimum_count_for_half_mass"":null,""n"":245237,""positive_count"":0,""top_shares"":{""0.001"":null,""0.01"":null},""total"":0.0,""zero_count"":245237}","{""fraction_for_half_mass"":null,""gini"":null,""minimum_count_for_half_mass"":null,""n"":1931,""positive_count"":0,""top_shares"":{""0.01"":null,""0.05"":null,""0.1"":null},""total"":0.0,""zero_count"":1931}","{""benchmark_pass_count"":1931,""n"":1931,""quantiles"":{""0.5"":0.0,""0.9"":0.0,""0.99"":0.0,""1.0"":0.0},""strict_exceedances"":{""0.01"":0,""0.1"":0}}"
a23ae9063b37c21cfe657d47,mquake,v0_stable,0,101,300,original,"{""count"":245237,""denominator"":245237,""fraction"":1.0}","{""fraction_for_half_mass"":null,""gini"":null,""minimum_count_for_half_mass"":null,""n"":245237,""positive_count"":0,""top_shares"":{""0.001"":null,""0.01"":null},""total"":0.0,""zero_count"":245237}","{""fraction_for_half_mass"":null,""gini"":null,""minimum_count_for_half_mass"":null,""n"":245237,""positive_count"":0,""top_shares"":{""0.001"":null,""0.01"":null},""total"":0.0,""zero_count"":245237}","{""fraction_for_half_mass"":null,""gini"":null,""minimum_count_for_half_mass"":null,""n"":1931,""positive_count"":0,""top_shares"":{""0.01"":null,""0.05"":null,""0.1"":null},""total"":0.0,""zero_count"":1931}","{""benchmark_pass_count"":1931,""n"":1931,""quantiles"":{""0.5"":0.0,""0.9"":0.0,""0.99"":0.0,""1.0"":0.0},""strict_exceedances"":{""0.01"":0,""0.1"":0}}"
5a6f61e06de0bca53b4a7377,mquake,v0_stable,0,102,300,capoff,"{""count"":245237,""denominator"":245237,""fraction"":1.0}","{""fraction_for_half_mass"":null,""gini"":null,""minimum_count_for_half_mass"":null,""n"":245237,""positive_count"":0,""top_shares"":{""0.001"":null,""0.01"":null},""total"":0.0,""zero_count"":245237}","{""fraction_for_half_mass"":null,""gini"":null,""minimum_count_for_half_mass"":null,""n"":245237,""positive_count"":0,""top_shares"":{""0.001"":null,""0.01"":null},""total"":0.0,""zero_count"":245237}","{""fraction_for_half_mass"":null,""gini"":null,""minimum_count_for_half_mass"":null,""n"":1931,""positive_count"":0,""top_shares"":{""0.01"":null,""0.05"":null,""0.1"":null},""total"":0.0,""zero_count"":1931}","{""benchmark_pass_count"":1931,""n"":1931,""quantiles"":{""0.5"":0.0,""0.9"":0.0,""0.99"":0.0,""1.0"":0.0},""strict_exceedances"":{""0.01"":0,""0.1"":0}}"
5a6f61e06de0bca53b4a7377,mquake,v0_stable,0,102,300,original,"{""count"":245237,""denominator"":245237,""fraction"":1.0}","{""fraction_for_half_mass"":null,""gini"":null,""minimum_count_for_half_mass"":null,""n"":245237,""positive_count"":0,""top_shares"":{""0.001"":null,""0.01"":null},""total"":0.0,""zero_count"":245237}","{""fraction_for_half_mass"":null,""gini"":null,""minimum_count_for_half_mass"":null,""n"":245237,""positive_count"":0,""top_shares"":{""0.001"":null,""0.01"":null},""total"":0.0,""zero_count"":245237}","{""fraction_for_half_mass"":null,""gini"":null,""minimum_count_for_half_mass"":null,""n"":1931,""positive_count"":0,""top_shares"":{""0.01"":null,""0.05"":null,""0.1"":null},""total"":0.0,""zero_count"":1931}","{""benchmark_pass_count"":1931,""n"":1931,""quantiles"":{""0.5"":0.0,""0.9"":0.0,""0.99"":0.0,""1.0"":0.0},""strict_exceedances"":{""0.01"":0,""0.1"":0}}"
03426d6e61fb6b41145c5d8e,mquake,v0_stable,0,103,300,capoff,"{""count"":245237,""denominator"":245237,""fraction"":1.0}","{""fraction_for_half_mass"":null,""gini"":null,""minimum_count_for_half_mass"":null,""n"":245237,""positive_count"":0,""top_shares"":{""0.001"":null,""0.01"":null},""total"":0.0,""zero_count"":245237}","{""fraction_for_half_mass"":null,""gini"":null,""minimum_count_for_half_mass"":null,""n"":245237,""positive_count"":0,""top_shares"":{""0.001"":null,""0.01"":null},""total"":0.0,""zero_count"":245237}","{""fraction_for_half_mass"":null,""gini"":null,""minimum_count_for_half_mass"":null,""n"":1931,""positive_count"":0,""top_shares"":{""0.01"":null,""0.05"":null,""0.1"":null},""total"":0.0,""zero_count"":1931}","{""benchmark_pass_count"":1931,""n"":1931,""quantiles"":{""0.5"":0.0,""0.9"":0.0,""0.99"":0.0,""1.0"":0.0},""strict_exceedances"":{""0.01"":0,""0.1"":0}}"
03426d6e61fb6b41145c5d8e,mquake,v0_stable,0,103,300,original,"{""count"":245237,""denominator"":245237,""fraction"":1.0}","{""fraction_for_half_mass"":null,""gini"":null,""minimum_count_for_half_mass"":null,""n"":245237,""positive_count"":0,""top_shares"":{""0.001"":null,""0.01"":null},""total"":0.0,""zero_count"":245237}","{""fraction_for_half_mass"":null,""gini"":null,""minimum_count_for_half_mass"":null,""n"":245237,""positive_count"":0,""top_shares"":{""0.001"":null,""0.01"":null},""total"":0.0,""zero_count"":245237}","{""fraction_for_half_mass"":null,""gini"":null,""minimum_count_for_half_mass"":null,""n"":1931,""positive_count"":0,""top_shares"":{""0.01"":null,""0.05"":null,""0.1"":null},""total"":0.0,""zero_count"":1931}","{""benchmark_pass_count"":1931,""n"":1931,""quantiles"":{""0.5"":0.0,""0.9"":0.0,""0.99"":0.0,""1.0"":0.0},""strict_exceedances"":{""0.01"":0,""0.1"":0}}"
19f5d8535235334ffe1595e8,mquake,v0_stable,0,104,300,capoff,"{""count"":245237,""denominator"":245237,""fraction"":1.0}","{""fraction_for_half_mass"":null,""gini"":null,""minimum_count_for_half_mass"":null,""n"":245237,""positive_count"":0,""top_shares"":{""0.001"":null,""0.01"":null},""total"":0.0,""zero_count"":245237}","{""fraction_for_half_mass"":null,""gini"":null,""minimum_count_for_half_mass"":null,""n"":245237,""positive_count"":0,""top_shares"":{""0.001"":null,""0.01"":null},""total"":0.0,""zero_count"":245237}","{""fraction_for_half_mass"":null,""gini"":null,""minimum_count_for_half_mass"":null,""n"":1931,""positive_count"":0,""top_shares"":{""0.01"":null,""0.05"":null,""0.1"":null},""total"":0.0,""zero_count"":1931}","{""benchmark_pass_count"":1931,""n"":1931,""quantiles"":{""0.5"":0.0,""0.9"":0.0,""0.99"":0.0,""1.0"":0.0},""strict_exceedances"":{""0.01"":0,""0.1"":0}}"
19f5d8535235334ffe1595e8,mquake,v0_stable,0,104,300,original,"{""count"":245237,""denominator"":245237,""fraction"":1.0}","{""fraction_for_half_mass"":null,""gini"":null,""minimum_count_for_half_mass"":null,""n"":245237,""positive_count"":0,""top_shares"":{""0.001"":null,""0.01"":null},""total"":0.0,""zero_count"":245237}","{""fraction_for_half_mass"":null,""gini"":null,""minimum_count_for_half_mass"":null,""n"":245237,""positive_count"":0,""top_shares"":{""0.001"":null,""0.01"":null},""total"":0.0,""zero_count"":245237}","{""fraction_for_half_mass"":null,""gini"":null,""minimum_count_for_half_mass"":null,""n"":1931,""positive_count"":0,""top_shares"":{""0.01"":null,""0.05"":null,""0.1"":null},""total"":0.0,""zero_count"":1931}","{""benchmark_pass_count"":1931,""n"":1931,""quantiles"":{""0.5"":0.0,""0.9"":0.0,""0.99"":0.0,""1.0"":0.0},""strict_exceedances"":{""0.01"":0,""0.1"":0}}"
6b089d284c00a4418a1d3af4,zsre,R1_learned_ff,1,100,1000,capoff,"{""count"":244768,""denominator"":245237,""fraction"":0.9980875642745589}","{""fraction_for_half_mass"":0.00028543816797628414,""gini"":0.9991972428069694,""minimum_count_for_half_mass"":70,""n"":245237,""positive_count"":408,""top_shares"":{""0.001"":0.9052963429438955,""0.01"":1.0},""total"":653.1021159390326,""zero_count"":244829}","{""fraction_for_half_mass"":0.00028136047986233723,""gini"":0.9991768898669137,""minimum_count_for_half_mass"":69,""n"":245237,""positive_count"":469,""top_shares"":{""0.001"":0.8993898657959538,""0.01"":1.0000000000000002},""total"":600.3327270067736,""zero_count"":244768}","{""fraction_for_half_mass"":0.016571724495080268,""gini"":0.9524044896690929,""minimum_count_for_half_mass"":32,""n"":1931,""positive_count"":224,""top_shares"":{""0.01"":0.36790925913600275,""0.05"":0.8574623698437189,""0.1"":0.9922849038878288},""total"":4.727029346510029,""zero_count"":1707}","{""benchmark_pass_count"":1719,""n"":1931,""quantiles"":{""0.5"":0.0,""0.9"":0.0019095206897502374,""0.99"":0.05900714972404217,""1.0"":0.23018625679508267},""strict_exceedances"":{""0.01"":118,""0.1"":5}}"
6b089d284c00a4418a1d3af4,zsre,R1_learned_ff,1,100,1000,original,"{""count"":244768,""denominator"":245237,""fraction"":0.9980875642745589}","{""fraction_for_half_mass"":0.00028543816797628414,""gini"":0.9991972428069694,""minimum_count_for_half_mass"":70,""n"":245237,""positive_count"":408,""top_shares"":{""0.001"":0.9052963429438955,""0.01"":1.0},""total"":653.1021159390326,""zero_count"":244829}","{""fraction_for_half_mass"":0.00028136047986233723,""gini"":0.9991768898669137,""minimum_count_for_half_mass"":69,""n"":245237,""positive_count"":469,""top_shares"":{""0.001"":0.8993898657959538,""0.01"":1.0000000000000002},""total"":600.3327270067736,""zero_count"":244768}","{""fraction_for_half_mass"":0.016571724495080268,""gini"":0.9524044896690929,""minimum_count_for_half_mass"":32,""n"":1931,""positive_count"":224,""top_shares"":{""0.01"":0.36790925913600275,""0.05"":0.8574623698437189,""0.1"":0.9922849038878288},""total"":4.727029346510029,""zero_count"":1707}","{""benchmark_pass_count"":1719,""n"":1931,""quantiles"":{""0.5"":0.0,""0.9"":0.0019095206897502374,""0.99"":0.05900714972404217,""1.0"":0.23018625679508267},""strict_exceedances"":{""0.01"":118,""0.1"":5}}"
47dac9d968ffe594faac0a14,zsre,R1_learned_ff,1,101,1000,capoff,"{""count"":244768,""denominator"":245237,""fraction"":0.9980875642745589}","{""fraction_for_half_mass"":0.00028543816797628414,""gini"":0.9991972428069694,""minimum_count_for_half_mass"":70,""n"":245237,""positive_count"":408,""top_shares"":{""0.001"":0.9052963429438955,""0.01"":1.0},""total"":653.1021159390326,""zero_count"":244829}","{""fraction_for_half_mass"":0.00028136047986233723,""gini"":0.9991768898669137,""minimum_count_for_half_mass"":69,""n"":245237,""positive_count"":469,""top_shares"":{""0.001"":0.8993898657959538,""0.01"":1.0000000000000002},""total"":600.3327270067736,""zero_count"":244768}","{""fraction_for_half_mass"":0.016571724495080268,""gini"":0.9524044896690929,""minimum_count_for_half_mass"":32,""n"":1931,""positive_count"":224,""top_shares"":{""0.01"":0.36790925913600275,""0.05"":0.8574623698437189,""0.1"":0.9922849038878288},""total"":4.727029346510029,""zero_count"":1707}","{""benchmark_pass_count"":1719,""n"":1931,""quantiles"":{""0.5"":0.0,""0.9"":0.0019095206897502374,""0.99"":0.05900714972404217,""1.0"":0.23018625679508267},""strict_exceedances"":{""0.01"":118,""0.1"":5}}"
47dac9d968ffe594faac0a14,zsre,R1_learned_ff,1,101,1000,original,"{""count"":244768,""denominator"":245237,""fraction"":0.9980875642745589}","{""fraction_for_half_mass"":0.00028543816797628414,""gini"":0.9991972428069694,""minimum_count_for_half_mass"":70,""n"":245237,""positive_count"":408,""top_shares"":{""0.001"":0.9052963429438955,""0.01"":1.0},""total"":653.1021159390326,""zero_count"":244829}","{""fraction_for_half_mass"":0.00028136047986233723,""gini"":0.9991768898669137,""minimum_count_for_half_mass"":69,""n"":245237,""positive_count"":469,""top_shares"":{""0.001"":0.8993898657959538,""0.01"":1.0000000000000002},""total"":600.3327270067736,""zero_count"":244768}","{""fraction_for_half_mass"":0.016571724495080268,""gini"":0.9524044896690929,""minimum_count_for_half_mass"":32,""n"":1931,""positive_count"":224,""top_shares"":{""0.01"":0.36790925913600275,""0.05"":0.8574623698437189,""0.1"":0.9922849038878288},""total"":4.727029346510029,""zero_count"":1707}","{""benchmark_pass_count"":1719,""n"":1931,""quantiles"":{""0.5"":0.0,""0.9"":0.0019095206897502374,""0.99"":0.05900714972404217,""1.0"":0.23018625679508267},""strict_exceedances"":{""0.01"":118,""0.1"":5}}"
4eda9e6155b2755508e13091,zsre,R1_learned_ff,1,102,1000,capoff,"{""count"":244768,""denominator"":245237,""fraction"":0.9980875642745589}","{""fraction_for_half_mass"":0.00028543816797628414,""gini"":0.9991972428069694,""minimum_count_for_half_mass"":70,""n"":245237,""positive_count"":408,""top_shares"":{""0.001"":0.9052963429438955,""0.01"":1.0},""total"":653.1021159390326,""zero_count"":244829}","{""fraction_for_half_mass"":0.00028136047986233723,""gini"":0.9991768898669137,""minimum_count_for_half_mass"":69,""n"":245237,""positive_count"":469,""top_shares"":{""0.001"":0.8993898657959538,""0.01"":1.0000000000000002},""total"":600.3327270067736,""zero_count"":244768}","{""fraction_for_half_mass"":0.016571724495080268,""gini"":0.9524044896690929,""minimum_count_for_half_mass"":32,""n"":1931,""positive_count"":224,""top_shares"":{""0.01"":0.36790925913600275,""0.05"":0.8574623698437189,""0.1"":0.9922849038878288},""total"":4.727029346510029,""zero_count"":1707}","{""benchmark_pass_count"":1719,""n"":1931,""quantiles"":{""0.5"":0.0,""0.9"":0.0019095206897502374,""0.99"":0.05900714972404217,""1.0"":0.23018625679508267},""strict_exceedances"":{""0.01"":118,""0.1"":5}}"
4eda9e6155b2755508e13091,zsre,R1_learned_ff,1,102,1000,original,"{""count"":244768,""denominator"":245237,""fraction"":0.9980875642745589}","{""fraction_for_half_mass"":0.00028543816797628414,""gini"":0.9991972428069694,""minimum_count_for_half_mass"":70,""n"":245237,""positive_count"":408,""top_shares"":{""0.001"":0.9052963429438955,""0.01"":1.0},""total"":653.1021159390326,""zero_count"":244829}","{""fraction_for_half_mass"":0.00028136047986233723,""gini"":0.9991768898669137,""minimum_count_for_half_mass"":69,""n"":245237,""positive_count"":469,""top_shares"":{""0.001"":0.8993898657959538,""0.01"":1.0000000000000002},""total"":600.3327270067736,""zero_count"":244768}","{""fraction_for_half_mass"":0.016571724495080268,""gini"":0.9524044896690929,""minimum_count_for_half_mass"":32,""n"":1931,""positive_count"":224,""top_shares"":{""0.01"":0.36790925913600275,""0.05"":0.8574623698437189,""0.1"":0.9922849038878288},""total"":4.727029346510029,""zero_count"":1707}","{""benchmark_pass_count"":1719,""n"":1931,""quantiles"":{""0.5"":0.0,""0.9"":0.0019095206897502374,""0.99"":0.05900714972404217,""1.0"":0.23018625679508267},""strict_exceedances"":{""0.01"":118,""0.1"":5}}"
ab774e229a65298fdc117c96,zsre,R1_learned_ff,1,103,1000,capoff,"{""count"":244768,""denominator"":245237,""fraction"":0.9980875642745589}","{""fraction_for_half_mass"":0.00028543816797628414,""gini"":0.9991972428069694,""minimum_count_for_half_mass"":70,""n"":245237,""positive_count"":408,""top_shares"":{""0.001"":0.9052963429438955,""0.01"":1.0},""total"":653.1021159390326,""zero_count"":244829}","{""fraction_for_half_mass"":0.00028136047986233723,""gini"":0.9991768898669137,""minimum_count_for_half_mass"":69,""n"":245237,""positive_count"":469,""top_shares"":{""0.001"":0.8993898657959538,""0.01"":1.0000000000000002},""total"":600.3327270067736,""zero_count"":244768}","{""fraction_for_half_mass"":0.016571724495080268,""gini"":0.9524044896690929,""minimum_count_for_half_mass"":32,""n"":1931,""positive_count"":224,""top_shares"":{""0.01"":0.36790925913600275,""0.05"":0.8574623698437189,""0.1"":0.9922849038878288},""total"":4.727029346510029,""zero_count"":1707}","{""benchmark_pass_count"":1719,""n"":1931,""quantiles"":{""0.5"":0.0,""0.9"":0.0019095206897502374,""0.99"":0.05900714972404217,""1.0"":0.23018625679508267},""strict_exceedances"":{""0.01"":118,""0.1"":5}}"
ab774e229a65298fdc117c96,zsre,R1_learned_ff,1,103,1000,original,"{""count"":244768,""denominator"":245237,""fraction"":0.9980875642745589}","{""fraction_for_half_mass"":0.00028543816797628414,""gini"":0.9991972428069694,""minimum_count_for_half_mass"":70,""n"":245237,""positive_count"":408,""top_shares"":{""0.001"":0.9052963429438955,""0.01"":1.0},""total"":653.1021159390326,""zero_count"":244829}","{""fraction_for_half_mass"":0.00028136047986233723,""gini"":0.9991768898669137,""minimum_count_for_half_mass"":69,""n"":245237,""positive_count"":469,""top_shares"":{""0.001"":0.8993898657959538,""0.01"":1.0000000000000002},""total"":600.3327270067736,""zero_count"":244768}","{""fraction_for_half_mass"":0.016571724495080268,""gini"":0.9524044896690929,""minimum_count_for_half_mass"":32,""n"":1931,""positive_count"":224,""top_shares"":{""0.01"":0.36790925913600275,""0.05"":0.8574623698437189,""0.1"":0.9922849038878288},""total"":4.727029346510029,""zero_count"":1707}","{""benchmark_pass_count"":1719,""n"":1931,""quantiles"":{""0.5"":0.0,""0.9"":0.0019095206897502374,""0.99"":0.05900714972404217,""1.0"":0.23018625679508267},""strict_exceedances"":{""0.01"":118,""0.1"":5}}"
b4e7dc307a1f895a8fec997a,zsre,R1_learned_ff,1,104,1000,capoff,"{""count"":244768,""denominator"":245237,""fraction"":0.9980875642745589}","{""fraction_for_half_mass"":0.00028543816797628414,""gini"":0.9991972428069694,""minimum_count_for_half_mass"":70,""n"":245237,""positive_count"":408,""top_shares"":{""0.001"":0.9052963429438955,""0.01"":1.0},""total"":653.1021159390326,""zero_count"":244829}","{""fraction_for_half_mass"":0.00028136047986233723,""gini"":0.9991768898669137,""minimum_count_for_half_mass"":69,""n"":245237,""positive_count"":469,""top_shares"":{""0.001"":0.8993898657959538,""0.01"":1.0000000000000002},""total"":600.3327270067736,""zero_count"":244768}","{""fraction_for_half_mass"":0.016571724495080268,""gini"":0.9524044896690929,""minimum_count_for_half_mass"":32,""n"":1931,""positive_count"":224,""top_shares"":{""0.01"":0.36790925913600275,""0.05"":0.8574623698437189,""0.1"":0.9922849038878288},""total"":4.727029346510029,""zero_count"":1707}","{""benchmark_pass_count"":1719,""n"":1931,""quantiles"":{""0.5"":0.0,""0.9"":0.0019095206897502374,""0.99"":0.05900714972404217,""1.0"":0.23018625679508267},""strict_exceedances"":{""0.01"":118,""0.1"":5}}"
b4e7dc307a1f895a8fec997a,zsre,R1_learned_ff,1,104,1000,original,"{""count"":244768,""denominator"":245237,""fraction"":0.9980875642745589}","{""fraction_for_half_mass"":0.00028543816797628414,""gini"":0.9991972428069694,""minimum_count_for_half_mass"":70,""n"":245237,""positive_count"":408,""top_shares"":{""0.001"":0.9052963429438955,""0.01"":1.0},""total"":653.1021159390326,""zero_count"":244829}","{""fraction_for_half_mass"":0.00028136047986233723,""gini"":0.9991768898669137,""minimum_count_for_half_mass"":69,""n"":245237,""positive_count"":469,""top_shares"":{""0.001"":0.8993898657959538,""0.01"":1.0000000000000002},""total"":600.3327270067736,""zero_count"":244768}","{""fraction_for_half_mass"":0.016571724495080268,""gini"":0.9524044896690929,""minimum_count_for_half_mass"":32,""n"":1931,""positive_count"":224,""top_shares"":{""0.01"":0.36790925913600275,""0.05"":0.8574623698437189,""0.1"":0.9922849038878288},""total"":4.727029346510029,""zero_count"":1707}","{""benchmark_pass_count"":1719,""n"":1931,""quantiles"":{""0.5"":0.0,""0.9"":0.0019095206897502374,""0.99"":0.05900714972404217,""1.0"":0.23018625679508267},""strict_exceedances"":{""0.01"":118,""0.1"":5}}"
826332f387bd487a045d412f,counterfact,R1_learned_ff,1,100,1000,capoff,"{""count"":244492,""denominator"":245237,""fraction"":0.9969621223551095}","{""fraction_for_half_mass"":0.0004648564449899485,""gini"":0.9987140211809094,""minimum_count_for_half_mass"":114,""n"":245237,""positive_count"":650,""top_shares"":{""0.001"":0.7590916837512337,""0.01"":0.9999999999999998},""total"":1176.8342214069673,""zero_count"":244587}","{""fraction_for_half_mass"":0.00047301182121784233,""gini"":0.9986371682286858,""minimum_count_for_half_mass"":116,""n"":245237,""positive_count"":745,""top_shares"":{""0.001"":0.7487848117818389,""0.01"":1.0000000000000002},""total"":1159.4467814571324,""zero_count"":244492}","{""fraction_for_half_mass"":0.031071983428275506,""gini"":0.9125496797059761,""minimum_count_for_half_mass"":60,""n"":1931,""positive_count"":377,""top_shares"":{""0.01"":0.2341540350435884,""0.05"":0.6519836532434983,""0.1"":0.88641057466744},""total"":9.129502216197894,""zero_count"":1554}","{""benchmark_pass_count"":1569,""n"":1931,""quantiles"":{""0.5"":0.0,""0.9"":0.013572319460858013,""0.99"":0.0817991997665465,""1.0"":0.18435620562997576},""strict_exceedances"":{""0.01"":223,""0.1"":13}}"
826332f387bd487a045d412f,counterfact,R1_learned_ff,1,100,1000,original,"{""count"":244492,""denominator"":245237,""fraction"":0.9969621223551095}","{""fraction_for_half_mass"":0.0004648564449899485,""gini"":0.9987140211809094,""minimum_count_for_half_mass"":114,""n"":245237,""positive_count"":650,""top_shares"":{""0.001"":0.7590916837512337,""0.01"":0.9999999999999998},""total"":1176.8342214069673,""zero_count"":244587}","{""fraction_for_half_mass"":0.00047301182121784233,""gini"":0.9986371682286858,""minimum_count_for_half_mass"":116,""n"":245237,""positive_count"":745,""top_shares"":{""0.001"":0.7487848117818389,""0.01"":1.0000000000000002},""total"":1159.4467814571324,""zero_count"":244492}","{""fraction_for_half_mass"":0.031071983428275506,""gini"":0.9125496797059761,""minimum_count_for_half_mass"":60,""n"":1931,""positive_count"":377,""top_shares"":{""0.01"":0.2341540350435884,""0.05"":0.6519836532434983,""0.1"":0.88641057466744},""total"":9.129502216197894,""zero_count"":1554}","{""benchmark_pass_count"":1569,""n"":1931,""quantiles"":{""0.5"":0.0,""0.9"":0.013572319460858013,""0.99"":0.0817991997665465,""1.0"":0.18435620562997576},""strict_exceedances"":{""0.01"":223,""0.1"":13}}"
14d45f0e87126104057518af,counterfact,R1_learned_ff,1,101,1000,capoff,"{""count"":244492,""denominator"":245237,""fraction"":0.9969621223551095}","{""fraction_for_half_mass"":0.0004648564449899485,""gini"":0.9987140211809094,""minimum_count_for_half_mass"":114,""n"":245237,""positive_count"":650,""top_shares"":{""0.001"":0.7590916837512337,""0.01"":0.9999999999999998},""total"":1176.8342214069673,""zero_count"":244587}","{""fraction_for_half_mass"":0.00047301182121784233,""gini"":0.9986371682286858,""minimum_count_for_half_mass"":116,""n"":245237,""positive_count"":745,""top_shares"":{""0.001"":0.7487848117818389,""0.01"":1.0000000000000002},""total"":1159.4467814571324,""zero_count"":244492}","{""fraction_for_half_mass"":0.031071983428275506,""gini"":0.9125496797059761,""minimum_count_for_half_mass"":60,""n"":1931,""positive_count"":377,""top_shares"":{""0.01"":0.2341540350435884,""0.05"":0.6519836532434983,""0.1"":0.88641057466744},""total"":9.129502216197894,""zero_count"":1554}","{""benchmark_pass_count"":1569,""n"":1931,""quantiles"":{""0.5"":0.0,""0.9"":0.013572319460858013,""0.99"":0.0817991997665465,""1.0"":0.18435620562997576},""strict_exceedances"":{""0.01"":223,""0.1"":13}}"
14d45f0e87126104057518af,counterfact,R1_learned_ff,1,101,1000,original,"{""count"":244492,""denominator"":245237,""fraction"":0.9969621223551095}","{""fraction_for_half_mass"":0.0004648564449899485,""gini"":0.9987140211809094,""minimum_count_for_half_mass"":114,""n"":245237,""positive_count"":650,""top_shares"":{""0.001"":0.7590916837512337,""0.01"":0.9999999999999998},""total"":1176.8342214069673,""zero_count"":244587}","{""fraction_for_half_mass"":0.00047301182121784233,""gini"":0.9986371682286858,""minimum_count_for_half_mass"":116,""n"":245237,""positive_count"":745,""top_shares"":{""0.001"":0.7487848117818389,""0.01"":1.0000000000000002},""total"":1159.4467814571324,""zero_count"":244492}","{""fraction_for_half_mass"":0.031071983428275506,""gini"":0.9125496797059761,""minimum_count_for_half_mass"":60,""n"":1931,""positive_count"":377,""top_shares"":{""0.01"":0.2341540350435884,""0.05"":0.6519836532434983,""0.1"":0.88641057466744},""total"":9.129502216197894,""zero_count"":1554}","{""benchmark_pass_count"":1569,""n"":1931,""quantiles"":{""0.5"":0.0,""0.9"":0.013572319460858013,""0.99"":0.0817991997665465,""1.0"":0.18435620562997576},""strict_exceedances"":{""0.01"":223,""0.1"":13}}"
960d0adeb6cacfcfce93d546,counterfact,R1_learned_ff,1,102,1000,capoff,"{""count"":244492,""denominator"":245237,""fraction"":0.9969621223551095}","{""fraction_for_half_mass"":0.0004648564449899485,""gini"":0.9987140211809094,""minimum_count_for_half_mass"":114,""n"":245237,""positive_count"":650,""top_shares"":{""0.001"":0.7590916837512337,""0.01"":0.9999999999999998},""total"":1176.8342214069673,""zero_count"":244587}","{""fraction_for_half_mass"":0.00047301182121784233,""gini"":0.9986371682286858,""minimum_count_for_half_mass"":116,""n"":245237,""positive_count"":745,""top_shares"":{""0.001"":0.7487848117818389,""0.01"":1.0000000000000002},""total"":1159.4467814571324,""zero_count"":244492}","{""fraction_for_half_mass"":0.031071983428275506,""gini"":0.9125496797059761,""minimum_count_for_half_mass"":60,""n"":1931,""positive_count"":377,""top_shares"":{""0.01"":0.2341540350435884,""0.05"":0.6519836532434983,""0.1"":0.88641057466744},""total"":9.129502216197894,""zero_count"":1554}","{""benchmark_pass_count"":1569,""n"":1931,""quantiles"":{""0.5"":0.0,""0.9"":0.013572319460858013,""0.99"":0.0817991997665465,""1.0"":0.18435620562997576},""strict_exceedances"":{""0.01"":223,""0.1"":13}}"
960d0adeb6cacfcfce93d546,counterfact,R1_learned_ff,1,102,1000,original,"{""count"":244492,""denominator"":245237,""fraction"":0.9969621223551095}","{""fraction_for_half_mass"":0.0004648564449899485,""gini"":0.9987140211809094,""minimum_count_for_half_mass"":114,""n"":245237,""positive_count"":650,""top_shares"":{""0.001"":0.7590916837512337,""0.01"":0.9999999999999998},""total"":1176.8342214069673,""zero_count"":244587}","{""fraction_for_half_mass"":0.00047301182121784233,""gini"":0.9986371682286858,""minimum_count_for_half_mass"":116,""n"":245237,""positive_count"":745,""top_shares"":{""0.001"":0.7487848117818389,""0.01"":1.0000000000000002},""total"":1159.4467814571324,""zero_count"":244492}","{""fraction_for_half_mass"":0.031071983428275506,""gini"":0.9125496797059761,""minimum_count_for_half_mass"":60,""n"":1931,""positive_count"":377,""top_shares"":{""0.01"":0.2341540350435884,""0.05"":0.6519836532434983,""0.1"":0.88641057466744},""total"":9.129502216197894,""zero_count"":1554}","{""benchmark_pass_count"":1569,""n"":1931,""quantiles"":{""0.5"":0.0,""0.9"":0.013572319460858013,""0.99"":0.0817991997665465,""1.0"":0.18435620562997576},""strict_exceedances"":{""0.01"":223,""0.1"":13}}"
6840a40e6e5c90bdc40b89b0,counterfact,R1_learned_ff,1,103,1000,capoff,"{""count"":244492,""denominator"":245237,""fraction"":0.9969621223551095}","{""fraction_for_half_mass"":0.0004648564449899485,""gini"":0.9987140211809094,""minimum_count_for_half_mass"":114,""n"":245237,""positive_count"":650,""top_shares"":{""0.001"":0.7590916837512337,""0.01"":0.9999999999999998},""total"":1176.8342214069673,""zero_count"":244587}","{""fraction_for_half_mass"":0.00047301182121784233,""gini"":0.9986371682286858,""minimum_count_for_half_mass"":116,""n"":245237,""positive_count"":745,""top_shares"":{""0.001"":0.7487848117818389,""0.01"":1.0000000000000002},""total"":1159.4467814571324,""zero_count"":244492}","{""fraction_for_half_mass"":0.031071983428275506,""gini"":0.9125496797059761,""minimum_count_for_half_mass"":60,""n"":1931,""positive_count"":377,""top_shares"":{""0.01"":0.2341540350435884,""0.05"":0.6519836532434983,""0.1"":0.88641057466744},""total"":9.129502216197894,""zero_count"":1554}","{""benchmark_pass_count"":1569,""n"":1931,""quantiles"":{""0.5"":0.0,""0.9"":0.013572319460858013,""0.99"":0.0817991997665465,""1.0"":0.18435620562997576},""strict_exceedances"":{""0.01"":223,""0.1"":13}}"
6840a40e6e5c90bdc40b89b0,counterfact,R1_learned_ff,1,103,1000,original,"{""count"":244492,""denominator"":245237,""fraction"":0.9969621223551095}","{""fraction_for_half_mass"":0.0004648564449899485,""gini"":0.9987140211809094,""minimum_count_for_half_mass"":114,""n"":245237,""positive_count"":650,""top_shares"":{""0.001"":0.7590916837512337,""0.01"":0.9999999999999998},""total"":1176.8342214069673,""zero_count"":244587}","{""fraction_for_half_mass"":0.00047301182121784233,""gini"":0.9986371682286858,""minimum_count_for_half_mass"":116,""n"":245237,""positive_count"":745,""top_shares"":{""0.001"":0.7487848117818389,""0.01"":1.0000000000000002},""total"":1159.4467814571324,""zero_count"":244492}","{""fraction_for_half_mass"":0.031071983428275506,""gini"":0.9125496797059761,""minimum_count_for_half_mass"":60,""n"":1931,""positive_count"":377,""top_shares"":{""0.01"":0.2341540350435884,""0.05"":0.6519836532434983,""0.1"":0.88641057466744},""total"":9.129502216197894,""zero_count"":1554}","{""benchmark_pass_count"":1569,""n"":1931,""quantiles"":{""0.5"":0.0,""0.9"":0.013572319460858013,""0.99"":0.0817991997665465,""1.0"":0.18435620562997576},""strict_exceedances"":{""0.01"":223,""0.1"":13}}"
42ba32e4f07423bee03296b3,counterfact,R1_learned_ff,1,104,1000,capoff,"{""count"":244492,""denominator"":245237,""fraction"":0.9969621223551095}","{""fraction_for_half_mass"":0.0004648564449899485,""gini"":0.9987140211809094,""minimum_count_for_half_mass"":114,""n"":245237,""positive_count"":650,""top_shares"":{""0.001"":0.7590916837512337,""0.01"":0.9999999999999998},""total"":1176.8342214069673,""zero_count"":244587}","{""fraction_for_half_mass"":0.00047301182121784233,""gini"":0.9986371682286858,""minimum_count_for_half_mass"":116,""n"":245237,""positive_count"":745,""top_shares"":{""0.001"":0.7487848117818389,""0.01"":1.0000000000000002},""total"":1159.4467814571324,""zero_count"":244492}","{""fraction_for_half_mass"":0.031071983428275506,""gini"":0.9125496797059761,""minimum_count_for_half_mass"":60,""n"":1931,""positive_count"":377,""top_shares"":{""0.01"":0.2341540350435884,""0.05"":0.6519836532434983,""0.1"":0.88641057466744},""total"":9.129502216197894,""zero_count"":1554}","{""benchmark_pass_count"":1569,""n"":1931,""quantiles"":{""0.5"":0.0,""0.9"":0.013572319460858013,""0.99"":0.0817991997665465,""1.0"":0.18435620562997576},""strict_exceedances"":{""0.01"":223,""0.1"":13}}"
42ba32e4f07423bee03296b3,counterfact,R1_learned_ff,1,104,1000,original,"{""count"":244492,""denominator"":245237,""fraction"":0.9969621223551095}","{""fraction_for_half_mass"":0.0004648564449899485,""gini"":0.9987140211809094,""minimum_count_for_half_mass"":114,""n"":245237,""positive_count"":650,""top_shares"":{""0.001"":0.7590916837512337,""0.01"":0.9999999999999998},""total"":1176.8342214069673,""zero_count"":244587}","{""fraction_for_half_mass"":0.00047301182121784233,""gini"":0.9986371682286858,""minimum_count_for_half_mass"":116,""n"":245237,""positive_count"":745,""top_shares"":{""0.001"":0.7487848117818389,""0.01"":1.0000000000000002},""total"":1159.4467814571324,""zero_count"":244492}","{""fraction_for_half_mass"":0.031071983428275506,""gini"":0.9125496797059761,""minimum_count_for_half_mass"":60,""n"":1931,""positive_count"":377,""top_shares"":{""0.01"":0.2341540350435884,""0.05"":0.6519836532434983,""0.1"":0.88641057466744},""total"":9.129502216197894,""zero_count"":1554}","{""benchmark_pass_count"":1569,""n"":1931,""quantiles"":{""0.5"":0.0,""0.9"":0.013572319460858013,""0.99"":0.0817991997665465,""1.0"":0.18435620562997576},""strict_exceedances"":{""0.01"":223,""0.1"":13}}"
19964c4e7f737707baad94a5,mquake,R1_learned_ff,1,100,300,capoff,"{""count"":244269,""denominator"":245237,""fraction"":0.9960527979056993}","{""fraction_for_half_mass"":0.0006972846674849227,""gini"":0.9981881947915368,""minimum_count_for_half_mass"":171,""n"":245237,""positive_count"":859,""top_shares"":{""0.001"":0.6249105862927471,""0.01"":0.9999999999999999},""total"":1741.415472501424,""zero_count"":244378}","{""fraction_for_half_mass"":0.0007217507961686042,""gini"":0.9981100716498056,""minimum_count_for_half_mass"":177,""n"":245237,""positive_count"":968,""top_shares"":{""0.001"":0.6123006717241475,""0.01"":1.0000000000000002},""total"":1701.1980737802648,""zero_count"":244269}","{""fraction_for_half_mass"":0.020714655618850338,""gini"":0.9329884492728261,""minimum_count_for_half_mass"":40,""n"":1931,""positive_count"":346,""top_shares"":{""0.01"":0.34531838715890417,""0.05"":0.7513551967980242,""0.1"":0.9272697286916575},""total"":13.395260423466656,""zero_count"":1585}","{""benchmark_pass_count"":1597,""n"":1931,""quantiles"":{""0.5"":0.0,""0.9"":0.015088473041336384,""0.99"":0.12465955241226082,""1.0"":0.47276053392189826},""strict_exceedances"":{""0.01"":231,""0.1"":31}}"
19964c4e7f737707baad94a5,mquake,R1_learned_ff,1,100,300,original,"{""count"":244269,""denominator"":245237,""fraction"":0.9960527979056993}","{""fraction_for_half_mass"":0.0006972846674849227,""gini"":0.9981881947915368,""minimum_count_for_half_mass"":171,""n"":245237,""positive_count"":859,""top_shares"":{""0.001"":0.6249105862927471,""0.01"":0.9999999999999999},""total"":1741.415472501424,""zero_count"":244378}","{""fraction_for_half_mass"":0.0007217507961686042,""gini"":0.9981100716498056,""minimum_count_for_half_mass"":177,""n"":245237,""positive_count"":968,""top_shares"":{""0.001"":0.6123006717241475,""0.01"":1.0000000000000002},""total"":1701.1980737802648,""zero_count"":244269}","{""fraction_for_half_mass"":0.020714655618850338,""gini"":0.9329884492728261,""minimum_count_for_half_mass"":40,""n"":1931,""positive_count"":346,""top_shares"":{""0.01"":0.34531838715890417,""0.05"":0.7513551967980242,""0.1"":0.9272697286916575},""total"":13.395260423466656,""zero_count"":1585}","{""benchmark_pass_count"":1597,""n"":1931,""quantiles"":{""0.5"":0.0,""0.9"":0.015088473041336384,""0.99"":0.12465955241226082,""1.0"":0.47276053392189826},""strict_exceedances"":{""0.01"":231,""0.1"":31}}"
40ec11c9694b4265a013c682,mquake,R1_learned_ff,1,101,300,capoff,"{""count"":244269,""denominator"":245237,""fraction"":0.9960527979056993}","{""fraction_for_half_mass"":0.0006972846674849227,""gini"":0.9981881947915368,""minimum_count_for_half_mass"":171,""n"":245237,""positive_count"":859,""top_shares"":{""0.001"":0.6249105862927471,""0.01"":0.9999999999999999},""total"":1741.415472501424,""zero_count"":244378}","{""fraction_for_half_mass"":0.0007217507961686042,""gini"":0.9981100716498056,""minimum_count_for_half_mass"":177,""n"":245237,""positive_count"":968,""top_shares"":{""0.001"":0.6123006717241475,""0.01"":1.0000000000000002},""total"":1701.1980737802648,""zero_count"":244269}","{""fraction_for_half_mass"":0.020714655618850338,""gini"":0.9329884492728261,""minimum_count_for_half_mass"":40,""n"":1931,""positive_count"":346,""top_shares"":{""0.01"":0.34531838715890417,""0.05"":0.7513551967980242,""0.1"":0.9272697286916575},""total"":13.395260423466656,""zero_count"":1585}","{""benchmark_pass_count"":1597,""n"":1931,""quantiles"":{""0.5"":0.0,""0.9"":0.015088473041336384,""0.99"":0.12465955241226082,""1.0"":0.47276053392189826},""strict_exceedances"":{""0.01"":231,""0.1"":31}}"
40ec11c9694b4265a013c682,mquake,R1_learned_ff,1,101,300,original,"{""count"":244269,""denominator"":245237,""fraction"":0.9960527979056993}","{""fraction_for_half_mass"":0.0006972846674849227,""gini"":0.9981881947915368,""minimum_count_for_half_mass"":171,""n"":245237,""positive_count"":859,""top_shares"":{""0.001"":0.6249105862927471,""0.01"":0.9999999999999999},""total"":1741.415472501424,""zero_count"":244378}","{""fraction_for_half_mass"":0.0007217507961686042,""gini"":0.9981100716498056,""minimum_count_for_half_mass"":177,""n"":245237,""positive_count"":968,""top_shares"":{""0.001"":0.6123006717241475,""0.01"":1.0000000000000002},""total"":1701.1980737802648,""zero_count"":244269}","{""fraction_for_half_mass"":0.020714655618850338,""gini"":0.9329884492728261,""minimum_count_for_half_mass"":40,""n"":1931,""positive_count"":346,""top_shares"":{""0.01"":0.34531838715890417,""0.05"":0.7513551967980242,""0.1"":0.9272697286916575},""total"":13.395260423466656,""zero_count"":1585}","{""benchmark_pass_count"":1597,""n"":1931,""quantiles"":{""0.5"":0.0,""0.9"":0.015088473041336384,""0.99"":0.12465955241226082,""1.0"":0.47276053392189826},""strict_exceedances"":{""0.01"":231,""0.1"":31}}"
f0642100f6eb9cd77e92f439,mquake,R1_learned_ff,1,102,300,capoff,"{""count"":244269,""denominator"":245237,""fraction"":0.9960527979056993}","{""fraction_for_half_mass"":0.0006972846674849227,""gini"":0.9981881947915368,""minimum_count_for_half_mass"":171,""n"":245237,""positive_count"":859,""top_shares"":{""0.001"":0.6249105862927471,""0.01"":0.9999999999999999},""total"":1741.415472501424,""zero_count"":244378}","{""fraction_for_half_mass"":0.0007217507961686042,""gini"":0.9981100716498056,""minimum_count_for_half_mass"":177,""n"":245237,""positive_count"":968,""top_shares"":{""0.001"":0.6123006717241475,""0.01"":1.0000000000000002},""total"":1701.1980737802648,""zero_count"":244269}","{""fraction_for_half_mass"":0.020714655618850338,""gini"":0.9329884492728261,""minimum_count_for_half_mass"":40,""n"":1931,""positive_count"":346,""top_shares"":{""0.01"":0.34531838715890417,""0.05"":0.7513551967980242,""0.1"":0.9272697286916575},""total"":13.395260423466656,""zero_count"":1585}","{""benchmark_pass_count"":1597,""n"":1931,""quantiles"":{""0.5"":0.0,""0.9"":0.015088473041336384,""0.99"":0.12465955241226082,""1.0"":0.47276053392189826},""strict_exceedances"":{""0.01"":231,""0.1"":31}}"
f0642100f6eb9cd77e92f439,mquake,R1_learned_ff,1,102,300,original,"{""count"":244269,""denominator"":245237,""fraction"":0.9960527979056993}","{""fraction_for_half_mass"":0.0006972846674849227,""gini"":0.9981881947915368,""minimum_count_for_half_mass"":171,""n"":245237,""positive_count"":859,""top_shares"":{""0.001"":0.6249105862927471,""0.01"":0.9999999999999999},""total"":1741.415472501424,""zero_count"":244378}","{""fraction_for_half_mass"":0.0007217507961686042,""gini"":0.9981100716498056,""minimum_count_for_half_mass"":177,""n"":245237,""positive_count"":968,""top_shares"":{""0.001"":0.6123006717241475,""0.01"":1.0000000000000002},""total"":1701.1980737802648,""zero_count"":244269}","{""fraction_for_half_mass"":0.020714655618850338,""gini"":0.9329884492728261,""minimum_count_for_half_mass"":40,""n"":1931,""positive_count"":346,""top_shares"":{""0.01"":0.34531838715890417,""0.05"":0.7513551967980242,""0.1"":0.9272697286916575},""total"":13.395260423466656,""zero_count"":1585}","{""benchmark_pass_count"":1597,""n"":1931,""quantiles"":{""0.5"":0.0,""0.9"":0.015088473041336384,""0.99"":0.12465955241226082,""1.0"":0.47276053392189826},""strict_exceedances"":{""0.01"":231,""0.1"":31}}"
b7ff3139c3f3eeb3ff7e9c80,mquake,R1_learned_ff,1,103,300,capoff,"{""count"":244269,""denominator"":245237,""fraction"":0.9960527979056993}","{""fraction_for_half_mass"":0.0006972846674849227,""gini"":0.9981881947915368,""minimum_count_for_half_mass"":171,""n"":245237,""positive_count"":859,""top_shares"":{""0.001"":0.6249105862927471,""0.01"":0.9999999999999999},""total"":1741.415472501424,""zero_count"":244378}","{""fraction_for_half_mass"":0.0007217507961686042,""gini"":0.9981100716498056,""minimum_count_for_half_mass"":177,""n"":245237,""positive_count"":968,""top_shares"":{""0.001"":0.6123006717241475,""0.01"":1.0000000000000002},""total"":1701.1980737802648,""zero_count"":244269}","{""fraction_for_half_mass"":0.020714655618850338,""gini"":0.9329884492728261,""minimum_count_for_half_mass"":40,""n"":1931,""positive_count"":346,""top_shares"":{""0.01"":0.34531838715890417,""0.05"":0.7513551967980242,""0.1"":0.9272697286916575},""total"":13.395260423466656,""zero_count"":1585}","{""benchmark_pass_count"":1597,""n"":1931,""quantiles"":{""0.5"":0.0,""0.9"":0.015088473041336384,""0.99"":0.12465955241226082,""1.0"":0.47276053392189826},""strict_exceedances"":{""0.01"":231,""0.1"":31}}"
b7ff3139c3f3eeb3ff7e9c80,mquake,R1_learned_ff,1,103,300,original,"{""count"":244269,""denominator"":245237,""fraction"":0.9960527979056993}","{""fraction_for_half_mass"":0.0006972846674849227,""gini"":0.9981881947915368,""minimum_count_for_half_mass"":171,""n"":245237,""positive_count"":859,""top_shares"":{""0.001"":0.6249105862927471,""0.01"":0.9999999999999999},""total"":1741.415472501424,""zero_count"":244378}","{""fraction_for_half_mass"":0.0007217507961686042,""gini"":0.9981100716498056,""minimum_count_for_half_mass"":177,""n"":245237,""positive_count"":968,""top_shares"":{""0.001"":0.6123006717241475,""0.01"":1.0000000000000002},""total"":1701.1980737802648,""zero_count"":244269}","{""fraction_for_half_mass"":0.020714655618850338,""gini"":0.9329884492728261,""minimum_count_for_half_mass"":40,""n"":1931,""positive_count"":346,""top_shares"":{""0.01"":0.34531838715890417,""0.05"":0.7513551967980242,""0.1"":0.9272697286916575},""total"":13.395260423466656,""zero_count"":1585}","{""benchmark_pass_count"":1597,""n"":1931,""quantiles"":{""0.5"":0.0,""0.9"":0.015088473041336384,""0.99"":0.12465955241226082,""1.0"":0.47276053392189826},""strict_exceedances"":{""0.01"":231,""0.1"":31}}"
1833a410c9e8704f6a379114,mquake,R1_learned_ff,1,104,300,capoff,"{""count"":244269,""denominator"":245237,""fraction"":0.9960527979056993}","{""fraction_for_half_mass"":0.0006972846674849227,""gini"":0.9981881947915368,""minimum_count_for_half_mass"":171,""n"":245237,""positive_count"":859,""top_shares"":{""0.001"":0.6249105862927471,""0.01"":0.9999999999999999},""total"":1741.415472501424,""zero_count"":244378}","{""fraction_for_half_mass"":0.0007217507961686042,""gini"":0.9981100716498056,""minimum_count_for_half_mass"":177,""n"":245237,""positive_count"":968,""top_shares"":{""0.001"":0.6123006717241475,""0.01"":1.0000000000000002},""total"":1701.1980737802648,""zero_count"":244269}","{""fraction_for_half_mass"":0.020714655618850338,""gini"":0.9329884492728261,""minimum_count_for_half_mass"":40,""n"":1931,""positive_count"":346,""top_shares"":{""0.01"":0.34531838715890417,""0.05"":0.7513551967980242,""0.1"":0.9272697286916575},""total"":13.395260423466656,""zero_count"":1585}","{""benchmark_pass_count"":1597,""n"":1931,""quantiles"":{""0.5"":0.0,""0.9"":0.015088473041336384,""0.99"":0.12465955241226082,""1.0"":0.47276053392189826},""strict_exceedances"":{""0.01"":231,""0.1"":31}}"
1833a410c9e8704f6a379114,mquake,R1_learned_ff,1,104,300,original,"{""count"":244269,""denominator"":245237,""fraction"":0.9960527979056993}","{""fraction_for_half_mass"":0.0006972846674849227,""gini"":0.9981881947915368,""minimum_count_for_half_mass"":171,""n"":245237,""positive_count"":859,""top_shares"":{""0.001"":0.6249105862927471,""0.01"":0.9999999999999999},""total"":1741.415472501424,""zero_count"":244378}","{""fraction_for_half_mass"":0.0007217507961686042,""gini"":0.9981100716498056,""minimum_count_for_half_mass"":177,""n"":245237,""positive_count"":968,""top_shares"":{""0.001"":0.6123006717241475,""0.01"":1.0000000000000002},""total"":1701.1980737802648,""zero_count"":244269}","{""fraction_for_half_mass"":0.020714655618850338,""gini"":0.9329884492728261,""minimum_count_for_half_mass"":40,""n"":1931,""positive_count"":346,""top_shares"":{""0.01"":0.34531838715890417,""0.05"":0.7513551967980242,""0.1"":0.9272697286916575},""total"":13.395260423466656,""zero_count"":1585}","{""benchmark_pass_count"":1597,""n"":1931,""quantiles"":{""0.5"":0.0,""0.9"":0.015088473041336384,""0.99"":0.12465955241226082,""1.0"":0.47276053392189826},""strict_exceedances"":{""0.01"":231,""0.1"":31}}"
82606602ae475e73eb4401f9,zsre,R1_nonlearned,1,100,1000,capoff,"{""count"":245132,""denominator"":245237,""fraction"":0.9995718427480356}","{""fraction_for_half_mass"":8.970913850683216e-05,""gini"":0.9997782801889921,""minimum_count_for_half_mass"":22,""n"":245237,""positive_count"":97,""top_shares"":{""0.001"":1.0000000000000002,""0.01"":1.0},""total"":180.41974984508093,""zero_count"":245140}","{""fraction_for_half_mass"":9.378682662077908e-05,""gini"":0.9997656804141999,""minimum_count_for_half_mass"":23,""n"":245237,""positive_count"":105,""top_shares"":{""0.001"":1.0000000000000002,""0.01"":1.0000000000000002},""total"":182.1003942496262,""zero_count"":245132}","{""fraction_for_half_mass"":0.011393060590367685,""gini"":0.9718083145976916,""minimum_count_for_half_mass"":22,""n"":1931,""positive_count"":100,""top_shares"":{""0.01"":0.4694736300690018,""0.05"":0.9958476614483107,""0.1"":1.0},""total"":1.4338613720443008,""zero_count"":1831}","{""benchmark_pass_count"":1831,""n"":1931,""quantiles"":{""0.5"":0.0,""0.9"":0.0,""0.99"":0.02486871653750125,""1.0"":0.055692646909470025},""strict_exceedances"":{""0.01"":47,""0.1"":0}}"
82606602ae475e73eb4401f9,zsre,R1_nonlearned,1,100,1000,original,"{""count"":245132,""denominator"":245237,""fraction"":0.9995718427480356}","{""fraction_for_half_mass"":8.970913850683216e-05,""gini"":0.9997782801889921,""minimum_count_for_half_mass"":22,""n"":245237,""positive_count"":97,""top_shares"":{""0.001"":1.0000000000000002,""0.01"":1.0},""total"":180.41974984508093,""zero_count"":245140}","{""fraction_for_half_mass"":9.378682662077908e-05,""gini"":0.9997656804141999,""minimum_count_for_half_mass"":23,""n"":245237,""positive_count"":105,""top_shares"":{""0.001"":1.0000000000000002,""0.01"":1.0000000000000002},""total"":182.1003942496262,""zero_count"":245132}","{""fraction_for_half_mass"":0.011393060590367685,""gini"":0.9718083145976916,""minimum_count_for_half_mass"":22,""n"":1931,""positive_count"":100,""top_shares"":{""0.01"":0.4694736300690018,""0.05"":0.9958476614483107,""0.1"":1.0},""total"":1.4338613720443008,""zero_count"":1831}","{""benchmark_pass_count"":1831,""n"":1931,""quantiles"":{""0.5"":0.0,""0.9"":0.0,""0.99"":0.02486871653750125,""1.0"":0.055692646909470025},""strict_exceedances"":{""0.01"":47,""0.1"":0}}"
2172052824abd70e8135366f,zsre,R1_nonlearned,1,101,1000,capoff,"{""count"":245132,""denominator"":245237,""fraction"":0.9995718427480356}","{""fraction_for_half_mass"":8.970913850683216e-05,""gini"":0.9997782801889921,""minimum_count_for_half_mass"":22,""n"":245237,""positive_count"":97,""top_shares"":{""0.001"":1.0000000000000002,""0.01"":1.0},""total"":180.41974984508093,""zero_count"":245140}","{""fraction_for_half_mass"":9.378682662077908e-05,""gini"":0.9997656804141999,""minimum_count_for_half_mass"":23,""n"":245237,""positive_count"":105,""top_shares"":{""0.001"":1.0000000000000002,""0.01"":1.0000000000000002},""total"":182.1003942496262,""zero_count"":245132}","{""fraction_for_half_mass"":0.011393060590367685,""gini"":0.9718083145976916,""minimum_count_for_half_mass"":22,""n"":1931,""positive_count"":100,""top_shares"":{""0.01"":0.4694736300690018,""0.05"":0.9958476614483107,""0.1"":1.0},""total"":1.4338613720443008,""zero_count"":1831}","{""benchmark_pass_count"":1831,""n"":1931,""quantiles"":{""0.5"":0.0,""0.9"":0.0,""0.99"":0.02486871653750125,""1.0"":0.055692646909470025},""strict_exceedances"":{""0.01"":47,""0.1"":0}}"
2172052824abd70e8135366f,zsre,R1_nonlearned,1,101,1000,original,"{""count"":245132,""denominator"":245237,""fraction"":0.9995718427480356}","{""fraction_for_half_mass"":8.970913850683216e-05,""gini"":0.9997782801889921,""minimum_count_for_half_mass"":22,""n"":245237,""positive_count"":97,""top_shares"":{""0.001"":1.0000000000000002,""0.01"":1.0},""total"":180.41974984508093,""zero_count"":245140}","{""fraction_for_half_mass"":9.378682662077908e-05,""gini"":0.9997656804141999,""minimum_count_for_half_mass"":23,""n"":245237,""positive_count"":105,""top_shares"":{""0.001"":1.0000000000000002,""0.01"":1.0000000000000002},""total"":182.1003942496262,""zero_count"":245132}","{""fraction_for_half_mass"":0.011393060590367685,""gini"":0.9718083145976916,""minimum_count_for_half_mass"":22,""n"":1931,""positive_count"":100,""top_shares"":{""0.01"":0.4694736300690018,""0.05"":0.9958476614483107,""0.1"":1.0},""total"":1.4338613720443008,""zero_count"":1831}","{""benchmark_pass_count"":1831,""n"":1931,""quantiles"":{""0.5"":0.0,""0.9"":0.0,""0.99"":0.02486871653750125,""1.0"":0.055692646909470025},""strict_exceedances"":{""0.01"":47,""0.1"":0}}"
5c394f4861164c1d5b31de4c,zsre,R1_nonlearned,1,102,1000,capoff,"{""count"":245132,""denominator"":245237,""fraction"":0.9995718427480356}","{""fraction_for_half_mass"":8.970913850683216e-05,""gini"":0.9997782801889921,""minimum_count_for_half_mass"":22,""n"":245237,""positive_count"":97,""top_shares"":{""0.001"":1.0000000000000002,""0.01"":1.0},""total"":180.41974984508093,""zero_count"":245140}","{""fraction_for_half_mass"":9.378682662077908e-05,""gini"":0.9997656804141999,""minimum_count_for_half_mass"":23,""n"":245237,""positive_count"":105,""top_shares"":{""0.001"":1.0000000000000002,""0.01"":1.0000000000000002},""total"":182.1003942496262,""zero_count"":245132}","{""fraction_for_half_mass"":0.011393060590367685,""gini"":0.9718083145976916,""minimum_count_for_half_mass"":22,""n"":1931,""positive_count"":100,""top_shares"":{""0.01"":0.4694736300690018,""0.05"":0.9958476614483107,""0.1"":1.0},""total"":1.4338613720443008,""zero_count"":1831}","{""benchmark_pass_count"":1831,""n"":1931,""quantiles"":{""0.5"":0.0,""0.9"":0.0,""0.99"":0.02486871653750125,""1.0"":0.055692646909470025},""strict_exceedances"":{""0.01"":47,""0.1"":0}}"
5c394f4861164c1d5b31de4c,zsre,R1_nonlearned,1,102,1000,original,"{""count"":245132,""denominator"":245237,""fraction"":0.9995718427480356}","{""fraction_for_half_mass"":8.970913850683216e-05,""gini"":0.9997782801889921,""minimum_count_for_half_mass"":22,""n"":245237,""positive_count"":97,""top_shares"":{""0.001"":1.0000000000000002,""0.01"":1.0},""total"":180.41974984508093,""zero_count"":245140}","{""fraction_for_half_mass"":9.378682662077908e-05,""gini"":0.9997656804141999,""minimum_count_for_half_mass"":23,""n"":245237,""positive_count"":105,""top_shares"":{""0.001"":1.0000000000000002,""0.01"":1.0000000000000002},""total"":182.1003942496262,""zero_count"":245132}","{""fraction_for_half_mass"":0.011393060590367685,""gini"":0.9718083145976916,""minimum_count_for_half_mass"":22,""n"":1931,""positive_count"":100,""top_shares"":{""0.01"":0.4694736300690018,""0.05"":0.9958476614483107,""0.1"":1.0},""total"":1.4338613720443008,""zero_count"":1831}","{""benchmark_pass_count"":1831,""n"":1931,""quantiles"":{""0.5"":0.0,""0.9"":0.0,""0.99"":0.02486871653750125,""1.0"":0.055692646909470025},""strict_exceedances"":{""0.01"":47,""0.1"":0}}"
c9d2325e783e57ac5eafa34d,zsre,R1_nonlearned,1,103,1000,capoff,"{""count"":245132,""denominator"":245237,""fraction"":0.9995718427480356}","{""fraction_for_half_mass"":8.970913850683216e-05,""gini"":0.9997782801889921,""minimum_count_for_half_mass"":22,""n"":245237,""positive_count"":97,""top_shares"":{""0.001"":1.0000000000000002,""0.01"":1.0},""total"":180.41974984508093,""zero_count"":245140}","{""fraction_for_half_mass"":9.378682662077908e-05,""gini"":0.9997656804141999,""minimum_count_for_half_mass"":23,""n"":245237,""positive_count"":105,""top_shares"":{""0.001"":1.0000000000000002,""0.01"":1.0000000000000002},""total"":182.1003942496262,""zero_count"":245132}","{""fraction_for_half_mass"":0.011393060590367685,""gini"":0.9718083145976916,""minimum_count_for_half_mass"":22,""n"":1931,""positive_count"":100,""top_shares"":{""0.01"":0.4694736300690018,""0.05"":0.9958476614483107,""0.1"":1.0},""total"":1.4338613720443008,""zero_count"":1831}","{""benchmark_pass_count"":1831,""n"":1931,""quantiles"":{""0.5"":0.0,""0.9"":0.0,""0.99"":0.02486871653750125,""1.0"":0.055692646909470025},""strict_exceedances"":{""0.01"":47,""0.1"":0}}"
c9d2325e783e57ac5eafa34d,zsre,R1_nonlearned,1,103,1000,original,"{""count"":245132,""denominator"":245237,""fraction"":0.9995718427480356}","{""fraction_for_half_mass"":8.970913850683216e-05,""gini"":0.9997782801889921,""minimum_count_for_half_mass"":22,""n"":245237,""positive_count"":97,""top_shares"":{""0.001"":1.0000000000000002,""0.01"":1.0},""total"":180.41974984508093,""zero_count"":245140}","{""fraction_for_half_mass"":9.378682662077908e-05,""gini"":0.9997656804141999,""minimum_count_for_half_mass"":23,""n"":245237,""positive_count"":105,""top_shares"":{""0.001"":1.0000000000000002,""0.01"":1.0000000000000002},""total"":182.1003942496262,""zero_count"":245132}","{""fraction_for_half_mass"":0.011393060590367685,""gini"":0.9718083145976916,""minimum_count_for_half_mass"":22,""n"":1931,""positive_count"":100,""top_shares"":{""0.01"":0.4694736300690018,""0.05"":0.9958476614483107,""0.1"":1.0},""total"":1.4338613720443008,""zero_count"":1831}","{""benchmark_pass_count"":1831,""n"":1931,""quantiles"":{""0.5"":0.0,""0.9"":0.0,""0.99"":0.02486871653750125,""1.0"":0.055692646909470025},""strict_exceedances"":{""0.01"":47,""0.1"":0}}"
3fdc7c12d6d583f46608eac6,zsre,R1_nonlearned,1,104,1000,capoff,"{""count"":245132,""denominator"":245237,""fraction"":0.9995718427480356}","{""fraction_for_half_mass"":8.970913850683216e-05,""gini"":0.9997782801889921,""minimum_count_for_half_mass"":22,""n"":245237,""positive_count"":97,""top_shares"":{""0.001"":1.0000000000000002,""0.01"":1.0},""total"":180.41974984508093,""zero_count"":245140}","{""fraction_for_half_mass"":9.378682662077908e-05,""gini"":0.9997656804141999,""minimum_count_for_half_mass"":23,""n"":245237,""positive_count"":105,""top_shares"":{""0.001"":1.0000000000000002,""0.01"":1.0000000000000002},""total"":182.1003942496262,""zero_count"":245132}","{""fraction_for_half_mass"":0.011393060590367685,""gini"":0.9718083145976916,""minimum_count_for_half_mass"":22,""n"":1931,""positive_count"":100,""top_shares"":{""0.01"":0.4694736300690018,""0.05"":0.9958476614483107,""0.1"":1.0},""total"":1.4338613720443008,""zero_count"":1831}","{""benchmark_pass_count"":1831,""n"":1931,""quantiles"":{""0.5"":0.0,""0.9"":0.0,""0.99"":0.02486871653750125,""1.0"":0.055692646909470025},""strict_exceedances"":{""0.01"":47,""0.1"":0}}"
3fdc7c12d6d583f46608eac6,zsre,R1_nonlearned,1,104,1000,original,"{""count"":245132,""denominator"":245237,""fraction"":0.9995718427480356}","{""fraction_for_half_mass"":8.970913850683216e-05,""gini"":0.9997782801889921,""minimum_count_for_half_mass"":22,""n"":245237,""positive_count"":97,""top_shares"":{""0.001"":1.0000000000000002,""0.01"":1.0},""total"":180.41974984508093,""zero_count"":245140}","{""fraction_for_half_mass"":9.378682662077908e-05,""gini"":0.9997656804141999,""minimum_count_for_half_mass"":23,""n"":245237,""positive_count"":105,""top_shares"":{""0.001"":1.0000000000000002,""0.01"":1.0000000000000002},""total"":182.1003942496262,""zero_count"":245132}","{""fraction_for_half_mass"":0.011393060590367685,""gini"":0.9718083145976916,""minimum_count_for_half_mass"":22,""n"":1931,""positive_count"":100,""top_shares"":{""0.01"":0.4694736300690018,""0.05"":0.9958476614483107,""0.1"":1.0},""total"":1.4338613720443008,""zero_count"":1831}","{""benchmark_pass_count"":1831,""n"":1931,""quantiles"":{""0.5"":0.0,""0.9"":0.0,""0.99"":0.02486871653750125,""1.0"":0.055692646909470025},""strict_exceedances"":{""0.01"":47,""0.1"":0}}"
a7d551c093fd3333314813a5,counterfact,R1_nonlearned,1,100,1000,capoff,"{""count"":239205,""denominator"":245237,""fraction"":0.9754033852966723}","{""fraction_for_half_mass"":0.006328571952845615,""gini"":0.9851138105253285,""minimum_count_for_half_mass"":1552,""n"":245237,""positive_count"":5746,""top_shares"":{""0.001"":0.11030697499874323,""0.01"":0.6908358730777489},""total"":21814.394611191616,""zero_count"":239491}","{""fraction_for_half_mass"":0.006609932432707952,""gini"":0.9846155498696251,""minimum_count_for_half_mass"":1621,""n"":245237,""positive_count"":6032,""top_shares"":{""0.001"":0.1039667848482444,""0.01"":0.6750315545324196},""total"":21909.315794229446,""zero_count"":239205}","{""fraction_for_half_mass"":0.24443293630243398,""gini"":0.41398387866264735,""minimum_count_for_half_mass"":472,""n"":1931,""positive_count"":1790,""top_shares"":{""0.01"":0.03815435613828317,""0.05"":0.14776586119622703,""0.1"":0.2564002214053445},""total"":172.51429759235782,""zero_count"":141}","{""benchmark_pass_count"":147,""n"":1931,""quantiles"":{""0.5"":0.07897363914515104,""0.9"":0.17850160039790738,""0.99"":0.2957271705130073,""1.0"":0.4740711598024494},""strict_exceedances"":{""0.01"":1707,""0.1"":743}}"
a7d551c093fd3333314813a5,counterfact,R1_nonlearned,1,100,1000,original,"{""count"":239205,""denominator"":245237,""fraction"":0.9754033852966723}","{""fraction_for_half_mass"":0.006328571952845615,""gini"":0.9851138105253285,""minimum_count_for_half_mass"":1552,""n"":245237,""positive_count"":5746,""top_shares"":{""0.001"":0.11030697499874323,""0.01"":0.6908358730777489},""total"":21814.394611191616,""zero_count"":239491}","{""fraction_for_half_mass"":0.006609932432707952,""gini"":0.9846155498696251,""minimum_count_for_half_mass"":1621,""n"":245237,""positive_count"":6032,""top_shares"":{""0.001"":0.1039667848482444,""0.01"":0.6750315545324196},""total"":21909.315794229446,""zero_count"":239205}","{""fraction_for_half_mass"":0.24443293630243398,""gini"":0.41398387866264735,""minimum_count_for_half_mass"":472,""n"":1931,""positive_count"":1790,""top_shares"":{""0.01"":0.03815435613828317,""0.05"":0.14776586119622703,""0.1"":0.2564002214053445},""total"":172.51429759235782,""zero_count"":141}","{""benchmark_pass_count"":147,""n"":1931,""quantiles"":{""0.5"":0.07897363914515104,""0.9"":0.17850160039790738,""0.99"":0.2957271705130073,""1.0"":0.4740711598024494},""strict_exceedances"":{""0.01"":1707,""0.1"":743}}"
c402523c2460a62d6040ddd0,counterfact,R1_nonlearned,1,101,1000,capoff,"{""count"":239205,""denominator"":245237,""fraction"":0.9754033852966723}","{""fraction_for_half_mass"":0.006328571952845615,""gini"":0.9851138105253285,""minimum_count_for_half_mass"":1552,""n"":245237,""positive_count"":5746,""top_shares"":{""0.001"":0.11030697499874323,""0.01"":0.6908358730777489},""total"":21814.394611191616,""zero_count"":239491}","{""fraction_for_half_mass"":0.006609932432707952,""gini"":0.9846155498696251,""minimum_count_for_half_mass"":1621,""n"":245237,""positive_count"":6032,""top_shares"":{""0.001"":0.1039667848482444,""0.01"":0.6750315545324196},""total"":21909.315794229446,""zero_count"":239205}","{""fraction_for_half_mass"":0.24443293630243398,""gini"":0.41398387866264735,""minimum_count_for_half_mass"":472,""n"":1931,""positive_count"":1790,""top_shares"":{""0.01"":0.03815435613828317,""0.05"":0.14776586119622703,""0.1"":0.2564002214053445},""total"":172.51429759235782,""zero_count"":141}","{""benchmark_pass_count"":147,""n"":1931,""quantiles"":{""0.5"":0.07897363914515104,""0.9"":0.17850160039790738,""0.99"":0.2957271705130073,""1.0"":0.4740711598024494},""strict_exceedances"":{""0.01"":1707,""0.1"":743}}"
c402523c2460a62d6040ddd0,counterfact,R1_nonlearned,1,101,1000,original,"{""count"":239205,""denominator"":245237,""fraction"":0.9754033852966723}","{""fraction_for_half_mass"":0.006328571952845615,""gini"":0.9851138105253285,""minimum_count_for_half_mass"":1552,""n"":245237,""positive_count"":5746,""top_shares"":{""0.001"":0.11030697499874323,""0.01"":0.6908358730777489},""total"":21814.394611191616,""zero_count"":239491}","{""fraction_for_half_mass"":0.006609932432707952,""gini"":0.9846155498696251,""minimum_count_for_half_mass"":1621,""n"":245237,""positive_count"":6032,""top_shares"":{""0.001"":0.1039667848482444,""0.01"":0.6750315545324196},""total"":21909.315794229446,""zero_count"":239205}","{""fraction_for_half_mass"":0.24443293630243398,""gini"":0.41398387866264735,""minimum_count_for_half_mass"":472,""n"":1931,""positive_count"":1790,""top_shares"":{""0.01"":0.03815435613828317,""0.05"":0.14776586119622703,""0.1"":0.2564002214053445},""total"":172.51429759235782,""zero_count"":141}","{""benchmark_pass_count"":147,""n"":1931,""quantiles"":{""0.5"":0.07897363914515104,""0.9"":0.17850160039790738,""0.99"":0.2957271705130073,""1.0"":0.4740711598024494},""strict_exceedances"":{""0.01"":1707,""0.1"":743}}"
b103826472ba7653cd8fd13a,counterfact,R1_nonlearned,1,102,1000,capoff,"{""count"":239205,""denominator"":245237,""fraction"":0.9754033852966723}","{""fraction_for_half_mass"":0.006328571952845615,""gini"":0.9851138105253285,""minimum_count_for_half_mass"":1552,""n"":245237,""positive_count"":5746,""top_shares"":{""0.001"":0.11030697499874323,""0.01"":0.6908358730777489},""total"":21814.394611191616,""zero_count"":239491}","{""fraction_for_half_mass"":0.006609932432707952,""gini"":0.9846155498696251,""minimum_count_for_half_mass"":1621,""n"":245237,""positive_count"":6032,""top_shares"":{""0.001"":0.1039667848482444,""0.01"":0.6750315545324196},""total"":21909.315794229446,""zero_count"":239205}","{""fraction_for_half_mass"":0.24443293630243398,""gini"":0.41398387866264735,""minimum_count_for_half_mass"":472,""n"":1931,""positive_count"":1790,""top_shares"":{""0.01"":0.03815435613828317,""0.05"":0.14776586119622703,""0.1"":0.2564002214053445},""total"":172.51429759235782,""zero_count"":141}","{""benchmark_pass_count"":147,""n"":1931,""quantiles"":{""0.5"":0.07897363914515104,""0.9"":0.17850160039790738,""0.99"":0.2957271705130073,""1.0"":0.4740711598024494},""strict_exceedances"":{""0.01"":1707,""0.1"":743}}"
b103826472ba7653cd8fd13a,counterfact,R1_nonlearned,1,102,1000,original,"{""count"":239205,""denominator"":245237,""fraction"":0.9754033852966723}","{""fraction_for_half_mass"":0.006328571952845615,""gini"":0.9851138105253285,""minimum_count_for_half_mass"":1552,""n"":245237,""positive_count"":5746,""top_shares"":{""0.001"":0.11030697499874323,""0.01"":0.6908358730777489},""total"":21814.394611191616,""zero_count"":239491}","{""fraction_for_half_mass"":0.006609932432707952,""gini"":0.9846155498696251,""minimum_count_for_half_mass"":1621,""n"":245237,""positive_count"":6032,""top_shares"":{""0.001"":0.1039667848482444,""0.01"":0.6750315545324196},""total"":21909.315794229446,""zero_count"":239205}","{""fraction_for_half_mass"":0.24443293630243398,""gini"":0.41398387866264735,""minimum_count_for_half_mass"":472,""n"":1931,""positive_count"":1790,""top_shares"":{""0.01"":0.03815435613828317,""0.05"":0.14776586119622703,""0.1"":0.2564002214053445},""total"":172.51429759235782,""zero_count"":141}","{""benchmark_pass_count"":147,""n"":1931,""quantiles"":{""0.5"":0.07897363914515104,""0.9"":0.17850160039790738,""0.99"":0.2957271705130073,""1.0"":0.4740711598024494},""strict_exceedances"":{""0.01"":1707,""0.1"":743}}"
525ad705ad7008ed3ea378eb,counterfact,R1_nonlearned,1,103,1000,capoff,"{""count"":239205,""denominator"":245237,""fraction"":0.9754033852966723}","{""fraction_for_half_mass"":0.006328571952845615,""gini"":0.9851138105253285,""minimum_count_for_half_mass"":1552,""n"":245237,""positive_count"":5746,""top_shares"":{""0.001"":0.11030697499874323,""0.01"":0.6908358730777489},""total"":21814.394611191616,""zero_count"":239491}","{""fraction_for_half_mass"":0.006609932432707952,""gini"":0.9846155498696251,""minimum_count_for_half_mass"":1621,""n"":245237,""positive_count"":6032,""top_shares"":{""0.001"":0.1039667848482444,""0.01"":0.6750315545324196},""total"":21909.315794229446,""zero_count"":239205}","{""fraction_for_half_mass"":0.24443293630243398,""gini"":0.41398387866264735,""minimum_count_for_half_mass"":472,""n"":1931,""positive_count"":1790,""top_shares"":{""0.01"":0.03815435613828317,""0.05"":0.14776586119622703,""0.1"":0.2564002214053445},""total"":172.51429759235782,""zero_count"":141}","{""benchmark_pass_count"":147,""n"":1931,""quantiles"":{""0.5"":0.07897363914515104,""0.9"":0.17850160039790738,""0.99"":0.2957271705130073,""1.0"":0.4740711598024494},""strict_exceedances"":{""0.01"":1707,""0.1"":743}}"
525ad705ad7008ed3ea378eb,counterfact,R1_nonlearned,1,103,1000,original,"{""count"":239205,""denominator"":245237,""fraction"":0.9754033852966723}","{""fraction_for_half_mass"":0.006328571952845615,""gini"":0.9851138105253285,""minimum_count_for_half_mass"":1552,""n"":245237,""positive_count"":5746,""top_shares"":{""0.001"":0.11030697499874323,""0.01"":0.6908358730777489},""total"":21814.394611191616,""zero_count"":239491}","{""fraction_for_half_mass"":0.006609932432707952,""gini"":0.9846155498696251,""minimum_count_for_half_mass"":1621,""n"":245237,""positive_count"":6032,""top_shares"":{""0.001"":0.1039667848482444,""0.01"":0.6750315545324196},""total"":21909.315794229446,""zero_count"":239205}","{""fraction_for_half_mass"":0.24443293630243398,""gini"":0.41398387866264735,""minimum_count_for_half_mass"":472,""n"":1931,""positive_count"":1790,""top_shares"":{""0.01"":0.03815435613828317,""0.05"":0.14776586119622703,""0.1"":0.2564002214053445},""total"":172.51429759235782,""zero_count"":141}","{""benchmark_pass_count"":147,""n"":1931,""quantiles"":{""0.5"":0.07897363914515104,""0.9"":0.17850160039790738,""0.99"":0.2957271705130073,""1.0"":0.4740711598024494},""strict_exceedances"":{""0.01"":1707,""0.1"":743}}"
8a4bcb6e358e98c523b0d0c3,counterfact,R1_nonlearned,1,104,1000,capoff,"{""count"":239205,""denominator"":245237,""fraction"":0.9754033852966723}","{""fraction_for_half_mass"":0.006328571952845615,""gini"":0.9851138105253285,""minimum_count_for_half_mass"":1552,""n"":245237,""positive_count"":5746,""top_shares"":{""0.001"":0.11030697499874323,""0.01"":0.6908358730777489},""total"":21814.394611191616,""zero_count"":239491}","{""fraction_for_half_mass"":0.006609932432707952,""gini"":0.9846155498696251,""minimum_count_for_half_mass"":1621,""n"":245237,""positive_count"":6032,""top_shares"":{""0.001"":0.1039667848482444,""0.01"":0.6750315545324196},""total"":21909.315794229446,""zero_count"":239205}","{""fraction_for_half_mass"":0.24443293630243398,""gini"":0.41398387866264735,""minimum_count_for_half_mass"":472,""n"":1931,""positive_count"":1790,""top_shares"":{""0.01"":0.03815435613828317,""0.05"":0.14776586119622703,""0.1"":0.2564002214053445},""total"":172.51429759235782,""zero_count"":141}","{""benchmark_pass_count"":147,""n"":1931,""quantiles"":{""0.5"":0.07897363914515104,""0.9"":0.17850160039790738,""0.99"":0.2957271705130073,""1.0"":0.4740711598024494},""strict_exceedances"":{""0.01"":1707,""0.1"":743}}"
8a4bcb6e358e98c523b0d0c3,counterfact,R1_nonlearned,1,104,1000,original,"{""count"":239205,""denominator"":245237,""fraction"":0.9754033852966723}","{""fraction_for_half_mass"":0.006328571952845615,""gini"":0.9851138105253285,""minimum_count_for_half_mass"":1552,""n"":245237,""positive_count"":5746,""top_shares"":{""0.001"":0.11030697499874323,""0.01"":0.6908358730777489},""total"":21814.394611191616,""zero_count"":239491}","{""fraction_for_half_mass"":0.006609932432707952,""gini"":0.9846155498696251,""minimum_count_for_half_mass"":1621,""n"":245237,""positive_count"":6032,""top_shares"":{""0.001"":0.1039667848482444,""0.01"":0.6750315545324196},""total"":21909.315794229446,""zero_count"":239205}","{""fraction_for_half_mass"":0.24443293630243398,""gini"":0.41398387866264735,""minimum_count_for_half_mass"":472,""n"":1931,""positive_count"":1790,""top_shares"":{""0.01"":0.03815435613828317,""0.05"":0.14776586119622703,""0.1"":0.2564002214053445},""total"":172.51429759235782,""zero_count"":141}","{""benchmark_pass_count"":147,""n"":1931,""quantiles"":{""0.5"":0.07897363914515104,""0.9"":0.17850160039790738,""0.99"":0.2957271705130073,""1.0"":0.4740711598024494},""strict_exceedances"":{""0.01"":1707,""0.1"":743}}"
144f77ff21860a8a089a8080,mquake,R1_nonlearned,1,100,300,capoff,"{""count"":244193,""denominator"":245237,""fraction"":0.9957428936090394}","{""fraction_for_half_mass"":0.0010520435333983046,""gini"":0.9974840210777788,""minimum_count_for_half_mass"":258,""n"":245237,""positive_count"":995,""top_shares"":{""0.001"":0.4823446808041993,""0.01"":1.0},""total"":3001.621130710868,""zero_count"":244242}","{""fraction_for_half_mass"":0.001072431973968039,""gini"":0.9974234102864783,""minimum_count_for_half_mass"":263,""n"":245237,""positive_count"":1044,""top_shares"":{""0.001"":0.47489438775708215,""0.01"":1.0},""total"":2970.2259102224093,""zero_count"":244193}","{""fraction_for_half_mass"":0.09269808389435526,""gini"":0.7740530608633224,""minimum_count_for_half_mass"":179,""n"":1931,""positive_count"":750,""top_shares"":{""0.01"":0.09362840399578594,""0.05"":0.3270069775755654,""0.1"":0.5275816789146658},""total"":23.38760559230244,""zero_count"":1181}","{""benchmark_pass_count"":1190,""n"":1931,""quantiles"":{""0.5"":0.0,""0.9"":0.04158885550096668,""0.99"":0.09770302894370891,""1.0"":0.1304970365539246},""strict_exceedances"":{""0.01"":592,""0.1"":18}}"
144f77ff21860a8a089a8080,mquake,R1_nonlearned,1,100,300,original,"{""count"":244193,""denominator"":245237,""fraction"":0.9957428936090394}","{""fraction_for_half_mass"":0.0010520435333983046,""gini"":0.9974840210777788,""minimum_count_for_half_mass"":258,""n"":245237,""positive_count"":995,""top_shares"":{""0.001"":0.4823446808041993,""0.01"":1.0},""total"":3001.621130710868,""zero_count"":244242}","{""fraction_for_half_mass"":0.001072431973968039,""gini"":0.9974234102864783,""minimum_count_for_half_mass"":263,""n"":245237,""positive_count"":1044,""top_shares"":{""0.001"":0.47489438775708215,""0.01"":1.0},""total"":2970.2259102224093,""zero_count"":244193}","{""fraction_for_half_mass"":0.09269808389435526,""gini"":0.7740530608633224,""minimum_count_for_half_mass"":179,""n"":1931,""positive_count"":750,""top_shares"":{""0.01"":0.09362840399578594,""0.05"":0.3270069775755654,""0.1"":0.5275816789146658},""total"":23.38760559230244,""zero_count"":1181}","{""benchmark_pass_count"":1190,""n"":1931,""quantiles"":{""0.5"":0.0,""0.9"":0.04158885550096668,""0.99"":0.09770302894370891,""1.0"":0.1304970365539246},""strict_exceedances"":{""0.01"":592,""0.1"":18}}"
3c3212c0cad597bafe0d5782,mquake,R1_nonlearned,1,101,300,capoff,"{""count"":244193,""denominator"":245237,""fraction"":0.9957428936090394}","{""fraction_for_half_mass"":0.0010520435333983046,""gini"":0.9974840210777788,""minimum_count_for_half_mass"":258,""n"":245237,""positive_count"":995,""top_shares"":{""0.001"":0.4823446808041993,""0.01"":1.0},""total"":3001.621130710868,""zero_count"":244242}","{""fraction_for_half_mass"":0.001072431973968039,""gini"":0.9974234102864783,""minimum_count_for_half_mass"":263,""n"":245237,""positive_count"":1044,""top_shares"":{""0.001"":0.47489438775708215,""0.01"":1.0},""total"":2970.2259102224093,""zero_count"":244193}","{""fraction_for_half_mass"":0.09269808389435526,""gini"":0.7740530608633224,""minimum_count_for_half_mass"":179,""n"":1931,""positive_count"":750,""top_shares"":{""0.01"":0.09362840399578594,""0.05"":0.3270069775755654,""0.1"":0.5275816789146658},""total"":23.38760559230244,""zero_count"":1181}","{""benchmark_pass_count"":1190,""n"":1931,""quantiles"":{""0.5"":0.0,""0.9"":0.04158885550096668,""0.99"":0.09770302894370891,""1.0"":0.1304970365539246},""strict_exceedances"":{""0.01"":592,""0.1"":18}}"
3c3212c0cad597bafe0d5782,mquake,R1_nonlearned,1,101,300,original,"{""count"":244193,""denominator"":245237,""fraction"":0.9957428936090394}","{""fraction_for_half_mass"":0.0010520435333983046,""gini"":0.9974840210777788,""minimum_count_for_half_mass"":258,""n"":245237,""positive_count"":995,""top_shares"":{""0.001"":0.4823446808041993,""0.01"":1.0},""total"":3001.621130710868,""zero_count"":244242}","{""fraction_for_half_mass"":0.001072431973968039,""gini"":0.9974234102864783,""minimum_count_for_half_mass"":263,""n"":245237,""positive_count"":1044,""top_shares"":{""0.001"":0.47489438775708215,""0.01"":1.0},""total"":2970.2259102224093,""zero_count"":244193}","{""fraction_for_half_mass"":0.09269808389435526,""gini"":0.7740530608633224,""minimum_count_for_half_mass"":179,""n"":1931,""positive_count"":750,""top_shares"":{""0.01"":0.09362840399578594,""0.05"":0.3270069775755654,""0.1"":0.5275816789146658},""total"":23.38760559230244,""zero_count"":1181}","{""benchmark_pass_count"":1190,""n"":1931,""quantiles"":{""0.5"":0.0,""0.9"":0.04158885550096668,""0.99"":0.09770302894370891,""1.0"":0.1304970365539246},""strict_exceedances"":{""0.01"":592,""0.1"":18}}"
5d467b73f60b99b3d07f8c02,mquake,R1_nonlearned,1,102,300,capoff,"{""count"":244193,""denominator"":245237,""fraction"":0.9957428936090394}","{""fraction_for_half_mass"":0.0010520435333983046,""gini"":0.9974840210777788,""minimum_count_for_half_mass"":258,""n"":245237,""positive_count"":995,""top_shares"":{""0.001"":0.4823446808041993,""0.01"":1.0},""total"":3001.621130710868,""zero_count"":244242}","{""fraction_for_half_mass"":0.001072431973968039,""gini"":0.9974234102864783,""minimum_count_for_half_mass"":263,""n"":245237,""positive_count"":1044,""top_shares"":{""0.001"":0.47489438775708215,""0.01"":1.0},""total"":2970.2259102224093,""zero_count"":244193}","{""fraction_for_half_mass"":0.09269808389435526,""gini"":0.7740530608633224,""minimum_count_for_half_mass"":179,""n"":1931,""positive_count"":750,""top_shares"":{""0.01"":0.09362840399578594,""0.05"":0.3270069775755654,""0.1"":0.5275816789146658},""total"":23.38760559230244,""zero_count"":1181}","{""benchmark_pass_count"":1190,""n"":1931,""quantiles"":{""0.5"":0.0,""0.9"":0.04158885550096668,""0.99"":0.09770302894370891,""1.0"":0.1304970365539246},""strict_exceedances"":{""0.01"":592,""0.1"":18}}"
5d467b73f60b99b3d07f8c02,mquake,R1_nonlearned,1,102,300,original,"{""count"":244193,""denominator"":245237,""fraction"":0.9957428936090394}","{""fraction_for_half_mass"":0.0010520435333983046,""gini"":0.9974840210777788,""minimum_count_for_half_mass"":258,""n"":245237,""positive_count"":995,""top_shares"":{""0.001"":0.4823446808041993,""0.01"":1.0},""total"":3001.621130710868,""zero_count"":244242}","{""fraction_for_half_mass"":0.001072431973968039,""gini"":0.9974234102864783,""minimum_count_for_half_mass"":263,""n"":245237,""positive_count"":1044,""top_shares"":{""0.001"":0.47489438775708215,""0.01"":1.0},""total"":2970.2259102224093,""zero_count"":244193}","{""fraction_for_half_mass"":0.09269808389435526,""gini"":0.7740530608633224,""minimum_count_for_half_mass"":179,""n"":1931,""positive_count"":750,""top_shares"":{""0.01"":0.09362840399578594,""0.05"":0.3270069775755654,""0.1"":0.5275816789146658},""total"":23.38760559230244,""zero_count"":1181}","{""benchmark_pass_count"":1190,""n"":1931,""quantiles"":{""0.5"":0.0,""0.9"":0.04158885550096668,""0.99"":0.09770302894370891,""1.0"":0.1304970365539246},""strict_exceedances"":{""0.01"":592,""0.1"":18}}"
a81b13b1b22e0bfe489daaa0,mquake,R1_nonlearned,1,103,300,capoff,"{""count"":244193,""denominator"":245237,""fraction"":0.9957428936090394}","{""fraction_for_half_mass"":0.0010520435333983046,""gini"":0.9974840210777788,""minimum_count_for_half_mass"":258,""n"":245237,""positive_count"":995,""top_shares"":{""0.001"":0.4823446808041993,""0.01"":1.0},""total"":3001.621130710868,""zero_count"":244242}","{""fraction_for_half_mass"":0.001072431973968039,""gini"":0.9974234102864783,""minimum_count_for_half_mass"":263,""n"":245237,""positive_count"":1044,""top_shares"":{""0.001"":0.47489438775708215,""0.01"":1.0},""total"":2970.2259102224093,""zero_count"":244193}","{""fraction_for_half_mass"":0.09269808389435526,""gini"":0.7740530608633224,""minimum_count_for_half_mass"":179,""n"":1931,""positive_count"":750,""top_shares"":{""0.01"":0.09362840399578594,""0.05"":0.3270069775755654,""0.1"":0.5275816789146658},""total"":23.38760559230244,""zero_count"":1181}","{""benchmark_pass_count"":1190,""n"":1931,""quantiles"":{""0.5"":0.0,""0.9"":0.04158885550096668,""0.99"":0.09770302894370891,""1.0"":0.1304970365539246},""strict_exceedances"":{""0.01"":592,""0.1"":18}}"
a81b13b1b22e0bfe489daaa0,mquake,R1_nonlearned,1,103,300,original,"{""count"":244193,""denominator"":245237,""fraction"":0.9957428936090394}","{""fraction_for_half_mass"":0.0010520435333983046,""gini"":0.9974840210777788,""minimum_count_for_half_mass"":258,""n"":245237,""positive_count"":995,""top_shares"":{""0.001"":0.4823446808041993,""0.01"":1.0},""total"":3001.621130710868,""zero_count"":244242}","{""fraction_for_half_mass"":0.001072431973968039,""gini"":0.9974234102864783,""minimum_count_for_half_mass"":263,""n"":245237,""positive_count"":1044,""top_shares"":{""0.001"":0.47489438775708215,""0.01"":1.0},""total"":2970.2259102224093,""zero_count"":244193}","{""fraction_for_half_mass"":0.09269808389435526,""gini"":0.7740530608633224,""minimum_count_for_half_mass"":179,""n"":1931,""positive_count"":750,""top_shares"":{""0.01"":0.09362840399578594,""0.05"":0.3270069775755654,""0.1"":0.5275816789146658},""total"":23.38760559230244,""zero_count"":1181}","{""benchmark_pass_count"":1190,""n"":1931,""quantiles"":{""0.5"":0.0,""0.9"":0.04158885550096668,""0.99"":0.09770302894370891,""1.0"":0.1304970365539246},""strict_exceedances"":{""0.01"":592,""0.1"":18}}"
1aff34869825a76d502d92a3,mquake,R1_nonlearned,1,104,300,capoff,"{""count"":244193,""denominator"":245237,""fraction"":0.9957428936090394}","{""fraction_for_half_mass"":0.0010520435333983046,""gini"":0.9974840210777788,""minimum_count_for_half_mass"":258,""n"":245237,""positive_count"":995,""top_shares"":{""0.001"":0.4823446808041993,""0.01"":1.0},""total"":3001.621130710868,""zero_count"":244242}","{""fraction_for_half_mass"":0.001072431973968039,""gini"":0.9974234102864783,""minimum_count_for_half_mass"":263,""n"":245237,""positive_count"":1044,""top_shares"":{""0.001"":0.47489438775708215,""0.01"":1.0},""total"":2970.2259102224093,""zero_count"":244193}","{""fraction_for_half_mass"":0.09269808389435526,""gini"":0.7740530608633224,""minimum_count_for_half_mass"":179,""n"":1931,""positive_count"":750,""top_shares"":{""0.01"":0.09362840399578594,""0.05"":0.3270069775755654,""0.1"":0.5275816789146658},""total"":23.38760559230244,""zero_count"":1181}","{""benchmark_pass_count"":1190,""n"":1931,""quantiles"":{""0.5"":0.0,""0.9"":0.04158885550096668,""0.99"":0.09770302894370891,""1.0"":0.1304970365539246},""strict_exceedances"":{""0.01"":592,""0.1"":18}}"
1aff34869825a76d502d92a3,mquake,R1_nonlearned,1,104,300,original,"{""count"":244193,""denominator"":245237,""fraction"":0.9957428936090394}","{""fraction_for_half_mass"":0.0010520435333983046,""gini"":0.9974840210777788,""minimum_count_for_half_mass"":258,""n"":245237,""positive_count"":995,""top_shares"":{""0.001"":0.4823446808041993,""0.01"":1.0},""total"":3001.621130710868,""zero_count"":244242}","{""fraction_for_half_mass"":0.001072431973968039,""gini"":0.9974234102864783,""minimum_count_for_half_mass"":263,""n"":245237,""positive_count"":1044,""top_shares"":{""0.001"":0.47489438775708215,""0.01"":1.0},""total"":2970.2259102224093,""zero_count"":244193}","{""fraction_for_half_mass"":0.09269808389435526,""gini"":0.7740530608633224,""minimum_count_for_half_mass"":179,""n"":1931,""positive_count"":750,""top_shares"":{""0.01"":0.09362840399578594,""0.05"":0.3270069775755654,""0.1"":0.5275816789146658},""total"":23.38760559230244,""zero_count"":1181}","{""benchmark_pass_count"":1190,""n"":1931,""quantiles"":{""0.5"":0.0,""0.9"":0.04158885550096668,""0.99"":0.09770302894370891,""1.0"":0.1304970365539246},""strict_exceedances"":{""0.01"":592,""0.1"":18}}"
3b70d3d44297fc1197610228,zsre,v0_stable,1,100,1000,capoff,"{""count"":244895,""denominator"":245237,""fraction"":0.9986054306650302}","{""fraction_for_half_mass"":6.932069793709758e-05,""gini"":0.9997464762133232,""minimum_count_for_half_mass"":17,""n"":245237,""positive_count"":218,""top_shares"":{""0.001"":1.0,""0.01"":1.0},""total"":442.7507700392042,""zero_count"":245019}","{""fraction_for_half_mass"":6.116532170920375e-05,""gini"":0.9997168575050854,""minimum_count_for_half_mass"":15,""n"":245237,""positive_count"":342,""top_shares"":{""0.001"":0.9881502050256172,""0.01"":0.9999999999999999},""total"":385.4688982060111,""zero_count"":244895}","{""fraction_for_half_mass"":0.007767995857068877,""gini"":0.9679204260138619,""minimum_count_for_half_mass"":15,""n"":1931,""positive_count"":295,""top_shares"":{""0.01"":0.5752467734677004,""0.05"":0.927821687613646,""0.1"":0.9829073717411662},""total"":3.0351881748504805,""zero_count"":1636}","{""benchmark_pass_count"":1745,""n"":1931,""quantiles"":{""0.5"":0.0,""0.9"":0.0009319263751531523,""0.99"":0.03746590515095804,""1.0"":0.21622960781978387},""strict_exceedances"":{""0.01"":62,""0.1"":7}}"
3b70d3d44297fc1197610228,zsre,v0_stable,1,100,1000,original,"{""count"":244895,""denominator"":245237,""fraction"":0.9986054306650302}","{""fraction_for_half_mass"":6.932069793709758e-05,""gini"":0.9997464762133232,""minimum_count_for_half_mass"":17,""n"":245237,""positive_count"":218,""top_shares"":{""0.001"":1.0,""0.01"":1.0},""total"":442.7507700392042,""zero_count"":245019}","{""fraction_for_half_mass"":6.116532170920375e-05,""gini"":0.9997168575050854,""minimum_count_for_half_mass"":15,""n"":245237,""positive_count"":342,""top_shares"":{""0.001"":0.9881502050256172,""0.01"":0.9999999999999999},""total"":385.4688982060111,""zero_count"":244895}","{""fraction_for_half_mass"":0.007767995857068877,""gini"":0.9679204260138619,""minimum_count_for_half_mass"":15,""n"":1931,""positive_count"":295,""top_shares"":{""0.01"":0.5752467734677004,""0.05"":0.927821687613646,""0.1"":0.9829073717411662},""total"":3.0351881748504805,""zero_count"":1636}","{""benchmark_pass_count"":1745,""n"":1931,""quantiles"":{""0.5"":0.0,""0.9"":0.0009319263751531523,""0.99"":0.03746590515095804,""1.0"":0.21622960781978387},""strict_exceedances"":{""0.01"":62,""0.1"":7}}"
84bae28d26e5f5a3e555b601,zsre,v0_stable,1,101,1000,capoff,"{""count"":244483,""denominator"":245237,""fraction"":0.996925423162084}","{""fraction_for_half_mass"":9.7864514734726e-05,""gini"":0.9995734391679616,""minimum_count_for_half_mass"":24,""n"":245237,""positive_count"":484,""top_shares"":{""0.001"":0.9525149779360383,""0.01"":1.0000000000000002},""total"":764.6210412319401,""zero_count"":244753}","{""fraction_for_half_mass"":8.563145039288525e-05,""gini"":0.9996205039754893,""minimum_count_for_half_mass"":21,""n"":245237,""positive_count"":754,""top_shares"":{""0.001"":0.9621050394464961,""0.01"":1.0},""total"":672.0238691950269,""zero_count"":244483}","{""fraction_for_half_mass"":0.010875194199896427,""gini"":0.9578312178069607,""minimum_count_for_half_mass"":21,""n"":1931,""positive_count"":631,""top_shares"":{""0.01"":0.4886072217679147,""0.05"":0.9158892289514818,""0.1"":0.9617206852806328},""total"":5.291526529094701,""zero_count"":1300}","{""benchmark_pass_count"":1709,""n"":1931,""quantiles"":{""0.5"":0.0,""0.9"":0.0012697279112044886,""0.99"":0.07890530733938708,""1.0"":0.21693485148232458},""strict_exceedances"":{""0.01"":76,""0.1"":18}}"
84bae28d26e5f5a3e555b601,zsre,v0_stable,1,101,1000,original,"{""count"":244483,""denominator"":245237,""fraction"":0.996925423162084}","{""fraction_for_half_mass"":9.7864514734726e-05,""gini"":0.9995734391679616,""minimum_count_for_half_mass"":24,""n"":245237,""positive_count"":484,""top_shares"":{""0.001"":0.9525149779360383,""0.01"":1.0000000000000002},""total"":764.6210412319401,""zero_count"":244753}","{""fraction_for_half_mass"":8.563145039288525e-05,""gini"":0.9996205039754893,""minimum_count_for_half_mass"":21,""n"":245237,""positive_count"":754,""top_shares"":{""0.001"":0.9621050394464961,""0.01"":1.0},""total"":672.0238691950269,""zero_count"":244483}","{""fraction_for_half_mass"":0.010875194199896427,""gini"":0.9578312178069607,""minimum_count_for_half_mass"":21,""n"":1931,""positive_count"":631,""top_shares"":{""0.01"":0.4886072217679147,""0.05"":0.9158892289514818,""0.1"":0.9617206852806328},""total"":5.291526529094701,""zero_count"":1300}","{""benchmark_pass_count"":1709,""n"":1931,""quantiles"":{""0.5"":0.0,""0.9"":0.0012697279112044886,""0.99"":0.07890530733938708,""1.0"":0.21693485148232458},""strict_exceedances"":{""0.01"":76,""0.1"":18}}"
07b9bad1f676110cb8bae7df,zsre,v0_stable,1,102,1000,capoff,"{""count"":244777,""denominator"":245237,""fraction"":0.9981242634675844}","{""fraction_for_half_mass"":9.7864514734726e-05,""gini"":0.9996877667974664,""minimum_count_for_half_mass"":24,""n"":245237,""positive_count"":279,""top_shares"":{""0.001"":0.997673242438371,""0.01"":1.0000000000000004},""total"":579.4590933823246,""zero_count"":244958}","{""fraction_for_half_mass"":8.563145039288525e-05,""gini"":0.9996677693535526,""minimum_count_for_half_mass"":21,""n"":245237,""positive_count"":460,""top_shares"":{""0.001"":0.9763549308413189,""0.01"":1.0000000000000002},""total"":516.1637467576991,""zero_count"":244777}","{""fraction_for_half_mass"":0.010357327809425169,""gini"":0.9613387706985922,""minimum_count_for_half_mass"":20,""n"":1931,""positive_count"":398,""top_shares"":{""0.01"":0.48943508656664303,""0.05"":0.9109047180126082,""0.1"":0.9708440748495737},""total"":4.0642814705330625,""zero_count"":1533}","{""benchmark_pass_count"":1708,""n"":1931,""quantiles"":{""0.5"":0.0,""0.9"":0.001276298236949558,""0.99"":0.06594083883237593,""1.0"":0.21693485148232458},""strict_exceedances"":{""0.01"":73,""0.1"":10}}"
07b9bad1f676110cb8bae7df,zsre,v0_stable,1,102,1000,original,"{""count"":244777,""denominator"":245237,""fraction"":0.9981242634675844}","{""fraction_for_half_mass"":9.7864514734726e-05,""gini"":0.9996877667974664,""minimum_count_for_half_mass"":24,""n"":245237,""positive_count"":279,""top_shares"":{""0.001"":0.997673242438371,""0.01"":1.0000000000000004},""total"":579.4590933823246,""zero_count"":244958}","{""fraction_for_half_mass"":8.563145039288525e-05,""gini"":0.9996677693535526,""minimum_count_for_half_mass"":21,""n"":245237,""positive_count"":460,""top_shares"":{""0.001"":0.9763549308413189,""0.01"":1.0000000000000002},""total"":516.1637467576991,""zero_count"":244777}","{""fraction_for_half_mass"":0.010357327809425169,""gini"":0.9613387706985922,""minimum_count_for_half_mass"":20,""n"":1931,""positive_count"":398,""top_shares"":{""0.01"":0.48943508656664303,""0.05"":0.9109047180126082,""0.1"":0.9708440748495737},""total"":4.0642814705330625,""zero_count"":1533}","{""benchmark_pass_count"":1708,""n"":1931,""quantiles"":{""0.5"":0.0,""0.9"":0.001276298236949558,""0.99"":0.06594083883237593,""1.0"":0.21693485148232458},""strict_exceedances"":{""0.01"":73,""0.1"":10}}"
0ff8a61a760d6836f469629b,zsre,v0_stable,1,103,1000,capoff,"{""count"":244913,""denominator"":245237,""fraction"":0.9986788290510812}","{""fraction_for_half_mass"":6.116532170920375e-05,""gini"":0.9997608623775258,""minimum_count_for_half_mass"":15,""n"":245237,""positive_count"":206,""top_shares"":{""0.001"":1.0,""0.01"":0.9999999999999999},""total"":424.9584289292577,""zero_count"":245031}","{""fraction_for_half_mass"":5.3009945481309916e-05,""gini"":0.9997357225732679,""minimum_count_for_half_mass"":13,""n"":245237,""positive_count"":324,""top_shares"":{""0.001"":0.9896797608031989,""0.01"":1.0},""total"":369.8252411565701,""zero_count"":244913}","{""fraction_for_half_mass"":0.006214396685655101,""gini"":0.9697281582354911,""minimum_count_for_half_mass"":12,""n"":1931,""positive_count"":289,""top_shares"":{""0.01"":0.6211375780689025,""0.05"":0.924333057881426,""0.1"":0.9829146667476966},""total"":2.912009772886379,""zero_count"":1642}","{""benchmark_pass_count"":1751,""n"":1931,""quantiles"":{""0.5"":0.0,""0.9"":0.0009033463225061031,""0.99"":0.03790258846320926,""1.0"":0.21622960781978387},""strict_exceedances"":{""0.01"":54,""0.1"":7}}"
0ff8a61a760d6836f469629b,zsre,v0_stable,1,103,1000,original,"{""count"":244913,""denominator"":245237,""fraction"":0.9986788290510812}","{""fraction_for_half_mass"":6.116532170920375e-05,""gini"":0.9997608623775258,""minimum_count_for_half_mass"":15,""n"":245237,""positive_count"":206,""top_shares"":{""0.001"":1.0,""0.01"":0.9999999999999999},""total"":424.9584289292577,""zero_count"":245031}","{""fraction_for_half_mass"":5.3009945481309916e-05,""gini"":0.9997357225732679,""minimum_count_for_half_mass"":13,""n"":245237,""positive_count"":324,""top_shares"":{""0.001"":0.9896797608031989,""0.01"":1.0},""total"":369.8252411565701,""zero_count"":244913}","{""fraction_for_half_mass"":0.006214396685655101,""gini"":0.9697281582354911,""minimum_count_for_half_mass"":12,""n"":1931,""positive_count"":289,""top_shares"":{""0.01"":0.6211375780689025,""0.05"":0.924333057881426,""0.1"":0.9829146667476966},""total"":2.912009772886379,""zero_count"":1642}","{""benchmark_pass_count"":1751,""n"":1931,""quantiles"":{""0.5"":0.0,""0.9"":0.0009033463225061031,""0.99"":0.03790258846320926,""1.0"":0.21622960781978387},""strict_exceedances"":{""0.01"":54,""0.1"":7}}"
40034291ac69439c82ae1fc3,zsre,v0_stable,1,104,1000,capoff,"{""count"":244877,""denominator"":245237,""fraction"":0.9985320322789791}","{""fraction_for_half_mass"":6.524300982315066e-05,""gini"":0.9997447829731705,""minimum_count_for_half_mass"":16,""n"":245237,""positive_count"":222,""top_shares"":{""0.001"":0.9999999999999999,""0.01"":0.9999999999999997},""total"":406.10937984721926,""zero_count"":245015}","{""fraction_for_half_mass"":5.3009945481309916e-05,""gini"":0.9997232429103342,""minimum_count_for_half_mass"":13,""n"":245237,""positive_count"":360,""top_shares"":{""0.001"":0.984459109826975,""0.01"":1.0},""total"":362.48196836185684,""zero_count"":244877}","{""fraction_for_half_mass"":0.006214396685655101,""gini"":0.9694634474444144,""minimum_count_for_half_mass"":12,""n"":1931,""positive_count"":315,""top_shares"":{""0.01"":0.6318207464942479,""0.05"":0.9222513116833688,""0.1"":0.9790708561989393},""total"":2.8541887272587156,""zero_count"":1616}","{""benchmark_pass_count"":1749,""n"":1931,""quantiles"":{""0.5"":0.0,""0.9"":0.0008644557268264641,""0.99"":0.03486759729490123,""1.0"":0.21622960781978387},""strict_exceedances"":{""0.01"":49,""0.1"":8}}"
40034291ac69439c82ae1fc3,zsre,v0_stable,1,104,1000,original,"{""count"":244877,""denominator"":245237,""fraction"":0.9985320322789791}","{""fraction_for_half_mass"":6.524300982315066e-05,""gini"":0.9997447829731705,""minimum_count_for_half_mass"":16,""n"":245237,""positive_count"":222,""top_shares"":{""0.001"":0.9999999999999999,""0.01"":0.9999999999999997},""total"":406.10937984721926,""zero_count"":245015}","{""fraction_for_half_mass"":5.3009945481309916e-05,""gini"":0.9997232429103342,""minimum_count_for_half_mass"":13,""n"":245237,""positive_count"":360,""top_shares"":{""0.001"":0.984459109826975,""0.01"":1.0},""total"":362.48196836185684,""zero_count"":244877}","{""fraction_for_half_mass"":0.006214396685655101,""gini"":0.9694634474444144,""minimum_count_for_half_mass"":12,""n"":1931,""positive_count"":315,""top_shares"":{""0.01"":0.6318207464942479,""0.05"":0.9222513116833688,""0.1"":0.9790708561989393},""total"":2.8541887272587156,""zero_count"":1616}","{""benchmark_pass_count"":1749,""n"":1931,""quantiles"":{""0.5"":0.0,""0.9"":0.0008644557268264641,""0.99"":0.03486759729490123,""1.0"":0.21622960781978387},""strict_exceedances"":{""0.01"":49,""0.1"":8}}"
6d8d11dbbbc7b736c6386bca,counterfact,v0_stable,1,100,1000,capoff,"{""count"":245237,""denominator"":245237,""fraction"":1.0}","{""fraction_for_half_mass"":null,""gini"":null,""minimum_count_for_half_mass"":null,""n"":245237,""positive_count"":0,""top_shares"":{""0.001"":null,""0.01"":null},""total"":0.0,""zero_count"":245237}","{""fraction_for_half_mass"":null,""gini"":null,""minimum_count_for_half_mass"":null,""n"":245237,""positive_count"":0,""top_shares"":{""0.001"":null,""0.01"":null},""total"":0.0,""zero_count"":245237}","{""fraction_for_half_mass"":null,""gini"":null,""minimum_count_for_half_mass"":null,""n"":1931,""positive_count"":0,""top_shares"":{""0.01"":null,""0.05"":null,""0.1"":null},""total"":0.0,""zero_count"":1931}","{""benchmark_pass_count"":1931,""n"":1931,""quantiles"":{""0.5"":0.0,""0.9"":0.0,""0.99"":0.0,""1.0"":0.0},""strict_exceedances"":{""0.01"":0,""0.1"":0}}"
6d8d11dbbbc7b736c6386bca,counterfact,v0_stable,1,100,1000,original,"{""count"":245237,""denominator"":245237,""fraction"":1.0}","{""fraction_for_half_mass"":null,""gini"":null,""minimum_count_for_half_mass"":null,""n"":245237,""positive_count"":0,""top_shares"":{""0.001"":null,""0.01"":null},""total"":0.0,""zero_count"":245237}","{""fraction_for_half_mass"":null,""gini"":null,""minimum_count_for_half_mass"":null,""n"":245237,""positive_count"":0,""top_shares"":{""0.001"":null,""0.01"":null},""total"":0.0,""zero_count"":245237}","{""fraction_for_half_mass"":null,""gini"":null,""minimum_count_for_half_mass"":null,""n"":1931,""positive_count"":0,""top_shares"":{""0.01"":null,""0.05"":null,""0.1"":null},""total"":0.0,""zero_count"":1931}","{""benchmark_pass_count"":1931,""n"":1931,""quantiles"":{""0.5"":0.0,""0.9"":0.0,""0.99"":0.0,""1.0"":0.0},""strict_exceedances"":{""0.01"":0,""0.1"":0}}"
cefda69ce81ca1253435bac7,counterfact,v0_stable,1,101,1000,capoff,"{""count"":245237,""denominator"":245237,""fraction"":1.0}","{""fraction_for_half_mass"":null,""gini"":null,""minimum_count_for_half_mass"":null,""n"":245237,""positive_count"":0,""top_shares"":{""0.001"":null,""0.01"":null},""total"":0.0,""zero_count"":245237}","{""fraction_for_half_mass"":null,""gini"":null,""minimum_count_for_half_mass"":null,""n"":245237,""positive_count"":0,""top_shares"":{""0.001"":null,""0.01"":null},""total"":0.0,""zero_count"":245237}","{""fraction_for_half_mass"":null,""gini"":null,""minimum_count_for_half_mass"":null,""n"":1931,""positive_count"":0,""top_shares"":{""0.01"":null,""0.05"":null,""0.1"":null},""total"":0.0,""zero_count"":1931}","{""benchmark_pass_count"":1931,""n"":1931,""quantiles"":{""0.5"":0.0,""0.9"":0.0,""0.99"":0.0,""1.0"":0.0},""strict_exceedances"":{""0.01"":0,""0.1"":0}}"
cefda69ce81ca1253435bac7,counterfact,v0_stable,1,101,1000,original,"{""count"":245237,""denominator"":245237,""fraction"":1.0}","{""fraction_for_half_mass"":null,""gini"":null,""minimum_count_for_half_mass"":null,""n"":245237,""positive_count"":0,""top_shares"":{""0.001"":null,""0.01"":null},""total"":0.0,""zero_count"":245237}","{""fraction_for_half_mass"":null,""gini"":null,""minimum_count_for_half_mass"":null,""n"":245237,""positive_count"":0,""top_shares"":{""0.001"":null,""0.01"":null},""total"":0.0,""zero_count"":245237}","{""fraction_for_half_mass"":null,""gini"":null,""minimum_count_for_half_mass"":null,""n"":1931,""positive_count"":0,""top_shares"":{""0.01"":null,""0.05"":null,""0.1"":null},""total"":0.0,""zero_count"":1931}","{""benchmark_pass_count"":1931,""n"":1931,""quantiles"":{""0.5"":0.0,""0.9"":0.0,""0.99"":0.0,""1.0"":0.0},""strict_exceedances"":{""0.01"":0,""0.1"":0}}"
e42cd6f9b5b86feb491512f6,counterfact,v0_stable,1,102,1000,capoff,"{""count"":245237,""denominator"":245237,""fraction"":1.0}","{""fraction_for_half_mass"":null,""gini"":null,""minimum_count_for_half_mass"":null,""n"":245237,""positive_count"":0,""top_shares"":{""0.001"":null,""0.01"":null},""total"":0.0,""zero_count"":245237}","{""fraction_for_half_mass"":null,""gini"":null,""minimum_count_for_half_mass"":null,""n"":245237,""positive_count"":0,""top_shares"":{""0.001"":null,""0.01"":null},""total"":0.0,""zero_count"":245237}","{""fraction_for_half_mass"":null,""gini"":null,""minimum_count_for_half_mass"":null,""n"":1931,""positive_count"":0,""top_shares"":{""0.01"":null,""0.05"":null,""0.1"":null},""total"":0.0,""zero_count"":1931}","{""benchmark_pass_count"":1931,""n"":1931,""quantiles"":{""0.5"":0.0,""0.9"":0.0,""0.99"":0.0,""1.0"":0.0},""strict_exceedances"":{""0.01"":0,""0.1"":0}}"
e42cd6f9b5b86feb491512f6,counterfact,v0_stable,1,102,1000,original,"{""count"":245237,""denominator"":245237,""fraction"":1.0}","{""fraction_for_half_mass"":null,""gini"":null,""minimum_count_for_half_mass"":null,""n"":245237,""positive_count"":0,""top_shares"":{""0.001"":null,""0.01"":null},""total"":0.0,""zero_count"":245237}","{""fraction_for_half_mass"":null,""gini"":null,""minimum_count_for_half_mass"":null,""n"":245237,""positive_count"":0,""top_shares"":{""0.001"":null,""0.01"":null},""total"":0.0,""zero_count"":245237}","{""fraction_for_half_mass"":null,""gini"":null,""minimum_count_for_half_mass"":null,""n"":1931,""positive_count"":0,""top_shares"":{""0.01"":null,""0.05"":null,""0.1"":null},""total"":0.0,""zero_count"":1931}","{""benchmark_pass_count"":1931,""n"":1931,""quantiles"":{""0.5"":0.0,""0.9"":0.0,""0.99"":0.0,""1.0"":0.0},""strict_exceedances"":{""0.01"":0,""0.1"":0}}"
e0f2bb19e19594c972c0ef15,counterfact,v0_stable,1,103,1000,capoff,"{""count"":245237,""denominator"":245237,""fraction"":1.0}","{""fraction_for_half_mass"":null,""gini"":null,""minimum_count_for_half_mass"":null,""n"":245237,""positive_count"":0,""top_shares"":{""0.001"":null,""0.01"":null},""total"":0.0,""zero_count"":245237}","{""fraction_for_half_mass"":null,""gini"":null,""minimum_count_for_half_mass"":null,""n"":245237,""positive_count"":0,""top_shares"":{""0.001"":null,""0.01"":null},""total"":0.0,""zero_count"":245237}","{""fraction_for_half_mass"":null,""gini"":null,""minimum_count_for_half_mass"":null,""n"":1931,""positive_count"":0,""top_shares"":{""0.01"":null,""0.05"":null,""0.1"":null},""total"":0.0,""zero_count"":1931}","{""benchmark_pass_count"":1931,""n"":1931,""quantiles"":{""0.5"":0.0,""0.9"":0.0,""0.99"":0.0,""1.0"":0.0},""strict_exceedances"":{""0.01"":0,""0.1"":0}}"
e0f2bb19e19594c972c0ef15,counterfact,v0_stable,1,103,1000,original,"{""count"":245237,""denominator"":245237,""fraction"":1.0}","{""fraction_for_half_mass"":null,""gini"":null,""minimum_count_for_half_mass"":null,""n"":245237,""positive_count"":0,""top_shares"":{""0.001"":null,""0.01"":null},""total"":0.0,""zero_count"":245237}","{""fraction_for_half_mass"":null,""gini"":null,""minimum_count_for_half_mass"":null,""n"":245237,""positive_count"":0,""top_shares"":{""0.001"":null,""0.01"":null},""total"":0.0,""zero_count"":245237}","{""fraction_for_half_mass"":null,""gini"":null,""minimum_count_for_half_mass"":null,""n"":1931,""positive_count"":0,""top_shares"":{""0.01"":null,""0.05"":null,""0.1"":null},""total"":0.0,""zero_count"":1931}","{""benchmark_pass_count"":1931,""n"":1931,""quantiles"":{""0.5"":0.0,""0.9"":0.0,""0.99"":0.0,""1.0"":0.0},""strict_exceedances"":{""0.01"":0,""0.1"":0}}"
0d4d946cb9ff28b7e6af3c4d,counterfact,v0_stable,1,104,1000,capoff,"{""count"":245237,""denominator"":245237,""fraction"":1.0}","{""fraction_for_half_mass"":null,""gini"":null,""minimum_count_for_half_mass"":null,""n"":245237,""positive_count"":0,""top_shares"":{""0.001"":null,""0.01"":null},""total"":0.0,""zero_count"":245237}","{""fraction_for_half_mass"":null,""gini"":null,""minimum_count_for_half_mass"":null,""n"":245237,""positive_count"":0,""top_shares"":{""0.001"":null,""0.01"":null},""total"":0.0,""zero_count"":245237}","{""fraction_for_half_mass"":null,""gini"":null,""minimum_count_for_half_mass"":null,""n"":1931,""positive_count"":0,""top_shares"":{""0.01"":null,""0.05"":null,""0.1"":null},""total"":0.0,""zero_count"":1931}","{""benchmark_pass_count"":1931,""n"":1931,""quantiles"":{""0.5"":0.0,""0.9"":0.0,""0.99"":0.0,""1.0"":0.0},""strict_exceedances"":{""0.01"":0,""0.1"":0}}"
0d4d946cb9ff28b7e6af3c4d,counterfact,v0_stable,1,104,1000,original,"{""count"":245237,""denominator"":245237,""fraction"":1.0}","{""fraction_for_half_mass"":null,""gini"":null,""minimum_count_for_half_mass"":null,""n"":245237,""positive_count"":0,""top_shares"":{""0.001"":null,""0.01"":null},""total"":0.0,""zero_count"":245237}","{""fraction_for_half_mass"":null,""gini"":null,""minimum_count_for_half_mass"":null,""n"":245237,""positive_count"":0,""top_shares"":{""0.001"":null,""0.01"":null},""total"":0.0,""zero_count"":245237}","{""fraction_for_half_mass"":null,""gini"":null,""minimum_count_for_half_mass"":null,""n"":1931,""positive_count"":0,""top_shares"":{""0.01"":null,""0.05"":null,""0.1"":null},""total"":0.0,""zero_count"":1931}","{""benchmark_pass_count"":1931,""n"":1931,""quantiles"":{""0.5"":0.0,""0.9"":0.0,""0.99"":0.0,""1.0"":0.0},""strict_exceedances"":{""0.01"":0,""0.1"":0}}"
9179614db32d3fd8b437475b,mquake,v0_stable,1,100,300,capoff,"{""count"":245237,""denominator"":245237,""fraction"":1.0}","{""fraction_for_half_mass"":null,""gini"":null,""minimum_count_for_half_mass"":null,""n"":245237,""positive_count"":0,""top_shares"":{""0.001"":null,""0.01"":null},""total"":0.0,""zero_count"":245237}","{""fraction_for_half_mass"":null,""gini"":null,""minimum_count_for_half_mass"":null,""n"":245237,""positive_count"":0,""top_shares"":{""0.001"":null,""0.01"":null},""total"":0.0,""zero_count"":245237}","{""fraction_for_half_mass"":null,""gini"":null,""minimum_count_for_half_mass"":null,""n"":1931,""positive_count"":0,""top_shares"":{""0.01"":null,""0.05"":null,""0.1"":null},""total"":0.0,""zero_count"":1931}","{""benchmark_pass_count"":1931,""n"":1931,""quantiles"":{""0.5"":0.0,""0.9"":0.0,""0.99"":0.0,""1.0"":0.0},""strict_exceedances"":{""0.01"":0,""0.1"":0}}"
9179614db32d3fd8b437475b,mquake,v0_stable,1,100,300,original,"{""count"":245237,""denominator"":245237,""fraction"":1.0}","{""fraction_for_half_mass"":null,""gini"":null,""minimum_count_for_half_mass"":null,""n"":245237,""positive_count"":0,""top_shares"":{""0.001"":null,""0.01"":null},""total"":0.0,""zero_count"":245237}","{""fraction_for_half_mass"":null,""gini"":null,""minimum_count_for_half_mass"":null,""n"":245237,""positive_count"":0,""top_shares"":{""0.001"":null,""0.01"":null},""total"":0.0,""zero_count"":245237}","{""fraction_for_half_mass"":null,""gini"":null,""minimum_count_for_half_mass"":null,""n"":1931,""positive_count"":0,""top_shares"":{""0.01"":null,""0.05"":null,""0.1"":null},""total"":0.0,""zero_count"":1931}","{""benchmark_pass_count"":1931,""n"":1931,""quantiles"":{""0.5"":0.0,""0.9"":0.0,""0.99"":0.0,""1.0"":0.0},""strict_exceedances"":{""0.01"":0,""0.1"":0}}"
e146662ae0ab343921979246,mquake,v0_stable,1,101,300,capoff,"{""count"":245237,""denominator"":245237,""fraction"":1.0}","{""fraction_for_half_mass"":null,""gini"":null,""minimum_count_for_half_mass"":null,""n"":245237,""positive_count"":0,""top_shares"":{""0.001"":null,""0.01"":null},""total"":0.0,""zero_count"":245237}","{""fraction_for_half_mass"":null,""gini"":null,""minimum_count_for_half_mass"":null,""n"":245237,""positive_count"":0,""top_shares"":{""0.001"":null,""0.01"":null},""total"":0.0,""zero_count"":245237}","{""fraction_for_half_mass"":null,""gini"":null,""minimum_count_for_half_mass"":null,""n"":1931,""positive_count"":0,""top_shares"":{""0.01"":null,""0.05"":null,""0.1"":null},""total"":0.0,""zero_count"":1931}","{""benchmark_pass_count"":1931,""n"":1931,""quantiles"":{""0.5"":0.0,""0.9"":0.0,""0.99"":0.0,""1.0"":0.0},""strict_exceedances"":{""0.01"":0,""0.1"":0}}"
e146662ae0ab343921979246,mquake,v0_stable,1,101,300,original,"{""count"":245237,""denominator"":245237,""fraction"":1.0}","{""fraction_for_half_mass"":null,""gini"":null,""minimum_count_for_half_mass"":null,""n"":245237,""positive_count"":0,""top_shares"":{""0.001"":null,""0.01"":null},""total"":0.0,""zero_count"":245237}","{""fraction_for_half_mass"":null,""gini"":null,""minimum_count_for_half_mass"":null,""n"":245237,""positive_count"":0,""top_shares"":{""0.001"":null,""0.01"":null},""total"":0.0,""zero_count"":245237}","{""fraction_for_half_mass"":null,""gini"":null,""minimum_count_for_half_mass"":null,""n"":1931,""positive_count"":0,""top_shares"":{""0.01"":null,""0.05"":null,""0.1"":null},""total"":0.0,""zero_count"":1931}","{""benchmark_pass_count"":1931,""n"":1931,""quantiles"":{""0.5"":0.0,""0.9"":0.0,""0.99"":0.0,""1.0"":0.0},""strict_exceedances"":{""0.01"":0,""0.1"":0}}"
c770960b77b2d9f6304f1a34,mquake,v0_stable,1,102,300,capoff,"{""count"":245237,""denominator"":245237,""fraction"":1.0}","{""fraction_for_half_mass"":null,""gini"":null,""minimum_count_for_half_mass"":null,""n"":245237,""positive_count"":0,""top_shares"":{""0.001"":null,""0.01"":null},""total"":0.0,""zero_count"":245237}","{""fraction_for_half_mass"":null,""gini"":null,""minimum_count_for_half_mass"":null,""n"":245237,""positive_count"":0,""top_shares"":{""0.001"":null,""0.01"":null},""total"":0.0,""zero_count"":245237}","{""fraction_for_half_mass"":null,""gini"":null,""minimum_count_for_half_mass"":null,""n"":1931,""positive_count"":0,""top_shares"":{""0.01"":null,""0.05"":null,""0.1"":null},""total"":0.0,""zero_count"":1931}","{""benchmark_pass_count"":1931,""n"":1931,""quantiles"":{""0.5"":0.0,""0.9"":0.0,""0.99"":0.0,""1.0"":0.0},""strict_exceedances"":{""0.01"":0,""0.1"":0}}"
c770960b77b2d9f6304f1a34,mquake,v0_stable,1,102,300,original,"{""count"":245237,""denominator"":245237,""fraction"":1.0}","{""fraction_for_half_mass"":null,""gini"":null,""minimum_count_for_half_mass"":null,""n"":245237,""positive_count"":0,""top_shares"":{""0.001"":null,""0.01"":null},""total"":0.0,""zero_count"":245237}","{""fraction_for_half_mass"":null,""gini"":null,""minimum_count_for_half_mass"":null,""n"":245237,""positive_count"":0,""top_shares"":{""0.001"":null,""0.01"":null},""total"":0.0,""zero_count"":245237}","{""fraction_for_half_mass"":null,""gini"":null,""minimum_count_for_half_mass"":null,""n"":1931,""positive_count"":0,""top_shares"":{""0.01"":null,""0.05"":null,""0.1"":null},""total"":0.0,""zero_count"":1931}","{""benchmark_pass_count"":1931,""n"":1931,""quantiles"":{""0.5"":0.0,""0.9"":0.0,""0.99"":0.0,""1.0"":0.0},""strict_exceedances"":{""0.01"":0,""0.1"":0}}"
d49ef9c7980da822326bc6ac,mquake,v0_stable,1,103,300,capoff,"{""count"":245237,""denominator"":245237,""fraction"":1.0}","{""fraction_for_half_mass"":null,""gini"":null,""minimum_count_for_half_mass"":null,""n"":245237,""positive_count"":0,""top_shares"":{""0.001"":null,""0.01"":null},""total"":0.0,""zero_count"":245237}","{""fraction_for_half_mass"":null,""gini"":null,""minimum_count_for_half_mass"":null,""n"":245237,""positive_count"":0,""top_shares"":{""0.001"":null,""0.01"":null},""total"":0.0,""zero_count"":245237}","{""fraction_for_half_mass"":null,""gini"":null,""minimum_count_for_half_mass"":null,""n"":1931,""positive_count"":0,""top_shares"":{""0.01"":null,""0.05"":null,""0.1"":null},""total"":0.0,""zero_count"":1931}","{""benchmark_pass_count"":1931,""n"":1931,""quantiles"":{""0.5"":0.0,""0.9"":0.0,""0.99"":0.0,""1.0"":0.0},""strict_exceedances"":{""0.01"":0,""0.1"":0}}"
d49ef9c7980da822326bc6ac,mquake,v0_stable,1,103,300,original,"{""count"":245237,""denominator"":245237,""fraction"":1.0}","{""fraction_for_half_mass"":null,""gini"":null,""minimum_count_for_half_mass"":null,""n"":245237,""positive_count"":0,""top_shares"":{""0.001"":null,""0.01"":null},""total"":0.0,""zero_count"":245237}","{""fraction_for_half_mass"":null,""gini"":null,""minimum_count_for_half_mass"":null,""n"":245237,""positive_count"":0,""top_shares"":{""0.001"":null,""0.01"":null},""total"":0.0,""zero_count"":245237}","{""fraction_for_half_mass"":null,""gini"":null,""minimum_count_for_half_mass"":null,""n"":1931,""positive_count"":0,""top_shares"":{""0.01"":null,""0.05"":null,""0.1"":null},""total"":0.0,""zero_count"":1931}","{""benchmark_pass_count"":1931,""n"":1931,""quantiles"":{""0.5"":0.0,""0.9"":0.0,""0.99"":0.0,""1.0"":0.0},""strict_exceedances"":{""0.01"":0,""0.1"":0}}"
eef5c3dc3fc8291d75199816,mquake,v0_stable,1,104,300,capoff,"{""count"":245237,""denominator"":245237,""fraction"":1.0}","{""fraction_for_half_mass"":null,""gini"":null,""minimum_count_for_half_mass"":null,""n"":245237,""positive_count"":0,""top_shares"":{""0.001"":null,""0.01"":null},""total"":0.0,""zero_count"":245237}","{""fraction_for_half_mass"":null,""gini"":null,""minimum_count_for_half_mass"":null,""n"":245237,""positive_count"":0,""top_shares"":{""0.001"":null,""0.01"":null},""total"":0.0,""zero_count"":245237}","{""fraction_for_half_mass"":null,""gini"":null,""minimum_count_for_half_mass"":null,""n"":1931,""positive_count"":0,""top_shares"":{""0.01"":null,""0.05"":null,""0.1"":null},""total"":0.0,""zero_count"":1931}","{""benchmark_pass_count"":1931,""n"":1931,""quantiles"":{""0.5"":0.0,""0.9"":0.0,""0.99"":0.0,""1.0"":0.0},""strict_exceedances"":{""0.01"":0,""0.1"":0}}"
eef5c3dc3fc8291d75199816,mquake,v0_stable,1,104,300,original,"{""count"":245237,""denominator"":245237,""fraction"":1.0}","{""fraction_for_half_mass"":null,""gini"":null,""minimum_count_for_half_mass"":null,""n"":245237,""positive_count"":0,""top_shares"":{""0.001"":null,""0.01"":null},""total"":0.0,""zero_count"":245237}","{""fraction_for_half_mass"":null,""gini"":null,""minimum_count_for_half_mass"":null,""n"":245237,""positive_count"":0,""top_shares"":{""0.001"":null,""0.01"":null},""total"":0.0,""zero_count"":245237}","{""fraction_for_half_mass"":null,""gini"":null,""minimum_count_for_half_mass"":null,""n"":1931,""positive_count"":0,""top_shares"":{""0.01"":null,""0.05"":null,""0.1"":null},""total"":0.0,""zero_count"":1931}","{""benchmark_pass_count"":1931,""n"":1931,""quantiles"":{""0.5"":0.0,""0.9"":0.0,""0.99"":0.0,""1.0"":0.0},""strict_exceedances"":{""0.01"":0,""0.1"":0}}"
0417f598d89548e3200a3fe4,zsre,R1_learned_ff,2,100,1000,capoff,"{""count"":244805,""denominator"":245237,""fraction"":0.9982384387347749}","{""fraction_for_half_mass"":0.0002732051036344434,""gini"":0.9992643661271888,""minimum_count_for_half_mass"":67,""n"":245237,""positive_count"":377,""top_shares"":{""0.001"":0.9368082544807221,""0.01"":1.0},""total"":623.6981641231321,""zero_count"":244860}","{""fraction_for_half_mass"":0.0002772827917483903,""gini"":0.999232417165781,""minimum_count_for_half_mass"":68,""n"":245237,""positive_count"":432,""top_shares"":{""0.001"":0.9214765289292726,""0.01"":1.0},""total"":571.341024110572,""zero_count"":244805}","{""fraction_for_half_mass"":0.012428793371310202,""gini"":0.9605855132924115,""minimum_count_for_half_mass"":24,""n"":1931,""positive_count"":199,""top_shares"":{""0.01"":0.44737459535972357,""0.05"":0.8993833276440423,""0.1"":0.9991986401521643},""total"":4.498748221343087,""zero_count"":1732}","{""benchmark_pass_count"":1743,""n"":1931,""quantiles"":{""0.5"":0.0,""0.9"":0.0007284018374071329,""0.99"":0.05281569188134291,""1.0"":0.23395989470515838},""strict_exceedances"":{""0.01"":103,""0.1"":6}}"
0417f598d89548e3200a3fe4,zsre,R1_learned_ff,2,100,1000,original,"{""count"":244805,""denominator"":245237,""fraction"":0.9982384387347749}","{""fraction_for_half_mass"":0.0002732051036344434,""gini"":0.9992643661271888,""minimum_count_for_half_mass"":67,""n"":245237,""positive_count"":377,""top_shares"":{""0.001"":0.9368082544807221,""0.01"":1.0},""total"":623.6981641231321,""zero_count"":244860}","{""fraction_for_half_mass"":0.0002772827917483903,""gini"":0.999232417165781,""minimum_count_for_half_mass"":68,""n"":245237,""positive_count"":432,""top_shares"":{""0.001"":0.9214765289292726,""0.01"":1.0},""total"":571.341024110572,""zero_count"":244805}","{""fraction_for_half_mass"":0.012428793371310202,""gini"":0.9605855132924115,""minimum_count_for_half_mass"":24,""n"":1931,""positive_count"":199,""top_shares"":{""0.01"":0.44737459535972357,""0.05"":0.8993833276440423,""0.1"":0.9991986401521643},""total"":4.498748221343087,""zero_count"":1732}","{""benchmark_pass_count"":1743,""n"":1931,""quantiles"":{""0.5"":0.0,""0.9"":0.0007284018374071329,""0.99"":0.05281569188134291,""1.0"":0.23395989470515838},""strict_exceedances"":{""0.01"":103,""0.1"":6}}"
12a9c0da62781d521da26cd5,zsre,R1_learned_ff,2,101,1000,capoff,"{""count"":244805,""denominator"":245237,""fraction"":0.9982384387347749}","{""fraction_for_half_mass"":0.0002732051036344434,""gini"":0.9992643662202498,""minimum_count_for_half_mass"":67,""n"":245237,""positive_count"":377,""top_shares"":{""0.001"":0.9368082462185173,""0.01"":1.0000000000000002},""total"":623.6982014705387,""zero_count"":244860}","{""fraction_for_half_mass"":0.0002772827917483903,""gini"":0.999232417046495,""minimum_count_for_half_mass"":68,""n"":245237,""positive_count"":432,""top_shares"":{""0.001"":0.9214764864558742,""0.01"":1.0000000000000002},""total"":571.3410421432678,""zero_count"":244805}","{""fraction_for_half_mass"":0.012428793371310202,""gini"":0.9605855193229208,""minimum_count_for_half_mass"":24,""n"":1931,""positive_count"":199,""top_shares"":{""0.01"":0.44737456538822223,""0.05"":0.8993833771235465,""0.1"":0.9991986391782054},""total"":4.498748363332818,""zero_count"":1732}","{""benchmark_pass_count"":1743,""n"":1931,""quantiles"":{""0.5"":0.0,""0.9"":0.0007283997262803799,""0.99"":0.05281573273361485,""1.0"":0.23395987833784018},""strict_exceedances"":{""0.01"":103,""0.1"":6}}"
12a9c0da62781d521da26cd5,zsre,R1_learned_ff,2,101,1000,original,"{""count"":244805,""denominator"":245237,""fraction"":0.9982384387347749}","{""fraction_for_half_mass"":0.0002732051036344434,""gini"":0.9992643662202498,""minimum_count_for_half_mass"":67,""n"":245237,""positive_count"":377,""top_shares"":{""0.001"":0.9368082462185173,""0.01"":1.0000000000000002},""total"":623.6982014705387,""zero_count"":244860}","{""fraction_for_half_mass"":0.0002772827917483903,""gini"":0.999232417046495,""minimum_count_for_half_mass"":68,""n"":245237,""positive_count"":432,""top_shares"":{""0.001"":0.9214764864558742,""0.01"":1.0000000000000002},""total"":571.3410421432678,""zero_count"":244805}","{""fraction_for_half_mass"":0.012428793371310202,""gini"":0.9605855193229208,""minimum_count_for_half_mass"":24,""n"":1931,""positive_count"":199,""top_shares"":{""0.01"":0.44737456538822223,""0.05"":0.8993833771235465,""0.1"":0.9991986391782054},""total"":4.498748363332818,""zero_count"":1732}","{""benchmark_pass_count"":1743,""n"":1931,""quantiles"":{""0.5"":0.0,""0.9"":0.0007283997262803799,""0.99"":0.05281573273361485,""1.0"":0.23395987833784018},""strict_exceedances"":{""0.01"":103,""0.1"":6}}"
c2a67190edb39398491bd651,zsre,R1_learned_ff,2,102,1000,capoff,"{""count"":244805,""denominator"":245237,""fraction"":0.9982384387347749}","{""fraction_for_half_mass"":0.0002732051036344434,""gini"":0.9992643661271888,""minimum_count_for_half_mass"":67,""n"":245237,""positive_count"":377,""top_shares"":{""0.001"":0.9368082544807221,""0.01"":1.0},""total"":623.6981641231321,""zero_count"":244860}","{""fraction_for_half_mass"":0.0002772827917483903,""gini"":0.999232417165781,""minimum_count_for_half_mass"":68,""n"":245237,""positive_count"":432,""top_shares"":{""0.001"":0.9214765289292726,""0.01"":1.0},""total"":571.341024110572,""zero_count"":244805}","{""fraction_for_half_mass"":0.012428793371310202,""gini"":0.9605855132924115,""minimum_count_for_half_mass"":24,""n"":1931,""positive_count"":199,""top_shares"":{""0.01"":0.44737459535972357,""0.05"":0.8993833276440423,""0.1"":0.9991986401521643},""total"":4.498748221343087,""zero_count"":1732}","{""benchmark_pass_count"":1743,""n"":1931,""quantiles"":{""0.5"":0.0,""0.9"":0.0007284018374071329,""0.99"":0.05281569188134291,""1.0"":0.23395989470515838},""strict_exceedances"":{""0.01"":103,""0.1"":6}}"
c2a67190edb39398491bd651,zsre,R1_learned_ff,2,102,1000,original,"{""count"":244805,""denominator"":245237,""fraction"":0.9982384387347749}","{""fraction_for_half_mass"":0.0002732051036344434,""gini"":0.9992643661271888,""minimum_count_for_half_mass"":67,""n"":245237,""positive_count"":377,""top_shares"":{""0.001"":0.9368082544807221,""0.01"":1.0},""total"":623.6981641231321,""zero_count"":244860}","{""fraction_for_half_mass"":0.0002772827917483903,""gini"":0.999232417165781,""minimum_count_for_half_mass"":68,""n"":245237,""positive_count"":432,""top_shares"":{""0.001"":0.9214765289292726,""0.01"":1.0},""total"":571.341024110572,""zero_count"":244805}","{""fraction_for_half_mass"":0.012428793371310202,""gini"":0.9605855132924115,""minimum_count_for_half_mass"":24,""n"":1931,""positive_count"":199,""top_shares"":{""0.01"":0.44737459535972357,""0.05"":0.8993833276440423,""0.1"":0.9991986401521643},""total"":4.498748221343087,""zero_count"":1732}","{""benchmark_pass_count"":1743,""n"":1931,""quantiles"":{""0.5"":0.0,""0.9"":0.0007284018374071329,""0.99"":0.05281569188134291,""1.0"":0.23395989470515838},""strict_exceedances"":{""0.01"":103,""0.1"":6}}"
58cc3599099d7ab60e5d1413,zsre,R1_learned_ff,2,103,1000,capoff,"{""count"":244805,""denominator"":245237,""fraction"":0.9982384387347749}","{""fraction_for_half_mass"":0.0002732051036344434,""gini"":0.9992643661271888,""minimum_count_for_half_mass"":67,""n"":245237,""positive_count"":377,""top_shares"":{""0.001"":0.9368082544807221,""0.01"":1.0},""total"":623.6981641231321,""zero_count"":244860}","{""fraction_for_half_mass"":0.0002772827917483903,""gini"":0.999232417165781,""minimum_count_for_half_mass"":68,""n"":245237,""positive_count"":432,""top_shares"":{""0.001"":0.9214765289292726,""0.01"":1.0},""total"":571.341024110572,""zero_count"":244805}","{""fraction_for_half_mass"":0.012428793371310202,""gini"":0.9605855132924115,""minimum_count_for_half_mass"":24,""n"":1931,""positive_count"":199,""top_shares"":{""0.01"":0.44737459535972357,""0.05"":0.8993833276440423,""0.1"":0.9991986401521643},""total"":4.498748221343087,""zero_count"":1732}","{""benchmark_pass_count"":1743,""n"":1931,""quantiles"":{""0.5"":0.0,""0.9"":0.0007284018374071329,""0.99"":0.05281569188134291,""1.0"":0.23395989470515838},""strict_exceedances"":{""0.01"":103,""0.1"":6}}"
58cc3599099d7ab60e5d1413,zsre,R1_learned_ff,2,103,1000,original,"{""count"":244805,""denominator"":245237,""fraction"":0.9982384387347749}","{""fraction_for_half_mass"":0.0002732051036344434,""gini"":0.9992643661271888,""minimum_count_for_half_mass"":67,""n"":245237,""positive_count"":377,""top_shares"":{""0.001"":0.9368082544807221,""0.01"":1.0},""total"":623.6981641231321,""zero_count"":244860}","{""fraction_for_half_mass"":0.0002772827917483903,""gini"":0.999232417165781,""minimum_count_for_half_mass"":68,""n"":245237,""positive_count"":432,""top_shares"":{""0.001"":0.9214765289292726,""0.01"":1.0},""total"":571.341024110572,""zero_count"":244805}","{""fraction_for_half_mass"":0.012428793371310202,""gini"":0.9605855132924115,""minimum_count_for_half_mass"":24,""n"":1931,""positive_count"":199,""top_shares"":{""0.01"":0.44737459535972357,""0.05"":0.8993833276440423,""0.1"":0.9991986401521643},""total"":4.498748221343087,""zero_count"":1732}","{""benchmark_pass_count"":1743,""n"":1931,""quantiles"":{""0.5"":0.0,""0.9"":0.0007284018374071329,""0.99"":0.05281569188134291,""1.0"":0.23395989470515838},""strict_exceedances"":{""0.01"":103,""0.1"":6}}"
4206e18c23b43bb312e045e6,zsre,R1_learned_ff,2,104,1000,capoff,"{""count"":244805,""denominator"":245237,""fraction"":0.9982384387347749}","{""fraction_for_half_mass"":0.0002732051036344434,""gini"":0.9992643661271888,""minimum_count_for_half_mass"":67,""n"":245237,""positive_count"":377,""top_shares"":{""0.001"":0.9368082544807221,""0.01"":1.0},""total"":623.6981641231321,""zero_count"":244860}","{""fraction_for_half_mass"":0.0002772827917483903,""gini"":0.999232417165781,""minimum_count_for_half_mass"":68,""n"":245237,""positive_count"":432,""top_shares"":{""0.001"":0.9214765289292726,""0.01"":1.0},""total"":571.341024110572,""zero_count"":244805}","{""fraction_for_half_mass"":0.012428793371310202,""gini"":0.9605855132924115,""minimum_count_for_half_mass"":24,""n"":1931,""positive_count"":199,""top_shares"":{""0.01"":0.44737459535972357,""0.05"":0.8993833276440423,""0.1"":0.9991986401521643},""total"":4.498748221343087,""zero_count"":1732}","{""benchmark_pass_count"":1743,""n"":1931,""quantiles"":{""0.5"":0.0,""0.9"":0.0007284018374071329,""0.99"":0.05281569188134291,""1.0"":0.23395989470515838},""strict_exceedances"":{""0.01"":103,""0.1"":6}}"
4206e18c23b43bb312e045e6,zsre,R1_learned_ff,2,104,1000,original,"{""count"":244805,""denominator"":245237,""fraction"":0.9982384387347749}","{""fraction_for_half_mass"":0.0002732051036344434,""gini"":0.9992643661271888,""minimum_count_for_half_mass"":67,""n"":245237,""positive_count"":377,""top_shares"":{""0.001"":0.9368082544807221,""0.01"":1.0},""total"":623.6981641231321,""zero_count"":244860}","{""fraction_for_half_mass"":0.0002772827917483903,""gini"":0.999232417165781,""minimum_count_for_half_mass"":68,""n"":245237,""positive_count"":432,""top_shares"":{""0.001"":0.9214765289292726,""0.01"":1.0},""total"":571.341024110572,""zero_count"":244805}","{""fraction_for_half_mass"":0.012428793371310202,""gini"":0.9605855132924115,""minimum_count_for_half_mass"":24,""n"":1931,""positive_count"":199,""top_shares"":{""0.01"":0.44737459535972357,""0.05"":0.8993833276440423,""0.1"":0.9991986401521643},""total"":4.498748221343087,""zero_count"":1732}","{""benchmark_pass_count"":1743,""n"":1931,""quantiles"":{""0.5"":0.0,""0.9"":0.0007284018374071329,""0.99"":0.05281569188134291,""1.0"":0.23395989470515838},""strict_exceedances"":{""0.01"":103,""0.1"":6}}"
fa46e16c8436f7ea4a5c3f06,counterfact,R1_learned_ff,2,100,1000,capoff,"{""count"":244299,""denominator"":245237,""fraction"":0.9961751285491178}","{""fraction_for_half_mass"":0.0005953424646362498,""gini"":0.9983616326773268,""minimum_count_for_half_mass"":146,""n"":245237,""positive_count"":821,""top_shares"":{""0.001"":0.6760658405907025,""0.01"":0.9999999999999997},""total"":1525.1078273558148,""zero_count"":244416}","{""fraction_for_half_mass"":0.0005912647765223029,""gini"":0.998326748603144,""minimum_count_for_half_mass"":145,""n"":245237,""positive_count"":938,""top_shares"":{""0.001"":0.6796567065863892,""0.01"":0.9999999999999999},""total"":1417.626219016049,""zero_count"":244299}","{""fraction_for_half_mass"":0.030554117037804248,""gini"":0.9110908330995428,""minimum_count_for_half_mass"":59,""n"":1931,""positive_count"":417,""top_shares"":{""0.01"":0.28519377848050925,""0.05"":0.6483010962344429,""0.1"":0.8685923082509318},""total"":11.162411173354714,""zero_count"":1514}","{""benchmark_pass_count"":1530,""n"":1931,""quantiles"":{""0.5"":0.0,""0.9"":0.016909089619281576,""0.99"":0.08093784873060701,""1.0"":0.432544422428779},""strict_exceedances"":{""0.01"":255,""0.1"":11}}"
fa46e16c8436f7ea4a5c3f06,counterfact,R1_learned_ff,2,100,1000,original,"{""count"":244299,""denominator"":245237,""fraction"":0.9961751285491178}","{""fraction_for_half_mass"":0.0005953424646362498,""gini"":0.9983616326773268,""minimum_count_for_half_mass"":146,""n"":245237,""positive_count"":821,""top_shares"":{""0.001"":0.6760658405907025,""0.01"":0.9999999999999997},""total"":1525.1078273558148,""zero_count"":244416}","{""fraction_for_half_mass"":0.0005912647765223029,""gini"":0.998326748603144,""minimum_count_for_half_mass"":145,""n"":245237,""positive_count"":938,""top_shares"":{""0.001"":0.6796567065863892,""0.01"":0.9999999999999999},""total"":1417.626219016049,""zero_count"":244299}","{""fraction_for_half_mass"":0.030554117037804248,""gini"":0.9110908330995428,""minimum_count_for_half_mass"":59,""n"":1931,""positive_count"":417,""top_shares"":{""0.01"":0.28519377848050925,""0.05"":0.6483010962344429,""0.1"":0.8685923082509318},""total"":11.162411173354714,""zero_count"":1514}","{""benchmark_pass_count"":1530,""n"":1931,""quantiles"":{""0.5"":0.0,""0.9"":0.016909089619281576,""0.99"":0.08093784873060701,""1.0"":0.432544422428779},""strict_exceedances"":{""0.01"":255,""0.1"":11}}"
162686f6303fe986619d236d,counterfact,R1_learned_ff,2,101,1000,capoff,"{""count"":244299,""denominator"":245237,""fraction"":0.9961751285491178}","{""fraction_for_half_mass"":0.0005953424646362498,""gini"":0.9983616326773268,""minimum_count_for_half_mass"":146,""n"":245237,""positive_count"":821,""top_shares"":{""0.001"":0.6760658405907025,""0.01"":0.9999999999999997},""total"":1525.1078273558148,""zero_count"":244416}","{""fraction_for_half_mass"":0.0005912647765223029,""gini"":0.998326748603144,""minimum_count_for_half_mass"":145,""n"":245237,""positive_count"":938,""top_shares"":{""0.001"":0.6796567065863892,""0.01"":0.9999999999999999},""total"":1417.626219016049,""zero_count"":244299}","{""fraction_for_half_mass"":0.030554117037804248,""gini"":0.9110908330995428,""minimum_count_for_half_mass"":59,""n"":1931,""positive_count"":417,""top_shares"":{""0.01"":0.28519377848050925,""0.05"":0.6483010962344429,""0.1"":0.8685923082509318},""total"":11.162411173354714,""zero_count"":1514}","{""benchmark_pass_count"":1530,""n"":1931,""quantiles"":{""0.5"":0.0,""0.9"":0.016909089619281576,""0.99"":0.08093784873060701,""1.0"":0.432544422428779},""strict_exceedances"":{""0.01"":255,""0.1"":11}}"
162686f6303fe986619d236d,counterfact,R1_learned_ff,2,101,1000,original,"{""count"":244299,""denominator"":245237,""fraction"":0.9961751285491178}","{""fraction_for_half_mass"":0.0005953424646362498,""gini"":0.9983616326773268,""minimum_count_for_half_mass"":146,""n"":245237,""positive_count"":821,""top_shares"":{""0.001"":0.6760658405907025,""0.01"":0.9999999999999997},""total"":1525.1078273558148,""zero_count"":244416}","{""fraction_for_half_mass"":0.0005912647765223029,""gini"":0.998326748603144,""minimum_count_for_half_mass"":145,""n"":245237,""positive_count"":938,""top_shares"":{""0.001"":0.6796567065863892,""0.01"":0.9999999999999999},""total"":1417.626219016049,""zero_count"":244299}","{""fraction_for_half_mass"":0.030554117037804248,""gini"":0.9110908330995428,""minimum_count_for_half_mass"":59,""n"":1931,""positive_count"":417,""top_shares"":{""0.01"":0.28519377848050925,""0.05"":0.6483010962344429,""0.1"":0.8685923082509318},""total"":11.162411173354714,""zero_count"":1514}","{""benchmark_pass_count"":1530,""n"":1931,""quantiles"":{""0.5"":0.0,""0.9"":0.016909089619281576,""0.99"":0.08093784873060701,""1.0"":0.432544422428779},""strict_exceedances"":{""0.01"":255,""0.1"":11}}"
029ecd260f3e085063714d3f,counterfact,R1_learned_ff,2,102,1000,capoff,"{""count"":244299,""denominator"":245237,""fraction"":0.9961751285491178}","{""fraction_for_half_mass"":0.0005953424646362498,""gini"":0.9983616326773268,""minimum_count_for_half_mass"":146,""n"":245237,""positive_count"":821,""top_shares"":{""0.001"":0.6760658405907025,""0.01"":0.9999999999999997},""total"":1525.1078273558148,""zero_count"":244416}","{""fraction_for_half_mass"":0.0005912647765223029,""gini"":0.998326748603144,""minimum_count_for_half_mass"":145,""n"":245237,""positive_count"":938,""top_shares"":{""0.001"":0.6796567065863892,""0.01"":0.9999999999999999},""total"":1417.626219016049,""zero_count"":244299}","{""fraction_for_half_mass"":0.030554117037804248,""gini"":0.9110908330995428,""minimum_count_for_half_mass"":59,""n"":1931,""positive_count"":417,""top_shares"":{""0.01"":0.28519377848050925,""0.05"":0.6483010962344429,""0.1"":0.8685923082509318},""total"":11.162411173354714,""zero_count"":1514}","{""benchmark_pass_count"":1530,""n"":1931,""quantiles"":{""0.5"":0.0,""0.9"":0.016909089619281576,""0.99"":0.08093784873060701,""1.0"":0.432544422428779},""strict_exceedances"":{""0.01"":255,""0.1"":11}}"
029ecd260f3e085063714d3f,counterfact,R1_learned_ff,2,102,1000,original,"{""count"":244299,""denominator"":245237,""fraction"":0.9961751285491178}","{""fraction_for_half_mass"":0.0005953424646362498,""gini"":0.9983616326773268,""minimum_count_for_half_mass"":146,""n"":245237,""positive_count"":821,""top_shares"":{""0.001"":0.6760658405907025,""0.01"":0.9999999999999997},""total"":1525.1078273558148,""zero_count"":244416}","{""fraction_for_half_mass"":0.0005912647765223029,""gini"":0.998326748603144,""minimum_count_for_half_mass"":145,""n"":245237,""positive_count"":938,""top_shares"":{""0.001"":0.6796567065863892,""0.01"":0.9999999999999999},""total"":1417.626219016049,""zero_count"":244299}","{""fraction_for_half_mass"":0.030554117037804248,""gini"":0.9110908330995428,""minimum_count_for_half_mass"":59,""n"":1931,""positive_count"":417,""top_shares"":{""0.01"":0.28519377848050925,""0.05"":0.6483010962344429,""0.1"":0.8685923082509318},""total"":11.162411173354714,""zero_count"":1514}","{""benchmark_pass_count"":1530,""n"":1931,""quantiles"":{""0.5"":0.0,""0.9"":0.016909089619281576,""0.99"":0.08093784873060701,""1.0"":0.432544422428779},""strict_exceedances"":{""0.01"":255,""0.1"":11}}"
7197775fb7f97a465fd3310e,counterfact,R1_learned_ff,2,103,1000,capoff,"{""count"":244299,""denominator"":245237,""fraction"":0.9961751285491178}","{""fraction_for_half_mass"":0.0005953424646362498,""gini"":0.9983616326773268,""minimum_count_for_half_mass"":146,""n"":245237,""positive_count"":821,""top_shares"":{""0.001"":0.6760658405907025,""0.01"":0.9999999999999997},""total"":1525.1078273558148,""zero_count"":244416}","{""fraction_for_half_mass"":0.0005912647765223029,""gini"":0.998326748603144,""minimum_count_for_half_mass"":145,""n"":245237,""positive_count"":938,""top_shares"":{""0.001"":0.6796567065863892,""0.01"":0.9999999999999999},""total"":1417.626219016049,""zero_count"":244299}","{""fraction_for_half_mass"":0.030554117037804248,""gini"":0.9110908330995428,""minimum_count_for_half_mass"":59,""n"":1931,""positive_count"":417,""top_shares"":{""0.01"":0.28519377848050925,""0.05"":0.6483010962344429,""0.1"":0.8685923082509318},""total"":11.162411173354714,""zero_count"":1514}","{""benchmark_pass_count"":1530,""n"":1931,""quantiles"":{""0.5"":0.0,""0.9"":0.016909089619281576,""0.99"":0.08093784873060701,""1.0"":0.432544422428779},""strict_exceedances"":{""0.01"":255,""0.1"":11}}"
7197775fb7f97a465fd3310e,counterfact,R1_learned_ff,2,103,1000,original,"{""count"":244299,""denominator"":245237,""fraction"":0.9961751285491178}","{""fraction_for_half_mass"":0.0005953424646362498,""gini"":0.9983616326773268,""minimum_count_for_half_mass"":146,""n"":245237,""positive_count"":821,""top_shares"":{""0.001"":0.6760658405907025,""0.01"":0.9999999999999997},""total"":1525.1078273558148,""zero_count"":244416}","{""fraction_for_half_mass"":0.0005912647765223029,""gini"":0.998326748603144,""minimum_count_for_half_mass"":145,""n"":245237,""positive_count"":938,""top_shares"":{""0.001"":0.6796567065863892,""0.01"":0.9999999999999999},""total"":1417.626219016049,""zero_count"":244299}","{""fraction_for_half_mass"":0.030554117037804248,""gini"":0.9110908330995428,""minimum_count_for_half_mass"":59,""n"":1931,""positive_count"":417,""top_shares"":{""0.01"":0.28519377848050925,""0.05"":0.6483010962344429,""0.1"":0.8685923082509318},""total"":11.162411173354714,""zero_count"":1514}","{""benchmark_pass_count"":1530,""n"":1931,""quantiles"":{""0.5"":0.0,""0.9"":0.016909089619281576,""0.99"":0.08093784873060701,""1.0"":0.432544422428779},""strict_exceedances"":{""0.01"":255,""0.1"":11}}"
6de7e97b6cb167d048dc31ba,counterfact,R1_learned_ff,2,104,1000,capoff,"{""count"":244299,""denominator"":245237,""fraction"":0.9961751285491178}","{""fraction_for_half_mass"":0.0005953424646362498,""gini"":0.9983616326773268,""minimum_count_for_half_mass"":146,""n"":245237,""positive_count"":821,""top_shares"":{""0.001"":0.6760658405907025,""0.01"":0.9999999999999997},""total"":1525.1078273558148,""zero_count"":244416}","{""fraction_for_half_mass"":0.0005912647765223029,""gini"":0.998326748603144,""minimum_count_for_half_mass"":145,""n"":245237,""positive_count"":938,""top_shares"":{""0.001"":0.6796567065863892,""0.01"":0.9999999999999999},""total"":1417.626219016049,""zero_count"":244299}","{""fraction_for_half_mass"":0.030554117037804248,""gini"":0.9110908330995428,""minimum_count_for_half_mass"":59,""n"":1931,""positive_count"":417,""top_shares"":{""0.01"":0.28519377848050925,""0.05"":0.6483010962344429,""0.1"":0.8685923082509318},""total"":11.162411173354714,""zero_count"":1514}","{""benchmark_pass_count"":1530,""n"":1931,""quantiles"":{""0.5"":0.0,""0.9"":0.016909089619281576,""0.99"":0.08093784873060701,""1.0"":0.432544422428779},""strict_exceedances"":{""0.01"":255,""0.1"":11}}"
6de7e97b6cb167d048dc31ba,counterfact,R1_learned_ff,2,104,1000,original,"{""count"":244299,""denominator"":245237,""fraction"":0.9961751285491178}","{""fraction_for_half_mass"":0.0005953424646362498,""gini"":0.9983616326773268,""minimum_count_for_half_mass"":146,""n"":245237,""positive_count"":821,""top_shares"":{""0.001"":0.6760658405907025,""0.01"":0.9999999999999997},""total"":1525.1078273558148,""zero_count"":244416}","{""fraction_for_half_mass"":0.0005912647765223029,""gini"":0.998326748603144,""minimum_count_for_half_mass"":145,""n"":245237,""positive_count"":938,""top_shares"":{""0.001"":0.6796567065863892,""0.01"":0.9999999999999999},""total"":1417.626219016049,""zero_count"":244299}","{""fraction_for_half_mass"":0.030554117037804248,""gini"":0.9110908330995428,""minimum_count_for_half_mass"":59,""n"":1931,""positive_count"":417,""top_shares"":{""0.01"":0.28519377848050925,""0.05"":0.6483010962344429,""0.1"":0.8685923082509318},""total"":11.162411173354714,""zero_count"":1514}","{""benchmark_pass_count"":1530,""n"":1931,""quantiles"":{""0.5"":0.0,""0.9"":0.016909089619281576,""0.99"":0.08093784873060701,""1.0"":0.432544422428779},""strict_exceedances"":{""0.01"":255,""0.1"":11}}"
fcd702d12d5d6bfae824379b,mquake,R1_learned_ff,2,100,300,capoff,"{""count"":244605,""denominator"":245237,""fraction"":0.9974229011119855}","{""fraction_for_half_mass"":0.0004648564449899485,""gini"":0.9987813446487338,""minimum_count_for_half_mass"":114,""n"":245237,""positive_count"":567,""top_shares"":{""0.001"":0.7792503942529101,""0.01"":1.0},""total"":1031.696472505335,""zero_count"":244670}","{""fraction_for_half_mass"":0.00045670106876205465,""gini"":0.9987820059872778,""minimum_count_for_half_mass"":112,""n"":245237,""positive_count"":632,""top_shares"":{""0.001"":0.7844677596327796,""0.01"":1.0},""total"":1003.5098999742838,""zero_count"":244605}","{""fraction_for_half_mass"":0.021232522009321596,""gini"":0.941328437531195,""minimum_count_for_half_mass"":41,""n"":1931,""positive_count"":257,""top_shares"":{""0.01"":0.31409047086487113,""0.05"":0.7910276108506906,""0.1"":0.9755836089753582},""total"":7.901652755703021,""zero_count"":1674}","{""benchmark_pass_count"":1680,""n"":1931,""quantiles"":{""0.5"":0.0,""0.9"":0.0055764203555257255,""0.99"":0.08388519431552582,""1.0"":0.22038467467057224},""strict_exceedances"":{""0.01"":166,""0.1"":15}}"
fcd702d12d5d6bfae824379b,mquake,R1_learned_ff,2,100,300,original,"{""count"":244605,""denominator"":245237,""fraction"":0.9974229011119855}","{""fraction_for_half_mass"":0.0004648564449899485,""gini"":0.9987813446487338,""minimum_count_for_half_mass"":114,""n"":245237,""positive_count"":567,""top_shares"":{""0.001"":0.7792503942529101,""0.01"":1.0},""total"":1031.696472505335,""zero_count"":244670}","{""fraction_for_half_mass"":0.00045670106876205465,""gini"":0.9987820059872778,""minimum_count_for_half_mass"":112,""n"":245237,""positive_count"":632,""top_shares"":{""0.001"":0.7844677596327796,""0.01"":1.0},""total"":1003.5098999742838,""zero_count"":244605}","{""fraction_for_half_mass"":0.021232522009321596,""gini"":0.941328437531195,""minimum_count_for_half_mass"":41,""n"":1931,""positive_count"":257,""top_shares"":{""0.01"":0.31409047086487113,""0.05"":0.7910276108506906,""0.1"":0.9755836089753582},""total"":7.901652755703021,""zero_count"":1674}","{""benchmark_pass_count"":1680,""n"":1931,""quantiles"":{""0.5"":0.0,""0.9"":0.0055764203555257255,""0.99"":0.08388519431552582,""1.0"":0.22038467467057224},""strict_exceedances"":{""0.01"":166,""0.1"":15}}"
9a1d038b95f534b43185c7fc,mquake,R1_learned_ff,2,101,300,capoff,"{""count"":244605,""denominator"":245237,""fraction"":0.9974229011119855}","{""fraction_for_half_mass"":0.0004648564449899485,""gini"":0.9987813446487338,""minimum_count_for_half_mass"":114,""n"":245237,""positive_count"":567,""top_shares"":{""0.001"":0.7792503942529101,""0.01"":1.0},""total"":1031.696472505335,""zero_count"":244670}","{""fraction_for_half_mass"":0.00045670106876205465,""gini"":0.9987820059872778,""minimum_count_for_half_mass"":112,""n"":245237,""positive_count"":632,""top_shares"":{""0.001"":0.7844677596327796,""0.01"":1.0},""total"":1003.5098999742838,""zero_count"":244605}","{""fraction_for_half_mass"":0.021232522009321596,""gini"":0.941328437531195,""minimum_count_for_half_mass"":41,""n"":1931,""positive_count"":257,""top_shares"":{""0.01"":0.31409047086487113,""0.05"":0.7910276108506906,""0.1"":0.9755836089753582},""total"":7.901652755703021,""zero_count"":1674}","{""benchmark_pass_count"":1680,""n"":1931,""quantiles"":{""0.5"":0.0,""0.9"":0.0055764203555257255,""0.99"":0.08388519431552582,""1.0"":0.22038467467057224},""strict_exceedances"":{""0.01"":166,""0.1"":15}}"
9a1d038b95f534b43185c7fc,mquake,R1_learned_ff,2,101,300,original,"{""count"":244605,""denominator"":245237,""fraction"":0.9974229011119855}","{""fraction_for_half_mass"":0.0004648564449899485,""gini"":0.9987813446487338,""minimum_count_for_half_mass"":114,""n"":245237,""positive_count"":567,""top_shares"":{""0.001"":0.7792503942529101,""0.01"":1.0},""total"":1031.696472505335,""zero_count"":244670}","{""fraction_for_half_mass"":0.00045670106876205465,""gini"":0.9987820059872778,""minimum_count_for_half_mass"":112,""n"":245237,""positive_count"":632,""top_shares"":{""0.001"":0.7844677596327796,""0.01"":1.0},""total"":1003.5098999742838,""zero_count"":244605}","{""fraction_for_half_mass"":0.021232522009321596,""gini"":0.941328437531195,""minimum_count_for_half_mass"":41,""n"":1931,""positive_count"":257,""top_shares"":{""0.01"":0.31409047086487113,""0.05"":0.7910276108506906,""0.1"":0.9755836089753582},""total"":7.901652755703021,""zero_count"":1674}","{""benchmark_pass_count"":1680,""n"":1931,""quantiles"":{""0.5"":0.0,""0.9"":0.0055764203555257255,""0.99"":0.08388519431552582,""1.0"":0.22038467467057224},""strict_exceedances"":{""0.01"":166,""0.1"":15}}"
dfc9c9b480e482911c457e07,mquake,R1_learned_ff,2,102,300,capoff,"{""count"":244605,""denominator"":245237,""fraction"":0.9974229011119855}","{""fraction_for_half_mass"":0.0004648564449899485,""gini"":0.9987813446487338,""minimum_count_for_half_mass"":114,""n"":245237,""positive_count"":567,""top_shares"":{""0.001"":0.7792503942529101,""0.01"":1.0},""total"":1031.696472505335,""zero_count"":244670}","{""fraction_for_half_mass"":0.00045670106876205465,""gini"":0.9987820059872778,""minimum_count_for_half_mass"":112,""n"":245237,""positive_count"":632,""top_shares"":{""0.001"":0.7844677596327796,""0.01"":1.0},""total"":1003.5098999742838,""zero_count"":244605}","{""fraction_for_half_mass"":0.021232522009321596,""gini"":0.941328437531195,""minimum_count_for_half_mass"":41,""n"":1931,""positive_count"":257,""top_shares"":{""0.01"":0.31409047086487113,""0.05"":0.7910276108506906,""0.1"":0.9755836089753582},""total"":7.901652755703021,""zero_count"":1674}","{""benchmark_pass_count"":1680,""n"":1931,""quantiles"":{""0.5"":0.0,""0.9"":0.0055764203555257255,""0.99"":0.08388519431552582,""1.0"":0.22038467467057224},""strict_exceedances"":{""0.01"":166,""0.1"":15}}"
dfc9c9b480e482911c457e07,mquake,R1_learned_ff,2,102,300,original,"{""count"":244605,""denominator"":245237,""fraction"":0.9974229011119855}","{""fraction_for_half_mass"":0.0004648564449899485,""gini"":0.9987813446487338,""minimum_count_for_half_mass"":114,""n"":245237,""positive_count"":567,""top_shares"":{""0.001"":0.7792503942529101,""0.01"":1.0},""total"":1031.696472505335,""zero_count"":244670}","{""fraction_for_half_mass"":0.00045670106876205465,""gini"":0.9987820059872778,""minimum_count_for_half_mass"":112,""n"":245237,""positive_count"":632,""top_shares"":{""0.001"":0.7844677596327796,""0.01"":1.0},""total"":1003.5098999742838,""zero_count"":244605}","{""fraction_for_half_mass"":0.021232522009321596,""gini"":0.941328437531195,""minimum_count_for_half_mass"":41,""n"":1931,""positive_count"":257,""top_shares"":{""0.01"":0.31409047086487113,""0.05"":0.7910276108506906,""0.1"":0.9755836089753582},""total"":7.901652755703021,""zero_count"":1674}","{""benchmark_pass_count"":1680,""n"":1931,""quantiles"":{""0.5"":0.0,""0.9"":0.0055764203555257255,""0.99"":0.08388519431552582,""1.0"":0.22038467467057224},""strict_exceedances"":{""0.01"":166,""0.1"":15}}"
34fce88c919bcae6410e4d94,mquake,R1_learned_ff,2,103,300,capoff,"{""count"":244605,""denominator"":245237,""fraction"":0.9974229011119855}","{""fraction_for_half_mass"":0.0004648564449899485,""gini"":0.9987813446487338,""minimum_count_for_half_mass"":114,""n"":245237,""positive_count"":567,""top_shares"":{""0.001"":0.7792503942529101,""0.01"":1.0},""total"":1031.696472505335,""zero_count"":244670}","{""fraction_for_half_mass"":0.00045670106876205465,""gini"":0.9987820059872778,""minimum_count_for_half_mass"":112,""n"":245237,""positive_count"":632,""top_shares"":{""0.001"":0.7844677596327796,""0.01"":1.0},""total"":1003.5098999742838,""zero_count"":244605}","{""fraction_for_half_mass"":0.021232522009321596,""gini"":0.941328437531195,""minimum_count_for_half_mass"":41,""n"":1931,""positive_count"":257,""top_shares"":{""0.01"":0.31409047086487113,""0.05"":0.7910276108506906,""0.1"":0.9755836089753582},""total"":7.901652755703021,""zero_count"":1674}","{""benchmark_pass_count"":1680,""n"":1931,""quantiles"":{""0.5"":0.0,""0.9"":0.0055764203555257255,""0.99"":0.08388519431552582,""1.0"":0.22038467467057224},""strict_exceedances"":{""0.01"":166,""0.1"":15}}"
34fce88c919bcae6410e4d94,mquake,R1_learned_ff,2,103,300,original,"{""count"":244605,""denominator"":245237,""fraction"":0.9974229011119855}","{""fraction_for_half_mass"":0.0004648564449899485,""gini"":0.9987813446487338,""minimum_count_for_half_mass"":114,""n"":245237,""positive_count"":567,""top_shares"":{""0.001"":0.7792503942529101,""0.01"":1.0},""total"":1031.696472505335,""zero_count"":244670}","{""fraction_for_half_mass"":0.00045670106876205465,""gini"":0.9987820059872778,""minimum_count_for_half_mass"":112,""n"":245237,""positive_count"":632,""top_shares"":{""0.001"":0.7844677596327796,""0.01"":1.0},""total"":1003.5098999742838,""zero_count"":244605}","{""fraction_for_half_mass"":0.021232522009321596,""gini"":0.941328437531195,""minimum_count_for_half_mass"":41,""n"":1931,""positive_count"":257,""top_shares"":{""0.01"":0.31409047086487113,""0.05"":0.7910276108506906,""0.1"":0.9755836089753582},""total"":7.901652755703021,""zero_count"":1674}","{""benchmark_pass_count"":1680,""n"":1931,""quantiles"":{""0.5"":0.0,""0.9"":0.0055764203555257255,""0.99"":0.08388519431552582,""1.0"":0.22038467467057224},""strict_exceedances"":{""0.01"":166,""0.1"":15}}"
7a39ae192fb0b1038c651f64,mquake,R1_learned_ff,2,104,300,capoff,"{""count"":244605,""denominator"":245237,""fraction"":0.9974229011119855}","{""fraction_for_half_mass"":0.0004648564449899485,""gini"":0.9987813446487338,""minimum_count_for_half_mass"":114,""n"":245237,""positive_count"":567,""top_shares"":{""0.001"":0.7792503942529101,""0.01"":1.0},""total"":1031.696472505335,""zero_count"":244670}","{""fraction_for_half_mass"":0.00045670106876205465,""gini"":0.9987820059872778,""minimum_count_for_half_mass"":112,""n"":245237,""positive_count"":632,""top_shares"":{""0.001"":0.7844677596327796,""0.01"":1.0},""total"":1003.5098999742838,""zero_count"":244605}","{""fraction_for_half_mass"":0.021232522009321596,""gini"":0.941328437531195,""minimum_count_for_half_mass"":41,""n"":1931,""positive_count"":257,""top_shares"":{""0.01"":0.31409047086487113,""0.05"":0.7910276108506906,""0.1"":0.9755836089753582},""total"":7.901652755703021,""zero_count"":1674}","{""benchmark_pass_count"":1680,""n"":1931,""quantiles"":{""0.5"":0.0,""0.9"":0.0055764203555257255,""0.99"":0.08388519431552582,""1.0"":0.22038467467057224},""strict_exceedances"":{""0.01"":166,""0.1"":15}}"
7a39ae192fb0b1038c651f64,mquake,R1_learned_ff,2,104,300,original,"{""count"":244605,""denominator"":245237,""fraction"":0.9974229011119855}","{""fraction_for_half_mass"":0.0004648564449899485,""gini"":0.9987813446487338,""minimum_count_for_half_mass"":114,""n"":245237,""positive_count"":567,""top_shares"":{""0.001"":0.7792503942529101,""0.01"":1.0},""total"":1031.696472505335,""zero_count"":244670}","{""fraction_for_half_mass"":0.00045670106876205465,""gini"":0.9987820059872778,""minimum_count_for_half_mass"":112,""n"":245237,""positive_count"":632,""top_shares"":{""0.001"":0.7844677596327796,""0.01"":1.0},""total"":1003.5098999742838,""zero_count"":244605}","{""fraction_for_half_mass"":0.021232522009321596,""gini"":0.941328437531195,""minimum_count_for_half_mass"":41,""n"":1931,""positive_count"":257,""top_shares"":{""0.01"":0.31409047086487113,""0.05"":0.7910276108506906,""0.1"":0.9755836089753582},""total"":7.901652755703021,""zero_count"":1674}","{""benchmark_pass_count"":1680,""n"":1931,""quantiles"":{""0.5"":0.0,""0.9"":0.0055764203555257255,""0.99"":0.08388519431552582,""1.0"":0.22038467467057224},""strict_exceedances"":{""0.01"":166,""0.1"":15}}"
13465e8d0dc3824fced8e891,zsre,R1_nonlearned,2,100,1000,capoff,"{""count"":245188,""denominator"":245237,""fraction"":0.9998001932824166}","{""fraction_for_half_mass"":5.3009945481309916e-05,""gini"":0.9998772170927371,""minimum_count_for_half_mass"":13,""n"":245237,""positive_count"":46,""top_shares"":{""0.001"":1.0,""0.01"":1.0},""total"":93.98469757410447,""zero_count"":245191}","{""fraction_for_half_mass"":5.3009945481309916e-05,""gini"":0.9998760942731613,""minimum_count_for_half_mass"":13,""n"":245237,""positive_count"":49,""top_shares"":{""0.001"":1.0000000000000002,""0.01"":1.0000000000000002},""total"":94.82634426067045,""zero_count"":245188}","{""fraction_for_half_mass"":0.006214396685655101,""gini"":0.985852585918897,""minimum_count_for_half_mass"":12,""n"":1931,""positive_count"":46,""top_shares"":{""0.01"":0.716947419575575,""0.05"":1.0000000000000002,""0.1"":1.0000000000000002},""total"":0.7466641280367754,""zero_count"":1885}","{""benchmark_pass_count"":1887,""n"":1931,""quantiles"":{""0.5"":0.0,""0.9"":0.0,""0.99"":0.016947756087832323,""1.0"":0.04462528877287112},""strict_exceedances"":{""0.01"":27,""0.1"":0}}"
13465e8d0dc3824fced8e891,zsre,R1_nonlearned,2,100,1000,original,"{""count"":245188,""denominator"":245237,""fraction"":0.9998001932824166}","{""fraction_for_half_mass"":5.3009945481309916e-05,""gini"":0.9998772170927371,""minimum_count_for_half_mass"":13,""n"":245237,""positive_count"":46,""top_shares"":{""0.001"":1.0,""0.01"":1.0},""total"":93.98469757410447,""zero_count"":245191}","{""fraction_for_half_mass"":5.3009945481309916e-05,""gini"":0.9998760942731613,""minimum_count_for_half_mass"":13,""n"":245237,""positive_count"":49,""top_shares"":{""0.001"":1.0000000000000002,""0.01"":1.0000000000000002},""total"":94.82634426067045,""zero_count"":245188}","{""fraction_for_half_mass"":0.006214396685655101,""gini"":0.985852585918897,""minimum_count_for_half_mass"":12,""n"":1931,""positive_count"":46,""top_shares"":{""0.01"":0.716947419575575,""0.05"":1.0000000000000002,""0.1"":1.0000000000000002},""total"":0.7466641280367754,""zero_count"":1885}","{""benchmark_pass_count"":1887,""n"":1931,""quantiles"":{""0.5"":0.0,""0.9"":0.0,""0.99"":0.016947756087832323,""1.0"":0.04462528877287112},""strict_exceedances"":{""0.01"":27,""0.1"":0}}"
24840672cf1682dd450fdcd2,zsre,R1_nonlearned,2,101,1000,capoff,"{""count"":245188,""denominator"":245237,""fraction"":0.9998001932824166}","{""fraction_for_half_mass"":5.3009945481309916e-05,""gini"":0.9998772170927371,""minimum_count_for_half_mass"":13,""n"":245237,""positive_count"":46,""top_shares"":{""0.001"":1.0,""0.01"":1.0},""total"":93.98469757410447,""zero_count"":245191}","{""fraction_for_half_mass"":5.3009945481309916e-05,""gini"":0.9998760942731613,""minimum_count_for_half_mass"":13,""n"":245237,""positive_count"":49,""top_shares"":{""0.001"":1.0000000000000002,""0.01"":1.0000000000000002},""total"":94.82634426067045,""zero_count"":245188}","{""fraction_for_half_mass"":0.006214396685655101,""gini"":0.985852585918897,""minimum_count_for_half_mass"":12,""n"":1931,""positive_count"":46,""top_shares"":{""0.01"":0.716947419575575,""0.05"":1.0000000000000002,""0.1"":1.0000000000000002},""total"":0.7466641280367754,""zero_count"":1885}","{""benchmark_pass_count"":1887,""n"":1931,""quantiles"":{""0.5"":0.0,""0.9"":0.0,""0.99"":0.016947756087832323,""1.0"":0.04462528877287112},""strict_exceedances"":{""0.01"":27,""0.1"":0}}"
24840672cf1682dd450fdcd2,zsre,R1_nonlearned,2,101,1000,original,"{""count"":245188,""denominator"":245237,""fraction"":0.9998001932824166}","{""fraction_for_half_mass"":5.3009945481309916e-05,""gini"":0.9998772170927371,""minimum_count_for_half_mass"":13,""n"":245237,""positive_count"":46,""top_shares"":{""0.001"":1.0,""0.01"":1.0},""total"":93.98469757410447,""zero_count"":245191}","{""fraction_for_half_mass"":5.3009945481309916e-05,""gini"":0.9998760942731613,""minimum_count_for_half_mass"":13,""n"":245237,""positive_count"":49,""top_shares"":{""0.001"":1.0000000000000002,""0.01"":1.0000000000000002},""total"":94.82634426067045,""zero_count"":245188}","{""fraction_for_half_mass"":0.006214396685655101,""gini"":0.985852585918897,""minimum_count_for_half_mass"":12,""n"":1931,""positive_count"":46,""top_shares"":{""0.01"":0.716947419575575,""0.05"":1.0000000000000002,""0.1"":1.0000000000000002},""total"":0.7466641280367754,""zero_count"":1885}","{""benchmark_pass_count"":1887,""n"":1931,""quantiles"":{""0.5"":0.0,""0.9"":0.0,""0.99"":0.016947756087832323,""1.0"":0.04462528877287112},""strict_exceedances"":{""0.01"":27,""0.1"":0}}"
12a6e3e550a7939c6d79349d,zsre,R1_nonlearned,2,102,1000,capoff,"{""count"":245188,""denominator"":245237,""fraction"":0.9998001932824166}","{""fraction_for_half_mass"":5.3009945481309916e-05,""gini"":0.9998772170927371,""minimum_count_for_half_mass"":13,""n"":245237,""positive_count"":46,""top_shares"":{""0.001"":1.0,""0.01"":1.0},""total"":93.98469757410447,""zero_count"":245191}","{""fraction_for_half_mass"":5.3009945481309916e-05,""gini"":0.9998760942731613,""minimum_count_for_half_mass"":13,""n"":245237,""positive_count"":49,""top_shares"":{""0.001"":1.0000000000000002,""0.01"":1.0000000000000002},""total"":94.82634426067045,""zero_count"":245188}","{""fraction_for_half_mass"":0.006214396685655101,""gini"":0.985852585918897,""minimum_count_for_half_mass"":12,""n"":1931,""positive_count"":46,""top_shares"":{""0.01"":0.716947419575575,""0.05"":1.0000000000000002,""0.1"":1.0000000000000002},""total"":0.7466641280367754,""zero_count"":1885}","{""benchmark_pass_count"":1887,""n"":1931,""quantiles"":{""0.5"":0.0,""0.9"":0.0,""0.99"":0.016947756087832323,""1.0"":0.04462528877287112},""strict_exceedances"":{""0.01"":27,""0.1"":0}}"
12a6e3e550a7939c6d79349d,zsre,R1_nonlearned,2,102,1000,original,"{""count"":245188,""denominator"":245237,""fraction"":0.9998001932824166}","{""fraction_for_half_mass"":5.3009945481309916e-05,""gini"":0.9998772170927371,""minimum_count_for_half_mass"":13,""n"":245237,""positive_count"":46,""top_shares"":{""0.001"":1.0,""0.01"":1.0},""total"":93.98469757410447,""zero_count"":245191}","{""fraction_for_half_mass"":5.3009945481309916e-05,""gini"":0.9998760942731613,""minimum_count_for_half_mass"":13,""n"":245237,""positive_count"":49,""top_shares"":{""0.001"":1.0000000000000002,""0.01"":1.0000000000000002},""total"":94.82634426067045,""zero_count"":245188}","{""fraction_for_half_mass"":0.006214396685655101,""gini"":0.985852585918897,""minimum_count_for_half_mass"":12,""n"":1931,""positive_count"":46,""top_shares"":{""0.01"":0.716947419575575,""0.05"":1.0000000000000002,""0.1"":1.0000000000000002},""total"":0.7466641280367754,""zero_count"":1885}","{""benchmark_pass_count"":1887,""n"":1931,""quantiles"":{""0.5"":0.0,""0.9"":0.0,""0.99"":0.016947756087832323,""1.0"":0.04462528877287112},""strict_exceedances"":{""0.01"":27,""0.1"":0}}"
fa5b51891eb78dc707e6471f,zsre,R1_nonlearned,2,103,1000,capoff,"{""count"":245188,""denominator"":245237,""fraction"":0.9998001932824166}","{""fraction_for_half_mass"":5.3009945481309916e-05,""gini"":0.9998772170927371,""minimum_count_for_half_mass"":13,""n"":245237,""positive_count"":46,""top_shares"":{""0.001"":1.0,""0.01"":1.0},""total"":93.98469757410447,""zero_count"":245191}","{""fraction_for_half_mass"":5.3009945481309916e-05,""gini"":0.9998760942731613,""minimum_count_for_half_mass"":13,""n"":245237,""positive_count"":49,""top_shares"":{""0.001"":1.0000000000000002,""0.01"":1.0000000000000002},""total"":94.82634426067045,""zero_count"":245188}","{""fraction_for_half_mass"":0.006214396685655101,""gini"":0.985852585918897,""minimum_count_for_half_mass"":12,""n"":1931,""positive_count"":46,""top_shares"":{""0.01"":0.716947419575575,""0.05"":1.0000000000000002,""0.1"":1.0000000000000002},""total"":0.7466641280367754,""zero_count"":1885}","{""benchmark_pass_count"":1887,""n"":1931,""quantiles"":{""0.5"":0.0,""0.9"":0.0,""0.99"":0.016947756087832323,""1.0"":0.04462528877287112},""strict_exceedances"":{""0.01"":27,""0.1"":0}}"
fa5b51891eb78dc707e6471f,zsre,R1_nonlearned,2,103,1000,original,"{""count"":245188,""denominator"":245237,""fraction"":0.9998001932824166}","{""fraction_for_half_mass"":5.3009945481309916e-05,""gini"":0.9998772170927371,""minimum_count_for_half_mass"":13,""n"":245237,""positive_count"":46,""top_shares"":{""0.001"":1.0,""0.01"":1.0},""total"":93.98469757410447,""zero_count"":245191}","{""fraction_for_half_mass"":5.3009945481309916e-05,""gini"":0.9998760942731613,""minimum_count_for_half_mass"":13,""n"":245237,""positive_count"":49,""top_shares"":{""0.001"":1.0000000000000002,""0.01"":1.0000000000000002},""total"":94.82634426067045,""zero_count"":245188}","{""fraction_for_half_mass"":0.006214396685655101,""gini"":0.985852585918897,""minimum_count_for_half_mass"":12,""n"":1931,""positive_count"":46,""top_shares"":{""0.01"":0.716947419575575,""0.05"":1.0000000000000002,""0.1"":1.0000000000000002},""total"":0.7466641280367754,""zero_count"":1885}","{""benchmark_pass_count"":1887,""n"":1931,""quantiles"":{""0.5"":0.0,""0.9"":0.0,""0.99"":0.016947756087832323,""1.0"":0.04462528877287112},""strict_exceedances"":{""0.01"":27,""0.1"":0}}"
861810fbdd6ebe7502383382,zsre,R1_nonlearned,2,104,1000,capoff,"{""count"":245188,""denominator"":245237,""fraction"":0.9998001932824166}","{""fraction_for_half_mass"":5.3009945481309916e-05,""gini"":0.9998772170927371,""minimum_count_for_half_mass"":13,""n"":245237,""positive_count"":46,""top_shares"":{""0.001"":1.0,""0.01"":1.0},""total"":93.98469757410447,""zero_count"":245191}","{""fraction_for_half_mass"":5.3009945481309916e-05,""gini"":0.9998760942731613,""minimum_count_for_half_mass"":13,""n"":245237,""positive_count"":49,""top_shares"":{""0.001"":1.0000000000000002,""0.01"":1.0000000000000002},""total"":94.82634426067045,""zero_count"":245188}","{""fraction_for_half_mass"":0.006214396685655101,""gini"":0.985852585918897,""minimum_count_for_half_mass"":12,""n"":1931,""positive_count"":46,""top_shares"":{""0.01"":0.716947419575575,""0.05"":1.0000000000000002,""0.1"":1.0000000000000002},""total"":0.7466641280367754,""zero_count"":1885}","{""benchmark_pass_count"":1887,""n"":1931,""quantiles"":{""0.5"":0.0,""0.9"":0.0,""0.99"":0.016947756087832323,""1.0"":0.04462528877287112},""strict_exceedances"":{""0.01"":27,""0.1"":0}}"
861810fbdd6ebe7502383382,zsre,R1_nonlearned,2,104,1000,original,"{""count"":245188,""denominator"":245237,""fraction"":0.9998001932824166}","{""fraction_for_half_mass"":5.3009945481309916e-05,""gini"":0.9998772170927371,""minimum_count_for_half_mass"":13,""n"":245237,""positive_count"":46,""top_shares"":{""0.001"":1.0,""0.01"":1.0},""total"":93.98469757410447,""zero_count"":245191}","{""fraction_for_half_mass"":5.3009945481309916e-05,""gini"":0.9998760942731613,""minimum_count_for_half_mass"":13,""n"":245237,""positive_count"":49,""top_shares"":{""0.001"":1.0000000000000002,""0.01"":1.0000000000000002},""total"":94.82634426067045,""zero_count"":245188}","{""fraction_for_half_mass"":0.006214396685655101,""gini"":0.985852585918897,""minimum_count_for_half_mass"":12,""n"":1931,""positive_count"":46,""top_shares"":{""0.01"":0.716947419575575,""0.05"":1.0000000000000002,""0.1"":1.0000000000000002},""total"":0.7466641280367754,""zero_count"":1885}","{""benchmark_pass_count"":1887,""n"":1931,""quantiles"":{""0.5"":0.0,""0.9"":0.0,""0.99"":0.016947756087832323,""1.0"":0.04462528877287112},""strict_exceedances"":{""0.01"":27,""0.1"":0}}"
6ed2474713b3a311b4ec6b08,counterfact,R1_nonlearned,2,100,1000,capoff,"{""count"":240034,""denominator"":245237,""fraction"":0.9787837887431342}","{""fraction_for_half_mass"":0.004685263642925007,""gini"":0.988406611503605,""minimum_count_for_half_mass"":1149,""n"":245237,""positive_count"":4884,""top_shares"":{""0.001"":0.14944890267860314,""0.01"":0.8015376793527242},""total"":15887.433959584814,""zero_count"":240353}","{""fraction_for_half_mass"":0.004868759608052618,""gini"":0.9879832507934948,""minimum_count_for_half_mass"":1194,""n"":245237,""positive_count"":5203,""top_shares"":{""0.001"":0.14352839624313005,""0.01"":0.789635882191895},""total"":15750.547756770804,""zero_count"":240034}","{""fraction_for_half_mass"":0.21853961677887104,""gini"":0.4626623870068909,""minimum_count_for_half_mass"":422,""n"":1931,""positive_count"":1734,""top_shares"":{""0.01"":0.0444279190427771,""0.05"":0.16783415504560711,""0.1"":0.2885511065887912},""total"":124.02006107693546,""zero_count"":197}","{""benchmark_pass_count"":199,""n"":1931,""quantiles"":{""0.5"":0.052505912420990425,""0.9"":0.13797382608479727,""0.99"":0.24315071376592318,""1.0"":0.393358795084571},""strict_exceedances"":{""0.01"":1602,""0.1"":406}}"
6ed2474713b3a311b4ec6b08,counterfact,R1_nonlearned,2,100,1000,original,"{""count"":240034,""denominator"":245237,""fraction"":0.9787837887431342}","{""fraction_for_half_mass"":0.004685263642925007,""gini"":0.988406611503605,""minimum_count_for_half_mass"":1149,""n"":245237,""positive_count"":4884,""top_shares"":{""0.001"":0.14944890267860314,""0.01"":0.8015376793527242},""total"":15887.433959584814,""zero_count"":240353}","{""fraction_for_half_mass"":0.004868759608052618,""gini"":0.9879832507934948,""minimum_count_for_half_mass"":1194,""n"":245237,""positive_count"":5203,""top_shares"":{""0.001"":0.14352839624313005,""0.01"":0.789635882191895},""total"":15750.547756770804,""zero_count"":240034}","{""fraction_for_half_mass"":0.21853961677887104,""gini"":0.4626623870068909,""minimum_count_for_half_mass"":422,""n"":1931,""positive_count"":1734,""top_shares"":{""0.01"":0.0444279190427771,""0.05"":0.16783415504560711,""0.1"":0.2885511065887912},""total"":124.02006107693546,""zero_count"":197}","{""benchmark_pass_count"":199,""n"":1931,""quantiles"":{""0.5"":0.052505912420990425,""0.9"":0.13797382608479727,""0.99"":0.24315071376592318,""1.0"":0.393358795084571},""strict_exceedances"":{""0.01"":1602,""0.1"":406}}"
f939f211b98675ac7c2d951f,counterfact,R1_nonlearned,2,101,1000,capoff,"{""count"":240034,""denominator"":245237,""fraction"":0.9787837887431342}","{""fraction_for_half_mass"":0.004685263642925007,""gini"":0.988406611503605,""minimum_count_for_half_mass"":1149,""n"":245237,""positive_count"":4884,""top_shares"":{""0.001"":0.14944890267860314,""0.01"":0.8015376793527242},""total"":15887.433959584814,""zero_count"":240353}","{""fraction_for_half_mass"":0.004868759608052618,""gini"":0.9879832507934948,""minimum_count_for_half_mass"":1194,""n"":245237,""positive_count"":5203,""top_shares"":{""0.001"":0.14352839624313005,""0.01"":0.789635882191895},""total"":15750.547756770804,""zero_count"":240034}","{""fraction_for_half_mass"":0.21853961677887104,""gini"":0.4626623870068909,""minimum_count_for_half_mass"":422,""n"":1931,""positive_count"":1734,""top_shares"":{""0.01"":0.0444279190427771,""0.05"":0.16783415504560711,""0.1"":0.2885511065887912},""total"":124.02006107693546,""zero_count"":197}","{""benchmark_pass_count"":199,""n"":1931,""quantiles"":{""0.5"":0.052505912420990425,""0.9"":0.13797382608479727,""0.99"":0.24315071376592318,""1.0"":0.393358795084571},""strict_exceedances"":{""0.01"":1602,""0.1"":406}}"
f939f211b98675ac7c2d951f,counterfact,R1_nonlearned,2,101,1000,original,"{""count"":240034,""denominator"":245237,""fraction"":0.9787837887431342}","{""fraction_for_half_mass"":0.004685263642925007,""gini"":0.988406611503605,""minimum_count_for_half_mass"":1149,""n"":245237,""positive_count"":4884,""top_shares"":{""0.001"":0.14944890267860314,""0.01"":0.8015376793527242},""total"":15887.433959584814,""zero_count"":240353}","{""fraction_for_half_mass"":0.004868759608052618,""gini"":0.9879832507934948,""minimum_count_for_half_mass"":1194,""n"":245237,""positive_count"":5203,""top_shares"":{""0.001"":0.14352839624313005,""0.01"":0.789635882191895},""total"":15750.547756770804,""zero_count"":240034}","{""fraction_for_half_mass"":0.21853961677887104,""gini"":0.4626623870068909,""minimum_count_for_half_mass"":422,""n"":1931,""positive_count"":1734,""top_shares"":{""0.01"":0.0444279190427771,""0.05"":0.16783415504560711,""0.1"":0.2885511065887912},""total"":124.02006107693546,""zero_count"":197}","{""benchmark_pass_count"":199,""n"":1931,""quantiles"":{""0.5"":0.052505912420990425,""0.9"":0.13797382608479727,""0.99"":0.24315071376592318,""1.0"":0.393358795084571},""strict_exceedances"":{""0.01"":1602,""0.1"":406}}"
19b5e9b462930c6f50f2e2f6,counterfact,R1_nonlearned,2,102,1000,capoff,"{""count"":240034,""denominator"":245237,""fraction"":0.9787837887431342}","{""fraction_for_half_mass"":0.004685263642925007,""gini"":0.988406611503605,""minimum_count_for_half_mass"":1149,""n"":245237,""positive_count"":4884,""top_shares"":{""0.001"":0.14944890267860314,""0.01"":0.8015376793527242},""total"":15887.433959584814,""zero_count"":240353}","{""fraction_for_half_mass"":0.004868759608052618,""gini"":0.9879832507934948,""minimum_count_for_half_mass"":1194,""n"":245237,""positive_count"":5203,""top_shares"":{""0.001"":0.14352839624313005,""0.01"":0.789635882191895},""total"":15750.547756770804,""zero_count"":240034}","{""fraction_for_half_mass"":0.21853961677887104,""gini"":0.4626623870068909,""minimum_count_for_half_mass"":422,""n"":1931,""positive_count"":1734,""top_shares"":{""0.01"":0.0444279190427771,""0.05"":0.16783415504560711,""0.1"":0.2885511065887912},""total"":124.02006107693546,""zero_count"":197}","{""benchmark_pass_count"":199,""n"":1931,""quantiles"":{""0.5"":0.052505912420990425,""0.9"":0.13797382608479727,""0.99"":0.24315071376592318,""1.0"":0.393358795084571},""strict_exceedances"":{""0.01"":1602,""0.1"":406}}"
19b5e9b462930c6f50f2e2f6,counterfact,R1_nonlearned,2,102,1000,original,"{""count"":240034,""denominator"":245237,""fraction"":0.9787837887431342}","{""fraction_for_half_mass"":0.004685263642925007,""gini"":0.988406611503605,""minimum_count_for_half_mass"":1149,""n"":245237,""positive_count"":4884,""top_shares"":{""0.001"":0.14944890267860314,""0.01"":0.8015376793527242},""total"":15887.433959584814,""zero_count"":240353}","{""fraction_for_half_mass"":0.004868759608052618,""gini"":0.9879832507934948,""minimum_count_for_half_mass"":1194,""n"":245237,""positive_count"":5203,""top_shares"":{""0.001"":0.14352839624313005,""0.01"":0.789635882191895},""total"":15750.547756770804,""zero_count"":240034}","{""fraction_for_half_mass"":0.21853961677887104,""gini"":0.4626623870068909,""minimum_count_for_half_mass"":422,""n"":1931,""positive_count"":1734,""top_shares"":{""0.01"":0.0444279190427771,""0.05"":0.16783415504560711,""0.1"":0.2885511065887912},""total"":124.02006107693546,""zero_count"":197}","{""benchmark_pass_count"":199,""n"":1931,""quantiles"":{""0.5"":0.052505912420990425,""0.9"":0.13797382608479727,""0.99"":0.24315071376592318,""1.0"":0.393358795084571},""strict_exceedances"":{""0.01"":1602,""0.1"":406}}"
b14576e3d752f467db2abf18,counterfact,R1_nonlearned,2,103,1000,capoff,"{""count"":240034,""denominator"":245237,""fraction"":0.9787837887431342}","{""fraction_for_half_mass"":0.004685263642925007,""gini"":0.988406611503605,""minimum_count_for_half_mass"":1149,""n"":245237,""positive_count"":4884,""top_shares"":{""0.001"":0.14944890267860314,""0.01"":0.8015376793527242},""total"":15887.433959584814,""zero_count"":240353}","{""fraction_for_half_mass"":0.004868759608052618,""gini"":0.9879832507934948,""minimum_count_for_half_mass"":1194,""n"":245237,""positive_count"":5203,""top_shares"":{""0.001"":0.14352839624313005,""0.01"":0.789635882191895},""total"":15750.547756770804,""zero_count"":240034}","{""fraction_for_half_mass"":0.21853961677887104,""gini"":0.4626623870068909,""minimum_count_for_half_mass"":422,""n"":1931,""positive_count"":1734,""top_shares"":{""0.01"":0.0444279190427771,""0.05"":0.16783415504560711,""0.1"":0.2885511065887912},""total"":124.02006107693546,""zero_count"":197}","{""benchmark_pass_count"":199,""n"":1931,""quantiles"":{""0.5"":0.052505912420990425,""0.9"":0.13797382608479727,""0.99"":0.24315071376592318,""1.0"":0.393358795084571},""strict_exceedances"":{""0.01"":1602,""0.1"":406}}"
b14576e3d752f467db2abf18,counterfact,R1_nonlearned,2,103,1000,original,"{""count"":240034,""denominator"":245237,""fraction"":0.9787837887431342}","{""fraction_for_half_mass"":0.004685263642925007,""gini"":0.988406611503605,""minimum_count_for_half_mass"":1149,""n"":245237,""positive_count"":4884,""top_shares"":{""0.001"":0.14944890267860314,""0.01"":0.8015376793527242},""total"":15887.433959584814,""zero_count"":240353}","{""fraction_for_half_mass"":0.004868759608052618,""gini"":0.9879832507934948,""minimum_count_for_half_mass"":1194,""n"":245237,""positive_count"":5203,""top_shares"":{""0.001"":0.14352839624313005,""0.01"":0.789635882191895},""total"":15750.547756770804,""zero_count"":240034}","{""fraction_for_half_mass"":0.21853961677887104,""gini"":0.4626623870068909,""minimum_count_for_half_mass"":422,""n"":1931,""positive_count"":1734,""top_shares"":{""0.01"":0.0444279190427771,""0.05"":0.16783415504560711,""0.1"":0.2885511065887912},""total"":124.02006107693546,""zero_count"":197}","{""benchmark_pass_count"":199,""n"":1931,""quantiles"":{""0.5"":0.052505912420990425,""0.9"":0.13797382608479727,""0.99"":0.24315071376592318,""1.0"":0.393358795084571},""strict_exceedances"":{""0.01"":1602,""0.1"":406}}"
da9f71bdb9a8981dac078e6c,counterfact,R1_nonlearned,2,104,1000,capoff,"{""count"":240034,""denominator"":245237,""fraction"":0.9787837887431342}","{""fraction_for_half_mass"":0.004685263642925007,""gini"":0.988406611503605,""minimum_count_for_half_mass"":1149,""n"":245237,""positive_count"":4884,""top_shares"":{""0.001"":0.14944890267860314,""0.01"":0.8015376793527242},""total"":15887.433959584814,""zero_count"":240353}","{""fraction_for_half_mass"":0.004868759608052618,""gini"":0.9879832507934948,""minimum_count_for_half_mass"":1194,""n"":245237,""positive_count"":5203,""top_shares"":{""0.001"":0.14352839624313005,""0.01"":0.789635882191895},""total"":15750.547756770804,""zero_count"":240034}","{""fraction_for_half_mass"":0.21853961677887104,""gini"":0.4626623870068909,""minimum_count_for_half_mass"":422,""n"":1931,""positive_count"":1734,""top_shares"":{""0.01"":0.0444279190427771,""0.05"":0.16783415504560711,""0.1"":0.2885511065887912},""total"":124.02006107693546,""zero_count"":197}","{""benchmark_pass_count"":199,""n"":1931,""quantiles"":{""0.5"":0.052505912420990425,""0.9"":0.13797382608479727,""0.99"":0.24315071376592318,""1.0"":0.393358795084571},""strict_exceedances"":{""0.01"":1602,""0.1"":406}}"
da9f71bdb9a8981dac078e6c,counterfact,R1_nonlearned,2,104,1000,original,"{""count"":240034,""denominator"":245237,""fraction"":0.9787837887431342}","{""fraction_for_half_mass"":0.004685263642925007,""gini"":0.988406611503605,""minimum_count_for_half_mass"":1149,""n"":245237,""positive_count"":4884,""top_shares"":{""0.001"":0.14944890267860314,""0.01"":0.8015376793527242},""total"":15887.433959584814,""zero_count"":240353}","{""fraction_for_half_mass"":0.004868759608052618,""gini"":0.9879832507934948,""minimum_count_for_half_mass"":1194,""n"":245237,""positive_count"":5203,""top_shares"":{""0.001"":0.14352839624313005,""0.01"":0.789635882191895},""total"":15750.547756770804,""zero_count"":240034}","{""fraction_for_half_mass"":0.21853961677887104,""gini"":0.4626623870068909,""minimum_count_for_half_mass"":422,""n"":1931,""positive_count"":1734,""top_shares"":{""0.01"":0.0444279190427771,""0.05"":0.16783415504560711,""0.1"":0.2885511065887912},""total"":124.02006107693546,""zero_count"":197}","{""benchmark_pass_count"":199,""n"":1931,""quantiles"":{""0.5"":0.052505912420990425,""0.9"":0.13797382608479727,""0.99"":0.24315071376592318,""1.0"":0.393358795084571},""strict_exceedances"":{""0.01"":1602,""0.1"":406}}"
9e98169ae668b50d60694317,mquake,R1_nonlearned,2,100,300,capoff,"{""count"":244183,""denominator"":245237,""fraction"":0.9957021167279}","{""fraction_for_half_mass"":0.00103165509282857,""gini"":0.9974889494410445,""minimum_count_for_half_mass"":253,""n"":245237,""positive_count"":1001,""top_shares"":{""0.001"":0.4891915079076584,""0.01"":1.0},""total"":3017.4915513536107,""zero_count"":244236}","{""fraction_for_half_mass"":0.0010561212215122514,""gini"":0.9974298171210915,""minimum_count_for_half_mass"":259,""n"":245237,""positive_count"":1054,""top_shares"":{""0.001"":0.4808862567959102,""0.01"":1.0},""total"":2999.08431748959,""zero_count"":244183}","{""fraction_for_half_mass"":0.09010875194199897,""gini"":0.7740175958074643,""minimum_count_for_half_mass"":174,""n"":1931,""positive_count"":754,""top_shares"":{""0.01"":0.09890842939913778,""0.05"":0.33637307471464506,""0.1"":0.5346455379384052},""total"":23.61483714558732,""zero_count"":1177}","{""benchmark_pass_count"":1184,""n"":1931,""quantiles"":{""0.5"":0.0,""0.9"":0.04120972174642342,""0.99"":0.10143050138226659,""1.0"":0.22264681366112551},""strict_exceedances"":{""0.01"":614,""0.1"":21}}"
9e98169ae668b50d60694317,mquake,R1_nonlearned,2,100,300,original,"{""count"":244183,""denominator"":245237,""fraction"":0.9957021167279}","{""fraction_for_half_mass"":0.00103165509282857,""gini"":0.9974889494410445,""minimum_count_for_half_mass"":253,""n"":245237,""positive_count"":1001,""top_shares"":{""0.001"":0.4891915079076584,""0.01"":1.0},""total"":3017.4915513536107,""zero_count"":244236}","{""fraction_for_half_mass"":0.0010561212215122514,""gini"":0.9974298171210915,""minimum_count_for_half_mass"":259,""n"":245237,""positive_count"":1054,""top_shares"":{""0.001"":0.4808862567959102,""0.01"":1.0},""total"":2999.08431748959,""zero_count"":244183}","{""fraction_for_half_mass"":0.09010875194199897,""gini"":0.7740175958074643,""minimum_count_for_half_mass"":174,""n"":1931,""positive_count"":754,""top_shares"":{""0.01"":0.09890842939913778,""0.05"":0.33637307471464506,""0.1"":0.5346455379384052},""total"":23.61483714558732,""zero_count"":1177}","{""benchmark_pass_count"":1184,""n"":1931,""quantiles"":{""0.5"":0.0,""0.9"":0.04120972174642342,""0.99"":0.10143050138226659,""1.0"":0.22264681366112551},""strict_exceedances"":{""0.01"":614,""0.1"":21}}"
ff570734d7837a1ba9e77528,mquake,R1_nonlearned,2,101,300,capoff,"{""count"":244183,""denominator"":245237,""fraction"":0.9957021167279}","{""fraction_for_half_mass"":0.00103165509282857,""gini"":0.9974889494410445,""minimum_count_for_half_mass"":253,""n"":245237,""positive_count"":1001,""top_shares"":{""0.001"":0.4891915079076584,""0.01"":1.0},""total"":3017.4915513536107,""zero_count"":244236}","{""fraction_for_half_mass"":0.0010561212215122514,""gini"":0.9974298171210915,""minimum_count_for_half_mass"":259,""n"":245237,""positive_count"":1054,""top_shares"":{""0.001"":0.4808862567959102,""0.01"":1.0},""total"":2999.08431748959,""zero_count"":244183}","{""fraction_for_half_mass"":0.09010875194199897,""gini"":0.7740175958074643,""minimum_count_for_half_mass"":174,""n"":1931,""positive_count"":754,""top_shares"":{""0.01"":0.09890842939913778,""0.05"":0.33637307471464506,""0.1"":0.5346455379384052},""total"":23.61483714558732,""zero_count"":1177}","{""benchmark_pass_count"":1184,""n"":1931,""quantiles"":{""0.5"":0.0,""0.9"":0.04120972174642342,""0.99"":0.10143050138226659,""1.0"":0.22264681366112551},""strict_exceedances"":{""0.01"":614,""0.1"":21}}"
ff570734d7837a1ba9e77528,mquake,R1_nonlearned,2,101,300,original,"{""count"":244183,""denominator"":245237,""fraction"":0.9957021167279}","{""fraction_for_half_mass"":0.00103165509282857,""gini"":0.9974889494410445,""minimum_count_for_half_mass"":253,""n"":245237,""positive_count"":1001,""top_shares"":{""0.001"":0.4891915079076584,""0.01"":1.0},""total"":3017.4915513536107,""zero_count"":244236}","{""fraction_for_half_mass"":0.0010561212215122514,""gini"":0.9974298171210915,""minimum_count_for_half_mass"":259,""n"":245237,""positive_count"":1054,""top_shares"":{""0.001"":0.4808862567959102,""0.01"":1.0},""total"":2999.08431748959,""zero_count"":244183}","{""fraction_for_half_mass"":0.09010875194199897,""gini"":0.7740175958074643,""minimum_count_for_half_mass"":174,""n"":1931,""positive_count"":754,""top_shares"":{""0.01"":0.09890842939913778,""0.05"":0.33637307471464506,""0.1"":0.5346455379384052},""total"":23.61483714558732,""zero_count"":1177}","{""benchmark_pass_count"":1184,""n"":1931,""quantiles"":{""0.5"":0.0,""0.9"":0.04120972174642342,""0.99"":0.10143050138226659,""1.0"":0.22264681366112551},""strict_exceedances"":{""0.01"":614,""0.1"":21}}"
4fd2bc51397502cb1c085b5c,mquake,R1_nonlearned,2,102,300,capoff,"{""count"":244183,""denominator"":245237,""fraction"":0.9957021167279}","{""fraction_for_half_mass"":0.00103165509282857,""gini"":0.9974889494410445,""minimum_count_for_half_mass"":253,""n"":245237,""positive_count"":1001,""top_shares"":{""0.001"":0.4891915079076584,""0.01"":1.0},""total"":3017.4915513536107,""zero_count"":244236}","{""fraction_for_half_mass"":0.0010561212215122514,""gini"":0.9974298171210915,""minimum_count_for_half_mass"":259,""n"":245237,""positive_count"":1054,""top_shares"":{""0.001"":0.4808862567959102,""0.01"":1.0},""total"":2999.08431748959,""zero_count"":244183}","{""fraction_for_half_mass"":0.09010875194199897,""gini"":0.7740175958074643,""minimum_count_for_half_mass"":174,""n"":1931,""positive_count"":754,""top_shares"":{""0.01"":0.09890842939913778,""0.05"":0.33637307471464506,""0.1"":0.5346455379384052},""total"":23.61483714558732,""zero_count"":1177}","{""benchmark_pass_count"":1184,""n"":1931,""quantiles"":{""0.5"":0.0,""0.9"":0.04120972174642342,""0.99"":0.10143050138226659,""1.0"":0.22264681366112551},""strict_exceedances"":{""0.01"":614,""0.1"":21}}"
4fd2bc51397502cb1c085b5c,mquake,R1_nonlearned,2,102,300,original,"{""count"":244183,""denominator"":245237,""fraction"":0.9957021167279}","{""fraction_for_half_mass"":0.00103165509282857,""gini"":0.9974889494410445,""minimum_count_for_half_mass"":253,""n"":245237,""positive_count"":1001,""top_shares"":{""0.001"":0.4891915079076584,""0.01"":1.0},""total"":3017.4915513536107,""zero_count"":244236}","{""fraction_for_half_mass"":0.0010561212215122514,""gini"":0.9974298171210915,""minimum_count_for_half_mass"":259,""n"":245237,""positive_count"":1054,""top_shares"":{""0.001"":0.4808862567959102,""0.01"":1.0},""total"":2999.08431748959,""zero_count"":244183}","{""fraction_for_half_mass"":0.09010875194199897,""gini"":0.7740175958074643,""minimum_count_for_half_mass"":174,""n"":1931,""positive_count"":754,""top_shares"":{""0.01"":0.09890842939913778,""0.05"":0.33637307471464506,""0.1"":0.5346455379384052},""total"":23.61483714558732,""zero_count"":1177}","{""benchmark_pass_count"":1184,""n"":1931,""quantiles"":{""0.5"":0.0,""0.9"":0.04120972174642342,""0.99"":0.10143050138226659,""1.0"":0.22264681366112551},""strict_exceedances"":{""0.01"":614,""0.1"":21}}"
c0e77c94b06dd3464838be93,mquake,R1_nonlearned,2,103,300,capoff,"{""count"":244183,""denominator"":245237,""fraction"":0.9957021167279}","{""fraction_for_half_mass"":0.00103165509282857,""gini"":0.9974889494410445,""minimum_count_for_half_mass"":253,""n"":245237,""positive_count"":1001,""top_shares"":{""0.001"":0.4891915079076584,""0.01"":1.0},""total"":3017.4915513536107,""zero_count"":244236}","{""fraction_for_half_mass"":0.0010561212215122514,""gini"":0.9974298171210915,""minimum_count_for_half_mass"":259,""n"":245237,""positive_count"":1054,""top_shares"":{""0.001"":0.4808862567959102,""0.01"":1.0},""total"":2999.08431748959,""zero_count"":244183}","{""fraction_for_half_mass"":0.09010875194199897,""gini"":0.7740175958074643,""minimum_count_for_half_mass"":174,""n"":1931,""positive_count"":754,""top_shares"":{""0.01"":0.09890842939913778,""0.05"":0.33637307471464506,""0.1"":0.5346455379384052},""total"":23.61483714558732,""zero_count"":1177}","{""benchmark_pass_count"":1184,""n"":1931,""quantiles"":{""0.5"":0.0,""0.9"":0.04120972174642342,""0.99"":0.10143050138226659,""1.0"":0.22264681366112551},""strict_exceedances"":{""0.01"":614,""0.1"":21}}"
c0e77c94b06dd3464838be93,mquake,R1_nonlearned,2,103,300,original,"{""count"":244183,""denominator"":245237,""fraction"":0.9957021167279}","{""fraction_for_half_mass"":0.00103165509282857,""gini"":0.9974889494410445,""minimum_count_for_half_mass"":253,""n"":245237,""positive_count"":1001,""top_shares"":{""0.001"":0.4891915079076584,""0.01"":1.0},""total"":3017.4915513536107,""zero_count"":244236}","{""fraction_for_half_mass"":0.0010561212215122514,""gini"":0.9974298171210915,""minimum_count_for_half_mass"":259,""n"":245237,""positive_count"":1054,""top_shares"":{""0.001"":0.4808862567959102,""0.01"":1.0},""total"":2999.08431748959,""zero_count"":244183}","{""fraction_for_half_mass"":0.09010875194199897,""gini"":0.7740175958074643,""minimum_count_for_half_mass"":174,""n"":1931,""positive_count"":754,""top_shares"":{""0.01"":0.09890842939913778,""0.05"":0.33637307471464506,""0.1"":0.5346455379384052},""total"":23.61483714558732,""zero_count"":1177}","{""benchmark_pass_count"":1184,""n"":1931,""quantiles"":{""0.5"":0.0,""0.9"":0.04120972174642342,""0.99"":0.10143050138226659,""1.0"":0.22264681366112551},""strict_exceedances"":{""0.01"":614,""0.1"":21}}"
4c700c665ce70ca41e4569dd,mquake,R1_nonlearned,2,104,300,capoff,"{""count"":244183,""denominator"":245237,""fraction"":0.9957021167279}","{""fraction_for_half_mass"":0.00103165509282857,""gini"":0.9974889494410445,""minimum_count_for_half_mass"":253,""n"":245237,""positive_count"":1001,""top_shares"":{""0.001"":0.4891915079076584,""0.01"":1.0},""total"":3017.4915513536107,""zero_count"":244236}","{""fraction_for_half_mass"":0.0010561212215122514,""gini"":0.9974298171210915,""minimum_count_for_half_mass"":259,""n"":245237,""positive_count"":1054,""top_shares"":{""0.001"":0.4808862567959102,""0.01"":1.0},""total"":2999.08431748959,""zero_count"":244183}","{""fraction_for_half_mass"":0.09010875194199897,""gini"":0.7740175958074643,""minimum_count_for_half_mass"":174,""n"":1931,""positive_count"":754,""top_shares"":{""0.01"":0.09890842939913778,""0.05"":0.33637307471464506,""0.1"":0.5346455379384052},""total"":23.61483714558732,""zero_count"":1177}","{""benchmark_pass_count"":1184,""n"":1931,""quantiles"":{""0.5"":0.0,""0.9"":0.04120972174642342,""0.99"":0.10143050138226659,""1.0"":0.22264681366112551},""strict_exceedances"":{""0.01"":614,""0.1"":21}}"
4c700c665ce70ca41e4569dd,mquake,R1_nonlearned,2,104,300,original,"{""count"":244183,""denominator"":245237,""fraction"":0.9957021167279}","{""fraction_for_half_mass"":0.00103165509282857,""gini"":0.9974889494410445,""minimum_count_for_half_mass"":253,""n"":245237,""positive_count"":1001,""top_shares"":{""0.001"":0.4891915079076584,""0.01"":1.0},""total"":3017.4915513536107,""zero_count"":244236}","{""fraction_for_half_mass"":0.0010561212215122514,""gini"":0.9974298171210915,""minimum_count_for_half_mass"":259,""n"":245237,""positive_count"":1054,""top_shares"":{""0.001"":0.4808862567959102,""0.01"":1.0},""total"":2999.08431748959,""zero_count"":244183}","{""fraction_for_half_mass"":0.09010875194199897,""gini"":0.7740175958074643,""minimum_count_for_half_mass"":174,""n"":1931,""positive_count"":754,""top_shares"":{""0.01"":0.09890842939913778,""0.05"":0.33637307471464506,""0.1"":0.5346455379384052},""total"":23.61483714558732,""zero_count"":1177}","{""benchmark_pass_count"":1184,""n"":1931,""quantiles"":{""0.5"":0.0,""0.9"":0.04120972174642342,""0.99"":0.10143050138226659,""1.0"":0.22264681366112551},""strict_exceedances"":{""0.01"":614,""0.1"":21}}"
dc17fc3637068157dba0207d,zsre,v0_stable,2,100,1000,capoff,"{""count"":244837,""denominator"":245237,""fraction"":0.9983689247544212}","{""fraction_for_half_mass"":0.00010601989096261983,""gini"":0.99963291060036,""minimum_count_for_half_mass"":26,""n"":245237,""positive_count"":260,""top_shares"":{""0.001"":0.9987448374131942,""0.01"":1.0},""total"":502.40098603737874,""zero_count"":244977}","{""fraction_for_half_mass"":9.7864514734726e-05,""gini"":0.9996010366321265,""minimum_count_for_half_mass"":24,""n"":245237,""positive_count"":400,""top_shares"":{""0.001"":0.9749680814460747,""0.01"":1.0000000000000002},""total"":433.8395451441542,""zero_count"":244837}","{""fraction_for_half_mass"":0.012428793371310202,""gini"":0.9541801014399036,""minimum_count_for_half_mass"":24,""n"":1931,""positive_count"":353,""top_shares"":{""0.01"":0.44714697664511066,""0.05"":0.8682200594338517,""0.1"":0.9665433725152274},""total"":3.416059410583892,""zero_count"":1578}","{""benchmark_pass_count"":1699,""n"":1931,""quantiles"":{""0.5"":0.0,""0.9"":0.0016217609608789756,""0.99"":0.04239457920081999,""1.0"":0.155810423845995},""strict_exceedances"":{""0.01"":82,""0.1"":4}}"
dc17fc3637068157dba0207d,zsre,v0_stable,2,100,1000,original,"{""count"":244837,""denominator"":245237,""fraction"":0.9983689247544212}","{""fraction_for_half_mass"":0.00010601989096261983,""gini"":0.99963291060036,""minimum_count_for_half_mass"":26,""n"":245237,""positive_count"":260,""top_shares"":{""0.001"":0.9987448374131942,""0.01"":1.0},""total"":502.40098603737874,""zero_count"":244977}","{""fraction_for_half_mass"":9.7864514734726e-05,""gini"":0.9996010366321265,""minimum_count_for_half_mass"":24,""n"":245237,""positive_count"":400,""top_shares"":{""0.001"":0.9749680814460747,""0.01"":1.0000000000000002},""total"":433.8395451441542,""zero_count"":244837}","{""fraction_for_half_mass"":0.012428793371310202,""gini"":0.9541801014399036,""minimum_count_for_half_mass"":24,""n"":1931,""positive_count"":353,""top_shares"":{""0.01"":0.44714697664511066,""0.05"":0.8682200594338517,""0.1"":0.9665433725152274},""total"":3.416059410583892,""zero_count"":1578}","{""benchmark_pass_count"":1699,""n"":1931,""quantiles"":{""0.5"":0.0,""0.9"":0.0016217609608789756,""0.99"":0.04239457920081999,""1.0"":0.155810423845995},""strict_exceedances"":{""0.01"":82,""0.1"":4}}"
727b32ab9723cb9feba71636,zsre,v0_stable,2,101,1000,capoff,"{""count"":244822,""denominator"":245237,""fraction"":0.998307759432712}","{""fraction_for_half_mass"":0.00010194220284867291,""gini"":0.9996219938155947,""minimum_count_for_half_mass"":25,""n"":245237,""positive_count"":281,""top_shares"":{""0.001"":0.994886697176715,""0.01"":1.0000000000000002},""total"":497.36156166951594,""zero_count"":244956}","{""fraction_for_half_mass"":9.7864514734726e-05,""gini"":0.9995967473669085,""minimum_count_for_half_mass"":24,""n"":245237,""positive_count"":415,""top_shares"":{""0.001"":0.9738406966768071,""0.01"":1.0000000000000002},""total"":454.06501229772056,""zero_count"":244822}","{""fraction_for_half_mass"":0.011393060590367685,""gini"":0.9557573176637487,""minimum_count_for_half_mass"":22,""n"":1931,""positive_count"":357,""top_shares"":{""0.01"":0.47182442416367987,""0.05"":0.871364192568863,""0.1"":0.9685233961367051},""total"":3.5753150574623667,""zero_count"":1574}","{""benchmark_pass_count"":1701,""n"":1931,""quantiles"":{""0.5"":0.0,""0.9"":0.0015511557958964549,""0.99"":0.04900207746920736,""1.0"":0.1663728126474825},""strict_exceedances"":{""0.01"":77,""0.1"":5}}"
727b32ab9723cb9feba71636,zsre,v0_stable,2,101,1000,original,"{""count"":244822,""denominator"":245237,""fraction"":0.998307759432712}","{""fraction_for_half_mass"":0.00010194220284867291,""gini"":0.9996219938155947,""minimum_count_for_half_mass"":25,""n"":245237,""positive_count"":281,""top_shares"":{""0.001"":0.994886697176715,""0.01"":1.0000000000000002},""total"":497.36156166951594,""zero_count"":244956}","{""fraction_for_half_mass"":9.7864514734726e-05,""gini"":0.9995967473669085,""minimum_count_for_half_mass"":24,""n"":245237,""positive_count"":415,""top_shares"":{""0.001"":0.9738406966768071,""0.01"":1.0000000000000002},""total"":454.06501229772056,""zero_count"":244822}","{""fraction_for_half_mass"":0.011393060590367685,""gini"":0.9557573176637487,""minimum_count_for_half_mass"":22,""n"":1931,""positive_count"":357,""top_shares"":{""0.01"":0.47182442416367987,""0.05"":0.871364192568863,""0.1"":0.9685233961367051},""total"":3.5753150574623667,""zero_count"":1574}","{""benchmark_pass_count"":1701,""n"":1931,""quantiles"":{""0.5"":0.0,""0.9"":0.0015511557958964549,""0.99"":0.04900207746920736,""1.0"":0.1663728126474825},""strict_exceedances"":{""0.01"":77,""0.1"":5}}"
a02980b0886a222f8e2f58e8,zsre,v0_stable,2,102,1000,capoff,"{""count"":244867,""denominator"":245237,""fraction"":0.9984912553978397}","{""fraction_for_half_mass"":8.563145039288525e-05,""gini"":0.9996929998236425,""minimum_count_for_half_mass"":21,""n"":245237,""positive_count"":226,""top_shares"":{""0.001"":0.9999999999999999,""0.01"":1.0},""total"":407.41784439261244,""zero_count"":245011}","{""fraction_for_half_mass"":8.563145039288525e-05,""gini"":0.9996445498727116,""minimum_count_for_half_mass"":21,""n"":245237,""positive_count"":370,""top_shares"":{""0.001"":0.9817279348787298,""0.01"":1.0},""total"":360.3935472621745,""zero_count"":244867}","{""fraction_for_half_mass"":0.00983946141895391,""gini"":0.9616942100351868,""minimum_count_for_half_mass"":19,""n"":1931,""positive_count"":319,""top_shares"":{""0.01"":0.51596964696509,""0.05"":0.8987753624163353,""0.1"":0.977417609278313},""total"":2.837744466631295,""zero_count"":1612}","{""benchmark_pass_count"":1739,""n"":1931,""quantiles"":{""0.5"":0.0,""0.9"":0.0009885685951955398,""0.99"":0.03561719396483772,""1.0"":0.16723078502611524},""strict_exceedances"":{""0.01"":65,""0.1"":5}}"
a02980b0886a222f8e2f58e8,zsre,v0_stable,2,102,1000,original,"{""count"":244867,""denominator"":245237,""fraction"":0.9984912553978397}","{""fraction_for_half_mass"":8.563145039288525e-05,""gini"":0.9996929998236425,""minimum_count_for_half_mass"":21,""n"":245237,""positive_count"":226,""top_shares"":{""0.001"":0.9999999999999999,""0.01"":1.0},""total"":407.41784439261244,""zero_count"":245011}","{""fraction_for_half_mass"":8.563145039288525e-05,""gini"":0.9996445498727116,""minimum_count_for_half_mass"":21,""n"":245237,""positive_count"":370,""top_shares"":{""0.001"":0.9817279348787298,""0.01"":1.0},""total"":360.3935472621745,""zero_count"":244867}","{""fraction_for_half_mass"":0.00983946141895391,""gini"":0.9616942100351868,""minimum_count_for_half_mass"":19,""n"":1931,""positive_count"":319,""top_shares"":{""0.01"":0.51596964696509,""0.05"":0.8987753624163353,""0.1"":0.977417609278313},""total"":2.837744466631295,""zero_count"":1612}","{""benchmark_pass_count"":1739,""n"":1931,""quantiles"":{""0.5"":0.0,""0.9"":0.0009885685951955398,""0.99"":0.03561719396483772,""1.0"":0.16723078502611524},""strict_exceedances"":{""0.01"":65,""0.1"":5}}"
9aeb330f6c7e29c85ee56da0,zsre,v0_stable,2,103,1000,capoff,"{""count"":244873,""denominator"":245237,""fraction"":0.9985157215265233}","{""fraction_for_half_mass"":9.7864514734726e-05,""gini"":0.9996890496290896,""minimum_count_for_half_mass"":24,""n"":245237,""positive_count"":239,""top_shares"":{""0.001"":1.0000000000000002,""0.01"":1.0000000000000002},""total"":492.195043797761,""zero_count"":244998}","{""fraction_for_half_mass"":8.970913850683216e-05,""gini"":0.999665429891381,""minimum_count_for_half_mass"":22,""n"":245237,""positive_count"":364,""top_shares"":{""0.001"":0.9856648157097171,""0.01"":1.0000000000000002},""total"":440.3267785534519,""zero_count"":244873}","{""fraction_for_half_mass"":0.010875194199896427,""gini"":0.9628714006867024,""minimum_count_for_half_mass"":21,""n"":1931,""positive_count"":311,""top_shares"":{""0.01"":0.4867395067332818,""0.05"":0.9170083579517286,""0.1"":0.9824991599299204},""total"":3.467139988609858,""zero_count"":1620}","{""benchmark_pass_count"":1732,""n"":1931,""quantiles"":{""0.5"":0.0,""0.9"":0.0011028489314566208,""0.99"":0.04446175931126411,""1.0"":0.16723078502611524},""strict_exceedances"":{""0.01"":75,""0.1"":5}}"
9aeb330f6c7e29c85ee56da0,zsre,v0_stable,2,103,1000,original,"{""count"":244873,""denominator"":245237,""fraction"":0.9985157215265233}","{""fraction_for_half_mass"":9.7864514734726e-05,""gini"":0.9996890496290896,""minimum_count_for_half_mass"":24,""n"":245237,""positive_count"":239,""top_shares"":{""0.001"":1.0000000000000002,""0.01"":1.0000000000000002},""total"":492.195043797761,""zero_count"":244998}","{""fraction_for_half_mass"":8.970913850683216e-05,""gini"":0.999665429891381,""minimum_count_for_half_mass"":22,""n"":245237,""positive_count"":364,""top_shares"":{""0.001"":0.9856648157097171,""0.01"":1.0000000000000002},""total"":440.3267785534519,""zero_count"":244873}","{""fraction_for_half_mass"":0.010875194199896427,""gini"":0.9628714006867024,""minimum_count_for_half_mass"":21,""n"":1931,""positive_count"":311,""top_shares"":{""0.01"":0.4867395067332818,""0.05"":0.9170083579517286,""0.1"":0.9824991599299204},""total"":3.467139988609858,""zero_count"":1620}","{""benchmark_pass_count"":1732,""n"":1931,""quantiles"":{""0.5"":0.0,""0.9"":0.0011028489314566208,""0.99"":0.04446175931126411,""1.0"":0.16723078502611524},""strict_exceedances"":{""0.01"":75,""0.1"":5}}"
0e0ee9a35e1116f7dafb423d,zsre,v0_stable,2,104,1000,capoff,"{""count"":244870,""denominator"":245237,""fraction"":0.9985034884621815}","{""fraction_for_half_mass"":7.33983860510445e-05,""gini"":0.9997192291221216,""minimum_count_for_half_mass"":18,""n"":245237,""positive_count"":215,""top_shares"":{""0.001"":1.0000000000000002,""0.01"":1.0000000000000002},""total"":434.21724427255924,""zero_count"":245022}","{""fraction_for_half_mass"":6.932069793709758e-05,""gini"":0.9996835120031571,""minimum_count_for_half_mass"":17,""n"":245237,""positive_count"":367,""top_shares"":{""0.001"":0.9817008538841029,""0.01"":1.0},""total"":396.4125714800807,""zero_count"":244870}","{""fraction_for_half_mass"":0.008803728638011392,""gini"":0.9637920475239442,""minimum_count_for_half_mass"":17,""n"":1931,""positive_count"":320,""top_shares"":{""0.01"":0.5528830406413535,""0.05"":0.9065713227603828,""0.1"":0.976264649575143},""total"":3.1213588305518156,""zero_count"":1611}","{""benchmark_pass_count"":1729,""n"":1931,""quantiles"":{""0.5"":0.0,""0.9"":0.0011554122802762848,""0.99"":0.03824428590071914,""1.0"":0.1663728126474825},""strict_exceedances"":{""0.01"":64,""0.1"":6}}"
0e0ee9a35e1116f7dafb423d,zsre,v0_stable,2,104,1000,original,"{""count"":244870,""denominator"":245237,""fraction"":0.9985034884621815}","{""fraction_for_half_mass"":7.33983860510445e-05,""gini"":0.9997192291221216,""minimum_count_for_half_mass"":18,""n"":245237,""positive_count"":215,""top_shares"":{""0.001"":1.0000000000000002,""0.01"":1.0000000000000002},""total"":434.21724427255924,""zero_count"":245022}","{""fraction_for_half_mass"":6.932069793709758e-05,""gini"":0.9996835120031571,""minimum_count_for_half_mass"":17,""n"":245237,""positive_count"":367,""top_shares"":{""0.001"":0.9817008538841029,""0.01"":1.0},""total"":396.4125714800807,""zero_count"":244870}","{""fraction_for_half_mass"":0.008803728638011392,""gini"":0.9637920475239442,""minimum_count_for_half_mass"":17,""n"":1931,""positive_count"":320,""top_shares"":{""0.01"":0.5528830406413535,""0.05"":0.9065713227603828,""0.1"":0.976264649575143},""total"":3.1213588305518156,""zero_count"":1611}","{""benchmark_pass_count"":1729,""n"":1931,""quantiles"":{""0.5"":0.0,""0.9"":0.0011554122802762848,""0.99"":0.03824428590071914,""1.0"":0.1663728126474825},""strict_exceedances"":{""0.01"":64,""0.1"":6}}"
862cd40c359e48e5a7998e3f,counterfact,v0_stable,2,100,1000,capoff,"{""count"":245237,""denominator"":245237,""fraction"":1.0}","{""fraction_for_half_mass"":null,""gini"":null,""minimum_count_for_half_mass"":null,""n"":245237,""positive_count"":0,""top_shares"":{""0.001"":null,""0.01"":null},""total"":0.0,""zero_count"":245237}","{""fraction_for_half_mass"":null,""gini"":null,""minimum_count_for_half_mass"":null,""n"":245237,""positive_count"":0,""top_shares"":{""0.001"":null,""0.01"":null},""total"":0.0,""zero_count"":245237}","{""fraction_for_half_mass"":null,""gini"":null,""minimum_count_for_half_mass"":null,""n"":1931,""positive_count"":0,""top_shares"":{""0.01"":null,""0.05"":null,""0.1"":null},""total"":0.0,""zero_count"":1931}","{""benchmark_pass_count"":1931,""n"":1931,""quantiles"":{""0.5"":0.0,""0.9"":0.0,""0.99"":0.0,""1.0"":0.0},""strict_exceedances"":{""0.01"":0,""0.1"":0}}"
862cd40c359e48e5a7998e3f,counterfact,v0_stable,2,100,1000,original,"{""count"":245237,""denominator"":245237,""fraction"":1.0}","{""fraction_for_half_mass"":null,""gini"":null,""minimum_count_for_half_mass"":null,""n"":245237,""positive_count"":0,""top_shares"":{""0.001"":null,""0.01"":null},""total"":0.0,""zero_count"":245237}","{""fraction_for_half_mass"":null,""gini"":null,""minimum_count_for_half_mass"":null,""n"":245237,""positive_count"":0,""top_shares"":{""0.001"":null,""0.01"":null},""total"":0.0,""zero_count"":245237}","{""fraction_for_half_mass"":null,""gini"":null,""minimum_count_for_half_mass"":null,""n"":1931,""positive_count"":0,""top_shares"":{""0.01"":null,""0.05"":null,""0.1"":null},""total"":0.0,""zero_count"":1931}","{""benchmark_pass_count"":1931,""n"":1931,""quantiles"":{""0.5"":0.0,""0.9"":0.0,""0.99"":0.0,""1.0"":0.0},""strict_exceedances"":{""0.01"":0,""0.1"":0}}"
89b258fddde381d9a09429d9,counterfact,v0_stable,2,101,1000,capoff,"{""count"":245237,""denominator"":245237,""fraction"":1.0}","{""fraction_for_half_mass"":null,""gini"":null,""minimum_count_for_half_mass"":null,""n"":245237,""positive_count"":0,""top_shares"":{""0.001"":null,""0.01"":null},""total"":0.0,""zero_count"":245237}","{""fraction_for_half_mass"":null,""gini"":null,""minimum_count_for_half_mass"":null,""n"":245237,""positive_count"":0,""top_shares"":{""0.001"":null,""0.01"":null},""total"":0.0,""zero_count"":245237}","{""fraction_for_half_mass"":null,""gini"":null,""minimum_count_for_half_mass"":null,""n"":1931,""positive_count"":0,""top_shares"":{""0.01"":null,""0.05"":null,""0.1"":null},""total"":0.0,""zero_count"":1931}","{""benchmark_pass_count"":1931,""n"":1931,""quantiles"":{""0.5"":0.0,""0.9"":0.0,""0.99"":0.0,""1.0"":0.0},""strict_exceedances"":{""0.01"":0,""0.1"":0}}"
89b258fddde381d9a09429d9,counterfact,v0_stable,2,101,1000,original,"{""count"":245237,""denominator"":245237,""fraction"":1.0}","{""fraction_for_half_mass"":null,""gini"":null,""minimum_count_for_half_mass"":null,""n"":245237,""positive_count"":0,""top_shares"":{""0.001"":null,""0.01"":null},""total"":0.0,""zero_count"":245237}","{""fraction_for_half_mass"":null,""gini"":null,""minimum_count_for_half_mass"":null,""n"":245237,""positive_count"":0,""top_shares"":{""0.001"":null,""0.01"":null},""total"":0.0,""zero_count"":245237}","{""fraction_for_half_mass"":null,""gini"":null,""minimum_count_for_half_mass"":null,""n"":1931,""positive_count"":0,""top_shares"":{""0.01"":null,""0.05"":null,""0.1"":null},""total"":0.0,""zero_count"":1931}","{""benchmark_pass_count"":1931,""n"":1931,""quantiles"":{""0.5"":0.0,""0.9"":0.0,""0.99"":0.0,""1.0"":0.0},""strict_exceedances"":{""0.01"":0,""0.1"":0}}"
090d1237381f4ee02fcbd05d,counterfact,v0_stable,2,102,1000,capoff,"{""count"":245237,""denominator"":245237,""fraction"":1.0}","{""fraction_for_half_mass"":null,""gini"":null,""minimum_count_for_half_mass"":null,""n"":245237,""positive_count"":0,""top_shares"":{""0.001"":null,""0.01"":null},""total"":0.0,""zero_count"":245237}","{""fraction_for_half_mass"":null,""gini"":null,""minimum_count_for_half_mass"":null,""n"":245237,""positive_count"":0,""top_shares"":{""0.001"":null,""0.01"":null},""total"":0.0,""zero_count"":245237}","{""fraction_for_half_mass"":null,""gini"":null,""minimum_count_for_half_mass"":null,""n"":1931,""positive_count"":0,""top_shares"":{""0.01"":null,""0.05"":null,""0.1"":null},""total"":0.0,""zero_count"":1931}","{""benchmark_pass_count"":1931,""n"":1931,""quantiles"":{""0.5"":0.0,""0.9"":0.0,""0.99"":0.0,""1.0"":0.0},""strict_exceedances"":{""0.01"":0,""0.1"":0}}"
090d1237381f4ee02fcbd05d,counterfact,v0_stable,2,102,1000,original,"{""count"":245237,""denominator"":245237,""fraction"":1.0}","{""fraction_for_half_mass"":null,""gini"":null,""minimum_count_for_half_mass"":null,""n"":245237,""positive_count"":0,""top_shares"":{""0.001"":null,""0.01"":null},""total"":0.0,""zero_count"":245237}","{""fraction_for_half_mass"":null,""gini"":null,""minimum_count_for_half_mass"":null,""n"":245237,""positive_count"":0,""top_shares"":{""0.001"":null,""0.01"":null},""total"":0.0,""zero_count"":245237}","{""fraction_for_half_mass"":null,""gini"":null,""minimum_count_for_half_mass"":null,""n"":1931,""positive_count"":0,""top_shares"":{""0.01"":null,""0.05"":null,""0.1"":null},""total"":0.0,""zero_count"":1931}","{""benchmark_pass_count"":1931,""n"":1931,""quantiles"":{""0.5"":0.0,""0.9"":0.0,""0.99"":0.0,""1.0"":0.0},""strict_exceedances"":{""0.01"":0,""0.1"":0}}"
6e95ec72097ffded952889d6,counterfact,v0_stable,2,103,1000,capoff,"{""count"":245237,""denominator"":245237,""fraction"":1.0}","{""fraction_for_half_mass"":null,""gini"":null,""minimum_count_for_half_mass"":null,""n"":245237,""positive_count"":0,""top_shares"":{""0.001"":null,""0.01"":null},""total"":0.0,""zero_count"":245237}","{""fraction_for_half_mass"":null,""gini"":null,""minimum_count_for_half_mass"":null,""n"":245237,""positive_count"":0,""top_shares"":{""0.001"":null,""0.01"":null},""total"":0.0,""zero_count"":245237}","{""fraction_for_half_mass"":null,""gini"":null,""minimum_count_for_half_mass"":null,""n"":1931,""positive_count"":0,""top_shares"":{""0.01"":null,""0.05"":null,""0.1"":null},""total"":0.0,""zero_count"":1931}","{""benchmark_pass_count"":1931,""n"":1931,""quantiles"":{""0.5"":0.0,""0.9"":0.0,""0.99"":0.0,""1.0"":0.0},""strict_exceedances"":{""0.01"":0,""0.1"":0}}"
6e95ec72097ffded952889d6,counterfact,v0_stable,2,103,1000,original,"{""count"":245237,""denominator"":245237,""fraction"":1.0}","{""fraction_for_half_mass"":null,""gini"":null,""minimum_count_for_half_mass"":null,""n"":245237,""positive_count"":0,""top_shares"":{""0.001"":null,""0.01"":null},""total"":0.0,""zero_count"":245237}","{""fraction_for_half_mass"":null,""gini"":null,""minimum_count_for_half_mass"":null,""n"":245237,""positive_count"":0,""top_shares"":{""0.001"":null,""0.01"":null},""total"":0.0,""zero_count"":245237}","{""fraction_for_half_mass"":null,""gini"":null,""minimum_count_for_half_mass"":null,""n"":1931,""positive_count"":0,""top_shares"":{""0.01"":null,""0.05"":null,""0.1"":null},""total"":0.0,""zero_count"":1931}","{""benchmark_pass_count"":1931,""n"":1931,""quantiles"":{""0.5"":0.0,""0.9"":0.0,""0.99"":0.0,""1.0"":0.0},""strict_exceedances"":{""0.01"":0,""0.1"":0}}"
c8ce51b334cc3e42a623be6c,counterfact,v0_stable,2,104,1000,capoff,"{""count"":245237,""denominator"":245237,""fraction"":1.0}","{""fraction_for_half_mass"":null,""gini"":null,""minimum_count_for_half_mass"":null,""n"":245237,""positive_count"":0,""top_shares"":{""0.001"":null,""0.01"":null},""total"":0.0,""zero_count"":245237}","{""fraction_for_half_mass"":null,""gini"":null,""minimum_count_for_half_mass"":null,""n"":245237,""positive_count"":0,""top_shares"":{""0.001"":null,""0.01"":null},""total"":0.0,""zero_count"":245237}","{""fraction_for_half_mass"":null,""gini"":null,""minimum_count_for_half_mass"":null,""n"":1931,""positive_count"":0,""top_shares"":{""0.01"":null,""0.05"":null,""0.1"":null},""total"":0.0,""zero_count"":1931}","{""benchmark_pass_count"":1931,""n"":1931,""quantiles"":{""0.5"":0.0,""0.9"":0.0,""0.99"":0.0,""1.0"":0.0},""strict_exceedances"":{""0.01"":0,""0.1"":0}}"
c8ce51b334cc3e42a623be6c,counterfact,v0_stable,2,104,1000,original,"{""count"":245237,""denominator"":245237,""fraction"":1.0}","{""fraction_for_half_mass"":null,""gini"":null,""minimum_count_for_half_mass"":null,""n"":245237,""positive_count"":0,""top_shares"":{""0.001"":null,""0.01"":null},""total"":0.0,""zero_count"":245237}","{""fraction_for_half_mass"":null,""gini"":null,""minimum_count_for_half_mass"":null,""n"":245237,""positive_count"":0,""top_shares"":{""0.001"":null,""0.01"":null},""total"":0.0,""zero_count"":245237}","{""fraction_for_half_mass"":null,""gini"":null,""minimum_count_for_half_mass"":null,""n"":1931,""positive_count"":0,""top_shares"":{""0.01"":null,""0.05"":null,""0.1"":null},""total"":0.0,""zero_count"":1931}","{""benchmark_pass_count"":1931,""n"":1931,""quantiles"":{""0.5"":0.0,""0.9"":0.0,""0.99"":0.0,""1.0"":0.0},""strict_exceedances"":{""0.01"":0,""0.1"":0}}"
cf6bd4a623aa24871f74d136,mquake,v0_stable,2,100,300,capoff,"{""count"":245237,""denominator"":245237,""fraction"":1.0}","{""fraction_for_half_mass"":null,""gini"":null,""minimum_count_for_half_mass"":null,""n"":245237,""positive_count"":0,""top_shares"":{""0.001"":null,""0.01"":null},""total"":0.0,""zero_count"":245237}","{""fraction_for_half_mass"":null,""gini"":null,""minimum_count_for_half_mass"":null,""n"":245237,""positive_count"":0,""top_shares"":{""0.001"":null,""0.01"":null},""total"":0.0,""zero_count"":245237}","{""fraction_for_half_mass"":null,""gini"":null,""minimum_count_for_half_mass"":null,""n"":1931,""positive_count"":0,""top_shares"":{""0.01"":null,""0.05"":null,""0.1"":null},""total"":0.0,""zero_count"":1931}","{""benchmark_pass_count"":1931,""n"":1931,""quantiles"":{""0.5"":0.0,""0.9"":0.0,""0.99"":0.0,""1.0"":0.0},""strict_exceedances"":{""0.01"":0,""0.1"":0}}"
cf6bd4a623aa24871f74d136,mquake,v0_stable,2,100,300,original,"{""count"":245237,""denominator"":245237,""fraction"":1.0}","{""fraction_for_half_mass"":null,""gini"":null,""minimum_count_for_half_mass"":null,""n"":245237,""positive_count"":0,""top_shares"":{""0.001"":null,""0.01"":null},""total"":0.0,""zero_count"":245237}","{""fraction_for_half_mass"":null,""gini"":null,""minimum_count_for_half_mass"":null,""n"":245237,""positive_count"":0,""top_shares"":{""0.001"":null,""0.01"":null},""total"":0.0,""zero_count"":245237}","{""fraction_for_half_mass"":null,""gini"":null,""minimum_count_for_half_mass"":null,""n"":1931,""positive_count"":0,""top_shares"":{""0.01"":null,""0.05"":null,""0.1"":null},""total"":0.0,""zero_count"":1931}","{""benchmark_pass_count"":1931,""n"":1931,""quantiles"":{""0.5"":0.0,""0.9"":0.0,""0.99"":0.0,""1.0"":0.0},""strict_exceedances"":{""0.01"":0,""0.1"":0}}"
519b30353f979e8028ed03e1,mquake,v0_stable,2,101,300,capoff,"{""count"":245237,""denominator"":245237,""fraction"":1.0}","{""fraction_for_half_mass"":null,""gini"":null,""minimum_count_for_half_mass"":null,""n"":245237,""positive_count"":0,""top_shares"":{""0.001"":null,""0.01"":null},""total"":0.0,""zero_count"":245237}","{""fraction_for_half_mass"":null,""gini"":null,""minimum_count_for_half_mass"":null,""n"":245237,""positive_count"":0,""top_shares"":{""0.001"":null,""0.01"":null},""total"":0.0,""zero_count"":245237}","{""fraction_for_half_mass"":null,""gini"":null,""minimum_count_for_half_mass"":null,""n"":1931,""positive_count"":0,""top_shares"":{""0.01"":null,""0.05"":null,""0.1"":null},""total"":0.0,""zero_count"":1931}","{""benchmark_pass_count"":1931,""n"":1931,""quantiles"":{""0.5"":0.0,""0.9"":0.0,""0.99"":0.0,""1.0"":0.0},""strict_exceedances"":{""0.01"":0,""0.1"":0}}"
519b30353f979e8028ed03e1,mquake,v0_stable,2,101,300,original,"{""count"":245237,""denominator"":245237,""fraction"":1.0}","{""fraction_for_half_mass"":null,""gini"":null,""minimum_count_for_half_mass"":null,""n"":245237,""positive_count"":0,""top_shares"":{""0.001"":null,""0.01"":null},""total"":0.0,""zero_count"":245237}","{""fraction_for_half_mass"":null,""gini"":null,""minimum_count_for_half_mass"":null,""n"":245237,""positive_count"":0,""top_shares"":{""0.001"":null,""0.01"":null},""total"":0.0,""zero_count"":245237}","{""fraction_for_half_mass"":null,""gini"":null,""minimum_count_for_half_mass"":null,""n"":1931,""positive_count"":0,""top_shares"":{""0.01"":null,""0.05"":null,""0.1"":null},""total"":0.0,""zero_count"":1931}","{""benchmark_pass_count"":1931,""n"":1931,""quantiles"":{""0.5"":0.0,""0.9"":0.0,""0.99"":0.0,""1.0"":0.0},""strict_exceedances"":{""0.01"":0,""0.1"":0}}"
89182e81a187807d2772cade,mquake,v0_stable,2,102,300,capoff,"{""count"":245237,""denominator"":245237,""fraction"":1.0}","{""fraction_for_half_mass"":null,""gini"":null,""minimum_count_for_half_mass"":null,""n"":245237,""positive_count"":0,""top_shares"":{""0.001"":null,""0.01"":null},""total"":0.0,""zero_count"":245237}","{""fraction_for_half_mass"":null,""gini"":null,""minimum_count_for_half_mass"":null,""n"":245237,""positive_count"":0,""top_shares"":{""0.001"":null,""0.01"":null},""total"":0.0,""zero_count"":245237}","{""fraction_for_half_mass"":null,""gini"":null,""minimum_count_for_half_mass"":null,""n"":1931,""positive_count"":0,""top_shares"":{""0.01"":null,""0.05"":null,""0.1"":null},""total"":0.0,""zero_count"":1931}","{""benchmark_pass_count"":1931,""n"":1931,""quantiles"":{""0.5"":0.0,""0.9"":0.0,""0.99"":0.0,""1.0"":0.0},""strict_exceedances"":{""0.01"":0,""0.1"":0}}"
89182e81a187807d2772cade,mquake,v0_stable,2,102,300,original,"{""count"":245237,""denominator"":245237,""fraction"":1.0}","{""fraction_for_half_mass"":null,""gini"":null,""minimum_count_for_half_mass"":null,""n"":245237,""positive_count"":0,""top_shares"":{""0.001"":null,""0.01"":null},""total"":0.0,""zero_count"":245237}","{""fraction_for_half_mass"":null,""gini"":null,""minimum_count_for_half_mass"":null,""n"":245237,""positive_count"":0,""top_shares"":{""0.001"":null,""0.01"":null},""total"":0.0,""zero_count"":245237}","{""fraction_for_half_mass"":null,""gini"":null,""minimum_count_for_half_mass"":null,""n"":1931,""positive_count"":0,""top_shares"":{""0.01"":null,""0.05"":null,""0.1"":null},""total"":0.0,""zero_count"":1931}","{""benchmark_pass_count"":1931,""n"":1931,""quantiles"":{""0.5"":0.0,""0.9"":0.0,""0.99"":0.0,""1.0"":0.0},""strict_exceedances"":{""0.01"":0,""0.1"":0}}"
9ad3399cfc13f1297d17423d,mquake,v0_stable,2,103,300,capoff,"{""count"":245237,""denominator"":245237,""fraction"":1.0}","{""fraction_for_half_mass"":null,""gini"":null,""minimum_count_for_half_mass"":null,""n"":245237,""positive_count"":0,""top_shares"":{""0.001"":null,""0.01"":null},""total"":0.0,""zero_count"":245237}","{""fraction_for_half_mass"":null,""gini"":null,""minimum_count_for_half_mass"":null,""n"":245237,""positive_count"":0,""top_shares"":{""0.001"":null,""0.01"":null},""total"":0.0,""zero_count"":245237}","{""fraction_for_half_mass"":null,""gini"":null,""minimum_count_for_half_mass"":null,""n"":1931,""positive_count"":0,""top_shares"":{""0.01"":null,""0.05"":null,""0.1"":null},""total"":0.0,""zero_count"":1931}","{""benchmark_pass_count"":1931,""n"":1931,""quantiles"":{""0.5"":0.0,""0.9"":0.0,""0.99"":0.0,""1.0"":0.0},""strict_exceedances"":{""0.01"":0,""0.1"":0}}"
9ad3399cfc13f1297d17423d,mquake,v0_stable,2,103,300,original,"{""count"":245237,""denominator"":245237,""fraction"":1.0}","{""fraction_for_half_mass"":null,""gini"":null,""minimum_count_for_half_mass"":null,""n"":245237,""positive_count"":0,""top_shares"":{""0.001"":null,""0.01"":null},""total"":0.0,""zero_count"":245237}","{""fraction_for_half_mass"":null,""gini"":null,""minimum_count_for_half_mass"":null,""n"":245237,""positive_count"":0,""top_shares"":{""0.001"":null,""0.01"":null},""total"":0.0,""zero_count"":245237}","{""fraction_for_half_mass"":null,""gini"":null,""minimum_count_for_half_mass"":null,""n"":1931,""positive_count"":0,""top_shares"":{""0.01"":null,""0.05"":null,""0.1"":null},""total"":0.0,""zero_count"":1931}","{""benchmark_pass_count"":1931,""n"":1931,""quantiles"":{""0.5"":0.0,""0.9"":0.0,""0.99"":0.0,""1.0"":0.0},""strict_exceedances"":{""0.01"":0,""0.1"":0}}"
046aa51d028b84dde8981351,mquake,v0_stable,2,104,300,capoff,"{""count"":245237,""denominator"":245237,""fraction"":1.0}","{""fraction_for_half_mass"":null,""gini"":null,""minimum_count_for_half_mass"":null,""n"":245237,""positive_count"":0,""top_shares"":{""0.001"":null,""0.01"":null},""total"":0.0,""zero_count"":245237}","{""fraction_for_half_mass"":null,""gini"":null,""minimum_count_for_half_mass"":null,""n"":245237,""positive_count"":0,""top_shares"":{""0.001"":null,""0.01"":null},""total"":0.0,""zero_count"":245237}","{""fraction_for_half_mass"":null,""gini"":null,""minimum_count_for_half_mass"":null,""n"":1931,""positive_count"":0,""top_shares"":{""0.01"":null,""0.05"":null,""0.1"":null},""total"":0.0,""zero_count"":1931}","{""benchmark_pass_count"":1931,""n"":1931,""quantiles"":{""0.5"":0.0,""0.9"":0.0,""0.99"":0.0,""1.0"":0.0},""strict_exceedances"":{""0.01"":0,""0.1"":0}}"
046aa51d028b84dde8981351,mquake,v0_stable,2,104,300,original,"{""count"":245237,""denominator"":245237,""fraction"":1.0}","{""fraction_for_half_mass"":null,""gini"":null,""minimum_count_for_half_mass"":null,""n"":245237,""positive_count"":0,""top_shares"":{""0.001"":null,""0.01"":null},""total"":0.0,""zero_count"":245237}","{""fraction_for_half_mass"":null,""gini"":null,""minimum_count_for_half_mass"":null,""n"":245237,""positive_count"":0,""top_shares"":{""0.001"":null,""0.01"":null},""total"":0.0,""zero_count"":245237}","{""fraction_for_half_mass"":null,""gini"":null,""minimum_count_for_half_mass"":null,""n"":1931,""positive_count"":0,""top_shares"":{""0.01"":null,""0.05"":null,""0.1"":null},""total"":0.0,""zero_count"":1931}","{""benchmark_pass_count"":1931,""n"":1931,""quantiles"":{""0.5"":0.0,""0.9"":0.0,""0.99"":0.0,""1.0"":0.0},""strict_exceedances"":{""0.01"":0,""0.1"":0}}"
c897cd3d2a3b35bfe999e87e,zsre,matched_update,0,100,1000,capoff,"{""count"":244918,""denominator"":245237,""fraction"":0.9986992174916509}","{""fraction_for_half_mass"":6.116532170920375e-05,""gini"":0.9997564473259342,""minimum_count_for_half_mass"":15,""n"":245237,""positive_count"":186,""top_shares"":{""0.001"":0.9999999999999998,""0.01"":1.0},""total"":268.31135047804304,""zero_count"":245051}","{""fraction_for_half_mass"":5.708763359525683e-05,""gini"":0.9997287157071747,""minimum_count_for_half_mass"":14,""n"":245237,""positive_count"":319,""top_shares"":{""0.001"":0.9892961816207032,""0.01"":1.0},""total"":299.1501790478502,""zero_count"":244918}","{""fraction_for_half_mass"":0.006732263076126359,""gini"":0.9686042562998076,""minimum_count_for_half_mass"":13,""n"":1931,""positive_count"":284,""top_shares"":{""0.01"":0.6050058867104005,""0.05"":0.9181336293258995,""0.1"":0.9831054069427968},""total"":2.355513220849214,""zero_count"":1647}","{""benchmark_pass_count"":1763,""n"":1931,""quantiles"":{""0.5"":0.0,""0.9"":0.0007374877322602649,""0.99"":0.030034797653309166,""1.0"":0.19750114682168654},""strict_exceedances"":{""0.01"":46,""0.1"":4}}"
c897cd3d2a3b35bfe999e87e,zsre,matched_update,0,100,1000,original,"{""count"":244918,""denominator"":245237,""fraction"":0.9986992174916509}","{""fraction_for_half_mass"":6.116532170920375e-05,""gini"":0.9997564473259342,""minimum_count_for_half_mass"":15,""n"":245237,""positive_count"":186,""top_shares"":{""0.001"":0.9999999999999998,""0.01"":1.0},""total"":268.31135047804304,""zero_count"":245051}","{""fraction_for_half_mass"":5.708763359525683e-05,""gini"":0.9997287157071747,""minimum_count_for_half_mass"":14,""n"":245237,""positive_count"":319,""top_shares"":{""0.001"":0.9892961816207032,""0.01"":1.0},""total"":299.1501790478502,""zero_count"":244918}","{""fraction_for_half_mass"":0.006732263076126359,""gini"":0.9686042562998076,""minimum_count_for_half_mass"":13,""n"":1931,""positive_count"":284,""top_shares"":{""0.01"":0.6050058867104005,""0.05"":0.9181336293258995,""0.1"":0.9831054069427968},""total"":2.355513220849214,""zero_count"":1647}","{""benchmark_pass_count"":1763,""n"":1931,""quantiles"":{""0.5"":0.0,""0.9"":0.0007374877322602649,""0.99"":0.030034797653309166,""1.0"":0.19750114682168654},""strict_exceedances"":{""0.01"":46,""0.1"":4}}"
1689630f5ad581d9fcfc483e,zsre,matched_update,0,101,1000,capoff,"{""count"":244547,""denominator"":245237,""fraction"":0.9971863952013766}","{""fraction_for_half_mass"":9.378682662077908e-05,""gini"":0.9995691494072219,""minimum_count_for_half_mass"":23,""n"":245237,""positive_count"":410,""top_shares"":{""0.001"":0.9611241208600249,""0.01"":1.0000000000000002},""total"":457.0527004522137,""zero_count"":244827}","{""fraction_for_half_mass"":9.378682662077908e-05,""gini"":0.9995339210110508,""minimum_count_for_half_mass"":23,""n"":245237,""positive_count"":690,""top_shares"":{""0.001"":0.9476874674354482,""0.01"":0.9999999999999998},""total"":433.39171218927413,""zero_count"":244547}","{""fraction_for_half_mass"":0.010875194199896427,""gini"":0.9493326461045702,""minimum_count_for_half_mass"":21,""n"":1931,""positive_count"":585,""top_shares"":{""0.01"":0.48116271991108156,""0.05"":0.8726433927093042,""0.1"":0.9468022718320426},""total"":3.412533166844678,""zero_count"":1346}","{""benchmark_pass_count"":1726,""n"":1931,""quantiles"":{""0.5"":0.0,""0.9"":0.001113176000744541,""0.99"":0.04063791401714521,""1.0"":0.19695705932476668},""strict_exceedances"":{""0.01"":73,""0.1"":6}}"
1689630f5ad581d9fcfc483e,zsre,matched_update,0,101,1000,original,"{""count"":244547,""denominator"":245237,""fraction"":0.9971863952013766}","{""fraction_for_half_mass"":9.378682662077908e-05,""gini"":0.9995691494072219,""minimum_count_for_half_mass"":23,""n"":245237,""positive_count"":410,""top_shares"":{""0.001"":0.9611241208600249,""0.01"":1.0000000000000002},""total"":457.0527004522137,""zero_count"":244827}","{""fraction_for_half_mass"":9.378682662077908e-05,""gini"":0.9995339210110508,""minimum_count_for_half_mass"":23,""n"":245237,""positive_count"":690,""top_shares"":{""0.001"":0.9476874674354482,""0.01"":0.9999999999999998},""total"":433.39171218927413,""zero_count"":244547}","{""fraction_for_half_mass"":0.010875194199896427,""gini"":0.9493326461045702,""minimum_count_for_half_mass"":21,""n"":1931,""positive_count"":585,""top_shares"":{""0.01"":0.48116271991108156,""0.05"":0.8726433927093042,""0.1"":0.9468022718320426},""total"":3.412533166844678,""zero_count"":1346}","{""benchmark_pass_count"":1726,""n"":1931,""quantiles"":{""0.5"":0.0,""0.9"":0.001113176000744541,""0.99"":0.04063791401714521,""1.0"":0.19695705932476668},""strict_exceedances"":{""0.01"":73,""0.1"":6}}"
c1c03ed850a40df57da8628a,zsre,matched_update,0,102,1000,capoff,"{""count"":244895,""denominator"":245237,""fraction"":0.9986054306650302}","{""fraction_for_half_mass"":8.970913850683216e-05,""gini"":0.9996689032384164,""minimum_count_for_half_mass"":22,""n"":245237,""positive_count"":220,""top_shares"":{""0.001"":1.0,""0.01"":1.0000000000000002},""total"":224.34930707456866,""zero_count"":245017}","{""fraction_for_half_mass"":7.747607416499141e-05,""gini"":0.9996083854771717,""minimum_count_for_half_mass"":19,""n"":245237,""positive_count"":342,""top_shares"":{""0.001"":0.9749582158666656,""0.01"":1.0000000000000002},""total"":212.6121865666359,""zero_count"":244895}","{""fraction_for_half_mass"":0.009321595028482652,""gini"":0.9555057678829465,""minimum_count_for_half_mass"":18,""n"":1931,""positive_count"":302,""top_shares"":{""0.01"":0.520614703063808,""0.05"":0.8505330664136759,""0.1"":0.9624199232177055},""total"":1.6741117052491015,""zero_count"":1629}","{""benchmark_pass_count"":1735,""n"":1931,""quantiles"":{""0.5"":0.0,""0.9"":0.0010440232654118447,""0.99"":0.016911854902981572,""1.0"":0.19750114682168654},""strict_exceedances"":{""0.01"":36,""0.1"":1}}"
c1c03ed850a40df57da8628a,zsre,matched_update,0,102,1000,original,"{""count"":244895,""denominator"":245237,""fraction"":0.9986054306650302}","{""fraction_for_half_mass"":8.970913850683216e-05,""gini"":0.9996689032384164,""minimum_count_for_half_mass"":22,""n"":245237,""positive_count"":220,""top_shares"":{""0.001"":1.0,""0.01"":1.0000000000000002},""total"":224.34930707456866,""zero_count"":245017}","{""fraction_for_half_mass"":7.747607416499141e-05,""gini"":0.9996083854771717,""minimum_count_for_half_mass"":19,""n"":245237,""positive_count"":342,""top_shares"":{""0.001"":0.9749582158666656,""0.01"":1.0000000000000002},""total"":212.6121865666359,""zero_count"":244895}","{""fraction_for_half_mass"":0.009321595028482652,""gini"":0.9555057678829465,""minimum_count_for_half_mass"":18,""n"":1931,""positive_count"":302,""top_shares"":{""0.01"":0.520614703063808,""0.05"":0.8505330664136759,""0.1"":0.9624199232177055},""total"":1.6741117052491015,""zero_count"":1629}","{""benchmark_pass_count"":1735,""n"":1931,""quantiles"":{""0.5"":0.0,""0.9"":0.0010440232654118447,""0.99"":0.016911854902981572,""1.0"":0.19750114682168654},""strict_exceedances"":{""0.01"":36,""0.1"":1}}"
d1690029ea53ae03b3705536,zsre,matched_update,0,103,1000,capoff,"{""count"":244818,""denominator"":245237,""fraction"":0.9982914486802562}","{""fraction_for_half_mass"":5.708763359525683e-05,""gini"":0.9997129523695105,""minimum_count_for_half_mass"":14,""n"":245237,""positive_count"":252,""top_shares"":{""0.001"":0.9997634203133889,""0.01"":1.0},""total"":314.22219132062475,""zero_count"":244985}","{""fraction_for_half_mass"":6.116532170920375e-05,""gini"":0.9996597573831252,""minimum_count_for_half_mass"":15,""n"":245237,""positive_count"":419,""top_shares"":{""0.001"":0.9712961437832178,""0.01"":1.0},""total"":321.9184367129732,""zero_count"":244818}","{""fraction_for_half_mass"":0.0072501294665976174,""gini"":0.963395660390368,""minimum_count_for_half_mass"":14,""n"":1931,""positive_count"":356,""top_shares"":{""0.01"":0.5831669538673887,""0.05"":0.8939499663400806,""0.1"":0.9671300802484825},""total"":2.5347908402596318,""zero_count"":1575}","{""benchmark_pass_count"":1736,""n"":1931,""quantiles"":{""0.5"":0.0,""0.9"":0.0010114092008751097,""0.99"":0.0312676293849093,""1.0"":0.19750114682168654},""strict_exceedances"":{""0.01"":46,""0.1"":5}}"
d1690029ea53ae03b3705536,zsre,matched_update,0,103,1000,original,"{""count"":244818,""denominator"":245237,""fraction"":0.9982914486802562}","{""fraction_for_half_mass"":5.708763359525683e-05,""gini"":0.9997129523695105,""minimum_count_for_half_mass"":14,""n"":245237,""positive_count"":252,""top_shares"":{""0.001"":0.9997634203133889,""0.01"":1.0},""total"":314.22219132062475,""zero_count"":244985}","{""fraction_for_half_mass"":6.116532170920375e-05,""gini"":0.9996597573831252,""minimum_count_for_half_mass"":15,""n"":245237,""positive_count"":419,""top_shares"":{""0.001"":0.9712961437832178,""0.01"":1.0},""total"":321.9184367129732,""zero_count"":244818}","{""fraction_for_half_mass"":0.0072501294665976174,""gini"":0.963395660390368,""minimum_count_for_half_mass"":14,""n"":1931,""positive_count"":356,""top_shares"":{""0.01"":0.5831669538673887,""0.05"":0.8939499663400806,""0.1"":0.9671300802484825},""total"":2.5347908402596318,""zero_count"":1575}","{""benchmark_pass_count"":1736,""n"":1931,""quantiles"":{""0.5"":0.0,""0.9"":0.0010114092008751097,""0.99"":0.0312676293849093,""1.0"":0.19750114682168654},""strict_exceedances"":{""0.01"":46,""0.1"":5}}"
a921f9ab5443f978e56d2390,zsre,matched_update,0,104,1000,capoff,"{""count"":244903,""denominator"":245237,""fraction"":0.9986380521699417}","{""fraction_for_half_mass"":5.708763359525683e-05,""gini"":0.9997627719426326,""minimum_count_for_half_mass"":14,""n"":245237,""positive_count"":201,""top_shares"":{""0.001"":1.0,""0.01"":0.9999999999999998},""total"":332.23123726180086,""zero_count"":245036}","{""fraction_for_half_mass"":5.3009945481309916e-05,""gini"":0.9997160716297391,""minimum_count_for_half_mass"":13,""n"":245237,""positive_count"":334,""top_shares"":{""0.001"":0.9875746261389251,""0.01"":0.9999999999999999},""total"":371.1436946516732,""zero_count"":244903}","{""fraction_for_half_mass"":0.006732263076126359,""gini"":0.9692242846797352,""minimum_count_for_half_mass"":13,""n"":1931,""positive_count"":283,""top_shares"":{""0.01"":0.6072294318773456,""0.05"":0.9225352301420222,""0.1"":0.9839274514321946},""total"":2.922391296469867,""zero_count"":1648}","{""benchmark_pass_count"":1746,""n"":1931,""quantiles"":{""0.5"":0.0,""0.9"":0.0008961444636621787,""0.99"":0.03378731921824067,""1.0"":0.19750114682168654},""strict_exceedances"":{""0.01"":52,""0.1"":9}}"
a921f9ab5443f978e56d2390,zsre,matched_update,0,104,1000,original,"{""count"":244903,""denominator"":245237,""fraction"":0.9986380521699417}","{""fraction_for_half_mass"":5.708763359525683e-05,""gini"":0.9997627719426326,""minimum_count_for_half_mass"":14,""n"":245237,""positive_count"":201,""top_shares"":{""0.001"":1.0,""0.01"":0.9999999999999998},""total"":332.23123726180086,""zero_count"":245036}","{""fraction_for_half_mass"":5.3009945481309916e-05,""gini"":0.9997160716297391,""minimum_count_for_half_mass"":13,""n"":245237,""positive_count"":334,""top_shares"":{""0.001"":0.9875746261389251,""0.01"":0.9999999999999999},""total"":371.1436946516732,""zero_count"":244903}","{""fraction_for_half_mass"":0.006732263076126359,""gini"":0.9692242846797352,""minimum_count_for_half_mass"":13,""n"":1931,""positive_count"":283,""top_shares"":{""0.01"":0.6072294318773456,""0.05"":0.9225352301420222,""0.1"":0.9839274514321946},""total"":2.922391296469867,""zero_count"":1648}","{""benchmark_pass_count"":1746,""n"":1931,""quantiles"":{""0.5"":0.0,""0.9"":0.0008961444636621787,""0.99"":0.03378731921824067,""1.0"":0.19750114682168654},""strict_exceedances"":{""0.01"":52,""0.1"":9}}"
a86da75220343c5560c45373,zsre,matched_update,1,100,1000,capoff,"{""count"":244896,""denominator"":245237,""fraction"":0.9986095083531441}","{""fraction_for_half_mass"":7.747607416499141e-05,""gini"":0.9997280158148164,""minimum_count_for_half_mass"":19,""n"":245237,""positive_count"":218,""top_shares"":{""0.001"":1.0000000000000002,""0.01"":1.0000000000000002},""total"":417.2027067684062,""zero_count"":245019}","{""fraction_for_half_mass"":6.932069793709758e-05,""gini"":0.9996869144472135,""minimum_count_for_half_mass"":17,""n"":245237,""positive_count"":341,""top_shares"":{""0.001"":0.9864936485566284,""0.01"":1.0},""total"":361.30664986018974,""zero_count"":244896}","{""fraction_for_half_mass"":0.008285862247540134,""gini"":0.9645447353854436,""minimum_count_for_half_mass"":16,""n"":1931,""positive_count"":295,""top_shares"":{""0.01"":0.5513185216948728,""0.05"":0.9113697797936605,""0.1"":0.9800168445551557},""total"":2.8449342508676363,""zero_count"":1636}","{""benchmark_pass_count"":1733,""n"":1931,""quantiles"":{""0.5"":0.0,""0.9"":0.0010528999256347717,""0.99"":0.03239091320045168,""1.0"":0.15919955769823116},""strict_exceedances"":{""0.01"":65,""0.1"":6}}"
a86da75220343c5560c45373,zsre,matched_update,1,100,1000,original,"{""count"":244896,""denominator"":245237,""fraction"":0.9986095083531441}","{""fraction_for_half_mass"":7.747607416499141e-05,""gini"":0.9997280158148164,""minimum_count_for_half_mass"":19,""n"":245237,""positive_count"":218,""top_shares"":{""0.001"":1.0000000000000002,""0.01"":1.0000000000000002},""total"":417.2027067684062,""zero_count"":245019}","{""fraction_for_half_mass"":6.932069793709758e-05,""gini"":0.9996869144472135,""minimum_count_for_half_mass"":17,""n"":245237,""positive_count"":341,""top_shares"":{""0.001"":0.9864936485566284,""0.01"":1.0},""total"":361.30664986018974,""zero_count"":244896}","{""fraction_for_half_mass"":0.008285862247540134,""gini"":0.9645447353854436,""minimum_count_for_half_mass"":16,""n"":1931,""positive_count"":295,""top_shares"":{""0.01"":0.5513185216948728,""0.05"":0.9113697797936605,""0.1"":0.9800168445551557},""total"":2.8449342508676363,""zero_count"":1636}","{""benchmark_pass_count"":1733,""n"":1931,""quantiles"":{""0.5"":0.0,""0.9"":0.0010528999256347717,""0.99"":0.03239091320045168,""1.0"":0.15919955769823116},""strict_exceedances"":{""0.01"":65,""0.1"":6}}"
e7b52c6db370d10a5fd7d891,zsre,matched_update,1,101,1000,capoff,"{""count"":244488,""denominator"":245237,""fraction"":0.9969458116026537}","{""fraction_for_half_mass"":9.378682662077908e-05,""gini"":0.9996175801846512,""minimum_count_for_half_mass"":23,""n"":245237,""positive_count"":465,""top_shares"":{""0.001"":0.9634491183963012,""0.01"":0.9999999999999999},""total"":814.7198402539093,""zero_count"":244772}","{""fraction_for_half_mass"":8.970913850683216e-05,""gini"":0.9996441891484085,""minimum_count_for_half_mass"":22,""n"":245237,""positive_count"":749,""top_shares"":{""0.001"":0.9681696636681111,""0.01"":0.9999999999999999},""total"":722.6646715711812,""zero_count"":244488}","{""fraction_for_half_mass"":0.010875194199896427,""gini"":0.9598931275165937,""minimum_count_for_half_mass"":21,""n"":1931,""positive_count"":627,""top_shares"":{""0.01"":0.4749929975495355,""0.05"":0.9195711490239543,""0.1"":0.9664470648771133},""total"":5.69027300449749,""zero_count"":1304}","{""benchmark_pass_count"":1696,""n"":1931,""quantiles"":{""0.5"":0.0,""0.9"":0.001428596046906615,""0.99"":0.09768420181006293,""1.0"":0.24515599531904994},""strict_exceedances"":{""0.01"":74,""0.1"":19}}"
e7b52c6db370d10a5fd7d891,zsre,matched_update,1,101,1000,original,"{""count"":244488,""denominator"":245237,""fraction"":0.9969458116026537}","{""fraction_for_half_mass"":9.378682662077908e-05,""gini"":0.9996175801846512,""minimum_count_for_half_mass"":23,""n"":245237,""positive_count"":465,""top_shares"":{""0.001"":0.9634491183963012,""0.01"":0.9999999999999999},""total"":814.7198402539093,""zero_count"":244772}","{""fraction_for_half_mass"":8.970913850683216e-05,""gini"":0.9996441891484085,""minimum_count_for_half_mass"":22,""n"":245237,""positive_count"":749,""top_shares"":{""0.001"":0.9681696636681111,""0.01"":0.9999999999999999},""total"":722.6646715711812,""zero_count"":244488}","{""fraction_for_half_mass"":0.010875194199896427,""gini"":0.9598931275165937,""minimum_count_for_half_mass"":21,""n"":1931,""positive_count"":627,""top_shares"":{""0.01"":0.4749929975495355,""0.05"":0.9195711490239543,""0.1"":0.9664470648771133},""total"":5.69027300449749,""zero_count"":1304}","{""benchmark_pass_count"":1696,""n"":1931,""quantiles"":{""0.5"":0.0,""0.9"":0.001428596046906615,""0.99"":0.09768420181006293,""1.0"":0.24515599531904994},""strict_exceedances"":{""0.01"":74,""0.1"":19}}"
735081421354eaafb893322d,zsre,matched_update,1,102,1000,capoff,"{""count"":244775,""denominator"":245237,""fraction"":0.9981161080913565}","{""fraction_for_half_mass"":9.7864514734726e-05,""gini"":0.999669028165814,""minimum_count_for_half_mass"":24,""n"":245237,""positive_count"":283,""top_shares"":{""0.001"":0.9971032143516273,""0.01"":1.0},""total"":533.7424446007462,""zero_count"":244954}","{""fraction_for_half_mass"":8.970913850683216e-05,""gini"":0.9996311956925376,""minimum_count_for_half_mass"":22,""n"":245237,""positive_count"":462,""top_shares"":{""0.001"":0.9690018792280034,""0.01"":0.9999999999999999},""total"":478.17751237948306,""zero_count"":244775}","{""fraction_for_half_mass"":0.010875194199896427,""gini"":0.9575472309846974,""minimum_count_for_half_mass"":21,""n"":1931,""positive_count"":400,""top_shares"":{""0.01"":0.4759683702683999,""0.05"":0.8935940560680941,""0.1"":0.9624889091958068},""total"":3.765177262830575,""zero_count"":1531}","{""benchmark_pass_count"":1691,""n"":1931,""quantiles"":{""0.5"":0.0,""0.9"":0.0015409816694207672,""0.99"":0.06411417210577208,""1.0"":0.16119900937697862},""strict_exceedances"":{""0.01"":71,""0.1"":7}}"
735081421354eaafb893322d,zsre,matched_update,1,102,1000,original,"{""count"":244775,""denominator"":245237,""fraction"":0.9981161080913565}","{""fraction_for_half_mass"":9.7864514734726e-05,""gini"":0.999669028165814,""minimum_count_for_half_mass"":24,""n"":245237,""positive_count"":283,""top_shares"":{""0.001"":0.9971032143516273,""0.01"":1.0},""total"":533.7424446007462,""zero_count"":244954}","{""fraction_for_half_mass"":8.970913850683216e-05,""gini"":0.9996311956925376,""minimum_count_for_half_mass"":22,""n"":245237,""positive_count"":462,""top_shares"":{""0.001"":0.9690018792280034,""0.01"":0.9999999999999999},""total"":478.17751237948306,""zero_count"":244775}","{""fraction_for_half_mass"":0.010875194199896427,""gini"":0.9575472309846974,""minimum_count_for_half_mass"":21,""n"":1931,""positive_count"":400,""top_shares"":{""0.01"":0.4759683702683999,""0.05"":0.8935940560680941,""0.1"":0.9624889091958068},""total"":3.765177262830575,""zero_count"":1531}","{""benchmark_pass_count"":1691,""n"":1931,""quantiles"":{""0.5"":0.0,""0.9"":0.0015409816694207672,""0.99"":0.06411417210577208,""1.0"":0.16119900937697862},""strict_exceedances"":{""0.01"":71,""0.1"":7}}"
824f602358ace0fc5cb69271,zsre,matched_update,1,103,1000,capoff,"{""count"":244912,""denominator"":245237,""fraction"":0.9986747513629672}","{""fraction_for_half_mass"":6.932069793709758e-05,""gini"":0.9997355554526374,""minimum_count_for_half_mass"":17,""n"":245237,""positive_count"":215,""top_shares"":{""0.001"":1.0000000000000002,""0.01"":1.0},""total"":390.5998063664969,""zero_count"":245022}","{""fraction_for_half_mass"":5.708763359525683e-05,""gini"":0.9997018788782139,""minimum_count_for_half_mass"":14,""n"":245237,""positive_count"":325,""top_shares"":{""0.001"":0.9871996546628943,""0.01"":1.0000000000000002},""total"":346.58716469461046,""zero_count"":244912}","{""fraction_for_half_mass"":0.006732263076126359,""gini"":0.9663669016281529,""minimum_count_for_half_mass"":13,""n"":1931,""positive_count"":290,""top_shares"":{""0.01"":0.6003230349657275,""0.05"":0.9066027973075069,""0.1"":0.9793205286823734},""total"":2.7290327928709495,""zero_count"":1641}","{""benchmark_pass_count"":1735,""n"":1931,""quantiles"":{""0.5"":0.0,""0.9"":0.0010875339134169646,""0.99"":0.034981966291520374,""1.0"":0.15919955769823116},""strict_exceedances"":{""0.01"":52,""0.1"":7}}"
824f602358ace0fc5cb69271,zsre,matched_update,1,103,1000,original,"{""count"":244912,""denominator"":245237,""fraction"":0.9986747513629672}","{""fraction_for_half_mass"":6.932069793709758e-05,""gini"":0.9997355554526374,""minimum_count_for_half_mass"":17,""n"":245237,""positive_count"":215,""top_shares"":{""0.001"":1.0000000000000002,""0.01"":1.0},""total"":390.5998063664969,""zero_count"":245022}","{""fraction_for_half_mass"":5.708763359525683e-05,""gini"":0.9997018788782139,""minimum_count_for_half_mass"":14,""n"":245237,""positive_count"":325,""top_shares"":{""0.001"":0.9871996546628943,""0.01"":1.0000000000000002},""total"":346.58716469461046,""zero_count"":244912}","{""fraction_for_half_mass"":0.006732263076126359,""gini"":0.9663669016281529,""minimum_count_for_half_mass"":13,""n"":1931,""positive_count"":290,""top_shares"":{""0.01"":0.6003230349657275,""0.05"":0.9066027973075069,""0.1"":0.9793205286823734},""total"":2.7290327928709495,""zero_count"":1641}","{""benchmark_pass_count"":1735,""n"":1931,""quantiles"":{""0.5"":0.0,""0.9"":0.0010875339134169646,""0.99"":0.034981966291520374,""1.0"":0.15919955769823116},""strict_exceedances"":{""0.01"":52,""0.1"":7}}"
3bc2cef1ca9bab6e4a90e222,zsre,matched_update,1,104,1000,capoff,"{""count"":244881,""denominator"":245237,""fraction"":0.9985483430314349}","{""fraction_for_half_mass"":6.524300982315066e-05,""gini"":0.9997348497763551,""minimum_count_for_half_mass"":16,""n"":245237,""positive_count"":219,""top_shares"":{""0.001"":1.0000000000000002,""0.01"":1.0000000000000002},""total"":352.2141695147253,""zero_count"":245018}","{""fraction_for_half_mass"":5.708763359525683e-05,""gini"":0.9996893277244492,""minimum_count_for_half_mass"":14,""n"":245237,""positive_count"":356,""top_shares"":{""0.001"":0.9808834322327014,""0.01"":1.0},""total"":327.8555531918497,""zero_count"":244881}","{""fraction_for_half_mass"":0.006732263076126359,""gini"":0.9660380831654516,""minimum_count_for_half_mass"":13,""n"":1931,""positive_count"":310,""top_shares"":{""0.01"":0.6031517161666747,""0.05"":0.9033111925417996,""0.1"":0.9737744342437289},""total"":2.5815397889122025,""zero_count"":1621}","{""benchmark_pass_count"":1729,""n"":1931,""quantiles"":{""0.5"":0.0,""0.9"":0.0010881877390743636,""0.99"":0.031013936485080464,""1.0"":0.15919955769823116},""strict_exceedances"":{""0.01"":46,""0.1"":6}}"
3bc2cef1ca9bab6e4a90e222,zsre,matched_update,1,104,1000,original,"{""count"":244881,""denominator"":245237,""fraction"":0.9985483430314349}","{""fraction_for_half_mass"":6.524300982315066e-05,""gini"":0.9997348497763551,""minimum_count_for_half_mass"":16,""n"":245237,""positive_count"":219,""top_shares"":{""0.001"":1.0000000000000002,""0.01"":1.0000000000000002},""total"":352.2141695147253,""zero_count"":245018}","{""fraction_for_half_mass"":5.708763359525683e-05,""gini"":0.9996893277244492,""minimum_count_for_half_mass"":14,""n"":245237,""positive_count"":356,""top_shares"":{""0.001"":0.9808834322327014,""0.01"":1.0},""total"":327.8555531918497,""zero_count"":244881}","{""fraction_for_half_mass"":0.006732263076126359,""gini"":0.9660380831654516,""minimum_count_for_half_mass"":13,""n"":1931,""positive_count"":310,""top_shares"":{""0.01"":0.6031517161666747,""0.05"":0.9033111925417996,""0.1"":0.9737744342437289},""total"":2.5815397889122025,""zero_count"":1621}","{""benchmark_pass_count"":1729,""n"":1931,""quantiles"":{""0.5"":0.0,""0.9"":0.0010881877390743636,""0.99"":0.031013936485080464,""1.0"":0.15919955769823116},""strict_exceedances"":{""0.01"":46,""0.1"":6}}"
9c3c7c258bf086523ea6268e,zsre,matched_update,2,100,1000,capoff,"{""count"":244840,""denominator"":245237,""fraction"":0.998381157818763}","{""fraction_for_half_mass"":0.00011417526719051366,""gini"":0.9996102954257426,""minimum_count_for_half_mass"":28,""n"":245237,""positive_count"":279,""top_shares"":{""0.001"":0.9963081256093471,""0.01"":1.0000000000000002},""total"":528.3999024148112,""zero_count"":244958}","{""fraction_for_half_mass"":0.00010601989096261983,""gini"":0.999584840843656,""minimum_count_for_half_mass"":26,""n"":245237,""positive_count"":397,""top_shares"":{""0.001"":0.9740821268177025,""0.01"":1.0000000000000002},""total"":433.55810454175224,""zero_count"":244840}","{""fraction_for_half_mass"":0.01294665976178146,""gini"":0.9523657266766332,""minimum_count_for_half_mass"":25,""n"":1931,""positive_count"":350,""top_shares"":{""0.01"":0.4361449411047874,""0.05"":0.8579439175277297,""0.1"":0.9656226321399843},""total"":3.4138433428484434,""zero_count"":1581}","{""benchmark_pass_count"":1696,""n"":1931,""quantiles"":{""0.5"":0.0,""0.9"":0.0017174771921467798,""0.99"":0.048929421492578166,""1.0"":0.14586891579020883},""strict_exceedances"":{""0.01"":83,""0.1"":5}}"
9c3c7c258bf086523ea6268e,zsre,matched_update,2,100,1000,original,"{""count"":244840,""denominator"":245237,""fraction"":0.998381157818763}","{""fraction_for_half_mass"":0.00011417526719051366,""gini"":0.9996102954257426,""minimum_count_for_half_mass"":28,""n"":245237,""positive_count"":279,""top_shares"":{""0.001"":0.9963081256093471,""0.01"":1.0000000000000002},""total"":528.3999024148112,""zero_count"":244958}","{""fraction_for_half_mass"":0.00010601989096261983,""gini"":0.999584840843656,""minimum_count_for_half_mass"":26,""n"":245237,""positive_count"":397,""top_shares"":{""0.001"":0.9740821268177025,""0.01"":1.0000000000000002},""total"":433.55810454175224,""zero_count"":244840}","{""fraction_for_half_mass"":0.01294665976178146,""gini"":0.9523657266766332,""minimum_count_for_half_mass"":25,""n"":1931,""positive_count"":350,""top_shares"":{""0.01"":0.4361449411047874,""0.05"":0.8579439175277297,""0.1"":0.9656226321399843},""total"":3.4138433428484434,""zero_count"":1581}","{""benchmark_pass_count"":1696,""n"":1931,""quantiles"":{""0.5"":0.0,""0.9"":0.0017174771921467798,""0.99"":0.048929421492578166,""1.0"":0.14586891579020883},""strict_exceedances"":{""0.01"":83,""0.1"":5}}"
58879f9745ed479686bd0481,zsre,matched_update,2,101,1000,capoff,"{""count"":244835,""denominator"":245237,""fraction"":0.9983607693781933}","{""fraction_for_half_mass"":0.00011009757907656675,""gini"":0.999632216948756,""minimum_count_for_half_mass"":27,""n"":245237,""positive_count"":275,""top_shares"":{""0.001"":0.9974097615529314,""0.01"":0.9999999999999999},""total"":500.45753929596856,""zero_count"":244962}","{""fraction_for_half_mass"":0.00010194220284867291,""gini"":0.999603188169233,""minimum_count_for_half_mass"":25,""n"":245237,""positive_count"":402,""top_shares"":{""0.001"":0.9768019673906281,""0.01"":1.0000000000000002},""total"":443.2523552394181,""zero_count"":244835}","{""fraction_for_half_mass"":0.011910926980838944,""gini"":0.9561473522151004,""minimum_count_for_half_mass"":23,""n"":1931,""positive_count"":346,""top_shares"":{""0.01"":0.4653031747219849,""0.05"":0.8773242939936017,""0.1"":0.9705143302753028},""total"":3.4901760255072296,""zero_count"":1585}","{""benchmark_pass_count"":1706,""n"":1931,""quantiles"":{""0.5"":0.0,""0.9"":0.0016170653484771714,""0.99"":0.04625717700685083,""1.0"":0.18442500644450555},""strict_exceedances"":{""0.01"":84,""0.1"":5}}"
58879f9745ed479686bd0481,zsre,matched_update,2,101,1000,original,"{""count"":244835,""denominator"":245237,""fraction"":0.9983607693781933}","{""fraction_for_half_mass"":0.00011009757907656675,""gini"":0.999632216948756,""minimum_count_for_half_mass"":27,""n"":245237,""positive_count"":275,""top_shares"":{""0.001"":0.9974097615529314,""0.01"":0.9999999999999999},""total"":500.45753929596856,""zero_count"":244962}","{""fraction_for_half_mass"":0.00010194220284867291,""gini"":0.999603188169233,""minimum_count_for_half_mass"":25,""n"":245237,""positive_count"":402,""top_shares"":{""0.001"":0.9768019673906281,""0.01"":1.0000000000000002},""total"":443.2523552394181,""zero_count"":244835}","{""fraction_for_half_mass"":0.011910926980838944,""gini"":0.9561473522151004,""minimum_count_for_half_mass"":23,""n"":1931,""positive_count"":346,""top_shares"":{""0.01"":0.4653031747219849,""0.05"":0.8773242939936017,""0.1"":0.9705143302753028},""total"":3.4901760255072296,""zero_count"":1585}","{""benchmark_pass_count"":1706,""n"":1931,""quantiles"":{""0.5"":0.0,""0.9"":0.0016170653484771714,""0.99"":0.04625717700685083,""1.0"":0.18442500644450555},""strict_exceedances"":{""0.01"":84,""0.1"":5}}"
b6ea6d9e337e3bf6f2eca5d2,zsre,matched_update,2,102,1000,capoff,"{""count"":244871,""denominator"":245237,""fraction"":0.9985075661502955}","{""fraction_for_half_mass"":8.970913850683216e-05,""gini"":0.9996667458343887,""minimum_count_for_half_mass"":22,""n"":245237,""positive_count"":244,""top_shares"":{""0.001"":1.0000000000000002,""0.01"":1.0000000000000002},""total"":435.88685083043663,""zero_count"":244993}","{""fraction_for_half_mass"":8.970913850683216e-05,""gini"":0.9996372511411675,""minimum_count_for_half_mass"":22,""n"":245237,""positive_count"":366,""top_shares"":{""0.001"":0.9815040777347698,""0.01"":1.0000000000000002},""total"":387.70790451295187,""zero_count"":244871}","{""fraction_for_half_mass"":0.00983946141895391,""gini"":0.9607663512992937,""minimum_count_for_half_mass"":19,""n"":1931,""positive_count"":316,""top_shares"":{""0.01"":0.5070262133976483,""0.05"":0.8991861349800186,""0.1"":0.9765810533061374},""total"":3.0528181457712753,""zero_count"":1615}","{""benchmark_pass_count"":1725,""n"":1931,""quantiles"":{""0.5"":0.0,""0.9"":0.0011296474212382386,""0.99"":0.04533416073527864,""1.0"":0.18442500644450555},""strict_exceedances"":{""0.01"":74,""0.1"":4}}"
b6ea6d9e337e3bf6f2eca5d2,zsre,matched_update,2,102,1000,original,"{""count"":244871,""denominator"":245237,""fraction"":0.9985075661502955}","{""fraction_for_half_mass"":8.970913850683216e-05,""gini"":0.9996667458343887,""minimum_count_for_half_mass"":22,""n"":245237,""positive_count"":244,""top_shares"":{""0.001"":1.0000000000000002,""0.01"":1.0000000000000002},""total"":435.88685083043663,""zero_count"":244993}","{""fraction_for_half_mass"":8.970913850683216e-05,""gini"":0.9996372511411675,""minimum_count_for_half_mass"":22,""n"":245237,""positive_count"":366,""top_shares"":{""0.001"":0.9815040777347698,""0.01"":1.0000000000000002},""total"":387.70790451295187,""zero_count"":244871}","{""fraction_for_half_mass"":0.00983946141895391,""gini"":0.9607663512992937,""minimum_count_for_half_mass"":19,""n"":1931,""positive_count"":316,""top_shares"":{""0.01"":0.5070262133976483,""0.05"":0.8991861349800186,""0.1"":0.9765810533061374},""total"":3.0528181457712753,""zero_count"":1615}","{""benchmark_pass_count"":1725,""n"":1931,""quantiles"":{""0.5"":0.0,""0.9"":0.0011296474212382386,""0.99"":0.04533416073527864,""1.0"":0.18442500644450555},""strict_exceedances"":{""0.01"":74,""0.1"":4}}"
16037ce355e4a2e9a43a2008,zsre,matched_update,2,103,1000,capoff,"{""count"":244875,""denominator"":245237,""fraction"":0.9985238769027512}","{""fraction_for_half_mass"":0.00010194220284867291,""gini"":0.9996834579428787,""minimum_count_for_half_mass"":25,""n"":245237,""positive_count"":240,""top_shares"":{""0.001"":1.0,""0.01"":1.0},""total"":506.2545246676153,""zero_count"":244997}","{""fraction_for_half_mass"":9.7864514734726e-05,""gini"":0.9996511002524497,""minimum_count_for_half_mass"":24,""n"":245237,""positive_count"":362,""top_shares"":{""0.001"":0.9847461034336428,""0.01"":1.0000000000000002},""total"":444.26970242328804,""zero_count"":244875}","{""fraction_for_half_mass"":0.011393060590367685,""gini"":0.9615590025512196,""minimum_count_for_half_mass"":22,""n"":1931,""positive_count"":309,""top_shares"":{""0.01"":0.47574010757306406,""0.05"":0.9118833841811939,""0.1"":0.9817609793183594},""total"":3.498186633254237,""zero_count"":1622}","{""benchmark_pass_count"":1730,""n"":1931,""quantiles"":{""0.5"":0.0,""0.9"":0.0011245315401682931,""0.99"":0.04984390953233451,""1.0"":0.18425059827623874},""strict_exceedances"":{""0.01"":80,""0.1"":5}}"
16037ce355e4a2e9a43a2008,zsre,matched_update,2,103,1000,original,"{""count"":244875,""denominator"":245237,""fraction"":0.9985238769027512}","{""fraction_for_half_mass"":0.00010194220284867291,""gini"":0.9996834579428787,""minimum_count_for_half_mass"":25,""n"":245237,""positive_count"":240,""top_shares"":{""0.001"":1.0,""0.01"":1.0},""total"":506.2545246676153,""zero_count"":244997}","{""fraction_for_half_mass"":9.7864514734726e-05,""gini"":0.9996511002524497,""minimum_count_for_half_mass"":24,""n"":245237,""positive_count"":362,""top_shares"":{""0.001"":0.9847461034336428,""0.01"":1.0000000000000002},""total"":444.26970242328804,""zero_count"":244875}","{""fraction_for_half_mass"":0.011393060590367685,""gini"":0.9615590025512196,""minimum_count_for_half_mass"":22,""n"":1931,""positive_count"":309,""top_shares"":{""0.01"":0.47574010757306406,""0.05"":0.9118833841811939,""0.1"":0.9817609793183594},""total"":3.498186633254237,""zero_count"":1622}","{""benchmark_pass_count"":1730,""n"":1931,""quantiles"":{""0.5"":0.0,""0.9"":0.0011245315401682931,""0.99"":0.04984390953233451,""1.0"":0.18425059827623874},""strict_exceedances"":{""0.01"":80,""0.1"":5}}"
4597af8473d8e404f1490c57,zsre,matched_update,2,104,1000,capoff,"{""count"":244870,""denominator"":245237,""fraction"":0.9985034884621815}","{""fraction_for_half_mass"":7.33983860510445e-05,""gini"":0.999716503054926,""minimum_count_for_half_mass"":18,""n"":245237,""positive_count"":232,""top_shares"":{""0.001"":1.0000000000000002,""0.01"":1.0000000000000002},""total"":422.1135064265201,""zero_count"":245005}","{""fraction_for_half_mass"":6.932069793709758e-05,""gini"":0.9996685726894523,""minimum_count_for_half_mass"":17,""n"":245237,""positive_count"":367,""top_shares"":{""0.001"":0.9796306261590235,""0.01"":0.9999999999999999},""total"":372.73361837446765,""zero_count"":244870}","{""fraction_for_half_mass"":0.008803728638011392,""gini"":0.9625364179784534,""minimum_count_for_half_mass"":17,""n"":1931,""positive_count"":319,""top_shares"":{""0.01"":0.5503317398543935,""0.05"":0.8998097743894107,""0.1"":0.9741509782873434},""total"":2.9349103809013197,""zero_count"":1612}","{""benchmark_pass_count"":1725,""n"":1931,""quantiles"":{""0.5"":0.0,""0.9"":0.0011584467977945785,""0.99"":0.04090948921318037,""1.0"":0.15713564511098468},""strict_exceedances"":{""0.01"":61,""0.1"":7}}"
4597af8473d8e404f1490c57,zsre,matched_update,2,104,1000,original,"{""count"":244870,""denominator"":245237,""fraction"":0.9985034884621815}","{""fraction_for_half_mass"":7.33983860510445e-05,""gini"":0.999716503054926,""minimum_count_for_half_mass"":18,""n"":245237,""positive_count"":232,""top_shares"":{""0.001"":1.0000000000000002,""0.01"":1.0000000000000002},""total"":422.1135064265201,""zero_count"":245005}","{""fraction_for_half_mass"":6.932069793709758e-05,""gini"":0.9996685726894523,""minimum_count_for_half_mass"":17,""n"":245237,""positive_count"":367,""top_shares"":{""0.001"":0.9796306261590235,""0.01"":0.9999999999999999},""total"":372.73361837446765,""zero_count"":244870}","{""fraction_for_half_mass"":0.008803728638011392,""gini"":0.9625364179784534,""minimum_count_for_half_mass"":17,""n"":1931,""positive_count"":319,""top_shares"":{""0.01"":0.5503317398543935,""0.05"":0.8998097743894107,""0.1"":0.9741509782873434},""total"":2.9349103809013197,""zero_count"":1612}","{""benchmark_pass_count"":1725,""n"":1931,""quantiles"":{""0.5"":0.0,""0.9"":0.0011584467977945785,""0.99"":0.04090948921318037,""1.0"":0.15713564511098468},""strict_exceedances"":{""0.01"":61,""0.1"":7}}"
7c933afa6e2adc84ccb287be,counterfact,matched_update,0,100,1000,capoff,"{""count"":245237,""denominator"":245237,""fraction"":1.0}","{""fraction_for_half_mass"":null,""gini"":null,""minimum_count_for_half_mass"":null,""n"":245237,""positive_count"":0,""top_shares"":{""0.001"":null,""0.01"":null},""total"":0.0,""zero_count"":245237}","{""fraction_for_half_mass"":null,""gini"":null,""minimum_count_for_half_mass"":null,""n"":245237,""positive_count"":0,""top_shares"":{""0.001"":null,""0.01"":null},""total"":0.0,""zero_count"":245237}","{""fraction_for_half_mass"":null,""gini"":null,""minimum_count_for_half_mass"":null,""n"":1931,""positive_count"":0,""top_shares"":{""0.01"":null,""0.05"":null,""0.1"":null},""total"":0.0,""zero_count"":1931}","{""benchmark_pass_count"":1931,""n"":1931,""quantiles"":{""0.5"":0.0,""0.9"":0.0,""0.99"":0.0,""1.0"":0.0},""strict_exceedances"":{""0.01"":0,""0.1"":0}}"
7c933afa6e2adc84ccb287be,counterfact,matched_update,0,100,1000,original,"{""count"":245237,""denominator"":245237,""fraction"":1.0}","{""fraction_for_half_mass"":null,""gini"":null,""minimum_count_for_half_mass"":null,""n"":245237,""positive_count"":0,""top_shares"":{""0.001"":null,""0.01"":null},""total"":0.0,""zero_count"":245237}","{""fraction_for_half_mass"":null,""gini"":null,""minimum_count_for_half_mass"":null,""n"":245237,""positive_count"":0,""top_shares"":{""0.001"":null,""0.01"":null},""total"":0.0,""zero_count"":245237}","{""fraction_for_half_mass"":null,""gini"":null,""minimum_count_for_half_mass"":null,""n"":1931,""positive_count"":0,""top_shares"":{""0.01"":null,""0.05"":null,""0.1"":null},""total"":0.0,""zero_count"":1931}","{""benchmark_pass_count"":1931,""n"":1931,""quantiles"":{""0.5"":0.0,""0.9"":0.0,""0.99"":0.0,""1.0"":0.0},""strict_exceedances"":{""0.01"":0,""0.1"":0}}"
0998eeed741b887bdb8664af,counterfact,matched_update,0,101,1000,capoff,"{""count"":245237,""denominator"":245237,""fraction"":1.0}","{""fraction_for_half_mass"":null,""gini"":null,""minimum_count_for_half_mass"":null,""n"":245237,""positive_count"":0,""top_shares"":{""0.001"":null,""0.01"":null},""total"":0.0,""zero_count"":245237}","{""fraction_for_half_mass"":null,""gini"":null,""minimum_count_for_half_mass"":null,""n"":245237,""positive_count"":0,""top_shares"":{""0.001"":null,""0.01"":null},""total"":0.0,""zero_count"":245237}","{""fraction_for_half_mass"":null,""gini"":null,""minimum_count_for_half_mass"":null,""n"":1931,""positive_count"":0,""top_shares"":{""0.01"":null,""0.05"":null,""0.1"":null},""total"":0.0,""zero_count"":1931}","{""benchmark_pass_count"":1931,""n"":1931,""quantiles"":{""0.5"":0.0,""0.9"":0.0,""0.99"":0.0,""1.0"":0.0},""strict_exceedances"":{""0.01"":0,""0.1"":0}}"
0998eeed741b887bdb8664af,counterfact,matched_update,0,101,1000,original,"{""count"":245237,""denominator"":245237,""fraction"":1.0}","{""fraction_for_half_mass"":null,""gini"":null,""minimum_count_for_half_mass"":null,""n"":245237,""positive_count"":0,""top_shares"":{""0.001"":null,""0.01"":null},""total"":0.0,""zero_count"":245237}","{""fraction_for_half_mass"":null,""gini"":null,""minimum_count_for_half_mass"":null,""n"":245237,""positive_count"":0,""top_shares"":{""0.001"":null,""0.01"":null},""total"":0.0,""zero_count"":245237}","{""fraction_for_half_mass"":null,""gini"":null,""minimum_count_for_half_mass"":null,""n"":1931,""positive_count"":0,""top_shares"":{""0.01"":null,""0.05"":null,""0.1"":null},""total"":0.0,""zero_count"":1931}","{""benchmark_pass_count"":1931,""n"":1931,""quantiles"":{""0.5"":0.0,""0.9"":0.0,""0.99"":0.0,""1.0"":0.0},""strict_exceedances"":{""0.01"":0,""0.1"":0}}"
bb4da95ca8ce5b0b8d3dbe35,counterfact,matched_update,0,102,1000,capoff,"{""count"":245237,""denominator"":245237,""fraction"":1.0}","{""fraction_for_half_mass"":null,""gini"":null,""minimum_count_for_half_mass"":null,""n"":245237,""positive_count"":0,""top_shares"":{""0.001"":null,""0.01"":null},""total"":0.0,""zero_count"":245237}","{""fraction_for_half_mass"":null,""gini"":null,""minimum_count_for_half_mass"":null,""n"":245237,""positive_count"":0,""top_shares"":{""0.001"":null,""0.01"":null},""total"":0.0,""zero_count"":245237}","{""fraction_for_half_mass"":null,""gini"":null,""minimum_count_for_half_mass"":null,""n"":1931,""positive_count"":0,""top_shares"":{""0.01"":null,""0.05"":null,""0.1"":null},""total"":0.0,""zero_count"":1931}","{""benchmark_pass_count"":1931,""n"":1931,""quantiles"":{""0.5"":0.0,""0.9"":0.0,""0.99"":0.0,""1.0"":0.0},""strict_exceedances"":{""0.01"":0,""0.1"":0}}"
bb4da95ca8ce5b0b8d3dbe35,counterfact,matched_update,0,102,1000,original,"{""count"":245237,""denominator"":245237,""fraction"":1.0}","{""fraction_for_half_mass"":null,""gini"":null,""minimum_count_for_half_mass"":null,""n"":245237,""positive_count"":0,""top_shares"":{""0.001"":null,""0.01"":null},""total"":0.0,""zero_count"":245237}","{""fraction_for_half_mass"":null,""gini"":null,""minimum_count_for_half_mass"":null,""n"":245237,""positive_count"":0,""top_shares"":{""0.001"":null,""0.01"":null},""total"":0.0,""zero_count"":245237}","{""fraction_for_half_mass"":null,""gini"":null,""minimum_count_for_half_mass"":null,""n"":1931,""positive_count"":0,""top_shares"":{""0.01"":null,""0.05"":null,""0.1"":null},""total"":0.0,""zero_count"":1931}","{""benchmark_pass_count"":1931,""n"":1931,""quantiles"":{""0.5"":0.0,""0.9"":0.0,""0.99"":0.0,""1.0"":0.0},""strict_exceedances"":{""0.01"":0,""0.1"":0}}"
c5f1daa35261cf950172dfa8,counterfact,matched_update,0,103,1000,capoff,"{""count"":245237,""denominator"":245237,""fraction"":1.0}","{""fraction_for_half_mass"":null,""gini"":null,""minimum_count_for_half_mass"":null,""n"":245237,""positive_count"":0,""top_shares"":{""0.001"":null,""0.01"":null},""total"":0.0,""zero_count"":245237}","{""fraction_for_half_mass"":null,""gini"":null,""minimum_count_for_half_mass"":null,""n"":245237,""positive_count"":0,""top_shares"":{""0.001"":null,""0.01"":null},""total"":0.0,""zero_count"":245237}","{""fraction_for_half_mass"":null,""gini"":null,""minimum_count_for_half_mass"":null,""n"":1931,""positive_count"":0,""top_shares"":{""0.01"":null,""0.05"":null,""0.1"":null},""total"":0.0,""zero_count"":1931}","{""benchmark_pass_count"":1931,""n"":1931,""quantiles"":{""0.5"":0.0,""0.9"":0.0,""0.99"":0.0,""1.0"":0.0},""strict_exceedances"":{""0.01"":0,""0.1"":0}}"
c5f1daa35261cf950172dfa8,counterfact,matched_update,0,103,1000,original,"{""count"":245237,""denominator"":245237,""fraction"":1.0}","{""fraction_for_half_mass"":null,""gini"":null,""minimum_count_for_half_mass"":null,""n"":245237,""positive_count"":0,""top_shares"":{""0.001"":null,""0.01"":null},""total"":0.0,""zero_count"":245237}","{""fraction_for_half_mass"":null,""gini"":null,""minimum_count_for_half_mass"":null,""n"":245237,""positive_count"":0,""top_shares"":{""0.001"":null,""0.01"":null},""total"":0.0,""zero_count"":245237}","{""fraction_for_half_mass"":null,""gini"":null,""minimum_count_for_half_mass"":null,""n"":1931,""positive_count"":0,""top_shares"":{""0.01"":null,""0.05"":null,""0.1"":null},""total"":0.0,""zero_count"":1931}","{""benchmark_pass_count"":1931,""n"":1931,""quantiles"":{""0.5"":0.0,""0.9"":0.0,""0.99"":0.0,""1.0"":0.0},""strict_exceedances"":{""0.01"":0,""0.1"":0}}"
244f29ba9b89c48d08c257c7,counterfact,matched_update,0,104,1000,capoff,"{""count"":245237,""denominator"":245237,""fraction"":1.0}","{""fraction_for_half_mass"":null,""gini"":null,""minimum_count_for_half_mass"":null,""n"":245237,""positive_count"":0,""top_shares"":{""0.001"":null,""0.01"":null},""total"":0.0,""zero_count"":245237}","{""fraction_for_half_mass"":null,""gini"":null,""minimum_count_for_half_mass"":null,""n"":245237,""positive_count"":0,""top_shares"":{""0.001"":null,""0.01"":null},""total"":0.0,""zero_count"":245237}","{""fraction_for_half_mass"":null,""gini"":null,""minimum_count_for_half_mass"":null,""n"":1931,""positive_count"":0,""top_shares"":{""0.01"":null,""0.05"":null,""0.1"":null},""total"":0.0,""zero_count"":1931}","{""benchmark_pass_count"":1931,""n"":1931,""quantiles"":{""0.5"":0.0,""0.9"":0.0,""0.99"":0.0,""1.0"":0.0},""strict_exceedances"":{""0.01"":0,""0.1"":0}}"
244f29ba9b89c48d08c257c7,counterfact,matched_update,0,104,1000,original,"{""count"":245237,""denominator"":245237,""fraction"":1.0}","{""fraction_for_half_mass"":null,""gini"":null,""minimum_count_for_half_mass"":null,""n"":245237,""positive_count"":0,""top_shares"":{""0.001"":null,""0.01"":null},""total"":0.0,""zero_count"":245237}","{""fraction_for_half_mass"":null,""gini"":null,""minimum_count_for_half_mass"":null,""n"":245237,""positive_count"":0,""top_shares"":{""0.001"":null,""0.01"":null},""total"":0.0,""zero_count"":245237}","{""fraction_for_half_mass"":null,""gini"":null,""minimum_count_for_half_mass"":null,""n"":1931,""positive_count"":0,""top_shares"":{""0.01"":null,""0.05"":null,""0.1"":null},""total"":0.0,""zero_count"":1931}","{""benchmark_pass_count"":1931,""n"":1931,""quantiles"":{""0.5"":0.0,""0.9"":0.0,""0.99"":0.0,""1.0"":0.0},""strict_exceedances"":{""0.01"":0,""0.1"":0}}"
b8924c056fee6d000f5492d1,counterfact,matched_update,1,100,1000,capoff,"{""count"":245237,""denominator"":245237,""fraction"":1.0}","{""fraction_for_half_mass"":null,""gini"":null,""minimum_count_for_half_mass"":null,""n"":245237,""positive_count"":0,""top_shares"":{""0.001"":null,""0.01"":null},""total"":0.0,""zero_count"":245237}","{""fraction_for_half_mass"":null,""gini"":null,""minimum_count_for_half_mass"":null,""n"":245237,""positive_count"":0,""top_shares"":{""0.001"":null,""0.01"":null},""total"":0.0,""zero_count"":245237}","{""fraction_for_half_mass"":null,""gini"":null,""minimum_count_for_half_mass"":null,""n"":1931,""positive_count"":0,""top_shares"":{""0.01"":null,""0.05"":null,""0.1"":null},""total"":0.0,""zero_count"":1931}","{""benchmark_pass_count"":1931,""n"":1931,""quantiles"":{""0.5"":0.0,""0.9"":0.0,""0.99"":0.0,""1.0"":0.0},""strict_exceedances"":{""0.01"":0,""0.1"":0}}"
b8924c056fee6d000f5492d1,counterfact,matched_update,1,100,1000,original,"{""count"":245237,""denominator"":245237,""fraction"":1.0}","{""fraction_for_half_mass"":null,""gini"":null,""minimum_count_for_half_mass"":null,""n"":245237,""positive_count"":0,""top_shares"":{""0.001"":null,""0.01"":null},""total"":0.0,""zero_count"":245237}","{""fraction_for_half_mass"":null,""gini"":null,""minimum_count_for_half_mass"":null,""n"":245237,""positive_count"":0,""top_shares"":{""0.001"":null,""0.01"":null},""total"":0.0,""zero_count"":245237}","{""fraction_for_half_mass"":null,""gini"":null,""minimum_count_for_half_mass"":null,""n"":1931,""positive_count"":0,""top_shares"":{""0.01"":null,""0.05"":null,""0.1"":null},""total"":0.0,""zero_count"":1931}","{""benchmark_pass_count"":1931,""n"":1931,""quantiles"":{""0.5"":0.0,""0.9"":0.0,""0.99"":0.0,""1.0"":0.0},""strict_exceedances"":{""0.01"":0,""0.1"":0}}"
4944219da107f9ed1daccef5,counterfact,matched_update,1,101,1000,capoff,"{""count"":245237,""denominator"":245237,""fraction"":1.0}","{""fraction_for_half_mass"":null,""gini"":null,""minimum_count_for_half_mass"":null,""n"":245237,""positive_count"":0,""top_shares"":{""0.001"":null,""0.01"":null},""total"":0.0,""zero_count"":245237}","{""fraction_for_half_mass"":null,""gini"":null,""minimum_count_for_half_mass"":null,""n"":245237,""positive_count"":0,""top_shares"":{""0.001"":null,""0.01"":null},""total"":0.0,""zero_count"":245237}","{""fraction_for_half_mass"":null,""gini"":null,""minimum_count_for_half_mass"":null,""n"":1931,""positive_count"":0,""top_shares"":{""0.01"":null,""0.05"":null,""0.1"":null},""total"":0.0,""zero_count"":1931}","{""benchmark_pass_count"":1931,""n"":1931,""quantiles"":{""0.5"":0.0,""0.9"":0.0,""0.99"":0.0,""1.0"":0.0},""strict_exceedances"":{""0.01"":0,""0.1"":0}}"
4944219da107f9ed1daccef5,counterfact,matched_update,1,101,1000,original,"{""count"":245237,""denominator"":245237,""fraction"":1.0}","{""fraction_for_half_mass"":null,""gini"":null,""minimum_count_for_half_mass"":null,""n"":245237,""positive_count"":0,""top_shares"":{""0.001"":null,""0.01"":null},""total"":0.0,""zero_count"":245237}","{""fraction_for_half_mass"":null,""gini"":null,""minimum_count_for_half_mass"":null,""n"":245237,""positive_count"":0,""top_shares"":{""0.001"":null,""0.01"":null},""total"":0.0,""zero_count"":245237}","{""fraction_for_half_mass"":null,""gini"":null,""minimum_count_for_half_mass"":null,""n"":1931,""positive_count"":0,""top_shares"":{""0.01"":null,""0.05"":null,""0.1"":null},""total"":0.0,""zero_count"":1931}","{""benchmark_pass_count"":1931,""n"":1931,""quantiles"":{""0.5"":0.0,""0.9"":0.0,""0.99"":0.0,""1.0"":0.0},""strict_exceedances"":{""0.01"":0,""0.1"":0}}"
ac46789a7ebda9982aebd343,counterfact,matched_update,1,102,1000,capoff,"{""count"":245237,""denominator"":245237,""fraction"":1.0}","{""fraction_for_half_mass"":null,""gini"":null,""minimum_count_for_half_mass"":null,""n"":245237,""positive_count"":0,""top_shares"":{""0.001"":null,""0.01"":null},""total"":0.0,""zero_count"":245237}","{""fraction_for_half_mass"":null,""gini"":null,""minimum_count_for_half_mass"":null,""n"":245237,""positive_count"":0,""top_shares"":{""0.001"":null,""0.01"":null},""total"":0.0,""zero_count"":245237}","{""fraction_for_half_mass"":null,""gini"":null,""minimum_count_for_half_mass"":null,""n"":1931,""positive_count"":0,""top_shares"":{""0.01"":null,""0.05"":null,""0.1"":null},""total"":0.0,""zero_count"":1931}","{""benchmark_pass_count"":1931,""n"":1931,""quantiles"":{""0.5"":0.0,""0.9"":0.0,""0.99"":0.0,""1.0"":0.0},""strict_exceedances"":{""0.01"":0,""0.1"":0}}"
ac46789a7ebda9982aebd343,counterfact,matched_update,1,102,1000,original,"{""count"":245237,""denominator"":245237,""fraction"":1.0}","{""fraction_for_half_mass"":null,""gini"":null,""minimum_count_for_half_mass"":null,""n"":245237,""positive_count"":0,""top_shares"":{""0.001"":null,""0.01"":null},""total"":0.0,""zero_count"":245237}","{""fraction_for_half_mass"":null,""gini"":null,""minimum_count_for_half_mass"":null,""n"":245237,""positive_count"":0,""top_shares"":{""0.001"":null,""0.01"":null},""total"":0.0,""zero_count"":245237}","{""fraction_for_half_mass"":null,""gini"":null,""minimum_count_for_half_mass"":null,""n"":1931,""positive_count"":0,""top_shares"":{""0.01"":null,""0.05"":null,""0.1"":null},""total"":0.0,""zero_count"":1931}","{""benchmark_pass_count"":1931,""n"":1931,""quantiles"":{""0.5"":0.0,""0.9"":0.0,""0.99"":0.0,""1.0"":0.0},""strict_exceedances"":{""0.01"":0,""0.1"":0}}"
ccf4e4f1fca14a048eecd38f,counterfact,matched_update,1,103,1000,capoff,"{""count"":245237,""denominator"":245237,""fraction"":1.0}","{""fraction_for_half_mass"":null,""gini"":null,""minimum_count_for_half_mass"":null,""n"":245237,""positive_count"":0,""top_shares"":{""0.001"":null,""0.01"":null},""total"":0.0,""zero_count"":245237}","{""fraction_for_half_mass"":null,""gini"":null,""minimum_count_for_half_mass"":null,""n"":245237,""positive_count"":0,""top_shares"":{""0.001"":null,""0.01"":null},""total"":0.0,""zero_count"":245237}","{""fraction_for_half_mass"":null,""gini"":null,""minimum_count_for_half_mass"":null,""n"":1931,""positive_count"":0,""top_shares"":{""0.01"":null,""0.05"":null,""0.1"":null},""total"":0.0,""zero_count"":1931}","{""benchmark_pass_count"":1931,""n"":1931,""quantiles"":{""0.5"":0.0,""0.9"":0.0,""0.99"":0.0,""1.0"":0.0},""strict_exceedances"":{""0.01"":0,""0.1"":0}}"
ccf4e4f1fca14a048eecd38f,counterfact,matched_update,1,103,1000,original,"{""count"":245237,""denominator"":245237,""fraction"":1.0}","{""fraction_for_half_mass"":null,""gini"":null,""minimum_count_for_half_mass"":null,""n"":245237,""positive_count"":0,""top_shares"":{""0.001"":null,""0.01"":null},""total"":0.0,""zero_count"":245237}","{""fraction_for_half_mass"":null,""gini"":null,""minimum_count_for_half_mass"":null,""n"":245237,""positive_count"":0,""top_shares"":{""0.001"":null,""0.01"":null},""total"":0.0,""zero_count"":245237}","{""fraction_for_half_mass"":null,""gini"":null,""minimum_count_for_half_mass"":null,""n"":1931,""positive_count"":0,""top_shares"":{""0.01"":null,""0.05"":null,""0.1"":null},""total"":0.0,""zero_count"":1931}","{""benchmark_pass_count"":1931,""n"":1931,""quantiles"":{""0.5"":0.0,""0.9"":0.0,""0.99"":0.0,""1.0"":0.0},""strict_exceedances"":{""0.01"":0,""0.1"":0}}"
6c9ac68dd90eb2d39d339b6a,counterfact,matched_update,1,104,1000,capoff,"{""count"":245237,""denominator"":245237,""fraction"":1.0}","{""fraction_for_half_mass"":null,""gini"":null,""minimum_count_for_half_mass"":null,""n"":245237,""positive_count"":0,""top_shares"":{""0.001"":null,""0.01"":null},""total"":0.0,""zero_count"":245237}","{""fraction_for_half_mass"":null,""gini"":null,""minimum_count_for_half_mass"":null,""n"":245237,""positive_count"":0,""top_shares"":{""0.001"":null,""0.01"":null},""total"":0.0,""zero_count"":245237}","{""fraction_for_half_mass"":null,""gini"":null,""minimum_count_for_half_mass"":null,""n"":1931,""positive_count"":0,""top_shares"":{""0.01"":null,""0.05"":null,""0.1"":null},""total"":0.0,""zero_count"":1931}","{""benchmark_pass_count"":1931,""n"":1931,""quantiles"":{""0.5"":0.0,""0.9"":0.0,""0.99"":0.0,""1.0"":0.0},""strict_exceedances"":{""0.01"":0,""0.1"":0}}"
6c9ac68dd90eb2d39d339b6a,counterfact,matched_update,1,104,1000,original,"{""count"":245237,""denominator"":245237,""fraction"":1.0}","{""fraction_for_half_mass"":null,""gini"":null,""minimum_count_for_half_mass"":null,""n"":245237,""positive_count"":0,""top_shares"":{""0.001"":null,""0.01"":null},""total"":0.0,""zero_count"":245237}","{""fraction_for_half_mass"":null,""gini"":null,""minimum_count_for_half_mass"":null,""n"":245237,""positive_count"":0,""top_shares"":{""0.001"":null,""0.01"":null},""total"":0.0,""zero_count"":245237}","{""fraction_for_half_mass"":null,""gini"":null,""minimum_count_for_half_mass"":null,""n"":1931,""positive_count"":0,""top_shares"":{""0.01"":null,""0.05"":null,""0.1"":null},""total"":0.0,""zero_count"":1931}","{""benchmark_pass_count"":1931,""n"":1931,""quantiles"":{""0.5"":0.0,""0.9"":0.0,""0.99"":0.0,""1.0"":0.0},""strict_exceedances"":{""0.01"":0,""0.1"":0}}"
672b5b4a7ea9b83b8668fbe2,counterfact,matched_update,2,100,1000,capoff,"{""count"":245237,""denominator"":245237,""fraction"":1.0}","{""fraction_for_half_mass"":null,""gini"":null,""minimum_count_for_half_mass"":null,""n"":245237,""positive_count"":0,""top_shares"":{""0.001"":null,""0.01"":null},""total"":0.0,""zero_count"":245237}","{""fraction_for_half_mass"":null,""gini"":null,""minimum_count_for_half_mass"":null,""n"":245237,""positive_count"":0,""top_shares"":{""0.001"":null,""0.01"":null},""total"":0.0,""zero_count"":245237}","{""fraction_for_half_mass"":null,""gini"":null,""minimum_count_for_half_mass"":null,""n"":1931,""positive_count"":0,""top_shares"":{""0.01"":null,""0.05"":null,""0.1"":null},""total"":0.0,""zero_count"":1931}","{""benchmark_pass_count"":1931,""n"":1931,""quantiles"":{""0.5"":0.0,""0.9"":0.0,""0.99"":0.0,""1.0"":0.0},""strict_exceedances"":{""0.01"":0,""0.1"":0}}"
672b5b4a7ea9b83b8668fbe2,counterfact,matched_update,2,100,1000,original,"{""count"":245237,""denominator"":245237,""fraction"":1.0}","{""fraction_for_half_mass"":null,""gini"":null,""minimum_count_for_half_mass"":null,""n"":245237,""positive_count"":0,""top_shares"":{""0.001"":null,""0.01"":null},""total"":0.0,""zero_count"":245237}","{""fraction_for_half_mass"":null,""gini"":null,""minimum_count_for_half_mass"":null,""n"":245237,""positive_count"":0,""top_shares"":{""0.001"":null,""0.01"":null},""total"":0.0,""zero_count"":245237}","{""fraction_for_half_mass"":null,""gini"":null,""minimum_count_for_half_mass"":null,""n"":1931,""positive_count"":0,""top_shares"":{""0.01"":null,""0.05"":null,""0.1"":null},""total"":0.0,""zero_count"":1931}","{""benchmark_pass_count"":1931,""n"":1931,""quantiles"":{""0.5"":0.0,""0.9"":0.0,""0.99"":0.0,""1.0"":0.0},""strict_exceedances"":{""0.01"":0,""0.1"":0}}"
b8f1ca491f4e29db862af920,counterfact,matched_update,2,101,1000,capoff,"{""count"":245237,""denominator"":245237,""fraction"":1.0}","{""fraction_for_half_mass"":null,""gini"":null,""minimum_count_for_half_mass"":null,""n"":245237,""positive_count"":0,""top_shares"":{""0.001"":null,""0.01"":null},""total"":0.0,""zero_count"":245237}","{""fraction_for_half_mass"":null,""gini"":null,""minimum_count_for_half_mass"":null,""n"":245237,""positive_count"":0,""top_shares"":{""0.001"":null,""0.01"":null},""total"":0.0,""zero_count"":245237}","{""fraction_for_half_mass"":null,""gini"":null,""minimum_count_for_half_mass"":null,""n"":1931,""positive_count"":0,""top_shares"":{""0.01"":null,""0.05"":null,""0.1"":null},""total"":0.0,""zero_count"":1931}","{""benchmark_pass_count"":1931,""n"":1931,""quantiles"":{""0.5"":0.0,""0.9"":0.0,""0.99"":0.0,""1.0"":0.0},""strict_exceedances"":{""0.01"":0,""0.1"":0}}"
b8f1ca491f4e29db862af920,counterfact,matched_update,2,101,1000,original,"{""count"":245237,""denominator"":245237,""fraction"":1.0}","{""fraction_for_half_mass"":null,""gini"":null,""minimum_count_for_half_mass"":null,""n"":245237,""positive_count"":0,""top_shares"":{""0.001"":null,""0.01"":null},""total"":0.0,""zero_count"":245237}","{""fraction_for_half_mass"":null,""gini"":null,""minimum_count_for_half_mass"":null,""n"":245237,""positive_count"":0,""top_shares"":{""0.001"":null,""0.01"":null},""total"":0.0,""zero_count"":245237}","{""fraction_for_half_mass"":null,""gini"":null,""minimum_count_for_half_mass"":null,""n"":1931,""positive_count"":0,""top_shares"":{""0.01"":null,""0.05"":null,""0.1"":null},""total"":0.0,""zero_count"":1931}","{""benchmark_pass_count"":1931,""n"":1931,""quantiles"":{""0.5"":0.0,""0.9"":0.0,""0.99"":0.0,""1.0"":0.0},""strict_exceedances"":{""0.01"":0,""0.1"":0}}"
5efb497774b3f4f9ad8e7f7d,counterfact,matched_update,2,102,1000,capoff,"{""count"":245237,""denominator"":245237,""fraction"":1.0}","{""fraction_for_half_mass"":null,""gini"":null,""minimum_count_for_half_mass"":null,""n"":245237,""positive_count"":0,""top_shares"":{""0.001"":null,""0.01"":null},""total"":0.0,""zero_count"":245237}","{""fraction_for_half_mass"":null,""gini"":null,""minimum_count_for_half_mass"":null,""n"":245237,""positive_count"":0,""top_shares"":{""0.001"":null,""0.01"":null},""total"":0.0,""zero_count"":245237}","{""fraction_for_half_mass"":null,""gini"":null,""minimum_count_for_half_mass"":null,""n"":1931,""positive_count"":0,""top_shares"":{""0.01"":null,""0.05"":null,""0.1"":null},""total"":0.0,""zero_count"":1931}","{""benchmark_pass_count"":1931,""n"":1931,""quantiles"":{""0.5"":0.0,""0.9"":0.0,""0.99"":0.0,""1.0"":0.0},""strict_exceedances"":{""0.01"":0,""0.1"":0}}"
5efb497774b3f4f9ad8e7f7d,counterfact,matched_update,2,102,1000,original,"{""count"":245237,""denominator"":245237,""fraction"":1.0}","{""fraction_for_half_mass"":null,""gini"":null,""minimum_count_for_half_mass"":null,""n"":245237,""positive_count"":0,""top_shares"":{""0.001"":null,""0.01"":null},""total"":0.0,""zero_count"":245237}","{""fraction_for_half_mass"":null,""gini"":null,""minimum_count_for_half_mass"":null,""n"":245237,""positive_count"":0,""top_shares"":{""0.001"":null,""0.01"":null},""total"":0.0,""zero_count"":245237}","{""fraction_for_half_mass"":null,""gini"":null,""minimum_count_for_half_mass"":null,""n"":1931,""positive_count"":0,""top_shares"":{""0.01"":null,""0.05"":null,""0.1"":null},""total"":0.0,""zero_count"":1931}","{""benchmark_pass_count"":1931,""n"":1931,""quantiles"":{""0.5"":0.0,""0.9"":0.0,""0.99"":0.0,""1.0"":0.0},""strict_exceedances"":{""0.01"":0,""0.1"":0}}"
47ee96bcecb134f64286c958,counterfact,matched_update,2,103,1000,capoff,"{""count"":245237,""denominator"":245237,""fraction"":1.0}","{""fraction_for_half_mass"":null,""gini"":null,""minimum_count_for_half_mass"":null,""n"":245237,""positive_count"":0,""top_shares"":{""0.001"":null,""0.01"":null},""total"":0.0,""zero_count"":245237}","{""fraction_for_half_mass"":null,""gini"":null,""minimum_count_for_half_mass"":null,""n"":245237,""positive_count"":0,""top_shares"":{""0.001"":null,""0.01"":null},""total"":0.0,""zero_count"":245237}","{""fraction_for_half_mass"":null,""gini"":null,""minimum_count_for_half_mass"":null,""n"":1931,""positive_count"":0,""top_shares"":{""0.01"":null,""0.05"":null,""0.1"":null},""total"":0.0,""zero_count"":1931}","{""benchmark_pass_count"":1931,""n"":1931,""quantiles"":{""0.5"":0.0,""0.9"":0.0,""0.99"":0.0,""1.0"":0.0},""strict_exceedances"":{""0.01"":0,""0.1"":0}}"
47ee96bcecb134f64286c958,counterfact,matched_update,2,103,1000,original,"{""count"":245237,""denominator"":245237,""fraction"":1.0}","{""fraction_for_half_mass"":null,""gini"":null,""minimum_count_for_half_mass"":null,""n"":245237,""positive_count"":0,""top_shares"":{""0.001"":null,""0.01"":null},""total"":0.0,""zero_count"":245237}","{""fraction_for_half_mass"":null,""gini"":null,""minimum_count_for_half_mass"":null,""n"":245237,""positive_count"":0,""top_shares"":{""0.001"":null,""0.01"":null},""total"":0.0,""zero_count"":245237}","{""fraction_for_half_mass"":null,""gini"":null,""minimum_count_for_half_mass"":null,""n"":1931,""positive_count"":0,""top_shares"":{""0.01"":null,""0.05"":null,""0.1"":null},""total"":0.0,""zero_count"":1931}","{""benchmark_pass_count"":1931,""n"":1931,""quantiles"":{""0.5"":0.0,""0.9"":0.0,""0.99"":0.0,""1.0"":0.0},""strict_exceedances"":{""0.01"":0,""0.1"":0}}"
a18ee644e09c84652cc9582a,counterfact,matched_update,2,104,1000,capoff,"{""count"":245237,""denominator"":245237,""fraction"":1.0}","{""fraction_for_half_mass"":null,""gini"":null,""minimum_count_for_half_mass"":null,""n"":245237,""positive_count"":0,""top_shares"":{""0.001"":null,""0.01"":null},""total"":0.0,""zero_count"":245237}","{""fraction_for_half_mass"":null,""gini"":null,""minimum_count_for_half_mass"":null,""n"":245237,""positive_count"":0,""top_shares"":{""0.001"":null,""0.01"":null},""total"":0.0,""zero_count"":245237}","{""fraction_for_half_mass"":null,""gini"":null,""minimum_count_for_half_mass"":null,""n"":1931,""positive_count"":0,""top_shares"":{""0.01"":null,""0.05"":null,""0.1"":null},""total"":0.0,""zero_count"":1931}","{""benchmark_pass_count"":1931,""n"":1931,""quantiles"":{""0.5"":0.0,""0.9"":0.0,""0.99"":0.0,""1.0"":0.0},""strict_exceedances"":{""0.01"":0,""0.1"":0}}"
a18ee644e09c84652cc9582a,counterfact,matched_update,2,104,1000,original,"{""count"":245237,""denominator"":245237,""fraction"":1.0}","{""fraction_for_half_mass"":null,""gini"":null,""minimum_count_for_half_mass"":null,""n"":245237,""positive_count"":0,""top_shares"":{""0.001"":null,""0.01"":null},""total"":0.0,""zero_count"":245237}","{""fraction_for_half_mass"":null,""gini"":null,""minimum_count_for_half_mass"":null,""n"":245237,""positive_count"":0,""top_shares"":{""0.001"":null,""0.01"":null},""total"":0.0,""zero_count"":245237}","{""fraction_for_half_mass"":null,""gini"":null,""minimum_count_for_half_mass"":null,""n"":1931,""positive_count"":0,""top_shares"":{""0.01"":null,""0.05"":null,""0.1"":null},""total"":0.0,""zero_count"":1931}","{""benchmark_pass_count"":1931,""n"":1931,""quantiles"":{""0.5"":0.0,""0.9"":0.0,""0.99"":0.0,""1.0"":0.0},""strict_exceedances"":{""0.01"":0,""0.1"":0}}"
509cd28130eb44d35b27d08a,zsre,v0_live_C1,0,100,1000,capoff,"{""count"":244897,""denominator"":245237,""fraction"":0.998613586041258}","{""fraction_for_half_mass"":5.708763359525683e-05,""gini"":0.9997403329476493,""minimum_count_for_half_mass"":14,""n"":245237,""positive_count"":219,""top_shares"":{""0.001"":1.0000000000000002,""0.01"":1.0000000000000002},""total"":252.054054271335,""zero_count"":245018}","{""fraction_for_half_mass"":5.708763359525683e-05,""gini"":0.9997225891323505,""minimum_count_for_half_mass"":14,""n"":245237,""positive_count"":340,""top_shares"":{""0.001"":0.9873131497916756,""0.01"":1.0},""total"":253.51120455983985,""zero_count"":244897}","{""fraction_for_half_mass"":0.0072501294665976174,""gini"":0.9674240329414556,""minimum_count_for_half_mass"":14,""n"":1931,""positive_count"":304,""top_shares"":{""0.01"":0.5733725245683964,""0.05"":0.9203608780973116,""0.1"":0.9822286114125074},""total"":1.9961512170066131,""zero_count"":1627}","{""benchmark_pass_count"":1776,""n"":1931,""quantiles"":{""0.5"":0.0,""0.9"":0.0005261209571160231,""0.99"":0.023800239465659158,""1.0"":0.2075919384937657},""strict_exceedances"":{""0.01"":48,""0.1"":2}}"
509cd28130eb44d35b27d08a,zsre,v0_live_C1,0,100,1000,original,"{""count"":244897,""denominator"":245237,""fraction"":0.998613586041258}","{""fraction_for_half_mass"":5.708763359525683e-05,""gini"":0.9997403329476493,""minimum_count_for_half_mass"":14,""n"":245237,""positive_count"":219,""top_shares"":{""0.001"":1.0000000000000002,""0.01"":1.0000000000000002},""total"":252.054054271335,""zero_count"":245018}","{""fraction_for_half_mass"":5.708763359525683e-05,""gini"":0.9997225891323505,""minimum_count_for_half_mass"":14,""n"":245237,""positive_count"":340,""top_shares"":{""0.001"":0.9873131497916756,""0.01"":1.0},""total"":253.51120455983985,""zero_count"":244897}","{""fraction_for_half_mass"":0.0072501294665976174,""gini"":0.9674240329414556,""minimum_count_for_half_mass"":14,""n"":1931,""positive_count"":304,""top_shares"":{""0.01"":0.5733725245683964,""0.05"":0.9203608780973116,""0.1"":0.9822286114125074},""total"":1.9961512170066131,""zero_count"":1627}","{""benchmark_pass_count"":1776,""n"":1931,""quantiles"":{""0.5"":0.0,""0.9"":0.0005261209571160231,""0.99"":0.023800239465659158,""1.0"":0.2075919384937657},""strict_exceedances"":{""0.01"":48,""0.1"":2}}"
a8a5ddc06de26a9885f75fe9,zsre,v0_live_C1,0,101,1000,capoff,"{""count"":244991,""denominator"":245237,""fraction"":0.9989968887239691}","{""fraction_for_half_mass"":4.0776881139469166e-05,""gini"":0.9998395966689415,""minimum_count_for_half_mass"":10,""n"":245237,""positive_count"":153,""top_shares"":{""0.001"":1.0,""0.01"":1.0},""total"":347.1798803047551,""zero_count"":245084}","{""fraction_for_half_mass"":4.8932257367363e-05,""gini"":0.9997958371167129,""minimum_count_for_half_mass"":12,""n"":245237,""positive_count"":246,""top_shares"":{""0.001"":0.9999943233189529,""0.01"":1.0},""total"":370.09539072700284,""zero_count"":244991}","{""fraction_for_half_mass"":0.005178663904712584,""gini"":0.9776257357479898,""minimum_count_for_half_mass"":10,""n"":1931,""positive_count"":217,""top_shares"":{""0.01"":0.6475788236108704,""0.05"":0.9623149950375932,""0.1"":0.9991085428127199},""total"":2.9141369348582904,""zero_count"":1714}","{""benchmark_pass_count"":1784,""n"":1931,""quantiles"":{""0.5"":0.0,""0.9"":0.00021619707373492374,""0.99"":0.038309866170660754,""1.0"":0.2068389251008094},""strict_exceedances"":{""0.01"":48,""0.1"":8}}"
a8a5ddc06de26a9885f75fe9,zsre,v0_live_C1,0,101,1000,original,"{""count"":244991,""denominator"":245237,""fraction"":0.9989968887239691}","{""fraction_for_half_mass"":4.0776881139469166e-05,""gini"":0.9998395966689415,""minimum_count_for_half_mass"":10,""n"":245237,""positive_count"":153,""top_shares"":{""0.001"":1.0,""0.01"":1.0},""total"":347.1798803047551,""zero_count"":245084}","{""fraction_for_half_mass"":4.8932257367363e-05,""gini"":0.9997958371167129,""minimum_count_for_half_mass"":12,""n"":245237,""positive_count"":246,""top_shares"":{""0.001"":0.9999943233189529,""0.01"":1.0},""total"":370.09539072700284,""zero_count"":244991}","{""fraction_for_half_mass"":0.005178663904712584,""gini"":0.9776257357479898,""minimum_count_for_half_mass"":10,""n"":1931,""positive_count"":217,""top_shares"":{""0.01"":0.6475788236108704,""0.05"":0.9623149950375932,""0.1"":0.9991085428127199},""total"":2.9141369348582904,""zero_count"":1714}","{""benchmark_pass_count"":1784,""n"":1931,""quantiles"":{""0.5"":0.0,""0.9"":0.00021619707373492374,""0.99"":0.038309866170660754,""1.0"":0.2068389251008094},""strict_exceedances"":{""0.01"":48,""0.1"":8}}"
5f818373c34233809fc57716,zsre,v0_live_C1,0,102,1000,capoff,"{""count"":244843,""denominator"":245237,""fraction"":0.998393390883105}","{""fraction_for_half_mass"":0.00013456370776024826,""gini"":0.9996281160300795,""minimum_count_for_half_mass"":33,""n"":245237,""positive_count"":263,""top_shares"":{""0.001"":0.9991840190232956,""0.01"":1.0},""total"":486.80289823272966,""zero_count"":244974}","{""fraction_for_half_mass"":0.00014271908398814207,""gini"":0.9996032642362419,""minimum_count_for_half_mass"":35,""n"":245237,""positive_count"":394,""top_shares"":{""0.001"":0.9864209973779814,""0.01"":1.0},""total"":493.31373127067025,""zero_count"":244843}","{""fraction_for_half_mass"":0.015535991714137753,""gini"":0.9564515076267806,""minimum_count_for_half_mass"":30,""n"":1931,""positive_count"":341,""top_shares"":{""0.01"":0.3836037125997444,""0.05"":0.909985351947912,""0.1"":0.9826372916301577},""total"":3.8843600887454346,""zero_count"":1590}","{""benchmark_pass_count"":1733,""n"":1931,""quantiles"":{""0.5"":0.0,""0.9"":0.0011271320805548517,""0.99"":0.04729964747857567,""1.0"":0.2075919384937657},""strict_exceedances"":{""0.01"":92,""0.1"":4}}"
5f818373c34233809fc57716,zsre,v0_live_C1,0,102,1000,original,"{""count"":244843,""denominator"":245237,""fraction"":0.998393390883105}","{""fraction_for_half_mass"":0.00013456370776024826,""gini"":0.9996281160300795,""minimum_count_for_half_mass"":33,""n"":245237,""positive_count"":263,""top_shares"":{""0.001"":0.9991840190232956,""0.01"":1.0},""total"":486.80289823272966,""zero_count"":244974}","{""fraction_for_half_mass"":0.00014271908398814207,""gini"":0.9996032642362419,""minimum_count_for_half_mass"":35,""n"":245237,""positive_count"":394,""top_shares"":{""0.001"":0.9864209973779814,""0.01"":1.0},""total"":493.31373127067025,""zero_count"":244843}","{""fraction_for_half_mass"":0.015535991714137753,""gini"":0.9564515076267806,""minimum_count_for_half_mass"":30,""n"":1931,""positive_count"":341,""top_shares"":{""0.01"":0.3836037125997444,""0.05"":0.909985351947912,""0.1"":0.9826372916301577},""total"":3.8843600887454346,""zero_count"":1590}","{""benchmark_pass_count"":1733,""n"":1931,""quantiles"":{""0.5"":0.0,""0.9"":0.0011271320805548517,""0.99"":0.04729964747857567,""1.0"":0.2075919384937657},""strict_exceedances"":{""0.01"":92,""0.1"":4}}"
baa8eccee6a4f8c27c11a09c,zsre,v0_live_C1,0,103,1000,capoff,"{""count"":244788,""denominator"":245237,""fraction"":0.9981691180368378}","{""fraction_for_half_mass"":0.00010601989096261983,""gini"":0.9996622319603712,""minimum_count_for_half_mass"":26,""n"":245237,""positive_count"":283,""top_shares"":{""0.001"":0.9970801878712472,""0.01"":1.0000000000000002},""total"":554.9115430058513,""zero_count"":244954}","{""fraction_for_half_mass"":0.0001223306434184075,""gini"":0.9996183158835223,""minimum_count_for_half_mass"":30,""n"":245237,""positive_count"":449,""top_shares"":{""0.001"":0.9817550131914223,""0.01"":0.9999999999999996},""total"":584.5684928756241,""zero_count"":244788}","{""fraction_for_half_mass"":0.01294665976178146,""gini"":0.9588755347452012,""minimum_count_for_half_mass"":25,""n"":1931,""positive_count"":381,""top_shares"":{""0.01"":0.45188538095753245,""0.05"":0.9119479487053492,""0.1"":0.9799091314831603},""total"":4.602901518705702,""zero_count"":1550}","{""benchmark_pass_count"":1722,""n"":1931,""quantiles"":{""0.5"":0.0,""0.9"":0.001300363918675156,""0.99"":0.04773777062567309,""1.0"":0.2075919384937657},""strict_exceedances"":{""0.01"":95,""0.1"":9}}"
baa8eccee6a4f8c27c11a09c,zsre,v0_live_C1,0,103,1000,original,"{""count"":244788,""denominator"":245237,""fraction"":0.9981691180368378}","{""fraction_for_half_mass"":0.00010601989096261983,""gini"":0.9996622319603712,""minimum_count_for_half_mass"":26,""n"":245237,""positive_count"":283,""top_shares"":{""0.001"":0.9970801878712472,""0.01"":1.0000000000000002},""total"":554.9115430058513,""zero_count"":244954}","{""fraction_for_half_mass"":0.0001223306434184075,""gini"":0.9996183158835223,""minimum_count_for_half_mass"":30,""n"":245237,""positive_count"":449,""top_shares"":{""0.001"":0.9817550131914223,""0.01"":0.9999999999999996},""total"":584.5684928756241,""zero_count"":244788}","{""fraction_for_half_mass"":0.01294665976178146,""gini"":0.9588755347452012,""minimum_count_for_half_mass"":25,""n"":1931,""positive_count"":381,""top_shares"":{""0.01"":0.45188538095753245,""0.05"":0.9119479487053492,""0.1"":0.9799091314831603},""total"":4.602901518705702,""zero_count"":1550}","{""benchmark_pass_count"":1722,""n"":1931,""quantiles"":{""0.5"":0.0,""0.9"":0.001300363918675156,""0.99"":0.04773777062567309,""1.0"":0.2075919384937657},""strict_exceedances"":{""0.01"":95,""0.1"":9}}"
2a91e17773f7272dbd36a048,zsre,v0_live_C1,0,104,1000,capoff,"{""count"":244979,""denominator"":245237,""fraction"":0.9989479564666017}","{""fraction_for_half_mass"":4.0776881139469166e-05,""gini"":0.9998343208859918,""minimum_count_for_half_mass"":10,""n"":245237,""positive_count"":163,""top_shares"":{""0.001"":1.0,""0.01"":1.0000000000000002},""total"":355.2122408561435,""zero_count"":245074}","{""fraction_for_half_mass"":4.485456925341608e-05,""gini"":0.999785173244078,""minimum_count_for_half_mass"":11,""n"":245237,""positive_count"":258,""top_shares"":{""0.001"":0.9994764898723429,""0.01"":0.9999999999999997},""total"":393.8318934191768,""zero_count"":244979}","{""fraction_for_half_mass"":0.005696530295183843,""gini"":0.9761765566571448,""minimum_count_for_half_mass"":11,""n"":1931,""positive_count"":230,""top_shares"":{""0.01"":0.6716771331016983,""0.05"":0.9554751105002895,""0.1"":0.9965170469305856},""total"":3.1010385308596597,""zero_count"":1701}","{""benchmark_pass_count"":1776,""n"":1931,""quantiles"":{""0.5"":0.0,""0.9"":0.00047956199917252503,""0.99"":0.03434169681573609,""1.0"":0.2075919384937657},""strict_exceedances"":{""0.01"":57,""0.1"":9}}"
2a91e17773f7272dbd36a048,zsre,v0_live_C1,0,104,1000,original,"{""count"":244979,""denominator"":245237,""fraction"":0.9989479564666017}","{""fraction_for_half_mass"":4.0776881139469166e-05,""gini"":0.9998343208859918,""minimum_count_for_half_mass"":10,""n"":245237,""positive_count"":163,""top_shares"":{""0.001"":1.0,""0.01"":1.0000000000000002},""total"":355.2122408561435,""zero_count"":245074}","{""fraction_for_half_mass"":4.485456925341608e-05,""gini"":0.999785173244078,""minimum_count_for_half_mass"":11,""n"":245237,""positive_count"":258,""top_shares"":{""0.001"":0.9994764898723429,""0.01"":0.9999999999999997},""total"":393.8318934191768,""zero_count"":244979}","{""fraction_for_half_mass"":0.005696530295183843,""gini"":0.9761765566571448,""minimum_count_for_half_mass"":11,""n"":1931,""positive_count"":230,""top_shares"":{""0.01"":0.6716771331016983,""0.05"":0.9554751105002895,""0.1"":0.9965170469305856},""total"":3.1010385308596597,""zero_count"":1701}","{""benchmark_pass_count"":1776,""n"":1931,""quantiles"":{""0.5"":0.0,""0.9"":0.00047956199917252503,""0.99"":0.03434169681573609,""1.0"":0.2075919384937657},""strict_exceedances"":{""0.01"":57,""0.1"":9}}"
d0a5df19a69792ac87a703dc,zsre,v0_live_C1,1,100,1000,capoff,"{""count"":244859,""denominator"":245237,""fraction"":0.9984586338929281}","{""fraction_for_half_mass"":0.0002772827917483903,""gini"":0.9993706922993179,""minimum_count_for_half_mass"":68,""n"":245237,""positive_count"":286,""top_shares"":{""0.001"":0.9938531708523071,""0.01"":0.9999999999999999},""total"":778.3477490261645,""zero_count"":244951}","{""fraction_for_half_mass"":0.0002772827917483903,""gini"":0.9993615275918962,""minimum_count_for_half_mass"":68,""n"":245237,""positive_count"":378,""top_shares"":{""0.001"":0.9843117026298371,""0.01"":1.0},""total"":730.8916161769757,""zero_count"":244859}","{""fraction_for_half_mass"":0.017607457276022784,""gini"":0.950886904812062,""minimum_count_for_half_mass"":34,""n"":1931,""positive_count"":296,""top_shares"":{""0.01"":0.3714091055025963,""0.05"":0.8513900532870734,""0.1"":0.9877391410218573},""total"":5.755052095881699,""zero_count"":1635}","{""benchmark_pass_count"":1711,""n"":1931,""quantiles"":{""0.5"":0.0,""0.9"":0.0015431486101553519,""0.99"":0.06652892264310051,""1.0"":0.2985135809532506},""strict_exceedances"":{""0.01"":129,""0.1"":6}}"
d0a5df19a69792ac87a703dc,zsre,v0_live_C1,1,100,1000,original,"{""count"":244859,""denominator"":245237,""fraction"":0.9984586338929281}","{""fraction_for_half_mass"":0.0002772827917483903,""gini"":0.9993706922993179,""minimum_count_for_half_mass"":68,""n"":245237,""positive_count"":286,""top_shares"":{""0.001"":0.9938531708523071,""0.01"":0.9999999999999999},""total"":778.3477490261645,""zero_count"":244951}","{""fraction_for_half_mass"":0.0002772827917483903,""gini"":0.9993615275918962,""minimum_count_for_half_mass"":68,""n"":245237,""positive_count"":378,""top_shares"":{""0.001"":0.9843117026298371,""0.01"":1.0},""total"":730.8916161769757,""zero_count"":244859}","{""fraction_for_half_mass"":0.017607457276022784,""gini"":0.950886904812062,""minimum_count_for_half_mass"":34,""n"":1931,""positive_count"":296,""top_shares"":{""0.01"":0.3714091055025963,""0.05"":0.8513900532870734,""0.1"":0.9877391410218573},""total"":5.755052095881699,""zero_count"":1635}","{""benchmark_pass_count"":1711,""n"":1931,""quantiles"":{""0.5"":0.0,""0.9"":0.0015431486101553519,""0.99"":0.06652892264310051,""1.0"":0.2985135809532506},""strict_exceedances"":{""0.01"":129,""0.1"":6}}"
6d6930dcd4fe737e4d1ef3ed,zsre,v0_live_C1,1,101,1000,capoff,"{""count"":244856,""denominator"":245237,""fraction"":0.9984464008285863}","{""fraction_for_half_mass"":0.00023650591060892117,""gini"":0.9994462402918305,""minimum_count_for_half_mass"":58,""n"":245237,""positive_count"":281,""top_shares"":{""0.001"":0.9962724467740284,""0.01"":0.9999999999999999},""total"":771.0525556206551,""zero_count"":244956}","{""fraction_for_half_mass"":0.0002487389749507619,""gini"":0.9994220137759584,""minimum_count_for_half_mass"":61,""n"":245237,""positive_count"":381,""top_shares"":{""0.001"":0.9849172476598732,""0.01"":0.9999999999999999},""total"":739.7509797054496,""zero_count"":244856}","{""fraction_for_half_mass"":0.019161056447436563,""gini"":0.9505277626310741,""minimum_count_for_half_mass"":37,""n"":1931,""positive_count"":301,""top_shares"":{""0.01"":0.3500587186883089,""0.05"":0.869764462903744,""0.1"":0.986527205959719},""total"":5.824810863822438,""zero_count"":1630}","{""benchmark_pass_count"":1703,""n"":1931,""quantiles"":{""0.5"":0.0,""0.9"":0.0015494358678741099,""0.99"":0.06478153513686923,""1.0"":0.3457614135146817},""strict_exceedances"":{""0.01"":125,""0.1"":4}}"
6d6930dcd4fe737e4d1ef3ed,zsre,v0_live_C1,1,101,1000,original,"{""count"":244856,""denominator"":245237,""fraction"":0.9984464008285863}","{""fraction_for_half_mass"":0.00023650591060892117,""gini"":0.9994462402918305,""minimum_count_for_half_mass"":58,""n"":245237,""positive_count"":281,""top_shares"":{""0.001"":0.9962724467740284,""0.01"":0.9999999999999999},""total"":771.0525556206551,""zero_count"":244956}","{""fraction_for_half_mass"":0.0002487389749507619,""gini"":0.9994220137759584,""minimum_count_for_half_mass"":61,""n"":245237,""positive_count"":381,""top_shares"":{""0.001"":0.9849172476598732,""0.01"":0.9999999999999999},""total"":739.7509797054496,""zero_count"":244856}","{""fraction_for_half_mass"":0.019161056447436563,""gini"":0.9505277626310741,""minimum_count_for_half_mass"":37,""n"":1931,""positive_count"":301,""top_shares"":{""0.01"":0.3500587186883089,""0.05"":0.869764462903744,""0.1"":0.986527205959719},""total"":5.824810863822438,""zero_count"":1630}","{""benchmark_pass_count"":1703,""n"":1931,""quantiles"":{""0.5"":0.0,""0.9"":0.0015494358678741099,""0.99"":0.06478153513686923,""1.0"":0.3457614135146817},""strict_exceedances"":{""0.01"":125,""0.1"":4}}"
cf9c6af6097c6d96c9a5a1d3,zsre,v0_live_C1,1,102,1000,capoff,"{""count"":244870,""denominator"":245237,""fraction"":0.9985034884621815}","{""fraction_for_half_mass"":0.00022835053438102732,""gini"":0.999470160420331,""minimum_count_for_half_mass"":56,""n"":245237,""positive_count"":263,""top_shares"":{""0.001"":0.998934240319659,""0.01"":0.9999999999999999},""total"":714.4827625190952,""zero_count"":244974}","{""fraction_for_half_mass"":0.00024058359872286807,""gini"":0.9994385689046628,""minimum_count_for_half_mass"":59,""n"":245237,""positive_count"":367,""top_shares"":{""0.001"":0.9858085228100436,""0.01"":1.0},""total"":680.1626689239946,""zero_count"":244870}","{""fraction_for_half_mass"":0.01967892283790782,""gini"":0.9495913122074249,""minimum_count_for_half_mass"":38,""n"":1931,""positive_count"":300,""top_shares"":{""0.01"":0.3485827400390968,""0.05"":0.8639289003728162,""0.1"":0.9846705395221969},""total"":5.3556115663306665,""zero_count"":1631}","{""benchmark_pass_count"":1700,""n"":1931,""quantiles"":{""0.5"":0.0,""0.9"":0.0015494358678741099,""0.99"":0.05459882525737368,""1.0"":0.27566186974310464},""strict_exceedances"":{""0.01"":121,""0.1"":4}}"
cf9c6af6097c6d96c9a5a1d3,zsre,v0_live_C1,1,102,1000,original,"{""count"":244870,""denominator"":245237,""fraction"":0.9985034884621815}","{""fraction_for_half_mass"":0.00022835053438102732,""gini"":0.999470160420331,""minimum_count_for_half_mass"":56,""n"":245237,""positive_count"":263,""top_shares"":{""0.001"":0.998934240319659,""0.01"":0.9999999999999999},""total"":714.4827625190952,""zero_count"":244974}","{""fraction_for_half_mass"":0.00024058359872286807,""gini"":0.9994385689046628,""minimum_count_for_half_mass"":59,""n"":245237,""positive_count"":367,""top_shares"":{""0.001"":0.9858085228100436,""0.01"":1.0},""total"":680.1626689239946,""zero_count"":244870}","{""fraction_for_half_mass"":0.01967892283790782,""gini"":0.9495913122074249,""minimum_count_for_half_mass"":38,""n"":1931,""positive_count"":300,""top_shares"":{""0.01"":0.3485827400390968,""0.05"":0.8639289003728162,""0.1"":0.9846705395221969},""total"":5.3556115663306665,""zero_count"":1631}","{""benchmark_pass_count"":1700,""n"":1931,""quantiles"":{""0.5"":0.0,""0.9"":0.0015494358678741099,""0.99"":0.05459882525737368,""1.0"":0.27566186974310464},""strict_exceedances"":{""0.01"":121,""0.1"":4}}"
7317081e2468dfeeed3e4cc7,zsre,v0_live_C1,1,103,1000,capoff,"{""count"":244979,""denominator"":245237,""fraction"":0.9989479564666017}","{""fraction_for_half_mass"":8.155376227893833e-05,""gini"":0.999751997179488,""minimum_count_for_half_mass"":20,""n"":245237,""positive_count"":160,""top_shares"":{""0.001"":1.0000000000000002,""0.01"":1.0000000000000002},""total"":219.02384861139944,""zero_count"":245077}","{""fraction_for_half_mass"":7.747607416499141e-05,""gini"":0.9996996607037814,""minimum_count_for_half_mass"":19,""n"":245237,""positive_count"":258,""top_shares"":{""0.001"":0.9996557548624999,""0.01"":1.0},""total"":181.88618841130935,""zero_count"":244979}","{""fraction_for_half_mass"":0.009321595028482652,""gini"":0.9652669451205379,""minimum_count_for_half_mass"":18,""n"":1931,""positive_count"":234,""top_shares"":{""0.01"":0.5354154936156207,""0.05"":0.9120547345608299,""0.1"":0.990971931377699},""total"":1.4321747119000738,""zero_count"":1697}","{""benchmark_pass_count"":1780,""n"":1931,""quantiles"":{""0.5"":0.0,""0.9"":0.0005861425127111079,""0.99"":0.020690434690116978,""1.0"":0.10246652439272981},""strict_exceedances"":{""0.01"":36,""0.1"":1}}"
7317081e2468dfeeed3e4cc7,zsre,v0_live_C1,1,103,1000,original,"{""count"":244979,""denominator"":245237,""fraction"":0.9989479564666017}","{""fraction_for_half_mass"":8.155376227893833e-05,""gini"":0.999751997179488,""minimum_count_for_half_mass"":20,""n"":245237,""positive_count"":160,""top_shares"":{""0.001"":1.0000000000000002,""0.01"":1.0000000000000002},""total"":219.02384861139944,""zero_count"":245077}","{""fraction_for_half_mass"":7.747607416499141e-05,""gini"":0.9996996607037814,""minimum_count_for_half_mass"":19,""n"":245237,""positive_count"":258,""top_shares"":{""0.001"":0.9996557548624999,""0.01"":1.0},""total"":181.88618841130935,""zero_count"":244979}","{""fraction_for_half_mass"":0.009321595028482652,""gini"":0.9652669451205379,""minimum_count_for_half_mass"":18,""n"":1931,""positive_count"":234,""top_shares"":{""0.01"":0.5354154936156207,""0.05"":0.9120547345608299,""0.1"":0.990971931377699},""total"":1.4321747119000738,""zero_count"":1697}","{""benchmark_pass_count"":1780,""n"":1931,""quantiles"":{""0.5"":0.0,""0.9"":0.0005861425127111079,""0.99"":0.020690434690116978,""1.0"":0.10246652439272981},""strict_exceedances"":{""0.01"":36,""0.1"":1}}"
ed2fff6199cac50f8e3c05d9,zsre,v0_live_C1,1,104,1000,capoff,"{""count"":244818,""denominator"":245237,""fraction"":0.9982914486802562}","{""fraction_for_half_mass"":0.0002895158560902311,""gini"":0.9993332084159211,""minimum_count_for_half_mass"":71,""n"":245237,""positive_count"":306,""top_shares"":{""0.001"":0.9889573206040799,""0.01"":1.0},""total"":917.9313137385577,""zero_count"":244931}","{""fraction_for_half_mass"":0.000293593544204178,""gini"":0.9993221764875433,""minimum_count_for_half_mass"":72,""n"":245237,""positive_count"":419,""top_shares"":{""0.001"":0.9799062694719576,""0.01"":0.9999999999999998},""total"":872.37313795152,""zero_count"":244818}","{""fraction_for_half_mass"":0.020714655618850338,""gini"":0.9456110118438666,""minimum_count_for_half_mass"":40,""n"":1931,""positive_count"":322,""top_shares"":{""0.01"":0.3256324353644536,""0.05"":0.8160511237859343,""0.1"":0.9856824530917476},""total"":6.86907982638992,""zero_count"":1609}","{""benchmark_pass_count"":1696,""n"":1931,""quantiles"":{""0.5"":0.0,""0.9"":0.001768062155111891,""0.99"":0.07025838558128215,""1.0"":0.29851446187213937},""strict_exceedances"":{""0.01"":142,""0.1"":7}}"
ed2fff6199cac50f8e3c05d9,zsre,v0_live_C1,1,104,1000,original,"{""count"":244818,""denominator"":245237,""fraction"":0.9982914486802562}","{""fraction_for_half_mass"":0.0002895158560902311,""gini"":0.9993332084159211,""minimum_count_for_half_mass"":71,""n"":245237,""positive_count"":306,""top_shares"":{""0.001"":0.9889573206040799,""0.01"":1.0},""total"":917.9313137385577,""zero_count"":244931}","{""fraction_for_half_mass"":0.000293593544204178,""gini"":0.9993221764875433,""minimum_count_for_half_mass"":72,""n"":245237,""positive_count"":419,""top_shares"":{""0.001"":0.9799062694719576,""0.01"":0.9999999999999998},""total"":872.37313795152,""zero_count"":244818}","{""fraction_for_half_mass"":0.020714655618850338,""gini"":0.9456110118438666,""minimum_count_for_half_mass"":40,""n"":1931,""positive_count"":322,""top_shares"":{""0.01"":0.3256324353644536,""0.05"":0.8160511237859343,""0.1"":0.9856824530917476},""total"":6.86907982638992,""zero_count"":1609}","{""benchmark_pass_count"":1696,""n"":1931,""quantiles"":{""0.5"":0.0,""0.9"":0.001768062155111891,""0.99"":0.07025838558128215,""1.0"":0.29851446187213937},""strict_exceedances"":{""0.01"":142,""0.1"":7}}"
5d52bba4bd205ffecf96212a,zsre,v0_live_C1,2,100,1000,capoff,"{""count"":244881,""denominator"":245237,""fraction"":0.9985483430314349}","{""fraction_for_half_mass"":0.00011417526719051366,""gini"":0.9996508295404007,""minimum_count_for_half_mass"":28,""n"":245237,""positive_count"":232,""top_shares"":{""0.001"":1.0,""0.01"":1.0},""total"":416.2794724328992,""zero_count"":245005}","{""fraction_for_half_mass"":0.00010601989096261983,""gini"":0.9996177692832251,""minimum_count_for_half_mass"":26,""n"":245237,""positive_count"":356,""top_shares"":{""0.001"":0.9809277208852958,""0.01"":1.0000000000000002},""total"":380.11482316055844,""zero_count"":244881}","{""fraction_for_half_mass"":0.012428793371310202,""gini"":0.9580316504854351,""minimum_count_for_half_mass"":24,""n"":1931,""positive_count"":307,""top_shares"":{""0.01"":0.442071514978457,""0.05"":0.8934335110813906,""0.1"":0.9773398113988029},""total"":2.993030103626445,""zero_count"":1624}","{""benchmark_pass_count"":1738,""n"":1931,""quantiles"":{""0.5"":0.0,""0.9"":0.0009992054601822946,""0.99"":0.04140166845430262,""1.0"":0.15586527194355432},""strict_exceedances"":{""0.01"":73,""0.1"":2}}"
5d52bba4bd205ffecf96212a,zsre,v0_live_C1,2,100,1000,original,"{""count"":244881,""denominator"":245237,""fraction"":0.9985483430314349}","{""fraction_for_half_mass"":0.00011417526719051366,""gini"":0.9996508295404007,""minimum_count_for_half_mass"":28,""n"":245237,""positive_count"":232,""top_shares"":{""0.001"":1.0,""0.01"":1.0},""total"":416.2794724328992,""zero_count"":245005}","{""fraction_for_half_mass"":0.00010601989096261983,""gini"":0.9996177692832251,""minimum_count_for_half_mass"":26,""n"":245237,""positive_count"":356,""top_shares"":{""0.001"":0.9809277208852958,""0.01"":1.0000000000000002},""total"":380.11482316055844,""zero_count"":244881}","{""fraction_for_half_mass"":0.012428793371310202,""gini"":0.9580316504854351,""minimum_count_for_half_mass"":24,""n"":1931,""positive_count"":307,""top_shares"":{""0.01"":0.442071514978457,""0.05"":0.8934335110813906,""0.1"":0.9773398113988029},""total"":2.993030103626445,""zero_count"":1624}","{""benchmark_pass_count"":1738,""n"":1931,""quantiles"":{""0.5"":0.0,""0.9"":0.0009992054601822946,""0.99"":0.04140166845430262,""1.0"":0.15586527194355432},""strict_exceedances"":{""0.01"":73,""0.1"":2}}"
e82412060e54893dc307a45e,zsre,v0_live_C1,2,101,1000,capoff,"{""count"":244860,""denominator"":245237,""fraction"":0.998462711581042}","{""fraction_for_half_mass"":0.00014271908398814207,""gini"":0.9995986653857153,""minimum_count_for_half_mass"":35,""n"":245237,""positive_count"":258,""top_shares"":{""0.001"":0.9991964708237041,""0.01"":0.9999999999999998},""total"":533.6555357032099,""zero_count"":244979}","{""fraction_for_half_mass"":0.00013456370776024826,""gini"":0.9995776419435425,""minimum_count_for_half_mass"":33,""n"":245237,""positive_count"":377,""top_shares"":{""0.001"":0.981154996114391,""0.01"":1.0000000000000002},""total"":505.12882717002583,""zero_count"":244860}","{""fraction_for_half_mass"":0.01605385810460901,""gini"":0.9519073948160064,""minimum_count_for_half_mass"":31,""n"":1931,""positive_count"":324,""top_shares"":{""0.01"":0.3594483148599702,""0.05"":0.8707397684061113,""0.1"":0.9757352332337409},""total"":3.9773923399214635,""zero_count"":1607}","{""benchmark_pass_count"":1706,""n"":1931,""quantiles"":{""0.5"":0.0,""0.9"":0.0016492573249710927,""0.99"":0.05336235558861487,""1.0"":0.15893343812163443},""strict_exceedances"":{""0.01"":91,""0.1"":1}}"
e82412060e54893dc307a45e,zsre,v0_live_C1,2,101,1000,original,"{""count"":244860,""denominator"":245237,""fraction"":0.998462711581042}","{""fraction_for_half_mass"":0.00014271908398814207,""gini"":0.9995986653857153,""minimum_count_for_half_mass"":35,""n"":245237,""positive_count"":258,""top_shares"":{""0.001"":0.9991964708237041,""0.01"":0.9999999999999998},""total"":533.6555357032099,""zero_count"":244979}","{""fraction_for_half_mass"":0.00013456370776024826,""gini"":0.9995776419435425,""minimum_count_for_half_mass"":33,""n"":245237,""positive_count"":377,""top_shares"":{""0.001"":0.981154996114391,""0.01"":1.0000000000000002},""total"":505.12882717002583,""zero_count"":244860}","{""fraction_for_half_mass"":0.01605385810460901,""gini"":0.9519073948160064,""minimum_count_for_half_mass"":31,""n"":1931,""positive_count"":324,""top_shares"":{""0.01"":0.3594483148599702,""0.05"":0.8707397684061113,""0.1"":0.9757352332337409},""total"":3.9773923399214635,""zero_count"":1607}","{""benchmark_pass_count"":1706,""n"":1931,""quantiles"":{""0.5"":0.0,""0.9"":0.0016492573249710927,""0.99"":0.05336235558861487,""1.0"":0.15893343812163443},""strict_exceedances"":{""0.01"":91,""0.1"":1}}"
b42dfb1e539cb4645127e844,zsre,v0_live_C1,2,102,1000,capoff,"{""count"":244893,""denominator"":245237,""fraction"":0.9985972752888023}","{""fraction_for_half_mass"":0.00010601989096261983,""gini"":0.9996666213208577,""minimum_count_for_half_mass"":26,""n"":245237,""positive_count"":214,""top_shares"":{""0.001"":1.0,""0.01"":1.0},""total"":358.3113238390293,""zero_count"":245023}","{""fraction_for_half_mass"":0.00010601989096261983,""gini"":0.9996096991019251,""minimum_count_for_half_mass"":26,""n"":245237,""positive_count"":344,""top_shares"":{""0.001"":0.9816251397255619,""0.01"":1.0000000000000002},""total"":312.5093903235569,""zero_count"":244893}","{""fraction_for_half_mass"":0.012428793371310202,""gini"":0.9561598874832457,""minimum_count_for_half_mass"":24,""n"":1931,""positive_count"":302,""top_shares"":{""0.01"":0.4547938837499752,""0.05"":0.8768786438062289,""0.1"":0.9740868807331263},""total"":2.4607038608154093,""zero_count"":1629}","{""benchmark_pass_count"":1731,""n"":1931,""quantiles"":{""0.5"":0.0,""0.9"":0.0010862138047577062,""0.99"":0.0308438435268904,""1.0"":0.1042054552553962},""strict_exceedances"":{""0.01"":63,""0.1"":1}}"
b42dfb1e539cb4645127e844,zsre,v0_live_C1,2,102,1000,original,"{""count"":244893,""denominator"":245237,""fraction"":0.9985972752888023}","{""fraction_for_half_mass"":0.00010601989096261983,""gini"":0.9996666213208577,""minimum_count_for_half_mass"":26,""n"":245237,""positive_count"":214,""top_shares"":{""0.001"":1.0,""0.01"":1.0},""total"":358.3113238390293,""zero_count"":245023}","{""fraction_for_half_mass"":0.00010601989096261983,""gini"":0.9996096991019251,""minimum_count_for_half_mass"":26,""n"":245237,""positive_count"":344,""top_shares"":{""0.001"":0.9816251397255619,""0.01"":1.0000000000000002},""total"":312.5093903235569,""zero_count"":244893}","{""fraction_for_half_mass"":0.012428793371310202,""gini"":0.9561598874832457,""minimum_count_for_half_mass"":24,""n"":1931,""positive_count"":302,""top_shares"":{""0.01"":0.4547938837499752,""0.05"":0.8768786438062289,""0.1"":0.9740868807331263},""total"":2.4607038608154093,""zero_count"":1629}","{""benchmark_pass_count"":1731,""n"":1931,""quantiles"":{""0.5"":0.0,""0.9"":0.0010862138047577062,""0.99"":0.0308438435268904,""1.0"":0.1042054552553962},""strict_exceedances"":{""0.01"":63,""0.1"":1}}"
2fe9909dbaad17941716efc9,zsre,v0_live_C1,2,103,1000,capoff,"{""count"":244875,""denominator"":245237,""fraction"":0.9985238769027512}","{""fraction_for_half_mass"":0.00011009757907656675,""gini"":0.999663914586254,""minimum_count_for_half_mass"":27,""n"":245237,""positive_count"":237,""top_shares"":{""0.001"":1.0,""0.01"":1.0000000000000002},""total"":461.3514328912071,""zero_count"":245000}","{""fraction_for_half_mass"":0.00010601989096261983,""gini"":0.9996315999542612,""minimum_count_for_half_mass"":26,""n"":245237,""positive_count"":362,""top_shares"":{""0.001"":0.9831774244161895,""0.01"":1.0000000000000002},""total"":427.88330220874565,""zero_count"":244875}","{""fraction_for_half_mass"":0.011393060590367685,""gini"":0.9601739800081095,""minimum_count_for_half_mass"":22,""n"":1931,""positive_count"":310,""top_shares"":{""0.01"":0.46562660208026113,""0.05"":0.9044181355906086,""0.1"":0.9805374839466209},""total"":3.3691598599113837,""zero_count"":1621}","{""benchmark_pass_count"":1736,""n"":1931,""quantiles"":{""0.5"":0.0,""0.9"":0.0010173325067142386,""0.99"":0.04960661084920794,""1.0"":0.19264482140633496},""strict_exceedances"":{""0.01"":79,""0.1"":2}}"
2fe9909dbaad17941716efc9,zsre,v0_live_C1,2,103,1000,original,"{""count"":244875,""denominator"":245237,""fraction"":0.9985238769027512}","{""fraction_for_half_mass"":0.00011009757907656675,""gini"":0.999663914586254,""minimum_count_for_half_mass"":27,""n"":245237,""positive_count"":237,""top_shares"":{""0.001"":1.0,""0.01"":1.0000000000000002},""total"":461.3514328912071,""zero_count"":245000}","{""fraction_for_half_mass"":0.00010601989096261983,""gini"":0.9996315999542612,""minimum_count_for_half_mass"":26,""n"":245237,""positive_count"":362,""top_shares"":{""0.001"":0.9831774244161895,""0.01"":1.0000000000000002},""total"":427.88330220874565,""zero_count"":244875}","{""fraction_for_half_mass"":0.011393060590367685,""gini"":0.9601739800081095,""minimum_count_for_half_mass"":22,""n"":1931,""positive_count"":310,""top_shares"":{""0.01"":0.46562660208026113,""0.05"":0.9044181355906086,""0.1"":0.9805374839466209},""total"":3.3691598599113837,""zero_count"":1621}","{""benchmark_pass_count"":1736,""n"":1931,""quantiles"":{""0.5"":0.0,""0.9"":0.0010173325067142386,""0.99"":0.04960661084920794,""1.0"":0.19264482140633496},""strict_exceedances"":{""0.01"":79,""0.1"":2}}"
e45d4b2c01fc48117d5abec8,zsre,v0_live_C1,2,104,1000,capoff,"{""count"":244882,""denominator"":245237,""fraction"":0.9985524207195489}","{""fraction_for_half_mass"":0.000146796772102089,""gini"":0.9996180429344271,""minimum_count_for_half_mass"":36,""n"":245237,""positive_count"":243,""top_shares"":{""0.001"":1.0,""0.01"":1.0000000000000002},""total"":549.3773615512744,""zero_count"":244994}","{""fraction_for_half_mass"":0.00013864139587419516,""gini"":0.9996082226409038,""minimum_count_for_half_mass"":34,""n"":245237,""positive_count"":355,""top_shares"":{""0.001"":0.986357593894811,""0.01"":1.0000000000000002},""total"":508.18830191383194,""zero_count"":244882}","{""fraction_for_half_mass"":0.01605385810460901,""gini"":0.956243323939825,""minimum_count_for_half_mass"":31,""n"":1931,""positive_count"":306,""top_shares"":{""0.01"":0.3711204785984381,""0.05"":0.9074111324893386,""0.1"":0.9828678071117829},""total"":4.001482692234898,""zero_count"":1625}","{""benchmark_pass_count"":1732,""n"":1931,""quantiles"":{""0.5"":0.0,""0.9"":0.0010614244982812503,""0.99"":0.0510961836171583,""1.0"":0.21003100020128976},""strict_exceedances"":{""0.01"":94,""0.1"":3}}"
e45d4b2c01fc48117d5abec8,zsre,v0_live_C1,2,104,1000,original,"{""count"":244882,""denominator"":245237,""fraction"":0.9985524207195489}","{""fraction_for_half_mass"":0.000146796772102089,""gini"":0.9996180429344271,""minimum_count_for_half_mass"":36,""n"":245237,""positive_count"":243,""top_shares"":{""0.001"":1.0,""0.01"":1.0000000000000002},""total"":549.3773615512744,""zero_count"":244994}","{""fraction_for_half_mass"":0.00013864139587419516,""gini"":0.9996082226409038,""minimum_count_for_half_mass"":34,""n"":245237,""positive_count"":355,""top_shares"":{""0.001"":0.986357593894811,""0.01"":1.0000000000000002},""total"":508.18830191383194,""zero_count"":244882}","{""fraction_for_half_mass"":0.01605385810460901,""gini"":0.956243323939825,""minimum_count_for_half_mass"":31,""n"":1931,""positive_count"":306,""top_shares"":{""0.01"":0.3711204785984381,""0.05"":0.9074111324893386,""0.1"":0.9828678071117829},""total"":4.001482692234898,""zero_count"":1625}","{""benchmark_pass_count"":1732,""n"":1931,""quantiles"":{""0.5"":0.0,""0.9"":0.0010614244982812503,""0.99"":0.0510961836171583,""1.0"":0.21003100020128976},""strict_exceedances"":{""0.01"":94,""0.1"":3}}"
978f353680dde68625399775,counterfact,v0_live_C1,0,100,1000,capoff,"{""count"":245237,""denominator"":245237,""fraction"":1.0}","{""fraction_for_half_mass"":null,""gini"":null,""minimum_count_for_half_mass"":null,""n"":245237,""positive_count"":0,""top_shares"":{""0.001"":null,""0.01"":null},""total"":0.0,""zero_count"":245237}","{""fraction_for_half_mass"":null,""gini"":null,""minimum_count_for_half_mass"":null,""n"":245237,""positive_count"":0,""top_shares"":{""0.001"":null,""0.01"":null},""total"":0.0,""zero_count"":245237}","{""fraction_for_half_mass"":null,""gini"":null,""minimum_count_for_half_mass"":null,""n"":1931,""positive_count"":0,""top_shares"":{""0.01"":null,""0.05"":null,""0.1"":null},""total"":0.0,""zero_count"":1931}","{""benchmark_pass_count"":1931,""n"":1931,""quantiles"":{""0.5"":0.0,""0.9"":0.0,""0.99"":0.0,""1.0"":0.0},""strict_exceedances"":{""0.01"":0,""0.1"":0}}"
978f353680dde68625399775,counterfact,v0_live_C1,0,100,1000,original,"{""count"":245237,""denominator"":245237,""fraction"":1.0}","{""fraction_for_half_mass"":null,""gini"":null,""minimum_count_for_half_mass"":null,""n"":245237,""positive_count"":0,""top_shares"":{""0.001"":null,""0.01"":null},""total"":0.0,""zero_count"":245237}","{""fraction_for_half_mass"":null,""gini"":null,""minimum_count_for_half_mass"":null,""n"":245237,""positive_count"":0,""top_shares"":{""0.001"":null,""0.01"":null},""total"":0.0,""zero_count"":245237}","{""fraction_for_half_mass"":null,""gini"":null,""minimum_count_for_half_mass"":null,""n"":1931,""positive_count"":0,""top_shares"":{""0.01"":null,""0.05"":null,""0.1"":null},""total"":0.0,""zero_count"":1931}","{""benchmark_pass_count"":1931,""n"":1931,""quantiles"":{""0.5"":0.0,""0.9"":0.0,""0.99"":0.0,""1.0"":0.0},""strict_exceedances"":{""0.01"":0,""0.1"":0}}"
cdc8a1fbbb43d1f1ba93a366,counterfact,v0_live_C1,0,101,1000,capoff,"{""count"":245237,""denominator"":245237,""fraction"":1.0}","{""fraction_for_half_mass"":null,""gini"":null,""minimum_count_for_half_mass"":null,""n"":245237,""positive_count"":0,""top_shares"":{""0.001"":null,""0.01"":null},""total"":0.0,""zero_count"":245237}","{""fraction_for_half_mass"":null,""gini"":null,""minimum_count_for_half_mass"":null,""n"":245237,""positive_count"":0,""top_shares"":{""0.001"":null,""0.01"":null},""total"":0.0,""zero_count"":245237}","{""fraction_for_half_mass"":null,""gini"":null,""minimum_count_for_half_mass"":null,""n"":1931,""positive_count"":0,""top_shares"":{""0.01"":null,""0.05"":null,""0.1"":null},""total"":0.0,""zero_count"":1931}","{""benchmark_pass_count"":1931,""n"":1931,""quantiles"":{""0.5"":0.0,""0.9"":0.0,""0.99"":0.0,""1.0"":0.0},""strict_exceedances"":{""0.01"":0,""0.1"":0}}"
cdc8a1fbbb43d1f1ba93a366,counterfact,v0_live_C1,0,101,1000,original,"{""count"":245237,""denominator"":245237,""fraction"":1.0}","{""fraction_for_half_mass"":null,""gini"":null,""minimum_count_for_half_mass"":null,""n"":245237,""positive_count"":0,""top_shares"":{""0.001"":null,""0.01"":null},""total"":0.0,""zero_count"":245237}","{""fraction_for_half_mass"":null,""gini"":null,""minimum_count_for_half_mass"":null,""n"":245237,""positive_count"":0,""top_shares"":{""0.001"":null,""0.01"":null},""total"":0.0,""zero_count"":245237}","{""fraction_for_half_mass"":null,""gini"":null,""minimum_count_for_half_mass"":null,""n"":1931,""positive_count"":0,""top_shares"":{""0.01"":null,""0.05"":null,""0.1"":null},""total"":0.0,""zero_count"":1931}","{""benchmark_pass_count"":1931,""n"":1931,""quantiles"":{""0.5"":0.0,""0.9"":0.0,""0.99"":0.0,""1.0"":0.0},""strict_exceedances"":{""0.01"":0,""0.1"":0}}"
3126d7f4d6378f131a26c41d,counterfact,v0_live_C1,0,102,1000,capoff,"{""count"":245237,""denominator"":245237,""fraction"":1.0}","{""fraction_for_half_mass"":null,""gini"":null,""minimum_count_for_half_mass"":null,""n"":245237,""positive_count"":0,""top_shares"":{""0.001"":null,""0.01"":null},""total"":0.0,""zero_count"":245237}","{""fraction_for_half_mass"":null,""gini"":null,""minimum_count_for_half_mass"":null,""n"":245237,""positive_count"":0,""top_shares"":{""0.001"":null,""0.01"":null},""total"":0.0,""zero_count"":245237}","{""fraction_for_half_mass"":null,""gini"":null,""minimum_count_for_half_mass"":null,""n"":1931,""positive_count"":0,""top_shares"":{""0.01"":null,""0.05"":null,""0.1"":null},""total"":0.0,""zero_count"":1931}","{""benchmark_pass_count"":1931,""n"":1931,""quantiles"":{""0.5"":0.0,""0.9"":0.0,""0.99"":0.0,""1.0"":0.0},""strict_exceedances"":{""0.01"":0,""0.1"":0}}"
3126d7f4d6378f131a26c41d,counterfact,v0_live_C1,0,102,1000,original,"{""count"":245237,""denominator"":245237,""fraction"":1.0}","{""fraction_for_half_mass"":null,""gini"":null,""minimum_count_for_half_mass"":null,""n"":245237,""positive_count"":0,""top_shares"":{""0.001"":null,""0.01"":null},""total"":0.0,""zero_count"":245237}","{""fraction_for_half_mass"":null,""gini"":null,""minimum_count_for_half_mass"":null,""n"":245237,""positive_count"":0,""top_shares"":{""0.001"":null,""0.01"":null},""total"":0.0,""zero_count"":245237}","{""fraction_for_half_mass"":null,""gini"":null,""minimum_count_for_half_mass"":null,""n"":1931,""positive_count"":0,""top_shares"":{""0.01"":null,""0.05"":null,""0.1"":null},""total"":0.0,""zero_count"":1931}","{""benchmark_pass_count"":1931,""n"":1931,""quantiles"":{""0.5"":0.0,""0.9"":0.0,""0.99"":0.0,""1.0"":0.0},""strict_exceedances"":{""0.01"":0,""0.1"":0}}"
48f56fbee8eed89fe5598934,counterfact,v0_live_C1,0,103,1000,capoff,"{""count"":245237,""denominator"":245237,""fraction"":1.0}","{""fraction_for_half_mass"":null,""gini"":null,""minimum_count_for_half_mass"":null,""n"":245237,""positive_count"":0,""top_shares"":{""0.001"":null,""0.01"":null},""total"":0.0,""zero_count"":245237}","{""fraction_for_half_mass"":null,""gini"":null,""minimum_count_for_half_mass"":null,""n"":245237,""positive_count"":0,""top_shares"":{""0.001"":null,""0.01"":null},""total"":0.0,""zero_count"":245237}","{""fraction_for_half_mass"":null,""gini"":null,""minimum_count_for_half_mass"":null,""n"":1931,""positive_count"":0,""top_shares"":{""0.01"":null,""0.05"":null,""0.1"":null},""total"":0.0,""zero_count"":1931}","{""benchmark_pass_count"":1931,""n"":1931,""quantiles"":{""0.5"":0.0,""0.9"":0.0,""0.99"":0.0,""1.0"":0.0},""strict_exceedances"":{""0.01"":0,""0.1"":0}}"
48f56fbee8eed89fe5598934,counterfact,v0_live_C1,0,103,1000,original,"{""count"":245237,""denominator"":245237,""fraction"":1.0}","{""fraction_for_half_mass"":null,""gini"":null,""minimum_count_for_half_mass"":null,""n"":245237,""positive_count"":0,""top_shares"":{""0.001"":null,""0.01"":null},""total"":0.0,""zero_count"":245237}","{""fraction_for_half_mass"":null,""gini"":null,""minimum_count_for_half_mass"":null,""n"":245237,""positive_count"":0,""top_shares"":{""0.001"":null,""0.01"":null},""total"":0.0,""zero_count"":245237}","{""fraction_for_half_mass"":null,""gini"":null,""minimum_count_for_half_mass"":null,""n"":1931,""positive_count"":0,""top_shares"":{""0.01"":null,""0.05"":null,""0.1"":null},""total"":0.0,""zero_count"":1931}","{""benchmark_pass_count"":1931,""n"":1931,""quantiles"":{""0.5"":0.0,""0.9"":0.0,""0.99"":0.0,""1.0"":0.0},""strict_exceedances"":{""0.01"":0,""0.1"":0}}"
18cef3e100afe2f32847ac27,counterfact,v0_live_C1,0,104,1000,capoff,"{""count"":245237,""denominator"":245237,""fraction"":1.0}","{""fraction_for_half_mass"":null,""gini"":null,""minimum_count_for_half_mass"":null,""n"":245237,""positive_count"":0,""top_shares"":{""0.001"":null,""0.01"":null},""total"":0.0,""zero_count"":245237}","{""fraction_for_half_mass"":null,""gini"":null,""minimum_count_for_half_mass"":null,""n"":245237,""positive_count"":0,""top_shares"":{""0.001"":null,""0.01"":null},""total"":0.0,""zero_count"":245237}","{""fraction_for_half_mass"":null,""gini"":null,""minimum_count_for_half_mass"":null,""n"":1931,""positive_count"":0,""top_shares"":{""0.01"":null,""0.05"":null,""0.1"":null},""total"":0.0,""zero_count"":1931}","{""benchmark_pass_count"":1931,""n"":1931,""quantiles"":{""0.5"":0.0,""0.9"":0.0,""0.99"":0.0,""1.0"":0.0},""strict_exceedances"":{""0.01"":0,""0.1"":0}}"
18cef3e100afe2f32847ac27,counterfact,v0_live_C1,0,104,1000,original,"{""count"":245237,""denominator"":245237,""fraction"":1.0}","{""fraction_for_half_mass"":null,""gini"":null,""minimum_count_for_half_mass"":null,""n"":245237,""positive_count"":0,""top_shares"":{""0.001"":null,""0.01"":null},""total"":0.0,""zero_count"":245237}","{""fraction_for_half_mass"":null,""gini"":null,""minimum_count_for_half_mass"":null,""n"":245237,""positive_count"":0,""top_shares"":{""0.001"":null,""0.01"":null},""total"":0.0,""zero_count"":245237}","{""fraction_for_half_mass"":null,""gini"":null,""minimum_count_for_half_mass"":null,""n"":1931,""positive_count"":0,""top_shares"":{""0.01"":null,""0.05"":null,""0.1"":null},""total"":0.0,""zero_count"":1931}","{""benchmark_pass_count"":1931,""n"":1931,""quantiles"":{""0.5"":0.0,""0.9"":0.0,""0.99"":0.0,""1.0"":0.0},""strict_exceedances"":{""0.01"":0,""0.1"":0}}"
f67e77a0b124376f29b78302,counterfact,v0_live_C1,1,100,1000,capoff,"{""count"":245237,""denominator"":245237,""fraction"":1.0}","{""fraction_for_half_mass"":null,""gini"":null,""minimum_count_for_half_mass"":null,""n"":245237,""positive_count"":0,""top_shares"":{""0.001"":null,""0.01"":null},""total"":0.0,""zero_count"":245237}","{""fraction_for_half_mass"":null,""gini"":null,""minimum_count_for_half_mass"":null,""n"":245237,""positive_count"":0,""top_shares"":{""0.001"":null,""0.01"":null},""total"":0.0,""zero_count"":245237}","{""fraction_for_half_mass"":null,""gini"":null,""minimum_count_for_half_mass"":null,""n"":1931,""positive_count"":0,""top_shares"":{""0.01"":null,""0.05"":null,""0.1"":null},""total"":0.0,""zero_count"":1931}","{""benchmark_pass_count"":1931,""n"":1931,""quantiles"":{""0.5"":0.0,""0.9"":0.0,""0.99"":0.0,""1.0"":0.0},""strict_exceedances"":{""0.01"":0,""0.1"":0}}"
f67e77a0b124376f29b78302,counterfact,v0_live_C1,1,100,1000,original,"{""count"":245237,""denominator"":245237,""fraction"":1.0}","{""fraction_for_half_mass"":null,""gini"":null,""minimum_count_for_half_mass"":null,""n"":245237,""positive_count"":0,""top_shares"":{""0.001"":null,""0.01"":null},""total"":0.0,""zero_count"":245237}","{""fraction_for_half_mass"":null,""gini"":null,""minimum_count_for_half_mass"":null,""n"":245237,""positive_count"":0,""top_shares"":{""0.001"":null,""0.01"":null},""total"":0.0,""zero_count"":245237}","{""fraction_for_half_mass"":null,""gini"":null,""minimum_count_for_half_mass"":null,""n"":1931,""positive_count"":0,""top_shares"":{""0.01"":null,""0.05"":null,""0.1"":null},""total"":0.0,""zero_count"":1931}","{""benchmark_pass_count"":1931,""n"":1931,""quantiles"":{""0.5"":0.0,""0.9"":0.0,""0.99"":0.0,""1.0"":0.0},""strict_exceedances"":{""0.01"":0,""0.1"":0}}"
7ab5a2ba2ca2072d49c86da9,counterfact,v0_live_C1,1,101,1000,capoff,"{""count"":245237,""denominator"":245237,""fraction"":1.0}","{""fraction_for_half_mass"":null,""gini"":null,""minimum_count_for_half_mass"":null,""n"":245237,""positive_count"":0,""top_shares"":{""0.001"":null,""0.01"":null},""total"":0.0,""zero_count"":245237}","{""fraction_for_half_mass"":null,""gini"":null,""minimum_count_for_half_mass"":null,""n"":245237,""positive_count"":0,""top_shares"":{""0.001"":null,""0.01"":null},""total"":0.0,""zero_count"":245237}","{""fraction_for_half_mass"":null,""gini"":null,""minimum_count_for_half_mass"":null,""n"":1931,""positive_count"":0,""top_shares"":{""0.01"":null,""0.05"":null,""0.1"":null},""total"":0.0,""zero_count"":1931}","{""benchmark_pass_count"":1931,""n"":1931,""quantiles"":{""0.5"":0.0,""0.9"":0.0,""0.99"":0.0,""1.0"":0.0},""strict_exceedances"":{""0.01"":0,""0.1"":0}}"
7ab5a2ba2ca2072d49c86da9,counterfact,v0_live_C1,1,101,1000,original,"{""count"":245237,""denominator"":245237,""fraction"":1.0}","{""fraction_for_half_mass"":null,""gini"":null,""minimum_count_for_half_mass"":null,""n"":245237,""positive_count"":0,""top_shares"":{""0.001"":null,""0.01"":null},""total"":0.0,""zero_count"":245237}","{""fraction_for_half_mass"":null,""gini"":null,""minimum_count_for_half_mass"":null,""n"":245237,""positive_count"":0,""top_shares"":{""0.001"":null,""0.01"":null},""total"":0.0,""zero_count"":245237}","{""fraction_for_half_mass"":null,""gini"":null,""minimum_count_for_half_mass"":null,""n"":1931,""positive_count"":0,""top_shares"":{""0.01"":null,""0.05"":null,""0.1"":null},""total"":0.0,""zero_count"":1931}","{""benchmark_pass_count"":1931,""n"":1931,""quantiles"":{""0.5"":0.0,""0.9"":0.0,""0.99"":0.0,""1.0"":0.0},""strict_exceedances"":{""0.01"":0,""0.1"":0}}"
ea3b0653f085cf535854d1b8,counterfact,v0_live_C1,1,102,1000,capoff,"{""count"":245237,""denominator"":245237,""fraction"":1.0}","{""fraction_for_half_mass"":null,""gini"":null,""minimum_count_for_half_mass"":null,""n"":245237,""positive_count"":0,""top_shares"":{""0.001"":null,""0.01"":null},""total"":0.0,""zero_count"":245237}","{""fraction_for_half_mass"":null,""gini"":null,""minimum_count_for_half_mass"":null,""n"":245237,""positive_count"":0,""top_shares"":{""0.001"":null,""0.01"":null},""total"":0.0,""zero_count"":245237}","{""fraction_for_half_mass"":null,""gini"":null,""minimum_count_for_half_mass"":null,""n"":1931,""positive_count"":0,""top_shares"":{""0.01"":null,""0.05"":null,""0.1"":null},""total"":0.0,""zero_count"":1931}","{""benchmark_pass_count"":1931,""n"":1931,""quantiles"":{""0.5"":0.0,""0.9"":0.0,""0.99"":0.0,""1.0"":0.0},""strict_exceedances"":{""0.01"":0,""0.1"":0}}"
ea3b0653f085cf535854d1b8,counterfact,v0_live_C1,1,102,1000,original,"{""count"":245237,""denominator"":245237,""fraction"":1.0}","{""fraction_for_half_mass"":null,""gini"":null,""minimum_count_for_half_mass"":null,""n"":245237,""positive_count"":0,""top_shares"":{""0.001"":null,""0.01"":null},""total"":0.0,""zero_count"":245237}","{""fraction_for_half_mass"":null,""gini"":null,""minimum_count_for_half_mass"":null,""n"":245237,""positive_count"":0,""top_shares"":{""0.001"":null,""0.01"":null},""total"":0.0,""zero_count"":245237}","{""fraction_for_half_mass"":null,""gini"":null,""minimum_count_for_half_mass"":null,""n"":1931,""positive_count"":0,""top_shares"":{""0.01"":null,""0.05"":null,""0.1"":null},""total"":0.0,""zero_count"":1931}","{""benchmark_pass_count"":1931,""n"":1931,""quantiles"":{""0.5"":0.0,""0.9"":0.0,""0.99"":0.0,""1.0"":0.0},""strict_exceedances"":{""0.01"":0,""0.1"":0}}"
8905e452833b0a01defd8b1e,counterfact,v0_live_C1,1,103,1000,capoff,"{""count"":245237,""denominator"":245237,""fraction"":1.0}","{""fraction_for_half_mass"":null,""gini"":null,""minimum_count_for_half_mass"":null,""n"":245237,""positive_count"":0,""top_shares"":{""0.001"":null,""0.01"":null},""total"":0.0,""zero_count"":245237}","{""fraction_for_half_mass"":null,""gini"":null,""minimum_count_for_half_mass"":null,""n"":245237,""positive_count"":0,""top_shares"":{""0.001"":null,""0.01"":null},""total"":0.0,""zero_count"":245237}","{""fraction_for_half_mass"":null,""gini"":null,""minimum_count_for_half_mass"":null,""n"":1931,""positive_count"":0,""top_shares"":{""0.01"":null,""0.05"":null,""0.1"":null},""total"":0.0,""zero_count"":1931}","{""benchmark_pass_count"":1931,""n"":1931,""quantiles"":{""0.5"":0.0,""0.9"":0.0,""0.99"":0.0,""1.0"":0.0},""strict_exceedances"":{""0.01"":0,""0.1"":0}}"
8905e452833b0a01defd8b1e,counterfact,v0_live_C1,1,103,1000,original,"{""count"":245237,""denominator"":245237,""fraction"":1.0}","{""fraction_for_half_mass"":null,""gini"":null,""minimum_count_for_half_mass"":null,""n"":245237,""positive_count"":0,""top_shares"":{""0.001"":null,""0.01"":null},""total"":0.0,""zero_count"":245237}","{""fraction_for_half_mass"":null,""gini"":null,""minimum_count_for_half_mass"":null,""n"":245237,""positive_count"":0,""top_shares"":{""0.001"":null,""0.01"":null},""total"":0.0,""zero_count"":245237}","{""fraction_for_half_mass"":null,""gini"":null,""minimum_count_for_half_mass"":null,""n"":1931,""positive_count"":0,""top_shares"":{""0.01"":null,""0.05"":null,""0.1"":null},""total"":0.0,""zero_count"":1931}","{""benchmark_pass_count"":1931,""n"":1931,""quantiles"":{""0.5"":0.0,""0.9"":0.0,""0.99"":0.0,""1.0"":0.0},""strict_exceedances"":{""0.01"":0,""0.1"":0}}"
28555ca1e3c1d3ab551385b1,counterfact,v0_live_C1,1,104,1000,capoff,"{""count"":245237,""denominator"":245237,""fraction"":1.0}","{""fraction_for_half_mass"":null,""gini"":null,""minimum_count_for_half_mass"":null,""n"":245237,""positive_count"":0,""top_shares"":{""0.001"":null,""0.01"":null},""total"":0.0,""zero_count"":245237}","{""fraction_for_half_mass"":null,""gini"":null,""minimum_count_for_half_mass"":null,""n"":245237,""positive_count"":0,""top_shares"":{""0.001"":null,""0.01"":null},""total"":0.0,""zero_count"":245237}","{""fraction_for_half_mass"":null,""gini"":null,""minimum_count_for_half_mass"":null,""n"":1931,""positive_count"":0,""top_shares"":{""0.01"":null,""0.05"":null,""0.1"":null},""total"":0.0,""zero_count"":1931}","{""benchmark_pass_count"":1931,""n"":1931,""quantiles"":{""0.5"":0.0,""0.9"":0.0,""0.99"":0.0,""1.0"":0.0},""strict_exceedances"":{""0.01"":0,""0.1"":0}}"
28555ca1e3c1d3ab551385b1,counterfact,v0_live_C1,1,104,1000,original,"{""count"":245237,""denominator"":245237,""fraction"":1.0}","{""fraction_for_half_mass"":null,""gini"":null,""minimum_count_for_half_mass"":null,""n"":245237,""positive_count"":0,""top_shares"":{""0.001"":null,""0.01"":null},""total"":0.0,""zero_count"":245237}","{""fraction_for_half_mass"":null,""gini"":null,""minimum_count_for_half_mass"":null,""n"":245237,""positive_count"":0,""top_shares"":{""0.001"":null,""0.01"":null},""total"":0.0,""zero_count"":245237}","{""fraction_for_half_mass"":null,""gini"":null,""minimum_count_for_half_mass"":null,""n"":1931,""positive_count"":0,""top_shares"":{""0.01"":null,""0.05"":null,""0.1"":null},""total"":0.0,""zero_count"":1931}","{""benchmark_pass_count"":1931,""n"":1931,""quantiles"":{""0.5"":0.0,""0.9"":0.0,""0.99"":0.0,""1.0"":0.0},""strict_exceedances"":{""0.01"":0,""0.1"":0}}"
861414ea84239f8471f0ade8,counterfact,v0_live_C1,2,100,1000,capoff,"{""count"":245237,""denominator"":245237,""fraction"":1.0}","{""fraction_for_half_mass"":null,""gini"":null,""minimum_count_for_half_mass"":null,""n"":245237,""positive_count"":0,""top_shares"":{""0.001"":null,""0.01"":null},""total"":0.0,""zero_count"":245237}","{""fraction_for_half_mass"":null,""gini"":null,""minimum_count_for_half_mass"":null,""n"":245237,""positive_count"":0,""top_shares"":{""0.001"":null,""0.01"":null},""total"":0.0,""zero_count"":245237}","{""fraction_for_half_mass"":null,""gini"":null,""minimum_count_for_half_mass"":null,""n"":1931,""positive_count"":0,""top_shares"":{""0.01"":null,""0.05"":null,""0.1"":null},""total"":0.0,""zero_count"":1931}","{""benchmark_pass_count"":1931,""n"":1931,""quantiles"":{""0.5"":0.0,""0.9"":0.0,""0.99"":0.0,""1.0"":0.0},""strict_exceedances"":{""0.01"":0,""0.1"":0}}"
861414ea84239f8471f0ade8,counterfact,v0_live_C1,2,100,1000,original,"{""count"":245237,""denominator"":245237,""fraction"":1.0}","{""fraction_for_half_mass"":null,""gini"":null,""minimum_count_for_half_mass"":null,""n"":245237,""positive_count"":0,""top_shares"":{""0.001"":null,""0.01"":null},""total"":0.0,""zero_count"":245237}","{""fraction_for_half_mass"":null,""gini"":null,""minimum_count_for_half_mass"":null,""n"":245237,""positive_count"":0,""top_shares"":{""0.001"":null,""0.01"":null},""total"":0.0,""zero_count"":245237}","{""fraction_for_half_mass"":null,""gini"":null,""minimum_count_for_half_mass"":null,""n"":1931,""positive_count"":0,""top_shares"":{""0.01"":null,""0.05"":null,""0.1"":null},""total"":0.0,""zero_count"":1931}","{""benchmark_pass_count"":1931,""n"":1931,""quantiles"":{""0.5"":0.0,""0.9"":0.0,""0.99"":0.0,""1.0"":0.0},""strict_exceedances"":{""0.01"":0,""0.1"":0}}"
1f19207d799d9bcd0b005ef9,counterfact,v0_live_C1,2,101,1000,capoff,"{""count"":245237,""denominator"":245237,""fraction"":1.0}","{""fraction_for_half_mass"":null,""gini"":null,""minimum_count_for_half_mass"":null,""n"":245237,""positive_count"":0,""top_shares"":{""0.001"":null,""0.01"":null},""total"":0.0,""zero_count"":245237}","{""fraction_for_half_mass"":null,""gini"":null,""minimum_count_for_half_mass"":null,""n"":245237,""positive_count"":0,""top_shares"":{""0.001"":null,""0.01"":null},""total"":0.0,""zero_count"":245237}","{""fraction_for_half_mass"":null,""gini"":null,""minimum_count_for_half_mass"":null,""n"":1931,""positive_count"":0,""top_shares"":{""0.01"":null,""0.05"":null,""0.1"":null},""total"":0.0,""zero_count"":1931}","{""benchmark_pass_count"":1931,""n"":1931,""quantiles"":{""0.5"":0.0,""0.9"":0.0,""0.99"":0.0,""1.0"":0.0},""strict_exceedances"":{""0.01"":0,""0.1"":0}}"
1f19207d799d9bcd0b005ef9,counterfact,v0_live_C1,2,101,1000,original,"{""count"":245237,""denominator"":245237,""fraction"":1.0}","{""fraction_for_half_mass"":null,""gini"":null,""minimum_count_for_half_mass"":null,""n"":245237,""positive_count"":0,""top_shares"":{""0.001"":null,""0.01"":null},""total"":0.0,""zero_count"":245237}","{""fraction_for_half_mass"":null,""gini"":null,""minimum_count_for_half_mass"":null,""n"":245237,""positive_count"":0,""top_shares"":{""0.001"":null,""0.01"":null},""total"":0.0,""zero_count"":245237}","{""fraction_for_half_mass"":null,""gini"":null,""minimum_count_for_half_mass"":null,""n"":1931,""positive_count"":0,""top_shares"":{""0.01"":null,""0.05"":null,""0.1"":null},""total"":0.0,""zero_count"":1931}","{""benchmark_pass_count"":1931,""n"":1931,""quantiles"":{""0.5"":0.0,""0.9"":0.0,""0.99"":0.0,""1.0"":0.0},""strict_exceedances"":{""0.01"":0,""0.1"":0}}"
ad007b170a6bbf5bc88d182d,counterfact,v0_live_C1,2,102,1000,capoff,"{""count"":245237,""denominator"":245237,""fraction"":1.0}","{""fraction_for_half_mass"":null,""gini"":null,""minimum_count_for_half_mass"":null,""n"":245237,""positive_count"":0,""top_shares"":{""0.001"":null,""0.01"":null},""total"":0.0,""zero_count"":245237}","{""fraction_for_half_mass"":null,""gini"":null,""minimum_count_for_half_mass"":null,""n"":245237,""positive_count"":0,""top_shares"":{""0.001"":null,""0.01"":null},""total"":0.0,""zero_count"":245237}","{""fraction_for_half_mass"":null,""gini"":null,""minimum_count_for_half_mass"":null,""n"":1931,""positive_count"":0,""top_shares"":{""0.01"":null,""0.05"":null,""0.1"":null},""total"":0.0,""zero_count"":1931}","{""benchmark_pass_count"":1931,""n"":1931,""quantiles"":{""0.5"":0.0,""0.9"":0.0,""0.99"":0.0,""1.0"":0.0},""strict_exceedances"":{""0.01"":0,""0.1"":0}}"
ad007b170a6bbf5bc88d182d,counterfact,v0_live_C1,2,102,1000,original,"{""count"":245237,""denominator"":245237,""fraction"":1.0}","{""fraction_for_half_mass"":null,""gini"":null,""minimum_count_for_half_mass"":null,""n"":245237,""positive_count"":0,""top_shares"":{""0.001"":null,""0.01"":null},""total"":0.0,""zero_count"":245237}","{""fraction_for_half_mass"":null,""gini"":null,""minimum_count_for_half_mass"":null,""n"":245237,""positive_count"":0,""top_shares"":{""0.001"":null,""0.01"":null},""total"":0.0,""zero_count"":245237}","{""fraction_for_half_mass"":null,""gini"":null,""minimum_count_for_half_mass"":null,""n"":1931,""positive_count"":0,""top_shares"":{""0.01"":null,""0.05"":null,""0.1"":null},""total"":0.0,""zero_count"":1931}","{""benchmark_pass_count"":1931,""n"":1931,""quantiles"":{""0.5"":0.0,""0.9"":0.0,""0.99"":0.0,""1.0"":0.0},""strict_exceedances"":{""0.01"":0,""0.1"":0}}"
94488c6aa407c3ea167ea51d,counterfact,v0_live_C1,2,103,1000,capoff,"{""count"":245237,""denominator"":245237,""fraction"":1.0}","{""fraction_for_half_mass"":null,""gini"":null,""minimum_count_for_half_mass"":null,""n"":245237,""positive_count"":0,""top_shares"":{""0.001"":null,""0.01"":null},""total"":0.0,""zero_count"":245237}","{""fraction_for_half_mass"":null,""gini"":null,""minimum_count_for_half_mass"":null,""n"":245237,""positive_count"":0,""top_shares"":{""0.001"":null,""0.01"":null},""total"":0.0,""zero_count"":245237}","{""fraction_for_half_mass"":null,""gini"":null,""minimum_count_for_half_mass"":null,""n"":1931,""positive_count"":0,""top_shares"":{""0.01"":null,""0.05"":null,""0.1"":null},""total"":0.0,""zero_count"":1931}","{""benchmark_pass_count"":1931,""n"":1931,""quantiles"":{""0.5"":0.0,""0.9"":0.0,""0.99"":0.0,""1.0"":0.0},""strict_exceedances"":{""0.01"":0,""0.1"":0}}"
94488c6aa407c3ea167ea51d,counterfact,v0_live_C1,2,103,1000,original,"{""count"":245237,""denominator"":245237,""fraction"":1.0}","{""fraction_for_half_mass"":null,""gini"":null,""minimum_count_for_half_mass"":null,""n"":245237,""positive_count"":0,""top_shares"":{""0.001"":null,""0.01"":null},""total"":0.0,""zero_count"":245237}","{""fraction_for_half_mass"":null,""gini"":null,""minimum_count_for_half_mass"":null,""n"":245237,""positive_count"":0,""top_shares"":{""0.001"":null,""0.01"":null},""total"":0.0,""zero_count"":245237}","{""fraction_for_half_mass"":null,""gini"":null,""minimum_count_for_half_mass"":null,""n"":1931,""positive_count"":0,""top_shares"":{""0.01"":null,""0.05"":null,""0.1"":null},""total"":0.0,""zero_count"":1931}","{""benchmark_pass_count"":1931,""n"":1931,""quantiles"":{""0.5"":0.0,""0.9"":0.0,""0.99"":0.0,""1.0"":0.0},""strict_exceedances"":{""0.01"":0,""0.1"":0}}"
e6a5e4cd9fbe73077175c7b9,counterfact,v0_live_C1,2,104,1000,capoff,"{""count"":245237,""denominator"":245237,""fraction"":1.0}","{""fraction_for_half_mass"":null,""gini"":null,""minimum_count_for_half_mass"":null,""n"":245237,""positive_count"":0,""top_shares"":{""0.001"":null,""0.01"":null},""total"":0.0,""zero_count"":245237}","{""fraction_for_half_mass"":null,""gini"":null,""minimum_count_for_half_mass"":null,""n"":245237,""positive_count"":0,""top_shares"":{""0.001"":null,""0.01"":null},""total"":0.0,""zero_count"":245237}","{""fraction_for_half_mass"":null,""gini"":null,""minimum_count_for_half_mass"":null,""n"":1931,""positive_count"":0,""top_shares"":{""0.01"":null,""0.05"":null,""0.1"":null},""total"":0.0,""zero_count"":1931}","{""benchmark_pass_count"":1931,""n"":1931,""quantiles"":{""0.5"":0.0,""0.9"":0.0,""0.99"":0.0,""1.0"":0.0},""strict_exceedances"":{""0.01"":0,""0.1"":0}}"
e6a5e4cd9fbe73077175c7b9,counterfact,v0_live_C1,2,104,1000,original,"{""count"":245237,""denominator"":245237,""fraction"":1.0}","{""fraction_for_half_mass"":null,""gini"":null,""minimum_count_for_half_mass"":null,""n"":245237,""positive_count"":0,""top_shares"":{""0.001"":null,""0.01"":null},""total"":0.0,""zero_count"":245237}","{""fraction_for_half_mass"":null,""gini"":null,""minimum_count_for_half_mass"":null,""n"":245237,""positive_count"":0,""top_shares"":{""0.001"":null,""0.01"":null},""total"":0.0,""zero_count"":245237}","{""fraction_for_half_mass"":null,""gini"":null,""minimum_count_for_half_mass"":null,""n"":1931,""positive_count"":0,""top_shares"":{""0.01"":null,""0.05"":null,""0.1"":null},""total"":0.0,""zero_count"":1931}","{""benchmark_pass_count"":1931,""n"":1931,""quantiles"":{""0.5"":0.0,""0.9"":0.0,""0.99"":0.0,""1.0"":0.0},""strict_exceedances"":{""0.01"":0,""0.1"":0}}"
bca38cd4398e1159ed781bff,zsre,v0_live_C2,0,100,1000,capoff,"{""count"":245183,""denominator"":245237,""fraction"":0.9997798048418469}","{""fraction_for_half_mass"":4.8932257367363e-05,""gini"":0.9998953345047354,""minimum_count_for_half_mass"":12,""n"":245237,""positive_count"":47,""top_shares"":{""0.001"":1.0000000000000002,""0.01"":1.0000000000000002},""total"":654.6578351651681,""zero_count"":245190}","{""fraction_for_half_mass"":4.8932257367363e-05,""gini"":0.9998889557456009,""minimum_count_for_half_mass"":12,""n"":245237,""positive_count"":54,""top_shares"":{""0.001"":0.9999999999999999,""0.01"":0.9999999999999999},""total"":747.0949118485707,""zero_count"":245183}","{""fraction_for_half_mass"":0.006214396685655101,""gini"":0.9858973796913084,""minimum_count_for_half_mass"":12,""n"":1931,""positive_count"":54,""top_shares"":{""0.01"":0.715287951518685,""0.05"":1.0,""0.1"":1.0},""total"":5.882637101169848,""zero_count"":1877}","{""benchmark_pass_count"":1878,""n"":1931,""quantiles"":{""0.5"":0.0,""0.9"":0.0,""0.99"":0.14823978566670895,""1.0"":0.33205346344243514},""strict_exceedances"":{""0.01"":35,""0.1"":26}}"
bca38cd4398e1159ed781bff,zsre,v0_live_C2,0,100,1000,original,"{""count"":245183,""denominator"":245237,""fraction"":0.9997798048418469}","{""fraction_for_half_mass"":4.8932257367363e-05,""gini"":0.9998953345047354,""minimum_count_for_half_mass"":12,""n"":245237,""positive_count"":47,""top_shares"":{""0.001"":1.0000000000000002,""0.01"":1.0000000000000002},""total"":654.6578351651681,""zero_count"":245190}","{""fraction_for_half_mass"":4.8932257367363e-05,""gini"":0.9998889557456009,""minimum_count_for_half_mass"":12,""n"":245237,""positive_count"":54,""top_shares"":{""0.001"":0.9999999999999999,""0.01"":0.9999999999999999},""total"":747.0949118485707,""zero_count"":245183}","{""fraction_for_half_mass"":0.006214396685655101,""gini"":0.9858973796913084,""minimum_count_for_half_mass"":12,""n"":1931,""positive_count"":54,""top_shares"":{""0.01"":0.715287951518685,""0.05"":1.0,""0.1"":1.0},""total"":5.882637101169848,""zero_count"":1877}","{""benchmark_pass_count"":1878,""n"":1931,""quantiles"":{""0.5"":0.0,""0.9"":0.0,""0.99"":0.14823978566670895,""1.0"":0.33205346344243514},""strict_exceedances"":{""0.01"":35,""0.1"":26}}"
68da09e4a00f4fe8d8b054fd,zsre,v0_live_C2,0,101,1000,capoff,"{""count"":245196,""denominator"":245237,""fraction"":0.9998328147873282}","{""fraction_for_half_mass"":4.8932257367363e-05,""gini"":0.9998902435748473,""minimum_count_for_half_mass"":12,""n"":245237,""positive_count"":38,""top_shares"":{""0.001"":1.0,""0.01"":1.0},""total"":704.961578643712,""zero_count"":245199}","{""fraction_for_half_mass"":4.8932257367363e-05,""gini"":0.9998882011410808,""minimum_count_for_half_mass"":12,""n"":245237,""positive_count"":41,""top_shares"":{""0.001"":1.0000000000000002,""0.01"":1.0000000000000002},""total"":723.0105708680173,""zero_count"":245196}","{""fraction_for_half_mass"":0.006214396685655101,""gini"":0.9858015882708258,""minimum_count_for_half_mass"":12,""n"":1931,""positive_count"":40,""top_shares"":{""0.01"":0.7045923953709232,""0.05"":0.9999999999999999,""0.1"":0.9999999999999999},""total"":5.692996621008012,""zero_count"":1891}","{""benchmark_pass_count"":1895,""n"":1931,""quantiles"":{""0.5"":0.0,""0.9"":0.0,""0.99"":0.11915442931701778,""1.0"":0.3236922198983279},""strict_exceedances"":{""0.01"":36,""0.1"":28}}"
68da09e4a00f4fe8d8b054fd,zsre,v0_live_C2,0,101,1000,original,"{""count"":245196,""denominator"":245237,""fraction"":0.9998328147873282}","{""fraction_for_half_mass"":4.8932257367363e-05,""gini"":0.9998902435748473,""minimum_count_for_half_mass"":12,""n"":245237,""positive_count"":38,""top_shares"":{""0.001"":1.0,""0.01"":1.0},""total"":704.961578643712,""zero_count"":245199}","{""fraction_for_half_mass"":4.8932257367363e-05,""gini"":0.9998882011410808,""minimum_count_for_half_mass"":12,""n"":245237,""positive_count"":41,""top_shares"":{""0.001"":1.0000000000000002,""0.01"":1.0000000000000002},""total"":723.0105708680173,""zero_count"":245196}","{""fraction_for_half_mass"":0.006214396685655101,""gini"":0.9858015882708258,""minimum_count_for_half_mass"":12,""n"":1931,""positive_count"":40,""top_shares"":{""0.01"":0.7045923953709232,""0.05"":0.9999999999999999,""0.1"":0.9999999999999999},""total"":5.692996621008012,""zero_count"":1891}","{""benchmark_pass_count"":1895,""n"":1931,""quantiles"":{""0.5"":0.0,""0.9"":0.0,""0.99"":0.11915442931701778,""1.0"":0.3236922198983279},""strict_exceedances"":{""0.01"":36,""0.1"":28}}"
da666451073f38000c71b39f,zsre,v0_live_C2,0,102,1000,capoff,"{""count"":245195,""denominator"":245237,""fraction"":0.9998287370992143}","{""fraction_for_half_mass"":4.0776881139469166e-05,""gini"":0.9999003661124882,""minimum_count_for_half_mass"":10,""n"":245237,""positive_count"":40,""top_shares"":{""0.001"":1.0,""0.01"":1.0},""total"":519.8320692965979,""zero_count"":245197}","{""fraction_for_half_mass"":3.669919302552225e-05,""gini"":0.9999039032858787,""minimum_count_for_half_mass"":9,""n"":245237,""positive_count"":42,""top_shares"":{""0.001"":1.0,""0.01"":1.0},""total"":506.13124760379105,""zero_count"":245195}","{""fraction_for_half_mass"":0.004660797514241326,""gini"":0.9877957173066085,""minimum_count_for_half_mass"":9,""n"":1931,""positive_count"":42,""top_shares"":{""0.01"":0.7547683388723454,""0.05"":1.0000000000000002,""0.1"":1.0000000000000002},""total"":3.9852854142030787,""zero_count"":1889}","{""benchmark_pass_count"":1891,""n"":1931,""quantiles"":{""0.5"":0.0,""0.9"":0.0,""0.99"":0.08229871782385423,""1.0"":0.3236922198983279},""strict_exceedances"":{""0.01"":35,""0.1"":12}}"
da666451073f38000c71b39f,zsre,v0_live_C2,0,102,1000,original,"{""count"":245195,""denominator"":245237,""fraction"":0.9998287370992143}","{""fraction_for_half_mass"":4.0776881139469166e-05,""gini"":0.9999003661124882,""minimum_count_for_half_mass"":10,""n"":245237,""positive_count"":40,""top_shares"":{""0.001"":1.0,""0.01"":1.0},""total"":519.8320692965979,""zero_count"":245197}","{""fraction_for_half_mass"":3.669919302552225e-05,""gini"":0.9999039032858787,""minimum_count_for_half_mass"":9,""n"":245237,""positive_count"":42,""top_shares"":{""0.001"":1.0,""0.01"":1.0},""total"":506.13124760379105,""zero_count"":245195}","{""fraction_for_half_mass"":0.004660797514241326,""gini"":0.9877957173066085,""minimum_count_for_half_mass"":9,""n"":1931,""positive_count"":42,""top_shares"":{""0.01"":0.7547683388723454,""0.05"":1.0000000000000002,""0.1"":1.0000000000000002},""total"":3.9852854142030787,""zero_count"":1889}","{""benchmark_pass_count"":1891,""n"":1931,""quantiles"":{""0.5"":0.0,""0.9"":0.0,""0.99"":0.08229871782385423,""1.0"":0.3236922198983279},""strict_exceedances"":{""0.01"":35,""0.1"":12}}"
57b0ace8ad261f0963cece6e,zsre,v0_live_C2,0,103,1000,capoff,"{""count"":245185,""denominator"":245237,""fraction"":0.9997879602180748}","{""fraction_for_half_mass"":3.262150491157533e-05,""gini"":0.9999243297700287,""minimum_count_for_half_mass"":8,""n"":245237,""positive_count"":44,""top_shares"":{""0.001"":1.0,""0.01"":1.0},""total"":463.8393439200977,""zero_count"":245193}","{""fraction_for_half_mass"":3.262150491157533e-05,""gini"":0.9999261037527583,""minimum_count_for_half_mass"":8,""n"":245237,""positive_count"":52,""top_shares"":{""0.001"":1.0000000000000002,""0.01"":1.0000000000000002},""total"":454.86642588572573,""zero_count"":245185}","{""fraction_for_half_mass"":0.004142931123770067,""gini"":0.9906315207920408,""minimum_count_for_half_mass"":8,""n"":1931,""positive_count"":51,""top_shares"":{""0.01"":0.8901240823395203,""0.05"":1.0,""0.1"":1.0},""total"":3.581625400675006,""zero_count"":1880}","{""benchmark_pass_count"":1885,""n"":1931,""quantiles"":{""0.5"":0.0,""0.9"":0.0,""0.99"":0.08236905056025086,""1.0"":0.3236922198983279},""strict_exceedances"":{""0.01"":26,""0.1"":14}}"
57b0ace8ad261f0963cece6e,zsre,v0_live_C2,0,103,1000,original,"{""count"":245185,""denominator"":245237,""fraction"":0.9997879602180748}","{""fraction_for_half_mass"":3.262150491157533e-05,""gini"":0.9999243297700287,""minimum_count_for_half_mass"":8,""n"":245237,""positive_count"":44,""top_shares"":{""0.001"":1.0,""0.01"":1.0},""total"":463.8393439200977,""zero_count"":245193}","{""fraction_for_half_mass"":3.262150491157533e-05,""gini"":0.9999261037527583,""minimum_count_for_half_mass"":8,""n"":245237,""positive_count"":52,""top_shares"":{""0.001"":1.0000000000000002,""0.01"":1.0000000000000002},""total"":454.86642588572573,""zero_count"":245185}","{""fraction_for_half_mass"":0.004142931123770067,""gini"":0.9906315207920408,""minimum_count_for_half_mass"":8,""n"":1931,""positive_count"":51,""top_shares"":{""0.01"":0.8901240823395203,""0.05"":1.0,""0.1"":1.0},""total"":3.581625400675006,""zero_count"":1880}","{""benchmark_pass_count"":1885,""n"":1931,""quantiles"":{""0.5"":0.0,""0.9"":0.0,""0.99"":0.08236905056025086,""1.0"":0.3236922198983279},""strict_exceedances"":{""0.01"":26,""0.1"":14}}"
b1be521b209066effb830ad1,zsre,v0_live_C2,0,104,1000,capoff,"{""count"":245186,""denominator"":245237,""fraction"":0.9997920379061888}","{""fraction_for_half_mass"":4.8932257367363e-05,""gini"":0.9998855361634964,""minimum_count_for_half_mass"":12,""n"":245237,""positive_count"":44,""top_shares"":{""0.001"":1.0,""0.01"":1.0},""total"":631.0804865121266,""zero_count"":245193}","{""fraction_for_half_mass"":4.485456925341608e-05,""gini"":0.9998833659184166,""minimum_count_for_half_mass"":11,""n"":245237,""positive_count"":51,""top_shares"":{""0.001"":1.0000000000000002,""0.01"":1.0000000000000002},""total"":703.293397184766,""zero_count"":245186}","{""fraction_for_half_mass"":0.005696530295183843,""gini"":0.9851874716389337,""minimum_count_for_half_mass"":11,""n"":1931,""positive_count"":51,""top_shares"":{""0.01"":0.6853066221015185,""0.05"":1.0000000000000002,""0.1"":1.0000000000000002},""total"":5.537743284919418,""zero_count"":1880}","{""benchmark_pass_count"":1884,""n"":1931,""quantiles"":{""0.5"":0.0,""0.9"":0.0,""0.99"":0.09777429387078664,""1.0"":0.33205346344243514},""strict_exceedances"":{""0.01"":39,""0.1"":18}}"
b1be521b209066effb830ad1,zsre,v0_live_C2,0,104,1000,original,"{""count"":245186,""denominator"":245237,""fraction"":0.9997920379061888}","{""fraction_for_half_mass"":4.8932257367363e-05,""gini"":0.9998855361634964,""minimum_count_for_half_mass"":12,""n"":245237,""positive_count"":44,""top_shares"":{""0.001"":1.0,""0.01"":1.0},""total"":631.0804865121266,""zero_count"":245193}","{""fraction_for_half_mass"":4.485456925341608e-05,""gini"":0.9998833659184166,""minimum_count_for_half_mass"":11,""n"":245237,""positive_count"":51,""top_shares"":{""0.001"":1.0000000000000002,""0.01"":1.0000000000000002},""total"":703.293397184766,""zero_count"":245186}","{""fraction_for_half_mass"":0.005696530295183843,""gini"":0.9851874716389337,""minimum_count_for_half_mass"":11,""n"":1931,""positive_count"":51,""top_shares"":{""0.01"":0.6853066221015185,""0.05"":1.0000000000000002,""0.1"":1.0000000000000002},""total"":5.537743284919418,""zero_count"":1880}","{""benchmark_pass_count"":1884,""n"":1931,""quantiles"":{""0.5"":0.0,""0.9"":0.0,""0.99"":0.09777429387078664,""1.0"":0.33205346344243514},""strict_exceedances"":{""0.01"":39,""0.1"":18}}"
d246da52d2783b0000af34aa,zsre,v0_live_C2,1,100,1000,capoff,"{""count"":245197,""denominator"":245237,""fraction"":0.9998368924754422}","{""fraction_for_half_mass"":4.0776881139469166e-05,""gini"":0.9999151020384891,""minimum_count_for_half_mass"":10,""n"":245237,""positive_count"":35,""top_shares"":{""0.001"":0.9999999999999998,""0.01"":0.9999999999999998},""total"":646.6614583220068,""zero_count"":245202}","{""fraction_for_half_mass"":4.0776881139469166e-05,""gini"":0.999912669138851,""minimum_count_for_half_mass"":10,""n"":245237,""positive_count"":40,""top_shares"":{""0.001"":1.0000000000000002,""0.01"":1.0000000000000002},""total"":621.2057443430465,""zero_count"":245197}","{""fraction_for_half_mass"":0.005178663904712584,""gini"":0.9889089806340312,""minimum_count_for_half_mass"":10,""n"":1931,""positive_count"":40,""top_shares"":{""0.01"":0.824308554528589,""0.05"":1.0000000000000002,""0.1"":1.0000000000000002},""total"":4.891383813724776,""zero_count"":1891}","{""benchmark_pass_count"":1897,""n"":1931,""quantiles"":{""0.5"":0.0,""0.9"":0.0,""0.99"":0.1186795403166216,""1.0"":0.3185757558553849},""strict_exceedances"":{""0.01"":28,""0.1"":25}}"
d246da52d2783b0000af34aa,zsre,v0_live_C2,1,100,1000,original,"{""count"":245197,""denominator"":245237,""fraction"":0.9998368924754422}","{""fraction_for_half_mass"":4.0776881139469166e-05,""gini"":0.9999151020384891,""minimum_count_for_half_mass"":10,""n"":245237,""positive_count"":35,""top_shares"":{""0.001"":0.9999999999999998,""0.01"":0.9999999999999998},""total"":646.6614583220068,""zero_count"":245202}","{""fraction_for_half_mass"":4.0776881139469166e-05,""gini"":0.999912669138851,""minimum_count_for_half_mass"":10,""n"":245237,""positive_count"":40,""top_shares"":{""0.001"":1.0000000000000002,""0.01"":1.0000000000000002},""total"":621.2057443430465,""zero_count"":245197}","{""fraction_for_half_mass"":0.005178663904712584,""gini"":0.9889089806340312,""minimum_count_for_half_mass"":10,""n"":1931,""positive_count"":40,""top_shares"":{""0.01"":0.824308554528589,""0.05"":1.0000000000000002,""0.1"":1.0000000000000002},""total"":4.891383813724776,""zero_count"":1891}","{""benchmark_pass_count"":1897,""n"":1931,""quantiles"":{""0.5"":0.0,""0.9"":0.0,""0.99"":0.1186795403166216,""1.0"":0.3185757558553849},""strict_exceedances"":{""0.01"":28,""0.1"":25}}"
9ac1596b4a83bfd3759110f5,zsre,v0_live_C2,1,101,1000,capoff,"{""count"":245167,""denominator"":245237,""fraction"":0.9997145618320237}","{""fraction_for_half_mass"":8.155376227893833e-05,""gini"":0.9998235961646232,""minimum_count_for_half_mass"":20,""n"":245237,""positive_count"":61,""top_shares"":{""0.001"":0.9999999999999999,""0.01"":0.9999999999999999},""total"":1391.49491258505,""zero_count"":245176}","{""fraction_for_half_mass"":8.155376227893833e-05,""gini"":0.9998210519012762,""minimum_count_for_half_mass"":20,""n"":245237,""positive_count"":70,""top_shares"":{""0.001"":1.0,""0.01"":1.0},""total"":1355.2558807346118,""zero_count"":245167}","{""fraction_for_half_mass"":0.010357327809425169,""gini"":0.9778199560498949,""minimum_count_for_half_mass"":20,""n"":1931,""positive_count"":67,""top_shares"":{""0.01"":0.5049730654499187,""0.05"":1.0,""0.1"":1.0},""total"":10.671306147516628,""zero_count"":1864}","{""benchmark_pass_count"":1869,""n"":1931,""quantiles"":{""0.5"":0.0,""0.9"":0.0,""0.99"":0.21725079722795074,""1.0"":0.37338612557018663},""strict_exceedances"":{""0.01"":56,""0.1"":46}}"
9ac1596b4a83bfd3759110f5,zsre,v0_live_C2,1,101,1000,original,"{""count"":245167,""denominator"":245237,""fraction"":0.9997145618320237}","{""fraction_for_half_mass"":8.155376227893833e-05,""gini"":0.9998235961646232,""minimum_count_for_half_mass"":20,""n"":245237,""positive_count"":61,""top_shares"":{""0.001"":0.9999999999999999,""0.01"":0.9999999999999999},""total"":1391.49491258505,""zero_count"":245176}","{""fraction_for_half_mass"":8.155376227893833e-05,""gini"":0.9998210519012762,""minimum_count_for_half_mass"":20,""n"":245237,""positive_count"":70,""top_shares"":{""0.001"":1.0,""0.01"":1.0},""total"":1355.2558807346118,""zero_count"":245167}","{""fraction_for_half_mass"":0.010357327809425169,""gini"":0.9778199560498949,""minimum_count_for_half_mass"":20,""n"":1931,""positive_count"":67,""top_shares"":{""0.01"":0.5049730654499187,""0.05"":1.0,""0.1"":1.0},""total"":10.671306147516628,""zero_count"":1864}","{""benchmark_pass_count"":1869,""n"":1931,""quantiles"":{""0.5"":0.0,""0.9"":0.0,""0.99"":0.21725079722795074,""1.0"":0.37338612557018663},""strict_exceedances"":{""0.01"":56,""0.1"":46}}"
d3e7acfb899406015f6d7e6a,zsre,v0_live_C2,1,102,1000,capoff,"{""count"":245170,""denominator"":245237,""fraction"":0.9997267948963655}","{""fraction_for_half_mass"":6.932069793709758e-05,""gini"":0.9998547736378298,""minimum_count_for_half_mass"":17,""n"":245237,""positive_count"":59,""top_shares"":{""0.001"":1.0000000000000002,""0.01"":1.0000000000000002},""total"":1165.1331613714067,""zero_count"":245178}","{""fraction_for_half_mass"":6.932069793709758e-05,""gini"":0.9998545977778278,""minimum_count_for_half_mass"":17,""n"":245237,""positive_count"":67,""top_shares"":{""0.001"":1.0000000000000002,""0.01"":1.0000000000000002},""total"":1135.3355288616042,""zero_count"":245170}","{""fraction_for_half_mass"":0.008803728638011392,""gini"":0.981533917784114,""minimum_count_for_half_mass"":17,""n"":1931,""positive_count"":67,""top_shares"":{""0.01"":0.5844870498288967,""0.05"":1.0,""0.1"":1.0},""total"":8.93964983355594,""zero_count"":1864}","{""benchmark_pass_count"":1865,""n"":1931,""quantiles"":{""0.5"":0.0,""0.9"":0.0,""0.99"":0.21135250211204734,""1.0"":0.2954531181581645},""strict_exceedances"":{""0.01"":47,""0.1"":38}}"
d3e7acfb899406015f6d7e6a,zsre,v0_live_C2,1,102,1000,original,"{""count"":245170,""denominator"":245237,""fraction"":0.9997267948963655}","{""fraction_for_half_mass"":6.932069793709758e-05,""gini"":0.9998547736378298,""minimum_count_for_half_mass"":17,""n"":245237,""positive_count"":59,""top_shares"":{""0.001"":1.0000000000000002,""0.01"":1.0000000000000002},""total"":1165.1331613714067,""zero_count"":245178}","{""fraction_for_half_mass"":6.932069793709758e-05,""gini"":0.9998545977778278,""minimum_count_for_half_mass"":17,""n"":245237,""positive_count"":67,""top_shares"":{""0.001"":1.0000000000000002,""0.01"":1.0000000000000002},""total"":1135.3355288616042,""zero_count"":245170}","{""fraction_for_half_mass"":0.008803728638011392,""gini"":0.981533917784114,""minimum_count_for_half_mass"":17,""n"":1931,""positive_count"":67,""top_shares"":{""0.01"":0.5844870498288967,""0.05"":1.0,""0.1"":1.0},""total"":8.93964983355594,""zero_count"":1864}","{""benchmark_pass_count"":1865,""n"":1931,""quantiles"":{""0.5"":0.0,""0.9"":0.0,""0.99"":0.21135250211204734,""1.0"":0.2954531181581645},""strict_exceedances"":{""0.01"":47,""0.1"":38}}"
1b91b6d6beb187aaf9103cdc,zsre,v0_live_C2,1,103,1000,capoff,"{""count"":245193,""denominator"":245237,""fraction"":0.9998205817229864}","{""fraction_for_half_mass"":3.262150491157533e-05,""gini"":0.9999273092336508,""minimum_count_for_half_mass"":8,""n"":245237,""positive_count"":35,""top_shares"":{""0.001"":0.9999999999999998,""0.01"":0.9999999999999998},""total"":540.0106868686297,""zero_count"":245202}","{""fraction_for_half_mass"":3.669919302552225e-05,""gini"":0.9999232156549531,""minimum_count_for_half_mass"":9,""n"":245237,""positive_count"":44,""top_shares"":{""0.001"":0.9999999999999998,""0.01"":0.9999999999999998},""total"":545.3279921220568,""zero_count"":245193}","{""fraction_for_half_mass"":0.004142931123770067,""gini"":0.9910403451756815,""minimum_count_for_half_mass"":8,""n"":1931,""positive_count"":41,""top_shares"":{""0.01"":0.9149928329958931,""0.05"":1.0,""0.1"":1.0},""total"":4.29392119781147,""zero_count"":1890}","{""benchmark_pass_count"":1898,""n"":1931,""quantiles"":{""0.5"":0.0,""0.9"":0.0,""0.99"":0.06744595629000973,""1.0"":0.37338612557018663},""strict_exceedances"":{""0.01"":26,""0.1"":15}}"
1b91b6d6beb187aaf9103cdc,zsre,v0_live_C2,1,103,1000,original,"{""count"":245193,""denominator"":245237,""fraction"":0.9998205817229864}","{""fraction_for_half_mass"":3.262150491157533e-05,""gini"":0.9999273092336508,""minimum_count_for_half_mass"":8,""n"":245237,""positive_count"":35,""top_shares"":{""0.001"":0.9999999999999998,""0.01"":0.9999999999999998},""total"":540.0106868686297,""zero_count"":245202}","{""fraction_for_half_mass"":3.669919302552225e-05,""gini"":0.9999232156549531,""minimum_count_for_half_mass"":9,""n"":245237,""positive_count"":44,""top_shares"":{""0.001"":0.9999999999999998,""0.01"":0.9999999999999998},""total"":545.3279921220568,""zero_count"":245193}","{""fraction_for_half_mass"":0.004142931123770067,""gini"":0.9910403451756815,""minimum_count_for_half_mass"":8,""n"":1931,""positive_count"":41,""top_shares"":{""0.01"":0.9149928329958931,""0.05"":1.0,""0.1"":1.0},""total"":4.29392119781147,""zero_count"":1890}","{""benchmark_pass_count"":1898,""n"":1931,""quantiles"":{""0.5"":0.0,""0.9"":0.0,""0.99"":0.06744595629000973,""1.0"":0.37338612557018663},""strict_exceedances"":{""0.01"":26,""0.1"":15}}"
9a600f5f46fa47c339ccb4d1,zsre,v0_live_C2,1,104,1000,capoff,"{""count"":245208,""denominator"":245237,""fraction"":0.9998817470446956}","{""fraction_for_half_mass"":3.262150491157533e-05,""gini"":0.9999314404245346,""minimum_count_for_half_mass"":8,""n"":245237,""positive_count"":26,""top_shares"":{""0.001"":1.0,""0.01"":1.0},""total"":498.9422238812025,""zero_count"":245211}","{""fraction_for_half_mass"":3.669919302552225e-05,""gini"":0.9999296534960525,""minimum_count_for_half_mass"":9,""n"":245237,""positive_count"":29,""top_shares"":{""0.001"":0.9999999999999999,""0.01"":0.9999999999999999},""total"":506.3829795949686,""zero_count"":245208}","{""fraction_for_half_mass"":0.004142931123770067,""gini"":0.9915095812372907,""minimum_count_for_half_mass"":8,""n"":1931,""positive_count"":27,""top_shares"":{""0.01"":0.9824725879300366,""0.05"":0.9999999999999999,""0.1"":0.9999999999999999},""total"":3.9872675558658948,""zero_count"":1904}","{""benchmark_pass_count"":1906,""n"":1931,""quantiles"":{""0.5"":0.0,""0.9"":0.0,""0.99"":0.05438995945707241,""1.0"":0.3185757558553849},""strict_exceedances"":{""0.01"":21,""0.1"":18}}"
9a600f5f46fa47c339ccb4d1,zsre,v0_live_C2,1,104,1000,original,"{""count"":245208,""denominator"":245237,""fraction"":0.9998817470446956}","{""fraction_for_half_mass"":3.262150491157533e-05,""gini"":0.9999314404245346,""minimum_count_for_half_mass"":8,""n"":245237,""positive_count"":26,""top_shares"":{""0.001"":1.0,""0.01"":1.0},""total"":498.9422238812025,""zero_count"":245211}","{""fraction_for_half_mass"":3.669919302552225e-05,""gini"":0.9999296534960525,""minimum_count_for_half_mass"":9,""n"":245237,""positive_count"":29,""top_shares"":{""0.001"":0.9999999999999999,""0.01"":0.9999999999999999},""total"":506.3829795949686,""zero_count"":245208}","{""fraction_for_half_mass"":0.004142931123770067,""gini"":0.9915095812372907,""minimum_count_for_half_mass"":8,""n"":1931,""positive_count"":27,""top_shares"":{""0.01"":0.9824725879300366,""0.05"":0.9999999999999999,""0.1"":0.9999999999999999},""total"":3.9872675558658948,""zero_count"":1904}","{""benchmark_pass_count"":1906,""n"":1931,""quantiles"":{""0.5"":0.0,""0.9"":0.0,""0.99"":0.05438995945707241,""1.0"":0.3185757558553849},""strict_exceedances"":{""0.01"":21,""0.1"":18}}"
635bac1c845730dae487891a,zsre,v0_live_C2,2,100,1000,capoff,"{""count"":245159,""denominator"":245237,""fraction"":0.9996819403271121}","{""fraction_for_half_mass"":6.524300982315066e-05,""gini"":0.9998575163735238,""minimum_count_for_half_mass"":16,""n"":245237,""positive_count"":63,""top_shares"":{""0.001"":1.0000000000000002,""0.01"":1.0000000000000002},""total"":985.6488572958757,""zero_count"":245174}","{""fraction_for_half_mass"":6.524300982315066e-05,""gini"":0.9998566124130512,""minimum_count_for_half_mass"":16,""n"":245237,""positive_count"":78,""top_shares"":{""0.001"":1.0000000000000002,""0.01"":1.0000000000000002},""total"":908.2023088500025,""zero_count"":245159}","{""fraction_for_half_mass"":0.008285862247540134,""gini"":0.9817989666313175,""minimum_count_for_half_mass"":16,""n"":1931,""positive_count"":76,""top_shares"":{""0.01"":0.5736495474039003,""0.05"":1.0,""0.1"":1.0},""total"":7.151199282283485,""zero_count"":1855}","{""benchmark_pass_count"":1878,""n"":1931,""quantiles"":{""0.5"":0.0,""0.9"":0.0,""0.99"":0.15358935918795863,""1.0"":0.33382914451096685},""strict_exceedances"":{""0.01"":44,""0.1"":38}}"
635bac1c845730dae487891a,zsre,v0_live_C2,2,100,1000,original,"{""count"":245159,""denominator"":245237,""fraction"":0.9996819403271121}","{""fraction_for_half_mass"":6.524300982315066e-05,""gini"":0.9998575163735238,""minimum_count_for_half_mass"":16,""n"":245237,""positive_count"":63,""top_shares"":{""0.001"":1.0000000000000002,""0.01"":1.0000000000000002},""total"":985.6488572958757,""zero_count"":245174}","{""fraction_for_half_mass"":6.524300982315066e-05,""gini"":0.9998566124130512,""minimum_count_for_half_mass"":16,""n"":245237,""positive_count"":78,""top_shares"":{""0.001"":1.0000000000000002,""0.01"":1.0000000000000002},""total"":908.2023088500025,""zero_count"":245159}","{""fraction_for_half_mass"":0.008285862247540134,""gini"":0.9817989666313175,""minimum_count_for_half_mass"":16,""n"":1931,""positive_count"":76,""top_shares"":{""0.01"":0.5736495474039003,""0.05"":1.0,""0.1"":1.0},""total"":7.151199282283485,""zero_count"":1855}","{""benchmark_pass_count"":1878,""n"":1931,""quantiles"":{""0.5"":0.0,""0.9"":0.0,""0.99"":0.15358935918795863,""1.0"":0.33382914451096685},""strict_exceedances"":{""0.01"":44,""0.1"":38}}"
031ae1822109079d3cddb520,zsre,v0_live_C2,2,101,1000,capoff,"{""count"":245198,""denominator"":245237,""fraction"":0.9998409701635561}","{""fraction_for_half_mass"":4.0776881139469166e-05,""gini"":0.9999068095460152,""minimum_count_for_half_mass"":10,""n"":245237,""positive_count"":36,""top_shares"":{""0.001"":1.0,""0.01"":1.0},""total"":707.6368679729101,""zero_count"":245201}","{""fraction_for_half_mass"":4.0776881139469166e-05,""gini"":0.9999017693954042,""minimum_count_for_half_mass"":10,""n"":245237,""positive_count"":39,""top_shares"":{""0.001"":1.0000000000000002,""0.01"":1.0000000000000002},""total"":694.6137285585303,""zero_count"":245198}","{""fraction_for_half_mass"":0.005178663904712584,""gini"":0.9882566787491879,""minimum_count_for_half_mass"":10,""n"":1931,""positive_count"":37,""top_shares"":{""0.01"":0.7933895166744522,""0.05"":1.0,""0.1"":1.0},""total"":5.469399437468743,""zero_count"":1894}","{""benchmark_pass_count"":1894,""n"":1931,""quantiles"":{""0.5"":0.0,""0.9"":0.0,""0.99"":0.11298044416689722,""1.0"":0.40589083465584935},""strict_exceedances"":{""0.01"":33,""0.1"":21}}"
031ae1822109079d3cddb520,zsre,v0_live_C2,2,101,1000,original,"{""count"":245198,""denominator"":245237,""fraction"":0.9998409701635561}","{""fraction_for_half_mass"":4.0776881139469166e-05,""gini"":0.9999068095460152,""minimum_count_for_half_mass"":10,""n"":245237,""positive_count"":36,""top_shares"":{""0.001"":1.0,""0.01"":1.0},""total"":707.6368679729101,""zero_count"":245201}","{""fraction_for_half_mass"":4.0776881139469166e-05,""gini"":0.9999017693954042,""minimum_count_for_half_mass"":10,""n"":245237,""positive_count"":39,""top_shares"":{""0.001"":1.0000000000000002,""0.01"":1.0000000000000002},""total"":694.6137285585303,""zero_count"":245198}","{""fraction_for_half_mass"":0.005178663904712584,""gini"":0.9882566787491879,""minimum_count_for_half_mass"":10,""n"":1931,""positive_count"":37,""top_shares"":{""0.01"":0.7933895166744522,""0.05"":1.0,""0.1"":1.0},""total"":5.469399437468743,""zero_count"":1894}","{""benchmark_pass_count"":1894,""n"":1931,""quantiles"":{""0.5"":0.0,""0.9"":0.0,""0.99"":0.11298044416689722,""1.0"":0.40589083465584935},""strict_exceedances"":{""0.01"":33,""0.1"":21}}"
3435ab1a884c517b32867161,zsre,v0_live_C2,2,102,1000,capoff,"{""count"":245189,""denominator"":245237,""fraction"":0.9998042709705306}","{""fraction_for_half_mass"":5.708763359525683e-05,""gini"":0.9998737026518798,""minimum_count_for_half_mass"":14,""n"":245237,""positive_count"":45,""top_shares"":{""0.001"":1.0,""0.01"":1.0},""total"":881.1972836930373,""zero_count"":245192}","{""fraction_for_half_mass"":6.116532170920375e-05,""gini"":0.9998674633540482,""minimum_count_for_half_mass"":15,""n"":245237,""positive_count"":48,""top_shares"":{""0.001"":1.0000000000000002,""0.01"":1.0000000000000002},""total"":856.3628464770622,""zero_count"":245189}","{""fraction_for_half_mass"":0.006732263076126359,""gini"":0.9846479666251728,""minimum_count_for_half_mass"":13,""n"":1931,""positive_count"":46,""top_shares"":{""0.01"":0.6535857010905753,""0.05"":1.0,""0.1"":1.0},""total"":6.743014539189467,""zero_count"":1885}","{""benchmark_pass_count"":1887,""n"":1931,""quantiles"":{""0.5"":0.0,""0.9"":0.0,""0.99"":0.14783634106485563,""1.0"":0.40589083465584935},""strict_exceedances"":{""0.01"":41,""0.1"":32}}"
3435ab1a884c517b32867161,zsre,v0_live_C2,2,102,1000,original,"{""count"":245189,""denominator"":245237,""fraction"":0.9998042709705306}","{""fraction_for_half_mass"":5.708763359525683e-05,""gini"":0.9998737026518798,""minimum_count_for_half_mass"":14,""n"":245237,""positive_count"":45,""top_shares"":{""0.001"":1.0,""0.01"":1.0},""total"":881.1972836930373,""zero_count"":245192}","{""fraction_for_half_mass"":6.116532170920375e-05,""gini"":0.9998674633540482,""minimum_count_for_half_mass"":15,""n"":245237,""positive_count"":48,""top_shares"":{""0.001"":1.0000000000000002,""0.01"":1.0000000000000002},""total"":856.3628464770622,""zero_count"":245189}","{""fraction_for_half_mass"":0.006732263076126359,""gini"":0.9846479666251728,""minimum_count_for_half_mass"":13,""n"":1931,""positive_count"":46,""top_shares"":{""0.01"":0.6535857010905753,""0.05"":1.0,""0.1"":1.0},""total"":6.743014539189467,""zero_count"":1885}","{""benchmark_pass_count"":1887,""n"":1931,""quantiles"":{""0.5"":0.0,""0.9"":0.0,""0.99"":0.14783634106485563,""1.0"":0.40589083465584935},""strict_exceedances"":{""0.01"":41,""0.1"":32}}"
09d4451a2a5b030d1853c267,zsre,v0_live_C2,2,103,1000,capoff,"{""count"":245155,""denominator"":245237,""fraction"":0.9996656295746563}","{""fraction_for_half_mass"":8.563145039288525e-05,""gini"":0.9997899428480841,""minimum_count_for_half_mass"":21,""n"":245237,""positive_count"":80,""top_shares"":{""0.001"":1.0000000000000002,""0.01"":1.0},""total"":1287.2829526112685,""zero_count"":245157}","{""fraction_for_half_mass"":9.378682662077908e-05,""gini"":0.999780453835914,""minimum_count_for_half_mass"":23,""n"":245237,""positive_count"":82,""top_shares"":{""0.001"":1.0000000000000002,""0.01"":1.0000000000000004},""total"":1243.2115710988335,""zero_count"":245155}","{""fraction_for_half_mass"":0.009321595028482652,""gini"":0.9774365570333634,""minimum_count_for_half_mass"":18,""n"":1931,""positive_count"":68,""top_shares"":{""0.01"":0.5279798387211057,""0.05"":1.0,""0.1"":1.0},""total"":9.789067488967195,""zero_count"":1863}","{""benchmark_pass_count"":1864,""n"":1931,""quantiles"":{""0.5"":0.0,""0.9"":0.0,""0.99"":0.1736968257107131,""1.0"":0.40589083465584935},""strict_exceedances"":{""0.01"":65,""0.1"":38}}"
09d4451a2a5b030d1853c267,zsre,v0_live_C2,2,103,1000,original,"{""count"":245155,""denominator"":245237,""fraction"":0.9996656295746563}","{""fraction_for_half_mass"":8.563145039288525e-05,""gini"":0.9997899428480841,""minimum_count_for_half_mass"":21,""n"":245237,""positive_count"":80,""top_shares"":{""0.001"":1.0000000000000002,""0.01"":1.0},""total"":1287.2829526112685,""zero_count"":245157}","{""fraction_for_half_mass"":9.378682662077908e-05,""gini"":0.999780453835914,""minimum_count_for_half_mass"":23,""n"":245237,""positive_count"":82,""top_shares"":{""0.001"":1.0000000000000002,""0.01"":1.0000000000000004},""total"":1243.2115710988335,""zero_count"":245155}","{""fraction_for_half_mass"":0.009321595028482652,""gini"":0.9774365570333634,""minimum_count_for_half_mass"":18,""n"":1931,""positive_count"":68,""top_shares"":{""0.01"":0.5279798387211057,""0.05"":1.0,""0.1"":1.0},""total"":9.789067488967195,""zero_count"":1863}","{""benchmark_pass_count"":1864,""n"":1931,""quantiles"":{""0.5"":0.0,""0.9"":0.0,""0.99"":0.1736968257107131,""1.0"":0.40589083465584935},""strict_exceedances"":{""0.01"":65,""0.1"":38}}"
fa309fa719c353f20a813699,zsre,v0_live_C2,2,104,1000,capoff,"{""count"":245198,""denominator"":245237,""fraction"":0.9998409701635561}","{""fraction_for_half_mass"":4.0776881139469166e-05,""gini"":0.9999035668251622,""minimum_count_for_half_mass"":10,""n"":245237,""positive_count"":37,""top_shares"":{""0.001"":0.9999999999999999,""0.01"":0.9999999999999999},""total"":740.0924464612953,""zero_count"":245200}","{""fraction_for_half_mass"":4.8932257367363e-05,""gini"":0.999894280640616,""minimum_count_for_half_mass"":12,""n"":245237,""positive_count"":39,""top_shares"":{""0.001"":1.0000000000000002,""0.01"":1.0000000000000002},""total"":740.1372293968328,""zero_count"":245198}","{""fraction_for_half_mass"":0.006214396685655101,""gini"":0.9865737969924325,""minimum_count_for_half_mass"":12,""n"":1931,""positive_count"":38,""top_shares"":{""0.01"":0.712367179272649,""0.05"":1.0000000000000002,""0.1"":1.0000000000000002},""total"":5.827852199975061,""zero_count"":1893}","{""benchmark_pass_count"":1894,""n"":1931,""quantiles"":{""0.5"":0.0,""0.9"":0.0,""0.99"":0.14622942667866223,""1.0"":0.3706446150905955},""strict_exceedances"":{""0.01"":34,""0.1"":30}}"
fa309fa719c353f20a813699,zsre,v0_live_C2,2,104,1000,original,"{""count"":245198,""denominator"":245237,""fraction"":0.9998409701635561}","{""fraction_for_half_mass"":4.0776881139469166e-05,""gini"":0.9999035668251622,""minimum_count_for_half_mass"":10,""n"":245237,""positive_count"":37,""top_shares"":{""0.001"":0.9999999999999999,""0.01"":0.9999999999999999},""total"":740.0924464612953,""zero_count"":245200}","{""fraction_for_half_mass"":4.8932257367363e-05,""gini"":0.999894280640616,""minimum_count_for_half_mass"":12,""n"":245237,""positive_count"":39,""top_shares"":{""0.001"":1.0000000000000002,""0.01"":1.0000000000000002},""total"":740.1372293968328,""zero_count"":245198}","{""fraction_for_half_mass"":0.006214396685655101,""gini"":0.9865737969924325,""minimum_count_for_half_mass"":12,""n"":1931,""positive_count"":38,""top_shares"":{""0.01"":0.712367179272649,""0.05"":1.0000000000000002,""0.1"":1.0000000000000002},""total"":5.827852199975061,""zero_count"":1893}","{""benchmark_pass_count"":1894,""n"":1931,""quantiles"":{""0.5"":0.0,""0.9"":0.0,""0.99"":0.14622942667866223,""1.0"":0.3706446150905955},""strict_exceedances"":{""0.01"":34,""0.1"":30}}"
03ee79b7cf8d02ddb7baeea3,counterfact,v0_live_C2,0,100,1000,capoff,"{""count"":245237,""denominator"":245237,""fraction"":1.0}","{""fraction_for_half_mass"":null,""gini"":null,""minimum_count_for_half_mass"":null,""n"":245237,""positive_count"":0,""top_shares"":{""0.001"":null,""0.01"":null},""total"":0.0,""zero_count"":245237}","{""fraction_for_half_mass"":null,""gini"":null,""minimum_count_for_half_mass"":null,""n"":245237,""positive_count"":0,""top_shares"":{""0.001"":null,""0.01"":null},""total"":0.0,""zero_count"":245237}","{""fraction_for_half_mass"":null,""gini"":null,""minimum_count_for_half_mass"":null,""n"":1931,""positive_count"":0,""top_shares"":{""0.01"":null,""0.05"":null,""0.1"":null},""total"":0.0,""zero_count"":1931}","{""benchmark_pass_count"":1931,""n"":1931,""quantiles"":{""0.5"":0.0,""0.9"":0.0,""0.99"":0.0,""1.0"":0.0},""strict_exceedances"":{""0.01"":0,""0.1"":0}}"
03ee79b7cf8d02ddb7baeea3,counterfact,v0_live_C2,0,100,1000,original,"{""count"":245237,""denominator"":245237,""fraction"":1.0}","{""fraction_for_half_mass"":null,""gini"":null,""minimum_count_for_half_mass"":null,""n"":245237,""positive_count"":0,""top_shares"":{""0.001"":null,""0.01"":null},""total"":0.0,""zero_count"":245237}","{""fraction_for_half_mass"":null,""gini"":null,""minimum_count_for_half_mass"":null,""n"":245237,""positive_count"":0,""top_shares"":{""0.001"":null,""0.01"":null},""total"":0.0,""zero_count"":245237}","{""fraction_for_half_mass"":null,""gini"":null,""minimum_count_for_half_mass"":null,""n"":1931,""positive_count"":0,""top_shares"":{""0.01"":null,""0.05"":null,""0.1"":null},""total"":0.0,""zero_count"":1931}","{""benchmark_pass_count"":1931,""n"":1931,""quantiles"":{""0.5"":0.0,""0.9"":0.0,""0.99"":0.0,""1.0"":0.0},""strict_exceedances"":{""0.01"":0,""0.1"":0}}"
37aa09141ddb4b6e8f93f647,counterfact,v0_live_C2,0,101,1000,capoff,"{""count"":245237,""denominator"":245237,""fraction"":1.0}","{""fraction_for_half_mass"":null,""gini"":null,""minimum_count_for_half_mass"":null,""n"":245237,""positive_count"":0,""top_shares"":{""0.001"":null,""0.01"":null},""total"":0.0,""zero_count"":245237}","{""fraction_for_half_mass"":null,""gini"":null,""minimum_count_for_half_mass"":null,""n"":245237,""positive_count"":0,""top_shares"":{""0.001"":null,""0.01"":null},""total"":0.0,""zero_count"":245237}","{""fraction_for_half_mass"":null,""gini"":null,""minimum_count_for_half_mass"":null,""n"":1931,""positive_count"":0,""top_shares"":{""0.01"":null,""0.05"":null,""0.1"":null},""total"":0.0,""zero_count"":1931}","{""benchmark_pass_count"":1931,""n"":1931,""quantiles"":{""0.5"":0.0,""0.9"":0.0,""0.99"":0.0,""1.0"":0.0},""strict_exceedances"":{""0.01"":0,""0.1"":0}}"
37aa09141ddb4b6e8f93f647,counterfact,v0_live_C2,0,101,1000,original,"{""count"":245237,""denominator"":245237,""fraction"":1.0}","{""fraction_for_half_mass"":null,""gini"":null,""minimum_count_for_half_mass"":null,""n"":245237,""positive_count"":0,""top_shares"":{""0.001"":null,""0.01"":null},""total"":0.0,""zero_count"":245237}","{""fraction_for_half_mass"":null,""gini"":null,""minimum_count_for_half_mass"":null,""n"":245237,""positive_count"":0,""top_shares"":{""0.001"":null,""0.01"":null},""total"":0.0,""zero_count"":245237}","{""fraction_for_half_mass"":null,""gini"":null,""minimum_count_for_half_mass"":null,""n"":1931,""positive_count"":0,""top_shares"":{""0.01"":null,""0.05"":null,""0.1"":null},""total"":0.0,""zero_count"":1931}","{""benchmark_pass_count"":1931,""n"":1931,""quantiles"":{""0.5"":0.0,""0.9"":0.0,""0.99"":0.0,""1.0"":0.0},""strict_exceedances"":{""0.01"":0,""0.1"":0}}"
c14b2b630688912a588e1cf3,counterfact,v0_live_C2,0,102,1000,capoff,"{""count"":245237,""denominator"":245237,""fraction"":1.0}","{""fraction_for_half_mass"":null,""gini"":null,""minimum_count_for_half_mass"":null,""n"":245237,""positive_count"":0,""top_shares"":{""0.001"":null,""0.01"":null},""total"":0.0,""zero_count"":245237}","{""fraction_for_half_mass"":null,""gini"":null,""minimum_count_for_half_mass"":null,""n"":245237,""positive_count"":0,""top_shares"":{""0.001"":null,""0.01"":null},""total"":0.0,""zero_count"":245237}","{""fraction_for_half_mass"":null,""gini"":null,""minimum_count_for_half_mass"":null,""n"":1931,""positive_count"":0,""top_shares"":{""0.01"":null,""0.05"":null,""0.1"":null},""total"":0.0,""zero_count"":1931}","{""benchmark_pass_count"":1931,""n"":1931,""quantiles"":{""0.5"":0.0,""0.9"":0.0,""0.99"":0.0,""1.0"":0.0},""strict_exceedances"":{""0.01"":0,""0.1"":0}}"
c14b2b630688912a588e1cf3,counterfact,v0_live_C2,0,102,1000,original,"{""count"":245237,""denominator"":245237,""fraction"":1.0}","{""fraction_for_half_mass"":null,""gini"":null,""minimum_count_for_half_mass"":null,""n"":245237,""positive_count"":0,""top_shares"":{""0.001"":null,""0.01"":null},""total"":0.0,""zero_count"":245237}","{""fraction_for_half_mass"":null,""gini"":null,""minimum_count_for_half_mass"":null,""n"":245237,""positive_count"":0,""top_shares"":{""0.001"":null,""0.01"":null},""total"":0.0,""zero_count"":245237}","{""fraction_for_half_mass"":null,""gini"":null,""minimum_count_for_half_mass"":null,""n"":1931,""positive_count"":0,""top_shares"":{""0.01"":null,""0.05"":null,""0.1"":null},""total"":0.0,""zero_count"":1931}","{""benchmark_pass_count"":1931,""n"":1931,""quantiles"":{""0.5"":0.0,""0.9"":0.0,""0.99"":0.0,""1.0"":0.0},""strict_exceedances"":{""0.01"":0,""0.1"":0}}"
2eda7453d476d16c07a327ed,counterfact,v0_live_C2,0,103,1000,capoff,"{""count"":245237,""denominator"":245237,""fraction"":1.0}","{""fraction_for_half_mass"":null,""gini"":null,""minimum_count_for_half_mass"":null,""n"":245237,""positive_count"":0,""top_shares"":{""0.001"":null,""0.01"":null},""total"":0.0,""zero_count"":245237}","{""fraction_for_half_mass"":null,""gini"":null,""minimum_count_for_half_mass"":null,""n"":245237,""positive_count"":0,""top_shares"":{""0.001"":null,""0.01"":null},""total"":0.0,""zero_count"":245237}","{""fraction_for_half_mass"":null,""gini"":null,""minimum_count_for_half_mass"":null,""n"":1931,""positive_count"":0,""top_shares"":{""0.01"":null,""0.05"":null,""0.1"":null},""total"":0.0,""zero_count"":1931}","{""benchmark_pass_count"":1931,""n"":1931,""quantiles"":{""0.5"":0.0,""0.9"":0.0,""0.99"":0.0,""1.0"":0.0},""strict_exceedances"":{""0.01"":0,""0.1"":0}}"
2eda7453d476d16c07a327ed,counterfact,v0_live_C2,0,103,1000,original,"{""count"":245237,""denominator"":245237,""fraction"":1.0}","{""fraction_for_half_mass"":null,""gini"":null,""minimum_count_for_half_mass"":null,""n"":245237,""positive_count"":0,""top_shares"":{""0.001"":null,""0.01"":null},""total"":0.0,""zero_count"":245237}","{""fraction_for_half_mass"":null,""gini"":null,""minimum_count_for_half_mass"":null,""n"":245237,""positive_count"":0,""top_shares"":{""0.001"":null,""0.01"":null},""total"":0.0,""zero_count"":245237}","{""fraction_for_half_mass"":null,""gini"":null,""minimum_count_for_half_mass"":null,""n"":1931,""positive_count"":0,""top_shares"":{""0.01"":null,""0.05"":null,""0.1"":null},""total"":0.0,""zero_count"":1931}","{""benchmark_pass_count"":1931,""n"":1931,""quantiles"":{""0.5"":0.0,""0.9"":0.0,""0.99"":0.0,""1.0"":0.0},""strict_exceedances"":{""0.01"":0,""0.1"":0}}"
9a29639c43e873eec6a7d1ac,counterfact,v0_live_C2,0,104,1000,capoff,"{""count"":245237,""denominator"":245237,""fraction"":1.0}","{""fraction_for_half_mass"":null,""gini"":null,""minimum_count_for_half_mass"":null,""n"":245237,""positive_count"":0,""top_shares"":{""0.001"":null,""0.01"":null},""total"":0.0,""zero_count"":245237}","{""fraction_for_half_mass"":null,""gini"":null,""minimum_count_for_half_mass"":null,""n"":245237,""positive_count"":0,""top_shares"":{""0.001"":null,""0.01"":null},""total"":0.0,""zero_count"":245237}","{""fraction_for_half_mass"":null,""gini"":null,""minimum_count_for_half_mass"":null,""n"":1931,""positive_count"":0,""top_shares"":{""0.01"":null,""0.05"":null,""0.1"":null},""total"":0.0,""zero_count"":1931}","{""benchmark_pass_count"":1931,""n"":1931,""quantiles"":{""0.5"":0.0,""0.9"":0.0,""0.99"":0.0,""1.0"":0.0},""strict_exceedances"":{""0.01"":0,""0.1"":0}}"
9a29639c43e873eec6a7d1ac,counterfact,v0_live_C2,0,104,1000,original,"{""count"":245237,""denominator"":245237,""fraction"":1.0}","{""fraction_for_half_mass"":null,""gini"":null,""minimum_count_for_half_mass"":null,""n"":245237,""positive_count"":0,""top_shares"":{""0.001"":null,""0.01"":null},""total"":0.0,""zero_count"":245237}","{""fraction_for_half_mass"":null,""gini"":null,""minimum_count_for_half_mass"":null,""n"":245237,""positive_count"":0,""top_shares"":{""0.001"":null,""0.01"":null},""total"":0.0,""zero_count"":245237}","{""fraction_for_half_mass"":null,""gini"":null,""minimum_count_for_half_mass"":null,""n"":1931,""positive_count"":0,""top_shares"":{""0.01"":null,""0.05"":null,""0.1"":null},""total"":0.0,""zero_count"":1931}","{""benchmark_pass_count"":1931,""n"":1931,""quantiles"":{""0.5"":0.0,""0.9"":0.0,""0.99"":0.0,""1.0"":0.0},""strict_exceedances"":{""0.01"":0,""0.1"":0}}"
0362b36136a70031c319de5f,counterfact,v0_live_C2,1,100,1000,capoff,"{""count"":245237,""denominator"":245237,""fraction"":1.0}","{""fraction_for_half_mass"":null,""gini"":null,""minimum_count_for_half_mass"":null,""n"":245237,""positive_count"":0,""top_shares"":{""0.001"":null,""0.01"":null},""total"":0.0,""zero_count"":245237}","{""fraction_for_half_mass"":null,""gini"":null,""minimum_count_for_half_mass"":null,""n"":245237,""positive_count"":0,""top_shares"":{""0.001"":null,""0.01"":null},""total"":0.0,""zero_count"":245237}","{""fraction_for_half_mass"":null,""gini"":null,""minimum_count_for_half_mass"":null,""n"":1931,""positive_count"":0,""top_shares"":{""0.01"":null,""0.05"":null,""0.1"":null},""total"":0.0,""zero_count"":1931}","{""benchmark_pass_count"":1931,""n"":1931,""quantiles"":{""0.5"":0.0,""0.9"":0.0,""0.99"":0.0,""1.0"":0.0},""strict_exceedances"":{""0.01"":0,""0.1"":0}}"
0362b36136a70031c319de5f,counterfact,v0_live_C2,1,100,1000,original,"{""count"":245237,""denominator"":245237,""fraction"":1.0}","{""fraction_for_half_mass"":null,""gini"":null,""minimum_count_for_half_mass"":null,""n"":245237,""positive_count"":0,""top_shares"":{""0.001"":null,""0.01"":null},""total"":0.0,""zero_count"":245237}","{""fraction_for_half_mass"":null,""gini"":null,""minimum_count_for_half_mass"":null,""n"":245237,""positive_count"":0,""top_shares"":{""0.001"":null,""0.01"":null},""total"":0.0,""zero_count"":245237}","{""fraction_for_half_mass"":null,""gini"":null,""minimum_count_for_half_mass"":null,""n"":1931,""positive_count"":0,""top_shares"":{""0.01"":null,""0.05"":null,""0.1"":null},""total"":0.0,""zero_count"":1931}","{""benchmark_pass_count"":1931,""n"":1931,""quantiles"":{""0.5"":0.0,""0.9"":0.0,""0.99"":0.0,""1.0"":0.0},""strict_exceedances"":{""0.01"":0,""0.1"":0}}"
9397f85898818d3dc9d04c1e,counterfact,v0_live_C2,1,101,1000,capoff,"{""count"":245237,""denominator"":245237,""fraction"":1.0}","{""fraction_for_half_mass"":null,""gini"":null,""minimum_count_for_half_mass"":null,""n"":245237,""positive_count"":0,""top_shares"":{""0.001"":null,""0.01"":null},""total"":0.0,""zero_count"":245237}","{""fraction_for_half_mass"":null,""gini"":null,""minimum_count_for_half_mass"":null,""n"":245237,""positive_count"":0,""top_shares"":{""0.001"":null,""0.01"":null},""total"":0.0,""zero_count"":245237}","{""fraction_for_half_mass"":null,""gini"":null,""minimum_count_for_half_mass"":null,""n"":1931,""positive_count"":0,""top_shares"":{""0.01"":null,""0.05"":null,""0.1"":null},""total"":0.0,""zero_count"":1931}","{""benchmark_pass_count"":1931,""n"":1931,""quantiles"":{""0.5"":0.0,""0.9"":0.0,""0.99"":0.0,""1.0"":0.0},""strict_exceedances"":{""0.01"":0,""0.1"":0}}"
9397f85898818d3dc9d04c1e,counterfact,v0_live_C2,1,101,1000,original,"{""count"":245237,""denominator"":245237,""fraction"":1.0}","{""fraction_for_half_mass"":null,""gini"":null,""minimum_count_for_half_mass"":null,""n"":245237,""positive_count"":0,""top_shares"":{""0.001"":null,""0.01"":null},""total"":0.0,""zero_count"":245237}","{""fraction_for_half_mass"":null,""gini"":null,""minimum_count_for_half_mass"":null,""n"":245237,""positive_count"":0,""top_shares"":{""0.001"":null,""0.01"":null},""total"":0.0,""zero_count"":245237}","{""fraction_for_half_mass"":null,""gini"":null,""minimum_count_for_half_mass"":null,""n"":1931,""positive_count"":0,""top_shares"":{""0.01"":null,""0.05"":null,""0.1"":null},""total"":0.0,""zero_count"":1931}","{""benchmark_pass_count"":1931,""n"":1931,""quantiles"":{""0.5"":0.0,""0.9"":0.0,""0.99"":0.0,""1.0"":0.0},""strict_exceedances"":{""0.01"":0,""0.1"":0}}"
4c1b2ab65e6ba3e75ac9b10a,counterfact,v0_live_C2,1,102,1000,capoff,"{""count"":245237,""denominator"":245237,""fraction"":1.0}","{""fraction_for_half_mass"":null,""gini"":null,""minimum_count_for_half_mass"":null,""n"":245237,""positive_count"":0,""top_shares"":{""0.001"":null,""0.01"":null},""total"":0.0,""zero_count"":245237}","{""fraction_for_half_mass"":null,""gini"":null,""minimum_count_for_half_mass"":null,""n"":245237,""positive_count"":0,""top_shares"":{""0.001"":null,""0.01"":null},""total"":0.0,""zero_count"":245237}","{""fraction_for_half_mass"":null,""gini"":null,""minimum_count_for_half_mass"":null,""n"":1931,""positive_count"":0,""top_shares"":{""0.01"":null,""0.05"":null,""0.1"":null},""total"":0.0,""zero_count"":1931}","{""benchmark_pass_count"":1931,""n"":1931,""quantiles"":{""0.5"":0.0,""0.9"":0.0,""0.99"":0.0,""1.0"":0.0},""strict_exceedances"":{""0.01"":0,""0.1"":0}}"
4c1b2ab65e6ba3e75ac9b10a,counterfact,v0_live_C2,1,102,1000,original,"{""count"":245237,""denominator"":245237,""fraction"":1.0}","{""fraction_for_half_mass"":null,""gini"":null,""minimum_count_for_half_mass"":null,""n"":245237,""positive_count"":0,""top_shares"":{""0.001"":null,""0.01"":null},""total"":0.0,""zero_count"":245237}","{""fraction_for_half_mass"":null,""gini"":null,""minimum_count_for_half_mass"":null,""n"":245237,""positive_count"":0,""top_shares"":{""0.001"":null,""0.01"":null},""total"":0.0,""zero_count"":245237}","{""fraction_for_half_mass"":null,""gini"":null,""minimum_count_for_half_mass"":null,""n"":1931,""positive_count"":0,""top_shares"":{""0.01"":null,""0.05"":null,""0.1"":null},""total"":0.0,""zero_count"":1931}","{""benchmark_pass_count"":1931,""n"":1931,""quantiles"":{""0.5"":0.0,""0.9"":0.0,""0.99"":0.0,""1.0"":0.0},""strict_exceedances"":{""0.01"":0,""0.1"":0}}"
d679f4cef5e7a847d5f6dc80,counterfact,v0_live_C2,1,103,1000,capoff,"{""count"":245237,""denominator"":245237,""fraction"":1.0}","{""fraction_for_half_mass"":null,""gini"":null,""minimum_count_for_half_mass"":null,""n"":245237,""positive_count"":0,""top_shares"":{""0.001"":null,""0.01"":null},""total"":0.0,""zero_count"":245237}","{""fraction_for_half_mass"":null,""gini"":null,""minimum_count_for_half_mass"":null,""n"":245237,""positive_count"":0,""top_shares"":{""0.001"":null,""0.01"":null},""total"":0.0,""zero_count"":245237}","{""fraction_for_half_mass"":null,""gini"":null,""minimum_count_for_half_mass"":null,""n"":1931,""positive_count"":0,""top_shares"":{""0.01"":null,""0.05"":null,""0.1"":null},""total"":0.0,""zero_count"":1931}","{""benchmark_pass_count"":1931,""n"":1931,""quantiles"":{""0.5"":0.0,""0.9"":0.0,""0.99"":0.0,""1.0"":0.0},""strict_exceedances"":{""0.01"":0,""0.1"":0}}"
d679f4cef5e7a847d5f6dc80,counterfact,v0_live_C2,1,103,1000,original,"{""count"":245237,""denominator"":245237,""fraction"":1.0}","{""fraction_for_half_mass"":null,""gini"":null,""minimum_count_for_half_mass"":null,""n"":245237,""positive_count"":0,""top_shares"":{""0.001"":null,""0.01"":null},""total"":0.0,""zero_count"":245237}","{""fraction_for_half_mass"":null,""gini"":null,""minimum_count_for_half_mass"":null,""n"":245237,""positive_count"":0,""top_shares"":{""0.001"":null,""0.01"":null},""total"":0.0,""zero_count"":245237}","{""fraction_for_half_mass"":null,""gini"":null,""minimum_count_for_half_mass"":null,""n"":1931,""positive_count"":0,""top_shares"":{""0.01"":null,""0.05"":null,""0.1"":null},""total"":0.0,""zero_count"":1931}","{""benchmark_pass_count"":1931,""n"":1931,""quantiles"":{""0.5"":0.0,""0.9"":0.0,""0.99"":0.0,""1.0"":0.0},""strict_exceedances"":{""0.01"":0,""0.1"":0}}"
f19cc29f17b93bb9cbbd5f1a,counterfact,v0_live_C2,1,104,1000,capoff,"{""count"":245237,""denominator"":245237,""fraction"":1.0}","{""fraction_for_half_mass"":null,""gini"":null,""minimum_count_for_half_mass"":null,""n"":245237,""positive_count"":0,""top_shares"":{""0.001"":null,""0.01"":null},""total"":0.0,""zero_count"":245237}","{""fraction_for_half_mass"":null,""gini"":null,""minimum_count_for_half_mass"":null,""n"":245237,""positive_count"":0,""top_shares"":{""0.001"":null,""0.01"":null},""total"":0.0,""zero_count"":245237}","{""fraction_for_half_mass"":null,""gini"":null,""minimum_count_for_half_mass"":null,""n"":1931,""positive_count"":0,""top_shares"":{""0.01"":null,""0.05"":null,""0.1"":null},""total"":0.0,""zero_count"":1931}","{""benchmark_pass_count"":1931,""n"":1931,""quantiles"":{""0.5"":0.0,""0.9"":0.0,""0.99"":0.0,""1.0"":0.0},""strict_exceedances"":{""0.01"":0,""0.1"":0}}"
f19cc29f17b93bb9cbbd5f1a,counterfact,v0_live_C2,1,104,1000,original,"{""count"":245237,""denominator"":245237,""fraction"":1.0}","{""fraction_for_half_mass"":null,""gini"":null,""minimum_count_for_half_mass"":null,""n"":245237,""positive_count"":0,""top_shares"":{""0.001"":null,""0.01"":null},""total"":0.0,""zero_count"":245237}","{""fraction_for_half_mass"":null,""gini"":null,""minimum_count_for_half_mass"":null,""n"":245237,""positive_count"":0,""top_shares"":{""0.001"":null,""0.01"":null},""total"":0.0,""zero_count"":245237}","{""fraction_for_half_mass"":null,""gini"":null,""minimum_count_for_half_mass"":null,""n"":1931,""positive_count"":0,""top_shares"":{""0.01"":null,""0.05"":null,""0.1"":null},""total"":0.0,""zero_count"":1931}","{""benchmark_pass_count"":1931,""n"":1931,""quantiles"":{""0.5"":0.0,""0.9"":0.0,""0.99"":0.0,""1.0"":0.0},""strict_exceedances"":{""0.01"":0,""0.1"":0}}"
e654a69635e2e4a1bcc2903b,counterfact,v0_live_C2,2,100,1000,capoff,"{""count"":245237,""denominator"":245237,""fraction"":1.0}","{""fraction_for_half_mass"":null,""gini"":null,""minimum_count_for_half_mass"":null,""n"":245237,""positive_count"":0,""top_shares"":{""0.001"":null,""0.01"":null},""total"":0.0,""zero_count"":245237}","{""fraction_for_half_mass"":null,""gini"":null,""minimum_count_for_half_mass"":null,""n"":245237,""positive_count"":0,""top_shares"":{""0.001"":null,""0.01"":null},""total"":0.0,""zero_count"":245237}","{""fraction_for_half_mass"":null,""gini"":null,""minimum_count_for_half_mass"":null,""n"":1931,""positive_count"":0,""top_shares"":{""0.01"":null,""0.05"":null,""0.1"":null},""total"":0.0,""zero_count"":1931}","{""benchmark_pass_count"":1931,""n"":1931,""quantiles"":{""0.5"":0.0,""0.9"":0.0,""0.99"":0.0,""1.0"":0.0},""strict_exceedances"":{""0.01"":0,""0.1"":0}}"
e654a69635e2e4a1bcc2903b,counterfact,v0_live_C2,2,100,1000,original,"{""count"":245237,""denominator"":245237,""fraction"":1.0}","{""fraction_for_half_mass"":null,""gini"":null,""minimum_count_for_half_mass"":null,""n"":245237,""positive_count"":0,""top_shares"":{""0.001"":null,""0.01"":null},""total"":0.0,""zero_count"":245237}","{""fraction_for_half_mass"":null,""gini"":null,""minimum_count_for_half_mass"":null,""n"":245237,""positive_count"":0,""top_shares"":{""0.001"":null,""0.01"":null},""total"":0.0,""zero_count"":245237}","{""fraction_for_half_mass"":null,""gini"":null,""minimum_count_for_half_mass"":null,""n"":1931,""positive_count"":0,""top_shares"":{""0.01"":null,""0.05"":null,""0.1"":null},""total"":0.0,""zero_count"":1931}","{""benchmark_pass_count"":1931,""n"":1931,""quantiles"":{""0.5"":0.0,""0.9"":0.0,""0.99"":0.0,""1.0"":0.0},""strict_exceedances"":{""0.01"":0,""0.1"":0}}"
508b709256adff820b7fdf82,counterfact,v0_live_C2,2,101,1000,capoff,"{""count"":245237,""denominator"":245237,""fraction"":1.0}","{""fraction_for_half_mass"":null,""gini"":null,""minimum_count_for_half_mass"":null,""n"":245237,""positive_count"":0,""top_shares"":{""0.001"":null,""0.01"":null},""total"":0.0,""zero_count"":245237}","{""fraction_for_half_mass"":null,""gini"":null,""minimum_count_for_half_mass"":null,""n"":245237,""positive_count"":0,""top_shares"":{""0.001"":null,""0.01"":null},""total"":0.0,""zero_count"":245237}","{""fraction_for_half_mass"":null,""gini"":null,""minimum_count_for_half_mass"":null,""n"":1931,""positive_count"":0,""top_shares"":{""0.01"":null,""0.05"":null,""0.1"":null},""total"":0.0,""zero_count"":1931}","{""benchmark_pass_count"":1931,""n"":1931,""quantiles"":{""0.5"":0.0,""0.9"":0.0,""0.99"":0.0,""1.0"":0.0},""strict_exceedances"":{""0.01"":0,""0.1"":0}}"
508b709256adff820b7fdf82,counterfact,v0_live_C2,2,101,1000,original,"{""count"":245237,""denominator"":245237,""fraction"":1.0}","{""fraction_for_half_mass"":null,""gini"":null,""minimum_count_for_half_mass"":null,""n"":245237,""positive_count"":0,""top_shares"":{""0.001"":null,""0.01"":null},""total"":0.0,""zero_count"":245237}","{""fraction_for_half_mass"":null,""gini"":null,""minimum_count_for_half_mass"":null,""n"":245237,""positive_count"":0,""top_shares"":{""0.001"":null,""0.01"":null},""total"":0.0,""zero_count"":245237}","{""fraction_for_half_mass"":null,""gini"":null,""minimum_count_for_half_mass"":null,""n"":1931,""positive_count"":0,""top_shares"":{""0.01"":null,""0.05"":null,""0.1"":null},""total"":0.0,""zero_count"":1931}","{""benchmark_pass_count"":1931,""n"":1931,""quantiles"":{""0.5"":0.0,""0.9"":0.0,""0.99"":0.0,""1.0"":0.0},""strict_exceedances"":{""0.01"":0,""0.1"":0}}"
0ebaffd3a3e8d10252da8bd5,counterfact,v0_live_C2,2,102,1000,capoff,"{""count"":245237,""denominator"":245237,""fraction"":1.0}","{""fraction_for_half_mass"":null,""gini"":null,""minimum_count_for_half_mass"":null,""n"":245237,""positive_count"":0,""top_shares"":{""0.001"":null,""0.01"":null},""total"":0.0,""zero_count"":245237}","{""fraction_for_half_mass"":null,""gini"":null,""minimum_count_for_half_mass"":null,""n"":245237,""positive_count"":0,""top_shares"":{""0.001"":null,""0.01"":null},""total"":0.0,""zero_count"":245237}","{""fraction_for_half_mass"":null,""gini"":null,""minimum_count_for_half_mass"":null,""n"":1931,""positive_count"":0,""top_shares"":{""0.01"":null,""0.05"":null,""0.1"":null},""total"":0.0,""zero_count"":1931}","{""benchmark_pass_count"":1931,""n"":1931,""quantiles"":{""0.5"":0.0,""0.9"":0.0,""0.99"":0.0,""1.0"":0.0},""strict_exceedances"":{""0.01"":0,""0.1"":0}}"
0ebaffd3a3e8d10252da8bd5,counterfact,v0_live_C2,2,102,1000,original,"{""count"":245237,""denominator"":245237,""fraction"":1.0}","{""fraction_for_half_mass"":null,""gini"":null,""minimum_count_for_half_mass"":null,""n"":245237,""positive_count"":0,""top_shares"":{""0.001"":null,""0.01"":null},""total"":0.0,""zero_count"":245237}","{""fraction_for_half_mass"":null,""gini"":null,""minimum_count_for_half_mass"":null,""n"":245237,""positive_count"":0,""top_shares"":{""0.001"":null,""0.01"":null},""total"":0.0,""zero_count"":245237}","{""fraction_for_half_mass"":null,""gini"":null,""minimum_count_for_half_mass"":null,""n"":1931,""positive_count"":0,""top_shares"":{""0.01"":null,""0.05"":null,""0.1"":null},""total"":0.0,""zero_count"":1931}","{""benchmark_pass_count"":1931,""n"":1931,""quantiles"":{""0.5"":0.0,""0.9"":0.0,""0.99"":0.0,""1.0"":0.0},""strict_exceedances"":{""0.01"":0,""0.1"":0}}"
6f8cac15c1ed9dd1fb79b212,counterfact,v0_live_C2,2,103,1000,capoff,"{""count"":245237,""denominator"":245237,""fraction"":1.0}","{""fraction_for_half_mass"":null,""gini"":null,""minimum_count_for_half_mass"":null,""n"":245237,""positive_count"":0,""top_shares"":{""0.001"":null,""0.01"":null},""total"":0.0,""zero_count"":245237}","{""fraction_for_half_mass"":null,""gini"":null,""minimum_count_for_half_mass"":null,""n"":245237,""positive_count"":0,""top_shares"":{""0.001"":null,""0.01"":null},""total"":0.0,""zero_count"":245237}","{""fraction_for_half_mass"":null,""gini"":null,""minimum_count_for_half_mass"":null,""n"":1931,""positive_count"":0,""top_shares"":{""0.01"":null,""0.05"":null,""0.1"":null},""total"":0.0,""zero_count"":1931}","{""benchmark_pass_count"":1931,""n"":1931,""quantiles"":{""0.5"":0.0,""0.9"":0.0,""0.99"":0.0,""1.0"":0.0},""strict_exceedances"":{""0.01"":0,""0.1"":0}}"
6f8cac15c1ed9dd1fb79b212,counterfact,v0_live_C2,2,103,1000,original,"{""count"":245237,""denominator"":245237,""fraction"":1.0}","{""fraction_for_half_mass"":null,""gini"":null,""minimum_count_for_half_mass"":null,""n"":245237,""positive_count"":0,""top_shares"":{""0.001"":null,""0.01"":null},""total"":0.0,""zero_count"":245237}","{""fraction_for_half_mass"":null,""gini"":null,""minimum_count_for_half_mass"":null,""n"":245237,""positive_count"":0,""top_shares"":{""0.001"":null,""0.01"":null},""total"":0.0,""zero_count"":245237}","{""fraction_for_half_mass"":null,""gini"":null,""minimum_count_for_half_mass"":null,""n"":1931,""positive_count"":0,""top_shares"":{""0.01"":null,""0.05"":null,""0.1"":null},""total"":0.0,""zero_count"":1931}","{""benchmark_pass_count"":1931,""n"":1931,""quantiles"":{""0.5"":0.0,""0.9"":0.0,""0.99"":0.0,""1.0"":0.0},""strict_exceedances"":{""0.01"":0,""0.1"":0}}"
302070707affaaec2265e772,counterfact,v0_live_C2,2,104,1000,capoff,"{""count"":245237,""denominator"":245237,""fraction"":1.0}","{""fraction_for_half_mass"":null,""gini"":null,""minimum_count_for_half_mass"":null,""n"":245237,""positive_count"":0,""top_shares"":{""0.001"":null,""0.01"":null},""total"":0.0,""zero_count"":245237}","{""fraction_for_half_mass"":null,""gini"":null,""minimum_count_for_half_mass"":null,""n"":245237,""positive_count"":0,""top_shares"":{""0.001"":null,""0.01"":null},""total"":0.0,""zero_count"":245237}","{""fraction_for_half_mass"":null,""gini"":null,""minimum_count_for_half_mass"":null,""n"":1931,""positive_count"":0,""top_shares"":{""0.01"":null,""0.05"":null,""0.1"":null},""total"":0.0,""zero_count"":1931}","{""benchmark_pass_count"":1931,""n"":1931,""quantiles"":{""0.5"":0.0,""0.9"":0.0,""0.99"":0.0,""1.0"":0.0},""strict_exceedances"":{""0.01"":0,""0.1"":0}}"
302070707affaaec2265e772,counterfact,v0_live_C2,2,104,1000,original,"{""count"":245237,""denominator"":245237,""fraction"":1.0}","{""fraction_for_half_mass"":null,""gini"":null,""minimum_count_for_half_mass"":null,""n"":245237,""positive_count"":0,""top_shares"":{""0.001"":null,""0.01"":null},""total"":0.0,""zero_count"":245237}","{""fraction_for_half_mass"":null,""gini"":null,""minimum_count_for_half_mass"":null,""n"":245237,""positive_count"":0,""top_shares"":{""0.001"":null,""0.01"":null},""total"":0.0,""zero_count"":245237}","{""fraction_for_half_mass"":null,""gini"":null,""minimum_count_for_half_mass"":null,""n"":1931,""positive_count"":0,""top_shares"":{""0.01"":null,""0.05"":null,""0.1"":null},""total"":0.0,""zero_count"":1931}","{""benchmark_pass_count"":1931,""n"":1931,""quantiles"":{""0.5"":0.0,""0.9"":0.0,""0.99"":0.0,""1.0"":0.0},""strict_exceedances"":{""0.01"":0,""0.1"":0}}"
