cell_id,dataset,condition,realization,order,checkpoint,population,reference,metric,status,planned,scored,mean_signed,mean_positive,ES95_positive,ES99_positive,maximum_positive,exceedances_nats,exp_mean_signed,exp_mean_signed_overflow,maximum_signed,maximum_location,maximum_tie_count,maximum_location_basis,maximum_tie_convention,atom_zero_signed,atom_zero_positive,zero_positive_n,zero_positive_denominator
61348508e40d54351613ab14,zsre,R1_learned_ff,0,100,100,sampled_drift,original,loss,complete,16256,16256,0.00060518953,0.00071856066,0.014371213,0.071856066,2.3781729,"{""0.01"":14,""0.1"":14,""1.0"":4}",1.0006054,False,unavailable,w95:p47,unavailable,positive-part maximum,first in producer sample order; tie count unavailable,unavailable,unavailable,16241,16256
61348508e40d54351613ab14,zsre,R1_learned_ff,0,100,100,sampled_drift,capoff,loss,complete,16256,16256,0.00060518953,0.00071856066,0.014371213,0.071856066,2.3781729,"{""0.01"":14,""0.1"":14,""1.0"":4}",1.0006054,False,unavailable,w95:p47,unavailable,positive-part maximum,first in producer sample order; tie count unavailable,unavailable,unavailable,16241,16256
61348508e40d54351613ab14,zsre,R1_learned_ff,0,100,300,sampled_drift,original,loss,complete,16256,16256,0.0027886766,0.0029614809,0.059229618,0.29614809,8.3038369,"{""0.01"":33,""0.1"":31,""1.0"":15}",1.0027926,False,unavailable,w96:p44,unavailable,positive-part maximum,first in producer sample order; tie count unavailable,unavailable,unavailable,16222,16256
61348508e40d54351613ab14,zsre,R1_learned_ff,0,100,300,sampled_drift,capoff,loss,complete,16256,16256,0.0027886766,0.0029614809,0.059229618,0.29614809,8.3038369,"{""0.01"":33,""0.1"":31,""1.0"":15}",1.0027926,False,unavailable,w96:p44,unavailable,positive-part maximum,first in producer sample order; tie count unavailable,unavailable,unavailable,16222,16256
61348508e40d54351613ab14,zsre,R1_learned_ff,0,100,1000,sampled_drift,original,loss,complete,16256,16256,0.0020836338,0.0021261523,0.042523047,0.21261523,5.0796499,"{""0.01"":30,""0.1"":29,""1.0"":13}",1.0020858,False,unavailable,w94:p100,unavailable,positive-part maximum,first in producer sample order; tie count unavailable,unavailable,unavailable,16224,16256
61348508e40d54351613ab14,zsre,R1_learned_ff,0,100,1000,sampled_drift,capoff,loss,complete,16256,16256,0.0020836338,0.0021261523,0.042523047,0.21261523,5.0796499,"{""0.01"":30,""0.1"":29,""1.0"":13}",1.0020858,False,unavailable,w94:p100,unavailable,positive-part maximum,first in producer sample order; tie count unavailable,unavailable,unavailable,16224,16256
61348508e40d54351613ab14,zsre,R1_learned_ff,0,100,1000,full_validation,capoff,loss,complete,245237,245237,0.0024502257,0.0025880624,0.051761248,0.25880624,9.2622675,"{""0.01"":{""count"":395,""denominator"":245237},""0.1"":{""count"":374,""denominator"":245237},""1.0"":{""count"":197,""denominator"":245237}}",1.0024532,False,9.2622675,w860:p44,1,signed maximum,first in producer window/position order; exact equality,"{""count"":244760,""denominator"":245237}","{""count"":244836,""denominator"":245237}",unavailable,unavailable
61348508e40d54351613ab14,zsre,R1_learned_ff,0,100,1000,full_validation,capoff,kl,complete,245237,245237,0.0023814924,0.0023814924,0.047629848,0.23814924,8.5044041,"{""0.01"":{""count"":474,""denominator"":245237},""0.1"":{""count"":444,""denominator"":245237},""1.0"":{""count"":168,""denominator"":245237}}",unavailable,unavailable,8.5044041,w939:p39,1,signed maximum,first in producer window/position order; exact equality,"{""count"":244760,""denominator"":245237}","{""count"":244760,""denominator"":245237}",unavailable,unavailable
61348508e40d54351613ab14,zsre,R1_learned_ff,0,100,1000,full_validation,original,loss,complete,245237,245237,0.0024502257,0.0025880624,0.051761248,0.25880624,9.2622675,"{""0.01"":{""count"":395,""denominator"":245237},""0.1"":{""count"":374,""denominator"":245237},""1.0"":{""count"":197,""denominator"":245237}}",1.0024532,False,9.2622675,w860:p44,1,signed maximum,first in producer window/position order; exact equality,"{""count"":244760,""denominator"":245237}","{""count"":244836,""denominator"":245237}",unavailable,unavailable
61348508e40d54351613ab14,zsre,R1_learned_ff,0,100,1000,full_validation,original,kl,complete,245237,245237,0.0023814924,0.0023814924,0.047629848,0.23814924,8.5044041,"{""0.01"":{""count"":474,""denominator"":245237},""0.1"":{""count"":444,""denominator"":245237},""1.0"":{""count"":168,""denominator"":245237}}",unavailable,unavailable,8.5044041,w939:p39,1,signed maximum,first in producer window/position order; exact equality,"{""count"":244760,""denominator"":245237}","{""count"":244760,""denominator"":245237}",unavailable,unavailable
88af67fa5945b642e8ba7974,zsre,R1_learned_ff,0,101,100,sampled_drift,original,loss,complete,16256,16256,0.0014500679,0.0014500679,0.029001358,0.14500679,5.2361237,"{""0.01"":19,""0.1"":17,""1.0"":6}",1.0014511,False,unavailable,w39:p56,unavailable,positive-part maximum,first in producer sample order; tie count unavailable,unavailable,unavailable,16236,16256
88af67fa5945b642e8ba7974,zsre,R1_learned_ff,0,101,100,sampled_drift,capoff,loss,complete,16256,16256,0.0014500679,0.0014500679,0.029001358,0.14500679,5.2361237,"{""0.01"":19,""0.1"":17,""1.0"":6}",1.0014511,False,unavailable,w39:p56,unavailable,positive-part maximum,first in producer sample order; tie count unavailable,unavailable,unavailable,16236,16256
88af67fa5945b642e8ba7974,zsre,R1_learned_ff,0,101,300,sampled_drift,original,loss,complete,16256,16256,0.0023581813,0.0024497897,0.048995793,0.24497897,5.2504223,"{""0.01"":33,""0.1"":32,""1.0"":12}",1.002361,False,unavailable,w49:p68,unavailable,positive-part maximum,first in producer sample order; tie count unavailable,unavailable,unavailable,16221,16256
88af67fa5945b642e8ba7974,zsre,R1_learned_ff,0,101,300,sampled_drift,capoff,loss,complete,16256,16256,0.0023581813,0.0024497897,0.048995793,0.24497897,5.2504223,"{""0.01"":33,""0.1"":32,""1.0"":12}",1.002361,False,unavailable,w49:p68,unavailable,positive-part maximum,first in producer sample order; tie count unavailable,unavailable,unavailable,16221,16256
88af67fa5945b642e8ba7974,zsre,R1_learned_ff,0,101,1000,sampled_drift,original,loss,complete,16256,16256,0.0020836338,0.0021261523,0.042523047,0.21261523,5.0796499,"{""0.01"":30,""0.1"":29,""1.0"":13}",1.0020858,False,unavailable,w94:p100,unavailable,positive-part maximum,first in producer sample order; tie count unavailable,unavailable,unavailable,16224,16256
88af67fa5945b642e8ba7974,zsre,R1_learned_ff,0,101,1000,sampled_drift,capoff,loss,complete,16256,16256,0.0020836338,0.0021261523,0.042523047,0.21261523,5.0796499,"{""0.01"":30,""0.1"":29,""1.0"":13}",1.0020858,False,unavailable,w94:p100,unavailable,positive-part maximum,first in producer sample order; tie count unavailable,unavailable,unavailable,16224,16256
88af67fa5945b642e8ba7974,zsre,R1_learned_ff,0,101,1000,full_validation,capoff,loss,complete,245237,245237,0.0024502257,0.0025880624,0.051761248,0.25880624,9.2622675,"{""0.01"":{""count"":395,""denominator"":245237},""0.1"":{""count"":374,""denominator"":245237},""1.0"":{""count"":197,""denominator"":245237}}",1.0024532,False,9.2622675,w860:p44,1,signed maximum,first in producer window/position order; exact equality,"{""count"":244760,""denominator"":245237}","{""count"":244836,""denominator"":245237}",unavailable,unavailable
88af67fa5945b642e8ba7974,zsre,R1_learned_ff,0,101,1000,full_validation,capoff,kl,complete,245237,245237,0.0023814924,0.0023814924,0.047629848,0.23814924,8.5044041,"{""0.01"":{""count"":474,""denominator"":245237},""0.1"":{""count"":444,""denominator"":245237},""1.0"":{""count"":168,""denominator"":245237}}",unavailable,unavailable,8.5044041,w939:p39,1,signed maximum,first in producer window/position order; exact equality,"{""count"":244760,""denominator"":245237}","{""count"":244760,""denominator"":245237}",unavailable,unavailable
88af67fa5945b642e8ba7974,zsre,R1_learned_ff,0,101,1000,full_validation,original,loss,complete,245237,245237,0.0024502257,0.0025880624,0.051761248,0.25880624,9.2622675,"{""0.01"":{""count"":395,""denominator"":245237},""0.1"":{""count"":374,""denominator"":245237},""1.0"":{""count"":197,""denominator"":245237}}",1.0024532,False,9.2622675,w860:p44,1,signed maximum,first in producer window/position order; exact equality,"{""count"":244760,""denominator"":245237}","{""count"":244836,""denominator"":245237}",unavailable,unavailable
88af67fa5945b642e8ba7974,zsre,R1_learned_ff,0,101,1000,full_validation,original,kl,complete,245237,245237,0.0023814924,0.0023814924,0.047629848,0.23814924,8.5044041,"{""0.01"":{""count"":474,""denominator"":245237},""0.1"":{""count"":444,""denominator"":245237},""1.0"":{""count"":168,""denominator"":245237}}",unavailable,unavailable,8.5044041,w939:p39,1,signed maximum,first in producer window/position order; exact equality,"{""count"":244760,""denominator"":245237}","{""count"":244760,""denominator"":245237}",unavailable,unavailable
915f97b05f3fa2a81de09cdf,zsre,R1_learned_ff,0,102,100,sampled_drift,original,loss,complete,16256,16256,0.0012129448,0.0012651767,0.025303535,0.12651767,4.2726762,"{""0.01"":14,""0.1"":14,""1.0"":6}",1.0012137,False,unavailable,w94:p100,unavailable,positive-part maximum,first in producer sample order; tie count unavailable,unavailable,unavailable,16241,16256
915f97b05f3fa2a81de09cdf,zsre,R1_learned_ff,0,102,100,sampled_drift,capoff,loss,complete,16256,16256,0.0012129448,0.0012651767,0.025303535,0.12651767,4.2726762,"{""0.01"":14,""0.1"":14,""1.0"":6}",1.0012137,False,unavailable,w94:p100,unavailable,positive-part maximum,first in producer sample order; tie count unavailable,unavailable,unavailable,16241,16256
915f97b05f3fa2a81de09cdf,zsre,R1_learned_ff,0,102,300,sampled_drift,original,loss,complete,16256,16256,0.0043000117,0.0045082208,0.090164415,0.45082208,8.3038369,"{""0.01"":39,""0.1"":38,""1.0"":23}",1.0043093,False,unavailable,w96:p44,unavailable,positive-part maximum,first in producer sample order; tie count unavailable,unavailable,unavailable,16216,16256
915f97b05f3fa2a81de09cdf,zsre,R1_learned_ff,0,102,300,sampled_drift,capoff,loss,complete,16256,16256,0.0043000117,0.0045082208,0.090164415,0.45082208,8.3038369,"{""0.01"":39,""0.1"":38,""1.0"":23}",1.0043093,False,unavailable,w96:p44,unavailable,positive-part maximum,first in producer sample order; tie count unavailable,unavailable,unavailable,16216,16256
915f97b05f3fa2a81de09cdf,zsre,R1_learned_ff,0,102,1000,sampled_drift,original,loss,complete,16256,16256,0.0020836338,0.0021261523,0.042523047,0.21261523,5.0796499,"{""0.01"":30,""0.1"":29,""1.0"":13}",1.0020858,False,unavailable,w94:p100,unavailable,positive-part maximum,first in producer sample order; tie count unavailable,unavailable,unavailable,16224,16256
915f97b05f3fa2a81de09cdf,zsre,R1_learned_ff,0,102,1000,sampled_drift,capoff,loss,complete,16256,16256,0.0020836338,0.0021261523,0.042523047,0.21261523,5.0796499,"{""0.01"":30,""0.1"":29,""1.0"":13}",1.0020858,False,unavailable,w94:p100,unavailable,positive-part maximum,first in producer sample order; tie count unavailable,unavailable,unavailable,16224,16256
915f97b05f3fa2a81de09cdf,zsre,R1_learned_ff,0,102,1000,full_validation,capoff,loss,complete,245237,245237,0.0024502257,0.0025880624,0.051761248,0.25880624,9.2622675,"{""0.01"":{""count"":395,""denominator"":245237},""0.1"":{""count"":374,""denominator"":245237},""1.0"":{""count"":197,""denominator"":245237}}",1.0024532,False,9.2622675,w860:p44,1,signed maximum,first in producer window/position order; exact equality,"{""count"":244760,""denominator"":245237}","{""count"":244836,""denominator"":245237}",unavailable,unavailable
915f97b05f3fa2a81de09cdf,zsre,R1_learned_ff,0,102,1000,full_validation,capoff,kl,complete,245237,245237,0.0023814924,0.0023814924,0.047629848,0.23814924,8.5044041,"{""0.01"":{""count"":474,""denominator"":245237},""0.1"":{""count"":444,""denominator"":245237},""1.0"":{""count"":168,""denominator"":245237}}",unavailable,unavailable,8.5044041,w939:p39,1,signed maximum,first in producer window/position order; exact equality,"{""count"":244760,""denominator"":245237}","{""count"":244760,""denominator"":245237}",unavailable,unavailable
915f97b05f3fa2a81de09cdf,zsre,R1_learned_ff,0,102,1000,full_validation,original,loss,complete,245237,245237,0.0024502257,0.0025880624,0.051761248,0.25880624,9.2622675,"{""0.01"":{""count"":395,""denominator"":245237},""0.1"":{""count"":374,""denominator"":245237},""1.0"":{""count"":197,""denominator"":245237}}",1.0024532,False,9.2622675,w860:p44,1,signed maximum,first in producer window/position order; exact equality,"{""count"":244760,""denominator"":245237}","{""count"":244836,""denominator"":245237}",unavailable,unavailable
915f97b05f3fa2a81de09cdf,zsre,R1_learned_ff,0,102,1000,full_validation,original,kl,complete,245237,245237,0.0023814924,0.0023814924,0.047629848,0.23814924,8.5044041,"{""0.01"":{""count"":474,""denominator"":245237},""0.1"":{""count"":444,""denominator"":245237},""1.0"":{""count"":168,""denominator"":245237}}",unavailable,unavailable,8.5044041,w939:p39,1,signed maximum,first in producer window/position order; exact equality,"{""count"":244760,""denominator"":245237}","{""count"":244760,""denominator"":245237}",unavailable,unavailable
4aa4849ba414edab2504f56b,zsre,R1_learned_ff,0,103,100,sampled_drift,original,loss,complete,16256,16256,0.0033992581,0.0034533349,0.069066699,0.34533349,6.5179742,"{""0.01"":32,""0.1"":32,""1.0"":21}",1.003405,False,unavailable,w38:p53,unavailable,positive-part maximum,first in producer sample order; tie count unavailable,unavailable,unavailable,16223,16256
4aa4849ba414edab2504f56b,zsre,R1_learned_ff,0,103,100,sampled_drift,capoff,loss,complete,16256,16256,0.0033992581,0.0034533349,0.069066699,0.34533349,6.5179742,"{""0.01"":32,""0.1"":32,""1.0"":21}",1.003405,False,unavailable,w38:p53,unavailable,positive-part maximum,first in producer sample order; tie count unavailable,unavailable,unavailable,16223,16256
4aa4849ba414edab2504f56b,zsre,R1_learned_ff,0,103,300,sampled_drift,original,loss,complete,16256,16256,0.0027200315,0.002746987,0.054939739,0.2746987,3.3794758,"{""0.01"":28,""0.1"":28,""1.0"":19}",1.0027237,False,unavailable,w49:p68,unavailable,positive-part maximum,first in producer sample order; tie count unavailable,unavailable,unavailable,16227,16256
4aa4849ba414edab2504f56b,zsre,R1_learned_ff,0,103,300,sampled_drift,capoff,loss,complete,16256,16256,0.0027200315,0.002746987,0.054939739,0.2746987,3.3794758,"{""0.01"":28,""0.1"":28,""1.0"":19}",1.0027237,False,unavailable,w49:p68,unavailable,positive-part maximum,first in producer sample order; tie count unavailable,unavailable,unavailable,16227,16256
4aa4849ba414edab2504f56b,zsre,R1_learned_ff,0,103,1000,sampled_drift,original,loss,complete,16256,16256,0.0020836338,0.0021261523,0.042523047,0.21261523,5.0796499,"{""0.01"":30,""0.1"":29,""1.0"":13}",1.0020858,False,unavailable,w94:p100,unavailable,positive-part maximum,first in producer sample order; tie count unavailable,unavailable,unavailable,16224,16256
4aa4849ba414edab2504f56b,zsre,R1_learned_ff,0,103,1000,sampled_drift,capoff,loss,complete,16256,16256,0.0020836338,0.0021261523,0.042523047,0.21261523,5.0796499,"{""0.01"":30,""0.1"":29,""1.0"":13}",1.0020858,False,unavailable,w94:p100,unavailable,positive-part maximum,first in producer sample order; tie count unavailable,unavailable,unavailable,16224,16256
4aa4849ba414edab2504f56b,zsre,R1_learned_ff,0,103,1000,full_validation,capoff,loss,complete,245237,245237,0.0024502257,0.0025880624,0.051761248,0.25880624,9.2622675,"{""0.01"":{""count"":395,""denominator"":245237},""0.1"":{""count"":374,""denominator"":245237},""1.0"":{""count"":197,""denominator"":245237}}",1.0024532,False,9.2622675,w860:p44,1,signed maximum,first in producer window/position order; exact equality,"{""count"":244760,""denominator"":245237}","{""count"":244836,""denominator"":245237}",unavailable,unavailable
4aa4849ba414edab2504f56b,zsre,R1_learned_ff,0,103,1000,full_validation,capoff,kl,complete,245237,245237,0.0023814924,0.0023814924,0.047629848,0.23814924,8.5044041,"{""0.01"":{""count"":474,""denominator"":245237},""0.1"":{""count"":444,""denominator"":245237},""1.0"":{""count"":168,""denominator"":245237}}",unavailable,unavailable,8.5044041,w939:p39,1,signed maximum,first in producer window/position order; exact equality,"{""count"":244760,""denominator"":245237}","{""count"":244760,""denominator"":245237}",unavailable,unavailable
4aa4849ba414edab2504f56b,zsre,R1_learned_ff,0,103,1000,full_validation,original,loss,complete,245237,245237,0.0024502257,0.0025880624,0.051761248,0.25880624,9.2622675,"{""0.01"":{""count"":395,""denominator"":245237},""0.1"":{""count"":374,""denominator"":245237},""1.0"":{""count"":197,""denominator"":245237}}",1.0024532,False,9.2622675,w860:p44,1,signed maximum,first in producer window/position order; exact equality,"{""count"":244760,""denominator"":245237}","{""count"":244836,""denominator"":245237}",unavailable,unavailable
4aa4849ba414edab2504f56b,zsre,R1_learned_ff,0,103,1000,full_validation,original,kl,complete,245237,245237,0.0023814924,0.0023814924,0.047629848,0.23814924,8.5044041,"{""0.01"":{""count"":474,""denominator"":245237},""0.1"":{""count"":444,""denominator"":245237},""1.0"":{""count"":168,""denominator"":245237}}",unavailable,unavailable,8.5044041,w939:p39,1,signed maximum,first in producer window/position order; exact equality,"{""count"":244760,""denominator"":245237}","{""count"":244760,""denominator"":245237}",unavailable,unavailable
9ebc93cc7912bd5d1c929418,zsre,R1_learned_ff,0,104,100,sampled_drift,original,loss,complete,16256,16256,0.00071389536,0.00074018355,0.014803671,0.074018355,4.3686376,"{""0.01"":10,""0.1"":9,""1.0"":4}",1.0007142,False,unavailable,w29:p31,unavailable,positive-part maximum,first in producer sample order; tie count unavailable,unavailable,unavailable,16246,16256
9ebc93cc7912bd5d1c929418,zsre,R1_learned_ff,0,104,100,sampled_drift,capoff,loss,complete,16256,16256,0.00071389536,0.00074018355,0.014803671,0.074018355,4.3686376,"{""0.01"":10,""0.1"":9,""1.0"":4}",1.0007142,False,unavailable,w29:p31,unavailable,positive-part maximum,first in producer sample order; tie count unavailable,unavailable,unavailable,16246,16256
9ebc93cc7912bd5d1c929418,zsre,R1_learned_ff,0,104,300,sampled_drift,original,loss,complete,16256,16256,0.0036824539,0.003740986,0.074819721,0.3740986,8.3038369,"{""0.01"":42,""0.1"":40,""1.0"":19}",1.0036892,False,unavailable,w96:p44,unavailable,positive-part maximum,first in producer sample order; tie count unavailable,unavailable,unavailable,16212,16256
9ebc93cc7912bd5d1c929418,zsre,R1_learned_ff,0,104,300,sampled_drift,capoff,loss,complete,16256,16256,0.0036824539,0.003740986,0.074819721,0.3740986,8.3038369,"{""0.01"":42,""0.1"":40,""1.0"":19}",1.0036892,False,unavailable,w96:p44,unavailable,positive-part maximum,first in producer sample order; tie count unavailable,unavailable,unavailable,16212,16256
9ebc93cc7912bd5d1c929418,zsre,R1_learned_ff,0,104,1000,sampled_drift,original,loss,complete,16256,16256,0.0020836338,0.0021261523,0.042523047,0.21261523,5.0796499,"{""0.01"":30,""0.1"":29,""1.0"":13}",1.0020858,False,unavailable,w94:p100,unavailable,positive-part maximum,first in producer sample order; tie count unavailable,unavailable,unavailable,16224,16256
9ebc93cc7912bd5d1c929418,zsre,R1_learned_ff,0,104,1000,sampled_drift,capoff,loss,complete,16256,16256,0.0020836338,0.0021261523,0.042523047,0.21261523,5.0796499,"{""0.01"":30,""0.1"":29,""1.0"":13}",1.0020858,False,unavailable,w94:p100,unavailable,positive-part maximum,first in producer sample order; tie count unavailable,unavailable,unavailable,16224,16256
9ebc93cc7912bd5d1c929418,zsre,R1_learned_ff,0,104,1000,full_validation,capoff,loss,complete,245237,245237,0.0024502257,0.0025880624,0.051761248,0.25880624,9.2622675,"{""0.01"":{""count"":395,""denominator"":245237},""0.1"":{""count"":374,""denominator"":245237},""1.0"":{""count"":197,""denominator"":245237}}",1.0024532,False,9.2622675,w860:p44,1,signed maximum,first in producer window/position order; exact equality,"{""count"":244760,""denominator"":245237}","{""count"":244836,""denominator"":245237}",unavailable,unavailable
9ebc93cc7912bd5d1c929418,zsre,R1_learned_ff,0,104,1000,full_validation,capoff,kl,complete,245237,245237,0.0023814924,0.0023814924,0.047629848,0.23814924,8.5044041,"{""0.01"":{""count"":474,""denominator"":245237},""0.1"":{""count"":444,""denominator"":245237},""1.0"":{""count"":168,""denominator"":245237}}",unavailable,unavailable,8.5044041,w939:p39,1,signed maximum,first in producer window/position order; exact equality,"{""count"":244760,""denominator"":245237}","{""count"":244760,""denominator"":245237}",unavailable,unavailable
9ebc93cc7912bd5d1c929418,zsre,R1_learned_ff,0,104,1000,full_validation,original,loss,complete,245237,245237,0.0024502257,0.0025880624,0.051761248,0.25880624,9.2622675,"{""0.01"":{""count"":395,""denominator"":245237},""0.1"":{""count"":374,""denominator"":245237},""1.0"":{""count"":197,""denominator"":245237}}",1.0024532,False,9.2622675,w860:p44,1,signed maximum,first in producer window/position order; exact equality,"{""count"":244760,""denominator"":245237}","{""count"":244836,""denominator"":245237}",unavailable,unavailable
9ebc93cc7912bd5d1c929418,zsre,R1_learned_ff,0,104,1000,full_validation,original,kl,complete,245237,245237,0.0023814924,0.0023814924,0.047629848,0.23814924,8.5044041,"{""0.01"":{""count"":474,""denominator"":245237},""0.1"":{""count"":444,""denominator"":245237},""1.0"":{""count"":168,""denominator"":245237}}",unavailable,unavailable,8.5044041,w939:p39,1,signed maximum,first in producer window/position order; exact equality,"{""count"":244760,""denominator"":245237}","{""count"":244760,""denominator"":245237}",unavailable,unavailable
ce0d0ffc2a58a60e27c460d9,counterfact,R1_learned_ff,0,100,100,sampled_drift,original,loss,complete,16256,16256,0.0011542168,0.0011549409,0.023098817,0.11549409,3.764314,"{""0.01"":9,""0.1"":9,""1.0"":6}",1.0011549,False,unavailable,w121:p47,unavailable,positive-part maximum,first in producer sample order; tie count unavailable,unavailable,unavailable,16246,16256
ce0d0ffc2a58a60e27c460d9,counterfact,R1_learned_ff,0,100,100,sampled_drift,capoff,loss,complete,16256,16256,0.0011542168,0.0011549409,0.023098817,0.11549409,3.764314,"{""0.01"":9,""0.1"":9,""1.0"":6}",1.0011549,False,unavailable,w121:p47,unavailable,positive-part maximum,first in producer sample order; tie count unavailable,unavailable,unavailable,16246,16256
ce0d0ffc2a58a60e27c460d9,counterfact,R1_learned_ff,0,100,300,sampled_drift,original,loss,complete,16256,16256,0.0085189339,0.0088491855,0.17698371,0.88491855,9.8429569,"{""0.01"":82,""0.1"":78,""1.0"":41}",1.0085553,False,unavailable,w95:p31,unavailable,positive-part maximum,first in producer sample order; tie count unavailable,unavailable,unavailable,16170,16256
ce0d0ffc2a58a60e27c460d9,counterfact,R1_learned_ff,0,100,300,sampled_drift,capoff,loss,complete,16256,16256,0.0085189339,0.0088491855,0.17698371,0.88491855,9.8429569,"{""0.01"":82,""0.1"":78,""1.0"":41}",1.0085553,False,unavailable,w95:p31,unavailable,positive-part maximum,first in producer sample order; tie count unavailable,unavailable,unavailable,16170,16256
ce0d0ffc2a58a60e27c460d9,counterfact,R1_learned_ff,0,100,1000,sampled_drift,original,loss,complete,16256,16256,0.0078744206,0.0080896014,0.16179203,0.80896014,9.2771998,"{""0.01"":55,""0.1"":55,""1.0"":35}",1.0079055,False,unavailable,w126:p21,unavailable,positive-part maximum,first in producer sample order; tie count unavailable,unavailable,unavailable,16200,16256
ce0d0ffc2a58a60e27c460d9,counterfact,R1_learned_ff,0,100,1000,sampled_drift,capoff,loss,complete,16256,16256,0.0078744206,0.0080896014,0.16179203,0.80896014,9.2771998,"{""0.01"":55,""0.1"":55,""1.0"":35}",1.0079055,False,unavailable,w126:p21,unavailable,positive-part maximum,first in producer sample order; tie count unavailable,unavailable,unavailable,16200,16256
ce0d0ffc2a58a60e27c460d9,counterfact,R1_learned_ff,0,100,1000,full_validation,capoff,loss,complete,245237,245237,0.0058496258,0.0061007001,0.122014,0.61007001,15.381805,"{""0.01"":{""count"":731,""denominator"":245237},""0.1"":{""count"":699,""denominator"":245237},""1.0"":{""count"":412,""denominator"":245237}}",1.0058668,False,15.381805,w482:p29,1,signed maximum,first in producer window/position order; exact equality,"{""count"":244388,""denominator"":245237}","{""count"":244498,""denominator"":245237}",unavailable,unavailable
ce0d0ffc2a58a60e27c460d9,counterfact,R1_learned_ff,0,100,1000,full_validation,capoff,kl,complete,245237,245237,0.0057653779,0.0057653779,0.11530756,0.57653779,13.261097,"{""0.01"":{""count"":843,""denominator"":245237},""0.1"":{""count"":799,""denominator"":245237},""1.0"":{""count"":372,""denominator"":245237}}",unavailable,unavailable,13.261097,w482:p29,1,signed maximum,first in producer window/position order; exact equality,"{""count"":244388,""denominator"":245237}","{""count"":244388,""denominator"":245237}",unavailable,unavailable
ce0d0ffc2a58a60e27c460d9,counterfact,R1_learned_ff,0,100,1000,full_validation,original,loss,complete,245237,245237,0.0058496258,0.0061007001,0.122014,0.61007001,15.381805,"{""0.01"":{""count"":731,""denominator"":245237},""0.1"":{""count"":699,""denominator"":245237},""1.0"":{""count"":412,""denominator"":245237}}",1.0058668,False,15.381805,w482:p29,1,signed maximum,first in producer window/position order; exact equality,"{""count"":244388,""denominator"":245237}","{""count"":244498,""denominator"":245237}",unavailable,unavailable
ce0d0ffc2a58a60e27c460d9,counterfact,R1_learned_ff,0,100,1000,full_validation,original,kl,complete,245237,245237,0.0057653779,0.0057653779,0.11530756,0.57653779,13.261097,"{""0.01"":{""count"":843,""denominator"":245237},""0.1"":{""count"":799,""denominator"":245237},""1.0"":{""count"":372,""denominator"":245237}}",unavailable,unavailable,13.261097,w482:p29,1,signed maximum,first in producer window/position order; exact equality,"{""count"":244388,""denominator"":245237}","{""count"":244388,""denominator"":245237}",unavailable,unavailable
95dfb24c6361b2d38dd60e9b,counterfact,R1_learned_ff,0,101,100,sampled_drift,original,loss,complete,16256,16256,0.002750378,0.0027854181,0.055708362,0.27854181,5.852038,"{""0.01"":27,""0.1"":27,""1.0"":13}",1.0027542,False,unavailable,w22:p42,unavailable,positive-part maximum,first in producer sample order; tie count unavailable,unavailable,unavailable,16229,16256
95dfb24c6361b2d38dd60e9b,counterfact,R1_learned_ff,0,101,100,sampled_drift,capoff,loss,complete,16256,16256,0.002750378,0.0027854181,0.055708362,0.27854181,5.852038,"{""0.01"":27,""0.1"":27,""1.0"":13}",1.0027542,False,unavailable,w22:p42,unavailable,positive-part maximum,first in producer sample order; tie count unavailable,unavailable,unavailable,16229,16256
95dfb24c6361b2d38dd60e9b,counterfact,R1_learned_ff,0,101,300,sampled_drift,original,loss,complete,16256,16256,0.0088031851,0.0091140338,0.18228068,0.91140338,8.4883252,"{""0.01"":79,""0.1"":76,""1.0"":44}",1.008842,False,unavailable,w114:p38,unavailable,positive-part maximum,first in producer sample order; tie count unavailable,unavailable,unavailable,16177,16256
95dfb24c6361b2d38dd60e9b,counterfact,R1_learned_ff,0,101,300,sampled_drift,capoff,loss,complete,16256,16256,0.0088031851,0.0091140338,0.18228068,0.91140338,8.4883252,"{""0.01"":79,""0.1"":76,""1.0"":44}",1.008842,False,unavailable,w114:p38,unavailable,positive-part maximum,first in producer sample order; tie count unavailable,unavailable,unavailable,16177,16256
95dfb24c6361b2d38dd60e9b,counterfact,R1_learned_ff,0,101,1000,sampled_drift,original,loss,complete,16256,16256,0.0078744206,0.0080896014,0.16179203,0.80896014,9.2771998,"{""0.01"":55,""0.1"":55,""1.0"":35}",1.0079055,False,unavailable,w126:p21,unavailable,positive-part maximum,first in producer sample order; tie count unavailable,unavailable,unavailable,16200,16256
95dfb24c6361b2d38dd60e9b,counterfact,R1_learned_ff,0,101,1000,sampled_drift,capoff,loss,complete,16256,16256,0.0078744206,0.0080896014,0.16179203,0.80896014,9.2771998,"{""0.01"":55,""0.1"":55,""1.0"":35}",1.0079055,False,unavailable,w126:p21,unavailable,positive-part maximum,first in producer sample order; tie count unavailable,unavailable,unavailable,16200,16256
95dfb24c6361b2d38dd60e9b,counterfact,R1_learned_ff,0,101,1000,full_validation,capoff,loss,complete,245237,245237,0.0058496258,0.0061007001,0.122014,0.61007001,15.381805,"{""0.01"":{""count"":731,""denominator"":245237},""0.1"":{""count"":699,""denominator"":245237},""1.0"":{""count"":412,""denominator"":245237}}",1.0058668,False,15.381805,w482:p29,1,signed maximum,first in producer window/position order; exact equality,"{""count"":244388,""denominator"":245237}","{""count"":244498,""denominator"":245237}",unavailable,unavailable
95dfb24c6361b2d38dd60e9b,counterfact,R1_learned_ff,0,101,1000,full_validation,capoff,kl,complete,245237,245237,0.0057653779,0.0057653779,0.11530756,0.57653779,13.261097,"{""0.01"":{""count"":843,""denominator"":245237},""0.1"":{""count"":799,""denominator"":245237},""1.0"":{""count"":372,""denominator"":245237}}",unavailable,unavailable,13.261097,w482:p29,1,signed maximum,first in producer window/position order; exact equality,"{""count"":244388,""denominator"":245237}","{""count"":244388,""denominator"":245237}",unavailable,unavailable
95dfb24c6361b2d38dd60e9b,counterfact,R1_learned_ff,0,101,1000,full_validation,original,loss,complete,245237,245237,0.0058496258,0.0061007001,0.122014,0.61007001,15.381805,"{""0.01"":{""count"":731,""denominator"":245237},""0.1"":{""count"":699,""denominator"":245237},""1.0"":{""count"":412,""denominator"":245237}}",1.0058668,False,15.381805,w482:p29,1,signed maximum,first in producer window/position order; exact equality,"{""count"":244388,""denominator"":245237}","{""count"":244498,""denominator"":245237}",unavailable,unavailable
95dfb24c6361b2d38dd60e9b,counterfact,R1_learned_ff,0,101,1000,full_validation,original,kl,complete,245237,245237,0.0057653779,0.0057653779,0.11530756,0.57653779,13.261097,"{""0.01"":{""count"":843,""denominator"":245237},""0.1"":{""count"":799,""denominator"":245237},""1.0"":{""count"":372,""denominator"":245237}}",unavailable,unavailable,13.261097,w482:p29,1,signed maximum,first in producer window/position order; exact equality,"{""count"":244388,""denominator"":245237}","{""count"":244388,""denominator"":245237}",unavailable,unavailable
6d0915056b1e76d8ee8795ff,counterfact,R1_learned_ff,0,102,100,sampled_drift,original,loss,complete,16256,16256,0.0032711514,0.0035772984,0.071545968,0.35772984,5.6893358,"{""0.01"":47,""0.1"":44,""1.0"":21}",1.0032765,False,unavailable,w19:p56,unavailable,positive-part maximum,first in producer sample order; tie count unavailable,unavailable,unavailable,16208,16256
6d0915056b1e76d8ee8795ff,counterfact,R1_learned_ff,0,102,100,sampled_drift,capoff,loss,complete,16256,16256,0.0032711514,0.0035772984,0.071545968,0.35772984,5.6893358,"{""0.01"":47,""0.1"":44,""1.0"":21}",1.0032765,False,unavailable,w19:p56,unavailable,positive-part maximum,first in producer sample order; tie count unavailable,unavailable,unavailable,16208,16256
6d0915056b1e76d8ee8795ff,counterfact,R1_learned_ff,0,102,300,sampled_drift,original,loss,complete,16256,16256,0.0091760562,0.0095756943,0.19151389,0.95756943,8.4883252,"{""0.01"":98,""0.1"":98,""1.0"":49}",1.0092183,False,unavailable,w114:p38,unavailable,positive-part maximum,first in producer sample order; tie count unavailable,unavailable,unavailable,16158,16256
6d0915056b1e76d8ee8795ff,counterfact,R1_learned_ff,0,102,300,sampled_drift,capoff,loss,complete,16256,16256,0.0091760562,0.0095756943,0.19151389,0.95756943,8.4883252,"{""0.01"":98,""0.1"":98,""1.0"":49}",1.0092183,False,unavailable,w114:p38,unavailable,positive-part maximum,first in producer sample order; tie count unavailable,unavailable,unavailable,16158,16256
6d0915056b1e76d8ee8795ff,counterfact,R1_learned_ff,0,102,1000,sampled_drift,original,loss,complete,16256,16256,0.0078744206,0.0080896014,0.16179203,0.80896014,9.2771998,"{""0.01"":55,""0.1"":55,""1.0"":35}",1.0079055,False,unavailable,w126:p21,unavailable,positive-part maximum,first in producer sample order; tie count unavailable,unavailable,unavailable,16200,16256
6d0915056b1e76d8ee8795ff,counterfact,R1_learned_ff,0,102,1000,sampled_drift,capoff,loss,complete,16256,16256,0.0078744206,0.0080896014,0.16179203,0.80896014,9.2771998,"{""0.01"":55,""0.1"":55,""1.0"":35}",1.0079055,False,unavailable,w126:p21,unavailable,positive-part maximum,first in producer sample order; tie count unavailable,unavailable,unavailable,16200,16256
6d0915056b1e76d8ee8795ff,counterfact,R1_learned_ff,0,102,1000,full_validation,capoff,loss,complete,245237,245237,0.0058496258,0.0061007001,0.122014,0.61007001,15.381805,"{""0.01"":{""count"":731,""denominator"":245237},""0.1"":{""count"":699,""denominator"":245237},""1.0"":{""count"":412,""denominator"":245237}}",1.0058668,False,15.381805,w482:p29,1,signed maximum,first in producer window/position order; exact equality,"{""count"":244388,""denominator"":245237}","{""count"":244498,""denominator"":245237}",unavailable,unavailable
6d0915056b1e76d8ee8795ff,counterfact,R1_learned_ff,0,102,1000,full_validation,capoff,kl,complete,245237,245237,0.0057653779,0.0057653779,0.11530756,0.57653779,13.261097,"{""0.01"":{""count"":843,""denominator"":245237},""0.1"":{""count"":799,""denominator"":245237},""1.0"":{""count"":372,""denominator"":245237}}",unavailable,unavailable,13.261097,w482:p29,1,signed maximum,first in producer window/position order; exact equality,"{""count"":244388,""denominator"":245237}","{""count"":244388,""denominator"":245237}",unavailable,unavailable
6d0915056b1e76d8ee8795ff,counterfact,R1_learned_ff,0,102,1000,full_validation,original,loss,complete,245237,245237,0.0058496258,0.0061007001,0.122014,0.61007001,15.381805,"{""0.01"":{""count"":731,""denominator"":245237},""0.1"":{""count"":699,""denominator"":245237},""1.0"":{""count"":412,""denominator"":245237}}",1.0058668,False,15.381805,w482:p29,1,signed maximum,first in producer window/position order; exact equality,"{""count"":244388,""denominator"":245237}","{""count"":244498,""denominator"":245237}",unavailable,unavailable
6d0915056b1e76d8ee8795ff,counterfact,R1_learned_ff,0,102,1000,full_validation,original,kl,complete,245237,245237,0.0057653779,0.0057653779,0.11530756,0.57653779,13.261097,"{""0.01"":{""count"":843,""denominator"":245237},""0.1"":{""count"":799,""denominator"":245237},""1.0"":{""count"":372,""denominator"":245237}}",unavailable,unavailable,13.261097,w482:p29,1,signed maximum,first in producer window/position order; exact equality,"{""count"":244388,""denominator"":245237}","{""count"":244388,""denominator"":245237}",unavailable,unavailable
7c9675a69d832a772070cb2d,counterfact,R1_learned_ff,0,103,100,sampled_drift,original,loss,complete,16256,16256,0.0072936291,0.0074642444,0.14928489,0.74642444,7.1256136,"{""0.01"":70,""0.1"":66,""1.0"":37}",1.0073203,False,unavailable,w96:p76,unavailable,positive-part maximum,first in producer sample order; tie count unavailable,unavailable,unavailable,16186,16256
7c9675a69d832a772070cb2d,counterfact,R1_learned_ff,0,103,100,sampled_drift,capoff,loss,complete,16256,16256,0.0072936291,0.0074642444,0.14928489,0.74642444,7.1256136,"{""0.01"":70,""0.1"":66,""1.0"":37}",1.0073203,False,unavailable,w96:p76,unavailable,positive-part maximum,first in producer sample order; tie count unavailable,unavailable,unavailable,16186,16256
7c9675a69d832a772070cb2d,counterfact,R1_learned_ff,0,103,300,sampled_drift,original,loss,complete,16256,16256,0.0090332971,0.0092602613,0.18520523,0.92602613,6.4019389,"{""0.01"":90,""0.1"":88,""1.0"":41}",1.0090742,False,unavailable,w31:p41,unavailable,positive-part maximum,first in producer sample order; tie count unavailable,unavailable,unavailable,16165,16256
7c9675a69d832a772070cb2d,counterfact,R1_learned_ff,0,103,300,sampled_drift,capoff,loss,complete,16256,16256,0.0090332971,0.0092602613,0.18520523,0.92602613,6.4019389,"{""0.01"":90,""0.1"":88,""1.0"":41}",1.0090742,False,unavailable,w31:p41,unavailable,positive-part maximum,first in producer sample order; tie count unavailable,unavailable,unavailable,16165,16256
7c9675a69d832a772070cb2d,counterfact,R1_learned_ff,0,103,1000,sampled_drift,original,loss,complete,16256,16256,0.0078744206,0.0080896014,0.16179203,0.80896014,9.2771998,"{""0.01"":55,""0.1"":55,""1.0"":35}",1.0079055,False,unavailable,w126:p21,unavailable,positive-part maximum,first in producer sample order; tie count unavailable,unavailable,unavailable,16200,16256
7c9675a69d832a772070cb2d,counterfact,R1_learned_ff,0,103,1000,sampled_drift,capoff,loss,complete,16256,16256,0.0078744206,0.0080896014,0.16179203,0.80896014,9.2771998,"{""0.01"":55,""0.1"":55,""1.0"":35}",1.0079055,False,unavailable,w126:p21,unavailable,positive-part maximum,first in producer sample order; tie count unavailable,unavailable,unavailable,16200,16256
7c9675a69d832a772070cb2d,counterfact,R1_learned_ff,0,103,1000,full_validation,capoff,loss,complete,245237,245237,0.0058496258,0.0061007001,0.122014,0.61007001,15.381805,"{""0.01"":{""count"":731,""denominator"":245237},""0.1"":{""count"":699,""denominator"":245237},""1.0"":{""count"":412,""denominator"":245237}}",1.0058668,False,15.381805,w482:p29,1,signed maximum,first in producer window/position order; exact equality,"{""count"":244388,""denominator"":245237}","{""count"":244498,""denominator"":245237}",unavailable,unavailable
7c9675a69d832a772070cb2d,counterfact,R1_learned_ff,0,103,1000,full_validation,capoff,kl,complete,245237,245237,0.0057653779,0.0057653779,0.11530756,0.57653779,13.261097,"{""0.01"":{""count"":843,""denominator"":245237},""0.1"":{""count"":799,""denominator"":245237},""1.0"":{""count"":372,""denominator"":245237}}",unavailable,unavailable,13.261097,w482:p29,1,signed maximum,first in producer window/position order; exact equality,"{""count"":244388,""denominator"":245237}","{""count"":244388,""denominator"":245237}",unavailable,unavailable
7c9675a69d832a772070cb2d,counterfact,R1_learned_ff,0,103,1000,full_validation,original,loss,complete,245237,245237,0.0058496258,0.0061007001,0.122014,0.61007001,15.381805,"{""0.01"":{""count"":731,""denominator"":245237},""0.1"":{""count"":699,""denominator"":245237},""1.0"":{""count"":412,""denominator"":245237}}",1.0058668,False,15.381805,w482:p29,1,signed maximum,first in producer window/position order; exact equality,"{""count"":244388,""denominator"":245237}","{""count"":244498,""denominator"":245237}",unavailable,unavailable
7c9675a69d832a772070cb2d,counterfact,R1_learned_ff,0,103,1000,full_validation,original,kl,complete,245237,245237,0.0057653779,0.0057653779,0.11530756,0.57653779,13.261097,"{""0.01"":{""count"":843,""denominator"":245237},""0.1"":{""count"":799,""denominator"":245237},""1.0"":{""count"":372,""denominator"":245237}}",unavailable,unavailable,13.261097,w482:p29,1,signed maximum,first in producer window/position order; exact equality,"{""count"":244388,""denominator"":245237}","{""count"":244388,""denominator"":245237}",unavailable,unavailable
95016bc16e89cfcccccc40b8,counterfact,R1_learned_ff,0,104,100,sampled_drift,original,loss,complete,16256,16256,0.0081826058,0.0083812465,0.16762493,0.83812465,7.3962588,"{""0.01"":82,""0.1"":79,""1.0"":43}",1.0082162,False,unavailable,w94:p100,unavailable,positive-part maximum,first in producer sample order; tie count unavailable,unavailable,unavailable,16174,16256
95016bc16e89cfcccccc40b8,counterfact,R1_learned_ff,0,104,100,sampled_drift,capoff,loss,complete,16256,16256,0.0081826058,0.0083812465,0.16762493,0.83812465,7.3962588,"{""0.01"":82,""0.1"":79,""1.0"":43}",1.0082162,False,unavailable,w94:p100,unavailable,positive-part maximum,first in producer sample order; tie count unavailable,unavailable,unavailable,16174,16256
95016bc16e89cfcccccc40b8,counterfact,R1_learned_ff,0,104,300,sampled_drift,original,loss,complete,16256,16256,0.010818272,0.011312154,0.22624309,1.1312154,7.3962588,"{""0.01"":125,""0.1"":120,""1.0"":58}",1.010877,False,unavailable,w94:p100,unavailable,positive-part maximum,first in producer sample order; tie count unavailable,unavailable,unavailable,16130,16256
95016bc16e89cfcccccc40b8,counterfact,R1_learned_ff,0,104,300,sampled_drift,capoff,loss,complete,16256,16256,0.010818272,0.011312154,0.22624309,1.1312154,7.3962588,"{""0.01"":125,""0.1"":120,""1.0"":58}",1.010877,False,unavailable,w94:p100,unavailable,positive-part maximum,first in producer sample order; tie count unavailable,unavailable,unavailable,16130,16256
95016bc16e89cfcccccc40b8,counterfact,R1_learned_ff,0,104,1000,sampled_drift,original,loss,complete,16256,16256,0.0078744206,0.0080896014,0.16179203,0.80896014,9.2771998,"{""0.01"":55,""0.1"":55,""1.0"":35}",1.0079055,False,unavailable,w126:p21,unavailable,positive-part maximum,first in producer sample order; tie count unavailable,unavailable,unavailable,16200,16256
95016bc16e89cfcccccc40b8,counterfact,R1_learned_ff,0,104,1000,sampled_drift,capoff,loss,complete,16256,16256,0.0078744206,0.0080896014,0.16179203,0.80896014,9.2771998,"{""0.01"":55,""0.1"":55,""1.0"":35}",1.0079055,False,unavailable,w126:p21,unavailable,positive-part maximum,first in producer sample order; tie count unavailable,unavailable,unavailable,16200,16256
95016bc16e89cfcccccc40b8,counterfact,R1_learned_ff,0,104,1000,full_validation,capoff,loss,complete,245237,245237,0.0058496258,0.0061007001,0.122014,0.61007001,15.381805,"{""0.01"":{""count"":731,""denominator"":245237},""0.1"":{""count"":699,""denominator"":245237},""1.0"":{""count"":412,""denominator"":245237}}",1.0058668,False,15.381805,w482:p29,1,signed maximum,first in producer window/position order; exact equality,"{""count"":244388,""denominator"":245237}","{""count"":244498,""denominator"":245237}",unavailable,unavailable
95016bc16e89cfcccccc40b8,counterfact,R1_learned_ff,0,104,1000,full_validation,capoff,kl,complete,245237,245237,0.0057653779,0.0057653779,0.11530756,0.57653779,13.261097,"{""0.01"":{""count"":843,""denominator"":245237},""0.1"":{""count"":799,""denominator"":245237},""1.0"":{""count"":372,""denominator"":245237}}",unavailable,unavailable,13.261097,w482:p29,1,signed maximum,first in producer window/position order; exact equality,"{""count"":244388,""denominator"":245237}","{""count"":244388,""denominator"":245237}",unavailable,unavailable
95016bc16e89cfcccccc40b8,counterfact,R1_learned_ff,0,104,1000,full_validation,original,loss,complete,245237,245237,0.0058496258,0.0061007001,0.122014,0.61007001,15.381805,"{""0.01"":{""count"":731,""denominator"":245237},""0.1"":{""count"":699,""denominator"":245237},""1.0"":{""count"":412,""denominator"":245237}}",1.0058668,False,15.381805,w482:p29,1,signed maximum,first in producer window/position order; exact equality,"{""count"":244388,""denominator"":245237}","{""count"":244498,""denominator"":245237}",unavailable,unavailable
95016bc16e89cfcccccc40b8,counterfact,R1_learned_ff,0,104,1000,full_validation,original,kl,complete,245237,245237,0.0057653779,0.0057653779,0.11530756,0.57653779,13.261097,"{""0.01"":{""count"":843,""denominator"":245237},""0.1"":{""count"":799,""denominator"":245237},""1.0"":{""count"":372,""denominator"":245237}}",unavailable,unavailable,13.261097,w482:p29,1,signed maximum,first in producer window/position order; exact equality,"{""count"":244388,""denominator"":245237}","{""count"":244388,""denominator"":245237}",unavailable,unavailable
43925e53c31860219a85ef90,mquake,R1_learned_ff,0,100,100,sampled_drift,original,loss,complete,16256,16256,0.0052746464,0.0052746464,0.10549293,0.52746464,5.7541372,"{""0.01"":43,""0.1"":43,""1.0"":28}",1.0052886,False,unavailable,w110:p80,unavailable,positive-part maximum,first in producer sample order; tie count unavailable,unavailable,unavailable,16213,16256
43925e53c31860219a85ef90,mquake,R1_learned_ff,0,100,100,sampled_drift,capoff,loss,complete,16256,16256,0.0052746464,0.0052746464,0.10549293,0.52746464,5.7541372,"{""0.01"":43,""0.1"":43,""1.0"":28}",1.0052886,False,unavailable,w110:p80,unavailable,positive-part maximum,first in producer sample order; tie count unavailable,unavailable,unavailable,16213,16256
43925e53c31860219a85ef90,mquake,R1_learned_ff,0,100,300,sampled_drift,original,loss,complete,16256,16256,0.010249587,0.010476937,0.20953875,1.0476937,5.7541372,"{""0.01"":86,""0.1"":82,""1.0"":56}",1.0103023,False,unavailable,w110:p80,unavailable,positive-part maximum,first in producer sample order; tie count unavailable,unavailable,unavailable,16169,16256
43925e53c31860219a85ef90,mquake,R1_learned_ff,0,100,300,sampled_drift,capoff,loss,complete,16256,16256,0.010249587,0.010476937,0.20953875,1.0476937,5.7541372,"{""0.01"":86,""0.1"":82,""1.0"":56}",1.0103023,False,unavailable,w110:p80,unavailable,positive-part maximum,first in producer sample order; tie count unavailable,unavailable,unavailable,16169,16256
43925e53c31860219a85ef90,mquake,R1_learned_ff,0,100,300,full_validation,capoff,loss,complete,245237,245237,0.007146158,0.007306357,0.14612714,0.7306357,13.14428,"{""0.01"":{""count"":888,""denominator"":245237},""0.1"":{""count"":847,""denominator"":245237},""1.0"":{""count"":549,""denominator"":245237}}",1.0071718,False,13.14428,w1683:p83,1,signed maximum,first in producer window/position order; exact equality,"{""count"":244224,""denominator"":245237}","{""count"":244344,""denominator"":245237}",unavailable,unavailable
43925e53c31860219a85ef90,mquake,R1_learned_ff,0,100,300,full_validation,capoff,kl,complete,245237,245237,0.0071233418,0.0071233418,0.14246684,0.71233418,11.554178,"{""0.01"":{""count"":1008,""denominator"":245237},""0.1"":{""count"":938,""denominator"":245237},""1.0"":{""count"":519,""denominator"":245237}}",unavailable,unavailable,11.554178,w225:p27,1,signed maximum,first in producer window/position order; exact equality,"{""count"":244224,""denominator"":245237}","{""count"":244224,""denominator"":245237}",unavailable,unavailable
43925e53c31860219a85ef90,mquake,R1_learned_ff,0,100,300,full_validation,original,loss,complete,245237,245237,0.007146158,0.007306357,0.14612714,0.7306357,13.14428,"{""0.01"":{""count"":888,""denominator"":245237},""0.1"":{""count"":847,""denominator"":245237},""1.0"":{""count"":549,""denominator"":245237}}",1.0071718,False,13.14428,w1683:p83,1,signed maximum,first in producer window/position order; exact equality,"{""count"":244224,""denominator"":245237}","{""count"":244344,""denominator"":245237}",unavailable,unavailable
43925e53c31860219a85ef90,mquake,R1_learned_ff,0,100,300,full_validation,original,kl,complete,245237,245237,0.0071233418,0.0071233418,0.14246684,0.71233418,11.554178,"{""0.01"":{""count"":1008,""denominator"":245237},""0.1"":{""count"":938,""denominator"":245237},""1.0"":{""count"":519,""denominator"":245237}}",unavailable,unavailable,11.554178,w225:p27,1,signed maximum,first in producer window/position order; exact equality,"{""count"":244224,""denominator"":245237}","{""count"":244224,""denominator"":245237}",unavailable,unavailable
c29ee18fb21ba6b387ede6e8,mquake,R1_learned_ff,0,101,100,sampled_drift,original,loss,complete,16256,16256,0.0016745352,0.0017622293,0.035244587,0.17622293,3.9815192,"{""0.01"":17,""0.1"":13,""1.0"":9}",1.0016759,False,unavailable,w72:p19,unavailable,positive-part maximum,first in producer sample order; tie count unavailable,unavailable,unavailable,16239,16256
c29ee18fb21ba6b387ede6e8,mquake,R1_learned_ff,0,101,100,sampled_drift,capoff,loss,complete,16256,16256,0.0016745352,0.0017622293,0.035244587,0.17622293,3.9815192,"{""0.01"":17,""0.1"":13,""1.0"":9}",1.0016759,False,unavailable,w72:p19,unavailable,positive-part maximum,first in producer sample order; tie count unavailable,unavailable,unavailable,16239,16256
c29ee18fb21ba6b387ede6e8,mquake,R1_learned_ff,0,101,300,sampled_drift,original,loss,complete,16256,16256,0.010249587,0.010476937,0.20953875,1.0476937,5.7541372,"{""0.01"":86,""0.1"":82,""1.0"":56}",1.0103023,False,unavailable,w110:p80,unavailable,positive-part maximum,first in producer sample order; tie count unavailable,unavailable,unavailable,16169,16256
c29ee18fb21ba6b387ede6e8,mquake,R1_learned_ff,0,101,300,sampled_drift,capoff,loss,complete,16256,16256,0.010249587,0.010476937,0.20953875,1.0476937,5.7541372,"{""0.01"":86,""0.1"":82,""1.0"":56}",1.0103023,False,unavailable,w110:p80,unavailable,positive-part maximum,first in producer sample order; tie count unavailable,unavailable,unavailable,16169,16256
c29ee18fb21ba6b387ede6e8,mquake,R1_learned_ff,0,101,300,full_validation,capoff,loss,complete,245237,245237,0.007146158,0.007306357,0.14612714,0.7306357,13.14428,"{""0.01"":{""count"":888,""denominator"":245237},""0.1"":{""count"":847,""denominator"":245237},""1.0"":{""count"":549,""denominator"":245237}}",1.0071718,False,13.14428,w1683:p83,1,signed maximum,first in producer window/position order; exact equality,"{""count"":244224,""denominator"":245237}","{""count"":244344,""denominator"":245237}",unavailable,unavailable
c29ee18fb21ba6b387ede6e8,mquake,R1_learned_ff,0,101,300,full_validation,capoff,kl,complete,245237,245237,0.0071233418,0.0071233418,0.14246684,0.71233418,11.554178,"{""0.01"":{""count"":1008,""denominator"":245237},""0.1"":{""count"":938,""denominator"":245237},""1.0"":{""count"":519,""denominator"":245237}}",unavailable,unavailable,11.554178,w225:p27,1,signed maximum,first in producer window/position order; exact equality,"{""count"":244224,""denominator"":245237}","{""count"":244224,""denominator"":245237}",unavailable,unavailable
c29ee18fb21ba6b387ede6e8,mquake,R1_learned_ff,0,101,300,full_validation,original,loss,complete,245237,245237,0.007146158,0.007306357,0.14612714,0.7306357,13.14428,"{""0.01"":{""count"":888,""denominator"":245237},""0.1"":{""count"":847,""denominator"":245237},""1.0"":{""count"":549,""denominator"":245237}}",1.0071718,False,13.14428,w1683:p83,1,signed maximum,first in producer window/position order; exact equality,"{""count"":244224,""denominator"":245237}","{""count"":244344,""denominator"":245237}",unavailable,unavailable
c29ee18fb21ba6b387ede6e8,mquake,R1_learned_ff,0,101,300,full_validation,original,kl,complete,245237,245237,0.0071233418,0.0071233418,0.14246684,0.71233418,11.554178,"{""0.01"":{""count"":1008,""denominator"":245237},""0.1"":{""count"":938,""denominator"":245237},""1.0"":{""count"":519,""denominator"":245237}}",unavailable,unavailable,11.554178,w225:p27,1,signed maximum,first in producer window/position order; exact equality,"{""count"":244224,""denominator"":245237}","{""count"":244224,""denominator"":245237}",unavailable,unavailable
54879da4dcdb0f106f98080a,mquake,R1_learned_ff,0,102,100,sampled_drift,original,loss,complete,16256,16256,0.0022477573,0.0022853004,0.045706007,0.22853004,5.7541372,"{""0.01"":21,""0.1"":19,""1.0"":8}",1.0022503,False,unavailable,w110:p80,unavailable,positive-part maximum,first in producer sample order; tie count unavailable,unavailable,unavailable,16235,16256
54879da4dcdb0f106f98080a,mquake,R1_learned_ff,0,102,100,sampled_drift,capoff,loss,complete,16256,16256,0.0022477573,0.0022853004,0.045706007,0.22853004,5.7541372,"{""0.01"":21,""0.1"":19,""1.0"":8}",1.0022503,False,unavailable,w110:p80,unavailable,positive-part maximum,first in producer sample order; tie count unavailable,unavailable,unavailable,16235,16256
54879da4dcdb0f106f98080a,mquake,R1_learned_ff,0,102,300,sampled_drift,original,loss,complete,16256,16256,0.010249587,0.010476937,0.20953875,1.0476937,5.7541372,"{""0.01"":86,""0.1"":82,""1.0"":56}",1.0103023,False,unavailable,w110:p80,unavailable,positive-part maximum,first in producer sample order; tie count unavailable,unavailable,unavailable,16169,16256
54879da4dcdb0f106f98080a,mquake,R1_learned_ff,0,102,300,sampled_drift,capoff,loss,complete,16256,16256,0.010249587,0.010476937,0.20953875,1.0476937,5.7541372,"{""0.01"":86,""0.1"":82,""1.0"":56}",1.0103023,False,unavailable,w110:p80,unavailable,positive-part maximum,first in producer sample order; tie count unavailable,unavailable,unavailable,16169,16256
54879da4dcdb0f106f98080a,mquake,R1_learned_ff,0,102,300,full_validation,capoff,loss,complete,245237,245237,0.007146158,0.007306357,0.14612714,0.7306357,13.14428,"{""0.01"":{""count"":888,""denominator"":245237},""0.1"":{""count"":847,""denominator"":245237},""1.0"":{""count"":549,""denominator"":245237}}",1.0071718,False,13.14428,w1683:p83,1,signed maximum,first in producer window/position order; exact equality,"{""count"":244224,""denominator"":245237}","{""count"":244344,""denominator"":245237}",unavailable,unavailable
54879da4dcdb0f106f98080a,mquake,R1_learned_ff,0,102,300,full_validation,capoff,kl,complete,245237,245237,0.0071233418,0.0071233418,0.14246684,0.71233418,11.554178,"{""0.01"":{""count"":1008,""denominator"":245237},""0.1"":{""count"":938,""denominator"":245237},""1.0"":{""count"":519,""denominator"":245237}}",unavailable,unavailable,11.554178,w225:p27,1,signed maximum,first in producer window/position order; exact equality,"{""count"":244224,""denominator"":245237}","{""count"":244224,""denominator"":245237}",unavailable,unavailable
54879da4dcdb0f106f98080a,mquake,R1_learned_ff,0,102,300,full_validation,original,loss,complete,245237,245237,0.007146158,0.007306357,0.14612714,0.7306357,13.14428,"{""0.01"":{""count"":888,""denominator"":245237},""0.1"":{""count"":847,""denominator"":245237},""1.0"":{""count"":549,""denominator"":245237}}",1.0071718,False,13.14428,w1683:p83,1,signed maximum,first in producer window/position order; exact equality,"{""count"":244224,""denominator"":245237}","{""count"":244344,""denominator"":245237}",unavailable,unavailable
54879da4dcdb0f106f98080a,mquake,R1_learned_ff,0,102,300,full_validation,original,kl,complete,245237,245237,0.0071233418,0.0071233418,0.14246684,0.71233418,11.554178,"{""0.01"":{""count"":1008,""denominator"":245237},""0.1"":{""count"":938,""denominator"":245237},""1.0"":{""count"":519,""denominator"":245237}}",unavailable,unavailable,11.554178,w225:p27,1,signed maximum,first in producer window/position order; exact equality,"{""count"":244224,""denominator"":245237}","{""count"":244224,""denominator"":245237}",unavailable,unavailable
78ebbc03946239c1d637154c,mquake,R1_learned_ff,0,103,100,sampled_drift,original,loss,complete,16256,16256,0.003906871,0.0039085841,0.078171682,0.39085841,5.5612209,"{""0.01"":33,""0.1"":30,""1.0"":23}",1.0039145,False,unavailable,w29:p49,unavailable,positive-part maximum,first in producer sample order; tie count unavailable,unavailable,unavailable,16223,16256
78ebbc03946239c1d637154c,mquake,R1_learned_ff,0,103,100,sampled_drift,capoff,loss,complete,16256,16256,0.003906871,0.0039085841,0.078171682,0.39085841,5.5612209,"{""0.01"":33,""0.1"":30,""1.0"":23}",1.0039145,False,unavailable,w29:p49,unavailable,positive-part maximum,first in producer sample order; tie count unavailable,unavailable,unavailable,16223,16256
78ebbc03946239c1d637154c,mquake,R1_learned_ff,0,103,300,sampled_drift,original,loss,complete,16256,16256,0.010249587,0.010476937,0.20953875,1.0476937,5.7541372,"{""0.01"":86,""0.1"":82,""1.0"":56}",1.0103023,False,unavailable,w110:p80,unavailable,positive-part maximum,first in producer sample order; tie count unavailable,unavailable,unavailable,16169,16256
78ebbc03946239c1d637154c,mquake,R1_learned_ff,0,103,300,sampled_drift,capoff,loss,complete,16256,16256,0.010249587,0.010476937,0.20953875,1.0476937,5.7541372,"{""0.01"":86,""0.1"":82,""1.0"":56}",1.0103023,False,unavailable,w110:p80,unavailable,positive-part maximum,first in producer sample order; tie count unavailable,unavailable,unavailable,16169,16256
78ebbc03946239c1d637154c,mquake,R1_learned_ff,0,103,300,full_validation,capoff,loss,complete,245237,245237,0.007146158,0.007306357,0.14612714,0.7306357,13.14428,"{""0.01"":{""count"":888,""denominator"":245237},""0.1"":{""count"":847,""denominator"":245237},""1.0"":{""count"":549,""denominator"":245237}}",1.0071718,False,13.14428,w1683:p83,1,signed maximum,first in producer window/position order; exact equality,"{""count"":244224,""denominator"":245237}","{""count"":244344,""denominator"":245237}",unavailable,unavailable
78ebbc03946239c1d637154c,mquake,R1_learned_ff,0,103,300,full_validation,capoff,kl,complete,245237,245237,0.0071233418,0.0071233418,0.14246684,0.71233418,11.554178,"{""0.01"":{""count"":1008,""denominator"":245237},""0.1"":{""count"":938,""denominator"":245237},""1.0"":{""count"":519,""denominator"":245237}}",unavailable,unavailable,11.554178,w225:p27,1,signed maximum,first in producer window/position order; exact equality,"{""count"":244224,""denominator"":245237}","{""count"":244224,""denominator"":245237}",unavailable,unavailable
78ebbc03946239c1d637154c,mquake,R1_learned_ff,0,103,300,full_validation,original,loss,complete,245237,245237,0.007146158,0.007306357,0.14612714,0.7306357,13.14428,"{""0.01"":{""count"":888,""denominator"":245237},""0.1"":{""count"":847,""denominator"":245237},""1.0"":{""count"":549,""denominator"":245237}}",1.0071718,False,13.14428,w1683:p83,1,signed maximum,first in producer window/position order; exact equality,"{""count"":244224,""denominator"":245237}","{""count"":244344,""denominator"":245237}",unavailable,unavailable
78ebbc03946239c1d637154c,mquake,R1_learned_ff,0,103,300,full_validation,original,kl,complete,245237,245237,0.0071233418,0.0071233418,0.14246684,0.71233418,11.554178,"{""0.01"":{""count"":1008,""denominator"":245237},""0.1"":{""count"":938,""denominator"":245237},""1.0"":{""count"":519,""denominator"":245237}}",unavailable,unavailable,11.554178,w225:p27,1,signed maximum,first in producer window/position order; exact equality,"{""count"":244224,""denominator"":245237}","{""count"":244224,""denominator"":245237}",unavailable,unavailable
b1d1e53944241333ec5603d4,mquake,R1_learned_ff,0,104,100,sampled_drift,original,loss,complete,16256,16256,0.006855084,0.0070143686,0.14028737,0.70143686,5.3917771,"{""0.01"":57,""0.1"":54,""1.0"":37}",1.0068786,False,unavailable,w65:p39,unavailable,positive-part maximum,first in producer sample order; tie count unavailable,unavailable,unavailable,16198,16256
b1d1e53944241333ec5603d4,mquake,R1_learned_ff,0,104,100,sampled_drift,capoff,loss,complete,16256,16256,0.006855084,0.0070143686,0.14028737,0.70143686,5.3917771,"{""0.01"":57,""0.1"":54,""1.0"":37}",1.0068786,False,unavailable,w65:p39,unavailable,positive-part maximum,first in producer sample order; tie count unavailable,unavailable,unavailable,16198,16256
b1d1e53944241333ec5603d4,mquake,R1_learned_ff,0,104,300,sampled_drift,original,loss,complete,16256,16256,0.010249587,0.010476937,0.20953875,1.0476937,5.7541372,"{""0.01"":86,""0.1"":82,""1.0"":56}",1.0103023,False,unavailable,w110:p80,unavailable,positive-part maximum,first in producer sample order; tie count unavailable,unavailable,unavailable,16169,16256
b1d1e53944241333ec5603d4,mquake,R1_learned_ff,0,104,300,sampled_drift,capoff,loss,complete,16256,16256,0.010249587,0.010476937,0.20953875,1.0476937,5.7541372,"{""0.01"":86,""0.1"":82,""1.0"":56}",1.0103023,False,unavailable,w110:p80,unavailable,positive-part maximum,first in producer sample order; tie count unavailable,unavailable,unavailable,16169,16256
b1d1e53944241333ec5603d4,mquake,R1_learned_ff,0,104,300,full_validation,capoff,loss,complete,245237,245237,0.007146158,0.007306357,0.14612714,0.7306357,13.14428,"{""0.01"":{""count"":888,""denominator"":245237},""0.1"":{""count"":847,""denominator"":245237},""1.0"":{""count"":549,""denominator"":245237}}",1.0071718,False,13.14428,w1683:p83,1,signed maximum,first in producer window/position order; exact equality,"{""count"":244224,""denominator"":245237}","{""count"":244344,""denominator"":245237}",unavailable,unavailable
b1d1e53944241333ec5603d4,mquake,R1_learned_ff,0,104,300,full_validation,capoff,kl,complete,245237,245237,0.0071233418,0.0071233418,0.14246684,0.71233418,11.554178,"{""0.01"":{""count"":1008,""denominator"":245237},""0.1"":{""count"":938,""denominator"":245237},""1.0"":{""count"":519,""denominator"":245237}}",unavailable,unavailable,11.554178,w225:p27,1,signed maximum,first in producer window/position order; exact equality,"{""count"":244224,""denominator"":245237}","{""count"":244224,""denominator"":245237}",unavailable,unavailable
b1d1e53944241333ec5603d4,mquake,R1_learned_ff,0,104,300,full_validation,original,loss,complete,245237,245237,0.007146158,0.007306357,0.14612714,0.7306357,13.14428,"{""0.01"":{""count"":888,""denominator"":245237},""0.1"":{""count"":847,""denominator"":245237},""1.0"":{""count"":549,""denominator"":245237}}",1.0071718,False,13.14428,w1683:p83,1,signed maximum,first in producer window/position order; exact equality,"{""count"":244224,""denominator"":245237}","{""count"":244344,""denominator"":245237}",unavailable,unavailable
b1d1e53944241333ec5603d4,mquake,R1_learned_ff,0,104,300,full_validation,original,kl,complete,245237,245237,0.0071233418,0.0071233418,0.14246684,0.71233418,11.554178,"{""0.01"":{""count"":1008,""denominator"":245237},""0.1"":{""count"":938,""denominator"":245237},""1.0"":{""count"":519,""denominator"":245237}}",unavailable,unavailable,11.554178,w225:p27,1,signed maximum,first in producer window/position order; exact equality,"{""count"":244224,""denominator"":245237}","{""count"":244224,""denominator"":245237}",unavailable,unavailable
f3dbf1a3d5860a628e7d68ef,zsre,R1_nonlearned,0,100,100,sampled_drift,original,loss,complete,16256,16256,5.1051865e-05,5.1051865e-05,0.0010210373,0.0051051865,0.82989912,"{""0.01"":1,""0.1"":1,""1.0"":0}",1.0000511,False,unavailable,w12:p19,unavailable,positive-part maximum,first in producer sample order; tie count unavailable,unavailable,unavailable,16255,16256
f3dbf1a3d5860a628e7d68ef,zsre,R1_nonlearned,0,100,100,sampled_drift,capoff,loss,complete,16256,16256,5.1051865e-05,5.1051865e-05,0.0010210373,0.0051051865,0.82989912,"{""0.01"":1,""0.1"":1,""1.0"":0}",1.0000511,False,unavailable,w12:p19,unavailable,positive-part maximum,first in producer sample order; tie count unavailable,unavailable,unavailable,16255,16256
f3dbf1a3d5860a628e7d68ef,zsre,R1_nonlearned,0,100,300,sampled_drift,original,loss,complete,16256,16256,0.00016448507,0.00016448507,0.0032897015,0.016448507,1.8439702,"{""0.01"":2,""0.1"":2,""1.0"":1}",1.0001645,False,unavailable,w13:p31,unavailable,positive-part maximum,first in producer sample order; tie count unavailable,unavailable,unavailable,16254,16256
f3dbf1a3d5860a628e7d68ef,zsre,R1_nonlearned,0,100,300,sampled_drift,capoff,loss,complete,16256,16256,0.00016448507,0.00016448507,0.0032897015,0.016448507,1.8439702,"{""0.01"":2,""0.1"":2,""1.0"":1}",1.0001645,False,unavailable,w13:p31,unavailable,positive-part maximum,first in producer sample order; tie count unavailable,unavailable,unavailable,16254,16256
f3dbf1a3d5860a628e7d68ef,zsre,R1_nonlearned,0,100,1000,sampled_drift,original,loss,complete,16256,16256,0.00016448507,0.00016448507,0.0032897015,0.016448507,1.8439702,"{""0.01"":2,""0.1"":2,""1.0"":1}",1.0001645,False,unavailable,w13:p31,unavailable,positive-part maximum,first in producer sample order; tie count unavailable,unavailable,unavailable,16254,16256
f3dbf1a3d5860a628e7d68ef,zsre,R1_nonlearned,0,100,1000,sampled_drift,capoff,loss,complete,16256,16256,0.00016448507,0.00016448507,0.0032897015,0.016448507,1.8439702,"{""0.01"":2,""0.1"":2,""1.0"":1}",1.0001645,False,unavailable,w13:p31,unavailable,positive-part maximum,first in producer sample order; tie count unavailable,unavailable,unavailable,16254,16256
f3dbf1a3d5860a628e7d68ef,zsre,R1_nonlearned,0,100,1000,full_validation,capoff,loss,complete,245237,245237,0.0003165613,0.00032463253,0.0064926507,0.032463253,5.6608335,"{""0.01"":{""count"":53,""denominator"":245237},""0.1"":{""count"":47,""denominator"":245237},""1.0"":{""count"":28,""denominator"":245237}}",1.0003166,False,5.6608335,w893:p35,1,signed maximum,first in producer window/position order; exact equality,"{""count"":245179,""denominator"":245237}","{""count"":245183,""denominator"":245237}",unavailable,unavailable
f3dbf1a3d5860a628e7d68ef,zsre,R1_nonlearned,0,100,1000,full_validation,capoff,kl,complete,245237,245237,0.00031458449,0.00031458449,0.0062916899,0.031458449,3.728757,"{""0.01"":{""count"":58,""denominator"":245237},""0.1"":{""count"":56,""denominator"":245237},""1.0"":{""count"":28,""denominator"":245237}}",unavailable,unavailable,3.728757,w893:p35,1,signed maximum,first in producer window/position order; exact equality,"{""count"":245179,""denominator"":245237}","{""count"":245179,""denominator"":245237}",unavailable,unavailable
f3dbf1a3d5860a628e7d68ef,zsre,R1_nonlearned,0,100,1000,full_validation,original,loss,complete,245237,245237,0.0003165613,0.00032463253,0.0064926507,0.032463253,5.6608335,"{""0.01"":{""count"":53,""denominator"":245237},""0.1"":{""count"":47,""denominator"":245237},""1.0"":{""count"":28,""denominator"":245237}}",1.0003166,False,5.6608335,w893:p35,1,signed maximum,first in producer window/position order; exact equality,"{""count"":245179,""denominator"":245237}","{""count"":245183,""denominator"":245237}",unavailable,unavailable
f3dbf1a3d5860a628e7d68ef,zsre,R1_nonlearned,0,100,1000,full_validation,original,kl,complete,245237,245237,0.00031458449,0.00031458449,0.0062916899,0.031458449,3.728757,"{""0.01"":{""count"":58,""denominator"":245237},""0.1"":{""count"":56,""denominator"":245237},""1.0"":{""count"":28,""denominator"":245237}}",unavailable,unavailable,3.728757,w893:p35,1,signed maximum,first in producer window/position order; exact equality,"{""count"":245179,""denominator"":245237}","{""count"":245179,""denominator"":245237}",unavailable,unavailable
be44dfb501724b72adcbd747,zsre,R1_nonlearned,0,101,100,sampled_drift,original,loss,complete,16256,16256,0.00011343321,0.00011343321,0.0022686642,0.011343321,1.8439702,"{""0.01"":1,""0.1"":1,""1.0"":1}",1.0001134,False,unavailable,w13:p31,unavailable,positive-part maximum,first in producer sample order; tie count unavailable,unavailable,unavailable,16255,16256
be44dfb501724b72adcbd747,zsre,R1_nonlearned,0,101,100,sampled_drift,capoff,loss,complete,16256,16256,0.00011343321,0.00011343321,0.0022686642,0.011343321,1.8439702,"{""0.01"":1,""0.1"":1,""1.0"":1}",1.0001134,False,unavailable,w13:p31,unavailable,positive-part maximum,first in producer sample order; tie count unavailable,unavailable,unavailable,16255,16256
be44dfb501724b72adcbd747,zsre,R1_nonlearned,0,101,300,sampled_drift,original,loss,complete,16256,16256,0.00011343321,0.00011343321,0.0022686642,0.011343321,1.8439702,"{""0.01"":1,""0.1"":1,""1.0"":1}",1.0001134,False,unavailable,w13:p31,unavailable,positive-part maximum,first in producer sample order; tie count unavailable,unavailable,unavailable,16255,16256
be44dfb501724b72adcbd747,zsre,R1_nonlearned,0,101,300,sampled_drift,capoff,loss,complete,16256,16256,0.00011343321,0.00011343321,0.0022686642,0.011343321,1.8439702,"{""0.01"":1,""0.1"":1,""1.0"":1}",1.0001134,False,unavailable,w13:p31,unavailable,positive-part maximum,first in producer sample order; tie count unavailable,unavailable,unavailable,16255,16256
be44dfb501724b72adcbd747,zsre,R1_nonlearned,0,101,1000,sampled_drift,original,loss,complete,16256,16256,0.00016448507,0.00016448507,0.0032897015,0.016448507,1.8439702,"{""0.01"":2,""0.1"":2,""1.0"":1}",1.0001645,False,unavailable,w13:p31,unavailable,positive-part maximum,first in producer sample order; tie count unavailable,unavailable,unavailable,16254,16256
be44dfb501724b72adcbd747,zsre,R1_nonlearned,0,101,1000,sampled_drift,capoff,loss,complete,16256,16256,0.00016448507,0.00016448507,0.0032897015,0.016448507,1.8439702,"{""0.01"":2,""0.1"":2,""1.0"":1}",1.0001645,False,unavailable,w13:p31,unavailable,positive-part maximum,first in producer sample order; tie count unavailable,unavailable,unavailable,16254,16256
be44dfb501724b72adcbd747,zsre,R1_nonlearned,0,101,1000,full_validation,capoff,loss,complete,245237,245237,0.0003165613,0.00032463253,0.0064926507,0.032463253,5.6608335,"{""0.01"":{""count"":53,""denominator"":245237},""0.1"":{""count"":47,""denominator"":245237},""1.0"":{""count"":28,""denominator"":245237}}",1.0003166,False,5.6608335,w893:p35,1,signed maximum,first in producer window/position order; exact equality,"{""count"":245179,""denominator"":245237}","{""count"":245183,""denominator"":245237}",unavailable,unavailable
be44dfb501724b72adcbd747,zsre,R1_nonlearned,0,101,1000,full_validation,capoff,kl,complete,245237,245237,0.00031458449,0.00031458449,0.0062916899,0.031458449,3.728757,"{""0.01"":{""count"":58,""denominator"":245237},""0.1"":{""count"":56,""denominator"":245237},""1.0"":{""count"":28,""denominator"":245237}}",unavailable,unavailable,3.728757,w893:p35,1,signed maximum,first in producer window/position order; exact equality,"{""count"":245179,""denominator"":245237}","{""count"":245179,""denominator"":245237}",unavailable,unavailable
be44dfb501724b72adcbd747,zsre,R1_nonlearned,0,101,1000,full_validation,original,loss,complete,245237,245237,0.0003165613,0.00032463253,0.0064926507,0.032463253,5.6608335,"{""0.01"":{""count"":53,""denominator"":245237},""0.1"":{""count"":47,""denominator"":245237},""1.0"":{""count"":28,""denominator"":245237}}",1.0003166,False,5.6608335,w893:p35,1,signed maximum,first in producer window/position order; exact equality,"{""count"":245179,""denominator"":245237}","{""count"":245183,""denominator"":245237}",unavailable,unavailable
be44dfb501724b72adcbd747,zsre,R1_nonlearned,0,101,1000,full_validation,original,kl,complete,245237,245237,0.00031458449,0.00031458449,0.0062916899,0.031458449,3.728757,"{""0.01"":{""count"":58,""denominator"":245237},""0.1"":{""count"":56,""denominator"":245237},""1.0"":{""count"":28,""denominator"":245237}}",unavailable,unavailable,3.728757,w893:p35,1,signed maximum,first in producer window/position order; exact equality,"{""count"":245179,""denominator"":245237}","{""count"":245179,""denominator"":245237}",unavailable,unavailable
5263d61e569d7cb4ceb4e617,zsre,R1_nonlearned,0,102,100,sampled_drift,original,loss,complete,16256,16256,0,0,0,0,0,"{""0.01"":0,""0.1"":0,""1.0"":0}",1,False,unavailable,w0:p1,unavailable,positive-part maximum,first in producer sample order; tie count unavailable,unavailable,unavailable,16256,16256
5263d61e569d7cb4ceb4e617,zsre,R1_nonlearned,0,102,100,sampled_drift,capoff,loss,complete,16256,16256,0,0,0,0,0,"{""0.01"":0,""0.1"":0,""1.0"":0}",1,False,unavailable,w0:p1,unavailable,positive-part maximum,first in producer sample order; tie count unavailable,unavailable,unavailable,16256,16256
5263d61e569d7cb4ceb4e617,zsre,R1_nonlearned,0,102,300,sampled_drift,original,loss,complete,16256,16256,0,0,0,0,0,"{""0.01"":0,""0.1"":0,""1.0"":0}",1,False,unavailable,w0:p1,unavailable,positive-part maximum,first in producer sample order; tie count unavailable,unavailable,unavailable,16256,16256
5263d61e569d7cb4ceb4e617,zsre,R1_nonlearned,0,102,300,sampled_drift,capoff,loss,complete,16256,16256,0,0,0,0,0,"{""0.01"":0,""0.1"":0,""1.0"":0}",1,False,unavailable,w0:p1,unavailable,positive-part maximum,first in producer sample order; tie count unavailable,unavailable,unavailable,16256,16256
5263d61e569d7cb4ceb4e617,zsre,R1_nonlearned,0,102,1000,sampled_drift,original,loss,complete,16256,16256,0.00016448507,0.00016448507,0.0032897015,0.016448507,1.8439702,"{""0.01"":2,""0.1"":2,""1.0"":1}",1.0001645,False,unavailable,w13:p31,unavailable,positive-part maximum,first in producer sample order; tie count unavailable,unavailable,unavailable,16254,16256
5263d61e569d7cb4ceb4e617,zsre,R1_nonlearned,0,102,1000,sampled_drift,capoff,loss,complete,16256,16256,0.00016448507,0.00016448507,0.0032897015,0.016448507,1.8439702,"{""0.01"":2,""0.1"":2,""1.0"":1}",1.0001645,False,unavailable,w13:p31,unavailable,positive-part maximum,first in producer sample order; tie count unavailable,unavailable,unavailable,16254,16256
5263d61e569d7cb4ceb4e617,zsre,R1_nonlearned,0,102,1000,full_validation,capoff,loss,complete,245237,245237,0.0003165613,0.00032463253,0.0064926507,0.032463253,5.6608335,"{""0.01"":{""count"":53,""denominator"":245237},""0.1"":{""count"":47,""denominator"":245237},""1.0"":{""count"":28,""denominator"":245237}}",1.0003166,False,5.6608335,w893:p35,1,signed maximum,first in producer window/position order; exact equality,"{""count"":245179,""denominator"":245237}","{""count"":245183,""denominator"":245237}",unavailable,unavailable
5263d61e569d7cb4ceb4e617,zsre,R1_nonlearned,0,102,1000,full_validation,capoff,kl,complete,245237,245237,0.00031458449,0.00031458449,0.0062916899,0.031458449,3.728757,"{""0.01"":{""count"":58,""denominator"":245237},""0.1"":{""count"":56,""denominator"":245237},""1.0"":{""count"":28,""denominator"":245237}}",unavailable,unavailable,3.728757,w893:p35,1,signed maximum,first in producer window/position order; exact equality,"{""count"":245179,""denominator"":245237}","{""count"":245179,""denominator"":245237}",unavailable,unavailable
5263d61e569d7cb4ceb4e617,zsre,R1_nonlearned,0,102,1000,full_validation,original,loss,complete,245237,245237,0.0003165613,0.00032463253,0.0064926507,0.032463253,5.6608335,"{""0.01"":{""count"":53,""denominator"":245237},""0.1"":{""count"":47,""denominator"":245237},""1.0"":{""count"":28,""denominator"":245237}}",1.0003166,False,5.6608335,w893:p35,1,signed maximum,first in producer window/position order; exact equality,"{""count"":245179,""denominator"":245237}","{""count"":245183,""denominator"":245237}",unavailable,unavailable
5263d61e569d7cb4ceb4e617,zsre,R1_nonlearned,0,102,1000,full_validation,original,kl,complete,245237,245237,0.00031458449,0.00031458449,0.0062916899,0.031458449,3.728757,"{""0.01"":{""count"":58,""denominator"":245237},""0.1"":{""count"":56,""denominator"":245237},""1.0"":{""count"":28,""denominator"":245237}}",unavailable,unavailable,3.728757,w893:p35,1,signed maximum,first in producer window/position order; exact equality,"{""count"":245179,""denominator"":245237}","{""count"":245179,""denominator"":245237}",unavailable,unavailable
81b1e9cb4e216a6cd1cd565a,zsre,R1_nonlearned,0,103,100,sampled_drift,original,loss,complete,16256,16256,0,0,0,0,0,"{""0.01"":0,""0.1"":0,""1.0"":0}",1,False,unavailable,w0:p1,unavailable,positive-part maximum,first in producer sample order; tie count unavailable,unavailable,unavailable,16256,16256
81b1e9cb4e216a6cd1cd565a,zsre,R1_nonlearned,0,103,100,sampled_drift,capoff,loss,complete,16256,16256,0,0,0,0,0,"{""0.01"":0,""0.1"":0,""1.0"":0}",1,False,unavailable,w0:p1,unavailable,positive-part maximum,first in producer sample order; tie count unavailable,unavailable,unavailable,16256,16256
81b1e9cb4e216a6cd1cd565a,zsre,R1_nonlearned,0,103,300,sampled_drift,original,loss,complete,16256,16256,3.9594633e-05,3.9594633e-05,0.00079189266,0.0039594633,0.64365036,"{""0.01"":1,""0.1"":1,""1.0"":0}",1.0000396,False,unavailable,w13:p31,unavailable,positive-part maximum,first in producer sample order; tie count unavailable,unavailable,unavailable,16255,16256
81b1e9cb4e216a6cd1cd565a,zsre,R1_nonlearned,0,103,300,sampled_drift,capoff,loss,complete,16256,16256,3.9594633e-05,3.9594633e-05,0.00079189266,0.0039594633,0.64365036,"{""0.01"":1,""0.1"":1,""1.0"":0}",1.0000396,False,unavailable,w13:p31,unavailable,positive-part maximum,first in producer sample order; tie count unavailable,unavailable,unavailable,16255,16256
81b1e9cb4e216a6cd1cd565a,zsre,R1_nonlearned,0,103,1000,sampled_drift,original,loss,complete,16256,16256,0.00016448507,0.00016448507,0.0032897015,0.016448507,1.8439702,"{""0.01"":2,""0.1"":2,""1.0"":1}",1.0001645,False,unavailable,w13:p31,unavailable,positive-part maximum,first in producer sample order; tie count unavailable,unavailable,unavailable,16254,16256
81b1e9cb4e216a6cd1cd565a,zsre,R1_nonlearned,0,103,1000,sampled_drift,capoff,loss,complete,16256,16256,0.00016448507,0.00016448507,0.0032897015,0.016448507,1.8439702,"{""0.01"":2,""0.1"":2,""1.0"":1}",1.0001645,False,unavailable,w13:p31,unavailable,positive-part maximum,first in producer sample order; tie count unavailable,unavailable,unavailable,16254,16256
81b1e9cb4e216a6cd1cd565a,zsre,R1_nonlearned,0,103,1000,full_validation,capoff,loss,complete,245237,245237,0.0003165613,0.00032463253,0.0064926507,0.032463253,5.6608335,"{""0.01"":{""count"":53,""denominator"":245237},""0.1"":{""count"":47,""denominator"":245237},""1.0"":{""count"":28,""denominator"":245237}}",1.0003166,False,5.6608335,w893:p35,1,signed maximum,first in producer window/position order; exact equality,"{""count"":245179,""denominator"":245237}","{""count"":245183,""denominator"":245237}",unavailable,unavailable
81b1e9cb4e216a6cd1cd565a,zsre,R1_nonlearned,0,103,1000,full_validation,capoff,kl,complete,245237,245237,0.00031458449,0.00031458449,0.0062916899,0.031458449,3.728757,"{""0.01"":{""count"":58,""denominator"":245237},""0.1"":{""count"":56,""denominator"":245237},""1.0"":{""count"":28,""denominator"":245237}}",unavailable,unavailable,3.728757,w893:p35,1,signed maximum,first in producer window/position order; exact equality,"{""count"":245179,""denominator"":245237}","{""count"":245179,""denominator"":245237}",unavailable,unavailable
81b1e9cb4e216a6cd1cd565a,zsre,R1_nonlearned,0,103,1000,full_validation,original,loss,complete,245237,245237,0.0003165613,0.00032463253,0.0064926507,0.032463253,5.6608335,"{""0.01"":{""count"":53,""denominator"":245237},""0.1"":{""count"":47,""denominator"":245237},""1.0"":{""count"":28,""denominator"":245237}}",1.0003166,False,5.6608335,w893:p35,1,signed maximum,first in producer window/position order; exact equality,"{""count"":245179,""denominator"":245237}","{""count"":245183,""denominator"":245237}",unavailable,unavailable
81b1e9cb4e216a6cd1cd565a,zsre,R1_nonlearned,0,103,1000,full_validation,original,kl,complete,245237,245237,0.00031458449,0.00031458449,0.0062916899,0.031458449,3.728757,"{""0.01"":{""count"":58,""denominator"":245237},""0.1"":{""count"":56,""denominator"":245237},""1.0"":{""count"":28,""denominator"":245237}}",unavailable,unavailable,3.728757,w893:p35,1,signed maximum,first in producer window/position order; exact equality,"{""count"":245179,""denominator"":245237}","{""count"":245179,""denominator"":245237}",unavailable,unavailable
deb5f473d9ca2ed544926204,zsre,R1_nonlearned,0,104,100,sampled_drift,original,loss,complete,16256,16256,0.00011343321,0.00011343321,0.0022686642,0.011343321,1.8439702,"{""0.01"":1,""0.1"":1,""1.0"":1}",1.0001134,False,unavailable,w13:p31,unavailable,positive-part maximum,first in producer sample order; tie count unavailable,unavailable,unavailable,16255,16256
deb5f473d9ca2ed544926204,zsre,R1_nonlearned,0,104,100,sampled_drift,capoff,loss,complete,16256,16256,0.00011343321,0.00011343321,0.0022686642,0.011343321,1.8439702,"{""0.01"":1,""0.1"":1,""1.0"":1}",1.0001134,False,unavailable,w13:p31,unavailable,positive-part maximum,first in producer sample order; tie count unavailable,unavailable,unavailable,16255,16256
deb5f473d9ca2ed544926204,zsre,R1_nonlearned,0,104,300,sampled_drift,original,loss,complete,16256,16256,0.00011343321,0.00011343321,0.0022686642,0.011343321,1.8439702,"{""0.01"":1,""0.1"":1,""1.0"":1}",1.0001134,False,unavailable,w13:p31,unavailable,positive-part maximum,first in producer sample order; tie count unavailable,unavailable,unavailable,16255,16256
deb5f473d9ca2ed544926204,zsre,R1_nonlearned,0,104,300,sampled_drift,capoff,loss,complete,16256,16256,0.00011343321,0.00011343321,0.0022686642,0.011343321,1.8439702,"{""0.01"":1,""0.1"":1,""1.0"":1}",1.0001134,False,unavailable,w13:p31,unavailable,positive-part maximum,first in producer sample order; tie count unavailable,unavailable,unavailable,16255,16256
deb5f473d9ca2ed544926204,zsre,R1_nonlearned,0,104,1000,sampled_drift,original,loss,complete,16256,16256,0.00016448507,0.00016448507,0.0032897015,0.016448507,1.8439702,"{""0.01"":2,""0.1"":2,""1.0"":1}",1.0001645,False,unavailable,w13:p31,unavailable,positive-part maximum,first in producer sample order; tie count unavailable,unavailable,unavailable,16254,16256
deb5f473d9ca2ed544926204,zsre,R1_nonlearned,0,104,1000,sampled_drift,capoff,loss,complete,16256,16256,0.00016448507,0.00016448507,0.0032897015,0.016448507,1.8439702,"{""0.01"":2,""0.1"":2,""1.0"":1}",1.0001645,False,unavailable,w13:p31,unavailable,positive-part maximum,first in producer sample order; tie count unavailable,unavailable,unavailable,16254,16256
deb5f473d9ca2ed544926204,zsre,R1_nonlearned,0,104,1000,full_validation,capoff,loss,complete,245237,245237,0.0003165613,0.00032463253,0.0064926507,0.032463253,5.6608335,"{""0.01"":{""count"":53,""denominator"":245237},""0.1"":{""count"":47,""denominator"":245237},""1.0"":{""count"":28,""denominator"":245237}}",1.0003166,False,5.6608335,w893:p35,1,signed maximum,first in producer window/position order; exact equality,"{""count"":245179,""denominator"":245237}","{""count"":245183,""denominator"":245237}",unavailable,unavailable
deb5f473d9ca2ed544926204,zsre,R1_nonlearned,0,104,1000,full_validation,capoff,kl,complete,245237,245237,0.00031458449,0.00031458449,0.0062916899,0.031458449,3.728757,"{""0.01"":{""count"":58,""denominator"":245237},""0.1"":{""count"":56,""denominator"":245237},""1.0"":{""count"":28,""denominator"":245237}}",unavailable,unavailable,3.728757,w893:p35,1,signed maximum,first in producer window/position order; exact equality,"{""count"":245179,""denominator"":245237}","{""count"":245179,""denominator"":245237}",unavailable,unavailable
deb5f473d9ca2ed544926204,zsre,R1_nonlearned,0,104,1000,full_validation,original,loss,complete,245237,245237,0.0003165613,0.00032463253,0.0064926507,0.032463253,5.6608335,"{""0.01"":{""count"":53,""denominator"":245237},""0.1"":{""count"":47,""denominator"":245237},""1.0"":{""count"":28,""denominator"":245237}}",1.0003166,False,5.6608335,w893:p35,1,signed maximum,first in producer window/position order; exact equality,"{""count"":245179,""denominator"":245237}","{""count"":245183,""denominator"":245237}",unavailable,unavailable
deb5f473d9ca2ed544926204,zsre,R1_nonlearned,0,104,1000,full_validation,original,kl,complete,245237,245237,0.00031458449,0.00031458449,0.0062916899,0.031458449,3.728757,"{""0.01"":{""count"":58,""denominator"":245237},""0.1"":{""count"":56,""denominator"":245237},""1.0"":{""count"":28,""denominator"":245237}}",unavailable,unavailable,3.728757,w893:p35,1,signed maximum,first in producer window/position order; exact equality,"{""count"":245179,""denominator"":245237}","{""count"":245179,""denominator"":245237}",unavailable,unavailable
0b6ade77641a02c1c85574b0,counterfact,R1_nonlearned,0,100,100,sampled_drift,original,loss,complete,16256,16256,0.031422247,0.031564186,0.63128373,3.1564186,11.727234,"{""0.01"":147,""0.1"":146,""1.0"":124}",1.0319211,False,unavailable,w122:p34,unavailable,positive-part maximum,first in producer sample order; tie count unavailable,unavailable,unavailable,16108,16256
0b6ade77641a02c1c85574b0,counterfact,R1_nonlearned,0,100,100,sampled_drift,capoff,loss,complete,16256,16256,0.031422247,0.031564186,0.63128373,3.1564186,11.727234,"{""0.01"":147,""0.1"":146,""1.0"":124}",1.0319211,False,unavailable,w122:p34,unavailable,positive-part maximum,first in producer sample order; tie count unavailable,unavailable,unavailable,16108,16256
0b6ade77641a02c1c85574b0,counterfact,R1_nonlearned,0,100,300,sampled_drift,original,loss,complete,16256,16256,0.048302202,0.048586886,0.97173773,4.5431452,11.914909,"{""0.01"":224,""0.1"":220,""1.0"":186}",1.0494878,False,unavailable,w80:p8,unavailable,positive-part maximum,first in producer sample order; tie count unavailable,unavailable,unavailable,16031,16256
0b6ade77641a02c1c85574b0,counterfact,R1_nonlearned,0,100,300,sampled_drift,capoff,loss,complete,16256,16256,0.048302202,0.048586886,0.97173773,4.5431452,11.914909,"{""0.01"":224,""0.1"":220,""1.0"":186}",1.0494878,False,unavailable,w80:p8,unavailable,positive-part maximum,first in producer sample order; tie count unavailable,unavailable,unavailable,16031,16256
0b6ade77641a02c1c85574b0,counterfact,R1_nonlearned,0,100,1000,sampled_drift,original,loss,complete,16256,16256,0.061502422,0.061908118,1.2381624,5.135866,12.607352,"{""0.01"":302,""0.1"":297,""1.0"":241}",1.0634331,False,unavailable,w122:p34,unavailable,positive-part maximum,first in producer sample order; tie count unavailable,unavailable,unavailable,15953,16256
0b6ade77641a02c1c85574b0,counterfact,R1_nonlearned,0,100,1000,sampled_drift,capoff,loss,complete,16256,16256,0.061502422,0.061908118,1.2381624,5.135866,12.607352,"{""0.01"":302,""0.1"":297,""1.0"":241}",1.0634331,False,unavailable,w122:p34,unavailable,positive-part maximum,first in producer sample order; tie count unavailable,unavailable,unavailable,15953,16256
0b6ade77641a02c1c85574b0,counterfact,R1_nonlearned,0,100,1000,full_validation,capoff,loss,complete,245237,245237,0.059526304,0.060158796,1.2031759,5.023364,20.283375,"{""0.01"":{""count"":4425,""denominator"":245237},""0.1"":{""count"":4366,""denominator"":245237},""1.0"":{""count"":3621,""denominator"":245237}}",1.0613337,False,20.283375,w483:p3,1,signed maximum,first in producer window/position order; exact equality,"{""count"":240530,""denominator"":245237}","{""count"":240804,""denominator"":245237}",unavailable,unavailable
0b6ade77641a02c1c85574b0,counterfact,R1_nonlearned,0,100,1000,full_validation,capoff,kl,complete,245237,245237,0.059779341,0.059779341,1.1955868,4.9102117,18.90031,"{""0.01"":{""count"":4707,""denominator"":245237},""0.1"":{""count"":4693,""denominator"":245237},""1.0"":{""count"":3629,""denominator"":245237}}",unavailable,unavailable,18.90031,w483:p3,1,signed maximum,first in producer window/position order; exact equality,"{""count"":240530,""denominator"":245237}","{""count"":240530,""denominator"":245237}",unavailable,unavailable
0b6ade77641a02c1c85574b0,counterfact,R1_nonlearned,0,100,1000,full_validation,original,loss,complete,245237,245237,0.059526304,0.060158796,1.2031759,5.023364,20.283375,"{""0.01"":{""count"":4425,""denominator"":245237},""0.1"":{""count"":4366,""denominator"":245237},""1.0"":{""count"":3621,""denominator"":245237}}",1.0613337,False,20.283375,w483:p3,1,signed maximum,first in producer window/position order; exact equality,"{""count"":240530,""denominator"":245237}","{""count"":240804,""denominator"":245237}",unavailable,unavailable
0b6ade77641a02c1c85574b0,counterfact,R1_nonlearned,0,100,1000,full_validation,original,kl,complete,245237,245237,0.059779341,0.059779341,1.1955868,4.9102117,18.90031,"{""0.01"":{""count"":4707,""denominator"":245237},""0.1"":{""count"":4693,""denominator"":245237},""1.0"":{""count"":3629,""denominator"":245237}}",unavailable,unavailable,18.90031,w483:p3,1,signed maximum,first in producer window/position order; exact equality,"{""count"":240530,""denominator"":245237}","{""count"":240530,""denominator"":245237}",unavailable,unavailable
ee67c592789829e7dd808ede,counterfact,R1_nonlearned,0,101,100,sampled_drift,original,loss,complete,16256,16256,0.032813634,0.033095511,0.66191022,3.309515,12.607352,"{""0.01"":163,""0.1"":161,""1.0"":133}",1.0333579,False,unavailable,w122:p34,unavailable,positive-part maximum,first in producer sample order; tie count unavailable,unavailable,unavailable,16093,16256
ee67c592789829e7dd808ede,counterfact,R1_nonlearned,0,101,100,sampled_drift,capoff,loss,complete,16256,16256,0.032813634,0.033095511,0.66191022,3.309515,12.607352,"{""0.01"":163,""0.1"":161,""1.0"":133}",1.0333579,False,unavailable,w122:p34,unavailable,positive-part maximum,first in producer sample order; tie count unavailable,unavailable,unavailable,16093,16256
ee67c592789829e7dd808ede,counterfact,R1_nonlearned,0,101,300,sampled_drift,original,loss,complete,16256,16256,0.042997994,0.043463049,0.86926098,4.030407,12.607352,"{""0.01"":231,""0.1"":227,""1.0"":182}",1.0439358,False,unavailable,w122:p34,unavailable,positive-part maximum,first in producer sample order; tie count unavailable,unavailable,unavailable,16025,16256
ee67c592789829e7dd808ede,counterfact,R1_nonlearned,0,101,300,sampled_drift,capoff,loss,complete,16256,16256,0.042997994,0.043463049,0.86926098,4.030407,12.607352,"{""0.01"":231,""0.1"":227,""1.0"":182}",1.0439358,False,unavailable,w122:p34,unavailable,positive-part maximum,first in producer sample order; tie count unavailable,unavailable,unavailable,16025,16256
ee67c592789829e7dd808ede,counterfact,R1_nonlearned,0,101,1000,sampled_drift,original,loss,complete,16256,16256,0.061502422,0.061908118,1.2381624,5.135866,12.607352,"{""0.01"":302,""0.1"":297,""1.0"":241}",1.0634331,False,unavailable,w122:p34,unavailable,positive-part maximum,first in producer sample order; tie count unavailable,unavailable,unavailable,15953,16256
ee67c592789829e7dd808ede,counterfact,R1_nonlearned,0,101,1000,sampled_drift,capoff,loss,complete,16256,16256,0.061502422,0.061908118,1.2381624,5.135866,12.607352,"{""0.01"":302,""0.1"":297,""1.0"":241}",1.0634331,False,unavailable,w122:p34,unavailable,positive-part maximum,first in producer sample order; tie count unavailable,unavailable,unavailable,15953,16256
ee67c592789829e7dd808ede,counterfact,R1_nonlearned,0,101,1000,full_validation,capoff,loss,complete,245237,245237,0.059531222,0.060159481,1.2031896,5.023364,20.283375,"{""0.01"":{""count"":4426,""denominator"":245237},""0.1"":{""count"":4367,""denominator"":245237},""1.0"":{""count"":3621,""denominator"":245237}}",1.0613389,False,20.283375,w483:p3,1,signed maximum,first in producer window/position order; exact equality,"{""count"":240530,""denominator"":245237}","{""count"":240803,""denominator"":245237}",unavailable,unavailable
ee67c592789829e7dd808ede,counterfact,R1_nonlearned,0,101,1000,full_validation,capoff,kl,complete,245237,245237,0.059780575,0.059780575,1.1956115,4.9102117,18.90031,"{""0.01"":{""count"":4707,""denominator"":245237},""0.1"":{""count"":4693,""denominator"":245237},""1.0"":{""count"":3629,""denominator"":245237}}",unavailable,unavailable,18.90031,w483:p3,1,signed maximum,first in producer window/position order; exact equality,"{""count"":240530,""denominator"":245237}","{""count"":240530,""denominator"":245237}",unavailable,unavailable
ee67c592789829e7dd808ede,counterfact,R1_nonlearned,0,101,1000,full_validation,original,loss,complete,245237,245237,0.059531222,0.060159481,1.2031896,5.023364,20.283375,"{""0.01"":{""count"":4426,""denominator"":245237},""0.1"":{""count"":4367,""denominator"":245237},""1.0"":{""count"":3621,""denominator"":245237}}",1.0613389,False,20.283375,w483:p3,1,signed maximum,first in producer window/position order; exact equality,"{""count"":240530,""denominator"":245237}","{""count"":240803,""denominator"":245237}",unavailable,unavailable
ee67c592789829e7dd808ede,counterfact,R1_nonlearned,0,101,1000,full_validation,original,kl,complete,245237,245237,0.059780575,0.059780575,1.1956115,4.9102117,18.90031,"{""0.01"":{""count"":4707,""denominator"":245237},""0.1"":{""count"":4693,""denominator"":245237},""1.0"":{""count"":3629,""denominator"":245237}}",unavailable,unavailable,18.90031,w483:p3,1,signed maximum,first in producer window/position order; exact equality,"{""count"":240530,""denominator"":245237}","{""count"":240530,""denominator"":245237}",unavailable,unavailable
8be432675ed4dc57f9108bd4,counterfact,R1_nonlearned,0,102,100,sampled_drift,original,loss,complete,16256,16256,0.03203226,0.032237134,0.64474268,3.2237134,10.888352,"{""0.01"":150,""0.1"":150,""1.0"":123}",1.0325508,False,unavailable,w48:p6,unavailable,positive-part maximum,first in producer sample order; tie count unavailable,unavailable,unavailable,16106,16256
8be432675ed4dc57f9108bd4,counterfact,R1_nonlearned,0,102,100,sampled_drift,capoff,loss,complete,16256,16256,0.03203226,0.032237134,0.64474268,3.2237134,10.888352,"{""0.01"":150,""0.1"":150,""1.0"":123}",1.0325508,False,unavailable,w48:p6,unavailable,positive-part maximum,first in producer sample order; tie count unavailable,unavailable,unavailable,16106,16256
8be432675ed4dc57f9108bd4,counterfact,R1_nonlearned,0,102,300,sampled_drift,original,loss,complete,16256,16256,0.042999812,0.043192872,0.86385745,4.0711979,12.277192,"{""0.01"":224,""0.1"":219,""1.0"":177}",1.0439377,False,unavailable,w96:p49,unavailable,positive-part maximum,first in producer sample order; tie count unavailable,unavailable,unavailable,16032,16256
8be432675ed4dc57f9108bd4,counterfact,R1_nonlearned,0,102,300,sampled_drift,capoff,loss,complete,16256,16256,0.042999812,0.043192872,0.86385745,4.0711979,12.277192,"{""0.01"":224,""0.1"":219,""1.0"":177}",1.0439377,False,unavailable,w96:p49,unavailable,positive-part maximum,first in producer sample order; tie count unavailable,unavailable,unavailable,16032,16256
8be432675ed4dc57f9108bd4,counterfact,R1_nonlearned,0,102,1000,sampled_drift,original,loss,complete,16256,16256,0.061502422,0.061908118,1.2381624,5.135866,12.607352,"{""0.01"":302,""0.1"":297,""1.0"":241}",1.0634331,False,unavailable,w122:p34,unavailable,positive-part maximum,first in producer sample order; tie count unavailable,unavailable,unavailable,15953,16256
8be432675ed4dc57f9108bd4,counterfact,R1_nonlearned,0,102,1000,sampled_drift,capoff,loss,complete,16256,16256,0.061502422,0.061908118,1.2381624,5.135866,12.607352,"{""0.01"":302,""0.1"":297,""1.0"":241}",1.0634331,False,unavailable,w122:p34,unavailable,positive-part maximum,first in producer sample order; tie count unavailable,unavailable,unavailable,15953,16256
8be432675ed4dc57f9108bd4,counterfact,R1_nonlearned,0,102,1000,full_validation,capoff,loss,complete,245237,245237,0.059526304,0.060158796,1.2031759,5.023364,20.283375,"{""0.01"":{""count"":4425,""denominator"":245237},""0.1"":{""count"":4366,""denominator"":245237},""1.0"":{""count"":3621,""denominator"":245237}}",1.0613337,False,20.283375,w483:p3,1,signed maximum,first in producer window/position order; exact equality,"{""count"":240530,""denominator"":245237}","{""count"":240804,""denominator"":245237}",unavailable,unavailable
8be432675ed4dc57f9108bd4,counterfact,R1_nonlearned,0,102,1000,full_validation,capoff,kl,complete,245237,245237,0.059779341,0.059779341,1.1955868,4.9102117,18.90031,"{""0.01"":{""count"":4707,""denominator"":245237},""0.1"":{""count"":4693,""denominator"":245237},""1.0"":{""count"":3629,""denominator"":245237}}",unavailable,unavailable,18.90031,w483:p3,1,signed maximum,first in producer window/position order; exact equality,"{""count"":240530,""denominator"":245237}","{""count"":240530,""denominator"":245237}",unavailable,unavailable
8be432675ed4dc57f9108bd4,counterfact,R1_nonlearned,0,102,1000,full_validation,original,loss,complete,245237,245237,0.059526304,0.060158796,1.2031759,5.023364,20.283375,"{""0.01"":{""count"":4425,""denominator"":245237},""0.1"":{""count"":4366,""denominator"":245237},""1.0"":{""count"":3621,""denominator"":245237}}",1.0613337,False,20.283375,w483:p3,1,signed maximum,first in producer window/position order; exact equality,"{""count"":240530,""denominator"":245237}","{""count"":240804,""denominator"":245237}",unavailable,unavailable
8be432675ed4dc57f9108bd4,counterfact,R1_nonlearned,0,102,1000,full_validation,original,kl,complete,245237,245237,0.059779341,0.059779341,1.1955868,4.9102117,18.90031,"{""0.01"":{""count"":4707,""denominator"":245237},""0.1"":{""count"":4693,""denominator"":245237},""1.0"":{""count"":3629,""denominator"":245237}}",unavailable,unavailable,18.90031,w483:p3,1,signed maximum,first in producer window/position order; exact equality,"{""count"":240530,""denominator"":245237}","{""count"":240530,""denominator"":245237}",unavailable,unavailable
78928f2782d91d888ef24d52,counterfact,R1_nonlearned,0,103,100,sampled_drift,original,loss,complete,16256,16256,0.031183226,0.031840936,0.63681872,3.1408588,11.699989,"{""0.01"":186,""0.1"":182,""1.0"":140}",1.0316745,False,unavailable,w107:p13,unavailable,positive-part maximum,first in producer sample order; tie count unavailable,unavailable,unavailable,16070,16256
78928f2782d91d888ef24d52,counterfact,R1_nonlearned,0,103,100,sampled_drift,capoff,loss,complete,16256,16256,0.031183226,0.031840936,0.63681872,3.1408588,11.699989,"{""0.01"":186,""0.1"":182,""1.0"":140}",1.0316745,False,unavailable,w107:p13,unavailable,positive-part maximum,first in producer sample order; tie count unavailable,unavailable,unavailable,16070,16256
78928f2782d91d888ef24d52,counterfact,R1_nonlearned,0,103,300,sampled_drift,original,loss,complete,16256,16256,0.05140361,0.052061429,1.0412286,4.6854338,12.607352,"{""0.01"":256,""0.1"":252,""1.0"":203}",1.0527477,False,unavailable,w122:p34,unavailable,positive-part maximum,first in producer sample order; tie count unavailable,unavailable,unavailable,16000,16256
78928f2782d91d888ef24d52,counterfact,R1_nonlearned,0,103,300,sampled_drift,capoff,loss,complete,16256,16256,0.05140361,0.052061429,1.0412286,4.6854338,12.607352,"{""0.01"":256,""0.1"":252,""1.0"":203}",1.0527477,False,unavailable,w122:p34,unavailable,positive-part maximum,first in producer sample order; tie count unavailable,unavailable,unavailable,16000,16256
78928f2782d91d888ef24d52,counterfact,R1_nonlearned,0,103,1000,sampled_drift,original,loss,complete,16256,16256,0.061502422,0.061908118,1.2381624,5.135866,12.607352,"{""0.01"":302,""0.1"":297,""1.0"":241}",1.0634331,False,unavailable,w122:p34,unavailable,positive-part maximum,first in producer sample order; tie count unavailable,unavailable,unavailable,15953,16256
78928f2782d91d888ef24d52,counterfact,R1_nonlearned,0,103,1000,sampled_drift,capoff,loss,complete,16256,16256,0.061502422,0.061908118,1.2381624,5.135866,12.607352,"{""0.01"":302,""0.1"":297,""1.0"":241}",1.0634331,False,unavailable,w122:p34,unavailable,positive-part maximum,first in producer sample order; tie count unavailable,unavailable,unavailable,15953,16256
78928f2782d91d888ef24d52,counterfact,R1_nonlearned,0,103,1000,full_validation,capoff,loss,complete,245237,245237,0.059526304,0.060158796,1.2031759,5.023364,20.283375,"{""0.01"":{""count"":4425,""denominator"":245237},""0.1"":{""count"":4366,""denominator"":245237},""1.0"":{""count"":3621,""denominator"":245237}}",1.0613337,False,20.283375,w483:p3,1,signed maximum,first in producer window/position order; exact equality,"{""count"":240530,""denominator"":245237}","{""count"":240804,""denominator"":245237}",unavailable,unavailable
78928f2782d91d888ef24d52,counterfact,R1_nonlearned,0,103,1000,full_validation,capoff,kl,complete,245237,245237,0.059779341,0.059779341,1.1955868,4.9102117,18.90031,"{""0.01"":{""count"":4707,""denominator"":245237},""0.1"":{""count"":4693,""denominator"":245237},""1.0"":{""count"":3629,""denominator"":245237}}",unavailable,unavailable,18.90031,w483:p3,1,signed maximum,first in producer window/position order; exact equality,"{""count"":240530,""denominator"":245237}","{""count"":240530,""denominator"":245237}",unavailable,unavailable
78928f2782d91d888ef24d52,counterfact,R1_nonlearned,0,103,1000,full_validation,original,loss,complete,245237,245237,0.059526304,0.060158796,1.2031759,5.023364,20.283375,"{""0.01"":{""count"":4425,""denominator"":245237},""0.1"":{""count"":4366,""denominator"":245237},""1.0"":{""count"":3621,""denominator"":245237}}",1.0613337,False,20.283375,w483:p3,1,signed maximum,first in producer window/position order; exact equality,"{""count"":240530,""denominator"":245237}","{""count"":240804,""denominator"":245237}",unavailable,unavailable
78928f2782d91d888ef24d52,counterfact,R1_nonlearned,0,103,1000,full_validation,original,kl,complete,245237,245237,0.059779341,0.059779341,1.1955868,4.9102117,18.90031,"{""0.01"":{""count"":4707,""denominator"":245237},""0.1"":{""count"":4693,""denominator"":245237},""1.0"":{""count"":3629,""denominator"":245237}}",unavailable,unavailable,18.90031,w483:p3,1,signed maximum,first in producer window/position order; exact equality,"{""count"":240530,""denominator"":245237}","{""count"":240530,""denominator"":245237}",unavailable,unavailable
de785feed05c9f4c2a9e9273,counterfact,R1_nonlearned,0,104,100,sampled_drift,original,loss,complete,16256,16256,0.033036099,0.033113166,0.66226331,3.3113166,11.841653,"{""0.01"":149,""0.1"":149,""1.0"":131}",1.0335878,False,unavailable,w120:p30,unavailable,positive-part maximum,first in producer sample order; tie count unavailable,unavailable,unavailable,16107,16256
de785feed05c9f4c2a9e9273,counterfact,R1_nonlearned,0,104,100,sampled_drift,capoff,loss,complete,16256,16256,0.033036099,0.033113166,0.66226331,3.3113166,11.841653,"{""0.01"":149,""0.1"":149,""1.0"":131}",1.0335878,False,unavailable,w120:p30,unavailable,positive-part maximum,first in producer sample order; tie count unavailable,unavailable,unavailable,16107,16256
de785feed05c9f4c2a9e9273,counterfact,R1_nonlearned,0,104,300,sampled_drift,original,loss,complete,16256,16256,0.045555172,0.045811236,0.91622473,4.2274118,10.690014,"{""0.01"":227,""0.1"":225,""1.0"":193}",1.0466087,False,unavailable,w122:p34,unavailable,positive-part maximum,first in producer sample order; tie count unavailable,unavailable,unavailable,16029,16256
de785feed05c9f4c2a9e9273,counterfact,R1_nonlearned,0,104,300,sampled_drift,capoff,loss,complete,16256,16256,0.045555172,0.045811236,0.91622473,4.2274118,10.690014,"{""0.01"":227,""0.1"":225,""1.0"":193}",1.0466087,False,unavailable,w122:p34,unavailable,positive-part maximum,first in producer sample order; tie count unavailable,unavailable,unavailable,16029,16256
de785feed05c9f4c2a9e9273,counterfact,R1_nonlearned,0,104,1000,sampled_drift,original,loss,complete,16256,16256,0.061502422,0.061908118,1.2381624,5.135866,12.607352,"{""0.01"":302,""0.1"":297,""1.0"":241}",1.0634331,False,unavailable,w122:p34,unavailable,positive-part maximum,first in producer sample order; tie count unavailable,unavailable,unavailable,15953,16256
de785feed05c9f4c2a9e9273,counterfact,R1_nonlearned,0,104,1000,sampled_drift,capoff,loss,complete,16256,16256,0.061502422,0.061908118,1.2381624,5.135866,12.607352,"{""0.01"":302,""0.1"":297,""1.0"":241}",1.0634331,False,unavailable,w122:p34,unavailable,positive-part maximum,first in producer sample order; tie count unavailable,unavailable,unavailable,15953,16256
de785feed05c9f4c2a9e9273,counterfact,R1_nonlearned,0,104,1000,full_validation,capoff,loss,complete,245237,245237,0.059526304,0.060158796,1.2031759,5.023364,20.283375,"{""0.01"":{""count"":4425,""denominator"":245237},""0.1"":{""count"":4366,""denominator"":245237},""1.0"":{""count"":3621,""denominator"":245237}}",1.0613337,False,20.283375,w483:p3,1,signed maximum,first in producer window/position order; exact equality,"{""count"":240530,""denominator"":245237}","{""count"":240804,""denominator"":245237}",unavailable,unavailable
de785feed05c9f4c2a9e9273,counterfact,R1_nonlearned,0,104,1000,full_validation,capoff,kl,complete,245237,245237,0.059779341,0.059779341,1.1955868,4.9102117,18.90031,"{""0.01"":{""count"":4707,""denominator"":245237},""0.1"":{""count"":4693,""denominator"":245237},""1.0"":{""count"":3629,""denominator"":245237}}",unavailable,unavailable,18.90031,w483:p3,1,signed maximum,first in producer window/position order; exact equality,"{""count"":240530,""denominator"":245237}","{""count"":240530,""denominator"":245237}",unavailable,unavailable
de785feed05c9f4c2a9e9273,counterfact,R1_nonlearned,0,104,1000,full_validation,original,loss,complete,245237,245237,0.059526304,0.060158796,1.2031759,5.023364,20.283375,"{""0.01"":{""count"":4425,""denominator"":245237},""0.1"":{""count"":4366,""denominator"":245237},""1.0"":{""count"":3621,""denominator"":245237}}",1.0613337,False,20.283375,w483:p3,1,signed maximum,first in producer window/position order; exact equality,"{""count"":240530,""denominator"":245237}","{""count"":240804,""denominator"":245237}",unavailable,unavailable
de785feed05c9f4c2a9e9273,counterfact,R1_nonlearned,0,104,1000,full_validation,original,kl,complete,245237,245237,0.059779341,0.059779341,1.1955868,4.9102117,18.90031,"{""0.01"":{""count"":4707,""denominator"":245237},""0.1"":{""count"":4693,""denominator"":245237},""1.0"":{""count"":3629,""denominator"":245237}}",unavailable,unavailable,18.90031,w483:p3,1,signed maximum,first in producer window/position order; exact equality,"{""count"":240530,""denominator"":245237}","{""count"":240530,""denominator"":245237}",unavailable,unavailable
de0b9612418e6d573ed77679,mquake,R1_nonlearned,0,100,100,sampled_drift,original,loss,complete,16256,16256,0.011537661,0.011711552,0.23423103,1.1711552,11.687154,"{""0.01"":54,""0.1"":54,""1.0"":45}",1.0116045,False,unavailable,w68:p7,unavailable,positive-part maximum,first in producer sample order; tie count unavailable,unavailable,unavailable,16202,16256
de0b9612418e6d573ed77679,mquake,R1_nonlearned,0,100,100,sampled_drift,capoff,loss,complete,16256,16256,0.011537661,0.011711552,0.23423103,1.1711552,11.687154,"{""0.01"":54,""0.1"":54,""1.0"":45}",1.0116045,False,unavailable,w68:p7,unavailable,positive-part maximum,first in producer sample order; tie count unavailable,unavailable,unavailable,16202,16256
de0b9612418e6d573ed77679,mquake,R1_nonlearned,0,100,300,sampled_drift,original,loss,complete,16256,16256,0.015110593,0.01521212,0.30424239,1.521212,8.0593725,"{""0.01"":81,""0.1"":81,""1.0"":68}",1.0152253,False,unavailable,w40:p2,unavailable,positive-part maximum,first in producer sample order; tie count unavailable,unavailable,unavailable,16174,16256
de0b9612418e6d573ed77679,mquake,R1_nonlearned,0,100,300,sampled_drift,capoff,loss,complete,16256,16256,0.015110593,0.01521212,0.30424239,1.521212,8.0593725,"{""0.01"":81,""0.1"":81,""1.0"":68}",1.0152253,False,unavailable,w40:p2,unavailable,positive-part maximum,first in producer sample order; tie count unavailable,unavailable,unavailable,16174,16256
de0b9612418e6d573ed77679,mquake,R1_nonlearned,0,100,300,full_validation,capoff,loss,complete,245237,245237,0.012047224,0.012190759,0.24381518,1.2190759,15.072163,"{""0.01"":{""count"":1016,""denominator"":245237},""0.1"":{""count"":1001,""denominator"":245237},""1.0"":{""count"":827,""denominator"":245237}}",1.0121201,False,15.072163,w710:p7,1,signed maximum,first in producer window/position order; exact equality,"{""count"":244161,""denominator"":245237}","{""count"":244219,""denominator"":245237}",unavailable,unavailable
de0b9612418e6d573ed77679,mquake,R1_nonlearned,0,100,300,full_validation,capoff,kl,complete,245237,245237,0.012176251,0.012176251,0.24352501,1.2176251,14.708822,"{""0.01"":{""count"":1076,""denominator"":245237},""0.1"":{""count"":1070,""denominator"":245237},""1.0"":{""count"":844,""denominator"":245237}}",unavailable,unavailable,14.708822,w828:p22,1,signed maximum,first in producer window/position order; exact equality,"{""count"":244161,""denominator"":245237}","{""count"":244161,""denominator"":245237}",unavailable,unavailable
de0b9612418e6d573ed77679,mquake,R1_nonlearned,0,100,300,full_validation,original,loss,complete,245237,245237,0.012047224,0.012190759,0.24381518,1.2190759,15.072163,"{""0.01"":{""count"":1016,""denominator"":245237},""0.1"":{""count"":1001,""denominator"":245237},""1.0"":{""count"":827,""denominator"":245237}}",1.0121201,False,15.072163,w710:p7,1,signed maximum,first in producer window/position order; exact equality,"{""count"":244161,""denominator"":245237}","{""count"":244219,""denominator"":245237}",unavailable,unavailable
de0b9612418e6d573ed77679,mquake,R1_nonlearned,0,100,300,full_validation,original,kl,complete,245237,245237,0.012176251,0.012176251,0.24352501,1.2176251,14.708822,"{""0.01"":{""count"":1076,""denominator"":245237},""0.1"":{""count"":1070,""denominator"":245237},""1.0"":{""count"":844,""denominator"":245237}}",unavailable,unavailable,14.708822,w828:p22,1,signed maximum,first in producer window/position order; exact equality,"{""count"":244161,""denominator"":245237}","{""count"":244161,""denominator"":245237}",unavailable,unavailable
be37e2a1ff4a079e56efe268,mquake,R1_nonlearned,0,101,100,sampled_drift,original,loss,complete,16256,16256,0.011381864,0.01141317,0.22826339,1.141317,11.687154,"{""0.01"":61,""0.1"":60,""1.0"":46}",1.0114469,False,unavailable,w68:p7,unavailable,positive-part maximum,first in producer sample order; tie count unavailable,unavailable,unavailable,16194,16256
be37e2a1ff4a079e56efe268,mquake,R1_nonlearned,0,101,100,sampled_drift,capoff,loss,complete,16256,16256,0.011381864,0.01141317,0.22826339,1.141317,11.687154,"{""0.01"":61,""0.1"":60,""1.0"":46}",1.0114469,False,unavailable,w68:p7,unavailable,positive-part maximum,first in producer sample order; tie count unavailable,unavailable,unavailable,16194,16256
be37e2a1ff4a079e56efe268,mquake,R1_nonlearned,0,101,300,sampled_drift,original,loss,complete,16256,16256,0.015110593,0.01521212,0.30424239,1.521212,8.0593725,"{""0.01"":81,""0.1"":81,""1.0"":68}",1.0152253,False,unavailable,w40:p2,unavailable,positive-part maximum,first in producer sample order; tie count unavailable,unavailable,unavailable,16174,16256
be37e2a1ff4a079e56efe268,mquake,R1_nonlearned,0,101,300,sampled_drift,capoff,loss,complete,16256,16256,0.015110593,0.01521212,0.30424239,1.521212,8.0593725,"{""0.01"":81,""0.1"":81,""1.0"":68}",1.0152253,False,unavailable,w40:p2,unavailable,positive-part maximum,first in producer sample order; tie count unavailable,unavailable,unavailable,16174,16256
be37e2a1ff4a079e56efe268,mquake,R1_nonlearned,0,101,300,full_validation,capoff,loss,complete,245237,245237,0.012047224,0.012190759,0.24381518,1.2190759,15.072163,"{""0.01"":{""count"":1016,""denominator"":245237},""0.1"":{""count"":1001,""denominator"":245237},""1.0"":{""count"":827,""denominator"":245237}}",1.0121201,False,15.072163,w710:p7,1,signed maximum,first in producer window/position order; exact equality,"{""count"":244161,""denominator"":245237}","{""count"":244219,""denominator"":245237}",unavailable,unavailable
be37e2a1ff4a079e56efe268,mquake,R1_nonlearned,0,101,300,full_validation,capoff,kl,complete,245237,245237,0.012176251,0.012176251,0.24352501,1.2176251,14.708822,"{""0.01"":{""count"":1076,""denominator"":245237},""0.1"":{""count"":1070,""denominator"":245237},""1.0"":{""count"":844,""denominator"":245237}}",unavailable,unavailable,14.708822,w828:p22,1,signed maximum,first in producer window/position order; exact equality,"{""count"":244161,""denominator"":245237}","{""count"":244161,""denominator"":245237}",unavailable,unavailable
be37e2a1ff4a079e56efe268,mquake,R1_nonlearned,0,101,300,full_validation,original,loss,complete,245237,245237,0.012047224,0.012190759,0.24381518,1.2190759,15.072163,"{""0.01"":{""count"":1016,""denominator"":245237},""0.1"":{""count"":1001,""denominator"":245237},""1.0"":{""count"":827,""denominator"":245237}}",1.0121201,False,15.072163,w710:p7,1,signed maximum,first in producer window/position order; exact equality,"{""count"":244161,""denominator"":245237}","{""count"":244219,""denominator"":245237}",unavailable,unavailable
be37e2a1ff4a079e56efe268,mquake,R1_nonlearned,0,101,300,full_validation,original,kl,complete,245237,245237,0.012176251,0.012176251,0.24352501,1.2176251,14.708822,"{""0.01"":{""count"":1076,""denominator"":245237},""0.1"":{""count"":1070,""denominator"":245237},""1.0"":{""count"":844,""denominator"":245237}}",unavailable,unavailable,14.708822,w828:p22,1,signed maximum,first in producer window/position order; exact equality,"{""count"":244161,""denominator"":245237}","{""count"":244161,""denominator"":245237}",unavailable,unavailable
1e6b766c4139230c18547234,mquake,R1_nonlearned,0,102,100,sampled_drift,original,loss,complete,16256,16256,0.011514882,0.011545949,0.23091899,1.1545949,9.8120323,"{""0.01"":58,""0.1"":58,""1.0"":50}",1.0115814,False,unavailable,w10:p12,unavailable,positive-part maximum,first in producer sample order; tie count unavailable,unavailable,unavailable,16198,16256
1e6b766c4139230c18547234,mquake,R1_nonlearned,0,102,100,sampled_drift,capoff,loss,complete,16256,16256,0.011514882,0.011545949,0.23091899,1.1545949,9.8120323,"{""0.01"":58,""0.1"":58,""1.0"":50}",1.0115814,False,unavailable,w10:p12,unavailable,positive-part maximum,first in producer sample order; tie count unavailable,unavailable,unavailable,16198,16256
1e6b766c4139230c18547234,mquake,R1_nonlearned,0,102,300,sampled_drift,original,loss,complete,16256,16256,0.015110593,0.01521212,0.30424239,1.521212,8.0593725,"{""0.01"":81,""0.1"":81,""1.0"":68}",1.0152253,False,unavailable,w40:p2,unavailable,positive-part maximum,first in producer sample order; tie count unavailable,unavailable,unavailable,16174,16256
1e6b766c4139230c18547234,mquake,R1_nonlearned,0,102,300,sampled_drift,capoff,loss,complete,16256,16256,0.015110593,0.01521212,0.30424239,1.521212,8.0593725,"{""0.01"":81,""0.1"":81,""1.0"":68}",1.0152253,False,unavailable,w40:p2,unavailable,positive-part maximum,first in producer sample order; tie count unavailable,unavailable,unavailable,16174,16256
1e6b766c4139230c18547234,mquake,R1_nonlearned,0,102,300,full_validation,capoff,loss,complete,245237,245237,0.012047224,0.012190759,0.24381518,1.2190759,15.072163,"{""0.01"":{""count"":1016,""denominator"":245237},""0.1"":{""count"":1001,""denominator"":245237},""1.0"":{""count"":827,""denominator"":245237}}",1.0121201,False,15.072163,w710:p7,1,signed maximum,first in producer window/position order; exact equality,"{""count"":244161,""denominator"":245237}","{""count"":244219,""denominator"":245237}",unavailable,unavailable
1e6b766c4139230c18547234,mquake,R1_nonlearned,0,102,300,full_validation,capoff,kl,complete,245237,245237,0.012176251,0.012176251,0.24352501,1.2176251,14.708822,"{""0.01"":{""count"":1076,""denominator"":245237},""0.1"":{""count"":1070,""denominator"":245237},""1.0"":{""count"":844,""denominator"":245237}}",unavailable,unavailable,14.708822,w828:p22,1,signed maximum,first in producer window/position order; exact equality,"{""count"":244161,""denominator"":245237}","{""count"":244161,""denominator"":245237}",unavailable,unavailable
1e6b766c4139230c18547234,mquake,R1_nonlearned,0,102,300,full_validation,original,loss,complete,245237,245237,0.012047224,0.012190759,0.24381518,1.2190759,15.072163,"{""0.01"":{""count"":1016,""denominator"":245237},""0.1"":{""count"":1001,""denominator"":245237},""1.0"":{""count"":827,""denominator"":245237}}",1.0121201,False,15.072163,w710:p7,1,signed maximum,first in producer window/position order; exact equality,"{""count"":244161,""denominator"":245237}","{""count"":244219,""denominator"":245237}",unavailable,unavailable
1e6b766c4139230c18547234,mquake,R1_nonlearned,0,102,300,full_validation,original,kl,complete,245237,245237,0.012176251,0.012176251,0.24352501,1.2176251,14.708822,"{""0.01"":{""count"":1076,""denominator"":245237},""0.1"":{""count"":1070,""denominator"":245237},""1.0"":{""count"":844,""denominator"":245237}}",unavailable,unavailable,14.708822,w828:p22,1,signed maximum,first in producer window/position order; exact equality,"{""count"":244161,""denominator"":245237}","{""count"":244161,""denominator"":245237}",unavailable,unavailable
c0a54c5fbf1ce7776efc983e,mquake,R1_nonlearned,0,103,100,sampled_drift,original,loss,complete,16256,16256,0.011825651,0.011909483,0.23818965,1.1909483,8.4620823,"{""0.01"":63,""0.1"":63,""1.0"":51}",1.0118959,False,unavailable,w122:p24,unavailable,positive-part maximum,first in producer sample order; tie count unavailable,unavailable,unavailable,16192,16256
c0a54c5fbf1ce7776efc983e,mquake,R1_nonlearned,0,103,100,sampled_drift,capoff,loss,complete,16256,16256,0.011825651,0.011909483,0.23818965,1.1909483,8.4620823,"{""0.01"":63,""0.1"":63,""1.0"":51}",1.0118959,False,unavailable,w122:p24,unavailable,positive-part maximum,first in producer sample order; tie count unavailable,unavailable,unavailable,16192,16256
c0a54c5fbf1ce7776efc983e,mquake,R1_nonlearned,0,103,300,sampled_drift,original,loss,complete,16256,16256,0.015110593,0.01521212,0.30424239,1.521212,8.0593725,"{""0.01"":81,""0.1"":81,""1.0"":68}",1.0152253,False,unavailable,w40:p2,unavailable,positive-part maximum,first in producer sample order; tie count unavailable,unavailable,unavailable,16174,16256
c0a54c5fbf1ce7776efc983e,mquake,R1_nonlearned,0,103,300,sampled_drift,capoff,loss,complete,16256,16256,0.015110593,0.01521212,0.30424239,1.521212,8.0593725,"{""0.01"":81,""0.1"":81,""1.0"":68}",1.0152253,False,unavailable,w40:p2,unavailable,positive-part maximum,first in producer sample order; tie count unavailable,unavailable,unavailable,16174,16256
c0a54c5fbf1ce7776efc983e,mquake,R1_nonlearned,0,103,300,full_validation,capoff,loss,complete,245237,245237,0.012047224,0.012190759,0.24381518,1.2190759,15.072163,"{""0.01"":{""count"":1016,""denominator"":245237},""0.1"":{""count"":1001,""denominator"":245237},""1.0"":{""count"":827,""denominator"":245237}}",1.0121201,False,15.072163,w710:p7,1,signed maximum,first in producer window/position order; exact equality,"{""count"":244161,""denominator"":245237}","{""count"":244219,""denominator"":245237}",unavailable,unavailable
c0a54c5fbf1ce7776efc983e,mquake,R1_nonlearned,0,103,300,full_validation,capoff,kl,complete,245237,245237,0.012176251,0.012176251,0.24352501,1.2176251,14.708822,"{""0.01"":{""count"":1076,""denominator"":245237},""0.1"":{""count"":1070,""denominator"":245237},""1.0"":{""count"":844,""denominator"":245237}}",unavailable,unavailable,14.708822,w828:p22,1,signed maximum,first in producer window/position order; exact equality,"{""count"":244161,""denominator"":245237}","{""count"":244161,""denominator"":245237}",unavailable,unavailable
c0a54c5fbf1ce7776efc983e,mquake,R1_nonlearned,0,103,300,full_validation,original,loss,complete,245237,245237,0.012047224,0.012190759,0.24381518,1.2190759,15.072163,"{""0.01"":{""count"":1016,""denominator"":245237},""0.1"":{""count"":1001,""denominator"":245237},""1.0"":{""count"":827,""denominator"":245237}}",1.0121201,False,15.072163,w710:p7,1,signed maximum,first in producer window/position order; exact equality,"{""count"":244161,""denominator"":245237}","{""count"":244219,""denominator"":245237}",unavailable,unavailable
c0a54c5fbf1ce7776efc983e,mquake,R1_nonlearned,0,103,300,full_validation,original,kl,complete,245237,245237,0.012176251,0.012176251,0.24352501,1.2176251,14.708822,"{""0.01"":{""count"":1076,""denominator"":245237},""0.1"":{""count"":1070,""denominator"":245237},""1.0"":{""count"":844,""denominator"":245237}}",unavailable,unavailable,14.708822,w828:p22,1,signed maximum,first in producer window/position order; exact equality,"{""count"":244161,""denominator"":245237}","{""count"":244161,""denominator"":245237}",unavailable,unavailable
7499c19b813dcada2c67ae39,mquake,R1_nonlearned,0,104,100,sampled_drift,original,loss,complete,16256,16256,0.011657932,0.011731763,0.23463526,1.1731763,10.771768,"{""0.01"":60,""0.1"":60,""1.0"":46}",1.0117262,False,unavailable,w49:p61,unavailable,positive-part maximum,first in producer sample order; tie count unavailable,unavailable,unavailable,16196,16256
7499c19b813dcada2c67ae39,mquake,R1_nonlearned,0,104,100,sampled_drift,capoff,loss,complete,16256,16256,0.011657932,0.011731763,0.23463526,1.1731763,10.771768,"{""0.01"":60,""0.1"":60,""1.0"":46}",1.0117262,False,unavailable,w49:p61,unavailable,positive-part maximum,first in producer sample order; tie count unavailable,unavailable,unavailable,16196,16256
7499c19b813dcada2c67ae39,mquake,R1_nonlearned,0,104,300,sampled_drift,original,loss,complete,16256,16256,0.015110593,0.01521212,0.30424239,1.521212,8.0593725,"{""0.01"":81,""0.1"":81,""1.0"":68}",1.0152253,False,unavailable,w40:p2,unavailable,positive-part maximum,first in producer sample order; tie count unavailable,unavailable,unavailable,16174,16256
7499c19b813dcada2c67ae39,mquake,R1_nonlearned,0,104,300,sampled_drift,capoff,loss,complete,16256,16256,0.015110593,0.01521212,0.30424239,1.521212,8.0593725,"{""0.01"":81,""0.1"":81,""1.0"":68}",1.0152253,False,unavailable,w40:p2,unavailable,positive-part maximum,first in producer sample order; tie count unavailable,unavailable,unavailable,16174,16256
7499c19b813dcada2c67ae39,mquake,R1_nonlearned,0,104,300,full_validation,capoff,loss,complete,245237,245237,0.012047224,0.012190759,0.24381518,1.2190759,15.072163,"{""0.01"":{""count"":1016,""denominator"":245237},""0.1"":{""count"":1001,""denominator"":245237},""1.0"":{""count"":827,""denominator"":245237}}",1.0121201,False,15.072163,w710:p7,1,signed maximum,first in producer window/position order; exact equality,"{""count"":244161,""denominator"":245237}","{""count"":244219,""denominator"":245237}",unavailable,unavailable
7499c19b813dcada2c67ae39,mquake,R1_nonlearned,0,104,300,full_validation,capoff,kl,complete,245237,245237,0.012176251,0.012176251,0.24352501,1.2176251,14.708822,"{""0.01"":{""count"":1076,""denominator"":245237},""0.1"":{""count"":1070,""denominator"":245237},""1.0"":{""count"":844,""denominator"":245237}}",unavailable,unavailable,14.708822,w828:p22,1,signed maximum,first in producer window/position order; exact equality,"{""count"":244161,""denominator"":245237}","{""count"":244161,""denominator"":245237}",unavailable,unavailable
7499c19b813dcada2c67ae39,mquake,R1_nonlearned,0,104,300,full_validation,original,loss,complete,245237,245237,0.012047224,0.012190759,0.24381518,1.2190759,15.072163,"{""0.01"":{""count"":1016,""denominator"":245237},""0.1"":{""count"":1001,""denominator"":245237},""1.0"":{""count"":827,""denominator"":245237}}",1.0121201,False,15.072163,w710:p7,1,signed maximum,first in producer window/position order; exact equality,"{""count"":244161,""denominator"":245237}","{""count"":244219,""denominator"":245237}",unavailable,unavailable
7499c19b813dcada2c67ae39,mquake,R1_nonlearned,0,104,300,full_validation,original,kl,complete,245237,245237,0.012176251,0.012176251,0.24352501,1.2176251,14.708822,"{""0.01"":{""count"":1076,""denominator"":245237},""0.1"":{""count"":1070,""denominator"":245237},""1.0"":{""count"":844,""denominator"":245237}}",unavailable,unavailable,14.708822,w828:p22,1,signed maximum,first in producer window/position order; exact equality,"{""count"":244161,""denominator"":245237}","{""count"":244161,""denominator"":245237}",unavailable,unavailable
39c7fd4929721e8dcba56b94,zsre,v0_stable,0,100,100,sampled_drift,original,loss,complete,16256,16256,0.00015944504,0.00015988928,0.0031977855,0.015988928,1.4534526,"{""0.01"":6,""0.1"":4,""1.0"":1}",1.0001595,False,unavailable,w13:p61,unavailable,positive-part maximum,first in producer sample order; tie count unavailable,unavailable,unavailable,16250,16256
39c7fd4929721e8dcba56b94,zsre,v0_stable,0,100,100,sampled_drift,capoff,loss,complete,16256,16256,0.00015944504,0.00015988928,0.0031977855,0.015988928,1.4534526,"{""0.01"":6,""0.1"":4,""1.0"":1}",1.0001595,False,unavailable,w13:p61,unavailable,positive-part maximum,first in producer sample order; tie count unavailable,unavailable,unavailable,16250,16256
39c7fd4929721e8dcba56b94,zsre,v0_stable,0,100,300,sampled_drift,original,loss,complete,16256,16256,0.00055035064,0.00059600978,0.011920196,0.059600978,2.0409525,"{""0.01"":14,""0.1"":13,""1.0"":3}",1.0005505,False,unavailable,w23:p7,unavailable,positive-part maximum,first in producer sample order; tie count unavailable,unavailable,unavailable,16242,16256
39c7fd4929721e8dcba56b94,zsre,v0_stable,0,100,300,sampled_drift,capoff,loss,complete,16256,16256,0.00055035064,0.00059600978,0.011920196,0.059600978,2.0409525,"{""0.01"":14,""0.1"":13,""1.0"":3}",1.0005505,False,unavailable,w23:p7,unavailable,positive-part maximum,first in producer sample order; tie count unavailable,unavailable,unavailable,16242,16256
39c7fd4929721e8dcba56b94,zsre,v0_stable,0,100,1000,sampled_drift,original,loss,complete,16256,16256,0.0010122706,0.001084844,0.021696881,0.1084844,13.862511,"{""0.01"":8,""0.1"":7,""1.0"":2}",1.0010128,False,unavailable,w124:p39,unavailable,positive-part maximum,first in producer sample order; tie count unavailable,unavailable,unavailable,16247,16256
39c7fd4929721e8dcba56b94,zsre,v0_stable,0,100,1000,sampled_drift,capoff,loss,complete,16256,16256,0.0010122706,0.001084844,0.021696881,0.1084844,13.862511,"{""0.01"":8,""0.1"":7,""1.0"":2}",1.0010128,False,unavailable,w124:p39,unavailable,positive-part maximum,first in producer sample order; tie count unavailable,unavailable,unavailable,16247,16256
39c7fd4929721e8dcba56b94,zsre,v0_stable,0,100,1000,full_validation,capoff,loss,complete,245237,245237,0.0008603807,0.0010650689,0.021301378,0.10650689,25.85926,"{""0.01"":{""count"":197,""denominator"":245237},""0.1"":{""count"":173,""denominator"":245237},""1.0"":{""count"":59,""denominator"":245237}}",1.0008608,False,25.85926,w283:p29,1,signed maximum,first in producer window/position order; exact equality,"{""count"":244914,""denominator"":245237}","{""count"":245037,""denominator"":245237}",unavailable,unavailable
39c7fd4929721e8dcba56b94,zsre,v0_stable,0,100,1000,full_validation,capoff,kl,complete,245237,245237,0.0011643033,0.0011643033,0.023286066,0.11643033,26.268543,"{""0.01"":{""count"":316,""denominator"":245237},""0.1"":{""count"":201,""denominator"":245237},""1.0"":{""count"":50,""denominator"":245237}}",unavailable,unavailable,26.268543,w283:p29,1,signed maximum,first in producer window/position order; exact equality,"{""count"":244914,""denominator"":245237}","{""count"":244914,""denominator"":245237}",unavailable,unavailable
39c7fd4929721e8dcba56b94,zsre,v0_stable,0,100,1000,full_validation,original,loss,complete,245237,245237,0.0008603807,0.0010650689,0.021301378,0.10650689,25.85926,"{""0.01"":{""count"":197,""denominator"":245237},""0.1"":{""count"":173,""denominator"":245237},""1.0"":{""count"":59,""denominator"":245237}}",1.0008608,False,25.85926,w283:p29,1,signed maximum,first in producer window/position order; exact equality,"{""count"":244914,""denominator"":245237}","{""count"":245037,""denominator"":245237}",unavailable,unavailable
39c7fd4929721e8dcba56b94,zsre,v0_stable,0,100,1000,full_validation,original,kl,complete,245237,245237,0.0011643033,0.0011643033,0.023286066,0.11643033,26.268543,"{""0.01"":{""count"":316,""denominator"":245237},""0.1"":{""count"":201,""denominator"":245237},""1.0"":{""count"":50,""denominator"":245237}}",unavailable,unavailable,26.268543,w283:p29,1,signed maximum,first in producer window/position order; exact equality,"{""count"":244914,""denominator"":245237}","{""count"":244914,""denominator"":245237}",unavailable,unavailable
b887b1046cd563d990765e01,zsre,v0_stable,0,101,100,sampled_drift,original,loss,complete,16256,16256,0.00010565027,0.0002147138,0.004294276,0.02147138,1.4534526,"{""0.01"":6,""0.1"":5,""1.0"":1}",1.0001057,False,unavailable,w13:p61,unavailable,positive-part maximum,first in producer sample order; tie count unavailable,unavailable,unavailable,16250,16256
b887b1046cd563d990765e01,zsre,v0_stable,0,101,100,sampled_drift,capoff,loss,complete,16256,16256,0.00010565027,0.0002147138,0.004294276,0.02147138,1.4534526,"{""0.01"":6,""0.1"":5,""1.0"":1}",1.0001057,False,unavailable,w13:p61,unavailable,positive-part maximum,first in producer sample order; tie count unavailable,unavailable,unavailable,16250,16256
b887b1046cd563d990765e01,zsre,v0_stable,0,101,300,sampled_drift,original,loss,complete,16256,16256,0.00022791166,0.00028715168,0.0057430337,0.028715168,1.9905819,"{""0.01"":5,""0.1"":4,""1.0"":2}",1.0002279,False,unavailable,w10:p10,unavailable,positive-part maximum,first in producer sample order; tie count unavailable,unavailable,unavailable,16251,16256
b887b1046cd563d990765e01,zsre,v0_stable,0,101,300,sampled_drift,capoff,loss,complete,16256,16256,0.00022791166,0.00028715168,0.0057430337,0.028715168,1.9905819,"{""0.01"":5,""0.1"":4,""1.0"":2}",1.0002279,False,unavailable,w10:p10,unavailable,positive-part maximum,first in producer sample order; tie count unavailable,unavailable,unavailable,16251,16256
b887b1046cd563d990765e01,zsre,v0_stable,0,101,1000,sampled_drift,original,loss,complete,16256,16256,0.0013334171,0.0014889557,0.029779113,0.14889557,13.862511,"{""0.01"":26,""0.1"":20,""1.0"":3}",1.0013343,False,unavailable,w124:p39,unavailable,positive-part maximum,first in producer sample order; tie count unavailable,unavailable,unavailable,16229,16256
b887b1046cd563d990765e01,zsre,v0_stable,0,101,1000,sampled_drift,capoff,loss,complete,16256,16256,0.0013334171,0.0014889557,0.029779113,0.14889557,13.862511,"{""0.01"":26,""0.1"":20,""1.0"":3}",1.0013343,False,unavailable,w124:p39,unavailable,positive-part maximum,first in producer sample order; tie count unavailable,unavailable,unavailable,16229,16256
b887b1046cd563d990765e01,zsre,v0_stable,0,101,1000,full_validation,capoff,loss,complete,245237,245237,0.0015523108,0.0018985069,0.037970137,0.18985069,27.684165,"{""0.01"":{""count"":383,""denominator"":245237},""0.1"":{""count"":314,""denominator"":245237},""1.0"":{""count"":78,""denominator"":245237}}",1.0015535,False,27.684165,w1366:p18,1,signed maximum,first in producer window/position order; exact equality,"{""count"":244551,""denominator"":245237}","{""count"":244841,""denominator"":245237}",unavailable,unavailable
b887b1046cd563d990765e01,zsre,v0_stable,0,101,1000,full_validation,capoff,kl,complete,245237,245237,0.0018517223,0.0018517223,0.037034445,0.18517223,26.268543,"{""0.01"":{""count"":680,""denominator"":245237},""0.1"":{""count"":222,""denominator"":245237},""1.0"":{""count"":76,""denominator"":245237}}",unavailable,unavailable,26.268543,w283:p29,1,signed maximum,first in producer window/position order; exact equality,"{""count"":244551,""denominator"":245237}","{""count"":244551,""denominator"":245237}",unavailable,unavailable
b887b1046cd563d990765e01,zsre,v0_stable,0,101,1000,full_validation,original,loss,complete,245237,245237,0.0015523108,0.0018985069,0.037970137,0.18985069,27.684165,"{""0.01"":{""count"":383,""denominator"":245237},""0.1"":{""count"":314,""denominator"":245237},""1.0"":{""count"":78,""denominator"":245237}}",1.0015535,False,27.684165,w1366:p18,1,signed maximum,first in producer window/position order; exact equality,"{""count"":244551,""denominator"":245237}","{""count"":244841,""denominator"":245237}",unavailable,unavailable
b887b1046cd563d990765e01,zsre,v0_stable,0,101,1000,full_validation,original,kl,complete,245237,245237,0.0018517223,0.0018517223,0.037034445,0.18517223,26.268543,"{""0.01"":{""count"":680,""denominator"":245237},""0.1"":{""count"":222,""denominator"":245237},""1.0"":{""count"":76,""denominator"":245237}}",unavailable,unavailable,26.268543,w283:p29,1,signed maximum,first in producer window/position order; exact equality,"{""count"":244551,""denominator"":245237}","{""count"":244551,""denominator"":245237}",unavailable,unavailable
435235a6719279d1cc87ad66,zsre,v0_stable,0,102,100,sampled_drift,original,loss,complete,16256,16256,0.00038740288,0.00048387105,0.009677421,0.048387105,4.9830427,"{""0.01"":5,""0.1"":5,""1.0"":2}",1.0003875,False,unavailable,w10:p10,unavailable,positive-part maximum,first in producer sample order; tie count unavailable,unavailable,unavailable,16251,16256
435235a6719279d1cc87ad66,zsre,v0_stable,0,102,100,sampled_drift,capoff,loss,complete,16256,16256,0.00038740288,0.00048387105,0.009677421,0.048387105,4.9830427,"{""0.01"":5,""0.1"":5,""1.0"":2}",1.0003875,False,unavailable,w10:p10,unavailable,positive-part maximum,first in producer sample order; tie count unavailable,unavailable,unavailable,16251,16256
435235a6719279d1cc87ad66,zsre,v0_stable,0,102,300,sampled_drift,original,loss,complete,16256,16256,0.00018707256,0.00022300428,0.0044600857,0.022300428,2.0555823,"{""0.01"":8,""0.1"":6,""1.0"":1}",1.0001871,False,unavailable,w23:p7,unavailable,positive-part maximum,first in producer sample order; tie count unavailable,unavailable,unavailable,16248,16256
435235a6719279d1cc87ad66,zsre,v0_stable,0,102,300,sampled_drift,capoff,loss,complete,16256,16256,0.00018707256,0.00022300428,0.0044600857,0.022300428,2.0555823,"{""0.01"":8,""0.1"":6,""1.0"":1}",1.0001871,False,unavailable,w23:p7,unavailable,positive-part maximum,first in producer sample order; tie count unavailable,unavailable,unavailable,16248,16256
435235a6719279d1cc87ad66,zsre,v0_stable,0,102,1000,sampled_drift,original,loss,complete,16256,16256,0.0013229201,0.0014109252,0.028218505,0.14109252,13.862511,"{""0.01"":14,""0.1"":13,""1.0"":4}",1.0013238,False,unavailable,w124:p39,unavailable,positive-part maximum,first in producer sample order; tie count unavailable,unavailable,unavailable,16241,16256
435235a6719279d1cc87ad66,zsre,v0_stable,0,102,1000,sampled_drift,capoff,loss,complete,16256,16256,0.0013229201,0.0014109252,0.028218505,0.14109252,13.862511,"{""0.01"":14,""0.1"":13,""1.0"":4}",1.0013238,False,unavailable,w124:p39,unavailable,positive-part maximum,first in producer sample order; tie count unavailable,unavailable,unavailable,16241,16256
435235a6719279d1cc87ad66,zsre,v0_stable,0,102,1000,full_validation,capoff,loss,complete,245237,245237,0.00064632908,0.00083957399,0.01679148,0.083957399,25.85926,"{""0.01"":{""count"":205,""denominator"":245237},""0.1"":{""count"":180,""denominator"":245237},""1.0"":{""count"":54,""denominator"":245237}}",1.0006465,False,25.85926,w283:p29,1,signed maximum,first in producer window/position order; exact equality,"{""count"":244897,""denominator"":245237}","{""count"":245029,""denominator"":245237}",unavailable,unavailable
435235a6719279d1cc87ad66,zsre,v0_stable,0,102,1000,full_validation,capoff,kl,complete,245237,245237,0.00080141937,0.00080141937,0.016028387,0.080141937,26.268543,"{""0.01"":{""count"":335,""denominator"":245237},""0.1"":{""count"":214,""denominator"":245237},""1.0"":{""count"":41,""denominator"":245237}}",unavailable,unavailable,26.268543,w283:p29,1,signed maximum,first in producer window/position order; exact equality,"{""count"":244897,""denominator"":245237}","{""count"":244897,""denominator"":245237}",unavailable,unavailable
435235a6719279d1cc87ad66,zsre,v0_stable,0,102,1000,full_validation,original,loss,complete,245237,245237,0.00064632908,0.00083957399,0.01679148,0.083957399,25.85926,"{""0.01"":{""count"":205,""denominator"":245237},""0.1"":{""count"":180,""denominator"":245237},""1.0"":{""count"":54,""denominator"":245237}}",1.0006465,False,25.85926,w283:p29,1,signed maximum,first in producer window/position order; exact equality,"{""count"":244897,""denominator"":245237}","{""count"":245029,""denominator"":245237}",unavailable,unavailable
435235a6719279d1cc87ad66,zsre,v0_stable,0,102,1000,full_validation,original,kl,complete,245237,245237,0.00080141937,0.00080141937,0.016028387,0.080141937,26.268543,"{""0.01"":{""count"":335,""denominator"":245237},""0.1"":{""count"":214,""denominator"":245237},""1.0"":{""count"":41,""denominator"":245237}}",unavailable,unavailable,26.268543,w283:p29,1,signed maximum,first in producer window/position order; exact equality,"{""count"":244897,""denominator"":245237}","{""count"":244897,""denominator"":245237}",unavailable,unavailable
aaed1cf9e8ce7cf1cf3749fa,zsre,v0_stable,0,103,100,sampled_drift,original,loss,complete,16256,16256,0.00055311281,0.0005830465,0.01166093,0.05830465,4.9830427,"{""0.01"":10,""0.1"":9,""1.0"":2}",1.0005533,False,unavailable,w10:p10,unavailable,positive-part maximum,first in producer sample order; tie count unavailable,unavailable,unavailable,16246,16256
aaed1cf9e8ce7cf1cf3749fa,zsre,v0_stable,0,103,100,sampled_drift,capoff,loss,complete,16256,16256,0.00055311281,0.0005830465,0.01166093,0.05830465,4.9830427,"{""0.01"":10,""0.1"":9,""1.0"":2}",1.0005533,False,unavailable,w10:p10,unavailable,positive-part maximum,first in producer sample order; tie count unavailable,unavailable,unavailable,16246,16256
aaed1cf9e8ce7cf1cf3749fa,zsre,v0_stable,0,103,300,sampled_drift,original,loss,complete,16256,16256,0.00020825418,0.00033271792,0.0066543583,0.033271792,0.9910442,"{""0.01"":24,""0.1"":17,""1.0"":0}",1.0002083,False,unavailable,w48:p19,unavailable,positive-part maximum,first in producer sample order; tie count unavailable,unavailable,unavailable,16232,16256
aaed1cf9e8ce7cf1cf3749fa,zsre,v0_stable,0,103,300,sampled_drift,capoff,loss,complete,16256,16256,0.00020825418,0.00033271792,0.0066543583,0.033271792,0.9910442,"{""0.01"":24,""0.1"":17,""1.0"":0}",1.0002083,False,unavailable,w48:p19,unavailable,positive-part maximum,first in producer sample order; tie count unavailable,unavailable,unavailable,16232,16256
aaed1cf9e8ce7cf1cf3749fa,zsre,v0_stable,0,103,1000,sampled_drift,original,loss,complete,16256,16256,0.0013289477,0.0013671738,0.027343477,0.13671738,13.862511,"{""0.01"":17,""0.1"":13,""1.0"":3}",1.0013298,False,unavailable,w124:p39,unavailable,positive-part maximum,first in producer sample order; tie count unavailable,unavailable,unavailable,16238,16256
aaed1cf9e8ce7cf1cf3749fa,zsre,v0_stable,0,103,1000,sampled_drift,capoff,loss,complete,16256,16256,0.0013289477,0.0013671738,0.027343477,0.13671738,13.862511,"{""0.01"":17,""0.1"":13,""1.0"":3}",1.0013298,False,unavailable,w124:p39,unavailable,positive-part maximum,first in producer sample order; tie count unavailable,unavailable,unavailable,16238,16256
aaed1cf9e8ce7cf1cf3749fa,zsre,v0_stable,0,103,1000,full_validation,capoff,loss,complete,245237,245237,0.0012061371,0.0014433039,0.028866078,0.14433039,27.684165,"{""0.01"":{""count"":241,""denominator"":245237},""0.1"":{""count"":206,""denominator"":245237},""1.0"":{""count"":58,""denominator"":245237}}",1.0012069,False,27.684165,w1366:p18,1,signed maximum,first in producer window/position order; exact equality,"{""count"":244819,""denominator"":245237}","{""count"":244990,""denominator"":245237}",unavailable,unavailable
aaed1cf9e8ce7cf1cf3749fa,zsre,v0_stable,0,103,1000,full_validation,capoff,kl,complete,245237,245237,0.0014536399,0.0014536399,0.029072798,0.14536399,26.268543,"{""0.01"":{""count"":410,""denominator"":245237},""0.1"":{""count"":231,""denominator"":245237},""1.0"":{""count"":54,""denominator"":245237}}",unavailable,unavailable,26.268543,w283:p29,1,signed maximum,first in producer window/position order; exact equality,"{""count"":244819,""denominator"":245237}","{""count"":244819,""denominator"":245237}",unavailable,unavailable
aaed1cf9e8ce7cf1cf3749fa,zsre,v0_stable,0,103,1000,full_validation,original,loss,complete,245237,245237,0.0012061371,0.0014433039,0.028866078,0.14433039,27.684165,"{""0.01"":{""count"":241,""denominator"":245237},""0.1"":{""count"":206,""denominator"":245237},""1.0"":{""count"":58,""denominator"":245237}}",1.0012069,False,27.684165,w1366:p18,1,signed maximum,first in producer window/position order; exact equality,"{""count"":244819,""denominator"":245237}","{""count"":244990,""denominator"":245237}",unavailable,unavailable
aaed1cf9e8ce7cf1cf3749fa,zsre,v0_stable,0,103,1000,full_validation,original,kl,complete,245237,245237,0.0014536399,0.0014536399,0.029072798,0.14536399,26.268543,"{""0.01"":{""count"":410,""denominator"":245237},""0.1"":{""count"":231,""denominator"":245237},""1.0"":{""count"":54,""denominator"":245237}}",unavailable,unavailable,26.268543,w283:p29,1,signed maximum,first in producer window/position order; exact equality,"{""count"":244819,""denominator"":245237}","{""count"":244819,""denominator"":245237}",unavailable,unavailable
92a5ef6855124ffc5a8d6163,zsre,v0_stable,0,104,100,sampled_drift,original,loss,complete,16256,16256,0.00016142473,0.00016313614,0.0032627229,0.016313614,2.0409525,"{""0.01"":5,""0.1"":3,""1.0"":1}",1.0001614,False,unavailable,w23:p7,unavailable,positive-part maximum,first in producer sample order; tie count unavailable,unavailable,unavailable,16251,16256
92a5ef6855124ffc5a8d6163,zsre,v0_stable,0,104,100,sampled_drift,capoff,loss,complete,16256,16256,0.00016142473,0.00016313614,0.0032627229,0.016313614,2.0409525,"{""0.01"":5,""0.1"":3,""1.0"":1}",1.0001614,False,unavailable,w23:p7,unavailable,positive-part maximum,first in producer sample order; tie count unavailable,unavailable,unavailable,16251,16256
92a5ef6855124ffc5a8d6163,zsre,v0_stable,0,104,300,sampled_drift,original,loss,complete,16256,16256,0.00059843537,0.00061704934,0.012340987,0.061704934,2.284038,"{""0.01"":14,""0.1"":11,""1.0"":4}",1.0005986,False,unavailable,w104:p58,unavailable,positive-part maximum,first in producer sample order; tie count unavailable,unavailable,unavailable,16241,16256
92a5ef6855124ffc5a8d6163,zsre,v0_stable,0,104,300,sampled_drift,capoff,loss,complete,16256,16256,0.00059843537,0.00061704934,0.012340987,0.061704934,2.284038,"{""0.01"":14,""0.1"":11,""1.0"":4}",1.0005986,False,unavailable,w104:p58,unavailable,positive-part maximum,first in producer sample order; tie count unavailable,unavailable,unavailable,16241,16256
92a5ef6855124ffc5a8d6163,zsre,v0_stable,0,104,1000,sampled_drift,original,loss,complete,16256,16256,0.0010890892,0.0011066805,0.022133611,0.11066805,13.862511,"{""0.01"":12,""0.1"":11,""1.0"":1}",1.0010897,False,unavailable,w124:p39,unavailable,positive-part maximum,first in producer sample order; tie count unavailable,unavailable,unavailable,16244,16256
92a5ef6855124ffc5a8d6163,zsre,v0_stable,0,104,1000,sampled_drift,capoff,loss,complete,16256,16256,0.0010890892,0.0011066805,0.022133611,0.11066805,13.862511,"{""0.01"":12,""0.1"":11,""1.0"":1}",1.0010897,False,unavailable,w124:p39,unavailable,positive-part maximum,first in producer sample order; tie count unavailable,unavailable,unavailable,16244,16256
92a5ef6855124ffc5a8d6163,zsre,v0_stable,0,104,1000,full_validation,capoff,loss,complete,245237,245237,0.0011674287,0.0013609338,0.027218677,0.13609338,27.684165,"{""0.01"":{""count"":199,""denominator"":245237},""0.1"":{""count"":175,""denominator"":245237},""1.0"":{""count"":55,""denominator"":245237}}",1.0011681,False,27.684165,w1366:p18,1,signed maximum,first in producer window/position order; exact equality,"{""count"":244906,""denominator"":245237}","{""count"":245035,""denominator"":245237}",unavailable,unavailable
92a5ef6855124ffc5a8d6163,zsre,v0_stable,0,104,1000,full_validation,capoff,kl,complete,245237,245237,0.0015361708,0.0015361708,0.030723415,0.15361708,26.268543,"{""0.01"":{""count"":324,""denominator"":245237},""0.1"":{""count"":211,""denominator"":245237},""1.0"":{""count"":56,""denominator"":245237}}",unavailable,unavailable,26.268543,w283:p29,1,signed maximum,first in producer window/position order; exact equality,"{""count"":244906,""denominator"":245237}","{""count"":244906,""denominator"":245237}",unavailable,unavailable
92a5ef6855124ffc5a8d6163,zsre,v0_stable,0,104,1000,full_validation,original,loss,complete,245237,245237,0.0011674287,0.0013609338,0.027218677,0.13609338,27.684165,"{""0.01"":{""count"":199,""denominator"":245237},""0.1"":{""count"":175,""denominator"":245237},""1.0"":{""count"":55,""denominator"":245237}}",1.0011681,False,27.684165,w1366:p18,1,signed maximum,first in producer window/position order; exact equality,"{""count"":244906,""denominator"":245237}","{""count"":245035,""denominator"":245237}",unavailable,unavailable
92a5ef6855124ffc5a8d6163,zsre,v0_stable,0,104,1000,full_validation,original,kl,complete,245237,245237,0.0015361708,0.0015361708,0.030723415,0.15361708,26.268543,"{""0.01"":{""count"":324,""denominator"":245237},""0.1"":{""count"":211,""denominator"":245237},""1.0"":{""count"":56,""denominator"":245237}}",unavailable,unavailable,26.268543,w283:p29,1,signed maximum,first in producer window/position order; exact equality,"{""count"":244906,""denominator"":245237}","{""count"":244906,""denominator"":245237}",unavailable,unavailable
baa601113af675024e73bc30,counterfact,v0_stable,0,100,100,sampled_drift,original,loss,complete,16256,16256,0,0,0,0,0,"{""0.01"":0,""0.1"":0,""1.0"":0}",1,False,unavailable,w0:p1,unavailable,positive-part maximum,first in producer sample order; tie count unavailable,unavailable,unavailable,16256,16256
baa601113af675024e73bc30,counterfact,v0_stable,0,100,100,sampled_drift,capoff,loss,complete,16256,16256,0,0,0,0,0,"{""0.01"":0,""0.1"":0,""1.0"":0}",1,False,unavailable,w0:p1,unavailable,positive-part maximum,first in producer sample order; tie count unavailable,unavailable,unavailable,16256,16256
baa601113af675024e73bc30,counterfact,v0_stable,0,100,300,sampled_drift,original,loss,complete,16256,16256,0,0,0,0,0,"{""0.01"":0,""0.1"":0,""1.0"":0}",1,False,unavailable,w0:p1,unavailable,positive-part maximum,first in producer sample order; tie count unavailable,unavailable,unavailable,16256,16256
baa601113af675024e73bc30,counterfact,v0_stable,0,100,300,sampled_drift,capoff,loss,complete,16256,16256,0,0,0,0,0,"{""0.01"":0,""0.1"":0,""1.0"":0}",1,False,unavailable,w0:p1,unavailable,positive-part maximum,first in producer sample order; tie count unavailable,unavailable,unavailable,16256,16256
baa601113af675024e73bc30,counterfact,v0_stable,0,100,1000,sampled_drift,original,loss,complete,16256,16256,0,0,0,0,0,"{""0.01"":0,""0.1"":0,""1.0"":0}",1,False,unavailable,w0:p1,unavailable,positive-part maximum,first in producer sample order; tie count unavailable,unavailable,unavailable,16256,16256
baa601113af675024e73bc30,counterfact,v0_stable,0,100,1000,sampled_drift,capoff,loss,complete,16256,16256,0,0,0,0,0,"{""0.01"":0,""0.1"":0,""1.0"":0}",1,False,unavailable,w0:p1,unavailable,positive-part maximum,first in producer sample order; tie count unavailable,unavailable,unavailable,16256,16256
baa601113af675024e73bc30,counterfact,v0_stable,0,100,1000,full_validation,capoff,loss,complete,245237,245237,0,0,0,0,0,"{""0.01"":{""count"":0,""denominator"":245237},""0.1"":{""count"":0,""denominator"":245237},""1.0"":{""count"":0,""denominator"":245237}}",1,False,0,w0:p1,245237,signed maximum,first in producer window/position order; exact equality,"{""count"":245237,""denominator"":245237}","{""count"":245237,""denominator"":245237}",unavailable,unavailable
baa601113af675024e73bc30,counterfact,v0_stable,0,100,1000,full_validation,capoff,kl,complete,245237,245237,0,0,0,0,0,"{""0.01"":{""count"":0,""denominator"":245237},""0.1"":{""count"":0,""denominator"":245237},""1.0"":{""count"":0,""denominator"":245237}}",unavailable,unavailable,0,w0:p1,245237,signed maximum,first in producer window/position order; exact equality,"{""count"":245237,""denominator"":245237}","{""count"":245237,""denominator"":245237}",unavailable,unavailable
baa601113af675024e73bc30,counterfact,v0_stable,0,100,1000,full_validation,original,loss,complete,245237,245237,0,0,0,0,0,"{""0.01"":{""count"":0,""denominator"":245237},""0.1"":{""count"":0,""denominator"":245237},""1.0"":{""count"":0,""denominator"":245237}}",1,False,0,w0:p1,245237,signed maximum,first in producer window/position order; exact equality,"{""count"":245237,""denominator"":245237}","{""count"":245237,""denominator"":245237}",unavailable,unavailable
baa601113af675024e73bc30,counterfact,v0_stable,0,100,1000,full_validation,original,kl,complete,245237,245237,0,0,0,0,0,"{""0.01"":{""count"":0,""denominator"":245237},""0.1"":{""count"":0,""denominator"":245237},""1.0"":{""count"":0,""denominator"":245237}}",unavailable,unavailable,0,w0:p1,245237,signed maximum,first in producer window/position order; exact equality,"{""count"":245237,""denominator"":245237}","{""count"":245237,""denominator"":245237}",unavailable,unavailable
b6b271f3383f85fb19e49836,counterfact,v0_stable,0,101,100,sampled_drift,original,loss,complete,16256,16256,0,0,0,0,0,"{""0.01"":0,""0.1"":0,""1.0"":0}",1,False,unavailable,w0:p1,unavailable,positive-part maximum,first in producer sample order; tie count unavailable,unavailable,unavailable,16256,16256
b6b271f3383f85fb19e49836,counterfact,v0_stable,0,101,100,sampled_drift,capoff,loss,complete,16256,16256,0,0,0,0,0,"{""0.01"":0,""0.1"":0,""1.0"":0}",1,False,unavailable,w0:p1,unavailable,positive-part maximum,first in producer sample order; tie count unavailable,unavailable,unavailable,16256,16256
b6b271f3383f85fb19e49836,counterfact,v0_stable,0,101,300,sampled_drift,original,loss,complete,16256,16256,0,0,0,0,0,"{""0.01"":0,""0.1"":0,""1.0"":0}",1,False,unavailable,w0:p1,unavailable,positive-part maximum,first in producer sample order; tie count unavailable,unavailable,unavailable,16256,16256
b6b271f3383f85fb19e49836,counterfact,v0_stable,0,101,300,sampled_drift,capoff,loss,complete,16256,16256,0,0,0,0,0,"{""0.01"":0,""0.1"":0,""1.0"":0}",1,False,unavailable,w0:p1,unavailable,positive-part maximum,first in producer sample order; tie count unavailable,unavailable,unavailable,16256,16256
b6b271f3383f85fb19e49836,counterfact,v0_stable,0,101,1000,sampled_drift,original,loss,complete,16256,16256,0,0,0,0,0,"{""0.01"":0,""0.1"":0,""1.0"":0}",1,False,unavailable,w0:p1,unavailable,positive-part maximum,first in producer sample order; tie count unavailable,unavailable,unavailable,16256,16256
b6b271f3383f85fb19e49836,counterfact,v0_stable,0,101,1000,sampled_drift,capoff,loss,complete,16256,16256,0,0,0,0,0,"{""0.01"":0,""0.1"":0,""1.0"":0}",1,False,unavailable,w0:p1,unavailable,positive-part maximum,first in producer sample order; tie count unavailable,unavailable,unavailable,16256,16256
b6b271f3383f85fb19e49836,counterfact,v0_stable,0,101,1000,full_validation,capoff,loss,complete,245237,245237,0,0,0,0,0,"{""0.01"":{""count"":0,""denominator"":245237},""0.1"":{""count"":0,""denominator"":245237},""1.0"":{""count"":0,""denominator"":245237}}",1,False,0,w0:p1,245237,signed maximum,first in producer window/position order; exact equality,"{""count"":245237,""denominator"":245237}","{""count"":245237,""denominator"":245237}",unavailable,unavailable
b6b271f3383f85fb19e49836,counterfact,v0_stable,0,101,1000,full_validation,capoff,kl,complete,245237,245237,0,0,0,0,0,"{""0.01"":{""count"":0,""denominator"":245237},""0.1"":{""count"":0,""denominator"":245237},""1.0"":{""count"":0,""denominator"":245237}}",unavailable,unavailable,0,w0:p1,245237,signed maximum,first in producer window/position order; exact equality,"{""count"":245237,""denominator"":245237}","{""count"":245237,""denominator"":245237}",unavailable,unavailable
b6b271f3383f85fb19e49836,counterfact,v0_stable,0,101,1000,full_validation,original,loss,complete,245237,245237,0,0,0,0,0,"{""0.01"":{""count"":0,""denominator"":245237},""0.1"":{""count"":0,""denominator"":245237},""1.0"":{""count"":0,""denominator"":245237}}",1,False,0,w0:p1,245237,signed maximum,first in producer window/position order; exact equality,"{""count"":245237,""denominator"":245237}","{""count"":245237,""denominator"":245237}",unavailable,unavailable
b6b271f3383f85fb19e49836,counterfact,v0_stable,0,101,1000,full_validation,original,kl,complete,245237,245237,0,0,0,0,0,"{""0.01"":{""count"":0,""denominator"":245237},""0.1"":{""count"":0,""denominator"":245237},""1.0"":{""count"":0,""denominator"":245237}}",unavailable,unavailable,0,w0:p1,245237,signed maximum,first in producer window/position order; exact equality,"{""count"":245237,""denominator"":245237}","{""count"":245237,""denominator"":245237}",unavailable,unavailable
6c0124a2d35b8b4bf8d2a321,counterfact,v0_stable,0,102,100,sampled_drift,original,loss,complete,16256,16256,0,0,0,0,0,"{""0.01"":0,""0.1"":0,""1.0"":0}",1,False,unavailable,w0:p1,unavailable,positive-part maximum,first in producer sample order; tie count unavailable,unavailable,unavailable,16256,16256
6c0124a2d35b8b4bf8d2a321,counterfact,v0_stable,0,102,100,sampled_drift,capoff,loss,complete,16256,16256,0,0,0,0,0,"{""0.01"":0,""0.1"":0,""1.0"":0}",1,False,unavailable,w0:p1,unavailable,positive-part maximum,first in producer sample order; tie count unavailable,unavailable,unavailable,16256,16256
6c0124a2d35b8b4bf8d2a321,counterfact,v0_stable,0,102,300,sampled_drift,original,loss,complete,16256,16256,0,0,0,0,0,"{""0.01"":0,""0.1"":0,""1.0"":0}",1,False,unavailable,w0:p1,unavailable,positive-part maximum,first in producer sample order; tie count unavailable,unavailable,unavailable,16256,16256
6c0124a2d35b8b4bf8d2a321,counterfact,v0_stable,0,102,300,sampled_drift,capoff,loss,complete,16256,16256,0,0,0,0,0,"{""0.01"":0,""0.1"":0,""1.0"":0}",1,False,unavailable,w0:p1,unavailable,positive-part maximum,first in producer sample order; tie count unavailable,unavailable,unavailable,16256,16256
6c0124a2d35b8b4bf8d2a321,counterfact,v0_stable,0,102,1000,sampled_drift,original,loss,complete,16256,16256,0,0,0,0,0,"{""0.01"":0,""0.1"":0,""1.0"":0}",1,False,unavailable,w0:p1,unavailable,positive-part maximum,first in producer sample order; tie count unavailable,unavailable,unavailable,16256,16256
6c0124a2d35b8b4bf8d2a321,counterfact,v0_stable,0,102,1000,sampled_drift,capoff,loss,complete,16256,16256,0,0,0,0,0,"{""0.01"":0,""0.1"":0,""1.0"":0}",1,False,unavailable,w0:p1,unavailable,positive-part maximum,first in producer sample order; tie count unavailable,unavailable,unavailable,16256,16256
6c0124a2d35b8b4bf8d2a321,counterfact,v0_stable,0,102,1000,full_validation,capoff,loss,complete,245237,245237,0,0,0,0,0,"{""0.01"":{""count"":0,""denominator"":245237},""0.1"":{""count"":0,""denominator"":245237},""1.0"":{""count"":0,""denominator"":245237}}",1,False,0,w0:p1,245237,signed maximum,first in producer window/position order; exact equality,"{""count"":245237,""denominator"":245237}","{""count"":245237,""denominator"":245237}",unavailable,unavailable
6c0124a2d35b8b4bf8d2a321,counterfact,v0_stable,0,102,1000,full_validation,capoff,kl,complete,245237,245237,0,0,0,0,0,"{""0.01"":{""count"":0,""denominator"":245237},""0.1"":{""count"":0,""denominator"":245237},""1.0"":{""count"":0,""denominator"":245237}}",unavailable,unavailable,0,w0:p1,245237,signed maximum,first in producer window/position order; exact equality,"{""count"":245237,""denominator"":245237}","{""count"":245237,""denominator"":245237}",unavailable,unavailable
6c0124a2d35b8b4bf8d2a321,counterfact,v0_stable,0,102,1000,full_validation,original,loss,complete,245237,245237,0,0,0,0,0,"{""0.01"":{""count"":0,""denominator"":245237},""0.1"":{""count"":0,""denominator"":245237},""1.0"":{""count"":0,""denominator"":245237}}",1,False,0,w0:p1,245237,signed maximum,first in producer window/position order; exact equality,"{""count"":245237,""denominator"":245237}","{""count"":245237,""denominator"":245237}",unavailable,unavailable
6c0124a2d35b8b4bf8d2a321,counterfact,v0_stable,0,102,1000,full_validation,original,kl,complete,245237,245237,0,0,0,0,0,"{""0.01"":{""count"":0,""denominator"":245237},""0.1"":{""count"":0,""denominator"":245237},""1.0"":{""count"":0,""denominator"":245237}}",unavailable,unavailable,0,w0:p1,245237,signed maximum,first in producer window/position order; exact equality,"{""count"":245237,""denominator"":245237}","{""count"":245237,""denominator"":245237}",unavailable,unavailable
37c2ba2be995719ac8972cf1,counterfact,v0_stable,0,103,100,sampled_drift,original,loss,complete,16256,16256,0,0,0,0,0,"{""0.01"":0,""0.1"":0,""1.0"":0}",1,False,unavailable,w0:p1,unavailable,positive-part maximum,first in producer sample order; tie count unavailable,unavailable,unavailable,16256,16256
37c2ba2be995719ac8972cf1,counterfact,v0_stable,0,103,100,sampled_drift,capoff,loss,complete,16256,16256,0,0,0,0,0,"{""0.01"":0,""0.1"":0,""1.0"":0}",1,False,unavailable,w0:p1,unavailable,positive-part maximum,first in producer sample order; tie count unavailable,unavailable,unavailable,16256,16256
37c2ba2be995719ac8972cf1,counterfact,v0_stable,0,103,300,sampled_drift,original,loss,complete,16256,16256,0,0,0,0,0,"{""0.01"":0,""0.1"":0,""1.0"":0}",1,False,unavailable,w0:p1,unavailable,positive-part maximum,first in producer sample order; tie count unavailable,unavailable,unavailable,16256,16256
37c2ba2be995719ac8972cf1,counterfact,v0_stable,0,103,300,sampled_drift,capoff,loss,complete,16256,16256,0,0,0,0,0,"{""0.01"":0,""0.1"":0,""1.0"":0}",1,False,unavailable,w0:p1,unavailable,positive-part maximum,first in producer sample order; tie count unavailable,unavailable,unavailable,16256,16256
37c2ba2be995719ac8972cf1,counterfact,v0_stable,0,103,1000,sampled_drift,original,loss,complete,16256,16256,0,0,0,0,0,"{""0.01"":0,""0.1"":0,""1.0"":0}",1,False,unavailable,w0:p1,unavailable,positive-part maximum,first in producer sample order; tie count unavailable,unavailable,unavailable,16256,16256
37c2ba2be995719ac8972cf1,counterfact,v0_stable,0,103,1000,sampled_drift,capoff,loss,complete,16256,16256,0,0,0,0,0,"{""0.01"":0,""0.1"":0,""1.0"":0}",1,False,unavailable,w0:p1,unavailable,positive-part maximum,first in producer sample order; tie count unavailable,unavailable,unavailable,16256,16256
37c2ba2be995719ac8972cf1,counterfact,v0_stable,0,103,1000,full_validation,capoff,loss,complete,245237,245237,0,0,0,0,0,"{""0.01"":{""count"":0,""denominator"":245237},""0.1"":{""count"":0,""denominator"":245237},""1.0"":{""count"":0,""denominator"":245237}}",1,False,0,w0:p1,245237,signed maximum,first in producer window/position order; exact equality,"{""count"":245237,""denominator"":245237}","{""count"":245237,""denominator"":245237}",unavailable,unavailable
37c2ba2be995719ac8972cf1,counterfact,v0_stable,0,103,1000,full_validation,capoff,kl,complete,245237,245237,0,0,0,0,0,"{""0.01"":{""count"":0,""denominator"":245237},""0.1"":{""count"":0,""denominator"":245237},""1.0"":{""count"":0,""denominator"":245237}}",unavailable,unavailable,0,w0:p1,245237,signed maximum,first in producer window/position order; exact equality,"{""count"":245237,""denominator"":245237}","{""count"":245237,""denominator"":245237}",unavailable,unavailable
37c2ba2be995719ac8972cf1,counterfact,v0_stable,0,103,1000,full_validation,original,loss,complete,245237,245237,0,0,0,0,0,"{""0.01"":{""count"":0,""denominator"":245237},""0.1"":{""count"":0,""denominator"":245237},""1.0"":{""count"":0,""denominator"":245237}}",1,False,0,w0:p1,245237,signed maximum,first in producer window/position order; exact equality,"{""count"":245237,""denominator"":245237}","{""count"":245237,""denominator"":245237}",unavailable,unavailable
37c2ba2be995719ac8972cf1,counterfact,v0_stable,0,103,1000,full_validation,original,kl,complete,245237,245237,0,0,0,0,0,"{""0.01"":{""count"":0,""denominator"":245237},""0.1"":{""count"":0,""denominator"":245237},""1.0"":{""count"":0,""denominator"":245237}}",unavailable,unavailable,0,w0:p1,245237,signed maximum,first in producer window/position order; exact equality,"{""count"":245237,""denominator"":245237}","{""count"":245237,""denominator"":245237}",unavailable,unavailable
d93ed5de9d4401cb3345c7bd,counterfact,v0_stable,0,104,100,sampled_drift,original,loss,complete,16256,16256,0,0,0,0,0,"{""0.01"":0,""0.1"":0,""1.0"":0}",1,False,unavailable,w0:p1,unavailable,positive-part maximum,first in producer sample order; tie count unavailable,unavailable,unavailable,16256,16256
d93ed5de9d4401cb3345c7bd,counterfact,v0_stable,0,104,100,sampled_drift,capoff,loss,complete,16256,16256,0,0,0,0,0,"{""0.01"":0,""0.1"":0,""1.0"":0}",1,False,unavailable,w0:p1,unavailable,positive-part maximum,first in producer sample order; tie count unavailable,unavailable,unavailable,16256,16256
d93ed5de9d4401cb3345c7bd,counterfact,v0_stable,0,104,300,sampled_drift,original,loss,complete,16256,16256,0,0,0,0,0,"{""0.01"":0,""0.1"":0,""1.0"":0}",1,False,unavailable,w0:p1,unavailable,positive-part maximum,first in producer sample order; tie count unavailable,unavailable,unavailable,16256,16256
d93ed5de9d4401cb3345c7bd,counterfact,v0_stable,0,104,300,sampled_drift,capoff,loss,complete,16256,16256,0,0,0,0,0,"{""0.01"":0,""0.1"":0,""1.0"":0}",1,False,unavailable,w0:p1,unavailable,positive-part maximum,first in producer sample order; tie count unavailable,unavailable,unavailable,16256,16256
d93ed5de9d4401cb3345c7bd,counterfact,v0_stable,0,104,1000,sampled_drift,original,loss,complete,16256,16256,0,0,0,0,0,"{""0.01"":0,""0.1"":0,""1.0"":0}",1,False,unavailable,w0:p1,unavailable,positive-part maximum,first in producer sample order; tie count unavailable,unavailable,unavailable,16256,16256
d93ed5de9d4401cb3345c7bd,counterfact,v0_stable,0,104,1000,sampled_drift,capoff,loss,complete,16256,16256,0,0,0,0,0,"{""0.01"":0,""0.1"":0,""1.0"":0}",1,False,unavailable,w0:p1,unavailable,positive-part maximum,first in producer sample order; tie count unavailable,unavailable,unavailable,16256,16256
d93ed5de9d4401cb3345c7bd,counterfact,v0_stable,0,104,1000,full_validation,capoff,loss,complete,245237,245237,0,0,0,0,0,"{""0.01"":{""count"":0,""denominator"":245237},""0.1"":{""count"":0,""denominator"":245237},""1.0"":{""count"":0,""denominator"":245237}}",1,False,0,w0:p1,245237,signed maximum,first in producer window/position order; exact equality,"{""count"":245237,""denominator"":245237}","{""count"":245237,""denominator"":245237}",unavailable,unavailable
d93ed5de9d4401cb3345c7bd,counterfact,v0_stable,0,104,1000,full_validation,capoff,kl,complete,245237,245237,0,0,0,0,0,"{""0.01"":{""count"":0,""denominator"":245237},""0.1"":{""count"":0,""denominator"":245237},""1.0"":{""count"":0,""denominator"":245237}}",unavailable,unavailable,0,w0:p1,245237,signed maximum,first in producer window/position order; exact equality,"{""count"":245237,""denominator"":245237}","{""count"":245237,""denominator"":245237}",unavailable,unavailable
d93ed5de9d4401cb3345c7bd,counterfact,v0_stable,0,104,1000,full_validation,original,loss,complete,245237,245237,0,0,0,0,0,"{""0.01"":{""count"":0,""denominator"":245237},""0.1"":{""count"":0,""denominator"":245237},""1.0"":{""count"":0,""denominator"":245237}}",1,False,0,w0:p1,245237,signed maximum,first in producer window/position order; exact equality,"{""count"":245237,""denominator"":245237}","{""count"":245237,""denominator"":245237}",unavailable,unavailable
d93ed5de9d4401cb3345c7bd,counterfact,v0_stable,0,104,1000,full_validation,original,kl,complete,245237,245237,0,0,0,0,0,"{""0.01"":{""count"":0,""denominator"":245237},""0.1"":{""count"":0,""denominator"":245237},""1.0"":{""count"":0,""denominator"":245237}}",unavailable,unavailable,0,w0:p1,245237,signed maximum,first in producer window/position order; exact equality,"{""count"":245237,""denominator"":245237}","{""count"":245237,""denominator"":245237}",unavailable,unavailable
c2f9d3102987f746f4f31b8d,mquake,v0_stable,0,100,100,sampled_drift,original,loss,complete,16256,16256,0,0,0,0,0,"{""0.01"":0,""0.1"":0,""1.0"":0}",1,False,unavailable,w0:p1,unavailable,positive-part maximum,first in producer sample order; tie count unavailable,unavailable,unavailable,16256,16256
c2f9d3102987f746f4f31b8d,mquake,v0_stable,0,100,100,sampled_drift,capoff,loss,complete,16256,16256,0,0,0,0,0,"{""0.01"":0,""0.1"":0,""1.0"":0}",1,False,unavailable,w0:p1,unavailable,positive-part maximum,first in producer sample order; tie count unavailable,unavailable,unavailable,16256,16256
c2f9d3102987f746f4f31b8d,mquake,v0_stable,0,100,300,sampled_drift,original,loss,complete,16256,16256,0,0,0,0,0,"{""0.01"":0,""0.1"":0,""1.0"":0}",1,False,unavailable,w0:p1,unavailable,positive-part maximum,first in producer sample order; tie count unavailable,unavailable,unavailable,16256,16256
c2f9d3102987f746f4f31b8d,mquake,v0_stable,0,100,300,sampled_drift,capoff,loss,complete,16256,16256,0,0,0,0,0,"{""0.01"":0,""0.1"":0,""1.0"":0}",1,False,unavailable,w0:p1,unavailable,positive-part maximum,first in producer sample order; tie count unavailable,unavailable,unavailable,16256,16256
c2f9d3102987f746f4f31b8d,mquake,v0_stable,0,100,300,full_validation,capoff,loss,complete,245237,245237,0,0,0,0,0,"{""0.01"":{""count"":0,""denominator"":245237},""0.1"":{""count"":0,""denominator"":245237},""1.0"":{""count"":0,""denominator"":245237}}",1,False,0,w0:p1,245237,signed maximum,first in producer window/position order; exact equality,"{""count"":245237,""denominator"":245237}","{""count"":245237,""denominator"":245237}",unavailable,unavailable
c2f9d3102987f746f4f31b8d,mquake,v0_stable,0,100,300,full_validation,capoff,kl,complete,245237,245237,0,0,0,0,0,"{""0.01"":{""count"":0,""denominator"":245237},""0.1"":{""count"":0,""denominator"":245237},""1.0"":{""count"":0,""denominator"":245237}}",unavailable,unavailable,0,w0:p1,245237,signed maximum,first in producer window/position order; exact equality,"{""count"":245237,""denominator"":245237}","{""count"":245237,""denominator"":245237}",unavailable,unavailable
c2f9d3102987f746f4f31b8d,mquake,v0_stable,0,100,300,full_validation,original,loss,complete,245237,245237,0,0,0,0,0,"{""0.01"":{""count"":0,""denominator"":245237},""0.1"":{""count"":0,""denominator"":245237},""1.0"":{""count"":0,""denominator"":245237}}",1,False,0,w0:p1,245237,signed maximum,first in producer window/position order; exact equality,"{""count"":245237,""denominator"":245237}","{""count"":245237,""denominator"":245237}",unavailable,unavailable
c2f9d3102987f746f4f31b8d,mquake,v0_stable,0,100,300,full_validation,original,kl,complete,245237,245237,0,0,0,0,0,"{""0.01"":{""count"":0,""denominator"":245237},""0.1"":{""count"":0,""denominator"":245237},""1.0"":{""count"":0,""denominator"":245237}}",unavailable,unavailable,0,w0:p1,245237,signed maximum,first in producer window/position order; exact equality,"{""count"":245237,""denominator"":245237}","{""count"":245237,""denominator"":245237}",unavailable,unavailable
a23ae9063b37c21cfe657d47,mquake,v0_stable,0,101,100,sampled_drift,original,loss,complete,16256,16256,0,0,0,0,0,"{""0.01"":0,""0.1"":0,""1.0"":0}",1,False,unavailable,w0:p1,unavailable,positive-part maximum,first in producer sample order; tie count unavailable,unavailable,unavailable,16256,16256
a23ae9063b37c21cfe657d47,mquake,v0_stable,0,101,100,sampled_drift,capoff,loss,complete,16256,16256,0,0,0,0,0,"{""0.01"":0,""0.1"":0,""1.0"":0}",1,False,unavailable,w0:p1,unavailable,positive-part maximum,first in producer sample order; tie count unavailable,unavailable,unavailable,16256,16256
a23ae9063b37c21cfe657d47,mquake,v0_stable,0,101,300,sampled_drift,original,loss,complete,16256,16256,0,0,0,0,0,"{""0.01"":0,""0.1"":0,""1.0"":0}",1,False,unavailable,w0:p1,unavailable,positive-part maximum,first in producer sample order; tie count unavailable,unavailable,unavailable,16256,16256
a23ae9063b37c21cfe657d47,mquake,v0_stable,0,101,300,sampled_drift,capoff,loss,complete,16256,16256,0,0,0,0,0,"{""0.01"":0,""0.1"":0,""1.0"":0}",1,False,unavailable,w0:p1,unavailable,positive-part maximum,first in producer sample order; tie count unavailable,unavailable,unavailable,16256,16256
a23ae9063b37c21cfe657d47,mquake,v0_stable,0,101,300,full_validation,capoff,loss,complete,245237,245237,0,0,0,0,0,"{""0.01"":{""count"":0,""denominator"":245237},""0.1"":{""count"":0,""denominator"":245237},""1.0"":{""count"":0,""denominator"":245237}}",1,False,0,w0:p1,245237,signed maximum,first in producer window/position order; exact equality,"{""count"":245237,""denominator"":245237}","{""count"":245237,""denominator"":245237}",unavailable,unavailable
a23ae9063b37c21cfe657d47,mquake,v0_stable,0,101,300,full_validation,capoff,kl,complete,245237,245237,0,0,0,0,0,"{""0.01"":{""count"":0,""denominator"":245237},""0.1"":{""count"":0,""denominator"":245237},""1.0"":{""count"":0,""denominator"":245237}}",unavailable,unavailable,0,w0:p1,245237,signed maximum,first in producer window/position order; exact equality,"{""count"":245237,""denominator"":245237}","{""count"":245237,""denominator"":245237}",unavailable,unavailable
a23ae9063b37c21cfe657d47,mquake,v0_stable,0,101,300,full_validation,original,loss,complete,245237,245237,0,0,0,0,0,"{""0.01"":{""count"":0,""denominator"":245237},""0.1"":{""count"":0,""denominator"":245237},""1.0"":{""count"":0,""denominator"":245237}}",1,False,0,w0:p1,245237,signed maximum,first in producer window/position order; exact equality,"{""count"":245237,""denominator"":245237}","{""count"":245237,""denominator"":245237}",unavailable,unavailable
a23ae9063b37c21cfe657d47,mquake,v0_stable,0,101,300,full_validation,original,kl,complete,245237,245237,0,0,0,0,0,"{""0.01"":{""count"":0,""denominator"":245237},""0.1"":{""count"":0,""denominator"":245237},""1.0"":{""count"":0,""denominator"":245237}}",unavailable,unavailable,0,w0:p1,245237,signed maximum,first in producer window/position order; exact equality,"{""count"":245237,""denominator"":245237}","{""count"":245237,""denominator"":245237}",unavailable,unavailable
5a6f61e06de0bca53b4a7377,mquake,v0_stable,0,102,100,sampled_drift,original,loss,complete,16256,16256,0,0,0,0,0,"{""0.01"":0,""0.1"":0,""1.0"":0}",1,False,unavailable,w0:p1,unavailable,positive-part maximum,first in producer sample order; tie count unavailable,unavailable,unavailable,16256,16256
5a6f61e06de0bca53b4a7377,mquake,v0_stable,0,102,100,sampled_drift,capoff,loss,complete,16256,16256,0,0,0,0,0,"{""0.01"":0,""0.1"":0,""1.0"":0}",1,False,unavailable,w0:p1,unavailable,positive-part maximum,first in producer sample order; tie count unavailable,unavailable,unavailable,16256,16256
5a6f61e06de0bca53b4a7377,mquake,v0_stable,0,102,300,sampled_drift,original,loss,complete,16256,16256,0,0,0,0,0,"{""0.01"":0,""0.1"":0,""1.0"":0}",1,False,unavailable,w0:p1,unavailable,positive-part maximum,first in producer sample order; tie count unavailable,unavailable,unavailable,16256,16256
5a6f61e06de0bca53b4a7377,mquake,v0_stable,0,102,300,sampled_drift,capoff,loss,complete,16256,16256,0,0,0,0,0,"{""0.01"":0,""0.1"":0,""1.0"":0}",1,False,unavailable,w0:p1,unavailable,positive-part maximum,first in producer sample order; tie count unavailable,unavailable,unavailable,16256,16256
5a6f61e06de0bca53b4a7377,mquake,v0_stable,0,102,300,full_validation,capoff,loss,complete,245237,245237,0,0,0,0,0,"{""0.01"":{""count"":0,""denominator"":245237},""0.1"":{""count"":0,""denominator"":245237},""1.0"":{""count"":0,""denominator"":245237}}",1,False,0,w0:p1,245237,signed maximum,first in producer window/position order; exact equality,"{""count"":245237,""denominator"":245237}","{""count"":245237,""denominator"":245237}",unavailable,unavailable
5a6f61e06de0bca53b4a7377,mquake,v0_stable,0,102,300,full_validation,capoff,kl,complete,245237,245237,0,0,0,0,0,"{""0.01"":{""count"":0,""denominator"":245237},""0.1"":{""count"":0,""denominator"":245237},""1.0"":{""count"":0,""denominator"":245237}}",unavailable,unavailable,0,w0:p1,245237,signed maximum,first in producer window/position order; exact equality,"{""count"":245237,""denominator"":245237}","{""count"":245237,""denominator"":245237}",unavailable,unavailable
5a6f61e06de0bca53b4a7377,mquake,v0_stable,0,102,300,full_validation,original,loss,complete,245237,245237,0,0,0,0,0,"{""0.01"":{""count"":0,""denominator"":245237},""0.1"":{""count"":0,""denominator"":245237},""1.0"":{""count"":0,""denominator"":245237}}",1,False,0,w0:p1,245237,signed maximum,first in producer window/position order; exact equality,"{""count"":245237,""denominator"":245237}","{""count"":245237,""denominator"":245237}",unavailable,unavailable
5a6f61e06de0bca53b4a7377,mquake,v0_stable,0,102,300,full_validation,original,kl,complete,245237,245237,0,0,0,0,0,"{""0.01"":{""count"":0,""denominator"":245237},""0.1"":{""count"":0,""denominator"":245237},""1.0"":{""count"":0,""denominator"":245237}}",unavailable,unavailable,0,w0:p1,245237,signed maximum,first in producer window/position order; exact equality,"{""count"":245237,""denominator"":245237}","{""count"":245237,""denominator"":245237}",unavailable,unavailable
03426d6e61fb6b41145c5d8e,mquake,v0_stable,0,103,100,sampled_drift,original,loss,complete,16256,16256,0,0,0,0,0,"{""0.01"":0,""0.1"":0,""1.0"":0}",1,False,unavailable,w0:p1,unavailable,positive-part maximum,first in producer sample order; tie count unavailable,unavailable,unavailable,16256,16256
03426d6e61fb6b41145c5d8e,mquake,v0_stable,0,103,100,sampled_drift,capoff,loss,complete,16256,16256,0,0,0,0,0,"{""0.01"":0,""0.1"":0,""1.0"":0}",1,False,unavailable,w0:p1,unavailable,positive-part maximum,first in producer sample order; tie count unavailable,unavailable,unavailable,16256,16256
03426d6e61fb6b41145c5d8e,mquake,v0_stable,0,103,300,sampled_drift,original,loss,complete,16256,16256,0,0,0,0,0,"{""0.01"":0,""0.1"":0,""1.0"":0}",1,False,unavailable,w0:p1,unavailable,positive-part maximum,first in producer sample order; tie count unavailable,unavailable,unavailable,16256,16256
03426d6e61fb6b41145c5d8e,mquake,v0_stable,0,103,300,sampled_drift,capoff,loss,complete,16256,16256,0,0,0,0,0,"{""0.01"":0,""0.1"":0,""1.0"":0}",1,False,unavailable,w0:p1,unavailable,positive-part maximum,first in producer sample order; tie count unavailable,unavailable,unavailable,16256,16256
03426d6e61fb6b41145c5d8e,mquake,v0_stable,0,103,300,full_validation,capoff,loss,complete,245237,245237,0,0,0,0,0,"{""0.01"":{""count"":0,""denominator"":245237},""0.1"":{""count"":0,""denominator"":245237},""1.0"":{""count"":0,""denominator"":245237}}",1,False,0,w0:p1,245237,signed maximum,first in producer window/position order; exact equality,"{""count"":245237,""denominator"":245237}","{""count"":245237,""denominator"":245237}",unavailable,unavailable
03426d6e61fb6b41145c5d8e,mquake,v0_stable,0,103,300,full_validation,capoff,kl,complete,245237,245237,0,0,0,0,0,"{""0.01"":{""count"":0,""denominator"":245237},""0.1"":{""count"":0,""denominator"":245237},""1.0"":{""count"":0,""denominator"":245237}}",unavailable,unavailable,0,w0:p1,245237,signed maximum,first in producer window/position order; exact equality,"{""count"":245237,""denominator"":245237}","{""count"":245237,""denominator"":245237}",unavailable,unavailable
03426d6e61fb6b41145c5d8e,mquake,v0_stable,0,103,300,full_validation,original,loss,complete,245237,245237,0,0,0,0,0,"{""0.01"":{""count"":0,""denominator"":245237},""0.1"":{""count"":0,""denominator"":245237},""1.0"":{""count"":0,""denominator"":245237}}",1,False,0,w0:p1,245237,signed maximum,first in producer window/position order; exact equality,"{""count"":245237,""denominator"":245237}","{""count"":245237,""denominator"":245237}",unavailable,unavailable
03426d6e61fb6b41145c5d8e,mquake,v0_stable,0,103,300,full_validation,original,kl,complete,245237,245237,0,0,0,0,0,"{""0.01"":{""count"":0,""denominator"":245237},""0.1"":{""count"":0,""denominator"":245237},""1.0"":{""count"":0,""denominator"":245237}}",unavailable,unavailable,0,w0:p1,245237,signed maximum,first in producer window/position order; exact equality,"{""count"":245237,""denominator"":245237}","{""count"":245237,""denominator"":245237}",unavailable,unavailable
19f5d8535235334ffe1595e8,mquake,v0_stable,0,104,100,sampled_drift,original,loss,complete,16256,16256,0,0,0,0,0,"{""0.01"":0,""0.1"":0,""1.0"":0}",1,False,unavailable,w0:p1,unavailable,positive-part maximum,first in producer sample order; tie count unavailable,unavailable,unavailable,16256,16256
19f5d8535235334ffe1595e8,mquake,v0_stable,0,104,100,sampled_drift,capoff,loss,complete,16256,16256,0,0,0,0,0,"{""0.01"":0,""0.1"":0,""1.0"":0}",1,False,unavailable,w0:p1,unavailable,positive-part maximum,first in producer sample order; tie count unavailable,unavailable,unavailable,16256,16256
19f5d8535235334ffe1595e8,mquake,v0_stable,0,104,300,sampled_drift,original,loss,complete,16256,16256,0,0,0,0,0,"{""0.01"":0,""0.1"":0,""1.0"":0}",1,False,unavailable,w0:p1,unavailable,positive-part maximum,first in producer sample order; tie count unavailable,unavailable,unavailable,16256,16256
19f5d8535235334ffe1595e8,mquake,v0_stable,0,104,300,sampled_drift,capoff,loss,complete,16256,16256,0,0,0,0,0,"{""0.01"":0,""0.1"":0,""1.0"":0}",1,False,unavailable,w0:p1,unavailable,positive-part maximum,first in producer sample order; tie count unavailable,unavailable,unavailable,16256,16256
19f5d8535235334ffe1595e8,mquake,v0_stable,0,104,300,full_validation,capoff,loss,complete,245237,245237,0,0,0,0,0,"{""0.01"":{""count"":0,""denominator"":245237},""0.1"":{""count"":0,""denominator"":245237},""1.0"":{""count"":0,""denominator"":245237}}",1,False,0,w0:p1,245237,signed maximum,first in producer window/position order; exact equality,"{""count"":245237,""denominator"":245237}","{""count"":245237,""denominator"":245237}",unavailable,unavailable
19f5d8535235334ffe1595e8,mquake,v0_stable,0,104,300,full_validation,capoff,kl,complete,245237,245237,0,0,0,0,0,"{""0.01"":{""count"":0,""denominator"":245237},""0.1"":{""count"":0,""denominator"":245237},""1.0"":{""count"":0,""denominator"":245237}}",unavailable,unavailable,0,w0:p1,245237,signed maximum,first in producer window/position order; exact equality,"{""count"":245237,""denominator"":245237}","{""count"":245237,""denominator"":245237}",unavailable,unavailable
19f5d8535235334ffe1595e8,mquake,v0_stable,0,104,300,full_validation,original,loss,complete,245237,245237,0,0,0,0,0,"{""0.01"":{""count"":0,""denominator"":245237},""0.1"":{""count"":0,""denominator"":245237},""1.0"":{""count"":0,""denominator"":245237}}",1,False,0,w0:p1,245237,signed maximum,first in producer window/position order; exact equality,"{""count"":245237,""denominator"":245237}","{""count"":245237,""denominator"":245237}",unavailable,unavailable
19f5d8535235334ffe1595e8,mquake,v0_stable,0,104,300,full_validation,original,kl,complete,245237,245237,0,0,0,0,0,"{""0.01"":{""count"":0,""denominator"":245237},""0.1"":{""count"":0,""denominator"":245237},""1.0"":{""count"":0,""denominator"":245237}}",unavailable,unavailable,0,w0:p1,245237,signed maximum,first in producer window/position order; exact equality,"{""count"":245237,""denominator"":245237}","{""count"":245237,""denominator"":245237}",unavailable,unavailable
6b089d284c00a4418a1d3af4,zsre,R1_learned_ff,1,100,100,sampled_drift,original,loss,complete,16256,16256,0.002883804,0.0029212685,0.058425369,0.29212685,3.8754806,"{""0.01"":38,""0.1"":34,""1.0"":18}",1.002888,False,unavailable,w36:p30,unavailable,positive-part maximum,first in producer sample order; tie count unavailable,unavailable,unavailable,16218,16256
6b089d284c00a4418a1d3af4,zsre,R1_learned_ff,1,100,100,sampled_drift,capoff,loss,complete,16256,16256,0.002883804,0.0029212685,0.058425369,0.29212685,3.8754806,"{""0.01"":38,""0.1"":34,""1.0"":18}",1.002888,False,unavailable,w36:p30,unavailable,positive-part maximum,first in producer sample order; tie count unavailable,unavailable,unavailable,16218,16256
6b089d284c00a4418a1d3af4,zsre,R1_learned_ff,1,100,300,sampled_drift,original,loss,complete,16256,16256,0.005744237,0.0058005795,0.11601159,0.58005795,8.233111,"{""0.01"":60,""0.1"":55,""1.0"":35}",1.0057608,False,unavailable,w104:p77,unavailable,positive-part maximum,first in producer sample order; tie count unavailable,unavailable,unavailable,16195,16256
6b089d284c00a4418a1d3af4,zsre,R1_learned_ff,1,100,300,sampled_drift,capoff,loss,complete,16256,16256,0.005744237,0.0058005795,0.11601159,0.58005795,8.233111,"{""0.01"":60,""0.1"":55,""1.0"":35}",1.0057608,False,unavailable,w104:p77,unavailable,positive-part maximum,first in producer sample order; tie count unavailable,unavailable,unavailable,16195,16256
6b089d284c00a4418a1d3af4,zsre,R1_learned_ff,1,100,1000,sampled_drift,original,loss,complete,16256,16256,0.0045930384,0.0047521789,0.095043578,0.47521789,8.233111,"{""0.01"":46,""0.1"":45,""1.0"":23}",1.0046036,False,unavailable,w104:p77,unavailable,positive-part maximum,first in producer sample order; tie count unavailable,unavailable,unavailable,16208,16256
6b089d284c00a4418a1d3af4,zsre,R1_learned_ff,1,100,1000,sampled_drift,capoff,loss,complete,16256,16256,0.0045930384,0.0047521789,0.095043578,0.47521789,8.233111,"{""0.01"":46,""0.1"":45,""1.0"":23}",1.0046036,False,unavailable,w104:p77,unavailable,positive-part maximum,first in producer sample order; tie count unavailable,unavailable,unavailable,16208,16256
6b089d284c00a4418a1d3af4,zsre,R1_learned_ff,1,100,1000,full_validation,capoff,loss,complete,245237,245237,0.0025530209,0.0026631467,0.053262935,0.26631467,8.9539876,"{""0.01"":{""count"":402,""denominator"":245237},""0.1"":{""count"":388,""denominator"":245237},""1.0"":{""count"":200,""denominator"":245237}}",1.0025563,False,8.9539876,w892:p15,1,signed maximum,first in producer window/position order; exact equality,"{""count"":244768,""denominator"":245237}","{""count"":244829,""denominator"":245237}",unavailable,unavailable
6b089d284c00a4418a1d3af4,zsre,R1_learned_ff,1,100,1000,full_validation,capoff,kl,complete,245237,245237,0.0024479696,0.0024479696,0.048959393,0.24479696,7.6764952,"{""0.01"":{""count"":467,""denominator"":245237},""0.1"":{""count"":445,""denominator"":245237},""1.0"":{""count"":183,""denominator"":245237}}",unavailable,unavailable,7.6764952,w892:p15,1,signed maximum,first in producer window/position order; exact equality,"{""count"":244768,""denominator"":245237}","{""count"":244768,""denominator"":245237}",unavailable,unavailable
6b089d284c00a4418a1d3af4,zsre,R1_learned_ff,1,100,1000,full_validation,original,loss,complete,245237,245237,0.0025530209,0.0026631467,0.053262935,0.26631467,8.9539876,"{""0.01"":{""count"":402,""denominator"":245237},""0.1"":{""count"":388,""denominator"":245237},""1.0"":{""count"":200,""denominator"":245237}}",1.0025563,False,8.9539876,w892:p15,1,signed maximum,first in producer window/position order; exact equality,"{""count"":244768,""denominator"":245237}","{""count"":244829,""denominator"":245237}",unavailable,unavailable
6b089d284c00a4418a1d3af4,zsre,R1_learned_ff,1,100,1000,full_validation,original,kl,complete,245237,245237,0.0024479696,0.0024479696,0.048959393,0.24479696,7.6764952,"{""0.01"":{""count"":467,""denominator"":245237},""0.1"":{""count"":445,""denominator"":245237},""1.0"":{""count"":183,""denominator"":245237}}",unavailable,unavailable,7.6764952,w892:p15,1,signed maximum,first in producer window/position order; exact equality,"{""count"":244768,""denominator"":245237}","{""count"":244768,""denominator"":245237}",unavailable,unavailable
47dac9d968ffe594faac0a14,zsre,R1_learned_ff,1,101,100,sampled_drift,original,loss,complete,16256,16256,0.0024484215,0.0026621722,0.053243443,0.26621722,6.2589123,"{""0.01"":40,""0.1"":34,""1.0"":13}",1.0024514,False,unavailable,w57:p39,unavailable,positive-part maximum,first in producer sample order; tie count unavailable,unavailable,unavailable,16215,16256
47dac9d968ffe594faac0a14,zsre,R1_learned_ff,1,101,100,sampled_drift,capoff,loss,complete,16256,16256,0.0024484215,0.0026621722,0.053243443,0.26621722,6.2589123,"{""0.01"":40,""0.1"":34,""1.0"":13}",1.0024514,False,unavailable,w57:p39,unavailable,positive-part maximum,first in producer sample order; tie count unavailable,unavailable,unavailable,16215,16256
47dac9d968ffe594faac0a14,zsre,R1_learned_ff,1,101,300,sampled_drift,original,loss,complete,16256,16256,0.0029638748,0.003168677,0.063373539,0.3168677,5.3900655,"{""0.01"":38,""0.1"":35,""1.0"":17}",1.0029683,False,unavailable,w91:p88,unavailable,positive-part maximum,first in producer sample order; tie count unavailable,unavailable,unavailable,16215,16256
47dac9d968ffe594faac0a14,zsre,R1_learned_ff,1,101,300,sampled_drift,capoff,loss,complete,16256,16256,0.0029638748,0.003168677,0.063373539,0.3168677,5.3900655,"{""0.01"":38,""0.1"":35,""1.0"":17}",1.0029683,False,unavailable,w91:p88,unavailable,positive-part maximum,first in producer sample order; tie count unavailable,unavailable,unavailable,16215,16256
47dac9d968ffe594faac0a14,zsre,R1_learned_ff,1,101,1000,sampled_drift,original,loss,complete,16256,16256,0.0045930384,0.0047521789,0.095043578,0.47521789,8.233111,"{""0.01"":46,""0.1"":45,""1.0"":23}",1.0046036,False,unavailable,w104:p77,unavailable,positive-part maximum,first in producer sample order; tie count unavailable,unavailable,unavailable,16208,16256
47dac9d968ffe594faac0a14,zsre,R1_learned_ff,1,101,1000,sampled_drift,capoff,loss,complete,16256,16256,0.0045930384,0.0047521789,0.095043578,0.47521789,8.233111,"{""0.01"":46,""0.1"":45,""1.0"":23}",1.0046036,False,unavailable,w104:p77,unavailable,positive-part maximum,first in producer sample order; tie count unavailable,unavailable,unavailable,16208,16256
47dac9d968ffe594faac0a14,zsre,R1_learned_ff,1,101,1000,full_validation,capoff,loss,complete,245237,245237,0.0025530209,0.0026631467,0.053262935,0.26631467,8.9539876,"{""0.01"":{""count"":402,""denominator"":245237},""0.1"":{""count"":388,""denominator"":245237},""1.0"":{""count"":200,""denominator"":245237}}",1.0025563,False,8.9539876,w892:p15,1,signed maximum,first in producer window/position order; exact equality,"{""count"":244768,""denominator"":245237}","{""count"":244829,""denominator"":245237}",unavailable,unavailable
47dac9d968ffe594faac0a14,zsre,R1_learned_ff,1,101,1000,full_validation,capoff,kl,complete,245237,245237,0.0024479696,0.0024479696,0.048959393,0.24479696,7.6764952,"{""0.01"":{""count"":467,""denominator"":245237},""0.1"":{""count"":445,""denominator"":245237},""1.0"":{""count"":183,""denominator"":245237}}",unavailable,unavailable,7.6764952,w892:p15,1,signed maximum,first in producer window/position order; exact equality,"{""count"":244768,""denominator"":245237}","{""count"":244768,""denominator"":245237}",unavailable,unavailable
47dac9d968ffe594faac0a14,zsre,R1_learned_ff,1,101,1000,full_validation,original,loss,complete,245237,245237,0.0025530209,0.0026631467,0.053262935,0.26631467,8.9539876,"{""0.01"":{""count"":402,""denominator"":245237},""0.1"":{""count"":388,""denominator"":245237},""1.0"":{""count"":200,""denominator"":245237}}",1.0025563,False,8.9539876,w892:p15,1,signed maximum,first in producer window/position order; exact equality,"{""count"":244768,""denominator"":245237}","{""count"":244829,""denominator"":245237}",unavailable,unavailable
47dac9d968ffe594faac0a14,zsre,R1_learned_ff,1,101,1000,full_validation,original,kl,complete,245237,245237,0.0024479696,0.0024479696,0.048959393,0.24479696,7.6764952,"{""0.01"":{""count"":467,""denominator"":245237},""0.1"":{""count"":445,""denominator"":245237},""1.0"":{""count"":183,""denominator"":245237}}",unavailable,unavailable,7.6764952,w892:p15,1,signed maximum,first in producer window/position order; exact equality,"{""count"":244768,""denominator"":245237}","{""count"":244768,""denominator"":245237}",unavailable,unavailable
4eda9e6155b2755508e13091,zsre,R1_learned_ff,1,102,100,sampled_drift,original,loss,complete,16256,16256,0.0014764753,0.00171394,0.034278801,0.171394,5.7924012,"{""0.01"":30,""0.1"":28,""1.0"":9}",1.0014776,False,unavailable,w31:p41,unavailable,positive-part maximum,first in producer sample order; tie count unavailable,unavailable,unavailable,16223,16256
4eda9e6155b2755508e13091,zsre,R1_learned_ff,1,102,100,sampled_drift,capoff,loss,complete,16256,16256,0.0014764753,0.00171394,0.034278801,0.171394,5.7924012,"{""0.01"":30,""0.1"":28,""1.0"":9}",1.0014776,False,unavailable,w31:p41,unavailable,positive-part maximum,first in producer sample order; tie count unavailable,unavailable,unavailable,16223,16256
4eda9e6155b2755508e13091,zsre,R1_learned_ff,1,102,300,sampled_drift,original,loss,complete,16256,16256,0.0043216024,0.0046454031,0.092908063,0.46454031,8.233111,"{""0.01"":51,""0.1"":49,""1.0"":24}",1.004331,False,unavailable,w104:p77,unavailable,positive-part maximum,first in producer sample order; tie count unavailable,unavailable,unavailable,16202,16256
4eda9e6155b2755508e13091,zsre,R1_learned_ff,1,102,300,sampled_drift,capoff,loss,complete,16256,16256,0.0043216024,0.0046454031,0.092908063,0.46454031,8.233111,"{""0.01"":51,""0.1"":49,""1.0"":24}",1.004331,False,unavailable,w104:p77,unavailable,positive-part maximum,first in producer sample order; tie count unavailable,unavailable,unavailable,16202,16256
4eda9e6155b2755508e13091,zsre,R1_learned_ff,1,102,1000,sampled_drift,original,loss,complete,16256,16256,0.0045930384,0.0047521789,0.095043578,0.47521789,8.233111,"{""0.01"":46,""0.1"":45,""1.0"":23}",1.0046036,False,unavailable,w104:p77,unavailable,positive-part maximum,first in producer sample order; tie count unavailable,unavailable,unavailable,16208,16256
4eda9e6155b2755508e13091,zsre,R1_learned_ff,1,102,1000,sampled_drift,capoff,loss,complete,16256,16256,0.0045930384,0.0047521789,0.095043578,0.47521789,8.233111,"{""0.01"":46,""0.1"":45,""1.0"":23}",1.0046036,False,unavailable,w104:p77,unavailable,positive-part maximum,first in producer sample order; tie count unavailable,unavailable,unavailable,16208,16256
4eda9e6155b2755508e13091,zsre,R1_learned_ff,1,102,1000,full_validation,capoff,loss,complete,245237,245237,0.0025530209,0.0026631467,0.053262935,0.26631467,8.9539876,"{""0.01"":{""count"":402,""denominator"":245237},""0.1"":{""count"":388,""denominator"":245237},""1.0"":{""count"":200,""denominator"":245237}}",1.0025563,False,8.9539876,w892:p15,1,signed maximum,first in producer window/position order; exact equality,"{""count"":244768,""denominator"":245237}","{""count"":244829,""denominator"":245237}",unavailable,unavailable
4eda9e6155b2755508e13091,zsre,R1_learned_ff,1,102,1000,full_validation,capoff,kl,complete,245237,245237,0.0024479696,0.0024479696,0.048959393,0.24479696,7.6764952,"{""0.01"":{""count"":467,""denominator"":245237},""0.1"":{""count"":445,""denominator"":245237},""1.0"":{""count"":183,""denominator"":245237}}",unavailable,unavailable,7.6764952,w892:p15,1,signed maximum,first in producer window/position order; exact equality,"{""count"":244768,""denominator"":245237}","{""count"":244768,""denominator"":245237}",unavailable,unavailable
4eda9e6155b2755508e13091,zsre,R1_learned_ff,1,102,1000,full_validation,original,loss,complete,245237,245237,0.0025530209,0.0026631467,0.053262935,0.26631467,8.9539876,"{""0.01"":{""count"":402,""denominator"":245237},""0.1"":{""count"":388,""denominator"":245237},""1.0"":{""count"":200,""denominator"":245237}}",1.0025563,False,8.9539876,w892:p15,1,signed maximum,first in producer window/position order; exact equality,"{""count"":244768,""denominator"":245237}","{""count"":244829,""denominator"":245237}",unavailable,unavailable
4eda9e6155b2755508e13091,zsre,R1_learned_ff,1,102,1000,full_validation,original,kl,complete,245237,245237,0.0024479696,0.0024479696,0.048959393,0.24479696,7.6764952,"{""0.01"":{""count"":467,""denominator"":245237},""0.1"":{""count"":445,""denominator"":245237},""1.0"":{""count"":183,""denominator"":245237}}",unavailable,unavailable,7.6764952,w892:p15,1,signed maximum,first in producer window/position order; exact equality,"{""count"":244768,""denominator"":245237}","{""count"":244768,""denominator"":245237}",unavailable,unavailable
ab774e229a65298fdc117c96,zsre,R1_learned_ff,1,103,100,sampled_drift,original,loss,complete,16256,16256,0.0011063432,0.0011385804,0.022771609,0.11385804,5.3286814,"{""0.01"":17,""0.1"":16,""1.0"":6}",1.001107,False,unavailable,w0:p16,unavailable,positive-part maximum,first in producer sample order; tie count unavailable,unavailable,unavailable,16239,16256
ab774e229a65298fdc117c96,zsre,R1_learned_ff,1,103,100,sampled_drift,capoff,loss,complete,16256,16256,0.0011063432,0.0011385804,0.022771609,0.11385804,5.3286814,"{""0.01"":17,""0.1"":16,""1.0"":6}",1.001107,False,unavailable,w0:p16,unavailable,positive-part maximum,first in producer sample order; tie count unavailable,unavailable,unavailable,16239,16256
ab774e229a65298fdc117c96,zsre,R1_learned_ff,1,103,300,sampled_drift,original,loss,complete,16256,16256,0.0025457579,0.0026182671,0.052365342,0.26182671,5.3286814,"{""0.01"":23,""0.1"":23,""1.0"":15}",1.002549,False,unavailable,w0:p16,unavailable,positive-part maximum,first in producer sample order; tie count unavailable,unavailable,unavailable,16232,16256
ab774e229a65298fdc117c96,zsre,R1_learned_ff,1,103,300,sampled_drift,capoff,loss,complete,16256,16256,0.0025457579,0.0026182671,0.052365342,0.26182671,5.3286814,"{""0.01"":23,""0.1"":23,""1.0"":15}",1.002549,False,unavailable,w0:p16,unavailable,positive-part maximum,first in producer sample order; tie count unavailable,unavailable,unavailable,16232,16256
ab774e229a65298fdc117c96,zsre,R1_learned_ff,1,103,1000,sampled_drift,original,loss,complete,16256,16256,0.0045930384,0.0047521789,0.095043578,0.47521789,8.233111,"{""0.01"":46,""0.1"":45,""1.0"":23}",1.0046036,False,unavailable,w104:p77,unavailable,positive-part maximum,first in producer sample order; tie count unavailable,unavailable,unavailable,16208,16256
ab774e229a65298fdc117c96,zsre,R1_learned_ff,1,103,1000,sampled_drift,capoff,loss,complete,16256,16256,0.0045930384,0.0047521789,0.095043578,0.47521789,8.233111,"{""0.01"":46,""0.1"":45,""1.0"":23}",1.0046036,False,unavailable,w104:p77,unavailable,positive-part maximum,first in producer sample order; tie count unavailable,unavailable,unavailable,16208,16256
ab774e229a65298fdc117c96,zsre,R1_learned_ff,1,103,1000,full_validation,capoff,loss,complete,245237,245237,0.0025530209,0.0026631467,0.053262935,0.26631467,8.9539876,"{""0.01"":{""count"":402,""denominator"":245237},""0.1"":{""count"":388,""denominator"":245237},""1.0"":{""count"":200,""denominator"":245237}}",1.0025563,False,8.9539876,w892:p15,1,signed maximum,first in producer window/position order; exact equality,"{""count"":244768,""denominator"":245237}","{""count"":244829,""denominator"":245237}",unavailable,unavailable
ab774e229a65298fdc117c96,zsre,R1_learned_ff,1,103,1000,full_validation,capoff,kl,complete,245237,245237,0.0024479696,0.0024479696,0.048959393,0.24479696,7.6764952,"{""0.01"":{""count"":467,""denominator"":245237},""0.1"":{""count"":445,""denominator"":245237},""1.0"":{""count"":183,""denominator"":245237}}",unavailable,unavailable,7.6764952,w892:p15,1,signed maximum,first in producer window/position order; exact equality,"{""count"":244768,""denominator"":245237}","{""count"":244768,""denominator"":245237}",unavailable,unavailable
ab774e229a65298fdc117c96,zsre,R1_learned_ff,1,103,1000,full_validation,original,loss,complete,245237,245237,0.0025530209,0.0026631467,0.053262935,0.26631467,8.9539876,"{""0.01"":{""count"":402,""denominator"":245237},""0.1"":{""count"":388,""denominator"":245237},""1.0"":{""count"":200,""denominator"":245237}}",1.0025563,False,8.9539876,w892:p15,1,signed maximum,first in producer window/position order; exact equality,"{""count"":244768,""denominator"":245237}","{""count"":244829,""denominator"":245237}",unavailable,unavailable
ab774e229a65298fdc117c96,zsre,R1_learned_ff,1,103,1000,full_validation,original,kl,complete,245237,245237,0.0024479696,0.0024479696,0.048959393,0.24479696,7.6764952,"{""0.01"":{""count"":467,""denominator"":245237},""0.1"":{""count"":445,""denominator"":245237},""1.0"":{""count"":183,""denominator"":245237}}",unavailable,unavailable,7.6764952,w892:p15,1,signed maximum,first in producer window/position order; exact equality,"{""count"":244768,""denominator"":245237}","{""count"":244768,""denominator"":245237}",unavailable,unavailable
b4e7dc307a1f895a8fec997a,zsre,R1_learned_ff,1,104,100,sampled_drift,original,loss,complete,16256,16256,0.0020177551,0.002201095,0.044021901,0.2201095,4.2209092,"{""0.01"":29,""0.1"":26,""1.0"":14}",1.0020198,False,unavailable,w65:p31,unavailable,positive-part maximum,first in producer sample order; tie count unavailable,unavailable,unavailable,16226,16256
b4e7dc307a1f895a8fec997a,zsre,R1_learned_ff,1,104,100,sampled_drift,capoff,loss,complete,16256,16256,0.0020177551,0.002201095,0.044021901,0.2201095,4.2209092,"{""0.01"":29,""0.1"":26,""1.0"":14}",1.0020198,False,unavailable,w65:p31,unavailable,positive-part maximum,first in producer sample order; tie count unavailable,unavailable,unavailable,16226,16256
b4e7dc307a1f895a8fec997a,zsre,R1_learned_ff,1,104,300,sampled_drift,original,loss,complete,16256,16256,0.0036744687,0.0037476552,0.074953103,0.37476552,8.233111,"{""0.01"":30,""0.1"":29,""1.0"":20}",1.0036812,False,unavailable,w104:p77,unavailable,positive-part maximum,first in producer sample order; tie count unavailable,unavailable,unavailable,16225,16256
b4e7dc307a1f895a8fec997a,zsre,R1_learned_ff,1,104,300,sampled_drift,capoff,loss,complete,16256,16256,0.0036744687,0.0037476552,0.074953103,0.37476552,8.233111,"{""0.01"":30,""0.1"":29,""1.0"":20}",1.0036812,False,unavailable,w104:p77,unavailable,positive-part maximum,first in producer sample order; tie count unavailable,unavailable,unavailable,16225,16256
b4e7dc307a1f895a8fec997a,zsre,R1_learned_ff,1,104,1000,sampled_drift,original,loss,complete,16256,16256,0.0045930384,0.0047521789,0.095043578,0.47521789,8.233111,"{""0.01"":46,""0.1"":45,""1.0"":23}",1.0046036,False,unavailable,w104:p77,unavailable,positive-part maximum,first in producer sample order; tie count unavailable,unavailable,unavailable,16208,16256
b4e7dc307a1f895a8fec997a,zsre,R1_learned_ff,1,104,1000,sampled_drift,capoff,loss,complete,16256,16256,0.0045930384,0.0047521789,0.095043578,0.47521789,8.233111,"{""0.01"":46,""0.1"":45,""1.0"":23}",1.0046036,False,unavailable,w104:p77,unavailable,positive-part maximum,first in producer sample order; tie count unavailable,unavailable,unavailable,16208,16256
b4e7dc307a1f895a8fec997a,zsre,R1_learned_ff,1,104,1000,full_validation,capoff,loss,complete,245237,245237,0.0025530209,0.0026631467,0.053262935,0.26631467,8.9539876,"{""0.01"":{""count"":402,""denominator"":245237},""0.1"":{""count"":388,""denominator"":245237},""1.0"":{""count"":200,""denominator"":245237}}",1.0025563,False,8.9539876,w892:p15,1,signed maximum,first in producer window/position order; exact equality,"{""count"":244768,""denominator"":245237}","{""count"":244829,""denominator"":245237}",unavailable,unavailable
b4e7dc307a1f895a8fec997a,zsre,R1_learned_ff,1,104,1000,full_validation,capoff,kl,complete,245237,245237,0.0024479696,0.0024479696,0.048959393,0.24479696,7.6764952,"{""0.01"":{""count"":467,""denominator"":245237},""0.1"":{""count"":445,""denominator"":245237},""1.0"":{""count"":183,""denominator"":245237}}",unavailable,unavailable,7.6764952,w892:p15,1,signed maximum,first in producer window/position order; exact equality,"{""count"":244768,""denominator"":245237}","{""count"":244768,""denominator"":245237}",unavailable,unavailable
b4e7dc307a1f895a8fec997a,zsre,R1_learned_ff,1,104,1000,full_validation,original,loss,complete,245237,245237,0.0025530209,0.0026631467,0.053262935,0.26631467,8.9539876,"{""0.01"":{""count"":402,""denominator"":245237},""0.1"":{""count"":388,""denominator"":245237},""1.0"":{""count"":200,""denominator"":245237}}",1.0025563,False,8.9539876,w892:p15,1,signed maximum,first in producer window/position order; exact equality,"{""count"":244768,""denominator"":245237}","{""count"":244829,""denominator"":245237}",unavailable,unavailable
b4e7dc307a1f895a8fec997a,zsre,R1_learned_ff,1,104,1000,full_validation,original,kl,complete,245237,245237,0.0024479696,0.0024479696,0.048959393,0.24479696,7.6764952,"{""0.01"":{""count"":467,""denominator"":245237},""0.1"":{""count"":445,""denominator"":245237},""1.0"":{""count"":183,""denominator"":245237}}",unavailable,unavailable,7.6764952,w892:p15,1,signed maximum,first in producer window/position order; exact equality,"{""count"":244768,""denominator"":245237}","{""count"":244768,""denominator"":245237}",unavailable,unavailable
826332f387bd487a045d412f,counterfact,R1_learned_ff,1,100,100,sampled_drift,original,loss,complete,16256,16256,0.0022661722,0.0023763251,0.047526502,0.23763251,7.6226686,"{""0.01"":19,""0.1"":19,""1.0"":11}",1.0022687,False,unavailable,w106:p54,unavailable,positive-part maximum,first in producer sample order; tie count unavailable,unavailable,unavailable,16237,16256
826332f387bd487a045d412f,counterfact,R1_learned_ff,1,100,100,sampled_drift,capoff,loss,complete,16256,16256,0.0022661722,0.0023763251,0.047526502,0.23763251,7.6226686,"{""0.01"":19,""0.1"":19,""1.0"":11}",1.0022687,False,unavailable,w106:p54,unavailable,positive-part maximum,first in producer sample order; tie count unavailable,unavailable,unavailable,16237,16256
826332f387bd487a045d412f,counterfact,R1_learned_ff,1,100,300,sampled_drift,original,loss,complete,16256,16256,0.0033324658,0.003481742,0.069634841,0.3481742,7.6226686,"{""0.01"":22,""0.1"":22,""1.0"":16}",1.003338,False,unavailable,w106:p54,unavailable,positive-part maximum,first in producer sample order; tie count unavailable,unavailable,unavailable,16234,16256
826332f387bd487a045d412f,counterfact,R1_learned_ff,1,100,300,sampled_drift,capoff,loss,complete,16256,16256,0.0033324658,0.003481742,0.069634841,0.3481742,7.6226686,"{""0.01"":22,""0.1"":22,""1.0"":16}",1.003338,False,unavailable,w106:p54,unavailable,positive-part maximum,first in producer sample order; tie count unavailable,unavailable,unavailable,16234,16256
826332f387bd487a045d412f,counterfact,R1_learned_ff,1,100,1000,sampled_drift,original,loss,complete,16256,16256,0.0064329091,0.0068873477,0.13774695,0.68873477,10.534408,"{""0.01"":62,""0.1"":60,""1.0"":36}",1.0064536,False,unavailable,w124:p51,unavailable,positive-part maximum,first in producer sample order; tie count unavailable,unavailable,unavailable,16193,16256
826332f387bd487a045d412f,counterfact,R1_learned_ff,1,100,1000,sampled_drift,capoff,loss,complete,16256,16256,0.0064329091,0.0068873477,0.13774695,0.68873477,10.534408,"{""0.01"":62,""0.1"":60,""1.0"":36}",1.0064536,False,unavailable,w124:p51,unavailable,positive-part maximum,first in producer sample order; tie count unavailable,unavailable,unavailable,16193,16256
826332f387bd487a045d412f,counterfact,R1_learned_ff,1,100,1000,full_validation,capoff,loss,complete,245237,245237,0.0046208014,0.0047987629,0.095975258,0.47987629,11.365768,"{""0.01"":{""count"":646,""denominator"":245237},""0.1"":{""count"":621,""denominator"":245237},""1.0"":{""count"":357,""denominator"":245237}}",1.0046315,False,11.365768,w222:p59,1,signed maximum,first in producer window/position order; exact equality,"{""count"":244492,""denominator"":245237}","{""count"":244587,""denominator"":245237}",unavailable,unavailable
826332f387bd487a045d412f,counterfact,R1_learned_ff,1,100,1000,full_validation,capoff,kl,complete,245237,245237,0.0047278624,0.0047278624,0.094557247,0.47278624,10.104499,"{""0.01"":{""count"":740,""denominator"":245237},""0.1"":{""count"":711,""denominator"":245237},""1.0"":{""count"":336,""denominator"":245237}}",unavailable,unavailable,10.104499,w222:p59,1,signed maximum,first in producer window/position order; exact equality,"{""count"":244492,""denominator"":245237}","{""count"":244492,""denominator"":245237}",unavailable,unavailable
826332f387bd487a045d412f,counterfact,R1_learned_ff,1,100,1000,full_validation,original,loss,complete,245237,245237,0.0046208014,0.0047987629,0.095975258,0.47987629,11.365768,"{""0.01"":{""count"":646,""denominator"":245237},""0.1"":{""count"":621,""denominator"":245237},""1.0"":{""count"":357,""denominator"":245237}}",1.0046315,False,11.365768,w222:p59,1,signed maximum,first in producer window/position order; exact equality,"{""count"":244492,""denominator"":245237}","{""count"":244587,""denominator"":245237}",unavailable,unavailable
826332f387bd487a045d412f,counterfact,R1_learned_ff,1,100,1000,full_validation,original,kl,complete,245237,245237,0.0047278624,0.0047278624,0.094557247,0.47278624,10.104499,"{""0.01"":{""count"":740,""denominator"":245237},""0.1"":{""count"":711,""denominator"":245237},""1.0"":{""count"":336,""denominator"":245237}}",unavailable,unavailable,10.104499,w222:p59,1,signed maximum,first in producer window/position order; exact equality,"{""count"":244492,""denominator"":245237}","{""count"":244492,""denominator"":245237}",unavailable,unavailable
14d45f0e87126104057518af,counterfact,R1_learned_ff,1,101,100,sampled_drift,original,loss,complete,16256,16256,0.0017676381,0.001827948,0.036558959,0.1827948,5.4668216,"{""0.01"":23,""0.1"":21,""1.0"":10}",1.0017692,False,unavailable,w22:p25,unavailable,positive-part maximum,first in producer sample order; tie count unavailable,unavailable,unavailable,16233,16256
14d45f0e87126104057518af,counterfact,R1_learned_ff,1,101,100,sampled_drift,capoff,loss,complete,16256,16256,0.0017676381,0.001827948,0.036558959,0.1827948,5.4668216,"{""0.01"":23,""0.1"":21,""1.0"":10}",1.0017692,False,unavailable,w22:p25,unavailable,positive-part maximum,first in producer sample order; tie count unavailable,unavailable,unavailable,16233,16256
14d45f0e87126104057518af,counterfact,R1_learned_ff,1,101,300,sampled_drift,original,loss,complete,16256,16256,0.0054881705,0.0056842214,0.11368443,0.56842214,6.0083853,"{""0.01"":52,""0.1"":50,""1.0"":28}",1.0055033,False,unavailable,w22:p33,unavailable,positive-part maximum,first in producer sample order; tie count unavailable,unavailable,unavailable,16204,16256
14d45f0e87126104057518af,counterfact,R1_learned_ff,1,101,300,sampled_drift,capoff,loss,complete,16256,16256,0.0054881705,0.0056842214,0.11368443,0.56842214,6.0083853,"{""0.01"":52,""0.1"":50,""1.0"":28}",1.0055033,False,unavailable,w22:p33,unavailable,positive-part maximum,first in producer sample order; tie count unavailable,unavailable,unavailable,16204,16256
14d45f0e87126104057518af,counterfact,R1_learned_ff,1,101,1000,sampled_drift,original,loss,complete,16256,16256,0.0064329091,0.0068873477,0.13774695,0.68873477,10.534408,"{""0.01"":62,""0.1"":60,""1.0"":36}",1.0064536,False,unavailable,w124:p51,unavailable,positive-part maximum,first in producer sample order; tie count unavailable,unavailable,unavailable,16193,16256
14d45f0e87126104057518af,counterfact,R1_learned_ff,1,101,1000,sampled_drift,capoff,loss,complete,16256,16256,0.0064329091,0.0068873477,0.13774695,0.68873477,10.534408,"{""0.01"":62,""0.1"":60,""1.0"":36}",1.0064536,False,unavailable,w124:p51,unavailable,positive-part maximum,first in producer sample order; tie count unavailable,unavailable,unavailable,16193,16256
14d45f0e87126104057518af,counterfact,R1_learned_ff,1,101,1000,full_validation,capoff,loss,complete,245237,245237,0.0046208014,0.0047987629,0.095975258,0.47987629,11.365768,"{""0.01"":{""count"":646,""denominator"":245237},""0.1"":{""count"":621,""denominator"":245237},""1.0"":{""count"":357,""denominator"":245237}}",1.0046315,False,11.365768,w222:p59,1,signed maximum,first in producer window/position order; exact equality,"{""count"":244492,""denominator"":245237}","{""count"":244587,""denominator"":245237}",unavailable,unavailable
14d45f0e87126104057518af,counterfact,R1_learned_ff,1,101,1000,full_validation,capoff,kl,complete,245237,245237,0.0047278624,0.0047278624,0.094557247,0.47278624,10.104499,"{""0.01"":{""count"":740,""denominator"":245237},""0.1"":{""count"":711,""denominator"":245237},""1.0"":{""count"":336,""denominator"":245237}}",unavailable,unavailable,10.104499,w222:p59,1,signed maximum,first in producer window/position order; exact equality,"{""count"":244492,""denominator"":245237}","{""count"":244492,""denominator"":245237}",unavailable,unavailable
14d45f0e87126104057518af,counterfact,R1_learned_ff,1,101,1000,full_validation,original,loss,complete,245237,245237,0.0046208014,0.0047987629,0.095975258,0.47987629,11.365768,"{""0.01"":{""count"":646,""denominator"":245237},""0.1"":{""count"":621,""denominator"":245237},""1.0"":{""count"":357,""denominator"":245237}}",1.0046315,False,11.365768,w222:p59,1,signed maximum,first in producer window/position order; exact equality,"{""count"":244492,""denominator"":245237}","{""count"":244587,""denominator"":245237}",unavailable,unavailable
14d45f0e87126104057518af,counterfact,R1_learned_ff,1,101,1000,full_validation,original,kl,complete,245237,245237,0.0047278624,0.0047278624,0.094557247,0.47278624,10.104499,"{""0.01"":{""count"":740,""denominator"":245237},""0.1"":{""count"":711,""denominator"":245237},""1.0"":{""count"":336,""denominator"":245237}}",unavailable,unavailable,10.104499,w222:p59,1,signed maximum,first in producer window/position order; exact equality,"{""count"":244492,""denominator"":245237}","{""count"":244492,""denominator"":245237}",unavailable,unavailable
960d0adeb6cacfcfce93d546,counterfact,R1_learned_ff,1,102,100,sampled_drift,original,loss,complete,16256,16256,0.004305254,0.0044768113,0.089536226,0.44768113,11.909426,"{""0.01"":33,""0.1"":30,""1.0"":20}",1.0043145,False,unavailable,w96:p49,unavailable,positive-part maximum,first in producer sample order; tie count unavailable,unavailable,unavailable,16223,16256
960d0adeb6cacfcfce93d546,counterfact,R1_learned_ff,1,102,100,sampled_drift,capoff,loss,complete,16256,16256,0.004305254,0.0044768113,0.089536226,0.44768113,11.909426,"{""0.01"":33,""0.1"":30,""1.0"":20}",1.0043145,False,unavailable,w96:p49,unavailable,positive-part maximum,first in producer sample order; tie count unavailable,unavailable,unavailable,16223,16256
960d0adeb6cacfcfce93d546,counterfact,R1_learned_ff,1,102,300,sampled_drift,original,loss,complete,16256,16256,0.0062373976,0.0065106634,0.13021327,0.65106634,11.909426,"{""0.01"":53,""0.1"":49,""1.0"":27}",1.0062569,False,unavailable,w96:p49,unavailable,positive-part maximum,first in producer sample order; tie count unavailable,unavailable,unavailable,16203,16256
960d0adeb6cacfcfce93d546,counterfact,R1_learned_ff,1,102,300,sampled_drift,capoff,loss,complete,16256,16256,0.0062373976,0.0065106634,0.13021327,0.65106634,11.909426,"{""0.01"":53,""0.1"":49,""1.0"":27}",1.0062569,False,unavailable,w96:p49,unavailable,positive-part maximum,first in producer sample order; tie count unavailable,unavailable,unavailable,16203,16256
960d0adeb6cacfcfce93d546,counterfact,R1_learned_ff,1,102,1000,sampled_drift,original,loss,complete,16256,16256,0.0064329091,0.0068873477,0.13774695,0.68873477,10.534408,"{""0.01"":62,""0.1"":60,""1.0"":36}",1.0064536,False,unavailable,w124:p51,unavailable,positive-part maximum,first in producer sample order; tie count unavailable,unavailable,unavailable,16193,16256
960d0adeb6cacfcfce93d546,counterfact,R1_learned_ff,1,102,1000,sampled_drift,capoff,loss,complete,16256,16256,0.0064329091,0.0068873477,0.13774695,0.68873477,10.534408,"{""0.01"":62,""0.1"":60,""1.0"":36}",1.0064536,False,unavailable,w124:p51,unavailable,positive-part maximum,first in producer sample order; tie count unavailable,unavailable,unavailable,16193,16256
960d0adeb6cacfcfce93d546,counterfact,R1_learned_ff,1,102,1000,full_validation,capoff,loss,complete,245237,245237,0.0046208014,0.0047987629,0.095975258,0.47987629,11.365768,"{""0.01"":{""count"":646,""denominator"":245237},""0.1"":{""count"":621,""denominator"":245237},""1.0"":{""count"":357,""denominator"":245237}}",1.0046315,False,11.365768,w222:p59,1,signed maximum,first in producer window/position order; exact equality,"{""count"":244492,""denominator"":245237}","{""count"":244587,""denominator"":245237}",unavailable,unavailable
960d0adeb6cacfcfce93d546,counterfact,R1_learned_ff,1,102,1000,full_validation,capoff,kl,complete,245237,245237,0.0047278624,0.0047278624,0.094557247,0.47278624,10.104499,"{""0.01"":{""count"":740,""denominator"":245237},""0.1"":{""count"":711,""denominator"":245237},""1.0"":{""count"":336,""denominator"":245237}}",unavailable,unavailable,10.104499,w222:p59,1,signed maximum,first in producer window/position order; exact equality,"{""count"":244492,""denominator"":245237}","{""count"":244492,""denominator"":245237}",unavailable,unavailable
960d0adeb6cacfcfce93d546,counterfact,R1_learned_ff,1,102,1000,full_validation,original,loss,complete,245237,245237,0.0046208014,0.0047987629,0.095975258,0.47987629,11.365768,"{""0.01"":{""count"":646,""denominator"":245237},""0.1"":{""count"":621,""denominator"":245237},""1.0"":{""count"":357,""denominator"":245237}}",1.0046315,False,11.365768,w222:p59,1,signed maximum,first in producer window/position order; exact equality,"{""count"":244492,""denominator"":245237}","{""count"":244587,""denominator"":245237}",unavailable,unavailable
960d0adeb6cacfcfce93d546,counterfact,R1_learned_ff,1,102,1000,full_validation,original,kl,complete,245237,245237,0.0047278624,0.0047278624,0.094557247,0.47278624,10.104499,"{""0.01"":{""count"":740,""denominator"":245237},""0.1"":{""count"":711,""denominator"":245237},""1.0"":{""count"":336,""denominator"":245237}}",unavailable,unavailable,10.104499,w222:p59,1,signed maximum,first in producer window/position order; exact equality,"{""count"":244492,""denominator"":245237}","{""count"":244492,""denominator"":245237}",unavailable,unavailable
6840a40e6e5c90bdc40b89b0,counterfact,R1_learned_ff,1,103,100,sampled_drift,original,loss,complete,16256,16256,0.0015083851,0.0015083851,0.030167702,0.15083851,10.534408,"{""0.01"":10,""0.1"":10,""1.0"":5}",1.0015095,False,unavailable,w124:p51,unavailable,positive-part maximum,first in producer sample order; tie count unavailable,unavailable,unavailable,16246,16256
6840a40e6e5c90bdc40b89b0,counterfact,R1_learned_ff,1,103,100,sampled_drift,capoff,loss,complete,16256,16256,0.0015083851,0.0015083851,0.030167702,0.15083851,10.534408,"{""0.01"":10,""0.1"":10,""1.0"":5}",1.0015095,False,unavailable,w124:p51,unavailable,positive-part maximum,first in producer sample order; tie count unavailable,unavailable,unavailable,16246,16256
6840a40e6e5c90bdc40b89b0,counterfact,R1_learned_ff,1,103,300,sampled_drift,original,loss,complete,16256,16256,0.0064324574,0.0066075425,0.13215085,0.66075425,10.534408,"{""0.01"":58,""0.1"":56,""1.0"":29}",1.0064532,False,unavailable,w124:p51,unavailable,positive-part maximum,first in producer sample order; tie count unavailable,unavailable,unavailable,16197,16256
6840a40e6e5c90bdc40b89b0,counterfact,R1_learned_ff,1,103,300,sampled_drift,capoff,loss,complete,16256,16256,0.0064324574,0.0066075425,0.13215085,0.66075425,10.534408,"{""0.01"":58,""0.1"":56,""1.0"":29}",1.0064532,False,unavailable,w124:p51,unavailable,positive-part maximum,first in producer sample order; tie count unavailable,unavailable,unavailable,16197,16256
6840a40e6e5c90bdc40b89b0,counterfact,R1_learned_ff,1,103,1000,sampled_drift,original,loss,complete,16256,16256,0.0064329091,0.0068873477,0.13774695,0.68873477,10.534408,"{""0.01"":62,""0.1"":60,""1.0"":36}",1.0064536,False,unavailable,w124:p51,unavailable,positive-part maximum,first in producer sample order; tie count unavailable,unavailable,unavailable,16193,16256
6840a40e6e5c90bdc40b89b0,counterfact,R1_learned_ff,1,103,1000,sampled_drift,capoff,loss,complete,16256,16256,0.0064329091,0.0068873477,0.13774695,0.68873477,10.534408,"{""0.01"":62,""0.1"":60,""1.0"":36}",1.0064536,False,unavailable,w124:p51,unavailable,positive-part maximum,first in producer sample order; tie count unavailable,unavailable,unavailable,16193,16256
6840a40e6e5c90bdc40b89b0,counterfact,R1_learned_ff,1,103,1000,full_validation,capoff,loss,complete,245237,245237,0.0046208014,0.0047987629,0.095975258,0.47987629,11.365768,"{""0.01"":{""count"":646,""denominator"":245237},""0.1"":{""count"":621,""denominator"":245237},""1.0"":{""count"":357,""denominator"":245237}}",1.0046315,False,11.365768,w222:p59,1,signed maximum,first in producer window/position order; exact equality,"{""count"":244492,""denominator"":245237}","{""count"":244587,""denominator"":245237}",unavailable,unavailable
6840a40e6e5c90bdc40b89b0,counterfact,R1_learned_ff,1,103,1000,full_validation,capoff,kl,complete,245237,245237,0.0047278624,0.0047278624,0.094557247,0.47278624,10.104499,"{""0.01"":{""count"":740,""denominator"":245237},""0.1"":{""count"":711,""denominator"":245237},""1.0"":{""count"":336,""denominator"":245237}}",unavailable,unavailable,10.104499,w222:p59,1,signed maximum,first in producer window/position order; exact equality,"{""count"":244492,""denominator"":245237}","{""count"":244492,""denominator"":245237}",unavailable,unavailable
6840a40e6e5c90bdc40b89b0,counterfact,R1_learned_ff,1,103,1000,full_validation,original,loss,complete,245237,245237,0.0046208014,0.0047987629,0.095975258,0.47987629,11.365768,"{""0.01"":{""count"":646,""denominator"":245237},""0.1"":{""count"":621,""denominator"":245237},""1.0"":{""count"":357,""denominator"":245237}}",1.0046315,False,11.365768,w222:p59,1,signed maximum,first in producer window/position order; exact equality,"{""count"":244492,""denominator"":245237}","{""count"":244587,""denominator"":245237}",unavailable,unavailable
6840a40e6e5c90bdc40b89b0,counterfact,R1_learned_ff,1,103,1000,full_validation,original,kl,complete,245237,245237,0.0047278624,0.0047278624,0.094557247,0.47278624,10.104499,"{""0.01"":{""count"":740,""denominator"":245237},""0.1"":{""count"":711,""denominator"":245237},""1.0"":{""count"":336,""denominator"":245237}}",unavailable,unavailable,10.104499,w222:p59,1,signed maximum,first in producer window/position order; exact equality,"{""count"":244492,""denominator"":245237}","{""count"":244492,""denominator"":245237}",unavailable,unavailable
42ba32e4f07423bee03296b3,counterfact,R1_learned_ff,1,104,100,sampled_drift,original,loss,complete,16256,16256,0.001424938,0.0015251809,0.030503617,0.15251809,4.1299697,"{""0.01"":21,""0.1"":19,""1.0"":7}",1.001426,False,unavailable,w29:p64,unavailable,positive-part maximum,first in producer sample order; tie count unavailable,unavailable,unavailable,16235,16256
42ba32e4f07423bee03296b3,counterfact,R1_learned_ff,1,104,100,sampled_drift,capoff,loss,complete,16256,16256,0.001424938,0.0015251809,0.030503617,0.15251809,4.1299697,"{""0.01"":21,""0.1"":19,""1.0"":7}",1.001426,False,unavailable,w29:p64,unavailable,positive-part maximum,first in producer sample order; tie count unavailable,unavailable,unavailable,16235,16256
42ba32e4f07423bee03296b3,counterfact,R1_learned_ff,1,104,300,sampled_drift,original,loss,complete,16256,16256,0.006121421,0.0063406025,0.12681205,0.63406025,7.6226686,"{""0.01"":62,""0.1"":57,""1.0"":31}",1.0061402,False,unavailable,w106:p54,unavailable,positive-part maximum,first in producer sample order; tie count unavailable,unavailable,unavailable,16194,16256
42ba32e4f07423bee03296b3,counterfact,R1_learned_ff,1,104,300,sampled_drift,capoff,loss,complete,16256,16256,0.006121421,0.0063406025,0.12681205,0.63406025,7.6226686,"{""0.01"":62,""0.1"":57,""1.0"":31}",1.0061402,False,unavailable,w106:p54,unavailable,positive-part maximum,first in producer sample order; tie count unavailable,unavailable,unavailable,16194,16256
42ba32e4f07423bee03296b3,counterfact,R1_learned_ff,1,104,1000,sampled_drift,original,loss,complete,16256,16256,0.0064329091,0.0068873477,0.13774695,0.68873477,10.534408,"{""0.01"":62,""0.1"":60,""1.0"":36}",1.0064536,False,unavailable,w124:p51,unavailable,positive-part maximum,first in producer sample order; tie count unavailable,unavailable,unavailable,16193,16256
42ba32e4f07423bee03296b3,counterfact,R1_learned_ff,1,104,1000,sampled_drift,capoff,loss,complete,16256,16256,0.0064329091,0.0068873477,0.13774695,0.68873477,10.534408,"{""0.01"":62,""0.1"":60,""1.0"":36}",1.0064536,False,unavailable,w124:p51,unavailable,positive-part maximum,first in producer sample order; tie count unavailable,unavailable,unavailable,16193,16256
42ba32e4f07423bee03296b3,counterfact,R1_learned_ff,1,104,1000,full_validation,capoff,loss,complete,245237,245237,0.0046208014,0.0047987629,0.095975258,0.47987629,11.365768,"{""0.01"":{""count"":646,""denominator"":245237},""0.1"":{""count"":621,""denominator"":245237},""1.0"":{""count"":357,""denominator"":245237}}",1.0046315,False,11.365768,w222:p59,1,signed maximum,first in producer window/position order; exact equality,"{""count"":244492,""denominator"":245237}","{""count"":244587,""denominator"":245237}",unavailable,unavailable
42ba32e4f07423bee03296b3,counterfact,R1_learned_ff,1,104,1000,full_validation,capoff,kl,complete,245237,245237,0.0047278624,0.0047278624,0.094557247,0.47278624,10.104499,"{""0.01"":{""count"":740,""denominator"":245237},""0.1"":{""count"":711,""denominator"":245237},""1.0"":{""count"":336,""denominator"":245237}}",unavailable,unavailable,10.104499,w222:p59,1,signed maximum,first in producer window/position order; exact equality,"{""count"":244492,""denominator"":245237}","{""count"":244492,""denominator"":245237}",unavailable,unavailable
42ba32e4f07423bee03296b3,counterfact,R1_learned_ff,1,104,1000,full_validation,original,loss,complete,245237,245237,0.0046208014,0.0047987629,0.095975258,0.47987629,11.365768,"{""0.01"":{""count"":646,""denominator"":245237},""0.1"":{""count"":621,""denominator"":245237},""1.0"":{""count"":357,""denominator"":245237}}",1.0046315,False,11.365768,w222:p59,1,signed maximum,first in producer window/position order; exact equality,"{""count"":244492,""denominator"":245237}","{""count"":244587,""denominator"":245237}",unavailable,unavailable
42ba32e4f07423bee03296b3,counterfact,R1_learned_ff,1,104,1000,full_validation,original,kl,complete,245237,245237,0.0047278624,0.0047278624,0.094557247,0.47278624,10.104499,"{""0.01"":{""count"":740,""denominator"":245237},""0.1"":{""count"":711,""denominator"":245237},""1.0"":{""count"":336,""denominator"":245237}}",unavailable,unavailable,10.104499,w222:p59,1,signed maximum,first in producer window/position order; exact equality,"{""count"":244492,""denominator"":245237}","{""count"":244492,""denominator"":245237}",unavailable,unavailable
19964c4e7f737707baad94a5,mquake,R1_learned_ff,1,100,100,sampled_drift,original,loss,complete,16256,16256,0.0073985441,0.0075969382,0.15193876,0.75969382,6.5397124,"{""0.01"":72,""0.1"":69,""1.0"":45}",1.007426,False,unavailable,w39:p20,unavailable,positive-part maximum,first in producer sample order; tie count unavailable,unavailable,unavailable,16184,16256
19964c4e7f737707baad94a5,mquake,R1_learned_ff,1,100,100,sampled_drift,capoff,loss,complete,16256,16256,0.0073985441,0.0075969382,0.15193876,0.75969382,6.5397124,"{""0.01"":72,""0.1"":69,""1.0"":45}",1.007426,False,unavailable,w39:p20,unavailable,positive-part maximum,first in producer sample order; tie count unavailable,unavailable,unavailable,16184,16256
19964c4e7f737707baad94a5,mquake,R1_learned_ff,1,100,300,sampled_drift,original,loss,complete,16256,16256,0.0084830878,0.0089224358,0.17844872,0.89224358,7.7074708,"{""0.01"":91,""0.1"":81,""1.0"":46}",1.0085192,False,unavailable,w19:p59,unavailable,positive-part maximum,first in producer sample order; tie count unavailable,unavailable,unavailable,16164,16256
19964c4e7f737707baad94a5,mquake,R1_learned_ff,1,100,300,sampled_drift,capoff,loss,complete,16256,16256,0.0084830878,0.0089224358,0.17844872,0.89224358,7.7074708,"{""0.01"":91,""0.1"":81,""1.0"":46}",1.0085192,False,unavailable,w19:p59,unavailable,positive-part maximum,first in producer sample order; tie count unavailable,unavailable,unavailable,16164,16256
19964c4e7f737707baad94a5,mquake,R1_learned_ff,1,100,300,full_validation,capoff,loss,complete,245237,245237,0.0069390173,0.0071009492,0.14201898,0.71009492,17.060533,"{""0.01"":{""count"":854,""denominator"":245237},""0.1"":{""count"":826,""denominator"":245237},""1.0"":{""count"":538,""denominator"":245237}}",1.0069631,False,17.060533,w1588:p31,1,signed maximum,first in producer window/position order; exact equality,"{""count"":244269,""denominator"":245237}","{""count"":244378,""denominator"":245237}",unavailable,unavailable
19964c4e7f737707baad94a5,mquake,R1_learned_ff,1,100,300,full_validation,capoff,kl,complete,245237,245237,0.0069369552,0.0069369552,0.1387391,0.69369552,15.335345,"{""0.01"":{""count"":963,""denominator"":245237},""0.1"":{""count"":908,""denominator"":245237},""1.0"":{""count"":535,""denominator"":245237}}",unavailable,unavailable,15.335345,w1588:p31,1,signed maximum,first in producer window/position order; exact equality,"{""count"":244269,""denominator"":245237}","{""count"":244269,""denominator"":245237}",unavailable,unavailable
19964c4e7f737707baad94a5,mquake,R1_learned_ff,1,100,300,full_validation,original,loss,complete,245237,245237,0.0069390173,0.0071009492,0.14201898,0.71009492,17.060533,"{""0.01"":{""count"":854,""denominator"":245237},""0.1"":{""count"":826,""denominator"":245237},""1.0"":{""count"":538,""denominator"":245237}}",1.0069631,False,17.060533,w1588:p31,1,signed maximum,first in producer window/position order; exact equality,"{""count"":244269,""denominator"":245237}","{""count"":244378,""denominator"":245237}",unavailable,unavailable
19964c4e7f737707baad94a5,mquake,R1_learned_ff,1,100,300,full_validation,original,kl,complete,245237,245237,0.0069369552,0.0069369552,0.1387391,0.69369552,15.335345,"{""0.01"":{""count"":963,""denominator"":245237},""0.1"":{""count"":908,""denominator"":245237},""1.0"":{""count"":535,""denominator"":245237}}",unavailable,unavailable,15.335345,w1588:p31,1,signed maximum,first in producer window/position order; exact equality,"{""count"":244269,""denominator"":245237}","{""count"":244269,""denominator"":245237}",unavailable,unavailable
40ec11c9694b4265a013c682,mquake,R1_learned_ff,1,101,100,sampled_drift,original,loss,complete,16256,16256,0.0057306329,0.0059628693,0.11925739,0.59628693,5.7071626,"{""0.01"":59,""0.1"":54,""1.0"":34}",1.0057471,False,unavailable,w22:p35,unavailable,positive-part maximum,first in producer sample order; tie count unavailable,unavailable,unavailable,16197,16256
40ec11c9694b4265a013c682,mquake,R1_learned_ff,1,101,100,sampled_drift,capoff,loss,complete,16256,16256,0.0057306329,0.0059628693,0.11925739,0.59628693,5.7071626,"{""0.01"":59,""0.1"":54,""1.0"":34}",1.0057471,False,unavailable,w22:p35,unavailable,positive-part maximum,first in producer sample order; tie count unavailable,unavailable,unavailable,16197,16256
40ec11c9694b4265a013c682,mquake,R1_learned_ff,1,101,300,sampled_drift,original,loss,complete,16256,16256,0.0084830878,0.0089224358,0.17844872,0.89224358,7.7074708,"{""0.01"":91,""0.1"":81,""1.0"":46}",1.0085192,False,unavailable,w19:p59,unavailable,positive-part maximum,first in producer sample order; tie count unavailable,unavailable,unavailable,16164,16256
40ec11c9694b4265a013c682,mquake,R1_learned_ff,1,101,300,sampled_drift,capoff,loss,complete,16256,16256,0.0084830878,0.0089224358,0.17844872,0.89224358,7.7074708,"{""0.01"":91,""0.1"":81,""1.0"":46}",1.0085192,False,unavailable,w19:p59,unavailable,positive-part maximum,first in producer sample order; tie count unavailable,unavailable,unavailable,16164,16256
40ec11c9694b4265a013c682,mquake,R1_learned_ff,1,101,300,full_validation,capoff,loss,complete,245237,245237,0.0069390173,0.0071009492,0.14201898,0.71009492,17.060533,"{""0.01"":{""count"":854,""denominator"":245237},""0.1"":{""count"":826,""denominator"":245237},""1.0"":{""count"":538,""denominator"":245237}}",1.0069631,False,17.060533,w1588:p31,1,signed maximum,first in producer window/position order; exact equality,"{""count"":244269,""denominator"":245237}","{""count"":244378,""denominator"":245237}",unavailable,unavailable
40ec11c9694b4265a013c682,mquake,R1_learned_ff,1,101,300,full_validation,capoff,kl,complete,245237,245237,0.0069369552,0.0069369552,0.1387391,0.69369552,15.335345,"{""0.01"":{""count"":963,""denominator"":245237},""0.1"":{""count"":908,""denominator"":245237},""1.0"":{""count"":535,""denominator"":245237}}",unavailable,unavailable,15.335345,w1588:p31,1,signed maximum,first in producer window/position order; exact equality,"{""count"":244269,""denominator"":245237}","{""count"":244269,""denominator"":245237}",unavailable,unavailable
40ec11c9694b4265a013c682,mquake,R1_learned_ff,1,101,300,full_validation,original,loss,complete,245237,245237,0.0069390173,0.0071009492,0.14201898,0.71009492,17.060533,"{""0.01"":{""count"":854,""denominator"":245237},""0.1"":{""count"":826,""denominator"":245237},""1.0"":{""count"":538,""denominator"":245237}}",1.0069631,False,17.060533,w1588:p31,1,signed maximum,first in producer window/position order; exact equality,"{""count"":244269,""denominator"":245237}","{""count"":244378,""denominator"":245237}",unavailable,unavailable
40ec11c9694b4265a013c682,mquake,R1_learned_ff,1,101,300,full_validation,original,kl,complete,245237,245237,0.0069369552,0.0069369552,0.1387391,0.69369552,15.335345,"{""0.01"":{""count"":963,""denominator"":245237},""0.1"":{""count"":908,""denominator"":245237},""1.0"":{""count"":535,""denominator"":245237}}",unavailable,unavailable,15.335345,w1588:p31,1,signed maximum,first in producer window/position order; exact equality,"{""count"":244269,""denominator"":245237}","{""count"":244269,""denominator"":245237}",unavailable,unavailable
f0642100f6eb9cd77e92f439,mquake,R1_learned_ff,1,102,100,sampled_drift,original,loss,complete,16256,16256,0.0063452623,0.0065456067,0.13091213,0.65456067,7.7074708,"{""0.01"":54,""0.1"":50,""1.0"":33}",1.0063654,False,unavailable,w19:p59,unavailable,positive-part maximum,first in producer sample order; tie count unavailable,unavailable,unavailable,16201,16256
f0642100f6eb9cd77e92f439,mquake,R1_learned_ff,1,102,100,sampled_drift,capoff,loss,complete,16256,16256,0.0063452623,0.0065456067,0.13091213,0.65456067,7.7074708,"{""0.01"":54,""0.1"":50,""1.0"":33}",1.0063654,False,unavailable,w19:p59,unavailable,positive-part maximum,first in producer sample order; tie count unavailable,unavailable,unavailable,16201,16256
f0642100f6eb9cd77e92f439,mquake,R1_learned_ff,1,102,300,sampled_drift,original,loss,complete,16256,16256,0.0084830878,0.0089224358,0.17844872,0.89224358,7.7074708,"{""0.01"":91,""0.1"":81,""1.0"":46}",1.0085192,False,unavailable,w19:p59,unavailable,positive-part maximum,first in producer sample order; tie count unavailable,unavailable,unavailable,16164,16256
f0642100f6eb9cd77e92f439,mquake,R1_learned_ff,1,102,300,sampled_drift,capoff,loss,complete,16256,16256,0.0084830878,0.0089224358,0.17844872,0.89224358,7.7074708,"{""0.01"":91,""0.1"":81,""1.0"":46}",1.0085192,False,unavailable,w19:p59,unavailable,positive-part maximum,first in producer sample order; tie count unavailable,unavailable,unavailable,16164,16256
f0642100f6eb9cd77e92f439,mquake,R1_learned_ff,1,102,300,full_validation,capoff,loss,complete,245237,245237,0.0069390173,0.0071009492,0.14201898,0.71009492,17.060533,"{""0.01"":{""count"":854,""denominator"":245237},""0.1"":{""count"":826,""denominator"":245237},""1.0"":{""count"":538,""denominator"":245237}}",1.0069631,False,17.060533,w1588:p31,1,signed maximum,first in producer window/position order; exact equality,"{""count"":244269,""denominator"":245237}","{""count"":244378,""denominator"":245237}",unavailable,unavailable
f0642100f6eb9cd77e92f439,mquake,R1_learned_ff,1,102,300,full_validation,capoff,kl,complete,245237,245237,0.0069369552,0.0069369552,0.1387391,0.69369552,15.335345,"{""0.01"":{""count"":963,""denominator"":245237},""0.1"":{""count"":908,""denominator"":245237},""1.0"":{""count"":535,""denominator"":245237}}",unavailable,unavailable,15.335345,w1588:p31,1,signed maximum,first in producer window/position order; exact equality,"{""count"":244269,""denominator"":245237}","{""count"":244269,""denominator"":245237}",unavailable,unavailable
f0642100f6eb9cd77e92f439,mquake,R1_learned_ff,1,102,300,full_validation,original,loss,complete,245237,245237,0.0069390173,0.0071009492,0.14201898,0.71009492,17.060533,"{""0.01"":{""count"":854,""denominator"":245237},""0.1"":{""count"":826,""denominator"":245237},""1.0"":{""count"":538,""denominator"":245237}}",1.0069631,False,17.060533,w1588:p31,1,signed maximum,first in producer window/position order; exact equality,"{""count"":244269,""denominator"":245237}","{""count"":244378,""denominator"":245237}",unavailable,unavailable
f0642100f6eb9cd77e92f439,mquake,R1_learned_ff,1,102,300,full_validation,original,kl,complete,245237,245237,0.0069369552,0.0069369552,0.1387391,0.69369552,15.335345,"{""0.01"":{""count"":963,""denominator"":245237},""0.1"":{""count"":908,""denominator"":245237},""1.0"":{""count"":535,""denominator"":245237}}",unavailable,unavailable,15.335345,w1588:p31,1,signed maximum,first in producer window/position order; exact equality,"{""count"":244269,""denominator"":245237}","{""count"":244269,""denominator"":245237}",unavailable,unavailable
b7ff3139c3f3eeb3ff7e9c80,mquake,R1_learned_ff,1,103,100,sampled_drift,original,loss,complete,16256,16256,0.0079499969,0.0080635449,0.1612709,0.80635449,4.6711706,"{""0.01"":85,""0.1"":83,""1.0"":50}",1.0079817,False,unavailable,w91:p36,unavailable,positive-part maximum,first in producer sample order; tie count unavailable,unavailable,unavailable,16170,16256
b7ff3139c3f3eeb3ff7e9c80,mquake,R1_learned_ff,1,103,100,sampled_drift,capoff,loss,complete,16256,16256,0.0079499969,0.0080635449,0.1612709,0.80635449,4.6711706,"{""0.01"":85,""0.1"":83,""1.0"":50}",1.0079817,False,unavailable,w91:p36,unavailable,positive-part maximum,first in producer sample order; tie count unavailable,unavailable,unavailable,16170,16256
b7ff3139c3f3eeb3ff7e9c80,mquake,R1_learned_ff,1,103,300,sampled_drift,original,loss,complete,16256,16256,0.0084830878,0.0089224358,0.17844872,0.89224358,7.7074708,"{""0.01"":91,""0.1"":81,""1.0"":46}",1.0085192,False,unavailable,w19:p59,unavailable,positive-part maximum,first in producer sample order; tie count unavailable,unavailable,unavailable,16164,16256
b7ff3139c3f3eeb3ff7e9c80,mquake,R1_learned_ff,1,103,300,sampled_drift,capoff,loss,complete,16256,16256,0.0084830878,0.0089224358,0.17844872,0.89224358,7.7074708,"{""0.01"":91,""0.1"":81,""1.0"":46}",1.0085192,False,unavailable,w19:p59,unavailable,positive-part maximum,first in producer sample order; tie count unavailable,unavailable,unavailable,16164,16256
b7ff3139c3f3eeb3ff7e9c80,mquake,R1_learned_ff,1,103,300,full_validation,capoff,loss,complete,245237,245237,0.0069390173,0.0071009492,0.14201898,0.71009492,17.060533,"{""0.01"":{""count"":854,""denominator"":245237},""0.1"":{""count"":826,""denominator"":245237},""1.0"":{""count"":538,""denominator"":245237}}",1.0069631,False,17.060533,w1588:p31,1,signed maximum,first in producer window/position order; exact equality,"{""count"":244269,""denominator"":245237}","{""count"":244378,""denominator"":245237}",unavailable,unavailable
b7ff3139c3f3eeb3ff7e9c80,mquake,R1_learned_ff,1,103,300,full_validation,capoff,kl,complete,245237,245237,0.0069369552,0.0069369552,0.1387391,0.69369552,15.335345,"{""0.01"":{""count"":963,""denominator"":245237},""0.1"":{""count"":908,""denominator"":245237},""1.0"":{""count"":535,""denominator"":245237}}",unavailable,unavailable,15.335345,w1588:p31,1,signed maximum,first in producer window/position order; exact equality,"{""count"":244269,""denominator"":245237}","{""count"":244269,""denominator"":245237}",unavailable,unavailable
b7ff3139c3f3eeb3ff7e9c80,mquake,R1_learned_ff,1,103,300,full_validation,original,loss,complete,245237,245237,0.0069390173,0.0071009492,0.14201898,0.71009492,17.060533,"{""0.01"":{""count"":854,""denominator"":245237},""0.1"":{""count"":826,""denominator"":245237},""1.0"":{""count"":538,""denominator"":245237}}",1.0069631,False,17.060533,w1588:p31,1,signed maximum,first in producer window/position order; exact equality,"{""count"":244269,""denominator"":245237}","{""count"":244378,""denominator"":245237}",unavailable,unavailable
b7ff3139c3f3eeb3ff7e9c80,mquake,R1_learned_ff,1,103,300,full_validation,original,kl,complete,245237,245237,0.0069369552,0.0069369552,0.1387391,0.69369552,15.335345,"{""0.01"":{""count"":963,""denominator"":245237},""0.1"":{""count"":908,""denominator"":245237},""1.0"":{""count"":535,""denominator"":245237}}",unavailable,unavailable,15.335345,w1588:p31,1,signed maximum,first in producer window/position order; exact equality,"{""count"":244269,""denominator"":245237}","{""count"":244269,""denominator"":245237}",unavailable,unavailable
1833a410c9e8704f6a379114,mquake,R1_learned_ff,1,104,100,sampled_drift,original,loss,complete,16256,16256,0.0051318017,0.0058997674,0.11799535,0.58997674,11.151532,"{""0.01"":61,""0.1"":57,""1.0"":33}",1.005145,False,unavailable,w17:p41,unavailable,positive-part maximum,first in producer sample order; tie count unavailable,unavailable,unavailable,16194,16256
1833a410c9e8704f6a379114,mquake,R1_learned_ff,1,104,100,sampled_drift,capoff,loss,complete,16256,16256,0.0051318017,0.0058997674,0.11799535,0.58997674,11.151532,"{""0.01"":61,""0.1"":57,""1.0"":33}",1.005145,False,unavailable,w17:p41,unavailable,positive-part maximum,first in producer sample order; tie count unavailable,unavailable,unavailable,16194,16256
1833a410c9e8704f6a379114,mquake,R1_learned_ff,1,104,300,sampled_drift,original,loss,complete,16256,16256,0.0084830878,0.0089224358,0.17844872,0.89224358,7.7074708,"{""0.01"":91,""0.1"":81,""1.0"":46}",1.0085192,False,unavailable,w19:p59,unavailable,positive-part maximum,first in producer sample order; tie count unavailable,unavailable,unavailable,16164,16256
1833a410c9e8704f6a379114,mquake,R1_learned_ff,1,104,300,sampled_drift,capoff,loss,complete,16256,16256,0.0084830878,0.0089224358,0.17844872,0.89224358,7.7074708,"{""0.01"":91,""0.1"":81,""1.0"":46}",1.0085192,False,unavailable,w19:p59,unavailable,positive-part maximum,first in producer sample order; tie count unavailable,unavailable,unavailable,16164,16256
1833a410c9e8704f6a379114,mquake,R1_learned_ff,1,104,300,full_validation,capoff,loss,complete,245237,245237,0.0069390173,0.0071009492,0.14201898,0.71009492,17.060533,"{""0.01"":{""count"":854,""denominator"":245237},""0.1"":{""count"":826,""denominator"":245237},""1.0"":{""count"":538,""denominator"":245237}}",1.0069631,False,17.060533,w1588:p31,1,signed maximum,first in producer window/position order; exact equality,"{""count"":244269,""denominator"":245237}","{""count"":244378,""denominator"":245237}",unavailable,unavailable
1833a410c9e8704f6a379114,mquake,R1_learned_ff,1,104,300,full_validation,capoff,kl,complete,245237,245237,0.0069369552,0.0069369552,0.1387391,0.69369552,15.335345,"{""0.01"":{""count"":963,""denominator"":245237},""0.1"":{""count"":908,""denominator"":245237},""1.0"":{""count"":535,""denominator"":245237}}",unavailable,unavailable,15.335345,w1588:p31,1,signed maximum,first in producer window/position order; exact equality,"{""count"":244269,""denominator"":245237}","{""count"":244269,""denominator"":245237}",unavailable,unavailable
1833a410c9e8704f6a379114,mquake,R1_learned_ff,1,104,300,full_validation,original,loss,complete,245237,245237,0.0069390173,0.0071009492,0.14201898,0.71009492,17.060533,"{""0.01"":{""count"":854,""denominator"":245237},""0.1"":{""count"":826,""denominator"":245237},""1.0"":{""count"":538,""denominator"":245237}}",1.0069631,False,17.060533,w1588:p31,1,signed maximum,first in producer window/position order; exact equality,"{""count"":244269,""denominator"":245237}","{""count"":244378,""denominator"":245237}",unavailable,unavailable
1833a410c9e8704f6a379114,mquake,R1_learned_ff,1,104,300,full_validation,original,kl,complete,245237,245237,0.0069369552,0.0069369552,0.1387391,0.69369552,15.335345,"{""0.01"":{""count"":963,""denominator"":245237},""0.1"":{""count"":908,""denominator"":245237},""1.0"":{""count"":535,""denominator"":245237}}",unavailable,unavailable,15.335345,w1588:p31,1,signed maximum,first in producer window/position order; exact equality,"{""count"":244269,""denominator"":245237}","{""count"":244269,""denominator"":245237}",unavailable,unavailable
82606602ae475e73eb4401f9,zsre,R1_nonlearned,1,100,100,sampled_drift,original,loss,complete,16256,16256,5.3933503e-05,5.3933503e-05,0.0010786701,0.0053933503,0.55024631,"{""0.01"":2,""0.1"":2,""1.0"":0}",1.0000539,False,unavailable,w27:p31,unavailable,positive-part maximum,first in producer sample order; tie count unavailable,unavailable,unavailable,16254,16256
82606602ae475e73eb4401f9,zsre,R1_nonlearned,1,100,100,sampled_drift,capoff,loss,complete,16256,16256,5.3933503e-05,5.3933503e-05,0.0010786701,0.0053933503,0.55024631,"{""0.01"":2,""0.1"":2,""1.0"":0}",1.0000539,False,unavailable,w27:p31,unavailable,positive-part maximum,first in producer sample order; tie count unavailable,unavailable,unavailable,16254,16256
82606602ae475e73eb4401f9,zsre,R1_nonlearned,1,100,300,sampled_drift,original,loss,complete,16256,16256,5.3933503e-05,5.3933503e-05,0.0010786701,0.0053933503,0.55024631,"{""0.01"":2,""0.1"":2,""1.0"":0}",1.0000539,False,unavailable,w27:p31,unavailable,positive-part maximum,first in producer sample order; tie count unavailable,unavailable,unavailable,16254,16256
82606602ae475e73eb4401f9,zsre,R1_nonlearned,1,100,300,sampled_drift,capoff,loss,complete,16256,16256,5.3933503e-05,5.3933503e-05,0.0010786701,0.0053933503,0.55024631,"{""0.01"":2,""0.1"":2,""1.0"":0}",1.0000539,False,unavailable,w27:p31,unavailable,positive-part maximum,first in producer sample order; tie count unavailable,unavailable,unavailable,16254,16256
82606602ae475e73eb4401f9,zsre,R1_nonlearned,1,100,1000,sampled_drift,original,loss,complete,16256,16256,0.00040522045,0.00040522045,0.008104409,0.040522045,4.6200869,"{""0.01"":3,""0.1"":3,""1.0"":2}",1.0004053,False,unavailable,w13:p31,unavailable,positive-part maximum,first in producer sample order; tie count unavailable,unavailable,unavailable,16253,16256
82606602ae475e73eb4401f9,zsre,R1_nonlearned,1,100,1000,sampled_drift,capoff,loss,complete,16256,16256,0.00040522045,0.00040522045,0.008104409,0.040522045,4.6200869,"{""0.01"":3,""0.1"":3,""1.0"":2}",1.0004053,False,unavailable,w13:p31,unavailable,positive-part maximum,first in producer sample order; tie count unavailable,unavailable,unavailable,16253,16256
82606602ae475e73eb4401f9,zsre,R1_nonlearned,1,100,1000,full_validation,capoff,loss,complete,245237,245237,0.0007165783,0.00073569547,0.014713909,0.073569547,7.0009927,"{""0.01"":{""count"":97,""denominator"":245237},""0.1"":{""count"":94,""denominator"":245237},""1.0"":{""count"":61,""denominator"":245237}}",1.0007168,False,7.0009927,w893:p35,1,signed maximum,first in producer window/position order; exact equality,"{""count"":245132,""denominator"":245237}","{""count"":245140,""denominator"":245237}",unavailable,unavailable
82606602ae475e73eb4401f9,zsre,R1_nonlearned,1,100,1000,full_validation,capoff,kl,complete,245237,245237,0.00074254861,0.00074254861,0.014850972,0.074254861,7.0729662,"{""0.01"":{""count"":105,""denominator"":245237},""0.1"":{""count"":104,""denominator"":245237},""1.0"":{""count"":56,""denominator"":245237}}",unavailable,unavailable,7.0729662,w1235:p31,1,signed maximum,first in producer window/position order; exact equality,"{""count"":245132,""denominator"":245237}","{""count"":245132,""denominator"":245237}",unavailable,unavailable
82606602ae475e73eb4401f9,zsre,R1_nonlearned,1,100,1000,full_validation,original,loss,complete,245237,245237,0.0007165783,0.00073569547,0.014713909,0.073569547,7.0009927,"{""0.01"":{""count"":97,""denominator"":245237},""0.1"":{""count"":94,""denominator"":245237},""1.0"":{""count"":61,""denominator"":245237}}",1.0007168,False,7.0009927,w893:p35,1,signed maximum,first in producer window/position order; exact equality,"{""count"":245132,""denominator"":245237}","{""count"":245140,""denominator"":245237}",unavailable,unavailable
82606602ae475e73eb4401f9,zsre,R1_nonlearned,1,100,1000,full_validation,original,kl,complete,245237,245237,0.00074254861,0.00074254861,0.014850972,0.074254861,7.0729662,"{""0.01"":{""count"":105,""denominator"":245237},""0.1"":{""count"":104,""denominator"":245237},""1.0"":{""count"":56,""denominator"":245237}}",unavailable,unavailable,7.0729662,w1235:p31,1,signed maximum,first in producer window/position order; exact equality,"{""count"":245132,""denominator"":245237}","{""count"":245132,""denominator"":245237}",unavailable,unavailable
2172052824abd70e8135366f,zsre,R1_nonlearned,1,101,100,sampled_drift,original,loss,complete,16256,16256,3.3848814e-05,3.3848814e-05,0.00067697627,0.0033848814,0.55024631,"{""0.01"":1,""0.1"":1,""1.0"":0}",1.0000338,False,unavailable,w27:p31,unavailable,positive-part maximum,first in producer sample order; tie count unavailable,unavailable,unavailable,16255,16256
2172052824abd70e8135366f,zsre,R1_nonlearned,1,101,100,sampled_drift,capoff,loss,complete,16256,16256,3.3848814e-05,3.3848814e-05,0.00067697627,0.0033848814,0.55024631,"{""0.01"":1,""0.1"":1,""1.0"":0}",1.0000338,False,unavailable,w27:p31,unavailable,positive-part maximum,first in producer sample order; tie count unavailable,unavailable,unavailable,16255,16256
2172052824abd70e8135366f,zsre,R1_nonlearned,1,101,300,sampled_drift,original,loss,complete,16256,16256,3.3848814e-05,3.3848814e-05,0.00067697627,0.0033848814,0.55024631,"{""0.01"":1,""0.1"":1,""1.0"":0}",1.0000338,False,unavailable,w27:p31,unavailable,positive-part maximum,first in producer sample order; tie count unavailable,unavailable,unavailable,16255,16256
2172052824abd70e8135366f,zsre,R1_nonlearned,1,101,300,sampled_drift,capoff,loss,complete,16256,16256,3.3848814e-05,3.3848814e-05,0.00067697627,0.0033848814,0.55024631,"{""0.01"":1,""0.1"":1,""1.0"":0}",1.0000338,False,unavailable,w27:p31,unavailable,positive-part maximum,first in producer sample order; tie count unavailable,unavailable,unavailable,16255,16256
2172052824abd70e8135366f,zsre,R1_nonlearned,1,101,1000,sampled_drift,original,loss,complete,16256,16256,0.00040522045,0.00040522045,0.008104409,0.040522045,4.6200869,"{""0.01"":3,""0.1"":3,""1.0"":2}",1.0004053,False,unavailable,w13:p31,unavailable,positive-part maximum,first in producer sample order; tie count unavailable,unavailable,unavailable,16253,16256
2172052824abd70e8135366f,zsre,R1_nonlearned,1,101,1000,sampled_drift,capoff,loss,complete,16256,16256,0.00040522045,0.00040522045,0.008104409,0.040522045,4.6200869,"{""0.01"":3,""0.1"":3,""1.0"":2}",1.0004053,False,unavailable,w13:p31,unavailable,positive-part maximum,first in producer sample order; tie count unavailable,unavailable,unavailable,16253,16256
2172052824abd70e8135366f,zsre,R1_nonlearned,1,101,1000,full_validation,capoff,loss,complete,245237,245237,0.0007165783,0.00073569547,0.014713909,0.073569547,7.0009927,"{""0.01"":{""count"":97,""denominator"":245237},""0.1"":{""count"":94,""denominator"":245237},""1.0"":{""count"":61,""denominator"":245237}}",1.0007168,False,7.0009927,w893:p35,1,signed maximum,first in producer window/position order; exact equality,"{""count"":245132,""denominator"":245237}","{""count"":245140,""denominator"":245237}",unavailable,unavailable
2172052824abd70e8135366f,zsre,R1_nonlearned,1,101,1000,full_validation,capoff,kl,complete,245237,245237,0.00074254861,0.00074254861,0.014850972,0.074254861,7.0729662,"{""0.01"":{""count"":105,""denominator"":245237},""0.1"":{""count"":104,""denominator"":245237},""1.0"":{""count"":56,""denominator"":245237}}",unavailable,unavailable,7.0729662,w1235:p31,1,signed maximum,first in producer window/position order; exact equality,"{""count"":245132,""denominator"":245237}","{""count"":245132,""denominator"":245237}",unavailable,unavailable
2172052824abd70e8135366f,zsre,R1_nonlearned,1,101,1000,full_validation,original,loss,complete,245237,245237,0.0007165783,0.00073569547,0.014713909,0.073569547,7.0009927,"{""0.01"":{""count"":97,""denominator"":245237},""0.1"":{""count"":94,""denominator"":245237},""1.0"":{""count"":61,""denominator"":245237}}",1.0007168,False,7.0009927,w893:p35,1,signed maximum,first in producer window/position order; exact equality,"{""count"":245132,""denominator"":245237}","{""count"":245140,""denominator"":245237}",unavailable,unavailable
2172052824abd70e8135366f,zsre,R1_nonlearned,1,101,1000,full_validation,original,kl,complete,245237,245237,0.00074254861,0.00074254861,0.014850972,0.074254861,7.0729662,"{""0.01"":{""count"":105,""denominator"":245237},""0.1"":{""count"":104,""denominator"":245237},""1.0"":{""count"":56,""denominator"":245237}}",unavailable,unavailable,7.0729662,w1235:p31,1,signed maximum,first in producer window/position order; exact equality,"{""count"":245132,""denominator"":245237}","{""count"":245132,""denominator"":245237}",unavailable,unavailable
5c394f4861164c1d5b31de4c,zsre,R1_nonlearned,1,102,100,sampled_drift,original,loss,complete,16256,16256,0,0,0,0,0,"{""0.01"":0,""0.1"":0,""1.0"":0}",1,False,unavailable,w0:p1,unavailable,positive-part maximum,first in producer sample order; tie count unavailable,unavailable,unavailable,16256,16256
5c394f4861164c1d5b31de4c,zsre,R1_nonlearned,1,102,100,sampled_drift,capoff,loss,complete,16256,16256,0,0,0,0,0,"{""0.01"":0,""0.1"":0,""1.0"":0}",1,False,unavailable,w0:p1,unavailable,positive-part maximum,first in producer sample order; tie count unavailable,unavailable,unavailable,16256,16256
5c394f4861164c1d5b31de4c,zsre,R1_nonlearned,1,102,300,sampled_drift,original,loss,complete,16256,16256,0,0,0,0,0,"{""0.01"":0,""0.1"":0,""1.0"":0}",1,False,unavailable,w0:p1,unavailable,positive-part maximum,first in producer sample order; tie count unavailable,unavailable,unavailable,16256,16256
5c394f4861164c1d5b31de4c,zsre,R1_nonlearned,1,102,300,sampled_drift,capoff,loss,complete,16256,16256,0,0,0,0,0,"{""0.01"":0,""0.1"":0,""1.0"":0}",1,False,unavailable,w0:p1,unavailable,positive-part maximum,first in producer sample order; tie count unavailable,unavailable,unavailable,16256,16256
5c394f4861164c1d5b31de4c,zsre,R1_nonlearned,1,102,1000,sampled_drift,original,loss,complete,16256,16256,0.00040522045,0.00040522045,0.008104409,0.040522045,4.6200869,"{""0.01"":3,""0.1"":3,""1.0"":2}",1.0004053,False,unavailable,w13:p31,unavailable,positive-part maximum,first in producer sample order; tie count unavailable,unavailable,unavailable,16253,16256
5c394f4861164c1d5b31de4c,zsre,R1_nonlearned,1,102,1000,sampled_drift,capoff,loss,complete,16256,16256,0.00040522045,0.00040522045,0.008104409,0.040522045,4.6200869,"{""0.01"":3,""0.1"":3,""1.0"":2}",1.0004053,False,unavailable,w13:p31,unavailable,positive-part maximum,first in producer sample order; tie count unavailable,unavailable,unavailable,16253,16256
5c394f4861164c1d5b31de4c,zsre,R1_nonlearned,1,102,1000,full_validation,capoff,loss,complete,245237,245237,0.0007165783,0.00073569547,0.014713909,0.073569547,7.0009927,"{""0.01"":{""count"":97,""denominator"":245237},""0.1"":{""count"":94,""denominator"":245237},""1.0"":{""count"":61,""denominator"":245237}}",1.0007168,False,7.0009927,w893:p35,1,signed maximum,first in producer window/position order; exact equality,"{""count"":245132,""denominator"":245237}","{""count"":245140,""denominator"":245237}",unavailable,unavailable
5c394f4861164c1d5b31de4c,zsre,R1_nonlearned,1,102,1000,full_validation,capoff,kl,complete,245237,245237,0.00074254861,0.00074254861,0.014850972,0.074254861,7.0729662,"{""0.01"":{""count"":105,""denominator"":245237},""0.1"":{""count"":104,""denominator"":245237},""1.0"":{""count"":56,""denominator"":245237}}",unavailable,unavailable,7.0729662,w1235:p31,1,signed maximum,first in producer window/position order; exact equality,"{""count"":245132,""denominator"":245237}","{""count"":245132,""denominator"":245237}",unavailable,unavailable
5c394f4861164c1d5b31de4c,zsre,R1_nonlearned,1,102,1000,full_validation,original,loss,complete,245237,245237,0.0007165783,0.00073569547,0.014713909,0.073569547,7.0009927,"{""0.01"":{""count"":97,""denominator"":245237},""0.1"":{""count"":94,""denominator"":245237},""1.0"":{""count"":61,""denominator"":245237}}",1.0007168,False,7.0009927,w893:p35,1,signed maximum,first in producer window/position order; exact equality,"{""count"":245132,""denominator"":245237}","{""count"":245140,""denominator"":245237}",unavailable,unavailable
5c394f4861164c1d5b31de4c,zsre,R1_nonlearned,1,102,1000,full_validation,original,kl,complete,245237,245237,0.00074254861,0.00074254861,0.014850972,0.074254861,7.0729662,"{""0.01"":{""count"":105,""denominator"":245237},""0.1"":{""count"":104,""denominator"":245237},""1.0"":{""count"":56,""denominator"":245237}}",unavailable,unavailable,7.0729662,w1235:p31,1,signed maximum,first in producer window/position order; exact equality,"{""count"":245132,""denominator"":245237}","{""count"":245132,""denominator"":245237}",unavailable,unavailable
c9d2325e783e57ac5eafa34d,zsre,R1_nonlearned,1,103,100,sampled_drift,original,loss,complete,16256,16256,8.7163537e-05,8.7163537e-05,0.0017432707,0.0087163537,1.4169305,"{""0.01"":1,""0.1"":1,""1.0"":1}",1.0000872,False,unavailable,w91:p17,unavailable,positive-part maximum,first in producer sample order; tie count unavailable,unavailable,unavailable,16255,16256
c9d2325e783e57ac5eafa34d,zsre,R1_nonlearned,1,103,100,sampled_drift,capoff,loss,complete,16256,16256,8.7163537e-05,8.7163537e-05,0.0017432707,0.0087163537,1.4169305,"{""0.01"":1,""0.1"":1,""1.0"":1}",1.0000872,False,unavailable,w91:p17,unavailable,positive-part maximum,first in producer sample order; tie count unavailable,unavailable,unavailable,16255,16256
c9d2325e783e57ac5eafa34d,zsre,R1_nonlearned,1,103,300,sampled_drift,original,loss,complete,16256,16256,8.7163537e-05,8.7163537e-05,0.0017432707,0.0087163537,1.4169305,"{""0.01"":1,""0.1"":1,""1.0"":1}",1.0000872,False,unavailable,w91:p17,unavailable,positive-part maximum,first in producer sample order; tie count unavailable,unavailable,unavailable,16255,16256
c9d2325e783e57ac5eafa34d,zsre,R1_nonlearned,1,103,300,sampled_drift,capoff,loss,complete,16256,16256,8.7163537e-05,8.7163537e-05,0.0017432707,0.0087163537,1.4169305,"{""0.01"":1,""0.1"":1,""1.0"":1}",1.0000872,False,unavailable,w91:p17,unavailable,positive-part maximum,first in producer sample order; tie count unavailable,unavailable,unavailable,16255,16256
c9d2325e783e57ac5eafa34d,zsre,R1_nonlearned,1,103,1000,sampled_drift,original,loss,complete,16256,16256,0.00040522045,0.00040522045,0.008104409,0.040522045,4.6200869,"{""0.01"":3,""0.1"":3,""1.0"":2}",1.0004053,False,unavailable,w13:p31,unavailable,positive-part maximum,first in producer sample order; tie count unavailable,unavailable,unavailable,16253,16256
c9d2325e783e57ac5eafa34d,zsre,R1_nonlearned,1,103,1000,sampled_drift,capoff,loss,complete,16256,16256,0.00040522045,0.00040522045,0.008104409,0.040522045,4.6200869,"{""0.01"":3,""0.1"":3,""1.0"":2}",1.0004053,False,unavailable,w13:p31,unavailable,positive-part maximum,first in producer sample order; tie count unavailable,unavailable,unavailable,16253,16256
c9d2325e783e57ac5eafa34d,zsre,R1_nonlearned,1,103,1000,full_validation,capoff,loss,complete,245237,245237,0.0007165783,0.00073569547,0.014713909,0.073569547,7.0009927,"{""0.01"":{""count"":97,""denominator"":245237},""0.1"":{""count"":94,""denominator"":245237},""1.0"":{""count"":61,""denominator"":245237}}",1.0007168,False,7.0009927,w893:p35,1,signed maximum,first in producer window/position order; exact equality,"{""count"":245132,""denominator"":245237}","{""count"":245140,""denominator"":245237}",unavailable,unavailable
c9d2325e783e57ac5eafa34d,zsre,R1_nonlearned,1,103,1000,full_validation,capoff,kl,complete,245237,245237,0.00074254861,0.00074254861,0.014850972,0.074254861,7.0729662,"{""0.01"":{""count"":105,""denominator"":245237},""0.1"":{""count"":104,""denominator"":245237},""1.0"":{""count"":56,""denominator"":245237}}",unavailable,unavailable,7.0729662,w1235:p31,1,signed maximum,first in producer window/position order; exact equality,"{""count"":245132,""denominator"":245237}","{""count"":245132,""denominator"":245237}",unavailable,unavailable
c9d2325e783e57ac5eafa34d,zsre,R1_nonlearned,1,103,1000,full_validation,original,loss,complete,245237,245237,0.0007165783,0.00073569547,0.014713909,0.073569547,7.0009927,"{""0.01"":{""count"":97,""denominator"":245237},""0.1"":{""count"":94,""denominator"":245237},""1.0"":{""count"":61,""denominator"":245237}}",1.0007168,False,7.0009927,w893:p35,1,signed maximum,first in producer window/position order; exact equality,"{""count"":245132,""denominator"":245237}","{""count"":245140,""denominator"":245237}",unavailable,unavailable
c9d2325e783e57ac5eafa34d,zsre,R1_nonlearned,1,103,1000,full_validation,original,kl,complete,245237,245237,0.00074254861,0.00074254861,0.014850972,0.074254861,7.0729662,"{""0.01"":{""count"":105,""denominator"":245237},""0.1"":{""count"":104,""denominator"":245237},""1.0"":{""count"":56,""denominator"":245237}}",unavailable,unavailable,7.0729662,w1235:p31,1,signed maximum,first in producer window/position order; exact equality,"{""count"":245132,""denominator"":245237}","{""count"":245132,""denominator"":245237}",unavailable,unavailable
3fdc7c12d6d583f46608eac6,zsre,R1_nonlearned,1,104,100,sampled_drift,original,loss,complete,16256,16256,0,0,0,0,0,"{""0.01"":0,""0.1"":0,""1.0"":0}",1,False,unavailable,w0:p1,unavailable,positive-part maximum,first in producer sample order; tie count unavailable,unavailable,unavailable,16256,16256
3fdc7c12d6d583f46608eac6,zsre,R1_nonlearned,1,104,100,sampled_drift,capoff,loss,complete,16256,16256,0,0,0,0,0,"{""0.01"":0,""0.1"":0,""1.0"":0}",1,False,unavailable,w0:p1,unavailable,positive-part maximum,first in producer sample order; tie count unavailable,unavailable,unavailable,16256,16256
3fdc7c12d6d583f46608eac6,zsre,R1_nonlearned,1,104,300,sampled_drift,original,loss,complete,16256,16256,0,0,0,0,0,"{""0.01"":0,""0.1"":0,""1.0"":0}",1,False,unavailable,w0:p1,unavailable,positive-part maximum,first in producer sample order; tie count unavailable,unavailable,unavailable,16256,16256
3fdc7c12d6d583f46608eac6,zsre,R1_nonlearned,1,104,300,sampled_drift,capoff,loss,complete,16256,16256,0,0,0,0,0,"{""0.01"":0,""0.1"":0,""1.0"":0}",1,False,unavailable,w0:p1,unavailable,positive-part maximum,first in producer sample order; tie count unavailable,unavailable,unavailable,16256,16256
3fdc7c12d6d583f46608eac6,zsre,R1_nonlearned,1,104,1000,sampled_drift,original,loss,complete,16256,16256,0.00040522045,0.00040522045,0.008104409,0.040522045,4.6200869,"{""0.01"":3,""0.1"":3,""1.0"":2}",1.0004053,False,unavailable,w13:p31,unavailable,positive-part maximum,first in producer sample order; tie count unavailable,unavailable,unavailable,16253,16256
3fdc7c12d6d583f46608eac6,zsre,R1_nonlearned,1,104,1000,sampled_drift,capoff,loss,complete,16256,16256,0.00040522045,0.00040522045,0.008104409,0.040522045,4.6200869,"{""0.01"":3,""0.1"":3,""1.0"":2}",1.0004053,False,unavailable,w13:p31,unavailable,positive-part maximum,first in producer sample order; tie count unavailable,unavailable,unavailable,16253,16256
3fdc7c12d6d583f46608eac6,zsre,R1_nonlearned,1,104,1000,full_validation,capoff,loss,complete,245237,245237,0.0007165783,0.00073569547,0.014713909,0.073569547,7.0009927,"{""0.01"":{""count"":97,""denominator"":245237},""0.1"":{""count"":94,""denominator"":245237},""1.0"":{""count"":61,""denominator"":245237}}",1.0007168,False,7.0009927,w893:p35,1,signed maximum,first in producer window/position order; exact equality,"{""count"":245132,""denominator"":245237}","{""count"":245140,""denominator"":245237}",unavailable,unavailable
3fdc7c12d6d583f46608eac6,zsre,R1_nonlearned,1,104,1000,full_validation,capoff,kl,complete,245237,245237,0.00074254861,0.00074254861,0.014850972,0.074254861,7.0729662,"{""0.01"":{""count"":105,""denominator"":245237},""0.1"":{""count"":104,""denominator"":245237},""1.0"":{""count"":56,""denominator"":245237}}",unavailable,unavailable,7.0729662,w1235:p31,1,signed maximum,first in producer window/position order; exact equality,"{""count"":245132,""denominator"":245237}","{""count"":245132,""denominator"":245237}",unavailable,unavailable
3fdc7c12d6d583f46608eac6,zsre,R1_nonlearned,1,104,1000,full_validation,original,loss,complete,245237,245237,0.0007165783,0.00073569547,0.014713909,0.073569547,7.0009927,"{""0.01"":{""count"":97,""denominator"":245237},""0.1"":{""count"":94,""denominator"":245237},""1.0"":{""count"":61,""denominator"":245237}}",1.0007168,False,7.0009927,w893:p35,1,signed maximum,first in producer window/position order; exact equality,"{""count"":245132,""denominator"":245237}","{""count"":245140,""denominator"":245237}",unavailable,unavailable
3fdc7c12d6d583f46608eac6,zsre,R1_nonlearned,1,104,1000,full_validation,original,kl,complete,245237,245237,0.00074254861,0.00074254861,0.014850972,0.074254861,7.0729662,"{""0.01"":{""count"":105,""denominator"":245237},""0.1"":{""count"":104,""denominator"":245237},""1.0"":{""count"":56,""denominator"":245237}}",unavailable,unavailable,7.0729662,w1235:p31,1,signed maximum,first in producer window/position order; exact equality,"{""count"":245132,""denominator"":245237}","{""count"":245132,""denominator"":245237}",unavailable,unavailable
a7d551c093fd3333314813a5,counterfact,R1_nonlearned,1,100,100,sampled_drift,original,loss,complete,16256,16256,0.030918346,0.031259763,0.62519526,3.1150214,14.558462,"{""0.01"":172,""0.1"":171,""1.0"":129}",1.0314013,False,unavailable,w39:p17,unavailable,positive-part maximum,first in producer sample order; tie count unavailable,unavailable,unavailable,16084,16256
a7d551c093fd3333314813a5,counterfact,R1_nonlearned,1,100,100,sampled_drift,capoff,loss,complete,16256,16256,0.030918346,0.031259763,0.62519526,3.1150214,14.558462,"{""0.01"":172,""0.1"":171,""1.0"":129}",1.0314013,False,unavailable,w39:p17,unavailable,positive-part maximum,first in producer sample order; tie count unavailable,unavailable,unavailable,16084,16256
a7d551c093fd3333314813a5,counterfact,R1_nonlearned,1,100,300,sampled_drift,original,loss,complete,16256,16256,0.047567786,0.048050783,0.96101566,4.2772247,14.558462,"{""0.01"":262,""0.1"":258,""1.0"":202}",1.0487173,False,unavailable,w39:p17,unavailable,positive-part maximum,first in producer sample order; tie count unavailable,unavailable,unavailable,15994,16256
a7d551c093fd3333314813a5,counterfact,R1_nonlearned,1,100,300,sampled_drift,capoff,loss,complete,16256,16256,0.047567786,0.048050783,0.96101566,4.2772247,14.558462,"{""0.01"":262,""0.1"":258,""1.0"":202}",1.0487173,False,unavailable,w39:p17,unavailable,positive-part maximum,first in producer sample order; tie count unavailable,unavailable,unavailable,15994,16256
a7d551c093fd3333314813a5,counterfact,R1_nonlearned,1,100,1000,sampled_drift,original,loss,complete,16256,16256,0.094510799,0.095134538,1.9026908,6.2107243,16.674865,"{""0.01"":417,""0.1"":415,""1.0"":361}",1.099121,False,unavailable,w122:p34,unavailable,positive-part maximum,first in producer sample order; tie count unavailable,unavailable,unavailable,15839,16256
a7d551c093fd3333314813a5,counterfact,R1_nonlearned,1,100,1000,sampled_drift,capoff,loss,complete,16256,16256,0.094510799,0.095134538,1.9026908,6.2107243,16.674865,"{""0.01"":417,""0.1"":415,""1.0"":361}",1.099121,False,unavailable,w122:p34,unavailable,positive-part maximum,first in producer sample order; tie count unavailable,unavailable,unavailable,15839,16256
a7d551c093fd3333314813a5,counterfact,R1_nonlearned,1,100,1000,full_validation,capoff,loss,complete,245237,245237,0.088237412,0.088952298,1.779046,6.1451438,17.451522,"{""0.01"":{""count"":5743,""denominator"":245237},""0.1"":{""count"":5701,""denominator"":245237},""1.0"":{""count"":4975,""denominator"":245237}}",1.0922474,False,17.451522,w721:p15,1,signed maximum,first in producer window/position order; exact equality,"{""count"":239205,""denominator"":245237}","{""count"":239491,""denominator"":245237}",unavailable,unavailable
a7d551c093fd3333314813a5,counterfact,R1_nonlearned,1,100,1000,full_validation,capoff,kl,complete,245237,245237,0.089339357,0.089339357,1.7867871,6.0306885,16.722091,"{""0.01"":{""count"":6032,""denominator"":245237},""0.1"":{""count"":6010,""denominator"":245237},""1.0"":{""count"":4973,""denominator"":245237}}",unavailable,unavailable,16.722091,w721:p15,1,signed maximum,first in producer window/position order; exact equality,"{""count"":239205,""denominator"":245237}","{""count"":239205,""denominator"":245237}",unavailable,unavailable
a7d551c093fd3333314813a5,counterfact,R1_nonlearned,1,100,1000,full_validation,original,loss,complete,245237,245237,0.088237412,0.088952298,1.779046,6.1451438,17.451522,"{""0.01"":{""count"":5743,""denominator"":245237},""0.1"":{""count"":5701,""denominator"":245237},""1.0"":{""count"":4975,""denominator"":245237}}",1.0922474,False,17.451522,w721:p15,1,signed maximum,first in producer window/position order; exact equality,"{""count"":239205,""denominator"":245237}","{""count"":239491,""denominator"":245237}",unavailable,unavailable
a7d551c093fd3333314813a5,counterfact,R1_nonlearned,1,100,1000,full_validation,original,kl,complete,245237,245237,0.089339357,0.089339357,1.7867871,6.0306885,16.722091,"{""0.01"":{""count"":6032,""denominator"":245237},""0.1"":{""count"":6010,""denominator"":245237},""1.0"":{""count"":4973,""denominator"":245237}}",unavailable,unavailable,16.722091,w721:p15,1,signed maximum,first in producer window/position order; exact equality,"{""count"":239205,""denominator"":245237}","{""count"":239205,""denominator"":245237}",unavailable,unavailable
c402523c2460a62d6040ddd0,counterfact,R1_nonlearned,1,101,100,sampled_drift,original,loss,complete,16256,16256,0.030910371,0.031368396,0.62736792,3.1368396,13.024412,"{""0.01"":160,""0.1"":159,""1.0"":128}",1.0313931,False,unavailable,w122:p34,unavailable,positive-part maximum,first in producer sample order; tie count unavailable,unavailable,unavailable,16096,16256
c402523c2460a62d6040ddd0,counterfact,R1_nonlearned,1,101,100,sampled_drift,capoff,loss,complete,16256,16256,0.030910371,0.031368396,0.62736792,3.1368396,13.024412,"{""0.01"":160,""0.1"":159,""1.0"":128}",1.0313931,False,unavailable,w122:p34,unavailable,positive-part maximum,first in producer sample order; tie count unavailable,unavailable,unavailable,16096,16256
c402523c2460a62d6040ddd0,counterfact,R1_nonlearned,1,101,300,sampled_drift,original,loss,complete,16256,16256,0.045429645,0.046053351,0.92106703,4.2606035,13.024412,"{""0.01"":237,""0.1"":232,""1.0"":187}",1.0464774,False,unavailable,w122:p34,unavailable,positive-part maximum,first in producer sample order; tie count unavailable,unavailable,unavailable,16019,16256
c402523c2460a62d6040ddd0,counterfact,R1_nonlearned,1,101,300,sampled_drift,capoff,loss,complete,16256,16256,0.045429645,0.046053351,0.92106703,4.2606035,13.024412,"{""0.01"":237,""0.1"":232,""1.0"":187}",1.0464774,False,unavailable,w122:p34,unavailable,positive-part maximum,first in producer sample order; tie count unavailable,unavailable,unavailable,16019,16256
c402523c2460a62d6040ddd0,counterfact,R1_nonlearned,1,101,1000,sampled_drift,original,loss,complete,16256,16256,0.094510799,0.095134538,1.9026908,6.2107243,16.674865,"{""0.01"":417,""0.1"":415,""1.0"":361}",1.099121,False,unavailable,w122:p34,unavailable,positive-part maximum,first in producer sample order; tie count unavailable,unavailable,unavailable,15839,16256
c402523c2460a62d6040ddd0,counterfact,R1_nonlearned,1,101,1000,sampled_drift,capoff,loss,complete,16256,16256,0.094510799,0.095134538,1.9026908,6.2107243,16.674865,"{""0.01"":417,""0.1"":415,""1.0"":361}",1.099121,False,unavailable,w122:p34,unavailable,positive-part maximum,first in producer sample order; tie count unavailable,unavailable,unavailable,15839,16256
c402523c2460a62d6040ddd0,counterfact,R1_nonlearned,1,101,1000,full_validation,capoff,loss,complete,245237,245237,0.088237412,0.088952298,1.779046,6.1451438,17.451522,"{""0.01"":{""count"":5743,""denominator"":245237},""0.1"":{""count"":5701,""denominator"":245237},""1.0"":{""count"":4975,""denominator"":245237}}",1.0922474,False,17.451522,w721:p15,1,signed maximum,first in producer window/position order; exact equality,"{""count"":239205,""denominator"":245237}","{""count"":239491,""denominator"":245237}",unavailable,unavailable
c402523c2460a62d6040ddd0,counterfact,R1_nonlearned,1,101,1000,full_validation,capoff,kl,complete,245237,245237,0.089339357,0.089339357,1.7867871,6.0306885,16.722091,"{""0.01"":{""count"":6032,""denominator"":245237},""0.1"":{""count"":6010,""denominator"":245237},""1.0"":{""count"":4973,""denominator"":245237}}",unavailable,unavailable,16.722091,w721:p15,1,signed maximum,first in producer window/position order; exact equality,"{""count"":239205,""denominator"":245237}","{""count"":239205,""denominator"":245237}",unavailable,unavailable
c402523c2460a62d6040ddd0,counterfact,R1_nonlearned,1,101,1000,full_validation,original,loss,complete,245237,245237,0.088237412,0.088952298,1.779046,6.1451438,17.451522,"{""0.01"":{""count"":5743,""denominator"":245237},""0.1"":{""count"":5701,""denominator"":245237},""1.0"":{""count"":4975,""denominator"":245237}}",1.0922474,False,17.451522,w721:p15,1,signed maximum,first in producer window/position order; exact equality,"{""count"":239205,""denominator"":245237}","{""count"":239491,""denominator"":245237}",unavailable,unavailable
c402523c2460a62d6040ddd0,counterfact,R1_nonlearned,1,101,1000,full_validation,original,kl,complete,245237,245237,0.089339357,0.089339357,1.7867871,6.0306885,16.722091,"{""0.01"":{""count"":6032,""denominator"":245237},""0.1"":{""count"":6010,""denominator"":245237},""1.0"":{""count"":4973,""denominator"":245237}}",unavailable,unavailable,16.722091,w721:p15,1,signed maximum,first in producer window/position order; exact equality,"{""count"":239205,""denominator"":245237}","{""count"":239205,""denominator"":245237}",unavailable,unavailable
b103826472ba7653cd8fd13a,counterfact,R1_nonlearned,1,102,100,sampled_drift,original,loss,complete,16256,16256,0.034396269,0.034450811,0.68901623,3.4450811,14.558462,"{""0.01"":134,""0.1"":134,""1.0"":123}",1.0349947,False,unavailable,w39:p17,unavailable,positive-part maximum,first in producer sample order; tie count unavailable,unavailable,unavailable,16122,16256
b103826472ba7653cd8fd13a,counterfact,R1_nonlearned,1,102,100,sampled_drift,capoff,loss,complete,16256,16256,0.034396269,0.034450811,0.68901623,3.4450811,14.558462,"{""0.01"":134,""0.1"":134,""1.0"":123}",1.0349947,False,unavailable,w39:p17,unavailable,positive-part maximum,first in producer sample order; tie count unavailable,unavailable,unavailable,16122,16256
b103826472ba7653cd8fd13a,counterfact,R1_nonlearned,1,102,300,sampled_drift,original,loss,complete,16256,16256,0.045765611,0.046285093,0.92570186,4.2342861,14.558462,"{""0.01"":246,""0.1"":242,""1.0"":190}",1.046829,False,unavailable,w39:p17,unavailable,positive-part maximum,first in producer sample order; tie count unavailable,unavailable,unavailable,16010,16256
b103826472ba7653cd8fd13a,counterfact,R1_nonlearned,1,102,300,sampled_drift,capoff,loss,complete,16256,16256,0.045765611,0.046285093,0.92570186,4.2342861,14.558462,"{""0.01"":246,""0.1"":242,""1.0"":190}",1.046829,False,unavailable,w39:p17,unavailable,positive-part maximum,first in producer sample order; tie count unavailable,unavailable,unavailable,16010,16256
b103826472ba7653cd8fd13a,counterfact,R1_nonlearned,1,102,1000,sampled_drift,original,loss,complete,16256,16256,0.094510799,0.095134538,1.9026908,6.2107243,16.674865,"{""0.01"":417,""0.1"":415,""1.0"":361}",1.099121,False,unavailable,w122:p34,unavailable,positive-part maximum,first in producer sample order; tie count unavailable,unavailable,unavailable,15839,16256
b103826472ba7653cd8fd13a,counterfact,R1_nonlearned,1,102,1000,sampled_drift,capoff,loss,complete,16256,16256,0.094510799,0.095134538,1.9026908,6.2107243,16.674865,"{""0.01"":417,""0.1"":415,""1.0"":361}",1.099121,False,unavailable,w122:p34,unavailable,positive-part maximum,first in producer sample order; tie count unavailable,unavailable,unavailable,15839,16256
b103826472ba7653cd8fd13a,counterfact,R1_nonlearned,1,102,1000,full_validation,capoff,loss,complete,245237,245237,0.088237412,0.088952298,1.779046,6.1451438,17.451522,"{""0.01"":{""count"":5743,""denominator"":245237},""0.1"":{""count"":5701,""denominator"":245237},""1.0"":{""count"":4975,""denominator"":245237}}",1.0922474,False,17.451522,w721:p15,1,signed maximum,first in producer window/position order; exact equality,"{""count"":239205,""denominator"":245237}","{""count"":239491,""denominator"":245237}",unavailable,unavailable
b103826472ba7653cd8fd13a,counterfact,R1_nonlearned,1,102,1000,full_validation,capoff,kl,complete,245237,245237,0.089339357,0.089339357,1.7867871,6.0306885,16.722091,"{""0.01"":{""count"":6032,""denominator"":245237},""0.1"":{""count"":6010,""denominator"":245237},""1.0"":{""count"":4973,""denominator"":245237}}",unavailable,unavailable,16.722091,w721:p15,1,signed maximum,first in producer window/position order; exact equality,"{""count"":239205,""denominator"":245237}","{""count"":239205,""denominator"":245237}",unavailable,unavailable
b103826472ba7653cd8fd13a,counterfact,R1_nonlearned,1,102,1000,full_validation,original,loss,complete,245237,245237,0.088237412,0.088952298,1.779046,6.1451438,17.451522,"{""0.01"":{""count"":5743,""denominator"":245237},""0.1"":{""count"":5701,""denominator"":245237},""1.0"":{""count"":4975,""denominator"":245237}}",1.0922474,False,17.451522,w721:p15,1,signed maximum,first in producer window/position order; exact equality,"{""count"":239205,""denominator"":245237}","{""count"":239491,""denominator"":245237}",unavailable,unavailable
b103826472ba7653cd8fd13a,counterfact,R1_nonlearned,1,102,1000,full_validation,original,kl,complete,245237,245237,0.089339357,0.089339357,1.7867871,6.0306885,16.722091,"{""0.01"":{""count"":6032,""denominator"":245237},""0.1"":{""count"":6010,""denominator"":245237},""1.0"":{""count"":4973,""denominator"":245237}}",unavailable,unavailable,16.722091,w721:p15,1,signed maximum,first in producer window/position order; exact equality,"{""count"":239205,""denominator"":245237}","{""count"":239205,""denominator"":245237}",unavailable,unavailable
525ad705ad7008ed3ea378eb,counterfact,R1_nonlearned,1,103,100,sampled_drift,original,loss,complete,16256,16256,0.069776487,0.069841041,1.3968208,5.5474818,10.665844,"{""0.01"":280,""0.1"":280,""1.0"":262}",1.0722685,False,unavailable,w120:p30,unavailable,positive-part maximum,first in producer sample order; tie count unavailable,unavailable,unavailable,15976,16256
525ad705ad7008ed3ea378eb,counterfact,R1_nonlearned,1,103,100,sampled_drift,capoff,loss,complete,16256,16256,0.069776487,0.069841041,1.3968208,5.5474818,10.665844,"{""0.01"":280,""0.1"":280,""1.0"":262}",1.0722685,False,unavailable,w120:p30,unavailable,positive-part maximum,first in producer sample order; tie count unavailable,unavailable,unavailable,15976,16256
525ad705ad7008ed3ea378eb,counterfact,R1_nonlearned,1,103,300,sampled_drift,original,loss,complete,16256,16256,0.084111343,0.0842188,1.684376,6.1071539,16.674865,"{""0.01"":340,""0.1"":340,""1.0"":314}",1.08775,False,unavailable,w122:p34,unavailable,positive-part maximum,first in producer sample order; tie count unavailable,unavailable,unavailable,15916,16256
525ad705ad7008ed3ea378eb,counterfact,R1_nonlearned,1,103,300,sampled_drift,capoff,loss,complete,16256,16256,0.084111343,0.0842188,1.684376,6.1071539,16.674865,"{""0.01"":340,""0.1"":340,""1.0"":314}",1.08775,False,unavailable,w122:p34,unavailable,positive-part maximum,first in producer sample order; tie count unavailable,unavailable,unavailable,15916,16256
525ad705ad7008ed3ea378eb,counterfact,R1_nonlearned,1,103,1000,sampled_drift,original,loss,complete,16256,16256,0.094510799,0.095134538,1.9026908,6.2107243,16.674865,"{""0.01"":417,""0.1"":415,""1.0"":361}",1.099121,False,unavailable,w122:p34,unavailable,positive-part maximum,first in producer sample order; tie count unavailable,unavailable,unavailable,15839,16256
525ad705ad7008ed3ea378eb,counterfact,R1_nonlearned,1,103,1000,sampled_drift,capoff,loss,complete,16256,16256,0.094510799,0.095134538,1.9026908,6.2107243,16.674865,"{""0.01"":417,""0.1"":415,""1.0"":361}",1.099121,False,unavailable,w122:p34,unavailable,positive-part maximum,first in producer sample order; tie count unavailable,unavailable,unavailable,15839,16256
525ad705ad7008ed3ea378eb,counterfact,R1_nonlearned,1,103,1000,full_validation,capoff,loss,complete,245237,245237,0.088237412,0.088952298,1.779046,6.1451438,17.451522,"{""0.01"":{""count"":5743,""denominator"":245237},""0.1"":{""count"":5701,""denominator"":245237},""1.0"":{""count"":4975,""denominator"":245237}}",1.0922474,False,17.451522,w721:p15,1,signed maximum,first in producer window/position order; exact equality,"{""count"":239205,""denominator"":245237}","{""count"":239491,""denominator"":245237}",unavailable,unavailable
525ad705ad7008ed3ea378eb,counterfact,R1_nonlearned,1,103,1000,full_validation,capoff,kl,complete,245237,245237,0.089339357,0.089339357,1.7867871,6.0306885,16.722091,"{""0.01"":{""count"":6032,""denominator"":245237},""0.1"":{""count"":6010,""denominator"":245237},""1.0"":{""count"":4973,""denominator"":245237}}",unavailable,unavailable,16.722091,w721:p15,1,signed maximum,first in producer window/position order; exact equality,"{""count"":239205,""denominator"":245237}","{""count"":239205,""denominator"":245237}",unavailable,unavailable
525ad705ad7008ed3ea378eb,counterfact,R1_nonlearned,1,103,1000,full_validation,original,loss,complete,245237,245237,0.088237412,0.088952298,1.779046,6.1451438,17.451522,"{""0.01"":{""count"":5743,""denominator"":245237},""0.1"":{""count"":5701,""denominator"":245237},""1.0"":{""count"":4975,""denominator"":245237}}",1.0922474,False,17.451522,w721:p15,1,signed maximum,first in producer window/position order; exact equality,"{""count"":239205,""denominator"":245237}","{""count"":239491,""denominator"":245237}",unavailable,unavailable
525ad705ad7008ed3ea378eb,counterfact,R1_nonlearned,1,103,1000,full_validation,original,kl,complete,245237,245237,0.089339357,0.089339357,1.7867871,6.0306885,16.722091,"{""0.01"":{""count"":6032,""denominator"":245237},""0.1"":{""count"":6010,""denominator"":245237},""1.0"":{""count"":4973,""denominator"":245237}}",unavailable,unavailable,16.722091,w721:p15,1,signed maximum,first in producer window/position order; exact equality,"{""count"":239205,""denominator"":245237}","{""count"":239205,""denominator"":245237}",unavailable,unavailable
8a4bcb6e358e98c523b0d0c3,counterfact,R1_nonlearned,1,104,100,sampled_drift,original,loss,complete,16256,16256,0.03217178,0.032570645,0.65141291,3.2570645,16.674865,"{""0.01"":160,""0.1"":158,""1.0"":127}",1.0326949,False,unavailable,w122:p34,unavailable,positive-part maximum,first in producer sample order; tie count unavailable,unavailable,unavailable,16096,16256
8a4bcb6e358e98c523b0d0c3,counterfact,R1_nonlearned,1,104,100,sampled_drift,capoff,loss,complete,16256,16256,0.03217178,0.032570645,0.65141291,3.2570645,16.674865,"{""0.01"":160,""0.1"":158,""1.0"":127}",1.0326949,False,unavailable,w122:p34,unavailable,positive-part maximum,first in producer sample order; tie count unavailable,unavailable,unavailable,16096,16256
8a4bcb6e358e98c523b0d0c3,counterfact,R1_nonlearned,1,104,300,sampled_drift,original,loss,complete,16256,16256,0.082589867,0.082870982,1.6574196,5.9605201,16.674865,"{""0.01"":344,""0.1"":343,""1.0"":302}",1.0860963,False,unavailable,w122:p34,unavailable,positive-part maximum,first in producer sample order; tie count unavailable,unavailable,unavailable,15912,16256
8a4bcb6e358e98c523b0d0c3,counterfact,R1_nonlearned,1,104,300,sampled_drift,capoff,loss,complete,16256,16256,0.082589867,0.082870982,1.6574196,5.9605201,16.674865,"{""0.01"":344,""0.1"":343,""1.0"":302}",1.0860963,False,unavailable,w122:p34,unavailable,positive-part maximum,first in producer sample order; tie count unavailable,unavailable,unavailable,15912,16256
8a4bcb6e358e98c523b0d0c3,counterfact,R1_nonlearned,1,104,1000,sampled_drift,original,loss,complete,16256,16256,0.094510799,0.095134538,1.9026908,6.2107243,16.674865,"{""0.01"":417,""0.1"":415,""1.0"":361}",1.099121,False,unavailable,w122:p34,unavailable,positive-part maximum,first in producer sample order; tie count unavailable,unavailable,unavailable,15839,16256
8a4bcb6e358e98c523b0d0c3,counterfact,R1_nonlearned,1,104,1000,sampled_drift,capoff,loss,complete,16256,16256,0.094510799,0.095134538,1.9026908,6.2107243,16.674865,"{""0.01"":417,""0.1"":415,""1.0"":361}",1.099121,False,unavailable,w122:p34,unavailable,positive-part maximum,first in producer sample order; tie count unavailable,unavailable,unavailable,15839,16256
8a4bcb6e358e98c523b0d0c3,counterfact,R1_nonlearned,1,104,1000,full_validation,capoff,loss,complete,245237,245237,0.088237412,0.088952298,1.779046,6.1451438,17.451522,"{""0.01"":{""count"":5743,""denominator"":245237},""0.1"":{""count"":5701,""denominator"":245237},""1.0"":{""count"":4975,""denominator"":245237}}",1.0922474,False,17.451522,w721:p15,1,signed maximum,first in producer window/position order; exact equality,"{""count"":239205,""denominator"":245237}","{""count"":239491,""denominator"":245237}",unavailable,unavailable
8a4bcb6e358e98c523b0d0c3,counterfact,R1_nonlearned,1,104,1000,full_validation,capoff,kl,complete,245237,245237,0.089339357,0.089339357,1.7867871,6.0306885,16.722091,"{""0.01"":{""count"":6032,""denominator"":245237},""0.1"":{""count"":6010,""denominator"":245237},""1.0"":{""count"":4973,""denominator"":245237}}",unavailable,unavailable,16.722091,w721:p15,1,signed maximum,first in producer window/position order; exact equality,"{""count"":239205,""denominator"":245237}","{""count"":239205,""denominator"":245237}",unavailable,unavailable
8a4bcb6e358e98c523b0d0c3,counterfact,R1_nonlearned,1,104,1000,full_validation,original,loss,complete,245237,245237,0.088237412,0.088952298,1.779046,6.1451438,17.451522,"{""0.01"":{""count"":5743,""denominator"":245237},""0.1"":{""count"":5701,""denominator"":245237},""1.0"":{""count"":4975,""denominator"":245237}}",1.0922474,False,17.451522,w721:p15,1,signed maximum,first in producer window/position order; exact equality,"{""count"":239205,""denominator"":245237}","{""count"":239491,""denominator"":245237}",unavailable,unavailable
8a4bcb6e358e98c523b0d0c3,counterfact,R1_nonlearned,1,104,1000,full_validation,original,kl,complete,245237,245237,0.089339357,0.089339357,1.7867871,6.0306885,16.722091,"{""0.01"":{""count"":6032,""denominator"":245237},""0.1"":{""count"":6010,""denominator"":245237},""1.0"":{""count"":4973,""denominator"":245237}}",unavailable,unavailable,16.722091,w721:p15,1,signed maximum,first in producer window/position order; exact equality,"{""count"":239205,""denominator"":245237}","{""count"":239205,""denominator"":245237}",unavailable,unavailable
144f77ff21860a8a089a8080,mquake,R1_nonlearned,1,100,100,sampled_drift,original,loss,complete,16256,16256,0.010705683,0.010768833,0.21537666,1.0768833,8.1592667,"{""0.01"":57,""0.1"":57,""1.0"":46}",1.0107632,False,unavailable,w85:p12,unavailable,positive-part maximum,first in producer sample order; tie count unavailable,unavailable,unavailable,16199,16256
144f77ff21860a8a089a8080,mquake,R1_nonlearned,1,100,100,sampled_drift,capoff,loss,complete,16256,16256,0.010705683,0.010768833,0.21537666,1.0768833,8.1592667,"{""0.01"":57,""0.1"":57,""1.0"":46}",1.0107632,False,unavailable,w85:p12,unavailable,positive-part maximum,first in producer sample order; tie count unavailable,unavailable,unavailable,16199,16256
144f77ff21860a8a089a8080,mquake,R1_nonlearned,1,100,300,sampled_drift,original,loss,complete,16256,16256,0.014864662,0.014915338,0.29830675,1.4915338,8.1592667,"{""0.01"":82,""0.1"":81,""1.0"":62}",1.0149757,False,unavailable,w85:p12,unavailable,positive-part maximum,first in producer sample order; tie count unavailable,unavailable,unavailable,16174,16256
144f77ff21860a8a089a8080,mquake,R1_nonlearned,1,100,300,sampled_drift,capoff,loss,complete,16256,16256,0.014864662,0.014915338,0.29830675,1.4915338,8.1592667,"{""0.01"":82,""0.1"":81,""1.0"":62}",1.0149757,False,unavailable,w85:p12,unavailable,positive-part maximum,first in producer sample order; tie count unavailable,unavailable,unavailable,16174,16256
144f77ff21860a8a089a8080,mquake,R1_nonlearned,1,100,300,full_validation,capoff,loss,complete,245237,245237,0.012087147,0.012239675,0.2447935,1.2239675,12.770946,"{""0.01"":{""count"":993,""denominator"":245237},""0.1"":{""count"":981,""denominator"":245237},""1.0"":{""count"":818,""denominator"":245237}}",1.0121605,False,12.770946,w1468:p4,1,signed maximum,first in producer window/position order; exact equality,"{""count"":244193,""denominator"":245237}","{""count"":244242,""denominator"":245237}",unavailable,unavailable
144f77ff21860a8a089a8080,mquake,R1_nonlearned,1,100,300,full_validation,capoff,kl,complete,245237,245237,0.012111655,0.012111655,0.2422331,1.2111655,15.46165,"{""0.01"":{""count"":1044,""denominator"":245237},""0.1"":{""count"":1041,""denominator"":245237},""1.0"":{""count"":825,""denominator"":245237}}",unavailable,unavailable,15.46165,w812:p5,1,signed maximum,first in producer window/position order; exact equality,"{""count"":244193,""denominator"":245237}","{""count"":244193,""denominator"":245237}",unavailable,unavailable
144f77ff21860a8a089a8080,mquake,R1_nonlearned,1,100,300,full_validation,original,loss,complete,245237,245237,0.012087147,0.012239675,0.2447935,1.2239675,12.770946,"{""0.01"":{""count"":993,""denominator"":245237},""0.1"":{""count"":981,""denominator"":245237},""1.0"":{""count"":818,""denominator"":245237}}",1.0121605,False,12.770946,w1468:p4,1,signed maximum,first in producer window/position order; exact equality,"{""count"":244193,""denominator"":245237}","{""count"":244242,""denominator"":245237}",unavailable,unavailable
144f77ff21860a8a089a8080,mquake,R1_nonlearned,1,100,300,full_validation,original,kl,complete,245237,245237,0.012111655,0.012111655,0.2422331,1.2111655,15.46165,"{""0.01"":{""count"":1044,""denominator"":245237},""0.1"":{""count"":1041,""denominator"":245237},""1.0"":{""count"":825,""denominator"":245237}}",unavailable,unavailable,15.46165,w812:p5,1,signed maximum,first in producer window/position order; exact equality,"{""count"":244193,""denominator"":245237}","{""count"":244193,""denominator"":245237}",unavailable,unavailable
3c3212c0cad597bafe0d5782,mquake,R1_nonlearned,1,101,100,sampled_drift,original,loss,complete,16256,16256,0.012520117,0.012594176,0.25188353,1.2594176,8.9392903,"{""0.01"":63,""0.1"":63,""1.0"":49}",1.0125988,False,unavailable,w40:p2,unavailable,positive-part maximum,first in producer sample order; tie count unavailable,unavailable,unavailable,16193,16256
3c3212c0cad597bafe0d5782,mquake,R1_nonlearned,1,101,100,sampled_drift,capoff,loss,complete,16256,16256,0.012520117,0.012594176,0.25188353,1.2594176,8.9392903,"{""0.01"":63,""0.1"":63,""1.0"":49}",1.0125988,False,unavailable,w40:p2,unavailable,positive-part maximum,first in producer sample order; tie count unavailable,unavailable,unavailable,16193,16256
3c3212c0cad597bafe0d5782,mquake,R1_nonlearned,1,101,300,sampled_drift,original,loss,complete,16256,16256,0.014864662,0.014915338,0.29830675,1.4915338,8.1592667,"{""0.01"":82,""0.1"":81,""1.0"":62}",1.0149757,False,unavailable,w85:p12,unavailable,positive-part maximum,first in producer sample order; tie count unavailable,unavailable,unavailable,16174,16256
3c3212c0cad597bafe0d5782,mquake,R1_nonlearned,1,101,300,sampled_drift,capoff,loss,complete,16256,16256,0.014864662,0.014915338,0.29830675,1.4915338,8.1592667,"{""0.01"":82,""0.1"":81,""1.0"":62}",1.0149757,False,unavailable,w85:p12,unavailable,positive-part maximum,first in producer sample order; tie count unavailable,unavailable,unavailable,16174,16256
3c3212c0cad597bafe0d5782,mquake,R1_nonlearned,1,101,300,full_validation,capoff,loss,complete,245237,245237,0.012087147,0.012239675,0.2447935,1.2239675,12.770946,"{""0.01"":{""count"":993,""denominator"":245237},""0.1"":{""count"":981,""denominator"":245237},""1.0"":{""count"":818,""denominator"":245237}}",1.0121605,False,12.770946,w1468:p4,1,signed maximum,first in producer window/position order; exact equality,"{""count"":244193,""denominator"":245237}","{""count"":244242,""denominator"":245237}",unavailable,unavailable
3c3212c0cad597bafe0d5782,mquake,R1_nonlearned,1,101,300,full_validation,capoff,kl,complete,245237,245237,0.012111655,0.012111655,0.2422331,1.2111655,15.46165,"{""0.01"":{""count"":1044,""denominator"":245237},""0.1"":{""count"":1041,""denominator"":245237},""1.0"":{""count"":825,""denominator"":245237}}",unavailable,unavailable,15.46165,w812:p5,1,signed maximum,first in producer window/position order; exact equality,"{""count"":244193,""denominator"":245237}","{""count"":244193,""denominator"":245237}",unavailable,unavailable
3c3212c0cad597bafe0d5782,mquake,R1_nonlearned,1,101,300,full_validation,original,loss,complete,245237,245237,0.012087147,0.012239675,0.2447935,1.2239675,12.770946,"{""0.01"":{""count"":993,""denominator"":245237},""0.1"":{""count"":981,""denominator"":245237},""1.0"":{""count"":818,""denominator"":245237}}",1.0121605,False,12.770946,w1468:p4,1,signed maximum,first in producer window/position order; exact equality,"{""count"":244193,""denominator"":245237}","{""count"":244242,""denominator"":245237}",unavailable,unavailable
3c3212c0cad597bafe0d5782,mquake,R1_nonlearned,1,101,300,full_validation,original,kl,complete,245237,245237,0.012111655,0.012111655,0.2422331,1.2111655,15.46165,"{""0.01"":{""count"":1044,""denominator"":245237},""0.1"":{""count"":1041,""denominator"":245237},""1.0"":{""count"":825,""denominator"":245237}}",unavailable,unavailable,15.46165,w812:p5,1,signed maximum,first in producer window/position order; exact equality,"{""count"":244193,""denominator"":245237}","{""count"":244193,""denominator"":245237}",unavailable,unavailable
5d467b73f60b99b3d07f8c02,mquake,R1_nonlearned,1,102,100,sampled_drift,original,loss,complete,16256,16256,0.010401889,0.010557737,0.21115474,1.0557737,8.5824392,"{""0.01"":59,""0.1"":59,""1.0"":44}",1.0104562,False,unavailable,w122:p24,unavailable,positive-part maximum,first in producer sample order; tie count unavailable,unavailable,unavailable,16197,16256
5d467b73f60b99b3d07f8c02,mquake,R1_nonlearned,1,102,100,sampled_drift,capoff,loss,complete,16256,16256,0.010401889,0.010557737,0.21115474,1.0557737,8.5824392,"{""0.01"":59,""0.1"":59,""1.0"":44}",1.0104562,False,unavailable,w122:p24,unavailable,positive-part maximum,first in producer sample order; tie count unavailable,unavailable,unavailable,16197,16256
5d467b73f60b99b3d07f8c02,mquake,R1_nonlearned,1,102,300,sampled_drift,original,loss,complete,16256,16256,0.014864662,0.014915338,0.29830675,1.4915338,8.1592667,"{""0.01"":82,""0.1"":81,""1.0"":62}",1.0149757,False,unavailable,w85:p12,unavailable,positive-part maximum,first in producer sample order; tie count unavailable,unavailable,unavailable,16174,16256
5d467b73f60b99b3d07f8c02,mquake,R1_nonlearned,1,102,300,sampled_drift,capoff,loss,complete,16256,16256,0.014864662,0.014915338,0.29830675,1.4915338,8.1592667,"{""0.01"":82,""0.1"":81,""1.0"":62}",1.0149757,False,unavailable,w85:p12,unavailable,positive-part maximum,first in producer sample order; tie count unavailable,unavailable,unavailable,16174,16256
5d467b73f60b99b3d07f8c02,mquake,R1_nonlearned,1,102,300,full_validation,capoff,loss,complete,245237,245237,0.012087147,0.012239675,0.2447935,1.2239675,12.770946,"{""0.01"":{""count"":993,""denominator"":245237},""0.1"":{""count"":981,""denominator"":245237},""1.0"":{""count"":818,""denominator"":245237}}",1.0121605,False,12.770946,w1468:p4,1,signed maximum,first in producer window/position order; exact equality,"{""count"":244193,""denominator"":245237}","{""count"":244242,""denominator"":245237}",unavailable,unavailable
5d467b73f60b99b3d07f8c02,mquake,R1_nonlearned,1,102,300,full_validation,capoff,kl,complete,245237,245237,0.012111655,0.012111655,0.2422331,1.2111655,15.46165,"{""0.01"":{""count"":1044,""denominator"":245237},""0.1"":{""count"":1041,""denominator"":245237},""1.0"":{""count"":825,""denominator"":245237}}",unavailable,unavailable,15.46165,w812:p5,1,signed maximum,first in producer window/position order; exact equality,"{""count"":244193,""denominator"":245237}","{""count"":244193,""denominator"":245237}",unavailable,unavailable
5d467b73f60b99b3d07f8c02,mquake,R1_nonlearned,1,102,300,full_validation,original,loss,complete,245237,245237,0.012087147,0.012239675,0.2447935,1.2239675,12.770946,"{""0.01"":{""count"":993,""denominator"":245237},""0.1"":{""count"":981,""denominator"":245237},""1.0"":{""count"":818,""denominator"":245237}}",1.0121605,False,12.770946,w1468:p4,1,signed maximum,first in producer window/position order; exact equality,"{""count"":244193,""denominator"":245237}","{""count"":244242,""denominator"":245237}",unavailable,unavailable
5d467b73f60b99b3d07f8c02,mquake,R1_nonlearned,1,102,300,full_validation,original,kl,complete,245237,245237,0.012111655,0.012111655,0.2422331,1.2111655,15.46165,"{""0.01"":{""count"":1044,""denominator"":245237},""0.1"":{""count"":1041,""denominator"":245237},""1.0"":{""count"":825,""denominator"":245237}}",unavailable,unavailable,15.46165,w812:p5,1,signed maximum,first in producer window/position order; exact equality,"{""count"":244193,""denominator"":245237}","{""count"":244193,""denominator"":245237}",unavailable,unavailable
a81b13b1b22e0bfe489daaa0,mquake,R1_nonlearned,1,103,100,sampled_drift,original,loss,complete,16256,16256,0.011450833,0.011493562,0.22987125,1.1493562,8.5824392,"{""0.01"":65,""0.1"":65,""1.0"":51}",1.0115166,False,unavailable,w122:p24,unavailable,positive-part maximum,first in producer sample order; tie count unavailable,unavailable,unavailable,16191,16256
a81b13b1b22e0bfe489daaa0,mquake,R1_nonlearned,1,103,100,sampled_drift,capoff,loss,complete,16256,16256,0.011450833,0.011493562,0.22987125,1.1493562,8.5824392,"{""0.01"":65,""0.1"":65,""1.0"":51}",1.0115166,False,unavailable,w122:p24,unavailable,positive-part maximum,first in producer sample order; tie count unavailable,unavailable,unavailable,16191,16256
a81b13b1b22e0bfe489daaa0,mquake,R1_nonlearned,1,103,300,sampled_drift,original,loss,complete,16256,16256,0.014864662,0.014915338,0.29830675,1.4915338,8.1592667,"{""0.01"":82,""0.1"":81,""1.0"":62}",1.0149757,False,unavailable,w85:p12,unavailable,positive-part maximum,first in producer sample order; tie count unavailable,unavailable,unavailable,16174,16256
a81b13b1b22e0bfe489daaa0,mquake,R1_nonlearned,1,103,300,sampled_drift,capoff,loss,complete,16256,16256,0.014864662,0.014915338,0.29830675,1.4915338,8.1592667,"{""0.01"":82,""0.1"":81,""1.0"":62}",1.0149757,False,unavailable,w85:p12,unavailable,positive-part maximum,first in producer sample order; tie count unavailable,unavailable,unavailable,16174,16256
a81b13b1b22e0bfe489daaa0,mquake,R1_nonlearned,1,103,300,full_validation,capoff,loss,complete,245237,245237,0.012087147,0.012239675,0.2447935,1.2239675,12.770946,"{""0.01"":{""count"":993,""denominator"":245237},""0.1"":{""count"":981,""denominator"":245237},""1.0"":{""count"":818,""denominator"":245237}}",1.0121605,False,12.770946,w1468:p4,1,signed maximum,first in producer window/position order; exact equality,"{""count"":244193,""denominator"":245237}","{""count"":244242,""denominator"":245237}",unavailable,unavailable
a81b13b1b22e0bfe489daaa0,mquake,R1_nonlearned,1,103,300,full_validation,capoff,kl,complete,245237,245237,0.012111655,0.012111655,0.2422331,1.2111655,15.46165,"{""0.01"":{""count"":1044,""denominator"":245237},""0.1"":{""count"":1041,""denominator"":245237},""1.0"":{""count"":825,""denominator"":245237}}",unavailable,unavailable,15.46165,w812:p5,1,signed maximum,first in producer window/position order; exact equality,"{""count"":244193,""denominator"":245237}","{""count"":244193,""denominator"":245237}",unavailable,unavailable
a81b13b1b22e0bfe489daaa0,mquake,R1_nonlearned,1,103,300,full_validation,original,loss,complete,245237,245237,0.012087147,0.012239675,0.2447935,1.2239675,12.770946,"{""0.01"":{""count"":993,""denominator"":245237},""0.1"":{""count"":981,""denominator"":245237},""1.0"":{""count"":818,""denominator"":245237}}",1.0121605,False,12.770946,w1468:p4,1,signed maximum,first in producer window/position order; exact equality,"{""count"":244193,""denominator"":245237}","{""count"":244242,""denominator"":245237}",unavailable,unavailable
a81b13b1b22e0bfe489daaa0,mquake,R1_nonlearned,1,103,300,full_validation,original,kl,complete,245237,245237,0.012111655,0.012111655,0.2422331,1.2111655,15.46165,"{""0.01"":{""count"":1044,""denominator"":245237},""0.1"":{""count"":1041,""denominator"":245237},""1.0"":{""count"":825,""denominator"":245237}}",unavailable,unavailable,15.46165,w812:p5,1,signed maximum,first in producer window/position order; exact equality,"{""count"":244193,""denominator"":245237}","{""count"":244193,""denominator"":245237}",unavailable,unavailable
1aff34869825a76d502d92a3,mquake,R1_nonlearned,1,104,100,sampled_drift,original,loss,complete,16256,16256,0.011476609,0.011566505,0.2313301,1.1566505,8.0460071,"{""0.01"":63,""0.1"":63,""1.0"":49}",1.0115427,False,unavailable,w68:p7,unavailable,positive-part maximum,first in producer sample order; tie count unavailable,unavailable,unavailable,16193,16256
1aff34869825a76d502d92a3,mquake,R1_nonlearned,1,104,100,sampled_drift,capoff,loss,complete,16256,16256,0.011476609,0.011566505,0.2313301,1.1566505,8.0460071,"{""0.01"":63,""0.1"":63,""1.0"":49}",1.0115427,False,unavailable,w68:p7,unavailable,positive-part maximum,first in producer sample order; tie count unavailable,unavailable,unavailable,16193,16256
1aff34869825a76d502d92a3,mquake,R1_nonlearned,1,104,300,sampled_drift,original,loss,complete,16256,16256,0.014864662,0.014915338,0.29830675,1.4915338,8.1592667,"{""0.01"":82,""0.1"":81,""1.0"":62}",1.0149757,False,unavailable,w85:p12,unavailable,positive-part maximum,first in producer sample order; tie count unavailable,unavailable,unavailable,16174,16256
1aff34869825a76d502d92a3,mquake,R1_nonlearned,1,104,300,sampled_drift,capoff,loss,complete,16256,16256,0.014864662,0.014915338,0.29830675,1.4915338,8.1592667,"{""0.01"":82,""0.1"":81,""1.0"":62}",1.0149757,False,unavailable,w85:p12,unavailable,positive-part maximum,first in producer sample order; tie count unavailable,unavailable,unavailable,16174,16256
1aff34869825a76d502d92a3,mquake,R1_nonlearned,1,104,300,full_validation,capoff,loss,complete,245237,245237,0.012087147,0.012239675,0.2447935,1.2239675,12.770946,"{""0.01"":{""count"":993,""denominator"":245237},""0.1"":{""count"":981,""denominator"":245237},""1.0"":{""count"":818,""denominator"":245237}}",1.0121605,False,12.770946,w1468:p4,1,signed maximum,first in producer window/position order; exact equality,"{""count"":244193,""denominator"":245237}","{""count"":244242,""denominator"":245237}",unavailable,unavailable
1aff34869825a76d502d92a3,mquake,R1_nonlearned,1,104,300,full_validation,capoff,kl,complete,245237,245237,0.012111655,0.012111655,0.2422331,1.2111655,15.46165,"{""0.01"":{""count"":1044,""denominator"":245237},""0.1"":{""count"":1041,""denominator"":245237},""1.0"":{""count"":825,""denominator"":245237}}",unavailable,unavailable,15.46165,w812:p5,1,signed maximum,first in producer window/position order; exact equality,"{""count"":244193,""denominator"":245237}","{""count"":244193,""denominator"":245237}",unavailable,unavailable
1aff34869825a76d502d92a3,mquake,R1_nonlearned,1,104,300,full_validation,original,loss,complete,245237,245237,0.012087147,0.012239675,0.2447935,1.2239675,12.770946,"{""0.01"":{""count"":993,""denominator"":245237},""0.1"":{""count"":981,""denominator"":245237},""1.0"":{""count"":818,""denominator"":245237}}",1.0121605,False,12.770946,w1468:p4,1,signed maximum,first in producer window/position order; exact equality,"{""count"":244193,""denominator"":245237}","{""count"":244242,""denominator"":245237}",unavailable,unavailable
1aff34869825a76d502d92a3,mquake,R1_nonlearned,1,104,300,full_validation,original,kl,complete,245237,245237,0.012111655,0.012111655,0.2422331,1.2111655,15.46165,"{""0.01"":{""count"":1044,""denominator"":245237},""0.1"":{""count"":1041,""denominator"":245237},""1.0"":{""count"":825,""denominator"":245237}}",unavailable,unavailable,15.46165,w812:p5,1,signed maximum,first in producer window/position order; exact equality,"{""count"":244193,""denominator"":245237}","{""count"":244193,""denominator"":245237}",unavailable,unavailable
3b70d3d44297fc1197610228,zsre,v0_stable,1,100,100,sampled_drift,original,loss,complete,16256,16256,0.00032781886,0.00034401872,0.0068803744,0.034401872,1.8316268,"{""0.01"":7,""0.1"":7,""1.0"":2}",1.0003279,False,unavailable,w23:p7,unavailable,positive-part maximum,first in producer sample order; tie count unavailable,unavailable,unavailable,16249,16256
3b70d3d44297fc1197610228,zsre,v0_stable,1,100,100,sampled_drift,capoff,loss,complete,16256,16256,0.00032781886,0.00034401872,0.0068803744,0.034401872,1.8316268,"{""0.01"":7,""0.1"":7,""1.0"":2}",1.0003279,False,unavailable,w23:p7,unavailable,positive-part maximum,first in producer sample order; tie count unavailable,unavailable,unavailable,16249,16256
3b70d3d44297fc1197610228,zsre,v0_stable,1,100,300,sampled_drift,original,loss,complete,16256,16256,0.00036003352,0.00040109806,0.0080219612,0.040109806,1.8316268,"{""0.01"":11,""0.1"":11,""1.0"":2}",1.0003601,False,unavailable,w23:p7,unavailable,positive-part maximum,first in producer sample order; tie count unavailable,unavailable,unavailable,16245,16256
3b70d3d44297fc1197610228,zsre,v0_stable,1,100,300,sampled_drift,capoff,loss,complete,16256,16256,0.00036003352,0.00040109806,0.0080219612,0.040109806,1.8316268,"{""0.01"":11,""0.1"":11,""1.0"":2}",1.0003601,False,unavailable,w23:p7,unavailable,positive-part maximum,first in producer sample order; tie count unavailable,unavailable,unavailable,16245,16256
3b70d3d44297fc1197610228,zsre,v0_stable,1,100,1000,sampled_drift,original,loss,complete,16256,16256,0.0023016206,0.0023485098,0.046970195,0.23485098,18.561641,"{""0.01"":21,""0.1"":20,""1.0"":7}",1.0023043,False,unavailable,w34:p5,unavailable,positive-part maximum,first in producer sample order; tie count unavailable,unavailable,unavailable,16235,16256
3b70d3d44297fc1197610228,zsre,v0_stable,1,100,1000,sampled_drift,capoff,loss,complete,16256,16256,0.0023016206,0.0023485098,0.046970195,0.23485098,18.561641,"{""0.01"":21,""0.1"":20,""1.0"":7}",1.0023043,False,unavailable,w34:p5,unavailable,positive-part maximum,first in producer sample order; tie count unavailable,unavailable,unavailable,16235,16256
3b70d3d44297fc1197610228,zsre,v0_stable,1,100,1000,full_validation,capoff,loss,complete,245237,245237,0.001591259,0.0018053996,0.036107991,0.18053996,26.287621,"{""0.01"":{""count"":216,""denominator"":245237},""0.1"":{""count"":187,""denominator"":245237},""1.0"":{""count"":81,""denominator"":245237}}",1.0015925,False,26.287621,w533:p6,1,signed maximum,first in producer window/position order; exact equality,"{""count"":244895,""denominator"":245237}","{""count"":245019,""denominator"":245237}",unavailable,unavailable
3b70d3d44297fc1197610228,zsre,v0_stable,1,100,1000,full_validation,capoff,kl,complete,245237,245237,0.0015718219,0.0015718219,0.031436439,0.15718219,25.328265,"{""0.01"":{""count"":336,""denominator"":245237},""0.1"":{""count"":224,""denominator"":245237},""1.0"":{""count"":71,""denominator"":245237}}",unavailable,unavailable,25.328265,w503:p19,1,signed maximum,first in producer window/position order; exact equality,"{""count"":244895,""denominator"":245237}","{""count"":244895,""denominator"":245237}",unavailable,unavailable
3b70d3d44297fc1197610228,zsre,v0_stable,1,100,1000,full_validation,original,loss,complete,245237,245237,0.001591259,0.0018053996,0.036107991,0.18053996,26.287621,"{""0.01"":{""count"":216,""denominator"":245237},""0.1"":{""count"":187,""denominator"":245237},""1.0"":{""count"":81,""denominator"":245237}}",1.0015925,False,26.287621,w533:p6,1,signed maximum,first in producer window/position order; exact equality,"{""count"":244895,""denominator"":245237}","{""count"":245019,""denominator"":245237}",unavailable,unavailable
3b70d3d44297fc1197610228,zsre,v0_stable,1,100,1000,full_validation,original,kl,complete,245237,245237,0.0015718219,0.0015718219,0.031436439,0.15718219,25.328265,"{""0.01"":{""count"":336,""denominator"":245237},""0.1"":{""count"":224,""denominator"":245237},""1.0"":{""count"":71,""denominator"":245237}}",unavailable,unavailable,25.328265,w503:p19,1,signed maximum,first in producer window/position order; exact equality,"{""count"":244895,""denominator"":245237}","{""count"":244895,""denominator"":245237}",unavailable,unavailable
84bae28d26e5f5a3e555b601,zsre,v0_stable,1,101,100,sampled_drift,original,loss,complete,16256,16256,0.0001209788,0.00017574043,0.0035148086,0.017574043,0.93623724,"{""0.01"":8,""0.1"":8,""1.0"":0}",1.000121,False,unavailable,w13:p2,unavailable,positive-part maximum,first in producer sample order; tie count unavailable,unavailable,unavailable,16248,16256
84bae28d26e5f5a3e555b601,zsre,v0_stable,1,101,100,sampled_drift,capoff,loss,complete,16256,16256,0.0001209788,0.00017574043,0.0035148086,0.017574043,0.93623724,"{""0.01"":8,""0.1"":8,""1.0"":0}",1.000121,False,unavailable,w13:p2,unavailable,positive-part maximum,first in producer sample order; tie count unavailable,unavailable,unavailable,16248,16256
84bae28d26e5f5a3e555b601,zsre,v0_stable,1,101,300,sampled_drift,original,loss,complete,16256,16256,0.00013105211,0.00019523717,0.0039047433,0.019523717,0.93623724,"{""0.01"":7,""0.1"":7,""1.0"":0}",1.0001311,False,unavailable,w13:p2,unavailable,positive-part maximum,first in producer sample order; tie count unavailable,unavailable,unavailable,16249,16256
84bae28d26e5f5a3e555b601,zsre,v0_stable,1,101,300,sampled_drift,capoff,loss,complete,16256,16256,0.00013105211,0.00019523717,0.0039047433,0.019523717,0.93623724,"{""0.01"":7,""0.1"":7,""1.0"":0}",1.0001311,False,unavailable,w13:p2,unavailable,positive-part maximum,first in producer sample order; tie count unavailable,unavailable,unavailable,16249,16256
84bae28d26e5f5a3e555b601,zsre,v0_stable,1,101,1000,sampled_drift,original,loss,complete,16256,16256,0.0018772506,0.0019326193,0.038652385,0.19326193,18.561641,"{""0.01"":27,""0.1"":23,""1.0"":5}",1.001879,False,unavailable,w34:p5,unavailable,positive-part maximum,first in producer sample order; tie count unavailable,unavailable,unavailable,16229,16256
84bae28d26e5f5a3e555b601,zsre,v0_stable,1,101,1000,sampled_drift,capoff,loss,complete,16256,16256,0.0018772506,0.0019326193,0.038652385,0.19326193,18.561641,"{""0.01"":27,""0.1"":23,""1.0"":5}",1.001879,False,unavailable,w34:p5,unavailable,positive-part maximum,first in producer sample order; tie count unavailable,unavailable,unavailable,16229,16256
84bae28d26e5f5a3e555b601,zsre,v0_stable,1,101,1000,full_validation,capoff,loss,complete,245237,245237,0.0027731208,0.0031178861,0.062357723,0.31178861,26.287621,"{""0.01"":{""count"":476,""denominator"":245237},""0.1"":{""count"":403,""denominator"":245237},""1.0"":{""count"":97,""denominator"":245237}}",1.002777,False,26.287621,w533:p6,1,signed maximum,first in producer window/position order; exact equality,"{""count"":244483,""denominator"":245237}","{""count"":244753,""denominator"":245237}",unavailable,unavailable
84bae28d26e5f5a3e555b601,zsre,v0_stable,1,101,1000,full_validation,capoff,kl,complete,245237,245237,0.0027403037,0.0027403037,0.054806075,0.27403037,25.328265,"{""0.01"":{""count"":748,""denominator"":245237},""0.1"":{""count"":268,""denominator"":245237},""1.0"":{""count"":84,""denominator"":245237}}",unavailable,unavailable,25.328265,w503:p19,1,signed maximum,first in producer window/position order; exact equality,"{""count"":244483,""denominator"":245237}","{""count"":244483,""denominator"":245237}",unavailable,unavailable
84bae28d26e5f5a3e555b601,zsre,v0_stable,1,101,1000,full_validation,original,loss,complete,245237,245237,0.0027731208,0.0031178861,0.062357723,0.31178861,26.287621,"{""0.01"":{""count"":476,""denominator"":245237},""0.1"":{""count"":403,""denominator"":245237},""1.0"":{""count"":97,""denominator"":245237}}",1.002777,False,26.287621,w533:p6,1,signed maximum,first in producer window/position order; exact equality,"{""count"":244483,""denominator"":245237}","{""count"":244753,""denominator"":245237}",unavailable,unavailable
84bae28d26e5f5a3e555b601,zsre,v0_stable,1,101,1000,full_validation,original,kl,complete,245237,245237,0.0027403037,0.0027403037,0.054806075,0.27403037,25.328265,"{""0.01"":{""count"":748,""denominator"":245237},""0.1"":{""count"":268,""denominator"":245237},""1.0"":{""count"":84,""denominator"":245237}}",unavailable,unavailable,25.328265,w503:p19,1,signed maximum,first in producer window/position order; exact equality,"{""count"":244483,""denominator"":245237}","{""count"":244483,""denominator"":245237}",unavailable,unavailable
07b9bad1f676110cb8bae7df,zsre,v0_stable,1,102,100,sampled_drift,original,loss,complete,16256,16256,0.0003221073,0.00036457538,0.0072915077,0.036457538,1.817716,"{""0.01"":7,""0.1"":7,""1.0"":2}",1.0003222,False,unavailable,w48:p19,unavailable,positive-part maximum,first in producer sample order; tie count unavailable,unavailable,unavailable,16249,16256
07b9bad1f676110cb8bae7df,zsre,v0_stable,1,102,100,sampled_drift,capoff,loss,complete,16256,16256,0.0003221073,0.00036457538,0.0072915077,0.036457538,1.817716,"{""0.01"":7,""0.1"":7,""1.0"":2}",1.0003222,False,unavailable,w48:p19,unavailable,positive-part maximum,first in producer sample order; tie count unavailable,unavailable,unavailable,16249,16256
07b9bad1f676110cb8bae7df,zsre,v0_stable,1,102,300,sampled_drift,original,loss,complete,16256,16256,0.0012241336,0.0012982134,0.025964268,0.12982134,18.561641,"{""0.01"":4,""0.1"":4,""1.0"":2}",1.0012249,False,unavailable,w34:p5,unavailable,positive-part maximum,first in producer sample order; tie count unavailable,unavailable,unavailable,16252,16256
07b9bad1f676110cb8bae7df,zsre,v0_stable,1,102,300,sampled_drift,capoff,loss,complete,16256,16256,0.0012241336,0.0012982134,0.025964268,0.12982134,18.561641,"{""0.01"":4,""0.1"":4,""1.0"":2}",1.0012249,False,unavailable,w34:p5,unavailable,positive-part maximum,first in producer sample order; tie count unavailable,unavailable,unavailable,16252,16256
07b9bad1f676110cb8bae7df,zsre,v0_stable,1,102,1000,sampled_drift,original,loss,complete,16256,16256,0.0010551535,0.0011207933,0.022415865,0.11207933,5.951528,"{""0.01"":19,""0.1"":19,""1.0"":6}",1.0010557,False,unavailable,w104:p58,unavailable,positive-part maximum,first in producer sample order; tie count unavailable,unavailable,unavailable,16237,16256
07b9bad1f676110cb8bae7df,zsre,v0_stable,1,102,1000,sampled_drift,capoff,loss,complete,16256,16256,0.0010551535,0.0011207933,0.022415865,0.11207933,5.951528,"{""0.01"":19,""0.1"":19,""1.0"":6}",1.0010557,False,unavailable,w104:p58,unavailable,positive-part maximum,first in producer sample order; tie count unavailable,unavailable,unavailable,16237,16256
07b9bad1f676110cb8bae7df,zsre,v0_stable,1,102,1000,full_validation,capoff,loss,complete,245237,245237,0.0020783332,0.0023628535,0.047257069,0.23628535,26.287621,"{""0.01"":{""count"":273,""denominator"":245237},""0.1"":{""count"":236,""denominator"":245237},""1.0"":{""count"":98,""denominator"":245237}}",1.0020805,False,26.287621,w533:p6,1,signed maximum,first in producer window/position order; exact equality,"{""count"":244777,""denominator"":245237}","{""count"":244958,""denominator"":245237}",unavailable,unavailable
07b9bad1f676110cb8bae7df,zsre,v0_stable,1,102,1000,full_validation,capoff,kl,complete,245237,245237,0.0021047548,0.0021047548,0.042095096,0.21047548,25.328265,"{""0.01"":{""count"":452,""denominator"":245237},""0.1"":{""count"":270,""denominator"":245237},""1.0"":{""count"":79,""denominator"":245237}}",unavailable,unavailable,25.328265,w503:p19,1,signed maximum,first in producer window/position order; exact equality,"{""count"":244777,""denominator"":245237}","{""count"":244777,""denominator"":245237}",unavailable,unavailable
07b9bad1f676110cb8bae7df,zsre,v0_stable,1,102,1000,full_validation,original,loss,complete,245237,245237,0.0020783332,0.0023628535,0.047257069,0.23628535,26.287621,"{""0.01"":{""count"":273,""denominator"":245237},""0.1"":{""count"":236,""denominator"":245237},""1.0"":{""count"":98,""denominator"":245237}}",1.0020805,False,26.287621,w533:p6,1,signed maximum,first in producer window/position order; exact equality,"{""count"":244777,""denominator"":245237}","{""count"":244958,""denominator"":245237}",unavailable,unavailable
07b9bad1f676110cb8bae7df,zsre,v0_stable,1,102,1000,full_validation,original,kl,complete,245237,245237,0.0021047548,0.0021047548,0.042095096,0.21047548,25.328265,"{""0.01"":{""count"":452,""denominator"":245237},""0.1"":{""count"":270,""denominator"":245237},""1.0"":{""count"":79,""denominator"":245237}}",unavailable,unavailable,25.328265,w503:p19,1,signed maximum,first in producer window/position order; exact equality,"{""count"":244777,""denominator"":245237}","{""count"":244777,""denominator"":245237}",unavailable,unavailable
0ff8a61a760d6836f469629b,zsre,v0_stable,1,103,100,sampled_drift,original,loss,complete,16256,16256,6.7772239e-05,7.1392636e-05,0.0014278527,0.0071392636,0.68485252,"{""0.01"":2,""0.1"":2,""1.0"":0}",1.0000678,False,unavailable,w38:p32,unavailable,positive-part maximum,first in producer sample order; tie count unavailable,unavailable,unavailable,16254,16256
0ff8a61a760d6836f469629b,zsre,v0_stable,1,103,100,sampled_drift,capoff,loss,complete,16256,16256,6.7772239e-05,7.1392636e-05,0.0014278527,0.0071392636,0.68485252,"{""0.01"":2,""0.1"":2,""1.0"":0}",1.0000678,False,unavailable,w38:p32,unavailable,positive-part maximum,first in producer sample order; tie count unavailable,unavailable,unavailable,16254,16256
0ff8a61a760d6836f469629b,zsre,v0_stable,1,103,300,sampled_drift,original,loss,complete,16256,16256,0.00013707233,0.00020093005,0.004018601,0.020093005,0.68485252,"{""0.01"":9,""0.1"":9,""1.0"":0}",1.0001371,False,unavailable,w38:p32,unavailable,positive-part maximum,first in producer sample order; tie count unavailable,unavailable,unavailable,16247,16256
0ff8a61a760d6836f469629b,zsre,v0_stable,1,103,300,sampled_drift,capoff,loss,complete,16256,16256,0.00013707233,0.00020093005,0.004018601,0.020093005,0.68485252,"{""0.01"":9,""0.1"":9,""1.0"":0}",1.0001371,False,unavailable,w38:p32,unavailable,positive-part maximum,first in producer sample order; tie count unavailable,unavailable,unavailable,16247,16256
0ff8a61a760d6836f469629b,zsre,v0_stable,1,103,1000,sampled_drift,original,loss,complete,16256,16256,0.0020321492,0.0021010046,0.042020091,0.21010046,18.561641,"{""0.01"":15,""0.1"":14,""1.0"":5}",1.0020342,False,unavailable,w34:p5,unavailable,positive-part maximum,first in producer sample order; tie count unavailable,unavailable,unavailable,16241,16256
0ff8a61a760d6836f469629b,zsre,v0_stable,1,103,1000,sampled_drift,capoff,loss,complete,16256,16256,0.0020321492,0.0021010046,0.042020091,0.21010046,18.561641,"{""0.01"":15,""0.1"":14,""1.0"":5}",1.0020342,False,unavailable,w34:p5,unavailable,positive-part maximum,first in producer sample order; tie count unavailable,unavailable,unavailable,16241,16256
0ff8a61a760d6836f469629b,zsre,v0_stable,1,103,1000,full_validation,capoff,loss,complete,245237,245237,0.0015745178,0.0017328479,0.034656959,0.17328479,26.287621,"{""0.01"":{""count"":204,""denominator"":245237},""0.1"":{""count"":177,""denominator"":245237},""1.0"":{""count"":79,""denominator"":245237}}",1.0015758,False,26.287621,w533:p6,1,signed maximum,first in producer window/position order; exact equality,"{""count"":244913,""denominator"":245237}","{""count"":245031,""denominator"":245237}",unavailable,unavailable
0ff8a61a760d6836f469629b,zsre,v0_stable,1,103,1000,full_validation,capoff,kl,complete,245237,245237,0.001508032,0.001508032,0.03016064,0.1508032,25.328265,"{""0.01"":{""count"":319,""denominator"":245237},""0.1"":{""count"":224,""denominator"":245237},""1.0"":{""count"":59,""denominator"":245237}}",unavailable,unavailable,25.328265,w503:p19,1,signed maximum,first in producer window/position order; exact equality,"{""count"":244913,""denominator"":245237}","{""count"":244913,""denominator"":245237}",unavailable,unavailable
0ff8a61a760d6836f469629b,zsre,v0_stable,1,103,1000,full_validation,original,loss,complete,245237,245237,0.0015745178,0.0017328479,0.034656959,0.17328479,26.287621,"{""0.01"":{""count"":204,""denominator"":245237},""0.1"":{""count"":177,""denominator"":245237},""1.0"":{""count"":79,""denominator"":245237}}",1.0015758,False,26.287621,w533:p6,1,signed maximum,first in producer window/position order; exact equality,"{""count"":244913,""denominator"":245237}","{""count"":245031,""denominator"":245237}",unavailable,unavailable
0ff8a61a760d6836f469629b,zsre,v0_stable,1,103,1000,full_validation,original,kl,complete,245237,245237,0.001508032,0.001508032,0.03016064,0.1508032,25.328265,"{""0.01"":{""count"":319,""denominator"":245237},""0.1"":{""count"":224,""denominator"":245237},""1.0"":{""count"":59,""denominator"":245237}}",unavailable,unavailable,25.328265,w503:p19,1,signed maximum,first in producer window/position order; exact equality,"{""count"":244913,""denominator"":245237}","{""count"":244913,""denominator"":245237}",unavailable,unavailable
40034291ac69439c82ae1fc3,zsre,v0_stable,1,104,100,sampled_drift,original,loss,complete,16256,16256,5.8984042e-05,0.00011085382,0.0022170764,0.011085382,1.8020397,"{""0.01"":1,""0.1"":1,""1.0"":1}",1.000059,False,unavailable,w13:p61,unavailable,positive-part maximum,first in producer sample order; tie count unavailable,unavailable,unavailable,16255,16256
40034291ac69439c82ae1fc3,zsre,v0_stable,1,104,100,sampled_drift,capoff,loss,complete,16256,16256,5.8984042e-05,0.00011085382,0.0022170764,0.011085382,1.8020397,"{""0.01"":1,""0.1"":1,""1.0"":1}",1.000059,False,unavailable,w13:p61,unavailable,positive-part maximum,first in producer sample order; tie count unavailable,unavailable,unavailable,16255,16256
40034291ac69439c82ae1fc3,zsre,v0_stable,1,104,300,sampled_drift,original,loss,complete,16256,16256,0.00016968375,0.00025838113,0.0051676226,0.025838113,1.8020397,"{""0.01"":9,""0.1"":9,""1.0"":1}",1.0001697,False,unavailable,w13:p61,unavailable,positive-part maximum,first in producer sample order; tie count unavailable,unavailable,unavailable,16247,16256
40034291ac69439c82ae1fc3,zsre,v0_stable,1,104,300,sampled_drift,capoff,loss,complete,16256,16256,0.00016968375,0.00025838113,0.0051676226,0.025838113,1.8020397,"{""0.01"":9,""0.1"":9,""1.0"":1}",1.0001697,False,unavailable,w13:p61,unavailable,positive-part maximum,first in producer sample order; tie count unavailable,unavailable,unavailable,16247,16256
40034291ac69439c82ae1fc3,zsre,v0_stable,1,104,1000,sampled_drift,original,loss,complete,16256,16256,0.0016909086,0.0017162231,0.034324461,0.17162231,18.561641,"{""0.01"":18,""0.1"":17,""1.0"":3}",1.0016923,False,unavailable,w34:p5,unavailable,positive-part maximum,first in producer sample order; tie count unavailable,unavailable,unavailable,16238,16256
40034291ac69439c82ae1fc3,zsre,v0_stable,1,104,1000,sampled_drift,capoff,loss,complete,16256,16256,0.0016909086,0.0017162231,0.034324461,0.17162231,18.561641,"{""0.01"":18,""0.1"":17,""1.0"":3}",1.0016923,False,unavailable,w34:p5,unavailable,positive-part maximum,first in producer sample order; tie count unavailable,unavailable,unavailable,16238,16256
40034291ac69439c82ae1fc3,zsre,v0_stable,1,104,1000,full_validation,capoff,loss,complete,245237,245237,0.0014574134,0.0016559874,0.033119748,0.16559874,26.287621,"{""0.01"":{""count"":220,""denominator"":245237},""0.1"":{""count"":192,""denominator"":245237},""1.0"":{""count"":74,""denominator"":245237}}",1.0014585,False,26.287621,w533:p6,1,signed maximum,first in producer window/position order; exact equality,"{""count"":244877,""denominator"":245237}","{""count"":245015,""denominator"":245237}",unavailable,unavailable
40034291ac69439c82ae1fc3,zsre,v0_stable,1,104,1000,full_validation,capoff,kl,complete,245237,245237,0.0014780884,0.0014780884,0.029561768,0.14780884,25.328265,"{""0.01"":{""count"":354,""denominator"":245237},""0.1"":{""count"":226,""denominator"":245237},""1.0"":{""count"":59,""denominator"":245237}}",unavailable,unavailable,25.328265,w503:p19,1,signed maximum,first in producer window/position order; exact equality,"{""count"":244877,""denominator"":245237}","{""count"":244877,""denominator"":245237}",unavailable,unavailable
40034291ac69439c82ae1fc3,zsre,v0_stable,1,104,1000,full_validation,original,loss,complete,245237,245237,0.0014574134,0.0016559874,0.033119748,0.16559874,26.287621,"{""0.01"":{""count"":220,""denominator"":245237},""0.1"":{""count"":192,""denominator"":245237},""1.0"":{""count"":74,""denominator"":245237}}",1.0014585,False,26.287621,w533:p6,1,signed maximum,first in producer window/position order; exact equality,"{""count"":244877,""denominator"":245237}","{""count"":245015,""denominator"":245237}",unavailable,unavailable
40034291ac69439c82ae1fc3,zsre,v0_stable,1,104,1000,full_validation,original,kl,complete,245237,245237,0.0014780884,0.0014780884,0.029561768,0.14780884,25.328265,"{""0.01"":{""count"":354,""denominator"":245237},""0.1"":{""count"":226,""denominator"":245237},""1.0"":{""count"":59,""denominator"":245237}}",unavailable,unavailable,25.328265,w503:p19,1,signed maximum,first in producer window/position order; exact equality,"{""count"":244877,""denominator"":245237}","{""count"":244877,""denominator"":245237}",unavailable,unavailable
6d8d11dbbbc7b736c6386bca,counterfact,v0_stable,1,100,100,sampled_drift,original,loss,complete,16256,16256,0,0,0,0,0,"{""0.01"":0,""0.1"":0,""1.0"":0}",1,False,unavailable,w0:p1,unavailable,positive-part maximum,first in producer sample order; tie count unavailable,unavailable,unavailable,16256,16256
6d8d11dbbbc7b736c6386bca,counterfact,v0_stable,1,100,100,sampled_drift,capoff,loss,complete,16256,16256,0,0,0,0,0,"{""0.01"":0,""0.1"":0,""1.0"":0}",1,False,unavailable,w0:p1,unavailable,positive-part maximum,first in producer sample order; tie count unavailable,unavailable,unavailable,16256,16256
6d8d11dbbbc7b736c6386bca,counterfact,v0_stable,1,100,300,sampled_drift,original,loss,complete,16256,16256,0,0,0,0,0,"{""0.01"":0,""0.1"":0,""1.0"":0}",1,False,unavailable,w0:p1,unavailable,positive-part maximum,first in producer sample order; tie count unavailable,unavailable,unavailable,16256,16256
6d8d11dbbbc7b736c6386bca,counterfact,v0_stable,1,100,300,sampled_drift,capoff,loss,complete,16256,16256,0,0,0,0,0,"{""0.01"":0,""0.1"":0,""1.0"":0}",1,False,unavailable,w0:p1,unavailable,positive-part maximum,first in producer sample order; tie count unavailable,unavailable,unavailable,16256,16256
6d8d11dbbbc7b736c6386bca,counterfact,v0_stable,1,100,1000,sampled_drift,original,loss,complete,16256,16256,0,0,0,0,0,"{""0.01"":0,""0.1"":0,""1.0"":0}",1,False,unavailable,w0:p1,unavailable,positive-part maximum,first in producer sample order; tie count unavailable,unavailable,unavailable,16256,16256
6d8d11dbbbc7b736c6386bca,counterfact,v0_stable,1,100,1000,sampled_drift,capoff,loss,complete,16256,16256,0,0,0,0,0,"{""0.01"":0,""0.1"":0,""1.0"":0}",1,False,unavailable,w0:p1,unavailable,positive-part maximum,first in producer sample order; tie count unavailable,unavailable,unavailable,16256,16256
6d8d11dbbbc7b736c6386bca,counterfact,v0_stable,1,100,1000,full_validation,capoff,loss,complete,245237,245237,0,0,0,0,0,"{""0.01"":{""count"":0,""denominator"":245237},""0.1"":{""count"":0,""denominator"":245237},""1.0"":{""count"":0,""denominator"":245237}}",1,False,0,w0:p1,245237,signed maximum,first in producer window/position order; exact equality,"{""count"":245237,""denominator"":245237}","{""count"":245237,""denominator"":245237}",unavailable,unavailable
6d8d11dbbbc7b736c6386bca,counterfact,v0_stable,1,100,1000,full_validation,capoff,kl,complete,245237,245237,0,0,0,0,0,"{""0.01"":{""count"":0,""denominator"":245237},""0.1"":{""count"":0,""denominator"":245237},""1.0"":{""count"":0,""denominator"":245237}}",unavailable,unavailable,0,w0:p1,245237,signed maximum,first in producer window/position order; exact equality,"{""count"":245237,""denominator"":245237}","{""count"":245237,""denominator"":245237}",unavailable,unavailable
6d8d11dbbbc7b736c6386bca,counterfact,v0_stable,1,100,1000,full_validation,original,loss,complete,245237,245237,0,0,0,0,0,"{""0.01"":{""count"":0,""denominator"":245237},""0.1"":{""count"":0,""denominator"":245237},""1.0"":{""count"":0,""denominator"":245237}}",1,False,0,w0:p1,245237,signed maximum,first in producer window/position order; exact equality,"{""count"":245237,""denominator"":245237}","{""count"":245237,""denominator"":245237}",unavailable,unavailable
6d8d11dbbbc7b736c6386bca,counterfact,v0_stable,1,100,1000,full_validation,original,kl,complete,245237,245237,0,0,0,0,0,"{""0.01"":{""count"":0,""denominator"":245237},""0.1"":{""count"":0,""denominator"":245237},""1.0"":{""count"":0,""denominator"":245237}}",unavailable,unavailable,0,w0:p1,245237,signed maximum,first in producer window/position order; exact equality,"{""count"":245237,""denominator"":245237}","{""count"":245237,""denominator"":245237}",unavailable,unavailable
cefda69ce81ca1253435bac7,counterfact,v0_stable,1,101,100,sampled_drift,original,loss,complete,16256,16256,0,0,0,0,0,"{""0.01"":0,""0.1"":0,""1.0"":0}",1,False,unavailable,w0:p1,unavailable,positive-part maximum,first in producer sample order; tie count unavailable,unavailable,unavailable,16256,16256
cefda69ce81ca1253435bac7,counterfact,v0_stable,1,101,100,sampled_drift,capoff,loss,complete,16256,16256,0,0,0,0,0,"{""0.01"":0,""0.1"":0,""1.0"":0}",1,False,unavailable,w0:p1,unavailable,positive-part maximum,first in producer sample order; tie count unavailable,unavailable,unavailable,16256,16256
cefda69ce81ca1253435bac7,counterfact,v0_stable,1,101,300,sampled_drift,original,loss,complete,16256,16256,0,0,0,0,0,"{""0.01"":0,""0.1"":0,""1.0"":0}",1,False,unavailable,w0:p1,unavailable,positive-part maximum,first in producer sample order; tie count unavailable,unavailable,unavailable,16256,16256
cefda69ce81ca1253435bac7,counterfact,v0_stable,1,101,300,sampled_drift,capoff,loss,complete,16256,16256,0,0,0,0,0,"{""0.01"":0,""0.1"":0,""1.0"":0}",1,False,unavailable,w0:p1,unavailable,positive-part maximum,first in producer sample order; tie count unavailable,unavailable,unavailable,16256,16256
cefda69ce81ca1253435bac7,counterfact,v0_stable,1,101,1000,sampled_drift,original,loss,complete,16256,16256,0,0,0,0,0,"{""0.01"":0,""0.1"":0,""1.0"":0}",1,False,unavailable,w0:p1,unavailable,positive-part maximum,first in producer sample order; tie count unavailable,unavailable,unavailable,16256,16256
cefda69ce81ca1253435bac7,counterfact,v0_stable,1,101,1000,sampled_drift,capoff,loss,complete,16256,16256,0,0,0,0,0,"{""0.01"":0,""0.1"":0,""1.0"":0}",1,False,unavailable,w0:p1,unavailable,positive-part maximum,first in producer sample order; tie count unavailable,unavailable,unavailable,16256,16256
cefda69ce81ca1253435bac7,counterfact,v0_stable,1,101,1000,full_validation,capoff,loss,complete,245237,245237,0,0,0,0,0,"{""0.01"":{""count"":0,""denominator"":245237},""0.1"":{""count"":0,""denominator"":245237},""1.0"":{""count"":0,""denominator"":245237}}",1,False,0,w0:p1,245237,signed maximum,first in producer window/position order; exact equality,"{""count"":245237,""denominator"":245237}","{""count"":245237,""denominator"":245237}",unavailable,unavailable
cefda69ce81ca1253435bac7,counterfact,v0_stable,1,101,1000,full_validation,capoff,kl,complete,245237,245237,0,0,0,0,0,"{""0.01"":{""count"":0,""denominator"":245237},""0.1"":{""count"":0,""denominator"":245237},""1.0"":{""count"":0,""denominator"":245237}}",unavailable,unavailable,0,w0:p1,245237,signed maximum,first in producer window/position order; exact equality,"{""count"":245237,""denominator"":245237}","{""count"":245237,""denominator"":245237}",unavailable,unavailable
cefda69ce81ca1253435bac7,counterfact,v0_stable,1,101,1000,full_validation,original,loss,complete,245237,245237,0,0,0,0,0,"{""0.01"":{""count"":0,""denominator"":245237},""0.1"":{""count"":0,""denominator"":245237},""1.0"":{""count"":0,""denominator"":245237}}",1,False,0,w0:p1,245237,signed maximum,first in producer window/position order; exact equality,"{""count"":245237,""denominator"":245237}","{""count"":245237,""denominator"":245237}",unavailable,unavailable
cefda69ce81ca1253435bac7,counterfact,v0_stable,1,101,1000,full_validation,original,kl,complete,245237,245237,0,0,0,0,0,"{""0.01"":{""count"":0,""denominator"":245237},""0.1"":{""count"":0,""denominator"":245237},""1.0"":{""count"":0,""denominator"":245237}}",unavailable,unavailable,0,w0:p1,245237,signed maximum,first in producer window/position order; exact equality,"{""count"":245237,""denominator"":245237}","{""count"":245237,""denominator"":245237}",unavailable,unavailable
e42cd6f9b5b86feb491512f6,counterfact,v0_stable,1,102,100,sampled_drift,original,loss,complete,16256,16256,0,0,0,0,0,"{""0.01"":0,""0.1"":0,""1.0"":0}",1,False,unavailable,w0:p1,unavailable,positive-part maximum,first in producer sample order; tie count unavailable,unavailable,unavailable,16256,16256
e42cd6f9b5b86feb491512f6,counterfact,v0_stable,1,102,100,sampled_drift,capoff,loss,complete,16256,16256,0,0,0,0,0,"{""0.01"":0,""0.1"":0,""1.0"":0}",1,False,unavailable,w0:p1,unavailable,positive-part maximum,first in producer sample order; tie count unavailable,unavailable,unavailable,16256,16256
e42cd6f9b5b86feb491512f6,counterfact,v0_stable,1,102,300,sampled_drift,original,loss,complete,16256,16256,0,0,0,0,0,"{""0.01"":0,""0.1"":0,""1.0"":0}",1,False,unavailable,w0:p1,unavailable,positive-part maximum,first in producer sample order; tie count unavailable,unavailable,unavailable,16256,16256
e42cd6f9b5b86feb491512f6,counterfact,v0_stable,1,102,300,sampled_drift,capoff,loss,complete,16256,16256,0,0,0,0,0,"{""0.01"":0,""0.1"":0,""1.0"":0}",1,False,unavailable,w0:p1,unavailable,positive-part maximum,first in producer sample order; tie count unavailable,unavailable,unavailable,16256,16256
e42cd6f9b5b86feb491512f6,counterfact,v0_stable,1,102,1000,sampled_drift,original,loss,complete,16256,16256,0,0,0,0,0,"{""0.01"":0,""0.1"":0,""1.0"":0}",1,False,unavailable,w0:p1,unavailable,positive-part maximum,first in producer sample order; tie count unavailable,unavailable,unavailable,16256,16256
e42cd6f9b5b86feb491512f6,counterfact,v0_stable,1,102,1000,sampled_drift,capoff,loss,complete,16256,16256,0,0,0,0,0,"{""0.01"":0,""0.1"":0,""1.0"":0}",1,False,unavailable,w0:p1,unavailable,positive-part maximum,first in producer sample order; tie count unavailable,unavailable,unavailable,16256,16256
e42cd6f9b5b86feb491512f6,counterfact,v0_stable,1,102,1000,full_validation,capoff,loss,complete,245237,245237,0,0,0,0,0,"{""0.01"":{""count"":0,""denominator"":245237},""0.1"":{""count"":0,""denominator"":245237},""1.0"":{""count"":0,""denominator"":245237}}",1,False,0,w0:p1,245237,signed maximum,first in producer window/position order; exact equality,"{""count"":245237,""denominator"":245237}","{""count"":245237,""denominator"":245237}",unavailable,unavailable
e42cd6f9b5b86feb491512f6,counterfact,v0_stable,1,102,1000,full_validation,capoff,kl,complete,245237,245237,0,0,0,0,0,"{""0.01"":{""count"":0,""denominator"":245237},""0.1"":{""count"":0,""denominator"":245237},""1.0"":{""count"":0,""denominator"":245237}}",unavailable,unavailable,0,w0:p1,245237,signed maximum,first in producer window/position order; exact equality,"{""count"":245237,""denominator"":245237}","{""count"":245237,""denominator"":245237}",unavailable,unavailable
e42cd6f9b5b86feb491512f6,counterfact,v0_stable,1,102,1000,full_validation,original,loss,complete,245237,245237,0,0,0,0,0,"{""0.01"":{""count"":0,""denominator"":245237},""0.1"":{""count"":0,""denominator"":245237},""1.0"":{""count"":0,""denominator"":245237}}",1,False,0,w0:p1,245237,signed maximum,first in producer window/position order; exact equality,"{""count"":245237,""denominator"":245237}","{""count"":245237,""denominator"":245237}",unavailable,unavailable
e42cd6f9b5b86feb491512f6,counterfact,v0_stable,1,102,1000,full_validation,original,kl,complete,245237,245237,0,0,0,0,0,"{""0.01"":{""count"":0,""denominator"":245237},""0.1"":{""count"":0,""denominator"":245237},""1.0"":{""count"":0,""denominator"":245237}}",unavailable,unavailable,0,w0:p1,245237,signed maximum,first in producer window/position order; exact equality,"{""count"":245237,""denominator"":245237}","{""count"":245237,""denominator"":245237}",unavailable,unavailable
e0f2bb19e19594c972c0ef15,counterfact,v0_stable,1,103,100,sampled_drift,original,loss,complete,16256,16256,0,0,0,0,0,"{""0.01"":0,""0.1"":0,""1.0"":0}",1,False,unavailable,w0:p1,unavailable,positive-part maximum,first in producer sample order; tie count unavailable,unavailable,unavailable,16256,16256
e0f2bb19e19594c972c0ef15,counterfact,v0_stable,1,103,100,sampled_drift,capoff,loss,complete,16256,16256,0,0,0,0,0,"{""0.01"":0,""0.1"":0,""1.0"":0}",1,False,unavailable,w0:p1,unavailable,positive-part maximum,first in producer sample order; tie count unavailable,unavailable,unavailable,16256,16256
e0f2bb19e19594c972c0ef15,counterfact,v0_stable,1,103,300,sampled_drift,original,loss,complete,16256,16256,0,0,0,0,0,"{""0.01"":0,""0.1"":0,""1.0"":0}",1,False,unavailable,w0:p1,unavailable,positive-part maximum,first in producer sample order; tie count unavailable,unavailable,unavailable,16256,16256
e0f2bb19e19594c972c0ef15,counterfact,v0_stable,1,103,300,sampled_drift,capoff,loss,complete,16256,16256,0,0,0,0,0,"{""0.01"":0,""0.1"":0,""1.0"":0}",1,False,unavailable,w0:p1,unavailable,positive-part maximum,first in producer sample order; tie count unavailable,unavailable,unavailable,16256,16256
e0f2bb19e19594c972c0ef15,counterfact,v0_stable,1,103,1000,sampled_drift,original,loss,complete,16256,16256,0,0,0,0,0,"{""0.01"":0,""0.1"":0,""1.0"":0}",1,False,unavailable,w0:p1,unavailable,positive-part maximum,first in producer sample order; tie count unavailable,unavailable,unavailable,16256,16256
e0f2bb19e19594c972c0ef15,counterfact,v0_stable,1,103,1000,sampled_drift,capoff,loss,complete,16256,16256,0,0,0,0,0,"{""0.01"":0,""0.1"":0,""1.0"":0}",1,False,unavailable,w0:p1,unavailable,positive-part maximum,first in producer sample order; tie count unavailable,unavailable,unavailable,16256,16256
e0f2bb19e19594c972c0ef15,counterfact,v0_stable,1,103,1000,full_validation,capoff,loss,complete,245237,245237,0,0,0,0,0,"{""0.01"":{""count"":0,""denominator"":245237},""0.1"":{""count"":0,""denominator"":245237},""1.0"":{""count"":0,""denominator"":245237}}",1,False,0,w0:p1,245237,signed maximum,first in producer window/position order; exact equality,"{""count"":245237,""denominator"":245237}","{""count"":245237,""denominator"":245237}",unavailable,unavailable
e0f2bb19e19594c972c0ef15,counterfact,v0_stable,1,103,1000,full_validation,capoff,kl,complete,245237,245237,0,0,0,0,0,"{""0.01"":{""count"":0,""denominator"":245237},""0.1"":{""count"":0,""denominator"":245237},""1.0"":{""count"":0,""denominator"":245237}}",unavailable,unavailable,0,w0:p1,245237,signed maximum,first in producer window/position order; exact equality,"{""count"":245237,""denominator"":245237}","{""count"":245237,""denominator"":245237}",unavailable,unavailable
e0f2bb19e19594c972c0ef15,counterfact,v0_stable,1,103,1000,full_validation,original,loss,complete,245237,245237,0,0,0,0,0,"{""0.01"":{""count"":0,""denominator"":245237},""0.1"":{""count"":0,""denominator"":245237},""1.0"":{""count"":0,""denominator"":245237}}",1,False,0,w0:p1,245237,signed maximum,first in producer window/position order; exact equality,"{""count"":245237,""denominator"":245237}","{""count"":245237,""denominator"":245237}",unavailable,unavailable
e0f2bb19e19594c972c0ef15,counterfact,v0_stable,1,103,1000,full_validation,original,kl,complete,245237,245237,0,0,0,0,0,"{""0.01"":{""count"":0,""denominator"":245237},""0.1"":{""count"":0,""denominator"":245237},""1.0"":{""count"":0,""denominator"":245237}}",unavailable,unavailable,0,w0:p1,245237,signed maximum,first in producer window/position order; exact equality,"{""count"":245237,""denominator"":245237}","{""count"":245237,""denominator"":245237}",unavailable,unavailable
0d4d946cb9ff28b7e6af3c4d,counterfact,v0_stable,1,104,100,sampled_drift,original,loss,complete,16256,16256,0,0,0,0,0,"{""0.01"":0,""0.1"":0,""1.0"":0}",1,False,unavailable,w0:p1,unavailable,positive-part maximum,first in producer sample order; tie count unavailable,unavailable,unavailable,16256,16256
0d4d946cb9ff28b7e6af3c4d,counterfact,v0_stable,1,104,100,sampled_drift,capoff,loss,complete,16256,16256,0,0,0,0,0,"{""0.01"":0,""0.1"":0,""1.0"":0}",1,False,unavailable,w0:p1,unavailable,positive-part maximum,first in producer sample order; tie count unavailable,unavailable,unavailable,16256,16256
0d4d946cb9ff28b7e6af3c4d,counterfact,v0_stable,1,104,300,sampled_drift,original,loss,complete,16256,16256,0,0,0,0,0,"{""0.01"":0,""0.1"":0,""1.0"":0}",1,False,unavailable,w0:p1,unavailable,positive-part maximum,first in producer sample order; tie count unavailable,unavailable,unavailable,16256,16256
0d4d946cb9ff28b7e6af3c4d,counterfact,v0_stable,1,104,300,sampled_drift,capoff,loss,complete,16256,16256,0,0,0,0,0,"{""0.01"":0,""0.1"":0,""1.0"":0}",1,False,unavailable,w0:p1,unavailable,positive-part maximum,first in producer sample order; tie count unavailable,unavailable,unavailable,16256,16256
0d4d946cb9ff28b7e6af3c4d,counterfact,v0_stable,1,104,1000,sampled_drift,original,loss,complete,16256,16256,0,0,0,0,0,"{""0.01"":0,""0.1"":0,""1.0"":0}",1,False,unavailable,w0:p1,unavailable,positive-part maximum,first in producer sample order; tie count unavailable,unavailable,unavailable,16256,16256
0d4d946cb9ff28b7e6af3c4d,counterfact,v0_stable,1,104,1000,sampled_drift,capoff,loss,complete,16256,16256,0,0,0,0,0,"{""0.01"":0,""0.1"":0,""1.0"":0}",1,False,unavailable,w0:p1,unavailable,positive-part maximum,first in producer sample order; tie count unavailable,unavailable,unavailable,16256,16256
0d4d946cb9ff28b7e6af3c4d,counterfact,v0_stable,1,104,1000,full_validation,capoff,loss,complete,245237,245237,0,0,0,0,0,"{""0.01"":{""count"":0,""denominator"":245237},""0.1"":{""count"":0,""denominator"":245237},""1.0"":{""count"":0,""denominator"":245237}}",1,False,0,w0:p1,245237,signed maximum,first in producer window/position order; exact equality,"{""count"":245237,""denominator"":245237}","{""count"":245237,""denominator"":245237}",unavailable,unavailable
0d4d946cb9ff28b7e6af3c4d,counterfact,v0_stable,1,104,1000,full_validation,capoff,kl,complete,245237,245237,0,0,0,0,0,"{""0.01"":{""count"":0,""denominator"":245237},""0.1"":{""count"":0,""denominator"":245237},""1.0"":{""count"":0,""denominator"":245237}}",unavailable,unavailable,0,w0:p1,245237,signed maximum,first in producer window/position order; exact equality,"{""count"":245237,""denominator"":245237}","{""count"":245237,""denominator"":245237}",unavailable,unavailable
0d4d946cb9ff28b7e6af3c4d,counterfact,v0_stable,1,104,1000,full_validation,original,loss,complete,245237,245237,0,0,0,0,0,"{""0.01"":{""count"":0,""denominator"":245237},""0.1"":{""count"":0,""denominator"":245237},""1.0"":{""count"":0,""denominator"":245237}}",1,False,0,w0:p1,245237,signed maximum,first in producer window/position order; exact equality,"{""count"":245237,""denominator"":245237}","{""count"":245237,""denominator"":245237}",unavailable,unavailable
0d4d946cb9ff28b7e6af3c4d,counterfact,v0_stable,1,104,1000,full_validation,original,kl,complete,245237,245237,0,0,0,0,0,"{""0.01"":{""count"":0,""denominator"":245237},""0.1"":{""count"":0,""denominator"":245237},""1.0"":{""count"":0,""denominator"":245237}}",unavailable,unavailable,0,w0:p1,245237,signed maximum,first in producer window/position order; exact equality,"{""count"":245237,""denominator"":245237}","{""count"":245237,""denominator"":245237}",unavailable,unavailable
9179614db32d3fd8b437475b,mquake,v0_stable,1,100,100,sampled_drift,original,loss,complete,16256,16256,0,0,0,0,0,"{""0.01"":0,""0.1"":0,""1.0"":0}",1,False,unavailable,w0:p1,unavailable,positive-part maximum,first in producer sample order; tie count unavailable,unavailable,unavailable,16256,16256
9179614db32d3fd8b437475b,mquake,v0_stable,1,100,100,sampled_drift,capoff,loss,complete,16256,16256,0,0,0,0,0,"{""0.01"":0,""0.1"":0,""1.0"":0}",1,False,unavailable,w0:p1,unavailable,positive-part maximum,first in producer sample order; tie count unavailable,unavailable,unavailable,16256,16256
9179614db32d3fd8b437475b,mquake,v0_stable,1,100,300,sampled_drift,original,loss,complete,16256,16256,0,0,0,0,0,"{""0.01"":0,""0.1"":0,""1.0"":0}",1,False,unavailable,w0:p1,unavailable,positive-part maximum,first in producer sample order; tie count unavailable,unavailable,unavailable,16256,16256
9179614db32d3fd8b437475b,mquake,v0_stable,1,100,300,sampled_drift,capoff,loss,complete,16256,16256,0,0,0,0,0,"{""0.01"":0,""0.1"":0,""1.0"":0}",1,False,unavailable,w0:p1,unavailable,positive-part maximum,first in producer sample order; tie count unavailable,unavailable,unavailable,16256,16256
9179614db32d3fd8b437475b,mquake,v0_stable,1,100,300,full_validation,capoff,loss,complete,245237,245237,0,0,0,0,0,"{""0.01"":{""count"":0,""denominator"":245237},""0.1"":{""count"":0,""denominator"":245237},""1.0"":{""count"":0,""denominator"":245237}}",1,False,0,w0:p1,245237,signed maximum,first in producer window/position order; exact equality,"{""count"":245237,""denominator"":245237}","{""count"":245237,""denominator"":245237}",unavailable,unavailable
9179614db32d3fd8b437475b,mquake,v0_stable,1,100,300,full_validation,capoff,kl,complete,245237,245237,0,0,0,0,0,"{""0.01"":{""count"":0,""denominator"":245237},""0.1"":{""count"":0,""denominator"":245237},""1.0"":{""count"":0,""denominator"":245237}}",unavailable,unavailable,0,w0:p1,245237,signed maximum,first in producer window/position order; exact equality,"{""count"":245237,""denominator"":245237}","{""count"":245237,""denominator"":245237}",unavailable,unavailable
9179614db32d3fd8b437475b,mquake,v0_stable,1,100,300,full_validation,original,loss,complete,245237,245237,0,0,0,0,0,"{""0.01"":{""count"":0,""denominator"":245237},""0.1"":{""count"":0,""denominator"":245237},""1.0"":{""count"":0,""denominator"":245237}}",1,False,0,w0:p1,245237,signed maximum,first in producer window/position order; exact equality,"{""count"":245237,""denominator"":245237}","{""count"":245237,""denominator"":245237}",unavailable,unavailable
9179614db32d3fd8b437475b,mquake,v0_stable,1,100,300,full_validation,original,kl,complete,245237,245237,0,0,0,0,0,"{""0.01"":{""count"":0,""denominator"":245237},""0.1"":{""count"":0,""denominator"":245237},""1.0"":{""count"":0,""denominator"":245237}}",unavailable,unavailable,0,w0:p1,245237,signed maximum,first in producer window/position order; exact equality,"{""count"":245237,""denominator"":245237}","{""count"":245237,""denominator"":245237}",unavailable,unavailable
e146662ae0ab343921979246,mquake,v0_stable,1,101,100,sampled_drift,original,loss,complete,16256,16256,0,0,0,0,0,"{""0.01"":0,""0.1"":0,""1.0"":0}",1,False,unavailable,w0:p1,unavailable,positive-part maximum,first in producer sample order; tie count unavailable,unavailable,unavailable,16256,16256
e146662ae0ab343921979246,mquake,v0_stable,1,101,100,sampled_drift,capoff,loss,complete,16256,16256,0,0,0,0,0,"{""0.01"":0,""0.1"":0,""1.0"":0}",1,False,unavailable,w0:p1,unavailable,positive-part maximum,first in producer sample order; tie count unavailable,unavailable,unavailable,16256,16256
e146662ae0ab343921979246,mquake,v0_stable,1,101,300,sampled_drift,original,loss,complete,16256,16256,0,0,0,0,0,"{""0.01"":0,""0.1"":0,""1.0"":0}",1,False,unavailable,w0:p1,unavailable,positive-part maximum,first in producer sample order; tie count unavailable,unavailable,unavailable,16256,16256
e146662ae0ab343921979246,mquake,v0_stable,1,101,300,sampled_drift,capoff,loss,complete,16256,16256,0,0,0,0,0,"{""0.01"":0,""0.1"":0,""1.0"":0}",1,False,unavailable,w0:p1,unavailable,positive-part maximum,first in producer sample order; tie count unavailable,unavailable,unavailable,16256,16256
e146662ae0ab343921979246,mquake,v0_stable,1,101,300,full_validation,capoff,loss,complete,245237,245237,0,0,0,0,0,"{""0.01"":{""count"":0,""denominator"":245237},""0.1"":{""count"":0,""denominator"":245237},""1.0"":{""count"":0,""denominator"":245237}}",1,False,0,w0:p1,245237,signed maximum,first in producer window/position order; exact equality,"{""count"":245237,""denominator"":245237}","{""count"":245237,""denominator"":245237}",unavailable,unavailable
e146662ae0ab343921979246,mquake,v0_stable,1,101,300,full_validation,capoff,kl,complete,245237,245237,0,0,0,0,0,"{""0.01"":{""count"":0,""denominator"":245237},""0.1"":{""count"":0,""denominator"":245237},""1.0"":{""count"":0,""denominator"":245237}}",unavailable,unavailable,0,w0:p1,245237,signed maximum,first in producer window/position order; exact equality,"{""count"":245237,""denominator"":245237}","{""count"":245237,""denominator"":245237}",unavailable,unavailable
e146662ae0ab343921979246,mquake,v0_stable,1,101,300,full_validation,original,loss,complete,245237,245237,0,0,0,0,0,"{""0.01"":{""count"":0,""denominator"":245237},""0.1"":{""count"":0,""denominator"":245237},""1.0"":{""count"":0,""denominator"":245237}}",1,False,0,w0:p1,245237,signed maximum,first in producer window/position order; exact equality,"{""count"":245237,""denominator"":245237}","{""count"":245237,""denominator"":245237}",unavailable,unavailable
e146662ae0ab343921979246,mquake,v0_stable,1,101,300,full_validation,original,kl,complete,245237,245237,0,0,0,0,0,"{""0.01"":{""count"":0,""denominator"":245237},""0.1"":{""count"":0,""denominator"":245237},""1.0"":{""count"":0,""denominator"":245237}}",unavailable,unavailable,0,w0:p1,245237,signed maximum,first in producer window/position order; exact equality,"{""count"":245237,""denominator"":245237}","{""count"":245237,""denominator"":245237}",unavailable,unavailable
c770960b77b2d9f6304f1a34,mquake,v0_stable,1,102,100,sampled_drift,original,loss,complete,16256,16256,0,0,0,0,0,"{""0.01"":0,""0.1"":0,""1.0"":0}",1,False,unavailable,w0:p1,unavailable,positive-part maximum,first in producer sample order; tie count unavailable,unavailable,unavailable,16256,16256
c770960b77b2d9f6304f1a34,mquake,v0_stable,1,102,100,sampled_drift,capoff,loss,complete,16256,16256,0,0,0,0,0,"{""0.01"":0,""0.1"":0,""1.0"":0}",1,False,unavailable,w0:p1,unavailable,positive-part maximum,first in producer sample order; tie count unavailable,unavailable,unavailable,16256,16256
c770960b77b2d9f6304f1a34,mquake,v0_stable,1,102,300,sampled_drift,original,loss,complete,16256,16256,0,0,0,0,0,"{""0.01"":0,""0.1"":0,""1.0"":0}",1,False,unavailable,w0:p1,unavailable,positive-part maximum,first in producer sample order; tie count unavailable,unavailable,unavailable,16256,16256
c770960b77b2d9f6304f1a34,mquake,v0_stable,1,102,300,sampled_drift,capoff,loss,complete,16256,16256,0,0,0,0,0,"{""0.01"":0,""0.1"":0,""1.0"":0}",1,False,unavailable,w0:p1,unavailable,positive-part maximum,first in producer sample order; tie count unavailable,unavailable,unavailable,16256,16256
c770960b77b2d9f6304f1a34,mquake,v0_stable,1,102,300,full_validation,capoff,loss,complete,245237,245237,0,0,0,0,0,"{""0.01"":{""count"":0,""denominator"":245237},""0.1"":{""count"":0,""denominator"":245237},""1.0"":{""count"":0,""denominator"":245237}}",1,False,0,w0:p1,245237,signed maximum,first in producer window/position order; exact equality,"{""count"":245237,""denominator"":245237}","{""count"":245237,""denominator"":245237}",unavailable,unavailable
c770960b77b2d9f6304f1a34,mquake,v0_stable,1,102,300,full_validation,capoff,kl,complete,245237,245237,0,0,0,0,0,"{""0.01"":{""count"":0,""denominator"":245237},""0.1"":{""count"":0,""denominator"":245237},""1.0"":{""count"":0,""denominator"":245237}}",unavailable,unavailable,0,w0:p1,245237,signed maximum,first in producer window/position order; exact equality,"{""count"":245237,""denominator"":245237}","{""count"":245237,""denominator"":245237}",unavailable,unavailable
c770960b77b2d9f6304f1a34,mquake,v0_stable,1,102,300,full_validation,original,loss,complete,245237,245237,0,0,0,0,0,"{""0.01"":{""count"":0,""denominator"":245237},""0.1"":{""count"":0,""denominator"":245237},""1.0"":{""count"":0,""denominator"":245237}}",1,False,0,w0:p1,245237,signed maximum,first in producer window/position order; exact equality,"{""count"":245237,""denominator"":245237}","{""count"":245237,""denominator"":245237}",unavailable,unavailable
c770960b77b2d9f6304f1a34,mquake,v0_stable,1,102,300,full_validation,original,kl,complete,245237,245237,0,0,0,0,0,"{""0.01"":{""count"":0,""denominator"":245237},""0.1"":{""count"":0,""denominator"":245237},""1.0"":{""count"":0,""denominator"":245237}}",unavailable,unavailable,0,w0:p1,245237,signed maximum,first in producer window/position order; exact equality,"{""count"":245237,""denominator"":245237}","{""count"":245237,""denominator"":245237}",unavailable,unavailable
d49ef9c7980da822326bc6ac,mquake,v0_stable,1,103,100,sampled_drift,original,loss,complete,16256,16256,0,0,0,0,0,"{""0.01"":0,""0.1"":0,""1.0"":0}",1,False,unavailable,w0:p1,unavailable,positive-part maximum,first in producer sample order; tie count unavailable,unavailable,unavailable,16256,16256
d49ef9c7980da822326bc6ac,mquake,v0_stable,1,103,100,sampled_drift,capoff,loss,complete,16256,16256,0,0,0,0,0,"{""0.01"":0,""0.1"":0,""1.0"":0}",1,False,unavailable,w0:p1,unavailable,positive-part maximum,first in producer sample order; tie count unavailable,unavailable,unavailable,16256,16256
d49ef9c7980da822326bc6ac,mquake,v0_stable,1,103,300,sampled_drift,original,loss,complete,16256,16256,0,0,0,0,0,"{""0.01"":0,""0.1"":0,""1.0"":0}",1,False,unavailable,w0:p1,unavailable,positive-part maximum,first in producer sample order; tie count unavailable,unavailable,unavailable,16256,16256
d49ef9c7980da822326bc6ac,mquake,v0_stable,1,103,300,sampled_drift,capoff,loss,complete,16256,16256,0,0,0,0,0,"{""0.01"":0,""0.1"":0,""1.0"":0}",1,False,unavailable,w0:p1,unavailable,positive-part maximum,first in producer sample order; tie count unavailable,unavailable,unavailable,16256,16256
d49ef9c7980da822326bc6ac,mquake,v0_stable,1,103,300,full_validation,capoff,loss,complete,245237,245237,0,0,0,0,0,"{""0.01"":{""count"":0,""denominator"":245237},""0.1"":{""count"":0,""denominator"":245237},""1.0"":{""count"":0,""denominator"":245237}}",1,False,0,w0:p1,245237,signed maximum,first in producer window/position order; exact equality,"{""count"":245237,""denominator"":245237}","{""count"":245237,""denominator"":245237}",unavailable,unavailable
d49ef9c7980da822326bc6ac,mquake,v0_stable,1,103,300,full_validation,capoff,kl,complete,245237,245237,0,0,0,0,0,"{""0.01"":{""count"":0,""denominator"":245237},""0.1"":{""count"":0,""denominator"":245237},""1.0"":{""count"":0,""denominator"":245237}}",unavailable,unavailable,0,w0:p1,245237,signed maximum,first in producer window/position order; exact equality,"{""count"":245237,""denominator"":245237}","{""count"":245237,""denominator"":245237}",unavailable,unavailable
d49ef9c7980da822326bc6ac,mquake,v0_stable,1,103,300,full_validation,original,loss,complete,245237,245237,0,0,0,0,0,"{""0.01"":{""count"":0,""denominator"":245237},""0.1"":{""count"":0,""denominator"":245237},""1.0"":{""count"":0,""denominator"":245237}}",1,False,0,w0:p1,245237,signed maximum,first in producer window/position order; exact equality,"{""count"":245237,""denominator"":245237}","{""count"":245237,""denominator"":245237}",unavailable,unavailable
d49ef9c7980da822326bc6ac,mquake,v0_stable,1,103,300,full_validation,original,kl,complete,245237,245237,0,0,0,0,0,"{""0.01"":{""count"":0,""denominator"":245237},""0.1"":{""count"":0,""denominator"":245237},""1.0"":{""count"":0,""denominator"":245237}}",unavailable,unavailable,0,w0:p1,245237,signed maximum,first in producer window/position order; exact equality,"{""count"":245237,""denominator"":245237}","{""count"":245237,""denominator"":245237}",unavailable,unavailable
eef5c3dc3fc8291d75199816,mquake,v0_stable,1,104,100,sampled_drift,original,loss,complete,16256,16256,0,0,0,0,0,"{""0.01"":0,""0.1"":0,""1.0"":0}",1,False,unavailable,w0:p1,unavailable,positive-part maximum,first in producer sample order; tie count unavailable,unavailable,unavailable,16256,16256
eef5c3dc3fc8291d75199816,mquake,v0_stable,1,104,100,sampled_drift,capoff,loss,complete,16256,16256,0,0,0,0,0,"{""0.01"":0,""0.1"":0,""1.0"":0}",1,False,unavailable,w0:p1,unavailable,positive-part maximum,first in producer sample order; tie count unavailable,unavailable,unavailable,16256,16256
eef5c3dc3fc8291d75199816,mquake,v0_stable,1,104,300,sampled_drift,original,loss,complete,16256,16256,0,0,0,0,0,"{""0.01"":0,""0.1"":0,""1.0"":0}",1,False,unavailable,w0:p1,unavailable,positive-part maximum,first in producer sample order; tie count unavailable,unavailable,unavailable,16256,16256
eef5c3dc3fc8291d75199816,mquake,v0_stable,1,104,300,sampled_drift,capoff,loss,complete,16256,16256,0,0,0,0,0,"{""0.01"":0,""0.1"":0,""1.0"":0}",1,False,unavailable,w0:p1,unavailable,positive-part maximum,first in producer sample order; tie count unavailable,unavailable,unavailable,16256,16256
eef5c3dc3fc8291d75199816,mquake,v0_stable,1,104,300,full_validation,capoff,loss,complete,245237,245237,0,0,0,0,0,"{""0.01"":{""count"":0,""denominator"":245237},""0.1"":{""count"":0,""denominator"":245237},""1.0"":{""count"":0,""denominator"":245237}}",1,False,0,w0:p1,245237,signed maximum,first in producer window/position order; exact equality,"{""count"":245237,""denominator"":245237}","{""count"":245237,""denominator"":245237}",unavailable,unavailable
eef5c3dc3fc8291d75199816,mquake,v0_stable,1,104,300,full_validation,capoff,kl,complete,245237,245237,0,0,0,0,0,"{""0.01"":{""count"":0,""denominator"":245237},""0.1"":{""count"":0,""denominator"":245237},""1.0"":{""count"":0,""denominator"":245237}}",unavailable,unavailable,0,w0:p1,245237,signed maximum,first in producer window/position order; exact equality,"{""count"":245237,""denominator"":245237}","{""count"":245237,""denominator"":245237}",unavailable,unavailable
eef5c3dc3fc8291d75199816,mquake,v0_stable,1,104,300,full_validation,original,loss,complete,245237,245237,0,0,0,0,0,"{""0.01"":{""count"":0,""denominator"":245237},""0.1"":{""count"":0,""denominator"":245237},""1.0"":{""count"":0,""denominator"":245237}}",1,False,0,w0:p1,245237,signed maximum,first in producer window/position order; exact equality,"{""count"":245237,""denominator"":245237}","{""count"":245237,""denominator"":245237}",unavailable,unavailable
eef5c3dc3fc8291d75199816,mquake,v0_stable,1,104,300,full_validation,original,kl,complete,245237,245237,0,0,0,0,0,"{""0.01"":{""count"":0,""denominator"":245237},""0.1"":{""count"":0,""denominator"":245237},""1.0"":{""count"":0,""denominator"":245237}}",unavailable,unavailable,0,w0:p1,245237,signed maximum,first in producer window/position order; exact equality,"{""count"":245237,""denominator"":245237}","{""count"":245237,""denominator"":245237}",unavailable,unavailable
0417f598d89548e3200a3fe4,zsre,R1_learned_ff,2,100,100,sampled_drift,original,loss,complete,16256,16256,0.0022240835,0.0023147544,0.046295088,0.23147544,5.4499734,"{""0.01"":27,""0.1"":26,""1.0"":12}",1.0022266,False,unavailable,w94:p100,unavailable,positive-part maximum,first in producer sample order; tie count unavailable,unavailable,unavailable,16229,16256
0417f598d89548e3200a3fe4,zsre,R1_learned_ff,2,100,100,sampled_drift,capoff,loss,complete,16256,16256,0.0022240835,0.0023147544,0.046295088,0.23147544,5.4499734,"{""0.01"":27,""0.1"":26,""1.0"":12}",1.0022266,False,unavailable,w94:p100,unavailable,positive-part maximum,first in producer sample order; tie count unavailable,unavailable,unavailable,16229,16256
0417f598d89548e3200a3fe4,zsre,R1_learned_ff,2,100,300,sampled_drift,original,loss,complete,16256,16256,0.0026161014,0.0027153726,0.054307453,0.27153726,5.8166207,"{""0.01"":22,""0.1"":22,""1.0"":12}",1.0026195,False,unavailable,w16:p30,unavailable,positive-part maximum,first in producer sample order; tie count unavailable,unavailable,unavailable,16234,16256
0417f598d89548e3200a3fe4,zsre,R1_learned_ff,2,100,300,sampled_drift,capoff,loss,complete,16256,16256,0.0026161014,0.0027153726,0.054307453,0.27153726,5.8166207,"{""0.01"":22,""0.1"":22,""1.0"":12}",1.0026195,False,unavailable,w16:p30,unavailable,positive-part maximum,first in producer sample order; tie count unavailable,unavailable,unavailable,16234,16256
0417f598d89548e3200a3fe4,zsre,R1_learned_ff,2,100,1000,sampled_drift,original,loss,complete,16256,16256,0.0010821882,0.0011794201,0.023588402,0.11794201,4.5757712,"{""0.01"":19,""0.1"":15,""1.0"":6}",1.0010828,False,unavailable,w38:p53,unavailable,positive-part maximum,first in producer sample order; tie count unavailable,unavailable,unavailable,16237,16256
0417f598d89548e3200a3fe4,zsre,R1_learned_ff,2,100,1000,sampled_drift,capoff,loss,complete,16256,16256,0.0010821882,0.0011794201,0.023588402,0.11794201,4.5757712,"{""0.01"":19,""0.1"":15,""1.0"":6}",1.0010828,False,unavailable,w38:p53,unavailable,positive-part maximum,first in producer sample order; tie count unavailable,unavailable,unavailable,16237,16256
0417f598d89548e3200a3fe4,zsre,R1_learned_ff,2,100,1000,full_validation,capoff,loss,complete,245237,245237,0.0024543228,0.0025432466,0.050864932,0.25432466,11.047747,"{""0.01"":{""count"":376,""denominator"":245237},""0.1"":{""count"":358,""denominator"":245237},""1.0"":{""count"":189,""denominator"":245237}}",1.0024573,False,11.047747,w1623:p49,1,signed maximum,first in producer window/position order; exact equality,"{""count"":244805,""denominator"":245237}","{""count"":244860,""denominator"":245237}",unavailable,unavailable
0417f598d89548e3200a3fe4,zsre,R1_learned_ff,2,100,1000,full_validation,capoff,kl,complete,245237,245237,0.0023297505,0.0023297505,0.04659501,0.23297505,9.321584,"{""0.01"":{""count"":431,""denominator"":245237},""0.1"":{""count"":404,""denominator"":245237},""1.0"":{""count"":172,""denominator"":245237}}",unavailable,unavailable,9.321584,w1623:p49,1,signed maximum,first in producer window/position order; exact equality,"{""count"":244805,""denominator"":245237}","{""count"":244805,""denominator"":245237}",unavailable,unavailable
0417f598d89548e3200a3fe4,zsre,R1_learned_ff,2,100,1000,full_validation,original,loss,complete,245237,245237,0.0024543228,0.0025432466,0.050864932,0.25432466,11.047747,"{""0.01"":{""count"":376,""denominator"":245237},""0.1"":{""count"":358,""denominator"":245237},""1.0"":{""count"":189,""denominator"":245237}}",1.0024573,False,11.047747,w1623:p49,1,signed maximum,first in producer window/position order; exact equality,"{""count"":244805,""denominator"":245237}","{""count"":244860,""denominator"":245237}",unavailable,unavailable
0417f598d89548e3200a3fe4,zsre,R1_learned_ff,2,100,1000,full_validation,original,kl,complete,245237,245237,0.0023297505,0.0023297505,0.04659501,0.23297505,9.321584,"{""0.01"":{""count"":431,""denominator"":245237},""0.1"":{""count"":404,""denominator"":245237},""1.0"":{""count"":172,""denominator"":245237}}",unavailable,unavailable,9.321584,w1623:p49,1,signed maximum,first in producer window/position order; exact equality,"{""count"":244805,""denominator"":245237}","{""count"":244805,""denominator"":245237}",unavailable,unavailable
12a9c0da62781d521da26cd5,zsre,R1_learned_ff,2,101,100,sampled_drift,original,loss,complete,16256,16256,0.0010818366,0.0011070281,0.022140562,0.11070281,4.9901448,"{""0.01"":21,""0.1"":19,""1.0"":4}",1.0010824,False,unavailable,w95:p48,unavailable,positive-part maximum,first in producer sample order; tie count unavailable,unavailable,unavailable,16235,16256
12a9c0da62781d521da26cd5,zsre,R1_learned_ff,2,101,100,sampled_drift,capoff,loss,complete,16256,16256,0.0010818366,0.0011070281,0.022140562,0.11070281,4.9901448,"{""0.01"":21,""0.1"":19,""1.0"":4}",1.0010824,False,unavailable,w95:p48,unavailable,positive-part maximum,first in producer sample order; tie count unavailable,unavailable,unavailable,16235,16256
12a9c0da62781d521da26cd5,zsre,R1_learned_ff,2,101,300,sampled_drift,original,loss,complete,16256,16256,0.0031642782,0.0032978803,0.065957607,0.32978803,5.8166207,"{""0.01"":46,""0.1"":41,""1.0"":15}",1.0031693,False,unavailable,w16:p30,unavailable,positive-part maximum,first in producer sample order; tie count unavailable,unavailable,unavailable,16208,16256
12a9c0da62781d521da26cd5,zsre,R1_learned_ff,2,101,300,sampled_drift,capoff,loss,complete,16256,16256,0.0031642782,0.0032978803,0.065957607,0.32978803,5.8166207,"{""0.01"":46,""0.1"":41,""1.0"":15}",1.0031693,False,unavailable,w16:p30,unavailable,positive-part maximum,first in producer sample order; tie count unavailable,unavailable,unavailable,16208,16256
12a9c0da62781d521da26cd5,zsre,R1_learned_ff,2,101,1000,sampled_drift,original,loss,complete,16256,16256,0.0010821886,0.0011794211,0.023588421,0.11794211,4.5757712,"{""0.01"":19,""0.1"":15,""1.0"":6}",1.0010828,False,unavailable,w38:p53,unavailable,positive-part maximum,first in producer sample order; tie count unavailable,unavailable,unavailable,16237,16256
12a9c0da62781d521da26cd5,zsre,R1_learned_ff,2,101,1000,sampled_drift,capoff,loss,complete,16256,16256,0.0010821886,0.0011794211,0.023588421,0.11794211,4.5757712,"{""0.01"":19,""0.1"":15,""1.0"":6}",1.0010828,False,unavailable,w38:p53,unavailable,positive-part maximum,first in producer sample order; tie count unavailable,unavailable,unavailable,16237,16256
12a9c0da62781d521da26cd5,zsre,R1_learned_ff,2,101,1000,full_validation,capoff,loss,complete,245237,245237,0.0024543229,0.0025432467,0.050864935,0.25432467,11.047747,"{""0.01"":{""count"":376,""denominator"":245237},""0.1"":{""count"":358,""denominator"":245237},""1.0"":{""count"":189,""denominator"":245237}}",1.0024573,False,11.047747,w1623:p49,1,signed maximum,first in producer window/position order; exact equality,"{""count"":244805,""denominator"":245237}","{""count"":244860,""denominator"":245237}",unavailable,unavailable
12a9c0da62781d521da26cd5,zsre,R1_learned_ff,2,101,1000,full_validation,capoff,kl,complete,245237,245237,0.0023297506,0.0023297506,0.046595012,0.23297506,9.3215824,"{""0.01"":{""count"":431,""denominator"":245237},""0.1"":{""count"":404,""denominator"":245237},""1.0"":{""count"":172,""denominator"":245237}}",unavailable,unavailable,9.3215824,w1623:p49,1,signed maximum,first in producer window/position order; exact equality,"{""count"":244805,""denominator"":245237}","{""count"":244805,""denominator"":245237}",unavailable,unavailable
12a9c0da62781d521da26cd5,zsre,R1_learned_ff,2,101,1000,full_validation,original,loss,complete,245237,245237,0.0024543229,0.0025432467,0.050864935,0.25432467,11.047747,"{""0.01"":{""count"":376,""denominator"":245237},""0.1"":{""count"":358,""denominator"":245237},""1.0"":{""count"":189,""denominator"":245237}}",1.0024573,False,11.047747,w1623:p49,1,signed maximum,first in producer window/position order; exact equality,"{""count"":244805,""denominator"":245237}","{""count"":244860,""denominator"":245237}",unavailable,unavailable
12a9c0da62781d521da26cd5,zsre,R1_learned_ff,2,101,1000,full_validation,original,kl,complete,245237,245237,0.0023297506,0.0023297506,0.046595012,0.23297506,9.3215824,"{""0.01"":{""count"":431,""denominator"":245237},""0.1"":{""count"":404,""denominator"":245237},""1.0"":{""count"":172,""denominator"":245237}}",unavailable,unavailable,9.3215824,w1623:p49,1,signed maximum,first in producer window/position order; exact equality,"{""count"":244805,""denominator"":245237}","{""count"":244805,""denominator"":245237}",unavailable,unavailable
c2a67190edb39398491bd651,zsre,R1_learned_ff,2,102,100,sampled_drift,original,loss,complete,16256,16256,0.0019311966,0.0020000991,0.040001983,0.20000991,3.8323135,"{""0.01"":30,""0.1"":29,""1.0"":11}",1.0019331,False,unavailable,w54:p21,unavailable,positive-part maximum,first in producer sample order; tie count unavailable,unavailable,unavailable,16226,16256
c2a67190edb39398491bd651,zsre,R1_learned_ff,2,102,100,sampled_drift,capoff,loss,complete,16256,16256,0.0019311966,0.0020000991,0.040001983,0.20000991,3.8323135,"{""0.01"":30,""0.1"":29,""1.0"":11}",1.0019331,False,unavailable,w54:p21,unavailable,positive-part maximum,first in producer sample order; tie count unavailable,unavailable,unavailable,16226,16256
c2a67190edb39398491bd651,zsre,R1_learned_ff,2,102,300,sampled_drift,original,loss,complete,16256,16256,0.0022242296,0.0024293275,0.04858655,0.24293275,4.8410213,"{""0.01"":36,""0.1"":32,""1.0"":11}",1.0022267,False,unavailable,w91:p38,unavailable,positive-part maximum,first in producer sample order; tie count unavailable,unavailable,unavailable,16219,16256
c2a67190edb39398491bd651,zsre,R1_learned_ff,2,102,300,sampled_drift,capoff,loss,complete,16256,16256,0.0022242296,0.0024293275,0.04858655,0.24293275,4.8410213,"{""0.01"":36,""0.1"":32,""1.0"":11}",1.0022267,False,unavailable,w91:p38,unavailable,positive-part maximum,first in producer sample order; tie count unavailable,unavailable,unavailable,16219,16256
c2a67190edb39398491bd651,zsre,R1_learned_ff,2,102,1000,sampled_drift,original,loss,complete,16256,16256,0.0010821882,0.0011794201,0.023588402,0.11794201,4.5757712,"{""0.01"":19,""0.1"":15,""1.0"":6}",1.0010828,False,unavailable,w38:p53,unavailable,positive-part maximum,first in producer sample order; tie count unavailable,unavailable,unavailable,16237,16256
c2a67190edb39398491bd651,zsre,R1_learned_ff,2,102,1000,sampled_drift,capoff,loss,complete,16256,16256,0.0010821882,0.0011794201,0.023588402,0.11794201,4.5757712,"{""0.01"":19,""0.1"":15,""1.0"":6}",1.0010828,False,unavailable,w38:p53,unavailable,positive-part maximum,first in producer sample order; tie count unavailable,unavailable,unavailable,16237,16256
c2a67190edb39398491bd651,zsre,R1_learned_ff,2,102,1000,full_validation,capoff,loss,complete,245237,245237,0.0024543228,0.0025432466,0.050864932,0.25432466,11.047747,"{""0.01"":{""count"":376,""denominator"":245237},""0.1"":{""count"":358,""denominator"":245237},""1.0"":{""count"":189,""denominator"":245237}}",1.0024573,False,11.047747,w1623:p49,1,signed maximum,first in producer window/position order; exact equality,"{""count"":244805,""denominator"":245237}","{""count"":244860,""denominator"":245237}",unavailable,unavailable
c2a67190edb39398491bd651,zsre,R1_learned_ff,2,102,1000,full_validation,capoff,kl,complete,245237,245237,0.0023297505,0.0023297505,0.04659501,0.23297505,9.321584,"{""0.01"":{""count"":431,""denominator"":245237},""0.1"":{""count"":404,""denominator"":245237},""1.0"":{""count"":172,""denominator"":245237}}",unavailable,unavailable,9.321584,w1623:p49,1,signed maximum,first in producer window/position order; exact equality,"{""count"":244805,""denominator"":245237}","{""count"":244805,""denominator"":245237}",unavailable,unavailable
c2a67190edb39398491bd651,zsre,R1_learned_ff,2,102,1000,full_validation,original,loss,complete,245237,245237,0.0024543228,0.0025432466,0.050864932,0.25432466,11.047747,"{""0.01"":{""count"":376,""denominator"":245237},""0.1"":{""count"":358,""denominator"":245237},""1.0"":{""count"":189,""denominator"":245237}}",1.0024573,False,11.047747,w1623:p49,1,signed maximum,first in producer window/position order; exact equality,"{""count"":244805,""denominator"":245237}","{""count"":244860,""denominator"":245237}",unavailable,unavailable
c2a67190edb39398491bd651,zsre,R1_learned_ff,2,102,1000,full_validation,original,kl,complete,245237,245237,0.0023297505,0.0023297505,0.04659501,0.23297505,9.321584,"{""0.01"":{""count"":431,""denominator"":245237},""0.1"":{""count"":404,""denominator"":245237},""1.0"":{""count"":172,""denominator"":245237}}",unavailable,unavailable,9.321584,w1623:p49,1,signed maximum,first in producer window/position order; exact equality,"{""count"":244805,""denominator"":245237}","{""count"":244805,""denominator"":245237}",unavailable,unavailable
58cc3599099d7ab60e5d1413,zsre,R1_learned_ff,2,103,100,sampled_drift,original,loss,complete,16256,16256,0.0038641067,0.0039397119,0.078794239,0.39397119,5.8166207,"{""0.01"":48,""0.1"":48,""1.0"":21}",1.0038716,False,unavailable,w16:p30,unavailable,positive-part maximum,first in producer sample order; tie count unavailable,unavailable,unavailable,16206,16256
58cc3599099d7ab60e5d1413,zsre,R1_learned_ff,2,103,100,sampled_drift,capoff,loss,complete,16256,16256,0.0038641067,0.0039397119,0.078794239,0.39397119,5.8166207,"{""0.01"":48,""0.1"":48,""1.0"":21}",1.0038716,False,unavailable,w16:p30,unavailable,positive-part maximum,first in producer sample order; tie count unavailable,unavailable,unavailable,16206,16256
58cc3599099d7ab60e5d1413,zsre,R1_learned_ff,2,103,300,sampled_drift,original,loss,complete,16256,16256,0.0034447188,0.0034452477,0.068904953,0.34452477,5.8166207,"{""0.01"":31,""0.1"":30,""1.0"":19}",1.0034507,False,unavailable,w16:p30,unavailable,positive-part maximum,first in producer sample order; tie count unavailable,unavailable,unavailable,16222,16256
58cc3599099d7ab60e5d1413,zsre,R1_learned_ff,2,103,300,sampled_drift,capoff,loss,complete,16256,16256,0.0034447188,0.0034452477,0.068904953,0.34452477,5.8166207,"{""0.01"":31,""0.1"":30,""1.0"":19}",1.0034507,False,unavailable,w16:p30,unavailable,positive-part maximum,first in producer sample order; tie count unavailable,unavailable,unavailable,16222,16256
58cc3599099d7ab60e5d1413,zsre,R1_learned_ff,2,103,1000,sampled_drift,original,loss,complete,16256,16256,0.0010821882,0.0011794201,0.023588402,0.11794201,4.5757712,"{""0.01"":19,""0.1"":15,""1.0"":6}",1.0010828,False,unavailable,w38:p53,unavailable,positive-part maximum,first in producer sample order; tie count unavailable,unavailable,unavailable,16237,16256
58cc3599099d7ab60e5d1413,zsre,R1_learned_ff,2,103,1000,sampled_drift,capoff,loss,complete,16256,16256,0.0010821882,0.0011794201,0.023588402,0.11794201,4.5757712,"{""0.01"":19,""0.1"":15,""1.0"":6}",1.0010828,False,unavailable,w38:p53,unavailable,positive-part maximum,first in producer sample order; tie count unavailable,unavailable,unavailable,16237,16256
58cc3599099d7ab60e5d1413,zsre,R1_learned_ff,2,103,1000,full_validation,capoff,loss,complete,245237,245237,0.0024543228,0.0025432466,0.050864932,0.25432466,11.047747,"{""0.01"":{""count"":376,""denominator"":245237},""0.1"":{""count"":358,""denominator"":245237},""1.0"":{""count"":189,""denominator"":245237}}",1.0024573,False,11.047747,w1623:p49,1,signed maximum,first in producer window/position order; exact equality,"{""count"":244805,""denominator"":245237}","{""count"":244860,""denominator"":245237}",unavailable,unavailable
58cc3599099d7ab60e5d1413,zsre,R1_learned_ff,2,103,1000,full_validation,capoff,kl,complete,245237,245237,0.0023297505,0.0023297505,0.04659501,0.23297505,9.321584,"{""0.01"":{""count"":431,""denominator"":245237},""0.1"":{""count"":404,""denominator"":245237},""1.0"":{""count"":172,""denominator"":245237}}",unavailable,unavailable,9.321584,w1623:p49,1,signed maximum,first in producer window/position order; exact equality,"{""count"":244805,""denominator"":245237}","{""count"":244805,""denominator"":245237}",unavailable,unavailable
58cc3599099d7ab60e5d1413,zsre,R1_learned_ff,2,103,1000,full_validation,original,loss,complete,245237,245237,0.0024543228,0.0025432466,0.050864932,0.25432466,11.047747,"{""0.01"":{""count"":376,""denominator"":245237},""0.1"":{""count"":358,""denominator"":245237},""1.0"":{""count"":189,""denominator"":245237}}",1.0024573,False,11.047747,w1623:p49,1,signed maximum,first in producer window/position order; exact equality,"{""count"":244805,""denominator"":245237}","{""count"":244860,""denominator"":245237}",unavailable,unavailable
58cc3599099d7ab60e5d1413,zsre,R1_learned_ff,2,103,1000,full_validation,original,kl,complete,245237,245237,0.0023297505,0.0023297505,0.04659501,0.23297505,9.321584,"{""0.01"":{""count"":431,""denominator"":245237},""0.1"":{""count"":404,""denominator"":245237},""1.0"":{""count"":172,""denominator"":245237}}",unavailable,unavailable,9.321584,w1623:p49,1,signed maximum,first in producer window/position order; exact equality,"{""count"":244805,""denominator"":245237}","{""count"":244805,""denominator"":245237}",unavailable,unavailable
4206e18c23b43bb312e045e6,zsre,R1_learned_ff,2,104,100,sampled_drift,original,loss,complete,16256,16256,0.0051939544,0.0052757486,0.10551497,0.52757486,5.9814162,"{""0.01"":41,""0.1"":39,""1.0"":27}",1.0052075,False,unavailable,w17:p117,unavailable,positive-part maximum,first in producer sample order; tie count unavailable,unavailable,unavailable,16215,16256
4206e18c23b43bb312e045e6,zsre,R1_learned_ff,2,104,100,sampled_drift,capoff,loss,complete,16256,16256,0.0051939544,0.0052757486,0.10551497,0.52757486,5.9814162,"{""0.01"":41,""0.1"":39,""1.0"":27}",1.0052075,False,unavailable,w17:p117,unavailable,positive-part maximum,first in producer sample order; tie count unavailable,unavailable,unavailable,16215,16256
4206e18c23b43bb312e045e6,zsre,R1_learned_ff,2,104,300,sampled_drift,original,loss,complete,16256,16256,0.0015849656,0.0016677396,0.033354793,0.16677396,4.5757712,"{""0.01"":20,""0.1"":20,""1.0"":10}",1.0015862,False,unavailable,w38:p53,unavailable,positive-part maximum,first in producer sample order; tie count unavailable,unavailable,unavailable,16235,16256
4206e18c23b43bb312e045e6,zsre,R1_learned_ff,2,104,300,sampled_drift,capoff,loss,complete,16256,16256,0.0015849656,0.0016677396,0.033354793,0.16677396,4.5757712,"{""0.01"":20,""0.1"":20,""1.0"":10}",1.0015862,False,unavailable,w38:p53,unavailable,positive-part maximum,first in producer sample order; tie count unavailable,unavailable,unavailable,16235,16256
4206e18c23b43bb312e045e6,zsre,R1_learned_ff,2,104,1000,sampled_drift,original,loss,complete,16256,16256,0.0010821882,0.0011794201,0.023588402,0.11794201,4.5757712,"{""0.01"":19,""0.1"":15,""1.0"":6}",1.0010828,False,unavailable,w38:p53,unavailable,positive-part maximum,first in producer sample order; tie count unavailable,unavailable,unavailable,16237,16256
4206e18c23b43bb312e045e6,zsre,R1_learned_ff,2,104,1000,sampled_drift,capoff,loss,complete,16256,16256,0.0010821882,0.0011794201,0.023588402,0.11794201,4.5757712,"{""0.01"":19,""0.1"":15,""1.0"":6}",1.0010828,False,unavailable,w38:p53,unavailable,positive-part maximum,first in producer sample order; tie count unavailable,unavailable,unavailable,16237,16256
4206e18c23b43bb312e045e6,zsre,R1_learned_ff,2,104,1000,full_validation,capoff,loss,complete,245237,245237,0.0024543228,0.0025432466,0.050864932,0.25432466,11.047747,"{""0.01"":{""count"":376,""denominator"":245237},""0.1"":{""count"":358,""denominator"":245237},""1.0"":{""count"":189,""denominator"":245237}}",1.0024573,False,11.047747,w1623:p49,1,signed maximum,first in producer window/position order; exact equality,"{""count"":244805,""denominator"":245237}","{""count"":244860,""denominator"":245237}",unavailable,unavailable
4206e18c23b43bb312e045e6,zsre,R1_learned_ff,2,104,1000,full_validation,capoff,kl,complete,245237,245237,0.0023297505,0.0023297505,0.04659501,0.23297505,9.321584,"{""0.01"":{""count"":431,""denominator"":245237},""0.1"":{""count"":404,""denominator"":245237},""1.0"":{""count"":172,""denominator"":245237}}",unavailable,unavailable,9.321584,w1623:p49,1,signed maximum,first in producer window/position order; exact equality,"{""count"":244805,""denominator"":245237}","{""count"":244805,""denominator"":245237}",unavailable,unavailable
4206e18c23b43bb312e045e6,zsre,R1_learned_ff,2,104,1000,full_validation,original,loss,complete,245237,245237,0.0024543228,0.0025432466,0.050864932,0.25432466,11.047747,"{""0.01"":{""count"":376,""denominator"":245237},""0.1"":{""count"":358,""denominator"":245237},""1.0"":{""count"":189,""denominator"":245237}}",1.0024573,False,11.047747,w1623:p49,1,signed maximum,first in producer window/position order; exact equality,"{""count"":244805,""denominator"":245237}","{""count"":244860,""denominator"":245237}",unavailable,unavailable
4206e18c23b43bb312e045e6,zsre,R1_learned_ff,2,104,1000,full_validation,original,kl,complete,245237,245237,0.0023297505,0.0023297505,0.04659501,0.23297505,9.321584,"{""0.01"":{""count"":431,""denominator"":245237},""0.1"":{""count"":404,""denominator"":245237},""1.0"":{""count"":172,""denominator"":245237}}",unavailable,unavailable,9.321584,w1623:p49,1,signed maximum,first in producer window/position order; exact equality,"{""count"":244805,""denominator"":245237}","{""count"":244805,""denominator"":245237}",unavailable,unavailable
fa46e16c8436f7ea4a5c3f06,counterfact,R1_learned_ff,2,100,100,sampled_drift,original,loss,complete,16256,16256,0.0070572662,0.0072888051,0.1457761,0.72888051,7.4192519,"{""0.01"":88,""0.1"":83,""1.0"":36}",1.0070822,False,unavailable,w67:p52,unavailable,positive-part maximum,first in producer sample order; tie count unavailable,unavailable,unavailable,16166,16256
fa46e16c8436f7ea4a5c3f06,counterfact,R1_learned_ff,2,100,100,sampled_drift,capoff,loss,complete,16256,16256,0.0070572662,0.0072888051,0.1457761,0.72888051,7.4192519,"{""0.01"":88,""0.1"":83,""1.0"":36}",1.0070822,False,unavailable,w67:p52,unavailable,positive-part maximum,first in producer sample order; tie count unavailable,unavailable,unavailable,16166,16256
fa46e16c8436f7ea4a5c3f06,counterfact,R1_learned_ff,2,100,300,sampled_drift,original,loss,complete,16256,16256,0.0098375157,0.010104373,0.20208746,1.0104373,11.410042,"{""0.01"":111,""0.1"":106,""1.0"":47}",1.0098861,False,unavailable,w95:p31,unavailable,positive-part maximum,first in producer sample order; tie count unavailable,unavailable,unavailable,16144,16256
fa46e16c8436f7ea4a5c3f06,counterfact,R1_learned_ff,2,100,300,sampled_drift,capoff,loss,complete,16256,16256,0.0098375157,0.010104373,0.20208746,1.0104373,11.410042,"{""0.01"":111,""0.1"":106,""1.0"":47}",1.0098861,False,unavailable,w95:p31,unavailable,positive-part maximum,first in producer sample order; tie count unavailable,unavailable,unavailable,16144,16256
fa46e16c8436f7ea4a5c3f06,counterfact,R1_learned_ff,2,100,1000,sampled_drift,original,loss,complete,16256,16256,0.010681318,0.010862786,0.21725571,1.0862786,8.6575739,"{""0.01"":114,""0.1"":108,""1.0"":52}",1.0107386,False,unavailable,w27:p61,unavailable,positive-part maximum,first in producer sample order; tie count unavailable,unavailable,unavailable,16141,16256
fa46e16c8436f7ea4a5c3f06,counterfact,R1_learned_ff,2,100,1000,sampled_drift,capoff,loss,complete,16256,16256,0.010681318,0.010862786,0.21725571,1.0862786,8.6575739,"{""0.01"":114,""0.1"":108,""1.0"":52}",1.0107386,False,unavailable,w27:p61,unavailable,positive-part maximum,first in producer sample order; tie count unavailable,unavailable,unavailable,16141,16256
fa46e16c8436f7ea4a5c3f06,counterfact,R1_learned_ff,2,100,1000,full_validation,capoff,loss,complete,245237,245237,0.0060233174,0.0062189141,0.12437828,0.62189141,14.030781,"{""0.01"":{""count"":818,""denominator"":245237},""0.1"":{""count"":791,""denominator"":245237},""1.0"":{""count"":446,""denominator"":245237}}",1.0060415,False,14.030781,w1209:p44,1,signed maximum,first in producer window/position order; exact equality,"{""count"":244299,""denominator"":245237}","{""count"":244416,""denominator"":245237}",unavailable,unavailable
fa46e16c8436f7ea4a5c3f06,counterfact,R1_learned_ff,2,100,1000,full_validation,capoff,kl,complete,245237,245237,0.0057806376,0.0057806376,0.11561275,0.57806376,12.111383,"{""0.01"":{""count"":936,""denominator"":245237},""0.1"":{""count"":892,""denominator"":245237},""1.0"":{""count"":420,""denominator"":245237}}",unavailable,unavailable,12.111383,w1354:p74,1,signed maximum,first in producer window/position order; exact equality,"{""count"":244299,""denominator"":245237}","{""count"":244299,""denominator"":245237}",unavailable,unavailable
fa46e16c8436f7ea4a5c3f06,counterfact,R1_learned_ff,2,100,1000,full_validation,original,loss,complete,245237,245237,0.0060233174,0.0062189141,0.12437828,0.62189141,14.030781,"{""0.01"":{""count"":818,""denominator"":245237},""0.1"":{""count"":791,""denominator"":245237},""1.0"":{""count"":446,""denominator"":245237}}",1.0060415,False,14.030781,w1209:p44,1,signed maximum,first in producer window/position order; exact equality,"{""count"":244299,""denominator"":245237}","{""count"":244416,""denominator"":245237}",unavailable,unavailable
fa46e16c8436f7ea4a5c3f06,counterfact,R1_learned_ff,2,100,1000,full_validation,original,kl,complete,245237,245237,0.0057806376,0.0057806376,0.11561275,0.57806376,12.111383,"{""0.01"":{""count"":936,""denominator"":245237},""0.1"":{""count"":892,""denominator"":245237},""1.0"":{""count"":420,""denominator"":245237}}",unavailable,unavailable,12.111383,w1354:p74,1,signed maximum,first in producer window/position order; exact equality,"{""count"":244299,""denominator"":245237}","{""count"":244299,""denominator"":245237}",unavailable,unavailable
162686f6303fe986619d236d,counterfact,R1_learned_ff,2,101,100,sampled_drift,original,loss,complete,16256,16256,0.0030979891,0.003193408,0.063868161,0.3193408,7.5709497,"{""0.01"":28,""0.1"":26,""1.0"":17}",1.0031028,False,unavailable,w96:p49,unavailable,positive-part maximum,first in producer sample order; tie count unavailable,unavailable,unavailable,16228,16256
162686f6303fe986619d236d,counterfact,R1_learned_ff,2,101,100,sampled_drift,capoff,loss,complete,16256,16256,0.0030979891,0.003193408,0.063868161,0.3193408,7.5709497,"{""0.01"":28,""0.1"":26,""1.0"":17}",1.0031028,False,unavailable,w96:p49,unavailable,positive-part maximum,first in producer sample order; tie count unavailable,unavailable,unavailable,16228,16256
162686f6303fe986619d236d,counterfact,R1_learned_ff,2,101,300,sampled_drift,original,loss,complete,16256,16256,0.0045064624,0.0045921966,0.091843932,0.45921966,8.3049065,"{""0.01"":48,""0.1"":44,""1.0"":22}",1.0045166,False,unavailable,w113:p32,unavailable,positive-part maximum,first in producer sample order; tie count unavailable,unavailable,unavailable,16208,16256
162686f6303fe986619d236d,counterfact,R1_learned_ff,2,101,300,sampled_drift,capoff,loss,complete,16256,16256,0.0045064624,0.0045921966,0.091843932,0.45921966,8.3049065,"{""0.01"":48,""0.1"":44,""1.0"":22}",1.0045166,False,unavailable,w113:p32,unavailable,positive-part maximum,first in producer sample order; tie count unavailable,unavailable,unavailable,16208,16256
162686f6303fe986619d236d,counterfact,R1_learned_ff,2,101,1000,sampled_drift,original,loss,complete,16256,16256,0.010681318,0.010862786,0.21725571,1.0862786,8.6575739,"{""0.01"":114,""0.1"":108,""1.0"":52}",1.0107386,False,unavailable,w27:p61,unavailable,positive-part maximum,first in producer sample order; tie count unavailable,unavailable,unavailable,16141,16256
162686f6303fe986619d236d,counterfact,R1_learned_ff,2,101,1000,sampled_drift,capoff,loss,complete,16256,16256,0.010681318,0.010862786,0.21725571,1.0862786,8.6575739,"{""0.01"":114,""0.1"":108,""1.0"":52}",1.0107386,False,unavailable,w27:p61,unavailable,positive-part maximum,first in producer sample order; tie count unavailable,unavailable,unavailable,16141,16256
162686f6303fe986619d236d,counterfact,R1_learned_ff,2,101,1000,full_validation,capoff,loss,complete,245237,245237,0.0060233174,0.0062189141,0.12437828,0.62189141,14.030781,"{""0.01"":{""count"":818,""denominator"":245237},""0.1"":{""count"":791,""denominator"":245237},""1.0"":{""count"":446,""denominator"":245237}}",1.0060415,False,14.030781,w1209:p44,1,signed maximum,first in producer window/position order; exact equality,"{""count"":244299,""denominator"":245237}","{""count"":244416,""denominator"":245237}",unavailable,unavailable
162686f6303fe986619d236d,counterfact,R1_learned_ff,2,101,1000,full_validation,capoff,kl,complete,245237,245237,0.0057806376,0.0057806376,0.11561275,0.57806376,12.111383,"{""0.01"":{""count"":936,""denominator"":245237},""0.1"":{""count"":892,""denominator"":245237},""1.0"":{""count"":420,""denominator"":245237}}",unavailable,unavailable,12.111383,w1354:p74,1,signed maximum,first in producer window/position order; exact equality,"{""count"":244299,""denominator"":245237}","{""count"":244299,""denominator"":245237}",unavailable,unavailable
162686f6303fe986619d236d,counterfact,R1_learned_ff,2,101,1000,full_validation,original,loss,complete,245237,245237,0.0060233174,0.0062189141,0.12437828,0.62189141,14.030781,"{""0.01"":{""count"":818,""denominator"":245237},""0.1"":{""count"":791,""denominator"":245237},""1.0"":{""count"":446,""denominator"":245237}}",1.0060415,False,14.030781,w1209:p44,1,signed maximum,first in producer window/position order; exact equality,"{""count"":244299,""denominator"":245237}","{""count"":244416,""denominator"":245237}",unavailable,unavailable
162686f6303fe986619d236d,counterfact,R1_learned_ff,2,101,1000,full_validation,original,kl,complete,245237,245237,0.0057806376,0.0057806376,0.11561275,0.57806376,12.111383,"{""0.01"":{""count"":936,""denominator"":245237},""0.1"":{""count"":892,""denominator"":245237},""1.0"":{""count"":420,""denominator"":245237}}",unavailable,unavailable,12.111383,w1354:p74,1,signed maximum,first in producer window/position order; exact equality,"{""count"":244299,""denominator"":245237}","{""count"":244299,""denominator"":245237}",unavailable,unavailable
029ecd260f3e085063714d3f,counterfact,R1_learned_ff,2,102,100,sampled_drift,original,loss,complete,16256,16256,0.0043823613,0.0046493703,0.092987406,0.46493703,11.410042,"{""0.01"":36,""0.1"":35,""1.0"":21}",1.004392,False,unavailable,w95:p31,unavailable,positive-part maximum,first in producer sample order; tie count unavailable,unavailable,unavailable,16220,16256
029ecd260f3e085063714d3f,counterfact,R1_learned_ff,2,102,100,sampled_drift,capoff,loss,complete,16256,16256,0.0043823613,0.0046493703,0.092987406,0.46493703,11.410042,"{""0.01"":36,""0.1"":35,""1.0"":21}",1.004392,False,unavailable,w95:p31,unavailable,positive-part maximum,first in producer sample order; tie count unavailable,unavailable,unavailable,16220,16256
029ecd260f3e085063714d3f,counterfact,R1_learned_ff,2,102,300,sampled_drift,original,loss,complete,16256,16256,0.0055897493,0.0058482762,0.11696552,0.58482762,8.3049065,"{""0.01"":50,""0.1"":46,""1.0"":26}",1.0056054,False,unavailable,w113:p32,unavailable,positive-part maximum,first in producer sample order; tie count unavailable,unavailable,unavailable,16206,16256
029ecd260f3e085063714d3f,counterfact,R1_learned_ff,2,102,300,sampled_drift,capoff,loss,complete,16256,16256,0.0055897493,0.0058482762,0.11696552,0.58482762,8.3049065,"{""0.01"":50,""0.1"":46,""1.0"":26}",1.0056054,False,unavailable,w113:p32,unavailable,positive-part maximum,first in producer sample order; tie count unavailable,unavailable,unavailable,16206,16256
029ecd260f3e085063714d3f,counterfact,R1_learned_ff,2,102,1000,sampled_drift,original,loss,complete,16256,16256,0.010681318,0.010862786,0.21725571,1.0862786,8.6575739,"{""0.01"":114,""0.1"":108,""1.0"":52}",1.0107386,False,unavailable,w27:p61,unavailable,positive-part maximum,first in producer sample order; tie count unavailable,unavailable,unavailable,16141,16256
029ecd260f3e085063714d3f,counterfact,R1_learned_ff,2,102,1000,sampled_drift,capoff,loss,complete,16256,16256,0.010681318,0.010862786,0.21725571,1.0862786,8.6575739,"{""0.01"":114,""0.1"":108,""1.0"":52}",1.0107386,False,unavailable,w27:p61,unavailable,positive-part maximum,first in producer sample order; tie count unavailable,unavailable,unavailable,16141,16256
029ecd260f3e085063714d3f,counterfact,R1_learned_ff,2,102,1000,full_validation,capoff,loss,complete,245237,245237,0.0060233174,0.0062189141,0.12437828,0.62189141,14.030781,"{""0.01"":{""count"":818,""denominator"":245237},""0.1"":{""count"":791,""denominator"":245237},""1.0"":{""count"":446,""denominator"":245237}}",1.0060415,False,14.030781,w1209:p44,1,signed maximum,first in producer window/position order; exact equality,"{""count"":244299,""denominator"":245237}","{""count"":244416,""denominator"":245237}",unavailable,unavailable
029ecd260f3e085063714d3f,counterfact,R1_learned_ff,2,102,1000,full_validation,capoff,kl,complete,245237,245237,0.0057806376,0.0057806376,0.11561275,0.57806376,12.111383,"{""0.01"":{""count"":936,""denominator"":245237},""0.1"":{""count"":892,""denominator"":245237},""1.0"":{""count"":420,""denominator"":245237}}",unavailable,unavailable,12.111383,w1354:p74,1,signed maximum,first in producer window/position order; exact equality,"{""count"":244299,""denominator"":245237}","{""count"":244299,""denominator"":245237}",unavailable,unavailable
029ecd260f3e085063714d3f,counterfact,R1_learned_ff,2,102,1000,full_validation,original,loss,complete,245237,245237,0.0060233174,0.0062189141,0.12437828,0.62189141,14.030781,"{""0.01"":{""count"":818,""denominator"":245237},""0.1"":{""count"":791,""denominator"":245237},""1.0"":{""count"":446,""denominator"":245237}}",1.0060415,False,14.030781,w1209:p44,1,signed maximum,first in producer window/position order; exact equality,"{""count"":244299,""denominator"":245237}","{""count"":244416,""denominator"":245237}",unavailable,unavailable
029ecd260f3e085063714d3f,counterfact,R1_learned_ff,2,102,1000,full_validation,original,kl,complete,245237,245237,0.0057806376,0.0057806376,0.11561275,0.57806376,12.111383,"{""0.01"":{""count"":936,""denominator"":245237},""0.1"":{""count"":892,""denominator"":245237},""1.0"":{""count"":420,""denominator"":245237}}",unavailable,unavailable,12.111383,w1354:p74,1,signed maximum,first in producer window/position order; exact equality,"{""count"":244299,""denominator"":245237}","{""count"":244299,""denominator"":245237}",unavailable,unavailable
7197775fb7f97a465fd3310e,counterfact,R1_learned_ff,2,103,100,sampled_drift,original,loss,complete,16256,16256,0.00095406766,0.001004364,0.02008728,0.1004364,4.5843009,"{""0.01"":11,""0.1"":11,""1.0"":5}",1.0009545,False,unavailable,w73:p56,unavailable,positive-part maximum,first in producer sample order; tie count unavailable,unavailable,unavailable,16245,16256
7197775fb7f97a465fd3310e,counterfact,R1_learned_ff,2,103,100,sampled_drift,capoff,loss,complete,16256,16256,0.00095406766,0.001004364,0.02008728,0.1004364,4.5843009,"{""0.01"":11,""0.1"":11,""1.0"":5}",1.0009545,False,unavailable,w73:p56,unavailable,positive-part maximum,first in producer sample order; tie count unavailable,unavailable,unavailable,16245,16256
7197775fb7f97a465fd3310e,counterfact,R1_learned_ff,2,103,300,sampled_drift,original,loss,complete,16256,16256,0.0073482674,0.0073760453,0.14752091,0.73760453,7.5709497,"{""0.01"":58,""0.1"":55,""1.0"":35}",1.0073753,False,unavailable,w96:p49,unavailable,positive-part maximum,first in producer sample order; tie count unavailable,unavailable,unavailable,16197,16256
7197775fb7f97a465fd3310e,counterfact,R1_learned_ff,2,103,300,sampled_drift,capoff,loss,complete,16256,16256,0.0073482674,0.0073760453,0.14752091,0.73760453,7.5709497,"{""0.01"":58,""0.1"":55,""1.0"":35}",1.0073753,False,unavailable,w96:p49,unavailable,positive-part maximum,first in producer sample order; tie count unavailable,unavailable,unavailable,16197,16256
7197775fb7f97a465fd3310e,counterfact,R1_learned_ff,2,103,1000,sampled_drift,original,loss,complete,16256,16256,0.010681318,0.010862786,0.21725571,1.0862786,8.6575739,"{""0.01"":114,""0.1"":108,""1.0"":52}",1.0107386,False,unavailable,w27:p61,unavailable,positive-part maximum,first in producer sample order; tie count unavailable,unavailable,unavailable,16141,16256
7197775fb7f97a465fd3310e,counterfact,R1_learned_ff,2,103,1000,sampled_drift,capoff,loss,complete,16256,16256,0.010681318,0.010862786,0.21725571,1.0862786,8.6575739,"{""0.01"":114,""0.1"":108,""1.0"":52}",1.0107386,False,unavailable,w27:p61,unavailable,positive-part maximum,first in producer sample order; tie count unavailable,unavailable,unavailable,16141,16256
7197775fb7f97a465fd3310e,counterfact,R1_learned_ff,2,103,1000,full_validation,capoff,loss,complete,245237,245237,0.0060233174,0.0062189141,0.12437828,0.62189141,14.030781,"{""0.01"":{""count"":818,""denominator"":245237},""0.1"":{""count"":791,""denominator"":245237},""1.0"":{""count"":446,""denominator"":245237}}",1.0060415,False,14.030781,w1209:p44,1,signed maximum,first in producer window/position order; exact equality,"{""count"":244299,""denominator"":245237}","{""count"":244416,""denominator"":245237}",unavailable,unavailable
7197775fb7f97a465fd3310e,counterfact,R1_learned_ff,2,103,1000,full_validation,capoff,kl,complete,245237,245237,0.0057806376,0.0057806376,0.11561275,0.57806376,12.111383,"{""0.01"":{""count"":936,""denominator"":245237},""0.1"":{""count"":892,""denominator"":245237},""1.0"":{""count"":420,""denominator"":245237}}",unavailable,unavailable,12.111383,w1354:p74,1,signed maximum,first in producer window/position order; exact equality,"{""count"":244299,""denominator"":245237}","{""count"":244299,""denominator"":245237}",unavailable,unavailable
7197775fb7f97a465fd3310e,counterfact,R1_learned_ff,2,103,1000,full_validation,original,loss,complete,245237,245237,0.0060233174,0.0062189141,0.12437828,0.62189141,14.030781,"{""0.01"":{""count"":818,""denominator"":245237},""0.1"":{""count"":791,""denominator"":245237},""1.0"":{""count"":446,""denominator"":245237}}",1.0060415,False,14.030781,w1209:p44,1,signed maximum,first in producer window/position order; exact equality,"{""count"":244299,""denominator"":245237}","{""count"":244416,""denominator"":245237}",unavailable,unavailable
7197775fb7f97a465fd3310e,counterfact,R1_learned_ff,2,103,1000,full_validation,original,kl,complete,245237,245237,0.0057806376,0.0057806376,0.11561275,0.57806376,12.111383,"{""0.01"":{""count"":936,""denominator"":245237},""0.1"":{""count"":892,""denominator"":245237},""1.0"":{""count"":420,""denominator"":245237}}",unavailable,unavailable,12.111383,w1354:p74,1,signed maximum,first in producer window/position order; exact equality,"{""count"":244299,""denominator"":245237}","{""count"":244299,""denominator"":245237}",unavailable,unavailable
6de7e97b6cb167d048dc31ba,counterfact,R1_learned_ff,2,104,100,sampled_drift,original,loss,complete,16256,16256,0.0037464772,0.0037659459,0.075318918,0.37659459,10.790981,"{""0.01"":22,""0.1"":21,""1.0"":12}",1.0037535,False,unavailable,w113:p32,unavailable,positive-part maximum,first in producer sample order; tie count unavailable,unavailable,unavailable,16234,16256
6de7e97b6cb167d048dc31ba,counterfact,R1_learned_ff,2,104,100,sampled_drift,capoff,loss,complete,16256,16256,0.0037464772,0.0037659459,0.075318918,0.37659459,10.790981,"{""0.01"":22,""0.1"":21,""1.0"":12}",1.0037535,False,unavailable,w113:p32,unavailable,positive-part maximum,first in producer sample order; tie count unavailable,unavailable,unavailable,16234,16256
6de7e97b6cb167d048dc31ba,counterfact,R1_learned_ff,2,104,300,sampled_drift,original,loss,complete,16256,16256,0.0059753478,0.006009342,0.12018684,0.6009342,11.410042,"{""0.01"":40,""0.1"":35,""1.0"":22}",1.0059932,False,unavailable,w95:p31,unavailable,positive-part maximum,first in producer sample order; tie count unavailable,unavailable,unavailable,16216,16256
6de7e97b6cb167d048dc31ba,counterfact,R1_learned_ff,2,104,300,sampled_drift,capoff,loss,complete,16256,16256,0.0059753478,0.006009342,0.12018684,0.6009342,11.410042,"{""0.01"":40,""0.1"":35,""1.0"":22}",1.0059932,False,unavailable,w95:p31,unavailable,positive-part maximum,first in producer sample order; tie count unavailable,unavailable,unavailable,16216,16256
6de7e97b6cb167d048dc31ba,counterfact,R1_learned_ff,2,104,1000,sampled_drift,original,loss,complete,16256,16256,0.010681318,0.010862786,0.21725571,1.0862786,8.6575739,"{""0.01"":114,""0.1"":108,""1.0"":52}",1.0107386,False,unavailable,w27:p61,unavailable,positive-part maximum,first in producer sample order; tie count unavailable,unavailable,unavailable,16141,16256
6de7e97b6cb167d048dc31ba,counterfact,R1_learned_ff,2,104,1000,sampled_drift,capoff,loss,complete,16256,16256,0.010681318,0.010862786,0.21725571,1.0862786,8.6575739,"{""0.01"":114,""0.1"":108,""1.0"":52}",1.0107386,False,unavailable,w27:p61,unavailable,positive-part maximum,first in producer sample order; tie count unavailable,unavailable,unavailable,16141,16256
6de7e97b6cb167d048dc31ba,counterfact,R1_learned_ff,2,104,1000,full_validation,capoff,loss,complete,245237,245237,0.0060233174,0.0062189141,0.12437828,0.62189141,14.030781,"{""0.01"":{""count"":818,""denominator"":245237},""0.1"":{""count"":791,""denominator"":245237},""1.0"":{""count"":446,""denominator"":245237}}",1.0060415,False,14.030781,w1209:p44,1,signed maximum,first in producer window/position order; exact equality,"{""count"":244299,""denominator"":245237}","{""count"":244416,""denominator"":245237}",unavailable,unavailable
6de7e97b6cb167d048dc31ba,counterfact,R1_learned_ff,2,104,1000,full_validation,capoff,kl,complete,245237,245237,0.0057806376,0.0057806376,0.11561275,0.57806376,12.111383,"{""0.01"":{""count"":936,""denominator"":245237},""0.1"":{""count"":892,""denominator"":245237},""1.0"":{""count"":420,""denominator"":245237}}",unavailable,unavailable,12.111383,w1354:p74,1,signed maximum,first in producer window/position order; exact equality,"{""count"":244299,""denominator"":245237}","{""count"":244299,""denominator"":245237}",unavailable,unavailable
6de7e97b6cb167d048dc31ba,counterfact,R1_learned_ff,2,104,1000,full_validation,original,loss,complete,245237,245237,0.0060233174,0.0062189141,0.12437828,0.62189141,14.030781,"{""0.01"":{""count"":818,""denominator"":245237},""0.1"":{""count"":791,""denominator"":245237},""1.0"":{""count"":446,""denominator"":245237}}",1.0060415,False,14.030781,w1209:p44,1,signed maximum,first in producer window/position order; exact equality,"{""count"":244299,""denominator"":245237}","{""count"":244416,""denominator"":245237}",unavailable,unavailable
6de7e97b6cb167d048dc31ba,counterfact,R1_learned_ff,2,104,1000,full_validation,original,kl,complete,245237,245237,0.0057806376,0.0057806376,0.11561275,0.57806376,12.111383,"{""0.01"":{""count"":936,""denominator"":245237},""0.1"":{""count"":892,""denominator"":245237},""1.0"":{""count"":420,""denominator"":245237}}",unavailable,unavailable,12.111383,w1354:p74,1,signed maximum,first in producer window/position order; exact equality,"{""count"":244299,""denominator"":245237}","{""count"":244299,""denominator"":245237}",unavailable,unavailable
fcd702d12d5d6bfae824379b,mquake,R1_learned_ff,2,100,100,sampled_drift,original,loss,complete,16256,16256,0.0029872952,0.003042223,0.060844459,0.3042223,6.5471434,"{""0.01"":23,""0.1"":22,""1.0"":15}",1.0029918,False,unavailable,w17:p41,unavailable,positive-part maximum,first in producer sample order; tie count unavailable,unavailable,unavailable,16232,16256
fcd702d12d5d6bfae824379b,mquake,R1_learned_ff,2,100,100,sampled_drift,capoff,loss,complete,16256,16256,0.0029872952,0.003042223,0.060844459,0.3042223,6.5471434,"{""0.01"":23,""0.1"":22,""1.0"":15}",1.0029918,False,unavailable,w17:p41,unavailable,positive-part maximum,first in producer sample order; tie count unavailable,unavailable,unavailable,16232,16256
fcd702d12d5d6bfae824379b,mquake,R1_learned_ff,2,100,300,sampled_drift,original,loss,complete,16256,16256,0.0081696109,0.0082765449,0.1655309,0.82765449,6.5471434,"{""0.01"":67,""0.1"":64,""1.0"":40}",1.0082031,False,unavailable,w17:p41,unavailable,positive-part maximum,first in producer sample order; tie count unavailable,unavailable,unavailable,16188,16256
fcd702d12d5d6bfae824379b,mquake,R1_learned_ff,2,100,300,sampled_drift,capoff,loss,complete,16256,16256,0.0081696109,0.0082765449,0.1655309,0.82765449,6.5471434,"{""0.01"":67,""0.1"":64,""1.0"":40}",1.0082031,False,unavailable,w17:p41,unavailable,positive-part maximum,first in producer sample order; tie count unavailable,unavailable,unavailable,16188,16256
fcd702d12d5d6bfae824379b,mquake,R1_learned_ff,2,100,300,full_validation,capoff,loss,complete,245237,245237,0.0041358479,0.0042069364,0.084138729,0.42069364,10.253231,"{""0.01"":{""count"":563,""denominator"":245237},""0.1"":{""count"":537,""denominator"":245237},""1.0"":{""count"":341,""denominator"":245237}}",1.0041444,False,10.253231,w1591:p28,1,signed maximum,first in producer window/position order; exact equality,"{""count"":244605,""denominator"":245237}","{""count"":244670,""denominator"":245237}",unavailable,unavailable
fcd702d12d5d6bfae824379b,mquake,R1_learned_ff,2,100,300,full_validation,capoff,kl,complete,245237,245237,0.0040920004,0.0040920004,0.081840008,0.40920004,9.021915,"{""0.01"":{""count"":630,""denominator"":245237},""0.1"":{""count"":586,""denominator"":245237},""1.0"":{""count"":319,""denominator"":245237}}",unavailable,unavailable,9.021915,w1591:p28,1,signed maximum,first in producer window/position order; exact equality,"{""count"":244605,""denominator"":245237}","{""count"":244605,""denominator"":245237}",unavailable,unavailable
fcd702d12d5d6bfae824379b,mquake,R1_learned_ff,2,100,300,full_validation,original,loss,complete,245237,245237,0.0041358479,0.0042069364,0.084138729,0.42069364,10.253231,"{""0.01"":{""count"":563,""denominator"":245237},""0.1"":{""count"":537,""denominator"":245237},""1.0"":{""count"":341,""denominator"":245237}}",1.0041444,False,10.253231,w1591:p28,1,signed maximum,first in producer window/position order; exact equality,"{""count"":244605,""denominator"":245237}","{""count"":244670,""denominator"":245237}",unavailable,unavailable
fcd702d12d5d6bfae824379b,mquake,R1_learned_ff,2,100,300,full_validation,original,kl,complete,245237,245237,0.0040920004,0.0040920004,0.081840008,0.40920004,9.021915,"{""0.01"":{""count"":630,""denominator"":245237},""0.1"":{""count"":586,""denominator"":245237},""1.0"":{""count"":319,""denominator"":245237}}",unavailable,unavailable,9.021915,w1591:p28,1,signed maximum,first in producer window/position order; exact equality,"{""count"":244605,""denominator"":245237}","{""count"":244605,""denominator"":245237}",unavailable,unavailable
9a1d038b95f534b43185c7fc,mquake,R1_learned_ff,2,101,100,sampled_drift,original,loss,complete,16256,16256,0.0026662697,0.0027309041,0.054618083,0.27309041,6.9545138,"{""0.01"":22,""0.1"":22,""1.0"":14}",1.0026698,False,unavailable,w40:p104,unavailable,positive-part maximum,first in producer sample order; tie count unavailable,unavailable,unavailable,16234,16256
9a1d038b95f534b43185c7fc,mquake,R1_learned_ff,2,101,100,sampled_drift,capoff,loss,complete,16256,16256,0.0026662697,0.0027309041,0.054618083,0.27309041,6.9545138,"{""0.01"":22,""0.1"":22,""1.0"":14}",1.0026698,False,unavailable,w40:p104,unavailable,positive-part maximum,first in producer sample order; tie count unavailable,unavailable,unavailable,16234,16256
9a1d038b95f534b43185c7fc,mquake,R1_learned_ff,2,101,300,sampled_drift,original,loss,complete,16256,16256,0.0081696109,0.0082765449,0.1655309,0.82765449,6.5471434,"{""0.01"":67,""0.1"":64,""1.0"":40}",1.0082031,False,unavailable,w17:p41,unavailable,positive-part maximum,first in producer sample order; tie count unavailable,unavailable,unavailable,16188,16256
9a1d038b95f534b43185c7fc,mquake,R1_learned_ff,2,101,300,sampled_drift,capoff,loss,complete,16256,16256,0.0081696109,0.0082765449,0.1655309,0.82765449,6.5471434,"{""0.01"":67,""0.1"":64,""1.0"":40}",1.0082031,False,unavailable,w17:p41,unavailable,positive-part maximum,first in producer sample order; tie count unavailable,unavailable,unavailable,16188,16256
9a1d038b95f534b43185c7fc,mquake,R1_learned_ff,2,101,300,full_validation,capoff,loss,complete,245237,245237,0.0041358479,0.0042069364,0.084138729,0.42069364,10.253231,"{""0.01"":{""count"":563,""denominator"":245237},""0.1"":{""count"":537,""denominator"":245237},""1.0"":{""count"":341,""denominator"":245237}}",1.0041444,False,10.253231,w1591:p28,1,signed maximum,first in producer window/position order; exact equality,"{""count"":244605,""denominator"":245237}","{""count"":244670,""denominator"":245237}",unavailable,unavailable
9a1d038b95f534b43185c7fc,mquake,R1_learned_ff,2,101,300,full_validation,capoff,kl,complete,245237,245237,0.0040920004,0.0040920004,0.081840008,0.40920004,9.021915,"{""0.01"":{""count"":630,""denominator"":245237},""0.1"":{""count"":586,""denominator"":245237},""1.0"":{""count"":319,""denominator"":245237}}",unavailable,unavailable,9.021915,w1591:p28,1,signed maximum,first in producer window/position order; exact equality,"{""count"":244605,""denominator"":245237}","{""count"":244605,""denominator"":245237}",unavailable,unavailable
9a1d038b95f534b43185c7fc,mquake,R1_learned_ff,2,101,300,full_validation,original,loss,complete,245237,245237,0.0041358479,0.0042069364,0.084138729,0.42069364,10.253231,"{""0.01"":{""count"":563,""denominator"":245237},""0.1"":{""count"":537,""denominator"":245237},""1.0"":{""count"":341,""denominator"":245237}}",1.0041444,False,10.253231,w1591:p28,1,signed maximum,first in producer window/position order; exact equality,"{""count"":244605,""denominator"":245237}","{""count"":244670,""denominator"":245237}",unavailable,unavailable
9a1d038b95f534b43185c7fc,mquake,R1_learned_ff,2,101,300,full_validation,original,kl,complete,245237,245237,0.0040920004,0.0040920004,0.081840008,0.40920004,9.021915,"{""0.01"":{""count"":630,""denominator"":245237},""0.1"":{""count"":586,""denominator"":245237},""1.0"":{""count"":319,""denominator"":245237}}",unavailable,unavailable,9.021915,w1591:p28,1,signed maximum,first in producer window/position order; exact equality,"{""count"":244605,""denominator"":245237}","{""count"":244605,""denominator"":245237}",unavailable,unavailable
dfc9c9b480e482911c457e07,mquake,R1_learned_ff,2,102,100,sampled_drift,original,loss,complete,16256,16256,0.0045554087,0.0046657297,0.093314594,0.46657297,6.5471434,"{""0.01"":43,""0.1"":41,""1.0"":29}",1.0045658,False,unavailable,w17:p41,unavailable,positive-part maximum,first in producer sample order; tie count unavailable,unavailable,unavailable,16213,16256
dfc9c9b480e482911c457e07,mquake,R1_learned_ff,2,102,100,sampled_drift,capoff,loss,complete,16256,16256,0.0045554087,0.0046657297,0.093314594,0.46657297,6.5471434,"{""0.01"":43,""0.1"":41,""1.0"":29}",1.0045658,False,unavailable,w17:p41,unavailable,positive-part maximum,first in producer sample order; tie count unavailable,unavailable,unavailable,16213,16256
dfc9c9b480e482911c457e07,mquake,R1_learned_ff,2,102,300,sampled_drift,original,loss,complete,16256,16256,0.0081696109,0.0082765449,0.1655309,0.82765449,6.5471434,"{""0.01"":67,""0.1"":64,""1.0"":40}",1.0082031,False,unavailable,w17:p41,unavailable,positive-part maximum,first in producer sample order; tie count unavailable,unavailable,unavailable,16188,16256
dfc9c9b480e482911c457e07,mquake,R1_learned_ff,2,102,300,sampled_drift,capoff,loss,complete,16256,16256,0.0081696109,0.0082765449,0.1655309,0.82765449,6.5471434,"{""0.01"":67,""0.1"":64,""1.0"":40}",1.0082031,False,unavailable,w17:p41,unavailable,positive-part maximum,first in producer sample order; tie count unavailable,unavailable,unavailable,16188,16256
dfc9c9b480e482911c457e07,mquake,R1_learned_ff,2,102,300,full_validation,capoff,loss,complete,245237,245237,0.0041358479,0.0042069364,0.084138729,0.42069364,10.253231,"{""0.01"":{""count"":563,""denominator"":245237},""0.1"":{""count"":537,""denominator"":245237},""1.0"":{""count"":341,""denominator"":245237}}",1.0041444,False,10.253231,w1591:p28,1,signed maximum,first in producer window/position order; exact equality,"{""count"":244605,""denominator"":245237}","{""count"":244670,""denominator"":245237}",unavailable,unavailable
dfc9c9b480e482911c457e07,mquake,R1_learned_ff,2,102,300,full_validation,capoff,kl,complete,245237,245237,0.0040920004,0.0040920004,0.081840008,0.40920004,9.021915,"{""0.01"":{""count"":630,""denominator"":245237},""0.1"":{""count"":586,""denominator"":245237},""1.0"":{""count"":319,""denominator"":245237}}",unavailable,unavailable,9.021915,w1591:p28,1,signed maximum,first in producer window/position order; exact equality,"{""count"":244605,""denominator"":245237}","{""count"":244605,""denominator"":245237}",unavailable,unavailable
dfc9c9b480e482911c457e07,mquake,R1_learned_ff,2,102,300,full_validation,original,loss,complete,245237,245237,0.0041358479,0.0042069364,0.084138729,0.42069364,10.253231,"{""0.01"":{""count"":563,""denominator"":245237},""0.1"":{""count"":537,""denominator"":245237},""1.0"":{""count"":341,""denominator"":245237}}",1.0041444,False,10.253231,w1591:p28,1,signed maximum,first in producer window/position order; exact equality,"{""count"":244605,""denominator"":245237}","{""count"":244670,""denominator"":245237}",unavailable,unavailable
dfc9c9b480e482911c457e07,mquake,R1_learned_ff,2,102,300,full_validation,original,kl,complete,245237,245237,0.0040920004,0.0040920004,0.081840008,0.40920004,9.021915,"{""0.01"":{""count"":630,""denominator"":245237},""0.1"":{""count"":586,""denominator"":245237},""1.0"":{""count"":319,""denominator"":245237}}",unavailable,unavailable,9.021915,w1591:p28,1,signed maximum,first in producer window/position order; exact equality,"{""count"":244605,""denominator"":245237}","{""count"":244605,""denominator"":245237}",unavailable,unavailable
34fce88c919bcae6410e4d94,mquake,R1_learned_ff,2,103,100,sampled_drift,original,loss,complete,16256,16256,0.0030284198,0.003306102,0.066122039,0.3306102,5.6994369,"{""0.01"":52,""0.1"":43,""1.0"":18}",1.003033,False,unavailable,w37:p60,unavailable,positive-part maximum,first in producer sample order; tie count unavailable,unavailable,unavailable,16202,16256
34fce88c919bcae6410e4d94,mquake,R1_learned_ff,2,103,100,sampled_drift,capoff,loss,complete,16256,16256,0.0030284198,0.003306102,0.066122039,0.3306102,5.6994369,"{""0.01"":52,""0.1"":43,""1.0"":18}",1.003033,False,unavailable,w37:p60,unavailable,positive-part maximum,first in producer sample order; tie count unavailable,unavailable,unavailable,16202,16256
34fce88c919bcae6410e4d94,mquake,R1_learned_ff,2,103,300,sampled_drift,original,loss,complete,16256,16256,0.0081696109,0.0082765449,0.1655309,0.82765449,6.5471434,"{""0.01"":67,""0.1"":64,""1.0"":40}",1.0082031,False,unavailable,w17:p41,unavailable,positive-part maximum,first in producer sample order; tie count unavailable,unavailable,unavailable,16188,16256
34fce88c919bcae6410e4d94,mquake,R1_learned_ff,2,103,300,sampled_drift,capoff,loss,complete,16256,16256,0.0081696109,0.0082765449,0.1655309,0.82765449,6.5471434,"{""0.01"":67,""0.1"":64,""1.0"":40}",1.0082031,False,unavailable,w17:p41,unavailable,positive-part maximum,first in producer sample order; tie count unavailable,unavailable,unavailable,16188,16256
34fce88c919bcae6410e4d94,mquake,R1_learned_ff,2,103,300,full_validation,capoff,loss,complete,245237,245237,0.0041358479,0.0042069364,0.084138729,0.42069364,10.253231,"{""0.01"":{""count"":563,""denominator"":245237},""0.1"":{""count"":537,""denominator"":245237},""1.0"":{""count"":341,""denominator"":245237}}",1.0041444,False,10.253231,w1591:p28,1,signed maximum,first in producer window/position order; exact equality,"{""count"":244605,""denominator"":245237}","{""count"":244670,""denominator"":245237}",unavailable,unavailable
34fce88c919bcae6410e4d94,mquake,R1_learned_ff,2,103,300,full_validation,capoff,kl,complete,245237,245237,0.0040920004,0.0040920004,0.081840008,0.40920004,9.021915,"{""0.01"":{""count"":630,""denominator"":245237},""0.1"":{""count"":586,""denominator"":245237},""1.0"":{""count"":319,""denominator"":245237}}",unavailable,unavailable,9.021915,w1591:p28,1,signed maximum,first in producer window/position order; exact equality,"{""count"":244605,""denominator"":245237}","{""count"":244605,""denominator"":245237}",unavailable,unavailable
34fce88c919bcae6410e4d94,mquake,R1_learned_ff,2,103,300,full_validation,original,loss,complete,245237,245237,0.0041358479,0.0042069364,0.084138729,0.42069364,10.253231,"{""0.01"":{""count"":563,""denominator"":245237},""0.1"":{""count"":537,""denominator"":245237},""1.0"":{""count"":341,""denominator"":245237}}",1.0041444,False,10.253231,w1591:p28,1,signed maximum,first in producer window/position order; exact equality,"{""count"":244605,""denominator"":245237}","{""count"":244670,""denominator"":245237}",unavailable,unavailable
34fce88c919bcae6410e4d94,mquake,R1_learned_ff,2,103,300,full_validation,original,kl,complete,245237,245237,0.0040920004,0.0040920004,0.081840008,0.40920004,9.021915,"{""0.01"":{""count"":630,""denominator"":245237},""0.1"":{""count"":586,""denominator"":245237},""1.0"":{""count"":319,""denominator"":245237}}",unavailable,unavailable,9.021915,w1591:p28,1,signed maximum,first in producer window/position order; exact equality,"{""count"":244605,""denominator"":245237}","{""count"":244605,""denominator"":245237}",unavailable,unavailable
7a39ae192fb0b1038c651f64,mquake,R1_learned_ff,2,104,100,sampled_drift,original,loss,complete,16256,16256,0.0037553067,0.0037831242,0.075662485,0.37831242,6.3468376,"{""0.01"":28,""0.1"":27,""1.0"":20}",1.0037624,False,unavailable,w113:p32,unavailable,positive-part maximum,first in producer sample order; tie count unavailable,unavailable,unavailable,16228,16256
7a39ae192fb0b1038c651f64,mquake,R1_learned_ff,2,104,100,sampled_drift,capoff,loss,complete,16256,16256,0.0037553067,0.0037831242,0.075662485,0.37831242,6.3468376,"{""0.01"":28,""0.1"":27,""1.0"":20}",1.0037624,False,unavailable,w113:p32,unavailable,positive-part maximum,first in producer sample order; tie count unavailable,unavailable,unavailable,16228,16256
7a39ae192fb0b1038c651f64,mquake,R1_learned_ff,2,104,300,sampled_drift,original,loss,complete,16256,16256,0.0081696109,0.0082765449,0.1655309,0.82765449,6.5471434,"{""0.01"":67,""0.1"":64,""1.0"":40}",1.0082031,False,unavailable,w17:p41,unavailable,positive-part maximum,first in producer sample order; tie count unavailable,unavailable,unavailable,16188,16256
7a39ae192fb0b1038c651f64,mquake,R1_learned_ff,2,104,300,sampled_drift,capoff,loss,complete,16256,16256,0.0081696109,0.0082765449,0.1655309,0.82765449,6.5471434,"{""0.01"":67,""0.1"":64,""1.0"":40}",1.0082031,False,unavailable,w17:p41,unavailable,positive-part maximum,first in producer sample order; tie count unavailable,unavailable,unavailable,16188,16256
7a39ae192fb0b1038c651f64,mquake,R1_learned_ff,2,104,300,full_validation,capoff,loss,complete,245237,245237,0.0041358479,0.0042069364,0.084138729,0.42069364,10.253231,"{""0.01"":{""count"":563,""denominator"":245237},""0.1"":{""count"":537,""denominator"":245237},""1.0"":{""count"":341,""denominator"":245237}}",1.0041444,False,10.253231,w1591:p28,1,signed maximum,first in producer window/position order; exact equality,"{""count"":244605,""denominator"":245237}","{""count"":244670,""denominator"":245237}",unavailable,unavailable
7a39ae192fb0b1038c651f64,mquake,R1_learned_ff,2,104,300,full_validation,capoff,kl,complete,245237,245237,0.0040920004,0.0040920004,0.081840008,0.40920004,9.021915,"{""0.01"":{""count"":630,""denominator"":245237},""0.1"":{""count"":586,""denominator"":245237},""1.0"":{""count"":319,""denominator"":245237}}",unavailable,unavailable,9.021915,w1591:p28,1,signed maximum,first in producer window/position order; exact equality,"{""count"":244605,""denominator"":245237}","{""count"":244605,""denominator"":245237}",unavailable,unavailable
7a39ae192fb0b1038c651f64,mquake,R1_learned_ff,2,104,300,full_validation,original,loss,complete,245237,245237,0.0041358479,0.0042069364,0.084138729,0.42069364,10.253231,"{""0.01"":{""count"":563,""denominator"":245237},""0.1"":{""count"":537,""denominator"":245237},""1.0"":{""count"":341,""denominator"":245237}}",1.0041444,False,10.253231,w1591:p28,1,signed maximum,first in producer window/position order; exact equality,"{""count"":244605,""denominator"":245237}","{""count"":244670,""denominator"":245237}",unavailable,unavailable
7a39ae192fb0b1038c651f64,mquake,R1_learned_ff,2,104,300,full_validation,original,kl,complete,245237,245237,0.0040920004,0.0040920004,0.081840008,0.40920004,9.021915,"{""0.01"":{""count"":630,""denominator"":245237},""0.1"":{""count"":586,""denominator"":245237},""1.0"":{""count"":319,""denominator"":245237}}",unavailable,unavailable,9.021915,w1591:p28,1,signed maximum,first in producer window/position order; exact equality,"{""count"":244605,""denominator"":245237}","{""count"":244605,""denominator"":245237}",unavailable,unavailable
13465e8d0dc3824fced8e891,zsre,R1_nonlearned,2,100,100,sampled_drift,original,loss,complete,16256,16256,0,0,0,0,0,"{""0.01"":0,""0.1"":0,""1.0"":0}",1,False,unavailable,w0:p1,unavailable,positive-part maximum,first in producer sample order; tie count unavailable,unavailable,unavailable,16256,16256
13465e8d0dc3824fced8e891,zsre,R1_nonlearned,2,100,100,sampled_drift,capoff,loss,complete,16256,16256,0,0,0,0,0,"{""0.01"":0,""0.1"":0,""1.0"":0}",1,False,unavailable,w0:p1,unavailable,positive-part maximum,first in producer sample order; tie count unavailable,unavailable,unavailable,16256,16256
13465e8d0dc3824fced8e891,zsre,R1_nonlearned,2,100,300,sampled_drift,original,loss,complete,16256,16256,0,0,0,0,0,"{""0.01"":0,""0.1"":0,""1.0"":0}",1,False,unavailable,w0:p1,unavailable,positive-part maximum,first in producer sample order; tie count unavailable,unavailable,unavailable,16256,16256
13465e8d0dc3824fced8e891,zsre,R1_nonlearned,2,100,300,sampled_drift,capoff,loss,complete,16256,16256,0,0,0,0,0,"{""0.01"":0,""0.1"":0,""1.0"":0}",1,False,unavailable,w0:p1,unavailable,positive-part maximum,first in producer sample order; tie count unavailable,unavailable,unavailable,16256,16256
13465e8d0dc3824fced8e891,zsre,R1_nonlearned,2,100,1000,sampled_drift,original,loss,complete,16256,16256,0.00045460555,0.00045460555,0.0090921111,0.045460555,4.7439652,"{""0.01"":2,""0.1"":2,""1.0"":2}",1.0004547,False,unavailable,w72:p18,unavailable,positive-part maximum,first in producer sample order; tie count unavailable,unavailable,unavailable,16254,16256
13465e8d0dc3824fced8e891,zsre,R1_nonlearned,2,100,1000,sampled_drift,capoff,loss,complete,16256,16256,0.00045460555,0.00045460555,0.0090921111,0.045460555,4.7439652,"{""0.01"":2,""0.1"":2,""1.0"":2}",1.0004547,False,unavailable,w72:p18,unavailable,positive-part maximum,first in producer sample order; tie count unavailable,unavailable,unavailable,16254,16256
13465e8d0dc3824fced8e891,zsre,R1_nonlearned,2,100,1000,full_validation,capoff,loss,complete,245237,245237,0.00037654629,0.00038324028,0.0076648057,0.038324028,5.8213698,"{""0.01"":{""count"":46,""denominator"":245237},""0.1"":{""count"":46,""denominator"":245237},""1.0"":{""count"":38,""denominator"":245237}}",1.0003766,False,5.8213698,w893:p35,1,signed maximum,first in producer window/position order; exact equality,"{""count"":245188,""denominator"":245237}","{""count"":245191,""denominator"":245237}",unavailable,unavailable
13465e8d0dc3824fced8e891,zsre,R1_nonlearned,2,100,1000,full_validation,capoff,kl,complete,245237,245237,0.00038667226,0.00038667226,0.0077334451,0.038667226,4.5986157,"{""0.01"":{""count"":49,""denominator"":245237},""0.1"":{""count"":48,""denominator"":245237},""1.0"":{""count"":34,""denominator"":245237}}",unavailable,unavailable,4.5986157,w72:p18,1,signed maximum,first in producer window/position order; exact equality,"{""count"":245188,""denominator"":245237}","{""count"":245188,""denominator"":245237}",unavailable,unavailable
13465e8d0dc3824fced8e891,zsre,R1_nonlearned,2,100,1000,full_validation,original,loss,complete,245237,245237,0.00037654629,0.00038324028,0.0076648057,0.038324028,5.8213698,"{""0.01"":{""count"":46,""denominator"":245237},""0.1"":{""count"":46,""denominator"":245237},""1.0"":{""count"":38,""denominator"":245237}}",1.0003766,False,5.8213698,w893:p35,1,signed maximum,first in producer window/position order; exact equality,"{""count"":245188,""denominator"":245237}","{""count"":245191,""denominator"":245237}",unavailable,unavailable
13465e8d0dc3824fced8e891,zsre,R1_nonlearned,2,100,1000,full_validation,original,kl,complete,245237,245237,0.00038667226,0.00038667226,0.0077334451,0.038667226,4.5986157,"{""0.01"":{""count"":49,""denominator"":245237},""0.1"":{""count"":48,""denominator"":245237},""1.0"":{""count"":34,""denominator"":245237}}",unavailable,unavailable,4.5986157,w72:p18,1,signed maximum,first in producer window/position order; exact equality,"{""count"":245188,""denominator"":245237}","{""count"":245188,""denominator"":245237}",unavailable,unavailable
24840672cf1682dd450fdcd2,zsre,R1_nonlearned,2,101,100,sampled_drift,original,loss,complete,16256,16256,0,0,0,0,0,"{""0.01"":0,""0.1"":0,""1.0"":0}",1,False,unavailable,w0:p1,unavailable,positive-part maximum,first in producer sample order; tie count unavailable,unavailable,unavailable,16256,16256
24840672cf1682dd450fdcd2,zsre,R1_nonlearned,2,101,100,sampled_drift,capoff,loss,complete,16256,16256,0,0,0,0,0,"{""0.01"":0,""0.1"":0,""1.0"":0}",1,False,unavailable,w0:p1,unavailable,positive-part maximum,first in producer sample order; tie count unavailable,unavailable,unavailable,16256,16256
24840672cf1682dd450fdcd2,zsre,R1_nonlearned,2,101,300,sampled_drift,original,loss,complete,16256,16256,0.00029182857,0.00029182857,0.0058365714,0.029182857,4.7439652,"{""0.01"":1,""0.1"":1,""1.0"":1}",1.0002919,False,unavailable,w72:p18,unavailable,positive-part maximum,first in producer sample order; tie count unavailable,unavailable,unavailable,16255,16256
24840672cf1682dd450fdcd2,zsre,R1_nonlearned,2,101,300,sampled_drift,capoff,loss,complete,16256,16256,0.00029182857,0.00029182857,0.0058365714,0.029182857,4.7439652,"{""0.01"":1,""0.1"":1,""1.0"":1}",1.0002919,False,unavailable,w72:p18,unavailable,positive-part maximum,first in producer sample order; tie count unavailable,unavailable,unavailable,16255,16256
24840672cf1682dd450fdcd2,zsre,R1_nonlearned,2,101,1000,sampled_drift,original,loss,complete,16256,16256,0.00045460555,0.00045460555,0.0090921111,0.045460555,4.7439652,"{""0.01"":2,""0.1"":2,""1.0"":2}",1.0004547,False,unavailable,w72:p18,unavailable,positive-part maximum,first in producer sample order; tie count unavailable,unavailable,unavailable,16254,16256
24840672cf1682dd450fdcd2,zsre,R1_nonlearned,2,101,1000,sampled_drift,capoff,loss,complete,16256,16256,0.00045460555,0.00045460555,0.0090921111,0.045460555,4.7439652,"{""0.01"":2,""0.1"":2,""1.0"":2}",1.0004547,False,unavailable,w72:p18,unavailable,positive-part maximum,first in producer sample order; tie count unavailable,unavailable,unavailable,16254,16256
24840672cf1682dd450fdcd2,zsre,R1_nonlearned,2,101,1000,full_validation,capoff,loss,complete,245237,245237,0.00037654629,0.00038324028,0.0076648057,0.038324028,5.8213698,"{""0.01"":{""count"":46,""denominator"":245237},""0.1"":{""count"":46,""denominator"":245237},""1.0"":{""count"":38,""denominator"":245237}}",1.0003766,False,5.8213698,w893:p35,1,signed maximum,first in producer window/position order; exact equality,"{""count"":245188,""denominator"":245237}","{""count"":245191,""denominator"":245237}",unavailable,unavailable
24840672cf1682dd450fdcd2,zsre,R1_nonlearned,2,101,1000,full_validation,capoff,kl,complete,245237,245237,0.00038667226,0.00038667226,0.0077334451,0.038667226,4.5986157,"{""0.01"":{""count"":49,""denominator"":245237},""0.1"":{""count"":48,""denominator"":245237},""1.0"":{""count"":34,""denominator"":245237}}",unavailable,unavailable,4.5986157,w72:p18,1,signed maximum,first in producer window/position order; exact equality,"{""count"":245188,""denominator"":245237}","{""count"":245188,""denominator"":245237}",unavailable,unavailable
24840672cf1682dd450fdcd2,zsre,R1_nonlearned,2,101,1000,full_validation,original,loss,complete,245237,245237,0.00037654629,0.00038324028,0.0076648057,0.038324028,5.8213698,"{""0.01"":{""count"":46,""denominator"":245237},""0.1"":{""count"":46,""denominator"":245237},""1.0"":{""count"":38,""denominator"":245237}}",1.0003766,False,5.8213698,w893:p35,1,signed maximum,first in producer window/position order; exact equality,"{""count"":245188,""denominator"":245237}","{""count"":245191,""denominator"":245237}",unavailable,unavailable
24840672cf1682dd450fdcd2,zsre,R1_nonlearned,2,101,1000,full_validation,original,kl,complete,245237,245237,0.00038667226,0.00038667226,0.0077334451,0.038667226,4.5986157,"{""0.01"":{""count"":49,""denominator"":245237},""0.1"":{""count"":48,""denominator"":245237},""1.0"":{""count"":34,""denominator"":245237}}",unavailable,unavailable,4.5986157,w72:p18,1,signed maximum,first in producer window/position order; exact equality,"{""count"":245188,""denominator"":245237}","{""count"":245188,""denominator"":245237}",unavailable,unavailable
12a6e3e550a7939c6d79349d,zsre,R1_nonlearned,2,102,100,sampled_drift,original,loss,complete,16256,16256,0,0,0,0,0,"{""0.01"":0,""0.1"":0,""1.0"":0}",1,False,unavailable,w0:p1,unavailable,positive-part maximum,first in producer sample order; tie count unavailable,unavailable,unavailable,16256,16256
12a6e3e550a7939c6d79349d,zsre,R1_nonlearned,2,102,100,sampled_drift,capoff,loss,complete,16256,16256,0,0,0,0,0,"{""0.01"":0,""0.1"":0,""1.0"":0}",1,False,unavailable,w0:p1,unavailable,positive-part maximum,first in producer sample order; tie count unavailable,unavailable,unavailable,16256,16256
12a6e3e550a7939c6d79349d,zsre,R1_nonlearned,2,102,300,sampled_drift,original,loss,complete,16256,16256,0.00029182857,0.00029182857,0.0058365714,0.029182857,4.7439652,"{""0.01"":1,""0.1"":1,""1.0"":1}",1.0002919,False,unavailable,w72:p18,unavailable,positive-part maximum,first in producer sample order; tie count unavailable,unavailable,unavailable,16255,16256
12a6e3e550a7939c6d79349d,zsre,R1_nonlearned,2,102,300,sampled_drift,capoff,loss,complete,16256,16256,0.00029182857,0.00029182857,0.0058365714,0.029182857,4.7439652,"{""0.01"":1,""0.1"":1,""1.0"":1}",1.0002919,False,unavailable,w72:p18,unavailable,positive-part maximum,first in producer sample order; tie count unavailable,unavailable,unavailable,16255,16256
12a6e3e550a7939c6d79349d,zsre,R1_nonlearned,2,102,1000,sampled_drift,original,loss,complete,16256,16256,0.00045460555,0.00045460555,0.0090921111,0.045460555,4.7439652,"{""0.01"":2,""0.1"":2,""1.0"":2}",1.0004547,False,unavailable,w72:p18,unavailable,positive-part maximum,first in producer sample order; tie count unavailable,unavailable,unavailable,16254,16256
12a6e3e550a7939c6d79349d,zsre,R1_nonlearned,2,102,1000,sampled_drift,capoff,loss,complete,16256,16256,0.00045460555,0.00045460555,0.0090921111,0.045460555,4.7439652,"{""0.01"":2,""0.1"":2,""1.0"":2}",1.0004547,False,unavailable,w72:p18,unavailable,positive-part maximum,first in producer sample order; tie count unavailable,unavailable,unavailable,16254,16256
12a6e3e550a7939c6d79349d,zsre,R1_nonlearned,2,102,1000,full_validation,capoff,loss,complete,245237,245237,0.00037654629,0.00038324028,0.0076648057,0.038324028,5.8213698,"{""0.01"":{""count"":46,""denominator"":245237},""0.1"":{""count"":46,""denominator"":245237},""1.0"":{""count"":38,""denominator"":245237}}",1.0003766,False,5.8213698,w893:p35,1,signed maximum,first in producer window/position order; exact equality,"{""count"":245188,""denominator"":245237}","{""count"":245191,""denominator"":245237}",unavailable,unavailable
12a6e3e550a7939c6d79349d,zsre,R1_nonlearned,2,102,1000,full_validation,capoff,kl,complete,245237,245237,0.00038667226,0.00038667226,0.0077334451,0.038667226,4.5986157,"{""0.01"":{""count"":49,""denominator"":245237},""0.1"":{""count"":48,""denominator"":245237},""1.0"":{""count"":34,""denominator"":245237}}",unavailable,unavailable,4.5986157,w72:p18,1,signed maximum,first in producer window/position order; exact equality,"{""count"":245188,""denominator"":245237}","{""count"":245188,""denominator"":245237}",unavailable,unavailable
12a6e3e550a7939c6d79349d,zsre,R1_nonlearned,2,102,1000,full_validation,original,loss,complete,245237,245237,0.00037654629,0.00038324028,0.0076648057,0.038324028,5.8213698,"{""0.01"":{""count"":46,""denominator"":245237},""0.1"":{""count"":46,""denominator"":245237},""1.0"":{""count"":38,""denominator"":245237}}",1.0003766,False,5.8213698,w893:p35,1,signed maximum,first in producer window/position order; exact equality,"{""count"":245188,""denominator"":245237}","{""count"":245191,""denominator"":245237}",unavailable,unavailable
12a6e3e550a7939c6d79349d,zsre,R1_nonlearned,2,102,1000,full_validation,original,kl,complete,245237,245237,0.00038667226,0.00038667226,0.0077334451,0.038667226,4.5986157,"{""0.01"":{""count"":49,""denominator"":245237},""0.1"":{""count"":48,""denominator"":245237},""1.0"":{""count"":34,""denominator"":245237}}",unavailable,unavailable,4.5986157,w72:p18,1,signed maximum,first in producer window/position order; exact equality,"{""count"":245188,""denominator"":245237}","{""count"":245188,""denominator"":245237}",unavailable,unavailable
fa5b51891eb78dc707e6471f,zsre,R1_nonlearned,2,103,100,sampled_drift,original,loss,complete,16256,16256,0,0,0,0,0,"{""0.01"":0,""0.1"":0,""1.0"":0}",1,False,unavailable,w0:p1,unavailable,positive-part maximum,first in producer sample order; tie count unavailable,unavailable,unavailable,16256,16256
fa5b51891eb78dc707e6471f,zsre,R1_nonlearned,2,103,100,sampled_drift,capoff,loss,complete,16256,16256,0,0,0,0,0,"{""0.01"":0,""0.1"":0,""1.0"":0}",1,False,unavailable,w0:p1,unavailable,positive-part maximum,first in producer sample order; tie count unavailable,unavailable,unavailable,16256,16256
fa5b51891eb78dc707e6471f,zsre,R1_nonlearned,2,103,300,sampled_drift,original,loss,complete,16256,16256,0,0,0,0,0,"{""0.01"":0,""0.1"":0,""1.0"":0}",1,False,unavailable,w0:p1,unavailable,positive-part maximum,first in producer sample order; tie count unavailable,unavailable,unavailable,16256,16256
fa5b51891eb78dc707e6471f,zsre,R1_nonlearned,2,103,300,sampled_drift,capoff,loss,complete,16256,16256,0,0,0,0,0,"{""0.01"":0,""0.1"":0,""1.0"":0}",1,False,unavailable,w0:p1,unavailable,positive-part maximum,first in producer sample order; tie count unavailable,unavailable,unavailable,16256,16256
fa5b51891eb78dc707e6471f,zsre,R1_nonlearned,2,103,1000,sampled_drift,original,loss,complete,16256,16256,0.00045460555,0.00045460555,0.0090921111,0.045460555,4.7439652,"{""0.01"":2,""0.1"":2,""1.0"":2}",1.0004547,False,unavailable,w72:p18,unavailable,positive-part maximum,first in producer sample order; tie count unavailable,unavailable,unavailable,16254,16256
fa5b51891eb78dc707e6471f,zsre,R1_nonlearned,2,103,1000,sampled_drift,capoff,loss,complete,16256,16256,0.00045460555,0.00045460555,0.0090921111,0.045460555,4.7439652,"{""0.01"":2,""0.1"":2,""1.0"":2}",1.0004547,False,unavailable,w72:p18,unavailable,positive-part maximum,first in producer sample order; tie count unavailable,unavailable,unavailable,16254,16256
fa5b51891eb78dc707e6471f,zsre,R1_nonlearned,2,103,1000,full_validation,capoff,loss,complete,245237,245237,0.00037654629,0.00038324028,0.0076648057,0.038324028,5.8213698,"{""0.01"":{""count"":46,""denominator"":245237},""0.1"":{""count"":46,""denominator"":245237},""1.0"":{""count"":38,""denominator"":245237}}",1.0003766,False,5.8213698,w893:p35,1,signed maximum,first in producer window/position order; exact equality,"{""count"":245188,""denominator"":245237}","{""count"":245191,""denominator"":245237}",unavailable,unavailable
fa5b51891eb78dc707e6471f,zsre,R1_nonlearned,2,103,1000,full_validation,capoff,kl,complete,245237,245237,0.00038667226,0.00038667226,0.0077334451,0.038667226,4.5986157,"{""0.01"":{""count"":49,""denominator"":245237},""0.1"":{""count"":48,""denominator"":245237},""1.0"":{""count"":34,""denominator"":245237}}",unavailable,unavailable,4.5986157,w72:p18,1,signed maximum,first in producer window/position order; exact equality,"{""count"":245188,""denominator"":245237}","{""count"":245188,""denominator"":245237}",unavailable,unavailable
fa5b51891eb78dc707e6471f,zsre,R1_nonlearned,2,103,1000,full_validation,original,loss,complete,245237,245237,0.00037654629,0.00038324028,0.0076648057,0.038324028,5.8213698,"{""0.01"":{""count"":46,""denominator"":245237},""0.1"":{""count"":46,""denominator"":245237},""1.0"":{""count"":38,""denominator"":245237}}",1.0003766,False,5.8213698,w893:p35,1,signed maximum,first in producer window/position order; exact equality,"{""count"":245188,""denominator"":245237}","{""count"":245191,""denominator"":245237}",unavailable,unavailable
fa5b51891eb78dc707e6471f,zsre,R1_nonlearned,2,103,1000,full_validation,original,kl,complete,245237,245237,0.00038667226,0.00038667226,0.0077334451,0.038667226,4.5986157,"{""0.01"":{""count"":49,""denominator"":245237},""0.1"":{""count"":48,""denominator"":245237},""1.0"":{""count"":34,""denominator"":245237}}",unavailable,unavailable,4.5986157,w72:p18,1,signed maximum,first in producer window/position order; exact equality,"{""count"":245188,""denominator"":245237}","{""count"":245188,""denominator"":245237}",unavailable,unavailable
861810fbdd6ebe7502383382,zsre,R1_nonlearned,2,104,100,sampled_drift,original,loss,complete,16256,16256,0,0,0,0,0,"{""0.01"":0,""0.1"":0,""1.0"":0}",1,False,unavailable,w0:p1,unavailable,positive-part maximum,first in producer sample order; tie count unavailable,unavailable,unavailable,16256,16256
861810fbdd6ebe7502383382,zsre,R1_nonlearned,2,104,100,sampled_drift,capoff,loss,complete,16256,16256,0,0,0,0,0,"{""0.01"":0,""0.1"":0,""1.0"":0}",1,False,unavailable,w0:p1,unavailable,positive-part maximum,first in producer sample order; tie count unavailable,unavailable,unavailable,16256,16256
861810fbdd6ebe7502383382,zsre,R1_nonlearned,2,104,300,sampled_drift,original,loss,complete,16256,16256,0,0,0,0,0,"{""0.01"":0,""0.1"":0,""1.0"":0}",1,False,unavailable,w0:p1,unavailable,positive-part maximum,first in producer sample order; tie count unavailable,unavailable,unavailable,16256,16256
861810fbdd6ebe7502383382,zsre,R1_nonlearned,2,104,300,sampled_drift,capoff,loss,complete,16256,16256,0,0,0,0,0,"{""0.01"":0,""0.1"":0,""1.0"":0}",1,False,unavailable,w0:p1,unavailable,positive-part maximum,first in producer sample order; tie count unavailable,unavailable,unavailable,16256,16256
861810fbdd6ebe7502383382,zsre,R1_nonlearned,2,104,1000,sampled_drift,original,loss,complete,16256,16256,0.00045460555,0.00045460555,0.0090921111,0.045460555,4.7439652,"{""0.01"":2,""0.1"":2,""1.0"":2}",1.0004547,False,unavailable,w72:p18,unavailable,positive-part maximum,first in producer sample order; tie count unavailable,unavailable,unavailable,16254,16256
861810fbdd6ebe7502383382,zsre,R1_nonlearned,2,104,1000,sampled_drift,capoff,loss,complete,16256,16256,0.00045460555,0.00045460555,0.0090921111,0.045460555,4.7439652,"{""0.01"":2,""0.1"":2,""1.0"":2}",1.0004547,False,unavailable,w72:p18,unavailable,positive-part maximum,first in producer sample order; tie count unavailable,unavailable,unavailable,16254,16256
861810fbdd6ebe7502383382,zsre,R1_nonlearned,2,104,1000,full_validation,capoff,loss,complete,245237,245237,0.00037654629,0.00038324028,0.0076648057,0.038324028,5.8213698,"{""0.01"":{""count"":46,""denominator"":245237},""0.1"":{""count"":46,""denominator"":245237},""1.0"":{""count"":38,""denominator"":245237}}",1.0003766,False,5.8213698,w893:p35,1,signed maximum,first in producer window/position order; exact equality,"{""count"":245188,""denominator"":245237}","{""count"":245191,""denominator"":245237}",unavailable,unavailable
861810fbdd6ebe7502383382,zsre,R1_nonlearned,2,104,1000,full_validation,capoff,kl,complete,245237,245237,0.00038667226,0.00038667226,0.0077334451,0.038667226,4.5986157,"{""0.01"":{""count"":49,""denominator"":245237},""0.1"":{""count"":48,""denominator"":245237},""1.0"":{""count"":34,""denominator"":245237}}",unavailable,unavailable,4.5986157,w72:p18,1,signed maximum,first in producer window/position order; exact equality,"{""count"":245188,""denominator"":245237}","{""count"":245188,""denominator"":245237}",unavailable,unavailable
861810fbdd6ebe7502383382,zsre,R1_nonlearned,2,104,1000,full_validation,original,loss,complete,245237,245237,0.00037654629,0.00038324028,0.0076648057,0.038324028,5.8213698,"{""0.01"":{""count"":46,""denominator"":245237},""0.1"":{""count"":46,""denominator"":245237},""1.0"":{""count"":38,""denominator"":245237}}",1.0003766,False,5.8213698,w893:p35,1,signed maximum,first in producer window/position order; exact equality,"{""count"":245188,""denominator"":245237}","{""count"":245191,""denominator"":245237}",unavailable,unavailable
861810fbdd6ebe7502383382,zsre,R1_nonlearned,2,104,1000,full_validation,original,kl,complete,245237,245237,0.00038667226,0.00038667226,0.0077334451,0.038667226,4.5986157,"{""0.01"":{""count"":49,""denominator"":245237},""0.1"":{""count"":48,""denominator"":245237},""1.0"":{""count"":34,""denominator"":245237}}",unavailable,unavailable,4.5986157,w72:p18,1,signed maximum,first in producer window/position order; exact equality,"{""count"":245188,""denominator"":245237}","{""count"":245188,""denominator"":245237}",unavailable,unavailable
6ed2474713b3a311b4ec6b08,counterfact,R1_nonlearned,2,100,100,sampled_drift,original,loss,complete,16256,16256,0.025293396,0.025494879,0.50989758,2.5494879,11.752337,"{""0.01"":124,""0.1"":123,""1.0"":111}",1.025616,False,unavailable,w16:p4,unavailable,positive-part maximum,first in producer sample order; tie count unavailable,unavailable,unavailable,16132,16256
6ed2474713b3a311b4ec6b08,counterfact,R1_nonlearned,2,100,100,sampled_drift,capoff,loss,complete,16256,16256,0.025293396,0.025494879,0.50989758,2.5494879,11.752337,"{""0.01"":124,""0.1"":123,""1.0"":111}",1.025616,False,unavailable,w16:p4,unavailable,positive-part maximum,first in producer sample order; tie count unavailable,unavailable,unavailable,16132,16256
6ed2474713b3a311b4ec6b08,counterfact,R1_nonlearned,2,100,300,sampled_drift,original,loss,complete,16256,16256,0.050024923,0.0505131,1.010262,4.372572,10.064223,"{""0.01"":261,""0.1"":259,""1.0"":221}",1.0512973,False,unavailable,w120:p30,unavailable,positive-part maximum,first in producer sample order; tie count unavailable,unavailable,unavailable,15995,16256
6ed2474713b3a311b4ec6b08,counterfact,R1_nonlearned,2,100,300,sampled_drift,capoff,loss,complete,16256,16256,0.050024923,0.0505131,1.010262,4.372572,10.064223,"{""0.01"":261,""0.1"":259,""1.0"":221}",1.0512973,False,unavailable,w120:p30,unavailable,positive-part maximum,first in producer sample order; tie count unavailable,unavailable,unavailable,15995,16256
6ed2474713b3a311b4ec6b08,counterfact,R1_nonlearned,2,100,1000,sampled_drift,original,loss,complete,16256,16256,0.066336429,0.066710739,1.3342148,5.2494671,16.299414,"{""0.01"":337,""0.1"":331,""1.0"":274}",1.0685862,False,unavailable,w122:p34,unavailable,positive-part maximum,first in producer sample order; tie count unavailable,unavailable,unavailable,15918,16256
6ed2474713b3a311b4ec6b08,counterfact,R1_nonlearned,2,100,1000,sampled_drift,capoff,loss,complete,16256,16256,0.066336429,0.066710739,1.3342148,5.2494671,16.299414,"{""0.01"":337,""0.1"":331,""1.0"":274}",1.0685862,False,unavailable,w122:p34,unavailable,positive-part maximum,first in producer sample order; tie count unavailable,unavailable,unavailable,15918,16256
6ed2474713b3a311b4ec6b08,counterfact,R1_nonlearned,2,100,1000,full_validation,capoff,loss,complete,245237,245237,0.064121063,0.064784001,1.29568,5.1926818,16.299414,"{""0.01"":{""count"":4877,""denominator"":245237},""0.1"":{""count"":4820,""denominator"":245237},""1.0"":{""count"":3947,""denominator"":245237}}",1.0662215,False,16.299414,w122:p34,1,signed maximum,first in producer window/position order; exact equality,"{""count"":240034,""denominator"":245237}","{""count"":240353,""denominator"":245237}",unavailable,unavailable
6ed2474713b3a311b4ec6b08,counterfact,R1_nonlearned,2,100,1000,full_validation,capoff,kl,complete,245237,245237,0.064225821,0.064225821,1.2845164,5.0715013,15.499305,"{""0.01"":{""count"":5203,""denominator"":245237},""0.1"":{""count"":5180,""denominator"":245237},""1.0"":{""count"":3939,""denominator"":245237}}",unavailable,unavailable,15.499305,w1245:p6,1,signed maximum,first in producer window/position order; exact equality,"{""count"":240034,""denominator"":245237}","{""count"":240034,""denominator"":245237}",unavailable,unavailable
6ed2474713b3a311b4ec6b08,counterfact,R1_nonlearned,2,100,1000,full_validation,original,loss,complete,245237,245237,0.064121063,0.064784001,1.29568,5.1926818,16.299414,"{""0.01"":{""count"":4877,""denominator"":245237},""0.1"":{""count"":4820,""denominator"":245237},""1.0"":{""count"":3947,""denominator"":245237}}",1.0662215,False,16.299414,w122:p34,1,signed maximum,first in producer window/position order; exact equality,"{""count"":240034,""denominator"":245237}","{""count"":240353,""denominator"":245237}",unavailable,unavailable
6ed2474713b3a311b4ec6b08,counterfact,R1_nonlearned,2,100,1000,full_validation,original,kl,complete,245237,245237,0.064225821,0.064225821,1.2845164,5.0715013,15.499305,"{""0.01"":{""count"":5203,""denominator"":245237},""0.1"":{""count"":5180,""denominator"":245237},""1.0"":{""count"":3939,""denominator"":245237}}",unavailable,unavailable,15.499305,w1245:p6,1,signed maximum,first in producer window/position order; exact equality,"{""count"":240034,""denominator"":245237}","{""count"":240034,""denominator"":245237}",unavailable,unavailable
f939f211b98675ac7c2d951f,counterfact,R1_nonlearned,2,101,100,sampled_drift,original,loss,complete,16256,16256,0.027526109,0.027894695,0.55789391,2.7894695,10.536309,"{""0.01"":145,""0.1"":142,""1.0"":110}",1.0279085,False,unavailable,w76:p11,unavailable,positive-part maximum,first in producer sample order; tie count unavailable,unavailable,unavailable,16111,16256
f939f211b98675ac7c2d951f,counterfact,R1_nonlearned,2,101,100,sampled_drift,capoff,loss,complete,16256,16256,0.027526109,0.027894695,0.55789391,2.7894695,10.536309,"{""0.01"":145,""0.1"":142,""1.0"":110}",1.0279085,False,unavailable,w76:p11,unavailable,positive-part maximum,first in producer sample order; tie count unavailable,unavailable,unavailable,16111,16256
f939f211b98675ac7c2d951f,counterfact,R1_nonlearned,2,101,300,sampled_drift,original,loss,complete,16256,16256,0.049664368,0.050166238,1.0033248,4.5406425,10.444465,"{""0.01"":248,""0.1"":246,""1.0"":199}",1.0509183,False,unavailable,w120:p30,unavailable,positive-part maximum,first in producer sample order; tie count unavailable,unavailable,unavailable,16008,16256
f939f211b98675ac7c2d951f,counterfact,R1_nonlearned,2,101,300,sampled_drift,capoff,loss,complete,16256,16256,0.049664368,0.050166238,1.0033248,4.5406425,10.444465,"{""0.01"":248,""0.1"":246,""1.0"":199}",1.0509183,False,unavailable,w120:p30,unavailable,positive-part maximum,first in producer sample order; tie count unavailable,unavailable,unavailable,16008,16256
f939f211b98675ac7c2d951f,counterfact,R1_nonlearned,2,101,1000,sampled_drift,original,loss,complete,16256,16256,0.066336429,0.066710739,1.3342148,5.2494671,16.299414,"{""0.01"":337,""0.1"":331,""1.0"":274}",1.0685862,False,unavailable,w122:p34,unavailable,positive-part maximum,first in producer sample order; tie count unavailable,unavailable,unavailable,15918,16256
f939f211b98675ac7c2d951f,counterfact,R1_nonlearned,2,101,1000,sampled_drift,capoff,loss,complete,16256,16256,0.066336429,0.066710739,1.3342148,5.2494671,16.299414,"{""0.01"":337,""0.1"":331,""1.0"":274}",1.0685862,False,unavailable,w122:p34,unavailable,positive-part maximum,first in producer sample order; tie count unavailable,unavailable,unavailable,15918,16256
f939f211b98675ac7c2d951f,counterfact,R1_nonlearned,2,101,1000,full_validation,capoff,loss,complete,245237,245237,0.064121063,0.064784001,1.29568,5.1926818,16.299414,"{""0.01"":{""count"":4877,""denominator"":245237},""0.1"":{""count"":4820,""denominator"":245237},""1.0"":{""count"":3947,""denominator"":245237}}",1.0662215,False,16.299414,w122:p34,1,signed maximum,first in producer window/position order; exact equality,"{""count"":240034,""denominator"":245237}","{""count"":240353,""denominator"":245237}",unavailable,unavailable
f939f211b98675ac7c2d951f,counterfact,R1_nonlearned,2,101,1000,full_validation,capoff,kl,complete,245237,245237,0.064225821,0.064225821,1.2845164,5.0715013,15.499305,"{""0.01"":{""count"":5203,""denominator"":245237},""0.1"":{""count"":5180,""denominator"":245237},""1.0"":{""count"":3939,""denominator"":245237}}",unavailable,unavailable,15.499305,w1245:p6,1,signed maximum,first in producer window/position order; exact equality,"{""count"":240034,""denominator"":245237}","{""count"":240034,""denominator"":245237}",unavailable,unavailable
f939f211b98675ac7c2d951f,counterfact,R1_nonlearned,2,101,1000,full_validation,original,loss,complete,245237,245237,0.064121063,0.064784001,1.29568,5.1926818,16.299414,"{""0.01"":{""count"":4877,""denominator"":245237},""0.1"":{""count"":4820,""denominator"":245237},""1.0"":{""count"":3947,""denominator"":245237}}",1.0662215,False,16.299414,w122:p34,1,signed maximum,first in producer window/position order; exact equality,"{""count"":240034,""denominator"":245237}","{""count"":240353,""denominator"":245237}",unavailable,unavailable
f939f211b98675ac7c2d951f,counterfact,R1_nonlearned,2,101,1000,full_validation,original,kl,complete,245237,245237,0.064225821,0.064225821,1.2845164,5.0715013,15.499305,"{""0.01"":{""count"":5203,""denominator"":245237},""0.1"":{""count"":5180,""denominator"":245237},""1.0"":{""count"":3939,""denominator"":245237}}",unavailable,unavailable,15.499305,w1245:p6,1,signed maximum,first in producer window/position order; exact equality,"{""count"":240034,""denominator"":245237}","{""count"":240034,""denominator"":245237}",unavailable,unavailable
19b5e9b462930c6f50f2e2f6,counterfact,R1_nonlearned,2,102,100,sampled_drift,original,loss,complete,16256,16256,0.027687087,0.027781355,0.5556271,2.7781355,12.392329,"{""0.01"":115,""0.1"":114,""1.0"":103}",1.0280739,False,unavailable,w39:p17,unavailable,positive-part maximum,first in producer sample order; tie count unavailable,unavailable,unavailable,16141,16256
19b5e9b462930c6f50f2e2f6,counterfact,R1_nonlearned,2,102,100,sampled_drift,capoff,loss,complete,16256,16256,0.027687087,0.027781355,0.5556271,2.7781355,12.392329,"{""0.01"":115,""0.1"":114,""1.0"":103}",1.0280739,False,unavailable,w39:p17,unavailable,positive-part maximum,first in producer sample order; tie count unavailable,unavailable,unavailable,16141,16256
19b5e9b462930c6f50f2e2f6,counterfact,R1_nonlearned,2,102,300,sampled_drift,original,loss,complete,16256,16256,0.040760975,0.0409568,0.81913601,4.0277349,11.415093,"{""0.01"":190,""0.1"":187,""1.0"":159}",1.0416031,False,unavailable,w95:p31,unavailable,positive-part maximum,first in producer sample order; tie count unavailable,unavailable,unavailable,16066,16256
19b5e9b462930c6f50f2e2f6,counterfact,R1_nonlearned,2,102,300,sampled_drift,capoff,loss,complete,16256,16256,0.040760975,0.0409568,0.81913601,4.0277349,11.415093,"{""0.01"":190,""0.1"":187,""1.0"":159}",1.0416031,False,unavailable,w95:p31,unavailable,positive-part maximum,first in producer sample order; tie count unavailable,unavailable,unavailable,16066,16256
19b5e9b462930c6f50f2e2f6,counterfact,R1_nonlearned,2,102,1000,sampled_drift,original,loss,complete,16256,16256,0.066336429,0.066710739,1.3342148,5.2494671,16.299414,"{""0.01"":337,""0.1"":331,""1.0"":274}",1.0685862,False,unavailable,w122:p34,unavailable,positive-part maximum,first in producer sample order; tie count unavailable,unavailable,unavailable,15918,16256
19b5e9b462930c6f50f2e2f6,counterfact,R1_nonlearned,2,102,1000,sampled_drift,capoff,loss,complete,16256,16256,0.066336429,0.066710739,1.3342148,5.2494671,16.299414,"{""0.01"":337,""0.1"":331,""1.0"":274}",1.0685862,False,unavailable,w122:p34,unavailable,positive-part maximum,first in producer sample order; tie count unavailable,unavailable,unavailable,15918,16256
19b5e9b462930c6f50f2e2f6,counterfact,R1_nonlearned,2,102,1000,full_validation,capoff,loss,complete,245237,245237,0.064121063,0.064784001,1.29568,5.1926818,16.299414,"{""0.01"":{""count"":4877,""denominator"":245237},""0.1"":{""count"":4820,""denominator"":245237},""1.0"":{""count"":3947,""denominator"":245237}}",1.0662215,False,16.299414,w122:p34,1,signed maximum,first in producer window/position order; exact equality,"{""count"":240034,""denominator"":245237}","{""count"":240353,""denominator"":245237}",unavailable,unavailable
19b5e9b462930c6f50f2e2f6,counterfact,R1_nonlearned,2,102,1000,full_validation,capoff,kl,complete,245237,245237,0.064225821,0.064225821,1.2845164,5.0715013,15.499305,"{""0.01"":{""count"":5203,""denominator"":245237},""0.1"":{""count"":5180,""denominator"":245237},""1.0"":{""count"":3939,""denominator"":245237}}",unavailable,unavailable,15.499305,w1245:p6,1,signed maximum,first in producer window/position order; exact equality,"{""count"":240034,""denominator"":245237}","{""count"":240034,""denominator"":245237}",unavailable,unavailable
19b5e9b462930c6f50f2e2f6,counterfact,R1_nonlearned,2,102,1000,full_validation,original,loss,complete,245237,245237,0.064121063,0.064784001,1.29568,5.1926818,16.299414,"{""0.01"":{""count"":4877,""denominator"":245237},""0.1"":{""count"":4820,""denominator"":245237},""1.0"":{""count"":3947,""denominator"":245237}}",1.0662215,False,16.299414,w122:p34,1,signed maximum,first in producer window/position order; exact equality,"{""count"":240034,""denominator"":245237}","{""count"":240353,""denominator"":245237}",unavailable,unavailable
19b5e9b462930c6f50f2e2f6,counterfact,R1_nonlearned,2,102,1000,full_validation,original,kl,complete,245237,245237,0.064225821,0.064225821,1.2845164,5.0715013,15.499305,"{""0.01"":{""count"":5203,""denominator"":245237},""0.1"":{""count"":5180,""denominator"":245237},""1.0"":{""count"":3939,""denominator"":245237}}",unavailable,unavailable,15.499305,w1245:p6,1,signed maximum,first in producer window/position order; exact equality,"{""count"":240034,""denominator"":245237}","{""count"":240034,""denominator"":245237}",unavailable,unavailable
b14576e3d752f467db2abf18,counterfact,R1_nonlearned,2,103,100,sampled_drift,original,loss,complete,16256,16256,0.027834662,0.02800994,0.56019879,2.800994,13.696494,"{""0.01"":139,""0.1"":139,""1.0"":107}",1.0282257,False,unavailable,w122:p34,unavailable,positive-part maximum,first in producer sample order; tie count unavailable,unavailable,unavailable,16117,16256
b14576e3d752f467db2abf18,counterfact,R1_nonlearned,2,103,100,sampled_drift,capoff,loss,complete,16256,16256,0.027834662,0.02800994,0.56019879,2.800994,13.696494,"{""0.01"":139,""0.1"":139,""1.0"":107}",1.0282257,False,unavailable,w122:p34,unavailable,positive-part maximum,first in producer sample order; tie count unavailable,unavailable,unavailable,16117,16256
b14576e3d752f467db2abf18,counterfact,R1_nonlearned,2,103,300,sampled_drift,original,loss,complete,16256,16256,0.040683697,0.040983842,0.81967684,3.8767,13.696494,"{""0.01"":219,""0.1"":217,""1.0"":172}",1.0415226,False,unavailable,w122:p34,unavailable,positive-part maximum,first in producer sample order; tie count unavailable,unavailable,unavailable,16037,16256
b14576e3d752f467db2abf18,counterfact,R1_nonlearned,2,103,300,sampled_drift,capoff,loss,complete,16256,16256,0.040683697,0.040983842,0.81967684,3.8767,13.696494,"{""0.01"":219,""0.1"":217,""1.0"":172}",1.0415226,False,unavailable,w122:p34,unavailable,positive-part maximum,first in producer sample order; tie count unavailable,unavailable,unavailable,16037,16256
b14576e3d752f467db2abf18,counterfact,R1_nonlearned,2,103,1000,sampled_drift,original,loss,complete,16256,16256,0.066336429,0.066710739,1.3342148,5.2494671,16.299414,"{""0.01"":337,""0.1"":331,""1.0"":274}",1.0685862,False,unavailable,w122:p34,unavailable,positive-part maximum,first in producer sample order; tie count unavailable,unavailable,unavailable,15918,16256
b14576e3d752f467db2abf18,counterfact,R1_nonlearned,2,103,1000,sampled_drift,capoff,loss,complete,16256,16256,0.066336429,0.066710739,1.3342148,5.2494671,16.299414,"{""0.01"":337,""0.1"":331,""1.0"":274}",1.0685862,False,unavailable,w122:p34,unavailable,positive-part maximum,first in producer sample order; tie count unavailable,unavailable,unavailable,15918,16256
b14576e3d752f467db2abf18,counterfact,R1_nonlearned,2,103,1000,full_validation,capoff,loss,complete,245237,245237,0.064121063,0.064784001,1.29568,5.1926818,16.299414,"{""0.01"":{""count"":4877,""denominator"":245237},""0.1"":{""count"":4820,""denominator"":245237},""1.0"":{""count"":3947,""denominator"":245237}}",1.0662215,False,16.299414,w122:p34,1,signed maximum,first in producer window/position order; exact equality,"{""count"":240034,""denominator"":245237}","{""count"":240353,""denominator"":245237}",unavailable,unavailable
b14576e3d752f467db2abf18,counterfact,R1_nonlearned,2,103,1000,full_validation,capoff,kl,complete,245237,245237,0.064225821,0.064225821,1.2845164,5.0715013,15.499305,"{""0.01"":{""count"":5203,""denominator"":245237},""0.1"":{""count"":5180,""denominator"":245237},""1.0"":{""count"":3939,""denominator"":245237}}",unavailable,unavailable,15.499305,w1245:p6,1,signed maximum,first in producer window/position order; exact equality,"{""count"":240034,""denominator"":245237}","{""count"":240034,""denominator"":245237}",unavailable,unavailable
b14576e3d752f467db2abf18,counterfact,R1_nonlearned,2,103,1000,full_validation,original,loss,complete,245237,245237,0.064121063,0.064784001,1.29568,5.1926818,16.299414,"{""0.01"":{""count"":4877,""denominator"":245237},""0.1"":{""count"":4820,""denominator"":245237},""1.0"":{""count"":3947,""denominator"":245237}}",1.0662215,False,16.299414,w122:p34,1,signed maximum,first in producer window/position order; exact equality,"{""count"":240034,""denominator"":245237}","{""count"":240353,""denominator"":245237}",unavailable,unavailable
b14576e3d752f467db2abf18,counterfact,R1_nonlearned,2,103,1000,full_validation,original,kl,complete,245237,245237,0.064225821,0.064225821,1.2845164,5.0715013,15.499305,"{""0.01"":{""count"":5203,""denominator"":245237},""0.1"":{""count"":5180,""denominator"":245237},""1.0"":{""count"":3939,""denominator"":245237}}",unavailable,unavailable,15.499305,w1245:p6,1,signed maximum,first in producer window/position order; exact equality,"{""count"":240034,""denominator"":245237}","{""count"":240034,""denominator"":245237}",unavailable,unavailable
da9f71bdb9a8981dac078e6c,counterfact,R1_nonlearned,2,104,100,sampled_drift,original,loss,complete,16256,16256,0.027277711,0.027489114,0.54978227,2.7489114,9.8669617,"{""0.01"":147,""0.1"":145,""1.0"":115}",1.0276532,False,unavailable,w107:p13,unavailable,positive-part maximum,first in producer sample order; tie count unavailable,unavailable,unavailable,16109,16256
da9f71bdb9a8981dac078e6c,counterfact,R1_nonlearned,2,104,100,sampled_drift,capoff,loss,complete,16256,16256,0.027277711,0.027489114,0.54978227,2.7489114,9.8669617,"{""0.01"":147,""0.1"":145,""1.0"":115}",1.0276532,False,unavailable,w107:p13,unavailable,positive-part maximum,first in producer sample order; tie count unavailable,unavailable,unavailable,16109,16256
da9f71bdb9a8981dac078e6c,counterfact,R1_nonlearned,2,104,300,sampled_drift,original,loss,complete,16256,16256,0.038901192,0.039313032,0.78626063,3.7371476,11.614599,"{""0.01"":220,""0.1"":217,""1.0"":166}",1.0396678,False,unavailable,w96:p49,unavailable,positive-part maximum,first in producer sample order; tie count unavailable,unavailable,unavailable,16036,16256
da9f71bdb9a8981dac078e6c,counterfact,R1_nonlearned,2,104,300,sampled_drift,capoff,loss,complete,16256,16256,0.038901192,0.039313032,0.78626063,3.7371476,11.614599,"{""0.01"":220,""0.1"":217,""1.0"":166}",1.0396678,False,unavailable,w96:p49,unavailable,positive-part maximum,first in producer sample order; tie count unavailable,unavailable,unavailable,16036,16256
da9f71bdb9a8981dac078e6c,counterfact,R1_nonlearned,2,104,1000,sampled_drift,original,loss,complete,16256,16256,0.066336429,0.066710739,1.3342148,5.2494671,16.299414,"{""0.01"":337,""0.1"":331,""1.0"":274}",1.0685862,False,unavailable,w122:p34,unavailable,positive-part maximum,first in producer sample order; tie count unavailable,unavailable,unavailable,15918,16256
da9f71bdb9a8981dac078e6c,counterfact,R1_nonlearned,2,104,1000,sampled_drift,capoff,loss,complete,16256,16256,0.066336429,0.066710739,1.3342148,5.2494671,16.299414,"{""0.01"":337,""0.1"":331,""1.0"":274}",1.0685862,False,unavailable,w122:p34,unavailable,positive-part maximum,first in producer sample order; tie count unavailable,unavailable,unavailable,15918,16256
da9f71bdb9a8981dac078e6c,counterfact,R1_nonlearned,2,104,1000,full_validation,capoff,loss,complete,245237,245237,0.064121063,0.064784001,1.29568,5.1926818,16.299414,"{""0.01"":{""count"":4877,""denominator"":245237},""0.1"":{""count"":4820,""denominator"":245237},""1.0"":{""count"":3947,""denominator"":245237}}",1.0662215,False,16.299414,w122:p34,1,signed maximum,first in producer window/position order; exact equality,"{""count"":240034,""denominator"":245237}","{""count"":240353,""denominator"":245237}",unavailable,unavailable
da9f71bdb9a8981dac078e6c,counterfact,R1_nonlearned,2,104,1000,full_validation,capoff,kl,complete,245237,245237,0.064225821,0.064225821,1.2845164,5.0715013,15.499305,"{""0.01"":{""count"":5203,""denominator"":245237},""0.1"":{""count"":5180,""denominator"":245237},""1.0"":{""count"":3939,""denominator"":245237}}",unavailable,unavailable,15.499305,w1245:p6,1,signed maximum,first in producer window/position order; exact equality,"{""count"":240034,""denominator"":245237}","{""count"":240034,""denominator"":245237}",unavailable,unavailable
da9f71bdb9a8981dac078e6c,counterfact,R1_nonlearned,2,104,1000,full_validation,original,loss,complete,245237,245237,0.064121063,0.064784001,1.29568,5.1926818,16.299414,"{""0.01"":{""count"":4877,""denominator"":245237},""0.1"":{""count"":4820,""denominator"":245237},""1.0"":{""count"":3947,""denominator"":245237}}",1.0662215,False,16.299414,w122:p34,1,signed maximum,first in producer window/position order; exact equality,"{""count"":240034,""denominator"":245237}","{""count"":240353,""denominator"":245237}",unavailable,unavailable
da9f71bdb9a8981dac078e6c,counterfact,R1_nonlearned,2,104,1000,full_validation,original,kl,complete,245237,245237,0.064225821,0.064225821,1.2845164,5.0715013,15.499305,"{""0.01"":{""count"":5203,""denominator"":245237},""0.1"":{""count"":5180,""denominator"":245237},""1.0"":{""count"":3939,""denominator"":245237}}",unavailable,unavailable,15.499305,w1245:p6,1,signed maximum,first in producer window/position order; exact equality,"{""count"":240034,""denominator"":245237}","{""count"":240034,""denominator"":245237}",unavailable,unavailable
9e98169ae668b50d60694317,mquake,R1_nonlearned,2,100,100,sampled_drift,original,loss,complete,16256,16256,0.010369037,0.010403209,0.20806417,1.0403209,8.8706225,"{""0.01"":56,""0.1"":55,""1.0"":44}",1.010423,False,unavailable,w68:p7,unavailable,positive-part maximum,first in producer sample order; tie count unavailable,unavailable,unavailable,16199,16256
9e98169ae668b50d60694317,mquake,R1_nonlearned,2,100,100,sampled_drift,capoff,loss,complete,16256,16256,0.010369037,0.010403209,0.20806417,1.0403209,8.8706225,"{""0.01"":56,""0.1"":55,""1.0"":44}",1.010423,False,unavailable,w68:p7,unavailable,positive-part maximum,first in producer sample order; tie count unavailable,unavailable,unavailable,16199,16256
9e98169ae668b50d60694317,mquake,R1_nonlearned,2,100,300,sampled_drift,original,loss,complete,16256,16256,0.014935655,0.015004029,0.30008058,1.5004029,10.341558,"{""0.01"":81,""0.1"":81,""1.0"":64}",1.0150477,False,unavailable,w68:p7,unavailable,positive-part maximum,first in producer sample order; tie count unavailable,unavailable,unavailable,16175,16256
9e98169ae668b50d60694317,mquake,R1_nonlearned,2,100,300,sampled_drift,capoff,loss,complete,16256,16256,0.014935655,0.015004029,0.30008058,1.5004029,10.341558,"{""0.01"":81,""0.1"":81,""1.0"":64}",1.0150477,False,unavailable,w68:p7,unavailable,positive-part maximum,first in producer sample order; tie count unavailable,unavailable,unavailable,16175,16256
9e98169ae668b50d60694317,mquake,R1_nonlearned,2,100,300,full_validation,capoff,loss,complete,245237,245237,0.012170898,0.012304389,0.24608779,1.2304389,14.87382,"{""0.01"":{""count"":999,""denominator"":245237},""0.1"":{""count"":990,""denominator"":245237},""1.0"":{""count"":825,""denominator"":245237}}",1.0122453,False,14.87382,w1000:p25,1,signed maximum,first in producer window/position order; exact equality,"{""count"":244183,""denominator"":245237}","{""count"":244236,""denominator"":245237}",unavailable,unavailable
9e98169ae668b50d60694317,mquake,R1_nonlearned,2,100,300,full_validation,capoff,kl,complete,245237,245237,0.01222933,0.01222933,0.24458661,1.222933,15.206235,"{""0.01"":{""count"":1054,""denominator"":245237},""0.1"":{""count"":1048,""denominator"":245237},""1.0"":{""count"":826,""denominator"":245237}}",unavailable,unavailable,15.206235,w1000:p25,1,signed maximum,first in producer window/position order; exact equality,"{""count"":244183,""denominator"":245237}","{""count"":244183,""denominator"":245237}",unavailable,unavailable
9e98169ae668b50d60694317,mquake,R1_nonlearned,2,100,300,full_validation,original,loss,complete,245237,245237,0.012170898,0.012304389,0.24608779,1.2304389,14.87382,"{""0.01"":{""count"":999,""denominator"":245237},""0.1"":{""count"":990,""denominator"":245237},""1.0"":{""count"":825,""denominator"":245237}}",1.0122453,False,14.87382,w1000:p25,1,signed maximum,first in producer window/position order; exact equality,"{""count"":244183,""denominator"":245237}","{""count"":244236,""denominator"":245237}",unavailable,unavailable
9e98169ae668b50d60694317,mquake,R1_nonlearned,2,100,300,full_validation,original,kl,complete,245237,245237,0.01222933,0.01222933,0.24458661,1.222933,15.206235,"{""0.01"":{""count"":1054,""denominator"":245237},""0.1"":{""count"":1048,""denominator"":245237},""1.0"":{""count"":826,""denominator"":245237}}",unavailable,unavailable,15.206235,w1000:p25,1,signed maximum,first in producer window/position order; exact equality,"{""count"":244183,""denominator"":245237}","{""count"":244183,""denominator"":245237}",unavailable,unavailable
ff570734d7837a1ba9e77528,mquake,R1_nonlearned,2,101,100,sampled_drift,original,loss,complete,16256,16256,0.010952115,0.010952115,0.2190423,1.0952115,8.8706225,"{""0.01"":61,""0.1"":61,""1.0"":47}",1.0110123,False,unavailable,w68:p7,unavailable,positive-part maximum,first in producer sample order; tie count unavailable,unavailable,unavailable,16195,16256
ff570734d7837a1ba9e77528,mquake,R1_nonlearned,2,101,100,sampled_drift,capoff,loss,complete,16256,16256,0.010952115,0.010952115,0.2190423,1.0952115,8.8706225,"{""0.01"":61,""0.1"":61,""1.0"":47}",1.0110123,False,unavailable,w68:p7,unavailable,positive-part maximum,first in producer sample order; tie count unavailable,unavailable,unavailable,16195,16256
ff570734d7837a1ba9e77528,mquake,R1_nonlearned,2,101,300,sampled_drift,original,loss,complete,16256,16256,0.014935655,0.015004029,0.30008058,1.5004029,10.341558,"{""0.01"":81,""0.1"":81,""1.0"":64}",1.0150477,False,unavailable,w68:p7,unavailable,positive-part maximum,first in producer sample order; tie count unavailable,unavailable,unavailable,16175,16256
ff570734d7837a1ba9e77528,mquake,R1_nonlearned,2,101,300,sampled_drift,capoff,loss,complete,16256,16256,0.014935655,0.015004029,0.30008058,1.5004029,10.341558,"{""0.01"":81,""0.1"":81,""1.0"":64}",1.0150477,False,unavailable,w68:p7,unavailable,positive-part maximum,first in producer sample order; tie count unavailable,unavailable,unavailable,16175,16256
ff570734d7837a1ba9e77528,mquake,R1_nonlearned,2,101,300,full_validation,capoff,loss,complete,245237,245237,0.012170898,0.012304389,0.24608779,1.2304389,14.87382,"{""0.01"":{""count"":999,""denominator"":245237},""0.1"":{""count"":990,""denominator"":245237},""1.0"":{""count"":825,""denominator"":245237}}",1.0122453,False,14.87382,w1000:p25,1,signed maximum,first in producer window/position order; exact equality,"{""count"":244183,""denominator"":245237}","{""count"":244236,""denominator"":245237}",unavailable,unavailable
ff570734d7837a1ba9e77528,mquake,R1_nonlearned,2,101,300,full_validation,capoff,kl,complete,245237,245237,0.01222933,0.01222933,0.24458661,1.222933,15.206235,"{""0.01"":{""count"":1054,""denominator"":245237},""0.1"":{""count"":1048,""denominator"":245237},""1.0"":{""count"":826,""denominator"":245237}}",unavailable,unavailable,15.206235,w1000:p25,1,signed maximum,first in producer window/position order; exact equality,"{""count"":244183,""denominator"":245237}","{""count"":244183,""denominator"":245237}",unavailable,unavailable
ff570734d7837a1ba9e77528,mquake,R1_nonlearned,2,101,300,full_validation,original,loss,complete,245237,245237,0.012170898,0.012304389,0.24608779,1.2304389,14.87382,"{""0.01"":{""count"":999,""denominator"":245237},""0.1"":{""count"":990,""denominator"":245237},""1.0"":{""count"":825,""denominator"":245237}}",1.0122453,False,14.87382,w1000:p25,1,signed maximum,first in producer window/position order; exact equality,"{""count"":244183,""denominator"":245237}","{""count"":244236,""denominator"":245237}",unavailable,unavailable
ff570734d7837a1ba9e77528,mquake,R1_nonlearned,2,101,300,full_validation,original,kl,complete,245237,245237,0.01222933,0.01222933,0.24458661,1.222933,15.206235,"{""0.01"":{""count"":1054,""denominator"":245237},""0.1"":{""count"":1048,""denominator"":245237},""1.0"":{""count"":826,""denominator"":245237}}",unavailable,unavailable,15.206235,w1000:p25,1,signed maximum,first in producer window/position order; exact equality,"{""count"":244183,""denominator"":245237}","{""count"":244183,""denominator"":245237}",unavailable,unavailable
4fd2bc51397502cb1c085b5c,mquake,R1_nonlearned,2,102,100,sampled_drift,original,loss,complete,16256,16256,0.010714565,0.010792294,0.21584589,1.0792294,10.341558,"{""0.01"":60,""0.1"":59,""1.0"":51}",1.0107722,False,unavailable,w68:p7,unavailable,positive-part maximum,first in producer sample order; tie count unavailable,unavailable,unavailable,16196,16256
4fd2bc51397502cb1c085b5c,mquake,R1_nonlearned,2,102,100,sampled_drift,capoff,loss,complete,16256,16256,0.010714565,0.010792294,0.21584589,1.0792294,10.341558,"{""0.01"":60,""0.1"":59,""1.0"":51}",1.0107722,False,unavailable,w68:p7,unavailable,positive-part maximum,first in producer sample order; tie count unavailable,unavailable,unavailable,16196,16256
4fd2bc51397502cb1c085b5c,mquake,R1_nonlearned,2,102,300,sampled_drift,original,loss,complete,16256,16256,0.014935655,0.015004029,0.30008058,1.5004029,10.341558,"{""0.01"":81,""0.1"":81,""1.0"":64}",1.0150477,False,unavailable,w68:p7,unavailable,positive-part maximum,first in producer sample order; tie count unavailable,unavailable,unavailable,16175,16256
4fd2bc51397502cb1c085b5c,mquake,R1_nonlearned,2,102,300,sampled_drift,capoff,loss,complete,16256,16256,0.014935655,0.015004029,0.30008058,1.5004029,10.341558,"{""0.01"":81,""0.1"":81,""1.0"":64}",1.0150477,False,unavailable,w68:p7,unavailable,positive-part maximum,first in producer sample order; tie count unavailable,unavailable,unavailable,16175,16256
4fd2bc51397502cb1c085b5c,mquake,R1_nonlearned,2,102,300,full_validation,capoff,loss,complete,245237,245237,0.012170898,0.012304389,0.24608779,1.2304389,14.87382,"{""0.01"":{""count"":999,""denominator"":245237},""0.1"":{""count"":990,""denominator"":245237},""1.0"":{""count"":825,""denominator"":245237}}",1.0122453,False,14.87382,w1000:p25,1,signed maximum,first in producer window/position order; exact equality,"{""count"":244183,""denominator"":245237}","{""count"":244236,""denominator"":245237}",unavailable,unavailable
4fd2bc51397502cb1c085b5c,mquake,R1_nonlearned,2,102,300,full_validation,capoff,kl,complete,245237,245237,0.01222933,0.01222933,0.24458661,1.222933,15.206235,"{""0.01"":{""count"":1054,""denominator"":245237},""0.1"":{""count"":1048,""denominator"":245237},""1.0"":{""count"":826,""denominator"":245237}}",unavailable,unavailable,15.206235,w1000:p25,1,signed maximum,first in producer window/position order; exact equality,"{""count"":244183,""denominator"":245237}","{""count"":244183,""denominator"":245237}",unavailable,unavailable
4fd2bc51397502cb1c085b5c,mquake,R1_nonlearned,2,102,300,full_validation,original,loss,complete,245237,245237,0.012170898,0.012304389,0.24608779,1.2304389,14.87382,"{""0.01"":{""count"":999,""denominator"":245237},""0.1"":{""count"":990,""denominator"":245237},""1.0"":{""count"":825,""denominator"":245237}}",1.0122453,False,14.87382,w1000:p25,1,signed maximum,first in producer window/position order; exact equality,"{""count"":244183,""denominator"":245237}","{""count"":244236,""denominator"":245237}",unavailable,unavailable
4fd2bc51397502cb1c085b5c,mquake,R1_nonlearned,2,102,300,full_validation,original,kl,complete,245237,245237,0.01222933,0.01222933,0.24458661,1.222933,15.206235,"{""0.01"":{""count"":1054,""denominator"":245237},""0.1"":{""count"":1048,""denominator"":245237},""1.0"":{""count"":826,""denominator"":245237}}",unavailable,unavailable,15.206235,w1000:p25,1,signed maximum,first in producer window/position order; exact equality,"{""count"":244183,""denominator"":245237}","{""count"":244183,""denominator"":245237}",unavailable,unavailable
c0e77c94b06dd3464838be93,mquake,R1_nonlearned,2,103,100,sampled_drift,original,loss,complete,16256,16256,0.011924139,0.012071927,0.24143854,1.2071927,10.341558,"{""0.01"":57,""0.1"":57,""1.0"":48}",1.0119955,False,unavailable,w68:p7,unavailable,positive-part maximum,first in producer sample order; tie count unavailable,unavailable,unavailable,16199,16256
c0e77c94b06dd3464838be93,mquake,R1_nonlearned,2,103,100,sampled_drift,capoff,loss,complete,16256,16256,0.011924139,0.012071927,0.24143854,1.2071927,10.341558,"{""0.01"":57,""0.1"":57,""1.0"":48}",1.0119955,False,unavailable,w68:p7,unavailable,positive-part maximum,first in producer sample order; tie count unavailable,unavailable,unavailable,16199,16256
c0e77c94b06dd3464838be93,mquake,R1_nonlearned,2,103,300,sampled_drift,original,loss,complete,16256,16256,0.014935655,0.015004029,0.30008058,1.5004029,10.341558,"{""0.01"":81,""0.1"":81,""1.0"":64}",1.0150477,False,unavailable,w68:p7,unavailable,positive-part maximum,first in producer sample order; tie count unavailable,unavailable,unavailable,16175,16256
c0e77c94b06dd3464838be93,mquake,R1_nonlearned,2,103,300,sampled_drift,capoff,loss,complete,16256,16256,0.014935655,0.015004029,0.30008058,1.5004029,10.341558,"{""0.01"":81,""0.1"":81,""1.0"":64}",1.0150477,False,unavailable,w68:p7,unavailable,positive-part maximum,first in producer sample order; tie count unavailable,unavailable,unavailable,16175,16256
c0e77c94b06dd3464838be93,mquake,R1_nonlearned,2,103,300,full_validation,capoff,loss,complete,245237,245237,0.012170898,0.012304389,0.24608779,1.2304389,14.87382,"{""0.01"":{""count"":999,""denominator"":245237},""0.1"":{""count"":990,""denominator"":245237},""1.0"":{""count"":825,""denominator"":245237}}",1.0122453,False,14.87382,w1000:p25,1,signed maximum,first in producer window/position order; exact equality,"{""count"":244183,""denominator"":245237}","{""count"":244236,""denominator"":245237}",unavailable,unavailable
c0e77c94b06dd3464838be93,mquake,R1_nonlearned,2,103,300,full_validation,capoff,kl,complete,245237,245237,0.01222933,0.01222933,0.24458661,1.222933,15.206235,"{""0.01"":{""count"":1054,""denominator"":245237},""0.1"":{""count"":1048,""denominator"":245237},""1.0"":{""count"":826,""denominator"":245237}}",unavailable,unavailable,15.206235,w1000:p25,1,signed maximum,first in producer window/position order; exact equality,"{""count"":244183,""denominator"":245237}","{""count"":244183,""denominator"":245237}",unavailable,unavailable
c0e77c94b06dd3464838be93,mquake,R1_nonlearned,2,103,300,full_validation,original,loss,complete,245237,245237,0.012170898,0.012304389,0.24608779,1.2304389,14.87382,"{""0.01"":{""count"":999,""denominator"":245237},""0.1"":{""count"":990,""denominator"":245237},""1.0"":{""count"":825,""denominator"":245237}}",1.0122453,False,14.87382,w1000:p25,1,signed maximum,first in producer window/position order; exact equality,"{""count"":244183,""denominator"":245237}","{""count"":244236,""denominator"":245237}",unavailable,unavailable
c0e77c94b06dd3464838be93,mquake,R1_nonlearned,2,103,300,full_validation,original,kl,complete,245237,245237,0.01222933,0.01222933,0.24458661,1.222933,15.206235,"{""0.01"":{""count"":1054,""denominator"":245237},""0.1"":{""count"":1048,""denominator"":245237},""1.0"":{""count"":826,""denominator"":245237}}",unavailable,unavailable,15.206235,w1000:p25,1,signed maximum,first in producer window/position order; exact equality,"{""count"":244183,""denominator"":245237}","{""count"":244183,""denominator"":245237}",unavailable,unavailable
4c700c665ce70ca41e4569dd,mquake,R1_nonlearned,2,104,100,sampled_drift,original,loss,complete,16256,16256,0.01147447,0.011623932,0.23247864,1.1623932,8.8706225,"{""0.01"":59,""0.1"":59,""1.0"":50}",1.0115406,False,unavailable,w68:p7,unavailable,positive-part maximum,first in producer sample order; tie count unavailable,unavailable,unavailable,16197,16256
4c700c665ce70ca41e4569dd,mquake,R1_nonlearned,2,104,100,sampled_drift,capoff,loss,complete,16256,16256,0.01147447,0.011623932,0.23247864,1.1623932,8.8706225,"{""0.01"":59,""0.1"":59,""1.0"":50}",1.0115406,False,unavailable,w68:p7,unavailable,positive-part maximum,first in producer sample order; tie count unavailable,unavailable,unavailable,16197,16256
4c700c665ce70ca41e4569dd,mquake,R1_nonlearned,2,104,300,sampled_drift,original,loss,complete,16256,16256,0.014935655,0.015004029,0.30008058,1.5004029,10.341558,"{""0.01"":81,""0.1"":81,""1.0"":64}",1.0150477,False,unavailable,w68:p7,unavailable,positive-part maximum,first in producer sample order; tie count unavailable,unavailable,unavailable,16175,16256
4c700c665ce70ca41e4569dd,mquake,R1_nonlearned,2,104,300,sampled_drift,capoff,loss,complete,16256,16256,0.014935655,0.015004029,0.30008058,1.5004029,10.341558,"{""0.01"":81,""0.1"":81,""1.0"":64}",1.0150477,False,unavailable,w68:p7,unavailable,positive-part maximum,first in producer sample order; tie count unavailable,unavailable,unavailable,16175,16256
4c700c665ce70ca41e4569dd,mquake,R1_nonlearned,2,104,300,full_validation,capoff,loss,complete,245237,245237,0.012170898,0.012304389,0.24608779,1.2304389,14.87382,"{""0.01"":{""count"":999,""denominator"":245237},""0.1"":{""count"":990,""denominator"":245237},""1.0"":{""count"":825,""denominator"":245237}}",1.0122453,False,14.87382,w1000:p25,1,signed maximum,first in producer window/position order; exact equality,"{""count"":244183,""denominator"":245237}","{""count"":244236,""denominator"":245237}",unavailable,unavailable
4c700c665ce70ca41e4569dd,mquake,R1_nonlearned,2,104,300,full_validation,capoff,kl,complete,245237,245237,0.01222933,0.01222933,0.24458661,1.222933,15.206235,"{""0.01"":{""count"":1054,""denominator"":245237},""0.1"":{""count"":1048,""denominator"":245237},""1.0"":{""count"":826,""denominator"":245237}}",unavailable,unavailable,15.206235,w1000:p25,1,signed maximum,first in producer window/position order; exact equality,"{""count"":244183,""denominator"":245237}","{""count"":244183,""denominator"":245237}",unavailable,unavailable
4c700c665ce70ca41e4569dd,mquake,R1_nonlearned,2,104,300,full_validation,original,loss,complete,245237,245237,0.012170898,0.012304389,0.24608779,1.2304389,14.87382,"{""0.01"":{""count"":999,""denominator"":245237},""0.1"":{""count"":990,""denominator"":245237},""1.0"":{""count"":825,""denominator"":245237}}",1.0122453,False,14.87382,w1000:p25,1,signed maximum,first in producer window/position order; exact equality,"{""count"":244183,""denominator"":245237}","{""count"":244236,""denominator"":245237}",unavailable,unavailable
4c700c665ce70ca41e4569dd,mquake,R1_nonlearned,2,104,300,full_validation,original,kl,complete,245237,245237,0.01222933,0.01222933,0.24458661,1.222933,15.206235,"{""0.01"":{""count"":1054,""denominator"":245237},""0.1"":{""count"":1048,""denominator"":245237},""1.0"":{""count"":826,""denominator"":245237}}",unavailable,unavailable,15.206235,w1000:p25,1,signed maximum,first in producer window/position order; exact equality,"{""count"":244183,""denominator"":245237}","{""count"":244183,""denominator"":245237}",unavailable,unavailable
dc17fc3637068157dba0207d,zsre,v0_stable,2,100,100,sampled_drift,original,loss,complete,16256,16256,-4.6122703e-05,1.0960119e-05,0.00021920239,0.0010960119,0.10996939,"{""0.01"":2,""0.1"":1,""1.0"":0}",0.99995388,False,unavailable,w16:p27,unavailable,positive-part maximum,first in producer sample order; tie count unavailable,unavailable,unavailable,16254,16256
dc17fc3637068157dba0207d,zsre,v0_stable,2,100,100,sampled_drift,capoff,loss,complete,16256,16256,-4.6122703e-05,1.0960119e-05,0.00021920239,0.0010960119,0.10996939,"{""0.01"":2,""0.1"":1,""1.0"":0}",0.99995388,False,unavailable,w16:p27,unavailable,positive-part maximum,first in producer sample order; tie count unavailable,unavailable,unavailable,16254,16256
dc17fc3637068157dba0207d,zsre,v0_stable,2,100,300,sampled_drift,original,loss,complete,16256,16256,0.00018416207,0.00025649717,0.0051299434,0.025649717,1.7779476,"{""0.01"":7,""0.1"":6,""1.0"":1}",1.0001842,False,unavailable,w23:p7,unavailable,positive-part maximum,first in producer sample order; tie count unavailable,unavailable,unavailable,16249,16256
dc17fc3637068157dba0207d,zsre,v0_stable,2,100,300,sampled_drift,capoff,loss,complete,16256,16256,0.00018416207,0.00025649717,0.0051299434,0.025649717,1.7779476,"{""0.01"":7,""0.1"":6,""1.0"":1}",1.0001842,False,unavailable,w23:p7,unavailable,positive-part maximum,first in producer sample order; tie count unavailable,unavailable,unavailable,16249,16256
dc17fc3637068157dba0207d,zsre,v0_stable,2,100,1000,sampled_drift,original,loss,complete,16256,16256,0.00051428862,0.00076281297,0.015256259,0.076281297,3.4279704,"{""0.01"":12,""0.1"":11,""1.0"":4}",1.0005144,False,unavailable,w23:p8,unavailable,positive-part maximum,first in producer sample order; tie count unavailable,unavailable,unavailable,16244,16256
dc17fc3637068157dba0207d,zsre,v0_stable,2,100,1000,sampled_drift,capoff,loss,complete,16256,16256,0.00051428862,0.00076281297,0.015256259,0.076281297,3.4279704,"{""0.01"":12,""0.1"":11,""1.0"":4}",1.0005144,False,unavailable,w23:p8,unavailable,positive-part maximum,first in producer sample order; tie count unavailable,unavailable,unavailable,16244,16256
dc17fc3637068157dba0207d,zsre,v0_stable,2,100,1000,full_validation,capoff,loss,complete,245237,245237,0.0017784304,0.0020486345,0.040972691,0.20486345,19.338578,"{""0.01"":{""count"":259,""denominator"":245237},""0.1"":{""count"":242,""denominator"":245237},""1.0"":{""count"":111,""denominator"":245237}}",1.00178,False,19.338578,w892:p19,1,signed maximum,first in producer window/position order; exact equality,"{""count"":244837,""denominator"":245237}","{""count"":244977,""denominator"":245237}",unavailable,unavailable
dc17fc3637068157dba0207d,zsre,v0_stable,2,100,1000,full_validation,capoff,kl,complete,245237,245237,0.0017690624,0.0017690624,0.035381247,0.17690624,19.742434,"{""0.01"":{""count"":397,""denominator"":245237},""0.1"":{""count"":281,""denominator"":245237},""1.0"":{""count"":91,""denominator"":245237}}",unavailable,unavailable,19.742434,w892:p19,1,signed maximum,first in producer window/position order; exact equality,"{""count"":244837,""denominator"":245237}","{""count"":244837,""denominator"":245237}",unavailable,unavailable
dc17fc3637068157dba0207d,zsre,v0_stable,2,100,1000,full_validation,original,loss,complete,245237,245237,0.0017784304,0.0020486345,0.040972691,0.20486345,19.338578,"{""0.01"":{""count"":259,""denominator"":245237},""0.1"":{""count"":242,""denominator"":245237},""1.0"":{""count"":111,""denominator"":245237}}",1.00178,False,19.338578,w892:p19,1,signed maximum,first in producer window/position order; exact equality,"{""count"":244837,""denominator"":245237}","{""count"":244977,""denominator"":245237}",unavailable,unavailable
dc17fc3637068157dba0207d,zsre,v0_stable,2,100,1000,full_validation,original,kl,complete,245237,245237,0.0017690624,0.0017690624,0.035381247,0.17690624,19.742434,"{""0.01"":{""count"":397,""denominator"":245237},""0.1"":{""count"":281,""denominator"":245237},""1.0"":{""count"":91,""denominator"":245237}}",unavailable,unavailable,19.742434,w892:p19,1,signed maximum,first in producer window/position order; exact equality,"{""count"":244837,""denominator"":245237}","{""count"":244837,""denominator"":245237}",unavailable,unavailable
727b32ab9723cb9feba71636,zsre,v0_stable,2,101,100,sampled_drift,original,loss,complete,16256,16256,0.0002725895,0.0002748314,0.0054966281,0.02748314,2.0994146,"{""0.01"":5,""0.1"":4,""1.0"":2}",1.0002726,False,unavailable,w112:p20,unavailable,positive-part maximum,first in producer sample order; tie count unavailable,unavailable,unavailable,16251,16256
727b32ab9723cb9feba71636,zsre,v0_stable,2,101,100,sampled_drift,capoff,loss,complete,16256,16256,0.0002725895,0.0002748314,0.0054966281,0.02748314,2.0994146,"{""0.01"":5,""0.1"":4,""1.0"":2}",1.0002726,False,unavailable,w112:p20,unavailable,positive-part maximum,first in producer sample order; tie count unavailable,unavailable,unavailable,16251,16256
727b32ab9723cb9feba71636,zsre,v0_stable,2,101,300,sampled_drift,original,loss,complete,16256,16256,0.00044859975,0.00047593674,0.0095187348,0.047593674,2.0994146,"{""0.01"":8,""0.1"":7,""1.0"":3}",1.0004487,False,unavailable,w112:p20,unavailable,positive-part maximum,first in producer sample order; tie count unavailable,unavailable,unavailable,16248,16256
727b32ab9723cb9feba71636,zsre,v0_stable,2,101,300,sampled_drift,capoff,loss,complete,16256,16256,0.00044859975,0.00047593674,0.0095187348,0.047593674,2.0994146,"{""0.01"":8,""0.1"":7,""1.0"":3}",1.0004487,False,unavailable,w112:p20,unavailable,positive-part maximum,first in producer sample order; tie count unavailable,unavailable,unavailable,16248,16256
727b32ab9723cb9feba71636,zsre,v0_stable,2,101,1000,sampled_drift,original,loss,complete,16256,16256,0.00012496033,0.00035234449,0.0070468899,0.035234449,1.0607491,"{""0.01"":12,""0.1"":11,""1.0"":1}",1.000125,False,unavailable,w42:p16,unavailable,positive-part maximum,first in producer sample order; tie count unavailable,unavailable,unavailable,16244,16256
727b32ab9723cb9feba71636,zsre,v0_stable,2,101,1000,sampled_drift,capoff,loss,complete,16256,16256,0.00012496033,0.00035234449,0.0070468899,0.035234449,1.0607491,"{""0.01"":12,""0.1"":11,""1.0"":1}",1.000125,False,unavailable,w42:p16,unavailable,positive-part maximum,first in producer sample order; tie count unavailable,unavailable,unavailable,16244,16256
727b32ab9723cb9feba71636,zsre,v0_stable,2,101,1000,full_validation,capoff,loss,complete,245237,245237,0.0017430925,0.0020280853,0.040561707,0.20280853,23.538424,"{""0.01"":{""count"":279,""denominator"":245237},""0.1"":{""count"":257,""denominator"":245237},""1.0"":{""count"":109,""denominator"":245237}}",1.0017446,False,23.538424,w1735:p6,1,signed maximum,first in producer window/position order; exact equality,"{""count"":244822,""denominator"":245237}","{""count"":244956,""denominator"":245237}",unavailable,unavailable
727b32ab9723cb9feba71636,zsre,v0_stable,2,101,1000,full_validation,capoff,kl,complete,245237,245237,0.0018515355,0.0018515355,0.03703071,0.18515355,21.129347,"{""0.01"":{""count"":413,""denominator"":245237},""0.1"":{""count"":288,""denominator"":245237},""1.0"":{""count"":94,""denominator"":245237}}",unavailable,unavailable,21.129347,w1735:p6,1,signed maximum,first in producer window/position order; exact equality,"{""count"":244822,""denominator"":245237}","{""count"":244822,""denominator"":245237}",unavailable,unavailable
727b32ab9723cb9feba71636,zsre,v0_stable,2,101,1000,full_validation,original,loss,complete,245237,245237,0.0017430925,0.0020280853,0.040561707,0.20280853,23.538424,"{""0.01"":{""count"":279,""denominator"":245237},""0.1"":{""count"":257,""denominator"":245237},""1.0"":{""count"":109,""denominator"":245237}}",1.0017446,False,23.538424,w1735:p6,1,signed maximum,first in producer window/position order; exact equality,"{""count"":244822,""denominator"":245237}","{""count"":244956,""denominator"":245237}",unavailable,unavailable
727b32ab9723cb9feba71636,zsre,v0_stable,2,101,1000,full_validation,original,kl,complete,245237,245237,0.0018515355,0.0018515355,0.03703071,0.18515355,21.129347,"{""0.01"":{""count"":413,""denominator"":245237},""0.1"":{""count"":288,""denominator"":245237},""1.0"":{""count"":94,""denominator"":245237}}",unavailable,unavailable,21.129347,w1735:p6,1,signed maximum,first in producer window/position order; exact equality,"{""count"":244822,""denominator"":245237}","{""count"":244822,""denominator"":245237}",unavailable,unavailable
a02980b0886a222f8e2f58e8,zsre,v0_stable,2,102,100,sampled_drift,original,loss,complete,16256,16256,5.4819937e-05,5.4819937e-05,0.0010963987,0.0054819937,0.8911529,"{""0.01"":1,""0.1"":1,""1.0"":0}",1.0000548,False,unavailable,w85:p52,unavailable,positive-part maximum,first in producer sample order; tie count unavailable,unavailable,unavailable,16255,16256
a02980b0886a222f8e2f58e8,zsre,v0_stable,2,102,100,sampled_drift,capoff,loss,complete,16256,16256,5.4819937e-05,5.4819937e-05,0.0010963987,0.0054819937,0.8911529,"{""0.01"":1,""0.1"":1,""1.0"":0}",1.0000548,False,unavailable,w85:p52,unavailable,positive-part maximum,first in producer sample order; tie count unavailable,unavailable,unavailable,16255,16256
a02980b0886a222f8e2f58e8,zsre,v0_stable,2,102,300,sampled_drift,original,loss,complete,16256,16256,0.00022277099,0.00024527065,0.004905413,0.024527065,2.0994146,"{""0.01"":3,""0.1"":3,""1.0"":1}",1.0002228,False,unavailable,w112:p20,unavailable,positive-part maximum,first in producer sample order; tie count unavailable,unavailable,unavailable,16253,16256
a02980b0886a222f8e2f58e8,zsre,v0_stable,2,102,300,sampled_drift,capoff,loss,complete,16256,16256,0.00022277099,0.00024527065,0.004905413,0.024527065,2.0994146,"{""0.01"":3,""0.1"":3,""1.0"":1}",1.0002228,False,unavailable,w112:p20,unavailable,positive-part maximum,first in producer sample order; tie count unavailable,unavailable,unavailable,16253,16256
a02980b0886a222f8e2f58e8,zsre,v0_stable,2,102,1000,sampled_drift,original,loss,complete,16256,16256,0.00024477338,0.00045962555,0.0091925111,0.045962555,2.0994146,"{""0.01"":11,""0.1"":10,""1.0"":3}",1.0002448,False,unavailable,w112:p20,unavailable,positive-part maximum,first in producer sample order; tie count unavailable,unavailable,unavailable,16245,16256
a02980b0886a222f8e2f58e8,zsre,v0_stable,2,102,1000,sampled_drift,capoff,loss,complete,16256,16256,0.00024477338,0.00045962555,0.0091925111,0.045962555,2.0994146,"{""0.01"":11,""0.1"":10,""1.0"":3}",1.0002448,False,unavailable,w112:p20,unavailable,positive-part maximum,first in producer sample order; tie count unavailable,unavailable,unavailable,16245,16256
a02980b0886a222f8e2f58e8,zsre,v0_stable,2,102,1000,full_validation,capoff,loss,complete,245237,245237,0.0013997967,0.0016613229,0.033226458,0.16613229,23.538424,"{""0.01"":{""count"":225,""denominator"":245237},""0.1"":{""count"":206,""denominator"":245237},""1.0"":{""count"":95,""denominator"":245237}}",1.0014008,False,23.538424,w1735:p6,1,signed maximum,first in producer window/position order; exact equality,"{""count"":244867,""denominator"":245237}","{""count"":245011,""denominator"":245237}",unavailable,unavailable
a02980b0886a222f8e2f58e8,zsre,v0_stable,2,102,1000,full_validation,capoff,kl,complete,245237,245237,0.0014695725,0.0014695725,0.02939145,0.14695725,21.129347,"{""0.01"":{""count"":367,""denominator"":245237},""0.1"":{""count"":240,""denominator"":245237},""1.0"":{""count"":79,""denominator"":245237}}",unavailable,unavailable,21.129347,w1735:p6,1,signed maximum,first in producer window/position order; exact equality,"{""count"":244867,""denominator"":245237}","{""count"":244867,""denominator"":245237}",unavailable,unavailable
a02980b0886a222f8e2f58e8,zsre,v0_stable,2,102,1000,full_validation,original,loss,complete,245237,245237,0.0013997967,0.0016613229,0.033226458,0.16613229,23.538424,"{""0.01"":{""count"":225,""denominator"":245237},""0.1"":{""count"":206,""denominator"":245237},""1.0"":{""count"":95,""denominator"":245237}}",1.0014008,False,23.538424,w1735:p6,1,signed maximum,first in producer window/position order; exact equality,"{""count"":244867,""denominator"":245237}","{""count"":245011,""denominator"":245237}",unavailable,unavailable
a02980b0886a222f8e2f58e8,zsre,v0_stable,2,102,1000,full_validation,original,kl,complete,245237,245237,0.0014695725,0.0014695725,0.02939145,0.14695725,21.129347,"{""0.01"":{""count"":367,""denominator"":245237},""0.1"":{""count"":240,""denominator"":245237},""1.0"":{""count"":79,""denominator"":245237}}",unavailable,unavailable,21.129347,w1735:p6,1,signed maximum,first in producer window/position order; exact equality,"{""count"":244867,""denominator"":245237}","{""count"":244867,""denominator"":245237}",unavailable,unavailable
9aeb330f6c7e29c85ee56da0,zsre,v0_stable,2,103,100,sampled_drift,original,loss,complete,16256,16256,-0.00021409206,3.8174947e-05,0.00076349895,0.0038174947,0.31169673,"{""0.01"":3,""0.1"":3,""1.0"":0}",0.99978593,False,unavailable,w23:p8,unavailable,positive-part maximum,first in producer sample order; tie count unavailable,unavailable,unavailable,16253,16256
9aeb330f6c7e29c85ee56da0,zsre,v0_stable,2,103,100,sampled_drift,capoff,loss,complete,16256,16256,-0.00021409206,3.8174947e-05,0.00076349895,0.0038174947,0.31169673,"{""0.01"":3,""0.1"":3,""1.0"":0}",0.99978593,False,unavailable,w23:p8,unavailable,positive-part maximum,first in producer sample order; tie count unavailable,unavailable,unavailable,16253,16256
9aeb330f6c7e29c85ee56da0,zsre,v0_stable,2,103,300,sampled_drift,original,loss,complete,16256,16256,0.0002343693,0.00044422221,0.0088844443,0.044422221,3.1414151,"{""0.01"":6,""0.1"":6,""1.0"":2}",1.0002344,False,unavailable,w43:p23,unavailable,positive-part maximum,first in producer sample order; tie count unavailable,unavailable,unavailable,16250,16256
9aeb330f6c7e29c85ee56da0,zsre,v0_stable,2,103,300,sampled_drift,capoff,loss,complete,16256,16256,0.0002343693,0.00044422221,0.0088844443,0.044422221,3.1414151,"{""0.01"":6,""0.1"":6,""1.0"":2}",1.0002344,False,unavailable,w43:p23,unavailable,positive-part maximum,first in producer sample order; tie count unavailable,unavailable,unavailable,16250,16256
9aeb330f6c7e29c85ee56da0,zsre,v0_stable,2,103,1000,sampled_drift,original,loss,complete,16256,16256,0.00030528326,0.0003651252,0.0073025041,0.03651252,2.0994146,"{""0.01"":12,""0.1"":11,""1.0"":1}",1.0003053,False,unavailable,w112:p20,unavailable,positive-part maximum,first in producer sample order; tie count unavailable,unavailable,unavailable,16244,16256
9aeb330f6c7e29c85ee56da0,zsre,v0_stable,2,103,1000,sampled_drift,capoff,loss,complete,16256,16256,0.00030528326,0.0003651252,0.0073025041,0.03651252,2.0994146,"{""0.01"":12,""0.1"":11,""1.0"":1}",1.0003053,False,unavailable,w112:p20,unavailable,positive-part maximum,first in producer sample order; tie count unavailable,unavailable,unavailable,16244,16256
9aeb330f6c7e29c85ee56da0,zsre,v0_stable,2,103,1000,full_validation,capoff,loss,complete,245237,245237,0.0017725689,0.0020070179,0.040140358,0.20070179,23.538424,"{""0.01"":{""count"":238,""denominator"":245237},""0.1"":{""count"":220,""denominator"":245237},""1.0"":{""count"":94,""denominator"":245237}}",1.0017741,False,23.538424,w1735:p6,1,signed maximum,first in producer window/position order; exact equality,"{""count"":244873,""denominator"":245237}","{""count"":244998,""denominator"":245237}",unavailable,unavailable
9aeb330f6c7e29c85ee56da0,zsre,v0_stable,2,103,1000,full_validation,capoff,kl,complete,245237,245237,0.0017955153,0.0017955153,0.035910305,0.17955153,21.129347,"{""0.01"":{""count"":360,""denominator"":245237},""0.1"":{""count"":245,""denominator"":245237},""1.0"":{""count"":84,""denominator"":245237}}",unavailable,unavailable,21.129347,w1735:p6,1,signed maximum,first in producer window/position order; exact equality,"{""count"":244873,""denominator"":245237}","{""count"":244873,""denominator"":245237}",unavailable,unavailable
9aeb330f6c7e29c85ee56da0,zsre,v0_stable,2,103,1000,full_validation,original,loss,complete,245237,245237,0.0017725689,0.0020070179,0.040140358,0.20070179,23.538424,"{""0.01"":{""count"":238,""denominator"":245237},""0.1"":{""count"":220,""denominator"":245237},""1.0"":{""count"":94,""denominator"":245237}}",1.0017741,False,23.538424,w1735:p6,1,signed maximum,first in producer window/position order; exact equality,"{""count"":244873,""denominator"":245237}","{""count"":244998,""denominator"":245237}",unavailable,unavailable
9aeb330f6c7e29c85ee56da0,zsre,v0_stable,2,103,1000,full_validation,original,kl,complete,245237,245237,0.0017955153,0.0017955153,0.035910305,0.17955153,21.129347,"{""0.01"":{""count"":360,""denominator"":245237},""0.1"":{""count"":245,""denominator"":245237},""1.0"":{""count"":84,""denominator"":245237}}",unavailable,unavailable,21.129347,w1735:p6,1,signed maximum,first in producer window/position order; exact equality,"{""count"":244873,""denominator"":245237}","{""count"":244873,""denominator"":245237}",unavailable,unavailable
0e0ee9a35e1116f7dafb423d,zsre,v0_stable,2,104,100,sampled_drift,original,loss,complete,16256,16256,0.00023428255,0.00040634334,0.0081268669,0.040634334,3.1414151,"{""0.01"":6,""0.1"":5,""1.0"":3}",1.0002343,False,unavailable,w43:p23,unavailable,positive-part maximum,first in producer sample order; tie count unavailable,unavailable,unavailable,16250,16256
0e0ee9a35e1116f7dafb423d,zsre,v0_stable,2,104,100,sampled_drift,capoff,loss,complete,16256,16256,0.00023428255,0.00040634334,0.0081268669,0.040634334,3.1414151,"{""0.01"":6,""0.1"":5,""1.0"":3}",1.0002343,False,unavailable,w43:p23,unavailable,positive-part maximum,first in producer sample order; tie count unavailable,unavailable,unavailable,16250,16256
0e0ee9a35e1116f7dafb423d,zsre,v0_stable,2,104,300,sampled_drift,original,loss,complete,16256,16256,0.00022875008,0.00044057013,0.0088114026,0.044057013,3.1414151,"{""0.01"":9,""0.1"":8,""1.0"":2}",1.0002288,False,unavailable,w43:p23,unavailable,positive-part maximum,first in producer sample order; tie count unavailable,unavailable,unavailable,16247,16256
0e0ee9a35e1116f7dafb423d,zsre,v0_stable,2,104,300,sampled_drift,capoff,loss,complete,16256,16256,0.00022875008,0.00044057013,0.0088114026,0.044057013,3.1414151,"{""0.01"":9,""0.1"":8,""1.0"":2}",1.0002288,False,unavailable,w43:p23,unavailable,positive-part maximum,first in producer sample order; tie count unavailable,unavailable,unavailable,16247,16256
0e0ee9a35e1116f7dafb423d,zsre,v0_stable,2,104,1000,sampled_drift,original,loss,complete,16256,16256,0.00085037493,0.00091190227,0.018238045,0.091190227,3.4279704,"{""0.01"":14,""0.1"":12,""1.0"":5}",1.0008507,False,unavailable,w23:p8,unavailable,positive-part maximum,first in producer sample order; tie count unavailable,unavailable,unavailable,16242,16256
0e0ee9a35e1116f7dafb423d,zsre,v0_stable,2,104,1000,sampled_drift,capoff,loss,complete,16256,16256,0.00085037493,0.00091190227,0.018238045,0.091190227,3.4279704,"{""0.01"":14,""0.1"":12,""1.0"":5}",1.0008507,False,unavailable,w23:p8,unavailable,positive-part maximum,first in producer sample order; tie count unavailable,unavailable,unavailable,16242,16256
0e0ee9a35e1116f7dafb423d,zsre,v0_stable,2,104,1000,full_validation,capoff,loss,complete,245237,245237,0.0015174543,0.0017706025,0.03541205,0.17706025,23.538424,"{""0.01"":{""count"":214,""denominator"":245237},""0.1"":{""count"":203,""denominator"":245237},""1.0"":{""count"":90,""denominator"":245237}}",1.0015186,False,23.538424,w1735:p6,1,signed maximum,first in producer window/position order; exact equality,"{""count"":244870,""denominator"":245237}","{""count"":245022,""denominator"":245237}",unavailable,unavailable
0e0ee9a35e1116f7dafb423d,zsre,v0_stable,2,104,1000,full_validation,capoff,kl,complete,245237,245237,0.0016164468,0.0016164468,0.032328937,0.16164468,21.129347,"{""0.01"":{""count"":364,""denominator"":245237},""0.1"":{""count"":249,""denominator"":245237},""1.0"":{""count"":73,""denominator"":245237}}",unavailable,unavailable,21.129347,w1735:p6,1,signed maximum,first in producer window/position order; exact equality,"{""count"":244870,""denominator"":245237}","{""count"":244870,""denominator"":245237}",unavailable,unavailable
0e0ee9a35e1116f7dafb423d,zsre,v0_stable,2,104,1000,full_validation,original,loss,complete,245237,245237,0.0015174543,0.0017706025,0.03541205,0.17706025,23.538424,"{""0.01"":{""count"":214,""denominator"":245237},""0.1"":{""count"":203,""denominator"":245237},""1.0"":{""count"":90,""denominator"":245237}}",1.0015186,False,23.538424,w1735:p6,1,signed maximum,first in producer window/position order; exact equality,"{""count"":244870,""denominator"":245237}","{""count"":245022,""denominator"":245237}",unavailable,unavailable
0e0ee9a35e1116f7dafb423d,zsre,v0_stable,2,104,1000,full_validation,original,kl,complete,245237,245237,0.0016164468,0.0016164468,0.032328937,0.16164468,21.129347,"{""0.01"":{""count"":364,""denominator"":245237},""0.1"":{""count"":249,""denominator"":245237},""1.0"":{""count"":73,""denominator"":245237}}",unavailable,unavailable,21.129347,w1735:p6,1,signed maximum,first in producer window/position order; exact equality,"{""count"":244870,""denominator"":245237}","{""count"":244870,""denominator"":245237}",unavailable,unavailable
862cd40c359e48e5a7998e3f,counterfact,v0_stable,2,100,100,sampled_drift,original,loss,complete,16256,16256,0,0,0,0,0,"{""0.01"":0,""0.1"":0,""1.0"":0}",1,False,unavailable,w0:p1,unavailable,positive-part maximum,first in producer sample order; tie count unavailable,unavailable,unavailable,16256,16256
862cd40c359e48e5a7998e3f,counterfact,v0_stable,2,100,100,sampled_drift,capoff,loss,complete,16256,16256,0,0,0,0,0,"{""0.01"":0,""0.1"":0,""1.0"":0}",1,False,unavailable,w0:p1,unavailable,positive-part maximum,first in producer sample order; tie count unavailable,unavailable,unavailable,16256,16256
862cd40c359e48e5a7998e3f,counterfact,v0_stable,2,100,300,sampled_drift,original,loss,complete,16256,16256,0,0,0,0,0,"{""0.01"":0,""0.1"":0,""1.0"":0}",1,False,unavailable,w0:p1,unavailable,positive-part maximum,first in producer sample order; tie count unavailable,unavailable,unavailable,16256,16256
862cd40c359e48e5a7998e3f,counterfact,v0_stable,2,100,300,sampled_drift,capoff,loss,complete,16256,16256,0,0,0,0,0,"{""0.01"":0,""0.1"":0,""1.0"":0}",1,False,unavailable,w0:p1,unavailable,positive-part maximum,first in producer sample order; tie count unavailable,unavailable,unavailable,16256,16256
862cd40c359e48e5a7998e3f,counterfact,v0_stable,2,100,1000,sampled_drift,original,loss,complete,16256,16256,0,0,0,0,0,"{""0.01"":0,""0.1"":0,""1.0"":0}",1,False,unavailable,w0:p1,unavailable,positive-part maximum,first in producer sample order; tie count unavailable,unavailable,unavailable,16256,16256
862cd40c359e48e5a7998e3f,counterfact,v0_stable,2,100,1000,sampled_drift,capoff,loss,complete,16256,16256,0,0,0,0,0,"{""0.01"":0,""0.1"":0,""1.0"":0}",1,False,unavailable,w0:p1,unavailable,positive-part maximum,first in producer sample order; tie count unavailable,unavailable,unavailable,16256,16256
862cd40c359e48e5a7998e3f,counterfact,v0_stable,2,100,1000,full_validation,capoff,loss,complete,245237,245237,0,0,0,0,0,"{""0.01"":{""count"":0,""denominator"":245237},""0.1"":{""count"":0,""denominator"":245237},""1.0"":{""count"":0,""denominator"":245237}}",1,False,0,w0:p1,245237,signed maximum,first in producer window/position order; exact equality,"{""count"":245237,""denominator"":245237}","{""count"":245237,""denominator"":245237}",unavailable,unavailable
862cd40c359e48e5a7998e3f,counterfact,v0_stable,2,100,1000,full_validation,capoff,kl,complete,245237,245237,0,0,0,0,0,"{""0.01"":{""count"":0,""denominator"":245237},""0.1"":{""count"":0,""denominator"":245237},""1.0"":{""count"":0,""denominator"":245237}}",unavailable,unavailable,0,w0:p1,245237,signed maximum,first in producer window/position order; exact equality,"{""count"":245237,""denominator"":245237}","{""count"":245237,""denominator"":245237}",unavailable,unavailable
862cd40c359e48e5a7998e3f,counterfact,v0_stable,2,100,1000,full_validation,original,loss,complete,245237,245237,0,0,0,0,0,"{""0.01"":{""count"":0,""denominator"":245237},""0.1"":{""count"":0,""denominator"":245237},""1.0"":{""count"":0,""denominator"":245237}}",1,False,0,w0:p1,245237,signed maximum,first in producer window/position order; exact equality,"{""count"":245237,""denominator"":245237}","{""count"":245237,""denominator"":245237}",unavailable,unavailable
862cd40c359e48e5a7998e3f,counterfact,v0_stable,2,100,1000,full_validation,original,kl,complete,245237,245237,0,0,0,0,0,"{""0.01"":{""count"":0,""denominator"":245237},""0.1"":{""count"":0,""denominator"":245237},""1.0"":{""count"":0,""denominator"":245237}}",unavailable,unavailable,0,w0:p1,245237,signed maximum,first in producer window/position order; exact equality,"{""count"":245237,""denominator"":245237}","{""count"":245237,""denominator"":245237}",unavailable,unavailable
89b258fddde381d9a09429d9,counterfact,v0_stable,2,101,100,sampled_drift,original,loss,complete,16256,16256,0,0,0,0,0,"{""0.01"":0,""0.1"":0,""1.0"":0}",1,False,unavailable,w0:p1,unavailable,positive-part maximum,first in producer sample order; tie count unavailable,unavailable,unavailable,16256,16256
89b258fddde381d9a09429d9,counterfact,v0_stable,2,101,100,sampled_drift,capoff,loss,complete,16256,16256,0,0,0,0,0,"{""0.01"":0,""0.1"":0,""1.0"":0}",1,False,unavailable,w0:p1,unavailable,positive-part maximum,first in producer sample order; tie count unavailable,unavailable,unavailable,16256,16256
89b258fddde381d9a09429d9,counterfact,v0_stable,2,101,300,sampled_drift,original,loss,complete,16256,16256,0,0,0,0,0,"{""0.01"":0,""0.1"":0,""1.0"":0}",1,False,unavailable,w0:p1,unavailable,positive-part maximum,first in producer sample order; tie count unavailable,unavailable,unavailable,16256,16256
89b258fddde381d9a09429d9,counterfact,v0_stable,2,101,300,sampled_drift,capoff,loss,complete,16256,16256,0,0,0,0,0,"{""0.01"":0,""0.1"":0,""1.0"":0}",1,False,unavailable,w0:p1,unavailable,positive-part maximum,first in producer sample order; tie count unavailable,unavailable,unavailable,16256,16256
89b258fddde381d9a09429d9,counterfact,v0_stable,2,101,1000,sampled_drift,original,loss,complete,16256,16256,0,0,0,0,0,"{""0.01"":0,""0.1"":0,""1.0"":0}",1,False,unavailable,w0:p1,unavailable,positive-part maximum,first in producer sample order; tie count unavailable,unavailable,unavailable,16256,16256
89b258fddde381d9a09429d9,counterfact,v0_stable,2,101,1000,sampled_drift,capoff,loss,complete,16256,16256,0,0,0,0,0,"{""0.01"":0,""0.1"":0,""1.0"":0}",1,False,unavailable,w0:p1,unavailable,positive-part maximum,first in producer sample order; tie count unavailable,unavailable,unavailable,16256,16256
89b258fddde381d9a09429d9,counterfact,v0_stable,2,101,1000,full_validation,capoff,loss,complete,245237,245237,0,0,0,0,0,"{""0.01"":{""count"":0,""denominator"":245237},""0.1"":{""count"":0,""denominator"":245237},""1.0"":{""count"":0,""denominator"":245237}}",1,False,0,w0:p1,245237,signed maximum,first in producer window/position order; exact equality,"{""count"":245237,""denominator"":245237}","{""count"":245237,""denominator"":245237}",unavailable,unavailable
89b258fddde381d9a09429d9,counterfact,v0_stable,2,101,1000,full_validation,capoff,kl,complete,245237,245237,0,0,0,0,0,"{""0.01"":{""count"":0,""denominator"":245237},""0.1"":{""count"":0,""denominator"":245237},""1.0"":{""count"":0,""denominator"":245237}}",unavailable,unavailable,0,w0:p1,245237,signed maximum,first in producer window/position order; exact equality,"{""count"":245237,""denominator"":245237}","{""count"":245237,""denominator"":245237}",unavailable,unavailable
89b258fddde381d9a09429d9,counterfact,v0_stable,2,101,1000,full_validation,original,loss,complete,245237,245237,0,0,0,0,0,"{""0.01"":{""count"":0,""denominator"":245237},""0.1"":{""count"":0,""denominator"":245237},""1.0"":{""count"":0,""denominator"":245237}}",1,False,0,w0:p1,245237,signed maximum,first in producer window/position order; exact equality,"{""count"":245237,""denominator"":245237}","{""count"":245237,""denominator"":245237}",unavailable,unavailable
89b258fddde381d9a09429d9,counterfact,v0_stable,2,101,1000,full_validation,original,kl,complete,245237,245237,0,0,0,0,0,"{""0.01"":{""count"":0,""denominator"":245237},""0.1"":{""count"":0,""denominator"":245237},""1.0"":{""count"":0,""denominator"":245237}}",unavailable,unavailable,0,w0:p1,245237,signed maximum,first in producer window/position order; exact equality,"{""count"":245237,""denominator"":245237}","{""count"":245237,""denominator"":245237}",unavailable,unavailable
090d1237381f4ee02fcbd05d,counterfact,v0_stable,2,102,100,sampled_drift,original,loss,complete,16256,16256,0,0,0,0,0,"{""0.01"":0,""0.1"":0,""1.0"":0}",1,False,unavailable,w0:p1,unavailable,positive-part maximum,first in producer sample order; tie count unavailable,unavailable,unavailable,16256,16256
090d1237381f4ee02fcbd05d,counterfact,v0_stable,2,102,100,sampled_drift,capoff,loss,complete,16256,16256,0,0,0,0,0,"{""0.01"":0,""0.1"":0,""1.0"":0}",1,False,unavailable,w0:p1,unavailable,positive-part maximum,first in producer sample order; tie count unavailable,unavailable,unavailable,16256,16256
090d1237381f4ee02fcbd05d,counterfact,v0_stable,2,102,300,sampled_drift,original,loss,complete,16256,16256,0,0,0,0,0,"{""0.01"":0,""0.1"":0,""1.0"":0}",1,False,unavailable,w0:p1,unavailable,positive-part maximum,first in producer sample order; tie count unavailable,unavailable,unavailable,16256,16256
090d1237381f4ee02fcbd05d,counterfact,v0_stable,2,102,300,sampled_drift,capoff,loss,complete,16256,16256,0,0,0,0,0,"{""0.01"":0,""0.1"":0,""1.0"":0}",1,False,unavailable,w0:p1,unavailable,positive-part maximum,first in producer sample order; tie count unavailable,unavailable,unavailable,16256,16256
090d1237381f4ee02fcbd05d,counterfact,v0_stable,2,102,1000,sampled_drift,original,loss,complete,16256,16256,0,0,0,0,0,"{""0.01"":0,""0.1"":0,""1.0"":0}",1,False,unavailable,w0:p1,unavailable,positive-part maximum,first in producer sample order; tie count unavailable,unavailable,unavailable,16256,16256
090d1237381f4ee02fcbd05d,counterfact,v0_stable,2,102,1000,sampled_drift,capoff,loss,complete,16256,16256,0,0,0,0,0,"{""0.01"":0,""0.1"":0,""1.0"":0}",1,False,unavailable,w0:p1,unavailable,positive-part maximum,first in producer sample order; tie count unavailable,unavailable,unavailable,16256,16256
090d1237381f4ee02fcbd05d,counterfact,v0_stable,2,102,1000,full_validation,capoff,loss,complete,245237,245237,0,0,0,0,0,"{""0.01"":{""count"":0,""denominator"":245237},""0.1"":{""count"":0,""denominator"":245237},""1.0"":{""count"":0,""denominator"":245237}}",1,False,0,w0:p1,245237,signed maximum,first in producer window/position order; exact equality,"{""count"":245237,""denominator"":245237}","{""count"":245237,""denominator"":245237}",unavailable,unavailable
090d1237381f4ee02fcbd05d,counterfact,v0_stable,2,102,1000,full_validation,capoff,kl,complete,245237,245237,0,0,0,0,0,"{""0.01"":{""count"":0,""denominator"":245237},""0.1"":{""count"":0,""denominator"":245237},""1.0"":{""count"":0,""denominator"":245237}}",unavailable,unavailable,0,w0:p1,245237,signed maximum,first in producer window/position order; exact equality,"{""count"":245237,""denominator"":245237}","{""count"":245237,""denominator"":245237}",unavailable,unavailable
090d1237381f4ee02fcbd05d,counterfact,v0_stable,2,102,1000,full_validation,original,loss,complete,245237,245237,0,0,0,0,0,"{""0.01"":{""count"":0,""denominator"":245237},""0.1"":{""count"":0,""denominator"":245237},""1.0"":{""count"":0,""denominator"":245237}}",1,False,0,w0:p1,245237,signed maximum,first in producer window/position order; exact equality,"{""count"":245237,""denominator"":245237}","{""count"":245237,""denominator"":245237}",unavailable,unavailable
090d1237381f4ee02fcbd05d,counterfact,v0_stable,2,102,1000,full_validation,original,kl,complete,245237,245237,0,0,0,0,0,"{""0.01"":{""count"":0,""denominator"":245237},""0.1"":{""count"":0,""denominator"":245237},""1.0"":{""count"":0,""denominator"":245237}}",unavailable,unavailable,0,w0:p1,245237,signed maximum,first in producer window/position order; exact equality,"{""count"":245237,""denominator"":245237}","{""count"":245237,""denominator"":245237}",unavailable,unavailable
6e95ec72097ffded952889d6,counterfact,v0_stable,2,103,100,sampled_drift,original,loss,complete,16256,16256,0,0,0,0,0,"{""0.01"":0,""0.1"":0,""1.0"":0}",1,False,unavailable,w0:p1,unavailable,positive-part maximum,first in producer sample order; tie count unavailable,unavailable,unavailable,16256,16256
6e95ec72097ffded952889d6,counterfact,v0_stable,2,103,100,sampled_drift,capoff,loss,complete,16256,16256,0,0,0,0,0,"{""0.01"":0,""0.1"":0,""1.0"":0}",1,False,unavailable,w0:p1,unavailable,positive-part maximum,first in producer sample order; tie count unavailable,unavailable,unavailable,16256,16256
6e95ec72097ffded952889d6,counterfact,v0_stable,2,103,300,sampled_drift,original,loss,complete,16256,16256,0,0,0,0,0,"{""0.01"":0,""0.1"":0,""1.0"":0}",1,False,unavailable,w0:p1,unavailable,positive-part maximum,first in producer sample order; tie count unavailable,unavailable,unavailable,16256,16256
6e95ec72097ffded952889d6,counterfact,v0_stable,2,103,300,sampled_drift,capoff,loss,complete,16256,16256,0,0,0,0,0,"{""0.01"":0,""0.1"":0,""1.0"":0}",1,False,unavailable,w0:p1,unavailable,positive-part maximum,first in producer sample order; tie count unavailable,unavailable,unavailable,16256,16256
6e95ec72097ffded952889d6,counterfact,v0_stable,2,103,1000,sampled_drift,original,loss,complete,16256,16256,0,0,0,0,0,"{""0.01"":0,""0.1"":0,""1.0"":0}",1,False,unavailable,w0:p1,unavailable,positive-part maximum,first in producer sample order; tie count unavailable,unavailable,unavailable,16256,16256
6e95ec72097ffded952889d6,counterfact,v0_stable,2,103,1000,sampled_drift,capoff,loss,complete,16256,16256,0,0,0,0,0,"{""0.01"":0,""0.1"":0,""1.0"":0}",1,False,unavailable,w0:p1,unavailable,positive-part maximum,first in producer sample order; tie count unavailable,unavailable,unavailable,16256,16256
6e95ec72097ffded952889d6,counterfact,v0_stable,2,103,1000,full_validation,capoff,loss,complete,245237,245237,0,0,0,0,0,"{""0.01"":{""count"":0,""denominator"":245237},""0.1"":{""count"":0,""denominator"":245237},""1.0"":{""count"":0,""denominator"":245237}}",1,False,0,w0:p1,245237,signed maximum,first in producer window/position order; exact equality,"{""count"":245237,""denominator"":245237}","{""count"":245237,""denominator"":245237}",unavailable,unavailable
6e95ec72097ffded952889d6,counterfact,v0_stable,2,103,1000,full_validation,capoff,kl,complete,245237,245237,0,0,0,0,0,"{""0.01"":{""count"":0,""denominator"":245237},""0.1"":{""count"":0,""denominator"":245237},""1.0"":{""count"":0,""denominator"":245237}}",unavailable,unavailable,0,w0:p1,245237,signed maximum,first in producer window/position order; exact equality,"{""count"":245237,""denominator"":245237}","{""count"":245237,""denominator"":245237}",unavailable,unavailable
6e95ec72097ffded952889d6,counterfact,v0_stable,2,103,1000,full_validation,original,loss,complete,245237,245237,0,0,0,0,0,"{""0.01"":{""count"":0,""denominator"":245237},""0.1"":{""count"":0,""denominator"":245237},""1.0"":{""count"":0,""denominator"":245237}}",1,False,0,w0:p1,245237,signed maximum,first in producer window/position order; exact equality,"{""count"":245237,""denominator"":245237}","{""count"":245237,""denominator"":245237}",unavailable,unavailable
6e95ec72097ffded952889d6,counterfact,v0_stable,2,103,1000,full_validation,original,kl,complete,245237,245237,0,0,0,0,0,"{""0.01"":{""count"":0,""denominator"":245237},""0.1"":{""count"":0,""denominator"":245237},""1.0"":{""count"":0,""denominator"":245237}}",unavailable,unavailable,0,w0:p1,245237,signed maximum,first in producer window/position order; exact equality,"{""count"":245237,""denominator"":245237}","{""count"":245237,""denominator"":245237}",unavailable,unavailable
c8ce51b334cc3e42a623be6c,counterfact,v0_stable,2,104,100,sampled_drift,original,loss,complete,16256,16256,0,0,0,0,0,"{""0.01"":0,""0.1"":0,""1.0"":0}",1,False,unavailable,w0:p1,unavailable,positive-part maximum,first in producer sample order; tie count unavailable,unavailable,unavailable,16256,16256
c8ce51b334cc3e42a623be6c,counterfact,v0_stable,2,104,100,sampled_drift,capoff,loss,complete,16256,16256,0,0,0,0,0,"{""0.01"":0,""0.1"":0,""1.0"":0}",1,False,unavailable,w0:p1,unavailable,positive-part maximum,first in producer sample order; tie count unavailable,unavailable,unavailable,16256,16256
c8ce51b334cc3e42a623be6c,counterfact,v0_stable,2,104,300,sampled_drift,original,loss,complete,16256,16256,0,0,0,0,0,"{""0.01"":0,""0.1"":0,""1.0"":0}",1,False,unavailable,w0:p1,unavailable,positive-part maximum,first in producer sample order; tie count unavailable,unavailable,unavailable,16256,16256
c8ce51b334cc3e42a623be6c,counterfact,v0_stable,2,104,300,sampled_drift,capoff,loss,complete,16256,16256,0,0,0,0,0,"{""0.01"":0,""0.1"":0,""1.0"":0}",1,False,unavailable,w0:p1,unavailable,positive-part maximum,first in producer sample order; tie count unavailable,unavailable,unavailable,16256,16256
c8ce51b334cc3e42a623be6c,counterfact,v0_stable,2,104,1000,sampled_drift,original,loss,complete,16256,16256,0,0,0,0,0,"{""0.01"":0,""0.1"":0,""1.0"":0}",1,False,unavailable,w0:p1,unavailable,positive-part maximum,first in producer sample order; tie count unavailable,unavailable,unavailable,16256,16256
c8ce51b334cc3e42a623be6c,counterfact,v0_stable,2,104,1000,sampled_drift,capoff,loss,complete,16256,16256,0,0,0,0,0,"{""0.01"":0,""0.1"":0,""1.0"":0}",1,False,unavailable,w0:p1,unavailable,positive-part maximum,first in producer sample order; tie count unavailable,unavailable,unavailable,16256,16256
c8ce51b334cc3e42a623be6c,counterfact,v0_stable,2,104,1000,full_validation,capoff,loss,complete,245237,245237,0,0,0,0,0,"{""0.01"":{""count"":0,""denominator"":245237},""0.1"":{""count"":0,""denominator"":245237},""1.0"":{""count"":0,""denominator"":245237}}",1,False,0,w0:p1,245237,signed maximum,first in producer window/position order; exact equality,"{""count"":245237,""denominator"":245237}","{""count"":245237,""denominator"":245237}",unavailable,unavailable
c8ce51b334cc3e42a623be6c,counterfact,v0_stable,2,104,1000,full_validation,capoff,kl,complete,245237,245237,0,0,0,0,0,"{""0.01"":{""count"":0,""denominator"":245237},""0.1"":{""count"":0,""denominator"":245237},""1.0"":{""count"":0,""denominator"":245237}}",unavailable,unavailable,0,w0:p1,245237,signed maximum,first in producer window/position order; exact equality,"{""count"":245237,""denominator"":245237}","{""count"":245237,""denominator"":245237}",unavailable,unavailable
c8ce51b334cc3e42a623be6c,counterfact,v0_stable,2,104,1000,full_validation,original,loss,complete,245237,245237,0,0,0,0,0,"{""0.01"":{""count"":0,""denominator"":245237},""0.1"":{""count"":0,""denominator"":245237},""1.0"":{""count"":0,""denominator"":245237}}",1,False,0,w0:p1,245237,signed maximum,first in producer window/position order; exact equality,"{""count"":245237,""denominator"":245237}","{""count"":245237,""denominator"":245237}",unavailable,unavailable
c8ce51b334cc3e42a623be6c,counterfact,v0_stable,2,104,1000,full_validation,original,kl,complete,245237,245237,0,0,0,0,0,"{""0.01"":{""count"":0,""denominator"":245237},""0.1"":{""count"":0,""denominator"":245237},""1.0"":{""count"":0,""denominator"":245237}}",unavailable,unavailable,0,w0:p1,245237,signed maximum,first in producer window/position order; exact equality,"{""count"":245237,""denominator"":245237}","{""count"":245237,""denominator"":245237}",unavailable,unavailable
cf6bd4a623aa24871f74d136,mquake,v0_stable,2,100,100,sampled_drift,original,loss,complete,16256,16256,0,0,0,0,0,"{""0.01"":0,""0.1"":0,""1.0"":0}",1,False,unavailable,w0:p1,unavailable,positive-part maximum,first in producer sample order; tie count unavailable,unavailable,unavailable,16256,16256
cf6bd4a623aa24871f74d136,mquake,v0_stable,2,100,100,sampled_drift,capoff,loss,complete,16256,16256,0,0,0,0,0,"{""0.01"":0,""0.1"":0,""1.0"":0}",1,False,unavailable,w0:p1,unavailable,positive-part maximum,first in producer sample order; tie count unavailable,unavailable,unavailable,16256,16256
cf6bd4a623aa24871f74d136,mquake,v0_stable,2,100,300,sampled_drift,original,loss,complete,16256,16256,0,0,0,0,0,"{""0.01"":0,""0.1"":0,""1.0"":0}",1,False,unavailable,w0:p1,unavailable,positive-part maximum,first in producer sample order; tie count unavailable,unavailable,unavailable,16256,16256
cf6bd4a623aa24871f74d136,mquake,v0_stable,2,100,300,sampled_drift,capoff,loss,complete,16256,16256,0,0,0,0,0,"{""0.01"":0,""0.1"":0,""1.0"":0}",1,False,unavailable,w0:p1,unavailable,positive-part maximum,first in producer sample order; tie count unavailable,unavailable,unavailable,16256,16256
cf6bd4a623aa24871f74d136,mquake,v0_stable,2,100,300,full_validation,capoff,loss,complete,245237,245237,0,0,0,0,0,"{""0.01"":{""count"":0,""denominator"":245237},""0.1"":{""count"":0,""denominator"":245237},""1.0"":{""count"":0,""denominator"":245237}}",1,False,0,w0:p1,245237,signed maximum,first in producer window/position order; exact equality,"{""count"":245237,""denominator"":245237}","{""count"":245237,""denominator"":245237}",unavailable,unavailable
cf6bd4a623aa24871f74d136,mquake,v0_stable,2,100,300,full_validation,capoff,kl,complete,245237,245237,0,0,0,0,0,"{""0.01"":{""count"":0,""denominator"":245237},""0.1"":{""count"":0,""denominator"":245237},""1.0"":{""count"":0,""denominator"":245237}}",unavailable,unavailable,0,w0:p1,245237,signed maximum,first in producer window/position order; exact equality,"{""count"":245237,""denominator"":245237}","{""count"":245237,""denominator"":245237}",unavailable,unavailable
cf6bd4a623aa24871f74d136,mquake,v0_stable,2,100,300,full_validation,original,loss,complete,245237,245237,0,0,0,0,0,"{""0.01"":{""count"":0,""denominator"":245237},""0.1"":{""count"":0,""denominator"":245237},""1.0"":{""count"":0,""denominator"":245237}}",1,False,0,w0:p1,245237,signed maximum,first in producer window/position order; exact equality,"{""count"":245237,""denominator"":245237}","{""count"":245237,""denominator"":245237}",unavailable,unavailable
cf6bd4a623aa24871f74d136,mquake,v0_stable,2,100,300,full_validation,original,kl,complete,245237,245237,0,0,0,0,0,"{""0.01"":{""count"":0,""denominator"":245237},""0.1"":{""count"":0,""denominator"":245237},""1.0"":{""count"":0,""denominator"":245237}}",unavailable,unavailable,0,w0:p1,245237,signed maximum,first in producer window/position order; exact equality,"{""count"":245237,""denominator"":245237}","{""count"":245237,""denominator"":245237}",unavailable,unavailable
519b30353f979e8028ed03e1,mquake,v0_stable,2,101,100,sampled_drift,original,loss,complete,16256,16256,0,0,0,0,0,"{""0.01"":0,""0.1"":0,""1.0"":0}",1,False,unavailable,w0:p1,unavailable,positive-part maximum,first in producer sample order; tie count unavailable,unavailable,unavailable,16256,16256
519b30353f979e8028ed03e1,mquake,v0_stable,2,101,100,sampled_drift,capoff,loss,complete,16256,16256,0,0,0,0,0,"{""0.01"":0,""0.1"":0,""1.0"":0}",1,False,unavailable,w0:p1,unavailable,positive-part maximum,first in producer sample order; tie count unavailable,unavailable,unavailable,16256,16256
519b30353f979e8028ed03e1,mquake,v0_stable,2,101,300,sampled_drift,original,loss,complete,16256,16256,0,0,0,0,0,"{""0.01"":0,""0.1"":0,""1.0"":0}",1,False,unavailable,w0:p1,unavailable,positive-part maximum,first in producer sample order; tie count unavailable,unavailable,unavailable,16256,16256
519b30353f979e8028ed03e1,mquake,v0_stable,2,101,300,sampled_drift,capoff,loss,complete,16256,16256,0,0,0,0,0,"{""0.01"":0,""0.1"":0,""1.0"":0}",1,False,unavailable,w0:p1,unavailable,positive-part maximum,first in producer sample order; tie count unavailable,unavailable,unavailable,16256,16256
519b30353f979e8028ed03e1,mquake,v0_stable,2,101,300,full_validation,capoff,loss,complete,245237,245237,0,0,0,0,0,"{""0.01"":{""count"":0,""denominator"":245237},""0.1"":{""count"":0,""denominator"":245237},""1.0"":{""count"":0,""denominator"":245237}}",1,False,0,w0:p1,245237,signed maximum,first in producer window/position order; exact equality,"{""count"":245237,""denominator"":245237}","{""count"":245237,""denominator"":245237}",unavailable,unavailable
519b30353f979e8028ed03e1,mquake,v0_stable,2,101,300,full_validation,capoff,kl,complete,245237,245237,0,0,0,0,0,"{""0.01"":{""count"":0,""denominator"":245237},""0.1"":{""count"":0,""denominator"":245237},""1.0"":{""count"":0,""denominator"":245237}}",unavailable,unavailable,0,w0:p1,245237,signed maximum,first in producer window/position order; exact equality,"{""count"":245237,""denominator"":245237}","{""count"":245237,""denominator"":245237}",unavailable,unavailable
519b30353f979e8028ed03e1,mquake,v0_stable,2,101,300,full_validation,original,loss,complete,245237,245237,0,0,0,0,0,"{""0.01"":{""count"":0,""denominator"":245237},""0.1"":{""count"":0,""denominator"":245237},""1.0"":{""count"":0,""denominator"":245237}}",1,False,0,w0:p1,245237,signed maximum,first in producer window/position order; exact equality,"{""count"":245237,""denominator"":245237}","{""count"":245237,""denominator"":245237}",unavailable,unavailable
519b30353f979e8028ed03e1,mquake,v0_stable,2,101,300,full_validation,original,kl,complete,245237,245237,0,0,0,0,0,"{""0.01"":{""count"":0,""denominator"":245237},""0.1"":{""count"":0,""denominator"":245237},""1.0"":{""count"":0,""denominator"":245237}}",unavailable,unavailable,0,w0:p1,245237,signed maximum,first in producer window/position order; exact equality,"{""count"":245237,""denominator"":245237}","{""count"":245237,""denominator"":245237}",unavailable,unavailable
89182e81a187807d2772cade,mquake,v0_stable,2,102,100,sampled_drift,original,loss,complete,16256,16256,0,0,0,0,0,"{""0.01"":0,""0.1"":0,""1.0"":0}",1,False,unavailable,w0:p1,unavailable,positive-part maximum,first in producer sample order; tie count unavailable,unavailable,unavailable,16256,16256
89182e81a187807d2772cade,mquake,v0_stable,2,102,100,sampled_drift,capoff,loss,complete,16256,16256,0,0,0,0,0,"{""0.01"":0,""0.1"":0,""1.0"":0}",1,False,unavailable,w0:p1,unavailable,positive-part maximum,first in producer sample order; tie count unavailable,unavailable,unavailable,16256,16256
89182e81a187807d2772cade,mquake,v0_stable,2,102,300,sampled_drift,original,loss,complete,16256,16256,0,0,0,0,0,"{""0.01"":0,""0.1"":0,""1.0"":0}",1,False,unavailable,w0:p1,unavailable,positive-part maximum,first in producer sample order; tie count unavailable,unavailable,unavailable,16256,16256
89182e81a187807d2772cade,mquake,v0_stable,2,102,300,sampled_drift,capoff,loss,complete,16256,16256,0,0,0,0,0,"{""0.01"":0,""0.1"":0,""1.0"":0}",1,False,unavailable,w0:p1,unavailable,positive-part maximum,first in producer sample order; tie count unavailable,unavailable,unavailable,16256,16256
89182e81a187807d2772cade,mquake,v0_stable,2,102,300,full_validation,capoff,loss,complete,245237,245237,0,0,0,0,0,"{""0.01"":{""count"":0,""denominator"":245237},""0.1"":{""count"":0,""denominator"":245237},""1.0"":{""count"":0,""denominator"":245237}}",1,False,0,w0:p1,245237,signed maximum,first in producer window/position order; exact equality,"{""count"":245237,""denominator"":245237}","{""count"":245237,""denominator"":245237}",unavailable,unavailable
89182e81a187807d2772cade,mquake,v0_stable,2,102,300,full_validation,capoff,kl,complete,245237,245237,0,0,0,0,0,"{""0.01"":{""count"":0,""denominator"":245237},""0.1"":{""count"":0,""denominator"":245237},""1.0"":{""count"":0,""denominator"":245237}}",unavailable,unavailable,0,w0:p1,245237,signed maximum,first in producer window/position order; exact equality,"{""count"":245237,""denominator"":245237}","{""count"":245237,""denominator"":245237}",unavailable,unavailable
89182e81a187807d2772cade,mquake,v0_stable,2,102,300,full_validation,original,loss,complete,245237,245237,0,0,0,0,0,"{""0.01"":{""count"":0,""denominator"":245237},""0.1"":{""count"":0,""denominator"":245237},""1.0"":{""count"":0,""denominator"":245237}}",1,False,0,w0:p1,245237,signed maximum,first in producer window/position order; exact equality,"{""count"":245237,""denominator"":245237}","{""count"":245237,""denominator"":245237}",unavailable,unavailable
89182e81a187807d2772cade,mquake,v0_stable,2,102,300,full_validation,original,kl,complete,245237,245237,0,0,0,0,0,"{""0.01"":{""count"":0,""denominator"":245237},""0.1"":{""count"":0,""denominator"":245237},""1.0"":{""count"":0,""denominator"":245237}}",unavailable,unavailable,0,w0:p1,245237,signed maximum,first in producer window/position order; exact equality,"{""count"":245237,""denominator"":245237}","{""count"":245237,""denominator"":245237}",unavailable,unavailable
9ad3399cfc13f1297d17423d,mquake,v0_stable,2,103,100,sampled_drift,original,loss,complete,16256,16256,0,0,0,0,0,"{""0.01"":0,""0.1"":0,""1.0"":0}",1,False,unavailable,w0:p1,unavailable,positive-part maximum,first in producer sample order; tie count unavailable,unavailable,unavailable,16256,16256
9ad3399cfc13f1297d17423d,mquake,v0_stable,2,103,100,sampled_drift,capoff,loss,complete,16256,16256,0,0,0,0,0,"{""0.01"":0,""0.1"":0,""1.0"":0}",1,False,unavailable,w0:p1,unavailable,positive-part maximum,first in producer sample order; tie count unavailable,unavailable,unavailable,16256,16256
9ad3399cfc13f1297d17423d,mquake,v0_stable,2,103,300,sampled_drift,original,loss,complete,16256,16256,0,0,0,0,0,"{""0.01"":0,""0.1"":0,""1.0"":0}",1,False,unavailable,w0:p1,unavailable,positive-part maximum,first in producer sample order; tie count unavailable,unavailable,unavailable,16256,16256
9ad3399cfc13f1297d17423d,mquake,v0_stable,2,103,300,sampled_drift,capoff,loss,complete,16256,16256,0,0,0,0,0,"{""0.01"":0,""0.1"":0,""1.0"":0}",1,False,unavailable,w0:p1,unavailable,positive-part maximum,first in producer sample order; tie count unavailable,unavailable,unavailable,16256,16256
9ad3399cfc13f1297d17423d,mquake,v0_stable,2,103,300,full_validation,capoff,loss,complete,245237,245237,0,0,0,0,0,"{""0.01"":{""count"":0,""denominator"":245237},""0.1"":{""count"":0,""denominator"":245237},""1.0"":{""count"":0,""denominator"":245237}}",1,False,0,w0:p1,245237,signed maximum,first in producer window/position order; exact equality,"{""count"":245237,""denominator"":245237}","{""count"":245237,""denominator"":245237}",unavailable,unavailable
9ad3399cfc13f1297d17423d,mquake,v0_stable,2,103,300,full_validation,capoff,kl,complete,245237,245237,0,0,0,0,0,"{""0.01"":{""count"":0,""denominator"":245237},""0.1"":{""count"":0,""denominator"":245237},""1.0"":{""count"":0,""denominator"":245237}}",unavailable,unavailable,0,w0:p1,245237,signed maximum,first in producer window/position order; exact equality,"{""count"":245237,""denominator"":245237}","{""count"":245237,""denominator"":245237}",unavailable,unavailable
9ad3399cfc13f1297d17423d,mquake,v0_stable,2,103,300,full_validation,original,loss,complete,245237,245237,0,0,0,0,0,"{""0.01"":{""count"":0,""denominator"":245237},""0.1"":{""count"":0,""denominator"":245237},""1.0"":{""count"":0,""denominator"":245237}}",1,False,0,w0:p1,245237,signed maximum,first in producer window/position order; exact equality,"{""count"":245237,""denominator"":245237}","{""count"":245237,""denominator"":245237}",unavailable,unavailable
9ad3399cfc13f1297d17423d,mquake,v0_stable,2,103,300,full_validation,original,kl,complete,245237,245237,0,0,0,0,0,"{""0.01"":{""count"":0,""denominator"":245237},""0.1"":{""count"":0,""denominator"":245237},""1.0"":{""count"":0,""denominator"":245237}}",unavailable,unavailable,0,w0:p1,245237,signed maximum,first in producer window/position order; exact equality,"{""count"":245237,""denominator"":245237}","{""count"":245237,""denominator"":245237}",unavailable,unavailable
046aa51d028b84dde8981351,mquake,v0_stable,2,104,100,sampled_drift,original,loss,complete,16256,16256,0,0,0,0,0,"{""0.01"":0,""0.1"":0,""1.0"":0}",1,False,unavailable,w0:p1,unavailable,positive-part maximum,first in producer sample order; tie count unavailable,unavailable,unavailable,16256,16256
046aa51d028b84dde8981351,mquake,v0_stable,2,104,100,sampled_drift,capoff,loss,complete,16256,16256,0,0,0,0,0,"{""0.01"":0,""0.1"":0,""1.0"":0}",1,False,unavailable,w0:p1,unavailable,positive-part maximum,first in producer sample order; tie count unavailable,unavailable,unavailable,16256,16256
046aa51d028b84dde8981351,mquake,v0_stable,2,104,300,sampled_drift,original,loss,complete,16256,16256,0,0,0,0,0,"{""0.01"":0,""0.1"":0,""1.0"":0}",1,False,unavailable,w0:p1,unavailable,positive-part maximum,first in producer sample order; tie count unavailable,unavailable,unavailable,16256,16256
046aa51d028b84dde8981351,mquake,v0_stable,2,104,300,sampled_drift,capoff,loss,complete,16256,16256,0,0,0,0,0,"{""0.01"":0,""0.1"":0,""1.0"":0}",1,False,unavailable,w0:p1,unavailable,positive-part maximum,first in producer sample order; tie count unavailable,unavailable,unavailable,16256,16256
046aa51d028b84dde8981351,mquake,v0_stable,2,104,300,full_validation,capoff,loss,complete,245237,245237,0,0,0,0,0,"{""0.01"":{""count"":0,""denominator"":245237},""0.1"":{""count"":0,""denominator"":245237},""1.0"":{""count"":0,""denominator"":245237}}",1,False,0,w0:p1,245237,signed maximum,first in producer window/position order; exact equality,"{""count"":245237,""denominator"":245237}","{""count"":245237,""denominator"":245237}",unavailable,unavailable
046aa51d028b84dde8981351,mquake,v0_stable,2,104,300,full_validation,capoff,kl,complete,245237,245237,0,0,0,0,0,"{""0.01"":{""count"":0,""denominator"":245237},""0.1"":{""count"":0,""denominator"":245237},""1.0"":{""count"":0,""denominator"":245237}}",unavailable,unavailable,0,w0:p1,245237,signed maximum,first in producer window/position order; exact equality,"{""count"":245237,""denominator"":245237}","{""count"":245237,""denominator"":245237}",unavailable,unavailable
046aa51d028b84dde8981351,mquake,v0_stable,2,104,300,full_validation,original,loss,complete,245237,245237,0,0,0,0,0,"{""0.01"":{""count"":0,""denominator"":245237},""0.1"":{""count"":0,""denominator"":245237},""1.0"":{""count"":0,""denominator"":245237}}",1,False,0,w0:p1,245237,signed maximum,first in producer window/position order; exact equality,"{""count"":245237,""denominator"":245237}","{""count"":245237,""denominator"":245237}",unavailable,unavailable
046aa51d028b84dde8981351,mquake,v0_stable,2,104,300,full_validation,original,kl,complete,245237,245237,0,0,0,0,0,"{""0.01"":{""count"":0,""denominator"":245237},""0.1"":{""count"":0,""denominator"":245237},""1.0"":{""count"":0,""denominator"":245237}}",unavailable,unavailable,0,w0:p1,245237,signed maximum,first in producer window/position order; exact equality,"{""count"":245237,""denominator"":245237}","{""count"":245237,""denominator"":245237}",unavailable,unavailable
c897cd3d2a3b35bfe999e87e,zsre,matched_update,0,100,100,sampled_drift,original,loss,complete,16256,16256,8.9867777e-05,0.00010371893,0.0020743787,0.010371893,1.0732769,"{""0.01"":4,""0.1"":4,""1.0"":1}",1.0000899,False,unavailable,w13:p61,unavailable,positive-part maximum,first in producer sample order; tie count unavailable,unavailable,unavailable,16252,16256
c897cd3d2a3b35bfe999e87e,zsre,matched_update,0,100,100,sampled_drift,capoff,loss,complete,16256,16256,8.9867777e-05,0.00010371893,0.0020743787,0.010371893,1.0732769,"{""0.01"":4,""0.1"":4,""1.0"":1}",1.0000899,False,unavailable,w13:p61,unavailable,positive-part maximum,first in producer sample order; tie count unavailable,unavailable,unavailable,16252,16256
c897cd3d2a3b35bfe999e87e,zsre,matched_update,0,100,300,sampled_drift,original,loss,complete,16256,16256,0.00052343059,0.00059965145,0.011993029,0.059965145,2.7581517,"{""0.01"":14,""0.1"":11,""1.0"":3}",1.0005236,False,unavailable,w10:p10,unavailable,positive-part maximum,first in producer sample order; tie count unavailable,unavailable,unavailable,16242,16256
c897cd3d2a3b35bfe999e87e,zsre,matched_update,0,100,300,sampled_drift,capoff,loss,complete,16256,16256,0.00052343059,0.00059965145,0.011993029,0.059965145,2.7581517,"{""0.01"":14,""0.1"":11,""1.0"":3}",1.0005236,False,unavailable,w10:p10,unavailable,positive-part maximum,first in producer sample order; tie count unavailable,unavailable,unavailable,16242,16256
c897cd3d2a3b35bfe999e87e,zsre,matched_update,0,100,1000,sampled_drift,original,loss,complete,16256,16256,0.0011256564,0.0012246428,0.024492857,0.12246428,12.426463,"{""0.01"":7,""0.1"":5,""1.0"":2}",1.0011263,False,unavailable,w124:p39,unavailable,positive-part maximum,first in producer sample order; tie count unavailable,unavailable,unavailable,16249,16256
c897cd3d2a3b35bfe999e87e,zsre,matched_update,0,100,1000,sampled_drift,capoff,loss,complete,16256,16256,0.0011256564,0.0012246428,0.024492857,0.12246428,12.426463,"{""0.01"":7,""0.1"":5,""1.0"":2}",1.0011263,False,unavailable,w124:p39,unavailable,positive-part maximum,first in producer sample order; tie count unavailable,unavailable,unavailable,16249,16256
c897cd3d2a3b35bfe999e87e,zsre,matched_update,0,100,1000,full_validation,capoff,loss,complete,245237,245237,0.00087529216,0.00109409,0.0218818,0.109409,24.611225,"{""0.01"":{""count"":184,""denominator"":245237},""0.1"":{""count"":166,""denominator"":245237},""1.0"":{""count"":58,""denominator"":245237}}",1.0008757,False,24.611225,w283:p29,1,signed maximum,first in producer window/position order; exact equality,"{""count"":244918,""denominator"":245237}","{""count"":245051,""denominator"":245237}",unavailable,unavailable
c897cd3d2a3b35bfe999e87e,zsre,matched_update,0,100,1000,full_validation,capoff,kl,complete,245237,245237,0.0012198411,0.0012198411,0.024396823,0.12198411,25.013547,"{""0.01"":{""count"":313,""denominator"":245237},""0.1"":{""count"":205,""denominator"":245237},""1.0"":{""count"":52,""denominator"":245237}}",unavailable,unavailable,25.013547,w283:p29,1,signed maximum,first in producer window/position order; exact equality,"{""count"":244918,""denominator"":245237}","{""count"":244918,""denominator"":245237}",unavailable,unavailable
c897cd3d2a3b35bfe999e87e,zsre,matched_update,0,100,1000,full_validation,original,loss,complete,245237,245237,0.00087529216,0.00109409,0.0218818,0.109409,24.611225,"{""0.01"":{""count"":184,""denominator"":245237},""0.1"":{""count"":166,""denominator"":245237},""1.0"":{""count"":58,""denominator"":245237}}",1.0008757,False,24.611225,w283:p29,1,signed maximum,first in producer window/position order; exact equality,"{""count"":244918,""denominator"":245237}","{""count"":245051,""denominator"":245237}",unavailable,unavailable
c897cd3d2a3b35bfe999e87e,zsre,matched_update,0,100,1000,full_validation,original,kl,complete,245237,245237,0.0012198411,0.0012198411,0.024396823,0.12198411,25.013547,"{""0.01"":{""count"":313,""denominator"":245237},""0.1"":{""count"":205,""denominator"":245237},""1.0"":{""count"":52,""denominator"":245237}}",unavailable,unavailable,25.013547,w283:p29,1,signed maximum,first in producer window/position order; exact equality,"{""count"":244918,""denominator"":245237}","{""count"":244918,""denominator"":245237}",unavailable,unavailable
1689630f5ad581d9fcfc483e,zsre,matched_update,0,101,100,sampled_drift,original,loss,complete,16256,16256,7.5810102e-05,0.00016547417,0.0033094835,0.016547417,1.0732769,"{""0.01"":6,""0.1"":6,""1.0"":1}",1.0000758,False,unavailable,w13:p61,unavailable,positive-part maximum,first in producer sample order; tie count unavailable,unavailable,unavailable,16250,16256
1689630f5ad581d9fcfc483e,zsre,matched_update,0,101,100,sampled_drift,capoff,loss,complete,16256,16256,7.5810102e-05,0.00016547417,0.0033094835,0.016547417,1.0732769,"{""0.01"":6,""0.1"":6,""1.0"":1}",1.0000758,False,unavailable,w13:p61,unavailable,positive-part maximum,first in producer sample order; tie count unavailable,unavailable,unavailable,16250,16256
1689630f5ad581d9fcfc483e,zsre,matched_update,0,101,300,sampled_drift,original,loss,complete,16256,16256,0.00019244985,0.00027167516,0.0054335033,0.027167516,2.7581517,"{""0.01"":5,""0.1"":4,""1.0"":2}",1.0001925,False,unavailable,w10:p10,unavailable,positive-part maximum,first in producer sample order; tie count unavailable,unavailable,unavailable,16251,16256
1689630f5ad581d9fcfc483e,zsre,matched_update,0,101,300,sampled_drift,capoff,loss,complete,16256,16256,0.00019244985,0.00027167516,0.0054335033,0.027167516,2.7581517,"{""0.01"":5,""0.1"":4,""1.0"":2}",1.0001925,False,unavailable,w10:p10,unavailable,positive-part maximum,first in producer sample order; tie count unavailable,unavailable,unavailable,16251,16256
1689630f5ad581d9fcfc483e,zsre,matched_update,0,101,1000,sampled_drift,original,loss,complete,16256,16256,0.0016464448,0.0017755651,0.035511302,0.17755651,12.426463,"{""0.01"":26,""0.1"":23,""1.0"":3}",1.0016478,False,unavailable,w124:p39,unavailable,positive-part maximum,first in producer sample order; tie count unavailable,unavailable,unavailable,16229,16256
1689630f5ad581d9fcfc483e,zsre,matched_update,0,101,1000,sampled_drift,capoff,loss,complete,16256,16256,0.0016464448,0.0017755651,0.035511302,0.17755651,12.426463,"{""0.01"":26,""0.1"":23,""1.0"":3}",1.0016478,False,unavailable,w124:p39,unavailable,positive-part maximum,first in producer sample order; tie count unavailable,unavailable,unavailable,16229,16256
1689630f5ad581d9fcfc483e,zsre,matched_update,0,101,1000,full_validation,capoff,loss,complete,245237,245237,0.001510141,0.0018637184,0.037274367,0.18637184,24.611225,"{""0.01"":{""count"":406,""denominator"":245237},""0.1"":{""count"":327,""denominator"":245237},""1.0"":{""count"":77,""denominator"":245237}}",1.0015113,False,24.611225,w283:p29,1,signed maximum,first in producer window/position order; exact equality,"{""count"":244547,""denominator"":245237}","{""count"":244827,""denominator"":245237}",unavailable,unavailable
1689630f5ad581d9fcfc483e,zsre,matched_update,0,101,1000,full_validation,capoff,kl,complete,245237,245237,0.0017672362,0.0017672362,0.035344725,0.17672362,25.013547,"{""0.01"":{""count"":688,""denominator"":245237},""0.1"":{""count"":256,""denominator"":245237},""1.0"":{""count"":81,""denominator"":245237}}",unavailable,unavailable,25.013547,w283:p29,1,signed maximum,first in producer window/position order; exact equality,"{""count"":244547,""denominator"":245237}","{""count"":244547,""denominator"":245237}",unavailable,unavailable
1689630f5ad581d9fcfc483e,zsre,matched_update,0,101,1000,full_validation,original,loss,complete,245237,245237,0.001510141,0.0018637184,0.037274367,0.18637184,24.611225,"{""0.01"":{""count"":406,""denominator"":245237},""0.1"":{""count"":327,""denominator"":245237},""1.0"":{""count"":77,""denominator"":245237}}",1.0015113,False,24.611225,w283:p29,1,signed maximum,first in producer window/position order; exact equality,"{""count"":244547,""denominator"":245237}","{""count"":244827,""denominator"":245237}",unavailable,unavailable
1689630f5ad581d9fcfc483e,zsre,matched_update,0,101,1000,full_validation,original,kl,complete,245237,245237,0.0017672362,0.0017672362,0.035344725,0.17672362,25.013547,"{""0.01"":{""count"":688,""denominator"":245237},""0.1"":{""count"":256,""denominator"":245237},""1.0"":{""count"":81,""denominator"":245237}}",unavailable,unavailable,25.013547,w283:p29,1,signed maximum,first in producer window/position order; exact equality,"{""count"":244547,""denominator"":245237}","{""count"":244547,""denominator"":245237}",unavailable,unavailable
c1c03ed850a40df57da8628a,zsre,matched_update,0,102,100,sampled_drift,original,loss,complete,16256,16256,0.00046033461,0.00055438395,0.011087679,0.055438395,5.6468919,"{""0.01"":5,""0.1"":5,""1.0"":2}",1.0004604,False,unavailable,w10:p10,unavailable,positive-part maximum,first in producer sample order; tie count unavailable,unavailable,unavailable,16251,16256
c1c03ed850a40df57da8628a,zsre,matched_update,0,102,100,sampled_drift,capoff,loss,complete,16256,16256,0.00046033461,0.00055438395,0.011087679,0.055438395,5.6468919,"{""0.01"":5,""0.1"":5,""1.0"":2}",1.0004604,False,unavailable,w10:p10,unavailable,positive-part maximum,first in producer sample order; tie count unavailable,unavailable,unavailable,16251,16256
c1c03ed850a40df57da8628a,zsre,matched_update,0,102,300,sampled_drift,original,loss,complete,16256,16256,0.00016221201,0.0002235707,0.0044714139,0.02235707,2.2318523,"{""0.01"":7,""0.1"":5,""1.0"":1}",1.0001622,False,unavailable,w23:p7,unavailable,positive-part maximum,first in producer sample order; tie count unavailable,unavailable,unavailable,16249,16256
c1c03ed850a40df57da8628a,zsre,matched_update,0,102,300,sampled_drift,capoff,loss,complete,16256,16256,0.00016221201,0.0002235707,0.0044714139,0.02235707,2.2318523,"{""0.01"":7,""0.1"":5,""1.0"":1}",1.0001622,False,unavailable,w23:p7,unavailable,positive-part maximum,first in producer sample order; tie count unavailable,unavailable,unavailable,16249,16256
c1c03ed850a40df57da8628a,zsre,matched_update,0,102,1000,sampled_drift,original,loss,complete,16256,16256,0.0012262935,0.0013311373,0.026622747,0.13311373,12.426463,"{""0.01"":16,""0.1"":14,""1.0"":3}",1.001227,False,unavailable,w124:p39,unavailable,positive-part maximum,first in producer sample order; tie count unavailable,unavailable,unavailable,16240,16256
c1c03ed850a40df57da8628a,zsre,matched_update,0,102,1000,sampled_drift,capoff,loss,complete,16256,16256,0.0012262935,0.0013311373,0.026622747,0.13311373,12.426463,"{""0.01"":16,""0.1"":14,""1.0"":3}",1.001227,False,unavailable,w124:p39,unavailable,positive-part maximum,first in producer sample order; tie count unavailable,unavailable,unavailable,16240,16256
c1c03ed850a40df57da8628a,zsre,matched_update,0,102,1000,full_validation,capoff,loss,complete,245237,245237,0.00071356464,0.0009148265,0.01829653,0.09148265,24.611225,"{""0.01"":{""count"":219,""denominator"":245237},""0.1"":{""count"":192,""denominator"":245237},""1.0"":{""count"":57,""denominator"":245237}}",1.0007138,False,24.611225,w283:p29,1,signed maximum,first in producer window/position order; exact equality,"{""count"":244895,""denominator"":245237}","{""count"":245017,""denominator"":245237}",unavailable,unavailable
c1c03ed850a40df57da8628a,zsre,matched_update,0,102,1000,full_validation,capoff,kl,complete,245237,245237,0.00086696619,0.00086696619,0.017339324,0.086696619,25.013547,"{""0.01"":{""count"":337,""denominator"":245237},""0.1"":{""count"":240,""denominator"":245237},""1.0"":{""count"":46,""denominator"":245237}}",unavailable,unavailable,25.013547,w283:p29,1,signed maximum,first in producer window/position order; exact equality,"{""count"":244895,""denominator"":245237}","{""count"":244895,""denominator"":245237}",unavailable,unavailable
c1c03ed850a40df57da8628a,zsre,matched_update,0,102,1000,full_validation,original,loss,complete,245237,245237,0.00071356464,0.0009148265,0.01829653,0.09148265,24.611225,"{""0.01"":{""count"":219,""denominator"":245237},""0.1"":{""count"":192,""denominator"":245237},""1.0"":{""count"":57,""denominator"":245237}}",1.0007138,False,24.611225,w283:p29,1,signed maximum,first in producer window/position order; exact equality,"{""count"":244895,""denominator"":245237}","{""count"":245017,""denominator"":245237}",unavailable,unavailable
c1c03ed850a40df57da8628a,zsre,matched_update,0,102,1000,full_validation,original,kl,complete,245237,245237,0.00086696619,0.00086696619,0.017339324,0.086696619,25.013547,"{""0.01"":{""count"":337,""denominator"":245237},""0.1"":{""count"":240,""denominator"":245237},""1.0"":{""count"":46,""denominator"":245237}}",unavailable,unavailable,25.013547,w283:p29,1,signed maximum,first in producer window/position order; exact equality,"{""count"":244895,""denominator"":245237}","{""count"":244895,""denominator"":245237}",unavailable,unavailable
d1690029ea53ae03b3705536,zsre,matched_update,0,103,100,sampled_drift,original,loss,complete,16256,16256,0.00062673998,0.00066241699,0.01324834,0.066241699,5.6468919,"{""0.01"":10,""0.1"":10,""1.0"":3}",1.0006269,False,unavailable,w10:p10,unavailable,positive-part maximum,first in producer sample order; tie count unavailable,unavailable,unavailable,16246,16256
d1690029ea53ae03b3705536,zsre,matched_update,0,103,100,sampled_drift,capoff,loss,complete,16256,16256,0.00062673998,0.00066241699,0.01324834,0.066241699,5.6468919,"{""0.01"":10,""0.1"":10,""1.0"":3}",1.0006269,False,unavailable,w10:p10,unavailable,positive-part maximum,first in producer sample order; tie count unavailable,unavailable,unavailable,16246,16256
d1690029ea53ae03b3705536,zsre,matched_update,0,103,300,sampled_drift,original,loss,complete,16256,16256,0.00026067207,0.00042239601,0.0084479201,0.042239601,1.0835207,"{""0.01"":23,""0.1"":20,""1.0"":1}",1.0002607,False,unavailable,w48:p19,unavailable,positive-part maximum,first in producer sample order; tie count unavailable,unavailable,unavailable,16231,16256
d1690029ea53ae03b3705536,zsre,matched_update,0,103,300,sampled_drift,capoff,loss,complete,16256,16256,0.00026067207,0.00042239601,0.0084479201,0.042239601,1.0835207,"{""0.01"":23,""0.1"":20,""1.0"":1}",1.0002607,False,unavailable,w48:p19,unavailable,positive-part maximum,first in producer sample order; tie count unavailable,unavailable,unavailable,16231,16256
d1690029ea53ae03b3705536,zsre,matched_update,0,103,1000,sampled_drift,original,loss,complete,16256,16256,0.0013081872,0.0013909533,0.027819066,0.13909533,12.426463,"{""0.01"":17,""0.1"":15,""1.0"":4}",1.001309,False,unavailable,w124:p39,unavailable,positive-part maximum,first in producer sample order; tie count unavailable,unavailable,unavailable,16239,16256
d1690029ea53ae03b3705536,zsre,matched_update,0,103,1000,sampled_drift,capoff,loss,complete,16256,16256,0.0013081872,0.0013909533,0.027819066,0.13909533,12.426463,"{""0.01"":17,""0.1"":15,""1.0"":4}",1.001309,False,unavailable,w124:p39,unavailable,positive-part maximum,first in producer sample order; tie count unavailable,unavailable,unavailable,16239,16256
d1690029ea53ae03b3705536,zsre,matched_update,0,103,1000,full_validation,capoff,loss,complete,245237,245237,0.0010419311,0.0012813001,0.025626002,0.12813001,24.611225,"{""0.01"":{""count"":249,""denominator"":245237},""0.1"":{""count"":215,""denominator"":245237},""1.0"":{""count"":57,""denominator"":245237}}",1.0010425,False,24.611225,w283:p29,1,signed maximum,first in producer window/position order; exact equality,"{""count"":244818,""denominator"":245237}","{""count"":244985,""denominator"":245237}",unavailable,unavailable
d1690029ea53ae03b3705536,zsre,matched_update,0,103,1000,full_validation,capoff,kl,complete,245237,245237,0.001312683,0.001312683,0.02625366,0.1312683,25.013547,"{""0.01"":{""count"":411,""denominator"":245237},""0.1"":{""count"":250,""denominator"":245237},""1.0"":{""count"":55,""denominator"":245237}}",unavailable,unavailable,25.013547,w283:p29,1,signed maximum,first in producer window/position order; exact equality,"{""count"":244818,""denominator"":245237}","{""count"":244818,""denominator"":245237}",unavailable,unavailable
d1690029ea53ae03b3705536,zsre,matched_update,0,103,1000,full_validation,original,loss,complete,245237,245237,0.0010419311,0.0012813001,0.025626002,0.12813001,24.611225,"{""0.01"":{""count"":249,""denominator"":245237},""0.1"":{""count"":215,""denominator"":245237},""1.0"":{""count"":57,""denominator"":245237}}",1.0010425,False,24.611225,w283:p29,1,signed maximum,first in producer window/position order; exact equality,"{""count"":244818,""denominator"":245237}","{""count"":244985,""denominator"":245237}",unavailable,unavailable
d1690029ea53ae03b3705536,zsre,matched_update,0,103,1000,full_validation,original,kl,complete,245237,245237,0.001312683,0.001312683,0.02625366,0.1312683,25.013547,"{""0.01"":{""count"":411,""denominator"":245237},""0.1"":{""count"":250,""denominator"":245237},""1.0"":{""count"":55,""denominator"":245237}}",unavailable,unavailable,25.013547,w283:p29,1,signed maximum,first in producer window/position order; exact equality,"{""count"":244818,""denominator"":245237}","{""count"":244818,""denominator"":245237}",unavailable,unavailable
a921f9ab5443f978e56d2390,zsre,matched_update,0,104,100,sampled_drift,original,loss,complete,16256,16256,0.00015975495,0.00019915974,0.0039831948,0.019915974,2.1968016,"{""0.01"":4,""0.1"":4,""1.0"":1}",1.0001598,False,unavailable,w23:p7,unavailable,positive-part maximum,first in producer sample order; tie count unavailable,unavailable,unavailable,16252,16256
a921f9ab5443f978e56d2390,zsre,matched_update,0,104,100,sampled_drift,capoff,loss,complete,16256,16256,0.00015975495,0.00019915974,0.0039831948,0.019915974,2.1968016,"{""0.01"":4,""0.1"":4,""1.0"":1}",1.0001598,False,unavailable,w23:p7,unavailable,positive-part maximum,first in producer sample order; tie count unavailable,unavailable,unavailable,16252,16256
a921f9ab5443f978e56d2390,zsre,matched_update,0,104,300,sampled_drift,original,loss,complete,16256,16256,0.00056982453,0.00064606007,0.012921201,0.064606007,2.7581517,"{""0.01"":13,""0.1"":12,""1.0"":4}",1.00057,False,unavailable,w10:p10,unavailable,positive-part maximum,first in producer sample order; tie count unavailable,unavailable,unavailable,16243,16256
a921f9ab5443f978e56d2390,zsre,matched_update,0,104,300,sampled_drift,capoff,loss,complete,16256,16256,0.00056982453,0.00064606007,0.012921201,0.064606007,2.7581517,"{""0.01"":13,""0.1"":12,""1.0"":4}",1.00057,False,unavailable,w10:p10,unavailable,positive-part maximum,first in producer sample order; tie count unavailable,unavailable,unavailable,16243,16256
a921f9ab5443f978e56d2390,zsre,matched_update,0,104,1000,sampled_drift,original,loss,complete,16256,16256,0.0012371673,0.0013123625,0.02624725,0.13123625,12.426463,"{""0.01"":11,""0.1"":9,""1.0"":2}",1.0012379,False,unavailable,w124:p39,unavailable,positive-part maximum,first in producer sample order; tie count unavailable,unavailable,unavailable,16245,16256
a921f9ab5443f978e56d2390,zsre,matched_update,0,104,1000,sampled_drift,capoff,loss,complete,16256,16256,0.0012371673,0.0013123625,0.02624725,0.13123625,12.426463,"{""0.01"":11,""0.1"":9,""1.0"":2}",1.0012379,False,unavailable,w124:p39,unavailable,positive-part maximum,first in producer sample order; tie count unavailable,unavailable,unavailable,16245,16256
a921f9ab5443f978e56d2390,zsre,matched_update,0,104,1000,full_validation,capoff,loss,complete,245237,245237,0.0011412649,0.0013547354,0.027094707,0.13547354,24.611225,"{""0.01"":{""count"":200,""denominator"":245237},""0.1"":{""count"":179,""denominator"":245237},""1.0"":{""count"":59,""denominator"":245237}}",1.0011419,False,24.611225,w283:p29,1,signed maximum,first in producer window/position order; exact equality,"{""count"":244903,""denominator"":245237}","{""count"":245036,""denominator"":245237}",unavailable,unavailable
a921f9ab5443f978e56d2390,zsre,matched_update,0,104,1000,full_validation,capoff,kl,complete,245237,245237,0.0015134082,0.0015134082,0.030268165,0.15134082,25.013547,"{""0.01"":{""count"":330,""denominator"":245237},""0.1"":{""count"":239,""denominator"":245237},""1.0"":{""count"":61,""denominator"":245237}}",unavailable,unavailable,25.013547,w283:p29,1,signed maximum,first in producer window/position order; exact equality,"{""count"":244903,""denominator"":245237}","{""count"":244903,""denominator"":245237}",unavailable,unavailable
a921f9ab5443f978e56d2390,zsre,matched_update,0,104,1000,full_validation,original,loss,complete,245237,245237,0.0011412649,0.0013547354,0.027094707,0.13547354,24.611225,"{""0.01"":{""count"":200,""denominator"":245237},""0.1"":{""count"":179,""denominator"":245237},""1.0"":{""count"":59,""denominator"":245237}}",1.0011419,False,24.611225,w283:p29,1,signed maximum,first in producer window/position order; exact equality,"{""count"":244903,""denominator"":245237}","{""count"":245036,""denominator"":245237}",unavailable,unavailable
a921f9ab5443f978e56d2390,zsre,matched_update,0,104,1000,full_validation,original,kl,complete,245237,245237,0.0015134082,0.0015134082,0.030268165,0.15134082,25.013547,"{""0.01"":{""count"":330,""denominator"":245237},""0.1"":{""count"":239,""denominator"":245237},""1.0"":{""count"":61,""denominator"":245237}}",unavailable,unavailable,25.013547,w283:p29,1,signed maximum,first in producer window/position order; exact equality,"{""count"":244903,""denominator"":245237}","{""count"":244903,""denominator"":245237}",unavailable,unavailable
a86da75220343c5560c45373,zsre,matched_update,1,100,100,sampled_drift,original,loss,complete,16256,16256,0.0003429015,0.00035604029,0.0071208059,0.035604029,2.1371869,"{""0.01"":8,""0.1"":8,""1.0"":1}",1.000343,False,unavailable,w23:p7,unavailable,positive-part maximum,first in producer sample order; tie count unavailable,unavailable,unavailable,16248,16256
a86da75220343c5560c45373,zsre,matched_update,1,100,100,sampled_drift,capoff,loss,complete,16256,16256,0.0003429015,0.00035604029,0.0071208059,0.035604029,2.1371869,"{""0.01"":8,""0.1"":8,""1.0"":1}",1.000343,False,unavailable,w23:p7,unavailable,positive-part maximum,first in producer sample order; tie count unavailable,unavailable,unavailable,16248,16256
a86da75220343c5560c45373,zsre,matched_update,1,100,300,sampled_drift,original,loss,complete,16256,16256,0.00035879536,0.00040547203,0.0081094406,0.040547203,2.1371869,"{""0.01"":12,""0.1"":10,""1.0"":1}",1.0003589,False,unavailable,w23:p7,unavailable,positive-part maximum,first in producer sample order; tie count unavailable,unavailable,unavailable,16244,16256
a86da75220343c5560c45373,zsre,matched_update,1,100,300,sampled_drift,capoff,loss,complete,16256,16256,0.00035879536,0.00040547203,0.0081094406,0.040547203,2.1371869,"{""0.01"":12,""0.1"":10,""1.0"":1}",1.0003589,False,unavailable,w23:p7,unavailable,positive-part maximum,first in producer sample order; tie count unavailable,unavailable,unavailable,16244,16256
a86da75220343c5560c45373,zsre,matched_update,1,100,1000,sampled_drift,original,loss,complete,16256,16256,0.0020511241,0.0020949923,0.041899847,0.20949923,17.913661,"{""0.01"":22,""0.1"":20,""1.0"":7}",1.0020532,False,unavailable,w34:p5,unavailable,positive-part maximum,first in producer sample order; tie count unavailable,unavailable,unavailable,16233,16256
a86da75220343c5560c45373,zsre,matched_update,1,100,1000,sampled_drift,capoff,loss,complete,16256,16256,0.0020511241,0.0020949923,0.041899847,0.20949923,17.913661,"{""0.01"":22,""0.1"":20,""1.0"":7}",1.0020532,False,unavailable,w34:p5,unavailable,positive-part maximum,first in producer sample order; tie count unavailable,unavailable,unavailable,16233,16256
a86da75220343c5560c45373,zsre,matched_update,1,100,1000,full_validation,capoff,loss,complete,245237,245237,0.0014577346,0.0017012225,0.03402445,0.17012225,18.442861,"{""0.01"":{""count"":213,""denominator"":245237},""0.1"":{""count"":193,""denominator"":245237},""1.0"":{""count"":80,""denominator"":245237}}",1.0014588,False,18.442861,w533:p6,1,signed maximum,first in producer window/position order; exact equality,"{""count"":244896,""denominator"":245237}","{""count"":245019,""denominator"":245237}",unavailable,unavailable
a86da75220343c5560c45373,zsre,matched_update,1,100,1000,full_validation,capoff,kl,complete,245237,245237,0.0014732958,0.0014732958,0.029465917,0.14732958,18.302339,"{""0.01"":{""count"":335,""denominator"":245237},""0.1"":{""count"":237,""denominator"":245237},""1.0"":{""count"":72,""denominator"":245237}}",unavailable,unavailable,18.302339,w533:p6,1,signed maximum,first in producer window/position order; exact equality,"{""count"":244896,""denominator"":245237}","{""count"":244896,""denominator"":245237}",unavailable,unavailable
a86da75220343c5560c45373,zsre,matched_update,1,100,1000,full_validation,original,loss,complete,245237,245237,0.0014577346,0.0017012225,0.03402445,0.17012225,18.442861,"{""0.01"":{""count"":213,""denominator"":245237},""0.1"":{""count"":193,""denominator"":245237},""1.0"":{""count"":80,""denominator"":245237}}",1.0014588,False,18.442861,w533:p6,1,signed maximum,first in producer window/position order; exact equality,"{""count"":244896,""denominator"":245237}","{""count"":245019,""denominator"":245237}",unavailable,unavailable
a86da75220343c5560c45373,zsre,matched_update,1,100,1000,full_validation,original,kl,complete,245237,245237,0.0014732958,0.0014732958,0.029465917,0.14732958,18.302339,"{""0.01"":{""count"":335,""denominator"":245237},""0.1"":{""count"":237,""denominator"":245237},""1.0"":{""count"":72,""denominator"":245237}}",unavailable,unavailable,18.302339,w533:p6,1,signed maximum,first in producer window/position order; exact equality,"{""count"":244896,""denominator"":245237}","{""count"":244896,""denominator"":245237}",unavailable,unavailable
e7b52c6db370d10a5fd7d891,zsre,matched_update,1,101,100,sampled_drift,original,loss,complete,16256,16256,0.00015405257,0.00020545989,0.0041091978,0.020545989,1.1443942,"{""0.01"":8,""0.1"":5,""1.0"":2}",1.0001541,False,unavailable,w11:p2,unavailable,positive-part maximum,first in producer sample order; tie count unavailable,unavailable,unavailable,16248,16256
e7b52c6db370d10a5fd7d891,zsre,matched_update,1,101,100,sampled_drift,capoff,loss,complete,16256,16256,0.00015405257,0.00020545989,0.0041091978,0.020545989,1.1443942,"{""0.01"":8,""0.1"":5,""1.0"":2}",1.0001541,False,unavailable,w11:p2,unavailable,positive-part maximum,first in producer sample order; tie count unavailable,unavailable,unavailable,16248,16256
e7b52c6db370d10a5fd7d891,zsre,matched_update,1,101,300,sampled_drift,original,loss,complete,16256,16256,0.00025395729,0.00030570091,0.0061140183,0.030570091,1.8525654,"{""0.01"":9,""0.1"":5,""1.0"":3}",1.000254,False,unavailable,w33:p25,unavailable,positive-part maximum,first in producer sample order; tie count unavailable,unavailable,unavailable,16247,16256
e7b52c6db370d10a5fd7d891,zsre,matched_update,1,101,300,sampled_drift,capoff,loss,complete,16256,16256,0.00025395729,0.00030570091,0.0061140183,0.030570091,1.8525654,"{""0.01"":9,""0.1"":5,""1.0"":3}",1.000254,False,unavailable,w33:p25,unavailable,positive-part maximum,first in producer sample order; tie count unavailable,unavailable,unavailable,16247,16256
e7b52c6db370d10a5fd7d891,zsre,matched_update,1,101,1000,sampled_drift,original,loss,complete,16256,16256,0.0017516257,0.0018495099,0.036990198,0.18495099,17.913661,"{""0.01"":25,""0.1"":23,""1.0"":4}",1.0017532,False,unavailable,w34:p5,unavailable,positive-part maximum,first in producer sample order; tie count unavailable,unavailable,unavailable,16230,16256
e7b52c6db370d10a5fd7d891,zsre,matched_update,1,101,1000,sampled_drift,capoff,loss,complete,16256,16256,0.0017516257,0.0018495099,0.036990198,0.18495099,17.913661,"{""0.01"":25,""0.1"":23,""1.0"":4}",1.0017532,False,unavailable,w34:p5,unavailable,positive-part maximum,first in producer sample order; tie count unavailable,unavailable,unavailable,16230,16256
e7b52c6db370d10a5fd7d891,zsre,matched_update,1,101,1000,full_validation,capoff,loss,complete,245237,245237,0.0029709236,0.0033221734,0.066443468,0.33221734,33.766964,"{""0.01"":{""count"":455,""denominator"":245237},""0.1"":{""count"":382,""denominator"":245237},""1.0"":{""count"":95,""denominator"":245237}}",1.0029753,False,33.766964,w1576:p5,1,signed maximum,first in producer window/position order; exact equality,"{""count"":244488,""denominator"":245237}","{""count"":244772,""denominator"":245237}",unavailable,unavailable
e7b52c6db370d10a5fd7d891,zsre,matched_update,1,101,1000,full_validation,capoff,kl,complete,245237,245237,0.0029468011,0.0029468011,0.058936023,0.29468011,30.958689,"{""0.01"":{""count"":745,""denominator"":245237},""0.1"":{""count"":285,""denominator"":245237},""1.0"":{""count"":84,""denominator"":245237}}",unavailable,unavailable,30.958689,w1576:p5,1,signed maximum,first in producer window/position order; exact equality,"{""count"":244488,""denominator"":245237}","{""count"":244488,""denominator"":245237}",unavailable,unavailable
e7b52c6db370d10a5fd7d891,zsre,matched_update,1,101,1000,full_validation,original,loss,complete,245237,245237,0.0029709236,0.0033221734,0.066443468,0.33221734,33.766964,"{""0.01"":{""count"":455,""denominator"":245237},""0.1"":{""count"":382,""denominator"":245237},""1.0"":{""count"":95,""denominator"":245237}}",1.0029753,False,33.766964,w1576:p5,1,signed maximum,first in producer window/position order; exact equality,"{""count"":244488,""denominator"":245237}","{""count"":244772,""denominator"":245237}",unavailable,unavailable
e7b52c6db370d10a5fd7d891,zsre,matched_update,1,101,1000,full_validation,original,kl,complete,245237,245237,0.0029468011,0.0029468011,0.058936023,0.29468011,30.958689,"{""0.01"":{""count"":745,""denominator"":245237},""0.1"":{""count"":285,""denominator"":245237},""1.0"":{""count"":84,""denominator"":245237}}",unavailable,unavailable,30.958689,w1576:p5,1,signed maximum,first in producer window/position order; exact equality,"{""count"":244488,""denominator"":245237}","{""count"":244488,""denominator"":245237}",unavailable,unavailable
735081421354eaafb893322d,zsre,matched_update,1,102,100,sampled_drift,original,loss,complete,16256,16256,0.00038122237,0.00038122237,0.0076244474,0.038122237,1.5014991,"{""0.01"":10,""0.1"":10,""1.0"":2}",1.0003813,False,unavailable,w48:p19,unavailable,positive-part maximum,first in producer sample order; tie count unavailable,unavailable,unavailable,16246,16256
735081421354eaafb893322d,zsre,matched_update,1,102,100,sampled_drift,capoff,loss,complete,16256,16256,0.00038122237,0.00038122237,0.0076244474,0.038122237,1.5014991,"{""0.01"":10,""0.1"":10,""1.0"":2}",1.0003813,False,unavailable,w48:p19,unavailable,positive-part maximum,first in producer sample order; tie count unavailable,unavailable,unavailable,16246,16256
735081421354eaafb893322d,zsre,matched_update,1,102,300,sampled_drift,original,loss,complete,16256,16256,0.0012173133,0.0012665653,0.025331306,0.12665653,17.913661,"{""0.01"":5,""0.1"":5,""1.0"":1}",1.0012181,False,unavailable,w34:p5,unavailable,positive-part maximum,first in producer sample order; tie count unavailable,unavailable,unavailable,16251,16256
735081421354eaafb893322d,zsre,matched_update,1,102,300,sampled_drift,capoff,loss,complete,16256,16256,0.0012173133,0.0012665653,0.025331306,0.12665653,17.913661,"{""0.01"":5,""0.1"":5,""1.0"":1}",1.0012181,False,unavailable,w34:p5,unavailable,positive-part maximum,first in producer sample order; tie count unavailable,unavailable,unavailable,16251,16256
735081421354eaafb893322d,zsre,matched_update,1,102,1000,sampled_drift,original,loss,complete,16256,16256,0.00078390485,0.00089211254,0.017842251,0.089211254,4.8101214,"{""0.01"":20,""0.1"":16,""1.0"":5}",1.0007842,False,unavailable,w104:p58,unavailable,positive-part maximum,first in producer sample order; tie count unavailable,unavailable,unavailable,16236,16256
735081421354eaafb893322d,zsre,matched_update,1,102,1000,sampled_drift,capoff,loss,complete,16256,16256,0.00078390485,0.00089211254,0.017842251,0.089211254,4.8101214,"{""0.01"":20,""0.1"":16,""1.0"":5}",1.0007842,False,unavailable,w104:p58,unavailable,positive-part maximum,first in producer sample order; tie count unavailable,unavailable,unavailable,16236,16256
735081421354eaafb893322d,zsre,matched_update,1,102,1000,full_validation,capoff,loss,complete,245237,245237,0.0018840783,0.0021764352,0.043528704,0.21764352,18.442861,"{""0.01"":{""count"":275,""denominator"":245237},""0.1"":{""count"":237,""denominator"":245237},""1.0"":{""count"":100,""denominator"":245237}}",1.0018859,False,18.442861,w533:p6,1,signed maximum,first in producer window/position order; exact equality,"{""count"":244775,""denominator"":245237}","{""count"":244954,""denominator"":245237}",unavailable,unavailable
735081421354eaafb893322d,zsre,matched_update,1,102,1000,full_validation,capoff,kl,complete,245237,245237,0.0019498588,0.0019498588,0.038997175,0.19498588,18.302339,"{""0.01"":{""count"":455,""denominator"":245237},""0.1"":{""count"":292,""denominator"":245237},""1.0"":{""count"":80,""denominator"":245237}}",unavailable,unavailable,18.302339,w533:p6,1,signed maximum,first in producer window/position order; exact equality,"{""count"":244775,""denominator"":245237}","{""count"":244775,""denominator"":245237}",unavailable,unavailable
735081421354eaafb893322d,zsre,matched_update,1,102,1000,full_validation,original,loss,complete,245237,245237,0.0018840783,0.0021764352,0.043528704,0.21764352,18.442861,"{""0.01"":{""count"":275,""denominator"":245237},""0.1"":{""count"":237,""denominator"":245237},""1.0"":{""count"":100,""denominator"":245237}}",1.0018859,False,18.442861,w533:p6,1,signed maximum,first in producer window/position order; exact equality,"{""count"":244775,""denominator"":245237}","{""count"":244954,""denominator"":245237}",unavailable,unavailable
735081421354eaafb893322d,zsre,matched_update,1,102,1000,full_validation,original,kl,complete,245237,245237,0.0019498588,0.0019498588,0.038997175,0.19498588,18.302339,"{""0.01"":{""count"":455,""denominator"":245237},""0.1"":{""count"":292,""denominator"":245237},""1.0"":{""count"":80,""denominator"":245237}}",unavailable,unavailable,18.302339,w533:p6,1,signed maximum,first in producer window/position order; exact equality,"{""count"":244775,""denominator"":245237}","{""count"":244775,""denominator"":245237}",unavailable,unavailable
824f602358ace0fc5cb69271,zsre,matched_update,1,103,100,sampled_drift,original,loss,complete,16256,16256,3.7026157e-05,3.7026157e-05,0.00074052314,0.0037026157,0.22624308,"{""0.01"":3,""0.1"":3,""1.0"":0}",1.000037,False,unavailable,w38:p32,unavailable,positive-part maximum,first in producer sample order; tie count unavailable,unavailable,unavailable,16253,16256
824f602358ace0fc5cb69271,zsre,matched_update,1,103,100,sampled_drift,capoff,loss,complete,16256,16256,3.7026157e-05,3.7026157e-05,0.00074052314,0.0037026157,0.22624308,"{""0.01"":3,""0.1"":3,""1.0"":0}",1.000037,False,unavailable,w38:p32,unavailable,positive-part maximum,first in producer sample order; tie count unavailable,unavailable,unavailable,16253,16256
824f602358ace0fc5cb69271,zsre,matched_update,1,103,300,sampled_drift,original,loss,complete,16256,16256,4.7136745e-05,0.00010629193,0.0021258387,0.010629193,0.49427857,"{""0.01"":8,""0.1"":5,""1.0"":0}",1.0000471,False,unavailable,w116:p63,unavailable,positive-part maximum,first in producer sample order; tie count unavailable,unavailable,unavailable,16248,16256
824f602358ace0fc5cb69271,zsre,matched_update,1,103,300,sampled_drift,capoff,loss,complete,16256,16256,4.7136745e-05,0.00010629193,0.0021258387,0.010629193,0.49427857,"{""0.01"":8,""0.1"":5,""1.0"":0}",1.0000471,False,unavailable,w116:p63,unavailable,positive-part maximum,first in producer sample order; tie count unavailable,unavailable,unavailable,16248,16256
824f602358ace0fc5cb69271,zsre,matched_update,1,103,1000,sampled_drift,original,loss,complete,16256,16256,0.0019178725,0.0020066903,0.040133807,0.20066903,17.913661,"{""0.01"":18,""0.1"":16,""1.0"":6}",1.0019197,False,unavailable,w34:p5,unavailable,positive-part maximum,first in producer sample order; tie count unavailable,unavailable,unavailable,16237,16256
824f602358ace0fc5cb69271,zsre,matched_update,1,103,1000,sampled_drift,capoff,loss,complete,16256,16256,0.0019178725,0.0020066903,0.040133807,0.20066903,17.913661,"{""0.01"":18,""0.1"":16,""1.0"":6}",1.0019197,False,unavailable,w34:p5,unavailable,positive-part maximum,first in producer sample order; tie count unavailable,unavailable,unavailable,16237,16256
824f602358ace0fc5cb69271,zsre,matched_update,1,103,1000,full_validation,capoff,loss,complete,245237,245237,0.0014075101,0.0015927442,0.031854884,0.15927442,18.442861,"{""0.01"":{""count"":207,""denominator"":245237},""0.1"":{""count"":184,""denominator"":245237},""1.0"":{""count"":80,""denominator"":245237}}",1.0014085,False,18.442861,w533:p6,1,signed maximum,first in producer window/position order; exact equality,"{""count"":244912,""denominator"":245237}","{""count"":245022,""denominator"":245237}",unavailable,unavailable
824f602358ace0fc5cb69271,zsre,matched_update,1,103,1000,full_validation,capoff,kl,complete,245237,245237,0.0014132744,0.0014132744,0.028265487,0.14132744,18.302339,"{""0.01"":{""count"":321,""denominator"":245237},""0.1"":{""count"":241,""denominator"":245237},""1.0"":{""count"":59,""denominator"":245237}}",unavailable,unavailable,18.302339,w533:p6,1,signed maximum,first in producer window/position order; exact equality,"{""count"":244912,""denominator"":245237}","{""count"":244912,""denominator"":245237}",unavailable,unavailable
824f602358ace0fc5cb69271,zsre,matched_update,1,103,1000,full_validation,original,loss,complete,245237,245237,0.0014075101,0.0015927442,0.031854884,0.15927442,18.442861,"{""0.01"":{""count"":207,""denominator"":245237},""0.1"":{""count"":184,""denominator"":245237},""1.0"":{""count"":80,""denominator"":245237}}",1.0014085,False,18.442861,w533:p6,1,signed maximum,first in producer window/position order; exact equality,"{""count"":244912,""denominator"":245237}","{""count"":245022,""denominator"":245237}",unavailable,unavailable
824f602358ace0fc5cb69271,zsre,matched_update,1,103,1000,full_validation,original,kl,complete,245237,245237,0.0014132744,0.0014132744,0.028265487,0.14132744,18.302339,"{""0.01"":{""count"":321,""denominator"":245237},""0.1"":{""count"":241,""denominator"":245237},""1.0"":{""count"":59,""denominator"":245237}}",unavailable,unavailable,18.302339,w533:p6,1,signed maximum,first in producer window/position order; exact equality,"{""count"":244912,""denominator"":245237}","{""count"":244912,""denominator"":245237}",unavailable,unavailable
3bc2cef1ca9bab6e4a90e222,zsre,matched_update,1,104,100,sampled_drift,original,loss,complete,16256,16256,-1.4317489e-05,6.6180802e-05,0.001323616,0.0066180802,1.0003532,"{""0.01"":2,""0.1"":1,""1.0"":1}",0.99998568,False,unavailable,w13:p61,unavailable,positive-part maximum,first in producer sample order; tie count unavailable,unavailable,unavailable,16254,16256
3bc2cef1ca9bab6e4a90e222,zsre,matched_update,1,104,100,sampled_drift,capoff,loss,complete,16256,16256,-1.4317489e-05,6.6180802e-05,0.001323616,0.0066180802,1.0003532,"{""0.01"":2,""0.1"":1,""1.0"":1}",0.99998568,False,unavailable,w13:p61,unavailable,positive-part maximum,first in producer sample order; tie count unavailable,unavailable,unavailable,16254,16256
3bc2cef1ca9bab6e4a90e222,zsre,matched_update,1,104,300,sampled_drift,original,loss,complete,16256,16256,0.00014161324,0.00025071767,0.0050143534,0.025071767,1.1443942,"{""0.01"":9,""0.1"":5,""1.0"":2}",1.0001416,False,unavailable,w11:p2,unavailable,positive-part maximum,first in producer sample order; tie count unavailable,unavailable,unavailable,16247,16256
3bc2cef1ca9bab6e4a90e222,zsre,matched_update,1,104,300,sampled_drift,capoff,loss,complete,16256,16256,0.00014161324,0.00025071767,0.0050143534,0.025071767,1.1443942,"{""0.01"":9,""0.1"":5,""1.0"":2}",1.0001416,False,unavailable,w11:p2,unavailable,positive-part maximum,first in producer sample order; tie count unavailable,unavailable,unavailable,16247,16256
3bc2cef1ca9bab6e4a90e222,zsre,matched_update,1,104,1000,sampled_drift,original,loss,complete,16256,16256,0.0016436082,0.00166415,0.033282999,0.166415,17.913661,"{""0.01"":19,""0.1"":18,""1.0"":4}",1.001645,False,unavailable,w34:p5,unavailable,positive-part maximum,first in producer sample order; tie count unavailable,unavailable,unavailable,16236,16256
3bc2cef1ca9bab6e4a90e222,zsre,matched_update,1,104,1000,sampled_drift,capoff,loss,complete,16256,16256,0.0016436082,0.00166415,0.033282999,0.166415,17.913661,"{""0.01"":19,""0.1"":18,""1.0"":4}",1.001645,False,unavailable,w34:p5,unavailable,positive-part maximum,first in producer sample order; tie count unavailable,unavailable,unavailable,16236,16256
3bc2cef1ca9bab6e4a90e222,zsre,matched_update,1,104,1000,full_validation,capoff,loss,complete,245237,245237,0.0012077732,0.0014362195,0.028724391,0.14362195,18.442861,"{""0.01"":{""count"":213,""denominator"":245237},""0.1"":{""count"":190,""denominator"":245237},""1.0"":{""count"":70,""denominator"":245237}}",1.0012085,False,18.442861,w533:p6,1,signed maximum,first in producer window/position order; exact equality,"{""count"":244881,""denominator"":245237}","{""count"":245018,""denominator"":245237}",unavailable,unavailable
3bc2cef1ca9bab6e4a90e222,zsre,matched_update,1,104,1000,full_validation,capoff,kl,complete,245237,245237,0.0013368927,0.0013368927,0.026737854,0.13368927,18.302339,"{""0.01"":{""count"":350,""denominator"":245237},""0.1"":{""count"":250,""denominator"":245237},""1.0"":{""count"":54,""denominator"":245237}}",unavailable,unavailable,18.302339,w533:p6,1,signed maximum,first in producer window/position order; exact equality,"{""count"":244881,""denominator"":245237}","{""count"":244881,""denominator"":245237}",unavailable,unavailable
3bc2cef1ca9bab6e4a90e222,zsre,matched_update,1,104,1000,full_validation,original,loss,complete,245237,245237,0.0012077732,0.0014362195,0.028724391,0.14362195,18.442861,"{""0.01"":{""count"":213,""denominator"":245237},""0.1"":{""count"":190,""denominator"":245237},""1.0"":{""count"":70,""denominator"":245237}}",1.0012085,False,18.442861,w533:p6,1,signed maximum,first in producer window/position order; exact equality,"{""count"":244881,""denominator"":245237}","{""count"":245018,""denominator"":245237}",unavailable,unavailable
3bc2cef1ca9bab6e4a90e222,zsre,matched_update,1,104,1000,full_validation,original,kl,complete,245237,245237,0.0013368927,0.0013368927,0.026737854,0.13368927,18.302339,"{""0.01"":{""count"":350,""denominator"":245237},""0.1"":{""count"":250,""denominator"":245237},""1.0"":{""count"":54,""denominator"":245237}}",unavailable,unavailable,18.302339,w533:p6,1,signed maximum,first in producer window/position order; exact equality,"{""count"":244881,""denominator"":245237}","{""count"":244881,""denominator"":245237}",unavailable,unavailable
9c3c7c258bf086523ea6268e,zsre,matched_update,2,100,100,sampled_drift,original,loss,complete,16256,16256,-7.7821536e-05,7.491271e-06,0.00014982542,0.0007491271,0.10593019,"{""0.01"":2,""0.1"":1,""1.0"":0}",0.99992218,False,unavailable,w106:p64,unavailable,positive-part maximum,first in producer sample order; tie count unavailable,unavailable,unavailable,16254,16256
9c3c7c258bf086523ea6268e,zsre,matched_update,2,100,100,sampled_drift,capoff,loss,complete,16256,16256,-7.7821536e-05,7.491271e-06,0.00014982542,0.0007491271,0.10593019,"{""0.01"":2,""0.1"":1,""1.0"":0}",0.99992218,False,unavailable,w106:p64,unavailable,positive-part maximum,first in producer sample order; tie count unavailable,unavailable,unavailable,16254,16256
9c3c7c258bf086523ea6268e,zsre,matched_update,2,100,300,sampled_drift,original,loss,complete,16256,16256,0.00012144069,0.00022184488,0.0044368977,0.022184488,1.8733027,"{""0.01"":6,""0.1"":5,""1.0"":1}",1.0001214,False,unavailable,w23:p7,unavailable,positive-part maximum,first in producer sample order; tie count unavailable,unavailable,unavailable,16250,16256
9c3c7c258bf086523ea6268e,zsre,matched_update,2,100,300,sampled_drift,capoff,loss,complete,16256,16256,0.00012144069,0.00022184488,0.0044368977,0.022184488,1.8733027,"{""0.01"":6,""0.1"":5,""1.0"":1}",1.0001214,False,unavailable,w23:p7,unavailable,positive-part maximum,first in producer sample order; tie count unavailable,unavailable,unavailable,16250,16256
9c3c7c258bf086523ea6268e,zsre,matched_update,2,100,1000,sampled_drift,original,loss,complete,16256,16256,0.00033311084,0.00053905104,0.010781021,0.053905104,1.5064711,"{""0.01"":12,""0.1"":11,""1.0"":6}",1.0003332,False,unavailable,w43:p23,unavailable,positive-part maximum,first in producer sample order; tie count unavailable,unavailable,unavailable,16243,16256
9c3c7c258bf086523ea6268e,zsre,matched_update,2,100,1000,sampled_drift,capoff,loss,complete,16256,16256,0.00033311084,0.00053905104,0.010781021,0.053905104,1.5064711,"{""0.01"":12,""0.1"":11,""1.0"":6}",1.0003332,False,unavailable,w43:p23,unavailable,positive-part maximum,first in producer sample order; tie count unavailable,unavailable,unavailable,16243,16256
9c3c7c258bf086523ea6268e,zsre,matched_update,2,100,1000,full_validation,capoff,loss,complete,245237,245237,0.0019178878,0.00215465,0.043093,0.215465,17.084989,"{""0.01"":{""count"":275,""denominator"":245237},""0.1"":{""count"":251,""denominator"":245237},""1.0"":{""count"":122,""denominator"":245237}}",1.0019197,False,17.084989,w892:p19,1,signed maximum,first in producer window/position order; exact equality,"{""count"":244840,""denominator"":245237}","{""count"":244958,""denominator"":245237}",unavailable,unavailable
9c3c7c258bf086523ea6268e,zsre,matched_update,2,100,1000,full_validation,capoff,kl,complete,245237,245237,0.0017679147,0.0017679147,0.035358295,0.17679147,18.472868,"{""0.01"":{""count"":394,""denominator"":245237},""0.1"":{""count"":288,""denominator"":245237},""1.0"":{""count"":98,""denominator"":245237}}",unavailable,unavailable,18.472868,w892:p19,1,signed maximum,first in producer window/position order; exact equality,"{""count"":244840,""denominator"":245237}","{""count"":244840,""denominator"":245237}",unavailable,unavailable
9c3c7c258bf086523ea6268e,zsre,matched_update,2,100,1000,full_validation,original,loss,complete,245237,245237,0.0019178878,0.00215465,0.043093,0.215465,17.084989,"{""0.01"":{""count"":275,""denominator"":245237},""0.1"":{""count"":251,""denominator"":245237},""1.0"":{""count"":122,""denominator"":245237}}",1.0019197,False,17.084989,w892:p19,1,signed maximum,first in producer window/position order; exact equality,"{""count"":244840,""denominator"":245237}","{""count"":244958,""denominator"":245237}",unavailable,unavailable
9c3c7c258bf086523ea6268e,zsre,matched_update,2,100,1000,full_validation,original,kl,complete,245237,245237,0.0017679147,0.0017679147,0.035358295,0.17679147,18.472868,"{""0.01"":{""count"":394,""denominator"":245237},""0.1"":{""count"":288,""denominator"":245237},""1.0"":{""count"":98,""denominator"":245237}}",unavailable,unavailable,18.472868,w892:p19,1,signed maximum,first in producer window/position order; exact equality,"{""count"":244840,""denominator"":245237}","{""count"":244840,""denominator"":245237}",unavailable,unavailable
58879f9745ed479686bd0481,zsre,matched_update,2,101,100,sampled_drift,original,loss,complete,16256,16256,0.00030610635,0.00030652612,0.0061305225,0.030652612,1.8733027,"{""0.01"":5,""0.1"":4,""1.0"":3}",1.0003062,False,unavailable,w23:p7,unavailable,positive-part maximum,first in producer sample order; tie count unavailable,unavailable,unavailable,16250,16256
58879f9745ed479686bd0481,zsre,matched_update,2,101,100,sampled_drift,capoff,loss,complete,16256,16256,0.00030610635,0.00030652612,0.0061305225,0.030652612,1.8733027,"{""0.01"":5,""0.1"":4,""1.0"":3}",1.0003062,False,unavailable,w23:p7,unavailable,positive-part maximum,first in producer sample order; tie count unavailable,unavailable,unavailable,16250,16256
58879f9745ed479686bd0481,zsre,matched_update,2,101,300,sampled_drift,original,loss,complete,16256,16256,0.00037619639,0.00039079141,0.0078158283,0.039079141,1.8733027,"{""0.01"":8,""0.1"":6,""1.0"":3}",1.0003763,False,unavailable,w23:p7,unavailable,positive-part maximum,first in producer sample order; tie count unavailable,unavailable,unavailable,16247,16256
58879f9745ed479686bd0481,zsre,matched_update,2,101,300,sampled_drift,capoff,loss,complete,16256,16256,0.00037619639,0.00039079141,0.0078158283,0.039079141,1.8733027,"{""0.01"":8,""0.1"":6,""1.0"":3}",1.0003763,False,unavailable,w23:p7,unavailable,positive-part maximum,first in producer sample order; tie count unavailable,unavailable,unavailable,16247,16256
58879f9745ed479686bd0481,zsre,matched_update,2,101,1000,sampled_drift,original,loss,complete,16256,16256,0.0001885792,0.00045070509,0.0090141017,0.045070509,1.5064711,"{""0.01"":13,""0.1"":10,""1.0"":5}",1.0001886,False,unavailable,w43:p23,unavailable,positive-part maximum,first in producer sample order; tie count unavailable,unavailable,unavailable,16243,16256
58879f9745ed479686bd0481,zsre,matched_update,2,101,1000,sampled_drift,capoff,loss,complete,16256,16256,0.0001885792,0.00045070509,0.0090141017,0.045070509,1.5064711,"{""0.01"":13,""0.1"":10,""1.0"":5}",1.0001886,False,unavailable,w43:p23,unavailable,positive-part maximum,first in producer sample order; tie count unavailable,unavailable,unavailable,16243,16256
58879f9745ed479686bd0481,zsre,matched_update,2,101,1000,full_validation,capoff,loss,complete,245237,245237,0.001756735,0.0020407098,0.040814195,0.20407098,21.054343,"{""0.01"":{""count"":271,""denominator"":245237},""0.1"":{""count"":245,""denominator"":245237},""1.0"":{""count"":110,""denominator"":245237}}",1.0017583,False,21.054343,w1735:p6,1,signed maximum,first in producer window/position order; exact equality,"{""count"":244835,""denominator"":245237}","{""count"":244962,""denominator"":245237}",unavailable,unavailable
58879f9745ed479686bd0481,zsre,matched_update,2,101,1000,full_validation,capoff,kl,complete,245237,245237,0.0018074449,0.0018074449,0.036148897,0.18074449,19.583189,"{""0.01"":{""count"":400,""denominator"":245237},""0.1"":{""count"":271,""denominator"":245237},""1.0"":{""count"":97,""denominator"":245237}}",unavailable,unavailable,19.583189,w892:p19,1,signed maximum,first in producer window/position order; exact equality,"{""count"":244835,""denominator"":245237}","{""count"":244835,""denominator"":245237}",unavailable,unavailable
58879f9745ed479686bd0481,zsre,matched_update,2,101,1000,full_validation,original,loss,complete,245237,245237,0.001756735,0.0020407098,0.040814195,0.20407098,21.054343,"{""0.01"":{""count"":271,""denominator"":245237},""0.1"":{""count"":245,""denominator"":245237},""1.0"":{""count"":110,""denominator"":245237}}",1.0017583,False,21.054343,w1735:p6,1,signed maximum,first in producer window/position order; exact equality,"{""count"":244835,""denominator"":245237}","{""count"":244962,""denominator"":245237}",unavailable,unavailable
58879f9745ed479686bd0481,zsre,matched_update,2,101,1000,full_validation,original,kl,complete,245237,245237,0.0018074449,0.0018074449,0.036148897,0.18074449,19.583189,"{""0.01"":{""count"":400,""denominator"":245237},""0.1"":{""count"":271,""denominator"":245237},""1.0"":{""count"":97,""denominator"":245237}}",unavailable,unavailable,19.583189,w892:p19,1,signed maximum,first in producer window/position order; exact equality,"{""count"":244835,""denominator"":245237}","{""count"":244835,""denominator"":245237}",unavailable,unavailable
b6ea6d9e337e3bf6f2eca5d2,zsre,matched_update,2,102,100,sampled_drift,original,loss,complete,16256,16256,7.6950292e-05,7.6950292e-05,0.0015390058,0.0076950292,1.250904,"{""0.01"":1,""0.1"":1,""1.0"":1}",1.000077,False,unavailable,w85:p52,unavailable,positive-part maximum,first in producer sample order; tie count unavailable,unavailable,unavailable,16255,16256
b6ea6d9e337e3bf6f2eca5d2,zsre,matched_update,2,102,100,sampled_drift,capoff,loss,complete,16256,16256,7.6950292e-05,7.6950292e-05,0.0015390058,0.0076950292,1.250904,"{""0.01"":1,""0.1"":1,""1.0"":1}",1.000077,False,unavailable,w85:p52,unavailable,positive-part maximum,first in producer sample order; tie count unavailable,unavailable,unavailable,16255,16256
b6ea6d9e337e3bf6f2eca5d2,zsre,matched_update,2,102,300,sampled_drift,original,loss,complete,16256,16256,0.00013616147,0.00018026035,0.0036052069,0.018026035,1.4653107,"{""0.01"":3,""0.1"":3,""1.0"":2}",1.0001362,False,unavailable,w112:p20,unavailable,positive-part maximum,first in producer sample order; tie count unavailable,unavailable,unavailable,16253,16256
b6ea6d9e337e3bf6f2eca5d2,zsre,matched_update,2,102,300,sampled_drift,capoff,loss,complete,16256,16256,0.00013616147,0.00018026035,0.0036052069,0.018026035,1.4653107,"{""0.01"":3,""0.1"":3,""1.0"":2}",1.0001362,False,unavailable,w112:p20,unavailable,positive-part maximum,first in producer sample order; tie count unavailable,unavailable,unavailable,16253,16256
b6ea6d9e337e3bf6f2eca5d2,zsre,matched_update,2,102,1000,sampled_drift,original,loss,complete,16256,16256,0.00016419244,0.00040665249,0.0081330497,0.040665249,1.5064711,"{""0.01"":13,""0.1"":10,""1.0"":4}",1.0001642,False,unavailable,w43:p23,unavailable,positive-part maximum,first in producer sample order; tie count unavailable,unavailable,unavailable,16243,16256
b6ea6d9e337e3bf6f2eca5d2,zsre,matched_update,2,102,1000,sampled_drift,capoff,loss,complete,16256,16256,0.00016419244,0.00040665249,0.0081330497,0.040665249,1.5064711,"{""0.01"":13,""0.1"":10,""1.0"":4}",1.0001642,False,unavailable,w43:p23,unavailable,positive-part maximum,first in producer sample order; tie count unavailable,unavailable,unavailable,16243,16256
b6ea6d9e337e3bf6f2eca5d2,zsre,matched_update,2,102,1000,full_validation,capoff,loss,complete,245237,245237,0.0015237111,0.0017774106,0.035548213,0.17774106,21.054343,"{""0.01"":{""count"":241,""denominator"":245237},""0.1"":{""count"":227,""denominator"":245237},""1.0"":{""count"":97,""denominator"":245237}}",1.0015249,False,21.054343,w1735:p6,1,signed maximum,first in producer window/position order; exact equality,"{""count"":244871,""denominator"":245237}","{""count"":244993,""denominator"":245237}",unavailable,unavailable
b6ea6d9e337e3bf6f2eca5d2,zsre,matched_update,2,102,1000,full_validation,capoff,kl,complete,245237,245237,0.0015809519,0.0015809519,0.031619038,0.15809519,18.199236,"{""0.01"":{""count"":364,""denominator"":245237},""0.1"":{""count"":250,""denominator"":245237},""1.0"":{""count"":91,""denominator"":245237}}",unavailable,unavailable,18.199236,w1735:p6,1,signed maximum,first in producer window/position order; exact equality,"{""count"":244871,""denominator"":245237}","{""count"":244871,""denominator"":245237}",unavailable,unavailable
b6ea6d9e337e3bf6f2eca5d2,zsre,matched_update,2,102,1000,full_validation,original,loss,complete,245237,245237,0.0015237111,0.0017774106,0.035548213,0.17774106,21.054343,"{""0.01"":{""count"":241,""denominator"":245237},""0.1"":{""count"":227,""denominator"":245237},""1.0"":{""count"":97,""denominator"":245237}}",1.0015249,False,21.054343,w1735:p6,1,signed maximum,first in producer window/position order; exact equality,"{""count"":244871,""denominator"":245237}","{""count"":244993,""denominator"":245237}",unavailable,unavailable
b6ea6d9e337e3bf6f2eca5d2,zsre,matched_update,2,102,1000,full_validation,original,kl,complete,245237,245237,0.0015809519,0.0015809519,0.031619038,0.15809519,18.199236,"{""0.01"":{""count"":364,""denominator"":245237},""0.1"":{""count"":250,""denominator"":245237},""1.0"":{""count"":91,""denominator"":245237}}",unavailable,unavailable,18.199236,w1735:p6,1,signed maximum,first in producer window/position order; exact equality,"{""count"":244871,""denominator"":245237}","{""count"":244871,""denominator"":245237}",unavailable,unavailable
16037ce355e4a2e9a43a2008,zsre,matched_update,2,103,100,sampled_drift,original,loss,complete,16256,16256,-0.00012607507,9.4460574e-05,0.0018892115,0.0094460574,1.0671042,"{""0.01"":5,""0.1"":3,""1.0"":1}",0.99987393,False,unavailable,w111:p81,unavailable,positive-part maximum,first in producer sample order; tie count unavailable,unavailable,unavailable,16251,16256
16037ce355e4a2e9a43a2008,zsre,matched_update,2,103,100,sampled_drift,capoff,loss,complete,16256,16256,-0.00012607507,9.4460574e-05,0.0018892115,0.0094460574,1.0671042,"{""0.01"":5,""0.1"":3,""1.0"":1}",0.99987393,False,unavailable,w111:p81,unavailable,positive-part maximum,first in producer sample order; tie count unavailable,unavailable,unavailable,16251,16256
16037ce355e4a2e9a43a2008,zsre,matched_update,2,103,300,sampled_drift,original,loss,complete,16256,16256,0.00026397659,0.00047764538,0.0095529076,0.047764538,4.4072202,"{""0.01"":7,""0.1"":5,""1.0"":2}",1.000264,False,unavailable,w43:p23,unavailable,positive-part maximum,first in producer sample order; tie count unavailable,unavailable,unavailable,16249,16256
16037ce355e4a2e9a43a2008,zsre,matched_update,2,103,300,sampled_drift,capoff,loss,complete,16256,16256,0.00026397659,0.00047764538,0.0095529076,0.047764538,4.4072202,"{""0.01"":7,""0.1"":5,""1.0"":2}",1.000264,False,unavailable,w43:p23,unavailable,positive-part maximum,first in producer sample order; tie count unavailable,unavailable,unavailable,16249,16256
16037ce355e4a2e9a43a2008,zsre,matched_update,2,103,1000,sampled_drift,original,loss,complete,16256,16256,0.00029528888,0.00032923024,0.0065846047,0.032923024,1.4653107,"{""0.01"":14,""0.1"":11,""1.0"":2}",1.0002953,False,unavailable,w112:p20,unavailable,positive-part maximum,first in producer sample order; tie count unavailable,unavailable,unavailable,16241,16256
16037ce355e4a2e9a43a2008,zsre,matched_update,2,103,1000,sampled_drift,capoff,loss,complete,16256,16256,0.00029528888,0.00032923024,0.0065846047,0.032923024,1.4653107,"{""0.01"":14,""0.1"":11,""1.0"":2}",1.0002953,False,unavailable,w112:p20,unavailable,positive-part maximum,first in producer sample order; tie count unavailable,unavailable,unavailable,16241,16256
16037ce355e4a2e9a43a2008,zsre,matched_update,2,103,1000,full_validation,capoff,loss,complete,245237,245237,0.0018143216,0.0020643481,0.041286961,0.20643481,21.054343,"{""0.01"":{""count"":237,""denominator"":245237},""0.1"":{""count"":216,""denominator"":245237},""1.0"":{""count"":99,""denominator"":245237}}",1.001816,False,21.054343,w1735:p6,1,signed maximum,first in producer window/position order; exact equality,"{""count"":244875,""denominator"":245237}","{""count"":244997,""denominator"":245237}",unavailable,unavailable
16037ce355e4a2e9a43a2008,zsre,matched_update,2,103,1000,full_validation,capoff,kl,complete,245237,245237,0.0018115933,0.0018115933,0.036231866,0.18115933,19.583189,"{""0.01"":{""count"":360,""denominator"":245237},""0.1"":{""count"":250,""denominator"":245237},""1.0"":{""count"":91,""denominator"":245237}}",unavailable,unavailable,19.583189,w892:p19,1,signed maximum,first in producer window/position order; exact equality,"{""count"":244875,""denominator"":245237}","{""count"":244875,""denominator"":245237}",unavailable,unavailable
16037ce355e4a2e9a43a2008,zsre,matched_update,2,103,1000,full_validation,original,loss,complete,245237,245237,0.0018143216,0.0020643481,0.041286961,0.20643481,21.054343,"{""0.01"":{""count"":237,""denominator"":245237},""0.1"":{""count"":216,""denominator"":245237},""1.0"":{""count"":99,""denominator"":245237}}",1.001816,False,21.054343,w1735:p6,1,signed maximum,first in producer window/position order; exact equality,"{""count"":244875,""denominator"":245237}","{""count"":244997,""denominator"":245237}",unavailable,unavailable
16037ce355e4a2e9a43a2008,zsre,matched_update,2,103,1000,full_validation,original,kl,complete,245237,245237,0.0018115933,0.0018115933,0.036231866,0.18115933,19.583189,"{""0.01"":{""count"":360,""denominator"":245237},""0.1"":{""count"":250,""denominator"":245237},""1.0"":{""count"":91,""denominator"":245237}}",unavailable,unavailable,19.583189,w892:p19,1,signed maximum,first in producer window/position order; exact equality,"{""count"":244875,""denominator"":245237}","{""count"":244875,""denominator"":245237}",unavailable,unavailable
4597af8473d8e404f1490c57,zsre,matched_update,2,104,100,sampled_drift,original,loss,complete,16256,16256,0.0002660508,0.00046534016,0.0093068032,0.046534016,4.4072202,"{""0.01"":7,""0.1"":7,""1.0"":2}",1.0002661,False,unavailable,w43:p23,unavailable,positive-part maximum,first in producer sample order; tie count unavailable,unavailable,unavailable,16249,16256
4597af8473d8e404f1490c57,zsre,matched_update,2,104,100,sampled_drift,capoff,loss,complete,16256,16256,0.0002660508,0.00046534016,0.0093068032,0.046534016,4.4072202,"{""0.01"":7,""0.1"":7,""1.0"":2}",1.0002661,False,unavailable,w43:p23,unavailable,positive-part maximum,first in producer sample order; tie count unavailable,unavailable,unavailable,16249,16256
4597af8473d8e404f1490c57,zsre,matched_update,2,104,300,sampled_drift,original,loss,complete,16256,16256,0.00044160993,0.0006518741,0.013037482,0.06518741,4.4072202,"{""0.01"":11,""0.1"":10,""1.0"":2}",1.0004417,False,unavailable,w43:p23,unavailable,positive-part maximum,first in producer sample order; tie count unavailable,unavailable,unavailable,16245,16256
4597af8473d8e404f1490c57,zsre,matched_update,2,104,300,sampled_drift,capoff,loss,complete,16256,16256,0.00044160993,0.0006518741,0.013037482,0.06518741,4.4072202,"{""0.01"":11,""0.1"":10,""1.0"":2}",1.0004417,False,unavailable,w43:p23,unavailable,positive-part maximum,first in producer sample order; tie count unavailable,unavailable,unavailable,16245,16256
4597af8473d8e404f1490c57,zsre,matched_update,2,104,1000,sampled_drift,original,loss,complete,16256,16256,0.00088394661,0.00099400052,0.01988001,0.099400052,3.6978241,"{""0.01"":14,""0.1"":12,""1.0"":7}",1.0008843,False,unavailable,w23:p8,unavailable,positive-part maximum,first in producer sample order; tie count unavailable,unavailable,unavailable,16241,16256
4597af8473d8e404f1490c57,zsre,matched_update,2,104,1000,sampled_drift,capoff,loss,complete,16256,16256,0.00088394661,0.00099400052,0.01988001,0.099400052,3.6978241,"{""0.01"":14,""0.1"":12,""1.0"":7}",1.0008843,False,unavailable,w23:p8,unavailable,positive-part maximum,first in producer sample order; tie count unavailable,unavailable,unavailable,16241,16256
4597af8473d8e404f1490c57,zsre,matched_update,2,104,1000,full_validation,capoff,loss,complete,245237,245237,0.0014745747,0.0017212472,0.034424945,0.17212472,21.054343,"{""0.01"":{""count"":229,""denominator"":245237},""0.1"":{""count"":209,""denominator"":245237},""1.0"":{""count"":84,""denominator"":245237}}",1.0014757,False,21.054343,w1735:p6,1,signed maximum,first in producer window/position order; exact equality,"{""count"":244870,""denominator"":245237}","{""count"":245005,""denominator"":245237}",unavailable,unavailable
4597af8473d8e404f1490c57,zsre,matched_update,2,104,1000,full_validation,capoff,kl,complete,245237,245237,0.0015198914,0.0015198914,0.030397829,0.15198914,19.583189,"{""0.01"":{""count"":365,""denominator"":245237},""0.1"":{""count"":257,""denominator"":245237},""1.0"":{""count"":76,""denominator"":245237}}",unavailable,unavailable,19.583189,w892:p19,1,signed maximum,first in producer window/position order; exact equality,"{""count"":244870,""denominator"":245237}","{""count"":244870,""denominator"":245237}",unavailable,unavailable
4597af8473d8e404f1490c57,zsre,matched_update,2,104,1000,full_validation,original,loss,complete,245237,245237,0.0014745747,0.0017212472,0.034424945,0.17212472,21.054343,"{""0.01"":{""count"":229,""denominator"":245237},""0.1"":{""count"":209,""denominator"":245237},""1.0"":{""count"":84,""denominator"":245237}}",1.0014757,False,21.054343,w1735:p6,1,signed maximum,first in producer window/position order; exact equality,"{""count"":244870,""denominator"":245237}","{""count"":245005,""denominator"":245237}",unavailable,unavailable
4597af8473d8e404f1490c57,zsre,matched_update,2,104,1000,full_validation,original,kl,complete,245237,245237,0.0015198914,0.0015198914,0.030397829,0.15198914,19.583189,"{""0.01"":{""count"":365,""denominator"":245237},""0.1"":{""count"":257,""denominator"":245237},""1.0"":{""count"":76,""denominator"":245237}}",unavailable,unavailable,19.583189,w892:p19,1,signed maximum,first in producer window/position order; exact equality,"{""count"":244870,""denominator"":245237}","{""count"":244870,""denominator"":245237}",unavailable,unavailable
7c933afa6e2adc84ccb287be,counterfact,matched_update,0,100,100,sampled_drift,original,loss,complete,16256,16256,0,0,0,0,0,"{""0.01"":0,""0.1"":0,""1.0"":0}",1,False,unavailable,w0:p1,unavailable,positive-part maximum,first in producer sample order; tie count unavailable,unavailable,unavailable,16256,16256
7c933afa6e2adc84ccb287be,counterfact,matched_update,0,100,100,sampled_drift,capoff,loss,complete,16256,16256,0,0,0,0,0,"{""0.01"":0,""0.1"":0,""1.0"":0}",1,False,unavailable,w0:p1,unavailable,positive-part maximum,first in producer sample order; tie count unavailable,unavailable,unavailable,16256,16256
7c933afa6e2adc84ccb287be,counterfact,matched_update,0,100,300,sampled_drift,original,loss,complete,16256,16256,0,0,0,0,0,"{""0.01"":0,""0.1"":0,""1.0"":0}",1,False,unavailable,w0:p1,unavailable,positive-part maximum,first in producer sample order; tie count unavailable,unavailable,unavailable,16256,16256
7c933afa6e2adc84ccb287be,counterfact,matched_update,0,100,300,sampled_drift,capoff,loss,complete,16256,16256,0,0,0,0,0,"{""0.01"":0,""0.1"":0,""1.0"":0}",1,False,unavailable,w0:p1,unavailable,positive-part maximum,first in producer sample order; tie count unavailable,unavailable,unavailable,16256,16256
7c933afa6e2adc84ccb287be,counterfact,matched_update,0,100,1000,sampled_drift,original,loss,complete,16256,16256,0,0,0,0,0,"{""0.01"":0,""0.1"":0,""1.0"":0}",1,False,unavailable,w0:p1,unavailable,positive-part maximum,first in producer sample order; tie count unavailable,unavailable,unavailable,16256,16256
7c933afa6e2adc84ccb287be,counterfact,matched_update,0,100,1000,sampled_drift,capoff,loss,complete,16256,16256,0,0,0,0,0,"{""0.01"":0,""0.1"":0,""1.0"":0}",1,False,unavailable,w0:p1,unavailable,positive-part maximum,first in producer sample order; tie count unavailable,unavailable,unavailable,16256,16256
7c933afa6e2adc84ccb287be,counterfact,matched_update,0,100,1000,full_validation,capoff,loss,complete,245237,245237,0,0,0,0,0,"{""0.01"":{""count"":0,""denominator"":245237},""0.1"":{""count"":0,""denominator"":245237},""1.0"":{""count"":0,""denominator"":245237}}",1,False,0,w0:p1,245237,signed maximum,first in producer window/position order; exact equality,"{""count"":245237,""denominator"":245237}","{""count"":245237,""denominator"":245237}",unavailable,unavailable
7c933afa6e2adc84ccb287be,counterfact,matched_update,0,100,1000,full_validation,capoff,kl,complete,245237,245237,0,0,0,0,0,"{""0.01"":{""count"":0,""denominator"":245237},""0.1"":{""count"":0,""denominator"":245237},""1.0"":{""count"":0,""denominator"":245237}}",unavailable,unavailable,0,w0:p1,245237,signed maximum,first in producer window/position order; exact equality,"{""count"":245237,""denominator"":245237}","{""count"":245237,""denominator"":245237}",unavailable,unavailable
7c933afa6e2adc84ccb287be,counterfact,matched_update,0,100,1000,full_validation,original,loss,complete,245237,245237,0,0,0,0,0,"{""0.01"":{""count"":0,""denominator"":245237},""0.1"":{""count"":0,""denominator"":245237},""1.0"":{""count"":0,""denominator"":245237}}",1,False,0,w0:p1,245237,signed maximum,first in producer window/position order; exact equality,"{""count"":245237,""denominator"":245237}","{""count"":245237,""denominator"":245237}",unavailable,unavailable
7c933afa6e2adc84ccb287be,counterfact,matched_update,0,100,1000,full_validation,original,kl,complete,245237,245237,0,0,0,0,0,"{""0.01"":{""count"":0,""denominator"":245237},""0.1"":{""count"":0,""denominator"":245237},""1.0"":{""count"":0,""denominator"":245237}}",unavailable,unavailable,0,w0:p1,245237,signed maximum,first in producer window/position order; exact equality,"{""count"":245237,""denominator"":245237}","{""count"":245237,""denominator"":245237}",unavailable,unavailable
0998eeed741b887bdb8664af,counterfact,matched_update,0,101,100,sampled_drift,original,loss,complete,16256,16256,0,0,0,0,0,"{""0.01"":0,""0.1"":0,""1.0"":0}",1,False,unavailable,w0:p1,unavailable,positive-part maximum,first in producer sample order; tie count unavailable,unavailable,unavailable,16256,16256
0998eeed741b887bdb8664af,counterfact,matched_update,0,101,100,sampled_drift,capoff,loss,complete,16256,16256,0,0,0,0,0,"{""0.01"":0,""0.1"":0,""1.0"":0}",1,False,unavailable,w0:p1,unavailable,positive-part maximum,first in producer sample order; tie count unavailable,unavailable,unavailable,16256,16256
0998eeed741b887bdb8664af,counterfact,matched_update,0,101,300,sampled_drift,original,loss,complete,16256,16256,0,0,0,0,0,"{""0.01"":0,""0.1"":0,""1.0"":0}",1,False,unavailable,w0:p1,unavailable,positive-part maximum,first in producer sample order; tie count unavailable,unavailable,unavailable,16256,16256
0998eeed741b887bdb8664af,counterfact,matched_update,0,101,300,sampled_drift,capoff,loss,complete,16256,16256,0,0,0,0,0,"{""0.01"":0,""0.1"":0,""1.0"":0}",1,False,unavailable,w0:p1,unavailable,positive-part maximum,first in producer sample order; tie count unavailable,unavailable,unavailable,16256,16256
0998eeed741b887bdb8664af,counterfact,matched_update,0,101,1000,sampled_drift,original,loss,complete,16256,16256,0,0,0,0,0,"{""0.01"":0,""0.1"":0,""1.0"":0}",1,False,unavailable,w0:p1,unavailable,positive-part maximum,first in producer sample order; tie count unavailable,unavailable,unavailable,16256,16256
0998eeed741b887bdb8664af,counterfact,matched_update,0,101,1000,sampled_drift,capoff,loss,complete,16256,16256,0,0,0,0,0,"{""0.01"":0,""0.1"":0,""1.0"":0}",1,False,unavailable,w0:p1,unavailable,positive-part maximum,first in producer sample order; tie count unavailable,unavailable,unavailable,16256,16256
0998eeed741b887bdb8664af,counterfact,matched_update,0,101,1000,full_validation,capoff,loss,complete,245237,245237,0,0,0,0,0,"{""0.01"":{""count"":0,""denominator"":245237},""0.1"":{""count"":0,""denominator"":245237},""1.0"":{""count"":0,""denominator"":245237}}",1,False,0,w0:p1,245237,signed maximum,first in producer window/position order; exact equality,"{""count"":245237,""denominator"":245237}","{""count"":245237,""denominator"":245237}",unavailable,unavailable
0998eeed741b887bdb8664af,counterfact,matched_update,0,101,1000,full_validation,capoff,kl,complete,245237,245237,0,0,0,0,0,"{""0.01"":{""count"":0,""denominator"":245237},""0.1"":{""count"":0,""denominator"":245237},""1.0"":{""count"":0,""denominator"":245237}}",unavailable,unavailable,0,w0:p1,245237,signed maximum,first in producer window/position order; exact equality,"{""count"":245237,""denominator"":245237}","{""count"":245237,""denominator"":245237}",unavailable,unavailable
0998eeed741b887bdb8664af,counterfact,matched_update,0,101,1000,full_validation,original,loss,complete,245237,245237,0,0,0,0,0,"{""0.01"":{""count"":0,""denominator"":245237},""0.1"":{""count"":0,""denominator"":245237},""1.0"":{""count"":0,""denominator"":245237}}",1,False,0,w0:p1,245237,signed maximum,first in producer window/position order; exact equality,"{""count"":245237,""denominator"":245237}","{""count"":245237,""denominator"":245237}",unavailable,unavailable
0998eeed741b887bdb8664af,counterfact,matched_update,0,101,1000,full_validation,original,kl,complete,245237,245237,0,0,0,0,0,"{""0.01"":{""count"":0,""denominator"":245237},""0.1"":{""count"":0,""denominator"":245237},""1.0"":{""count"":0,""denominator"":245237}}",unavailable,unavailable,0,w0:p1,245237,signed maximum,first in producer window/position order; exact equality,"{""count"":245237,""denominator"":245237}","{""count"":245237,""denominator"":245237}",unavailable,unavailable
bb4da95ca8ce5b0b8d3dbe35,counterfact,matched_update,0,102,100,sampled_drift,original,loss,complete,16256,16256,0,0,0,0,0,"{""0.01"":0,""0.1"":0,""1.0"":0}",1,False,unavailable,w0:p1,unavailable,positive-part maximum,first in producer sample order; tie count unavailable,unavailable,unavailable,16256,16256
bb4da95ca8ce5b0b8d3dbe35,counterfact,matched_update,0,102,100,sampled_drift,capoff,loss,complete,16256,16256,0,0,0,0,0,"{""0.01"":0,""0.1"":0,""1.0"":0}",1,False,unavailable,w0:p1,unavailable,positive-part maximum,first in producer sample order; tie count unavailable,unavailable,unavailable,16256,16256
bb4da95ca8ce5b0b8d3dbe35,counterfact,matched_update,0,102,300,sampled_drift,original,loss,complete,16256,16256,0,0,0,0,0,"{""0.01"":0,""0.1"":0,""1.0"":0}",1,False,unavailable,w0:p1,unavailable,positive-part maximum,first in producer sample order; tie count unavailable,unavailable,unavailable,16256,16256
bb4da95ca8ce5b0b8d3dbe35,counterfact,matched_update,0,102,300,sampled_drift,capoff,loss,complete,16256,16256,0,0,0,0,0,"{""0.01"":0,""0.1"":0,""1.0"":0}",1,False,unavailable,w0:p1,unavailable,positive-part maximum,first in producer sample order; tie count unavailable,unavailable,unavailable,16256,16256
bb4da95ca8ce5b0b8d3dbe35,counterfact,matched_update,0,102,1000,sampled_drift,original,loss,complete,16256,16256,0,0,0,0,0,"{""0.01"":0,""0.1"":0,""1.0"":0}",1,False,unavailable,w0:p1,unavailable,positive-part maximum,first in producer sample order; tie count unavailable,unavailable,unavailable,16256,16256
bb4da95ca8ce5b0b8d3dbe35,counterfact,matched_update,0,102,1000,sampled_drift,capoff,loss,complete,16256,16256,0,0,0,0,0,"{""0.01"":0,""0.1"":0,""1.0"":0}",1,False,unavailable,w0:p1,unavailable,positive-part maximum,first in producer sample order; tie count unavailable,unavailable,unavailable,16256,16256
bb4da95ca8ce5b0b8d3dbe35,counterfact,matched_update,0,102,1000,full_validation,capoff,loss,complete,245237,245237,0,0,0,0,0,"{""0.01"":{""count"":0,""denominator"":245237},""0.1"":{""count"":0,""denominator"":245237},""1.0"":{""count"":0,""denominator"":245237}}",1,False,0,w0:p1,245237,signed maximum,first in producer window/position order; exact equality,"{""count"":245237,""denominator"":245237}","{""count"":245237,""denominator"":245237}",unavailable,unavailable
bb4da95ca8ce5b0b8d3dbe35,counterfact,matched_update,0,102,1000,full_validation,capoff,kl,complete,245237,245237,0,0,0,0,0,"{""0.01"":{""count"":0,""denominator"":245237},""0.1"":{""count"":0,""denominator"":245237},""1.0"":{""count"":0,""denominator"":245237}}",unavailable,unavailable,0,w0:p1,245237,signed maximum,first in producer window/position order; exact equality,"{""count"":245237,""denominator"":245237}","{""count"":245237,""denominator"":245237}",unavailable,unavailable
bb4da95ca8ce5b0b8d3dbe35,counterfact,matched_update,0,102,1000,full_validation,original,loss,complete,245237,245237,0,0,0,0,0,"{""0.01"":{""count"":0,""denominator"":245237},""0.1"":{""count"":0,""denominator"":245237},""1.0"":{""count"":0,""denominator"":245237}}",1,False,0,w0:p1,245237,signed maximum,first in producer window/position order; exact equality,"{""count"":245237,""denominator"":245237}","{""count"":245237,""denominator"":245237}",unavailable,unavailable
bb4da95ca8ce5b0b8d3dbe35,counterfact,matched_update,0,102,1000,full_validation,original,kl,complete,245237,245237,0,0,0,0,0,"{""0.01"":{""count"":0,""denominator"":245237},""0.1"":{""count"":0,""denominator"":245237},""1.0"":{""count"":0,""denominator"":245237}}",unavailable,unavailable,0,w0:p1,245237,signed maximum,first in producer window/position order; exact equality,"{""count"":245237,""denominator"":245237}","{""count"":245237,""denominator"":245237}",unavailable,unavailable
c5f1daa35261cf950172dfa8,counterfact,matched_update,0,103,100,sampled_drift,original,loss,complete,16256,16256,0,0,0,0,0,"{""0.01"":0,""0.1"":0,""1.0"":0}",1,False,unavailable,w0:p1,unavailable,positive-part maximum,first in producer sample order; tie count unavailable,unavailable,unavailable,16256,16256
c5f1daa35261cf950172dfa8,counterfact,matched_update,0,103,100,sampled_drift,capoff,loss,complete,16256,16256,0,0,0,0,0,"{""0.01"":0,""0.1"":0,""1.0"":0}",1,False,unavailable,w0:p1,unavailable,positive-part maximum,first in producer sample order; tie count unavailable,unavailable,unavailable,16256,16256
c5f1daa35261cf950172dfa8,counterfact,matched_update,0,103,300,sampled_drift,original,loss,complete,16256,16256,0,0,0,0,0,"{""0.01"":0,""0.1"":0,""1.0"":0}",1,False,unavailable,w0:p1,unavailable,positive-part maximum,first in producer sample order; tie count unavailable,unavailable,unavailable,16256,16256
c5f1daa35261cf950172dfa8,counterfact,matched_update,0,103,300,sampled_drift,capoff,loss,complete,16256,16256,0,0,0,0,0,"{""0.01"":0,""0.1"":0,""1.0"":0}",1,False,unavailable,w0:p1,unavailable,positive-part maximum,first in producer sample order; tie count unavailable,unavailable,unavailable,16256,16256
c5f1daa35261cf950172dfa8,counterfact,matched_update,0,103,1000,sampled_drift,original,loss,complete,16256,16256,0,0,0,0,0,"{""0.01"":0,""0.1"":0,""1.0"":0}",1,False,unavailable,w0:p1,unavailable,positive-part maximum,first in producer sample order; tie count unavailable,unavailable,unavailable,16256,16256
c5f1daa35261cf950172dfa8,counterfact,matched_update,0,103,1000,sampled_drift,capoff,loss,complete,16256,16256,0,0,0,0,0,"{""0.01"":0,""0.1"":0,""1.0"":0}",1,False,unavailable,w0:p1,unavailable,positive-part maximum,first in producer sample order; tie count unavailable,unavailable,unavailable,16256,16256
c5f1daa35261cf950172dfa8,counterfact,matched_update,0,103,1000,full_validation,capoff,loss,complete,245237,245237,0,0,0,0,0,"{""0.01"":{""count"":0,""denominator"":245237},""0.1"":{""count"":0,""denominator"":245237},""1.0"":{""count"":0,""denominator"":245237}}",1,False,0,w0:p1,245237,signed maximum,first in producer window/position order; exact equality,"{""count"":245237,""denominator"":245237}","{""count"":245237,""denominator"":245237}",unavailable,unavailable
c5f1daa35261cf950172dfa8,counterfact,matched_update,0,103,1000,full_validation,capoff,kl,complete,245237,245237,0,0,0,0,0,"{""0.01"":{""count"":0,""denominator"":245237},""0.1"":{""count"":0,""denominator"":245237},""1.0"":{""count"":0,""denominator"":245237}}",unavailable,unavailable,0,w0:p1,245237,signed maximum,first in producer window/position order; exact equality,"{""count"":245237,""denominator"":245237}","{""count"":245237,""denominator"":245237}",unavailable,unavailable
c5f1daa35261cf950172dfa8,counterfact,matched_update,0,103,1000,full_validation,original,loss,complete,245237,245237,0,0,0,0,0,"{""0.01"":{""count"":0,""denominator"":245237},""0.1"":{""count"":0,""denominator"":245237},""1.0"":{""count"":0,""denominator"":245237}}",1,False,0,w0:p1,245237,signed maximum,first in producer window/position order; exact equality,"{""count"":245237,""denominator"":245237}","{""count"":245237,""denominator"":245237}",unavailable,unavailable
c5f1daa35261cf950172dfa8,counterfact,matched_update,0,103,1000,full_validation,original,kl,complete,245237,245237,0,0,0,0,0,"{""0.01"":{""count"":0,""denominator"":245237},""0.1"":{""count"":0,""denominator"":245237},""1.0"":{""count"":0,""denominator"":245237}}",unavailable,unavailable,0,w0:p1,245237,signed maximum,first in producer window/position order; exact equality,"{""count"":245237,""denominator"":245237}","{""count"":245237,""denominator"":245237}",unavailable,unavailable
244f29ba9b89c48d08c257c7,counterfact,matched_update,0,104,100,sampled_drift,original,loss,complete,16256,16256,0,0,0,0,0,"{""0.01"":0,""0.1"":0,""1.0"":0}",1,False,unavailable,w0:p1,unavailable,positive-part maximum,first in producer sample order; tie count unavailable,unavailable,unavailable,16256,16256
244f29ba9b89c48d08c257c7,counterfact,matched_update,0,104,100,sampled_drift,capoff,loss,complete,16256,16256,0,0,0,0,0,"{""0.01"":0,""0.1"":0,""1.0"":0}",1,False,unavailable,w0:p1,unavailable,positive-part maximum,first in producer sample order; tie count unavailable,unavailable,unavailable,16256,16256
244f29ba9b89c48d08c257c7,counterfact,matched_update,0,104,300,sampled_drift,original,loss,complete,16256,16256,0,0,0,0,0,"{""0.01"":0,""0.1"":0,""1.0"":0}",1,False,unavailable,w0:p1,unavailable,positive-part maximum,first in producer sample order; tie count unavailable,unavailable,unavailable,16256,16256
244f29ba9b89c48d08c257c7,counterfact,matched_update,0,104,300,sampled_drift,capoff,loss,complete,16256,16256,0,0,0,0,0,"{""0.01"":0,""0.1"":0,""1.0"":0}",1,False,unavailable,w0:p1,unavailable,positive-part maximum,first in producer sample order; tie count unavailable,unavailable,unavailable,16256,16256
244f29ba9b89c48d08c257c7,counterfact,matched_update,0,104,1000,sampled_drift,original,loss,complete,16256,16256,0,0,0,0,0,"{""0.01"":0,""0.1"":0,""1.0"":0}",1,False,unavailable,w0:p1,unavailable,positive-part maximum,first in producer sample order; tie count unavailable,unavailable,unavailable,16256,16256
244f29ba9b89c48d08c257c7,counterfact,matched_update,0,104,1000,sampled_drift,capoff,loss,complete,16256,16256,0,0,0,0,0,"{""0.01"":0,""0.1"":0,""1.0"":0}",1,False,unavailable,w0:p1,unavailable,positive-part maximum,first in producer sample order; tie count unavailable,unavailable,unavailable,16256,16256
244f29ba9b89c48d08c257c7,counterfact,matched_update,0,104,1000,full_validation,capoff,loss,complete,245237,245237,0,0,0,0,0,"{""0.01"":{""count"":0,""denominator"":245237},""0.1"":{""count"":0,""denominator"":245237},""1.0"":{""count"":0,""denominator"":245237}}",1,False,0,w0:p1,245237,signed maximum,first in producer window/position order; exact equality,"{""count"":245237,""denominator"":245237}","{""count"":245237,""denominator"":245237}",unavailable,unavailable
244f29ba9b89c48d08c257c7,counterfact,matched_update,0,104,1000,full_validation,capoff,kl,complete,245237,245237,0,0,0,0,0,"{""0.01"":{""count"":0,""denominator"":245237},""0.1"":{""count"":0,""denominator"":245237},""1.0"":{""count"":0,""denominator"":245237}}",unavailable,unavailable,0,w0:p1,245237,signed maximum,first in producer window/position order; exact equality,"{""count"":245237,""denominator"":245237}","{""count"":245237,""denominator"":245237}",unavailable,unavailable
244f29ba9b89c48d08c257c7,counterfact,matched_update,0,104,1000,full_validation,original,loss,complete,245237,245237,0,0,0,0,0,"{""0.01"":{""count"":0,""denominator"":245237},""0.1"":{""count"":0,""denominator"":245237},""1.0"":{""count"":0,""denominator"":245237}}",1,False,0,w0:p1,245237,signed maximum,first in producer window/position order; exact equality,"{""count"":245237,""denominator"":245237}","{""count"":245237,""denominator"":245237}",unavailable,unavailable
244f29ba9b89c48d08c257c7,counterfact,matched_update,0,104,1000,full_validation,original,kl,complete,245237,245237,0,0,0,0,0,"{""0.01"":{""count"":0,""denominator"":245237},""0.1"":{""count"":0,""denominator"":245237},""1.0"":{""count"":0,""denominator"":245237}}",unavailable,unavailable,0,w0:p1,245237,signed maximum,first in producer window/position order; exact equality,"{""count"":245237,""denominator"":245237}","{""count"":245237,""denominator"":245237}",unavailable,unavailable
b8924c056fee6d000f5492d1,counterfact,matched_update,1,100,100,sampled_drift,original,loss,complete,16256,16256,0,0,0,0,0,"{""0.01"":0,""0.1"":0,""1.0"":0}",1,False,unavailable,w0:p1,unavailable,positive-part maximum,first in producer sample order; tie count unavailable,unavailable,unavailable,16256,16256
b8924c056fee6d000f5492d1,counterfact,matched_update,1,100,100,sampled_drift,capoff,loss,complete,16256,16256,0,0,0,0,0,"{""0.01"":0,""0.1"":0,""1.0"":0}",1,False,unavailable,w0:p1,unavailable,positive-part maximum,first in producer sample order; tie count unavailable,unavailable,unavailable,16256,16256
b8924c056fee6d000f5492d1,counterfact,matched_update,1,100,300,sampled_drift,original,loss,complete,16256,16256,0,0,0,0,0,"{""0.01"":0,""0.1"":0,""1.0"":0}",1,False,unavailable,w0:p1,unavailable,positive-part maximum,first in producer sample order; tie count unavailable,unavailable,unavailable,16256,16256
b8924c056fee6d000f5492d1,counterfact,matched_update,1,100,300,sampled_drift,capoff,loss,complete,16256,16256,0,0,0,0,0,"{""0.01"":0,""0.1"":0,""1.0"":0}",1,False,unavailable,w0:p1,unavailable,positive-part maximum,first in producer sample order; tie count unavailable,unavailable,unavailable,16256,16256
b8924c056fee6d000f5492d1,counterfact,matched_update,1,100,1000,sampled_drift,original,loss,complete,16256,16256,0,0,0,0,0,"{""0.01"":0,""0.1"":0,""1.0"":0}",1,False,unavailable,w0:p1,unavailable,positive-part maximum,first in producer sample order; tie count unavailable,unavailable,unavailable,16256,16256
b8924c056fee6d000f5492d1,counterfact,matched_update,1,100,1000,sampled_drift,capoff,loss,complete,16256,16256,0,0,0,0,0,"{""0.01"":0,""0.1"":0,""1.0"":0}",1,False,unavailable,w0:p1,unavailable,positive-part maximum,first in producer sample order; tie count unavailable,unavailable,unavailable,16256,16256
b8924c056fee6d000f5492d1,counterfact,matched_update,1,100,1000,full_validation,capoff,loss,complete,245237,245237,0,0,0,0,0,"{""0.01"":{""count"":0,""denominator"":245237},""0.1"":{""count"":0,""denominator"":245237},""1.0"":{""count"":0,""denominator"":245237}}",1,False,0,w0:p1,245237,signed maximum,first in producer window/position order; exact equality,"{""count"":245237,""denominator"":245237}","{""count"":245237,""denominator"":245237}",unavailable,unavailable
b8924c056fee6d000f5492d1,counterfact,matched_update,1,100,1000,full_validation,capoff,kl,complete,245237,245237,0,0,0,0,0,"{""0.01"":{""count"":0,""denominator"":245237},""0.1"":{""count"":0,""denominator"":245237},""1.0"":{""count"":0,""denominator"":245237}}",unavailable,unavailable,0,w0:p1,245237,signed maximum,first in producer window/position order; exact equality,"{""count"":245237,""denominator"":245237}","{""count"":245237,""denominator"":245237}",unavailable,unavailable
b8924c056fee6d000f5492d1,counterfact,matched_update,1,100,1000,full_validation,original,loss,complete,245237,245237,0,0,0,0,0,"{""0.01"":{""count"":0,""denominator"":245237},""0.1"":{""count"":0,""denominator"":245237},""1.0"":{""count"":0,""denominator"":245237}}",1,False,0,w0:p1,245237,signed maximum,first in producer window/position order; exact equality,"{""count"":245237,""denominator"":245237}","{""count"":245237,""denominator"":245237}",unavailable,unavailable
b8924c056fee6d000f5492d1,counterfact,matched_update,1,100,1000,full_validation,original,kl,complete,245237,245237,0,0,0,0,0,"{""0.01"":{""count"":0,""denominator"":245237},""0.1"":{""count"":0,""denominator"":245237},""1.0"":{""count"":0,""denominator"":245237}}",unavailable,unavailable,0,w0:p1,245237,signed maximum,first in producer window/position order; exact equality,"{""count"":245237,""denominator"":245237}","{""count"":245237,""denominator"":245237}",unavailable,unavailable
4944219da107f9ed1daccef5,counterfact,matched_update,1,101,100,sampled_drift,original,loss,complete,16256,16256,0,0,0,0,0,"{""0.01"":0,""0.1"":0,""1.0"":0}",1,False,unavailable,w0:p1,unavailable,positive-part maximum,first in producer sample order; tie count unavailable,unavailable,unavailable,16256,16256
4944219da107f9ed1daccef5,counterfact,matched_update,1,101,100,sampled_drift,capoff,loss,complete,16256,16256,0,0,0,0,0,"{""0.01"":0,""0.1"":0,""1.0"":0}",1,False,unavailable,w0:p1,unavailable,positive-part maximum,first in producer sample order; tie count unavailable,unavailable,unavailable,16256,16256
4944219da107f9ed1daccef5,counterfact,matched_update,1,101,300,sampled_drift,original,loss,complete,16256,16256,0,0,0,0,0,"{""0.01"":0,""0.1"":0,""1.0"":0}",1,False,unavailable,w0:p1,unavailable,positive-part maximum,first in producer sample order; tie count unavailable,unavailable,unavailable,16256,16256
4944219da107f9ed1daccef5,counterfact,matched_update,1,101,300,sampled_drift,capoff,loss,complete,16256,16256,0,0,0,0,0,"{""0.01"":0,""0.1"":0,""1.0"":0}",1,False,unavailable,w0:p1,unavailable,positive-part maximum,first in producer sample order; tie count unavailable,unavailable,unavailable,16256,16256
4944219da107f9ed1daccef5,counterfact,matched_update,1,101,1000,sampled_drift,original,loss,complete,16256,16256,0,0,0,0,0,"{""0.01"":0,""0.1"":0,""1.0"":0}",1,False,unavailable,w0:p1,unavailable,positive-part maximum,first in producer sample order; tie count unavailable,unavailable,unavailable,16256,16256
4944219da107f9ed1daccef5,counterfact,matched_update,1,101,1000,sampled_drift,capoff,loss,complete,16256,16256,0,0,0,0,0,"{""0.01"":0,""0.1"":0,""1.0"":0}",1,False,unavailable,w0:p1,unavailable,positive-part maximum,first in producer sample order; tie count unavailable,unavailable,unavailable,16256,16256
4944219da107f9ed1daccef5,counterfact,matched_update,1,101,1000,full_validation,capoff,loss,complete,245237,245237,0,0,0,0,0,"{""0.01"":{""count"":0,""denominator"":245237},""0.1"":{""count"":0,""denominator"":245237},""1.0"":{""count"":0,""denominator"":245237}}",1,False,0,w0:p1,245237,signed maximum,first in producer window/position order; exact equality,"{""count"":245237,""denominator"":245237}","{""count"":245237,""denominator"":245237}",unavailable,unavailable
4944219da107f9ed1daccef5,counterfact,matched_update,1,101,1000,full_validation,capoff,kl,complete,245237,245237,0,0,0,0,0,"{""0.01"":{""count"":0,""denominator"":245237},""0.1"":{""count"":0,""denominator"":245237},""1.0"":{""count"":0,""denominator"":245237}}",unavailable,unavailable,0,w0:p1,245237,signed maximum,first in producer window/position order; exact equality,"{""count"":245237,""denominator"":245237}","{""count"":245237,""denominator"":245237}",unavailable,unavailable
4944219da107f9ed1daccef5,counterfact,matched_update,1,101,1000,full_validation,original,loss,complete,245237,245237,0,0,0,0,0,"{""0.01"":{""count"":0,""denominator"":245237},""0.1"":{""count"":0,""denominator"":245237},""1.0"":{""count"":0,""denominator"":245237}}",1,False,0,w0:p1,245237,signed maximum,first in producer window/position order; exact equality,"{""count"":245237,""denominator"":245237}","{""count"":245237,""denominator"":245237}",unavailable,unavailable
4944219da107f9ed1daccef5,counterfact,matched_update,1,101,1000,full_validation,original,kl,complete,245237,245237,0,0,0,0,0,"{""0.01"":{""count"":0,""denominator"":245237},""0.1"":{""count"":0,""denominator"":245237},""1.0"":{""count"":0,""denominator"":245237}}",unavailable,unavailable,0,w0:p1,245237,signed maximum,first in producer window/position order; exact equality,"{""count"":245237,""denominator"":245237}","{""count"":245237,""denominator"":245237}",unavailable,unavailable
ac46789a7ebda9982aebd343,counterfact,matched_update,1,102,100,sampled_drift,original,loss,complete,16256,16256,0,0,0,0,0,"{""0.01"":0,""0.1"":0,""1.0"":0}",1,False,unavailable,w0:p1,unavailable,positive-part maximum,first in producer sample order; tie count unavailable,unavailable,unavailable,16256,16256
ac46789a7ebda9982aebd343,counterfact,matched_update,1,102,100,sampled_drift,capoff,loss,complete,16256,16256,0,0,0,0,0,"{""0.01"":0,""0.1"":0,""1.0"":0}",1,False,unavailable,w0:p1,unavailable,positive-part maximum,first in producer sample order; tie count unavailable,unavailable,unavailable,16256,16256
ac46789a7ebda9982aebd343,counterfact,matched_update,1,102,300,sampled_drift,original,loss,complete,16256,16256,0,0,0,0,0,"{""0.01"":0,""0.1"":0,""1.0"":0}",1,False,unavailable,w0:p1,unavailable,positive-part maximum,first in producer sample order; tie count unavailable,unavailable,unavailable,16256,16256
ac46789a7ebda9982aebd343,counterfact,matched_update,1,102,300,sampled_drift,capoff,loss,complete,16256,16256,0,0,0,0,0,"{""0.01"":0,""0.1"":0,""1.0"":0}",1,False,unavailable,w0:p1,unavailable,positive-part maximum,first in producer sample order; tie count unavailable,unavailable,unavailable,16256,16256
ac46789a7ebda9982aebd343,counterfact,matched_update,1,102,1000,sampled_drift,original,loss,complete,16256,16256,0,0,0,0,0,"{""0.01"":0,""0.1"":0,""1.0"":0}",1,False,unavailable,w0:p1,unavailable,positive-part maximum,first in producer sample order; tie count unavailable,unavailable,unavailable,16256,16256
ac46789a7ebda9982aebd343,counterfact,matched_update,1,102,1000,sampled_drift,capoff,loss,complete,16256,16256,0,0,0,0,0,"{""0.01"":0,""0.1"":0,""1.0"":0}",1,False,unavailable,w0:p1,unavailable,positive-part maximum,first in producer sample order; tie count unavailable,unavailable,unavailable,16256,16256
ac46789a7ebda9982aebd343,counterfact,matched_update,1,102,1000,full_validation,capoff,loss,complete,245237,245237,0,0,0,0,0,"{""0.01"":{""count"":0,""denominator"":245237},""0.1"":{""count"":0,""denominator"":245237},""1.0"":{""count"":0,""denominator"":245237}}",1,False,0,w0:p1,245237,signed maximum,first in producer window/position order; exact equality,"{""count"":245237,""denominator"":245237}","{""count"":245237,""denominator"":245237}",unavailable,unavailable
ac46789a7ebda9982aebd343,counterfact,matched_update,1,102,1000,full_validation,capoff,kl,complete,245237,245237,0,0,0,0,0,"{""0.01"":{""count"":0,""denominator"":245237},""0.1"":{""count"":0,""denominator"":245237},""1.0"":{""count"":0,""denominator"":245237}}",unavailable,unavailable,0,w0:p1,245237,signed maximum,first in producer window/position order; exact equality,"{""count"":245237,""denominator"":245237}","{""count"":245237,""denominator"":245237}",unavailable,unavailable
ac46789a7ebda9982aebd343,counterfact,matched_update,1,102,1000,full_validation,original,loss,complete,245237,245237,0,0,0,0,0,"{""0.01"":{""count"":0,""denominator"":245237},""0.1"":{""count"":0,""denominator"":245237},""1.0"":{""count"":0,""denominator"":245237}}",1,False,0,w0:p1,245237,signed maximum,first in producer window/position order; exact equality,"{""count"":245237,""denominator"":245237}","{""count"":245237,""denominator"":245237}",unavailable,unavailable
ac46789a7ebda9982aebd343,counterfact,matched_update,1,102,1000,full_validation,original,kl,complete,245237,245237,0,0,0,0,0,"{""0.01"":{""count"":0,""denominator"":245237},""0.1"":{""count"":0,""denominator"":245237},""1.0"":{""count"":0,""denominator"":245237}}",unavailable,unavailable,0,w0:p1,245237,signed maximum,first in producer window/position order; exact equality,"{""count"":245237,""denominator"":245237}","{""count"":245237,""denominator"":245237}",unavailable,unavailable
ccf4e4f1fca14a048eecd38f,counterfact,matched_update,1,103,100,sampled_drift,original,loss,complete,16256,16256,0,0,0,0,0,"{""0.01"":0,""0.1"":0,""1.0"":0}",1,False,unavailable,w0:p1,unavailable,positive-part maximum,first in producer sample order; tie count unavailable,unavailable,unavailable,16256,16256
ccf4e4f1fca14a048eecd38f,counterfact,matched_update,1,103,100,sampled_drift,capoff,loss,complete,16256,16256,0,0,0,0,0,"{""0.01"":0,""0.1"":0,""1.0"":0}",1,False,unavailable,w0:p1,unavailable,positive-part maximum,first in producer sample order; tie count unavailable,unavailable,unavailable,16256,16256
ccf4e4f1fca14a048eecd38f,counterfact,matched_update,1,103,300,sampled_drift,original,loss,complete,16256,16256,0,0,0,0,0,"{""0.01"":0,""0.1"":0,""1.0"":0}",1,False,unavailable,w0:p1,unavailable,positive-part maximum,first in producer sample order; tie count unavailable,unavailable,unavailable,16256,16256
ccf4e4f1fca14a048eecd38f,counterfact,matched_update,1,103,300,sampled_drift,capoff,loss,complete,16256,16256,0,0,0,0,0,"{""0.01"":0,""0.1"":0,""1.0"":0}",1,False,unavailable,w0:p1,unavailable,positive-part maximum,first in producer sample order; tie count unavailable,unavailable,unavailable,16256,16256
ccf4e4f1fca14a048eecd38f,counterfact,matched_update,1,103,1000,sampled_drift,original,loss,complete,16256,16256,0,0,0,0,0,"{""0.01"":0,""0.1"":0,""1.0"":0}",1,False,unavailable,w0:p1,unavailable,positive-part maximum,first in producer sample order; tie count unavailable,unavailable,unavailable,16256,16256
ccf4e4f1fca14a048eecd38f,counterfact,matched_update,1,103,1000,sampled_drift,capoff,loss,complete,16256,16256,0,0,0,0,0,"{""0.01"":0,""0.1"":0,""1.0"":0}",1,False,unavailable,w0:p1,unavailable,positive-part maximum,first in producer sample order; tie count unavailable,unavailable,unavailable,16256,16256
ccf4e4f1fca14a048eecd38f,counterfact,matched_update,1,103,1000,full_validation,capoff,loss,complete,245237,245237,0,0,0,0,0,"{""0.01"":{""count"":0,""denominator"":245237},""0.1"":{""count"":0,""denominator"":245237},""1.0"":{""count"":0,""denominator"":245237}}",1,False,0,w0:p1,245237,signed maximum,first in producer window/position order; exact equality,"{""count"":245237,""denominator"":245237}","{""count"":245237,""denominator"":245237}",unavailable,unavailable
ccf4e4f1fca14a048eecd38f,counterfact,matched_update,1,103,1000,full_validation,capoff,kl,complete,245237,245237,0,0,0,0,0,"{""0.01"":{""count"":0,""denominator"":245237},""0.1"":{""count"":0,""denominator"":245237},""1.0"":{""count"":0,""denominator"":245237}}",unavailable,unavailable,0,w0:p1,245237,signed maximum,first in producer window/position order; exact equality,"{""count"":245237,""denominator"":245237}","{""count"":245237,""denominator"":245237}",unavailable,unavailable
ccf4e4f1fca14a048eecd38f,counterfact,matched_update,1,103,1000,full_validation,original,loss,complete,245237,245237,0,0,0,0,0,"{""0.01"":{""count"":0,""denominator"":245237},""0.1"":{""count"":0,""denominator"":245237},""1.0"":{""count"":0,""denominator"":245237}}",1,False,0,w0:p1,245237,signed maximum,first in producer window/position order; exact equality,"{""count"":245237,""denominator"":245237}","{""count"":245237,""denominator"":245237}",unavailable,unavailable
ccf4e4f1fca14a048eecd38f,counterfact,matched_update,1,103,1000,full_validation,original,kl,complete,245237,245237,0,0,0,0,0,"{""0.01"":{""count"":0,""denominator"":245237},""0.1"":{""count"":0,""denominator"":245237},""1.0"":{""count"":0,""denominator"":245237}}",unavailable,unavailable,0,w0:p1,245237,signed maximum,first in producer window/position order; exact equality,"{""count"":245237,""denominator"":245237}","{""count"":245237,""denominator"":245237}",unavailable,unavailable
6c9ac68dd90eb2d39d339b6a,counterfact,matched_update,1,104,100,sampled_drift,original,loss,complete,16256,16256,0,0,0,0,0,"{""0.01"":0,""0.1"":0,""1.0"":0}",1,False,unavailable,w0:p1,unavailable,positive-part maximum,first in producer sample order; tie count unavailable,unavailable,unavailable,16256,16256
6c9ac68dd90eb2d39d339b6a,counterfact,matched_update,1,104,100,sampled_drift,capoff,loss,complete,16256,16256,0,0,0,0,0,"{""0.01"":0,""0.1"":0,""1.0"":0}",1,False,unavailable,w0:p1,unavailable,positive-part maximum,first in producer sample order; tie count unavailable,unavailable,unavailable,16256,16256
6c9ac68dd90eb2d39d339b6a,counterfact,matched_update,1,104,300,sampled_drift,original,loss,complete,16256,16256,0,0,0,0,0,"{""0.01"":0,""0.1"":0,""1.0"":0}",1,False,unavailable,w0:p1,unavailable,positive-part maximum,first in producer sample order; tie count unavailable,unavailable,unavailable,16256,16256
6c9ac68dd90eb2d39d339b6a,counterfact,matched_update,1,104,300,sampled_drift,capoff,loss,complete,16256,16256,0,0,0,0,0,"{""0.01"":0,""0.1"":0,""1.0"":0}",1,False,unavailable,w0:p1,unavailable,positive-part maximum,first in producer sample order; tie count unavailable,unavailable,unavailable,16256,16256
6c9ac68dd90eb2d39d339b6a,counterfact,matched_update,1,104,1000,sampled_drift,original,loss,complete,16256,16256,0,0,0,0,0,"{""0.01"":0,""0.1"":0,""1.0"":0}",1,False,unavailable,w0:p1,unavailable,positive-part maximum,first in producer sample order; tie count unavailable,unavailable,unavailable,16256,16256
6c9ac68dd90eb2d39d339b6a,counterfact,matched_update,1,104,1000,sampled_drift,capoff,loss,complete,16256,16256,0,0,0,0,0,"{""0.01"":0,""0.1"":0,""1.0"":0}",1,False,unavailable,w0:p1,unavailable,positive-part maximum,first in producer sample order; tie count unavailable,unavailable,unavailable,16256,16256
6c9ac68dd90eb2d39d339b6a,counterfact,matched_update,1,104,1000,full_validation,capoff,loss,complete,245237,245237,0,0,0,0,0,"{""0.01"":{""count"":0,""denominator"":245237},""0.1"":{""count"":0,""denominator"":245237},""1.0"":{""count"":0,""denominator"":245237}}",1,False,0,w0:p1,245237,signed maximum,first in producer window/position order; exact equality,"{""count"":245237,""denominator"":245237}","{""count"":245237,""denominator"":245237}",unavailable,unavailable
6c9ac68dd90eb2d39d339b6a,counterfact,matched_update,1,104,1000,full_validation,capoff,kl,complete,245237,245237,0,0,0,0,0,"{""0.01"":{""count"":0,""denominator"":245237},""0.1"":{""count"":0,""denominator"":245237},""1.0"":{""count"":0,""denominator"":245237}}",unavailable,unavailable,0,w0:p1,245237,signed maximum,first in producer window/position order; exact equality,"{""count"":245237,""denominator"":245237}","{""count"":245237,""denominator"":245237}",unavailable,unavailable
6c9ac68dd90eb2d39d339b6a,counterfact,matched_update,1,104,1000,full_validation,original,loss,complete,245237,245237,0,0,0,0,0,"{""0.01"":{""count"":0,""denominator"":245237},""0.1"":{""count"":0,""denominator"":245237},""1.0"":{""count"":0,""denominator"":245237}}",1,False,0,w0:p1,245237,signed maximum,first in producer window/position order; exact equality,"{""count"":245237,""denominator"":245237}","{""count"":245237,""denominator"":245237}",unavailable,unavailable
6c9ac68dd90eb2d39d339b6a,counterfact,matched_update,1,104,1000,full_validation,original,kl,complete,245237,245237,0,0,0,0,0,"{""0.01"":{""count"":0,""denominator"":245237},""0.1"":{""count"":0,""denominator"":245237},""1.0"":{""count"":0,""denominator"":245237}}",unavailable,unavailable,0,w0:p1,245237,signed maximum,first in producer window/position order; exact equality,"{""count"":245237,""denominator"":245237}","{""count"":245237,""denominator"":245237}",unavailable,unavailable
672b5b4a7ea9b83b8668fbe2,counterfact,matched_update,2,100,100,sampled_drift,original,loss,complete,16256,16256,0,0,0,0,0,"{""0.01"":0,""0.1"":0,""1.0"":0}",1,False,unavailable,w0:p1,unavailable,positive-part maximum,first in producer sample order; tie count unavailable,unavailable,unavailable,16256,16256
672b5b4a7ea9b83b8668fbe2,counterfact,matched_update,2,100,100,sampled_drift,capoff,loss,complete,16256,16256,0,0,0,0,0,"{""0.01"":0,""0.1"":0,""1.0"":0}",1,False,unavailable,w0:p1,unavailable,positive-part maximum,first in producer sample order; tie count unavailable,unavailable,unavailable,16256,16256
672b5b4a7ea9b83b8668fbe2,counterfact,matched_update,2,100,300,sampled_drift,original,loss,complete,16256,16256,0,0,0,0,0,"{""0.01"":0,""0.1"":0,""1.0"":0}",1,False,unavailable,w0:p1,unavailable,positive-part maximum,first in producer sample order; tie count unavailable,unavailable,unavailable,16256,16256
672b5b4a7ea9b83b8668fbe2,counterfact,matched_update,2,100,300,sampled_drift,capoff,loss,complete,16256,16256,0,0,0,0,0,"{""0.01"":0,""0.1"":0,""1.0"":0}",1,False,unavailable,w0:p1,unavailable,positive-part maximum,first in producer sample order; tie count unavailable,unavailable,unavailable,16256,16256
672b5b4a7ea9b83b8668fbe2,counterfact,matched_update,2,100,1000,sampled_drift,original,loss,complete,16256,16256,0,0,0,0,0,"{""0.01"":0,""0.1"":0,""1.0"":0}",1,False,unavailable,w0:p1,unavailable,positive-part maximum,first in producer sample order; tie count unavailable,unavailable,unavailable,16256,16256
672b5b4a7ea9b83b8668fbe2,counterfact,matched_update,2,100,1000,sampled_drift,capoff,loss,complete,16256,16256,0,0,0,0,0,"{""0.01"":0,""0.1"":0,""1.0"":0}",1,False,unavailable,w0:p1,unavailable,positive-part maximum,first in producer sample order; tie count unavailable,unavailable,unavailable,16256,16256
672b5b4a7ea9b83b8668fbe2,counterfact,matched_update,2,100,1000,full_validation,capoff,loss,complete,245237,245237,0,0,0,0,0,"{""0.01"":{""count"":0,""denominator"":245237},""0.1"":{""count"":0,""denominator"":245237},""1.0"":{""count"":0,""denominator"":245237}}",1,False,0,w0:p1,245237,signed maximum,first in producer window/position order; exact equality,"{""count"":245237,""denominator"":245237}","{""count"":245237,""denominator"":245237}",unavailable,unavailable
672b5b4a7ea9b83b8668fbe2,counterfact,matched_update,2,100,1000,full_validation,capoff,kl,complete,245237,245237,0,0,0,0,0,"{""0.01"":{""count"":0,""denominator"":245237},""0.1"":{""count"":0,""denominator"":245237},""1.0"":{""count"":0,""denominator"":245237}}",unavailable,unavailable,0,w0:p1,245237,signed maximum,first in producer window/position order; exact equality,"{""count"":245237,""denominator"":245237}","{""count"":245237,""denominator"":245237}",unavailable,unavailable
672b5b4a7ea9b83b8668fbe2,counterfact,matched_update,2,100,1000,full_validation,original,loss,complete,245237,245237,0,0,0,0,0,"{""0.01"":{""count"":0,""denominator"":245237},""0.1"":{""count"":0,""denominator"":245237},""1.0"":{""count"":0,""denominator"":245237}}",1,False,0,w0:p1,245237,signed maximum,first in producer window/position order; exact equality,"{""count"":245237,""denominator"":245237}","{""count"":245237,""denominator"":245237}",unavailable,unavailable
672b5b4a7ea9b83b8668fbe2,counterfact,matched_update,2,100,1000,full_validation,original,kl,complete,245237,245237,0,0,0,0,0,"{""0.01"":{""count"":0,""denominator"":245237},""0.1"":{""count"":0,""denominator"":245237},""1.0"":{""count"":0,""denominator"":245237}}",unavailable,unavailable,0,w0:p1,245237,signed maximum,first in producer window/position order; exact equality,"{""count"":245237,""denominator"":245237}","{""count"":245237,""denominator"":245237}",unavailable,unavailable
b8f1ca491f4e29db862af920,counterfact,matched_update,2,101,100,sampled_drift,original,loss,complete,16256,16256,0,0,0,0,0,"{""0.01"":0,""0.1"":0,""1.0"":0}",1,False,unavailable,w0:p1,unavailable,positive-part maximum,first in producer sample order; tie count unavailable,unavailable,unavailable,16256,16256
b8f1ca491f4e29db862af920,counterfact,matched_update,2,101,100,sampled_drift,capoff,loss,complete,16256,16256,0,0,0,0,0,"{""0.01"":0,""0.1"":0,""1.0"":0}",1,False,unavailable,w0:p1,unavailable,positive-part maximum,first in producer sample order; tie count unavailable,unavailable,unavailable,16256,16256
b8f1ca491f4e29db862af920,counterfact,matched_update,2,101,300,sampled_drift,original,loss,complete,16256,16256,0,0,0,0,0,"{""0.01"":0,""0.1"":0,""1.0"":0}",1,False,unavailable,w0:p1,unavailable,positive-part maximum,first in producer sample order; tie count unavailable,unavailable,unavailable,16256,16256
b8f1ca491f4e29db862af920,counterfact,matched_update,2,101,300,sampled_drift,capoff,loss,complete,16256,16256,0,0,0,0,0,"{""0.01"":0,""0.1"":0,""1.0"":0}",1,False,unavailable,w0:p1,unavailable,positive-part maximum,first in producer sample order; tie count unavailable,unavailable,unavailable,16256,16256
b8f1ca491f4e29db862af920,counterfact,matched_update,2,101,1000,sampled_drift,original,loss,complete,16256,16256,0,0,0,0,0,"{""0.01"":0,""0.1"":0,""1.0"":0}",1,False,unavailable,w0:p1,unavailable,positive-part maximum,first in producer sample order; tie count unavailable,unavailable,unavailable,16256,16256
b8f1ca491f4e29db862af920,counterfact,matched_update,2,101,1000,sampled_drift,capoff,loss,complete,16256,16256,0,0,0,0,0,"{""0.01"":0,""0.1"":0,""1.0"":0}",1,False,unavailable,w0:p1,unavailable,positive-part maximum,first in producer sample order; tie count unavailable,unavailable,unavailable,16256,16256
b8f1ca491f4e29db862af920,counterfact,matched_update,2,101,1000,full_validation,capoff,loss,complete,245237,245237,0,0,0,0,0,"{""0.01"":{""count"":0,""denominator"":245237},""0.1"":{""count"":0,""denominator"":245237},""1.0"":{""count"":0,""denominator"":245237}}",1,False,0,w0:p1,245237,signed maximum,first in producer window/position order; exact equality,"{""count"":245237,""denominator"":245237}","{""count"":245237,""denominator"":245237}",unavailable,unavailable
b8f1ca491f4e29db862af920,counterfact,matched_update,2,101,1000,full_validation,capoff,kl,complete,245237,245237,0,0,0,0,0,"{""0.01"":{""count"":0,""denominator"":245237},""0.1"":{""count"":0,""denominator"":245237},""1.0"":{""count"":0,""denominator"":245237}}",unavailable,unavailable,0,w0:p1,245237,signed maximum,first in producer window/position order; exact equality,"{""count"":245237,""denominator"":245237}","{""count"":245237,""denominator"":245237}",unavailable,unavailable
b8f1ca491f4e29db862af920,counterfact,matched_update,2,101,1000,full_validation,original,loss,complete,245237,245237,0,0,0,0,0,"{""0.01"":{""count"":0,""denominator"":245237},""0.1"":{""count"":0,""denominator"":245237},""1.0"":{""count"":0,""denominator"":245237}}",1,False,0,w0:p1,245237,signed maximum,first in producer window/position order; exact equality,"{""count"":245237,""denominator"":245237}","{""count"":245237,""denominator"":245237}",unavailable,unavailable
b8f1ca491f4e29db862af920,counterfact,matched_update,2,101,1000,full_validation,original,kl,complete,245237,245237,0,0,0,0,0,"{""0.01"":{""count"":0,""denominator"":245237},""0.1"":{""count"":0,""denominator"":245237},""1.0"":{""count"":0,""denominator"":245237}}",unavailable,unavailable,0,w0:p1,245237,signed maximum,first in producer window/position order; exact equality,"{""count"":245237,""denominator"":245237}","{""count"":245237,""denominator"":245237}",unavailable,unavailable
5efb497774b3f4f9ad8e7f7d,counterfact,matched_update,2,102,100,sampled_drift,original,loss,complete,16256,16256,0,0,0,0,0,"{""0.01"":0,""0.1"":0,""1.0"":0}",1,False,unavailable,w0:p1,unavailable,positive-part maximum,first in producer sample order; tie count unavailable,unavailable,unavailable,16256,16256
5efb497774b3f4f9ad8e7f7d,counterfact,matched_update,2,102,100,sampled_drift,capoff,loss,complete,16256,16256,0,0,0,0,0,"{""0.01"":0,""0.1"":0,""1.0"":0}",1,False,unavailable,w0:p1,unavailable,positive-part maximum,first in producer sample order; tie count unavailable,unavailable,unavailable,16256,16256
5efb497774b3f4f9ad8e7f7d,counterfact,matched_update,2,102,300,sampled_drift,original,loss,complete,16256,16256,0,0,0,0,0,"{""0.01"":0,""0.1"":0,""1.0"":0}",1,False,unavailable,w0:p1,unavailable,positive-part maximum,first in producer sample order; tie count unavailable,unavailable,unavailable,16256,16256
5efb497774b3f4f9ad8e7f7d,counterfact,matched_update,2,102,300,sampled_drift,capoff,loss,complete,16256,16256,0,0,0,0,0,"{""0.01"":0,""0.1"":0,""1.0"":0}",1,False,unavailable,w0:p1,unavailable,positive-part maximum,first in producer sample order; tie count unavailable,unavailable,unavailable,16256,16256
5efb497774b3f4f9ad8e7f7d,counterfact,matched_update,2,102,1000,sampled_drift,original,loss,complete,16256,16256,0,0,0,0,0,"{""0.01"":0,""0.1"":0,""1.0"":0}",1,False,unavailable,w0:p1,unavailable,positive-part maximum,first in producer sample order; tie count unavailable,unavailable,unavailable,16256,16256
5efb497774b3f4f9ad8e7f7d,counterfact,matched_update,2,102,1000,sampled_drift,capoff,loss,complete,16256,16256,0,0,0,0,0,"{""0.01"":0,""0.1"":0,""1.0"":0}",1,False,unavailable,w0:p1,unavailable,positive-part maximum,first in producer sample order; tie count unavailable,unavailable,unavailable,16256,16256
5efb497774b3f4f9ad8e7f7d,counterfact,matched_update,2,102,1000,full_validation,capoff,loss,complete,245237,245237,0,0,0,0,0,"{""0.01"":{""count"":0,""denominator"":245237},""0.1"":{""count"":0,""denominator"":245237},""1.0"":{""count"":0,""denominator"":245237}}",1,False,0,w0:p1,245237,signed maximum,first in producer window/position order; exact equality,"{""count"":245237,""denominator"":245237}","{""count"":245237,""denominator"":245237}",unavailable,unavailable
5efb497774b3f4f9ad8e7f7d,counterfact,matched_update,2,102,1000,full_validation,capoff,kl,complete,245237,245237,0,0,0,0,0,"{""0.01"":{""count"":0,""denominator"":245237},""0.1"":{""count"":0,""denominator"":245237},""1.0"":{""count"":0,""denominator"":245237}}",unavailable,unavailable,0,w0:p1,245237,signed maximum,first in producer window/position order; exact equality,"{""count"":245237,""denominator"":245237}","{""count"":245237,""denominator"":245237}",unavailable,unavailable
5efb497774b3f4f9ad8e7f7d,counterfact,matched_update,2,102,1000,full_validation,original,loss,complete,245237,245237,0,0,0,0,0,"{""0.01"":{""count"":0,""denominator"":245237},""0.1"":{""count"":0,""denominator"":245237},""1.0"":{""count"":0,""denominator"":245237}}",1,False,0,w0:p1,245237,signed maximum,first in producer window/position order; exact equality,"{""count"":245237,""denominator"":245237}","{""count"":245237,""denominator"":245237}",unavailable,unavailable
5efb497774b3f4f9ad8e7f7d,counterfact,matched_update,2,102,1000,full_validation,original,kl,complete,245237,245237,0,0,0,0,0,"{""0.01"":{""count"":0,""denominator"":245237},""0.1"":{""count"":0,""denominator"":245237},""1.0"":{""count"":0,""denominator"":245237}}",unavailable,unavailable,0,w0:p1,245237,signed maximum,first in producer window/position order; exact equality,"{""count"":245237,""denominator"":245237}","{""count"":245237,""denominator"":245237}",unavailable,unavailable
47ee96bcecb134f64286c958,counterfact,matched_update,2,103,100,sampled_drift,original,loss,complete,16256,16256,0,0,0,0,0,"{""0.01"":0,""0.1"":0,""1.0"":0}",1,False,unavailable,w0:p1,unavailable,positive-part maximum,first in producer sample order; tie count unavailable,unavailable,unavailable,16256,16256
47ee96bcecb134f64286c958,counterfact,matched_update,2,103,100,sampled_drift,capoff,loss,complete,16256,16256,0,0,0,0,0,"{""0.01"":0,""0.1"":0,""1.0"":0}",1,False,unavailable,w0:p1,unavailable,positive-part maximum,first in producer sample order; tie count unavailable,unavailable,unavailable,16256,16256
47ee96bcecb134f64286c958,counterfact,matched_update,2,103,300,sampled_drift,original,loss,complete,16256,16256,0,0,0,0,0,"{""0.01"":0,""0.1"":0,""1.0"":0}",1,False,unavailable,w0:p1,unavailable,positive-part maximum,first in producer sample order; tie count unavailable,unavailable,unavailable,16256,16256
47ee96bcecb134f64286c958,counterfact,matched_update,2,103,300,sampled_drift,capoff,loss,complete,16256,16256,0,0,0,0,0,"{""0.01"":0,""0.1"":0,""1.0"":0}",1,False,unavailable,w0:p1,unavailable,positive-part maximum,first in producer sample order; tie count unavailable,unavailable,unavailable,16256,16256
47ee96bcecb134f64286c958,counterfact,matched_update,2,103,1000,sampled_drift,original,loss,complete,16256,16256,0,0,0,0,0,"{""0.01"":0,""0.1"":0,""1.0"":0}",1,False,unavailable,w0:p1,unavailable,positive-part maximum,first in producer sample order; tie count unavailable,unavailable,unavailable,16256,16256
47ee96bcecb134f64286c958,counterfact,matched_update,2,103,1000,sampled_drift,capoff,loss,complete,16256,16256,0,0,0,0,0,"{""0.01"":0,""0.1"":0,""1.0"":0}",1,False,unavailable,w0:p1,unavailable,positive-part maximum,first in producer sample order; tie count unavailable,unavailable,unavailable,16256,16256
47ee96bcecb134f64286c958,counterfact,matched_update,2,103,1000,full_validation,capoff,loss,complete,245237,245237,0,0,0,0,0,"{""0.01"":{""count"":0,""denominator"":245237},""0.1"":{""count"":0,""denominator"":245237},""1.0"":{""count"":0,""denominator"":245237}}",1,False,0,w0:p1,245237,signed maximum,first in producer window/position order; exact equality,"{""count"":245237,""denominator"":245237}","{""count"":245237,""denominator"":245237}",unavailable,unavailable
47ee96bcecb134f64286c958,counterfact,matched_update,2,103,1000,full_validation,capoff,kl,complete,245237,245237,0,0,0,0,0,"{""0.01"":{""count"":0,""denominator"":245237},""0.1"":{""count"":0,""denominator"":245237},""1.0"":{""count"":0,""denominator"":245237}}",unavailable,unavailable,0,w0:p1,245237,signed maximum,first in producer window/position order; exact equality,"{""count"":245237,""denominator"":245237}","{""count"":245237,""denominator"":245237}",unavailable,unavailable
47ee96bcecb134f64286c958,counterfact,matched_update,2,103,1000,full_validation,original,loss,complete,245237,245237,0,0,0,0,0,"{""0.01"":{""count"":0,""denominator"":245237},""0.1"":{""count"":0,""denominator"":245237},""1.0"":{""count"":0,""denominator"":245237}}",1,False,0,w0:p1,245237,signed maximum,first in producer window/position order; exact equality,"{""count"":245237,""denominator"":245237}","{""count"":245237,""denominator"":245237}",unavailable,unavailable
47ee96bcecb134f64286c958,counterfact,matched_update,2,103,1000,full_validation,original,kl,complete,245237,245237,0,0,0,0,0,"{""0.01"":{""count"":0,""denominator"":245237},""0.1"":{""count"":0,""denominator"":245237},""1.0"":{""count"":0,""denominator"":245237}}",unavailable,unavailable,0,w0:p1,245237,signed maximum,first in producer window/position order; exact equality,"{""count"":245237,""denominator"":245237}","{""count"":245237,""denominator"":245237}",unavailable,unavailable
a18ee644e09c84652cc9582a,counterfact,matched_update,2,104,100,sampled_drift,original,loss,complete,16256,16256,0,0,0,0,0,"{""0.01"":0,""0.1"":0,""1.0"":0}",1,False,unavailable,w0:p1,unavailable,positive-part maximum,first in producer sample order; tie count unavailable,unavailable,unavailable,16256,16256
a18ee644e09c84652cc9582a,counterfact,matched_update,2,104,100,sampled_drift,capoff,loss,complete,16256,16256,0,0,0,0,0,"{""0.01"":0,""0.1"":0,""1.0"":0}",1,False,unavailable,w0:p1,unavailable,positive-part maximum,first in producer sample order; tie count unavailable,unavailable,unavailable,16256,16256
a18ee644e09c84652cc9582a,counterfact,matched_update,2,104,300,sampled_drift,original,loss,complete,16256,16256,0,0,0,0,0,"{""0.01"":0,""0.1"":0,""1.0"":0}",1,False,unavailable,w0:p1,unavailable,positive-part maximum,first in producer sample order; tie count unavailable,unavailable,unavailable,16256,16256
a18ee644e09c84652cc9582a,counterfact,matched_update,2,104,300,sampled_drift,capoff,loss,complete,16256,16256,0,0,0,0,0,"{""0.01"":0,""0.1"":0,""1.0"":0}",1,False,unavailable,w0:p1,unavailable,positive-part maximum,first in producer sample order; tie count unavailable,unavailable,unavailable,16256,16256
a18ee644e09c84652cc9582a,counterfact,matched_update,2,104,1000,sampled_drift,original,loss,complete,16256,16256,0,0,0,0,0,"{""0.01"":0,""0.1"":0,""1.0"":0}",1,False,unavailable,w0:p1,unavailable,positive-part maximum,first in producer sample order; tie count unavailable,unavailable,unavailable,16256,16256
a18ee644e09c84652cc9582a,counterfact,matched_update,2,104,1000,sampled_drift,capoff,loss,complete,16256,16256,0,0,0,0,0,"{""0.01"":0,""0.1"":0,""1.0"":0}",1,False,unavailable,w0:p1,unavailable,positive-part maximum,first in producer sample order; tie count unavailable,unavailable,unavailable,16256,16256
a18ee644e09c84652cc9582a,counterfact,matched_update,2,104,1000,full_validation,capoff,loss,complete,245237,245237,0,0,0,0,0,"{""0.01"":{""count"":0,""denominator"":245237},""0.1"":{""count"":0,""denominator"":245237},""1.0"":{""count"":0,""denominator"":245237}}",1,False,0,w0:p1,245237,signed maximum,first in producer window/position order; exact equality,"{""count"":245237,""denominator"":245237}","{""count"":245237,""denominator"":245237}",unavailable,unavailable
a18ee644e09c84652cc9582a,counterfact,matched_update,2,104,1000,full_validation,capoff,kl,complete,245237,245237,0,0,0,0,0,"{""0.01"":{""count"":0,""denominator"":245237},""0.1"":{""count"":0,""denominator"":245237},""1.0"":{""count"":0,""denominator"":245237}}",unavailable,unavailable,0,w0:p1,245237,signed maximum,first in producer window/position order; exact equality,"{""count"":245237,""denominator"":245237}","{""count"":245237,""denominator"":245237}",unavailable,unavailable
a18ee644e09c84652cc9582a,counterfact,matched_update,2,104,1000,full_validation,original,loss,complete,245237,245237,0,0,0,0,0,"{""0.01"":{""count"":0,""denominator"":245237},""0.1"":{""count"":0,""denominator"":245237},""1.0"":{""count"":0,""denominator"":245237}}",1,False,0,w0:p1,245237,signed maximum,first in producer window/position order; exact equality,"{""count"":245237,""denominator"":245237}","{""count"":245237,""denominator"":245237}",unavailable,unavailable
a18ee644e09c84652cc9582a,counterfact,matched_update,2,104,1000,full_validation,original,kl,complete,245237,245237,0,0,0,0,0,"{""0.01"":{""count"":0,""denominator"":245237},""0.1"":{""count"":0,""denominator"":245237},""1.0"":{""count"":0,""denominator"":245237}}",unavailable,unavailable,0,w0:p1,245237,signed maximum,first in producer window/position order; exact equality,"{""count"":245237,""denominator"":245237}","{""count"":245237,""denominator"":245237}",unavailable,unavailable
509cd28130eb44d35b27d08a,zsre,v0_live_C1,0,100,100,sampled_drift,original,loss,complete,16256,16256,6.09728e-05,6.1417035e-05,0.0012283407,0.0061417035,0.55100413,"{""0.01"":3,""0.1"":2,""1.0"":0}",1.000061,False,unavailable,w23:p8,unavailable,positive-part maximum,first in producer sample order; tie count unavailable,unavailable,unavailable,16253,16256
509cd28130eb44d35b27d08a,zsre,v0_live_C1,0,100,100,sampled_drift,capoff,loss,complete,16256,16256,6.09728e-05,6.1417035e-05,0.0012283407,0.0061417035,0.55100413,"{""0.01"":3,""0.1"":2,""1.0"":0}",1.000061,False,unavailable,w23:p8,unavailable,positive-part maximum,first in producer sample order; tie count unavailable,unavailable,unavailable,16253,16256
509cd28130eb44d35b27d08a,zsre,v0_live_C1,0,100,300,sampled_drift,original,loss,complete,16256,16256,0.00021407633,0.00025577719,0.0051155437,0.025577719,1.9499028,"{""0.01"":6,""0.1"":6,""1.0"":1}",1.0002141,False,unavailable,w106:p5,unavailable,positive-part maximum,first in producer sample order; tie count unavailable,unavailable,unavailable,16250,16256
509cd28130eb44d35b27d08a,zsre,v0_live_C1,0,100,300,sampled_drift,capoff,loss,complete,16256,16256,0.00021407633,0.00025577719,0.0051155437,0.025577719,1.9499028,"{""0.01"":6,""0.1"":6,""1.0"":1}",1.0002141,False,unavailable,w106:p5,unavailable,positive-part maximum,first in producer sample order; tie count unavailable,unavailable,unavailable,16250,16256
509cd28130eb44d35b27d08a,zsre,v0_live_C1,0,100,1000,sampled_drift,original,loss,complete,16256,16256,0.00056449754,0.00066745531,0.013349106,0.066745531,3.8654308,"{""0.01"":13,""0.1"":11,""1.0"":2}",1.0005647,False,unavailable,w13:p125,unavailable,positive-part maximum,first in producer sample order; tie count unavailable,unavailable,unavailable,16243,16256
509cd28130eb44d35b27d08a,zsre,v0_live_C1,0,100,1000,sampled_drift,capoff,loss,complete,16256,16256,0.00056449754,0.00066745531,0.013349106,0.066745531,3.8654308,"{""0.01"":13,""0.1"":11,""1.0"":2}",1.0005647,False,unavailable,w13:p125,unavailable,positive-part maximum,first in producer sample order; tie count unavailable,unavailable,unavailable,16243,16256
509cd28130eb44d35b27d08a,zsre,v0_live_C1,0,100,1000,full_validation,capoff,loss,complete,245237,245237,0.00082253683,0.0010277978,0.020555956,0.10277978,25.85926,"{""0.01"":{""count"":216,""denominator"":245237},""0.1"":{""count"":183,""denominator"":245237},""1.0"":{""count"":48,""denominator"":245237}}",1.0008229,False,25.85926,w283:p29,1,signed maximum,first in producer window/position order; exact equality,"{""count"":244897,""denominator"":245237}","{""count"":245018,""denominator"":245237}",unavailable,unavailable
509cd28130eb44d35b27d08a,zsre,v0_live_C1,0,100,1000,full_validation,capoff,kl,complete,245237,245237,0.0010337396,0.0010337396,0.020674793,0.10337396,26.268543,"{""0.01"":{""count"":333,""denominator"":245237},""0.1"":{""count"":180,""denominator"":245237},""1.0"":{""count"":51,""denominator"":245237}}",unavailable,unavailable,26.268543,w283:p29,1,signed maximum,first in producer window/position order; exact equality,"{""count"":244897,""denominator"":245237}","{""count"":244897,""denominator"":245237}",unavailable,unavailable
509cd28130eb44d35b27d08a,zsre,v0_live_C1,0,100,1000,full_validation,original,loss,complete,245237,245237,0.00082253683,0.0010277978,0.020555956,0.10277978,25.85926,"{""0.01"":{""count"":216,""denominator"":245237},""0.1"":{""count"":183,""denominator"":245237},""1.0"":{""count"":48,""denominator"":245237}}",1.0008229,False,25.85926,w283:p29,1,signed maximum,first in producer window/position order; exact equality,"{""count"":244897,""denominator"":245237}","{""count"":245018,""denominator"":245237}",unavailable,unavailable
509cd28130eb44d35b27d08a,zsre,v0_live_C1,0,100,1000,full_validation,original,kl,complete,245237,245237,0.0010337396,0.0010337396,0.020674793,0.10337396,26.268543,"{""0.01"":{""count"":333,""denominator"":245237},""0.1"":{""count"":180,""denominator"":245237},""1.0"":{""count"":51,""denominator"":245237}}",unavailable,unavailable,26.268543,w283:p29,1,signed maximum,first in producer window/position order; exact equality,"{""count"":244897,""denominator"":245237}","{""count"":244897,""denominator"":245237}",unavailable,unavailable
a8a5ddc06de26a9885f75fe9,zsre,v0_live_C1,0,101,100,sampled_drift,original,loss,complete,16256,16256,-2.0664106e-05,8.839942e-05,0.0017679884,0.008839942,0.61828242,"{""0.01"":3,""0.1"":3,""1.0"":0}",0.99997934,False,unavailable,w43:p23,unavailable,positive-part maximum,first in producer sample order; tie count unavailable,unavailable,unavailable,16253,16256
a8a5ddc06de26a9885f75fe9,zsre,v0_live_C1,0,101,100,sampled_drift,capoff,loss,complete,16256,16256,-2.0664106e-05,8.839942e-05,0.0017679884,0.008839942,0.61828242,"{""0.01"":3,""0.1"":3,""1.0"":0}",0.99997934,False,unavailable,w43:p23,unavailable,positive-part maximum,first in producer sample order; tie count unavailable,unavailable,unavailable,16253,16256
a8a5ddc06de26a9885f75fe9,zsre,v0_live_C1,0,101,300,sampled_drift,original,loss,complete,16256,16256,0.0016597486,0.0017189887,0.034379773,0.17189887,5.903297,"{""0.01"":10,""0.1"":10,""1.0"":9}",1.0016611,False,unavailable,w123:p106,unavailable,positive-part maximum,first in producer sample order; tie count unavailable,unavailable,unavailable,16246,16256
a8a5ddc06de26a9885f75fe9,zsre,v0_live_C1,0,101,300,sampled_drift,capoff,loss,complete,16256,16256,0.0016597486,0.0017189887,0.034379773,0.17189887,5.903297,"{""0.01"":10,""0.1"":10,""1.0"":9}",1.0016611,False,unavailable,w123:p106,unavailable,positive-part maximum,first in producer sample order; tie count unavailable,unavailable,unavailable,16246,16256
a8a5ddc06de26a9885f75fe9,zsre,v0_live_C1,0,101,1000,sampled_drift,original,loss,complete,16256,16256,0.00060978399,0.00068325135,0.013665027,0.068325135,4.1134088,"{""0.01"":8,""0.1"":7,""1.0"":3}",1.00061,False,unavailable,w14:p93,unavailable,positive-part maximum,first in producer sample order; tie count unavailable,unavailable,unavailable,16248,16256
a8a5ddc06de26a9885f75fe9,zsre,v0_live_C1,0,101,1000,sampled_drift,capoff,loss,complete,16256,16256,0.00060978399,0.00068325135,0.013665027,0.068325135,4.1134088,"{""0.01"":8,""0.1"":7,""1.0"":3}",1.00061,False,unavailable,w14:p93,unavailable,positive-part maximum,first in producer sample order; tie count unavailable,unavailable,unavailable,16248,16256
a8a5ddc06de26a9885f75fe9,zsre,v0_live_C1,0,101,1000,full_validation,capoff,loss,complete,245237,245237,0.0012598338,0.0014156913,0.028313825,0.14156913,27.684165,"{""0.01"":{""count"":151,""denominator"":245237},""0.1"":{""count"":136,""denominator"":245237},""1.0"":{""count"":52,""denominator"":245237}}",1.0012606,False,27.684165,w1366:p18,1,signed maximum,first in producer window/position order; exact equality,"{""count"":244991,""denominator"":245237}","{""count"":245084,""denominator"":245237}",unavailable,unavailable
a8a5ddc06de26a9885f75fe9,zsre,v0_live_C1,0,101,1000,full_validation,capoff,kl,complete,245237,245237,0.0015091336,0.0015091336,0.030182672,0.15091336,26.268543,"{""0.01"":{""count"":237,""denominator"":245237},""0.1"":{""count"":174,""denominator"":245237},""1.0"":{""count"":57,""denominator"":245237}}",unavailable,unavailable,26.268543,w283:p29,1,signed maximum,first in producer window/position order; exact equality,"{""count"":244991,""denominator"":245237}","{""count"":244991,""denominator"":245237}",unavailable,unavailable
a8a5ddc06de26a9885f75fe9,zsre,v0_live_C1,0,101,1000,full_validation,original,loss,complete,245237,245237,0.0012598338,0.0014156913,0.028313825,0.14156913,27.684165,"{""0.01"":{""count"":151,""denominator"":245237},""0.1"":{""count"":136,""denominator"":245237},""1.0"":{""count"":52,""denominator"":245237}}",1.0012606,False,27.684165,w1366:p18,1,signed maximum,first in producer window/position order; exact equality,"{""count"":244991,""denominator"":245237}","{""count"":245084,""denominator"":245237}",unavailable,unavailable
a8a5ddc06de26a9885f75fe9,zsre,v0_live_C1,0,101,1000,full_validation,original,kl,complete,245237,245237,0.0015091336,0.0015091336,0.030182672,0.15091336,26.268543,"{""0.01"":{""count"":237,""denominator"":245237},""0.1"":{""count"":174,""denominator"":245237},""1.0"":{""count"":57,""denominator"":245237}}",unavailable,unavailable,26.268543,w283:p29,1,signed maximum,first in producer window/position order; exact equality,"{""count"":244991,""denominator"":245237}","{""count"":244991,""denominator"":245237}",unavailable,unavailable
5f818373c34233809fc57716,zsre,v0_live_C1,0,102,100,sampled_drift,original,loss,complete,16256,16256,0.00017165411,0.00023672796,0.0047345592,0.023672796,2.0555823,"{""0.01"":3,""0.1"":3,""1.0"":2}",1.0001717,False,unavailable,w23:p7,unavailable,positive-part maximum,first in producer sample order; tie count unavailable,unavailable,unavailable,16253,16256
5f818373c34233809fc57716,zsre,v0_live_C1,0,102,100,sampled_drift,capoff,loss,complete,16256,16256,0.00017165411,0.00023672796,0.0047345592,0.023672796,2.0555823,"{""0.01"":3,""0.1"":3,""1.0"":2}",1.0001717,False,unavailable,w23:p7,unavailable,positive-part maximum,first in producer sample order; tie count unavailable,unavailable,unavailable,16253,16256
5f818373c34233809fc57716,zsre,v0_live_C1,0,102,300,sampled_drift,original,loss,complete,16256,16256,0.00030604662,0.00033838827,0.0067677654,0.033838827,2.0555823,"{""0.01"":6,""0.1"":5,""1.0"":2}",1.0003061,False,unavailable,w23:p7,unavailable,positive-part maximum,first in producer sample order; tie count unavailable,unavailable,unavailable,16250,16256
5f818373c34233809fc57716,zsre,v0_live_C1,0,102,300,sampled_drift,capoff,loss,complete,16256,16256,0.00030604662,0.00033838827,0.0067677654,0.033838827,2.0555823,"{""0.01"":6,""0.1"":5,""1.0"":2}",1.0003061,False,unavailable,w23:p7,unavailable,positive-part maximum,first in producer sample order; tie count unavailable,unavailable,unavailable,16250,16256
5f818373c34233809fc57716,zsre,v0_live_C1,0,102,1000,sampled_drift,original,loss,complete,16256,16256,0.0023468282,0.0024428695,0.04885739,0.24428695,5.903297,"{""0.01"":19,""0.1"":18,""1.0"":11}",1.0023496,False,unavailable,w123:p106,unavailable,positive-part maximum,first in producer sample order; tie count unavailable,unavailable,unavailable,16237,16256
5f818373c34233809fc57716,zsre,v0_live_C1,0,102,1000,sampled_drift,capoff,loss,complete,16256,16256,0.0023468282,0.0024428695,0.04885739,0.24428695,5.903297,"{""0.01"":19,""0.1"":18,""1.0"":11}",1.0023496,False,unavailable,w123:p106,unavailable,positive-part maximum,first in producer sample order; tie count unavailable,unavailable,unavailable,16237,16256
5f818373c34233809fc57716,zsre,v0_live_C1,0,102,1000,full_validation,capoff,loss,complete,245237,245237,0.0017406884,0.0019850304,0.039700608,0.19850304,25.85926,"{""0.01"":{""count"":260,""denominator"":245237},""0.1"":{""count"":227,""denominator"":245237},""1.0"":{""count"":106,""denominator"":245237}}",1.0017422,False,25.85926,w283:p29,1,signed maximum,first in producer window/position order; exact equality,"{""count"":244843,""denominator"":245237}","{""count"":244974,""denominator"":245237}",unavailable,unavailable
5f818373c34233809fc57716,zsre,v0_live_C1,0,102,1000,full_validation,capoff,kl,complete,245237,245237,0.0020115795,0.0020115795,0.040231591,0.20115795,26.268543,"{""0.01"":{""count"":393,""denominator"":245237},""0.1"":{""count"":231,""denominator"":245237},""1.0"":{""count"":104,""denominator"":245237}}",unavailable,unavailable,26.268543,w283:p29,1,signed maximum,first in producer window/position order; exact equality,"{""count"":244843,""denominator"":245237}","{""count"":244843,""denominator"":245237}",unavailable,unavailable
5f818373c34233809fc57716,zsre,v0_live_C1,0,102,1000,full_validation,original,loss,complete,245237,245237,0.0017406884,0.0019850304,0.039700608,0.19850304,25.85926,"{""0.01"":{""count"":260,""denominator"":245237},""0.1"":{""count"":227,""denominator"":245237},""1.0"":{""count"":106,""denominator"":245237}}",1.0017422,False,25.85926,w283:p29,1,signed maximum,first in producer window/position order; exact equality,"{""count"":244843,""denominator"":245237}","{""count"":244974,""denominator"":245237}",unavailable,unavailable
5f818373c34233809fc57716,zsre,v0_live_C1,0,102,1000,full_validation,original,kl,complete,245237,245237,0.0020115795,0.0020115795,0.040231591,0.20115795,26.268543,"{""0.01"":{""count"":393,""denominator"":245237},""0.1"":{""count"":231,""denominator"":245237},""1.0"":{""count"":104,""denominator"":245237}}",unavailable,unavailable,26.268543,w283:p29,1,signed maximum,first in producer window/position order; exact equality,"{""count"":244843,""denominator"":245237}","{""count"":244843,""denominator"":245237}",unavailable,unavailable
baa8eccee6a4f8c27c11a09c,zsre,v0_live_C1,0,103,100,sampled_drift,original,loss,complete,16256,16256,0.00020413793,0.00021154728,0.0042309456,0.021154728,2.0409525,"{""0.01"":5,""0.1"":4,""1.0"":1}",1.0002042,False,unavailable,w23:p7,unavailable,positive-part maximum,first in producer sample order; tie count unavailable,unavailable,unavailable,16251,16256
baa8eccee6a4f8c27c11a09c,zsre,v0_live_C1,0,103,100,sampled_drift,capoff,loss,complete,16256,16256,0.00020413793,0.00021154728,0.0042309456,0.021154728,2.0409525,"{""0.01"":5,""0.1"":4,""1.0"":1}",1.0002042,False,unavailable,w23:p7,unavailable,positive-part maximum,first in producer sample order; tie count unavailable,unavailable,unavailable,16251,16256
baa8eccee6a4f8c27c11a09c,zsre,v0_live_C1,0,103,300,sampled_drift,original,loss,complete,16256,16256,0.00075473642,0.00089709043,0.017941809,0.089709043,3.69808,"{""0.01"":18,""0.1"":17,""1.0"":3}",1.000755,False,unavailable,w10:p10,unavailable,positive-part maximum,first in producer sample order; tie count unavailable,unavailable,unavailable,16238,16256
baa8eccee6a4f8c27c11a09c,zsre,v0_live_C1,0,103,300,sampled_drift,capoff,loss,complete,16256,16256,0.00075473642,0.00089709043,0.017941809,0.089709043,3.69808,"{""0.01"":18,""0.1"":17,""1.0"":3}",1.000755,False,unavailable,w10:p10,unavailable,positive-part maximum,first in producer sample order; tie count unavailable,unavailable,unavailable,16238,16256
baa8eccee6a4f8c27c11a09c,zsre,v0_live_C1,0,103,1000,sampled_drift,original,loss,complete,16256,16256,0.0019755726,0.0020153986,0.040307972,0.20153986,5.903297,"{""0.01"":25,""0.1"":21,""1.0"":9}",1.0019775,False,unavailable,w123:p106,unavailable,positive-part maximum,first in producer sample order; tie count unavailable,unavailable,unavailable,16231,16256
baa8eccee6a4f8c27c11a09c,zsre,v0_live_C1,0,103,1000,sampled_drift,capoff,loss,complete,16256,16256,0.0019755726,0.0020153986,0.040307972,0.20153986,5.903297,"{""0.01"":25,""0.1"":21,""1.0"":9}",1.0019775,False,unavailable,w123:p106,unavailable,positive-part maximum,first in producer sample order; tie count unavailable,unavailable,unavailable,16231,16256
baa8eccee6a4f8c27c11a09c,zsre,v0_live_C1,0,103,1000,full_validation,capoff,loss,complete,245237,245237,0.0020388537,0.0022627562,0.045255124,0.22627562,27.684165,"{""0.01"":{""count"":279,""denominator"":245237},""0.1"":{""count"":238,""denominator"":245237},""1.0"":{""count"":102,""denominator"":245237}}",1.0020409,False,27.684165,w1366:p18,1,signed maximum,first in producer window/position order; exact equality,"{""count"":244788,""denominator"":245237}","{""count"":244954,""denominator"":245237}",unavailable,unavailable
baa8eccee6a4f8c27c11a09c,zsre,v0_live_C1,0,103,1000,full_validation,capoff,kl,complete,245237,245237,0.002383688,0.002383688,0.04767376,0.2383688,26.268543,"{""0.01"":{""count"":442,""denominator"":245237},""0.1"":{""count"":258,""denominator"":245237},""1.0"":{""count"":110,""denominator"":245237}}",unavailable,unavailable,26.268543,w283:p29,1,signed maximum,first in producer window/position order; exact equality,"{""count"":244788,""denominator"":245237}","{""count"":244788,""denominator"":245237}",unavailable,unavailable
baa8eccee6a4f8c27c11a09c,zsre,v0_live_C1,0,103,1000,full_validation,original,loss,complete,245237,245237,0.0020388537,0.0022627562,0.045255124,0.22627562,27.684165,"{""0.01"":{""count"":279,""denominator"":245237},""0.1"":{""count"":238,""denominator"":245237},""1.0"":{""count"":102,""denominator"":245237}}",1.0020409,False,27.684165,w1366:p18,1,signed maximum,first in producer window/position order; exact equality,"{""count"":244788,""denominator"":245237}","{""count"":244954,""denominator"":245237}",unavailable,unavailable
baa8eccee6a4f8c27c11a09c,zsre,v0_live_C1,0,103,1000,full_validation,original,kl,complete,245237,245237,0.002383688,0.002383688,0.04767376,0.2383688,26.268543,"{""0.01"":{""count"":442,""denominator"":245237},""0.1"":{""count"":258,""denominator"":245237},""1.0"":{""count"":110,""denominator"":245237}}",unavailable,unavailable,26.268543,w283:p29,1,signed maximum,first in producer window/position order; exact equality,"{""count"":244788,""denominator"":245237}","{""count"":244788,""denominator"":245237}",unavailable,unavailable
2a91e17773f7272dbd36a048,zsre,v0_live_C1,0,104,100,sampled_drift,original,loss,complete,16256,16256,0.0003008275,0.00030253892,0.0060507784,0.030253892,2.8771202,"{""0.01"":2,""0.1"":2,""1.0"":2}",1.0003009,False,unavailable,w13:p125,unavailable,positive-part maximum,first in producer sample order; tie count unavailable,unavailable,unavailable,16254,16256
2a91e17773f7272dbd36a048,zsre,v0_live_C1,0,104,100,sampled_drift,capoff,loss,complete,16256,16256,0.0003008275,0.00030253892,0.0060507784,0.030253892,2.8771202,"{""0.01"":2,""0.1"":2,""1.0"":2}",1.0003009,False,unavailable,w13:p125,unavailable,positive-part maximum,first in producer sample order; tie count unavailable,unavailable,unavailable,16254,16256
2a91e17773f7272dbd36a048,zsre,v0_live_C1,0,104,300,sampled_drift,original,loss,complete,16256,16256,0.00080836429,0.0010647831,0.021295662,0.10647831,5.8660533,"{""0.01"":10,""0.1"":9,""1.0"":6}",1.0008087,False,unavailable,w13:p125,unavailable,positive-part maximum,first in producer sample order; tie count unavailable,unavailable,unavailable,16246,16256
2a91e17773f7272dbd36a048,zsre,v0_live_C1,0,104,300,sampled_drift,capoff,loss,complete,16256,16256,0.00080836429,0.0010647831,0.021295662,0.10647831,5.8660533,"{""0.01"":10,""0.1"":9,""1.0"":6}",1.0008087,False,unavailable,w13:p125,unavailable,positive-part maximum,first in producer sample order; tie count unavailable,unavailable,unavailable,16246,16256
2a91e17773f7272dbd36a048,zsre,v0_live_C1,0,104,1000,sampled_drift,original,loss,complete,16256,16256,0.00032207297,0.00033570605,0.0067141209,0.033570605,3.1461013,"{""0.01"":7,""0.1"":6,""1.0"":1}",1.0003221,False,unavailable,w112:p20,unavailable,positive-part maximum,first in producer sample order; tie count unavailable,unavailable,unavailable,16249,16256
2a91e17773f7272dbd36a048,zsre,v0_live_C1,0,104,1000,sampled_drift,capoff,loss,complete,16256,16256,0.00032207297,0.00033570605,0.0067141209,0.033570605,3.1461013,"{""0.01"":7,""0.1"":6,""1.0"":1}",1.0003221,False,unavailable,w112:p20,unavailable,positive-part maximum,first in producer sample order; tie count unavailable,unavailable,unavailable,16249,16256
2a91e17773f7272dbd36a048,zsre,v0_live_C1,0,104,1000,full_validation,capoff,loss,complete,245237,245237,0.0012994508,0.0014484447,0.028968895,0.14484447,27.684165,"{""0.01"":{""count"":161,""denominator"":245237},""0.1"":{""count"":149,""denominator"":245237},""1.0"":{""count"":50,""denominator"":245237}}",1.0013003,False,27.684165,w1366:p18,1,signed maximum,first in producer window/position order; exact equality,"{""count"":244979,""denominator"":245237}","{""count"":245074,""denominator"":245237}",unavailable,unavailable
2a91e17773f7272dbd36a048,zsre,v0_live_C1,0,104,1000,full_validation,capoff,kl,complete,245237,245237,0.0016059236,0.0016059236,0.032118473,0.16059236,26.268543,"{""0.01"":{""count"":254,""denominator"":245237},""0.1"":{""count"":186,""denominator"":245237},""1.0"":{""count"":64,""denominator"":245237}}",unavailable,unavailable,26.268543,w283:p29,1,signed maximum,first in producer window/position order; exact equality,"{""count"":244979,""denominator"":245237}","{""count"":244979,""denominator"":245237}",unavailable,unavailable
2a91e17773f7272dbd36a048,zsre,v0_live_C1,0,104,1000,full_validation,original,loss,complete,245237,245237,0.0012994508,0.0014484447,0.028968895,0.14484447,27.684165,"{""0.01"":{""count"":161,""denominator"":245237},""0.1"":{""count"":149,""denominator"":245237},""1.0"":{""count"":50,""denominator"":245237}}",1.0013003,False,27.684165,w1366:p18,1,signed maximum,first in producer window/position order; exact equality,"{""count"":244979,""denominator"":245237}","{""count"":245074,""denominator"":245237}",unavailable,unavailable
2a91e17773f7272dbd36a048,zsre,v0_live_C1,0,104,1000,full_validation,original,kl,complete,245237,245237,0.0016059236,0.0016059236,0.032118473,0.16059236,26.268543,"{""0.01"":{""count"":254,""denominator"":245237},""0.1"":{""count"":186,""denominator"":245237},""1.0"":{""count"":64,""denominator"":245237}}",unavailable,unavailable,26.268543,w283:p29,1,signed maximum,first in producer window/position order; exact equality,"{""count"":244979,""denominator"":245237}","{""count"":244979,""denominator"":245237}",unavailable,unavailable
d0a5df19a69792ac87a703dc,zsre,v0_live_C1,1,100,100,sampled_drift,original,loss,complete,16256,16256,0.0001387786,0.00016266823,0.0032533647,0.016266823,1.8316268,"{""0.01"":3,""0.1"":3,""1.0"":1}",1.0001388,False,unavailable,w23:p7,unavailable,positive-part maximum,first in producer sample order; tie count unavailable,unavailable,unavailable,16253,16256
d0a5df19a69792ac87a703dc,zsre,v0_live_C1,1,100,100,sampled_drift,capoff,loss,complete,16256,16256,0.0001387786,0.00016266823,0.0032533647,0.016266823,1.8316268,"{""0.01"":3,""0.1"":3,""1.0"":1}",1.0001388,False,unavailable,w23:p7,unavailable,positive-part maximum,first in producer sample order; tie count unavailable,unavailable,unavailable,16253,16256
d0a5df19a69792ac87a703dc,zsre,v0_live_C1,1,100,300,sampled_drift,original,loss,complete,16256,16256,0.00069299125,0.00079804854,0.015960971,0.079804854,5.3705615,"{""0.01"":7,""0.1"":7,""1.0"":4}",1.0006932,False,unavailable,w15:p36,unavailable,positive-part maximum,first in producer sample order; tie count unavailable,unavailable,unavailable,16249,16256
d0a5df19a69792ac87a703dc,zsre,v0_live_C1,1,100,300,sampled_drift,capoff,loss,complete,16256,16256,0.00069299125,0.00079804854,0.015960971,0.079804854,5.3705615,"{""0.01"":7,""0.1"":7,""1.0"":4}",1.0006932,False,unavailable,w15:p36,unavailable,positive-part maximum,first in producer sample order; tie count unavailable,unavailable,unavailable,16249,16256
d0a5df19a69792ac87a703dc,zsre,v0_live_C1,1,100,1000,sampled_drift,original,loss,complete,16256,16256,0.0053438407,0.0053939678,0.10787936,0.53939678,7.2273882,"{""0.01"":36,""0.1"":35,""1.0"":22}",1.0053581,False,unavailable,w34:p61,unavailable,positive-part maximum,first in producer sample order; tie count unavailable,unavailable,unavailable,16220,16256
d0a5df19a69792ac87a703dc,zsre,v0_live_C1,1,100,1000,sampled_drift,capoff,loss,complete,16256,16256,0.0053438407,0.0053939678,0.10787936,0.53939678,7.2273882,"{""0.01"":36,""0.1"":35,""1.0"":22}",1.0053581,False,unavailable,w34:p61,unavailable,positive-part maximum,first in producer sample order; tie count unavailable,unavailable,unavailable,16220,16256
d0a5df19a69792ac87a703dc,zsre,v0_live_C1,1,100,1000,full_validation,capoff,loss,complete,245237,245237,0.0030161643,0.0031738594,0.063477187,0.31738594,10.42563,"{""0.01"":{""count"":286,""denominator"":245237},""0.1"":{""count"":271,""denominator"":245237},""1.0"":{""count"":189,""denominator"":245237}}",1.0030207,False,10.42563,w462:p8,1,signed maximum,first in producer window/position order; exact equality,"{""count"":244859,""denominator"":245237}","{""count"":244951,""denominator"":245237}",unavailable,unavailable
d0a5df19a69792ac87a703dc,zsre,v0_live_C1,1,100,1000,full_validation,capoff,kl,complete,245237,245237,0.0029803481,0.0029803481,0.059606961,0.29803481,10.217195,"{""0.01"":{""count"":369,""denominator"":245237},""0.1"":{""count"":294,""denominator"":245237},""1.0"":{""count"":181,""denominator"":245237}}",unavailable,unavailable,10.217195,w1220:p11,1,signed maximum,first in producer window/position order; exact equality,"{""count"":244859,""denominator"":245237}","{""count"":244859,""denominator"":245237}",unavailable,unavailable
d0a5df19a69792ac87a703dc,zsre,v0_live_C1,1,100,1000,full_validation,original,loss,complete,245237,245237,0.0030161643,0.0031738594,0.063477187,0.31738594,10.42563,"{""0.01"":{""count"":286,""denominator"":245237},""0.1"":{""count"":271,""denominator"":245237},""1.0"":{""count"":189,""denominator"":245237}}",1.0030207,False,10.42563,w462:p8,1,signed maximum,first in producer window/position order; exact equality,"{""count"":244859,""denominator"":245237}","{""count"":244951,""denominator"":245237}",unavailable,unavailable
d0a5df19a69792ac87a703dc,zsre,v0_live_C1,1,100,1000,full_validation,original,kl,complete,245237,245237,0.0029803481,0.0029803481,0.059606961,0.29803481,10.217195,"{""0.01"":{""count"":369,""denominator"":245237},""0.1"":{""count"":294,""denominator"":245237},""1.0"":{""count"":181,""denominator"":245237}}",unavailable,unavailable,10.217195,w1220:p11,1,signed maximum,first in producer window/position order; exact equality,"{""count"":244859,""denominator"":245237}","{""count"":244859,""denominator"":245237}",unavailable,unavailable
6d6930dcd4fe737e4d1ef3ed,zsre,v0_live_C1,1,101,100,sampled_drift,original,loss,complete,16256,16256,6.1630984e-05,0.00011277221,0.0022554443,0.011277221,0.49971824,"{""0.01"":5,""0.1"":5,""1.0"":0}",1.0000616,False,unavailable,w57:p17,unavailable,positive-part maximum,first in producer sample order; tie count unavailable,unavailable,unavailable,16251,16256
6d6930dcd4fe737e4d1ef3ed,zsre,v0_live_C1,1,101,100,sampled_drift,capoff,loss,complete,16256,16256,6.1630984e-05,0.00011277221,0.0022554443,0.011277221,0.49971824,"{""0.01"":5,""0.1"":5,""1.0"":0}",1.0000616,False,unavailable,w57:p17,unavailable,positive-part maximum,first in producer sample order; tie count unavailable,unavailable,unavailable,16251,16256
6d6930dcd4fe737e4d1ef3ed,zsre,v0_live_C1,1,101,300,sampled_drift,original,loss,complete,16256,16256,6.004663e-05,0.00011277221,0.0022554443,0.011277221,0.49971824,"{""0.01"":5,""0.1"":5,""1.0"":0}",1.00006,False,unavailable,w57:p17,unavailable,positive-part maximum,first in producer sample order; tie count unavailable,unavailable,unavailable,16251,16256
6d6930dcd4fe737e4d1ef3ed,zsre,v0_live_C1,1,101,300,sampled_drift,capoff,loss,complete,16256,16256,6.004663e-05,0.00011277221,0.0022554443,0.011277221,0.49971824,"{""0.01"":5,""0.1"":5,""1.0"":0}",1.00006,False,unavailable,w57:p17,unavailable,positive-part maximum,first in producer sample order; tie count unavailable,unavailable,unavailable,16251,16256
6d6930dcd4fe737e4d1ef3ed,zsre,v0_live_C1,1,101,1000,sampled_drift,original,loss,complete,16256,16256,0.0050583664,0.0051136667,0.10227333,0.51136667,9.4787893,"{""0.01"":25,""0.1"":24,""1.0"":18}",1.0050712,False,unavailable,w91:p21,unavailable,positive-part maximum,first in producer sample order; tie count unavailable,unavailable,unavailable,16231,16256
6d6930dcd4fe737e4d1ef3ed,zsre,v0_live_C1,1,101,1000,sampled_drift,capoff,loss,complete,16256,16256,0.0050583664,0.0051136667,0.10227333,0.51136667,9.4787893,"{""0.01"":25,""0.1"":24,""1.0"":18}",1.0050712,False,unavailable,w91:p21,unavailable,positive-part maximum,first in producer sample order; tie count unavailable,unavailable,unavailable,16231,16256
6d6930dcd4fe737e4d1ef3ed,zsre,v0_live_C1,1,101,1000,full_validation,capoff,loss,complete,245237,245237,0.0030055667,0.0031441118,0.062882237,0.31441118,13.117231,"{""0.01"":{""count"":280,""denominator"":245237},""0.1"":{""count"":259,""denominator"":245237},""1.0"":{""count"":170,""denominator"":245237}}",1.0030101,False,13.117231,w210:p27,1,signed maximum,first in producer window/position order; exact equality,"{""count"":244856,""denominator"":245237}","{""count"":244956,""denominator"":245237}",unavailable,unavailable
6d6930dcd4fe737e4d1ef3ed,zsre,v0_live_C1,1,101,1000,full_validation,capoff,kl,complete,245237,245237,0.0030164738,0.0030164738,0.060329476,0.30164738,12.100406,"{""0.01"":{""count"":371,""denominator"":245237},""0.1"":{""count"":299,""denominator"":245237},""1.0"":{""count"":160,""denominator"":245237}}",unavailable,unavailable,12.100406,w210:p27,1,signed maximum,first in producer window/position order; exact equality,"{""count"":244856,""denominator"":245237}","{""count"":244856,""denominator"":245237}",unavailable,unavailable
6d6930dcd4fe737e4d1ef3ed,zsre,v0_live_C1,1,101,1000,full_validation,original,loss,complete,245237,245237,0.0030055667,0.0031441118,0.062882237,0.31441118,13.117231,"{""0.01"":{""count"":280,""denominator"":245237},""0.1"":{""count"":259,""denominator"":245237},""1.0"":{""count"":170,""denominator"":245237}}",1.0030101,False,13.117231,w210:p27,1,signed maximum,first in producer window/position order; exact equality,"{""count"":244856,""denominator"":245237}","{""count"":244956,""denominator"":245237}",unavailable,unavailable
6d6930dcd4fe737e4d1ef3ed,zsre,v0_live_C1,1,101,1000,full_validation,original,kl,complete,245237,245237,0.0030164738,0.0030164738,0.060329476,0.30164738,12.100406,"{""0.01"":{""count"":371,""denominator"":245237},""0.1"":{""count"":299,""denominator"":245237},""1.0"":{""count"":160,""denominator"":245237}}",unavailable,unavailable,12.100406,w210:p27,1,signed maximum,first in producer window/position order; exact equality,"{""count"":244856,""denominator"":245237}","{""count"":244856,""denominator"":245237}",unavailable,unavailable
cf9c6af6097c6d96c9a5a1d3,zsre,v0_live_C1,1,102,100,sampled_drift,original,loss,complete,16256,16256,0.00038825815,0.00040139848,0.0080279697,0.040139848,1.817716,"{""0.01"":8,""0.1"":8,""1.0"":2}",1.0003883,False,unavailable,w48:p19,unavailable,positive-part maximum,first in producer sample order; tie count unavailable,unavailable,unavailable,16248,16256
cf9c6af6097c6d96c9a5a1d3,zsre,v0_live_C1,1,102,100,sampled_drift,capoff,loss,complete,16256,16256,0.00038825815,0.00040139848,0.0080279697,0.040139848,1.817716,"{""0.01"":8,""0.1"":8,""1.0"":2}",1.0003883,False,unavailable,w48:p19,unavailable,positive-part maximum,first in producer sample order; tie count unavailable,unavailable,unavailable,16248,16256
cf9c6af6097c6d96c9a5a1d3,zsre,v0_live_C1,1,102,300,sampled_drift,original,loss,complete,16256,16256,6.2940936e-05,0.00010295319,0.0020590638,0.010295319,1.6736071,"{""0.01"":1,""0.1"":1,""1.0"":1}",1.0000629,False,unavailable,w34:p5,unavailable,positive-part maximum,first in producer sample order; tie count unavailable,unavailable,unavailable,16255,16256
cf9c6af6097c6d96c9a5a1d3,zsre,v0_live_C1,1,102,300,sampled_drift,capoff,loss,complete,16256,16256,6.2940936e-05,0.00010295319,0.0020590638,0.010295319,1.6736071,"{""0.01"":1,""0.1"":1,""1.0"":1}",1.0000629,False,unavailable,w34:p5,unavailable,positive-part maximum,first in producer sample order; tie count unavailable,unavailable,unavailable,16255,16256
cf9c6af6097c6d96c9a5a1d3,zsre,v0_live_C1,1,102,1000,sampled_drift,original,loss,complete,16256,16256,0.0032599801,0.0033026806,0.066053613,0.33026806,6.4379393,"{""0.01"":22,""0.1"":22,""1.0"":12}",1.0032653,False,unavailable,w37:p20,unavailable,positive-part maximum,first in producer sample order; tie count unavailable,unavailable,unavailable,16234,16256
cf9c6af6097c6d96c9a5a1d3,zsre,v0_live_C1,1,102,1000,sampled_drift,capoff,loss,complete,16256,16256,0.0032599801,0.0033026806,0.066053613,0.33026806,6.4379393,"{""0.01"":22,""0.1"":22,""1.0"":12}",1.0032653,False,unavailable,w37:p20,unavailable,positive-part maximum,first in producer sample order; tie count unavailable,unavailable,unavailable,16234,16256
cf9c6af6097c6d96c9a5a1d3,zsre,v0_live_C1,1,102,1000,full_validation,capoff,loss,complete,245237,245237,0.0027310891,0.0029134379,0.058268757,0.29134379,11.888105,"{""0.01"":{""count"":262,""denominator"":245237},""0.1"":{""count"":245,""denominator"":245237},""1.0"":{""count"":165,""denominator"":245237}}",1.0027348,False,11.888105,w245:p5,1,signed maximum,first in producer window/position order; exact equality,"{""count"":244870,""denominator"":245237}","{""count"":244974,""denominator"":245237}",unavailable,unavailable
cf9c6af6097c6d96c9a5a1d3,zsre,v0_live_C1,1,102,1000,full_validation,capoff,kl,complete,245237,245237,0.0027734912,0.0027734912,0.055469825,0.27734912,11.760031,"{""0.01"":{""count"":360,""denominator"":245237},""0.1"":{""count"":289,""denominator"":245237},""1.0"":{""count"":154,""denominator"":245237}}",unavailable,unavailable,11.760031,w245:p5,1,signed maximum,first in producer window/position order; exact equality,"{""count"":244870,""denominator"":245237}","{""count"":244870,""denominator"":245237}",unavailable,unavailable
cf9c6af6097c6d96c9a5a1d3,zsre,v0_live_C1,1,102,1000,full_validation,original,loss,complete,245237,245237,0.0027310891,0.0029134379,0.058268757,0.29134379,11.888105,"{""0.01"":{""count"":262,""denominator"":245237},""0.1"":{""count"":245,""denominator"":245237},""1.0"":{""count"":165,""denominator"":245237}}",1.0027348,False,11.888105,w245:p5,1,signed maximum,first in producer window/position order; exact equality,"{""count"":244870,""denominator"":245237}","{""count"":244974,""denominator"":245237}",unavailable,unavailable
cf9c6af6097c6d96c9a5a1d3,zsre,v0_live_C1,1,102,1000,full_validation,original,kl,complete,245237,245237,0.0027734912,0.0027734912,0.055469825,0.27734912,11.760031,"{""0.01"":{""count"":360,""denominator"":245237},""0.1"":{""count"":289,""denominator"":245237},""1.0"":{""count"":154,""denominator"":245237}}",unavailable,unavailable,11.760031,w245:p5,1,signed maximum,first in producer window/position order; exact equality,"{""count"":244870,""denominator"":245237}","{""count"":244870,""denominator"":245237}",unavailable,unavailable
7317081e2468dfeeed3e4cc7,zsre,v0_live_C1,1,103,100,sampled_drift,original,loss,complete,16256,16256,0.00040487525,0.00043036308,0.0086072615,0.043036308,1.0490789,"{""0.01"":10,""0.1"":10,""1.0"":1}",1.000405,False,unavailable,w34:p38,unavailable,positive-part maximum,first in producer sample order; tie count unavailable,unavailable,unavailable,16246,16256
7317081e2468dfeeed3e4cc7,zsre,v0_live_C1,1,103,100,sampled_drift,capoff,loss,complete,16256,16256,0.00040487525,0.00043036308,0.0086072615,0.043036308,1.0490789,"{""0.01"":10,""0.1"":10,""1.0"":1}",1.000405,False,unavailable,w34:p38,unavailable,positive-part maximum,first in producer sample order; tie count unavailable,unavailable,unavailable,16246,16256
7317081e2468dfeeed3e4cc7,zsre,v0_live_C1,1,103,300,sampled_drift,original,loss,complete,16256,16256,0.0049106941,0.0050037023,0.10007405,0.50037023,9.4787893,"{""0.01"":27,""0.1"":27,""1.0"":15}",1.0049228,False,unavailable,w91:p21,unavailable,positive-part maximum,first in producer sample order; tie count unavailable,unavailable,unavailable,16229,16256
7317081e2468dfeeed3e4cc7,zsre,v0_live_C1,1,103,300,sampled_drift,capoff,loss,complete,16256,16256,0.0049106941,0.0050037023,0.10007405,0.50037023,9.4787893,"{""0.01"":27,""0.1"":27,""1.0"":15}",1.0049228,False,unavailable,w91:p21,unavailable,positive-part maximum,first in producer sample order; tie count unavailable,unavailable,unavailable,16229,16256
7317081e2468dfeeed3e4cc7,zsre,v0_live_C1,1,103,1000,sampled_drift,original,loss,complete,16256,16256,0.00057885084,0.00067533679,0.013506736,0.067533679,3.1324857,"{""0.01"":12,""0.1"":10,""1.0"":5}",1.000579,False,unavailable,w13:p125,unavailable,positive-part maximum,first in producer sample order; tie count unavailable,unavailable,unavailable,16244,16256
7317081e2468dfeeed3e4cc7,zsre,v0_live_C1,1,103,1000,sampled_drift,capoff,loss,complete,16256,16256,0.00057885084,0.00067533679,0.013506736,0.067533679,3.1324857,"{""0.01"":12,""0.1"":10,""1.0"":5}",1.000579,False,unavailable,w13:p125,unavailable,positive-part maximum,first in producer sample order; tie count unavailable,unavailable,unavailable,16244,16256
7317081e2468dfeeed3e4cc7,zsre,v0_live_C1,1,103,1000,full_validation,capoff,loss,complete,245237,245237,0.00074681182,0.00089311094,0.017862219,0.089311094,13.009984,"{""0.01"":{""count"":159,""denominator"":245237},""0.1"":{""count"":136,""denominator"":245237},""1.0"":{""count"":66,""denominator"":245237}}",1.0007471,False,13.009984,w679:p9,1,signed maximum,first in producer window/position order; exact equality,"{""count"":244979,""denominator"":245237}","{""count"":245077,""denominator"":245237}",unavailable,unavailable
7317081e2468dfeeed3e4cc7,zsre,v0_live_C1,1,103,1000,full_validation,capoff,kl,complete,245237,245237,0.00074167515,0.00074167515,0.014833503,0.074167515,11.579019,"{""0.01"":{""count"":247,""denominator"":245237},""0.1"":{""count"":174,""denominator"":245237},""1.0"":{""count"":42,""denominator"":245237}}",unavailable,unavailable,11.579019,w679:p9,1,signed maximum,first in producer window/position order; exact equality,"{""count"":244979,""denominator"":245237}","{""count"":244979,""denominator"":245237}",unavailable,unavailable
7317081e2468dfeeed3e4cc7,zsre,v0_live_C1,1,103,1000,full_validation,original,loss,complete,245237,245237,0.00074681182,0.00089311094,0.017862219,0.089311094,13.009984,"{""0.01"":{""count"":159,""denominator"":245237},""0.1"":{""count"":136,""denominator"":245237},""1.0"":{""count"":66,""denominator"":245237}}",1.0007471,False,13.009984,w679:p9,1,signed maximum,first in producer window/position order; exact equality,"{""count"":244979,""denominator"":245237}","{""count"":245077,""denominator"":245237}",unavailable,unavailable
7317081e2468dfeeed3e4cc7,zsre,v0_live_C1,1,103,1000,full_validation,original,kl,complete,245237,245237,0.00074167515,0.00074167515,0.014833503,0.074167515,11.579019,"{""0.01"":{""count"":247,""denominator"":245237},""0.1"":{""count"":174,""denominator"":245237},""1.0"":{""count"":42,""denominator"":245237}}",unavailable,unavailable,11.579019,w679:p9,1,signed maximum,first in producer window/position order; exact equality,"{""count"":244979,""denominator"":245237}","{""count"":244979,""denominator"":245237}",unavailable,unavailable
ed2fff6199cac50f8e3c05d9,zsre,v0_live_C1,1,104,100,sampled_drift,original,loss,complete,16256,16256,0.00014159436,0.00014159436,0.0028318873,0.014159436,1.8020397,"{""0.01"":2,""0.1"":2,""1.0"":1}",1.0001416,False,unavailable,w13:p61,unavailable,positive-part maximum,first in producer sample order; tie count unavailable,unavailable,unavailable,16254,16256
ed2fff6199cac50f8e3c05d9,zsre,v0_live_C1,1,104,100,sampled_drift,capoff,loss,complete,16256,16256,0.00014159436,0.00014159436,0.0028318873,0.014159436,1.8020397,"{""0.01"":2,""0.1"":2,""1.0"":1}",1.0001416,False,unavailable,w13:p61,unavailable,positive-part maximum,first in producer sample order; tie count unavailable,unavailable,unavailable,16254,16256
ed2fff6199cac50f8e3c05d9,zsre,v0_live_C1,1,104,300,sampled_drift,original,loss,complete,16256,16256,0.00013863161,0.00021360365,0.0042720729,0.021360365,1.8020397,"{""0.01"":5,""0.1"":5,""1.0"":1}",1.0001386,False,unavailable,w13:p61,unavailable,positive-part maximum,first in producer sample order; tie count unavailable,unavailable,unavailable,16251,16256
ed2fff6199cac50f8e3c05d9,zsre,v0_live_C1,1,104,300,sampled_drift,capoff,loss,complete,16256,16256,0.00013863161,0.00021360365,0.0042720729,0.021360365,1.8020397,"{""0.01"":5,""0.1"":5,""1.0"":1}",1.0001386,False,unavailable,w13:p61,unavailable,positive-part maximum,first in producer sample order; tie count unavailable,unavailable,unavailable,16251,16256
ed2fff6199cac50f8e3c05d9,zsre,v0_live_C1,1,104,1000,sampled_drift,original,loss,complete,16256,16256,0.0054886809,0.0054996363,0.10999273,0.54996363,7.2350861,"{""0.01"":35,""0.1"":33,""1.0"":22}",1.0055038,False,unavailable,w34:p61,unavailable,positive-part maximum,first in producer sample order; tie count unavailable,unavailable,unavailable,16221,16256
ed2fff6199cac50f8e3c05d9,zsre,v0_live_C1,1,104,1000,sampled_drift,capoff,loss,complete,16256,16256,0.0054886809,0.0054996363,0.10999273,0.54996363,7.2350861,"{""0.01"":35,""0.1"":33,""1.0"":22}",1.0055038,False,unavailable,w34:p61,unavailable,positive-part maximum,first in producer sample order; tie count unavailable,unavailable,unavailable,16221,16256
ed2fff6199cac50f8e3c05d9,zsre,v0_live_C1,1,104,1000,full_validation,capoff,loss,complete,245237,245237,0.003585993,0.0037430376,0.074860752,0.37430376,13.009984,"{""0.01"":{""count"":304,""denominator"":245237},""0.1"":{""count"":284,""denominator"":245237},""1.0"":{""count"":206,""denominator"":245237}}",1.0035924,False,13.009984,w679:p9,1,signed maximum,first in producer window/position order; exact equality,"{""count"":244818,""denominator"":245237}","{""count"":244931,""denominator"":245237}",unavailable,unavailable
ed2fff6199cac50f8e3c05d9,zsre,v0_live_C1,1,104,1000,full_validation,capoff,kl,complete,245237,245237,0.0035572656,0.0035572656,0.071145312,0.35572656,11.579019,"{""0.01"":{""count"":406,""denominator"":245237},""0.1"":{""count"":320,""denominator"":245237},""1.0"":{""count"":197,""denominator"":245237}}",unavailable,unavailable,11.579019,w679:p9,1,signed maximum,first in producer window/position order; exact equality,"{""count"":244818,""denominator"":245237}","{""count"":244818,""denominator"":245237}",unavailable,unavailable
ed2fff6199cac50f8e3c05d9,zsre,v0_live_C1,1,104,1000,full_validation,original,loss,complete,245237,245237,0.003585993,0.0037430376,0.074860752,0.37430376,13.009984,"{""0.01"":{""count"":304,""denominator"":245237},""0.1"":{""count"":284,""denominator"":245237},""1.0"":{""count"":206,""denominator"":245237}}",1.0035924,False,13.009984,w679:p9,1,signed maximum,first in producer window/position order; exact equality,"{""count"":244818,""denominator"":245237}","{""count"":244931,""denominator"":245237}",unavailable,unavailable
ed2fff6199cac50f8e3c05d9,zsre,v0_live_C1,1,104,1000,full_validation,original,kl,complete,245237,245237,0.0035572656,0.0035572656,0.071145312,0.35572656,11.579019,"{""0.01"":{""count"":406,""denominator"":245237},""0.1"":{""count"":320,""denominator"":245237},""1.0"":{""count"":197,""denominator"":245237}}",unavailable,unavailable,11.579019,w679:p9,1,signed maximum,first in producer window/position order; exact equality,"{""count"":244818,""denominator"":245237}","{""count"":244818,""denominator"":245237}",unavailable,unavailable
5d52bba4bd205ffecf96212a,zsre,v0_live_C1,2,100,100,sampled_drift,original,loss,complete,16256,16256,0.00017382075,0.00028782726,0.0057565453,0.028782726,2.4475714,"{""0.01"":4,""0.1"":3,""1.0"":2}",1.0001738,False,unavailable,w25:p67,unavailable,positive-part maximum,first in producer sample order; tie count unavailable,unavailable,unavailable,16252,16256
5d52bba4bd205ffecf96212a,zsre,v0_live_C1,2,100,100,sampled_drift,capoff,loss,complete,16256,16256,0.00017382075,0.00028782726,0.0057565453,0.028782726,2.4475714,"{""0.01"":4,""0.1"":3,""1.0"":2}",1.0001738,False,unavailable,w25:p67,unavailable,positive-part maximum,first in producer sample order; tie count unavailable,unavailable,unavailable,16252,16256
5d52bba4bd205ffecf96212a,zsre,v0_live_C1,2,100,300,sampled_drift,original,loss,complete,16256,16256,0.00035283389,0.00048209268,0.0096418537,0.048209268,2.4475714,"{""0.01"":7,""0.1"":6,""1.0"":3}",1.0003529,False,unavailable,w25:p67,unavailable,positive-part maximum,first in producer sample order; tie count unavailable,unavailable,unavailable,16249,16256
5d52bba4bd205ffecf96212a,zsre,v0_live_C1,2,100,300,sampled_drift,capoff,loss,complete,16256,16256,0.00035283389,0.00048209268,0.0096418537,0.048209268,2.4475714,"{""0.01"":7,""0.1"":6,""1.0"":3}",1.0003529,False,unavailable,w25:p67,unavailable,positive-part maximum,first in producer sample order; tie count unavailable,unavailable,unavailable,16249,16256
5d52bba4bd205ffecf96212a,zsre,v0_live_C1,2,100,1000,sampled_drift,original,loss,complete,16256,16256,0.00070685186,0.00091651811,0.018330362,0.091651811,4.7058868,"{""0.01"":16,""0.1"":14,""1.0"":4}",1.0007071,False,unavailable,w39:p10,unavailable,positive-part maximum,first in producer sample order; tie count unavailable,unavailable,unavailable,16240,16256
5d52bba4bd205ffecf96212a,zsre,v0_live_C1,2,100,1000,sampled_drift,capoff,loss,complete,16256,16256,0.00070685186,0.00091651811,0.018330362,0.091651811,4.7058868,"{""0.01"":16,""0.1"":14,""1.0"":4}",1.0007071,False,unavailable,w39:p10,unavailable,positive-part maximum,first in producer sample order; tie count unavailable,unavailable,unavailable,16240,16256
5d52bba4bd205ffecf96212a,zsre,v0_live_C1,2,100,1000,full_validation,capoff,loss,complete,245237,245237,0.0014338894,0.0016974579,0.033949157,0.16974579,19.338578,"{""0.01"":{""count"":230,""denominator"":245237},""0.1"":{""count"":220,""denominator"":245237},""1.0"":{""count"":97,""denominator"":245237}}",1.0014349,False,19.338578,w892:p19,1,signed maximum,first in producer window/position order; exact equality,"{""count"":244881,""denominator"":245237}","{""count"":245005,""denominator"":245237}",unavailable,unavailable
5d52bba4bd205ffecf96212a,zsre,v0_live_C1,2,100,1000,full_validation,capoff,kl,complete,245237,245237,0.0015499897,0.0015499897,0.030999794,0.15499897,19.742434,"{""0.01"":{""count"":353,""denominator"":245237},""0.1"":{""count"":261,""denominator"":245237},""1.0"":{""count"":86,""denominator"":245237}}",unavailable,unavailable,19.742434,w892:p19,1,signed maximum,first in producer window/position order; exact equality,"{""count"":244881,""denominator"":245237}","{""count"":244881,""denominator"":245237}",unavailable,unavailable
5d52bba4bd205ffecf96212a,zsre,v0_live_C1,2,100,1000,full_validation,original,loss,complete,245237,245237,0.0014338894,0.0016974579,0.033949157,0.16974579,19.338578,"{""0.01"":{""count"":230,""denominator"":245237},""0.1"":{""count"":220,""denominator"":245237},""1.0"":{""count"":97,""denominator"":245237}}",1.0014349,False,19.338578,w892:p19,1,signed maximum,first in producer window/position order; exact equality,"{""count"":244881,""denominator"":245237}","{""count"":245005,""denominator"":245237}",unavailable,unavailable
5d52bba4bd205ffecf96212a,zsre,v0_live_C1,2,100,1000,full_validation,original,kl,complete,245237,245237,0.0015499897,0.0015499897,0.030999794,0.15499897,19.742434,"{""0.01"":{""count"":353,""denominator"":245237},""0.1"":{""count"":261,""denominator"":245237},""1.0"":{""count"":86,""denominator"":245237}}",unavailable,unavailable,19.742434,w892:p19,1,signed maximum,first in producer window/position order; exact equality,"{""count"":244881,""denominator"":245237}","{""count"":244881,""denominator"":245237}",unavailable,unavailable
e82412060e54893dc307a45e,zsre,v0_live_C1,2,101,100,sampled_drift,original,loss,complete,16256,16256,0.00017346464,0.00017371707,0.0034743414,0.017371707,1.7779476,"{""0.01"":4,""0.1"":4,""1.0"":1}",1.0001735,False,unavailable,w23:p7,unavailable,positive-part maximum,first in producer sample order; tie count unavailable,unavailable,unavailable,16252,16256
e82412060e54893dc307a45e,zsre,v0_live_C1,2,101,100,sampled_drift,capoff,loss,complete,16256,16256,0.00017346464,0.00017371707,0.0034743414,0.017371707,1.7779476,"{""0.01"":4,""0.1"":4,""1.0"":1}",1.0001735,False,unavailable,w23:p7,unavailable,positive-part maximum,first in producer sample order; tie count unavailable,unavailable,unavailable,16252,16256
e82412060e54893dc307a45e,zsre,v0_live_C1,2,101,300,sampled_drift,original,loss,complete,16256,16256,0.00028523069,0.0003105782,0.0062115639,0.03105782,1.7779476,"{""0.01"":5,""0.1"":5,""1.0"":2}",1.0002853,False,unavailable,w23:p7,unavailable,positive-part maximum,first in producer sample order; tie count unavailable,unavailable,unavailable,16251,16256
e82412060e54893dc307a45e,zsre,v0_live_C1,2,101,300,sampled_drift,capoff,loss,complete,16256,16256,0.00028523069,0.0003105782,0.0062115639,0.03105782,1.7779476,"{""0.01"":5,""0.1"":5,""1.0"":2}",1.0002853,False,unavailable,w23:p7,unavailable,positive-part maximum,first in producer sample order; tie count unavailable,unavailable,unavailable,16251,16256
e82412060e54893dc307a45e,zsre,v0_live_C1,2,101,1000,sampled_drift,original,loss,complete,16256,16256,0.00064288972,0.00097909208,0.019581842,0.097909208,4.6023726,"{""0.01"":18,""0.1"":16,""1.0"":5}",1.0006431,False,unavailable,w72:p66,unavailable,positive-part maximum,first in producer sample order; tie count unavailable,unavailable,unavailable,16238,16256
e82412060e54893dc307a45e,zsre,v0_live_C1,2,101,1000,sampled_drift,capoff,loss,complete,16256,16256,0.00064288972,0.00097909208,0.019581842,0.097909208,4.6023726,"{""0.01"":18,""0.1"":16,""1.0"":5}",1.0006431,False,unavailable,w72:p66,unavailable,positive-part maximum,first in producer sample order; tie count unavailable,unavailable,unavailable,16238,16256
e82412060e54893dc307a45e,zsre,v0_live_C1,2,101,1000,full_validation,capoff,loss,complete,245237,245237,0.0019012005,0.0021760808,0.043521617,0.21760808,19.640343,"{""0.01"":{""count"":256,""denominator"":245237},""0.1"":{""count"":240,""denominator"":245237},""1.0"":{""count"":123,""denominator"":245237}}",1.001903,False,19.640343,w892:p19,1,signed maximum,first in producer window/position order; exact equality,"{""count"":244860,""denominator"":245237}","{""count"":244979,""denominator"":245237}",unavailable,unavailable
e82412060e54893dc307a45e,zsre,v0_live_C1,2,101,1000,full_validation,capoff,kl,complete,245237,245237,0.0020597578,0.0020597578,0.041195156,0.20597578,20.13263,"{""0.01"":{""count"":372,""denominator"":245237},""0.1"":{""count"":284,""denominator"":245237},""1.0"":{""count"":113,""denominator"":245237}}",unavailable,unavailable,20.13263,w892:p19,1,signed maximum,first in producer window/position order; exact equality,"{""count"":244860,""denominator"":245237}","{""count"":244860,""denominator"":245237}",unavailable,unavailable
e82412060e54893dc307a45e,zsre,v0_live_C1,2,101,1000,full_validation,original,loss,complete,245237,245237,0.0019012005,0.0021760808,0.043521617,0.21760808,19.640343,"{""0.01"":{""count"":256,""denominator"":245237},""0.1"":{""count"":240,""denominator"":245237},""1.0"":{""count"":123,""denominator"":245237}}",1.001903,False,19.640343,w892:p19,1,signed maximum,first in producer window/position order; exact equality,"{""count"":244860,""denominator"":245237}","{""count"":244979,""denominator"":245237}",unavailable,unavailable
e82412060e54893dc307a45e,zsre,v0_live_C1,2,101,1000,full_validation,original,kl,complete,245237,245237,0.0020597578,0.0020597578,0.041195156,0.20597578,20.13263,"{""0.01"":{""count"":372,""denominator"":245237},""0.1"":{""count"":284,""denominator"":245237},""1.0"":{""count"":113,""denominator"":245237}}",unavailable,unavailable,20.13263,w892:p19,1,signed maximum,first in producer window/position order; exact equality,"{""count"":244860,""denominator"":245237}","{""count"":244860,""denominator"":245237}",unavailable,unavailable
b42dfb1e539cb4645127e844,zsre,v0_live_C1,2,102,100,sampled_drift,original,loss,complete,16256,16256,0.00022868457,0.00022868457,0.0045736915,0.022868457,2.3200085,"{""0.01"":3,""0.1"":3,""1.0"":1}",1.0002287,False,unavailable,w13:p61,unavailable,positive-part maximum,first in producer sample order; tie count unavailable,unavailable,unavailable,16253,16256
b42dfb1e539cb4645127e844,zsre,v0_live_C1,2,102,100,sampled_drift,capoff,loss,complete,16256,16256,0.00022868457,0.00022868457,0.0045736915,0.022868457,2.3200085,"{""0.01"":3,""0.1"":3,""1.0"":1}",1.0002287,False,unavailable,w13:p61,unavailable,positive-part maximum,first in producer sample order; tie count unavailable,unavailable,unavailable,16253,16256
b42dfb1e539cb4645127e844,zsre,v0_live_C1,2,102,300,sampled_drift,original,loss,complete,16256,16256,0.00028377187,0.00029956867,0.0059913734,0.029956867,2.3200085,"{""0.01"":5,""0.1"":5,""1.0"":1}",1.0002838,False,unavailable,w13:p61,unavailable,positive-part maximum,first in producer sample order; tie count unavailable,unavailable,unavailable,16251,16256
b42dfb1e539cb4645127e844,zsre,v0_live_C1,2,102,300,sampled_drift,capoff,loss,complete,16256,16256,0.00028377187,0.00029956867,0.0059913734,0.029956867,2.3200085,"{""0.01"":5,""0.1"":5,""1.0"":1}",1.0002838,False,unavailable,w13:p61,unavailable,positive-part maximum,first in producer sample order; tie count unavailable,unavailable,unavailable,16251,16256
b42dfb1e539cb4645127e844,zsre,v0_live_C1,2,102,1000,sampled_drift,original,loss,complete,16256,16256,0.00083698536,0.0011102958,0.022205917,0.11102958,3.8106421,"{""0.01"":19,""0.1"":17,""1.0"":7}",1.0008373,False,unavailable,w13:p125,unavailable,positive-part maximum,first in producer sample order; tie count unavailable,unavailable,unavailable,16237,16256
b42dfb1e539cb4645127e844,zsre,v0_live_C1,2,102,1000,sampled_drift,capoff,loss,complete,16256,16256,0.00083698536,0.0011102958,0.022205917,0.11102958,3.8106421,"{""0.01"":19,""0.1"":17,""1.0"":7}",1.0008373,False,unavailable,w13:p125,unavailable,positive-part maximum,first in producer sample order; tie count unavailable,unavailable,unavailable,16237,16256
b42dfb1e539cb4645127e844,zsre,v0_live_C1,2,102,1000,full_validation,capoff,loss,complete,245237,245237,0.0012093041,0.0014610818,0.029221637,0.14610818,15.272624,"{""0.01"":{""count"":212,""denominator"":245237},""0.1"":{""count"":198,""denominator"":245237},""1.0"":{""count"":94,""denominator"":245237}}",1.00121,False,15.272624,w1333:p34,1,signed maximum,first in producer window/position order; exact equality,"{""count"":244893,""denominator"":245237}","{""count"":245023,""denominator"":245237}",unavailable,unavailable
b42dfb1e539cb4645127e844,zsre,v0_live_C1,2,102,1000,full_validation,capoff,kl,complete,245237,245237,0.0012743158,0.0012743158,0.025486317,0.12743158,10.997871,"{""0.01"":{""count"":337,""denominator"":245237},""0.1"":{""count"":250,""denominator"":245237},""1.0"":{""count"":82,""denominator"":245237}}",unavailable,unavailable,10.997871,w1223:p14,1,signed maximum,first in producer window/position order; exact equality,"{""count"":244893,""denominator"":245237}","{""count"":244893,""denominator"":245237}",unavailable,unavailable
b42dfb1e539cb4645127e844,zsre,v0_live_C1,2,102,1000,full_validation,original,loss,complete,245237,245237,0.0012093041,0.0014610818,0.029221637,0.14610818,15.272624,"{""0.01"":{""count"":212,""denominator"":245237},""0.1"":{""count"":198,""denominator"":245237},""1.0"":{""count"":94,""denominator"":245237}}",1.00121,False,15.272624,w1333:p34,1,signed maximum,first in producer window/position order; exact equality,"{""count"":244893,""denominator"":245237}","{""count"":245023,""denominator"":245237}",unavailable,unavailable
b42dfb1e539cb4645127e844,zsre,v0_live_C1,2,102,1000,full_validation,original,kl,complete,245237,245237,0.0012743158,0.0012743158,0.025486317,0.12743158,10.997871,"{""0.01"":{""count"":337,""denominator"":245237},""0.1"":{""count"":250,""denominator"":245237},""1.0"":{""count"":82,""denominator"":245237}}",unavailable,unavailable,10.997871,w1223:p14,1,signed maximum,first in producer window/position order; exact equality,"{""count"":244893,""denominator"":245237}","{""count"":244893,""denominator"":245237}",unavailable,unavailable
2fe9909dbaad17941716efc9,zsre,v0_live_C1,2,103,100,sampled_drift,original,loss,complete,16256,16256,-0.00018664484,2.8082791e-05,0.00056165582,0.0028082791,0.31169673,"{""0.01"":2,""0.1"":2,""1.0"":0}",0.99981337,False,unavailable,w23:p8,unavailable,positive-part maximum,first in producer sample order; tie count unavailable,unavailable,unavailable,16254,16256
2fe9909dbaad17941716efc9,zsre,v0_live_C1,2,103,100,sampled_drift,capoff,loss,complete,16256,16256,-0.00018664484,2.8082791e-05,0.00056165582,0.0028082791,0.31169673,"{""0.01"":2,""0.1"":2,""1.0"":0}",0.99981337,False,unavailable,w23:p8,unavailable,positive-part maximum,first in producer sample order; tie count unavailable,unavailable,unavailable,16254,16256
2fe9909dbaad17941716efc9,zsre,v0_live_C1,2,103,300,sampled_drift,original,loss,complete,16256,16256,0.00040697649,0.00058395585,0.011679117,0.058395585,3.2651747,"{""0.01"":5,""0.1"":5,""1.0"":3}",1.0004071,False,unavailable,w24:p20,unavailable,positive-part maximum,first in producer sample order; tie count unavailable,unavailable,unavailable,16251,16256
2fe9909dbaad17941716efc9,zsre,v0_live_C1,2,103,300,sampled_drift,capoff,loss,complete,16256,16256,0.00040697649,0.00058395585,0.011679117,0.058395585,3.2651747,"{""0.01"":5,""0.1"":5,""1.0"":3}",1.0004071,False,unavailable,w24:p20,unavailable,positive-part maximum,first in producer sample order; tie count unavailable,unavailable,unavailable,16251,16256
2fe9909dbaad17941716efc9,zsre,v0_live_C1,2,103,1000,sampled_drift,original,loss,complete,16256,16256,0.00077673173,0.00090938093,0.018187619,0.090938093,5.5033186,"{""0.01"":18,""0.1"":15,""1.0"":3}",1.000777,False,unavailable,w72:p51,unavailable,positive-part maximum,first in producer sample order; tie count unavailable,unavailable,unavailable,16238,16256
2fe9909dbaad17941716efc9,zsre,v0_live_C1,2,103,1000,sampled_drift,capoff,loss,complete,16256,16256,0.00077673173,0.00090938093,0.018187619,0.090938093,5.5033186,"{""0.01"":18,""0.1"":15,""1.0"":3}",1.000777,False,unavailable,w72:p51,unavailable,positive-part maximum,first in producer sample order; tie count unavailable,unavailable,unavailable,16238,16256
2fe9909dbaad17941716efc9,zsre,v0_live_C1,2,103,1000,full_validation,capoff,loss,complete,245237,245237,0.0016253163,0.0018812473,0.037624945,0.18812473,19.640343,"{""0.01"":{""count"":235,""denominator"":245237},""0.1"":{""count"":221,""denominator"":245237},""1.0"":{""count"":98,""denominator"":245237}}",1.0016266,False,19.640343,w892:p19,1,signed maximum,first in producer window/position order; exact equality,"{""count"":244875,""denominator"":245237}","{""count"":245000,""denominator"":245237}",unavailable,unavailable
2fe9909dbaad17941716efc9,zsre,v0_live_C1,2,103,1000,full_validation,capoff,kl,complete,245237,245237,0.0017447747,0.0017447747,0.034895493,0.17447747,20.13263,"{""0.01"":{""count"":355,""denominator"":245237},""0.1"":{""count"":254,""denominator"":245237},""1.0"":{""count"":91,""denominator"":245237}}",unavailable,unavailable,20.13263,w892:p19,1,signed maximum,first in producer window/position order; exact equality,"{""count"":244875,""denominator"":245237}","{""count"":244875,""denominator"":245237}",unavailable,unavailable
2fe9909dbaad17941716efc9,zsre,v0_live_C1,2,103,1000,full_validation,original,loss,complete,245237,245237,0.0016253163,0.0018812473,0.037624945,0.18812473,19.640343,"{""0.01"":{""count"":235,""denominator"":245237},""0.1"":{""count"":221,""denominator"":245237},""1.0"":{""count"":98,""denominator"":245237}}",1.0016266,False,19.640343,w892:p19,1,signed maximum,first in producer window/position order; exact equality,"{""count"":244875,""denominator"":245237}","{""count"":245000,""denominator"":245237}",unavailable,unavailable
2fe9909dbaad17941716efc9,zsre,v0_live_C1,2,103,1000,full_validation,original,kl,complete,245237,245237,0.0017447747,0.0017447747,0.034895493,0.17447747,20.13263,"{""0.01"":{""count"":355,""denominator"":245237},""0.1"":{""count"":254,""denominator"":245237},""1.0"":{""count"":91,""denominator"":245237}}",unavailable,unavailable,20.13263,w892:p19,1,signed maximum,first in producer window/position order; exact equality,"{""count"":244875,""denominator"":245237}","{""count"":244875,""denominator"":245237}",unavailable,unavailable
e45d4b2c01fc48117d5abec8,zsre,v0_live_C1,2,104,100,sampled_drift,original,loss,complete,16256,16256,0.00017577257,0.00034783336,0.0069566672,0.034783336,3.1414151,"{""0.01"":7,""0.1"":6,""1.0"":2}",1.0001758,False,unavailable,w43:p23,unavailable,positive-part maximum,first in producer sample order; tie count unavailable,unavailable,unavailable,16249,16256
e45d4b2c01fc48117d5abec8,zsre,v0_live_C1,2,104,100,sampled_drift,capoff,loss,complete,16256,16256,0.00017577257,0.00034783336,0.0069566672,0.034783336,3.1414151,"{""0.01"":7,""0.1"":6,""1.0"":2}",1.0001758,False,unavailable,w43:p23,unavailable,positive-part maximum,first in producer sample order; tie count unavailable,unavailable,unavailable,16249,16256
e45d4b2c01fc48117d5abec8,zsre,v0_live_C1,2,104,300,sampled_drift,original,loss,complete,16256,16256,0.00056350154,0.00074531679,0.014906336,0.074531679,3.6207382,"{""0.01"":13,""0.1"":12,""1.0"":3}",1.0005637,False,unavailable,w39:p10,unavailable,positive-part maximum,first in producer sample order; tie count unavailable,unavailable,unavailable,16243,16256
e45d4b2c01fc48117d5abec8,zsre,v0_live_C1,2,104,300,sampled_drift,capoff,loss,complete,16256,16256,0.00056350154,0.00074531679,0.014906336,0.074531679,3.6207382,"{""0.01"":13,""0.1"":12,""1.0"":3}",1.0005637,False,unavailable,w39:p10,unavailable,positive-part maximum,first in producer sample order; tie count unavailable,unavailable,unavailable,16243,16256
e45d4b2c01fc48117d5abec8,zsre,v0_live_C1,2,104,1000,sampled_drift,original,loss,complete,16256,16256,0.0011556749,0.0012462384,0.024924768,0.12462384,3.6207382,"{""0.01"":20,""0.1"":16,""1.0"":7}",1.0011563,False,unavailable,w39:p10,unavailable,positive-part maximum,first in producer sample order; tie count unavailable,unavailable,unavailable,16235,16256
e45d4b2c01fc48117d5abec8,zsre,v0_live_C1,2,104,1000,sampled_drift,capoff,loss,complete,16256,16256,0.0011556749,0.0012462384,0.024924768,0.12462384,3.6207382,"{""0.01"":20,""0.1"":16,""1.0"":7}",1.0011563,False,unavailable,w39:p10,unavailable,positive-part maximum,first in producer sample order; tie count unavailable,unavailable,unavailable,16235,16256
e45d4b2c01fc48117d5abec8,zsre,v0_live_C1,2,104,1000,full_validation,capoff,loss,complete,245237,245237,0.0020250571,0.0022401895,0.044803791,0.22401895,19.640343,"{""0.01"":{""count"":236,""denominator"":245237},""0.1"":{""count"":220,""denominator"":245237},""1.0"":{""count"":118,""denominator"":245237}}",1.0020271,False,19.640343,w892:p19,1,signed maximum,first in producer window/position order; exact equality,"{""count"":244882,""denominator"":245237}","{""count"":244994,""denominator"":245237}",unavailable,unavailable
e45d4b2c01fc48117d5abec8,zsre,v0_live_C1,2,104,1000,full_validation,capoff,kl,complete,245237,245237,0.0020722334,0.0020722334,0.041444668,0.20722334,20.13263,"{""0.01"":{""count"":350,""denominator"":245237},""0.1"":{""count"":259,""denominator"":245237},""1.0"":{""count"":110,""denominator"":245237}}",unavailable,unavailable,20.13263,w892:p19,1,signed maximum,first in producer window/position order; exact equality,"{""count"":244882,""denominator"":245237}","{""count"":244882,""denominator"":245237}",unavailable,unavailable
e45d4b2c01fc48117d5abec8,zsre,v0_live_C1,2,104,1000,full_validation,original,loss,complete,245237,245237,0.0020250571,0.0022401895,0.044803791,0.22401895,19.640343,"{""0.01"":{""count"":236,""denominator"":245237},""0.1"":{""count"":220,""denominator"":245237},""1.0"":{""count"":118,""denominator"":245237}}",1.0020271,False,19.640343,w892:p19,1,signed maximum,first in producer window/position order; exact equality,"{""count"":244882,""denominator"":245237}","{""count"":244994,""denominator"":245237}",unavailable,unavailable
e45d4b2c01fc48117d5abec8,zsre,v0_live_C1,2,104,1000,full_validation,original,kl,complete,245237,245237,0.0020722334,0.0020722334,0.041444668,0.20722334,20.13263,"{""0.01"":{""count"":350,""denominator"":245237},""0.1"":{""count"":259,""denominator"":245237},""1.0"":{""count"":110,""denominator"":245237}}",unavailable,unavailable,20.13263,w892:p19,1,signed maximum,first in producer window/position order; exact equality,"{""count"":244882,""denominator"":245237}","{""count"":244882,""denominator"":245237}",unavailable,unavailable
978f353680dde68625399775,counterfact,v0_live_C1,0,100,100,sampled_drift,original,loss,complete,16256,16256,0,0,0,0,0,"{""0.01"":0,""0.1"":0,""1.0"":0}",1,False,unavailable,w0:p1,unavailable,positive-part maximum,first in producer sample order; tie count unavailable,unavailable,unavailable,16256,16256
978f353680dde68625399775,counterfact,v0_live_C1,0,100,100,sampled_drift,capoff,loss,complete,16256,16256,0,0,0,0,0,"{""0.01"":0,""0.1"":0,""1.0"":0}",1,False,unavailable,w0:p1,unavailable,positive-part maximum,first in producer sample order; tie count unavailable,unavailable,unavailable,16256,16256
978f353680dde68625399775,counterfact,v0_live_C1,0,100,300,sampled_drift,original,loss,complete,16256,16256,0,0,0,0,0,"{""0.01"":0,""0.1"":0,""1.0"":0}",1,False,unavailable,w0:p1,unavailable,positive-part maximum,first in producer sample order; tie count unavailable,unavailable,unavailable,16256,16256
978f353680dde68625399775,counterfact,v0_live_C1,0,100,300,sampled_drift,capoff,loss,complete,16256,16256,0,0,0,0,0,"{""0.01"":0,""0.1"":0,""1.0"":0}",1,False,unavailable,w0:p1,unavailable,positive-part maximum,first in producer sample order; tie count unavailable,unavailable,unavailable,16256,16256
978f353680dde68625399775,counterfact,v0_live_C1,0,100,1000,sampled_drift,original,loss,complete,16256,16256,0,0,0,0,0,"{""0.01"":0,""0.1"":0,""1.0"":0}",1,False,unavailable,w0:p1,unavailable,positive-part maximum,first in producer sample order; tie count unavailable,unavailable,unavailable,16256,16256
978f353680dde68625399775,counterfact,v0_live_C1,0,100,1000,sampled_drift,capoff,loss,complete,16256,16256,0,0,0,0,0,"{""0.01"":0,""0.1"":0,""1.0"":0}",1,False,unavailable,w0:p1,unavailable,positive-part maximum,first in producer sample order; tie count unavailable,unavailable,unavailable,16256,16256
978f353680dde68625399775,counterfact,v0_live_C1,0,100,1000,full_validation,capoff,loss,complete,245237,245237,0,0,0,0,0,"{""0.01"":{""count"":0,""denominator"":245237},""0.1"":{""count"":0,""denominator"":245237},""1.0"":{""count"":0,""denominator"":245237}}",1,False,0,w0:p1,245237,signed maximum,first in producer window/position order; exact equality,"{""count"":245237,""denominator"":245237}","{""count"":245237,""denominator"":245237}",unavailable,unavailable
978f353680dde68625399775,counterfact,v0_live_C1,0,100,1000,full_validation,capoff,kl,complete,245237,245237,0,0,0,0,0,"{""0.01"":{""count"":0,""denominator"":245237},""0.1"":{""count"":0,""denominator"":245237},""1.0"":{""count"":0,""denominator"":245237}}",unavailable,unavailable,0,w0:p1,245237,signed maximum,first in producer window/position order; exact equality,"{""count"":245237,""denominator"":245237}","{""count"":245237,""denominator"":245237}",unavailable,unavailable
978f353680dde68625399775,counterfact,v0_live_C1,0,100,1000,full_validation,original,loss,complete,245237,245237,0,0,0,0,0,"{""0.01"":{""count"":0,""denominator"":245237},""0.1"":{""count"":0,""denominator"":245237},""1.0"":{""count"":0,""denominator"":245237}}",1,False,0,w0:p1,245237,signed maximum,first in producer window/position order; exact equality,"{""count"":245237,""denominator"":245237}","{""count"":245237,""denominator"":245237}",unavailable,unavailable
978f353680dde68625399775,counterfact,v0_live_C1,0,100,1000,full_validation,original,kl,complete,245237,245237,0,0,0,0,0,"{""0.01"":{""count"":0,""denominator"":245237},""0.1"":{""count"":0,""denominator"":245237},""1.0"":{""count"":0,""denominator"":245237}}",unavailable,unavailable,0,w0:p1,245237,signed maximum,first in producer window/position order; exact equality,"{""count"":245237,""denominator"":245237}","{""count"":245237,""denominator"":245237}",unavailable,unavailable
cdc8a1fbbb43d1f1ba93a366,counterfact,v0_live_C1,0,101,100,sampled_drift,original,loss,complete,16256,16256,0,0,0,0,0,"{""0.01"":0,""0.1"":0,""1.0"":0}",1,False,unavailable,w0:p1,unavailable,positive-part maximum,first in producer sample order; tie count unavailable,unavailable,unavailable,16256,16256
cdc8a1fbbb43d1f1ba93a366,counterfact,v0_live_C1,0,101,100,sampled_drift,capoff,loss,complete,16256,16256,0,0,0,0,0,"{""0.01"":0,""0.1"":0,""1.0"":0}",1,False,unavailable,w0:p1,unavailable,positive-part maximum,first in producer sample order; tie count unavailable,unavailable,unavailable,16256,16256
cdc8a1fbbb43d1f1ba93a366,counterfact,v0_live_C1,0,101,300,sampled_drift,original,loss,complete,16256,16256,0,0,0,0,0,"{""0.01"":0,""0.1"":0,""1.0"":0}",1,False,unavailable,w0:p1,unavailable,positive-part maximum,first in producer sample order; tie count unavailable,unavailable,unavailable,16256,16256
cdc8a1fbbb43d1f1ba93a366,counterfact,v0_live_C1,0,101,300,sampled_drift,capoff,loss,complete,16256,16256,0,0,0,0,0,"{""0.01"":0,""0.1"":0,""1.0"":0}",1,False,unavailable,w0:p1,unavailable,positive-part maximum,first in producer sample order; tie count unavailable,unavailable,unavailable,16256,16256
cdc8a1fbbb43d1f1ba93a366,counterfact,v0_live_C1,0,101,1000,sampled_drift,original,loss,complete,16256,16256,0,0,0,0,0,"{""0.01"":0,""0.1"":0,""1.0"":0}",1,False,unavailable,w0:p1,unavailable,positive-part maximum,first in producer sample order; tie count unavailable,unavailable,unavailable,16256,16256
cdc8a1fbbb43d1f1ba93a366,counterfact,v0_live_C1,0,101,1000,sampled_drift,capoff,loss,complete,16256,16256,0,0,0,0,0,"{""0.01"":0,""0.1"":0,""1.0"":0}",1,False,unavailable,w0:p1,unavailable,positive-part maximum,first in producer sample order; tie count unavailable,unavailable,unavailable,16256,16256
cdc8a1fbbb43d1f1ba93a366,counterfact,v0_live_C1,0,101,1000,full_validation,capoff,loss,complete,245237,245237,0,0,0,0,0,"{""0.01"":{""count"":0,""denominator"":245237},""0.1"":{""count"":0,""denominator"":245237},""1.0"":{""count"":0,""denominator"":245237}}",1,False,0,w0:p1,245237,signed maximum,first in producer window/position order; exact equality,"{""count"":245237,""denominator"":245237}","{""count"":245237,""denominator"":245237}",unavailable,unavailable
cdc8a1fbbb43d1f1ba93a366,counterfact,v0_live_C1,0,101,1000,full_validation,capoff,kl,complete,245237,245237,0,0,0,0,0,"{""0.01"":{""count"":0,""denominator"":245237},""0.1"":{""count"":0,""denominator"":245237},""1.0"":{""count"":0,""denominator"":245237}}",unavailable,unavailable,0,w0:p1,245237,signed maximum,first in producer window/position order; exact equality,"{""count"":245237,""denominator"":245237}","{""count"":245237,""denominator"":245237}",unavailable,unavailable
cdc8a1fbbb43d1f1ba93a366,counterfact,v0_live_C1,0,101,1000,full_validation,original,loss,complete,245237,245237,0,0,0,0,0,"{""0.01"":{""count"":0,""denominator"":245237},""0.1"":{""count"":0,""denominator"":245237},""1.0"":{""count"":0,""denominator"":245237}}",1,False,0,w0:p1,245237,signed maximum,first in producer window/position order; exact equality,"{""count"":245237,""denominator"":245237}","{""count"":245237,""denominator"":245237}",unavailable,unavailable
cdc8a1fbbb43d1f1ba93a366,counterfact,v0_live_C1,0,101,1000,full_validation,original,kl,complete,245237,245237,0,0,0,0,0,"{""0.01"":{""count"":0,""denominator"":245237},""0.1"":{""count"":0,""denominator"":245237},""1.0"":{""count"":0,""denominator"":245237}}",unavailable,unavailable,0,w0:p1,245237,signed maximum,first in producer window/position order; exact equality,"{""count"":245237,""denominator"":245237}","{""count"":245237,""denominator"":245237}",unavailable,unavailable
3126d7f4d6378f131a26c41d,counterfact,v0_live_C1,0,102,100,sampled_drift,original,loss,complete,16256,16256,0,0,0,0,0,"{""0.01"":0,""0.1"":0,""1.0"":0}",1,False,unavailable,w0:p1,unavailable,positive-part maximum,first in producer sample order; tie count unavailable,unavailable,unavailable,16256,16256
3126d7f4d6378f131a26c41d,counterfact,v0_live_C1,0,102,100,sampled_drift,capoff,loss,complete,16256,16256,0,0,0,0,0,"{""0.01"":0,""0.1"":0,""1.0"":0}",1,False,unavailable,w0:p1,unavailable,positive-part maximum,first in producer sample order; tie count unavailable,unavailable,unavailable,16256,16256
3126d7f4d6378f131a26c41d,counterfact,v0_live_C1,0,102,300,sampled_drift,original,loss,complete,16256,16256,0,0,0,0,0,"{""0.01"":0,""0.1"":0,""1.0"":0}",1,False,unavailable,w0:p1,unavailable,positive-part maximum,first in producer sample order; tie count unavailable,unavailable,unavailable,16256,16256
3126d7f4d6378f131a26c41d,counterfact,v0_live_C1,0,102,300,sampled_drift,capoff,loss,complete,16256,16256,0,0,0,0,0,"{""0.01"":0,""0.1"":0,""1.0"":0}",1,False,unavailable,w0:p1,unavailable,positive-part maximum,first in producer sample order; tie count unavailable,unavailable,unavailable,16256,16256
3126d7f4d6378f131a26c41d,counterfact,v0_live_C1,0,102,1000,sampled_drift,original,loss,complete,16256,16256,0,0,0,0,0,"{""0.01"":0,""0.1"":0,""1.0"":0}",1,False,unavailable,w0:p1,unavailable,positive-part maximum,first in producer sample order; tie count unavailable,unavailable,unavailable,16256,16256
3126d7f4d6378f131a26c41d,counterfact,v0_live_C1,0,102,1000,sampled_drift,capoff,loss,complete,16256,16256,0,0,0,0,0,"{""0.01"":0,""0.1"":0,""1.0"":0}",1,False,unavailable,w0:p1,unavailable,positive-part maximum,first in producer sample order; tie count unavailable,unavailable,unavailable,16256,16256
3126d7f4d6378f131a26c41d,counterfact,v0_live_C1,0,102,1000,full_validation,capoff,loss,complete,245237,245237,0,0,0,0,0,"{""0.01"":{""count"":0,""denominator"":245237},""0.1"":{""count"":0,""denominator"":245237},""1.0"":{""count"":0,""denominator"":245237}}",1,False,0,w0:p1,245237,signed maximum,first in producer window/position order; exact equality,"{""count"":245237,""denominator"":245237}","{""count"":245237,""denominator"":245237}",unavailable,unavailable
3126d7f4d6378f131a26c41d,counterfact,v0_live_C1,0,102,1000,full_validation,capoff,kl,complete,245237,245237,0,0,0,0,0,"{""0.01"":{""count"":0,""denominator"":245237},""0.1"":{""count"":0,""denominator"":245237},""1.0"":{""count"":0,""denominator"":245237}}",unavailable,unavailable,0,w0:p1,245237,signed maximum,first in producer window/position order; exact equality,"{""count"":245237,""denominator"":245237}","{""count"":245237,""denominator"":245237}",unavailable,unavailable
3126d7f4d6378f131a26c41d,counterfact,v0_live_C1,0,102,1000,full_validation,original,loss,complete,245237,245237,0,0,0,0,0,"{""0.01"":{""count"":0,""denominator"":245237},""0.1"":{""count"":0,""denominator"":245237},""1.0"":{""count"":0,""denominator"":245237}}",1,False,0,w0:p1,245237,signed maximum,first in producer window/position order; exact equality,"{""count"":245237,""denominator"":245237}","{""count"":245237,""denominator"":245237}",unavailable,unavailable
3126d7f4d6378f131a26c41d,counterfact,v0_live_C1,0,102,1000,full_validation,original,kl,complete,245237,245237,0,0,0,0,0,"{""0.01"":{""count"":0,""denominator"":245237},""0.1"":{""count"":0,""denominator"":245237},""1.0"":{""count"":0,""denominator"":245237}}",unavailable,unavailable,0,w0:p1,245237,signed maximum,first in producer window/position order; exact equality,"{""count"":245237,""denominator"":245237}","{""count"":245237,""denominator"":245237}",unavailable,unavailable
48f56fbee8eed89fe5598934,counterfact,v0_live_C1,0,103,100,sampled_drift,original,loss,complete,16256,16256,0,0,0,0,0,"{""0.01"":0,""0.1"":0,""1.0"":0}",1,False,unavailable,w0:p1,unavailable,positive-part maximum,first in producer sample order; tie count unavailable,unavailable,unavailable,16256,16256
48f56fbee8eed89fe5598934,counterfact,v0_live_C1,0,103,100,sampled_drift,capoff,loss,complete,16256,16256,0,0,0,0,0,"{""0.01"":0,""0.1"":0,""1.0"":0}",1,False,unavailable,w0:p1,unavailable,positive-part maximum,first in producer sample order; tie count unavailable,unavailable,unavailable,16256,16256
48f56fbee8eed89fe5598934,counterfact,v0_live_C1,0,103,300,sampled_drift,original,loss,complete,16256,16256,0,0,0,0,0,"{""0.01"":0,""0.1"":0,""1.0"":0}",1,False,unavailable,w0:p1,unavailable,positive-part maximum,first in producer sample order; tie count unavailable,unavailable,unavailable,16256,16256
48f56fbee8eed89fe5598934,counterfact,v0_live_C1,0,103,300,sampled_drift,capoff,loss,complete,16256,16256,0,0,0,0,0,"{""0.01"":0,""0.1"":0,""1.0"":0}",1,False,unavailable,w0:p1,unavailable,positive-part maximum,first in producer sample order; tie count unavailable,unavailable,unavailable,16256,16256
48f56fbee8eed89fe5598934,counterfact,v0_live_C1,0,103,1000,sampled_drift,original,loss,complete,16256,16256,0,0,0,0,0,"{""0.01"":0,""0.1"":0,""1.0"":0}",1,False,unavailable,w0:p1,unavailable,positive-part maximum,first in producer sample order; tie count unavailable,unavailable,unavailable,16256,16256
48f56fbee8eed89fe5598934,counterfact,v0_live_C1,0,103,1000,sampled_drift,capoff,loss,complete,16256,16256,0,0,0,0,0,"{""0.01"":0,""0.1"":0,""1.0"":0}",1,False,unavailable,w0:p1,unavailable,positive-part maximum,first in producer sample order; tie count unavailable,unavailable,unavailable,16256,16256
48f56fbee8eed89fe5598934,counterfact,v0_live_C1,0,103,1000,full_validation,capoff,loss,complete,245237,245237,0,0,0,0,0,"{""0.01"":{""count"":0,""denominator"":245237},""0.1"":{""count"":0,""denominator"":245237},""1.0"":{""count"":0,""denominator"":245237}}",1,False,0,w0:p1,245237,signed maximum,first in producer window/position order; exact equality,"{""count"":245237,""denominator"":245237}","{""count"":245237,""denominator"":245237}",unavailable,unavailable
48f56fbee8eed89fe5598934,counterfact,v0_live_C1,0,103,1000,full_validation,capoff,kl,complete,245237,245237,0,0,0,0,0,"{""0.01"":{""count"":0,""denominator"":245237},""0.1"":{""count"":0,""denominator"":245237},""1.0"":{""count"":0,""denominator"":245237}}",unavailable,unavailable,0,w0:p1,245237,signed maximum,first in producer window/position order; exact equality,"{""count"":245237,""denominator"":245237}","{""count"":245237,""denominator"":245237}",unavailable,unavailable
48f56fbee8eed89fe5598934,counterfact,v0_live_C1,0,103,1000,full_validation,original,loss,complete,245237,245237,0,0,0,0,0,"{""0.01"":{""count"":0,""denominator"":245237},""0.1"":{""count"":0,""denominator"":245237},""1.0"":{""count"":0,""denominator"":245237}}",1,False,0,w0:p1,245237,signed maximum,first in producer window/position order; exact equality,"{""count"":245237,""denominator"":245237}","{""count"":245237,""denominator"":245237}",unavailable,unavailable
48f56fbee8eed89fe5598934,counterfact,v0_live_C1,0,103,1000,full_validation,original,kl,complete,245237,245237,0,0,0,0,0,"{""0.01"":{""count"":0,""denominator"":245237},""0.1"":{""count"":0,""denominator"":245237},""1.0"":{""count"":0,""denominator"":245237}}",unavailable,unavailable,0,w0:p1,245237,signed maximum,first in producer window/position order; exact equality,"{""count"":245237,""denominator"":245237}","{""count"":245237,""denominator"":245237}",unavailable,unavailable
18cef3e100afe2f32847ac27,counterfact,v0_live_C1,0,104,100,sampled_drift,original,loss,complete,16256,16256,0,0,0,0,0,"{""0.01"":0,""0.1"":0,""1.0"":0}",1,False,unavailable,w0:p1,unavailable,positive-part maximum,first in producer sample order; tie count unavailable,unavailable,unavailable,16256,16256
18cef3e100afe2f32847ac27,counterfact,v0_live_C1,0,104,100,sampled_drift,capoff,loss,complete,16256,16256,0,0,0,0,0,"{""0.01"":0,""0.1"":0,""1.0"":0}",1,False,unavailable,w0:p1,unavailable,positive-part maximum,first in producer sample order; tie count unavailable,unavailable,unavailable,16256,16256
18cef3e100afe2f32847ac27,counterfact,v0_live_C1,0,104,300,sampled_drift,original,loss,complete,16256,16256,0,0,0,0,0,"{""0.01"":0,""0.1"":0,""1.0"":0}",1,False,unavailable,w0:p1,unavailable,positive-part maximum,first in producer sample order; tie count unavailable,unavailable,unavailable,16256,16256
18cef3e100afe2f32847ac27,counterfact,v0_live_C1,0,104,300,sampled_drift,capoff,loss,complete,16256,16256,0,0,0,0,0,"{""0.01"":0,""0.1"":0,""1.0"":0}",1,False,unavailable,w0:p1,unavailable,positive-part maximum,first in producer sample order; tie count unavailable,unavailable,unavailable,16256,16256
18cef3e100afe2f32847ac27,counterfact,v0_live_C1,0,104,1000,sampled_drift,original,loss,complete,16256,16256,0,0,0,0,0,"{""0.01"":0,""0.1"":0,""1.0"":0}",1,False,unavailable,w0:p1,unavailable,positive-part maximum,first in producer sample order; tie count unavailable,unavailable,unavailable,16256,16256
18cef3e100afe2f32847ac27,counterfact,v0_live_C1,0,104,1000,sampled_drift,capoff,loss,complete,16256,16256,0,0,0,0,0,"{""0.01"":0,""0.1"":0,""1.0"":0}",1,False,unavailable,w0:p1,unavailable,positive-part maximum,first in producer sample order; tie count unavailable,unavailable,unavailable,16256,16256
18cef3e100afe2f32847ac27,counterfact,v0_live_C1,0,104,1000,full_validation,capoff,loss,complete,245237,245237,0,0,0,0,0,"{""0.01"":{""count"":0,""denominator"":245237},""0.1"":{""count"":0,""denominator"":245237},""1.0"":{""count"":0,""denominator"":245237}}",1,False,0,w0:p1,245237,signed maximum,first in producer window/position order; exact equality,"{""count"":245237,""denominator"":245237}","{""count"":245237,""denominator"":245237}",unavailable,unavailable
18cef3e100afe2f32847ac27,counterfact,v0_live_C1,0,104,1000,full_validation,capoff,kl,complete,245237,245237,0,0,0,0,0,"{""0.01"":{""count"":0,""denominator"":245237},""0.1"":{""count"":0,""denominator"":245237},""1.0"":{""count"":0,""denominator"":245237}}",unavailable,unavailable,0,w0:p1,245237,signed maximum,first in producer window/position order; exact equality,"{""count"":245237,""denominator"":245237}","{""count"":245237,""denominator"":245237}",unavailable,unavailable
18cef3e100afe2f32847ac27,counterfact,v0_live_C1,0,104,1000,full_validation,original,loss,complete,245237,245237,0,0,0,0,0,"{""0.01"":{""count"":0,""denominator"":245237},""0.1"":{""count"":0,""denominator"":245237},""1.0"":{""count"":0,""denominator"":245237}}",1,False,0,w0:p1,245237,signed maximum,first in producer window/position order; exact equality,"{""count"":245237,""denominator"":245237}","{""count"":245237,""denominator"":245237}",unavailable,unavailable
18cef3e100afe2f32847ac27,counterfact,v0_live_C1,0,104,1000,full_validation,original,kl,complete,245237,245237,0,0,0,0,0,"{""0.01"":{""count"":0,""denominator"":245237},""0.1"":{""count"":0,""denominator"":245237},""1.0"":{""count"":0,""denominator"":245237}}",unavailable,unavailable,0,w0:p1,245237,signed maximum,first in producer window/position order; exact equality,"{""count"":245237,""denominator"":245237}","{""count"":245237,""denominator"":245237}",unavailable,unavailable
f67e77a0b124376f29b78302,counterfact,v0_live_C1,1,100,100,sampled_drift,original,loss,complete,16256,16256,0,0,0,0,0,"{""0.01"":0,""0.1"":0,""1.0"":0}",1,False,unavailable,w0:p1,unavailable,positive-part maximum,first in producer sample order; tie count unavailable,unavailable,unavailable,16256,16256
f67e77a0b124376f29b78302,counterfact,v0_live_C1,1,100,100,sampled_drift,capoff,loss,complete,16256,16256,0,0,0,0,0,"{""0.01"":0,""0.1"":0,""1.0"":0}",1,False,unavailable,w0:p1,unavailable,positive-part maximum,first in producer sample order; tie count unavailable,unavailable,unavailable,16256,16256
f67e77a0b124376f29b78302,counterfact,v0_live_C1,1,100,300,sampled_drift,original,loss,complete,16256,16256,0,0,0,0,0,"{""0.01"":0,""0.1"":0,""1.0"":0}",1,False,unavailable,w0:p1,unavailable,positive-part maximum,first in producer sample order; tie count unavailable,unavailable,unavailable,16256,16256
f67e77a0b124376f29b78302,counterfact,v0_live_C1,1,100,300,sampled_drift,capoff,loss,complete,16256,16256,0,0,0,0,0,"{""0.01"":0,""0.1"":0,""1.0"":0}",1,False,unavailable,w0:p1,unavailable,positive-part maximum,first in producer sample order; tie count unavailable,unavailable,unavailable,16256,16256
f67e77a0b124376f29b78302,counterfact,v0_live_C1,1,100,1000,sampled_drift,original,loss,complete,16256,16256,0,0,0,0,0,"{""0.01"":0,""0.1"":0,""1.0"":0}",1,False,unavailable,w0:p1,unavailable,positive-part maximum,first in producer sample order; tie count unavailable,unavailable,unavailable,16256,16256
f67e77a0b124376f29b78302,counterfact,v0_live_C1,1,100,1000,sampled_drift,capoff,loss,complete,16256,16256,0,0,0,0,0,"{""0.01"":0,""0.1"":0,""1.0"":0}",1,False,unavailable,w0:p1,unavailable,positive-part maximum,first in producer sample order; tie count unavailable,unavailable,unavailable,16256,16256
f67e77a0b124376f29b78302,counterfact,v0_live_C1,1,100,1000,full_validation,capoff,loss,complete,245237,245237,0,0,0,0,0,"{""0.01"":{""count"":0,""denominator"":245237},""0.1"":{""count"":0,""denominator"":245237},""1.0"":{""count"":0,""denominator"":245237}}",1,False,0,w0:p1,245237,signed maximum,first in producer window/position order; exact equality,"{""count"":245237,""denominator"":245237}","{""count"":245237,""denominator"":245237}",unavailable,unavailable
f67e77a0b124376f29b78302,counterfact,v0_live_C1,1,100,1000,full_validation,capoff,kl,complete,245237,245237,0,0,0,0,0,"{""0.01"":{""count"":0,""denominator"":245237},""0.1"":{""count"":0,""denominator"":245237},""1.0"":{""count"":0,""denominator"":245237}}",unavailable,unavailable,0,w0:p1,245237,signed maximum,first in producer window/position order; exact equality,"{""count"":245237,""denominator"":245237}","{""count"":245237,""denominator"":245237}",unavailable,unavailable
f67e77a0b124376f29b78302,counterfact,v0_live_C1,1,100,1000,full_validation,original,loss,complete,245237,245237,0,0,0,0,0,"{""0.01"":{""count"":0,""denominator"":245237},""0.1"":{""count"":0,""denominator"":245237},""1.0"":{""count"":0,""denominator"":245237}}",1,False,0,w0:p1,245237,signed maximum,first in producer window/position order; exact equality,"{""count"":245237,""denominator"":245237}","{""count"":245237,""denominator"":245237}",unavailable,unavailable
f67e77a0b124376f29b78302,counterfact,v0_live_C1,1,100,1000,full_validation,original,kl,complete,245237,245237,0,0,0,0,0,"{""0.01"":{""count"":0,""denominator"":245237},""0.1"":{""count"":0,""denominator"":245237},""1.0"":{""count"":0,""denominator"":245237}}",unavailable,unavailable,0,w0:p1,245237,signed maximum,first in producer window/position order; exact equality,"{""count"":245237,""denominator"":245237}","{""count"":245237,""denominator"":245237}",unavailable,unavailable
7ab5a2ba2ca2072d49c86da9,counterfact,v0_live_C1,1,101,100,sampled_drift,original,loss,complete,16256,16256,0,0,0,0,0,"{""0.01"":0,""0.1"":0,""1.0"":0}",1,False,unavailable,w0:p1,unavailable,positive-part maximum,first in producer sample order; tie count unavailable,unavailable,unavailable,16256,16256
7ab5a2ba2ca2072d49c86da9,counterfact,v0_live_C1,1,101,100,sampled_drift,capoff,loss,complete,16256,16256,0,0,0,0,0,"{""0.01"":0,""0.1"":0,""1.0"":0}",1,False,unavailable,w0:p1,unavailable,positive-part maximum,first in producer sample order; tie count unavailable,unavailable,unavailable,16256,16256
7ab5a2ba2ca2072d49c86da9,counterfact,v0_live_C1,1,101,300,sampled_drift,original,loss,complete,16256,16256,0,0,0,0,0,"{""0.01"":0,""0.1"":0,""1.0"":0}",1,False,unavailable,w0:p1,unavailable,positive-part maximum,first in producer sample order; tie count unavailable,unavailable,unavailable,16256,16256
7ab5a2ba2ca2072d49c86da9,counterfact,v0_live_C1,1,101,300,sampled_drift,capoff,loss,complete,16256,16256,0,0,0,0,0,"{""0.01"":0,""0.1"":0,""1.0"":0}",1,False,unavailable,w0:p1,unavailable,positive-part maximum,first in producer sample order; tie count unavailable,unavailable,unavailable,16256,16256
7ab5a2ba2ca2072d49c86da9,counterfact,v0_live_C1,1,101,1000,sampled_drift,original,loss,complete,16256,16256,0,0,0,0,0,"{""0.01"":0,""0.1"":0,""1.0"":0}",1,False,unavailable,w0:p1,unavailable,positive-part maximum,first in producer sample order; tie count unavailable,unavailable,unavailable,16256,16256
7ab5a2ba2ca2072d49c86da9,counterfact,v0_live_C1,1,101,1000,sampled_drift,capoff,loss,complete,16256,16256,0,0,0,0,0,"{""0.01"":0,""0.1"":0,""1.0"":0}",1,False,unavailable,w0:p1,unavailable,positive-part maximum,first in producer sample order; tie count unavailable,unavailable,unavailable,16256,16256
7ab5a2ba2ca2072d49c86da9,counterfact,v0_live_C1,1,101,1000,full_validation,capoff,loss,complete,245237,245237,0,0,0,0,0,"{""0.01"":{""count"":0,""denominator"":245237},""0.1"":{""count"":0,""denominator"":245237},""1.0"":{""count"":0,""denominator"":245237}}",1,False,0,w0:p1,245237,signed maximum,first in producer window/position order; exact equality,"{""count"":245237,""denominator"":245237}","{""count"":245237,""denominator"":245237}",unavailable,unavailable
7ab5a2ba2ca2072d49c86da9,counterfact,v0_live_C1,1,101,1000,full_validation,capoff,kl,complete,245237,245237,0,0,0,0,0,"{""0.01"":{""count"":0,""denominator"":245237},""0.1"":{""count"":0,""denominator"":245237},""1.0"":{""count"":0,""denominator"":245237}}",unavailable,unavailable,0,w0:p1,245237,signed maximum,first in producer window/position order; exact equality,"{""count"":245237,""denominator"":245237}","{""count"":245237,""denominator"":245237}",unavailable,unavailable
7ab5a2ba2ca2072d49c86da9,counterfact,v0_live_C1,1,101,1000,full_validation,original,loss,complete,245237,245237,0,0,0,0,0,"{""0.01"":{""count"":0,""denominator"":245237},""0.1"":{""count"":0,""denominator"":245237},""1.0"":{""count"":0,""denominator"":245237}}",1,False,0,w0:p1,245237,signed maximum,first in producer window/position order; exact equality,"{""count"":245237,""denominator"":245237}","{""count"":245237,""denominator"":245237}",unavailable,unavailable
7ab5a2ba2ca2072d49c86da9,counterfact,v0_live_C1,1,101,1000,full_validation,original,kl,complete,245237,245237,0,0,0,0,0,"{""0.01"":{""count"":0,""denominator"":245237},""0.1"":{""count"":0,""denominator"":245237},""1.0"":{""count"":0,""denominator"":245237}}",unavailable,unavailable,0,w0:p1,245237,signed maximum,first in producer window/position order; exact equality,"{""count"":245237,""denominator"":245237}","{""count"":245237,""denominator"":245237}",unavailable,unavailable
ea3b0653f085cf535854d1b8,counterfact,v0_live_C1,1,102,100,sampled_drift,original,loss,complete,16256,16256,0,0,0,0,0,"{""0.01"":0,""0.1"":0,""1.0"":0}",1,False,unavailable,w0:p1,unavailable,positive-part maximum,first in producer sample order; tie count unavailable,unavailable,unavailable,16256,16256
ea3b0653f085cf535854d1b8,counterfact,v0_live_C1,1,102,100,sampled_drift,capoff,loss,complete,16256,16256,0,0,0,0,0,"{""0.01"":0,""0.1"":0,""1.0"":0}",1,False,unavailable,w0:p1,unavailable,positive-part maximum,first in producer sample order; tie count unavailable,unavailable,unavailable,16256,16256
ea3b0653f085cf535854d1b8,counterfact,v0_live_C1,1,102,300,sampled_drift,original,loss,complete,16256,16256,0,0,0,0,0,"{""0.01"":0,""0.1"":0,""1.0"":0}",1,False,unavailable,w0:p1,unavailable,positive-part maximum,first in producer sample order; tie count unavailable,unavailable,unavailable,16256,16256
ea3b0653f085cf535854d1b8,counterfact,v0_live_C1,1,102,300,sampled_drift,capoff,loss,complete,16256,16256,0,0,0,0,0,"{""0.01"":0,""0.1"":0,""1.0"":0}",1,False,unavailable,w0:p1,unavailable,positive-part maximum,first in producer sample order; tie count unavailable,unavailable,unavailable,16256,16256
ea3b0653f085cf535854d1b8,counterfact,v0_live_C1,1,102,1000,sampled_drift,original,loss,complete,16256,16256,0,0,0,0,0,"{""0.01"":0,""0.1"":0,""1.0"":0}",1,False,unavailable,w0:p1,unavailable,positive-part maximum,first in producer sample order; tie count unavailable,unavailable,unavailable,16256,16256
ea3b0653f085cf535854d1b8,counterfact,v0_live_C1,1,102,1000,sampled_drift,capoff,loss,complete,16256,16256,0,0,0,0,0,"{""0.01"":0,""0.1"":0,""1.0"":0}",1,False,unavailable,w0:p1,unavailable,positive-part maximum,first in producer sample order; tie count unavailable,unavailable,unavailable,16256,16256
ea3b0653f085cf535854d1b8,counterfact,v0_live_C1,1,102,1000,full_validation,capoff,loss,complete,245237,245237,0,0,0,0,0,"{""0.01"":{""count"":0,""denominator"":245237},""0.1"":{""count"":0,""denominator"":245237},""1.0"":{""count"":0,""denominator"":245237}}",1,False,0,w0:p1,245237,signed maximum,first in producer window/position order; exact equality,"{""count"":245237,""denominator"":245237}","{""count"":245237,""denominator"":245237}",unavailable,unavailable
ea3b0653f085cf535854d1b8,counterfact,v0_live_C1,1,102,1000,full_validation,capoff,kl,complete,245237,245237,0,0,0,0,0,"{""0.01"":{""count"":0,""denominator"":245237},""0.1"":{""count"":0,""denominator"":245237},""1.0"":{""count"":0,""denominator"":245237}}",unavailable,unavailable,0,w0:p1,245237,signed maximum,first in producer window/position order; exact equality,"{""count"":245237,""denominator"":245237}","{""count"":245237,""denominator"":245237}",unavailable,unavailable
ea3b0653f085cf535854d1b8,counterfact,v0_live_C1,1,102,1000,full_validation,original,loss,complete,245237,245237,0,0,0,0,0,"{""0.01"":{""count"":0,""denominator"":245237},""0.1"":{""count"":0,""denominator"":245237},""1.0"":{""count"":0,""denominator"":245237}}",1,False,0,w0:p1,245237,signed maximum,first in producer window/position order; exact equality,"{""count"":245237,""denominator"":245237}","{""count"":245237,""denominator"":245237}",unavailable,unavailable
ea3b0653f085cf535854d1b8,counterfact,v0_live_C1,1,102,1000,full_validation,original,kl,complete,245237,245237,0,0,0,0,0,"{""0.01"":{""count"":0,""denominator"":245237},""0.1"":{""count"":0,""denominator"":245237},""1.0"":{""count"":0,""denominator"":245237}}",unavailable,unavailable,0,w0:p1,245237,signed maximum,first in producer window/position order; exact equality,"{""count"":245237,""denominator"":245237}","{""count"":245237,""denominator"":245237}",unavailable,unavailable
8905e452833b0a01defd8b1e,counterfact,v0_live_C1,1,103,100,sampled_drift,original,loss,complete,16256,16256,0,0,0,0,0,"{""0.01"":0,""0.1"":0,""1.0"":0}",1,False,unavailable,w0:p1,unavailable,positive-part maximum,first in producer sample order; tie count unavailable,unavailable,unavailable,16256,16256
8905e452833b0a01defd8b1e,counterfact,v0_live_C1,1,103,100,sampled_drift,capoff,loss,complete,16256,16256,0,0,0,0,0,"{""0.01"":0,""0.1"":0,""1.0"":0}",1,False,unavailable,w0:p1,unavailable,positive-part maximum,first in producer sample order; tie count unavailable,unavailable,unavailable,16256,16256
8905e452833b0a01defd8b1e,counterfact,v0_live_C1,1,103,300,sampled_drift,original,loss,complete,16256,16256,0,0,0,0,0,"{""0.01"":0,""0.1"":0,""1.0"":0}",1,False,unavailable,w0:p1,unavailable,positive-part maximum,first in producer sample order; tie count unavailable,unavailable,unavailable,16256,16256
8905e452833b0a01defd8b1e,counterfact,v0_live_C1,1,103,300,sampled_drift,capoff,loss,complete,16256,16256,0,0,0,0,0,"{""0.01"":0,""0.1"":0,""1.0"":0}",1,False,unavailable,w0:p1,unavailable,positive-part maximum,first in producer sample order; tie count unavailable,unavailable,unavailable,16256,16256
8905e452833b0a01defd8b1e,counterfact,v0_live_C1,1,103,1000,sampled_drift,original,loss,complete,16256,16256,0,0,0,0,0,"{""0.01"":0,""0.1"":0,""1.0"":0}",1,False,unavailable,w0:p1,unavailable,positive-part maximum,first in producer sample order; tie count unavailable,unavailable,unavailable,16256,16256
8905e452833b0a01defd8b1e,counterfact,v0_live_C1,1,103,1000,sampled_drift,capoff,loss,complete,16256,16256,0,0,0,0,0,"{""0.01"":0,""0.1"":0,""1.0"":0}",1,False,unavailable,w0:p1,unavailable,positive-part maximum,first in producer sample order; tie count unavailable,unavailable,unavailable,16256,16256
8905e452833b0a01defd8b1e,counterfact,v0_live_C1,1,103,1000,full_validation,capoff,loss,complete,245237,245237,0,0,0,0,0,"{""0.01"":{""count"":0,""denominator"":245237},""0.1"":{""count"":0,""denominator"":245237},""1.0"":{""count"":0,""denominator"":245237}}",1,False,0,w0:p1,245237,signed maximum,first in producer window/position order; exact equality,"{""count"":245237,""denominator"":245237}","{""count"":245237,""denominator"":245237}",unavailable,unavailable
8905e452833b0a01defd8b1e,counterfact,v0_live_C1,1,103,1000,full_validation,capoff,kl,complete,245237,245237,0,0,0,0,0,"{""0.01"":{""count"":0,""denominator"":245237},""0.1"":{""count"":0,""denominator"":245237},""1.0"":{""count"":0,""denominator"":245237}}",unavailable,unavailable,0,w0:p1,245237,signed maximum,first in producer window/position order; exact equality,"{""count"":245237,""denominator"":245237}","{""count"":245237,""denominator"":245237}",unavailable,unavailable
8905e452833b0a01defd8b1e,counterfact,v0_live_C1,1,103,1000,full_validation,original,loss,complete,245237,245237,0,0,0,0,0,"{""0.01"":{""count"":0,""denominator"":245237},""0.1"":{""count"":0,""denominator"":245237},""1.0"":{""count"":0,""denominator"":245237}}",1,False,0,w0:p1,245237,signed maximum,first in producer window/position order; exact equality,"{""count"":245237,""denominator"":245237}","{""count"":245237,""denominator"":245237}",unavailable,unavailable
8905e452833b0a01defd8b1e,counterfact,v0_live_C1,1,103,1000,full_validation,original,kl,complete,245237,245237,0,0,0,0,0,"{""0.01"":{""count"":0,""denominator"":245237},""0.1"":{""count"":0,""denominator"":245237},""1.0"":{""count"":0,""denominator"":245237}}",unavailable,unavailable,0,w0:p1,245237,signed maximum,first in producer window/position order; exact equality,"{""count"":245237,""denominator"":245237}","{""count"":245237,""denominator"":245237}",unavailable,unavailable
28555ca1e3c1d3ab551385b1,counterfact,v0_live_C1,1,104,100,sampled_drift,original,loss,complete,16256,16256,0,0,0,0,0,"{""0.01"":0,""0.1"":0,""1.0"":0}",1,False,unavailable,w0:p1,unavailable,positive-part maximum,first in producer sample order; tie count unavailable,unavailable,unavailable,16256,16256
28555ca1e3c1d3ab551385b1,counterfact,v0_live_C1,1,104,100,sampled_drift,capoff,loss,complete,16256,16256,0,0,0,0,0,"{""0.01"":0,""0.1"":0,""1.0"":0}",1,False,unavailable,w0:p1,unavailable,positive-part maximum,first in producer sample order; tie count unavailable,unavailable,unavailable,16256,16256
28555ca1e3c1d3ab551385b1,counterfact,v0_live_C1,1,104,300,sampled_drift,original,loss,complete,16256,16256,0,0,0,0,0,"{""0.01"":0,""0.1"":0,""1.0"":0}",1,False,unavailable,w0:p1,unavailable,positive-part maximum,first in producer sample order; tie count unavailable,unavailable,unavailable,16256,16256
28555ca1e3c1d3ab551385b1,counterfact,v0_live_C1,1,104,300,sampled_drift,capoff,loss,complete,16256,16256,0,0,0,0,0,"{""0.01"":0,""0.1"":0,""1.0"":0}",1,False,unavailable,w0:p1,unavailable,positive-part maximum,first in producer sample order; tie count unavailable,unavailable,unavailable,16256,16256
28555ca1e3c1d3ab551385b1,counterfact,v0_live_C1,1,104,1000,sampled_drift,original,loss,complete,16256,16256,0,0,0,0,0,"{""0.01"":0,""0.1"":0,""1.0"":0}",1,False,unavailable,w0:p1,unavailable,positive-part maximum,first in producer sample order; tie count unavailable,unavailable,unavailable,16256,16256
28555ca1e3c1d3ab551385b1,counterfact,v0_live_C1,1,104,1000,sampled_drift,capoff,loss,complete,16256,16256,0,0,0,0,0,"{""0.01"":0,""0.1"":0,""1.0"":0}",1,False,unavailable,w0:p1,unavailable,positive-part maximum,first in producer sample order; tie count unavailable,unavailable,unavailable,16256,16256
28555ca1e3c1d3ab551385b1,counterfact,v0_live_C1,1,104,1000,full_validation,capoff,loss,complete,245237,245237,0,0,0,0,0,"{""0.01"":{""count"":0,""denominator"":245237},""0.1"":{""count"":0,""denominator"":245237},""1.0"":{""count"":0,""denominator"":245237}}",1,False,0,w0:p1,245237,signed maximum,first in producer window/position order; exact equality,"{""count"":245237,""denominator"":245237}","{""count"":245237,""denominator"":245237}",unavailable,unavailable
28555ca1e3c1d3ab551385b1,counterfact,v0_live_C1,1,104,1000,full_validation,capoff,kl,complete,245237,245237,0,0,0,0,0,"{""0.01"":{""count"":0,""denominator"":245237},""0.1"":{""count"":0,""denominator"":245237},""1.0"":{""count"":0,""denominator"":245237}}",unavailable,unavailable,0,w0:p1,245237,signed maximum,first in producer window/position order; exact equality,"{""count"":245237,""denominator"":245237}","{""count"":245237,""denominator"":245237}",unavailable,unavailable
28555ca1e3c1d3ab551385b1,counterfact,v0_live_C1,1,104,1000,full_validation,original,loss,complete,245237,245237,0,0,0,0,0,"{""0.01"":{""count"":0,""denominator"":245237},""0.1"":{""count"":0,""denominator"":245237},""1.0"":{""count"":0,""denominator"":245237}}",1,False,0,w0:p1,245237,signed maximum,first in producer window/position order; exact equality,"{""count"":245237,""denominator"":245237}","{""count"":245237,""denominator"":245237}",unavailable,unavailable
28555ca1e3c1d3ab551385b1,counterfact,v0_live_C1,1,104,1000,full_validation,original,kl,complete,245237,245237,0,0,0,0,0,"{""0.01"":{""count"":0,""denominator"":245237},""0.1"":{""count"":0,""denominator"":245237},""1.0"":{""count"":0,""denominator"":245237}}",unavailable,unavailable,0,w0:p1,245237,signed maximum,first in producer window/position order; exact equality,"{""count"":245237,""denominator"":245237}","{""count"":245237,""denominator"":245237}",unavailable,unavailable
861414ea84239f8471f0ade8,counterfact,v0_live_C1,2,100,100,sampled_drift,original,loss,complete,16256,16256,0,0,0,0,0,"{""0.01"":0,""0.1"":0,""1.0"":0}",1,False,unavailable,w0:p1,unavailable,positive-part maximum,first in producer sample order; tie count unavailable,unavailable,unavailable,16256,16256
861414ea84239f8471f0ade8,counterfact,v0_live_C1,2,100,100,sampled_drift,capoff,loss,complete,16256,16256,0,0,0,0,0,"{""0.01"":0,""0.1"":0,""1.0"":0}",1,False,unavailable,w0:p1,unavailable,positive-part maximum,first in producer sample order; tie count unavailable,unavailable,unavailable,16256,16256
861414ea84239f8471f0ade8,counterfact,v0_live_C1,2,100,300,sampled_drift,original,loss,complete,16256,16256,0,0,0,0,0,"{""0.01"":0,""0.1"":0,""1.0"":0}",1,False,unavailable,w0:p1,unavailable,positive-part maximum,first in producer sample order; tie count unavailable,unavailable,unavailable,16256,16256
861414ea84239f8471f0ade8,counterfact,v0_live_C1,2,100,300,sampled_drift,capoff,loss,complete,16256,16256,0,0,0,0,0,"{""0.01"":0,""0.1"":0,""1.0"":0}",1,False,unavailable,w0:p1,unavailable,positive-part maximum,first in producer sample order; tie count unavailable,unavailable,unavailable,16256,16256
861414ea84239f8471f0ade8,counterfact,v0_live_C1,2,100,1000,sampled_drift,original,loss,complete,16256,16256,0,0,0,0,0,"{""0.01"":0,""0.1"":0,""1.0"":0}",1,False,unavailable,w0:p1,unavailable,positive-part maximum,first in producer sample order; tie count unavailable,unavailable,unavailable,16256,16256
861414ea84239f8471f0ade8,counterfact,v0_live_C1,2,100,1000,sampled_drift,capoff,loss,complete,16256,16256,0,0,0,0,0,"{""0.01"":0,""0.1"":0,""1.0"":0}",1,False,unavailable,w0:p1,unavailable,positive-part maximum,first in producer sample order; tie count unavailable,unavailable,unavailable,16256,16256
861414ea84239f8471f0ade8,counterfact,v0_live_C1,2,100,1000,full_validation,capoff,loss,complete,245237,245237,0,0,0,0,0,"{""0.01"":{""count"":0,""denominator"":245237},""0.1"":{""count"":0,""denominator"":245237},""1.0"":{""count"":0,""denominator"":245237}}",1,False,0,w0:p1,245237,signed maximum,first in producer window/position order; exact equality,"{""count"":245237,""denominator"":245237}","{""count"":245237,""denominator"":245237}",unavailable,unavailable
861414ea84239f8471f0ade8,counterfact,v0_live_C1,2,100,1000,full_validation,capoff,kl,complete,245237,245237,0,0,0,0,0,"{""0.01"":{""count"":0,""denominator"":245237},""0.1"":{""count"":0,""denominator"":245237},""1.0"":{""count"":0,""denominator"":245237}}",unavailable,unavailable,0,w0:p1,245237,signed maximum,first in producer window/position order; exact equality,"{""count"":245237,""denominator"":245237}","{""count"":245237,""denominator"":245237}",unavailable,unavailable
861414ea84239f8471f0ade8,counterfact,v0_live_C1,2,100,1000,full_validation,original,loss,complete,245237,245237,0,0,0,0,0,"{""0.01"":{""count"":0,""denominator"":245237},""0.1"":{""count"":0,""denominator"":245237},""1.0"":{""count"":0,""denominator"":245237}}",1,False,0,w0:p1,245237,signed maximum,first in producer window/position order; exact equality,"{""count"":245237,""denominator"":245237}","{""count"":245237,""denominator"":245237}",unavailable,unavailable
861414ea84239f8471f0ade8,counterfact,v0_live_C1,2,100,1000,full_validation,original,kl,complete,245237,245237,0,0,0,0,0,"{""0.01"":{""count"":0,""denominator"":245237},""0.1"":{""count"":0,""denominator"":245237},""1.0"":{""count"":0,""denominator"":245237}}",unavailable,unavailable,0,w0:p1,245237,signed maximum,first in producer window/position order; exact equality,"{""count"":245237,""denominator"":245237}","{""count"":245237,""denominator"":245237}",unavailable,unavailable
1f19207d799d9bcd0b005ef9,counterfact,v0_live_C1,2,101,100,sampled_drift,original,loss,complete,16256,16256,0,0,0,0,0,"{""0.01"":0,""0.1"":0,""1.0"":0}",1,False,unavailable,w0:p1,unavailable,positive-part maximum,first in producer sample order; tie count unavailable,unavailable,unavailable,16256,16256
1f19207d799d9bcd0b005ef9,counterfact,v0_live_C1,2,101,100,sampled_drift,capoff,loss,complete,16256,16256,0,0,0,0,0,"{""0.01"":0,""0.1"":0,""1.0"":0}",1,False,unavailable,w0:p1,unavailable,positive-part maximum,first in producer sample order; tie count unavailable,unavailable,unavailable,16256,16256
1f19207d799d9bcd0b005ef9,counterfact,v0_live_C1,2,101,300,sampled_drift,original,loss,complete,16256,16256,0,0,0,0,0,"{""0.01"":0,""0.1"":0,""1.0"":0}",1,False,unavailable,w0:p1,unavailable,positive-part maximum,first in producer sample order; tie count unavailable,unavailable,unavailable,16256,16256
1f19207d799d9bcd0b005ef9,counterfact,v0_live_C1,2,101,300,sampled_drift,capoff,loss,complete,16256,16256,0,0,0,0,0,"{""0.01"":0,""0.1"":0,""1.0"":0}",1,False,unavailable,w0:p1,unavailable,positive-part maximum,first in producer sample order; tie count unavailable,unavailable,unavailable,16256,16256
1f19207d799d9bcd0b005ef9,counterfact,v0_live_C1,2,101,1000,sampled_drift,original,loss,complete,16256,16256,0,0,0,0,0,"{""0.01"":0,""0.1"":0,""1.0"":0}",1,False,unavailable,w0:p1,unavailable,positive-part maximum,first in producer sample order; tie count unavailable,unavailable,unavailable,16256,16256
1f19207d799d9bcd0b005ef9,counterfact,v0_live_C1,2,101,1000,sampled_drift,capoff,loss,complete,16256,16256,0,0,0,0,0,"{""0.01"":0,""0.1"":0,""1.0"":0}",1,False,unavailable,w0:p1,unavailable,positive-part maximum,first in producer sample order; tie count unavailable,unavailable,unavailable,16256,16256
1f19207d799d9bcd0b005ef9,counterfact,v0_live_C1,2,101,1000,full_validation,capoff,loss,complete,245237,245237,0,0,0,0,0,"{""0.01"":{""count"":0,""denominator"":245237},""0.1"":{""count"":0,""denominator"":245237},""1.0"":{""count"":0,""denominator"":245237}}",1,False,0,w0:p1,245237,signed maximum,first in producer window/position order; exact equality,"{""count"":245237,""denominator"":245237}","{""count"":245237,""denominator"":245237}",unavailable,unavailable
1f19207d799d9bcd0b005ef9,counterfact,v0_live_C1,2,101,1000,full_validation,capoff,kl,complete,245237,245237,0,0,0,0,0,"{""0.01"":{""count"":0,""denominator"":245237},""0.1"":{""count"":0,""denominator"":245237},""1.0"":{""count"":0,""denominator"":245237}}",unavailable,unavailable,0,w0:p1,245237,signed maximum,first in producer window/position order; exact equality,"{""count"":245237,""denominator"":245237}","{""count"":245237,""denominator"":245237}",unavailable,unavailable
1f19207d799d9bcd0b005ef9,counterfact,v0_live_C1,2,101,1000,full_validation,original,loss,complete,245237,245237,0,0,0,0,0,"{""0.01"":{""count"":0,""denominator"":245237},""0.1"":{""count"":0,""denominator"":245237},""1.0"":{""count"":0,""denominator"":245237}}",1,False,0,w0:p1,245237,signed maximum,first in producer window/position order; exact equality,"{""count"":245237,""denominator"":245237}","{""count"":245237,""denominator"":245237}",unavailable,unavailable
1f19207d799d9bcd0b005ef9,counterfact,v0_live_C1,2,101,1000,full_validation,original,kl,complete,245237,245237,0,0,0,0,0,"{""0.01"":{""count"":0,""denominator"":245237},""0.1"":{""count"":0,""denominator"":245237},""1.0"":{""count"":0,""denominator"":245237}}",unavailable,unavailable,0,w0:p1,245237,signed maximum,first in producer window/position order; exact equality,"{""count"":245237,""denominator"":245237}","{""count"":245237,""denominator"":245237}",unavailable,unavailable
ad007b170a6bbf5bc88d182d,counterfact,v0_live_C1,2,102,100,sampled_drift,original,loss,complete,16256,16256,0,0,0,0,0,"{""0.01"":0,""0.1"":0,""1.0"":0}",1,False,unavailable,w0:p1,unavailable,positive-part maximum,first in producer sample order; tie count unavailable,unavailable,unavailable,16256,16256
ad007b170a6bbf5bc88d182d,counterfact,v0_live_C1,2,102,100,sampled_drift,capoff,loss,complete,16256,16256,0,0,0,0,0,"{""0.01"":0,""0.1"":0,""1.0"":0}",1,False,unavailable,w0:p1,unavailable,positive-part maximum,first in producer sample order; tie count unavailable,unavailable,unavailable,16256,16256
ad007b170a6bbf5bc88d182d,counterfact,v0_live_C1,2,102,300,sampled_drift,original,loss,complete,16256,16256,0,0,0,0,0,"{""0.01"":0,""0.1"":0,""1.0"":0}",1,False,unavailable,w0:p1,unavailable,positive-part maximum,first in producer sample order; tie count unavailable,unavailable,unavailable,16256,16256
ad007b170a6bbf5bc88d182d,counterfact,v0_live_C1,2,102,300,sampled_drift,capoff,loss,complete,16256,16256,0,0,0,0,0,"{""0.01"":0,""0.1"":0,""1.0"":0}",1,False,unavailable,w0:p1,unavailable,positive-part maximum,first in producer sample order; tie count unavailable,unavailable,unavailable,16256,16256
ad007b170a6bbf5bc88d182d,counterfact,v0_live_C1,2,102,1000,sampled_drift,original,loss,complete,16256,16256,0,0,0,0,0,"{""0.01"":0,""0.1"":0,""1.0"":0}",1,False,unavailable,w0:p1,unavailable,positive-part maximum,first in producer sample order; tie count unavailable,unavailable,unavailable,16256,16256
ad007b170a6bbf5bc88d182d,counterfact,v0_live_C1,2,102,1000,sampled_drift,capoff,loss,complete,16256,16256,0,0,0,0,0,"{""0.01"":0,""0.1"":0,""1.0"":0}",1,False,unavailable,w0:p1,unavailable,positive-part maximum,first in producer sample order; tie count unavailable,unavailable,unavailable,16256,16256
ad007b170a6bbf5bc88d182d,counterfact,v0_live_C1,2,102,1000,full_validation,capoff,loss,complete,245237,245237,0,0,0,0,0,"{""0.01"":{""count"":0,""denominator"":245237},""0.1"":{""count"":0,""denominator"":245237},""1.0"":{""count"":0,""denominator"":245237}}",1,False,0,w0:p1,245237,signed maximum,first in producer window/position order; exact equality,"{""count"":245237,""denominator"":245237}","{""count"":245237,""denominator"":245237}",unavailable,unavailable
ad007b170a6bbf5bc88d182d,counterfact,v0_live_C1,2,102,1000,full_validation,capoff,kl,complete,245237,245237,0,0,0,0,0,"{""0.01"":{""count"":0,""denominator"":245237},""0.1"":{""count"":0,""denominator"":245237},""1.0"":{""count"":0,""denominator"":245237}}",unavailable,unavailable,0,w0:p1,245237,signed maximum,first in producer window/position order; exact equality,"{""count"":245237,""denominator"":245237}","{""count"":245237,""denominator"":245237}",unavailable,unavailable
ad007b170a6bbf5bc88d182d,counterfact,v0_live_C1,2,102,1000,full_validation,original,loss,complete,245237,245237,0,0,0,0,0,"{""0.01"":{""count"":0,""denominator"":245237},""0.1"":{""count"":0,""denominator"":245237},""1.0"":{""count"":0,""denominator"":245237}}",1,False,0,w0:p1,245237,signed maximum,first in producer window/position order; exact equality,"{""count"":245237,""denominator"":245237}","{""count"":245237,""denominator"":245237}",unavailable,unavailable
ad007b170a6bbf5bc88d182d,counterfact,v0_live_C1,2,102,1000,full_validation,original,kl,complete,245237,245237,0,0,0,0,0,"{""0.01"":{""count"":0,""denominator"":245237},""0.1"":{""count"":0,""denominator"":245237},""1.0"":{""count"":0,""denominator"":245237}}",unavailable,unavailable,0,w0:p1,245237,signed maximum,first in producer window/position order; exact equality,"{""count"":245237,""denominator"":245237}","{""count"":245237,""denominator"":245237}",unavailable,unavailable
94488c6aa407c3ea167ea51d,counterfact,v0_live_C1,2,103,100,sampled_drift,original,loss,complete,16256,16256,0,0,0,0,0,"{""0.01"":0,""0.1"":0,""1.0"":0}",1,False,unavailable,w0:p1,unavailable,positive-part maximum,first in producer sample order; tie count unavailable,unavailable,unavailable,16256,16256
94488c6aa407c3ea167ea51d,counterfact,v0_live_C1,2,103,100,sampled_drift,capoff,loss,complete,16256,16256,0,0,0,0,0,"{""0.01"":0,""0.1"":0,""1.0"":0}",1,False,unavailable,w0:p1,unavailable,positive-part maximum,first in producer sample order; tie count unavailable,unavailable,unavailable,16256,16256
94488c6aa407c3ea167ea51d,counterfact,v0_live_C1,2,103,300,sampled_drift,original,loss,complete,16256,16256,0,0,0,0,0,"{""0.01"":0,""0.1"":0,""1.0"":0}",1,False,unavailable,w0:p1,unavailable,positive-part maximum,first in producer sample order; tie count unavailable,unavailable,unavailable,16256,16256
94488c6aa407c3ea167ea51d,counterfact,v0_live_C1,2,103,300,sampled_drift,capoff,loss,complete,16256,16256,0,0,0,0,0,"{""0.01"":0,""0.1"":0,""1.0"":0}",1,False,unavailable,w0:p1,unavailable,positive-part maximum,first in producer sample order; tie count unavailable,unavailable,unavailable,16256,16256
94488c6aa407c3ea167ea51d,counterfact,v0_live_C1,2,103,1000,sampled_drift,original,loss,complete,16256,16256,0,0,0,0,0,"{""0.01"":0,""0.1"":0,""1.0"":0}",1,False,unavailable,w0:p1,unavailable,positive-part maximum,first in producer sample order; tie count unavailable,unavailable,unavailable,16256,16256
94488c6aa407c3ea167ea51d,counterfact,v0_live_C1,2,103,1000,sampled_drift,capoff,loss,complete,16256,16256,0,0,0,0,0,"{""0.01"":0,""0.1"":0,""1.0"":0}",1,False,unavailable,w0:p1,unavailable,positive-part maximum,first in producer sample order; tie count unavailable,unavailable,unavailable,16256,16256
94488c6aa407c3ea167ea51d,counterfact,v0_live_C1,2,103,1000,full_validation,capoff,loss,complete,245237,245237,0,0,0,0,0,"{""0.01"":{""count"":0,""denominator"":245237},""0.1"":{""count"":0,""denominator"":245237},""1.0"":{""count"":0,""denominator"":245237}}",1,False,0,w0:p1,245237,signed maximum,first in producer window/position order; exact equality,"{""count"":245237,""denominator"":245237}","{""count"":245237,""denominator"":245237}",unavailable,unavailable
94488c6aa407c3ea167ea51d,counterfact,v0_live_C1,2,103,1000,full_validation,capoff,kl,complete,245237,245237,0,0,0,0,0,"{""0.01"":{""count"":0,""denominator"":245237},""0.1"":{""count"":0,""denominator"":245237},""1.0"":{""count"":0,""denominator"":245237}}",unavailable,unavailable,0,w0:p1,245237,signed maximum,first in producer window/position order; exact equality,"{""count"":245237,""denominator"":245237}","{""count"":245237,""denominator"":245237}",unavailable,unavailable
94488c6aa407c3ea167ea51d,counterfact,v0_live_C1,2,103,1000,full_validation,original,loss,complete,245237,245237,0,0,0,0,0,"{""0.01"":{""count"":0,""denominator"":245237},""0.1"":{""count"":0,""denominator"":245237},""1.0"":{""count"":0,""denominator"":245237}}",1,False,0,w0:p1,245237,signed maximum,first in producer window/position order; exact equality,"{""count"":245237,""denominator"":245237}","{""count"":245237,""denominator"":245237}",unavailable,unavailable
94488c6aa407c3ea167ea51d,counterfact,v0_live_C1,2,103,1000,full_validation,original,kl,complete,245237,245237,0,0,0,0,0,"{""0.01"":{""count"":0,""denominator"":245237},""0.1"":{""count"":0,""denominator"":245237},""1.0"":{""count"":0,""denominator"":245237}}",unavailable,unavailable,0,w0:p1,245237,signed maximum,first in producer window/position order; exact equality,"{""count"":245237,""denominator"":245237}","{""count"":245237,""denominator"":245237}",unavailable,unavailable
e6a5e4cd9fbe73077175c7b9,counterfact,v0_live_C1,2,104,100,sampled_drift,original,loss,complete,16256,16256,0,0,0,0,0,"{""0.01"":0,""0.1"":0,""1.0"":0}",1,False,unavailable,w0:p1,unavailable,positive-part maximum,first in producer sample order; tie count unavailable,unavailable,unavailable,16256,16256
e6a5e4cd9fbe73077175c7b9,counterfact,v0_live_C1,2,104,100,sampled_drift,capoff,loss,complete,16256,16256,0,0,0,0,0,"{""0.01"":0,""0.1"":0,""1.0"":0}",1,False,unavailable,w0:p1,unavailable,positive-part maximum,first in producer sample order; tie count unavailable,unavailable,unavailable,16256,16256
e6a5e4cd9fbe73077175c7b9,counterfact,v0_live_C1,2,104,300,sampled_drift,original,loss,complete,16256,16256,0,0,0,0,0,"{""0.01"":0,""0.1"":0,""1.0"":0}",1,False,unavailable,w0:p1,unavailable,positive-part maximum,first in producer sample order; tie count unavailable,unavailable,unavailable,16256,16256
e6a5e4cd9fbe73077175c7b9,counterfact,v0_live_C1,2,104,300,sampled_drift,capoff,loss,complete,16256,16256,0,0,0,0,0,"{""0.01"":0,""0.1"":0,""1.0"":0}",1,False,unavailable,w0:p1,unavailable,positive-part maximum,first in producer sample order; tie count unavailable,unavailable,unavailable,16256,16256
e6a5e4cd9fbe73077175c7b9,counterfact,v0_live_C1,2,104,1000,sampled_drift,original,loss,complete,16256,16256,0,0,0,0,0,"{""0.01"":0,""0.1"":0,""1.0"":0}",1,False,unavailable,w0:p1,unavailable,positive-part maximum,first in producer sample order; tie count unavailable,unavailable,unavailable,16256,16256
e6a5e4cd9fbe73077175c7b9,counterfact,v0_live_C1,2,104,1000,sampled_drift,capoff,loss,complete,16256,16256,0,0,0,0,0,"{""0.01"":0,""0.1"":0,""1.0"":0}",1,False,unavailable,w0:p1,unavailable,positive-part maximum,first in producer sample order; tie count unavailable,unavailable,unavailable,16256,16256
e6a5e4cd9fbe73077175c7b9,counterfact,v0_live_C1,2,104,1000,full_validation,capoff,loss,complete,245237,245237,0,0,0,0,0,"{""0.01"":{""count"":0,""denominator"":245237},""0.1"":{""count"":0,""denominator"":245237},""1.0"":{""count"":0,""denominator"":245237}}",1,False,0,w0:p1,245237,signed maximum,first in producer window/position order; exact equality,"{""count"":245237,""denominator"":245237}","{""count"":245237,""denominator"":245237}",unavailable,unavailable
e6a5e4cd9fbe73077175c7b9,counterfact,v0_live_C1,2,104,1000,full_validation,capoff,kl,complete,245237,245237,0,0,0,0,0,"{""0.01"":{""count"":0,""denominator"":245237},""0.1"":{""count"":0,""denominator"":245237},""1.0"":{""count"":0,""denominator"":245237}}",unavailable,unavailable,0,w0:p1,245237,signed maximum,first in producer window/position order; exact equality,"{""count"":245237,""denominator"":245237}","{""count"":245237,""denominator"":245237}",unavailable,unavailable
e6a5e4cd9fbe73077175c7b9,counterfact,v0_live_C1,2,104,1000,full_validation,original,loss,complete,245237,245237,0,0,0,0,0,"{""0.01"":{""count"":0,""denominator"":245237},""0.1"":{""count"":0,""denominator"":245237},""1.0"":{""count"":0,""denominator"":245237}}",1,False,0,w0:p1,245237,signed maximum,first in producer window/position order; exact equality,"{""count"":245237,""denominator"":245237}","{""count"":245237,""denominator"":245237}",unavailable,unavailable
e6a5e4cd9fbe73077175c7b9,counterfact,v0_live_C1,2,104,1000,full_validation,original,kl,complete,245237,245237,0,0,0,0,0,"{""0.01"":{""count"":0,""denominator"":245237},""0.1"":{""count"":0,""denominator"":245237},""1.0"":{""count"":0,""denominator"":245237}}",unavailable,unavailable,0,w0:p1,245237,signed maximum,first in producer window/position order; exact equality,"{""count"":245237,""denominator"":245237}","{""count"":245237,""denominator"":245237}",unavailable,unavailable
bca38cd4398e1159ed781bff,zsre,v0_live_C2,0,100,100,sampled_drift,original,loss,complete,16256,16256,0,0,0,0,0,"{""0.01"":0,""0.1"":0,""1.0"":0}",1,False,unavailable,w0:p1,unavailable,positive-part maximum,first in producer sample order; tie count unavailable,unavailable,unavailable,16256,16256
bca38cd4398e1159ed781bff,zsre,v0_live_C2,0,100,100,sampled_drift,capoff,loss,complete,16256,16256,0,0,0,0,0,"{""0.01"":0,""0.1"":0,""1.0"":0}",1,False,unavailable,w0:p1,unavailable,positive-part maximum,first in producer sample order; tie count unavailable,unavailable,unavailable,16256,16256
bca38cd4398e1159ed781bff,zsre,v0_live_C2,0,100,300,sampled_drift,original,loss,complete,16256,16256,0.0014517931,0.0014517931,0.029035862,0.14517931,23.600349,"{""0.01"":1,""0.1"":1,""1.0"":1}",1.0014528,False,unavailable,w10:p10,unavailable,positive-part maximum,first in producer sample order; tie count unavailable,unavailable,unavailable,16255,16256
bca38cd4398e1159ed781bff,zsre,v0_live_C2,0,100,300,sampled_drift,capoff,loss,complete,16256,16256,0.0014517931,0.0014517931,0.029035862,0.14517931,23.600349,"{""0.01"":1,""0.1"":1,""1.0"":1}",1.0014528,False,unavailable,w10:p10,unavailable,positive-part maximum,first in producer sample order; tie count unavailable,unavailable,unavailable,16255,16256
bca38cd4398e1159ed781bff,zsre,v0_live_C2,0,100,1000,sampled_drift,original,loss,complete,16256,16256,0.0038213634,0.0038213634,0.076427269,0.38213634,35.023301,"{""0.01"":6,""0.1"":6,""1.0"":3}",1.0038287,False,unavailable,w124:p39,unavailable,positive-part maximum,first in producer sample order; tie count unavailable,unavailable,unavailable,16250,16256
bca38cd4398e1159ed781bff,zsre,v0_live_C2,0,100,1000,sampled_drift,capoff,loss,complete,16256,16256,0.0038213634,0.0038213634,0.076427269,0.38213634,35.023301,"{""0.01"":6,""0.1"":6,""1.0"":3}",1.0038287,False,unavailable,w124:p39,unavailable,positive-part maximum,first in producer sample order; tie count unavailable,unavailable,unavailable,16250,16256
bca38cd4398e1159ed781bff,zsre,v0_live_C2,0,100,1000,full_validation,capoff,loss,complete,245237,245237,0.0026371393,0.0026694905,0.053389809,0.26694905,38.755302,"{""0.01"":{""count"":47,""denominator"":245237},""0.1"":{""count"":45,""denominator"":245237},""1.0"":{""count"":36,""denominator"":245237}}",1.0026406,False,38.755302,w283:p29,1,signed maximum,first in producer window/position order; exact equality,"{""count"":245183,""denominator"":245237}","{""count"":245190,""denominator"":245237}",unavailable,unavailable
bca38cd4398e1159ed781bff,zsre,v0_live_C2,0,100,1000,full_validation,capoff,kl,complete,245237,245237,0.00304642,0.00304642,0.060928401,0.304642,42.17079,"{""0.01"":{""count"":54,""denominator"":245237},""0.1"":{""count"":53,""denominator"":245237},""1.0"":{""count"":35,""denominator"":245237}}",unavailable,unavailable,42.17079,w1737:p40,1,signed maximum,first in producer window/position order; exact equality,"{""count"":245183,""denominator"":245237}","{""count"":245183,""denominator"":245237}",unavailable,unavailable
bca38cd4398e1159ed781bff,zsre,v0_live_C2,0,100,1000,full_validation,original,loss,complete,245237,245237,0.0026371393,0.0026694905,0.053389809,0.26694905,38.755302,"{""0.01"":{""count"":47,""denominator"":245237},""0.1"":{""count"":45,""denominator"":245237},""1.0"":{""count"":36,""denominator"":245237}}",1.0026406,False,38.755302,w283:p29,1,signed maximum,first in producer window/position order; exact equality,"{""count"":245183,""denominator"":245237}","{""count"":245190,""denominator"":245237}",unavailable,unavailable
bca38cd4398e1159ed781bff,zsre,v0_live_C2,0,100,1000,full_validation,original,kl,complete,245237,245237,0.00304642,0.00304642,0.060928401,0.304642,42.17079,"{""0.01"":{""count"":54,""denominator"":245237},""0.1"":{""count"":53,""denominator"":245237},""1.0"":{""count"":35,""denominator"":245237}}",unavailable,unavailable,42.17079,w1737:p40,1,signed maximum,first in producer window/position order; exact equality,"{""count"":245183,""denominator"":245237}","{""count"":245183,""denominator"":245237}",unavailable,unavailable
68da09e4a00f4fe8d8b054fd,zsre,v0_live_C2,0,101,100,sampled_drift,original,loss,complete,16256,16256,0,0,0,0,0,"{""0.01"":0,""0.1"":0,""1.0"":0}",1,False,unavailable,w0:p1,unavailable,positive-part maximum,first in producer sample order; tie count unavailable,unavailable,unavailable,16256,16256
68da09e4a00f4fe8d8b054fd,zsre,v0_live_C2,0,101,100,sampled_drift,capoff,loss,complete,16256,16256,0,0,0,0,0,"{""0.01"":0,""0.1"":0,""1.0"":0}",1,False,unavailable,w0:p1,unavailable,positive-part maximum,first in producer sample order; tie count unavailable,unavailable,unavailable,16256,16256
68da09e4a00f4fe8d8b054fd,zsre,v0_live_C2,0,101,300,sampled_drift,original,loss,complete,16256,16256,0.001759473,0.001759473,0.03518946,0.1759473,23.600349,"{""0.01"":2,""0.1"":2,""1.0"":2}",1.001761,False,unavailable,w10:p10,unavailable,positive-part maximum,first in producer sample order; tie count unavailable,unavailable,unavailable,16254,16256
68da09e4a00f4fe8d8b054fd,zsre,v0_live_C2,0,101,300,sampled_drift,capoff,loss,complete,16256,16256,0.001759473,0.001759473,0.03518946,0.1759473,23.600349,"{""0.01"":2,""0.1"":2,""1.0"":2}",1.001761,False,unavailable,w10:p10,unavailable,positive-part maximum,first in producer sample order; tie count unavailable,unavailable,unavailable,16254,16256
68da09e4a00f4fe8d8b054fd,zsre,v0_live_C2,0,101,1000,sampled_drift,original,loss,complete,16256,16256,0.0021723587,0.0021723587,0.043447174,0.21723587,35.023301,"{""0.01"":3,""0.1"":2,""1.0"":1}",1.0021747,False,unavailable,w124:p39,unavailable,positive-part maximum,first in producer sample order; tie count unavailable,unavailable,unavailable,16253,16256
68da09e4a00f4fe8d8b054fd,zsre,v0_live_C2,0,101,1000,sampled_drift,capoff,loss,complete,16256,16256,0.0021723587,0.0021723587,0.043447174,0.21723587,35.023301,"{""0.01"":3,""0.1"":2,""1.0"":1}",1.0021747,False,unavailable,w124:p39,unavailable,positive-part maximum,first in producer sample order; tie count unavailable,unavailable,unavailable,16253,16256
68da09e4a00f4fe8d8b054fd,zsre,v0_live_C2,0,101,1000,full_validation,capoff,loss,complete,245237,245237,0.0028726632,0.0028746135,0.057492269,0.28746135,38.755302,"{""0.01"":{""count"":38,""denominator"":245237},""0.1"":{""count"":37,""denominator"":245237},""1.0"":{""count"":36,""denominator"":245237}}",1.0028768,False,38.755302,w283:p29,1,signed maximum,first in producer window/position order; exact equality,"{""count"":245196,""denominator"":245237}","{""count"":245199,""denominator"":245237}",unavailable,unavailable
68da09e4a00f4fe8d8b054fd,zsre,v0_live_C2,0,101,1000,full_validation,capoff,kl,complete,245237,245237,0.0029482116,0.0029482116,0.058964232,0.29482116,41.108912,"{""0.01"":{""count"":40,""denominator"":245237},""0.1"":{""count"":36,""denominator"":245237},""1.0"":{""count"":36,""denominator"":245237}}",unavailable,unavailable,41.108912,w283:p29,1,signed maximum,first in producer window/position order; exact equality,"{""count"":245196,""denominator"":245237}","{""count"":245196,""denominator"":245237}",unavailable,unavailable
68da09e4a00f4fe8d8b054fd,zsre,v0_live_C2,0,101,1000,full_validation,original,loss,complete,245237,245237,0.0028726632,0.0028746135,0.057492269,0.28746135,38.755302,"{""0.01"":{""count"":38,""denominator"":245237},""0.1"":{""count"":37,""denominator"":245237},""1.0"":{""count"":36,""denominator"":245237}}",1.0028768,False,38.755302,w283:p29,1,signed maximum,first in producer window/position order; exact equality,"{""count"":245196,""denominator"":245237}","{""count"":245199,""denominator"":245237}",unavailable,unavailable
68da09e4a00f4fe8d8b054fd,zsre,v0_live_C2,0,101,1000,full_validation,original,kl,complete,245237,245237,0.0029482116,0.0029482116,0.058964232,0.29482116,41.108912,"{""0.01"":{""count"":40,""denominator"":245237},""0.1"":{""count"":36,""denominator"":245237},""1.0"":{""count"":36,""denominator"":245237}}",unavailable,unavailable,41.108912,w283:p29,1,signed maximum,first in producer window/position order; exact equality,"{""count"":245196,""denominator"":245237}","{""count"":245196,""denominator"":245237}",unavailable,unavailable
da666451073f38000c71b39f,zsre,v0_live_C2,0,102,100,sampled_drift,original,loss,complete,16256,16256,0.0028152529,0.0028152529,0.056305057,0.28152529,23.600349,"{""0.01"":2,""0.1"":2,""1.0"":2}",1.0028192,False,unavailable,w10:p10,unavailable,positive-part maximum,first in producer sample order; tie count unavailable,unavailable,unavailable,16254,16256
da666451073f38000c71b39f,zsre,v0_live_C2,0,102,100,sampled_drift,capoff,loss,complete,16256,16256,0.0028152529,0.0028152529,0.056305057,0.28152529,23.600349,"{""0.01"":2,""0.1"":2,""1.0"":2}",1.0028192,False,unavailable,w10:p10,unavailable,positive-part maximum,first in producer sample order; tie count unavailable,unavailable,unavailable,16254,16256
da666451073f38000c71b39f,zsre,v0_live_C2,0,102,300,sampled_drift,original,loss,complete,16256,16256,0.0028318337,0.0028318337,0.056636674,0.28318337,23.869887,"{""0.01"":2,""0.1"":2,""1.0"":2}",1.0028358,False,unavailable,w15:p36,unavailable,positive-part maximum,first in producer sample order; tie count unavailable,unavailable,unavailable,16254,16256
da666451073f38000c71b39f,zsre,v0_live_C2,0,102,300,sampled_drift,capoff,loss,complete,16256,16256,0.0028318337,0.0028318337,0.056636674,0.28318337,23.869887,"{""0.01"":2,""0.1"":2,""1.0"":2}",1.0028358,False,unavailable,w15:p36,unavailable,positive-part maximum,first in producer sample order; tie count unavailable,unavailable,unavailable,16254,16256
da666451073f38000c71b39f,zsre,v0_live_C2,0,102,1000,sampled_drift,original,loss,complete,16256,16256,0.0021544846,0.0021544846,0.043089691,0.21544846,35.023301,"{""0.01"":1,""0.1"":1,""1.0"":1}",1.0021568,False,unavailable,w124:p39,unavailable,positive-part maximum,first in producer sample order; tie count unavailable,unavailable,unavailable,16255,16256
da666451073f38000c71b39f,zsre,v0_live_C2,0,102,1000,sampled_drift,capoff,loss,complete,16256,16256,0.0021544846,0.0021544846,0.043089691,0.21544846,35.023301,"{""0.01"":1,""0.1"":1,""1.0"":1}",1.0021568,False,unavailable,w124:p39,unavailable,positive-part maximum,first in producer sample order; tie count unavailable,unavailable,unavailable,16255,16256
da666451073f38000c71b39f,zsre,v0_live_C2,0,102,1000,full_validation,capoff,loss,complete,245237,245237,0.0021193084,0.0021197131,0.042394261,0.21197131,38.755302,"{""0.01"":{""count"":40,""denominator"":245237},""0.1"":{""count"":40,""denominator"":245237},""1.0"":{""count"":37,""denominator"":245237}}",1.0021216,False,38.755302,w283:p29,1,signed maximum,first in producer window/position order; exact equality,"{""count"":245195,""denominator"":245237}","{""count"":245197,""denominator"":245237}",unavailable,unavailable
da666451073f38000c71b39f,zsre,v0_live_C2,0,102,1000,full_validation,capoff,kl,complete,245237,245237,0.0020638454,0.0020638454,0.041276907,0.20638454,41.108912,"{""0.01"":{""count"":41,""denominator"":245237},""0.1"":{""count"":40,""denominator"":245237},""1.0"":{""count"":36,""denominator"":245237}}",unavailable,unavailable,41.108912,w283:p29,1,signed maximum,first in producer window/position order; exact equality,"{""count"":245195,""denominator"":245237}","{""count"":245195,""denominator"":245237}",unavailable,unavailable
da666451073f38000c71b39f,zsre,v0_live_C2,0,102,1000,full_validation,original,loss,complete,245237,245237,0.0021193084,0.0021197131,0.042394261,0.21197131,38.755302,"{""0.01"":{""count"":40,""denominator"":245237},""0.1"":{""count"":40,""denominator"":245237},""1.0"":{""count"":37,""denominator"":245237}}",1.0021216,False,38.755302,w283:p29,1,signed maximum,first in producer window/position order; exact equality,"{""count"":245195,""denominator"":245237}","{""count"":245197,""denominator"":245237}",unavailable,unavailable
da666451073f38000c71b39f,zsre,v0_live_C2,0,102,1000,full_validation,original,kl,complete,245237,245237,0.0020638454,0.0020638454,0.041276907,0.20638454,41.108912,"{""0.01"":{""count"":41,""denominator"":245237},""0.1"":{""count"":40,""denominator"":245237},""1.0"":{""count"":36,""denominator"":245237}}",unavailable,unavailable,41.108912,w283:p29,1,signed maximum,first in producer window/position order; exact equality,"{""count"":245195,""denominator"":245237}","{""count"":245195,""denominator"":245237}",unavailable,unavailable
57b0ace8ad261f0963cece6e,zsre,v0_live_C2,0,103,100,sampled_drift,original,loss,complete,16256,16256,0.0014557413,0.0014557413,0.029114825,0.14557413,23.600349,"{""0.01"":2,""0.1"":1,""1.0"":1}",1.0014568,False,unavailable,w10:p10,unavailable,positive-part maximum,first in producer sample order; tie count unavailable,unavailable,unavailable,16254,16256
57b0ace8ad261f0963cece6e,zsre,v0_live_C2,0,103,100,sampled_drift,capoff,loss,complete,16256,16256,0.0014557413,0.0014557413,0.029114825,0.14557413,23.600349,"{""0.01"":2,""0.1"":1,""1.0"":1}",1.0014568,False,unavailable,w10:p10,unavailable,positive-part maximum,first in producer sample order; tie count unavailable,unavailable,unavailable,16254,16256
57b0ace8ad261f0963cece6e,zsre,v0_live_C2,0,103,300,sampled_drift,original,loss,complete,16256,16256,-2.1456307e-06,4.1815308e-06,8.3630617e-05,0.00041815308,0.064181283,"{""0.01"":1,""0.1"":0,""1.0"":0}",0.99999785,False,unavailable,w48:p19,unavailable,positive-part maximum,first in producer sample order; tie count unavailable,unavailable,unavailable,16254,16256
57b0ace8ad261f0963cece6e,zsre,v0_live_C2,0,103,300,sampled_drift,capoff,loss,complete,16256,16256,-2.1456307e-06,4.1815308e-06,8.3630617e-05,0.00041815308,0.064181283,"{""0.01"":1,""0.1"":0,""1.0"":0}",0.99999785,False,unavailable,w48:p19,unavailable,positive-part maximum,first in producer sample order; tie count unavailable,unavailable,unavailable,16254,16256
57b0ace8ad261f0963cece6e,zsre,v0_live_C2,0,103,1000,sampled_drift,original,loss,complete,16256,16256,0.0023346295,0.0023346295,0.046692591,0.23346295,35.023301,"{""0.01"":4,""0.1"":3,""1.0"":2}",1.0023374,False,unavailable,w124:p39,unavailable,positive-part maximum,first in producer sample order; tie count unavailable,unavailable,unavailable,16252,16256
57b0ace8ad261f0963cece6e,zsre,v0_live_C2,0,103,1000,sampled_drift,capoff,loss,complete,16256,16256,0.0023346295,0.0023346295,0.046692591,0.23346295,35.023301,"{""0.01"":4,""0.1"":3,""1.0"":2}",1.0023374,False,unavailable,w124:p39,unavailable,positive-part maximum,first in producer sample order; tie count unavailable,unavailable,unavailable,16252,16256
57b0ace8ad261f0963cece6e,zsre,v0_live_C2,0,103,1000,full_validation,capoff,loss,complete,245237,245237,0.0018750982,0.0018913922,0.037827844,0.18913922,38.755302,"{""0.01"":{""count"":44,""denominator"":245237},""0.1"":{""count"":42,""denominator"":245237},""1.0"":{""count"":28,""denominator"":245237}}",1.0018769,False,38.755302,w283:p29,1,signed maximum,first in producer window/position order; exact equality,"{""count"":245185,""denominator"":245237}","{""count"":245193,""denominator"":245237}",unavailable,unavailable
57b0ace8ad261f0963cece6e,zsre,v0_live_C2,0,103,1000,full_validation,capoff,kl,complete,245237,245237,0.0018548034,0.0018548034,0.037096068,0.18548034,41.108912,"{""0.01"":{""count"":50,""denominator"":245237},""0.1"":{""count"":48,""denominator"":245237},""1.0"":{""count"":26,""denominator"":245237}}",unavailable,unavailable,41.108912,w283:p29,1,signed maximum,first in producer window/position order; exact equality,"{""count"":245185,""denominator"":245237}","{""count"":245185,""denominator"":245237}",unavailable,unavailable
57b0ace8ad261f0963cece6e,zsre,v0_live_C2,0,103,1000,full_validation,original,loss,complete,245237,245237,0.0018750982,0.0018913922,0.037827844,0.18913922,38.755302,"{""0.01"":{""count"":44,""denominator"":245237},""0.1"":{""count"":42,""denominator"":245237},""1.0"":{""count"":28,""denominator"":245237}}",1.0018769,False,38.755302,w283:p29,1,signed maximum,first in producer window/position order; exact equality,"{""count"":245185,""denominator"":245237}","{""count"":245193,""denominator"":245237}",unavailable,unavailable
57b0ace8ad261f0963cece6e,zsre,v0_live_C2,0,103,1000,full_validation,original,kl,complete,245237,245237,0.0018548034,0.0018548034,0.037096068,0.18548034,41.108912,"{""0.01"":{""count"":50,""denominator"":245237},""0.1"":{""count"":48,""denominator"":245237},""1.0"":{""count"":26,""denominator"":245237}}",unavailable,unavailable,41.108912,w283:p29,1,signed maximum,first in producer window/position order; exact equality,"{""count"":245185,""denominator"":245237}","{""count"":245185,""denominator"":245237}",unavailable,unavailable
b1be521b209066effb830ad1,zsre,v0_live_C2,0,104,100,sampled_drift,original,loss,complete,16256,16256,0,0,0,0,0,"{""0.01"":0,""0.1"":0,""1.0"":0}",1,False,unavailable,w0:p1,unavailable,positive-part maximum,first in producer sample order; tie count unavailable,unavailable,unavailable,16256,16256
b1be521b209066effb830ad1,zsre,v0_live_C2,0,104,100,sampled_drift,capoff,loss,complete,16256,16256,0,0,0,0,0,"{""0.01"":0,""0.1"":0,""1.0"":0}",1,False,unavailable,w0:p1,unavailable,positive-part maximum,first in producer sample order; tie count unavailable,unavailable,unavailable,16256,16256
b1be521b209066effb830ad1,zsre,v0_live_C2,0,104,300,sampled_drift,original,loss,complete,16256,16256,0.0014517931,0.0014517931,0.029035862,0.14517931,23.600349,"{""0.01"":1,""0.1"":1,""1.0"":1}",1.0014528,False,unavailable,w10:p10,unavailable,positive-part maximum,first in producer sample order; tie count unavailable,unavailable,unavailable,16255,16256
b1be521b209066effb830ad1,zsre,v0_live_C2,0,104,300,sampled_drift,capoff,loss,complete,16256,16256,0.0014517931,0.0014517931,0.029035862,0.14517931,23.600349,"{""0.01"":1,""0.1"":1,""1.0"":1}",1.0014528,False,unavailable,w10:p10,unavailable,positive-part maximum,first in producer sample order; tie count unavailable,unavailable,unavailable,16255,16256
b1be521b209066effb830ad1,zsre,v0_live_C2,0,104,1000,sampled_drift,original,loss,complete,16256,16256,0.0021544846,0.0021544846,0.043089691,0.21544846,35.023301,"{""0.01"":1,""0.1"":1,""1.0"":1}",1.0021568,False,unavailable,w124:p39,unavailable,positive-part maximum,first in producer sample order; tie count unavailable,unavailable,unavailable,16255,16256
b1be521b209066effb830ad1,zsre,v0_live_C2,0,104,1000,sampled_drift,capoff,loss,complete,16256,16256,0.0021544846,0.0021544846,0.043089691,0.21544846,35.023301,"{""0.01"":1,""0.1"":1,""1.0"":1}",1.0021568,False,unavailable,w124:p39,unavailable,positive-part maximum,first in producer sample order; tie count unavailable,unavailable,unavailable,16255,16256
b1be521b209066effb830ad1,zsre,v0_live_C2,0,104,1000,full_validation,capoff,loss,complete,245237,245237,0.0025505369,0.0025733494,0.051466988,0.25733494,38.755302,"{""0.01"":{""count"":44,""denominator"":245237},""0.1"":{""count"":44,""denominator"":245237},""1.0"":{""count"":40,""denominator"":245237}}",1.0025538,False,38.755302,w283:p29,1,signed maximum,first in producer window/position order; exact equality,"{""count"":245186,""denominator"":245237}","{""count"":245193,""denominator"":245237}",unavailable,unavailable
b1be521b209066effb830ad1,zsre,v0_live_C2,0,104,1000,full_validation,capoff,kl,complete,245237,245237,0.0028678111,0.0028678111,0.057356223,0.28678111,42.17079,"{""0.01"":{""count"":48,""denominator"":245237},""0.1"":{""count"":47,""denominator"":245237},""1.0"":{""count"":40,""denominator"":245237}}",unavailable,unavailable,42.17079,w1737:p40,1,signed maximum,first in producer window/position order; exact equality,"{""count"":245186,""denominator"":245237}","{""count"":245186,""denominator"":245237}",unavailable,unavailable
b1be521b209066effb830ad1,zsre,v0_live_C2,0,104,1000,full_validation,original,loss,complete,245237,245237,0.0025505369,0.0025733494,0.051466988,0.25733494,38.755302,"{""0.01"":{""count"":44,""denominator"":245237},""0.1"":{""count"":44,""denominator"":245237},""1.0"":{""count"":40,""denominator"":245237}}",1.0025538,False,38.755302,w283:p29,1,signed maximum,first in producer window/position order; exact equality,"{""count"":245186,""denominator"":245237}","{""count"":245193,""denominator"":245237}",unavailable,unavailable
b1be521b209066effb830ad1,zsre,v0_live_C2,0,104,1000,full_validation,original,kl,complete,245237,245237,0.0028678111,0.0028678111,0.057356223,0.28678111,42.17079,"{""0.01"":{""count"":48,""denominator"":245237},""0.1"":{""count"":47,""denominator"":245237},""1.0"":{""count"":40,""denominator"":245237}}",unavailable,unavailable,42.17079,w1737:p40,1,signed maximum,first in producer window/position order; exact equality,"{""count"":245186,""denominator"":245237}","{""count"":245186,""denominator"":245237}",unavailable,unavailable
d246da52d2783b0000af34aa,zsre,v0_live_C2,1,100,100,sampled_drift,original,loss,complete,16256,16256,0,0,0,0,0,"{""0.01"":0,""0.1"":0,""1.0"":0}",1,False,unavailable,w0:p1,unavailable,positive-part maximum,first in producer sample order; tie count unavailable,unavailable,unavailable,16256,16256
d246da52d2783b0000af34aa,zsre,v0_live_C2,1,100,100,sampled_drift,capoff,loss,complete,16256,16256,0,0,0,0,0,"{""0.01"":0,""0.1"":0,""1.0"":0}",1,False,unavailable,w0:p1,unavailable,positive-part maximum,first in producer sample order; tie count unavailable,unavailable,unavailable,16256,16256
d246da52d2783b0000af34aa,zsre,v0_live_C2,1,100,300,sampled_drift,original,loss,complete,16256,16256,0.00167574,0.00167574,0.033514801,0.167574,22.424685,"{""0.01"":2,""0.1"":2,""1.0"":2}",1.0016771,False,unavailable,w15:p36,unavailable,positive-part maximum,first in producer sample order; tie count unavailable,unavailable,unavailable,16254,16256
d246da52d2783b0000af34aa,zsre,v0_live_C2,1,100,300,sampled_drift,capoff,loss,complete,16256,16256,0.00167574,0.00167574,0.033514801,0.167574,22.424685,"{""0.01"":2,""0.1"":2,""1.0"":2}",1.0016771,False,unavailable,w15:p36,unavailable,positive-part maximum,first in producer sample order; tie count unavailable,unavailable,unavailable,16254,16256
d246da52d2783b0000af34aa,zsre,v0_live_C2,1,100,1000,sampled_drift,original,loss,complete,16256,16256,0.0025955562,0.0025955562,0.051911124,0.25955562,40.966743,"{""0.01"":3,""0.1"":3,""1.0"":1}",1.0025989,False,unavailable,w34:p5,unavailable,positive-part maximum,first in producer sample order; tie count unavailable,unavailable,unavailable,16253,16256
d246da52d2783b0000af34aa,zsre,v0_live_C2,1,100,1000,sampled_drift,capoff,loss,complete,16256,16256,0.0025955562,0.0025955562,0.051911124,0.25955562,40.966743,"{""0.01"":3,""0.1"":3,""1.0"":1}",1.0025989,False,unavailable,w34:p5,unavailable,positive-part maximum,first in producer sample order; tie count unavailable,unavailable,unavailable,16253,16256
d246da52d2783b0000af34aa,zsre,v0_live_C2,1,100,1000,full_validation,capoff,loss,complete,245237,245237,0.0026329752,0.0026368837,0.052737675,0.26368837,41.218467,"{""0.01"":{""count"":34,""denominator"":245237},""0.1"":{""count"":33,""denominator"":245237},""1.0"":{""count"":28,""denominator"":245237}}",1.0026364,False,41.218467,w1873:p15,1,signed maximum,first in producer window/position order; exact equality,"{""count"":245197,""denominator"":245237}","{""count"":245202,""denominator"":245237}",unavailable,unavailable
d246da52d2783b0000af34aa,zsre,v0_live_C2,1,100,1000,full_validation,capoff,kl,complete,245237,245237,0.0025330833,0.0025330833,0.050661666,0.25330833,40.459121,"{""0.01"":{""count"":40,""denominator"":245237},""0.1"":{""count"":35,""denominator"":245237},""1.0"":{""count"":28,""denominator"":245237}}",unavailable,unavailable,40.459121,w34:p5,1,signed maximum,first in producer window/position order; exact equality,"{""count"":245197,""denominator"":245237}","{""count"":245197,""denominator"":245237}",unavailable,unavailable
d246da52d2783b0000af34aa,zsre,v0_live_C2,1,100,1000,full_validation,original,loss,complete,245237,245237,0.0026329752,0.0026368837,0.052737675,0.26368837,41.218467,"{""0.01"":{""count"":34,""denominator"":245237},""0.1"":{""count"":33,""denominator"":245237},""1.0"":{""count"":28,""denominator"":245237}}",1.0026364,False,41.218467,w1873:p15,1,signed maximum,first in producer window/position order; exact equality,"{""count"":245197,""denominator"":245237}","{""count"":245202,""denominator"":245237}",unavailable,unavailable
d246da52d2783b0000af34aa,zsre,v0_live_C2,1,100,1000,full_validation,original,kl,complete,245237,245237,0.0025330833,0.0025330833,0.050661666,0.25330833,40.459121,"{""0.01"":{""count"":40,""denominator"":245237},""0.1"":{""count"":35,""denominator"":245237},""1.0"":{""count"":28,""denominator"":245237}}",unavailable,unavailable,40.459121,w34:p5,1,signed maximum,first in producer window/position order; exact equality,"{""count"":245197,""denominator"":245237}","{""count"":245197,""denominator"":245237}",unavailable,unavailable
9ac1596b4a83bfd3759110f5,zsre,v0_live_C2,1,101,100,sampled_drift,original,loss,complete,16256,16256,0,0,0,0,0,"{""0.01"":0,""0.1"":0,""1.0"":0}",1,False,unavailable,w0:p1,unavailable,positive-part maximum,first in producer sample order; tie count unavailable,unavailable,unavailable,16256,16256
9ac1596b4a83bfd3759110f5,zsre,v0_live_C2,1,101,100,sampled_drift,capoff,loss,complete,16256,16256,0,0,0,0,0,"{""0.01"":0,""0.1"":0,""1.0"":0}",1,False,unavailable,w0:p1,unavailable,positive-part maximum,first in producer sample order; tie count unavailable,unavailable,unavailable,16256,16256
9ac1596b4a83bfd3759110f5,zsre,v0_live_C2,1,101,300,sampled_drift,original,loss,complete,16256,16256,0,0,0,0,0,"{""0.01"":0,""0.1"":0,""1.0"":0}",1,False,unavailable,w0:p1,unavailable,positive-part maximum,first in producer sample order; tie count unavailable,unavailable,unavailable,16256,16256
9ac1596b4a83bfd3759110f5,zsre,v0_live_C2,1,101,300,sampled_drift,capoff,loss,complete,16256,16256,0,0,0,0,0,"{""0.01"":0,""0.1"":0,""1.0"":0}",1,False,unavailable,w0:p1,unavailable,positive-part maximum,first in producer sample order; tie count unavailable,unavailable,unavailable,16256,16256
9ac1596b4a83bfd3759110f5,zsre,v0_live_C2,1,101,1000,sampled_drift,original,loss,complete,16256,16256,0.0034027994,0.0034027994,0.068055988,0.34027994,40.966743,"{""0.01"":3,""0.1"":3,""1.0"":2}",1.0034086,False,unavailable,w34:p5,unavailable,positive-part maximum,first in producer sample order; tie count unavailable,unavailable,unavailable,16253,16256
9ac1596b4a83bfd3759110f5,zsre,v0_live_C2,1,101,1000,sampled_drift,capoff,loss,complete,16256,16256,0.0034027994,0.0034027994,0.068055988,0.34027994,40.966743,"{""0.01"":3,""0.1"":3,""1.0"":2}",1.0034086,False,unavailable,w34:p5,unavailable,positive-part maximum,first in producer sample order; tie count unavailable,unavailable,unavailable,16253,16256
9ac1596b4a83bfd3759110f5,zsre,v0_live_C2,1,101,1000,full_validation,capoff,loss,complete,245237,245237,0.0056394413,0.0056740823,0.11348165,0.56740823,41.218467,"{""0.01"":{""count"":60,""denominator"":245237},""0.1"":{""count"":60,""denominator"":245237},""1.0"":{""count"":55,""denominator"":245237}}",1.0056554,False,41.218467,w1873:p15,1,signed maximum,first in producer window/position order; exact equality,"{""count"":245167,""denominator"":245237}","{""count"":245176,""denominator"":245237}",unavailable,unavailable
9ac1596b4a83bfd3759110f5,zsre,v0_live_C2,1,101,1000,full_validation,capoff,kl,complete,245237,245237,0.0055263108,0.0055263108,0.11052622,0.55263108,40.459121,"{""0.01"":{""count"":70,""denominator"":245237},""0.1"":{""count"":65,""denominator"":245237},""1.0"":{""count"":58,""denominator"":245237}}",unavailable,unavailable,40.459121,w34:p5,1,signed maximum,first in producer window/position order; exact equality,"{""count"":245167,""denominator"":245237}","{""count"":245167,""denominator"":245237}",unavailable,unavailable
9ac1596b4a83bfd3759110f5,zsre,v0_live_C2,1,101,1000,full_validation,original,loss,complete,245237,245237,0.0056394413,0.0056740823,0.11348165,0.56740823,41.218467,"{""0.01"":{""count"":60,""denominator"":245237},""0.1"":{""count"":60,""denominator"":245237},""1.0"":{""count"":55,""denominator"":245237}}",1.0056554,False,41.218467,w1873:p15,1,signed maximum,first in producer window/position order; exact equality,"{""count"":245167,""denominator"":245237}","{""count"":245176,""denominator"":245237}",unavailable,unavailable
9ac1596b4a83bfd3759110f5,zsre,v0_live_C2,1,101,1000,full_validation,original,kl,complete,245237,245237,0.0055263108,0.0055263108,0.11052622,0.55263108,40.459121,"{""0.01"":{""count"":70,""denominator"":245237},""0.1"":{""count"":65,""denominator"":245237},""1.0"":{""count"":58,""denominator"":245237}}",unavailable,unavailable,40.459121,w34:p5,1,signed maximum,first in producer window/position order; exact equality,"{""count"":245167,""denominator"":245237}","{""count"":245167,""denominator"":245237}",unavailable,unavailable
d3e7acfb899406015f6d7e6a,zsre,v0_live_C2,1,102,100,sampled_drift,original,loss,complete,16256,16256,0,0,0,0,0,"{""0.01"":0,""0.1"":0,""1.0"":0}",1,False,unavailable,w0:p1,unavailable,positive-part maximum,first in producer sample order; tie count unavailable,unavailable,unavailable,16256,16256
d3e7acfb899406015f6d7e6a,zsre,v0_live_C2,1,102,100,sampled_drift,capoff,loss,complete,16256,16256,0,0,0,0,0,"{""0.01"":0,""0.1"":0,""1.0"":0}",1,False,unavailable,w0:p1,unavailable,positive-part maximum,first in producer sample order; tie count unavailable,unavailable,unavailable,16256,16256
d3e7acfb899406015f6d7e6a,zsre,v0_live_C2,1,102,300,sampled_drift,original,loss,complete,16256,16256,0.0025200998,0.0025200998,0.050401996,0.25200998,40.966743,"{""0.01"":1,""0.1"":1,""1.0"":1}",1.0025233,False,unavailable,w34:p5,unavailable,positive-part maximum,first in producer sample order; tie count unavailable,unavailable,unavailable,16255,16256
d3e7acfb899406015f6d7e6a,zsre,v0_live_C2,1,102,300,sampled_drift,capoff,loss,complete,16256,16256,0.0025200998,0.0025200998,0.050401996,0.25200998,40.966743,"{""0.01"":1,""0.1"":1,""1.0"":1}",1.0025233,False,unavailable,w34:p5,unavailable,positive-part maximum,first in producer sample order; tie count unavailable,unavailable,unavailable,16255,16256
d3e7acfb899406015f6d7e6a,zsre,v0_live_C2,1,102,1000,sampled_drift,original,loss,complete,16256,16256,0,0,0,0,0,"{""0.01"":0,""0.1"":0,""1.0"":0}",1,False,unavailable,w0:p1,unavailable,positive-part maximum,first in producer sample order; tie count unavailable,unavailable,unavailable,16256,16256
d3e7acfb899406015f6d7e6a,zsre,v0_live_C2,1,102,1000,sampled_drift,capoff,loss,complete,16256,16256,0,0,0,0,0,"{""0.01"":0,""0.1"":0,""1.0"":0}",1,False,unavailable,w0:p1,unavailable,positive-part maximum,first in producer sample order; tie count unavailable,unavailable,unavailable,16256,16256
d3e7acfb899406015f6d7e6a,zsre,v0_live_C2,1,102,1000,full_validation,capoff,loss,complete,245237,245237,0.0047314835,0.0047510496,0.095020993,0.47510496,41.218467,"{""0.01"":{""count"":59,""denominator"":245237},""0.1"":{""count"":59,""denominator"":245237},""1.0"":{""count"":47,""denominator"":245237}}",1.0047427,False,41.218467,w1873:p15,1,signed maximum,first in producer window/position order; exact equality,"{""count"":245170,""denominator"":245237}","{""count"":245178,""denominator"":245237}",unavailable,unavailable
d3e7acfb899406015f6d7e6a,zsre,v0_live_C2,1,102,1000,full_validation,capoff,kl,complete,245237,245237,0.0046295442,0.0046295442,0.092590884,0.46295442,37.522546,"{""0.01"":{""count"":67,""denominator"":245237},""0.1"":{""count"":66,""denominator"":245237},""1.0"":{""count"":47,""denominator"":245237}}",unavailable,unavailable,37.522546,w1847:p71,1,signed maximum,first in producer window/position order; exact equality,"{""count"":245170,""denominator"":245237}","{""count"":245170,""denominator"":245237}",unavailable,unavailable
d3e7acfb899406015f6d7e6a,zsre,v0_live_C2,1,102,1000,full_validation,original,loss,complete,245237,245237,0.0047314835,0.0047510496,0.095020993,0.47510496,41.218467,"{""0.01"":{""count"":59,""denominator"":245237},""0.1"":{""count"":59,""denominator"":245237},""1.0"":{""count"":47,""denominator"":245237}}",1.0047427,False,41.218467,w1873:p15,1,signed maximum,first in producer window/position order; exact equality,"{""count"":245170,""denominator"":245237}","{""count"":245178,""denominator"":245237}",unavailable,unavailable
d3e7acfb899406015f6d7e6a,zsre,v0_live_C2,1,102,1000,full_validation,original,kl,complete,245237,245237,0.0046295442,0.0046295442,0.092590884,0.46295442,37.522546,"{""0.01"":{""count"":67,""denominator"":245237},""0.1"":{""count"":66,""denominator"":245237},""1.0"":{""count"":47,""denominator"":245237}}",unavailable,unavailable,37.522546,w1847:p71,1,signed maximum,first in producer window/position order; exact equality,"{""count"":245170,""denominator"":245237}","{""count"":245170,""denominator"":245237}",unavailable,unavailable
1b91b6d6beb187aaf9103cdc,zsre,v0_live_C2,1,103,100,sampled_drift,original,loss,complete,16256,16256,0,0,0,0,0,"{""0.01"":0,""0.1"":0,""1.0"":0}",1,False,unavailable,w0:p1,unavailable,positive-part maximum,first in producer sample order; tie count unavailable,unavailable,unavailable,16256,16256
1b91b6d6beb187aaf9103cdc,zsre,v0_live_C2,1,103,100,sampled_drift,capoff,loss,complete,16256,16256,0,0,0,0,0,"{""0.01"":0,""0.1"":0,""1.0"":0}",1,False,unavailable,w0:p1,unavailable,positive-part maximum,first in producer sample order; tie count unavailable,unavailable,unavailable,16256,16256
1b91b6d6beb187aaf9103cdc,zsre,v0_live_C2,1,103,300,sampled_drift,original,loss,complete,16256,16256,0.00071671866,0.00071671866,0.014334373,0.071671866,10.823369,"{""0.01"":2,""0.1"":2,""1.0"":1}",1.000717,False,unavailable,w33:p109,unavailable,positive-part maximum,first in producer sample order; tie count unavailable,unavailable,unavailable,16254,16256
1b91b6d6beb187aaf9103cdc,zsre,v0_live_C2,1,103,300,sampled_drift,capoff,loss,complete,16256,16256,0.00071671866,0.00071671866,0.014334373,0.071671866,10.823369,"{""0.01"":2,""0.1"":2,""1.0"":1}",1.000717,False,unavailable,w33:p109,unavailable,positive-part maximum,first in producer sample order; tie count unavailable,unavailable,unavailable,16254,16256
1b91b6d6beb187aaf9103cdc,zsre,v0_live_C2,1,103,1000,sampled_drift,original,loss,complete,16256,16256,0.0025626996,0.0025626996,0.051253992,0.25626996,40.966743,"{""0.01"":3,""0.1"":3,""1.0"":1}",1.002566,False,unavailable,w34:p5,unavailable,positive-part maximum,first in producer sample order; tie count unavailable,unavailable,unavailable,16253,16256
1b91b6d6beb187aaf9103cdc,zsre,v0_live_C2,1,103,1000,sampled_drift,capoff,loss,complete,16256,16256,0.0025626996,0.0025626996,0.051253992,0.25626996,40.966743,"{""0.01"":3,""0.1"":3,""1.0"":1}",1.002566,False,unavailable,w34:p5,unavailable,positive-part maximum,first in producer sample order; tie count unavailable,unavailable,unavailable,16253,16256
1b91b6d6beb187aaf9103cdc,zsre,v0_live_C2,1,103,1000,full_validation,capoff,loss,complete,245237,245237,0.0021755206,0.0022019952,0.044039903,0.22019952,40.966743,"{""0.01"":{""count"":34,""denominator"":245237},""0.1"":{""count"":33,""denominator"":245237},""1.0"":{""count"":26,""denominator"":245237}}",1.0021779,False,40.966743,w34:p5,1,signed maximum,first in producer window/position order; exact equality,"{""count"":245193,""denominator"":245237}","{""count"":245202,""denominator"":245237}",unavailable,unavailable
1b91b6d6beb187aaf9103cdc,zsre,v0_live_C2,1,103,1000,full_validation,capoff,kl,complete,245237,245237,0.0022236775,0.0022236775,0.044473549,0.22236775,40.459121,"{""0.01"":{""count"":44,""denominator"":245237},""0.1"":{""count"":36,""denominator"":245237},""1.0"":{""count"":28,""denominator"":245237}}",unavailable,unavailable,40.459121,w34:p5,1,signed maximum,first in producer window/position order; exact equality,"{""count"":245193,""denominator"":245237}","{""count"":245193,""denominator"":245237}",unavailable,unavailable
1b91b6d6beb187aaf9103cdc,zsre,v0_live_C2,1,103,1000,full_validation,original,loss,complete,245237,245237,0.0021755206,0.0022019952,0.044039903,0.22019952,40.966743,"{""0.01"":{""count"":34,""denominator"":245237},""0.1"":{""count"":33,""denominator"":245237},""1.0"":{""count"":26,""denominator"":245237}}",1.0021779,False,40.966743,w34:p5,1,signed maximum,first in producer window/position order; exact equality,"{""count"":245193,""denominator"":245237}","{""count"":245202,""denominator"":245237}",unavailable,unavailable
1b91b6d6beb187aaf9103cdc,zsre,v0_live_C2,1,103,1000,full_validation,original,kl,complete,245237,245237,0.0022236775,0.0022236775,0.044473549,0.22236775,40.459121,"{""0.01"":{""count"":44,""denominator"":245237},""0.1"":{""count"":36,""denominator"":245237},""1.0"":{""count"":28,""denominator"":245237}}",unavailable,unavailable,40.459121,w34:p5,1,signed maximum,first in producer window/position order; exact equality,"{""count"":245193,""denominator"":245237}","{""count"":245193,""denominator"":245237}",unavailable,unavailable
9a600f5f46fa47c339ccb4d1,zsre,v0_live_C2,1,104,100,sampled_drift,original,loss,complete,16256,16256,0,0,0,0,0,"{""0.01"":0,""0.1"":0,""1.0"":0}",1,False,unavailable,w0:p1,unavailable,positive-part maximum,first in producer sample order; tie count unavailable,unavailable,unavailable,16256,16256
9a600f5f46fa47c339ccb4d1,zsre,v0_live_C2,1,104,100,sampled_drift,capoff,loss,complete,16256,16256,0,0,0,0,0,"{""0.01"":0,""0.1"":0,""1.0"":0}",1,False,unavailable,w0:p1,unavailable,positive-part maximum,first in producer sample order; tie count unavailable,unavailable,unavailable,16256,16256
9a600f5f46fa47c339ccb4d1,zsre,v0_live_C2,1,104,300,sampled_drift,original,loss,complete,16256,16256,0,0,0,0,0,"{""0.01"":0,""0.1"":0,""1.0"":0}",1,False,unavailable,w0:p1,unavailable,positive-part maximum,first in producer sample order; tie count unavailable,unavailable,unavailable,16256,16256
9a600f5f46fa47c339ccb4d1,zsre,v0_live_C2,1,104,300,sampled_drift,capoff,loss,complete,16256,16256,0,0,0,0,0,"{""0.01"":0,""0.1"":0,""1.0"":0}",1,False,unavailable,w0:p1,unavailable,positive-part maximum,first in producer sample order; tie count unavailable,unavailable,unavailable,16256,16256
9a600f5f46fa47c339ccb4d1,zsre,v0_live_C2,1,104,1000,sampled_drift,original,loss,complete,16256,16256,0.0025626996,0.0025626996,0.051253992,0.25626996,40.966743,"{""0.01"":3,""0.1"":3,""1.0"":1}",1.002566,False,unavailable,w34:p5,unavailable,positive-part maximum,first in producer sample order; tie count unavailable,unavailable,unavailable,16253,16256
9a600f5f46fa47c339ccb4d1,zsre,v0_live_C2,1,104,1000,sampled_drift,capoff,loss,complete,16256,16256,0.0025626996,0.0025626996,0.051253992,0.25626996,40.966743,"{""0.01"":3,""0.1"":3,""1.0"":1}",1.002566,False,unavailable,w34:p5,unavailable,positive-part maximum,first in producer sample order; tie count unavailable,unavailable,unavailable,16253,16256
9a600f5f46fa47c339ccb4d1,zsre,v0_live_C2,1,104,1000,full_validation,capoff,loss,complete,245237,245237,0.0020251027,0.0020345308,0.040690616,0.20345308,40.966743,"{""0.01"":{""count"":26,""denominator"":245237},""0.1"":{""count"":25,""denominator"":245237},""1.0"":{""count"":21,""denominator"":245237}}",1.0020272,False,40.966743,w34:p5,1,signed maximum,first in producer window/position order; exact equality,"{""count"":245208,""denominator"":245237}","{""count"":245211,""denominator"":245237}",unavailable,unavailable
9a600f5f46fa47c339ccb4d1,zsre,v0_live_C2,1,104,1000,full_validation,capoff,kl,complete,245237,245237,0.0020648719,0.0020648719,0.041297437,0.20648719,40.459121,"{""0.01"":{""count"":29,""denominator"":245237},""0.1"":{""count"":27,""denominator"":245237},""1.0"":{""count"":22,""denominator"":245237}}",unavailable,unavailable,40.459121,w34:p5,1,signed maximum,first in producer window/position order; exact equality,"{""count"":245208,""denominator"":245237}","{""count"":245208,""denominator"":245237}",unavailable,unavailable
9a600f5f46fa47c339ccb4d1,zsre,v0_live_C2,1,104,1000,full_validation,original,loss,complete,245237,245237,0.0020251027,0.0020345308,0.040690616,0.20345308,40.966743,"{""0.01"":{""count"":26,""denominator"":245237},""0.1"":{""count"":25,""denominator"":245237},""1.0"":{""count"":21,""denominator"":245237}}",1.0020272,False,40.966743,w34:p5,1,signed maximum,first in producer window/position order; exact equality,"{""count"":245208,""denominator"":245237}","{""count"":245211,""denominator"":245237}",unavailable,unavailable
9a600f5f46fa47c339ccb4d1,zsre,v0_live_C2,1,104,1000,full_validation,original,kl,complete,245237,245237,0.0020648719,0.0020648719,0.041297437,0.20648719,40.459121,"{""0.01"":{""count"":29,""denominator"":245237},""0.1"":{""count"":27,""denominator"":245237},""1.0"":{""count"":22,""denominator"":245237}}",unavailable,unavailable,40.459121,w34:p5,1,signed maximum,first in producer window/position order; exact equality,"{""count"":245208,""denominator"":245237}","{""count"":245208,""denominator"":245237}",unavailable,unavailable
635bac1c845730dae487891a,zsre,v0_live_C2,2,100,100,sampled_drift,original,loss,complete,16256,16256,0.00049266079,0.00049266079,0.0098532159,0.049266079,8.0086939,"{""0.01"":1,""0.1"":1,""1.0"":1}",1.0004928,False,unavailable,w15:p36,unavailable,positive-part maximum,first in producer sample order; tie count unavailable,unavailable,unavailable,16255,16256
635bac1c845730dae487891a,zsre,v0_live_C2,2,100,100,sampled_drift,capoff,loss,complete,16256,16256,0.00049266079,0.00049266079,0.0098532159,0.049266079,8.0086939,"{""0.01"":1,""0.1"":1,""1.0"":1}",1.0004928,False,unavailable,w15:p36,unavailable,positive-part maximum,first in producer sample order; tie count unavailable,unavailable,unavailable,16255,16256
635bac1c845730dae487891a,zsre,v0_live_C2,2,100,300,sampled_drift,original,loss,complete,16256,16256,0,0,0,0,0,"{""0.01"":0,""0.1"":0,""1.0"":0}",1,False,unavailable,w0:p1,unavailable,positive-part maximum,first in producer sample order; tie count unavailable,unavailable,unavailable,16256,16256
635bac1c845730dae487891a,zsre,v0_live_C2,2,100,300,sampled_drift,capoff,loss,complete,16256,16256,0,0,0,0,0,"{""0.01"":0,""0.1"":0,""1.0"":0}",1,False,unavailable,w0:p1,unavailable,positive-part maximum,first in producer sample order; tie count unavailable,unavailable,unavailable,16256,16256
635bac1c845730dae487891a,zsre,v0_live_C2,2,100,1000,sampled_drift,original,loss,complete,16256,16256,0,0,0,0,0,"{""0.01"":0,""0.1"":0,""1.0"":0}",1,False,unavailable,w0:p1,unavailable,positive-part maximum,first in producer sample order; tie count unavailable,unavailable,unavailable,16256,16256
635bac1c845730dae487891a,zsre,v0_live_C2,2,100,1000,sampled_drift,capoff,loss,complete,16256,16256,0,0,0,0,0,"{""0.01"":0,""0.1"":0,""1.0"":0}",1,False,unavailable,w0:p1,unavailable,positive-part maximum,first in producer sample order; tie count unavailable,unavailable,unavailable,16256,16256
635bac1c845730dae487891a,zsre,v0_live_C2,2,100,1000,full_validation,capoff,loss,complete,245237,245237,0.0039932656,0.0040191686,0.080383373,0.40191686,44.938939,"{""0.01"":{""count"":63,""denominator"":245237},""0.1"":{""count"":57,""denominator"":245237},""1.0"":{""count"":49,""denominator"":245237}}",1.0040012,False,44.938939,w1621:p38,1,signed maximum,first in producer window/position order; exact equality,"{""count"":245159,""denominator"":245237}","{""count"":245174,""denominator"":245237}",unavailable,unavailable
635bac1c845730dae487891a,zsre,v0_live_C2,2,100,1000,full_validation,capoff,kl,complete,245237,245237,0.0037033658,0.0037033658,0.074067315,0.37033658,42.396301,"{""0.01"":{""count"":78,""denominator"":245237},""0.1"":{""count"":62,""denominator"":245237},""1.0"":{""count"":44,""denominator"":245237}}",unavailable,unavailable,42.396301,w892:p19,1,signed maximum,first in producer window/position order; exact equality,"{""count"":245159,""denominator"":245237}","{""count"":245159,""denominator"":245237}",unavailable,unavailable
635bac1c845730dae487891a,zsre,v0_live_C2,2,100,1000,full_validation,original,loss,complete,245237,245237,0.0039932656,0.0040191686,0.080383373,0.40191686,44.938939,"{""0.01"":{""count"":63,""denominator"":245237},""0.1"":{""count"":57,""denominator"":245237},""1.0"":{""count"":49,""denominator"":245237}}",1.0040012,False,44.938939,w1621:p38,1,signed maximum,first in producer window/position order; exact equality,"{""count"":245159,""denominator"":245237}","{""count"":245174,""denominator"":245237}",unavailable,unavailable
635bac1c845730dae487891a,zsre,v0_live_C2,2,100,1000,full_validation,original,kl,complete,245237,245237,0.0037033658,0.0037033658,0.074067315,0.37033658,42.396301,"{""0.01"":{""count"":78,""denominator"":245237},""0.1"":{""count"":62,""denominator"":245237},""1.0"":{""count"":44,""denominator"":245237}}",unavailable,unavailable,42.396301,w892:p19,1,signed maximum,first in producer window/position order; exact equality,"{""count"":245159,""denominator"":245237}","{""count"":245159,""denominator"":245237}",unavailable,unavailable
031ae1822109079d3cddb520,zsre,v0_live_C2,2,101,100,sampled_drift,original,loss,complete,16256,16256,0,0,0,0,0,"{""0.01"":0,""0.1"":0,""1.0"":0}",1,False,unavailable,w0:p1,unavailable,positive-part maximum,first in producer sample order; tie count unavailable,unavailable,unavailable,16256,16256
031ae1822109079d3cddb520,zsre,v0_live_C2,2,101,100,sampled_drift,capoff,loss,complete,16256,16256,0,0,0,0,0,"{""0.01"":0,""0.1"":0,""1.0"":0}",1,False,unavailable,w0:p1,unavailable,positive-part maximum,first in producer sample order; tie count unavailable,unavailable,unavailable,16256,16256
031ae1822109079d3cddb520,zsre,v0_live_C2,2,101,300,sampled_drift,original,loss,complete,16256,16256,0,0,0,0,0,"{""0.01"":0,""0.1"":0,""1.0"":0}",1,False,unavailable,w0:p1,unavailable,positive-part maximum,first in producer sample order; tie count unavailable,unavailable,unavailable,16256,16256
031ae1822109079d3cddb520,zsre,v0_live_C2,2,101,300,sampled_drift,capoff,loss,complete,16256,16256,0,0,0,0,0,"{""0.01"":0,""0.1"":0,""1.0"":0}",1,False,unavailable,w0:p1,unavailable,positive-part maximum,first in producer sample order; tie count unavailable,unavailable,unavailable,16256,16256
031ae1822109079d3cddb520,zsre,v0_live_C2,2,101,1000,sampled_drift,original,loss,complete,16256,16256,0,0,0,0,0,"{""0.01"":0,""0.1"":0,""1.0"":0}",1,False,unavailable,w0:p1,unavailable,positive-part maximum,first in producer sample order; tie count unavailable,unavailable,unavailable,16256,16256
031ae1822109079d3cddb520,zsre,v0_live_C2,2,101,1000,sampled_drift,capoff,loss,complete,16256,16256,0,0,0,0,0,"{""0.01"":0,""0.1"":0,""1.0"":0}",1,False,unavailable,w0:p1,unavailable,positive-part maximum,first in producer sample order; tie count unavailable,unavailable,unavailable,16256,16256
031ae1822109079d3cddb520,zsre,v0_live_C2,2,101,1000,full_validation,capoff,loss,complete,245237,245237,0.0028730129,0.0028855224,0.057710449,0.28855224,50.597466,"{""0.01"":{""count"":36,""denominator"":245237},""0.1"":{""count"":36,""denominator"":245237},""1.0"":{""count"":33,""denominator"":245237}}",1.0028771,False,50.597466,w1735:p6,1,signed maximum,first in producer window/position order; exact equality,"{""count"":245198,""denominator"":245237}","{""count"":245201,""denominator"":245237}",unavailable,unavailable
031ae1822109079d3cddb520,zsre,v0_live_C2,2,101,1000,full_validation,capoff,kl,complete,245237,245237,0.0028324181,0.0028324181,0.056648363,0.28324181,47.071866,"{""0.01"":{""count"":39,""denominator"":245237},""0.1"":{""count"":39,""denominator"":245237},""1.0"":{""count"":35,""denominator"":245237}}",unavailable,unavailable,47.071866,w1735:p6,1,signed maximum,first in producer window/position order; exact equality,"{""count"":245198,""denominator"":245237}","{""count"":245198,""denominator"":245237}",unavailable,unavailable
031ae1822109079d3cddb520,zsre,v0_live_C2,2,101,1000,full_validation,original,loss,complete,245237,245237,0.0028730129,0.0028855224,0.057710449,0.28855224,50.597466,"{""0.01"":{""count"":36,""denominator"":245237},""0.1"":{""count"":36,""denominator"":245237},""1.0"":{""count"":33,""denominator"":245237}}",1.0028771,False,50.597466,w1735:p6,1,signed maximum,first in producer window/position order; exact equality,"{""count"":245198,""denominator"":245237}","{""count"":245201,""denominator"":245237}",unavailable,unavailable
031ae1822109079d3cddb520,zsre,v0_live_C2,2,101,1000,full_validation,original,kl,complete,245237,245237,0.0028324181,0.0028324181,0.056648363,0.28324181,47.071866,"{""0.01"":{""count"":39,""denominator"":245237},""0.1"":{""count"":39,""denominator"":245237},""1.0"":{""count"":35,""denominator"":245237}}",unavailable,unavailable,47.071866,w1735:p6,1,signed maximum,first in producer window/position order; exact equality,"{""count"":245198,""denominator"":245237}","{""count"":245198,""denominator"":245237}",unavailable,unavailable
3435ab1a884c517b32867161,zsre,v0_live_C2,2,102,100,sampled_drift,original,loss,complete,16256,16256,0,0,0,0,0,"{""0.01"":0,""0.1"":0,""1.0"":0}",1,False,unavailable,w0:p1,unavailable,positive-part maximum,first in producer sample order; tie count unavailable,unavailable,unavailable,16256,16256
3435ab1a884c517b32867161,zsre,v0_live_C2,2,102,100,sampled_drift,capoff,loss,complete,16256,16256,0,0,0,0,0,"{""0.01"":0,""0.1"":0,""1.0"":0}",1,False,unavailable,w0:p1,unavailable,positive-part maximum,first in producer sample order; tie count unavailable,unavailable,unavailable,16256,16256
3435ab1a884c517b32867161,zsre,v0_live_C2,2,102,300,sampled_drift,original,loss,complete,16256,16256,0.00079973344,0.00079973344,0.015994669,0.079973344,13.000467,"{""0.01"":1,""0.1"":1,""1.0"":1}",1.0008001,False,unavailable,w14:p93,unavailable,positive-part maximum,first in producer sample order; tie count unavailable,unavailable,unavailable,16255,16256
3435ab1a884c517b32867161,zsre,v0_live_C2,2,102,300,sampled_drift,capoff,loss,complete,16256,16256,0.00079973344,0.00079973344,0.015994669,0.079973344,13.000467,"{""0.01"":1,""0.1"":1,""1.0"":1}",1.0008001,False,unavailable,w14:p93,unavailable,positive-part maximum,first in producer sample order; tie count unavailable,unavailable,unavailable,16255,16256
3435ab1a884c517b32867161,zsre,v0_live_C2,2,102,1000,sampled_drift,original,loss,complete,16256,16256,0,0,0,0,0,"{""0.01"":0,""0.1"":0,""1.0"":0}",1,False,unavailable,w0:p1,unavailable,positive-part maximum,first in producer sample order; tie count unavailable,unavailable,unavailable,16256,16256
3435ab1a884c517b32867161,zsre,v0_live_C2,2,102,1000,sampled_drift,capoff,loss,complete,16256,16256,0,0,0,0,0,"{""0.01"":0,""0.1"":0,""1.0"":0}",1,False,unavailable,w0:p1,unavailable,positive-part maximum,first in producer sample order; tie count unavailable,unavailable,unavailable,16256,16256
3435ab1a884c517b32867161,zsre,v0_live_C2,2,102,1000,full_validation,capoff,loss,complete,245237,245237,0.0035908658,0.0035932477,0.071864954,0.35932477,50.597466,"{""0.01"":{""count"":45,""denominator"":245237},""0.1"":{""count"":45,""denominator"":245237},""1.0"":{""count"":41,""denominator"":245237}}",1.0035973,False,50.597466,w1735:p6,1,signed maximum,first in producer window/position order; exact equality,"{""count"":245189,""denominator"":245237}","{""count"":245192,""denominator"":245237}",unavailable,unavailable
3435ab1a884c517b32867161,zsre,v0_live_C2,2,102,1000,full_validation,capoff,kl,complete,245237,245237,0.0034919806,0.0034919806,0.069839612,0.34919806,47.071866,"{""0.01"":{""count"":48,""denominator"":245237},""0.1"":{""count"":46,""denominator"":245237},""1.0"":{""count"":43,""denominator"":245237}}",unavailable,unavailable,47.071866,w1735:p6,1,signed maximum,first in producer window/position order; exact equality,"{""count"":245189,""denominator"":245237}","{""count"":245189,""denominator"":245237}",unavailable,unavailable
3435ab1a884c517b32867161,zsre,v0_live_C2,2,102,1000,full_validation,original,loss,complete,245237,245237,0.0035908658,0.0035932477,0.071864954,0.35932477,50.597466,"{""0.01"":{""count"":45,""denominator"":245237},""0.1"":{""count"":45,""denominator"":245237},""1.0"":{""count"":41,""denominator"":245237}}",1.0035973,False,50.597466,w1735:p6,1,signed maximum,first in producer window/position order; exact equality,"{""count"":245189,""denominator"":245237}","{""count"":245192,""denominator"":245237}",unavailable,unavailable
3435ab1a884c517b32867161,zsre,v0_live_C2,2,102,1000,full_validation,original,kl,complete,245237,245237,0.0034919806,0.0034919806,0.069839612,0.34919806,47.071866,"{""0.01"":{""count"":48,""denominator"":245237},""0.1"":{""count"":46,""denominator"":245237},""1.0"":{""count"":43,""denominator"":245237}}",unavailable,unavailable,47.071866,w1735:p6,1,signed maximum,first in producer window/position order; exact equality,"{""count"":245189,""denominator"":245237}","{""count"":245189,""denominator"":245237}",unavailable,unavailable
09d4451a2a5b030d1853c267,zsre,v0_live_C2,2,103,100,sampled_drift,original,loss,complete,16256,16256,0,0,0,0,0,"{""0.01"":0,""0.1"":0,""1.0"":0}",1,False,unavailable,w0:p1,unavailable,positive-part maximum,first in producer sample order; tie count unavailable,unavailable,unavailable,16256,16256
09d4451a2a5b030d1853c267,zsre,v0_live_C2,2,103,100,sampled_drift,capoff,loss,complete,16256,16256,0,0,0,0,0,"{""0.01"":0,""0.1"":0,""1.0"":0}",1,False,unavailable,w0:p1,unavailable,positive-part maximum,first in producer sample order; tie count unavailable,unavailable,unavailable,16256,16256
09d4451a2a5b030d1853c267,zsre,v0_live_C2,2,103,300,sampled_drift,original,loss,complete,16256,16256,3.3385711e-05,3.3385711e-05,0.00066771423,0.0033385711,0.54271813,"{""0.01"":1,""0.1"":1,""1.0"":0}",1.0000334,False,unavailable,w23:p7,unavailable,positive-part maximum,first in producer sample order; tie count unavailable,unavailable,unavailable,16255,16256
09d4451a2a5b030d1853c267,zsre,v0_live_C2,2,103,300,sampled_drift,capoff,loss,complete,16256,16256,3.3385711e-05,3.3385711e-05,0.00066771423,0.0033385711,0.54271813,"{""0.01"":1,""0.1"":1,""1.0"":0}",1.0000334,False,unavailable,w23:p7,unavailable,positive-part maximum,first in producer sample order; tie count unavailable,unavailable,unavailable,16255,16256
09d4451a2a5b030d1853c267,zsre,v0_live_C2,2,103,1000,sampled_drift,original,loss,complete,16256,16256,0.0024463773,0.0024463773,0.048927546,0.24463773,10.583132,"{""0.01"":4,""0.1"":4,""1.0"":4}",1.0024494,False,unavailable,w127:p91,unavailable,positive-part maximum,first in producer sample order; tie count unavailable,unavailable,unavailable,16252,16256
09d4451a2a5b030d1853c267,zsre,v0_live_C2,2,103,1000,sampled_drift,capoff,loss,complete,16256,16256,0.0024463773,0.0024463773,0.048927546,0.24463773,10.583132,"{""0.01"":4,""0.1"":4,""1.0"":4}",1.0024494,False,unavailable,w127:p91,unavailable,positive-part maximum,first in producer sample order; tie count unavailable,unavailable,unavailable,16252,16256
09d4451a2a5b030d1853c267,zsre,v0_live_C2,2,103,1000,full_validation,capoff,loss,complete,245237,245237,0.0052446686,0.0052491384,0.10498277,0.52491384,50.597466,"{""0.01"":{""count"":80,""denominator"":245237},""0.1"":{""count"":80,""denominator"":245237},""1.0"":{""count"":78,""denominator"":245237}}",1.0052584,False,50.597466,w1735:p6,1,signed maximum,first in producer window/position order; exact equality,"{""count"":245155,""denominator"":245237}","{""count"":245157,""denominator"":245237}",unavailable,unavailable
09d4451a2a5b030d1853c267,zsre,v0_live_C2,2,103,1000,full_validation,capoff,kl,complete,245237,245237,0.005069429,0.005069429,0.10138858,0.5069429,47.071866,"{""0.01"":{""count"":82,""denominator"":245237},""0.1"":{""count"":81,""denominator"":245237},""1.0"":{""count"":79,""denominator"":245237}}",unavailable,unavailable,47.071866,w1735:p6,1,signed maximum,first in producer window/position order; exact equality,"{""count"":245155,""denominator"":245237}","{""count"":245155,""denominator"":245237}",unavailable,unavailable
09d4451a2a5b030d1853c267,zsre,v0_live_C2,2,103,1000,full_validation,original,loss,complete,245237,245237,0.0052446686,0.0052491384,0.10498277,0.52491384,50.597466,"{""0.01"":{""count"":80,""denominator"":245237},""0.1"":{""count"":80,""denominator"":245237},""1.0"":{""count"":78,""denominator"":245237}}",1.0052584,False,50.597466,w1735:p6,1,signed maximum,first in producer window/position order; exact equality,"{""count"":245155,""denominator"":245237}","{""count"":245157,""denominator"":245237}",unavailable,unavailable
09d4451a2a5b030d1853c267,zsre,v0_live_C2,2,103,1000,full_validation,original,kl,complete,245237,245237,0.005069429,0.005069429,0.10138858,0.5069429,47.071866,"{""0.01"":{""count"":82,""denominator"":245237},""0.1"":{""count"":81,""denominator"":245237},""1.0"":{""count"":79,""denominator"":245237}}",unavailable,unavailable,47.071866,w1735:p6,1,signed maximum,first in producer window/position order; exact equality,"{""count"":245155,""denominator"":245237}","{""count"":245155,""denominator"":245237}",unavailable,unavailable
fa309fa719c353f20a813699,zsre,v0_live_C2,2,104,100,sampled_drift,original,loss,complete,16256,16256,0,0,0,0,0,"{""0.01"":0,""0.1"":0,""1.0"":0}",1,False,unavailable,w0:p1,unavailable,positive-part maximum,first in producer sample order; tie count unavailable,unavailable,unavailable,16256,16256
fa309fa719c353f20a813699,zsre,v0_live_C2,2,104,100,sampled_drift,capoff,loss,complete,16256,16256,0,0,0,0,0,"{""0.01"":0,""0.1"":0,""1.0"":0}",1,False,unavailable,w0:p1,unavailable,positive-part maximum,first in producer sample order; tie count unavailable,unavailable,unavailable,16256,16256
fa309fa719c353f20a813699,zsre,v0_live_C2,2,104,300,sampled_drift,original,loss,complete,16256,16256,0.00096951802,0.00096951802,0.01939036,0.096951802,15.760485,"{""0.01"":1,""0.1"":1,""1.0"":1}",1.00097,False,unavailable,w14:p93,unavailable,positive-part maximum,first in producer sample order; tie count unavailable,unavailable,unavailable,16255,16256
fa309fa719c353f20a813699,zsre,v0_live_C2,2,104,300,sampled_drift,capoff,loss,complete,16256,16256,0.00096951802,0.00096951802,0.01939036,0.096951802,15.760485,"{""0.01"":1,""0.1"":1,""1.0"":1}",1.00097,False,unavailable,w14:p93,unavailable,positive-part maximum,first in producer sample order; tie count unavailable,unavailable,unavailable,16255,16256
fa309fa719c353f20a813699,zsre,v0_live_C2,2,104,1000,sampled_drift,original,loss,complete,16256,16256,4.2162741e-05,4.2162741e-05,0.00084325482,0.0042162741,0.52493498,"{""0.01"":2,""0.1"":2,""1.0"":0}",1.0000422,False,unavailable,w23:p7,unavailable,positive-part maximum,first in producer sample order; tie count unavailable,unavailable,unavailable,16254,16256
fa309fa719c353f20a813699,zsre,v0_live_C2,2,104,1000,sampled_drift,capoff,loss,complete,16256,16256,4.2162741e-05,4.2162741e-05,0.00084325482,0.0042162741,0.52493498,"{""0.01"":2,""0.1"":2,""1.0"":0}",1.0000422,False,unavailable,w23:p7,unavailable,positive-part maximum,first in producer sample order; tie count unavailable,unavailable,unavailable,16254,16256
fa309fa719c353f20a813699,zsre,v0_live_C2,2,104,1000,full_validation,capoff,loss,complete,245237,245237,0.0030098935,0.0030178662,0.060357323,0.30178662,50.597466,"{""0.01"":{""count"":37,""denominator"":245237},""0.1"":{""count"":37,""denominator"":245237},""1.0"":{""count"":32,""denominator"":245237}}",1.0030144,False,50.597466,w1735:p6,1,signed maximum,first in producer window/position order; exact equality,"{""count"":245198,""denominator"":245237}","{""count"":245200,""denominator"":245237}",unavailable,unavailable
fa309fa719c353f20a813699,zsre,v0_live_C2,2,104,1000,full_validation,capoff,kl,complete,245237,245237,0.0030180488,0.0030180488,0.060360976,0.30180488,47.071866,"{""0.01"":{""count"":39,""denominator"":245237},""0.1"":{""count"":37,""denominator"":245237},""1.0"":{""count"":34,""denominator"":245237}}",unavailable,unavailable,47.071866,w1735:p6,1,signed maximum,first in producer window/position order; exact equality,"{""count"":245198,""denominator"":245237}","{""count"":245198,""denominator"":245237}",unavailable,unavailable
fa309fa719c353f20a813699,zsre,v0_live_C2,2,104,1000,full_validation,original,loss,complete,245237,245237,0.0030098935,0.0030178662,0.060357323,0.30178662,50.597466,"{""0.01"":{""count"":37,""denominator"":245237},""0.1"":{""count"":37,""denominator"":245237},""1.0"":{""count"":32,""denominator"":245237}}",1.0030144,False,50.597466,w1735:p6,1,signed maximum,first in producer window/position order; exact equality,"{""count"":245198,""denominator"":245237}","{""count"":245200,""denominator"":245237}",unavailable,unavailable
fa309fa719c353f20a813699,zsre,v0_live_C2,2,104,1000,full_validation,original,kl,complete,245237,245237,0.0030180488,0.0030180488,0.060360976,0.30180488,47.071866,"{""0.01"":{""count"":39,""denominator"":245237},""0.1"":{""count"":37,""denominator"":245237},""1.0"":{""count"":34,""denominator"":245237}}",unavailable,unavailable,47.071866,w1735:p6,1,signed maximum,first in producer window/position order; exact equality,"{""count"":245198,""denominator"":245237}","{""count"":245198,""denominator"":245237}",unavailable,unavailable
03ee79b7cf8d02ddb7baeea3,counterfact,v0_live_C2,0,100,100,sampled_drift,original,loss,complete,16256,16256,0,0,0,0,0,"{""0.01"":0,""0.1"":0,""1.0"":0}",1,False,unavailable,w0:p1,unavailable,positive-part maximum,first in producer sample order; tie count unavailable,unavailable,unavailable,16256,16256
03ee79b7cf8d02ddb7baeea3,counterfact,v0_live_C2,0,100,100,sampled_drift,capoff,loss,complete,16256,16256,0,0,0,0,0,"{""0.01"":0,""0.1"":0,""1.0"":0}",1,False,unavailable,w0:p1,unavailable,positive-part maximum,first in producer sample order; tie count unavailable,unavailable,unavailable,16256,16256
03ee79b7cf8d02ddb7baeea3,counterfact,v0_live_C2,0,100,300,sampled_drift,original,loss,complete,16256,16256,0,0,0,0,0,"{""0.01"":0,""0.1"":0,""1.0"":0}",1,False,unavailable,w0:p1,unavailable,positive-part maximum,first in producer sample order; tie count unavailable,unavailable,unavailable,16256,16256
03ee79b7cf8d02ddb7baeea3,counterfact,v0_live_C2,0,100,300,sampled_drift,capoff,loss,complete,16256,16256,0,0,0,0,0,"{""0.01"":0,""0.1"":0,""1.0"":0}",1,False,unavailable,w0:p1,unavailable,positive-part maximum,first in producer sample order; tie count unavailable,unavailable,unavailable,16256,16256
03ee79b7cf8d02ddb7baeea3,counterfact,v0_live_C2,0,100,1000,sampled_drift,original,loss,complete,16256,16256,0,0,0,0,0,"{""0.01"":0,""0.1"":0,""1.0"":0}",1,False,unavailable,w0:p1,unavailable,positive-part maximum,first in producer sample order; tie count unavailable,unavailable,unavailable,16256,16256
03ee79b7cf8d02ddb7baeea3,counterfact,v0_live_C2,0,100,1000,sampled_drift,capoff,loss,complete,16256,16256,0,0,0,0,0,"{""0.01"":0,""0.1"":0,""1.0"":0}",1,False,unavailable,w0:p1,unavailable,positive-part maximum,first in producer sample order; tie count unavailable,unavailable,unavailable,16256,16256
03ee79b7cf8d02ddb7baeea3,counterfact,v0_live_C2,0,100,1000,full_validation,capoff,loss,complete,245237,245237,0,0,0,0,0,"{""0.01"":{""count"":0,""denominator"":245237},""0.1"":{""count"":0,""denominator"":245237},""1.0"":{""count"":0,""denominator"":245237}}",1,False,0,w0:p1,245237,signed maximum,first in producer window/position order; exact equality,"{""count"":245237,""denominator"":245237}","{""count"":245237,""denominator"":245237}",unavailable,unavailable
03ee79b7cf8d02ddb7baeea3,counterfact,v0_live_C2,0,100,1000,full_validation,capoff,kl,complete,245237,245237,0,0,0,0,0,"{""0.01"":{""count"":0,""denominator"":245237},""0.1"":{""count"":0,""denominator"":245237},""1.0"":{""count"":0,""denominator"":245237}}",unavailable,unavailable,0,w0:p1,245237,signed maximum,first in producer window/position order; exact equality,"{""count"":245237,""denominator"":245237}","{""count"":245237,""denominator"":245237}",unavailable,unavailable
03ee79b7cf8d02ddb7baeea3,counterfact,v0_live_C2,0,100,1000,full_validation,original,loss,complete,245237,245237,0,0,0,0,0,"{""0.01"":{""count"":0,""denominator"":245237},""0.1"":{""count"":0,""denominator"":245237},""1.0"":{""count"":0,""denominator"":245237}}",1,False,0,w0:p1,245237,signed maximum,first in producer window/position order; exact equality,"{""count"":245237,""denominator"":245237}","{""count"":245237,""denominator"":245237}",unavailable,unavailable
03ee79b7cf8d02ddb7baeea3,counterfact,v0_live_C2,0,100,1000,full_validation,original,kl,complete,245237,245237,0,0,0,0,0,"{""0.01"":{""count"":0,""denominator"":245237},""0.1"":{""count"":0,""denominator"":245237},""1.0"":{""count"":0,""denominator"":245237}}",unavailable,unavailable,0,w0:p1,245237,signed maximum,first in producer window/position order; exact equality,"{""count"":245237,""denominator"":245237}","{""count"":245237,""denominator"":245237}",unavailable,unavailable
37aa09141ddb4b6e8f93f647,counterfact,v0_live_C2,0,101,100,sampled_drift,original,loss,complete,16256,16256,0,0,0,0,0,"{""0.01"":0,""0.1"":0,""1.0"":0}",1,False,unavailable,w0:p1,unavailable,positive-part maximum,first in producer sample order; tie count unavailable,unavailable,unavailable,16256,16256
37aa09141ddb4b6e8f93f647,counterfact,v0_live_C2,0,101,100,sampled_drift,capoff,loss,complete,16256,16256,0,0,0,0,0,"{""0.01"":0,""0.1"":0,""1.0"":0}",1,False,unavailable,w0:p1,unavailable,positive-part maximum,first in producer sample order; tie count unavailable,unavailable,unavailable,16256,16256
37aa09141ddb4b6e8f93f647,counterfact,v0_live_C2,0,101,300,sampled_drift,original,loss,complete,16256,16256,0,0,0,0,0,"{""0.01"":0,""0.1"":0,""1.0"":0}",1,False,unavailable,w0:p1,unavailable,positive-part maximum,first in producer sample order; tie count unavailable,unavailable,unavailable,16256,16256
37aa09141ddb4b6e8f93f647,counterfact,v0_live_C2,0,101,300,sampled_drift,capoff,loss,complete,16256,16256,0,0,0,0,0,"{""0.01"":0,""0.1"":0,""1.0"":0}",1,False,unavailable,w0:p1,unavailable,positive-part maximum,first in producer sample order; tie count unavailable,unavailable,unavailable,16256,16256
37aa09141ddb4b6e8f93f647,counterfact,v0_live_C2,0,101,1000,sampled_drift,original,loss,complete,16256,16256,0,0,0,0,0,"{""0.01"":0,""0.1"":0,""1.0"":0}",1,False,unavailable,w0:p1,unavailable,positive-part maximum,first in producer sample order; tie count unavailable,unavailable,unavailable,16256,16256
37aa09141ddb4b6e8f93f647,counterfact,v0_live_C2,0,101,1000,sampled_drift,capoff,loss,complete,16256,16256,0,0,0,0,0,"{""0.01"":0,""0.1"":0,""1.0"":0}",1,False,unavailable,w0:p1,unavailable,positive-part maximum,first in producer sample order; tie count unavailable,unavailable,unavailable,16256,16256
37aa09141ddb4b6e8f93f647,counterfact,v0_live_C2,0,101,1000,full_validation,capoff,loss,complete,245237,245237,0,0,0,0,0,"{""0.01"":{""count"":0,""denominator"":245237},""0.1"":{""count"":0,""denominator"":245237},""1.0"":{""count"":0,""denominator"":245237}}",1,False,0,w0:p1,245237,signed maximum,first in producer window/position order; exact equality,"{""count"":245237,""denominator"":245237}","{""count"":245237,""denominator"":245237}",unavailable,unavailable
37aa09141ddb4b6e8f93f647,counterfact,v0_live_C2,0,101,1000,full_validation,capoff,kl,complete,245237,245237,0,0,0,0,0,"{""0.01"":{""count"":0,""denominator"":245237},""0.1"":{""count"":0,""denominator"":245237},""1.0"":{""count"":0,""denominator"":245237}}",unavailable,unavailable,0,w0:p1,245237,signed maximum,first in producer window/position order; exact equality,"{""count"":245237,""denominator"":245237}","{""count"":245237,""denominator"":245237}",unavailable,unavailable
37aa09141ddb4b6e8f93f647,counterfact,v0_live_C2,0,101,1000,full_validation,original,loss,complete,245237,245237,0,0,0,0,0,"{""0.01"":{""count"":0,""denominator"":245237},""0.1"":{""count"":0,""denominator"":245237},""1.0"":{""count"":0,""denominator"":245237}}",1,False,0,w0:p1,245237,signed maximum,first in producer window/position order; exact equality,"{""count"":245237,""denominator"":245237}","{""count"":245237,""denominator"":245237}",unavailable,unavailable
37aa09141ddb4b6e8f93f647,counterfact,v0_live_C2,0,101,1000,full_validation,original,kl,complete,245237,245237,0,0,0,0,0,"{""0.01"":{""count"":0,""denominator"":245237},""0.1"":{""count"":0,""denominator"":245237},""1.0"":{""count"":0,""denominator"":245237}}",unavailable,unavailable,0,w0:p1,245237,signed maximum,first in producer window/position order; exact equality,"{""count"":245237,""denominator"":245237}","{""count"":245237,""denominator"":245237}",unavailable,unavailable
c14b2b630688912a588e1cf3,counterfact,v0_live_C2,0,102,100,sampled_drift,original,loss,complete,16256,16256,0,0,0,0,0,"{""0.01"":0,""0.1"":0,""1.0"":0}",1,False,unavailable,w0:p1,unavailable,positive-part maximum,first in producer sample order; tie count unavailable,unavailable,unavailable,16256,16256
c14b2b630688912a588e1cf3,counterfact,v0_live_C2,0,102,100,sampled_drift,capoff,loss,complete,16256,16256,0,0,0,0,0,"{""0.01"":0,""0.1"":0,""1.0"":0}",1,False,unavailable,w0:p1,unavailable,positive-part maximum,first in producer sample order; tie count unavailable,unavailable,unavailable,16256,16256
c14b2b630688912a588e1cf3,counterfact,v0_live_C2,0,102,300,sampled_drift,original,loss,complete,16256,16256,0,0,0,0,0,"{""0.01"":0,""0.1"":0,""1.0"":0}",1,False,unavailable,w0:p1,unavailable,positive-part maximum,first in producer sample order; tie count unavailable,unavailable,unavailable,16256,16256
c14b2b630688912a588e1cf3,counterfact,v0_live_C2,0,102,300,sampled_drift,capoff,loss,complete,16256,16256,0,0,0,0,0,"{""0.01"":0,""0.1"":0,""1.0"":0}",1,False,unavailable,w0:p1,unavailable,positive-part maximum,first in producer sample order; tie count unavailable,unavailable,unavailable,16256,16256
c14b2b630688912a588e1cf3,counterfact,v0_live_C2,0,102,1000,sampled_drift,original,loss,complete,16256,16256,0,0,0,0,0,"{""0.01"":0,""0.1"":0,""1.0"":0}",1,False,unavailable,w0:p1,unavailable,positive-part maximum,first in producer sample order; tie count unavailable,unavailable,unavailable,16256,16256
c14b2b630688912a588e1cf3,counterfact,v0_live_C2,0,102,1000,sampled_drift,capoff,loss,complete,16256,16256,0,0,0,0,0,"{""0.01"":0,""0.1"":0,""1.0"":0}",1,False,unavailable,w0:p1,unavailable,positive-part maximum,first in producer sample order; tie count unavailable,unavailable,unavailable,16256,16256
c14b2b630688912a588e1cf3,counterfact,v0_live_C2,0,102,1000,full_validation,capoff,loss,complete,245237,245237,0,0,0,0,0,"{""0.01"":{""count"":0,""denominator"":245237},""0.1"":{""count"":0,""denominator"":245237},""1.0"":{""count"":0,""denominator"":245237}}",1,False,0,w0:p1,245237,signed maximum,first in producer window/position order; exact equality,"{""count"":245237,""denominator"":245237}","{""count"":245237,""denominator"":245237}",unavailable,unavailable
c14b2b630688912a588e1cf3,counterfact,v0_live_C2,0,102,1000,full_validation,capoff,kl,complete,245237,245237,0,0,0,0,0,"{""0.01"":{""count"":0,""denominator"":245237},""0.1"":{""count"":0,""denominator"":245237},""1.0"":{""count"":0,""denominator"":245237}}",unavailable,unavailable,0,w0:p1,245237,signed maximum,first in producer window/position order; exact equality,"{""count"":245237,""denominator"":245237}","{""count"":245237,""denominator"":245237}",unavailable,unavailable
c14b2b630688912a588e1cf3,counterfact,v0_live_C2,0,102,1000,full_validation,original,loss,complete,245237,245237,0,0,0,0,0,"{""0.01"":{""count"":0,""denominator"":245237},""0.1"":{""count"":0,""denominator"":245237},""1.0"":{""count"":0,""denominator"":245237}}",1,False,0,w0:p1,245237,signed maximum,first in producer window/position order; exact equality,"{""count"":245237,""denominator"":245237}","{""count"":245237,""denominator"":245237}",unavailable,unavailable
c14b2b630688912a588e1cf3,counterfact,v0_live_C2,0,102,1000,full_validation,original,kl,complete,245237,245237,0,0,0,0,0,"{""0.01"":{""count"":0,""denominator"":245237},""0.1"":{""count"":0,""denominator"":245237},""1.0"":{""count"":0,""denominator"":245237}}",unavailable,unavailable,0,w0:p1,245237,signed maximum,first in producer window/position order; exact equality,"{""count"":245237,""denominator"":245237}","{""count"":245237,""denominator"":245237}",unavailable,unavailable
2eda7453d476d16c07a327ed,counterfact,v0_live_C2,0,103,100,sampled_drift,original,loss,complete,16256,16256,0,0,0,0,0,"{""0.01"":0,""0.1"":0,""1.0"":0}",1,False,unavailable,w0:p1,unavailable,positive-part maximum,first in producer sample order; tie count unavailable,unavailable,unavailable,16256,16256
2eda7453d476d16c07a327ed,counterfact,v0_live_C2,0,103,100,sampled_drift,capoff,loss,complete,16256,16256,0,0,0,0,0,"{""0.01"":0,""0.1"":0,""1.0"":0}",1,False,unavailable,w0:p1,unavailable,positive-part maximum,first in producer sample order; tie count unavailable,unavailable,unavailable,16256,16256
2eda7453d476d16c07a327ed,counterfact,v0_live_C2,0,103,300,sampled_drift,original,loss,complete,16256,16256,0,0,0,0,0,"{""0.01"":0,""0.1"":0,""1.0"":0}",1,False,unavailable,w0:p1,unavailable,positive-part maximum,first in producer sample order; tie count unavailable,unavailable,unavailable,16256,16256
2eda7453d476d16c07a327ed,counterfact,v0_live_C2,0,103,300,sampled_drift,capoff,loss,complete,16256,16256,0,0,0,0,0,"{""0.01"":0,""0.1"":0,""1.0"":0}",1,False,unavailable,w0:p1,unavailable,positive-part maximum,first in producer sample order; tie count unavailable,unavailable,unavailable,16256,16256
2eda7453d476d16c07a327ed,counterfact,v0_live_C2,0,103,1000,sampled_drift,original,loss,complete,16256,16256,0,0,0,0,0,"{""0.01"":0,""0.1"":0,""1.0"":0}",1,False,unavailable,w0:p1,unavailable,positive-part maximum,first in producer sample order; tie count unavailable,unavailable,unavailable,16256,16256
2eda7453d476d16c07a327ed,counterfact,v0_live_C2,0,103,1000,sampled_drift,capoff,loss,complete,16256,16256,0,0,0,0,0,"{""0.01"":0,""0.1"":0,""1.0"":0}",1,False,unavailable,w0:p1,unavailable,positive-part maximum,first in producer sample order; tie count unavailable,unavailable,unavailable,16256,16256
2eda7453d476d16c07a327ed,counterfact,v0_live_C2,0,103,1000,full_validation,capoff,loss,complete,245237,245237,0,0,0,0,0,"{""0.01"":{""count"":0,""denominator"":245237},""0.1"":{""count"":0,""denominator"":245237},""1.0"":{""count"":0,""denominator"":245237}}",1,False,0,w0:p1,245237,signed maximum,first in producer window/position order; exact equality,"{""count"":245237,""denominator"":245237}","{""count"":245237,""denominator"":245237}",unavailable,unavailable
2eda7453d476d16c07a327ed,counterfact,v0_live_C2,0,103,1000,full_validation,capoff,kl,complete,245237,245237,0,0,0,0,0,"{""0.01"":{""count"":0,""denominator"":245237},""0.1"":{""count"":0,""denominator"":245237},""1.0"":{""count"":0,""denominator"":245237}}",unavailable,unavailable,0,w0:p1,245237,signed maximum,first in producer window/position order; exact equality,"{""count"":245237,""denominator"":245237}","{""count"":245237,""denominator"":245237}",unavailable,unavailable
2eda7453d476d16c07a327ed,counterfact,v0_live_C2,0,103,1000,full_validation,original,loss,complete,245237,245237,0,0,0,0,0,"{""0.01"":{""count"":0,""denominator"":245237},""0.1"":{""count"":0,""denominator"":245237},""1.0"":{""count"":0,""denominator"":245237}}",1,False,0,w0:p1,245237,signed maximum,first in producer window/position order; exact equality,"{""count"":245237,""denominator"":245237}","{""count"":245237,""denominator"":245237}",unavailable,unavailable
2eda7453d476d16c07a327ed,counterfact,v0_live_C2,0,103,1000,full_validation,original,kl,complete,245237,245237,0,0,0,0,0,"{""0.01"":{""count"":0,""denominator"":245237},""0.1"":{""count"":0,""denominator"":245237},""1.0"":{""count"":0,""denominator"":245237}}",unavailable,unavailable,0,w0:p1,245237,signed maximum,first in producer window/position order; exact equality,"{""count"":245237,""denominator"":245237}","{""count"":245237,""denominator"":245237}",unavailable,unavailable
9a29639c43e873eec6a7d1ac,counterfact,v0_live_C2,0,104,100,sampled_drift,original,loss,complete,16256,16256,0,0,0,0,0,"{""0.01"":0,""0.1"":0,""1.0"":0}",1,False,unavailable,w0:p1,unavailable,positive-part maximum,first in producer sample order; tie count unavailable,unavailable,unavailable,16256,16256
9a29639c43e873eec6a7d1ac,counterfact,v0_live_C2,0,104,100,sampled_drift,capoff,loss,complete,16256,16256,0,0,0,0,0,"{""0.01"":0,""0.1"":0,""1.0"":0}",1,False,unavailable,w0:p1,unavailable,positive-part maximum,first in producer sample order; tie count unavailable,unavailable,unavailable,16256,16256
9a29639c43e873eec6a7d1ac,counterfact,v0_live_C2,0,104,300,sampled_drift,original,loss,complete,16256,16256,0,0,0,0,0,"{""0.01"":0,""0.1"":0,""1.0"":0}",1,False,unavailable,w0:p1,unavailable,positive-part maximum,first in producer sample order; tie count unavailable,unavailable,unavailable,16256,16256
9a29639c43e873eec6a7d1ac,counterfact,v0_live_C2,0,104,300,sampled_drift,capoff,loss,complete,16256,16256,0,0,0,0,0,"{""0.01"":0,""0.1"":0,""1.0"":0}",1,False,unavailable,w0:p1,unavailable,positive-part maximum,first in producer sample order; tie count unavailable,unavailable,unavailable,16256,16256
9a29639c43e873eec6a7d1ac,counterfact,v0_live_C2,0,104,1000,sampled_drift,original,loss,complete,16256,16256,0,0,0,0,0,"{""0.01"":0,""0.1"":0,""1.0"":0}",1,False,unavailable,w0:p1,unavailable,positive-part maximum,first in producer sample order; tie count unavailable,unavailable,unavailable,16256,16256
9a29639c43e873eec6a7d1ac,counterfact,v0_live_C2,0,104,1000,sampled_drift,capoff,loss,complete,16256,16256,0,0,0,0,0,"{""0.01"":0,""0.1"":0,""1.0"":0}",1,False,unavailable,w0:p1,unavailable,positive-part maximum,first in producer sample order; tie count unavailable,unavailable,unavailable,16256,16256
9a29639c43e873eec6a7d1ac,counterfact,v0_live_C2,0,104,1000,full_validation,capoff,loss,complete,245237,245237,0,0,0,0,0,"{""0.01"":{""count"":0,""denominator"":245237},""0.1"":{""count"":0,""denominator"":245237},""1.0"":{""count"":0,""denominator"":245237}}",1,False,0,w0:p1,245237,signed maximum,first in producer window/position order; exact equality,"{""count"":245237,""denominator"":245237}","{""count"":245237,""denominator"":245237}",unavailable,unavailable
9a29639c43e873eec6a7d1ac,counterfact,v0_live_C2,0,104,1000,full_validation,capoff,kl,complete,245237,245237,0,0,0,0,0,"{""0.01"":{""count"":0,""denominator"":245237},""0.1"":{""count"":0,""denominator"":245237},""1.0"":{""count"":0,""denominator"":245237}}",unavailable,unavailable,0,w0:p1,245237,signed maximum,first in producer window/position order; exact equality,"{""count"":245237,""denominator"":245237}","{""count"":245237,""denominator"":245237}",unavailable,unavailable
9a29639c43e873eec6a7d1ac,counterfact,v0_live_C2,0,104,1000,full_validation,original,loss,complete,245237,245237,0,0,0,0,0,"{""0.01"":{""count"":0,""denominator"":245237},""0.1"":{""count"":0,""denominator"":245237},""1.0"":{""count"":0,""denominator"":245237}}",1,False,0,w0:p1,245237,signed maximum,first in producer window/position order; exact equality,"{""count"":245237,""denominator"":245237}","{""count"":245237,""denominator"":245237}",unavailable,unavailable
9a29639c43e873eec6a7d1ac,counterfact,v0_live_C2,0,104,1000,full_validation,original,kl,complete,245237,245237,0,0,0,0,0,"{""0.01"":{""count"":0,""denominator"":245237},""0.1"":{""count"":0,""denominator"":245237},""1.0"":{""count"":0,""denominator"":245237}}",unavailable,unavailable,0,w0:p1,245237,signed maximum,first in producer window/position order; exact equality,"{""count"":245237,""denominator"":245237}","{""count"":245237,""denominator"":245237}",unavailable,unavailable
0362b36136a70031c319de5f,counterfact,v0_live_C2,1,100,100,sampled_drift,original,loss,complete,16256,16256,0,0,0,0,0,"{""0.01"":0,""0.1"":0,""1.0"":0}",1,False,unavailable,w0:p1,unavailable,positive-part maximum,first in producer sample order; tie count unavailable,unavailable,unavailable,16256,16256
0362b36136a70031c319de5f,counterfact,v0_live_C2,1,100,100,sampled_drift,capoff,loss,complete,16256,16256,0,0,0,0,0,"{""0.01"":0,""0.1"":0,""1.0"":0}",1,False,unavailable,w0:p1,unavailable,positive-part maximum,first in producer sample order; tie count unavailable,unavailable,unavailable,16256,16256
0362b36136a70031c319de5f,counterfact,v0_live_C2,1,100,300,sampled_drift,original,loss,complete,16256,16256,0,0,0,0,0,"{""0.01"":0,""0.1"":0,""1.0"":0}",1,False,unavailable,w0:p1,unavailable,positive-part maximum,first in producer sample order; tie count unavailable,unavailable,unavailable,16256,16256
0362b36136a70031c319de5f,counterfact,v0_live_C2,1,100,300,sampled_drift,capoff,loss,complete,16256,16256,0,0,0,0,0,"{""0.01"":0,""0.1"":0,""1.0"":0}",1,False,unavailable,w0:p1,unavailable,positive-part maximum,first in producer sample order; tie count unavailable,unavailable,unavailable,16256,16256
0362b36136a70031c319de5f,counterfact,v0_live_C2,1,100,1000,sampled_drift,original,loss,complete,16256,16256,0,0,0,0,0,"{""0.01"":0,""0.1"":0,""1.0"":0}",1,False,unavailable,w0:p1,unavailable,positive-part maximum,first in producer sample order; tie count unavailable,unavailable,unavailable,16256,16256
0362b36136a70031c319de5f,counterfact,v0_live_C2,1,100,1000,sampled_drift,capoff,loss,complete,16256,16256,0,0,0,0,0,"{""0.01"":0,""0.1"":0,""1.0"":0}",1,False,unavailable,w0:p1,unavailable,positive-part maximum,first in producer sample order; tie count unavailable,unavailable,unavailable,16256,16256
0362b36136a70031c319de5f,counterfact,v0_live_C2,1,100,1000,full_validation,capoff,loss,complete,245237,245237,0,0,0,0,0,"{""0.01"":{""count"":0,""denominator"":245237},""0.1"":{""count"":0,""denominator"":245237},""1.0"":{""count"":0,""denominator"":245237}}",1,False,0,w0:p1,245237,signed maximum,first in producer window/position order; exact equality,"{""count"":245237,""denominator"":245237}","{""count"":245237,""denominator"":245237}",unavailable,unavailable
0362b36136a70031c319de5f,counterfact,v0_live_C2,1,100,1000,full_validation,capoff,kl,complete,245237,245237,0,0,0,0,0,"{""0.01"":{""count"":0,""denominator"":245237},""0.1"":{""count"":0,""denominator"":245237},""1.0"":{""count"":0,""denominator"":245237}}",unavailable,unavailable,0,w0:p1,245237,signed maximum,first in producer window/position order; exact equality,"{""count"":245237,""denominator"":245237}","{""count"":245237,""denominator"":245237}",unavailable,unavailable
0362b36136a70031c319de5f,counterfact,v0_live_C2,1,100,1000,full_validation,original,loss,complete,245237,245237,0,0,0,0,0,"{""0.01"":{""count"":0,""denominator"":245237},""0.1"":{""count"":0,""denominator"":245237},""1.0"":{""count"":0,""denominator"":245237}}",1,False,0,w0:p1,245237,signed maximum,first in producer window/position order; exact equality,"{""count"":245237,""denominator"":245237}","{""count"":245237,""denominator"":245237}",unavailable,unavailable
0362b36136a70031c319de5f,counterfact,v0_live_C2,1,100,1000,full_validation,original,kl,complete,245237,245237,0,0,0,0,0,"{""0.01"":{""count"":0,""denominator"":245237},""0.1"":{""count"":0,""denominator"":245237},""1.0"":{""count"":0,""denominator"":245237}}",unavailable,unavailable,0,w0:p1,245237,signed maximum,first in producer window/position order; exact equality,"{""count"":245237,""denominator"":245237}","{""count"":245237,""denominator"":245237}",unavailable,unavailable
9397f85898818d3dc9d04c1e,counterfact,v0_live_C2,1,101,100,sampled_drift,original,loss,complete,16256,16256,0,0,0,0,0,"{""0.01"":0,""0.1"":0,""1.0"":0}",1,False,unavailable,w0:p1,unavailable,positive-part maximum,first in producer sample order; tie count unavailable,unavailable,unavailable,16256,16256
9397f85898818d3dc9d04c1e,counterfact,v0_live_C2,1,101,100,sampled_drift,capoff,loss,complete,16256,16256,0,0,0,0,0,"{""0.01"":0,""0.1"":0,""1.0"":0}",1,False,unavailable,w0:p1,unavailable,positive-part maximum,first in producer sample order; tie count unavailable,unavailable,unavailable,16256,16256
9397f85898818d3dc9d04c1e,counterfact,v0_live_C2,1,101,300,sampled_drift,original,loss,complete,16256,16256,0,0,0,0,0,"{""0.01"":0,""0.1"":0,""1.0"":0}",1,False,unavailable,w0:p1,unavailable,positive-part maximum,first in producer sample order; tie count unavailable,unavailable,unavailable,16256,16256
9397f85898818d3dc9d04c1e,counterfact,v0_live_C2,1,101,300,sampled_drift,capoff,loss,complete,16256,16256,0,0,0,0,0,"{""0.01"":0,""0.1"":0,""1.0"":0}",1,False,unavailable,w0:p1,unavailable,positive-part maximum,first in producer sample order; tie count unavailable,unavailable,unavailable,16256,16256
9397f85898818d3dc9d04c1e,counterfact,v0_live_C2,1,101,1000,sampled_drift,original,loss,complete,16256,16256,0,0,0,0,0,"{""0.01"":0,""0.1"":0,""1.0"":0}",1,False,unavailable,w0:p1,unavailable,positive-part maximum,first in producer sample order; tie count unavailable,unavailable,unavailable,16256,16256
9397f85898818d3dc9d04c1e,counterfact,v0_live_C2,1,101,1000,sampled_drift,capoff,loss,complete,16256,16256,0,0,0,0,0,"{""0.01"":0,""0.1"":0,""1.0"":0}",1,False,unavailable,w0:p1,unavailable,positive-part maximum,first in producer sample order; tie count unavailable,unavailable,unavailable,16256,16256
9397f85898818d3dc9d04c1e,counterfact,v0_live_C2,1,101,1000,full_validation,capoff,loss,complete,245237,245237,0,0,0,0,0,"{""0.01"":{""count"":0,""denominator"":245237},""0.1"":{""count"":0,""denominator"":245237},""1.0"":{""count"":0,""denominator"":245237}}",1,False,0,w0:p1,245237,signed maximum,first in producer window/position order; exact equality,"{""count"":245237,""denominator"":245237}","{""count"":245237,""denominator"":245237}",unavailable,unavailable
9397f85898818d3dc9d04c1e,counterfact,v0_live_C2,1,101,1000,full_validation,capoff,kl,complete,245237,245237,0,0,0,0,0,"{""0.01"":{""count"":0,""denominator"":245237},""0.1"":{""count"":0,""denominator"":245237},""1.0"":{""count"":0,""denominator"":245237}}",unavailable,unavailable,0,w0:p1,245237,signed maximum,first in producer window/position order; exact equality,"{""count"":245237,""denominator"":245237}","{""count"":245237,""denominator"":245237}",unavailable,unavailable
9397f85898818d3dc9d04c1e,counterfact,v0_live_C2,1,101,1000,full_validation,original,loss,complete,245237,245237,0,0,0,0,0,"{""0.01"":{""count"":0,""denominator"":245237},""0.1"":{""count"":0,""denominator"":245237},""1.0"":{""count"":0,""denominator"":245237}}",1,False,0,w0:p1,245237,signed maximum,first in producer window/position order; exact equality,"{""count"":245237,""denominator"":245237}","{""count"":245237,""denominator"":245237}",unavailable,unavailable
9397f85898818d3dc9d04c1e,counterfact,v0_live_C2,1,101,1000,full_validation,original,kl,complete,245237,245237,0,0,0,0,0,"{""0.01"":{""count"":0,""denominator"":245237},""0.1"":{""count"":0,""denominator"":245237},""1.0"":{""count"":0,""denominator"":245237}}",unavailable,unavailable,0,w0:p1,245237,signed maximum,first in producer window/position order; exact equality,"{""count"":245237,""denominator"":245237}","{""count"":245237,""denominator"":245237}",unavailable,unavailable
4c1b2ab65e6ba3e75ac9b10a,counterfact,v0_live_C2,1,102,100,sampled_drift,original,loss,complete,16256,16256,0,0,0,0,0,"{""0.01"":0,""0.1"":0,""1.0"":0}",1,False,unavailable,w0:p1,unavailable,positive-part maximum,first in producer sample order; tie count unavailable,unavailable,unavailable,16256,16256
4c1b2ab65e6ba3e75ac9b10a,counterfact,v0_live_C2,1,102,100,sampled_drift,capoff,loss,complete,16256,16256,0,0,0,0,0,"{""0.01"":0,""0.1"":0,""1.0"":0}",1,False,unavailable,w0:p1,unavailable,positive-part maximum,first in producer sample order; tie count unavailable,unavailable,unavailable,16256,16256
4c1b2ab65e6ba3e75ac9b10a,counterfact,v0_live_C2,1,102,300,sampled_drift,original,loss,complete,16256,16256,0,0,0,0,0,"{""0.01"":0,""0.1"":0,""1.0"":0}",1,False,unavailable,w0:p1,unavailable,positive-part maximum,first in producer sample order; tie count unavailable,unavailable,unavailable,16256,16256
4c1b2ab65e6ba3e75ac9b10a,counterfact,v0_live_C2,1,102,300,sampled_drift,capoff,loss,complete,16256,16256,0,0,0,0,0,"{""0.01"":0,""0.1"":0,""1.0"":0}",1,False,unavailable,w0:p1,unavailable,positive-part maximum,first in producer sample order; tie count unavailable,unavailable,unavailable,16256,16256
4c1b2ab65e6ba3e75ac9b10a,counterfact,v0_live_C2,1,102,1000,sampled_drift,original,loss,complete,16256,16256,0,0,0,0,0,"{""0.01"":0,""0.1"":0,""1.0"":0}",1,False,unavailable,w0:p1,unavailable,positive-part maximum,first in producer sample order; tie count unavailable,unavailable,unavailable,16256,16256
4c1b2ab65e6ba3e75ac9b10a,counterfact,v0_live_C2,1,102,1000,sampled_drift,capoff,loss,complete,16256,16256,0,0,0,0,0,"{""0.01"":0,""0.1"":0,""1.0"":0}",1,False,unavailable,w0:p1,unavailable,positive-part maximum,first in producer sample order; tie count unavailable,unavailable,unavailable,16256,16256
4c1b2ab65e6ba3e75ac9b10a,counterfact,v0_live_C2,1,102,1000,full_validation,capoff,loss,complete,245237,245237,0,0,0,0,0,"{""0.01"":{""count"":0,""denominator"":245237},""0.1"":{""count"":0,""denominator"":245237},""1.0"":{""count"":0,""denominator"":245237}}",1,False,0,w0:p1,245237,signed maximum,first in producer window/position order; exact equality,"{""count"":245237,""denominator"":245237}","{""count"":245237,""denominator"":245237}",unavailable,unavailable
4c1b2ab65e6ba3e75ac9b10a,counterfact,v0_live_C2,1,102,1000,full_validation,capoff,kl,complete,245237,245237,0,0,0,0,0,"{""0.01"":{""count"":0,""denominator"":245237},""0.1"":{""count"":0,""denominator"":245237},""1.0"":{""count"":0,""denominator"":245237}}",unavailable,unavailable,0,w0:p1,245237,signed maximum,first in producer window/position order; exact equality,"{""count"":245237,""denominator"":245237}","{""count"":245237,""denominator"":245237}",unavailable,unavailable
4c1b2ab65e6ba3e75ac9b10a,counterfact,v0_live_C2,1,102,1000,full_validation,original,loss,complete,245237,245237,0,0,0,0,0,"{""0.01"":{""count"":0,""denominator"":245237},""0.1"":{""count"":0,""denominator"":245237},""1.0"":{""count"":0,""denominator"":245237}}",1,False,0,w0:p1,245237,signed maximum,first in producer window/position order; exact equality,"{""count"":245237,""denominator"":245237}","{""count"":245237,""denominator"":245237}",unavailable,unavailable
4c1b2ab65e6ba3e75ac9b10a,counterfact,v0_live_C2,1,102,1000,full_validation,original,kl,complete,245237,245237,0,0,0,0,0,"{""0.01"":{""count"":0,""denominator"":245237},""0.1"":{""count"":0,""denominator"":245237},""1.0"":{""count"":0,""denominator"":245237}}",unavailable,unavailable,0,w0:p1,245237,signed maximum,first in producer window/position order; exact equality,"{""count"":245237,""denominator"":245237}","{""count"":245237,""denominator"":245237}",unavailable,unavailable
d679f4cef5e7a847d5f6dc80,counterfact,v0_live_C2,1,103,100,sampled_drift,original,loss,complete,16256,16256,0,0,0,0,0,"{""0.01"":0,""0.1"":0,""1.0"":0}",1,False,unavailable,w0:p1,unavailable,positive-part maximum,first in producer sample order; tie count unavailable,unavailable,unavailable,16256,16256
d679f4cef5e7a847d5f6dc80,counterfact,v0_live_C2,1,103,100,sampled_drift,capoff,loss,complete,16256,16256,0,0,0,0,0,"{""0.01"":0,""0.1"":0,""1.0"":0}",1,False,unavailable,w0:p1,unavailable,positive-part maximum,first in producer sample order; tie count unavailable,unavailable,unavailable,16256,16256
d679f4cef5e7a847d5f6dc80,counterfact,v0_live_C2,1,103,300,sampled_drift,original,loss,complete,16256,16256,0,0,0,0,0,"{""0.01"":0,""0.1"":0,""1.0"":0}",1,False,unavailable,w0:p1,unavailable,positive-part maximum,first in producer sample order; tie count unavailable,unavailable,unavailable,16256,16256
d679f4cef5e7a847d5f6dc80,counterfact,v0_live_C2,1,103,300,sampled_drift,capoff,loss,complete,16256,16256,0,0,0,0,0,"{""0.01"":0,""0.1"":0,""1.0"":0}",1,False,unavailable,w0:p1,unavailable,positive-part maximum,first in producer sample order; tie count unavailable,unavailable,unavailable,16256,16256
d679f4cef5e7a847d5f6dc80,counterfact,v0_live_C2,1,103,1000,sampled_drift,original,loss,complete,16256,16256,0,0,0,0,0,"{""0.01"":0,""0.1"":0,""1.0"":0}",1,False,unavailable,w0:p1,unavailable,positive-part maximum,first in producer sample order; tie count unavailable,unavailable,unavailable,16256,16256
d679f4cef5e7a847d5f6dc80,counterfact,v0_live_C2,1,103,1000,sampled_drift,capoff,loss,complete,16256,16256,0,0,0,0,0,"{""0.01"":0,""0.1"":0,""1.0"":0}",1,False,unavailable,w0:p1,unavailable,positive-part maximum,first in producer sample order; tie count unavailable,unavailable,unavailable,16256,16256
d679f4cef5e7a847d5f6dc80,counterfact,v0_live_C2,1,103,1000,full_validation,capoff,loss,complete,245237,245237,0,0,0,0,0,"{""0.01"":{""count"":0,""denominator"":245237},""0.1"":{""count"":0,""denominator"":245237},""1.0"":{""count"":0,""denominator"":245237}}",1,False,0,w0:p1,245237,signed maximum,first in producer window/position order; exact equality,"{""count"":245237,""denominator"":245237}","{""count"":245237,""denominator"":245237}",unavailable,unavailable
d679f4cef5e7a847d5f6dc80,counterfact,v0_live_C2,1,103,1000,full_validation,capoff,kl,complete,245237,245237,0,0,0,0,0,"{""0.01"":{""count"":0,""denominator"":245237},""0.1"":{""count"":0,""denominator"":245237},""1.0"":{""count"":0,""denominator"":245237}}",unavailable,unavailable,0,w0:p1,245237,signed maximum,first in producer window/position order; exact equality,"{""count"":245237,""denominator"":245237}","{""count"":245237,""denominator"":245237}",unavailable,unavailable
d679f4cef5e7a847d5f6dc80,counterfact,v0_live_C2,1,103,1000,full_validation,original,loss,complete,245237,245237,0,0,0,0,0,"{""0.01"":{""count"":0,""denominator"":245237},""0.1"":{""count"":0,""denominator"":245237},""1.0"":{""count"":0,""denominator"":245237}}",1,False,0,w0:p1,245237,signed maximum,first in producer window/position order; exact equality,"{""count"":245237,""denominator"":245237}","{""count"":245237,""denominator"":245237}",unavailable,unavailable
d679f4cef5e7a847d5f6dc80,counterfact,v0_live_C2,1,103,1000,full_validation,original,kl,complete,245237,245237,0,0,0,0,0,"{""0.01"":{""count"":0,""denominator"":245237},""0.1"":{""count"":0,""denominator"":245237},""1.0"":{""count"":0,""denominator"":245237}}",unavailable,unavailable,0,w0:p1,245237,signed maximum,first in producer window/position order; exact equality,"{""count"":245237,""denominator"":245237}","{""count"":245237,""denominator"":245237}",unavailable,unavailable
f19cc29f17b93bb9cbbd5f1a,counterfact,v0_live_C2,1,104,100,sampled_drift,original,loss,complete,16256,16256,0,0,0,0,0,"{""0.01"":0,""0.1"":0,""1.0"":0}",1,False,unavailable,w0:p1,unavailable,positive-part maximum,first in producer sample order; tie count unavailable,unavailable,unavailable,16256,16256
f19cc29f17b93bb9cbbd5f1a,counterfact,v0_live_C2,1,104,100,sampled_drift,capoff,loss,complete,16256,16256,0,0,0,0,0,"{""0.01"":0,""0.1"":0,""1.0"":0}",1,False,unavailable,w0:p1,unavailable,positive-part maximum,first in producer sample order; tie count unavailable,unavailable,unavailable,16256,16256
f19cc29f17b93bb9cbbd5f1a,counterfact,v0_live_C2,1,104,300,sampled_drift,original,loss,complete,16256,16256,0,0,0,0,0,"{""0.01"":0,""0.1"":0,""1.0"":0}",1,False,unavailable,w0:p1,unavailable,positive-part maximum,first in producer sample order; tie count unavailable,unavailable,unavailable,16256,16256
f19cc29f17b93bb9cbbd5f1a,counterfact,v0_live_C2,1,104,300,sampled_drift,capoff,loss,complete,16256,16256,0,0,0,0,0,"{""0.01"":0,""0.1"":0,""1.0"":0}",1,False,unavailable,w0:p1,unavailable,positive-part maximum,first in producer sample order; tie count unavailable,unavailable,unavailable,16256,16256
f19cc29f17b93bb9cbbd5f1a,counterfact,v0_live_C2,1,104,1000,sampled_drift,original,loss,complete,16256,16256,0,0,0,0,0,"{""0.01"":0,""0.1"":0,""1.0"":0}",1,False,unavailable,w0:p1,unavailable,positive-part maximum,first in producer sample order; tie count unavailable,unavailable,unavailable,16256,16256
f19cc29f17b93bb9cbbd5f1a,counterfact,v0_live_C2,1,104,1000,sampled_drift,capoff,loss,complete,16256,16256,0,0,0,0,0,"{""0.01"":0,""0.1"":0,""1.0"":0}",1,False,unavailable,w0:p1,unavailable,positive-part maximum,first in producer sample order; tie count unavailable,unavailable,unavailable,16256,16256
f19cc29f17b93bb9cbbd5f1a,counterfact,v0_live_C2,1,104,1000,full_validation,capoff,loss,complete,245237,245237,0,0,0,0,0,"{""0.01"":{""count"":0,""denominator"":245237},""0.1"":{""count"":0,""denominator"":245237},""1.0"":{""count"":0,""denominator"":245237}}",1,False,0,w0:p1,245237,signed maximum,first in producer window/position order; exact equality,"{""count"":245237,""denominator"":245237}","{""count"":245237,""denominator"":245237}",unavailable,unavailable
f19cc29f17b93bb9cbbd5f1a,counterfact,v0_live_C2,1,104,1000,full_validation,capoff,kl,complete,245237,245237,0,0,0,0,0,"{""0.01"":{""count"":0,""denominator"":245237},""0.1"":{""count"":0,""denominator"":245237},""1.0"":{""count"":0,""denominator"":245237}}",unavailable,unavailable,0,w0:p1,245237,signed maximum,first in producer window/position order; exact equality,"{""count"":245237,""denominator"":245237}","{""count"":245237,""denominator"":245237}",unavailable,unavailable
f19cc29f17b93bb9cbbd5f1a,counterfact,v0_live_C2,1,104,1000,full_validation,original,loss,complete,245237,245237,0,0,0,0,0,"{""0.01"":{""count"":0,""denominator"":245237},""0.1"":{""count"":0,""denominator"":245237},""1.0"":{""count"":0,""denominator"":245237}}",1,False,0,w0:p1,245237,signed maximum,first in producer window/position order; exact equality,"{""count"":245237,""denominator"":245237}","{""count"":245237,""denominator"":245237}",unavailable,unavailable
f19cc29f17b93bb9cbbd5f1a,counterfact,v0_live_C2,1,104,1000,full_validation,original,kl,complete,245237,245237,0,0,0,0,0,"{""0.01"":{""count"":0,""denominator"":245237},""0.1"":{""count"":0,""denominator"":245237},""1.0"":{""count"":0,""denominator"":245237}}",unavailable,unavailable,0,w0:p1,245237,signed maximum,first in producer window/position order; exact equality,"{""count"":245237,""denominator"":245237}","{""count"":245237,""denominator"":245237}",unavailable,unavailable
e654a69635e2e4a1bcc2903b,counterfact,v0_live_C2,2,100,100,sampled_drift,original,loss,complete,16256,16256,0,0,0,0,0,"{""0.01"":0,""0.1"":0,""1.0"":0}",1,False,unavailable,w0:p1,unavailable,positive-part maximum,first in producer sample order; tie count unavailable,unavailable,unavailable,16256,16256
e654a69635e2e4a1bcc2903b,counterfact,v0_live_C2,2,100,100,sampled_drift,capoff,loss,complete,16256,16256,0,0,0,0,0,"{""0.01"":0,""0.1"":0,""1.0"":0}",1,False,unavailable,w0:p1,unavailable,positive-part maximum,first in producer sample order; tie count unavailable,unavailable,unavailable,16256,16256
e654a69635e2e4a1bcc2903b,counterfact,v0_live_C2,2,100,300,sampled_drift,original,loss,complete,16256,16256,0,0,0,0,0,"{""0.01"":0,""0.1"":0,""1.0"":0}",1,False,unavailable,w0:p1,unavailable,positive-part maximum,first in producer sample order; tie count unavailable,unavailable,unavailable,16256,16256
e654a69635e2e4a1bcc2903b,counterfact,v0_live_C2,2,100,300,sampled_drift,capoff,loss,complete,16256,16256,0,0,0,0,0,"{""0.01"":0,""0.1"":0,""1.0"":0}",1,False,unavailable,w0:p1,unavailable,positive-part maximum,first in producer sample order; tie count unavailable,unavailable,unavailable,16256,16256
e654a69635e2e4a1bcc2903b,counterfact,v0_live_C2,2,100,1000,sampled_drift,original,loss,complete,16256,16256,0,0,0,0,0,"{""0.01"":0,""0.1"":0,""1.0"":0}",1,False,unavailable,w0:p1,unavailable,positive-part maximum,first in producer sample order; tie count unavailable,unavailable,unavailable,16256,16256
e654a69635e2e4a1bcc2903b,counterfact,v0_live_C2,2,100,1000,sampled_drift,capoff,loss,complete,16256,16256,0,0,0,0,0,"{""0.01"":0,""0.1"":0,""1.0"":0}",1,False,unavailable,w0:p1,unavailable,positive-part maximum,first in producer sample order; tie count unavailable,unavailable,unavailable,16256,16256
e654a69635e2e4a1bcc2903b,counterfact,v0_live_C2,2,100,1000,full_validation,capoff,loss,complete,245237,245237,0,0,0,0,0,"{""0.01"":{""count"":0,""denominator"":245237},""0.1"":{""count"":0,""denominator"":245237},""1.0"":{""count"":0,""denominator"":245237}}",1,False,0,w0:p1,245237,signed maximum,first in producer window/position order; exact equality,"{""count"":245237,""denominator"":245237}","{""count"":245237,""denominator"":245237}",unavailable,unavailable
e654a69635e2e4a1bcc2903b,counterfact,v0_live_C2,2,100,1000,full_validation,capoff,kl,complete,245237,245237,0,0,0,0,0,"{""0.01"":{""count"":0,""denominator"":245237},""0.1"":{""count"":0,""denominator"":245237},""1.0"":{""count"":0,""denominator"":245237}}",unavailable,unavailable,0,w0:p1,245237,signed maximum,first in producer window/position order; exact equality,"{""count"":245237,""denominator"":245237}","{""count"":245237,""denominator"":245237}",unavailable,unavailable
e654a69635e2e4a1bcc2903b,counterfact,v0_live_C2,2,100,1000,full_validation,original,loss,complete,245237,245237,0,0,0,0,0,"{""0.01"":{""count"":0,""denominator"":245237},""0.1"":{""count"":0,""denominator"":245237},""1.0"":{""count"":0,""denominator"":245237}}",1,False,0,w0:p1,245237,signed maximum,first in producer window/position order; exact equality,"{""count"":245237,""denominator"":245237}","{""count"":245237,""denominator"":245237}",unavailable,unavailable
e654a69635e2e4a1bcc2903b,counterfact,v0_live_C2,2,100,1000,full_validation,original,kl,complete,245237,245237,0,0,0,0,0,"{""0.01"":{""count"":0,""denominator"":245237},""0.1"":{""count"":0,""denominator"":245237},""1.0"":{""count"":0,""denominator"":245237}}",unavailable,unavailable,0,w0:p1,245237,signed maximum,first in producer window/position order; exact equality,"{""count"":245237,""denominator"":245237}","{""count"":245237,""denominator"":245237}",unavailable,unavailable
508b709256adff820b7fdf82,counterfact,v0_live_C2,2,101,100,sampled_drift,original,loss,complete,16256,16256,0,0,0,0,0,"{""0.01"":0,""0.1"":0,""1.0"":0}",1,False,unavailable,w0:p1,unavailable,positive-part maximum,first in producer sample order; tie count unavailable,unavailable,unavailable,16256,16256
508b709256adff820b7fdf82,counterfact,v0_live_C2,2,101,100,sampled_drift,capoff,loss,complete,16256,16256,0,0,0,0,0,"{""0.01"":0,""0.1"":0,""1.0"":0}",1,False,unavailable,w0:p1,unavailable,positive-part maximum,first in producer sample order; tie count unavailable,unavailable,unavailable,16256,16256
508b709256adff820b7fdf82,counterfact,v0_live_C2,2,101,300,sampled_drift,original,loss,complete,16256,16256,0,0,0,0,0,"{""0.01"":0,""0.1"":0,""1.0"":0}",1,False,unavailable,w0:p1,unavailable,positive-part maximum,first in producer sample order; tie count unavailable,unavailable,unavailable,16256,16256
508b709256adff820b7fdf82,counterfact,v0_live_C2,2,101,300,sampled_drift,capoff,loss,complete,16256,16256,0,0,0,0,0,"{""0.01"":0,""0.1"":0,""1.0"":0}",1,False,unavailable,w0:p1,unavailable,positive-part maximum,first in producer sample order; tie count unavailable,unavailable,unavailable,16256,16256
508b709256adff820b7fdf82,counterfact,v0_live_C2,2,101,1000,sampled_drift,original,loss,complete,16256,16256,0,0,0,0,0,"{""0.01"":0,""0.1"":0,""1.0"":0}",1,False,unavailable,w0:p1,unavailable,positive-part maximum,first in producer sample order; tie count unavailable,unavailable,unavailable,16256,16256
508b709256adff820b7fdf82,counterfact,v0_live_C2,2,101,1000,sampled_drift,capoff,loss,complete,16256,16256,0,0,0,0,0,"{""0.01"":0,""0.1"":0,""1.0"":0}",1,False,unavailable,w0:p1,unavailable,positive-part maximum,first in producer sample order; tie count unavailable,unavailable,unavailable,16256,16256
508b709256adff820b7fdf82,counterfact,v0_live_C2,2,101,1000,full_validation,capoff,loss,complete,245237,245237,0,0,0,0,0,"{""0.01"":{""count"":0,""denominator"":245237},""0.1"":{""count"":0,""denominator"":245237},""1.0"":{""count"":0,""denominator"":245237}}",1,False,0,w0:p1,245237,signed maximum,first in producer window/position order; exact equality,"{""count"":245237,""denominator"":245237}","{""count"":245237,""denominator"":245237}",unavailable,unavailable
508b709256adff820b7fdf82,counterfact,v0_live_C2,2,101,1000,full_validation,capoff,kl,complete,245237,245237,0,0,0,0,0,"{""0.01"":{""count"":0,""denominator"":245237},""0.1"":{""count"":0,""denominator"":245237},""1.0"":{""count"":0,""denominator"":245237}}",unavailable,unavailable,0,w0:p1,245237,signed maximum,first in producer window/position order; exact equality,"{""count"":245237,""denominator"":245237}","{""count"":245237,""denominator"":245237}",unavailable,unavailable
508b709256adff820b7fdf82,counterfact,v0_live_C2,2,101,1000,full_validation,original,loss,complete,245237,245237,0,0,0,0,0,"{""0.01"":{""count"":0,""denominator"":245237},""0.1"":{""count"":0,""denominator"":245237},""1.0"":{""count"":0,""denominator"":245237}}",1,False,0,w0:p1,245237,signed maximum,first in producer window/position order; exact equality,"{""count"":245237,""denominator"":245237}","{""count"":245237,""denominator"":245237}",unavailable,unavailable
508b709256adff820b7fdf82,counterfact,v0_live_C2,2,101,1000,full_validation,original,kl,complete,245237,245237,0,0,0,0,0,"{""0.01"":{""count"":0,""denominator"":245237},""0.1"":{""count"":0,""denominator"":245237},""1.0"":{""count"":0,""denominator"":245237}}",unavailable,unavailable,0,w0:p1,245237,signed maximum,first in producer window/position order; exact equality,"{""count"":245237,""denominator"":245237}","{""count"":245237,""denominator"":245237}",unavailable,unavailable
0ebaffd3a3e8d10252da8bd5,counterfact,v0_live_C2,2,102,100,sampled_drift,original,loss,complete,16256,16256,0,0,0,0,0,"{""0.01"":0,""0.1"":0,""1.0"":0}",1,False,unavailable,w0:p1,unavailable,positive-part maximum,first in producer sample order; tie count unavailable,unavailable,unavailable,16256,16256
0ebaffd3a3e8d10252da8bd5,counterfact,v0_live_C2,2,102,100,sampled_drift,capoff,loss,complete,16256,16256,0,0,0,0,0,"{""0.01"":0,""0.1"":0,""1.0"":0}",1,False,unavailable,w0:p1,unavailable,positive-part maximum,first in producer sample order; tie count unavailable,unavailable,unavailable,16256,16256
0ebaffd3a3e8d10252da8bd5,counterfact,v0_live_C2,2,102,300,sampled_drift,original,loss,complete,16256,16256,0,0,0,0,0,"{""0.01"":0,""0.1"":0,""1.0"":0}",1,False,unavailable,w0:p1,unavailable,positive-part maximum,first in producer sample order; tie count unavailable,unavailable,unavailable,16256,16256
0ebaffd3a3e8d10252da8bd5,counterfact,v0_live_C2,2,102,300,sampled_drift,capoff,loss,complete,16256,16256,0,0,0,0,0,"{""0.01"":0,""0.1"":0,""1.0"":0}",1,False,unavailable,w0:p1,unavailable,positive-part maximum,first in producer sample order; tie count unavailable,unavailable,unavailable,16256,16256
0ebaffd3a3e8d10252da8bd5,counterfact,v0_live_C2,2,102,1000,sampled_drift,original,loss,complete,16256,16256,0,0,0,0,0,"{""0.01"":0,""0.1"":0,""1.0"":0}",1,False,unavailable,w0:p1,unavailable,positive-part maximum,first in producer sample order; tie count unavailable,unavailable,unavailable,16256,16256
0ebaffd3a3e8d10252da8bd5,counterfact,v0_live_C2,2,102,1000,sampled_drift,capoff,loss,complete,16256,16256,0,0,0,0,0,"{""0.01"":0,""0.1"":0,""1.0"":0}",1,False,unavailable,w0:p1,unavailable,positive-part maximum,first in producer sample order; tie count unavailable,unavailable,unavailable,16256,16256
0ebaffd3a3e8d10252da8bd5,counterfact,v0_live_C2,2,102,1000,full_validation,capoff,loss,complete,245237,245237,0,0,0,0,0,"{""0.01"":{""count"":0,""denominator"":245237},""0.1"":{""count"":0,""denominator"":245237},""1.0"":{""count"":0,""denominator"":245237}}",1,False,0,w0:p1,245237,signed maximum,first in producer window/position order; exact equality,"{""count"":245237,""denominator"":245237}","{""count"":245237,""denominator"":245237}",unavailable,unavailable
0ebaffd3a3e8d10252da8bd5,counterfact,v0_live_C2,2,102,1000,full_validation,capoff,kl,complete,245237,245237,0,0,0,0,0,"{""0.01"":{""count"":0,""denominator"":245237},""0.1"":{""count"":0,""denominator"":245237},""1.0"":{""count"":0,""denominator"":245237}}",unavailable,unavailable,0,w0:p1,245237,signed maximum,first in producer window/position order; exact equality,"{""count"":245237,""denominator"":245237}","{""count"":245237,""denominator"":245237}",unavailable,unavailable
0ebaffd3a3e8d10252da8bd5,counterfact,v0_live_C2,2,102,1000,full_validation,original,loss,complete,245237,245237,0,0,0,0,0,"{""0.01"":{""count"":0,""denominator"":245237},""0.1"":{""count"":0,""denominator"":245237},""1.0"":{""count"":0,""denominator"":245237}}",1,False,0,w0:p1,245237,signed maximum,first in producer window/position order; exact equality,"{""count"":245237,""denominator"":245237}","{""count"":245237,""denominator"":245237}",unavailable,unavailable
0ebaffd3a3e8d10252da8bd5,counterfact,v0_live_C2,2,102,1000,full_validation,original,kl,complete,245237,245237,0,0,0,0,0,"{""0.01"":{""count"":0,""denominator"":245237},""0.1"":{""count"":0,""denominator"":245237},""1.0"":{""count"":0,""denominator"":245237}}",unavailable,unavailable,0,w0:p1,245237,signed maximum,first in producer window/position order; exact equality,"{""count"":245237,""denominator"":245237}","{""count"":245237,""denominator"":245237}",unavailable,unavailable
6f8cac15c1ed9dd1fb79b212,counterfact,v0_live_C2,2,103,100,sampled_drift,original,loss,complete,16256,16256,0,0,0,0,0,"{""0.01"":0,""0.1"":0,""1.0"":0}",1,False,unavailable,w0:p1,unavailable,positive-part maximum,first in producer sample order; tie count unavailable,unavailable,unavailable,16256,16256
6f8cac15c1ed9dd1fb79b212,counterfact,v0_live_C2,2,103,100,sampled_drift,capoff,loss,complete,16256,16256,0,0,0,0,0,"{""0.01"":0,""0.1"":0,""1.0"":0}",1,False,unavailable,w0:p1,unavailable,positive-part maximum,first in producer sample order; tie count unavailable,unavailable,unavailable,16256,16256
6f8cac15c1ed9dd1fb79b212,counterfact,v0_live_C2,2,103,300,sampled_drift,original,loss,complete,16256,16256,0,0,0,0,0,"{""0.01"":0,""0.1"":0,""1.0"":0}",1,False,unavailable,w0:p1,unavailable,positive-part maximum,first in producer sample order; tie count unavailable,unavailable,unavailable,16256,16256
6f8cac15c1ed9dd1fb79b212,counterfact,v0_live_C2,2,103,300,sampled_drift,capoff,loss,complete,16256,16256,0,0,0,0,0,"{""0.01"":0,""0.1"":0,""1.0"":0}",1,False,unavailable,w0:p1,unavailable,positive-part maximum,first in producer sample order; tie count unavailable,unavailable,unavailable,16256,16256
6f8cac15c1ed9dd1fb79b212,counterfact,v0_live_C2,2,103,1000,sampled_drift,original,loss,complete,16256,16256,0,0,0,0,0,"{""0.01"":0,""0.1"":0,""1.0"":0}",1,False,unavailable,w0:p1,unavailable,positive-part maximum,first in producer sample order; tie count unavailable,unavailable,unavailable,16256,16256
6f8cac15c1ed9dd1fb79b212,counterfact,v0_live_C2,2,103,1000,sampled_drift,capoff,loss,complete,16256,16256,0,0,0,0,0,"{""0.01"":0,""0.1"":0,""1.0"":0}",1,False,unavailable,w0:p1,unavailable,positive-part maximum,first in producer sample order; tie count unavailable,unavailable,unavailable,16256,16256
6f8cac15c1ed9dd1fb79b212,counterfact,v0_live_C2,2,103,1000,full_validation,capoff,loss,complete,245237,245237,0,0,0,0,0,"{""0.01"":{""count"":0,""denominator"":245237},""0.1"":{""count"":0,""denominator"":245237},""1.0"":{""count"":0,""denominator"":245237}}",1,False,0,w0:p1,245237,signed maximum,first in producer window/position order; exact equality,"{""count"":245237,""denominator"":245237}","{""count"":245237,""denominator"":245237}",unavailable,unavailable
6f8cac15c1ed9dd1fb79b212,counterfact,v0_live_C2,2,103,1000,full_validation,capoff,kl,complete,245237,245237,0,0,0,0,0,"{""0.01"":{""count"":0,""denominator"":245237},""0.1"":{""count"":0,""denominator"":245237},""1.0"":{""count"":0,""denominator"":245237}}",unavailable,unavailable,0,w0:p1,245237,signed maximum,first in producer window/position order; exact equality,"{""count"":245237,""denominator"":245237}","{""count"":245237,""denominator"":245237}",unavailable,unavailable
6f8cac15c1ed9dd1fb79b212,counterfact,v0_live_C2,2,103,1000,full_validation,original,loss,complete,245237,245237,0,0,0,0,0,"{""0.01"":{""count"":0,""denominator"":245237},""0.1"":{""count"":0,""denominator"":245237},""1.0"":{""count"":0,""denominator"":245237}}",1,False,0,w0:p1,245237,signed maximum,first in producer window/position order; exact equality,"{""count"":245237,""denominator"":245237}","{""count"":245237,""denominator"":245237}",unavailable,unavailable
6f8cac15c1ed9dd1fb79b212,counterfact,v0_live_C2,2,103,1000,full_validation,original,kl,complete,245237,245237,0,0,0,0,0,"{""0.01"":{""count"":0,""denominator"":245237},""0.1"":{""count"":0,""denominator"":245237},""1.0"":{""count"":0,""denominator"":245237}}",unavailable,unavailable,0,w0:p1,245237,signed maximum,first in producer window/position order; exact equality,"{""count"":245237,""denominator"":245237}","{""count"":245237,""denominator"":245237}",unavailable,unavailable
302070707affaaec2265e772,counterfact,v0_live_C2,2,104,100,sampled_drift,original,loss,complete,16256,16256,0,0,0,0,0,"{""0.01"":0,""0.1"":0,""1.0"":0}",1,False,unavailable,w0:p1,unavailable,positive-part maximum,first in producer sample order; tie count unavailable,unavailable,unavailable,16256,16256
302070707affaaec2265e772,counterfact,v0_live_C2,2,104,100,sampled_drift,capoff,loss,complete,16256,16256,0,0,0,0,0,"{""0.01"":0,""0.1"":0,""1.0"":0}",1,False,unavailable,w0:p1,unavailable,positive-part maximum,first in producer sample order; tie count unavailable,unavailable,unavailable,16256,16256
302070707affaaec2265e772,counterfact,v0_live_C2,2,104,300,sampled_drift,original,loss,complete,16256,16256,0,0,0,0,0,"{""0.01"":0,""0.1"":0,""1.0"":0}",1,False,unavailable,w0:p1,unavailable,positive-part maximum,first in producer sample order; tie count unavailable,unavailable,unavailable,16256,16256
302070707affaaec2265e772,counterfact,v0_live_C2,2,104,300,sampled_drift,capoff,loss,complete,16256,16256,0,0,0,0,0,"{""0.01"":0,""0.1"":0,""1.0"":0}",1,False,unavailable,w0:p1,unavailable,positive-part maximum,first in producer sample order; tie count unavailable,unavailable,unavailable,16256,16256
302070707affaaec2265e772,counterfact,v0_live_C2,2,104,1000,sampled_drift,original,loss,complete,16256,16256,0,0,0,0,0,"{""0.01"":0,""0.1"":0,""1.0"":0}",1,False,unavailable,w0:p1,unavailable,positive-part maximum,first in producer sample order; tie count unavailable,unavailable,unavailable,16256,16256
302070707affaaec2265e772,counterfact,v0_live_C2,2,104,1000,sampled_drift,capoff,loss,complete,16256,16256,0,0,0,0,0,"{""0.01"":0,""0.1"":0,""1.0"":0}",1,False,unavailable,w0:p1,unavailable,positive-part maximum,first in producer sample order; tie count unavailable,unavailable,unavailable,16256,16256
302070707affaaec2265e772,counterfact,v0_live_C2,2,104,1000,full_validation,capoff,loss,complete,245237,245237,0,0,0,0,0,"{""0.01"":{""count"":0,""denominator"":245237},""0.1"":{""count"":0,""denominator"":245237},""1.0"":{""count"":0,""denominator"":245237}}",1,False,0,w0:p1,245237,signed maximum,first in producer window/position order; exact equality,"{""count"":245237,""denominator"":245237}","{""count"":245237,""denominator"":245237}",unavailable,unavailable
302070707affaaec2265e772,counterfact,v0_live_C2,2,104,1000,full_validation,capoff,kl,complete,245237,245237,0,0,0,0,0,"{""0.01"":{""count"":0,""denominator"":245237},""0.1"":{""count"":0,""denominator"":245237},""1.0"":{""count"":0,""denominator"":245237}}",unavailable,unavailable,0,w0:p1,245237,signed maximum,first in producer window/position order; exact equality,"{""count"":245237,""denominator"":245237}","{""count"":245237,""denominator"":245237}",unavailable,unavailable
302070707affaaec2265e772,counterfact,v0_live_C2,2,104,1000,full_validation,original,loss,complete,245237,245237,0,0,0,0,0,"{""0.01"":{""count"":0,""denominator"":245237},""0.1"":{""count"":0,""denominator"":245237},""1.0"":{""count"":0,""denominator"":245237}}",1,False,0,w0:p1,245237,signed maximum,first in producer window/position order; exact equality,"{""count"":245237,""denominator"":245237}","{""count"":245237,""denominator"":245237}",unavailable,unavailable
302070707affaaec2265e772,counterfact,v0_live_C2,2,104,1000,full_validation,original,kl,complete,245237,245237,0,0,0,0,0,"{""0.01"":{""count"":0,""denominator"":245237},""0.1"":{""count"":0,""denominator"":245237},""1.0"":{""count"":0,""denominator"":245237}}",unavailable,unavailable,0,w0:p1,245237,signed maximum,first in producer window/position order; exact equality,"{""count"":245237,""denominator"":245237}","{""count"":245237,""denominator"":245237}",unavailable,unavailable
