dataset,family,target,horizon,decile,n,frozen_mean,frozen_min,frozen_max,G_PC_s0,G_BP_s0,G_PCvsBP_s0,G_PC_s1,G_BP_s1,G_PCvsBP_s1,G_PC_s2,G_BP_s2,G_PCvsBP_s2,G_PC_mean,G_PC_mean_ci_low,G_PC_mean_ci_high,G_PC_median,G_BP_mean,G_BP_mean_ci_low,G_BP_mean_ci_high,G_BP_median,G_PCvsBP_mean,G_PCvsBP_mean_ci_low,G_PCvsBP_mean_ci_high,G_PCvsBP_median,success_frozen,success_bp0,success_bp1,success_bp2,success_epc0,success_epc1,success_epc2
counterfact,edit,new,300,1,30,4.5939708459172985,3.5671481706026356,4.972176807560935,4.5807533678185886,4.5807533678185886,0.0,4.5807533678185886,4.5807533678185886,0.0,4.5807533678185886,4.5807533678185886,0.0,4.5807533678185886,4.44986044894929,4.709237500969291,4.701970896761885,4.5807533678185886,4.44986044894929,4.709237500969291,4.701970896761885,0.0,0.0,0.0,0.0,0.0,1.0,1.0,1.0,1.0,1.0,1.0
counterfact,edit,new,300,2,30,5.418607662599305,5.0047746813156095,5.696430288106548,5.4017582537135365,5.4017582537135365,0.0,5.4017582537135365,5.4017582537135365,0.0,5.4017582537135365,5.4017582537135365,0.0,5.4017582537135365,5.32676654432664,5.47888106114226,5.4448789102050235,5.4017582537135365,5.32676654432664,5.47888106114226,5.4448789102050235,0.0,0.0,0.0,0.0,0.0,1.0,1.0,1.0,1.0,1.0,1.0
counterfact,edit,new,300,3,30,6.020731365022781,5.708001479295987,6.1987395382532,5.998695292058923,5.998695292058923,0.0,5.998695292058923,5.998695292058923,0.0,5.998695292058923,5.998695292058923,0.0,5.998695292058923,5.944794564474519,6.046035267917789,6.008539857684827,5.998695292058923,5.944794564474519,6.046035267917789,6.008539857684827,0.0,0.0,0.0,0.0,0.0,1.0,1.0,1.0,1.0,1.0,1.0
counterfact,edit,new,300,4,30,6.3435083428333465,6.199007370467584,6.48055923778238,6.32485194638603,6.32485194638603,0.0,6.32485194638603,6.32485194638603,0.0,6.32485194638603,6.32485194638603,0.0,6.32485194638603,6.290587936908732,6.351913083950957,6.340406791161719,6.32485194638603,6.290587936908732,6.351913083950957,6.340406791161719,0.0,0.0,0.0,0.0,0.0,1.0,1.0,1.0,1.0,1.0,1.0
counterfact,edit,new,300,5,30,6.768480749791254,6.5105280932542655,6.977911627572375,6.751054366416113,6.751054366416113,0.0,6.751054366416113,6.751054366416113,0.0,6.751054366416113,6.751054366416113,0.0,6.751054366416113,6.6958166606456215,6.805234744644278,6.782201912982808,6.751054366416113,6.6958166606456215,6.805234744644278,6.782201912982808,0.0,0.0,0.0,0.0,0.0,1.0,1.0,1.0,1.0,1.0,1.0
counterfact,edit,new,300,6,30,7.162805936274419,7.007992828329243,7.327489356483376,7.138494303207466,7.138494303207466,0.0,7.138494303207466,6.8960492812058325,0.24244502200163337,7.138494303207466,7.138494303207466,0.0,7.138494303207466,7.102456961466859,7.173978206821595,7.114451079116238,7.057679295873587,6.884236418769967,7.155974243207964,7.095947227504716,0.0808150073338778,0.0,0.24244502200163337,0.0,0.0,1.0,0.9666666666666667,1.0,1.0,1.0,1.0
counterfact,edit,new,300,7,30,7.4851904613082025,7.328041818882468,7.666018899770137,7.466207632546211,7.466207632546211,0.0,7.466207632546211,7.210903498007779,0.2553041345384325,7.466207632546211,7.466207632546211,0.0,7.466207632546211,7.4285999372479194,7.500704299684311,7.447965281298194,7.381106254366733,7.207244751965252,7.4902360373518615,7.438007113674216,0.08510137817947748,0.0,0.2553041345384325,0.0,0.0,1.0,0.9666666666666667,1.0,1.0,1.0,1.0
counterfact,edit,new,300,8,30,7.842757630516758,7.673484746681119,8.087225981779923,7.8283296535357305,7.8283296535357305,0.0,7.8283296535357305,7.8283296535357305,0.0,7.8283296535357305,7.8283296535357305,0.0,7.8283296535357305,7.789800314752367,7.872961706494516,7.8206958744826025,7.8283296535357305,7.789800314752367,7.872961706494516,7.8206958744826025,0.0,0.0,0.0,0.0,0.0,1.0,1.0,1.0,1.0,1.0,1.0
counterfact,edit,new,300,9,30,8.375632724953926,8.10138697397371,8.85187524586923,8.34924892438042,8.34924892438042,0.0,8.34924892438042,8.34924892438042,0.0,8.34924892438042,8.34924892438042,0.0,8.34924892438042,8.27976677171266,8.422505852908857,8.272740871630546,8.34924892438042,8.27976677171266,8.422505852908857,8.272740871630546,0.0,0.0,0.0,0.0,0.0,1.0,1.0,1.0,1.0,1.0,1.0
counterfact,edit,new,300,10,30,9.553243335938777,8.856651129203712,11.704712612006215,9.538027557861927,9.538027557861927,0.0,9.538027557861927,9.224810288236267,0.3132172696256598,9.538027557861927,9.538027557861927,0.0,9.538027557861927,9.27483593170027,9.846957611234998,9.117182301645897,9.43362180132004,9.058786139425417,9.760363410583865,9.110438057566512,0.10440575654188661,0.0,0.41762302616754643,0.0,0.0,1.0,0.9666666666666667,1.0,1.0,1.0,1.0
counterfact,edit,new,100,1,10,4.6888927031762915,4.170308179543454,4.972176807560935,4.675638634547683,4.675638634547683,0.0,4.675638634547683,4.675638634547683,0.0,4.675638634547683,4.675638634547683,0.0,4.675638634547683,4.495228130943972,4.828754204125383,4.783877790761061,4.675638634547683,4.495228130943972,4.828754204125383,4.783877790761061,0.0,0.0,0.0,0.0,0.0,1.0,1.0,1.0,1.0,1.0,1.0
counterfact,edit,new,100,2,10,5.475389379689385,5.1294583078977,5.831229947224507,5.460543406602355,5.460543406602355,0.0,5.460543406602355,5.460543406602355,0.0,5.460543406602355,5.460543406602355,0.0,5.460543406602355,5.317023000325758,5.599066486658123,5.467718489011839,5.460543406602355,5.317023000325758,5.599066486658123,5.467718489011839,0.0,0.0,0.0,0.0,0.0,1.0,1.0,1.0,1.0,1.0,1.0
counterfact,edit,new,100,3,10,6.206365176721105,6.009652744199961,6.324241717839229,6.184033938743053,6.184033938743053,0.0,6.184033938743053,6.184033938743053,0.0,6.184033938743053,6.184033938743053,0.0,6.184033938743053,6.12306113744888,6.240885918506132,6.18111866779282,6.184033938743053,6.12306113744888,6.240885918506132,6.18111866779282,0.0,0.0,0.0,0.0,0.0,1.0,1.0,1.0,1.0,1.0,1.0
counterfact,edit,new,100,4,10,6.512204634687438,6.353833853974475,6.666210292303404,6.495437161698215,6.495437161698215,0.0,6.495437161698215,6.495437161698215,0.0,6.495437161698215,6.495437161698215,0.0,6.495437161698215,6.421402539984207,6.5651497011834845,6.480804745037933,6.495437161698215,6.421402539984207,6.5651497011834845,6.480804745037933,0.0,0.0,0.0,0.0,0.0,1.0,1.0,1.0,1.0,1.0,1.0
counterfact,edit,new,100,5,10,6.83899922035951,6.684873627624185,7.007992828329243,6.824308600045758,6.824308600045758,0.0,6.824308600045758,6.824308600045758,0.0,6.824308600045758,6.824308600045758,0.0,6.824308600045758,6.7529155966958285,6.899629158286448,6.793628634295761,6.824308600045758,6.7529155966958285,6.899629158286448,6.793628634295761,0.0,0.0,0.0,0.0,0.0,1.0,1.0,1.0,1.0,1.0,1.0
counterfact,edit,new,100,6,10,7.214248882651657,7.026238415503208,7.3940249921546695,7.191362205127712,7.191362205127712,0.0,7.191362205127712,7.191362205127712,0.0,7.191362205127712,7.191362205127712,0.0,7.191362205127712,7.1297541027349,7.256814075689214,7.194542938477319,7.191362205127712,7.1297541027349,7.256814075689214,7.194542938477319,0.0,0.0,0.0,0.0,0.0,1.0,1.0,1.0,1.0,1.0,1.0
counterfact,edit,new,100,7,10,7.586408970387049,7.46307900045133,7.71471800421655,7.572570938763484,7.572570938763484,0.0,7.572570938763484,7.572570938763484,0.0,7.572570938763484,7.572570938763484,0.0,7.572570938763484,7.517634183145762,7.624966010524881,7.554029843036467,7.572570938763484,7.517634183145762,7.624966010524881,7.554029843036467,0.0,0.0,0.0,0.0,0.0,1.0,1.0,1.0,1.0,1.0,1.0
counterfact,edit,new,100,8,10,7.8665750450634295,7.769600901223249,8.008820607944497,7.847896774656377,7.847896774656377,0.0,7.847896774656377,7.847896774656377,0.0,7.847896774656377,7.847896774656377,0.0,7.847896774656377,7.807026126647531,7.896427220210152,7.8280869294591415,7.847896774656377,7.807026126647531,7.896427220210152,7.8280869294591415,0.0,0.0,0.0,0.0,0.0,1.0,1.0,1.0,1.0,1.0,1.0
counterfact,edit,new,100,9,10,8.274515098675508,8.10138697397371,8.476896726690924,8.25154489668049,8.25154489668049,0.0,8.25154489668049,8.25154489668049,0.0,8.25154489668049,8.25154489668049,0.0,8.25154489668049,8.175549927015505,8.322747323358621,8.199695177379088,8.25154489668049,8.175549927015505,8.322747323358621,8.199695177379088,0.0,0.0,0.0,0.0,0.0,1.0,1.0,1.0,1.0,1.0,1.0
counterfact,edit,new,100,10,10,9.145931757579636,8.521616750717868,10.396083893052761,9.124336622698175,9.124336622698175,0.0,9.124336622698175,9.124336622698175,0.0,9.124336622698175,9.124336622698175,0.0,9.124336622698175,8.800715193849266,9.506884730600268,8.885360220581592,9.124336622698175,8.800715193849266,9.506884730600268,8.885360220581592,0.0,0.0,0.0,0.0,0.0,1.0,1.0,1.0,1.0,1.0,1.0
counterfact,edit,true,300,1,30,3.8115058843687053,3.048076693297837,4.315029720249569,-0.8355130081040794,-0.8355130081040794,0.0,-0.8355130081040794,-0.8355130081040794,0.0,-0.8355130081040794,-0.8355130081040794,0.0,-0.8355130081040794,-1.5378513849512148,-0.21440093027715956,-0.27222361456217925,-0.8355130081040794,-1.5378513849512148,-0.21440093027715956,-0.27222361456217925,0.0,0.0,0.0,0.0,0.0,0.0,0.0,0.0,0.0,0.0,0.0
counterfact,edit,true,300,2,30,4.624687843336706,4.321724049608598,4.833845256518373,0.0010526131712814172,0.0010526131712814172,0.0,0.0010526131712814172,0.0010526131712814172,0.0,0.0010526131712814172,0.0010526131712814172,0.0,0.0010526131712814172,-0.5938694005802201,0.6032993151083623,-0.06060914214966395,0.0010526131712814172,-0.5938694005802201,0.6032993151083623,-0.06060914214966395,0.0,0.0,0.0,0.0,0.0,0.0,0.0,0.0,0.0,0.0,0.0
counterfact,edit,true,300,3,30,5.154797186683477,4.857690999571247,5.4078320342693615,0.5395266400331911,0.5395266400331911,0.0,0.5395266400331911,0.5395266400331911,0.0,0.5395266400331911,0.5395266400331911,0.0,0.5395266400331911,-0.1726481959127244,1.1589842701944888,0.8817849654153385,0.5395266400331911,-0.1726481959127244,1.1589842701944888,0.8817849654153385,0.0,0.0,0.0,0.0,0.0,0.0,0.0,0.0,0.0,0.0,0.0
counterfact,edit,true,300,4,30,5.764966780279676,5.431144511173251,5.976328212758183,1.4258865638280183,1.4258865638280183,0.0,1.4258865638280183,1.4258865638280183,0.0,1.4258865638280183,1.4258865638280183,0.0,1.4258865638280183,0.7152862407640823,2.0555312016707035,1.5813486623192858,1.4258865638280183,0.7152862407640823,2.0555312016707035,1.5813486623192858,0.0,0.0,0.0,0.0,0.0,0.0,0.0,0.0,0.0,0.0,0.0
counterfact,edit,true,300,5,30,6.1537123198713095,5.976812393873132,6.392023877622464,1.47200200587642,1.47200200587642,0.0,1.47200200587642,1.47200200587642,0.0,1.47200200587642,1.47200200587642,0.0,1.47200200587642,0.9451396850783237,2.0674894059340545,1.7791314518535462,1.47200200587642,0.9451396850783237,2.0674894059340545,1.7791314518535462,0.0,0.0,0.0,0.0,0.0,0.0,0.0,0.0,0.0,0.0,0.0
counterfact,edit,true,300,6,30,6.61677397176915,6.4013063580209035,6.778720518127614,1.5234258342640203,1.5234258342640203,0.0,1.5234258342640203,1.5234258342640203,0.0,1.5234258342640203,1.5234258342640203,0.0,1.5234258342640203,0.7488270759159016,2.093546502936862,1.5959389021425245,1.5234258342640203,0.7488270759159016,2.093546502936862,1.5959389021425245,0.0,0.0,0.0,0.0,0.0,0.0,0.0,0.0,0.0,0.0,0.0
counterfact,edit,true,300,7,30,6.98503953998888,6.795158518294215,7.148633629478802,0.9949950286880118,0.9949950286880118,0.0,0.9949950286880118,0.9718585190690853,0.0231365096189266,0.9949950286880118,0.9949950286880118,0.0,0.9949950286880119,0.07327834044069159,1.8538291945059382,1.3958769720808384,0.9872828588150365,0.07215259309468315,1.8261682062722324,1.3403020874550649,0.0077121698729755534,-0.04454776371988576,0.06768427333881241,0.0,0.0,0.0,0.0,0.0,0.0,0.0,0.0
counterfact,edit,true,300,8,30,7.377610503717038,7.155443685041412,7.5908496867284185,1.8149124550411078,1.8149124550411078,0.0,1.8149124550411078,1.8149124550411078,0.0,1.8149124550411078,1.8149124550411078,0.0,1.8149124550411078,1.1972404610510206,2.376178308057377,1.586832362482978,1.8149124550411078,1.1972404610510206,2.376178308057377,1.586832362482978,0.0,0.0,0.0,0.0,0.0,0.0,0.0,0.0,0.0,0.0,0.0
counterfact,edit,true,300,9,30,7.943146588527112,7.5941074233383965,8.342962466657326,1.4833426054734924,1.4833426054734924,0.0,1.4833426054734924,1.4833426054734924,0.0,1.4833426054734924,1.4833426054734924,0.0,1.4833426054734924,0.6395617187079775,2.1857053608281776,1.7342577761002964,1.4833426054734924,0.6395617187079775,2.1857053608281776,1.7342577761002964,0.0,0.0,0.0,0.0,0.0,0.0,0.0,0.0,0.0,0.0,0.0
counterfact,edit,true,300,10,30,9.388861217971023,8.349945730567484,12.197098687023363,3.2524020461883394,3.2524020461883394,0.0,3.2524020461883394,3.0557559372138967,0.19664610897444254,3.2524020461883394,3.2524020461883394,0.0,3.2524020461883394,2.6911643203533577,3.821758238792531,2.8776474437009796,3.1868533431968586,2.671790515291603,3.6845415793225333,2.8776474437009796,0.06554870299148083,0.0,0.2621948119659233,0.0,0.0,0.0,0.0,0.0,0.0,0.0,0.0
counterfact,edit,true,100,1,10,3.8080761729015165,3.240568658142216,4.279538396022659,-0.7853381755997543,-0.7853381755997543,0.0,-0.7853381755997543,-0.7853381755997543,0.0,-0.7853381755997543,-0.7853381755997543,0.0,-0.7853381755997543,-1.945392452500716,0.08170250675767006,-0.27222361456217925,-0.7853381755997543,-1.945392452500716,0.08170250675767006,-0.27222361456217925,0.0,0.0,0.0,0.0,0.0,0.0,0.0,0.0,0.0,0.0,0.0
counterfact,edit,true,100,2,10,4.607262979012795,4.315029720249569,4.829025702416963,-0.514341762031178,-0.514341762031178,0.0,-0.514341762031178,-0.514341762031178,0.0,-0.514341762031178,-0.514341762031178,0.0,-0.514341762031178,-1.3944380061410517,0.3569420223413919,-0.37482513428639486,-0.514341762031178,-1.3944380061410517,0.3569420223413919,-0.37482513428639486,0.0,0.0,0.0,0.0,0.0,0.0,0.0,0.0,0.0,0.0,0.0
counterfact,edit,true,100,3,10,5.32692342759559,4.868652438531527,5.770248930446634,0.2564380130486942,0.2564380130486942,0.0,0.2564380130486942,0.2564380130486942,0.0,0.2564380130486942,0.2564380130486942,0.0,0.2564380130486942,-1.131430196406421,1.7778814527838052,0.5530011117762577,0.2564380130486942,-1.131430196406421,1.7778814527838052,0.5530011117762577,0.0,0.0,0.0,0.0,0.0,0.0,0.0,0.0,0.0,0.0,0.0
counterfact,edit,true,100,4,10,5.997448219294558,5.82405749335468,6.127324178978881,1.3685969331564103,1.3685969331564103,0.0,1.3685969331564103,1.3685969331564103,0.0,1.3685969331564103,1.3685969331564103,0.0,1.3685969331564103,0.12853908491415253,2.717076472209895,2.1284639621936083,1.3685969331564103,0.12853908491415253,2.717076472209895,2.1284639621936083,0.0,0.0,0.0,0.0,0.0,0.0,0.0,0.0,0.0,0.0,0.0
counterfact,edit,true,100,5,10,6.438750995521353,6.1663618876668735,6.686889696385066,0.9225210622239846,0.9225210622239846,0.0,0.9225210622239846,0.9225210622239846,0.0,0.9225210622239846,0.9225210622239846,0.0,0.9225210622239846,-0.1155766446597741,1.9984346985378725,1.1961499972628573,0.9225210622239846,-0.1155766446597741,1.9984346985378725,1.1961499972628573,0.0,0.0,0.0,0.0,0.0,0.0,0.0,0.0,0.0,0.0,0.0
counterfact,edit,true,100,6,10,6.866137145148487,6.697692328171755,7.0150533417620125,1.0441403933172446,1.0441403933172446,0.0,1.0441403933172446,1.0441403933172446,0.0,1.0441403933172446,1.0441403933172446,0.0,1.0441403933172446,-0.40448921755741946,2.128423484839153,1.5514944524802488,1.0441403933172446,-0.40448921755741946,2.128423484839153,1.5514944524802488,0.0,0.0,0.0,0.0,0.0,0.0,0.0,0.0,0.0,0.0,0.0
counterfact,edit,true,100,7,10,7.15290672089232,7.042997335559228,7.37701273166568,1.3006214221272057,1.3006214221272057,0.0,1.3006214221272057,1.3006214221272057,0.0,1.3006214221272057,1.3006214221272057,0.0,1.3006214221272057,-0.9833458028496488,2.8764214422058014,1.8852937445128326,1.3006214221272057,-0.9833458028496488,2.8764214422058014,1.8852937445128326,0.0,0.0,0.0,0.0,0.0,0.0,0.0,0.0,0.0,0.0,0.0
counterfact,edit,true,100,8,10,7.495329931802959,7.3777804902820066,7.706081878904584,2.129907009301845,2.129907009301845,0.0,2.129907009301845,2.129907009301845,0.0,2.129907009301845,2.129907009301845,0.0,2.129907009301845,1.0062111771892466,3.0919311790191517,1.9965399177360812,2.129907009301845,1.0062111771892466,3.0919311790191517,1.9965399177360812,0.0,0.0,0.0,0.0,0.0,0.0,0.0,0.0,0.0,0.0,0.0
counterfact,edit,true,100,9,10,8.083393258117784,7.724968706784786,8.54968369503947,1.5121199859478178,1.5121199859478178,0.0,1.5121199859478178,1.5121199859478178,0.0,1.5121199859478178,1.5121199859478178,0.0,1.5121199859478178,0.9283906402599242,2.0214889258241477,1.6418751977423494,1.5121199859478178,0.9283906402599242,2.0214889258241477,1.6418751977423494,0.0,0.0,0.0,0.0,0.0,0.0,0.0,0.0,0.0,0.0,0.0
counterfact,edit,true,100,10,10,9.240400130229734,8.63022647517596,11.237690811984152,3.083625044495115,3.083625044495115,0.0,3.083625044495115,3.083625044495115,0.0,3.083625044495115,3.083625044495115,0.0,3.083625044495115,2.04850098562215,4.095996075635289,2.763069659132615,3.083625044495115,2.04850098562215,4.095996075635289,2.763069659132615,0.0,0.0,0.0,0.0,0.0,0.0,0.0,0.0,0.0,0.0,0.0
counterfact,locality_item,true,300,1,90,3.8117904756293797,2.988896252519538,4.317647506857874,0.0,0.0,0.0,0.0,0.0025638618844987427,-0.0025638618844987427,0.0,0.0,0.0,0.0,0.0,0.0,0.0,0.000854620628166246,0.0,0.0026522709149986944,0.0,-0.000854620628166246,-0.0026522709149986944,0.0,0.0,,,,,,,
counterfact,locality_item,true,300,2,90,4.5715293528370715,4.327394679529483,4.858409354289488,0.0,0.007848871669026952,-0.007848871669026952,0.0,0.0,0.0,0.007848871669026952,0.0,0.007848871669026952,0.0026162905563423206,0.0,0.008409505359671745,0.0,0.0026162905563423206,0.0,0.008409505359671745,0.0,0.0,0.0,0.0,0.0,,,,,,,
counterfact,locality_item,true,300,3,90,5.111077761851169,4.865746519175985,5.348093512075337,0.0,0.014629537888595697,-0.014629537888595697,-0.00032896966928217035,0.0,-0.00032896966928217035,0.014629537888595697,0.0,0.014629537888595697,0.004766856073104512,-0.0015994158406251176,0.015087371811521063,0.0,0.004876512629531899,0.0,0.014882173869115684,0.0,-0.00010965655642738683,-0.002308117372766157,0.001990665401743106,0.0,,,,,,,
counterfact,locality_item,true,300,4,90,5.55450433218308,5.349224227814311,5.718506462961344,0.120586231215473,0.04703731972702556,0.07354891148844744,0.08303133553908724,0.04703731972702556,0.03599401581206168,0.04703731972702556,0.03215131903029515,0.014886000696730406,0.08355162882719526,0.009863702586725797,0.17915381127600485,0.0,0.04207531949478209,0.0,0.12183873994493204,0.0,0.041476309332413176,0.0,0.10522343489412798,0.0,,,,,,,
counterfact,locality_item,true,300,5,90,5.940383163479307,5.719935519065729,6.202409625930805,0.012299862208134293,0.0,0.012299862208134293,0.012299862208134293,0.03745595449012669,-0.025156092281992393,0.0,0.0,0.0,0.008199908138756198,-0.04178360999142257,0.07620555500803416,0.0,0.012485318163375562,0.0,0.038984079337508554,0.0,-0.004285410024619364,-0.04746357025370213,0.037876807911364066,0.0,,,,,,,
counterfact,locality_item,true,300,6,90,6.386027384301945,6.208280151110706,6.6043639564852725,0.0,0.0,0.0,0.0,0.0,0.0,0.0,0.0,0.0,0.0,0.0,0.0,0.0,0.0,0.0,0.0,0.0,0.0,0.0,0.0,0.0,,,,,,,
counterfact,locality_item,true,300,7,90,6.874869709026379,6.608754816650439,7.101478112285321,0.008272241648286124,0.0,0.008272241648286124,0.01668758247824837,0.0,0.01668758247824837,0.0,0.0,0.0,0.008319941375511498,0.0,0.02220241024377245,0.0,0.0,0.0,0.0,0.0,0.008319941375511498,0.0,0.02220241024377245,0.0,,,,,,,
counterfact,locality_item,true,300,8,90,7.394437106096152,7.1089187709620845,7.673018631046176,0.08064073232415091,0.0,0.08064073232415091,0.03106574356884802,0.0,0.03106574356884802,0.0,0.0,0.0,0.03723549196433297,0.0,0.09522835135161653,0.0,0.0,0.0,0.0,0.0,0.03723549196433297,0.0,0.09522835135161653,0.0,,,,,,,
counterfact,locality_item,true,300,9,90,7.954867318347258,7.682455771807412,8.27971901344128,0.04431748297197192,0.0,0.04431748297197192,0.0939418066897332,0.0,0.0939418066897332,0.0,0.0,0.0,0.04608642988723506,0.006243197273872281,0.09837955495661997,0.0,0.0,0.0,0.0,0.0,0.04608642988723506,0.006243197273872281,0.09837955495661997,0.0,,,,,,,
counterfact,locality_item,true,300,10,90,9.352623135806912,8.289198927507748,12.008044126835351,0.0,0.0,0.0,0.0,0.0,0.0,0.0,0.0,0.0,0.0,0.0,0.0,0.0,0.0,0.0,0.0,0.0,0.0,0.0,0.0,0.0,,,,,,,
counterfact,locality_item,true,100,1,30,3.930459424584304,3.072348197868429,4.453215513186798,0.0,0.0,0.0,0.0,0.0,0.0,0.0,0.0,0.0,0.0,0.0,0.0,0.0,0.0,0.0,0.0,0.0,0.0,0.0,0.0,0.0,,,,,,,
counterfact,locality_item,true,100,2,30,4.819036619545981,4.478785218531485,5.122698453342629,0.0,0.0,0.0,0.0,0.0,0.0,0.0,0.0,0.0,0.0,0.0,0.0,0.0,0.0,0.0,0.0,0.0,0.0,0.0,0.0,0.0,,,,,,,
counterfact,locality_item,true,100,3,30,5.421343687850108,5.164104477089417,5.6429813805684645,0.0,0.0,0.0,0.0,0.0,0.0,0.0,0.0,0.0,0.0,0.0,0.0,0.0,0.0,0.0,0.0,0.0,0.0,0.0,0.0,0.0,,,,,,,
counterfact,locality_item,true,100,4,30,5.853079984171467,5.656300788753626,6.112367183264055,0.0,0.0,0.0,0.0,0.0,0.0,0.0,0.0,0.0,0.0,0.0,0.0,0.0,0.0,0.0,0.0,0.0,0.0,0.0,0.0,0.0,,,,,,,
counterfact,locality_item,true,100,5,30,6.287612214478494,6.112949297598988,6.479983520743637,-0.07546827684597718,0.0,-0.07546827684597718,-0.07546827684597718,0.0,-0.07546827684597718,0.0,0.0,0.0,-0.05031218456398478,-0.1617177360985225,0.0,0.0,0.0,0.0,0.0,0.0,-0.05031218456398478,-0.1617177360985225,0.0,0.0,,,,,,,
counterfact,locality_item,true,100,6,30,6.779406692521704,6.491249707156705,7.043581866668902,0.024816724944858374,0.0,0.024816724944858374,0.0,0.0,0.0,0.0,0.0,0.0,0.008272241648286134,0.0,0.024816724944858405,0.0,0.0,0.0,0.0,0.0,0.008272241648286134,0.0,0.024816724944858405,0.0,,,,,,,
counterfact,locality_item,true,100,7,30,7.27620459647307,7.046159567002874,7.526711963865502,0.0409817877071049,0.0,0.0409817877071049,0.05006274743474511,0.0,0.05006274743474511,0.0,0.0,0.0,0.03034817838061666,0.0,0.07858315701202966,0.0,0.0,0.0,0.0,0.0,0.03034817838061666,0.0,0.07858315701202966,0.0,,,,,,,
counterfact,locality_item,true,100,8,30,7.745734276362409,7.578320159906006,7.896739114438276,0.0,0.0,0.0,0.09379438903007606,0.0,0.09379438903007606,0.0,0.0,0.0,0.03126479634335869,0.0,0.106320349103537,0.0,0.0,0.0,0.0,0.0,0.03126479634335869,0.0,0.106320349103537,0.0,,,,,,,
counterfact,locality_item,true,100,9,30,8.17395468575193,7.941554184009256,8.53995043500828,0.0,0.0,0.0,0.08209265581542363,0.0,0.08209265581542363,0.0,0.0,0.0,0.02736421860514122,0.0,0.0912140620171374,0.0,0.0,0.0,0.0,0.0,0.02736421860514122,0.0,0.0912140620171374,0.0,,,,,,,
counterfact,locality_item,true,100,10,30,9.42092244356263,8.54225081621422,12.008044126835351,0.0,0.0,0.0,0.0,0.0,0.0,0.0,0.0,0.0,0.0,0.0,0.0,0.0,0.0,0.0,0.0,0.0,0.0,0.0,0.0,0.0,,,,,,,
counterfact,near_miss_neighbour,true,300,1,10,4.79526256871937,4.067152968172543,5.177587134294761,0.0,0.0,0.0,0.0,0.19690707698720616,-0.19690707698720616,0.0,0.0,0.0,0.0,0.0,0.0,0.0,0.06563569232906871,0.0,0.19690707698720616,0.0,-0.06563569232906871,-0.19690707698720616,0.0,0.0,0.0,0.0,0.0,0.0,0.0,0.0,0.0
counterfact,near_miss_neighbour,true,300,2,10,5.402686561709613,5.180642239698287,5.637348454747254,0.0,0.0,0.0,-0.008972738774215828,0.0,-0.008972738774215828,0.0,0.0,0.0,-0.002990912924738609,-0.008972738774215828,0.0,0.0,0.0,0.0,0.0,0.0,-0.002990912924738609,-0.008972738774215828,0.0,0.0,0.0,0.0,0.0,0.0,0.0,0.0,0.0
counterfact,near_miss_neighbour,true,300,3,10,5.858213706053928,5.685069707163009,6.1235917917283444,0.0,0.0,0.0,0.0,0.0,0.0,0.0,0.0,0.0,0.0,0.0,0.0,0.0,0.0,0.0,0.0,0.0,0.0,0.0,0.0,0.0,0.0,0.0,0.0,0.0,0.0,0.0,0.0
counterfact,near_miss_neighbour,true,300,4,10,6.405699755503551,6.167714543934196,6.553851041815989,0.0,0.0,0.0,0.0,0.0,0.0,0.0,0.0,0.0,0.0,0.0,0.0,0.0,0.0,0.0,0.0,0.0,0.0,0.0,0.0,0.0,0.0,0.0,0.0,0.0,0.0,0.0,0.0
counterfact,near_miss_neighbour,true,300,5,10,6.890545640316778,6.738647124707555,7.0989826847835396,0.0,0.0,0.0,0.0,0.0,0.0,0.0,0.0,0.0,0.0,0.0,0.0,0.0,0.0,0.0,0.0,0.0,0.0,0.0,0.0,0.0,0.0,0.0,0.0,0.0,0.0,0.0,0.0
counterfact,near_miss_neighbour,true,300,6,10,7.4019378173429144,7.104838796902939,7.606229134579721,0.0,0.0,0.0,0.0,0.0,0.0,0.0,0.0,0.0,0.0,0.0,0.0,0.0,0.0,0.0,0.0,0.0,0.0,0.0,0.0,0.0,0.0,0.0,0.0,0.0,0.0,0.0,0.0
counterfact,near_miss_neighbour,true,300,7,10,7.812298274371315,7.696490547363666,7.99650234511229,0.0,0.0,0.0,0.0,0.0,0.0,0.0,0.0,0.0,0.0,0.0,0.0,0.0,0.0,0.0,0.0,0.0,0.0,0.0,0.0,0.0,0.0,0.0,0.0,0.0,0.0,0.0,0.0
counterfact,near_miss_neighbour,true,300,8,10,8.215677155183368,8.008750554368497,8.548127048189706,0.3463501793831817,0.0,0.3463501793831817,0.5489421237478531,0.0,0.5489421237478531,0.10230453470926122,0.0,0.10230453470926122,0.33253227928009865,0.03342913655180339,0.7936937621906214,0.0,0.0,0.0,0.0,0.0,0.33253227928009865,0.03342913655180339,0.7936937621906214,0.0,0.0,0.0,0.0,0.0,0.0,0.0,0.0
counterfact,near_miss_neighbour,true,300,9,10,8.816349036917922,8.602001314566252,9.085324388555371,0.2227461618593473,0.0,0.2227461618593473,0.2227461618593473,0.0,0.2227461618593473,0.0,0.0,0.0,0.14849744123956485,0.0,0.44549232371869457,0.0,0.0,0.0,0.0,0.0,0.14849744123956485,0.0,0.44549232371869457,0.0,0.0,0.0,0.0,0.0,0.0,0.0,0.0
counterfact,near_miss_neighbour,true,300,10,10,10.073380017381618,9.123175057726579,11.41116301710354,0.0,0.0,0.0,0.0,0.0,0.0,0.0,0.0,0.0,0.0,0.0,0.0,0.0,0.0,0.0,0.0,0.0,0.0,0.0,0.0,0.0,0.0,0.0,0.0,0.0,0.0,0.0,0.0
counterfact,near_miss_neighbour,true,100,1,10,4.79526256871937,4.067152968172543,5.177587134294761,0.0,0.0,0.0,0.0,0.0,0.0,0.0,0.0,0.0,0.0,0.0,0.0,0.0,0.0,0.0,0.0,0.0,0.0,0.0,0.0,0.0,0.0,0.0,0.0,0.0,0.0,0.0,0.0
counterfact,near_miss_neighbour,true,100,2,10,5.402686561709613,5.180642239698287,5.637348454747254,0.0,0.0,0.0,0.0,0.0,0.0,0.0,0.0,0.0,0.0,0.0,0.0,0.0,0.0,0.0,0.0,0.0,0.0,0.0,0.0,0.0,0.0,0.0,0.0,0.0,0.0,0.0,0.0
counterfact,near_miss_neighbour,true,100,3,10,5.858213706053928,5.685069707163009,6.1235917917283444,0.0,0.0,0.0,0.0,0.0,0.0,0.0,0.0,0.0,0.0,0.0,0.0,0.0,0.0,0.0,0.0,0.0,0.0,0.0,0.0,0.0,0.0,0.0,0.0,0.0,0.0,0.0,0.0
counterfact,near_miss_neighbour,true,100,4,10,6.405699755503551,6.167714543934196,6.553851041815989,0.0,0.0,0.0,0.0,0.0,0.0,0.0,0.0,0.0,0.0,0.0,0.0,0.0,0.0,0.0,0.0,0.0,0.0,0.0,0.0,0.0,0.0,0.0,0.0,0.0,0.0,0.0,0.0
counterfact,near_miss_neighbour,true,100,5,10,6.890545640316778,6.738647124707555,7.0989826847835396,0.0,0.0,0.0,0.0,0.0,0.0,0.0,0.0,0.0,0.0,0.0,0.0,0.0,0.0,0.0,0.0,0.0,0.0,0.0,0.0,0.0,0.0,0.0,0.0,0.0,0.0,0.0,0.0
counterfact,near_miss_neighbour,true,100,6,10,7.4019378173429144,7.104838796902939,7.606229134579721,0.0,0.0,0.0,0.0,0.0,0.0,0.0,0.0,0.0,0.0,0.0,0.0,0.0,0.0,0.0,0.0,0.0,0.0,0.0,0.0,0.0,0.0,0.0,0.0,0.0,0.0,0.0,0.0
counterfact,near_miss_neighbour,true,100,7,10,7.812298274371315,7.696490547363666,7.99650234511229,0.0,0.0,0.0,0.0,0.0,0.0,0.0,0.0,0.0,0.0,0.0,0.0,0.0,0.0,0.0,0.0,0.0,0.0,0.0,0.0,0.0,0.0,0.0,0.0,0.0,0.0,0.0,0.0
counterfact,near_miss_neighbour,true,100,8,10,8.215677155183368,8.008750554368497,8.548127048189706,0.0,0.0,0.0,0.2025919443646714,0.0,0.2025919443646714,0.10230453470926122,0.0,0.10230453470926122,0.10163215969131087,0.0,0.27146734252212923,0.0,0.0,0.0,0.0,0.0,0.10163215969131087,0.0,0.27146734252212923,0.0,0.0,0.0,0.0,0.0,0.0,0.0,0.0
counterfact,near_miss_neighbour,true,100,9,10,8.816349036917922,8.602001314566252,9.085324388555371,0.0,0.0,0.0,0.0,0.0,0.0,0.0,0.0,0.0,0.0,0.0,0.0,0.0,0.0,0.0,0.0,0.0,0.0,0.0,0.0,0.0,0.0,0.0,0.0,0.0,0.0,0.0,0.0
counterfact,near_miss_neighbour,true,100,10,10,10.073380017381618,9.123175057726579,11.41116301710354,0.0,0.0,0.0,0.0,0.0,0.0,0.0,0.0,0.0,0.0,0.0,0.0,0.0,0.0,0.0,0.0,0.0,0.0,0.0,0.0,0.0,0.0,0.0,0.0,0.0,0.0,0.0,0.0
counterfact,paraphrase,new,300,1,60,4.898073394214804,3.619892598202682,5.5114842032711735,2.885464514758566,3.865292561434889,-0.9798280466763232,3.481154470915466,3.9900081863103307,-0.5088537153948641,3.299795431290263,3.966758299446122,-0.6669628681558588,3.2221381389880985,2.6797879986568307,3.732630054151353,3.8847245265950607,3.940686349063781,3.4544228110488278,4.357638820699738,4.700638523017442,-0.718548210075682,-1.050595256568585,-0.3849829624455124,0.0,0.0,0.7833333333333333,0.8,0.8,0.5666666666666667,0.7,0.6666666666666666
counterfact,paraphrase,new,300,2,60,5.8160863907271505,5.526270867331085,6.075628906682667,3.9779666455502913,4.8360596209055915,-0.8580929753552994,4.8234329989294205,5.109603376086251,-0.28617037715682986,4.27181727831652,4.928742122017801,-0.6569248437012806,4.357738974265411,3.7869893407234008,4.911476363789912,5.606990986401282,4.958135039669881,4.51268596408649,5.3255832704276695,5.649842635599535,-0.6003960654044698,-1.0357641602724703,-0.1959277823580201,0.0,0.0,0.8333333333333334,0.8833333333333333,0.85,0.6833333333333333,0.8333333333333334,0.7333333333333333
counterfact,paraphrase,new,300,3,60,6.269767539946243,6.075907814731757,6.444406139467411,3.8273789454716365,5.389353492342954,-1.5619745468713166,5.088267971521016,5.661859940688782,-0.5735919691677668,4.046513396018851,5.498164553395204,-1.4516511573763524,4.320720104337168,3.781674928036678,4.890953662167811,4.280158463630905,5.516459328808979,5.1457972522459565,5.9039886274284505,6.193113730575799,-1.195739224471812,-1.74495252978378,-0.7043020449799344,0.0,0.0,0.8666666666666667,0.9,0.8666666666666667,0.6166666666666667,0.8166666666666667,0.65
counterfact,paraphrase,new,300,4,60,6.677338918497633,6.446656703226537,6.856963309702344,3.6448731879242073,5.866255782207032,-2.221382594282824,5.415148640269381,5.312238723350661,0.10290991691872016,4.306663579222543,5.91356579331922,-1.6069022140966767,4.455561802472044,3.8294323199140052,5.0816272783232685,4.520933919046648,5.6973534329589715,5.146165264929502,6.150899682164636,6.539459301464824,-1.2417916304869268,-1.6990442487825839,-0.8109965908069611,0.0,0.0,0.8833333333333333,0.8,0.8833333333333333,0.55,0.8166666666666667,0.65
counterfact,paraphrase,new,300,5,60,7.104745954249462,6.860838325079488,7.378672141800706,3.503683187105139,5.646860588673347,-2.143177401568208,5.4094919656710685,5.530118197726309,-0.12062623205524071,4.564064770788216,6.002587870717611,-1.4385230999293972,4.492413307854807,3.7487556451786945,5.151824484241912,4.833630266519833,5.726522219039089,5.084727807853402,6.253294613568693,6.969387684261843,-1.234108911184282,-1.7903334558592372,-0.6739454469821716,0.0,0.0,0.8,0.7833333333333333,0.85,0.5,0.7666666666666667,0.65
counterfact,paraphrase,new,300,6,60,7.596604410054906,7.3929376325326075,7.790686384734016,5.397702236591654,6.154067644045865,-0.756365407454211,6.285195685844728,6.46506045319285,-0.17986476734812093,5.660125906556541,6.399336770836012,-0.7392108642794708,5.7810079429976415,5.064163802747522,6.459410756459449,7.4372161141514574,6.3394882893582425,5.67337997681863,6.9744082465511665,7.4792842382040154,-0.5584803463606008,-0.9412417586527219,-0.19508188008420646,0.0,0.0,0.8,0.8333333333333334,0.8166666666666667,0.7,0.8166666666666667,0.7333333333333333
counterfact,paraphrase,new,300,7,60,7.968946136303583,7.795159725288826,8.153884262393102,3.8225327831079405,6.202749981245142,-2.380217198137201,6.397186189322894,6.0602666107085765,0.3369195786143179,4.82024938203867,6.3865970954414975,-1.5663477134028265,5.013322784823169,4.274479532925464,5.767953878144498,5.286051540234796,6.216537895798406,5.5120132508449835,6.884796973116563,7.820211461751914,-1.2032151109752363,-1.742157777049642,-0.6478004777802346,0.0,0.0,0.75,0.7666666666666667,0.7833333333333333,0.4666666666666667,0.8,0.6
counterfact,paraphrase,new,300,8,60,8.37220568137952,8.163295750207055,8.655948138949697,4.650010485865358,6.6286537854474155,-1.978643299582057,6.219419570104352,6.413561006934146,-0.1941414368297934,5.243750648431771,6.901109763917022,-1.6573591154852514,5.3710602348004945,4.476583064829241,6.263161150864004,7.446482003459149,6.647774852099528,5.992772781335627,7.303160054670882,8.194738464404821,-1.276714617299034,-1.9174097333391844,-0.6489091973986219,0.0,0.0,0.8,0.7666666666666667,0.8166666666666667,0.5666666666666667,0.75,0.6333333333333333
counterfact,paraphrase,new,300,9,60,8.987115730150505,8.696547480120842,9.379235792654281,3.690267932353174,6.8818024291363065,-3.1915344967831323,6.372363463596896,6.427722452374614,-0.05535898877771785,5.4571123265129575,7.54489748503327,-2.087785158520312,5.173247907487676,4.231253897631044,6.1022293980944,5.863142518328249,6.951474122181398,6.1827651424043495,7.660139509157657,8.641355915924976,-1.7782262146937207,-2.5522074848830014,-0.9248469302564506,0.0,0.0,0.75,0.6666666666666666,0.8166666666666667,0.4,0.6833333333333333,0.6
counterfact,paraphrase,new,300,10,60,10.0036996434459,9.393399971100457,11.930701958284235,6.460711435608848,8.600750327656069,-2.1400388920472184,8.223053426721146,8.237877480401842,-0.014824053680693084,6.980392064696721,8.901482472967142,-1.9210904082704217,7.22138564234224,6.408540374546178,8.09461038767784,8.800761397888039,8.580036760341683,7.843713177841945,9.157939511820716,9.481763721391783,-1.3586511179994445,-2.0472140779924377,-0.6860173514059462,0.0,0.0,0.8333333333333334,0.8,0.8666666666666667,0.6333333333333333,0.8,0.6833333333333333
counterfact,paraphrase,new,100,1,20,4.956831801353955,3.619892598202682,5.5114842032711735,1.793349541129632,3.250819954279188,-1.4574704131495562,2.761491731532133,3.057047630233707,-0.29555589870157417,2.5193191444030933,3.294376082772505,-0.775056938369412,2.358053472354953,1.4133767569074327,3.353404762273631,2.370289935360924,3.2007478890951333,2.015645372836535,4.284039586648104,4.700638523017442,-0.8426944167401806,-1.2948122898345007,-0.3748165158374846,0.0,0.0,0.65,0.6,0.65,0.35,0.55,0.5
counterfact,paraphrase,new,100,2,20,5.806432058651472,5.5578846821377255,6.094703412396807,2.907956723269378,4.931209153393958,-2.02325243012458,4.345601983808157,5.466878437003994,-1.121276453195837,4.062849982989677,4.607436943483227,-0.5445869604935506,3.7721362300224044,2.5911941226707755,4.909170524781239,4.7702478669280515,5.001841511293726,4.344295347707247,5.542284065172704,5.633851322873532,-1.2297052812713225,-2.0412242413517028,-0.38967533663353077,0.0,0.0,0.85,0.95,0.8,0.5,0.75,0.7
counterfact,paraphrase,new,100,3,20,6.308930048132832,6.123184738566614,6.440803773048092,3.7388914323682156,5.004719513940865,-1.2658280815726486,5.328244128674177,5.815796137484819,-0.48755200881064165,4.067326206408017,5.504506167907698,-1.4371799614996805,4.37815392248347,3.304706126345133,5.367686023937364,4.280158463630905,5.441673939777795,4.718148218705729,6.014187449679439,6.1991757464787725,-1.0635200172943235,-2.0822210671743004,-0.1062507560004778,0.0,0.0,0.8,0.9,0.85,0.6,0.85,0.65
counterfact,paraphrase,new,100,4,20,6.6724045558818,6.446656703226537,6.838543214156914,3.6537120343587395,5.963890174525372,-2.310178140166633,5.305099638880651,5.307053798747397,-0.0019541598667453643,4.9723584652313475,6.631501208093448,-1.6591427428621004,4.643723379490247,3.686543468246734,5.548385109043067,5.475344100829787,5.967481727122072,5.366120748990412,6.47618331201133,6.580221445152308,-1.3237583476318262,-2.092761927822513,-0.5823138305876565,0.0,0.0,0.9,0.8,1.0,0.55,0.8,0.75
counterfact,paraphrase,new,100,5,20,7.060654303432301,6.8825187957052805,7.356696543310434,4.563613025703271,5.983301187066337,-1.419688161363067,5.618417724100415,5.9791359466351395,-0.360718222534725,4.892884246759662,6.67366914812313,-1.780784901363468,5.024971665521116,3.833052732282992,6.094105211349137,6.867680509070132,6.21203542727487,5.426562535989517,6.813957867952671,6.990625797338554,-1.1870637617537532,-2.2603658207915833,-0.2370417768098706,0.0,0.0,0.85,0.85,0.95,0.65,0.8,0.7
counterfact,paraphrase,new,100,6,20,7.582514490180695,7.374606164186609,7.822889771914134,4.841783148191688,7.112086909848974,-2.270303761657286,6.736553487182919,7.112086909848974,-0.3755334226660548,6.346427367940531,7.112086909848974,-0.7656595419084414,5.974921334438379,4.585534343408235,7.029372529251229,7.4372161141514574,7.112086909848974,6.351919355068485,7.570046549564701,7.542494490702129,-1.1371655754105938,-2.043359443273731,-0.3858622410415797,0.0,0.0,0.95,0.95,0.95,0.65,0.9,0.85
counterfact,paraphrase,new,100,7,20,8.030982643387551,7.825728010718279,8.234123647600356,4.023315904821,6.9061456634897995,-2.8828297586688008,5.725932694945795,6.527755640591272,-0.8018229456454768,4.135903367974711,6.523601420619869,-2.3876980526451588,4.628383989247169,3.21039207002929,6.2386575281002425,4.782806153938559,6.652500908233646,5.607856647198896,7.594956411636703,7.886144291066197,-2.0241169189864783,-3.3070663866667083,-0.8008618883180652,0.0,0.0,0.85,0.8,0.8,0.5,0.7,0.5
counterfact,paraphrase,new,100,8,20,8.444917565954466,8.262329208552167,8.701978409663269,4.510304421493613,6.996900127954177,-2.486595706460565,5.753044006969743,6.996900127954177,-1.2438561209844337,5.3630436215507995,7.0021503967045815,-1.6391067751537822,5.208797350004718,3.421615358438854,6.629583267182433,6.42267123282602,6.998650217537646,5.706032220730805,7.990306291566855,8.219085295562941,-1.789852867532927,-3.077576460988165,-0.7406110767440722,0.0,0.0,0.85,0.85,0.85,0.55,0.7,0.65
counterfact,paraphrase,new,100,9,20,8.980716730252578,8.774086467823025,9.379235792654281,4.824529550487201,7.479689475801228,-2.6551599253140297,6.577897538072625,7.9575174225990795,-1.3796198845264545,6.664051692327499,7.939276360179639,-1.2752246678521413,6.022159593629108,4.336976557205095,7.350072840151611,7.185194675288884,7.792161086193315,6.853043351476128,8.515228225225997,8.726562884795811,-1.7700014925642082,-3.1418164051439037,-0.701713002384573,0.0,0.0,0.85,0.9,0.9,0.55,0.75,0.75
counterfact,paraphrase,new,100,10,20,9.830618309047331,9.393399971100457,11.19490263331058,6.768498025345465,9.168372432829514,-2.3998744074840483,9.299208851746746,8.688493977482134,0.6107148742646128,7.303285422560412,8.622991763296543,-1.3197063407361318,7.790330766550875,6.887062016073062,8.760170698312729,8.699631617740806,8.82661939120273,8.067686050863315,9.522781558764946,9.474169121831725,-1.036288624651856,-1.9404210065680358,-0.12794754430013114,0.0,0.0,0.95,0.9,0.9,0.7,0.95,0.75
counterfact,paraphrase,true,300,1,60,4.107944751429377,2.7485463354773074,4.665613685714085,0.20568804536288526,0.3009175668085445,-0.09522952144565924,0.2651404326849294,0.34343044564658004,-0.07829001296165068,0.26182919403307614,0.38701229946829024,-0.1251831054352141,0.24421922402696356,-0.08239813165460154,0.5429428319483116,0.19293503786252586,0.3437867706411383,-0.026216496668329432,0.6968536329019382,0.4566084831694326,-0.0995675466141747,-0.25164673969694484,0.03496422760619976,0.0,0.0,0.0,0.0,0.0,0.0,0.0,0.0
counterfact,paraphrase,true,300,2,60,4.999567615830714,4.669224573211373,5.241092756853831,0.45605058926131137,0.8362818997563001,-0.3802313104949888,0.780774563618044,0.9221299062481918,-0.14135534263014798,0.5842443307689216,0.7112487675772852,-0.12700443680836362,0.6070231612160922,0.21490356996687865,1.0124216390290501,0.5557410126357247,0.8232201911939256,0.37450881680444276,1.3023064328735938,0.7964327939464049,-0.21619702997783347,-0.39669088464424535,-0.05044301682765602,0.0,0.0,0.0,0.0,0.0,0.0,0.0,0.0
counterfact,paraphrase,true,300,3,60,5.499559335414691,5.2441429307882075,5.762212047331943,0.8745626800523024,1.4703770157947378,-0.5958143357424356,1.3551300347736197,1.37416503426162,-0.01903499948800024,1.08471086409668,1.351074915192998,-0.2663640510963181,1.1048011929742005,0.7875785450619895,1.44431468531363,0.8422979131117136,1.3985389884164519,1.0621497326039866,1.756656781345303,1.4581636649127656,-0.29373779544225137,-0.4456467837475601,-0.1438932237590453,0.0,0.0,0.016666666666666666,0.016666666666666666,0.0,0.0,0.016666666666666666,0.016666666666666666
counterfact,paraphrase,true,300,4,60,6.013006567112855,5.767570898420672,6.274319041292372,1.2830188454386016,1.4272285831679883,-0.14420973772938694,1.4013719914923728,1.596468165051892,-0.19509617355951914,1.3854682555322155,1.687752978165339,-0.30228472263312406,1.3566196974877298,0.9983045741536097,1.6987695525826165,1.1834960026633468,1.5704832421284065,1.145721684928747,1.9269798906353357,1.5266135913562664,-0.21386354464067678,-0.3806274191139181,-0.07024343937918594,0.0,0.0,0.0,0.0,0.0,0.0,0.0,0.0
counterfact,paraphrase,true,300,5,60,6.499119250176068,6.278680676934485,6.726600144738008,1.440454071049946,1.663828635122806,-0.22337456407286022,1.7848077059324063,1.8802420247216844,-0.09543431878927802,1.3790353651901726,1.9932207902835661,-0.6141854250933935,1.534765714057508,1.0808958552942267,1.990726002070802,1.0892806357114897,1.845763816709352,1.329877448446323,2.3312678117539103,1.8712229215346468,-0.3109981026518439,-0.4735549821553395,-0.1385609654776208,0.0,0.0,0.0,0.0,0.0,0.0,0.0,0.0
counterfact,paraphrase,true,300,6,60,6.939364994991975,6.739374896738468,7.122781751617591,1.3204638297337943,1.9979980193548459,-0.6775341896210515,1.7272096702883255,1.8414905755615687,-0.11428090527324328,1.6320455292323333,2.028221522803646,-0.39617599357131256,1.5599063430848177,1.1780908592883672,1.950831238858376,1.273213778794661,1.9559033725733534,1.5582163407198024,2.319214136217039,1.9033397503760412,-0.39599702948853577,-0.6078443019364813,-0.1883909470416417,0.0,0.0,0.0,0.0,0.0,0.0,0.0,0.0
counterfact,paraphrase,true,300,7,60,7.400340916593757,7.130210320854658,7.723115729731838,1.3705694323189224,2.06270722023145,-0.6921377879125276,2.1063757919598878,1.9463127082627214,0.16006308369716613,1.5999280500650004,2.222361736400833,-0.6224336863358324,1.6922910914479368,1.3375222987020128,2.0529986317441264,1.612823012631289,2.077127221631668,1.710867341468143,2.4530908728991303,2.0537453715557668,-0.38483613018373125,-0.6807137927362428,-0.14822750316116293,0.0,0.0,0.0,0.0,0.0,0.0,0.0,0.0
counterfact,paraphrase,true,300,8,60,7.937795275960187,7.723885440123659,8.194107860538235,1.4143285053643233,2.133797650270253,-0.7194691449059302,2.039176303951929,1.9655810374060598,0.07359526654586937,1.7632972169101524,2.2359173150263363,-0.47262009811618466,1.738934008742135,1.3350133544288554,2.1248891982665556,1.5872816857689993,2.1117653342342164,1.6759170198580715,2.5052951768547667,2.3883218706639227,-0.37283132549208187,-0.6962699036629714,-0.027400820523451767,0.0,0.0,0.0,0.0,0.0,0.0,0.0,0.0
counterfact,paraphrase,true,300,9,60,8.622504793259745,8.198868586837719,9.12111631909724,1.8380124741088502,2.6466347467582367,-0.8086222726493862,2.615647108891589,2.6727632061236006,-0.05711609723201156,2.1424162886288567,2.980226147268269,-0.8378098586394119,2.198691957209766,1.6731432754544435,2.6880556644615488,2.2714007993625565,2.7665413667167025,2.2370083039959012,3.21745219952619,3.295904802499221,-0.5678494095069365,-0.8167132881465916,-0.36379535988895884,0.0,0.0,0.0,0.0,0.0,0.0,0.0,0.0
counterfact,paraphrase,true,300,10,60,9.94435954441797,9.141591340209345,11.967511455354824,2.347022977867391,3.4797487299166283,-1.1327257520492375,3.2596175006891217,3.3222258679939447,-0.06260836730482347,2.8676428901460578,3.4541491257018753,-0.5865062355558178,2.824761122900856,2.3816029754738466,3.2760604459882092,2.9094645911902526,3.4187079078708162,2.954980169420587,3.8118946519374126,3.833430612157995,-0.5939467849699597,-0.9094653395818424,-0.30294778873403166,0.0,0.0,0.0,0.0,0.0,0.0,0.0,0.0
counterfact,paraphrase,true,100,1,20,4.0672702343859495,2.9495708815363244,4.669224573211373,0.08369269319145989,0.2869656979051481,-0.2032730047136882,0.2812029655317307,0.38163404937430023,-0.10043108384256953,0.2679167735371747,0.37951169786008665,-0.11159492432291192,0.21093747742012176,-0.3195036652516521,0.6545813488086856,0.144447976975016,0.3493704817131783,-0.26791512134847895,0.8949420984790483,0.35001454210143024,-0.13843300429305652,-0.45571825597242344,0.09174079388733192,0.0,0.0,0.0,0.0,0.0,0.0,0.0,0.0
counterfact,paraphrase,true,100,2,20,5.105440870460812,4.749256164686415,5.384585893299391,-0.21455367799055072,0.394909653196078,-0.6094633311866288,0.6100258646882795,0.565351665401991,0.04467419928628846,0.42101020340428297,0.625124183445663,-0.20411398004138004,0.27216079670067056,-0.7536530184029495,1.1387432210419717,0.4192156987505631,0.5284618340145772,-0.6147775407273607,1.5570966523936156,0.5523018065445915,-0.2563010373139068,-0.5404060879535766,-0.0345871479261486,0.0,0.0,0.05,0.05,0.05,0.0,0.05,0.05
counterfact,paraphrase,true,100,3,20,5.68644459167633,5.398309368603691,5.915842869393455,0.3517675851809656,1.2571751535140014,-0.905407568333036,0.7544125387893209,1.0402943323168665,-0.28588179352754556,0.480235323325933,1.4288084074667324,-0.9485730841407992,0.52880514909874,0.10669219191649809,1.0637608268332253,0.39837980827068975,1.2420926310992002,0.7093839646377793,1.8297398577288047,0.9797998134726242,-0.7132874820004601,-1.133825735258241,-0.3776615269348957,-0.17605961006857385,0.0,0.0,0.0,0.0,0.0,0.0,0.0
counterfact,paraphrase,true,100,4,20,6.185280833745523,5.95292867344115,6.456189556223357,1.1097010041442634,1.3876280512366388,-0.2779270470923752,1.3386240797317888,1.5273136907323432,-0.18868961100055442,0.9333995644811928,1.576317662237193,-0.6429180977560003,1.127241549452415,0.7316825690706,1.5461360187060498,0.997189950536697,1.497086468068725,1.026018068094054,1.995366510099822,1.550698065982278,-0.3698449186163101,-0.6514290573927793,-0.1400814457897553,0.0,0.0,0.0,0.0,0.0,0.0,0.0,0.0
counterfact,paraphrase,true,100,5,20,6.717178069586472,6.47094839499503,6.947260977243374,0.9487776246348696,1.3888453001794776,-0.44006767554460796,1.2624856370715252,1.8062562841942689,-0.5437706471227438,1.4603822098667547,1.6248218634159968,-0.164439653549242,1.2238818238577165,0.5563384872839239,1.8154868310788161,1.1501469984351598,1.606641149263248,0.9398300964065739,2.3235427201698053,1.6187327667880318,-0.38275932540553126,-0.8204500029277716,0.05627546487987368,0.0,0.0,0.0,0.0,0.0,0.0,0.0,0.0
counterfact,paraphrase,true,100,6,20,7.2490107457891355,6.981100748840092,7.5662265070162675,1.37597599749768,2.181060790287797,-0.8050847927901168,2.126221314704071,1.9291009796323138,0.19712033507175697,1.6263592619844307,2.1836080148521297,-0.557248752867699,1.7095188580620604,1.2628494286921512,2.157728048630405,1.8329478503129941,2.0979232615907466,1.5734969224036113,2.6102993049092453,1.8871226331847204,-0.38840440352868627,-0.6656101143480226,-0.16929825283406563,0.0,0.0,0.0,0.0,0.0,0.0,0.0,0.0
counterfact,paraphrase,true,100,7,20,7.781761719226521,7.580647329430178,7.988250587998444,0.8007231908440868,2.0350974323002817,-1.234374241456195,1.2324002877208815,1.844064566155847,-0.6116642784349654,1.1395679237766287,1.6070921785019714,-0.46752425472534254,1.0575638007805324,0.5586428704572418,1.5640159774784477,1.0025907169895993,1.8287513923193668,1.176056950234195,2.550183163500449,2.110763033845153,-0.7711875915388344,-1.4707306184190887,-0.2158530426627823,0.0,0.0,0.0,0.0,0.0,0.0,0.0,0.0
counterfact,paraphrase,true,100,8,20,8.239300089118505,8.076874971182743,8.46250455414426,1.0313346026167056,1.8844503538709638,-0.8531157512542581,1.5382408231407205,1.6525569312702224,-0.11431610812950196,1.6552631115815817,2.2261293553809947,-0.570866243799413,1.4082795124463359,0.6846529434323085,2.1607562351608203,1.4428425230547557,1.9210455468407268,1.1389924743903905,2.7455517943837022,1.9792398857018596,-0.5127660343943911,-0.8638533576647219,-0.19448899805684217,0.0,0.0,0.0,0.0,0.0,0.0,0.0,0.0
counterfact,paraphrase,true,100,9,20,8.825741026792354,8.474463277438272,9.231317726020464,2.4746900583570857,3.3426483687059743,-0.8679583103488889,3.2741258914342724,3.3426483687059743,-0.06852247727170191,2.6233941741046465,3.3426483687059743,-0.7192541946013279,2.7907367079653342,1.9036762297880472,3.634355044833374,2.898829673398552,3.3426483687059743,2.4597474974159077,4.085641078600275,4.14460035609655,-0.5519116607406396,-1.0724519969550503,-0.14764808507301375,0.0,0.0,0.0,0.0,0.0,0.0,0.0,0.0
counterfact,paraphrase,true,100,10,20,10.094782657198442,9.259348247969609,11.967511455354824,2.6133252510943263,3.3116718313696674,-0.6983465802753408,3.6042187341453045,3.356477325476019,0.2477414086692848,2.936405408175596,3.251716382392,-0.31531097421640447,3.0513164644717423,2.2728576131703755,3.873158254071598,3.2732447936134634,3.3066218464125625,2.4244476743025216,4.148588799707062,3.5195752358660144,-0.25530538194082014,-0.6729727292739914,0.11613000830189547,0.0,0.0,0.0,0.0,0.0,0.0,0.0,0.0
counterfact,unseen,new,300,1,10,4.304940402588561,3.300514080006309,4.824677880211212,0.0,0.0,0.0,0.0,0.0,0.0,0.0,0.0,0.0,0.0,0.0,0.0,0.0,0.0,0.0,0.0,0.0,0.0,0.0,0.0,0.0,0.0,0.0,0.0,0.0,0.0,0.0,0.0
counterfact,unseen,new,300,2,10,5.353519502186874,5.201691250658868,5.582256224143428,0.0,0.0,0.0,0.036660576435049566,0.036660576435049566,0.0,0.0,0.0,0.0,0.01222019214501655,0.0,0.03666057643504965,0.0,0.01222019214501655,0.0,0.03666057643504965,0.0,0.0,0.0,0.0,0.0,0.0,0.0,0.0,0.0,0.0,0.0,0.0
counterfact,unseen,new,300,3,10,5.952262037729178,5.659564420646355,6.18426191124199,0.0,0.0,0.0,0.0,0.0,0.0,0.0,0.0,0.0,0.0,0.0,0.0,0.0,0.0,0.0,0.0,0.0,0.0,0.0,0.0,0.0,0.0,0.0,0.0,0.0,0.0,0.0,0.0
counterfact,unseen,new,300,4,10,6.462192078214153,6.289583382536769,6.552130583281219,0.0,0.0,0.0,0.0,0.0,0.0,0.0,0.0,0.0,0.0,0.0,0.0,0.0,0.0,0.0,0.0,0.0,0.0,0.0,0.0,0.0,0.0,0.0,0.0,0.0,0.0,0.0,0.0
counterfact,unseen,new,300,5,10,6.7224285128451395,6.5853213667909,6.870079338044334,0.0,0.0,0.0,0.0,0.0,0.0,0.0,0.0,0.0,0.0,0.0,0.0,0.0,0.0,0.0,0.0,0.0,0.0,0.0,0.0,0.0,0.0,0.0,0.0,0.0,0.0,0.0,0.0
counterfact,unseen,new,300,6,10,7.036454928343929,6.905912491118848,7.1515304920066,0.0,0.0,0.0,0.0,0.0,0.0,0.0,0.0,0.0,0.0,0.0,0.0,0.0,0.0,0.0,0.0,0.0,0.0,0.0,0.0,0.0,0.0,0.0,0.0,0.0,0.0,0.0,0.0
counterfact,unseen,new,300,7,10,7.404136516231039,7.22456134981654,7.552943870910163,0.0,0.0,0.0,0.0,0.0,0.0,0.0,0.0,0.0,0.0,0.0,0.0,0.0,0.0,0.0,0.0,0.0,0.0,0.0,0.0,0.0,0.0,0.0,0.0,0.0,0.0,0.0,0.0
counterfact,unseen,new,300,8,10,7.9227092765630545,7.593188910304782,8.214651415028023,0.0,0.0,0.0,0.0,0.0,0.0,0.0,0.0,0.0,0.0,0.0,0.0,0.0,0.0,0.0,0.0,0.0,0.0,0.0,0.0,0.0,0.0,0.0,0.0,0.0,0.0,0.0,0.0
counterfact,unseen,new,300,9,10,8.623520438236321,8.373634726551188,8.955945164151835,0.0,0.0,0.0,0.0,0.0,0.0,0.0,0.0,0.0,0.0,0.0,0.0,0.0,0.0,0.0,0.0,0.0,0.0,0.0,0.0,0.0,0.0,0.0,0.0,0.0,0.0,0.0,0.0
counterfact,unseen,new,300,10,10,9.456527504674217,8.98898927026164,10.00770317391514,0.0,0.0,0.0,0.0,0.0,0.0,0.0,0.0,0.0,0.0,0.0,0.0,0.0,0.0,0.0,0.0,0.0,0.0,0.0,0.0,0.0,0.0,0.0,0.0,0.0,0.0,0.0,0.0
counterfact,unseen,new,100,1,10,4.304940402588561,3.300514080006309,4.824677880211212,0.0,0.0,0.0,0.0,0.0,0.0,0.0,0.0,0.0,0.0,0.0,0.0,0.0,0.0,0.0,0.0,0.0,0.0,0.0,0.0,0.0,0.0,0.0,0.0,0.0,0.0,0.0,0.0
counterfact,unseen,new,100,2,10,5.353519502186874,5.201691250658868,5.582256224143428,0.0,0.0,0.0,0.0,0.0,0.0,0.0,0.0,0.0,0.0,0.0,0.0,0.0,0.0,0.0,0.0,0.0,0.0,0.0,0.0,0.0,0.0,0.0,0.0,0.0,0.0,0.0,0.0
counterfact,unseen,new,100,3,10,5.952262037729178,5.659564420646355,6.18426191124199,0.0,0.0,0.0,0.0,0.0,0.0,0.0,0.0,0.0,0.0,0.0,0.0,0.0,0.0,0.0,0.0,0.0,0.0,0.0,0.0,0.0,0.0,0.0,0.0,0.0,0.0,0.0,0.0
counterfact,unseen,new,100,4,10,6.462192078214153,6.289583382536769,6.552130583281219,0.0,0.0,0.0,0.0,0.0,0.0,0.0,0.0,0.0,0.0,0.0,0.0,0.0,0.0,0.0,0.0,0.0,0.0,0.0,0.0,0.0,0.0,0.0,0.0,0.0,0.0,0.0,0.0
counterfact,unseen,new,100,5,10,6.7224285128451395,6.5853213667909,6.870079338044334,0.0,0.0,0.0,0.0,0.0,0.0,0.0,0.0,0.0,0.0,0.0,0.0,0.0,0.0,0.0,0.0,0.0,0.0,0.0,0.0,0.0,0.0,0.0,0.0,0.0,0.0,0.0,0.0
counterfact,unseen,new,100,6,10,7.036454928343929,6.905912491118848,7.1515304920066,0.0,0.0,0.0,0.0,0.0,0.0,0.0,0.0,0.0,0.0,0.0,0.0,0.0,0.0,0.0,0.0,0.0,0.0,0.0,0.0,0.0,0.0,0.0,0.0,0.0,0.0,0.0,0.0
counterfact,unseen,new,100,7,10,7.404136516231039,7.22456134981654,7.552943870910163,0.0,0.0,0.0,0.0,0.0,0.0,0.0,0.0,0.0,0.0,0.0,0.0,0.0,0.0,0.0,0.0,0.0,0.0,0.0,0.0,0.0,0.0,0.0,0.0,0.0,0.0,0.0,0.0
counterfact,unseen,new,100,8,10,7.9227092765630545,7.593188910304782,8.214651415028023,0.0,0.0,0.0,0.0,0.0,0.0,0.0,0.0,0.0,0.0,0.0,0.0,0.0,0.0,0.0,0.0,0.0,0.0,0.0,0.0,0.0,0.0,0.0,0.0,0.0,0.0,0.0,0.0
counterfact,unseen,new,100,9,10,8.623520438236321,8.373634726551188,8.955945164151835,0.0,0.0,0.0,0.0,0.0,0.0,0.0,0.0,0.0,0.0,0.0,0.0,0.0,0.0,0.0,0.0,0.0,0.0,0.0,0.0,0.0,0.0,0.0,0.0,0.0,0.0,0.0,0.0
counterfact,unseen,new,100,10,10,9.456527504674217,8.98898927026164,10.00770317391514,0.0,0.0,0.0,0.0,0.0,0.0,0.0,0.0,0.0,0.0,0.0,0.0,0.0,0.0,0.0,0.0,0.0,0.0,0.0,0.0,0.0,0.0,0.0,0.0,0.0,0.0,0.0,0.0
mquake,edit,new,300,1,30,2.7289094310115436,1.2400685473520738,3.551397901624027,2.7156927325094555,2.7156927325094555,0.0,2.7156927325094555,2.515740605764123,0.19995212674533283,2.7156927325094555,2.7156927325094555,0.0,2.7156927325094555,2.477059167044905,2.936175061099891,2.846111345954933,2.649042023594345,2.41874824216186,2.8891071784771634,2.7391990384947564,0.06665070891511095,0.0,0.16740354763768778,0.0,0.0,1.0,0.9333333333333333,1.0,1.0,1.0,1.0
mquake,edit,new,300,2,30,3.900222111474906,3.559070360013299,4.137085261643368,3.890710567361368,3.890710567361368,0.0,3.890710567361368,3.7611952643684683,0.12951530299289965,3.890710567361368,3.890710567361368,0.0,3.890710567361368,3.8205650056380835,3.9557639458983367,3.9592119056475172,3.8475387996970682,3.735635578763001,3.9413467730975924,3.9592119056475172,0.043171767664299886,0.0,0.12951530299289965,0.0,0.0,1.0,0.9666666666666667,1.0,1.0,1.0,1.0
mquake,edit,new,300,3,30,4.309425752150675,4.161275073665446,4.4832069097972225,4.2925514867917,4.2925514867917,0.0,4.2925514867917,4.014117234733745,0.2784342520579556,4.2925514867917,4.2925514867917,0.0,4.2925514867917,4.25845523475743,4.328948263119636,4.2760869406917905,4.1997400694390485,4.032648329086007,4.31737776785228,4.2760869406917905,0.09281141735265185,0.0,0.2322027893950749,0.0,0.0,1.0,0.9333333333333333,1.0,1.0,1.0,1.0
mquake,edit,new,300,4,30,4.638781212289944,4.4919732172038955,4.769111871395232,4.627586323062363,4.627586323062363,0.0,4.627586323062363,4.478030178090823,0.14955614497153863,4.627586323062363,4.627586323062363,0.0,4.627586323062363,4.598690839217374,4.6523108667024555,4.624509871160905,4.577734274738517,4.4641932350889695,4.649744535977148,4.624509871160905,0.04985204832384619,0.0,0.1495561449715386,0.0,0.0,1.0,0.9666666666666667,1.0,1.0,1.0,1.0
mquake,edit,new,300,5,30,4.924862519664943,4.795197910540831,5.055091194566607,4.909555661639981,4.909555661639981,0.0,4.909555661639981,4.5810002604475475,0.32855540119243315,4.909555661639981,4.909555661639981,0.0,4.909555661639981,4.878296666571316,4.943916820803576,4.909618643658062,4.800037194575835,4.63329041220868,4.922983436452602,4.883507778324512,0.10951846706414438,0.0,0.27380021368906465,0.0,0.0,1.0,0.9333333333333333,1.0,1.0,1.0,1.0
mquake,edit,new,300,6,30,5.274348489589227,5.0738366628690885,5.4596659459961,5.259682618185119,5.259682618185119,0.0,5.259682618185119,4.561155744099588,0.6985268740855316,5.259682618185119,5.259682618185119,0.0,5.259682618185119,5.212153982848273,5.307582923661198,5.275163239744872,5.026840326823275,4.793383409853554,5.211907474130224,5.228305591390098,0.2328422913618438,0.056104801976756144,0.46583759017857335,0.0,0.0,1.0,0.8666666666666667,1.0,1.0,1.0,1.0
mquake,edit,new,300,7,30,5.621215119893264,5.465633471373171,5.777142220062082,5.60672441612512,5.60672441612512,0.0,5.60672441612512,5.60672441612512,0.0,5.60672441612512,5.60672441612512,0.0,5.60672441612512,5.572142456073985,5.646910466272673,5.583032007241387,5.60672441612512,5.572142456073985,5.646910466272673,5.583032007241387,0.0,0.0,0.0,0.0,0.0,1.0,1.0,1.0,1.0,1.0,1.0
mquake,edit,new,300,8,30,6.062598960341176,5.825059759999256,6.235651758106718,6.046757924653469,6.046757924653469,0.0,6.046757924653469,5.840935135291262,0.20582278936220774,6.046757924653469,6.046757924653469,0.0,6.046757924653469,6.00222740728074,6.088038687716775,6.0694872331524365,5.9781503281994,5.833038162978987,6.075415634457275,6.051348355889267,0.06860759645406926,0.0,0.20582278936220774,0.0,0.0,1.0,0.9666666666666667,1.0,1.0,1.0,1.0
mquake,edit,new,300,9,30,6.476647149683407,6.24027428320651,6.742582148929097,6.459721036532229,6.459721036532229,0.0,6.459721036532229,6.235227481874168,0.22449355465806142,6.459721036532229,6.459721036532229,0.0,6.459721036532229,6.405959957128962,6.517320215731388,6.432522855117849,6.384889851646208,6.241289096096976,6.492137390036562,6.404117068612747,0.07483118488602046,0.0,0.22449355465806142,0.0,0.0,1.0,0.9666666666666667,1.0,1.0,1.0,1.0
mquake,edit,new,300,10,30,7.774854322804236,6.795345750045705,9.985891179767236,7.7574230731710525,7.7574230731710525,0.0,7.7574230731710525,6.696083275915788,1.0613397972552643,7.7574230731710525,7.7574230731710525,0.0,7.7574230731710525,7.463990350370019,8.074286962798894,7.529805658780921,7.403643140752631,7.0242098634420085,7.821640183832826,7.20635664011781,0.3537799324184215,0.08032129342244225,0.6366504125330241,0.0,0.0,1.0,0.8666666666666667,1.0,1.0,1.0,1.0
mquake,edit,new,100,1,10,2.469178467112436,1.9130507594723212,3.2207554833647847,2.4540620645516507,2.4540620645516507,0.0,2.4540620645516507,2.4540620645516507,0.0,2.4540620645516507,2.4540620645516507,0.0,2.4540620645516507,2.1815044036837725,2.728303456914283,2.3373311186241583,2.4540620645516507,2.1815044036837725,2.728303456914283,2.3373311186241583,0.0,0.0,0.0,0.0,0.0,1.0,1.0,1.0,1.0,1.0,1.0
mquake,edit,new,100,2,10,3.7139994165592163,3.344357148550747,4.0212516341699,3.704078136940615,3.704078136940615,0.0,3.704078136940615,3.704078136940615,0.0,3.704078136940615,3.704078136940615,0.0,3.704078136940615,3.550171510075,3.874096249623859,3.6703509655059783,3.704078136940615,3.550171510075,3.874096249623859,3.6703509655059783,0.0,0.0,0.0,0.0,0.0,1.0,1.0,1.0,1.0,1.0,1.0
mquake,edit,new,100,3,10,4.22970641782312,4.137085261643368,4.301775124171042,4.209432818030039,4.209432818030039,0.0,4.209432818030039,3.7912587019027697,0.4181741161272693,4.209432818030039,4.209432818030039,0.0,4.209432818030039,4.176198658741455,4.24113419899559,4.203668826880785,4.0700414459876155,3.775517646258503,4.237124988420844,4.203668826880785,0.13939137204242308,0.0,0.4181741161272692,0.0,0.0,1.0,0.9,1.0,1.0,1.0,1.0
mquake,edit,new,100,4,10,4.554586899132946,4.426477714678633,4.621215566230485,4.544715799568268,4.544715799568268,0.0,4.544715799568268,4.544715799568268,0.0,4.544715799568268,4.544715799568268,0.0,4.544715799568268,4.505623069033148,4.579912365113169,4.569324692540242,4.544715799568268,4.505623069033148,4.579912365113169,4.569324692540242,0.0,0.0,0.0,0.0,0.0,1.0,1.0,1.0,1.0,1.0,1.0
mquake,edit,new,100,5,10,4.72713231006285,4.643337389307206,4.852590388522778,4.714830786063653,4.714830786063653,0.0,4.714830786063653,4.244983540740305,0.4698472453233478,4.714830786063653,4.714830786063653,0.0,4.714830786063653,4.6688259502149965,4.766957739291979,4.701087623702692,4.558215037622538,4.238791245824475,4.754472780535726,4.685797592107314,0.15661574844111595,0.0,0.4698472453233478,0.0,0.0,1.0,0.9,1.0,1.0,1.0,1.0
mquake,edit,new,100,6,10,5.029918741694491,4.875261330386323,5.2729449840915,5.019251576267494,5.019251576267494,0.0,5.019251576267494,4.021438842429705,0.9978127338377885,5.019251576267494,5.019251576267494,0.0,5.019251576267494,4.944657205760977,5.105040518284558,5.026345426114343,4.686647331654898,4.244882676859765,5.074128306218384,4.947264543166797,0.33260424461259613,0.0,0.7531710956137856,0.0,0.0,1.0,0.8,1.0,1.0,1.0,1.0
mquake,edit,new,100,7,10,5.530560939516851,5.372444141069169,5.711703733330287,5.517127131233392,5.517127131233392,0.0,5.517127131233392,4.412008491866188,1.1051186393672026,5.517127131233392,5.517127131233392,0.0,5.517127131233392,5.450559630708546,5.5838180493742495,5.528002391724889,5.148754251444323,4.597742909848226,5.532399397546046,5.487183464813322,0.3683728797890676,0.0,0.9152735521246708,0.0,0.0,1.0,0.8,1.0,1.0,1.0,1.0
mquake,edit,new,100,8,10,6.039727503168669,5.736414534204172,6.202630828170051,6.020221421445404,6.020221421445404,0.0,6.020221421445404,5.410845809433622,0.6093756120117827,6.020221421445404,6.020221421445404,0.0,6.020221421445404,5.921305713241336,6.0992643243113704,6.025651948524619,5.817096217441477,5.42852011467519,6.073645089732955,5.9968911135636205,0.20312520400392758,0.0,0.6093756120117828,0.0,0.0,1.0,0.9,1.0,1.0,1.0,1.0
mquake,edit,new,100,9,10,6.458930794406802,6.208323320856422,6.720440317292017,6.442932736295734,6.442932736295734,0.0,6.442932736295734,5.141438290602826,1.3014944456929074,6.442932736295734,6.442932736295734,0.0,6.442932736295734,6.3451176447742315,6.539743698426023,6.429514309220067,6.009101254398098,5.382068461988852,6.457344187083545,6.354125292036702,0.4338314818976358,0.0,1.0778924353536499,0.0,0.0,1.0,0.8,1.0,1.0,1.0,1.0
mquake,edit,new,100,10,10,7.697776454917983,6.742582148929097,9.199234535920553,7.68156940710945,7.68156940710945,0.0,7.68156940710945,7.008088743135266,0.6734806639741843,7.68156940710945,7.68156940710945,0.0,7.68156940710945,7.209955239788494,8.168123786529835,7.617830452716488,7.457075852451387,6.581809464719503,8.153095375877289,7.617830452716488,0.2244935546580614,0.0,0.6734806639741843,0.0,0.0,1.0,0.9,1.0,1.0,1.0,1.0
mquake,edit,true,300,1,30,1.9823285906432881,1.7671675791295995,2.238138565500497,-2.797444213319444,-2.797444213319444,0.0,-2.797444213319444,-2.797444213319444,0.0,-2.797444213319444,-2.797444213319444,0.0,-2.7974442133194435,-3.249001873197282,-2.395146689191641,-2.243022490484526,-2.7974442133194435,-3.249001873197282,-2.395146689191641,-2.243022490484526,0.0,0.0,0.0,0.0,0.0,0.0,0.0,0.0,0.0,0.0,0.0
mquake,edit,true,300,2,30,2.8194166765074558,2.2496913191743695,3.1667474639696267,-2.8092499631665757,-2.8092499631665757,0.0,-2.8092499631665757,-2.8092499631665757,0.0,-2.8092499631665757,-2.8092499631665757,0.0,-2.8092499631665757,-3.3133455975814243,-2.272869197749168,-2.675015487001988,-2.8092499631665757,-3.3133455975814243,-2.272869197749168,-2.675015487001988,0.0,0.0,0.0,0.0,0.0,0.0,0.0,0.0,0.0,0.0,0.0
mquake,edit,true,300,3,30,3.5482432361785814,3.2028417887908716,3.791567248558012,-3.8643394403425475,-3.8643394403425475,0.0,-3.8643394403425475,-3.3929853651088235,-0.47135407523372364,-3.8643394403425475,-3.8643394403425475,0.0,-3.8643394403425475,-4.560070459308177,-3.220103837741111,-4.056720501403753,-3.7072214152646397,-4.420518315519896,-3.1328128839907925,-3.759968824598497,-0.1571180250779079,-0.350790425001969,0.0,0.0,0.0,0.0,0.0,0.0,0.0,0.0,0.0
mquake,edit,true,300,4,30,3.9623138240158458,3.7917044715558936,4.155365459436446,-3.0439389160118893,-3.0439389160118893,0.0,-3.0439389160118893,-2.8503309918722746,-0.19360792413961522,-3.0439389160118893,-3.0439389160118893,0.0,-3.0439389160118893,-3.978523861821163,-2.08857740854696,-2.898620862232871,-2.979402941298685,-3.921153206455195,-2.04665927964599,-2.869452389731944,-0.06453597471320505,-0.18248385763270134,0.0,0.0,0.0,0.0,0.0,0.0,0.0,0.0,0.0
mquake,edit,true,300,5,30,4.488231705405692,4.20513339708074,4.734133416212808,-4.649960215992871,-4.649960215992871,0.0,-4.649960215992871,-4.0927021050515195,-0.5572581109413496,-4.649960215992871,-4.649960215992871,0.0,-4.649960215992871,-5.821407238101038,-3.38982979470873,-3.9398852285909105,-4.464207512345753,-5.599090360938851,-3.2623609694796714,-3.9398852285909105,-0.1857527036471165,-0.4621863294355662,0.0,0.0,0.0,0.0,0.0,0.0,0.0,0.0,0.0
mquake,edit,true,300,6,30,4.9086893082627325,4.745472851775034,5.04543611329711,-3.116983638000389,-3.116983638000389,0.0,-3.116983638000389,-3.062680725650442,-0.05430291234994664,-3.116983638000389,-3.116983638000389,0.0,-3.116983638000389,-4.455833696335159,-1.9745859414668592,-2.9586027137192055,-3.0988826672170737,-4.436076439722413,-1.973620272813306,-2.9586027137192055,-0.018100970783315518,-0.05430291234994655,0.0,0.0,0.0,0.0,0.0,0.0,0.0,0.0,0.0
mquake,edit,true,300,7,30,5.1940400221325245,5.056982998212031,5.345198057890919,-3.142290937899854,-3.142290937899854,0.0,-3.142290937899854,-3.0284535015328804,-0.11383743636697345,-3.142290937899854,-3.142290937899854,0.0,-3.142290937899854,-4.244920440677069,-2.0014281458755674,-3.4598803886192937,-3.104345125777529,-4.185362098165535,-2.0036855851036437,-3.174574986059884,-0.03794581212232447,-0.14165307181135264,0.07150387991689668,0.0,0.0,0.0,0.0,0.0,0.0,0.0,0.0
mquake,edit,true,300,8,30,5.563626301369069,5.349573167569197,5.846424668979957,-3.5612652961984197,-3.5612652961984197,0.0,-3.5612652961984197,-3.291967679099842,-0.26929761709857825,-3.5612652961984197,-3.5612652961984197,0.0,-3.5612652961984197,-4.567025605729009,-2.5691177045824416,-4.122972685519352,-3.4714994238322268,-4.457915087572594,-2.47351954426694,-3.723464894596395,-0.08976587236619275,-0.25251326965872567,0.0,0.0,0.0,0.0,0.0,0.0,0.0,0.0,0.0
mquake,edit,true,300,9,30,6.19079748362979,5.86757166287137,6.4751740729687555,-4.2271888405296165,-4.2271888405296165,0.0,-4.2271888405296165,-3.8534338469815936,-0.37375499354802316,-4.2271888405296165,-4.2271888405296165,0.0,-4.2271888405296165,-5.125790493599015,-3.152875994828887,-4.707914762972945,-4.102603842680276,-4.997774948203067,-3.0941939287293887,-4.555334898329654,-0.12458499784934104,-0.3123624830122423,0.0,0.0,0.0,0.0,0.0,0.0,0.0,0.0,0.0
mquake,edit,true,300,10,30,7.134760290391842,6.502286230782938,9.827190230838852,-3.091837976377506,-3.091837976377506,0.0,-3.091837976377506,-3.0707703369519113,-0.021067639425595055,-3.091837976377506,-3.091837976377506,0.0,-3.091837976377506,-4.265985262783654,-1.6372086513285287,-4.222144280959387,-3.0848154299023083,-4.267538573673153,-1.6795735546489676,-4.073801946033127,-0.007022546475198362,-0.15642065133448213,0.13535301190888704,0.0,0.0,0.0,0.0,0.0,0.0,0.0,0.0
mquake,edit,true,100,1,10,1.970260576619319,1.8366944659735096,2.238138565500497,-3.306324406232451,-3.306324406232451,0.0,-3.306324406232451,-3.306324406232451,0.0,-3.306324406232451,-3.306324406232451,0.0,-3.306324406232451,-4.131245054505441,-2.6038607283423914,-3.1159870936439704,-3.306324406232451,-4.131245054505441,-2.6038607283423914,-3.1159870936439704,0.0,0.0,0.0,0.0,0.0,0.0,0.0,0.0,0.0,0.0,0.0
mquake,edit,true,100,2,10,2.9710220108191687,2.2496913191743695,3.3392958298512685,-2.8284015462276493,-2.8284015462276493,0.0,-2.8284015462276493,-2.6203816176168515,-0.20801992861079768,-2.8284015462276493,-2.8284015462276493,0.0,-2.8284015462276493,-3.702373406171556,-2.0785297969845495,-2.452325134604239,-2.7590615700240497,-3.673721676642111,-1.91113695266301,-2.452325134604239,-0.06933997620359929,-0.20801992861079785,0.0,0.0,0.0,0.0,0.0,0.0,0.0,0.0,0.0
mquake,edit,true,100,3,10,3.6767113919440293,3.419728346097365,3.8472521245054465,-3.6274468962808024,-3.6274468962808024,0.0,-3.6274468962808024,-3.4266950153969495,-0.20075188088385315,-3.6274468962808024,-3.6274468962808024,0.0,-3.6274468962808024,-5.336668664447557,-2.145887928701131,-3.6132520443442315,-3.5605296026528515,-5.304295123484276,-1.978884165001809,-3.6132520443442315,-0.06691729362795096,-0.1972711807455343,0.0,0.0,0.0,0.0,0.0,0.0,0.0,0.0,0.0
mquake,edit,true,100,4,10,4.034338285231443,3.8707785461579363,4.3269000221998155,-3.4789746968342725,-3.4789746968342725,0.0,-3.4789746968342725,-2.9982675229776508,-0.4807071738566215,-3.4789746968342725,-3.4789746968342725,0.0,-3.4789746968342725,-5.169479718421321,-1.9166694005222344,-3.7219188273907293,-3.3187389722153986,-4.999531864125055,-1.7974667373039068,-3.233882964878404,-0.16023572461887375,-0.4807071738566212,0.0,0.0,0.0,0.0,0.0,0.0,0.0,0.0,0.0
mquake,edit,true,100,5,10,4.7416297320921235,4.579613179844799,4.908454244327359,-4.4299052125645835,-4.4299052125645835,0.0,-4.4299052125645835,-4.4299052125645835,0.0,-4.4299052125645835,-4.4299052125645835,0.0,-4.4299052125645835,-7.246762951113034,-1.8076169006036338,-2.5845652297473514,-4.4299052125645835,-7.246762951113034,-1.8076169006036338,-2.5845652297473514,0.0,0.0,0.0,0.0,0.0,0.0,0.0,0.0,0.0,0.0,0.0
mquake,edit,true,100,6,10,5.0519520513534335,4.9753472548255075,5.191759457213934,-3.303862305023064,-3.303862305023064,0.0,-3.303862305023064,-3.303862305023064,0.0,-3.303862305023064,-3.303862305023064,0.0,-3.303862305023064,-4.627682213057373,-1.7338498246294192,-3.619057934992841,-3.303862305023064,-4.627682213057373,-1.7338498246294192,-3.619057934992841,0.0,0.0,0.0,0.0,0.0,0.0,0.0,0.0,0.0,0.0,0.0
mquake,edit,true,100,7,10,5.355551309658308,5.1974448514852964,5.524963614435613,-3.6500209594669193,-3.6500209594669193,0.0,-3.6500209594669193,-3.6500209594669193,0.0,-3.6500209594669193,-3.6500209594669193,0.0,-3.650020959466919,-4.982215814962328,-2.557008027877296,-3.192821522056073,-3.650020959466919,-4.982215814962328,-2.557008027877296,-3.192821522056073,0.0,0.0,0.0,0.0,0.0,0.0,0.0,0.0,0.0,0.0,0.0
mquake,edit,true,100,8,10,5.914364820218245,5.592660495618759,6.053660481662409,-3.7064610624103933,-3.7064610624103933,0.0,-3.7064610624103933,-3.153928467588366,-0.5525325948220277,-3.7064610624103933,-3.7064610624103933,0.0,-3.7064610624103933,-4.628077476631921,-2.5892965980425044,-4.363127585847707,-3.522283530803051,-4.409083844135019,-2.555715123901425,-3.9796973708933696,-0.18417753160734254,-0.5525325948220277,0.0,0.0,0.0,0.0,0.0,0.0,0.0,0.0,0.0
mquake,edit,true,100,9,10,6.426373618008549,6.282354852918246,6.528503045815133,-4.149872843024215,-4.149872843024215,0.0,-4.149872843024215,-3.581140457202173,-0.5687323858220419,-4.149872843024215,-4.149872843024215,0.0,-4.149872843024215,-5.739338020669589,-2.0845815903129434,-5.038490679420374,-3.9602953810835344,-5.542985306676208,-2.0845815903129434,-4.562794124391939,-0.18957746194068062,-0.5687323858220419,0.0,0.0,0.0,0.0,0.0,0.0,0.0,0.0,0.0
mquake,edit,true,100,10,10,7.387084610357894,6.541912050984763,9.827190230838852,-1.322399819637284,-1.322399819637284,0.0,-1.322399819637284,-1.1096470177353643,-0.2127528019019195,-1.322399819637284,-1.322399819637284,0.0,-1.322399819637284,-3.9885390974121635,1.0903580241570237,-3.4425919425137343,-1.2514822190033108,-3.5839104961977477,0.8761113231305957,-2.9623045319682504,-0.07091760063397316,-0.6245781833541144,0.3867515782366543,0.0,0.0,0.0,0.0,0.0,0.0,0.0,0.0
mquake,locality_item,true,300,1,60,1.9467229667122685,1.5666179438260974,2.1466706130665982,-0.14411715300159475,-0.14411715300159475,0.0,-0.14411715300159475,-0.14411715300159475,0.0,-0.14411715300159475,-0.14411715300159475,0.0,-0.14411715300159475,-0.31262499610675226,8.018277400070565e-18,0.0,-0.14411715300159475,-0.31262499610675226,8.018277400070565e-18,0.0,0.0,0.0,0.0,0.0,,,,,,,
mquake,locality_item,true,300,2,60,2.766605754468546,2.1643799570133906,3.1583050324965924,-0.07255592555980803,-0.06527232108685198,-0.0072836044729560475,-0.06527232108685198,-0.07255592555980803,0.0072836044729560475,-0.05522328005924285,-0.07255592555980803,0.01733264550056517,-0.0643505089019676,-0.17192795018905987,0.0027010553808801056,0.0,-0.07012805740215598,-0.189308795482452,0.0027010553808801056,0.0,0.005777548500188397,0.0,0.0177859686368307,0.0,,,,,,,
mquake,locality_item,true,300,3,60,3.4253723227469544,3.16561006851731,3.6283509816813933,-0.047400954735274684,-0.047400954735274684,0.0,-0.047400954735274684,-0.047400954735274684,0.0,-0.047400954735274684,-0.047400954735274684,0.0,-0.04740095473527468,-0.15236021164909724,4.810966440042339e-17,0.0,-0.04740095473527468,-0.15236021164909724,4.810966440042339e-17,0.0,0.0,0.0,0.0,0.0,,,,,,,
mquake,locality_item,true,300,4,60,3.8839518900279417,3.641002324030822,4.12386457406029,-0.3933078918949808,-0.3933078918949808,0.0,-0.45200786482377875,-0.3933078918949808,-0.05869997292879795,-0.45200786482377875,-0.45200786482377875,0.0,-0.43244120718084617,-0.7245230828518834,-0.18204363027781315,0.0,-0.41287454953791347,-0.7041285824976485,-0.17209978853100125,0.0,-0.01956665764293266,-0.06128341093882222,0.0,0.0,,,,,,,
mquake,locality_item,true,300,5,60,4.327674971920273,4.134992927548396,4.535306626972532,-0.31752080509684966,-0.31752080509684966,0.0,-0.37400275270140787,-0.31752080509684966,-0.056481947604558186,-0.31752080509684966,-0.37400275270140787,0.056481947604558186,-0.33634812096503575,-0.6981986432124562,-0.044037055424263366,0.0,-0.33634812096503575,-0.6981986432124562,-0.044037055424263366,0.0,0.0,0.0,0.0,0.0,,,,,,,
mquake,locality_item,true,300,6,60,4.729895615394649,4.5441274596055905,4.938546072680131,-0.17072671637602427,-0.17072671637602427,0.0,-0.17072671637602427,-0.17072671637602427,0.0,-0.17072671637602427,-0.17072671637602427,0.0,-0.17072671637602427,-0.3567547529506639,-0.02243343605656265,0.0,-0.17072671637602427,-0.3567547529506639,-0.02243343605656265,0.0,0.0,0.0,0.0,0.0,,,,,,,
mquake,locality_item,true,300,7,60,5.1026357486448735,4.941082168879262,5.284155188474914,-0.3908891174316255,-0.3908891174316255,0.0,-0.4522971955482229,-0.3908891174316255,-0.061408078116597424,-0.4522971955482229,-0.4522971955482229,0.0,-0.43182783617602377,-0.8927525059863798,-0.1033477916356746,0.0,-0.41135847680382465,-0.8728576823072813,-0.08306029507911145,0.0,-0.020469359372199136,-0.06301416315208411,0.0,0.0,,,,,,,
mquake,locality_item,true,300,8,60,5.48149509231351,5.284155188474914,5.743512684867394,-0.13399798985813896,-0.1754243674566395,0.041426377598500534,-0.13399798985813896,-0.1754243674566395,0.041426377598500534,-0.13399798985813896,-0.13399798985813896,0.0,-0.13399798985813902,-0.38972650179542717,0.058829535227810835,0.0,-0.16161557492380604,-0.4042423335280613,0.013363347612419502,0.0,0.027617585065667027,0.0,0.08570974675551836,0.0,,,,,,,
mquake,locality_item,true,300,9,60,6.065527892350158,5.744518331251214,6.402432017322347,-0.5569192568101679,-0.46101039524579573,-0.09590886156437212,-0.5569192568101679,-0.5569192568101679,0.0,-0.5569192568101679,-0.46101039524579573,-0.09590886156437212,-0.5569192568101679,-0.9936650976759885,-0.17863210429848048,0.0,-0.49298001576725314,-0.893237170091954,-0.15676550688700355,0.0,-0.06393924104291475,-0.1903240605306106,0.0,0.0,,,,,,,
mquake,locality_item,true,300,10,60,7.140906869714712,6.410803521966396,10.45612632085745,-0.18766441370097955,-0.18766441370097955,0.0,-0.18766441370097955,-0.18766441370097955,0.0,-0.18766441370097955,-0.18766441370097955,0.0,-0.18766441370097955,-0.44776970391621496,0.0,0.0,-0.18766441370097955,-0.44776970391621496,0.0,0.0,0.0,0.0,0.0,0.0,,,,,,,
mquake,locality_item,true,100,1,20,1.9931388771989798,1.6953760586240592,2.143765773282945,-0.33625283317074567,-0.33625283317074567,0.0,-0.33625283317074567,-0.33625283317074567,0.0,-0.33625283317074567,-0.33625283317074567,0.0,-0.3362528331707456,-0.8749304017588797,4.9343245538895844e-17,0.0,-0.3362528331707456,-0.8749304017588797,4.9343245538895844e-17,0.0,0.0,0.0,0.0,0.0,,,,,,,
mquake,locality_item,true,100,2,20,2.911044418774467,2.1466706130665982,3.335915555377479,0.0,0.0,0.0,0.0,0.0,0.0,0.0,0.0,0.0,2.2204460492503132e-17,0.0,7.011934892369409e-17,0.0,2.2204460492503132e-17,0.0,7.011934892369409e-17,0.0,0.0,0.0,0.0,0.0,,,,,,,
mquake,locality_item,true,100,3,20,3.5689292212767647,3.3368072073650197,3.7574917337456952,0.0,0.0,0.0,0.0,0.0,0.0,0.0,0.0,0.0,-2.2204460492503132e-17,-6.661338147750939e-17,0.0,0.0,-2.2204460492503132e-17,-6.661338147750939e-17,0.0,0.0,0.0,0.0,0.0,0.0,,,,,,,
mquake,locality_item,true,100,4,20,3.9754090245891236,3.7611853494371434,4.1363115169287425,-0.34813568207547574,-0.34813568207547574,0.0,-0.34813568207547574,-0.34813568207547574,0.0,-0.34813568207547574,-0.34813568207547574,0.0,-0.34813568207547574,-0.870624875634134,0.0,0.0,-0.34813568207547574,-0.870624875634134,0.0,0.0,0.0,0.0,0.0,0.0,,,,,,,
mquake,locality_item,true,100,5,20,4.322982730189802,4.165445555173134,4.535306626972532,0.0,0.0,0.0,-0.16944584281367456,0.0,-0.16944584281367456,0.0,-0.16944584281367456,0.16944584281367456,-0.0564819476045582,-0.16137699315588058,0.0,0.0,-0.0564819476045582,-0.16137699315588058,0.0,0.0,0.0,0.0,0.0,0.0,,,,,,,
mquake,locality_item,true,100,6,20,4.759247420535444,4.5644496919606965,4.941082168879262,0.0,0.0,0.0,0.0,0.0,0.0,0.0,0.0,0.0,0.0,0.0,0.0,0.0,0.0,0.0,0.0,0.0,0.0,0.0,0.0,0.0,,,,,,,
mquake,locality_item,true,100,7,20,5.097542525836625,4.945447640536841,5.3008893740865375,-0.15526274700383524,-0.15526274700383524,0.0,-0.15526274700383524,-0.15526274700383524,0.0,-0.15526274700383524,-0.15526274700383524,0.0,-0.15526274700383524,-0.49030341159105867,0.0,0.0,-0.15526274700383524,-0.49030341159105867,0.0,0.0,0.0,0.0,0.0,0.0,,,,,,,
mquake,locality_item,true,100,8,20,5.552952000978495,5.302157850426912,5.846424668979957,-0.05806400876110516,-0.05806400876110516,0.0,-0.05806400876110516,-0.05806400876110516,0.0,-0.05806400876110516,-0.05806400876110516,0.0,-0.0580640087611052,-0.18336002766664786,0.0,0.0,-0.0580640087611052,-0.18336002766664786,0.0,0.0,0.0,0.0,0.0,0.0,,,,,,,
mquake,locality_item,true,100,9,20,6.21531409363323,5.925730849394064,6.574514825464992,0.0,0.0,0.0,0.0,0.0,0.0,0.0,0.0,0.0,4.4408920985006264e-17,0.0,1.4023869784738819e-16,0.0,4.4408920985006264e-17,0.0,1.4023869784738819e-16,0.0,0.0,0.0,0.0,0.0,,,,,,,
mquake,locality_item,true,100,10,20,7.472623864727247,6.628649424988453,8.927489252951617,0.0,0.0,0.0,0.0,0.0,0.0,0.0,0.0,0.0,0.0,0.0,0.0,0.0,0.0,0.0,0.0,0.0,0.0,0.0,0.0,0.0,,,,,,,
mquake,near_miss_neighbour,true,300,1,10,2.651596651377612,1.8101152288508984,3.445085388499314,0.0,0.0,0.0,0.0,0.0,0.0,0.0,0.0,0.0,-2.2204460492503132e-17,-1.1102230246251565e-16,6.661338147750939e-17,0.0,-2.2204460492503132e-17,-1.1102230246251565e-16,6.661338147750939e-17,0.0,0.0,0.0,0.0,0.0,0.0,0.0,0.0,0.0,0.0,0.0,0.0
mquake,near_miss_neighbour,true,300,2,10,3.746929829479688,3.4747303799397855,3.9414772017671837,0.0,0.0,0.0,0.0,0.0,0.0,0.0,0.0,0.0,0.0,0.0,0.0,0.0,0.0,0.0,0.0,0.0,0.0,0.0,0.0,0.0,0.0,0.0,0.0,0.0,0.0,0.0,0.0
mquake,near_miss_neighbour,true,300,3,10,4.145372462183493,3.975398260944302,4.305164596225654,0.0,0.0,0.0,0.0,0.0,0.0,0.0,0.0,0.0,4.4408920985006264e-17,0.0,1.3322676295501878e-16,0.0,4.4408920985006264e-17,0.0,1.3322676295501878e-16,0.0,0.0,0.0,0.0,0.0,0.0,0.0,0.0,0.0,0.0,0.0,0.0
mquake,near_miss_neighbour,true,300,4,10,4.51360698417013,4.306476472229429,4.724361691063375,0.0,0.0,0.0,0.0,0.0,0.0,0.0,0.0,0.0,0.0,0.0,0.0,0.0,0.0,0.0,0.0,0.0,0.0,0.0,0.0,0.0,0.0,0.0,0.0,0.0,0.0,0.0,0.0
mquake,near_miss_neighbour,true,300,5,10,4.8360884029802325,4.740697106094785,4.918913457129904,0.0,0.0,0.0,0.0,0.0,0.0,0.0,0.0,0.0,0.0,0.0,0.0,0.0,0.0,0.0,0.0,0.0,0.0,0.0,0.0,0.0,0.0,0.0,0.0,0.0,0.0,0.0,0.0
mquake,near_miss_neighbour,true,300,6,10,5.210454448555562,4.949236294097172,5.454256183502402,0.0,0.0,0.0,0.0,0.0,0.0,0.0,0.0,0.0,0.0,0.0,0.0,0.0,0.0,0.0,0.0,0.0,0.0,0.0,0.0,0.0,0.0,0.0,0.0,0.0,0.0,0.0,0.0
mquake,near_miss_neighbour,true,300,7,10,5.648502280011364,5.463857554238309,5.784533557048221,0.0,0.0,0.0,0.0,0.0,0.0,0.0,0.0,0.0,0.0,0.0,0.0,0.0,0.0,0.0,0.0,0.0,0.0,0.0,0.0,0.0,0.0,0.0,0.0,0.0,0.0,0.0,0.0
mquake,near_miss_neighbour,true,300,8,10,6.144674550081363,5.842650853540282,6.5133105316845565,0.0,0.0,0.0,0.0,0.0,0.0,0.0,0.0,0.0,0.0,0.0,0.0,0.0,0.0,0.0,0.0,0.0,0.0,0.0,0.0,0.0,0.0,0.0,0.0,0.0,0.0,0.0,0.0
mquake,near_miss_neighbour,true,300,9,10,6.944840118796674,6.752923170700176,7.119886020965471,0.0,0.0,0.0,0.0,0.0,0.0,0.0,0.0,0.0,8.881784197001253e-17,0.0,2.6645352591003756e-16,0.0,8.881784197001253e-17,0.0,2.6645352591003756e-16,0.0,0.0,0.0,0.0,0.0,0.0,0.0,0.0,0.0,0.0,0.0,0.0
mquake,near_miss_neighbour,true,300,10,10,8.199035405877448,7.277506142861476,9.953967243507384,0.0,0.0,0.0,0.0,0.0,0.0,0.0,0.0,0.0,8.881784197001253e-17,0.0,2.6645352591003756e-16,0.0,8.881784197001253e-17,0.0,2.6645352591003756e-16,0.0,0.0,0.0,0.0,0.0,0.0,0.0,0.0,0.0,0.0,0.0,0.0
mquake,near_miss_neighbour,true,100,1,10,2.651596651377612,1.8101152288508984,3.445085388499314,0.0,0.0,0.0,0.0,0.0,0.0,0.0,0.0,0.0,-2.2204460492503132e-17,-1.1102230246251565e-16,6.661338147750939e-17,0.0,-2.2204460492503132e-17,-1.1102230246251565e-16,6.661338147750939e-17,0.0,0.0,0.0,0.0,0.0,0.0,0.0,0.0,0.0,0.0,0.0,0.0
mquake,near_miss_neighbour,true,100,2,10,3.746929829479688,3.4747303799397855,3.9414772017671837,0.0,0.0,0.0,0.0,0.0,0.0,0.0,0.0,0.0,0.0,0.0,0.0,0.0,0.0,0.0,0.0,0.0,0.0,0.0,0.0,0.0,0.0,0.0,0.0,0.0,0.0,0.0,0.0
mquake,near_miss_neighbour,true,100,3,10,4.145372462183493,3.975398260944302,4.305164596225654,0.0,0.0,0.0,0.0,0.0,0.0,0.0,0.0,0.0,4.4408920985006264e-17,0.0,1.3322676295501878e-16,0.0,4.4408920985006264e-17,0.0,1.3322676295501878e-16,0.0,0.0,0.0,0.0,0.0,0.0,0.0,0.0,0.0,0.0,0.0,0.0
mquake,near_miss_neighbour,true,100,4,10,4.51360698417013,4.306476472229429,4.724361691063375,0.0,0.0,0.0,0.0,0.0,0.0,0.0,0.0,0.0,0.0,0.0,0.0,0.0,0.0,0.0,0.0,0.0,0.0,0.0,0.0,0.0,0.0,0.0,0.0,0.0,0.0,0.0,0.0
mquake,near_miss_neighbour,true,100,5,10,4.8360884029802325,4.740697106094785,4.918913457129904,0.0,0.0,0.0,0.0,0.0,0.0,0.0,0.0,0.0,0.0,0.0,0.0,0.0,0.0,0.0,0.0,0.0,0.0,0.0,0.0,0.0,0.0,0.0,0.0,0.0,0.0,0.0,0.0
mquake,near_miss_neighbour,true,100,6,10,5.210454448555562,4.949236294097172,5.454256183502402,0.0,0.0,0.0,0.0,0.0,0.0,0.0,0.0,0.0,0.0,0.0,0.0,0.0,0.0,0.0,0.0,0.0,0.0,0.0,0.0,0.0,0.0,0.0,0.0,0.0,0.0,0.0,0.0
mquake,near_miss_neighbour,true,100,7,10,5.648502280011364,5.463857554238309,5.784533557048221,0.0,0.0,0.0,0.0,0.0,0.0,0.0,0.0,0.0,0.0,0.0,0.0,0.0,0.0,0.0,0.0,0.0,0.0,0.0,0.0,0.0,0.0,0.0,0.0,0.0,0.0,0.0,0.0
mquake,near_miss_neighbour,true,100,8,10,6.144674550081363,5.842650853540282,6.5133105316845565,0.0,0.0,0.0,0.0,0.0,0.0,0.0,0.0,0.0,0.0,0.0,0.0,0.0,0.0,0.0,0.0,0.0,0.0,0.0,0.0,0.0,0.0,0.0,0.0,0.0,0.0,0.0,0.0
mquake,near_miss_neighbour,true,100,9,10,6.944840118796674,6.752923170700176,7.119886020965471,0.0,0.0,0.0,0.0,0.0,0.0,0.0,0.0,0.0,8.881784197001253e-17,0.0,2.6645352591003756e-16,0.0,8.881784197001253e-17,0.0,2.6645352591003756e-16,0.0,0.0,0.0,0.0,0.0,0.0,0.0,0.0,0.0,0.0,0.0,0.0
mquake,near_miss_neighbour,true,100,10,10,8.199035405877448,7.277506142861476,9.953967243507384,0.0,0.0,0.0,0.0,0.0,0.0,0.0,0.0,0.0,8.881784197001253e-17,0.0,2.6645352591003756e-16,0.0,8.881784197001253e-17,0.0,2.6645352591003756e-16,0.0,0.0,0.0,0.0,0.0,0.0,0.0,0.0,0.0,0.0,0.0,0.0
mquake,paraphrase,new,300,1,30,2.9175927284293977,1.444113521479743,3.829061952662717,2.3096770815128655,2.1479238204744022,0.16175326103846357,2.122363370122572,2.593110324427531,-0.4707469543049593,2.1559774786299783,2.593110324427531,-0.437132845797553,2.1960059767551385,1.6526189340646578,2.6218928431574002,2.432278070607093,2.444714823109821,2.0115816087854905,2.792254994017251,2.432278070607093,-0.24870884635468285,-0.5264121476630702,0.007785591601099562,0.0,0.0,0.7666666666666667,0.9,0.9,0.8,0.7333333333333333,0.7333333333333333
mquake,paraphrase,new,300,2,30,4.064428239841049,3.8374605552008303,4.271564594269833,2.787173218769173,2.7913596441565014,-0.004186425387328363,2.8066075991898454,3.207284443008767,-0.40067684381892155,2.4011247493676597,3.3025457064976558,-0.9014209571299964,2.664968522442226,2.022192918331522,3.279418836404209,3.8241615753569733,3.100396597887642,2.525146103752157,3.6024601763661086,3.860530523481738,-0.43542807544541545,-0.7992235919864361,-0.12822374624571778,0.0,0.0,0.7,0.8,0.8,0.7,0.7,0.6
mquake,paraphrase,new,300,3,30,4.574102618221171,4.288021765840817,4.935643143266944,2.549557466592741,2.690938005770558,-0.141380539177817,2.8502214394878242,3.7559186930544826,-0.9056972535666581,2.6937521886788933,3.4607391901824758,-0.7669870015035833,2.697843698253153,1.913069805452836,3.366985676802813,4.214084329855577,3.3025319630025063,2.655533817458889,3.8565273287828776,4.237448722129042,-0.6046882647493528,-1.0267834243728255,-0.23822342382946926,0.0,0.0,0.6,0.8,0.7333333333333333,0.5666666666666667,0.6333333333333333,0.6
mquake,paraphrase,new,300,4,30,5.251369630314888,4.965914864404464,5.585794455804532,3.1335537356353567,3.1371511095967852,-0.003597373961428859,3.30012055955958,3.651066931942166,-0.35094637238258525,3.30012055955958,3.4838172604188355,-0.18369670085925527,3.244598284918172,2.302841170413943,4.087952174141326,4.813380744540693,3.4240117673192616,2.5933949080873173,4.172666123368898,4.77305701365977,-0.17941348240108976,-0.5608213970133135,0.13093449928257792,0.0,0.0,0.5666666666666667,0.6666666666666666,0.6333333333333333,0.5666666666666667,0.6,0.6
mquake,paraphrase,new,300,5,30,5.823271606752324,5.594110455205893,6.063127376408712,3.9470407079653334,3.1867608495775954,0.7602798583877372,3.561345722241727,3.9511958008137884,-0.38985007857206166,3.9478890628700753,4.330625457638309,-0.3827363947682331,3.8187584976923783,2.866246027832564,4.697187002081855,5.5015099477572456,3.8228607026765644,2.9003618328256677,4.702943091129423,5.201778919671913,-0.004102204984185868,-0.3301467160949349,0.25730842174863866,0.0,0.0,0.5666666666666667,0.7,0.7333333333333333,0.6666666666666666,0.6333333333333333,0.7
mquake,paraphrase,new,300,6,30,6.329111457076916,6.074434993988833,6.542667788930721,3.3975633670029954,4.087555438049849,-0.6899920710468537,3.60884911292551,5.640842780950161,-2.031993668024651,2.970711449122547,4.405567382626555,-1.4348559335040079,3.3257079763503508,2.346334493578294,4.447658981522719,4.26851917880449,4.711321867208855,4.190410060124272,5.308491214211181,4.736323049938875,-1.385613890858504,-2.0950388839223884,-0.656456585742375,0.0,0.0,0.6666666666666666,0.8666666666666667,0.6666666666666666,0.5333333333333333,0.5666666666666667,0.4666666666666667
mquake,paraphrase,new,300,7,30,6.739935313020961,6.548402627933193,6.988500428565553,4.444666635132969,5.145769866318924,-0.7011032311859544,4.66462647601775,5.75665014395606,-1.0920236679383102,4.214467074528093,5.065354199196223,-0.850887124668131,4.441253395226271,3.4059298329832766,5.398431280214578,6.071345981632484,5.322591403157071,4.655491734765779,5.880777994304097,6.137748374536187,-0.8813380079307985,-1.4658335578886046,-0.33924362744417513,0.0,0.0,0.6666666666666666,0.7333333333333333,0.6,0.5333333333333333,0.5666666666666667,0.5
mquake,paraphrase,new,300,8,30,7.277472857160862,6.989879194518129,7.557507770509498,4.120640169281746,4.587267952494415,-0.4666277832126678,4.8833345212044055,5.95599195629436,-1.0726574350899538,4.536318034889836,5.4788983541757945,-0.9425803192859566,4.513430908458663,3.5031494021792877,5.592851588530701,5.945034194142739,5.340719420988188,4.575808725053251,5.913783739390463,5.945034194142739,-0.827288512529526,-1.6084008357844768,-0.11093171713324959,0.0,0.0,0.5333333333333333,0.6,0.5333333333333333,0.4666666666666667,0.5,0.5
mquake,paraphrase,new,300,9,30,8.017459468929605,7.642093385472698,8.555788634294705,6.340738741841309,6.340738741841309,0.0,6.0182012450256925,6.484584010590607,-0.46638276556491504,5.853667853108596,6.484584010590607,-0.6309161574820117,6.070869279991866,5.238901392009091,6.756675780320359,6.867192474862142,6.436635587674174,5.666444969372305,7.07245803176749,6.97673605321933,-0.36576630768230883,-0.8119952034269375,-0.03766079325638181,0.0,0.0,0.8,0.8,0.8,0.8,0.7333333333333333,0.7666666666666667
mquake,paraphrase,new,300,10,30,9.486314838379199,8.57266065596462,12.265056508895867,6.461786559111691,6.274469546484821,0.18731701262687087,6.7239679363251215,6.7239679363251215,0.0,6.7239679363251215,6.9626950310069775,-0.23872709468185604,6.636574143920644,5.791176954823472,7.296018391814639,7.394394266544863,6.653710837938973,5.846552605830456,7.305106147079252,7.394394266544863,-0.017136694018328416,-0.23872709468185604,0.1873170126268708,0.0,0.0,0.36666666666666664,0.36666666666666664,0.36666666666666664,0.36666666666666664,0.36666666666666664,0.36666666666666664
mquake,paraphrase,new,100,1,10,2.7041513695656567,2.0705964332318447,3.686127457576428,2.213202909170002,2.4456706148028786,-0.2324677056328765,1.9882259801377848,2.4456706148028786,-0.45744463466509344,1.9882259801377848,2.4456706148028786,-0.45744463466509344,2.0632182898151905,1.2120876979946231,2.757250367429738,2.3283617881131113,2.4456706148028786,1.8387061463960181,2.9966919111372836,2.3557002425561118,-0.38245232498768783,-0.9574438119661052,0.0,0.0,0.0,0.9,0.9,0.9,0.8,0.7,0.7
mquake,paraphrase,new,100,2,10,3.9513638294403437,3.7809480235965296,4.176899624783772,3.105851577009127,3.0862956678276605,0.019555909181466415,2.7190937832544027,3.495253172919189,-0.7761593896647869,2.327351760410188,3.105851577009127,-0.778499816598939,2.7174323735579056,1.754520005014515,3.617990394708957,3.778368789358506,3.2291334725853256,2.4486372758289234,3.8317306947352967,3.8241615753569733,-0.5117010990274198,-1.2960405347825255,0.14935644115148716,0.0,0.0,0.8,0.9,0.8,0.8,0.7,0.6
mquake,paraphrase,new,100,3,10,4.36944013142899,4.180378125879438,4.7477941439247395,2.536999533430628,2.961141150964079,-0.42414161753345103,2.1432435769821017,2.9504411929756436,-0.8071976159935421,1.7094065841755395,2.9504411929756436,-1.241034608800104,2.1298832315294227,0.9703830223914918,3.290712009840428,2.102383236769417,2.954007845638455,1.9101490145861852,3.9934527425731545,4.05191031910796,-0.8241246141090326,-1.4936581060060368,-0.27562777303001057,0.0,0.0,0.7,0.6,0.6,0.6,0.5,0.4
mquake,paraphrase,new,100,4,10,5.062997507678327,4.788547074202285,5.477534026051117,3.038970511907309,3.532279908079566,-0.49330939617225766,3.038970511907309,4.010271032594931,-0.9713005206876225,3.038970511907309,3.5169616364226735,-0.47799112451536496,3.038970511907309,1.4952340399388417,4.59984627952154,4.769879530305419,3.6865041923657236,2.4189894706803865,4.8277351555911885,4.769879530305419,-0.6475336804584151,-1.61372811059374,0.0,0.0,0.0,0.7,0.8,0.7,0.6,0.6,0.6
mquake,paraphrase,new,100,5,10,5.702055483952636,5.502906201987749,5.949033402759369,2.7650487455923147,2.7650487455923147,0.0,3.3269388318456663,3.878028934423432,-0.5510901025777658,3.3269388318456663,3.878028934423432,-0.5510901025777658,3.139642136427882,1.4645272583407631,4.7448390039319825,4.253767182608511,3.5070355381463925,1.9892109140314747,4.972983922101798,4.253767182608511,-0.3673934017185105,-1.1021802051555316,0.0,0.0,0.0,0.5,0.7,0.7,0.5,0.6,0.6
mquake,paraphrase,new,100,6,10,6.352207740970675,6.0837850104131626,6.502378791696735,2.883884451936127,3.132831220944185,-0.24894676900805832,2.250918087858238,5.324924940321121,-3.0740068524628827,2.250918087858238,3.4847695566782164,-1.2338514688199784,2.4619068758842007,0.7970126268661963,4.134921233705442,1.0549439401298142,3.980841905981174,2.9456487698348592,5.016395017110636,4.207033146326557,-1.5189350300969733,-2.6016523160477516,-0.40349726361611554,-1.959625455824336,0.0,0.5,0.8,0.5,0.4,0.3,0.3
mquake,paraphrase,new,100,7,10,6.787604961378392,6.553452333350634,7.09149992501699,4.988013674654521,5.651678705742615,-0.6636650310880942,4.988013674654521,5.6826666700460775,-0.6946529953915562,4.988013674654521,5.6826666700460775,-0.6946529953915562,4.988013674654521,3.5848093863750243,6.317645594143829,5.994899580409497,5.67233734861159,4.778055803254469,6.322194431161157,5.994899580409497,-0.6843236739570691,-1.6105276678124774,0.0,0.0,0.0,0.6,0.6,0.6,0.5,0.5,0.5
mquake,paraphrase,new,100,8,10,7.395540213817978,7.1170689103198725,7.642093385472698,4.606349322664724,5.324778706409073,-0.7184293837443491,5.715145319469562,6.433574703213911,-0.7184293837443491,5.162242893304809,5.715145319469562,-0.5529024261647522,5.1612458451463645,3.542658750401876,6.44587325691449,6.185608957009691,5.824499576364181,5.045653029108021,6.527588113983766,6.185608957009691,-0.6632537312178168,-1.6951090798788018,0.0,0.0,0.0,0.7,0.7,0.6,0.6,0.6,0.6
mquake,paraphrase,new,100,9,10,8.324198610017097,7.743256112324398,8.80177063781835,6.161309625752443,5.59935858787183,0.5619510378806126,6.161309625752443,6.161309625752443,0.0,6.161309625752443,6.736600830428969,-0.5752912046765275,6.161309625752443,4.6891052569358616,7.280869141715579,6.759031463315452,6.165756348017748,4.99996898791879,7.269608119751441,6.759031463315452,-0.0044467222653050255,-0.5752912046765275,0.5619510378806124,0.0,0.0,0.6,0.6,0.6,0.6,0.6,0.6
mquake,paraphrase,new,100,10,10,10.04296085394174,8.922633171725536,11.263395394582055,5.994033759654526,5.994033759654526,0.0,6.780577891294817,6.780577891294817,0.0,6.780577891294817,6.780577891294817,0.0,6.518396514081386,5.007235090295883,7.538508435290206,7.507802842678039,6.518396514081386,5.007235090295883,7.538508435290206,7.507802842678039,0.0,0.0,0.0,0.0,0.0,0.2,0.2,0.2,0.2,0.2,0.2
mquake,paraphrase,true,300,1,30,2.314877805890787,2.0625482637898904,2.4687497426907212,-0.7188062796486664,-0.8871115977085492,0.16830531805988294,-0.7188062796486664,-0.8780371411359906,0.15923086148732424,-0.7188062796486664,-0.8674700295021057,0.14866374985343928,-0.7188062796486664,-1.092876002118446,-0.38211118890706525,-0.20376668124638364,-0.8775395894488819,-1.260551175380011,-0.526505593171788,-0.32982743998149666,0.15873330980021547,0.028886417501375376,0.32679777340787963,0.0,0.0,0.0,0.0,0.0,0.0,0.0,0.0
mquake,paraphrase,true,300,2,30,2.739579069514771,2.4712260547334877,3.190388391496407,-1.1529808187095867,-1.1132923923322509,-0.03968842637733583,-1.1408423534409038,-1.2719525221956578,0.13111016875475387,-1.1408423534409038,-1.2276926363862406,0.0868502829453366,-1.1448885085304648,-1.6387327846277508,-0.6538944242086248,-0.4600194355593268,-1.2043125169713826,-1.6663668230336812,-0.7711047278074308,-0.7464521758433849,0.05942400844091827,-0.06860751698039676,0.1609333464067877,0.0,0.0,0.0,0.0,0.0,0.0,0.0,0.0
mquake,paraphrase,true,300,3,30,3.6260674624229137,3.2287492772067194,3.9688943972524253,-1.5720623784332972,-1.4576757976117454,-0.11438658082155158,-1.5559173245306614,-1.972624346098769,0.4167070215681074,-1.738963550223403,-2.071029444389933,0.3320658941665298,-1.6223144177291207,-2.256017966090892,-0.9893074241148426,-1.2748084299251858,-1.8337765293668158,-2.4345235515666173,-1.1990342696038705,-1.61741191729263,0.2114621116376953,0.028661620343813775,0.4228023819137722,0.0,0.0,0.0,0.0,0.0,0.0,0.0,0.0
mquake,paraphrase,true,300,4,30,4.231494952584777,3.979137907587903,4.438171166707865,-2.4478811039678834,-2.275440223635909,-0.1724408803319752,-2.4499109540032435,-2.623451417949721,0.17354046394647743,-2.2438462679293676,-2.725619678103178,0.4817734101738109,-2.380546108633498,-3.677138378290055,-1.3845337457285392,-1.109362717570166,-2.5415037732296026,-3.749858118702684,-1.5331443284568687,-1.1698752139745854,0.16095766459610442,-0.0943933486845517,0.47713088505759343,0.0,0.0,0.0,0.0,0.0,0.0,0.0,0.0
mquake,paraphrase,true,300,5,30,4.6515693599799315,4.462929535381941,4.871330179299501,-1.450268380900045,-1.450268380900045,0.0,-1.2917754158219452,-1.7804346491472007,0.48865923332525546,-1.2404536535467692,-1.7348797138644718,0.4944260603177026,-1.3274991500895863,-1.7572197585626723,-0.8820325834385385,-1.1985246315774192,-1.6551942479705724,-2.175550846332259,-1.1616270130896729,-1.6434431770542144,0.32769509788098605,0.07402814553121814,0.6607508926154421,0.0,0.0,0.0,0.0,0.0,0.0,0.0,0.0
mquake,paraphrase,true,300,6,30,5.069354689937318,4.873646626555768,5.410814706547076,-0.8893589231854174,-0.8893589231854174,0.0,-0.9626934270196951,-0.9259157498421438,-0.036777677177551114,-0.820407581116504,-0.9645342759656119,0.1441266948491079,-0.8908199771072056,-1.5715703371205767,-0.1951197482266755,-0.47011237748338797,-0.9266029829977245,-1.637190340355929,-0.21775113885394648,-1.3408612314594612,0.03578300589051895,-0.17967622199718128,0.2518175077280344,0.0,0.0,0.0,0.0,0.0,0.0,0.0,0.0
mquake,paraphrase,true,300,7,30,5.6847616461700605,5.411064549627101,6.005738651534259,-1.0540927297880414,-0.900415300969236,-0.15367742881880536,-1.0729028811218266,-0.9594441783744472,-0.11345870274737943,-1.0762368180145987,-1.1496961065814055,0.07345928856680727,-1.067744142974822,-1.7719697144074757,-0.44343250561237374,-0.595764664608085,-1.003185195308363,-1.781651633751563,-0.33627016281619915,-0.9289721654420391,-0.06455894766645917,-0.2631789887642167,0.10946447446504469,0.0,0.0,0.0,0.0,0.0,0.0,0.0,0.0
mquake,paraphrase,true,300,8,30,6.630776654502265,6.040951313878232,7.482654287170433,-0.93613479522832,-0.7767700377469672,-0.15936475748135293,-0.7992517066372735,-0.7347141495165067,-0.0645375571207668,-0.9633086601547088,-1.0038838362219036,0.040575176067194865,-0.8995650540067676,-1.8972735715815945,-0.0005578212559525569,-0.05883837513995838,-0.8384560078284591,-1.8460236370495007,0.08923164606929113,-0.8218232965008911,-0.06110904617830837,-0.25467514195251434,0.10715213739451356,0.0,0.0,0.0,0.0,0.0,0.0,0.0,0.0
mquake,paraphrase,true,300,9,30,8.306555510473991,7.571326658997404,8.947974534900041,-0.5806857114829173,-0.48526760898040766,-0.09541810250250957,-0.5806857114829173,-0.5234534361628228,-0.057232275320094374,-0.6964688354178749,-0.5234534361628228,-0.17301539925505202,-0.6192800861279032,-1.4796737554596535,0.14149025511033042,-0.6822159458596291,-0.5107248271020178,-1.2942056201820753,0.24760682041294169,-0.6822159458596291,-0.10855525902588535,-0.2806559565297173,0.014417651819491055,0.0,0.0,0.0,0.0,0.0,0.0,0.0,0.0
mquake,paraphrase,true,300,10,30,9.642218963573754,8.95650022948491,12.709669030969216,-0.31421530582308715,-0.2382716695503141,-0.07594363627277308,-0.42372328522360164,-0.43747280365713165,0.013749518433530028,-0.24944689711487764,-0.5235305806988705,0.2740836835839929,-0.32912849605385547,-0.9207152199532505,0.31860959894976065,-0.44129142086152484,-0.39975835130210535,-0.9909924626834047,0.2574044261536972,-0.5518157552530552,0.07062985524824998,-0.03181523871449224,0.1848615271833029,0.0,0.0,0.0,0.0,0.0,0.0,0.0,0.0
mquake,paraphrase,true,100,1,10,2.2968810507746076,2.0625482637898904,2.4962397552255196,-1.1709384922816182,-1.1981618619992944,0.02722336971767616,-1.1709384922816182,-1.1709384922816182,0.0,-1.1709384922816182,-1.6169297418419362,0.4459912495603178,-1.1709384922816182,-2.0659534914434423,-0.39392837874490455,-0.4750587410563589,-1.3286766987076164,-2.135877703648613,-0.5872180603373472,-1.1046906768831464,0.157738206425998,0.0,0.45506570613287656,0.0,0.0,0.0,0.0,0.0,0.0,0.0,0.0
mquake,paraphrase,true,100,2,10,2.9119615207067597,2.5113909510387487,3.4697168837029864,-1.5262083637435313,-1.6533438142955013,0.1271354505519703,-1.489792967937483,-1.7175491510736378,0.22775618313615462,-1.489792967937483,-1.5904137005216674,0.10062073258418432,-1.5019314332061657,-2.4834779287643376,-0.5599716407687261,-1.0289982935679403,-1.6537688886302688,-2.5794705408149543,-0.8209971121145279,-1.0289982935679403,0.15183745542410318,0.024276930537365394,0.32072946507322786,0.0,0.0,0.0,0.0,0.0,0.0,0.0,0.0
mquake,paraphrase,true,100,3,10,3.8874290977477997,3.505741105169541,4.264474353683383,-1.32480660811302,-1.452593204040279,0.12778659592725877,-0.9722985590724071,-1.1395993907078936,0.16730083163548626,-0.8920495832853164,-1.0863175082582153,0.19426792497289896,-1.0630515834902479,-2.5198902580873868,0.1403872415383092,-0.35629972337310045,-1.2261700343354627,-2.5776352152149347,-0.0710772437977937,-1.0288271350802636,0.16311845084521465,-0.009774665999675492,0.4411473233006403,0.0,0.0,0.0,0.0,0.0,0.0,0.0,0.0
mquake,paraphrase,true,100,4,10,4.525720399261401,4.3260432073901995,4.753114318175733,-2.6703056973119814,-2.6703056973119814,0.0,-2.1948268020776824,-2.6585918964004462,0.4637650943227641,-2.1948268020776824,-2.5219270905522593,0.32710028847457695,-2.353319767155782,-5.126294105819324,-0.44582959408117706,-0.963676185530808,-2.6169415614215623,-5.3680286305345115,-0.5103339091654182,-0.963676185530808,0.26362179426578036,-0.2512022782367154,1.020429066774759,0.0,0.0,0.0,0.0,0.0,0.0,0.0,0.0
mquake,paraphrase,true,100,5,10,4.870614496073215,4.755902834881231,5.05301860324434,-0.9319809682494904,-0.9319809682494904,0.0,-0.9319809682494904,-1.3593158214335457,0.42733485318405534,-0.6611793482832079,-1.3593158214335457,0.6981364731503379,-0.8417137615940629,-1.733882093086741,0.10837222506461912,-1.4124565437729673,-1.216870870372194,-2.17868668890437,-0.3125833704120869,-1.4873997134569348,0.375157108778131,0.0,1.0352041196789656,0.0,0.0,0.0,0.0,0.0,0.0,0.0,0.0
mquake,paraphrase,true,100,6,10,5.339347821491743,5.086742210981882,5.5850492436672425,-1.3432949580139684,-1.6776123102275364,0.33431735221356823,-1.3432949580139684,-2.019214400946666,0.675919442932698,-1.3432949580139684,-1.3986771881812685,0.05538223016730015,-1.3432949580139684,-2.366623503552743,-0.4773604461785834,-0.6294320019435062,-1.698501299785157,-2.6111999721689627,-0.8523663429332466,-1.7403776503531638,0.35520634177118876,0.03692148677820013,0.8762820668766307,0.0,0.0,0.0,0.0,0.0,0.0,0.0,0.0
mquake,paraphrase,true,100,7,10,5.846747605388113,5.62340105147814,6.130115341633697,-1.1152789943724462,-0.65424670791603,-0.4610322864564161,-1.1152789943724462,-0.8451320847174767,-0.2701469096549694,-1.1152789943724462,-1.292753476327661,0.1774744819552149,-1.1152789943724462,-2.3741511561961812,-0.06768191102918311,-0.3456473447372481,-0.9307107563203892,-2.256791266300387,0.24529505060878387,-0.6414381479959399,-0.18456823805205685,-0.6052995935965058,0.11831632130347672,0.0,0.0,0.0,0.0,0.0,0.0,0.0,0.0
mquake,paraphrase,true,100,8,10,7.424071464441049,6.2875332239173005,8.276106822359901,1.0356413074232749,0.5867583731100601,0.4488829343132146,1.0575570221149235,1.0356413074232749,0.021915714691648703,1.0575570221149235,1.0356413074232749,0.021915714691648703,1.050251783884374,0.19843337983696682,1.9672352279460013,0.7951803969671545,0.8860136626522032,-0.06871422072173886,1.8756283017302144,0.4640656590553234,0.16423812123217063,0.014610476461099165,0.3864624732263781,0.0,0.0,0.0,0.0,0.0,0.0,0.0,0.0
mquake,paraphrase,true,100,9,10,8.729945980486228,8.366255486219856,9.044357327199997,-0.4808206808308011,-0.4808206808308011,0.0,-0.6628948520115276,-0.6628948520115276,0.0,-0.6823344673858106,-0.6628948520115276,-0.01943961537428294,-0.6086833334093796,-1.5947345159130009,0.4609701808250936,-0.7263133786427947,-0.6022034616179521,-1.592106368157024,0.4733179451397041,-0.7263133786427947,-0.006479871791427528,-0.01943961537428258,0.0,0.0,0.0,0.0,0.0,0.0,0.0,0.0,0.0
mquake,paraphrase,true,100,10,10,9.959269264021057,9.108523666289997,12.709669030969216,-0.7091643982412652,-0.48133348942294596,-0.22783090881831924,-0.31334538556162705,-0.31334538556162705,0.0,-0.31334538556162705,-0.31334538556162705,0.0,-0.4452850564548398,-1.6121619102939708,0.6828534570068657,-0.0861512874072119,-0.36934142018206667,-1.5195818362128826,0.7037714638104022,-0.0861512874072119,-0.07594363627277315,-0.2278309088183194,0.0,0.0,0.0,0.0,0.0,0.0,0.0,0.0,0.0
mquake,unseen,new,300,1,10,2.5223059356593525,1.7187370316848996,3.1164259416747058,0.0,0.0,0.0,0.0,0.0,0.0,0.0,0.0,0.0,-8.881784197001253e-17,-1.7763568394002506e-16,0.0,0.0,-8.881784197001253e-17,-1.7763568394002506e-16,0.0,0.0,0.0,0.0,0.0,0.0,0.0,0.0,0.0,0.0,0.0,0.0,0.0
mquake,unseen,new,300,2,10,3.7602591597896575,3.2124130560353175,4.202396516456665,0.0,0.0,0.0,0.0,0.0,0.0,0.0,0.0,0.0,-8.881784197001253e-17,-2.220446049250313e-16,0.0,0.0,-8.881784197001253e-17,-2.220446049250313e-16,0.0,0.0,0.0,0.0,0.0,0.0,0.0,0.0,0.0,0.0,0.0,0.0,0.0
mquake,unseen,new,300,3,10,4.462160343448946,4.224065584036069,4.691761585701397,0.0,0.0,0.0,0.0,0.0,0.0,0.0,0.0,0.0,0.0,0.0,0.0,0.0,0.0,0.0,0.0,0.0,0.0,0.0,0.0,0.0,0.0,0.0,0.0,0.0,0.0,0.0,0.0
mquake,unseen,new,300,4,10,4.890068254552275,4.735522160952769,5.001220143084211,0.0,0.0,0.0,0.0,0.0,0.0,0.0,0.0,0.0,0.0,0.0,0.0,0.0,0.0,0.0,0.0,0.0,0.0,0.0,0.0,0.0,0.0,0.0,0.0,0.0,0.0,0.0,0.0
mquake,unseen,new,300,5,10,5.241684757724305,5.117879036806562,5.365035486356817,0.0,0.0,0.0,0.0,0.0,0.0,0.0,0.0,0.0,0.0,0.0,0.0,0.0,0.0,0.0,0.0,0.0,0.0,0.0,0.0,0.0,0.0,0.0,0.0,0.0,0.0,0.0,0.0
mquake,unseen,new,300,6,10,5.508408248632434,5.3918322402564876,5.6245854319802575,0.0,0.0,0.0,0.0,0.0,0.0,0.0,0.0,0.0,0.0,0.0,0.0,0.0,0.0,0.0,0.0,0.0,0.0,0.0,0.0,0.0,0.0,0.0,0.0,0.0,0.0,0.0,0.0
mquake,unseen,new,300,7,10,5.807667998178081,5.665265687219103,5.9833588818759695,0.0,0.0,0.0,0.0,0.0,0.0,0.0,0.0,0.0,8.881784197001253e-17,0.0,2.6645352591003756e-16,0.0,8.881784197001253e-17,0.0,2.6645352591003756e-16,0.0,0.0,0.0,0.0,0.0,0.0,0.0,0.0,0.0,0.0,0.0,0.0
mquake,unseen,new,300,8,10,6.312541189610921,6.066890441596556,6.546155243839021,0.0,0.0,0.0,0.0,0.0,0.0,0.0,0.0,0.0,0.0,0.0,0.0,0.0,0.0,0.0,0.0,0.0,0.0,0.0,0.0,0.0,0.0,0.0,0.0,0.0,0.0,0.0,0.0
mquake,unseen,new,300,9,10,6.722178488674089,6.547549233364346,6.843806987393182,0.0,0.0,0.0,0.0,0.0,0.0,0.0,0.0,0.0,0.0,-2.6645352591003756e-16,2.6645352591003756e-16,0.0,0.0,-2.6645352591003756e-16,2.6645352591003756e-16,0.0,0.0,0.0,0.0,0.0,0.0,0.0,0.0,0.0,0.0,0.0,0.0
mquake,unseen,new,300,10,10,7.609667160837264,6.850534326322456,10.184445254008482,0.0,0.0,0.0,0.0,0.0,0.0,0.0,0.0,0.0,0.0,0.0,0.0,0.0,0.0,0.0,0.0,0.0,0.0,0.0,0.0,0.0,0.0,0.0,0.0,0.0,0.0,0.0,0.0
mquake,unseen,new,100,1,10,2.5223059356593525,1.7187370316848996,3.1164259416747058,0.0,0.0,0.0,0.0,0.0,0.0,0.0,0.0,0.0,-8.881784197001253e-17,-1.7763568394002506e-16,0.0,0.0,-8.881784197001253e-17,-1.7763568394002506e-16,0.0,0.0,0.0,0.0,0.0,0.0,0.0,0.0,0.0,0.0,0.0,0.0,0.0
mquake,unseen,new,100,2,10,3.7602591597896575,3.2124130560353175,4.202396516456665,0.0,0.0,0.0,0.0,0.0,0.0,0.0,0.0,0.0,-8.881784197001253e-17,-2.220446049250313e-16,0.0,0.0,-8.881784197001253e-17,-2.220446049250313e-16,0.0,0.0,0.0,0.0,0.0,0.0,0.0,0.0,0.0,0.0,0.0,0.0,0.0
mquake,unseen,new,100,3,10,4.462160343448946,4.224065584036069,4.691761585701397,0.0,0.0,0.0,0.0,0.0,0.0,0.0,0.0,0.0,0.0,0.0,0.0,0.0,0.0,0.0,0.0,0.0,0.0,0.0,0.0,0.0,0.0,0.0,0.0,0.0,0.0,0.0,0.0
mquake,unseen,new,100,4,10,4.890068254552275,4.735522160952769,5.001220143084211,0.0,0.0,0.0,0.0,0.0,0.0,0.0,0.0,0.0,0.0,0.0,0.0,0.0,0.0,0.0,0.0,0.0,0.0,0.0,0.0,0.0,0.0,0.0,0.0,0.0,0.0,0.0,0.0
mquake,unseen,new,100,5,10,5.241684757724305,5.117879036806562,5.365035486356817,0.0,0.0,0.0,0.0,0.0,0.0,0.0,0.0,0.0,0.0,0.0,0.0,0.0,0.0,0.0,0.0,0.0,0.0,0.0,0.0,0.0,0.0,0.0,0.0,0.0,0.0,0.0,0.0
mquake,unseen,new,100,6,10,5.508408248632434,5.3918322402564876,5.6245854319802575,0.0,0.0,0.0,0.0,0.0,0.0,0.0,0.0,0.0,0.0,0.0,0.0,0.0,0.0,0.0,0.0,0.0,0.0,0.0,0.0,0.0,0.0,0.0,0.0,0.0,0.0,0.0,0.0
mquake,unseen,new,100,7,10,5.807667998178081,5.665265687219103,5.9833588818759695,0.0,0.0,0.0,0.0,0.0,0.0,0.0,0.0,0.0,8.881784197001253e-17,0.0,2.6645352591003756e-16,0.0,8.881784197001253e-17,0.0,2.6645352591003756e-16,0.0,0.0,0.0,0.0,0.0,0.0,0.0,0.0,0.0,0.0,0.0,0.0
mquake,unseen,new,100,8,10,6.312541189610921,6.066890441596556,6.546155243839021,0.0,0.0,0.0,0.0,0.0,0.0,0.0,0.0,0.0,0.0,0.0,0.0,0.0,0.0,0.0,0.0,0.0,0.0,0.0,0.0,0.0,0.0,0.0,0.0,0.0,0.0,0.0,0.0
mquake,unseen,new,100,9,10,6.722178488674089,6.547549233364346,6.843806987393182,0.0,0.0,0.0,0.0,0.0,0.0,0.0,0.0,0.0,0.0,-2.6645352591003756e-16,2.6645352591003756e-16,0.0,0.0,-2.6645352591003756e-16,2.6645352591003756e-16,0.0,0.0,0.0,0.0,0.0,0.0,0.0,0.0,0.0,0.0,0.0,0.0
mquake,unseen,new,100,10,10,7.609667160837264,6.850534326322456,10.184445254008482,0.0,0.0,0.0,0.0,0.0,0.0,0.0,0.0,0.0,0.0,0.0,0.0,0.0,0.0,0.0,0.0,0.0,0.0,0.0,0.0,0.0,0.0,0.0,0.0,0.0,0.0,0.0,0.0
zsre,edit,new,300,1,30,3.094276884013682,1.8092175325955857,3.7498875339875752,3.079593241577797,3.079593241577797,0.0,3.079593241577797,3.079593241577797,0.0,3.079593241577797,3.079593241577797,0.0,3.079593241577797,2.8736972263645018,3.2691268404831346,3.3424731830792656,3.079593241577797,2.8736972263645018,3.2691268404831346,3.3424731830792656,0.0,0.0,0.0,0.0,0.0,1.0,1.0,1.0,1.0,1.0,1.0
zsre,edit,new,300,2,30,4.186056918938326,3.8760600569321326,4.436087287120227,4.172666402319396,4.172666402319396,0.0,4.172666402319396,4.172666402319396,0.0,4.172666402319396,4.172666402319396,0.0,4.172666402319396,4.118049855649236,4.230138102272193,4.176826499489582,4.172666402319396,4.118049855649236,4.230138102272193,4.176826499489582,0.0,0.0,0.0,0.0,0.0,1.0,1.0,1.0,1.0,1.0,1.0
zsre,edit,new,300,3,30,4.689271301025084,4.468273725503252,4.839298740063566,4.674734804821333,4.674734804821333,0.0,4.674734804821333,4.674734804821333,0.0,4.674734804821333,4.674734804821333,0.0,4.674734804821333,4.625204178057602,4.720769119043845,4.696253638843748,4.674734804821333,4.625204178057602,4.720769119043845,4.696253638843748,0.0,0.0,0.0,0.0,0.0,1.0,1.0,1.0,1.0,1.0,1.0
zsre,edit,new,300,4,30,5.053754759132833,4.847942469125489,5.247871089058268,5.040487839977733,5.040487839977733,0.0,5.040487839977733,5.040487839977733,0.0,5.040487839977733,5.040487839977733,0.0,5.040487839977733,4.993561517998934,5.088257451630058,5.056190200427445,5.040487839977733,4.993561517998934,5.088257451630058,5.056190200427445,0.0,0.0,0.0,0.0,0.0,1.0,1.0,1.0,1.0,1.0,1.0
zsre,edit,new,300,5,30,5.523883886243103,5.256595580542395,5.764036591425341,5.510238431018773,5.510238431018773,0.0,5.510238431018773,5.510238431018773,0.0,5.510238431018773,5.510238431018773,0.0,5.510238431018773,5.458861521890525,5.56255701355107,5.477086113211116,5.510238431018773,5.458861521890525,5.56255701355107,5.477086113211116,0.0,0.0,0.0,0.0,0.0,1.0,1.0,1.0,1.0,1.0,1.0
zsre,edit,new,300,6,30,5.933579520258349,5.779996684208721,6.142611145654712,5.919090283582864,5.919090283582864,0.0,5.919090283582864,5.919090283582864,0.0,5.919090283582864,5.919090283582864,0.0,5.919090283582864,5.88391597499157,5.959246274948798,5.904847731209747,5.919090283582864,5.88391597499157,5.959246274948798,5.904847731209747,0.0,0.0,0.0,0.0,0.0,1.0,1.0,1.0,1.0,1.0,1.0
zsre,edit,new,300,7,30,6.413719285524491,6.164202879187234,6.635912173243516,6.400647574029654,6.400647574029654,0.0,6.400647574029654,6.400647574029654,0.0,6.400647574029654,6.400647574029654,0.0,6.400647574029654,6.348496690370471,6.455301657963153,6.44969966092619,6.400647574029654,6.348496690370471,6.455301657963153,6.44969966092619,0.0,0.0,0.0,0.0,0.0,1.0,1.0,1.0,1.0,1.0,1.0
zsre,edit,new,300,8,30,7.0391857258638675,6.647697052455229,7.468773379113905,7.0230105513111845,7.0230105513111845,0.0,7.0230105513111845,7.0230105513111845,0.0,7.0230105513111845,7.0230105513111845,0.0,7.0230105513111845,6.941301959350221,7.109945921567392,7.071422753936018,7.0230105513111845,6.941301959350221,7.109945921567392,7.071422753936018,0.0,0.0,0.0,0.0,0.0,1.0,1.0,1.0,1.0,1.0,1.0
zsre,edit,new,300,9,30,7.978767931275829,7.474499660528515,8.914425949693475,7.962038679216231,7.962038679216231,0.0,7.962038679216231,7.962038679216231,0.0,7.962038679216231,7.962038679216231,0.0,7.962038679216231,7.831670223091298,8.084716746011281,7.945214064754561,7.962038679216231,7.831670223091298,8.084716746011281,7.945214064754561,0.0,0.0,0.0,0.0,0.0,1.0,1.0,1.0,1.0,1.0,1.0
zsre,edit,new,300,10,30,10.181206786910694,8.9201009839502,12.219442484634264,10.163418465498419,10.163418465498419,0.0,10.163418465498419,10.163418465498419,0.0,10.163418465498419,10.163418465498419,0.0,10.163418465498419,9.827025814040907,10.477339381965624,9.733616227575684,10.163418465498419,9.827025814040907,10.477339381965624,9.733616227575684,0.0,0.0,0.0,0.0,0.0,1.0,1.0,1.0,1.0,1.0,1.0
zsre,edit,new,100,1,10,3.1983720636925748,1.8092175325955857,3.9902511100209734,3.185145132974948,3.185145132974948,0.0,3.185145132974948,3.185145132974948,0.0,3.185145132974948,3.185145132974948,0.0,3.185145132974948,2.7319729101049535,3.608207354155146,3.3431971686258626,3.185145132974948,2.7319729101049535,3.608207354155146,3.3431971686258626,0.0,0.0,0.0,0.0,0.0,1.0,1.0,1.0,1.0,1.0,1.0
zsre,edit,new,100,2,10,4.218208116252728,4.039708810490273,4.366527662545541,4.204260822429175,4.204260822429175,0.0,4.204260822429175,4.204260822429175,0.0,4.204260822429175,4.204260822429175,0.0,4.204260822429175,4.137889206301219,4.270304406766673,4.199386713225984,4.204260822429175,4.137889206301219,4.270304406766673,4.199386713225984,0.0,0.0,0.0,0.0,0.0,1.0,1.0,1.0,1.0,1.0,1.0
zsre,edit,new,100,3,10,4.616328880694322,4.407650930334921,4.8169232666743635,4.602100987919867,4.602100987919867,0.0,4.602100987919867,4.602100987919867,0.0,4.602100987919867,4.602100987919867,0.0,4.602100987919867,4.498768666616423,4.692025981536114,4.584617944853621,4.602100987919867,4.498768666616423,4.692025981536114,4.584617944853621,0.0,0.0,0.0,0.0,0.0,1.0,1.0,1.0,1.0,1.0,1.0
zsre,edit,new,100,4,10,5.075772147552277,4.839298740063566,5.258729460359494,5.061845221015679,5.061845221015679,0.0,5.061845221015679,5.061845221015679,0.0,5.061845221015679,5.061845221015679,0.0,5.061845221015679,4.950307330920425,5.176965891019658,5.133153117839034,5.061845221015679,4.950307330920425,5.176965891019658,5.133153117839034,0.0,0.0,0.0,0.0,0.0,1.0,1.0,1.0,1.0,1.0,1.0
zsre,edit,new,100,5,10,5.718576800718395,5.3963002085310645,5.950542480914646,5.70358399362821,5.70358399362821,0.0,5.70358399362821,5.70358399362821,0.0,5.70358399362821,5.70358399362821,0.0,5.70358399362821,5.5994428045525195,5.803600411053336,5.774028568215883,5.70358399362821,5.5994428045525195,5.803600411053336,5.774028568215883,0.0,0.0,0.0,0.0,0.0,1.0,1.0,1.0,1.0,1.0,1.0
zsre,edit,new,100,6,10,6.168955047433149,6.0136719795208435,6.323631342940327,6.1557284013893465,6.1557284013893465,0.0,6.1557284013893465,6.1557284013893465,0.0,6.1557284013893465,6.1557284013893465,0.0,6.1557284013893465,6.082308562853988,6.225171090722658,6.1584462291863105,6.1557284013893465,6.082308562853988,6.225171090722658,6.1584462291863105,0.0,0.0,0.0,0.0,0.0,1.0,1.0,1.0,1.0,1.0,1.0
zsre,edit,new,100,7,10,6.676501588814295,6.33132712908796,6.905909618318468,6.6626124357527825,6.6626124357527825,0.0,6.6626124357527825,6.6626124357527825,0.0,6.6626124357527825,6.6626124357527825,0.0,6.6626124357527825,6.5534152518792785,6.762422619684018,6.701735321465273,6.6626124357527825,6.5534152518792785,6.762422619684018,6.701735321465273,0.0,0.0,0.0,0.0,0.0,1.0,1.0,1.0,1.0,1.0,1.0
zsre,edit,new,100,8,10,7.2715906359893125,7.073738219224983,7.511226158855443,7.256188046521876,7.256188046521876,0.0,7.256188046521876,7.256188046521876,0.0,7.256188046521876,7.256188046521876,0.0,7.256188046521876,7.1649141834506525,7.353296604916485,7.19008663139336,7.256188046521876,7.1649141834506525,7.353296604916485,7.19008663139336,0.0,0.0,0.0,0.0,0.0,1.0,1.0,1.0,1.0,1.0,1.0
zsre,edit,new,100,9,10,8.286153461308372,7.51576177624608,9.235209473650414,8.269836936141484,8.269836936141484,0.0,8.269836936141484,8.269836936141484,0.0,8.269836936141484,8.269836936141484,0.0,8.269836936141484,7.8775820159081595,8.631842905858573,8.185322207336505,8.269836936141484,7.8775820159081595,8.631842905858573,8.185322207336505,0.0,0.0,0.0,0.0,0.0,1.0,1.0,1.0,1.0,1.0,1.0
zsre,edit,new,100,10,10,10.444112292897737,9.575797172049782,12.219442484634264,10.430418301870718,10.430418301870718,0.0,10.430418301870718,10.430418301870718,0.0,10.430418301870718,10.430418301870718,0.0,10.430418301870718,9.838378075216616,11.065376209729632,10.090444184225248,10.430418301870718,9.838378075216616,11.065376209729632,10.090444184225248,0.0,0.0,0.0,0.0,0.0,1.0,1.0,1.0,1.0,1.0,1.0
zsre,locality_item,true,300,1,30,3.3275614966338183,2.1880883099913397,3.9457414804608173,-5.594490204430258e-10,-5.594490204430258e-10,0.0,-5.594490204430258e-10,-5.594490204430258e-10,0.0,-5.594490204430258e-10,-5.594490204430258e-10,0.0,-5.594490500489731e-10,-1.2147809965723511e-08,1.0469462778199082e-08,0.0,-5.594490500489731e-10,-1.2147809965723511e-08,1.0469462778199082e-08,0.0,0.0,0.0,0.0,0.0,,,,,,,
zsre,locality_item,true,300,2,30,4.258779776078432,3.952579938345667,4.504088905138049,-2.51616665577122e-08,-2.51616665577122e-08,0.0,-2.51616665577122e-08,-2.51616665577122e-08,0.0,-2.51616665577122e-08,-2.51616665577122e-08,0.0,-2.5161666542909225e-08,-6.300679785205728e-08,2.960594732333751e-17,0.0,-2.5161666542909225e-08,-6.300679785205728e-08,2.960594732333751e-17,0.0,0.0,0.0,0.0,0.0,,,,,,,
zsre,locality_item,true,300,3,29,4.740302955571659,4.509290131126124,4.948699206382511,2.017536354073933e-08,2.017536354073933e-08,0.0,2.017536354073933e-08,2.017536354073933e-08,0.0,2.017536354073933e-08,2.017536354073933e-08,0.0,2.017536354073933e-08,0.0,6.052609062221798e-08,0.0,2.017536354073933e-08,0.0,6.052609062221798e-08,0.0,0.0,0.0,0.0,0.0,,,,,,,
zsre,locality_item,true,300,4,30,5.201159711050194,4.954029448069177,5.403563976724094,7.0651974641104216e-09,7.0651974641104216e-09,0.0,7.0651974641104216e-09,7.0651974641104216e-09,0.0,7.0651974641104216e-09,7.0651974641104216e-09,0.0,7.065197434504474e-09,-5.921189464667501e-17,2.1195592392331264e-08,0.0,7.065197434504474e-09,-5.921189464667501e-17,2.1195592392331264e-08,0.0,0.0,0.0,0.0,0.0,,,,,,,
zsre,locality_item,true,300,5,29,5.733326994162083,5.413666857111474,5.981324889546404,0.0,0.0,0.0,0.0,0.0,0.0,0.0,0.0,0.0,-1.5313421029312505e-16,-3.062684205862501e-16,0.0,0.0,-1.5313421029312505e-16,-3.062684205862501e-16,0.0,0.0,0.0,0.0,0.0,0.0,,,,,,,
zsre,locality_item,true,300,6,30,6.289618177525904,5.988858221468494,6.6358740671410885,0.0,0.0,0.0,0.0,0.0,0.0,0.0,0.0,0.0,0.0,-1.1842378929335003e-16,1.1842378929335003e-16,0.0,0.0,-1.1842378929335003e-16,1.1842378929335003e-16,0.0,0.0,0.0,0.0,0.0,,,,,,,
zsre,locality_item,true,300,7,30,7.00176604369511,6.661844586555428,7.316410108371191,0.0,0.0,0.0,0.0,0.0,0.0,0.0,0.0,0.0,0.0,-8.881784197001253e-17,8.881784197001253e-17,0.0,0.0,-8.881784197001253e-17,8.881784197001253e-17,0.0,0.0,0.0,0.0,0.0,,,,,,,
zsre,locality_item,true,300,8,29,7.64143328190014,7.319377857460243,7.956125299278848,0.0,0.0,0.0,0.0,0.0,0.0,0.0,0.0,0.0,6.125368411725002e-17,0.0,1.5313421029312505e-16,0.0,6.125368411725002e-17,0.0,1.5313421029312505e-16,0.0,0.0,0.0,0.0,0.0,,,,,,,
zsre,locality_item,true,300,9,30,8.37856247047642,7.975876206266662,8.903477843853139,0.0,0.0,0.0,0.0,0.0,0.0,0.0,0.0,0.0,0.0,0.0,0.0,0.0,0.0,0.0,0.0,0.0,0.0,0.0,0.0,0.0,,,,,,,
zsre,locality_item,true,300,10,29,9.752868527534819,8.904723992074002,11.31362149612626,0.0,0.0,0.0,0.0,0.0,0.0,0.0,0.0,0.0,0.0,0.0,0.0,0.0,0.0,0.0,0.0,0.0,0.0,0.0,0.0,0.0,,,,,,,
zsre,locality_item,true,100,1,10,3.471510470744429,2.685895824686898,3.9457414804608173,0.0,0.0,0.0,0.0,0.0,0.0,0.0,0.0,0.0,4.4408920985006264e-17,-8.881784197001253e-17,1.7763568394002506e-16,0.0,4.4408920985006264e-17,-8.881784197001253e-17,1.7763568394002506e-16,0.0,0.0,0.0,0.0,0.0,,,,,,,
zsre,locality_item,true,100,2,10,4.3026511495906075,4.075980129942679,4.504088905138049,0.0,0.0,0.0,0.0,0.0,0.0,0.0,0.0,0.0,0.0,0.0,0.0,0.0,0.0,0.0,0.0,0.0,0.0,0.0,0.0,0.0,,,,,,,
zsre,locality_item,true,100,3,10,4.783575330396493,4.509290131126124,4.97573563552546,2.1195592392331264e-08,2.1195592392331264e-08,0.0,2.1195592392331264e-08,2.1195592392331264e-08,0.0,2.1195592392331264e-08,2.1195592392331264e-08,0.0,2.1195592392331264e-08,0.0,6.358677717699379e-08,0.0,2.1195592392331264e-08,0.0,6.358677717699379e-08,0.0,0.0,0.0,0.0,0.0,,,,,,,
zsre,locality_item,true,100,4,10,5.2440895485419805,5.091177313990858,5.399597899746695,0.0,0.0,0.0,0.0,0.0,0.0,0.0,0.0,0.0,0.0,0.0,0.0,0.0,0.0,0.0,0.0,0.0,0.0,0.0,0.0,0.0,,,,,,,
zsre,locality_item,true,100,5,10,5.585644469449949,5.413666857111474,5.749438809736303,0.0,0.0,0.0,0.0,0.0,0.0,0.0,0.0,0.0,-1.7763568394002506e-16,-4.440892098500626e-16,0.0,0.0,-1.7763568394002506e-16,-4.440892098500626e-16,0.0,0.0,0.0,0.0,0.0,0.0,,,,,,,
zsre,locality_item,true,100,6,10,5.9849990852283925,5.84724347897582,6.140560142845789,0.0,0.0,0.0,0.0,0.0,0.0,0.0,0.0,0.0,-8.881784197001253e-17,-2.6645352591003756e-16,0.0,0.0,-8.881784197001253e-17,-2.6645352591003756e-16,0.0,0.0,0.0,0.0,0.0,0.0,,,,,,,
zsre,locality_item,true,100,7,10,6.500967227517736,6.147539545285819,6.880304781026548,0.0,0.0,0.0,0.0,0.0,0.0,0.0,0.0,0.0,0.0,0.0,0.0,0.0,0.0,0.0,0.0,0.0,0.0,0.0,0.0,0.0,,,,,,,
zsre,locality_item,true,100,8,10,7.331902804274961,6.988692600178293,7.8359470635234345,0.0,0.0,0.0,0.0,0.0,0.0,0.0,0.0,0.0,0.0,-2.6645352591003756e-16,2.242650509742796e-16,0.0,0.0,-2.6645352591003756e-16,2.242650509742796e-16,0.0,0.0,0.0,0.0,0.0,,,,,,,
zsre,locality_item,true,100,9,10,8.641719610589448,7.859344062294032,9.026567533451633,0.0,0.0,0.0,0.0,0.0,0.0,0.0,0.0,0.0,0.0,0.0,0.0,0.0,0.0,0.0,0.0,0.0,0.0,0.0,0.0,0.0,,,,,,,
zsre,locality_item,true,100,10,9,9.803499996059218,9.077160370747253,10.558141604487034,0.0,0.0,0.0,0.0,0.0,0.0,0.0,0.0,0.0,0.0,0.0,0.0,0.0,0.0,0.0,0.0,0.0,0.0,0.0,0.0,0.0,,,,,,,
zsre,near_miss_neighbour,true,300,1,10,3.0942482370820206,2.532518868585657,3.5133476825412133,0.3313269971812649,0.1327372540351432,0.1985897431461217,-0.09440971048360672,-0.09440971048360672,0.0,0.06386813623576929,-0.09440971048360672,0.158277846719376,0.10026180764447576,-0.465724811019688,0.9021555011446295,-2.220446049250313e-16,-0.01869405564402351,-0.731304493408927,0.8666538730944079,-2.220446049250313e-16,0.11895586328849928,0.0,0.2906710088167906,0.0,0.0,0.1,0.1,0.1,0.1,0.1,0.1
zsre,near_miss_neighbour,true,300,2,10,3.882608753705248,3.523339689517948,4.231779403018301,0.0,0.0,0.0,0.0,0.4837416761295872,-0.4837416761295872,-0.2673463463803181,0.5351124471537745,-0.8024587935340926,-0.08911544879343931,-0.26734634638031796,0.0,0.0,0.33961804109445376,-0.3996988607857818,1.0950303356247018,0.0,-0.42873348988789306,-1.1284905849533642,0.2124780782696704,0.0,0.0,0.0,0.2,0.2,0.0,0.0,0.0
zsre,near_miss_neighbour,true,300,3,10,4.72253015763156,4.439460107204496,4.937016177412825,0.0,-0.6574979499809676,0.6574979499809676,-0.5176196688715102,-0.6574979499809676,0.13987828110945735,0.0,-0.6574979499809676,0.6574979499809676,-0.17253988962383673,-0.5176196688715102,0.0,0.0,-0.6574979499809676,-1.692737287723988,0.0,0.0,0.4849580603571308,0.0,1.1751176188524777,0.0,0.0,0.0,0.0,0.0,0.0,0.0,0.0
zsre,near_miss_neighbour,true,300,4,10,5.142322666482556,5.022422594648565,5.269713945225774,-0.29780688710751113,-0.29780688710751113,0.0,-0.29780688710751113,-0.2049123396139622,-0.09289454749354889,-0.29780688710751113,-0.2049123396139622,-0.09289454749354889,-0.29780688710751113,-0.8934210520731753,3.9075064197646723e-07,0.0,-0.23587718877847852,-0.8934209218229613,0.18578909498709778,0.0,-0.06192969832903259,-0.18578909498709778,0.0,0.0,0.0,0.0,0.0,0.0,0.0,0.0,0.0
zsre,near_miss_neighbour,true,300,5,10,5.493326812330087,5.3231674046267905,5.761417818431236,0.0,0.0,0.0,0.0,-0.37257848038571273,0.37257848038571273,0.0,-0.37257848038571273,0.37257848038571273,8.881784197001253e-17,0.0,2.6645352591003756e-16,0.0,-0.2483856535904751,-0.7451569607714256,2.6645352591003756e-16,0.0,0.2483856535904752,0.0,0.7451569607714256,0.0,0.0,0.0,0.0,0.0,0.0,0.0,0.0
zsre,near_miss_neighbour,true,300,6,10,5.966852981450159,5.785118916755366,6.160508170964306,0.0,-0.04181194750458177,0.04181194750458177,-0.04181194750458177,-0.04181194750458177,0.0,-0.04181194750458177,-0.04181194750458177,0.0,-0.027874631669720883,-0.08362389500916337,4.907185768843172e-16,0.0,-0.041811947504581504,-0.12543584251374523,4.907185768843172e-16,0.0,0.01393731583486062,0.0,0.04181194750458186,0.0,0.0,0.0,0.0,0.0,0.0,0.0,0.0
zsre,near_miss_neighbour,true,300,7,10,6.428421369524389,6.21854983387837,6.6271789549892475,0.0,0.0,0.0,0.0,-0.2649841894706526,0.2649841894706526,0.0,0.0,0.0,8.881784197001253e-17,0.0,2.6645352591003756e-16,0.0,-0.08832806315688409,-0.2649841894706525,2.6645352591003756e-16,0.0,0.08832806315688417,0.0,0.2649841894706525,0.0,0.0,0.0,0.0,0.0,0.0,0.0,0.0
zsre,near_miss_neighbour,true,300,8,10,6.920998404236869,6.662364604496389,7.110387767376608,-0.7748848454600209,-1.31428158840073,0.5393967429407092,-0.7748848454600209,-1.0906262144868373,0.31574136902681643,-0.7748848454600209,-1.31428158840073,0.5393967429407092,-0.7748848454600209,-2.324654536380063,0.0,0.0,-1.2397297970960992,-3.252451483129876,0.14910358260926185,0.0,0.4648449516360782,-0.14910358260926185,1.6181902288221273,0.0,0.0,0.0,0.0,0.0,0.0,0.0,0.0
zsre,near_miss_neighbour,true,300,9,10,7.652801680884183,7.170334577410689,8.219802254860543,0.0,0.0,0.0,0.0,0.38318605245090287,-0.38318605245090287,0.0,0.0,0.0,0.0,0.0,0.0,0.0,0.12772868415030098,0.0,0.38318605245090287,0.0,-0.12772868415030098,-0.38318605245090287,0.0,0.0,0.0,0.0,0.0,0.0,0.0,0.0,0.0
zsre,near_miss_neighbour,true,300,10,10,10.439120117810992,8.608383348628458,12.471777715629912,0.0,0.0,0.0,0.0,-0.007986408114286903,0.007986408114286903,0.0,0.48634409472483425,-0.48634409472483425,0.0,0.0,0.0,0.0,0.15945256220351584,-0.494330502839121,0.9726881894496685,0.0,-0.15945256220351584,-0.9726881894496685,0.494330502839121,0.0,0.0,0.0,0.0,0.0,0.0,0.0,0.0
zsre,near_miss_neighbour,true,100,1,10,3.0942482370820206,2.532518868585657,3.5133476825412133,0.0,0.0,0.0,0.0,-0.04010602768189102,0.04010602768189102,0.0,0.0,0.0,-8.881784197001253e-17,-2.220446049250313e-16,0.0,0.0,-0.013368675893963733,-0.04010602768189102,-4.4408920985006264e-17,0.0,0.013368675893963644,0.0,0.040106027681890935,0.0,0.0,0.0,0.0,0.0,0.0,0.0,0.0
zsre,near_miss_neighbour,true,100,2,10,3.882608753705248,3.523339689517948,4.231779403018301,0.0,0.0,0.0,0.0,0.0,0.0,0.0,0.0,0.0,0.0,0.0,0.0,0.0,0.0,0.0,0.0,0.0,0.0,0.0,0.0,0.0,0.0,0.0,0.0,0.0,0.0,0.0,0.0
zsre,near_miss_neighbour,true,100,3,10,4.72253015763156,4.439460107204496,4.937016177412825,0.0,-0.5176196688715102,0.5176196688715102,-0.5176196688715102,-1.1766319455779337,0.6590122767064235,0.0,-0.5176196688715102,0.5176196688715102,-0.17253988962383673,-0.5176196688715102,0.0,0.0,-0.7372904277736514,-1.7725297655166716,0.0,0.0,0.5647505381498147,0.0,1.3491718352017705,0.0,0.0,0.0,0.0,0.0,0.0,0.0,0.0
zsre,near_miss_neighbour,true,100,4,10,5.142322666482556,5.022422594648565,5.269713945225774,1.3025021399215576e-07,-0.4226300255215708,0.4226301557717848,1.3025021399215576e-07,-0.4847715816673279,0.4847717119175419,1.3025021399215576e-07,-0.4226300255215708,0.4226301557717848,1.3025021399215576e-07,0.0,3.9075064197646723e-07,0.0,-0.4433438775701565,-1.2886043193639403,2.605004279843115e-07,0.0,0.4433440078203705,0.0,1.2886043193639403,0.0,0.0,0.0,0.0,0.0,0.0,0.0,0.0
zsre,near_miss_neighbour,true,100,5,10,5.493326812330087,5.3231674046267905,5.761417818431236,0.0,0.0,0.0,0.0,0.0,0.0,0.0,0.0,0.0,8.881784197001253e-17,0.0,2.6645352591003756e-16,0.0,8.881784197001253e-17,0.0,2.6645352591003756e-16,0.0,0.0,0.0,0.0,0.0,0.0,0.0,0.0,0.0,0.0,0.0,0.0
zsre,near_miss_neighbour,true,100,6,10,5.966852981450159,5.785118916755366,6.160508170964306,0.0,0.0,0.0,0.0,-0.2938179242932355,0.2938179242932355,0.0,-0.2938179242932355,0.2938179242932355,2.6645352591003756e-16,8.881784197001253e-17,5.329070518200751e-16,0.0,-0.19587861619549002,-0.5876358485864707,5.329070518200751e-16,0.0,0.19587861619549027,0.0,0.5876358485864708,0.0,0.0,0.0,0.0,0.0,0.0,0.0,0.0
zsre,near_miss_neighbour,true,100,7,10,6.428421369524389,6.21854983387837,6.6271789549892475,0.0,0.6590126532195072,-0.6590126532195072,0.6590126532195072,0.443831805426515,0.21518084779299212,0.6590126532195072,0.6590126532195072,0.0,0.4393417688130049,0.0,1.3180253064390146,0.0,0.5872857039551765,-0.14345389852866147,1.9770379596585215,0.0,-0.14794393514217163,-0.6590126532195072,0.14345389852866147,0.0,0.0,0.1,0.1,0.1,0.0,0.1,0.1
zsre,near_miss_neighbour,true,100,8,10,6.920998404236869,6.662364604496389,7.110387767376608,0.0,0.0,0.0,0.0,-0.2336694597549684,0.2336694597549684,0.0,0.0,0.0,0.0,0.0,0.0,0.0,-0.0778898199183228,-0.2336694597549684,0.0,0.0,0.0778898199183228,0.0,0.2336694597549684,0.0,0.0,0.0,0.0,0.0,0.0,0.0,0.0
zsre,near_miss_neighbour,true,100,9,10,7.652801680884183,7.170334577410689,8.219802254860543,0.0,0.0,0.0,0.0,0.0,0.0,0.0,0.0,0.0,0.0,0.0,0.0,0.0,0.0,0.0,0.0,0.0,0.0,0.0,0.0,0.0,0.0,0.0,0.0,0.0,0.0,0.0,0.0
zsre,near_miss_neighbour,true,100,10,10,10.439120117810992,8.608383348628458,12.471777715629912,0.0,0.0,0.0,0.0,0.48634409472483425,-0.48634409472483425,0.0,0.48634409472483425,-0.48634409472483425,0.0,0.0,0.0,0.0,0.32422939648322285,0.0,0.9726881894496685,0.0,-0.32422939648322285,-0.9726881894496685,0.0,0.0,0.0,0.0,0.0,0.0,0.0,0.0,0.0
zsre,paraphrase,new,300,1,30,3.176143850179382,1.9164521662830936,3.930439730034486,2.987537424194971,2.9358202968839016,0.051717127311069595,2.8179023799122476,3.0058061566447902,-0.18790377673254308,3.090060255561532,2.9358202968839016,0.15423995867763046,2.96516668655625,2.6354618707571005,3.2245473539258014,3.269067150872462,2.9591489168041982,2.5328980463823996,3.2587560848679082,3.324094746388222,0.0060177697520523415,-0.14124653689195063,0.18262846606840383,0.0,0.0,0.9333333333333333,0.9666666666666667,0.9333333333333333,0.9333333333333333,0.9,0.9666666666666667
zsre,paraphrase,new,300,2,30,4.196151415971981,3.9914306138525744,4.411863748457488,4.176292395868316,4.176292395868316,0.0,4.176292395868316,4.176292395868316,0.0,4.176292395868316,4.176292395868316,0.0,4.176292395868316,4.130593362610786,4.226318926399522,4.163094829186719,4.176292395868316,4.130593362610786,4.226318926399522,4.163094829186719,0.0,0.0,0.0,0.0,0.0,1.0,1.0,1.0,1.0,1.0,1.0
zsre,paraphrase,new,300,3,30,4.710189327887102,4.417265810677508,4.926333337635664,4.3745432702119915,4.5346683273858845,-0.16012505717389278,4.3745432702119915,4.693423895721422,-0.3188806255094297,4.3745432702119915,4.693423895721422,-0.3188806255094297,4.3745432702119915,3.9289067973670586,4.707290098209195,4.670259059676078,4.6405053729429095,4.529894352007095,4.722890220980134,4.72618592199913,-0.2659621027309174,-0.6377612510188595,0.0,0.0,0.0,0.9666666666666667,1.0,1.0,0.9333333333333333,0.9333333333333333,0.9333333333333333
zsre,paraphrase,new,300,4,30,5.119270955848965,4.931060213819396,5.344073902566237,4.935730872246538,5.105839330974994,-0.17010845872845667,5.105839330974994,5.105839330974994,0.0,5.105839330974994,4.935730872246538,0.17010845872845667,5.049136511398842,4.920003207017237,5.139727827052209,5.117605475237411,5.049136511398842,4.920003207017237,5.139727827052209,5.117605475237411,0.0,0.0,0.0,0.0,0.0,1.0,1.0,0.9666666666666667,0.9666666666666667,1.0,1.0
zsre,paraphrase,new,300,5,30,5.570558198694803,5.370774378863068,5.7412468926843685,5.171794298668266,5.358608204295731,-0.18681390562746364,5.358608204295731,5.358608204295731,0.0,5.358608204295731,5.358608204295731,0.0,5.29633690241991,4.866331000343077,5.560857227837546,5.546260649147958,5.358608204295731,4.966318273249679,5.577652372678246,5.563651797496334,-0.06227130187582122,-0.21950633911226972,0.0,0.0,0.0,0.9666666666666667,0.9666666666666667,0.9666666666666667,0.9333333333333333,0.9666666666666667,0.9666666666666667
zsre,paraphrase,new,300,6,30,6.007494929829976,5.7813383285762185,6.1426354196104285,5.191427394710603,5.586622152755242,-0.3951947580446398,5.789171932890229,5.989755429547306,-0.20058349665707784,5.789171932890229,5.789171932890229,0.0,5.58992375349702,5.114355842370437,5.922393456327639,5.988221164018748,5.78851650506426,5.460682433858403,5.999937454466434,6.007196993745216,-0.19859275156723927,-0.46213894643967307,0.0,0.0,0.0,0.9333333333333333,1.0,0.9666666666666667,0.8666666666666667,0.9666666666666667,0.9666666666666667
zsre,paraphrase,new,300,7,30,6.496475641767808,6.226309611575981,6.698624307718532,6.056741079158834,6.056741079158834,0.0,6.056741079158834,6.266225703599982,-0.20948462444114782,6.266225703599982,6.056741079158834,0.20948462444114782,6.126569287305883,5.537740886680633,6.501418750906317,6.456069274911594,6.126569287305883,5.537740886680633,6.501418750906317,6.456069274911594,0.0,0.0,0.0,0.0,0.0,0.9333333333333333,0.9666666666666667,0.9333333333333333,0.9333333333333333,0.9333333333333333,0.9666666666666667
zsre,paraphrase,new,300,8,30,7.013689093471866,6.72205943303733,7.385102720998063,6.517977704435179,6.986133629587512,-0.46815592515233306,6.986133629587512,6.986133629587512,0.0,6.986133629587512,6.986133629587512,0.0,6.830081654536733,6.586496957336466,7.016613564471917,6.961004281864513,6.986133629587512,6.915782593244526,7.055182803805003,6.994873727309113,-0.15605197505077772,-0.3895840056808477,0.0,0.0,0.0,1.0,1.0,1.0,0.9333333333333333,1.0,1.0
zsre,paraphrase,new,300,9,30,8.019328175593172,7.403452246332499,9.047847385179361,7.730722415799696,7.994269773252321,-0.26354735745262287,7.994269773252321,7.994269773252321,0.0,7.994269773252321,7.994269773252321,0.0,7.906420654101445,7.653637022231092,8.126974063472538,7.904860907452948,7.994269773252321,7.822686888058295,8.165033167210318,7.907628902407747,-0.0878491191508743,-0.2635473574526229,0.0,0.0,0.0,1.0,1.0,1.0,0.9666666666666667,1.0,1.0
zsre,paraphrase,new,300,10,30,10.67043394237743,9.24780938700951,12.692395137093627,10.636629825726088,10.636629825726088,0.0,10.636629825726088,10.636629825726088,0.0,10.636629825726088,10.636629825726088,0.0,10.636629825726088,10.351042157823702,10.937092810925899,10.801023166812532,10.636629825726088,10.351042157823702,10.937092810925899,10.801023166812532,0.0,0.0,0.0,0.0,0.0,1.0,1.0,1.0,1.0,1.0,1.0
zsre,paraphrase,new,100,1,10,3.2008509581307605,2.071269177851832,4.0036115964302255,2.6636642321098494,2.971232726209532,-0.3075684940996826,2.309910481194886,3.1811903054921977,-0.8712798242973119,2.6636642321098494,2.971232726209532,-0.3075684940996826,2.545746315138195,1.6090282207828601,3.4275355412375133,2.894914568207657,3.0412185859704204,2.3210851802739474,3.6214681041054178,3.23022920088178,-0.4954722708322256,-1.1106092590315908,0.0,0.0,0.0,0.9,1.0,0.9,0.8,0.7,0.8
zsre,paraphrase,new,100,2,10,4.142584717372833,4.023168961664514,4.27272611081394,4.120389720963962,4.120389720963962,0.0,4.120389720963962,4.120389720963962,0.0,4.120389720963962,4.120389720963962,0.0,4.120389720963962,4.07103295320986,4.176040852802781,4.11111344627548,4.120389720963962,4.07103295320986,4.176040852802781,4.11111344627548,0.0,0.0,0.0,0.0,0.0,1.0,1.0,1.0,1.0,1.0,1.0
zsre,paraphrase,new,100,3,10,4.549358803814672,4.323722434946561,4.892702280342287,4.054475888912156,4.5348510604338355,-0.48037517152167836,4.054475888912156,4.5348510604338355,-0.48037517152167836,4.054475888912156,4.5348510604338355,-0.48037517152167836,4.054475888912156,3.1195552690030306,4.61631429112242,4.431410798163832,4.5348510604338355,4.415258165774141,4.6608355703267605,4.513780449782749,-0.48037517152167836,-1.441125514565035,0.0,0.0,0.0,1.0,1.0,1.0,0.9,0.9,0.9
zsre,paraphrase,new,100,4,10,5.162090756938868,4.926333337635664,5.570700210500966,5.148261523521894,5.148261523521894,0.0,5.148261523521894,5.148261523521894,0.0,5.148261523521894,5.148261523521894,0.0,5.148261523521894,5.024251746284317,5.291979512540201,5.103181438162324,5.148261523521894,5.024251746284317,5.291979512540201,5.103181438162324,0.0,0.0,0.0,0.0,0.0,1.0,1.0,1.0,1.0,1.0,1.0
zsre,paraphrase,new,100,5,10,5.817533509981552,5.638035045008256,6.028466623915296,4.617183546502769,5.201507301540253,-0.584323755037483,4.617183546502769,5.803257791511486,-1.1860742450087165,5.201507301540253,5.201507301540253,0.0,4.811958131515263,3.470209643656836,5.7846251722660345,5.730529961717716,5.40209079819733,4.62901341893665,5.816470456896965,5.766907208788449,-0.5901326666820665,-1.569814503389122,0.0,0.0,0.0,0.9,1.0,0.9,0.8,0.8,0.9
zsre,paraphrase,new,100,6,10,6.1953548801486615,6.03682124827278,6.432907247605158,4.906715431842107,4.906715431842107,0.0,4.906715431842107,5.53516930516555,-0.6284538733234435,5.53516930516555,4.906715431842107,0.6284538733234435,5.116200056283255,3.660907355038813,6.159198576125988,6.07424819717315,5.116200056283255,3.660907355038813,6.159198576125988,6.07424819717315,0.0,0.0,0.0,0.0,0.0,0.8,0.9,0.8,0.8,0.8,0.9
zsre,paraphrase,new,100,7,10,6.7132279829990535,6.443205213995168,6.981301843411359,5.995202713731397,6.6925232139450275,-0.6973205002136301,6.6925232139450275,6.6925232139450275,0.0,6.6925232139450275,6.6925232139450275,0.0,6.460083047207151,6.006407253460975,6.748965791307056,6.652589513720969,6.6925232139450275,6.597046801816749,6.798928895699772,6.691915068900407,-0.23244016673787674,-0.6973205002136302,0.0,0.0,0.0,1.0,1.0,1.0,0.9,1.0,1.0
zsre,paraphrase,new,100,8,10,7.2951071423281615,6.994943752412695,7.622428277006161,7.274135608373738,7.274135608373738,0.0,7.274135608373738,7.274135608373738,0.0,7.274135608373738,7.274135608373738,0.0,7.274135608373738,7.148194733007963,7.383600461963796,7.3398466546172445,7.274135608373738,7.148194733007963,7.383600461963796,7.3398466546172445,0.0,0.0,0.0,0.0,0.0,1.0,1.0,1.0,1.0,1.0,1.0
zsre,paraphrase,new,100,9,10,8.555591016385568,7.830413861529173,9.401066852246878,8.522928565926424,8.522928565926424,0.0,8.522928565926424,8.522928565926424,0.0,8.522928565926424,8.522928565926424,0.0,8.522928565926424,8.201012679798383,8.868475743327371,8.536917680517808,8.522928565926424,8.201012679798383,8.868475743327371,8.536917680517808,0.0,0.0,0.0,0.0,0.0,1.0,1.0,1.0,1.0,1.0,1.0
zsre,paraphrase,new,100,10,10,11.032892904173107,9.912817613366633,12.274476586117132,11.001425921355874,11.001425921355874,0.0,11.001425921355874,11.001425921355874,0.0,11.001425921355874,11.001425921355874,0.0,11.001425921355874,10.665754583977325,11.360076563339668,10.996042175497484,11.001425921355874,10.665754583977325,11.360076563339668,10.996042175497484,0.0,0.0,0.0,0.0,0.0,1.0,1.0,1.0,1.0,1.0,1.0
zsre,unseen,new,300,1,10,3.2834707620611683,2.4073860755932155,3.6725942379232692,0.0,-0.165723994491935,0.165723994491935,-0.165723994491935,-0.20539490390654752,0.03967090941461251,-0.165723994491935,-0.20539490390654752,0.03967090941461251,-0.11048266299462339,-0.33144798898387007,0.0,0.0,-0.19217126743500995,-0.8939633330713811,0.5117159528742656,0.0,0.08168860444038657,-0.6221986158688889,0.7971138574336138,0.0,0.0,0.0,0.1,0.1,0.0,0.0,0.0
zsre,unseen,new,300,2,10,4.062320491787447,3.830061387202907,4.24716697026864,0.0,0.0,0.0,0.0,0.0,0.0,0.0,0.0,0.0,0.0,0.0,0.0,0.0,0.0,0.0,0.0,0.0,0.0,0.0,0.0,0.0,0.0,0.0,0.0,0.0,0.0,0.0,0.0
zsre,unseen,new,300,3,10,4.565616406144648,4.281797534840656,4.788694401607693,0.0,-0.03492857370573681,0.03492857370573681,0.0,-0.10877005880377064,0.10877005880377064,0.0,-0.10877005880377064,0.10877005880377064,0.0,0.0,0.0,0.0,-0.0841562304377593,-0.20324103458125542,0.0,0.0,0.0841562304377593,0.0,0.20324103458125542,0.0,0.0,0.0,0.0,0.0,0.0,0.0,0.0
zsre,unseen,new,300,4,10,5.086034319012193,4.8067913135798825,5.331914764410719,0.0,0.0,0.0,0.0,-0.18859603008813747,0.18859603008813747,0.0,0.0,0.0,0.0,0.0,0.0,0.0,-0.06286534336271243,-0.1885960300881373,0.0,0.0,0.06286534336271243,0.0,0.1885960300881373,0.0,0.0,0.0,0.0,0.0,0.0,0.0,0.0
zsre,unseen,new,300,5,10,5.697263166452549,5.390254923981037,6.073000456100758,0.0,0.0,0.0,0.0,0.606951765123269,-0.606951765123269,0.0,0.0,0.0,0.0,0.0,0.0,0.0,0.20231725504108972,0.0,0.6069517651232691,0.0,-0.20231725504108972,-0.6069517651232691,0.0,0.0,0.0,0.0,0.1,0.0,0.0,0.0,0.0
zsre,unseen,new,300,6,10,6.351162309187232,6.088841977648794,6.583016778780163,0.0,0.0,0.0,-0.6349441114976223,-0.6349441114976223,0.0,-0.6349441114976223,-0.6349441114976223,0.0,-0.4232960743317483,-1.2698882229952448,0.0,0.0,-0.4232960743317483,-1.2698882229952448,0.0,0.0,0.0,0.0,0.0,0.0,0.0,0.0,0.0,0.0,0.0,0.0,0.0
zsre,unseen,new,300,7,10,6.911769396790537,6.584076222869787,7.279940697648295,0.0,0.0,0.0,0.0,0.0,0.0,0.0,0.0,0.0,0.0,0.0,0.0,0.0,0.0,0.0,0.0,0.0,0.0,0.0,0.0,0.0,0.0,0.0,0.0,0.0,0.0,0.0,0.0
zsre,unseen,new,300,8,10,7.5160575315140985,7.337841868216229,7.686514353550844,0.0,0.0,0.0,0.0,0.29911466845166823,-0.29911466845166823,0.0,0.0,0.0,8.881784197001253e-17,0.0,2.6645352591003756e-16,0.0,0.09970488948388949,0.0,0.29911466845166834,0.0,-0.0997048894838894,-0.29911466845166823,0.0,0.0,0.0,0.0,0.0,0.0,0.0,0.0,0.0
zsre,unseen,new,300,9,10,8.031043001048133,7.7457134560868965,8.483044794661472,0.0,0.0,0.0,0.0,0.8252802058234809,-0.8252802058234809,0.0,0.8252802058234809,-0.8252802058234809,0.0,0.0,0.0,0.0,0.5501868038823206,0.0,1.6505604116469619,0.0,-0.5501868038823206,-1.6505604116469619,0.0,0.0,0.0,0.0,0.1,0.1,0.0,0.0,0.0
zsre,unseen,new,300,10,10,9.770587686881454,8.619091576104276,12.07792211999309,-0.8167084421445416,-0.8167084421445416,0.0,-1.202774983788045,-1.4133095245817646,0.21053454079371967,-0.8167084421445416,-1.4133095245817646,0.596601082437223,-0.9453972893590427,-2.0792840776012476,0.0,0.0,-1.2144424971026901,-2.3483292853448954,-0.2497650480234391,0.0,0.26904520774364754,0.0,0.6784467760164414,0.0,0.0,0.0,0.0,0.0,0.0,0.0,0.0
zsre,unseen,new,100,1,10,3.2834707620611683,2.4073860755932155,3.6725942379232692,0.0,0.0,0.0,0.0,-0.37839088309771274,0.37839088309771274,0.0,0.0,0.0,-4.4408920985006264e-17,-1.3322676295501878e-16,0.0,0.0,-0.12613029436590426,-0.37839088309771274,0.0,0.0,0.12613029436590423,0.0,0.3783908830977126,0.0,0.0,0.0,0.0,0.0,0.0,0.0,0.0
zsre,unseen,new,100,2,10,4.062320491787447,3.830061387202907,4.24716697026864,0.0,0.0,0.0,0.0,-0.01938952490470598,0.01938952490470598,0.0,-0.01938952490470598,0.01938952490470598,0.0,0.0,0.0,0.0,-0.012926349936470637,-0.038779049809411915,0.0,0.0,0.012926349936470637,0.0,0.038779049809411915,0.0,0.0,0.0,0.0,0.0,0.0,0.0,0.0
zsre,unseen,new,100,3,10,4.565616406144648,4.281797534840656,4.788694401607693,0.0,-0.34334667827332616,0.34334667827332616,-0.34334667827332616,-0.34334667827332616,0.0,0.0,-0.34334667827332616,0.34334667827332616,-0.11444889275777541,-0.3433466782733262,0.0,0.0,-0.34334667827332616,-1.0300400348199783,0.0,0.0,0.22889778551555073,0.0,0.6866933565466522,0.0,0.0,0.0,0.0,0.0,0.0,0.0,0.0
zsre,unseen,new,100,4,10,5.086034319012193,4.8067913135798825,5.331914764410719,-0.1246256425155714,-0.1246256425155714,0.0,-0.7838826314468078,-0.7838826314468078,0.0,-0.7838826314468078,-0.7838826314468078,0.0,-0.5641303018030623,-1.5085680826987193,0.0,0.0,-0.5641303018030623,-1.5085680826987193,0.0,0.0,0.0,0.0,0.0,0.0,0.0,0.0,0.0,0.0,0.0,0.0,0.0
zsre,unseen,new,100,5,10,5.697263166452549,5.390254923981037,6.073000456100758,0.0,0.0,0.0,0.0,-0.17608161259961835,0.17608161259961835,0.0,0.0,0.0,0.0,0.0,0.0,0.0,-0.05869387086653939,-0.7830333777228873,0.6069517651232691,0.0,0.05869387086653939,-0.6069517651232691,0.7830333777228873,0.0,0.0,0.0,0.1,0.0,0.0,0.0,0.0
zsre,unseen,new,100,6,10,6.351162309187232,6.088841977648794,6.583016778780163,0.0,0.0,0.0,0.0,-0.23977366221403953,0.23977366221403953,0.0,-0.23977366221403953,0.23977366221403953,-8.881784197001253e-17,-2.6645352591003756e-16,0.0,0.0,-0.1598491081426931,-0.4795473244280791,0.0,0.0,0.159849108142693,0.0,0.47954732442807907,0.0,0.0,0.0,0.0,0.0,0.0,0.0,0.0
zsre,unseen,new,100,7,10,6.911769396790537,6.584076222869787,7.279940697648295,0.0,-0.6142333314314934,0.6142333314314934,0.0,-0.6142333314314934,0.6142333314314934,0.0,-0.6142333314314934,0.6142333314314934,0.0,0.0,0.0,0.0,-0.6142333314314934,-1.8426999942944804,0.0,0.0,0.6142333314314934,0.0,1.8426999942944804,0.0,0.0,0.0,0.0,0.0,0.0,0.0,0.0
zsre,unseen,new,100,8,10,7.5160575315140985,7.337841868216229,7.686514353550844,0.0,0.0,0.0,0.0,0.0,0.0,0.0,0.0,0.0,8.881784197001253e-17,0.0,2.6645352591003756e-16,0.0,8.881784197001253e-17,0.0,2.6645352591003756e-16,0.0,0.0,0.0,0.0,0.0,0.0,0.0,0.0,0.0,0.0,0.0,0.0
zsre,unseen,new,100,9,10,8.031043001048133,7.7457134560868965,8.483044794661472,0.0,0.0,0.0,0.0,0.3663739493638474,-0.3663739493638474,0.0,0.0,0.0,0.0,0.0,0.0,0.0,0.12212464978794912,0.0,0.3663739493638474,0.0,-0.12212464978794912,-0.3663739493638474,0.0,0.0,0.0,0.0,0.0,0.0,0.0,0.0,0.0
zsre,unseen,new,100,10,10,9.770587686881454,8.619091576104276,12.07792211999309,-0.5669433941211025,-0.8167084421445416,0.2497650480234391,-0.8167084421445416,-0.5174755972281915,-0.29923284491635016,-0.8167084421445416,-0.8167084421445416,0.0,-0.7334534261367287,-1.867340214378934,0.0,0.0,-0.7169641605057583,-1.91857391380149,0.19948856327756664,0.0,-0.016489265630970352,-0.215977828908537,0.24976504802343893,0.0,0.0,0.0,0.0,0.0,0.0,0.0,0.0
