dataset,family,target,horizon,seed,gain,n,n_groups,mean,median,frac_helped,frac_harmed,p5,p95,worst5pct_mean_negative_gain,sd,mean_ci,median_ci,frac_helped_ci,frac_harmed_ci
counterfact,edit,new,300,0,G_PC,300,300,6.937742129792494,6.985850016270401,1.0,0.0,4.7253461950592275,9.1141709475524,4.313837739899412,1.4162148890430137,"[6.773698857132928, 7.091348878686171]","[6.718397397380329, 7.131020883054212]","[1.0, 1.0]","[0.0, 0.0]"
counterfact,edit,new,300,0,G_BP,300,300,6.937742129792494,6.985850016270401,1.0,0.0,4.7253461950592275,9.1141709475524,4.313837739899412,1.4162148890430137,"[6.773698857132928, 7.091348878686171]","[6.718397397380329, 7.131020883054212]","[1.0, 1.0]","[0.0, 0.0]"
counterfact,edit,new,300,0,G_PCvsBP,300,300,0.0,0.0,0.0,0.0,0.0,0.0,-0.0,0.0,"[0.0, 0.0]","[0.0, 0.0]","[0.0, 0.0]","[0.0, 0.0]"
counterfact,edit,new,300,1,G_PC,300,300,6.937742129792494,6.985850016270401,1.0,0.0,4.7253461950592275,9.1141709475524,4.313837739899412,1.4162148890430137,"[6.773698857132928, 7.091348878686171]","[6.718397397380329, 7.131020883054212]","[1.0, 1.0]","[0.0, 0.0]"
counterfact,edit,new,300,1,G_BP,300,300,6.856645487175921,6.941653035366301,0.99,0.0,4.606262772308301,9.107379591988561,3.4353994592023183,1.5683309330583628,"[6.682626505496391, 7.026871353775481]","[6.65500253742259, 7.095947227504716]","[0.9766666666666667, 1.0]","[0.0, 0.0]"
counterfact,edit,new,300,1,G_PCvsBP,300,300,0.08109664261657257,0.0,0.01,0.0,0.0,0.0,-0.0,0.8135256343891768,"[0.0, 0.18193238517826565]","[0.0, 0.0]","[0.0, 0.023333333333333334]","[0.0, 0.0]"
counterfact,edit,new,300,2,G_PC,300,300,6.937742129792494,6.985850016270401,1.0,0.0,4.7253461950592275,9.1141709475524,4.313837739899412,1.4162148890430137,"[6.773698857132928, 7.091348878686171]","[6.718397397380329, 7.131020883054212]","[1.0, 1.0]","[0.0, 0.0]"
counterfact,edit,new,300,2,G_BP,300,300,6.937742129792494,6.985850016270401,1.0,0.0,4.7253461950592275,9.1141709475524,4.313837739899412,1.4162148890430137,"[6.773698857132928, 7.091348878686171]","[6.718397397380329, 7.131020883054212]","[1.0, 1.0]","[0.0, 0.0]"
counterfact,edit,new,300,2,G_PCvsBP,300,300,0.0,0.0,0.0,0.0,0.0,0.0,-0.0,0.0,"[0.0, 0.0]","[0.0, 0.0]","[0.0, 0.0]","[0.0, 0.0]"
counterfact,edit,new,300,mean,G_PC,300,300,6.937742129792494,,1.0,,,,,,"[6.773698857132928, 7.091348878686171]",,"[1.0, 1.0]",
counterfact,edit,new,300,mean,G_BP,300,300,6.9107099155869705,,1.0,,,,,,"[6.750338849110862, 7.069325449937457]",,"[1.0, 1.0]",
counterfact,edit,new,300,mean,G_PCvsBP,300,300,0.027032214205524187,,0.01,,,,,,"[0.0, 0.060644128392755216]",,"[0.0, 0.023333333333333334]",
counterfact,edit,new,100,0,G_PC,100,100,6.962767317956329,7.000775750556485,1.0,0.0,4.88096929365766,8.862290123989922,4.51307198421994,1.2874728081540951,"[6.702288676654299, 7.208767057945739]","[6.6629740480006845, 7.382092104062643]","[1.0, 1.0]","[0.0, 0.0]"
counterfact,edit,new,100,0,G_BP,100,100,6.962767317956329,7.000775750556485,1.0,0.0,4.88096929365766,8.862290123989922,4.51307198421994,1.2874728081540951,"[6.702288676654299, 7.208767057945739]","[6.6629740480006845, 7.382092104062643]","[1.0, 1.0]","[0.0, 0.0]"
counterfact,edit,new,100,0,G_PCvsBP,100,100,0.0,0.0,0.0,0.0,0.0,0.0,-0.0,0.0,"[0.0, 0.0]","[0.0, 0.0]","[0.0, 0.0]","[0.0, 0.0]"
counterfact,edit,new,100,1,G_PC,100,100,6.962767317956329,7.000775750556485,1.0,0.0,4.88096929365766,8.862290123989922,4.51307198421994,1.2874728081540951,"[6.702288676654299, 7.208767057945739]","[6.6629740480006845, 7.382092104062643]","[1.0, 1.0]","[0.0, 0.0]"
counterfact,edit,new,100,1,G_BP,100,100,6.962767317956329,7.000775750556485,1.0,0.0,4.88096929365766,8.862290123989922,4.51307198421994,1.2874728081540951,"[6.702288676654299, 7.208767057945739]","[6.6629740480006845, 7.382092104062643]","[1.0, 1.0]","[0.0, 0.0]"
counterfact,edit,new,100,1,G_PCvsBP,100,100,0.0,0.0,0.0,0.0,0.0,0.0,-0.0,0.0,"[0.0, 0.0]","[0.0, 0.0]","[0.0, 0.0]","[0.0, 0.0]"
counterfact,edit,new,100,2,G_PC,100,100,6.962767317956329,7.000775750556485,1.0,0.0,4.88096929365766,8.862290123989922,4.51307198421994,1.2874728081540951,"[6.702288676654299, 7.208767057945739]","[6.6629740480006845, 7.382092104062643]","[1.0, 1.0]","[0.0, 0.0]"
counterfact,edit,new,100,2,G_BP,100,100,6.962767317956329,7.000775750556485,1.0,0.0,4.88096929365766,8.862290123989922,4.51307198421994,1.2874728081540951,"[6.702288676654299, 7.208767057945739]","[6.6629740480006845, 7.382092104062643]","[1.0, 1.0]","[0.0, 0.0]"
counterfact,edit,new,100,2,G_PCvsBP,100,100,0.0,0.0,0.0,0.0,0.0,0.0,-0.0,0.0,"[0.0, 0.0]","[0.0, 0.0]","[0.0, 0.0]","[0.0, 0.0]"
counterfact,edit,new,100,mean,G_PC,100,100,6.962767317956329,,1.0,,,,,,"[6.702288676654299, 7.208767057945739]",,"[1.0, 1.0]",
counterfact,edit,new,100,mean,G_BP,100,100,6.962767317956329,,1.0,,,,,,"[6.702288676654299, 7.208767057945739]",,"[1.0, 1.0]",
counterfact,edit,new,100,mean,G_PCvsBP,100,100,0.0,,0.0,,,,,,"[0.0, 0.0]",,"[0.0, 0.0]",
counterfact,edit,true,300,0,G_PC,300,300,1.1672032784459805,1.4053789679791215,0.7566666666666667,0.24333333333333335,-2.5777748903087985,4.38868969487569,-4.036263476868214,2.1769989728591415,"[0.9138017554361962, 1.3957478799123775]","[1.1706340207145214, 1.5734012427384947]","[0.7066666666666667, 0.8]","[0.2, 0.29333333333333333]"
counterfact,edit,true,300,0,G_BP,300,300,1.1672032784459805,1.4053789679791215,0.7566666666666667,0.24333333333333335,-2.5777748903087985,4.38868969487569,-4.036263476868214,2.1769989728591415,"[0.9138017554361962, 1.3957478799123775]","[1.1706340207145214, 1.5734012427384947]","[0.7066666666666667, 0.8]","[0.2, 0.29333333333333333]"
counterfact,edit,true,300,0,G_PCvsBP,300,300,0.0,0.0,0.0,0.0,0.0,0.0,-0.0,0.0,"[0.0, 0.0]","[0.0, 0.0]","[0.0, 0.0]","[0.0, 0.0]"
counterfact,edit,true,300,1,G_PC,300,300,1.1672032784459805,1.4053789679791215,0.7566666666666667,0.24333333333333335,-2.5777748903087985,4.38868969487569,-4.036263476868214,2.1769989728591415,"[0.9138017554361962, 1.3957478799123775]","[1.1706340207145214, 1.5734012427384947]","[0.7066666666666667, 0.8]","[0.2, 0.29333333333333333]"
counterfact,edit,true,300,1,G_BP,300,300,1.1452250165866436,1.3492126776435,0.75,0.24,-2.5777748903087985,4.329524602146599,-4.036263476868214,2.1573496991052905,"[0.9022337840280086, 1.375693626894633]","[1.1009068021294777, 1.5658796830338826]","[0.7, 0.7933333333333333]","[0.19333333333333333, 0.29]"
counterfact,edit,true,300,1,G_PCvsBP,300,300,0.021978261859336913,0.0,0.006666666666666667,0.0033333333333333335,0.0,0.0,-0.08352705697478591,0.36834124908677773,"[-0.008909552743977164, 0.06976490762340476]","[0.0, 0.0]","[0.0, 0.016666666666666666]","[0.0, 0.01]"
counterfact,edit,true,300,2,G_PC,300,300,1.1672032784459805,1.4053789679791215,0.7566666666666667,0.24333333333333335,-2.5777748903087985,4.38868969487569,-4.036263476868214,2.1769989728591415,"[0.9138017554361962, 1.3957478799123775]","[1.1706340207145214, 1.5734012427384947]","[0.7066666666666667, 0.8]","[0.2, 0.29333333333333333]"
counterfact,edit,true,300,2,G_BP,300,300,1.1672032784459805,1.4053789679791215,0.7566666666666667,0.24333333333333335,-2.5777748903087985,4.38868969487569,-4.036263476868214,2.1769989728591415,"[0.9138017554361962, 1.3957478799123775]","[1.1706340207145214, 1.5734012427384947]","[0.7066666666666667, 0.8]","[0.2, 0.29333333333333333]"
counterfact,edit,true,300,2,G_PCvsBP,300,300,0.0,0.0,0.0,0.0,0.0,0.0,-0.0,0.0,"[0.0, 0.0]","[0.0, 0.0]","[0.0, 0.0]","[0.0, 0.0]"
counterfact,edit,true,300,mean,G_PC,300,300,1.1672032784459805,,0.7566666666666667,,,,,,"[0.9138017554361962, 1.3957478799123775]",,"[0.7066666666666667, 0.8]",
counterfact,edit,true,300,mean,G_BP,300,300,1.1598771911595345,,0.7566666666666667,,,,,,"[0.9133838073444512, 1.3858506203460255]",,"[0.7066666666666667, 0.8]",
counterfact,edit,true,300,mean,G_PCvsBP,300,300,0.007326087286445639,,0.006666666666666667,,,,,,"[-0.0029698509146590503, 0.023254969207801582]",,"[0.0, 0.016666666666666666]",
counterfact,edit,true,100,0,G_PC,100,100,1.0318289925987383,1.3352528440216833,0.69,0.31,-2.9682521282236833,4.176868441076378,-4.644264681771243,2.291954847250449,"[0.5479902646322597, 1.4714194131421936]","[0.8981334861190788, 1.6747338646455843]","[0.6, 0.78]","[0.22, 0.4]"
counterfact,edit,true,100,0,G_BP,100,100,1.0318289925987383,1.3352528440216833,0.69,0.31,-2.9682521282236833,4.176868441076378,-4.644264681771243,2.291954847250449,"[0.5479902646322597, 1.4714194131421936]","[0.8981334861190788, 1.6747338646455843]","[0.6, 0.78]","[0.22, 0.4]"
counterfact,edit,true,100,0,G_PCvsBP,100,100,0.0,0.0,0.0,0.0,0.0,0.0,-0.0,0.0,"[0.0, 0.0]","[0.0, 0.0]","[0.0, 0.0]","[0.0, 0.0]"
counterfact,edit,true,100,1,G_PC,100,100,1.0318289925987383,1.3352528440216833,0.69,0.31,-2.9682521282236833,4.176868441076378,-4.644264681771243,2.291954847250449,"[0.5479902646322597, 1.4714194131421936]","[0.8981334861190788, 1.6747338646455843]","[0.6, 0.78]","[0.22, 0.4]"
counterfact,edit,true,100,1,G_BP,100,100,1.0318289925987383,1.3352528440216833,0.69,0.31,-2.9682521282236833,4.176868441076378,-4.644264681771243,2.291954847250449,"[0.5479902646322597, 1.4714194131421936]","[0.8981334861190788, 1.6747338646455843]","[0.6, 0.78]","[0.22, 0.4]"
counterfact,edit,true,100,1,G_PCvsBP,100,100,0.0,0.0,0.0,0.0,0.0,0.0,-0.0,0.0,"[0.0, 0.0]","[0.0, 0.0]","[0.0, 0.0]","[0.0, 0.0]"
counterfact,edit,true,100,2,G_PC,100,100,1.0318289925987383,1.3352528440216833,0.69,0.31,-2.9682521282236833,4.176868441076378,-4.644264681771243,2.291954847250449,"[0.5479902646322597, 1.4714194131421936]","[0.8981334861190788, 1.6747338646455843]","[0.6, 0.78]","[0.22, 0.4]"
counterfact,edit,true,100,2,G_BP,100,100,1.0318289925987383,1.3352528440216833,0.69,0.31,-2.9682521282236833,4.176868441076378,-4.644264681771243,2.291954847250449,"[0.5479902646322597, 1.4714194131421936]","[0.8981334861190788, 1.6747338646455843]","[0.6, 0.78]","[0.22, 0.4]"
counterfact,edit,true,100,2,G_PCvsBP,100,100,0.0,0.0,0.0,0.0,0.0,0.0,-0.0,0.0,"[0.0, 0.0]","[0.0, 0.0]","[0.0, 0.0]","[0.0, 0.0]"
counterfact,edit,true,100,mean,G_PC,100,100,1.0318289925987383,,0.69,,,,,,"[0.5479902646322597, 1.4714194131421936]",,"[0.6, 0.78]",
counterfact,edit,true,100,mean,G_BP,100,100,1.0318289925987383,,0.69,,,,,,"[0.5479902646322597, 1.4714194131421936]",,"[0.6, 0.78]",
counterfact,edit,true,100,mean,G_PCvsBP,100,100,0.0,,0.0,,,,,,"[0.0, 0.0]",,"[0.0, 0.0]",
counterfact,locality,true,300,0,G_PC,50,50,0.0,0.0,0.0,0.0,0.0,0.0,-0.0,0.0,"[0.0, 0.0]","[0.0, 0.0]","[0.0, 0.0]","[0.0, 0.0]"
counterfact,locality,true,300,0,G_BP,50,50,0.0,0.0,0.0,0.0,0.0,0.0,-0.0,0.0,"[0.0, 0.0]","[0.0, 0.0]","[0.0, 0.0]","[0.0, 0.0]"
counterfact,locality,true,300,0,G_PCvsBP,50,50,0.0,0.0,0.0,0.0,0.0,0.0,-0.0,0.0,"[0.0, 0.0]","[0.0, 0.0]","[0.0, 0.0]","[0.0, 0.0]"
counterfact,locality,true,300,1,G_PC,50,50,0.0,0.0,0.0,0.0,0.0,0.0,-0.0,0.0,"[0.0, 0.0]","[0.0, 0.0]","[0.0, 0.0]","[0.0, 0.0]"
counterfact,locality,true,300,1,G_BP,50,50,0.0,0.0,0.0,0.0,0.0,0.0,-0.0,0.0,"[0.0, 0.0]","[0.0, 0.0]","[0.0, 0.0]","[0.0, 0.0]"
counterfact,locality,true,300,1,G_PCvsBP,50,50,0.0,0.0,0.0,0.0,0.0,0.0,-0.0,0.0,"[0.0, 0.0]","[0.0, 0.0]","[0.0, 0.0]","[0.0, 0.0]"
counterfact,locality,true,300,2,G_PC,50,50,0.0,0.0,0.0,0.0,0.0,0.0,-0.0,0.0,"[0.0, 0.0]","[0.0, 0.0]","[0.0, 0.0]","[0.0, 0.0]"
counterfact,locality,true,300,2,G_BP,50,50,0.0,0.0,0.0,0.0,0.0,0.0,-0.0,0.0,"[0.0, 0.0]","[0.0, 0.0]","[0.0, 0.0]","[0.0, 0.0]"
counterfact,locality,true,300,2,G_PCvsBP,50,50,0.0,0.0,0.0,0.0,0.0,0.0,-0.0,0.0,"[0.0, 0.0]","[0.0, 0.0]","[0.0, 0.0]","[0.0, 0.0]"
counterfact,locality,true,300,mean,G_PC,50,50,3.552713678800501e-17,,0.0,,,,,,"[0.0, 1.0658141036401502e-16]",,"[0.0, 0.0]",
counterfact,locality,true,300,mean,G_BP,50,50,3.552713678800501e-17,,0.0,,,,,,"[0.0, 1.0658141036401502e-16]",,"[0.0, 0.0]",
counterfact,locality,true,300,mean,G_PCvsBP,50,50,0.0,,0.0,,,,,,"[0.0, 0.0]",,"[0.0, 0.0]",
counterfact,locality,true,100,0,G_PC,50,50,0.0,0.0,0.0,0.0,0.0,0.0,-0.0,0.0,"[0.0, 0.0]","[0.0, 0.0]","[0.0, 0.0]","[0.0, 0.0]"
counterfact,locality,true,100,0,G_BP,50,50,0.0,0.0,0.0,0.0,0.0,0.0,-0.0,0.0,"[0.0, 0.0]","[0.0, 0.0]","[0.0, 0.0]","[0.0, 0.0]"
counterfact,locality,true,100,0,G_PCvsBP,50,50,0.0,0.0,0.0,0.0,0.0,0.0,-0.0,0.0,"[0.0, 0.0]","[0.0, 0.0]","[0.0, 0.0]","[0.0, 0.0]"
counterfact,locality,true,100,1,G_PC,50,50,0.0,0.0,0.0,0.0,0.0,0.0,-0.0,0.0,"[0.0, 0.0]","[0.0, 0.0]","[0.0, 0.0]","[0.0, 0.0]"
counterfact,locality,true,100,1,G_BP,50,50,0.0,0.0,0.0,0.0,0.0,0.0,-0.0,0.0,"[0.0, 0.0]","[0.0, 0.0]","[0.0, 0.0]","[0.0, 0.0]"
counterfact,locality,true,100,1,G_PCvsBP,50,50,0.0,0.0,0.0,0.0,0.0,0.0,-0.0,0.0,"[0.0, 0.0]","[0.0, 0.0]","[0.0, 0.0]","[0.0, 0.0]"
counterfact,locality,true,100,2,G_PC,50,50,0.0,0.0,0.0,0.0,0.0,0.0,-0.0,0.0,"[0.0, 0.0]","[0.0, 0.0]","[0.0, 0.0]","[0.0, 0.0]"
counterfact,locality,true,100,2,G_BP,50,50,0.0,0.0,0.0,0.0,0.0,0.0,-0.0,0.0,"[0.0, 0.0]","[0.0, 0.0]","[0.0, 0.0]","[0.0, 0.0]"
counterfact,locality,true,100,2,G_PCvsBP,50,50,0.0,0.0,0.0,0.0,0.0,0.0,-0.0,0.0,"[0.0, 0.0]","[0.0, 0.0]","[0.0, 0.0]","[0.0, 0.0]"
counterfact,locality,true,100,mean,G_PC,50,50,3.552713678800501e-17,,0.0,,,,,,"[0.0, 1.0658141036401502e-16]",,"[0.0, 0.0]",
counterfact,locality,true,100,mean,G_BP,50,50,3.552713678800501e-17,,0.0,,,,,,"[0.0, 1.0658141036401502e-16]",,"[0.0, 0.0]",
counterfact,locality,true,100,mean,G_PCvsBP,50,50,0.0,,0.0,,,,,,"[0.0, 0.0]",,"[0.0, 0.0]",
counterfact,locality_item,true,300,0,G_PC,900,300,0.026611655036801626,0.0,0.008888888888888889,0.0011111111111111111,0.0,0.0,-0.04921844142128946,0.33548450424662535,"[0.00572223610071303, 0.05034224976968242]","[0.0, 0.0]","[0.0033333333333333335, 0.016666666666666666]","[0.0, 0.0044444444444444444]"
counterfact,locality_item,true,300,0,G_BP,900,300,0.006951572928464821,0.0,0.0044444444444444444,0.0,0.0,0.0,-0.0,0.11724037133829238,"[0.0, 0.015913055049008473]","[0.0, 0.0]","[0.0, 0.01]","[0.0, 0.0]"
counterfact,locality_item,true,300,0,G_PCvsBP,900,300,0.019660082108336804,0.0,0.0077777777777777776,0.0044444444444444444,0.0,0.0,-0.12232272235371935,0.3286915358128774,"[-0.0005816577432868279, 0.04405777515265187]","[0.0, 0.0]","[0.0022222222222222222, 0.015555555555555555]","[0.0, 0.01]"
counterfact,locality_item,true,300,1,G_PC,900,300,0.023669736081476895,0.0,0.013333333333333334,0.0033333333333333335,0.0,0.0,-0.08084763307889299,0.28155325882179216,"[0.006266087652035645, 0.04224383307112761]","[0.0, 0.0]","[0.006666666666666667, 0.021111111111111112]","[0.0, 0.0077777777777777776]"
counterfact,locality_item,true,300,1,G_BP,900,300,0.0087057136101651,0.0,0.0044444444444444444,0.0,0.0,0.0,-0.0,0.1547068334975748,"[0.0002563861884498743, 0.02037017293490984]","[0.0, 0.0]","[0.0011111111111111111, 0.008888888888888889]","[0.0, 0.0]"
counterfact,locality_item,true,300,1,G_PCvsBP,900,300,0.014964022471311797,0.0,0.01,0.0044444444444444444,0.0,0.0,-0.08586388459204271,0.23604516648446786,"[0.0003554974319485781, 0.03078589317681564]","[0.0, 0.0]","[0.0044444444444444444, 0.016666666666666666]","[0.0011111111111111111, 0.008916666666666516]"
counterfact,locality_item,true,300,2,G_PC,900,300,0.006951572928464821,0.0,0.0044444444444444444,0.0,0.0,0.0,-0.0,0.11724037133829238,"[0.0, 0.015913055049008473]","[0.0, 0.0]","[0.0, 0.01]","[0.0, 0.0]"
counterfact,locality_item,true,300,2,G_BP,900,300,0.0032151319030295157,0.0,0.0011111111111111111,0.0,0.0,0.0,-0.0,0.09645395709088547,"[0.0, 0.009645395709088546]","[0.0, 0.0]","[0.0, 0.0033333333333333335]","[0.0, 0.0]"
counterfact,locality_item,true,300,2,G_PCvsBP,900,300,0.0037364410254353054,0.0,0.0033333333333333335,0.0,0.0,0.0,-0.0,0.06682807688483401,"[0.0, 0.009720723006632875]","[0.0, 0.0]","[0.0, 0.008888888888888889]","[0.0, 0.0]"
counterfact,locality_item,true,300,mean,G_PC,900,300,0.019077654682247782,,0.02,,,,,,"[0.0069811593191299965, 0.032683397953182564]",,"[0.011111111111111112, 0.03]",
counterfact,locality_item,true,300,mean,G_BP,900,300,0.006290806147219812,,0.006666666666666667,,,,,,"[0.0008347423814040466, 0.013885049707110042]",,"[0.0011111111111111111, 0.013333333333333334]",
counterfact,locality_item,true,300,mean,G_PCvsBP,900,300,0.012786848535027973,,0.015555555555555555,,,,,,"[0.0029795290638955966, 0.02314752136756261]",,"[0.0077777777777777776, 0.024444444444444446]",
counterfact,locality_item,true,100,0,G_PC,300,100,-0.0009669764194013908,0.0,0.006666666666666667,0.0033333333333333335,0.0,0.0,-0.14150301908620722,0.15508626686283097,"[-0.022640483053793153, 0.019739553795588984]","[0.0, 0.0]","[0.0, 0.02]","[0.0, 0.01]"
counterfact,locality_item,true,100,0,G_BP,300,100,0.0,0.0,0.0,0.0,0.0,0.0,-0.0,0.0,"[0.0, 0.0]","[0.0, 0.0]","[0.0, 0.0]","[0.0, 0.0]"
counterfact,locality_item,true,100,0,G_PCvsBP,300,100,-0.0009669764194013908,0.0,0.006666666666666667,0.0033333333333333335,0.0,0.0,-0.14150301908620722,0.15508626686283097,"[-0.022640483053793153, 0.019739553795588984]","[0.0, 0.0]","[0.0, 0.02]","[0.0, 0.01]"
counterfact,locality_item,true,100,1,G_PC,300,100,0.015048151543426763,0.0,0.01,0.0033333333333333335,0.0,0.0,-0.14150301908620722,0.2668819329812562,"[-0.01443121747225079, 0.04585312953581868]","[0.0, 0.0]","[0.0, 0.023333333333333334]","[0.0, 0.01]"
counterfact,locality_item,true,100,1,G_BP,300,100,0.0,0.0,0.0,0.0,0.0,0.0,-0.0,0.0,"[0.0, 0.0]","[0.0, 0.0]","[0.0, 0.0]","[0.0, 0.0]"
counterfact,locality_item,true,100,1,G_PCvsBP,300,100,0.015048151543426763,0.0,0.01,0.0033333333333333335,0.0,0.0,-0.14150301908620722,0.2668819329812562,"[-0.01443121747225079, 0.04585312953581868]","[0.0, 0.0]","[0.0, 0.023333333333333334]","[0.0, 0.01]"
counterfact,locality_item,true,100,2,G_PC,300,100,0.0,0.0,0.0,0.0,0.0,0.0,-0.0,0.0,"[0.0, 0.0]","[0.0, 0.0]","[0.0, 0.0]","[0.0, 0.0]"
counterfact,locality_item,true,100,2,G_BP,300,100,0.0,0.0,0.0,0.0,0.0,0.0,-0.0,0.0,"[0.0, 0.0]","[0.0, 0.0]","[0.0, 0.0]","[0.0, 0.0]"
counterfact,locality_item,true,100,2,G_PCvsBP,300,100,0.0,0.0,0.0,0.0,0.0,0.0,-0.0,0.0,"[0.0, 0.0]","[0.0, 0.0]","[0.0, 0.0]","[0.0, 0.0]"
counterfact,locality_item,true,100,mean,G_PC,300,100,0.004693725041341793,,0.016666666666666666,,,,,,"[-0.010691013081876947, 0.017259964933750552]",,"[0.0033333333333333335, 0.03333333333333333]",
counterfact,locality_item,true,100,mean,G_BP,300,100,0.0,,0.0,,,,,,"[0.0, 0.0]",,"[0.0, 0.0]",
counterfact,locality_item,true,100,mean,G_PCvsBP,300,100,0.004693725041341793,,0.016666666666666666,,,,,,"[-0.010691013081876947, 0.017259964933750552]",,"[0.0033333333333333335, 0.03333333333333333]",
counterfact,near_miss_edit,new,300,0,G_PC,100,100,0.046044690021217465,0.0,0.01,0.0,0.0,0.0,-0.0,0.4604469002121747,"[0.0, 0.1381340700636524]","[0.0, 0.0]","[0.0, 0.03]","[0.0, 0.0]"
counterfact,near_miss_edit,new,300,0,G_BP,100,100,-0.0028767412036394546,0.0,0.0,0.01,0.0,0.0,-0.047945686727324244,0.028767412036394546,"[-0.008630223610918364, 0.0]","[0.0, 0.0]","[0.0, 0.0]","[0.0, 0.03]"
counterfact,near_miss_edit,new,300,0,G_PCvsBP,100,100,0.04892143122485692,0.0,0.02,0.0,0.0,0.0,-0.0,0.4610545723272049,"[0.0, 0.14676429367457075]","[0.0, 0.0]","[0.0, 0.05]","[0.0, 0.0]"
counterfact,near_miss_edit,new,300,1,G_PC,100,100,0.04316794881757801,0.0,0.01,0.01,0.0,0.0,-0.047945686727324244,0.46163460134257933,"[-0.008630223610918364, 0.1381340700636524]","[0.0, 0.0]","[0.0, 0.03]","[0.0, 0.03]"
counterfact,near_miss_edit,new,300,1,G_BP,100,100,-0.0028767412036394546,0.0,0.0,0.01,0.0,0.0,-0.047945686727324244,0.028767412036394546,"[-0.008630223610918364, 0.0]","[0.0, 0.0]","[0.0, 0.0]","[0.0, 0.03]"
counterfact,near_miss_edit,new,300,1,G_PCvsBP,100,100,0.046044690021217465,0.0,0.01,0.0,0.0,0.0,-0.0,0.4604469002121747,"[0.0, 0.1381340700636524]","[0.0, 0.0]","[0.0, 0.03]","[0.0, 0.0]"
counterfact,near_miss_edit,new,300,2,G_PC,100,100,-0.0028767412036394546,0.0,0.0,0.01,0.0,0.0,-0.047945686727324244,0.028767412036394546,"[-0.008630223610918364, 0.0]","[0.0, 0.0]","[0.0, 0.0]","[0.0, 0.03]"
counterfact,near_miss_edit,new,300,2,G_BP,100,100,0.0,0.0,0.0,0.0,0.0,0.0,-0.0,0.0,"[0.0, 0.0]","[0.0, 0.0]","[0.0, 0.0]","[0.0, 0.0]"
counterfact,near_miss_edit,new,300,2,G_PCvsBP,100,100,-0.0028767412036394546,0.0,0.0,0.01,0.0,0.0,-0.047945686727324244,0.028767412036394546,"[-0.008630223610918364, 0.0]","[0.0, 0.0]","[0.0, 0.0]","[0.0, 0.03]"
counterfact,near_miss_edit,new,300,mean,G_PC,100,100,0.028778632545052005,,0.01,,,,,,"[-0.005753482407278909, 0.09208938004243493]",,"[0.0, 0.03]",
counterfact,near_miss_edit,new,300,mean,G_BP,100,100,-0.0019178274690929697,,0.0,,,,,,"[-0.005753482407278909, 0.0]",,"[0.0, 0.0]",
counterfact,near_miss_edit,new,300,mean,G_PCvsBP,100,100,0.030696460014144975,,0.01,,,,,,"[0.0, 0.09208938004243493]",,"[0.0, 0.03]",
counterfact,near_miss_edit,new,100,0,G_PC,100,100,0.0,0.0,0.0,0.0,0.0,0.0,-0.0,0.0,"[0.0, 0.0]","[0.0, 0.0]","[0.0, 0.0]","[0.0, 0.0]"
counterfact,near_miss_edit,new,100,0,G_BP,100,100,0.0,0.0,0.0,0.0,0.0,0.0,-0.0,0.0,"[0.0, 0.0]","[0.0, 0.0]","[0.0, 0.0]","[0.0, 0.0]"
counterfact,near_miss_edit,new,100,0,G_PCvsBP,100,100,0.0,0.0,0.0,0.0,0.0,0.0,-0.0,0.0,"[0.0, 0.0]","[0.0, 0.0]","[0.0, 0.0]","[0.0, 0.0]"
counterfact,near_miss_edit,new,100,1,G_PC,100,100,0.0,0.0,0.0,0.0,0.0,0.0,-0.0,0.0,"[0.0, 0.0]","[0.0, 0.0]","[0.0, 0.0]","[0.0, 0.0]"
counterfact,near_miss_edit,new,100,1,G_BP,100,100,0.0,0.0,0.0,0.0,0.0,0.0,-0.0,0.0,"[0.0, 0.0]","[0.0, 0.0]","[0.0, 0.0]","[0.0, 0.0]"
counterfact,near_miss_edit,new,100,1,G_PCvsBP,100,100,0.0,0.0,0.0,0.0,0.0,0.0,-0.0,0.0,"[0.0, 0.0]","[0.0, 0.0]","[0.0, 0.0]","[0.0, 0.0]"
counterfact,near_miss_edit,new,100,2,G_PC,100,100,0.0,0.0,0.0,0.0,0.0,0.0,-0.0,0.0,"[0.0, 0.0]","[0.0, 0.0]","[0.0, 0.0]","[0.0, 0.0]"
counterfact,near_miss_edit,new,100,2,G_BP,100,100,0.0,0.0,0.0,0.0,0.0,0.0,-0.0,0.0,"[0.0, 0.0]","[0.0, 0.0]","[0.0, 0.0]","[0.0, 0.0]"
counterfact,near_miss_edit,new,100,2,G_PCvsBP,100,100,0.0,0.0,0.0,0.0,0.0,0.0,-0.0,0.0,"[0.0, 0.0]","[0.0, 0.0]","[0.0, 0.0]","[0.0, 0.0]"
counterfact,near_miss_edit,new,100,mean,G_PC,100,100,0.0,,0.0,,,,,,"[0.0, 0.0]",,"[0.0, 0.0]",
counterfact,near_miss_edit,new,100,mean,G_BP,100,100,0.0,,0.0,,,,,,"[0.0, 0.0]",,"[0.0, 0.0]",
counterfact,near_miss_edit,new,100,mean,G_PCvsBP,100,100,0.0,,0.0,,,,,,"[0.0, 0.0]",,"[0.0, 0.0]",
counterfact,near_miss_neighbour,true,300,0,G_PC,100,100,0.0569096341242529,0.0,0.02,0.0,0.0,0.0,-0.0,0.40989724374527836,"[0.0, 0.148454286186824]","[0.0, 0.0]","[0.0, 0.05]","[0.0, 0.0]"
counterfact,near_miss_neighbour,true,300,0,G_BP,100,100,0.0,0.0,0.0,0.0,0.0,0.0,-0.0,0.0,"[0.0, 0.0]","[0.0, 0.0]","[0.0, 0.0]","[0.0, 0.0]"
counterfact,near_miss_neighbour,true,300,0,G_PCvsBP,100,100,0.0569096341242529,0.0,0.02,0.0,0.0,0.0,-0.0,0.40989724374527836,"[0.0, 0.148454286186824]","[0.0, 0.0]","[0.0, 0.05]","[0.0, 0.0]"
counterfact,near_miss_neighbour,true,300,1,G_PC,100,100,0.07627155468329846,0.0,0.04,0.01,0.0,0.0,-0.014954564623693045,0.4315361821348487,"[0.009131467088119436, 0.16649852601777332]","[0.0, 0.0]","[0.01, 0.08]","[0.0, 0.03]"
counterfact,near_miss_neighbour,true,300,1,G_BP,100,100,0.019690707698720614,0.0,0.01,0.0,0.0,0.0,-0.0,0.19690707698720616,"[0.0, 0.05907212309616185]","[0.0, 0.0]","[0.0, 0.03]","[0.0, 0.0]"
counterfact,near_miss_neighbour,true,300,1,G_PCvsBP,100,100,0.05658084698457785,0.0,0.04,0.02,0.0,0.0,-0.34313302626903663,0.4775247589990892,"[-0.02858751800140321, 0.15082897687898736]","[0.0, 0.0]","[0.01, 0.08]","[0.0, 0.05]"
counterfact,near_miss_neighbour,true,300,2,G_PC,100,100,0.010230453470926121,0.0,0.01,0.0,0.0,0.0,-0.0,0.10230453470926124,"[0.0, 0.030691360412778364]","[0.0, 0.0]","[0.0, 0.03]","[0.0, 0.0]"
counterfact,near_miss_neighbour,true,300,2,G_BP,100,100,0.0,0.0,0.0,0.0,0.0,0.0,-0.0,0.0,"[0.0, 0.0]","[0.0, 0.0]","[0.0, 0.0]","[0.0, 0.0]"
counterfact,near_miss_neighbour,true,300,2,G_PCvsBP,100,100,0.010230453470926121,0.0,0.01,0.0,0.0,0.0,-0.0,0.10230453470926124,"[0.0, 0.030691360412778364]","[0.0, 0.0]","[0.0, 0.03]","[0.0, 0.0]"
counterfact,near_miss_neighbour,true,300,mean,G_PC,100,100,0.04780388075949249,,0.04,,,,,,"[0.0033429136551803395, 0.10661160937452387]",,"[0.01, 0.08]",
counterfact,near_miss_neighbour,true,300,mean,G_BP,100,100,0.006563569232906872,,0.01,,,,,,"[0.0, 0.019690707698720614]",,"[0.0, 0.03]",
counterfact,near_miss_neighbour,true,300,mean,G_PCvsBP,100,100,0.04124031152658562,,0.04,,,,,,"[-0.006441311155453064, 0.10231358545613281]",,"[0.01, 0.08]",
counterfact,near_miss_neighbour,true,100,0,G_PC,100,100,0.0,0.0,0.0,0.0,0.0,0.0,-0.0,0.0,"[0.0, 0.0]","[0.0, 0.0]","[0.0, 0.0]","[0.0, 0.0]"
counterfact,near_miss_neighbour,true,100,0,G_BP,100,100,0.0,0.0,0.0,0.0,0.0,0.0,-0.0,0.0,"[0.0, 0.0]","[0.0, 0.0]","[0.0, 0.0]","[0.0, 0.0]"
counterfact,near_miss_neighbour,true,100,0,G_PCvsBP,100,100,0.0,0.0,0.0,0.0,0.0,0.0,-0.0,0.0,"[0.0, 0.0]","[0.0, 0.0]","[0.0, 0.0]","[0.0, 0.0]"
counterfact,near_miss_neighbour,true,100,1,G_PC,100,100,0.02025919443646714,0.0,0.02,0.0,0.0,0.0,-0.0,0.14253600430589747,"[0.0, 0.0507488423438604]","[0.0, 0.0]","[0.0, 0.05]","[0.0, 0.0]"
counterfact,near_miss_neighbour,true,100,1,G_BP,100,100,0.0,0.0,0.0,0.0,0.0,0.0,-0.0,0.0,"[0.0, 0.0]","[0.0, 0.0]","[0.0, 0.0]","[0.0, 0.0]"
counterfact,near_miss_neighbour,true,100,1,G_PCvsBP,100,100,0.02025919443646714,0.0,0.02,0.0,0.0,0.0,-0.0,0.14253600430589747,"[0.0, 0.0507488423438604]","[0.0, 0.0]","[0.0, 0.05]","[0.0, 0.0]"
counterfact,near_miss_neighbour,true,100,2,G_PC,100,100,0.010230453470926121,0.0,0.01,0.0,0.0,0.0,-0.0,0.10230453470926124,"[0.0, 0.030691360412778364]","[0.0, 0.0]","[0.0, 0.03]","[0.0, 0.0]"
counterfact,near_miss_neighbour,true,100,2,G_BP,100,100,0.0,0.0,0.0,0.0,0.0,0.0,-0.0,0.0,"[0.0, 0.0]","[0.0, 0.0]","[0.0, 0.0]","[0.0, 0.0]"
counterfact,near_miss_neighbour,true,100,2,G_PCvsBP,100,100,0.010230453470926121,0.0,0.01,0.0,0.0,0.0,-0.0,0.10230453470926124,"[0.0, 0.030691360412778364]","[0.0, 0.0]","[0.0, 0.03]","[0.0, 0.0]"
counterfact,near_miss_neighbour,true,100,mean,G_PC,100,100,0.010163215969131088,,0.02,,,,,,"[0.0, 0.027146734252212923]",,"[0.0, 0.05]",
counterfact,near_miss_neighbour,true,100,mean,G_BP,100,100,0.0,,0.0,,,,,,"[0.0, 0.0]",,"[0.0, 0.0]",
counterfact,near_miss_neighbour,true,100,mean,G_PCvsBP,100,100,0.010163215969131088,,0.02,,,,,,"[0.0, 0.027146734252212923]",,"[0.0, 0.05]",
counterfact,paraphrase,new,300,0,G_PC,600,300,4.186059135433682,5.606990986401282,0.5866666666666667,0.0016666666666666668,0.0,9.464950108336767,-0.03990210978046097,3.7239598293806164,"[3.838098565294424, 4.554717529988149]","[5.041915225945672, 5.9868845403923885]","[0.54, 0.6333333333333333]","[0.0, 0.005]"
counterfact,paraphrase,new,300,0,G_BP,600,300,6.007184621309461,6.740597467687259,0.8466666666666667,0.008333333333333333,0.0,9.586945628450367,-0.05784189783280559,3.0145154404109538,"[5.7057620782014835, 6.2817806980785855]","[6.519983750591784, 6.984277700031058]","[0.81, 0.88]","[0.0016666666666666668, 0.016708333333333106]"
counterfact,paraphrase,new,300,0,G_PCvsBP,600,300,-1.821125485875779,0.0,0.03666666666666667,0.295,-8.723653629417115,0.0,-9.352709012684192,3.749898989645012,"[-2.167668286586015, -1.446957654741386]","[0.0, 0.0]","[0.02, 0.055]","[0.25166666666666665, 0.3383333333333333]"
counterfact,paraphrase,new,300,1,G_PC,600,300,5.7714714382896375,6.686783632065055,0.8083333333333333,0.005,0.0,9.515230193805435,-0.2002078951424089,3.2062873201501207,"[5.4643237355830205, 6.069876817222865]","[6.440703119105605, 6.892680823639306]","[0.77, 0.845]","[0.0, 0.011666666666666667]"
counterfact,paraphrase,new,300,1,G_BP,600,300,5.9208316427774355,6.679120205454655,0.8383333333333334,0.0016666666666666668,0.0,9.515230193805435,-0.016871614645165754,3.0330206358758898,"[5.628356892395964, 6.1966706754564775]","[6.432209470876687, 6.8806294493118765]","[0.8033333333333333, 0.8716666666666667]","[0.0, 0.005]"
counterfact,paraphrase,new,300,1,G_PCvsBP,600,300,-0.14936020448779885,0.0,0.051666666666666666,0.08666666666666667,-5.685363795407204,0.018007471241125724,-7.370268194601782,2.4889575729763234,"[-0.35720631111796375, 0.056696149532948284]","[0.0, 0.0]","[0.035, 0.07]","[0.06333333333333334, 0.11166666666666666]"
counterfact,paraphrase,new,300,2,G_PC,600,300,4.865048478387306,6.204412222484571,0.6816666666666666,0.0016666666666666668,0.0,9.460690675044996,-0.0399021259958286,3.5893152624967537,"[4.5106347102480875, 5.205138198059438]","[5.9328335503361105, 6.434394212830313]","[0.6366666666666667, 0.725]","[0.0, 0.005]"
counterfact,paraphrase,new,300,2,G_BP,600,300,6.244324222709091,6.813991196688395,0.8766666666666667,0.0,0.0,9.586945628450367,-2.2563401595866416e-07,2.808865969606877,"[5.9800478357739975, 6.515304354916994]","[6.634709463675563, 7.065377192881908]","[0.8466666666666667, 0.905]","[0.0, 0.0]"
counterfact,paraphrase,new,300,2,G_PCvsBP,600,300,-1.3792757443217847,0.0,0.035,0.22666666666666666,-8.464234588242459,0.0,-9.211082875783715,3.413421943171051,"[-1.6655409358308466, -1.0849393750892364]","[0.0, 0.0]","[0.021666666666666667, 0.051666666666666666]","[0.19166666666666668, 0.26337499999999975]"
counterfact,paraphrase,new,300,mean,G_PC,600,300,4.940859684036875,,0.8516666666666667,,,,,,"[4.648114684191791, 5.227947287846937]",,"[0.8183333333333334, 0.885]",
counterfact,paraphrase,new,300,mean,G_BP,600,300,6.057446828931996,,0.94,,,,,,"[5.806503831459968, 6.309469333672947]",,"[0.9166666666666666, 0.9616666666666667]",
counterfact,paraphrase,new,300,mean,G_PCvsBP,600,300,-1.116587144895121,,0.058333333333333334,,,,,,"[-1.3132759515260766, -0.9161146297437478]",,"[0.03833333333333333, 0.08]",
counterfact,paraphrase,new,100,0,G_PC,200,100,4.16259538071682,5.81767860291917,0.56,0.0,0.0,9.372379911076129,-0.0,3.8330363649950945,"[3.4946962377790904, 4.816857698314931]","[0.0, 6.335119108696482]","[0.475, 0.6451249999999993]","[0.0, 0.0]"
counterfact,paraphrase,new,100,0,G_BP,200,100,6.279713459312942,6.96567664653729,0.86,0.005,0.0,9.607551323719752,-0.0021498892676877867,2.900079654293642,"[5.808501706942369, 6.742862529915616]","[6.624048186491908, 7.43338302585579]","[0.8, 0.915]","[0.0, 0.015]"
counterfact,paraphrase,new,100,0,G_PCvsBP,200,100,-2.1171180785961217,0.0,0.02,0.31,-8.639323450966375,0.0,-9.190971514178322,3.5760458793414647,"[-2.7045563376177504, -1.5377927754282046]","[0.0, 0.0]","[0.005, 0.04]","[0.235, 0.385]"
counterfact,paraphrase,new,100,1,G_PC,200,100,5.745149178591337,6.68178102379844,0.795,0.005,0.0,9.482216785615476,-0.09249976968209304,3.2734366790278644,"[5.246908104711834, 6.220233364111915]","[6.359980704887822, 7.057435157417373]","[0.73, 0.855]","[0.0, 0.015]"
counterfact,paraphrase,new,100,1,G_BP,200,100,6.2908666028580695,6.915253294482614,0.87,0.0,0.0,9.482216785615476,-0.0,2.862477021896257,"[5.824021028177374, 6.7507544543682725]","[6.580221445152308, 7.299303939519746]","[0.815, 0.92]","[0.0, 0.0]"
counterfact,paraphrase,new,100,1,G_PCvsBP,200,100,-0.545717424266733,0.0,0.025,0.105,-7.215998026852875,0.0,-8.351663044128514,2.6645989611559817,"[-0.9361590419466844, -0.19306112735041014]","[0.0, 0.0]","[0.005, 0.05]","[0.06487500000000002, 0.15]"
counterfact,paraphrase,new,100,2,G_PC,200,100,5.032744951814575,6.401283504954465,0.695,0.0,0.0,9.607551323719752,-0.0,3.6156901828746095,"[4.41378531399977, 5.614393944871369]","[5.980504295356248, 6.760315913905387]","[0.62, 0.77]","[0.0, 0.0]"
counterfact,paraphrase,new,100,2,G_BP,200,100,6.391159640102963,6.960445151222986,0.88,0.0,0.0,9.472796614340217,-0.0,2.7501361603782426,"[5.959002801861504, 6.8330499305890715]","[6.643531735330823, 7.318421494325752]","[0.83, 0.93]","[0.0, 0.0]"
counterfact,paraphrase,new,100,2,G_PCvsBP,200,100,-1.3584146882883865,0.0,0.04,0.23,-8.177217153214052,0.0,-8.893700789951787,3.64007985920041,"[-1.9273442565499854, -0.7910279239969165]","[0.0, 0.0]","[0.015, 0.07]","[0.165, 0.295]"
counterfact,paraphrase,new,100,mean,G_PC,200,100,4.980163170374244,,0.835,,,,,,"[4.459183921805902, 5.493711160394612]",,"[0.775, 0.8901249999999993]",
counterfact,paraphrase,new,100,mean,G_BP,200,100,6.320579900757991,,0.955,,,,,,"[5.93364248953764, 6.711151226421832]",,"[0.925, 0.98]",
counterfact,paraphrase,new,100,mean,G_PCvsBP,200,100,-1.340416730383747,,0.04,,,,,,"[-1.728374515423274, -0.9740493534713441]",,"[0.015, 0.06512499999999932]",
counterfact,paraphrase,true,300,0,G_PC,600,300,1.255017145055833,0.39861752926570126,0.5116666666666667,0.07666666666666666,-0.4946989199392995,4.589483102775471,-1.6791942033669602,1.7948346600646217,"[1.085540589271494, 1.435241516147936]","[0.0, 0.8239160813035937]","[0.4633333333333333, 0.56]","[0.051666666666666666, 0.105]"
counterfact,paraphrase,true,300,0,G_BP,600,300,1.8019520067181793,1.7563630362026323,0.7433333333333333,0.11166666666666666,-0.8386784237078231,4.892740527485033,-1.8279166328721472,1.854295274988669,"[1.6140248874599425, 1.977206870861265]","[1.3630705338169449, 2.0526436200993423]","[0.7, 0.785]","[0.08333333333333333, 0.145]"
counterfact,paraphrase,true,300,0,G_PCvsBP,600,300,-0.5469348616623464,0.0,0.06666666666666667,0.265,-3.8521997036110682,0.5165519834439017,-4.646398198234186,1.5125920514614457,"[-0.6841651956046032, -0.4037755250523168]","[0.0, 0.0]","[0.045, 0.09]","[0.22495833333333334, 0.305]"
counterfact,paraphrase,true,300,1,G_PC,600,300,1.7335251104282223,1.6622524287091363,0.7066666666666667,0.10666666666666667,-0.8276919157776073,4.914978423770841,-1.9097675361547382,1.8821385014913155,"[1.5462360469309557, 1.9130295180556014]","[1.29067464493194, 1.9460240684783408]","[0.6616666666666666, 0.7466666666666667]","[0.07833333333333334, 0.13833333333333334]"
counterfact,paraphrase,true,300,1,G_BP,600,300,1.7864808971277861,1.8196970903188117,0.735,0.105,-0.8276919157776073,4.8824472796580904,-1.8843367455775664,1.8522653013854635,"[1.6001503700924342, 1.9585253125024031]","[1.3961280220395995, 2.0613676450454363]","[0.6933333333333334, 0.7766666666666666]","[0.07666666666666666, 0.13833333333333334]"
counterfact,paraphrase,true,300,1,G_PCvsBP,600,300,-0.052955786699563884,0.0,0.055,0.08333333333333333,-1.2881413368918369,0.19313269672630998,-2.7479848915590774,0.896027782393617,"[-0.12234875009384641, 0.02039277459167701]","[0.0, 0.0]","[0.03666666666666667, 0.075]","[0.06, 0.10833333333333334]"
counterfact,paraphrase,true,300,2,G_PC,600,300,1.4700617984603463,1.0723076082017577,0.6,0.08333333333333333,-0.5178326144409922,4.663616767108578,-1.5808106911088453,1.8008471625194338,"[1.298694548232912, 1.6473637332811844]","[0.6909149028363508, 1.3537637326206047]","[0.5533333333333333, 0.6466666666666666]","[0.058333333333333334, 0.11166666666666666]"
counterfact,paraphrase,true,300,2,G_BP,600,300,1.9051185597888438,1.968432001027022,0.7716666666666666,0.105,-0.8276919157776073,4.896968294457709,-1.9192542378853132,1.8556630811439967,"[1.7254156105431189, 2.0754667304493353]","[1.6779828326380337, 2.2048405228471086]","[0.73, 0.81]","[0.07829166666666668, 0.135]"
counterfact,paraphrase,true,300,2,G_PCvsBP,600,300,-0.43505676132849735,0.0,0.051666666666666666,0.21,-3.793205780188411,0.07025185990108998,-4.587414707438062,1.4072617302895345,"[-0.5544029840335559, -0.30847717142371983]","[0.0, 0.0]","[0.035, 0.07]","[0.175, 0.24666666666666667]"
counterfact,paraphrase,true,300,mean,G_PC,600,300,1.4862013513148005,,0.75,,,,,,"[1.3238834411398666, 1.6501948850211747]",,"[0.7083333333333334, 0.79]",
counterfact,paraphrase,true,300,mean,G_BP,600,300,1.831183821211603,,0.8283333333333334,,,,,,"[1.6493856160528428, 1.9955924906541849]",,"[0.7916666666666666, 0.8633333333333333]",
counterfact,paraphrase,true,300,mean,G_PCvsBP,600,300,-0.34498246989680253,,0.08833333333333333,,,,,,"[-0.422678643215471, -0.2637397992388271]",,"[0.065, 0.11333333333333333]",
counterfact,paraphrase,true,100,0,G_PC,200,100,1.0575434329570892,0.0,0.465,0.095,-1.1656363400693033,4.466722276291085,-2.3117453797074408,1.8537707738267934,"[0.7411181354052956, 1.3804739311707614]","[0.0, 0.7180619567237726]","[0.38, 0.55]","[0.045, 0.15]"
counterfact,paraphrase,true,100,0,G_BP,200,100,1.7470452632566025,1.6054200400468819,0.745,0.12,-1.2629233357852092,4.89962224695996,-2.3329647417534543,1.976991700159826,"[1.403319028474375, 2.06390340063963]","[1.1702031240109805, 2.242822648324248]","[0.675, 0.81]","[0.065, 0.18]"
counterfact,paraphrase,true,100,0,G_PCvsBP,200,100,-0.6895018302995135,0.0,0.04,0.29,-4.330081413441468,0.0,-4.821002742099558,1.4446004494911482,"[-0.9088607340405455, -0.46871664894585835]","[0.0, 0.0]","[0.015, 0.07]","[0.22, 0.365]"
counterfact,paraphrase,true,100,1,G_PC,200,100,1.6021958136957892,1.352272394383263,0.685,0.115,-1.217115466078772,4.9704552913716835,-2.325601532589465,1.9772503764445215,"[1.2589575263682216, 1.9162627300475263]","[0.9441621749768281, 1.9048085355509343]","[0.61, 0.76]","[0.06, 0.175]"
counterfact,paraphrase,true,100,1,G_BP,200,100,1.7445698193260148,1.6503412607764059,0.755,0.115,-1.217115466078772,4.89962224695996,-2.325601532589465,1.9554802624146366,"[1.4000117168123614, 2.0653205206313507]","[1.1821417592979664, 2.2001293880698327]","[0.685, 0.825]","[0.06, 0.175]"
counterfact,paraphrase,true,100,1,G_PCvsBP,200,100,-0.14237400563022523,0.0,0.025,0.105,-1.9638230434648807,0.0,-3.1965902683440106,0.9522858868402935,"[-0.2597345837434708, -0.034357244931089485]","[0.0, 0.0]","[0.005, 0.05]","[0.06487500000000002, 0.15]"
counterfact,paraphrase,true,100,2,G_PC,200,100,1.354393395423822,0.9702423507434137,0.6,0.095,-1.1656363400693033,4.70668400305233,-2.2630678064991985,1.8865721703891012,"[1.0404688271848845, 1.6614839484613622]","[0.39668675129221315, 1.3682550352397214]","[0.52, 0.675]","[0.045, 0.15]"
counterfact,paraphrase,true,100,2,G_BP,200,100,1.8245778114258744,1.7410043222712979,0.775,0.105,-1.1656363400693033,4.9704552913716835,-2.2630678064991985,1.9483493402181395,"[1.4804524846365499, 2.1601112828742206]","[1.2290570683206852, 2.292860558738031]","[0.705, 0.84]","[0.055, 0.16]"
counterfact,paraphrase,true,100,2,G_PCvsBP,200,100,-0.4701844160020521,0.0,0.05,0.22,-3.9817761200539405,0.003428991245669873,-4.611462361416406,1.4459010992674077,"[-0.7160416724425777, -0.24504782017714266]","[0.0, 0.0]","[0.024875000000000008, 0.08]","[0.155, 0.285]"
counterfact,paraphrase,true,100,mean,G_PC,200,100,1.338044214025567,,0.72,,,,,,"[1.0332160669894632, 1.6264383245833052]",,"[0.645, 0.79]",
counterfact,paraphrase,true,100,mean,G_BP,200,100,1.7720642980028305,,0.835,,,,,,"[1.4368947738097924, 2.0905479371733944]",,"[0.775, 0.895]",
counterfact,paraphrase,true,100,mean,G_PCvsBP,200,100,-0.4340200839772636,,0.065,,,,,,"[-0.5768639256792959, -0.29493318319757683]",,"[0.035, 0.1]",
counterfact,revision,v1,300,0,G_PC,50,50,0.0,0.0,0.0,0.0,0.0,0.0,-0.0,0.0,"[0.0, 0.0]","[0.0, 0.0]","[0.0, 0.0]","[0.0, 0.0]"
counterfact,revision,v1,300,0,G_BP,50,50,0.0,0.0,0.0,0.0,0.0,0.0,-0.0,0.0,"[0.0, 0.0]","[0.0, 0.0]","[0.0, 0.0]","[0.0, 0.0]"
counterfact,revision,v1,300,0,G_PCvsBP,50,50,0.0,0.0,0.0,0.0,0.0,0.0,-0.0,0.0,"[0.0, 0.0]","[0.0, 0.0]","[0.0, 0.0]","[0.0, 0.0]"
counterfact,revision,v1,300,1,G_PC,50,50,0.07272659746126059,0.0,0.04,0.0,0.0,0.0,-0.0,0.4372210879725039,"[0.0, 0.20639275103573296]","[0.0, 0.0]","[0.0, 0.1]","[0.0, 0.0]"
counterfact,revision,v1,300,1,G_BP,50,50,0.011787041348048817,0.0,0.02,0.0,0.0,0.0,-0.0,0.08334696867331542,"[0.0, 0.03536112404414645]","[0.0, 0.0]","[0.0, 0.06]","[0.0, 0.0]"
counterfact,revision,v1,300,1,G_PCvsBP,50,50,0.06093955611321178,0.0,0.02,0.0,0.0,0.0,-0.0,0.4309077337015017,"[0.0, 0.18281866833963534]","[0.0, 0.0]","[0.0, 0.06]","[0.0, 0.0]"
counterfact,revision,v1,300,2,G_PC,50,50,0.0,0.0,0.0,0.0,0.0,0.0,-0.0,0.0,"[0.0, 0.0]","[0.0, 0.0]","[0.0, 0.0]","[0.0, 0.0]"
counterfact,revision,v1,300,2,G_BP,50,50,0.0,0.0,0.0,0.0,0.0,0.0,-0.0,0.0,"[0.0, 0.0]","[0.0, 0.0]","[0.0, 0.0]","[0.0, 0.0]"
counterfact,revision,v1,300,2,G_PCvsBP,50,50,0.0,0.0,0.0,0.0,0.0,0.0,-0.0,0.0,"[0.0, 0.0]","[0.0, 0.0]","[0.0, 0.0]","[0.0, 0.0]"
counterfact,revision,v1,300,mean,G_PC,50,50,0.024242199153753505,,0.04,,,,,,"[-7.105427357601002e-17, 0.06879758367857765]",,"[0.0, 0.1]",
counterfact,revision,v1,300,mean,G_BP,50,50,0.003929013782682907,,0.02,,,,,,"[-1.0658141036401502e-16, 0.011787041348048826]",,"[0.0, 0.06]",
counterfact,revision,v1,300,mean,G_PCvsBP,50,50,0.0203131853710706,,0.02,,,,,,"[0.0, 0.0609395561132118]",,"[0.0, 0.06]",
counterfact,revision,v1,100,0,G_PC,50,50,0.0,0.0,0.0,0.0,0.0,0.0,-0.0,0.0,"[0.0, 0.0]","[0.0, 0.0]","[0.0, 0.0]","[0.0, 0.0]"
counterfact,revision,v1,100,0,G_BP,50,50,0.0,0.0,0.0,0.0,0.0,0.0,-0.0,0.0,"[0.0, 0.0]","[0.0, 0.0]","[0.0, 0.0]","[0.0, 0.0]"
counterfact,revision,v1,100,0,G_PCvsBP,50,50,0.0,0.0,0.0,0.0,0.0,0.0,-0.0,0.0,"[0.0, 0.0]","[0.0, 0.0]","[0.0, 0.0]","[0.0, 0.0]"
counterfact,revision,v1,100,1,G_PC,50,50,0.06093955611321178,0.0,0.02,0.0,0.0,0.0,-0.0,0.4309077337015017,"[0.0, 0.18281866833963534]","[0.0, 0.0]","[0.0, 0.06]","[0.0, 0.0]"
counterfact,revision,v1,100,1,G_BP,50,50,0.0,0.0,0.0,0.0,0.0,0.0,-0.0,0.0,"[0.0, 0.0]","[0.0, 0.0]","[0.0, 0.0]","[0.0, 0.0]"
counterfact,revision,v1,100,1,G_PCvsBP,50,50,0.06093955611321178,0.0,0.02,0.0,0.0,0.0,-0.0,0.4309077337015017,"[0.0, 0.18281866833963534]","[0.0, 0.0]","[0.0, 0.06]","[0.0, 0.0]"
counterfact,revision,v1,100,2,G_PC,50,50,0.0,0.0,0.0,0.0,0.0,0.0,-0.0,0.0,"[0.0, 0.0]","[0.0, 0.0]","[0.0, 0.0]","[0.0, 0.0]"
counterfact,revision,v1,100,2,G_BP,50,50,0.0,0.0,0.0,0.0,0.0,0.0,-0.0,0.0,"[0.0, 0.0]","[0.0, 0.0]","[0.0, 0.0]","[0.0, 0.0]"
counterfact,revision,v1,100,2,G_PCvsBP,50,50,0.0,0.0,0.0,0.0,0.0,0.0,-0.0,0.0,"[0.0, 0.0]","[0.0, 0.0]","[0.0, 0.0]","[0.0, 0.0]"
counterfact,revision,v1,100,mean,G_PC,50,50,0.020313185371070564,,0.02,,,,,,"[-1.0658141036401502e-16, 0.0609395561132118]",,"[0.0, 0.06]",
counterfact,revision,v1,100,mean,G_BP,50,50,-3.552713678800501e-17,,0.0,,,,,,"[-1.0658141036401502e-16, 0.0]",,"[0.0, 0.0]",
counterfact,revision,v1,100,mean,G_PCvsBP,50,50,0.0203131853710706,,0.02,,,,,,"[0.0, 0.0609395561132118]",,"[0.0, 0.06]",
counterfact,revision,v2,300,0,G_PC,50,50,0.0,0.0,0.0,0.0,0.0,0.0,-0.0,0.0,"[0.0, 0.0]","[0.0, 0.0]","[0.0, 0.0]","[0.0, 0.0]"
counterfact,revision,v2,300,0,G_BP,50,50,0.0,0.0,0.0,0.0,0.0,0.0,-0.0,0.0,"[0.0, 0.0]","[0.0, 0.0]","[0.0, 0.0]","[0.0, 0.0]"
counterfact,revision,v2,300,0,G_PCvsBP,50,50,0.0,0.0,0.0,0.0,0.0,0.0,-0.0,0.0,"[0.0, 0.0]","[0.0, 0.0]","[0.0, 0.0]","[0.0, 0.0]"
counterfact,revision,v2,300,1,G_PC,50,50,0.09166817092615233,0.0,0.04,0.0,0.0,0.0,-0.0,0.5191948794669029,"[0.0, 0.254170181503102]","[0.0, 0.0]","[0.0, 0.1]","[0.0, 0.0]"
counterfact,revision,v2,300,1,G_BP,50,50,0.020834331275354997,0.0,0.02,0.0,0.0,0.0,-0.0,0.1473209692629049,"[0.0, 0.062502993826065]","[0.0, 0.0]","[0.0, 0.06]","[0.0, 0.0]"
counterfact,revision,v2,300,1,G_PCvsBP,50,50,0.07083383965079733,0.0,0.02,0.0,0.0,0.0,-0.0,0.5008708835455935,"[0.0, 0.212501518952392]","[0.0, 0.0]","[0.0, 0.06]","[0.0, 0.0]"
counterfact,revision,v2,300,2,G_PC,50,50,0.0,0.0,0.0,0.0,0.0,0.0,-0.0,0.0,"[0.0, 0.0]","[0.0, 0.0]","[0.0, 0.0]","[0.0, 0.0]"
counterfact,revision,v2,300,2,G_BP,50,50,0.0,0.0,0.0,0.0,0.0,0.0,-0.0,0.0,"[0.0, 0.0]","[0.0, 0.0]","[0.0, 0.0]","[0.0, 0.0]"
counterfact,revision,v2,300,2,G_PCvsBP,50,50,0.0,0.0,0.0,0.0,0.0,0.0,-0.0,0.0,"[0.0, 0.0]","[0.0, 0.0]","[0.0, 0.0]","[0.0, 0.0]"
counterfact,revision,v2,300,mean,G_PC,50,50,0.03055605697538411,,0.04,,,,,,"[0.0, 0.08472339383436733]",,"[0.0, 0.1]",
counterfact,revision,v2,300,mean,G_BP,50,50,0.006944777091784999,,0.02,,,,,,"[0.0, 0.020834331275354997]",,"[0.0, 0.06]",
counterfact,revision,v2,300,mean,G_PCvsBP,50,50,0.02361127988359911,,0.02,,,,,,"[0.0, 0.07083383965079733]",,"[0.0, 0.06]",
counterfact,revision,v2,100,0,G_PC,50,50,0.0,0.0,0.0,0.0,0.0,0.0,-0.0,0.0,"[0.0, 0.0]","[0.0, 0.0]","[0.0, 0.0]","[0.0, 0.0]"
counterfact,revision,v2,100,0,G_BP,50,50,0.0,0.0,0.0,0.0,0.0,0.0,-0.0,0.0,"[0.0, 0.0]","[0.0, 0.0]","[0.0, 0.0]","[0.0, 0.0]"
counterfact,revision,v2,100,0,G_PCvsBP,50,50,0.0,0.0,0.0,0.0,0.0,0.0,-0.0,0.0,"[0.0, 0.0]","[0.0, 0.0]","[0.0, 0.0]","[0.0, 0.0]"
counterfact,revision,v2,100,1,G_PC,50,50,0.07083383965079733,0.0,0.02,0.0,0.0,0.0,-0.0,0.5008708835455935,"[0.0, 0.212501518952392]","[0.0, 0.0]","[0.0, 0.06]","[0.0, 0.0]"
counterfact,revision,v2,100,1,G_BP,50,50,0.0,0.0,0.0,0.0,0.0,0.0,-0.0,0.0,"[0.0, 0.0]","[0.0, 0.0]","[0.0, 0.0]","[0.0, 0.0]"
counterfact,revision,v2,100,1,G_PCvsBP,50,50,0.07083383965079733,0.0,0.02,0.0,0.0,0.0,-0.0,0.5008708835455935,"[0.0, 0.212501518952392]","[0.0, 0.0]","[0.0, 0.06]","[0.0, 0.0]"
counterfact,revision,v2,100,2,G_PC,50,50,0.0,0.0,0.0,0.0,0.0,0.0,-0.0,0.0,"[0.0, 0.0]","[0.0, 0.0]","[0.0, 0.0]","[0.0, 0.0]"
counterfact,revision,v2,100,2,G_BP,50,50,0.0,0.0,0.0,0.0,0.0,0.0,-0.0,0.0,"[0.0, 0.0]","[0.0, 0.0]","[0.0, 0.0]","[0.0, 0.0]"
counterfact,revision,v2,100,2,G_PCvsBP,50,50,0.0,0.0,0.0,0.0,0.0,0.0,-0.0,0.0,"[0.0, 0.0]","[0.0, 0.0]","[0.0, 0.0]","[0.0, 0.0]"
counterfact,revision,v2,100,mean,G_PC,50,50,0.02361127988359911,,0.02,,,,,,"[0.0, 0.07083383965079733]",,"[0.0, 0.06]",
counterfact,revision,v2,100,mean,G_BP,50,50,0.0,,0.0,,,,,,"[0.0, 0.0]",,"[0.0, 0.0]",
counterfact,revision,v2,100,mean,G_PCvsBP,50,50,0.02361127988359911,,0.02,,,,,,"[0.0, 0.07083383965079733]",,"[0.0, 0.06]",
counterfact,revision_paraphrase,v1,300,0,G_PC,100,100,-1.2163047244939662e-08,0.0,0.0,0.0,0.0,0.0,-7.921392993400408e-07,4.08862635502191e-07,"[-9.783090001569406e-08, 6.808959670490108e-08]","[0.0, 0.0]","[0.0, 0.0]","[0.0, 0.0]"
counterfact,revision_paraphrase,v1,300,0,G_BP,100,100,0.24166484365965663,0.0,0.12,0.01,0.0,2.1160221030169173,-0.03209167224133876,0.7750031350504886,"[0.10499783304420172, 0.4029429712247362]","[0.0, 0.0]","[0.06, 0.19]","[0.0, 0.03]"
counterfact,revision_paraphrase,v1,300,0,G_PCvsBP,100,100,-0.24166485582270386,0.0,0.01,0.12,-2.116021217390107,0.0,-2.9221893603072275,0.775003105640412,"[-0.40294298140337775, -0.10499782928758557]","[0.0, 0.0]","[0.0, 0.03]","[0.06, 0.19]"
counterfact,revision_paraphrase,v1,300,1,G_PC,100,100,0.1647987568589303,0.0,0.08,0.01,0.0,1.126595812376023,-0.03209167224133876,0.6681155129900874,"[0.051828677476047906, 0.30511200126414906]","[0.0, 0.0]","[0.03, 0.14]","[0.0, 0.03]"
counterfact,revision_paraphrase,v1,300,1,G_BP,100,100,0.1325831939810359,0.0,0.07,0.02,-2.1712757281022655e-08,1.1148820452971828,-0.16662506726059867,0.5900702630692976,"[0.026127662257085214, 0.26597929783690555]","[0.0, 0.0]","[0.02, 0.13]","[0.0, 0.05]"
counterfact,revision_paraphrase,v1,300,1,G_PCvsBP,100,100,0.0322155628778944,0.0,0.04,0.03,0.0,0.0,-0.7927394594244959,0.5697239546908238,"[-0.07465813043283635, 0.15924592929638445]","[0.0, 0.0]","[0.01, 0.09]","[0.0, 0.07]"
counterfact,revision_paraphrase,v1,300,2,G_PC,100,100,0.02609850465575782,0.0,0.02,0.01,0.0,1.6415861381346053e-08,-0.03209167224133876,0.23903029290650168,"[-0.003850894901731155, 0.0794426841379086]","[0.0, 0.0]","[0.0, 0.05]","[0.0, 0.03]"
counterfact,revision_paraphrase,v1,300,2,G_BP,100,100,0.2438767529242614,0.0,0.12,0.02,0.0,2.2147191647861346,-0.16662481880398458,0.7502283210021703,"[0.10947033060452567, 0.40333450979469315]","[0.0, 0.0]","[0.06, 0.19]","[0.0, 0.05]"
counterfact,revision_paraphrase,v1,300,2,G_PCvsBP,100,100,-0.21777824826850356,0.0,0.01,0.1,-2.1688379788296297,0.0,-2.629745368821091,0.7191587146801849,"[-0.3676371605376849, -0.08756617876841742]","[0.0, 0.0]","[0.0, 0.03]","[0.04, 0.16]"
counterfact,revision_paraphrase,v1,300,mean,G_PC,100,100,0.06363241645054696,,0.08,,,,,,"[0.019710020189209768, 0.11818872949206471]",,"[0.03, 0.14]",
counterfact,revision_paraphrase,v1,300,mean,G_BP,100,100,0.20604159685498463,,0.17,,,,,,"[0.10184843312275788, 0.3233435113351318]",,"[0.1, 0.25]",
counterfact,revision_paraphrase,v1,300,mean,G_PCvsBP,100,100,-0.14240918040443767,,0.04,,,,,,"[-0.24564856715111483, -0.05236130438213527]",,"[0.01, 0.08]",
counterfact,revision_paraphrase,v1,100,0,G_PC,100,100,-1.2163047244939662e-08,0.0,0.0,0.0,0.0,0.0,-7.921392993400408e-07,4.08862635502191e-07,"[-9.783090001569406e-08, 6.808959670490108e-08]","[0.0, 0.0]","[0.0, 0.0]","[0.0, 0.0]"
counterfact,revision_paraphrase,v1,100,0,G_BP,100,100,0.06987760740135382,0.0,0.04,0.01,0.0,9.99425565773034e-07,-0.03209167224133876,0.3978682134626421,"[0.00270371348197439, 0.158130416075154]","[0.0, 0.0]","[0.01, 0.08]","[0.0, 0.03]"
counterfact,revision_paraphrase,v1,100,0,G_PCvsBP,100,100,-0.06987761956440107,0.0,0.01,0.04,0.0,0.0,-1.196717872842057,0.39786821130465755,"[-0.15813050911491475, -0.0027037345730072816]","[0.0, 0.0]","[0.0, 0.03]","[0.01, 0.08]"
counterfact,revision_paraphrase,v1,100,1,G_PC,100,100,0.03279501692629516,0.0,0.02,0.01,0.0,1.6415861381346053e-08,-0.03209167224133876,0.3048211296359669,"[-0.0038509106317887952, 0.10223600865279245]","[0.0, 0.0]","[0.0, 0.05]","[0.0, 0.03]"
counterfact,revision_paraphrase,v1,100,1,G_BP,100,100,0.14257189210468074,0.0,0.04,0.02,-2.1712757281022655e-08,9.99425565773034e-07,-0.09452643801237966,0.8863047619490819,"[-0.00374612639909515, 0.341279735510709]","[0.0, 0.0]","[0.01, 0.08]","[0.0, 0.05]"
counterfact,revision_paraphrase,v1,100,1,G_PCvsBP,100,100,-0.10977687517838558,0.0,0.03,0.04,0.0,0.0,-2.4707240503352135,0.9418857900764319,"[-0.30911574041705664, 0.05867225803821025]","[0.0, 0.0]","[0.0, 0.07]","[0.01, 0.08]"
counterfact,revision_paraphrase,v1,100,2,G_PC,100,100,0.0027037224099600364,0.0,0.01,0.01,0.0,0.0,-0.03209167224133876,0.050315813881230215,"[-0.0038509989224854734, 0.013887559310199747]","[0.0, 0.0]","[0.0, 0.03]","[0.0, 0.03]"
counterfact,revision_paraphrase,v1,100,2,G_BP,100,100,0.21586814207051702,0.0,0.07,0.03,-4.870793725686438e-07,2.2147191647861346,-0.15995276393365584,0.9785828673306282,"[0.05123057482481934, 0.4256173541401774]","[0.0, 0.0]","[0.03, 0.12]","[0.0, 0.07]"
counterfact,revision_paraphrase,v1,100,2,G_PCvsBP,100,100,-0.213164419660557,0.0,0.02,0.06,-2.2147191647861346,0.0,-3.680601419368267,0.9778839732419989,"[-0.4217479060628069, -0.04679581597586638]","[0.0, 0.0]","[0.0, 0.05]","[0.02, 0.11]"
counterfact,revision_paraphrase,v1,100,mean,G_PC,100,100,0.011832909057735978,,0.02,,,,,,"[-0.0025672754277072185, 0.036801691383204285]",,"[0.0, 0.05]",
counterfact,revision_paraphrase,v1,100,mean,G_BP,100,100,0.14277254719218382,,0.09,,,,,,"[0.03327971499670895, 0.2835391736658084]",,"[0.04, 0.15]",
counterfact,revision_paraphrase,v1,100,mean,G_PCvsBP,100,100,-0.13093963813444787,,0.04,,,,,,"[-0.27549586819155186, -0.018408868567005222]",,"[0.01, 0.08]",
counterfact,revision_paraphrase,v2,300,0,G_PC,100,100,1.0079455829981043e-07,0.0,0.0,0.0,0.0,6.793695348505549e-08,-4.851629628414381e-07,6.724338514896957e-07,"[-2.3701653191210427e-08, 2.3892345952347655e-07]","[0.0, 0.0]","[0.0, 0.0]","[0.0, 0.0]"
counterfact,revision_paraphrase,v2,300,0,G_BP,100,100,0.26783187604990727,0.0,0.13,0.0,0.0,2.284665242120027,-0.0,0.8076090678467128,"[0.11972168038946035, 0.43352283774060846]","[0.0, 0.0]","[0.07, 0.2]","[0.0, 0.0]"
counterfact,revision_paraphrase,v2,300,0,G_PCvsBP,100,100,-0.26783177525534896,0.0,0.0,0.13,-2.2846652421200275,0.0,-3.0287982167309533,0.8076091798428735,"[-0.43352278419806883, -0.11972152717275315]","[0.0, 0.0]","[0.0, 0.0]","[0.07, 0.2]"
counterfact,revision_paraphrase,v2,300,1,G_PC,100,100,0.25065127569620016,0.0,0.09,0.0,0.0,1.4039197866818338,-4.851629628414381e-07,1.0462249018222556,"[0.07926956101960733, 0.4872788395711126]","[0.0, 0.0]","[0.04, 0.15]","[0.0, 0.0]"
counterfact,revision_paraphrase,v2,300,1,G_BP,100,100,0.13498582403757312,0.0,0.08,0.01,0.0,0.5785160770894899,-0.13212775873086594,0.6415383894424757,"[0.027685887710836108, 0.2776944952598625]","[0.0, 0.0]","[0.03, 0.14]","[0.0, 0.03]"
counterfact,revision_paraphrase,v2,300,1,G_PCvsBP,100,100,0.11566545165862706,0.0,0.04,0.03,0.0,0.0,-0.38618815698363324,0.9152905117636562,"[-0.023224709400149025, 0.3361462396784392]","[0.0, 0.0]","[0.01, 0.09]","[0.0, 0.07]"
counterfact,revision_paraphrase,v2,300,2,G_PC,100,100,0.04695942194837695,0.0,0.03,0.0,0.0,3.1606463968714135e-06,-4.851629628414381e-07,0.3216419633539393,"[1.0361620420873408e-07, 0.11826829009752315]","[0.0, 0.0]","[0.0, 0.07]","[0.0, 0.0]"
counterfact,revision_paraphrase,v2,300,2,G_BP,100,100,0.2658811220592359,0.0,0.13,0.01,0.0,2.5509597798245993,-0.13212775873086594,0.8299702150918326,"[0.11863405997994694, 0.43971730426592087]","[0.0, 0.0]","[0.07, 0.2]","[0.0, 0.03]"
counterfact,revision_paraphrase,v2,300,2,G_PCvsBP,100,100,-0.21892170011085896,0.0,0.01,0.1,-2.168017083721399,0.0,-3.0226853616795215,0.7785664151512565,"[-0.3808332671196987, -0.08339336992963574]","[0.0, 0.0]","[0.0, 0.03]","[0.04, 0.16]"
counterfact,revision_paraphrase,v2,300,mean,G_PC,100,100,0.09920359947971182,,0.09,,,,,,"[0.036244250409884715, 0.1839819082336261]",,"[0.04, 0.15]",
counterfact,revision_paraphrase,v2,300,mean,G_BP,100,100,0.22289960738223877,,0.18,,,,,,"[0.11559161738159267, 0.3485095033409432]",,"[0.11, 0.26]",
counterfact,revision_paraphrase,v2,300,mean,G_PCvsBP,100,100,-0.12369600790252694,,0.03,,,,,,"[-0.23207894900781245, -0.01799535152745398]",,"[0.0, 0.07]",
counterfact,revision_paraphrase,v2,100,0,G_PC,100,100,1.0079455829981043e-07,0.0,0.0,0.0,0.0,6.793695348505549e-08,-4.851629628414381e-07,6.724338514896957e-07,"[-2.3701653191210427e-08, 2.3892345952347655e-07]","[0.0, 0.0]","[0.0, 0.0]","[0.0, 0.0]"
counterfact,revision_paraphrase,v2,100,0,G_BP,100,100,0.07323443829056536,0.0,0.05,0.0,0.0,0.0043469610348318725,-4.851629628414381e-07,0.41139616731062645,"[0.00625208848930437, 0.1658242491190792]","[0.0, 0.0]","[0.01, 0.1]","[0.0, 0.0]"
counterfact,revision_paraphrase,v2,100,0,G_PCvsBP,100,100,-0.07323433749600707,0.0,0.0,0.05,-0.004343681834108877,0.0,-1.2205722916001178,0.41139618543417483,"[-0.16582409832611503, -0.006251877902108092]","[0.0, 0.0]","[0.0, 0.0]","[0.01, 0.1]"
counterfact,revision_paraphrase,v2,100,1,G_PC,100,100,0.09997578591291915,0.0,0.03,0.0,0.0,3.1606463968714135e-06,-4.851629628414381e-07,0.834155559584912,"[9.785200005030248e-08, 0.2891608681405563]","[0.0, 0.0]","[0.0, 0.07]","[0.0, 0.0]"
counterfact,revision_paraphrase,v2,100,1,G_BP,100,100,0.02447412820059853,0.0,0.05,0.01,0.0,0.0040798611291767446,-0.16320971900255246,0.26009928059989706,"[-0.017797170142086916, 0.08041576411799319]","[0.0, 0.0]","[0.01, 0.1]","[0.0, 0.03]"
counterfact,revision_paraphrase,v2,100,1,G_PCvsBP,100,100,0.07550165771232063,0.0,0.03,0.04,0.0,0.0,-0.48139066501882155,0.873244536236093,"[-0.05147478739388333, 0.2774260734962458]","[0.0, 0.0]","[0.0, 0.07]","[0.01, 0.08]"
counterfact,revision_paraphrase,v2,100,2,G_PC,100,100,0.017425633907686554,0.0,0.02,0.0,0.0,1.884113767225411e-06,-4.851629628414381e-07,0.13141071421992698,"[3.693404305860071e-08, 0.046893538105652124]","[0.0, 0.0]","[0.0, 0.05]","[0.0, 0.0]"
counterfact,revision_paraphrase,v2,100,2,G_BP,100,100,0.12143955949086489,0.0,0.08,0.02,0.0,0.5716104037414076,-0.31380477389762795,0.6256056976286364,"[0.010962380804292723, 0.2551530924643963]","[0.0, 0.0]","[0.03, 0.14]","[0.0, 0.05]"
counterfact,revision_paraphrase,v2,100,2,G_PCvsBP,100,100,-0.10401392558317835,0.0,0.02,0.06,-0.10315412561724381,0.0,-2.0473697151209707,0.614634319417465,"[-0.2408345717148135, 0.005284050836541457]","[0.0, 0.0]","[0.0, 0.05]","[0.02, 0.11]"
counterfact,revision_paraphrase,v2,100,mean,G_PC,100,100,0.03913384020505467,,0.03,,,,,,"[9.785200005030248e-08, 0.11006693739987446]",,"[0.0, 0.07]",
counterfact,revision_paraphrase,v2,100,mean,G_BP,100,100,0.07304937532734294,,0.1,,,,,,"[0.013804374556147496, 0.14509160971406343]",,"[0.05, 0.16]",
counterfact,revision_paraphrase,v2,100,mean,G_PCvsBP,100,100,-0.033915535122288266,,0.03,,,,,,"[-0.11671811335178738, 0.05408217238875196]",,"[0.0, 0.07]",
counterfact,unseen,new,300,0,G_PC,100,100,0.0,0.0,0.0,0.0,0.0,0.0,-0.0,0.0,"[0.0, 0.0]","[0.0, 0.0]","[0.0, 0.0]","[0.0, 0.0]"
counterfact,unseen,new,300,0,G_BP,100,100,0.0,0.0,0.0,0.0,0.0,0.0,-0.0,0.0,"[0.0, 0.0]","[0.0, 0.0]","[0.0, 0.0]","[0.0, 0.0]"
counterfact,unseen,new,300,0,G_PCvsBP,100,100,0.0,0.0,0.0,0.0,0.0,0.0,-0.0,0.0,"[0.0, 0.0]","[0.0, 0.0]","[0.0, 0.0]","[0.0, 0.0]"
counterfact,unseen,new,300,1,G_PC,100,100,0.0036660576435049563,0.0,0.01,0.0,0.0,0.0,-0.0,0.036660576435049566,"[0.0, 0.010998172930514869]","[0.0, 0.0]","[0.0, 0.03]","[0.0, 0.0]"
counterfact,unseen,new,300,1,G_BP,100,100,0.0036660576435049563,0.0,0.01,0.0,0.0,0.0,-0.0,0.036660576435049566,"[0.0, 0.010998172930514869]","[0.0, 0.0]","[0.0, 0.03]","[0.0, 0.0]"
counterfact,unseen,new,300,1,G_PCvsBP,100,100,0.0,0.0,0.0,0.0,0.0,0.0,-0.0,0.0,"[0.0, 0.0]","[0.0, 0.0]","[0.0, 0.0]","[0.0, 0.0]"
counterfact,unseen,new,300,2,G_PC,100,100,0.0,0.0,0.0,0.0,0.0,0.0,-0.0,0.0,"[0.0, 0.0]","[0.0, 0.0]","[0.0, 0.0]","[0.0, 0.0]"
counterfact,unseen,new,300,2,G_BP,100,100,0.0,0.0,0.0,0.0,0.0,0.0,-0.0,0.0,"[0.0, 0.0]","[0.0, 0.0]","[0.0, 0.0]","[0.0, 0.0]"
counterfact,unseen,new,300,2,G_PCvsBP,100,100,0.0,0.0,0.0,0.0,0.0,0.0,-0.0,0.0,"[0.0, 0.0]","[0.0, 0.0]","[0.0, 0.0]","[0.0, 0.0]"
counterfact,unseen,new,300,mean,G_PC,100,100,0.0012220192145016551,,0.01,,,,,,"[0.0, 0.0036660576435049654]",,"[0.0, 0.03]",
counterfact,unseen,new,300,mean,G_BP,100,100,0.0012220192145016551,,0.01,,,,,,"[0.0, 0.0036660576435049654]",,"[0.0, 0.03]",
counterfact,unseen,new,300,mean,G_PCvsBP,100,100,0.0,,0.0,,,,,,"[0.0, 0.0]",,"[0.0, 0.0]",
counterfact,unseen,new,100,0,G_PC,100,100,0.0,0.0,0.0,0.0,0.0,0.0,-0.0,0.0,"[0.0, 0.0]","[0.0, 0.0]","[0.0, 0.0]","[0.0, 0.0]"
counterfact,unseen,new,100,0,G_BP,100,100,0.0,0.0,0.0,0.0,0.0,0.0,-0.0,0.0,"[0.0, 0.0]","[0.0, 0.0]","[0.0, 0.0]","[0.0, 0.0]"
counterfact,unseen,new,100,0,G_PCvsBP,100,100,0.0,0.0,0.0,0.0,0.0,0.0,-0.0,0.0,"[0.0, 0.0]","[0.0, 0.0]","[0.0, 0.0]","[0.0, 0.0]"
counterfact,unseen,new,100,1,G_PC,100,100,0.0,0.0,0.0,0.0,0.0,0.0,-0.0,0.0,"[0.0, 0.0]","[0.0, 0.0]","[0.0, 0.0]","[0.0, 0.0]"
counterfact,unseen,new,100,1,G_BP,100,100,0.0,0.0,0.0,0.0,0.0,0.0,-0.0,0.0,"[0.0, 0.0]","[0.0, 0.0]","[0.0, 0.0]","[0.0, 0.0]"
counterfact,unseen,new,100,1,G_PCvsBP,100,100,0.0,0.0,0.0,0.0,0.0,0.0,-0.0,0.0,"[0.0, 0.0]","[0.0, 0.0]","[0.0, 0.0]","[0.0, 0.0]"
counterfact,unseen,new,100,2,G_PC,100,100,0.0,0.0,0.0,0.0,0.0,0.0,-0.0,0.0,"[0.0, 0.0]","[0.0, 0.0]","[0.0, 0.0]","[0.0, 0.0]"
counterfact,unseen,new,100,2,G_BP,100,100,0.0,0.0,0.0,0.0,0.0,0.0,-0.0,0.0,"[0.0, 0.0]","[0.0, 0.0]","[0.0, 0.0]","[0.0, 0.0]"
counterfact,unseen,new,100,2,G_PCvsBP,100,100,0.0,0.0,0.0,0.0,0.0,0.0,-0.0,0.0,"[0.0, 0.0]","[0.0, 0.0]","[0.0, 0.0]","[0.0, 0.0]"
counterfact,unseen,new,100,mean,G_PC,100,100,0.0,,0.0,,,,,,"[0.0, 0.0]",,"[0.0, 0.0]",
counterfact,unseen,new,100,mean,G_BP,100,100,0.0,,0.0,,,,,,"[0.0, 0.0]",,"[0.0, 0.0]",
counterfact,unseen,new,100,mean,G_PCvsBP,100,100,0.0,,0.0,,,,,,"[0.0, 0.0]",,"[0.0, 0.0]",
mquake,composition,new,300,0,G_PC,240,240,-0.13557190743162995,0.0,0.05,0.14166666666666666,-1.8903422858997463,0.00584829257985056,-2.8832057226898717,1.0945629278564508,"[-0.26796827751697994, 0.00363645476797707]","[0.0, 0.0]","[0.025, 0.07916666666666666]","[0.1, 0.1875]"
mquake,composition,new,300,0,G_BP,240,240,-0.1377639109774974,0.0,0.0625,0.15416666666666667,-2.0198219550105936,0.15484058813922807,-3.0490865098556177,1.1754067967666022,"[-0.2765393110543576, 0.014440473516241347]","[0.0, 0.0]","[0.03333333333333333, 0.09583333333333334]","[0.10833333333333334, 0.2]"
mquake,composition,new,300,0,G_PCvsBP,240,240,0.002192003545867438,0.0,0.0375,0.0375,0.0,0.0,-0.9769215179500871,0.5017651458459088,"[-0.06459132934462754, 0.06716627211291647]","[0.0, 0.0]","[0.016666666666666666, 0.0625]","[0.016666666666666666, 0.0625]"
mquake,composition,new,300,1,G_PC,240,240,-0.09178139989980835,0.0,0.05,0.125,-1.8903422858997463,0.00584829257985056,-2.7595761500353677,1.1856877158819732,"[-0.22927073145314023, 0.0653688992518267]","[0.0, 0.0]","[0.025, 0.07916666666666666]","[0.0875, 0.16666666666666666]"
mquake,composition,new,300,1,G_BP,240,240,-0.20262834854527412,0.0,0.1,0.3333333333333333,-2.1607958167034957,3.155198725380609,-3.1108671949528746,1.6242106909963856,"[-0.39358277808334463, 0.024226331120571796]","[0.0, 0.0]","[0.0625, 0.1375]","[0.2708333333333333, 0.3958333333333333]"
mquake,composition,new,300,1,G_PCvsBP,240,240,0.11084694864546574,0.0,0.20833333333333334,0.05,-0.01269360804269128,1.730520271467856,-3.083490339378215,1.1192129023834572,"[-0.03450499326224197, 0.24738286109548954]","[0.0, 0.0]","[0.15833333333333333, 0.2625]","[0.025, 0.07916666666666666]"
mquake,composition,new,300,2,G_PC,240,240,-0.10522444177243574,0.0,0.05416666666666667,0.15,-1.8903422858997463,0.11777772853309722,-2.8832057226898717,1.2476280465044367,"[-0.2484372476361941, 0.06308334179931598]","[0.0, 0.0]","[0.029166666666666667, 0.0875]","[0.10833333333333334, 0.19583333333333333]"
mquake,composition,new,300,2,G_BP,240,240,-0.2750943258001153,0.0,0.07916666666666666,0.2916666666666667,-2.266802912561552,0.4426437345858313,-3.374610935520462,1.5029557309256745,"[-0.4611089414459872, -0.0725120942786576]","[0.0, 0.0]","[0.04583333333333333, 0.11666666666666667]","[0.23333333333333334, 0.35]"
mquake,composition,new,300,2,G_PCvsBP,240,240,0.1698698840276795,0.0,0.14166666666666666,0.025,0.0,1.8589267590586593,-1.1103862901736266,0.8591848993328735,"[0.05572506272325537, 0.2774192897645156]","[0.0, 0.0]","[0.1, 0.1875]","[0.008333333333333333, 0.04583333333333333]"
mquake,composition,new,300,mean,G_PC,240,240,-0.11085924970129134,,0.0625,,,,,,"[-0.23514518207795942, 0.03119977122699529]",,"[0.03333333333333333, 0.09583333333333334]",
mquake,composition,new,300,mean,G_BP,240,240,-0.2051621951076289,,0.1,,,,,,"[-0.3579333076070651, -0.026621732164335145]",,"[0.0625, 0.1375]",
mquake,composition,new,300,mean,G_PCvsBP,240,240,0.09430294540633757,,0.23333333333333334,,,,,,"[0.008085040614839733, 0.1750227041720759]",,"[0.17916666666666667, 0.2875]",
mquake,composition,new,100,0,G_PC,240,240,-0.08758269762076835,0.0,0.008333333333333333,0.029166666666666667,0.0,0.0,-1.6621926636867097,0.5778990575453438,"[-0.1617586115555304, -0.02395644842476696]","[0.0, 0.0]","[0.0, 0.020833333333333332]","[0.008333333333333333, 0.05]"
mquake,composition,new,100,0,G_BP,240,240,-0.13132370538871208,0.0,0.008333333333333333,0.04583333333333333,0.0,0.0,-2.4697189609410546,0.6634051484880606,"[-0.21965508713335855, -0.05366090351349195]","[0.0, 0.0]","[0.0, 0.020833333333333332]","[0.020833333333333332, 0.075]"
mquake,composition,new,100,0,G_PCvsBP,240,240,0.043741007767943714,0.0,0.020833333333333332,0.004166666666666667,0.0,0.0,-0.003329547207922172,0.3374147557426377,"[0.007763075153067719, 0.09217440969607776]","[0.0, 0.0]","[0.004166666666666667, 0.041666666666666664]","[0.0, 0.0125]"
mquake,composition,new,100,1,G_PC,240,240,-0.006226718822515961,0.0,0.016666666666666666,0.020833333333333332,0.0,0.0,-1.3640339575797449,0.8912628473230496,"[-0.10210804064576567, 0.1145242579087805]","[0.0, 0.0]","[0.004166666666666667, 0.03333333333333333]","[0.004166666666666667, 0.0375]"
mquake,composition,new,100,1,G_BP,240,240,-0.07786115353745253,0.0,0.029166666666666667,0.0875,-1.7043196808605792,0.0,-2.712216782214877,1.0548279881102967,"[-0.19202951995883788, 0.0606052456242489]","[0.0, 0.0]","[0.0125, 0.05416666666666667]","[0.05416666666666667, 0.125]"
mquake,composition,new,100,1,G_PCvsBP,240,240,0.07163443471493657,0.0,0.06666666666666667,0.0125,0.0,0.7544881537711604,-0.4891651810616416,0.564985352963514,"[0.0015471396101507861, 0.1422049638539374]","[0.0, 0.0]","[0.0375, 0.1]","[0.0, 0.029166666666666667]"
mquake,composition,new,100,2,G_PC,240,240,-0.0221966315962141,0.0,0.016666666666666666,0.025,0.0,0.0,-1.6588631164787875,0.9248561498579937,"[-0.12430162051447487, 0.09810752767977175]","[0.0, 0.0]","[0.004166666666666667, 0.03333333333333333]","[0.008333333333333333, 0.04583333333333333]"
mquake,composition,new,100,2,G_BP,240,240,-0.1320714885589176,0.0,0.025,0.0875,-1.8941206559582486,0.0,-3.059801077808026,1.0593953652118093,"[-0.25561683806141827, 0.006397084139278751]","[0.0, 0.0]","[0.008333333333333333, 0.04583333333333333]","[0.05416666666666667, 0.125]"
mquake,composition,new,100,2,G_PCvsBP,240,240,0.1098748569627035,0.0,0.0625,0.008333333333333333,0.0,0.7700334702483981,-0.08149877520573821,0.5213998025953838,"[0.048980458195303486, 0.1843646661656175]","[0.0, 0.0]","[0.03333333333333333, 0.09583333333333334]","[0.0, 0.020833333333333332]"
mquake,composition,new,100,mean,G_PC,240,240,-0.03866868267983281,,0.016666666666666666,,,,,,"[-0.12295521641512719, 0.0520853956824542]",,"[0.004166666666666667, 0.03333333333333333]",
mquake,composition,new,100,mean,G_BP,240,240,-0.11375211582836076,,0.029166666666666667,,,,,,"[-0.21082416048799962, -0.008598618933217726]",,"[0.0125, 0.05416666666666667]",
mquake,composition,new,100,mean,G_PCvsBP,240,240,0.07508343314852794,,0.08333333333333333,,,,,,"[0.02913150997649205, 0.12725005477616735]",,"[0.05, 0.12083333333333333]",
mquake,composition,old,300,0,G_PC,240,240,-0.2725677754692697,0.0,0.008333333333333333,0.18333333333333332,-1.91102771423042,0.0,-2.6836872445957716,0.7189561212657104,"[-0.36412634468979266, -0.1858638904723579]","[0.0, 0.0]","[0.0, 0.020833333333333332]","[0.1375, 0.23333333333333334]"
mquake,composition,old,300,0,G_BP,240,240,-0.28068485942363675,0.0,0.020833333333333332,0.19583333333333333,-2.1036896586100853,0.0,-2.893224700314175,0.8186204992481952,"[-0.3899002686347035, -0.17979201546072593]","[0.0, 0.0]","[0.004166666666666667, 0.041666666666666664]","[0.14583333333333334, 0.24583333333333332]"
mquake,composition,old,300,0,G_PCvsBP,240,240,0.008117083954367077,0.0,0.0375,0.0375,0.0,0.0,-1.0184906524830089,0.5018716177950795,"[-0.05503752946797789, 0.07376689020671046]","[0.0, 0.0]","[0.016666666666666666, 0.0625]","[0.016666666666666666, 0.0625]"
mquake,composition,old,300,1,G_PC,240,240,-0.2104071691727194,0.0,0.016666666666666666,0.15833333333333333,-1.8619330715685898,0.0,-2.674923136380298,0.7392824092121326,"[-0.3070219781835309, -0.12002376552937928]","[0.0, 0.0]","[0.004166666666666667, 0.03333333333333333]","[0.1125, 0.20833333333333334]"
mquake,composition,old,300,1,G_BP,240,240,-0.6257824305280174,0.0,0.0375,0.3958333333333333,-3.2581642753857696,0.0,-4.268248211927257,1.2567114507376,"[-0.7868901917137644, -0.46926073989402145]","[0.0, 0.0]","[0.016666666666666666, 0.0625]","[0.3375, 0.4583333333333333]"
mquake,composition,old,300,1,G_PCvsBP,240,240,0.415375261355298,0.0,0.2375,0.020833333333333332,0.0,2.5006484794413617,-0.7482027869901612,1.0992326501118477,"[0.28360232883524206, 0.5534941619360981]","[0.0, 0.0]","[0.1875, 0.2916666666666667]","[0.004166666666666667, 0.041666666666666664]"
mquake,composition,old,300,2,G_PC,240,240,-0.22092439562340224,0.0,0.025,0.17916666666666667,-1.8562207120150283,0.0,-2.670003127397605,0.7683575534143791,"[-0.3183340326064059, -0.12705204429956488]","[0.0, 0.0]","[0.008333333333333333, 0.04583333333333333]","[0.13333333333333333, 0.22916666666666666]"
mquake,composition,old,300,2,G_BP,240,240,-0.5479542648019695,0.0,0.03333333333333333,0.3375,-3.2072893780137774,0.0,-3.9987329690277016,1.1823472802412225,"[-0.6951948977478014, -0.39922658931756294]","[0.0, 0.0]","[0.0125, 0.058333333333333334]","[0.275, 0.4]"
mquake,composition,old,300,2,G_PCvsBP,240,240,0.32702986917856725,0.0,0.15833333333333333,0.008333333333333333,0.0,2.4830031549927916,-0.32716858388708875,0.9760502582906808,"[0.21257044775382833, 0.45592220749691903]","[0.0, 0.0]","[0.11666666666666667, 0.20833333333333334]","[0.0, 0.020833333333333332]"
mquake,composition,old,300,mean,G_PC,240,240,-0.2346331134217971,,0.025,,,,,,"[-0.3271002644809198, -0.1485979873876408]",,"[0.008333333333333333, 0.04583333333333333]",
mquake,composition,old,300,mean,G_BP,240,240,-0.48480718491787456,,0.0375,,,,,,"[-0.6026416578847611, -0.36738768321254756]",,"[0.016666666666666666, 0.0625]",
mquake,composition,old,300,mean,G_PCvsBP,240,240,0.25017407149607745,,0.26666666666666666,,,,,,"[0.1683229282328241, 0.3358217546705667]",,"[0.2125, 0.32083333333333336]",
mquake,composition,old,100,0,G_PC,240,240,-0.04644278396989059,0.0,0.004166666666666667,0.03333333333333333,0.0,0.0,-0.8735313168628592,0.3326464175330695,"[-0.08967934791661926, -0.01098840540470333]","[0.0, 0.0]","[0.0, 0.0125]","[0.0125, 0.05416666666666667]"
mquake,composition,old,100,0,G_BP,240,240,-0.09460049275900892,0.0,0.004166666666666667,0.05,-0.011063100310706273,0.0,-1.7625967098927355,0.49827090789845063,"[-0.1611783617186877, -0.03733497251406367]","[0.0, 0.0]","[0.0, 0.0125]","[0.025, 0.07916666666666666]"
mquake,composition,old,100,0,G_PCvsBP,240,240,0.04815770878911831,0.0,0.020833333333333332,0.004166666666666667,0.0,0.0,-0.09379866526649175,0.3931345301603521,"[0.004055986853805438, 0.10062915287124773]","[0.0, 0.0]","[0.004166666666666667, 0.041666666666666664]","[0.0, 0.0125]"
mquake,composition,old,100,1,G_PC,240,240,-0.006892580098465167,0.0,0.0125,0.025,0.0,0.0,-0.564601906353476,0.37047565440678376,"[-0.05099191505753275, 0.03969266061742295]","[0.0, 0.0]","[0.0, 0.029166666666666667]","[0.008333333333333333, 0.04583333333333333]"
mquake,composition,old,100,1,G_BP,240,240,-0.15313870158166984,0.0,0.0125,0.10416666666666667,-1.4716317287505074,0.0,-2.5207962557948895,0.6755975409845004,"[-0.23696756801697172, -0.07102377970989825]","[0.0, 0.0]","[0.0, 0.029166666666666667]","[0.06666666666666667, 0.14583333333333334]"
mquake,composition,old,100,1,G_PCvsBP,240,240,0.14624612148320468,0.0,0.07916666666666666,0.0,0.0,1.222015820041467,-0.0,0.5667488759098825,"[0.07713664864078536, 0.2217570211031376]","[0.0, 0.0]","[0.05, 0.11666666666666667]","[0.0, 0.0]"
mquake,composition,old,100,2,G_PC,240,240,-0.018545495465788448,0.0,0.0125,0.029166666666666667,0.0,0.0,-0.7797326515963673,0.41192305817268726,"[-0.06857582994524179, 0.029463492248057176]","[0.0, 0.0]","[0.0, 0.029166666666666667]","[0.008333333333333333, 0.05]"
mquake,composition,old,100,2,G_BP,240,240,-0.168487232619358,0.0,0.0125,0.1,-2.0472554156949,0.0,-2.8394459945395005,0.7379579846017502,"[-0.26357065496044507, -0.07876712715809096]","[0.0, 0.0]","[0.0, 0.029166666666666667]","[0.06666666666666667, 0.14166666666666666]"
mquake,composition,old,100,2,G_PCvsBP,240,240,0.14994173715356954,0.0,0.07083333333333333,0.0,0.0,1.2086230878562028,-0.0,0.6168355847540045,"[0.07688499384975438, 0.23575097826578756]","[0.0, 0.0]","[0.041666666666666664, 0.10427083333333277]","[0.0, 0.0]"
mquake,composition,old,100,mean,G_PC,240,240,-0.02396028651138141,,0.0125,,,,,,"[-0.06654687771506518, 0.01433473324187043]",,"[0.0, 0.029166666666666667]",
mquake,composition,old,100,mean,G_BP,240,240,-0.13874214232001225,,0.0125,,,,,,"[-0.20959096017000578, -0.07165961491766763]",,"[0.0, 0.029166666666666667]",
mquake,composition,old,100,mean,G_PCvsBP,240,240,0.11478185580863084,,0.09583333333333334,,,,,,"[0.062212096372606586, 0.17280080793021801]",,"[0.0625, 0.13333333333333333]",
mquake,edit,new,300,0,G_PC,300,300,5.156640584003187,5.049052103005087,1.0,0.0,2.874696520370705,7.510944324246951,2.2254592540438685,1.3934218053680734,"[5.003562602233364, 5.311168773165707]","[4.887425233196742, 5.280355119530163]","[1.0, 1.0]","[0.0, 0.0]"
mquake,edit,new,300,0,G_BP,300,300,5.156640584003187,5.049052103005087,1.0,0.0,2.874696520370705,7.510944324246951,2.2254592540438685,1.3934218053680734,"[5.003562602233364, 5.311168773165707]","[4.887425233196742, 5.280355119530163]","[1.0, 1.0]","[0.0, 0.0]"
mquake,edit,new,300,0,G_PCvsBP,300,300,0.0,0.0,0.0,0.0,0.0,0.0,-0.0,0.0,"[0.0, 0.0]","[0.0, 0.0]","[0.0, 0.0]","[0.0, 0.0]"
mquake,edit,new,300,1,G_PC,300,300,5.156640584003187,5.049052103005087,1.0,0.0,2.874696520370705,7.510944324246951,2.2254592540438685,1.3934218053680734,"[5.003562602233364, 5.311168773165707]","[4.887425233196742, 5.280355119530163]","[1.0, 1.0]","[0.0, 0.0]"
mquake,edit,new,300,1,G_BP,300,300,4.829020959671063,4.955531960202773,0.94,0.0,0.0,7.157224824730651,-0.0,1.808250247257485,"[4.620930024491819, 5.022588258792049]","[4.773592716828435, 5.113993855572087]","[0.9133333333333333, 0.9666666666666667]","[0.0, 0.0]"
mquake,edit,new,300,1,G_PCvsBP,300,300,0.3276196243321225,0.0,0.06,0.0,0.0,3.8997504553209423,-0.0,1.3588973194764435,"[0.17912084320113, 0.48530922981232344]","[0.0, 0.0]","[0.03333333333333333, 0.08666666666666667]","[0.0, 0.0]"
mquake,edit,new,300,2,G_PC,300,300,5.156640584003187,5.049052103005087,1.0,0.0,2.874696520370705,7.510944324246951,2.2254592540438685,1.3934218053680734,"[5.003562602233364, 5.311168773165707]","[4.887425233196742, 5.280355119530163]","[1.0, 1.0]","[0.0, 0.0]"
mquake,edit,new,300,2,G_BP,300,300,5.156640584003187,5.049052103005087,1.0,0.0,2.874696520370705,7.510944324246951,2.2254592540438685,1.3934218053680734,"[5.003562602233364, 5.311168773165707]","[4.887425233196742, 5.280355119530163]","[1.0, 1.0]","[0.0, 0.0]"
mquake,edit,new,300,2,G_PCvsBP,300,300,0.0,0.0,0.0,0.0,0.0,0.0,-0.0,0.0,"[0.0, 0.0]","[0.0, 0.0]","[0.0, 0.0]","[0.0, 0.0]"
mquake,edit,new,300,mean,G_PC,300,300,5.156640584003187,,1.0,,,,,,"[5.003562602233364, 5.311168773165707]",,"[1.0, 1.0]",
mquake,edit,new,300,mean,G_BP,300,300,5.0474340425591455,,1.0,,,,,,"[4.889518679268676, 5.199219969167333]",,"[1.0, 1.0]",
mquake,edit,new,300,mean,G_PCvsBP,300,300,0.10920654144404082,,0.06,,,,,,"[0.05970694773370999, 0.16176974327077448]",,"[0.03333333333333333, 0.08666666666666667]",
mquake,edit,new,100,0,G_PC,100,100,5.030822187750569,4.850249558567922,1.0,0.0,2.3741217781898003,7.557469472708448,2.134766668415273,1.4444614443428359,"[4.749509988706655, 5.302870239077248]","[4.614951003533214, 5.3129519997995995]","[1.0, 1.0]","[0.0, 0.0]"
mquake,edit,new,100,0,G_BP,100,100,5.030822187750569,4.850249558567922,1.0,0.0,2.3741217781898003,7.557469472708448,2.134766668415273,1.4444614443428359,"[4.749509988706655, 5.302870239077248]","[4.614951003533214, 5.3129519997995995]","[1.0, 1.0]","[0.0, 0.0]"
mquake,edit,new,100,0,G_PCvsBP,100,100,0.0,0.0,0.0,0.0,0.0,0.0,-0.0,0.0,"[0.0, 0.0]","[0.0, 0.0]","[0.0, 0.0]","[0.0, 0.0]"
mquake,edit,new,100,1,G_PC,100,100,5.030822187750569,4.850249558567922,1.0,0.0,2.3741217781898003,7.557469472708448,2.134766668415273,1.4444614443428359,"[4.749509988706655, 5.302870239077248]","[4.614951003533214, 5.3129519997995995]","[1.0, 1.0]","[0.0, 0.0]"
mquake,edit,new,100,1,G_BP,100,100,4.4732918421171215,4.624509871160905,0.9,0.0,0.0,7.557469472708448,-0.0,2.0565339821432205,"[4.056978100936479, 4.8529593794417085]","[4.4293239003832765, 4.887450893512536]","[0.84, 0.95]","[0.0, 0.0]"
mquake,edit,new,100,1,G_PCvsBP,100,100,0.5575303456334482,0.0,0.1,0.0,0.0,5.372809718440066,-0.0,1.7016205495629582,"[0.2620112268098204, 0.9016066174918821]","[0.0, 0.0]","[0.05, 0.16]","[0.0, 0.0]"
mquake,edit,new,100,2,G_PC,100,100,5.030822187750569,4.850249558567922,1.0,0.0,2.3741217781898003,7.557469472708448,2.134766668415273,1.4444614443428359,"[4.749509988706655, 5.302870239077248]","[4.614951003533214, 5.3129519997995995]","[1.0, 1.0]","[0.0, 0.0]"
mquake,edit,new,100,2,G_BP,100,100,5.030822187750569,4.850249558567922,1.0,0.0,2.3741217781898003,7.557469472708448,2.134766668415273,1.4444614443428359,"[4.749509988706655, 5.302870239077248]","[4.614951003533214, 5.3129519997995995]","[1.0, 1.0]","[0.0, 0.0]"
mquake,edit,new,100,2,G_PCvsBP,100,100,0.0,0.0,0.0,0.0,0.0,0.0,-0.0,0.0,"[0.0, 0.0]","[0.0, 0.0]","[0.0, 0.0]","[0.0, 0.0]"
mquake,edit,new,100,mean,G_PC,100,100,5.030822187750569,,1.0,,,,,,"[4.749509988706655, 5.302870239077248]",,"[1.0, 1.0]",
mquake,edit,new,100,mean,G_BP,100,100,4.844978739206088,,1.0,,,,,,"[4.5568250933257355, 5.126404775088583]",,"[1.0, 1.0]",
mquake,edit,new,100,mean,G_PCvsBP,100,100,0.18584344854448276,,0.1,,,,,,"[0.08733707560327347, 0.30053553916396075]",,"[0.05, 0.16]",
mquake,edit,true,300,0,G_PC,300,300,-3.4304499437839113,-3.4831591984980044,0.08333333333333333,0.9166666666666666,-8.23985634215996,0.9675404379676933,-9.838129820004944,2.793130972040196,"[-3.7515248557054606, -3.124441989081866]","[-3.917869427150336, -2.9812293194354]","[0.05333333333333334, 0.11666666666666667]","[0.8833333333333333, 0.9466666666666667]"
mquake,edit,true,300,0,G_BP,300,300,-3.4304499437839113,-3.4831591984980044,0.08333333333333333,0.9166666666666666,-8.23985634215996,0.9675404379676933,-9.838129820004944,2.793130972040196,"[-3.7515248557054606, -3.124441989081866]","[-3.917869427150336, -2.9812293194354]","[0.05333333333333334, 0.11666666666666667]","[0.8833333333333333, 0.9466666666666667]"
mquake,edit,true,300,0,G_PCvsBP,300,300,0.0,0.0,0.0,0.0,0.0,0.0,-0.0,0.0,"[0.0, 0.0]","[0.0, 0.0]","[0.0, 0.0]","[0.0, 0.0]"
mquake,edit,true,300,1,G_PC,300,300,-3.4304499437839113,-3.4831591984980044,0.08333333333333333,0.9166666666666666,-8.23985634215996,0.9675404379676933,-9.838129820004944,2.793130972040196,"[-3.7515248557054606, -3.124441989081866]","[-3.917869427150336, -2.9812293194354]","[0.05333333333333334, 0.11666666666666667]","[0.8833333333333333, 0.9466666666666667]"
mquake,edit,true,300,1,G_BP,300,300,-3.2250018728735306,-3.125001263704852,0.07666666666666666,0.8633333333333333,-8.155314596312948,0.7944779053855703,-9.802060183185098,2.8036012475060077,"[-3.5586640819548174, -2.920197148005576]","[-3.707025286495312, -2.7507055698359113]","[0.04666666666666667, 0.11]","[0.8265833333333333, 0.9033333333333333]"
mquake,edit,true,300,1,G_PCvsBP,300,300,-0.2054480709103805,0.0,0.006666666666666667,0.05333333333333334,-1.016393749487861,0.0,-4.276679258716883,1.1273745641984272,"[-0.3336425732632417, -0.08073744950238462]","[0.0, 0.0]","[0.0, 0.016666666666666666]","[0.03, 0.08]"
mquake,edit,true,300,2,G_PC,300,300,-3.4304499437839113,-3.4831591984980044,0.08333333333333333,0.9166666666666666,-8.23985634215996,0.9675404379676933,-9.838129820004944,2.793130972040196,"[-3.7515248557054606, -3.124441989081866]","[-3.917869427150336, -2.9812293194354]","[0.05333333333333334, 0.11666666666666667]","[0.8833333333333333, 0.9466666666666667]"
mquake,edit,true,300,2,G_BP,300,300,-3.4304499437839113,-3.4831591984980044,0.08333333333333333,0.9166666666666666,-8.23985634215996,0.9675404379676933,-9.838129820004944,2.793130972040196,"[-3.7515248557054606, -3.124441989081866]","[-3.917869427150336, -2.9812293194354]","[0.05333333333333334, 0.11666666666666667]","[0.8833333333333333, 0.9466666666666667]"
mquake,edit,true,300,2,G_PCvsBP,300,300,0.0,0.0,0.0,0.0,0.0,0.0,-0.0,0.0,"[0.0, 0.0]","[0.0, 0.0]","[0.0, 0.0]","[0.0, 0.0]"
mquake,edit,true,300,mean,G_PC,300,300,-3.4304499437839113,,0.08333333333333333,,,,,,"[-3.7515248557054606, -3.124441989081866]",,"[0.05333333333333334, 0.11666666666666667]",
mquake,edit,true,300,mean,G_BP,300,300,-3.3619672534804512,,0.08333333333333333,,,,,,"[-3.6802560629445367, -3.056892305906177]",,"[0.05333333333333334, 0.11666666666666667]",
mquake,edit,true,300,mean,G_PCvsBP,300,300,-0.06848269030346014,,0.006666666666666667,,,,,,"[-0.11121419108774726, -0.026912483167461542]",,"[0.0, 0.016666666666666666]",
mquake,edit,true,100,0,G_PC,100,100,-3.380366974770163,-3.6552532408176908,0.08,0.92,-7.222976860763509,1.6040465953540322,-9.775990870607671,2.8895103510425737,"[-3.943578510926962, -2.78482045463023]","[-4.200380890382305, -3.1048222661649207]","[0.03, 0.14]","[0.86, 0.97]"
mquake,edit,true,100,0,G_BP,100,100,-3.380366974770163,-3.6552532408176908,0.08,0.92,-7.222976860763509,1.6040465953540322,-9.775990870607671,2.8895103510425737,"[-3.943578510926962, -2.78482045463023]","[-4.200380890382305, -3.1048222661649207]","[0.03, 0.14]","[0.86, 0.97]"
mquake,edit,true,100,0,G_PCvsBP,100,100,0.0,0.0,0.0,0.0,0.0,0.0,-0.0,0.0,"[0.0, 0.0]","[0.0, 0.0]","[0.0, 0.0]","[0.0, 0.0]"
mquake,edit,true,100,1,G_PC,100,100,-3.380366974770163,-3.6552532408176908,0.08,0.92,-7.222976860763509,1.6040465953540322,-9.775990870607671,2.8895103510425737,"[-3.943578510926962, -2.78482045463023]","[-4.200380890382305, -3.1048222661649207]","[0.03, 0.14]","[0.86, 0.97]"
mquake,edit,true,100,1,G_BP,100,100,-3.1580172981804373,-3.2534732347111976,0.06,0.84,-7.222976860763509,0.5605897732402195,-9.775990870607671,2.856612834937558,"[-3.739520197259592, -2.590994809604472]","[-3.992336918401888, -2.60431902107811]","[0.02, 0.11]","[0.77, 0.91]"
mquake,edit,true,100,1,G_PCvsBP,100,100,-0.22234967658972615,0.0,0.02,0.08,-2.2091636658285796,0.0,-4.575337875278232,1.2679065295831635,"[-0.47990341383034346, 0.011980437074187411]","[0.0, 0.0]","[0.0, 0.05]","[0.03, 0.13]"
mquake,edit,true,100,2,G_PC,100,100,-3.380366974770163,-3.6552532408176908,0.08,0.92,-7.222976860763509,1.6040465953540322,-9.775990870607671,2.8895103510425737,"[-3.943578510926962, -2.78482045463023]","[-4.200380890382305, -3.1048222661649207]","[0.03, 0.14]","[0.86, 0.97]"
mquake,edit,true,100,2,G_BP,100,100,-3.380366974770163,-3.6552532408176908,0.08,0.92,-7.222976860763509,1.6040465953540322,-9.775990870607671,2.8895103510425737,"[-3.943578510926962, -2.78482045463023]","[-4.200380890382305, -3.1048222661649207]","[0.03, 0.14]","[0.86, 0.97]"
mquake,edit,true,100,2,G_PCvsBP,100,100,0.0,0.0,0.0,0.0,0.0,0.0,-0.0,0.0,"[0.0, 0.0]","[0.0, 0.0]","[0.0, 0.0]","[0.0, 0.0]"
mquake,edit,true,100,mean,G_PC,100,100,-3.380366974770163,,0.08,,,,,,"[-3.943578510926962, -2.78482045463023]",,"[0.03, 0.14]",
mquake,edit,true,100,mean,G_BP,100,100,-3.306250415906921,,0.08,,,,,,"[-3.8805889470220314, -2.722622769802277]",,"[0.03, 0.14]",
mquake,edit,true,100,mean,G_PCvsBP,100,100,-0.07411655886324203,,0.02,,,,,,"[-0.15996780461011448, 0.003993479024729124]",,"[0.0, 0.05]",
mquake,locality,true,300,0,G_PC,50,50,0.0,0.0,0.0,0.0,0.0,0.0,-0.0,0.0,"[0.0, 0.0]","[0.0, 0.0]","[0.0, 0.0]","[0.0, 0.0]"
mquake,locality,true,300,0,G_BP,50,50,0.0,0.0,0.0,0.0,0.0,0.0,-0.0,0.0,"[0.0, 0.0]","[0.0, 0.0]","[0.0, 0.0]","[0.0, 0.0]"
mquake,locality,true,300,0,G_PCvsBP,50,50,0.0,0.0,0.0,0.0,0.0,0.0,-0.0,0.0,"[0.0, 0.0]","[0.0, 0.0]","[0.0, 0.0]","[0.0, 0.0]"
mquake,locality,true,300,1,G_PC,50,50,0.0,0.0,0.0,0.0,0.0,0.0,-0.0,0.0,"[0.0, 0.0]","[0.0, 0.0]","[0.0, 0.0]","[0.0, 0.0]"
mquake,locality,true,300,1,G_BP,50,50,0.0,0.0,0.0,0.0,0.0,0.0,-0.0,0.0,"[0.0, 0.0]","[0.0, 0.0]","[0.0, 0.0]","[0.0, 0.0]"
mquake,locality,true,300,1,G_PCvsBP,50,50,0.0,0.0,0.0,0.0,0.0,0.0,-0.0,0.0,"[0.0, 0.0]","[0.0, 0.0]","[0.0, 0.0]","[0.0, 0.0]"
mquake,locality,true,300,2,G_PC,50,50,0.0,0.0,0.0,0.0,0.0,0.0,-0.0,0.0,"[0.0, 0.0]","[0.0, 0.0]","[0.0, 0.0]","[0.0, 0.0]"
mquake,locality,true,300,2,G_BP,50,50,0.0,0.0,0.0,0.0,0.0,0.0,-0.0,0.0,"[0.0, 0.0]","[0.0, 0.0]","[0.0, 0.0]","[0.0, 0.0]"
mquake,locality,true,300,2,G_PCvsBP,50,50,0.0,0.0,0.0,0.0,0.0,0.0,-0.0,0.0,"[0.0, 0.0]","[0.0, 0.0]","[0.0, 0.0]","[0.0, 0.0]"
mquake,locality,true,300,mean,G_PC,50,50,-2.6645352591003756e-17,,0.0,,,,,,"[-1.0658141036401502e-16, 3.552713678800501e-17]",,"[0.0, 0.0]",
mquake,locality,true,300,mean,G_BP,50,50,-2.6645352591003756e-17,,0.0,,,,,,"[-1.0658141036401502e-16, 3.552713678800501e-17]",,"[0.0, 0.0]",
mquake,locality,true,300,mean,G_PCvsBP,50,50,0.0,,0.0,,,,,,"[0.0, 0.0]",,"[0.0, 0.0]",
mquake,locality,true,100,0,G_PC,50,50,0.0,0.0,0.0,0.0,0.0,0.0,-0.0,0.0,"[0.0, 0.0]","[0.0, 0.0]","[0.0, 0.0]","[0.0, 0.0]"
mquake,locality,true,100,0,G_BP,50,50,0.0,0.0,0.0,0.0,0.0,0.0,-0.0,0.0,"[0.0, 0.0]","[0.0, 0.0]","[0.0, 0.0]","[0.0, 0.0]"
mquake,locality,true,100,0,G_PCvsBP,50,50,0.0,0.0,0.0,0.0,0.0,0.0,-0.0,0.0,"[0.0, 0.0]","[0.0, 0.0]","[0.0, 0.0]","[0.0, 0.0]"
mquake,locality,true,100,1,G_PC,50,50,0.0,0.0,0.0,0.0,0.0,0.0,-0.0,0.0,"[0.0, 0.0]","[0.0, 0.0]","[0.0, 0.0]","[0.0, 0.0]"
mquake,locality,true,100,1,G_BP,50,50,0.0,0.0,0.0,0.0,0.0,0.0,-0.0,0.0,"[0.0, 0.0]","[0.0, 0.0]","[0.0, 0.0]","[0.0, 0.0]"
mquake,locality,true,100,1,G_PCvsBP,50,50,0.0,0.0,0.0,0.0,0.0,0.0,-0.0,0.0,"[0.0, 0.0]","[0.0, 0.0]","[0.0, 0.0]","[0.0, 0.0]"
mquake,locality,true,100,2,G_PC,50,50,0.0,0.0,0.0,0.0,0.0,0.0,-0.0,0.0,"[0.0, 0.0]","[0.0, 0.0]","[0.0, 0.0]","[0.0, 0.0]"
mquake,locality,true,100,2,G_BP,50,50,0.0,0.0,0.0,0.0,0.0,0.0,-0.0,0.0,"[0.0, 0.0]","[0.0, 0.0]","[0.0, 0.0]","[0.0, 0.0]"
mquake,locality,true,100,2,G_PCvsBP,50,50,0.0,0.0,0.0,0.0,0.0,0.0,-0.0,0.0,"[0.0, 0.0]","[0.0, 0.0]","[0.0, 0.0]","[0.0, 0.0]"
mquake,locality,true,100,mean,G_PC,50,50,-2.6645352591003756e-17,,0.0,,,,,,"[-1.0658141036401502e-16, 3.552713678800501e-17]",,"[0.0, 0.0]",
mquake,locality,true,100,mean,G_BP,50,50,-2.6645352591003756e-17,,0.0,,,,,,"[-1.0658141036401502e-16, 3.552713678800501e-17]",,"[0.0, 0.0]",
mquake,locality,true,100,mean,G_PCvsBP,50,50,0.0,,0.0,,,,,,"[0.0, 0.0]",,"[0.0, 0.0]",
mquake,locality_item,true,300,0,G_PC,600,300,-0.2415100224465444,0.0,0.0016666666666666668,0.07166666666666667,-2.3170956078972424,0.0,-4.255609995028844,1.056836401232023,"[-0.32340721338839357, -0.1605125253738596]","[0.0, 0.0]","[0.0, 0.005]","[0.051666666666666666, 0.09166666666666666]"
mquake,locality_item,true,300,0,G_BP,600,300,-0.2353334136026617,0.0,0.0016666666666666668,0.07,-2.238208953267007,0.0,-4.142046296003477,1.0269249984372666,"[-0.31778804860895105, -0.15607455801030792]","[0.0, 0.0]","[0.0, 0.005]","[0.05, 0.09]"
mquake,locality_item,true,300,0,G_PCvsBP,600,300,-0.006176608843882762,0.0,0.0016666666666666668,0.0033333333333333335,0.0,0.0,-0.19972735362063515,0.2566668624047645,"[-0.030229379363902846, 0.010971192384958951]","[0.0, 0.0]","[0.0, 0.005]","[0.0, 0.008333333333333333]"
mquake,locality_item,true,300,1,G_PC,600,300,-0.2584406618642442,0.0,0.0033333333333333335,0.07666666666666666,-2.3785348064024405,0.0,-4.372255968097158,1.0822609379809331,"[-0.3456909109941303, -0.17595426125659328]","[0.0, 0.0]","[0.0, 0.008333333333333333]","[0.056666666666666664, 0.09833333333333333]"
mquake,locality_item,true,300,1,G_BP,600,300,-0.24565266020639445,0.0,0.0,0.07166666666666667,-2.3170956078972424,0.0,-4.255609995028844,1.0509841162462095,"[-0.3276429038177119, -0.16637184963726184]","[0.0, 0.0]","[0.0, 0.0]","[0.051666666666666666, 0.09166666666666666]"
mquake,locality_item,true,300,1,G_PCvsBP,600,300,-0.012788001657849697,0.0,0.0033333333333333335,0.005,0.0,0.0,-0.3417870941612004,0.2702118194422792,"[-0.03317353202195035, 0.0007283604472956048]","[0.0, 0.0]","[0.0, 0.008333333333333333]","[0.0, 0.011666666666666667]"
mquake,locality_item,true,300,2,G_PC,600,300,-0.25178756300102745,0.0,0.0016666666666666668,0.07333333333333333,-2.3467921636571862,0.0,-4.338587151381401,1.0739606214554174,"[-0.3361428626312266, -0.17102751335204644]","[0.0, 0.0]","[0.0, 0.005]","[0.05333333333333334, 0.09333333333333334]"
mquake,locality_item,true,300,2,G_BP,600,300,-0.24957813615510258,0.0,0.0016666666666666668,0.075,-2.3467921636571862,0.0,-4.262276995330148,1.0583933815775692,"[-0.33682838528498876, -0.16888920403285382]","[0.0, 0.0]","[0.0, 0.005]","[0.05333333333333334, 0.09666666666666666]"
mquake,locality_item,true,300,2,G_PCvsBP,600,300,-0.0022094268459248757,0.0,0.0033333333333333335,0.0016666666666666668,0.0,0.0,-0.18563005464072022,0.2761468050159262,"[-0.028772658469311634, 0.016944584281367456]","[0.0, 0.0]","[0.0, 0.008333333333333333]","[0.0, 0.005]"
mquake,locality_item,true,300,mean,G_PC,600,300,-0.2505794157706054,,0.0033333333333333335,,,,,,"[-0.33387230943132024, -0.16908997725977787]",,"[0.0, 0.008333333333333333]",
mquake,locality_item,true,300,mean,G_BP,600,300,-0.24352140332138628,,0.0033333333333333335,,,,,,"[-0.325908745822979, -0.16343820100282186]",,"[0.0, 0.008333333333333333]",
mquake,locality_item,true,300,mean,G_PCvsBP,600,300,-0.007058012449219113,,0.0033333333333333335,,,,,,"[-0.023275644187314252, 0.00241527822682031]",,"[0.0, 0.008333333333333333]",
mquake,locality_item,true,100,0,G_PC,200,100,-0.08977152710111617,0.0,0.0,0.035,0.0,0.0,-1.6322095836566577,0.5491924089484583,"[-0.17365772752613004, -0.023170956078972425]","[0.0, 0.0]","[0.0, 0.0]","[0.014875000000000006, 0.06]"
mquake,locality_item,true,100,0,G_BP,200,100,-0.08977152710111617,0.0,0.0,0.035,0.0,0.0,-1.6322095836566577,0.5491924089484583,"[-0.17365772752613004, -0.023170956078972425]","[0.0, 0.0]","[0.0, 0.0]","[0.014875000000000006, 0.06]"
mquake,locality_item,true,100,0,G_PCvsBP,200,100,0.0,0.0,0.0,0.0,0.0,0.0,-0.0,0.0,"[0.0, 0.0]","[0.0, 0.0]","[0.0, 0.0]","[0.0, 0.0]"
mquake,locality_item,true,100,1,G_PC,200,100,-0.10671611138248364,0.0,0.0,0.04,0.0,0.0,-1.9402929342269752,0.5966393542793609,"[-0.19624840617774172, -0.03494893099699599]","[0.0, 0.0]","[0.0, 0.0]","[0.015, 0.07]"
mquake,locality_item,true,100,1,G_BP,200,100,-0.08977152710111617,0.0,0.0,0.035,0.0,0.0,-1.6322095836566577,0.5491924089484583,"[-0.17365772752613004, -0.023170956078972425]","[0.0, 0.0]","[0.0, 0.0]","[0.014875000000000006, 0.06]"
mquake,locality_item,true,100,1,G_PCvsBP,200,100,-0.016944584281367456,0.0,0.0,0.005,0.0,0.0,-0.3080833505703174,0.23963260899483815,"[-0.05083375284410237, 0.0]","[0.0, 0.0]","[0.0, 0.0]","[0.0, 0.015]"
mquake,locality_item,true,100,2,G_PC,200,100,-0.08977152710111617,0.0,0.0,0.035,0.0,0.0,-1.6322095836566577,0.5491924089484583,"[-0.17365772752613004, -0.023170956078972425]","[0.0, 0.0]","[0.0, 0.0]","[0.014875000000000006, 0.06]"
mquake,locality_item,true,100,2,G_BP,200,100,-0.10671611138248364,0.0,0.0,0.04,0.0,0.0,-1.9402929342269752,0.5966393542793609,"[-0.19624840617774172, -0.03494893099699599]","[0.0, 0.0]","[0.0, 0.0]","[0.015, 0.07]"
mquake,locality_item,true,100,2,G_PCvsBP,200,100,0.016944584281367456,0.0,0.005,0.0,0.0,0.0,-0.0,0.23963260899483815,"[0.0, 0.05083375284410237]","[0.0, 0.0]","[0.0, 0.015]","[0.0, 0.0]"
mquake,locality_item,true,100,mean,G_PC,200,100,-0.095419721861572,,0.0,,,,,,"[-0.17925445784325497, -0.028686565047317994]",,"[0.0, 0.0]",
mquake,locality_item,true,100,mean,G_BP,200,100,-0.095419721861572,,0.0,,,,,,"[-0.17925445784325497, -0.028686565047317994]",,"[0.0, 0.0]",
mquake,locality_item,true,100,mean,G_PCvsBP,200,100,0.0,,0.0,,,,,,"[0.0, 0.0]",,"[0.0, 0.0]",
mquake,near_miss_edit,new,300,0,G_PC,100,100,0.0,0.0,0.0,0.0,0.0,0.0,-0.0,0.0,"[0.0, 0.0]","[0.0, 0.0]","[0.0, 0.0]","[0.0, 0.0]"
mquake,near_miss_edit,new,300,0,G_BP,100,100,0.0,0.0,0.0,0.0,0.0,0.0,-0.0,0.0,"[0.0, 0.0]","[0.0, 0.0]","[0.0, 0.0]","[0.0, 0.0]"
mquake,near_miss_edit,new,300,0,G_PCvsBP,100,100,0.0,0.0,0.0,0.0,0.0,0.0,-0.0,0.0,"[0.0, 0.0]","[0.0, 0.0]","[0.0, 0.0]","[0.0, 0.0]"
mquake,near_miss_edit,new,300,1,G_PC,100,100,0.0,0.0,0.0,0.0,0.0,0.0,-0.0,0.0,"[0.0, 0.0]","[0.0, 0.0]","[0.0, 0.0]","[0.0, 0.0]"
mquake,near_miss_edit,new,300,1,G_BP,100,100,0.0,0.0,0.0,0.0,0.0,0.0,-0.0,0.0,"[0.0, 0.0]","[0.0, 0.0]","[0.0, 0.0]","[0.0, 0.0]"
mquake,near_miss_edit,new,300,1,G_PCvsBP,100,100,0.0,0.0,0.0,0.0,0.0,0.0,-0.0,0.0,"[0.0, 0.0]","[0.0, 0.0]","[0.0, 0.0]","[0.0, 0.0]"
mquake,near_miss_edit,new,300,2,G_PC,100,100,0.0,0.0,0.0,0.0,0.0,0.0,-0.0,0.0,"[0.0, 0.0]","[0.0, 0.0]","[0.0, 0.0]","[0.0, 0.0]"
mquake,near_miss_edit,new,300,2,G_BP,100,100,0.0,0.0,0.0,0.0,0.0,0.0,-0.0,0.0,"[0.0, 0.0]","[0.0, 0.0]","[0.0, 0.0]","[0.0, 0.0]"
mquake,near_miss_edit,new,300,2,G_PCvsBP,100,100,0.0,0.0,0.0,0.0,0.0,0.0,-0.0,0.0,"[0.0, 0.0]","[0.0, 0.0]","[0.0, 0.0]","[0.0, 0.0]"
mquake,near_miss_edit,new,300,mean,G_PC,100,100,-1.9984014443252817e-17,,0.0,,,,,,"[-6.217248937900877e-17, 1.7763568394002505e-17]",,"[0.0, 0.0]",
mquake,near_miss_edit,new,300,mean,G_BP,100,100,-1.9984014443252817e-17,,0.0,,,,,,"[-6.217248937900877e-17, 1.7763568394002505e-17]",,"[0.0, 0.0]",
mquake,near_miss_edit,new,300,mean,G_PCvsBP,100,100,0.0,,0.0,,,,,,"[0.0, 0.0]",,"[0.0, 0.0]",
mquake,near_miss_edit,new,100,0,G_PC,100,100,0.0,0.0,0.0,0.0,0.0,0.0,-0.0,0.0,"[0.0, 0.0]","[0.0, 0.0]","[0.0, 0.0]","[0.0, 0.0]"
mquake,near_miss_edit,new,100,0,G_BP,100,100,0.0,0.0,0.0,0.0,0.0,0.0,-0.0,0.0,"[0.0, 0.0]","[0.0, 0.0]","[0.0, 0.0]","[0.0, 0.0]"
mquake,near_miss_edit,new,100,0,G_PCvsBP,100,100,0.0,0.0,0.0,0.0,0.0,0.0,-0.0,0.0,"[0.0, 0.0]","[0.0, 0.0]","[0.0, 0.0]","[0.0, 0.0]"
mquake,near_miss_edit,new,100,1,G_PC,100,100,0.0,0.0,0.0,0.0,0.0,0.0,-0.0,0.0,"[0.0, 0.0]","[0.0, 0.0]","[0.0, 0.0]","[0.0, 0.0]"
mquake,near_miss_edit,new,100,1,G_BP,100,100,0.0,0.0,0.0,0.0,0.0,0.0,-0.0,0.0,"[0.0, 0.0]","[0.0, 0.0]","[0.0, 0.0]","[0.0, 0.0]"
mquake,near_miss_edit,new,100,1,G_PCvsBP,100,100,0.0,0.0,0.0,0.0,0.0,0.0,-0.0,0.0,"[0.0, 0.0]","[0.0, 0.0]","[0.0, 0.0]","[0.0, 0.0]"
mquake,near_miss_edit,new,100,2,G_PC,100,100,0.0,0.0,0.0,0.0,0.0,0.0,-0.0,0.0,"[0.0, 0.0]","[0.0, 0.0]","[0.0, 0.0]","[0.0, 0.0]"
mquake,near_miss_edit,new,100,2,G_BP,100,100,0.0,0.0,0.0,0.0,0.0,0.0,-0.0,0.0,"[0.0, 0.0]","[0.0, 0.0]","[0.0, 0.0]","[0.0, 0.0]"
mquake,near_miss_edit,new,100,2,G_PCvsBP,100,100,0.0,0.0,0.0,0.0,0.0,0.0,-0.0,0.0,"[0.0, 0.0]","[0.0, 0.0]","[0.0, 0.0]","[0.0, 0.0]"
mquake,near_miss_edit,new,100,mean,G_PC,100,100,-1.9984014443252817e-17,,0.0,,,,,,"[-6.217248937900877e-17, 1.7763568394002505e-17]",,"[0.0, 0.0]",
mquake,near_miss_edit,new,100,mean,G_BP,100,100,-1.9984014443252817e-17,,0.0,,,,,,"[-6.217248937900877e-17, 1.7763568394002505e-17]",,"[0.0, 0.0]",
mquake,near_miss_edit,new,100,mean,G_PCvsBP,100,100,0.0,,0.0,,,,,,"[0.0, 0.0]",,"[0.0, 0.0]",
mquake,near_miss_neighbour,true,300,0,G_PC,100,100,0.0,0.0,0.0,0.0,0.0,0.0,-0.0,0.0,"[0.0, 0.0]","[0.0, 0.0]","[0.0, 0.0]","[0.0, 0.0]"
mquake,near_miss_neighbour,true,300,0,G_BP,100,100,0.0,0.0,0.0,0.0,0.0,0.0,-0.0,0.0,"[0.0, 0.0]","[0.0, 0.0]","[0.0, 0.0]","[0.0, 0.0]"
mquake,near_miss_neighbour,true,300,0,G_PCvsBP,100,100,0.0,0.0,0.0,0.0,0.0,0.0,-0.0,0.0,"[0.0, 0.0]","[0.0, 0.0]","[0.0, 0.0]","[0.0, 0.0]"
mquake,near_miss_neighbour,true,300,1,G_PC,100,100,0.0,0.0,0.0,0.0,0.0,0.0,-0.0,0.0,"[0.0, 0.0]","[0.0, 0.0]","[0.0, 0.0]","[0.0, 0.0]"
mquake,near_miss_neighbour,true,300,1,G_BP,100,100,0.0,0.0,0.0,0.0,0.0,0.0,-0.0,0.0,"[0.0, 0.0]","[0.0, 0.0]","[0.0, 0.0]","[0.0, 0.0]"
mquake,near_miss_neighbour,true,300,1,G_PCvsBP,100,100,0.0,0.0,0.0,0.0,0.0,0.0,-0.0,0.0,"[0.0, 0.0]","[0.0, 0.0]","[0.0, 0.0]","[0.0, 0.0]"
mquake,near_miss_neighbour,true,300,2,G_PC,100,100,0.0,0.0,0.0,0.0,0.0,0.0,-0.0,0.0,"[0.0, 0.0]","[0.0, 0.0]","[0.0, 0.0]","[0.0, 0.0]"
mquake,near_miss_neighbour,true,300,2,G_BP,100,100,0.0,0.0,0.0,0.0,0.0,0.0,-0.0,0.0,"[0.0, 0.0]","[0.0, 0.0]","[0.0, 0.0]","[0.0, 0.0]"
mquake,near_miss_neighbour,true,300,2,G_PCvsBP,100,100,0.0,0.0,0.0,0.0,0.0,0.0,-0.0,0.0,"[0.0, 0.0]","[0.0, 0.0]","[0.0, 0.0]","[0.0, 0.0]"
mquake,near_miss_neighbour,true,300,mean,G_PC,100,100,1.9984014443252817e-17,,0.0,,,,,,"[-4.440892098500626e-18, 5.10702591327572e-17]",,"[0.0, 0.0]",
mquake,near_miss_neighbour,true,300,mean,G_BP,100,100,1.9984014443252817e-17,,0.0,,,,,,"[-4.440892098500626e-18, 5.10702591327572e-17]",,"[0.0, 0.0]",
mquake,near_miss_neighbour,true,300,mean,G_PCvsBP,100,100,0.0,,0.0,,,,,,"[0.0, 0.0]",,"[0.0, 0.0]",
mquake,near_miss_neighbour,true,100,0,G_PC,100,100,0.0,0.0,0.0,0.0,0.0,0.0,-0.0,0.0,"[0.0, 0.0]","[0.0, 0.0]","[0.0, 0.0]","[0.0, 0.0]"
mquake,near_miss_neighbour,true,100,0,G_BP,100,100,0.0,0.0,0.0,0.0,0.0,0.0,-0.0,0.0,"[0.0, 0.0]","[0.0, 0.0]","[0.0, 0.0]","[0.0, 0.0]"
mquake,near_miss_neighbour,true,100,0,G_PCvsBP,100,100,0.0,0.0,0.0,0.0,0.0,0.0,-0.0,0.0,"[0.0, 0.0]","[0.0, 0.0]","[0.0, 0.0]","[0.0, 0.0]"
mquake,near_miss_neighbour,true,100,1,G_PC,100,100,0.0,0.0,0.0,0.0,0.0,0.0,-0.0,0.0,"[0.0, 0.0]","[0.0, 0.0]","[0.0, 0.0]","[0.0, 0.0]"
mquake,near_miss_neighbour,true,100,1,G_BP,100,100,0.0,0.0,0.0,0.0,0.0,0.0,-0.0,0.0,"[0.0, 0.0]","[0.0, 0.0]","[0.0, 0.0]","[0.0, 0.0]"
mquake,near_miss_neighbour,true,100,1,G_PCvsBP,100,100,0.0,0.0,0.0,0.0,0.0,0.0,-0.0,0.0,"[0.0, 0.0]","[0.0, 0.0]","[0.0, 0.0]","[0.0, 0.0]"
mquake,near_miss_neighbour,true,100,2,G_PC,100,100,0.0,0.0,0.0,0.0,0.0,0.0,-0.0,0.0,"[0.0, 0.0]","[0.0, 0.0]","[0.0, 0.0]","[0.0, 0.0]"
mquake,near_miss_neighbour,true,100,2,G_BP,100,100,0.0,0.0,0.0,0.0,0.0,0.0,-0.0,0.0,"[0.0, 0.0]","[0.0, 0.0]","[0.0, 0.0]","[0.0, 0.0]"
mquake,near_miss_neighbour,true,100,2,G_PCvsBP,100,100,0.0,0.0,0.0,0.0,0.0,0.0,-0.0,0.0,"[0.0, 0.0]","[0.0, 0.0]","[0.0, 0.0]","[0.0, 0.0]"
mquake,near_miss_neighbour,true,100,mean,G_PC,100,100,1.9984014443252817e-17,,0.0,,,,,,"[-4.440892098500626e-18, 5.10702591327572e-17]",,"[0.0, 0.0]",
mquake,near_miss_neighbour,true,100,mean,G_BP,100,100,1.9984014443252817e-17,,0.0,,,,,,"[-4.440892098500626e-18, 5.10702591327572e-17]",,"[0.0, 0.0]",
mquake,near_miss_neighbour,true,100,mean,G_PCvsBP,100,100,0.0,,0.0,,,,,,"[0.0, 0.0]",,"[0.0, 0.0]",
mquake,paraphrase,new,300,0,G_PC,300,300,3.949239768284618,4.710651179012954,0.7066666666666667,0.0,0.0,7.696118002077049,-0.0,2.86757733938647,"[3.6208918924313314, 4.263049017021617]","[4.1662610737306585, 5.255141167137966]","[0.6533333333333333, 0.7534166666666662]","[0.0, 0.0]"
mquake,paraphrase,new,300,0,G_BP,300,300,4.038993497476516,4.78542791528191,0.7166666666666667,0.0,0.0,7.696118002077049,-0.0,2.8684286996968935,"[3.7078091775382, 4.348564653437249]","[4.2382863470911, 5.37531620452325]","[0.6633333333333333, 0.7666666666666667]","[0.0, 0.0]"
mquake,paraphrase,new,300,0,G_PCvsBP,300,300,-0.08975372919189784,0.0,0.043333333333333335,0.05333333333333334,-2.4192015941390816,0.0,-5.870701892039007,1.7683690864039845,"[-0.298704769109445, 0.10577753466005621]","[0.0, 0.0]","[0.023333333333333334, 0.06666666666666667]","[0.03, 0.08]"
mquake,paraphrase,new,300,1,G_PC,300,300,4.0539637982100025,4.819421508680282,0.7233333333333334,0.0,0.0,7.698030007807796,-0.0,2.826840533570946,"[3.7131870264746447, 4.359262039747788]","[4.272613604520616, 5.30798025360137]","[0.67, 0.7733333333333333]","[0.0, 0.0]"
mquake,paraphrase,new,300,1,G_BP,300,300,4.772061302136305,5.4376942750777095,0.8566666666666667,0.0033333333333333335,0.0,7.698030007807796,-0.05786791683778697,2.408774037582687,"[4.487722885989053, 5.02077411003941]","[5.0448783209777535, 5.705692404546449]","[0.8166666666666667, 0.8933333333333333]","[0.0, 0.01]"
mquake,paraphrase,new,300,1,G_PCvsBP,300,300,-0.7180975039263016,0.0,0.006666666666666667,0.13666666666666666,-6.105325426205246,0.0,-6.652334431398852,1.9544676602082791,"[-0.9426114809813687, -0.5023529862189761]","[0.0, 0.0]","[0.0, 0.016666666666666666]","[0.1, 0.17666666666666667]"
mquake,paraphrase,new,300,2,G_PC,300,300,3.8797996387080382,4.6900783459956115,0.69,0.0033333333333333335,0.0,7.698030007807796,-0.09829359361666362,2.9127933422224763,"[3.542625133425131, 4.194025342547635]","[4.1662610737306585, 5.217990810903922]","[0.6366666666666667, 0.74]","[0.0, 0.01]"
mquake,paraphrase,new,300,2,G_BP,300,300,4.556793691676097,5.275532915529721,0.8233333333333334,0.0033333333333333335,0.0,7.698030007807796,-0.05786791683778697,2.5364887201047592,"[4.2691556883281, 4.816923462256885]","[4.807629510341264, 5.584033235071943]","[0.78, 0.8633333333333333]","[0.0, 0.01]"
mquake,paraphrase,new,300,2,G_PCvsBP,300,300,-0.6769940529680584,0.0,0.0033333333333333335,0.13333333333333333,-5.870559513823702,0.0,-6.5149616393090515,1.815163894356263,"[-0.8815014446534751, -0.48617078177432504]","[0.0, 0.0]","[0.0, 0.01]","[0.09666666666666666, 0.17333333333333334]"
mquake,paraphrase,new,300,mean,G_PC,300,300,3.961001068400886,,0.7566666666666667,,,,,,"[3.633155445730829, 4.26051935788964]",,"[0.7066666666666667, 0.8033333333333333]",
mquake,paraphrase,new,300,mean,G_BP,300,300,4.455949497096307,,0.8933333333333333,,,,,,"[4.192815035971857, 4.708484073956746]",,"[0.8566666666666667, 0.9266666666666666]",
mquake,paraphrase,new,300,mean,G_PCvsBP,300,300,-0.49494842869541933,,0.04,,,,,,"[-0.6507327480673325, -0.34692943445915536]",,"[0.02, 0.06333333333333334]",
mquake,paraphrase,new,100,0,G_PC,100,100,3.829366411177171,4.192863530532849,0.7,0.0,0.0,7.653956275194211,-0.0,2.8496116465193424,"[3.282494879928945, 4.383473170966801]","[3.8332483410059797, 5.374392693419867]","[0.61, 0.79]","[0.0, 0.0]"
mquake,paraphrase,new,100,0,G_BP,100,100,4.049311706788872,4.63408324654451,0.74,0.0,0.0,7.653956275194211,-0.0,2.782236908475327,"[3.5184553902172477, 4.572786635546656]","[3.895665126289498, 5.589845349736274]","[0.65, 0.82]","[0.0, 0.0]"
mquake,paraphrase,new,100,0,G_PCvsBP,100,100,-0.2199452956117008,0.0,0.03,0.07,-3.91138596991232,0.0,-5.541781099197547,1.6126806689016606,"[-0.5447809935682516, 0.0875795360206201]","[0.0, 0.0]","[0.0, 0.07]","[0.02, 0.12]"
mquake,paraphrase,new,100,1,G_PC,100,100,3.911243728315684,4.63408324654451,0.7,0.0,0.0,7.69672415415529,-0.0,2.8777284450206246,"[3.36136801835253, 4.480542765170961]","[3.8657370943289813, 5.569638177686554]","[0.61, 0.79]","[0.0, 0.0]"
mquake,paraphrase,new,100,1,G_BP,100,100,4.716271877834444,5.455320690460571,0.86,0.0,0.0,7.69672415415529,-0.0,2.389275089621311,"[4.241885979136234, 5.17573289480761]","[4.63408324654451, 5.823166413589718]","[0.79, 0.92]","[0.0, 0.0]"
mquake,paraphrase,new,100,1,G_PCvsBP,100,100,-0.8050281495187599,0.0,0.0,0.16,-5.9358907408988,0.0,-6.505052904031321,1.9463417920962196,"[-1.1989080034891866, -0.4449786100199482]","[0.0, 0.0]","[0.0, 0.0]","[0.09, 0.23]"
mquake,paraphrase,new,100,2,G_PC,100,100,3.773395584134131,4.367544923911251,0.67,0.0,0.0,7.69672415415529,-0.0,2.9491384839475483,"[3.2117233106095653, 4.3580808032686615]","[3.7416627690090456, 5.558935706400852]","[0.58, 0.76]","[0.0, 0.0]"
mquake,paraphrase,new,100,2,G_BP,100,100,4.429671422355139,5.285892744329357,0.81,0.0,0.0,7.69672415415529,-0.0,2.5744928761961394,"[3.9150188075812227, 4.930165489512051]","[4.192859815274583, 5.664932794541141]","[0.73, 0.8802499999999986]","[0.0, 0.0]"
mquake,paraphrase,new,100,2,G_PCvsBP,100,100,-0.6562758382210082,0.0,0.0,0.14,-5.511807187571151,0.0,-6.012980329384299,1.712717291146281,"[-1.0046641155626799, -0.3316746043001827]","[0.0, 0.0]","[0.0, 0.0]","[0.07, 0.21]"
mquake,paraphrase,new,100,mean,G_PC,100,100,3.8380019078756624,,0.74,,,,,,"[3.3010377348543107, 4.385083938356084]",,"[0.66, 0.82]",
mquake,paraphrase,new,100,mean,G_BP,100,100,4.3984183356594855,,0.9,,,,,,"[3.964705956917098, 4.839390782965144]",,"[0.84, 0.95]",
mquake,paraphrase,new,100,mean,G_PCvsBP,100,100,-0.560416427783823,,0.03,,,,,,"[-0.8308365148641061, -0.30701863239544747]",,"[0.0, 0.07]",
mquake,paraphrase,true,300,0,G_PC,300,300,-1.111648642716726,-0.5773969598958022,0.12,0.5866666666666667,-5.064471720056227,1.8102646788438888,-6.757215457635375,2.1428874477212934,"[-1.3549208394479044, -0.871297347734203]","[-0.8024897578709096, -0.1863653133484493]","[0.08333333333333333, 0.15674999999999956]","[0.53, 0.64]"
mquake,paraphrase,true,300,0,G_BP,300,300,-1.0473871932620842,-0.5023171740853474,0.12333333333333334,0.5933333333333334,-4.770258784683607,1.8999854759947732,-6.676726056447162,2.1155027733389633,"[-1.2886490639062254, -0.8103410377433712]","[-0.7326220785580417, -0.1801597356119493]","[0.08666666666666667, 0.16]","[0.5366666666666666, 0.6466666666666666]"
mquake,paraphrase,true,300,0,G_PCvsBP,300,300,-0.06426144945464206,0.0,0.05,0.04666666666666667,0.0,0.003832932981245368,-2.0247090060272583,0.6686053620681693,"[-0.1405754401353555, 0.010340181659937296]","[0.0, 0.0]","[0.02666666666666667, 0.07666666666666666]","[0.023333333333333334, 0.07008333333333289]"
mquake,paraphrase,true,300,1,G_PC,300,300,-1.0996509338930733,-0.6517716934236619,0.13,0.5933333333333334,-4.700628987634314,2.408676193477549,-6.67214514874655,2.17155204467763,"[-1.3554597864280833, -0.860738481534845]","[-0.8708449913463563, -0.22930701952246516]","[0.09333333333333334, 0.17]","[0.5365833333333333, 0.65]"
mquake,paraphrase,true,300,1,G_BP,300,300,-1.210750039408039,-0.897292277962169,0.16333333333333333,0.6966666666666667,-5.064471720056227,2.614027421181291,-6.722433754737723,2.2640708914889585,"[-1.4611742303652333, -0.9520821578353171]","[-1.2024185518804411, -0.65413072429953]","[0.12333333333333334, 0.20666666666666667]","[0.6433333333333333, 0.7466666666666667]"
mquake,paraphrase,true,300,1,G_PCvsBP,300,300,0.11109910551496566,0.0,0.10666666666666667,0.03666666666666667,0.0,1.368419749528067,-1.3476560103584967,0.858804948236323,"[0.017616022988196096, 0.20885574453133848]","[0.0, 0.0]","[0.07333333333333333, 0.14333333333333334]","[0.016666666666666666, 0.06]"
mquake,paraphrase,true,300,2,G_PC,300,300,-1.0888780896607675,-0.5773969598958022,0.12,0.5733333333333334,-4.700628987634314,2.030070932394059,-6.668717977385705,2.1563348076230997,"[-1.3371201037498752, -0.8416504277130978]","[-0.8184366569002464, -0.16768864475594403]","[0.08333333333333333, 0.16]","[0.5166666666666667, 0.6266666666666667]"
mquake,paraphrase,true,300,2,G_BP,300,300,-1.2791789737876544,-0.9531954494520809,0.15,0.6766666666666666,-5.135785367552795,2.4912877688703516,-6.812747305174742,2.2698528244156253,"[-1.5485537769771665, -1.018984003360631]","[-1.2655189769009576, -0.6708975019955896]","[0.11, 0.19333333333333333]","[0.6233333333333333, 0.7266666666666667]"
mquake,paraphrase,true,300,2,G_PCvsBP,300,300,0.19030088412688698,0.0,0.10666666666666667,0.03,0.0,2.1318319254792266,-1.0054353795531266,0.9820049388037241,"[0.08181741037926729, 0.3104120439673087]","[0.0, 0.0]","[0.07333333333333333, 0.14333333333333334]","[0.013333333333333334, 0.05]"
mquake,paraphrase,true,300,mean,G_PC,300,300,-1.1000592220901892,,0.13666666666666666,,,,,,"[-1.3444957696075608, -0.8633483295907878]",,"[0.09991666666666668, 0.17666666666666667]",
mquake,paraphrase,true,300,mean,G_BP,300,300,-1.1791054021525924,,0.16333333333333333,,,,,,"[-1.4184533249522857, -0.938882222995361]",,"[0.12333333333333334, 0.20666666666666667]",
mquake,paraphrase,true,300,mean,G_PCvsBP,300,300,0.07904618006240355,,0.15666666666666668,,,,,,"[0.016631198875496554, 0.14792421596680672]",,"[0.11666666666666667, 0.2]",
mquake,paraphrase,true,100,0,G_PC,100,100,-1.0237157853734846,-0.5591046279821139,0.12,0.58,-4.465324763572604,1.8999854759947714,-6.514915778690816,2.2211598688740293,"[-1.4716300949345558, -0.6097758579297481]","[-0.944956011652395, 0.0]","[0.06, 0.19]","[0.48, 0.67]"
mquake,paraphrase,true,100,0,G_BP,100,100,-1.0613640361183798,-0.6632418612361421,0.12,0.62,-4.465324763572604,2.052778000754124,-6.514915778690816,2.245494003259493,"[-1.5145520322138828, -0.6432149615498772]","[-1.070888945391308, -0.150015355016325]","[0.06, 0.19]","[0.52, 0.71]"
mquake,paraphrase,true,100,0,G_PCvsBP,100,100,0.03764825074489528,0.0,0.07,0.03,0.0,0.31740259966018247,-1.1481053254578921,0.6450751271394664,"[-0.0820355834798358, 0.1693093561412001]","[0.0, 0.0]","[0.02, 0.12]","[0.0, 0.07]"
mquake,paraphrase,true,100,1,G_PC,100,100,-0.9137094957463325,-0.4329920567953245,0.15,0.55,-4.009386874171563,2.6241258696370733,-6.386782445148366,2.2816381218852437,"[-1.3763358476973684, -0.4821404638288136]","[-0.923745879367404, 0.0]","[0.08, 0.22]","[0.45, 0.65]"
mquake,paraphrase,true,100,1,G_BP,100,100,-1.0850940167711165,-0.8027002023559118,0.18,0.68,-4.465324763572604,2.7115675450054777,-6.514915778690816,2.37188368978511,"[-1.5643753106485923, -0.6289051346849643]","[-1.2588640038870125, -0.4587255864020398]","[0.11, 0.26]","[0.58975, 0.77]"
mquake,paraphrase,true,100,1,G_PCvsBP,100,100,0.1713845210247838,0.0,0.13,0.03,0.0,1.2823050642330518,-0.7204886052602374,0.8580877554018521,"[0.01621266518472596, 0.34507652263637406]","[0.0, 0.0]","[0.06, 0.2]","[0.0, 0.07]"
mquake,paraphrase,true,100,2,G_PC,100,100,-0.8805483977084235,-0.19983810084762088,0.14,0.53,-4.009386874171563,2.6241258696370733,-6.386782445148366,2.2770621782145475,"[-1.3340357129588152, -0.4629665896964549]","[-0.8710912681338252, 0.0]","[0.08, 0.21]","[0.43, 0.63]"
mquake,paraphrase,true,100,2,G_BP,100,100,-1.0806933457266432,-0.7494189954101258,0.17,0.64,-4.47099159227968,2.6241258696370733,-6.51590995916574,2.3586103684773967,"[-1.553865452017165, -0.631720505917039]","[-1.2551645122896176, -0.22737362688081797]","[0.1, 0.25]","[0.5497500000000001, 0.73]"
mquake,paraphrase,true,100,2,G_PCvsBP,100,100,0.2001449480182197,0.0,0.11,0.03,0.0,1.3027099022865645,-0.3026431147924266,0.8567763320558246,"[0.04624185887871253, 0.3713613396186968]","[0.0, 0.0]","[0.05, 0.17]","[0.0, 0.07]"
mquake,paraphrase,true,100,mean,G_PC,100,100,-0.9393245596094136,,0.15,,,,,,"[-1.3988386871411087, -0.5233340665929059]",,"[0.08, 0.22]",
mquake,paraphrase,true,100,mean,G_BP,100,100,-1.0757171328720465,,0.18,,,,,,"[-1.5334641161346518, -0.6404571712456406]",,"[0.11, 0.26]",
mquake,paraphrase,true,100,mean,G_PCvsBP,100,100,0.1363925732626329,,0.2,,,,,,"[0.02709385008026954, 0.25202426186743426]",,"[0.12, 0.28]",
mquake,revision,v1,300,0,G_PC,50,50,0.0,0.0,0.0,0.0,0.0,0.0,-0.0,0.0,"[0.0, 0.0]","[0.0, 0.0]","[0.0, 0.0]","[0.0, 0.0]"
mquake,revision,v1,300,0,G_BP,50,50,0.0,0.0,0.0,0.0,0.0,0.0,-0.0,0.0,"[0.0, 0.0]","[0.0, 0.0]","[0.0, 0.0]","[0.0, 0.0]"
mquake,revision,v1,300,0,G_PCvsBP,50,50,0.0,0.0,0.0,0.0,0.0,0.0,-0.0,0.0,"[0.0, 0.0]","[0.0, 0.0]","[0.0, 0.0]","[0.0, 0.0]"
mquake,revision,v1,300,1,G_PC,50,50,0.0,0.0,0.0,0.0,0.0,0.0,-0.0,0.0,"[0.0, 0.0]","[0.0, 0.0]","[0.0, 0.0]","[0.0, 0.0]"
mquake,revision,v1,300,1,G_BP,50,50,0.0,0.0,0.0,0.0,0.0,0.0,-0.0,0.0,"[0.0, 0.0]","[0.0, 0.0]","[0.0, 0.0]","[0.0, 0.0]"
mquake,revision,v1,300,1,G_PCvsBP,50,50,0.0,0.0,0.0,0.0,0.0,0.0,-0.0,0.0,"[0.0, 0.0]","[0.0, 0.0]","[0.0, 0.0]","[0.0, 0.0]"
mquake,revision,v1,300,2,G_PC,50,50,0.0,0.0,0.0,0.0,0.0,0.0,-0.0,0.0,"[0.0, 0.0]","[0.0, 0.0]","[0.0, 0.0]","[0.0, 0.0]"
mquake,revision,v1,300,2,G_BP,50,50,0.0,0.0,0.0,0.0,0.0,0.0,-0.0,0.0,"[0.0, 0.0]","[0.0, 0.0]","[0.0, 0.0]","[0.0, 0.0]"
mquake,revision,v1,300,2,G_PCvsBP,50,50,0.0,0.0,0.0,0.0,0.0,0.0,-0.0,0.0,"[0.0, 0.0]","[0.0, 0.0]","[0.0, 0.0]","[0.0, 0.0]"
mquake,revision,v1,300,mean,G_PC,50,50,0.0,,0.0,,,,,,"[0.0, 0.0]",,"[0.0, 0.0]",
mquake,revision,v1,300,mean,G_BP,50,50,0.0,,0.0,,,,,,"[0.0, 0.0]",,"[0.0, 0.0]",
mquake,revision,v1,300,mean,G_PCvsBP,50,50,0.0,,0.0,,,,,,"[0.0, 0.0]",,"[0.0, 0.0]",
mquake,revision,v1,100,0,G_PC,50,50,0.0,0.0,0.0,0.0,0.0,0.0,-0.0,0.0,"[0.0, 0.0]","[0.0, 0.0]","[0.0, 0.0]","[0.0, 0.0]"
mquake,revision,v1,100,0,G_BP,50,50,0.0,0.0,0.0,0.0,0.0,0.0,-0.0,0.0,"[0.0, 0.0]","[0.0, 0.0]","[0.0, 0.0]","[0.0, 0.0]"
mquake,revision,v1,100,0,G_PCvsBP,50,50,0.0,0.0,0.0,0.0,0.0,0.0,-0.0,0.0,"[0.0, 0.0]","[0.0, 0.0]","[0.0, 0.0]","[0.0, 0.0]"
mquake,revision,v1,100,1,G_PC,50,50,0.0,0.0,0.0,0.0,0.0,0.0,-0.0,0.0,"[0.0, 0.0]","[0.0, 0.0]","[0.0, 0.0]","[0.0, 0.0]"
mquake,revision,v1,100,1,G_BP,50,50,0.0,0.0,0.0,0.0,0.0,0.0,-0.0,0.0,"[0.0, 0.0]","[0.0, 0.0]","[0.0, 0.0]","[0.0, 0.0]"
mquake,revision,v1,100,1,G_PCvsBP,50,50,0.0,0.0,0.0,0.0,0.0,0.0,-0.0,0.0,"[0.0, 0.0]","[0.0, 0.0]","[0.0, 0.0]","[0.0, 0.0]"
mquake,revision,v1,100,2,G_PC,50,50,0.0,0.0,0.0,0.0,0.0,0.0,-0.0,0.0,"[0.0, 0.0]","[0.0, 0.0]","[0.0, 0.0]","[0.0, 0.0]"
mquake,revision,v1,100,2,G_BP,50,50,0.0,0.0,0.0,0.0,0.0,0.0,-0.0,0.0,"[0.0, 0.0]","[0.0, 0.0]","[0.0, 0.0]","[0.0, 0.0]"
mquake,revision,v1,100,2,G_PCvsBP,50,50,0.0,0.0,0.0,0.0,0.0,0.0,-0.0,0.0,"[0.0, 0.0]","[0.0, 0.0]","[0.0, 0.0]","[0.0, 0.0]"
mquake,revision,v1,100,mean,G_PC,50,50,0.0,,0.0,,,,,,"[0.0, 0.0]",,"[0.0, 0.0]",
mquake,revision,v1,100,mean,G_BP,50,50,0.0,,0.0,,,,,,"[0.0, 0.0]",,"[0.0, 0.0]",
mquake,revision,v1,100,mean,G_PCvsBP,50,50,0.0,,0.0,,,,,,"[0.0, 0.0]",,"[0.0, 0.0]",
mquake,revision,v2,300,0,G_PC,50,50,0.0,0.0,0.0,0.0,0.0,0.0,-0.0,0.0,"[0.0, 0.0]","[0.0, 0.0]","[0.0, 0.0]","[0.0, 0.0]"
mquake,revision,v2,300,0,G_BP,50,50,0.0,0.0,0.0,0.0,0.0,0.0,-0.0,0.0,"[0.0, 0.0]","[0.0, 0.0]","[0.0, 0.0]","[0.0, 0.0]"
mquake,revision,v2,300,0,G_PCvsBP,50,50,0.0,0.0,0.0,0.0,0.0,0.0,-0.0,0.0,"[0.0, 0.0]","[0.0, 0.0]","[0.0, 0.0]","[0.0, 0.0]"
mquake,revision,v2,300,1,G_PC,50,50,0.0,0.0,0.0,0.0,0.0,0.0,-0.0,0.0,"[0.0, 0.0]","[0.0, 0.0]","[0.0, 0.0]","[0.0, 0.0]"
mquake,revision,v2,300,1,G_BP,50,50,0.0,0.0,0.0,0.0,0.0,0.0,-0.0,0.0,"[0.0, 0.0]","[0.0, 0.0]","[0.0, 0.0]","[0.0, 0.0]"
mquake,revision,v2,300,1,G_PCvsBP,50,50,0.0,0.0,0.0,0.0,0.0,0.0,-0.0,0.0,"[0.0, 0.0]","[0.0, 0.0]","[0.0, 0.0]","[0.0, 0.0]"
mquake,revision,v2,300,2,G_PC,50,50,0.0,0.0,0.0,0.0,0.0,0.0,-0.0,0.0,"[0.0, 0.0]","[0.0, 0.0]","[0.0, 0.0]","[0.0, 0.0]"
mquake,revision,v2,300,2,G_BP,50,50,0.0,0.0,0.0,0.0,0.0,0.0,-0.0,0.0,"[0.0, 0.0]","[0.0, 0.0]","[0.0, 0.0]","[0.0, 0.0]"
mquake,revision,v2,300,2,G_PCvsBP,50,50,0.0,0.0,0.0,0.0,0.0,0.0,-0.0,0.0,"[0.0, 0.0]","[0.0, 0.0]","[0.0, 0.0]","[0.0, 0.0]"
mquake,revision,v2,300,mean,G_PC,50,50,-1.7763568394002505e-17,,0.0,,,,,,"[-5.329070518200751e-17, 0.0]",,"[0.0, 0.0]",
mquake,revision,v2,300,mean,G_BP,50,50,-1.7763568394002505e-17,,0.0,,,,,,"[-5.329070518200751e-17, 0.0]",,"[0.0, 0.0]",
mquake,revision,v2,300,mean,G_PCvsBP,50,50,0.0,,0.0,,,,,,"[0.0, 0.0]",,"[0.0, 0.0]",
mquake,revision,v2,100,0,G_PC,50,50,0.0,0.0,0.0,0.0,0.0,0.0,-0.0,0.0,"[0.0, 0.0]","[0.0, 0.0]","[0.0, 0.0]","[0.0, 0.0]"
mquake,revision,v2,100,0,G_BP,50,50,0.0,0.0,0.0,0.0,0.0,0.0,-0.0,0.0,"[0.0, 0.0]","[0.0, 0.0]","[0.0, 0.0]","[0.0, 0.0]"
mquake,revision,v2,100,0,G_PCvsBP,50,50,0.0,0.0,0.0,0.0,0.0,0.0,-0.0,0.0,"[0.0, 0.0]","[0.0, 0.0]","[0.0, 0.0]","[0.0, 0.0]"
mquake,revision,v2,100,1,G_PC,50,50,0.0,0.0,0.0,0.0,0.0,0.0,-0.0,0.0,"[0.0, 0.0]","[0.0, 0.0]","[0.0, 0.0]","[0.0, 0.0]"
mquake,revision,v2,100,1,G_BP,50,50,0.0,0.0,0.0,0.0,0.0,0.0,-0.0,0.0,"[0.0, 0.0]","[0.0, 0.0]","[0.0, 0.0]","[0.0, 0.0]"
mquake,revision,v2,100,1,G_PCvsBP,50,50,0.0,0.0,0.0,0.0,0.0,0.0,-0.0,0.0,"[0.0, 0.0]","[0.0, 0.0]","[0.0, 0.0]","[0.0, 0.0]"
mquake,revision,v2,100,2,G_PC,50,50,0.0,0.0,0.0,0.0,0.0,0.0,-0.0,0.0,"[0.0, 0.0]","[0.0, 0.0]","[0.0, 0.0]","[0.0, 0.0]"
mquake,revision,v2,100,2,G_BP,50,50,0.0,0.0,0.0,0.0,0.0,0.0,-0.0,0.0,"[0.0, 0.0]","[0.0, 0.0]","[0.0, 0.0]","[0.0, 0.0]"
mquake,revision,v2,100,2,G_PCvsBP,50,50,0.0,0.0,0.0,0.0,0.0,0.0,-0.0,0.0,"[0.0, 0.0]","[0.0, 0.0]","[0.0, 0.0]","[0.0, 0.0]"
mquake,revision,v2,100,mean,G_PC,50,50,-1.7763568394002505e-17,,0.0,,,,,,"[-5.329070518200751e-17, 0.0]",,"[0.0, 0.0]",
mquake,revision,v2,100,mean,G_BP,50,50,-1.7763568394002505e-17,,0.0,,,,,,"[-5.329070518200751e-17, 0.0]",,"[0.0, 0.0]",
mquake,revision,v2,100,mean,G_PCvsBP,50,50,0.0,,0.0,,,,,,"[0.0, 0.0]",,"[0.0, 0.0]",
mquake,revision_paraphrase,v1,300,0,G_PC,50,50,0.0,0.0,0.0,0.0,0.0,0.0,-0.0,0.0,"[0.0, 0.0]","[0.0, 0.0]","[0.0, 0.0]","[0.0, 0.0]"
mquake,revision_paraphrase,v1,300,0,G_BP,50,50,0.0,0.0,0.0,0.0,0.0,0.0,-0.0,0.0,"[0.0, 0.0]","[0.0, 0.0]","[0.0, 0.0]","[0.0, 0.0]"
mquake,revision_paraphrase,v1,300,0,G_PCvsBP,50,50,0.0,0.0,0.0,0.0,0.0,0.0,-0.0,0.0,"[0.0, 0.0]","[0.0, 0.0]","[0.0, 0.0]","[0.0, 0.0]"
mquake,revision_paraphrase,v1,300,1,G_PC,50,50,-0.07683128213023721,0.0,0.0,0.02,0.0,0.0,-1.280521368837287,0.5432792060154754,"[-0.23049384639071163, 0.0]","[0.0, 0.0]","[0.0, 0.0]","[0.0, 0.06]"
mquake,revision_paraphrase,v1,300,1,G_BP,50,50,-0.07683128213023721,0.0,0.0,0.02,0.0,0.0,-1.280521368837287,0.5432792060154754,"[-0.23049384639071163, 0.0]","[0.0, 0.0]","[0.0, 0.0]","[0.0, 0.06]"
mquake,revision_paraphrase,v1,300,1,G_PCvsBP,50,50,0.0,0.0,0.0,0.0,0.0,0.0,-0.0,0.0,"[0.0, 0.0]","[0.0, 0.0]","[0.0, 0.0]","[0.0, 0.0]"
mquake,revision_paraphrase,v1,300,2,G_PC,50,50,0.0,0.0,0.0,0.0,0.0,0.0,-0.0,0.0,"[0.0, 0.0]","[0.0, 0.0]","[0.0, 0.0]","[0.0, 0.0]"
mquake,revision_paraphrase,v1,300,2,G_BP,50,50,-0.07683128213023721,0.0,0.0,0.02,0.0,0.0,-1.280521368837287,0.5432792060154754,"[-0.23049384639071163, 0.0]","[0.0, 0.0]","[0.0, 0.0]","[0.0, 0.06]"
mquake,revision_paraphrase,v1,300,2,G_PCvsBP,50,50,0.07683128213023721,0.0,0.02,0.0,0.0,0.0,-0.0,0.5432792060154754,"[0.0, 0.23049384639071163]","[0.0, 0.0]","[0.0, 0.06]","[0.0, 0.0]"
mquake,revision_paraphrase,v1,300,mean,G_PC,50,50,-0.025610427376745744,,0.0,,,,,,"[-0.07683128213023722, 0.0]",,"[0.0, 0.0]",
mquake,revision_paraphrase,v1,300,mean,G_BP,50,50,-0.05122085475349149,,0.0,,,,,,"[-0.15366256426047445, 0.0]",,"[0.0, 0.0]",
mquake,revision_paraphrase,v1,300,mean,G_PCvsBP,50,50,0.025610427376745744,,0.02,,,,,,"[0.0, 0.07683128213023722]",,"[0.0, 0.06]",
mquake,revision_paraphrase,v1,100,0,G_PC,50,50,0.0,0.0,0.0,0.0,0.0,0.0,-0.0,0.0,"[0.0, 0.0]","[0.0, 0.0]","[0.0, 0.0]","[0.0, 0.0]"
mquake,revision_paraphrase,v1,100,0,G_BP,50,50,0.0,0.0,0.0,0.0,0.0,0.0,-0.0,0.0,"[0.0, 0.0]","[0.0, 0.0]","[0.0, 0.0]","[0.0, 0.0]"
mquake,revision_paraphrase,v1,100,0,G_PCvsBP,50,50,0.0,0.0,0.0,0.0,0.0,0.0,-0.0,0.0,"[0.0, 0.0]","[0.0, 0.0]","[0.0, 0.0]","[0.0, 0.0]"
mquake,revision_paraphrase,v1,100,1,G_PC,50,50,-0.07683128213023721,0.0,0.0,0.02,0.0,0.0,-1.280521368837287,0.5432792060154754,"[-0.23049384639071163, 0.0]","[0.0, 0.0]","[0.0, 0.0]","[0.0, 0.06]"
mquake,revision_paraphrase,v1,100,1,G_BP,50,50,-0.07683128213023721,0.0,0.0,0.02,0.0,0.0,-1.280521368837287,0.5432792060154754,"[-0.23049384639071163, 0.0]","[0.0, 0.0]","[0.0, 0.0]","[0.0, 0.06]"
mquake,revision_paraphrase,v1,100,1,G_PCvsBP,50,50,0.0,0.0,0.0,0.0,0.0,0.0,-0.0,0.0,"[0.0, 0.0]","[0.0, 0.0]","[0.0, 0.0]","[0.0, 0.0]"
mquake,revision_paraphrase,v1,100,2,G_PC,50,50,0.0,0.0,0.0,0.0,0.0,0.0,-0.0,0.0,"[0.0, 0.0]","[0.0, 0.0]","[0.0, 0.0]","[0.0, 0.0]"
mquake,revision_paraphrase,v1,100,2,G_BP,50,50,-0.09193266566813961,0.0,0.0,0.04,0.0,0.0,-1.5322110944689935,0.5515315132539026,"[-0.2606966134665164, 0.0]","[0.0, 0.0]","[0.0, 0.0]","[0.0, 0.1]"
mquake,revision_paraphrase,v1,100,2,G_PCvsBP,50,50,0.09193266566813961,0.0,0.04,0.0,0.0,0.0,-0.0,0.5515315132539026,"[0.0, 0.2606966134665164]","[0.0, 0.0]","[0.0, 0.1]","[0.0, 0.0]"
mquake,revision_paraphrase,v1,100,mean,G_PC,50,50,-0.025610427376745744,,0.0,,,,,,"[-0.07683128213023722, 0.0]",,"[0.0, 0.0]",
mquake,revision_paraphrase,v1,100,mean,G_BP,50,50,-0.05625464926612562,,0.0,,,,,,"[-0.16373015328574272, 0.0]",,"[0.0, 0.0]",
mquake,revision_paraphrase,v1,100,mean,G_PCvsBP,50,50,0.030644221889379875,,0.04,,,,,,"[0.0, 0.08689887115550549]",,"[0.0, 0.1]",
mquake,revision_paraphrase,v2,300,0,G_PC,50,50,0.0,0.0,0.0,0.0,0.0,0.0,-0.0,0.0,"[0.0, 0.0]","[0.0, 0.0]","[0.0, 0.0]","[0.0, 0.0]"
mquake,revision_paraphrase,v2,300,0,G_BP,50,50,0.0,0.0,0.0,0.0,0.0,0.0,-0.0,0.0,"[0.0, 0.0]","[0.0, 0.0]","[0.0, 0.0]","[0.0, 0.0]"
mquake,revision_paraphrase,v2,300,0,G_PCvsBP,50,50,0.0,0.0,0.0,0.0,0.0,0.0,-0.0,0.0,"[0.0, 0.0]","[0.0, 0.0]","[0.0, 0.0]","[0.0, 0.0]"
mquake,revision_paraphrase,v2,300,1,G_PC,50,50,-0.0187896381889081,0.0,0.0,0.02,0.0,0.0,-0.31316063648180165,0.13286280579418636,"[-0.0563689145667243, 0.0]","[0.0, 0.0]","[0.0, 0.0]","[0.0, 0.06]"
mquake,revision_paraphrase,v2,300,1,G_BP,50,50,-0.0187896381889081,0.0,0.0,0.02,0.0,0.0,-0.31316063648180165,0.13286280579418636,"[-0.0563689145667243, 0.0]","[0.0, 0.0]","[0.0, 0.0]","[0.0, 0.06]"
mquake,revision_paraphrase,v2,300,1,G_PCvsBP,50,50,0.0,0.0,0.0,0.0,0.0,0.0,-0.0,0.0,"[0.0, 0.0]","[0.0, 0.0]","[0.0, 0.0]","[0.0, 0.0]"
mquake,revision_paraphrase,v2,300,2,G_PC,50,50,0.0,0.0,0.0,0.0,0.0,0.0,-0.0,0.0,"[0.0, 0.0]","[0.0, 0.0]","[0.0, 0.0]","[0.0, 0.0]"
mquake,revision_paraphrase,v2,300,2,G_BP,50,50,-0.0187896381889081,0.0,0.0,0.02,0.0,0.0,-0.31316063648180165,0.13286280579418636,"[-0.0563689145667243, 0.0]","[0.0, 0.0]","[0.0, 0.0]","[0.0, 0.06]"
mquake,revision_paraphrase,v2,300,2,G_PCvsBP,50,50,0.0187896381889081,0.0,0.02,0.0,0.0,0.0,-0.0,0.13286280579418636,"[0.0, 0.0563689145667243]","[0.0, 0.0]","[0.0, 0.06]","[0.0, 0.0]"
mquake,revision_paraphrase,v2,300,mean,G_PC,50,50,-0.006263212729636045,,0.0,,,,,,"[-0.01878963818890812, 3.552713678800501e-17]",,"[0.0, 0.0]",
mquake,revision_paraphrase,v2,300,mean,G_BP,50,50,-0.01252642545927209,,0.0,,,,,,"[-0.03757927637781625, 3.552713678800501e-17]",,"[0.0, 0.0]",
mquake,revision_paraphrase,v2,300,mean,G_PCvsBP,50,50,0.006263212729636045,,0.02,,,,,,"[0.0, 0.018789638188908137]",,"[0.0, 0.06]",
mquake,revision_paraphrase,v2,100,0,G_PC,50,50,0.0,0.0,0.0,0.0,0.0,0.0,-0.0,0.0,"[0.0, 0.0]","[0.0, 0.0]","[0.0, 0.0]","[0.0, 0.0]"
mquake,revision_paraphrase,v2,100,0,G_BP,50,50,0.0,0.0,0.0,0.0,0.0,0.0,-0.0,0.0,"[0.0, 0.0]","[0.0, 0.0]","[0.0, 0.0]","[0.0, 0.0]"
mquake,revision_paraphrase,v2,100,0,G_PCvsBP,50,50,0.0,0.0,0.0,0.0,0.0,0.0,-0.0,0.0,"[0.0, 0.0]","[0.0, 0.0]","[0.0, 0.0]","[0.0, 0.0]"
mquake,revision_paraphrase,v2,100,1,G_PC,50,50,-0.0187896381889081,0.0,0.0,0.02,0.0,0.0,-0.31316063648180165,0.13286280579418636,"[-0.0563689145667243, 0.0]","[0.0, 0.0]","[0.0, 0.0]","[0.0, 0.06]"
mquake,revision_paraphrase,v2,100,1,G_BP,50,50,-0.0187896381889081,0.0,0.0,0.02,0.0,0.0,-0.31316063648180165,0.13286280579418636,"[-0.0563689145667243, 0.0]","[0.0, 0.0]","[0.0, 0.0]","[0.0, 0.06]"
mquake,revision_paraphrase,v2,100,1,G_PCvsBP,50,50,0.0,0.0,0.0,0.0,0.0,0.0,-0.0,0.0,"[0.0, 0.0]","[0.0, 0.0]","[0.0, 0.0]","[0.0, 0.0]"
mquake,revision_paraphrase,v2,100,2,G_PC,50,50,0.0,0.0,0.0,0.0,0.0,0.0,-0.0,0.0,"[0.0, 0.0]","[0.0, 0.0]","[0.0, 0.0]","[0.0, 0.0]"
mquake,revision_paraphrase,v2,100,2,G_BP,50,50,-0.08204090277207136,0.0,0.0,0.04,0.0,0.0,-1.3673483795345227,0.4639646571298571,"[-0.227333070127306, 0.0]","[0.0, 0.0]","[0.0, 0.0]","[0.0, 0.1]"
mquake,revision_paraphrase,v2,100,2,G_PCvsBP,50,50,0.08204090277207136,0.0,0.04,0.0,0.0,0.0,-0.0,0.4639646571298571,"[0.0, 0.227333070127306]","[0.0, 0.0]","[0.0, 0.1]","[0.0, 0.0]"
mquake,revision_paraphrase,v2,100,mean,G_PC,50,50,-0.006263212729636045,,0.0,,,,,,"[-0.01878963818890812, 3.552713678800501e-17]",,"[0.0, 0.0]",
mquake,revision_paraphrase,v2,100,mean,G_BP,50,50,-0.03361018032032652,,0.0,,,,,,"[-0.08830411550170743, 0.0]",,"[0.0, 0.0]",
mquake,revision_paraphrase,v2,100,mean,G_PCvsBP,50,50,0.027346967590690472,,0.04,,,,,,"[0.0, 0.07577769004243537]",,"[0.0, 0.1]",
mquake,unseen,new,300,0,G_PC,100,100,0.0,0.0,0.0,0.0,0.0,0.0,-0.0,0.0,"[0.0, 0.0]","[0.0, 0.0]","[0.0, 0.0]","[0.0, 0.0]"
mquake,unseen,new,300,0,G_BP,100,100,0.0,0.0,0.0,0.0,0.0,0.0,-0.0,0.0,"[0.0, 0.0]","[0.0, 0.0]","[0.0, 0.0]","[0.0, 0.0]"
mquake,unseen,new,300,0,G_PCvsBP,100,100,0.0,0.0,0.0,0.0,0.0,0.0,-0.0,0.0,"[0.0, 0.0]","[0.0, 0.0]","[0.0, 0.0]","[0.0, 0.0]"
mquake,unseen,new,300,1,G_PC,100,100,0.0,0.0,0.0,0.0,0.0,0.0,-0.0,0.0,"[0.0, 0.0]","[0.0, 0.0]","[0.0, 0.0]","[0.0, 0.0]"
mquake,unseen,new,300,1,G_BP,100,100,0.0,0.0,0.0,0.0,0.0,0.0,-0.0,0.0,"[0.0, 0.0]","[0.0, 0.0]","[0.0, 0.0]","[0.0, 0.0]"
mquake,unseen,new,300,1,G_PCvsBP,100,100,0.0,0.0,0.0,0.0,0.0,0.0,-0.0,0.0,"[0.0, 0.0]","[0.0, 0.0]","[0.0, 0.0]","[0.0, 0.0]"
mquake,unseen,new,300,2,G_PC,100,100,0.0,0.0,0.0,0.0,0.0,0.0,-0.0,0.0,"[0.0, 0.0]","[0.0, 0.0]","[0.0, 0.0]","[0.0, 0.0]"
mquake,unseen,new,300,2,G_BP,100,100,0.0,0.0,0.0,0.0,0.0,0.0,-0.0,0.0,"[0.0, 0.0]","[0.0, 0.0]","[0.0, 0.0]","[0.0, 0.0]"
mquake,unseen,new,300,2,G_PCvsBP,100,100,0.0,0.0,0.0,0.0,0.0,0.0,-0.0,0.0,"[0.0, 0.0]","[0.0, 0.0]","[0.0, 0.0]","[0.0, 0.0]"
mquake,unseen,new,300,mean,G_PC,100,100,-8.881784197001253e-18,,0.0,,,,,,"[-4.218847493575595e-17, 2.6645352591003756e-17]",,"[0.0, 0.0]",
mquake,unseen,new,300,mean,G_BP,100,100,-8.881784197001253e-18,,0.0,,,,,,"[-4.218847493575595e-17, 2.6645352591003756e-17]",,"[0.0, 0.0]",
mquake,unseen,new,300,mean,G_PCvsBP,100,100,0.0,,0.0,,,,,,"[0.0, 0.0]",,"[0.0, 0.0]",
mquake,unseen,new,100,0,G_PC,100,100,0.0,0.0,0.0,0.0,0.0,0.0,-0.0,0.0,"[0.0, 0.0]","[0.0, 0.0]","[0.0, 0.0]","[0.0, 0.0]"
mquake,unseen,new,100,0,G_BP,100,100,0.0,0.0,0.0,0.0,0.0,0.0,-0.0,0.0,"[0.0, 0.0]","[0.0, 0.0]","[0.0, 0.0]","[0.0, 0.0]"
mquake,unseen,new,100,0,G_PCvsBP,100,100,0.0,0.0,0.0,0.0,0.0,0.0,-0.0,0.0,"[0.0, 0.0]","[0.0, 0.0]","[0.0, 0.0]","[0.0, 0.0]"
mquake,unseen,new,100,1,G_PC,100,100,0.0,0.0,0.0,0.0,0.0,0.0,-0.0,0.0,"[0.0, 0.0]","[0.0, 0.0]","[0.0, 0.0]","[0.0, 0.0]"
mquake,unseen,new,100,1,G_BP,100,100,0.0,0.0,0.0,0.0,0.0,0.0,-0.0,0.0,"[0.0, 0.0]","[0.0, 0.0]","[0.0, 0.0]","[0.0, 0.0]"
mquake,unseen,new,100,1,G_PCvsBP,100,100,0.0,0.0,0.0,0.0,0.0,0.0,-0.0,0.0,"[0.0, 0.0]","[0.0, 0.0]","[0.0, 0.0]","[0.0, 0.0]"
mquake,unseen,new,100,2,G_PC,100,100,0.0,0.0,0.0,0.0,0.0,0.0,-0.0,0.0,"[0.0, 0.0]","[0.0, 0.0]","[0.0, 0.0]","[0.0, 0.0]"
mquake,unseen,new,100,2,G_BP,100,100,0.0,0.0,0.0,0.0,0.0,0.0,-0.0,0.0,"[0.0, 0.0]","[0.0, 0.0]","[0.0, 0.0]","[0.0, 0.0]"
mquake,unseen,new,100,2,G_PCvsBP,100,100,0.0,0.0,0.0,0.0,0.0,0.0,-0.0,0.0,"[0.0, 0.0]","[0.0, 0.0]","[0.0, 0.0]","[0.0, 0.0]"
mquake,unseen,new,100,mean,G_PC,100,100,-8.881784197001253e-18,,0.0,,,,,,"[-4.218847493575595e-17, 2.6645352591003756e-17]",,"[0.0, 0.0]",
mquake,unseen,new,100,mean,G_BP,100,100,-8.881784197001253e-18,,0.0,,,,,,"[-4.218847493575595e-17, 2.6645352591003756e-17]",,"[0.0, 0.0]",
mquake,unseen,new,100,mean,G_PCvsBP,100,100,0.0,,0.0,,,,,,"[0.0, 0.0]",,"[0.0, 0.0]",
zsre,edit,new,300,0,G_PC,300,300,5.994592627335337,5.761488760765588,1.0,0.0,3.3457480533929456,9.700350622297583,2.6620521256886565,1.9714528090621501,"[5.76532862303513, 6.211472276589112]","[5.4403054072629775, 5.927811984914328]","[1.0, 1.0]","[0.0, 0.0]"
zsre,edit,new,300,0,G_BP,300,300,5.994592627335337,5.761488760765588,1.0,0.0,3.3457480533929456,9.700350622297583,2.6620521256886565,1.9714528090621501,"[5.76532862303513, 6.211472276589112]","[5.4403054072629775, 5.927811984914328]","[1.0, 1.0]","[0.0, 0.0]"
zsre,edit,new,300,0,G_PCvsBP,300,300,0.0,0.0,0.0,0.0,0.0,0.0,-0.0,0.0,"[0.0, 0.0]","[0.0, 0.0]","[0.0, 0.0]","[0.0, 0.0]"
zsre,edit,new,300,1,G_PC,300,300,5.994592627335337,5.761488760765588,1.0,0.0,3.3457480533929456,9.700350622297583,2.6620521256886565,1.9714528090621501,"[5.76532862303513, 6.211472276589112]","[5.4403054072629775, 5.927811984914328]","[1.0, 1.0]","[0.0, 0.0]"
zsre,edit,new,300,1,G_BP,300,300,5.994592627335337,5.761488760765588,1.0,0.0,3.3457480533929456,9.700350622297583,2.6620521256886565,1.9714528090621501,"[5.76532862303513, 6.211472276589112]","[5.4403054072629775, 5.927811984914328]","[1.0, 1.0]","[0.0, 0.0]"
zsre,edit,new,300,1,G_PCvsBP,300,300,0.0,0.0,0.0,0.0,0.0,0.0,-0.0,0.0,"[0.0, 0.0]","[0.0, 0.0]","[0.0, 0.0]","[0.0, 0.0]"
zsre,edit,new,300,2,G_PC,300,300,5.994592627335337,5.761488760765588,1.0,0.0,3.3457480533929456,9.700350622297583,2.6620521256886565,1.9714528090621501,"[5.76532862303513, 6.211472276589112]","[5.4403054072629775, 5.927811984914328]","[1.0, 1.0]","[0.0, 0.0]"
zsre,edit,new,300,2,G_BP,300,300,5.994592627335337,5.761488760765588,1.0,0.0,3.3457480533929456,9.700350622297583,2.6620521256886565,1.9714528090621501,"[5.76532862303513, 6.211472276589112]","[5.4403054072629775, 5.927811984914328]","[1.0, 1.0]","[0.0, 0.0]"
zsre,edit,new,300,2,G_PCvsBP,300,300,0.0,0.0,0.0,0.0,0.0,0.0,-0.0,0.0,"[0.0, 0.0]","[0.0, 0.0]","[0.0, 0.0]","[0.0, 0.0]"
zsre,edit,new,300,mean,G_PC,300,300,5.994592627335337,,1.0,,,,,,"[5.76532862303513, 6.211472276589112]",,"[1.0, 1.0]",
zsre,edit,new,300,mean,G_BP,300,300,5.994592627335337,,1.0,,,,,,"[5.76532862303513, 6.211472276589112]",,"[1.0, 1.0]",
zsre,edit,new,300,mean,G_PCvsBP,300,300,0.0,,0.0,,,,,,"[0.0, 0.0]",,"[0.0, 0.0]",
zsre,edit,new,100,0,G_PC,100,100,6.153172027964408,5.972994863418455,1.0,0.0,3.59047010321013,9.722066192529319,2.7634155221684913,2.0746598208719607,"[5.759530500338516, 6.556922240728877]","[5.389130826794819, 6.300877341436699]","[1.0, 1.0]","[0.0, 0.0]"
zsre,edit,new,100,0,G_BP,100,100,6.153172027964408,5.972994863418455,1.0,0.0,3.59047010321013,9.722066192529319,2.7634155221684913,2.0746598208719607,"[5.759530500338516, 6.556922240728877]","[5.389130826794819, 6.300877341436699]","[1.0, 1.0]","[0.0, 0.0]"
zsre,edit,new,100,0,G_PCvsBP,100,100,0.0,0.0,0.0,0.0,0.0,0.0,-0.0,0.0,"[0.0, 0.0]","[0.0, 0.0]","[0.0, 0.0]","[0.0, 0.0]"
zsre,edit,new,100,1,G_PC,100,100,6.153172027964408,5.972994863418455,1.0,0.0,3.59047010321013,9.722066192529319,2.7634155221684913,2.0746598208719607,"[5.759530500338516, 6.556922240728877]","[5.389130826794819, 6.300877341436699]","[1.0, 1.0]","[0.0, 0.0]"
zsre,edit,new,100,1,G_BP,100,100,6.153172027964408,5.972994863418455,1.0,0.0,3.59047010321013,9.722066192529319,2.7634155221684913,2.0746598208719607,"[5.759530500338516, 6.556922240728877]","[5.389130826794819, 6.300877341436699]","[1.0, 1.0]","[0.0, 0.0]"
zsre,edit,new,100,1,G_PCvsBP,100,100,0.0,0.0,0.0,0.0,0.0,0.0,-0.0,0.0,"[0.0, 0.0]","[0.0, 0.0]","[0.0, 0.0]","[0.0, 0.0]"
zsre,edit,new,100,2,G_PC,100,100,6.153172027964408,5.972994863418455,1.0,0.0,3.59047010321013,9.722066192529319,2.7634155221684913,2.0746598208719607,"[5.759530500338516, 6.556922240728877]","[5.389130826794819, 6.300877341436699]","[1.0, 1.0]","[0.0, 0.0]"
zsre,edit,new,100,2,G_BP,100,100,6.153172027964408,5.972994863418455,1.0,0.0,3.59047010321013,9.722066192529319,2.7634155221684913,2.0746598208719607,"[5.759530500338516, 6.556922240728877]","[5.389130826794819, 6.300877341436699]","[1.0, 1.0]","[0.0, 0.0]"
zsre,edit,new,100,2,G_PCvsBP,100,100,0.0,0.0,0.0,0.0,0.0,0.0,-0.0,0.0,"[0.0, 0.0]","[0.0, 0.0]","[0.0, 0.0]","[0.0, 0.0]"
zsre,edit,new,100,mean,G_PC,100,100,6.153172027964408,,1.0,,,,,,"[5.759530500338516, 6.556922240728877]",,"[1.0, 1.0]",
zsre,edit,new,100,mean,G_BP,100,100,6.153172027964408,,1.0,,,,,,"[5.759530500338516, 6.556922240728877]",,"[1.0, 1.0]",
zsre,edit,new,100,mean,G_PCvsBP,100,100,0.0,,0.0,,,,,,"[0.0, 0.0]",,"[0.0, 0.0]",
zsre,locality,true,300,0,G_PC,50,50,0.0,0.0,0.0,0.0,0.0,0.0,-0.0,0.0,"[0.0, 0.0]","[0.0, 0.0]","[0.0, 0.0]","[0.0, 0.0]"
zsre,locality,true,300,0,G_BP,50,50,0.0,0.0,0.0,0.0,0.0,0.0,-0.0,0.0,"[0.0, 0.0]","[0.0, 0.0]","[0.0, 0.0]","[0.0, 0.0]"
zsre,locality,true,300,0,G_PCvsBP,50,50,0.0,0.0,0.0,0.0,0.0,0.0,-0.0,0.0,"[0.0, 0.0]","[0.0, 0.0]","[0.0, 0.0]","[0.0, 0.0]"
zsre,locality,true,300,1,G_PC,50,50,0.0,0.0,0.0,0.0,0.0,0.0,-0.0,0.0,"[0.0, 0.0]","[0.0, 0.0]","[0.0, 0.0]","[0.0, 0.0]"
zsre,locality,true,300,1,G_BP,50,50,0.0,0.0,0.0,0.0,0.0,0.0,-0.0,0.0,"[0.0, 0.0]","[0.0, 0.0]","[0.0, 0.0]","[0.0, 0.0]"
zsre,locality,true,300,1,G_PCvsBP,50,50,0.0,0.0,0.0,0.0,0.0,0.0,-0.0,0.0,"[0.0, 0.0]","[0.0, 0.0]","[0.0, 0.0]","[0.0, 0.0]"
zsre,locality,true,300,2,G_PC,50,50,0.0,0.0,0.0,0.0,0.0,0.0,-0.0,0.0,"[0.0, 0.0]","[0.0, 0.0]","[0.0, 0.0]","[0.0, 0.0]"
zsre,locality,true,300,2,G_BP,50,50,0.0,0.0,0.0,0.0,0.0,0.0,-0.0,0.0,"[0.0, 0.0]","[0.0, 0.0]","[0.0, 0.0]","[0.0, 0.0]"
zsre,locality,true,300,2,G_PCvsBP,50,50,0.0,0.0,0.0,0.0,0.0,0.0,-0.0,0.0,"[0.0, 0.0]","[0.0, 0.0]","[0.0, 0.0]","[0.0, 0.0]"
zsre,locality,true,300,mean,G_PC,50,50,0.0,,0.0,,,,,,"[-5.329070518200751e-17, 5.329070518200751e-17]",,"[0.0, 0.0]",
zsre,locality,true,300,mean,G_BP,50,50,0.0,,0.0,,,,,,"[-5.329070518200751e-17, 5.329070518200751e-17]",,"[0.0, 0.0]",
zsre,locality,true,300,mean,G_PCvsBP,50,50,0.0,,0.0,,,,,,"[0.0, 0.0]",,"[0.0, 0.0]",
zsre,locality,true,100,0,G_PC,50,50,0.0,0.0,0.0,0.0,0.0,0.0,-0.0,0.0,"[0.0, 0.0]","[0.0, 0.0]","[0.0, 0.0]","[0.0, 0.0]"
zsre,locality,true,100,0,G_BP,50,50,0.0,0.0,0.0,0.0,0.0,0.0,-0.0,0.0,"[0.0, 0.0]","[0.0, 0.0]","[0.0, 0.0]","[0.0, 0.0]"
zsre,locality,true,100,0,G_PCvsBP,50,50,0.0,0.0,0.0,0.0,0.0,0.0,-0.0,0.0,"[0.0, 0.0]","[0.0, 0.0]","[0.0, 0.0]","[0.0, 0.0]"
zsre,locality,true,100,1,G_PC,50,50,0.0,0.0,0.0,0.0,0.0,0.0,-0.0,0.0,"[0.0, 0.0]","[0.0, 0.0]","[0.0, 0.0]","[0.0, 0.0]"
zsre,locality,true,100,1,G_BP,50,50,0.0,0.0,0.0,0.0,0.0,0.0,-0.0,0.0,"[0.0, 0.0]","[0.0, 0.0]","[0.0, 0.0]","[0.0, 0.0]"
zsre,locality,true,100,1,G_PCvsBP,50,50,0.0,0.0,0.0,0.0,0.0,0.0,-0.0,0.0,"[0.0, 0.0]","[0.0, 0.0]","[0.0, 0.0]","[0.0, 0.0]"
zsre,locality,true,100,2,G_PC,50,50,0.0,0.0,0.0,0.0,0.0,0.0,-0.0,0.0,"[0.0, 0.0]","[0.0, 0.0]","[0.0, 0.0]","[0.0, 0.0]"
zsre,locality,true,100,2,G_BP,50,50,0.0,0.0,0.0,0.0,0.0,0.0,-0.0,0.0,"[0.0, 0.0]","[0.0, 0.0]","[0.0, 0.0]","[0.0, 0.0]"
zsre,locality,true,100,2,G_PCvsBP,50,50,0.0,0.0,0.0,0.0,0.0,0.0,-0.0,0.0,"[0.0, 0.0]","[0.0, 0.0]","[0.0, 0.0]","[0.0, 0.0]"
zsre,locality,true,100,mean,G_PC,50,50,0.0,,0.0,,,,,,"[-5.329070518200751e-17, 5.329070518200751e-17]",,"[0.0, 0.0]",
zsre,locality,true,100,mean,G_BP,50,50,0.0,,0.0,,,,,,"[-5.329070518200751e-17, 5.329070518200751e-17]",,"[0.0, 0.0]",
zsre,locality,true,100,mean,G_PCvsBP,50,50,0.0,,0.0,,,,,,"[0.0, 0.0]",,"[0.0, 0.0]",
zsre,locality_item,true,300,0,G_PC,296,296,8.583783533816353e-11,0.0,0.0,0.0,0.0,0.0,-5.8421873057786415e-08,4.890146766803126e-08,"[-5.2619112497014706e-09, 6.0949633785571286e-09]","[0.0, 0.0]","[0.0, 0.0]","[0.0, 0.0]"
zsre,locality_item,true,300,0,G_BP,296,296,8.583783533816353e-11,0.0,0.0,0.0,0.0,0.0,-5.8421873057786415e-08,4.890146766803126e-08,"[-5.2619112497014706e-09, 6.0949633785571286e-09]","[0.0, 0.0]","[0.0, 0.0]","[0.0, 0.0]"
zsre,locality_item,true,300,0,G_PCvsBP,296,296,0.0,0.0,0.0,0.0,0.0,0.0,-0.0,0.0,"[0.0, 0.0]","[0.0, 0.0]","[0.0, 0.0]","[0.0, 0.0]"
zsre,locality_item,true,300,1,G_PC,296,296,8.583783533816353e-11,0.0,0.0,0.0,0.0,0.0,-5.8421873057786415e-08,4.890146766803126e-08,"[-5.2619112497014706e-09, 6.0949633785571286e-09]","[0.0, 0.0]","[0.0, 0.0]","[0.0, 0.0]"
zsre,locality_item,true,300,1,G_BP,296,296,8.583783533816353e-11,0.0,0.0,0.0,0.0,0.0,-5.8421873057786415e-08,4.890146766803126e-08,"[-5.2619112497014706e-09, 6.0949633785571286e-09]","[0.0, 0.0]","[0.0, 0.0]","[0.0, 0.0]"
zsre,locality_item,true,300,1,G_PCvsBP,296,296,0.0,0.0,0.0,0.0,0.0,0.0,-0.0,0.0,"[0.0, 0.0]","[0.0, 0.0]","[0.0, 0.0]","[0.0, 0.0]"
zsre,locality_item,true,300,2,G_PC,296,296,8.583783533816353e-11,0.0,0.0,0.0,0.0,0.0,-5.8421873057786415e-08,4.890146766803126e-08,"[-5.2619112497014706e-09, 6.0949633785571286e-09]","[0.0, 0.0]","[0.0, 0.0]","[0.0, 0.0]"
zsre,locality_item,true,300,2,G_BP,296,296,8.583783533816353e-11,0.0,0.0,0.0,0.0,0.0,-5.8421873057786415e-08,4.890146766803126e-08,"[-5.2619112497014706e-09, 6.0949633785571286e-09]","[0.0, 0.0]","[0.0, 0.0]","[0.0, 0.0]"
zsre,locality_item,true,300,2,G_PCvsBP,296,296,0.0,0.0,0.0,0.0,0.0,0.0,-0.0,0.0,"[0.0, 0.0]","[0.0, 0.0]","[0.0, 0.0]","[0.0, 0.0]"
zsre,locality_item,true,300,mean,G_PC,296,296,8.583782183545106e-11,,0.0,,,,,,"[-5.2619112544649275e-09, 6.094963373981209e-09]",,"[0.0, 0.0]",
zsre,locality_item,true,300,mean,G_BP,296,296,8.583782183545106e-11,,0.0,,,,,,"[-5.2619112544649275e-09, 6.094963373981209e-09]",,"[0.0, 0.0]",
zsre,locality_item,true,300,mean,G_PCvsBP,296,296,0.0,,0.0,,,,,,"[0.0, 0.0]",,"[0.0, 0.0]",
zsre,locality_item,true,100,0,G_PC,99,99,2.1409689285183093e-09,0.0,0.0,0.0,0.0,0.0,-0.0,2.130237187111339e-08,"[0.0, 6.422906785554928e-09]","[0.0, 0.0]","[0.0, 0.0]","[0.0, 0.0]"
zsre,locality_item,true,100,0,G_BP,99,99,2.1409689285183093e-09,0.0,0.0,0.0,0.0,0.0,-0.0,2.130237187111339e-08,"[0.0, 6.422906785554928e-09]","[0.0, 0.0]","[0.0, 0.0]","[0.0, 0.0]"
zsre,locality_item,true,100,0,G_PCvsBP,99,99,0.0,0.0,0.0,0.0,0.0,0.0,-0.0,0.0,"[0.0, 0.0]","[0.0, 0.0]","[0.0, 0.0]","[0.0, 0.0]"
zsre,locality_item,true,100,1,G_PC,99,99,2.1409689285183093e-09,0.0,0.0,0.0,0.0,0.0,-0.0,2.130237187111339e-08,"[0.0, 6.422906785554928e-09]","[0.0, 0.0]","[0.0, 0.0]","[0.0, 0.0]"
zsre,locality_item,true,100,1,G_BP,99,99,2.1409689285183093e-09,0.0,0.0,0.0,0.0,0.0,-0.0,2.130237187111339e-08,"[0.0, 6.422906785554928e-09]","[0.0, 0.0]","[0.0, 0.0]","[0.0, 0.0]"
zsre,locality_item,true,100,1,G_PCvsBP,99,99,0.0,0.0,0.0,0.0,0.0,0.0,-0.0,0.0,"[0.0, 0.0]","[0.0, 0.0]","[0.0, 0.0]","[0.0, 0.0]"
zsre,locality_item,true,100,2,G_PC,99,99,2.1409689285183093e-09,0.0,0.0,0.0,0.0,0.0,-0.0,2.130237187111339e-08,"[0.0, 6.422906785554928e-09]","[0.0, 0.0]","[0.0, 0.0]","[0.0, 0.0]"
zsre,locality_item,true,100,2,G_BP,99,99,2.1409689285183093e-09,0.0,0.0,0.0,0.0,0.0,-0.0,2.130237187111339e-08,"[0.0, 6.422906785554928e-09]","[0.0, 0.0]","[0.0, 0.0]","[0.0, 0.0]"
zsre,locality_item,true,100,2,G_PCvsBP,99,99,0.0,0.0,0.0,0.0,0.0,0.0,-0.0,0.0,"[0.0, 0.0]","[0.0, 0.0]","[0.0, 0.0]","[0.0, 0.0]"
zsre,locality_item,true,100,mean,G_PC,99,99,2.1409689060895614e-09,,0.0,,,,,,"[-5.3828995133340925e-17, 6.4229067766955725e-09]",,"[0.0, 0.0]",
zsre,locality_item,true,100,mean,G_BP,99,99,2.1409689060895614e-09,,0.0,,,,,,"[-5.3828995133340925e-17, 6.4229067766955725e-09]",,"[0.0, 0.0]",
zsre,locality_item,true,100,mean,G_PCvsBP,99,99,0.0,,0.0,,,,,,"[0.0, 0.0]",,"[0.0, 0.0]",
zsre,near_miss_edit,new,300,0,G_PC,100,100,-0.13064190786425534,0.0,0.01,0.05,-0.038323524502645374,0.0,-2.7166900466429813,0.8610094773869119,"[-0.30488283130721255, 0.021747886811637498]","[0.0, 0.0]","[0.0, 0.03]","[0.01, 0.1]"
zsre,near_miss_edit,new,300,0,G_BP,100,100,-0.23332638279343612,0.0,0.03,0.1,-3.334870863903968,0.0,-4.09921523295172,1.2546160809575417,"[-0.4875573563393113, 0.0007851427815531785]","[0.0, 0.0]","[0.0, 0.07]","[0.05, 0.16]"
zsre,near_miss_edit,new,300,0,G_PCvsBP,100,100,0.10268447492918079,0.0,0.05,0.02,0.0,0.12780279993940216,-1.1576889720085421,0.9272674856086296,"[-0.06789936761368269, 0.28936755820756754]","[0.0, 0.0]","[0.01, 0.1]","[0.0, 0.05]"
zsre,near_miss_edit,new,300,1,G_PC,100,100,-0.20776582280555422,0.0,0.03,0.09,-3.334870863903968,0.0,-4.09921523295172,1.232662076373149,"[-0.45055076618512946, 0.022502567947583547]","[0.0, 0.0]","[0.0, 0.07]","[0.04, 0.15]"
zsre,near_miss_edit,new,300,1,G_BP,100,100,-0.20724681873187478,0.0,0.06,0.13,-3.5700484750610024,0.9233894036190384,-4.515609083062972,1.6698620520086573,"[-0.5341556798589497, 0.11733744330356245]","[0.0, 0.0]","[0.02, 0.11]","[0.07, 0.2]"
zsre,near_miss_edit,new,300,1,G_PCvsBP,100,100,-0.0005190040736794543,0.0,0.04,0.03,0.0,0.0,-2.0586247821323442,1.1263949738803505,"[-0.24685564028775528, 0.20605336905455404]","[0.0, 0.0]","[0.01, 0.08]","[0.0, 0.07]"
zsre,near_miss_edit,new,300,2,G_PC,100,100,-0.24855825600870105,0.0,0.02,0.09,-3.334870863903968,0.0,-4.09921523295172,1.1543700045872851,"[-0.4765095220758427, -0.036695721401637245]","[0.0, 0.0]","[0.0, 0.05]","[0.04, 0.15]"
zsre,near_miss_edit,new,300,2,G_BP,100,100,-0.2069736927012032,0.0,0.04,0.11,-3.334870863903968,0.0,-4.09921523295172,1.3167776868906373,"[-0.46556409376657554, 0.047053182979872224]","[0.0, 0.0]","[0.01, 0.08]","[0.05, 0.17]"
zsre,near_miss_edit,new,300,2,G_PCvsBP,100,100,-0.041584563307497886,0.0,0.02,0.02,0.0,0.0,-1.2937392129419265,0.6168080611404775,"[-0.18239352574961523, 0.07192903622951655]","[0.0, 0.0]","[0.0, 0.05]","[0.0, 0.05]"
zsre,near_miss_edit,new,300,mean,G_PC,100,100,-0.19565532889283685,,0.03,,,,,,"[-0.39205682175147255, -0.010919214444156564]",,"[0.0, 0.07]",
zsre,near_miss_edit,new,300,mean,G_BP,100,100,-0.21584896474217133,,0.06,,,,,,"[-0.48467599371145015, 0.03909058378502712]",,"[0.02, 0.11]",
zsre,near_miss_edit,new,300,mean,G_PCvsBP,100,100,0.020193635849334483,,0.08,,,,,,"[-0.111725135129547, 0.13911403000253805]",,"[0.03, 0.14]",
zsre,near_miss_edit,new,100,0,G_PC,100,100,0.0,0.0,0.0,0.0,0.0,0.0,-0.0,0.0,"[0.0, 0.0]","[0.0, 0.0]","[0.0, 0.0]","[0.0, 0.0]"
zsre,near_miss_edit,new,100,0,G_BP,100,100,-0.003045489224727227,0.0,0.01,0.01,0.0,0.0,-0.6746437051715208,0.5541091281767024,"[-0.12143586693087376, 0.11229939925669206]","[0.0, 0.0]","[0.0, 0.03]","[0.0, 0.03]"
zsre,near_miss_edit,new,100,0,G_PCvsBP,100,100,0.003045489224727227,0.0,0.01,0.01,0.0,0.0,-0.623885551426067,0.5541091281767024,"[-0.11229939925669206, 0.12143586693087376]","[0.0, 0.0]","[0.0, 0.03]","[0.0, 0.03]"
zsre,near_miss_edit,new,100,1,G_PC,100,100,-0.01135819344428377,0.0,0.01,0.01,0.0,0.0,-0.8131887754974633,0.617958753777109,"[-0.14637397958954337, 0.11229939925669206]","[0.0, 0.0]","[0.0, 0.03]","[0.0, 0.03]"
zsre,near_miss_edit,new,100,1,G_BP,100,100,-0.023905056325389057,0.0,0.05,0.08,-1.5687439197625797,0.10494683456817284,-3.4902664691369716,1.335025713253321,"[-0.2755835203946847, 0.24346858172459454]","[0.0, 0.0]","[0.01, 0.1]","[0.03, 0.14]"
zsre,near_miss_edit,new,100,1,G_PCvsBP,100,100,0.012546862881105287,0.0,0.07,0.04,0.0,0.4810249596351242,-2.542456444342657,1.1835153281867443,"[-0.2333554789548137, 0.23126394758860536]","[0.0, 0.0]","[0.02, 0.12024999999999864]","[0.01, 0.08]"
zsre,near_miss_edit,new,100,2,G_PC,100,100,0.0,0.0,0.0,0.0,0.0,0.0,-0.0,0.0,"[0.0, 0.0]","[0.0, 0.0]","[0.0, 0.0]","[0.0, 0.0]"
zsre,near_miss_edit,new,100,2,G_BP,100,100,0.050037961883753146,0.0,0.03,0.01,0.0,0.0,-0.6746437051715208,0.6693233754611885,"[-0.0809572446205825, 0.18582726894075663]","[0.0, 0.0]","[0.0, 0.07]","[0.0, 0.03]"
zsre,near_miss_edit,new,100,2,G_PCvsBP,100,100,-0.050037961883753146,0.0,0.01,0.03,0.0,0.0,-1.5086097365674067,0.6693233754611885,"[-0.18582726894075663, 0.0809572446205825]","[0.0, 0.0]","[0.0, 0.03]","[0.0, 0.07]"
zsre,near_miss_edit,new,100,mean,G_PC,100,100,-0.0037860644814279223,,0.01,,,,,,"[-0.048791326529847794, 0.03743313308556402]",,"[0.0, 0.03]",
zsre,near_miss_edit,new,100,mean,G_BP,100,100,0.0076958054445456095,,0.05,,,,,,"[-0.1368185105084491, 0.14707510294087572]",,"[0.01, 0.1]",
zsre,near_miss_edit,new,100,mean,G_PCvsBP,100,100,-0.011481869925973531,,0.07,,,,,,"[-0.1350122680598623, 0.12001655634472763]",,"[0.02, 0.12024999999999864]",
zsre,near_miss_neighbour,true,300,0,G_PC,100,100,-0.07413647353862671,0.0,0.01,0.02,0.0,0.0,-1.78781977136291,0.8952269085779047,"[-0.2854066604431511, 0.06961739741860697]","[0.0, 0.0]","[0.0, 0.03]","[0.0, 0.05]"
zsre,near_miss_neighbour,true,300,0,G_BP,100,100,-0.21786611189586474,0.0,0.01,0.07,-1.4281385421129056,0.0,-4.11362716480924,1.1768295475386639,"[-0.4646863912616802, -0.020672390920849864]","[0.0, 0.0]","[0.0, 0.03]","[0.02, 0.12]"
zsre,near_miss_neighbour,true,300,0,G_PCvsBP,100,100,0.143729638357238,0.0,0.05,0.0,0.0,0.020905973752289697,-0.0,0.7778322749786644,"[0.018169022861403913, 0.3191046680191205]","[0.0, 0.0]","[0.01, 0.1]","[0.0, 0.0]"
zsre,near_miss_neighbour,true,300,1,G_PC,100,100,-0.17265330594272307,0.0,0.01,0.07,-0.7333955424537402,0.0,-3.360080398923546,1.057925851933596,"[-0.40190586404396267, 0.007649683587962952]","[0.0, 0.0]","[0.0, 0.03]","[0.02, 0.12]"
zsre,near_miss_neighbour,true,300,1,G_BP,100,100,-0.1867879511460118,0.0,0.07,0.14,-3.015455905091245,2.29038955077261,-4.994362096424665,1.6532257479954415,"[-0.5252644868227593, 0.1325259446589328]","[0.0, 0.0]","[0.03, 0.13]","[0.07, 0.21]"
zsre,near_miss_neighbour,true,300,1,G_PCvsBP,100,100,0.014134645203288713,0.0,0.07,0.06,-0.9943258881456605,1.4613357652751675,-3.314231436862119,1.2723515052705359,"[-0.23416447669347165, 0.25165803207152765]","[0.0, 0.0]","[0.03, 0.12]","[0.02, 0.11]"
zsre,near_miss_neighbour,true,300,2,G_PC,100,100,-0.13179818902166626,0.0,0.01,0.06,-0.4316480601932137,0.0,-2.748848362746902,0.9529038601856907,"[-0.3440639671536081, 0.030347687280907108]","[0.0, 0.0]","[0.0, 0.03]","[0.02, 0.11]"
zsre,near_miss_neighbour,true,300,2,G_BP,100,100,-0.16640354744909522,0.0,0.05,0.11,-2.6886937992918845,0.04644851112380473,-4.616055168993326,1.4903568545247887,"[-0.47500137121566105, 0.11264526320960735]","[0.0, 0.0]","[0.01, 0.1]","[0.05, 0.17]"
zsre,near_miss_neighbour,true,300,2,G_PCvsBP,100,100,0.03460535842742898,0.0,0.05,0.04,0.0,0.0699391405547247,-2.3028290595874594,1.1499355521439967,"[-0.17758403259965402, 0.2641615481750196]","[0.0, 0.0]","[0.01, 0.1]","[0.01, 0.08]"
zsre,near_miss_neighbour,true,300,mean,G_PC,100,100,-0.1261959895010053,,0.01,,,,,,"[-0.3315121854133666, 0.02771240523995191]",,"[0.0, 0.03]",
zsre,near_miss_neighbour,true,300,mean,G_BP,100,100,-0.19035253683032388,,0.07,,,,,,"[-0.47382196058014, 0.060830287731897865]",,"[0.03, 0.13]",
zsre,near_miss_neighbour,true,300,mean,G_PCvsBP,100,100,0.06415654732931858,,0.11,,,,,,"[-0.10887864420547326, 0.246094074212461]",,"[0.05, 0.17]",
zsre,near_miss_neighbour,true,100,0,G_PC,100,100,1.3025021399215576e-08,0.0,0.0,0.0,0.0,0.0,-0.0,1.3025021399215573e-07,"[0.0, 3.9075064197646726e-08]","[0.0, 0.0]","[0.0, 0.0]","[0.0, 0.0]"
zsre,near_miss_neighbour,true,100,0,G_BP,100,100,-0.028123704117357384,0.0,0.01,0.02,0.0,0.0,-1.5670830410721583,0.942837488562517,"[-0.19754890353923565, 0.15544080643871647]","[0.0, 0.0]","[0.0, 0.03]","[0.0, 0.05]"
zsre,near_miss_neighbour,true,100,0,G_PCvsBP,100,100,0.028123717142378782,0.0,0.02,0.01,0.0,0.0,-1.0983544220325119,0.9428374881700626,"[-0.15544078038867368, 0.19754891623863152]","[0.0, 0.0]","[0.0, 0.05]","[0.0, 0.03]"
zsre,near_miss_neighbour,true,100,1,G_PC,100,100,0.014139311459821098,0.0,0.01,0.01,0.0,0.0,-0.8626994481191836,0.8420920788549358,"[-0.15528584888699298, 0.19770380899087356]","[0.0, 0.0]","[0.0, 0.03]","[0.0, 0.03]"
zsre,near_miss_neighbour,true,100,1,G_BP,100,100,-0.1298821038824007,0.0,0.02,0.08,-2.1610527839109093,0.0,-3.903217221984858,1.3209675434959631,"[-0.3881288066044749, 0.1252710626586765]","[0.0, 0.0]","[0.0, 0.05]","[0.03, 0.14]"
zsre,near_miss_neighbour,true,100,1,G_PCvsBP,100,100,0.14402141534222182,0.0,0.07,0.01,0.0,0.6979352072811841,-0.8105734912080571,1.0157373261543323,"[-0.04306488532537291, 0.35048603240206605]","[0.0, 0.0]","[0.03, 0.12]","[0.0, 0.03]"
zsre,near_miss_neighbour,true,100,2,G_PC,100,100,0.06590127834697211,0.0,0.01,0.0,0.0,0.0,-0.0,0.6590126519038613,"[0.0, 0.19770383504091632]","[0.0, 0.0]","[0.0, 0.03]","[0.0, 0.0]"
zsre,near_miss_neighbour,true,100,2,G_BP,100,100,-0.008871087074197507,0.0,0.02,0.03,0.0,0.0,-2.056779581560884,1.1026253803955892,"[-0.20455052151073175, 0.21382886861936584]","[0.0, 0.0]","[0.0, 0.05]","[0.0, 0.07]"
zsre,near_miss_neighbour,true,100,2,G_PCvsBP,100,100,0.07477236542116962,0.0,0.03,0.01,0.0,0.0,-0.8105734912080571,0.8783679854295909,"[-0.09726881894496685, 0.2468135497873061]","[0.0, 0.0]","[0.0, 0.07]","[0.0, 0.03]"
zsre,near_miss_neighbour,true,100,mean,G_PC,100,100,0.026680200943938245,,0.01,,,,,,"[-0.051761915112690876, 0.13180255669394428]",,"[0.0, 0.03]",
zsre,near_miss_neighbour,true,100,mean,G_BP,100,100,-0.05562563169131849,,0.02,,,,,,"[-0.2429614971127762, 0.15521178533302682]",,"[0.0, 0.05]",
zsre,near_miss_neighbour,true,100,mean,G_PCvsBP,100,100,0.08230583263525673,,0.08,,,,,,"[-0.05651847605011756, 0.22394257507334264]",,"[0.03, 0.14]",
zsre,paraphrase,new,300,0,G_PC,300,300,5.777939668102049,5.599548098212213,0.9466666666666667,0.0,0.0,10.793570005064215,-0.0,2.44991292465567,"[5.486257248236097, 6.047506712876005]","[5.354032502091251, 5.931035475432571]","[0.92, 0.97]","[0.0, 0.0]"
zsre,paraphrase,new,300,0,G_BP,300,300,5.937162501588882,5.695114124995569,0.9733333333333334,0.0033333333333333335,2.8867105442822725,10.793570005064215,1.1139799152669518,2.2763874197840597,"[5.665604267456784, 6.189865914170148]","[5.462403611521424, 5.988221164018748]","[0.9533333333333334, 0.99]","[0.0, 0.01]"
zsre,paraphrase,new,300,0,G_PCvsBP,300,300,-0.15922283348683394,0.0,0.0033333333333333335,0.02666666666666667,0.0,0.0,-3.0823977415863917,1.0129066639014663,"[-0.28171230077194415, -0.05455633761827072]","[0.0, 0.0]","[0.0, 0.01]","[0.01, 0.04666666666666667]"
zsre,paraphrase,new,300,1,G_PC,300,300,5.929613182187826,5.698560638783084,0.97,0.0033333333333333335,2.8533535173386144,10.793570005064215,0.9334800608898175,2.2970166485921992,"[5.653851410613183, 6.189930861108686]","[5.468077931552051, 6.007196993745216]","[0.95, 0.9866666666666667]","[0.0, 0.01]"
zsre,paraphrase,new,300,1,G_BP,300,300,6.021298434521847,5.7203264846542154,0.99,0.0033333333333333335,3.2240549288251183,10.793570005064215,2.0085614121446156,2.154003712422945,"[5.761835579037436, 6.266516634426912]","[5.4867793238636295, 6.024333383527406]","[0.9766666666666667, 1.0]","[0.0, 0.01]"
zsre,paraphrase,new,300,1,G_PCvsBP,300,300,-0.09168525233401983,0.0,0.0,0.02,0.0,0.0,-1.719098481262872,0.6740913735007691,"[-0.176461184478726, -0.023011091693478144]","[0.0, 0.0]","[0.0, 0.0]","[0.006666666666666667, 0.03666666666666667]"
zsre,paraphrase,new,300,2,G_PC,300,300,5.97777743219687,5.7006816623838805,0.98,0.0,2.9273472311971434,10.793570005064215,1.5766128388756644,2.213230541546254,"[5.711092964657256, 6.22578293871266]","[5.479996615954496, 6.024333383527406]","[0.9633333333333334, 0.9933333333333333]","[0.0, 0.0]"
zsre,paraphrase,new,300,2,G_BP,300,300,5.95628219056309,5.698560638783084,0.9766666666666667,0.0033333333333333335,2.921286911640945,10.793570005064215,1.2966698513287436,2.2507849595880263,"[5.688702705171167, 6.205254117080612]","[5.468077931552051, 6.007196993745216]","[0.9566666666666667, 0.9933333333333333]","[0.0, 0.01]"
zsre,paraphrase,new,300,2,G_PCvsBP,300,300,0.021495241633780526,0.0,0.01,0.006666666666666667,0.0,0.0,-0.5979011728301806,0.6658663197120961,"[-0.04790056826833224, 0.09881620168620407]","[0.0, 0.0]","[0.0, 0.023333333333333334]","[0.0, 0.016666666666666666]"
zsre,paraphrase,new,300,mean,G_PC,300,300,5.8951100941622485,,0.98,,,,,,"[5.620826550197715, 6.14648494867269]",,"[0.9633333333333334, 0.9933333333333333]",
zsre,paraphrase,new,300,mean,G_BP,300,300,5.971581042224606,,0.99,,,,,,"[5.707803374197222, 6.217488493649165]",,"[0.9766666666666667, 1.0]",
zsre,paraphrase,new,300,mean,G_PCvsBP,300,300,-0.07647094806235775,,0.0033333333333333335,,,,,,"[-0.13641361393546686, -0.027471813025695794]",,"[0.0, 0.01]",
zsre,paraphrase,new,100,0,G_PC,100,100,5.830438315324018,5.816466778611282,0.92,0.0,0.0,10.985339070842551,-0.0,2.753143617333797,"[5.305951321016866, 6.3525349173286365]","[5.105092095932889, 6.267235245307312]","[0.86975, 0.97]","[0.0, 0.0]"
zsre,paraphrase,new,100,0,G_BP,100,100,6.037397107411263,5.8653694869408906,0.96,0.0,2.8222092713312663,10.985339070842551,0.8205987727808687,2.502705144682116,"[5.552639975798216, 6.535060924663875]","[5.229846707950006, 6.324981341131981]","[0.92, 0.99]","[0.0, 0.0]"
zsre,paraphrase,new,100,0,G_PCvsBP,100,100,-0.2069587920872474,0.0,0.0,0.04,0.0,0.0,-3.4493132014541232,1.0589764798726848,"[-0.4460295957994213, -0.03075684940996826]","[0.0, 0.0]","[0.0, 0.0]","[0.01, 0.08]"
zsre,paraphrase,new,100,1,G_PC,100,100,5.864794990253883,5.8653694869408906,0.92,0.0,0.0,10.985339070842551,-0.0,2.7456681427686056,"[5.326877624510596, 6.390429327967275]","[5.192328508195768, 6.324981341131981]","[0.86, 0.97]","[0.0, 0.0]"
zsre,paraphrase,new,100,1,G_BP,100,100,6.181413301668999,5.952104460052306,0.99,0.0,3.068279393017917,10.985339070842551,2.171071225321223,2.301148427714177,"[5.730177400726882, 6.6485112783884155]","[5.525198557270977, 6.334022599938227]","[0.97, 1.0]","[0.0, 0.0]"
zsre,paraphrase,new,100,1,G_PCvsBP,100,100,-0.31661831141511504,0.0,0.0,0.07,-3.0987775694044664,0.0,-4.927042558114141,1.2279685137342495,"[-0.5741857516964959, -0.11453123621219904]","[0.0, 0.0]","[0.0, 0.0]","[0.03, 0.12]"
zsre,paraphrase,new,100,2,G_PC,100,100,6.021448128181473,5.879807681875022,0.95,0.0,1.958270607604113,10.985339070842551,0.34355624694808995,2.55501478971819,"[5.521026681421163, 6.504830234883681]","[5.3914665087819404, 6.334022599938227]","[0.9, 0.99]","[0.0, 0.0]"
zsre,paraphrase,new,100,2,G_BP,100,100,6.037397107411263,5.8653694869408906,0.96,0.0,2.8222092713312663,10.985339070842551,0.8205987727808687,2.502705144682116,"[5.552639975798216, 6.535060924663875]","[5.229846707950006, 6.324981341131981]","[0.92, 0.99]","[0.0, 0.0]"
zsre,paraphrase,new,100,2,G_PCvsBP,100,100,-0.015948979229791754,0.0,0.01,0.02,0.0,0.0,-1.3132394427022682,0.8528375601330727,"[-0.17486940086647176, 0.15777931258706476]","[0.0, 0.0]","[0.0, 0.03]","[0.0, 0.05]"
zsre,paraphrase,new,100,mean,G_PC,100,100,5.905560477919791,,0.95,,,,,,"[5.399681088238394, 6.4112145790071615]",,"[0.9, 0.99]",
zsre,paraphrase,new,100,mean,G_BP,100,100,6.085402505497177,,0.99,,,,,,"[5.621710937291014, 6.566458518830926]",,"[0.97, 1.0]",
zsre,paraphrase,new,100,mean,G_PCvsBP,100,100,-0.17984202757738474,,0.0,,,,,,"[-0.3462229786457875, -0.0515571468337109]",,"[0.0, 0.0]",
zsre,revision,v1,300,0,G_PC,50,50,0.0,0.0,0.0,0.0,0.0,0.0,-0.0,0.0,"[0.0, 0.0]","[0.0, 0.0]","[0.0, 0.0]","[0.0, 0.0]"
zsre,revision,v1,300,0,G_BP,50,50,0.061280972664517035,0.0,0.02,0.02,0.0,0.0,-0.5299741139810857,0.6998473741859195,"[-0.09539534051659544, 0.27923825851014655]","[0.0, 0.0]","[0.0, 0.06]","[0.0, 0.06]"
zsre,revision,v1,300,0,G_PCvsBP,50,50,-0.061280972664517035,0.0,0.02,0.02,0.0,0.0,-1.551323658389703,0.6998473741859195,"[-0.27923825851014655, 0.09539534051659544]","[0.0, 0.0]","[0.0, 0.06]","[0.0, 0.06]"
zsre,revision,v1,300,1,G_PC,50,50,0.061280972664517035,0.0,0.02,0.02,0.0,0.0,-0.5299741139810857,0.6998473741859195,"[-0.09539534051659544, 0.27923825851014655]","[0.0, 0.0]","[0.0, 0.06]","[0.0, 0.06]"
zsre,revision,v1,300,1,G_BP,50,50,-0.09694807698122926,0.0,0.04,0.08,-1.9698054327887535,0.0,-2.5929189778166055,0.9590659395438728,"[-0.3483547141398276, 0.18617118179953854]","[0.0, 0.0]","[0.0, 0.1]","[0.02, 0.16]"
zsre,revision,v1,300,1,G_PCvsBP,50,50,0.1582290496457463,0.0,0.08,0.04,0.0,1.9698054327887524,-0.5382026424972537,0.71652646294449,"[-0.013240721073275548, 0.3706426040177037]","[0.0, 0.0]","[0.02, 0.16]","[0.0, 0.1]"
zsre,revision,v1,300,2,G_PC,50,50,0.06177468437548711,0.0,0.04,0.02,0.0,0.0,-0.5299741139810857,0.6998119672786773,"[-0.09440791709465529, 0.2797319702211166]","[0.0, 0.0]","[0.0, 0.1]","[0.0, 0.06]"
zsre,revision,v1,300,2,G_BP,50,50,0.02682861484890193,0.0,0.04,0.04,0.0,0.0,-1.112408606090839,0.7451200283931456,"[-0.13615528650042488, 0.27923825851014655]","[0.0, 0.0]","[0.0, 0.1]","[0.0, 0.1]"
zsre,revision,v1,300,2,G_PCvsBP,50,50,0.03494606952658518,0.0,0.02,0.0,0.0,0.0,-0.0,0.2471060273806495,"[0.0, 0.10483820857975555]","[0.0, 0.0]","[0.0, 0.06]","[0.0, 0.0]"
zsre,revision,v1,300,mean,G_PC,50,50,0.041018552346668076,,0.04,,,,,,"[-0.06326775253708354, 0.18632340957708776]",,"[0.0, 0.1]",
zsre,revision,v1,300,mean,G_BP,50,50,-0.002946163155936716,,0.04,,,,,,"[-0.16744550828912153, 0.23408705369465627]",,"[0.0, 0.1]",
zsre,revision,v1,300,mean,G_PCvsBP,50,50,0.04396471550260479,,0.08,,,,,,"[-0.05590377469145841, 0.13953122364581716]",,"[0.02, 0.16]",
zsre,revision,v1,100,0,G_PC,50,50,0.0,0.0,0.0,0.0,0.0,0.0,-0.0,0.0,"[0.0, 0.0]","[0.0, 0.0]","[0.0, 0.0]","[0.0, 0.0]"
zsre,revision,v1,100,0,G_BP,50,50,-0.08319265898393038,0.0,0.02,0.04,0.0,0.0,-2.4323303810607624,0.8817097528382583,"[-0.33161061038193657, 0.13513706253464577]","[0.0, 0.0]","[0.0, 0.06]","[0.0, 0.1]"
zsre,revision,v1,100,0,G_PCvsBP,50,50,0.08319265898393038,0.0,0.04,0.02,0.0,0.0,-1.0457860646619228,0.8817097528382583,"[-0.13513706253464577, 0.33161061038193657]","[0.0, 0.0]","[0.0, 0.1]","[0.0, 0.06]"
zsre,revision,v1,100,1,G_PC,50,50,0.009642734775215036,0.0,0.02,0.02,0.0,0.0,-0.885073818408339,0.5870814757098246,"[-0.159313287313501, 0.1882414916391461]","[0.0, 0.0]","[0.0, 0.06]","[0.0, 0.06]"
zsre,revision,v1,100,1,G_BP,50,50,-0.4006882891086309,0.0,0.02,0.12,-3.976539532727976,0.0,-4.9632155829387585,1.4265253616264086,"[-0.834246141182669, -0.04879703543658606]","[0.0, 0.0]","[0.0, 0.06]","[0.04, 0.22]"
zsre,revision,v1,100,1,G_PCvsBP,50,50,0.4103310238838459,0.0,0.1,0.0,0.0,3.9765395327279722,-0.0,1.2970100320644022,"[0.09283539375914542, 0.826911402730096]","[0.0, 0.0]","[0.02, 0.18]","[0.0, 0.0]"
zsre,revision,v1,100,2,G_PC,50,50,-0.053104429104500334,0.0,0.0,0.02,0.0,0.0,-0.885073818408339,0.3755050193083245,"[-0.159313287313501, 0.0]","[0.0, 0.0]","[0.0, 0.0]","[0.0, 0.06]"
zsre,revision,v1,100,2,G_BP,50,50,0.02229065022770701,0.0,0.04,0.04,0.0,0.0,-2.4323303810607624,1.162608089343251,"[-0.27852432000237026, 0.3485673902152157]","[0.0, 0.0]","[0.0, 0.1]","[0.0, 0.1]"
zsre,revision,v1,100,2,G_PCvsBP,50,50,-0.07539507933220735,0.0,0.02,0.04,0.0,0.0,-2.8038412181892127,1.0965776323023715,"[-0.3992081100624209, 0.21575901739772085]","[0.0, 0.0]","[0.0, 0.06]","[0.0, 0.1]"
zsre,revision,v1,100,mean,G_PC,50,50,-0.014487231443095112,,0.02,,,,,,"[-0.1062088582090007, 0.06274716387971535]",,"[0.0, 0.06]",
zsre,revision,v1,100,mean,G_BP,50,50,-0.15386343262161808,,0.04,,,,,,"[-0.43478350581922964, 0.10529716264416063]",,"[0.0, 0.1]",
zsre,revision,v1,100,mean,G_PCvsBP,50,50,0.13937620117852295,,0.12,,,,,,"[-0.07855963548390471, 0.398796687161842]",,"[0.04, 0.22]",
zsre,revision,v2,300,0,G_PC,50,50,0.0,0.0,0.0,0.0,0.0,0.0,-0.0,0.0,"[0.0, 0.0]","[0.0, 0.0]","[0.0, 0.0]","[0.0, 0.0]"
zsre,revision,v2,300,0,G_BP,50,50,0.06083528088325707,0.0,0.02,0.02,0.0,0.0,-0.2906406567067208,0.5694992352822349,"[-0.05231531820720974, 0.23482116085698096]","[0.0, 0.0]","[0.0, 0.06]","[0.0, 0.06]"
zsre,revision,v2,300,0,G_PCvsBP,50,50,-0.06083528088325707,0.0,0.02,0.02,0.0,0.0,-1.3045620047610054,0.5694992352822349,"[-0.23482116085698096, 0.05231531820720974]","[0.0, 0.0]","[0.0, 0.06]","[0.0, 0.06]"
zsre,revision,v2,300,1,G_PC,50,50,0.06083528088325707,0.0,0.02,0.02,0.0,0.0,-0.2906406567067208,0.5694992352822349,"[-0.05231531820720974, 0.23482116085698096]","[0.0, 0.0]","[0.0, 0.06]","[0.0, 0.06]"
zsre,revision,v2,300,1,G_BP,50,50,-0.014810706254836799,0.0,0.06,0.06,-0.947725173271279,0.08320682314671785,-2.892683842016846,1.0908274520285826,"[-0.3097199963260587, 0.30299759892385886]","[0.0, 0.0]","[0.0, 0.14]","[0.0, 0.14]"
zsre,revision,v2,300,1,G_PCvsBP,50,50,0.07564598713809387,0.0,0.06,0.06,-0.08320682314671825,0.9477251732712744,-1.6319173897152812,0.9419203545441748,"[-0.1942534975969422, 0.3411231245201437]","[0.0, 0.0]","[0.0, 0.14]","[0.0, 0.14]"
zsre,revision,v2,300,2,G_PC,50,50,0.06386098354313774,0.0,0.04,0.02,0.0,0.0,-0.2906406567067208,0.5695713044337333,"[-0.04626391288744841, 0.23784686351686163]","[0.0, 0.0]","[0.0, 0.1]","[0.0, 0.06]"
zsre,revision,v2,300,2,G_BP,50,50,0.00715892693505289,0.0,0.04,0.04,0.0,0.0,-1.235674933508135,0.7018244282896527,"[-0.1845189065667771, 0.23482116085698096]","[0.0, 0.0]","[0.0, 0.1]","[0.0, 0.1]"
zsre,revision,v2,300,2,G_PCvsBP,50,50,0.05670205660808485,0.0,0.02,0.0,0.0,0.0,-0.0,0.40094408734800285,"[0.0, 0.17010616982425453]","[0.0, 0.0]","[0.0, 0.06]","[0.0, 0.0]"
zsre,revision,v2,300,mean,G_PC,50,50,0.04156542147546489,,0.04,,,,,,"[-0.03285974369821943, 0.15755600812461412]",,"[0.0, 0.1]",
zsre,revision,v2,300,mean,G_BP,50,50,0.017727833854491025,,0.06,,,,,,"[-0.1497678544481162, 0.22818243692228057]",,"[0.0, 0.14]",
zsre,revision,v2,300,mean,G_PCvsBP,50,50,0.023837587620973863,,0.06,,,,,,"[-0.0936368912768302, 0.14505121613355101]",,"[0.0, 0.14]",
zsre,revision,v2,100,0,G_PC,50,50,0.0,0.0,0.0,0.0,0.0,0.0,-0.0,0.0,"[0.0, 0.0]","[0.0, 0.0]","[0.0, 0.0]","[0.0, 0.0]"
zsre,revision,v2,100,0,G_BP,50,50,-0.17795492045841144,0.0,0.02,0.04,0.0,0.0,-3.882357417614043,1.2288516975117676,"[-0.5335510215033898, 0.1099730491968623]","[0.0, 0.0]","[0.0, 0.06]","[0.0, 0.1]"
zsre,revision,v2,100,0,G_PCvsBP,50,50,0.17795492045841144,0.0,0.04,0.02,0.0,0.0,-0.9164420766405191,1.2288516975117676,"[-0.1099730491968623, 0.5335510215033898]","[0.0, 0.0]","[0.0, 0.1]","[0.0, 0.06]"
zsre,revision,v2,100,1,G_PC,50,50,-0.06766813138970462,0.0,0.02,0.02,0.0,0.0,-2.0442442664689295,0.9576785015813704,"[-0.36796396796440733, 0.16495957379529344]","[0.0, 0.0]","[0.0, 0.06]","[0.0, 0.06]"
zsre,revision,v2,100,1,G_BP,50,50,-0.42052438403361136,0.0,0.04,0.1,-5.854455793719636,0.0,-6.803538121841126,1.9521096940426879,"[-1.0017490435132423, 0.06483677700775503]","[0.0, 0.0]","[0.0, 0.1]","[0.02, 0.2]"
zsre,revision,v2,100,1,G_PCvsBP,50,50,0.3528562526439067,0.0,0.08,0.02,0.0,3.8082982047932,-1.2908483553438828,1.7153171625606998,"[-0.058495424707474236, 0.8873905207631888]","[0.0, 0.0]","[0.02, 0.16]","[0.0, 0.08]"
zsre,revision,v2,100,2,G_PC,50,50,-0.12265465598813577,0.0,0.0,0.02,0.0,0.0,-2.0442442664689295,0.8672993899331399,"[-0.36796396796440733, 0.0]","[0.0, 0.0]","[0.0, 0.0]","[0.0, 0.06]"
zsre,revision,v2,100,2,G_BP,50,50,-0.032503605719101145,0.0,0.04,0.04,0.0,0.0,-3.882357417614043,1.6188590974624861,"[-0.46594705398446945, 0.40087567867548285]","[0.0, 0.0]","[0.0, 0.1]","[0.0, 0.1]"
zsre,revision,v2,100,2,G_PCvsBP,50,50,-0.09015105026903464,0.0,0.02,0.04,0.0,0.0,-3.340630655629024,1.3586501864771288,"[-0.491340468816362, 0.2758738426076892]","[0.0, 0.0]","[0.0, 0.06]","[0.0, 0.1]"
zsre,revision,v2,100,mean,G_PC,50,50,-0.06344092912594684,,0.02,,,,,,"[-0.24530931197627154, 0.05498652459843109]",,"[0.0, 0.06]",
zsre,revision,v2,100,mean,G_BP,50,50,-0.21032763673704116,,0.06,,,,,,"[-0.6114208576963752, 0.1364370956514551]",,"[0.0, 0.14]",
zsre,revision,v2,100,mean,G_PCvsBP,50,50,0.14688670761109437,,0.1,,,,,,"[-0.12375147029850293, 0.4647100996384607]",,"[0.02, 0.2]",
zsre,revision_paraphrase,v1,300,0,G_PC,50,50,0.0,0.0,0.0,0.0,0.0,0.0,-0.0,0.0,"[0.0, 0.0]","[0.0, 0.0]","[0.0, 0.0]","[0.0, 0.0]"
zsre,revision_paraphrase,v1,300,0,G_BP,50,50,0.0,0.0,0.0,0.0,0.0,0.0,-0.0,0.0,"[0.0, 0.0]","[0.0, 0.0]","[0.0, 0.0]","[0.0, 0.0]"
zsre,revision_paraphrase,v1,300,0,G_PCvsBP,50,50,0.0,0.0,0.0,0.0,0.0,0.0,-0.0,0.0,"[0.0, 0.0]","[0.0, 0.0]","[0.0, 0.0]","[0.0, 0.0]"
zsre,revision_paraphrase,v1,300,1,G_PC,50,50,-0.019772313239612344,0.0,0.0,0.02,0.0,0.0,-0.3295385539935391,0.13981136771474442,"[-0.05931693971883703, 0.0]","[0.0, 0.0]","[0.0, 0.0]","[0.0, 0.06]"
zsre,revision_paraphrase,v1,300,1,G_BP,50,50,-0.2087407855268667,0.0,0.0,0.06,-1.5664567559406741,0.0,-3.4790130921144446,0.8630212011045171,"[-0.47444363490612157, 0.0]","[0.0, 0.0]","[0.0, 0.0]","[0.0, 0.14]"
zsre,revision_paraphrase,v1,300,1,G_PCvsBP,50,50,0.18896847228725433,0.0,0.06,0.02,0.0,1.5664567559406666,-0.3295385539935391,0.8790767027032045,"[-0.019772313239612344, 0.45520483901177206]","[0.0, 0.0]","[0.0, 0.14]","[0.0, 0.06]"
zsre,revision_paraphrase,v1,300,2,G_PC,50,50,-0.019772313239612344,0.0,0.0,0.02,0.0,0.0,-0.3295385539935391,0.13981136771474442,"[-0.05931693971883703, 0.0]","[0.0, 0.0]","[0.0, 0.0]","[0.0, 0.06]"
zsre,revision_paraphrase,v1,300,2,G_BP,50,50,-0.019772313239612344,0.0,0.0,0.02,0.0,0.0,-0.3295385539935391,0.13981136771474442,"[-0.05931693971883703, 0.0]","[0.0, 0.0]","[0.0, 0.0]","[0.0, 0.06]"
zsre,revision_paraphrase,v1,300,2,G_PCvsBP,50,50,0.0,0.0,0.0,0.0,0.0,0.0,-0.0,0.0,"[0.0, 0.0]","[0.0, 0.0]","[0.0, 0.0]","[0.0, 0.0]"
zsre,revision_paraphrase,v1,300,mean,G_PC,50,50,-0.013181542159741592,,0.0,,,,,,"[-0.03954462647922474, 0.0]",,"[0.0, 0.0]",
zsre,revision_paraphrase,v1,300,mean,G_BP,50,50,-0.07617103292215974,,0.0,,,,,,"[-0.16491648849699903, -0.006590771079870823]",,"[0.0, 0.0]",
zsre,revision_paraphrase,v1,300,mean,G_PCvsBP,50,50,0.06298949076241815,,0.06,,,,,,"[-0.006590771079870769, 0.15173494633725743]",,"[0.0, 0.14]",
zsre,revision_paraphrase,v1,100,0,G_PC,50,50,0.0,0.0,0.0,0.0,0.0,0.0,-0.0,0.0,"[0.0, 0.0]","[0.0, 0.0]","[0.0, 0.0]","[0.0, 0.0]"
zsre,revision_paraphrase,v1,100,0,G_BP,50,50,0.07255938678827746,0.0,0.02,0.0,0.0,0.0,-0.0,0.5130723443672858,"[0.0, 0.2176781603648324]","[0.0, 0.0]","[0.0, 0.06]","[0.0, 0.0]"
zsre,revision_paraphrase,v1,100,0,G_PCvsBP,50,50,-0.07255938678827746,0.0,0.0,0.02,0.0,0.0,-1.2093231131379578,0.5130723443672858,"[-0.2176781603648324, 0.0]","[0.0, 0.0]","[0.0, 0.0]","[0.0, 0.06]"
zsre,revision_paraphrase,v1,100,1,G_PC,50,50,0.07255938678827746,0.0,0.02,0.0,0.0,0.0,-0.0,0.5130723443672858,"[0.0, 0.2176781603648324]","[0.0, 0.0]","[0.0, 0.06]","[0.0, 0.0]"
zsre,revision_paraphrase,v1,100,1,G_BP,50,50,-0.20997625382513746,0.0,0.02,0.08,-2.5559150770003973,0.0,-3.978670413379895,1.1532119249933535,"[-0.5337462703956707, 0.08802538371250326]","[0.0, 0.0]","[0.0, 0.06]","[0.02, 0.16]"
zsre,revision_paraphrase,v1,100,1,G_PCvsBP,50,50,0.2825356406134149,0.0,0.08,0.0,0.0,2.555915077000396,-0.0,1.012332222162049,"[0.0438154158106212, 0.5773267967336955]","[0.0, 0.0]","[0.02, 0.16]","[0.0, 0.0]"
zsre,revision_paraphrase,v1,100,2,G_PC,50,50,0.0,0.0,0.0,0.0,0.0,0.0,-0.0,0.0,"[0.0, 0.0]","[0.0, 0.0]","[0.0, 0.0]","[0.0, 0.0]"
zsre,revision_paraphrase,v1,100,2,G_BP,50,50,0.07255938678827746,0.0,0.02,0.0,0.0,0.0,-0.0,0.5130723443672858,"[0.0, 0.2176781603648324]","[0.0, 0.0]","[0.0, 0.06]","[0.0, 0.0]"
zsre,revision_paraphrase,v1,100,2,G_PCvsBP,50,50,-0.07255938678827746,0.0,0.0,0.02,0.0,0.0,-1.2093231131379578,0.5130723443672858,"[-0.2176781603648324, 0.0]","[0.0, 0.0]","[0.0, 0.0]","[0.0, 0.06]"
zsre,revision_paraphrase,v1,100,mean,G_PC,50,50,0.024186462262759126,,0.02,,,,,,"[-7.105427357601002e-17, 0.07255938678827749]",,"[0.0, 0.06]",
zsre,revision_paraphrase,v1,100,mean,G_BP,50,50,-0.021619160082860932,,0.02,,,,,,"[-0.1725770780910379, 0.16947418174575357]",,"[0.0, 0.06]",
zsre,revision_paraphrase,v1,100,mean,G_PCvsBP,50,50,0.04580562234562006,,0.08,,,,,,"[-0.09674584905103661, 0.1751920400064455]",,"[0.02, 0.16]",
zsre,revision_paraphrase,v2,300,0,G_PC,50,50,0.0,0.0,0.0,0.0,0.0,0.0,-0.0,0.0,"[0.0, 0.0]","[0.0, 0.0]","[0.0, 0.0]","[0.0, 0.0]"
zsre,revision_paraphrase,v2,300,0,G_BP,50,50,0.0,0.0,0.0,0.0,0.0,0.0,-0.0,0.0,"[0.0, 0.0]","[0.0, 0.0]","[0.0, 0.0]","[0.0, 0.0]"
zsre,revision_paraphrase,v2,300,0,G_PCvsBP,50,50,0.0,0.0,0.0,0.0,0.0,0.0,-0.0,0.0,"[0.0, 0.0]","[0.0, 0.0]","[0.0, 0.0]","[0.0, 0.0]"
zsre,revision_paraphrase,v2,300,1,G_PC,50,50,-0.0038325294197780126,0.0,0.0,0.02,0.0,0.0,-0.06387549032963354,0.027100075418219776,"[-0.011497588259334036, 0.0]","[0.0, 0.0]","[0.0, 0.0]","[0.0, 0.06]"
zsre,revision_paraphrase,v2,300,1,G_BP,50,50,-0.08785330549651245,0.0,0.02,0.04,0.0,0.0,-2.3778015882806938,0.9864292820168282,"[-0.39528388410383625, 0.1480841685076432]","[0.0, 0.0]","[0.0, 0.06]","[0.0, 0.1]"
zsre,revision_paraphrase,v2,300,1,G_PCvsBP,50,50,0.08402077607673444,0.0,0.04,0.04,0.0,0.0,-0.9774553203351198,0.9871495763745015,"[-0.1519166979274212, 0.3914513546840583]","[0.0, 0.0]","[0.0, 0.1]","[0.0, 0.1]"
zsre,revision_paraphrase,v2,300,2,G_PC,50,50,-0.0038325294197780126,0.0,0.0,0.02,0.0,0.0,-0.06387549032963354,0.027100075418219776,"[-0.011497588259334036, 0.0]","[0.0, 0.0]","[0.0, 0.0]","[0.0, 0.06]"
zsre,revision_paraphrase,v2,300,2,G_BP,50,50,-0.0038325294197780126,0.0,0.0,0.02,0.0,0.0,-0.06387549032963354,0.027100075418219776,"[-0.011497588259334036, 0.0]","[0.0, 0.0]","[0.0, 0.0]","[0.0, 0.06]"
zsre,revision_paraphrase,v2,300,2,G_PCvsBP,50,50,0.0,0.0,0.0,0.0,0.0,0.0,-0.0,0.0,"[0.0, 0.0]","[0.0, 0.0]","[0.0, 0.0]","[0.0, 0.0]"
zsre,revision_paraphrase,v2,300,mean,G_PC,50,50,-0.002555019613185321,,0.0,,,,,,"[-0.007665058839556051, 7.105427357601002e-17]",,"[0.0, 0.0]",
zsre,revision_paraphrase,v2,300,mean,G_BP,50,50,-0.030561944972096765,,0.02,,,,,,"[-0.13303880450787134, 0.04808387969595517]",,"[0.0, 0.06]",
zsre,revision_paraphrase,v2,300,mean,G_PCvsBP,50,50,0.028006925358911444,,0.04,,,,,,"[-0.05063889930914046, 0.13048378489468604]",,"[0.0, 0.1]",
zsre,revision_paraphrase,v2,100,0,G_PC,50,50,0.0,0.0,0.0,0.0,0.0,0.0,-0.0,0.0,"[0.0, 0.0]","[0.0, 0.0]","[0.0, 0.0]","[0.0, 0.0]"
zsre,revision_paraphrase,v2,100,0,G_BP,50,50,0.06747311180226177,0.0,0.02,0.0,0.0,0.0,-0.0,0.4771069490313737,"[0.0, 0.2024193354067853]","[0.0, 0.0]","[0.0, 0.06]","[0.0, 0.0]"
zsre,revision_paraphrase,v2,100,0,G_PCvsBP,50,50,-0.06747311180226177,0.0,0.0,0.02,0.0,0.0,-1.1245518633710294,0.4771069490313737,"[-0.2024193354067853, 0.0]","[0.0, 0.0]","[0.0, 0.0]","[0.0, 0.06]"
zsre,revision_paraphrase,v2,100,1,G_PC,50,50,0.06747311180226177,0.0,0.02,0.0,0.0,0.0,-0.0,0.4771069490313737,"[0.0, 0.2024193354067853]","[0.0, 0.0]","[0.0, 0.06]","[0.0, 0.0]"
zsre,revision_paraphrase,v2,100,1,G_BP,50,50,-0.31801066016900675,0.0,0.02,0.08,-3.175561262453651,0.0,-6.152059517965404,1.5834357000957864,"[-0.7928186458430028, 0.06747311180226177]","[0.0, 0.0]","[0.0, 0.06]","[0.02, 0.16]"
zsre,revision_paraphrase,v2,100,1,G_PCvsBP,50,50,0.38548377197126854,0.0,0.08,0.0,0.0,3.1755612624536393,-0.0,1.492164994954763,"[0.016360200893344334, 0.8368675883826956]","[0.0, 0.0]","[0.02, 0.16]","[0.0, 0.0]"
zsre,revision_paraphrase,v2,100,2,G_PC,50,50,0.0,0.0,0.0,0.0,0.0,0.0,-0.0,0.0,"[0.0, 0.0]","[0.0, 0.0]","[0.0, 0.0]","[0.0, 0.0]"
zsre,revision_paraphrase,v2,100,2,G_BP,50,50,0.06747311180226177,0.0,0.02,0.0,0.0,0.0,-0.0,0.4771069490313737,"[0.0, 0.2024193354067853]","[0.0, 0.0]","[0.0, 0.06]","[0.0, 0.0]"
zsre,revision_paraphrase,v2,100,2,G_PCvsBP,50,50,-0.06747311180226177,0.0,0.0,0.02,0.0,0.0,-1.1245518633710294,0.4771069490313737,"[-0.2024193354067853, 0.0]","[0.0, 0.0]","[0.0, 0.0]","[0.0, 0.06]"
zsre,revision_paraphrase,v2,100,mean,G_PC,50,50,0.022491037267420612,,0.02,,,,,,"[-1.7763568394002505e-17, 0.06747311180226181]",,"[0.0, 0.06]",
zsre,revision_paraphrase,v2,100,mean,G_BP,50,50,-0.06102147885482771,,0.02,,,,,,"[-0.2538129782077442, 0.13494622360452355]",,"[0.0, 0.06]",
zsre,revision_paraphrase,v2,100,mean,G_PCvsBP,50,50,0.08351251612224832,,0.08,,,,,,"[-0.08342680924272793, 0.25610462020673436]",,"[0.02, 0.16]",
zsre,unseen,new,300,0,G_PC,100,100,-0.08167084421445417,0.0,0.0,0.02,0.0,0.0,-1.3611807369075695,0.6172088235563088,"[-0.22003602784101858, 0.0]","[0.0, 0.0]","[0.0, 0.0]","[0.0, 0.05]"
zsre,unseen,new,300,0,G_BP,100,100,-0.10173610103422134,0.0,0.0,0.04,0.0,0.0,-1.6956016839036891,0.637341071264632,"[-0.24335586672097764, 0.0]","[0.0, 0.0]","[0.0, 0.0]","[0.0, 0.08]"
zsre,unseen,new,300,0,G_PCvsBP,100,100,0.02006525681976718,0.0,0.02,0.0,0.0,0.0,-0.0,0.1690192538199578,"[0.0, 0.05670291308872786]","[0.0, 0.0]","[0.0, 0.05]","[0.0, 0.0]"
zsre,unseen,new,300,1,G_PC,100,100,-0.20034430897776023,0.0,0.0,0.05,-0.08286199724596721,0.0,-3.339071816296004,0.965744278250777,"[-0.4061630688480106, -0.03860665416435033]","[0.0, 0.0]","[0.0, 0.0]","[0.01, 0.1]"
zsre,unseen,new,300,1,G_BP,100,100,-0.08196679894794244,0.0,0.04,0.1,-2.1249606615520564,0.0,-4.0444075319618324,1.5699767841253993,"[-0.37572581949306316, 0.24311326564359823]","[0.0, 0.0]","[0.01, 0.08]","[0.049750000000000016, 0.16]"
zsre,unseen,new,300,1,G_PCvsBP,100,100,-0.11837751002981779,0.0,0.05,0.04,0.0,0.01746428685286741,-3.4501110218025306,1.2182994108408314,"[-0.3812885273921191, 0.09276115102323486]","[0.0, 0.0]","[0.01, 0.1]","[0.01, 0.08]"
zsre,unseen,new,300,2,G_PC,100,100,-0.1617376548134099,0.0,0.0,0.04,0.0,0.0,-2.695627580223498,0.8923166927977351,"[-0.3535935373542597, -0.0165723994491935]","[0.0, 0.0]","[0.0, 0.0]","[0.01, 0.08]"
zsre,unseen,new,300,2,G_BP,100,100,-0.1537138392966224,0.0,0.02,0.09,-2.1249606615520564,0.0,-4.0444075319618324,1.3961856229409932,"[-0.43489915654689987, 0.12461685279944718]","[0.0, 0.0]","[0.0, 0.05]","[0.04, 0.15]"
zsre,unseen,new,300,2,G_PCvsBP,100,100,-0.008023815516787484,0.0,0.05,0.02,0.0,0.01746428685286741,-1.9400002991776353,1.0726059341708534,"[-0.23549630142683725, 0.1844681584780278]","[0.0, 0.0]","[0.01, 0.1]","[0.0, 0.05]"
zsre,unseen,new,300,mean,G_PC,100,100,-0.14791760266854145,,0.0,,,,,,"[-0.3099781214387425, -0.02391715102091243]",,"[0.0, 0.0]",
zsre,unseen,new,300,mean,G_BP,100,100,-0.11247224642626204,,0.04,,,,,,"[-0.32783548338818563, 0.095930281961526]",,"[0.01, 0.08]",
zsre,unseen,new,300,mean,G_PCvsBP,100,100,-0.03544535624227938,,0.07,,,,,,"[-0.18948573680409186, 0.0940178672558771]",,"[0.02, 0.13]",
zsre,unseen,new,100,0,G_PC,100,100,-0.06915690366366739,0.0,0.0,0.02,0.0,0.0,-1.1526150610611232,0.5792486299845854,"[-0.19500814673944503, 0.0]","[0.0, 0.0]","[0.0, 0.0]","[0.0, 0.05]"
zsre,unseen,new,100,0,G_BP,100,100,-0.18989140943649324,0.0,0.0,0.05,-0.06231282125778548,0.0,-3.164856823941554,0.9311932833622109,"[-0.3921619555234645, -0.03410071375170917]","[0.0, 0.0]","[0.0, 0.0]","[0.01, 0.1]"
zsre,unseen,new,100,0,G_PCvsBP,100,100,0.12073450577282585,0.0,0.03,0.0,0.0,0.0,-0.0,0.7405807748609441,"[0.0, 0.28727400291144584]","[0.0, 0.0]","[0.0, 0.07]","[0.0, 0.0]"
zsre,unseen,new,100,1,G_PC,100,100,-0.19439377518646758,0.0,0.0,0.05,-0.06231282125778548,0.0,-3.239896253107793,0.9608796060916867,"[-0.3982117974079568, -0.03738769275467142]","[0.0, 0.0]","[0.0, 0.0]","[0.01, 0.1]"
zsre,unseen,new,100,1,G_BP,100,100,-0.27061999718320484,0.0,0.03,0.1,-3.450988885145455,0.0,-5.575341089296264,1.639857707817234,"[-0.5978133633006234, 0.03493351687411048]","[0.0, 0.0]","[0.0, 0.07]","[0.05, 0.16]"
zsre,unseen,new,100,1,G_PCvsBP,100,100,0.07622622199673726,0.0,0.05,0.03,0.0,0.00969476245235244,-2.120930932339111,1.3400667304973977,"[-0.1687578788938135, 0.34495977393031246]","[0.0, 0.0]","[0.01, 0.1]","[0.0, 0.07]"
zsre,unseen,new,100,2,G_PC,100,100,-0.16005910735913495,0.0,0.0,0.04,0.0,0.0,-2.667651789318916,0.9036065793433159,"[-0.35506853850606074, -0.01246256425155714]","[0.0, 0.0]","[0.0, 0.0]","[0.01, 0.08]"
zsre,unseen,new,100,2,G_BP,100,100,-0.28173342704149146,0.0,0.0,0.08,-2.402732315045095,0.0,-4.455531838324395,1.1492737651355625,"[-0.5327750224706641, -0.08733947940832777]","[0.0, 0.0]","[0.0, 0.0]","[0.03, 0.14]"
zsre,unseen,new,100,2,G_PCvsBP,100,100,0.12167431968235651,0.0,0.04,0.0,0.0,0.0,-0.0,0.7373390936402726,"[0.001938952490470598, 0.28806991746307264]","[0.0, 0.0]","[0.01, 0.08]","[0.0, 0.0]"
zsre,unseen,new,100,mean,G_PC,100,100,-0.14120326206975664,,0.0,,,,,,"[-0.29757561559573564, -0.02388201165294032]",,"[0.0, 0.0]",
zsre,unseen,new,100,mean,G_BP,100,100,-0.24741494455372984,,0.03,,,,,,"[-0.48349496952283394, -0.050346366638179346]",,"[0.0, 0.07]",
zsre,unseen,new,100,mean,G_PCvsBP,100,100,0.10621168248397318,,0.07,,,,,,"[-0.027988790282423803, 0.2651023333838411]",,"[0.03, 0.12]",
