step,tokens_seen,micro_batch,T,tau,relax_step,energy,error_grad_norm
0,5120,0,1,0.1,0,0.0,2.376912107138196e-06
0,5120,0,1,0.1,1,-2.3832512852095533e-08,1.5754899322928395e-06
50,261120,0,1,0.1,0,2.1178455426706932e-05,0.0014600122813135386
50,261120,0,1,0.1,1,2.0930752725689672e-05,0.0012720066588371992
100,517120,0,1,0.1,0,0.0004858383908867836,0.018097568303346634
100,517120,0,1,0.1,1,0.00045633275294676423,0.014620674774050713
150,773120,0,1,0.1,0,7.350240048253909e-05,0.0015141208423301578
150,773120,0,1,0.1,1,7.336432463489473e-05,0.0013461853377521038
200,1029120,0,1,0.1,0,8.479099778924137e-05,0.001095077721402049
200,1029120,0,1,0.1,1,8.489985339110717e-05,0.0009989304235205054
250,1285120,0,1,0.1,0,3.74043665942736e-05,0.0009219241328537464
250,1285120,0,1,0.1,1,3.738841041922569e-05,0.000832860532682389
300,1541120,0,1,0.1,0,0.00010333515092497692,0.006115421187132597
300,1541120,0,1,0.1,1,9.985903307097033e-05,0.005252174101769924
350,1797120,0,1,0.1,0,0.0003439693828113377,0.007003387901932001
350,1797120,0,1,0.1,1,0.00033916454412974417,0.006203818134963512
400,2053120,0,1,0.1,0,5.8489968068897724e-05,0.0018553417176008224
400,2053120,0,1,0.1,1,5.8355020883027464e-05,0.001656348118558526
450,2309120,0,1,0.1,0,4.3125652155140415e-05,0.005521535873413086
450,2309120,0,1,0.1,1,4.0683182305656374e-05,0.004424404818564653
500,2565120,0,1,0.1,0,2.7932459488511086e-05,0.0008384680841118097
500,2565120,0,1,0.1,1,2.773456071736291e-05,0.0007610664470121264
550,2821120,0,1,0.1,0,4.6644134272355586e-05,0.0011339260963723063
550,2821120,0,1,0.1,1,4.645737135433592e-05,0.0010294824605807662
600,3077120,0,1,0.1,0,5.256318399915472e-05,0.0010306573240086436
600,3077120,0,1,0.1,1,5.2414092351682484e-05,0.0009384734439663589
650,3333120,0,1,0.1,0,0.001858640811406076,0.018457675352692604
650,3333120,0,1,0.1,1,0.001826486550271511,0.016628412529826164
700,3589120,0,1,0.1,0,5.923264689045027e-05,0.0024569970555603504
700,3589120,0,1,0.1,1,5.880141179659404e-05,0.0021629331167787313
750,3845120,0,1,0.1,0,3.6670164263341576e-05,0.002225724747404456
750,3845120,0,1,0.1,1,3.629262573667802e-05,0.0018121738685294986
800,4101120,0,1,0.1,0,4.707926564151421e-05,0.0011020523961633444
800,4101120,0,1,0.1,1,4.701448415289633e-05,0.0010000094771385193
850,4357120,0,1,0.1,0,2.7774749469244853e-05,0.00105071603320539
850,4357120,0,1,0.1,1,2.7415077056502923e-05,0.0009419390116818249
900,4613120,0,1,0.1,0,3.083191768382676e-05,0.0005384288378991187
900,4613120,0,1,0.1,1,3.092912811553106e-05,0.0005020924145355821
950,4869120,0,1,0.1,0,0.00014659012958873063,0.0018841398414224386
950,4869120,0,1,0.1,1,0.00014613076928071678,0.0016840893076732755
1000,5125120,0,1,0.1,0,0.00034273654455319047,0.006230263039469719
1000,5125120,0,1,0.1,1,0.0003392195503693074,0.005535528063774109
1050,5381120,0,1,0.1,0,0.00010265889432048425,0.0016338668065145612
1050,5381120,0,1,0.1,1,0.00010263451258651912,0.0014737772289663553
1100,5637120,0,1,0.1,0,5.3438980103237554e-05,0.0014296377776190639
1100,5637120,0,1,0.1,1,5.308430263539776e-05,0.0012843548320233822
1150,5893120,0,1,0.1,0,5.288053216645494e-05,0.0008706780499778688
1150,5893120,0,1,0.1,1,5.2651223086286336e-05,0.0007969067664816976
1200,6149120,0,1,0.1,0,0.0003576938179321587,0.004265834577381611
1200,6149120,0,1,0.1,1,0.0003556888841558248,0.0037949637044221163
1250,6405120,0,1,0.1,0,0.00013095783651806414,0.0011192866368219256
1250,6405120,0,1,0.1,1,0.00013075367314741015,0.001025699544698
1300,6661120,0,1,0.1,0,0.0005465532885864377,0.004572220612317324
1300,6661120,0,1,0.1,1,0.0005443391855806112,0.004126375541090965
1350,6917120,0,1,0.1,0,0.0003497030702419579,0.007446025498211384
1350,6917120,0,1,0.1,1,0.0003447024500928819,0.006533911917358637
1400,7173120,0,2,0.2,0,0.00022761123545933515,0.006605215836316347
1400,7173120,0,2,0.2,1,0.00022357322450261563,0.005739963613450527
1400,7173120,0,2,0.2,2,0.00022059091133996844,0.004981147591024637
1450,7429120,0,2,0.2,0,0.00044941555825062096,0.004723249468952417
1450,7429120,0,2,0.2,1,0.00044746752246282995,0.004191332496702671
1450,7429120,0,2,0.2,2,0.0004456791211850941,0.003709434997290373
1500,7685120,0,2,0.2,0,0.00018241901125293225,0.0025100114289671183
1500,7685120,0,2,0.2,1,0.00018195889424532652,0.00224634213373065
1500,7685120,0,2,0.2,2,0.00018152251141145825,0.0019992622546851635
1550,7941120,0,2,0.2,0,0.00014470696623902768,0.002076749922707677
1550,7941120,0,2,0.2,1,0.00014424853725358844,0.0018666121177375317
1550,7941120,0,2,0.2,2,0.00014397517952602357,0.0016653406200930476
1600,8197120,0,2,0.2,0,0.00011812376033049077,0.0012480412842705846
1600,8197120,0,2,0.2,1,0.00011799718049587682,0.0011396121699362993
1600,8197120,0,2,0.2,2,0.00011809984425781295,0.0010235687950626016
1650,8453120,0,2,0.2,0,0.00018462531443219632,0.0072770072147250175
1650,8453120,0,2,0.2,1,0.00018000826821662486,0.0062575810588896275
1650,8453120,0,2,0.2,2,0.00017632510571274906,0.005382794886827469
1700,8709120,0,2,0.2,0,0.00021375727374106646,0.003805166808888316
1700,8709120,0,2,0.2,1,0.0002123217418557033,0.003392486833035946
1700,8709120,0,2,0.2,2,0.0002113732771249488,0.003020175267010927
1750,8965120,0,2,0.2,0,0.0002589995274320245,0.00993313081562519
1750,8965120,0,2,0.2,1,0.0002517491520848125,0.005055519286543131
1750,8965120,0,2,0.2,2,0.00024981392198242247,0.003086654469370842
1800,9221120,0,2,0.2,0,0.00020071654580533504,0.0025066405069082975
1800,9221120,0,2,0.2,1,0.00020024871628265828,0.0022547671105712652
1800,9221120,0,2,0.2,2,0.00019971220172010362,0.002014878671616316
1850,9477120,0,2,0.2,0,0.00016996104386635125,0.002370587084442377
1850,9477120,0,2,0.2,1,0.0001693430676823482,0.002124694176018238
1850,9477120,0,2,0.2,2,0.0001689145137788728,0.0018942365422844887
1900,9733120,0,2,0.2,0,0.00013296895485837013,0.002832273719832301
1900,9733120,0,2,0.2,1,0.00013224456051830202,0.002497455570846796
1900,9733120,0,2,0.2,2,0.00013163338007871062,0.002194555476307869
1950,9989120,0,2,0.2,0,0.00024029500491451472,0.004872067365795374
1950,9989120,0,2,0.2,1,0.00023811664141248912,0.004354198928922415
1950,9989120,0,2,0.2,2,0.00023614498786628246,0.0038832181598991156
2000,10245120,0,2,0.2,0,0.0004070618888363242,0.007680097594857216
2000,10245120,0,2,0.2,1,0.00040162354707717896,0.006749764084815979
2000,10245120,0,2,0.2,2,0.0003973552957177162,0.0059239622205495834
2050,10501120,0,2,0.2,0,0.00018506373453419656,0.0024066607002168894
2050,10501120,0,2,0.2,1,0.00018468326015863568,0.0021312441676855087
2050,10501120,0,2,0.2,2,0.00018419077969156206,0.0018780813552439213
2100,10757120,0,2,0.2,0,0.00013707707694265991,0.0012318246299400926
2100,10757120,0,2,0.2,1,0.00013670892803929746,0.0011275813449174166
2100,10757120,0,2,0.2,2,0.00013665854930877686,0.0010137025965377688
2150,11013120,0,2,0.2,0,0.0004319482250139117,0.007129728328436613
2150,11013120,0,2,0.2,1,0.00042749036219902337,0.0062695336528122425
2150,11013120,0,2,0.2,2,0.0004238578549120575,0.005506792571395636
2200,11269120,0,2,0.2,0,0.00023365681408904493,0.0022914521396160126
2200,11269120,0,2,0.2,1,0.0002330218267161399,0.0020704360213130713
2200,11269120,0,2,0.2,2,0.00023273591068573296,0.00185512809548527
2250,11525120,0,2,0.2,0,0.00017034592747222632,0.0023187799379229546
2250,11525120,0,2,0.2,1,0.0001698523119557649,0.0020472463220357895
2250,11525120,0,2,0.2,2,0.00016951252473518252,0.00179724779445678
2300,11781120,0,2,0.2,0,0.00044176913797855377,0.01591164618730545
2300,11781120,0,2,0.2,1,0.00042420398676767945,0.008671926334500313
2300,11781120,0,2,0.2,2,0.00041732878889888525,0.007394562009721994
2350,12037120,0,2,0.2,0,0.00010020031913882121,0.001262820791453123
2350,12037120,0,2,0.2,1,0.00010016259329859167,0.0011482854606583714
2350,12037120,0,2,0.2,2,9.995591972256079e-05,0.001030215760692954
2400,12293120,0,2,0.2,0,0.00013951389701105654,0.0025911307893693447
2400,12293120,0,2,0.2,1,0.00013888298417441547,0.002288504270836711
2400,12293120,0,2,0.2,2,0.00013840080646332353,0.0020118728280067444
2450,12549120,0,2,0.2,0,0.00028824625769630075,0.002568208845332265
2450,12549120,0,2,0.2,1,0.0002877804508898407,0.0021403999999165535
2450,12549120,0,2,0.2,2,0.00028729019686579704,0.001792099210433662
2500,12805120,0,2,0.2,0,0.00360024138353765,0.041479431092739105
2500,12805120,0,2,0.2,1,0.003439192194491625,0.03629055991768837
2500,12805120,0,2,0.2,2,0.003315276699140668,0.03174411132931709
2550,13061120,0,2,0.2,0,8.193269604817033e-05,0.007717375177890062
2550,13061120,0,2,0.2,1,7.650638872291893e-05,0.006090191192924976
2550,13061120,0,2,0.2,2,7.33549240976572e-05,0.004847237840294838
2600,13317120,0,2,0.2,0,0.0003125129733234644,0.0022016610018908978
2600,13317120,0,2,0.2,1,0.0003118250460829586,0.0019848314113914967
2600,13317120,0,2,0.2,2,0.00031128659611567855,0.001773696974851191
2650,13573120,0,2,0.2,0,0.002523835049942136,0.03408823907375336
2650,13573120,0,2,0.2,1,0.00241548428311944,0.029472216963768005
2650,13573120,0,2,0.2,2,0.002334397053346038,0.02551889792084694
2700,13829120,0,2,0.2,0,0.00036969035863876343,0.006623179651796818
2700,13829120,0,2,0.2,1,0.0003656031913124025,0.005784900393337011
2700,13829120,0,2,0.2,2,0.00036238334723748267,0.005049147643148899
2750,14085120,0,2,0.2,0,0.00031978078186511993,0.003195944707840681
2750,14085120,0,2,0.2,1,0.00031875778222456574,0.0028594934847205877
2750,14085120,0,2,0.2,2,0.00031806816696189344,0.0025493018329143524
2800,14341120,0,4,0.4,0,0.00010712727817008272,0.0022676847875118256
2800,14341120,0,4,0.4,1,0.00010668927279766649,0.0019491949351504445
2800,14341120,0,4,0.4,2,0.00010606022988213226,0.0016715506790205836
2800,14341120,0,4,0.4,3,0.00010599121014820412,0.0014352479483932257
2800,14341120,0,4,0.4,4,0.00010606095747789368,0.0012345940340310335
2850,14597120,0,4,0.4,0,0.0001495174947194755,0.0034788053017109632
2850,14597120,0,4,0.4,1,0.00014841085067018867,0.003066233592107892
2850,14597120,0,4,0.4,2,0.00014745374210178852,0.002694750437512994
2850,14597120,0,4,0.4,3,0.00014671422832179815,0.0023716434370726347
2850,14597120,0,4,0.4,4,0.00014611789083573967,0.002086484106257558
2900,14853120,0,4,0.4,0,9.498962754150853e-05,0.0013399191666394472
2900,14853120,0,4,0.4,1,9.461714944336563e-05,0.0012137768790125847
2900,14853120,0,4,0.4,2,9.453719394514337e-05,0.001086008851416409
2900,14853120,0,4,0.4,3,9.432615479454398e-05,0.0009713753242976964
2900,14853120,0,4,0.4,4,9.444686293136328e-05,0.000867121503688395
2950,15109120,0,4,0.4,0,0.00013288136688061059,0.003168364055454731
2950,15109120,0,4,0.4,1,0.0001319843140663579,0.0025342402514070272
2950,15109120,0,4,0.4,2,0.00013155028864275664,0.002126784063875675
2950,15109120,0,4,0.4,3,0.00013088990817777812,0.0018180512124672532
2950,15109120,0,4,0.4,4,0.0001305476762354374,0.0015642547514289618
3000,15365120,0,4,0.4,0,0.00016505633539054543,0.0051456959918141365
3000,15365120,0,4,0.4,1,0.00016265992599073797,0.004486947786062956
3000,15365120,0,4,0.4,2,0.00016059170593507588,0.00391258904710412
3000,15365120,0,4,0.4,3,0.00015918567078188062,0.0034123703371733427
3000,15365120,0,4,0.4,4,0.00015825759328436106,0.0029759828466922045
3050,15621120,0,4,0.4,0,7.539040234405547e-05,0.0019034652505069971
3050,15621120,0,4,0.4,1,7.507432746933773e-05,0.001667979289777577
3050,15621120,0,4,0.4,2,7.49651444493793e-05,0.0014514295617118478
3050,15621120,0,4,0.4,3,7.456072489731014e-05,0.0012646709801629186
3050,15621120,0,4,0.4,4,7.434210419887677e-05,0.0011024209670722485
3100,15877120,0,4,0.4,0,0.00012829079059883952,0.0017021293751895428
3100,15877120,0,4,0.4,1,0.00012788554886355996,0.001539512537419796
3100,15877120,0,4,0.4,2,0.0001274857932003215,0.001376497675664723
3100,15877120,0,4,0.4,3,0.0001275752147193998,0.0012312040198594332
3100,15877120,0,4,0.4,4,0.0001273058878723532,0.001100012450478971
3150,16133120,0,4,0.4,0,0.00013094588939566165,0.0020530486945062876
3150,16133120,0,4,0.4,1,0.00013066473184153438,0.0018476492259651423
3150,16133120,0,4,0.4,2,0.0001303116005146876,0.0016503568040207028
3150,16133120,0,4,0.4,3,0.00013025564840063453,0.0014746298547834158
3150,16133120,0,4,0.4,4,0.00012985624198336154,0.0013159466907382011
3200,16389120,0,4,0.4,0,0.00011267662193858996,0.0020722176413983107
3200,16389120,0,4,0.4,1,0.00011214716505492106,0.001840941491536796
3200,16389120,0,4,0.4,2,0.00011207724310224876,0.001627248479053378
3200,16389120,0,4,0.4,3,0.00011167646152898669,0.001439224579371512
3200,16389120,0,4,0.4,4,0.00011135997192468494,0.0012720831437036395
3250,16645120,0,4,0.4,0,0.0002973921946249902,0.0059827170334756374
3250,16645120,0,4,0.4,1,0.00029395209276117384,0.00525915389880538
3250,16645120,0,4,0.4,2,0.0002913933712989092,0.00461948849260807
3250,16645120,0,4,0.4,3,0.000289404415525496,0.004060706123709679
3250,16645120,0,4,0.4,4,0.0002878518425859511,0.003568630199879408
3300,16901120,0,4,0.4,0,7.402417395496741e-05,0.0009917343268170953
3300,16901120,0,4,0.4,1,7.386448123725131e-05,0.0009056997369043529
3300,16901120,0,4,0.4,2,7.381338946288452e-05,0.0008117895922623575
3300,16901120,0,4,0.4,3,7.383237243629992e-05,0.0007271819631569088
3300,16901120,0,4,0.4,4,7.35473440727219e-05,0.0006497881840914488
3350,17157120,0,4,0.4,0,0.000711115833837539,0.011192867532372475
3350,17157120,0,4,0.4,1,0.0007001247140578926,0.008841960690915585
3350,17157120,0,4,0.4,2,0.000692806497681886,0.007129008416086435
3350,17157120,0,4,0.4,3,0.0006884059985168278,0.005829094909131527
3350,17157120,0,4,0.4,4,0.0006850046920590103,0.004810399375855923
3400,17413120,0,4,0.4,0,0.00014987621398176998,0.002050123643130064
3400,17413120,0,4,0.4,1,0.0001494077150709927,0.0018480437574908137
3400,17413120,0,4,0.4,2,0.00014907932200003415,0.0016486874083057046
3400,17413120,0,4,0.4,3,0.00014880816161166877,0.0014707723166793585
3400,17413120,0,4,0.4,4,0.00014880932576488703,0.0013111487496644258
3450,17669120,0,4,0.4,0,0.00015076936688274145,0.004258451517671347
3450,17669120,0,4,0.4,1,0.0001492287847213447,0.0036468161270022392
3450,17669120,0,4,0.4,2,0.00014790004934184253,0.003121292218565941
3450,17669120,0,4,0.4,3,0.0001468814443796873,0.0026764420326799154
3450,17669120,0,4,0.4,4,0.00014641424058936536,0.002300523454323411
3500,17925120,0,4,0.4,0,8.348195115104318e-05,0.0060667251236736774
3500,17925120,0,4,0.4,1,7.993055623956025e-05,0.005123580805957317
3500,17925120,0,4,0.4,2,7.754951366223395e-05,0.004327555187046528
3500,17925120,0,4,0.4,3,7.601900142617524e-05,0.003656079526990652
3500,17925120,0,4,0.4,4,7.456081220880151e-05,0.003088992787525058
3550,18181120,0,4,0.4,0,7.839903264539316e-05,0.0008167572668753564
3550,18181120,0,4,0.4,1,7.838756573619321e-05,0.0007555697811767459
3550,18181120,0,4,0.4,2,7.815596472937614e-05,0.0006816560053266585
3550,18181120,0,4,0.4,3,7.79865076765418e-05,0.0006134462310001254
3550,18181120,0,4,0.4,4,7.806567737134174e-05,0.0005501724663190544
3600,18437120,0,4,0.4,0,9.850836067926139e-05,0.001401863875798881
3600,18437120,0,4,0.4,1,9.820064587984234e-05,0.0012721818638965487
3600,18437120,0,4,0.4,2,9.809127368498594e-05,0.0011394177563488483
3600,18437120,0,4,0.4,3,9.809651965042576e-05,0.0010205613216385245
3600,18437120,0,4,0.4,4,9.78513271547854e-05,0.0009126518270932138
3650,18693120,0,4,0.4,0,0.00045472432975657284,0.011878925375640392
3650,18693120,0,4,0.4,1,0.00044232100481167436,0.009017973206937313
3650,18693120,0,4,0.4,2,0.00043507423833943903,0.007018809672445059
3650,18693120,0,4,0.4,3,0.00043042164179496467,0.005558875855058432
3650,18693120,0,4,0.4,4,0.00042780357762239873,0.004468950908631086
3700,18949120,0,4,0.4,0,0.00030587927903980017,0.002378311473876238
3700,18949120,0,4,0.4,1,0.00030562846222892404,0.0021465469617396593
3700,18949120,0,4,0.4,2,0.00030489673372358084,0.0019217480439692736
3700,18949120,0,4,0.4,3,0.00030457982211373746,0.0017222880851477385
3700,18949120,0,4,0.4,4,0.0003042768221348524,0.001541688572615385
3750,19205120,0,4,0.4,0,0.004012726247310638,0.03027486614882946
3750,19205120,0,4,0.4,1,0.003927597310394049,0.026163458824157715
3750,19205120,0,4,0.4,2,0.0038635667879134417,0.022716756910085678
3750,19205120,0,4,0.4,3,0.0038153694476932287,0.019811468198895454
3750,19205120,0,4,0.4,4,0.003778749145567417,0.017331384122371674
3800,19461120,0,4,0.4,0,0.0032568711321800947,0.039733633399009705
3800,19461120,0,4,0.4,1,0.0030747491400688887,0.054057251662015915
3800,19461120,0,4,0.4,2,0.002742534037679434,0.06297661364078522
3800,19461120,0,4,0.4,3,0.0024561986792832613,0.02328702062368393
3800,19461120,0,4,0.4,4,0.00241871434263885,0.01119226310402155
3850,19717120,0,4,0.4,0,0.00029879430076107383,0.006505349650979042
3850,19717120,0,4,0.4,1,0.0002947268367279321,0.005767508875578642
3850,19717120,0,4,0.4,2,0.00029181194258853793,0.005107164848595858
3850,19717120,0,4,0.4,3,0.00028930138796567917,0.004524046089500189
3850,19717120,0,4,0.4,4,0.0002875954669434577,0.00400661351159215
3900,19973120,0,4,0.4,0,0.00012668508861679584,0.0015087703941389918
3900,19973120,0,4,0.4,1,0.00012648783740587533,0.0013690679334104061
3900,19973120,0,4,0.4,2,0.00012636568862944841,0.001227593864314258
3900,19973120,0,4,0.4,3,0.00012623310612980276,0.0011008272413164377
3900,19973120,0,4,0.4,4,0.00012595829321071506,0.0009861696744337678
3950,20229120,0,4,0.4,0,0.00019494672596920282,0.0032647892367094755
3950,20229120,0,4,0.4,1,0.00019385125779081136,0.002918538171797991
3950,20229120,0,4,0.4,2,0.0001931154984049499,0.0025996603071689606
3950,20229120,0,4,0.4,3,0.00019240764959249645,0.002315518679097295
3950,20229120,0,4,0.4,4,0.00019204951240681112,0.0020616669207811356
4000,20485120,0,4,0.4,0,0.00021881279826629907,0.002601642394438386
4000,20485120,0,4,0.4,1,0.00021807418670505285,0.0023376832250505686
4000,20485120,0,4,0.4,2,0.00021760915115009993,0.002086899010464549
4000,20485120,0,4,0.4,3,0.000217319349758327,0.0018636636668816209
4000,20485120,0,4,0.4,4,0.00021701691730413586,0.0016627887962386012
4050,20741120,0,4,0.4,0,0.0003826488391496241,0.003819426754489541
4050,20741120,0,4,0.4,1,0.0003813472285401076,0.0034318887628614902
4050,20741120,0,4,0.4,2,0.00038030094583518803,0.003070204285904765
4050,20741120,0,4,0.4,3,0.0003791583876591176,0.002747700782492757
4050,20741120,0,4,0.4,4,0.00037871417589485645,0.002458536997437477
4100,20997120,0,4,0.4,0,0.00023340382904279977,0.005090636201202869
4100,20997120,0,4,0.4,1,0.00023103010607883334,0.0044543868862092495
4100,20997120,0,4,0.4,2,0.00022934375738259405,0.003895915811881423
4100,20997120,0,4,0.4,3,0.00022784515749663115,0.0034072138369083405
4100,20997120,0,4,0.4,4,0.0002268358221044764,0.0029833128210157156
4150,21253120,0,4,0.4,0,7.655958324903622e-05,0.0011822767555713654
4150,21253120,0,4,0.4,1,7.612782792421058e-05,0.0010674709919840097
4150,21253120,0,4,0.4,2,7.615553477080539e-05,0.0009531177347525954
4150,21253120,0,4,0.4,3,7.609504973515868e-05,0.0008505065343342721
4150,21253120,0,4,0.4,4,7.592947076773271e-05,0.0007582893595099449
4200,21509120,0,8,0.8,0,0.00013510658754967153,0.00278496858663857
4200,21509120,0,8,0.8,1,0.000134409565362148,0.0024491632357239723
4200,21509120,0,8,0.8,2,0.00013400735042523593,0.002148036379367113
4200,21509120,0,8,0.8,3,0.00013323151506483555,0.001882484764792025
4200,21509120,0,8,0.8,4,0.00013298810517881066,0.0016511065186932683
4200,21509120,0,8,0.8,5,0.00013299913553055376,0.001448781113140285
4200,21509120,0,8,0.8,6,0.00013249485346022993,0.001272639143280685
4200,21509120,0,8,0.8,7,0.00013252266217023134,0.0011185037437826395
4200,21509120,0,8,0.8,8,0.00013236461381893605,0.0009858849225565791
4250,21765120,0,8,0.8,0,0.0001536466006655246,0.0016061373753473163
4250,21765120,0,8,0.8,1,0.0001535052724648267,0.001455807825550437
4250,21765120,0,8,0.8,2,0.00015316087228711694,0.0013052881695330143
4250,21765120,0,8,0.8,3,0.00015312276082113385,0.001170967472717166
4250,21765120,0,8,0.8,4,0.00015304410771932453,0.0010492866858839989
4250,21765120,0,8,0.8,5,0.00015301971870940179,0.0009423403535038233
4250,21765120,0,8,0.8,6,0.00015281105879694223,0.000845730013679713
4250,21765120,0,8,0.8,7,0.00015275478654075414,0.0007609996246173978
4250,21765120,0,8,0.8,8,0.0001530098234070465,0.0006883219466544688
4300,22021120,0,8,0.8,0,0.0014402250526472926,0.017803436145186424
4300,22021120,0,8,0.8,1,0.0014097342500463128,0.016392672434449196
4300,22021120,0,8,0.8,2,0.0013838253216817975,0.015394466929137707
4300,22021120,0,8,0.8,3,0.0013604891719296575,0.01475644949823618
4300,22021120,0,8,0.8,4,0.001339334761723876,0.014417468570172787
4300,22021120,0,8,0.8,5,0.0013185275020077825,0.014314984902739525
4300,22021120,0,8,0.8,6,0.0012979985913261771,0.014361887238919735
4300,22021120,0,8,0.8,7,0.001277462113648653,0.014464440755546093
4300,22021120,0,8,0.8,8,0.0012564166681841016,0.01449758280068636
4350,22277120,0,8,0.8,0,0.000135030088131316,0.0018524265615269542
4350,22277120,0,8,0.8,1,0.00013474120351020247,0.0016787797212600708
4350,22277120,0,8,0.8,2,0.00013461930211633444,0.0015031782677397132
4350,22277120,0,8,0.8,3,0.00013424540520645678,0.001347053679637611
4350,22277120,0,8,0.8,4,0.000133984605781734,0.001205701264552772
4350,22277120,0,8,0.8,5,0.00013393376138992608,0.0010810444364324212
4350,22277120,0,8,0.8,6,0.0001339892332907766,0.0009703081450425088
4350,22277120,0,8,0.8,7,0.000133657522383146,0.0008723911596462131
4350,22277120,0,8,0.8,8,0.0001337939320364967,0.0007885979139246047
4400,22533120,0,8,0.8,0,0.0005621228483505547,0.01965847611427307
4400,22533120,0,8,0.8,1,0.0005259833997115493,0.016956841573119164
4400,22533120,0,8,0.8,2,0.0004995398921892047,0.01442913431674242
4400,22533120,0,8,0.8,3,0.000480161135783419,0.012233390472829342
4400,22533120,0,8,0.8,4,0.00046650058357045054,0.010399490594863892
4400,22533120,0,8,0.8,5,0.0004564397386275232,0.008894690312445164
4400,22533120,0,8,0.8,6,0.0004490365681704134,0.007658966351300478
4400,22533120,0,8,0.8,7,0.0004436919407453388,0.006629702169448137
4400,22533120,0,8,0.8,8,0.0004392799164634198,0.005764605011790991
4450,22789120,0,8,0.8,0,9.998264431487769e-05,0.0010229028994217515
4450,22789120,0,8,0.8,1,9.990045509766787e-05,0.0009362452547065914
4450,22789120,0,8,0.8,2,9.962490003090352e-05,0.0008431538008153439
4450,22789120,0,8,0.8,3,9.967436926672235e-05,0.000758883950766176
4450,22789120,0,8,0.8,4,9.967084770323709e-05,0.0006812411011196673
4450,22789120,0,8,0.8,5,9.952970867743716e-05,0.0006139612523838878
4450,22789120,0,8,0.8,6,9.963582851924002e-05,0.0005531063652597368
4450,22789120,0,8,0.8,7,9.948790830094367e-05,0.0005005092243663967
4450,22789120,0,8,0.8,8,9.952350228559226e-05,0.00045621118624694645
4500,23045120,0,8,0.8,0,0.00012737444194499403,0.0011208774521946907
4500,23045120,0,8,0.8,1,0.00012738711666315794,0.0010291014332324266
4500,23045120,0,8,0.8,2,0.00012731934839393944,0.0009242456289939582
4500,23045120,0,8,0.8,3,0.00012709936709143221,0.0008295634761452675
4500,23045120,0,8,0.8,4,0.0001272509980481118,0.0007421907503157854
4500,23045120,0,8,0.8,5,0.00012709986185654998,0.0006674216710962355
4500,23045120,0,8,0.8,6,0.00012704016990028322,0.0006003400776535273
4500,23045120,0,8,0.8,7,0.00012692256132140756,0.0005430870223790407
4500,23045120,0,8,0.8,8,0.00012701759987976402,0.0004950077855028212
4550,23301120,0,8,0.8,0,0.0002526391763240099,0.003480146871879697
4550,23301120,0,8,0.8,1,0.00025129286223091185,0.003113970858976245
4550,23301120,0,8,0.8,2,0.0002503361611161381,0.0027768078725785017
4550,23301120,0,8,0.8,3,0.0002496133965905756,0.0024749701842665672
4550,23301120,0,8,0.8,4,0.00024928260245360434,0.002206885488703847
4550,23301120,0,8,0.8,5,0.000248663971433416,0.00196882919408381
4550,23301120,0,8,0.8,6,0.00024823108105920255,0.0017575268866494298
4550,23301120,0,8,0.8,7,0.0002478614915162325,0.0015681900549679995
4550,23301120,0,8,0.8,8,0.000247814750764519,0.0014042651746422052
4600,23557120,0,8,0.8,0,0.00017440534429624677,0.0025623540859669447
4600,23557120,0,8,0.8,1,0.00017385269165970385,0.002295154146850109
4600,23557120,0,8,0.8,2,0.00017328461399301887,0.0020446490962058306
4600,23557120,0,8,0.8,3,0.00017301714979112148,0.0018215880263596773
4600,23557120,0,8,0.8,4,0.00017275495338253677,0.001621760195121169
4600,23557120,0,8,0.8,5,0.00017229306104127318,0.0014454532647505403
4600,23557120,0,8,0.8,6,0.0001721242442727089,0.001288748113438487
4600,23557120,0,8,0.8,7,0.00017197038687299937,0.001150383148342371
4600,23557120,0,8,0.8,8,0.000171849227626808,0.0010295086540281773
4650,23813120,0,8,0.8,0,0.00014053142513148487,0.002108431188389659
4650,23813120,0,8,0.8,1,0.00014015976921655238,0.0018696977058425546
4650,23813120,0,8,0.8,2,0.0001398235181113705,0.001644774922169745
4650,23813120,0,8,0.8,3,0.00013960135402157903,0.0014537100214511156
4650,23813120,0,8,0.8,4,0.00013948921696282923,0.001280372147448361
4650,23813120,0,8,0.8,5,0.0001391045079799369,0.0011316700838506222
4650,23813120,0,8,0.8,6,0.00013905964442528784,0.0010012260172516108
4650,23813120,0,8,0.8,7,0.00013898510951548815,0.0008885019924491644
4650,23813120,0,8,0.8,8,0.0001389357930747792,0.0007913008448667824
4700,24069120,0,8,0.8,0,0.00033512257505208254,0.004395375493913889
4700,24069120,0,8,0.8,1,0.0003334647626616061,0.003889851737767458
4700,24069120,0,8,0.8,2,0.00033197252196259797,0.003432617988437414
4700,24069120,0,8,0.8,3,0.00033090313081629574,0.003032759064808488
4700,24069120,0,8,0.8,4,0.00033020981936715543,0.002680425997823477
4700,24069120,0,8,0.8,5,0.00032909028232097626,0.0023729426320642233
4700,24069120,0,8,0.8,6,0.00032880392973311245,0.0020997929386794567
4700,24069120,0,8,0.8,7,0.0003283978730905801,0.001862986828200519
4700,24069120,0,8,0.8,8,0.00032807831303216517,0.0016546874539926648
4750,24325120,0,8,0.8,0,0.0030116993002593517,0.054407812654972076
4750,24325120,0,8,0.8,1,0.0027345113921910524,0.047171831130981445
4750,24325120,0,8,0.8,2,0.0025307810865342617,0.0391249917447567
4750,24325120,0,8,0.8,3,0.0023921746760606766,0.03149847686290741
4750,24325120,0,8,0.8,4,0.002303173765540123,0.02498462051153183
4750,24325120,0,8,0.8,5,0.002247335622087121,0.019745266065001488
4750,24325120,0,8,0.8,6,0.0022124359384179115,0.015642410144209862
4750,24325120,0,8,0.8,7,0.0021907519549131393,0.012471994385123253
4750,24325120,0,8,0.8,8,0.0021764629054814577,0.010025739669799805
4800,24581120,0,8,0.8,0,0.00030916748801246285,0.0050654662773013115
4800,24581120,0,8,0.8,1,0.00030668312683701515,0.0045142946764826775
4800,24581120,0,8,0.8,2,0.0003049264778383076,0.00401604687795043
4800,24581120,0,8,0.8,3,0.0003033115353900939,0.003574941772967577
4800,24581120,0,8,0.8,4,0.0003020947042386979,0.0031798603013157845
4800,24581120,0,8,0.8,5,0.0003011456283275038,0.0028305337764322758
4800,24581120,0,8,0.8,6,0.0003003528981935233,0.002519327914342284
4800,24581120,0,8,0.8,7,0.00029988790629431605,0.0022430862300097942
4800,24581120,0,8,0.8,8,0.00029925102717243135,0.0019991642329841852
4850,24837120,0,8,0.8,0,0.00017684948397800326,0.0015807062154635787
4850,24837120,0,8,0.8,1,0.0001767488574841991,0.0014381807995960116
4850,24837120,0,8,0.8,2,0.00017649178334977478,0.0012886725598946214
4850,24837120,0,8,0.8,3,0.00017649208893999457,0.0011552163632586598
4850,24837120,0,8,0.8,4,0.00017623223538976163,0.0010333660757169127
4850,24837120,0,8,0.8,5,0.00017601798754185438,0.0009279897785745561
4850,24837120,0,8,0.8,6,0.0001761535240802914,0.0008331305580213666
4850,24837120,0,8,0.8,7,0.00017592962831258774,0.0007498933118768036
4850,24837120,0,8,0.8,8,0.00017574829689692706,0.0006791738560423255
4900,25093120,0,8,0.8,0,0.00019291529315523803,0.0021651198621839285
4900,25093120,0,8,0.8,1,0.0001924063399201259,0.0019552840385586023
4900,25093120,0,8,0.8,2,0.0001919722417369485,0.0017522383714094758
4900,25093120,0,8,0.8,3,0.00019166379934176803,0.0015712783206254244
4900,25093120,0,8,0.8,4,0.0001912550360430032,0.0014068827731534839
4900,25093120,0,8,0.8,5,0.00019118939235340804,0.0012624950613826513
4900,25093120,0,8,0.8,6,0.00019091973081231117,0.0011325078085064888
4900,25093120,0,8,0.8,7,0.00019084563245996833,0.001017521950416267
4900,25093120,0,8,0.8,8,0.00019055150914937258,0.0009173047146759927
4950,25349120,0,8,0.8,0,0.0002155662077711895,0.006693179253488779
4950,25349120,0,8,0.8,1,0.00021151495457161218,0.005702444352209568
4950,25349120,0,8,0.8,2,0.00020843303354922682,0.004861562978476286
4950,25349120,0,8,0.8,3,0.0002064825821435079,0.004149355925619602
4950,25349120,0,8,0.8,4,0.00020469089213293046,0.0035473457537591457
4950,25349120,0,8,0.8,5,0.0002034929784713313,0.0030370429158210754
4950,25349120,0,8,0.8,6,0.00020273694826755673,0.0026065432466566563
4950,25349120,0,8,0.8,7,0.00020198112179059535,0.0022396426647901535
4950,25349120,0,8,0.8,8,0.00020149696501903236,0.0019269000040367246
5000,25605120,0,8,0.8,0,0.00043054510024376214,0.009400620125234127
5000,25605120,0,8,0.8,1,0.0004222095594741404,0.007932462729513645
5000,25605120,0,8,0.8,2,0.000416399008827284,0.006759644951671362
5000,25605120,0,8,0.8,3,0.00041234379750676453,0.005815425422042608
5000,25605120,0,8,0.8,4,0.00040913859265856445,0.005035609472543001
5000,25605120,0,8,0.8,5,0.0004067710251547396,0.004385967738926411
5000,25605120,0,8,0.8,6,0.0004049927229061723,0.003843814367428422
5000,25605120,0,8,0.8,7,0.0004034686426166445,0.0033794536720961332
5000,25605120,0,8,0.8,8,0.0004025170055683702,0.0029823933728039265
5050,25861120,0,8,0.8,0,0.00044642004650086164,0.004508655052632093
5050,25861120,0,8,0.8,1,0.00044455035822466016,0.004016115330159664
5050,25861120,0,8,0.8,2,0.0004431879206094891,0.0035654157400131226
5050,25861120,0,8,0.8,3,0.00044184515718370676,0.0031672194600105286
5050,25861120,0,8,0.8,4,0.00044082794920541346,0.0028114451561123133
5050,25861120,0,8,0.8,5,0.00044045961112715304,0.002498060930520296
5050,25861120,0,8,0.8,6,0.00043966108933091164,0.00222030864097178
5050,25861120,0,8,0.8,7,0.00043910977547056973,0.0019740560092031956
5050,25861120,0,8,0.8,8,0.0004388428060337901,0.0017590385396033525
5100,26117120,0,8,0.8,0,0.0008346458780579269,0.003958211746066809
5100,26117120,0,8,0.8,1,0.0008331720600835979,0.003543671453371644
5100,26117120,0,8,0.8,2,0.0008318261243402958,0.0031559548806399107
5100,26117120,0,8,0.8,3,0.0008311207056976855,0.002813329454511404
5100,26117120,0,8,0.8,4,0.0008301943307742476,0.0025071045383810997
5100,26117120,0,8,0.8,5,0.0008295740117318928,0.0022367408964782953
5100,26117120,0,8,0.8,6,0.0008291846606880426,0.001995121594518423
5100,26117120,0,8,0.8,7,0.0008288898970931768,0.0017818405758589506
5100,26117120,0,8,0.8,8,0.0008283101487904787,0.001595145440660417
5150,26373120,0,8,0.8,0,0.002136712893843651,0.01884680800139904
5150,26373120,0,8,0.8,1,0.0021023836452513933,0.017537623643875122
5150,26373120,0,8,0.8,2,0.0020727678202092648,0.01620068959891796
5150,26373120,0,8,0.8,3,0.0020477226935327053,0.014866572804749012
5150,26373120,0,8,0.8,4,0.0020264515187591314,0.013549396768212318
5150,26373120,0,8,0.8,5,0.0020089761819690466,0.012275083921849728
5150,26373120,0,8,0.8,6,0.0019947481341660023,0.01105578988790512
5150,26373120,0,8,0.8,7,0.001983292866498232,0.009914765134453773
5150,26373120,0,8,0.8,8,0.001973676262423396,0.008847529999911785
5200,26629120,0,8,0.8,0,0.0001215365991811268,0.0006636526668444276
5200,26629120,0,8,0.8,1,0.00012141023762524128,0.0006203892407938838
5200,26629120,0,8,0.8,2,0.00012130264076404274,0.0005630674422718585
5200,26629120,0,8,0.8,3,0.00012151082773925737,0.0005093134823255241
5200,26629120,0,8,0.8,4,0.00012141005572630093,0.0004578526131808758
5200,26629120,0,8,0.8,5,0.00012140027683926746,0.0004140906676184386
5200,26629120,0,8,0.8,6,0.00012137452722527087,0.0003748761664610356
5200,26629120,0,8,0.8,7,0.00012150398833910003,0.0003428587515372783
5200,26629120,0,8,0.8,8,0.00012125638750148937,0.00031696452060714364
5250,26885120,0,8,0.8,0,0.00016368551587220281,0.0021751951426267624
5250,26885120,0,8,0.8,1,0.00016343334573321044,0.001958688488230109
5250,26885120,0,8,0.8,2,0.00016308942576870322,0.0017530119512230158
5250,26885120,0,8,0.8,3,0.00016263275756500661,0.0015696530463173985
5250,26885120,0,8,0.8,4,0.00016242623678408563,0.0014047558652237058
5250,26885120,0,8,0.8,5,0.00016230768233072013,0.0012579761678352952
5250,26885120,0,8,0.8,6,0.00016221417172346264,0.0011270185932517052
5250,26885120,0,8,0.8,7,0.0001621373085072264,0.0010109301656484604
5250,26885120,0,8,0.8,8,0.00016195091302506626,0.0009096175781451166
5300,27141120,0,8,0.8,0,0.00014463425031863153,0.0018277168273925781
5300,27141120,0,8,0.8,1,0.00014415959594771266,0.001648719422519207
5300,27141120,0,8,0.8,2,0.00014424238179344684,0.0014760547783225775
5300,27141120,0,8,0.8,3,0.00014366861432790756,0.0013217831728979945
5300,27141120,0,8,0.8,4,0.00014349525736179203,0.0011818775674328208
5300,27141120,0,8,0.8,5,0.00014354308950714767,0.00105955358594656
5300,27141120,0,8,0.8,6,0.0001436703751096502,0.0009492824319750071
5300,27141120,0,8,0.8,7,0.00014349157572723925,0.0008525593439117074
5300,27141120,0,8,0.8,8,0.00014317776367533952,0.0007679391419515014
5350,27397120,0,8,0.8,0,0.00025130229187197983,0.006982545834034681
5350,27397120,0,8,0.8,1,0.0002470400359015912,0.006099529564380646
5350,27397120,0,8,0.8,2,0.00024345435667783022,0.005323048681020737
5350,27397120,0,8,0.8,3,0.00024090376973617822,0.004650351125746965
5350,27397120,0,8,0.8,4,0.00023850801517255604,0.004061827901750803
5350,27397120,0,8,0.8,5,0.00023717405565548688,0.00355053273960948
5350,27397120,0,8,0.8,6,0.0002359229401918128,0.0031075419392436743
5350,27397120,0,8,0.8,7,0.00023504489217884839,0.0027218679897487164
5350,27397120,0,8,0.8,8,0.0002342798834433779,0.0023862430825829506
5400,27653120,0,8,0.8,0,0.0007960191578604281,0.008897167630493641
5400,27653120,0,8,0.8,1,0.0007887154351919889,0.007230711635202169
5400,27653120,0,8,0.8,2,0.0007840312318876386,0.005970593076199293
5400,27653120,0,8,0.8,3,0.0007805341738276184,0.00501636415719986
5400,27653120,0,8,0.8,4,0.0007782448665238917,0.004264256451278925
5400,27653120,0,8,0.8,5,0.0007766218041069806,0.003662610426545143
5400,27653120,0,8,0.8,6,0.0007754406542517245,0.0031744760926812887
5400,27653120,0,8,0.8,7,0.0007746096234768629,0.0027683391235768795
5400,27653120,0,8,0.8,8,0.0007737585110589862,0.002427107887342572
5450,27909120,0,8,0.8,0,0.0005183379398658872,0.011089139617979527
5450,27909120,0,8,0.8,1,0.0005067468155175447,0.009667541831731796
5450,27909120,0,8,0.8,2,0.0004979613586328924,0.008399632759392262
5450,27909120,0,8,0.8,3,0.0004913142183795571,0.007281979080289602
5450,27909120,0,8,0.8,4,0.0004864946531597525,0.006299907341599464
5450,27909120,0,8,0.8,5,0.00048284311196766794,0.0054459902457892895
5450,27909120,0,8,0.8,6,0.0004801065078936517,0.004702597390860319
5450,27909120,0,8,0.8,7,0.00047816685400903225,0.004057056736201048
5450,27909120,0,8,0.8,8,0.0004764463228639215,0.003500316757708788
5500,28165120,0,8,0.8,0,0.0005571756046265364,0.0076399920508265495
5500,28165120,0,8,0.8,1,0.0005515873781405389,0.006714832969009876
5500,28165120,0,8,0.8,2,0.0005471574258990586,0.005893448367714882
5500,28165120,0,8,0.8,3,0.0005439025699160993,0.005171828903257847
5500,28165120,0,8,0.8,4,0.0005414157058112323,0.004538590554147959
5500,28165120,0,8,0.8,5,0.0005395890329964459,0.003983710892498493
5500,28165120,0,8,0.8,6,0.0005382084636949003,0.003498497186228633
5500,28165120,0,8,0.8,7,0.0005369510618038476,0.0030731952283531427
5500,28165120,0,8,0.8,8,0.0005361951189115644,0.002701044315472245
5550,28421120,0,8,0.8,0,0.0005165825714357197,0.009892293252050877
5550,28421120,0,8,0.8,1,0.0005074259242974222,0.008633299730718136
5550,28421120,0,8,0.8,2,0.0005004073609597981,0.007506422698497772
5550,28421120,0,8,0.8,3,0.0004950608708895743,0.006519715767353773
5550,28421120,0,8,0.8,4,0.0004912789445370436,0.005658753681927919
5550,28421120,0,8,0.8,5,0.0004882104112766683,0.0049120294861495495
5550,28421120,0,8,0.8,6,0.00048598446301184595,0.0042638531886041164
5550,28421120,0,8,0.8,7,0.0004843725764658302,0.003707634750753641
5550,28421120,0,8,0.8,8,0.0004830154648516327,0.00322585622780025
5600,28677120,0,16,1.6,0,0.015000025741755962,0.044785331934690475
5600,28677120,0,16,1.6,1,0.014810669235885143,0.03983742743730545
5600,28677120,0,16,1.6,2,0.014660617336630821,0.03549390658736229
5600,28677120,0,16,1.6,3,0.014541642740368843,0.03167729079723358
5600,28677120,0,16,1.6,4,0.014446167275309563,0.028315013274550438
5600,28677120,0,16,1.6,5,0.014370933175086975,0.025347359478473663
5600,28677120,0,16,1.6,6,0.014309510588645935,0.022719580680131912
5600,28677120,0,16,1.6,7,0.014260606840252876,0.020388836041092873
5600,28677120,0,16,1.6,8,0.014221196062862873,0.018320444971323013
5600,28677120,0,16,1.6,9,0.014189186505973339,0.0164785273373127
5600,28677120,0,16,1.6,10,0.014163564890623093,0.014837569557130337
5600,28677120,0,16,1.6,11,0.01414291001856327,0.01337319053709507
5600,28677120,0,16,1.6,12,0.014125656336545944,0.012066476047039032
5600,28677120,0,16,1.6,13,0.014111912809312344,0.010896818712353706
5600,28677120,0,16,1.6,14,0.014100678265094757,0.009850786067545414
5600,28677120,0,16,1.6,15,0.01409146748483181,0.008913554251194
5600,28677120,0,16,1.6,16,0.014084023423492908,0.008076312020421028
5650,28933120,0,16,1.6,0,0.00011114192602690309,0.001174969132989645
5650,28933120,0,16,1.6,1,0.00011099997936980799,0.0010719361016526818
5650,28933120,0,16,1.6,2,0.00011067244486184791,0.0009621832869015634
5650,28933120,0,16,1.6,3,0.00011091917986050248,0.0008637215942144394
5650,28933120,0,16,1.6,4,0.00011077518865931779,0.0007735139224678278
5650,28933120,0,16,1.6,5,0.00011073767382185906,0.0006952658295631409
5650,28933120,0,16,1.6,6,0.00011070987238781527,0.00062498141778633
5650,28933120,0,16,1.6,7,0.00011057125084334984,0.0005641476600430906
5650,28933120,0,16,1.6,8,0.00011085259029641747,0.0005123359733261168
5650,28933120,0,16,1.6,9,0.00011048276064684615,0.0004634298966266215
5650,28933120,0,16,1.6,10,0.00011063520651077852,0.0004244328010827303
5650,28933120,0,16,1.6,11,0.00011063748388551176,0.00038983221747912467
5650,28933120,0,16,1.6,12,0.0001104681141441688,0.00036077358527109027
5650,28933120,0,16,1.6,13,0.00011065322178183123,0.00033564644400030375
5650,28933120,0,16,1.6,14,0.00011055309732910246,0.0003153921279590577
5650,28933120,0,16,1.6,15,0.00011068228195654228,0.0002976521791424602
5650,28933120,0,16,1.6,16,0.00011069410538766533,0.00028349191416054964
5700,29189120,0,16,1.6,0,0.0013602712424471974,0.014009281992912292
5700,29189120,0,16,1.6,1,0.0013419849565252662,0.012348344549536705
5700,29189120,0,16,1.6,2,0.0013276197714731097,0.010875653475522995
5700,29189120,0,16,1.6,3,0.0013166003627702594,0.00958558451384306
5700,29189120,0,16,1.6,4,0.001307800179347396,0.008446392603218555
5700,29189120,0,16,1.6,5,0.0013010920956730843,0.0074491193518042564
5700,29189120,0,16,1.6,6,0.00129605398979038,0.006571456324309111
5700,29189120,0,16,1.6,7,0.0012918986612930894,0.005800226703286171
5700,29189120,0,16,1.6,8,0.0012887041084468365,0.005121662747114897
5700,29189120,0,16,1.6,9,0.001286282204091549,0.004521795082837343
5700,29189120,0,16,1.6,10,0.0012842454016208649,0.003996886312961578
5700,29189120,0,16,1.6,11,0.001282848883420229,0.0035337519366294146
5700,29189120,0,16,1.6,12,0.0012815933441743255,0.003127046162262559
5700,29189120,0,16,1.6,13,0.0012807253515347838,0.002767798490822315
5700,29189120,0,16,1.6,14,0.0012799937976524234,0.002452964661642909
5700,29189120,0,16,1.6,15,0.0012794381473213434,0.0021762228570878506
5700,29189120,0,16,1.6,16,0.0012789824977517128,0.0019327894551679492
5750,29445120,0,16,1.6,0,0.000128421641420573,0.0017178376438096166
5750,29445120,0,16,1.6,1,0.00012823760334867984,0.0015539221931248903
5750,29445120,0,16,1.6,2,0.00012812271597795188,0.0013902231585234404
5750,29445120,0,16,1.6,3,0.00012787707964889705,0.0012440370628610253
5750,29445120,0,16,1.6,4,0.0001277745031984523,0.001111326040700078
5750,29445120,0,16,1.6,5,0.00012769713066518307,0.0009952527470886707
5750,29445120,0,16,1.6,6,0.0001274486567126587,0.0008911200566217303
5750,29445120,0,16,1.6,7,0.000127558276290074,0.00080049445386976
5750,29445120,0,16,1.6,8,0.00012741789396386594,0.0007228938629850745
5750,29445120,0,16,1.6,9,0.00012745585991069674,0.0006498598959296942
5750,29445120,0,16,1.6,10,0.0001275594549952075,0.0005886147846467793
5750,29445120,0,16,1.6,11,0.0001273347152164206,0.00053619802929461
5750,29445120,0,16,1.6,12,0.00012714872718788683,0.0004899895866401494
5750,29445120,0,16,1.6,13,0.00012735991913359612,0.00044981532846577466
5750,29445120,0,16,1.6,14,0.00012715734192170203,0.0004156275826971978
5750,29445120,0,16,1.6,15,0.00012719869846478105,0.0003865080652758479
5750,29445120,0,16,1.6,16,0.00012733033508993685,0.0003620288334786892
5800,29701120,0,16,1.6,0,0.00022381916642189026,0.002176221925765276
5800,29701120,0,16,1.6,1,0.00022364981123246253,0.001963464543223381
5800,29701120,0,16,1.6,2,0.00022314791567623615,0.0017558129038661718
5800,29701120,0,16,1.6,3,0.00022293167421594262,0.0015713060274720192
5800,29701120,0,16,1.6,4,0.0002227500081062317,0.001404558657668531
5800,29701120,0,16,1.6,5,0.00022243463899940252,0.0012578389141708612
5800,29701120,0,16,1.6,6,0.00022238981910049915,0.0011265641078352928
5800,29701120,0,16,1.6,7,0.00022210173483472317,0.0010105979163199663
5800,29701120,0,16,1.6,8,0.00022214691853150725,0.0009100505267269909
5800,29701120,0,16,1.6,9,0.00022193130280356854,0.0008164405589923263
5800,29701120,0,16,1.6,10,0.00022196392819751054,0.0007374772685579956
5800,29701120,0,16,1.6,11,0.0002218778245151043,0.0006680804654024541
5800,29701120,0,16,1.6,12,0.00022169490694068372,0.0006060001906007528
5800,29701120,0,16,1.6,13,0.00022174048353917897,0.0005516771925613284
5800,29701120,0,16,1.6,14,0.00022181207896210253,0.0005058582755737007
5800,29701120,0,16,1.6,15,0.0002219136367784813,0.0004647475725505501
5800,29701120,0,16,1.6,16,0.00022183486726135015,0.00042990827932953835
5850,29957120,0,16,1.6,0,0.0001306640770053491,0.001196852303110063
5850,29957120,0,16,1.6,1,0.00013058714102953672,0.0010962533997371793
5850,29957120,0,16,1.6,2,0.00013039979967288673,0.0009839829290285707
5850,29957120,0,16,1.6,3,0.00013016542652621865,0.0008834145846776664
5850,29957120,0,16,1.6,4,0.000130075728520751,0.000791015918366611
5850,29957120,0,16,1.6,5,0.00013019419566262513,0.0007111655431799591
5850,29957120,0,16,1.6,6,0.00013010585098527372,0.0006395333912223577
5850,29957120,0,16,1.6,7,0.0001301221491303295,0.0005776860052719712
5850,29957120,0,16,1.6,8,0.0001300528965657577,0.0005261995829641819
5850,29957120,0,16,1.6,9,0.00012996750592719764,0.0004764483019243926
5850,29957120,0,16,1.6,10,0.00013008185487706214,0.00043723866110667586
5850,29957120,0,16,1.6,11,0.00012984679779037833,0.0004038841580040753
5850,29957120,0,16,1.6,12,0.0001299472787650302,0.00037433960824273527
5850,29957120,0,16,1.6,13,0.000129915977595374,0.0003499333397485316
5850,29957120,0,16,1.6,14,0.0001299183495575562,0.00032970201573334634
5850,29957120,0,16,1.6,15,0.00012990622781217098,0.0003126572410110384
5850,29957120,0,16,1.6,16,0.00012996187433600426,0.00029897605418227613
5900,30213120,0,16,1.6,0,0.003748763119801879,0.01549079455435276
5900,30213120,0,16,1.6,1,0.0037257829681038857,0.014235630631446838
5900,30213120,0,16,1.6,2,0.003706465009599924,0.013134577311575413
5900,30213120,0,16,1.6,3,0.00368978432379663,0.012183789163827896
5900,30213120,0,16,1.6,4,0.0036753693129867315,0.011370872147381306
5900,30213120,0,16,1.6,5,0.003663010895252228,0.010694079101085663
5900,30213120,0,16,1.6,6,0.00365137355402112,0.010140713304281235
5900,30213120,0,16,1.6,7,0.0036416533403098583,0.00970214232802391
5900,30213120,0,16,1.6,8,0.0036323426757007837,0.009376066736876965
5900,30213120,0,16,1.6,9,0.0036237386520951986,0.009135464206337929
5900,30213120,0,16,1.6,10,0.003615542547777295,0.008985096588730812
5900,30213120,0,16,1.6,11,0.003607541788369417,0.008898849599063396
5900,30213120,0,16,1.6,12,0.003599792020395398,0.008867623284459114
5900,30213120,0,16,1.6,13,0.0035918192006647587,0.00886672455817461
5900,30213120,0,16,1.6,14,0.0035839006304740906,0.008883476257324219
5900,30213120,0,16,1.6,15,0.0035763343330472708,0.00890349317342043
5900,30213120,0,16,1.6,16,0.0035679033026099205,0.00890866108238697
5950,30469120,0,16,1.6,0,0.00016902692732401192,0.0018264158861711621
5950,30469120,0,16,1.6,1,0.0001688357733655721,0.0016478404868394136
5950,30469120,0,16,1.6,2,0.00016866000078152865,0.0014717398444190621
5950,30469120,0,16,1.6,3,0.0001684985327301547,0.0013140335213392973
5950,30469120,0,16,1.6,4,0.0001682132569840178,0.0011717589804902673
5950,30469120,0,16,1.6,5,0.0001679693814367056,0.001047879341058433
5950,30469120,0,16,1.6,6,0.00016786348714958876,0.0009370942134410143
5950,30469120,0,16,1.6,7,0.00016809988301247358,0.0008401571540161967
5950,30469120,0,16,1.6,8,0.00016788415086921304,0.0007567082648165524
5950,30469120,0,16,1.6,9,0.00016774288087617606,0.0006790189072489738
5950,30469120,0,16,1.6,10,0.00016774088726378977,0.0006140565383248031
5950,30469120,0,16,1.6,11,0.00016769928333815187,0.0005571956280618906
5950,30469120,0,16,1.6,12,0.000167515900102444,0.000507813529111445
5950,30469120,0,16,1.6,13,0.00016756057448219508,0.0004641319392248988
5950,30469120,0,16,1.6,14,0.0001673699007369578,0.0004279872518964112
5950,30469120,0,16,1.6,15,0.00016749565838836133,0.00039628756348975003
5950,30469120,0,16,1.6,16,0.00016721960855647922,0.0003698960936162621
6000,30725120,0,16,1.6,0,0.00017222457972820848,0.0015433765947818756
6000,30725120,0,16,1.6,1,0.00017229134391527623,0.001392835401929915
6000,30725120,0,16,1.6,2,0.00017203316383529454,0.0012426158646121621
6000,30725120,0,16,1.6,3,0.0001719787687761709,0.001108455704525113
6000,30725120,0,16,1.6,4,0.00017172620573546737,0.0009869718924164772
6000,30725120,0,16,1.6,5,0.00017178086272906512,0.0008817571797408164
6000,30725120,0,16,1.6,6,0.00017150750500150025,0.0007878304459154606
6000,30725120,0,16,1.6,7,0.0001715005055302754,0.0007055947207845747
6000,30725120,0,16,1.6,8,0.00017145399760920554,0.0006350608891807497
6000,30725120,0,16,1.6,9,0.00017150683561339974,0.000571036187466234
6000,30725120,0,16,1.6,10,0.00017135313828475773,0.0005162174347788095
6000,30725120,0,16,1.6,11,0.00017154950182884932,0.000470210041385144
6000,30725120,0,16,1.6,12,0.00017133064102381468,0.00042969000060111284
6000,30725120,0,16,1.6,13,0.00017132284119725227,0.00039504229789599776
6000,30725120,0,16,1.6,14,0.0001715212274575606,0.0003662453091237694
6000,30725120,0,16,1.6,15,0.0001714254030957818,0.0003414483508095145
6000,30725120,0,16,1.6,16,0.00017145070887636393,0.00032111193286255
6050,30981120,0,16,1.6,0,9.885847975965589e-05,0.0011765966191887856
6050,30981120,0,16,1.6,1,9.869292262010276e-05,0.0010731525253504515
6050,30981120,0,16,1.6,2,9.851576760411263e-05,0.0009645692189224064
6050,30981120,0,16,1.6,3,9.823311847867444e-05,0.0008666719077154994
6050,30981120,0,16,1.6,4,9.842174040386453e-05,0.00077718315878883
6050,30981120,0,16,1.6,5,9.827656322158873e-05,0.0006986440275795758
6050,30981120,0,16,1.6,6,9.827195754041895e-05,0.0006291583413258195
6050,30981120,0,16,1.6,7,9.837994002737105e-05,0.0005677245790138841
6050,30981120,0,16,1.6,8,9.810131450649351e-05,0.0005153596284799278
6050,30981120,0,16,1.6,9,9.819353726925328e-05,0.000467172940261662
6050,30981120,0,16,1.6,10,9.820794366532937e-05,0.00042738800402730703
6050,30981120,0,16,1.6,11,9.822721040109172e-05,0.00039339999784715474
6050,30981120,0,16,1.6,12,9.811293421080336e-05,0.0003634672611951828
6050,30981120,0,16,1.6,13,9.819798287935555e-05,0.00033808324951678514
6050,30981120,0,16,1.6,14,9.814043005462736e-05,0.0003171791904605925
6050,30981120,0,16,1.6,15,9.836439858190715e-05,0.0002994363312609494
6050,30981120,0,16,1.6,16,9.819237311603501e-05,0.00028449296951293945
6100,31237120,0,16,1.6,0,0.0005007832078263164,0.0035074958577752113
6100,31237120,0,16,1.6,1,0.0004998286021873355,0.0031473487615585327
6100,31237120,0,16,1.6,2,0.0004987841239199042,0.002808487508445978
6100,31237120,0,16,1.6,3,0.0004980785306543112,0.002508099190890789
6100,31237120,0,16,1.6,4,0.0004973807372152805,0.002238616580143571
6100,31237120,0,16,1.6,5,0.0004970352747477591,0.002000449225306511
6100,31237120,0,16,1.6,6,0.0004965431871823967,0.0017858282662928104
6100,31237120,0,16,1.6,7,0.0004962441162206233,0.001597678055986762
6100,31237120,0,16,1.6,8,0.000496008200570941,0.0014312125276774168
6100,31237120,0,16,1.6,9,0.0004958396311849356,0.0012806419981643558
6100,31237120,0,16,1.6,10,0.0004956846823915839,0.0011491910554468632
6100,31237120,0,16,1.6,11,0.0004957023193128407,0.0010331908706575632
6100,31237120,0,16,1.6,12,0.0004953997558914125,0.000930022681131959
6100,31237120,0,16,1.6,13,0.000495513784699142,0.0008398554055020213
6100,31237120,0,16,1.6,14,0.0004954056348651648,0.0007605749415233731
6100,31237120,0,16,1.6,15,0.000495288462843746,0.0006904973415657878
6100,31237120,0,16,1.6,16,0.0004953364841639996,0.0006290722521953285
6150,31493120,0,16,1.6,0,0.0003669504076242447,0.014414062723517418
6150,31493120,0,16,1.6,1,0.00034784217132255435,0.012089488096535206
6150,31493120,0,16,1.6,2,0.00033450566115789115,0.010133310221135616
6150,31493120,0,16,1.6,3,0.00032502374961040914,0.008499467745423317
6150,31493120,0,16,1.6,4,0.0003182924701832235,0.007133647799491882
6150,31493120,0,16,1.6,5,0.000313702505081892,0.005989769008010626
6150,31493120,0,16,1.6,6,0.00031041522743180394,0.005036675371229649
6150,31493120,0,16,1.6,7,0.00030786843854002655,0.004238884896039963
6150,31493120,0,16,1.6,8,0.0003065270429942757,0.0035736695863306522
6150,31493120,0,16,1.6,9,0.0003052308165933937,0.0030139207374304533
6150,31493120,0,16,1.6,10,0.0003043872129637748,0.0025508301332592964
6150,31493120,0,16,1.6,11,0.0003036425041500479,0.002156889531761408
6150,31493120,0,16,1.6,12,0.00030326773412525654,0.0018300857627764344
6150,31493120,0,16,1.6,13,0.00030295326723717153,0.0015539106680080295
6150,31493120,0,16,1.6,14,0.00030277762562036514,0.001321994699537754
6150,31493120,0,16,1.6,15,0.0003025832702405751,0.0011286051012575626
6150,31493120,0,16,1.6,16,0.0003025951737072319,0.0009670740109868348
6200,31749120,0,16,1.6,0,6.814920925535262e-05,0.0009755893261171877
6200,31749120,0,16,1.6,1,6.787957681808621e-05,0.0008891311008483171
6200,31749120,0,16,1.6,2,6.805717566749081e-05,0.0007987444405443966
6200,31749120,0,16,1.6,3,6.818527617724612e-05,0.0007170963217504323
6200,31749120,0,16,1.6,4,6.79705262882635e-05,0.0006422664155252278
6200,31749120,0,16,1.6,5,6.806200690334663e-05,0.0005769241251982749
6200,31749120,0,16,1.6,6,6.814431253587827e-05,0.0005188792129047215
6200,31749120,0,16,1.6,7,6.80946177453734e-05,0.0004683122388087213
6200,31749120,0,16,1.6,8,6.808601756347343e-05,0.00042557012056931853
6200,31749120,0,16,1.6,9,6.780133116990328e-05,0.0003858642594423145
6200,31749120,0,16,1.6,10,6.800948904128745e-05,0.0003539355529937893
6200,31749120,0,16,1.6,11,6.789987673982978e-05,0.00032614084193482995
6200,31749120,0,16,1.6,12,6.793365173507482e-05,0.0003022438904736191
6200,31749120,0,16,1.6,13,6.783780554542318e-05,0.00028217927319929004
6200,31749120,0,16,1.6,14,6.79619115544483e-05,0.00026623145095072687
6200,31749120,0,16,1.6,15,6.799086258979514e-05,0.00025251536862924695
6200,31749120,0,16,1.6,16,6.797356763854623e-05,0.000241286659729667
6250,32005120,0,16,1.6,0,9.196954488288611e-05,0.0016892558196559548
6250,32005120,0,16,1.6,1,9.178843174595386e-05,0.0015096443239599466
6250,32005120,0,16,1.6,2,9.168250835500658e-05,0.0013372910907492042
6250,32005120,0,16,1.6,3,9.142593626165763e-05,0.0011867731809616089
6250,32005120,0,16,1.6,4,9.127595694735646e-05,0.0010503060184419155
6250,32005120,0,16,1.6,5,9.119854803429917e-05,0.000932327180635184
6250,32005120,0,16,1.6,6,9.123977361014113e-05,0.0008288008393719792
6250,32005120,0,16,1.6,7,9.091333777178079e-05,0.0007377461879514158
6250,32005120,0,16,1.6,8,9.123754716711119e-05,0.000660864170640707
6250,32005120,0,16,1.6,9,9.111000690609217e-05,0.0005898482631891966
6250,32005120,0,16,1.6,10,9.086816135095432e-05,0.0005313967121765018
6250,32005120,0,16,1.6,11,9.116406727116555e-05,0.0004790076636709273
6250,32005120,0,16,1.6,12,9.087099897442386e-05,0.0004368853406049311
6250,32005120,0,16,1.6,13,9.091541141970083e-05,0.00039831121102906764
6250,32005120,0,16,1.6,14,9.084524208446965e-05,0.0003671894664876163
6250,32005120,0,16,1.6,15,9.081180178327486e-05,0.000340437691193074
6250,32005120,0,16,1.6,16,9.092434629565105e-05,0.0003184760280419141
6300,32261120,0,16,1.6,0,7.776466372888535e-05,0.0011311550624668598
6300,32261120,0,16,1.6,1,7.752668898319826e-05,0.0010325283510610461
6300,32261120,0,16,1.6,2,7.753694808343425e-05,0.0009267876157537103
6300,32261120,0,16,1.6,3,7.746220217086375e-05,0.0008316703024320304
6300,32261120,0,16,1.6,4,7.72888379287906e-05,0.0007444802322424948
6300,32261120,0,16,1.6,5,7.745895709376782e-05,0.0006691067246720195
6300,32261120,0,16,1.6,6,7.741141598671675e-05,0.0006014998070895672
6300,32261120,0,16,1.6,7,7.742222078377381e-05,0.0005429342854768038
6300,32261120,0,16,1.6,8,7.710305362707004e-05,0.0004936044570058584
6300,32261120,0,16,1.6,9,7.724660099484026e-05,0.0004469369596336037
6300,32261120,0,16,1.6,10,7.71256018197164e-05,0.00040931993862614036
6300,32261120,0,16,1.6,11,7.732253288850188e-05,0.0003772004274651408
6300,32261120,0,16,1.6,12,7.706669566687196e-05,0.00034936307929456234
6300,32261120,0,16,1.6,13,7.713669037912041e-05,0.00032583402935415506
6300,32261120,0,16,1.6,14,7.701048161834478e-05,0.00030661310302093625
6300,32261120,0,16,1.6,15,7.719400309724733e-05,0.00029000244103372097
6300,32261120,0,16,1.6,16,7.716036634519696e-05,0.000277231476502493
6350,32517120,0,16,1.6,0,7.020882912911475e-05,0.00137459603138268
6350,32517120,0,16,1.6,1,7.03696277923882e-05,0.0012346978764981031
6350,32517120,0,16,1.6,2,6.993921851972118e-05,0.0010971168521791697
6350,32517120,0,16,1.6,3,6.982193008298054e-05,0.0009764358983375132
6350,32517120,0,16,1.6,4,6.968722300371155e-05,0.0008665021159686148
6350,32517120,0,16,1.6,5,6.966752698644996e-05,0.0007714477251283824
6350,32517120,0,16,1.6,6,6.968181696720421e-05,0.000688124739099294
6350,32517120,0,16,1.6,7,6.956167635507882e-05,0.0006154414149932563
6350,32517120,0,16,1.6,8,6.954377749934793e-05,0.0005528887268155813
6350,32517120,0,16,1.6,9,6.946339271962643e-05,0.0004952859599143267
6350,32517120,0,16,1.6,10,6.950626993784681e-05,0.0004489080747589469
6350,32517120,0,16,1.6,11,6.943633343325928e-05,0.00040783392614685
6350,32517120,0,16,1.6,12,6.949937960598618e-05,0.0003728478914126754
6350,32517120,0,16,1.6,13,6.935782585060224e-05,0.0003423089801799506
6350,32517120,0,16,1.6,14,6.946978101041168e-05,0.00031763105653226376
6350,32517120,0,16,1.6,15,6.950803071958944e-05,0.00029651698423549533
6350,32517120,0,16,1.6,16,6.954231503186747e-05,0.0002794876345433295
6400,32773120,0,16,1.6,0,0.0011320592602714896,0.02861098200082779
6400,32773120,0,16,1.6,1,0.0010555043118074536,0.024995435029268265
6400,32773120,0,16,1.6,2,0.0009978206362575293,0.02068285457789898
6400,32773120,0,16,1.6,3,0.0009598549804650247,0.016182295978069305
6400,32773120,0,16,1.6,4,0.0009366282029077411,0.012187025509774685
6400,32773120,0,16,1.6,5,0.000923953833989799,0.009099222719669342
6400,32773120,0,16,1.6,6,0.0009167532552964985,0.006930389907211065
6400,32773120,0,16,1.6,7,0.000912274292204529,0.0054514058865606785
6400,32773120,0,16,1.6,8,0.0009097622823901474,0.004437678959220648
6400,32773120,0,16,1.6,9,0.0009077691356651485,0.003712871577590704
6400,32773120,0,16,1.6,10,0.0009065536432899535,0.003168572438880801
6400,32773120,0,16,1.6,11,0.0009057096322067082,0.0027377172373235226
6400,32773120,0,16,1.6,12,0.0009048083447851241,0.002382606500759721
6400,32773120,0,16,1.6,13,0.000904459273442626,0.0020863970275968313
6400,32773120,0,16,1.6,14,0.0009037143900059164,0.001833588001318276
6400,32773120,0,16,1.6,15,0.0009036517585627735,0.0016183089464902878
6400,32773120,0,16,1.6,16,0.0009034911636263132,0.0014302658382803202
6450,33029120,0,16,1.6,0,0.001501574064604938,0.04835382103919983
6450,33029120,0,16,1.6,1,0.001292145112529397,0.03824763000011444
6450,33029120,0,16,1.6,2,0.0011617952259257436,0.029667234048247337
6450,33029120,0,16,1.6,3,0.001084305695258081,0.022790001705288887
6450,33029120,0,16,1.6,4,0.001038178103044629,0.017433175817131996
6450,33029120,0,16,1.6,5,0.0010114217875525355,0.013341396115720272
6450,33029120,0,16,1.6,6,0.0009955817367881536,0.010249665006995201
6450,33029120,0,16,1.6,7,0.0009865934262052178,0.007927916012704372
6450,33029120,0,16,1.6,8,0.000980848097242415,0.0061943489126861095
6450,33029120,0,16,1.6,9,0.0009775644866749644,0.004897376522421837
6450,33029120,0,16,1.6,10,0.0009754497441463172,0.003924564924091101
6450,33029120,0,16,1.6,11,0.000973820686340332,0.003190464572981
6450,33029120,0,16,1.6,12,0.0009729642188176513,0.002633738098666072
6450,33029120,0,16,1.6,13,0.0009724186384119093,0.0022045783698558807
6450,33029120,0,16,1.6,14,0.0009719308000057936,0.0018718824721872807
6450,33029120,0,16,1.6,15,0.0009714175830595195,0.001606907113455236
6450,33029120,0,16,1.6,16,0.0009712776518426836,0.0013935918686911464
6500,33285120,0,16,1.6,0,8.008874283405021e-05,0.0017050779424607754
6500,33285120,0,16,1.6,1,8.009151497390121e-05,0.0015320308739319444
6500,33285120,0,16,1.6,2,7.974571781232953e-05,0.0013648108579218388
6500,33285120,0,16,1.6,3,7.938239286886528e-05,0.0012148807290941477
6500,33285120,0,16,1.6,4,7.948637357912958e-05,0.0010804664343595505
6500,33285120,0,16,1.6,5,7.921885116957128e-05,0.0009638648480176926
6500,33285120,0,16,1.6,6,7.935617031762376e-05,0.0008593115489929914
6500,33285120,0,16,1.6,7,7.898053445387632e-05,0.0007671023486182094
6500,33285120,0,16,1.6,8,7.913087029010057e-05,0.0006888509378768504
6500,33285120,0,16,1.6,9,7.912635919637978e-05,0.0006164386868476868
6500,33285120,0,16,1.6,10,7.880732300691307e-05,0.000555971113499254
6500,33285120,0,16,1.6,11,7.914757588878274e-05,0.0005032143089920282
6500,33285120,0,16,1.6,12,7.895107410149649e-05,0.000456763751571998
6500,33285120,0,16,1.6,13,7.88464312790893e-05,0.0004166574508417398
6500,33285120,0,16,1.6,14,7.907175313448533e-05,0.0003833549271803349
6500,33285120,0,16,1.6,15,7.907395774964243e-05,0.00035497278440743685
6500,33285120,0,16,1.6,16,7.881566853029653e-05,0.0003306999569758773
6550,33541120,0,16,1.6,0,7.830162940081209e-05,0.0013353702379390597
6550,33541120,0,16,1.6,1,7.817503501428291e-05,0.0012055481784045696
6550,33541120,0,16,1.6,2,7.784019544487819e-05,0.0010767295025289059
6550,33541120,0,16,1.6,3,7.797885336913168e-05,0.0009616160532459617
6550,33541120,0,16,1.6,4,7.788332004565746e-05,0.0008577335393056273
6550,33541120,0,16,1.6,5,7.76806627982296e-05,0.0007671928615309298
6550,33541120,0,16,1.6,6,7.769793592160568e-05,0.0006861608708277345
6550,33541120,0,16,1.6,7,7.766223279759288e-05,0.0006155477603897452
6550,33541120,0,16,1.6,8,7.756068953312933e-05,0.0005545379826799035
6550,33541120,0,16,1.6,9,7.758961146464571e-05,0.000499251123983413
6550,33541120,0,16,1.6,10,7.726496551185846e-05,0.00045208842493593693
6550,33541120,0,16,1.6,11,7.76427477831021e-05,0.00041192423668690026
6550,33541120,0,16,1.6,12,7.766892667859793e-05,0.00037690403405576944
6550,33541120,0,16,1.6,13,7.744905451545492e-05,0.00034708139719441533
6550,33541120,0,16,1.6,14,7.754243415547535e-05,0.0003227489651180804
6550,33541120,0,16,1.6,15,7.758767605992034e-05,0.00030141056049615145
6550,33541120,0,16,1.6,16,7.759450090816244e-05,0.0002836506173480302
6600,33797120,0,16,1.6,0,0.00016212734044529498,0.0021440109703689814
6600,33797120,0,16,1.6,1,0.00016147037968039513,0.001925832126289606
6600,33797120,0,16,1.6,2,0.0001611573970876634,0.0017148086335510015
6600,33797120,0,16,1.6,3,0.00016097725892905146,0.001527814194560051
6600,33797120,0,16,1.6,4,0.0001608632446732372,0.0013595157070085406
6600,33797120,0,16,1.6,5,0.0001606684090802446,0.0012126052752137184
6600,33797120,0,16,1.6,6,0.000160387804498896,0.0010819792514666915
6600,33797120,0,16,1.6,7,0.00016042507195379585,0.0009664767421782017
6600,33797120,0,16,1.6,8,0.00016023060015868396,0.0008675458375364542
6600,33797120,0,16,1.6,9,0.0001599926472408697,0.0007759308209642768
6600,33797120,0,16,1.6,10,0.00016026369121391326,0.0006987324450165033
6600,33797120,0,16,1.6,11,0.00016017991583794355,0.0006310034659691155
6600,33797120,0,16,1.6,12,0.00016026210505515337,0.0005721634952351451
6600,33797120,0,16,1.6,13,0.00016021956980694085,0.0005208424990996718
6600,33797120,0,16,1.6,14,0.00015999878814909607,0.0004769790393766016
6600,33797120,0,16,1.6,15,0.00015981151955202222,0.00043872103560715914
6600,33797120,0,16,1.6,16,0.00015991658437997103,0.0004066787369083613
6650,34053120,0,16,1.6,0,0.0011956568341702223,0.019363829866051674
6650,34053120,0,16,1.6,1,0.001161902560852468,0.015837781131267548
6650,34053120,0,16,1.6,2,0.001138788997195661,0.013370399363338947
6650,34053120,0,16,1.6,3,0.0011221244931221008,0.011543164029717445
6650,34053120,0,16,1.6,4,0.0011096212547272444,0.010097090154886246
6650,34053120,0,16,1.6,5,0.0011001832317560911,0.008907812647521496
6650,34053120,0,16,1.6,6,0.0010927246185019612,0.007896036840975285
6650,34053120,0,16,1.6,7,0.0010868232930079103,0.007021728437393904
6650,34053120,0,16,1.6,8,0.0010820889146998525,0.006256116554141045
6650,34053120,0,16,1.6,9,0.0010783738689497113,0.005575770977884531
6650,34053120,0,16,1.6,10,0.0010755774565041065,0.004974258132278919
6650,34053120,0,16,1.6,11,0.0010731174843385816,0.0044383639469742775
6650,34053120,0,16,1.6,12,0.0010713841766119003,0.00395940663293004
6650,34053120,0,16,1.6,13,0.0010697529651224613,0.003531272290274501
6650,34053120,0,16,1.6,14,0.001068715937435627,0.003148766467347741
6650,34053120,0,16,1.6,15,0.0010676842648535967,0.0028079322073608637
6650,34053120,0,16,1.6,16,0.0010670990450307727,0.002503344789147377
6700,34309120,0,16,1.6,0,0.00013612123439088464,0.0015415132511407137
6700,34309120,0,16,1.6,1,0.00013590679736807942,0.0014000588562339544
6700,34309120,0,16,1.6,2,0.00013576015771832317,0.0012535711284726858
6700,34309120,0,16,1.6,3,0.00013562275853473693,0.0011229151859879494
6700,34309120,0,16,1.6,4,0.00013567443238571286,0.0010041985660791397
6700,34309120,0,16,1.6,5,0.00013548745482694358,0.000900386250577867
6700,34309120,0,16,1.6,6,0.00013513826706912369,0.0008073939243331552
6700,34309120,0,16,1.6,7,0.00013512275472749025,0.0007262355065904558
6700,34309120,0,16,1.6,8,0.00013522335211746395,0.0006575481966137886
6700,34309120,0,16,1.6,9,0.0001351663813693449,0.0005923000280745327
6700,34309120,0,16,1.6,10,0.00013515102909877896,0.0005385411204770207
6700,34309120,0,16,1.6,11,0.0001351534010609612,0.0004920383798889816
6700,34309120,0,16,1.6,12,0.000135040347231552,0.0004513629828579724
6700,34309120,0,16,1.6,13,0.00013516501348931342,0.00041664118180051446
6700,34309120,0,16,1.6,14,0.00013503384252544492,0.0003878974530380219
6700,34309120,0,16,1.6,15,0.00013503004447557032,0.00036254062433727086
6700,34309120,0,16,1.6,16,0.0001350791280856356,0.000341586273862049
6750,34565120,0,16,1.6,0,0.0004107980348635465,0.008115794509649277
6750,34565120,0,16,1.6,1,0.00040486460784450173,0.007145487703382969
6750,34565120,0,16,1.6,2,0.00040002024616114795,0.006280651316046715
6750,34565120,0,16,1.6,3,0.0003962767368648201,0.00551823852583766
6750,34565120,0,16,1.6,4,0.00039343713433481753,0.004843806382268667
6750,34565120,0,16,1.6,5,0.0003913228283636272,0.004249420948326588
6750,34565120,0,16,1.6,6,0.0003895372792612761,0.0037287480663508177
6750,34565120,0,16,1.6,7,0.0003882276942022145,0.003271376946941018
6750,34565120,0,16,1.6,8,0.0003873392124660313,0.0028697936795651913
6750,34565120,0,16,1.6,9,0.000386718544177711,0.002518176566809416
6750,34565120,0,16,1.6,10,0.00038619906990788877,0.0022099255584180355
6750,34565120,0,16,1.6,11,0.00038567153387703,0.0019392214016988873
6750,34565120,0,16,1.6,12,0.00038496669731102884,0.0017049424350261688
6750,34565120,0,16,1.6,13,0.0003849243512377143,0.0014990316703915596
6750,34565120,0,16,1.6,14,0.00038473153836093843,0.0013203249545767903
6750,34565120,0,16,1.6,15,0.0003844299935735762,0.0011646522907540202
6750,34565120,0,16,1.6,16,0.0003843057493213564,0.001027352991513908
6800,34821120,0,16,1.6,0,0.0001454916928196326,0.0021532918326556683
6800,34821120,0,16,1.6,1,0.00014503531565424055,0.0019190419698134065
6800,34821120,0,16,1.6,2,0.00014464119158219546,0.001703093177638948
6800,34821120,0,16,1.6,3,0.00014433171600103378,0.0015107516665011644
6800,34821120,0,16,1.6,4,0.00014428522263187915,0.0013397290604189038
6800,34821120,0,16,1.6,5,0.00014400482177734375,0.001188078778795898
6800,34821120,0,16,1.6,6,0.00014404642570298165,0.0010557956993579865
6800,34821120,0,16,1.6,7,0.00014397998165804893,0.0009394164080731571
6800,34821120,0,16,1.6,8,0.0001436788879800588,0.0008374418830499053
6800,34821120,0,16,1.6,9,0.00014376624312717468,0.0007462526555173099
6800,34821120,0,16,1.6,10,0.00014366974937729537,0.0006689766887575388
6800,34821120,0,16,1.6,11,0.00014346228272188455,0.0006014675600454211
6800,34821120,0,16,1.6,12,0.00014363203081302345,0.0005418226355686784
6800,34821120,0,16,1.6,13,0.00014358405314851552,0.0004907991969957948
6800,34821120,0,16,1.6,14,0.00014350212586577982,0.00044803705532103777
6800,34821120,0,16,1.6,15,0.0001435448502888903,0.00040973330033011734
6800,34821120,0,16,1.6,16,0.00014350702986121178,0.0003789753536693752
6850,35077120,0,16,1.6,0,0.0027108583599328995,0.06168822571635246
6850,35077120,0,16,1.6,1,0.0023754199501127005,0.047528620809316635
6850,35077120,0,16,1.6,2,0.002173092681914568,0.03783073276281357
6850,35077120,0,16,1.6,3,0.002043497748672962,0.03061777353286743
6850,35077120,0,16,1.6,4,0.0019586398266255856,0.024952128529548645
6850,35077120,0,16,1.6,5,0.0019019630271941423,0.020350633189082146
6850,35077120,0,16,1.6,6,0.0018643951043486595,0.016594290733337402
6850,35077120,0,16,1.6,7,0.0018395526567474008,0.013539385981857777
6850,35077120,0,16,1.6,8,0.00182279571890831,0.011065416969358921
6850,35077120,0,16,1.6,9,0.0018117593135684729,0.009077605791389942
6850,35077120,0,16,1.6,10,0.0018042470328509808,0.007481059990823269
6850,35077120,0,16,1.6,11,0.001798772718757391,0.006191795691847801
6850,35077120,0,16,1.6,12,0.0017956402152776718,0.005159201566129923
6850,35077120,0,16,1.6,13,0.0017933055059984326,0.004317281302064657
6850,35077120,0,16,1.6,14,0.0017915433272719383,0.0036377825308591127
6850,35077120,0,16,1.6,15,0.0017904050182551146,0.003080593654885888
6850,35077120,0,16,1.6,16,0.0017894413322210312,0.0026221086736768484
6900,35333120,0,16,1.6,0,0.0003977743908762932,0.002592080971226096
6900,35333120,0,16,1.6,1,0.0003971225523855537,0.0023345528170466423
6900,35333120,0,16,1.6,2,0.00039681795169599354,0.0020851255394518375
6900,35333120,0,16,1.6,3,0.0003962947812397033,0.0018653342267498374
6900,35333120,0,16,1.6,4,0.00039604559424333274,0.0016667413292452693
6900,35333120,0,16,1.6,5,0.00039573173853568733,0.001491856062784791
6900,35333120,0,16,1.6,6,0.0003956615983042866,0.0013352055102586746
6900,35333120,0,16,1.6,7,0.00039531750371679664,0.001196927041746676
6900,35333120,0,16,1.6,8,0.0003954197163693607,0.0010765250772237778
6900,35333120,0,16,1.6,9,0.0003951883700210601,0.0009657671907916665
6900,35333120,0,16,1.6,10,0.00039505623863078654,0.0008705775835551322
6900,35333120,0,16,1.6,11,0.00039497920079156756,0.0007867260719649494
6900,35333120,0,16,1.6,12,0.00039490056224167347,0.0007119955262169242
6900,35333120,0,16,1.6,13,0.00039495661621913314,0.0006466354243457317
6900,35333120,0,16,1.6,14,0.0003949135134462267,0.0005902830744162202
6900,35333120,0,16,1.6,15,0.00039484151056967676,0.0005399480578489602
6900,35333120,0,16,1.6,16,0.00039474686491303146,0.0004968572175130248
6950,35589120,0,16,1.6,0,7.016363815637305e-05,0.0009460626752115786
6950,35589120,0,16,1.6,1,7.035574526526034e-05,0.000862868910189718
6950,35589120,0,16,1.6,2,7.008601824054495e-05,0.0007749240030534565
6950,35589120,0,16,1.6,3,7.010763511061668e-05,0.0006955335848033428
6950,35589120,0,16,1.6,4,7.004166400292888e-05,0.0006221308722160757
6950,35589120,0,16,1.6,5,6.990766269154847e-05,0.0005593697424046695
6950,35589120,0,16,1.6,6,7.005032966844738e-05,0.000502720067743212
6950,35589120,0,16,1.6,7,7.001806807238609e-05,0.00045421795221045613
6950,35589120,0,16,1.6,8,6.984476203797385e-05,0.00041341540054418147
6950,35589120,0,16,1.6,9,6.987070082686841e-05,0.0003743437700904906
6950,35589120,0,16,1.6,10,6.97863069945015e-05,0.0003432806406635791
6950,35589120,0,16,1.6,11,6.974634015932679e-05,0.000316779623972252
6950,35589120,0,16,1.6,12,6.980187026783824e-05,0.0002939776168204844
6950,35589120,0,16,1.6,13,6.980381294852123e-05,0.0002748553524725139
6950,35589120,0,16,1.6,14,6.983864295762032e-05,0.00025966449175029993
6950,35589120,0,16,1.6,15,6.976440636208281e-05,0.0002462880511302501
6950,35589120,0,16,1.6,16,6.96898641763255e-05,0.00023623961897101253
7000,35845120,0,32,3.2,0,9.085037891054526e-05,0.0012356364168226719
7000,35845120,0,32,3.2,1,9.066194616025314e-05,0.001122183515690267
7000,35845120,0,32,3.2,2,9.057065472006798e-05,0.0010068125557154417
7000,35845120,0,32,3.2,3,9.058014984475449e-05,0.0009030501823872328
7000,35845120,0,32,3.2,4,9.041975863510743e-05,0.0008082870044745505
7000,35845120,0,32,3.2,5,9.044368925970048e-05,0.0007260121637955308
7000,35845120,0,32,3.2,6,9.025880717672408e-05,0.0006519230082631111
7000,35845120,0,32,3.2,7,9.040175064001232e-05,0.0005870054592378438
7000,35845120,0,32,3.2,8,9.034464892465621e-05,0.0005318582407198846
7000,35845120,0,32,3.2,9,9.032919479068369e-05,0.0004800270835403353
7000,35845120,0,32,3.2,10,9.009765926748514e-05,0.00043715882929973304
7000,35845120,0,32,3.2,11,9.012834925670177e-05,0.00040017726132646203
7000,35845120,0,32,3.2,12,9.032787784235552e-05,0.000367735861800611
7000,35845120,0,32,3.2,13,9.018406854011118e-05,0.00033963489113375545
7000,35845120,0,32,3.2,14,9.013927046908066e-05,0.00031665165442973375
7000,35845120,0,32,3.2,15,9.039426367962733e-05,0.0002968176268041134
7000,35845120,0,32,3.2,16,9.016480908030644e-05,0.0002803299285005778
7000,35845120,0,32,3.2,17,9.005714673548937e-05,0.0002672536647878587
7000,35845120,0,32,3.2,18,9.017488628160208e-05,0.00025636915233917534
7000,35845120,0,32,3.2,19,9.017164848046377e-05,0.00024804307031445205
7000,35845120,0,32,3.2,20,9.019741992233321e-05,0.00024178675084840506
7000,35845120,0,32,3.2,21,9.004645835375413e-05,0.00023673159012105316
7000,35845120,0,32,3.2,22,9.001895523397252e-05,0.00023313923156820238
7000,35845120,0,32,3.2,23,9.010925714392215e-05,0.0002306354435859248
7000,35845120,0,32,3.2,24,9.019718709168956e-05,0.00022928095131646842
7000,35845120,0,32,3.2,25,8.995869575301185e-05,0.00022836463176645339
7000,35845120,0,32,3.2,26,9.016600233735517e-05,0.0002279213658766821
7000,35845120,0,32,3.2,27,9.012531518237665e-05,0.00022764741152059287
7000,35845120,0,32,3.2,28,9.018254786496982e-05,0.00022852483380120248
7000,35845120,0,32,3.2,29,9.032332309288904e-05,0.0002288750110892579
7000,35845120,0,32,3.2,30,9.00831728358753e-05,0.00023000819783192128
7000,35845120,0,32,3.2,31,9.030877117766067e-05,0.00023059191880747676
7000,35845120,0,32,3.2,32,9.02076717466116e-05,0.00023194937966763973
7050,36101120,0,32,3.2,0,0.00010097456106450409,0.002344577107578516
7050,36101120,0,32,3.2,1,0.00010027379903476685,0.002028972376137972
7050,36101120,0,32,3.2,2,0.00010035227751359344,0.0017515569925308228
7050,36101120,0,32,3.2,3,9.955126733984798e-05,0.00151534634642303
7050,36101120,0,32,3.2,4,9.952740219887346e-05,0.0013122892705723643
7050,36101120,0,32,3.2,5,9.929921361617744e-05,0.0011404136894270778
7050,36101120,0,32,3.2,6,9.909713116940111e-05,0.0009893617825582623
7050,36101120,0,32,3.2,7,9.928172949003056e-05,0.0008631764794699848
7050,36101120,0,32,3.2,8,9.906017658067867e-05,0.0007573857437819242
7050,36101120,0,32,3.2,9,9.913478425005451e-05,0.000665149069391191
7050,36101120,0,32,3.2,10,9.89568725344725e-05,0.0005869765882380307
7050,36101120,0,32,3.2,11,9.890161163639277e-05,0.0005222427425906062
7050,36101120,0,32,3.2,12,9.900921577354893e-05,0.0004665092274080962
7050,36101120,0,32,3.2,13,9.911098459269851e-05,0.00041893840534612536
7050,36101120,0,32,3.2,14,9.882223821477965e-05,0.0003823649894911796
7050,36101120,0,32,3.2,15,9.899289580062032e-05,0.0003499153826851398
7050,36101120,0,32,3.2,16,9.88485844573006e-05,0.00032353680580854416
7050,36101120,0,32,3.2,17,9.888953354675323e-05,0.000302955653751269
7050,36101120,0,32,3.2,18,9.901827434077859e-05,0.0002861268585547805
7050,36101120,0,32,3.2,19,9.895278344629332e-05,0.00027402371051721275
7050,36101120,0,32,3.2,20,9.896940900944173e-05,0.0002648791123647243
7050,36101120,0,32,3.2,21,9.909551590681076e-05,0.00025754733360372484
7050,36101120,0,32,3.2,22,9.897772542899475e-05,0.00025230771279893816
7050,36101120,0,32,3.2,23,9.890671935863793e-05,0.0002489583275746554
7050,36101120,0,32,3.2,24,9.915113332681358e-05,0.00024644151562824845
7050,36101120,0,32,3.2,25,9.894413233269006e-05,0.0002453371125739068
7050,36101120,0,32,3.2,26,9.88165702437982e-05,0.0002444139972794801
7050,36101120,0,32,3.2,27,9.881843288894743e-05,0.00024451143690384924
7050,36101120,0,32,3.2,28,9.883482562145218e-05,0.00024520602892152965
7050,36101120,0,32,3.2,29,9.893889364320785e-05,0.0002456139191053808
7050,36101120,0,32,3.2,30,9.893287642626092e-05,0.0002463366836309433
7050,36101120,0,32,3.2,31,9.915859118336812e-05,0.0002471359330229461
7050,36101120,0,32,3.2,32,9.90379776339978e-05,0.00024901473079808056
7100,36357120,0,32,3.2,0,8.043275738600641e-05,0.0013651488116011024
7100,36357120,0,32,3.2,1,8.038773376028985e-05,0.0012280266964808106
7100,36357120,0,32,3.2,2,8.028202137211338e-05,0.0010914071463048458
7100,36357120,0,32,3.2,3,8.011424506548792e-05,0.0009711456950753927
7100,36357120,0,32,3.2,4,8.00487759988755e-05,0.0008613457321189344
7100,36357120,0,32,3.2,5,8.010130113689229e-05,0.0007663965807296336
7100,36357120,0,32,3.2,6,8.008737495401874e-05,0.0006828467594459653
7100,36357120,0,32,3.2,7,7.998122600838542e-05,0.0006097998120822012
7100,36357120,0,32,3.2,8,7.991798338480294e-05,0.0005488752503879368
7100,36357120,0,32,3.2,9,7.982621900737286e-05,0.0004920677747577429
7100,36357120,0,32,3.2,10,7.969508442329243e-05,0.0004457810427993536
7100,36357120,0,32,3.2,11,7.995539635885507e-05,0.0004052245931234211
7100,36357120,0,32,3.2,12,7.991246093297377e-05,0.0003707106807269156
7100,36357120,0,32,3.2,13,7.986339187482372e-05,0.0003425133472774178
7100,36357120,0,32,3.2,14,7.998607907211408e-05,0.0003181801876053214
7100,36357120,0,32,3.2,15,7.978313078638166e-05,0.0002981182187795639
7100,36357120,0,32,3.2,16,7.973569154273719e-05,0.000282099936157465
7100,36357120,0,32,3.2,17,7.972845196491107e-05,0.00026908735162578523
7100,36357120,0,32,3.2,18,7.983158866409212e-05,0.0002587481867522001
7100,36357120,0,32,3.2,19,7.96991735114716e-05,0.0002508845936972648
7100,36357120,0,32,3.2,20,7.971166633069515e-05,0.00024494851822964847
7100,36357120,0,32,3.2,21,7.986887794686481e-05,0.00024105572083499283
7100,36357120,0,32,3.2,22,7.9683682997711e-05,0.00023777465685270727
7100,36357120,0,32,3.2,23,7.991546590346843e-05,0.00023564774892292917
7100,36357120,0,32,3.2,24,7.979978545336053e-05,0.0002350147406104952
7100,36357120,0,32,3.2,25,7.99818808445707e-05,0.00023470072483178228
7100,36357120,0,32,3.2,26,7.994620682438836e-05,0.000234606908634305
7100,36357120,0,32,3.2,27,7.976451161084697e-05,0.00023524354037363082
7100,36357120,0,32,3.2,28,7.97343673184514e-05,0.00023555369989480823
7100,36357120,0,32,3.2,29,7.99671615823172e-05,0.00023717895965091884
7100,36357120,0,32,3.2,30,7.985063712112606e-05,0.00023785782104823738
7100,36357120,0,32,3.2,31,7.986788114067167e-05,0.00023925643472466618
7100,36357120,0,32,3.2,32,7.99446934252046e-05,0.00024016108363866806
7150,36613120,0,32,3.2,0,0.00036281850771047175,0.02171301282942295
7150,36613120,0,32,3.2,1,0.0003197192563675344,0.017990034073591232
7150,36613120,0,32,3.2,2,0.0002902071282733232,0.014753187075257301
7150,36613120,0,32,3.2,3,0.0002705390506889671,0.012023230083286762
7150,36613120,0,32,3.2,4,0.00025732239009812474,0.009764296002686024
7150,36613120,0,32,3.2,5,0.0002485374570824206,0.00791317317634821
7150,36613120,0,32,3.2,6,0.00024298067728523165,0.006409746594727039
7150,36613120,0,32,3.2,7,0.00023938517551869154,0.005188814830034971
7150,36613120,0,32,3.2,8,0.00023688154760748148,0.004202244803309441
7150,36613120,0,32,3.2,9,0.00023507597506977618,0.0034052575938403606
7150,36613120,0,32,3.2,10,0.00023415873874910176,0.002761874347925186
7150,36613120,0,32,3.2,11,0.00023351867275778204,0.0022451782133430243
7150,36613120,0,32,3.2,12,0.00023318927560467273,0.0018229896668344736
7150,36613120,0,32,3.2,13,0.00023272924590855837,0.0014862449606880546
7150,36613120,0,32,3.2,14,0.00023261991736944765,0.0012107505463063717
7150,36613120,0,32,3.2,15,0.00023244420299306512,0.0009936655405908823
7150,36613120,0,32,3.2,16,0.0002324690285604447,0.0008202646858990192
7150,36613120,0,32,3.2,17,0.00023236789274960756,0.000681027420796454
7150,36613120,0,32,3.2,18,0.0002321215288247913,0.0005687028169631958
7150,36613120,0,32,3.2,19,0.0002323067164979875,0.0004839524917770177
7150,36613120,0,32,3.2,20,0.00023231783416122198,0.0004166437720414251
7150,36613120,0,32,3.2,21,0.00023224893084261566,0.0003671735757961869
7150,36613120,0,32,3.2,22,0.00023205138859339058,0.00032870296854525805
7150,36613120,0,32,3.2,23,0.00023225232143886387,0.00030460074776783586
7150,36613120,0,32,3.2,24,0.0002321479987585917,0.0002857787476386875
7150,36613120,0,32,3.2,25,0.00023236949346028268,0.0002726011734921485
7150,36613120,0,32,3.2,26,0.00023237313143908978,0.0002662258339114487
7150,36613120,0,32,3.2,27,0.00023226092162076384,0.00026131729828193784
7150,36613120,0,32,3.2,28,0.00023233378306031227,0.0002580703003332019
7150,36613120,0,32,3.2,29,0.00023220913135446608,0.0002566056209616363
7150,36613120,0,32,3.2,30,0.00023223611060529947,0.0002556265681050718
7150,36613120,0,32,3.2,31,0.0002322264772374183,0.0002565318427514285
7150,36613120,0,32,3.2,32,0.00023216567933559418,0.0002571384538896382
7200,36869120,0,32,3.2,0,0.0003841228026431054,0.00943304505199194
7200,36869120,0,32,3.2,1,0.00037581007927656174,0.008141245692968369
7200,36869120,0,32,3.2,2,0.0003695655323099345,0.007023009005934
7200,36869120,0,32,3.2,3,0.0003648994315881282,0.00606171227991581
7200,36869120,0,32,3.2,4,0.0003616524045355618,0.0052327802404761314
7200,36869120,0,32,3.2,5,0.0003591162385419011,0.004524430725723505
7200,36869120,0,32,3.2,6,0.0003571310080587864,0.003915540408343077
7200,36869120,0,32,3.2,7,0.00035571149783208966,0.003392617916688323
7200,36869120,0,32,3.2,8,0.0003546476655174047,0.002944687381386757
7200,36869120,0,32,3.2,9,0.0003538450982887298,0.002558272797614336
7200,36869120,0,32,3.2,10,0.0003532464907038957,0.002227532910183072
7200,36869120,0,32,3.2,11,0.00035276831476949155,0.0019431504188105464
7200,36869120,0,32,3.2,12,0.00035243420279584825,0.0016967548290267587
7200,36869120,0,32,3.2,13,0.0003520723548717797,0.0014862028183415532
7200,36869120,0,32,3.2,14,0.00035202872822992504,0.0013039922341704369
7200,36869120,0,32,3.2,15,0.0003519405727274716,0.0011482189875096083
7200,36869120,0,32,3.2,16,0.00035170160117559135,0.001013097702525556
7200,36869120,0,32,3.2,17,0.0003516209835652262,0.000897211313713342
7200,36869120,0,32,3.2,18,0.0003517174336593598,0.0007973960600793362
7200,36869120,0,32,3.2,19,0.00035165122244507074,0.0007120040245354176
7200,36869120,0,32,3.2,20,0.0003515616699587554,0.0006383855361491442
7200,36869120,0,32,3.2,21,0.0003515254647936672,0.0005760911153629422
7200,36869120,0,32,3.2,22,0.00035128367017023265,0.0005225850036367774
7200,36869120,0,32,3.2,23,0.0003512620460242033,0.00047800829634070396
7200,36869120,0,32,3.2,24,0.00035132758785039186,0.00044124008854851127
7200,36869120,0,32,3.2,25,0.00035136917722411454,0.00040980297490023077
7200,36869120,0,32,3.2,26,0.00035128273884765804,0.00038477350608445704
7200,36869120,0,32,3.2,27,0.0003513945557642728,0.0003645416290964931
7200,36869120,0,32,3.2,28,0.0003514109121169895,0.0003470574738457799
7200,36869120,0,32,3.2,29,0.00035133419441990554,0.0003343131684232503
7200,36869120,0,32,3.2,30,0.00035118969390168786,0.00032363165519200265
7200,36869120,0,32,3.2,31,0.0003512282855808735,0.00031535752350464463
7200,36869120,0,32,3.2,32,0.00035147691960446537,0.0003093681007158011
7250,37125120,0,32,3.2,0,6.959092570468783e-05,0.0008898111991584301
7250,37125120,0,32,3.2,1,6.942843901924789e-05,0.0008141252328641713
7250,37125120,0,32,3.2,2,6.956523429835215e-05,0.0007320985896512866
7250,37125120,0,32,3.2,3,6.936856516404077e-05,0.0006574506987817585
7250,37125120,0,32,3.2,4,6.929774826858193e-05,0.0005884412676095963
7250,37125120,0,32,3.2,5,6.942330946912989e-05,0.0005288489628583193
7250,37125120,0,32,3.2,6,6.92755711497739e-05,0.00047582207480445504
7250,37125120,0,32,3.2,7,6.898447463754565e-05,0.0004299322608858347
7250,37125120,0,32,3.2,8,6.94195186952129e-05,0.00039225214277394116
7250,37125120,0,32,3.2,9,6.91715395078063e-05,0.00035562211996875703
7250,37125120,0,32,3.2,10,6.927979120519012e-05,0.00032765723881311715
7250,37125120,0,32,3.2,11,6.930103700142354e-05,0.00030353065812960267
7250,37125120,0,32,3.2,12,6.91844179527834e-05,0.00028323254082351923
7250,37125120,0,32,3.2,13,6.908310751896352e-05,0.0002661948965396732
7250,37125120,0,32,3.2,14,6.914341793162748e-05,0.00025272127822972834
7250,37125120,0,32,3.2,15,6.930391100468114e-05,0.0002414155751466751
7250,37125120,0,32,3.2,16,6.932004180271178e-05,0.00023280311143025756
7250,37125120,0,32,3.2,17,6.924440822331235e-05,0.0002260622859466821
7250,37125120,0,32,3.2,18,6.920740997884423e-05,0.00022045252262614667
7250,37125120,0,32,3.2,19,6.925706838956103e-05,0.0002174003020627424
7250,37125120,0,32,3.2,20,6.923562614247203e-05,0.00021493798703886569
7250,37125120,0,32,3.2,21,6.925824709469453e-05,0.00021330598974600434
7250,37125120,0,32,3.2,22,6.954996206331998e-05,0.0002129997155861929
7250,37125120,0,32,3.2,23,6.933284748811275e-05,0.00021258564083836973
7250,37125120,0,32,3.2,24,6.932821997907013e-05,0.00021311530144885182
7250,37125120,0,32,3.2,25,6.921352905919775e-05,0.00021350462338887155
7250,37125120,0,32,3.2,26,6.902090535731986e-05,0.00021450019266922027
7250,37125120,0,32,3.2,27,6.925339403096586e-05,0.00021587900118902326
7250,37125120,0,32,3.2,28,6.932428368600085e-05,0.0002167791099054739
7250,37125120,0,32,3.2,29,6.927204231033102e-05,0.0002180643641622737
7250,37125120,0,32,3.2,30,6.920721352798864e-05,0.00021953994291834533
7250,37125120,0,32,3.2,31,6.920352461747825e-05,0.00022087300021667033
7250,37125120,0,32,3.2,32,6.925270281499252e-05,0.00022204370179679245
7300,37381120,0,32,3.2,0,0.0004622811684384942,0.0024972015526145697
7300,37381120,0,32,3.2,1,0.00046176323667168617,0.002257841406390071
7300,37381120,0,32,3.2,2,0.0004614032804965973,0.0020216151606291533
7300,37381120,0,32,3.2,3,0.00046101363841444254,0.001811433699913323
7300,37381120,0,32,3.2,4,0.00046051316894590855,0.0016207522712647915
7300,37381120,0,32,3.2,5,0.0004605206777341664,0.0014546788297593594
7300,37381120,0,32,3.2,6,0.00046046593342907727,0.001304271281696856
7300,37381120,0,32,3.2,7,0.00045998700079508126,0.001172080636024475
7300,37381120,0,32,3.2,8,0.00045982544543221593,0.0010568443685770035
7300,37381120,0,32,3.2,9,0.0004598053346853703,0.0009494631085544825
7300,37381120,0,32,3.2,10,0.00045981528819538653,0.0008582827285863459
7300,37381120,0,32,3.2,11,0.00045961138675920665,0.0007783800829201937
7300,37381120,0,32,3.2,12,0.00045969418715685606,0.0007075443281792104
7300,37381120,0,32,3.2,13,0.00045956799294799566,0.0006448571220971644
7300,37381120,0,32,3.2,14,0.0004595509672071785,0.0005915453075431287
7300,37381120,0,32,3.2,15,0.00045941799180582166,0.0005436114151962101
7300,37381120,0,32,3.2,16,0.000459684815723449,0.0005031051114201546
7300,37381120,0,32,3.2,17,0.0004594255588017404,0.0004688536573667079
7300,37381120,0,32,3.2,18,0.00045953382505103946,0.0004392842820379883
7300,37381120,0,32,3.2,19,0.000459532457171008,0.00041514899930916727
7300,37381120,0,32,3.2,20,0.0004594055062625557,0.00039489404298365116
7300,37381120,0,32,3.2,21,0.00045951447100378573,0.0003792005591094494
7300,37381120,0,32,3.2,22,0.0004595790524035692,0.00036564667243510485
7300,37381120,0,32,3.2,23,0.0004594405763782561,0.00035545910941436887
7300,37381120,0,32,3.2,24,0.0004594094061758369,0.0003477270365692675
7300,37381120,0,32,3.2,25,0.0004593206103891134,0.0003414731181692332
7300,37381120,0,32,3.2,26,0.00045942343422211707,0.0003372716309968382
7300,37381120,0,32,3.2,27,0.00045949104242026806,0.00033389453892596066
7300,37381120,0,32,3.2,28,0.0004593958146870136,0.00033175668795593083
7300,37381120,0,32,3.2,29,0.00045968726044520736,0.00033036110107786953
7300,37381120,0,32,3.2,30,0.00045950416824780405,0.0003297044604551047
7300,37381120,0,32,3.2,31,0.000459521368611604,0.00032968498999252915
7300,37381120,0,32,3.2,32,0.0004593492776621133,0.0003298726223874837
7350,37637120,0,32,3.2,0,0.00020373631559778005,0.010823202319443226
7350,37637120,0,32,3.2,1,0.00019304855959489942,0.00904298759996891
7350,37637120,0,32,3.2,2,0.00018544313206803054,0.0075425137765705585
7350,37637120,0,32,3.2,3,0.0001804175553843379,0.006283283699303865
7350,37637120,0,32,3.2,4,0.00017679391021374613,0.005232037045061588
7350,37637120,0,32,3.2,5,0.00017424723773729056,0.004357161931693554
7350,37637120,0,32,3.2,6,0.0001723837194731459,0.003633065614849329
7350,37637120,0,32,3.2,7,0.00017121962446253747,0.0030325145926326513
7350,37637120,0,32,3.2,8,0.00017051404574885964,0.0025290041230618954
7350,37637120,0,32,3.2,9,0.00016981965745799243,0.0021136682480573654
7350,37637120,0,32,3.2,10,0.00016943227092269808,0.0017723672790452838
7350,37637120,0,32,3.2,11,0.00016904616495594382,0.0014888469595462084
7350,37637120,0,32,3.2,12,0.00016892861458472908,0.0012544671772047877
7350,37637120,0,32,3.2,13,0.0001687749900156632,0.0010591534664854407
7350,37637120,0,32,3.2,14,0.00016868958482518792,0.0008993682567961514
7350,37637120,0,32,3.2,15,0.0001686681353021413,0.000765978591516614
7350,37637120,0,32,3.2,16,0.00016868545208126307,0.0006616302416659892
7350,37637120,0,32,3.2,17,0.00016875645087566227,0.0005724441143684089
7350,37637120,0,32,3.2,18,0.00016852391127031296,0.0005012151668779552
7350,37637120,0,32,3.2,19,0.00016852952830959111,0.00044719522702507675
7350,37637120,0,32,3.2,20,0.00016863038763403893,0.0004020115011371672
7350,37637120,0,32,3.2,21,0.0001685593742877245,0.0003685905830934644
7350,37637120,0,32,3.2,22,0.00016826781211420894,0.0003426019393373281
7350,37637120,0,32,3.2,23,0.00016845884965732694,0.0003220145881641656
7350,37637120,0,32,3.2,24,0.0001685777388047427,0.00030890735797584057
7350,37637120,0,32,3.2,25,0.00016835167480167001,0.00029932946199551225
7350,37637120,0,32,3.2,26,0.00016837366274558008,0.0002918570244219154
7350,37637120,0,32,3.2,27,0.00016845510981511325,0.0002865568967536092
7350,37637120,0,32,3.2,28,0.00016842996410559863,0.00028425687924027443
7350,37637120,0,32,3.2,29,0.0001684469752945006,0.0002824311377480626
7350,37637120,0,32,3.2,30,0.00016838723968248814,0.00028139594360254705
7350,37637120,0,32,3.2,31,0.00016845449863467366,0.0002814918989315629
7350,37637120,0,32,3.2,32,0.0001685393217485398,0.0002816467313095927
7400,37893120,0,32,3.2,0,0.0006276359781622887,0.023564280942082405
7400,37893120,0,32,3.2,1,0.00057602598099038,0.019784120842814445
7400,37893120,0,32,3.2,2,0.0005411613965407014,0.015249273739755154
7400,37893120,0,32,3.2,3,0.0005211243405938148,0.011310041882097721
7400,37893120,0,32,3.2,4,0.0005098926485516131,0.008501986972987652
7400,37893120,0,32,3.2,5,0.0005033290362916887,0.006625806912779808
7400,37893120,0,32,3.2,6,0.0004997047944925725,0.005342371296137571
7400,37893120,0,32,3.2,7,0.0004969741567038,0.004412444774061441
7400,37893120,0,32,3.2,8,0.0004951063310727477,0.0036974595859646797
7400,37893120,0,32,3.2,9,0.0004939831560477614,0.003127901814877987
7400,37893120,0,32,3.2,10,0.000492969760671258,0.002658913377672434
7400,37893120,0,32,3.2,11,0.0004922350635752082,0.0022720214910805225
7400,37893120,0,32,3.2,12,0.0004918986815027893,0.001949385623447597
7400,37893120,0,32,3.2,13,0.0004914947785437107,0.0016801755409687757
7400,37893120,0,32,3.2,14,0.0004912572330795228,0.0014488246524706483
7400,37893120,0,32,3.2,15,0.0004910576390102506,0.0012604243820533156
7400,37893120,0,32,3.2,16,0.0004909260896965861,0.0010970321018248796
7400,37893120,0,32,3.2,17,0.0004909331910312176,0.0009612682624720037
7400,37893120,0,32,3.2,18,0.0004906834801658988,0.0008466440485790372
7400,37893120,0,32,3.2,19,0.0004906930262222886,0.0007531660376116633
7400,37893120,0,32,3.2,20,0.0004907292313873768,0.0006739410455338657
7400,37893120,0,32,3.2,21,0.000490656413603574,0.0006072421674616635
7400,37893120,0,32,3.2,22,0.0004906733520328999,0.0005524372681975365
7400,37893120,0,32,3.2,23,0.0004905365640297532,0.0005088787293061614
7400,37893120,0,32,3.2,24,0.0004904587403871119,0.0004728698986582458
7400,37893120,0,32,3.2,25,0.0004906119429506361,0.000444598903413862
7400,37893120,0,32,3.2,26,0.0004905914538539946,0.00042134863906539977
7400,37893120,0,32,3.2,27,0.0004904151428490877,0.0004042050859425217
7400,37893120,0,32,3.2,28,0.0004906394169665873,0.00039053033106029034
7400,37893120,0,32,3.2,29,0.0004906514077447355,0.000379400618840009
7400,37893120,0,32,3.2,30,0.0004905727691948414,0.0003708837029989809
7400,37893120,0,32,3.2,31,0.000490714970510453,0.00036523950984701514
7400,37893120,0,32,3.2,32,0.0004905009991489351,0.00036110851215198636
7450,38149120,0,32,3.2,0,0.0002804550458677113,0.013612408190965652
7450,38149120,0,32,3.2,1,0.00026341024204157293,0.01134674996137619
7450,38149120,0,32,3.2,2,0.00025183730758726597,0.009435414336621761
7450,38149120,0,32,3.2,3,0.00024354210472665727,0.007847202010452747
7450,38149120,0,32,3.2,4,0.0002380783698754385,0.006528958212584257
7450,38149120,0,32,3.2,5,0.0002339649508940056,0.005449290387332439
7450,38149120,0,32,3.2,6,0.00023129512555897236,0.004563078284263611
7450,38149120,0,32,3.2,7,0.00022935507877264172,0.003832539776340127
7450,38149120,0,32,3.2,8,0.00022794498363509774,0.00323355826549232
7450,38149120,0,32,3.2,9,0.00022706002346239984,0.0027390550822019577
7450,38149120,0,32,3.2,10,0.00022625515703111887,0.0023356403689831495
7450,38149120,0,32,3.2,11,0.00022584029647987336,0.0019957812037318945
7450,38149120,0,32,3.2,12,0.00022553003509528935,0.0017121372511610389
7450,38149120,0,32,3.2,13,0.00022505731612909585,0.0014814605237916112
7450,38149120,0,32,3.2,14,0.00022498790349345654,0.0012815057998523116
7450,38149120,0,32,3.2,15,0.00022493425058200955,0.001116343424655497
7450,38149120,0,32,3.2,16,0.00022492487914860249,0.0009784859139472246
7450,38149120,0,32,3.2,17,0.00022452836856245995,0.0008619281579740345
7450,38149120,0,32,3.2,18,0.00022475900186691433,0.0007618078961968422
7450,38149120,0,32,3.2,19,0.00022458951571024954,0.000678045442327857
7450,38149120,0,32,3.2,20,0.0002244569332106039,0.0006051175878383219
7450,38149120,0,32,3.2,21,0.00022443680791184306,0.00054757489124313
7450,38149120,0,32,3.2,22,0.00022454212012235075,0.0004957661731168628
7450,38149120,0,32,3.2,23,0.0002243496128357947,0.0004534721083473414
7450,38149120,0,32,3.2,24,0.0002245045907329768,0.00041855298331938684
7450,38149120,0,32,3.2,25,0.0002244990464532748,0.0003887980419676751
7450,38149120,0,32,3.2,26,0.00022443424677476287,0.00036624420317821205
7450,38149120,0,32,3.2,27,0.0002243136113975197,0.00034666090505197644
7450,38149120,0,32,3.2,28,0.0002242310729343444,0.000331575283780694
7450,38149120,0,32,3.2,29,0.00022449913376476616,0.00031989431590773165
7450,38149120,0,32,3.2,30,0.00022438452288042754,0.0003104469215031713
7450,38149120,0,32,3.2,31,0.00022428100055549294,0.00030235302983783185
7450,38149120,0,32,3.2,32,0.00022430346871260554,0.0002978600678034127
7500,38405120,0,32,3.2,0,0.0012338595697656274,0.027159789577126503
7500,38405120,0,32,3.2,1,0.001166659640148282,0.022558322176337242
7500,38405120,0,32,3.2,2,0.0011201435700058937,0.01880062185227871
7500,38405120,0,32,3.2,3,0.0010875834850594401,0.015742864459753036
7500,38405120,0,32,3.2,4,0.0010648358147591352,0.013256063684821129
7500,38405120,0,32,3.2,5,0.0010487487306818366,0.01122382003813982
7500,38405120,0,32,3.2,6,0.0010366840288043022,0.009553304873406887
7500,38405120,0,32,3.2,7,0.0010283925803378224,0.008169165812432766
7500,38405120,0,32,3.2,8,0.0010222276905551553,0.007019936107099056
7500,38405120,0,32,3.2,9,0.00101768528111279,0.006053944118320942
7500,38405120,0,32,3.2,10,0.0010141616221517324,0.005240065976977348
7500,38405120,0,32,3.2,11,0.0010115482145920396,0.004549879115074873
7500,38405120,0,32,3.2,12,0.0010096159530803561,0.00396218616515398
7500,38405120,0,32,3.2,13,0.0010082109365612268,0.003456691512838006
7500,38405120,0,32,3.2,14,0.001006905920803547,0.0030234316363930702
7500,38405120,0,32,3.2,15,0.0010063312947750092,0.0026501414831727743
7500,38405120,0,32,3.2,16,0.0010057359468191862,0.002325504319742322
7500,38405120,0,32,3.2,17,0.0010050090495496988,0.0020423971582204103
7500,38405120,0,32,3.2,18,0.0010047341929748654,0.001798326731659472
7500,38405120,0,32,3.2,19,0.0010044761002063751,0.001585872145369649
7500,38405120,0,32,3.2,20,0.0010042081121355295,0.001401593443006277
7500,38405120,0,32,3.2,21,0.0010040251072496176,0.0012394386576488614
7500,38405120,0,32,3.2,22,0.0010038717882707715,0.0010990021983161569
7500,38405120,0,32,3.2,23,0.0010037543252110481,0.0009766683215275407
7500,38405120,0,32,3.2,24,0.0010035983286798,0.0008716282900422812
7500,38405120,0,32,3.2,25,0.0010036173043772578,0.0007803936605341733
7500,38405120,0,32,3.2,26,0.0010036140447482467,0.0007013034191913903
7500,38405120,0,32,3.2,27,0.0010035079903900623,0.0006325374124571681
7500,38405120,0,32,3.2,28,0.001003524987027049,0.0005754474550485611
7500,38405120,0,32,3.2,29,0.0010034412844106555,0.0005262944614514709
7500,38405120,0,32,3.2,30,0.001003416022285819,0.0004848860844504088
7500,38405120,0,32,3.2,31,0.0010034426813945174,0.0004519018402788788
7500,38405120,0,32,3.2,32,0.0010033316211774945,0.00042342962115071714
7550,38661120,0,32,3.2,0,7.527387060690671e-05,0.0013534545432776213
7550,38661120,0,32,3.2,1,7.489489507861435e-05,0.0012059817090630531
7550,38661120,0,32,3.2,2,7.483788067474961e-05,0.0010628718882799149
7550,38661120,0,32,3.2,3,7.462145731551573e-05,0.0009401576244272292
7550,38661120,0,32,3.2,4,7.483433000743389e-05,0.0008296369924210012
7550,38661120,0,32,3.2,5,7.461012864951044e-05,0.0007355535635724664
7550,38661120,0,32,3.2,6,7.473066943930462e-05,0.0006545324577018619
7550,38661120,0,32,3.2,7,7.464994268957525e-05,0.0005839418736286461
7550,38661120,0,32,3.2,8,7.44112185202539e-05,0.000526031362824142
7550,38661120,0,32,3.2,9,7.440032641170546e-05,0.00047254280070774257
7550,38661120,0,32,3.2,10,7.462908251909539e-05,0.0004287717747502029
7550,38661120,0,32,3.2,11,7.458732579834759e-05,0.0003920037124771625
7550,38661120,0,32,3.2,12,7.442088826792315e-05,0.0003608468978200108
7550,38661120,0,32,3.2,13,7.451994315488264e-05,0.00033379733213223517
7550,38661120,0,32,3.2,14,7.448816177202389e-05,0.0003117527230642736
7550,38661120,0,32,3.2,15,7.429204561049119e-05,0.0002936562814284116
7550,38661120,0,32,3.2,16,7.444561197189614e-05,0.0002786245022434741
7550,38661120,0,32,3.2,17,7.451146666426212e-05,0.00026703282492235303
7550,38661120,0,32,3.2,18,7.450839621014893e-05,0.00025762172299437225
7550,38661120,0,32,3.2,19,7.44928911444731e-05,0.00025037044542841613
7550,38661120,0,32,3.2,20,7.455253944499418e-05,0.00024564217892475426
7550,38661120,0,32,3.2,21,7.454911974491552e-05,0.00024186837254092097
7550,38661120,0,32,3.2,22,7.447203824995086e-05,0.00023925001733005047
7550,38661120,0,32,3.2,23,7.455703598679975e-05,0.0002376383199589327
7550,38661120,0,32,3.2,24,7.450879638781771e-05,0.00023667475034017116
7550,38661120,0,32,3.2,25,7.442864443873987e-05,0.00023671645612921566
7550,38661120,0,32,3.2,26,7.452630234183744e-05,0.0002363757521379739
7550,38661120,0,32,3.2,27,7.449216354871169e-05,0.00023706835054326802
7550,38661120,0,32,3.2,28,7.455542800016701e-05,0.00023801109637133777
7550,38661120,0,32,3.2,29,7.449681288562715e-05,0.00023876878549344838
7550,38661120,0,32,3.2,30,7.469805132132024e-05,0.00024014138034544885
7550,38661120,0,32,3.2,31,7.460412598447874e-05,0.00024108379147946835
7550,38661120,0,32,3.2,32,7.44030112400651e-05,0.0002424560661893338
7600,38917120,0,32,3.2,0,0.016554739326238632,0.04993756115436554
7600,38917120,0,32,3.2,1,0.016317641362547874,0.044946182519197464
7600,38917120,0,32,3.2,2,0.016127023845911026,0.04000451788306236
7600,38917120,0,32,3.2,3,0.015975821763277054,0.03539115563035011
7600,38917120,0,32,3.2,4,0.015858259052038193,0.03125303238630295
7600,38917120,0,32,3.2,5,0.01576605997979641,0.027593018487095833
7600,38917120,0,32,3.2,6,0.01569434255361557,0.024362152442336082
7600,38917120,0,32,3.2,7,0.015638619661331177,0.021514270454645157
7600,38917120,0,32,3.2,8,0.015595179051160812,0.019002946093678474
7600,38917120,0,32,3.2,9,0.015561073087155819,0.01678711175918579
7600,38917120,0,32,3.2,10,0.015534644015133381,0.014847426675260067
7600,38917120,0,32,3.2,11,0.015514056198298931,0.013147633522748947
7600,38917120,0,32,3.2,12,0.015497401356697083,0.011657113209366798
7600,38917120,0,32,3.2,13,0.015484752133488655,0.01035903487354517
7600,38917120,0,32,3.2,14,0.015474430285394192,0.009222861379384995
7600,38917120,0,32,3.2,15,0.015466342680156231,0.00823057722300291
7600,38917120,0,32,3.2,16,0.015460173599421978,0.0073609305545687675
7600,38917120,0,32,3.2,17,0.015454844571650028,0.006600971333682537
7600,38917120,0,32,3.2,18,0.015451071783900261,0.005930801387876272
7600,38917120,0,32,3.2,19,0.015447601675987244,0.005343880038708448
7600,38917120,0,32,3.2,20,0.015444991178810596,0.004826634656637907
7600,38917120,0,32,3.2,21,0.01544245332479477,0.004369770642369986
7600,38917120,0,32,3.2,22,0.015440661460161209,0.003964317496865988
7600,38917120,0,32,3.2,23,0.015439331531524658,0.003606764366850257
7600,38917120,0,32,3.2,24,0.015438469126820564,0.003288569860160351
7600,38917120,0,32,3.2,25,0.015436835587024689,0.003006143029779196
7600,38917120,0,32,3.2,26,0.015436576679348946,0.0027537671849131584
7600,38917120,0,32,3.2,27,0.015435650013387203,0.002528418553993106
7600,38917120,0,32,3.2,28,0.015435107983648777,0.0023295930586755276
7600,38917120,0,32,3.2,29,0.015434414148330688,0.0021490713115781546
7600,38917120,0,32,3.2,30,0.015434150584042072,0.0019859301391988993
7600,38917120,0,32,3.2,31,0.015433482825756073,0.0018419073894619942
7600,38917120,0,32,3.2,32,0.01543371006846428,0.001712072640657425
7650,39173120,0,32,3.2,0,0.00015772426559124142,0.0021599207539111376
7650,39173120,0,32,3.2,1,0.00015720438386779279,0.0019250056939199567
7650,39173120,0,32,3.2,2,0.00015696296759415418,0.001703797490336001
7650,39173120,0,32,3.2,3,0.00015652613365091383,0.0015077576972544193
7650,39173120,0,32,3.2,4,0.00015634356532245874,0.0013333032839000225
7650,39173120,0,32,3.2,5,0.00015630319830961525,0.0011823029490187764
7650,39173120,0,32,3.2,6,0.00015582835476379842,0.0010472910944372416
7650,39173120,0,32,3.2,7,0.00015586370136588812,0.0009307411382906139
7650,39173120,0,32,3.2,8,0.00015586763038299978,0.0008306087111122906
7650,39173120,0,32,3.2,9,0.00015575920406263322,0.0007389831589534879
7650,39173120,0,32,3.2,10,0.00015585315122734755,0.0006623066146858037
7650,39173120,0,32,3.2,11,0.0001556925562908873,0.0005958583788014948
7650,39173120,0,32,3.2,12,0.00015577461454086006,0.0005377736524678767
7650,39173120,0,32,3.2,13,0.00015577707381453365,0.0004873124707955867
7650,39173120,0,32,3.2,14,0.00015568135131616145,0.0004450379638001323
7650,39173120,0,32,3.2,15,0.00015556828293483704,0.0004092103918083012
7650,39173120,0,32,3.2,16,0.00015570700634270906,0.00037797680124640465
7650,39173120,0,32,3.2,17,0.00015561615873593837,0.0003532725968398154
7650,39173120,0,32,3.2,18,0.0001555843191454187,0.0003332506166771054
7650,39173120,0,32,3.2,19,0.00015566899674013257,0.0003163852379657328
7650,39173120,0,32,3.2,20,0.00015576141595374793,0.0003034350520465523
7650,39173120,0,32,3.2,21,0.00015563493070658296,0.000293537974357605
7650,39173120,0,32,3.2,22,0.0001556781935505569,0.00028579417266882956
7650,39173120,0,32,3.2,23,0.0001556228962726891,0.0002793209860101342
7650,39173120,0,32,3.2,24,0.00015569099923595786,0.0002756674075499177
7650,39173120,0,32,3.2,25,0.00015564938075840473,0.00027235466404818
7650,39173120,0,32,3.2,26,0.00015571180847473443,0.00027058683917857707
7650,39173120,0,32,3.2,27,0.00015564358909614384,0.000269614189164713
7650,39173120,0,32,3.2,28,0.00015559705207124352,0.000269080774160102
7650,39173120,0,32,3.2,29,0.0001558097283123061,0.0002690281835384667
7650,39173120,0,32,3.2,30,0.00015571930271107703,0.00026959090610034764
7650,39173120,0,32,3.2,31,0.00015554776473436505,0.0002699481265153736
7650,39173120,0,32,3.2,32,0.0001557142531964928,0.0002711149863898754
7700,39429120,0,32,3.2,0,0.00016503655933775008,0.002290386939421296
7700,39429120,0,32,3.2,1,0.00016479159239679575,0.0020437997300177813
7700,39429120,0,32,3.2,2,0.00016428230446763337,0.0018107170471921563
7700,39429120,0,32,3.2,3,0.00016397866420447826,0.0016061594942584634
7700,39429120,0,32,3.2,4,0.00016366886848118156,0.0014224781189113855
7700,39429120,0,32,3.2,5,0.00016363145550712943,0.0012627184623852372
7700,39429120,0,32,3.2,6,0.00016337803390342742,0.0011207062052562833
7700,39429120,0,32,3.2,7,0.00016311446961481124,0.0009983581257984042
7700,39429120,0,32,3.2,8,0.00016322745068464428,0.0008912753546610475
7700,39429120,0,32,3.2,9,0.00016310709179379046,0.0007955841720104218
7700,39429120,0,32,3.2,10,0.00016318756388500333,0.0007135815103538334
7700,39429120,0,32,3.2,11,0.00016308850899804384,0.0006424619350582361
7700,39429120,0,32,3.2,12,0.00016302357835229486,0.0005805543623864651
7700,39429120,0,32,3.2,13,0.00016285570745822042,0.0005276130978018045
7700,39429120,0,32,3.2,14,0.00016294127271976322,0.0004833285929635167
7700,39429120,0,32,3.2,15,0.00016278124530799687,0.0004441972414497286
7700,39429120,0,32,3.2,16,0.00016291506472043693,0.000411347602494061
7700,39429120,0,32,3.2,17,0.00016281844000332057,0.00038438107003457844
7700,39429120,0,32,3.2,18,0.00016295515524689108,0.00036136264679953456
7700,39429120,0,32,3.2,19,0.00016284290177281946,0.0003442334709689021
7700,39429120,0,32,3.2,20,0.0001628624158911407,0.00032954628113657236
7700,39429120,0,32,3.2,21,0.00016272910579573363,0.0003183182270731777
7700,39429120,0,32,3.2,22,0.000162854150403291,0.0003098863235209137
7700,39429120,0,32,3.2,23,0.00016276947280857712,0.0003032538224942982
7700,39429120,0,32,3.2,24,0.000162936034030281,0.00029874424217268825
7700,39429120,0,32,3.2,25,0.00016289131599478424,0.00029611331410706043
7700,39429120,0,32,3.2,26,0.00016287043399643153,0.00029337339219637215
7700,39429120,0,32,3.2,27,0.00016269752813968807,0.0002925029257312417
7700,39429120,0,32,3.2,28,0.00016281010175589472,0.00029172818176448345
7700,39429120,0,32,3.2,29,0.00016283130389638245,0.00029192896909080446
7700,39429120,0,32,3.2,30,0.00016292267537210137,0.00029219008865766227
7700,39429120,0,32,3.2,31,0.00016294763190671802,0.00029262795578688383
7700,39429120,0,32,3.2,32,0.00016294361557811499,0.0002937176323030144
7750,39685120,0,32,3.2,0,0.0004571596218738705,0.010296189226210117
7750,39685120,0,32,3.2,1,0.00044736877316609025,0.009031103923916817
7750,39685120,0,32,3.2,2,0.000439847499364987,0.007916273549199104
7750,39685120,0,32,3.2,3,0.00043366316822357476,0.006941307336091995
7750,39685120,0,32,3.2,4,0.0004292961675673723,0.006086747627705336
7750,39685120,0,32,3.2,5,0.00042590824887156487,0.005338477436453104
7750,39685120,0,32,3.2,6,0.0004233392246533185,0.0046851434744894505
7750,39685120,0,32,3.2,7,0.0004212570493109524,0.004112561699002981
7750,39685120,0,32,3.2,8,0.00041969731682911515,0.003610690124332905
7750,39685120,0,32,3.2,9,0.00041842719656415284,0.003171705175191164
7750,39685120,0,32,3.2,10,0.00041746869101189077,0.002787180943414569
7750,39685120,0,32,3.2,11,0.0004167503211647272,0.0024524815380573273
7750,39685120,0,32,3.2,12,0.0004160767130088061,0.0021587463561445475
7750,39685120,0,32,3.2,13,0.0004157792136538774,0.0019004677888005972
7750,39685120,0,32,3.2,14,0.0004151726025156677,0.0016775544499978423
7750,39685120,0,32,3.2,15,0.00041500391671434045,0.0014800195349380374
7750,39685120,0,32,3.2,16,0.0004145171260461211,0.0013091618893668056
7750,39685120,0,32,3.2,17,0.00041465144022367895,0.0011586754117161036
7750,39685120,0,32,3.2,18,0.0004145624116063118,0.00102898757904768
7750,39685120,0,32,3.2,19,0.0004144442791584879,0.0009152700658887625
7750,39685120,0,32,3.2,20,0.000414511829148978,0.0008181918528862298
7750,39685120,0,32,3.2,21,0.0004145316779613495,0.0007345600752159953
7750,39685120,0,32,3.2,22,0.0004143778351135552,0.0006616616155952215
7750,39685120,0,32,3.2,23,0.0004143743426539004,0.0006003875168971717
7750,39685120,0,32,3.2,24,0.0004142993129789829,0.0005486691952683032
7750,39685120,0,32,3.2,25,0.0004143199766986072,0.0005037684459239244
7750,39685120,0,32,3.2,26,0.00041414215229451656,0.0004669366462621838
7750,39685120,0,32,3.2,27,0.00041431759018450975,0.0004364729975350201
7750,39685120,0,32,3.2,28,0.00041424582013860345,0.00041220360435545444
7750,39685120,0,32,3.2,29,0.00041418970795348287,0.000392930640373379
7750,39685120,0,32,3.2,30,0.000414315756643191,0.0003766578156501055
7750,39685120,0,32,3.2,31,0.0004142268153373152,0.00036430972977541387
7750,39685120,0,32,3.2,32,0.0004142986435908824,0.0003555146395228803
7800,39941120,0,32,3.2,0,0.00037869514198973775,0.006118705030530691
7800,39941120,0,32,3.2,1,0.0003752807970158756,0.00525885634124279
7800,39941120,0,32,3.2,2,0.0003726031573023647,0.0045157540589571
7800,39941120,0,32,3.2,3,0.00037060683825984597,0.0038822623901069164
7800,39941120,0,32,3.2,4,0.0003693361359182745,0.00334491697140038
7800,39941120,0,32,3.2,5,0.0003682856622617692,0.002885141409933567
7800,39941120,0,32,3.2,6,0.00036761080264113843,0.00249204458668828
7800,39941120,0,32,3.2,7,0.0003671292506624013,0.0021576033905148506
7800,39941120,0,32,3.2,8,0.0003664450778160244,0.0018707775743678212
7800,39941120,0,32,3.2,9,0.000366040418157354,0.0016271608183160424
7800,39941120,0,32,3.2,10,0.0003661049413494766,0.001417006365954876
7800,39941120,0,32,3.2,11,0.0003658377972897142,0.0012370106996968389
7800,39941120,0,32,3.2,12,0.00036574481055140495,0.0010842274641618133
7800,39941120,0,32,3.2,13,0.000365542626241222,0.0009522998589091003
7800,39941120,0,32,3.2,14,0.0003655624750535935,0.0008417043136432767
7800,39941120,0,32,3.2,15,0.00036557106068357825,0.0007465392700396478
7800,39941120,0,32,3.2,16,0.0003654722240753472,0.0006653934251517057
7800,39941120,0,32,3.2,17,0.0003654179454315454,0.0005975007079541683
7800,39941120,0,32,3.2,18,0.00036512466613203287,0.0005415041232481599
7800,39941120,0,32,3.2,19,0.00036535062827169895,0.0004936743061989546
7800,39941120,0,32,3.2,20,0.00036512353108264506,0.00045417476212605834
7800,39941120,0,32,3.2,21,0.0003652461164165288,0.0004225651209708303
7800,39941120,0,32,3.2,22,0.00036522658774629235,0.00039832681068219244
7800,39941120,0,32,3.2,23,0.00036533412639983,0.0003785006992984563
7800,39941120,0,32,3.2,24,0.0003651347942650318,0.0003619874478317797
7800,39941120,0,32,3.2,25,0.00036528558121062815,0.00035027414560317993
7800,39941120,0,32,3.2,26,0.0003654637548606843,0.0003411787038203329
7800,39941120,0,32,3.2,27,0.0003652578452602029,0.0003345599689055234
7800,39941120,0,32,3.2,28,0.00036511715734377503,0.00032963394187390804
7800,39941120,0,32,3.2,29,0.0003652427112683654,0.0003257800708524883
7800,39941120,0,32,3.2,30,0.00036525828181765974,0.00032330965041182935
7800,39941120,0,32,3.2,31,0.00036514189559966326,0.0003223558596801013
7800,39941120,0,32,3.2,32,0.0003650997532531619,0.0003219425561837852
7850,40197120,0,32,3.2,0,0.0002008473820751533,0.0021009857300668955
7850,40197120,0,32,3.2,1,0.00020064837008249015,0.0018960360903292894
7850,40197120,0,32,3.2,2,0.00020016658527310938,0.001695670885965228
7850,40197120,0,32,3.2,3,0.0002000291715376079,0.001517210272140801
7850,40197120,0,32,3.2,4,0.00019981872173957527,0.0013550467556342483
7850,40197120,0,32,3.2,5,0.00019956530013587326,0.001213467214256525
7850,40197120,0,32,3.2,6,0.00019931695715058595,0.001085967174731195
7850,40197120,0,32,3.2,7,0.00019903152133338153,0.000973809277638793
7850,40197120,0,32,3.2,8,0.0001992888137465343,0.000877523678354919
7850,40197120,0,32,3.2,9,0.0001991982280742377,0.0007872433052398264
7850,40197120,0,32,3.2,10,0.00019893098215106875,0.0007111886516213417
7850,40197120,0,32,3.2,11,0.0001988546282518655,0.0006443482707254589
7850,40197120,0,32,3.2,12,0.00019899863400496542,0.0005855453782714903
7850,40197120,0,32,3.2,13,0.0001989634765777737,0.0005342841614037752
7850,40197120,0,32,3.2,14,0.00019930824055336416,0.0004900768981315196
7850,40197120,0,32,3.2,15,0.0001987974246731028,0.00045133320963941514
7850,40197120,0,32,3.2,16,0.00019885537039954215,0.0004178410745225847
7850,40197120,0,32,3.2,17,0.0001987131399801001,0.00039019258110783994
7850,40197120,0,32,3.2,18,0.0001989873417187482,0.0003673374012578279
7850,40197120,0,32,3.2,19,0.00019877837621606886,0.0003481796884443611
7850,40197120,0,32,3.2,20,0.0001987430005101487,0.0003327809099573642
7850,40197120,0,32,3.2,21,0.00019889033865183592,0.0003204414388164878
7850,40197120,0,32,3.2,22,0.00019869265088345855,0.0003106742224190384
7850,40197120,0,32,3.2,23,0.000198751877178438,0.0003030444495379925
7850,40197120,0,32,3.2,24,0.00019872072152793407,0.00029713375261053443
7850,40197120,0,32,3.2,25,0.00019868389063049108,0.0002931009221356362
7850,40197120,0,32,3.2,26,0.00019885854271706194,0.00029020910733379424
7850,40197120,0,32,3.2,27,0.00019875568978022784,0.00028792343800887465
7850,40197120,0,32,3.2,28,0.0001988049625651911,0.00028645366546697915
7850,40197120,0,32,3.2,29,0.00019886907830368727,0.00028605549596250057
7850,40197120,0,32,3.2,30,0.00019893779244739562,0.0002859259839169681
7850,40197120,0,32,3.2,31,0.000198844209080562,0.00028618707437999547
7850,40197120,0,32,3.2,32,0.00019899365724995732,0.00028686493169516325
7900,40453120,0,32,3.2,0,0.00017562475113663822,0.005009158980101347
7900,40453120,0,32,3.2,1,0.00017340316844638437,0.004361468832939863
7900,40453120,0,32,3.2,2,0.00017155932437162846,0.003789434675127268
7900,40453120,0,32,3.2,3,0.00017015854245983064,0.00329908961430192
7900,40453120,0,32,3.2,4,0.00016916987078730017,0.0028698337264358997
7900,40453120,0,32,3.2,5,0.00016838221927173436,0.002499035093933344
7900,40453120,0,32,3.2,6,0.00016776498523540795,0.002177502028644085
7900,40453120,0,32,3.2,7,0.00016741533181630075,0.0018994739511981606
7900,40453120,0,32,3.2,8,0.00016706218593753874,0.0016600035596638918
7900,40453120,0,32,3.2,9,0.00016685882292222232,0.001450335024856031
7900,40453120,0,32,3.2,10,0.00016663831775076687,0.0012703909305855632
7900,40453120,0,32,3.2,11,0.0001663656730670482,0.0011141846189275384
7900,40453120,0,32,3.2,12,0.00016638540546409786,0.0009782060515135527
7900,40453120,0,32,3.2,13,0.00016611083992756903,0.0008629397489130497
7900,40453120,0,32,3.2,14,0.00016607664292678237,0.000761995033826679
7900,40453120,0,32,3.2,15,0.00016622211842332035,0.0006748609594069421
7900,40453120,0,32,3.2,16,0.00016599931404925883,0.0006026691989973187
7900,40453120,0,32,3.2,17,0.00016599717491772026,0.0005403756513260305
7900,40453120,0,32,3.2,18,0.00016581937961746007,0.0004874044971074909
7900,40453120,0,32,3.2,19,0.00016613137267995626,0.00044370791874825954
7900,40453120,0,32,3.2,20,0.00016599151422269642,0.000407307903515175
7900,40453120,0,32,3.2,21,0.00016604858683422208,0.0003774850629270077
7900,40453120,0,32,3.2,22,0.00016589097504038364,0.00035407996620051563
7900,40453120,0,32,3.2,23,0.00016592745669186115,0.00033555534901097417
7900,40453120,0,32,3.2,24,0.0001660248526604846,0.00032038806239143014
7900,40453120,0,32,3.2,25,0.00016597314970567822,0.0003091616090387106
7900,40453120,0,32,3.2,26,0.00016593182226642966,0.0003006615152116865
7900,40453120,0,32,3.2,27,0.00016585769481025636,0.0002940253762062639
7900,40453120,0,32,3.2,28,0.00016586034325882792,0.0002894431527238339
7900,40453120,0,32,3.2,29,0.0001660477719269693,0.0002863161498680711
7900,40453120,0,32,3.2,30,0.00016598246293142438,0.0002852212346624583
7900,40453120,0,32,3.2,31,0.0001659406116232276,0.00028409057995304465
7900,40453120,0,32,3.2,32,0.00016609691374469548,0.000283689092611894
7950,40709120,0,32,3.2,0,0.0001045910466928035,0.00317842373624444
7950,40709120,0,32,3.2,1,0.0001033342196024023,0.0025530674029141665
7950,40709120,0,32,3.2,2,0.00010292936349287629,0.0020570794586092234
7950,40709120,0,32,3.2,3,0.00010247345198877156,0.0016747526824474335
7950,40709120,0,32,3.2,4,0.0001021056596073322,0.0013772322563454509
7950,40709120,0,32,3.2,5,0.0001021384887280874,0.0011386898113414645
7950,40709120,0,32,3.2,6,0.00010189627209911123,0.0009527404909022152
7950,40709120,0,32,3.2,7,0.00010181235847994685,0.0008095713565126061
7950,40709120,0,32,3.2,8,0.00010184261918766424,0.0006937436410225928
7950,40709120,0,32,3.2,9,0.00010177090007346123,0.0006023720488883555
7950,40709120,0,32,3.2,10,0.00010171062604058534,0.000530075456481427
7950,40709120,0,32,3.2,11,0.00010175559145864099,0.0004721710574813187
7950,40709120,0,32,3.2,12,0.0001017675967887044,0.0004250824567861855
7950,40709120,0,32,3.2,13,0.0001016449969029054,0.0003881366865243763
7950,40709120,0,32,3.2,14,0.00010165645653614774,0.000356093340087682
7950,40709120,0,32,3.2,15,0.0001015942107187584,0.00033052623621188104
7950,40709120,0,32,3.2,16,0.00010175426723435521,0.00031110484269447625
7950,40709120,0,32,3.2,17,0.00010166739957639948,0.0002949697955045849
7950,40709120,0,32,3.2,18,0.00010159715020563453,0.0002830586163327098
7950,40709120,0,32,3.2,19,0.00010167469008592889,0.00027339428197592497
7950,40709120,0,32,3.2,20,0.00010159628436667845,0.0002656403521541506
7950,40709120,0,32,3.2,21,0.00010175179340876639,0.0002605707850307226
7950,40709120,0,32,3.2,22,0.00010158934310311452,0.00025654389173723757
7950,40709120,0,32,3.2,23,0.00010178095544688404,0.0002545625320635736
7950,40709120,0,32,3.2,24,0.0001016683381749317,0.0002527341421227902
7950,40709120,0,32,3.2,25,0.000101653509773314,0.000252069003181532
7950,40709120,0,32,3.2,26,0.00010158623626921326,0.00025142819504253566
7950,40709120,0,32,3.2,27,0.00010169930465053767,0.0002519473491702229
7950,40709120,0,32,3.2,28,0.00010151765309274197,0.00025250058388337493
7950,40709120,0,32,3.2,29,0.00010157206270378083,0.00025303789880126715
7950,40709120,0,32,3.2,30,0.00010154057235922664,0.0002538663102313876
7950,40709120,0,32,3.2,31,0.00010166920401388779,0.0002551971119828522
7950,40709120,0,32,3.2,32,0.00010172026668442413,0.0002564935712143779
8000,40965120,0,32,3.2,0,0.0002535895036999136,0.0036535519175231457
8000,40965120,0,32,3.2,1,0.0002523353905417025,0.0032907838467508554
8000,40965120,0,32,3.2,2,0.0002511766506358981,0.0029557866510003805
8000,40965120,0,32,3.2,3,0.00025050650583580136,0.002656660508364439
8000,40965120,0,32,3.2,4,0.00024996031424961984,0.0023862305097281933
8000,40965120,0,32,3.2,5,0.0002491680788807571,0.002143881982192397
8000,40965120,0,32,3.2,6,0.0002489280595909804,0.0019276565872132778
8000,40965120,0,32,3.2,7,0.00024849706096574664,0.0017341093625873327
8000,40965120,0,32,3.2,8,0.0002481812844052911,0.00156169175170362
8000,40965120,0,32,3.2,9,0.0002478232199791819,0.0014051527250558138
8000,40965120,0,32,3.2,10,0.0002477233065292239,0.001266887062229216
8000,40965120,0,32,3.2,11,0.0002475179499015212,0.001144119189120829
8000,40965120,0,32,3.2,12,0.00024756629136390984,0.0010324810864403844
8000,40965120,0,32,3.2,13,0.0002474822395015508,0.0009340989054180682
8000,40965120,0,32,3.2,14,0.00024737018975429237,0.000846537877805531
8000,40965120,0,32,3.2,15,0.00024729862343519926,0.0007681128336116672
8000,40965120,0,32,3.2,16,0.0002471829648129642,0.0006993552087806165
8000,40965120,0,32,3.2,17,0.0002470855542924255,0.0006388117326423526
8000,40965120,0,32,3.2,18,0.00024725182447582483,0.000584052933845669
8000,40965120,0,32,3.2,19,0.00024707859847694635,0.0005384247051551938
8000,40965120,0,32,3.2,20,0.0002471079060342163,0.0004971600719727576
8000,40965120,0,32,3.2,21,0.00024709361605346203,0.0004619436804205179
8000,40965120,0,32,3.2,22,0.00024693587329238653,0.00043212209129706025
8000,40965120,0,32,3.2,23,0.00024704597308300436,0.00040703878039494157
8000,40965120,0,32,3.2,24,0.00024720438523218036,0.0003845259780064225
8000,40965120,0,32,3.2,25,0.00024713389575481415,0.0003661816590465605
8000,40965120,0,32,3.2,26,0.00024732042220421135,0.0003517565201036632
8000,40965120,0,32,3.2,27,0.00024710746947675943,0.0003395168751012534
8000,40965120,0,32,3.2,28,0.00024686806136742234,0.000329810194671154
8000,40965120,0,32,3.2,29,0.000246955722104758,0.000321388419251889
8000,40965120,0,32,3.2,30,0.00024708491400815547,0.00031538528855890036
8000,40965120,0,32,3.2,31,0.000247178046265617,0.0003105357172898948
8000,40965120,0,32,3.2,32,0.00024696681066416204,0.0003073100233450532
8050,41221120,0,32,3.2,0,0.0001553557813167572,0.002116425894200802
8050,41221120,0,32,3.2,1,0.0001548307918710634,0.0019084973027929664
8050,41221120,0,32,3.2,2,0.00015467956836801022,0.0017071060137823224
8050,41221120,0,32,3.2,3,0.00015436018293257803,0.0015274923061951995
8050,41221120,0,32,3.2,4,0.00015413462824653834,0.0013659200631082058
8050,41221120,0,32,3.2,5,0.0001540259545436129,0.0012232508743181825
8050,41221120,0,32,3.2,6,0.00015387445455417037,0.0010955585166811943
8050,41221120,0,32,3.2,7,0.00015382803394459188,0.0009832235518842936
8050,41221120,0,32,3.2,8,0.0001533534814370796,0.0008846749551594257
8050,41221120,0,32,3.2,9,0.00015356346557382494,0.0007937127375043929
8050,41221120,0,32,3.2,10,0.0001534202165203169,0.0007166113937273622
8050,41221120,0,32,3.2,11,0.0001532339956611395,0.0006488491781055927
8050,41221120,0,32,3.2,12,0.0001534575567347929,0.0005892739864066243
8050,41221120,0,32,3.2,13,0.000153349174070172,0.0005364586832001805
8050,41221120,0,32,3.2,14,0.00015352945774793625,0.0004913711454719305
8050,41221120,0,32,3.2,15,0.0001534925977466628,0.00045183696784079075
8050,41221120,0,32,3.2,16,0.00015315685595851392,0.000417783361626789
8050,41221120,0,32,3.2,17,0.00015327660366892815,0.00038954062620177865
8050,41221120,0,32,3.2,18,0.0001531558664282784,0.00036508654011413455
8050,41221120,0,32,3.2,19,0.0001532190217403695,0.0003454958205111325
8050,41221120,0,32,3.2,20,0.00015331653412431479,0.0003290620807092637
8050,41221120,0,32,3.2,21,0.00015323499974329025,0.00031556643079966307
8050,41221120,0,32,3.2,22,0.0001531231973785907,0.0003050778468605131
8050,41221120,0,32,3.2,23,0.00015320706006605178,0.000296859914669767
8050,41221120,0,32,3.2,24,0.00015333987539634109,0.0002906424051616341
8050,41221120,0,32,3.2,25,0.00015328606241382658,0.0002861719694919884
8050,41221120,0,32,3.2,26,0.0001531087327748537,0.0002827542775776237
8050,41221120,0,32,3.2,27,0.00015329185407608747,0.0002805971016641706
8050,41221120,0,32,3.2,28,0.00015311475726775825,0.00027881015557795763
8050,41221120,0,32,3.2,29,0.00015319837257266045,0.0002785073302220553
8050,41221120,0,32,3.2,30,0.00015323558181989938,0.0002774311287794262
8050,41221120,0,32,3.2,31,0.00015326248831115663,0.0002780462382361293
8050,41221120,0,32,3.2,32,0.00015324664127547294,0.0002784038078971207
8100,41477120,0,32,3.2,0,0.0002577896520961076,0.002183088567107916
8100,41477120,0,32,3.2,1,0.0002572580415289849,0.0019762367010116577
8100,41477120,0,32,3.2,2,0.00025686738081276417,0.001769423601217568
8100,41477120,0,32,3.2,3,0.0002566050970926881,0.0015853620134294033
8100,41477120,0,32,3.2,4,0.00025636126520112157,0.0014186309417709708
8100,41477120,0,32,3.2,5,0.0002561108267400414,0.0012727846624329686
8100,41477120,0,32,3.2,6,0.00025597380590625107,0.001141581335105002
8100,41477120,0,32,3.2,7,0.00025589100550860167,0.0010263031581416726
8100,41477120,0,32,3.2,8,0.0002557685656938702,0.0009266557171940804
8100,41477120,0,32,3.2,9,0.0002557658590376377,0.0008330115233547986
8100,41477120,0,32,3.2,10,0.0002556830586399883,0.0007543612155131996
8100,41477120,0,32,3.2,11,0.0002555896935518831,0.0006851282087154686
8100,41477120,0,32,3.2,12,0.0002557502593845129,0.0006238448549993336
8100,41477120,0,32,3.2,13,0.0002556515973992646,0.0005701020127162337
8100,41477120,0,32,3.2,14,0.0002555300889071077,0.0005243608029559255
8100,41477120,0,32,3.2,15,0.00025555776664987206,0.0004836451553273946
8100,41477120,0,32,3.2,16,0.0002553680387791246,0.0004493498709052801
8100,41477120,0,32,3.2,17,0.0002554624225012958,0.0004203200223855674
8100,41477120,0,32,3.2,18,0.00025549368001520634,0.00039551928057335317
8100,41477120,0,32,3.2,19,0.00025569539866410196,0.0003752556222025305
8100,41477120,0,32,3.2,20,0.0002554084057919681,0.00035881719668395817
8100,41477120,0,32,3.2,21,0.00025550968712195754,0.00034563703229650855
8100,41477120,0,32,3.2,22,0.0002556342224124819,0.0003351315972395241
8100,41477120,0,32,3.2,23,0.00025539781199768186,0.0003266270796302706
8100,41477120,0,32,3.2,24,0.000255292427027598,0.0003207059926353395
8100,41477120,0,32,3.2,25,0.0002555374812800437,0.00031591206789016724
8100,41477120,0,32,3.2,26,0.0002553833182901144,0.0003125819785054773
8100,41477120,0,32,3.2,27,0.00025549487327225506,0.00030982878524810076
8100,41477120,0,32,3.2,28,0.00025525529053993523,0.0003085604985244572
8100,41477120,0,32,3.2,29,0.00025543264928273857,0.0003078755980823189
8100,41477120,0,32,3.2,30,0.0002553835220169276,0.0003076584544032812
8100,41477120,0,32,3.2,31,0.00025536527391523123,0.00030789218726567924
8100,41477120,0,32,3.2,32,0.0002553315134719014,0.00030843354761600494
8150,41733120,0,32,3.2,0,0.00015183385403361171,0.0015650682616978884
8150,41733120,0,32,3.2,1,0.00015173085557762533,0.0014171163784340024
8150,41733120,0,32,3.2,2,0.0001515052717877552,0.001267021638341248
8150,41733120,0,32,3.2,3,0.0001513312745373696,0.001133981510065496
8150,41733120,0,32,3.2,4,0.00015124536002986133,0.0010131162125617266
8150,41733120,0,32,3.2,5,0.00015111199172679335,0.0009083909681066871
8150,41733120,0,32,3.2,6,0.00015120842726901174,0.0008152758236974478
8150,41733120,0,32,3.2,7,0.00015086556959431618,0.0007334466790780425
8150,41733120,0,32,3.2,8,0.000151114581967704,0.0006639091880060732
8150,41733120,0,32,3.2,9,0.00015073400572873652,0.000598332320805639
8150,41733120,0,32,3.2,10,0.0001508542918600142,0.0005442262045107782
8150,41733120,0,32,3.2,11,0.00015075971896294504,0.0004975417978130281
8150,41733120,0,32,3.2,12,0.00015075936971697956,0.00045723115908913314
8150,41733120,0,32,3.2,13,0.00015085001359693706,0.00042130917427130044
8150,41733120,0,32,3.2,14,0.00015078902652021497,0.00039202647167257965
8150,41733120,0,32,3.2,15,0.00015083588368725032,0.00036565499613061547
8150,41733120,0,32,3.2,16,0.00015077875286806375,0.00034457340370863676
8150,41733120,0,32,3.2,17,0.00015073790564201772,0.00032708721118979156
8150,41733120,0,32,3.2,18,0.00015082466416060925,0.00031277729431167245
8150,41733120,0,32,3.2,19,0.00015070474182721227,0.00030132263782434165
8150,41733120,0,32,3.2,20,0.00015077058924362063,0.0002925184671767056
8150,41733120,0,32,3.2,21,0.00015078096475917846,0.0002856166393030435
8150,41733120,0,32,3.2,22,0.00015067831554915756,0.0002804337127599865
8150,41733120,0,32,3.2,23,0.00015077952411957085,0.00027679846971295774
8150,41733120,0,32,3.2,24,0.00015064020408317447,0.00027401166153140366
8150,41733120,0,32,3.2,25,0.00015075196279212832,0.00027239808696322143
8150,41733120,0,32,3.2,26,0.00015079531294759363,0.0002714358561206609
8150,41733120,0,32,3.2,27,0.00015077956777531654,0.00027115107513964176
8150,41733120,0,32,3.2,28,0.00015085622726473957,0.00027124598273076117
8150,41733120,0,32,3.2,29,0.0001508139685029164,0.00027147337095811963
8150,41733120,0,32,3.2,30,0.00015076172712724656,0.00027183140628039837
8150,41733120,0,32,3.2,31,0.0001507682172814384,0.00027347836294211447
8150,41733120,0,32,3.2,32,0.0001508152054157108,0.0002742146316450089
8200,41989120,0,32,3.2,0,8.554134547011927e-05,0.0009717806242406368
8200,41989120,0,32,3.2,1,8.516716479789466e-05,0.0008889117743819952
8200,41989120,0,32,3.2,2,8.516476373188198e-05,0.0007977423956617713
8200,41989120,0,32,3.2,3,8.527692989446223e-05,0.0007154002087190747
8200,41989120,0,32,3.2,4,8.503516437485814e-05,0.0006401780410669744
8200,41989120,0,32,3.2,5,8.496335067320615e-05,0.0005745480302721262
8200,41989120,0,32,3.2,6,8.518859976902604e-05,0.00051604222971946
8200,41989120,0,32,3.2,7,8.50098003866151e-05,0.00046659985673613846
8200,41989120,0,32,3.2,8,8.498196257278323e-05,0.0004248958721291274
8200,41989120,0,32,3.2,9,8.502045966451988e-05,0.0003856568946503103
8200,41989120,0,32,3.2,10,8.480929682264104e-05,0.0003544385835994035
8200,41989120,0,32,3.2,11,8.494958456140012e-05,0.000327848392771557
8200,41989120,0,32,3.2,12,8.515281660947949e-05,0.0003060037561226636
8200,41989120,0,32,3.2,13,8.501426054863259e-05,0.00028758752159774303
8200,41989120,0,32,3.2,14,8.511244232067838e-05,0.00027227881946600974
8200,41989120,0,32,3.2,15,8.489187894156203e-05,0.00025977229233831167
8200,41989120,0,32,3.2,16,8.500077819917351e-05,0.0002502390998415649
8200,41989120,0,32,3.2,17,8.500525291310623e-05,0.0002427915605949238
8200,41989120,0,32,3.2,18,8.486794104101136e-05,0.00023711448011454195
8200,41989120,0,32,3.2,19,8.484114368911833e-05,0.0002332205040147528
8200,41989120,0,32,3.2,20,8.486794831696898e-05,0.00023018926731310785
8200,41989120,0,32,3.2,21,8.490584878018126e-05,0.00022875894501339644
8200,41989120,0,32,3.2,22,8.503318531438708e-05,0.00022780365543439984
8200,41989120,0,32,3.2,23,8.488147432217374e-05,0.0002276184968650341
8200,41989120,0,32,3.2,24,8.502465789206326e-05,0.00022750216885469854
8200,41989120,0,32,3.2,25,8.506573067279533e-05,0.00022847438231110573
8200,41989120,0,32,3.2,26,8.487173909088597e-05,0.00022895276197232306
8200,41989120,0,32,3.2,27,8.502024866174906e-05,0.00023016623163130134
8200,41989120,0,32,3.2,28,8.498156239511445e-05,0.00023132591741159558
8200,41989120,0,32,3.2,29,8.477827941533178e-05,0.0002329138806089759
8200,41989120,0,32,3.2,30,8.488513412885368e-05,0.0002342151856282726
8200,41989120,0,32,3.2,31,8.504505967721343e-05,0.00023530927137471735
8200,41989120,0,32,3.2,32,8.492270717397332e-05,0.00023702066391706467
8250,42245120,0,32,3.2,0,0.00016192298789974302,0.0016846988582983613
8250,42245120,0,32,3.2,1,0.00016150013834703714,0.001527426647953689
8250,42245120,0,32,3.2,2,0.0001613488857401535,0.001369849662296474
8250,42245120,0,32,3.2,3,0.00016111166041810066,0.0012292827013880014
8250,42245120,0,32,3.2,4,0.00016099467757157981,0.001101423637010157
8250,42245120,0,32,3.2,5,0.00016076237079687417,0.0009892793605104089
8250,42245120,0,32,3.2,6,0.0001607938902452588,0.0008886386640369892
8250,42245120,0,32,3.2,7,0.0001607586891623214,0.000799883040599525
8250,42245120,0,32,3.2,8,0.00016069751291070133,0.0007227488094940782
8250,42245120,0,32,3.2,9,0.00016070702986326069,0.0006513645057566464
8250,42245120,0,32,3.2,10,0.0001605306169949472,0.0005913080531172454
8250,42245120,0,32,3.2,11,0.00016062978829722852,0.0005387825658544898
8250,42245120,0,32,3.2,12,0.0001605226716492325,0.0004926985129714012
8250,42245120,0,32,3.2,13,0.00016041674825828522,0.00045208499068394303
8250,42245120,0,32,3.2,14,0.000160666459123604,0.00041773414704948664
8250,42245120,0,32,3.2,15,0.00016052002320066094,0.00038788700476288795
8250,42245120,0,32,3.2,16,0.00016049067198764533,0.0003626076504588127
8250,42245120,0,32,3.2,17,0.00016052296268753707,0.00034160257200710475
8250,42245120,0,32,3.2,18,0.00016042230708990246,0.00032430823193863034
8250,42245120,0,32,3.2,19,0.0001604500866960734,0.000310064060613513
8250,42245120,0,32,3.2,20,0.0001605992583790794,0.0002989846980199218
8250,42245120,0,32,3.2,21,0.00016050104750320315,0.00028969874256290495
8250,42245120,0,32,3.2,22,0.00016040798800531775,0.00028297159587964416
8250,42245120,0,32,3.2,23,0.0001604505378054455,0.0002781114599201828
8250,42245120,0,32,3.2,24,0.000160346768097952,0.0002742275537457317
8250,42245120,0,32,3.2,25,0.0001603488199179992,0.0002715508744586259
8250,42245120,0,32,3.2,26,0.00016038786270655692,0.00026907247956842184
8250,42245120,0,32,3.2,27,0.00016040779883041978,0.00026843094383366406
8250,42245120,0,32,3.2,28,0.0001604314020369202,0.00026805640663951635
8250,42245120,0,32,3.2,29,0.00016055363812483847,0.0002678536402527243
8250,42245120,0,32,3.2,30,0.00016044825315475464,0.00026830899878405035
8250,42245120,0,32,3.2,31,0.00016038029571063817,0.0002684410137590021
8250,42245120,0,32,3.2,32,0.00016057938046287745,0.0002698215248528868
8300,42501120,0,32,3.2,0,0.00047095498302951455,0.020729299634695053
8300,42501120,0,32,3.2,1,0.000431683351052925,0.01714996248483658
8300,42501120,0,32,3.2,2,0.0004048759292345494,0.01402580551803112
8300,42501120,0,32,3.2,3,0.00038695489638485014,0.011417689733207226
8300,42501120,0,32,3.2,4,0.00037518577300943434,0.009281436912715435
8300,42501120,0,32,3.2,5,0.0003674783220048994,0.007550434209406376
8300,42501120,0,32,3.2,6,0.00036232767160981894,0.006159702315926552
8300,42501120,0,32,3.2,7,0.0003588580584619194,0.005029922351241112
8300,42501120,0,32,3.2,8,0.00035671531804837286,0.004117823205888271
8300,42501120,0,32,3.2,9,0.00035519988159649074,0.003380481619387865
8300,42501120,0,32,3.2,10,0.00035392545396462083,0.002778886817395687
8300,42501120,0,32,3.2,11,0.0003532787086442113,0.0022894740104675293
8300,42501120,0,32,3.2,12,0.0003527927037794143,0.0018966320203617215
8300,42501120,0,32,3.2,13,0.0003524109488353133,0.0015721875242888927
8300,42501120,0,32,3.2,14,0.0003522748302202672,0.001309397746808827
8300,42501120,0,32,3.2,15,0.00035215975367464125,0.0010980063816532493
8300,42501120,0,32,3.2,16,0.0003518418234307319,0.0009235396282747388
8300,42501120,0,32,3.2,17,0.0003518387966323644,0.0007829117239452899
8300,42501120,0,32,3.2,18,0.0003517754084896296,0.0006692404276691377
8300,42501120,0,32,3.2,19,0.000351781549397856,0.0005789900314994156
8300,42501120,0,32,3.2,20,0.0003517813456710428,0.0005065141594968736
8300,42501120,0,32,3.2,21,0.000351809139829129,0.0004495194589253515
8300,42501120,0,32,3.2,22,0.00035184825537726283,0.00040690888999961317
8300,42501120,0,32,3.2,23,0.0003518497396726161,0.0003723883128259331
8300,42501120,0,32,3.2,24,0.00035152328200638294,0.00034490192774683237
8300,42501120,0,32,3.2,25,0.0003517119912430644,0.00032694119727239013
8300,42501120,0,32,3.2,26,0.00035171720082871616,0.00031196468626149
8300,42501120,0,32,3.2,27,0.0003519259626045823,0.00030273094307631254
8300,42501120,0,32,3.2,28,0.00035183964064344764,0.0002955964009743184
8300,42501120,0,32,3.2,29,0.00035170785849913955,0.0002901545667555183
8300,42501120,0,32,3.2,30,0.00035185040906071663,0.00028699205722659826
8300,42501120,0,32,3.2,31,0.0003517719160299748,0.00028479285538196564
8300,42501120,0,32,3.2,32,0.00035164496512152255,0.00028463162016123533
8350,42757120,0,32,3.2,0,0.0013185698771849275,0.006464434787631035
8350,42757120,0,32,3.2,1,0.0013147576246410608,0.005797369871288538
8350,42757120,0,32,3.2,2,0.0013114839093759656,0.005195209290832281
8350,42757120,0,32,3.2,3,0.001308935577981174,0.004659178201109171
8350,42757120,0,32,3.2,4,0.0013067983090877533,0.004176895134150982
8350,42757120,0,32,3.2,5,0.001305229845456779,0.003746859962120652
8350,42757120,0,32,3.2,6,0.0013039357727393508,0.0033606274519115686
8350,42757120,0,32,3.2,7,0.001302578253671527,0.003015446476638317
8350,42757120,0,32,3.2,8,0.001301813405007124,0.0027084185276180506
8350,42757120,0,32,3.2,9,0.0013014361029490829,0.0024287812411785126
8350,42757120,0,32,3.2,10,0.001300716889090836,0.0021818431559950113
8350,42757120,0,32,3.2,11,0.0013001376064494252,0.001960525754839182
8350,42757120,0,32,3.2,12,0.0012997443554922938,0.0017627868801355362
8350,42757120,0,32,3.2,13,0.0012995203724130988,0.00158497947268188
8350,42757120,0,32,3.2,14,0.0012994719436392188,0.0014277130831032991
8350,42757120,0,32,3.2,15,0.0012991601834073663,0.0012863799929618835
8350,42757120,0,32,3.2,16,0.0012990147806704044,0.001160446903668344
8350,42757120,0,32,3.2,17,0.001299071591347456,0.001049364567734301
8350,42757120,0,32,3.2,18,0.0012986392248421907,0.000949616136495024
8350,42757120,0,32,3.2,19,0.0012986126821488142,0.00086198904318735
8350,42757120,0,32,3.2,20,0.0012987637892365456,0.0007846636581234634
8350,42757120,0,32,3.2,21,0.0012986497022211552,0.0007166851428337395
8350,42757120,0,32,3.2,22,0.0012986172223463655,0.0006574303843080997
8350,42757120,0,32,3.2,23,0.0012986644869670272,0.0006053790566511452
8350,42757120,0,32,3.2,24,0.0012986036017537117,0.0005608845967799425
8350,42757120,0,32,3.2,25,0.0012985077919438481,0.0005221950123086572
8350,42757120,0,32,3.2,26,0.0012985278153792024,0.0004904161323793232
8350,42757120,0,32,3.2,27,0.0012985648354515433,0.0004618169041350484
8350,42757120,0,32,3.2,28,0.0012984180357307196,0.00043899589218199253
8350,42757120,0,32,3.2,29,0.001298306742683053,0.0004209377511870116
8350,42757120,0,32,3.2,30,0.0012984146596863866,0.0004050909774377942
8350,42757120,0,32,3.2,31,0.0012983909109607339,0.0003922042087651789
8350,42757120,0,32,3.2,32,0.0012983162887394428,0.00038232567021623254
8400,43013120,0,64,6.4,0,9.765263530425727e-05,0.002248926553875208
8400,43013120,0,64,6.4,1,9.725058771437034e-05,0.0020007980056107044
8400,43013120,0,64,6.4,2,9.658532508183271e-05,0.0017715028952807188
8400,43013120,0,64,6.4,3,9.64954451774247e-05,0.0015674656024202704
8400,43013120,0,64,6.4,4,9.61144978646189e-05,0.001386835239827633
8400,43013120,0,64,6.4,5,9.607928950572386e-05,0.001228957436978817
8400,43013120,0,64,6.4,6,9.600485645933077e-05,0.0010902287904173136
8400,43013120,0,64,6.4,7,9.574139403412119e-05,0.000969173910561949
8400,43013120,0,64,6.4,8,9.567100642016158e-05,0.0008635806734673679
8400,43013120,0,64,6.4,9,9.562810737406835e-05,0.0007687854813411832
8400,43013120,0,64,6.4,10,9.562975174048916e-05,0.0006872998201288283
8400,43013120,0,64,6.4,11,9.55104042077437e-05,0.0006175019079819322
8400,43013120,0,64,6.4,12,9.554274583933875e-05,0.0005542217404581606
8400,43013120,0,64,6.4,13,9.556442819302902e-05,0.0005016082432121038
8400,43013120,0,64,6.4,14,9.535143180983141e-05,0.00045559467980638146
8400,43013120,0,64,6.4,15,9.541749022901058e-05,0.00041642080759629607
8400,43013120,0,64,6.4,16,9.532837430015206e-05,0.00038250480429269373
8400,43013120,0,64,6.4,17,9.552345727570355e-05,0.00035474749165587127
8400,43013120,0,64,6.4,18,9.544306522002444e-05,0.0003312529588583857
8400,43013120,0,64,6.4,19,9.543223131913692e-05,0.000312195741571486
8400,43013120,0,64,6.4,20,9.529548697173595e-05,0.00029620237182825804
8400,43013120,0,64,6.4,21,9.542362386127934e-05,0.0002839272783603519
8400,43013120,0,64,6.4,22,9.537951700622216e-05,0.0002739954215940088
8400,43013120,0,64,6.4,23,9.542090265313163e-05,0.0002660565369296819
8400,43013120,0,64,6.4,24,9.551036782795563e-05,0.00026085777790285647
8400,43013120,0,64,6.4,25,9.538190352031961e-05,0.00025677107623778284
8400,43013120,0,64,6.4,26,9.542002953821793e-05,0.00025330635253340006
8400,43013120,0,64,6.4,27,9.53799972194247e-05,0.00025196681963279843
8400,43013120,0,64,6.4,28,9.531911200610921e-05,0.0002506515011191368
8400,43013120,0,64,6.4,29,9.537308505969122e-05,0.00025008624652400613
8400,43013120,0,64,6.4,30,9.53900016611442e-05,0.0002503898285795003
8400,43013120,0,64,6.4,31,9.53055641730316e-05,0.0002504616277292371
8400,43013120,0,64,6.4,32,9.533698175800964e-05,0.00025057006860151887
8400,43013120,0,64,6.4,33,9.532023250358179e-05,0.00025159562937915325
8400,43013120,0,64,6.4,34,9.52596528804861e-05,0.00025211056345142424
8400,43013120,0,64,6.4,35,9.532883996143937e-05,0.00025373310199938715
8400,43013120,0,64,6.4,36,9.543057240080088e-05,0.0002541676803957671
8400,43013120,0,64,6.4,37,9.528095688438043e-05,0.000255265214946121
8400,43013120,0,64,6.4,38,9.550108370603994e-05,0.000256889674346894
8400,43013120,0,64,6.4,39,9.535343997413293e-05,0.0002575060643721372
8400,43013120,0,64,6.4,40,9.541741746943444e-05,0.0002585521142464131
8400,43013120,0,64,6.4,41,9.541779581923038e-05,0.00025959310005418956
8400,43013120,0,64,6.4,42,9.540376049699262e-05,0.0002608402573969215
8400,43013120,0,64,6.4,43,9.551085531711578e-05,0.00026170938508585095
8400,43013120,0,64,6.4,44,9.543418127577752e-05,0.0002632947580423206
8400,43013120,0,64,6.4,45,9.536915604257956e-05,0.00026386676472611725
8400,43013120,0,64,6.4,46,9.531163232168183e-05,0.0002652329858392477
8400,43013120,0,64,6.4,47,9.526697976980358e-05,0.0002659023448359221
8400,43013120,0,64,6.4,48,9.537935693515465e-05,0.00026650362997315824
8400,43013120,0,64,6.4,49,9.521753236185759e-05,0.00026761804474517703
8400,43013120,0,64,6.4,50,9.531907562632114e-05,0.0002683083002921194
8400,43013120,0,64,6.4,51,9.536462312098593e-05,0.00026976014487445354
8400,43013120,0,64,6.4,52,9.52130721998401e-05,0.0002702625351957977
8400,43013120,0,64,6.4,53,9.539899474475533e-05,0.0002708701940719038
8400,43013120,0,64,6.4,54,9.557622252032161e-05,0.0002717933675739914
8400,43013120,0,64,6.4,55,9.534191485727206e-05,0.000272244680672884
8400,43013120,0,64,6.4,56,9.534176206216216e-05,0.0002732384600676596
8400,43013120,0,64,6.4,57,9.535171557217836e-05,0.00027395851793698967
8400,43013120,0,64,6.4,58,9.561533806845546e-05,0.00027439091354608536
8400,43013120,0,64,6.4,59,9.56051007960923e-05,0.00027512243832461536
8400,43013120,0,64,6.4,60,9.550213871989399e-05,0.0002756668836809695
8400,43013120,0,64,6.4,61,9.550272079650313e-05,0.000276475737337023
8400,43013120,0,64,6.4,62,9.543508349452168e-05,0.00027744771796278656
8400,43013120,0,64,6.4,63,9.548322850605473e-05,0.00027777565992437303
8400,43013120,0,64,6.4,64,9.522971231490374e-05,0.00027848020545206964
